<?xml version="1.0" encoding="UTF-8" ?><!DOCTYPE dokumente SYSTEM "http://www.gesetze-im-internet.de/dtd/1.01/gii-norm.dtd">
<dokumente builddate="20161028221051" doknr="BJNR218000016"><norm builddate="20161028221051" doknr="BJNR218000016"><metadaten><jurabk>OstseeSHNSGBefV</jurabk><amtabk>OstseeSHNSGBefV</amtabk><ausfertigung-datum manuell="ja">2016-09-27</ausfertigung-datum><fundstelle typ="amtlich"><periodikum>BGBl I</periodikum><zitstelle>2016, 2180</zitstelle></fundstelle><kurzue>Ostsee-Schleswig-Holstein-Naturschutzgebietsbefahrensverordnung</kurzue><langue>Verordnung über das Befahren von Bundeswasserstraßen in bestimmten schleswig-holsteinischen Naturschutzgebieten im Bereich der Ostsee</langue></metadaten><textdaten><fussnoten><Content><P><BR/> <pre xml:space="preserve">(+++ Textnachweis ab: 1.10.2016 +++)<BR/>(+++ Zur Anwendung vgl. § 2 Abs. 1, 2 u. 3 +++)<BR/><BR/></pre></P></Content></fussnoten></textdaten></norm>
<norm builddate="20161028221051" doknr="BJNR218000016BJNE000100000"><metadaten><jurabk>OstseeSHNSGBefV</jurabk><enbez>Eingangsformel</enbez></metadaten><textdaten><text format="XML"><Content><P>Auf Grund des § 5 Satz 3 des Bundeswasserstraßengesetzes in der Fassung der Bekanntmachung vom 23. Mai 2007 (BGBl. I S. 962; 2008 I S. 1980), der durch Artikel 522 Nummer 2 der Verordnung vom 31. August 2015 (BGBl. I S. 1474) geändert worden ist, verordnet das Bundesministerium für Verkehr und digitale Infrastruktur im Einvernehmen mit dem Bundesministerium für Umwelt, Naturschutz, Bau und Reaktorsicherheit:</P></Content></text></textdaten></norm>
<norm builddate="20161028221051" doknr="BJNR218000016BJNE000200000"><metadaten><jurabk>OstseeSHNSGBefV</jurabk><enbez>§ 1</enbez><titel format="XML">Befahrensregelungen</titel></metadaten><textdaten><text format="XML"><Content><P>(1) Im Bereich des Naturschutzgebietes „Dassower See, Inseln Buchhorst und Graswerder (Plönswerder)“ ist es untersagt, die in Lageplan 1 gekennzeichnete Sperrzone zu befahren.</P><P>(2) Im Bereich des Naturschutzgebietes „Halbinsel Holnis“ ist es untersagt, die in Lageplan 2 gekennzeichnete Sperrzone zu befahren.</P><P>(3) Im Bereich des Naturschutzgebietes „Geltinger Birk“ ist es untersagt, die in Lageplan 3 gekennzeichnete Sperrzone zu befahren.</P><P>(4) Im Bereich des Naturschutzgebietes „Schleimündung“ ist es untersagt, <DL Type="arabic"><DT>1.</DT><DD Font="normal"><LA>die in Lageplan 4 gekennzeichnete Schutzzone 1 (Schleihaff) zu befahren;</LA></DD><DT>2.</DT><DD Font="normal"><LA>die in Lageplan 4 gekennzeichnete Schutzzone 2 (Küstenstreifen) zu befahren;</LA></DD><DT>3.</DT><DD Font="normal"><LA>die in Lageplan 4 gekennzeichnete Schutzzone 3 (Ostsee-Flachwassergebiet) in der Zeit vom 1. November bis zum 31. März mit Motorbooten, Wassermotorrädern, Windsurfgeräten und Kitesurfgeräten zu befahren.</LA></DD></DL></P><P>(5) Im Bereich des Naturschutzgebietes „Schwansener See“ ist es untersagt, in der Zeit vom 1. April bis zum 30. September die in Lageplan 5 gekennzeichnete Sperrzone zu befahren.</P><P>(6) Im Bereich des Naturschutzgebietes „Bottsand“ ist es untersagt, die in Lageplan 6 gekennzeichnete Sperrzone zu befahren.</P><P>(7) Im Bereich des Naturschutzgebietes „Sehlendorfer Binnensee und Umgebung“ ist es untersagt, die in Lageplan 7 gekennzeichnete Sperrzone zu befahren.</P><P>(8) Im Bereich des Naturschutzgebietes „Graswarder/Heiligenhafen“ ist es untersagt, die in Lageplan 8 gekennzeichnete Sperrzone zu befahren.</P><P>(9) Im Bereich des Naturschutzgebietes „Krummsteert-Sulsdorfer Wiek/Fehmarn“ ist es untersagt, die in Lageplan 9 gekennzeichnete Sperrzone zu befahren.</P><P>(10) Im Bereich des Naturschutzgebietes „Grüner Brink“ ist es untersagt, die in Lageplan 10 gekennzeichnete Sperrzone zu befahren.</P><P>(11) Die Lagepläne 1 bis 10 werden als Anlage zu dieser Verordnung veröffentlicht.</P></Content></text><fussnoten><Content><P>(+++ § 1: zur Anwendung vgl. § 2 Abs. 1 +++) <BR/>(+++ § 1 Abs. 1: zur Anwendung vgl. § 2 Abs. 2 +++) <BR/>(+++ § 1 Abs. 2 bis 10: zur Anwendung vgl. § 2 Abs. 3 +++) <BR/>(+++ § 1 Abs. 4 Nr. 1: zur Anwendung vgl. § 2 Abs. 3 +++) <BR/>(+++ § 1 Abs. 4 Nr. 2: zur Anwendung vgl. § 2 Abs. 3 +++)</P></Content></fussnoten></textdaten></norm>
<norm builddate="20161028221051" doknr="BJNR218000016BJNE000300000"><metadaten><jurabk>OstseeSHNSGBefV</jurabk><enbez>§ 2</enbez><titel format="XML">Ausnahmen und Befreiungen</titel></metadaten><textdaten><text format="XML"><Content><P>(1) Die Verbote des § 1 gelten nicht für notwendige Dienst- oder Forschungsfahrten im Auftrag oder mit Wasserfahrzeugen des Bundes oder eines Landes.</P><P>(2) Das Verbot des § 1 Absatz 1 gilt nicht für <DL Type="arabic"><DT>1.</DT><DD Font="normal"><LA>die rechtmäßige Ausübung der gewerbsmäßigen Fischerei, soweit die Wasserfahrzeuge einen Mindestabstand von 15 Meter zu besonders gekennzeichneten oder bekanntgemachten Schutzzonen für die Pflanzen- und Tierwelt einhalten und den Verkehr vom und zum Hafen der Stadt Dassow nicht behindern, und</LA></DD><DT>2.</DT><DD Font="normal"><LA>Wasserfahrzeuge der gewerblichen Personen- und Güterschifffahrt im Verkehr vom und zum Hafen der Stadt Dassow sowie Sportfahrzeuge mit ständigem Liegeplatz im Hafen der Stadt Dassow, soweit diese Wasserfahrzeuge das vom und zum Hafen der Stadt Dassow führende Fahrwasser benutzen und dabei eine Höchstgeschwindigkeit von 8 Kilometer je Stunde nicht überschreiten.</LA></DD></DL></P><P>(3) Die Verbote des § 1 Absatz 2 bis 10 gelten nicht für die Erwerbsfischerei und ausschließlich muskelbetriebene Wasserfahrzeuge. Das Verbot des § 1 Absatz 4 Nummer 2 gilt auch nicht für kleine, ausschließlich windgetriebene Segeljollen bis 7,20 Meter Länge. Abweichend von Satz 1 gilt das Verbot nach § 1 Absatz 4 Nummer 1 auch für ausschließlich muskelbetriebene Wasserfahrzeuge.</P><P>(4) Das örtlich zuständige Wasserstraßen- und Schifffahrtsamt kann von den Verboten des § 1 allgemein und im Einzelfall, zeitlich begrenzt oder auf Dauer Befreiungen gewähren, wenn <DL Type="arabic"><DT>1.</DT><DD Font="normal"><LA>die Einhaltung der Verbote zu einer nicht beabsichtigten Härte führen würde oder</LA></DD><DT>2.</DT><DD Font="normal"><LA>überwiegende Gründe des Wohls der Allgemeinheit die Befreiung erfordern.</LA></DD></DL>Befreiungen nach Satz 1 Nummer 1 müssen mit dem Schutzzweck dieser Verordnung vereinbar sein. Befreiungen sind zu gewähren, soweit sie erforderlich sind, um eine nach Maßgabe der jeweiligen Schutzgebietsverordnung zulässige Tätigkeit in einem Naturschutzgebiet auszuüben.</P><P>(5) Von den Verboten des § 1 kann abgewichen werden, soweit dies zur Abwehr einer unmittelbar drohenden Gefahr erforderlich ist.</P></Content></text></textdaten></norm>
<norm builddate="20161028221051" doknr="BJNR218000016BJNE000400000"><metadaten><jurabk>OstseeSHNSGBefV</jurabk><enbez>§ 3</enbez><titel format="XML">Ordnungswidrigkeiten</titel></metadaten><textdaten><text format="XML"><Content><P>Ordnungswidrig im Sinne des § 50 Absatz 1 Nummer 2 des Bundeswasserstraßengesetzes handelt, wer vorsätzlich oder fahrlässig entgegen § 1 einen der dort bezeichneten Bereiche befährt.</P></Content></text></textdaten></norm>
<norm builddate="20161028221051" doknr="BJNR218000016BJNE000500000"><metadaten><jurabk>OstseeSHNSGBefV</jurabk><enbez>§ 4</enbez><titel format="XML">Inkrafttreten; Außerkrafttreten</titel></metadaten><textdaten><text format="XML"><Content><P>Diese Verordnung tritt am Tag nach der Verkündung in Kraft. Gleichzeitig tritt die Verordnung über das Befahren der Bundeswasserstraßen in dem Naturschutzgebiet „Dassower See, Inseln Buchhorst und Graswerder (Plönswerder)“ vom 9. Oktober 1991 (BGBl. I S. 1974), die durch Artikel 27 der Verordnung vom 2. Juni 2016 (BGBl. I S. 1257) geändert worden ist, außer Kraft.</P></Content></text></textdaten></norm>
<norm builddate="20161028221051" doknr="BJNR218000016BJNE000600000"><metadaten><jurabk>OstseeSHNSGBefV</jurabk><enbez>Anlage</enbez><titel format="XML">(zu § 1 Absatz 11)</titel></metadaten><textdaten><text format="XML"><Content><P><noindex><kommentar typ="Fundstelle">(Fundstelle: BGBl. I 2016, 2182 - 2191)</kommentar></noindex></P><P><FILE PREVIEW="bgbl1_2016_j2180-1_0010_thumb.gif" SRC="bgbl1_2016_j2180-1_0010.pdf" Type="pdf" title="PDF-Dokument wird in eigenem Fenster angezeigt"/></P><P><FILE PREVIEW="bgbl1_2016_j2180-1_0020_thumb.gif" SRC="bgbl1_2016_j2180-1_0020.pdf" Type="pdf" title="PDF-Dokument wird in eigenem Fenster angezeigt"/></P><P><FILE PREVIEW="bgbl1_2016_j2180-1_0030_thumb.gif" SRC="bgbl1_2016_j2180-1_0030.pdf" Type="pdf" title="PDF-Dokument wird in eigenem Fenster angezeigt"/></P><P><FILE PREVIEW="bgbl1_2016_j2180-1_0040_thumb.gif" SRC="bgbl1_2016_j2180-1_0040.pdf" Type="pdf" title="PDF-Dokument wird in eigenem Fenster angezeigt"/></P><P><FILE PREVIEW="bgbl1_2016_j2180-1_0050_thumb.gif" SRC="bgbl1_2016_j2180-1_0050.pdf" Type="pdf" title="PDF-Dokument wird in eigenem Fenster angezeigt"/></P><P><FILE PREVIEW="bgbl1_2016_j2180-1_0060_thumb.gif" SRC="bgbl1_2016_j2180-1_0060.pdf" Type="pdf" title="PDF-Dokument wird in eigenem Fenster angezeigt"/></P><P><FILE PREVIEW="bgbl1_2016_j2180-1_0070_thumb.gif" SRC="bgbl1_2016_j2180-1_0070.pdf" Type="pdf" title="PDF-Dokument wird in eigenem Fenster angezeigt"/></P><P><FILE PREVIEW="bgbl1_2016_j2180-1_0080_thumb.gif" SRC="bgbl1_2016_j2180-1_0080.pdf" Type="pdf" title="PDF-Dokument wird in eigenem Fenster angezeigt"/></P><P><FILE PREVIEW="bgbl1_2016_j2180-1_0090_thumb.gif" SRC="bgbl1_2016_j2180-1_0090.pdf" Type="pdf" title="PDF-Dokument wird in eigenem Fenster angezeigt"/></P><P><FILE PREVIEW="bgbl1_2016_j2180-1_0100_thumb.gif" SRC="bgbl1_2016_j2180-1_0100.pdf" Type="pdf" title="PDF-Dokument wird in eigenem Fenster angezeigt"/></P></Content></text></textdaten></norm>
</dokumente>