<?xml version="1.0" encoding="UTF-8" ?><!DOCTYPE dokumente SYSTEM "http://www.gesetze-im-internet.de/dtd/1.01/gii-norm.dtd">
<dokumente builddate="20250331224020" doknr="BJNR151900017"><norm builddate="20250331224020" doknr="BJNR151900017"><metadaten><jurabk>SKBPRV 2017</jurabk><amtabk>SKBPRV</amtabk><ausfertigung-datum manuell="ja">2017-05-31</ausfertigung-datum><fundstelle typ="amtlich"><periodikum>BGBl I</periodikum><zitstelle>2017, 1506, 1519</zitstelle></fundstelle><langue>Streitkräfte-Bezirkspersonalräteverordnung</langue><standangabe checked="ja"><standtyp>Stand</standtyp><standkommentar>Zuletzt geändert durch Art. 2 V v. 18.10.2024 I Nr. 316</standkommentar></standangabe><standangabe checked="ja"><standtyp>Sonst</standtyp><standkommentar>Ersetzt V 51-3-5 v. 21.8.2012 I 1804 (SKBPRV)</standkommentar></standangabe></metadaten><textdaten><fussnoten><Content><P><BR/> <pre xml:space="preserve">(+++ Textnachweis ab: 14.6.2017 +++)<BR/><BR/></pre></P></Content></fussnoten></textdaten></norm>
<norm builddate="20250331224020" doknr="BJNR151900017BJNE000103377"><metadaten><jurabk>SKBPRV 2017</jurabk><jurabk>SKBPRV</jurabk><enbez>(XXXX)</enbez></metadaten><textdaten><text format="XML"><Content><P>Bezirkspersonalräte werden bei den folgenden militärischen Dienststellen gebildet, die den Behörden der Mittelstufe nach § 4 Absatz 1 Nummer 4 des Bundespersonalvertretungsgesetzes entsprechen:<DL Font="normal" Type="arabic"><DT>1.</DT><DD Font="normal"><LA Size="normal">Kommando Heer,</LA></DD><DT>2.</DT><DD Font="normal"><LA Size="normal">Kommando Luftwaffe,</LA></DD><DT>3.</DT><DD Font="normal"><LA Size="normal">Marinekommando,</LA></DD><DT>4.</DT><DD Font="normal"><LA Size="normal">Kommando Streitkräftebasis,</LA></DD><DT>5.</DT><DD Font="normal"><LA Size="normal">Kommando Sanitätsdienst der Bundeswehr,</LA></DD><DT>6.</DT><DD Font="normal"><LA Size="normal">Kommando Cyber- und Informationsraum,</LA></DD><DT>7.</DT><DD Font="normal"><LA Size="normal">Territoriales Führungskommando der Bundeswehr,</LA></DD><DT>8.</DT><DD Font="normal"><LA Size="normal">Unterstützungskommando der Bundeswehr und</LA></DD><DT>9.</DT><DD Font="normal"><LA Size="normal">Operatives Führungskommando der Bundeswehr.</LA></DD></DL></P></Content></text><fussnoten/></textdaten></norm>
</dokumente>