<?xml version="1.0" encoding="UTF-8" ?><!DOCTYPE dokumente SYSTEM "http://www.gesetze-im-internet.de/dtd/1.01/gii-norm.dtd">
<dokumente builddate="20250312223020" doknr="BJNR117900019"><norm builddate="20250312223020" doknr="BJNR117900019"><metadaten><jurabk>USG 2020</jurabk><amtabk>USG</amtabk><ausfertigung-datum manuell="ja">2019-08-04</ausfertigung-datum><fundstelle typ="amtlich"><periodikum>BGBl I</periodikum><zitstelle>2019, 1147, 1179</zitstelle></fundstelle><kurzue>Unterhaltssicherungsgesetz</kurzue><langue>Gesetz über die Leistungen zur Sicherung des Unterhalts von Reservistendienst Leistenden</langue><standangabe checked="ja"><standtyp>Stand</standtyp><standkommentar>Zuletzt geändert durch Art. 14 G v. 27.2.2025 I Nr. 72</standkommentar></standangabe><standangabe checked="ja"><standtyp>Sonst</standtyp><standkommentar>Ersetzt G 53-8 v. 29.6.2015 I 1061, 1062 (USG)</standkommentar></standangabe></metadaten><textdaten><fussnoten><Content><P><BR/> <pre xml:space="preserve">(+++ Textnachweis ab: 1.1.2020 +++)<BR/>(+++ Zur Anwendung vgl. § 1 Abs. 4 +++)<BR/><BR/></pre>Das G wurde als Artikel 22 des G v. 4.8.2019 I 1147 vom Bundestag beschlossen. Es ist gem. Art. 34 Abs. 5 dieses G am 1.1.2020 in Kraft getreten.</P></Content></fussnoten></textdaten></norm>
<norm builddate="20250312223020" doknr="BJNR117900019BJNE000102377"><metadaten><jurabk>USG 2020</jurabk><jurabk>USG</jurabk><enbez>Inhaltsübersicht</enbez></metadaten><textdaten><text format="XML"><Content><TOC><Ident Class="S1">Kapitel 1</Ident><Title Align="auto" Class="S1">Allgemeine Vorschriften</Title><P/><table colsep="0" frame="none" pgwide="1" rowsep="0" tocentry="%yes;"><tgroup align="left" char="" charoff="50" cols="2"><colspec colname="col1" colwidth="8*"/><colspec align="justify" colname="col2" colwidth="72*"/><tbody valign="top"><row><entry VJ="1" colname="col1">§  1</entry><entry VJ="1" colname="col2">Anwendungsbereich, Begriffsbestimmung</entry></row><row><entry VJ="1" colname="col1">§  2</entry><entry VJ="1" colname="col2">Teilzeit</entry></row><row><entry VJ="1" colname="col1">§  3</entry><entry VJ="1" colname="col2">Härteausgleich</entry></row><row><entry VJ="1" colname="col1">§  4</entry><entry VJ="1" colname="col2">Ruhen der Leistungen</entry></row></tbody></tgroup></table><P/><Ident Class="S1">Kapitel 2</Ident><Title Align="auto" Class="S1">Leistungen</Title><P/><Ident Class="S0">Abschnitt 1</Ident><Title Align="auto" Class="S0">Leistungen zur Sicherung des Einkommens</Title><P/><table colsep="0" frame="none" pgwide="1" rowsep="0" tocentry="%yes;"><tgroup align="left" char="" charoff="50" cols="2"><colspec colname="col1" colwidth="8*"/><colspec align="justify" colname="col2" colwidth="72*"/><tbody valign="top"><row><entry VJ="1" colname="col1">§  5</entry><entry VJ="1" colname="col2">Leistungen an Arbeitnehmerinnen und Arbeitnehmer</entry></row><row><entry VJ="1" colname="col1">§  6</entry><entry VJ="1" colname="col2">Leistungen an Selbständige</entry></row><row><entry VJ="1" colname="col1">§  7</entry><entry VJ="1" colname="col2">Zusammentreffen mehrerer Leistungen</entry></row><row><entry VJ="1" colname="col1">§  8</entry><entry VJ="1" colname="col2">Mindestleistung</entry></row><row><entry VJ="1" colname="col1">§  9</entry><entry VJ="1" colname="col2">Leistungen für Versorgungsempfängerinnen und Versorgungsempfänger</entry></row></tbody></tgroup></table><P/><Ident Class="S0">Abschnitt 2</Ident><Title Align="auto" Class="S0">Prämien, Dienstgeld, Zuschläge</Title><P/><table colsep="0" frame="none" pgwide="1" rowsep="0" tocentry="%yes;"><tgroup align="left" char="" charoff="50" cols="2"><colspec colname="col1" colwidth="8*"/><colspec align="justify" colname="col2" colwidth="72*"/><tbody valign="top"><row><entry VJ="1" colname="col1">§ 10</entry><entry VJ="1" colname="col2">Kaufkraftausgleich</entry></row><row><entry VJ="1" colname="col1">§ 11</entry><entry VJ="1" colname="col2">Prämie</entry></row><row><entry VJ="1">§ 11a</entry><entry VJ="1">Prämie für besondere Einsatzbereitschaft</entry></row><row><entry VJ="1" colname="col1">§ 12</entry><entry VJ="1" colname="col2">Zuschlag für längeren Dienst</entry></row><row><entry VJ="1" colname="col1">§ 13</entry><entry VJ="1" colname="col2">Zuschlag für die Verpflichtung zu längerem Dienst</entry></row><row><entry VJ="1" colname="col1">§ 14</entry><entry VJ="1" colname="col2">Dienstgeld</entry></row><row><entry VJ="1" colname="col1">§ 15</entry><entry VJ="1" colname="col2">Zuschlag für herausgehobene Funktionen</entry></row><row><entry VJ="1" colname="col1">§ 16</entry><entry VJ="1" colname="col2">Zuschlag für besondere Erschwernisse</entry></row><row><entry VJ="1" colname="col1">§ 17</entry><entry VJ="1" colname="col2">Zuschlag für besondere zeitliche Belastungen</entry></row><row><entry VJ="1" colname="col1">§ 18</entry><entry VJ="1" colname="col2">Auslandsverwendungszuschlag</entry></row><row><entry VJ="1" colname="col1">§ 19</entry><entry VJ="1" colname="col2">Auslandszuschlag</entry></row></tbody></tgroup></table><P/><Ident Class="S0">Abschnitt 3</Ident><Title Align="auto" Class="S0">Sachleistungen</Title><P/><table colsep="0" frame="none" pgwide="1" rowsep="0" tocentry="%yes;"><tgroup align="left" char="" charoff="50" cols="2"><colspec colname="col1" colwidth="8*"/><colspec align="justify" colname="col2" colwidth="72*"/><tbody valign="top"><row><entry VJ="1" colname="col1">§ 20</entry><entry VJ="1" colname="col2">Unterkunft</entry></row><row><entry VJ="1" colname="col1">§ 21</entry><entry VJ="1" colname="col2">Dienstkleidung und Ausrüstung</entry></row><row><entry VJ="1" colname="col1">§ 22</entry><entry VJ="1" colname="col2">Heilfürsorge</entry></row><row><entry VJ="1" colname="col1">§ 23</entry><entry VJ="1" colname="col2">Verpflegung, Verpflegungsgeld</entry></row></tbody></tgroup></table><P/><Ident Class="S1">Kapitel 3</Ident><Title Align="auto" Class="S1">Verfahren</Title><P/><table colsep="0" frame="none" pgwide="1" rowsep="0" tocentry="%yes;"><tgroup align="left" char="" charoff="50" cols="2"><colspec colname="col1" colwidth="8*"/><colspec align="justify" colname="col2" colwidth="72*"/><tbody valign="top"><row><entry VJ="1" colname="col1">§ 24</entry><entry VJ="1" colname="col2">(weggefallen)</entry></row><row><entry VJ="1" colname="col1">§ 25</entry><entry VJ="1" colname="col2">Antrag</entry></row><row><entry VJ="1" colname="col1">§ 26</entry><entry VJ="1" colname="col2">Leistungsberechnung</entry></row><row><entry VJ="1" colname="col1">§ 27</entry><entry VJ="1" colname="col2">Auskunfts- und Mitteilungspflichten</entry></row><row><entry VJ="1" colname="col1">§ 28</entry><entry VJ="1" colname="col2">Folgen fehlender Mitwirkung</entry></row><row><entry VJ="1" colname="col1">§ 29</entry><entry VJ="1" colname="col2">Vertretung der Bundesrepublik Deutschland</entry></row></tbody></tgroup></table><P/><Ident Class="S1">Kapitel 4</Ident><Title Align="auto" Class="S1">Bußgeldvorschriften</Title><P/><table colsep="0" frame="none" pgwide="1" rowsep="0" tocentry="%yes;"><tgroup align="left" char="" charoff="50" cols="3"><colspec colname="col1" colwidth="8*"/><colspec align="justify" colname="col2" colwidth="6*"/><colspec align="justify" colname="col3" colwidth="66*"/><tbody valign="top"><row><entry VJ="1" colname="col1">§ 30</entry><entry VJ="1" nameend="col3" namest="col2">Bußgeldvorschriften</entry></row><row><entry VJ="1" nameend="col2" namest="col1">Anlage 1</entry><entry VJ="1" colname="col3">Mindestleistung</entry></row><row><entry VJ="1" nameend="col2" namest="col1">Anlage 2</entry><entry VJ="1" colname="col3">Prämie, Dienstgeld, Auslandszuschlag</entry></row></tbody></tgroup></table></TOC></Content></text><fussnoten/></textdaten></norm>
<norm builddate="20250312223021" doknr="BJNR117900019BJNG000100000"><metadaten><jurabk>USG 2020</jurabk><jurabk>USG</jurabk><gliederungseinheit><gliederungskennzahl>010</gliederungskennzahl><gliederungsbez>Kapitel 1</gliederungsbez><gliederungstitel>Allgemeine Vorschriften</gliederungstitel></gliederungseinheit></metadaten><textdaten/></norm>
<norm builddate="20250312223021" doknr="BJNR117900019BJNE000200000"><metadaten><jurabk>USG 2020</jurabk><jurabk>USG</jurabk><enbez>§ 1</enbez><titel format="XML">Anwendungsbereich, Begriffsbestimmung</titel></metadaten><textdaten><text format="XML"><Content><P>(1) Dieses Gesetz gilt für Reservistendienst Leistende. Reservistendienst Leistende sind Personen, die Wehrdienst nach dem Vierten Abschnitt des Soldatengesetzes leisten. Teilnehmerinnen oder Teilnehmer an dienstlichen Veranstaltungen nach § 81 des Soldatengesetzes sind keine Reservistendienst Leistenden im Sinne dieses Gesetzes.</P><P>(2) Die Vorschriften des Kapitels 2 Abschnitt 3 sind mit Ausnahme von § 23 Absatz 1 auf Teilnehmerinnen oder Teilnehmer an dienstlichen Veranstaltungen nach § 81 des Soldatengesetzes anzuwenden.</P><P>(3) Im Spannungs- oder Verteidigungsfall gilt dieses Gesetz auch für <DL Type="arabic"><DT>1.</DT><DD Font="normal"><LA>Grundwehrdienst Leistende nach § 5 des Wehrpflichtgesetzes,</LA></DD><DT>2.</DT><DD Font="normal"><LA>freiwilligen zusätzlichen Wehrdienst Leistende im Anschluss an den Grundwehrdienst nach § 6b des Wehrpflichtgesetzes und</LA></DD><DT>3.</DT><DD Font="normal"><LA>unbefristeten Wehrdienst Leistende nach § 4 Absatz 1 Nummer 7 des Wehrpflichtgesetzes.</LA></DD></DL></P><P>(4) Im Spannungs- oder Verteidigungsfall sind die §§ 12 bis 17 nicht anzuwenden.</P></Content></text></textdaten></norm>
<norm builddate="20250312223021" doknr="BJNR117900019BJNE000301377"><metadaten><jurabk>USG 2020</jurabk><jurabk>USG</jurabk><enbez>§ 2</enbez><titel format="XML">Teilzeit</titel></metadaten><textdaten><text format="XML"><Content><P>Bei Teilzeitbeschäftigung nach § 30a Absatz 1 des Soldatengesetzes werden Leistungen nach den §§ 5 bis 9, 11 und 14 anteilig gewährt. Die Leistungen nach den §§ 12 bis 17 und 23 Absatz 3 werden anteilig zur vollen Dienstzeit am jeweiligen Tag gewährt. Die Tage nach den §§ 12 und 13 werden bei Teilzeit anteilig gezählt.</P></Content></text><fussnoten/></textdaten></norm>
<norm builddate="20250312223021" doknr="BJNR117900019BJNE000400000"><metadaten><jurabk>USG 2020</jurabk><jurabk>USG</jurabk><enbez>§ 3</enbez><titel format="XML">Härteausgleich</titel></metadaten><textdaten><text format="XML"><Content><P>Wenn die Durchführung der Vorschriften dieses Gesetzes im Einzelfall zu einer offenbar nicht beabsichtigten Härte führen würde, kann im Einvernehmen mit dem Bundesministerium der Verteidigung ein Ausgleich für jeden Wehrdiensttag gewährt werden.</P></Content></text></textdaten></norm>
<norm builddate="20250312223021" doknr="BJNR117900019BJNE000500000"><metadaten><jurabk>USG 2020</jurabk><jurabk>USG</jurabk><enbez>§ 4</enbez><titel format="XML">Ruhen der Leistungen</titel></metadaten><textdaten><text format="XML"><Content><P>Die Leistungen nach diesem Gesetz ruhen <DL Type="arabic"><DT>1.</DT><DD Font="normal"><LA>während einer Beurlaubung ohne Geld- und Sachbezüge,</LA></DD><DT>2.</DT><DD Font="normal"><LA>während einer gerichtlich angeordneten Freiheitsentziehung,</LA></DD><DT>3.</DT><DD Font="normal"><LA>während eines eigenmächtigen Fernbleibens von der Truppe oder der Dienststelle.</LA></DD></DL></P></Content></text></textdaten></norm>
<norm builddate="20250312223021" doknr="BJNR117900019BJNG000200000"><metadaten><jurabk>USG 2020</jurabk><jurabk>USG</jurabk><gliederungseinheit><gliederungskennzahl>020</gliederungskennzahl><gliederungsbez>Kapitel 2</gliederungsbez><gliederungstitel>Leistungen</gliederungstitel></gliederungseinheit></metadaten><textdaten/></norm>
<norm builddate="20250312223021" doknr="BJNR117900019BJNG000300000"><metadaten><jurabk>USG 2020</jurabk><jurabk>USG</jurabk><gliederungseinheit><gliederungskennzahl>020010</gliederungskennzahl><gliederungsbez>Abschnitt 1</gliederungsbez><gliederungstitel>Leistungen zur Sicherung des Einkommens</gliederungstitel></gliederungseinheit></metadaten><textdaten/></norm>
<norm builddate="20250312223021" doknr="BJNR117900019BJNE000600000"><metadaten><jurabk>USG 2020</jurabk><jurabk>USG</jurabk><enbez>§ 5</enbez><titel format="XML">Leistungen an Arbeitnehmerinnen und Arbeitnehmer</titel></metadaten><textdaten><text format="XML"><Content><P>(1) Arbeitnehmerinnen und Arbeitnehmern, die Reservistendienst leisten, wird der Verdienstausfall in Höhe des um die gesetzlichen Abzüge verminderten Arbeitsentgelts (§ 14 des Vierten Buches Sozialgesetzbuch) ersetzt.</P><P>(2) Reservistendienst Leistenden, die infolge der Dienstleistung Entgeltersatzleistungen einbüßen, wird die Einbuße ersetzt.</P><P>(3) Die Leistungen nach den Absätzen 1 und 2 betragen je Tag der Dienstleistung höchstens 301 Euro.</P></Content></text></textdaten></norm>
<norm builddate="20250312223021" doknr="BJNR117900019BJNE000700000"><metadaten><jurabk>USG 2020</jurabk><jurabk>USG</jurabk><enbez>§ 6</enbez><titel format="XML">Leistungen an Selbständige</titel></metadaten><textdaten><text format="XML"><Content><P>Reservistendienst Leistende, die Inhaberinnen oder Inhaber eines Betriebs der Land- und Forstwirtschaft oder eines Gewerbebetriebs sind oder die eine selbständige Arbeit ausüben, erhalten für die ihnen infolge der Dienstleistung entgehenden Einkünfte für jeden Tag der Dienstleistung eine Entschädigung in Höhe von einem Dreihundertsechzigstel der Summe der sich aus dem letzten Einkommensteuerbescheid ergebenden Einkünfte nach § 2 Absatz 1 Satz 1 Nummer 1 bis 3 des Einkommensteuergesetzes, höchstens jedoch 430 Euro je Tag der Dienstleistung. Für die Erhaltung der Betriebsstätte erhalten Reservistendienst Leistende zusätzlich für jeden Tag der Dienstleistung pauschal 0,15 Dreihundertsechzigstel der Summe der nach Satz 1 ermittelten Einkünfte.</P></Content></text></textdaten></norm>
<norm builddate="20250312223021" doknr="BJNR117900019BJNE000800000"><metadaten><jurabk>USG 2020</jurabk><jurabk>USG</jurabk><enbez>§ 7</enbez><titel format="XML">Zusammentreffen mehrerer Leistungen</titel></metadaten><textdaten><text format="XML"><Content><P>Neben Leistungen nach § 6 werden Leistungen nach § 5 nur bis zu 70 Prozent des nicht ausgeschöpften Höchstbetrags nach § 6 Satz 1 gewährt.</P></Content></text></textdaten></norm>
<norm builddate="20250312223021" doknr="BJNR117900019BJNE000901377"><metadaten><jurabk>USG 2020</jurabk><jurabk>USG</jurabk><enbez>§ 8</enbez><titel format="XML">Mindestleistung</titel></metadaten><textdaten><text format="XML"><Content><P>(1) Reservistendienst Leistende erhalten nach ihrer Wahl statt der Leistungen nach den §§ 5 und 6 für jeden Tag der Dienstleistung einen Tagessatz, dessen Höhe sich aus der Tabelle in Anlage 1 ergibt. Der Tagessatz wird in Anlehnung an die regelmäßigen Anpassungen der entsprechenden Grundgehälter und des Familienzuschlags nach § 14 Absatz 1 des Bundesbesoldungsgesetzes angepasst. Das Bundesministerium der Verteidigung regelt den jeweils geltenden Tagessatz durch Rechtsverordnung ohne Zustimmung des Bundesrates.</P><P>(2) Auf die Leistung nach Absatz 1 Satz 1 werden die folgenden Leistungen, jeweils gemindert um die gesetzlichen Abzüge, angerechnet: <DL Type="arabic"><DT>1.</DT><DD Font="normal"><LA>Leistungen nach § 1 Absatz 2 Satz 1 und § 9 Absatz 2 Satz 2, auch in Verbindung mit Absatz 11, des Arbeitsplatzschutzgesetzes und</LA></DD><DT>2.</DT><DD Font="normal"><LA>Ruhegehälter nach § 27 Absatz 1 des Soldatenversorgungsgesetzes einschließlich des Unterschiedsbetrags nach § 64 Absatz 1 Satz 2 und 3 des Soldatenversorgungsgesetzes, die der oder dem Reservistendienst Leistenden weitergewährt werden.</LA></DD></DL></P></Content></text><fussnoten/></textdaten></norm>
<norm builddate="20250312223021" doknr="BJNR117900019BJNE001002377"><metadaten><jurabk>USG 2020</jurabk><jurabk>USG</jurabk><enbez>§ 9</enbez><titel format="XML">Leistungen für Versorgungsempfänger</titel></metadaten><textdaten><text format="XML"><Content><P>Leisten Versorgungsempfängerinnen und Versorgungsempfänger Reservistendienst, so erhalten sie mindestens die Differenz aus <DL Type="arabic"><DT>1.</DT><DD Font="normal"><LA>der Summe aus <DL Type="alpha"><DT>a)</DT><DD Font="normal"><LA>ihren ruhegehaltfähigen Dienstbezügen nach der Endstufe der Besoldungsgruppe, aus der das Ruhegehalt berechnet ist, und</LA></DD><DT>b)</DT><DD Font="normal"><LA>dem Unterschiedsbetrag nach § 64 Absatz 1 Satz 2 und 3 des Soldatenversorgungsgesetzes,</LA></DD></DL>wobei von dieser Summe der Betrag subtrahiert wird, der als Lohnsteuer, Solidaritätszuschlag und Kirchensteuer von den Dienstbezügen abzuziehen wäre, und</LA></DD><DT>2.</DT><DD Font="normal"><LA>ihren Versorgungsbezügen, von denen die Lohnsteuer, der Solidaritätszuschlag und die Kirchensteuer abgezogen wird.</LA></DD></DL></P></Content></text><fussnoten/></textdaten></norm>
<norm builddate="20250312223021" doknr="BJNR117900019BJNG000400000"><metadaten><jurabk>USG 2020</jurabk><jurabk>USG</jurabk><gliederungseinheit><gliederungskennzahl>020020</gliederungskennzahl><gliederungsbez>Abschnitt 2</gliederungsbez><gliederungstitel>Prämie, Dienstgeld, Zuschläge</gliederungstitel></gliederungseinheit></metadaten><textdaten/></norm>
<norm builddate="20250312223021" doknr="BJNR117900019BJNE001100000"><metadaten><jurabk>USG 2020</jurabk><jurabk>USG</jurabk><enbez>§ 10</enbez><titel format="XML">Kaufkraftausgleich</titel></metadaten><textdaten><text format="XML"><Content><P>Die Leistungen nach den §§ 11 sowie 15 bis 19 unterliegen dem Kaufkraftausgleich in entsprechender Anwendung von § 55 des Bundesbesoldungsgesetzes, wenn auch die Besoldung der an demselben Dienstort stationierten Berufssoldatinnen und Berufssoldaten sowie Soldatinnen auf Zeit und Soldaten auf Zeit dem Kaufkraftausgleich unterliegt.</P></Content></text></textdaten></norm>
<norm builddate="20250312223021" doknr="BJNR117900019BJNE001200000"><metadaten><jurabk>USG 2020</jurabk><jurabk>USG</jurabk><enbez>§ 11</enbez><titel format="XML">Prämie</titel></metadaten><textdaten><text format="XML"><Content><P>Reservistendienst Leistende erhalten für jeden Tag Reservistendienst eine Prämie nach Spalte 2 der Tabelle in Anlage 2.</P></Content></text></textdaten></norm>
<norm builddate="20250312223021" doknr="BJNR117900019BJNE003401377"><metadaten><jurabk>USG 2020</jurabk><jurabk>USG</jurabk><enbez>§ 11a</enbez><titel format="XML">Prämie für besondere Einsatzbereitschaft</titel></metadaten><textdaten><text format="XML"><Content><P>(1) Reservistendienst Leistenden kann für ihre Verwendung bei der Herbeiführung eines im besonderen öffentlichen Interesse liegenden unaufschiebbaren und zeitgebundenen Ergebnisses im Inland eine Prämie gewährt werden. Voraussetzung ist eine Entscheidung nach § 42b Absatz 3 des Bundesbesoldungsgesetzes für die entsprechende Verwendung von Soldatinnen und Soldaten.</P><P>(2) Die Prämie beträgt 70 Prozent der entsprechenden Prämie für Soldatinnen und Soldaten nach § 42b Absatz 2 Satz 1 des Bundesbesoldungsgesetzes. Abweichend von Satz 1 beträgt die Prämie 100 Prozent, wenn sie für Soldatinnen und Soldaten nicht steuerpflichtig ist. § 42b Absatz 2 Satz 2 bis 4 des Bundesbesoldungsgesetzes gilt entsprechend.</P></Content></text><fussnoten/></textdaten></norm>
<norm builddate="20250312223021" doknr="BJNR117900019BJNE001300000"><metadaten><jurabk>USG 2020</jurabk><jurabk>USG</jurabk><enbez>§ 12</enbez><titel format="XML">Zuschlag für längeren Dienst</titel></metadaten><textdaten><text format="XML"><Content><P>Reservistendienst Leistende erhalten einen Zuschlag von 70 Euro pro Tag ab dem 15. Tag Reservistendienst im Kalenderjahr, höchstens jedoch 700 Euro im Kalenderjahr. Die Leistung ist ausgeschlossen, soweit eine Verpflichtungsvereinbarung nach § 13 abgeschlossen ist.</P></Content></text><fussnoten><Content><P>(+++ §§ 12 bis 17: Zur Nichtanwendung vgl. § 1 Abs. 4 +++)</P></Content></fussnoten></textdaten></norm>
<norm builddate="20250312223021" doknr="BJNR117900019BJNE001400000"><metadaten><jurabk>USG 2020</jurabk><jurabk>USG</jurabk><enbez>§ 13</enbez><titel format="XML">Zuschlag für die Verpflichtung zu längerem Dienst</titel></metadaten><textdaten><text format="XML"><Content><P>Reservistendienst Leistende, die sich vor dem ersten Tag eines Reservistendienstes auf Grund eines entsprechenden Angebots verpflichtet haben, in einem Kalenderjahr mindestens 33 Tage Reservistendienst zu leisten, erhalten nach Erfüllung der Verpflichtung einen Zuschlag von 35 Euro je Tag, höchstens jedoch <NB>1 470 Euro</NB> je Kalenderjahr. Eine Verpflichtung ist nur wirksam, wenn <DL Type="arabic"><DT>1.</DT><DD Font="normal"><LA>die Annahme des Verpflichtungsangebots vor dem 15. Tag Reservistendienst im Kalenderjahr beim Bundesamt für das Personalmanagement der Bundeswehr (Bundesamt) eingeht und</LA></DD><DT>2.</DT><DD Font="normal"><LA>im Kalenderjahr nicht bereits Leistungen nach § 12 gewährt worden sind.</LA></DD></DL></P></Content></text><fussnoten><Content><P>(+++ §§ 12 bis 17: Zur Nichtanwendung vgl. § 1 Abs. 4 +++)</P></Content></fussnoten></textdaten></norm>
<norm builddate="20250312223021" doknr="BJNR117900019BJNE001500000"><metadaten><jurabk>USG 2020</jurabk><jurabk>USG</jurabk><enbez>§ 14</enbez><titel format="XML">Dienstgeld</titel></metadaten><textdaten><text format="XML"><Content><P>Reservistendienst Leistende erhalten für Dienstleistungen an einem Samstag, einem Sonntag und einem gesetzlichen Feiertag sowie für eine eintägige Dienstleistung an einem Freitag eine zweite Prämie nach Spalte 2 der Tabelle in Anlage 2. Für Tage, an denen kein Dienst geleistet wird, wird die zweite Prämie nicht gewährt.</P></Content></text><fussnoten><Content><P>(+++ §§ 12 bis 17: Zur Nichtanwendung vgl. § 1 Abs. 4 +++)</P></Content></fussnoten></textdaten></norm>
<norm builddate="20250312223021" doknr="BJNR117900019BJNE001600000"><metadaten><jurabk>USG 2020</jurabk><jurabk>USG</jurabk><enbez>§ 15</enbez><titel format="XML">Zuschlag für herausgehobene Funktionen</titel></metadaten><textdaten><text format="XML"><Content><P>(1) Reservistendienst Leistende erhalten einen widerruflichen Zuschlag für die Dauer der Wahrnehmung einer herausgehobenen Funktion unter den gleichen Voraussetzungen, unter denen Besoldungsempfängerinnen und Besoldungsempfängern eine Stellenzulage im Sinne des § 42 Absatz 1 und 3 des Bundesbesoldungsgesetzes zusteht.</P><P>(2) Der Zuschlag beträgt 70 Prozent der entsprechenden Stellenzulage nach Anlage IX des Bundesbesoldungsgesetzes.</P></Content></text><fussnoten><Content><P>(+++ §§ 12 bis 17: Zur Nichtanwendung vgl. § 1 Abs. 4 +++)</P></Content></fussnoten></textdaten></norm>
<norm builddate="20250312223021" doknr="BJNR117900019BJNE001700000"><metadaten><jurabk>USG 2020</jurabk><jurabk>USG</jurabk><enbez>§ 16</enbez><titel format="XML">Zuschlag für besondere Erschwernisse</titel></metadaten><textdaten><text format="XML"><Content><P>(1) Reservistendienst Leistende erhalten einen widerruflichen Zuschlag zur Abgeltung besonderer Erschwernisse, sofern sie Aufgaben unter den gleichen Voraussetzungen wahrnehmen, unter denen Besoldungsempfängerinnen und Besoldungsempfängern eine Erschwerniszulage nach § 47 des Bundesbesoldungsgesetzes zusteht.</P><P>(2) Der Zuschlag beträgt 70 Prozent der entsprechenden Zulage nach der auf Grund des § 47 des Bundesbesoldungsgesetzes erlassenen Rechtsverordnung.</P></Content></text><fussnoten><Content><P>(+++ §§ 12 bis 17: Zur Nichtanwendung vgl. § 1 Abs. 4 +++)</P></Content></fussnoten></textdaten></norm>
<norm builddate="20250312223021" doknr="BJNR117900019BJNE001801377"><metadaten><jurabk>USG 2020</jurabk><jurabk>USG</jurabk><enbez>§ 17</enbez><titel format="XML">Zuschlag für besondere zeitliche Belastungen</titel></metadaten><textdaten><text format="XML"><Content><P>(1) Reservistendienst Leistende erhalten einen Zuschlag für jede Dienstleistung, für die Besoldungsempfängerinnen und Besoldungsempfängern unter gleichen Voraussetzungen und im gleichen Umfang nach den §§ 50 bis 50b sowie 50d des Bundesbesoldungsgesetzes und den dazu erlassenen Rechtsverordnungen eine Vergütung gewährt wird.</P><P>(2) Der Zuschlag beträgt 70 Prozent der Leistungen, die dienstgradgleichen Besoldungsempfängerinnen und Besoldungsempfängern gewährt werden.</P></Content></text><fussnoten><Content><P>(+++ §§ 12 bis 17: Zur Nichtanwendung vgl. § 1 Abs. 4 +++)</P></Content></fussnoten></textdaten></norm>
<norm builddate="20250312223021" doknr="BJNR117900019BJNE001900000"><metadaten><jurabk>USG 2020</jurabk><jurabk>USG</jurabk><enbez>§ 18</enbez><titel format="XML">Auslandsverwendungszuschlag</titel></metadaten><textdaten><text format="XML"><Content><P>(1) Reservistendienst Leistende, die an einer besonderen Verwendung im Ausland im Sinne des § 56 Absatz 1 des Bundesbesoldungsgesetzes teilnehmen, erhalten einen Auslandsverwendungszuschlag unter den gleichen Voraussetzungen, in der gleichen Höhe und in dem gleichen Umfang wie Besoldungsempfängerinnen und Besoldungsempfänger. § 56 Absatz 3 Satz 1 und 2 des Bundesbesoldungsgesetzes und die dazu erlassene Rechtsverordnung gelten entsprechend.</P><P>(2) Reservistendienst Leistende, die während einer besonderen Auslandsverwendung wegen Verschleppung, Gefangenschaft oder aus sonstigen mit dem Dienst zusammenhängenden Gründen, die sie nicht zu vertreten haben, dem Einflussbereich des Dienstherrn entzogen sind, wird für diesen Zeitraum die höchste Stufe des Auslandsverwendungszuschlags gewährt.</P></Content></text></textdaten></norm>
<norm builddate="20250312223021" doknr="BJNR117900019BJNE002000000"><metadaten><jurabk>USG 2020</jurabk><jurabk>USG</jurabk><enbez>§ 19</enbez><titel format="XML">Auslandszuschlag</titel></metadaten><textdaten><text format="XML"><Content><P>(1) Reservistendienst Leistende erhalten einen Zuschlag, wenn Berufssoldatinnen und Berufssoldaten sowie Soldatinnen auf Zeit und Soldaten auf Zeit an diesem Dienstort Auslandsdienstbezüge oder Auslandstrennungsgeld erhalten. Satz 1 gilt nicht bei Anspruch auf den Auslandsverwendungszuschlag nach § 18.</P><P>(2) Die Höhe des Zuschlags bemisst sich nach Spalte 3 der Tabelle in Anlage 2.</P></Content></text></textdaten></norm>
<norm builddate="20250312223021" doknr="BJNR117900019BJNG000500000"><metadaten><jurabk>USG 2020</jurabk><jurabk>USG</jurabk><gliederungseinheit><gliederungskennzahl>020030</gliederungskennzahl><gliederungsbez>Abschnitt 3</gliederungsbez><gliederungstitel>Sachleistungen</gliederungstitel></gliederungseinheit></metadaten><textdaten/></norm>
<norm builddate="20250312223021" doknr="BJNR117900019BJNE002100000"><metadaten><jurabk>USG 2020</jurabk><jurabk>USG</jurabk><enbez>§ 20</enbez><titel format="XML">Unterkunft</titel></metadaten><textdaten><text format="XML"><Content><P>(1) Reservistendienst Leistenden, die auf Grund dienstlicher Anordnung verpflichtet sind, in einer Gemeinschaftsunterkunft zu wohnen, wird die Unterkunft unentgeltlich bereitgestellt.</P><P>(2) Reservistendienst Leistenden werden die notwendigen Kosten für die Fahrten zur Unterkunft und zurück erstattet. Näheres bestimmt das Bundesministerium der Verteidigung durch Verwaltungsvorschrift.</P></Content></text></textdaten></norm>
<norm builddate="20250312223021" doknr="BJNR117900019BJNE002200000"><metadaten><jurabk>USG 2020</jurabk><jurabk>USG</jurabk><enbez>§ 21</enbez><titel format="XML">Dienstkleidung und Ausrüstung</titel></metadaten><textdaten><text format="XML"><Content><P>Reservistendienst Leistenden werden die Dienstkleidung und die Ausrüstung unentgeltlich bereitgestellt. Reservistendienst Leistende, die auf dienstliche Anordnung im Dienst eigene Zivilkleidung tragen, erhalten für deren Abnutzung eine angemessene Entschädigung. Die Höhe der Entschädigung bestimmt das Bundesministerium der Verteidigung durch Verwaltungsvorschrift.</P></Content></text></textdaten></norm>
<norm builddate="20250312223021" doknr="BJNR117900019BJNE002300000"><metadaten><jurabk>USG 2020</jurabk><jurabk>USG</jurabk><enbez>§ 22</enbez><titel format="XML">Heilfürsorge</titel></metadaten><textdaten><text format="XML"><Content><P>(1) Reservistendienst Leistende haben Anspruch auf Heilfürsorge in Form der unentgeltlichen truppenärztlichen Versorgung. § 69a des Bundesbesoldungsgesetzes gilt entsprechend.</P><P>(2) Reservistendienst Leistenden mit festgesetzter Dienstzeit von bis zu sechs Monaten wird zahnärztliche Versorgung nur bei akuter Behandlungsbedürftigkeit und zur Wiederherstellung der Dienstfähigkeit gewährt, es sei denn, es handelt sich um die Behandlung der Folgen einer Wehrdienstbeschädigung.</P></Content></text></textdaten></norm>
<norm builddate="20250312223021" doknr="BJNR117900019BJNE002400000"><metadaten><jurabk>USG 2020</jurabk><jurabk>USG</jurabk><enbez>§ 23</enbez><titel format="XML">Verpflegung, Verpflegungsgeld</titel></metadaten><textdaten><text format="XML"><Content><P>(1) Reservistendienst Leistende, die für die Dauer eines auswärtigen Dienstgeschäftes außerhalb von Dienstreisen auf Grund dienstlicher Anordnung verpflichtet sind, an einer Gemeinschaftsverpflegung teilzunehmen, wird die Verpflegung unentgeltlich bereitgestellt.</P><P>(2) Teilnehmerinnen oder Teilnehmer an dienstlichen Veranstaltungen nach § 81 des Soldatengesetzes haben während der Dauer ihres Wehrdienstes Anspruch auf unentgeltliche Verpflegung.</P><P>(3) Anspruchsberechtigte nach den Absätzen 1 und 2 erhalten in entsprechender Anwendung der §§ 6 und 8 des Bundesreisekostengesetzes ein Verpflegungsgeld in Höhe der Beträge, die durch eine allgemeine Verwaltungsvorschrift nach § 16 des Bundesreisekostengesetzes festgesetzt sind, wenn <DL Type="arabic"><DT>1.</DT><DD Font="normal"><LA>sie aus dienstlichen Gründen von der Teilnahme an der Gemeinschaftsverpflegung befreit sind oder</LA></DD><DT>2.</DT><DD Font="normal"><LA>ihnen keine Gemeinschaftsverpflegung bereitgestellt werden kann.</LA></DD></DL></P><P>(4) Als Verpflegungsgeld für eine Mahlzeit erhalten sie den entsprechenden Teiltagessatz. Bei Dienstgeschäften im Inland gelten die §§ 3 und 4 der Trennungsgeldverordnung und im Ausland die §§ 7 und 12 Absatz 7 der Auslandstrennungsgeldverordnung entsprechend.</P><P>(5) Bei dienstlichem Aufenthalt im Ausland unterliegt das nach Absatz 2 auszuzahlende Verpflegungsgeld dem Kaufkraftausgleich nach § 10.</P></Content></text></textdaten></norm>
<norm builddate="20250312223021" doknr="BJNR117900019BJNG000600000"><metadaten><jurabk>USG 2020</jurabk><jurabk>USG</jurabk><gliederungseinheit><gliederungskennzahl>030</gliederungskennzahl><gliederungsbez>Kapitel 3</gliederungsbez><gliederungstitel>Verfahren</gliederungstitel></gliederungseinheit></metadaten><textdaten/></norm>
<norm builddate="20250312223021" doknr="BJNR117900019BJNE002501377"><metadaten><jurabk>USG 2020</jurabk><jurabk>USG</jurabk><enbez>§ 24</enbez><titel format="XML">(weggefallen)</titel></metadaten><textdaten><text format="XML"><Content><P/></Content></text><fussnoten/></textdaten></norm>
<norm builddate="20250312223021" doknr="BJNR117900019BJNE002600000"><metadaten><jurabk>USG 2020</jurabk><jurabk>USG</jurabk><enbez>§ 25</enbez><titel format="XML">Antrag</titel></metadaten><textdaten><text format="XML"><Content><P>(1) Die Leistungen nach den §§ 5 bis 9, 14 und 19 werden auf Antrag gewährt.</P><P>(2) Das Antragsrecht endet mit Ablauf des sechsten Monats nach Beendigung des geleisteten Reservistendienstes.</P></Content></text></textdaten></norm>
<norm builddate="20250312223021" doknr="BJNR117900019BJNE002700000"><metadaten><jurabk>USG 2020</jurabk><jurabk>USG</jurabk><enbez>§ 26</enbez><titel format="XML">Leistungsberechnung</titel></metadaten><textdaten><text format="XML"><Content><P>Bemisst sich der Anspruch auf Leistungen nach Tagen, wird der Monat mit 30 Tagen berechnet.</P></Content></text></textdaten></norm>
<norm builddate="20250312223021" doknr="BJNR117900019BJNE002801377"><metadaten><jurabk>USG 2020</jurabk><jurabk>USG</jurabk><enbez>§ 27</enbez><titel format="XML">Auskunfts- und Mitteilungspflichten</titel></metadaten><textdaten><text format="XML"><Content><P>(1) Reservistendienst Leistende, die Leistungen nach § 8 Absatz 1 Satz 1 beantragen, haben Leistungen nach § 1 Absatz 2 Satz 1 und § 9 Absatz 2 Satz 2, auch in Verbindung mit Absatz 11, des Arbeitsplatzschutzgesetzes sowie Ruhegehälter nach § 27 Absatz 1 des Soldatenversorgungsgesetzes einschließlich des Unterschiedsbetrags nach § 64 Absatz 1 Satz 2 des Soldatenversorgungsgesetzes anzugeben, die sie für die Zeit des Reservistendienstes erhalten.</P><P>(2) Empfängerinnen und Empfänger von Leistungen nach Kapitel 2 Abschnitt 1 und 2 haben dem Bundesamt unverzüglich jede Änderung der tatsächlichen oder rechtlichen Verhältnisse mitzuteilen, die der Leistungserbringung zugrunde liegen.</P><P>(3) Die Arbeitgeberinnen und Arbeitgeber von Leistungsempfängerinnen und Leistungsempfängern haben dem Bundesamt auf Anforderung Auskunft über die Art und die Dauer der Beschäftigung, über die Arbeitsstätte und die Höhe des Arbeitsentgelts der Leistungsempfängerin oder des Leistungsempfängers zu erteilen, soweit die Kenntnis dieser Daten für die Berechnung der Leistungen nach diesem Gesetz erforderlich ist.</P><P>(4) Die Sozialleistungsträger übermitteln dem Bundesamt auf Ersuchen die ihnen bekannten Sozialdaten zu Leistungsempfängerinnen und Leistungsempfängern, soweit die Kenntnis dieser Daten für die Berechnung der Leistungen nach diesem Gesetz erforderlich ist.</P><P>(5) Die Finanzbehörden erteilen dem Bundesamt auf Ersuchen Auskunft über die ihnen bekannten Einkommens- und Vermögensverhältnisse der Leistungsempfängerinnen und Leistungsempfänger, soweit die Kenntnis dieser Verhältnisse für die Berechnung der Leistungen nach diesem Gesetz erforderlich ist.</P><P>(6) Die für die Aufforderung zum Dienstantritt, die Einberufung, die Heranziehung oder die Entlassung von Reservistendienst Leistenden zuständige Stelle übermittelt dem Bundesamt auf Ersuchen unverzüglich die Tatsachen, deren Kenntnis für die Berechnung der Leistungen nach diesem Gesetz erforderlich ist.</P></Content></text><fussnoten/></textdaten></norm>
<norm builddate="20250312223021" doknr="BJNR117900019BJNE002900000"><metadaten><jurabk>USG 2020</jurabk><jurabk>USG</jurabk><enbez>§ 28</enbez><titel format="XML">Folgen fehlender Mitwirkung</titel></metadaten><textdaten><text format="XML"><Content><P>(1) Kommt eine Antragstellerin oder ein Antragsteller oder eine Leistungsempfängerin oder ein Leistungsempfänger einer Mitwirkungspflicht nach § 27 Absatz 1 oder 2 dieses Gesetzes oder nach § 27 Absatz 2 des Verwaltungsverfahrensgesetzes nicht nach und wird hierdurch die Aufklärung des Sachverhalts erheblich erschwert, so kann die Leistung ohne weitere Ermittlungen, bis die Mitwirkung nachgeholt wird, versagt oder entzogen werden. Dies gilt entsprechend, wenn die Aufklärung des Sachverhalts in anderer Weise absichtlich erheblich erschwert wird.</P><P>(2) Leistungen nach diesem Gesetz dürfen wegen fehlender Mitwirkung nur versagt oder entzogen werden, wenn die Antragstellerin oder der Antragsteller oder die Leistungsempfängerin oder der Leistungsempfänger auf diese Folge schriftlich oder elektronisch hingewiesen worden und ihrer oder seiner Mitwirkungspflicht nicht innerhalb einer ihr oder ihm gesetzten angemessenen Frist nachgekommen ist.</P><P>(3) Wird die Mitwirkung nachgeholt und liegen die Leistungsvoraussetzungen vor, kann die Leistung nachträglich gewährt werden.</P></Content></text></textdaten></norm>
<norm builddate="20250312223021" doknr="BJNR117900019BJNE003000000"><metadaten><jurabk>USG 2020</jurabk><jurabk>USG</jurabk><enbez>§ 29</enbez><titel format="XML">Vertretung der Bundesrepublik Deutschland</titel></metadaten><textdaten><text format="XML"><Content><P>Die Bundesministerin der Verteidigung oder der Bundesminister der Verteidigung kann die Vertretung der Bundesrepublik Deutschland in Rechtsstreitigkeiten nach diesem Gesetz durch allgemeine Anordnung übertragen. Die Anordnung ist im Bundesgesetzblatt zu veröffentlichen.</P></Content></text></textdaten></norm>
<norm builddate="20250312223021" doknr="BJNR117900019BJNG000700000"><metadaten><jurabk>USG 2020</jurabk><jurabk>USG</jurabk><gliederungseinheit><gliederungskennzahl>040</gliederungskennzahl><gliederungsbez>Kapitel 4</gliederungsbez><gliederungstitel>Bußgeldvorschriften</gliederungstitel></gliederungseinheit></metadaten><textdaten/></norm>
<norm builddate="20250312223021" doknr="BJNR117900019BJNE003100000"><metadaten><jurabk>USG 2020</jurabk><jurabk>USG</jurabk><enbez>§ 30</enbez><titel format="XML">Bußgeldvorschriften</titel></metadaten><textdaten><text format="XML"><Content><P>(1) Ordnungswidrig handelt, wer vorsätzlich oder fahrlässig <DL Type="arabic"><DT>1.</DT><DD Font="normal"><LA>entgegen § 27 Absatz 1 eine Angabe nicht richtig macht,</LA></DD><DT>2.</DT><DD Font="normal"><LA>entgegen § 27 Absatz 2 eine Mitteilung nicht, nicht richtig, nicht vollständig oder nicht rechtzeitig macht oder</LA></DD><DT>3.</DT><DD Font="normal"><LA>entgegen § 27 Absatz 3 eine Auskunft nicht, nicht richtig, nicht vollständig oder nicht rechtzeitig erteilt.</LA></DD></DL></P><P>(2) Die Ordnungswidrigkeit kann mit einer Geldbuße bis zu dreitausend Euro geahndet werden.</P><P>(3) Verwaltungsbehörde im Sinne des § 36 Absatz 1 Nummer 1 des Gesetzes über Ordnungswidrigkeiten ist das Bundesamt für das Personalmanagement der Bundeswehr.</P></Content></text></textdaten></norm>
<norm builddate="20250312223021" doknr="BJNR117900019BJNE003200000"><metadaten><jurabk>USG 2020</jurabk><jurabk>USG</jurabk><enbez>Anlage 1</enbez><titel format="XML">(zu § 8)<BR/>Mindestleistung</titel></metadaten><textdaten><text format="XML"><Content><P><noindex><kommentar typ="Fundstelle">(Fundstelle: BGBl. I 2019, 1184)</kommentar></noindex></P><BR/><table colsep="1" frame="all" rowsep="1" tocentry="%yes;"><tgroup align="left" char="" charoff="50" cols="6"><colspec align="center" colname="col1" colnum="1" colwidth="8*"/><colspec colname="col2" colnum="2" colwidth="55.5*"/><colspec align="center" colname="col3" colnum="3" colwidth="25*"/><colspec align="center" colname="col4" colnum="4" colwidth="25*"/><colspec align="center" colname="col5" colnum="5" colwidth="25*"/><colspec align="center" colname="col6" colnum="6" colwidth="25*"/><thead valign="bottom"><row><entry VJ="1" colname="col1"/><entry VJ="1" align="center" colname="col2">Dienstgrad</entry><entry VJ="1" nameend="col6" namest="col3">Tagessatz</entry></row><row><entry VJ="1" colname="col1"/><entry VJ="1" align="center" colname="col2">1</entry><entry VJ="1" colname="col3">2</entry><entry VJ="1" colname="col4">3</entry><entry VJ="1" colname="col5">4</entry><entry VJ="1" colname="col6">5</entry></row><row><entry VJ="1" colname="col1"/><entry VJ="1" colname="col2"/><entry VJ="1" colname="col3"><BR/>Reservistendienst<BR/> Leistende<BR/> ohne Kind</entry><entry VJ="1" colname="col4">Reservistendienst<BR/> Leistende<BR/> mit einem unter-<BR/> haltsberechtigten<BR/> Kind</entry><entry VJ="1" colname="col5">Reservistendienst<BR/> Leistende<BR/> mit zwei unter-<BR/> haltsberechtigten<BR/> Kindern</entry><entry VJ="1" colname="col6">Reservistendienst<BR/> Leistende<BR/> mit drei unter-<BR/> haltsberechtigten<BR/> Kindern<FnR ID="F807830_01_BJNR117900019BJNE003200000"/></entry></row></thead><tbody valign="top"><row><entry VJ="1" colname="col1"> 1</entry><entry VJ="1" colname="col2">Grenadier, Jäger, Panzerschütze, Panzergrenadier, Panzerjäger,<BR/> Kanonier, Panzerkanonier, Pionier, Panzerpionier, Funker, Panzer-<BR/> funker, Schütze, Flieger, Sanitäts-<BR/> soldat, Matrose, Gefreiter</entry><entry VJ="1" colname="col3">65,60 €</entry><entry VJ="1" colname="col4">77,16 €</entry><entry VJ="1" colname="col5">81,17 €</entry><entry VJ="1" colname="col6">91,60 €</entry></row><row><entry VJ="1" colname="col1"> 2</entry><entry VJ="1" colname="col2">Obergefreiter, Hauptgefreiter</entry><entry VJ="1" colname="col3">66,69 €</entry><entry VJ="1" colname="col4">78,42 €</entry><entry VJ="1" colname="col5">82,26 €</entry><entry VJ="1" colname="col6">92,47 €</entry></row><row><entry VJ="1" colname="col1"> 3</entry><entry VJ="1" colname="col2">Stabsgefreiter, Oberstabsgefreiter, Unteroffizier, Maat, Fahnenjunker, Seekadett</entry><entry VJ="1" colname="col3">67,10 €</entry><entry VJ="1" colname="col4">78,87 €</entry><entry VJ="1" colname="col5">82,54 €</entry><entry VJ="1" colname="col6">92,61 €</entry></row><row><entry VJ="1" colname="col1"> 4</entry><entry VJ="1" colname="col2">Stabsunteroffizier, Obermaat</entry><entry VJ="1" colname="col3">68,77 €</entry><entry VJ="1" colname="col4">80,61 €</entry><entry VJ="1" colname="col5">83,77 €</entry><entry VJ="1" colname="col6">93,35 €</entry></row><row><entry VJ="1" colname="col1"> 5</entry><entry VJ="1" colname="col2">Feldwebel, Bootsmann, Fähnrich, Fähnrich zur See, Oberfeldwebel, Oberbootsmann</entry><entry VJ="1" colname="col3">70,99 €</entry><entry VJ="1" colname="col4">83,12 €</entry><entry VJ="1" colname="col5">86,25 €</entry><entry VJ="1" colname="col6">95,75 €</entry></row><row><entry VJ="1" colname="col1"> 6</entry><entry VJ="1" colname="col2">Hauptfeldwebel, Hauptbootsmann, Oberfähnrich, Oberfähnrich zur See</entry><entry VJ="1" colname="col3">74,27 €</entry><entry VJ="1" colname="col4">86,81 €</entry><entry VJ="1" colname="col5">89,87 €</entry><entry VJ="1" colname="col6">99,33 €</entry></row><row><entry VJ="1" colname="col1"> 7</entry><entry VJ="1" colname="col2">Stabsfeldwebel, Stabsbootsmann, Oberstabsfeldwebel, Oberstabsbootsmann, Leutnant, Leutnant zur See</entry><entry VJ="1" colname="col3">79,12 €</entry><entry VJ="1" colname="col4">92,47 €</entry><entry VJ="1" colname="col5">95,50 €</entry><entry VJ="1" colname="col6">104,87 €</entry></row><row><entry VJ="1" colname="col1"> 8</entry><entry VJ="1" colname="col2">Oberleutnant, Oberleutnant zur See</entry><entry VJ="1" colname="col3">83,76 €</entry><entry VJ="1" colname="col4">97,45 €</entry><entry VJ="1" colname="col5">100,66 €</entry><entry VJ="1" colname="col6">109,76 €</entry></row><row><entry VJ="1" colname="col1"> 9</entry><entry VJ="1" colname="col2">Hauptmann, Kapitänleutnant</entry><entry VJ="1" colname="col3">92,96 €</entry><entry VJ="1" colname="col4">107,81 €</entry><entry VJ="1" colname="col5">110,90 €</entry><entry VJ="1" colname="col6">120,08 €</entry></row><row><entry VJ="1" colname="col1">10</entry><entry VJ="1" colname="col2">Stabshauptmann, Stabskapitän-<BR/> leutnant, Major, Korvettenkapitän, Stabsapotheker, Stabsarzt, Stabsveterinär</entry><entry VJ="1" colname="col3">110,78 €</entry><entry VJ="1" colname="col4">128,12 €</entry><entry VJ="1" colname="col5">131,25 €</entry><entry VJ="1" colname="col6">140,46 €</entry></row><row><entry VJ="1" colname="col1">11</entry><entry VJ="1" colname="col2">Oberstleutnant, Fregattenkapitän, Oberstabsapotheker, Oberstabs-<BR/> arzt, Oberstabsveterinär</entry><entry VJ="1" colname="col3">113,16 €</entry><entry VJ="1" colname="col4">130,91 €</entry><entry VJ="1" colname="col5">134,06 €</entry><entry VJ="1" colname="col6">143,06 €</entry></row><row><entry VJ="1" colname="col1">12</entry><entry VJ="1" colname="col2">Oberfeldapotheker, Flottillenapo-<BR/> theker, Oberfeldarzt, Flottillenarzt, Oberfeldveterinär</entry><entry VJ="1" colname="col3">131,40 €</entry><entry VJ="1" colname="col4">153,03 €</entry><entry VJ="1" colname="col5">156,09 €</entry><entry VJ="1" colname="col6">164,78 €</entry></row><row><entry VJ="1" colname="col1">13</entry><entry VJ="1" colname="col2">Oberst, Kapitän zur See, Oberst-<BR/> apotheker, Flottenapotheker, Oberstarzt, Flottenarzt, Oberstveterinär und höhere Dienstgrade</entry><entry VJ="1" colname="col3">141,51 €</entry><entry VJ="1" colname="col4">165,20 €</entry><entry VJ="1" colname="col5">168,22 €</entry><entry VJ="1" colname="col6">176,77 €</entry></row></tbody></tgroup></table><P>_____________________</P><FnArea Line="1" Size="normal"><FnR ID="F807830_01_BJNR117900019BJNE003200000"/></FnArea></Content><Footnotes><Footnote FnZ="*" Group="manuell" ID="F807830_01_BJNR117900019BJNE003200000" Pos="normal">Bei mehr als drei unterhaltsberechtigten Kindern wird der Tagessatz für jedes weitere Kind um die Differenz zwischen den Tagessätzen nach den Spalten 4 und 5 erhöht.</Footnote></Footnotes></text></textdaten></norm>
<norm builddate="20250312223021" doknr="BJNR117900019BJNE003300000"><metadaten><jurabk>USG 2020</jurabk><jurabk>USG</jurabk><enbez>Anlage 2</enbez><titel format="XML">(zu den §§ 11, 14 und 19)<BR/>Prämie, Dienstgeld, Auslandszuschlag</titel></metadaten><textdaten><text format="XML"><Content><P><noindex><kommentar typ="Fundstelle">(Fundstelle: BGBl. I 2019, 1185)</kommentar></noindex></P><BR/><table colsep="1" frame="all" rowsep="1" tocentry="%yes;"><tgroup align="left" char="" charoff="50" cols="4"><colspec align="center" colname="col1" colnum="1" colwidth="8*"/><colspec colname="col2" colnum="2" colwidth="51.5*"/><colspec align="center" colname="col3" colnum="3" colwidth="26*"/><colspec align="center" colname="col4" colnum="4" colwidth="26*"/><thead valign="bottom"><row><entry VJ="1" colname="col1"/><entry VJ="1" colname="col2"/><entry VJ="1" nameend="col4" namest="col3">Tagessatz</entry></row><row><entry VJ="1" colname="col1"/><entry VJ="1" align="center" colname="col2">1</entry><entry VJ="1" colname="col3">2</entry><entry VJ="1" colname="col4">3</entry></row><row><entry VJ="1" colname="col1"/><entry VJ="1" align="center" colname="col2" valign="middle">Dienstgrad</entry><entry VJ="1" colname="col3" valign="middle">Prämie nach § 11</entry><entry VJ="1" colname="col4" valign="middle">Auslandszuschlag nach § 19</entry></row></thead><tbody valign="top"><row><entry VJ="1" colname="col1"> 1</entry><entry VJ="1" colname="col2">Grenadier, Jäger, Panzerschütze, Panzergrenadier, Panzerjäger, Kanonier, Panzerkanonier, Pionier, Panzerpionier, Funker, Panzerfunker, Schütze, Flieger, Sanitätssoldat, Matrose, Gefreiter</entry><entry VJ="1" colname="col3">18,82 €</entry><entry VJ="1" colname="col4">10,18 €</entry></row><row><entry VJ="1" colname="col1"> 2</entry><entry VJ="1" colname="col2">Obergefreiter, Hauptgefreiter</entry><entry VJ="1" colname="col3">20,67 €</entry><entry VJ="1" colname="col4">11,71 €</entry></row><row><entry VJ="1" colname="col1"> 3</entry><entry VJ="1" colname="col2">Stabsgefreiter, Oberstabsgefreiter, Unteroffizier, Maat, Fahnenjunker, Seekadett</entry><entry VJ="1" colname="col3">21,59 €</entry><entry VJ="1" colname="col4">13,25 €</entry></row><row><entry VJ="1" colname="col1"> 4</entry><entry VJ="1" colname="col2">Stabsunteroffizier, Obermaat</entry><entry VJ="1" colname="col3">23,45 €</entry><entry VJ="1" colname="col4">13,25 €</entry></row><row><entry VJ="1" colname="col1"> 5</entry><entry VJ="1" colname="col2">Feldwebel, Bootsmann, Fähnrich, Fähnrich zur See, Oberfeldwebel, Oberbootsmann</entry><entry VJ="1" colname="col3">24,06 €</entry><entry VJ="1" colname="col4">13,76 €</entry></row><row><entry VJ="1" colname="col1"> 6</entry><entry VJ="1" colname="col2">Hauptfeldwebel, Hauptbootsmann, Oberfähnrich, Oberfähnrich zur See</entry><entry VJ="1" colname="col3">24,38 €</entry><entry VJ="1" colname="col4">14,27 €</entry></row><row><entry VJ="1" colname="col1"> 7</entry><entry VJ="1" colname="col2">Stabsfeldwebel, Stabsbootsmann, Oberstabsfeldwebel, Oberstabsbootsmann, Leutnant, Leutnant zur See</entry><entry VJ="1" colname="col3">24,68 €</entry><entry VJ="1" colname="col4">14,27 €</entry></row><row><entry VJ="1" colname="col1"> 8</entry><entry VJ="1" colname="col2">Oberleutnant, Oberleutnant zur See</entry><entry VJ="1" colname="col3">25,29 €</entry><entry VJ="1" colname="col4">14,78 €</entry></row><row><entry VJ="1" colname="col1"> 9</entry><entry VJ="1" colname="col2">Hauptmann, Kapitänleutnant</entry><entry VJ="1" colname="col3">25,91 €</entry><entry VJ="1" colname="col4">15,29 €</entry></row><row><entry VJ="1" colname="col1">10</entry><entry VJ="1" colname="col2">Stabshauptmann, Stabskapitänleutnant, Major, Korvettenkapitän, Stabsapotheker, Stabsarzt, Stabsveterinär</entry><entry VJ="1" colname="col3">26,52 €</entry><entry VJ="1" colname="col4">15,80 €</entry></row><row><entry VJ="1" colname="col1">11</entry><entry VJ="1" colname="col2">Oberstleutnant, Fregattenkapitän, Oberstabsapotheker, Oberstabsarzt, Oberstabsveterinär</entry><entry VJ="1" colname="col3">27,15 €</entry><entry VJ="1" colname="col4">16,32 €</entry></row><row><entry VJ="1" colname="col1">12</entry><entry VJ="1" colname="col2">Oberfeldapotheker, Flottillenapotheker, Oberfeldarzt, Flottillenarzt, Oberfeldveterinär</entry><entry VJ="1" colname="col3">27,77 €</entry><entry VJ="1" colname="col4">16,32 €</entry></row><row><entry VJ="1" colname="col1">13</entry><entry VJ="1" colname="col2">Oberst, Kapitän zur See, Oberstapotheker, Flottenapotheker, Oberstarzt, Flottenarzt, Oberstveterinär und höhere Dienstgrade</entry><entry VJ="1" colname="col3">29,00 €</entry><entry VJ="1" colname="col4">16,83 €</entry></row></tbody></tgroup></table></Content></text></textdaten></norm>
</dokumente>