<?xml version="1.0" encoding="UTF-8" ?><!DOCTYPE dokumente SYSTEM "http://www.gesetze-im-internet.de/dtd/1.01/gii-norm.dtd">
<dokumente builddate="20231128213533" doknr="BJNR065300010"><norm builddate="20231128213533" doknr="BJNR065300010"><metadaten><jurabk>Münz10EuroBek 2010-05-10</jurabk><ausfertigung-datum manuell="ja">2010-05-10</ausfertigung-datum><fundstelle typ="amtlich"><periodikum>BGBl I</periodikum><zitstelle>2010, 653 (885) (2012 I 1362)</zitstelle></fundstelle><langue>Bekanntmachung über die Ausprägung von deutschen Euro-Gedenkmünzen im Nennwert von 10 Euro (Gedenkmünze „300 Jahre Porzellanherstellung in Deutschland“)</langue></metadaten><textdaten><fussnoten><Content><P><BR/> <pre xml:space="preserve">(+++ Textnachweis ab: 27.5.2010 +++)<BR/><BR/></pre></P></Content></fussnoten></textdaten></norm>
<norm builddate="20231128213533" doknr="BJNR065300010BJNE000100000"><metadaten><jurabk>Münz10EuroBek 2010-05-10</jurabk><enbez>(XXXX)</enbez></metadaten><textdaten><text format="XML"><Content><P>Gemäß den §§ 2, 4 und 5 des Münzgesetzes vom 16. Dezember 1999 (BGBl. I S. 2402) hat die Bundesregierung beschlossen, zum Thema „300 Jahre Porzellanherstellung in Deutschland“ eine deutsche Euro-Gedenkmünze im Nennwert von 10 Euro prägen zu lassen.</P><P>Die Auflage der Münze beträgt 1 931 900 Stück, darunter 180 000 Stück in Spiegelglanzausführung. Die Prägung erfolgt durch die Staatlichen Münzen Baden-Württemberg.</P><P>Die Münze wird ab dem 8. Juli 2010 in den Verkehr gebracht. Sie besteht aus einer Legierung von 925 Tausendteilen Silber und 75 Tausendteilen Kupfer, hat einen Durchmesser von 32,5 Millimetern und eine Masse von 18 Gramm. Das Gepräge auf beiden Seiten ist erhaben und wird von einem schützenden, glatten Randstab umgeben.</P><P>Die Bildseite der Münze erhält durch die sehr große Gestaltung des Tellers eine monumentale Ausstrahlung. Der Künstler setzt sich mit dem Thema Porzellan auf eine erfrischende und unkonventionelle Weise auseinander. Gezeigt wird ein zerbrochener Teller, der einen Teil des Wesens des Porzellans verkörpert: seine Zerbrechlichkeit.</P><P>Ähnlich der Bildseite wird auf der Wertseite der Adler harmonisch ins Zentrum gestellt. Durch die Einfügung strenger ornamentaler Strukturen erhält das Hoheitssymbol eine deutliche Plastizität.</P><P>Die Wertseite zeigt einen Adler, den Schriftzug „BUNDESREPUBLIK DEUTSCHLAND“, die Wertziffer und Wertbezeichnung, die Jahreszahl 2010 sowie das Prägezeichen „F“ der Staatlichen Münzen Baden-Württemberg.</P><P>Der glatte Münzrand enthält in vertiefter Prägung die Inschrift:</P><P>„ZAUBER DER ZERBRECHLICHKEIT“.</P><P>Der Entwurf stammt von dem Künstler Ulrich Böhme aus Stuttgart.</P></Content></text></textdaten></norm>
<norm builddate="20231128213533" doknr="BJNR065300010BJNE000200000"><metadaten><jurabk>Münz10EuroBek 2010-05-10</jurabk><enbez>Schlussformel</enbez></metadaten><textdaten><text format="XML"><Content><P><SP>Der Bundesminister der Finanzen</SP></P></Content></text></textdaten></norm>
<norm builddate="20231128213533" doknr="BJNR065300010BJNE000300000"><metadaten><jurabk>Münz10EuroBek 2010-05-10</jurabk><enbez>(XXXX)</enbez></metadaten><textdaten><text format="XML"><Content><kommentar typ="Fundstelle">(Fundstelle: BGBl. 2010, 653)</kommentar><BR/><table frame="none" tocentry="%yes;"><tgroup align="left" char="" charoff="50" cols="2"><colspec colname="col1" colwidth="1*"/><colspec colname="col2" colwidth="1*"/><tbody valign="top"><row><entry VJ="1" align="center" colname="col1" valign="top"><IMG Align="center" Height="829" Pos="inline" SRC="bgbl1_2010_j0653-1_0010.jpg" Type="TIF" Units="263.218994140625" alt=""/></entry><entry VJ="1" align="center" colname="col2" valign="top"><IMG Align="center" Height="832" Pos="inline" SRC="bgbl1_2010_j0653-1_0020.jpg" Type="TIF" Units="264.160003662109" alt=""/></entry></row></tbody></tgroup></table></Content></text></textdaten></norm>
</dokumente>