<?xml version="1.0" encoding="UTF-8" ?><!DOCTYPE dokumente SYSTEM "http://www.gesetze-im-internet.de/dtd/1.01/gii-norm.dtd">
<dokumente builddate="20231231214359" doknr="BJNR273910017"><norm builddate="20231231214359" doknr="BJNR273910017"><metadaten><jurabk>WRegG</jurabk><amtabk>WRegG</amtabk><ausfertigung-datum manuell="ja">2017-07-18</ausfertigung-datum><fundstelle typ="amtlich"><periodikum>BGBl I</periodikum><zitstelle>2017, 2739</zitstelle></fundstelle><kurzue>Wettbewerbsregistergesetz</kurzue><langue>Gesetz zur Einrichtung und zum Betrieb eines Registers zum Schutz des Wettbewerbs um öffentliche Aufträge und Konzessionen</langue><standangabe checked="ja"><standtyp>Stand</standtyp><standkommentar>Zuletzt geändert durch Art. 12 G v. 28.6.2023 I Nr. 172</standkommentar></standangabe></metadaten><textdaten><fussnoten><Content><P><BR/> <pre xml:space="preserve">(+++ Textnachweis ab: 29.7.2017 +++)<BR/>(+++ Zur Anwendung vgl. § 5 Abs. 1 u. § 12 Abs. 2 +++)<BR/><BR/></pre>Das G wurde als Artikel 1 des G v. 18.7.2017 I 2739 vom Bundestag beschlossen.  Es ist gem. Art. 3 Abs. 1 dieses G am 29.7.2017 in Kraft getreten.</P></Content></fussnoten></textdaten></norm>
<norm builddate="20231231214359" doknr="BJNR273910017BJNE000100000"><metadaten><jurabk>WRegG</jurabk><enbez>§ 1</enbez><titel format="XML">Einrichtung des Wettbewerbsregisters</titel></metadaten><textdaten><text format="XML"><Content><P>(1) Beim Bundeskartellamt (Registerbehörde) wird ein Register zum Schutz des Wettbewerbs um öffentliche Aufträge und Konzessionen (Wettbewerbsregister) eingerichtet und geführt.</P><P>(2) Mit dem Wettbewerbsregister werden Auftraggebern im Sinne von § 98 des Gesetzes gegen Wettbewerbsbeschränkungen Informationen über Ausschlussgründe im Sinne der §§ 123 und 124 des Gesetzes gegen Wettbewerbsbeschränkungen zur Verfügung gestellt.</P><P>(3) Das Wettbewerbsregister wird in Form einer elektronischen Datenbank geführt.</P></Content></text></textdaten></norm>
<norm builddate="20231231214359" doknr="BJNR273910017BJNE000203125"><metadaten><jurabk>WRegG</jurabk><enbez>§ 2</enbez><titel format="XML">Eintragungsvoraussetzungen</titel></metadaten><textdaten><text format="XML"><Content><P>(1) In das Wettbewerbsregister sind einzutragen: <DL Font="normal" Type="arabic"><DT>1.</DT><DD Font="normal"><LA Size="normal">rechtskräftige strafgerichtliche Verurteilungen und Strafbefehle, die wegen einer der folgenden Straftaten ergangen sind: <DL Font="normal" Type="alpha"><DT>a)</DT><DD Font="normal"><LA Size="normal">in § 123 Absatz 1 des Gesetzes gegen Wettbewerbsbeschränkungen aufgeführte Straftaten,</LA></DD><DT>b)</DT><DD Font="normal"><LA Size="normal">Betrug nach § 263 des Strafgesetzbuchs und Subventionsbetrug nach § 264 des Strafgesetzbuchs, soweit sich die Straftat gegen öffentliche Haushalte richtet,</LA></DD><DT>c)</DT><DD Font="normal"><LA Size="normal">Vorenthalten und Veruntreuen von Arbeitsentgelt nach § 266a des Strafgesetzbuchs,</LA></DD><DT>d)</DT><DD Font="normal"><LA Size="normal">Steuerhinterziehung nach § 370 der Abgabenordnung oder</LA></DD><DT>e)</DT><DD Font="normal"><LA Size="normal">wettbewerbsbeschränkende Absprachen bei Ausschreibungen nach § 298 des Strafgesetzbuchs;</LA></DD></DL></LA></DD><DT>2.</DT><DD Font="normal"><LA Size="normal">rechtskräftige strafgerichtliche Verurteilungen und Strafbefehle sowie rechtskräftige Bußgeldentscheidungen, die wegen einer der folgenden Straftaten oder Ordnungswidrigkeiten ergangen sind, sofern auf Freiheitsstrafe von mehr als drei Monaten oder Geldstrafe von mehr als 90 Tagessätzen erkannt oder eine Geldbuße von wenigstens zweitausendfünfhundert Euro festgesetzt worden ist: <DL Font="normal" Type="alpha"><DT>a)</DT><DD Font="normal"><LA Size="normal">nach § 8 Absatz 1 Nummer 2, den §§ 10 bis 11 des Schwarzarbeitsbekämpfungsgesetzes vom 23. Juli 2004 (BGBl. I S. 1842), das zuletzt durch Artikel 1 des Gesetzes vom 6. März 2017 (BGBl. I S. 399) geändert worden ist,</LA></DD><DT>b)</DT><DD Font="normal"><LA Size="normal">nach § 404 Absatz 1 und 2 Nummer 3 des Dritten Buches Sozialgesetzbuch – Arbeitsförderung – (Artikel 1 des Gesetzes vom 24. März 1997, BGBl. I S. 594, 595), das zuletzt durch Artikel 6 Absatz 8 des Gesetzes vom 23. Mai 2017 (BGBl. I S. 1228) geändert worden ist,</LA></DD><DT>c)</DT><DD Font="normal"><LA Size="normal">nach den §§ 15, 15a, 16 Absatz 1 Nummer 1, 1c, 1d, 1f und 2 des Arbeitnehmerüberlassungsgesetzes in der Fassung der Bekanntmachung vom 3. Februar 1995 (BGBl. I S. 158), das zuletzt durch Artikel 1 des Gesetzes vom 21. Februar 2017 (BGBl. I S. 258) geändert worden ist,</LA></DD><DT>d)</DT><DD Font="normal"><LA Size="normal">nach § 21 Absatz 1 Nummer 1 bis 8, 10 und 11 sowie Absatz 2 des Mindestlohngesetzes vom 11. August 2014 (BGBl. I S. 1348), das zuletzt durch Artikel 6 Absatz 39 des Gesetzes vom 13. April 2017 (BGBl. I S. 872) geändert worden ist, oder</LA></DD><DT>e)</DT><DD Font="normal"><LA Size="normal">nach § 23 Absatz 1 Nummer 1 bis 9 und 11 sowie Absatz 2 des Arbeitnehmer-Entsendegesetzes vom 20. April 2009 (BGBl. I S. 799), das zuletzt durch Artikel 6 Absatz 40 des Gesetzes vom 13. April 2017 (BGBl. I S. 872) geändert worden ist;</LA></DD></DL></LA></DD><DT>3.</DT><DD Font="normal"><LA Size="normal">rechtskräftige Bußgeldentscheidungen, die nach § 30 des Gesetzes über Ordnungswidrigkeiten, auch in Verbindung mit § 130 des Gesetzes über Ordnungswidrigkeiten, wegen Straftaten nach Nummer 1 oder Straftaten oder Ordnungswidrigkeiten nach Nummer 2 ergangen sind; oder</LA></DD><DT>4.</DT><DD Font="normal"><LA Size="normal">rechtskräftige Bußgeldentscheidungen, die wegen Ordnungswidrigkeiten nach § 24 Absatz 1 des Lieferkettensorgfaltspflichtengesetzes vom 16. Juli 2021 (BGBl. I S. 2959) ergangen sind, wenn ein Bußgeld von wenigstens einhundertfünfundsiebzigtausend Euro festgesetzt worden ist.</LA></DD></DL></P><P>(2) In das Wettbewerbsregister werden ferner Bußgeldentscheidungen eingetragen, die wegen Ordnungswidrigkeiten nach § 81 Absatz 1 Nummer 1, Absatz 2 Nummer 1 in Verbindung mit § 1 des Gesetzes gegen Wettbewerbsbeschränkungen ergangen sind, wenn eine Geldbuße von wenigstens fünfzigtausend Euro festgesetzt worden ist. Nicht eingetragen werden Bußgeldentscheidungen, die nach § 81a Absatz 1 bis 3 des Gesetzes gegen Wettbewerbsbeschränkungen ergangen sind.</P><P>(3) Die Eintragung von strafgerichtlichen Entscheidungen und Bußgeldentscheidungen nach Absatz 1 Nummer 1 und 2 und von Entscheidungen gegen eine natürliche Person nach Absatz 2 erfolgt nur, wenn das Verhalten der natürlichen Person einem Unternehmen zuzurechnen ist. Das ist der Fall, wenn die natürliche Person als für die Leitung des Unternehmens Verantwortliche gehandelt hat, wozu auch die Überwachung der Geschäftsführung oder die sonstige Ausübung von Kontrollbefugnissen in leitender Stellung gehört.</P><P>(4) Unternehmen im Sinne dieses Gesetzes ist jede natürliche oder juristische Person oder eine Gruppe solcher Personen, die auf dem Markt die Lieferung von Waren, die Ausführung von Bauleistungen oder die Erbringung von sonstigen Leistungen anbietet. Erlischt eine juristische Person oder eine Personenvereinigung mit Unternehmenseigenschaft nachträglich, steht dies der Eintragung nicht entgegen.</P></Content></text><fussnoten><Content><P>(+++ § 2: Zur Anwendung vgl. § 12 Abs. 2 Satz 1 +++)</P></Content></fussnoten></textdaten></norm>
<norm builddate="20231231214359" doknr="BJNR273910017BJNE000303125"><metadaten><jurabk>WRegG</jurabk><enbez>§ 3</enbez><titel format="XML">Inhalt der Eintragung in das Wettbewerbsregister</titel></metadaten><textdaten><text format="XML"><Content><P>(1) Die Registerbehörde speichert folgende Daten, die ihr von einer nach § 4 zur Mitteilung verpflichteten Behörde übermittelt wurden, in einer elektronischen Datenbank: <DL Font="normal" Type="arabic"><DT>1.</DT><DD Font="normal"><LA Size="normal">den Namen der mitteilenden Behörde,</LA></DD><DT>2.</DT><DD Font="normal"><LA Size="normal">das Datum der einzutragenden Entscheidung und ihrer Rechts- beziehungsweise Bestandskraft,</LA></DD><DT>3.</DT><DD Font="normal"><LA Size="normal">das Aktenzeichen des Vorgangs der mitteilenden Behörde,</LA></DD><DT>4.</DT><DD Font="normal"><LA Size="normal">vom betroffenen Unternehmen <DL Font="normal" Type="alpha"><DT>a)</DT><DD Font="normal"><LA Size="normal">die Firma,</LA></DD><DT>b)</DT><DD Font="normal"><LA Size="normal">die Rechtsform,</LA></DD><DT>c)</DT><DD Font="normal"><LA Size="normal">den Familiennamen und den Vornamen der gesetzlichen Vertreter,</LA></DD><DT>d)</DT><DD Font="normal"><LA Size="normal">bei Personengesellschaften den Familiennamen und den Vornamen der geschäftsführenden Gesellschafter,</LA></DD><DT>e)</DT><DD Font="normal"><LA Size="normal">die Postanschrift des Unternehmens,</LA></DD><DT>f)</DT><DD Font="normal"><LA Size="normal">bei inländischen Unternehmen das Registergericht und die Registernummer aus dem Handels-, Genossenschafts-, Gesellschafts-, Vereins-, Partnerschafts- oder bei vergleichbaren amtlichen Registern die Registernummer und die registerführende Stelle, soweit vorhanden,</LA></DD><DT>g)</DT><DD Font="normal"><LA Size="normal">bei ausländischen Unternehmen anstelle der in Buchstabe f genannten Angaben eine der Registernummer vergleichbare Nummer und die registerführende Stelle, soweit vorhanden, sowie</LA></DD><DT>h)</DT><DD Font="normal"><LA Size="normal">soweit vorhanden, die Umsatzsteueridentifikationsnummer,</LA></DD></DL></LA></DD><DT>5.</DT><DD Font="normal"><LA Size="normal">von der natürlichen Person, gegen die sich die einzutragende Entscheidung richtet oder die im Bußgeldbescheid nach § 30 des Gesetzes gegen Ordnungswidrigkeiten genannt wird, <DL Font="normal" Type="alpha"><DT>a)</DT><DD Font="normal"><LA Size="normal">den Familiennamen, den Geburtsnamen und den Vornamen der natürlichen Person,</LA></DD><DT>b)</DT><DD Font="normal"><LA Size="normal">das Geburtsdatum, den Geburtsort und den Staat der Geburt der natürlichen Person</LA></DD><DT>c)</DT><DD Font="normal"><LA Size="normal">die Anschrift der betroffenen natürlichen Person und</LA></DD><DT>d)</DT><DD Font="normal"><LA Size="normal">die die Zurechnung des Fehlverhaltens zu einem Unternehmen gemäß § 2 Absatz 3 Satz 2 begründenden Umstände sowie</LA></DD></DL></LA></DD><DT>6.</DT><DD Font="normal"><LA Size="normal">die zur Registereintragung führende Straftat oder Ordnungswidrigkeit einschließlich der verhängten Sanktion.</LA></DD></DL></P><P>(2) Teilt ein Unternehmen nach seiner Eintragung in das Wettbewerbsregister der Registerbehörde mit, dass es Maßnahmen zur Selbstreinigung im Sinne des § 123 Absatz 4 Satz 2 oder des § 125 des Gesetzes gegen Wettbewerbsbeschränkungen nachweisen kann, speichert die Registerbehörde die übermittelten Daten im Wettbewerbsregister.</P><P>(3) Die in dem Wettbewerbsregister gespeicherten Daten und die Verfahrensakten der Registerbehörde sind vertraulich.</P><P>(4) Die Registerbehörde kann zur Überprüfung und Vervollständigung der in Absatz 1 Nummer 4 genannten Daten das Bundeszentralamt für Steuern um Übermittlung der gültigen Umsatzsteuer-Identifikationsnummer eines Unternehmens, das in das Wettbewerbsregister eingetragen ist oder eingetragen werden soll, ersuchen. In dem Ersuchen hat die Registerbehörde Name oder Firma sowie Rechtsform und Anschrift des betroffenen Unternehmens anzugeben. § 27a Absatz 2 Satz 2 des Umsatzsteuergesetzes bleibt unberührt.</P></Content></text><fussnoten/></textdaten></norm>
<norm builddate="20231231214359" doknr="BJNR273910017BJNE000400000"><metadaten><jurabk>WRegG</jurabk><enbez>§ 4</enbez><titel format="XML">Mitteilungen</titel></metadaten><textdaten><text format="XML"><Content><P>(1) Die Strafverfolgungsbehörden und die Behörden, die zur Verfolgung von Ordnungswidrigkeiten berufen sind, teilen bei Entscheidungen nach § 2 Absatz 1 und 2 der Registerbehörde unverzüglich die in § 3 Absatz 1 bezeichneten Daten mit. § 30 der Abgabenordnung steht der Mitteilung von Entscheidungen nach § 2 Absatz 1 Nummer 1 Buchstabe d sowie nach § 2 Absatz 1 Nummer 3 in Verbindung mit Absatz 1 Nummer 1 Buchstabe d nicht entgegen.</P><P>(2) Die Registerbehörde prüft die übermittelten Daten und sieht von einer Eintragung ab, wenn die Daten offensichtlich fehlerhaft sind. Stellt sich die Fehlerhaftigkeit erst nach der Eintragung heraus, berichtigt oder löscht die Registerbehörde die betroffenen Daten von Amts wegen. § 8 Absatz 3 gilt entsprechend.</P><P>(3) Werden den Strafverfolgungsbehörden oder den Behörden, die für die Verfolgung von Ordnungswidrigkeiten berufen sind, Umstände bekannt, die einer weiteren Speicherung der übermittelten Daten im Wettbewerbsregister entgegenstehen, so haben sie die Registerbehörde unverzüglich zu unterrichten.</P></Content></text><fussnoten><Content><P>(+++ § 4: Zur Anwendung vgl. § 12 Abs. 2 Satz 1 +++)</P></Content></fussnoten></textdaten></norm>
<norm builddate="20231231214359" doknr="BJNR273910017BJNE000501125"><metadaten><jurabk>WRegG</jurabk><enbez>§ 5</enbez><titel format="XML">Gelegenheit zur Stellungnahme vor Eintragung in das Wettbewerbsregister; Auskunftsanspruch</titel></metadaten><textdaten><text format="XML"><Content><P>(1) Vor der Eintragung in das Wettbewerbsregister informiert die Registerbehörde das betroffene Unternehmen in Textform über den Inhalt der geplanten Eintragung und gibt ihm Gelegenheit, innerhalb von zwei Wochen nach Zugang der Information Stellung zu nehmen. Weist das betroffene Unternehmen nach, dass die übermittelten Daten fehlerhaft sind, sieht die Registerbehörde von einer Eintragung ab oder korrigiert die fehlerhaften Daten. Die Registerbehörde kann die Frist zur Stellungnahme verlängern. § 8 Absatz 3 ist entsprechend anzuwenden.</P><P>(2) Auf Antrag erteilt die Registerbehörde Unternehmen oder natürlichen Personen Auskunft über den sie betreffenden Inhalt des Wettbewerbsregisters. Unbeschadet des Bestehens datenschutzrechtlicher Auskunftsansprüche ist ein erneuter Antrag nach Satz 1 desselben Unternehmens oder derselben natürlichen Person erst nach Ablauf eines Jahres zulässig, es sei denn, es besteht ein berechtigtes Interesse. Die Registerbehörde erteilt mit Zustimmung des betreffenden Unternehmens auf Antrag auch einer Stelle, die ein amtliches Verzeichnis führt, das den Anforderungen des Artikels 64 der Richtlinie 2014/24/EU entspricht, Auskunft über den das Unternehmen betreffenden Inhalt des Wettbewerbsregisters.</P><P>(3) Der Antrag nach Absatz 2 Satz 1 kann schriftlich mit amtlich oder öffentlich beglaubigter Unterschrift gestellt werden. Der Antragsteller hat seine Identität und, wenn er als gesetzlicher Vertreter handelt, zusätzlich seine Vertretungsmacht nachzuweisen. Für ein antragstellendes Unternehmen kann den Antrag nur ein gesetzlicher Vertreter stellen. Der Antragsteller kann sich bei der Antragstellung nicht durch einen Bevollmächtigten vertreten lassen.</P><P>(4) Der Antrag nach Absatz 2 Satz 1 kann auch elektronisch gestellt werden. In diesem Fall bedarf es einer elektronischen Identifizierung.</P><P>(5) Die Erteilung einer Auskunft nach Absatz 2 Satz 1 durch die Registerbehörde ist gebührenpflichtig.</P><P>(6) Unternehmen, die in das Wettbewerbsregister eingetragen sind oder von einer geplanten Eintragung betroffen sind, können zur Geltendmachung oder Verteidigung ihrer rechtlichen Interessen im Hinblick auf die Eintragung verlangen, dass einem bevollmächtigten Rechtsanwalt unbeschränkte Akteneinsicht gewährt wird.</P><P>(7) Für die Erteilung von Auskünften nach Artikel 15 der Verordnung (EU) 2016/679 des Europäischen Parlaments und des Rates vom 27. April 2016 zum Schutz natürlicher Personen bei der Verarbeitung personenbezogener Daten, zum freien Datenverkehr und zur Aufhebung der Richtlinie 95/46/EG gelten die Absätze 3 und 4 entsprechend.</P></Content></text><fussnoten><Content><P>(+++ § 5 Abs. 2: Zur Anwendung vgl. § 12 Abs. 2 Satz 2 +++)</P></Content></fussnoten></textdaten></norm>
<norm builddate="20231231214359" doknr="BJNR273910017BJNE000601125"><metadaten><jurabk>WRegG</jurabk><enbez>§ 6</enbez><titel format="XML">Abfragepflicht für Auftraggeber; Entscheidung über einen Ausschluss vom Vergabeverfahren</titel></metadaten><textdaten><text format="XML"><Content><P>(1) Ein öffentlicher Auftraggeber nach § 99 des Gesetzes gegen Wettbewerbsbeschränkungen ist verpflichtet, vor der Erteilung des Zuschlags in einem Verfahren über die Vergabe öffentlicher Aufträge mit einem geschätzten Auftragswert ab 30 000 Euro ohne Umsatzsteuer bei der Registerbehörde abzufragen, ob im Wettbewerbsregister Eintragungen zu demjenigen Bieter, an den der öffentliche Auftraggeber den Auftrag zu vergeben beabsichtigt, gespeichert sind. Ein Sektorenauftraggeber nach § 100 Absatz 1 Nummer 1 des Gesetzes gegen Wettbewerbsbeschränkungen sowie ein Konzessionsgeber nach § 101 Absatz 1 Nummer 1 und 2 des Gesetzes gegen Wettbewerbsbeschränkungen sind ab Erreichen der Schwellenwerte des § 106 des Gesetzes gegen Wettbewerbsbeschränkungen verpflichtet, bei der Registerbehörde vor Zuschlagserteilung abzufragen, ob im Wettbewerbsregister Eintragungen zu demjenigen Bieter, an den sie den Auftrag zu vergeben beabsichtigen, gespeichert sind. Eine Verpflichtung zur Abfrage besteht abweichend von den Sätzen 1 und 2 nicht bei Sachverhalten, für die das Vergaberecht Ausnahmen von der Anwendbarkeit des Vergaberechts vorsieht. Auslandsdienststellen sind abweichend von den Sätzen 1 und 2 nicht verpflichtet, das Wettbewerbsregister abzufragen. Auf eine erneute Abfrage bei der Registerbehörde kann der Auftraggeber verzichten, wenn er innerhalb der letzten zwei Monate zu dem entsprechenden Unternehmen bereits eine Auskunft aus dem Wettbewerbsregister erhalten hat. Auftraggeber dürfen von Bietern oder Bewerbern nicht die Vorlage einer Auskunft nach § 5 Absatz 2 Satz 1 verlangen.</P><P>(2) Daneben können Auftraggeber nach Absatz 1 bei der Registerbehörde abfragen <DL Type="arabic"><DT>1.</DT><DD Font="normal"><LA>bei öffentlichen Aufträgen und Konzessionen mit einem geschätzten Auftrags- oder Vertragswert unterhalb der Wertgrenzen nach Absatz 1, ob Eintragungen im Wettbewerbsregister zu demjenigen Bieter vorliegen, an den der Auftraggeber den Auftrag oder die Konzession zu vergeben beabsichtigt, und</LA></DD><DT>2.</DT><DD Font="normal"><LA>im Rahmen eines Teilnahmewettbewerbs, ob Eintragungen im Wettbewerbsregister in Bezug auf diejenigen Bewerber vorliegen, die der Auftraggeber zur Abgabe eines Angebots auffordern will.</LA></DD></DL></P><P>(3) Die Registerbehörde übermittelt dem abfragenden Auftraggeber die im Wettbewerbsregister gespeicherten Daten über das Unternehmen, das in der Abfrage benannt ist. Gibt es im Wettbewerbsregister zu einem Unternehmen keine Eintragung, teilt die Registerbehörde dies dem Auftraggeber mit.</P><P>(4) Die Auskünfte aus dem Wettbewerbsregister dürfen nur den Bediensteten zur Kenntnis gebracht werden, die mit der Entgegennahme der Auskunft oder mit der Bearbeitung des Vergabeverfahrens betraut sind.</P><P>(5) Der Auftraggeber entscheidet nach Maßgabe der vergaberechtlichen Vorschriften in eigener Verantwortung über den Ausschluss eines Unternehmens von der Teilnahme an dem Vergabeverfahren. § 7 Absatz 2 bleibt unberührt.</P><P>(6) Auftraggeber können von den Strafverfolgungsbehörden oder den zur Verfolgung von Ordnungswidrigkeiten berufenen Behörden ergänzende Informationen anfordern, soweit diese nach Einschätzung der Auftraggeber für die Vergabeentscheidung erforderlich sind. Die Strafverfolgungsbehörden und die zur Verfolgung von Ordnungswidrigkeiten berufenen Behörden dürfen die angeforderten Informationen auf Ersuchen des Auftraggebers übermitteln.</P><P>(7) Die nach Absatz 3 und 6 sowie nach § 8 Absatz 4 Satz 5 übermittelten Daten sind vertraulich und dürfen vom Auftraggeber nur für Vergabeentscheidungen genutzt werden. Die Daten sind nach Ablauf der rechtlich vorgesehenen Aufbewahrungsfristen zu löschen.</P></Content></text><fussnoten><Content><P>(+++ § 6: Zur Anwendung vgl. § 12 Abs. 2 Satz 2 +++)</P></Content></fussnoten></textdaten></norm>
<norm builddate="20231231214359" doknr="BJNR273910017BJNE000700000"><metadaten><jurabk>WRegG</jurabk><enbez>§ 7</enbez><titel format="XML">Löschung der Eintragung aus dem Wettbewerbsregister nach Fristablauf; Rechtswirkung der Löschung</titel></metadaten><textdaten><text format="XML"><Content><P>(1) Eintragungen über Straftaten nach § 2 Absatz 1 Nummer 1 Buchstabe a, c und d werden spätestens nach Ablauf von fünf Jahren ab dem Tag der Rechts- oder Bestandskraft der Entscheidung gelöscht. Eintragungen von Bußgeldentscheidungen nach § 2 Absatz 2 werden spätestens nach Ablauf von drei Jahren ab dem Erlass der Bußgeldentscheidung gelöscht. Im Übrigen werden Eintragungen spätestens nach Ablauf von drei Jahren ab dem Tag gelöscht, an dem die Entscheidung unanfechtbar geworden ist. Bei mehreren Eintragungen wegen desselben Fehlverhaltens ist eine Löschung aller ein Unternehmen betreffenden Eintragungen vorzunehmen, wenn die Voraussetzungen der Löschung für eine Eintragung gegeben sind und dieselben Fristen für die Löschung gelten; bei unterschiedlichen Fristen ist die längere Frist maßgeblich. Die Regelungen des § 4 Absatz 2 Satz 2 und des § 8 Absatz 1 Satz 3 bleiben unberührt.</P><P>(2) Ist eine Eintragung im Wettbewerbsregister nach Absatz 1 oder § 8 gelöscht worden, so darf die der Eintragung zugrunde liegende Straftat oder Ordnungswidrigkeit in Vergabeverfahren nicht mehr zum Nachteil des betroffenen Unternehmens verwertet werden. Die Ablehnung eines Löschungsantrags nach § 8 Absatz 1 durch die Registerbehörde ist für den Auftraggeber nicht bindend.</P></Content></text></textdaten></norm>
<norm builddate="20231231214359" doknr="BJNR273910017BJNE000801125"><metadaten><jurabk>WRegG</jurabk><enbez>§ 8</enbez><titel format="XML">Vorzeitige Löschung der Eintragung aus dem Wettbewerbsregister wegen Selbstreinigung; Gebühren und Auslagen</titel></metadaten><textdaten><text format="XML"><Content><P>(1) Ist ein Unternehmen in das Wettbewerbsregister eingetragen worden, so kann es bei der Registerbehörde beantragen, dass die Eintragung wegen Selbstreinigung vor Ablauf der Löschungsfrist nach § 7 Absatz 1 aus dem Wettbewerbsregister gelöscht wird. Der Antrag ist zulässig, wenn das Unternehmen ein berechtigtes Interesse an der vorzeitigen Löschung glaubhaft macht. Die Eintragung ist zu löschen, wenn das Unternehmen gegenüber der Registerbehörde die Selbstreinigung im Fall des § 2 Absatz 1 Nummer 1 Buchstabe c und d entsprechend § 123 Absatz 4 Satz 2 des Gesetzes gegen Wettbewerbsbeschränkungen, im Übrigen entsprechend § 125 des Gesetzes gegen Wettbewerbsbeschränkungen für die Zwecke des Vergabeverfahrens nachgewiesen hat.</P><P>(2) Die Registerbehörde ermittelt den Sachverhalt nach Antragstellung von Amts wegen. Sie kann sich dabei auf das beschränken, was von dem Antragsteller vorgebracht wird oder ihr sonst bekannt sein muss. Sie kann von dem Antragsteller verlangen, dass er ihr <DL Type="arabic"><DT>1.</DT><DD Font="normal"><LA>die strafgerichtliche Entscheidung oder die Bußgeldentscheidung übermittelt,</LA></DD><DT>2.</DT><DD Font="normal"><LA>Gutachten oder andere Unterlagen vorlegt, die zur Bewertung der Selbstreinigungsmaßnahmen geeignet sind.</LA></DD></DL>Die §§ 57 und 59 bis 59b des Gesetzes gegen Wettbewerbsbeschränkungen sind entsprechend anzuwenden.</P><P>(3) Zur Vorbereitung der Entscheidung über den Antrag kann die Registerbehörde die mitteilende Strafverfolgungsbehörde oder die Behörde, die für die Verfolgung von Ordnungswidrigkeiten berufen ist, ersuchen, ihr Informationen, die nach Einschätzung der Registerbehörde zur Bewertung des Antrags erforderlich sein können, zu übermitteln. Die ersuchte Behörde übermittelt diese Informationen.</P><P>(4) Die Registerbehörde bewertet die von dem Unternehmen ergriffenen Selbstreinigungsmaßnahmen und berücksichtigt dabei die Schwere und die besonderen Umstände der Straftat oder des Fehlverhaltens. Hält sie die Selbstreinigungsmaßnahmen des Unternehmens für unzureichend, so verlangt sie von dem Unternehmen ergänzende Informationen oder lehnt den Antrag ab. Lehnt die Registerbehörde den Antrag ab, begründet sie diese Entscheidung gegenüber dem Unternehmen. Die Entscheidung über den Antrag auf vorzeitige Löschung einer Eintragung ist im Wettbewerbsregister zu vermerken. Die Registerbehörde übermittelt einem Auftraggeber auf dessen Ersuchen die Entscheidung zu dem Löschungsantrag sowie weitere Unterlagen.</P><P>(5) Die Registerbehörde erlässt Leitlinien zur Anwendung der Absätze 1 bis 4.</P><P>(6) Bei Anträgen auf vorzeitige Löschung aus dem Wettbewerbsregister wegen Selbstreinigung werden zur Deckung des Verwaltungsaufwands der Registerbehörde Gebühren und Auslagen erhoben. § 62 des Gesetzes gegen Wettbewerbsbeschränkungen und die auf dieser Grundlage erlassenen Rechtsverordnungen sind entsprechend anzuwenden; der Gebührenrahmen richtet sich nach § 62 Absatz 2 Satz 2 Nummer 2 des Gesetzes gegen Wettbewerbsbeschränkungen.</P></Content></text><fussnoten><Content><P>(+++ § 8 Abs. 3: zur Anwendung vgl. § 5 Abs. 1 +++)</P></Content></fussnoten></textdaten></norm>
<norm builddate="20231231214359" doknr="BJNR273910017BJNE000900000"><metadaten><jurabk>WRegG</jurabk><enbez>§ 9</enbez><titel format="XML">Elektronische Datenübermittlung</titel></metadaten><textdaten><text format="XML"><Content><P>(1) Die Kommunikation zwischen der Registerbehörde und den Strafverfolgungsbehörden, den zur Verfolgung von Ordnungswidrigkeiten berufenen Behörden, den Auftraggebern sowie den Unternehmen und den Stellen, die ein amtliches Verzeichnis führen, das den Anforderungen des Artikels 64 der Richtlinie 2014/24/EU entspricht, erfolgt in der Regel elektronisch.</P><P>(2) Die Datenübermittlung an Auftraggeber kann im Wege eines automatisierten Verfahrens auf Abruf, das die Übermittlung personenbezogener Daten ermöglicht, erfolgen. Für die Verarbeitung von personenbezogenen Daten gelten die allgemeinen datenschutzrechtlichen Vorschriften, soweit dieses Gesetz oder die aufgrund dieses Gesetzes erlassene Rechtsverordnung keine besondere Regelung enthält.</P></Content></text></textdaten></norm>
<norm builddate="20231231214359" doknr="BJNR273910017BJNE001001125"><metadaten><jurabk>WRegG</jurabk><enbez>§ 10</enbez><titel format="XML">Verordnungsermächtigung</titel></metadaten><textdaten><text format="XML"><Content><P>Die Bundesregierung erlässt mit Zustimmung des Bundesrates eine Rechtsverordnung, um Folgendes zu regeln: <DL Type="arabic"><DT>1.</DT><DD Font="normal"><LA>die technischen und organisatorischen Voraussetzungen für <DL Type="alpha"><DT>a)</DT><DD Font="normal"><LA>die Speicherung von Daten im Wettbewerbsregister,</LA></DD><DT>b)</DT><DD Font="normal"><LA>die Übermittlung von Daten an die Registerbehörde oder an Auftraggeber einschließlich des automatisierten Abrufverfahrens und</LA></DD><DT>c)</DT><DD Font="normal"><LA>die Kommunikation mit Unternehmen und natürlichen Personen, jeweils einschließlich Regelungen zur Identifizierung und Authentifizierung, sowie mit Stellen, die ein amtliches Verzeichnis führen, das den Anforderungen des Artikels 64 der Richtlinie 2014/24/EU entspricht,</LA></DD></DL></LA></DD><DT>2.</DT><DD Font="normal"><LA>die erforderlichen datenschutzrechtlichen Vorgaben für die elektronische Kommunikation mit der Registerbehörde,</LA></DD><DT>3.</DT><DD Font="normal"><LA>Inhalt und Umfang der Daten nach § 3 Absatz 1 und der Mitteilung nach § 6 Absatz 3,</LA></DD><DT>4.</DT><DD Font="normal"><LA>ein von den Unternehmen zu verwendendes Standardformular für die Mitteilung nach § 3 Absatz 2,</LA></DD><DT>5.</DT><DD Font="normal"><LA>Anforderungen an den Inhalt der Mitteilung nach § 4 einschließlich eines von den mitteilungspflichtigen Stellen zu verwendenden Standardformulars sowie die Einzelheiten des Eintragungsverfahrens,</LA></DD><DT>6.</DT><DD Font="normal"><LA>nähere Bestimmungen zu den ergänzenden Informationen gemäß § 6 Absatz 6 Satz 1,</LA></DD><DT>7.</DT><DD Font="normal"><LA>Anforderungen an vom Antragsteller vorzulegende geeignete Gutachten und Unterlagen nach § 8 Absatz 2 Satz 3 Nummer 2, insbesondere auch an die Zulassung von Systemen unabhängiger Stellen durch die Registerbehörde, mit denen geeignete Vorsorgemaßnahmen zur Verhinderung zukünftiger Verfehlungen für die Zwecke des Vergabeverfahrens belegt werden können und</LA></DD><DT>8.</DT><DD Font="normal"><LA>den Gebührensatz und die Erhebung der Gebühr vom Kostenschuldner bei Erteilung der Auskunft nach § 5 Absatz 2 Satz 1 sowie die Erstattung von Auslagen.</LA></DD></DL></P></Content></text><fussnoten/></textdaten></norm>
<norm builddate="20231231214359" doknr="BJNR273910017BJNE001101125"><metadaten><jurabk>WRegG</jurabk><enbez>§ 11</enbez><titel format="XML">Rechtsweg</titel></metadaten><textdaten><text format="XML"><Content><P>(1) Gegen Entscheidungen der Registerbehörde ist die Beschwerde zulässig. § 63 Absatz 1 Nummer 1 und 2, die §§ 64, 69, 70 Absatz 1 und 2, die §§ 71 bis 73 Absatz 1 Satz 2, Absatz 2 Satz 1 in Verbindung mit § 54 Absatz 2 Nummer 1 und 2, § 73 Absatz 3 und 4 Satz 1 erster Halbsatz und Satz 2, die §§ 74, 75 Absatz 1 bis 3, § 76 Absatz 1 Satz 1 und 2, Absatz 2 und 4 bis 6 sowie § 171 Absatz 3 des Gesetzes gegen Wettbewerbsbeschränkungen sind entsprechend anzuwenden, soweit nichts anderes bestimmt ist.</P><P>(2) Das Beschwerdegericht entscheidet durch eines seiner Mitglieder als Einzelrichter. Der Einzelrichter überträgt das Verfahren dem Beschwerdegericht zur Entscheidung in der im Gerichtsverfassungsgesetz vorgeschriebenen Besetzung, wenn <DL Type="arabic"><DT>1.</DT><DD Font="normal"><LA>die Sache besondere Schwierigkeiten tatsächlicher oder rechtlicher Art aufweist oder</LA></DD><DT>2.</DT><DD Font="normal"><LA>die Rechtssache grundsätzliche Bedeutung hat.</LA></DD></DL>Eine Rückübertragung auf den Einzelrichter ist ausgeschlossen.</P><P>(3) Die Entscheidung über die Beschwerde kann ohne mündliche Verhandlung ergehen, es sei denn, ein Beteiligter beantragt, eine mündliche Verhandlung durchzuführen. § 65 Absatz 2 des Gesetzes gegen Wettbewerbsbeschränkungen ist entsprechend anzuwenden.</P></Content></text><fussnoten/></textdaten></norm>
<norm builddate="20231231214359" doknr="BJNR273910017BJNE001202125"><metadaten><jurabk>WRegG</jurabk><enbez>§ 12</enbez><titel format="XML">Anwendungsbestimmungen</titel></metadaten><textdaten><text format="XML"><Content><P>(1) Das Bundesministerium für Wirtschaft und Energie hat <DL Font="normal" Type="arabic"><DT>1.</DT><DD Font="normal"><LA Size="normal">das Vorliegen der Voraussetzungen für die elektronische Datenübermittlung entsprechend § 9 Absatz 1 festzustellen und</LA></DD><DT>2.</DT><DD Font="normal"><LA Size="normal">die Feststellung nach Nummer 1 im Bundesanzeiger bekannt zu machen.</LA></DD></DL></P><P>(2) Die §§ 2 und 4 sind nach Ablauf des Monats, der auf den Tag der Bekanntmachung nach Absatz 1 Nummer 2 folgt, anzuwenden; dieser Tag ist vom Bundesministerium für Wirtschaft und Energie unverzüglich im Bundesanzeiger bekannt zu machen. § 5 Absatz 2 und § 6 sind sechs Monate nach dem in Satz 1 genannten Tag anzuwenden; abweichend hiervon kann die Registerbehörde einem Auftraggeber auf dessen Ersuchen die Möglichkeit zur Abfrage nach § 6 Absatz 1 und 2 bereits ab dem in Satz 1 bezeichneten Tag eröffnen. Bis zur verpflichtenden Anwendung der in Satz 2 bezeichneten Vorschriften sind die landesrechtlichen Vorschriften über die Errichtung und den Betrieb eines dem § 1 entsprechenden Registers weiter anzuwenden.</P></Content></text><fussnoten><Content><P>(+++ Hinweis: Zur Bekanntmachung nach § 12 Abs. 1 vgl. Bek. v. 18.10.2021 BAnz AT 29.10.2021 B3 +++)</P></Content></fussnoten></textdaten></norm>
</dokumente>