<?xml version="1.0" encoding="UTF-8" ?><!DOCTYPE dokumente SYSTEM "http://www.gesetze-im-internet.de/dtd/1.01/gii-norm.dtd">
<dokumente builddate="20170925221031" doknr="BJNR013010974"><norm builddate="20170925221031" doknr="BJNR013010974"><metadaten><jurabk>MilchKennzV</jurabk><ausfertigung-datum manuell="ja">1974-06-19</ausfertigung-datum><fundstelle typ="amtlich"><periodikum>BGBl I</periodikum><zitstelle>1974, 1301</zitstelle></fundstelle><kurzue>Konsummilch-Kennzeichnungs-Verordnung</kurzue><langue>Verordnung über die Kennzeichnung wärmebehandelter Konsummilch</langue><standangabe checked="ja"><standtyp>Stand</standtyp><standkommentar>Zuletzt geändert durch Art. 20 V v. 5.7.2017 I 2272</standkommentar></standangabe></metadaten><textdaten><fussnoten><Content><P><BR/> <pre xml:space="preserve">(+++ Textnachweis Geltung ab: 31.12.1981 +++)<BR/>(+++ Zur Anwendung vgl. § 4a +++)<BR/>(+++ Zur Anwendung im Beitrittsgebiet vgl. für die Zeit vom 3.10.1990 bis<BR/>31.12.1990 V v. 28.9.1990 I 2117 (EGRÜblV) u. für die Zeit ab 1.1.1991<BR/>V v. 18.12.1990 I 2915 (EGRechtÜblV) +++)</pre></P></Content></fussnoten></textdaten></norm>
<norm builddate="20170925221031" doknr="BJNR013010974BJNE000100326"><metadaten><jurabk>MilchKennzV</jurabk><enbez>Eingangsformel</enbez></metadaten><textdaten><text format="XML"><Content><P>Mit Zustimmung des Bundesrates verordnen <BR/>auf Grund des § 9 Abs. 2 und der §§ 37 und 52 Abs. 1 Satz 1 des Milchgesetzes vom 31. Juli 1930 (Reichsgesetzbl. I S. 421), zuletzt geändert durch das Einführungsgesetz zum Strafgesetzbuch vom 2. März 1974 (Bundesgesetzbl. I S. 469), in Verbindung mit Artikel 129 Abs. 1 des Grundgesetzes der Bundesminister für Ernährung, Landwirtschaft und Forsten im Einvernehmen mit dem Bundesminister für Jugend, Familie und Gesundheit nach Anhörung eines Sachverständigenbeirates, <BR/>hinsichtlich der §§ 5, 6 und 7 auch auf Grund des § 5 Nr. 4 und 5 des Lebensmittelgesetzes in der Fassung der Bekanntmachung vom 17. Januar 1936 (Reichsgesetzbl. I S. 17), zuletzt geändert durch das Einführungsgesetz zum Strafgesetzbuch, in Verbindung mit Artikel 129 Abs. 1 des Grundgesetzes der Bundesminister für Jugend, Familie und Gesundheit gemeinsam mit dem Bundesminister für Ernährung, Landwirtschaft und Forsten <BR/>und hinsichtlich des § 8 auf Grund des § 17 Abs. 1 Nr. 3 des Eichgesetzes vom 11. Juli 1969 (Bundesgesetzbl. I S. 759), zuletzt geändert durch das Einführungsgesetz zum Strafgesetzbuch, der Bundesminister für Wirtschaft im Einvernehmen mit den Bundesministern für Ernährung, Landwirtschaft und Forsten und für Jugend, Familie und Gesundheit:</P></Content></text></textdaten></norm>
<norm builddate="20170925221031" doknr="BJNR013010974BJNE000204301"><metadaten><jurabk>MilchKennzV</jurabk><enbez>§ 1</enbez><titel format="XML">Anwendungsbereich</titel></metadaten><textdaten><text format="XML"><Content><P>(1) Die Vorschriften dieser Verordnung finden Anwendung auf Konsummilch im Sinne von Nummern III 1 erster Unterabsatz Buchstabe b bis d und zweiter Unterabsatz des Anhangs XIII der Verordnung (EG) Nr. 1234/2007 des Rates vom 22. Oktober 2007 über eine gemeinsame Organisation der Agrarmärkte und mit Sondervorschriften für bestimmte landwirtschaftliche Erzeugnisse (ABl. L 299 vom 16.11.2007, S. 1) in der jeweils geltenden Fassung, die in Fertigpackungen im Sinne des § 42 Absatz 1 des Mess- und Eichgesetzes oder im Einzelhandel nicht fertig verpackt gewerbsmäßig in den Verkehr gebracht wird.</P><P>(2) Dem gewerbsmäßigen Inverkehrbringen steht es gleich, wenn Konsummilch an Mitglieder von Genossenschaften oder ähnlichen Einrichtungen oder in Einrichtungen zur Gemeinschaftsverpflegung in den Verkehr gebracht wird.</P></Content></text><fussnoten/></textdaten></norm>
<norm builddate="20170925221031" doknr="BJNR013010974BJNE000309301"><metadaten><jurabk>MilchKennzV</jurabk><enbez>§ 2</enbez><titel format="XML">Allgemeine Kennzeichnungsvorschriften</titel></metadaten><textdaten><text format="XML"><Content><P>(1) Konsummilch darf nur in den Verkehr gebracht werden, wenn sie nach den Vorschriften dieser Verordnung gekennzeichnet ist.</P><P>(2) Bei Konsummilch in Fertigpackungen, die zur Abgabe an den Verbraucher bestimmt sind, sind anzugeben <DL Font="normal" Type="arabic"><DT>1.</DT><DD Font="normal"><LA Size="normal">als Verkehrsbezeichnung die Angabe Vollmilch, teilentrahmte (fettarme) Milch, entrahmte Milch (Magermilch) oder bei Milch, bei der die Fettgehaltsstufe diesen Kategorien nicht entspricht, Trinkmilch,</LA></DD><DT>2.</DT><DD Font="normal"><LA Size="normal">der Name oder die Firma und die Anschrift des Herstellers, des Einfüllers oder eines in der Europäischen Wirtschaftsgemeinschaft oder in einem anderen Vertragsstaat des Abkommens über den Europäischen Wirtschaftsraum niedergelassenen Verkäufers,</LA></DD><DT>3.</DT><DD Font="normal"><LA Size="normal">das Mindesthaltbarkeitsdatum nach Maßgabe des § 7 der Lebensmittel-Kennzeichnungsverordnung, bei pasteurisierter Konsummilch zusätzlich mit der Angabe &quot;bei + 8 <ABWFORMAT typ="A"/>Grad C&quot;,</LA></DD><DT>4.</DT><DD Font="normal"><LA Size="normal">das den Anforderungen des Anhangs III Abschnitt IX Kapitel II Teil II der Verordnung (EG) Nr. 853/2004 des Europäischen Parlaments und des Rates vom 29. April 2004 mit spezifischen Hygienevorschriften für Lebensmittel tierischen Ursprungs (ABl. EU Nr. L 139 S. 55, Nr. L 226 S. 22) in der jeweils geltenden Fassung entsprechende Verfahren der Wärmebehandlung durch die Angabe<DL Font="normal" Type="arabic"><DT>–</DT><DD Font="normal"><LA Size="normal">&quot;pasteurisiert&quot; bei einem Verfahren, das dem Verfahren nach Anhang III Abschnitt IX Kapitel II Teil II Nr. 1 Buchstabe a der Verordnung (EG) Nr. 853/2004 entspricht;</LA></DD><DT>–</DT><DD Font="normal"><LA Size="normal">&quot;ultrahocherhitzt&quot; bei einem Verfahren, das dem Verfahren nach Anhang III Abschnitt IX Kapitel II Teil II Nr. 1 Buchstabe b der Verordnung (EG) Nr. 853/2004 entspricht;</LA></DD></DL></LA><LA Size="normal">bei ultrahocherhitzter Konsummilch zusätzlich der Buchstabe „H“ mindestens in gleicher Schriftgröße wie die Angabe der Milchsorte,</LA></DD><DT>5.</DT><DD Font="normal"><LA Size="normal">ferner die Angaben nach § 3.</LA></DD></DL></P><P>(3) Für die Art und Weise der Kennzeichnung nach Absatz 2 gilt § 3 Abs. 3 und 4 der Lebensmittel-Kennzeichnungsverordnung entsprechend. Die Angabe nach Absatz 2 Nr. 4 ist in engem räumlichen Zusammenhang mit der Angabe nach Absatz 2 Nr. 1 anzubringen. Bei Konsummilch, die in zur Wiederverwendung bestimmten Flaschen abgegeben wird, brauchen abweichend von Satz 1 die Angaben nach Absatz 2 Nr. 1 und 3 nicht in einem Sichtfeld mit der Mengenkennzeichnung nach § 43 Absatz 1 des Mess- und Eichgesetzes angebracht zu werden; bei der Kennzeichnung können die Abkürzungen <BR/><table frame="none" tocentry="%yes;"><tgroup align="left" char="" charoff="50" cols="2" colsep="0" rowsep="0"><colspec colname="col1" colnum="1" colwidth="0.35*"/><colspec colname="col2" colnum="2" colwidth="1.65*"/><tbody valign="top"><row><entry VJ="1">&quot;mind.&quot;</entry><entry VJ="1">für &quot;mindestens&quot;,</entry></row><row><entry VJ="1">&quot;haltb.&quot;</entry><entry VJ="1">für &quot;haltbar&quot;,</entry></row><row><entry VJ="1">&quot;pasteur.&quot;</entry><entry VJ="1">für &quot;pasteurisiert&quot;</entry></row></tbody></tgroup></table>verwendet werden.</P><P>(4) Bei Konsummilch, die im Einzelhandel nicht in Fertigpackungen abgegeben wird, sind auf einem Schild bei der Ware in deutscher Sprache, deutlich sichtbar und in leicht lesbarer Schrift anzugeben <DL Font="normal" Type="arabic"><DT>1.</DT><DD Font="normal"><LA Size="normal">die Angaben nach Absatz 2 Nr. 1 und 4,</LA></DD><DT>2.</DT><DD Font="normal"><LA Size="normal">die Angaben nach § 3.</LA></DD></DL></P></Content></text><fussnoten/></textdaten></norm>
<norm builddate="20170925221031" doknr="BJNR013010974BJNE000405377"><metadaten><jurabk>MilchKennzV</jurabk><enbez>§ 3</enbez><titel format="XML">Besondere Kennzeichnungsvorschriften</titel></metadaten><textdaten><text format="XML"><Content><P>Die Kennzeichnung muß ferner enthalten den Fettgehalt der Konsummilch in vom Hundert des Gewichts durch die Angabe <DL Font="normal" Type="arabic"><DT>a)</DT><DD Font="normal"><LA Size="normal">&quot;mindestens ...% Fett&quot; bei Vollmilch mit natürlichem Fettgehalt,</LA></DD><DT>b)</DT><DD Font="normal"><LA Size="normal">„. . . % Fett“ bei im Fettgehalt eingestellter Vollmilch, teilentrahmter (fettarmer) Milch und Trinkmilch,</LA></DD><DT>c)</DT><DD Font="normal"><LA Size="normal">&quot;höchstens ...% Fett&quot; bei entrahmter Milch;.</LA></DD></DL></P></Content></text><fussnoten/></textdaten></norm>
<norm builddate="20170925221031" doknr="BJNR013010974BJNE000504377"><metadaten><jurabk>MilchKennzV</jurabk><enbez>§ 4</enbez><titel format="XML">Ordnungswidrigkeiten</titel></metadaten><textdaten><text format="XML"><Content><P>(1) Ordnungswidrig im Sinne des § 60 Abs. 2 Nr. 26 Buchstabe a des Lebensmittel- und Futtermittelgesetzbuches handelt, wer vorsätzlich oder fahrlässig entgegen § 2 Abs. 1 in Verbindung mit Abs. 2 Nr. 1 bis 4, Abs. 3 oder 4 Nr. 1 Konsummilch, die nicht oder nicht in der vorgeschriebenen Weise gekennzeichnet ist, gewerbsmäßig in den Verkehr bringt.</P><P>(2) Ordnungswidrig im Sinne des § 9 Absatz 2 Nummer 2 des Milch- und Margarinegesetzes handelt, wer vorsätzlich oder fahrlässig entgegen § 2 Abs. 1 in Verbindung mit Abs. 2 Nr. 5, Abs. 3 Satz 1 oder Abs. 4 Nr. 2 Konsummilch, die nicht oder nicht in der vorgeschriebenen Weise gekennzeichnet ist, gewerbsmäßig in den Verkehr bringt.</P></Content></text><fussnoten/></textdaten></norm>
<norm builddate="20170925221031" doknr="BJNR013010974BJNE000900124"><metadaten><jurabk>MilchKennzV</jurabk><enbez>§ 4a</enbez><titel format="XML">Anpassung an die Verordnung (EU) Nr. 1169/2011 und an die Lebensmittelinformations-Durchführungsverordnung</titel></metadaten><textdaten><text format="XML"><Content><P>(1) Diese Verordnung ist nicht anzuwenden, soweit ihr Bestimmungen entgegenstehen aus <DL Type="arabic"><DT>1.</DT><DD Font="normal"><LA>der Verordnung (EU) Nr. 1169/2011 des Europäischen Parlaments und des Rates vom 25. Oktober 2011 betreffend die Information der Verbraucher über Lebensmittel und zur Änderung der Verordnungen (EG) Nr. 1924/2006 und (EG) Nr. 1925/2006 des Europäischen Parlaments und des Rates und zur Aufhebung der Richtlinie 87/250/EWG der Kommission, der Richtlinie 90/496/EWG des Rates, der Richtlinie 1999/10/EG der Kommission, der Richtlinie 2000/13/EG des Europäischen Parlaments und des Rates, der Richtlinien 2002/67/EG und 2008/5/EG der Kommission und der Verordnung (EG) Nr. 608/2004 der Kommission (ABl. L 304 vom 22.11.2011, S. 18; L 331 vom 18.11.2014, S. 41; L 50 vom 21.2.2015, S. 48; L 266 vom 30.9.2016, S. 7) in der jeweils geltenden Fassung oder</LA></DD><DT>2.</DT><DD Font="normal"><LA>den auf die Verordnung (EU) Nr. 1169/2011 gestützten Rechtsakten der Europäischen Union.</LA></DD></DL></P><P>(2) Wird Konsummilch in einer in § 4 der Lebensmittelinformations-Durchführungsverordnung geregelten Form der Abgabe in den Verkehr gebracht, so ist diese Verordnung nur vorbehaltlich des § 4 der Lebensmittelinformations-Durchführungsverordnung anzuwenden.</P><P>(3) Soweit in dieser Verordnung auf die Lebensmittel-Kennzeichnungsverordnung oder Vorschriften der Lebensmittel-Kennzeichnungsverordnung verwiesen wird, ist die Lebensmittel-Kennzeichnungsverordnung in der bis zum 12. Juli 2017 geltenden Fassung weiter anzuwenden. Die Absätze 1 und 2 bleiben unberührt.</P></Content></text><fussnoten/></textdaten></norm>
<norm builddate="20170925221031" doknr="BJNR013010974BJNE000803377"><metadaten><jurabk>MilchKennzV</jurabk><enbez>§ 5</enbez><titel format="XML">Inkrafttreten, Übergangsvorschriften</titel></metadaten><textdaten><text format="XML"><Content><P>(1) Diese Verordnung tritt am Tage nach der Verkündung in Kraft.</P><P>(2) Milch, die <DL Font="normal" Type="arabic"><DT>1.</DT><DD Font="normal"><LA Size="normal">nicht den Fettgehaltsstufen für Vollmilch, teilentrahmte (fettarme) Milch oder entrahmte Milch (Magermilch) entspricht, und</LA></DD><DT>2.</DT><DD Font="normal"><LA Size="normal">mit einer anderen Bezeichnung als Trinkmilch gekennzeichnet ist,</LA></DD></DL>darf noch bis zum 1. Juni 2011 in den Verkehr gebracht werden.</P><P>(3) (weggefallen)</P></Content></text><fussnoten/></textdaten></norm>
</dokumente>