<?xml version="1.0" encoding="UTF-8" ?><!DOCTYPE dokumente SYSTEM "http://www.gesetze-im-internet.de/dtd/1.01/gii-norm.dtd">
<dokumente builddate="20250224223002" doknr="BJNR010610020"><norm builddate="20250224223002" doknr="BJNR010610020"><metadaten><jurabk>InnAusV</jurabk><amtabk>InnAusV</amtabk><ausfertigung-datum manuell="ja">2020-01-20</ausfertigung-datum><fundstelle typ="amtlich"><periodikum>BGBl I</periodikum><zitstelle>2020, 106</zitstelle></fundstelle><kurzue>Innovationsausschreibungsverordnung</kurzue><langue>Verordnung zu den Innovationsausschreibungen</langue><standangabe checked="ja"><standtyp>Aufh</standtyp><standkommentar>Die V tritt nach § 20 am 31.12.2028 außer Kraft</standkommentar></standangabe><standangabe checked="ja"><standtyp>Stand</standtyp><standkommentar>Zuletzt geändert durch Art. 8 G v. 20.12.2022 I 2512</standkommentar></standangabe><standangabe checked="ja"><standtyp>Hinweis</standtyp><standkommentar>Änderung durch Art. 6 G v. 21.2.2025 I Nr. 51 textlich nachgewiesen, dokumentarisch noch nicht abschließend bearbeitet</standkommentar></standangabe></metadaten><textdaten><fussnoten><Content><P>(+++ Textnachweis ab: 30.1.2020 +++) <BR/> Die V wurde als Art. 1 der V v. 20.1.2020 I 106 vom Bundesministerium für Wirtschaft und Energie und der Bundesregierung unter Berücksichtigung des Beschlusses des Deutschen Bundestages vom 12.12.2019 erlassen. Sie tritt gem. Art. 5 dieser V am 30.1.2020 in Kraft. <BR/>Sie tritt gem. § 20 idF d. Art. 15 Nr. 12 G v. 21.12.2020 I 3138 am 31.12.2028 außer Kraft.</P></Content></fussnoten></textdaten></norm>
<norm builddate="20250224223002" doknr="BJNR010610020BJNE000101119"><metadaten><jurabk>InnAusV</jurabk><enbez>§ 1</enbez><titel format="XML">Anwendungsbereich</titel></metadaten><textdaten><text format="XML"><Content><P>Diese Verordnung regelt die Innovationsausschreibungen nach § 39n des Erneuerbare-Energien-Gesetzes.</P></Content></text><fussnoten/></textdaten></norm>
<norm builddate="20250224223002" doknr="BJNR010610020BJNE000202119"><metadaten><jurabk>InnAusV</jurabk><enbez>§ 2</enbez><titel format="XML">Begriffsbestimmungen</titel></metadaten><textdaten><text format="XML"><Content><P>Im Sinne dieser Verordnung ist: <DL Font="normal" Type="arabic"><DT>1.</DT><DD Font="normal"><LA Size="normal">„Anlagenkombination“ ein Zusammenschluss <DL Font="normal" Type="alpha"><DT>a)</DT><DD Font="normal"><LA Size="normal">von mehreren Anlagen verschiedener erneuerbarer Energien nach § 3 Nummer 21 des Erneuerbare-Energien-Gesetzes oder</LA></DD><DT>b)</DT><DD Font="normal"><LA Size="normal">von Anlagen mit Einrichtungen, die zwischengespeicherte Energie, die ausschließlich aus erneuerbaren Energien stammt, aufnehmen und in elektrische Energie umwandeln,</LA></DD></DL>wovon mindestens eine erneuerbare Energie Windenergie an Land oder solare Strahlungsenergie ist, und der über einen gemeinsamen Netzverknüpfungspunkt einspeist,</LA></DD><DT>2.</DT><DD Font="normal"><LA Size="normal">„Innovationsausschreibung“ eine nach den Vorschriften dieser Verordnung durchgeführte Ausschreibung.</LA></DD></DL></P></Content></text><fussnoten/></textdaten></norm>
<norm builddate="20250224223002" doknr="BJNR010610020BJNE000303311"><metadaten><jurabk>InnAusV</jurabk><enbez>§ 3</enbez><titel format="XML">Anwendung des Erneuerbare-Energien-Gesetzes</titel></metadaten><textdaten><text format="XML"><Content><P>(1) Die Regelungen des Erneuerbare-Energien-Gesetzes sind bei Innovationsausschreibungen entsprechend anzuwenden, sofern in dieser Verordnung nicht etwas Abweichendes geregelt ist.</P><P>(2) Bei den Innovationsausschreibungen sind die allgemeinen Ausschreibungsbestimmungen der §§ 29, 33, 34, 35a, 55 und 55a des Erneuerbare-Energien-Gesetzes jeweils mit der Maßgabe, dass an die Stelle des Anspruchs nach § 19 Absatz 1 des Erneuerbare-Energien-Gesetzes der Anspruch nach § 8 Absatz 1 tritt, und soweit diese Verordnung nicht etwas anderes regelt, anzuwenden.</P></Content></text><fussnoten/></textdaten></norm>
<norm builddate="20250224223002" doknr="BJNR010610020BJNE000401128"><metadaten><jurabk>InnAusV</jurabk><enbez>§ 4</enbez><titel format="XML">Teilnahmeberechtigte Anlagen</titel></metadaten><textdaten><text format="XML"><Content><P>In den Innovationsausschreibungen können nur Gebote für Anlagenkombinationen abgegeben werden.</P></Content></text><fussnoten/></textdaten></norm>
<norm builddate="20250224223002" doknr="BJNR010610020BJNE000503311"><metadaten><jurabk>InnAusV</jurabk><enbez>§ 5</enbez><titel format="XML">(weggefallen)</titel></metadaten><textdaten><text format="XML"><Content><P/></Content></text><fussnoten/></textdaten></norm>
<norm builddate="20250224223002" doknr="BJNR010610020BJNE000602123"><metadaten><jurabk>InnAusV</jurabk><enbez>§ 6</enbez><titel format="XML">Weitere Anforderungen an Gebote für Anlagenkombinationen</titel></metadaten><textdaten><text format="XML"><Content><P>(1) Ein Gebot für Anlagenkombinationen darf nur für Anlagen abgegeben werden, die vor dem jeweiligen Gebotstermin noch nicht in Betrieb genommen wurden.</P><P>(2) Ein Gebot, das für eine Anlagenkombination abgegeben wird, muss <DL Font="normal" Type="arabic"><DT>1.</DT><DD Font="normal"><LA Size="normal">für jede Anlage der Kombination die jeweils einschlägigen Anforderungen der §§ 36, 36c, 36f, 36i, 37 und 37c oder der §§ 39, 39c, 39f, 39h und 39i Absatz 1 und 2 des Erneuerbare-Energien-Gesetzes erfüllen,</LA></DD><DT>2.</DT><DD Font="normal"><LA Size="normal">die Angaben enthalten, aus welchen erneuerbaren Energien oder technischen Einrichtungen zur Speicherung von Strom elektrische Energie erzeugt werden soll und welcher Anteil der Gebotsmenge für welche erneuerbare Energie geboten wird,</LA></DD><DT>3.</DT><DD Font="normal"><LA Size="normal">eine Eigenerklärung enthalten, dass die geplanten Anlagen über einen gemeinsamen Netzverknüpfungspunkt einspeisen werden,</LA></DD><DT>4.</DT><DD Font="normal"><LA Size="normal">die jeweiligen Nummern, unter der die Anlagen als Projekte im Register registriert wurden, enthalten, auch wenn die Anlagenkombination Anlagen umfasst, die nicht Windenergieanlagen an Land, Solaranlagen und Biomasseanlagen sind.</LA></DD></DL>Satz 1 Nummer 1 gilt entsprechend auch für die Teile der Anlagenkombination, für die ansonsten die Marktprämie nicht nach § 22 Absatz 2 bis 4 des Erneuerbare-Energien-Gesetzes durch Ausschreibungen ermittelt würde.</P><P>(3) Sofern Gebote für Anlagenkombinationen Anlagen enthalten, die nicht Windenergieanlagen an Land oder Biomasseanlagen sind, sind diese Anlagen vor dem Gebotstermin als Projekt im Register zu registrieren.</P><P>(4) Die Höhe der Sicherheit nach § 31 des Erneuerbare-Energien-Gesetzes für Gebote für Anlagenkombinationen bestimmt sich aus der Gebotsmenge multipliziert mit 60 Euro pro Kilowatt zu installierender Leistung.</P></Content></text><fussnoten/></textdaten></norm>
<norm builddate="20250224223002" doknr="BJNR010610020BJNE000701119"><metadaten><jurabk>InnAusV</jurabk><enbez>§ 7</enbez><titel format="XML">(weggefallen)</titel></metadaten><textdaten><text format="XML"><Content><P/></Content></text><fussnoten/></textdaten></norm>
<norm builddate="20250224223002" doknr="BJNR010610020BJNE000801119"><metadaten><jurabk>InnAusV</jurabk><enbez>§ 8</enbez><titel format="XML">Zahlungen</titel></metadaten><textdaten><text format="XML"><Content><P>(1) Betreiber von Anlagen oder Anlagenkombinationen, die einen Zuschlag nach dieser Verordnung erhalten haben, haben für den in diesen Anlagen oder Anlagenkombinationen erzeugten Strom gegen den Netzbetreiber einen Anspruch nach § 19 Absatz 1 Nummer 1 des Erneuerbare-Energien-Gesetzes.</P><P>(2) Bei Anlagenkombinationen, die auch Einrichtungen enthalten, die zwischengespeicherte Energie, die ausschließlich aus erneuerbaren Energien oder Grubengas stammt, aufnehmen und in elektrische Energie umwandeln, besteht der Anspruch nach Absatz 1 nicht für den Strom, der vor der Einspeisung in ein Netz zwischengespeichert worden ist. In diesem Fall bezieht sich der Anspruch auf die Strommenge, die aus dem Stromspeicher in das Netz eingespeist wird.</P><P>(3) Zahlungen nach Absatz 1 sind für die Dauer von 20 Jahren zu leisten. Der Anspruch beginnt, wenn die Voraussetzungen nach § 2 Nummer 1 erfüllt sind. Abweichend von Satz 1 beträgt die Dauer des Zahlungsanspruchs, wenn eine bestehende Biomasseanlage Teil der Anlagenkombination ist, zehn Jahre.</P><P>(4) Die Höhe des Anspruchs nach Absatz 1 wird nach Anlage 1 des Erneuerbare-Energien-Gesetzes anhand des energieträgerspezifischen Jahresmarktwerts für solare Strahlungsenergie nach Nummer 4.3.4 berechnet. Wenn die Anlagenkombination mindestens eine Windenergieanlage an Land enthält, ist abweichend von Satz 1 der energieträgerspezifische Jahresmarktwert für Windenergie an Land nach Nummer 4.3.2 der Anlage 1 des Erneuerbare-Energien-Gesetzes zu verwenden.</P></Content></text><fussnoten/></textdaten></norm>
<norm builddate="20250224223002" doknr="BJNR010610020BJNE000902128"><metadaten><jurabk>InnAusV</jurabk><enbez>§ 9</enbez><titel format="XML">Verringerung des Zahlungsanspruchs bei negativen Preisen</titel></metadaten><textdaten><text format="XML"><Content><P>Für Anlagen, die Zahlungen aufgrund eines Zuschlags in der Innovationsauschreibung erhalten, verringert sich der anzulegende Wert für einen Zeitraum, in dem der Spotmarktpreis nach § 3 Nummer 42a des Erneuerbare-Energien-Gesetzes negativ ist, auf null.</P></Content></text><fussnoten/></textdaten></norm>
<norm builddate="20250224223002" doknr="BJNR010610020BJNE001001128"><metadaten><jurabk>InnAusV</jurabk><enbez>§ 10</enbez><titel format="XML">Höchstwert</titel></metadaten><textdaten><text format="XML"><Content><P>(1) Der Höchstwert beträgt 7,5 Cent pro Kilowattstunde.</P><P>(2) Der Höchstwert verringert sich ab dem 1. Januar 2022 um 1 Prozent pro Kalenderjahr gegenüber dem im jeweils vorangegangenen Kalenderjahr geltenden Höchstwert und wird auf zwei Stellen nach dem Komma gerundet. Für die Berechnung der Höhe des Höchstwerts aufgrund einer erneuten Anpassung nach Satz 1 ist der nicht gerundete Wert zugrunde zu legen.</P></Content></text><fussnoten/></textdaten></norm>
<norm builddate="20250224223003" doknr="BJNR010610020BJNE001103311"><metadaten><jurabk>InnAusV</jurabk><enbez>§ 11</enbez><titel format="XML">Zuschlagserteilung, Zuschlagsbegrenzung</titel></metadaten><textdaten><text format="XML"><Content><P>(1) Die Bundesnetzagentur prüft die Zulässigkeit der Gebote nach den §§ 33 und 34 des Erneuerbare-Energien-Gesetzes und nach den §§ 5 und 6. Für das weitere Zuschlagsverfahren ist vorbehaltlich des Absatzes 2 der § 32 des Erneuerbare-Energien-Gesetzes entsprechend anwendbar.</P><P>(2) Die Bundesnetzagentur erfasst für jedes Gebot, für das ein Zuschlag erteilt worden ist, die vom Bieter übermittelten Angaben und Nachweise sowie den Zuschlagswert.</P></Content></text><fussnoten/></textdaten></norm>
<norm builddate="20250224223003" doknr="BJNR010610020BJNE001202119"><metadaten><jurabk>InnAusV</jurabk><enbez>§ 12</enbez><titel format="XML">(weggefallen)</titel></metadaten><textdaten><text format="XML"><Content><P/></Content></text><fussnoten/></textdaten></norm>
<norm builddate="20250224223003" doknr="BJNR010610020BJNE001304311"><metadaten><jurabk>InnAusV</jurabk><enbez>§ 13</enbez><titel format="XML">Weitere Bestimmungen zu Anlagenkombinationen</titel></metadaten><textdaten><text format="XML"><Content><P>(1) Zuschläge für Anlagenkombinationen erlöschen 30 Monate nach der öffentlichen Bekanntgabe des Zuschlags, sofern die Anlagenkombinationen die Voraussetzungen des § 2 Nummer 1 zu diesem Zeitpunkt nicht erfüllen oder soweit die Anlagen nicht bis zu diesem Zeitpunkt in Betrieb genommen worden sind.</P><P>(2) Die Marktprämie nach § 8 verringert sich auf null, <DL Font="normal" Type="arabic"><DT>1.</DT><DD Font="normal"><LA Size="normal">sofern die Anlagenkombination einen Speicher enthält, wenn dessen installierte Leistung nicht mindestens 25 Prozent der installierten Gesamtleistung der Anlagenkombination entspricht und die Energiespeicherkapazität nicht mindestens eine Einspeicherung von zwei Stunden der Arbeit der Nennleistung der Energiespeichertechnologie ermöglicht, oder</LA></DD><DT>2.</DT><DD Font="normal"><LA Size="normal">sofern die Anlagenkombination keinen Speicher enthält, wenn sie technisch nicht so beschaffen ist, dass sie für mindestens 25 Prozent ihrer installierten Leistung positive Sekundärregelleistung erbringen kann.</LA></DD></DL>Die Voraussetzungen nach Satz 1 sind jährlich durch die Bestätigung eines Umweltgutachters gegenüber dem Anschlussnetzbetreiber nachzuweisen.</P><P>(3) Bei Geboten für Anlagenkombinationen müssen Bieter an den verantwortlichen Übertragungsnetzbetreiber eine Pönale leisten, sofern mehr als 5 Prozent der Gebotsmenge eines bezuschlagten Gebots einer Anlagenkombination nach § 35a des Erneuerbare-Energien-Gesetzes entwertet werden. Die Höhe der Pönale berechnet sich aus der entwerteten Gebotsmenge multipliziert mit 60 Euro pro Kilowatt. § 55 Absatz 6 bis 8 des Erneuerbare-Energien-Gesetzes gilt entsprechend.</P><P>(4) Sofern die Anlagenkombination auch Speicher enthält, ist der zwischengespeicherte Strom ausschließlich in den anderen Anlagenteilen zu erzeugen.</P><P>(5) Die Voraussetzungen des § 2 Nummer 1 müssen während der gesamten Dauer der Zahlungen der Marktprämie nach § 8 erfüllt sein.</P><P>(6) Sofern die Anlagenkombination auch Windenergieanlagen an Land oder Freiflächenanlagen enthält, ist § 6 des Erneuerbare-Energien-Gesetzes mit der Maßgabe anzuwenden, dass die gesamte in der Anlagenkombination erzeugte und eingespeiste Strommenge Grundlage für die Ermittlung der Zuwendungen sein darf.</P></Content></text><fussnoten/></textdaten></norm>
<norm builddate="20250224223003" doknr="BJNR010610020BJNE001600128"><metadaten><jurabk>InnAusV</jurabk><enbez>§ 13a</enbez><titel format="XML">Erstattung von Sicherheiten</titel></metadaten><textdaten><text format="XML"><Content><P>(1) Die Bundesnetzagentur gibt unverzüglich die hinterlegte Sicherheit für ein bestimmtes Gebot zurück, wenn der Bieter <DL Font="normal" Type="arabic"><DT>1.</DT><DD Font="normal"><LA Size="normal">für dieses Gebot keinen Zuschlag nach § 11 erhalten hat oder</LA></DD><DT>2.</DT><DD Font="normal"><LA Size="normal">für dieses Gebot eine Pönale nach § 13 Absatz 3 geleistet hat.</LA></DD></DL></P><P>(2) Die Bundesnetzagentur erstattet die hinterlegte Sicherheit für ein bestimmtes Gebot auch, soweit die Voraussetzungen des § 13 Absatz 1 erfüllt sind und soweit der Netzbetreiber entsprechende Bestätigungen nach § 13 Absatz 2 der Marktstammdatenregisterverordnung übermittelt hat. Sind nicht mehr als 5 Prozent der Gebotsmenge des bezuschlagten Gebots entwertet worden, erstattet die Bundesnetzagentur die Sicherheit in voller Höhe.</P></Content></text><fussnoten/></textdaten></norm>
<norm builddate="20250224223003" doknr="BJNR010610020BJNE001402119"><metadaten><jurabk>InnAusV</jurabk><enbez>§ 14</enbez><titel format="XML">Beihilferechtlicher Genehmigungsvorbehalt</titel></metadaten><textdaten><text format="XML"><Content><P>Die §§ 2, 3, 5, 7, 8, 9 und 11 dürfen erst nach der beihilferechtlichen Genehmigung durch die Europäische Kommission und nur nach Maßgabe dieser Genehmigung angewandt werden. Solange und soweit für die in Satz 1 genannten Bestimmungen keine beihilferechtliche Genehmigung durch die Europäische Kommission vorliegt, sind die §§ 2, 3, 5, 7, 8, 9 und 11 der Innovationsausschreibungsverordnung in der am 28. Juli 2022 geltenden Fassung anzuwenden.</P></Content></text><fussnoten/></textdaten></norm>
<norm builddate="20250224223003" doknr="BJNR010610020BJNE001503119"><metadaten><jurabk>InnAusV</jurabk><enbez>§ 15</enbez><titel format="XML">(weggefallen)</titel></metadaten><textdaten><text format="XML"><Content><P/></Content></text><fussnoten/></textdaten></norm>
<norm builddate="20250224223003" doknr="BJNR010610020BJNE001701119"><metadaten><jurabk>InnAusV</jurabk><enbez>§ 16</enbez><titel format="XML">(weggefallen)</titel></metadaten><textdaten><text format="XML"><Content><P/></Content></text><fussnoten/></textdaten></norm>
<norm builddate="20250224223003" doknr="BJNR010610020BJNE001802119"><metadaten><jurabk>InnAusV</jurabk><enbez>§ 17</enbez><titel format="XML">(weggefallen)</titel></metadaten><textdaten><text format="XML"><Content><P/></Content></text><fussnoten/></textdaten></norm>
<norm builddate="20250224223003" doknr="BJNR010610020BJNE001901119"><metadaten><jurabk>InnAusV</jurabk><enbez>§ 18</enbez><titel format="XML">(weggefallen)</titel></metadaten><textdaten><text format="XML"><Content><P/></Content></text><fussnoten/></textdaten></norm>
<norm builddate="20250224223003" doknr="BJNR010610020BJNE002003128"><metadaten><jurabk>InnAusV</jurabk><enbez>§ 19</enbez><titel format="XML">Übergangsvorschrift</titel></metadaten><textdaten><text format="XML"><Content><P>(1) Für Anlagen, deren Zuschläge in einem Zuschlagsverfahren eines Gebotstermins vor dem 1. Dezember 2022 ermittelt worden sind, ist diese Verordnung in der am 28. Juli 2022 geltenden Fassung mit der Maßgabe anzuwenden, dass für die Verringerung der fixen Marktprämie Absatz 2 Satz 2 entsprechend anzuwenden ist.</P><P>(2) Für Anlagen, deren Zuschläge in einem Zuschlagsverfahren eines Gebotstermins nach dem 30. November 2022 und vor dem 25. Februar 2025 ermittelt worden sind, ist § 9 in der am 24. Februar 2025 geltenden Fassung mit der Maßgabe nach Satz 2 anzuwenden. Ab dem Tag, an dem die Strombörsen erstmals in der vortägigen Auktion am Day-Ahead-Markt Stromviertelstundenkontrakte der Kopplung der Orderbücher zugrunde legen, verringert sich der anzulegende Wert für eine Kalenderstunde auf null, wenn in dieser Kalenderstunde das arithmetische Mittel aus den für die Viertelstunden dieser Kalenderstunde ermittelten Spotmarktpreisen nach § 3 Nummer 42a des Erneuerbare-Energien-Gesetzes negativ ist.</P></Content></text><fussnoten/></textdaten></norm>
<norm builddate="20250224223003" doknr="BJNR010610020BJNE002100128"><metadaten><jurabk>InnAusV</jurabk><enbez>§ 20</enbez><titel format="XML">Außerkrafttreten</titel></metadaten><textdaten><text format="XML"><Content><P>Diese Verordnung tritt zum 31. Dezember 2028 außer Kraft.</P></Content></text><fussnoten/></textdaten></norm>
</dokumente>