<?xml version="1.0" encoding="UTF-8" ?><!DOCTYPE dokumente SYSTEM "http://www.gesetze-im-internet.de/dtd/1.01/gii-norm.dtd">
<dokumente builddate="20241026214002" doknr="BJNR181200022"><norm builddate="20241026214002" doknr="BJNR181200022"><metadaten><jurabk>BG-V</jurabk><amtabk>BG-V</amtabk><ausfertigung-datum manuell="ja">2022-10-19</ausfertigung-datum><fundstelle typ="amtlich"><periodikum>BGBl I</periodikum><zitstelle>2022, 1812</zitstelle></fundstelle><kurzue>Brennstoffwechsel-Gasmangellage-Verordnung</kurzue><langue>Verordnung über Anlagen zum Umgang mit wassergefährdenden Stoffen anlässlich eines Brennstoffwechsels wegen einer ernsten oder erheblichen Gasmangellage<FnR ID="F823644_01_BJNR181200022"/></langue><standangabe checked="ja"><standtyp>Aufh</standtyp><standkommentar>V aufgeh. durch § 10 Abs. 2 Satz 1 dieser V mWv 27.10.2024; § 9 Abs. 3 dieser V tritt gem. § 10 Abs. 2 Satz 2 idF d. Art. 2 V v. 13.7.2023 I Nr. 186 mWv 27.4.2025 außer Kraft</standkommentar></standangabe></metadaten><textdaten><text format="XML"><Footnotes><Footnote FnZ="1" Group="column" ID="F823644_01_BJNR181200022" Pos="exp"><noindex>Notifiziert gemäß der Richtlinie (EU) 2015/1535 des Europäischen Parlaments und des Rates vom 9. September 2015 über ein Informationsverfahren auf dem Gebiet der technischen Vorschriften und der Vorschriften für die Dienste der Informationsgesellschaft (ABl. L 241 vom 17.9.2015, S. 1).</noindex></Footnote></Footnotes></text><fussnoten><Content><P><BR/> <pre xml:space="preserve">(+++ Textnachweis ab: 26.10.2022 +++)<BR/>(+++ Amtlicher Hinweis des Normgebers auf EG-Recht:<BR/>     Notifizierung der<BR/>       EURL 2015/1535          (CELEX Nr: 32015L1535) +++)<BR/><BR/></pre></P></Content></fussnoten></textdaten></norm>
<norm builddate="20241026214002" doknr="BJNR181200022BJNE000100000"><metadaten><jurabk>BG-V</jurabk><enbez>Eingangsformel</enbez></metadaten><textdaten><text format="XML"><Content><P>Auf Grund des § 23 Absatz 1 Nummer 5 bis 8, 10 und 11 und Absatz 2 in Verbindung mit § 62 Absatz 4 und § 63 Absatz 2 Satz 2 des Wasserhaushaltsgesetzes, von denen § 23 Absatz 1 Nummer 5 zuletzt durch Artikel 2 Nummer 1 des Gesetzes vom 4. Dezember 2018 (BGBl. I S. 2254), § 62 Absatz 4 zuletzt durch Artikel 253 der Verordnung vom 19. Juni 2020 (BGBl. I S. 1328) und § 63 Absatz 2 Satz 2 zuletzt durch Artikel 1 Nummer 2 Buchstabe b des Gesetzes vom 18. Juli 2017 (BGBl. I S. 2771) geändert worden ist, verordnet die Bundesregierung nach Anhörung der beteiligten Kreise:</P></Content></text></textdaten></norm>
<norm builddate="20241026214002" doknr="BJNR181200022BJNE000201119"><metadaten><jurabk>BG-V</jurabk><enbez>(XXXX) §§ 1 bis 8</enbez><titel format="XML">(weggefallen)</titel></metadaten><textdaten><text format="XML"><Content><P/></Content></text><fussnoten/></textdaten></norm>
<norm builddate="20241026214002" doknr="BJNR181200022BJNE001002119"><metadaten><jurabk>BG-V</jurabk><enbez>§ 9</enbez><titel format="XML">Übergangsregelungen</titel></metadaten><textdaten><text format="XML"><Content><P>(1) (weggefallen)</P><P>(2) (weggefallen)</P><P>(3) Soll eine nach Maßgabe dieser Verordnung errichtete, in Betrieb genommene oder wesentlich geänderte Anlage über die Geltungsdauer dieser Verordnung hinaus betrieben werden, sind sämtliche Anforderungen gemäß der Verordnung über Anlagen zum Umgang mit wassergefährdenden Stoffen sechs Wochen nach Außerkrafttreten dieser Verordnung nachzuholen und entsprechende Nachweise der zuständigen Behörde vorzulegen sowie erforderliche Anpassungsmaßnahmen an die Anforderungen der Verordnung über Anlagen zum Umgang mit wassergefährdenden Stoffen unverzüglich umzusetzen. Anderenfalls ist der zuständigen Behörde sechs Wochen nach Außerkrafttreten dieser Verordnung der entsprechende Nachweis über die Stilllegung der Anlage vorzulegen.</P></Content></text><fussnoten><Content><P>(+++ § 9 Abs. 3: Gem. § 10 Abs. 2 Satz 2 idF d. Art. 2 V v. 13.7.2023 I Nr. 186 mit Ablauf d. 26.4.2025 außer Kraft +++)</P></Content></fussnoten></textdaten></norm>
<norm builddate="20241026214002" doknr="BJNR181200022BJNE001201119"><metadaten><jurabk>BG-V</jurabk><enbez>§ 10</enbez><titel format="XML">Inkrafttreten, Außerkrafttreten</titel></metadaten><textdaten><text format="XML"><Content><P>(1) Diese Verordnung tritt am Tag nach der Verkündung in Kraft.</P><P>(2) Diese Verordnung tritt vorbehaltlich des Satzes 2 mit Ablauf des 26. Oktober 2024 außer Kraft. § 9 Absatz 3 tritt mit Ablauf des 26. April 2025 außer Kraft.</P></Content></text><fussnoten/></textdaten></norm>
<norm builddate="20241026214002" doknr="BJNR181200022BJNE001300000"><metadaten><jurabk>BG-V</jurabk><enbez>Schlussformel</enbez></metadaten><textdaten><text format="XML"><Content><P>Der Bundesrat hat zugestimmt.</P></Content></text></textdaten></norm>
</dokumente>