<?xml version="1.0" encoding="UTF-8" ?><!DOCTYPE dokumente SYSTEM "http://www.gesetze-im-internet.de/dtd/1.01/gii-norm.dtd">
<dokumente builddate="20250224223008" doknr="BJNR143000012"><norm builddate="20250224223008" doknr="BJNR143000012"><metadaten><jurabk>SchfAusbV 2012</jurabk><amtabk>SchfAusbV</amtabk><ausfertigung-datum manuell="ja">2012-06-20</ausfertigung-datum><fundstelle typ="amtlich"><periodikum>BGBl I</periodikum><zitstelle>2012, 1430</zitstelle></fundstelle><kurzue>Schornsteinfeger-Ausbildungsverordnung</kurzue><langue>Verordnung über die Berufsausbildung zum Schornsteinfeger und zur Schornsteinfegerin<FnR ID="F1_777313_BJNR143000012"/></langue><standangabe checked="ja"><standtyp>Aufh</standtyp><standkommentar>V aufgeh. durch § 19 Satz 2 V 7110-6-139 v. 18.2.2025 I Nr. 46 mWv 1.8.2025</standkommentar></standangabe><standangabe checked="ja"><standtyp>Sonst</standtyp><standkommentar>Ersetzt durch V 7110-6-139 v. 18.2.2025 I Nr. 46 (SchfAusbV 2025)</standkommentar></standangabe></metadaten><textdaten><text format="XML"><Footnotes><Footnote FnZ="*" Group="column" ID="F1_777313_BJNR143000012" Pos="normal" Postfix=")"><noindex>Diese Rechtsverordnung ist eine Ausbildungsordnung im Sinne des § 25 der Handwerksordnung. Die Ausbildungsordnung und der damit abgestimmte von der Ständigen Konferenz der Kultusminister der Länder in der Bundesrepublik Deutschland beschlossene Rahmenlehrplan für die Berufsschule werden demnächst im amtlichen Teil des Bundesanzeigers veröffentlicht.</noindex></Footnote></Footnotes></text><fussnoten><Content><P><BR/> <pre xml:space="preserve">(+++ Textnachweis ab: 1.8.2012 +++)<BR/><BR/></pre></P></Content></fussnoten></textdaten></norm>
<norm builddate="20250224223008" doknr="BJNR143000012BJNE000100000"><metadaten><jurabk>SchfAusbV 2012</jurabk><jurabk>SchfAusbV</jurabk><enbez>Eingangsformel</enbez></metadaten><textdaten><text format="XML"><Content><P>Auf Grund des § 25 Absatz 1 Satz 1 in Verbindung mit § 26 Absatz 1 und 2 Satz 1 Nummer 2, 3 und 7 der Handwerksordnung, von denen § 25 Absatz 1 zuletzt durch Artikel 146 der Verordnung vom 31. Oktober 2006 (BGBl. I S. 2407) geändert und § 26 zuletzt durch Artikel 2 Nummer 4 des Gesetzes vom 23. März 2005 (BGBl. I S. 931) neu gefasst worden ist, verordnet das Bundesministerium für Wirtschaft und Technologie im Einvernehmen mit dem Bundesministerium für Bildung und Forschung:</P></Content></text></textdaten></norm>
<norm builddate="20250224223008" doknr="BJNR143000012BJNE000200000"><metadaten><jurabk>SchfAusbV 2012</jurabk><jurabk>SchfAusbV</jurabk><enbez>§ 1</enbez><titel format="XML">Staatliche Anerkennung des Ausbildungsberufes</titel></metadaten><textdaten><text format="XML"><Content><P>Der Ausbildungsberuf Schornsteinfeger und Schornsteinfegerin wird nach § 25 der Handwerksordnung zur Ausbildung für das Gewerbe 12 „Schornsteinfeger“ der Anlage A der Handwerksordnung staatlich anerkannt.</P></Content></text></textdaten></norm>
<norm builddate="20250224223008" doknr="BJNR143000012BJNE000300000"><metadaten><jurabk>SchfAusbV 2012</jurabk><jurabk>SchfAusbV</jurabk><enbez>§ 2</enbez><titel format="XML">Dauer der Berufsausbildung</titel></metadaten><textdaten><text format="XML"><Content><P>Die Ausbildung dauert drei Jahre.</P></Content></text></textdaten></norm>
<norm builddate="20250224223008" doknr="BJNR143000012BJNE000400000"><metadaten><jurabk>SchfAusbV 2012</jurabk><jurabk>SchfAusbV</jurabk><enbez>§ 3</enbez><titel format="XML">Ausbildungsrahmenplan, Ausbildungsberufsbild</titel></metadaten><textdaten><text format="XML"><Content><P>(1) Gegenstand der Berufsausbildung sind mindestens die im Ausbildungsrahmenplan (Anlage) aufgeführten Fertigkeiten, Kenntnisse und Fähigkeiten (berufliche Handlungsfähigkeit). Eine von dem Ausbildungsrahmenplan abweichende Organisation der Ausbildung ist insbesondere zulässig, soweit betriebspraktische Besonderheiten die Abweichung erfordern.</P><P>(2) Die Berufsausbildung zum Schornsteinfeger und zur Schornsteinfegerin gliedert sich wie folgt (Ausbildungsberufsbild):<BR/><BR/><SP>Abschnitt A</SP><BR/><BR/> Berufsprofilgebende Fertigkeiten, Kenntnisse und Fähigkeiten: <DL Font="normal" Type="arabic"><DT>1.</DT><DD Font="normal"><LA Size="normal">Anwenden von schornsteinfegerrechtlichen Regelungen,</LA></DD><DT>2.</DT><DD Font="normal"><LA Size="normal">Anwenden von gewerkeübergreifenden Regelungen,</LA></DD><DT>3.</DT><DD Font="normal"><LA Size="normal">Brandschutz- und baurechtliche Überwachung von Feuerungs- und Lüftungsanlagen sowie ähnlicher Einrichtungen,</LA></DD><DT>4.</DT><DD Font="normal"><LA Size="normal">Anwenden, Erstellen und Bewerten von technischen Unterlagen,</LA></DD><DT>5.</DT><DD Font="normal"><LA Size="normal">Überprüfen von Feuerungs- und Lüftungsanlagen sowie ähnlichen Einrichtungen zur Gewährleistung der Betriebs- und Brandsicherheit,</LA></DD><DT>6.</DT><DD Font="normal"><LA Size="normal">Reinigen von Feuerungs- und Lüftungsanlagen sowie ähnlichen Einrichtungen zur Gewährleistung der Betriebs- und Brandsicherheit,</LA></DD><DT>7.</DT><DD Font="normal"><LA Size="normal">Messen von Feuerungs- und Lüftungsanlagen sowie ähnlichen Einrichtungen zur Gewährleistung der Betriebs- und Brandsicherheit,</LA></DD><DT>8.</DT><DD Font="normal"><LA Size="normal">Überprüfen und Messen von Gebäuden und Anlagen; Beurteilen von Ergebnissen,</LA></DD><DT>9.</DT><DD Font="normal"><LA Size="normal">Feststellen und Dokumentieren von Mängeln und Funktionsstörungen; Einleiten von Sofortmaßnahmen zur Gefahrenabwehr,</LA></DD><DT>10.</DT><DD Font="normal"><LA Size="normal">Beraten von Kunden,</LA></DD><DT>11.</DT><DD Font="normal"><LA Size="normal">Einleiten und Überwachen von Maßnahmen zur Effizienzsteigerung und Verbesserung der Nutzungsfähigkeit und</LA></DD><DT>12.</DT><DD Font="normal"><LA Size="normal">Verbessern der Nutzungsfähigkeit von bestehenden Abgasanlagen und Rauchableitungen;</LA></DD></DL><SP>Abschnitt B</SP><BR/><BR/> Integrative Fertigkeiten, Kenntnisse und Fähigkeiten: <DL Font="normal" Type="arabic"><DT>1.</DT><DD Font="normal"><LA Size="normal">Berufsbildung, Arbeits- und Tarifrecht,</LA></DD><DT>2.</DT><DD Font="normal"><LA Size="normal">Aufbau und Organisation des Ausbildungsbetriebes,</LA></DD><DT>3.</DT><DD Font="normal"><LA Size="normal">Sicherheit und Gesundheitsschutz bei der Arbeit,</LA></DD><DT>4.</DT><DD Font="normal"><LA Size="normal">Umweltschutz,</LA></DD><DT>5.</DT><DD Font="normal"><LA Size="normal">Information und Kommunikation, kundenorientiertes Verhalten,</LA></DD><DT>6.</DT><DD Font="normal"><LA Size="normal">Planen und Vorbereiten von Arbeitsabläufen,</LA></DD><DT>7.</DT><DD Font="normal"><LA Size="normal">Handhaben und Instandhalten von Werkzeugen, Geräten, Maschinen und technischen Einrichtungen,</LA></DD><DT>8.</DT><DD Font="normal"><LA Size="normal">Umgehen mit Gefahr- und Werkstoffen und</LA></DD><DT>9.</DT><DD Font="normal"><LA Size="normal">Durchführen von qualitätssichernden Maßnahmen.</LA></DD></DL></P></Content></text></textdaten></norm>
<norm builddate="20250224223008" doknr="BJNR143000012BJNE000500000"><metadaten><jurabk>SchfAusbV 2012</jurabk><jurabk>SchfAusbV</jurabk><enbez>§ 4</enbez><titel format="XML">Durchführung der Berufsausbildung</titel></metadaten><textdaten><text format="XML"><Content><P>(1) Die in dieser Verordnung genannten Fertigkeiten, Kenntnisse und Fähigkeiten sollen so vermittelt werden, dass die Auszubildenden zur Ausübung einer qualifizierten beruflichen Tätigkeit im Sinne von § 1 Absatz 3 des Berufsbildungsgesetzes befähigt werden, die insbesondere selbstständiges Planen, Durchführen und Kontrollieren einschließt. Diese Befähigung ist in den Prüfungen nach den §§ 5 und 6 nachzuweisen.</P><P>(2) Die Ausbildenden haben unter Zugrundelegung des Ausbildungsrahmenplans für die Auszubildenden einen Ausbildungsplan zu erstellen.</P><P>(3) Die Auszubildenden haben einen schriftlichen Ausbildungsnachweis zu führen. Ihnen ist Gelegenheit zu geben, den schriftlichen Ausbildungsnachweis während der Ausbildungszeit zu führen. Die Ausbildenden haben den schriftlichen Ausbildungsnachweis regelmäßig durchzusehen.</P></Content></text></textdaten></norm>
<norm builddate="20250224223008" doknr="BJNR143000012BJNE000600000"><metadaten><jurabk>SchfAusbV 2012</jurabk><jurabk>SchfAusbV</jurabk><enbez>§ 5</enbez><titel format="XML">Zwischenprüfung</titel></metadaten><textdaten><text format="XML"><Content><P>(1) Zur Ermittlung des Ausbildungsstandes ist eine Zwischenprüfung durchzuführen. Sie soll zur Mitte des zweiten Ausbildungsjahres stattfinden.</P><P>(2) Die Zwischenprüfung erstreckt sich auf die in der Anlage für die ersten drei Ausbildungshalbjahre aufgeführten Fertigkeiten, Kenntnisse und Fähigkeiten sowie auf den im Berufsschulunterricht zu vermittelnden Lehrstoff, soweit er für die Berufsausbildung wesentlich ist.</P><P>(3) Die Zwischenprüfung besteht aus den Prüfungsbereichen: <DL Type="arabic"><DT>1.</DT><DD Font="normal"><LA>Kehr- und Überprüfungsarbeiten und</LA></DD><DT>2.</DT><DD Font="normal"><LA>Technische Abläufe.</LA></DD></DL></P><P>(4) Für den Prüfungsbereich Kehr- und Überprüfungsarbeiten bestehen folgende Vorgaben: <DL Type="arabic"><DT>1.</DT><DD Font="normal"><LA>Der Prüfling soll nachweisen, dass er in der Lage ist, <DL Type="alpha"><DT>a)</DT><DD Font="normal"><LA>Auftragsvorgaben zu berücksichtigen und Arbeitsmittel festzulegen,</LA></DD><DT>b)</DT><DD Font="normal"><LA>Arbeitsschritte unter Berücksichtigung ergonomischer und sicherheitstechnischer Gesichtspunkte kundenorientiert zu planen, festzulegen und zu dokumentieren,</LA></DD><DT>c)</DT><DD Font="normal"><LA>Feuerungs- und Lüftungsanlagen sowie ähnliche Einrichtungen auf Funktion, Betriebs- und Brandsicherheit zu überprüfen, zu reinigen und deren Funktion sicherzustellen,</LA></DD><DT>d)</DT><DD Font="normal"><LA>Feuerungs- und Lüftungsanlagen sowie ähnliche Einrichtungen nach Gesichtspunkten des Immissions- und Umweltschutzes, der Energieeinsparung und des Klimaschutzes zu überprüfen, zu bewerten und zu messen, Werte festzustellen und Ergebnisse zu beurteilen und</LA></DD><DT>e)</DT><DD Font="normal"><LA>Mängel und Funktionsstörungen festzustellen und zu dokumentieren;</LA></DD></DL></LA></DD><DT>2.</DT><DD Font="normal"><LA>der Prüfling soll eine Arbeitsaufgabe durchführen und mit praxisüblichen Unterlagen dokumentieren sowie ein situatives Fachgespräch führen und</LA></DD><DT>3.</DT><DD Font="normal"><LA>die Prüfungszeit beträgt 240 Minuten, davon höchstens 10 Minuten für das Fachgespräch.</LA></DD></DL></P><P>(5) Für den Prüfungsbereich Technische Abläufe bestehen folgende Vorgaben: <DL Type="arabic"><DT>1.</DT><DD Font="normal"><LA>der Prüfling soll nachweisen, dass er in der Lage ist, <DL Type="alpha"><DT>a)</DT><DD Font="normal"><LA>schornsteinfegerrechtliche und gewerkeübergreifende Regelungen anzuwenden und die Einhaltung sicherzustellen,</LA></DD><DT>b)</DT><DD Font="normal"><LA>Zeitaufwand und personelle Unterstützung abzuschätzen,</LA></DD><DT>c)</DT><DD Font="normal"><LA>technische Unterlagen von Feuerungs- und Lüftungsanlagen und Sicherheitseinrichtungen zu lesen, anzuwenden und zu erstellen,</LA></DD><DT>d)</DT><DD Font="normal"><LA>mit Gefahr- und Werkstoffen umzugehen und</LA></DD><DT>e)</DT><DD Font="normal"><LA>qualitätssichernde Maßnahmen zu berücksichtigen;</LA></DD></DL></LA></DD><DT>2.</DT><DD Font="normal"><LA>der Prüfling soll fallbezogene Aufgaben schriftlich bearbeiten und</LA></DD><DT>3.</DT><DD Font="normal"><LA>die Prüfungszeit beträgt 180 Minuten.</LA></DD></DL></P></Content></text></textdaten></norm>
<norm builddate="20250224223008" doknr="BJNR143000012BJNE000700000"><metadaten><jurabk>SchfAusbV 2012</jurabk><jurabk>SchfAusbV</jurabk><enbez>§ 6</enbez><titel format="XML">Gesellenprüfung</titel></metadaten><textdaten><text format="XML"><Content><P>(1) Durch die Gesellenprüfung ist festzustellen, ob der Prüfling die berufliche Handlungsfähigkeit erworben hat. In der Gesellenprüfung soll der Prüfling nachweisen, dass er die dafür erforderlichen beruflichen Fertigkeiten beherrscht, die notwendigen beruflichen Kenntnisse und Fähigkeiten besitzt und mit dem im Berufsschulunterricht zu vermittelnden, für die Berufsausbildung wesentlichen Lehrstoff vertraut ist.</P><P>(2) Die Gesellenprüfung erstreckt sich auf die in der Anlage aufgeführten Fertigkeiten, Kenntnisse und Fähigkeiten sowie auf den im Berufsschulunterricht zu vermittelnden Lehrstoff, soweit er für die Berufsausbildung wesentlich ist.</P><P>(3) Die Gesellenprüfung besteht aus den Prüfungsbereichen <DL Type="arabic"><DT>1.</DT><DD Font="normal"><LA>Arbeitsauftrag,</LA></DD><DT>2.</DT><DD Font="normal"><LA>Kundenberatung,</LA></DD><DT>3.</DT><DD Font="normal"><LA>Anlagentechnik und</LA></DD><DT>4.</DT><DD Font="normal"><LA>Wirtschafts- und Sozialkunde.</LA></DD></DL></P><P>(4) Für den Prüfungsbereich Arbeitsauftrag bestehen folgende Vorgaben: <DL Type="arabic"><DT>1.</DT><DD Font="normal"><LA>Der Prüfling soll nachweisen, dass er in der Lage ist, <DL Type="alpha"><DT>a)</DT><DD Font="normal"><LA>Auftragsvorgaben zu berücksichtigen und Arbeitsmittel festzulegen,</LA></DD><DT>b)</DT><DD Font="normal"><LA>Arbeitsabläufe unter Beachtung rechtlicher, wirtschaftlicher und terminlicher Vorgaben zu planen, festzulegen und zu dokumentieren,</LA></DD><DT>c)</DT><DD Font="normal"><LA>Fehler und Qualitätsmängel zu ermitteln und zu beheben,</LA></DD><DT>d)</DT><DD Font="normal"><LA>Mängel und Funktionsstörungen festzustellen, zu dokumentieren und Lösungen zu erarbeiten,</LA></DD><DT>e)</DT><DD Font="normal"><LA>Messgeräte zu kalibrieren und einzusetzen,</LA></DD><DT>f)</DT><DD Font="normal"><LA>Maßnahmen zur Sicherheit und zum Gesundheitsschutz bei der Arbeit sowie zur Hygiene und zum Umweltschutz durchzuführen,</LA></DD><DT>g)</DT><DD Font="normal"><LA>die Endkontrolle anhand des Arbeitsauftrags durchzuführen und Arbeitsergebnisse zu dokumentieren;</LA></DD></DL></LA></DD><DT>2.</DT><DD Font="normal"><LA>dem Prüfungsbereich sind folgende Tätigkeiten zugrunde zu legen: <DL Type="alpha"><DT>a)</DT><DD Font="normal"><LA>Feuerungs- und Lüftungsanlagen sowie ähnliche Einrichtungen auf Betriebs- und Brandsicherheit überprüfen, reinigen und deren Funktion sicherstellen,</LA></DD><DT>b)</DT><DD Font="normal"><LA>Feuerungs- und Lüftungsanlagen sowie ähnliche Einrichtungen nach Gesichtspunkten des Immissions- und Umweltschutzes überprüfen, messen und die Ergebnisse bewerten und</LA></DD><DT>c)</DT><DD Font="normal"><LA>Energieeinsparungspotenziale zur Steigerung der Gesamtenergieeffizienz von Gebäuden und Anlagen ermitteln;</LA></DD></DL></LA></DD><DT>3.</DT><DD Font="normal"><LA>der Prüfling soll jeweils eine Arbeitsaufgabe nach Nummer 2 Buchstabe a, b und c durchführen und mit praxisüblichen Unterlagen dokumentieren und</LA></DD><DT>4.</DT><DD Font="normal"><LA>die Prüfungszeit beträgt 360 Minuten.</LA></DD></DL></P><P>(5) Für den Prüfungsbereich Kundenberatung bestehen folgende Vorgaben: <DL Type="arabic"><DT>1.</DT><DD Font="normal"><LA>Der Prüfling soll nachweisen, dass er in der Lage ist, <DL Type="alpha"><DT>a)</DT><DD Font="normal"><LA>Kundenwünsche zu ermitteln und die Umsetzbarkeit zu prüfen,</LA></DD><DT>b)</DT><DD Font="normal"><LA>Kunden zu beraten und</LA></DD><DT>c)</DT><DD Font="normal"><LA>Kunden über Serviceleistungen zu informieren, Serviceleistungen anzubieten;</LA></DD></DL></LA></DD><DT>2.</DT><DD Font="normal"><LA>dem Prüfungsbereich ist eines der folgenden Gebiete zugrunde zu legen: <DL Type="alpha"><DT>a)</DT><DD Font="normal"><LA>Maßnahmen zur Steigerung der Gebäude- und Anlageneffizienz oder</LA></DD><DT>b)</DT><DD Font="normal"><LA>Maßnahmen zur Verbesserung der Nutzungsfähigkeit von bestehenden Abgasanlagen und Rauchableitungen;</LA></DD></DL></LA></DD><DT>3.</DT><DD Font="normal"><LA>der Prüfling soll eine simulierte Kundenberatung durchführen und</LA></DD><DT>4.</DT><DD Font="normal"><LA>die Prüfungszeit beträgt höchstens 20 Minuten; die Vorbereitungszeit beträgt 15 Minuten.</LA></DD></DL></P><P>(6) Für den Prüfungsbereich Anlagentechnik bestehen folgende Vorgaben: <DL Type="arabic"><DT>1.</DT><DD Font="normal"><LA>Der Prüfling soll nachweisen, dass er in der Lage ist, <DL Type="alpha"><DT>a)</DT><DD Font="normal"><LA>technische Unterlagen auszuwerten und Berechnungen durchzuführen,</LA></DD><DT>b)</DT><DD Font="normal"><LA>Vorgänge der Verbrennung durch stöchiometrische Berechnungen darzustellen sowie die Einwirkung von Verbrennungsprozessen auf die Umwelt zu analysieren,</LA></DD><DT>c)</DT><DD Font="normal"><LA>Ursachen und Auswirkungen von Messfehlern zu beschreiben,</LA></DD><DT>d)</DT><DD Font="normal"><LA>Funktionszusammenhänge in Feuerungs- und Lüftungsanlagen darzustellen,</LA></DD><DT>e)</DT><DD Font="normal"><LA>technische Regeln der Bauphysik anzuwenden,</LA></DD><DT>f)</DT><DD Font="normal"><LA>Anforderungen des Immissions-, Umwelt-, Klima- und Gesundheitsschutzes zu beachten,</LA></DD><DT>g)</DT><DD Font="normal"><LA>Anforderungen des Schornsteinfegerrechts darzustellen,</LA></DD><DT>h)</DT><DD Font="normal"><LA>Notwendigkeit des vorbeugenden Brandschutzes zu erläutern und</LA></DD><DT>i)</DT><DD Font="normal"><LA>Arbeitssicherheitsvorschriften zu beschreiben;</LA></DD></DL></LA></DD><DT>2.</DT><DD Font="normal"><LA>der Prüfling soll praxisbezogene Aufgaben schriftlich bearbeiten und</LA></DD><DT>3.</DT><DD Font="normal"><LA>die Prüfungszeit beträgt insgesamt 240 Minuten.</LA></DD></DL></P><P>(7) Für den Prüfungsbereich Wirtschafts- und Sozialkunde bestehen folgende Vorgaben: <DL Type="arabic"><DT>1.</DT><DD Font="normal"><LA>der Prüfling soll nachweisen, dass er allgemeine wirtschaftliche und gesellschaftliche Zusammenhänge der Berufs- und Arbeitswelt darstellen und beurteilen kann;</LA></DD><DT>2.</DT><DD Font="normal"><LA>der Prüfling soll praxisbezogene Aufgaben schriftlich bearbeiten und</LA></DD><DT>3.</DT><DD Font="normal"><LA>die Prüfungszeit beträgt 60 Minuten.</LA></DD></DL></P></Content></text></textdaten></norm>
<norm builddate="20250224223008" doknr="BJNR143000012BJNE000800000"><metadaten><jurabk>SchfAusbV 2012</jurabk><jurabk>SchfAusbV</jurabk><enbez>§ 7</enbez><titel format="XML">Gewichtungs- und Bestehensregelung</titel></metadaten><textdaten><text format="XML"><Content><P>(1) Die einzelnen Prüfungsbereiche sind wie folgt zu gewichten: <DL Font="normal" Type="arabic"><DT>1.</DT><DD Font="normal"><LA Size="normal"><table colsep="0" frame="none" pgwide="1" rowsep="0" tocentry="%yes;"><tgroup align="left" char="" charoff="50" cols="2"><colspec align="left" colname="leftSplit"/><colspec align="right" colname="rightSplit"/><tbody Class="Split" valign="top"><row><entry VJ="1" colname="leftSplit">Prüfungsbereich Arbeitsauftrag</entry><entry VJ="1" colname="rightSplit" valign="bottom">40 Prozent,</entry></row></tbody></tgroup></table></LA></DD><DT>2.</DT><DD Font="normal"><LA Size="normal"><table colsep="0" frame="none" pgwide="1" rowsep="0" tocentry="%yes;"><tgroup align="left" char="" charoff="50" cols="2"><colspec align="left" colname="leftSplit"/><colspec align="right" colname="rightSplit"/><tbody Class="Split" valign="top"><row><entry VJ="1" colname="leftSplit">Prüfungsbereich Kundenberatung</entry><entry VJ="1" colname="rightSplit" valign="bottom">20 Prozent,</entry></row></tbody></tgroup></table></LA></DD><DT>3.</DT><DD Font="normal"><LA Size="normal"><table colsep="0" frame="none" pgwide="1" rowsep="0" tocentry="%yes;"><tgroup align="left" char="" charoff="50" cols="2"><colspec align="left" colname="leftSplit"/><colspec align="right" colname="rightSplit"/><tbody Class="Split" valign="top"><row><entry VJ="1" colname="leftSplit">Prüfungsbereich Anlagentechnik</entry><entry VJ="1" colname="rightSplit" valign="bottom">30 Prozent,</entry></row></tbody></tgroup></table></LA></DD><DT>4.</DT><DD Font="normal"><LA Size="normal"><table colsep="0" frame="none" pgwide="1" rowsep="0" tocentry="%yes;"><tgroup align="left" char="" charoff="50" cols="2"><colspec align="left" colname="leftSplit"/><colspec align="right" colname="rightSplit"/><tbody Class="Split" valign="top"><row><entry VJ="1" colname="leftSplit">Prüfungsbereich Wirtschafts- und<BR/> Sozialkunde</entry><entry VJ="1" colname="rightSplit" valign="bottom">10 Prozent.</entry></row></tbody></tgroup></table></LA></DD></DL></P><P>(2) Die Gesellenprüfung ist bestanden, wenn die Leistungen wie folgt bewertet worden sind: <DL Font="normal" Type="arabic"><DT>1.</DT><DD Font="normal"><LA Size="normal">im Gesamtergebnis mit mindestens „ausreichend“,</LA></DD><DT>2.</DT><DD Font="normal"><LA Size="normal">im Prüfungsbereich Arbeitsauftrag mit mindestens „ausreichend“,</LA></DD><DT>3.</DT><DD Font="normal"><LA Size="normal">in mindestens zwei weiteren Prüfungsbereichen mit mindestens „ausreichend“ und</LA></DD><DT>4.</DT><DD Font="normal"><LA Size="normal">in keinem Prüfungsbereich mit „ungenügend“.</LA></DD></DL></P><P>(3) Auf Antrag des Prüflings ist die Prüfung in einem der mit schlechter als „ausreichend“ bewerteten Prüfungsbereiche „Anlagentechnik“ oder „Wirtschafts- und Sozialkunde“ durch eine mündliche Prüfung von etwa 15 Minuten zu ergänzen, wenn dies für das Bestehen der Prüfung den Ausschlag geben kann. Bei der Ermittlung des Ergebnisses für diesen Prüfungsbereich sind das bisherige Ergebnis und das Ergebnis der mündlichen Ergänzungsprüfung im Verhältnis von 2 :1 zu gewichten.</P></Content></text></textdaten></norm>
<norm builddate="20250224223008" doknr="BJNR143000012BJNE000900000"><metadaten><jurabk>SchfAusbV 2012</jurabk><jurabk>SchfAusbV</jurabk><enbez>§ 8</enbez><titel format="XML">Bestehende Berufsausbildungsverhältnisse</titel></metadaten><textdaten><text format="XML"><Content><P>Berufsausbildungsverhältnisse, die bei Inkrafttreten dieser Verordnung bestehen, können unter Anrechung der bisher zurückgelegten Ausbildungszeit nach den Vorschriften dieser Verordnung fortgesetzt werden, wenn die Vertragsparteien dies vereinbaren.</P></Content></text></textdaten></norm>
<norm builddate="20250224223008" doknr="BJNR143000012BJNE001000000"><metadaten><jurabk>SchfAusbV 2012</jurabk><jurabk>SchfAusbV</jurabk><enbez>§ 9</enbez><titel format="XML">Inkrafttreten, Außerkrafttreten</titel></metadaten><textdaten><text format="XML"><Content><P>Diese Verordnung tritt am 1. August 2012 in Kraft. Gleichzeitig tritt die Verordnung über die Berufsausbildung zum Schornsteinfeger/zur Schornsteinfegerin vom 31. Januar 1997 (BGBl. I S. 179) außer Kraft.</P></Content></text></textdaten></norm>
<norm builddate="20250224223008" doknr="BJNR143000012BJNE001100000"><metadaten><jurabk>SchfAusbV 2012</jurabk><jurabk>SchfAusbV</jurabk><enbez>Anlage</enbez><titel format="XML">(zu § 3 Absatz 1)<BR/>Ausbildungsrahmenplan für die Berufsausbildung zum Schornsteinfeger und zur Schornsteinfegerin</titel></metadaten><textdaten><text format="XML"><Content><P><noindex><kommentar typ="Fundstelle">(Fundstelle: BGBl. I 2012, 1434 - 1439)</kommentar></noindex></P><BR/><table frame="all" tabstyle="Ausbildung" tocentry="%yes;"><Title Align="auto" Class="S1">Abschnitt A: Berufsprofilgebende Fertigkeiten, Kenntnisse und Fähigkeiten<BR/><BR/></Title><tgroup align="left" char="" charoff="50" cols="5" colsep="1" rowsep="1"><colspec align="center" colname="col1" colnum="1" colwidth=".75*"/><colspec colname="col2" colnum="2" colwidth="4.5*"/><colspec colname="col3" colnum="3" colwidth="8.5*"/><colspec align="center" colname="col4" colnum="4" colwidth="1.5*"/><colspec align="center" colname="col5" colnum="5" colwidth="1.5*"/><thead valign="bottom"><row><entry VJ="1" align="center" colname="col1" morerows="1" valign="middle">Lfd.<BR/> Nr.</entry><entry VJ="1" align="center" colname="col2" morerows="1" valign="middle">Teil des<BR/> Ausbildungsberufsbildes</entry><entry VJ="1" align="center" colname="col3" morerows="1" valign="middle">Zu vermittelnde<BR/> Fertigkeiten, Kenntnisse und Fähigkeiten</entry><entry VJ="1" align="center" nameend="col5" namest="col4" valign="middle">Zeitliche Richtwerte<BR/> in Wochen im</entry></row><row><entry VJ="1" align="center" colname="col4" valign="middle">1. bis 18.<BR/> Monat</entry><entry VJ="1" align="center" colname="col5" valign="middle">19. bis 36.<BR/> Monat</entry></row><row><entry VJ="1" align="center" colname="col1" valign="middle">1</entry><entry VJ="1" align="center" colname="col2" valign="middle">2</entry><entry VJ="1" align="center" colname="col3" valign="middle">3</entry><entry VJ="1" align="center" nameend="col5" namest="col4" valign="middle">4</entry></row></thead><tbody valign="top"><row><entry VJ="1" colname="col1">1</entry><entry VJ="1" colname="col2">Anwenden von schornsteinfegerrechtlichen Regelungen<BR/> (§ 3 Absatz 2 Abschnitt A<BR/>Nummer 1)</entry><entry VJ="1" colname="col3"><DL Font="normal" Type="alpha"><DT>a)</DT><DD Font="normal"><LA Size="normal">berufsrechtliche Regelungen des Schornsteinfegerhandwerks, insbesondere hinsichtlich allgemeiner Vorschriften, Bezirke, bevollmächtigter Bezirksschornsteinfeger, Aufgaben, Befugnisse und Pflichten der bevollmächtigten Bezirksschornsteinfeger und Bezirksschornsteinfegermeister, Bußgeldvorschriften und Ersatzvornahmen, anwenden</LA></DD><DT>b)</DT><DD Font="normal"><LA Size="normal">Verordnungen über Kehr- und Überprüfungsarbeiten anwenden</LA></DD></DL></entry><entry VJ="1" colname="col4" valign="middle">6</entry><entry VJ="1" colname="col5"/></row><row><entry VJ="1" colname="col1">2</entry><entry VJ="1" colname="col2">Anwenden von gewerkeübergreifenden Regelungen<BR/> (§ 3 Absatz 2 Abschnitt A<BR/>Nummer 2)</entry><entry VJ="1" colname="col3"><DL Font="normal" Type="alpha"><DT>a)</DT><DD Font="normal"><LA Size="normal">Regelungen, insbesondere Gesetze, Verordnungen und Erlasse, Richtlinien und Regeln, Normen, Zulassungsbescheide, Konformitätserklärungen aus den Bereichen des Immissionsschutzrechts, der Energieeinsparung, des Brandschutzes und des Baurechts, anwenden</LA></DD><DT>b)</DT><DD Font="normal"><LA Size="normal">technische Regeln der Bauphysik anwenden</LA></DD><DT>c)</DT><DD Font="normal"><LA Size="normal">Regelungen zum Hygiene- und Gesundheitsschutz anwenden</LA></DD></DL></entry><entry VJ="1" colname="col4" valign="middle">8</entry><entry VJ="1" colname="col5"/></row><row><entry VJ="1" colname="col1" morerows="1">3</entry><entry VJ="1" colname="col2" morerows="1">Brandschutz- und baurechtliche Überwachung von Feuerungs- und Lüftungsanlagen sowie ähnlicher Einrichtungen<BR/> (§ 3 Absatz 2 Abschnitt A <BR/>Nummer 3)</entry><entry VJ="1" colname="col3"><DL Font="normal" Type="alpha"><DT>a)</DT><DD Font="normal"><LA Size="normal">Betriebs- und Brandsicherheit, insbesondere von Anlagen zur Abführung von Verbrennungsgasen, Abgasanlagen und Rauchableitungen, Lüftungsanlagen ohne thermodynamische Funktionen, Dunstabzugsanlagen, Einrichtungen zum Reinigen und Überprüfen von Feuerstätten und Wärmeerzeugern einschließlich deren Aufstellräume, Brennstofflager und Versorgungseinrichtung sowie Zusatzeinrichtungen, überwachen</LA></DD></DL></entry><entry VJ="1" colname="col4" valign="middle">6</entry><entry VJ="1" colname="col5"/></row><row><entry VJ="1" colname="col3"><DL Font="normal" Type="alpha"><DT>b)</DT><DD Font="normal"><LA Size="normal">Betriebs- und Brandsicherheit, insbesondere von Prozessfeuerungen, Blockheizkraftwerken, Verbrennungsmotoren und Brennstoffzellen, überwachen</LA></DD></DL></entry><entry VJ="1" colname="col4"/><entry VJ="1" colname="col5" valign="middle">4</entry></row><row><entry VJ="1" colname="col1" morerows="1">4</entry><entry VJ="1" colname="col2" morerows="1">Anwenden, Erstellen<BR/> und Bewerten von technischen Unterlagen<BR/> (§ 3 Absatz 2 Abschnitt A <BR/>Nummer 4)</entry><entry VJ="1" colname="col3"><DL Font="normal" Type="alpha"><DT>a)</DT><DD Font="normal"><LA Size="normal">Skizzen, Zeichnungen und Belegungspläne anwenden, erstellen und bewerten</LA></DD><DT>b)</DT><DD Font="normal"><LA Size="normal">Einbau- und Bedienungsanleitungen, Handbücher und Wartungspläne anwenden</LA></DD></DL></entry><entry VJ="1" colname="col4" valign="middle">6</entry><entry VJ="1" colname="col5"/></row><row><entry VJ="1" colname="col3"><DL Font="normal" Type="alpha"><DT>c)</DT><DD Font="normal"><LA Size="normal">Bescheide und Nachweise für Feuerungsanlagen anwenden</LA></DD><DT>d)</DT><DD Font="normal"><LA Size="normal">kehrbezirksrelevante Verwaltungsunterlagen erstellen und anwenden</LA></DD><DT>e)</DT><DD Font="normal"><LA Size="normal">stöchiometrische Berechnungs- und Planungsunterlagen erstellen und anwenden</LA></DD></DL></entry><entry VJ="1" colname="col4"/><entry VJ="1" colname="col5" valign="middle">8</entry></row><row><entry VJ="1" colname="col1" morerows="1">5</entry><entry VJ="1" colname="col2" morerows="1">Überprüfen von Feuerungs- und Lüftungsanlagen sowie ähnlichen Einrichtungen zur Gewährleistung der Betriebs- und Brandsicherheit<BR/> (§ 3 Absatz 2 Abschnitt A <BR/>Nummer 5)</entry><entry VJ="1" align="justify" colname="col3">Zum Überprüfen von Feuerungs- und Lüftungsanlagen sowie ähnlicher Einrichtungen, insbesondere Prozessfeuerungen, Blockheizkraftwerken, Verbrennungsmotoren, Brennstoffzellen, Anlagen zur Abführung von Verbrennungsgasen, Abgasanlagen und Rauchableitungen, Lüftungsanlagen ohne thermodynamische Funktionen, Dunstabzugsanlagen, Einrichtungen zum Reinigen und Überprüfen, Feuerstätten und Wärmeerzeuger einschließlich deren Aufstellräume, Brennstofflager und Versorgungseinrichtung sowie Zusatzeinrichtungen <DL Font="normal" Type="alpha"><DT>a)</DT><DD Font="normal"><LA Size="normal">Werkzeuge, Geräte, Maschinen und technische Einrichtungen auswählen und anwenden</LA></DD><DT>b)</DT><DD Font="normal"><LA Size="normal">Auftrieb, Massenstrom, Volumenstrom und Querschnitt beurteilen</LA></DD></DL></entry><entry VJ="1" colname="col4" valign="middle">4</entry><entry VJ="1" colname="col5"/></row><row><entry VJ="1" colname="col3"><DL Font="normal" Type="alpha"><DT>c)</DT><DD Font="normal"><LA Size="normal">Zusatzeinrichtungen im Hinblick auf Konstruktion und Funktionsweise beurteilen</LA></DD><DT>d)</DT><DD Font="normal"><LA Size="normal">Funktionen von technischen Anlagen und Einrichtungen prüfen</LA></DD><DT>e)</DT><DD Font="normal"><LA Size="normal">regelungs- und sicherheitstechnische Einrichtungen überprüfen</LA></DD><DT>f)</DT><DD Font="normal"><LA Size="normal">Einhaltung von Vorschriften über Feuerschutz und vorbeugenden Brandschutz überprüfen</LA></DD><DT>g)</DT><DD Font="normal"><LA Size="normal">Untersuchungen im Rahmen von gutachterlichen Tätigkeiten durchführen und dokumentieren</LA></DD><DT>h)</DT><DD Font="normal"><LA Size="normal">Prüfergebnisse ermitteln, beurteilen und dokumentieren</LA></DD></DL></entry><entry VJ="1" colname="col4"/><entry VJ="1" colname="col5" valign="middle">10</entry></row><row><entry VJ="1" colname="col1">6</entry><entry VJ="1" colname="col2">Reinigen von Feuerungs- und Lüftungsanlagen sowie ähnlichen Einrichtungen zur Gewährleistung der Betriebs- und Brandsicherheit<BR/> (§ 3 Absatz 2 Abschnitt A <BR/>Nummer 6)</entry><entry VJ="1" align="justify" colname="col3">Zum Reinigen von Feuerungs- und Lüftungsanlagen sowie ähnlicher Einrichtungen, insbesondere Prozessfeuerungen, Blockheizkraftwerken, Verbrennungsmotoren, Brennstoffzellen, Anlagen zur Abführung von Verbrennungsgasen, Abgasanlagen und Rauchableitungen, Lüftungsanlagen ohne thermodynamische Funktionen, Dunstabzugsanlagen, Feuerstätten, Wärmeerzeuger und Zusatzeinrichtungen <DL Font="normal" Type="alpha"><DT>a)</DT><DD Font="normal"><LA Size="normal">Werkzeuge, Geräte, Maschinen und technische Einrichtungen auswählen und anwenden</LA></DD><DT>b)</DT><DD Font="normal"><LA Size="normal">Verfahren unterscheiden, auswählen und anwenden</LA></DD><DT>c)</DT><DD Font="normal"><LA Size="normal">Verbrennungsrückstände und Reststoffe sortengerecht sammeln, umweltgerecht lagern und entsorgen</LA></DD></DL></entry><entry VJ="1" colname="col4" valign="middle">8</entry><entry VJ="1" colname="col5"/></row><row><entry VJ="1" colname="col1" morerows="1" rowsep="1">7</entry><entry VJ="1" colname="col2" morerows="1" rowsep="1">Messen von Feuerungs- und Lüftungsanlagen sowie ähnlichen Einrichtungen zur Gewährleistung der Betriebs- und Brandsicherheit<BR/> (§ 3 Absatz 2 Abschnitt A <BR/>Nummer 7)</entry><entry VJ="1" align="justify" colname="col3">Zum Messen von Feuerungs- und Lüftungsanlagen sowie ähnlicher Einrichtungen, insbesondere Prozessfeuerungen, Blockheizkraftwerken, Verbrennungsmotoren, Brennstoffzellen, Anlagen zur Abführung von Verbrennungsgasen, Abgasanlagen und Rauchableitungen, Lüftungsanlagen ohne thermodynamische Funktionen, Dunstabzugsanlagen, Einrichtungen zum Reinigen und Überprüfen, Feuerstätten und Wärmeerzeuger einschließlich deren Aufstellräume, Brennstofflager und Versorgungseinrichtung sowie Zusatzeinrichtungen <DL Font="normal" Type="alpha"><DT>a)</DT><DD Font="normal"><LA Size="normal">Werkzeuge, Geräte, Maschinen und technische Einrichtungen auswählen und anwenden</LA></DD><DT>b)</DT><DD Font="normal"><LA Size="normal">Messwerte, insbesondere Temperaturen, Abgasbestandteile, Drücke, Emissionen und Volumenströme, unter Vermeidung von Messfehlern ermitteln</LA></DD><DT>c)</DT><DD Font="normal"><LA Size="normal">Messergebnisse ermitteln, beurteilen und dokumentieren</LA></DD></DL></entry><entry VJ="1" colname="col4" valign="middle">6</entry><entry VJ="1" colname="col5"/></row><row><entry VJ="1" colname="col3"><DL Font="normal" Type="alpha"><DT>d)</DT><DD Font="normal"><LA Size="normal">Ursachen und Auswirkungen von Messfehlern feststellen, beurteilen und berücksichtigen</LA></DD></DL></entry><entry VJ="1" colname="col4"/><entry VJ="1" colname="col5" valign="middle">2</entry></row><row><entry VJ="1" colname="col1">8</entry><entry VJ="1" colname="col2">Überprüfen und Messen von Gebäuden und Anlagen; Beurteilen von Ergebnissen<BR/> (§ 3 Absatz 2 Abschnitt A <BR/>Nummer 8)</entry><entry VJ="1" colname="col3"><DL Font="normal" Type="alpha"><DT>a)</DT><DD Font="normal"><LA Size="normal">Anlagen und Gebäude im Hinblick auf Brand-, Immissions-, Klima-, Hygiene- und Gesundheitsschutz überprüfen, Messungen durchführen</LA></DD><DT>b)</DT><DD Font="normal"><LA Size="normal">Einrichtungen des vorbeugenden Brandschutzes beurteilen</LA></DD><DT>c)</DT><DD Font="normal"><LA Size="normal">Einsparungspotenziale zur Steigerung der Gesamtenergieeffizienz ermitteln, Messungen durchführen</LA></DD><DT>d)</DT><DD Font="normal"><LA Size="normal">Arbeits-, Mess- und Prüfberichte erstellen und auswerten</LA></DD></DL></entry><entry VJ="1" colname="col4"/><entry VJ="1" colname="col5" valign="middle">10</entry></row><row><entry VJ="1" colname="col1" morerows="1">9</entry><entry VJ="1" colname="col2" morerows="1">Feststellen und Dokumentieren von Mängeln und Funktionsstörungen; Einleiten von Sofortmaßnahmen zur Gefahrenabwehr<BR/> (§ 3 Absatz 2 Abschnitt A <BR/>Nummer 9)</entry><entry VJ="1" colname="col3"><DL Font="normal" Type="alpha"><DT>a)</DT><DD Font="normal"><LA Size="normal">Mängel an Arbeitssicherheitseinrichtungen feststellen und dokumentieren</LA></DD><DT>b)</DT><DD Font="normal"><LA Size="normal">Mängel und Funktionsstörungen beim Überprüfen, Reinigen und Messen von Feuerungs- und Lüftungsanlagen sowie ähnlichen Einrichtungen und Gebäuden unter Berücksichtigung der Eigenschaften von Baustoffen, Werkstoffen und Bauteilen sowie deren Be- und Verarbeitung feststellen und dokumentieren</LA></DD></DL></entry><entry VJ="1" colname="col4" valign="middle">6</entry><entry VJ="1" colname="col5"/></row><row><entry VJ="1" colname="col3"><DL Font="normal" Type="alpha"><DT>c)</DT><DD Font="normal"><LA Size="normal">Mängel und Funktionsstörungen beim Überprüfen und Messen von Sicherheits-, Steuer- und Regeleinrichtungen unter Berücksichtigung der Eigenschaften von Baustoffen, Werkstoffen und Bauteilen sowie deren Be- und Verarbeitung feststellen und dokumentieren</LA></DD><DT>d)</DT><DD Font="normal"><LA Size="normal">Sofortmaßnahmen zur Gefahrenabwehr selbstständig einleiten und überwachen</LA></DD></DL></entry><entry VJ="1" colname="col4"/><entry VJ="1" colname="col5" valign="middle">6</entry></row><row><entry VJ="1" colname="col1">10</entry><entry VJ="1" colname="col2">Beraten von Kunden<BR/> (§ 3 Absatz 2 Abschnitt A <BR/>Nummer 10)</entry><entry VJ="1" colname="col3"><DL Font="normal" Type="alpha"><DT>a)</DT><DD Font="normal"><LA Size="normal">Kunden über Feuerungs- und Lüftungsanlagen sowie ähnliche Einrichtungen und deren Verwendungsmöglichkeiten beraten</LA></DD><DT>b)</DT><DD Font="normal"><LA Size="normal">Kunden über vorbeugenden Brandschutz und Brandverhütung beraten</LA></DD><DT>c)</DT><DD Font="normal"><LA Size="normal">Kunden über rationelle Energieverwendung und den Einsatz nachhaltiger Energienutzungssysteme unabhängig beraten</LA></DD><DT>d)</DT><DD Font="normal"><LA Size="normal">Kunden über umweltgerechte Lagerung und Verwendung von Brennstoffen beraten</LA></DD><DT>e)</DT><DD Font="normal"><LA Size="normal">Kunden über Aspekte des Immissions-, Klima-, Hygiene- und Gesundheitsschutzes beraten</LA></DD><DT>f)</DT><DD Font="normal"><LA Size="normal">Kunden über Fördermöglichkeiten beraten</LA></DD></DL></entry><entry VJ="1" colname="col4"/><entry VJ="1" colname="col5" valign="middle">8</entry></row><row><entry VJ="1" colname="col1">11</entry><entry VJ="1" colname="col2">Einleiten und Überwachen von Maßnahmen zur Effizienzsteigerung und Verbesserung der Nutzungsfähigkeit (§ 3 Absatz 2 Abschnitt A <BR/>Nummer 11)</entry><entry VJ="1" colname="col3"><DL Font="normal" Type="alpha"><DT>a)</DT><DD Font="normal"><LA Size="normal">Daten zur Einleitung von Maßnahmen an Feuerungs- und Lüftungsanlagen sowie ähnlichen Einrichtungen und Gebäuden, insbesondere unter Berücksichtigung des Kundenauftrags, erfassen</LA></DD><DT>b)</DT><DD Font="normal"><LA Size="normal">bei der Erstellung von Maßnahmenplänen und beim Einholen von Angeboten mitwirken</LA></DD><DT>c)</DT><DD Font="normal"><LA Size="normal">Maßnahmen umsetzen, bei der Koordinierung mit vor- und nachgelagerten Gewerken und weiteren Beteiligten mitwirken</LA></DD><DT>d)</DT><DD Font="normal"><LA Size="normal">bei der Überwachung der Umsetzung mitwirken und Ergebnisse dokumentieren</LA></DD><DT>e)</DT><DD Font="normal"><LA Size="normal">Übergabe- und Abschlussprotokolle erstellen</LA></DD></DL></entry><entry VJ="1" colname="col4"/><entry VJ="1" colname="col5" valign="middle">8</entry></row><row><entry VJ="1" colname="col1">12</entry><entry VJ="1" colname="col2">Verbessern der Nutzungsfähigkeit von bestehenden Abgasanlagen und Rauchableitungen<BR/> (§ 3 Absatz 2 Abschnitt A Nummer 12)</entry><entry VJ="1" colname="col3"><DL Font="normal" Type="alpha"><DT>a)</DT><DD Font="normal"><LA Size="normal">Möglichkeiten zur Effizienzsteigerung feststellen und dokumentieren, Lösungsansätze erarbeiten</LA></DD><DT>b)</DT><DD Font="normal"><LA Size="normal">Maßnahmen zur bedarfsgerechten Effizienzsteigerung durchführen, insbesondere Nebenluftvorrichtungen einbauen, Reinigungsverschlüsse erneuern und Mündungsabschlüsse montieren</LA></DD><DT>c)</DT><DD Font="normal"><LA Size="normal">Maßnahmen zur Gefahrenabwehr und zur Beseitigung von Funktionsstörungen ergreifen und überwachen</LA></DD></DL></entry><entry VJ="1" colname="col4"/><entry VJ="1" colname="col5" valign="middle">10</entry></row></tbody></tgroup></table><BR/><BR/><table frame="all" tabstyle="Ausbildung" tocentry="%yes;"><Title Align="auto" Class="S1">Abschnitt B: Integrative Fertigkeiten, Kenntnisse und Fähigkeiten<BR/><BR/></Title><tgroup align="left" char="" charoff="50" cols="5" colsep="1" rowsep="1"><colspec align="center" colname="col1" colnum="1" colwidth=".75*"/><colspec colname="col2" colnum="2" colwidth="4.5*"/><colspec colname="col3" colnum="3" colwidth="8.5*"/><colspec align="center" colname="col4" colnum="4" colwidth="1.5*"/><colspec align="center" colname="col5" colnum="5" colwidth="1.5*"/><thead valign="bottom"><row><entry VJ="1" align="center" colname="col1" morerows="1" valign="middle">Lfd.<BR/> Nr.</entry><entry VJ="1" align="center" colname="col2" morerows="1" valign="middle">Teil des<BR/> Ausbildungsberufsbildes</entry><entry VJ="1" align="center" colname="col3" morerows="1" valign="middle">Zu vermittelnde<BR/> Fertigkeiten, Kenntnisse und Fähigkeiten</entry><entry VJ="1" align="center" nameend="col5" namest="col4" valign="middle">Zeitliche Richtwerte<BR/> in Wochen im</entry></row><row><entry VJ="1" align="center" colname="col4" valign="middle">1. bis 18.<BR/> Monat</entry><entry VJ="1" align="center" colname="col5" valign="middle">19. bis 36.<BR/> Monat</entry></row><row><entry VJ="1" align="center" colname="col1" valign="middle">1</entry><entry VJ="1" align="center" colname="col2" valign="middle">2</entry><entry VJ="1" align="center" colname="col3" valign="middle">3</entry><entry VJ="1" align="center" nameend="col5" namest="col4" valign="middle">4</entry></row></thead><tbody valign="top"><row><entry VJ="1" colname="col1">1</entry><entry VJ="1" colname="col2">Berufsbildung, Arbeits- und Tarifrecht<BR/> (§ 3 Absatz 2 Abschnitt B <BR/>Nummer 1)</entry><entry VJ="1" colname="col3"><DL Font="normal" Type="alpha"><DT>a)</DT><DD Font="normal"><LA Size="normal">Bedeutung des Ausbildungsvertrages, insbesondere Abschluss, Dauer und Beendigung erklären</LA></DD><DT>b)</DT><DD Font="normal"><LA Size="normal">gegenseitige Rechte und Pflichten aus dem Ausbildungsvertrag nennen</LA></DD><DT>c)</DT><DD Font="normal"><LA Size="normal">Möglichkeiten der beruflichen Fortbildung nennen</LA></DD><DT>d)</DT><DD Font="normal"><LA Size="normal">wesentliche Teile des Arbeitsvertrages nennen</LA></DD><DT>e)</DT><DD Font="normal"><LA Size="normal">wesentliche Bestimmungen der für den ausbildenden Betrieb geltenden Tarifverträge nennen</LA></DD></DL></entry><entry VJ="1" align="left" colname="col4" morerows="3" nameend="col5" namest="col4" valign="middle">während<BR/>der gesamten<BR/>Ausbildungszeit<BR/>zu vermitteln</entry></row><row><entry VJ="1" colname="col1">2</entry><entry VJ="1" colname="col2">Aufbau und Organisation des Ausbildungsbetriebes<BR/> (§ 3 Absatz 2 Abschnitt B <BR/>Nummer 2)</entry><entry VJ="1" colname="col3"><DL Font="normal" Type="alpha"><DT>a)</DT><DD Font="normal"><LA Size="normal">Aufbau und Aufgaben des ausbildenden Betriebes erläutern</LA></DD><DT>b)</DT><DD Font="normal"><LA Size="normal">Grundfunktionen des ausbildenden Betriebes, wie Beschaffung, Fertigung, Absatz und Verwaltung, erklären</LA></DD><DT>c)</DT><DD Font="normal"><LA Size="normal">Beziehungen des ausbildenden Betriebes und seiner Beschäftigten zu Wirtschaftsorganisationen, Berufsvertretungen und Gewerkschaften nennen</LA></DD><DT>d)</DT><DD Font="normal"><LA Size="normal">Grundlagen, Aufgaben und Arbeitsweise der betriebsverfassungs- oder personalvertretungsrechtlichen Organe des ausbildenden Betriebes beschreiben</LA></DD></DL></entry></row><row><entry VJ="1" colname="col1">3</entry><entry VJ="1" colname="col2">Sicherheit und Gesundheitsschutz bei der Arbeit<BR/> (§ 3 Absatz 2 Abschnitt B Nummer 3)</entry><entry VJ="1" colname="col3"><DL Font="normal" Type="alpha"><DT>a)</DT><DD Font="normal"><LA Size="normal">Gefährdung von Sicherheit und Gesundheit am Arbeitsplatz feststellen und Maßnahmen zu ihrer Vermeidung ergreifen</LA></DD><DT>b)</DT><DD Font="normal"><LA Size="normal">berufsbezogene Arbeitsschutz- und Unfallverhütungsvorschriften anwenden</LA></DD><DT>c)</DT><DD Font="normal"><LA Size="normal">Verhaltensweisen bei Unfällen beschreiben sowie erste Maßnahmen einleiten</LA></DD><DT>d)</DT><DD Font="normal"><LA Size="normal">Vorschriften des vorbeugenden Brandschutzes anwenden; Verhaltensweisen bei Bränden beschreiben und Maßnahmen zur Brandbekämpfung ergreifen</LA></DD></DL></entry></row><row><entry VJ="1" colname="col1">4</entry><entry VJ="1" colname="col2">Umweltschutz<BR/> (§ 3 Absatz 2 Abschnitt B Nummer 4)</entry><entry VJ="1" align="justify" colname="col3">Zur Vermeidung betriebsbedingter Umweltbelastungen im beruflichen Einwirkungsbereich beitragen, insbesondere <DL Font="normal" Type="alpha"><DT>a)</DT><DD Font="normal"><LA Size="normal">mögliche Umweltbelastungen durch den Ausbildungsbetrieb und seinen Beitrag zum Umweltschutz an Beispielen erklären</LA></DD></DL></entry></row><row><entry VJ="1" colname="col1"/><entry VJ="1" colname="col2"/><entry VJ="1" align="justify" colname="col3"><DL Font="normal" Type="alpha"><DT>b)</DT><DD Font="normal"><LA Size="normal">für den Ausbildungsbetrieb geltende Regelungen des Umweltschutzes anwenden</LA></DD><DT>c)</DT><DD Font="normal"><LA Size="normal">Möglichkeiten der wirtschaftlichen und umweltschonenden Energie- und Materialverwendung nutzen</LA></DD><DT>d)</DT><DD Font="normal"><LA Size="normal">Abfälle vermeiden; Stoffe und Materialien einer umweltschonenden Entsorgung zuführen</LA></DD></DL></entry><entry VJ="1"/><entry VJ="1"/></row><row><entry VJ="1" colname="col1" morerows="1">5</entry><entry VJ="1" colname="col2" morerows="1">Information und Kommunikation, kundenorientiertes Verhalten<BR/> (§ 3 Absatz 2 Abschnitt B <BR/>Nummer 5)</entry><entry VJ="1" colname="col3"><DL Font="normal" Type="alpha"><DT>a)</DT><DD Font="normal"><LA Size="normal">Informationen beschaffen, aufbereiten und auswerten</LA></DD><DT>b)</DT><DD Font="normal"><LA Size="normal">auftragsbezogene Daten erstellen, auswerten und dokumentieren, Datenschutz beachten</LA></DD><DT>c)</DT><DD Font="normal"><LA Size="normal">Gespräche mit Vorgesetzten, Mitarbeitern und im Team situationsgerecht führen, Sachverhalte darstellen, fremdsprachliche Fachbegriffe anwenden</LA></DD><DT>d)</DT><DD Font="normal"><LA Size="normal">Arbeitsaufgaben mithilfe von Informations- und Kommunikationssystemen bearbeiten, Anwenderprogramme einsetzen</LA></DD><DT>e)</DT><DD Font="normal"><LA Size="normal">Gespräche mit Kunden und weiteren Beteiligten führen und dabei kulturelle Besonderheiten und Verhaltensregeln berücksichtigen</LA></DD><DT>f)</DT><DD Font="normal"><LA Size="normal">durch eigenes Verhalten zur Kundenzufriedenheit und zum Betriebserfolg beitragen</LA></DD></DL></entry><entry VJ="1" align="center" colname="col4" valign="middle">4</entry><entry VJ="1" colname="col5"/></row><row><entry VJ="1" colname="col3"><DL Font="normal" Type="alpha"><DT>g)</DT><DD Font="normal"><LA Size="normal">Kundenwünsche ermitteln, auf Umsetzbarkeit prüfen, mit dem betrieblichen Leistungsangebot vergleichen, Kosten abschätzen</LA></DD><DT>h)</DT><DD Font="normal"><LA Size="normal">Kunden über Serviceleistungen informieren, Serviceleistungen anbieten</LA></DD><DT>i)</DT><DD Font="normal"><LA Size="normal">Kundenbeanstandungen entgegennehmen, beurteilen und Maßnahmen zur Bearbeitung ergreifen</LA></DD></DL></entry><entry VJ="1" colname="col4"/><entry VJ="1" colname="col5" valign="middle">4</entry></row><row><entry VJ="1" colname="col1" morerows="1">6</entry><entry VJ="1" colname="col2" morerows="1">Planen und Vorbereiten von Arbeitsabläufen<BR/> (§ 3 Absatz 2 Abschnitt B <BR/>Nummer 6)</entry><entry VJ="1" colname="col3"><DL Font="normal" Type="alpha"><DT>a)</DT><DD Font="normal"><LA Size="normal">Arbeitsplatz in der Werkstatt und vor Ort einrichten</LA></DD><DT>b)</DT><DD Font="normal"><LA Size="normal">Auftragsunterlagen prüfen und bearbeiten</LA></DD><DT>c)</DT><DD Font="normal"><LA Size="normal">Arbeitsschritte unter Berücksichtigung von betrieblichen Abläufen, technischen Unterlagen und Kundenwünschen planen und festlegen</LA></DD><DT>d)</DT><DD Font="normal"><LA Size="normal">Werk- und Hilfsstoffe sowie Arbeitsmittel den einzelnen Arbeitsschritten zuordnen, kennzeichnen und auftragsbezogen bereitstellen</LA></DD><DT>e)</DT><DD Font="normal"><LA Size="normal">Materialbedarf berechnen und Bedarfslisten erstellen</LA></DD><DT>f)</DT><DD Font="normal"><LA Size="normal">Zeitaufwand und personelle Unterstützung abschätzen</LA></DD><DT>g)</DT><DD Font="normal"><LA Size="normal">ergonomische und sicherheitsrelevante Gesichtspunkte beachten</LA></DD></DL></entry><entry VJ="1" colname="col4" valign="middle">6</entry><entry VJ="1" colname="col5"/></row><row><entry VJ="1" colname="col3"><DL Font="normal" Type="alpha"><DT>h)</DT><DD Font="normal"><LA Size="normal">Arbeitsabläufe, insbesondere unter Beachtung wirtschaftlicher und terminlicher Vorgaben mit vor- und nachgelagerten Gewerken und weiteren Beteiligten abstimmen, festlegen und dokumentieren</LA></DD></DL></entry><entry VJ="1" colname="col4"/><entry VJ="1" colname="col5" valign="middle">4</entry></row><row><entry VJ="1" colname="col1">7</entry><entry VJ="1" colname="col2">Handhaben und Instandhalten von Werkzeugen, Geräten, Maschinen und technischen Einrichtungen<BR/>(§ 3 Absatz 2 Abschnitt B <BR/>Nummer 7)</entry><entry VJ="1" colname="col3"><DL Font="normal" Type="alpha"><DT>a)</DT><DD Font="normal"><LA Size="normal">Werkzeuge und Geräte warten und aufbewahren, insbesondere Kehrgeräte, Reinigungsgeräte, Handwerkzeuge und Hilfsmittel</LA></DD><DT>b)</DT><DD Font="normal"><LA Size="normal">Funktionsfähigkeit prüfen, Störungen feststellen und Maßnahmen zur Beseitigung ergreifen</LA></DD><DT>c)</DT><DD Font="normal"><LA Size="normal">Geräte, insbesondere Mess- und Prüfgeräte, nach Vorschriften und Herstellerangaben instand halten</LA></DD><DT>d)</DT><DD Font="normal"><LA Size="normal">Betriebsmittel, insbesondere Verbrauchsstoffe, einsetzen, lagern und pflegen</LA></DD><DT>e)</DT><DD Font="normal"><LA Size="normal">Werkzeuge, Geräte, Maschinen und technische Einrichtungen unter Beachtung von Sicherheitsvorschriften anwenden und bedienen</LA></DD><DT>f)</DT><DD Font="normal"><LA Size="normal">vorgeschriebene Prüfungen durchführen und dokumentieren</LA></DD></DL></entry><entry VJ="1" colname="col4" valign="middle">8</entry><entry VJ="1" colname="col5"/></row><row><entry VJ="1" colname="col1">8</entry><entry VJ="1" colname="col2">Umgehen mit Gefahr- und Werkstoffen<BR/> (§ 3 Absatz 2 Abschnitt B <BR/>Nummer 8)</entry><entry VJ="1" colname="col3"><DL Font="normal" Type="alpha"><DT>a)</DT><DD Font="normal"><LA Size="normal">Gefahrstoffe erkennen und unterscheiden</LA></DD><DT>b)</DT><DD Font="normal"><LA Size="normal">berufsspezifische Arbeitsanweisungen beim Umgang mit Gefahr- und Werkstoffen anwenden</LA></DD><DT>c)</DT><DD Font="normal"><LA Size="normal">Gefahr- und Werkstoffe lagern und entsorgen</LA></DD></DL></entry><entry VJ="1" colname="col4" valign="middle">6</entry><entry VJ="1" colname="col5"/></row><row><entry VJ="1" colname="col1" morerows="1">9</entry><entry VJ="1" colname="col2" morerows="1">Durchführen von qualitätssichernden Maßnahmen<BR/> (§ 3 Absatz 2 Abschnitt B <BR/>Nummer 9)</entry><entry VJ="1" colname="col3"><DL Font="normal" Type="alpha"><DT>a)</DT><DD Font="normal"><LA Size="normal">Ziele und Aufgaben der Qualitätssicherung anhand betrieblicher Beispiele erläutern</LA></DD><DT>b)</DT><DD Font="normal"><LA Size="normal">Qualitätssicherungssysteme unterscheiden und im eigenen Arbeitsbereich anwenden</LA></DD><DT>c)</DT><DD Font="normal"><LA Size="normal">Kriterien für das Lagern von Werk- und Hilfsstoffen sowie von Arbeitsmitteln berücksichtigen</LA></DD></DL></entry><entry VJ="1" colname="col4" valign="middle">4</entry><entry VJ="1" colname="col5"/></row><row><entry VJ="1" colname="col3"><DL Font="normal" Type="alpha"><DT>d)</DT><DD Font="normal"><LA Size="normal">Endkontrolle anhand des Arbeitsauftrags durchführen und Arbeitsergebnisse dokumentieren</LA></DD><DT>e)</DT><DD Font="normal"><LA Size="normal">Qualitätsabweichungen und ihre Ursachen feststellen sowie Maßnahmen zur Behebung ergreifen und dokumentieren</LA></DD><DT>f)</DT><DD Font="normal"><LA Size="normal">qualitätssichernde Maßnahmen im eigenen Arbeitsbereich anwenden, dabei zur kontinuierlichen Verbesserung von Arbeitsabläufen beitragen</LA></DD><DT>g)</DT><DD Font="normal"><LA Size="normal">Zusammenhänge von qualitätssichernden Maßnahmen, insbesondere zwischen Produktivität, Wirtschaftlichkeit und Kundenzufriedenheit, erkennen und berücksichtigen</LA></DD></DL></entry><entry VJ="1" colname="col4"/><entry VJ="1" colname="col5" valign="middle">4</entry></row></tbody></tgroup></table></Content></text></textdaten></norm>
</dokumente>