<?xml version="1.0" encoding="UTF-8" ?><!DOCTYPE dokumente SYSTEM "http://www.gesetze-im-internet.de/dtd/1.01/gii-norm.dtd">
<dokumente builddate="20231128213547" doknr="BJNR180400018"><norm builddate="20231128213547" doknr="BJNR180400018"><metadaten><jurabk>MFKRegV</jurabk><amtabk>VKRegV</amtabk><ausfertigung-datum manuell="ja">2018-10-24</ausfertigung-datum><fundstelle typ="amtlich"><periodikum>BGBl I</periodikum><zitstelle>2018, 1804 (1845)</zitstelle></fundstelle><kurzue>Verbandsklageregisterverordnung</kurzue><langue>Verordnung über das Register für Verbandsklagen</langue><standangabe checked="ja"><standtyp>Stand</standtyp><standkommentar>Zuletzt geändert durch Art. 2 G v. 8.10.2023 I Nr. 272</standkommentar></standangabe></metadaten><textdaten><fussnoten><Content><P><BR/> <pre xml:space="preserve">(+++ Textnachweis ab: 1.11.2018 +++)<BR/><BR/></pre>Überschrift: IdF d. Art. 2 Nr. 1 G v. 8.10.2023 I Nr. 272 mWv 13.10.2023</P></Content></fussnoten></textdaten></norm>
<norm builddate="20231128213547" doknr="BJNR180400018BJNE000100000"><metadaten><jurabk>MFKRegV</jurabk><jurabk>VKRegV</jurabk><enbez>Eingangsformel</enbez></metadaten><textdaten><text format="XML"><Content><P>Auf Grund des § 609 Absatz 7 der Zivilprozessordnung, der durch Artikel 2 Nummer 5 des Gesetzes vom 12. Juli 2018 (BGBl. I S. 1151) neu gefasst worden ist, verordnet das Bundesministerium der Justiz und für Verbraucherschutz:</P></Content></text></textdaten></norm>
<norm builddate="20231128213547" doknr="BJNR180400018BJNE000201360"><metadaten><jurabk>MFKRegV</jurabk><jurabk>VKRegV</jurabk><enbez>§ 1</enbez><titel format="XML">Register für Verbandsklagen</titel></metadaten><textdaten><text format="XML"><Content><P>(1) Das Bundesamt für Justiz führt ein Verbandsklageregister, in dem es nach Maßgabe der folgenden Vorschriften Folgendes öffentlich bekannt macht: <DL Type="arabic"><DT>1.</DT><DD Font="normal"><LA>Verbandsklagen nach § 1 Absatz 1 des Verbraucherrechtedurchsetzungsgesetzes,</LA></DD><DT>2.</DT><DD Font="normal"><LA>einstweilige Verfügungen in Bezug auf Ansprüche nach den §§ 1 bis 2a des Unterlassungsklagengesetzes oder § 8 Absatz 1 des Gesetzes gegen den unlauteren Wettbewerb von qualifizierten Verbraucherverbänden und qualifizierten Einrichtungen anderer Mitgliedstaaten der Europäischen Union, die in dem Verzeichnis der Europäischen Kommission nach Artikel 5 Absatz 1 Satz 4 der Richtlinie (EU) 2020/1828 des Europäischen Parlaments und des Rates vom 25. November 2020 über Verbandsklagen zum Schutz der Kollektivinteressen der Verbraucher und zur Aufhebung der Richtlinie 2009/22/EG (ABl. L 409 vom 4.12.2020, S. 1) eingetragen sind, und</LA></DD><DT>3.</DT><DD Font="normal"><LA>Unterlassungsklagen zur Durchsetzung von Ansprüchen nach Nummer 2 durch die dort genannten Verbraucherverbände und Einrichtungen.</LA></DD></DL></P><P>(2) Das Bundesamt für Justiz erfasst im Verbandsklageregister ferner Anmeldungen zur Eintragung von Ansprüchen oder Rechtsverhältnissen von Verbrauchern und kleinen Unternehmen zu den nach Absatz 1 Nummer 1 öffentlich bekanntgemachten Verbandsklagen.</P><P>(3) Die öffentlichen Bekanntmachungen erfolgen durch Veröffentlichung auf einer Internetseite, die der inhaltlichen Verantwortung des Bundesamtes für Justiz unterliegt und von jedermann unentgeltlich eingesehen werden kann. Auf der Internetseite sind auch die vom Bundesamt für Justiz elektronisch zur Verfügung zu stellenden Formulare abrufbar. Die öffentlichen Bekanntmachungen nach Absatz 1 sind jeweils in einer eigenen Rubrik vorzunehmen.</P></Content></text><fussnoten/></textdaten></norm>
<norm builddate="20231128213547" doknr="BJNR180400018BJNE000302360"><metadaten><jurabk>MFKRegV</jurabk><jurabk>VKRegV</jurabk><enbez>§ 2</enbez><titel format="XML">Öffentliche Bekanntmachungen und Mitteilungen des Gerichts</titel></metadaten><textdaten><text format="XML"><Content><P>(1) Öffentlich bekannt zu machen sind <DL Type="arabic"><DT>1.</DT><DD Font="normal"><LA>zu Verbandsklagen nach dem Verbraucherrechtedurchsetzungsgesetz die Angaben nach § 44 des Verbraucherrechtedurchsetzungsgesetzes,</LA></DD><DT>2.</DT><DD Font="normal"><LA>zu einstweiligen Verfügungen die Angaben nach § 6a Absatz 1 und 3 des Unterlassungsklagengesetzes und</LA></DD><DT>3.</DT><DD Font="normal"><LA>zu Unterlassungsklagen die Angaben nach § 6a Absatz 2 und 3 des Unterlassungsklagengesetzes.</LA></DD></DL>Das Datum der öffentlichen Bekanntmachung ist jeweils anzugeben.</P><P>(2) Das Gericht übermittelt die bekannt zu machenden Angaben als strukturierten maschinenlesbaren Datensatz im Dateiformat XML in der jeweils gültigen XJustiz-Version oder im Dateiformat PDF auf einem sicheren Übermittlungsweg (§ 130a Absatz 4 der Zivilprozessordnung) an das Bundesamt für Justiz.</P><P>(3) Der Antrag auf Bekanntmachung des Zustellungsdatums einer einstweiligen Verfügung nach § 6a Absatz 1 Satz 4 des Unterlassungsklagengesetzes ist schriftlich zu stellen.</P></Content></text><fussnoten/></textdaten></norm>
<norm builddate="20231128213547" doknr="BJNR180400018BJNE000402360"><metadaten><jurabk>MFKRegV</jurabk><jurabk>VKRegV</jurabk><enbez>§ 3</enbez><titel format="XML">Anmeldung und Eintragung von Ansprüchen oder Rechtsverhältnissen</titel></metadaten><textdaten><text format="XML"><Content><P>(1) Für die Anmeldung zur Eintragung von Ansprüchen oder Rechtsverhältnissen in das Verbandsklageregister nach § 43 Absatz 1 Satz 1 des Verbraucherrechtedurchsetzungsgesetzes stellt das Bundesamt für Justiz Verbrauchern unentgeltlich ein Formular gemeinsam mit einer Ausfüllanleitung zur Verfügung. Das Formular und die Ausfüllanleitung werden jeweils elektronisch und in Papierform zur Verfügung gestellt.</P><P>(2) Die nach § 46 Absatz 2 Satz 1 des Verbraucherrechtedurchsetzungsgesetzes erforderlichen Angaben sind im Formular als verpflichtend zu kennzeichnen. Beim Formularfeld zu Gegenstand und Grund des Anspruchs oder des Rechtsverhältnisses ist darauf hinzuweisen, dass die Angabe hierzu höchstens 2 500 Zeichen betragen soll.</P><P>(3) Die Eintragung in das Verbandsklageregister wird vom Bundesamt für Justiz nur vorgenommen, wenn die Anmeldung <DL Type="arabic"><DT>1.</DT><DD Font="normal"><LA>innerhalb der Frist des § 46 Absatz 1 des Verbraucherrechtedurchsetzungsgesetzes eingegangen ist und</LA></DD><DT>2.</DT><DD Font="normal"><LA>alle Angaben nach § 46 Absatz 2 Satz 1 des Verbraucherrechtedurchsetzungsgesetzes enthält.</LA></DD></DL>Andernfalls lehnt es die Eintragung ab. Mit der Eintragung vergibt das Bundesamt für Justiz ein Geschäftszeichen und erfasst darunter auch das Datum des Eingangs der Anmeldung. Es bestätigt dem Verbraucher alsbald die Eintragung in das Verbandsklageregister und teilt ihm dabei das Geschäftszeichen mit. Dieses Geschäftszeichen ist in der weiteren Kommunikation mit dem Bundesamt für Justiz stets anzugeben.</P><P>(4) Teilt der angemeldete Verbraucher Namens- oder Anschriftenänderungen mit, so sind auch sie im Verbandsklageregister zu erfassen. Für die Mitteilung stellt das Bundesamt für Justiz unentgeltlich ein Formular zur Verfügung. Das Formular wird sowohl elektronisch als auch in Papierform zur Verfügung gestellt. Der Verbraucher ist in der Eingangsbestätigung darauf hinzuweisen, dass er für die Mitteilung einer Namens- oder Anschriftenänderung das Formular nutzen kann.</P><P>(5) Teilt im Falle des Todes des angemeldeten Verbrauchers der Erbe den Erbfall mit, so ist der Erbfall in das Verbandsklageregister einzutragen und der Name sowie die Anschrift des Erben zu erfassen. Für solche Mitteilungen stellt das Bundesamt für Justiz unentgeltlich ein Formular zur Verfügung. Das Formular wird sowohl elektronisch als auch in Papierform zur Verfügung gestellt.</P><P>(6) Für Auskunftsersuchen der angemeldeten Verbraucher nach § 48 Absatz 3 des Verbraucherrechtedurchsetzungsgesetzes stellt das Bundesamt für Justiz unentgeltlich ein Formular zur Verfügung. Das Formular wird sowohl elektronisch als auch in Papierform zur Verfügung gestellt. Die Auskunft wird nur erteilt, wenn die in dem Formular als verpflichtend gekennzeichneten Felder ausgefüllt sind.</P></Content></text><fussnoten/></textdaten></norm>
<norm builddate="20231128213547" doknr="BJNR180400018BJNE000502360"><metadaten><jurabk>MFKRegV</jurabk><jurabk>VKRegV</jurabk><enbez>§ 4</enbez><titel format="XML">Rücknahme der Anmeldung</titel></metadaten><textdaten><text format="XML"><Content><P>(1) Für die Rücknahme der Anmeldung von Ansprüchen oder Rechtsverhältnissen in das Verbandsklageregister stellt das Bundesamt für Justiz Verbrauchern unentgeltlich ein Formular zur Verfügung. Das Formular wird elektronisch und in Papierform zur Verfügung gestellt.</P><P>(2) Die Rücknahme der Anmeldung und das Datum des Eingangs der Rücknahme sind im Verbandsklageregister einzutragen. Die Eintragung wird nur vorgenommen, wenn die Rücknahme innerhalb der Frist des § 46 Absatz 4 des Verbraucherrechtedurchsetzungsgesetzes eingegangen ist. Andernfalls lehnt das Bundesamt für Justiz die Eintragung ab.</P><P>(3) Das Bundesamt für Justiz erteilt dem Verbraucher alsbald eine Bestätigung über die Eintragung der Rücknahme im Verbandsklageregister.</P></Content></text><fussnoten/></textdaten></norm>
<norm builddate="20231128213547" doknr="BJNR180400018BJNE001000360"><metadaten><jurabk>MFKRegV</jurabk><jurabk>VKRegV</jurabk><enbez>§ 4a</enbez><titel format="XML">Austritt aus einem gerichtlichen Vergleich</titel></metadaten><textdaten><text format="XML"><Content><P>(1) Für den Austritt aus einem gerichtlichen Vergleich stellt das Bundesamt für Justiz Verbrauchern unentgeltlich ein Formular zur Verfügung. Das Formular wird elektronisch und in Papierform zur Verfügung gestellt.</P><P>(2) Der Austritt und das Datum des Austritts sind im Verbandsklageregister einzutragen. Die Eintragung wird nur vorgenommen, wenn der Austritt innerhalb der Frist des § 10 Absatz 1 des Verbraucherrechtedurchsetzungsgesetzes eingegangen ist. Andernfalls lehnt das Bundesamt für Justiz die Eintragung ab.</P><P>(3) Das Bundesamt für Justiz erteilt dem Verbraucher alsbald eine Bestätigung über die Eintragung des Austritts im Verbandsklageregister.</P></Content></text><fussnoten/></textdaten></norm>
<norm builddate="20231128213547" doknr="BJNR180400018BJNE000900125"><metadaten><jurabk>MFKRegV</jurabk><enbez>§ 5</enbez><titel format="XML">Maschinell erstellter Ablehnungsbescheid</titel></metadaten><textdaten><text format="XML"><Content><P>Lehnt das Bundesamt für Justiz eine Eintragung mit einem vollständig maschinell erstellten Bescheid ab, so können die Unterschrift und die Namenswiedergabe fehlen. In diesem Fall kann das Dokument den Hinweis enthalten, dass Unterschrift und Namenswiedergabe fehlen können und es maschinell erstellt worden ist.</P></Content></text><fussnoten/></textdaten></norm>
<norm builddate="20231128213547" doknr="BJNR180400018BJNE000603360"><metadaten><jurabk>MFKRegV</jurabk><jurabk>VKRegV</jurabk><enbez>§ 6</enbez><titel format="XML">Auszug aus dem Verbandsklageregister</titel></metadaten><textdaten><text format="XML"><Content><P>(1) Das Bundesamt für Justiz übermittelt dem Gericht der Verbandsklage auf Anforderung einen elektronischen Auszug aus dem Verbandsklageregister auf einem sicheren Übermittlungsweg (§ 130a Absatz 4 der Zivilprozessordnung) als strukturierten maschinenlesbaren Datensatz im Dateiformat XML in der jeweils gültigen XJustiz-Version. Dem Sachwalter kann das Bundesamt für Justiz auf Anforderung ebenfalls auf diese Weise einen Auszug übermitteln.</P><P>(2) Fordert eine Partei einen Auszug nach § 48 Absatz 4 des Verbraucherrechtedurchsetzungsgesetzes an, verwendet sie hierfür das vom Bundesamt für Justiz vorgegebene Formular. Das Bundesamt für Justiz kann den Auszug als elektronisches Dokument auf einem sicheren Übermittlungsweg entsprechend § 130a Absatz 4 der Zivilprozessordnung an deren Prozessbevollmächtigten übermitteln.</P></Content></text><fussnoten/></textdaten></norm>
<norm builddate="20231128213547" doknr="BJNR180400018BJNE000702360"><metadaten><jurabk>MFKRegV</jurabk><jurabk>VKRegV</jurabk><enbez>§ 7</enbez><titel format="XML">Technische Störungen des Klageregisters</titel></metadaten><textdaten><text format="XML"><Content><P>Macht der Verbraucher glaubhaft, dass seine Anmeldung oder seine Rücknahme der Anmeldung aufgrund einer vorübergehenden technischen Störung des Verbandsklageregisters nicht eingegangen ist, und holt er die Anmeldung oder die Rücknahme unverzüglich nach, so ist sie als zum Zeitpunkt der glaubhaft gemachten vorherigen Anmeldung oder Rücknahme eingegangen anzusehen. Das Bundesamt für Justiz dokumentiert den Zeitpunkt des Beginns und des Endes von technischen Störungen des Verbandsklageregisters.</P></Content></text><fussnoten/></textdaten></norm>
<norm builddate="20231128213547" doknr="BJNR180400018BJNE000801125"><metadaten><jurabk>MFKRegV</jurabk><jurabk>VKRegV</jurabk><enbez>§ 8</enbez><titel format="XML">Inkrafttreten</titel></metadaten><textdaten><text format="XML"><Content><P>Diese Verordnung tritt am 1. November 2018 in Kraft.</P></Content></text><fussnoten/></textdaten></norm>
</dokumente>