<?xml version="1.0" encoding="UTF-8" ?><!DOCTYPE dokumente SYSTEM "http://www.gesetze-im-internet.de/dtd/1.01/gii-norm.dtd">
<dokumente builddate="20250130223040" doknr="BJNR194500014"><norm builddate="20250130223040" doknr="BJNR194500014"><metadaten><jurabk>BMeldDÜV 1 2015</jurabk><amtabk>1. BMeldDÜV</amtabk><ausfertigung-datum manuell="ja">2014-12-01</ausfertigung-datum><fundstelle typ="amtlich"><periodikum>BGBl I</periodikum><zitstelle>2014, 1945</zitstelle></fundstelle><kurzue>Erste Bundesmeldedatenübermittlungsverordnung</kurzue><langue>Verordnung zur Durchführung von regelmäßigen Datenübermittlungen zwischen Meldebehörden</langue><standangabe checked="ja"><standtyp>Stand</standtyp><standkommentar>Zuletzt geändert durch Art. 1 V v. 22.1.2025 I Nr. 23</standkommentar></standangabe></metadaten><textdaten><fussnoten><Content><P><BR/> <pre xml:space="preserve">(+++ Textnachweis ab: 1.11.2015 +++)<BR/><BR/></pre></P></Content></fussnoten></textdaten></norm>
<norm builddate="20250130223040" doknr="BJNR194500014BJNE000100000"><metadaten><jurabk>BMeldDÜV 1 2015</jurabk><jurabk>1. BMeldDÜV</jurabk><enbez>Eingangsformel</enbez></metadaten><textdaten><text format="XML"><Content><P>Auf Grund des § 56 Absatz 1 Nummer 1 und Absatz 2 des Bundesmeldegesetzes vom 3. Mai 2013 (BGBl. I S. 1084) verordnet das Bundesministerium des Innern:</P></Content></text></textdaten></norm>
<norm builddate="20250130223040" doknr="BJNR194500014BJNE000201123"><metadaten><jurabk>BMeldDÜV 1 2015</jurabk><jurabk>1. BMeldDÜV</jurabk><enbez>§ 1</enbez><titel format="XML">Allgemeines</titel></metadaten><textdaten><text format="XML"><Content><P>(1) Diese Verordnung regelt die Durchführung von regelmäßigen Datenübermittlungen zwischen den Meldebehörden in den Fällen des § 23 Absatz 2 und 3 und § 33 Absatz 1 bis 3 des Bundesmeldegesetzes.</P><P>(2) Hat ein Einwohner mehrere Wohnungen im Inland, sind Meldebehörden im Sinne dieser Verordnung sowohl die für die Hauptwohnung als auch die für die Nebenwohnung der Person zuständigen Meldebehörden. § 8 Absatz 1 bleibt unberührt.</P></Content></text><fussnoten/></textdaten></norm>
<norm builddate="20250130223040" doknr="BJNR194500014BJNE000302125"><metadaten><jurabk>BMeldDÜV 1 2015</jurabk><jurabk>1. BMeldDÜV</jurabk><enbez>§ 2</enbez><titel format="XML">Verfahren der Datenübermittlung</titel></metadaten><textdaten><text format="XML"><Content><P>(1) Datenübermittlungen nach dieser Verordnung erfolgen elektronisch unter Zugrundelegung des Datenaustauschformats OSCI-XMeld und Nutzung des Übermittlungsprotokolls OSCI-Transport in der im Bundesanzeiger jeweils bekannt gemachten geltenden Fassung. § 3 des Gesetzes über die Verbindung der informationstechnischen Netze des Bundes und der Länder – Gesetz zur Ausführung von Artikel 91c Absatz 4 des Grundgesetzes – vom 10. August 2009 (BGBl. I S. 2702) in der jeweils geltenden Fassung bleibt unberührt.</P><P>(2) Bei Datenübermittlungen über das Internet sind die zu übermittelnden Daten mit einer fortgeschrittenen elektronischen Signatur zu versehen und nach dem jeweiligen Stand der Technik zu verschlüsseln.</P><P>(3) Die Datenübermittlung erfolgt entweder zwischen den Meldebehörden unmittelbar oder über Vermittlungsstellen der Länder, über zentrale Meldedatenbestände der Länder oder, sofern solche nicht vorhanden sind, über sonstige Stellen, die durch Landesrecht dazu bestimmt sind.</P><P>(4) Betreiben mehrere Länder gemeinsam eine Vermittlungsstelle, kann bei der Datenübermittlung zwischen Meldebehörden dieser Länder auch ein anderes Übermittlungsprotokoll eingesetzt werden, wenn es dem Übermittlungsprotokoll OSCI-Transport hinsichtlich der Sicherstellung der Vertraulichkeit, Integrität und Authentizität der übertragenen Daten gleichwertig ist. Die Gleichwertigkeit ist durch die verantwortliche Stelle zu dokumentieren. Bestehen innerhalb eines Landes mehrere Vermittlungsstellen, gilt bei Datenübermittlungen zwischen Meldebehörden dieses Landes Satz 1 entsprechend.</P><P>(5) Bei der Datenübermittlung innerhalb von Rechenzentren und besonders gesicherten verwaltungseigenen Netzen kann auf die Verwendung des Übermittlungsprotokolls OSCI-Transport verzichtet werden, wenn durch technische und organisatorische Maßnahmen nach den Artikeln 24, 25 und 32 der Verordnung (EU) 2016/679 des Europäischen Parlaments und des Rates vom 27. April 2016 zum Schutz natürlicher Personen bei der Verarbeitung personenbezogener Daten, zum freien Datenverkehr und zur Aufhebung der Richtlinie 95/46/EG (Datenschutz-Grundverordnung) (ABl. L 119 vom 4.5.2016, S. 1; L 314 vom 22.11.2016, S. 72; L 127 vom 23.5.2018, S. 2) in der jeweils geltenden Fassung gewährleistet ist, dass die Sicherheitseigenschaften denen des OSCI-Transports gleichwertig sind.</P></Content></text><fussnoten/></textdaten></norm>
<norm builddate="20250130223040" doknr="BJNR194500014BJNE000404130"><metadaten><jurabk>BMeldDÜV 1 2015</jurabk><jurabk>1. BMeldDÜV</jurabk><enbez>§ 3</enbez><titel format="XML">Standards der Datenübermittlung</titel></metadaten><textdaten><text format="XML"><Content><P>(1) OSCI-XMeld ist der am 23. Juli 2003 auf der Grundlage des Datensatzes für das Meldewesen – Einheitlicher Bundes-/Länderteil – (DSMeld) herausgegebene Standard einer technischen Beschreibung des Datensatzes für Datenübermittlungen im Bereich des Meldewesens.</P><P>(2) OSCI-Transport ist der am 6. Juni 2002 herausgegebene Standard für ein Datenübermittlungsprotokoll.</P><P>(3) Der von der Koordinierungsstelle für IT-Standards (KoSIT) am 1. Mai 2014 herausgegebene DSMeld legt Form und Inhalt der zu übermittelnden Daten fest.</P><P>(4) Das Datenaustauschformat OSCI-XMeld, das Übermittlungsprotokoll OSCI-Transport und der DSMeld sind beim Bundesarchiv, Potsdamer Straße 1, 56075 Koblenz, archivmäßig gesichert niedergelegt und der Öffentlichkeit zugänglich. Sie können beim Informationstechnikzentrum Bund (ITZBund), Dienstsitz Bonn, Bernkasteler Straße 8, 53175 Bonn, bezogen werden.</P><P>(5) Änderungen des Datenaustauschformats OSCI-XMeld, des Übermittlungsprotokolls OSCI-Transport sowie des DSMeld werden vom Bundesministerium des Innern und für Heimat im Bundesanzeiger bekannt gemacht. In der Bekanntmachung sind das Herausgabedatum und der Beginn der Anwendung anzugeben.</P></Content></text><fussnoten/></textdaten></norm>
<norm builddate="20250130223040" doknr="BJNR194500014BJNE000509130"><metadaten><jurabk>BMeldDÜV 1 2015</jurabk><jurabk>1. BMeldDÜV</jurabk><enbez>§ 4</enbez><titel format="XML">Automatisiertes Abrufverfahren zur Anmeldung</titel></metadaten><textdaten><text format="XML"><Content><P>(1) Gemäß § 23 Absatz 2 und 3 des Bundesmeldegesetzes sind die Meldebehörden verpflichtet, für die Anmeldung mit vorausgefülltem Meldeschein folgende in § 3 Absatz 1 des Bundesmeldegesetzes aufgeführte Daten einer Person für andere Meldebehörden im automatisierten Verfahren zum Abruf bereitzuhalten: <BR/><BR/><table frame="none" pgwide="1" tocentry="%yes;"><tgroup align="left" char="" charoff="50" cols="3"><colspec align="right" colname="col1" colwidth="7.5*"/><colspec colname="col2" colwidth="55*"/><colspec align="right" colname="col3" colwidth="38*"/><thead valign="bottom"><row><entry VJ="1" colname="col1" colsep="0" rowsep="0"/><entry VJ="1" colname="col2" colsep="0" rowsep="0"/><entry VJ="1" colname="col3" rowsep="0">Blattnummer des<BR/> DSMeld (Datenblatt)</entry></row></thead><tbody valign="top"><row><entry VJ="1" colname="col1" colsep="0" rowsep="0">1.</entry><entry VJ="1" colname="col2" colsep="0" rowsep="0">Familienname</entry><entry VJ="1" colname="col3" rowsep="0">0101 bis 0106,</entry></row><row><entry VJ="1" colname="col1" colsep="0" rowsep="0">2.</entry><entry VJ="1" colname="col2" colsep="0" rowsep="0">Geburtsname</entry><entry VJ="1" colname="col3" rowsep="0">0201 bis 0202,</entry></row><row><entry VJ="1" colname="col1" colsep="0" rowsep="0">3.</entry><entry VJ="1" colname="col2" colsep="0" rowsep="0">Vornamen unter Kennzeichnung des gebräuchlichen Vornamens</entry><entry VJ="1" colname="col3" rowsep="0">0301, 0302,</entry></row><row><entry VJ="1" colname="col1" colsep="0" rowsep="0">4.</entry><entry VJ="1" colname="col2" colsep="0" rowsep="0">Doktorgrad</entry><entry VJ="1" colname="col3" rowsep="0">0401,</entry></row><row><entry VJ="1" colname="col1" colsep="0" rowsep="0">5.</entry><entry VJ="1" colname="col2" colsep="0" rowsep="0">Ordensname, Künstlername</entry><entry VJ="1" colname="col3" rowsep="0">0501, 0502,</entry></row><row><entry VJ="1" colname="col1" colsep="0" rowsep="0">6.</entry><entry VJ="1" colname="col2" colsep="0" rowsep="0">Geburtsdatum, Geburtsort sowie bei Geburt im Ausland auch den Staat</entry><entry VJ="1" colname="col3" rowsep="0">0601 bis 0603, 0606,</entry></row><row><entry VJ="1" colname="col1" colsep="0" rowsep="0">7.</entry><entry VJ="1" colname="col2" colsep="0" rowsep="0">Geschlecht</entry><entry VJ="1" colname="col3" rowsep="0">0701,</entry></row><row><entry VJ="1" colsep="0" rowsep="0">8.</entry><entry VJ="1" colsep="0" rowsep="0">die Identifikationsnummer nach § 139b der Abgabenordnung</entry><entry VJ="1" rowsep="0">2701,</entry></row><row><entry VJ="1" colname="col1" colsep="0" rowsep="0">9.</entry><entry VJ="1" colname="col2" colsep="0" rowsep="0">zum gesetzlichen Vertreter: Familienname, Vornamen,<BR/>Doktorgrad, Anschrift,<BR/>Geburtsdatum, Geschlecht,<BR/>Auskunftssperren nach § 51 und bedingte Sperrvermerke nach § 52 des Bundesmeldegesetzes</entry><entry VJ="1" colname="col3" rowsep="0">0001,<BR/>0902 bis 0907a,<BR/> 0917 bis 0919,<BR/> 1200 bis 1212, 1801a,</entry></row><row><entry VJ="1" colname="col1" colsep="0" rowsep="0">10.</entry><entry VJ="1" colname="col2" colsep="0" rowsep="0">derzeitige Staatsangehörigkeiten</entry><entry VJ="1" colname="col3" rowsep="0">1001,</entry></row><row><entry VJ="1" colname="col1" colsep="0" rowsep="0">11.</entry><entry VJ="1" colname="col2" colsep="0" rowsep="0">rechtliche Zugehörigkeit zu einer öffentlich-rechtlichen Religionsgesellschaft</entry><entry VJ="1" colname="col3" rowsep="0">1101, 1104,</entry></row><row><entry VJ="1" colname="col1" colsep="0" rowsep="0">12.</entry><entry VJ="1" colname="col2" colsep="0" rowsep="0">derzeitige Anschriften und Anschrift der letzten alleinigen Wohnung oder Hauptwohnung, Haupt- und Nebenwohnung, bei Zuzug aus dem Ausland auch die letzte Anschrift im Inland</entry><entry VJ="1" colname="col3" rowsep="0">1200 bis 1213a,</entry></row><row><entry VJ="1" colname="col1" colsep="0" rowsep="0">13.</entry><entry VJ="1" colname="col2" colsep="0" rowsep="0">Einzugsdatum, Auszugsdatum</entry><entry VJ="1" colname="col3" rowsep="0">1301, 1301a,<BR/> 1305, 1306,</entry></row><row><entry VJ="1" colname="col1" colsep="0" rowsep="0">14.</entry><entry VJ="1" colname="col2" colsep="0" rowsep="0">Familienstand, bei Verheirateten oder Personen, die eine Lebenspartnerschaft führen,<BR/>Datum und Ort der Eheschließung oder Begründung der Lebenspartnerschaft<BR/>sowie bei Eheschließung oder Begründung der Lebenspartnerschaft im Ausland auch den Staat</entry><entry VJ="1" colname="col3" rowsep="0">1401 bis 1403,<BR/> 1408, 1409,</entry></row><row><entry VJ="1" colname="col1" colsep="0" rowsep="0">15.</entry><entry VJ="1" colname="col2" colsep="0" rowsep="0">zum Ehegatten oder Lebenspartner:<BR/>Familienname, Vornamen, Geburtsname, Doktorgrad, Geburtsdatum, Geschlecht,<BR/>derzeitige Anschriften im Zuständigkeitsbereich der Meldebehörde sowie Anschrift der letzten alleinigen Wohnung oder Hauptwohnung außerhalb der Zuständigkeit der Meldebehörde, Auskunftssperren nach § 51 und bedingte Sperrvermerke nach § 52 des Bundesmeldegesetzes</entry><entry VJ="1" colname="col3" rowsep="0">1501 bis 1508,<BR/>1516a bis 1524,<BR/> 1533, 1534,<BR/> 1200 bis 1213a, 1801a,</entry></row><row><entry VJ="1" colname="col1" colsep="0" rowsep="0">16.</entry><entry VJ="1" colname="col2" colsep="0" rowsep="0">zu minderjährigen Kindern: Familienname, Vornamen, Geburtsdatum, Geschlecht, Anschrift im Inland,<BR/>Auskunftssperren nach § 51 und bedingte Sperrvermerke nach § 52 des Bundesmeldegesetzes</entry><entry VJ="1" colname="col3" rowsep="0">1601 bis 1604a,<BR/>1606, 1607,<BR/> 1200 bis 1212, 1801a,<BR/></entry></row><row><entry VJ="1" colname="col1" colsep="0" rowsep="0">17.</entry><entry VJ="1" colname="col2" colsep="0" rowsep="0">Ausstellungsbehörde, Ausstellungsdatum, letzter<BR/>Tag der Gültigkeitsdauer und Seriennummer des<BR/>Personalausweises, des vorläufigen Personalausweises, des<BR/>Ersatz-Personalausweises, des anerkannten Passes oder<BR/>Passersatzpapiers<BR/>Ausstellungsbehörde, letzter Tag der Gültigkeitsdauer<BR/>und Seriennummer der eID-Karte</entry><entry VJ="1" colname="col3" rowsep="0">1700 bis 1709,<BR/><BR/><BR/><BR/><BR/>1715 bis 1717,</entry></row><row><entry VJ="1" colname="col1" colsep="0" rowsep="0">18.</entry><entry VJ="1" colname="col2" colsep="0" rowsep="0">Auskunfts- und Übermittlungssperren</entry><entry VJ="1" colname="col3" rowsep="0">1801 bis 1802,</entry></row><row><entry VJ="1" colsep="0" rowsep="0">19.</entry><entry VJ="1" align="justify" colsep="0" rowsep="0">AZR-Nummer</entry><entry VJ="1" rowsep="0">1712,</entry></row><row><entry VJ="1" colsep="0" rowsep="0">20.</entry><entry VJ="1" colsep="0" rowsep="0">für die Ausstellung von Pässen und Ausweisen die Tatsache, dass Passversagungsgründe vorliegen, ein Pass versagt oder entzogen oder eine Anordnung nach § 6 Absatz 7, § 6a Absatz 1 oder § 6a Absatz 2 des Personalausweisgesetzes getroffen worden ist</entry><entry VJ="1" rowsep="0">2301, 2302.</entry></row></tbody></tgroup></table></P><P>(2) Gemäß § 23 Absatz 3 Satz 2 des Bundesmeldegesetzes hat die Zuzugsmeldebehörde folgende Daten für den vorausgefüllten Meldeschein aufzunehmen und der Wegzugsmeldebehörde zu übermitteln: <BR/><BR/><table frame="none" pgwide="1" tocentry="%yes;"><tgroup align="left" char="" charoff="50" cols="3"><colspec align="right" colname="col1" colwidth="7.5*"/><colspec colname="col2" colwidth="55*"/><colspec align="right" colname="col3" colwidth="38*"/><thead valign="bottom"><row><entry VJ="1" colname="col1" colsep="0" rowsep="0"/><entry VJ="1" colname="col2" colsep="0" rowsep="0"/><entry VJ="1" colname="col3" rowsep="0">Blattnummer des<BR/> DSMeld (Datenblatt)</entry></row></thead><tbody valign="top"><row><entry VJ="1" colname="col1" colsep="0" rowsep="0">1.</entry><entry VJ="1" colname="col2" colsep="0" rowsep="0">Familienname</entry><entry VJ="1" colname="col3" rowsep="0">0101 bis 0106,</entry></row><row><entry VJ="1" colname="col1" colsep="0" rowsep="0">2.</entry><entry VJ="1" colname="col2" colsep="0" rowsep="0">Vornamen</entry><entry VJ="1" colname="col3" rowsep="0">0301,</entry></row><row><entry VJ="1" colname="col1" colsep="0" rowsep="0">3.</entry><entry VJ="1" colname="col2" colsep="0" rowsep="0">Geburtsdatum</entry><entry VJ="1" colname="col3" rowsep="0">0601,</entry></row><row><entry VJ="1" colname="col1" colsep="0">4.</entry><entry VJ="1" colname="col2" colsep="0">Anschrift bei der Wegzugsmeldebehörde</entry><entry VJ="1" colname="col3">1201, 1202,<BR/> 1205 bis 1211.</entry></row></tbody></tgroup></table></P><P>(3) Die Wegzugsmeldebehörde berichtigt die ihr gemäß Absatz 2 übermittelten Daten, sofern erforderlich, und ergänzt sie um alle im Melderegister gespeicherten Daten gemäß Absatz 1. Sie übermittelt diese Daten unmittelbar an die Zuzugsmeldebehörde. Sind die Daten der Person nicht eindeutig zuzuordnen, ist der Datenabruf unter Hinweis auf eine nicht eindeutige Identifizierung abzuweisen.</P><P>(4) Die Zuzugsmeldebehörde kann die Daten nach Absatz 1 auch bei zentralen Meldedatenbeständen der Länder automatisiert abrufen. Ist kein zentraler Meldedatenbestand vorhanden, kann die Zuzugsmeldebehörde die Daten auch bei sonstigen Stellen, die durch Landesrecht dazu bestimmt sind, automatisiert abrufen. Die Länder haben den jeweiligen Zugang zu eröffnen.</P><P>(5) Absatz 1 bis Absatz 4 gelten auch beim Bezug einer Nebenwohnung und beim Wiederzuzug aus dem Ausland.</P></Content></text><fussnoten/></textdaten></norm>
<norm builddate="20250130223040" doknr="BJNR194500014BJNE000601125"><metadaten><jurabk>BMeldDÜV 1 2015</jurabk><jurabk>1. BMeldDÜV</jurabk><enbez>§ 5</enbez><titel format="XML">Organisation und Technik des automatisierten Abrufverfahrens zur Anmeldung</titel></metadaten><textdaten><text format="XML"><Content><P>(1) Durch organisatorische und technische Maßnahmen nach den Artikeln 24, 25 und 32 der Verordnung (EU) 2016/679, ist sicherzustellen, dass nur solche Personen die Daten abrufen können, die dazu befugt sind. Zu diesem Zweck zeichnen die Meldebehörde und die abrufende Stelle bei jedem Abruf folgende Angaben auf: <DL Type="arabic"><DT>1.</DT><DD Font="normal"><LA>die für die Abfrage verwendeten sowie abgerufenen Daten,</LA></DD><DT>2.</DT><DD Font="normal"><LA>Datum und Uhrzeit des Abrufs,</LA></DD><DT>3.</DT><DD Font="normal"><LA>Kennung der abrufenden Person,</LA></DD><DT>4.</DT><DD Font="normal"><LA>abrufende Dienststelle,</LA></DD><DT>5.</DT><DD Font="normal"><LA>Meldebehörde, aus deren Melderegister Daten abgerufen wurden.</LA></DD></DL></P><P>(2) Die abrufende Stelle überprüft stichprobenweise die Rechtmäßigkeit der einzelnen Abrufe.</P><P>(3) Auf Verlangen haben die Meldebehörden und die abrufenden Stellen die Aufzeichnungen der für die Datenschutzkontrolle zuständigen Stelle zu übermitteln.</P><P>(4) Die Aufzeichnungen sind zwölf Monate nach ihrer Entstehung zu löschen. Eine Anforderung auf der Grundlage von Absatz 3 hemmt diese Löschungsfrist. Der Zeitraum bis zum Abschluss der Prüfung nach Absatz 2 wird in die Löschungsfrist nicht eingerechnet.</P></Content></text><fussnoten/></textdaten></norm>
<norm builddate="20250130223040" doknr="BJNR194500014BJNE000708130"><metadaten><jurabk>BMeldDÜV 1 2015</jurabk><jurabk>1. BMeldDÜV</jurabk><enbez>§ 6</enbez><titel format="XML">Rückmeldung</titel></metadaten><textdaten><text format="XML"><Content><P>(1) Hat sich eine Person bei einer Meldebehörde angemeldet, so hat diese gemäß § 33 Absatz 1 des Bundesmeldegesetzes die Wegzugsmeldebehörde und die für alle weiteren Wohnungen der Person zuständigen Meldebehörden darüber zu unterrichten. Hierzu hat die Zuzugsmeldebehörde folgende Daten der zugezogenen Person unverzüglich, spätestens jedoch drei Werktage nach der Anmeldung zu übermitteln (Rückmeldung): <BR/><BR/><table frame="none" pgwide="1" tocentry="%yes;"><tgroup align="left" char="" charoff="50" cols="3"><colspec align="right" colname="col1" colwidth="7.5*"/><colspec colname="col2" colwidth="55*"/><colspec align="right" colname="col3" colwidth="38*"/><thead valign="bottom"><row><entry VJ="1" colname="col1" colsep="0" rowsep="0"/><entry VJ="1" colname="col2" colsep="0" rowsep="0"/><entry VJ="1" colname="col3" rowsep="0">Blattnummer des<BR/> DSMeld (Datenblatt)</entry></row></thead><tbody valign="top"><row><entry VJ="1" colname="col1" colsep="0" rowsep="0">1.</entry><entry VJ="1" colname="col2" colsep="0" rowsep="0">Familienname</entry><entry VJ="1" colname="col3" rowsep="0">0101 bis 0106,</entry></row><row><entry VJ="1" colname="col1" colsep="0" rowsep="0">2.</entry><entry VJ="1" colname="col2" colsep="0" rowsep="0">Geburtsname</entry><entry VJ="1" colname="col3" rowsep="0">0201 bis 0202,</entry></row><row><entry VJ="1" colname="col1" colsep="0" rowsep="0">3.</entry><entry VJ="1" colname="col2" colsep="0" rowsep="0">Vornamen unter Kennzeichnung des gebräuchlichen Vornamens</entry><entry VJ="1" colname="col3" rowsep="0">0301, 0302,</entry></row><row><entry VJ="1" colname="col1" colsep="0" rowsep="0">4.</entry><entry VJ="1" colname="col2" colsep="0" rowsep="0">Doktorgrad</entry><entry VJ="1" colname="col3" rowsep="0">0401,</entry></row><row><entry VJ="1" colname="col1" colsep="0" rowsep="0">5.</entry><entry VJ="1" colname="col2" colsep="0" rowsep="0">Ordensname, Künstlername</entry><entry VJ="1" colname="col3" rowsep="0">0501, 0502,</entry></row><row><entry VJ="1" colname="col1" colsep="0" rowsep="0">6.</entry><entry VJ="1" colname="col2" colsep="0" rowsep="0">Geburtsdatum, Geburtsort sowie bei Geburt im Ausland auch den Staat</entry><entry VJ="1" colname="col3" rowsep="0">0601 bis 0603, 0606,</entry></row><row><entry VJ="1" colname="col1" colsep="0" rowsep="0">7.</entry><entry VJ="1" colname="col2" colsep="0" rowsep="0">Geschlecht</entry><entry VJ="1" colname="col3" rowsep="0">0701,</entry></row><row><entry VJ="1" colsep="0" rowsep="0">8.</entry><entry VJ="1" colsep="0" rowsep="0">die Identifikationsnummer nach § 139b der Abgabenordnung</entry><entry VJ="1" rowsep="0">2701,</entry></row><row><entry VJ="1" colname="col1" colsep="0" rowsep="0">9.</entry><entry VJ="1" colname="col2" colsep="0" rowsep="0">zum gesetzlichen Vertreter: Familienname, Vornamen,<BR/>Doktorgrad, Anschrift,<BR/>Geburtsdatum, Geschlecht,<BR/>Auskunftssperren nach § 51 und bedingte Sperrvermerke nach § 52 des Bundesmeldegesetzes</entry><entry VJ="1" colname="col3" rowsep="0">0001,<BR/>0902 bis 0907a, 0916 bis 0919,<BR/>1200 bis 1212, 1801a,</entry></row><row><entry VJ="1" colname="col1" colsep="0" rowsep="0">10.</entry><entry VJ="1" colname="col2" colsep="0" rowsep="0">derzeitige Staatsangehörigkeiten</entry><entry VJ="1" colname="col3" rowsep="0">1001, 1005,</entry></row><row><entry VJ="1" colname="col1" colsep="0" rowsep="0">11.</entry><entry VJ="1" colname="col2" colsep="0" rowsep="0">rechtliche Zugehörigkeit zu einer öffentlich-rechtlichen Religionsgesellschaft</entry><entry VJ="1" colname="col3" rowsep="0">1101, 1104,</entry></row><row><entry VJ="1" colname="col1" colsep="0" rowsep="0">12.</entry><entry VJ="1" colname="col2" colsep="0" rowsep="0">derzeitige Anschriften und Anschrift der letzten<BR/>alleinigen Wohnung oder Hauptwohnung, Haupt- und Nebenwohnung, bei Zuzug aus dem Ausland auch den Staat und die letzte frühere Anschrift im Inland</entry><entry VJ="1" colname="col3" rowsep="0">1201 bis 1213a,<BR/> 1223,</entry></row><row><entry VJ="1" colname="col1" colsep="0" rowsep="0">13.</entry><entry VJ="1" colname="col2" colsep="0" rowsep="0">Einzugsdatum, Auszugsdatum</entry><entry VJ="1" colname="col3" rowsep="0">1301, 1301a,<BR/> 1306, 1314,</entry></row><row><entry VJ="1" colname="col1" colsep="0" rowsep="0">14.</entry><entry VJ="1" colname="col2" colsep="0" rowsep="0">Familienstand, bei Verheirateten oder Personen, die eine Lebenspartnerschaft führen,<BR/>Datum und Ort der Eheschließung oder Begründung der Lebenspartnerschaft sowie bei Eheschließung oder Begründung der Lebenspartnerschaft im Ausland auch den Staat</entry><entry VJ="1" colname="col3" rowsep="0">1401 bis 1403,<BR/> 1408, 1409,</entry></row><row><entry VJ="1" colname="col1" colsep="0" rowsep="0">15.</entry><entry VJ="1" colname="col2" colsep="0" rowsep="0">zum Ehegatten oder Lebenspartner:<BR/>Familienname, Vornamen, Geburtsname, Doktorgrad, Geburtsdatum, Geschlecht,<BR/>derzeitige Anschriften im Zuständigkeitsbereich der Meldebehörde sowie Anschrift der letzten alleinigen Wohnung oder Hauptwohnung außerhalb der Zuständigkeit der Meldebehörde,<BR/> Auskunftssperren nach § 51 und bedingte Sperrvermerke nach § 52 des Bundesmeldegesetzes</entry><entry VJ="1" colname="col3" rowsep="0">1501 bis 1508,<BR/> 1516a bis 1524,<BR/> 1533, 1534,<BR/> 1200 bis 1213a, 1801a,</entry></row><row><entry VJ="1" colname="col1" colsep="0" rowsep="0">16.</entry><entry VJ="1" colname="col2" colsep="0" rowsep="0">zu minderjährigen Kindern: Familienname, Vornamen, Geburtsdatum, Geschlecht, Anschrift im Inland,<BR/>Auskunftssperren nach § 51 und bedingte Sperrvermerke nach § 52 des Bundesmeldegesetzes</entry><entry VJ="1" colname="col3" rowsep="0">1601 bis 1604a,<BR/> 1606, 1607,<BR/> 1200 bis 1212, 1801a,</entry></row><row><entry VJ="1" colname="col1" colsep="0" rowsep="0">17.</entry><entry VJ="1" colname="col2" colsep="0" rowsep="0">Ausstellungsbehörde, Ausstellungsdatum, letzter<BR/>Tag der Gültigkeitsdauer und Seriennummer des<BR/>Personalausweises, des vorläufigen Personalausweises, des<BR/>Ersatz-Personalausweises, des anerkannten Passes oder<BR/>Passersatzpapiers<BR/>Ausstellungsbehörde, letzter Tag der Gültigkeitsdauer<BR/>und Seriennummer der eID-Karte</entry><entry VJ="1" colname="col3" rowsep="0">1700 bis 1709,<BR/><BR/><BR/><BR/><BR/>1715 bis 1717,</entry></row><row><entry VJ="1" colname="col1" colsep="0" rowsep="0">18.</entry><entry VJ="1" colname="col2" colsep="0" rowsep="0">Auskunfts- und Übermittlungssperren</entry><entry VJ="1" colname="col3" rowsep="0">1801 bis 1804,</entry></row><row><entry VJ="1" colsep="0" rowsep="0">19.</entry><entry VJ="1" align="justify" colsep="0" rowsep="0">AZR-Nummer</entry><entry VJ="1" rowsep="0">1712.</entry></row></tbody></tgroup></table><BR/><BR/>Bei Zuzügen aus dem Ausland übermittelt die Zuzugsmeldebehörde die Daten an die für den letzten Wohnort im Inland zuständige Meldebehörde.</P><P>(2) Soweit bei Ehegatten oder Lebenspartnern ohne gemeinsame Wohnung Daten nach § 3 Absatz 1 Nummer 15 des Bundesmeldegesetzes bei der Anmeldung zu speichern sind, übermittelt die Zuzugsmeldebehörde der Meldebehörde, die für die alleinige Wohnung oder die Hauptwohnung des anderen Ehegatten oder des anderen Lebenspartners zuständig ist, im Anschluss an das Rückmeldeverfahren gemäß Absatz 1 folgende Daten: <BR/><BR/><table frame="none" pgwide="1" tocentry="%yes;"><tgroup align="left" char="" charoff="50" cols="3"><colspec align="right" colname="col1" colwidth="7.5*"/><colspec colname="col2" colwidth="55*"/><colspec align="right" colname="col3" colwidth="38*"/><thead valign="bottom"><row><entry VJ="1" colname="col1" colsep="0" rowsep="0"/><entry VJ="1" colname="col2" colsep="0" rowsep="0"/><entry VJ="1" colname="col3" rowsep="0">Blattnummer des<BR/> DSMeld (Datenblatt)</entry></row></thead><tbody valign="top"><row><entry VJ="1" colname="col1" colsep="0" rowsep="0">1.</entry><entry VJ="1" colname="col2" colsep="0" rowsep="0">Familienname</entry><entry VJ="1" colname="col3" rowsep="0">0101 bis 0106,</entry></row><row><entry VJ="1" colname="col1" colsep="0" rowsep="0">2.</entry><entry VJ="1" colname="col2" colsep="0" rowsep="0">Geburtsname</entry><entry VJ="1" colname="col3" rowsep="0">0201 bis 0202,</entry></row><row><entry VJ="1" colname="col1" colsep="0" rowsep="0">3.</entry><entry VJ="1" colname="col2" colsep="0" rowsep="0">Vornamen</entry><entry VJ="1" colname="col3" rowsep="0">0301, 0302,</entry></row><row><entry VJ="1" colname="col1" colsep="0" rowsep="0">4.</entry><entry VJ="1" colname="col2" colsep="0" rowsep="0">Doktorgrad</entry><entry VJ="1" colname="col3" rowsep="0">0401,</entry></row><row><entry VJ="1" colname="col1" colsep="0" rowsep="0">5.</entry><entry VJ="1" colname="col2" colsep="0" rowsep="0">Geburtsdatum</entry><entry VJ="1" colname="col3" rowsep="0">0601,</entry></row><row><entry VJ="1" colname="col1" colsep="0" rowsep="0">6.</entry><entry VJ="1" colname="col2" colsep="0" rowsep="0">Geschlecht</entry><entry VJ="1" colname="col3" rowsep="0">0701,</entry></row><row><entry VJ="1" colname="col1" colsep="0" rowsep="0">7.</entry><entry VJ="1" colname="col2" colsep="0" rowsep="0">derzeitige Anschrift der alleinigen Wohnung oder Hauptwohnung</entry><entry VJ="1" colname="col3" rowsep="0">1200 bis 1213,</entry></row><row><entry VJ="1" colname="col1" colsep="0" rowsep="0">8.</entry><entry VJ="1" colname="col2" colsep="0" rowsep="0">zum Ehegatten oder Lebenspartner:<BR/>Familienname, Vornamen, Geburtsname, Doktorgrad, Geburtsdatum, Geschlecht, derzeitige Anschrift der alleinigen Wohnung oder Hauptwohnung, Auskunftssperren nach § 51 und bedingte Sperrvermerke nach § 52 des Bundesmeldegesetzes</entry><entry VJ="1" colname="col3" rowsep="0">1501 bis 1506,<BR/> 1517 bis 1522,<BR/> 1200 bis 1213, 1516a, 1516b, 1801a,</entry></row><row><entry VJ="1" colname="col1" colsep="0" rowsep="0">9.</entry><entry VJ="1" colname="col2" colsep="0" rowsep="0">Auskunftssperren nach § 51 und bedingte Sperrvermerke nach § 52 des Bundesmeldegesetzes</entry><entry VJ="1" colname="col3" rowsep="0">1801 bis 1802,</entry></row><row><entry VJ="1" colname="col1" colsep="0">10.</entry><entry VJ="1" colname="col2" colsep="0">Identifikationsnummern<BR/>oder Vorläufige Bearbeitungsmerkmale</entry><entry VJ="1" colname="col3">2701 bis 2703,<BR/> 2705, 2707, 2708.</entry></row></tbody></tgroup></table></P></Content></text><fussnoten/></textdaten></norm>
<norm builddate="20250130223040" doknr="BJNR194500014BJNE000807130"><metadaten><jurabk>BMeldDÜV 1 2015</jurabk><jurabk>1. BMeldDÜV</jurabk><enbez>§ 7</enbez><titel format="XML">Auswertung der Rückmeldung</titel></metadaten><textdaten><text format="XML"><Content><P>(1) Die Auswertung der Rückmeldung erfolgt <DL Font="normal" Type="arabic"><DT>1.</DT><DD Font="normal"><LA Size="normal">bei Anmeldung einer alleinigen Wohnung oder Hauptwohnung durch die Wegzugsmeldebehörde der alleinigen Wohnung oder Hauptwohnung,</LA></DD><DT>2.</DT><DD Font="normal"><LA Size="normal">bei Anmeldung einer Nebenwohnung durch die Meldebehörde der Hauptwohnung oder</LA></DD><DT>3.</DT><DD Font="normal"><LA Size="normal">bei erneutem Zuzug aus dem Ausland durch die letzte Inlandsmeldebehörde.</LA></DD></DL>Ist die neue Wohnung die alleinige Wohnung oder die Hauptwohnung der zugezogenen Person, so unterrichtet die Wegzugsmeldebehörde die Zuzugsmeldebehörde unverzüglich, spätestens jedoch drei Werktage nach Eingang der Rückmeldung darüber, ob Tatsachen nach § 3 Absatz 2 Nummer 1, 2 Buchstabe d, Nummer 3 und 4, 7, 8 und 11 des Bundesmeldegesetzes vorliegen (Datenblätter 2101 bis 2106, 2301, 2302, 2601, 2602, 2603, 2604, 2702 bis 2708, 2801, 2802 und 3101). Sie übermittelt der Zuzugsmeldebehörde auch die Datenblätter 1002 bis 1004 und 1305, das Sperrkennwort und die Sperrsumme des Personalausweises oder der eID-Karte nach § 3 Absatz 1 Nummer 17 des Bundesmeldegesetzes, sofern diese Daten im Melderegister gespeichert sind (Datenblätter 1710 und 1711 oder 1718 und 1719) sowie das Datenblatt 1712a. Ist die neue Wohnung die Nebenwohnung der zugezogenen Person, so unterrichtet die Meldebehörde der alleinigen Wohnung oder der Hauptwohnung die Zuzugsmeldebehörde unverzüglich, spätestens jedoch drei Werktage nach Eingang der Rückmeldung darüber, ob Tatsachen nach § 3 Absatz 2 Nummer 7 und 8 des Bundesmeldegesetzes vorliegen (Datenblätter 2601, 2602, 2603, 2604, 2801 und 2802). Die Sätze 2 und 3 gelten auch für Wohnungen, die ihren Status als alleinige Wohnung oder als Hauptwohnung durch Abmeldung oder besondere Erklärung der meldepflichtigen Person erhalten haben.</P><P>(2) Weichen die der Wegzugsmeldebehörde nach § 6 Absatz 1 übermittelten Daten von den bei ihr gespeicherten Daten ab, so unterrichtet sie gemäß § 33 Absatz 2 Satz 2 des Bundesmeldegesetzes hierüber unverzüglich die Zuzugsmeldebehörde. Eine Unterrichtung kann unterbleiben, wenn die Abweichung ausschließlich darin besteht, dass die Wegzugsmeldebehörde weniger Daten über die Person gespeichert hat als die Zuzugsmeldebehörde. Wurde die Person bei der Wegzugsmeldebehörde nach unbekannt oder ins Ausland abgemeldet, teilt die Wegzugsmeldebehörde der Zuzugsmeldebehörde dies mit und gibt das Auszugsdatum an (Datenblatt 1306).</P><P>(3) In den Fällen der Absätze 1 und 2 sind zum Zweck der richtigen Zuordnung zusätzlich folgende Daten der betroffenen Person zu übermitteln: <BR/><BR/><table frame="none" pgwide="0" tocentry="%yes;"><tgroup align="left" char="" charoff="50" cols="3"><colspec align="right" colname="col1" colwidth="7.5*"/><colspec colname="col2" colwidth="55*"/><colspec align="right" colname="col3" colwidth="38*"/><thead valign="bottom"><row><entry VJ="1" colname="col1" colsep="0" rowsep="0"/><entry VJ="1" colname="col2" colsep="0" rowsep="0"/><entry VJ="1" colname="col3" rowsep="0">Blattnummer des<BR/> DSMeld (Datenblatt)</entry></row></thead><tbody valign="top"><row><entry VJ="1" colname="col1" colsep="0" rowsep="0">1.</entry><entry VJ="1" colname="col2" colsep="0" rowsep="0">Familienname</entry><entry VJ="1" colname="col3" rowsep="0">0101 bis 0106,</entry></row><row><entry VJ="1" colname="col1" colsep="0" rowsep="0">2.</entry><entry VJ="1" colname="col2" colsep="0" rowsep="0">Geburtsname</entry><entry VJ="1" colname="col3" rowsep="0">0201 bis 0202,</entry></row><row><entry VJ="1" colname="col1" colsep="0" rowsep="0">3.</entry><entry VJ="1" colname="col2" colsep="0" rowsep="0">Vornamen unter Kennzeichnung des gebräuchlichen Vornamens</entry><entry VJ="1" colname="col3" rowsep="0">0301, 0302,</entry></row><row><entry VJ="1" colname="col1" colsep="0" rowsep="0">4.</entry><entry VJ="1" colname="col2" colsep="0" rowsep="0">Geburtsdatum, Geburtsort sowie bei Geburt im Ausland auch den Staat</entry><entry VJ="1" colname="col3" rowsep="0">0601 bis 0603,</entry></row><row><entry VJ="1" colname="col1" colsep="0" rowsep="0">5.</entry><entry VJ="1" colname="col2" colsep="0" rowsep="0">Anschriften (derzeitige und frühere Anschrift)</entry><entry VJ="1" colname="col3" rowsep="0">1201 bis 1213a,</entry></row><row><entry VJ="1" colsep="0" rowsep="0">6.</entry><entry VJ="1" align="justify" colsep="0" rowsep="0">AZR-Nummer</entry><entry VJ="1" rowsep="0">1712.</entry></row></tbody></tgroup></table></P><P>(4) In den Fällen des § 3 Absatz 2 Nummer 1, 4, 7 und 8 des Bundesmeldegesetzes hat die Wegzugsmeldebehörde der Zuzugsmeldebehörde auch die Hinweise zu übermitteln, die zum Nachweis der Richtigkeit dieser Daten erforderlich sind, soweit die Hinweise im Melderegister gespeichert sind.</P><P>(5) Weichen die der Meldebehörde nach § 6 Absatz 2 übermittelten Daten von den bei ihr gespeicherten Daten des Ehegatten oder des Lebenspartners ab, so unterrichtet sie hierüber unverzüglich die Meldebehörde, die ihr die Daten übermittelt hat. Damit die abweichenden Daten der richtigen Person zugeordnet werden, sind die nach § 6 Absatz 2 übermittelten Daten unverändert zusätzlich zu übermitteln.</P></Content></text><fussnoten/></textdaten></norm>
<norm builddate="20250130223040" doknr="BJNR194500014BJNE000902130"><metadaten><jurabk>BMeldDÜV 1 2015</jurabk><jurabk>1. BMeldDÜV</jurabk><enbez>§ 8</enbez><titel format="XML">Fortschreibung der Daten</titel></metadaten><textdaten><text format="XML"><Content><P>(1) Werden in § 3 Absatz 1 und 2 Nummer 4, 7 und 8 des Bundesmeldegesetzes bezeichnete Daten bei einer für eine Wohnung der Person zuständigen Meldebehörde fortgeschrieben, insbesondere weil sie unrichtig oder unvollständig waren oder weil die Person ihren Meldepflichten nach § 17 Absatz 1 bis 3, § 21 Absatz 4, § 28 Absatz 1 und 2, § 29 Absatz 1 bis 4 und § 32 Absatz 1 des Bundesmeldegesetzes nicht oder nicht vollständig nachgekommen ist, so übermittelt diese Meldebehörde gemäß § 33 Absatz 3 des Bundesmeldegesetzes den für alle weiteren Wohnungen der Person zuständigen Meldebehörden unverzüglich die fortgeschriebenen Daten sowie die Hinweise, die zum Nachweis ihrer Richtigkeit gespeichert worden sind.</P><P>(2) Absatz 1 gilt entsprechend, wenn sich durch Abmeldung oder besondere Erklärung der meldepflichtigen Person der Status der Wohnung ändert. In diesen Fällen sind auch der neue Wohnungsstatus (Datenblatt 1213) und das Datum des Wohnungsstatuswechsels (Datenblatt 1301a) zu übermitteln.</P><P>(3) § 7 Absatz 3 gilt entsprechend.</P><P>(4) Ändern sich die in § 3 Absatz 1 Nummer 1 bis 4, 6 bis 8, 12, 14 oder 18 oder Absatz 2 Nummer 3 des Bundesmeldegesetzes bezeichneten Daten von Personen mit Ehegatten oder Lebenspartnern ohne gemeinsame Wohnung oder findet ein Wegzug in das Ausland oder nach unbekannt statt, so übermittelt die Meldebehörde der für den anderen Ehegatten oder Lebenspartner zuständigen Meldebehörde die geänderten Daten (Änderungsmitteilung Ehegatte oder Lebenspartner). Dabei sind zusätzlich anzugeben: <DL Font="normal" Type="arabic"><DT>1.</DT><DD Font="normal"><LA Size="normal">Name und Geburtsdatum der Person, deren Daten sich ändern (Datenblätter 0101 bis 0106, 0201 <NB>bis 0202,</NB> 0301, 0601) und</LA></DD><DT>2.</DT><DD Font="normal"><LA Size="normal">Name und Geburtsdatum des Ehegatten oder des Lebenspartners sowie Geburtsname des Ehegatten oder Lebenspartners, der zu der unter Nummer 1 genannten Person gespeichert ist (Datenblätter 1501 bis 1503, 1505, 1517 bis 1519, 1521).</LA></DD></DL></P><P>(5) Verstirbt ein Ehegatte oder Lebenspartner ohne gemeinsame Wohnung, so hat die für ihn zuständige Meldebehörde die für den hinterbliebenen Ehegatten oder den hinterbliebenen Lebenspartner zuständige Meldebehörde darüber zu unterrichten und ihr folgende Daten zu übermitteln (Sterbefallmitteilung Ehegatte oder Lebenspartner): <DL Font="normal" Type="arabic"><DT>1.</DT><DD Font="normal"><LA Size="normal">Name und Geburtsdatum der verstorbenen Person (Datenblätter 0101 bis 0106, 0201 bis 0202, 0301 und 0601),</LA></DD><DT>2.</DT><DD Font="normal"><LA Size="normal">Name und Geburtsdatum des hinterbliebenen Ehegatten oder des hinterbliebenen Lebenspartners, der zu der unter Nummer 1 genannten Person gespeichert ist (Datenblätter 1501 bis 1503, 1505, 1517 bis 1519, 1521), sowie</LA></DD><DT>3.</DT><DD Font="normal"><LA Size="normal">das Sterbedatum mit dem Datenblatt 1901.</LA></DD></DL></P></Content></text><fussnoten/></textdaten></norm>
<norm builddate="20250130223040" doknr="BJNR194500014BJNE001000000"><metadaten><jurabk>BMeldDÜV 1 2015</jurabk><jurabk>1. BMeldDÜV</jurabk><enbez>§ 9</enbez><titel format="XML">Inkrafttreten, Außerkrafttreten</titel></metadaten><textdaten><text format="XML"><Content><P>(1) Diese Verordnung tritt am 1. November 2015 in Kraft.</P><P>(2) Die Erste Bundesmeldedatenübermittlungsverordnung vom 21. Juni 2005 (BGBl. I S. 1689), die zuletzt durch Artikel 2 Absatz 5 des Gesetzes vom 22. Dezember 2011 (BGBl. I S. 3044) geändert worden ist, tritt mit Ablauf des 31. Oktober 2015 außer Kraft.</P></Content></text></textdaten></norm>
<norm builddate="20250130223040" doknr="BJNR194500014BJNE001100000"><metadaten><jurabk>BMeldDÜV 1 2015</jurabk><jurabk>1. BMeldDÜV</jurabk><enbez>Schlussformel</enbez></metadaten><textdaten><text format="XML"><Content><P>Der Bundesrat hat zugestimmt.</P></Content></text></textdaten></norm>
</dokumente>