<?xml version="1.0" encoding="UTF-8" ?><!DOCTYPE dokumente SYSTEM "http://www.gesetze-im-internet.de/dtd/1.01/gii-norm.dtd">
<dokumente builddate="20241231222036" doknr="BJNR003050908"><norm builddate="20241231222036" doknr="BJNR003050908"><metadaten><jurabk>VVGEG</jurabk><ausfertigung-datum manuell="ja">1908-05-30</ausfertigung-datum><fundstelle typ="amtlich"><periodikum>RGBl</periodikum><zitstelle>1908, 305</zitstelle></fundstelle><langue>Einführungsgesetz zum Versicherungsvertragsgesetz</langue><standangabe checked="ja"><standtyp>Stand</standtyp><standkommentar>Zuletzt geändert durch Art. 33 G v. 11.12.2023 I Nr. 354</standkommentar></standangabe></metadaten><textdaten><fussnoten><Content><P>(+++ Textnachweis Geltung ab: 1.1.1964 +++)</P><P><BR/> Überschrift: Bezeichnung idF d. Art. 2 Nr. 1 G v. 23.11.2007 I 2631 mWv 1.1.2008</P></Content></fussnoten></textdaten></norm>
<norm builddate="20241231222036" doknr="BJNR003050908BJNE000101377"><metadaten><jurabk>VVGEG</jurabk><enbez>Art 1</enbez><titel format="XML">Altverträge, Allgemeine Versicherungsbedingungen</titel></metadaten><textdaten><text format="XML"><Content><P>(1) Auf Versicherungsverhältnisse, die bis zum Inkrafttreten des Versicherungsvertragsgesetzes vom 23. November 2007 (BGBl. I S. 2631) am 1. Januar 2008 entstanden sind (Altverträge), ist das Gesetz über den Versicherungsvertrag in der bis dahin geltenden Fassung bis zum 31. Dezember 2008 anzuwenden, soweit in Absatz 2 und den Artikeln 2 bis 6 nichts anderes bestimmt ist.</P><P>(2) Ist bei Altverträgen ein Versicherungsfall bis zum 31. Dezember 2008 eingetreten, ist insoweit das Gesetz über den Versicherungsvertrag in der bis zum 31. Dezember 2007 geltenden Fassung weiter anzuwenden.</P><P>(3) Der Versicherer kann bis zum 1. Januar 2009 seine Allgemeinen Versicherungsbedingungen für Altverträge mit Wirkung zum 1. Januar 2009 ändern, soweit sie von den Vorschriften des Versicherungsvertragsgesetzes abweichen, und er dem Versicherungsnehmer die geänderten Versicherungsbedingungen unter Kenntlichmachung der Unterschiede spätestens einen Monat vor diesem Zeitpunkt in Textform mitteilt.</P><P>(4) Auf Fristen nach § 12 Abs. 3 des Gesetzes über den Versicherungsvertrag, die vor dem 1. Januar 2008 begonnen haben, ist § 12 Abs. 3 des Gesetzes über den Versicherungsvertrag auch nach dem 1. Januar 2008 anzuwenden.</P></Content></text><fussnoten/></textdaten></norm>
<norm builddate="20241231222036" doknr="BJNR003050908BJNE000201377"><metadaten><jurabk>VVGEG</jurabk><enbez>Art 2</enbez><titel format="XML">Vollmacht des Versicherungsvertreters, Krankenversicherung</titel></metadaten><textdaten><text format="XML"><Content><P>Auf Altverträge sind die folgenden Vorschriften des Versicherungsvertragsgesetzes bereits ab 1. Januar 2008 anzuwenden: <DL Type="arabic"><DT>1.</DT><DD Font="normal"><LA>die §§ 69 bis 73 über die Vertretungsmacht des Versicherungsvertreters und der in § 73 erfassten Vermittler;</LA></DD><DT>2.</DT><DD Font="normal"><LA>die §§ 192 bis 208 für die Krankenversicherung, wenn der Versicherer dem Versicherungsnehmer die auf Grund dieser Vorschriften geänderten Allgemeinen Versicherungsbedingungen und Tarifbestimmungen unter Kenntlichmachung der Unterschiede spätestens einen Monat vor dem Zeitpunkt in Textform mitgeteilt hat, zu dem die Änderungen wirksam werden sollen.</LA></DD></DL></P></Content></text><fussnoten/></textdaten></norm>
<norm builddate="20241231222036" doknr="BJNR003050908BJNE000301377"><metadaten><jurabk>VVGEG</jurabk><enbez>Art 3</enbez><titel format="XML">Verjährung</titel></metadaten><textdaten><text format="XML"><Content><P>(1) § 195 des Bürgerlichen Gesetzbuchs ist auf Ansprüche anzuwenden, die am 1. Januar 2008 noch nicht verjährt sind.</P><P>(2) Wenn die Verjährungsfrist nach § 195 des Bürgerlichen Gesetzbuchs länger ist als die Frist nach § 12 Abs. 1 des Gesetzes über den Versicherungsvertrag in der bis zum 31. Dezember 2007 geltenden Fassung, ist die Verjährung mit dem Ablauf der in § 12 Abs. 1 des Gesetzes über den Versicherungsvertrag in der bis zum 31. Dezember 2007 geltenden Fassung bestimmten Frist vollendet.</P><P>(3) Wenn die Verjährungsfrist nach § 195 des Bürgerlichen Gesetzbuchs kürzer ist als die Frist nach § 12 Abs. 1 des Gesetzes über den Versicherungsvertrag in der bis zum 31. Dezember 2007 geltenden Fassung, wird die kürzere Frist vom 1. Januar 2008 an berechnet. Läuft jedoch die längere Frist nach § 12 Abs. 1 des Gesetzes über den Versicherungsvertrag in der bis zum 31. Dezember 2007 geltenden Fassung früher als die Frist nach § 195 des Bürgerlichen Gesetzbuchs ab, ist die Verjährung mit dem Ablauf der längeren Frist vollendet.</P><P>(4) Die Absätze 1 bis 3 sind entsprechend auf Fristen anzuwenden, die für die Geltendmachung oder den Erwerb oder Verlust eines Rechtes maßgebend sind.</P></Content></text><fussnoten/></textdaten></norm>
<norm builddate="20241231222036" doknr="BJNR003050908BJNE000401377"><metadaten><jurabk>VVGEG</jurabk><enbez>Art 4</enbez><titel format="XML">Lebensversicherung, Berufsunfähigkeitsversicherung</titel></metadaten><textdaten><text format="XML"><Content><P>(1) § 153 des Versicherungsvertragsgesetzes ist auf Altverträge nicht anzuwenden, wenn eine Überschussbeteiligung nicht vereinbart worden ist. Ist eine Überschussbeteiligung vereinbart, ist § 153 des Versicherungsvertragsgesetzes ab dem 1. Januar 2008 auf Altverträge anzuwenden; vereinbarte Verteilungsgrundsätze gelten als angemessen.</P><P>(2) Auf Altverträge ist anstatt des § 169 des Versicherungsvertragsgesetzes, auch soweit auf ihn verwiesen wird, § 176 des Gesetzes über den Versicherungsvertrag in der bis zum 31. Dezember 2007 geltenden Fassung weiter anzuwenden.</P><P>(3) Auf Altverträge über eine Berufsunfähigkeitsversicherung sind die §§ 172, 174 bis 177 des Versicherungsvertragsgesetzes nicht anzuwenden.</P></Content></text><fussnoten/></textdaten></norm>
<norm builddate="20241231222036" doknr="BJNR003050908BJNE000501377"><metadaten><jurabk>VVGEG</jurabk><enbez>Art 5</enbez><titel format="XML">Rechte der Gläubiger von Grundpfandrechten</titel></metadaten><textdaten><text format="XML"><Content><P>(1) Rechte, die Gläubigern von Grundpfandrechten gegenüber dem Versicherer nach den §§ 99 bis 107c des Gesetzes über den Versicherungsvertrag in der bis zum 31. Dezember 2007 geltenden Fassung zustehen, bestimmen sich auch nach dem 31. Dezember 2008 nach diesen Vorschriften. Die Anmeldung eines Grundpfandrechts beim Versicherer kann nur bis zum 31. Dezember 2008 erklärt werden.</P><P>(2) Hypotheken, Grundschulden, Rentenschulden und Reallasten, <DL Type="arabic"><DT>1.</DT><DD Font="normal"><LA>die in der Zeit vom 1. Januar 1943 bis zum 30. Juni 1994 zu Lasten von Grundstücken begründet worden sind,</LA></DD><DT>2.</DT><DD Font="normal"><LA>für die eine Gebäudeversicherung bei einer öffentlichen Anstalt unmittelbar kraft Gesetzes oder infolge eines gesetzlichen Zwanges bei einer solchen Anstalt genommen worden ist und</LA></DD><DT>3.</DT><DD Font="normal"><LA>die nach der Verordnung zur Ergänzung und Änderung des Gesetzes über den Versicherungsvertrag in der im Bundesgesetzblatt Teil III, Gliederungsnummer 7632-1-1, veröffentlichten bereinigten Fassung als angemeldet im Sinn der §§ 99 bis 106 des Gesetzes über den Versicherungsvertrag gelten,</LA></DD></DL>sind, wenn das Versicherungsverhältnis nach Überleitung in ein vertragliches Versicherungsverhältnis auf Grund des Gesetzes zur Überleitung landesrechtlicher Gebäudeversicherungsverhältnisse vom 22. Juli 1993 (BGBl. I S. 1282, 1286) fortbesteht, zur Erhaltung der durch die Fiktion begründeten Rechte bis spätestens 31. Dezember 2008 beim Versicherer anzumelden. Die durch die Verordnung zur Ergänzung und Änderung des Gesetzes über den Versicherungsvertrag begründete Fiktion erlischt mit Ablauf des 31. Dezember 2008.</P></Content></text><fussnoten/></textdaten></norm>
<norm builddate="20241231222036" doknr="BJNR003050908BJNE000601377"><metadaten><jurabk>VVGEG</jurabk><enbez>Art 6</enbez><titel format="XML">Versicherungsverhältnisse nach § 190 des Gesetzes über den Versicherungsvertrag</titel></metadaten><textdaten><text format="XML"><Content><P>Das Versicherungsvertragsgesetz gilt nicht für die in § 190 des Gesetzes über den Versicherungsvertrag in der bis zum 31. Dezember 2007 geltenden Fassung bezeichneten Altverträge.</P></Content></text><fussnoten/></textdaten></norm>
<norm builddate="20241231222036" doknr="BJNR003050908BJNE001601118"><metadaten><jurabk>VVGEG</jurabk><enbez>Art 7</enbez><titel format="XML">Krankenversicherung, Versicherungsverhältnisse nach § 193 Absatz 6 des Versicherungsvertragsgesetzes</titel></metadaten><textdaten><text format="XML"><Content><P>Versicherungsnehmer, für die am 1. August 2013 das Ruhen der Leistungen gemäß § 193 Absatz 6 des Versicherungsvertragsgesetzes festgestellt ist, gelten ab diesem Zeitpunkt als im Notlagentarif § 153 des Versicherungsaufsichtsgesetzes versichert. Versicherungsnehmer gelten rückwirkend ab dem Zeitpunkt, zu dem die Leistungen aus dem Vertrag ruhend gestellt worden sind, als im Notlagentarif versichert, wenn die monatliche Prämie des Notlagentarifs niedriger ist als die in diesem Zeitpunkt geschuldete Prämie. Dies gilt unter der Maßgabe, dass die zum Zeitpunkt des Ruhendstellens aus dem Vertrag erworbenen Rechte und Alterungsrückstellungen erhalten bleiben und in Anspruch genommene Ruhensleistungen im Verhältnis zum Versicherungsnehmer als solche des Notlagentarifs gelten. Eine Anrechnung gebildeter Alterungsrückstellungen nach § 153 Absatz 2 Satz 6 des Versicherungsaufsichtsgesetzes auf die zu zahlende Prämie findet rückwirkend nicht statt. Der Versicherungsnehmer kann der rückwirkenden Versicherung nach Satz 2 widersprechen. Die Versicherer haben auf die Versicherung im Notlagentarif innerhalb von drei Monaten nach dem 1. August 2013 hinzuweisen und hierbei den Versicherungsnehmer über sein Widerspruchsrecht nach Satz 5 unter Hinweis auf die mit der rückwirkenden Versicherung verbundenen Folgen zu informieren; der Widerspruch muss innerhalb von sechs Monaten nach Zugang des Hinweises beim Versicherer eingehen.</P></Content></text><fussnoten/></textdaten></norm>
<norm builddate="20241231222036" doknr="BJNR003050908BJNE000802119"><metadaten><jurabk>VVGEG</jurabk><enbez>Art 8</enbez><titel format="XML">Musterwiderrufsbelehrung</titel></metadaten><textdaten><text format="XML"><Content><P>Das Muster in der Anlage des Versicherungsvertragsgesetzes in der bis einschließlich 14. Juni 2021 geltenden Fassung kann noch bis zum Ablauf des 31. Dezember 2021 verwendet werden. In diesem Fall ist § 8 des Versicherungsvertragsgesetzes in der bis einschließlich 14. Juni 2021 geltenden Fassung anzuwenden.</P></Content></text><fussnoten/></textdaten></norm>
<norm builddate="20241231222036" doknr="BJNR003050908BJNE000902128"><metadaten><jurabk>VVGEG</jurabk><enbez>Art 9</enbez><titel format="XML">Übergangsvorschrift zu § 7a Absatz 5 des Versicherungsvertragsgesetzes</titel></metadaten><textdaten><text format="XML"><Content><P>§ 7a Absatz 5 des Versicherungsvertragsgesetzes in der ab dem 1. Januar 2025 geltenden Fassung ist nur auf Restschuldversicherungen anzuwenden, die sich auf einen Allgemein-Verbraucherdarlehensvertrag beziehen, der nach dem 1. Januar 2025 abgeschlossen wurde.</P></Content></text><fussnoten/></textdaten></norm>
<norm builddate="20241231222036" doknr="BJNR003050908BJNE000706128"><metadaten><jurabk>VVGEG</jurabk><enbez>(XXXX) Art 10 bis 15</enbez><titel format="XML">(weggefallen)</titel></metadaten><textdaten><text format="XML"><Content><P/></Content></text><fussnoten/></textdaten></norm>
</dokumente>