<?xml version="1.0" encoding="UTF-8" ?><!DOCTYPE dokumente SYSTEM "http://www.gesetze-im-internet.de/dtd/1.01/gii-norm.dtd">
<dokumente builddate="20210823213023" doknr="BJNR414510013"><norm builddate="20210823213023" doknr="BJNR414510013"><metadaten><jurabk>VersTierMeldV 2013</jurabk><ausfertigung-datum manuell="ja">2013-12-12</ausfertigung-datum><fundstelle typ="amtlich"><periodikum>BGBl I</periodikum><zitstelle>2013, 4145</zitstelle></fundstelle><kurzue>Versuchstiermeldeverordnung</kurzue><langue>Verordnung über die Meldung zu Versuchszwecken verwendeter Wirbeltiere oder Kopffüßer oder zu bestimmten anderen Zwecken verwendeter Wirbeltiere</langue><standangabe checked="ja"><standtyp>Sonst</standtyp><standkommentar>Ersetzt V 7833-3-13 v. 4.11.1999 I 2156</standkommentar></standangabe><standangabe checked="ja"><standtyp>Stand</standtyp><standkommentar>Zuletzt geändert durch Art. 142 G v. 29.3.2017 I 626</standkommentar></standangabe><standangabe checked="ja"><standtyp>Hinweis</standtyp><standkommentar>Änderung durch Art. 2 V v. 11.8.2021 I 3570 (Nr. 54) textlich nachgewiesen, dokumentarisch noch nicht abschließend bearbeitet</standkommentar></standangabe></metadaten><textdaten><fussnoten><Content><P><BR/> <pre xml:space="preserve">(+++ Textnachweis ab: 18.12.2013 +++)<BR/>(+++ Zur Anwendung vgl. § 4 +++) <BR/>(+++ Amtlicher Hinweis des Normgebers auf EG-Recht:<BR/>     Umsetzung des<BR/>       EUBes 2020/569    (CELEX Nr: 32020D0569) vgl. G v. 11.8.2021 I 3570 +++)<BR/><BR/></pre>Die V wurde als Artikel 1 der V v. 12.12.2013 I 4145 vom Bundesministerium für Ernährung, Landwirtschaft und Verbraucherschutz nach Anhörung der Tierschutzkommission, im Einvernehmen mit dem Bundesministerium für Bildung und Forschung und dem Bundesministerium für Verkehr, Bau und Stadtentwicklung mit Zustimmung des Bundesrates beschlossen. Sie ist gem. Art. 8 Abs. 1 dieser V am 18.12.2013 in Kraft getreten.</P></Content></fussnoten></textdaten></norm>
<norm builddate="20210823213023" doknr="BJNR414510013BJNE000102119"><metadaten><jurabk>VersTierMeldV 2013</jurabk><enbez>§ 1</enbez><titel format="XML">Meldeverfahren</titel></metadaten><textdaten><text format="XML"><Content><P>(1) Wer Tierversuche nach § 7 Absatz 2 des Tierschutzgesetzes an Wirbeltieren oder Kopffüßern durchführt, hat der zuständigen Behörde Angaben über <DL Font="normal" Type="arabic"><DT>1.</DT><DD Font="normal"><LA Size="normal">Art, Herkunft und Zahl der verwendeten Wirbeltiere oder Kopffüßer,</LA></DD><DT>1a.</DT><DD Font="normal"><LA Size="normal">Art, Herkunft und Zahl der Tiere, einschließlich genetisch veränderter Tiere, die <DL Font="normal" Type="alpha"><DT>a)</DT><DD Font="normal"><LA Size="normal">zur Verwendung in Tierversuchen nach § 7 Absatz 2 des Tierschutzgesetzes oder für wissenschaftliche Untersuchungen nach § 4 Absatz 3 des Tierschutzgesetzes gezüchtet und getötet worden sind sowie</LA></DD><DT>b)</DT><DD Font="normal"><LA Size="normal">nicht in solchen Tierversuchen oder für solche wissenschaftlichen Untersuchungen verwendet worden sind,</LA></DD></DL></LA></DD><DT>2.</DT><DD Font="normal"><LA Size="normal">Zweck und Art der Tierversuche und</LA></DD><DT>3.</DT><DD Font="normal"><LA Size="normal">den Schweregrad der Tierversuche nach Artikel 15 Absatz 1 in Verbindung mit Anhang VIII der Richtlinie 2010/63/EU des Europäischen Parlaments und des Rates vom 22. September 2010 zum Schutz der für wissenschaftliche Zwecke verwendeten Tiere (ABl. L 276 vom 20.10.2010, S. 33)</LA></DD></DL>nach Maßgabe des Absatzes 2 zu melden. Satz 1 Nummer 1 und 2 gilt entsprechend im Falle des Verwendens von Wirbeltieren nach § 4 Absatz 3 Satz 1 des Tierschutzgesetzes. Die Sätze 1 und 2 gelten nicht für das Verwenden von Tieren, die in § 14 Nummer 1 Buchstabe b der Tierschutz-Versuchstierverordnung vom 1. August 2013 (BGBl. I S. 3125) bezeichnet sind.</P><P>(2) Die Meldungen sind elektronisch für jedes Kalenderjahr bis zum 31. März des folgenden Jahres mit dem Inhalt nach dem Muster der Anlage zu erstatten.</P></Content></text><fussnoten/></textdaten></norm>
<norm builddate="20210823213023" doknr="BJNR414510013BJNE000202119"><metadaten><jurabk>VersTierMeldV 2013</jurabk><enbez>§ 2</enbez><titel format="XML">Übermittlungsverfahren</titel></metadaten><textdaten><text format="XML"><Content><P>Die zuständige Behörde übermittelt alle in einem Land für ein Kalenderjahr gemachten Meldungen in anonymisierter Form jeweils bis zum 30. Juni des folgenden Jahres dem Bundesinstitut für Risikobewertung.</P></Content></text><fussnoten/></textdaten></norm>
<norm builddate="20210823213023" doknr="BJNR414510013BJNE000300000"><metadaten><jurabk>VersTierMeldV 2013</jurabk><enbez>§ 3</enbez><titel format="XML">Ordnungswidrigkeiten</titel></metadaten><textdaten><text format="XML"><Content><P>Ordnungswidrig im Sinne des § 18 Absatz 1 Nummer 3 Buchstabe b des Tierschutzgesetzes handelt, wer vorsätzlich oder fahrlässig entgegen § 1 Absatz 1 Satz 1, auch in Verbindung mit Satz 2, eine Meldung nicht, nicht richtig, nicht vollständig oder nicht rechtzeitig macht.</P></Content></text></textdaten></norm>
<norm builddate="20210823213023" doknr="BJNR414510013BJNE000400000"><metadaten><jurabk>VersTierMeldV 2013</jurabk><enbez>§ 4</enbez><titel format="XML">Übergangsvorschrift</titel></metadaten><textdaten><text format="XML"><Content><P>Für die Meldungen für das Kalenderjahr 2013 ist die Versuchstiermeldeverordnung vom 4. November 1999 (BGBl. I S. 2156), die zuletzt durch Artikel 3 der Verordnung vom 1. August 2013 (BGBl. I S. 3125) geändert worden ist, mit der Maßgabe weiter anzuwenden, dass Verweise auf das Tierschutzgesetz als Verweise auf das Tierschutzgesetz in der bis zum 13. Juli 2013 geltenden Fassung gelten.</P></Content></text></textdaten></norm>
<norm builddate="20210823213023" doknr="BJNR414510013BJNE000502119"><metadaten><jurabk>VersTierMeldV 2013</jurabk><enbez>Anlage</enbez><titel format="XML">(zu § 1 Absatz 2) Meldung von in Tierversuchen verwendeten Wirbeltieren oder Kopffüßern oder nach § 4 Absatz 3 des Tierschutzgesetzes verwendeten Wirbeltieren für das Jahr: ______     </titel></metadaten><textdaten><text format="XML"><Content><P><noindex><kommentar typ="Fundstelle">(Fundstelle: BGBl. I 2013, 4147 - 4152)</kommentar></noindex></P><BR/><BR/><table colsep="1" frame="all" pgwide="1" rowsep="1" tocentry="%yes;"><tgroup align="left" char="" charoff="50" cols="10"><colspec colname="col1" colwidth="10*"/><colspec colname="col2" colwidth="70*"/><colspec colname="col3" colwidth="10*"/><colspec colname="col4" colwidth="10*"/><colspec colname="col5" colwidth="10*"/><colspec colname="col6" colwidth="10*"/><colspec colname="col7" colwidth="10*"/><colspec colname="col8" colwidth="10*"/><colspec colname="col9" colwidth="10*"/><colspec colname="col10" colwidth="10*"/><tbody valign="top"><row><entry VJ="1" colname="col1"><B>A</B></entry><entry VJ="1" colname="col2">EU-Übermittlung</entry><entry VJ="1" colname="col3"/><entry VJ="1" colname="col4"/><entry VJ="1" colname="col5"/><entry VJ="1" colname="col6"/><entry VJ="1" colname="col7"/><entry VJ="1" colname="col8"/><entry VJ="1" colname="col9"/><entry VJ="1" colname="col10"/></row><row><entry VJ="1" colname="col1"><B>B</B></entry><entry VJ="1" colname="col2">ID 1</entry><entry VJ="1" colname="col3"/><entry VJ="1" colname="col4"/><entry VJ="1" colname="col5"/><entry VJ="1" colname="col6"/><entry VJ="1" colname="col7"/><entry VJ="1" colname="col8"/><entry VJ="1" colname="col9"/><entry VJ="1" colname="col10"/></row><row><entry VJ="1" colname="col1"><B>C</B></entry><entry VJ="1" colname="col2">ID 2</entry><entry VJ="1" colname="col3"/><entry VJ="1" colname="col4"/><entry VJ="1" colname="col5"/><entry VJ="1" colname="col6"/><entry VJ="1" colname="col7"/><entry VJ="1" colname="col8"/><entry VJ="1" colname="col9"/><entry VJ="1" colname="col10"/></row><row><entry VJ="1" colname="col1"><B>D</B></entry><entry VJ="1" colname="col2">Verwendung</entry><entry VJ="1" colname="col3"/><entry VJ="1" colname="col4"/><entry VJ="1" colname="col5"/><entry VJ="1" colname="col6"/><entry VJ="1" colname="col7"/><entry VJ="1" colname="col8"/><entry VJ="1" colname="col9"/><entry VJ="1" colname="col10"/></row><row><entry VJ="1" colname="col1"><B>E</B></entry><entry VJ="1" colname="col2">Tierart</entry><entry VJ="1" colname="col3"/><entry VJ="1" colname="col4"/><entry VJ="1" colname="col5"/><entry VJ="1" colname="col6"/><entry VJ="1" colname="col7"/><entry VJ="1" colname="col8"/><entry VJ="1" colname="col9"/><entry VJ="1" colname="col10"/></row><row><entry VJ="1" colname="col1"><B>F</B></entry><entry VJ="1" colname="col2">Andere Tierart</entry><entry VJ="1" colname="col3"/><entry VJ="1" colname="col4"/><entry VJ="1" colname="col5"/><entry VJ="1" colname="col6"/><entry VJ="1" colname="col7"/><entry VJ="1" colname="col8"/><entry VJ="1" colname="col9"/><entry VJ="1" colname="col10"/></row><row><entry VJ="1" colname="col1"><B>G</B></entry><entry VJ="1" colname="col2">Zahl der verwendeten Tiere</entry><entry VJ="1" colname="col3"/><entry VJ="1" colname="col4"/><entry VJ="1" colname="col5"/><entry VJ="1" colname="col6"/><entry VJ="1" colname="col7"/><entry VJ="1" colname="col8"/><entry VJ="1" colname="col9"/><entry VJ="1" colname="col10"/></row><row><entry VJ="1" colname="col1"><B>H</B></entry><entry VJ="1" colname="col2">Erneut verwendet</entry><entry VJ="1" colname="col3"/><entry VJ="1" colname="col4"/><entry VJ="1" colname="col5"/><entry VJ="1" colname="col6"/><entry VJ="1" colname="col7"/><entry VJ="1" colname="col8"/><entry VJ="1" colname="col9"/><entry VJ="1" colname="col10"/></row><row><entry VJ="1" colname="col1"><B>I</B></entry><entry VJ="1" colname="col2">Geburtsort</entry><entry VJ="1" colname="col3"/><entry VJ="1" colname="col4"/><entry VJ="1" colname="col5"/><entry VJ="1" colname="col6"/><entry VJ="1" colname="col7"/><entry VJ="1" colname="col8"/><entry VJ="1" colname="col9"/><entry VJ="1" colname="col10"/></row><row><entry VJ="1" colname="col1"><B>J</B></entry><entry VJ="1" colname="col2">Primaten Geburtsort</entry><entry VJ="1" colname="col3"/><entry VJ="1" colname="col4"/><entry VJ="1" colname="col5"/><entry VJ="1" colname="col6"/><entry VJ="1" colname="col7"/><entry VJ="1" colname="col8"/><entry VJ="1" colname="col9"/><entry VJ="1" colname="col10"/></row><row><entry VJ="1"><B>K</B></entry><entry VJ="1">Primaten – Typ Kolonie</entry><entry VJ="1"/><entry VJ="1"/><entry VJ="1"/><entry VJ="1"/><entry VJ="1"/><entry VJ="1"/><entry VJ="1"/><entry VJ="1"/></row><row><entry VJ="1" colname="col1"><B>L</B></entry><entry VJ="1" colname="col2">Primaten Generation</entry><entry VJ="1" colname="col3"/><entry VJ="1" colname="col4"/><entry VJ="1" colname="col5"/><entry VJ="1" colname="col6"/><entry VJ="1" colname="col7"/><entry VJ="1" colname="col8"/><entry VJ="1" colname="col9"/><entry VJ="1" colname="col10"/></row><row><entry VJ="1" colname="col1"><B>M</B></entry><entry VJ="1" colname="col2">Genetischer Status</entry><entry VJ="1" colname="col3"/><entry VJ="1" colname="col4"/><entry VJ="1" colname="col5"/><entry VJ="1" colname="col6"/><entry VJ="1" colname="col7"/><entry VJ="1" colname="col8"/><entry VJ="1" colname="col9"/><entry VJ="1" colname="col10"/></row><row><entry VJ="1" colname="col1"><B>N</B></entry><entry VJ="1" colname="col2">Schaffung neuer genetischer Linie</entry><entry VJ="1" colname="col3"/><entry VJ="1" colname="col4"/><entry VJ="1" colname="col5"/><entry VJ="1" colname="col6"/><entry VJ="1" colname="col7"/><entry VJ="1" colname="col8"/><entry VJ="1" colname="col9"/><entry VJ="1" colname="col10"/></row><row><entry VJ="1" colname="col1"><B>O</B></entry><entry VJ="1" colname="col2">Verwendungszweck</entry><entry VJ="1" colname="col3"/><entry VJ="1" colname="col4"/><entry VJ="1" colname="col5"/><entry VJ="1" colname="col6"/><entry VJ="1" colname="col7"/><entry VJ="1" colname="col8"/><entry VJ="1" colname="col9"/><entry VJ="1" colname="col10"/></row><row><entry VJ="1" colname="col1"><B>P</B></entry><entry VJ="1" colname="col2">Anderer Verwendungszweck</entry><entry VJ="1" colname="col3"/><entry VJ="1" colname="col4"/><entry VJ="1" colname="col5"/><entry VJ="1" colname="col6"/><entry VJ="1" colname="col7"/><entry VJ="1" colname="col8"/><entry VJ="1" colname="col9"/><entry VJ="1" colname="col10"/></row><row><entry VJ="1" colname="col1"><B>Q</B></entry><entry VJ="1" colname="col2">Gesetzlich vorgeschriebene Überprüfung nach …</entry><entry VJ="1" colname="col3"/><entry VJ="1" colname="col4"/><entry VJ="1" colname="col5"/><entry VJ="1" colname="col6"/><entry VJ="1" colname="col7"/><entry VJ="1" colname="col8"/><entry VJ="1" colname="col9"/><entry VJ="1" colname="col10"/></row><row><entry VJ="1" colname="col1"><B>R</B></entry><entry VJ="1" colname="col2">Andere rechtliche Grundlage</entry><entry VJ="1" colname="col3"/><entry VJ="1" colname="col4"/><entry VJ="1" colname="col5"/><entry VJ="1" colname="col6"/><entry VJ="1" colname="col7"/><entry VJ="1" colname="col8"/><entry VJ="1" colname="col9"/><entry VJ="1" colname="col10"/></row><row><entry VJ="1" colname="col1"><B>S</B></entry><entry VJ="1" colname="col2">Rechtsquelle</entry><entry VJ="1" colname="col3"/><entry VJ="1" colname="col4"/><entry VJ="1" colname="col5"/><entry VJ="1" colname="col6"/><entry VJ="1" colname="col7"/><entry VJ="1" colname="col8"/><entry VJ="1" colname="col9"/><entry VJ="1" colname="col10"/></row><row><entry VJ="1" colname="col1"><B>T</B></entry><entry VJ="1" colname="col2">Schweregrad</entry><entry VJ="1" colname="col3"/><entry VJ="1" colname="col4"/><entry VJ="1" colname="col5"/><entry VJ="1" colname="col6"/><entry VJ="1" colname="col7"/><entry VJ="1" colname="col8"/><entry VJ="1" colname="col9"/><entry VJ="1" colname="col10"/></row><row><entry VJ="1" colname="col1"><B>U</B></entry><entry VJ="1" colname="col2">Versuchsvorhaben</entry><entry VJ="1" colname="col3"/><entry VJ="1" colname="col4"/><entry VJ="1" colname="col5"/><entry VJ="1" colname="col6"/><entry VJ="1" colname="col7"/><entry VJ="1" colname="col8"/><entry VJ="1" colname="col9"/><entry VJ="1" colname="col10"/></row><row><entry VJ="1" colname="col1"><B>V</B></entry><entry VJ="1" colname="col2">Anmerkung</entry><entry VJ="1" colname="col3"/><entry VJ="1" colname="col4"/><entry VJ="1" colname="col5"/><entry VJ="1" colname="col6"/><entry VJ="1" colname="col7"/><entry VJ="1" colname="col8"/><entry VJ="1" colname="col9"/><entry VJ="1" colname="col10"/></row></tbody></tgroup></table><BR/><P><BR/><BR/><table frame="none" pgwide="1" tocentry="%yes;"><tgroup align="left" char="" charoff="50" cols="3"><colspec colname="col1" colsep="0" colwidth="0.61*"/><colspec align="center" colname="col2" colsep="0" colwidth="1.63*"/><colspec colname="col3" colwidth="0.77*"/><tbody valign="top"><row><entry VJ="1"/><entry VJ="1">Hinweise zum Ausfüllen des Erhebungsbogens</entry><entry VJ="1"/></row></tbody></tgroup></table><BR/><BR/><DL Font="normal" Indent="5" Type="arabic"><DT><B>1.</B></DT><DD Font="normal"><LA Size="normal"><B>A l l g e m e i n e  E r l ä u t e r u n g e n</B></LA><LA Size="normal">Die Angaben beziehen sich grundsätzlich auf alle Wirbeltiere und Kopffüßer, die im Berichtszeitraum in Tierversuchen nach § 7 Absatz 2 des Tierschutzgesetzes sowie auf alle Wirbeltiere, die nach § 4 Absatz 3 Satz 1 des Tierschutzgesetzes verwendet worden sind.</LA><LA Size="normal">Genetisch veränderte Tiere sind nach Maßgabe der Erläuterungen in Anhang II Buchstabe A des Durchführungsbeschlusses 2012/707/EU der Kommission vom 14. November 2012 zur Festlegung eines gemeinsamen Formats für die Vorlage der Informationen gemäß der Richtlinie 2010/63/EU des Europäischen Parlaments und des Rates zum Schutz der für wissenschaftliche Zwecke verwendeten Tiere (ABl. L 320 vom 17.11.2012, S. 33) zu melden.</LA><LA Size="normal">Nicht gemeldet werden: <DL Font="normal" Type="Dash"><DT>–</DT><DD Font="normal"><LA Size="normal">Kopffüßer, die nach § 4 Absatz 3 des Tierschutzgesetzes verwendet worden sind,</LA></DD><DT>–</DT><DD Font="normal"><LA Size="normal">Föten von Säugetieren,</LA></DD><DT>–</DT><DD Font="normal"><LA Size="normal">Tiere im Larvenstadium, die noch nicht selbständig Nahrung aufnehmen können und</LA></DD><DT>–</DT><DD Font="normal"><LA Size="normal">Sentineltiere.</LA></DD></DL></LA><LA Size="normal">Tiere, die, auch mit Kaiserschnitt, geboren wurden und leben, sowie Tiere im Larvenstadium, die selbständig Nahrung aufnehmen können, sind zu zählen. Jede Verwendung eines Tieres ist zum Ende des Versuchsvorhabens zu melden. Für Versuchsvorhaben mit einer Laufzeit von über zwei Kalenderjahren sind die Daten über die Tiere für das Jahr zu melden, in dem diese getötet werden oder sterben oder nicht mehr in dem Versuchsvorhaben verwendet werden.</LA><LA Size="normal">Die Meldung erfolgt elektronisch anhand eines elektronischen Erfassungsbogens. Außer in den Spalten F, G, O, Q und U ist zwischen vorgegebenen Optionen zu wählen. Falls die Option „Andere …“ in den Spalten E, N und P angegeben wird, sind jeweils in den folgenden Spalten F, O und Q und ggf. in Spalte U Erläuterungen zu machen.</LA><LA Size="normal">Angaben zu Tieren einer Tierart sind grundsätzlich in einer Zeile einzutragen, sofern sie in einem Vorhaben eingesetzt wurden, das bezüglich der erfassten Aspekte gleichartig war. Innerhalb einer Zeile kann pro Spalte nur eine Option angegeben werden. Daher sind bei komplexen Vorhaben, in denen mehrere Optionen in einer Spalte erfüllt sind, die Angaben in mehreren Zeilen aufzuschlüsseln. Gleichbleibende Optionen, wie z. B. der Verwendungszweck, sind in jeder Zeile einzutragen.</LA></DD><DT><B>2.</B></DT><DD Font="normal"><LA Size="normal"><B>E r l ä u t e r u n g e n  z u  d e n  S p a l t e n</B></LA><LA Size="normal"><BR/><BR/><B>Spalten A, B und C:</B></LA><LA Size="normal">Diese Spalten sind nicht auszufüllen. Sie dienen der behördlichen Verarbeitung.</LA><LA Size="normal"><BR/><BR/><B>Spalte D:</B></LA><LA Size="normal">Es ist anzugeben, ob eine Verwendung im Tierversuch nach § 7 Absatz 2 des Tierschutzgesetzes (T1) oder nach § 4 Absatz 3 des Tierschutzgesetzes (T2) erfolgt ist.</LA><LA Size="normal"><BR/><BR/><B>Spalte E:</B></LA><LA Size="normal">Es ist eine der folgenden Tierarten anzugeben: <BR/><BR/><table frame="all" pgwide="1" rowsep="1" tabstyle="Tab2" tocentry="%yes;"><tgroup align="left" char="" charoff="50" cols="1"><colspec colname="col1"/><tbody valign="top"><row><entry VJ="1" colname="col1"><B>(A1)</B> Mäuse (Mus musculus)</entry></row><row><entry VJ="1" colname="col1"><B>(A2)</B> Ratten (Rattus norvegicus)</entry></row><row><entry VJ="1" colname="col1"><B>(A3)</B> Meerschweinchen (Cavia porcellus)</entry></row><row><entry VJ="1" colname="col1"><B>(A4)</B> Goldhamster (Mesocricetus auratus)</entry></row><row><entry VJ="1" colname="col1"><B>(A5)</B> Chinesischer Grauhamster (Cricetulus griseus)</entry></row><row><entry VJ="1" colname="col1"><B>(A6)</B> Mongolische Rennmäuse (Meriones unguiculatus)</entry></row><row><entry VJ="1" colname="col1"><B>(A7)</B> Andere Nager (andere Rodentia)</entry></row><row><entry VJ="1" colname="col1"><B>(A8)</B> Kaninchen (Oryctolagus cuniculus)</entry></row><row><entry VJ="1" colname="col1"><B>(A9)</B> Katzen (Felis catus)</entry></row><row><entry VJ="1" colname="col1"><B>(A10)</B> Hunde (Canis familiaris)</entry></row><row><entry VJ="1" colname="col1"><B>(A11)</B> Frettchen (Mustela putorius furo)</entry></row><row><entry VJ="1" colname="col1"><B>(A12)</B> Andere Fleischfresser (andere Carnivora)</entry></row><row><entry VJ="1" colname="col1"><B>(A13)</B> Pferde, Esel und Kreuzungen (Equidae)</entry></row><row><entry VJ="1" colname="col1"><B>(A14)</B> Schweine (Sus scrofa domesticus)</entry></row><row><entry VJ="1" colname="col1"><B>(A15)</B> Ziegen (Capra aegagrus hircus)</entry></row><row><entry VJ="1" colname="col1"><B>(A16)</B> Schafe (Ovis aries)</entry></row><row><entry VJ="1" colname="col1"><B>(A17)</B> Rinder (Bos taurus)</entry></row><row><entry VJ="1" colname="col1"><B>(A18)</B> Halbaffen (Prosimia)</entry></row><row><entry VJ="1" colname="col1"><B>(A19)</B> Marmosetten und Tamarine (zum Beispiel Callithrix jacchus)</entry></row><row><entry VJ="1" colname="col1"><B>(A20)</B> Javaneraffen (Macaca fascicularis)</entry></row><row><entry VJ="1" colname="col1"><B>(A21)</B> Rhesusaffen (Macaca mulatta)</entry></row><row><entry VJ="1" colname="col1"><B>(A22)</B> Grüne Meerkatzen (Chlorocebus spp. (in der Regel pygerythrus oder sabaeus))</entry></row><row><entry VJ="1" colname="col1"><B>(A23)</B> Paviane (Papio spp.)</entry></row><row><entry VJ="1" colname="col1"><B>(A24)</B> Totenkopfaffen (zum Beispiel Saimiri sciureus)</entry></row><row><entry VJ="1" colname="col1"><B>(A25-1)</B> Andere Arten von Altweltaffen (andere Arten von Cercopithecoidea)</entry></row><row><entry VJ="1" colname="col1"><B>(A25-2)</B> Andere Arten von Neuweltaffen (andere Arten von Ceboidea)</entry></row><row><entry VJ="1" colname="col1"><B>(A26)</B> Menschenaffen (Hominoidea)</entry></row><row><entry VJ="1" colname="col1"><B>(A27)</B> Andere Säugetiere (andere Mammalia)</entry></row><row><entry VJ="1" colname="col1"><B>(A28)</B> Haushühner (Gallus gallus domesticus)</entry></row><row><entry VJ="1" colname="col1"><B>(A29)</B> Andere Vögel (andere Aves)</entry></row><row><entry VJ="1" colname="col1"><B>(A30)</B> Reptilien (Reptilia)</entry></row><row><entry VJ="1" colname="col1"><B>(A31)</B> Frösche (Rana temporaria und Rana pipiens)</entry></row><row><entry VJ="1" colname="col1"><B>(A32)</B> Krallenfrösche (Xenopus laevis und Xenopus tropicalis)</entry></row><row><entry VJ="1" colname="col1"><B>(A33)</B> Andere Amphibien (andere Amphibia)</entry></row><row><entry VJ="1" colname="col1"><B>(A34)</B> Zebrafische (Danio rerio)</entry></row><row><entry VJ="1" colname="col1"><B>(A35)</B> Andere Fische (andere Pisces)</entry></row><row><entry VJ="1" colname="col1"><B>(A36)</B> Kopffüßer (Cephalopoda)</entry></row><row><entry VJ="1" colname="col1"><B>(A37)</B> Truthühner (Meleagris gallopavo)</entry></row><row><entry VJ="1" colname="col1"><B>(A38)</B> Wolfsbarsch (Arten von Familien wie Serranidae, Moronidae)</entry></row><row><entry VJ="1" colname="col1"><B>(A39)</B> Lachse, Forellen, Saiblinge und Äschen (Salmonidae)</entry></row><row><entry VJ="1" colname="col1"><B>(A40)</B> Guppys, Schwertträger, Spitzmaulkärpflinge, Spiegelkärpflinge (Poeciliidae)</entry></row></tbody></tgroup></table></LA><LA Size="normal"><BR/><BR/>Kopffüßer und Fische sind ab dem Zeitpunkt, ab dem das jeweilige Tier selbständig Nahrung aufnehmen kann, anzugeben.</LA><LA Size="normal"><BR/><BR/><B>Spalte F:</B></LA><LA Size="normal">Falls die Option „Andere …“ in Spalte E angegeben wird (A7, A12, A25, A27, A29, A33, A35), ist hier die verwendete Tierart in derselben Zeile einzutragen.</LA><LA Size="normal"><BR/><BR/><B>Spalte G:</B></LA><LA Size="normal">Die Zahl der verwendeten Tiere ist anzugeben. Hinsichtlich verwendeter Fische und Kopffüßer kann die Angabe, soweit nicht anders möglich, auf Basis von Schätzwerten erfolgen.</LA><LA Size="normal"><BR/><BR/><B>Spalte H:</B></LA><LA Size="normal">Es ist anzugeben, ob die Tiere erneut in einem Versuchsvorhaben verwendet wurden (Ja/Nein). Falls in dem Versuchsvorhaben sowohl Tiere erstmalig als auch erneut verwendet wurden, sind die Angaben in mehreren Zeilen aufzuschlüsseln.</LA><LA Size="normal"><BR/><BR/><B>Spalte I:</B></LA><LA Size="normal">Der Geburtsort der verwendeten Tiere, außer von Primaten, ist anzugeben. Der Geburtsort von erneut verwendeten Tieren ist nicht anzugeben.<BR/><BR/><table frame="all" pgwide="1" rowsep="1" tabstyle="tiere" tocentry="%yes;"><tgroup align="left" char="" charoff="50" cols="1"><colspec colname="col1"/><tbody valign="top"><row><entry VJ="1" colname="col1"><B>(O1)</B> In der Europäische Union in einem zugelassenen Zuchtbetrieb geborene Tiere</entry></row><row><entry VJ="1" colname="col1"><B>(O2)</B> In der Europäische Union, jedoch nicht in einem zugelassenen Zuchtbetrieb geborene Tiere</entry></row><row><entry VJ="1" colname="col1"><B>(O3)</B> Im restlichen Europa geborene Tiere</entry></row><row><entry VJ="1" colname="col1"><B>(O4)</B> In anderen Teilen der Welt geborene Tiere</entry></row></tbody></tgroup></table></LA><LA Size="normal"><BR/><BR/><B>Spalte J:</B></LA><LA Size="normal">Die Spalte ist nur bei der Verwendung von Primaten auszufüllen.<BR/><BR/><table frame="all" rowsep="1" tabstyle="Tab2" tocentry="%yes;"><tgroup align="left" char="" charoff="50" cols="1"><colspec colname="col1"/><tbody valign="top"><row><entry VJ="1" colname="col1"><B>(NHPO1)</B> In einem zugelassenen Zuchtbetrieb in der Union geborene NMP</entry></row><row><entry VJ="1" colname="col1"><B>(NHPO2)</B> In der Union, jedoch nicht in einem zugelassenen Zuchtbetrieb geborene sowie im restlichen Europa geborene NMP</entry></row><row><entry VJ="1" colname="col1"><B>(NHPO3)</B> In Asien geborene NMP</entry></row><row><entry VJ="1" colname="col1"><B>(NHPO4)</B> In Amerika geborene NMP</entry></row><row><entry VJ="1" colname="col1"><B>(NHPO5)</B> In Afrika geborene NMP</entry></row><row><entry VJ="1" colname="col1"><B>(NHPO6)</B> In anderen Teilen der Welt geborene NMP</entry></row></tbody></tgroup></table></LA><LA Size="normal"><BR/><BR/><B>Spalte K:</B></LA><LA Size="normal">Die Spalte ist nur bei der Verwendung von Primaten auszufüllen. Es ist anzugeben, ob es sich bei der Zucht um eine „Selbsterhaltende Kolonie“ handelt (Ja/Nein).</LA><LA Size="normal"><BR/><BR/><B>Spalte L:</B></LA><LA Size="normal">Die Generation der verwendeten Primaten ist anzugeben. Solange sich die Kolonie nicht selbst erhält, sind in diese Kolonie hineingeborene Tiere nach ihrer von mütterlicher Seite hergeleiteten Generation unter F0, F1, F2 oder höher zu erfassen.<BR/><BR/><table frame="all" pgwide="1" rowsep="1" tabstyle="tiere" tocentry="%yes;"><tgroup align="left" char="" charoff="50" cols="1"><colspec colname="col1"/><tbody valign="top"><row><entry VJ="1" colname="col1"><B>(NHPG1)</B> F0</entry></row><row><entry VJ="1" colname="col1"><B>(NHPG2)</B> F1</entry></row><row><entry VJ="1" colname="col1"><B>(NHPG3)</B> F2 oder höher</entry></row></tbody></tgroup></table></LA><LA Size="normal"><BR/><BR/><B>Spalte M:</B></LA><LA Size="normal">Der genetische Status der verwendeten Tiere (GS1, GS2, GS3) ist nach Maßgabe der Erläuterungen in Anhang II Buchstabe B Nummer 6 des Durchführungsbeschlusses 2012/707/EU anzugeben.<BR/><BR/><table frame="all" pgwide="1" rowsep="1" tabstyle="tiere" tocentry="%yes;"><tgroup align="left" char="" charoff="50" cols="1"><colspec colname="col1"/><tbody valign="top"><row><entry VJ="1" colname="col1"><B>(GS1)</B> Genetisch nicht verändert</entry></row><row><entry VJ="1" colname="col1"><B>(GS2)</B> Genetisch verändert ohne pathologischen Phänotyp</entry></row><row><entry VJ="1" colname="col1"><B>(GS3)</B> Genetisch verändert mit pathologischem Phänotyp</entry></row></tbody></tgroup></table></LA><LA Size="normal"><BR/><BR/><B>Spalte N:</B></LA><LA Size="normal">Es ist anzugeben, ob die Verwendung der Schaffung neuer genetisch veränderter Linien/Stämme diente (Ja/Nein). Zur Schaffung neuer genetisch veränderter Linien/Stämme verwendete Tiere sind solche, die zur Schaffung einer neuen genetisch veränderten Linie beziehungsweise eines Stamms verwendet und von anderen Tieren, die der „Grundlagenforschung“ oder sonstiger Forschung vorbehalten sind, zu unterscheiden sind.<BR/><BR/></LA><LA Size="normal"><B>Spalte O:</B><BR/><BR/></LA><LA Size="normal">Der Zweck der Verwendung ist anzugeben: <BR/><BR/><table frame="all" pgwide="1" rowsep="1" tabstyle="Tab2" tocentry="%yes;"><tgroup align="left" char="" charoff="50" cols="1"><colspec colname="col1"/><tbody valign="top"><row><entry VJ="1" colname="col1"><B>(PB1)</B> Grundlagenforschung/Onkologie</entry></row><row><entry VJ="1" colname="col1"><B>(PB2)</B> Grundlagenforschung/Kardiovaskuläres System (Blut- und Lymphgefäße)</entry></row><row><entry VJ="1" colname="col1"><B>(PB3)</B> Grundlagenforschung/Nervensystem</entry></row><row><entry VJ="1" colname="col1"><B>(PB4)</B> Grundlagenforschung/Atmungssystem</entry></row><row><entry VJ="1" colname="col1"><B>(PB5)</B> Grundlagenforschung/Gastrointestinales System, einschließlich Leber</entry></row><row><entry VJ="1" colname="col1"><B>(PB6)</B> Grundlagenforschung/Muskuloskelettales System</entry></row><row><entry VJ="1" colname="col1"><B>(PB7)</B> Grundlagenforschung/Immunsystem</entry></row><row><entry VJ="1" colname="col1"><B>(PB8)</B> Grundlagenforschung/Urogenitales System/Fortpflanzungssystem</entry></row><row><entry VJ="1" colname="col1"><B>(PB9)</B> Grundlagenforschung/Sinnesorgane (Haut, Augen, Ohren)</entry></row><row><entry VJ="1" colname="col1"><B>(PB10)</B> Grundlagenforschung/Endokrines System/Stoffwechsel</entry></row><row><entry VJ="1" colname="col1"><B>(PB14)</B> Grundlagenforschung/Entwicklungsbiologie</entry></row><row><entry VJ="1" colname="col1"><B>(PB11)</B> Grundlagenforschung/Multisystemisch</entry></row><row><entry VJ="1" colname="col1"><B>(PB12)</B> Grundlagenforschung/Ethologie, Tierverhalten, Tierbiologie</entry></row><row><entry VJ="1" colname="col1"><B>(PB13)</B> Grundlagenforschung/Andere</entry></row><row><entry VJ="1" colname="col1"><B>(PT21)</B> Translationale und angewandte Forschung/Krebserkrankungen des Menschen</entry></row><row><entry VJ="1" colname="col1"><B>(PT22)</B> Translationale und angewandte Forschung/Infektionskrankheiten des Menschen</entry></row><row><entry VJ="1" colname="col1"><B>(PT23)</B> Translationale und angewandte Forschung/Kardiovaskuläre Erkrankungen des Menschen</entry></row><row><entry VJ="1" colname="col1"><B>(PT24)</B> Translationale und angewandte Forschung/Nerven- und Geisteserkrankungen des Menschen</entry></row><row><entry VJ="1" colname="col1"><B>(PT25)</B> Translationale und angewandte Forschung/Atemwegserkrankungen des Menschen</entry></row><row><entry VJ="1" colname="col1"><B>(PT26)</B> Translationale und angewandte Forschung/Gastrointestinale Erkrankungen des Menschen, einschließlich der Leber</entry></row><row><entry VJ="1" colname="col1"><B>(PT27)</B> Translationale und angewandte Forschung/Muskuloskelettale Erkrankungen des Menschen</entry></row><row><entry VJ="1" colname="col1"><B>(PT28)</B> Translationale und angewandte Forschung/Immunerkrankungen des Menschen</entry></row><row><entry VJ="1" colname="col1"><B>(PT29)</B> Translationale und angewandte Forschung/Erkrankungen des urogenitalen/des Fortpflanzungssystems des Menschen</entry></row><row><entry VJ="1" colname="col1"><B>(PT30)</B> Translationale und angewandte Forschung/Erkrankungen der Sinnesorgane (Haut, Augen und Ohren) des Menschen</entry></row><row><entry VJ="1" colname="col1"><B>(PT31)</B> Translationale und angewandte Forschung/Erkrankungen des endokrinen Systems/<BR/> des Stoffwechselsystems des Menschen</entry></row><row><entry VJ="1" colname="col1"><B>(PT32)</B> Translationale und angewandte Forschung/Andere Humanerkrankungen</entry></row><row><entry VJ="1" colname="col1"><B>(PT33)</B> Translationale und angewandte Forschung/Tiererkrankungen und -krankheiten</entry></row><row><entry VJ="1" colname="col1"><B>(PT38)</B> Translationale und angewandte Forschung/Tierernährung</entry></row><row><entry VJ="1" colname="col1"><B>(PT34)</B> Translationale und angewandte Forschung/Tierschutz</entry></row><row><entry VJ="1" colname="col1"><B>(PT35)</B> Translationale und angewandte Forschung/Krankheitsdiagnose</entry></row><row><entry VJ="1" colname="col1"><B>(PT36)</B> Translationale und angewandte Forschung/Pflanzenkrankheiten</entry></row><row><entry VJ="1" colname="col1"><B>(PT37)</B> Translationale und angewandte Forschung/Nicht regulatorische Toxikologie und Ökotoxikologie</entry></row><row><entry VJ="1" colname="col1"><B>(PE40)</B> Schutz der natürlichen Umwelt im Interesse der Gesundheit oder des Wohlbefindens von Menschen und Tieren</entry></row><row><entry VJ="1" colname="col1"><B>(PS41)</B> Erhaltung der Art</entry></row><row><entry VJ="1" colname="col1"><B>(PE42-1)</B> Hochschulausbildung</entry></row><row><entry VJ="1" colname="col1"><B>(PE42-2)</B> Schulung zum Erwerb, zur Erhaltung oder zur Verbesserung beruflicher Fähigkeiten</entry></row><row><entry VJ="1" colname="col1"><B>(PF43)</B> Forensische Untersuchungen</entry></row><row><entry VJ="1" colname="col1"><B>(PG43)</B> Erhaltung von Kolonien etablierter genetisch veränderter Tiere, die nicht in anderen Verfahren verwendet werden</entry></row><row><entry VJ="1" colname="col1"><B>(PR51)</B> Routineproduktion/Produkt auf Blutbasis</entry></row><row><entry VJ="1" colname="col1"><B>(PR52)</B> Routineproduktion/Monoklonale Antikörper nur im Aszites-Verfahren</entry></row><row><entry VJ="1" colname="col1"><B>(PR54)</B> Routineproduktion/Monoklonale und polyklonale Antikörper (ausgenommen im Aszites-Verfahren)</entry></row><row><entry VJ="1" colname="col1"><B>(PR53)</B> Routineproduktion/Andere Produkte</entry></row><row><entry VJ="1" colname="col1"><B>(PR61)</B> Regulatorischer Zweck, Qualitätskontrolle/Chargenunbedenklichkeitsprüfung</entry></row><row><entry VJ="1" colname="col1"><B>(PR62)</B> Regulatorischer Zweck, Qualitätskontrolle/Pyrogenitätsprüfung</entry></row><row><entry VJ="1" colname="col1"><B>(PR63)</B> Regulatorischer Zweck, Qualitätskontrolle/Chargenpotenzprüfung</entry></row><row><entry VJ="1" colname="col1"><B>(PR64)</B> Regulatorischer Zweck, Qualitätskontrolle/Andere Qualitätskontrolle</entry></row><row><entry VJ="1" colname="col1"><B>(PR71)</B> Regulatorischer Zweck/Andere Wirksamkeits- und Toleranzprüfung</entry></row><row><entry VJ="1" colname="col1"><B>(PR81)</B> Regulatorischer Zweck, Toxizitäts- und Unbedenklichkeitsprüfungen, nach Prüfungsarten/<BR/> Akute Toxizität/LD50, LC50</entry></row><row><entry VJ="1" colname="col1"><B>(PR82)</B> Regulatorischer Zweck, Toxizitäts- und Unbedenklichkeitsprüfungen, nach Prüfungsarten/<BR/> Akute Toxizität/Andere letale Methoden</entry></row><row><entry VJ="1" colname="col1"><B>(PR83)</B> Regulatorischer Zweck, Toxizitäts- und Unbedenklichkeitsprüfungen, nach Prüfungsarten/<BR/> Akute Toxizität/Nichtletale Methoden</entry></row><row><entry VJ="1" colname="col1"><B>(PR84)</B> Regulatorischer Zweck, Toxizitäts- und Unbedenklichkeitsprüfungen, nach Prüfungsarten/<BR/> Hautreizung/-verätzung</entry></row><row><entry VJ="1" colname="col1"><B>(PR85)</B> Regulatorischer Zweck, Toxizitäts- und Unbedenklichkeitsprüfungen, nach Prüfungsarten/<BR/> Hautsensibilisierung</entry></row><row><entry VJ="1" colname="col1"><B>(PR86)</B> Regulatorischer Zweck, Toxizitäts- und Unbedenklichkeitsprüfungen, nach Prüfungsarten/<BR/> Augenreizung/-verätzung</entry></row><row><entry VJ="1" colname="col1"><B>(PR87)</B> Regulatorischer Zweck, Toxizitäts- und Unbedenklichkeitsprüfungen, nach Prüfungsarten/<BR/> Toxizität – bei wiederholter Verabreichung/bis zu 28 Tagen</entry></row><row><entry VJ="1" colname="col1"><B>(PR88)</B> Regulatorischer Zweck, Toxizitäts- und Unbedenklichkeitsprüfungen, nach Prüfungsarten/<BR/> Toxizität – bei wiederholter Verabreichung/29–90 Tage</entry></row><row><entry VJ="1" colname="col1"><B>(PR89)</B> Regulatorischer Zweck, Toxizitäts- und Unbedenklichkeitsprüfungen, nach Prüfungsarten/<BR/> Toxizität – bei wiederholter Verabreichung/mehr als 90 Tage</entry></row><row><entry VJ="1" colname="col1"><B>(PR90)</B> Regulatorischer Zweck, Toxizitäts- und Unbedenklichkeitsprüfungen, nach Prüfungsarten/<BR/> Karzinogenität</entry></row><row><entry VJ="1" colname="col1"><B>(PR91)</B> Regulatorischer Zweck, Toxizitäts- und Unbedenklichkeitsprüfungen, nach Prüfungsarten/<BR/> Gentoxizität</entry></row><row><entry VJ="1" colname="col1"><B>(PR92)</B> Regulatorischer Zweck, Toxizitäts- und Unbedenklichkeitsprüfungen, nach Prüfungsarten/<BR/> Reproduktionstoxizität</entry></row><row><entry VJ="1" colname="col1"><B>(PR93)</B> Regulatorischer Zweck, Toxizitäts- und Unbedenklichkeitsprüfungen, nach Prüfungsarten/<BR/> Entwicklungstoxizität</entry></row><row><entry VJ="1" colname="col1"><B>(PR94)</B> Regulatorischer Zweck, Toxizitäts- und Unbedenklichkeitsprüfungen, nach Prüfungsarten/<BR/> Neurotoxizität</entry></row><row><entry VJ="1" colname="col1"><B>(PR95)</B> Regulatorischer Zweck, Toxizitäts- und Unbedenklichkeitsprüfungen, nach Prüfungsarten/<BR/> Kinetik (Pharmakokinetik, Toxikokinetik, Rückstandsabbau)</entry></row><row><entry VJ="1" colname="col1"><B>(PR96)</B> Regulatorischer Zweck, Toxizitäts- und Unbedenklichkeitsprüfungen, nach Prüfungsarten/<BR/> Pharmakodynamik (einschließlich Sicherheitspharmakologie)</entry></row><row><entry VJ="1" colname="col1"><B>(PR97)</B> Regulatorischer Zweck, Toxizitäts- und Unbedenklichkeitsprüfung, nach Prüfungsarten/<BR/> Fototoxizität</entry></row><row><entry VJ="1" colname="col1"><B>(PR98)</B> Regulatorischer Zweck, Toxizitäts- und Unbedenklichkeitsprüfungen, nach Prüfungsarten/<BR/> Ökotoxizität/Akute Toxizität (Ökotoxizität)</entry></row><row><entry VJ="1" colname="col1"><B>(PR99</B>) Regulatorischer Zweck, Toxizitäts- und Unbedenklichkeitsprüfungen, nach Prüfungsarten/<BR/> Ökotoxizität/Chronische Toxizität (Ökotoxizität)</entry></row><row><entry VJ="1" colname="col1"><B>(PR100)</B> Regulatorischer Zweck, Toxizitäts- und Unbedenklichkeitsprüfungen, nach Prüfungsarten/<BR/> Ökotoxizität/Reproduktionstoxizität (Ökotoxizität)</entry></row><row><entry VJ="1" colname="col1"><B>(PR101)</B> Regulatorischer Zweck, Toxizitäts- und Unbedenklichkeitsprüfungen, nach Prüfungsarten/<BR/> Ökotoxizität/Endokrine Wirkung (Ökotoxizität)</entry></row><row><entry VJ="1" colname="col1"><B>(PR102)</B> Regulatorischer Zweck, Toxizitäts- und Unbedenklichkeitsprüfungen, nach Prüfungsarten/<BR/> Ökotoxizität/Bioakkumulation (Ökotoxizität)</entry></row><row><entry VJ="1" colname="col1"><B>(PR103)</B> Regulatorischer Zweck, Toxizitäts- und Unbedenklichkeitsprüfungen, nach Prüfungsarten/<BR/> Ökotoxizität/Andere Ökotoxizität</entry></row><row><entry VJ="1" colname="col1"><B>(PR104)</B> Regulatorischer Zweck, Toxizitäts- und Unbedenklichkeitsprüfungen, nach Prüfungsarten/<BR/> Unbedenklichkeitsprüfung von Nahrungs- und Futtermitteln</entry></row><row><entry VJ="1" colname="col1"><B>(PR105)</B> Regulatorischer Zweck, Toxizitäts- und Unbedenklichkeitsprüfungen, nach Prüfungsarten/<BR/> Unbedenklichkeit für Zieltiere</entry></row><row><entry VJ="1" colname="col1"><B>(PR107)</B> Regulatorischer Zweck, Toxizitäts- und Unbedenklichkeitsprüfungen, nach Prüfungsarten/<BR/> Kombinierte Endpunkte</entry></row><row><entry VJ="1" colname="col1"><B>(PR106)</B> Regulatorischer Zweck, Toxizitäts- und Unbedenklichkeitsprüfungen, nach Prüfungsarten/<BR/> Andere Toxizität oder Unbedenklichkeitsprüfung</entry></row></tbody></tgroup></table></LA><LA Size="normal"><BR/><BR/><B>Spalte P:</B></LA><LA Size="normal">Falls die Option „Andere …“ angegeben wurde (PB13, PT32, PR53, PR64, PR82, PR103, PR106), ist der spezifische Verwendungszweck zu benennen.<BR/><BR/></LA><LA Size="normal"><B>Spalte Q:</B></LA><LA Size="normal">Diese Spalte ist nur auszufüllen, wenn in Spalte N bei „Verwendungszweck“ eine der Optionen PR61 bis PR106 (Regulatorischer Zweck, …) angegeben wurde. Die Rechtsvorschrift muss entsprechend dem vorgesehenen Hauptverwendungszweck angegeben werden.<BR/><BR/><table frame="all" pgwide="1" rowsep="1" tabstyle="tiere" tocentry="%yes;"><tgroup align="left" char="" charoff="50" cols="1"><colspec colname="col1"/><tbody valign="top"><row><entry VJ="1" colname="col1"><B>(LT1)</B> Vorschriften für Humanarzneimittel</entry></row><row><entry VJ="1" colname="col1"><B>(LT2)</B> Vorschriften für Tierarzneimittel und ihre Rückstände</entry></row><row><entry VJ="1" colname="col1"><B>(LT3)</B> Vorschriften für Medizinprodukte</entry></row><row><entry VJ="1" colname="col1"><B>(LT4)</B> Vorschriften für Industriechemikalien</entry></row><row><entry VJ="1" colname="col1"><B>(LT5)</B> Vorschriften für Pflanzenschutzmittel</entry></row><row><entry VJ="1" colname="col1"><B>(LT6)</B> Vorschriften für Biozidprodukte</entry></row><row><entry VJ="1" colname="col1"><B>(LT7)</B> Vorschriften für Lebensmittel, einschließlich Materialien, die mit Lebensmitteln in Berührung kommen</entry></row><row><entry VJ="1" colname="col1"><B>(LT8)</B> Vorschriften für Futtermittel, einschließlich Vorschriften für die Sicherheit von Zieltieren, Arbeitnehmern und Umwelt</entry></row><row><entry VJ="1" colname="col1"><B>(LT9)</B> Vorschriften für Kosmetikprodukte</entry></row><row><entry VJ="1" colname="col1"><B>(LT10)</B> Andere Vorschriften</entry></row></tbody></tgroup></table></LA><LA Size="normal"><BR/><BR/><B>Spalte R:</B></LA><LA Size="normal">Falls unter Spalte P „Andere“ angegeben wurde, ist die spezifische Rechtsvorschrift, die der Verwendung zugrunde liegt, zu benennen.<BR/><BR/></LA><LA Size="normal"><B>Spalte S:</B></LA><LA Size="normal">Diese Spalte ist nur auszufüllen, wenn eine Vorschrift nach Spalte P angegeben wurde oder eine andere in der Spalte Q. Ausschlaggebend ist dabei nicht, wer die Prüfung in Auftrag gibt, sondern welchen Vorschriften nachgekommen wird, wobei der weitreichenderen Vorschrift Vorrang eingeräumt wird. Dienen die nationalen Vorschriften der Umsetzung von EU-Recht (z. B. Umsetzung von Richtlinien der EU, Durchführung von Verordnungen der EU u. Ä.), muss „Vorschriften, die EU-Anforderungen erfüllen“ gewählt werden.<BR/><BR/><table frame="all" pgwide="1" rowsep="1" tabstyle="tiere" tocentry="%yes;"><tgroup align="left" char="" charoff="50" cols="1"><colspec colname="col1"/><tbody valign="top"><row><entry VJ="1" colname="col1"><B>(LO1)</B> Vorschriften, die EU-Anforderungen erfüllen</entry></row><row><entry VJ="1" colname="col1"><B>(LO2)</B> Vorschriften, die nur nationale Anforderungen erfüllen</entry></row><row><entry VJ="1" colname="col1"><B>(LO3)</B> Vorschriften, die EU-externe Anforderungen erfüllen</entry></row></tbody></tgroup></table></LA><LA Size="normal"><BR/><BR/><B>Spalte T:</B></LA><LA Size="normal">Der tatsächliche Schweregrad der Schmerzen, Leiden und Schäden, dem die Tiere durch die Verwendung ausgesetzt waren, ist anzugeben, nicht der im Genehmigungsantrag oder in der Anzeige angegebene Schweregrad. Bei einer Verwendung nach § 4 Absatz 3 des Tierschutzgesetzes ist diese Spalte nicht auszufüllen. Im Falle des § 25 Absatz 2 der Tierschutz-Versuchstierverordnung, der besonders belastende Tierversuche mit erheblichen Schmerzen oder Leiden, die länger anhalten und nicht gelindert werden können, zum Gegenstand hat, sollen in Spalte U Angaben zu einer Ausnahmegenehmigung, zu den Einzelheiten der Verwendung und den Gründen für das Erreichen dieser besonderen Belastungen gemacht werden.<BR/><BR/><table frame="all" pgwide="1" rowsep="1" tabstyle="tiere" tocentry="%yes;"><tgroup align="left" char="" charoff="50" cols="1"><colspec colname="col1"/><tbody valign="top"><row><entry VJ="1" colname="col1"><B>(SV1)</B> Keine Wiederherstellung der Lebensfunktion</entry></row><row><entry VJ="1" colname="col1"><B>(SV2)</B> Gering (höchstens)</entry></row><row><entry VJ="1" colname="col1"><B>(SV3)</B> Mittel</entry></row><row><entry VJ="1" colname="col1"><B>(SV4)</B> Schwer</entry></row></tbody></tgroup></table></LA><LA Size="normal"><BR/><BR/><B>Spalte U:</B></LA><LA Size="normal">In diese Spalte ist die von der zuständigen Behörde im Rahmen des Genehmigungs- oder Anzeigeverfahrens vergebene Angabe zur eindeutigen Identifizierung des Versuchsvorhabens, z. B. Kennziffer oder Geschäftszeichen, einzutragen.<BR/><BR/></LA><LA Size="normal"><B>Spalte V:</B></LA><LA Size="normal">In diese Spalte können Anmerkungen eingetragen werden.</LA></DD></DL></P></Content></text><fussnoten><Content><P>(+++ Anlage Nr. 2 Spalte E Ziff. A22: Aufgrund offensichtlicher Unrichtigkeit wurde das Wort &quot;Cholorocebus&quot; durch &quot;Chlorocebus&quot; ersetzt +++)</P></Content></fussnoten></textdaten></norm>
</dokumente>