<?xml version="1.0" encoding="UTF-8" ?><!DOCTYPE dokumente SYSTEM "http://www.gesetze-im-internet.de/dtd/1.01/gii-norm.dtd">
<dokumente builddate="20240117214503" doknr="BJNR005800019"><norm builddate="20240117214503" doknr="BJNR005800019"><metadaten><jurabk>KapResV</jurabk><amtabk>KapResV</amtabk><ausfertigung-datum manuell="ja">2019-01-28</ausfertigung-datum><fundstelle typ="amtlich"><periodikum>BGBl I</periodikum><zitstelle>2019, 58</zitstelle></fundstelle><kurzue>Kapazitätsreserveverordnung</kurzue><langue>Verordnung zur Regelung des Verfahrens der Beschaffung, des Einsatzes und der Abrechnung einer Kapazitätsreserve</langue><standangabe checked="ja"><standtyp>Stand</standtyp><standkommentar>Zuletzt geändert durch Art. 8a G v. 22.12.2023 I Nr. 405</standkommentar></standangabe></metadaten><textdaten><fussnoten><Content><P><BR/> <pre xml:space="preserve">(+++ Textnachweis ab: 6.2.2019 +++)<BR/>(+++ Zur Anwendung vgl. § 24 Abs. 1 Satz 2, § 25 Abs. 3 Satz 4 u. § 30 Abs. 2 <BR/>Satz 3 +++)<BR/>(+++ Amtlicher Hinweis des Normgebers auf EG-Recht:<BR/>     Umsetzung der<BR/>       EGRL 72/2009  (CELEX Nr: 32009L0072) <BR/>       EGRL 73/2009  (CELEX Nr: 32009L0073) <BR/>       EURL 2019/944 (CELEX Nr: 32019L0944) vgl. G v. 22.12.2023 I Nr. 405 +++)<BR/><BR/></pre></P></Content></fussnoten></textdaten></norm>
<norm builddate="20240117214503" doknr="BJNR005800019BJNE000100000"><metadaten><jurabk>KapResV</jurabk><enbez>Eingangsformel</enbez></metadaten><textdaten><text format="XML"><Content><P>Auf Grund des § 13h des Energiewirtschaftsgesetzes vom 7. Juli 2005 (BGBl. I S. 1970, 3621), dessen Absätze 1 und 2 zuletzt durch Artikel 3 Nummer 7 Buchstabe a und b des Gesetzes vom 17. Dezember 2018 (BGBl. I S. 2549) geändert worden sind, verordnet das Bundesministerium für Wirtschaft und Energie:</P></Content></text></textdaten></norm>
<norm builddate="20240117214503" doknr="BJNR005800019BJNE000200000"><metadaten><jurabk>KapResV</jurabk><enbez>Inhaltsübersicht</enbez></metadaten><textdaten><text format="XML"><Content><TOC><Ident Class="S2">Teil 1</Ident><Title Align="auto" Class="S2">Allgemeine Bestimmungen</Title><P/><table colsep="0" frame="none" pgwide="1" rowsep="0" tocentry="%yes;"><tgroup align="left" char="" charoff="50" cols="2"><colspec colname="col1" colwidth="8*"/><colspec colname="col2" colwidth="72*"/><tbody valign="top"><row><entry VJ="1" colname="col1">§  1</entry><entry VJ="1" colname="col2">Anwendungsbereich</entry></row><row><entry VJ="1" colname="col1">§  2</entry><entry VJ="1" colname="col2">Begriffsbestimmungen</entry></row><row><entry VJ="1" colname="col1">§  3</entry><entry VJ="1" colname="col2">Verhältnis zu den Strommärkten, Anschlussverwendung</entry></row><row><entry VJ="1" colname="col1">§  4</entry><entry VJ="1" colname="col2">Anzeige- und Mitteilungspflichten der Betreiber</entry></row><row><entry VJ="1" colname="col1">§  5</entry><entry VJ="1" colname="col2">Verhältnis zur Regelenergie, zu abschaltbaren Lasten und zur Netzreserve</entry></row></tbody></tgroup></table><P/><Ident Class="S2">Teil 2</Ident><Title Align="auto" Class="S2">Beschaffungsverfahren Kapazitätsreserve</Title><P/><table colsep="0" frame="none" pgwide="1" rowsep="0" tocentry="%yes;"><tgroup align="left" char="" charoff="50" cols="2"><colspec colname="col1" colwidth="8*"/><colspec colname="col2" colwidth="72*"/><tbody valign="top"><row><entry VJ="1" colname="col1">§  6</entry><entry VJ="1" colname="col2">Grundsätze der Beschaffung, Zuständigkeit</entry></row><row><entry VJ="1" colname="col1">§  7</entry><entry VJ="1" colname="col2">Gegenstand der Beschaffung</entry></row><row><entry VJ="1" colname="col1">§  8</entry><entry VJ="1" colname="col2">Ausschreibungs- und Erbringungszeitraum</entry></row><row><entry VJ="1" colname="col1">§  9</entry><entry VJ="1" colname="col2">Teilnahmevoraussetzungen</entry></row><row><entry VJ="1" colname="col1">§ 10</entry><entry VJ="1" colname="col2">Sicherheitsleistung</entry></row><row><entry VJ="1" colname="col1">§ 11</entry><entry VJ="1" colname="col2">Bekanntmachung der Beschaffung</entry></row><row><entry VJ="1" colname="col1">§ 12</entry><entry VJ="1" colname="col2">Höchstwert</entry></row><row><entry VJ="1" colname="col1">§ 13</entry><entry VJ="1" colname="col2">Fristen, Bindung an Gebote</entry></row><row><entry VJ="1" colname="col1">§ 14</entry><entry VJ="1" colname="col2">Gebote</entry></row><row><entry VJ="1" colname="col1">§ 15</entry><entry VJ="1" colname="col2">Regeln für die Zusammenlegung</entry></row><row><entry VJ="1" colname="col1">§ 16</entry><entry VJ="1" colname="col2">Beizufügende Nachweise und Erklärungen</entry></row><row><entry VJ="1" colname="col1">§ 17</entry><entry VJ="1" colname="col2">Prüfung und Ausschluss von Geboten und Bietern</entry></row><row><entry VJ="1" colname="col1">§ 18</entry><entry VJ="1" colname="col2">Zuschlag</entry></row><row><entry VJ="1" colname="col1">§ 19</entry><entry VJ="1" colname="col2">Vergütung</entry></row><row><entry VJ="1" colname="col1">§ 20</entry><entry VJ="1" colname="col2">Teilnahme von Anlagen der Netzreserve</entry></row><row><entry VJ="1" colname="col1">§ 21</entry><entry VJ="1" colname="col2">Rechte und Pflichten aus dem Kapazitätsreservevertrag, Änderung und Übertragung des Vertrages</entry></row><row><entry VJ="1" colname="col1">§ 22</entry><entry VJ="1" colname="col2">Kündigung des Vertrages</entry></row><row><entry VJ="1" colname="col1">§ 23</entry><entry VJ="1" colname="col2">Nachbeschaffung</entry></row></tbody></tgroup></table><P/><Ident Class="S2">Teil 3</Ident><Title Align="auto" Class="S2">Einsatz der Kapazitätsreserve</Title><P/><table colsep="0" frame="none" pgwide="1" rowsep="0" tocentry="%yes;"><tgroup align="left" char="" charoff="50" cols="2"><colspec colname="col1" colwidth="8*"/><colspec colname="col2" colwidth="72*"/><tbody valign="top"><row><entry VJ="1" colname="col1">§ 24</entry><entry VJ="1" colname="col2">Grundsätze</entry></row><row><entry VJ="1" colname="col1">§ 25</entry><entry VJ="1" colname="col2">Aktivierung</entry></row><row><entry VJ="1" colname="col1">§ 26</entry><entry VJ="1" colname="col2">Abruf</entry></row><row><entry VJ="1" colname="col1">§ 27</entry><entry VJ="1" colname="col2">Verfügbarkeit</entry></row><row><entry VJ="1" colname="col1">§ 28</entry><entry VJ="1" colname="col2">Funktionstest</entry></row><row><entry VJ="1" colname="col1">§ 29</entry><entry VJ="1" colname="col2">Probeabrufe, Testfahrten</entry></row><row><entry VJ="1" colname="col1">§ 30</entry><entry VJ="1" colname="col2">Nachbesserung</entry></row></tbody></tgroup></table><P/><Ident Class="S2">Teil 4</Ident><Title Align="auto" Class="S2">Abrechnung</Title><P/><table colsep="0" frame="none" pgwide="1" rowsep="0" tocentry="%yes;"><tgroup align="left" char="" charoff="50" cols="2"><colspec colname="col1" colwidth="8*"/><colspec colname="col2" colwidth="72*"/><tbody valign="top"><row><entry VJ="1" colname="col1">§ 31</entry><entry VJ="1" colname="col2">Abrechnung zwischen Übertragungsnetzbetreiber und Betreiber der Kapazitätsreserveanlage</entry></row><row><entry VJ="1" colname="col1">§ 32</entry><entry VJ="1" colname="col2">Abrechnung zwischen Übertragungsnetzbetreiber und Bilanzkreisverantwortlichem</entry></row><row><entry VJ="1" colname="col1">§ 33</entry><entry VJ="1" colname="col2">Kosten und Erlöse</entry></row></tbody></tgroup></table><P/><Ident Class="S2">Teil 5</Ident><Title Align="auto" Class="S2">Vertragsstrafen</Title><P/><table colsep="0" frame="none" pgwide="1" rowsep="0" tocentry="%yes;"><tgroup align="left" char="" charoff="50" cols="2"><colspec colname="col1" colwidth="8*"/><colspec colname="col2" colwidth="72*"/><tbody valign="top"><row><entry VJ="1" colname="col1">§ 34</entry><entry VJ="1" colname="col2">Zahlungspflichten bei Nichtverfügbarkeit der Anlage</entry></row><row><entry VJ="1" colname="col1">§ 35</entry><entry VJ="1" colname="col2">Ausschluss bei höherer Gewalt</entry></row><row><entry VJ="1" colname="col1">§ 36</entry><entry VJ="1" colname="col2">Verstoß gegen grundlegende Pflichten</entry></row></tbody></tgroup></table><P/><Ident Class="S2">Teil 6</Ident><Title Align="auto" Class="S2">Aufgaben der Netzbetreiber</Title><P/><table colsep="0" frame="none" pgwide="1" rowsep="0" tocentry="%yes;"><tgroup align="left" char="" charoff="50" cols="2"><colspec colname="col1" colwidth="8*"/><colspec colname="col2" colwidth="72*"/><tbody valign="top"><row><entry VJ="1" colname="col1">§ 37</entry><entry VJ="1" colname="col2">Vorbereitung und Durchführung der Ausschreibung</entry></row><row><entry VJ="1" colname="col1">§ 38</entry><entry VJ="1" colname="col2">Veröffentlichungs- und Mitteilungspflichten</entry></row><row><entry VJ="1" colname="col1">§ 39</entry><entry VJ="1" colname="col2">Durchsetzung von Vertragsstrafen</entry></row><row><entry VJ="1" colname="col1">§ 40</entry><entry VJ="1" colname="col2">Rückgabe der Sicherheiten</entry></row><row><entry VJ="1" colname="col1">§ 41</entry><entry VJ="1" colname="col2">Mitwirkungspflicht der Verteilernetzbetreiber</entry></row></tbody></tgroup></table><P/><Ident Class="S2">Teil 7</Ident><Title Align="auto" Class="S2">Aufgaben der Bundesnetzagentur</Title><P/><table colsep="0" frame="none" pgwide="1" rowsep="0" tocentry="%yes;"><tgroup align="left" char="" charoff="50" cols="2"><colspec colname="col1" colwidth="8*"/><colspec colname="col2" colwidth="72*"/><tbody valign="top"><row><entry VJ="1" colname="col1">§ 42</entry><entry VJ="1" colname="col2">Festlegungen</entry></row><row><entry VJ="1" colname="col1">§ 43</entry><entry VJ="1" colname="col2">Betriebsuntersagung</entry></row></tbody></tgroup></table><P/><Ident Class="S2">Teil 8</Ident><Title Align="auto" Class="S2">Schlussbestimmungen</Title><P/><table colsep="0" frame="none" pgwide="1" rowsep="0" tocentry="%yes;"><tgroup align="left" char="" charoff="50" cols="2"><colspec colname="col1" colwidth="8*"/><colspec colname="col2" colwidth="72*"/><tbody valign="top"><row><entry VJ="1" colname="col1">§ 44</entry><entry VJ="1" colname="col2">Auskunftsanspruch</entry></row><row><entry VJ="1" colname="col1">§ 45</entry><entry VJ="1" colname="col2">Löschung von Daten</entry></row><row><entry VJ="1" colname="col1">§ 46</entry><entry VJ="1" colname="col2">Rechtsschutz</entry></row><row><entry VJ="1" colname="col1">§ 47</entry><entry VJ="1" colname="col2">Inkrafttreten</entry></row></tbody></tgroup></table><P/></TOC></Content></text></textdaten></norm>
<norm builddate="20240117214503" doknr="BJNR005800019BJNG000100000"><metadaten><jurabk>KapResV</jurabk><gliederungseinheit><gliederungskennzahl>010</gliederungskennzahl><gliederungsbez>Teil 1</gliederungsbez><gliederungstitel>Allgemeine Bestimmungen</gliederungstitel></gliederungseinheit></metadaten><textdaten/></norm>
<norm builddate="20240117214503" doknr="BJNR005800019BJNE000300000"><metadaten><jurabk>KapResV</jurabk><enbez>§ 1</enbez><titel format="XML">Anwendungsbereich</titel></metadaten><textdaten><text format="XML"><Content><P>Diese Verordnung regelt die Beschaffung, die Teilnahmevoraussetzungen, den Einsatz und die Abrechnung der Kapazitätsreserve nach § 13e des Energiewirtschaftsgesetzes.</P></Content></text></textdaten></norm>
<norm builddate="20240117214503" doknr="BJNR005800019BJNE000400000"><metadaten><jurabk>KapResV</jurabk><enbez>§ 2</enbez><titel format="XML">Begriffsbestimmungen</titel></metadaten><textdaten><text format="XML"><Content><P>Im Sinne dieser Verordnung bedeutet <DL Type="arabic"><DT>1.</DT><DD Font="normal"><LA>Abruf: Anforderung der Übertragungsnetzbetreiber, die Wirkleistungseinspeisung von in der Kapazitätsreserve gebundenen Erzeugungsanlagen, Speichern und von Anlagen nach § 25 Absatz 3 aus dem Betrieb in Teillast auf die jeweils benötigte Einspeiseleistung anzupassen; bei regelbaren Lasten die Anforderung der Übertragungsnetzbetreiber, den Wirkleistungsbezug aus der Bereitschaft um die jeweils benötigte Leistung anzupassen,</LA></DD><DT>2.</DT><DD Font="normal"><LA>Aktivierung: Anforderung der Übertragungsnetzbetreiber, Erzeugungsanlagen oder Speicher zu starten und in Mindestteillast zu betreiben; bei regelbaren Lasten die Anforderung der Übertragungsnetzbetreiber, die Anlage in Bereitschaft für einen Abruf zu versetzen,</LA></DD><DT>3.</DT><DD Font="normal"><LA>Aktivierungszeit: Zeitraum von der Aktivierung bis zur Einspeisung mit Mindestteillast; bei regelbaren Lasten bis zur Bereitschaft für einen Abruf,</LA></DD><DT>4.</DT><DD Font="normal"><LA>Anfahrzeit: Zeitraum von der Anforderung der Übertragungsnetzbetreiber, Erzeugungsanlagen oder einen Speicher zu starten, bis zur Einspeisung der vollständigen Reserveleistung; bei regelbaren Lasten Zeitraum von der Anforderung, den Wirkleistungsbezug anzupassen, bis zur Bereitstellung der vollständigen Reserveleistung,</LA></DD><DT>5.</DT><DD Font="normal"><LA>Anlage: Erzeugungsanlage, regelbare Last oder Speicheranlage,</LA></DD><DT>6.</DT><DD Font="normal"><LA>Anschluss-Übertragungsnetzbetreiber: Übertragungsnetzbetreiber, in dessen Regelzone eine Anlage an das Stromnetz angeschlossen ist,</LA></DD><DT>7.</DT><DD Font="normal"><LA>ausbleibende Markträumung: wenn im börslichen Handel mindestens ein Nachfragegebot mit einem Gebotspreis in Höhe des technischen Preislimits nicht oder nicht vollständig erfüllt wurde,</LA></DD><DT>8.</DT><DD Font="normal"><LA>Bieter: der Betreiber einer Anlage, der für die Anlage ein Gebot im Rahmen der Ausschreibung der Kapazitätsreserve abgibt,</LA></DD><DT>9.</DT><DD Font="normal"><LA>Einsatz: Aktivierung oder Abruf der Kapazitätsreserve,</LA></DD><DT>10.</DT><DD Font="normal"><LA>Erbringungszeitraum: Zeitraum, für den der Betreiber einer Anlage dazu verpflichtet ist, die Reserveleistung mit seiner Anlage vorzuhalten,</LA></DD><DT>11.</DT><DD Font="normal"><LA>Erzeugungsanlage: Einheit zur Erzeugung von elektrischer Energie, die über einen Generator und eine direkte schaltungstechnische Zuordnung zwischen den Hauptkomponenten verfügt,</LA></DD><DT>12.</DT><DD Font="normal"><LA>Gebotsmenge: Reserveleistung in Megawatt,</LA></DD><DT>13.</DT><DD Font="normal"><LA>Gebotstermin: Kalendertag, bis zu dem die Gebote vollständig, in der vorgeschriebenen Form und mit den erforderlichen Angaben den Übertragungsnetzbetreibern zugehen müssen,</LA></DD><DT>14.</DT><DD Font="normal"><LA>Gebotswert: jährliche Vergütung für die Gebotsmenge in Euro pro Megawatt,</LA></DD><DT>15.</DT><DD Font="normal"><LA>kalter Zustand: bei Erzeugungsanlagen und Speichern der Zustand der Anlage nach einer Stillstandszeit von mehr als 50 Stunden und ohne Betrieb einer Anlagenfeuerung,</LA></DD><DT>16.</DT><DD Font="normal"><LA>Kapazitätsreserveanlage: Anlage, die vertraglich gebunden ist und mit der eine bestimmte Reserveleistung vorzuhalten ist,</LA></DD><DT>17.</DT><DD Font="normal"><LA>Mindestteillast: minimale Wirkleistungseinspeisung, mit der eine Erzeugungsanlage dauerhaft oder ein Speicher während der Entladung kontinuierlich und zuverlässig betrieben werden kann,</LA></DD><DT>18.</DT><DD Font="normal"><LA>Probeabruf: Aktivierung und Abruf einer Kapazitätsreserveanlage auf Veranlassung und ohne Vorankündigung der Übertragungsnetzbetreiber, um die Funktionsfähigkeit der Kapazitätsreserveanlage und die Verfügbarkeit der Reserveleistung zu überprüfen,</LA></DD><DT>19.</DT><DD Font="normal"><LA>regelbare Last: Einheit zum Verbrauch elektrischer Energie, von der eine Abschaltleistung in der Form herbeigeführt werden kann, dass der Wirkleistungsbezug zuverlässig um eine bestimmte Leistung reduziert werden kann,</LA></DD><DT>20.</DT><DD Font="normal"><LA>Reserveleistung: Wirkleistungseinspeisung einer Erzeugungsanlage oder eines Speichers oder Reduktion des Wirkleistungsbezugs einer regelbaren Last, die den Übertragungsnetzbetreibern am Netzeinspeisepunkt für den Einsatz als Kapazitätsreserve zur Verfügung steht und die technischen Anforderungen nach § 9 erfüllt,</LA></DD><DT>21.</DT><DD Font="normal"><LA>Strommärkte: Gesamtheit der Märkte und sonstigen Vertriebswege, über die ein Betreiber die Leistung oder die Arbeit seiner Anlage veräußern kann; dies umfasst insbesondere den vor- und untertägigen börslichen und außerbörslichen Handel, börsliche und außerbörsliche Termingeschäfte, sonstige Vereinbarungen im außerbörslichen Handel sowie die Märkte für Regelenergie und regelbare Lasten,</LA></DD><DT>22.</DT><DD Font="normal"><LA>Teillast: Wirkleistungseinspeisung einer Erzeugungsanlage oder eines Speichers, die über der Mindestteillast und bei Erzeugungsanlagen und Speichern in der Kapazitätsreserve unter der Reserveleistung oder bei Anlagen nach § 25 Absatz 3 unter der Nennleistung liegt,</LA></DD><DT>23.</DT><DD Font="normal"><LA>Vorhaltung: Aufrechterhaltung eines Zustandes einer Kapazitätsreserveanlage durch deren Betreiber, der die Wirkleistungseinspeisung oder die Reduktion des Wirkleistungsbezugs entsprechend der vertraglichen Vereinbarungen ermöglicht.</LA></DD></DL></P></Content></text></textdaten></norm>
<norm builddate="20240117214503" doknr="BJNR005800019BJNE000501377"><metadaten><jurabk>KapResV</jurabk><enbez>§ 3</enbez><titel format="XML">Verhältnis zu den Strommärkten, Anschlussverwendung</titel></metadaten><textdaten><text format="XML"><Content><P>(1) In der Kapazitätsreserve gebundene Erzeugungsanlagen und Speicher speisen ausschließlich auf Anforderung der Übertragungsnetzbetreiber ein. Die aufgrund gesetzlicher Vorgaben notwendigen Anfahrvorgänge bleiben davon unberührt. Der Betreiber muss geplante Anfahrvorgänge nach Satz 2 dem Anschluss-Übertragungsnetzbetreiber und, wenn die Anlage an ein Verteilernetz angeschlossen ist, dem Verteilernetzbetreiber unverzüglich schriftlich oder elektronisch mitteilen. Die Übertragungsnetzbetreiber können verlangen, dass der Anfahrvorgang zu einem anderen Zeitpunkt stattfindet, soweit dies technisch und rechtlich möglich ist. In der Kapazitätsreserve gebundene regelbare Lasten reduzieren ihren Wirkleistungsbezug vorbehaltlich der zulässigen Nichtverfügbarkeiten nach § 27 ausschließlich auf Anforderung der Übertragungsnetzbetreiber.</P><P>(2) Der Betreiber einer Kapazitätsreserveanlage darf die Leistung oder Arbeit seiner in der Reserve gebundenen Anlage weder vollständig noch teilweise auf den Strommärkten veräußern. Im Falle von Erzeugungsanlagen und Speichern ist auch eine Verwendung für den Eigenverbrauch untersagt. Die Teilnahme am Beschaffungsverfahren der Kapazitätsreserve steht nicht einer Veräußerung im Sinne von Satz 1 gleich. Die Sätze 1 und 2 sind auch nach dem Ende des Erbringungszeitraums in der Kapazitätsreserve bis zur endgültigen Stilllegung der Anlage anzuwenden.</P><P>(3) Jeder Betreiber regelbarer Lasten muss die elektrische Energie für die Erbringung der Reserveleistung jeweils mindestens sechs Monate vor Erbringung über Termingeschäfte mit physischer Erfüllung beschaffen; die Beschaffung von elektrischer Energie im vortägigen oder untertägigen Handel sowie eine Absicherung mit rein finanziellen Kontrakten sind unzulässig.</P><P>(4) Nach Ende des Erbringungszeitraums darf der Betreiber regelbarer Lasten abweichend von Absatz 2 Satz 4 die Leistung oder Arbeit der regelbaren Last weiterhin auf den Strommärkten veräußern.</P><P>(5) Für die Vermarktung auf den Märkten für Regelenergie nach § 6 Absatz 1 der Stromnetzzugangsverordnung kann der Betreiber regelbarer Lasten wählen, <DL Type="arabic"><DT>1.</DT><DD Font="normal"><LA>ob er einmalig Reserveleistung für die Kapazitätsreserve bereitstellen will und ab Beendigung seiner Teilnahme ohne Restriktionen an den Märkten für Regelenergie veräußern darf oder</LA></DD><DT>2.</DT><DD Font="normal"><LA>ob er für zwei direkt aufeinander folgende Erbringungszeiträume Reserveleistung für die Kapazitätsreserve bereitstellen will und nach Beendigung seiner Teilnahme für den Zeitraum von 12 Monaten nicht an den Märkten für Regelenergie veräußern darf.</LA></DD></DL>Das Wahlrecht ist innerhalb eines Monats ab Unterrichtung durch die Übertragungsnetzbetreiber nach § 18 Absatz 1 auszuüben. Übt der Betreiber der regelbaren Last das Wahlrecht nicht fristgemäß aus, gilt die Variante in Satz 1 Nummer 1 als gewählt. Der Betreiber ist an seine Wahl gebunden.</P><P>(6) Baut der Betreiber die Erzeugungsanlage oder den Speicher ab und baut er sie vollständig oder teilweise an einem anderen Standort wieder auf, darf der in dieser Anlage nach dem Wiederaufbau erzeugte Strom nur außerhalb der europäischen Strommärkte nach § 3 Nummer 18d des Energiewirtschaftsgesetzes vermarktet werden. Satz 1 ist entsprechend für die Verwendung des erzeugten Stroms für den Eigenverbrauch anzuwenden.</P><P>(7) Die Absätze 2 bis 6 sind auch auf Rechtsnachfolger des Betreibers sowie im Falle der vollständigen oder teilweisen Veräußerung der Anlage auf deren Erwerber anzuwenden.</P></Content></text><fussnoten><Content><P>(+++ § 3 Abs. 1 Satz 2: Zur Anwendung vgl. § 25 Abs. 3 Satz 4 iVm Sätze 1  bis 3 +++) <BR/>(+++ § 3 Abs. 2 Satz 1 u. 2: Zur Anwendung vgl. § 24 Abs. 1 Satz 2 +++)</P></Content></fussnoten></textdaten></norm>
<norm builddate="20240117214503" doknr="BJNR005800019BJNE000600000"><metadaten><jurabk>KapResV</jurabk><enbez>§ 4</enbez><titel format="XML">Anzeige- und Mitteilungspflichten der Betreiber</titel></metadaten><textdaten><text format="XML"><Content><P>(1) Der Betreiber einer Anlage muss der zuständigen Genehmigungsbehörde und der Bundesnetzagentur anzeigen, wenn <DL Type="arabic"><DT>1.</DT><DD Font="normal"><LA>eine Anlage als Kapazitätsreserveanlage genutzt werden soll oder</LA></DD><DT>2.</DT><DD Font="normal"><LA>die Nutzung einer als Kapazitätsreserve genutzten Anlage geändert werden soll.</LA></DD></DL></P><P>(2) Der Betreiber von einer in der Kapazitätsreserve gebundenen Erzeugungsanlage oder eines in der Kapazitätsreserve gebundenen Speichers muss die geplante Stilllegung einer Anlage möglichst frühzeitig dem systemverantwortlichen Übertragungsnetzbetreiber und der Bundesnetzagentur anzeigen. § 13b des Energiewirtschaftsgesetzes ist anzuwenden.</P><P>(3) Die Absätze 1 und 2 sind entsprechend auf Rechtsnachfolger des Betreibers oder Erwerber der Anlage anzuwenden.</P><P>(4) Der Betreiber einer Kapazitätsreserveanlage ist verpflichtet, den Übertragungsnetzbetreibern und, wenn die Anlage an ein Verteilernetz angeschlossen ist, dem Verteilernetzbetreiber auf deren Verlangen unverzüglich die Informationen bereitzustellen, die notwendig sind, damit die Übertragungsnetze sicher und zuverlässig betrieben werden können. § 12 Absatz 4 des Energiewirtschaftsgesetzes ist entsprechend anzuwenden.</P></Content></text></textdaten></norm>
<norm builddate="20240117214503" doknr="BJNR005800019BJNE000700000"><metadaten><jurabk>KapResV</jurabk><enbez>§ 5</enbez><titel format="XML">Verhältnis zur Regelenergie, zu abschaltbaren Lasten und zur Netzreserve</titel></metadaten><textdaten><text format="XML"><Content><P>(1) Die Übertragungsnetzbetreiber dürfen die vorgehaltene Reserveleistung der Kapazitätsreserve nicht anrechnen bei der Bestimmung des Umfangs der zu beschaffenden Primärregelleistung, Sekundärregelleistung und Minutenreserveleistung sowie bei der Beschaffung abschaltbarer Lasten.</P><P>(2) Soweit Kapazitätsreserveanlagen auch die Funktion der Netzreserve erfüllen können, berücksichtigen die Übertragungsnetzbetreiber sie beim Umfang der nach den §§ 3 und 4 der Netzreserveverordnung zu beschaffenden Netzreserve entsprechend.</P></Content></text></textdaten></norm>
<norm builddate="20240117214503" doknr="BJNR005800019BJNG000200000"><metadaten><jurabk>KapResV</jurabk><gliederungseinheit><gliederungskennzahl>020</gliederungskennzahl><gliederungsbez>Teil 2</gliederungsbez><gliederungstitel>Beschaffungsverfahren Kapazitätsreserve</gliederungstitel></gliederungseinheit></metadaten><textdaten/></norm>
<norm builddate="20240117214503" doknr="BJNR005800019BJNE000800000"><metadaten><jurabk>KapResV</jurabk><enbez>§ 6</enbez><titel format="XML">Grundsätze der Beschaffung, Zuständigkeit</titel></metadaten><textdaten><text format="XML"><Content><P>Die Übertragungsnetzbetreiber müssen die Kapazitätsreserve in einem wettbewerblichen, transparenten und diskriminierungsfreien Ausschreibungsverfahren beschaffen. Sie führen die Ausschreibungen gemeinsam durch.</P></Content></text></textdaten></norm>
<norm builddate="20240117214503" doknr="BJNR005800019BJNE000900000"><metadaten><jurabk>KapResV</jurabk><enbez>§ 7</enbez><titel format="XML">Gegenstand der Beschaffung</titel></metadaten><textdaten><text format="XML"><Content><P>Gegenstand der Beschaffung ist die nach § 13e Absatz 2 und 5 des Energiewirtschaftsgesetzes bestimmte Größe der Kapazitätsreserve für den jeweiligen Erbringungszeitraum in Megawatt abzüglich der für diesen Erbringungszeitraum bereits gebundenen Reserveleistung.</P></Content></text></textdaten></norm>
<norm builddate="20240117214503" doknr="BJNR005800019BJNE001000000"><metadaten><jurabk>KapResV</jurabk><enbez>§ 8</enbez><titel format="XML">Ausschreibungs- und Erbringungszeitraum</titel></metadaten><textdaten><text format="XML"><Content><P>(1) Gebotstermin ist <DL Type="arabic"><DT>1.</DT><DD Font="normal"><LA>der 1. Dezember 2019 für den Erbringungszeitraum vom 1. Oktober 2020 bis zum 30. September 2022,</LA></DD><DT>2.</DT><DD Font="normal"><LA>ab dem Jahr 2021 und dann alle zwei Jahre jeweils der 1. April für den Erbringungszeitraum, der am 1. Oktober des auf den Gebotstermin folgenden Kalenderjahres beginnt und jeweils zwei Jahre beträgt.</LA></DD></DL></P><P>(2) Die Bundesnetzagentur kann durch Festlegung nach § 42 die Fristen und Termine nach Absatz 1 anpassen.</P><P>(3) Ein Vertragsjahr beginnt am 1. Oktober eines Jahres und endet am 30. September des folgenden Kalenderjahres.</P></Content></text></textdaten></norm>
<norm builddate="20240117214503" doknr="BJNR005800019BJNE001103377"><metadaten><jurabk>KapResV</jurabk><enbez>§ 9</enbez><titel format="XML">Teilnahmevoraussetzungen</titel></metadaten><textdaten><text format="XML"><Content><P>(1) Jede Anlage muss für die Teilnahme am Beschaffungsverfahren – vorbehaltlich einer Präzisierung oder Änderung nach Absatz 4 – folgende Anforderungen erfüllen: <DL Type="arabic"><DT>1.</DT><DD Font="normal"><LA>Anschluss an ein Elektrizitätsversorgungsnetz im Bundesgebiet oder im Gebiet des Großherzogtums Luxemburg, das im Normalschaltzustand über nicht mehr als zwei Umspannungen unmittelbar mit der Höchstspannungsebene eines deutschen oder luxemburgischen Übertragungsnetzbetreibers verbunden ist,</LA></DD><DT>2.</DT><DD Font="normal"><LA>Anfahrzeit von maximal 12 Stunden; wobei Erzeugungsanlagen und Speicher die Anfahrzeit aus dem kalten Zustand erreichen müssen,</LA></DD><DT>3.</DT><DD Font="normal"><LA>Anpassung der Wirkleistungseinspeisung oder des Wirkleistungsbezugs ab dem Zeitpunkt des Abrufs um mindestens je 30 Prozent der Reserveleistung innerhalb von 15 Minuten; wobei die Anpassung bei Erzeugungsanlagen und Speichern aus dem Betrieb in Mindestteillast erfolgt,</LA></DD><DT>4.</DT><DD Font="normal"><LA>bei regelbaren Lasten eine konstante und vorbehaltlich der Regelung in § 27 eine unterbrechungsfreie Leistungsaufnahme mindestens in Höhe der Gebotsmenge einschließlich der Fähigkeit, diese Leistungsaufnahme anhand von Leistungsnachweisen mit mindestens minutengenauer Auflösung nachzuweisen, sowie</LA></DD><DT>5.</DT><DD Font="normal"><LA>bei Erzeugungsanlagen und Speichern eine Mindestteillast von maximal 50 Prozent der Gebotsmenge nach § 14 Absatz 4 Nummer 1.</LA></DD></DL>Die Übertragungsnetzbetreiber dürfen in Abstimmung mit der Bundesnetzagentur die Anforderungen nach Satz 1 konkretisieren.</P><P>(2) Die Übertragungsnetzbetreiber müssen in Abstimmung mit der Bundesnetzagentur zusätzliche Anforderungen gemeinsam und einheitlich festlegen: <DL Type="arabic"><DT>1.</DT><DD Font="normal"><LA>für regelbare Lasten Anforderungen an die Lastcharakteristik einschließlich der Anforderungen an die konstante und unterbrechungsfreie Leistungsabnahme sowie der Anforderungen an die Erbringung von Leistungsnachweisen,</LA></DD><DT>2.</DT><DD Font="normal"><LA>für regelbare Lasten Anforderungen an die verbindliche Meldung des für den Folgetag insgesamt geplanten Verbrauchs der Anlage; wobei die Meldung vor Handelsschluss des vortägigen Börsenhandels erfolgen muss,</LA></DD><DT>3.</DT><DD Font="normal"><LA>informationstechnische und organisatorische Anforderungen, die sich an den Anforderungen für die Erbringung von Minutenreserveleistung nach § 3 Nummer 26e des Energiewirtschaftsgesetzes orientieren,</LA></DD><DT>4.</DT><DD Font="normal"><LA>zur erforderlichen Fahrplangenauigkeit für die Aktivierung nach § 25, den Abruf nach § 26, den Funktionstest nach § 28, den Probeabruf nach § 29 sowie Nachbesserungen nach § 30 und</LA></DD><DT>5.</DT><DD Font="normal"><LA>Anforderungen an die Fernsteuerbarkeit der Anlage.</LA></DD></DL></P><P>(3) Die Teilnahme am Beschaffungsverfahren ist für regelbare Lasten auf solche Anlagen beschränkt, die in den der Bekanntmachung nach § 11 vorausgehenden 36 Monaten keine Vergütung für ihre Flexibilität erhalten haben. Die Vergütung im Sinne von Satz 1 gilt als erhalten, wenn die regelbare Last im Rahmen der Teilnahme an den Märkten für Regelenergie einen Zuschlag erhalten hat. Die Sätze 1 und 2 sind unabhängig davon anzuwenden, ob die regelbare Last die Vergütung individuell oder als Teil eines Konsortiums erhalten hat.</P><P>(4) Die Teilnahmevoraussetzungen nach den Absätzen 1 und 2 sind vorbehaltlich einer Präzisierung oder Änderung durch Festlegung der Bundesnetzagentur nach § 42 anzuwenden, sofern eine solche Präzisierung oder Änderung nach den Erfahrungen oder Erwartungen in Bezug auf das Beschaffungsverfahren oder den Betrieb ausnahmsweise erforderlich erscheint.</P></Content></text><fussnoten/></textdaten></norm>
<norm builddate="20240117214503" doknr="BJNR005800019BJNE001200000"><metadaten><jurabk>KapResV</jurabk><enbez>§ 10</enbez><titel format="XML">Sicherheitsleistung</titel></metadaten><textdaten><text format="XML"><Content><P>(1) Jeder Bieter muss bis zum Gebotstermin eine Erstsicherheit leisten. Die Erstsicherheit beträgt 15 Prozent der für ein Vertragsjahr höchstens erzielbaren Vergütung.</P><P>(2) Jeder bezuschlagte Bieter muss zusätzlich zu Absatz 1 spätestens am zehnten Werktag nach Bekanntgabe der Zuschlagserteilung eine Zweitsicherheit in Höhe von 20 Prozent der für den gesamten Erbringungszeitraum angebotenen Vergütung, mindestens jedoch 10 Prozent der für den gesamten Erbringungszeitraum höchstens erzielbaren Vergütung, leisten.</P><P>(3) Für die Berechnung der höchstens erzielbaren Vergütung nach den Absätzen 1 und 2 ist der für die jeweilige Ausschreibung geltende Höchstwert nach § 12 als Zuschlagswert zugrunde zu legen.</P><P>(4) Die Übertragungsnetzbetreiber dürfen Art und Verzinsung der Sicherheitsleistung jeweils vor der Durchführung des Beschaffungsverfahrens in Abstimmung mit der Bundesnetzagentur bestimmen. Treffen sie keine Regelungen, ist die Sicherheitsleistung durch Stellung eines Bürgen zu erbringen. Der Bürge muss eine Person sein, die <DL Type="arabic"><DT>1.</DT><DD Font="normal"><LA>nach § 32 des Kreditwesengesetzes oder nach dem Recht eines Mitgliedstaates der Europäischen Union eine Erlaubnis hat, Bankgeschäfte zu betreiben oder ohne Erlaubnis das Recht hat, Bankgeschäfte in einem Mitgliedstaat der Europäischen Union zu betreiben oder</LA></DD><DT>2.</DT><DD Font="normal"><LA>nach § 8 Absatz 1 des Versicherungsaufsichtsgesetzes oder nach dem Recht eines Mitgliedstaates der Europäischen Union eine Erlaubnis zum Geschäftsbetrieb als Versicherungsunternehmen hat oder ohne Erlaubnis das Recht zum Geschäftsbetrieb als Versicherungsunternehmen in einem Mitgliedstaat der Europäischen Union hat.</LA></DD></DL></P></Content></text></textdaten></norm>
<norm builddate="20240117214503" doknr="BJNR005800019BJNE001300000"><metadaten><jurabk>KapResV</jurabk><enbez>§ 11</enbez><titel format="XML">Bekanntmachung der Beschaffung</titel></metadaten><textdaten><text format="XML"><Content><P>(1) Die Übertragungsnetzbetreiber müssen die Beschaffung spätestens drei Monate vor dem Gebotstermin auf einer gemeinsamen Internetplattform bekannt machen.</P><P>(2) Die Bekanntmachung muss folgende Angaben enthalten: <DL Type="arabic"><DT>1.</DT><DD Font="normal"><LA>den Gebotstermin,</LA></DD><DT>2.</DT><DD Font="normal"><LA>den Umfang der nach § 7 zu beschaffenden Reserveleistung,</LA></DD><DT>3.</DT><DD Font="normal"><LA>die Teilnahmevoraussetzungen und Festlegungen nach § 9 Absatz 1 Satz 2 und Absatz 2, einschließlich eines Hinweises auf die Anforderungen nach § 9 Absatz 1,</LA></DD><DT>4.</DT><DD Font="normal"><LA>den Höchstwert nach § 12 Absatz 2,</LA></DD><DT>5.</DT><DD Font="normal"><LA>den Erbringungszeitraum,</LA></DD><DT>6.</DT><DD Font="normal"><LA>die Art, Form und Verzinsung der Sicherheitsleistung, soweit die Übertragungsnetzbetreiber Bestimmungen nach § 10 Absatz 4 Satz 1 getroffen haben,</LA></DD><DT>7.</DT><DD Font="normal"><LA>die Standardbedingungen für alle Kapazitätsreserveanlagen nach § 37 Absatz 1 Nummer 1,</LA></DD><DT>8.</DT><DD Font="normal"><LA>die Formatvorgaben für die Gebotsabgabe einschließlich der Angabe, ob das Verfahren postalisch oder elektronisch stattfindet, und</LA></DD><DT>9.</DT><DD Font="normal"><LA>die Festlegungen der Bundesnetzagentur nach § 42, soweit sie die Teilnahmevoraussetzungen, die Gebotsabgabe oder das Zuschlagsverfahren betreffen.</LA></DD></DL></P></Content></text></textdaten></norm>
<norm builddate="20240117214503" doknr="BJNR005800019BJNE001400000"><metadaten><jurabk>KapResV</jurabk><enbez>§ 12</enbez><titel format="XML">Höchstwert</titel></metadaten><textdaten><text format="XML"><Content><P>(1) In jeder Ausschreibung ist ein Höchstwert vorgegeben. Der Gebotswert darf den Höchstwert nicht überschreiten.</P><P>(2) Der Höchstwert beträgt 100 000 Euro pro Megawatt pro Jahr. Hat in den drei vorangegangenen Ausschreibungen der Gebotswert des jeweils letzten zum Zuge gekommenen Gebots den jeweils geltenden Höchstwert jeweils um mehr als 10 Prozent unterschritten, reduziert sich der Höchstwert für die folgende Ausschreibung um 5 Prozent.</P><P>(3) Die Bundesnetzagentur kann abweichend von Absatz 2 den Höchstwert für jede Ausschreibung bis spätestens 15 Monate vor dem Gebotstermin durch Festlegung anpassen, höchstens jedoch auf das Zweifache des Höchstwertes nach Absatz 2, wenn aufgrund vorangegangener Ausschreibungen oder Erbringungszeiträume zu erwarten ist, dass der Höchstwert nicht angemessen ist, um die Reserveleistung zu beschaffen.</P></Content></text></textdaten></norm>
<norm builddate="20240117214503" doknr="BJNR005800019BJNE001500000"><metadaten><jurabk>KapResV</jurabk><enbez>§ 13</enbez><titel format="XML">Fristen, Bindung an Gebote</titel></metadaten><textdaten><text format="XML"><Content><P>(1) Jedes Gebot muss den Übertragungsnetzbetreibern spätestens bis zum Gebotstermin zugegangen sein.</P><P>(2) Der Widerruf eines Gebotes ist gegenüber den Übertragungsnetzbetreibern bis zum Gebotstermin zulässig; maßgeblich ist der Zugang bei den Übertragungsnetzbetreibern. Der Widerruf bedarf der Textform nach § 126b des Bürgerlichen Gesetzbuchs und muss das Gebot, das widerrufen werden soll, eindeutig bezeichnen.</P><P>(3) Jeder Bieter ist an sein fristgerecht abgegebenes und nicht widerrufenes Gebot bis zum Ablauf des dritten auf den Gebotstermin folgenden Kalendermonats gebunden.</P></Content></text></textdaten></norm>
<norm builddate="20240117214503" doknr="BJNR005800019BJNE001600000"><metadaten><jurabk>KapResV</jurabk><enbez>§ 14</enbez><titel format="XML">Gebote</titel></metadaten><textdaten><text format="XML"><Content><P>(1) Für jeden Gebotstermin führen die Übertragungsnetzbetreiber ein Ausschreibungsverfahren für die gesamte in diesem Gebotstermin zu beschaffende Reserveleistung durch.</P><P>(2) Jeder Bieter muss sein Gebot verdeckt abgeben. Gebote dürfen nicht bedingt, befristet oder mit einer sonstigen Nebenabrede verbunden werden.</P><P>(3) Jeder Bieter darf in einer Ausschreibung mehrere Gebote abgeben. Die Gebote dürfen sich nicht auf dieselbe Anlage beziehen.</P><P>(4) Jedes Gebot muss zur Durchführung der Ausschreibung die folgenden Angaben enthalten: <DL Type="arabic"><DT>1.</DT><DD Font="normal"><LA>die Gebotsmenge in Megawatt ohne Nachkommastellen,</LA></DD><DT>2.</DT><DD Font="normal"><LA>den Gebotswert mit zwei Nachkommastellen,</LA></DD><DT>3.</DT><DD Font="normal"><LA>Name, Anschrift, Telefonnummer und E-Mail-Adresse des Bieters und</LA></DD><DT>4.</DT><DD Font="normal"><LA>die Anlage, mit der die Reserveleistung erbracht werden soll.</LA></DD></DL></P><P>(5) Handelt es sich bei dem Bieter um eine rechtsfähige Personengesellschaft oder um eine juristische Person, muss jedes Gebot zur Durchführung der Ausschreibung zusätzlich folgende Angaben enthalten: <DL Type="arabic"><DT>1.</DT><DD Font="normal"><LA>den Sitz,</LA></DD><DT>2.</DT><DD Font="normal"><LA>den Namen einer natürlichen Person, die zur Kommunikation mit den Übertragungsnetzbetreibern und zum Abschluss von Rechtsgeschäften nach dieser Verordnung für die rechtsfähige Personengesellschaft oder juristische Person befugt ist,</LA></DD><DT>3.</DT><DD Font="normal"><LA>die Handelsregisternummer, wenn die rechtsfähige Personengesellschaft oder juristische Person im Handelsregister eingetragen ist, und</LA></DD><DT>4.</DT><DD Font="normal"><LA>für den Fall, dass mindestens 25 Prozent der Stimmrechte oder des Kapitals bei anderen rechtsfähigen Personengesellschaften oder juristischen Personen liegen, den Namen und Sitz dieser rechtsfähigen Personengesellschaften oder juristischen Personen.</LA></DD></DL></P><P>(6) Die Gebotsmenge muss jeweils mindestens 5 Megawatt betragen. Sie darf nur aus einer Anlage erbracht werden. Ein Gebot, das sich auf mehrere Anlagen bezieht, ist unzulässig. § 15 bleibt unberührt.</P><P>(7) Die Gebotsmenge und der Gebotswert sind einheitlich für den gesamten Erbringungszeitraum anzugeben.</P></Content></text></textdaten></norm>
<norm builddate="20240117214503" doknr="BJNR005800019BJNE001700000"><metadaten><jurabk>KapResV</jurabk><enbez>§ 15</enbez><titel format="XML">Regeln für die Zusammenlegung</titel></metadaten><textdaten><text format="XML"><Content><P>(1) Um die Anforderungen nach § 9 zu erfüllen, können Betreiber regelbarer Lasten abweichend von § 14 Absatz 6 Satz 2 und 3 ein Konsortium bilden. Das Konsortium wird durch einen Bevollmächtigten als Konsortialführer vertreten und bei einer Ausschreibung als einzelner Bieter behandelt.</P><P>(2) Ein Konsortium darf aus bis zu 20 regelbaren Lasten bestehen. Jede regelbare Last darf bezogen auf das jeweilige Ausschreibungsverfahren nach § 6 nur einem Konsortium angehören. Der Konsortialführer ist gegenüber dem Anschluss-Übertragungsnetzbetreiber für die Durchführung von Aktivierungen, Abrufen und Probeabrufen der in seinem Konsortium gebundenen regelbaren Lasten verantwortlich.</P><P>(3) Alle regelbaren Lasten eines Konsortiums müssen innerhalb der gleichen Regelzone des deutschen Übertragungsnetzes liegen.</P><P>(4) Jede regelbare Last, die einem Konsortium nach Absatz 1 Satz 1 angehört, muss die Anforderungen nach dieser Verordnung vollumfänglich selbst erfüllen, soweit nicht ausdrücklich die Erfüllung durch das Konsortium oder den Konsortialführer vorgesehen ist. Dies ist insbesondere für das Verhältnis zu den Strommärkten nach § 3 sowie die Meldung nach § 9 Absatz 2 Nummer 2 maßgebend.</P></Content></text></textdaten></norm>
<norm builddate="20240117214503" doknr="BJNR005800019BJNE001801126"><metadaten><jurabk>KapResV</jurabk><enbez>§ 16</enbez><titel format="XML">Beizufügende Nachweise und Erklärungen</titel></metadaten><textdaten><text format="XML"><Content><P>Dem Gebot sind in geeigneter Form beizufügen: <DL Type="arabic"><DT>1.</DT><DD Font="normal"><LA>eine Erklärung des Bieters, dass der Bieter kein Unternehmen in Schwierigkeiten im Sinne der Mitteilung der Kommission über Leitlinien für staatliche Beihilfen zur Rettung und Umstrukturierung nichtfinanzieller Unternehmen in Schwierigkeiten (ABl. C 249 vom 31.7.2014, S. 1; C 324 vom 2.10.2015, S. 36) ist,</LA></DD><DT>2.</DT><DD Font="normal"><LA>Nachweise über das Vorliegen aller für den Betrieb der Anlage erforderlichen Genehmigungen für die Dauer des Erbringungszeitraums,</LA></DD><DT>3.</DT><DD Font="normal"><LA>Nachweise über den Anschluss an ein Netz der allgemeinen Versorgung im Bundesgebiet oder im Gebiet des Großherzogtums Luxemburg, das im Normalschaltzustand unmittelbar mit der Höchstspannungsebene eines deutschen oder luxemburgischen Übertragungsnetzbetreibers verbunden ist, einschließlich Angaben zum netztechnischen Standort,</LA></DD><DT>4.</DT><DD Font="normal"><LA>Angaben zu dem Netzbetreiber, an dessen Netz die Anlage angeschlossen ist, dem Anlagentyp und, soweit die Anlage diese Merkmale aufweist, zu dem verwendeten Brennstoff und der Identifikationsnummer der Anlage bei der Bundesnetzagentur,</LA></DD><DT>5.</DT><DD Font="normal"><LA>für eine Anlage, die an ein Verteilernetz angeschlossen ist, eine Bestätigung des jeweiligen Verteilernetzbetreibers, dass dem Transport der bei Aktivierung, Abruf, Funktionstest und Probeabruf der Anlage entstehenden Energiemengen durch das Verteilnetz keine Hindernisse entgegenstehen,</LA></DD><DT>6.</DT><DD Font="normal"><LA>eine Erklärung des Bieters, dass die Anlage die Teilnahmevoraussetzungen nach § 9 für die Dauer des Erbringungszeitraums erfüllt,</LA></DD><DT>7.</DT><DD Font="normal"><LA>Angaben zu minimaler Anfahrzeit aus dem kalten Zustand, Aktivierungszeit, Fähigkeit zur Blindleistungseinspeisung mit Wirkleistungseinspeisung oder ohne Wirkleistungseinspeisung, Schwarzstartfähigkeit, Mindestteillast, Leistungsänderungsgeschwindigkeit und Nettowirkungsgrad der jeweiligen Anlage, soweit die Anlage diese technischen Merkmale aufweist und</LA></DD><DT>8.</DT><DD Font="normal"><LA>einen Nachweis über die Vertretungsmacht der nach § 14 Absatz 5 Nummer 2 benannten natürlichen Person sowie gegebenenfalls des Konsortialführers nach § 15 Absatz 1 Satz 2.</LA></DD></DL></P></Content></text><fussnoten/></textdaten></norm>
<norm builddate="20240117214503" doknr="BJNR005800019BJNE001900000"><metadaten><jurabk>KapResV</jurabk><enbez>§ 17</enbez><titel format="XML">Prüfung und Ausschluss von Geboten und Bietern</titel></metadaten><textdaten><text format="XML"><Content><P>(1) Die Übertragungsnetzbetreiber dürfen die Gebote erst nach Ablauf des Gebotstermins öffnen.</P><P>(2) Die Übertragungsnetzbetreiber müssen anhand der mit den Geboten abgegebenen Nachweise und Erklärungen prüfen, ob die Gebote zulässig sind.</P><P>(3) Die Übertragungsnetzbetreiber müssen unzulässige Gebote ausschließen. Ein Gebot ist unzulässig, wenn <DL Type="arabic"><DT>1.</DT><DD Font="normal"><LA>die Erstsicherheit nach § 10 Absatz 1 nicht, nicht rechtzeitig oder nicht vollständig geleistet wurde,</LA></DD><DT>2.</DT><DD Font="normal"><LA>der Gebotswert den Höchstwert nach § 12 überschreitet,</LA></DD><DT>3.</DT><DD Font="normal"><LA>die Anforderungen des § 14 nicht erfüllt sind,</LA></DD><DT>4.</DT><DD Font="normal"><LA>im Falle der Zusammenlegung die Anforderungen des § 15 nicht erfüllt sind,</LA></DD><DT>5.</DT><DD Font="normal"><LA>die Nachweise oder Erklärungen nach § 16 nicht oder nicht vollständig beigefügt sind,</LA></DD><DT>6.</DT><DD Font="normal"><LA>die Formatvorgaben der Übertragungsnetzbetreiber nach § 37 Absatz 1 Nummer 2 nicht erfüllt sind oder</LA></DD><DT>7.</DT><DD Font="normal"><LA>die Anforderungen einer Festlegung der Bundesnetzagentur zur Gebotsabgabe nach § 42 Nummer 3 nicht erfüllt sind.</LA></DD></DL></P><P>(4) Die Übertragungsnetzbetreiber müssen einen Bieter oder dessen Gebot vom weiteren Verfahren ausschließen, wenn der begründete Verdacht besteht, dass <DL Type="arabic"><DT>1.</DT><DD Font="normal"><LA>der Bieter vorsätzlich oder grob fahrlässig Gebote unter falschen Angaben oder unter Vorlage falscher Nachweise und Erklärungen nach § 16 in dieser oder einer vorangegangenen Ausschreibung abgegeben hat,</LA></DD><DT>2.</DT><DD Font="normal"><LA>eine Anlage des Bieters den Funktionstest nach § 28 Absatz 1 nicht bestehen wird oder</LA></DD><DT>3.</DT><DD Font="normal"><LA>der Bieter mit anderen Bietern oder Dritten Absprachen über die Gebotswerte oder die Gebotsmengen der in dieser oder einer vorangegangenen Ausschreibung abgegebenen Gebote oder sonst wettbewerbswidrige Absprachen getroffen hat.</LA></DD></DL>Dritte im Sinne von Satz 1 Nummer 3 sind Betreiber von Anlagen, die die Teilnahmevoraussetzungen für die Kapazitätsreserve erfüllen, jedoch in der Ausschreibung, auf die sich der Verdacht der Absprache bezieht, kein Gebot abgegeben haben.</P></Content></text></textdaten></norm>
<norm builddate="20240117214503" doknr="BJNR005800019BJNE002000000"><metadaten><jurabk>KapResV</jurabk><enbez>§ 18</enbez><titel format="XML">Zuschlag</titel></metadaten><textdaten><text format="XML"><Content><P>(1) Die Übertragungsnetzbetreiber sollen den Zuschlag spätestens 75 Tage nach dem jeweiligen Gebotstermin erteilen. Überschreiten die Übertragungsnetzbetreiber die Frist nach Satz 1, müssen sie dies unverzüglich auf der gemeinsamen Internetplattform unter Angabe der zu erwartenden Verzögerung bekannt machen und die Bundesnetzagentur über die Gründe für die Verzögerung unterrichten.</P><P>(2) Mit Erteilung des Zuschlags wird zwischen dem Anschluss-Übertragungsnetzbetreiber und dem Bieter, dessen Gebot einen Zuschlag erhalten hat, ein Vertrag zu den im Rahmen der Bekanntmachung veröffentlichten Standardbedingungen (Kapazitätsreservevertrag) unter der aufschiebenden Bedingung geschlossen, dass der Bieter die Zweitsicherheit nach § 10 Absatz 2 fristgerecht und vollständig leistet.</P><P>(3) Überschreitet die Summe der Gebotsmengen aller zulässigen Gebote den Umfang der nach § 7 zu beschaffenden Reserveleistung nicht, müssen die Übertragungsnetzbetreiber allen zulässigen Geboten einen Zuschlag erteilen.</P><P>(4) Überschreitet die Summe der Gebotsmengen aller zulässigen Gebote den Umfang der nach § 7 zu beschaffenden Reserveleistung, müssen die Übertragungsnetzbetreiber den Zuschlag nach dem Verfahren nach den Absätzen 5 und 6 erteilen.</P><P>(5) Die Übertragungsnetzbetreiber erstellen eine Rangfolge der zulässigen Gebote. Der Rang eines Gebots bestimmt sich nach dem jeweiligen Gebotswert, hilfsweise nach der jeweiligen Gebotsmenge, im Falle von Erzeugungsanlagen äußerst hilfsweise nach dem jeweiligen Wirkungsgrad bei Netto-Nennleistung und im Übrigen nach Los. Bei Geboten mit unterschiedlichen Gebotswerten bestimmt sich der Rang nach dem jeweiligen Gebotswert in aufsteigender Reihenfolge, beginnend mit dem Gebot mit dem niedrigsten Gebotswert. Bei Geboten mit gleichem Gebotswert bestimmt sich der Rang nach der jeweiligen Gebotsmenge in aufsteigender Reihenfolge, beginnend mit dem Gebot mit der niedrigsten Gebotsmenge. Sind Gebotswert und Gebotsmenge gleich, entscheidet im Falle der Gleichrangigkeit von Erzeugungsanlagen der höhere Nettowirkungsgrad über den Rang, in allen anderen Fällen entscheidet das Los über den Rang. Sind Gebotswert, Gebotsmenge und Wirkungsgrad von Erzeugungsanlagen gleich, entscheidet das Los über den Rang.</P><P>(6) Die Übertragungsnetzbetreiber erteilen den zulässigen Geboten in der Rangfolge nach Absatz 5 Satz 1 einen Zuschlag im Umfang der jeweiligen Gebotsmenge bis die nach § 7 zu beschaffende Reserveleistung durch den Zuschlag zu einem Gebot erreicht oder erstmals überschritten ist (Zuschlagsgrenze). Geboten oberhalb der Zuschlagsgrenze wird kein Zuschlag erteilt. Abweichend von Satz 1 erteilen die Übertragungsnetzbetreiber keinen weiteren Zuschlag, wenn 95 Prozent der zu beschaffenden Reserveleistung erreicht sind und mit einem weiteren Zuschlag die zu beschaffende Reserveleistung um mehr als 5 Prozent überschritten würde.</P><P>(7) Die Übertragungsnetzbetreiber müssen Bieter, deren Gebote einen Zuschlag erhalten haben, unverzüglich über den Vertragsschluss unterrichten.</P><P>(8) Wird ein Vertrag nicht wirksam, weil der Bieter die Zweitsicherheit nach § 10 Absatz 2 nicht, nicht vollständig oder nicht rechtzeitig geleistet hat, müssen die Übertragungsnetzbetreiber das Verfahren wieder eröffnen und den in der Rangfolge nach Absatz 5 nächsten Geboten einen Zuschlag erteilen, bis die Zuschlagsgrenze erreicht oder überschritten ist.</P><P>(9) Unterschreitet die Summe der Gebotsmengen aller wirksam geschlossenen Verträge den Umfang der nach § 7 zu beschaffenden Reserveleistung, sollen die Übertragungsnetzbetreiber innerhalb eines angemessenen Zeitraums eine Nachbeschaffung nach § 23 durchführen.</P></Content></text></textdaten></norm>
<norm builddate="20240117214503" doknr="BJNR005800019BJNE002100000"><metadaten><jurabk>KapResV</jurabk><enbez>§ 19</enbez><titel format="XML">Vergütung</titel></metadaten><textdaten><text format="XML"><Content><P>(1) Die Betreiber der Kapazitätsreserveanlagen erhalten im Erbringungszeitraum eine jährliche Vergütung in Höhe des Produkts aus Zuschlagswert und Gebotsmenge. Zusätzlich erhalten sie im Erbringungszeitraum die nach Absatz 4 zu erstattenden Kosten.</P><P>(2) Der Zuschlagswert für alle Kapazitätsreserveanlagen entspricht <DL Type="arabic"><DT>1.</DT><DD Font="normal"><LA>bei einem Zuschlag nach § 18 Absatz 3 dem Gebotswert desjenigen Gebots, das den höchsten Gebotswert aufweist und</LA></DD><DT>2.</DT><DD Font="normal"><LA>bei einem Zuschlag nach § 18 Absatz 4 bis 6 dem Gebotswert desjenigen Gebots, mit dessen Bezuschlagung die Zuschlagsgrenze erreicht oder überschritten wird.</LA></DD></DL></P><P>(3) Die jährliche Vergütung umfasst <DL Type="arabic"><DT>1.</DT><DD Font="normal"><LA>bis zu 16 Einsätze in der Kapazitätsreserve pro Vertragsjahr mit einer Dauer des Abrufs von jeweils bis zu 12 Stunden,</LA></DD><DT>2.</DT><DD Font="normal"><LA>den oder die Funktionstests nach § 28,</LA></DD><DT>3.</DT><DD Font="normal"><LA>den oder die Probeabrufe nach § 29 und</LA></DD><DT>4.</DT><DD Font="normal"><LA>erforderliche Nachbesserungen nach § 30.</LA></DD></DL></P><P>(4) Gegen Nachweis gesondert zu erstatten sind <DL Type="arabic"><DT>1.</DT><DD Font="normal"><LA>zusätzlich anfallende Kosten für die Erfüllung besonderer technischer Anforderungen aus der Netzreserve, für Einsätze in der Netzreserve sowie für Einsätze in der Kapazitätsreserve, die über die nach Absatz 3 Nummer 1 abgegoltene Anzahl von Einsätzen hinausgehen,</LA></DD><DT>2.</DT><DD Font="normal"><LA>Kosten, die dafür entstehen, dass auf Anforderung der Übertragungsnetzbetreiber die Schwarzstartfähigkeit einer Anlage hergestellt oder aufrechterhalten wird,</LA></DD><DT>3.</DT><DD Font="normal"><LA>Kosten, die dafür entstehen, dass auf Anforderung der Übertragungsnetzbetreiber die Fähigkeit zur Blindleistungseinspeisung ohne Wirkleistungseinspeisung hergestellt oder aufrechterhalten wird, und</LA></DD><DT>4.</DT><DD Font="normal"><LA>Kosten für die Ausgleichsenergie, die während Einspeisungen oder Reduktionen des Wirkleistungsbezugs auf Anforderung der Übertragungsnetzbetreiber im Rahmen der Bewirtschaftung des Bilanzkreises nach § 24 Absatz 5 Satz 1 entstehen, soweit sie nicht ausdrücklich vom Anlagenbetreiber zu tragen sind; Erlöse aus dieser Bewirtschaftung sind von den Kosten abzuziehen und im Falle von Überschüssen an die Übertragungsnetzbetreiber zu erstatten.</LA></DD></DL></P><P>(5) Gesondert erstattungsfähig nach Absatz 4 Nummer 1 sind insbesondere Kosten für die für Anpassungen der Einspeisung von Wirkleistung oder Blindleistung oder für die Reduktion des Wirkleistungsbezugs benötigten Brennstoffe, Emissionszertifikate und sonstigen Roh-, Hilfs- und Betriebsstoffe, start- oder betriebsstundenabhängige Instandhaltungskosten sowie im Falle regelbarer Lasten Opportunitätskosten. Diese Kosten werden erstattet, wenn und soweit sie aufgrund einer Anforderung der Übertragungsnetzbetreibers entstanden sind. § 21 Absatz 2 Satz 2 des Energiewirtschaftsgesetzes ist entsprechend anzuwenden.</P><P>(6) Für die Abgrenzung der start- oder betriebsstundenabhängigen Instandhaltungskosten nach Absatz 4 Nummer 1 gegenüber den Kosten nach Absatz 3 können die Übertragungsnetzbetreiber eine Schlüsselung vorsehen. Als Schlüssel können die Anzahl der Starts und Betriebsstunden der Anlage für die jeweilige Art des Einsatzes im Verhältnis zur Gesamtanzahl der Starts und Betriebsstunden pro Vertragsjahr oder pro Erbringungszeitraum angesetzt werden.</P><P>(7) Nicht gesondert erstattungsfähig sind Personalkosten, start- und betriebsstundenunabhängige Instandhaltungskosten, Kosten für die Brennstofflagerungsinfrastruktur sowie Kosten für die Gastransportkapazität.</P></Content></text></textdaten></norm>
<norm builddate="20240117214503" doknr="BJNR005800019BJNE002200000"><metadaten><jurabk>KapResV</jurabk><enbez>§ 20</enbez><titel format="XML">Teilnahme von Anlagen der Netzreserve</titel></metadaten><textdaten><text format="XML"><Content><P>(1) Jeder Betreiber einer Anlage, die bereits als Netzreserve verpflichtet ist, kann für diese Anlage Gebote in der Ausschreibung der Kapazitätsreserve abgeben, wenn sie alle technischen und sonstigen Anforderungen nach dieser Verordnung erfüllt. Erhält ein solches Gebot einen Zuschlag, richtet sich die zu zahlende Vergütung ausschließlich nach § 13e Absatz 3 des Energiewirtschaftsgesetzes und § 19 dieser Verordnung.</P><P>(2) Die Verpflichtung nach § 7 der Netzreserveverordnung die Einspeisung anzupassen, bleibt unberührt. Die Anlage muss für die Netzreserve weiterhin diejenige Leistung dauerhaft zur Verfügung stellen, die sie vor der Teilnahme an der Kapazitätsreserve zur Verfügung gestellt hat.</P><P>(3) Im Falle des Absatzes 1 Satz 2 müssen die Übertragungsnetzbetreiber und die Anlagenbetreiber zwischen ihnen bestehende Verträge entsprechend der Vorgaben der Absätze 1 und 2 anpassen. Vereinbarte technische Anforderungen bleiben auf Anforderung der Übertragungsnetzbetreiber erhalten.</P></Content></text></textdaten></norm>
<norm builddate="20240117214503" doknr="BJNR005800019BJNE002300000"><metadaten><jurabk>KapResV</jurabk><enbez>§ 21</enbez><titel format="XML">Rechte und Pflichten aus dem Kapazitätsreservevertrag, Änderung und Übertragung des Vertrages</titel></metadaten><textdaten><text format="XML"><Content><P>(1) Der Kapazitätsreservevertrag kann von den Vertragsparteien nicht nachträglich so geändert werden, dass die Reserveleistung durch eine andere als die im Gebot bezeichnete Anlage erbracht werden kann.</P><P>(2) Die Rechte und Pflichten aus dem Kapazitätsreservevertrag nach § 18 Absatz 2 sind nur gemeinsam mit der Nutzungsberechtigung an der Anlage, einschließlich des Grundstücks, sowie aller für den Betrieb der Anlage erforderlichen Genehmigungen und Anlagenteile übertragbar. Hierbei muss gewährleistet sein, dass die im Gebot bezeichnete Anlage weiterhin im vertraglich vereinbarten Umfang Reserveleistung für die Kapazitätsreserve zur Verfügung stellt.</P></Content></text></textdaten></norm>
<norm builddate="20240117214503" doknr="BJNR005800019BJNE002400000"><metadaten><jurabk>KapResV</jurabk><enbez>§ 22</enbez><titel format="XML">Kündigung des Vertrages</titel></metadaten><textdaten><text format="XML"><Content><P>(1) Der nach § 18 Absatz 2 geschlossene Vertrag kann ausschließlich bei Vorliegen eines Grundes nach Absatz 2 oder bei Vorliegen der Voraussetzungen nach § 314 des Bürgerlichen Gesetzbuchs gekündigt werden.</P><P>(2) Der Anschluss-Übertragungsnetzbetreiber kann insbesondere den Vertrag kündigen, wenn <DL Type="arabic"><DT>1.</DT><DD Font="normal"><LA>die Anlage den Funktionstest nicht innerhalb des Zeitraums nach § 28 Absatz 3 Satz 4 besteht,</LA></DD><DT>2.</DT><DD Font="normal"><LA>die Nachbesserung nach § 30 nicht oder nicht innerhalb der nach § 30 Absatz 3 Satz 1 vorgesehenen Frist erfolgt,</LA></DD><DT>3.</DT><DD Font="normal"><LA>die Kapazitätsreserveanlage vor oder während des Erbringungszeitraums die Eignung zur Vorhaltung der Reserveleistung dauerhaft verliert oder</LA></DD><DT>4.</DT><DD Font="normal"><LA>die Voraussetzungen für einen Rücktritt nach § 323 des Bürgerlichen Gesetzbuchs vorliegen.</LA></DD></DL></P></Content></text></textdaten></norm>
<norm builddate="20240117214503" doknr="BJNR005800019BJNE002500000"><metadaten><jurabk>KapResV</jurabk><enbez>§ 23</enbez><titel format="XML">Nachbeschaffung</titel></metadaten><textdaten><text format="XML"><Content><P>(1) Die Übertragungsnetzbetreiber sollen die Reserveleistung in Abstimmung mit der Bundesnetzagentur in Verfahren zusätzlich zu den nach § 8 Absatz 1 vorgesehenen Verfahren beschaffen, wenn <DL Type="arabic"><DT>1.</DT><DD Font="normal"><LA>nach § 13e Absatz 5 des Energiewirtschaftsgesetzes eine Anpassung der Größe der Kapazitätsreserve erfolgt, die nicht im Verfahren nach § 8 umgesetzt werden kann,</LA></DD><DT>2.</DT><DD Font="normal"><LA>dies aufgrund von Vertragsbeendigungen nach § 22 für die Erfüllung der Reservefunktion erforderlich ist oder</LA></DD><DT>3.</DT><DD Font="normal"><LA>im Rahmen von Ausschreibungen nach § 8 nicht die gesamte nach § 7 zu beschaffende Reserveleistung gebunden werden konnte.</LA></DD></DL></P><P>(2) Für die Nachbeschaffung nach Absatz 1 sind die Vorschriften zum Beschaffungsverfahren entsprechend anzuwenden, wobei die vorgesehenen Fristen angepasst werden können. Der Erbringungszeitraum für die im Wege der Nachbeschaffung gebundene Reserveleistung endet mit dem Beginn des jeweils folgenden Erbringungszeitraums nach § 8 Absatz 1. Die Übertragungsnetzbetreiber führen die Nachbeschaffung nach Absatz 1 Nummer 3 erst nach Ablauf der Frist nach § 10 Absatz 2 durch.</P><P>(3) Ist die Nachbeschaffung nach Absatz 1 Nummer 3 nicht erfolgreich, entscheidet die Bundesnetzagentur über geeignete Maßnahmen zur Beschaffung der notwendigen Reserveleistung durch die Übertragungsnetzbetreiber. Sie kann hierzu Analysen von den Übertragungsnetzbetreibern anfordern.</P></Content></text></textdaten></norm>
<norm builddate="20240117214503" doknr="BJNR005800019BJNG000300000"><metadaten><jurabk>KapResV</jurabk><gliederungseinheit><gliederungskennzahl>030</gliederungskennzahl><gliederungsbez>Teil 3</gliederungsbez><gliederungstitel>Einsatz der Kapazitätsreserve</gliederungstitel></gliederungseinheit></metadaten><textdaten/></norm>
<norm builddate="20240117214503" doknr="BJNR005800019BJNE002600000"><metadaten><jurabk>KapResV</jurabk><enbez>§ 24</enbez><titel format="XML">Grundsätze</titel></metadaten><textdaten><text format="XML"><Content><P>(1) Die Übertragungsnetzbetreiber dürfen die Kapazitätsreserve ausschließlich als Systemdienstleistung einsetzen. Die Verbote nach § 3 Absatz 2 Satz 1 und 2 sind entsprechend anzuwenden.</P><P>(2) Die Übertragungsnetzbetreiber müssen die Kapazitätsreserve auf Grundlage der ihnen zur Verfügung stehenden Prognosen unter Berücksichtigung der technischen Randbedingungen einsetzen. Der Einsatz erfolgt nachrangig zu anderen geeigneten Maßnahmen nach § 13 Absatz 1 Nummer 1 und 2 des Energiewirtschaftsgesetzes, soweit diese zur Gewährleistung der Sicherheit und Zuverlässigkeit des Elektrizitätsversorgungssystems ausreichend sind.</P><P>(3) Die Übertragungsnetzbetreiber informieren die Marktteilnehmer und die Betreiber derjenigen Netze, in die die Kapazitätsreserveanlagen eingebunden sind, unverzüglich und auf geeignete Art und Weise über die Aktivierung und den Abruf der Kapazitätsreserve. Die Information soll insbesondere den Zeitpunkt, die Zeitdauer und den Umfang der Aktivierung und des Abrufs enthalten. Die Übertragungsnetzbetreiber informieren die Betreiber derjenigen Netze, in die die Kapazitätsreserveanlagen eingebunden sind, zudem vor der Durchführung über Funktionstests und Probeabrufe.</P><P>(4) Kapazitätsreserveanlagen, die sich an für den Einsatz als Netzreserve geeigneten Standorten befinden, müssen auf Anforderung der Übertragungsnetzbetreiber auch nach § 7 der Netzreserveverordnung einspeisen.</P><P>(5) Der Betreiber der Kapazitätsreserveanlage muss die Anlage in einem separaten Bilanzkreis führen, in dem ausschließlich diese Kapazitätsreserveanlage geführt wird. Die beim Einsatz der Kapazitätsreserveanlagen erzeugten oder durch Lastverzicht zur Verfügung stehenden Strommengen sind ausschließlich in dem jeweiligen Bilanzkreis nach Satz 1 zu führen. Dies ist auch maßgebend für die Strommengen aus <DL Type="arabic"><DT>1.</DT><DD Font="normal"><LA>Anfahrvorgängen nach § 3 Absatz 1 Satz 2,</LA></DD><DT>2.</DT><DD Font="normal"><LA>Funktionstests nach § 28,</LA></DD><DT>3.</DT><DD Font="normal"><LA>Probeabrufen und Testfahrten nach § 29 oder</LA></DD><DT>4.</DT><DD Font="normal"><LA>Nachbesserungen nach § 30.</LA></DD></DL></P></Content></text></textdaten></norm>
<norm builddate="20240117214503" doknr="BJNR005800019BJNE002700000"><metadaten><jurabk>KapResV</jurabk><enbez>§ 25</enbez><titel format="XML">Aktivierung</titel></metadaten><textdaten><text format="XML"><Content><P>(1) Um sicherzustellen, dass die Anlagen zum notwendigen Zeitpunkt die vollständige Reserveleistung einspeisen können, müssen die Übertragungsnetzbetreiber die Kapazitätsreserveanlagen aktivieren, wenn: <DL Type="arabic"><DT>1.</DT><DD Font="normal"><LA>bei der letzten Auktion des vortägigen Handels an der Strombörse die Markträumung ausbleibt,</LA></DD><DT>2.</DT><DD Font="normal"><LA>bei der Eröffnungsauktion des untertägigen Handels an der Strombörse die Markträumung ausbleibt oder</LA></DD><DT>3.</DT><DD Font="normal"><LA>im untertägigen, kontinuierlichen Handel an der Strombörse für eine Fahrplanviertelstunde offene Kaufgebote in Höhe des technischen Preislimits eingestellt sind, die nicht innerhalb einer Stunde vollständig erfüllt werden.</LA></DD></DL>Bei der Aktivierung haben die Übertragungsnetzbetreiber jeweils die Anfahrtszeit zu berücksichtigen. Strombörse im Sinne von Satz 1 ist die Strombörse, die im ersten Quartal des vorangegangenen Kalenderjahres das höchste Handelsvolumen für Stundenkontrakte für die Preiszone Deutschland am Spotmarkt aufgewiesen hat. Die Übertragungsnetzbetreiber veröffentlichen die Strombörse im Sinne von Satz 1 auf der gemeinsamen Internetplattform.</P><P>(2) Die Übertragungsnetzbetreiber müssen im Regelfall alle Kapazitätsreserveanlagen aktivieren. Sie sind befugt, nur einen Teil der Anlagen zu aktivieren, wenn dies nach ihren Prognosen ausreicht, um eine Gefährdung oder Störung der Sicherheit oder Zuverlässigkeit des Elektrizitätsversorgungssystems zu vermeiden oder zu beseitigen. Sie müssen diese Anlagen anhand technischer Eignung und ökonomischer Kriterien auswählen.</P><P>(3) Um die infolge der Aktivierung der Kapazitätsreserveanlagen eingespeisten Strommengen auszugleichen, sind die Übertragungsnetzbetreiber berechtigt und verpflichtet, von den Betreibern der in den Strommärkten aktiven Anlagen zu verlangen, dass diese in vergleichbarem Umfang die Wirkleistungseinspeisung ihrer Anlagen anpassen. Die Übertragungsnetzbetreiber müssen diese Anlagen anhand ihrer technischen Eignung und anhand ökonomischer Kriterien auswählen. § 13a Absatz 1 Satz 1 des Energiewirtschaftsgesetzes ist entsprechend anzuwenden. Die Sätze 1 bis 3 sind für die Strommengen nach § 3 Absatz 1 Satz 2 und den §§ 28 bis 30 entsprechend anzuwenden.</P><P>(4) Maßnahmen, die nach § 13 Absatz 2 des Energiewirtschaftsgesetzes erforderlich sind, bleiben von Absatz 1 unberührt.</P></Content></text></textdaten></norm>
<norm builddate="20240117214503" doknr="BJNR005800019BJNE002800000"><metadaten><jurabk>KapResV</jurabk><enbez>§ 26</enbez><titel format="XML">Abruf</titel></metadaten><textdaten><text format="XML"><Content><P>(1) Der Abruf erfolgt nachrangig zu Maßnahmen nach § 13 Absatz 1 Nummer 1 und 2 des Energiewirtschaftsgesetzes. Der Abruf kann im Verhältnis zur Regelenergie abweichend von Satz 1 erfolgen, wenn dies für einen sicheren und zuverlässigen Betrieb des Übertragungsnetzes erforderlich ist.</P><P>(2) Die Abrufdauer beträgt jeweils bis zu 12 Stunden. Zwischen einzelnen Abrufen liegen mindestens sechs Stunden. Der Anlagenbetreiber darf auf den Zeitraum zwischen zwei Abrufen nach Satz 2 verzichten, indem er dies dem Anschluss-Übertragungsnetzbetreiber vorab, spätestens jedoch zum Zeitpunkt des Handelsschlusses des vortägigen Börsenhandels, mitteilt.</P><P>(3) Maßnahmen, die nach § 13 Absatz 2 des Energiewirtschaftsgesetzes erforderlich sind, bleiben von Absatz 1 unberührt.</P><P>(4) Der Datenaustausch zum Abruf der Kapazitätsreserveanlage erfolgt entsprechend den Vorgaben des jeweiligen Anschluss-Übertragungsnetzbetreibers.</P></Content></text></textdaten></norm>
<norm builddate="20240117214503" doknr="BJNR005800019BJNE002900000"><metadaten><jurabk>KapResV</jurabk><enbez>§ 27</enbez><titel format="XML">Verfügbarkeit</titel></metadaten><textdaten><text format="XML"><Content><P>(1) Die Aktivierung und der Abruf von Kapazitätsreserveanlagen mit der vollständigen Reserveleistung müssen jederzeit während des gesamten Erbringungszeitraums möglich sein, mit Ausnahme der nach den Absätzen 2 oder 3 zulässigen geplanten oder ungeplanten Nichtverfügbarkeiten. Die Anlagen müssen außerhalb des Zeitraums zulässiger Nichtverfügbarkeiten nach Absatz 3 Satz 1 die Anforderungen nach § 9 erfüllen.</P><P>(2) Geplante Nichtverfügbarkeiten sind Nichtverfügbarkeiten aufgrund von technisch notwendigen Instandhaltungsmaßnahmen, deren Notwendigkeit der Betreiber dem Anschluss-Übertragungsnetzbetreiber bis zum 31. Juli eines Kalenderjahres für das jeweils folgende Kalenderjahr mitgeteilt hat. Als ungeplant gelten solche Nichtverfügbarkeiten, deren Notwendigkeit erst nach Ablauf der Frist nach Satz 1 entsteht oder die im Falle der Entstehung vor der Frist nach Satz 1 auch bei Einhaltung der im Verkehr erforderlichen Sorgfalt erst nach Ablauf der Frist erkennbar waren. Dies gilt unabhängig davon, ob die Instandhaltungsmaßnahme unverzüglich durchgeführt werden muss oder für einen späteren Zeitpunkt geplant ist. Ungeplante Nichtverfügbarkeiten muss der Betreiber der Kapazitätsreserveanlage dem Anschluss-Übertragungsnetzbetreiber unverzüglich melden, nachdem er Kenntnis hierüber erlangt hat. Der Anschluss-Übertragungsnetzbetreiber kann verlangen, dass die Instandhaltungsmaßnahmen zu einem anderen Zeitpunkt durchgeführt werden, wenn und soweit dies für die Funktionsfähigkeit der Kapazitätsreserve erforderlich sowie technisch und rechtlich möglich ist.</P><P>(3) Nichtverfügbarkeiten nach Absatz 2 sind zulässig, wenn und soweit die Kapazitätsreserveanlagen in einem Vertragsjahr insgesamt nicht mehr als drei Monate nicht verfügbar sind und die Nichtverfügbarkeiten rechtzeitig im Sinne von Absatz 2 Satz 1 und 4 mitgeteilt worden sind. Bei zulässigen Nichtverfügbarkeiten besteht der Vergütungsanspruch nach § 19 Absatz 1 auch während der Nichtverfügbarkeit fort. Aktivierungen nach § 25, Abrufe nach § 26 und Probeabrufe nach § 29 sind während zulässiger Nichtverfügbarkeiten untersagt.</P></Content></text></textdaten></norm>
<norm builddate="20240117214503" doknr="BJNR005800019BJNE003000000"><metadaten><jurabk>KapResV</jurabk><enbez>§ 28</enbez><titel format="XML">Funktionstest</titel></metadaten><textdaten><text format="XML"><Content><P>(1) Der Anschluss-Übertragungsnetzbetreiber führt für jede Kapazitätsreserveanlage einen Funktionstest durch, um zu überprüfen, ob die Kapazitätsreserveanlagen die Teilnahmevoraussetzungen nach § 9 erfüllen. Der Funktionstest umfasst insbesondere die Aktivierung und für eine Dauer von bis zu 12 Stunden den Abruf mit der vollständigen Reserveleistung. Der Anschluss-Übertragungsnetzbetreiber kann im Rahmen des Funktionstests auch die Angaben des Anlagenbetreibers nach § 16 Nummer 7 überprüfen.</P><P>(2) Der Anschluss-Übertragungsnetzbetreiber führt den Funktionstest einer Kapazitätsreserveanlage innerhalb der zwei Monate durch, die dem Beginn des jeweiligen Erbringungszeitraums unmittelbar vorausgehen. Er muss den Zeitpunkt des Funktionstests mit dem Betreiber der Anlage abstimmen.</P><P>(3) Erfüllt eine Kapazitätsreserveanlage die Teilnahmevoraussetzungen nach § 9 in einem Funktionstest nach Absatz 1 nicht, kann der Betreiber vom Anschluss-Übertragungsnetzbetreiber die Wiederholung des Funktionstests verlangen. Der Anschluss-Übertragungsnetzbetreiber muss die Wiederholung des Funktionstests unverzüglich nach Verlangen des Betreibers durchführen. Der Funktionstest kann mehrfach wiederholt werden. Der Anspruch des Betreibers auf Wiederholung erlischt sechs Monate nach dem Beginn des Erbringungszeitraums.</P></Content></text><fussnoten><Content><P>(+++ § 28: Zur Anwendung vgl. § 25 Abs. 3 Satz 4 iVm Sätze 1 bis 3 +++)</P></Content></fussnoten></textdaten></norm>
<norm builddate="20240117214503" doknr="BJNR005800019BJNE003100000"><metadaten><jurabk>KapResV</jurabk><enbez>§ 29</enbez><titel format="XML">Probeabrufe, Testfahrten</titel></metadaten><textdaten><text format="XML"><Content><P>(1) Der jeweilige Anschluss-Übertragungsnetzbetreiber muss wenigstens einmal und darf höchstens zweimal pro Vertragsjahr Probeabrufe der Kapazitätsreserveanlage mit der vollständigen Reserveleistung für eine Dauer von bis zu 12 Stunden ohne Vorankündigung gegenüber dem Betreiber durchführen. Die Übertragungsnetzbetreiber können für die Durchführung der Probeabrufe weitere Anforderungen bestimmen. Probeabrufe dürfen erst nach einem erfolgreichen Funktionstest nach § 28 durchgeführt werden. War der Funktionstest hinsichtlich einer Teilmenge der Reserveleistung erfolgreich, sind Probeabrufe für diese Teilmenge zulässig.</P><P>(2) Die Anzahl der Probeabrufe verringert sich um je einen Probeabruf für jeden Abruf im Rahmen der Kapazitätsreserve; es sei denn, die Anlage hat die angeforderte Leistung nicht, nicht vollständig oder nicht rechtzeitig erbracht.</P><P>(3) Betreiber von Kapazitätsreserveanlagen dürfen Testfahrten der Kapazitätsreserveanlage durchführen, wenn und soweit dies aus technischen Gründen erforderlich ist. Die Kosten hierfür, einschließlich der Kosten für Ausgleichsenergie, trägt der Betreiber der Anlage. Der Zeitpunkt der Testfahrt ist vor der geplanten Durchführung mit dem Anschluss-Übertragungsnetzbetreiber abzustimmen und im Falle von im Verteilernetz angeschlossenen Anlagen dem Verteilernetzbetreiber schriftlich oder elektronisch mitzuteilen. Der Anschluss-Übertragungsnetzbetreiber kann verlangen, dass die Testfahrt zu einem anderen Zeitpunkt durchgeführt wird, wenn und soweit dies für die Funktionsfähigkeit der Kapazitätsreserve erforderlich und technisch möglich ist. Die Dauer einer Testfahrt soll 12 Stunden nicht überschreiten. Testfahrten verringern nicht die Anzahl der Probeabrufe nach Absatz 1.</P></Content></text><fussnoten><Content><P>(+++ § 29: Zur Anwendung vgl. § 25 Abs. 3 Satz 4 iVm Sätze 1 bis 3 +++) <BR/>(+++ § 29 Abs. 1 Satz 4: Zur Anwendung vgl. § 30 Abs. 2 Satz 3 +++)</P></Content></fussnoten></textdaten></norm>
<norm builddate="20240117214503" doknr="BJNR005800019BJNE003200000"><metadaten><jurabk>KapResV</jurabk><enbez>§ 30</enbez><titel format="XML">Nachbesserung</titel></metadaten><textdaten><text format="XML"><Content><P>(1) Erbringt die Kapazitätsreserveanlage in den Fällen der Aktivierung nach § 25, des Abrufs nach § 26 oder des Probeabrufs nach § 29 Absatz 1 die vertraglich vereinbarte Leistung gar nicht, nicht rechtzeitig oder nicht vollständig, so muss der Betreiber innerhalb angemessener Frist nachbessern.</P><P>(2) Der Nachweis der Nachbesserung nach Absatz 1 erfolgt mittels eines Funktionstests entsprechend § 28 Absatz 1. Bis zum Nachweis der Nachbesserung sind weitere Aktivierungen, Abrufe oder Probeabrufe unzulässig. § 29 Absatz 1 Satz 4 ist entsprechend anzuwenden.</P><P>(3) Als angemessene Frist zur Nachbesserung gilt ein Zeitraum von bis zu sechs Monaten ab der Nichtverfügbarkeit nach Absatz 1. Bis zum Nachweis der Nachbesserung erhält der Betreiber keine Vergütung für die betroffene Kapazitätsreserveanlage und der Vergütungsanspruch für diesen Zeitraum entfällt.</P></Content></text><fussnoten><Content><P>(+++ § 30: Zur Anwendung vgl. § 25 Abs. 3 Satz 4 iVm Sätze 1 bis 3 +++)</P></Content></fussnoten></textdaten></norm>
<norm builddate="20240117214503" doknr="BJNR005800019BJNG000400000"><metadaten><jurabk>KapResV</jurabk><gliederungseinheit><gliederungskennzahl>040</gliederungskennzahl><gliederungsbez>Teil 4</gliederungsbez><gliederungstitel>Abrechnung</gliederungstitel></gliederungseinheit></metadaten><textdaten/></norm>
<norm builddate="20240117214503" doknr="BJNR005800019BJNE003300000"><metadaten><jurabk>KapResV</jurabk><enbez>§ 31</enbez><titel format="XML">Abrechnung zwischen Übertragungsnetzbetreiber und Betreiber der Kapazitätsreserveanlage</titel></metadaten><textdaten><text format="XML"><Content><P>(1) Die Vergütung nach § 19 Absatz 1 Satz 1 muss der jeweilige Anschluss-Übertragungsnetzbetreiber monatlich jeweils zum zehnten Werktag anteilig für den vorangegangenen Monat an den Betreiber der Kapazitätsreserveanlage zahlen. Sonnabend, Sonntag und bundesweit einheitliche gesetzliche Feiertage sind keine Werktage im Sinne von Satz 1.</P><P>(2) Kosten, die nach § 19 Absatz 4 gesondert zu erstatten sind, erstattet der jeweilige Anschluss-Übertragungsnetzbetreiber dem Betreiber der Kapazitätsreserveanlage, sobald und soweit dieser sie dargelegt und nachgewiesen hat.</P></Content></text></textdaten></norm>
<norm builddate="20240117214503" doknr="BJNR005800019BJNE003400000"><metadaten><jurabk>KapResV</jurabk><enbez>§ 32</enbez><titel format="XML">Abrechnung zwischen Übertragungsnetzbetreiber und Bilanzkreisverantwortlichem</titel></metadaten><textdaten><text format="XML"><Content><P>(1) Die Übertragungsnetzbetreiber rechnen Bilanzkreisunterspeisungen und Bilanzkreisüberspeisungen für die Fahrplanviertelstunden, in denen ein Abruf nach § 26 erfolgt ist, im Rahmen der Ausgleichsenergieabrechnung nach § 8 Absatz 2 der Stromnetzzugangsverordnung ab.</P><P>(2) Die Preise für die Ausgleichsenergie, die nach Absatz 1 den Bilanzkreisverantwortlichen für Bilanzkreisunterspeisungen in Rechnung gestellt werden, betragen mindestens das Zweifache des im untertägigen Börsenhandel höchsten zulässigen Gebotspreises, wenn <DL Type="arabic"><DT>1.</DT><DD Font="normal"><LA>der für die Bilanzkreisabrechnung veröffentlichte Saldo des deutschen Netzregelverbundes für die entsprechende Fahrplanviertelstunde größer als die für die Übertragungsnetzbetreiber zu diesem Zeitpunkt insgesamt verfügbare positive Sekundärregelleistung und positive Minutenreserveleistung war und</LA></DD><DT>2.</DT><DD Font="normal"><LA>ein Abruf nach § 26 erfolgt ist.</LA></DD></DL></P></Content></text></textdaten></norm>
<norm builddate="20240117214503" doknr="BJNR005800019BJNE003500000"><metadaten><jurabk>KapResV</jurabk><enbez>§ 33</enbez><titel format="XML">Kosten und Erlöse</titel></metadaten><textdaten><text format="XML"><Content><P>Die Übertragungsnetzbetreiber bringen die nach § 32 Absatz 2 entstehenden Erlöse, soweit sie die Erlöse übersteigen, die bei einer Ausgleichsenergieabrechnung ohne Vorliegen der Voraussetzungen des § 32 Absatz 2 entstanden wären, und die nach § 39 vereinnahmten Vertragsstrafen sowie nach § 40 endgültig einbehaltenen Sicherheiten von den ihnen bei der Durchführung dieser Verordnung entstehenden Kosten in Abzug. Sie weisen die Kosten, Erlöse und vereinnahmten Vertragsstrafen gegenüber der Bundesnetzagentur gesondert aus.</P></Content></text></textdaten></norm>
<norm builddate="20240117214503" doknr="BJNR005800019BJNG000500000"><metadaten><jurabk>KapResV</jurabk><gliederungseinheit><gliederungskennzahl>050</gliederungskennzahl><gliederungsbez>Teil 5</gliederungsbez><gliederungstitel>Vertragsstrafen</gliederungstitel></gliederungseinheit></metadaten><textdaten/></norm>
<norm builddate="20240117214503" doknr="BJNR005800019BJNE003600000"><metadaten><jurabk>KapResV</jurabk><enbez>§ 34</enbez><titel format="XML">Zahlungspflichten bei Nichtverfügbarkeit der Anlage</titel></metadaten><textdaten><text format="XML"><Content><P>(1) Erfüllt eine Kapazitätsreserveanlage im Rahmen der Funktionstests nach § 28 die Anforderungen nach § 9 bis zum Beginn des Erbringungszeitraums nicht, muss der Betreiber eine Vertragsstrafe in Höhe von 20 Prozent der für den gesamten Erbringungszeitraum vereinbarten Vergütung nach § 19 Absatz 1 Satz 1 an den Anschluss-Übertragungsnetzbetreiber leisten. Satz 1 ist entsprechend anzuwenden, wenn bis zum Beginn des Erbringungszeitraums kein Funktionstest durchgeführt wurde; es sei denn der Anschluss-Übertragungsnetzbetreiber hat die Nichtdurchführung zu vertreten.</P><P>(2) Die Vertragsstrafe ist lediglich anteilig zu leisten, wenn die Kapazitätsreserveanlage innerhalb von sechs Monaten nach Beginn des Erbringungszeitraums im Rahmen eines Funktionstests nach § 28 die Anforderungen nach § 9 erfüllt. Die Vertragsstrafe beträgt im Falle des Satzes 1 für den ersten angefangenen Monat ein Sechstel und für jeden weiteren angefangenen Monat ein Zwölftel des nach Absatz 1 vorgesehenen Gesamtbetrages.</P><P>(3) In den Fällen der Absätze 1 und 2 erhält der Betreiber bis zum erfolgreichen Funktionstest keine Vergütung und der Vergütungsanspruch für diesen Zeitraum entfällt.</P><P>(4) Erbringt die Kapazitätsreserveanlage im Fall der Aktivierung nach § 25, des Abrufs nach § 26 oder der Probeabrufe nach § 29 Absatz 1 die vertraglich vereinbarte Leistung nicht, nicht rechtzeitig oder nicht vollständig, muss der Betreiber für jeden Einzelfall eine Vertragsstrafe in Höhe von 15 Prozent der ihm für ein Vertragsjahr nach § 19 Absatz 1 Satz 1 zustehenden Vergütung an den Anschluss-Übertragungsnetzbetreiber zahlen. Bis zur Nachbesserung nach § 30 erhält der Betreiber keine Vergütung und der Vergütungsanspruch für diesen Zeitraum entfällt.</P><P>(5) Erfüllt eine Kapazitätsreserveanlage im Rahmen einer Aktivierung nach § 25, eines Abrufs nach § 26, eines Funktionstests nach § 28 oder eines Probeabrufs nach § 29 die Anforderungen nach § 9 nur mit einer Teilmenge der Reserveleistung, sind die Absätze 1 bis 4 nur für die Teilmenge der Reserveleistung anzuwenden, die die Anforderungen nach § 9 nicht erfüllt hat.</P><P>(6) Die Absätze 4 und 5 sind für Verstöße gegen § 27 Absatz 1 entsprechend anzuwenden.</P><P>(7) Erfolgt die Nachbesserung nach § 30 so rechtzeitig, dass die vollständige Reserveleistung zum Zeitpunkt des Leistungsbilanzdefizits zur Verfügung steht, muss der Betreiber keine Vertragsstrafe zahlen und der Vergütungsanspruch bleibt bestehen. Im Falle von Probeabrufen nach § 29 muss die vollständige Reserveleistung innerhalb von 12 Stunden ab der erstmaligen Anforderung durch den Übertragungsnetzbetreiber zur Verfügung stehen.</P><P>(8) Hat ein Betreiber einer Kapazitätsreserveanlage Absprachen nach § 17 Absatz 4 Satz 1 Nummer 3 getroffen, muss er eine Vertragsstrafe in Höhe von 20 Prozent der für den gesamten Erbringungszeitraum vereinbarten Vergütung an den Anschluss-Übertragungsnetzbetreiber leisten. Daneben sind die allgemeinen Vorschriften des deutschen und europäischen Kartellrechts anzuwenden. Die Übertragungsnetzbetreiber sind verpflichtet, sofern sie von einer wettbewerbsbehindernden Absprache im Sinne von Absatz 1 oder sonstigem kartellrechtwidrigem Verhalten Kenntnis erlangen, unverzüglich die zuständige Kartellbehörde zu unterrichten.</P><P>(9) Die Vertragsstrafen nach den Absätzen 4 und 5 sind pro Vertragsjahr der Höhe nach auf die dem Betreiber für ein Vertragsjahr nach § 19 Absatz 1 Satz 1 grundsätzlich zustehende Vergütung begrenzt.</P></Content></text></textdaten></norm>
<norm builddate="20240117214503" doknr="BJNR005800019BJNE003700000"><metadaten><jurabk>KapResV</jurabk><enbez>§ 35</enbez><titel format="XML">Ausschluss bei höherer Gewalt</titel></metadaten><textdaten><text format="XML"><Content><P>(1) Betreiber von Kapazitätsreserveanlagen müssen keine Vertragsstrafe zahlen, wenn und soweit die Kapazitätsreserveanlage die vertraglich vereinbarte Leistung aufgrund von höherer Gewalt nicht erbringen kann; der Vergütungsanspruch entfällt für den Zeitraum der Nichtverfügbarkeit. Höhere Gewalt ist ein außergewöhnliches, betriebsfremdes, von außen durch elementare Naturkräfte oder Handlungen dritter Personen herbeigeführtes Ereignis, das nach menschlicher Einsicht und Erfahrung nicht vorhersehbar ist und mit wirtschaftlich erträglichen Mitteln auch durch die äußerste, vernünftigerweise zu erwartende Sorgfalt nicht verhütet oder unschädlich gemacht werden kann. Sie liegt insbesondere vor, wenn die vertraglich vereinbarte Leistung aufgrund folgender Ereignisse nicht erbracht werden kann: <DL Type="arabic"><DT>1.</DT><DD Font="normal"><LA>Naturkatastrophen wie Erdbeben oder Überschwemmungen,</LA></DD><DT>2.</DT><DD Font="normal"><LA>Sabotagehandlungen Dritter, die dem Betreiber der Kapazitätsreserveanlage nicht zuzurechnen sind, oder</LA></DD><DT>3.</DT><DD Font="normal"><LA>Terrorismus.</LA></DD></DL></P><P>(2) Keine höhere Gewalt im Sinne von Absatz 1 liegt insbesondere dann vor, wenn die Inbetriebnahme oder der Betrieb der Kapazitätsreserveanlage deswegen unmöglich ist, weil sich Risiken des Standorts der Anlage verwirklicht haben. Dies ist insbesondere anzunehmen, wenn <DL Type="arabic"><DT>1.</DT><DD Font="normal"><LA>endgültig nicht alle für den Betrieb der Anlage in der Kapazitätsreserve erforderlichen Genehmigungen vorliegen,</LA></DD><DT>2.</DT><DD Font="normal"><LA>der Anschluss an das Stromnetz oder das Gasnetz nicht vorliegt oder</LA></DD><DT>3.</DT><DD Font="normal"><LA>Brennstoffe, Hilfsstoffe oder sonst für den Betrieb der Anlage erforderliche Materialien, insbesondere Ersatzteile, gar nicht oder nicht rechtzeitig beschafft oder nachbeschafft werden können.</LA></DD></DL></P><P>(3) Nichtverfügbarkeiten von Kapazitätsreserveanlagen aufgrund von höherer Gewalt im Sinne von Absatz 1 werden nicht auf den Zeitraum nach § 27 Absatz 3 Satz 1 angerechnet.</P></Content></text></textdaten></norm>
<norm builddate="20240117214503" doknr="BJNR005800019BJNE003800000"><metadaten><jurabk>KapResV</jurabk><enbez>§ 36</enbez><titel format="XML">Verstoß gegen grundlegende Pflichten</titel></metadaten><textdaten><text format="XML"><Content><P>Im Falle eines Verstoßes gegen § 3 Absatz 2 bis 6 muss der Betreiber einer Kapazitätsreserveanlage eine Vertragsstrafe in Höhe von 100 Prozent der ihm für den gesamten Erbringungszeitraum zustehenden Vergütung an den Anschluss-Übertragungsnetzbetreiber leisten. Die Pflichten des Anlagenbetreibers nach § 3 Absatz 2 bis 6 gelten auch im Falle einer Vertragsstrafe nach Satz 1 uneingeschränkt fort. Verstößt der Anlagenbetreiber nach Zahlung der Vertragsstrafe nach Satz 1 erneut gegen § 3 Absatz 2 bis 6, soll die Bundesnetzagentur nach § 43 den Betrieb der Anlage untersagen.</P></Content></text></textdaten></norm>
<norm builddate="20240117214503" doknr="BJNR005800019BJNG000600000"><metadaten><jurabk>KapResV</jurabk><gliederungseinheit><gliederungskennzahl>060</gliederungskennzahl><gliederungsbez>Teil 6</gliederungsbez><gliederungstitel>Aufgaben der Netzbetreiber</gliederungstitel></gliederungseinheit></metadaten><textdaten/></norm>
<norm builddate="20240117214503" doknr="BJNR005800019BJNE003900000"><metadaten><jurabk>KapResV</jurabk><enbez>§ 37</enbez><titel format="XML">Vorbereitung und Durchführung der Ausschreibung</titel></metadaten><textdaten><text format="XML"><Content><P>(1) Die Übertragungsnetzbetreiber ergreifen unverzüglich in Abstimmung mit der Bundesnetzagentur alle erforderlichen Maßnahmen zur Vorbereitung und Durchführung der Ausschreibung, insbesondere <DL Type="arabic"><DT>1.</DT><DD Font="normal"><LA>die Erarbeitung von Standardbedingungen für den Vertragsschluss nach § 21, einschließlich Vorgaben zur Abwicklung der gesonderten Erstattung von Kosten nach § 19 Absatz 4 bis 6,</LA></DD><DT>2.</DT><DD Font="normal"><LA>die Bestimmung von Formatvorgaben für die Gebote nach § 14, einschließlich Vorgaben zur Erfüllung des § 14 Absatz 2 Satz 1 sowie von sonstigen formalen Vorgaben und</LA></DD><DT>3.</DT><DD Font="normal"><LA>die Entscheidung darüber, ob das Ausschreibungsverfahren postalisch oder elektronisch stattfindet, einschließlich der für die Umsetzung notwendigen Arbeiten.</LA></DD></DL></P><P>(2) Die Standardbedingungen nach Absatz 1 Nummer 1 bedürfen der Genehmigung durch die Bundesnetzagentur. Die Übertragungsnetzbetreiber müssen den Antrag auf Genehmigung der Standardbedingungen spätestens zwei Monate vor der jeweiligen Bekanntmachung nach § 11 der Bundesnetzagentur stellen. Die Genehmigung gilt als erteilt, wenn die Bundesnetzagentur nicht innerhalb einer Frist von zwei Monaten nach Eingang der vollständigen Antragsunterlagen die Genehmigung versagt. Die Genehmigung ist zu versagen, wenn die Standardbedingungen den Betreiber der Kapazitätsreserveanlage entgegen den Geboten von Treu und Glauben unangemessen benachteiligen. Eine unangemessene Benachteiligung kann sich auch daraus ergeben, dass eine Bestimmung nicht klar und verständlich ist.</P><P>(3) Entscheidungen der Bundesnetzagentur nach Absatz 2 sind zuzustellen. § 73 Absatz 1a des Energiewirtschaftsgesetzes ist entsprechend anzuwenden.</P></Content></text></textdaten></norm>
<norm builddate="20240117214503" doknr="BJNR005800019BJNE004000000"><metadaten><jurabk>KapResV</jurabk><enbez>§ 38</enbez><titel format="XML">Veröffentlichungs- und Mitteilungspflichten</titel></metadaten><textdaten><text format="XML"><Content><P>(1) Die Übertragungsnetzbetreiber veröffentlichen auf einer gemeinsamen Internetplattform innerhalb angemessener Frist <DL Type="arabic"><DT>1.</DT><DD Font="normal"><LA>die Teilnahmevoraussetzungen und Festlegungen nach § 9 Absatz 2, einschließlich eines Hinweises auf die Anforderungen nach § 9 Absatz 1 und die Standardbedingungen nach § 37 Absatz 1 Nummer 1; wobei die Veröffentlichung spätestens einen Monat vor der jeweiligen Bekanntmachung nach § 11 erfolgen soll,</LA></DD><DT>2.</DT><DD Font="normal"><LA>die Entscheidung über die Zuschläge und die Höhe des Zuschlagswerts nach § 18; wobei die Veröffentlichung spätestens einen Monat nach Zuschlagserteilung erfolgen soll und folgende Angaben erforderlich sind: <DL Type="alpha"><DT>a)</DT><DD Font="normal"><LA>der Gebotstermin der Ausschreibung, für die die Zuschläge erteilt werden, und</LA></DD><DT>b)</DT><DD Font="normal"><LA>die Namen der Bieter, die einen Zuschlag erhalten, einschließlich gegebenenfalls der Identifikationsnummer der Anlage bei der Bundesnetzagentur, der Reserveleistung sowie einer eindeutigen Zuschlagsnummer.</LA></DD></DL></LA></DD></DL></P><P>(2) Die Übertragungsnetzbetreiber teilen der Bundesnetzagentur unverzüglich wesentliche Vorgänge oder Änderungen im Zusammenhang mit der Kapazitätsreserve mit, insbesondere <DL Type="arabic"><DT>1.</DT><DD Font="normal"><LA>die nach Absatz 1 zu veröffentlichenden Informationen,</LA></DD><DT>2.</DT><DD Font="normal"><LA>jeden Verstoß von Betreibern von Kapazitätsreserveanlagen gegen § 3; wobei die Mitteilung die betroffene Kapazitätsreserveanlage, den Betreiber und die Norm, gegen die verstoßen wurde, enthalten muss,</LA></DD><DT>3.</DT><DD Font="normal"><LA>die Vertragsbeendigungen nach § 22,</LA></DD><DT>4.</DT><DD Font="normal"><LA>die Aktivierung nach § 25,</LA></DD><DT>5.</DT><DD Font="normal"><LA>den Abruf nach § 26,</LA></DD><DT>6.</DT><DD Font="normal"><LA>jede Nichtverfügbarkeit im Fall der §§ 25 bis 29; wobei die Mitteilung die betroffene Kapazitätsreserveanlage, den Betreiber und, sofern den Übertragungsnetzbetreibern bekannt, die Ursache der Nichtverfügbarkeit enthalten muss, und</LA></DD><DT>7.</DT><DD Font="normal"><LA>die Vereinnahmung von Vertragsstrafen nach den §§ 34 und 36.</LA></DD></DL></P><P>(3) Die Übertragungsnetzbetreiber teilen den Bietern, deren Gebote nach § 17 vom weiteren Verfahren ausgeschlossen worden sind, und den Bietern, die keinen Zuschlag nach § 18 erhalten haben, die Gründe für den Ausschluss oder die Nichtbezuschlagung mit. Die Mitteilung nach Satz 1 hat zu erfolgen, sobald die Übertragungsnetzbetreiber die Zuschläge nach § 18 erteilt und alle bezuschlagten Bieter die Zweitsicherheit nach § 10 Absatz 2 geleistet haben.</P></Content></text></textdaten></norm>
<norm builddate="20240117214503" doknr="BJNR005800019BJNE004100000"><metadaten><jurabk>KapResV</jurabk><enbez>§ 39</enbez><titel format="XML">Durchsetzung von Vertragsstrafen</titel></metadaten><textdaten><text format="XML"><Content><P>(1) Der Betreiber einer Kapazitätsreserveanlage muss die nach den §§ 34 und 36 fälligen Geldbeträge an den Anschluss-Übertragungsnetzbetreiber zahlen. Der jeweilige Anschluss-Übertragungsnetzbetreiber muss die Zahlung fälliger Vertragsstrafen durchsetzen.</P><P>(2) Wenn der Betreiber die Forderung nicht bis zum Ablauf des zweiten Kalendermonats erfüllt hat, der auf das Datum der Geltendmachung des Anspruchs auf Vertragsstrafe durch den Anschluss-Übertragungsnetzbetreiber folgt, darf sich der Anschluss-Übertragungsnetzbetreiber aus den Sicherheiten befriedigen.</P><P>(3) Hat sich der Anschluss-Übertragungsnetzbetreiber aus den Sicherheiten befriedigt, darf er die Vergütung nach § 19 Absatz 1 und 2 so lange zurückbehalten, bis der Betreiber der Kapazitätsreserveanlage erneut Sicherheit dergestalt geleistet hat, dass sie in Art, Form und Umfang der ursprünglich geleisteten Sicherheit entspricht.</P><P>(4) Der Anschluss-Übertragungsnetzbetreiber ist berechtigt, vom Betreiber der Kapazitätsreserveanlage Unterlagen und Nachweise über die Einhaltung der Teilnahmevoraussetzungen nach § 9 sowie im Falle regelbarer Lasten über die Einhaltung des § 3 Absatz 3 zu verlangen.</P></Content></text></textdaten></norm>
<norm builddate="20240117214503" doknr="BJNR005800019BJNE004200000"><metadaten><jurabk>KapResV</jurabk><enbez>§ 40</enbez><titel format="XML">Rückgabe der Sicherheiten</titel></metadaten><textdaten><text format="XML"><Content><P>(1) Der Anschluss-Übertragungsnetzbetreiber muss die Erstsicherheit nach § 10 Absatz 1 unverzüglich an den Bieter zurückgeben, wenn <DL Type="arabic"><DT>1.</DT><DD Font="normal"><LA>der Bieter für sein Gebot keinen Zuschlag nach § 18 erhalten hat, mit Ausnahme der Fälle des § 18 Absatz 8 oder</LA></DD><DT>2.</DT><DD Font="normal"><LA>die Zweitsicherheit nach § 10 Absatz 2 geleistet wurde.</LA></DD></DL></P><P>(2) Der Anschluss-Übertragungsnetzbetreiber muss die Erstsicherheit nach § 10 Absatz 1 endgültig einbehalten, wenn der Bieter die Zweitsicherheit nach § 10 Absatz 2 nicht, nicht rechtzeitig oder nicht vollständig geleistet hat.</P><P>(3) Der Anschluss-Übertragungsnetzbetreiber muss die Zweitsicherheit nach § 10 Absatz 2, soweit sie nicht mittels einer Bürgschaft gestellt wurde, unverzüglich an den Bieter zurückgeben, wenn <DL Type="arabic"><DT>1.</DT><DD Font="normal"><LA>der Funktionstest nach § 28 Absatz 1 erfolgreich war oder</LA></DD><DT>2.</DT><DD Font="normal"><LA>der Funktionstest nach § 28 Absatz 3 erfolgreich war und der Bieter die Vertragsstrafe nach § 34 Absatz 1 geleistet hat.</LA></DD></DL>Die Rückgabe ist auf den Betrag zu begrenzen, um den die Zweitsicherheit die mögliche Strafzahlung nach § 34 Absatz 4 Satz 1 überschreitet. Die Zweitsicherheit ist vollständig zurückzugeben, wenn der Vertrag beendet ist und der Anschluss-Übertragungsnetzbetreiber keine Forderungen gegen den Bieter aufgrund des Vertrages oder aufgrund dieser Verordnung hat.</P></Content></text></textdaten></norm>
<norm builddate="20240117214503" doknr="BJNR005800019BJNE004300000"><metadaten><jurabk>KapResV</jurabk><enbez>§ 41</enbez><titel format="XML">Mitwirkungspflicht der Verteilernetzbetreiber</titel></metadaten><textdaten><text format="XML"><Content><P>(1) Der Verteilernetzbetreiber, an dessen Netz die Anlage eines Bieters angeschlossen ist, ist verpflichtet eine Bestätigung nach § 16 Nummer 5 auszustellen. Er kann die Ausstellung nur unter Angabe eines oder mehrerer konkreter Gründe ablehnen. Als Gründe für die Ablehnung dürfen nur solche Hindernisse vorgebracht werden, die bis zum Beginn des jeweiligen Erbringungszeitraums voraussichtlich nicht beseitigt werden können. Ein die Ablehnung begründendes Hindernis im Sinne von Satz 3 liegt insbesondere dann vor, wenn das Hindernis nur durch Netzausbau beseitigt werden kann, der über den im Rahmen einer ordnungsgemäß durchgeführten Kapazitätsplanung nach § 11 Absatz 2 des Energiewirtschaftsgesetzes vorgesehenen Netzausbau hinausgeht.</P><P>(2) Entstehen nach Erteilung der Bestätigung nach § 16 Nummer 5 Hindernisse für den Transport der bei Aktivierung, Abruf, Funktionstest und Probeabruf entstehenden Energiemengen durch das Verteilernetz, muss der Verteilernetzbetreiber unverzüglich den Betreiber der Kapazitätsreserveanlage und den Anschluss-Übertragungsnetzbetreiber informieren.</P></Content></text></textdaten></norm>
<norm builddate="20240117214503" doknr="BJNR005800019BJNG000700000"><metadaten><jurabk>KapResV</jurabk><gliederungseinheit><gliederungskennzahl>070</gliederungskennzahl><gliederungsbez>Teil 7</gliederungsbez><gliederungstitel>Aufgaben der Bundesnetzagentur</gliederungstitel></gliederungseinheit></metadaten><textdaten/></norm>
<norm builddate="20240117214503" doknr="BJNR005800019BJNE004401377"><metadaten><jurabk>KapResV</jurabk><enbez>§ 42</enbez><titel format="XML">Festlegungen</titel></metadaten><textdaten><text format="XML"><Content><P>Die Bundesnetzagentur kann durch Festlegung nach § 29 Absatz 1 des Energiewirtschaftsgesetzes Entscheidungen treffen <DL Type="arabic"><DT>1.</DT><DD Font="normal"><LA>zur Änderung der Größe der Kapazitätsreserve nach § 13e Absatz 5 Satz 3 des Energiewirtschaftsgesetzes,</LA></DD><DT>2.</DT><DD Font="normal"><LA>zur Durchführung des Beschaffungsverfahrens sowie zum Zeitpunkt, Zeitraum und Häufigkeit der Beschaffung nach § 8 und zur Präzisierung oder ausnahmsweise Änderung der Teilnahmevoraussetzungen nach § 9,</LA></DD><DT>3.</DT><DD Font="normal"><LA>zur Konkretisierung von Art, Form und Inhalt der Gebote nach § 14 sowie zum Verfahren des Ausschlusses von Geboten und Bietern nach § 17,</LA></DD><DT>4.</DT><DD Font="normal"><LA>zum Zuschlagsverfahren nach § 18,</LA></DD><DT>5.</DT><DD Font="normal"><LA>zur Information der Marktteilnehmer nach § 24 Absatz 3,</LA></DD><DT>6.</DT><DD Font="normal"><LA>zu Kriterien für die Auswahl der Anlagen nach § 25 Absatz 3,</LA></DD><DT>7.</DT><DD Font="normal"><LA>zu Art und Weise der Überprüfung der Verfügbarkeit der Kapazitätsreserveanlagen nach den §§ 28 und 29 und</LA></DD><DT>8.</DT><DD Font="normal"><LA>zur Durchführung der Abrechnung nach den §§ 31 und 33, insbesondere zur Konkretisierung der Kostenbestandteile und zum Nachweis entstandener Kosten.</LA></DD></DL></P></Content></text><fussnoten/></textdaten></norm>
<norm builddate="20240117214503" doknr="BJNR005800019BJNE004500000"><metadaten><jurabk>KapResV</jurabk><enbez>§ 43</enbez><titel format="XML">Betriebsuntersagung</titel></metadaten><textdaten><text format="XML"><Content><P>Die Bundesnetzagentur kann bei Verstößen gegen § 3 im Benehmen mit der zuständigen Aufsichtsbehörde den Betrieb der Anlage untersagen.</P></Content></text></textdaten></norm>
<norm builddate="20240117214503" doknr="BJNR005800019BJNG000800000"><metadaten><jurabk>KapResV</jurabk><gliederungseinheit><gliederungskennzahl>080</gliederungskennzahl><gliederungsbez>Teil 8</gliederungsbez><gliederungstitel>Schlussbestimmungen</gliederungstitel></gliederungseinheit></metadaten><textdaten/></norm>
<norm builddate="20240117214503" doknr="BJNR005800019BJNE004600000"><metadaten><jurabk>KapResV</jurabk><enbez>§ 44</enbez><titel format="XML">Auskunftsanspruch</titel></metadaten><textdaten><text format="XML"><Content><P>Die Bundesnetzagentur und die Übertragungsnetzbetreiber haben dem Bundesministerium für Wirtschaft und Energie auf sein Verlangen jederzeit Auskunft über sämtliche aufgrund dieser Verordnung gespeicherten und nicht nach § 45 gelöschten Daten in nicht personenbezogener Form zu erteilen, soweit dies für dessen Aufgabenerfüllung nach § 13e des Energiewirtschaftsgesetzes erforderlich ist.</P></Content></text></textdaten></norm>
<norm builddate="20240117214503" doknr="BJNR005800019BJNE004700000"><metadaten><jurabk>KapResV</jurabk><enbez>§ 45</enbez><titel format="XML">Löschung von Daten</titel></metadaten><textdaten><text format="XML"><Content><P>Die aufgrund dieser Verordnung von der Bundesnetzagentur und den Übertragungsnetzbetreibern gespeicherten Daten sind unverzüglich zu löschen, wenn sie für die Erfüllung ihrer Aufgaben nach dieser Verordnung nicht mehr erforderlich sind.</P></Content></text></textdaten></norm>
<norm builddate="20240117214503" doknr="BJNR005800019BJNE004800000"><metadaten><jurabk>KapResV</jurabk><enbez>§ 46</enbez><titel format="XML">Rechtsschutz</titel></metadaten><textdaten><text format="XML"><Content><P>(1) Gerichtliche Rechtsbehelfe mit dem Ziel, die Übertragungsnetzbetreiber zur Erteilung eines Zuschlags zu verpflichten, sind statthaft. § 160 Absatz 3 Satz 1 des Gesetzes gegen Wettbewerbsbeschränkungen ist entsprechend anzuwenden. Die Übertragungsnetzbetreiber müssen dem Rechtsbehelfsführer über den zum jeweiligen Gebotstermin ausgeschriebenen Umfang der Kapazitätsreserve hinaus einen entsprechenden Zuschlag erteilen, soweit sein Begehren Erfolg hat und sobald die gerichtliche Entscheidung formell rechtskräftig wird.</P><P>(2) Die Erteilung eines Zuschlags bleibt wirksam, auch wenn Dritte im Rahmen eines Rechtsschutzverfahrens nach Absatz 1 die Erteilung eines Zuschlags begehren oder aufgrund eines solchen Verfahrens einen Zuschlag erhalten haben. Dies ist auch dann anzuwenden, wenn durch den Zuschlag der zum jeweiligen Gebotstermin ausgeschriebene Umfang der Kapazitätsreserve erreicht oder überschritten wird.</P></Content></text></textdaten></norm>
<norm builddate="20240117214503" doknr="BJNR005800019BJNE004900000"><metadaten><jurabk>KapResV</jurabk><enbez>§ 47</enbez><titel format="XML">Inkrafttreten</titel></metadaten><textdaten><text format="XML"><Content><P>Diese Verordnung tritt am Tag nach der Verkündung in Kraft.</P></Content></text></textdaten></norm>
</dokumente>