<?xml version="1.0" encoding="UTF-8" ?><!DOCTYPE dokumente SYSTEM "http://www.gesetze-im-internet.de/dtd/1.01/gii-norm.dtd">
<dokumente builddate="20230908213504" doknr="BJNR182500014"><norm builddate="20230908213504" doknr="BJNR182500014"><metadaten><jurabk>MiLoMeldV</jurabk><amtabk>MiLoMeldV</amtabk><ausfertigung-datum manuell="ja">2014-11-26</ausfertigung-datum><fundstelle typ="amtlich"><periodikum>BGBl I</periodikum><zitstelle>2014, 1825</zitstelle></fundstelle><kurzue>Mindestlohnmeldeverordnung</kurzue><langue>Verordnung über Meldepflichten nach dem Mindestlohngesetz, dem Arbeitnehmer-Entsendegesetz und dem Arbeitnehmerüberlassungsgesetz</langue><standangabe checked="ja"><standtyp>Stand</standtyp><standkommentar>Zuletzt geändert durch Art. 5 G v. 28.6.2023 I Nr. 172</standkommentar></standangabe></metadaten><textdaten><fussnoten><Content><P><BR/> <pre xml:space="preserve">(+++ Textnachweis ab: 1.1.2015 +++)<BR/>(+++ Amtlicher Hinweis des Normgebers auf EG-Recht:<BR/>     Umsetzung der<BR/>     EURL 2020/1057 (CELEX Nr: 32020L1057) vgl. G v. 28.6.2023 I Nr. 172 <BR/>     EURL 67/2014   (CELEX Nr: 32014L0067) vgl. G v. 28.6.2023 I Nr. 172 +++)<BR/><BR/></pre></P></Content></fussnoten></textdaten></norm>
<norm builddate="20230908213504" doknr="BJNR182500014BJNE000100000"><metadaten><jurabk>MiLoMeldV</jurabk><enbez>Eingangsformel</enbez></metadaten><textdaten><text format="XML"><Content><P>Auf Grund des § 16 Absatz 5 Nummer 2 und 3 des Mindestlohngesetzes vom 11. August 2014 (BGBl. I S. 1348), des § 18 Absatz 5 Nummer 2 und 3 des Arbeitnehmer-Entsendegesetzes vom 20. April 2009 (BGBl. I S. 799) und des § 17b Absatz 3 Nummer 2 und 3 des Arbeitnehmerüberlassungsgesetzes, der durch Artikel 1 Nummer 3 des Gesetzes vom 20. Juli 2011 (BGBl. I S. 1506) eingefügt worden ist, verordnet das Bundesministerium der Finanzen im Einvernehmen mit dem Bundesministerium für Arbeit und Soziales:</P></Content></text></textdaten></norm>
<norm builddate="20230908213504" doknr="BJNR182500014BJNE000202126"><metadaten><jurabk>MiLoMeldV</jurabk><enbez>§ 1</enbez><titel format="XML">Meldung</titel></metadaten><textdaten><text format="XML"><Content><P>(1) Der Arbeitgeber mit Sitz im Ausland soll die Meldungen nach § 16 Absatz 1 des Mindestlohngesetzes und § 18 Absatz 1 des Arbeitnehmer-Entsendegesetzes elektronisch übermitteln. Für die elektronische Übermittlung hat er das Internetportal zu nutzen, das die Zollverwaltung zur Verfügung stellt. Abweichend von den Sätzen 1 und 2 haben Arbeitgeber mit Sitz in einem anderen Mitgliedstaat der Europäischen Union oder des Europäischen Wirtschaftsraums, die Kraftfahrerinnen oder Kraftfahrer nach § 36 Absatz 1 des Arbeitgeber-Entsendegesetzes im Inland beschäftigen, die Anmeldung mittels der elektronischen Schnittstelle des Binnenmarkt-Informationssystems nach Artikel 1 in Verbindung mit Artikel 5 Buchstabe a der Verordnung (EU) Nr. 1024/2012 des Europäischen Parlaments und des Rates vom 25. Oktober 2012 über die Verwaltungszusammenarbeit mit Hilfe des Binnenmarkt-Informationssystems und zur Aufhebung der Entscheidung 2008/49/EG der Kommission („IMI-Verordnung“) (ABI. L 316 vom 14.11.2012, S. 1), die zuletzt durch die Verordnung (EU) 2020/1055 (ABI. L 249 vom 31.7.2020, S. 17) geändert worden ist, zuzuleiten.</P><P>(2) Absatz 1 gilt entsprechend für Verleiher bei Meldungen <DL Font="normal" Type="arabic"><DT>1.</DT><DD Font="normal"><LA Size="normal">nach § 16 Absatz 3 des Mindestlohngesetzes,</LA></DD><DT>2.</DT><DD Font="normal"><LA Size="normal">nach § 18 Absatz 3 des Arbeitnehmer-Entsendegesetzes und</LA></DD><DT>3.</DT><DD Font="normal"><LA Size="normal">nach § 17b Absatz 1 des Arbeitnehmerüberlassungsgesetzes.</LA></DD></DL></P><P>(3) Bei der elektronischen Übermittlung nach Absatz 1 Satz 1 und 2 sowie Absatz 2 hat die Zollverwaltung Verfahren einzusetzen, die dem jeweiligen Stand der Technik entsprechen sowie die Vertraulichkeit und Integrität der Daten gewährleisten. Bei Nutzung allgemein zugänglicher Netze sind die Daten über das Internetportal Ende-zu-Ende zu verschlüsseln. Jede Meldung sowie die darin enthaltenen Datensätze sind systemseitig mit einem eindeutigen Kennzeichen zur Identifizierung zu versehen.</P></Content></text><fussnoten/></textdaten></norm>
<norm builddate="20230908213504" doknr="BJNR182500014BJNE000301126"><metadaten><jurabk>MiLoMeldV</jurabk><enbez>§ 2</enbez><titel format="XML">Abwandlung der Anmeldung</titel></metadaten><textdaten><text format="XML"><Content><P>(1) Abweichend von der Meldepflicht nach § 16 Absatz 1 Satz 1 und 2 des Mindestlohngesetzes und § 18 Absatz 1 Satz 1 und 2 des Arbeitnehmer-Entsendegesetzes ist in den Fällen, in denen ein Arbeitgeber mit Sitz im Ausland Arbeitnehmerinnen und Arbeitnehmer <DL Font="normal" Type="arabic"><DT>1.</DT><DD Font="normal"><LA Size="normal">an einem Beschäftigungsort <DL Font="normal" Type="alpha"><DT>a)</DT><DD Font="normal"><LA Size="normal">zumindest teilweise vor 6 Uhr oder nach 22 Uhr oder</LA></DD><DT>b)</DT><DD Font="normal"><LA Size="normal">in Schichtarbeit,</LA></DD></DL></LA></DD><DT>2.</DT><DD Font="normal"><LA Size="normal">an mehreren Beschäftigungsorten am selben Tag oder</LA></DD><DT>3.</DT><DD Font="normal"><LA Size="normal">in ausschließlich mobiler Tätigkeit</LA></DD></DL>beschäftigt, eine Einsatzplanung vorzulegen.</P><P>(2) In den Fällen des Absatzes 1 Nummer 1 und 2 hat der Arbeitgeber in der Einsatzplanung für jeden Beschäftigungsort die dort eingesetzten Arbeitnehmerinnen und Arbeitnehmer mit Geburtsdatum auszuweisen. Die Angaben zum Beschäftigungsort müssen die Ortsbezeichnung, die Postleitzahl und, soweit vorhanden, den Straßennamen sowie die Hausnummer enthalten. Der Einsatz der Arbeitnehmerinnen und Arbeitnehmer am Beschäftigungsort wird durch die Angabe von Datum und Uhrzeiten konkretisiert. Die Einsatzplanung kann einen Zeitraum von bis zu drei Monaten umfassen. Beim Einsatz von Arbeitnehmerinnen und Arbeitnehmern im Geltungsbereich von Tarifverträgen für Bergbauspezialarbeiten auf Steinkohlebergwerken gilt der Schacht als Ort der Beschäftigung.</P><P>(3) In den Fällen des Absatzes 1 Nummer 3 hat der Arbeitgeber in der Einsatzplanung den Beginn und die voraussichtliche Dauer der Werk- oder Dienstleistung, die voraussichtlich eingesetzten Arbeitnehmerinnen und Arbeitnehmer mit Geburtsdatum sowie die Anschrift, an der Unterlagen bereitgehalten werden, zu melden. Die Einsatzplanung kann je nach Auftragssicherheit einen Zeitraum von bis zu sechs Monaten umfassen. Sofern die Unterlagen im Ausland bereitgehalten werden, ist der Einsatzplanung eine Versicherung beizufügen, dass die Unterlagen auf Anforderung der Behörden der Zollverwaltung für die Prüfung in deutscher Sprache im Inland bereitgestellt werden. Diesen Unterlagen sind auch Angaben zu den im gemeldeten Zeitraum tatsächlich erbrachten Werk- oder Dienstleistungen sowie den jeweiligen Auftraggebern beizufügen.</P><P>(4) Bei einer ausschließlich mobilen Tätigkeit im Sinne des Absatzes 1 Nummer 3 handelt es sich um eine Tätigkeit, die nicht an Beschäftigungsorte gebunden ist. Eine ausschließlich mobile Tätigkeit liegt insbesondere bei der Zustellung von Briefen, Paketen und Druckerzeugnissen, der Abfallsammlung, der Straßenreinigung, dem Winterdienst, dem Gütertransport und der Personenbeförderung vor. Das Erbringen ambulanter Pflegeleistungen wird einer ausschließlich mobilen Tätigkeit gleichgestellt. Abweichend von Satz 2 gelten die Beförderung von Gütern oder Personen im Straßenverkehrssektor für Arbeitgeber mit Sitz in einem anderen Mitgliedstaat der Europäischen Union oder des Europäischen Wirtschaftsraums nicht als ausschließlich mobile Tätigkeit im Sinne des Absatzes 1 Nummer 3.</P><P>(5) Die Absätze 1 bis 3 und Absatz 4 Satz 1 bis 3 gelten entsprechend für Angaben des Verleihers auf Grund des § 16 Absatz 3 des Mindestlohngesetzes, des § 18 Absatz 3 des Arbeitnehmer-Entsendegesetzes und des § 17b Absatz 1 des Arbeitnehmerüberlassungsgesetzes.</P></Content></text><fussnoten/></textdaten></norm>
<norm builddate="20230908213504" doknr="BJNR182500014BJNE000401126"><metadaten><jurabk>MiLoMeldV</jurabk><enbez>§ 3</enbez><titel format="XML">Änderungsmeldung</titel></metadaten><textdaten><text format="XML"><Content><P>(1) Eine Abweichung der Beschäftigung von den in der gemeldeten Einsatzplanung nach § 2 Absatz 2 gemachten Angaben müssen Arbeitgeber oder Verleiher entgegen § 16 Absatz 1 Satz 3 und Absatz 3 Satz 2 des Mindestlohngesetzes, § 18 Absatz 1 Satz 3 und Absatz 3 Satz 2 des Arbeitnehmer-Entsendegesetzes und § 17b Absatz 1 Satz 2 des Arbeitnehmerüberlassungsgesetzes nur melden, wenn der Einsatz am gemeldeten Ort um mindestens acht Stunden verschoben wird.</P><P>(2) Eine Abweichung der Beschäftigung von den in der gemeldeten Einsatzplanung nach § 2 Absatz 3 gemachten Angaben müssen Arbeitgeber oder Verleiher entgegen § 16 Absatz 1 Satz 3 und Absatz 3 Satz 2 des Mindestlohngesetzes, § 18 Absatz 1 Satz 3 und Absatz 3 Satz 2 des Arbeitnehmer-Entsendegesetzes und § 17b Absatz 1 Satz 2 des Arbeitnehmerüberlassungsgesetzes nicht melden.</P></Content></text><fussnoten/></textdaten></norm>
<norm builddate="20230908213504" doknr="BJNR182500014BJNE000502119"><metadaten><jurabk>MiLoMeldV</jurabk><enbez>§ 4</enbez><titel format="XML">Inkrafttreten, Außerkrafttreten</titel></metadaten><textdaten><text format="XML"><Content><P>Diese Verordnung tritt am 1. Januar 2015 in Kraft. Gleichzeitig tritt die Arbeitnehmer-Entsendegesetz-Meldeverordnung vom 10. September 2010 (BGBl. I S. 1304) außer Kraft.</P></Content></text><fussnoten/></textdaten></norm>
</dokumente>