<?xml version="1.0" encoding="UTF-8" ?><!DOCTYPE dokumente SYSTEM "http://www.gesetze-im-internet.de/dtd/1.01/gii-norm.dtd">
<dokumente builddate="20200701212607" doknr="BJNR285800013"><norm builddate="20200701212607" doknr="BJNR285800013"><metadaten><jurabk>SpaEfV</jurabk><amtabk>SpaEfV</amtabk><ausfertigung-datum manuell="ja">2013-07-31</ausfertigung-datum><fundstelle typ="amtlich"><periodikum>BGBl I</periodikum><zitstelle>2013, 2858</zitstelle></fundstelle><kurzue>Spitzenausgleich-Effizienzsystemverordnung</kurzue><langue>Verordnung über Systeme zur Verbesserung der Energieeffizienz im Zusammenhang mit der Entlastung von der Energie- und der Stromsteuer in Sonderfällen</langue><standangabe checked="ja"><standtyp>Stand</standtyp><standkommentar>Zuletzt geändert durch Art. 205 V v. 19.6.2020 I 1328</standkommentar></standangabe></metadaten><textdaten><fussnoten><Content><P><BR/> <pre xml:space="preserve">(+++ Textnachweis ab: 6.8.2013 +++)<BR/><BR/></pre></P></Content></fussnoten></textdaten></norm>
<norm builddate="20200701212607" doknr="BJNR285800013BJNE000100000"><metadaten><jurabk>SpaEfV</jurabk><enbez>Eingangsformel</enbez></metadaten><textdaten><text format="XML"><Content><P>Auf Grund <DL Type="Dash"><DT>–</DT><DD Font="normal"><LA>des § 66b Absatz 1, 2 Nummer 1, 2, 4 und Absatz 3 des Energiesteuergesetzes, der durch Artikel 1 Nummer 18 des Gesetzes vom 5. Dezember 2012 (BGBl. I S. 2436) eingeführt worden ist, sowie</LA></DD><DT>–</DT><DD Font="normal"><LA>des § 12 Absatz 1, 2 Nummer 1, 2, 4 und Absatz 3 des Stromsteuergesetzes, der durch Artikel 2 Nummer 2 des Gesetzes vom 5. Dezember 2012 (BGBl. I S. 2436) eingeführt worden ist,</LA></DD></DL>verordnet das Bundesministerium für Wirtschaft und Technologie im Einvernehmen mit dem Bundesministerium der Finanzen und dem Bundesministerium für Umwelt, Naturschutz und Reaktorsicherheit:</P></Content></text></textdaten></norm>
<norm builddate="20200701212607" doknr="BJNR285800013BJNE000201128"><metadaten><jurabk>SpaEfV</jurabk><enbez>Inhaltsübersicht</enbez></metadaten><textdaten><text format="XML"><TOC><table colsep="0" frame="none" pgwide="1" rowsep="0" tocentry="%yes;"><tgroup align="left" char="" charoff="50" cols="2"><colspec colname="col1" colwidth="15*"/><colspec colname="col2" colwidth="65*"/><tbody valign="top"><row><entry VJ="1" colname="col1">§  1</entry><entry VJ="1" colname="col2">Zweck, Anwendungsbereich</entry></row><row><entry VJ="1" colname="col1">§  2</entry><entry VJ="1" colname="col2">Begriffsbestimmungen</entry></row><row><entry VJ="1" colname="col1">§  3</entry><entry VJ="1" colname="col2">Alternative Systeme zur Verbesserung der Energieeffizienz für kleine und mittlere Unternehmen</entry></row><row><entry VJ="1" colname="col1">§  4</entry><entry VJ="1" colname="col2">Nachweisführung im Regelverfahren</entry></row><row><entry VJ="1" colname="col1">§  5</entry><entry VJ="1" colname="col2">(weggefallen)</entry></row><row><entry VJ="1" colname="col1">§  6</entry><entry VJ="1" colname="col2">Überwachung und Kontrolle</entry></row><row><entry VJ="1" colname="col1">§  7</entry><entry VJ="1" colname="col2">Datenübermittlung</entry></row><row><entry VJ="1" colname="col1">§  8</entry><entry VJ="1" colname="col2">Berichtspflicht der zuständigen Stelle</entry></row><row><entry VJ="1" colname="col1">§  9</entry><entry VJ="1" colname="col2">Ordnungswidrigkeiten</entry></row><row><entry VJ="1" colname="col1">§ 10</entry><entry VJ="1" colname="col2">Inkrafttreten</entry></row><row><entry VJ="1" colname="col1">Anlage 1</entry><entry VJ="1" colname="col2">Inhaltliche Anforderungen an einen Energieaudit-<NB>Bericht entsprechend</NB> DIN EN 16247-1</entry></row><row><entry VJ="1" colname="col1">Anlage 2</entry><entry VJ="1" colname="col2">Alternatives System</entry></row></tbody></tgroup></table></TOC></text><fussnoten/></textdaten></norm>
<norm builddate="20200701212607" doknr="BJNR285800013BJNE000301377"><metadaten><jurabk>SpaEfV</jurabk><enbez>§ 1</enbez><titel format="XML">Zweck, Anwendungsbereich</titel></metadaten><textdaten><text format="XML"><Content><P>Diese Verordnung regelt <DL Font="normal" Type="arabic"><DT>1.</DT><DD Font="normal"><LA Size="normal">Anforderungen an alternative Systeme zur Verbesserung der Energieeffizienz, die von kleinen und mittleren Unternehmen anstelle eines Energie- oder Umweltmanagementsystems betrieben werden können (§ 55 Absatz 4 Satz 2 des Energiesteuergesetzes sowie § 10 Absatz 3 Satz 2 des Stromsteuergesetzes),</LA></DD><DT>2.</DT><DD Font="normal"><LA Size="normal">Anforderungen an die Nachweisführung über den Beginn und den Abschluss der Einführung sowie den Betrieb <DL Font="normal" Type="alpha"><DT>a)</DT><DD Font="normal"><LA Size="normal">eines Energie- oder eines Umweltmanagementsystems nach § 55 Absatz 4 Satz 1 Nummer 1 Buchstabe a oder Buchstabe b des Energiesteuergesetzes und § 10 Absatz 3 Satz 1 Nummer 1 Buchstabe a oder Buchstabe b des Stromsteuergesetzes,</LA></DD><DT>b)</DT><DD Font="normal"><LA Size="normal">eines alternativen Systems zur Verbesserung der Energieeffizienz nach § 3 sowie</LA></DD></DL></LA></DD><DT>3.</DT><DD Font="normal"><LA Size="normal">Vorgaben für die Nachweisführung durch die in § 55 Absatz 8 des Energiesteuergesetzes und in § 10 Absatz 7 des Stromsteuergesetzes genannten Stellen sowie deren Überwachung und Kontrolle.</LA></DD></DL></P></Content></text><fussnoten/></textdaten></norm>
<norm builddate="20200701212607" doknr="BJNR285800013BJNE000402128"><metadaten><jurabk>SpaEfV</jurabk><enbez>§ 2</enbez><titel format="XML">Begriffsbestimmungen</titel></metadaten><textdaten><text format="XML"><Content><P>(1) Im Sinne dieser Verordnung ist <DL Font="normal" Type="arabic"><DT>1.</DT><DD Font="normal"><LA Size="normal">ein Energiemanagementsystem: ein System, das den Anforderungen der DIN EN ISO 50001, Ausgabe Dezember 2011 oder Ausgabe Dezember 2018, entspricht,</LA></DD><DT>2.</DT><DD Font="normal"><LA Size="normal">ein Umweltmanagementsystem: ein System im Sinne der Verordnung (EG) Nr. 1221/2009 des Europäischen Parlaments und des Rates vom 25. November 2009 über die freiwillige Teilnahmen von Organisationen an einem Gemeinschaftssystem für Umweltmanagement und Umweltbetriebsprüfung und zur Aufhebung der Verordnung (EG) Nr. 761/2001, sowie der Beschlüsse der Kommission 2001/681/EG und 2006/193/EG (ABl. L 342 vom 22.12.2009, S. 1) in der jeweils geltenden Fassung,</LA></DD><DT>3.</DT><DD Font="normal"><LA Size="normal">ein alternatives System zur Verbesserung der Energieeffizienz: eins der in § 3 genannten Systeme,</LA></DD><DT>4.</DT><DD Font="normal"><LA Size="normal">ein Energieaudit: ein systematisches Verfahren zur Erlangung ausreichender Informationen über das bestehende Energieverbrauchsprofil eines Unternehmens, zur Ermittlung und Quantifizierung der Möglichkeiten für wirtschaftliche Energieeinsparungen und zur Erfassung der Ergebnisse in einem Bericht,</LA></DD><DT>5.</DT><DD Font="normal"><LA Size="normal">eine EMAS-Registrierungsstelle: die nach § 32 des Umweltauditgesetzes in der Fassung der Bekanntmachung vom 4. September 2002 (BGBl. I S. 3490), das zuletzt durch Artikel 2 Absatz 43 des Gesetzes vom 7. August 2013 (BGBl. I S. 3154) geändert worden ist, in der jeweils geltenden Fassung für die Eintragung in das EMAS-Register zuständige Industrie- und Handelskammer oder Handwerkskammer,</LA></DD><DT>6.</DT><DD Font="normal"><LA Size="normal">der Energieverbrauch: die Menge der eingesetzten Energie und der eingesetzten Energieträger,</LA></DD><DT>7.</DT><DD Font="normal"><LA Size="normal">der Gesamtenergieverbrauch: die gesamte Menge der Energie und der Energieträger, die in dem Unternehmen, auf das sich die Nachweisführung in einem bestimmten Zeitraum bezieht, eingesetzt worden sind,</LA></DD><DT>8.</DT><DD Font="normal"><LA Size="normal">ein Unternehmen: ein Unternehmen im Sinne des § 2 Nummer 4 des Stromsteuergesetzes,</LA></DD><DT>9.</DT><DD Font="normal"><LA Size="normal">ein Nachweis: eine Bescheinigung nach amtlich vorgeschriebenem Vordruck der Bundesfinanzbehörden gemäß § 4 Absatz 6 oder § 5 Absatz 5,</LA></DD><DT>10.</DT><DD Font="normal"><LA Size="normal">ein Testat: ein Zertifikat nach der DIN EN ISO 50001, Ausgabe Dezember 2011 oder Ausgabe Dezember 2018, ein Bericht zum Überwachungsaudit, ein EMAS-Eintragungs- oder EMAS-Verlängerungsbescheid oder eine Bestätigung der EMAS-Registrierungsstelle.</LA></DD></DL></P><P>(2) Die DIN EN ISO- und DIN EN-Normen, auf die in dieser Verordnung verwiesen wird, sind im Beuth Verlag, Berlin, erschienen und bei der Deutschen Nationalbibliothek archivmäßig gesichert niedergelegt.</P></Content></text><fussnoten/></textdaten></norm>
<norm builddate="20200701212607" doknr="BJNR285800013BJNE000500000"><metadaten><jurabk>SpaEfV</jurabk><enbez>§ 3</enbez><titel format="XML">Alternative Systeme zur Verbesserung der Energieeffizienz für kleine und mittlere Unternehmen</titel></metadaten><textdaten><text format="XML"><Content><P>Als alternative Systeme zur Verbesserung der Energieeffizienz für kleine und mittlere Unternehmen (§ 55 Absatz 4 Satz 2 des Energiesteuergesetzes und § 10 Absatz 3 Satz 2 des Stromsteuergesetzes) gelten folgende Systeme: <DL Type="arabic"><DT>1.</DT><DD Font="normal"><LA>ein Energieaudit entsprechend den Anforderungen der DIN EN 16247-1, Ausgabe Oktober 2012, das mit einem Energieauditbericht gemäß der Anlage 1 dieser Verordnung abschließt, oder</LA></DD><DT>2.</DT><DD Font="normal"><LA>ein alternatives System gemäß der Anlage 2 dieser Verordnung.</LA></DD></DL></P></Content></text></textdaten></norm>
<norm builddate="20200701212607" doknr="BJNR285800013BJNE000601377"><metadaten><jurabk>SpaEfV</jurabk><enbez>§ 4</enbez><titel format="XML">Nachweisführung im Regelverfahren</titel></metadaten><textdaten><text format="XML"><Content><P>(1) Voraussetzung für die Nachweisführung über den Betrieb eines Energiemanagementsystems nach § 55 Absatz 4 Satz 1 Nummer 1 Buchstabe a des Energiesteuergesetzes und § 10 Absatz 3 Satz 1 Nummer 1 Buchstabe a des Stromsteuergesetzes ist: <DL Font="normal" Type="arabic"><DT>1.</DT><DD Font="normal"><LA Size="normal">ein gültiges DIN EN ISO 50001-Zertifikat, das frühestens zwölf Monate vor Beginn des Antragsjahres ausgestellt wurde, oder</LA></DD><DT>2.</DT><DD Font="normal"><LA Size="normal">ein gültiges DIN EN ISO 50001-Zertifikat, das zu einem früheren Zeitpunkt als nach Nummer 1 ausgestellt wurde in Verbindung mit einem frühestens zwölf Monate vor Beginn des Antragsjahres ausgestellten Bericht zum Überwachungsaudit, der belegt, dass das Energiemanagementsystem betrieben wurde.</LA></DD></DL></P><P>(2) Voraussetzung für die Nachweisführung über den Betrieb eines Umweltmanagementsystems nach § 55 Absatz 4 Satz 1 Nummer 1 Buchstabe b des Energiesteuergesetzes und § 10 Absatz 3 Satz 1 Nummer 1 Buchstabe b des Stromsteuergesetzes ist: <DL Font="normal" Type="arabic"><DT>1.</DT><DD Font="normal"><LA Size="normal">ein gültiger Eintragungs- oder Verlängerungsbescheid der EMAS-Registrierungsstelle über die Eintragung in das EMAS-Register, der frühestens zwölf Monate vor Beginn des Antragsjahres ausgestellt wurde, oder</LA></DD><DT>2.</DT><DD Font="normal"><LA Size="normal">eine Bestätigung der EMAS-Registrierungsstelle über eine aktive Registrierung mit der Angabe eines Zeitpunkts, bis zu dem die Registrierung gültig ist, auf der Grundlage einer frühestens zwölf Monate vor Beginn des Antragsjahres ausgestellten validierten Aktualisierung der Umwelterklärung, die belegt, dass das Umweltmanagementsystem betrieben wurde. Für kleine und mittlere Unternehmen, die gemäß Artikel 7 der Verordnung (EG) Nr. 1221/2009 für das Antragsjahr oder das Jahr davor von der Verpflichtung zur Vorlage einer validierten aktualisierten Umwelterklärung befreit wurden, kann davon abweichend eine frühestens zwölf Monate vor Beginn des Antragsjahres ausgestellte nicht validierte aktualisierte Umwelterklärung herangezogen werden. Die Befreiung von der Verpflichtung zur Vorlage einer validierten aktualisierten Umwelterklärung ist dem zuständigen Hauptzollamt (§ 1a der Energiesteuer-Durchführungsverordnung sowie § 1 der Stromsteuer-Durchführungsverordnung) mit dem Nachweis nach Absatz 6 vorzulegen.</LA></DD></DL></P><P>(3) Voraussetzung für die Nachweisführung über den Betrieb eines alternativen Systems zur Verbesserung der Energieeffizienz durch ein kleines oder mittleres Unternehmen gemäß § 3 ist: <DL Font="normal" Type="arabic"><DT>1.</DT><DD Font="normal"><LA Size="normal">die Einhaltung der in der Anlage 1 aufgeführten Anforderungen an einen Energieauditbericht, oder</LA></DD><DT>2.</DT><DD Font="normal"><LA Size="normal">die Einhaltung der in der Anlage 2 aufgeführten Anforderungen.</LA></DD></DL>Die Nachweisführung nach Satz 1 muss sich auf alle Unternehmensteile, Anlagen, Standorte, Einrichtungen, Systeme und Prozesse eines Unternehmens beziehen. Abweichend von Satz 2 können einzelne Unternehmensteile oder Standorte von der Nachweisführung mit Ausnahme der Erfassung des Gesamtenergieverbrauchs ausgenommen werden, wenn diese für den Gesamtenergieverbrauch des Unternehmens nicht relevant sind und wenn die Bereiche mit einem wesentlichen Energieeinsatz durch die Nachweisführung abgedeckt werden. Zur Erfüllung der Anforderungen nach Satz 1 muss sich die Nachweisführung auf mindestens 90 Prozent des Gesamtenergieverbrauchs des Unternehmens beziehen. Die in Satz 1 Nummer 1 oder Nummer 2 genannten Anforderungen müssen frühestens zwölf Monate vor Beginn des Antragsjahres erfüllt sein. Dabei sind die Daten eines Zwölf-Monats-Zeitraums heranzuziehen, die für die Nachweisführung über die Erfüllung der Anforderungen jeweils nur für ein Antragsjahr zugrunde gelegt werden dürfen. Die Erfüllung der Anforderungen ist durch die in § 55 Absatz 8 des Energiesteuergesetzes und § 10 Absatz 7 des Stromsteuergesetzes genannten Stellen jährlich zu bestätigen. Die zuständigen Stellen nach § 6 Absatz 1 Satz 2 können die Anwendung von Verfahrensvereinfachungen bei der Überprüfung der Voraussetzungen nach Satz 1, die den Verfahrensvereinfachungen bei der Ausstellung von Testaten nach Absatz 1 oder 2 entsprechen, zulassen.</P><P>(4) Bei Unternehmen mit mehreren Unternehmensteilen oder Standorten ist es für die Nachweisführung unschädlich, wenn für die einzelnen Unternehmensteile oder Standorte <DL Font="normal" Type="arabic"><DT>1.</DT><DD Font="normal"><LA Size="normal">unterschiedliche Systeme nach § 2 Absatz 1 Nummer 1 und 2,</LA></DD><DT>2.</DT><DD Font="normal"><LA Size="normal">bei kleinen und mittleren Unternehmen unterschiedliche Systeme nach § 2 Absatz 1 Nummer 1 bis 3 oder</LA></DD><DT>3.</DT><DD Font="normal"><LA Size="normal">mehrere standortbezogene gleichartige Systeme nach § 2 Absatz 1 Nummer 1 und 2</LA></DD></DL>betrieben werden. In diesen Fällen können einzelne Unternehmensteile oder Standorte von der Nachweisführung ausgenommen werden, wenn der Gesamtenergieverbrauch des Unternehmens erfasst wird und sich die von der Nachweisführung ausgenommenen Unternehmensteile und Standorte auf insgesamt nicht mehr als 5 Prozent des Gesamtenergieverbrauchs des Unternehmens beziehen.</P><P>(5) Die in den Absätzen 1 bis 4 genannten Anforderungen an die Nachweisführung müssen in dem nachweisführenden Unternehmen spätestens bis zum Ablauf des Antragsjahres erfüllt sein. Der Nachweisführung zugrunde gelegte Testate müssen spätestens vor Ablauf des Antragsjahres ausgestellt sein. Für die Ausstellung eines Nachweises über den Betrieb eines alternativen Systems zur Verbesserung der Energieeffizienz nach § 3 müssen bis zum Ablauf des Antragsjahres sämtliche Unterlagen, die zur Nachweisführung erforderlich sind, der für die Ausstellung des Nachweises zuständigen Stelle vorgelegt und etwaige Vor-Ort-Prüfungen durchgeführt worden sein. Sind die Voraussetzungen nach den Sätzen 1 bis 3 erfüllt, kann die für die Ausstellung eines Nachweises zuständige Stelle auch noch nach Ablauf des Antragsjahres eine weitere rein dokumentenbasierte Prüfung durchführen und den Nachweis nach Ablauf des Antragsjahres ausstellen.</P><P>(6) Ein Nachweis über das Vorliegen der Voraussetzungen nach den Absätzen 1 bis 5 erfolgt jeweils für ein Antragsjahr und ist von einer der in § 55 Absatz 8 des Energiesteuergesetzes und in § 10 Absatz 7 des Stromsteuergesetzes genannten Stellen nach amtlich vorgeschriebenem Vordruck der Bundesfinanzbehörden schriftlich auszustellen. Der Nachweis ist dem zuständigen Hauptzollamt von dem Unternehmen zusammen mit dem Antrag nach § 101 der Energiesteuer-Durchführungsverordnung oder nach § 19 der Stromsteuer-Durchführungsverordnung vorzulegen. Im Falle eines Nachweises im Rahmen des Verfahrens nach der Verordnung (EG) Nr. 1221/2009 (EMAS-Verfahren) ist ein Nachweis nach Satz 1 durch Umweltgutachter oder Umweltgutachterorganisationen auszustellen; § 18 des Umweltauditgesetzes gilt entsprechend. Sofern ein Nachweis nach dem EMAS-Verfahren das gesamte Unternehmen abdeckt, kann der Nachweis nach Satz 1 unter den Voraussetzungen des Absatzes 2 auch durch die EMAS-Registrierungsstelle ausgestellt werden. Nachweise von Konformitätsbewertungsstellen, die akkreditiert wurden von einer nationalen Akkreditierungsstelle im Sinne des § 1b Absatz 7 Nummer 2 der Energiesteuer-Durchführungsverordnung oder des § 18 Absatz 2 Nummer 2 der Stromsteuer-Durchführungsverordnung im Einklang mit der Verordnung (EG) Nr. 765/2008 des Europäischen Parlaments und des Rates vom 9. Juli 2008 über die Vorschriften für die Akkreditierung und Marktüberwachung im Zusammenhang mit der Vermarktung von Produkten und zur Aufhebung der Verordnung (EWG) Nr. 339/93 des Rates (ABl. L 218 vom 13.8.2008, S. 30) in der jeweils geltenden Fassung für die Zertifizierung von Energiemanagementsystemen nach der DIN EN ISO 50001 werden anerkannt, sofern dem zuständigen Hauptzollamt eine Kopie der entsprechenden Akkreditierungsurkunde vorgelegt wird.</P></Content></text><fussnoten/></textdaten></norm>
<norm builddate="20200701212607" doknr="BJNR285800013BJNE000702128"><metadaten><jurabk>SpaEfV</jurabk><enbez>§ 5</enbez><titel format="XML">(weggefallen)</titel></metadaten><textdaten><text format="XML"><Content><P/></Content></text><fussnoten/></textdaten></norm>
<norm builddate="20200701212607" doknr="BJNR285800013BJNE000800000"><metadaten><jurabk>SpaEfV</jurabk><enbez>§ 6</enbez><titel format="XML">Überwachung und Kontrolle</titel></metadaten><textdaten><text format="XML"><Content><P>(1) Die Tätigkeit der Umweltgutachter und Umweltgutachterorganisationen oder der Konformitätsbewertungsstellen wird im Rahmen dieser Verordnung von der zuständigen Stelle überwacht und kontrolliert. Zuständige Stelle im Sinne dieser Verordnung ist <DL Type="arabic"><DT>1.</DT><DD Font="normal"><LA>die in § 1b Absatz 8 der Energiesteuer-Durchführungsverordnung und § 18 Absatz 3 der Stromsteuer-Durchführungsverordnung genannte Stelle für die Überwachung der Umweltgutachter und Umweltgutachterorganisationen sowie</LA></DD><DT>2.</DT><DD Font="normal"><LA>die in § 1b Absatz 7 Nummer 1 der Energiesteuer-Durchführungsverordnung und § 18 Absatz 2 Nummer 1 der Stromsteuer-Durchführungsverordnung genannte Stelle für die Überwachung der von ihr akkreditierten Konformitätsbewertungsstellen.</LA></DD></DL></P><P>(2) Die zuständige Stelle hat im Rahmen der Überwachung und Kontrolle insbesondere die erforderlichen Anordnungen zu treffen, um festgestellte Mängel zu beseitigen und künftige Mängel zu verhüten, sowie die erforderlichen Prüfungen und Kontrollen vor Ort durchzuführen. Soweit dies für die Erfüllung der Aufgaben nach Absatz 1 erforderlich ist, sind die Bediensteten und sonstigen Beauftragten der zuständigen Stelle befugt, <DL Type="arabic"><DT>1.</DT><DD Font="normal"><LA>zu den Betriebs- und Geschäftszeiten Betriebsstätten, Geschäfts- und Betriebsräume sowie Transportmittel sowohl von Umweltgutachtern und Umweltgutachterorganisationen oder Konformitätsbewertungsstellen als auch von Unternehmen, denen ein Nachweis nach § 4 oder § 5 ausgestellt oder bestätigt wurde oder werden soll, zu betreten,</LA></DD><DT>2.</DT><DD Font="normal"><LA>alle erforderlichen Geschäftsunterlagen sowohl bei Umweltgutachtern und Umweltgutachterorganisationen oder Konformitätsbewertungsstellen als auch bei Unternehmen, denen ein Nachweis nach § 4 oder § 5 ausgestellt oder bestätigt wurde oder werden soll, einzusehen, zu prüfen und hieraus Abschriften, Auszüge, Ausdrucke oder Kopien anzufertigen, und</LA></DD><DT>3.</DT><DD Font="normal"><LA>die erforderlichen Auskünfte sowohl von Umweltgutachtern und Umweltgutachterorganisationen oder Konformitätsbewertungsstellen als auch von Unternehmen, denen ein Nachweis nach § 4 oder § 5 ausgestellt oder bestätigt wurde oder werden soll, zu verlangen.</LA></DD></DL></P><P>(3) Die Bundesfinanzbehörden können der zuständigen Stelle die erforderlichen Informationen übermitteln, die sie braucht, um die Aufgaben nach dieser Verordnung zu erfüllen.</P><P>(4) Die Vorschriften des Umweltauditgesetzes und des Akkreditierungsstellengesetzes vom 31. Juli 2009 (BGBl. I S. 2625), das zuletzt durch Artikel 2 Absatz 80 des Gesetzes vom 22. Dezember 2012 (BGBl. I S. 3044) geändert worden ist, in der jeweils geltenden Fassung sowie der auf der Grundlage dieser Gesetze erlassenen Verordnungen bleiben unberührt.</P></Content></text></textdaten></norm>
<norm builddate="20200701212607" doknr="BJNR285800013BJNE000900000"><metadaten><jurabk>SpaEfV</jurabk><enbez>§ 7</enbez><titel format="XML">Datenübermittlung</titel></metadaten><textdaten><text format="XML"><Content><P>(1) Soweit dies für die Kontrolle und Überwachung der im Bereich der Durchführung dieser Verordnung tätigen Umweltgutachter und Umweltgutachterorganisationen oder Konformitätsbewertungsstellen erforderlich ist, darf die zuständige Stelle nach § 6 Absatz 1 Satz 2 folgende Daten an die Bundesfinanzbehörden übermitteln: <DL Type="arabic"><DT>1.</DT><DD Font="normal"><LA>Erkenntnisse oder Informationen über Zulassungs- und Aufsichtsmaßnahmen, die die Stelle nach § 6 Absatz 1 Satz 2 Nummer 1 ergriffen hat und die sich auf die Gültigkeit von Testaten eines Umweltgutachters oder einer Umweltgutachterorganisation auswirken können,</LA></DD><DT>2.</DT><DD Font="normal"><LA>Erkenntnisse oder Informationen über Akkreditierungstätigkeiten sowie Maßnahmen, die die Stelle nach § 6 Absatz 1 Satz 2 Nummer 2 ergriffen hat und die sich auf die Gültigkeit von Testaten einer Konformitätsbewertungsstelle auswirken können.</LA></DD></DL></P><P>(2) Die in Absatz 1 aufgeführten Daten werden übermittelt, um den Hauptzollämtern die Prüfung der Gültigkeit eines Testates zu ermöglichen, das von einer Stelle nach § 55 Absatz 8 des Energiesteuergesetzes oder § 10 Absatz 7 des Stromsteuergesetzes ausgestellt worden ist.</P><P>(3) Die in Absatz 1 aufgeführten Daten dürfen nur für den in Absatz 2 genannten Zweck verwendet werden. Unternehmensdaten sind nur insoweit zu übermitteln, als es erforderlich ist, um die übermittelten Informationen einem zu überprüfenden Testat oder einem Steuerverfahren zuzuordnen.</P><P>(4) Die bei den Bundesfinanzbehörden gespeicherten Daten sind zu löschen, wenn sie zur Erfüllung der Aufgaben im Steuerverfahren nicht mehr erforderlich sind, spätestens jedoch nach Ablauf der Festsetzungsfrist nach § 169 der Abgabenordnung.</P></Content></text></textdaten></norm>
<norm builddate="20200701212607" doknr="BJNR285800013BJNE001002123"><metadaten><jurabk>SpaEfV</jurabk><enbez>§ 8</enbez><titel format="XML">Berichtspflicht der zuständigen Stelle</titel></metadaten><textdaten><text format="XML"><Content><P>Die zuständige Stelle legt dem Bundesministerium für Wirtschaft und Energie, dem Bundesministerium für Umwelt, Naturschutz und nukleare Sicherheit sowie dem Bundesministerium der Finanzen jeweils jährlich einen Bericht über die nach § 6 Absatz 1 und 2 durchgeführten Überwachungs- und Kontrollmaßnahmen vor. Der Berichtspflicht kann nachgekommen werden im Rahmen <DL Font="normal" Type="arabic"><DT>1.</DT><DD Font="normal"><LA Size="normal">des Berichts nach § 21 Absatz 2 des Umweltauditgesetzes durch die Stelle nach § 6 Absatz 1 Satz 2 Nummer 1 an die in Satz 1 genannten Ministerien sowie</LA></DD><DT>2.</DT><DD Font="normal"><LA Size="normal">des Berichts nach § 3 der AkkStelleG-Beleihungsverordnung vom 21. Dezember 2009 (BGBl. I S. 3962) in der jeweils geltenden Fassung durch die Stelle nach § 6 Absatz 1 Satz 2 Nummer 2 an die in Satz 1 genannten Ministerien.</LA></DD></DL>§ 9 des Akkreditierungsstellengesetzes und § 29 des Umweltauditgesetzes bleiben unberührt.</P></Content></text><fussnoten/></textdaten></norm>
<norm builddate="20200701212607" doknr="BJNR285800013BJNE001101377"><metadaten><jurabk>SpaEfV</jurabk><enbez>§ 9</enbez><titel format="XML">Ordnungswidrigkeiten</titel></metadaten><textdaten><text format="XML"><Content><P>Ordnungswidrig im Sinne des § 381 Absatz 1 Nummer 1 der Abgabenordnung handelt, wer vorsätzlich oder leichtfertig entgegen § 4 Absatz 6 Satz 1 oder § 5 Absatz 5 Satz 1 einen dort genannten Nachweis nicht richtig ausstellt oder nicht richtig bestätigt.</P></Content></text><fussnoten/></textdaten></norm>
<norm builddate="20200701212607" doknr="BJNR285800013BJNE001200000"><metadaten><jurabk>SpaEfV</jurabk><enbez>§ 10</enbez><titel format="XML">Inkrafttreten</titel></metadaten><textdaten><text format="XML"><Content><P>Diese Verordnung tritt am Tag nach der Verkündung in Kraft.</P></Content></text></textdaten></norm>
<norm builddate="20200701212607" doknr="BJNR285800013BJNE001301377"><metadaten><jurabk>SpaEfV</jurabk><enbez>Anlage 1</enbez><titel format="XML">(zu § 3 Nummer 1)<BR/>Inhaltliche Anforderungen an einen Energieaudit-Bericht entsprechend DIN EN 16247-1</titel></metadaten><textdaten><text format="XML"><Content><P><noindex><kommentar typ="Fundstelle">(Fundstelle: BGBl. I 2013, 2863)</kommentar></noindex></P><P/><P>Der genaue Inhalt des Berichts muss dem Anwendungsbereich, dem Ziel und der Gründlichkeit des Energieaudits entsprechen.</P><P>Der Bericht des Energieaudits muss enthalten: <DL Font="normal" Type="arabic"><DT>1.</DT><DD Font="normal"><LA Size="normal">Zusammenfassung: <DL Font="normal" Type="alpha"><DT>a)</DT><DD Font="normal"><LA Size="normal">Rangfolge der Möglichkeiten zur Verbesserung der Energieeffizienz;</LA></DD><DT>b)</DT><DD Font="normal"><LA Size="normal">vorgeschlagenes Umsetzungsprogramm.</LA></DD></DL></LA></DD><DT>2.</DT><DD Font="normal"><LA Size="normal">Hintergrund: <DL Font="normal" Type="alpha"><DT>a)</DT><DD Font="normal"><LA Size="normal">allgemeine Informationen über die auditierte Organisation, den Energieauditor und die Energieauditmethodik;</LA></DD><DT>b)</DT><DD Font="normal"><LA Size="normal">Kontext des Energieaudits;</LA></DD><DT>c)</DT><DD Font="normal"><LA Size="normal">Beschreibung des/der auditierten Objekte(s);</LA></DD><DT>d)</DT><DD Font="normal"><LA Size="normal">relevante Normen und Vorschriften.</LA></DD></DL></LA></DD><DT>3.</DT><DD Font="normal"><LA Size="normal">Energieaudit: <DL Font="normal" Type="alpha"><DT>a)</DT><DD Font="normal"><LA Size="normal">Beschreibung des Energieaudits, Anwendungsbereich, Ziel und Gründlichkeit, Zeitrahmen und Grenzen;</LA></DD><DT>b)</DT><DD Font="normal"><LA Size="normal">Informationen zur Datenerfassung: <DL Font="normal" Type="a-alpha"><DT>aa)</DT><DD Font="normal"><LA Size="normal">Messaufbau (aktuelle Situation);</LA></DD><DT>bb)</DT><DD Font="normal"><LA Size="normal">Aussage, welche Werte verwendet wurden (und welche Werte davon gemessen und welche geschätzt sind);</LA></DD><DT>cc)</DT><DD Font="normal"><LA Size="normal">Kopie der verwendeten Schlüsseldaten und der Kalibrierungszertifikate, soweit solche Unterlagen vorgeschrieben sind.</LA></DD></DL></LA></DD><DT>c)</DT><DD Font="normal"><LA Size="normal">Analyse des Energieverbrauchs;</LA></DD><DT>d)</DT><DD Font="normal"><LA Size="normal">Kriterien für die Rangfolge von Maßnahmen zur Verbesserung der Energieeffizienz.</LA></DD></DL></LA></DD><DT>4.</DT><DD Font="normal"><LA Size="normal">Möglichkeiten zur Verbesserung der Energieeffizienz: <DL Font="normal" Type="alpha"><DT>a)</DT><DD Font="normal"><LA Size="normal">vorgeschlagene Maßnahmen, Empfehlungen, Plan und Ablaufplan für die Umsetzung;</LA></DD><DT>b)</DT><DD Font="normal"><LA Size="normal">Annahmen, von denen bei der Berechnung von Einsparungen ausgegangen wurde, und die resultierende Genauigkeit der Empfehlungen;</LA></DD><DT>c)</DT><DD Font="normal"><LA Size="normal">Informationen über anwendbare Zuschüsse und Beihilfen;</LA></DD><DT>d)</DT><DD Font="normal"><LA Size="normal">geeignete Wirtschaftlichkeitsanalyse;</LA></DD><DT>e)</DT><DD Font="normal"><LA Size="normal">mögliche Wechselwirkungen mit anderen vorgeschlagenen Empfehlungen;</LA></DD><DT>f)</DT><DD Font="normal"><LA Size="normal">Mess- und Nachweisverfahren, die für eine Abschätzung der Einsparungen nach der Umsetzung der empfohlenen Möglichkeiten anzuwenden sind.</LA></DD></DL></LA></DD><DT>5.</DT><DD Font="normal"><LA Size="normal">Schlussfolgerungen.</LA></DD></DL></P></Content></text><fussnoten/></textdaten></norm>
<norm builddate="20200701212607" doknr="BJNR285800013BJNE001401377"><metadaten><jurabk>SpaEfV</jurabk><enbez>Anlage 2</enbez><titel format="XML">(zu § 3 Nummer 2)<BR/>Alternatives System</titel></metadaten><textdaten><text format="XML"><Content><P><noindex><kommentar typ="Fundstelle">(Fundstelle: BGBl. I 2013, 2864)</kommentar></noindex></P><P/><P><DL Font="normal" Type="arabic"><DT><B>1.</B></DT><DD Font="bold"><LA Size="normal">Erfassung und Analyse eingesetzter Energieträger <DL Font="normal" Type="Dash"><DT>–</DT><DD Font="normal"><LA Size="normal">Bestandsaufnahme der Energieströme und Energieträger.</LA></DD><DT>–</DT><DD Font="normal"><LA Size="normal">Ermittlung wichtiger Kenngrößen in Form von absoluten und prozentualen Einsatzmengen, gemessen in technischen und bewertet in monetären Einheiten.</LA></DD><DT>–</DT><DD Font="normal"><LA Size="normal">Dokumentation der eingesetzten Energieträger mit Hilfe einer Tabelle (siehe Tabelle 1).</LA></DD></DL></LA><LA Size="normal"><table frame="none" pgwide="1" tocentry="%yes;"><tgroup align="left" char="" charoff="50" cols="1"><colspec colname="col1"/><tbody valign="top"><row rowsep="0"><entry VJ="1" align="center"><B>Tabelle 1</B></entry></row><row><entry VJ="1" align="center"><B>Erfassung und Analyse eingesetzter Energieträger</B></entry></row></tbody></tgroup></table></LA><LA Size="normal"><table colsep="1" frame="all" pgwide="1" rowsep="1" tocentry="%yes;"><tgroup align="left" char="" charoff="50" cols="8"><colspec align="center" colname="col1" colnum="1" colwidth="15*"/><colspec align="center" colname="col2" colnum="2" colwidth="20*"/><colspec align="center" colname="col3" colnum="3" colwidth="20*"/><colspec align="center" colname="col4" colnum="4" colwidth="25*"/><colspec align="center" colname="col5" colnum="5" colwidth="19*"/><colspec align="center" colname="col6" colnum="6" colwidth="20*"/><colspec align="center" colname="col7" colnum="7" colwidth="20*"/><colspec align="center" colname="col8" colnum="8" colwidth="20*"/><thead valign="bottom"><row><entry VJ="1" colname="col1" valign="middle">Jahr</entry><entry VJ="1" colname="col2" valign="middle">Eingesetzte Energie/<BR/> Energieträger</entry><entry VJ="1" colname="col3" valign="middle">Verbrauch (kWh/Jahr)</entry><entry VJ="1" colname="col4" valign="middle">Anteil am<BR/> Gesamtenergieverbrauch</entry><entry VJ="1" colname="col5" valign="middle">Kosten</entry><entry VJ="1" colname="col6" valign="middle">Kostenanteil</entry><entry VJ="1" colname="col7" valign="middle">Messsystem oder alternative Art der Erfassung und Analyse</entry><entry VJ="1" colname="col8" valign="middle">Grad der Genauigkeit/<BR/> Kalibrierung</entry></row></thead><tbody valign="top"><row><entry VJ="1" colname="col1"/><entry VJ="1" colname="col2"/><entry VJ="1" colname="col3"/><entry VJ="1" colname="col4"/><entry VJ="1" colname="col5"/><entry VJ="1" colname="col6"/><entry VJ="1" colname="col7"/><entry VJ="1" colname="col8"/></row></tbody></tgroup></table></LA></DD><DT><B>2.</B></DT><DD Font="bold"><LA Size="normal">Erfassung und Analyse von Energie verbrauchenden Anlagen und Geräten <DL Font="normal" Type="Dash"><DT>–</DT><DD Font="normal"><LA Size="normal">Energieverbrauchsanalyse in Form einer Aufteilung der eingesetzten Energieträger auf die Verbraucher.</LA></DD><DT>–</DT><DD Font="normal"><LA Size="normal">Erfassung der Leistungs- und Verbrauchsdaten der Produktionsanlagen sowie Nebenanlagen.</LA></DD><DT>–</DT><DD Font="normal"><LA Size="normal">Für gängige Geräte wie zum Beispiel Geräte zur Drucklufterzeugung, Pumpen, Ventilatoren, Antriebsmotoren, Anlagen zur Wärme- und Kälteerzeugung sowie Geräte zur Beleuchtung und Bürogeräte wird der Energieverbrauch durch kontinuierliche Messung oder durch Schätzung mittels zeitweise installierter Messeinrichtungen (zum Beispiel Stromzange, Wärmezähler) und nachvollziehbarer Hochrechnungen über Betriebs- und Lastkenndaten ermittelt. Für gängige Geräte, für die eine Ermittlung des Energieverbrauchs mittels Messung nicht oder nur mit einem erheblichen Aufwand möglich ist, kann der Energieverbrauch durch nachvollziehbare Hochrechnungen über bestehende Betriebs- und Lastkenndaten ermittelt werden. Für Geräte zur Beleuchtung und für Bürogeräte kann eine Schätzung des Energieverbrauchs mittels anderer nachvollziehbarer Methoden vorgenommen werden.</LA></DD><DT>–</DT><DD Font="normal"><LA Size="normal">Dokumentation des Energieverbrauchs mit Hilfe einer Tabelle (siehe Tabelle 2).</LA></DD></DL></LA><LA Size="normal"><table frame="none" pgwide="1" tocentry="%yes;"><tgroup align="center" char="" charoff="50" cols="1"><colspec colname="col1"/><tbody valign="top"><row rowsep="0"><entry VJ="1"><B>Tabelle 2</B></entry></row><row><entry VJ="1"><B>Erfassung und Analyse von Energieverbrauchern</B></entry></row></tbody></tgroup></table></LA><LA Size="normal"><table colsep="1" frame="all" pgwide="1" rowsep="1" tocentry="%yes;"><tgroup align="left" char="" charoff="50" cols="8"><colspec align="center" colname="col1" colwidth="12*"/><colspec align="center" colname="col2" colwidth="20*"/><colspec align="center" colname="col3" colwidth="12*"/><colspec align="center" colname="col4" colwidth="15*"/><colspec align="center" colname="col5" colwidth="30*"/><colspec align="center" colname="col6" colwidth="30*"/><colspec align="center" colname="col7" colwidth="20*"/><colspec align="center" colname="col8" colwidth="20*"/><thead valign="bottom"><row><entry VJ="1" nameend="col4" namest="col1" valign="middle">Energieverbraucher</entry><entry VJ="1" colname="col5" valign="middle">Eingesetzte<BR/> Energie (kWh)<BR/> und Energieträger</entry><entry VJ="1" colname="col6" valign="middle">Abwärme<BR/> (Temperaturniveau)</entry><entry VJ="1" colname="col7" valign="middle">Messsystem/ Messart oder alternative Art der Erfassung und Analyse</entry><entry VJ="1" colname="col8" valign="middle">Grad der Genauigkeit/<BR/> Kalibrierung</entry></row><row><entry VJ="1" colname="col1">Nr.</entry><entry VJ="1" colname="col2">Anlage/Teil</entry><entry VJ="1" colname="col3">Alter</entry><entry VJ="1" colname="col4">Kapazität</entry><entry VJ="1" colname="col5"/><entry VJ="1" colname="col6"/><entry VJ="1" colname="col7"/><entry VJ="1" colname="col8"/></row></thead><tbody valign="top"><row><entry VJ="1" colname="col1"/><entry VJ="1" colname="col2"/><entry VJ="1" colname="col3"/><entry VJ="1" colname="col4"/><entry VJ="1" colname="col5"/><entry VJ="1" colname="col6"/><entry VJ="1" colname="col7"/><entry VJ="1" colname="col8"/></row></tbody></tgroup></table></LA></DD><DT><B>3.</B></DT><DD Font="bold"><LA Size="normal">Identifizierung und Bewertung von Einsparpotenzialen<DL Font="normal" Type="Dash"><DT>–</DT><DD Font="normal"><LA Size="normal">Identifizierung der Energieeinsparpotenziale (wie zum Beispiel die energetische Optimierung der Anlagen und Systeme sowie die Effizienzsteigerung einzelner Geräte).</LA></DD><DT>–</DT><DD Font="normal"><LA Size="normal">Bewertung der Potenziale zur Verminderung des Energieverbrauchs anhand wirtschaftlicher Kriterien.</LA></DD><DT>–</DT><DD Font="normal"><LA Size="normal">Ermittlung der energetischen Einsparpotenziale in Energieeinheiten und monetären Größen und Aufstellung der Aufwendungen für Energiesparmaßnahmen, beispielsweise für Investitionen.</LA></DD><DT>–</DT><DD Font="normal"><LA Size="normal">Bewertung der Wirtschaftlichkeit der Maßnahmen anhand geeigneter Methoden zur Investitionsbeurteilung, wie interner Verzinsung (Rentabilität) und Amortisationszeit (Risiko); vgl. hierzu das Beispiel der Tabelle 3).</LA></DD></DL></LA><LA Size="normal"><table frame="none" pgwide="1" tocentry="%yes;"><tgroup align="center" char="" charoff="50" cols="1"><colspec colname="col1"/><tbody valign="top"><row rowsep="0"><entry VJ="1"><B>Tabelle 3</B></entry></row><row><entry VJ="1"><B>Bewertung nach interner Verzinsung und Amortisationszeit</B></entry></row></tbody></tgroup></table></LA><LA Size="normal"><table colsep="1" frame="all" pgwide="1" rowsep="1" tocentry="%yes;"><tgroup align="left" char="" charoff="50" cols="6"><colspec align="center" colname="col1" colwidth="25*"/><colspec align="center" colname="col2" colwidth="25*"/><colspec align="center" colname="col3" colwidth="25*"/><colspec align="center" colname="col4" colwidth="24*"/><colspec align="center" colname="col5" colwidth="30*"/><colspec align="center" colname="col6" colwidth="30*"/><thead valign="bottom"><row><entry VJ="1" nameend="col4" namest="col1" valign="middle">Allgemeine Angaben</entry><entry VJ="1" colname="col5" valign="middle">Interne Verzinsung</entry><entry VJ="1" colname="col6" valign="middle">Statische Amortisation</entry></row><row><entry VJ="1" colname="col1" valign="middle">Investition/<BR/>Maßnahme</entry><entry VJ="1" colname="col2" valign="middle">Investitionssumme</entry><entry VJ="1" colname="col3" valign="middle">Einsparung</entry><entry VJ="1" colname="col4" valign="middle">Technische<BR/>Nutzung</entry><entry VJ="1" colname="col5" valign="middle">Rentabilität<BR/>der Investition/a</entry><entry VJ="1" colname="col6" valign="middle">Kapitalrückfluss</entry></row><row><entry VJ="1" colname="col1" valign="middle"/><entry VJ="1" colname="col2" valign="middle">[Euro]</entry><entry VJ="1" colname="col3" valign="middle">[Euro/Jahr]</entry><entry VJ="1" colname="col4" valign="middle">[Jahre]</entry><entry VJ="1" colname="col5" valign="middle">[%]</entry><entry VJ="1" colname="col6" valign="middle">[Jahre]</entry></row></thead><tbody valign="top"><row><entry VJ="1" colname="col1"/><entry VJ="1" colname="col2"/><entry VJ="1" colname="col3"/><entry VJ="1" colname="col4"/><entry VJ="1" colname="col5"/><entry VJ="1" colname="col6"/></row></tbody></tgroup></table></LA></DD><DT><B>4.</B></DT><DD Font="normal"><LA Size="normal"><B>Rückkopplung zur Geschäftsführung und Entscheidung über den Umgang mit den Ergebnissen</B></LA><LA Size="normal">Einmal jährlich hat sich die Geschäftsführung über die Ergebnisse der Nummern 1 bis 3 zu informieren und auf dieser Grundlage entsprechende Beschlüsse über Maßnahmen und Termine zu fassen.</LA></DD></DL></P></Content></text><fussnoten/></textdaten></norm>
</dokumente>