<?xml version="1.0" encoding="UTF-8" ?><!DOCTYPE dokumente SYSTEM "http://www.gesetze-im-internet.de/dtd/1.01/gii-norm.dtd">
<dokumente builddate="20120625151351" doknr="BJNR014260971"><norm builddate="20120625151351" doknr="BJNR014260971"><metadaten><jurabk>FAnpG</jurabk><amtabk>FAnpG</amtabk><ausfertigung-datum manuell="ja">1971-08-30</ausfertigung-datum><fundstelle typ="amtlich"><periodikum>BGBl I</periodikum><zitstelle>1971, 1426</zitstelle></fundstelle><kurzue>Finanzanpassungsgesetz</kurzue><langue>Gesetz zur Anpassung verschiedener Vorschriften über die
Finanzbeziehungen zwischen dem Bund und den Ländern an die Neuregelung der
Finanzverfassung</langue><standangabe checked="ja"><standtyp>Stand</standtyp><standkommentar>Geändert durch Art. V § 6 G v. 23.5.1975 I 1173</standkommentar></standangabe></metadaten><textdaten><fussnoten><Content><P>(+++ Textnachweis Geltung ab: 1.7.1975 +++)</P><P><BR/> Art. 5: FVG 1971 600-1</P></Content></fussnoten></textdaten></norm>
<norm builddate="20120625151351" doknr="BJNR014260971BJNG000100319"><metadaten><jurabk>FAnpG</jurabk><gliederungseinheit><gliederungskennzahl>010</gliederungskennzahl><gliederungsbez>Teil I</gliederungsbez><gliederungstitel>Kosten des Aufgabenvollzugs</gliederungstitel></gliederungseinheit></metadaten><textdaten><text format="XML"><Content><P/></Content></text></textdaten></norm>
<norm builddate="20120625151351" doknr="BJNR014260971BJNE000500319"><metadaten><jurabk>FAnpG</jurabk><enbez>Art 1</enbez><titel format="parat">Verwaltungsausgaben</titel></metadaten><textdaten><text format="XML"><Content><P>(1) Der Bund und die Länder tragen gesondert die Verwaltungsausgaben, die sich aus der Wahrnehmung der ihnen obliegenden Verwaltungsaufgaben ergeben. Die Erstattung von Verwaltungskosten bei Amtshilfe bleibt unberührt.</P><P>(2) Erledigen die Länder oder der Bund auf Grund von Verwaltungsvereinbarungen Verwaltungsaufgaben, die dem anderen Teil obliegen, richtet sich die Erstattung von Verwaltungsausgaben nach den getroffenen Vereinbarungen.</P></Content> </text></textdaten></norm>
<norm builddate="20120625151351" doknr="BJNR014260971BJNE000600319"><metadaten><jurabk>FAnpG</jurabk><enbez>(XXXX) Art 2 bis 4</enbez></metadaten><textdaten><text format="XML"><Content><P/></Content></text><fussnoten/></textdaten></norm>
<norm builddate="20120625151351" doknr="BJNR014260971BJNG000200319"><metadaten><jurabk>FAnpG</jurabk><gliederungseinheit><gliederungskennzahl>020</gliederungskennzahl><gliederungsbez>Teil II</gliederungsbez><gliederungstitel>Neuordnung der Finanzverwaltung</gliederungstitel></gliederungseinheit></metadaten><textdaten><text format="XML"><Content><P/></Content></text></textdaten></norm>
<norm builddate="20120625151351" doknr="BJNR014260971BJNE000700319"><metadaten><jurabk>FAnpG</jurabk><enbez>(XXXX) Art 5 bis 11</enbez></metadaten><textdaten><text format="XML"><Content><P/></Content></text><fussnoten/></textdaten></norm>
<norm builddate="20120625151351" doknr="BJNR014260971BJNG000300319"><metadaten><jurabk>FAnpG</jurabk><gliederungseinheit><gliederungskennzahl>030</gliederungskennzahl><gliederungsbez>Teil III</gliederungsbez><gliederungstitel>Anpassung des Gesetzes zur Förderung der
Stabilität und des Wachstums der Wirtschaft</gliederungstitel></gliederungseinheit></metadaten><textdaten><text format="XML"><Content><P/></Content></text></textdaten></norm>
<norm builddate="20120625151351" doknr="BJNR014260971BJNE000800319"><metadaten><jurabk>FAnpG</jurabk><enbez>Art 12</enbez></metadaten><textdaten><text format="XML"><Content><P>-</P></Content></text><fussnoten/></textdaten></norm>
<norm builddate="20120625151351" doknr="BJNR014260971BJNG000400319"><metadaten><jurabk>FAnpG</jurabk><gliederungseinheit><gliederungskennzahl>040</gliederungskennzahl><gliederungsbez>Teil IV</gliederungsbez><gliederungstitel>Übergangs- und Schlußbestimmungen</gliederungstitel></gliederungseinheit></metadaten><textdaten><text format="XML"><Content><P/></Content></text></textdaten></norm>
<norm builddate="20120625151351" doknr="BJNR014260971BJNE000900319"><metadaten><jurabk>FAnpG</jurabk><enbez>Art 13</enbez><titel format="parat">Überleitung bestimmter Beamter und Versorgungsberechtigter</titel></metadaten><textdaten><text format="XML"><Content><P>(1) Bleibt das nach § 9 Abs. 2 Satz 3 des Gesetzes über die Finanzverwaltung in der Fassung des Artikels 5 einem Oberfinanzpräsidenten zustehende Grundgehalt hinter dem Grundgehalt zurück, das ihm am Tage vor dem Inkrafttreten dieser Vorschrift zustand, so erhält er eine Ausgleichszulage entsprechend Artikel IX § 11 des Zweiten Gesetzes zur Vereinheitlichung und Neuregelung des Besoldungsrechts in Bund und Ländern vom 23. Mai 1975 (Bundesgesetzbl. I S. 1173).</P><P>(2) § 9 Abs. 2 Satz 3 des Gesetzes über die Finanzverwaltung in der Fassung des Artikels 5 ist auch auf Oberfinanzpräsidenten im Ruhestand und auf Hinterbliebene von Oberfinanzpräsidenten anzuwenden. Bleiben die sich hiernach ergebenden Versorgungsbezüge hinter den am Tage vor dem Inkrafttreten dieser Vorschrift zustehenden Versorgungsbezügen zurück, wird den Versorgungsempfängern eine Ausgleichszahlung entsprechend Artikel IX § 11 des Zweiten Gesetzes zur Vereinheitlichung und Neuregelung des Besoldungsrechts in Bund und Ländern vom 23. Mai 1975 (Bundesgesetzblatt I S. 1173) gewährt.</P><P>(3) Mit Inkrafttreten dieses Gesetzes verlieren die Leiter der Oberfinanzkassen, soweit sie vor ihrer Bestellung Landesbeamte waren, die Eigenschaft eines Bundesbeamten, und soweit sie vor ihrer Bestellung Bundesbeamte waren, die Eigenschaft eines Landesbeamten. Die Rechtsstellung der bei Inkrafttreten dieses Gesetzes vorhandenen Ruhestandsbeamten und Hinterbliebenen bleibt unberührt.</P><P>(4) Absatz 3 gilt im Land Berlin nach Maßgabe des Gesetzes zur Regelung der Rechtsverhältnisse der in einzelnen Verwaltungszweigen des Landes Berlin beschäftigten Personen vom 26. April 1957 (Bundesgesetzbl. I S. 397), zuletzt geändert durch das Gesetz zur Neuordnung des Bundesdisziplinarrechts vom 20. Juli 1967 (Bundesgesetzbl. I S. 725).</P></Content>   </text><fussnoten/></textdaten></norm>
<norm builddate="20120625151351" doknr="BJNR014260971BJNE001000319"><metadaten><jurabk>FAnpG</jurabk><enbez>Art 14</enbez><titel format="parat">Überleitung von Ausgaben</titel></metadaten><textdaten><text format="XML"><Content><P>(1) Soweit auf Grund dieses Gesetzes Ausgaben vom Bund auf die Länder übergehen, ist Stichtag der 1. Januar 1972. Alle bis zum 31. Dezember 1971 geleisteten Ausgaben werden in der Haushaltsrechnung des Bundes, alle ab 1. Januar 1972 geleisteten Ausgaben werden in den Haushaltsrechnungen der Länder nachgewiesen.</P><P>(2) Wenn vom Bund vor dem 1. Januar 1972 fällige Ausgaben bis zum 31. Dezember 1971 nicht geleistet worden sind, so hat er den Ländern die hierdurch entstehenden Mehrausgaben zu erstatten. Entsprechendes gilt für die Länder, wenn der Bund vor dem 1. Januar 1972 Mittel aufgewendet hat, um die fristgerechte Leistung von Zahlungen für den auf den 31. Dezember 1971 folgenden Zeitraum sicherzustellen oder von ihm geleistete Vorschüsse und Abschlagszahlungen an die auszahlenden Stellen für die Zeit bis zum 31. Dezember 1971 nicht verwendet worden sind.</P><P>(3) Gehen auf Grund dieses Gesetzes Ausgaben von den Ländern auf den Bund über, so gelten die Absätze 1 und 2 sinngemäß.</P></Content>  </text></textdaten></norm>
<norm builddate="20120625151351" doknr="BJNR014260971BJNE001100319"><metadaten><jurabk>FAnpG</jurabk><enbez>Art 15</enbez><titel format="parat">Auskunftspflicht</titel></metadaten><textdaten><text format="XML"><Content><P>Die zuständigen Bundesbehörden und Landesbehörden sind verpflichtet, sich gegenseitig die nach diesem Gesetz für die Überleitung von Ausgaben erforderlichen Auskünfte zu erteilen und auf Verlangen die sachliche Richtigkeit der Auskünfte von ihren Rechnungshöfen bestätigen zu lassen.</P></Content></text></textdaten></norm>
<norm builddate="20120625151351" doknr="BJNR014260971BJNE001200319"><metadaten><jurabk>FAnpG</jurabk><enbez>Art 16</enbez><titel format="parat">Berlin-Klausel</titel></metadaten><textdaten><text format="XML"><Content><P>Dieses Gesetz gilt nach Maßgabe des § 12 Abs. 1 und des § 13 Abs. 1 des Dritten Überleitungsgesetzes vom 4. Januar 1952 (Bundesgesetzbl. I S. 1) auch im Land Berlin. Rechtsverordnungen, die auf Grund dieses Gesetzes erlassen werden, gelten im Land Berlin nach § 14 des Dritten Überleitungsgesetzes.</P></Content></text></textdaten></norm>
<norm builddate="20120625151351" doknr="BJNR014260971BJNE001300319"><metadaten><jurabk>FAnpG</jurabk><enbez>Art 17</enbez><titel format="parat">Inkrafttreten</titel></metadaten><textdaten><text format="XML"><Content><P>(1) Artikel 1, Artikel 2 mit Ausnahme der Absätze 2 und 3, Artikel 3 sowie § 5 Abs. 1 Nr. 2 bis 7 des Gesetzes über die Finanzverwaltung in der Fassung des Artikels 5 treten am 1. Januar 1972 in Kraft; die Absätze 2 und 3 des Artikels 2 treten am 1. Januar 1974 in Kraft. § 5 Abs. 1 Nr. 3 des Gesetzes über die Finanzverwaltung in der Fassung des Artikels 5 tritt am Tage nach der Verkündung in Kraft, soweit Aufgaben nach der Verordnung über die Erstattung von Umsatzsteuer an ausländische ständige diplomatische Missionen und ihre ausländischen Mitglieder vom 3. April 1970 (Bundesgesetzblatt I S. 316) wahrzunehmen sind. Im übrigen tritt das Gesetz am Tage nach der Verkündung in Kraft.</P></Content></text><fussnoten/></textdaten></norm>
</dokumente>