<?xml version="1.0" encoding="UTF-8" ?><!DOCTYPE dokumente SYSTEM "http://www.gesetze-im-internet.de/dtd/1.01/gii-norm.dtd">
<dokumente builddate="20241127222505" doknr="BJNR018920980"><norm builddate="20241127222505" doknr="BJNR018920980"><metadaten><jurabk>LogAPrO</jurabk><amtabk>LogAPrO</amtabk><ausfertigung-datum manuell="ja">1980-10-01</ausfertigung-datum><fundstelle typ="amtlich"><periodikum>BGBl I</periodikum><zitstelle>1980, 1892</zitstelle></fundstelle><langue>Ausbildungs- und Prüfungsordnung für Logopäden</langue><standangabe checked="ja"><standtyp>Stand</standtyp><standkommentar>Zuletzt geändert durch Art. 2 V v. 21.11.2024 I Nr. 360</standkommentar></standangabe></metadaten><textdaten><fussnoten><Content><P>(+++ Textnachweis ab: 11.10.1980 +++)</P></Content></fussnoten></textdaten></norm>
<norm builddate="20241127222505" doknr="BJNR018920980BJNE000100314"><metadaten><jurabk>LogAPrO</jurabk><enbez>Eingangsformel</enbez></metadaten><textdaten><text format="XML"><Content><P>Auf Grund des § 5 des Gesetzes über den Beruf des Logopäden vom 7. Mai 1980 (BGBl. I S. 529) wird mit Zustimmung des Bundesrates verordnet:</P></Content></text></textdaten></norm>
<norm builddate="20241127222505" doknr="BJNR018920980BJNE000201130"><metadaten><jurabk>LogAPrO</jurabk><enbez>§ 1</enbez><titel format="XML">Ausbildung</titel></metadaten><textdaten><text format="XML"><Content><P>(1) Die dreijährige Ausbildung für Logopäden umfaßt mindestens den in Anlage 1 aufgeführten theoretischen und praktischen Unterricht und die in Anlage 2 aufgeführte praktische Ausbildung.</P><P>(1a) Lehrformate, die selbstgesteuertes Lernen oder E-Learning beinhalten, können zielgerichtet bei der Konzeption des theoretischen und praktischen Unterrichts in einem angemessenen Umfang berücksichtigt werden. Die Teilnahme an Lehrformaten nach Satz 1 ist von den Auszubildenden gegenüber der Schule nachzuweisen. Das Nähere regeln die Länder.</P><P>(2) Der Auszubildende hat seine regelmäßige und erfolgreiche Teilnahme an den nach Absatz 1 vorgeschriebenen Ausbildungsveranstaltungen durch eine Bescheinigung nach dem Muster der Anlage 3 nachzuweisen.</P></Content></text><fussnoten/></textdaten></norm>
<norm builddate="20241127222505" doknr="BJNR018920980BJNE000300314"><metadaten><jurabk>LogAPrO</jurabk><enbez>§ 2</enbez><titel format="parat">Staatliche Prüfung</titel></metadaten><textdaten><text format="XML"><Content><P>(1) Die staatliche Prüfung umfaßt einen schriftlichen, einen mündlichen und einen praktischen Teil.</P><P>(2) Der Prüfling legt die Prüfung vor dem Prüfungsausschuß bei der Schule ab, an der er die Ausbildung abgeschlossen hat. Die zuständige Behörde, in deren Bereich die Prüfung oder ein Teil der Prüfung abgelegt werden soll, kann aus wichtigem Grund Ausnahmen zulassen. Die Vorsitzenden der beteiligten Prüfungsausschüsse sind vorher zu hören. Bei Personen, die beantragen, die Prüfung auf Grund des § 8 Abs. 4 des Gesetzes abzulegen, bestimmt die zuständige Behörde den zuständigen Prüfungsausschuß.</P></Content> </text></textdaten></norm>
<norm builddate="20241127222505" doknr="BJNR018920980BJNE000401116"><metadaten><jurabk>LogAPrO</jurabk><enbez>§ 3</enbez><titel format="XML">Prüfungsausschuß</titel></metadaten><textdaten><text format="XML"><Content><P>(1) Bei jeder Schule wird ein Prüfungsausschuß gebildet, der aus folgenden Mitgliedern besteht: <DL Font="normal" Type="arabic"><DT>1.</DT><DD Font="normal"><LA Size="normal">einem fachlich geeigneten Vertreter der zuständigen Behörde oder einer von der zuständigen Behörde mit der Wahrnehmung dieser Aufgabe betrauten fachlich geeigneten Person als Vorsitzender,</LA></DD><DT>2.</DT><DD Font="normal"><LA Size="normal">einem Beauftragten der Schulverwaltung, wenn die Schule nach den Schulgesetzen eines Landes der staatlichen Aufsicht durch die Schulverwaltung untersteht,</LA></DD><DT>3.</DT><DD Font="normal"><LA Size="normal">folgenden Fachprüfern:<DL Font="normal" Type="arabic"><DT>a)</DT><DD Font="normal"><LA Size="normal">einem an der Schule unterrichtenden Arzt,</LA></DD><DT>b)</DT><DD Font="normal"><LA Size="normal">mindestens einem an der Schule unterrichtenden Logopäden,</LA></DD><DT>c)</DT><DD Font="normal"><LA Size="normal">weiteren an der Schule tätigen Lehrkräften.</LA></DD></DL></LA></DD></DL></P><P>(2) Die zuständige Behörde kann abweichend von Absatz 1 Nr. 1 einen dem Prüfungsausschuß angehörenden Beauftragten der Schulverwaltung zum Vorsitzenden bestellen.</P><P>(3) Jedes Mitglied des Prüfungsausschusses hat einen oder mehrere Stellvertreter. Die zuständige Behörde bestellt die Mitglieder des Prüfungsausschusses sowie deren Stellvertreter. Vor der Bestellung der Lehrkräfte und deren Stellvertreter ist der Leiter der Schule zu hören. Der Vorsitzende bestimmt auf Vorschlag des Leiters der Schule die Fachprüfer und deren Stellvertreter für die einzelnen Fächer.</P><P>(4) Die zuständige Behörde kann Sachverständige und Beobachter zur Teilnahme an allen Prüfungsvorgängen entsenden.</P></Content></text><fussnoten/></textdaten></norm>
<norm builddate="20241127222505" doknr="BJNR018920980BJNE000503310"><metadaten><jurabk>LogAPrO</jurabk><enbez>§ 4</enbez><titel format="parat">Zulassung zur Prüfung</titel></metadaten><textdaten><text format="XML"><Content><P>(1) Der Vorsitzende entscheidet auf Antrag des Prüflings über die Zulassung zur Prüfung und setzt die Prüfungstermine im Benehmen mit dem Leiter der Schule fest.</P><P>(2) Die Zulassung zur Prüfung wird erteilt, wenn folgende Nachweise vorliegen: <DL Font="normal" Type="arabic"><DT>1.</DT><DD Font="normal"><LA Size="normal">der Personalausweis oder Reisepass in amtlich beglaubigter Abschrift,</LA></DD><DT>2.</DT><DD Font="normal"><LA Size="normal">die Bescheinigung nach § 1 Abs. 2 über die Teilnahme an den vorgeschriebenen Ausbildungsveranstaltungen,</LA></DD><DT>3.</DT><DD Font="normal"><LA Size="normal">eine Bescheinigung der Schule, daß die Ausbildung nicht über die in § 4 Abs. 3 des Gesetzes festgelegten Zeiten hinaus unterbrochen worden ist, und</LA></DD><DT>4.</DT><DD Font="normal"><LA Size="normal">ein Nachweis über eine Ausbildung in Erster Hilfe, durch die in mindestens sechzehn Stunden durch theoretischen Unterricht und praktische Unterweisung gründliches Wissen und praktisches Können in Erster Hilfe vermittelt worden sind. Als ein solcher Nachweis gilt insbesondere eine Bescheinigung des Arbeiter-Samariter-Bundes Deutschland e. V., des Deutschen Roten Kreuzes, der Johanniter-Unfallhilfe oder des Malteser-Hilfsdienstes e. V. oder eine Bescheinigung eines Trägers der öffentlichen Verwaltung, insbesondere der Verwaltungen der Bundeswehr, der Bundespolizei oder der Polizeien der Länder über die Teilnahme an einer Ausbildung in Erster Hilfe oder ein gleichwertiger Nachweis sowie ein Zeugnis oder eine Bescheinigung über eine Ausbildung, in deren Rahmen entsprechende Kenntnisse und Fähigkeiten in Erster Hilfe vermittelt worden sind.</LA></DD></DL></P><P>(3) Bei Personen, die beantragen, die Prüfung auf Grund des § 8 Abs. 4 des Gesetzes abzulegen, tritt an die Stelle der in Absatz 2 Nr. 2 bis 4 genannten Nachweise der Nachweis darüber, daß der Antragsteller am 1. Oktober 1980 mindestens fünf Jahre in der Sprach- und Stimmheiltherapie tätig war.</P><P>(4) Die Zulassung sowie die Prüfungstermine sollen dem Prüfling spätestens zwei Wochen vor Prüfungsbeginn schriftlich mitgeteilt werden.</P><P>(5) Die besonderen Belange behinderter Prüflinge sind zur Wahrung ihrer Chancengleichheit bei Durchführung der Prüfungen zu berücksichtigen.</P></Content></text><fussnoten/></textdaten></norm>
<norm builddate="20241127222505" doknr="BJNR018920980BJNE000601130"><metadaten><jurabk>LogAPrO</jurabk><enbez>§ 5</enbez><titel format="XML">Schriftlicher Teil der Prüfung</titel></metadaten><textdaten><text format="XML"><Content><P>(1) Der schriftliche Teil der Prüfung erstreckt sich auf folgende Fächer: <DL Font="normal" Type="arabic"><DT>1.</DT><DD Font="normal"><LA Size="normal">Logopädie,</LA></DD><DT>2.</DT><DD Font="normal"><LA Size="normal">Phoniatrie einschließlich Hals-, Nasen-, Ohrenheilkunde,</LA></DD><DT>3.</DT><DD Font="normal"><LA Size="normal">Audiologie und Pädaudiologie,</LA></DD><DT>4.</DT><DD Font="normal"><LA Size="normal">Neurologie und Psychiatrie,</LA></DD><DT>5.</DT><DD Font="normal"><LA Size="normal">Berufs-, Gesetzes- und Staatsbürgerkunde.</LA></DD></DL>Der Prüfling hat aus diesen Fächern in je einer Aufsichtsarbeit schriftlich gestellte Fragen zu beantworten. Kenntnisse in Anatomie und Physiologie sollen in die Prüfung in den in Satz 1 Nr. 1 bis 4 aufgeführten Fächern einbezogen werden. Die Aufsichtsarbeiten dauern jeweils 90 Minuten und sind an zwei aufeinanderfolgenden Tagen zu erledigen. Die Aufsichtsführenden werden vom Vorsitzenden des Prüfungsausschusses bestellt.</P><P>(2) Die Aufgaben für die Aufsichtsarbeiten werden von dem Vorsitzenden des Prüfungsausschusses im Benehmen mit dem Leiter der Schule bestimmt. Jede Aufsichtsarbeit ist von zwei Fachprüfern nach § 9 zu benoten. Aus den Noten der Fachprüfer bildet der Vorsitzende des Prüfungsausschusses die Note für die einzelne Aufsichtsarbeit als das arithmetische Mittel der Noten der einzelnen Fachprüfer sowie die Prüfungsnote für den schriftlichen Teil der Prüfung. Bei der Bildung der Prüfungsnote für den schriftlichen Teil der Prüfung sind die in Absatz 1 unter Nr. 1 und 2 genannten Fächer mit dem Faktor 2, die übrigen Fächer einfach zu gewichten. Die Berechnung erfolgt auf zwei Stellen nach dem Komma ohne Rundung. Dem berechneten Zahlenwert ist die entsprechende Note nach § 9 zuzuordnen. Der schriftliche Teil der Prüfung ist bestanden, wenn jede Aufsichtsarbeit mindestens mit „ausreichend“ benotet wird.</P></Content></text><fussnoten/></textdaten></norm>
<norm builddate="20241127222505" doknr="BJNR018920980BJNE000702130"><metadaten><jurabk>LogAPrO</jurabk><enbez>§ 6</enbez><titel format="XML">Mündlicher Teil der Prüfung</titel></metadaten><textdaten><text format="XML"><Content><P>(1) Der mündliche Teile der Prüfung erstreckt sich auf folgende Fächer: <DL Font="normal" Type="arabic"><DT>1.</DT><DD Font="normal"><LA Size="normal">Logopädie,</LA></DD><DT>2.</DT><DD Font="normal"><LA Size="normal">Phoniatrie einschließlich Hals-, Nasen-, Ohrenheilkunde,</LA></DD><DT>3.</DT><DD Font="normal"><LA Size="normal">Pädagogik und Sonderpädagogik,</LA></DD><DT>4.</DT><DD Font="normal"><LA Size="normal">Psychologie und klinische Psychologie,</LA></DD><DT>5.</DT><DD Font="normal"><LA Size="normal">Phonetik und Linguistik.</LA></DD></DL>Kenntnisse in Anatomie und Physiologie sollen in die Prüfung in den in Satz 1 Nr. 1, 2 und 5 aufgeführten Fächern einbezogen werden. Die Prüflinge werden einzeln oder in Gruppen bis zu fünf geprüft. In einem Fach soll der Prüfling nicht länger als 20 Minuten geprüft werden.</P><P>(2) Jedes Fach des mündlichen Teils der Prüfung wird von zwei Fachprüfern abgenommen und nach § 9 benotet. Der Vorsitzende des Prüfungsausschusses ist berechtigt, am mündlichen Teil der Prüfung teilzunehmen; ihm steht kein Fragerecht zu. Aus den Noten der Fachprüfer bildet der Vorsitzende des Prüfungsausschusses die Note für jedes einzelne Fach als das arithmetische Mittel der Noten der einzelnen Fachprüfer sowie die Prüfungsnote für den mündlichen Teil der Prüfung. Bei der Bildung der Prüfungsnote für den mündlichen Teil der Prüfung sind die in Absatz 1 unter Nr. 1 und 2 genannten Fächer mit dem Faktor 2, die übrigen Fächer einfach zu gewichten. Die Berechnung erfolgt auf zwei Stellen nach dem Komma ohne Rundung. Dem berechneten Zahlenwert ist die entsprechende Note nach § 9 zuzuordnen. Der mündliche Teil der Prüfung ist bestanden, wenn jedes Fach mindestens mit „ausreichend“ benotet wird.</P><P>(3) Der Vorsitzende des Prüfungsausschusses kann auf Antrag Zuhörer zum mündlichen Teil der Prüfung zulassen.</P></Content></text><fussnoten/></textdaten></norm>
<norm builddate="20241127222505" doknr="BJNR018920980BJNE000802130"><metadaten><jurabk>LogAPrO</jurabk><enbez>§ 7</enbez><titel format="XML">Praktischer Teil der Prüfung</titel></metadaten><textdaten><text format="XML"><Content><P>(1) Der praktische Teil der Prüfung erstreckt sich auf die angewandte Logopädie. Er umfaßt die folgenden Aufgaben: <DL Font="normal" Type="arabic"><DT>1.</DT><DD Font="normal"><LA Size="normal">Der Prüfling hat an einem Patienten oder einer Gruppe von solchen die Anamnese und den Befund zu erheben und einen Behandlungsplan mit den dazugehörigen Erörterungen und Begründungen unter Einbeziehung der sozialen, psychischen, beruflichen und familiären Situation aufzustellen. Der Patient oder eine Gruppe von solchen werden vom Prüfling bis zum praktischen Teil der Prüfung behandelt. Während des praktischen Teils der Prüfung hat der Prüfling eine Behandlung durchzuführen.</LA></DD><DT>2.</DT><DD Font="normal"><LA Size="normal">Der Prüfling hat an einem ihm unbekannten Patienten oder einer Gruppe von solchen eine Behandlung durchzuführen. Das phoniatrisch-logopädische Krankenblatt ist ihm zwei Stunden vor der Prüfungsbehandlung zur Kenntnis zu geben.</LA></DD></DL></P><P>(2) Der Vorsitzende des Prüfungsausschusses bestimmt im Benehmen mit dem Leiter der Schule die Aufgaben für den praktischen Teil der Prüfung. Die Auswahl und die Zuweisung der Patienten erfolgen durch den Leiter der Schule im Einvernehmen mit einem dem Prüfungsausschuß angehörenden Logopäden. Der praktische Teil der Prüfung soll für den Prüfling in höchstens acht Stunden abgeschlossen sein.</P><P>(3) Jede Aufgabe des praktischen Teils der Prüfung nach Absatz 1 Satz 2 Nummer 1 und 2 wird von zwei Fachprüfern abgenommen und nach § 9 benotet. Der Vorsitzende des Prüfungsausschusses ist berechtigt, am praktischen Teil der Prüfung teilzunehmen; ihm steht kein Fragerecht zu. Aus den Noten der Fachprüfer bildet der Vorsitzende des Prüfungsausschusses die Prüfungsnote für den praktischen Teil der Prüfung als das arithmetische Mittel der Noten der einzelnen Fachprüfer. Die Berechnung erfolgt auf zwei Stellen nach dem Komma ohne Rundung. Dem berechneten Zahlenwert ist die entsprechende Note nach § 9 zuzuordnen. Der praktische Teil der Prüfung ist bestanden, wenn jede Aufgabe mindestens mit „ausreichend“ benotet wird.</P><P>(4) Der Vorsitzende des Prüfungsausschusses kann auf Antrag Zuhörer zum praktischen Teil der Prüfung zulassen.</P></Content></text><fussnoten/></textdaten></norm>
<norm builddate="20241127222505" doknr="BJNR018920980BJNE000900314"><metadaten><jurabk>LogAPrO</jurabk><enbez>§ 8</enbez><titel format="parat">Niederschrift</titel></metadaten><textdaten><text format="XML"><Content><P>Über die Prüfung ist eine Niederschrift zu fertigen, aus der Gegenstand, Ablauf und Ergebnis der Prüfung und etwa vorkommende Unregelmäßigkeiten hervorgehen.</P></Content></text></textdaten></norm>
<norm builddate="20241127222505" doknr="BJNR018920980BJNE001001130"><metadaten><jurabk>LogAPrO</jurabk><enbez>§ 9</enbez><titel format="XML">Benotung von Leistungen in der staatlichen Prüfung</titel></metadaten><textdaten><text format="XML"><Content><P>Die in der staatlichen Prüfung erbrachten Leistungen werden wie folgt benotet: <table colsep="1" frame="all" pgwide="1" rowsep="1" tocentry="%yes;"><tgroup align="left" char="" charoff="50" cols="3"><colspec colname="col1" colwidth="30*"/><colspec align="center" colname="col2" colwidth="30*"/><colspec align="justify" colname="col3" colwidth="100*"/><thead valign="bottom"><row><entry VJ="1" align="center" colname="col1" valign="middle">Berechneter Zahlenwert</entry><entry VJ="1" align="center" colname="col2" valign="middle">Note in Worten<BR/> (Zahlenwert)</entry><entry VJ="1" align="center" colname="col3" valign="middle">Notendefinition</entry></row></thead><tbody valign="top"><row><entry VJ="1" align="center" colname="col1">1,00 bis 1,49</entry><entry VJ="1" colname="col2">sehr gut<BR/> (1)</entry><entry VJ="1" colname="col3">eine Leistung, die den Anforderungen in besonderem Maß entspricht</entry></row><row><entry VJ="1" align="center" colname="col1">1,50 bis 2,49</entry><entry VJ="1" colname="col2">gut<BR/> (2)</entry><entry VJ="1" colname="col3">eine Leistung, die den Anforderungen voll entspricht</entry></row><row><entry VJ="1" align="center" colname="col1">2,50 bis 3,49</entry><entry VJ="1" colname="col2">befriedigend<BR/> (3)</entry><entry VJ="1" colname="col3">eine Leistung, die im Allgemeinen den Anforderungen entspricht</entry></row><row><entry VJ="1" align="center" colname="col1">3,50 bis 4,49</entry><entry VJ="1" colname="col2">ausreichend<BR/> (4)</entry><entry VJ="1" colname="col3">eine Leistung, die zwar Mängel aufweist, aber im Ganzen den Anforderungen noch entspricht</entry></row><row><entry VJ="1" align="center" colname="col1">4,50 bis 5,49</entry><entry VJ="1" colname="col2">mangelhaft<BR/> (5)</entry><entry VJ="1" colname="col3">eine Leistung, die den Anforderungen nicht entspricht, jedoch erkennen lässt, dass die notwendigen Grundkenntnisse vorhanden sind und die Mängel in absehbarer Zeit behoben werden können</entry></row><row><entry VJ="1" align="center" colname="col1">5,50 bis 6,00</entry><entry VJ="1" colname="col2">ungenügend<BR/> (6)</entry><entry VJ="1" colname="col3">eine Leistung, die den Anforderungen nicht entspricht und bei der selbst die Grundkenntnisse so lückenhaft sind, dass die Mängel in absehbarer Zeit nicht behoben werden können</entry></row></tbody></tgroup></table></P></Content></text><fussnoten/></textdaten></norm>
<norm builddate="20241127222505" doknr="BJNR018920980BJNE001101130"><metadaten><jurabk>LogAPrO</jurabk><enbez>§ 10</enbez><titel format="XML">Bestehen und Wiederholung der Prüfung</titel></metadaten><textdaten><text format="XML"><Content><P>(1) Die Prüfung ist bestanden, wenn der schriftliche, der mündliche und der praktische Teil der Prüfung mit mindestens &quot;ausreichend&quot; benotet werden.</P><P>(2) Über die bestandene staatliche Prüfung wird ein Zeugnis nach dem Muster der Anlage 4 erteilt, auf dem die Prüfungsnoten einzutragen sind. Über das Nichtbestehen erhält der Prüfling vom Vorsitzenden des Prüfungsausschusses eine schriftliche Mitteilung, in der die Prüfungsnoten anzugeben sind.</P><P>(3) Jede Aufsichtsarbeit des schriftlichen Teils der Prüfung, jedes Fach des mündlichen Teils der Prüfung und jede Aufgabe des praktischen Teils der Prüfung, für die oder für das der Prüfling die Note „mangelhaft“ oder „ungenügend“ erhalten hat, kann zweimal wiederholt werden.</P><P>(4) Hat der Prüfling alle Teile der Prüfung zu wiederholen, so darf er zur Prüfung nur zugelassen werden, wenn er an einer weiteren Ausbildung teilgenommen hat, deren Dauer und Inhalt vom Vorsitzenden des Prüfungsausschusses bestimmt werden. Die Wiederholungsprüfung muß spätestens zwölf Monate nach der letzten Prüfung abgeschlossen sein. Ausnahmen kann die zuständige Behörde in begründeten Fällen zulassen.</P></Content></text><fussnoten/></textdaten></norm>
<norm builddate="20241127222505" doknr="BJNR018920980BJNE001200314"><metadaten><jurabk>LogAPrO</jurabk><enbez>§ 11</enbez><titel format="parat">Rücktritt von der Prüfung</titel></metadaten><textdaten><text format="XML"><Content><P>(1) Tritt ein Prüfling nach seiner Zulassung von der Prüfung zurück, so hat er die Gründe für seinen Rücktritt unverzüglich dem Vorsitzenden des Prüfungsausschusses schriftlich mitzuteilen. Genehmigt der Vorsitzende den Rücktritt, so gilt die Prüfung als nicht unternommen. Die Genehmigung ist schriftlich und nur dann zu erteilen, wenn ein wichtiger, vom Prüfling nicht zu vertretender Grund vorliegt. Im Falle einer Krankheit kann die Vorlage einer ärztlichen Bescheinigung verlangt werden.</P><P>(2) Wird die Genehmigung für den Rücktritt nicht erteilt oder unterläßt es der Prüfling, die Gründe für seinen Rücktritt unverzüglich mitzuteilen, so gilt die Prüfung als nicht bestanden.</P></Content></text></textdaten></norm>
<norm builddate="20241127222505" doknr="BJNR018920980BJNE001300314"><metadaten><jurabk>LogAPrO</jurabk><enbez>§ 12</enbez><titel format="parat">Versäumnisfolgen</titel></metadaten><textdaten><text format="XML"><Content><P>(1) Versäumt ein Prüfling einen Prüfungstermin oder gibt er eine Aufsichtsarbeit nicht oder nicht rechtzeitig ab oder unterbricht er die Prüfung, hat er die Gründe hierfür unverzüglich dem Vorsitzenden des Prüfungsausschusses mitzuteilen. Genehmigt der Vorsitzende die Versäumung des Prüfungstermins oder die nicht oder nicht rechtzeitig erfolgte Abgabe der Aufsichtsarbeit oder die Unterbrechung der Prüfung, so gilt der betreffende Teil der Prüfung als nicht unternommen. Die Genehmigung ist nur zu erteilen, wenn ein wichtiger, vom Prüfling nicht zu vertretender Grund vorliegt. Im Falle einer Krankheit kann die Vorlage einer ärztlichen Bescheinigung verlangt werden.</P><P>(2) Wird die Genehmigung nach Absatz 1 nicht erteilt oder unterläßt es der Prüfling, die Gründe unverzüglich mitzuteilen, so gilt der betreffende Teil der Prüfung als nicht bestanden.</P></Content> </text></textdaten></norm>
<norm builddate="20241127222505" doknr="BJNR018920980BJNE001400314"><metadaten><jurabk>LogAPrO</jurabk><enbez>§ 13</enbez><titel format="parat">Ordnungsverstöße und Täuschungsversuche</titel></metadaten><textdaten><text format="XML"><Content><P>Der Vorsitzende des Prüfungsausschusses kann bei Prüflingen, die die ordnungsgemäße Durchführung der Prüfung in erheblichem Maße gestört oder sich eines Täuschungsversuches schuldig gemacht haben, den betreffenden Teil der Prüfung für &quot;nicht bestanden&quot; erklären. Eine solche Erklärung ist nach Ablauf von drei Jahren nach Abschluß der Prüfung nicht mehr zulässig.</P></Content></text></textdaten></norm>
<norm builddate="20241127222505" doknr="BJNR018920980BJNE001500314"><metadaten><jurabk>LogAPrO</jurabk><enbez>§ 14</enbez><titel format="parat">Prüfungsunterlagen</titel></metadaten><textdaten><text format="XML"><Content><P>Auf Antrag ist dem Prüfungsteilnehmer Einsicht in seine Prüfungsunterlagen zu gewähren. Schriftliche Aufsichtsarbeiten sind drei, Anträge auf Zulassung zur Prüfung und Prüfungsniederschriften zehn Jahre aufzubewahren.</P></Content></text></textdaten></norm>
<norm builddate="20241127222505" doknr="BJNR018920980BJNE001600314"><metadaten><jurabk>LogAPrO</jurabk><enbez>§ 15</enbez><titel format="parat">Erlaubniserteilung</titel></metadaten><textdaten><text format="XML"><Content><P>Liegen die Voraussetzungen des Gesetzes für die Erteilung der Erlaubnis zur Führung der Berufsbezeichnung &quot;Logopäde&quot; vor, so stellt die zuständige Behörde die Erlaubnisurkunde nach dem Muster der Anlage 5 aus.</P></Content></text></textdaten></norm>
<norm builddate="20241127222505" doknr="BJNR018920980BJNE001705116"><metadaten><jurabk>LogAPrO</jurabk><enbez>§ 16</enbez><titel format="XML">Sonderregelungen für Inhaber von Ausbildungsnachweisen aus einem anderen Vertragsstaat des Europäischen Wirtschaftsraumes</titel></metadaten><textdaten><text format="XML"><Content><P>(1) Antragsteller, die eine Erlaubnis nach § 1 des Logopädengesetzes beantragen, können zum Nachweis, daß die Voraussetzungen nach § 2 Abs. 1 Nr. 2 dieses Gesetzes vorliegen, eine von der zuständigen Behörde des Herkunftsmitgliedstaats ausgestellte entsprechende Bescheinigung oder einen von einer solchen Behörde ausgestellten Strafregisterauszug oder, wenn ein solcher nicht beigebracht werden kann, einen gleichwertigen Nachweis vorlegen. Hat die für die Erteilung der Erlaubnis zuständige Behörde berechtigte Zweifel, kann sie von der zuständigen Behörde eines Mitgliedstaates eine Bestätigung verlangen, aus der sich ergibt, dass dem Antragsteller die Ausübung des Berufs, der dem des Logopäden entspricht, nicht auf Grund eines schwerwiegenden standeswidrigen Verhaltens oder einer Verurteilung wegen strafbarer Handlungen dauerhaft oder vorübergehend untersagt worden ist. Hat die für die Erteilung der Erlaubnis zuständige Behörde in den Fällen des Satzes 1 oder 2 von Tatbeständen Kenntnis, die außerhalb des Geltungsbereichs des Logopädengesetzes eingetreten sind und im Hinblick auf die Voraussetzungen des § 2 Abs. 1 Nr. 2 dieses Gesetzes von Bedeutung sein können, so hat sie die zuständige Stelle des Herkunftsmitgliedstaats zu unterrichten und sie zu bitten, diese Tatbestände zu überprüfen und ihr das Ergebnis und die Folgerungen, die sie hinsichtlich der von ihr ausgestellten Bescheinigungen und Nachweise daraus zieht, mitzuteilen. Die in den Sätzen 1 bis 3 genannten Bescheinigungen und Mitteilungen sind vertraulich zu behandeln. Sie dürfen der Beurteilung nur zugrunde gelegt werden, wenn bei der Vorlage die Ausstellung nicht mehr als drei Monate zurückliegt.</P><P>(2) Antragsteller, die eine Erlaubnis nach § 1 Abs. 1 des Gesetzes über den Beruf des Logopäden beantragen, können zum Nachweis, dass die Voraussetzungen nach § 2 Abs. 1 Nr. 3 dieses Gesetzes vorliegen, einen entsprechenden Nachweis ihres Herkunftsmitgliedstaats vorlegen. Wird im Herkunftsmitgliedstaat ein solcher Nachweis nicht verlangt, ist eine von einer zuständigen Behörde dieses Staates ausgestellte Bescheinigung anzuerkennen, aus der sich ergibt, dass die Voraussetzungen des § 2 Abs. 1 Nr. 3 des Gesetzes über den Beruf des Logopäden erfüllt sind. Absatz 1 Satz 4 und 5 gilt entsprechend.</P><P>(3) Antragsteller, die über einen Ausbildungsnachweis im Beruf des Logopäden verfügen, der in einem anderen Vertragsstaat des Europäischen Wirtschaftsraumes erworben worden ist, führen nach der Anerkennung ihrer Berufsqualifikation die Berufsbezeichnung „Logopädin“ oder „Logopäde“.</P><P>(4) Werden von der zuständigen Stelle des Herkunftsmitgliedstaats die in Absatz 1 Satz 1 genannten Bescheinigungen nicht ausgestellt oder die nach Absatz 1 Satz 2 oder Satz 3 nachgefragten Mitteilungen innerhalb von zwei Monaten nicht gemacht, kann der Antragsteller sie durch Vorlage einer Bescheinigung über die Abgabe einer eidesstattlichen Erklärung gegenüber der zuständigen Behörde des Herkunftsmitgliedstaats ersetzen.</P><P>(5) Die zuständige Behörde hat den Dienstleistungserbringer bei der erstmaligen Anzeige einer Dienstleistungserbringung im Sinne des § 5a des Gesetzes über den Beruf des Logopäden binnen eines Monats nach Eingang der Meldung und der Begleitdokumente über das Ergebnis ihrer Nachprüfung zu unterrichten und ihm dabei mitzuteilen, ob sie die Erbringung der Dienstleistung erlaubt oder von ihm verlangt, eine Eignungsprüfung abzulegen. Ist der zuständigen Behörde eine Nachprüfung innerhalb eines Monats nach Eingang der Meldung und der Begleitdokumente in besonderen Ausnahmefällen nicht möglich, unterrichtet sie den Dienstleister innerhalb dieser Frist über die Gründe der Verzögerung; sie hat die der Verzögerung zugrunde liegenden Schwierigkeiten binnen eines Monats nach dieser Mitteilung zu beheben und spätestens innerhalb von zwei Monaten nach der Behebung der der Verzögerung zugrunde liegenden Schwierigkeiten über die Dienstleistungserbringung zu entscheiden. Erhält der Dienstleistungserbringer innerhalb der in den Sätzen 1 und 2 genannten Fristen keine Rückmeldung der zuständigen Behörde, darf die Dienstleistung erbracht werden.</P><P>(6) Die Absätze 1 bis 5 gelten entsprechend für Drittstaatsdiplome, für deren Anerkennung sich nach dem Recht der Europäischen Union eine Gleichstellung ergibt.</P></Content></text><fussnoten/></textdaten></norm>
<norm builddate="20241127222505" doknr="BJNR018920980BJNE002901130"><metadaten><jurabk>LogAPrO</jurabk><enbez>§ 16a</enbez><titel format="XML">Anerkennungsregelungen für Ausbildungsnachweise aus einem anderen Mitgliedstaat der Europäischen Union oder einem anderen Vertragsstaat des Abkommens über den Europäischen Wirtschaftsraum</titel></metadaten><textdaten><text format="XML"><Content><P>(1) Antragsteller, die eine Erlaubnis nach § 1 Absatz 1 des Gesetzes über den Beruf des Logopäden beantragen, haben einen Anpassungslehrgang nach Absatz 2 zu absolvieren oder eine Eignungsprüfung nach Absatz 3 abzulegen, wenn sie über einen Ausbildungsnachweis verfügen, der in einem anderen Mitgliedstaat der Europäischen Union oder einem anderen Vertragsstaat des Abkommens über den Europäischen Wirtschaftsraum erworben worden ist, und ihre Ausbildung wesentliche Unterschiede zu der deutschen Ausbildung aufweist, die von der zuständigen Behörde im Rahmen der Prüfung ihres Antrags auf Erteilung der Erlaubnis zur Führung der Berufsbezeichnung festgestellt worden sind und nicht durch Kenntnisse und Fähigkeiten ausgeglichen werden konnten, die die Antragsteller im Rahmen ihrer nachgewiesenen Berufspraxis oder durch lebenslanges Lernen nach § 2 Absatz 3 Satz 7 des Gesetzes über den Beruf des Logopäden erworben haben.</P><P>(2) Der Anpassungslehrgang dient dem Ausgleich der von der zuständigen Behörde festgestellten wesentlichen Unterschiede (Lehrgangsziel). Er wird entsprechend dem Lehrgangsziel in Form von theoretischem und praktischem Unterricht, einer praktischen Ausbildung mit theoretischer Unterweisung oder beidem an Einrichtungen nach § 4 Absatz 1 des Gesetzes über den Beruf des Logopäden oder an von der zuständigen Behörde als vergleichbar anerkannten Einrichtungen durchgeführt. An der theoretischen Unterweisung sollen Personen nach § 3 Absatz 1 Nummer 3 Buchstabe b in angemessenem Umfang beteiligt werden. Die zuständige Behörde legt die Dauer und die Inhalte des Anpassungslehrgangs so fest, dass das Lehrgangsziel erreicht werden kann. Die Ableistung des Anpassungslehrgangs ist durch eine Bescheinigung nach dem Muster der Anlage 5a nachzuweisen.</P><P>(3) Bei der Eignungsprüfung haben die Antragsteller nachzuweisen, dass sie über die zum Ausgleich der von der zuständigen Behörde festgestellten wesentlichen Unterschiede erforderlichen Kenntnisse und Fähigkeiten verfügen. Sie besteht aus einer praktischen Prüfung. Dabei hat der Prüfling an einem Patienten mit zuvor von der zuständigen Behörde festgelegtem Störungsbild die Anamnese und den Befund zu erheben und einen Behandlungsplan mit den dazugehörigen Erörterungen und Begründungen unter Einbeziehung der sozialen, psychischen, beruflichen und familiären Situation in einem Prüfungsgespräch darzustellen. Im Anschluss hat der Prüfling eine Behandlung des Patienten durchzuführen. Die zuständige Behörde trifft die Auswahl des zu behandelnden Störungsbildes gemäß den festgestellten wesentlichen Unterschieden. Die Eignungsprüfung soll höchstens 180 Minuten dauern. Sie wird von zwei Fachprüfern, darunter mindestens einem Fachprüfer nach § 3 Absatz 1 Nummer 3 Buchstabe b, abgenommen und bewertet. Während der Eignungsprüfung sind den Prüfern Nachfragen gestattet, die sich auf das konkrete praktische Vorgehen beziehen. Die Eignungsprüfung ist erfolgreich abgeschlossen, wenn die Fachprüfer sie übereinstimmend mit „bestanden“ bewerten. Das Bestehen setzt mindestens voraus, dass die Leistung des Prüflings trotz ihrer Mängel noch den Anforderungen genügt. Kommen die Fachprüfer zu einer unterschiedlichen Bewertung, entscheidet der Vorsitzende des Prüfungsausschusses nach Rücksprache mit den Fachprüfern über das Bestehen. Die dem Prüfungsausschuss vorsitzende Person muss zu diesem Zweck während der Prüfung anwesend sein; ihr oder ihm steht ein Fragerecht zu. Die Eignungsprüfung soll mindestens zweimal jährlich angeboten werden. Sie darf einmal wiederholt werden. Über die bestandene Eignungsprüfung wird eine Bescheinigung nach dem Muster der Anlage 5b erteilt.</P><P>(4) Absatz 3 gilt entsprechend für Personen, die sich gemäß § 5a Absatz 3 Satz 6 des Gesetzes über den Beruf des Logopäden einer Eignungsprüfung zu unterziehen haben. Abweichend von Absatz 3 Satz 13 ist dabei sicherzustellen, dass die Eignungsprüfung innerhalb eines Monats nach der Entscheidung gemäß § 16 Absatz 5 Satz 1 oder Satz 2 abgelegt werden kann.</P></Content></text><fussnoten/></textdaten></norm>
<norm builddate="20241127222505" doknr="BJNR018920980BJNE002503130"><metadaten><jurabk>LogAPrO</jurabk><enbez>§ 16b</enbez><titel format="XML">Anerkennungsregelungen für Ausbildungsnachweise aus einem Drittstaat</titel></metadaten><textdaten><text format="XML"><Content><P>(1) Antragsteller, die eine Erlaubnis nach § 1 Absatz 1 des Gesetzes über den Beruf des Logopäden beantragen, haben einen Anpassungslehrgang nach Absatz 2 zu absolvieren, der mit einer Prüfung über den Inhalt des Anpassungslehrgangs abschließt, oder eine Kenntnisprüfung nach Absatz 3 abzulegen, wenn sie über einen Ausbildungsnachweis verfügen, der in einem Drittstaat erworben worden ist und ihre Ausbildung wesentliche Unterschiede zu der deutschen Ausbildung aufweist, die von der zuständigen Behörde im Rahmen der Prüfung ihres Antrags auf Erteilung der Erlaubnis zur Führung der Berufsbezeichnung festgestellt worden sind und nicht durch Kenntnisse und Fähigkeiten ausgeglichen werden konnten, die die Antragsteller im Rahmen ihrer nachgewiesenen Berufspraxis erworben haben. Satz 1 gilt entsprechend für Fälle, in denen eine Prüfung der Gleichwertigkeit des Ausbildungsstandes auf Grund der in § 2 Absatz 2 Satz 5 des Gesetzes über den Beruf des Logopäden vorliegenden Umstände nicht durchgeführt wird.</P><P>(2) Der Anpassungslehrgang dient zusammen mit dem Abschlussgespräch der Feststellung, dass die Antragsteller über die zur Ausübung des Berufs des Logopäden erforderlichen Kenntnisse und Fähigkeiten verfügen (Lehrgangsziel). Er wird entsprechend dem Lehrgangsziel in Form von theoretischem und praktischem Unterricht, einer praktischen Ausbildung mit theoretischer Unterweisung oder beidem an Einrichtungen nach § 4 Absatz 1 des Gesetzes über den Beruf des Logopäden oder an von der zuständigen Behörde als vergleichbar anerkannten Einrichtungen durchgeführt und schließt mit einer Prüfung über den Inhalt des Anpassungslehrgangs ab. An der theoretischen Unterweisung sollen Personen nach § 3 Absatz 1 Nummer 3 Buchstabe b in angemessenem Umfang beteiligt werden. Die zuständige Behörde legt die Dauer und die Inhalte des Anpassungslehrgangs so fest, dass das Lehrgangsziel erreicht werden kann. Die erfolgreiche Ableistung des Anpassungslehrgangs ist durch eine Bescheinigung nach dem Muster der Anlage 6 nachzuweisen. Die Bescheinigung wird erteilt, wenn in der Prüfung, die in Form eines Abschlussgesprächs durchgeführt wird, festgestellt worden ist, dass die Antragsteller das Lehrgangsziel erreicht haben. Das Abschlussgespräch wird von einem Fachprüfer nach § 3 Absatz 1 Nummer 3 gemeinsam mit der Person nach Satz 3, die die Antragsteller während des Lehrgangs mit betreut hat, geführt. Ergibt sich in dem Abschlussgespräch, dass die Antragsteller den Anpassungslehrgang nicht erfolgreich abgeleistet haben, entscheidet der Fachprüfer nach § 3 Absatz 1 Nummer 3 im Benehmen mit der an dem Gespräch teilnehmenden Person nach Satz 3 über eine angemessene Verlängerung des Anpassungslehrgangs. Eine Verlängerung ist nur einmal zulässig. Der Verlängerung folgt ein weiteres Abschlussgespräch. Kann auch nach dem Ergebnis dieses Gesprächs die Bescheinigung nach Satz 5 nicht erteilt werden, darf der Anpassungslehrgang nur einmal wiederholt werden.</P><P>(3) Bei der Kenntnisprüfung haben die Antragsteller nachzuweisen, dass sie über die zur Ausübung des Berufs des Logopäden erforderlichen Kenntnisse und Fähigkeiten verfügen. Die Kenntnisprüfung umfasst jeweils einen mündlichen und praktischen Teil. Sie ist erfolgreich abgeschlossen, wenn jeder der beiden Prüfungsteile bestanden ist.</P><P>(4) Der mündliche Teil der Kenntnisprüfung erstreckt sich auf folgende Fächer: <DL Font="normal" Type="arabic"><DT>1.</DT><DD Font="normal"><LA Size="normal">Berufs- und Gesetzeskunde,</LA></DD><DT>2.</DT><DD Font="normal"><LA Size="normal">Phoniatrie,</LA></DD><DT>3.</DT><DD Font="normal"><LA Size="normal">Logopädie,</LA></DD><DT>4.</DT><DD Font="normal"><LA Size="normal">Phonetik/Linguistik.</LA></DD></DL>Der mündliche Teil der Prüfung soll für den einzelnen Prüfling mindestens 15 und nicht länger als 60 Minuten dauern. Er wird von zwei Fachprüfern nach § 3 Absatz 1 Nummer 3 abgenommen und bewertet. Der mündliche Teil der Kenntnisprüfung ist erfolgreich abgeschlossen, wenn die Fachprüfer ihn in einer Gesamtbetrachtung übereinstimmend mit „bestanden“ bewerten. Das Bestehen setzt mindestens voraus, dass die Leistung des Prüflings trotz ihrer Mängel noch den Anforderungen genügt. Kommen die Fachprüfer zu einer unterschiedlichen Bewertung, entscheidet der Vorsitzende des Prüfungsausschusses nach Rücksprache mit den Fachprüfern über das Bestehen. Die dem Prüfungsausschuss vorsitzende Person muss zu diesem Zweck während der Prüfung anwesend sein; ihr oder ihm steht ein Fragerecht zu.</P><P>(5) Für den praktischen Teil der Kenntnisprüfung gilt § 16a Absatz 3 Satz 2 bis 12 entsprechend.</P><P>(6) Die Kenntnisprüfung soll mindestens zweimal jährlich angeboten werden und darf in jedem Prüfungsteil, das nicht bestanden wurde, einmal wiederholt werden.</P><P>(7) Über die bestandene Kenntnisprüfung wird eine Bescheinigung nach dem Muster der Anlage 7 erteilt.</P></Content></text><fussnoten/></textdaten></norm>
<norm builddate="20241127222505" doknr="BJNR018920980BJNE002602116"><metadaten><jurabk>LogAPrO</jurabk><enbez>§ 16c</enbez><titel format="XML">Fristen, Bescheide, Durchführungsbestimmungen</titel></metadaten><textdaten><text format="XML"><Content><P>(1) Die zuständige Behörde hat über Anträge auf Erteilung einer Erlaubnis als Logopädin oder Logopäde nach § 1 Absatz 1 des Gesetzes über den Beruf des Logopäden in Verbindung mit § 2 Absatz 2, 3, 3a oder Absatz 4 des Gesetzes über den Beruf des Logopäden kurzfristig, spätestens vier Monate, nach Vorlage der für Entscheidungen nach § 2 des Gesetzes über den Beruf des Logopäden erforderlichen Unterlagen zu entscheiden. Im Falle des § 81a des Aufenthaltsgesetzes soll die Entscheidung innerhalb von zwei Monaten erfolgen.</P><P>(2) Über die Feststellung wesentlicher Unterschiede, die zur Auferlegung von Anpassungsmaßnahmen nach den §§ 16a oder 16b führen, ist den Antragstellern ein rechtsmittelfähiger Bescheid zu erteilen, der folgende Angaben enthält: <DL Font="normal" Type="arabic"><DT>1.</DT><DD Font="normal"><LA Size="normal">das Niveau der in Deutschland verlangten Qualifikation und das Niveau der von den Antragstellern vorgelegten Qualifikation gemäß der Klassifizierung in Artikel 11 der Richtlinie 2005/36/EG des Europäischen Parlaments und des Rates vom 7. September 2005 über die Anerkennung von Berufsqualifikationen (ABl. L 255 vom 30.9.2005, S. 22, L 271 vom 16.10.2007, S. 18) in der jeweils geltenden Fassung,</LA></DD><DT>2.</DT><DD Font="normal"><LA Size="normal">die Fächer oder Ausbildungsbestandteile, bei denen wesentliche Unterschiede festgestellt wurden,</LA></DD><DT>3.</DT><DD Font="normal"><LA Size="normal">eine inhaltliche Erläuterung der wesentlichen Unterschiede sowie die Begründung, warum diese dazu führen, dass die Antragsteller nicht in ausreichender Form über die in Deutschland zur Ausübung des Berufs des Logopäden notwendigen Kenntnisse und Fähigkeiten verfügen, und</LA></DD><DT>4.</DT><DD Font="normal"><LA Size="normal">eine Begründung, warum die wesentlichen Unterschiede nicht durch Kenntnisse und Fähigkeiten ausgeglichen werden konnten, die die Antragsteller im Rahmen ihrer nachgewiesenen Berufspraxis oder durch lebenslanges Lernen im Sinne des § 2 Absatz 3 Satz 7 des Gesetzes über den Beruf des Logopäden erworben haben.</LA></DD></DL></P><P>(3) Die Prüfungen nach § 16a Absatz 3 und § 16b Absatz 3 finden in Form einer staatlichen Prüfung vor einer staatlichen Prüfungskommission statt. Die Länder können zur Durchführung der Prüfungen die regulären Prüfungstermine der staatlichen Prüfung nach § 2 Absatz 1 nutzen; sie haben dabei sicherzustellen, dass die Antragsteller die Prüfungen innerhalb von sechs Monaten nach der Entscheidung nach Absatz 1 ablegen können. Soweit in den §§ 16a und 16b nichts anderes bestimmt ist, gelten die §§ 8, 11 bis 14 für die Durchführung der Prüfungen nach Satz 1 entsprechend.</P></Content></text><fussnoten/></textdaten></norm>
<norm builddate="20241127222505" doknr="BJNR018920980BJNE001800314"><metadaten><jurabk>LogAPrO</jurabk><enbez>§ 17</enbez><titel format="parat">Inkrafttreten</titel></metadaten><textdaten><text format="XML"><Content><P>Diese Verordnung tritt am Tag nach der Verkündung in Kraft.</P></Content></text></textdaten></norm>
<norm builddate="20241127222505" doknr="BJNR018920980BJNE001900314"><metadaten><jurabk>LogAPrO</jurabk><enbez>Schlußformel</enbez></metadaten><textdaten><text format="XML"><Content><P><SP>Der Bundesminister für Jugend, Familie und Gesundheit</SP></P></Content></text></textdaten></norm>
<norm builddate="20241127222505" doknr="BJNR018920980BJNE002000314"><metadaten><jurabk>LogAPrO</jurabk><enbez>Anlage 1</enbez><titel format="parat">(zu § 1 Abs. 1)</titel></metadaten><textdaten><text format="XML"><Content><P><ABWFORMAT typ="A"/><kommentar typ="Fundstelle">Fundstelle des Originaltextes: BGBl. I 1980, 1895 - 1897</kommentar><BR/><table frame="none" tocentry="%yes;"><Title Align="auto">Theoretischer und praktischer Unterricht</Title><tgroup align="left" char="" charoff="50" cols="3" colsep="0" rowsep="0"><colspec colname="col1" colnum="1" colwidth="20*"/><colspec colname="col2" colnum="2" colwidth="45*"/><colspec colname="col3" colnum="3" colwidth="10*"/><thead valign="bottom"><row><entry VJ="1" align="left" colsep="0" valign="top"> </entry><entry VJ="1" align="left" colsep="0" valign="top"> </entry><entry VJ="1" align="center" colsep="0" valign="top"><B>Stunden</B></entry></row></thead><tbody valign="top"><row><entry VJ="1" align="left" colsep="0" valign="top">1.</entry><entry VJ="1" align="left" colsep="0" valign="top"><B>Berufs-, Gesetzes- und Staatsbürgerkunde</B></entry><entry VJ="1" align="center" colsep="0" valign="top">60</entry></row><row><entry VJ="1" align="left" colsep="0" valign="top">1.1</entry><entry VJ="1" align="left" colsep="0" valign="top">Gesetz über den Beruf des Logopäden</entry><entry VJ="1" align="left" colsep="0" valign="top"> </entry></row><row><entry VJ="1" align="left" colsep="0" valign="top">1.2</entry><entry VJ="1" align="left" colsep="0" valign="top">Aufgaben des Logopäden</entry><entry VJ="1" align="left" colsep="0" valign="top"> </entry></row><row><entry VJ="1" align="left" colsep="0" valign="top">1.3</entry><entry VJ="1" align="left" colsep="0" valign="top">Gesetzliche Regelungen für die übrigen Berufe des Gesundheitswesens</entry><entry VJ="1" align="left" colsep="0" valign="top"> </entry></row><row><entry VJ="1" align="left" colsep="0" valign="top">1.4</entry><entry VJ="1" align="left" colsep="0" valign="top">Strafrechtliche und bürgerlich-rechtliche Bestimmungen, die für die Ausübung des Berufs von Bedeutung sind</entry><entry VJ="1" align="left" colsep="0" valign="top"> </entry></row><row><entry VJ="1" align="left" colsep="0" valign="top">1.5</entry><entry VJ="1" align="left" colsep="0" valign="top">Einführung in das Seuchen- und Arznei- und Betäubungsmittelrecht</entry><entry VJ="1" align="left" colsep="0" valign="top"> </entry></row><row><entry VJ="1" align="left" colsep="0" valign="top">1.6</entry><entry VJ="1" align="left" colsep="0" valign="top">Einführung in das Arbeits- und Sozialrecht einschließlich Rehabilitationsgesetze und Jugendschutzrecht; Unfallverhütungsvorschriften</entry><entry VJ="1" align="left" colsep="0" valign="top"> </entry></row><row><entry VJ="1" align="left" colsep="0" valign="top">1.7</entry><entry VJ="1" align="left" colsep="0" valign="top">Grundbegriffe der Krankenhausbetriebs- und -verwaltungslehre</entry><entry VJ="1" align="left" colsep="0" valign="top"> </entry></row><row><entry VJ="1" align="left" colsep="0" valign="top">1.8</entry><entry VJ="1" align="left" colsep="0" valign="top">Das öffentliche Gesundheitswesen und Dokumentation, Statistik und Datenverarbeitung in der Medizin</entry><entry VJ="1" align="left" colsep="0" valign="top"> </entry></row><row><entry VJ="1" align="left" colsep="0" valign="top">1.9</entry><entry VJ="1" align="left" colsep="0" valign="top">Grundlagen der staatlichen Ordnung in der Bundesrepublik Deutschland</entry><entry VJ="1" align="left" colsep="0" valign="top"> </entry></row><row><entry VJ="1" align="left" colsep="0" valign="top">2.</entry><entry VJ="1" align="left" colsep="0" valign="top"><B>Anatomie und Physiologie</B></entry><entry VJ="1" align="center" colsep="0" valign="top">100</entry></row><row><entry VJ="1" align="left" colsep="0" valign="top">2.1</entry><entry VJ="1" align="left" colsep="0" valign="top">Zelle und Gewebe</entry><entry VJ="1" align="left" colsep="0" valign="top"> </entry></row><row><entry VJ="1" align="left" colsep="0" valign="top">2.2</entry><entry VJ="1" align="left" colsep="0" valign="top">Fortpflanzung, Wachstum, Reifung</entry><entry VJ="1" align="left" colsep="0" valign="top"> </entry></row><row><entry VJ="1" align="left" colsep="0" valign="top">2.3</entry><entry VJ="1" align="left" colsep="0" valign="top">Kreislauf</entry><entry VJ="1" align="left" colsep="0" valign="top"> </entry></row><row><entry VJ="1" align="left" colsep="0" valign="top">2.4</entry><entry VJ="1" align="left" colsep="0" valign="top">Zentrales Nervensystem</entry><entry VJ="1" align="left" colsep="0" valign="top"> </entry></row><row><entry VJ="1" align="left" colsep="0" valign="top">2.5</entry><entry VJ="1" align="left" colsep="0" valign="top">Atmungsorgane</entry><entry VJ="1" align="left" colsep="0" valign="top"> </entry></row><row><entry VJ="1" align="left" colsep="0" valign="top">2.6</entry><entry VJ="1" align="left" colsep="0" valign="top">Stimmorgane</entry><entry VJ="1" align="left" colsep="0" valign="top"> </entry></row><row><entry VJ="1" align="left" colsep="0" valign="top">2.7</entry><entry VJ="1" align="left" colsep="0" valign="top">Sprechorgane</entry><entry VJ="1" align="left" colsep="0" valign="top"> </entry></row><row><entry VJ="1" align="left" colsep="0" valign="top">2.8</entry><entry VJ="1" align="left" colsep="0" valign="top">Funktionen</entry><entry VJ="1" align="left" colsep="0" valign="top"> </entry></row><row><entry VJ="1" align="left" colsep="0" valign="top">2.8.1</entry><entry VJ="1" align="left" colsep="0" valign="top">des Hörorgans</entry><entry VJ="1" align="left" colsep="0" valign="top"> </entry></row><row><entry VJ="1" align="left" colsep="0" valign="top">2.8.2</entry><entry VJ="1" align="left" colsep="0" valign="top">der Atmungsorgane</entry><entry VJ="1" align="left" colsep="0" valign="top"> </entry></row><row><entry VJ="1" align="left" colsep="0" valign="top">2.8.3</entry><entry VJ="1" align="left" colsep="0" valign="top">der Stimmorgane</entry><entry VJ="1" align="left" colsep="0" valign="top"> </entry></row><row><entry VJ="1" align="left" colsep="0" valign="top">2.8.4</entry><entry VJ="1" align="left" colsep="0" valign="top">der Sprechorgane</entry><entry VJ="1" align="left" colsep="0" valign="top"> </entry></row><row><entry VJ="1" align="left" colsep="0" valign="top">2.8.5</entry><entry VJ="1" align="left" colsep="0" valign="top">des zentralen Nervensystems</entry><entry VJ="1" align="left" colsep="0" valign="top"> </entry></row><row><entry VJ="1" align="left" colsep="0" valign="top">3.</entry><entry VJ="1" align="left" colsep="0" valign="top"><B>Pathologie</B></entry><entry VJ="1" align="center" colsep="0" valign="top">20</entry></row><row><entry VJ="1" align="left" colsep="0" valign="top">3.1</entry><entry VJ="1" align="left" colsep="0" valign="top">Krankheit und Krankheitsursachen</entry><entry VJ="1" align="left" colsep="0" valign="top"> </entry></row><row><entry VJ="1" align="left" colsep="0" valign="top">3.2</entry><entry VJ="1" align="left" colsep="0" valign="top">Reaktionen, Entzündungen</entry><entry VJ="1" align="left" colsep="0" valign="top"> </entry></row><row><entry VJ="1" align="left" colsep="0" valign="top">3.3</entry><entry VJ="1" align="left" colsep="0" valign="top">Re- und Degeneration</entry><entry VJ="1" align="left" colsep="0" valign="top"> </entry></row><row><entry VJ="1" align="left" colsep="0" valign="top">3.4</entry><entry VJ="1" align="left" colsep="0" valign="top">Hypertrophie, Atrophie und Nekrose</entry><entry VJ="1" align="left" colsep="0" valign="top"> </entry></row><row><entry VJ="1" align="left" colsep="0" valign="top">3.5</entry><entry VJ="1" align="left" colsep="0" valign="top">Thrombose, Embolie, Infarkt</entry><entry VJ="1" align="left" colsep="0" valign="top"> </entry></row><row><entry VJ="1" align="left" colsep="0" valign="top">3.6</entry><entry VJ="1" align="left" colsep="0" valign="top">Wunden, Blutungen, Wundheilung</entry><entry VJ="1" align="left" colsep="0" valign="top"> </entry></row><row><entry VJ="1" align="left" colsep="0" valign="top">3.7</entry><entry VJ="1" align="left" colsep="0" valign="top">Geschwülste</entry><entry VJ="1" align="left" colsep="0" valign="top"> </entry></row><row><entry VJ="1" align="left" colsep="0" valign="top">4.</entry><entry VJ="1" align="left" colsep="0" valign="top"><B>Hals-, Nasen-, Ohren-Heilkunde</B></entry><entry VJ="1" align="center" colsep="0" valign="top">60</entry></row><row><entry VJ="1" align="left" colsep="0" valign="top">4.1</entry><entry VJ="1" align="left" colsep="0" valign="top">Erkrankungen des Hörorgans</entry><entry VJ="1" align="left" colsep="0" valign="top"> </entry></row><row><entry VJ="1" align="left" colsep="0" valign="top">4.2</entry><entry VJ="1" align="left" colsep="0" valign="top">Erkrankungen der Nase, der Nasennebenhöhlen</entry><entry VJ="1" align="left" colsep="0" valign="top"> </entry></row><row><entry VJ="1" align="left" colsep="0" valign="top">4.3</entry><entry VJ="1" align="left" colsep="0" valign="top">Erkrankungen des Rachens</entry><entry VJ="1" align="left" colsep="0" valign="top"> </entry></row><row><entry VJ="1" align="left" colsep="0" valign="top">4.4</entry><entry VJ="1" align="left" colsep="0" valign="top">Erkrankungen der Mundhöhle und Speicheldrüsen</entry><entry VJ="1" align="left" colsep="0" valign="top"> </entry></row><row><entry VJ="1" align="left" colsep="0" valign="top">4.5</entry><entry VJ="1" align="left" colsep="0" valign="top">Erkrankungen des Kehlkopfes und der unteren Luftwege</entry><entry VJ="1" align="left" colsep="0" valign="top"> </entry></row><row><entry VJ="1" align="left" colsep="0" valign="top">4.6</entry><entry VJ="1" align="left" colsep="0" valign="top">Erkrankungen des Halsbereiches</entry><entry VJ="1" align="left" colsep="0" valign="top"> </entry></row><row><entry VJ="1" align="left" colsep="0" valign="top">5.</entry><entry VJ="1" align="left" colsep="0" valign="top"><B>Pädiatrie und Neuropädiatrie</B></entry><entry VJ="1" align="center" colsep="0" valign="top">80</entry></row><row><entry VJ="1" align="left" colsep="0" valign="top">5.1</entry><entry VJ="1" align="left" colsep="0" valign="top">Vererbung und Evolution</entry><entry VJ="1" align="left" colsep="0" valign="top"> </entry></row><row><entry VJ="1" align="left" colsep="0" valign="top">5.2</entry><entry VJ="1" align="left" colsep="0" valign="top">Normale und pathologische Entwicklung in der prä-, peri- und postnatalen Phase</entry><entry VJ="1" align="left" colsep="0" valign="top"> </entry></row><row><entry VJ="1" align="left" colsep="0" valign="top">5.3</entry><entry VJ="1" align="left" colsep="0" valign="top">Stoffwechselerkrankungen und endokrine Störungen</entry><entry VJ="1" align="left" colsep="0" valign="top"> </entry></row><row><entry VJ="1" align="left" colsep="0" valign="top">5.4</entry><entry VJ="1" align="left" colsep="0" valign="top">Erkrankungen der Atmungs- und Kreislauforgane</entry><entry VJ="1" align="left" colsep="0" valign="top"> </entry></row><row><entry VJ="1" align="left" colsep="0" valign="top">5.5</entry><entry VJ="1" align="left" colsep="0" valign="top">Infektionskrankheiten einschließlich Hygiene im klinischen und außerklinischen Bereich</entry><entry VJ="1" align="left" colsep="0" valign="top"> </entry></row><row><entry VJ="1" align="left" colsep="0" valign="top">5.6</entry><entry VJ="1" align="left" colsep="0" valign="top">Gesundheitserziehung, Gesundheitsvorsorge und Früherkennung</entry><entry VJ="1" align="left" colsep="0" valign="top"> </entry></row><row><entry VJ="1" align="left" colsep="0" valign="top">5.7</entry><entry VJ="1" align="left" colsep="0" valign="top">Impfungen und Impfschäden</entry><entry VJ="1" align="left" colsep="0" valign="top"> </entry></row><row><entry VJ="1" align="left" colsep="0" valign="top">5.8</entry><entry VJ="1" align="left" colsep="0" valign="top">Cerebrale Bewegungsstörungen und Dysfunktionen</entry><entry VJ="1" align="left" colsep="0" valign="top"> </entry></row><row><entry VJ="1" align="left" colsep="0" valign="top">6.</entry><entry VJ="1" align="left" colsep="0" valign="top"><B>Kinder- und Jugendpsychiatrie</B></entry><entry VJ="1" align="center" colsep="0" valign="top">40</entry></row><row><entry VJ="1" align="left" colsep="0" valign="top">6.1</entry><entry VJ="1" align="left" colsep="0" valign="top">Störungen der geistigen Entwicklung</entry><entry VJ="1" align="left" colsep="0" valign="top"> </entry></row><row><entry VJ="1" align="left" colsep="0" valign="top">6.2</entry><entry VJ="1" align="left" colsep="0" valign="top">Spezielle Psychopathologie</entry><entry VJ="1" align="left" colsep="0" valign="top"> </entry></row><row><entry VJ="1" align="left" colsep="0" valign="top">7.</entry><entry VJ="1" align="left" colsep="0" valign="top"><B>Neurologie und Psychiatrie</B></entry><entry VJ="1" align="center" colsep="0" valign="top">60</entry></row><row><entry VJ="1" align="left" colsep="0" valign="top">7.1</entry><entry VJ="1" align="left" colsep="0" valign="top">Erkrankungen des zentralen Nervensystems</entry><entry VJ="1" align="left" colsep="0" valign="top"> </entry></row><row><entry VJ="1" align="left" colsep="0" valign="top">7.2</entry><entry VJ="1" align="left" colsep="0" valign="top">Erkrankungen des peripheren Nervensystems</entry><entry VJ="1" align="left" colsep="0" valign="top"> </entry></row><row><entry VJ="1" align="left" colsep="0" valign="top">7.3</entry><entry VJ="1" align="left" colsep="0" valign="top">Neurologische Untersuchungsverfahren</entry><entry VJ="1" align="left" colsep="0" valign="top"> </entry></row><row><entry VJ="1" align="left" colsep="0" valign="top">7.4</entry><entry VJ="1" align="left" colsep="0" valign="top">Allgemeine Psychopathologie</entry><entry VJ="1" align="left" colsep="0" valign="top"> </entry></row><row><entry VJ="1" align="left" colsep="0" valign="top">7.5</entry><entry VJ="1" align="left" colsep="0" valign="top">Psychosen und Neurosen</entry><entry VJ="1" align="left" colsep="0" valign="top"> </entry></row><row><entry VJ="1" align="left" colsep="0" valign="top">8.</entry><entry VJ="1" align="left" colsep="0" valign="top"><B>Kieferorthopädie, Kieferchirurgie</B></entry><entry VJ="1" align="center" colsep="0" valign="top">20</entry></row><row><entry VJ="1" align="left" colsep="0" valign="top">8.1</entry><entry VJ="1" align="left" colsep="0" valign="top">Form und Funktion der Kauorgane</entry><entry VJ="1" align="left" colsep="0" valign="top"> </entry></row><row><entry VJ="1" align="left" colsep="0" valign="top">8.2</entry><entry VJ="1" align="left" colsep="0" valign="top">Pathologie der Kauorgane</entry><entry VJ="1" align="left" colsep="0" valign="top"> </entry></row><row><entry VJ="1" align="left" colsep="0" valign="top">8.3</entry><entry VJ="1" align="left" colsep="0" valign="top">Lippen-, Kiefer-, Gaumen-Spalten</entry><entry VJ="1" align="left" colsep="0" valign="top"> </entry></row><row><entry VJ="1" align="left" colsep="0" valign="top">8.4</entry><entry VJ="1" align="left" colsep="0" valign="top">Kieferorthopädische Maßnahmen</entry><entry VJ="1" align="left" colsep="0" valign="top"> </entry></row><row><entry VJ="1" align="left" colsep="0" valign="top">9.</entry><entry VJ="1" align="left" colsep="0" valign="top"><B>Phoniatrie</B></entry><entry VJ="1" align="center" colsep="0" valign="top">120</entry></row><row><entry VJ="1" align="left" colsep="0" valign="top">9.1</entry><entry VJ="1" align="left" colsep="0" valign="top">Stimmstörungen organischer, funktioneller und psychogener Ursache</entry><entry VJ="1" align="left" colsep="0" valign="top"> </entry></row><row><entry VJ="1" align="left" colsep="0" valign="top">9.2</entry><entry VJ="1" align="left" colsep="0" valign="top">Rehabilitation nach Kehlkopfoperationen</entry><entry VJ="1" align="left" colsep="0" valign="top"> </entry></row><row><entry VJ="1" align="left" colsep="0" valign="top">9.3</entry><entry VJ="1" align="left" colsep="0" valign="top">Die Sprachentwicklung und ihre Störungen</entry><entry VJ="1" align="left" colsep="0" valign="top"> </entry></row><row><entry VJ="1" align="left" colsep="0" valign="top">9.4</entry><entry VJ="1" align="left" colsep="0" valign="top">Sprach- und Sprechstörungen durch Hörbehinderungen</entry><entry VJ="1" align="left" colsep="0" valign="top"> </entry></row><row><entry VJ="1" align="left" colsep="0" valign="top">9.5</entry><entry VJ="1" align="left" colsep="0" valign="top">Zentrale Sprach- und Sprechstörungen bei Erwachsenen</entry><entry VJ="1" align="left" colsep="0" valign="top"> </entry></row><row><entry VJ="1" align="left" colsep="0" valign="top">9.6</entry><entry VJ="1" align="left" colsep="0" valign="top">Peripher bedingte Sprechstörungen</entry><entry VJ="1" align="left" colsep="0" valign="top"> </entry></row><row><entry VJ="1" align="left" colsep="0" valign="top">9.7</entry><entry VJ="1" align="left" colsep="0" valign="top">Sprechstörungen bei Cerebralparesen</entry><entry VJ="1" align="left" colsep="0" valign="top"> </entry></row><row><entry VJ="1" align="left" colsep="0" valign="top">9.8</entry><entry VJ="1" align="left" colsep="0" valign="top">Funktionelle und organische Störungen der Nasalität</entry><entry VJ="1" align="left" colsep="0" valign="top"> </entry></row><row><entry VJ="1" align="left" colsep="0" valign="top">9.9</entry><entry VJ="1" align="left" colsep="0" valign="top">Störungen des Redeflusses wie Poltern und Stottern</entry><entry VJ="1" align="left" colsep="0" valign="top"> </entry></row><row><entry VJ="1" align="left" colsep="0" valign="top">9.10</entry><entry VJ="1" align="left" colsep="0" valign="top">Soziale Ursachen und Folgen phoniatrischer Erkrankungen einschließlich fürsorgerischer Maßnahmen</entry><entry VJ="1" align="left" colsep="0" valign="top"> </entry></row><row><entry VJ="1" align="left" colsep="0" valign="top">9.11</entry><entry VJ="1" align="left" colsep="0" valign="top">Physikalisch-apparative Therapie bei Stimm- und Sprachstörungen</entry><entry VJ="1" align="left" colsep="0" valign="top"> </entry></row><row><entry VJ="1" align="left" colsep="0" valign="top">10.</entry><entry VJ="1" align="left" colsep="0" valign="top"><B>Aphasiologie</B></entry><entry VJ="1" align="center" colsep="0" valign="top">40</entry></row><row><entry VJ="1" align="left" colsep="0" valign="top">10.1</entry><entry VJ="1" align="left" colsep="0" valign="top">Klinik der Aphasieformen</entry><entry VJ="1" align="left" colsep="0" valign="top"> </entry></row><row><entry VJ="1" align="left" colsep="0" valign="top">10.2</entry><entry VJ="1" align="left" colsep="0" valign="top">Begleitende Hirnleistungsstörungen</entry><entry VJ="1" align="left" colsep="0" valign="top"> </entry></row><row><entry VJ="1" align="left" colsep="0" valign="top">11.</entry><entry VJ="1" align="left" colsep="0" valign="top"><B>Audiologie und Pädaudiologie</B></entry><entry VJ="1" align="center" colsep="0" valign="top">60</entry></row><row><entry VJ="1" align="left" colsep="0" valign="top">11.1</entry><entry VJ="1" align="left" colsep="0" valign="top">Akustische Grundlagen</entry><entry VJ="1" align="left" colsep="0" valign="top"> </entry></row><row><entry VJ="1" align="left" colsep="0" valign="top">11.2</entry><entry VJ="1" align="left" colsep="0" valign="top">Hörprüfmethoden bei Kindern und Erwachsenen</entry><entry VJ="1" align="left" colsep="0" valign="top"> </entry></row><row><entry VJ="1" align="left" colsep="0" valign="top">11.3</entry><entry VJ="1" align="left" colsep="0" valign="top">Apparative Versorgung Hörbehinderter</entry><entry VJ="1" align="left" colsep="0" valign="top"> </entry></row><row><entry VJ="1" align="left" colsep="0" valign="top">11.4</entry><entry VJ="1" align="left" colsep="0" valign="top">Audiologische Grundlagen der Hör-Sprachübungsbehandlung</entry><entry VJ="1" align="left" colsep="0" valign="top"> </entry></row><row><entry VJ="1" align="left" colsep="0" valign="top">11.5</entry><entry VJ="1" align="left" colsep="0" valign="top">Schwerhörigkeit und soziale Behinderung</entry><entry VJ="1" align="left" colsep="0" valign="top"> </entry></row><row><entry VJ="1" align="left" colsep="0" valign="top">12.</entry><entry VJ="1" align="left" colsep="0" valign="top"><B>Elektro- und Hörgeräteakustik</B></entry><entry VJ="1" align="center" colsep="0" valign="top">20</entry></row><row><entry VJ="1" align="left" colsep="0" valign="top">12.1</entry><entry VJ="1" align="left" colsep="0" valign="top">Grundzüge der Elektroakustik</entry><entry VJ="1" align="left" colsep="0" valign="top"> </entry></row><row><entry VJ="1" align="left" colsep="0" valign="top">12.2</entry><entry VJ="1" align="left" colsep="0" valign="top">Hörgerätetechnik</entry><entry VJ="1" align="left" colsep="0" valign="top"> </entry></row><row><entry VJ="1" align="left" colsep="0" valign="top">12.3</entry><entry VJ="1" align="left" colsep="0" valign="top">Technische Grundlagen der Sprach- und Schallaufzeichnung, -messung und -wiedergabe</entry><entry VJ="1" align="left" colsep="0" valign="top"> </entry></row><row><entry VJ="1" align="left" colsep="0" valign="top">13.</entry><entry VJ="1" align="left" colsep="0" valign="top"><B>Logopädie</B></entry><entry VJ="1" align="center" colsep="0" valign="top">480</entry></row><row><entry VJ="1" align="left" colsep="0" valign="top">13.1</entry><entry VJ="1" align="left" colsep="0" valign="top">Erhebung der Vorgeschichte nach logopädischen Kriterien</entry><entry VJ="1" align="left" colsep="0" valign="top"> </entry></row><row><entry VJ="1" align="left" colsep="0" valign="top">13.2</entry><entry VJ="1" align="left" colsep="0" valign="top">Logopädische Befunderhebung und Therapie bei</entry><entry VJ="1" align="left" colsep="0" valign="top"> </entry></row><row><entry VJ="1" align="left" colsep="0" valign="top">13.2.1</entry><entry VJ="1" align="left" colsep="0" valign="top">Stimmstörungen organischer, funktioneller und psychogener Ursachen</entry><entry VJ="1" align="left" colsep="0" valign="top"> </entry></row><row><entry VJ="1" align="left" colsep="0" valign="top">13.2.2</entry><entry VJ="1" align="left" colsep="0" valign="top">Zustand nach Kehlkopfoperationen</entry><entry VJ="1" align="left" colsep="0" valign="top"> </entry></row><row><entry VJ="1" align="left" colsep="0" valign="top">13.2.3</entry><entry VJ="1" align="left" colsep="0" valign="top">Störungen der Sprachentwicklung, auch bei psychischer und psychosozialer Genese</entry><entry VJ="1" align="left" colsep="0" valign="top"> </entry></row><row><entry VJ="1" align="left" colsep="0" valign="top">13.2.4</entry><entry VJ="1" align="left" colsep="0" valign="top">Sprach- und Sprechstörungen durch Hörbehinderung</entry><entry VJ="1" align="left" colsep="0" valign="top"> </entry></row><row><entry VJ="1" align="left" colsep="0" valign="top">13.2.5</entry><entry VJ="1" align="left" colsep="0" valign="top">peripher bedingten Sprechstörungen</entry><entry VJ="1" align="left" colsep="0" valign="top"> </entry></row><row><entry VJ="1" align="left" colsep="0" valign="top">13.2.6</entry><entry VJ="1" align="left" colsep="0" valign="top">erworbenen, zentral bedingten Sprach- und Sprechstörungen</entry><entry VJ="1" align="left" colsep="0" valign="top"> </entry></row><row><entry VJ="1" align="left" colsep="0" valign="top">13.2.7</entry><entry VJ="1" align="left" colsep="0" valign="top">frühkindlichen cerebralen Bewegungsstörungen</entry><entry VJ="1" align="left" colsep="0" valign="top"> </entry></row><row><entry VJ="1" align="left" colsep="0" valign="top">13.2.8</entry><entry VJ="1" align="left" colsep="0" valign="top">funktionellen und organischen Störungen der Nasalität</entry><entry VJ="1" align="left" colsep="0" valign="top"> </entry></row><row><entry VJ="1" align="left" colsep="0" valign="top">13.2.9</entry><entry VJ="1" align="left" colsep="0" valign="top">Störungen des Redeflusses wie Stottern und Poltern</entry><entry VJ="1" align="left" colsep="0" valign="top"> </entry></row><row><entry VJ="1" align="left" colsep="0" valign="top">13.3</entry><entry VJ="1" align="left" colsep="0" valign="top">Aufstellen von Behandlungsplänen</entry><entry VJ="1" align="left" colsep="0" valign="top"> </entry></row><row><entry VJ="1" align="left" colsep="0" valign="top">13.4</entry><entry VJ="1" align="left" colsep="0" valign="top">Erstellen von Behandlungsprotokollen und Berichten</entry><entry VJ="1" align="left" colsep="0" valign="top"> </entry></row><row><entry VJ="1" align="left" colsep="0" valign="top">13.5</entry><entry VJ="1" align="left" colsep="0" valign="top">Instrumentelle Hilfen und Arbeitsmaterialien</entry><entry VJ="1" align="left" colsep="0" valign="top"> </entry></row><row><entry VJ="1" align="left" colsep="0" valign="top">13.6</entry><entry VJ="1" align="left" colsep="0" valign="top">Beratung der Patienten und Angehörigen</entry><entry VJ="1" align="left" colsep="0" valign="top"> </entry></row><row><entry VJ="1" align="left" colsep="0" valign="top">14.</entry><entry VJ="1" align="left" colsep="0" valign="top"><B>Phonetik/Linguistik</B></entry><entry VJ="1" align="center" colsep="0" valign="top">80</entry></row><row><entry VJ="1" align="left" colsep="0" valign="top">14.1</entry><entry VJ="1" align="left" colsep="0" valign="top">Artikulatorische Phonetik</entry><entry VJ="1" align="left" colsep="0" valign="top"> </entry></row><row><entry VJ="1" align="left" colsep="0" valign="top">14.2</entry><entry VJ="1" align="left" colsep="0" valign="top">Transkriptionsübungen</entry><entry VJ="1" align="left" colsep="0" valign="top"> </entry></row><row><entry VJ="1" align="left" colsep="0" valign="top">14.3</entry><entry VJ="1" align="left" colsep="0" valign="top">Akustische Phonetik</entry><entry VJ="1" align="left" colsep="0" valign="top"> </entry></row><row><entry VJ="1" align="left" colsep="0" valign="top">14.4</entry><entry VJ="1" align="left" colsep="0" valign="top">Psycholinguistische Grundlagen</entry><entry VJ="1" align="left" colsep="0" valign="top"> </entry></row><row><entry VJ="1" align="left" colsep="0" valign="top">14.4.1</entry><entry VJ="1" align="left" colsep="0" valign="top">der Phonologie</entry><entry VJ="1" align="left" colsep="0" valign="top"> </entry></row><row><entry VJ="1" align="left" colsep="0" valign="top">14.4.2</entry><entry VJ="1" align="left" colsep="0" valign="top">der Semantik, Syntax, Pragmatik</entry><entry VJ="1" align="left" colsep="0" valign="top"> </entry></row><row><entry VJ="1" align="left" colsep="0" valign="top">14.4.3</entry><entry VJ="1" align="left" colsep="0" valign="top">des Spracherwerbs</entry><entry VJ="1" align="left" colsep="0" valign="top"> </entry></row><row><entry VJ="1" align="left" colsep="0" valign="top">15.</entry><entry VJ="1" align="left" colsep="0" valign="top"><B>Psychologie und klinische</B></entry><entry VJ="1" align="left" colsep="0" valign="top"> </entry></row><row><entry VJ="1" align="left" colsep="0" valign="top"> </entry><entry VJ="1" align="left" colsep="0" valign="top">Psychologie</entry><entry VJ="1" align="center" colsep="0" valign="top">120</entry></row><row><entry VJ="1" align="left" colsep="0" valign="top">15.1</entry><entry VJ="1" align="left" colsep="0" valign="top">Grundlagen der Psychologie einschließlich statistischer Verfahren</entry><entry VJ="1" align="left" colsep="0" valign="top"> </entry></row><row><entry VJ="1" align="left" colsep="0" valign="top">15.2</entry><entry VJ="1" align="left" colsep="0" valign="top">Entwicklungspsychologie</entry><entry VJ="1" align="left" colsep="0" valign="top"> </entry></row><row><entry VJ="1" align="left" colsep="0" valign="top">15.3</entry><entry VJ="1" align="left" colsep="0" valign="top">Lernpsychologie</entry><entry VJ="1" align="left" colsep="0" valign="top"> </entry></row><row><entry VJ="1" align="left" colsep="0" valign="top">15.4</entry><entry VJ="1" align="left" colsep="0" valign="top">Sozialpsychologie</entry><entry VJ="1" align="left" colsep="0" valign="top"> </entry></row><row><entry VJ="1" align="left" colsep="0" valign="top">15.5</entry><entry VJ="1" align="left" colsep="0" valign="top">Psychologie der Sprache</entry><entry VJ="1" align="left" colsep="0" valign="top"> </entry></row><row><entry VJ="1" align="left" colsep="0" valign="top">15.6</entry><entry VJ="1" align="left" colsep="0" valign="top">Einführung in die Psychodiagnostik</entry><entry VJ="1" align="left" colsep="0" valign="top"> </entry></row><row><entry VJ="1" align="left" colsep="0" valign="top">15.7</entry><entry VJ="1" align="left" colsep="0" valign="top">Spezielle Psychometrie bei Hör-, Stimm- und Sprachstörungen</entry><entry VJ="1" align="left" colsep="0" valign="top"> </entry></row><row><entry VJ="1" align="left" colsep="0" valign="top">15.8</entry><entry VJ="1" align="left" colsep="0" valign="top">Einführung in die Verhaltenstherapie und andere psychotherapeutische Verfahren</entry><entry VJ="1" align="left" colsep="0" valign="top"> </entry></row><row><entry VJ="1" align="left" colsep="0" valign="top">16.</entry><entry VJ="1" align="left" colsep="0" valign="top"><B>Soziologie</B></entry><entry VJ="1" align="center" colsep="0" valign="top">40</entry></row><row><entry VJ="1" align="left" colsep="0" valign="top">16.1</entry><entry VJ="1" align="left" colsep="0" valign="top">Allgemeine Fragen der Soziologie</entry><entry VJ="1" align="left" colsep="0" valign="top"> </entry></row><row><entry VJ="1" align="left" colsep="0" valign="top">16.1.1</entry><entry VJ="1" align="left" colsep="0" valign="top">Grundbegriffe der Soziologie</entry><entry VJ="1" align="left" colsep="0" valign="top"> </entry></row><row><entry VJ="1" align="left" colsep="0" valign="top">16.1.2</entry><entry VJ="1" align="left" colsep="0" valign="top">Bevölkerungsstruktur</entry><entry VJ="1" align="left" colsep="0" valign="top"> </entry></row><row><entry VJ="1" align="left" colsep="0" valign="top">16.1.3</entry><entry VJ="1" align="left" colsep="0" valign="top">Individuum, Familie und Gesellschaft</entry><entry VJ="1" align="left" colsep="0" valign="top"> </entry></row><row><entry VJ="1" align="left" colsep="0" valign="top">16.2</entry><entry VJ="1" align="left" colsep="0" valign="top">Medizinische Soziologie</entry><entry VJ="1" align="left" colsep="0" valign="top"> </entry></row><row><entry VJ="1" align="left" colsep="0" valign="top">16.2.1</entry><entry VJ="1" align="left" colsep="0" valign="top">Kranke und Behinderte in der Gesellschaft</entry><entry VJ="1" align="left" colsep="0" valign="top"> </entry></row><row><entry VJ="1" align="left" colsep="0" valign="top">16.2.2</entry><entry VJ="1" align="left" colsep="0" valign="top">Fragen der sozialen Eingliederung</entry><entry VJ="1" align="left" colsep="0" valign="top"> </entry></row><row><entry VJ="1" align="left" colsep="0" valign="top">17.</entry><entry VJ="1" align="left" colsep="0" valign="top"><B>Pädagogik</B></entry><entry VJ="1" align="center" colsep="0" valign="top">60</entry></row><row><entry VJ="1" align="left" colsep="0" valign="top">17.1</entry><entry VJ="1" align="left" colsep="0" valign="top">Intentionale und funktionale Erziehung</entry><entry VJ="1" align="left" colsep="0" valign="top"> </entry></row><row><entry VJ="1" align="left" colsep="0" valign="top">17.2</entry><entry VJ="1" align="left" colsep="0" valign="top">Methoden und Medien des Lehrens und Lernens</entry><entry VJ="1" align="left" colsep="0" valign="top"> </entry></row><row><entry VJ="1" align="left" colsep="0" valign="top">17.3</entry><entry VJ="1" align="left" colsep="0" valign="top">Sozialpädagogik</entry><entry VJ="1" align="left" colsep="0" valign="top"> </entry></row><row><entry VJ="1" align="left" colsep="0" valign="top">18.</entry><entry VJ="1" align="left" colsep="0" valign="top"><B>Sonderpädagogik</B></entry><entry VJ="1" align="center" colsep="0" valign="top">80</entry></row><row><entry VJ="1" align="left" colsep="0" valign="top">18.1</entry><entry VJ="1" align="left" colsep="0" valign="top">Grundlagen der Sonderpädagogik</entry><entry VJ="1" align="left" colsep="0" valign="top"> </entry></row><row><entry VJ="1" align="left" colsep="0" valign="top">18.2</entry><entry VJ="1" align="left" colsep="0" valign="top">Schwerhörigenpädagogik</entry><entry VJ="1" align="left" colsep="0" valign="top"> </entry></row><row><entry VJ="1" align="left" colsep="0" valign="top">18.3</entry><entry VJ="1" align="left" colsep="0" valign="top">Gehörlosenpädagogik</entry><entry VJ="1" align="left" colsep="0" valign="top"> </entry></row><row><entry VJ="1" align="left" colsep="0" valign="top">19.</entry><entry VJ="1" align="left" colsep="0" valign="top"><B>Stimmbildung</B></entry><entry VJ="1" align="center" colsep="0" valign="top">100</entry></row><row><entry VJ="1" align="left" colsep="0" valign="top">19.1</entry><entry VJ="1" align="left" colsep="0" valign="top">Atemtypen</entry><entry VJ="1" align="left" colsep="0" valign="top"> </entry></row><row><entry VJ="1" align="left" colsep="0" valign="top">19.2</entry><entry VJ="1" align="left" colsep="0" valign="top">Atemführung</entry><entry VJ="1" align="left" colsep="0" valign="top"> </entry></row><row><entry VJ="1" align="left" colsep="0" valign="top">19.3</entry><entry VJ="1" align="left" colsep="0" valign="top">Stimmhygiene</entry><entry VJ="1" align="left" colsep="0" valign="top"> </entry></row><row><entry VJ="1" align="left" colsep="0" valign="top">20.</entry><entry VJ="1" align="left" colsep="0" valign="top"><B>Sprecherziehung</B></entry><entry VJ="1" align="center" colsep="0" valign="top">100</entry></row><row><entry VJ="1" align="left" colsep="0" valign="top">20.1</entry><entry VJ="1" align="left" colsep="0" valign="top">Sprechgestaltung</entry><entry VJ="1" align="left" colsep="0" valign="top"> </entry></row><row><entry VJ="1" align="left" colsep="0" valign="top">20.2</entry><entry VJ="1" align="left" colsep="0" valign="top">Rhetorik</entry><entry VJ="1" align="left" colsep="0" valign="top"> </entry></row><row><entry VJ="1" align="left" colsep="0" valign="top"> </entry><entry VJ="1" align="left" colsep="0" valign="top"> </entry><entry VJ="1" align="center" colsep="0" valign="top">----</entry></row><row><entry VJ="1" align="left" colsep="0" valign="top"> </entry><entry VJ="1" align="right" colsep="0" valign="top">insgesamt</entry><entry VJ="1" align="center" colsep="0" valign="top">1.740</entry></row></tbody></tgroup></table></P></Content></text></textdaten></norm>
<norm builddate="20241127222505" doknr="BJNR018920980BJNE002100314"><metadaten><jurabk>LogAPrO</jurabk><enbez>Anlage 2</enbez><titel format="parat">(zu § 1 Abs. 1)</titel></metadaten><textdaten><text format="XML"><Content><P><ABWFORMAT typ="A"/><kommentar typ="Fundstelle"> Fundstelle des Originaltextes: BGBl. I 1980, 1897 </kommentar> <BR/><table frame="none" tocentry="%yes;">
		<Title Align="auto">Praktische Ausbildung</Title>
		<tgroup align="left" char="" charoff="50" cols="3" colsep="0" rowsep="0">
			<colspec colname="col1" colnum="1" colwidth="10*"/>
			<colspec colname="col2" colnum="2" colwidth="40*"/>
			<colspec colname="col3" colnum="3" colwidth="15*"/>
			<thead valign="bottom">
				<row>
					<entry VJ="1" align="left" colsep="0" valign="top"> </entry>
					<entry VJ="1" align="left" colsep="0" valign="top"> </entry>
					<entry VJ="1" align="center" colsep="0" valign="top">Stunden</entry>
				</row>
			</thead>
			<tbody valign="top">
				<row>
					<entry VJ="1" align="left" colsep="0" valign="top">1.</entry>
					<entry VJ="1" align="left" colsep="0" valign="top">Hospitationen in</entry>
					<entry VJ="1" align="center" colsep="0" valign="bottom">340</entry>
				</row>
				<row>
					<entry VJ="1" align="left" colsep="0" valign="top">1.1</entry>
					<entry VJ="1" align="left" colsep="0" valign="top">Phoniatrie und Logopädie</entry>
					<entry VJ="1" align="left" colsep="0" valign="top"> </entry>
				</row>
				<row>
					<entry VJ="1" align="left" colsep="0" valign="top">1.2</entry>
					<entry VJ="1" align="left" colsep="0" valign="top">anderen fachbezogenen Bereichen, auch Exkursionen (mindestens 100 Stunden)</entry>
					<entry VJ="1" align="left" colsep="0" valign="top"> </entry>
				</row>
				<row>
					<entry VJ="1" align="left" colsep="0" valign="top">2.</entry>
					<entry VJ="1" align="left" colsep="0" valign="top">Praxis der Logopädie</entry>
					<entry VJ="1" align="center" colsep="0" valign="bottom">1.520</entry>
				</row>
				<row>
					<entry VJ="1" align="left" colsep="0" valign="top">2.1</entry>
					<entry VJ="1" align="left" colsep="0" valign="top">Übungen zur Befunderhebung</entry>
					<entry VJ="1" align="left" colsep="0" valign="top"> </entry>
				</row>
				<row>
					<entry VJ="1" align="left" colsep="0" valign="top">2.2</entry>
					<entry VJ="1" align="left" colsep="0" valign="top">Übungen zur Therapieplanung</entry>
					<entry VJ="1" align="left" colsep="0" valign="top"> </entry>
				</row>
				<row>
					<entry VJ="1" align="left" colsep="0" valign="top">2.3</entry>
					<entry VJ="1" align="left" colsep="0" valign="top">Therapie unter fachlicher Aufsicht und Anleitung</entry>
					<entry VJ="1" align="left" colsep="0" valign="top"> </entry>
				</row>
				<row>
					<entry VJ="1" align="left" colsep="0" valign="top">3.</entry>
					<entry VJ="1" align="left" colsep="0" valign="top">Praxis in Zusammenarbeit mit den Angehörigen des therapeutischen Teams auf den Gebieten der</entry>
					<entry VJ="1" align="center" colsep="0" valign="bottom">240</entry>
				</row>
				<row>
					<entry VJ="1" align="left" colsep="0" valign="top">3.1</entry>
					<entry VJ="1" align="left" colsep="0" valign="top">Audiologie und Pädaudiologie</entry>
					<entry VJ="1" align="left" colsep="0" valign="top"> </entry>
				</row>
				<row>
					<entry VJ="1" align="left" colsep="0" valign="top">3.2</entry>
					<entry VJ="1" align="left" colsep="0" valign="top">Psychologie einschließlich Selbsterfahrungstechniken</entry>
					<entry VJ="1" align="left" colsep="0" valign="top"> </entry>
				</row>
				<row>
					<entry VJ="1" align="left" colsep="0" valign="top">3.3</entry>
					<entry VJ="1" align="left" colsep="0" valign="top">Musiktherapie</entry>
					<entry VJ="1" align="left" colsep="0" valign="top"> </entry>
				</row>
				<row>
					<entry VJ="1" align="left" colsep="0" valign="top"> </entry>
					<entry VJ="1" align="left" colsep="0" valign="top"> </entry>
					<entry VJ="1" align="center" colsep="0" valign="top">----</entry>
				</row>
				<row>
					<entry VJ="1" align="left" colsep="0" valign="top"> </entry>
					<entry VJ="1" align="right" colsep="0" valign="top">insgesamt</entry>
					<entry VJ="1" align="center" colsep="0" valign="top">2.100</entry>
				</row>
			</tbody>
		</tgroup>
	</table> </P></Content></text></textdaten></norm>
<norm builddate="20241127222505" doknr="BJNR018920980BJNE002200314"><metadaten><jurabk>LogAPrO</jurabk><enbez>Anlage 3</enbez><titel format="parat">(zu § 1 Abs. 2)</titel></metadaten><textdaten><text format="XML"><Content><P><ABWFORMAT typ="E"/><kommentar typ="Fundstelle">(Inhalt: nicht darstellbare Anlage 3, <BR/>Fundstelle: BGBl. I 1980, 1898)</kommentar></P></Content>
</text></textdaten></norm>
<norm builddate="20241127222505" doknr="BJNR018920980BJNE002300314"><metadaten><jurabk>LogAPrO</jurabk><enbez>Anlage 4</enbez><titel format="parat">(zu § 10 Abs. 2 Satz 1)</titel></metadaten><textdaten><text format="XML"><Content><P><ABWFORMAT typ="E"/><kommentar typ="Fundstelle">(Inhalt: nicht darstellbare Anlage 4, <BR/>Fundstelle: BGBl. I 1980, 1899)</kommentar></P></Content>
</text></textdaten></norm>
<norm builddate="20241127222505" doknr="BJNR018920980BJNE002400314"><metadaten><jurabk>LogAPrO</jurabk><enbez>Anlage 5</enbez><titel format="parat">(zu § 15)</titel></metadaten><textdaten><text format="XML"><Content><P><ABWFORMAT typ="A"/><kommentar typ="Fundstelle">(Fundstelle des Originaltextes: BGBl. I 1980, 1900)</kommentar><BR/><table frame="none"><tgroup cols="2" colsep="0" rowsep="0"><colspec colname="col1" colnum="1" colwidth="0.75*"/><colspec colname="col2" colnum="2" colwidth="1.25*"/><tbody><row><entry align="center" nameend="col2" namest="col1"><B>Urkunde</B></entry></row><row><entry align="center" nameend="col2" namest="col1"><B>über die Erlaubnis zur Führung der Berufsbezeichnung &quot;Logopäde&quot;</B></entry></row><row><entry nameend="col2" namest="col1">Herr/Frau/Fräulein +).............................................<BR/>geboren am ........ in .........................................<BR/>erhält auf Grund des Gesetzes über den Beruf des Logopäden vom 7. Mai 1980 (BGBl. I S. 529) mit Wirkung vom heutigen Tag die Erlaubnis, eine Tätigkeit unter der Berufsbezeichnung</entry></row><row><entry align="center" nameend="col2" namest="col1">&quot;Logopäd(e)in&quot;</entry></row><row><entry nameend="col2" namest="col1">auszuüben.</entry></row><row><entry rowsep="1">Ort, Datum</entry><entry> </entry></row><row><entry rowsep="1"> </entry><entry> </entry></row><row><entry>(Unterschrift)</entry><entry>Siegel</entry></row><row><entry nameend="col2" namest="col1"><small>Nichtzutreffendes streichen</small></entry></row></tbody></tgroup></table></P></Content></text></textdaten></norm>
<norm builddate="20241127222505" doknr="BJNR018920980BJNE003000116"><metadaten><jurabk>LogAPrO</jurabk><enbez>Anlage 5a</enbez><titel format="XML">(zu § 16a Absatz 2)</titel></metadaten><textdaten><text format="XML"><Content><P><noindex><kommentar typ="Fundstelle">(Fundstelle: BGBl. I 2016, 911)</kommentar></noindex></P><BR/><BR/><P><Split Leader="1"/>..........................................................................................<BR/><small>(Bezeichnung der Einrichtung)</small></P><P><B>Bescheinigung<BR/> über die Teilnahme am Anpassungslehrgang</B></P><P>Name, Vorname</P><P><Split Leader="1"/>......................................................................................................</P><P>Geburtsdatum        Geburtsort</P><P><Split Leader="1"/>......................................................................................................</P><P>hat in der Zeit vom <Split Leader="1"/>....................................................... bis <Split Leader="1"/>.......................................................<BR/> regelmäßig an dem nach § 16a Absatz 2 der Ausbildungs- und Prüfungsordnung für Logopäden von der zuständigen Behörde vorgeschriebenen Anpassungslehrgang teilgenommen.</P><P>Ort, Datum</P><P><Split Leader="1"/>......................................................................................................  (Stempel)</P><P><Split Leader="1"/>......................................................................................................<BR/><small>Unterschrift(en) der Einrichtung</small></P></Content></text><fussnoten/></textdaten></norm>
<norm builddate="20241127222505" doknr="BJNR018920980BJNE003100116"><metadaten><jurabk>LogAPrO</jurabk><enbez>Anlage 5b</enbez><titel format="XML">(zu § 16a Absatz 3)</titel></metadaten><textdaten><text format="XML"><Content><P><noindex><kommentar typ="Fundstelle">(Fundstelle: BGBl. I 2016, 911)</kommentar></noindex></P><BR/><BR/><P>Die/Der Vorsitzende<BR/> des Prüfungsausschusses</P><P><B>Bescheinigung<BR/> über die staatliche Eignungsprüfung</B><BR/> für<BR/><BR/>...........................................................................................................</P><P><!-- SPLIT UMBAU : [Element: <Split/>
][Element: 

<Split/>
][Element: 

<Split/>
][Element: 

<Split/>
]--><table colsep="0" frame="none" pgwide="1" rowsep="0" tocentry="%yes;"><tgroup align="left" char="" charoff="50" cols="2"><colspec align="left" colname="leftSplit"/><colspec align="right" colname="rightSplit"/><tbody Class="Split" valign="top"><row><entry VJ="1" colname="leftSplit"/><entry VJ="1" colname="rightSplit" valign="bottom"><!-- SPLIT UMBAU : [Element: <Split/>
][Element: 

<Split/>
][Element: 

<Split/>
]--><table colsep="0" frame="none" pgwide="1" rowsep="0" tocentry="%yes;"><tgroup align="left" char="" charoff="50" cols="2"><colspec align="left" colname="leftSplit"/><colspec align="right" colname="rightSplit"/><tbody Class="Split" valign="top"><row><entry VJ="1" colname="leftSplit"><Split Leader="1"/><Split Leader="1"/></entry><entry VJ="1" colname="rightSplit" valign="bottom"/></row></tbody></tgroup></table></entry></row></tbody></tgroup></table></P><P>Name, Vorname</P><P><Split Leader="1"/>...................................................................................................</P><P>Geburtsdatum        Geburtsort</P><P><Split Leader="1"/>....................................................................................................</P><P>hat am <Split Leader="1"/>..................................................... die staatliche Eignungsprüfung nach § 16a Absatz 3<BR/> der Ausbildungs- und Prüfungsordnung für Logopäden bestanden/nicht bestanden*.<table frame="none" pgwide="1" tocentry="%yes;"><tgroup align="left" char="" charoff="50" cols="3"><colspec colname="col1" colwidth="18"/><colspec colname="col2" colwidth="32.38*"/><colspec colname="COLSPEC0" colwidth="287.62*"/><tbody valign="top"><row><entry VJ="1" colsep="0" nameend="col2" namest="col1" rowsep="1"/><entry VJ="1" rowsep="0"/></row><row><entry VJ="1" colsep="1" nameend="COLSPEC0" namest="col1"><small>* Nichtzutreffendes streichen.</small></entry></row></tbody></tgroup></table></P><P>Ort, Datum</P><P><Split Leader="1"/>.....................................................................................  (Siegel)</P><P><Split Leader="1"/>.....................................................................................<BR/><small>(Unterschrift(en) der/des Vorsitzenden des Prüfungsausschusses)</small></P></Content></text><fussnoten/></textdaten></norm>
<norm builddate="20241127222505" doknr="BJNR018920980BJNE002701116"><metadaten><jurabk>LogAPrO</jurabk><enbez>Anlage 6</enbez><titel format="XML">(zu § 16b Absatz 2)</titel></metadaten><textdaten><text format="XML"><Content><table frame="none" pgwide="1" tocentry="%yes;"><tgroup align="left" char="" charoff="50" cols="2"><colspec colname="col1"/><colspec colname="col2"/><tbody valign="top"><row><entry VJ="1" colname="col1" colsep="0" rowsep="0">. . . . . . . . . . . . . . . . . . . . . . . . . . . . . . . . . . . . . . . . . . . . . . . . . .</entry><entry VJ="1" colname="col2" rowsep="0"/></row><row><entry VJ="1" colsep="0" nameend="col2" namest="col1" rowsep="0">(Bezeichnung der Einrichtung)</entry></row><row><entry VJ="1" align="center" colsep="0" nameend="col2" namest="col1" rowsep="0">Bescheinigung<BR/> über die Teilnahme am Anpassungslehrgang</entry></row><row><entry VJ="1" colsep="0" nameend="col2" namest="col1" rowsep="0">Name, Vorname</entry></row><row><entry VJ="1" colsep="0" nameend="col2" namest="col1" rowsep="0">. . . . . . . . . . . . . . . . . . . . . . . . . . . . . . . . . . . . . . . . . . . . . . . . . . . . . . . . . . . . . . . . . . . . . . . . . . . . . . . . . . . . . . . . . . . . . . . . . . . . . . . . . . . . . . . . . . . . . . . . . . . . . . . . . . . . .</entry></row><row><entry VJ="1" colname="col1" colsep="0" rowsep="0">Geburtsdatum</entry><entry VJ="1" colname="col2" rowsep="0">Geburtsort</entry></row><row><entry VJ="1" colname="col1" colsep="0" rowsep="0">. . . . . . . . . . . . . . . . . . . . . . . . . . . . . . . . . . . . . . . . . . . . . . . . . .</entry><entry VJ="1" colname="col2" rowsep="0">. . . . . . . . . . . . . . . . . . . . . . . . . . . . . . . . . . . . . . . . . . . . . . . . . .</entry></row><row><entry VJ="1" align="justify" colsep="0" nameend="col2" namest="col1" rowsep="0">hat in der Zeit vom . . . . . . . . . .  bis . . . . . . . . . . regelmäßig an dem nach § 16b Absatz 2 der Ausbildungs-<BR/> und Prüfungsordnung für Logopäden von der zuständigen Behörde vorgeschriebenen Anpassungslehrgang teil-<BR/>genommen.</entry></row><row><entry VJ="1" align="justify" colsep="0" nameend="col2" namest="col1" rowsep="0">Das Abschlussgespräch hat sie/er bestanden/nicht bestanden<FnR ID="F781546_01_BJNR018920980BJNE002701116"/>.</entry></row><row><entry VJ="1" colsep="0" rowsep="0"/><entry VJ="1" rowsep="0"/></row><row><entry VJ="1" colname="col1" colsep="0" rowsep="0">Ort, Datum</entry><entry VJ="1" colname="col2" rowsep="0"/></row><row><entry VJ="1" colname="col1" colsep="0" rowsep="0">. . . . . . . . . . . . . . . . . . . . . . . . . . . . . . . . . . . . . . . . . . . . . . . . . . . . . . . . . . . .</entry><entry VJ="1" colname="col2" rowsep="0">(Stempel)</entry></row><row><entry VJ="1" colname="col1" colsep="0" rowsep="0">. . . . . . . . . . . . . . . . . . . . . . . . . . . . . . . . . . . . . . . . . . . . . . . . . . . . . . . . . . . .</entry><entry VJ="1" colname="col2" rowsep="0"/></row><row><entry VJ="1" colname="col1" colsep="0" rowsep="0">Unterschrift(en) der Einrichtung</entry><entry VJ="1" colname="col2" rowsep="0"/></row><row><entry VJ="1" colsep="0" rowsep="0"/><entry VJ="1" rowsep="0"/></row><row><entry VJ="1" colname="col1" colsep="0" rowsep="0">Ort, Datum</entry><entry VJ="1" colname="col2" rowsep="0"/></row><row><entry VJ="1" colname="col1" colsep="0" rowsep="0">. . . . . . . . . . . . . . . . . . . . . . . . . . . . . . . . . . . . . . . . . . . . . . . . . . . . . . . . . . . .</entry><entry VJ="1" colname="col2" rowsep="0">(Stempel)</entry></row><row><entry VJ="1" colname="col1" colsep="0" rowsep="0">. . . . . . . . . . . . . . . . . . . . . . . . . . . . . . . . . . . . . . . . . . . . . . . . . . . . . . . . . . . .</entry><entry VJ="1" colname="col2" rowsep="0"/></row><row><entry VJ="1" colname="col1" colsep="0">Unterschrift(en) der Personen nach § 16b Absatz 2 Satz 7</entry><entry VJ="1" colname="col2"/></row></tbody></tgroup></table><FnArea Line="1" Size="normal"><FnR ID="F781546_01_BJNR018920980BJNE002701116"/></FnArea></Content><Footnotes><Footnote FnZ="*" Group="manuell" ID="F781546_01_BJNR018920980BJNE002701116" Pos="normal">Nicht Zutreffendes streichen.</Footnote></Footnotes></text><fussnoten/></textdaten></norm>
<norm builddate="20241127222505" doknr="BJNR018920980BJNE002801116"><metadaten><jurabk>LogAPrO</jurabk><enbez>Anlage 7</enbez><titel format="XML">(zu § 16b Absatz 7)</titel></metadaten><textdaten><text format="XML"><Content><table frame="none" pgwide="1" tocentry="%yes;"><tgroup align="left" char="" charoff="50" cols="2"><colspec colname="col1"/><colspec colname="col2"/><tbody valign="top"><row><entry VJ="1" colsep="0" nameend="col2" namest="col1" rowsep="0">Die/der Vorsitzende<BR/> des Prüfungsausschusses</entry></row><row><entry VJ="1" align="center" colsep="0" nameend="col2" namest="col1" rowsep="0">Bescheinigung<BR/> über die staatliche Kenntnisprüfung<BR/>für</entry></row><row><entry VJ="1" align="center" colsep="0" nameend="col2" namest="col1" rowsep="0">. . . . . . . . . . . . . . . . . . . . . . . . . . . . . . . . . . . . . . . . . . . . . . . . . . . . . . . . . . . . . . . . . . . . . . . . . . . . . . . . . . . . . . . . . . . . . . . . . . . . . . . . .</entry></row><row><entry VJ="1" colsep="0" nameend="col2" namest="col1" rowsep="0">Name, Vorname</entry></row><row><entry VJ="1" colsep="0" nameend="col2" namest="col1" rowsep="0">. . . . . . . . . . . . . . . . . . . . . . . . . . . . . . . . . . . . . . . . . . . . . . . . . . . . . . . . . . . . . . . . . . . . . . . . . . . . . . . . . . . . . . . . . . . . . . . . . . . . . . . . . . . . . . . . . . . . . . . . . . . . . . . . . . .</entry></row><row><entry VJ="1" colname="col1" colsep="0" rowsep="0">Geburtsdatum</entry><entry VJ="1" colname="col2" rowsep="0">Geburtsort</entry></row><row><entry VJ="1" colname="col1" colsep="0" rowsep="0">. . . . . . . . . . . . . . . . . . . . . . . . . . . . . . . . . . . . . . . . . . . . . . . . . .</entry><entry VJ="1" colname="col2" rowsep="0">. . . . . . . . . . . . . . . . . . . . . . . . . . . . . . . . . . . . . . . . .</entry></row><row><entry VJ="1" colsep="0" nameend="col2" namest="col1" rowsep="0">hat am . . . . . . . . . .  die staatliche Kenntnisprüfung nach § 16b Absatz 3 der Ausbildungs- und<BR/> Prüfungsordnung für Logopäden bestanden/nicht bestanden<FnR ID="F781546_01_BJNR018920980BJNE002801116"/>.</entry></row><row><entry VJ="1" colsep="0" rowsep="0"><FnArea Line="1" Size="normal"><FnR ID="F781546_01_BJNR018920980BJNE002801116"/></FnArea></entry><entry VJ="1" rowsep="0"/></row><row><entry VJ="1" colsep="0" rowsep="0"/><entry VJ="1" rowsep="0"/></row><row><entry VJ="1" colname="col1" colsep="0" rowsep="0">Ort, Datum</entry><entry VJ="1" colname="col2" rowsep="0"/></row><row><entry VJ="1" colname="col1" colsep="0" rowsep="0">. . . . . . . . . . . . . . . . . . . . . . . . . . . . . . . . . . . . . . . . . . . . . . . . . . . . . . . . . . . .</entry><entry VJ="1" colname="col2" rowsep="0">(Siegel)</entry></row><row><entry VJ="1" colname="col1" colsep="0" rowsep="0">. . . . . . . . . . . . . . . . . . . . . . . . . . . . . . . . . . . . . . . . . . . . . . . . . . . . . . . . . . . .</entry><entry VJ="1" colname="col2" rowsep="0"/></row><row><entry VJ="1" nameend="col2" namest="col1">(Unterschrift(en) der/des Vorsitzenden des Prüfungsausschusses)</entry></row></tbody></tgroup></table></Content><Footnotes><Footnote FnZ="*" Group="manuell" ID="F781546_01_BJNR018920980BJNE002801116" Pos="normal">Nicht Zutreffendes streichen.</Footnote></Footnotes></text><fussnoten/></textdaten></norm>
</dokumente>