<?xml version="1.0" encoding="UTF-8" ?><!DOCTYPE dokumente SYSTEM "http://www.gesetze-im-internet.de/dtd/1.01/gii-norm.dtd">
<dokumente builddate="20231128213539" doknr="BJNR118700009"><norm builddate="20231128213539" doknr="BJNR118700009"><metadaten><jurabk>ModellBTechAusbV</jurabk><ausfertigung-datum manuell="ja">2009-05-27</ausfertigung-datum><fundstelle typ="amtlich"><periodikum>BGBl I</periodikum><zitstelle>2009, 1187 (2888)</zitstelle></fundstelle><langue>Verordnung über die Berufsausbildung zum Technischen Modellbauer/zur Technischen Modellbauerin <FnR ID="f772144_01_BJNR118700009"/></langue></metadaten><textdaten><text format="XML"><Footnotes><Footnote FnZ="*" Group="column" ID="f772144_01_BJNR118700009" Pos="normal" Postfix=")"><noindex>Diese Rechtsverordnung ist eine Ausbildungsordnung im Sinne des § 4 des Berufsbildungsgesetzes und des § 25 der Handwerksordnung. Die Ausbildungsordnung und der damit abgestimmte von der Ständigen Konferenz der Kultusminister der Länder in der Bundesrepublik Deutschland beschlossene Rahmenlehrplan für die Berufsschule werden demnächst als Beilage im Bundesanzeiger veröffentlicht.</noindex></Footnote></Footnotes></text><fussnoten><Content><P><BR/> <pre xml:space="preserve">(+++ Textnachweis ab: 1.8.2009 +++)<BR/><BR/></pre></P></Content></fussnoten></textdaten></norm>
<norm builddate="20231128213539" doknr="BJNR118700009BJNE000100000"><metadaten><jurabk>ModellBTechAusbV</jurabk><enbez>Eingangsformel</enbez></metadaten><textdaten><text format="XML"><Content><P>Auf Grund des § 4 Absatz 1 in Verbindung mit § 5 des Berufsbildungsgesetzes vom 23. März 2005 (BGBl. I S. 931), von denen § 4 Absatz 1 durch Artikel 232 Nummer 1 der Verordnung vom 31. Oktober 2006 (BGBl. I S. 2407) geändert worden ist, und auf Grund des § 25 Absatz 1 in Verbindung mit § 26 Absatz 1 und 2 der Handwerksordnung in der Fassung der Bekanntmachung vom 24. September 1998 (BGBl. I S. 3074; 2006 I S. 2095), von denen § 25 Absatz 1 zuletzt durch Artikel 146 der Verordnung vom 31. Oktober 2006 (BGBl. I S. 2407) und § 26 durch Artikel 2 Nummer 4 des Gesetzes vom 23. März 2005 (BGBl. I S. 931) geändert worden ist, verordnet das Bundesministerium für Wirtschaft und Technologie im Einvernehmen mit dem Bundesministerium für Bildung und Forschung:</P></Content></text></textdaten></norm>
<norm builddate="20231128213539" doknr="BJNR118700009BJNE000200000"><metadaten><jurabk>ModellBTechAusbV</jurabk><enbez>§ 1</enbez><titel format="XML">Staatliche Anerkennung des Ausbildungsberufes</titel></metadaten><textdaten><text format="XML"><Content><P>Der Ausbildungsberuf Technischer Modellbauer/Technische Modellbauerin wird <DL Type="arabic"><DT>1.</DT><DD Font="normal"><LA>nach § 4 Absatz 1 des Berufsbildungsgesetzes und</LA></DD><DT>2.</DT><DD Font="normal"><LA>nach § 25 der Handwerksordnung zur Ausbildung für das Gewerbe Nummer 14, Modellbauer, der Anlage B Abschnitt 1 der Handwerksordnung</LA></DD></DL>staatlich anerkannt.</P></Content></text></textdaten></norm>
<norm builddate="20231128213539" doknr="BJNR118700009BJNE000300000"><metadaten><jurabk>ModellBTechAusbV</jurabk><enbez>§ 2</enbez><titel format="XML">Dauer der Berufsausbildung</titel></metadaten><textdaten><text format="XML"><Content><P>Die Ausbildung dauert dreieinhalb Jahre.</P></Content></text></textdaten></norm>
<norm builddate="20231128213539" doknr="BJNR118700009BJNE000400000"><metadaten><jurabk>ModellBTechAusbV</jurabk><enbez>§ 3</enbez><titel format="XML">Struktur der Berufsausbildung</titel></metadaten><textdaten><text format="XML"><Content><P>Die Berufsausbildung gliedert sich in gemeinsame Ausbildungsinhalte und in die Ausbildung in einer der Fachrichtungen: <DL Type="arabic"><DT>1.</DT><DD Font="normal"><LA>Gießerei,</LA></DD><DT>2.</DT><DD Font="normal"><LA>Karosserie und Produktion,</LA></DD><DT>3.</DT><DD Font="normal"><LA>Anschauung.</LA></DD></DL></P></Content></text></textdaten></norm>
<norm builddate="20231128213539" doknr="BJNR118700009BJNE000500000"><metadaten><jurabk>ModellBTechAusbV</jurabk><enbez>§ 4</enbez><titel format="XML">Ausbildungsrahmenplan/Ausbildungsberufsbild</titel></metadaten><textdaten><text format="XML"><Content><P>(1) Gegenstand der Berufsausbildung sind mindestens die im Ausbildungsrahmenplan (Anlage) aufgeführten Fertigkeiten, Kenntnisse und Fähigkeiten (berufliche Handlungsfähigkeit). Eine von dem Ausbildungsrahmenplan abweichende Organisation der Ausbildung ist insbesondere zulässig, soweit betriebspraktische Besonderheiten die Abweichung erfordern.</P><P>(2) Die Berufsausbildung gliedert sich wie folgt:<BR/><BR/><SP>Abschnitt A</SP><BR/><BR/> Berufsprofilgebende Fertigkeiten, Kenntnisse und Fähigkeiten: <DL Font="normal" Type="arabic"><DT>1.</DT><DD Font="normal"><LA Size="normal">Erstellen von Fertigungsunterlagen,</LA></DD><DT>2.</DT><DD Font="normal"><LA Size="normal">Be- und Verarbeiten von Werk- und Hilfsstoffen,</LA></DD><DT>3.</DT><DD Font="normal"><LA Size="normal">Festlegen von Fertigungsverfahren,</LA></DD><DT>4.</DT><DD Font="normal"><LA Size="normal">Einrichten, Bedienen und Instandhalten von Werkzeugen, Geräten, Maschinen und technischen Einrichtungen,</LA></DD><DT>5.</DT><DD Font="normal"><LA Size="normal">Anwenden von computergestützten Fertigungsverfahren,</LA></DD><DT>6.</DT><DD Font="normal"><LA Size="normal">Herstellen von Modellen, Formen oder Modelleinrichtungen,</LA></DD><DT>7.</DT><DD Font="normal"><LA Size="normal">Herstellen von Mustern, Prototypen oder Fertigungseinrichtungen,</LA></DD><DT>8.</DT><DD Font="normal"><LA Size="normal">Ändern und Instandsetzen von Modellen, Modelleinrichtungen oder Fertigungseinrichtungen,</LA></DD><DT>9.</DT><DD Font="normal"><LA Size="normal">Anwenden von Antriebs- und Steuerungstechnik,</LA></DD><DT>10.</DT><DD Font="normal"><LA Size="normal">Anwenden von Prüfverfahren;<BR/></LA></DD></DL><SP>Abschnitt B</SP><BR/><BR/> Weitere berufsprofilgebende Fertigkeiten, Kenntnisse und Fähigkeiten in der Fachrichtung Gießerei: <DL Font="normal" Type="arabic"><DT>1.</DT><DD Font="normal"><LA Size="normal">Planen und Konstruieren von Produkten des Gießereimodellbaus,</LA></DD><DT>2.</DT><DD Font="normal"><LA Size="normal">Planen der Fertigung,</LA></DD><DT>3.</DT><DD Font="normal"><LA Size="normal">Herstellen von Gießereimodelleinrichtungen oder Dauerformen,</LA></DD><DT>4.</DT><DD Font="normal"><LA Size="normal">Prüfen von Modelleinrichtungen oder Dauerformen;<BR/></LA></DD></DL><SP>Abschnitt C</SP><BR/><BR/> Weitere berufsprofilgebende Fertigkeiten, Kenntnisse und Fähigkeiten in der Fachrichtung Karosserie und Produktion: <DL Font="normal" Type="arabic"><DT>1.</DT><DD Font="normal"><LA Size="normal">Planen und Konstruieren von Produkten des Karosserie- oder Produktionsmodellbaus,</LA></DD><DT>2.</DT><DD Font="normal"><LA Size="normal">Planen der Fertigung,</LA></DD><DT>3.</DT><DD Font="normal"><LA Size="normal">Anfertigen von Karosserie- oder Produktionsmodellen mit unterschiedlichen Be- und Verarbeitungsverfahren,</LA></DD><DT>4.</DT><DD Font="normal"><LA Size="normal">Prüfen von Karosserie- oder Produktionsmodellen;</LA></DD></DL><SP>Abschnitt D</SP><BR/><BR/> Weitere berufsprofilgebende Fertigkeiten, Kenntnisse und Fähigkeiten in der Fachrichtung Anschauung: <DL Font="normal" Type="arabic"><DT>1.</DT><DD Font="normal"><LA Size="normal">Planen und Gestalten von Anschauungsmodellen,</LA></DD><DT>2.</DT><DD Font="normal"><LA Size="normal">Planen der Fertigung,</LA></DD><DT>3.</DT><DD Font="normal"><LA Size="normal">Herstellen von Anschauungsmodellen,</LA></DD><DT>4.</DT><DD Font="normal"><LA Size="normal">Gestalten und Behandeln von Oberflächen,</LA></DD><DT>5.</DT><DD Font="normal"><LA Size="normal">Prüfen von Anschauungsmodellen,</LA></DD><DT>6.</DT><DD Font="normal"><LA Size="normal">Vorbereiten von Anschauungsmodellen für den Versand;<BR/></LA></DD></DL><SP>Abschnitt E</SP><BR/><BR/> Integrative Fertigkeiten, Kenntnisse und Fähigkeiten: <DL Font="normal" Type="arabic"><DT>1.</DT><DD Font="normal"><LA Size="normal">Berufsbildung, Arbeits- und Tarifrecht,</LA></DD><DT>2.</DT><DD Font="normal"><LA Size="normal">Aufbau und Organisation des Ausbildungsbetriebes,</LA></DD><DT>3.</DT><DD Font="normal"><LA Size="normal">Sicherheit und Gesundheitsschutz bei der Arbeit,</LA></DD><DT>4.</DT><DD Font="normal"><LA Size="normal">Umweltschutz,</LA></DD><DT>5.</DT><DD Font="normal"><LA Size="normal">Anwenden von Informations- und Kommunikationssystemen, Kundenorientierung,</LA></DD><DT>6.</DT><DD Font="normal"><LA Size="normal">Planen und Vorbereiten von Arbeitsabläufen, Arbeiten im Team,</LA></DD><DT>7.</DT><DD Font="normal"><LA Size="normal">Durchführen von qualitätssichernden Maßnahmen.</LA></DD></DL></P></Content></text></textdaten></norm>
<norm builddate="20231128213539" doknr="BJNR118700009BJNE000600000"><metadaten><jurabk>ModellBTechAusbV</jurabk><enbez>§ 5</enbez><titel format="XML">Durchführung der Berufsausbildung</titel></metadaten><textdaten><text format="XML"><Content><P>(1) Die in dieser Verordnung genannten Fertigkeiten, Kenntnisse und Fähigkeiten sollen so vermittelt werden, dass die Auszubildenden zur Ausübung einer qualifizierten beruflichen Tätigkeit im Sinne von § 1 Absatz 3 des Berufsbildungsgesetzes befähigt werden, die insbesondere selbstständiges Planen, Durchführen und Kontrollieren einschließt. Diese Befähigung ist auch in Prüfungen nach den §§ 7, 8, 10 und 12 nachzuweisen.</P><P>(2) Die Ausbildenden haben unter Zugrundelegung des Ausbildungsrahmenplans für die Auszubildenden einen Ausbildungsplan zu erstellen.</P><P>(3) Die Auszubildenden haben einen schriftlichen Ausbildungsnachweis zu führen. Ihnen ist Gelegenheit zu geben, den schriftlichen Ausbildungsnachweis während der Ausbildungszeit zu führen. Die Ausbildenden haben den schriftlichen Ausbildungsnachweis regelmäßig durchzusehen.</P></Content></text></textdaten></norm>
<norm builddate="20231128213539" doknr="BJNR118700009BJNE000700000"><metadaten><jurabk>ModellBTechAusbV</jurabk><enbez>§ 6</enbez><titel format="XML">Abschlussprüfung/Gesellenprüfung</titel></metadaten><textdaten><text format="XML"><Content><P>(1) Die Abschlussprüfung/Gesellenprüfung besteht aus den zeitlich auseinanderfallenden Teilen 1 und 2. Durch die Abschlussprüfung/Gesellenprüfung ist festzustellen, ob der Prüfling die berufliche Handlungsfähigkeit erworben hat. In der Abschlussprüfung/Gesellenprüfung soll der Prüfling nachweisen, dass er die dafür erforderlichen beruflichen Fertigkeiten beherrscht, die notwendigen beruflichen Kenntnisse und Fähigkeiten besitzt und mit dem im Berufsschulunterricht zu vermittelnden, für die Berufsausbildung wesentlichen Lehrstoff vertraut ist. Die Ausbildungsordnung ist zugrunde zu legen. Dabei sollen Qualifikationen, die bereits Gegenstand von Teil 1 der Abschlussprüfung/Gesellenprüfung waren, in Teil 2 der Abschlussprüfung/Gesellenprüfung nur insoweit einbezogen werden, als es für die Feststellung der Berufsbefähigung erforderlich ist.</P><P>(2) Bei der Ermittlung des Gesamtergebnisses wird Teil 1 der Abschlussprüfung/Gesellenprüfung mit 25 Prozent und Teil 2 der Abschlussprüfung/Gesellenprüfung mit 75 Prozent gewichtet.</P></Content></text></textdaten></norm>
<norm builddate="20231128213539" doknr="BJNR118700009BJNE000800000"><metadaten><jurabk>ModellBTechAusbV</jurabk><enbez>§ 7</enbez><titel format="XML">Teil 1 der Abschlussprüfung/Gesellenprüfung</titel></metadaten><textdaten><text format="XML"><Content><P>(1) Teil 1 der Abschlussprüfung/Gesellenprüfung soll zum Ende des zweiten Ausbildungsjahres stattfinden.</P><P>(2) Teil 1 der Abschlussprüfung/Gesellenprüfung erstreckt sich auf die in der Anlage für die ersten drei Ausbildungshalbjahre aufgeführten Fertigkeiten, Kenntnisse und Fähigkeiten sowie auf den im Berufsschulunterricht zu vermittelnden Lehrstoff, soweit er für die Berufsausbildung wesentlich ist.</P><P>(3) Teil 1 der Abschlussprüfung/Gesellenprüfung besteht aus dem Prüfungsbereich Arbeitsauftrag I.Hierfür bestehen folgende Vorgaben: <DL Font="normal" Type="arabic"><DT>1.</DT><DD Font="normal"><LA Size="normal">Der Prüfling soll nachweisen, dass er <DL Font="normal" Type="alpha"><DT>a)</DT><DD Font="normal"><LA Size="normal">technische Unterlagen auswerten und anwenden, Arbeitsabläufe planen, Berechnungen durchführen,</LA></DD><DT>b)</DT><DD Font="normal"><LA Size="normal">Fertigungsverfahren auswählen und anwenden,</LA></DD><DT>c)</DT><DD Font="normal"><LA Size="normal">Maßnahmen zur Arbeitsorganisation, zur Sicherheit und zum Gesundheitsschutz bei der Arbeit, zum Umweltschutz, zur Kundenorientierung, zur Wirtschaftlichkeit und zur Qualitätssicherung berücksichtigen,</LA></DD><DT>d)</DT><DD Font="normal"><LA Size="normal">Werkzeuge und Maschinen auswählen, einrichten und handhaben,</LA></DD><DT>e)</DT><DD Font="normal"><LA Size="normal">Modelle, Formen, Muster oder Prototypen herstellen sowie</LA></DD><DT>f)</DT><DD Font="normal"><LA Size="normal">Prüfverfahren auswählen und anwenden</LA></DD></DL>kann;</LA></DD><DT>2.</DT><DD Font="normal"><LA Size="normal">dem Prüfungsbereich Arbeitsauftrag I sind folgende Tätigkeiten zugrunde zu legen:<BR/> Planen und Herstellen eines Modells, einer Form, eines Musters oder eines Prototyps;</LA></DD><DT>3.</DT><DD Font="normal"><LA Size="normal">der Prüfling soll eine Arbeitsaufgabe durchführen und Aufgabenstellungen, die sich auf die Arbeitsaufgabe beziehen, schriftlich bearbeiten;</LA></DD><DT>4.</DT><DD Font="normal"><LA Size="normal">die Prüfungszeit für die Arbeitsaufgabe beträgt sieben Stunden. Die Aufgabenstellungen sollen einen zeitlichen Umfang von 90 Minuten haben.</LA></DD></DL></P></Content></text></textdaten></norm>
<norm builddate="20231128213539" doknr="BJNR118700009BJNE000900000"><metadaten><jurabk>ModellBTechAusbV</jurabk><enbez>§ 8</enbez><titel format="XML">Teil 2 der Abschlussprüfung/ Gesellenprüfung in der Fachrichtung Gießerei</titel></metadaten><textdaten><text format="XML"><Content><P>(1) Teil 2 der Abschlussprüfung/Gesellenprüfung erstreckt sich auf die in der Anlage aufgeführten Fertigkeiten, Kenntnisse und Fähigkeiten sowie auf den im Berufsschulunterricht zu vermittelnden Lehrstoff, soweit er für die Berufsausbildung wesentlich ist.</P><P>(2) Teil 2 der Abschlussprüfung/Gesellenprüfung besteht aus den Prüfungsbereichen <DL Type="arabic"><DT>1.</DT><DD Font="normal"><LA>Arbeitsauftrag II,</LA></DD><DT>2.</DT><DD Font="normal"><LA>Planung und Konstruktion,</LA></DD><DT>3.</DT><DD Font="normal"><LA>Fertigung sowie</LA></DD><DT>4.</DT><DD Font="normal"><LA>Wirtschafts- und Sozialkunde.</LA></DD></DL></P><P>(3) Für den Prüfungsbereich Arbeitsauftrag II bestehen folgende Vorgaben: <DL Type="arabic"><DT>1.</DT><DD Font="normal"><LA>Der Prüfling soll nachweisen, dass er <DL Type="alpha"><DT>a)</DT><DD Font="normal"><LA>Art und Umfang von Aufträgen erfassen,</LA></DD><DT>b)</DT><DD Font="normal"><LA>Produkte des Gießereimodellbaus planen und konstruieren,</LA></DD><DT>c)</DT><DD Font="normal"><LA>Fertigungsverfahren auswählen und Fertigungsschritte unter Beachtung wirtschaftlicher, technischer, organisatorischer und zeitlicher Vorgaben selbstständig festlegen,</LA></DD><DT>d)</DT><DD Font="normal"><LA>Gießereimodelleinrichtungen oder Dauerformen herstellen,</LA></DD><DT>e)</DT><DD Font="normal"><LA>Gießereimodelleinrichtungen oder Dauerformen prüfen,</LA></DD><DT>f)</DT><DD Font="normal"><LA>Maßnahmen zur Arbeitsorganisation, zur Sicherheit und zum Gesundheitsschutz bei der Arbeit, zum Umweltschutz, zur Kundenorientierung und zur Qualitätssicherung berücksichtigen sowie</LA></DD><DT>g)</DT><DD Font="normal"><LA>die relevanten fachlichen Hintergründe aufzeigen</LA></DD></DL>kann;</LA></DD><DT>2.</DT><DD Font="normal"><LA>dem Prüfungsbereich ist folgende Tätigkeit zugrunde zu legen:<BR/> Herstellen einer Gießereimodelleinrichtung oder einer Dauerform;</LA></DD><DT>3.</DT><DD Font="normal"><LA>der Prüfling soll <DL Type="alpha"><DT>a)</DT><DD Font="normal"><LA>einen betrieblichen Auftrag durchführen und mit praxisbezogenen Unterlagen dokumentieren sowie ein auftragsbezogenes Fachgespräch führen; das Fachgespräch wird auf der Grundlage der praxisbezogenen Unterlagen geführt; dem Prüfungsausschuss ist vor der Durchführung des betrieblichen Auftrages die Aufgabenstellung einschließlich eines geplanten Bearbeitungszeitraums zur Genehmigung vorzulegen oder</LA></DD><DT>b)</DT><DD Font="normal"><LA>ein Prüfungsprodukt anfertigen und mit aufgabenspezifischen Unterlagen dokumentieren sowie ein auftragsbezogenes Fachgespräch führen;</LA></DD></DL></LA></DD><DT>4.</DT><DD Font="normal"><LA>die Prüfungszeit für die Durchführung des betrieblichen Auftrages einschließlich Dokumentation beträgt insgesamt 24 Stunden; für das auftragsbezogene Fachgespräch höchstens 30 Minuten; die Prüfungszeit für die Herstellung des Prüfungsproduktes einschließlich Dokumentation beträgt insgesamt 24 Stunden; für das auftragsbezogene Fachgespräch höchstens 20 Minuten.</LA></DD></DL></P><P>(4) Für den Prüfungsbereich Planung und Konstruktion bestehen folgende Vorgaben: <DL Type="arabic"><DT>1.</DT><DD Font="normal"><LA>Der Prüfling soll nachweisen, dass er <DL Type="alpha"><DT>a)</DT><DD Font="normal"><LA>die Bedingungen für den Einsatz des Produktes erfassen,</LA></DD><DT>b)</DT><DD Font="normal"><LA>technische Informationen auswerten,</LA></DD><DT>c)</DT><DD Font="normal"><LA>formtechnische, bearbeitungstechnische, gießtechnische und putztechnische Bedingungen berücksichtigen sowie</LA></DD><DT>d)</DT><DD Font="normal"><LA>CAD-Daten übernehmen, verändern und erzeugen</LA></DD></DL>kann;</LA></DD><DT>2.</DT><DD Font="normal"><LA>dem Prüfungsbereich sind folgende Tätigkeiten zugrunde zu legen:<BR/> Erstellen von Planungs- und Konstruktionsunterlagen zur Herstellung einer Gießereimodelleinrichtung;</LA></DD><DT>3.</DT><DD Font="normal"><LA>der Prüfling soll praxisbezogene Aufgaben schriftlich bearbeiten;</LA></DD><DT>4.</DT><DD Font="normal"><LA>die Prüfungszeit beträgt 120 Minuten.</LA></DD></DL></P><P>(5) Für den Prüfungsbereich Fertigung bestehen folgende Vorgaben: <DL Type="arabic"><DT>1.</DT><DD Font="normal"><LA>Der Prüfling soll nachweisen, dass er <DL Type="alpha"><DT>a)</DT><DD Font="normal"><LA>Planungs- und Konstruktionsdaten übernehmen,</LA></DD><DT>b)</DT><DD Font="normal"><LA>Werkstoffe und Fertigungsverfahren festlegen,</LA></DD><DT>c)</DT><DD Font="normal"><LA>Arbeitsschritte und Prozessparameter festlegen sowie</LA></DD><DT>d)</DT><DD Font="normal"><LA>Prüfverfahren festlegen und Prüfunterlagen erstellen</LA></DD></DL>kann;</LA></DD><DT>2.</DT><DD Font="normal"><LA>dem Prüfungsbereich sind folgende Tätigkeiten zugrunde zu legen:<BR/> Erstellen von Fertigungsunterlagen zur Herstellung einer Gießereimodelleinrichtung oder einer Dauerform;</LA></DD><DT>3.</DT><DD Font="normal"><LA>der Prüfling soll praxisbezogene Aufgaben schriftlich bearbeiten;</LA></DD><DT>4.</DT><DD Font="normal"><LA>die Prüfungszeit beträgt 90 Minuten.</LA></DD></DL></P><P>(6) Für den Prüfungsbereich Wirtschafts- und Sozialkunde bestehen folgende Vorgaben: <DL Type="arabic"><DT>1.</DT><DD Font="normal"><LA>Der Prüfling soll nachweisen, dass er allgemeine wirtschaftliche und gesellschaftliche Zusammenhänge der Berufs- und Arbeitswelt darstellen und beurteilen kann;</LA></DD><DT>2.</DT><DD Font="normal"><LA>der Prüfling soll fallbezogene Aufgaben schriftlich lösen;</LA></DD><DT>3.</DT><DD Font="normal"><LA>die Prüfungszeit beträgt 60 Minuten.</LA></DD></DL></P></Content></text></textdaten></norm>
<norm builddate="20231128213539" doknr="BJNR118700009BJNE001000000"><metadaten><jurabk>ModellBTechAusbV</jurabk><enbez>§ 9</enbez><titel format="XML">Gewichtungs- und Bestehensregelung in der Fachrichtung Gießerei</titel></metadaten><textdaten><text format="XML"><Content><P>(1) Die Prüfungsbereiche sind wie folgt zu gewichten: <BR/><BR/><table frame="none" pgwide="1" tocentry="%yes;"><tgroup align="left" char="" charoff="50" cols="2"><colspec colname="col1"/><colspec align="right" colname="col2"/><tbody valign="top"><row><entry VJ="1" colsep="0" rowsep="0">1. Prüfungsbereich Arbeitsauftrag I</entry><entry VJ="1" colsep="0" rowsep="0">25 Prozent,</entry></row><row><entry VJ="1" colsep="0" rowsep="0">2. Prüfungsbereich Arbeitsauftrag II</entry><entry VJ="1" colsep="0" rowsep="0">30 Prozent,</entry></row><row><entry VJ="1" colsep="0" rowsep="0">3. Prüfungsbereich Planung und Konstruktion</entry><entry VJ="1" colsep="0" rowsep="0">20 Prozent,</entry></row><row><entry VJ="1" colsep="0" rowsep="0">4. Prüfungsbereich Fertigung</entry><entry VJ="1" colsep="0" rowsep="0">15 Prozent,</entry></row><row><entry VJ="1" colsep="0" rowsep="0">5. Prüfungsbereich Wirtschafts- und Sozialkunde</entry><entry VJ="1" colsep="0" rowsep="0">10 Prozent.</entry></row></tbody></tgroup></table></P><P>(2) Die Abschlussprüfung/Gesellenprüfung ist bestanden, wenn die Leistungen <DL Font="normal" Type="arabic"><DT>1.</DT><DD Font="normal"><LA Size="normal">im Gesamtergebnis von Teil 1 und Teil 2 mit mindestens „ausreichend“,</LA></DD><DT>2.</DT><DD Font="normal"><LA Size="normal">im Ergebnis von Teil 2 mit mindestens „ausreichend“,</LA></DD><DT>3.</DT><DD Font="normal"><LA Size="normal">in mindestens drei Prüfungsbereichen von Teil 2 mit mindestens „ausreichend“ und</LA></DD><DT>4.</DT><DD Font="normal"><LA Size="normal">in keinem Prüfungsbereich von Teil 2 mit „ungenügend“</LA></DD></DL>bewertet worden sind.</P></Content></text></textdaten></norm>
<norm builddate="20231128213539" doknr="BJNR118700009BJNE001100000"><metadaten><jurabk>ModellBTechAusbV</jurabk><enbez>§ 10</enbez><titel format="XML">Teil 2 der Abschlussprüfung/Gesellenprüfung in der Fachrichtung Karosserie und Produktion</titel></metadaten><textdaten><text format="XML"><Content><P>(1) Teil 2 der Abschlussprüfung/Gesellenprüfung erstreckt sich auf die in der Anlage aufgeführten Fertigkeiten, Kenntnisse und Fähigkeiten sowie auf den im Berufsschulunterricht zu vermittelnden Lehrstoff, soweit er für die Berufsausbildung wesentlich ist.</P><P>(2) Teil 2 der Abschlussprüfung/Gesellenprüfung besteht aus den Prüfungsbereichen <DL Type="arabic"><DT>1.</DT><DD Font="normal"><LA>Arbeitsauftrag II,</LA></DD><DT>2.</DT><DD Font="normal"><LA>Planung und Konstruktion,</LA></DD><DT>3.</DT><DD Font="normal"><LA>Fertigung sowie</LA></DD><DT>4.</DT><DD Font="normal"><LA>Wirtschafts- und Sozialkunde.</LA></DD></DL></P><P>(3) Für den Prüfungsbereich Arbeitsauftrag II bestehen folgende Vorgaben: <DL Type="arabic"><DT>1.</DT><DD Font="normal"><LA>Der Prüfling soll nachweisen, dass er <DL Type="alpha"><DT>a)</DT><DD Font="normal"><LA>Art und Umfang von Aufträgen erfassen,</LA></DD><DT>b)</DT><DD Font="normal"><LA>Produkte des Karosserie- oder Produktionsmodellbaus planen und konstruieren,</LA></DD><DT>c)</DT><DD Font="normal"><LA>Fertigungsverfahren auswählen und Fertigungsschritte unter Beachtung wirtschaftlicher, technischer, organisatorischer und zeitlicher Vorgaben festlegen,</LA></DD><DT>d)</DT><DD Font="normal"><LA>Karosserie- oder Produktionsmodelle herstellen,</LA></DD><DT>e)</DT><DD Font="normal"><LA>Karosserie- oder Produktionsmodelle prüfen,</LA></DD><DT>f)</DT><DD Font="normal"><LA>Maßnahmen zur Arbeitsorganisation, zur Sicherheit und zum Gesundheitsschutz bei der Arbeit, zum Umweltschutz, zur Kundenorientierung und zur Qualitätssicherung berücksichtigen sowie</LA></DD><DT>g)</DT><DD Font="normal"><LA>die relevanten fachlichen Hintergründe aufzeigen</LA></DD></DL>kann;</LA></DD><DT>2.</DT><DD Font="normal"><LA>dem Prüfungsbereich ist folgende Tätigkeit zugrunde zu legen:<BR/> Herstellen eines Karosserie- oder eines Produktionsmodells;</LA></DD><DT>3.</DT><DD Font="normal"><LA>der Prüfling soll <DL Type="alpha"><DT>a)</DT><DD Font="normal"><LA>einen betrieblichen Auftrag durchführen und mit praxisbezogenen Unterlagen dokumentieren sowie ein auftragsbezogenes Fachgespräch führen; das Fachgespräch wird auf der Grundlage der praxisbezogenen Unterlagen geführt; dem Prüfungsausschuss ist vor der Durchführung des betrieblichen Auftrages die Aufgabenstellung einschließlich eines geplanten Bearbeitungszeitraums zur Genehmigung vorzulegen oder</LA></DD><DT>b)</DT><DD Font="normal"><LA>ein Prüfungsprodukt anfertigen und mit aufgabenspezifischen Unterlagen dokumentieren sowie ein auftragsbezogenes Fachgespräch führen;</LA></DD></DL></LA></DD><DT>4.</DT><DD Font="normal"><LA>der betriebliche Bereich, in dem der Prüfling ausgebildet wurde, ist zu berücksichtigen;</LA></DD><DT>5.</DT><DD Font="normal"><LA>die Prüfungszeit für die Durchführung des betrieblichen Auftrages einschließlich Dokumentation beträgt insgesamt 24 Stunden; für das auftragsbezogene Fachgespräch höchstens 30 Minuten; die Prüfungszeit für die Herstellung des Prüfungsproduktes einschließlich Dokumentation beträgt insgesamt 24 Stunden; für das auftragsbezogene Fachgespräch höchstens 20 Minuten.</LA></DD></DL></P><P>(4) Für den Prüfungsbereich Planung und Konstruktion bestehen folgende Vorgaben: <DL Type="arabic"><DT>1.</DT><DD Font="normal"><LA>Der Prüfling soll nachweisen, dass er <DL Type="alpha"><DT>a)</DT><DD Font="normal"><LA>die Bedingungen für Verwendung und Einsatz des Produktes erfassen,</LA></DD><DT>b)</DT><DD Font="normal"><LA>technische Informationen auswerten,</LA></DD><DT>c)</DT><DD Font="normal"><LA>modellspezifische Informationen nutzen,</LA></DD><DT>d)</DT><DD Font="normal"><LA>Formlage für Bauteile festlegen, Koordinatensysteme definieren und anwenden sowie</LA></DD><DT>e)</DT><DD Font="normal"><LA>CAD-Daten übernehmen, verändern und erzeugen</LA></DD></DL>kann;</LA></DD><DT>2.</DT><DD Font="normal"><LA>dem Prüfungsbereich ist folgende Tätigkeit zugrunde zu legen:<BR/> Erstellen von Planungs- und Konstruktionsunterlagen zur Herstellung eines Karosserie- oder Produktionsmodells;</LA></DD><DT>3.</DT><DD Font="normal"><LA>der Prüfling soll praxisbezogene Aufgaben schriftlich bearbeiten;</LA></DD><DT>4.</DT><DD Font="normal"><LA>die Prüfungszeit beträgt 120 Minuten.</LA></DD></DL></P><P>(5) Für den Prüfungsbereich Fertigung bestehen folgende Vorgaben: <DL Type="arabic"><DT>1.</DT><DD Font="normal"><LA>Der Prüfling soll nachweisen, dass er <DL Type="alpha"><DT>a)</DT><DD Font="normal"><LA>Konstruktionsdaten übernehmen,</LA></DD><DT>b)</DT><DD Font="normal"><LA>Werkstoffe und Fertigungsverfahren festlegen,</LA></DD><DT>c)</DT><DD Font="normal"><LA>Arbeitsschritte und Prozessparameter festlegen sowie</LA></DD><DT>d)</DT><DD Font="normal"><LA>Prüfverfahren festlegen und Prüfunterlagen erstellen</LA></DD></DL>kann;</LA></DD><DT>2.</DT><DD Font="normal"><LA>dem Prüfungsbereich ist folgende Tätigkeit zugrunde zu legen:<BR/> Erstellen von Fertigungsunterlagen zur Herstellung eines Karosserie- oder Produktionsmodells;</LA></DD><DT>3.</DT><DD Font="normal"><LA>der Prüfling soll praxisbezogene Aufgaben schriftlich bearbeiten;</LA></DD><DT>4.</DT><DD Font="normal"><LA>die Prüfungszeit beträgt 90 Minuten.</LA></DD></DL></P><P>(6) Für den Prüfungsbereich Wirtschafts- und Sozialkunde bestehen folgende Vorgaben: <DL Type="arabic"><DT>1.</DT><DD Font="normal"><LA>Der Prüfling soll nachweisen, dass er allgemeine wirtschaftliche und gesellschaftliche Zusammenhänge der Berufs- und Arbeitswelt darstellen und beurteilen kann;</LA></DD><DT>2.</DT><DD Font="normal"><LA>der Prüfling soll fallbezogene Aufgaben schriftlich lösen;</LA></DD><DT>3.</DT><DD Font="normal"><LA>die Prüfungszeit beträgt 60 Minuten.</LA></DD></DL></P></Content></text></textdaten></norm>
<norm builddate="20231128213539" doknr="BJNR118700009BJNE001200000"><metadaten><jurabk>ModellBTechAusbV</jurabk><enbez>§ 11</enbez><titel format="XML">Gewichtungs- und Bestehensregelung in der Fachrichtung Karosserie und Produktion</titel></metadaten><textdaten><text format="XML"><Content><P>(1) Die Prüfungsbereiche sind wie folgt zu gewichten: <BR/><BR/><table frame="none" pgwide="1" tocentry="%yes;"><tgroup align="left" char="" charoff="50" cols="2"><colspec colname="col1"/><colspec colname="col2"/><tbody valign="top"><row><entry VJ="1" colsep="0" rowsep="0">1 Prüfungsbereich Arbeitsauftrag I</entry><entry VJ="1" colsep="0" rowsep="0">25 Prozent,</entry></row><row><entry VJ="1" colsep="0" rowsep="0">2. Prüfungsbereich Arbeitsauftrag II</entry><entry VJ="1" colsep="0" rowsep="0">30 Prozent,</entry></row><row><entry VJ="1" colsep="0" rowsep="0">3. Prüfungsbereich Planung und Konstruktion</entry><entry VJ="1" colsep="0" rowsep="0">20 Prozent,</entry></row><row><entry VJ="1" colsep="0" rowsep="0">4. Prüfungsbereich Fertigung</entry><entry VJ="1" colsep="0" rowsep="0">15 Prozent,</entry></row><row><entry VJ="1" colsep="0" rowsep="0">5 .Prüfungsbereich Wirtschafts- und Sozialkunde</entry><entry VJ="1" colsep="0" rowsep="0">10 Prozent.</entry></row></tbody></tgroup></table></P><P>(2) Die Abschlussprüfung/Gesellenprüfung ist bestanden, wenn die Leistungen <DL Font="normal" Type="arabic"><DT>1.</DT><DD Font="normal"><LA Size="normal">im Gesamtergebnis von Teil 1 und Teil 2 mit mindestens „ausreichend“,</LA></DD><DT>2.</DT><DD Font="normal"><LA Size="normal">im Ergebnis von Teil 2 mit mindestens „ausreichend“,</LA></DD><DT>3.</DT><DD Font="normal"><LA Size="normal">in mindestens drei Prüfungsbereichen von Teil 2 mit mindestens „ausreichend“ und</LA></DD><DT>4.</DT><DD Font="normal"><LA Size="normal">in keinem Prüfungsbereich von Teil 2 mit „ungenügend“</LA></DD></DL>bewertet worden sind.</P></Content></text></textdaten></norm>
<norm builddate="20231128213539" doknr="BJNR118700009BJNE001300000"><metadaten><jurabk>ModellBTechAusbV</jurabk><enbez>§ 12</enbez><titel format="XML">Teil 2 der Abschlussprüfung/Gesellenprüfung in der Fachrichtung Anschauung</titel></metadaten><textdaten><text format="XML"><Content><P>(1) Teil 2 der Abschlussprüfung/Gesellenprüfung erstreckt sich auf die in der Anlage aufgeführten Fertigkeiten, Kenntnisse und Fähigkeiten sowie auf den im Berufsschulunterricht zu vermittelnden Lehrstoff, soweit er für die Berufsausbildung wesentlich ist.</P><P>(2) Teil 2 der Abschlussprüfung/Gesellenprüfung besteht aus den Prüfungsbereichen <DL Type="arabic"><DT>1.</DT><DD Font="normal"><LA>Arbeitsauftrag II,</LA></DD><DT>2.</DT><DD Font="normal"><LA>Planung und Gestaltung,</LA></DD><DT>3.</DT><DD Font="normal"><LA>Fertigung sowie</LA></DD><DT>4.</DT><DD Font="normal"><LA>Wirtschafts- und Sozialkunde.</LA></DD></DL></P><P>(3) Für den Prüfungsbereich Arbeitsauftrag II bestehen folgende Vorgaben: <DL Type="arabic"><DT>1.</DT><DD Font="normal"><LA>Der Prüfling soll nachweisen, dass er <DL Type="alpha"><DT>a)</DT><DD Font="normal"><LA>Art und Umfang von Aufträgen erfassen,</LA></DD><DT>b)</DT><DD Font="normal"><LA>Anschauungsmodelle planen und gestalten,</LA></DD><DT>c)</DT><DD Font="normal"><LA>Fertigungsverfahren auswählen und Fertigungsschritte unter Beachtung wirtschaftlicher, technischer, organisatorischer und zeitlicher Vorgaben festlegen,</LA></DD><DT>d)</DT><DD Font="normal"><LA>Anschauungsmodelle herstellen,</LA></DD><DT>e)</DT><DD Font="normal"><LA>Oberflächen gestalten und behandeln,</LA></DD><DT>f)</DT><DD Font="normal"><LA>Anschauungsmodelle prüfen,</LA></DD><DT>g)</DT><DD Font="normal"><LA>Maßnahmen zur Arbeitsorganisation, zur Sicherheit und zum Gesundheitsschutz bei der Arbeit, zum Umweltschutz, zur Kundenorientierung und zur Qualitätssicherung berücksichtigen sowie</LA></DD><DT>h)</DT><DD Font="normal"><LA>die relevanten fachlichen Hintergründe aufzeigen</LA></DD></DL> kann;</LA></DD><DT>2.</DT><DD Font="normal"><LA>dem Prüfungsbereich ist folgende Tätigkeit zugrunde zu legen:<BR/> Herstellen eines Anschauungsmodells;</LA></DD><DT>3.</DT><DD Font="normal"><LA>der Prüfling soll ein Prüfungsprodukt anfertigen und mit aufgabenspezifischen Unterlagen dokumentieren sowie ein auftragsbezogenes Fachgespräch führen;</LA></DD><DT>4.</DT><DD Font="normal"><LA>die Prüfungszeit für die Herstellung des Prüfungsproduktes einschließlich Dokumentation beträgt insgesamt 35 Stunden; für das auftragsbezogene Fachgespräch höchstens 20 Minuten.</LA></DD></DL></P><P>(4) Für den Prüfungsbereich Planung und Gestaltung bestehen folgende Vorgaben: <DL Type="arabic"><DT>1.</DT><DD Font="normal"><LA>Der Prüfling soll nachweisen, dass er <DL Type="alpha"><DT>a)</DT><DD Font="normal"><LA>Kundenanforderungen und Bedingungen für die Verwendung des Modells erfassen,</LA></DD><DT>b)</DT><DD Font="normal"><LA>technische Informationen auswerten,</LA></DD><DT>c)</DT><DD Font="normal"><LA>Wirtschaftlichkeit und fertigungstechnische Bedingungen berücksichtigen sowie</LA></DD><DT>d)</DT><DD Font="normal"><LA>CAD-Daten übernehmen, verändern und erzeugen</LA></DD></DL> kann;</LA></DD><DT>2.</DT><DD Font="normal"><LA>dem Prüfungsbereich ist folgende Tätigkeit zugrunde zu legen:<BR/> Erstellen von Planungs- und Gestaltungsunterlagen zur Herstellung eines Anschauungsmodells;</LA></DD><DT>3.</DT><DD Font="normal"><LA>der Prüfling soll praxisbezogene Aufgaben schriftlich bearbeiten;</LA></DD><DT>4.</DT><DD Font="normal"><LA>die Prüfungszeit beträgt 120 Minuten.</LA></DD></DL></P><P>(5) Für den Prüfungsbereich Fertigung bestehen folgende Vorgaben: <DL Type="arabic"><DT>1.</DT><DD Font="normal"><LA>Der Prüfling soll nachweisen, dass er <DL Type="alpha"><DT>a)</DT><DD Font="normal"><LA>Planungs- und Konstruktionsdaten übernehmen,</LA></DD><DT>b)</DT><DD Font="normal"><LA>Werkstoffe und Fertigungsverfahren festlegen,</LA></DD><DT>c)</DT><DD Font="normal"><LA>Arbeitsschritte und Prozessparameter festlegen sowie</LA></DD><DT>d)</DT><DD Font="normal"><LA>Prüfverfahren festlegen und Prüfunterlagen erstellen</LA></DD></DL> kann;</LA></DD><DT>2.</DT><DD Font="normal"><LA>dem Prüfungsbereich ist folgende Tätigkeit zugrunde zu legen:<BR/> Erstellen von Fertigungsunterlagen zur Herstellung eines Anschauungsmodells;</LA></DD><DT>3.</DT><DD Font="normal"><LA>der Prüfling soll praxisbezogene Aufgaben schriftlich bearbeiten;</LA></DD><DT>4.</DT><DD Font="normal"><LA>die Prüfungszeit beträgt 90 Minuten.</LA></DD></DL></P><P>(6) Für den Prüfungsbereich Wirtschafts- und Sozialkunde bestehen folgende Vorgaben: <DL Type="arabic"><DT>1.</DT><DD Font="normal"><LA>Der Prüfling soll nachweisen, dass er allgemeine wirtschaftliche und gesellschaftliche Zusammenhänge der Berufs- und Arbeitswelt darstellen und beurteilen kann;</LA></DD><DT>2.</DT><DD Font="normal"><LA>der Prüfling soll fallbezogene Aufgaben schriftlich lösen;</LA></DD><DT>3.</DT><DD Font="normal"><LA>die Prüfungszeit beträgt 60 Minuten.</LA></DD></DL></P></Content></text></textdaten></norm>
<norm builddate="20231128213539" doknr="BJNR118700009BJNE001400000"><metadaten><jurabk>ModellBTechAusbV</jurabk><enbez>§ 13</enbez><titel format="XML">Gewichtungs- und Bestehensregelung in der Fachrichtung Anschauung</titel></metadaten><textdaten><text format="XML"><Content><P>(1) Die Prüfungsbereiche sind wie folgt zu gewichten: <BR/><BR/><table tocentry="%yes;"><tgroup align="left" char="" charoff="50" cols="2"><colspec colname="col1"/><colspec colname="col2"/><tbody valign="top"><row><entry VJ="1">1. Prüfungsbereich Arbeitsauftrag I</entry><entry VJ="1">25 Prozent,</entry></row><row><entry VJ="1">2. Prüfungsbereich Arbeitsauftrag II</entry><entry VJ="1">35 Prozent,</entry></row><row><entry VJ="1">3. Prüfungsbereich Planung und<BR/> Gestaltung</entry><entry VJ="1">15 Prozent,</entry></row><row><entry VJ="1">4. Prüfungsbereich Fertigung</entry><entry VJ="1">15 Prozent,</entry></row><row><entry VJ="1">5. Prüfungsbereich Wirtschafts-<BR/> und Sozialkunde</entry><entry VJ="1">10 Prozent.</entry></row></tbody></tgroup></table></P><P>(2) Die Abschlussprüfung/Gesellenprüfung ist bestanden, wenn die Leistungen <DL Font="normal" Type="arabic"><DT>1.</DT><DD Font="normal"><LA Size="normal">im Gesamtergebnis von Teil 1 und Teil 2 mit mindestens „ausreichend“,</LA></DD><DT>2.</DT><DD Font="normal"><LA Size="normal">im Ergebnis von Teil 2 mit mindestens „ausreichend“,</LA></DD><DT>3.</DT><DD Font="normal"><LA Size="normal">in mindestens drei Prüfungsbereichen von Teil 2 mit mindestens „ausreichend“ und</LA></DD><DT>4.</DT><DD Font="normal"><LA Size="normal">in keinem Prüfungsbereich von Teil 2 mit „ungenügend“</LA></DD></DL>bewertet worden sind.</P></Content></text></textdaten></norm>
<norm builddate="20231128213539" doknr="BJNR118700009BJNE001500000"><metadaten><jurabk>ModellBTechAusbV</jurabk><enbez>§ 14</enbez><titel format="XML">Mündliche Ergänzungsprüfung</titel></metadaten><textdaten><text format="XML"><Content><P>Auf Antrag des Prüflings ist die Prüfung in einem der in Teil 2 der Abschlussprüfung/Gesellenprüfung mit schlechter als „ausreichend“ bewerteten Prüfungsbereiche, in denen Prüfungsleistungen mit eigener Anforderung und Gewichtung schriftlich zu erbringen sind, durch eine mündliche Prüfung von etwa 15 Minuten zu ergänzen, wenn dies für das Bestehen der Prüfung den Ausschlag geben kann. Bei der Ermittlung des Ergebnisses für diesen Prüfungsbereich sind das bisherige Ergebnis und das Ergebnis der mündlichen Ergänzungsprüfung im Verhältnis von 2 : 1 zu gewichten.</P></Content></text></textdaten></norm>
<norm builddate="20231128213539" doknr="BJNR118700009BJNE001600000"><metadaten><jurabk>ModellBTechAusbV</jurabk><enbez>§ 15</enbez><titel format="XML">Bestehende Berufsausbildungsverhältnisse</titel></metadaten><textdaten><text format="XML"><Content><P>Berufsausbildungsverhältnisse, die bei Inkrafttreten dieser Verordnung bestehen, können unter Anrechnung der bisher zurückgelegten Ausbildungszeit nach den Vorschriften dieser Verordnung fortgesetzt werden, wenn die Vertragsparteien dies vereinbaren und noch keine Zwischenprüfung abgelegt wurde.</P></Content></text></textdaten></norm>
<norm builddate="20231128213539" doknr="BJNR118700009BJNE001700000"><metadaten><jurabk>ModellBTechAusbV</jurabk><enbez>§ 16</enbez><titel format="XML">Inkrafttreten, Außerkrafttreten</titel></metadaten><textdaten><text format="XML"><Content><P>Diese Verordnung tritt am 1. August 2009 in Kraft.</P></Content></text><fussnoten/></textdaten></norm>
<norm builddate="20231128213539" doknr="BJNR118700009BJNE001800000"><metadaten><jurabk>ModellBTechAusbV</jurabk><enbez>Anlage</enbez><titel format="XML">(zu § 4 Absatz 1)<BR/>Ausbildungsrahmenplan für die Berufsausbildung zum Technischen Modellbauer/zur Technischen Modellbauerin</titel></metadaten><textdaten><text format="XML"><Content><P><kommentar typ="Fundstelle">(Fundstelle: BGBl. I 2009, 1193 - 1200)</kommentar><BR/><B>Abschnitt A: Berufsprofilgebende Fertigkeiten, Kenntnisse und Fähigkeiten</B></P><table frame="all" pgwide="1" tabstyle="tabelle1" tocentry="%yes;"><tgroup align="left" char="" charoff="50" cols="5" colsep="1" rowsep="1"><colspec align="center" colname="col1" colnum="1" colwidth="0.6*"/><colspec colname="col2" colnum="2" colwidth="3.0*"/><colspec colname="col3" colnum="3" colwidth="7.3*"/><colspec align="center" colname="col4" colnum="4" colwidth="1.3*"/><colspec align="center" colname="col5" colnum="5" colwidth="1.3*"/><thead valign="bottom"><row><entry VJ="1" align="center" colname="col1" morerows="1" valign="middle">Lfd.<BR/> Nr.</entry><entry VJ="1" align="center" colname="col2" morerows="1" valign="middle">Teil des<BR/> Ausbildungsberufsbildes</entry><entry VJ="1" align="center" colname="col3" morerows="1" valign="middle">Zu vermittelnde<BR/> Fertigkeiten, Kenntnisse und Fähigkeiten</entry><entry VJ="1" align="center" colname="col4" nameend="col5" namest="col4" valign="middle">Zeitliche Richtwerte<BR/> in Wochen im</entry></row><row><entry VJ="1" align="center" colname="col4" valign="middle">1. – 18.<BR/> Monat</entry><entry VJ="1" align="center" colname="col5" valign="middle">19. – 24.<BR/> Monat</entry></row><row><entry VJ="1" align="center" colname="col1" valign="middle">1</entry><entry VJ="1" align="center" colname="col2" valign="middle">2</entry><entry VJ="1" align="center" colname="col3" valign="middle">3</entry><entry VJ="1" align="center" colname="col4" nameend="col5" namest="col4" valign="middle">4</entry></row></thead><tbody valign="top"><row><entry VJ="1" colname="col1">1</entry><entry VJ="1" colname="col2">Erstellen von<BR/> Fertigungsunterlagen<BR/> (§ 4 Absatz 2<BR/> Abschnitt A Nummer 1)</entry><entry VJ="1" colname="col3"><DL Font="normal" Type="alpha"><DT>a)</DT><DD Font="normal"><LA Size="normal">technische Informationen auswerten</LA></DD><DT>b)</DT><DD Font="normal"><LA Size="normal">Entwürfe für Modelle oder Formen erstellen, Kundenanforderungen berücksichtigen</LA></DD><DT>c)</DT><DD Font="normal"><LA Size="normal">Fertigungsunterlagen unter Berücksichtigung von Regelwerken, auch computergestützt, erstellen</LA></DD></DL></entry><entry VJ="1" colname="col4" valign="middle">4</entry><entry VJ="1" colname="col5"/></row><row><entry VJ="1" colname="col1">2</entry><entry VJ="1" colname="col2">Be- und Verarbeiten<BR/>von Werk- und Hilfsstoffen<BR/> (§ 4 Absatz 2<BR/> Abschnitt A Nummer 2)</entry><entry VJ="1" colname="col3"><DL Font="normal" Type="alpha"><DT>a)</DT><DD Font="normal"><LA Size="normal">Arten und Eigenschaften von Werkstoffen, insbesondere Kunststoffe, Metalle und Holzwerkstoffe, unterscheiden</LA></DD><DT>b)</DT><DD Font="normal"><LA Size="normal">Werkstoffe für den Verwendungszweck unter Berücksichtigung von Normen auswählen</LA></DD><DT>c)</DT><DD Font="normal"><LA Size="normal">Werkstoffe be- und verarbeiten</LA></DD><DT>d)</DT><DD Font="normal"><LA Size="normal">Hilfsstoffe auswählen und verarbeiten</LA></DD><DT>e)</DT><DD Font="normal"><LA Size="normal">Werk-, Hilfs- und Gefahrstoffe lagern und entsorgen, Vorschriften beachten</LA></DD></DL></entry><entry VJ="1" colname="col4" valign="middle">8</entry><entry VJ="1" colname="col5"/></row><row><entry VJ="1" colname="col1">3</entry><entry VJ="1" colname="col2">Festlegen von<BR/> Fertigungsverfahren<BR/> (§ 4 Absatz 2<BR/> Abschnitt A Nummer 3)</entry><entry VJ="1" colname="col3"><DL Font="normal" Type="alpha"><DT>a)</DT><DD Font="normal"><LA Size="normal">Fertigungsverfahren, insbesondere Urformen, Umformen, Zerspanen und Fügen, unterscheiden</LA></DD><DT>b)</DT><DD Font="normal"><LA Size="normal">Fertigungsverfahren, insbesondere im Hinblick auf die betriebliche Herstellung und den weiteren Verwendungszweck des Produktes, auswählen</LA></DD><DT>c)</DT><DD Font="normal"><LA Size="normal">Fertigungsverfahren in Abhängigkeit von Werkstoff und Werkstückgeometrie festlegen, dabei ergonomische, ökologische, wirtschaftliche und sicherheitstechnische Aspekte berücksichtigen</LA></DD></DL></entry><entry VJ="1" colname="col4" valign="middle">4</entry><entry VJ="1" colname="col5"/></row><row><entry VJ="1" colname="col1">4</entry><entry VJ="1" colname="col2">Einrichten, Bedienen und Instandhalten von Werkzeugen, Geräten, Maschinen und technischen Einrichtungen<BR/> (§ 4 Absatz 2<BR/> Abschnitt A Nummer 4)</entry><entry VJ="1" colname="col3"><DL Font="normal" Type="alpha"><DT>a)</DT><DD Font="normal"><LA Size="normal">Werkzeuge, Geräte, Maschinen und technische Einrichtungen unterscheiden und nach Verwendungszweck auswählen</LA></DD><DT>b)</DT><DD Font="normal"><LA Size="normal">Werkzeuge, Geräte und technische Einrichtungen handhaben und warten</LA></DD><DT>c)</DT><DD Font="normal"><LA Size="normal">Prozessparameter festlegen</LA></DD><DT>d)</DT><DD Font="normal"><LA Size="normal">Maschinen warten, einrichten und unter Verwendung von Schutzeinrichtungen bedienen</LA></DD><DT>e)</DT><DD Font="normal"><LA Size="normal">Störungen und Schäden feststellen, Maßnahmen zu deren Behebung ergreifen</LA></DD></DL></entry><entry VJ="1" colname="col4" valign="middle">10</entry><entry VJ="1" colname="col5"/></row><row><entry VJ="1" colname="col1" morerows="1">5</entry><entry VJ="1" colname="col2" morerows="1">Anwenden von<BR/> computergestützten Fertigungsverfahren<BR/> (§ 4 Absatz 2<BR/> Abschnitt A Nummer 5)</entry><entry VJ="1" colname="col3"><DL Font="normal" Type="alpha"><DT>a)</DT><DD Font="normal"><LA Size="normal">computergestützte Verfahren unterscheiden</LA></DD></DL></entry><entry VJ="1" colname="col4">2</entry><entry VJ="1" colname="col5"/></row><row><entry VJ="1" colname="col3"><DL Font="normal" Type="alpha"><DT>b)</DT><DD Font="normal"><LA Size="normal">Parameter festlegen, Steuerungsprogramme erstellen, eingeben, testen, ändern und anwenden</LA></DD><DT>c)</DT><DD Font="normal"><LA Size="normal">Maschinen unter Berücksichtigung von Werkzeug- und Werkstückgeometrie einrichten</LA></DD><DT>d)</DT><DD Font="normal"><LA Size="normal">Programmabläufe überwachen und optimieren</LA></DD></DL></entry><entry VJ="1" colname="col4"/><entry VJ="1" colname="col5" valign="middle">8</entry></row><row><entry VJ="1" colname="col1">6</entry><entry VJ="1" colname="col2">Herstellen von<BR/> Modellen, Formen oder Modelleinrichtungen<BR/> (§ 4 Absatz 2<BR/> Abschnitt A Nummer 6)</entry><entry VJ="1" colname="col3"><DL Font="normal" Type="alpha"><DT>a)</DT><DD Font="normal"><LA Size="normal">Arten und Funktionen von Erzeugnissen des technischen Modellbaus unterscheiden</LA></DD><DT>b)</DT><DD Font="normal"><LA Size="normal">Modelle, Formen oder Modelleinrichtungen durch manuelles und maschinelles Zerspanen herstellen</LA></DD><DT>c)</DT><DD Font="normal"><LA Size="normal">Modelle, Formen oder Modelleinrichtungen durch Urformen, insbesondere durch Kunstharzverarbeitung, herstellen</LA></DD><DT>d)</DT><DD Font="normal"><LA Size="normal">Modelle, Formen oder Modelleinrichtungen durch Fügen herstellen</LA></DD></DL></entry><entry VJ="1" colname="col4" valign="middle">26</entry><entry VJ="1" colname="col5"/></row><row><entry VJ="1" colname="col1">7</entry><entry VJ="1" colname="col2">Herstellen von Mustern, Prototypen oder<BR/> Fertigungseinrichtungen<BR/> (§ 4 Absatz 2<BR/> Abschnitt A Nummer 7)</entry><entry VJ="1" colname="col3"><DL Font="normal" Type="alpha"><DT>a)</DT><DD Font="normal"><LA Size="normal">Arten und Funktionen von Mustern, Prototypen und Fertigungseinrichtungen unterscheiden</LA></DD><DT>b)</DT><DD Font="normal"><LA Size="normal">Muster, Prototypen oder Fertigungseinrichtungen herstellen</LA></DD></DL></entry><entry VJ="1" colname="col4" valign="middle">6</entry><entry VJ="1" colname="col5"/></row><row><entry VJ="1" colname="col1" morerows="1">8</entry><entry VJ="1" colname="col2" morerows="1">Ändern und<BR/> Instandsetzen von<BR/> Modellen, Modell-<BR/> einrichtungen oder<BR/> Fertigungseinrichtungen<BR/> (§ 4 Absatz 2<BR/> Abschnitt A Nummer 8)</entry><entry VJ="1" colname="col3"><DL Font="normal" Type="alpha"><DT>a)</DT><DD Font="normal"><LA Size="normal">Änderungsanforderungen erfassen, Umsetzungsmöglichkeiten entwickeln und bewerten</LA></DD><DT>b)</DT><DD Font="normal"><LA Size="normal">Änderungen durchführen und dokumentieren</LA></DD></DL></entry><entry VJ="1" colname="col4" valign="middle">3</entry><entry VJ="1" colname="col5"/></row><row><entry VJ="1" colname="col3"><DL Font="normal" Type="alpha"><DT>c)</DT><DD Font="normal"><LA Size="normal">Fehlfunktionen und Schäden feststellen und dokumentieren</LA></DD><DT>d)</DT><DD Font="normal"><LA Size="normal">Instandsetzungen durchführen</LA></DD></DL></entry><entry VJ="1" colname="col4"/><entry VJ="1" colname="col5" valign="middle">3</entry></row><row><entry VJ="1" colname="col1">9</entry><entry VJ="1" colname="col2">Anwenden von<BR/> Antriebs- und<BR/> Steuerungstechnik<BR/> (§ 4 Absatz 2<BR/> Abschnitt A Nummer 9)</entry><entry VJ="1" colname="col3"><DL Font="normal" Type="alpha"><DT>a)</DT><DD Font="normal"><LA Size="normal">Antriebs- und Steuerungstechniken unterscheiden, insbesondere Elektronik, Pneumatik und Hydraulik</LA></DD><DT>b)</DT><DD Font="normal"><LA Size="normal">Antriebs- und Steuerungselemente montieren und in Betrieb nehmen</LA></DD></DL></entry><entry VJ="1" colname="col4"/><entry VJ="1" colname="col5" valign="middle">6</entry></row><row><entry VJ="1" colname="col1">10</entry><entry VJ="1" colname="col2">Anwenden von<BR/>Prüfverfahren<BR/> (§ 4 Absatz 2<BR/> Abschnitt A Nummer 10)</entry><entry VJ="1" colname="col3"><DL Font="normal" Type="alpha"><DT>a)</DT><DD Font="normal"><LA Size="normal">Toleranzen aus Vorgaben ermitteln</LA></DD><DT>b)</DT><DD Font="normal"><LA Size="normal">Prüfverfahren, insbesondere Messen und Lehren, unterscheiden und auswählen</LA></DD><DT>c)</DT><DD Font="normal"><LA Size="normal">Messmittel und Lehren auswählen und einsetzen, Prüffehler erkennen und korrigieren</LA></DD><DT>d)</DT><DD Font="normal"><LA Size="normal">Prüfergebnisse ermitteln</LA></DD><DT>e)</DT><DD Font="normal"><LA Size="normal">Abweichungen vom Sollzustand unter Berücksichtigung von Toleranzen feststellen und Maßnahmen zur Erreichung des Sollzustandes ergreifen</LA></DD></DL></entry><entry VJ="1" colname="col4" valign="middle">4</entry><entry VJ="1" colname="col5"/></row></tbody></tgroup></table><P><B>Abschnitt B: Weitere berufsprofilgebende Fertigkeiten, Kenntnisse und Fähigkeiten in der Fachrichtung Gießerei</B></P><table frame="all" pgwide="1" tabstyle="tabelle2" tocentry="%yes;"><tgroup align="left" char="" charoff="50" cols="4" colsep="1" rowsep="1"><colspec align="center" colname="col1" colnum="1" colwidth="0.6*"/><colspec colname="col2" colnum="2" colwidth="3.0*"/><colspec colname="col3" colnum="3" colwidth="7.3*"/><colspec align="center" colname="col4" colnum="4" colwidth="2.6*"/><thead valign="bottom"><row><entry VJ="1" align="center" colname="col1" valign="middle">Lfd.<BR/> Nr.</entry><entry VJ="1" align="center" colname="col2" valign="middle">Teil des<BR/> Ausbildungsberufsbildes</entry><entry VJ="1" align="center" colname="col3" valign="middle">Zu vermittelnde<BR/> Fertigkeiten, Kenntnisse und Fähigkeiten</entry><entry VJ="1" align="center" colname="col4" valign="middle">Zeitliche Richtwerte<BR/> in Wochen im<BR/> 25. – 42. Monat</entry></row><row><entry VJ="1" align="center" colname="col1" valign="middle">1</entry><entry VJ="1" align="center" colname="col2" valign="middle">2</entry><entry VJ="1" align="center" colname="col3" valign="middle">3</entry><entry VJ="1" align="center" colname="col4" nameend="col5" namest="col4" valign="middle">4</entry></row></thead><tbody valign="top"><row><entry VJ="1" colname="col1" rowsep="0">1</entry><entry VJ="1" colname="col2" rowsep="0">Planen und<BR/> Konstruieren von<BR/> Produkten des<BR/> Gießereimodellbaus<BR/> (§ 4 Absatz 2<BR/> Abschnitt B Nummer 1)</entry><entry VJ="1" colname="col3" rowsep="0"><DL Font="normal" Type="alpha"><DT>a)</DT><DD Font="normal"><LA Size="normal">Bedingungen für den Einsatz des Produktes beim Kunden erfassen, insbesondere formtechnische, gießtechnische, putztechnische und bearbeitungstechnische Bedingungen</LA></DD><DT>b)</DT><DD Font="normal"><LA Size="normal">formtechnische Bedingungen, insbesondere Formverfahren, Konturänderungen, Teilungen und Formschrägen, berücksichtigen</LA></DD><DT>c)</DT><DD Font="normal"><LA Size="normal">gießtechnische Bedingungen, insbesondere Gießverfahren, Gieß- und Speisesysteme sowie Schwindung, berücksichtigen</LA></DD></DL></entry><entry VJ="1" colname="col4" rowsep="0" valign="middle"/></row><row><entry VJ="1" colname="col1"/><entry VJ="1" colname="col2"/><entry VJ="1" colname="col3"><DL Font="normal" Type="alpha"><DT>d)</DT><DD Font="normal"><LA Size="normal">putztechnische Bedingungen, insbesondere Entgraten sowie Entfernen von Gieß- und Speisesystemen, berücksichtigen</LA></DD><DT>e)</DT><DD Font="normal"><LA Size="normal">bearbeitungstechnische Bedingungen, insbesondere Bearbeitungszugaben, berücksichtigen</LA></DD><DT>f)</DT><DD Font="normal"><LA Size="normal">modellspezifische Informationen, insbesondere Skizzen und Zeichnungen, nutzen</LA></DD><DT>g)</DT><DD Font="normal"><LA Size="normal">Koordinatensysteme anwenden</LA></DD><DT>h)</DT><DD Font="normal"><LA Size="normal">technische Informationen übernehmen und erzeugen, insbesondere CAD-Daten</LA></DD><DT>i)</DT><DD Font="normal"><LA Size="normal">Daten weiterverarbeiten, insbesondere unter Berücksichtigung von form-, gieß-, putz- und bearbeitungstechnischen Bedingungen</LA></DD><DT>j)</DT><DD Font="normal"><LA Size="normal">Gießereimodelleinrichtungen, insbesondere Natur- und Kernmodelle mit Kernkasten sowie geteilte und verlorene Modelle oder Dauerformen, konstruieren</LA></DD><DT>k)</DT><DD Font="normal"><LA Size="normal">Lehren und Vorrichtungen konstruieren</LA></DD></DL></entry><entry VJ="1" colname="col4" valign="top"><BR/><BR/><BR/><BR/> 26</entry></row><row><entry VJ="1" colname="col1">2</entry><entry VJ="1" colname="col2">Planen der Fertigung<BR/> (§ 4 Absatz 2<BR/> Abschnitt B Nummer 2)</entry><entry VJ="1" colname="col3"><DL Font="normal" Type="alpha"><DT>a)</DT><DD Font="normal"><LA Size="normal">Konstruktionsdaten, insbesondere CAD-Daten, für die Fertigung übernehmen</LA></DD><DT>b)</DT><DD Font="normal"><LA Size="normal">Bearbeitungsstrategien unter Berücksichtigung von Produktgeometrien, Werkstoffen, Maschinen und Werkzeugen festlegen</LA></DD><DT>c)</DT><DD Font="normal"><LA Size="normal">Fertigungsdaten, insbesondere CAM-Daten, erzeugen</LA></DD></DL></entry><entry VJ="1" colname="col4" valign="middle">12</entry></row><row><entry VJ="1" colname="col1">3</entry><entry VJ="1" colname="col2">Herstellen von<BR/> Gießereimodell-<BR/> einrichtungen oder<BR/> Dauerformen<BR/> (§ 4 Absatz 2<BR/> Abschnitt B Nummer 3)</entry><entry VJ="1" colname="col3"><DL Font="normal" Type="alpha"><DT>a)</DT><DD Font="normal"><LA Size="normal">Werkstoffe und Zubehör unter Beachtung ihrer Eigenschaften und der Verwendung des Produktes auswählen</LA></DD><DT>b)</DT><DD Font="normal"><LA Size="normal">Be- und Verarbeitungsverfahren auswählen</LA></DD><DT>c)</DT><DD Font="normal"><LA Size="normal">Rohlinge für Modelle und Kernkästen herstellen</LA><LA Size="normal">oder</LA><LA Size="normal">Rohlinge für Dauerformen herstellen</LA></DD><DT>d)</DT><DD Font="normal"><LA Size="normal">Modelle und Kernkästen</LA><LA Size="normal">oder</LA><LA Size="normal">Dauerformen durch manuelle und maschinelle Fertigungsverfahren herstellen, geforderte Oberflächenqualität gewährleisten</LA></DD><DT>e)</DT><DD Font="normal"><LA Size="normal">Gießereimodelleinrichtungen komplettieren, insbesondere Modelle auf Modellplatten montieren, Kernkästen für die Serienfertigung von Gussteilen vorbereiten</LA><LA Size="normal">oder</LA><LA Size="normal">Dauerformen komplettieren und für die Serienfertigung von Gussteilen vorbereiten</LA></DD><DT>f)</DT><DD Font="normal"><LA Size="normal">Modelleinrichtungen kennzeichnen, Vorgaben berücksichtigen</LA></DD><DT>g)</DT><DD Font="normal"><LA Size="normal">Lehren und Vorrichtungen, insbesondere Kernaufbau- und Kerneinlegelehren, anfertigen; Vorgaben berücksichtigen</LA></DD></DL></entry><entry VJ="1" colname="col4" valign="middle">26</entry></row><row><entry VJ="1" colname="col1">4</entry><entry VJ="1" colname="col2">Prüfen von<BR/> Modelleinrichtungen oder Dauerformen<BR/> (§ 4 Absatz 2<BR/> Abschnitt B Nummer 4)</entry><entry VJ="1" colname="col3" rowsep="0"><DL Font="normal" Type="alpha"><DT>a)</DT><DD Font="normal"><LA Size="normal">Oberflächen- und Funktionsprüfung unter gießereitechnischen Gesichtspunkten durchführen und dokumentieren</LA></DD><DT>b)</DT><DD Font="normal"><LA Size="normal">Prüfung der Maßhaltigkeit unter Berücksichtigung der vorgegebenen Toleranzen durchführen und dokumentieren</LA></DD></DL></entry><entry VJ="1" colname="col4" valign="middle">14</entry></row></tbody></tgroup></table><P><B>Abschnitt C: Weitere berufsprofilgebende Fertigkeiten, Kenntnisse und Fähigkeiten in der Fachrichtung Karosserie und Produktion</B></P><table frame="all" pgwide="1" tabstyle="tabelle3" tocentry="%yes;"><tgroup align="left" char="" charoff="50" cols="4" colsep="1" rowsep="1"><colspec align="center" colname="col1" colnum="1" colwidth="0.6*"/><colspec colname="col2" colnum="2" colwidth="3.0*"/><colspec colname="col3" colnum="3" colwidth="7.3*"/><colspec align="center" colname="col4" colnum="4" colwidth="2.6*"/><thead valign="bottom"><row><entry VJ="1" align="center" colname="col1" valign="middle">Lfd.<BR/> Nr.</entry><entry VJ="1" align="center" colname="col2" valign="middle">Teil des<BR/> Ausbildungsberufsbildes</entry><entry VJ="1" align="center" colname="col3" valign="middle">Zu vermittelnde<BR/> Fertigkeiten, Kenntnisse und Fähigkeiten</entry><entry VJ="1" align="center" colname="col4" valign="middle">Zeitliche Richtwerte<BR/> in Wochen im<BR/> 25. – 42. Monat</entry></row><row><entry VJ="1" align="center" colname="col1" valign="middle">1</entry><entry VJ="1" align="center" colname="col2" valign="middle">2</entry><entry VJ="1" align="center" colname="col3" valign="middle">3</entry><entry VJ="1" align="center" colname="col4" nameend="col5" namest="col4" valign="middle">4</entry></row></thead><tbody valign="top"><row><entry VJ="1" colname="col1">1</entry><entry VJ="1" colname="col2">Planen und<BR/> Konstruieren von<BR/> Produkten des<BR/> Karosserie- oder<BR/> Produktionsmodellbaus<BR/> (§ 4 Absatz 2<BR/> Abschnitt C Nummer 1)</entry><entry VJ="1" colname="col3"><DL Font="normal" Type="alpha"><DT>a)</DT><DD Font="normal"><LA Size="normal">Karosserie- und Produktionsmodelle nach Verwendungszweck unterscheiden</LA></DD><DT>b)</DT><DD Font="normal"><LA Size="normal">modellspezifische Informationen, insbesondere Skizzen, Zeichnungen und Muster, nutzen</LA></DD><DT>c)</DT><DD Font="normal"><LA Size="normal">Formlage für Bauteile festlegen, Koordinatensysteme definieren und anwenden</LA></DD><DT>d)</DT><DD Font="normal"><LA Size="normal">Daten übernehmen und erzeugen</LA></DD><DT>e)</DT><DD Font="normal"><LA Size="normal">Daten weiterverarbeiten, insbesondere Flächen erweitern und schließen</LA></DD><DT>f)</DT><DD Font="normal"><LA Size="normal">Karosseriemodelle, insbesondere Design-, Cubing-, Datenkontroll- und Referenzmodelle, konstruieren</LA><LA Size="normal">oder</LA><LA Size="normal">Produktionsmodelle, insbesondere Funktions-, Vakuumtiefzieh-, Laminier- und Kontrollmodelle sowie Formen, konstruieren</LA></DD><DT>g)</DT><DD Font="normal"><LA Size="normal">Lehren, Mess-, Prüf- und Hilfsvorrichtungen konstruieren</LA></DD></DL></entry><entry VJ="1" colname="col4" valign="middle">22</entry></row><row><entry VJ="1" colname="col1">2</entry><entry VJ="1" colname="col2">Planen der Fertigung<BR/> (§ 4 Absatz 2<BR/> Abschnitt C Nummer 2)</entry><entry VJ="1" colname="col3"><DL Font="normal" Type="alpha"><DT>a)</DT><DD Font="normal"><LA Size="normal">Konstruktionsdaten, insbesondere CAD-Daten, für die Fertigung übernehmen</LA></DD><DT>b)</DT><DD Font="normal"><LA Size="normal">Bearbeitungsstrategien unter Berücksichtigung von Produktgeometrien, Werkstoffen, Maschinen und Werkzeugen festlegen</LA><LA Size="normal">oder</LA><LA Size="normal">Herstellungsstrategien für generative Fertigungsverfahren unter Berücksichtigung von Produktgeometrien, Werkstoffen und Maschinen festlegen</LA></DD><DT>c)</DT><DD Font="normal"><LA Size="normal">Fertigungsdaten, insbesondere CAM-Daten, unter Berücksichtigung der Anforderungen zur Herstellung von Freiformflächen, erzeugen</LA></DD></DL></entry><entry VJ="1" colname="col4" valign="middle">18</entry></row><row><entry VJ="1" colname="col1">3</entry><entry VJ="1" colname="col2">Anfertigen von<BR/> Karosserie- oder<BR/> Produktionsmodellen mit unterschiedlichen Be- und Verarbeitungsverfahren<BR/> (§ 4 Absatz 2<BR/> Abschnitt C Nummer 3)</entry><entry VJ="1" colname="col3"><DL Font="normal" Type="alpha"><DT>a)</DT><DD Font="normal"><LA Size="normal">modellspezifische Werkstoffe unter Beachtung von Eigenschaften, Verwendungsmöglichkeiten sowie Be- und Verarbeitungsverfahren auswählen</LA></DD><DT>b)</DT><DD Font="normal"><LA Size="normal">Modellaufbauten unter Berücksichtigung unterschiedlicher Fügetechniken, insbesondere durch Kleben, Verstiften und Verschrauben, herstellen</LA></DD><DT>c)</DT><DD Font="normal"><LA Size="normal">Karosseriemodelle durch manuelle und maschinelle Fertigungsverfahren, insbesondere zur Erzeugung von Freiformflächen, herstellen und Flächenübergänge optimieren, insbesondere durch Straken,</LA><LA Size="normal">oder</LA><LA Size="normal">Produktionsmodelle, insbesondere Formen, durch manuelle und maschinelle Fertigungsverfahren herstellen</LA></DD><DT>d)</DT><DD Font="normal"><LA Size="normal">Lehren, Mess-, Prüf- und Hilfsvorrichtungen anfertigen, Vorgaben berücksichtigen</LA></DD><DT>e)</DT><DD Font="normal"><LA Size="normal">Muster und Prototypen anfertigen, Vorgaben berücksichtigen</LA></DD><DT>f)</DT><DD Font="normal"><LA Size="normal">Verfahren zur Oberflächenbehandlung nach Verwendungszweck und Kundenanforderungen auswählen und anwenden</LA></DD></DL></entry><entry VJ="1" colname="col4" valign="middle">24</entry></row><row><entry VJ="1" colname="col1">4</entry><entry VJ="1" colname="col2">Prüfen von<BR/> Karosserie- oder<BR/> Produktionsmodellen<BR/> (§ 4 Absatz 2<BR/> Abschnitt C Nummer 4)</entry><entry VJ="1" colname="col3"><DL Font="normal" Type="alpha"><DT>a)</DT><DD Font="normal"><LA Size="normal">Sicht- und Funktionsprüfung durchführen und dokumentieren, Kundenanforderungen berücksichtigen</LA></DD><DT>b)</DT><DD Font="normal"><LA Size="normal">Karosseriemodelle und Lehren rechnergestützt, insbesondere auf Einhaltung von Form- und Lagetoleranzen sowie der Geometrie, prüfen</LA><LA Size="normal">oder</LA><LA Size="normal">Produktionsmodelle, insbesondere Formen, auf Maßhaltigkeit und Entformbarkeit prüfen</LA></DD><DT>c)</DT><DD Font="normal"><LA Size="normal">Oberflächengüte im Hinblick auf Verwendung und Kundenanforderungen prüfen</LA></DD><DT>d)</DT><DD Font="normal"><LA Size="normal">Ergebnisse dokumentieren und bewerten</LA></DD></DL></entry><entry VJ="1" colname="col4" valign="middle">14</entry></row></tbody></tgroup></table><P><B>Abschnitt D: Weitere berufsprofilgebende Fertigkeiten, Kenntnisse und Fähigkeiten in der Fachrichtung Anschauung</B></P><table frame="all" pgwide="1" tabstyle="tabelle4" tocentry="%yes;"><tgroup align="left" char="" charoff="50" cols="4" colsep="1" rowsep="1"><colspec align="center" colname="col1" colnum="1" colwidth="0.6*"/><colspec colname="col2" colnum="2" colwidth="3.0*"/><colspec colname="col3" colnum="3" colwidth="7.3*"/><colspec align="center" colname="col4" colnum="4" colwidth="2.6*"/><thead valign="bottom"><row><entry VJ="1" align="center" colname="col1" valign="middle">Lfd.<BR/> Nr.</entry><entry VJ="1" align="center" colname="col2" valign="middle">Teil des<BR/> Ausbildungsberufsbildes</entry><entry VJ="1" align="center" colname="col3" valign="middle">Zu vermittelnde<BR/> Fertigkeiten, Kenntnisse und Fähigkeiten</entry><entry VJ="1" align="center" colname="col4" valign="middle">Zeitliche Richtwerte<BR/> in Wochen im<BR/> 25. – 42. Monat</entry></row><row><entry VJ="1" align="center" colname="col1" valign="middle">1</entry><entry VJ="1" align="center" colname="col2" valign="middle">2</entry><entry VJ="1" align="center" colname="col3" valign="middle">3</entry><entry VJ="1" align="center" colname="col4" nameend="col5" namest="col4" valign="middle">4</entry></row></thead><tbody valign="top"><row><entry VJ="1" colname="col1">1</entry><entry VJ="1" colname="col2">Planen und<BR/> Gestalten von<BR/> Anschauungsmodellen<BR/> (§ 4 Absatz 2<BR/> Abschnitt D Nummer 1)</entry><entry VJ="1" colname="col3"><DL Font="normal" Type="alpha"><DT>a)</DT><DD Font="normal"><LA Size="normal">Bedingungen für den Einsatz von Anschauungsmodellen beim Kunden, insbesondere nach Art, Eigenschaften, Maßstab und Abstraktionsgrad, erfassen</LA></DD><DT>b)</DT><DD Font="normal"><LA Size="normal">Pläne und Skizzen unter Berücksichtigung von Kundenanforderungen und Wirtschaftlichkeit erstellen, dabei bearbeitungstechnische Bedingungen berücksichtigen</LA></DD><DT>c)</DT><DD Font="normal"><LA Size="normal">technische Informationen übernehmen und erzeugen, insbesondere computergestützt</LA></DD><DT>d)</DT><DD Font="normal"><LA Size="normal">Gestaltungsmerkmale bei der Planung berücksichtigen</LA></DD></DL></entry><entry VJ="1" colname="col4" valign="middle">10</entry></row><row><entry VJ="1" colname="col1">2</entry><entry VJ="1" colname="col2">Planen der Fertigung<BR/> (§ 4 Absatz 2<BR/> Abschnitt D Nummer 2)</entry><entry VJ="1" colname="col3"><DL Font="normal" Type="alpha"><DT>a)</DT><DD Font="normal"><LA Size="normal">Konstruktionsdaten, insbesondere CAD-Daten, für die Fertigung übernehmen und verändern</LA></DD><DT>b)</DT><DD Font="normal"><LA Size="normal">Bearbeitungsstrategien unter Berücksichtigung von Produktgeometrien, Werkstoffen, Maschinen und Werkzeugen festlegen</LA></DD><DT>c)</DT><DD Font="normal"><LA Size="normal">Fertigungsdaten, insbesondere CAM-Daten, erzeugen</LA></DD><DT>d)</DT><DD Font="normal"><LA Size="normal">Vorrichtungen und Schablonen planen</LA></DD></DL></entry><entry VJ="1" colname="col4" valign="middle">18</entry></row><row><entry VJ="1" colname="col1">3</entry><entry VJ="1" colname="col2">Herstellen von<BR/> Anschauungsmodellen<BR/> (§ 4 Absatz 2<BR/> Abschnitt D Nummer 3)</entry><entry VJ="1" colname="col3"><DL Font="normal" Type="alpha"><DT>a)</DT><DD Font="normal"><LA Size="normal">Werkstoffe unter Beachtung ihrer Eigenschaften und der Verwendung des Produktes auswählen</LA></DD><DT>b)</DT><DD Font="normal"><LA Size="normal">Herstellungsverfahren, insbesondere Computer gesteuert, auswählen und festlegen</LA></DD><DT>c)</DT><DD Font="normal"><LA Size="normal">Anschauungsmodelle erstellen, insbesondere Architektur-, Design- und Funktionsmodelle</LA></DD><DT>d)</DT><DD Font="normal"><LA Size="normal">gestalterisches und funktionales Zubehör auswählen, beschaffen und herstellen</LA></DD><DT>e)</DT><DD Font="normal"><LA Size="normal">Acrylglas be- und verarbeiten</LA></DD><DT>f)</DT><DD Font="normal"><LA Size="normal">Vorrichtungen und Schablonen herstellen</LA></DD></DL></entry><entry VJ="1" colname="col4" valign="middle">26</entry></row><row><entry VJ="1" colname="col1" rowsep="1">4</entry><entry VJ="1" colname="col2" rowsep="1">Gestalten und<BR/> Behandeln von<BR/> Oberflächen<BR/> (§ 4 Absatz 2<BR/> Abschnitt D Nummer 4)</entry><entry VJ="1" colname="col3" rowsep="1"><DL Font="normal" Type="alpha"><DT>a)</DT><DD Font="normal"><LA Size="normal">Verfahren der Oberflächenbehandlung unter Berücksichtigung von Funktion und Gestaltung festlegen</LA></DD><DT>b)</DT><DD Font="normal"><LA Size="normal">Materialien für die Oberflächenbehandlung auswählen, insbesondere Farben und Lacke</LA></DD><DT>c)</DT><DD Font="normal"><LA Size="normal">Oberflächen unter Berücksichtigung ihrer Eigenschaften für die Behandlung vorbereiten, insbesondere Untergründe herstellen</LA></DD><DT>d)</DT><DD Font="normal"><LA Size="normal">Oberflächen behandeln, insbesondere durch Spritzen, Streichen und Walzen</LA></DD><DT>e)</DT><DD Font="normal"><LA Size="normal">Oberflächen beschriften</LA></DD></DL></entry><entry VJ="1" colname="col4" rowsep="1" valign="middle">16</entry></row><row><entry VJ="1" colname="col1">5</entry><entry VJ="1" colname="col2">Prüfen von<BR/> Anschauungsmodellen<BR/> (§ 4 Absatz 2<BR/> Abschnitt D Nummer 5)</entry><entry VJ="1" colname="col3"><DL Font="normal" Type="alpha"><DT>a)</DT><DD Font="normal"><LA Size="normal">Sichtprüfungen, insbesondere hinsichtlich Gestaltung, Oberflächen und Proportionen, durchführen</LA></DD><DT>b)</DT><DD Font="normal"><LA Size="normal">Funktionsprüfungen durchführen</LA></DD><DT>c)</DT><DD Font="normal"><LA Size="normal">Maße prüfen</LA></DD><DT>d)</DT><DD Font="normal"><LA Size="normal">Prüfergebnisse bewerten und dokumentieren</LA></DD></DL></entry><entry VJ="1" colname="col4" valign="middle">6</entry></row><row><entry VJ="1" colname="col1">6</entry><entry VJ="1" colname="col2">Vorbereiten von<BR/> Anschauungsmodellen für den Versand<BR/> (§ 4 Absatz 2<BR/> Abschnitt D Nummer 6)</entry><entry VJ="1" colname="col3"><DL Font="normal" Type="alpha"><DT>a)</DT><DD Font="normal"><LA Size="normal">Anschauungsmodelle kennzeichnen</LA></DD><DT>b)</DT><DD Font="normal"><LA Size="normal">Anschauungsmodelle versandgerecht verpacken</LA></DD></DL></entry><entry VJ="1" colname="col4" valign="middle">2<BR/><BR/></entry></row></tbody></tgroup></table><P><B>Abschnitt E: Integrative Fertigkeiten, Kenntnisse und Fähigkeiten</B></P><table frame="all" pgwide="1" tabstyle="tabelle5" tocentry="%yes;"><tgroup align="left" char="" charoff="50" cols="5" colsep="1" rowsep="1"><colspec align="center" colname="col1" colnum="1" colwidth="0.6*"/><colspec colname="col2" colnum="2" colwidth="3.0*"/><colspec colname="col3" colnum="3" colwidth="7.3*"/><colspec align="center" colname="col4" colnum="4" colwidth="1.3*"/><colspec align="center" colname="col5" colnum="5" colwidth="1.3*"/><thead valign="bottom"><row><entry VJ="1" align="center" colname="col1" morerows="1" valign="middle">Lfd.<BR/> Nr.</entry><entry VJ="1" align="center" colname="col2" morerows="1" valign="middle">Teil des<BR/> Ausbildungsberufsbildes</entry><entry VJ="1" align="center" colname="col3" morerows="1" valign="middle">Zu vermittelnde<BR/>Fertigkeiten, Kenntnisse und Fähigkeiten</entry><entry VJ="1" align="center" colname="col4" nameend="col5" namest="col4" valign="middle">Zeitliche Richtwerte<BR/> in Wochen im</entry></row><row><entry VJ="1" align="center" colname="col4" valign="middle">1. – 18.<BR/> Monat</entry><entry VJ="1" align="center" colname="col5" valign="middle">19. – 24.<BR/> Monat</entry></row><row><entry VJ="1" align="center" colname="col1" valign="middle">1</entry><entry VJ="1" align="center" colname="col2" valign="middle">2</entry><entry VJ="1" align="center" colname="col3" valign="middle">3</entry><entry VJ="1" align="center" colname="col4" nameend="col5" namest="col4" valign="middle">4</entry></row></thead><tbody valign="top"><row><entry VJ="1" colname="col1">1</entry><entry VJ="1" colname="col2">Berufsbildung,<BR/> Arbeits- und Tarifrecht<BR/> (§ 4 Absatz 2<BR/> Abschnitt E Nummer 1)</entry><entry VJ="1" colname="col3"><DL Font="normal" Type="alpha"><DT>a)</DT><DD Font="normal"><LA Size="normal">Bedeutung des Ausbildungsvertrages, insbesondere Abschluss, Dauer und Beendigung, erklären</LA></DD><DT>b)</DT><DD Font="normal"><LA Size="normal">gegenseitige Rechte und Pflichten aus dem Ausbildungsvertrag nennen</LA></DD><DT>c)</DT><DD Font="normal"><LA Size="normal">Möglichkeiten der beruflichen Fortbildung nennen</LA></DD><DT>d)</DT><DD Font="normal"><LA Size="normal">wesentliche Teile des Arbeitsvertrages nennen</LA></DD><DT>e)</DT><DD Font="normal"><LA Size="normal">wesentliche Bestimmungen der für den ausbildenden Betrieb geltenden Tarifverträge nennen</LA></DD></DL></entry><entry VJ="1" colname="col4" nameend="col5" namest="col4" rowsep="0" valign="bottom"/></row><row><entry VJ="1" colname="col1">2</entry><entry VJ="1" colname="col2">Aufbau und<BR/> Organisation des<BR/> Ausbildungsbetriebes<BR/> (§ 4 Absatz 2<BR/> Abschnitt E Nummer 2)</entry><entry VJ="1" colname="col3"><DL Font="normal" Type="alpha"><DT>a)</DT><DD Font="normal"><LA Size="normal">Aufbau und Aufgaben des ausbildenden Betriebes erläutern</LA></DD><DT>b)</DT><DD Font="normal"><LA Size="normal">Grundfunktionen des ausbildenden Betriebes, wie Beschaffung, Fertigung, Absatz und Verwaltung, erklären</LA></DD><DT>c)</DT><DD Font="normal"><LA Size="normal">Beziehungen des ausbildenden Betriebes und seiner Beschäftigten zu Wirtschaftsorganisationen, Berufsvertretungen und Gewerkschaften nennen</LA></DD><DT>d)</DT><DD Font="normal"><LA Size="normal">Grundlagen, Aufgaben und Arbeitsweise der betriebsverfassungs- oder personalvertretungsrechtlichen Organe des ausbildenden Betriebes beschreiben</LA></DD></DL></entry><entry VJ="1" align="left" colname="col4" nameend="col5" namest="col4" valign="middle"><BR/><BR/><BR/><BR/><BR/><BR/><BR/><BR/><BR/>während<BR/> der gesamten<BR/> Ausbildung<BR/> zu vermitteln</entry></row><row><entry VJ="1" colname="col1">3</entry><entry VJ="1" colname="col2">Sicherheit und<BR/> Gesundheitsschutz<BR/> bei der Arbeit<BR/> (§ 4 Absatz 2<BR/> Abschnitt E Nummer 3)</entry><entry VJ="1" colname="col3"><DL Font="normal" Type="alpha"><DT>a)</DT><DD Font="normal"><LA Size="normal">Gefährdung von Sicherheit und Gesundheit am Arbeitsplatz feststellen und Maßnahmen zu ihrer Vermeidung ergreifen</LA></DD><DT>b)</DT><DD Font="normal"><LA Size="normal">berufsbezogene Arbeitsschutz- und Unfallverhütungsvorschriften anwenden</LA></DD><DT>c)</DT><DD Font="normal"><LA Size="normal">Verhaltensweisen bei Unfällen beschreiben sowie erste Maßnahmen einleiten</LA></DD><DT>d)</DT><DD Font="normal"><LA Size="normal">Vorschriften des vorbeugenden Brandschutzes anwenden; Verhaltensweisen bei Bränden beschreiben und Maßnahmen zur Brandbekämpfung ergreifen</LA></DD></DL></entry></row><row><entry VJ="1" colname="col1">4</entry><entry VJ="1" colname="col2">Umweltschutz<BR/> (§ 4 Absatz 2<BR/> Abschnitt E Nummer 4)</entry><entry VJ="1" colname="col3">Zur Vermeidung betriebsbedingter Umweltbelastungen im beruflichen Einwirkungsbereich beitragen, insbesondere <DL Font="normal" Type="alpha"><DT>a)</DT><DD Font="normal"><LA Size="normal">mögliche Umweltbelastungen durch den Ausbildungsbetrieb und seinen Beitrag zum Umweltschutz an Beispielen erklären</LA></DD><DT>b)</DT><DD Font="normal"><LA Size="normal">für den Ausbildungsbetrieb geltende Regelungen des Umweltschutzes anwenden</LA></DD><DT>c)</DT><DD Font="normal"><LA Size="normal">Möglichkeiten der wirtschaftlichen und umweltschonenden Energie- und Materialverwendung nutzen</LA></DD><DT>d)</DT><DD Font="normal"><LA Size="normal">Abfälle vermeiden; Stoffe und Materialien einer umweltschonenden Entsorgung zuführen</LA></DD></DL></entry><entry VJ="1" colname="col4" nameend="col5" namest="col4" rowsep="1" valign="middle"/></row><row><entry VJ="1" colname="col1" morerows="1">5</entry><entry VJ="1" colname="col2" morerows="1">Anwenden von<BR/> Informations- und<BR/> Kommunikations-<BR/> systemen, Kunden-<BR/> orientierung<BR/> (§ 4 Absatz 2<BR/> Abschnitt E Nummer 5)</entry><entry VJ="1" colname="col3"><DL Font="normal" Type="alpha"><DT>a)</DT><DD Font="normal"><LA Size="normal">Informationen beschaffen, auswählen und bewerten</LA></DD><DT>b)</DT><DD Font="normal"><LA Size="normal">Arbeitsaufgaben mit Hilfe von Informations- und Kommunikationssystemen bearbeiten</LA></DD><DT>c)</DT><DD Font="normal"><LA Size="normal">Datensysteme nutzen, Vorschriften des Datenschutzes beachten, Daten sichern und pflegen</LA></DD><DT>d)</DT><DD Font="normal"><LA Size="normal">durch eigenes Verhalten zur Kundenzufriedenheit und zum wirtschaftlichen Betriebserfolg beitragen</LA></DD></DL></entry><entry VJ="1" colname="col4" valign="middle">4</entry><entry VJ="1" colname="col5"/></row><row><entry VJ="1" colname="col3"><DL Font="normal" Type="alpha"><DT>e)</DT><DD Font="normal"><LA Size="normal">fremdsprachliche Fachbegriffe anwenden</LA></DD><DT>f)</DT><DD Font="normal"><LA Size="normal">Art und Umfang von Aufträgen klären, spezifische Leistungen und Termine mit internen Kunden absprechen</LA></DD><DT>g)</DT><DD Font="normal"><LA Size="normal">Gespräche mit internen und externen Kunden führen, kulturelle Besonderheiten von Gesprächspartnern berücksichtigen</LA></DD></DL></entry><entry VJ="1" colname="col4"/><entry VJ="1" colname="col5" valign="middle">3</entry></row><row><entry VJ="1" colname="col1" morerows="1">6</entry><entry VJ="1" colname="col2" morerows="1">Planen und Vorbereiten von Arbeitsabläufen,<BR/> Arbeiten im Team<BR/> (§ 4 Absatz 2<BR/> Abschnitt E Nummer 6)</entry><entry VJ="1" colname="col3"><DL Font="normal" Type="alpha"><DT>a)</DT><DD Font="normal"><LA Size="normal">Arbeitsschritte auf der Grundlage von Arbeitsaufträgen festlegen und mit vor- und nachgelagerten Bereichen abstimmen</LA></DD><DT>b)</DT><DD Font="normal"><LA Size="normal">Arbeitsplatz nach ergonomischen und sicherheitsrelevanten Gesichtspunkten einrichten und sichern</LA></DD><DT>c)</DT><DD Font="normal"><LA Size="normal">Einsatz von Werk- und Hilfsstoffen, Werkzeugen, Geräten und Maschinen sicherstellen</LA></DD></DL></entry><entry VJ="1" colname="col4" valign="middle">4</entry><entry VJ="1" colname="col5"/></row><row><entry VJ="1" colname="col3"><DL Font="normal" Type="alpha"><DT>d)</DT><DD Font="normal"><LA Size="normal">Zeitaufwand und erforderliche Unterstützung abschätzen</LA></DD><DT>e)</DT><DD Font="normal"><LA Size="normal">Aufgaben im Team planen und durchführen, Ergebnisse der Zusammenarbeit auswerten</LA></DD></DL></entry><entry VJ="1" colname="col4"/><entry VJ="1" colname="col5" valign="middle">3</entry></row><row><entry VJ="1" colname="col1" morerows="1">7</entry><entry VJ="1" colname="col2" morerows="1">Durchführen von<BR/> qualitätssichernden Maßnahmen<BR/> (§ 4 Absatz 2<BR/> Abschnitt E Nummer 7)</entry><entry VJ="1" colname="col3"><DL Font="normal" Type="alpha"><DT>a)</DT><DD Font="normal"><LA Size="normal">Aufgaben und Ziele von qualitätssichernden Maßnahmen unterscheiden</LA></DD><DT>b)</DT><DD Font="normal"><LA Size="normal">qualitätssichernde Maßnahmen im eigenen Arbeitsbereich anwenden</LA></DD><DT>c)</DT><DD Font="normal"><LA Size="normal">zur kontinuierlichen Verbesserung von Arbeitsvorgängen im Betriebsablauf beitragen</LA></DD></DL></entry><entry VJ="1" colname="col4" valign="middle">3</entry><entry VJ="1" colname="col5"/></row><row><entry VJ="1" colname="col3"><DL Font="normal" Type="alpha"><DT>d)</DT><DD Font="normal"><LA Size="normal">Ursachen von Fehlern und Qualitätsabweichungen feststellen, dokumentieren und Maßnahmen zur Behebung ergreifen</LA></DD><DT>e)</DT><DD Font="normal"><LA Size="normal">Zwischen- und Endkontrolle anhand des Arbeitsauftrages durchführen und Arbeitsergebnisse dokumentieren</LA></DD></DL></entry><entry VJ="1" colname="col4"/><entry VJ="1" colname="col5" valign="middle">3</entry></row></tbody></tgroup></table></Content></text></textdaten></norm>
</dokumente>