<?xml version="1.0" encoding="UTF-8" ?><!DOCTYPE dokumente SYSTEM "http://www.gesetze-im-internet.de/dtd/1.01/gii-norm.dtd">
<dokumente builddate="20250212223004" doknr="BJNR141900018"><norm builddate="20250212223004" doknr="BJNR141900018"><metadaten><jurabk>BinSchUO2018Anh I</jurabk><ausfertigung-datum manuell="ja">2018-09-21</ausfertigung-datum><fundstelle typ="amtlich"><periodikum>BGBl I</periodikum><zitstelle>2018, 1398, 1419</zitstelle></fundstelle><langue>Liste der in die geografischen Zonen 1, 2, 3, und 4 eingeteilten Wasserstraßen der Bundesrepublik Deutschland<BR/>(Anhang I der Binnenschiffsuntersuchungsordnung BGBl I 2018, 1398)</langue></metadaten><textdaten><fussnoten><Content><P><BR/> <pre xml:space="preserve">(+++ Textnachweis ab: 7.10.2018 +++)<BR/>(+++ Text der Verordnung siehe: BinSchUO 2018 +++)<BR/><BR/></pre></P></Content></fussnoten></textdaten></norm>
<norm builddate="20250212223004" doknr="BJNR141900018BJNE000100000"><metadaten><jurabk>BinSchUO2018Anh I</jurabk><enbez>(XXXX)</enbez></metadaten><textdaten><text format="XML"><Content><P><noindex><kommentar typ="Fundstelle">(Fundstelle: BGBl. I 2018, 1419 - 1421)</kommentar></noindex></P><P><table colsep="1" frame="all" pgwide="1" rowsep="1" tocentry="%yes;"><Title Align="auto" Class="S1">Zone 1</Title><tgroup align="left" char="" charoff="50" cols="2"><colspec align="justify" colname="col1" colnum="1" colwidth="50*"/><colspec align="justify" colname="col2" colnum="2" colwidth="115*"/><tbody valign="top"><row><entry VJ="1" colname="col1">Ems</entry><entry VJ="1" colname="col2">Von der Verbindungslinie zwischen dem ehemaligen Leuchtturm Greetsiel und der Westmole der Hafeneinfahrt des Eemshavens seewärts bis zum Breitenparallel <NB>53° 30' N</NB> und dem Meridian 6° 45' O, d. h. geringfügig seewärts des Leichterplatzes für Trockenfrachter in der Alten Ems<FnR ID="F804091_04_BJNR141900018BJNE000100000"/></entry></row></tbody></tgroup></table><BR/><BR/><table colsep="1" frame="all" pgwide="1" rowsep="1" tocentry="%yes;"><Title Align="auto" Class="S1">Zone 2<BR/> Zone 2-See</Title><tgroup align="left" char="" charoff="50" cols="2"><colspec align="justify" colname="col1" colnum="1" colwidth="50*"/><colspec align="justify" colname="col2" colnum="2" colwidth="115*"/><tbody valign="top"><row><entry VJ="1" colname="col1">Ems</entry><entry VJ="1" colname="col2">Von der Westmole der Emder Hafeneinfahrt bis zur Verbindungslinie zwischen dem ehemaligen Leuchtturm Greetsiel und der Westmole der Hafeneinfahrt des Eemshavens*</entry></row><row><entry VJ="1" colname="col1">Jade</entry><entry VJ="1" colname="col2">Binnenwärts der Verbindungslinie zwischen dem ehemaligem Oberfeuer Schillig und dem Kirchturm Langwarden</entry></row><row><entry VJ="1" colname="col1">Weser</entry><entry VJ="1" colname="col2">Von der Untergrenze des Hafens Brake bis zur Verbindungslinie zwischen den Kirchtürmen Langwarden und Cappel mit den Nebenarmen Rechter Nebenarm und Schweiburg</entry></row><row><entry VJ="1" colname="col1">Elbe<BR/> (außer Mühlenberger Loch,<BR/>Ruthenstrom sowie bestimmte<BR/>Nebenelben, die der<BR/>Zone 2-Binnen zugeordnet sind)</entry><entry VJ="1" colname="col2">Von der unteren Grenze des Hamburger Hafens bis zur Verbindungslinie zwischen der Kugelbake bei Döse und der westlichen Kante des Deichs des Friedrichskoogs (Dieksand)</entry></row><row><entry VJ="1" colname="col1">Meldorfer Bucht</entry><entry VJ="1" colname="col2">Binnenwärts der Verbindungslinie von der westlichen Kante des Deichs des Friedrichskoogs (Dieksand) zum Westmolenkopf Büsum</entry></row><row><entry VJ="1" colname="col1">Flensburger Förde</entry><entry VJ="1" colname="col2">Binnenwärts der Verbindungslinie zwischen dem Kegnäs-Leuchtturm und Birknack und nördlich bis zur deutsch-dänischen Grenze in der Flensburger Förde</entry></row><row><entry VJ="1" colname="col1">Eckernförder Bucht</entry><entry VJ="1" colname="col2">Binnenwärts der Verbindungslinie von Boknis-Eck zur Nordostspitze des Festlandes bei Dänisch Nienhof</entry></row><row><entry VJ="1" colname="col1">Kieler Förde</entry><entry VJ="1" colname="col2">Binnenwärts der Verbindungslinie zwischen dem Leuchtturm Bülk und dem Marine-Ehrenmal Laboe bis zum südlich anschließenden Teil der Kieler Förde ab der Einfahrt in den Nord-Ostsee-Kanal</entry></row><row><entry VJ="1" colname="col1">Wismarbucht, Kirchsee, Breitling, Salzhaff<BR/> (außer Wismarer Hafengebiet)</entry><entry VJ="1" colname="col2">Seewärts begrenzt durch die Verbindungslinien zwischen Hohen Wieschendorf Huk und dem Leuchtfeuer Timmendorf sowie zwischen dem Leuchtfeuer Gollwitz auf der Insel Poel und der Südspitze der Halbinsel Wustrow bis zur Grenze des Wismarer Hafengebietes</entry></row><row><entry VJ="1" colname="col1">Gewässer, die vom Festland und den Inseln Hiddensee und Rügen eingeschlossen sind<BR/> (außer Stralsunder Hafengebiet)</entry><entry VJ="1" colname="col2">Seewärts begrenzt zwischen <DL Font="normal" Type="Dash"><DT>–</DT><DD Font="normal"><LA Size="normal">Insel Bock und Insel Hiddensee: durch die Verbindungslinie von der Nordspitze der Insel Bock zur Südspitze der Insel Hiddensee,</LA></DD><DT>–</DT><DD Font="normal"><LA Size="normal">Insel Hiddensee und Insel Rügen (Bug): durch die Verbindungslinie von der Südostspitze Neubessin zum Buger Haken,</LA></DD></DL>sowie westlich begrenzt durch den Meridian 13° O</entry></row><row><entry VJ="1" colname="col1">Greifswalder Bodden<BR/> (außer Greifswalder Hafengebiet mit Ryck)</entry><entry VJ="1" colname="col2">Seewärts begrenzt durch die Verbindungslinie von der Ostspitze Thiessower Haken (Südperd) über die Ostspitze Insel Ruden zur Nordspitze Insel Usedom <NB>(54° 10' 37'' N,</NB> 13° 47' 51'' O) bis zur Grenze des Greifswalder Hafengebietes</entry></row><row><entry VJ="1" colname="col1">Gewässer, die vom Festland und der Insel Usedom eingeschlossen sind (Peenestrom,<BR/>Achterwasser, Stettiner Haff)<BR/> (außer Wolgaster Hafengebiet)</entry><entry VJ="1" colname="col2">Östlich bis zur deutsch-polnischen Grenze im Stettiner Haff sowie bis zur Grenze des Wolgaster Hafengebietes</entry></row></tbody></tgroup></table><BR/><BR/><table colsep="1" frame="all" pgwide="1" rowsep="1" tocentry="%yes;"><Title Align="auto" Class="S1">Zone 2-Binnen</Title><tgroup align="left" char="" charoff="50" cols="2"><colspec align="justify" colname="col1" colnum="1" colwidth="41*"/><colspec align="justify" colname="col2" colnum="2" colwidth="129*"/><tbody valign="top"><row><entry VJ="1" colname="col1">Ems</entry><entry VJ="1" colname="col2">Von der bei der Hafeneinfahrt nach Papenburg über die Ems gehenden Verbindungslinie zwischen dem ehemaligen Diemer Schöpfwerk und dem Deichdurchlass bei Halte bis zur Westmole der Emder Hafeneinfahrt</entry></row><row><entry VJ="1" colname="col1">Leda</entry><entry VJ="1" colname="col2">Von der Einfahrt in den Vorhafen der Seeschleuse von Leer bis zur Mündung in die Ems</entry></row><row><entry VJ="1" colname="col1">Hunte</entry><entry VJ="1" colname="col2">Von 140 m unterhalb der Amalienbrücke in Oldenburg bis zur Mündung in die Weser</entry></row><row><entry VJ="1" colname="col1">Lesum</entry><entry VJ="1" colname="col2">Vom Zusammenfluss von Hamme und Wümme (km 0,00) bis zur Mündung in die Weser</entry></row><row><entry VJ="1" colname="col1">Weser</entry><entry VJ="1" colname="col2">Von der Nordwestkante der Eisenbahnbrücke in Bremen bis zur unteren Grenze des Hafens Brake mit dem Nebenarm Rekumer Loch</entry></row><row><entry VJ="1" colname="col1">Este</entry><entry VJ="1" colname="col2">Vom Unterwasser der Schleuse Buxtehude (km 0,25) bis zur Mündung in die Elbe</entry></row><row><entry VJ="1" colname="col1">Lühe</entry><entry VJ="1" colname="col2">Vom Unterwasser der Au-Mühle in Horneburg (km 0,00) bis zur Mündung in die Elbe</entry></row><row><entry VJ="1" colname="col1">Schwinge</entry><entry VJ="1" colname="col2">Von der Nordkante der Salztorschleuse in Stade bis zur Mündung in die Elbe</entry></row><row><entry VJ="1" colname="col1">Ruthenstrom</entry><entry VJ="1" colname="col2">Von km 3,75 bis zur Mündung in die Elbe</entry></row><row><entry VJ="1" colname="col1">Freiburger Hafenpriel</entry><entry VJ="1" colname="col2">Von der Ostkante der Deichschleuse in Freiburg an der Elbe bis zur Mündung in die Elbe</entry></row><row><entry VJ="1" colname="col1">Oste</entry><entry VJ="1" colname="col2">Ab 210 m oberhalb der Achse der Straßenbrücke über das Ostesperrwerk (km 69,360) bis zur Mündung in die Elbe</entry></row><row><entry VJ="1" colname="col1">Pinnau</entry><entry VJ="1" colname="col2">Von der Südwestkante der Eisenbahnbrücke in Pinneberg bis zur Mündung in die Elbe</entry></row><row><entry VJ="1" colname="col1">Krückau</entry><entry VJ="1" colname="col2">Von der Südwestkante der im Verlauf der Straße Wedenkamp liegenden Straßenbrücke in Elmshorn bis zur Mündung in die Elbe</entry></row><row><entry VJ="1" colname="col1">Stör</entry><entry VJ="1" colname="col2">Vom Pegel Rensing bis zur Mündung in die Elbe</entry></row><row><entry VJ="1" colname="col1">Elbabschnitt Mühlenberger Loch</entry><entry VJ="1" colname="col2">Begrenzt durch die untere Grenze des Hamburger Hafens und die Insel Neßsand sowie km 635 auf der Hahnöfer Nebenelbe</entry></row><row rowsep="0"><entry VJ="1" colname="col1">Nebenelben:</entry><entry VJ="1" colname="col2"/></row><row rowsep="0"><entry VJ="1" colname="col1">– Hahnöfer Nebenelbe</entry><entry VJ="1" colname="col2">Begrenzt durch die Verlängerung der Elbkilometrierung von km 635,00 und km 644,00</entry></row><row rowsep="0"><entry VJ="1" colname="col1">– Lühesander Süderelbe</entry><entry VJ="1" colname="col2">Begrenzt durch die Verlängerung der Elbkilometrierung von km 646,50 und km 650,50</entry></row><row rowsep="0"><entry VJ="1" colname="col1">– Bütztflether Süderelbe</entry><entry VJ="1" colname="col2">Von km 0,69 bis zur Mündung in die Elbe</entry></row><row rowsep="0"><entry VJ="1" colname="col1">– Haseldorfer Binnenelbe</entry><entry VJ="1" colname="col2">Begrenzt durch die Verlängerung der Elbkilometrierung von km 653,00 und km 658,00</entry></row><row rowsep="0"><entry VJ="1" colname="col1">– Pagesander Nebenelbe</entry><entry VJ="1" colname="col2">Begrenzt durch die Verlängerung der Elbkilometrierung von km 659,00 und km 664,00</entry></row><row rowsep="0"><entry VJ="1" colname="col1">– Schwarztonnensander<BR/>  Nebenelbe</entry><entry VJ="1" colname="col2">Begrenzt durch die Verlängerung der Elbkilometrierung von km 661,00 und km 670,00</entry></row><row rowsep="0"><entry VJ="1" colname="col1">– Wischhafener Süderelbe</entry><entry VJ="1" colname="col2">Von km 8,03 bis zur Mündung in die Elbe</entry></row><row><entry VJ="1" colname="col1">– Glückstädter Nebenelbe</entry><entry VJ="1" colname="col2">Begrenzt durch die Verlängerung der Elbkilometrierung von km 672,00 und km 676,00</entry></row><row><entry VJ="1" colname="col1">Eider</entry><entry VJ="1" colname="col2">Von oberhalb der Einmündung des Gieselaukanals (km 22,64) bis zur Verbindungslinie zwischen der Mitte der Burg (Tränke) und dem Kirchturm von Vollerwiek</entry></row><row><entry VJ="1" colname="col1">Gieselaukanal</entry><entry VJ="1" colname="col2">Von der Mündung in die Eider bis zur Mündung in den Nord-Ostsee-Kanal</entry></row><row><entry VJ="1" colname="col1">Nord-Ostsee-Kanal<BR/> einschließlich Audorfer See und Schirnauer See</entry><entry VJ="1" colname="col2">Von der Verbindungslinie zwischen den Molenköpfen in Brunsbüttel bis zu der Verbindungslinie zwischen den Einfahrtsfeuern in Kiel-Holtenau mit Borgstedter See mit Enge, Flemhuder See und Achterwehrer Schifffahrtskanal</entry></row><row><entry VJ="1" colname="col1">Schlei</entry><entry VJ="1" colname="col2">Binnenwärts der Verbindungslinie der Molenköpfe Schleimünde</entry></row><row><entry VJ="1" colname="col1">Kieler Förde</entry><entry VJ="1" colname="col2">Der südlich anschließende Teil der Kieler Förde ab der Einfahrt in den Nord-Ostsee-Kanal</entry></row><row><entry VJ="1" colname="col1">Trave</entry><entry VJ="1" colname="col2">Von der Nordwestkante der Eisenbahnhubbrücke in Lübeck mit der Pötenitzer Wiek, und dem Dassower See bis zu der Verbindungslinie der Köpfe der Süderinnenmole und Norderaußenmole in Travemünde</entry></row><row><entry VJ="1" colname="col1">Wismarer Hafengebiet</entry><entry VJ="1" colname="col2"/></row><row><entry VJ="1" colname="col1">Warnow und Unterwarnow mit Breitling und Nebenarmen (ohne Nebenarm westlich der Badewieseninsel)</entry><entry VJ="1" colname="col2">Von der Südkante der Eisenbahnbrücke Rostock-Stralsund bis zur Verbindungslinie zwischen der Nordkante der Westmole und der Nordkante der Ostmole in Rostock-Warnemünde</entry></row><row><entry VJ="1" colname="col1">Gewässer, die vom Festland und den Halbinseln Darß und Zingst eingeschlossen sind</entry><entry VJ="1" colname="col2">Saaler Bodden und Grabow seewärts begrenzt zwischen Halbinsel Zingst und Insel Bock durch das Breitenparallel 54° 26' 42&quot; N, sowie östlich begrenzt durch den Meridian 13° O</entry></row><row><entry VJ="1" colname="col1">Stralsunder Hafengebiet</entry><entry VJ="1" colname="col2">Begrenzt durch die Verbindungslinie von der Ostspitze der Nordmole über die Mittelmole zur Westspitze der Ostmole sowie durch die südliche Hafengrenze und den Meridian 13° 7' 42&quot; O</entry></row><row><entry VJ="1" colname="col1">Greifswalder Hafengebiet mit Ryck</entry><entry VJ="1" colname="col2">Von der Ostkante der Steinbecker Brücke in Greifswald bis zur Verbindungslinie der Seekanten der Molenköpfe</entry></row><row><entry VJ="1" colname="col1">Wolgaster Hafengebiet</entry><entry VJ="1" colname="col2"/></row><row><entry VJ="1" colname="col1">Uecker</entry><entry VJ="1" colname="col2">Von der Südwestkante der Straßenbrücke in Ueckermünde bis zur Verbindungslinie der Seekanten der Molenköpfe</entry></row></tbody></tgroup></table><BR/><BR/><table colsep="1" frame="all" pgwide="1" rowsep="1" tocentry="%yes;"><Title Align="auto" Class="S1">Zone 3</Title><tgroup align="left" char="" charoff="50" cols="2"><colspec align="justify" colname="col1" colnum="1" colwidth="41*"/><colspec align="justify" colname="col2" colnum="2" colwidth="129*"/><tbody valign="top"><row><entry VJ="1" colname="col1">Donau</entry><entry VJ="1" colname="col2">Von Kelheim (km 2 414,72) bis zur deutsch-österreichischen Grenze bei Jochenstein</entry></row><row><entry VJ="1" colname="col1">Rhein mit Lampertheimer Altrhein (von km 4,75 bis zum Rhein), Altrhein Stockstadt-Erfelden (von km 9,80 bis zum Rhein)</entry><entry VJ="1" colname="col2">Von der deutsch-schweizerischen Grenze bei Basel bis zur deutsch-niederländischen Grenze bei Millingen</entry></row><row><entry VJ="1" colname="col1">Elbe (Norderelbe) mit<BR/>Süderelbe und Köhlbrand</entry><entry VJ="1" colname="col2">Von der Einmündung des Elbe-Seitenkanals bis zur unteren Grenze des Hamburger Hafens</entry></row><row><entry VJ="1" colname="col1">Müritz</entry><entry VJ="1" colname="col2"/></row></tbody></tgroup></table><BR/><BR/><table frame="all" pgwide="1" tocentry="%yes;"><Title Align="auto" Class="S1">Zone 4</Title><tgroup align="left" char="" charoff="50" cols="1"><colspec align="justify" colname="col1" colnum="1" colwidth="165*"/><tbody valign="top"><row><entry VJ="1" colname="col1">Alle Binnenwasserstraßen außer denen der Zonen 1, 2 und 3</entry></row></tbody></tgroup></table></P></Content><Footnotes><Footnote FnZ="*" Group="page" ID="F804091_04_BJNR141900018BJNE000100000" Pos="normal">Für Schiffe, die in einem anderen Staat beheimatet sind, nach Maßgabe des Artikels 32 des Ems-Dollart-Vertrages vom 8. April 1960 (BGBl. 1963 II S. 602) anzuwenden.</Footnote></Footnotes></text></textdaten></norm>
</dokumente>