<?xml version="1.0" encoding="UTF-8" ?><!DOCTYPE dokumente SYSTEM "http://www.gesetze-im-internet.de/dtd/1.01/gii-norm.dtd">
<dokumente builddate="20220731213201" doknr="BJNR358200017"><norm builddate="20220731213201" doknr="BJNR358200017"><metadaten><jurabk>RbGeldERAV</jurabk><amtabk>RbGeldERAV</amtabk><ausfertigung-datum manuell="ja">2017-10-18</ausfertigung-datum><fundstelle typ="amtlich"><periodikum>BGBl I</periodikum><zitstelle>2017, 3582</zitstelle></fundstelle><kurzue>Rahmenbeschluss-Geldsanktionen-E-Rechtsverkehrs-und-Aktenführungsverordnung</kurzue><langue>Verordnung zur Einführung des elektronischen Rechtsverkehrs und der elektronischen Aktenführung beim Bundesamt für Justiz im Anwendungsbereich des Rahmenbeschlusses 2005/214/JI des Rates vom 24. Februar 2005 über die Anwendung des Grundsatzes der gegenseitigen Anerkennung von Geldstrafen und Geldbußen<FnR ID="F800579_01_BJNR358200017"/></langue><standangabe checked="ja"><standtyp>Stand</standtyp><standkommentar>Geändert durch Art. 17 G v. 7.7.2021 I 2363</standkommentar></standangabe></metadaten><textdaten><text format="XML"><Footnotes><Footnote FnZ="1" Group="column" ID="F800579_01_BJNR358200017" Pos="exp"><noindex>Notifiziert gemäß der Richtlinie (EU) 2015/1535 des Europäischen Parlaments und des Rates vom 9. September 2015 über ein Informationsverfahren auf dem Gebiet der technischen Vorschriften und der Vorschriften für die Dienste der Informationsgesellschaft (ABl. L 241 vom 17.9.2015, S. 1).</noindex></Footnote></Footnotes></text><fussnoten><Content><P><BR/> <pre xml:space="preserve">(+++ Textnachweis ab: 24.10.2017 +++)<BR/>(+++ Amtlicher Hinweis des Normgebers auf EG-Recht:<BR/>     Notifizierung der<BR/>       EURL 2015/1535            (CELEX Nr: 32015L1535) +++)<BR/><BR/></pre></P></Content></fussnoten></textdaten></norm>
<norm builddate="20220731213201" doknr="BJNR358200017BJNE000100000"><metadaten><jurabk>RbGeldERAV</jurabk><enbez>Eingangsformel</enbez></metadaten><textdaten><text format="XML"><Content><P>Auf Grund des § 77b des Gesetzes über die internationale Rechtshilfe in Strafsachen, der durch Artikel 163 der Verordnung vom 31. August 2015 (BGBl. I S. 1474) geändert worden ist, verordnet das Bundesministerium der Justiz und für Verbraucherschutz:</P></Content></text></textdaten></norm>
<norm builddate="20220731213201" doknr="BJNR358200017BJNE000200000"><metadaten><jurabk>RbGeldERAV</jurabk><enbez>§ 1</enbez><titel format="XML">Elektronischer Rechtsverkehr mit dem Bundesamt für Justiz</titel></metadaten><textdaten><text format="XML"><Content><P>(1) Beim Bundesamt für Justiz können ab dem 24. Oktober 2017 in Verfahren nach den §§ 86 bis 87p des Gesetzes über die internationale Rechtshilfe in Strafsachen einschließlich der Zwangsvollstreckungsverfahren elektronische Dokumente eingereicht werden, wenn <DL Type="arabic"><DT>1.</DT><DD Font="normal"><LA>für die Leistung von Rechtshilfe die Einreichung schriftlicher Unterlagen einschließlich Originalen und beglaubigten Abschriften notwendig ist oder</LA></DD><DT>2.</DT><DD Font="normal"><LA>Erklärungen, Anträge oder Begründungen ausdrücklich schriftlich abzufassen oder zu unterzeichnen sind.</LA></DD></DL></P><P>(2) Das Bundesamt für Justiz gibt die für die Übermittlung und Bearbeitung notwendige Form, insbesondere technische Formate und Parameter, von elektronischen Dokumenten nach Absatz 1 sowie die technisch möglichen Übermittlungswege auf seiner Internetseite www.bundesjustizamt.de bekannt.</P></Content></text></textdaten></norm>
<norm builddate="20220731213201" doknr="BJNR358200017BJNE000301125"><metadaten><jurabk>RbGeldERAV</jurabk><enbez>§ 2</enbez><titel format="XML">Signaturanforderungen</titel></metadaten><textdaten><text format="XML"><Content><P>(1) Elektronische Dokumente gemäß § 1 Absatz 1 sind mit einer qualifizierten elektronischen Signatur zu versehen.</P><P>(2) Die qualifizierte elektronische Signatur kann durch eine einfache elektronische Signatur ersetzt werden, wenn eine Behörde oder ein Gericht ein elektronisches Dokument bei dem Bundesamt für Justiz einreicht und <DL Type="arabic"><DT>1.</DT><DD Font="normal"><LA>ein verschlüsselter Übermittlungsweg auf der Grundlage des Protokollstandards „OSCI“ oder eines nach dem Stand der Technik vergleichbaren Standards genutzt wird und</LA></DD><DT>2.</DT><DD Font="normal"><LA>die Integrität und Authentizität der Daten gewährleistet ist.</LA></DD></DL></P><P>(3) Die qualifizierte elektronische Signatur kann auch durch eine einfache elektronische Signatur ersetzt werden, wenn das elektronische Dokument auf einem sicheren Übermittlungsweg eingereicht wird. Sichere Übermittlungswege sind: <DL Type="arabic"><DT>1.</DT><DD Font="normal"><LA>der Postfach- und Versanddienst eines De-Mail-Kontos, wenn der Absender bei Versand der Nachricht gemäß § 4 Absatz 1 Satz 2 des De-Mail-Gesetzes angemeldet ist und er sich die sichere Anmeldung gemäß § 5 Absatz 5 des De-Mail-Gesetzes bestätigen lässt,</LA></DD><DT>2.</DT><DD Font="normal"><LA>der Übermittlungsweg zwischen den besonderen elektronischen Anwaltspostfächern nach den §§ 31a und 31b der Bundesrechtsanwaltsordnung oder einem entsprechenden, auf gesetzlicher Grundlage errichteten elektronischen Postfach und der elektronischen Poststelle des Bundesamtes für Justiz.</LA></DD></DL></P></Content></text><fussnoten/></textdaten></norm>
<norm builddate="20220731213201" doknr="BJNR358200017BJNE000400000"><metadaten><jurabk>RbGeldERAV</jurabk><enbez>§ 3</enbez><titel format="XML">Formular</titel></metadaten><textdaten><text format="XML"><Content><P>Für ausgehende Ersuchen stellt das Bundesamt für Justiz über seine Internetseite www.bundesjustizamt.de ein Formular elektronisch zur Verfügung, das dem in § 87a Nummer 2 des Gesetzes über die internationale Rechtshilfe in Strafsachen genannten Formblatt entspricht.</P></Content></text></textdaten></norm>
<norm builddate="20220731213201" doknr="BJNR358200017BJNE000500000"><metadaten><jurabk>RbGeldERAV</jurabk><enbez>§ 4</enbez><titel format="XML">Zulassung der elektronischen Aktenführung</titel></metadaten><textdaten><text format="XML"><Content><P>Das Bundesamt für Justiz kann ab dem 24. Oktober 2017 die Akten in Verfahren nach den §§ 86 bis 87p des Gesetzes über die internationale Rechtshilfe in Strafsachen einschließlich der Akten in Zwangsvollstreckungsverfahren elektronisch führen.</P></Content></text></textdaten></norm>
<norm builddate="20220731213201" doknr="BJNR358200017BJNE000600000"><metadaten><jurabk>RbGeldERAV</jurabk><enbez>§ 5</enbez><titel format="XML">Führung elektronischer Akten</titel></metadaten><textdaten><text format="XML"><Content><P>(1) Es ist durch geeignete technisch-organisatorische Maßnahmen nach dem Stand der Technik sicherzustellen, dass die Grundsätze ordnungsgemäßer Aktenführung eingehalten werden.</P><P>(2) Bei der Übertragung von in Papierform vorliegenden Schriftstücken und Gegenständen des Augenscheins in die elektronische Form gemäß § 77a Absatz 4 Satz 2 des Gesetzes über die internationale Rechtshilfe in Strafsachen ist nach dem Stand der Technik sicherzustellen, dass das zu den Akten zu nehmende elektronische Dokument mit dem Ausgangsdokument bildlich und inhaltlich übereinstimmt, wenn es lesbar gemacht wird.</P><P>(3) Enthält eine elektronisch geführte Akte sowohl elektronische als auch in Papierform beibehaltene Bestandteile, so muss beim Zugriff auf jeden der Teile ein Hinweis auf den jeweils anderen Teil enthalten sein.</P></Content></text></textdaten></norm>
<norm builddate="20220731213201" doknr="BJNR358200017BJNE000700000"><metadaten><jurabk>RbGeldERAV</jurabk><enbez>§ 6</enbez><titel format="XML">Datenschutz und Datensicherheit</titel></metadaten><textdaten><text format="XML"><Content><P>Das Bundesamt für Justiz dokumentiert die dem Stand der Technik entsprechenden technischen und organisatorischen Maßnahmen, die es zur Gewährleistung der Datensicherheit und zur Sicherstellung des Datenschutzes nach Maßgabe des Bundesdatenschutzgesetzes, insbesondere der in der Anlage zu § 9 Satz 1 des Bundesdatenschutzgesetzes genannten Anforderungen, getroffen hat.</P></Content></text></textdaten></norm>
<norm builddate="20220731213201" doknr="BJNR358200017BJNE000800000"><metadaten><jurabk>RbGeldERAV</jurabk><enbez>§ 7</enbez><titel format="XML">Inkrafttreten</titel></metadaten><textdaten><text format="XML"><Content><P>Diese Verordnung tritt am Tag nach der Verkündung in Kraft.</P></Content></text></textdaten></norm>
</dokumente>