<?xml version="1.0" encoding="UTF-8" ?><!DOCTYPE dokumente SYSTEM "http://www.gesetze-im-internet.de/dtd/1.01/gii-norm.dtd">
<dokumente builddate="20200904213002" doknr="BJNR015540988"><norm builddate="20200904213002" doknr="BJNR015540988"><metadaten><jurabk>StrabBlPV</jurabk><amtabk>StrabBlPV</amtabk><ausfertigung-datum manuell="ja">1988-07-29</ausfertigung-datum><fundstelle typ="amtlich"><periodikum>BGBl I</periodikum><zitstelle>1988, 1554</zitstelle></fundstelle><kurzue>Straßenbahn-Betriebsleiter-Prüfungsverordnung</kurzue><langue>Verordnung über die Prüfung zum Betriebsleiter von Straßenbahnunternehmen</langue><standangabe checked="ja"><standtyp>Stand</standtyp><standkommentar>Zuletzt geändert durch Art. 173 G v. 29.3.2017 I 626</standkommentar></standangabe></metadaten><textdaten><fussnoten><Content><P>(+++ Textnachweis ab: 19.5.1989 +++)</P></Content></fussnoten></textdaten></norm>
<norm builddate="20200904213002" doknr="BJNR015540988BJNE000700325"><metadaten><jurabk>StrabBlPV</jurabk><enbez>Inhaltsübersicht</enbez></metadaten><textdaten><text format="XML"><Content><P><table frame="none" pgwide="1" tocentry="%yes;"><tgroup align="left" char="" charoff="50" cols="2" colsep="0" rowsep="0"><colspec colname="col1" colnum="1" colwidth="5*"/><colspec colname="col2" colnum="2" colwidth="80*"/><tbody valign="top"><row><entry VJ="1" align="center" colsep="0" nameend="col2" namest="col1" valign="top">Erster Abschnitt</entry></row><row><entry VJ="1" align="center" colsep="0" nameend="col2" namest="col1" valign="top">Prüfungsausschüsse</entry></row><row><entry VJ="1" align="left" colsep="0" valign="top">§ 1</entry><entry VJ="1" align="left" colsep="0" valign="top">Errichtung</entry></row><row><entry VJ="1" align="left" colsep="0" valign="top">§ 2</entry><entry VJ="1" align="left" colsep="0" valign="top">Zusammensetzung und Berufung</entry></row><row><entry VJ="1" align="left" colsep="0" valign="top">§ 3</entry><entry VJ="1" align="left" colsep="0" valign="top">Ausschluß und Befangenheit</entry></row><row><entry VJ="1" align="left" colsep="0" valign="top">§ 4</entry><entry VJ="1" align="left" colsep="0" valign="top">Beschlußfähigkeit und Abstimmung</entry></row><row><entry VJ="1" align="left" colsep="0" valign="top">§ 5</entry><entry VJ="1" align="left" colsep="0" valign="top">Geschäftsführung</entry></row><row><entry VJ="1" align="left" colsep="0" valign="top">§ 6</entry><entry VJ="1" align="left" colsep="0" valign="top">Verschwiegenheit</entry></row><row><entry VJ="1" align="center" colsep="0" nameend="col2" namest="col1" valign="top">Zweiter Abschnitt</entry></row><row><entry VJ="1" align="center" colsep="0" nameend="col2" namest="col1" valign="top">Zulassung zur Prüfung</entry></row><row><entry VJ="1" align="left" colsep="0" valign="top">§ 7</entry><entry VJ="1" align="left" colsep="0" valign="top">Zulassungsvoraussetzungen</entry></row><row><entry VJ="1" align="left" colsep="0" valign="top">§ 8</entry><entry VJ="1" align="left" colsep="0" valign="top">Anmeldung zur Prüfung</entry></row><row><entry VJ="1" align="left" colsep="0" valign="top">§ 9</entry><entry VJ="1" align="left" colsep="0" valign="top">Entscheidung über die Zulassung</entry></row><row><entry VJ="1" align="center" colsep="0" nameend="col2" namest="col1" valign="top">Dritter Abschnitt</entry></row><row><entry VJ="1" align="center" colsep="0" nameend="col2" namest="col1" valign="top">Durchführung der Prüfung</entry></row><row><entry VJ="1" align="left" colsep="0" valign="top">§ 10</entry><entry VJ="1" align="left" colsep="0" valign="top">Prüfungstermine</entry></row><row><entry VJ="1" align="left" colsep="0" valign="top">§ 11</entry><entry VJ="1" align="left" colsep="0" valign="top">Prüfungsgegenstand</entry></row><row><entry VJ="1" align="left" colsep="0" valign="top">§ 12</entry><entry VJ="1" align="left" colsep="0" valign="top">Gliederung der Prüfung</entry></row><row><entry VJ="1" align="left" colsep="0" valign="top">§ 13</entry><entry VJ="1" align="left" colsep="0" valign="top">Schriftlicher Teil der Prüfung</entry></row><row><entry VJ="1" align="left" colsep="0" valign="top">§ 14</entry><entry VJ="1" align="left" colsep="0" valign="top">Mündlicher Teil der Prüfung</entry></row><row><entry VJ="1" align="left" colsep="0" valign="top">§ 15</entry><entry VJ="1" align="left" colsep="0" valign="top">Nichtöffentlichkeit</entry></row><row><entry VJ="1" align="left" colsep="0" valign="top">§ 16</entry><entry VJ="1" align="left" colsep="0" valign="top">Ausweispflicht und Belehrung</entry></row><row><entry VJ="1" align="left" colsep="0" valign="top">§ 17</entry><entry VJ="1" align="left" colsep="0" valign="top">Täuschungshandlungen und Ordnungsverstöße</entry></row><row><entry VJ="1" align="left" colsep="0" valign="top">§ 18</entry><entry VJ="1" align="left" colsep="0" valign="top">Rücktritt und Nichtteilnahme</entry></row><row><entry VJ="1" align="center" colsep="0" nameend="col2" namest="col1" valign="top">Vierter Abschnitt</entry></row><row><entry VJ="1" align="center" colsep="0" nameend="col2" namest="col1" valign="top">Bewertung und Feststellung der Prüfungsergebnisse sowie Prüfungszeugnis </entry></row><row><entry VJ="1" align="left" colsep="0" valign="top">§ 19</entry><entry VJ="1" align="left" colsep="0" valign="top">Bewertung der Prüfungsleistungen</entry></row><row><entry VJ="1" align="left" colsep="0" valign="top">§ 20</entry><entry VJ="1" align="left" colsep="0" valign="top">Feststellung und Bekanntgabe des Prüfungsergebnisses</entry></row><row><entry VJ="1" align="left" colsep="0" valign="top">§ 21</entry><entry VJ="1" align="left" colsep="0" valign="top">Prüfungszeugnis</entry></row><row><entry VJ="1" align="left" colsep="0" valign="top">§ 22</entry><entry VJ="1" align="left" colsep="0" valign="top">Nichtbestandene Prüfung</entry></row><row><entry VJ="1" align="center" colsep="0" nameend="col2" namest="col1" valign="top">Fünfter Abschnitt</entry></row><row><entry VJ="1" align="center" colsep="0" nameend="col2" namest="col1" valign="top">Wiederholungsprüfung</entry></row><row><entry VJ="1" align="left" colsep="0" valign="top">§ 23</entry><entry VJ="1" align="left" colsep="0" valign="top">Wiederholungsprüfung</entry></row><row><entry VJ="1" align="center" colsep="0" nameend="col2" namest="col1" valign="top">Sechster Abschnitt</entry></row><row><entry VJ="1" align="center" colsep="0" nameend="col2" namest="col1" valign="top">Schluß- und Übergangsvorschriften</entry></row><row><entry VJ="1" align="left" colsep="0" valign="top">§ 24</entry><entry VJ="1" align="left" colsep="0" valign="top">Prüfungsunterlagen</entry></row><row><entry VJ="1" align="left" colsep="0" valign="top">§ 25</entry><entry VJ="1" align="left" colsep="0" valign="top">Berlin-Klausel</entry></row><row><entry VJ="1" align="left" colsep="0" valign="top">§ 26</entry><entry VJ="1" align="left" colsep="0" valign="top">Inkrafttreten und Übergangsvorschriften</entry></row></tbody></tgroup></table></P></Content></text></textdaten></norm>
<norm builddate="20200904213002" doknr="BJNR015540988BJNE000800325"><metadaten><jurabk>StrabBlPV</jurabk><enbez>Eingangsformel</enbez></metadaten><textdaten><text format="XML"><Content><P>Auf Grund des § 57 Abs. 1 Nr. 3 des Personenbeförderungsgesetzes in der im Bundesgesetzblatt Teil III, Gliederungsnummer 9240-1, veröffentlichten bereinigten Fassung, der zuletzt durch § 70 Abs. 2 des Gesetzes vom 15. März 1974 (BGBl. I S. 721) geändert worden ist, wird verordnet:</P></Content></text></textdaten></norm>
<norm builddate="20200904213002" doknr="BJNR015540988BJNG000100325"><metadaten><jurabk>StrabBlPV</jurabk><gliederungseinheit><gliederungskennzahl>010</gliederungskennzahl><gliederungsbez>Erster Abschnitt</gliederungsbez><gliederungstitel>Prüfungsausschüsse</gliederungstitel></gliederungseinheit></metadaten><textdaten><text format="XML"><Content><P/></Content></text></textdaten></norm>
<norm builddate="20200904213002" doknr="BJNR015540988BJNE000900325"><metadaten><jurabk>StrabBlPV</jurabk><enbez>§ 1</enbez><titel format="parat">Errichtung</titel></metadaten><textdaten><text format="XML"><Content><P>(1) Für die Prüfung der fachlichen Befähigung zum Betriebsleiter eines Straßenbahnunternehmens wird bei der zuständigen obersten Landesbehörde oder bei der von ihr bestimmten Behörde ein Prüfungsausschuß errichtet.</P><P>(2) Für den Bereich mehrerer Länder kann durch Vereinbarung ein gemeinsamer Prüfungsausschuß errichtet werden.</P></Content> </text></textdaten></norm>
<norm builddate="20200904213002" doknr="BJNR015540988BJNE001001308"><metadaten><jurabk>StrabBlPV</jurabk><enbez>§ 2</enbez><titel format="XML">Zusammensetzung und Berufung</titel></metadaten><textdaten><text format="XML"><Content><P>(1) Die zuständige oberste Landesbehörde oder die von ihr bestimmte Behörde beruft aus dem Kreis von <DL Font="normal" Type="arabic"><DT>1.</DT><DD Font="normal"><LA Size="normal">Beamten des höheren technischen Verwaltungsdienstes oder diesen vergleichbaren Beschäftigten,</LA></DD><DT>2.</DT><DD Font="normal"><LA Size="normal">Beamten des höheren nichttechnischen Verwaltungsdienstes mit Befähigung zum Richteramt oder diesen vergleichbaren Beschäftigten,</LA></DD><DT>3.</DT><DD Font="normal"><LA Size="normal">bestätigten Straßenbahnbetriebsleitern</LA></DD></DL>die Mitglieder des Prüfungsausschusses jeweils für fünf Jahre. Die Mitglieder müssen für die Prüfungsgebiete sachkundig und für die Mitwirkung im Prüfungswesen geeignet sein.</P><P>(2) Die Mitglieder des Prüfungsausschusses können von der berufenden Behörde nach Absatz 1 aus wichtigem Grund abberufen werden.</P><P>(3) Die berufende Behörde nach Absatz 1 bestimmt aus dem Kreis der Mitglieder des Prüfungsausschusses den Vorsitzenden und seinen Stellvertreter. Der Vorsitzende soll Beamter des höheren technischen Verwaltungsdienstes oder ein diesem vergleichbarer Beschäftigter sein.</P><P>(4) Ist ein Prüfungsausschuß für den Bereich mehrerer Länder errichtet worden (§ 1 Abs. 2), nimmt die von diesen bestimmte Stelle die Befugnisse der berufenden Behörde wahr.</P><P>(5) Der Vorsitzende des Prüfungsausschusses bestimmt nach Maßgabe der §§ 3 und 4, welche Mitglieder als Prüfer jeweils an einer Prüfung mitwirken.</P></Content></text><fussnoten/></textdaten></norm>
<norm builddate="20200904213002" doknr="BJNR015540988BJNE001100325"><metadaten><jurabk>StrabBlPV</jurabk><enbez>§ 3</enbez><titel format="parat">Ausschluß und Befangenheit</titel></metadaten><textdaten><text format="XML"><Content><P>(1) Bei der Prüfung darf nicht mitwirken, wer Vorgesetzter eines Prüfungsbewerbers oder Bediensteter im gleichen Verkehrsunternehmen ist.</P><P>(2) Wenn sich während der Prüfung ergibt, daß infolge Ausschlusses eine ordnungsgemäße Besetzung des Prüfungsausschusses nicht möglich ist, ist die Prüfung abzubrechen. Über die Fortsetzung oder Wiederholung der Prüfung entscheidet der Prüfungsausschuß.</P></Content> </text></textdaten></norm>
<norm builddate="20200904213002" doknr="BJNR015540988BJNE001201308"><metadaten><jurabk>StrabBlPV</jurabk><enbez>§ 4</enbez><titel format="XML">Beschlußfähigkeit und Abstimmung</titel></metadaten><textdaten><text format="XML"><Content><P>(1) Der Prüfungsausschuß ist beschlußfähig, wenn einschließlich des Vorsitzenden oder seines Stellvertreters mindestens mitwirken <DL Font="normal" Type="arabic"><DT>1.</DT><DD Font="normal"><LA Size="normal">ein Beamter des höheren technischen Verwaltungsdienstes oder ein diesem vergleichbarer Beschäftigter,</LA></DD><DT>2.</DT><DD Font="normal"><LA Size="normal">ein Beamter des höheren nichttechnischen Verwaltungsdienstes mit Befähigung zum Richteramt oder ein diesem vergleichbarer Beschäftigter,</LA></DD><DT>3.</DT><DD Font="normal"><LA Size="normal">zwei bestätigte Straßenbahnbetriebsleiter.</LA></DD></DL></P><P>(2) Der Prüfungsausschuß beschließt mit der Mehrheit der abgegebenen Stimmen. Bei Stimmengleichheit gibt die Stimme des Vorsitzenden den Ausschlag.</P></Content></text><fussnoten/></textdaten></norm>
<norm builddate="20200904213002" doknr="BJNR015540988BJNE001300325"><metadaten><jurabk>StrabBlPV</jurabk><enbez>§ 5</enbez><titel format="parat">Geschäftsführung</titel></metadaten><textdaten><text format="XML"><Content><P>Die berufende Behörde regelt im Einvernehmen mit dem Prüfungsausschuß dessen Geschäftsführung, insbesondere Einladungen, Protokollführung und Einzelheiten über die Durchführung der Prüfungen.</P></Content></text></textdaten></norm>
<norm builddate="20200904213002" doknr="BJNR015540988BJNE001400325"><metadaten><jurabk>StrabBlPV</jurabk><enbez>§ 6</enbez><titel format="parat">Verschwiegenheit</titel></metadaten><textdaten><text format="XML"><Content><P>Die Mitglieder des Prüfungsausschusses haben über alle Prüfungsvorgänge gegenüber Dritten Verschwiegenheit zu wahren. Ausnahmen bedürfen der Einwilligung der berufenden Behörde.</P></Content></text></textdaten></norm>
<norm builddate="20200904213002" doknr="BJNR015540988BJNG000200325"><metadaten><jurabk>StrabBlPV</jurabk><gliederungseinheit><gliederungskennzahl>020</gliederungskennzahl><gliederungsbez>Zweiter Abschnitt</gliederungsbez><gliederungstitel>Zulassung zur Prüfung</gliederungstitel></gliederungseinheit></metadaten><textdaten><text format="XML"><Content><P/></Content></text></textdaten></norm>
<norm builddate="20200904213002" doknr="BJNR015540988BJNE001501308"><metadaten><jurabk>StrabBlPV</jurabk><enbez>§ 7</enbez><titel format="XML">Zulassungsvoraussetzungen</titel></metadaten><textdaten><text format="XML"><Content><P>Zur Prüfung wird auf Antrag einmalig zugelassen, wer <DL Font="normal" Type="arabic"><DT>1.</DT><DD Font="normal"><LA Size="normal">ein Studium des Bauingenieurwesens, der Elektrotechnik, des Maschinenbaus oder einer Ingenieurwissenschaft des Verkehrswesens an<DL Font="normal" Type="arabic"><DT>a)</DT><DD Font="normal"><LA Size="normal">einer deutschen wissenschaftlichen Hochschule,</LA></DD><DT>b)</DT><DD Font="normal"><LA Size="normal">einer deutschen staatlichen oder staatlich anerkannten Fachhochschule,</LA></DD><DT>c)</DT><DD Font="normal"><LA Size="normal">einer von der zuständigen Stelle des Landes als gleichwertig anerkannten ausländischen Hochschule</LA></DD></DL></LA><LA Size="normal">erfolgreich abgeschlossen hat und</LA></DD><DT>2.</DT><DD Font="normal"><LA Size="normal">mindestens drei Jahre in Straßenbahnunternehmen in den für den Bau und Betrieb der Straßenbahn wesentlichen Fachbereichen als Ingenieur tätig gewesen ist; Tätigkeiten bei anderen Stellen als Ingenieur in der Planung, dem Bau, dem Betrieb oder der Überwachung spurgebundener Bahnen können bis zu einem Jahr angerechnet werden.</LA></DD></DL></P></Content></text><fussnoten/></textdaten></norm>
<norm builddate="20200904213002" doknr="BJNR015540988BJNE001600325"><metadaten><jurabk>StrabBlPV</jurabk><enbez>§ 8</enbez><titel format="parat">Anmeldung zur Prüfung</titel></metadaten><textdaten><text format="XML"><Content><P>(1) Der Antrag auf Zulassung zur Prüfung ist vom Bewerber an die zuständige Technische Aufsichtsbehörde zu richten. Maßgebend für die Zuständigkeit ist der Sitz des Straßenbahnunternehmens, bei dem der Bewerber zum Zeitpunkt der Antragstellung beschäftigt ist. Liegt eine solche Beschäftigung nicht vor, ist der Hauptwohnsitz des Bewerbers maßgebend.</P><P>(2) Dem Antrag sind beizufügen <DL Font="normal" Type="arabic"><DT>1.</DT><DD Font="normal"><LA Size="normal">ein Lebenslauf mit Lichtbild,</LA></DD> <DT>2.</DT><DD Font="normal"><LA Size="normal">Zeugnisse über die nach § 7 Nr. 1 geforderte Ausbildung,</LA></DD> <DT>3.</DT><DD Font="normal"><LA Size="normal">Nachweise über Tätigkeiten nach § 7 Nr. 2.</LA></DD> </DL></P></Content> </text></textdaten></norm>
<norm builddate="20200904213002" doknr="BJNR015540988BJNE001700325"><metadaten><jurabk>StrabBlPV</jurabk><enbez>§ 9</enbez><titel format="parat">Entscheidung über die Zulassung</titel></metadaten><textdaten><text format="XML"><Content><P>(1) Über den Antrag auf Zulassung zur Prüfung entscheidet die zuständige Technische Aufsichtsbehörde. Sie kann in begründeten Fällen Ausnahmen von den Voraussetzungen nach § 7 zulassen.</P><P>(2) Die Entscheidung nach Absatz 1 wird dem Bewerber schriftlich mitgeteilt. Ein ablehnender Bescheid ist mit einer Rechtsbehelfsbelehrung zu versehen.</P></Content> </text></textdaten></norm>
<norm builddate="20200904213002" doknr="BJNR015540988BJNG000300325"><metadaten><jurabk>StrabBlPV</jurabk><gliederungseinheit><gliederungskennzahl>030</gliederungskennzahl><gliederungsbez>Dritter Abschnitt</gliederungsbez><gliederungstitel>Durchführung der Prüfung</gliederungstitel></gliederungseinheit></metadaten><textdaten><text format="XML"><Content><P/></Content></text></textdaten></norm>
<norm builddate="20200904213002" doknr="BJNR015540988BJNE001800325"><metadaten><jurabk>StrabBlPV</jurabk><enbez>§ 10</enbez><titel format="parat">Prüfungstermine</titel></metadaten><textdaten><text format="XML"><Content><P>(1) Prüfungen sollen jährlich einmal durchgeführt werden. Weitere Prüfungen können vom Prüfungsausschuß nach Bedarf angesetzt werden.</P><P>(2) Der Vorsitzende des Prüfungsausschusses setzt im Einvernehmen mit den Prüfern die Prüfungstermine und -orte fest und gibt sie mindestens einen Monat vor Prüfungsbeginn den zur Prüfung zugelassenen Bewerbern schriftlich bekannt. Dabei unterrichtet er die Kandidaten auch über den Prüfungsablauf, über die jeweils zur Verfügung stehende Zeit sowie über die während der Prüfung zugelassenen Arbeits- und Hilfsmittel.</P></Content> </text></textdaten></norm>
<norm builddate="20200904213002" doknr="BJNR015540988BJNE001900325"><metadaten><jurabk>StrabBlPV</jurabk><enbez>§ 11</enbez><titel format="parat">Prüfungsgegenstand</titel></metadaten><textdaten><text format="XML"><Content><P>In der Prüfung hat der Kandidat seine fachliche Befähigung zum Betriebsleiter nachzuweisen.</P></Content></text></textdaten></norm>
<norm builddate="20200904213002" doknr="BJNR015540988BJNE002000325"><metadaten><jurabk>StrabBlPV</jurabk><enbez>§ 12</enbez><titel format="parat">Gliederung der Prüfung</titel></metadaten><textdaten><text format="XML"><Content><P>(1) Die Prüfung besteht aus einem schriftlichen und einem mündlichen Teil und ist in dieser Reihenfolge durchzuführen.</P><P>(2) Der schriftliche Teil der Prüfung umfaßt je eine Arbeit aus den Fächern <DL Font="normal" Type="arabic"><DT>1.</DT><DD Font="normal"><LA Size="normal">Technik der Betriebsanlagen,</LA></DD> <DT>2.</DT><DD Font="normal"><LA Size="normal">Technik der Fahrzeuge,</LA></DD> <DT>3.</DT><DD Font="normal"><LA Size="normal">Straßenbahnbetrieb.</LA></DD> </DL> </P><P>(3) An die Stelle der beiden schriftlichen Arbeiten nach Absatz 2 Nr. 1 und 2 kann eine fachübergreifende Arbeit über die Technik der Betriebsanlagen und Fahrzeuge treten.</P><P>(4) Der mündliche Teil der Prüfung umfaßt die Fächer nach Absatz 2 sowie das Fach Verwaltung und Recht.</P><P>(5) Das Fach Technik der Betriebsanlagen erstreckt sich insbesondere auf Fragen über <DL Font="normal" Type="arabic"><DT>1.</DT><DD Font="normal"><LA Size="normal">Trassierungsgrundsätze,</LA></DD> <DT>2.</DT><DD Font="normal"><LA Size="normal">Lastannahmen und Standsicherheit von Bahnbauwerken und Bahnkörpern,</LA></DD> <DT>3.</DT><DD Font="normal"><LA Size="normal">Einrichtung und Sicherung von Baustellen,</LA></DD> <DT>4.</DT><DD Font="normal"><LA Size="normal">Brandschutz,</LA></DD> <DT>5.</DT><DD Font="normal"><LA Size="normal">Gestaltung und Ausrüstung der Haltestellen,</LA></DD> <DT>6.</DT><DD Font="normal"><LA Size="normal">Trag- und Spurführungstechniken,</LA></DD> <DT>7.</DT><DD Font="normal"><LA Size="normal">Zugsicherungs- und Nachrichtentechnik,</LA></DD> <DT>8.</DT><DD Font="normal"><LA Size="normal">Energieversorgung,</LA></DD> <DT>9.</DT><DD Font="normal"><LA Size="normal">Instandhaltung von Betriebsanlagen.</LA></DD> </DL> </P><P>(6) Das Fach Technik der Fahrzeuge erstreckt sich insbesondere auf Fragen über <DL Font="normal" Type="arabic"><DT>1.</DT><DD Font="normal"><LA Size="normal">Fahrzeugarten und Betriebsweisen,</LA></DD> <DT>2.</DT><DD Font="normal"><LA Size="normal">Lastannahmen und Gestaltung der Fahrzeugkörper,</LA></DD> <DT>3.</DT><DD Font="normal"><LA Size="normal">Laufwerke und Spurführung,</LA></DD> <DT>4.</DT><DD Font="normal"><LA Size="normal">Antrieb und Bremsen,</LA></DD> <DT>5.</DT><DD Font="normal"><LA Size="normal">Fahrzeugsteuerung,</LA></DD> <DT>6.</DT><DD Font="normal"><LA Size="normal">Sicherungseinrichtungen,</LA></DD> <DT>7.</DT><DD Font="normal"><LA Size="normal">Brandschutz,</LA></DD> <DT>8.</DT><DD Font="normal"><LA Size="normal">Fahrzeugausrüstung,</LA></DD> <DT>9.</DT><DD Font="normal"><LA Size="normal">Instandhaltung von Fahrzeugen.</LA></DD> </DL> </P><P>(7) Das Fach Straßenbahnbetrieb erstreckt sich insbesondere auf Fragen über <DL Font="normal" Type="arabic"><DT>1.</DT><DD Font="normal"><LA Size="normal">Grundsätze des Fahrbetriebes,</LA></DD> <DT>2.</DT><DD Font="normal"><LA Size="normal">Streckenleistungsfähigkeit, Zugabstände, zulässige Geschwindigkeiten,</LA></DD> <DT>3.</DT><DD Font="normal"><LA Size="normal">Netzentwicklung und Fahrzeitermittlung,</LA></DD> <DT>4.</DT><DD Font="normal"><LA Size="normal">Fahrplanarten und Fahrplangestaltung,</LA></DD> <DT>5.</DT><DD Font="normal"><LA Size="normal">Ausbildung, Prüfung und Überwachung der Betriebsbediensteten,</LA></DD> <DT>6.</DT><DD Font="normal"><LA Size="normal">Einsatz der Betriebsbediensteten sowie Dienstplangestaltung,</LA></DD> <DT>7.</DT><DD Font="normal"><LA Size="normal">Verhalten bei Unfällen und Betriebsstörungen,</LA></DD> <DT>8.</DT><DD Font="normal"><LA Size="normal">Fahrgastbedienung,</LA></DD> <DT>9.</DT><DD Font="normal"><LA Size="normal">Unfallverhütung,</LA></DD> <DT>10.</DT><DD Font="normal"><LA Size="normal">Grundzüge der Betriebswirtschaft.</LA></DD> </DL> </P><P>(8) Das Fach Verwaltung und Recht erstreckt sich insbesondere auf tätigkeitsbezogene Fragen über <DL Font="normal" Type="arabic"><DT>1.</DT><DD Font="normal"><LA Size="normal">Personenbeförderungsrecht,</LA></DD> <DT>2.</DT><DD Font="normal"><LA Size="normal">Verwaltungsrecht,</LA></DD> <DT>3.</DT><DD Font="normal"><LA Size="normal">Straßenverkehrsrecht, Verkehrswegerecht und Immissionsschutz,</LA></DD> <DT>4.</DT><DD Font="normal"><LA Size="normal">Arbeits- und Arbeitsschutzrecht,</LA></DD> <DT>5.</DT><DD Font="normal"><LA Size="normal">Versicherungs- und Haftpflichtrecht,</LA></DD> <DT>6.</DT><DD Font="normal"><LA Size="normal">strafrechtliche Vorschriften und Ordnungswidrigkeiten.</LA></DD> </DL></P></Content>   </text></textdaten></norm>
<norm builddate="20200904213002" doknr="BJNR015540988BJNE002100325"><metadaten><jurabk>StrabBlPV</jurabk><enbez>§ 13</enbez><titel format="parat">Schriftlicher Teil der Prüfung</titel></metadaten><textdaten><text format="XML"><Content><P>(1) Im schriftlichen Teil der Prüfung hat der Kandidat nachzuweisen, daß er Aufgaben aus dem Bereich der Betriebsleitertätigkeit rasch und sicher erfassen, in kurzer Zeit mit den zugelassenen Hilfsmitteln lösen und das Ergebnis knapp und übersichtlich darstellen kann.</P><P>(2) Der Vorsitzende des Prüfungsausschusses bestimmt die Prüfungsaufgaben. Die Aufgaben nach § 12 Abs. 2 Nr. 1 und 2 sind jeweils innerhalb von zwei Stunden, diejenige nach § 12 Abs. 2 Nr. 3 ist innerhalb von drei Stunden von dem Kandidaten unter Aufsicht zu bearbeiten. Wird eine fachübergreifende Prüfungsaufgabe nach § 12 Abs. 3 gestellt, ist eine Bearbeitungszeit von vier Stunden vorzusehen.</P><P>(3) Der Aufsichtführende fertigt eine Niederschrift über den Verlauf und etwaige Unregelmäßigkeiten des schriftlichen Teils der Prüfung.</P><P>(4) Jede Arbeit ist von zwei Prüfern zu bewerten. Bei abweichender Bewertung entscheidet der Vorsitzende des Prüfungsausschusses.</P></Content>   </text></textdaten></norm>
<norm builddate="20200904213002" doknr="BJNR015540988BJNE002200325"><metadaten><jurabk>StrabBlPV</jurabk><enbez>§ 14</enbez><titel format="parat">Mündlicher Teil der Prüfung</titel></metadaten><textdaten><text format="XML"><Content><P>(1) Im mündlichen Teil der Prüfung hat der Kandidat den Nachweis eines umfassenden Fachwissens in den vier Fächern nach § 12 Abs. 4 zu erbringen.</P><P>(2) Der mündliche Teil der Prüfung soll für jeden Kandidaten in jedem Fach etwa 15 Minuten dauern.</P><P>(3) Die Leistung des Kandidaten ist in jedem Fach vom Prüfungsausschuß zu bewerten.</P></Content>  </text></textdaten></norm>
<norm builddate="20200904213002" doknr="BJNR015540988BJNE002300325"><metadaten><jurabk>StrabBlPV</jurabk><enbez>§ 15</enbez><titel format="parat">Nichtöffentlichkeit</titel></metadaten><textdaten><text format="XML"><Content><P>Die Prüfung ist nicht öffentlich. Vertreter der berufenden Behörde und der für die Zulassung des Kandidaten zuständigen Technischen Aufsichtsbehörde können anwesend sein. An der Beratung über das Prüfungsergebnis dürfen nur die Mitglieder des Prüfungsausschusses teilnehmen.</P></Content></text></textdaten></norm>
<norm builddate="20200904213002" doknr="BJNR015540988BJNE002400325"><metadaten><jurabk>StrabBlPV</jurabk><enbez>§ 16</enbez><titel format="parat">Ausweispflicht und Belehrung</titel></metadaten><textdaten><text format="XML"><Content><P>Die Kandidaten haben sich auf Verlangen des Vorsitzenden des Prüfungsausschusses oder des Aufsichtführenden über ihre Person auszuweisen. Sie sind vor Beginn eines jeden Teils der Prüfung über die jeweils zur Verfügung stehende Zeit, über die während der Prüfung zugelassenen Arbeits- und Hilfsmittel sowie über die Folgen von Täuschungshandlungen und Ordnungsverstößen zu belehren.</P></Content></text></textdaten></norm>
<norm builddate="20200904213002" doknr="BJNR015540988BJNE002500325"><metadaten><jurabk>StrabBlPV</jurabk><enbez>§ 17</enbez><titel format="parat">Täuschungshandlungen und Ordnungsverstöße</titel></metadaten><textdaten><text format="XML"><Content><P>(1) Kandidaten, die eine Täuschungshandlung begehen oder versuchen oder den Prüfungsablauf erheblich stören, können von der weiteren Teilnahme an der Prüfung ausgeschlossen werden. Während des schriftlichen Teils der Prüfung kann der Aufsichtführende den Kandidaten vorläufig ausschließen.</P><P>(2) Über den Ausschluß und die Folgen entscheidet der Prüfungsausschuß nach Anhören des Kandidaten. In schwerwiegenden Fällen, insbesondere bei vorbereiteten Täuschungshandlungen, kann die Prüfung für nicht bestanden erklärt werden.</P></Content> </text></textdaten></norm>
<norm builddate="20200904213002" doknr="BJNR015540988BJNE002600325"><metadaten><jurabk>StrabBlPV</jurabk><enbez>§ 18</enbez><titel format="parat">Rücktritt und Nichtteilnahme</titel></metadaten><textdaten><text format="XML"><Content><P>(1) Der Kandidat kann vor Bekanntgabe der ersten schriftlichen Prüfungsaufgabe von der Prüfung durch schriftliche Erklärung oder durch Erklärung zu Protokoll zurücktreten. In diesem Falle gilt die Prüfung als nicht begonnen; dies gilt auch, wenn der Kandidat zur Prüfung nicht erscheint.</P><P>(2) Tritt der Kandidat nach Beginn der Prüfung ohne wichtigen Grund zurück, gilt die Prüfung als nicht bestanden.</P><P>(3) Liegt ein wichtiger Grund vor, können bereits erbrachte, in sich abgeschlossene Prüfungsleistungen anerkannt werden; in diesem Falle ist die Prüfung zum nächstmöglichen Termin fortzusetzen.</P><P>(4) Über das Vorliegen eines wichtigen Grundes entscheidet der Prüfungsausschuß.</P></Content>   </text></textdaten></norm>
<norm builddate="20200904213002" doknr="BJNR015540988BJNG000400325"><metadaten><jurabk>StrabBlPV</jurabk><gliederungseinheit><gliederungskennzahl>040</gliederungskennzahl><gliederungsbez>Vierter Abschnitt</gliederungsbez><gliederungstitel>Bewertung und Feststellung der
Prüfungsergebnisse sowie Prüfungszeugnisse</gliederungstitel></gliederungseinheit></metadaten><textdaten><text format="XML"><Content><P/></Content></text></textdaten></norm>
<norm builddate="20200904213002" doknr="BJNR015540988BJNE002700325"><metadaten><jurabk>StrabBlPV</jurabk><enbez>§ 19</enbez><titel format="parat">Bewertung der Prüfungsleistungen</titel></metadaten><textdaten><text format="XML"><Content><P>(1) Die einzelnen schriftlichen Arbeiten und die Leistungen in jedem Fach des mündlichen Teils der Prüfung sind wie folgt zu bewerten: <DL Font="normal" Type="arabic"><DT/><DD Font="normal"><LA Size="normal"><DL Font="normal" Type="arabic"><DT/><DD Font="normal"><LA Size="normal"><DL Font="normal" Type="arabic"><DT/><DD Font="normal"><LA Size="normal"><DL Font="normal" Type="arabic"><DT/><DD Font="normal"><LA Size="normal"><DL Font="normal" Type="arabic"><DT>Sehr gut (1),</DT><DD Font="normal"><LA Size="normal">wenn eine Leistung den Anforderungen in besonderem Maße entspricht;</LA></DD> <DT>gut (2),</DT><DD Font="normal"><LA Size="normal">wenn eine Leistung den Anforderungen voll entspricht;</LA></DD> <DT>befriedigend (3),</DT><DD Font="normal"><LA Size="normal">wenn eine Leistung im allgemeinen den Anforderungen entspricht;</LA></DD> <DT>ausreichend (4),</DT><DD Font="normal"><LA Size="normal">wenn eine Leistung zwar Mängel aufweist, aber im ganzen den Anforderungen noch entspricht;</LA></DD> <DT>mangelhaft (5),</DT><DD Font="normal"><LA Size="normal">wenn eine Leistung den Anforderungen nicht entspricht, jedoch erkennen läßt, daß die notwendigen Grundkenntnisse vorhanden sind und die Mängel in absehbarer Zeit behoben werden können;</LA></DD> <DT>ungenügend (6),</DT><DD Font="normal"><LA Size="normal">wenn eine Leistung den Anforderungen nicht entspricht und selbst die Grundkenntnisse so lückenhaft sind, daß die Mängel in absehbarer Zeit nicht behoben werden können.</LA></DD> </DL> </LA></DD></DL></LA></DD></DL></LA></DD></DL></LA></DD></DL></P><P>(2) Bei der Bewertung der Prüfungsleistungen sind neben Kenntnissen auch Form und Ausdrucksweise zu berücksichtigen.</P></Content></text></textdaten></norm>
<norm builddate="20200904213002" doknr="BJNR015540988BJNE002801308"><metadaten><jurabk>StrabBlPV</jurabk><enbez>§ 20</enbez><titel format="XML">Feststellung und Bekanntgabe des Prüfungsergebnisses</titel></metadaten><textdaten><text format="XML"><Content><P>(1) Der Prüfungsausschuß stellt aufgrund der Bewertung der einzelnen Prüfungsleistungen nach § 19 das Prüfungsergebnis fest.</P><P>(2) Die vier Fächer nach § 12 sind gesondert zu bewerten, wobei in jedem Fach mit schriftlichen und mündlichen Prüfungsleistungen aus diesen der Mittelwert zu bilden ist. Dabei werden Dezimalstellen bis 0,49 abgerundet und ab 0,50 aufgerundet.</P><P>(3) Die Prüfung ist bestanden, wenn in den vier Fächern jeweils mindestens ausreichende Leistungen erbracht worden sind.</P><P>(4) Die Entscheidung über das Bestehen der Prüfung ist dem Kandidaten unmittelbar nach Abschluß der Prüfung mitzuteilen.</P><P>(5) Über den Verlauf der Prüfung und die Feststellung des Prüfungsergebnisses ist eine Niederschrift zu fertigen. Sie ist vom Vorsitzenden des Prüfungsausschusses und von den Prüfern zu unterzeichnen.</P></Content></text><fussnoten/></textdaten></norm>
<norm builddate="20200904213002" doknr="BJNR015540988BJNE002900325"><metadaten><jurabk>StrabBlPV</jurabk><enbez>§ 21</enbez><titel format="parat">Prüfungszeugnis</titel></metadaten><textdaten><text format="XML"><Content><P>Wer die Prüfung bestanden hat, erhält hierüber ein Zeugnis, das vom Vorsitzenden des Prüfungsausschusses zu unterschreiben ist. In dem Zeugnis sind Vorname und Familienname, gegebenenfalls auch der Geburtsname des Kandidaten, der Tag seiner Geburt sowie der Tag des Bestehens der Prüfung anzugeben.</P></Content></text></textdaten></norm>
<norm builddate="20200904213002" doknr="BJNR015540988BJNE003001305"><metadaten><jurabk>StrabBlPV</jurabk><enbez>§ 22</enbez><titel format="XML">Nichtbestandene Prüfung</titel></metadaten><textdaten><text format="XML"><Content><P>(1) Der Vorsitzende des Prüfungsausschusses erteilt bei nichtbestandener Prüfung dem Kandidaten einen schriftlichen oder elektronischen Bescheid. Darin sind die Fächer anzugeben, in denen nicht mindestens ausreichende Leistungen erreicht worden sind. Auf die besonderen Bedingungen der Wiederholungsprüfung nach § 23 ist hinzuweisen.</P><P>(2) Der Bescheid nach Absatz 1 ist mit einer Rechtsbehelfsbelehrung zu versehen.</P></Content></text><fussnoten/></textdaten></norm>
<norm builddate="20200904213002" doknr="BJNR015540988BJNG000500325"><metadaten><jurabk>StrabBlPV</jurabk><gliederungseinheit><gliederungskennzahl>050</gliederungskennzahl><gliederungsbez>Fünfter Abschnitt</gliederungsbez><gliederungstitel>Wiederholungsprüfung</gliederungstitel></gliederungseinheit></metadaten><textdaten><text format="XML"><Content><P/></Content></text></textdaten></norm>
<norm builddate="20200904213002" doknr="BJNR015540988BJNE003100325"><metadaten><jurabk>StrabBlPV</jurabk><enbez>§ 23</enbez><titel format="parat">Wiederholungsprüfung</titel></metadaten><textdaten><text format="XML"><Content><P>(1) Eine nichtbestandene Prüfung darf zweimal wiederholt werden, jedoch frühestens sechs Monate nach Beendigung der vorangegangenen Prüfung.</P><P>(2) In der ersten Wiederholungsprüfung ist der Kandidat auf Antrag von der Prüfung in einzelnen Fächern zu befreien, wenn er darin in der vorangegangenen Prüfung mindestens ausreichende Leistungen erreicht hat und sich innerhalb von einem Jahr nach Beendigung der nichtbestandenen Prüfung zur Wiederholungsprüfung anmeldet.</P><P>(3) Bei der zweiten Wiederholungsprüfung werden alle Fächer geprüft.</P><P>(4) Im übrigen gelten die Vorschriften dieser Verordnung entsprechend.</P></Content>   </text></textdaten></norm>
<norm builddate="20200904213002" doknr="BJNR015540988BJNG000600325"><metadaten><jurabk>StrabBlPV</jurabk><gliederungseinheit><gliederungskennzahl>060</gliederungskennzahl><gliederungsbez>Sechster Abschnitt</gliederungsbez><gliederungstitel>Schluß- und Übergangsvorschriften</gliederungstitel></gliederungseinheit></metadaten><textdaten><text format="XML"><Content><P/></Content></text></textdaten></norm>
<norm builddate="20200904213002" doknr="BJNR015540988BJNE003200325"><metadaten><jurabk>StrabBlPV</jurabk><enbez>§ 24</enbez><titel format="parat">Prüfungsunterlagen</titel></metadaten><textdaten><text format="XML"><Content><P>(1) Auf Antrag ist dem Kandidaten nach Beendigung der Prüfung Einsicht in seine Prüfungsunterlagen zu gewähren.</P><P>(2) Die Prüfungsunterlagen sind 10 Jahre nach Bekanntgabe des Prüfungsergebnisses aufzubewahren.</P></Content> </text></textdaten></norm>
<norm builddate="20200904213002" doknr="BJNR015540988BJNE003301308"><metadaten><jurabk>StrabBlPV</jurabk><enbez>§ 25</enbez><titel format="parat">(weggefallen)</titel></metadaten><textdaten><text format="XML"><Content><P>-</P></Content></text><fussnoten/></textdaten></norm>
<norm builddate="20200904213002" doknr="BJNR015540988BJNE003400325"><metadaten><jurabk>StrabBlPV</jurabk><enbez>§ 26</enbez><titel format="parat">Inkrafttreten und Übergangsvorschriften</titel></metadaten><textdaten><text format="XML"><Content><P>(1) Diese Verordnung tritt neun Monate nach der Verkündung in Kraft.</P><P>(2)</P><P>(3) Ist der Kandidat nach § 2 Abs. 3 der Verordnung über die Bestätigung und Prüfung der Betriebsleiter von Straßenbahnbetrieben vom 23. Dezember 1953 zur Prüfung zugelassen worden, hat er die Prüfung nach den bisherigen Vorschriften abzulegen.</P><P>(4) Hat der Kandidat die Betriebsleiterprüfung nach der im Absatz 3 genannten Verordnung nicht bestanden, hat er die Wiederholungsprüfung nach den bisherigen Vorschriften abzulegen.</P><P>(5) Hat der Kandidat die nach Absatz 4 durchgeführte Wiederholungsprüfung nach Inkrafttreten dieser Verordnung nicht bestanden, ist eine zweite Wiederholung der Prüfung nur nach § 23 dieser Verordnung zulässig.</P></Content>    </text><fussnoten/></textdaten></norm>
<norm builddate="20200904213002" doknr="BJNR015540988BJNE003500325"><metadaten><jurabk>StrabBlPV</jurabk><enbez>Schlußformel</enbez></metadaten><textdaten><text format="XML"><Content><P>Der Bundesrat hat zugestimmt. <BR/> <BR/><SP>Der Bundesminister für Verkehr</SP></P></Content></text></textdaten></norm>
</dokumente>