<?xml version="1.0" encoding="UTF-8" ?><!DOCTYPE dokumente SYSTEM "http://www.gesetze-im-internet.de/dtd/1.01/gii-norm.dtd">
<dokumente builddate="20241206222501" doknr="BJNR048700001"><norm builddate="20241206222501" doknr="BJNR048700001"><metadaten><jurabk>FeinwerkMechMstrV</jurabk><amtabk>FeinwerkMechMstrV</amtabk><ausfertigung-datum manuell="ja">2001-04-05</ausfertigung-datum><fundstelle typ="amtlich"><periodikum>BGBl I</periodikum><zitstelle>2001, 487</zitstelle></fundstelle><kurzue>Feinwerkmechanikermeisterverordnung</kurzue><langue>Verordnung über das Meisterprüfungsberufsbild und über die
Prüfungsanforderungen in den Teilen I und II der Meisterprüfung im
Feinwerkmechaniker-Handwerk</langue><standangabe checked="ja"><standtyp>Stand</standtyp><standkommentar>Zuletzt geändert durch Art. 2 Abs. 32 V v. 18.1.2022 I 39</standkommentar></standangabe><standangabe checked="ja"><standtyp>Aufh</standtyp><standkommentar>V aufgeh. durch § 14 Satz 2 V 7110-3-219 v. 2.12.2024 I Nr. 391 mWv 1.7.2025</standkommentar></standangabe><standangabe checked="ja"><standtyp>Sonst</standtyp><standkommentar>Ersetzt durch V 7110-3-219 v. 2.12.2024 I Nr. 391 (FeinwerkMechMstrV 2025)</standkommentar></standangabe></metadaten><textdaten><text format="XML"><Content><P/></Content></text><fussnoten><Content><P>(+++ Textnachweis ab: 1.7.2001 +++) (+++ Zur Anwendung vgl. § 8 +++)</P><P><BR/> Erläuterungen zu der Meisterprüfungsverordnung im Feinwerkmechaniker-Handwerk werden im Bundesanzeiger veröffentlicht.</P></Content></fussnoten></textdaten></norm>
<norm builddate="20241206222501" doknr="BJNR048700001BJNE000100305"><metadaten><jurabk>FeinwerkMechMstrV</jurabk><enbez>Eingangsformel</enbez></metadaten><textdaten><text format="XML"><Content><P>Auf Grund des § 45 der Handwerksordnung in der Fassung der Bekanntmachung vom 24. September 1998 (BGBl. I S. 3074) in Verbindung mit Artikel 56 Abs. 1 des Zuständigkeitsanpassungs-Gesetzes vom 18. März 1975 (BGBl. I S. 705) und dem Organisationserlass vom 27. Oktober 1998 (BGBl. I S. 3288) verordnet das Bundesministerium für Wirtschaft und Technologie im Einvernehmen mit dem Bundesministerium für Bildung und Forschung:</P></Content></text></textdaten></norm>
<norm builddate="20241206222501" doknr="BJNR048700001BJNE000200305"><metadaten><jurabk>FeinwerkMechMstrV</jurabk><enbez>§ 1</enbez><titel format="parat">Gliederung und Inhalt der Meisterprüfung</titel></metadaten><textdaten><text format="XML"><Content><P>(1) Die Meisterprüfung im Feinwerkmechaniker-Handwerk umfasst folgende selbständige Prüfungsteile: <DL Font="normal" Type="arabic"><DT>1.</DT><DD Font="normal"><LA Size="normal">die Prüfung der meisterhaften Verrichtung der gebräuchlichen Arbeiten (Teil I),</LA></DD> <DT>2.</DT><DD Font="normal"><LA Size="normal">die Prüfung der erforderlichen fachtheoretischen Kenntnisse (Teil II),</LA></DD> <DT>3.</DT><DD Font="normal"><LA Size="normal">die Prüfung der erforderlichen betriebswirtschaftlichen, kaufmännischen und rechtlichen Kenntnisse (Teil III) und</LA></DD> <DT>4.</DT><DD Font="normal"><LA Size="normal">die Prüfung der erforderlichen berufs- und arbeitspädagogischen Kenntnisse (Teil V).</LA></DD> </DL> </P><P>(2) Für die Meisterprüfung in Teil I im Feinwerkmechaniker-Handwerk werden die Schwerpunkte Maschinenbau, Werkzeugbau und Feinmechanik gebildet; der Prüfling hat einen dieser Schwerpunkte auszuwählen.</P></Content></text></textdaten></norm>
<norm builddate="20241206222501" doknr="BJNR048700001BJNE000300305"><metadaten><jurabk>FeinwerkMechMstrV</jurabk><enbez>§ 2</enbez><titel format="parat">Meisterprüfungsberufsbild</titel></metadaten><textdaten><text format="XML"><Content><P>(1) Durch die Meisterprüfung im Feinwerkmechaniker-Handwerk wird festgestellt, dass der Prüfling befähigt ist, einen Handwerksbetrieb selbständig zu führen, Leitungsaufgaben in den Bereichen Technik, Betriebswirtschaft, Personalführung und -entwicklung wahrzunehmen, die Ausbildung durchzuführen und seine berufliche Handlungskompetenz selbständig umzusetzen und an neue Bedarfslagen in diesen Bereichen anzupassen.</P><P>(2) Allen Schwerpunkten im Feinwerkmechaniker-Handwerk werden zum Zwecke der Meisterprüfung folgende gemeinsame Tätigkeiten, Kenntnisse und Fertigkeiten als ganzheitliche Qualifikationen zugerechnet: <DL Font="normal" Type="arabic"><DT>1.</DT><DD Font="normal"><LA Size="normal">Kundenwünsche ermitteln, Kunden beraten, Auftragsverhandlungen führen und Auftragsziele festlegen, Leistungen kalkulieren und Angebote erstellen,</LA></DD> <DT>2.</DT><DD Font="normal"><LA Size="normal">Aufgaben der technischen und kaufmännischen Betriebsführung, der Betriebsorganisation, der Personalplanung und des Personaleinsatzes wahrnehmen, insbesondere unter Berücksichtigung der betrieblichen Aus- und Weiterbildung, des Qualitätsmanagements, der Haftung sowie des Arbeitsschutzes, der Arbeitssicherheit und des Umweltschutzes; Informationssysteme nutzen,</LA></DD> <DT>3.</DT><DD Font="normal"><LA Size="normal">Aufträge durchführen unter Berücksichtigung von Fertigungstechniken, Normen, Vorschriften sowie des Personalbedarfs und der Ausbildung; Auftragsbearbeitung und Auftragsabwicklung organisieren, planen und überwachen,</LA></DD> <DT>4.</DT><DD Font="normal"><LA Size="normal">technische Arbeitspläne und -prozesse, Skizzen und technische Zeichnungen, insbesondere unter Einsatz von rechnergestützten Systemen erstellen,</LA></DD> <DT>5.</DT><DD Font="normal"><LA Size="normal">Werkstücke unter Berücksichtigung von Festigkeit, Statik und Dynamik herstellen,</LA></DD> <DT>6.</DT><DD Font="normal"><LA Size="normal">Werkstoffe entsprechend ihrer Arten und Eigenschaften verarbeiten; Verfahren zur Oberflächenbehandlung und Stoffeigenschaftsänderung bei der Planung, Konstruktion und Fertigung berücksichtigen,</LA></DD> <DT>7.</DT><DD Font="normal"><LA Size="normal">elektronische, elektrotechnische und hydraulische, pneumatische sowie steuerungstechnische Lösungen erarbeiten,</LA></DD> <DT>8.</DT><DD Font="normal"><LA Size="normal">manuelle, maschinelle und programmgesteuerte Be- und Verarbeitungsverfahren sowie Montage- und Fügetechniken beherrschen,</LA></DD> <DT>9.</DT><DD Font="normal"><LA Size="normal">Prüf- und Messtechniken unter Berücksichtigung von Mess- und Prüfplänen und Qualitätssicherung durchführen und Ergebnisse dokumentieren,</LA></DD> <DT>10.</DT><DD Font="normal"><LA Size="normal">Fehler- und Störungssuche durchführen, Maßnahmen zur Beseitigung von Fehlern und Störungen beherrschen, Ergebnisse bewerten und dokumentieren,</LA></DD> <DT>11.</DT><DD Font="normal"><LA Size="normal">Leistungen abnehmen und protokollieren, Nachkalkulation durchführen.</LA></DD> </DL> </P><P>(3) Den einzelnen Schwerpunkten im Feinwerkmechaniker-Handwerk werden zum Zwecke der Meisterprüfung folgende spezifische Tätigkeiten, Kenntnisse und Fertigkeiten als ganzheitliche Qualifikationen zugerechnet: <DL Font="normal" Type="arabic"><DT>1.</DT><DD Font="normal"><LA Size="normal">Schwerpunkt Maschinenbau:<DL Font="normal" Type="arabic"><DT>a)</DT><DD Font="normal"><LA Size="normal">Maschinen und Bauelemente herstellen, montieren, in Betrieb nehmen und instand halten,</LA></DD> <DT>b)</DT><DD Font="normal"><LA Size="normal">Prozessautomatisierung, insbesondere Montage- und Handhabungstechniken, planen, auswählen und anwenden,</LA></DD> <DT>c)</DT><DD Font="normal"><LA Size="normal">Transport- und Fördertechniken dem jeweiligen Verwendungszweck zuordnen und anwenden;</LA></DD> </DL></LA></DD> <DT>2.</DT><DD Font="normal"><LA Size="normal">Schwerpunkt Werkzeugbau:<DL Font="normal" Type="arabic"><DT>a)</DT><DD Font="normal"><LA Size="normal">Schnitt-, Stanz- und Umformwerkzeuge sowie Formwerkzeuge und Vorrichtungen planen, entwerfen, herstellen, montieren, in Betrieb nehmen und instand halten,</LA></DD> <DT>b)</DT><DD Font="normal"><LA Size="normal">Eigenschaften und Verhalten der zu verarbeitenden Werkstoffe berücksichtigen;</LA></DD> </DL></LA></DD> <DT>3.</DT><DD Font="normal"><LA Size="normal">Schwerpunkt Feinmechanik:<DL Font="normal" Type="arabic"><DT>a)</DT><DD Font="normal"><LA Size="normal">optische und mechanische Geräte sowie mechanische Komponenten von elektrotechnischen Geräten und Systemen planen, entwerfen, herstellen, montieren, in Betrieb nehmen und instand halten,</LA></DD> <DT>b)</DT><DD Font="normal"><LA Size="normal">Modelle und Versuchseinrichtungen planen, entwerfen, herstellen, montieren, in Betrieb nehmen und instand halten,</LA></DD> <DT>c)</DT><DD Font="normal"><LA Size="normal">Instrumente und Messgeräte herstellen, justieren und instand halten, dabei technische Besonderheiten berücksichtigen,</LA></DD> <DT>d)</DT><DD Font="normal"><LA Size="normal">Maschinen und Bearbeitungswerkzeuge den jeweiligen Anforderungen und Verwendungszwecken zuordnen.</LA></DD> </DL></LA></DD> </DL></P></Content> </text></textdaten></norm>
<norm builddate="20241206222501" doknr="BJNR048700001BJNE000400305"><metadaten><jurabk>FeinwerkMechMstrV</jurabk><enbez>§ 3</enbez><titel format="parat">Gliederung, Prüfungsdauer und Bestehen des Teils I</titel></metadaten><textdaten><text format="XML"><Content><P>(1) Der Teil I der Meisterprüfung umfasst als Prüfungsbereich ein Meisterprüfungsprojekt und ein darauf bezogenes Fachgespräch.</P><P>(2) Die Anfertigung des Meisterprüfungsprojekts soll nicht länger als acht Arbeitstage, das Fachgespräch nicht länger als 30 Minuten dauern.</P><P>(3) Das Meisterprüfungsprojekt und das Fachgespräch werden gesondert bewertet. Die Prüfungsleistungen im Meisterprüfungsprojekt und im Fachgespräch werden im Verhältnis 3:1 gewichtet. Hieraus wird eine Gesamtbewertung gebildet.</P><P>(4) Mindestvoraussetzung für das Bestehen des Teils I der Meisterprüfung ist eine insgesamt ausreichende Prüfungsleistung, wobei die Prüfung weder im Meisterprüfungsprojekt noch im Fachgespräch mit weniger als 30 Punkten bewertet worden sein darf.</P></Content>   </text></textdaten></norm>
<norm builddate="20241206222501" doknr="BJNR048700001BJNE000500305"><metadaten><jurabk>FeinwerkMechMstrV</jurabk><enbez>§ 4</enbez><titel format="parat">Meisterprüfungsprojekt</titel></metadaten><textdaten><text format="XML"><Content><P>(1) In dem von ihm gewählten Schwerpunkt hat der Prüfling ein Meisterprüfungsprojekt durchzuführen, das einem Kundenauftrag entspricht. Die konkrete Aufgabenstellung erfolgt durch den Meisterprüfungsausschuss. Die Vorschläge des Prüflings sollen dabei berücksichtigt werden. Vor der Durchführung des Meisterprüfungsprojekts hat der Prüfling den Entwurf, einschließlich einer Zeitplanung, dem Meisterprüfungsausschuss zur Genehmigung vorzulegen.</P><P>(2) Als Meisterprüfungsprojekt ist in dem gewählten Schwerpunkt eine der nachfolgenden Aufgaben durchzuführen. Die Aufgabe umfasst eine Werkstattzeichnung mit dazugehörigen Plänen, eine Kalkulation und einen Arbeitsplan, die Anfertigung des entsprechenden Produkts und ein Prüfprotokoll. <DL Font="normal" Type="arabic"><DT>1.</DT><DD Font="normal"><LA Size="normal">Schwerpunkt Maschinenbau:</LA><LA Size="normal">eine Maschine oder Komponente davon entwerfen, planen, kalkulieren und anfertigen,</LA></DD>  <DT>2.</DT><DD Font="normal"><LA Size="normal">Schwerpunkt Werkzeugbau:</LA><LA Size="normal">ein Schnitt-, Stanz- oder Umformwerkzeug, eine Form oder Vorrichtung oder Komponenten davon entwerfen, planen, kalkulieren und anfertigen,</LA></DD>  <DT>3.</DT><DD Font="normal"><LA Size="normal">Schwerpunkt Feinmechanik:</LA><LA Size="normal">ein Instrument oder Feingerät oder Komponenten davon, einschließlich steuerungstechnischer Elemente, entwerfen, planen, kalkulieren und anfertigen.</LA></DD>  </DL> </P><P>(3) Zum Nachweis der schwerpunktübergreifenden Qualifikationen ist bei der Anfertigung des Produkts nach Absatz 2 die spanende Bearbeitung mit programmgesteuerten Werkzeugmaschinen einschließlich der Erstellung und Optimierung eines computergesteuerten Programms durchzuführen.</P><P>(4) Die im Meisterprüfungsprojekt erbrachten Prüfungsleistungen der Werkstattzeichnung mit den dazugehörigen Plänen, der Kalkulation und des Arbeitsplans werden mit 40 vom Hundert, das angefertigte Produkt mit 50 vom Hundert und das Prüfprotokoll mit 10 vom Hundert gewichtet.</P></Content>  </text></textdaten></norm>
<norm builddate="20241206222501" doknr="BJNR048700001BJNE000600305"><metadaten><jurabk>FeinwerkMechMstrV</jurabk><enbez>§ 5</enbez><titel format="parat">Fachgespräch</titel></metadaten><textdaten><text format="XML"><Content><P>Auf der Grundlage der Prüfungsleistungen im Meisterprüfungsprojekt wird ein Fachgespräch geführt. Dabei soll der Prüfling zeigen, dass er die fachlichen Zusammenhänge aufzeigen kann, die dem Meisterprüfungsprojekt zugrunde liegen, den Ablauf des Meisterprüfungsprojekts begründen und mit dem Meisterprüfungsprojekt verbundene berufsbezogene Probleme sowie deren Lösungen darstellen kann und dabei in der Lage ist, neue Entwicklungen zu berücksichtigen.</P></Content></text></textdaten></norm>
<norm builddate="20241206222501" doknr="BJNR048700001BJNE000701360"><metadaten><jurabk>FeinwerkMechMstrV</jurabk><enbez>§ 6</enbez><titel format="XML">Gliederung, Prüfungsdauer und Bestehen des Teils II</titel></metadaten><textdaten><text format="XML"><Content><P>(1) Durch die Prüfung in Teil II soll der Prüfling durch Verknüpfung technologischer, ablauf- und verfahrenstechnischer, werkstofftechnischer und mathematischer Kenntnisse nachweisen, dass er Probleme analysieren und bewerten sowie geeignete Lösungswege aufzeigen und dokumentieren kann.</P><P>(2) Prüfungsfächer sind: <DL Font="normal" Type="arabic"><DT>1.</DT><DD Font="normal"><LA Size="normal">Feinwerktechnik,</LA></DD><DT>2.</DT><DD Font="normal"><LA Size="normal">Auftragsabwicklung,</LA></DD><DT>3.</DT><DD Font="normal"><LA Size="normal">Betriebsführung und Betriebsorganisation.</LA></DD></DL></P><P>(3) In jedem der Prüfungsfächer ist mindestens eine Aufgabe zu bearbeiten, die fallorientiert sein muss.<DL Font="normal" Type="arabic"><DT>1.</DT><DD Font="normal"><LA Size="normal">Feinwerktechnik:</LA><LA Size="normal">Der Prüfling soll nachweisen, dass er in der Lage ist, feinwerktechnische Aufgaben und Probleme unter Beachtung wirtschaftlicher und ökologischer Aspekte in einem Feinwerkmechanikerbetrieb zu bearbeiten. Er soll feinwerktechnische Sachverhalte beurteilen und beschreiben. Bei der Aufgabenstellung sollen jeweils mehrere der nachfolgend aufgeführten Qualifikationen verknüpft werden:<DL Font="normal" Type="arabic"><DT>a)</DT><DD Font="normal"><LA Size="normal">Maschinen sowie deren Bauteile und Baugruppen, Geräte, Werkzeuge, technische Modelle oder Versuchseinrichtungen entwerfen und berechnen oder Konstruktionsentwürfe bewerten oder korrigieren,</LA></DD><DT>b)</DT><DD Font="normal"><LA Size="normal">Elemente der Prozessautomatisierung und -mechanisierung sowie der Transport- und Fördertechnik unterscheiden und beurteilen,</LA></DD><DT>c)</DT><DD Font="normal"><LA Size="normal">Eigenschaften und Verhalten zu verarbeitender Werkstoffe beurteilen und Verwendungszwecken zuordnen,</LA></DD><DT>d)</DT><DD Font="normal"><LA Size="normal">Probleme der Materialbe- und -verarbeitung sowie des Fügens beschreiben, Lösungen erarbeiten, bewerten oder korrigieren,</LA></DD><DT>e)</DT><DD Font="normal"><LA Size="normal">Lösungen für Problemstellungen im Bereich der Steuerungstechnik erarbeiten, bewerten oder korrigieren,</LA></DD><DT>f)</DT><DD Font="normal"><LA Size="normal">Prüf- und Messtechniken sowie Verfahren der Funktionsprüfungen und Fehlersuche dem jeweiligen Verwendungszweck zuordnen,</LA></DD><DT>g)</DT><DD Font="normal"><LA Size="normal">Verfahren zur Oberflächenbehandlung und Stoffeigenschaftsänderung dem jeweiligen Verwendungszweck zuordnen,</LA></DD></DL></LA></DD><DT>2.</DT><DD Font="normal"><LA Size="normal">Auftragsabwicklung:</LA><LA Size="normal">Der Prüfling soll nachweisen, dass er in der Lage ist, bei der Auftragsabwicklung die ablauftechnischen Maßnahmen, die für den technischen und wirtschaftlichen Erfolg in einem Feinwerkmechanikerbetrieb notwendig sind, kundenorientiert einzuleiten und abzuschließen. Bei der Aufgabenstellung sollen jeweils mehrere der nachfolgend aufgeführten Qualifikationen verknüpft werden:<DL Font="normal" Type="arabic"><DT>a)</DT><DD Font="normal"><LA Size="normal">Auftragsabwicklungsprozesse planen,</LA></DD><DT>b)</DT><DD Font="normal"><LA Size="normal">unter Berücksichtigung der Fertigungstechnik, der Montage sowie des Einsatzes von Material, Geräten und Personal Methoden und Verfahren der Arbeitsplanung und -organisation bewerten, dabei qualitätssichernde Aspekte darstellen sowie die Vor- und Nachkalkulation durchführen,</LA></DD><DT>c)</DT><DD Font="normal"><LA Size="normal">technische Arbeitspläne, insbesondere unter Anwendung von elektronischen Datenverarbeitungssystemen, erarbeiten, bewerten und korrigieren.</LA></DD></DL></LA></DD><DT>3.</DT><DD Font="normal"><LA Size="normal">Betriebsführung und Betriebsorganisation:</LA><LA Size="normal">Der Prüfling soll nachweisen, das er in der Lage ist, Aufgaben der Betriebsführung und Betriebsorganisation in einem Feinwerkmechanikerbetrieb wahrzunehmen. Bei der Aufgabenstellung sollen jeweils mehrere der nachfolgend aufgeführten Qualifikationen verknüpft werden:<DL Font="normal" Type="arabic"><DT>a)</DT><DD Font="normal"><LA Size="normal">betriebliche Kosten ermitteln, dabei betriebswirtschaftliche Zusammenhänge berücksichtigen,</LA></DD><DT>b)</DT><DD Font="normal"><LA Size="normal">Informations- und Kommunikationssysteme in Bezug auf ihre betrieblichen Einsatzmöglichkeiten beurteilen,</LA></DD><DT>c)</DT><DD Font="normal"><LA Size="normal">betriebliches Qualitätsmanagement planen und darstellen,</LA></DD><DT>d)</DT><DD Font="normal"><LA Size="normal">berufsbezogene Gesetze, Normen, Regeln und Vorschriften anwenden,</LA></DD><DT>e)</DT><DD Font="normal"><LA Size="normal">die Haftung bei der Herstellung, der Instandhaltung und bei Dienstleistungen beurteilen,</LA></DD><DT>f)</DT><DD Font="normal"><LA Size="normal">Erfordernisse der Arbeitssicherheit, des Gesundheitsschutzes und des Umweltschutzes darstellen; Gefährdung beurteilen und Maßnahmen zur Gefährdungsabwehr festlegen,</LA></DD><DT>g)</DT><DD Font="normal"><LA Size="normal">Betriebs- und Lagerausstattung sowie Logistik planen und darstellen,</LA></DD><DT>h)</DT><DD Font="normal"><LA Size="normal">Marketingmaßnahmen zur Kundenpflege und zur Gewinnung neuer Kunden beschreiben.</LA></DD></DL></LA></DD></DL></P><P>(4) Die Prüfung im Teil II ist schriftlich durchzuführen. Sie soll insgesamt nicht länger als acht Stunden dauern. Eine Prüfungsdauer von sechs Stunden täglich darf nicht überschritten werden.</P><P>(5) Wurden in höchstens zwei der in Absatz 2 genannten Prüfungsfächer jeweils mindestens 30 und weniger als 50 Punkte erreicht, kann in einem dieser Prüfungsfächer eine mündliche Ergänzungsprüfung durchgeführt werden, wenn diese das Bestehen des Teils II der Meisterprüfung ermöglicht.</P><P>(6) Mindestvoraussetzung für das Bestehen des Teils II der Meisterprüfung ist eine insgesamt ausreichende Prüfungsleistung. Die Prüfung des Teils II ist nicht bestanden, wenn <DL Font="normal" Type="arabic"><DT>1.</DT><DD Font="normal"><LA Size="normal">ein Prüfungsfach mit weniger als 30 Punkten bewertet worden ist oder</LA></DD><DT>2.</DT><DD Font="normal"><LA Size="normal">nach durchgeführter Ergänzungsprüfung zwei Prüfungsfächer jeweils mit weniger als 50 Punkten bewertet worden sind.</LA></DD></DL></P></Content></text><fussnoten><Content><P>(+++ § 6 Abs. 5 u. 6: Zur Anwendung vgl. § 8 +++)</P></Content></fussnoten></textdaten></norm>
<norm builddate="20241206222501" doknr="BJNR048700001BJNE000802128"><metadaten><jurabk>FeinwerkMechMstrV</jurabk><enbez>§ 7</enbez><titel format="XML">Allgemeine Prüfungs- und Verfahrensregelungen, weitere Regelungen zur Meisterprüfung</titel></metadaten><textdaten><text format="XML"><Content><P>(1) Die Vorschriften der Meisterprüfungsverfahrensverordnung bleiben unberührt.</P><P>(2) Die Prüfung in den Teilen III und IV der Meisterprüfung bestimmt sich nach der Allgemeinen Meisterprüfungsverordnung vom 26. Oktober 2011 (BGBl. I S. 2149) in der jeweils geltenden Fassung.</P></Content></text><fussnoten/></textdaten></norm>
<norm builddate="20241206222501" doknr="BJNR048700001BJNE000901360"><metadaten><jurabk>FeinwerkMechMstrV</jurabk><enbez>§ 8</enbez><titel format="XML">Übergangsvorschrift</titel></metadaten><textdaten><text format="XML"><Content><P>Die Regelungen des § 6 Absatz 5 und 6 gelten nicht für die bis zum 31. Dezember 2011 begonnenen Prüfungsverfahren. Diese werden nach den bisherigen Vorschriften zu Ende geführt.</P></Content></text><fussnoten/></textdaten></norm>
<norm builddate="20241206222501" doknr="BJNR048700001BJNE001000305"><metadaten><jurabk>FeinwerkMechMstrV</jurabk><enbez>§ 9</enbez><titel format="parat">Inkrafttreten, Außerkrafttreten</titel></metadaten><textdaten><text format="XML"><Content><P>Diese Verordnung tritt am 1. Juli 2001 in Kraft.</P></Content></text><fussnoten/></textdaten></norm>
</dokumente>