<?xml version="1.0" encoding="UTF-8" ?><!DOCTYPE dokumente SYSTEM "http://www.gesetze-im-internet.de/dtd/1.01/gii-norm.dtd">
<dokumente builddate="20241231222213" doknr="BJNR046200018"><norm builddate="20241231222213" doknr="BJNR046200018"><metadaten><jurabk>AltGZustAnO</jurabk><amtabk>AltGZustAnO</amtabk><ausfertigung-datum manuell="ja">2018-04-09</ausfertigung-datum><fundstelle typ="amtlich"><periodikum>BGBl I</periodikum><zitstelle>2018, 462</zitstelle></fundstelle><kurzue>Altersgeldzuständigkeitsanordnung</kurzue><langue>Anordnung zur Übertragung von Zuständigkeiten auf den Gebieten des Altersgeldes für freiwillig aus dem Bundesdienst ausscheidende Beamte, Richter und Berufssoldaten sowie des Versorgungsausgleichs der mit Altersgeldanspruch aus dem Bundesdienst ausgeschiedenen Beamten, Richtern und Berufssoldaten</langue><standangabe checked="ja"><standtyp>Stand</standtyp><standkommentar>Geändert durch Art. 67 G v. 20.8.2021 I 3932</standkommentar></standangabe></metadaten><textdaten><fussnoten><Content><P><BR/> <pre xml:space="preserve">(+++ Textnachweis ab: 1.1.2018 +++)<BR/><BR/></pre></P></Content></fussnoten></textdaten></norm>
<norm builddate="20241231222213" doknr="BJNR046200018BJNE000100000"><metadaten><jurabk>AltGZustAnO</jurabk><enbez>Eingangsformel</enbez></metadaten><textdaten><text format="XML"><Content><P>Nach <DL Type="Dash"><DT>–</DT><DD Font="normal"><LA>§ 49 Absatz 1 Satz 2 des Beamtenversorgungsgesetzes in der Fassung der Bekanntmachung vom 24. Februar 2010 (BGBl. I S. 150) in Verbindung mit § 10 Absatz 5 des Altersgeldgesetzes vom 28. August 2013 (BGBl. I S. 3386),</LA></DD><DT>–</DT><DD Font="normal"><LA>§ 46 Absatz 1 Satz 2 und 3 des Soldatenversorgungsgesetzes in der Fassung der Bekanntmachung vom 16. September 2009 (BGBl. I S. 3054), Satz 3 neu gefasst durch Artikel 7 Nummer 1 des Gesetzes vom 11. Juni 2013 (BGBl. I S. 1514), in Verbindung mit § 2 Absatz 3 Satz 1 und § 10 Absatz 5 des Altersgeldgesetzes vom 28. August 2013 (BGBl. I S. 3386),</LA></DD><DT>–</DT><DD Font="normal"><LA>§ 126 Absatz 3 und § 127 Absatz 3 des Bundesbeamtengesetzes in der Fassung der Bekanntmachung vom 5. Februar 2009 (BGBl. I S. 160),</LA></DD><DT>–</DT><DD Font="normal"><LA>§ 82 Absatz 3 und 4 des Soldatengesetzes, Absatz 4 angefügt durch Artikel 6 Nummer 2 des Gesetzes vom 11. Juni 2013 (BGBl. I S. 1514),</LA></DD></DL>ordnet das Bundesministerium der Finanzen im Einvernehmen mit dem Bundesministerium des Innern, für Bau und Heimat sowie den anderen in der Anlage genannten obersten Dienstbehörden und den in der Anlage genannten Körperschaften, Anstalten und Stiftungen des öffentlichen Rechts an:</P></Content></text></textdaten></norm>
<norm builddate="20241231222213" doknr="BJNR046200018BJNE000200000"><metadaten><jurabk>AltGZustAnO</jurabk><enbez>§ 1</enbez><titel format="XML">Gegenstand</titel></metadaten><textdaten><text format="XML"><Content><P>Diese Anordnung regelt die Zuständigkeit für <DL Font="normal" Indent="5" Type="arabic"><DT>1.</DT><DD Font="normal"><LA Size="normal">die Festsetzung der Leistungen nach dem Altersgeldgesetz,</LA></DD><DT>2.</DT><DD Font="normal"><LA Size="normal">Maßnahmen im Zusammenhang mit dem Versorgungsausgleich und die Durchführung des Bundesversorgungsteilungsgesetzes, wenn Anspruch auf Altersgeld besteht,</LA></DD><DT>3.</DT><DD Font="normal"><LA Size="normal">die Versorgungslastenteilung, wenn Anspruch auf Altersgeld besteht,</LA></DD><DT>4.</DT><DD Font="normal"><LA Size="normal">weitere Aufgaben, die im Zusammenhang mit den Aufgaben nach den Nummern 1 bis 3 stehen, und</LA></DD><DT>5.</DT><DD Font="normal"><LA Size="normal">die Entscheidung über Widersprüche und die Vertretung des Dienstherrn bei Klagen aus den in den Nummern 1 bis 4 genannten Bereichen.</LA></DD></DL></P></Content></text></textdaten></norm>
<norm builddate="20241231222213" doknr="BJNR046200018BJNE000301311"><metadaten><jurabk>AltGZustAnO</jurabk><enbez>§ 2</enbez><titel format="XML">Festsetzung der Leistungen nach dem Altersgeldgesetz</titel></metadaten><textdaten><text format="XML"><Content><P>(1) Die Zuständigkeit der obersten Dienstbehörde für die Festsetzung des Altersgeldes und des Hinterbliebenenaltersgeldes nach § 49 Absatz 1 Satz 1 des Beamtenversorgungsgesetzes in Verbindung mit § 10 Absatz 5 des Altersgeldgesetzes oder nach § 63 Absatz 1 Satz 1 des Soldatenversorgungsgesetzes in Verbindung mit § 2 Absatz 3 Satz 1 und § 10 Absatz 5 des Altersgeldgesetzes sowie die Zuständigkeit für die Erteilung von Altersgeldauskünften nach § 49 Absatz 10 des Beamtenversorgungsgesetzes in Verbindung mit § 10 Absatz 7 Satz 1 des Altersgeldgesetzes oder nach § 63 Absatz 8 des Soldatenversorgungsgesetzes in Verbindung mit § 2 Absatz 3 Satz 1 und § 10 Absatz 5 des Altersgeldgesetzes wird auf die Service-Center der Generalzolldirektion (Service-Center) übertragen, soweit in dieser Anordnung nichts Abweichendes geregelt ist.</P><P>(2) Die Service-Center sind nicht befugt, <DL Font="normal" Indent="5" Type="arabic"><DT>1.</DT><DD Font="normal"><LA Size="normal">Entscheidungen zu treffen, die eine grundsätzliche, über den Einzelfall hinausgehende Bedeutung haben oder die nur von der obersten Dienstbehörde getroffen werden können, sowie</LA></DD><DT>2.</DT><DD Font="normal"><LA Size="normal">über den Entzug des Altersgeldes nach § 62 Absatz 3 des Beamtenversorgungsgesetzes in Verbindung mit § 10 Absatz 5 des Altersgeldgesetzes oder nach § 81 Absatz 4 des Soldatenversorgungsgesetzes in Verbindung mit § 2 Absatz 3 Satz 1 und § 10 Absatz 5 des Altersgeldgesetzes zu entscheiden.</LA></DD></DL></P></Content></text><fussnoten/></textdaten></norm>
<norm builddate="20241231222213" doknr="BJNR046200018BJNE000400000"><metadaten><jurabk>AltGZustAnO</jurabk><enbez>§ 3</enbez><titel format="XML">Versorgungsausgleich und Durchführung des Bundesversorgungsteilungsgesetzes</titel></metadaten><textdaten><text format="XML"><Content><P>Besteht ein Anspruch auf Altersgeld, sind die Service-Center zuständig für <DL Font="normal" Indent="5" Type="arabic"><DT>1.</DT><DD Font="normal"><LA Size="normal">die Erteilung von Auskünften an die Familiengerichte nach § 220 des Gesetzes über das Verfahren in Familiensachen und in den Angelegenheiten der freiwilligen Gerichtsbarkeit,</LA></DD><DT>2.</DT><DD Font="normal"><LA Size="normal">die Festsetzung des Kapitalbetrags nach § 15 Absatz 3 des Altersgeldgesetzes,</LA></DD><DT>3.</DT><DD Font="normal"><LA Size="normal">die Erstattung von Aufwendungen des Trägers der Rentenversicherung nach § 225 Absatz 1 Satz 1 des Sechsten Buches Sozialgesetzbuch auf Grund von Rentenanwartschaften, die durch Entscheidung des Familiengerichts begründet worden sind, und</LA></DD><DT>4.</DT><DD Font="normal"><LA Size="normal">die Durchführung des Bundesversorgungsteilungsgesetzes, insbesondere für Zahlungen an die ausgleichsberechtigte Person nach § 2 Absatz 3 des Bundesversorgungsteilungsgesetzes auf Grund der Übertragung von Anrechten nach § 10 Absatz 1 des Versorgungsausgleichsgesetzes sowie für Rückforderungen zu viel gezahlter Leistungen nach § 4 des Bundesversorgungsteilungsgesetzes.</LA></DD></DL>Abweichend von Satz 1 sind die obersten Dienstbehörden bis zur ersten Festsetzung des Altersgeldes zuständig, wenn ihnen diese obliegt.</P></Content></text></textdaten></norm>
<norm builddate="20241231222213" doknr="BJNR046200018BJNE000501311"><metadaten><jurabk>AltGZustAnO</jurabk><enbez>§ 4</enbez><titel format="XML">Versorgungslastenteilung</titel></metadaten><textdaten><text format="XML"><Content><P>Die Service-Center sind zuständig für die Durchführung der Versorgungslastenteilung nach § 107b des Beamtenversorgungsgesetzes in Verbindung mit § 16 des Altersgeldgesetzes oder nach § 110 des Soldatenversorgungsgesetzes in Verbindung mit § 2 Absatz 3 Satz 1 und § 10 Absatz 5 des Altersgeldgesetzes, insbesondere für die Erstattung und Geltendmachung von Versorgungslasten.</P></Content></text><fussnoten/></textdaten></norm>
<norm builddate="20241231222213" doknr="BJNR046200018BJNE000600000"><metadaten><jurabk>AltGZustAnO</jurabk><enbez>§ 5</enbez><titel format="XML">Besonderheiten für das Bundeskanzleramt</titel></metadaten><textdaten><text format="XML"><Content><P>Beim Bundeskanzleramt verbleibt die Zuständigkeit für <DL Font="normal" Indent="5" Type="arabic"><DT>1.</DT><DD Font="normal"><LA Size="normal">die Erteilung von Altersgeldauskünften nach § 49 Absatz 10 des Beamtenversorgungsgesetzes in Verbindung mit § 10 Absatz 7 des Altersgeldgesetzes,</LA></DD><DT>2.</DT><DD Font="normal"><LA Size="normal">die Festsetzung der altersgeldfähigen Dienstbezüge und der altersgeldfähigen Dienstzeit nach § 10 Absatz 1 des Altersgeldgesetzes,</LA></DD><DT>3.</DT><DD Font="normal"><LA Size="normal">die erste Festsetzung des Altersgeldes nach § 49 Absatz 1 Satz 1 des Beamtenversorgungsgesetzes in Verbindung mit § 10 Absatz 5 des Altersgeldgesetzes sowie</LA></DD><DT>4.</DT><DD Font="normal"><LA Size="normal">die Entscheidung, ob von der Möglichkeit nach § 49 Absatz 6 des Beamtenversorgungsgesetzes in Verbindung mit § 10 Absatz 5 des Altersgeldgesetzes Gebrauch gemacht wird.</LA></DD></DL></P></Content></text></textdaten></norm>
<norm builddate="20241231222213" doknr="BJNR046200018BJNE000700000"><metadaten><jurabk>AltGZustAnO</jurabk><enbez>§ 6</enbez><titel format="XML">Besonderheiten für das Bundesministerium für Wirtschaft und Energie</titel></metadaten><textdaten><text format="XML"><Content><P>Beim Bundesministerium für Wirtschaft und Energie verbleibt nur für die Angehörigen des Ministeriums die Zuständigkeit für <DL Font="normal" Indent="5" Type="arabic"><DT>1.</DT><DD Font="normal"><LA Size="normal">die Erteilung von Altersgeldauskünften nach § 49 Absatz 10 des Beamtenversorgungsgesetzes in Verbindung mit § 10 Absatz 7 des Altersgeldgesetzes,</LA></DD><DT>2.</DT><DD Font="normal"><LA Size="normal">die Festsetzung der altersgeldfähigen Dienstbezüge und der altersgeldfähigen Dienstzeit nach § 10 Absatz 1 des Altersgeldgesetzes sowie</LA></DD><DT>3.</DT><DD Font="normal"><LA Size="normal">die erste Festsetzung des Altersgeldes nach § 49 Absatz 1 Satz 1 des Beamtenversorgungsgesetzes in Verbindung mit § 10 Absatz 5 des Altersgeldgesetzes.</LA></DD></DL></P></Content></text></textdaten></norm>
<norm builddate="20241231222213" doknr="BJNR046200018BJNE000800000"><metadaten><jurabk>AltGZustAnO</jurabk><enbez>§ 7</enbez><titel format="XML">Besonderheiten für das Bundesministerium der Verteidigung</titel></metadaten><textdaten><text format="XML"><Content><P>Beim Bundesministerium der Verteidigung verbleibt die Zuständigkeit für <DL Font="normal" Indent="5" Type="arabic"><DT>1.</DT><DD Font="normal"><LA Size="normal">die Feststellung der altersgeldfähigen Dienstzeit, wenn <DL Font="normal" Indent="5" Type="alpha"><DT>a)</DT><DD Font="normal"><LA Size="normal">das der Berechnung des Altersgeldes zugrundeliegende letzte Amt mindestens der Besoldungsgruppe B 6 zugeordnet ist oder war oder</LA></DD><DT>b)</DT><DD Font="normal"><LA Size="normal">Angehörige des Amtes für Militärkunde oder des Bundesamtes für den Militärischen Abschirmdienst oder deren Hinterbliebene Leistungen nach dem Altersgeldgesetz in Anspruch nehmen wollen, sowie</LA></DD></DL></LA></DD><DT>2.</DT><DD Font="normal"><LA Size="normal">die Bearbeitung nichtförmlicher Rechtsbehelfe, wenn ressortspezifische Belange betroffen sind.</LA></DD></DL></P></Content></text></textdaten></norm>
<norm builddate="20241231222213" doknr="BJNR046200018BJNE000900000"><metadaten><jurabk>AltGZustAnO</jurabk><enbez>§ 8</enbez><titel format="XML">Besonderheiten für das Bundesministerium für Bildung und Forschung</titel></metadaten><textdaten><text format="XML"><Content><P>Beim Bundesministerium für Bildung und Forschung verbleibt nur für die Angehörigen des Ministeriums die Zuständigkeit für <DL Font="normal" Indent="5" Type="arabic"><DT>1.</DT><DD Font="normal"><LA Size="normal">die Erteilung von Altersgeldauskünften nach § 49 Absatz 10 des Beamtenversorgungsgesetzes in Verbindung mit § 10 Absatz 7 des Altersgeldgesetzes,</LA></DD><DT>2.</DT><DD Font="normal"><LA Size="normal">die Festsetzung der altersgeldfähigen Dienstbezüge und der altersgeldfähigen Dienstzeit nach § 10 Absatz 1 des Altersgeldgesetzes sowie</LA></DD><DT>3.</DT><DD Font="normal"><LA Size="normal">die erste Festsetzung des Altersgeldes nach § 49 Absatz 1 Satz 1 des Beamtenversorgungsgesetzes in Verbindung mit § 10 Absatz 5 des Altersgeldgesetzes.</LA></DD></DL></P></Content></text></textdaten></norm>
<norm builddate="20241231222213" doknr="BJNR046200018BJNE001000000"><metadaten><jurabk>AltGZustAnO</jurabk><enbez>§ 9</enbez><titel format="XML">Besonderheiten für den Bundesrechnungshof</titel></metadaten><textdaten><text format="XML"><Content><P>Beim Bundesrechnungshof verbleibt die Zuständigkeit für <DL Font="normal" Indent="5" Type="arabic"><DT>1.</DT><DD Font="normal"><LA Size="normal">die Erteilung von Altersgeldauskünften nach § 49 Absatz 10 des Beamtenversorgungsgesetzes in Verbindung mit § 10 Absatz 7 des Altersgeldgesetzes,</LA></DD><DT>2.</DT><DD Font="normal"><LA Size="normal">die Festsetzung der altersgeldfähigen Dienstbezüge und der altersgeldfähigen Dienstzeit nach § 10 Absatz 1 des Altersgeldgesetzes sowie</LA></DD><DT>3.</DT><DD Font="normal"><LA Size="normal">die erste Festsetzung des Altersgeldes nach § 49 Absatz 1 Satz 1 des Beamtenversorgungsgesetzes in Verbindung mit § 10 Absatz 5 des Altersgeldgesetzes.</LA></DD></DL></P></Content></text></textdaten></norm>
<norm builddate="20241231222213" doknr="BJNR046200018BJNE001100000"><metadaten><jurabk>AltGZustAnO</jurabk><enbez>§ 10</enbez><titel format="XML">Örtliche Zuständigkeit</titel></metadaten><textdaten><text format="XML"><Content><P>(1) Für die Aufgaben nach den §§ 2 bis 4 ist, vorbehaltlich des Absatzes 2, das Service-Center Dresden zuständig.</P><P>(2) Für die nach den §§ 2 bis 4 den Service-Centern übertragenen Aufgaben des Bundesministeriums der Verteidigung ist <DL Font="normal" Indent="5" Type="arabic"><DT>1.</DT><DD Font="normal"><LA Size="normal">das Service-Center Düsseldorf zuständig, wenn zuletzt eine der Außenstellen des Bundesverwaltungsamtes in Düsseldorf, Hannover oder Kiel für die Besoldungssachbearbeitung zuständig war,</LA></DD><DT>2.</DT><DD Font="normal"><LA Size="normal">das Service-Center Stuttgart zuständig, wenn zuletzt eine der Außenstellen des Bundesverwaltungsamtes in München, Strausberg, Stuttgart oder Wiesbaden für die Besoldungssachbearbeitung zuständig war.</LA></DD></DL>Abweichend von Satz 1 Nummer 1 ist das Service-<NB>Center</NB> Stuttgart auch für die aus der ehemaligen Volksmarine der Deutschen Demokratischen Republik übernommenen Berufssoldaten zuständig.</P></Content></text></textdaten></norm>
<norm builddate="20241231222213" doknr="BJNR046200018BJNE001200000"><metadaten><jurabk>AltGZustAnO</jurabk><enbez>§ 11</enbez><titel format="XML">Entscheidung über Widersprüche sowie Vertretung des Dienstherrn bei Klagen aus den in den §§ 2 bis 4 genannten Bereichen</titel></metadaten><textdaten><text format="XML"><Content><P>(1) Die Befugnis zur Entscheidung über Widersprüche in den in den §§ 2 bis 4 genannten Bereichen wird den Service-Centern übertragen, wenn sie die Maßnahme getroffen haben.</P><P>(2) Die Vertretung des Dienstherrn bei Klagen aus den in den §§ 2 bis 4 genannten Bereichen wird den Service-Centern übertragen, wenn sie nach Absatz 1 zur Entscheidung über Widersprüche befugt sind.</P><P>(3) Das Bundesministerium der Verteidigung oder die von ihm bestimmte Stelle leistet den Service-<NB>Centern</NB> in Rechtsbehelfsverfahren die erforderliche Amtshilfe und stellt insbesondere die erforderlichen Unterlagen zur Verfügung, soweit ihm <DL Font="normal" Indent="5" Type="arabic"><DT>1.</DT><DD Font="normal"><LA Size="normal">die Entscheidungen im Zusammenhang mit übertragenen Aufgaben vorbehalten sind und</LA></DD><DT>2.</DT><DD Font="normal"><LA Size="normal">die Service-Center für den Erlass des entsprechenden Verwaltungsaktes zuständig sind.</LA></DD></DL></P><P>(4) Den obersten Dienstbehörden bleibt vorbehalten, <DL Font="normal" Indent="5" Type="arabic"><DT>1.</DT><DD Font="normal"><LA Size="normal">in Einzelfällen nach Absatz 1 selbst zu entscheiden und</LA></DD><DT>2.</DT><DD Font="normal"><LA Size="normal">in Einzelfällen oder in Gruppen von Fällen nach Absatz 2 die Vertretung abweichend zu regeln oder die Vertretung selbst zu übernehmen.</LA></DD></DL></P></Content></text></textdaten></norm>
<norm builddate="20241231222213" doknr="BJNR046200018BJNE001300000"><metadaten><jurabk>AltGZustAnO</jurabk><enbez>§ 12</enbez><titel format="XML">Vorlagepflicht, Schriftverkehr</titel></metadaten><textdaten><text format="XML"><Content><P>(1) Die Service-Center legen die Fälle, in denen sie nicht entscheidungsbefugt sind, derjenigen obersten Dienstbehörde zur Entscheidung vor, die bis zum Ausscheiden für die altersgeldberechtigte Person zuständig ist oder war. Eine erforderliche Beteiligung des Bundesministeriums des Innern, für Bau und Heimat wird durch die oberste Dienstbehörde veranlasst.</P><P>(2) Die Service-Center führen den Schriftverkehr mit den zuständigen Stellen unmittelbar. Das Bundesministerium der Finanzen ist nachrichtlich zu beteiligen bei Fragen von grundsätzlicher Bedeutung oder bei Sachverhalten, die von allgemeinem Interesse auch für die altersgeldberechtigten Personen aus dem Geschäftsbereich des Bundesministeriums der Finanzen sind.</P></Content></text></textdaten></norm>
<norm builddate="20241231222213" doknr="BJNR046200018BJNE001400000"><metadaten><jurabk>AltGZustAnO</jurabk><enbez>§ 13</enbez><titel format="XML">Andere Rechtsgebiete</titel></metadaten><textdaten><text format="XML"><Content><P>Die Zuständigkeit für Aufgaben, die zwar im Zusammenhang mit dem Altersgeldgesetz stehen, aber schwerpunktmäßig andere Rechtsgebiete betreffen, bleibt unberührt.</P></Content></text></textdaten></norm>
<norm builddate="20241231222213" doknr="BJNR046200018BJNE001500000"><metadaten><jurabk>AltGZustAnO</jurabk><enbez>§ 14</enbez><titel format="XML">Inkrafttreten</titel></metadaten><textdaten><text format="XML"><Content><P>Diese Anordnung tritt mit Wirkung vom 1. Januar 2018 in Kraft.</P></Content></text></textdaten></norm>
<norm builddate="20241231222213" doknr="BJNR046200018BJNE001600000"><metadaten><jurabk>AltGZustAnO</jurabk><enbez>Anlage</enbez></metadaten><textdaten><text format="XML"><Content><P><noindex><kommentar typ="Fundstelle">(Fundstelle: BGBl. I 2018, 465 - 470)</kommentar></noindex></P><BR/><P><table colsep="1" frame="all" pgwide="1" tabstyle="Tabelle1" tocentry="%yes;"><tgroup align="left" char="" charoff="50" cols="9"><colspec colname="col1" colnum="1" colwidth="40*"/><colspec colname="col2" colnum="2" colwidth="27*"/><colspec colname="col3" colnum="3" colwidth="27*"/><colspec colname="col4" colnum="4" colwidth="26*"/><colspec colname="col5" colnum="5" colwidth="26*"/><colspec colname="col6" colnum="6" colwidth="26*"/><colspec colname="col7" colnum="7" colwidth="26*"/><colspec colname="col8" colnum="8" colwidth="26*"/><colspec colname="col9" colnum="9" colwidth="27*"/><thead valign="bottom"><row rowsep="1"><entry VJ="1" align="center" colname="col1" valign="middle"/><entry VJ="1" align="center" colname="col2" valign="middle">Festsetzung <BR/>nach § 10 Abs. 1 AltGG <BR/>und Altersgeldauskunft <BR/>nach § 10 Abs. 7 AltGG</entry><entry VJ="1" align="center" colname="col3" valign="middle">Erste Festsetzung <BR/>des Altersgeldes<FnR ID="F802441_01_BJNR046200018BJNE001600000"/> bzw. <BR/>Hinterbliebenenaltersgeldes<FnR ID="F802441_02_BJNR046200018BJNE001600000"/></entry><entry VJ="1" align="center" colname="col4" valign="middle">Folgeregelungen<FnR ID="F802441_03_BJNR046200018BJNE001600000"/><BR/>und Auszahlung</entry><entry VJ="1" align="center" colname="col5" valign="middle">Rückforderung <BR/>nach § 52 Abs. 2 <BR/>BeamtVG i. V. m. <BR/>§ 10 Abs. 5 AltGG<FnR ID="F802441_04_BJNR046200018BJNE001600000"/></entry><entry VJ="1" align="center" colname="col6" valign="middle">Versorgungs-<BR/>lastenteilung</entry><entry VJ="1" align="center" colname="col7" valign="middle">Versorgungs-<BR/>ausgleich <BR/>und Durchführung <BR/>des BVersTG</entry><entry VJ="1" align="center" colname="col8" valign="middle">Widersprüche</entry><entry VJ="1" align="center" colname="col9" valign="middle">Klagen</entry></row><row rowsep="1"><entry VJ="1" align="center" colname="col1" valign="middle">1</entry><entry VJ="1" align="center" colname="col2" valign="middle">2</entry><entry VJ="1" align="center" colname="col3" valign="middle">3</entry><entry VJ="1" align="center" colname="col4" valign="middle">4</entry><entry VJ="1" align="center" colname="col5" valign="middle">5</entry><entry VJ="1" align="center" colname="col6" valign="middle">6</entry><entry VJ="1" align="center" colname="col7" valign="middle">7</entry><entry VJ="1" align="center" colname="col8" valign="middle">8</entry><entry VJ="1" align="center" colname="col9" valign="middle">9</entry></row></thead><tbody valign="top"><row><entry VJ="1" colname="col1" rowsep="0"><B>1. <BR/>Bundespräsidialamt</B></entry><entry VJ="1" colname="col2" rowsep="0"> <BR/>Service-Center Dresden</entry><entry VJ="1" colname="col3" rowsep="0"> <BR/>Service-Center Dresden</entry><entry VJ="1" colname="col4" rowsep="0"> <BR/>Service-Center Dresden</entry><entry VJ="1" colname="col5" rowsep="0"> <BR/>Service-Center Dresden</entry><entry VJ="1" colname="col6" rowsep="0"> <BR/>Service-Center Dresden</entry><entry VJ="1" colname="col7" rowsep="0"> <BR/>Service-Center Dresden</entry><entry VJ="1" colname="col8" rowsep="0"> <BR/>Service-Center Dresden</entry><entry VJ="1" colname="col9" rowsep="0"> <BR/>Service-Center Dresden</entry></row><row><entry VJ="1" colname="col1" rowsep="0"><B>2. <BR/>Verwaltung des <BR/>Deutschen Bundestages</B></entry><entry VJ="1" colname="col2" rowsep="0"> <BR/>Service-Center Dresden</entry><entry VJ="1" colname="col3" rowsep="0"> <BR/>Service-Center Dresden</entry><entry VJ="1" colname="col4" rowsep="0"> <BR/>Service-Center Dresden</entry><entry VJ="1" colname="col5" rowsep="0"> <BR/>Service-Center Dresden</entry><entry VJ="1" colname="col6" rowsep="0"> <BR/>Service-Center Dresden</entry><entry VJ="1" colname="col7" rowsep="0"> <BR/>Service-Center Dresden</entry><entry VJ="1" colname="col8" rowsep="0"> <BR/>Service-Center Dresden</entry><entry VJ="1" colname="col9" rowsep="0"> <BR/>Service-Center Dresden</entry></row><row><entry VJ="1" colname="col1" rowsep="0"><B>3. <BR/>Verwaltung des <BR/>Bundesrates</B></entry><entry VJ="1" colname="col2" rowsep="0"> <BR/>Service-Center Dresden</entry><entry VJ="1" colname="col3" rowsep="0"> <BR/>Service-Center Dresden</entry><entry VJ="1" colname="col4" rowsep="0"> <BR/>Service-Center Dresden</entry><entry VJ="1" colname="col5" rowsep="0"> <BR/>Service-Center Dresden</entry><entry VJ="1" colname="col6" rowsep="0"> <BR/>Service-Center Dresden</entry><entry VJ="1" colname="col7" rowsep="0"> <BR/>Service-Center Dresden</entry><entry VJ="1" colname="col8" rowsep="0"> <BR/>Service-Center Dresden</entry><entry VJ="1" colname="col9" rowsep="0"> <BR/>Service-Center Dresden</entry></row><row><entry VJ="1" colname="col1" rowsep="0"><B>4. <BR/>Bundesverfassungsgericht</B></entry><entry VJ="1" colname="col2" rowsep="0"> <BR/>Service-Center Dresden</entry><entry VJ="1" colname="col3" rowsep="0"> <BR/>Service-Center Dresden</entry><entry VJ="1" colname="col4" rowsep="0"> <BR/>Service-Center Dresden</entry><entry VJ="1" colname="col5" rowsep="0"> <BR/>Service-Center Dresden</entry><entry VJ="1" colname="col6" rowsep="0"> <BR/>Service-Center Dresden</entry><entry VJ="1" colname="col7" rowsep="0"> <BR/>Service-Center Dresden</entry><entry VJ="1" colname="col8" rowsep="0"> <BR/>Service-Center Dresden</entry><entry VJ="1" colname="col9" rowsep="0"> <BR/>Service-Center Dresden</entry></row><row><entry VJ="1" colname="col1" rowsep="0"><B>5. <BR/>Bundeskanzleramt</B></entry><entry VJ="1" colname="col2" rowsep="0"> <BR/>Bundeskanzleramt</entry><entry VJ="1" colname="col3" rowsep="0"> <BR/>Bundeskanzleramt</entry><entry VJ="1" colname="col4" rowsep="0"> <BR/>Service-Center Dresden</entry><entry VJ="1" colname="col5" rowsep="0"> <BR/>Service-Center Dresden</entry><entry VJ="1" colname="col6" rowsep="0"> <BR/>Service-Center Dresden</entry><entry VJ="1" colname="col7" rowsep="0"> <BR/>bis zur Erstfest-setzung wie 3, <BR/>danach Service-Center Dresden</entry><entry VJ="1" colname="col8" rowsep="0"> <BR/>Behörde, die den Verwaltungsakt <BR/>erlassen hat</entry><entry VJ="1" colname="col9" rowsep="0"> <BR/>Behörde, die zur Entscheidung <BR/>über den Widerspruch befugt ist</entry></row><row><entry VJ="1" colname="col1" rowsep="0">5.1 <BR/>unmittelbar nachgeordneter <BR/>Bereich</entry><entry VJ="1" colname="col2" rowsep="0"> <BR/>Bundeskanzleramt</entry><entry VJ="1" colname="col3" rowsep="0"> <BR/>Bundeskanzleramt</entry><entry VJ="1" colname="col4" rowsep="0"> <BR/>Service-Center Dresden</entry><entry VJ="1" colname="col5" rowsep="0"> <BR/>Service-Center Dresden</entry><entry VJ="1" colname="col6" rowsep="0"> <BR/>Service-Center Dresden</entry><entry VJ="1" colname="col7" rowsep="0"> <BR/>bis zur Erstfest-setzung wie 3, <BR/>danach Service-Center Dresden</entry><entry VJ="1" colname="col8" rowsep="0"> <BR/>Behörde, die den Verwaltungsakt <BR/>erlassen hat</entry><entry VJ="1" colname="col9" rowsep="0"> <BR/>Behörde, die zur Entscheidung <BR/>über den Widerspruch befugt ist</entry></row><row><entry VJ="1" colname="col1" rowsep="0"><B>6. <BR/>Auswärtiges Amt</B></entry><entry VJ="1" colname="col2" rowsep="0"> <BR/>Service-Center Dresden</entry><entry VJ="1" colname="col3" rowsep="0"> <BR/>Service-Center Dresden</entry><entry VJ="1" colname="col4" rowsep="0"> <BR/>Service-Center Dresden</entry><entry VJ="1" colname="col5" rowsep="0"> <BR/>Service-Center Dresden</entry><entry VJ="1" colname="col6" rowsep="0"> <BR/>Service-Center Dresden</entry><entry VJ="1" colname="col7" rowsep="0"> <BR/>Service-Center Dresden</entry><entry VJ="1" colname="col8" rowsep="0"> <BR/>Service-Center Dresden</entry><entry VJ="1" colname="col9" rowsep="0"> <BR/>Service-Center Dresden</entry></row><row><entry VJ="1" colname="col1" rowsep="0">6.1 <BR/>Deutsches Archäologisches <BR/>Institut</entry><entry VJ="1" colname="col2" rowsep="0"> <BR/>Service-Center Dresden</entry><entry VJ="1" colname="col3" rowsep="0"> <BR/>Service-Center Dresden</entry><entry VJ="1" colname="col4" rowsep="0"> <BR/>Service-Center Dresden</entry><entry VJ="1" colname="col5" rowsep="0"> <BR/>Service-Center Dresden</entry><entry VJ="1" colname="col6" rowsep="0"> <BR/>Service-Center Dresden</entry><entry VJ="1" colname="col7" rowsep="0"> <BR/>Service-Center Dresden</entry><entry VJ="1" colname="col8" rowsep="0"> <BR/>Service-Center Dresden</entry><entry VJ="1" colname="col9" rowsep="0"> <BR/>Service-Center Dresden</entry></row><row><entry VJ="1" colname="col1" rowsep="0"><B>7. <BR/>Bundesministerium des <BR/>lnnern, für Bau und Heimat</B></entry><entry VJ="1" colname="col2" rowsep="0"> <BR/>Service-Center Dresden</entry><entry VJ="1" colname="col3" rowsep="0"> <BR/>Service-Center Dresden</entry><entry VJ="1" colname="col4" rowsep="0"> <BR/>Service-Center Dresden</entry><entry VJ="1" colname="col5" rowsep="0"> <BR/>Service-Center Dresden</entry><entry VJ="1" colname="col6" rowsep="0"> <BR/>Service-Center Dresden</entry><entry VJ="1" colname="col7" rowsep="0"> <BR/>Service-Center Dresden</entry><entry VJ="1" colname="col8" rowsep="0"> <BR/>Service-Center Dresden</entry><entry VJ="1" colname="col9" rowsep="0"> <BR/>Service-Center Dresden</entry></row><row><entry VJ="1" colname="col1" rowsep="0">7.1 <BR/>unmittelbar nachgeordneter Bereich mit Ausnahme des Bundesamtes für Bauwesen und Raumordnung<FnR ID="F802441_05_BJNR046200018BJNE001600000"/></entry><entry VJ="1" colname="col2" rowsep="0"> <BR/>Service-Center Dresden</entry><entry VJ="1" colname="col3" rowsep="0"> <BR/>Service-Center Dresden</entry><entry VJ="1" colname="col4" rowsep="0"> <BR/>Service-Center Dresden</entry><entry VJ="1" colname="col5" rowsep="0"> <BR/>Service-Center Dresden</entry><entry VJ="1" colname="col6" rowsep="0"> <BR/>Service-Center Dresden</entry><entry VJ="1" colname="col7" rowsep="0"> <BR/>Service-Center Dresden</entry><entry VJ="1" colname="col8" rowsep="0"> <BR/>Service-Center Dresden</entry><entry VJ="1" colname="col9" rowsep="0"> <BR/>Service-Center Dresden</entry></row><row><entry VJ="1" colname="col1" rowsep="0"><B>8. <BR/>Bundesministerium der <BR/>Justiz und für <BR/>Verbraucherschutz</B></entry><entry VJ="1" colname="col2" rowsep="0"> <BR/>Service-Center Dresden</entry><entry VJ="1" colname="col3" rowsep="0"> <BR/>Service-Center Dresden</entry><entry VJ="1" colname="col4" rowsep="0"> <BR/>Service-Center Dresden</entry><entry VJ="1" colname="col5" rowsep="0"> <BR/>Service-Center Dresden</entry><entry VJ="1" colname="col6" rowsep="0"> <BR/>Service-Center Dresden</entry><entry VJ="1" colname="col7" rowsep="0"> <BR/>Service-Center Dresden</entry><entry VJ="1" colname="col8" rowsep="0"> <BR/>Service-Center Dresden</entry><entry VJ="1" colname="col9" rowsep="0"> <BR/>Service-Center Dresden</entry></row><row><entry VJ="1" colname="col1" rowsep="0">8.1 <BR/>Gerichte/unmittelbar <BR/>nachgeordneter Bereich</entry><entry VJ="1" colname="col2" rowsep="0"> <BR/>Service-Center Dresden</entry><entry VJ="1" colname="col3" rowsep="0"> <BR/>Service-Center Dresden</entry><entry VJ="1" colname="col4" rowsep="0"> <BR/>Service-Center Dresden</entry><entry VJ="1" colname="col5" rowsep="0"> <BR/>Service-Center Dresden</entry><entry VJ="1" colname="col6" rowsep="0"> <BR/>Service-Center Dresden</entry><entry VJ="1" colname="col7" rowsep="0"> <BR/>Service-Center Dresden</entry><entry VJ="1" colname="col8" rowsep="0"> <BR/>Service-Center Dresden</entry><entry VJ="1" colname="col9" rowsep="0"> <BR/>Service-Center Dresden</entry></row><row><entry VJ="1" colname="col1" rowsep="0"><B>9. <BR/>Bundesministerium der <BR/>Finanzen</B></entry><entry VJ="1" colname="col2" rowsep="0"> <BR/>Service-Center Dresden</entry><entry VJ="1" colname="col3" rowsep="0"> <BR/>Service-Center Dresden</entry><entry VJ="1" colname="col4" rowsep="0"> <BR/>Service-Center Dresden</entry><entry VJ="1" colname="col5" rowsep="0"> <BR/>Service-Center Dresden</entry><entry VJ="1" colname="col6" rowsep="0"> <BR/>Service-Center Dresden</entry><entry VJ="1" colname="col7" rowsep="0"> <BR/>Service-Center Dresden</entry><entry VJ="1" colname="col8" rowsep="0"> <BR/>Service-Center Dresden</entry><entry VJ="1" colname="col9" rowsep="0"> <BR/>Service-Center Dresden</entry></row><row><entry VJ="1" colname="col1" rowsep="0">9.1 <BR/>unmittelbar nachgeordneter Bereich</entry><entry VJ="1" colname="col2" rowsep="0"> <BR/>Service-Center Dresden</entry><entry VJ="1" colname="col3" rowsep="0"> <BR/>Service-Center Dresden</entry><entry VJ="1" colname="col4" rowsep="0"> <BR/>Service-Center Dresden</entry><entry VJ="1" colname="col5" rowsep="0"> <BR/>Service-Center Dresden</entry><entry VJ="1" colname="col6" rowsep="0"> <BR/>Service-Center Dresden</entry><entry VJ="1" colname="col7" rowsep="0"> <BR/>Service-Center Dresden</entry><entry VJ="1" colname="col8" rowsep="0"> <BR/>Service-Center Dresden</entry><entry VJ="1" colname="col9" rowsep="0"> <BR/>Service-Center Dresden</entry></row><row><entry VJ="1" colname="col1" rowsep="0">9.2 <BR/>Museumsstiftung Post <BR/>und Telekommunikation</entry><entry VJ="1" colname="col2" rowsep="0"> <BR/>Service-Center Dresden</entry><entry VJ="1" colname="col3" rowsep="0"> <BR/>Service-Center Dresden</entry><entry VJ="1" colname="col4" rowsep="0"> <BR/>Service-Center Dresden</entry><entry VJ="1" colname="col5" rowsep="0"> <BR/>Service-Center Dresden</entry><entry VJ="1" colname="col6" rowsep="0"> <BR/>Service-Center Dresden</entry><entry VJ="1" colname="col7" rowsep="0"> <BR/>Service-Center Dresden</entry><entry VJ="1" colname="col8" rowsep="0"> <BR/>Service-Center Dresden</entry><entry VJ="1" colname="col9" rowsep="0"> <BR/>Service-Center Dresden</entry></row><row><entry VJ="1" colname="col1" rowsep="0">9.3 <BR/>Bundesanstalt für <BR/>Immobilienaufgaben</entry><entry VJ="1" colname="col2" rowsep="0"> <BR/>Service-Center Dresden</entry><entry VJ="1" colname="col3" rowsep="0"> <BR/>Service-Center Dresden</entry><entry VJ="1" colname="col4" rowsep="0"> <BR/>Service-Center Dresden</entry><entry VJ="1" colname="col5" rowsep="0"> <BR/>Service-Center Dresden</entry><entry VJ="1" colname="col6" rowsep="0"> <BR/>Service-Center Dresden</entry><entry VJ="1" colname="col7" rowsep="0"> <BR/>Service-Center Dresden</entry><entry VJ="1" colname="col8" rowsep="0"> <BR/>Service-Center Dresden</entry><entry VJ="1" colname="col9" rowsep="0"> <BR/>Service-Center Dresden</entry></row><row><entry VJ="1" colname="col1" rowsep="0"><B>10. <BR/>Bundesministerium für Wirtschaft und Energie</B></entry><entry VJ="1" colname="col2" rowsep="0"> <BR/>Bundesministerium für Wirtschaft und Energie</entry><entry VJ="1" colname="col3" rowsep="0"> <BR/>Bundesministerium für Wirtschaft und Energie</entry><entry VJ="1" colname="col4" rowsep="0"> <BR/>Service-Center Dresden</entry><entry VJ="1" colname="col5" rowsep="0"> <BR/>Service-Center Dresden</entry><entry VJ="1" colname="col6" rowsep="0"> <BR/>Service-Center Dresden</entry><entry VJ="1" colname="col7" rowsep="0"> <BR/>bis zur Erstfest-setzung wie 3, <BR/>danach Service-Center Dresden</entry><entry VJ="1" colname="col8" rowsep="0"> <BR/>Behörde, die den Verwaltungsakt <BR/>erlassen hat</entry><entry VJ="1" colname="col9" rowsep="0"> <BR/>Behörde, die zur Entscheidung <BR/>über den Widerspruch befugt ist</entry></row><row><entry VJ="1" colname="col1" rowsep="0">10.1 <BR/>unmittelbar nachgeordneter Bereich</entry><entry VJ="1" colname="col2" rowsep="0"> <BR/>Service-Center Dresden</entry><entry VJ="1" colname="col3" rowsep="0"> <BR/>Service-Center Dresden</entry><entry VJ="1" colname="col4" rowsep="0"> <BR/>Service-Center Dresden</entry><entry VJ="1" colname="col5" rowsep="0"> <BR/>Service-Center Dresden</entry><entry VJ="1" colname="col6" rowsep="0"> <BR/>Service-Center Dresden</entry><entry VJ="1" colname="col7" rowsep="0"> <BR/>Service-Center Dresden</entry><entry VJ="1" colname="col8" rowsep="0"> <BR/>Service-Center Dresden</entry><entry VJ="1" colname="col9" rowsep="0"> <BR/>Service-Center Dresden</entry></row><row><entry VJ="1" colname="col1" rowsep="0"><B>11. <BR/>Bundesministerium für <BR/>Arbeit und Soziales</B></entry><entry VJ="1" colname="col2" rowsep="0"> <BR/>Service-Center Dresden</entry><entry VJ="1" colname="col3" rowsep="0"> <BR/>Service-Center Dresden</entry><entry VJ="1" colname="col4" rowsep="0"> <BR/>Service-Center Dresden</entry><entry VJ="1" colname="col5" rowsep="0"> <BR/>Service-Center Dresden</entry><entry VJ="1" colname="col6" rowsep="0"> <BR/>Service-Center Dresden</entry><entry VJ="1" colname="col7" rowsep="0"> <BR/>Service-Center Dresden</entry><entry VJ="1" colname="col8" rowsep="0"> <BR/>Service-Center Dresden</entry><entry VJ="1" colname="col9" rowsep="0"> <BR/>Service-Center Dresden</entry></row><row><entry VJ="1" colname="col1" rowsep="0">11.1 <BR/>Gerichte/unmittelbar <BR/>nachgeordneter Bereich</entry><entry VJ="1" colname="col2" rowsep="0"> <BR/>Service-Center Dresden</entry><entry VJ="1" colname="col3" rowsep="0"> <BR/>Service-Center Dresden</entry><entry VJ="1" colname="col4" rowsep="0"> <BR/>Service-Center Dresden</entry><entry VJ="1" colname="col5" rowsep="0"> <BR/>Service-Center Dresden</entry><entry VJ="1" colname="col6" rowsep="0"> <BR/>Service-Center Dresden</entry><entry VJ="1" colname="col7" rowsep="0"> <BR/>Service-Center Dresden</entry><entry VJ="1" colname="col8" rowsep="0"> <BR/>Service-Center Dresden</entry><entry VJ="1" colname="col9" rowsep="0"> <BR/>Service-Center Dresden</entry></row><row><entry VJ="1" colname="col1" rowsep="0">11.2 <BR/>Unfallversicherung Bund <BR/>und Bahn</entry><entry VJ="1" colname="col2" rowsep="0"> <BR/>Service-Center Dresden</entry><entry VJ="1" colname="col3" rowsep="0"> <BR/>Service-Center Dresden</entry><entry VJ="1" colname="col4" rowsep="0"> <BR/>Service-Center Dresden</entry><entry VJ="1" colname="col5" rowsep="0"> <BR/>Service-Center Dresden</entry><entry VJ="1" colname="col6" rowsep="0"> <BR/>Service-Center Dresden</entry><entry VJ="1" colname="col7" rowsep="0"> <BR/>Service-Center Dresden</entry><entry VJ="1" colname="col8" rowsep="0"> <BR/>Service-Center Dresden</entry><entry VJ="1" colname="col9" rowsep="0"> <BR/>Service-Center Dresden</entry></row><row><entry VJ="1" colname="col1" rowsep="0">11.3 <BR/>Ehemalige Unfallkasse Post und Telekom<FnR ID="F802441_06_BJNR046200018BJNE001600000"/></entry><entry VJ="1" colname="col2" rowsep="0"> <BR/>Service-Center Dresden</entry><entry VJ="1" colname="col3" rowsep="0"> <BR/>Service-Center Dresden</entry><entry VJ="1" colname="col4" rowsep="0"> <BR/>Service-Center Dresden</entry><entry VJ="1" colname="col5" rowsep="0"> <BR/>Service-Center Dresden</entry><entry VJ="1" colname="col6" rowsep="0"> <BR/>Service-Center Dresden</entry><entry VJ="1" colname="col7" rowsep="0"> <BR/>Service-Center Dresden</entry><entry VJ="1" colname="col8" rowsep="0"> <BR/>Service-Center Dresden</entry><entry VJ="1" colname="col9" rowsep="0"> <BR/>Service-Center Dresden</entry></row><row><entry VJ="1" colname="col1" rowsep="0"><B>12. <BR/>Bundesministerium für <BR/>Ernährung und <BR/>Landwirtschaft</B></entry><entry VJ="1" colname="col2" rowsep="0"> <BR/>Service-Center Dresden</entry><entry VJ="1" colname="col3" rowsep="0"> <BR/>Service-Center Dresden</entry><entry VJ="1" colname="col4" rowsep="0"> <BR/>Service-Center Dresden</entry><entry VJ="1" colname="col5" rowsep="0"> <BR/>Service-Center Dresden</entry><entry VJ="1" colname="col6" rowsep="0"> <BR/>Service-Center Dresden</entry><entry VJ="1" colname="col7" rowsep="0"> <BR/>Service-Center Dresden</entry><entry VJ="1" colname="col8" rowsep="0"> <BR/>Service-Center Dresden</entry><entry VJ="1" colname="col9" rowsep="0"> <BR/>Service-Center Dresden</entry></row><row><entry VJ="1" colname="col1" rowsep="0">12.1 <BR/>unmittelbar nachgeordneter Bereich</entry><entry VJ="1" colname="col2" rowsep="0"> <BR/>Service-Center Dresden</entry><entry VJ="1" colname="col3" rowsep="0"> <BR/>Service-Center Dresden</entry><entry VJ="1" colname="col4" rowsep="0"> <BR/>Service-Center Dresden</entry><entry VJ="1" colname="col5" rowsep="0"> <BR/>Service-Center Dresden</entry><entry VJ="1" colname="col6" rowsep="0"> <BR/>Service-Center Dresden</entry><entry VJ="1" colname="col7" rowsep="0"> <BR/>Service-Center Dresden</entry><entry VJ="1" colname="col8" rowsep="0"> <BR/>Service-Center Dresden</entry><entry VJ="1" colname="col9" rowsep="0"> <BR/>Service-Center Dresden</entry></row><row><entry VJ="1" colname="col1" rowsep="0">12.2 <BR/>Bundesanstalt für <BR/>Landwirtschaft und Ernährung</entry><entry VJ="1" colname="col2" rowsep="0"> <BR/>Service-Center Dresden</entry><entry VJ="1" colname="col3" rowsep="0"> <BR/>Service-Center Dresden</entry><entry VJ="1" colname="col4" rowsep="0"> <BR/>Service-Center Dresden</entry><entry VJ="1" colname="col5" rowsep="0"> <BR/>Service-Center Dresden</entry><entry VJ="1" colname="col6" rowsep="0"> <BR/>Service-Center Dresden</entry><entry VJ="1" colname="col7" rowsep="0"> <BR/>Service-Center Dresden</entry><entry VJ="1" colname="col8" rowsep="0"> <BR/>Service-Center Dresden</entry><entry VJ="1" colname="col9" rowsep="0"> <BR/>Service-Center Dresden</entry></row><row><entry VJ="1" colname="col1" rowsep="0">12.3 <BR/>Bundesinstitut für <BR/>Risikobewertung</entry><entry VJ="1" colname="col2" rowsep="0"> <BR/>Service-Center Dresden</entry><entry VJ="1" colname="col3" rowsep="0"> <BR/>Service-Center Dresden</entry><entry VJ="1" colname="col4" rowsep="0"> <BR/>Service-Center Dresden</entry><entry VJ="1" colname="col5" rowsep="0"> <BR/>Service-Center Dresden</entry><entry VJ="1" colname="col6" rowsep="0"> <BR/>Service-Center Dresden</entry><entry VJ="1" colname="col7" rowsep="0"> <BR/>Service-Center Dresden</entry><entry VJ="1" colname="col8" rowsep="0"> <BR/>Service-Center Dresden</entry><entry VJ="1" colname="col9" rowsep="0"> <BR/>Service-Center Dresden</entry></row><row><entry VJ="1" colname="col1" rowsep="0"><B>13. <BR/>Bundesministerium der <BR/>Verteidigung</B></entry><entry VJ="1" colname="col2" rowsep="0"> <BR/>Service-Center Düsseldorf<FnR ID="F802441_07_BJNR046200018BJNE001600000"/></entry><entry VJ="1" colname="col3" rowsep="0"> <BR/>Service-Center Düsseldorf<SUP>7</SUP></entry><entry VJ="1" colname="col4" rowsep="0"> <BR/>Service-Center Düsseldorf<SUP>7</SUP></entry><entry VJ="1" colname="col5" rowsep="0"> <BR/>Service-Center Düsseldorf<SUP>7</SUP></entry><entry VJ="1" colname="col6" rowsep="0"> <BR/>Service-Center Düsseldorf<SUP>7</SUP></entry><entry VJ="1" colname="col7" rowsep="0"> <BR/>Service-Center Düsseldorf<SUP>7</SUP></entry><entry VJ="1" colname="col8" rowsep="0"> <BR/>Service-Center Düsseldorf<SUP>7</SUP></entry><entry VJ="1" colname="col9" rowsep="0"> <BR/>Service-Center Düsseldorf<SUP>7</SUP></entry></row><row><entry VJ="1" colname="col1" rowsep="0"/><entry VJ="1" colname="col2" rowsep="0">oder</entry><entry VJ="1" colname="col3" rowsep="0">oder</entry><entry VJ="1" colname="col4" rowsep="0">oder</entry><entry VJ="1" colname="col5" rowsep="0">oder</entry><entry VJ="1" colname="col6" rowsep="0">oder</entry><entry VJ="1" colname="col7" rowsep="0">oder</entry><entry VJ="1" colname="col8" rowsep="0">oder</entry><entry VJ="1" colname="col9" rowsep="0">oder</entry></row><row><entry VJ="1" colname="col1" rowsep="0"/><entry VJ="1" colname="col2" rowsep="0">Service-Center Stuttgart<SUP>7</SUP></entry><entry VJ="1" colname="col3" rowsep="0">Service-Center Stuttgart<SUP>7</SUP></entry><entry VJ="1" colname="col4" rowsep="0">Service-Center Stuttgart<SUP>7</SUP></entry><entry VJ="1" colname="col5" rowsep="0">Service-Center Stuttgart<SUP>7</SUP></entry><entry VJ="1" colname="col6" rowsep="0">Service-Center Stuttgart<SUP>7</SUP></entry><entry VJ="1" colname="col7" rowsep="0">Service-Center Stuttgart<SUP>7</SUP></entry><entry VJ="1" colname="col8" rowsep="0">Service-Center Stuttgart<SUP>7</SUP></entry><entry VJ="1" colname="col9" rowsep="0">Service-Center Stuttgart<SUP>7</SUP></entry></row><row><entry VJ="1" colname="col1" rowsep="0">13.1 <BR/>unmittelbar nachgeordneter Bereich</entry><entry VJ="1" colname="col2" rowsep="0"> <BR/>Service-Center Düsseldorf<SUP>7</SUP></entry><entry VJ="1" colname="col3" rowsep="0"> <BR/>Service-Center Düsseldorf<SUP>7</SUP></entry><entry VJ="1" colname="col4" rowsep="0"> <BR/>Service-Center Düsseldorf<SUP>7</SUP></entry><entry VJ="1" colname="col5" rowsep="0"> <BR/>Service-Center Düsseldorf<SUP>7</SUP></entry><entry VJ="1" colname="col6" rowsep="0"> <BR/>Service-Center Düsseldorf<SUP>7</SUP></entry><entry VJ="1" colname="col7" rowsep="0"> <BR/>Service-Center Düsseldorf<SUP>7</SUP></entry><entry VJ="1" colname="col8" rowsep="0"> <BR/>Service-Center Düsseldorf<SUP>7</SUP></entry><entry VJ="1" colname="col9" rowsep="0"> <BR/>Service-Center Düsseldorf<SUP>7</SUP></entry></row><row><entry VJ="1" colname="col1" rowsep="0"/><entry VJ="1" colname="col2" rowsep="0">oder</entry><entry VJ="1" colname="col3" rowsep="0">oder</entry><entry VJ="1" colname="col4" rowsep="0">oder</entry><entry VJ="1" colname="col5" rowsep="0">oder</entry><entry VJ="1" colname="col6" rowsep="0">oder</entry><entry VJ="1" colname="col7" rowsep="0">oder</entry><entry VJ="1" colname="col8" rowsep="0">oder</entry><entry VJ="1" colname="col9" rowsep="0">oder</entry></row><row><entry VJ="1" colname="col1" rowsep="0"/><entry VJ="1" colname="col2" rowsep="0">Service-Center Stuttgart<SUP>7</SUP></entry><entry VJ="1" colname="col3" rowsep="0">Service-Center Stuttgart<SUP>7</SUP></entry><entry VJ="1" colname="col4" rowsep="0">Service-Center Stuttgart<SUP>7</SUP></entry><entry VJ="1" colname="col5" rowsep="0">Service-Center Stuttgart<SUP>7</SUP></entry><entry VJ="1" colname="col6" rowsep="0">Service-Center Stuttgart<SUP>7</SUP></entry><entry VJ="1" colname="col7" rowsep="0">Service-Center Stuttgart<SUP>7</SUP></entry><entry VJ="1" colname="col8" rowsep="0">Service-Center Stuttgart<SUP>7</SUP></entry><entry VJ="1" colname="col9" rowsep="0">Service-Center Stuttgart<SUP>7</SUP></entry></row><row><entry VJ="1" colname="col1" rowsep="0"><B>14. <BR/>Bundesministerium für <BR/>Familie, Senioren, Frauen und Jugend</B></entry><entry VJ="1" colname="col2" rowsep="0"> <BR/>Service-Center Dresden</entry><entry VJ="1" colname="col3" rowsep="0"> <BR/>Service-Center Dresden</entry><entry VJ="1" colname="col4" rowsep="0"> <BR/>Service-Center Dresden</entry><entry VJ="1" colname="col5" rowsep="0"> <BR/>Service-Center Dresden</entry><entry VJ="1" colname="col6" rowsep="0"> <BR/>Service-Center Dresden</entry><entry VJ="1" colname="col7" rowsep="0"> <BR/>Service-Center Dresden</entry><entry VJ="1" colname="col8" rowsep="0"> <BR/>Service-Center Dresden</entry><entry VJ="1" colname="col9" rowsep="0"> <BR/>Service-Center Dresden</entry></row><row><entry VJ="1" colname="col1" rowsep="0">14.1 <BR/>unmittelbar nachgeordneter Bereich</entry><entry VJ="1" colname="col2" rowsep="0"> <BR/>Service-Center Dresden</entry><entry VJ="1" colname="col3" rowsep="0"> <BR/>Service-Center Dresden</entry><entry VJ="1" colname="col4" rowsep="0"> <BR/>Service-Center Dresden</entry><entry VJ="1" colname="col5" rowsep="0"> <BR/>Service-Center Dresden</entry><entry VJ="1" colname="col6" rowsep="0"> <BR/>Service-Center Dresden</entry><entry VJ="1" colname="col7" rowsep="0"> <BR/>Service-Center Dresden</entry><entry VJ="1" colname="col8" rowsep="0"> <BR/>Service-Center Dresden</entry><entry VJ="1" colname="col9" rowsep="0"> <BR/>Service-Center Dresden</entry></row><row><entry VJ="1" colname="col1" rowsep="0"><B>15. <BR/>Bundesministerium für <BR/>Gesundheit</B></entry><entry VJ="1" colname="col2" rowsep="0"> <BR/>Service-Center Dresden</entry><entry VJ="1" colname="col3" rowsep="0"> <BR/>Service-Center Dresden</entry><entry VJ="1" colname="col4" rowsep="0"> <BR/>Service-Center Dresden</entry><entry VJ="1" colname="col5" rowsep="0"> <BR/>Service-Center Dresden</entry><entry VJ="1" colname="col6" rowsep="0"> <BR/>Service-Center Dresden</entry><entry VJ="1" colname="col7" rowsep="0"> <BR/>Service-Center Dresden</entry><entry VJ="1" colname="col8" rowsep="0"> <BR/>Service-Center Dresden</entry><entry VJ="1" colname="col9" rowsep="0"> <BR/>Service-Center Dresden</entry></row><row><entry VJ="1" colname="col1" rowsep="0">15.1 <BR/>unmittelbar nachgeordneter Bereich</entry><entry VJ="1" colname="col2" rowsep="0"> <BR/>Service-Center Dresden</entry><entry VJ="1" colname="col3" rowsep="0"> <BR/>Service-Center Dresden</entry><entry VJ="1" colname="col4" rowsep="0"> <BR/>Service-Center Dresden</entry><entry VJ="1" colname="col5" rowsep="0"> <BR/>Service-Center Dresden</entry><entry VJ="1" colname="col6" rowsep="0"> <BR/>Service-Center Dresden</entry><entry VJ="1" colname="col7" rowsep="0"> <BR/>Service-Center Dresden</entry><entry VJ="1" colname="col8" rowsep="0"> <BR/>Service-Center Dresden</entry><entry VJ="1" colname="col9" rowsep="0"> <BR/>Service-Center Dresden</entry></row><row><entry VJ="1" colname="col1" rowsep="0"><B>16. <BR/>Bundesministerium für <BR/>Umwelt, Naturschutz und nukleare Sicherheit</B></entry><entry VJ="1" colname="col2" rowsep="0"> <BR/>Service-Center Dresden</entry><entry VJ="1" colname="col3" rowsep="0"> <BR/>Service-Center Dresden</entry><entry VJ="1" colname="col4" rowsep="0"> <BR/>Service-Center Dresden</entry><entry VJ="1" colname="col5" rowsep="0"> <BR/>Service-Center Dresden</entry><entry VJ="1" colname="col6" rowsep="0"> <BR/>Service-Center Dresden</entry><entry VJ="1" colname="col7" rowsep="0"> <BR/>Service-Center Dresden</entry><entry VJ="1" colname="col8" rowsep="0"> <BR/>Service-Center Dresden</entry><entry VJ="1" colname="col9" rowsep="0"> <BR/>Service-Center Dresden</entry></row><row><entry VJ="1" colname="col1" rowsep="0">16.1 <BR/>unmittelbar nachgeordneter Bereich</entry><entry VJ="1" colname="col2" rowsep="0"> <BR/>Service-Center Dresden</entry><entry VJ="1" colname="col3" rowsep="0"> <BR/>Service-Center Dresden</entry><entry VJ="1" colname="col4" rowsep="0"> <BR/>Service-Center Dresden</entry><entry VJ="1" colname="col5" rowsep="0"> <BR/>Service-Center Dresden</entry><entry VJ="1" colname="col6" rowsep="0"> <BR/>Service-Center Dresden</entry><entry VJ="1" colname="col7" rowsep="0"> <BR/>Service-Center Dresden</entry><entry VJ="1" colname="col8" rowsep="0"> <BR/>Service-Center Dresden</entry><entry VJ="1" colname="col9" rowsep="0"> <BR/>Service-Center Dresden</entry></row><row><entry VJ="1" colname="col1" rowsep="0"><B>17. <BR/>Bundesministerium für <BR/>Bildung und Forschung</B></entry><entry VJ="1" colname="col2" rowsep="0"> <BR/>Bundesministerium für Bildung und Forschung</entry><entry VJ="1" colname="col3" rowsep="0"> <BR/>Bundesministerium für Bildung und Forschung</entry><entry VJ="1" colname="col4" rowsep="0"> <BR/>Service-Center Dresden</entry><entry VJ="1" colname="col5" rowsep="0"> <BR/>Service-Center Dresden</entry><entry VJ="1" colname="col6" rowsep="0"> <BR/>Service-Center Dresden</entry><entry VJ="1" colname="col7" rowsep="0"> <BR/>bis zur Erstfest-setzung wie 3, <BR/>danach Service-Center Dresden</entry><entry VJ="1" colname="col8" rowsep="0"> <BR/>Behörde, die den Verwaltungsakt <BR/>erlassen hat</entry><entry VJ="1" colname="col9" rowsep="0"> <BR/>Behörde, die zur Entscheidung <BR/>über den Wider-spruch befugt ist</entry></row><row><entry VJ="1" colname="col1" rowsep="0">17.1 <BR/>Bundesinstitut für <BR/>Berufsbildung</entry><entry VJ="1" colname="col2" rowsep="0"> <BR/>Service-Center <BR/>Dresden</entry><entry VJ="1" colname="col3" rowsep="0"> <BR/>Service-Center Dresden</entry><entry VJ="1" colname="col4" rowsep="0"> <BR/>Service-Center Dresden</entry><entry VJ="1" colname="col5" rowsep="0"> <BR/>Service-Center Dresden</entry><entry VJ="1" colname="col6" rowsep="0"> <BR/>Service-Center Dresden</entry><entry VJ="1" colname="col7" rowsep="0"> <BR/>Service-Center Dresden</entry><entry VJ="1" colname="col8" rowsep="0"> <BR/>Service-Center Dresden</entry><entry VJ="1" colname="col9" rowsep="0"> <BR/>Service-Center Dresden</entry></row><row><entry VJ="1" colname="col1" rowsep="0"><B>18. <BR/>Bundesministerium <BR/>für wirtschaftliche <BR/>Zusammenarbeit und <BR/>Entwicklung</B></entry><entry VJ="1" colname="col2" rowsep="0"> <BR/>Service-Center Dresden</entry><entry VJ="1" colname="col3" rowsep="0"> <BR/>Service-Center Dresden</entry><entry VJ="1" colname="col4" rowsep="0"> <BR/>Service-Center Dresden</entry><entry VJ="1" colname="col5" rowsep="0"> <BR/>Service-Center Dresden</entry><entry VJ="1" colname="col6" rowsep="0"> <BR/>Service-Center Dresden</entry><entry VJ="1" colname="col7" rowsep="0"> <BR/>Service-Center Dresden</entry><entry VJ="1" colname="col8" rowsep="0"> <BR/>Service-Center Dresden</entry><entry VJ="1" colname="col9" rowsep="0"> <BR/>Service-Center Dresden</entry></row><row><entry VJ="1" colname="col1" rowsep="0"><B>19. <BR/>Presse- und <BR/>Informationsamt der <BR/>Bundesregierung</B></entry><entry VJ="1" colname="col2" rowsep="0"> <BR/>Service-Center Dresden</entry><entry VJ="1" colname="col3" rowsep="0"> <BR/>Service-Center Dresden</entry><entry VJ="1" colname="col4" rowsep="0"> <BR/>Service-Center Dresden</entry><entry VJ="1" colname="col5" rowsep="0"> <BR/>Service-Center Dresden</entry><entry VJ="1" colname="col6" rowsep="0"> <BR/>Service-Center Dresden</entry><entry VJ="1" colname="col7" rowsep="0"> <BR/>Service-Center Dresden</entry><entry VJ="1" colname="col8" rowsep="0"> <BR/>Service-Center Dresden</entry><entry VJ="1" colname="col9" rowsep="0"> <BR/>Service-Center Dresden</entry></row><row><entry VJ="1" colname="col1" rowsep="0"><B>20. <BR/>Die oder der Beauftragte der Bundesregierung für Kultur und Medien</B></entry><entry VJ="1" colname="col2" rowsep="0"> <BR/>Service-Center Dresden</entry><entry VJ="1" colname="col3" rowsep="0"> <BR/>Service-Center Dresden</entry><entry VJ="1" colname="col4" rowsep="0"> <BR/>Service-Center Dresden</entry><entry VJ="1" colname="col5" rowsep="0"> <BR/>Service-Center Dresden</entry><entry VJ="1" colname="col6" rowsep="0"> <BR/>Service-Center Dresden</entry><entry VJ="1" colname="col7" rowsep="0"> <BR/>Service-Center Dresden</entry><entry VJ="1" colname="col8" rowsep="0"> <BR/>Service-Center Dresden</entry><entry VJ="1" colname="col9" rowsep="0"> <BR/>Service-Center Dresden</entry></row><row><entry VJ="1" colname="col1" rowsep="0">20.1 <BR/>unmittelbar nachgeordneter Bereich</entry><entry VJ="1" colname="col2" rowsep="0"> <BR/>Service-Center Dresden</entry><entry VJ="1" colname="col3" rowsep="0"> <BR/>Service-Center Dresden</entry><entry VJ="1" colname="col4" rowsep="0"> <BR/>Service-Center Dresden</entry><entry VJ="1" colname="col5" rowsep="0"> <BR/>Service-Center Dresden</entry><entry VJ="1" colname="col6" rowsep="0"> <BR/>Service-Center Dresden</entry><entry VJ="1" colname="col7" rowsep="0"> <BR/>Service-Center Dresden</entry><entry VJ="1" colname="col8" rowsep="0"> <BR/>Service-Center Dresden</entry><entry VJ="1" colname="col9" rowsep="0"> <BR/>Service-Center Dresden</entry></row><row><entry VJ="1" colname="col1" rowsep="0">20.2 <BR/>Bundesanstalt Deutsche <BR/>Nationalbibliothek</entry><entry VJ="1" colname="col2" rowsep="0"> <BR/>Service-Center Dresden</entry><entry VJ="1" colname="col3" rowsep="0"> <BR/>Service-Center Dresden</entry><entry VJ="1" colname="col4" rowsep="0"> <BR/>Service-Center Dresden</entry><entry VJ="1" colname="col5" rowsep="0"> <BR/>Service-Center Dresden</entry><entry VJ="1" colname="col6" rowsep="0"> <BR/>Service-Center Dresden</entry><entry VJ="1" colname="col7" rowsep="0"> <BR/>Service-Center Dresden</entry><entry VJ="1" colname="col8" rowsep="0"> <BR/>Service-Center Dresden</entry><entry VJ="1" colname="col9" rowsep="0"> <BR/>Service-Center Dresden</entry></row><row><entry VJ="1" colname="col1" rowsep="0">20.3 <BR/>Stiftung <BR/>Haus der Geschichte der <BR/>Bundesrepublik Deutschland</entry><entry VJ="1" colname="col2" rowsep="0"> <BR/>Service-Center Dresden</entry><entry VJ="1" colname="col3" rowsep="0"> <BR/>Service-Center Dresden</entry><entry VJ="1" colname="col4" rowsep="0"> <BR/>Service-Center Dresden</entry><entry VJ="1" colname="col5" rowsep="0"> <BR/>Service-Center Dresden</entry><entry VJ="1" colname="col6" rowsep="0"> <BR/>Service-Center Dresden</entry><entry VJ="1" colname="col7" rowsep="0"> <BR/>Service-Center Dresden</entry><entry VJ="1" colname="col8" rowsep="0"> <BR/>Service-Center Dresden</entry><entry VJ="1" colname="col9" rowsep="0"> <BR/>Service-Center Dresden</entry></row><row><entry VJ="1" colname="col1" rowsep="0">20.4 <BR/>Stiftung Bundespräsident- <BR/>Theodor-Heuss-Haus</entry><entry VJ="1" colname="col2" rowsep="0"> <BR/>Service-Center Dresden</entry><entry VJ="1" colname="col3" rowsep="0"> <BR/>Service-Center Dresden</entry><entry VJ="1" colname="col4" rowsep="0"> <BR/>Service-Center Dresden</entry><entry VJ="1" colname="col5" rowsep="0"> <BR/>Service-Center Dresden</entry><entry VJ="1" colname="col6" rowsep="0"> <BR/>Service-Center Dresden</entry><entry VJ="1" colname="col7" rowsep="0"> <BR/>Service-Center Dresden</entry><entry VJ="1" colname="col8" rowsep="0"> <BR/>Service-Center Dresden</entry><entry VJ="1" colname="col9" rowsep="0"> <BR/>Service-Center Dresden</entry></row><row><entry VJ="1" colname="col1" rowsep="0">20.5 <BR/>Bundeskanzler-<BR/>Willy-Brandt-Stiftung</entry><entry VJ="1" colname="col2" rowsep="0"> <BR/>Service-Center Dresden</entry><entry VJ="1" colname="col3" rowsep="0"> <BR/>Service-Center Dresden</entry><entry VJ="1" colname="col4" rowsep="0"> <BR/>Service-Center Dresden</entry><entry VJ="1" colname="col5" rowsep="0"> <BR/>Service-Center Dresden</entry><entry VJ="1" colname="col6" rowsep="0"> <BR/>Service-Center Dresden</entry><entry VJ="1" colname="col7" rowsep="0"> <BR/>Service-Center Dresden</entry><entry VJ="1" colname="col8" rowsep="0"> <BR/>Service-Center Dresden</entry><entry VJ="1" colname="col9" rowsep="0"> <BR/>Service-Center Dresden</entry></row><row><entry VJ="1" colname="col1" rowsep="0">20.6 <BR/>Stiftung Bundeskanzler-<BR/>Adenauer-Haus</entry><entry VJ="1" colname="col2" rowsep="0"> <BR/>Service-Center Dresden</entry><entry VJ="1" colname="col3" rowsep="0"> <BR/>Service-Center Dresden</entry><entry VJ="1" colname="col4" rowsep="0"> <BR/>Service-Center Dresden</entry><entry VJ="1" colname="col5" rowsep="0"> <BR/>Service-Center Dresden</entry><entry VJ="1" colname="col6" rowsep="0"> <BR/>Service-Center Dresden</entry><entry VJ="1" colname="col7" rowsep="0"> <BR/>Service-Center Dresden</entry><entry VJ="1" colname="col8" rowsep="0"> <BR/>Service-Center Dresden</entry><entry VJ="1" colname="col9" rowsep="0"> <BR/>Service-Center Dresden</entry></row><row><entry VJ="1" colname="col1" rowsep="0">20.7 <BR/>Otto-von-Bismarck-Stiftung</entry><entry VJ="1" colname="col2" rowsep="0"> <BR/>Service-Center Dresden</entry><entry VJ="1" colname="col3" rowsep="0"> <BR/>Service-Center Dresden</entry><entry VJ="1" colname="col4" rowsep="0"> <BR/>Service-Center Dresden</entry><entry VJ="1" colname="col5" rowsep="0"> <BR/>Service-Center Dresden</entry><entry VJ="1" colname="col6" rowsep="0"> <BR/>Service-Center Dresden</entry><entry VJ="1" colname="col7" rowsep="0"> <BR/>Service-Center Dresden</entry><entry VJ="1" colname="col8" rowsep="0"> <BR/>Service-Center Dresden</entry><entry VJ="1" colname="col9" rowsep="0"> <BR/>Service-Center Dresden</entry></row><row><entry VJ="1" colname="col1" rowsep="0">20.8 <BR/>Stiftung <BR/>Jüdisches Museum Berlin</entry><entry VJ="1" colname="col2" rowsep="0"> <BR/>Service-Center Dresden</entry><entry VJ="1" colname="col3" rowsep="0"> <BR/>Service-Center Dresden</entry><entry VJ="1" colname="col4" rowsep="0"> <BR/>Service-Center Dresden</entry><entry VJ="1" colname="col5" rowsep="0"> <BR/>Service-Center Dresden</entry><entry VJ="1" colname="col6" rowsep="0"> <BR/>Service-Center Dresden</entry><entry VJ="1" colname="col7" rowsep="0"> <BR/>Service-Center Dresden</entry><entry VJ="1" colname="col8" rowsep="0"> <BR/>Service-Center Dresden</entry><entry VJ="1" colname="col9" rowsep="0"> <BR/>Service-Center Dresden</entry></row><row><entry VJ="1" colname="col1" rowsep="0">20.9 <BR/>Stiftung <BR/>Preußischer Kulturbesitz</entry><entry VJ="1" colname="col2" rowsep="0"> <BR/>Service-Center Dresden</entry><entry VJ="1" colname="col3" rowsep="0"> <BR/>Service-Center Dresden</entry><entry VJ="1" colname="col4" rowsep="0"> <BR/>Service-Center Dresden</entry><entry VJ="1" colname="col5" rowsep="0"> <BR/>Service-Center Dresden</entry><entry VJ="1" colname="col6" rowsep="0"> <BR/>Service-Center Dresden</entry><entry VJ="1" colname="col7" rowsep="0"> <BR/>Service-Center Dresden</entry><entry VJ="1" colname="col8" rowsep="0"> <BR/>Service-Center Dresden</entry><entry VJ="1" colname="col9" rowsep="0"> <BR/>Service-Center Dresden</entry></row><row><entry VJ="1" colname="col1" rowsep="0">20.10 <BR/>Stiftung <BR/>Deutsches Historisches <BR/>Museum</entry><entry VJ="1" colname="col2" rowsep="0"> <BR/>Service-Center Dresden</entry><entry VJ="1" colname="col3" rowsep="0"> <BR/>Service-Center Dresden</entry><entry VJ="1" colname="col4" rowsep="0"> <BR/>Service-Center Dresden</entry><entry VJ="1" colname="col5" rowsep="0"> <BR/>Service-Center Dresden</entry><entry VJ="1" colname="col6" rowsep="0"> <BR/>Service-Center Dresden</entry><entry VJ="1" colname="col7" rowsep="0"> <BR/>Service-Center Dresden</entry><entry VJ="1" colname="col8" rowsep="0"> <BR/>Service-Center Dresden</entry><entry VJ="1" colname="col9" rowsep="0"> <BR/>Service-Center Dresden</entry></row><row><entry VJ="1" colname="col1" rowsep="0">20.11 <BR/>Bundeskanzler-<BR/>Helmut-Schmidt-Stiftung</entry><entry VJ="1" colname="col2" rowsep="0"> <BR/>Service-Center Dresden</entry><entry VJ="1" colname="col3" rowsep="0"> <BR/>Service-Center Dresden</entry><entry VJ="1" colname="col4" rowsep="0"> <BR/>Service-Center Dresden</entry><entry VJ="1" colname="col5" rowsep="0"> <BR/>Service-Center Dresden</entry><entry VJ="1" colname="col6" rowsep="0"> <BR/>Service-Center Dresden</entry><entry VJ="1" colname="col7" rowsep="0"> <BR/>Service-Center Dresden</entry><entry VJ="1" colname="col8" rowsep="0"> <BR/>Service-Center Dresden</entry><entry VJ="1" colname="col9" rowsep="0"> <BR/>Service-Center Dresden</entry></row><row><entry VJ="1" colname="col1"><B>21. <BR/>Bundesrechnungshof</B></entry><entry VJ="1" colname="col2"> <BR/>Bundesrechnungshof</entry><entry VJ="1" colname="col3"> <BR/>Bundesrechnungshof</entry><entry VJ="1" colname="col4"> <BR/>Service-Center Dresden</entry><entry VJ="1" colname="col5"> <BR/>Service-Center Dresden</entry><entry VJ="1" colname="col6"> <BR/>Service-Center Dresden</entry><entry VJ="1" colname="col7"> <BR/>bis zur Erstfest-setzung wie 3, <BR/>danach Service-Center Dresden</entry><entry VJ="1" colname="col8"> <BR/>Behörde, die den Verwaltungsakt <BR/>erlassen hat</entry><entry VJ="1" colname="col9"> <BR/>Behörde, die zur Entscheidung <BR/>über den Widerspruch befugt ist</entry></row></tbody></tgroup></table></P><P><B>Fußnoten:</B></P><FnArea Line="0" Size="normal"><FnR ID="F802441_01_BJNR046200018BJNE001600000"/><FnR ID="F802441_02_BJNR046200018BJNE001600000"/><FnR ID="F802441_03_BJNR046200018BJNE001600000"/><FnR ID="F802441_04_BJNR046200018BJNE001600000"/><FnR ID="F802441_05_BJNR046200018BJNE001600000"/><FnR ID="F802441_06_BJNR046200018BJNE001600000"/><FnR ID="F802441_07_BJNR046200018BJNE001600000"/></FnArea></Content><Footnotes><Footnote FnZ="1" Group="manuell" ID="F802441_01_BJNR046200018BJNE001600000" Pos="exp"><DL Font="normal" Type="Dash"><DT>–</DT><DD Font="normal"><LA Size="normal">Die Beauftragung eines Amtsarztes in Fällen des § 3 Absatz 4 AltGG obliegt weiterhin der ehemaligen personalbearbeitenden Dienststelle.</LA></DD></DL></Footnote><Footnote FnZ="2" Group="manuell" ID="F802441_02_BJNR046200018BJNE001600000" Pos="exp"><DL Font="normal" Type="Dash"><DT>–</DT><DD Font="normal"><LA Size="normal">Sofern der Altersgeldurheber während des Ruhens des Altersgeldes (§ 3 Absatz 3 AltGG) verstirbt, umfasst die Zuständigkeit auch die erste Festsetzung des Hinterbliebenenaltersgeldes.</LA></DD></DL></Footnote><Footnote FnZ="3" Group="manuell" ID="F802441_03_BJNR046200018BJNE001600000" Pos="exp"><DL Font="normal" Type="Dash"><DT>–</DT><DD Font="normal"><LA Size="normal">Umfasst die Zuständigkeit für die Vergleichsberechnung nach § 7 Absatz 5 AltGG sowie die Anwendung der §§ 11 bis 15 AltGG. Sofern die erste Festsetzung des Altersgeldes bereits erfolgt ist, umfasst die Zuständigkeit auch die erste Festsetzung des Hinterbliebenenaltersgeldes (vgl. Fußnote 2).</LA></DD></DL></Footnote><Footnote FnZ="4" Group="manuell" ID="F802441_04_BJNR046200018BJNE001600000" Pos="exp"><DL Font="normal" Type="Dash"><DT>–</DT><DD Font="normal"><LA Size="normal">Die Entscheidung über das Absehen von der Rückforderung überzahlter Versorgungsbezüge nach § 52 Absatz 2 Satz 3 BeamtVG aus Billigkeitsgründen wird auf die Service-Center übertragen; die Zustimmung der obersten Dienstbehörde gilt als erteilt, soweit die Gesamtüberzahlung 5 000 Euro im Einzelfall nicht übersteigt und es sich nicht um Fälle handelt, bei denen Entscheidungen von grundsätzlicher Bedeutung getroffen werden müssen.</LA></DD></DL></Footnote><Footnote FnZ="5" Group="manuell" ID="F802441_05_BJNR046200018BJNE001600000" Pos="exp"><DL Font="normal" Type="Dash"><DT>–</DT><DD Font="normal"><LA Size="normal">Das Bundesamt für Bauwesen und Raumordnung gehörte bis zum 13. März 2018 zum Geschäftsbereich des Bundesministeriums für Umwelt, Naturschutz, Bau und Reaktorsicherheit.</LA></DD><DT>–</DT><DD Font="normal"><LA Size="normal">Nur nachrichtlich: Für die Angehörigen des Bundesamtes für Bauwesen und Raumordnung bleibt zunächst die Bundesanstalt für Verwaltungsdienstleistungen als Festsetzungs- und Regelungsbehörde zuständig.</LA></DD></DL></Footnote><Footnote FnZ="6" Group="manuell" ID="F802441_06_BJNR046200018BJNE001600000" Pos="exp"><DL Font="normal" Type="Dash"><DT>–</DT><DD Font="normal"><LA Size="normal">Die ehemalige Unfallkasse Post und Telekom wurde aufgelöst und zum 1. Januar 2016 in die Berufsgenossenschaft Verkehrswirtschaft Post-Logistik Telekommunikation eingegliedert. Das Service-Center Dresden ist jedoch für die am 1. Januar 2016 vorhandenen Beamten der ehemaligen Unfallkasse Post und Telekom zuständig.</LA></DD></DL></Footnote><Footnote FnZ="7" Group="manuell" ID="F802441_07_BJNR046200018BJNE001600000" Pos="exp"><DL Font="normal" Type="Dash"><DT>–</DT><DD Font="normal"><LA Size="normal">Vgl. § 10 Absatz 2 AltGZustAnO.</LA></DD></DL></Footnote></Footnotes></text></textdaten></norm>
</dokumente>