<?xml version="1.0" encoding="UTF-8" ?><!DOCTYPE dokumente SYSTEM "http://www.gesetze-im-internet.de/dtd/1.01/gii-norm.dtd">
<dokumente builddate="20231128213502" doknr="BJNR000120992"><norm builddate="20231128213502" doknr="BJNR000120992"><metadaten><jurabk>KAV</jurabk><amtabk>KAV</amtabk><ausfertigung-datum manuell="ja">1992-01-09</ausfertigung-datum><fundstelle typ="amtlich"><periodikum>BGBl I</periodikum><zitstelle>1992, 12 (407)</zitstelle></fundstelle><kurzue>Konzessionsabgabenverordnung</kurzue><langue>Verordnung über Konzessionsabgaben für Strom und Gas</langue><standangabe checked="ja"><standtyp>Stand</standtyp><standkommentar>Zuletzt geändert durch Art. 3 Abs. 4 V v. 1.11.2006 I 2477</standkommentar></standangabe></metadaten><textdaten><fussnoten><Content><P><BR/> <pre xml:space="preserve">(+++ Textnachweis ab: 1.1.1992 +++)<BR/><BR/></pre></P></Content></fussnoten></textdaten></norm>
<norm builddate="20231128213502" doknr="BJNR000120992BJNE000100314"><metadaten><jurabk>KAV</jurabk><enbez>Eingangsformel</enbez></metadaten><textdaten><text format="XML"><Content><P>Auf Grund des § 7 Abs. 1 und des § 12 des Energiewirtschaftsgesetzes in der im Bundesgesetzblatt III, Gliederungsnummer 752-1, veröffentlichten bereinigten Fassung in Verbindung mit Artikel 129 Abs. 1 des Grundgesetzes verordnet der Bundesminister für Wirtschaft:</P></Content></text></textdaten></norm>
<norm builddate="20231128213502" doknr="BJNR000120992BJNE000202377"><metadaten><jurabk>KAV</jurabk><enbez>§ 1</enbez><titel format="parat">Anwendungsbereich</titel></metadaten><textdaten><text format="XML"><Content><P>(1) Diese Verordnung regelt Zulässigkeit und Bemessung der Zahlung von Konzessionsabgaben der Energieversorgungsunternehmen im Sinne des § 3 Nr. 18 des Energiewirtschaftsgesetzes an Gemeinden und Landkreise (§ 7).</P><P>(2) Konzessionsabgaben sind Entgelte für die Einräumung des Rechts zur Benutzung öffentlicher Verkehrswege für die Verlegung und den Betrieb von Leitungen, die der unmittelbaren Versorgung von Letztverbrauchern im Gemeindegebiet mit Strom und Gas dienen.</P><P>(3) Tarifkunden im Sinne dieser Verordnung sind Kunden, die auf Grundlage von Verträgen nach den §§ 36 und 38 sowie § 115 Abs. 2 und § 116 des Energiewirtschaftsgesetzes beliefert werden; Preise und Tarife nach diesen Bestimmungen sind Tarife im Sinne dieser Verordnung.</P><P>(4) Sondervertragskunden im Sinne dieser Verordnung sind Kunden, die nicht Tarifkunden sind.</P></Content>   </text><fussnoten/></textdaten></norm>
<norm builddate="20231128213502" doknr="BJNR000120992BJNE000303377"><metadaten><jurabk>KAV</jurabk><enbez>§ 2</enbez><titel format="parat">Bemessung und zulässige Höhe der Konzessionsabgaben</titel></metadaten><textdaten><text format="XML"><Content><P>(1) Konzessionsabgaben dürfen nur in Centbeträge je gelieferter Kilowattstunde vereinbart werden.</P><P>(2) Bei der Belieferung von Tarifkunden dürfen folgende Höchstbeträge je Kilowattstunde nicht überschritten werden: <BR/><table frame="none" tocentry="%yes;">
	<tgroup align="left" char="" charoff="50" cols="4" colsep="0" rowsep="0">
		<colspec colname="col1" colnum="1" colwidth="5*"/>
		<colspec colname="col2" colnum="2" colwidth="5*"/>
		<colspec colname="col3" colnum="3" colwidth="55*"/>
		<colspec colname="col4" colnum="4" colwidth="20*"/>
		<tbody valign="top">
			<row>
				<entry VJ="1" align="left" colsep="0" valign="top">1.</entry>
				<entry VJ="1" align="left" colsep="0" valign="top">a)</entry>
				<entry VJ="1" align="left" colsep="0" valign="top">bei Strom, der im Rahmen eines Schwachlasttarifs nach § 9 der Bundestarifordnung Elektrizität oder der dem Schwachlasttarif entsprechenden Zone eines zeitvariablen Tarifs (Schwachlaststrom) geliefert wird,</entry>
				<entry VJ="1" align="right" colsep="0" valign="bottom">0,61 Cent,</entry>
			</row>
			<row>
				<entry VJ="1" align="left" colname="col1" colsep="0" valign="top"> </entry>
				<entry VJ="1" align="left" colsep="0" valign="top">b)</entry>
				<entry VJ="1" align="left" colsep="0" valign="top">Bei Strom, der nicht als Schwachlaststrom geliefert wird, in Gemeinden</entry>
				<entry VJ="1" align="left" colsep="0" valign="top"> </entry>
			</row>
			<row>
				<entry VJ="1" align="left" colname="col1" colsep="0" valign="top"> </entry>
				<entry VJ="1" align="left" colname="col2" colsep="0" valign="top"> </entry>
				<entry VJ="1" align="left" colsep="0" valign="top">bis  25.000 Einwohner</entry>
				<entry VJ="1" align="right" colsep="0" valign="bottom">1,32 Cent,</entry>
			</row>
			<row>
				<entry VJ="1" align="left" colname="col1" colsep="0" valign="top"> </entry>
				<entry VJ="1" align="left" colname="col2" colsep="0" valign="top"> </entry>
				<entry VJ="1" align="left" colsep="0" valign="top">bis 100.000 Einwohner</entry>
				<entry VJ="1" align="right" colsep="0" valign="bottom">1,59 Cent,</entry>
			</row>
			<row>
				<entry VJ="1" align="left" colname="col1" colsep="0" valign="top"> </entry>
				<entry VJ="1" align="left" colname="col2" colsep="0" valign="top"> </entry>
				<entry VJ="1" align="left" colsep="0" valign="top">bis 500.000 Einwohner</entry>
				<entry VJ="1" align="right" colsep="0" valign="bottom">1,99 Cent,</entry>
			</row>
			<row>
				<entry VJ="1" align="left" colname="col1" colsep="0" valign="top"> </entry>
				<entry VJ="1" align="left" colname="col2" colsep="0" valign="top"> </entry>
				<entry VJ="1" align="left" colsep="0" valign="top">über 500.000 Einwohner</entry>
				<entry VJ="1" align="right" colsep="0" valign="bottom">2,39 Cent,</entry>
			</row>
			<row>
				<entry VJ="1" align="left" colsep="0" valign="top">2.</entry>
				<entry VJ="1" align="left" colsep="0" valign="top">a)</entry>
				<entry VJ="1" align="left" colsep="0" valign="top">bei Gas ausschließlich für Kochen und Warmwasser in Gemeinden</entry>
				<entry VJ="1" align="left" colsep="0" valign="top"> </entry>
			</row>
			<row>
				<entry VJ="1" align="left" colname="col1" colsep="0" valign="top"> </entry>
				<entry VJ="1" align="left" colname="col2" colsep="0" valign="top"> </entry>
				<entry VJ="1" align="left" colsep="0" valign="top">bis  25.000 Einwohner</entry>
				<entry VJ="1" align="right" colsep="0" valign="bottom">0,51 Cent,</entry>
			</row>
			<row>
				<entry VJ="1" align="left" colname="col1" colsep="0" valign="top"> </entry>
				<entry VJ="1" align="left" colname="col2" colsep="0" valign="top"> </entry>
				<entry VJ="1" align="left" colsep="0" valign="top">bis 100.000 Einwohner</entry>
				<entry VJ="1" align="right" colsep="0" valign="bottom">0,61 Cent,</entry>
			</row>
			<row>
				<entry VJ="1" align="left" colname="col1" colsep="0" valign="top"> </entry>
				<entry VJ="1" align="left" colname="col2" colsep="0" valign="top"> </entry>
				<entry VJ="1" align="left" colsep="0" valign="top">bis 500.000 Einwohner</entry>
				<entry VJ="1" align="right" colsep="0" valign="bottom">0,77 Cent,</entry>
			</row>
			<row>
				<entry VJ="1" align="left" colname="col1" colsep="0" valign="top"> </entry>
				<entry VJ="1" align="left" colname="col2" colsep="0" valign="top"> </entry>
				<entry VJ="1" align="left" colsep="0" valign="top">über 500.000 Einwohner</entry>
				<entry VJ="1" align="right" colsep="0" valign="bottom">0,93 Cent,</entry>
			</row>
			<row>
				<entry VJ="1" align="left" colname="col1" colsep="0" valign="top"> </entry>
				<entry VJ="1" align="left" colsep="0" valign="top">b)</entry>
				<entry VJ="1" align="left" colsep="0" valign="top">bei sonstigen Tariflieferungen in Gemeinden</entry>
				<entry VJ="1" align="left" colsep="0" valign="top"> </entry>
			</row>
			<row>
				<entry VJ="1" align="left" colname="col1" colsep="0" valign="top"> </entry>
				<entry VJ="1" align="left" colname="col2" colsep="0" valign="top"> </entry>
				<entry VJ="1" align="left" colsep="0" valign="top">bis  25.000 Einwohner</entry>
				<entry VJ="1" align="right" colsep="0" valign="bottom">0,22 Cent,</entry>
			</row>
			<row>
				<entry VJ="1" align="left" colname="col1" colsep="0" valign="top"> </entry>
				<entry VJ="1" align="left" colname="col2" colsep="0" valign="top"> </entry>
				<entry VJ="1" align="left" colsep="0" valign="top">bis 100.000 Einwohner</entry>
				<entry VJ="1" align="right" colsep="0" valign="bottom">0,27 Cent,</entry>
			</row>
			<row>
				<entry VJ="1" align="left" colname="col1" colsep="0" valign="top"> </entry>
				<entry VJ="1" align="left" colname="col2" colsep="0" valign="top"> </entry>
				<entry VJ="1" align="left" colsep="0" valign="top">bis 500.000 Einwohner</entry>
				<entry VJ="1" align="right" colsep="0" valign="bottom">0,33 Cent,</entry>
			</row>
			<row>
				<entry VJ="1" align="left" colname="col1" colsep="0" valign="top"> </entry>
				<entry VJ="1" align="left" colname="col2" colsep="0" valign="top"> </entry>
				<entry VJ="1" align="left" colsep="0" valign="top">über 500.000 Einwohner</entry>
				<entry VJ="1" align="right" colsep="0" valign="bottom">0,40 Cent.</entry>
			</row>
		</tbody>
	</tgroup>
</table> <BR/>Maßgeblich ist die jeweils vom statistischen Landesamt amtlich fortgeschriebene Einwohnerzahl.</P><P>(3) Bei der Belieferung von Sondervertragskunden dürfen folgende Höchstbeträge je Kilowattstunde nicht überschritten werden: <BR/><table frame="none" tocentry="%yes;">
	<tgroup align="left" char="" charoff="50" cols="3" colsep="0" rowsep="0">
		<colspec colname="col1" colnum="1" colwidth="5*"/>
		<colspec colname="col2" colnum="2" colwidth="40*"/>
		<colspec colname="col3" colnum="3" colwidth="15"/>
		<tbody valign="top">
			<row>
				<entry VJ="1" align="left" colsep="0" valign="top">1.</entry>
				<entry VJ="1" align="left" colsep="0" valign="top">bei Strom</entry>
				<entry VJ="1" align="right" colsep="0" valign="top">0,11 Cent,</entry>
			</row>
			<row>
				<entry VJ="1" align="left" colsep="0" valign="top">2.</entry>
				<entry VJ="1" align="left" colsep="0" valign="top">bei Gas</entry>
				<entry VJ="1" align="right" colsep="0" valign="top">0,03 Cent.</entry>
			</row>
		</tbody>
	</tgroup>
</table> </P><P>(4) Bei Strom dürfen Konzessionsabgaben für Lieferungen an Sondervertragskunden nicht vereinbart oder gezahlt werden, deren Durchschnittspreis im Kalenderjahr je Kilowattstunde unter dem Durchschnittserlös je Kilowattstunde aus der Lieferung von Strom an alle Sondervertragskunden liegt. Maßgeblich ist der in der amtlichen Statistik des Bundes jeweils für das vorletzte Kalenderjahr veröffentlichte Wert ohne Umsatzsteuer. Versorgungsunternehmen und Gemeinde können höhere Grenzpreise vereinbaren. Der Grenzpreisvergleich wird für die Liefermenge eines jeden Lieferanten an der jeweiligen Betriebsstätte oder Abnahmestelle unter Einschluß des Netznutzungsentgelts durchgeführt.</P><P>(5) Bei Gas dürfen Konzessionsabgaben für Lieferungen an Sondervertragskunden nicht vereinbart oder gezahlt werden, <DL Font="normal" Type="arabic"><DT>1.</DT><DD Font="normal"><LA Size="normal">die pro Jahr und Abnahmefall 5 Millionen Kilowattstunden übersteigen oder</LA></DD> <DT>2.</DT><DD Font="normal"><LA Size="normal">deren Durchschnittspreis im Kalenderjahr unter 1,50 Cent je Kilowattstunde liegt, wobei dieser Preis im Verhältnis der Durchschnittserlöse des Versorgungsunternehmens aus der Belieferung von Sondervertragskunden im Jahr 1989 und im jeweiligen Kalenderjahr zu verändern ist. Für nach dem 1. Januar 1992 abgeschlossene Verträge ist der Durchschnittserlös je Kilowattstunde aus den Lieferungen von Gas an alle Letztverbraucher zugrunde zu legen und entsprechend zu verändern; maßgeblich ist der in der amtlichen Statistik des Bundes für das Jahr des Vertragsabschlusses veröffentlichte Wert ohne Umsatzsteuer.</LA></DD> </DL>Versorgungsunternehmen und Gemeinde können niedrigere Grenzmengen oder höhere Grenzpreise vereinbaren.</P><P>(6) Liefern Dritte im Wege der Durchleitung Strom oder Gas an Letztverbraucher, so können im Verhältnis zwischen Netzbetreiber und Gemeinde für diese Lieferungen Konzessionsabgaben bis zu der Höhe vereinbart oder gezahlt werden, wie sie der Netzbetreiber in vergleichbaren Fällen für Lieferungen seines Unternehmens oder durch verbundene oder assoziierte Unternehmen in diesem Konzessionsgebiet zu zahlen hat. Diese Konzessionsabgaben können dem Durchleitungsentgelt hinzugerechnet werden. Macht der Dritte geltend, auf seine Lieferungen entfielen niedrigere Konzessionsabgaben als im Durchleitungsentgelt zugrunde gelegt, so kann er den Nachweis auch durch das Testat eines Wirtschaftsprüfers oder vereidigten Buchprüfers gegenüber dem Netzbetreiber erbringen.</P><P>(7) Unbeschadet des § 1 Abs. 3 und 4 gelten Stromlieferungen aus dem Niederspannungsnetz (bis 1 Kilovolt) konzessionsabgabenrechtlich als Lieferungen an Tarifkunden, es sei denn, die gemessene Leistung des Kunden überschreitet in mindestens zwei Monaten des Abrechnungsjahres 30 Kilowatt und der Jahresverbrauch beträgt mehr als 30.000 Kilowattstunden. Dabei ist auf die Belieferung der einzelnen Betriebsstätte oder Abnahmestelle abzustellen. Bei der Ermittlung des Jahresverbrauchs werden Stromlieferungen nach §§ 7 und 9 der Bundestarifordnung Elektrizität sowie Stromlieferungen im Rahmen von Sonderabkommen für Lieferungen in lastschwachen Zeiten nicht berücksichtigt; für diese Lieferungen gelten § 2 Abs. 2 Nr. 1a und Abs. 3. Netzbetreiber und Gemeinde können niedrigere Leistungswerte und Jahresverbrauchsmengen vereinbaren.</P><P>(8) Wird ein Weiterverteiler über öffentliche Verkehrswege mit Strom und Gas beliefert, der diese Energien ohne Benutzung solcher Verkehrswege an Letztverbraucher weiterleitet, so können für dessen Belieferung Konzessionsabgaben bis zu der Höhe vereinbart oder gezahlt werden, in der dies auch ohne seine Einschaltung zulässig wäre. Absatz 6 Satz 2 und 3 gelten entsprechend.</P></Content>       </text><fussnoten/></textdaten></norm>
<norm builddate="20231128213502" doknr="BJNR000120992BJNE000402377"><metadaten><jurabk>KAV</jurabk><enbez>§ 3</enbez><titel format="parat">Andere Leistungen als Konzessionsabgaben</titel></metadaten><textdaten><text format="XML"><Content><P>(1) Neben oder anstelle von Konzessionsabgaben dürfen Versorgungsunternehmen und Gemeinde für einfache oder ausschließliche Wegerechte nur die folgenden Leistungen vereinbaren oder gewähren: <DL Font="normal" Type="arabic"><DT>1.</DT><DD Font="normal"><LA Size="normal">Preisnachlässe für den in Niederspannung oder in Niederdruck abgerechneten Eigenverbrauch der Gemeinde bis zu 10 vom Hundert des Rechnungsbetrages für den Netzzugang, sofern diese Preisnachlässe in der Rechnung offen ausgewiesen werden,</LA></DD> <DT>2.</DT><DD Font="normal"><LA Size="normal">Vergütung notwendiger Kosten, die bei Bau- und Unterhaltungsmaßnahmen an öffentlichen Verkehrswegen der Gemeinden durch Versorgungsleitungen entstehen, die in oder über diesen Verkehrswegen verlegt sind,</LA></DD> <DT>3.</DT><DD Font="normal"><LA Size="normal">Verwaltungskostenbeiträge der Versorgungsunternehmen für Leistungen, die die Gemeinde auf Verlangen oder im Einvernehmen mit dem Versorgungsunternehmen zu seinem Vorteil erbringt.</LA></DD> </DL>Für die Benutzung anderer als gemeindlicher öffentlicher Verkehrswege sowie für die Belieferung von Verteilerunternehmen und deren Eigenverbrauch dürfen ausschließlich die in Satz 1 Nr. 2 und 3 genannten Leistungen vereinbart oder gewährt werden.</P><P>(2) Nicht vereinbart oder gewährt werden dürfen insbesondere <DL Font="normal" Type="arabic"><DT>1.</DT><DD Font="normal"><LA Size="normal">sonstige Finanz- und Sachleistungen, die unentgeltlich oder zu einem Vorzugspreis gewährt werden; Leistungen der Versorgungsunternehmen bei der Aufstellung kommunaler oder regionaler Energiekonzepte oder für Maßnahmen, die dem rationellen und sparsamen sowie ressourcenschonenden Umgang mit der vertraglich vereinbarten Energieart dienen, bleiben unberührt, soweit sie nicht im Zusammenhang mit dem Abschluß oder der Verlängerung von Konzessionsverträgen stehen,</LA></DD> <DT>2.</DT><DD Font="normal"><LA Size="normal">Verpflichtungen zur Übertragung von Versorgungseinrichtungen ohne wirtschaftlich angemessenes Entgelt.</LA></DD> </DL></P></Content> </text><fussnoten/></textdaten></norm>
<norm builddate="20231128213502" doknr="BJNR000120992BJNE000501377"><metadaten><jurabk>KAV</jurabk><enbez>§ 4</enbez><titel format="parat">Tarifgestaltung</titel></metadaten><textdaten><text format="XML"><Content><P>(1) Konzessionsabgaben sind in den Entgelten für den Netzzugang und allgemeinen Tarifen auszuweisen. Gelten die Entgelte für den Netzzugang und allgemeinem Tarifpreise für mehrere Gemeinden, genügt die Angabe der für sie maßgeblichen Höchstbeträge sowie der Hinweis auf den Vorrang von Vereinbarungen, daß keine oder niedrigere Konzessionsabgaben zu zahlen sind.</P><P>(2) Soweit bei Versorgungsgebieten mit mehreren Gemeinden das Versorgungsunternehmen und eine Gemeinde vereinbaren, daß für die Belieferung von Stromtarifabnehmern keine Konzessionsabgaben oder niedrigere als die nach den §§ 2 und 8 zulässigen Beträge gezahlt werden, sind die Entgelte für den Netzzugang und die allgemeinen Tarife in dieser Gemeinde entsprechend herabzusetzen.</P><P>(3) Bei Strom gelten die Verpflichtungen nach den Absätzen 1 und 2 erst von dem Zeitpunkt an, zu dem eine nach dem 1. Januar 1992 erteilte Tarifgenehmigung wirksam wird.</P></Content>  </text><fussnoten/></textdaten></norm>
<norm builddate="20231128213502" doknr="BJNR000120992BJNE000600314"><metadaten><jurabk>KAV</jurabk><enbez>§ 5</enbez><titel format="parat">Abschlagszahlungen, Vorauszahlungen</titel></metadaten><textdaten><text format="XML"><Content><P>(1) Abschlagszahlungen auf Konzessionsabgaben sind nur für abgelaufene Zeitabschnitte zulässig. Eine Verzinsung findet außer im Fall des Verzuges nicht statt.</P><P>(2) Vorauszahlungen dürfen nicht geleistet werden.</P></Content> </text></textdaten></norm>
<norm builddate="20231128213502" doknr="BJNR000120992BJNE000702377"><metadaten><jurabk>KAV</jurabk><enbez>§ 6</enbez><titel format="parat">Aufsichtsrechte und -maßnahmen</titel></metadaten><textdaten><text format="XML"><Content><P>(1) Die zuständige Behörde kann von Versorgungsunternehmen und Gemeinden die Auskünfte und Belege verlangen, die zur Überwachung der Einhaltung dieser Verordnung erforderlich sind.</P><P>(2) §§ 65 und 69 Energiewirtschaftsgesetz findet entsprechende Anwendung.</P></Content> </text><fussnoten/></textdaten></norm>
<norm builddate="20231128213502" doknr="BJNR000120992BJNE000800314"><metadaten><jurabk>KAV</jurabk><enbez>§ 7</enbez><titel format="parat">Landkreise</titel></metadaten><textdaten><text format="XML"><Content><P>Landkreise können mit Versorgungsunternehmen Konzessionsabgaben vereinbaren, soweit die Landkreise aufgrund von Absprachen mit den Gemeinden die Rechte nach § 1 Abs. 2 zur Verfügung stellen können. In diesen Fällen sowie für laufende Verträge zwischen Landkreisen und Versorgungsunternehmen finden die Vorschriften dieser Verordnung entsprechend Anwendung. Für die Bestimmung der Höchstbeträge nach § 2 Abs. 2 sind die Einwohnerzahlen der jeweiligen Gemeinde des Landkreises maßgebend. Diese Höchstbeträge sind auch einzuhalten, soweit Konzessionsabgaben sowohl mit Landkreisen als auch mit Gemeinden vereinbart sind.</P></Content></text></textdaten></norm>
<norm builddate="20231128213502" doknr="BJNR000120992BJNE000901377"><metadaten><jurabk>KAV</jurabk><enbez>§ 8</enbez><titel format="parat">Übergangsvorschrift</titel></metadaten><textdaten><text format="XML"><Content><P>(1) Soweit Konzessionsabgaben bereits für Lieferungen im Jahre 1991 vereinbart und gezahlt worden sind, sind diese Zahlungen spätestens zum 1. Januar 1993 auf Centbeträge je Kilowattstunde umzustellen. Dabei ist, getrennt für Strom und Gas sowie für Tarif- und Sonderabnehmer, zu ermitteln, wie vielen Cents pro Kilowattstunde die zwischen Versorgungsunternehmen und Gemeinde vereinbarte Konzessionsabgabe 1990 entsprochen hätte. Dieser Betrag ist, beginnend 1993, jährlich je Kilowattstunde wie folgt zu kürzen, bis die Höchstbeträge nach § 2 erreicht sind: <DL Font="normal" Type="arabic"><DT>1.</DT><DD Font="normal"><LA Size="normal">bei Strom für Lieferungen an Tarifabnehmer um 0,07 Cent, an Sonderabnehmer um 0,01 Cent,</LA></DD> <DT>2.</DT><DD Font="normal"><LA Size="normal">bei Gas für Lieferungen an Tarifabnehmer um 0,03 Cent.</LA></DD> </DL> </P><P>(2) Für die Lieferung von Stadtgas dürfen in den Bundesländern Brandenburg, Mecklenburg-Vorpommern, Sachsen, Sachsen-Anhalt und Thüringen vor dem 1. Januar 1999 keine Konzessionsabgaben vereinbart oder gezahlt werden.</P></Content></text><fussnoten/></textdaten></norm>
<norm builddate="20231128213502" doknr="BJNR000120992BJNE001000314"><metadaten><jurabk>KAV</jurabk><enbez>§ 9</enbez><titel format="parat">Inkrafttreten</titel></metadaten><textdaten><text format="XML"><Content><P>Diese Verordnung tritt am 1. Januar 1992 in Kraft.</P></Content></text><fussnoten/></textdaten></norm>
<norm builddate="20231128213502" doknr="BJNR000120992BJNE001100314"><metadaten><jurabk>KAV</jurabk><enbez>Schlußformel</enbez></metadaten><textdaten><text format="XML"><Content><P>Der Bundesrat hat zugestimmt.</P></Content></text></textdaten></norm>
</dokumente>