<?xml version="1.0" encoding="UTF-8" ?><!DOCTYPE dokumente SYSTEM "http://www.gesetze-im-internet.de/dtd/1.01/gii-norm.dtd">
<dokumente builddate="20140127141404" doknr="BJNR048300008"><norm builddate="20140127141404" doknr="BJNR048300008"><metadaten><jurabk>Münz10EuroBek 2008-03-17</jurabk><ausfertigung-datum manuell="ja">2008-03-17</ausfertigung-datum><fundstelle typ="amtlich"><periodikum>BGBl I</periodikum><zitstelle>2008, 483</zitstelle></fundstelle><langue>Bekanntmachung über die Ausprägung von deutschen Euro-Gedenkmünzen im Nennwert von 10 Euro (Gedenkmünze „150. Geburtstag Max Planck“)</langue></metadaten><textdaten><fussnoten><Content><P><BR/> <pre xml:space="preserve">(+++ Textnachweis ab: 31.3.2008 +++)<BR/><BR/></pre></P></Content></fussnoten></textdaten></norm>
<norm builddate="20140127141404" doknr="BJNR048300008BJNE000100000"><metadaten><jurabk>Münz10EuroBek 2008-03-17</jurabk><enbez>(XXXX)</enbez></metadaten><textdaten><text format="XML"><Content><P>Gemäß den §§ 2, 4 und 5 des Münzgesetzes vom 16. Dezember 1999 (BGBl. I S. 2402) hat die Bundesregierung beschlossen, aus Anlass des 150. Geburtstages von Max Planck eine deutsche Euro-Gedenkmünze im Nennwert von 10 Euro prägen zu lassen.</P><P>Die Auflage der Münze beträgt 1.760.000 Stück, darunter maximal 260.000 Stück in Spiegelglanzausführung. Die Prägung erfolgt durch die Staatlichen Münzen Baden-Württemberg, Prägestätte Stuttgart.</P><P>Die Münze wird ab dem 10. April 2008 in den Verkehr gebracht. Sie besteht aus einer Legierung von 925 Tausendteilen Silber und 75 Tausendteilen Kupfer, hat einen Durchmesser von 32,5 Millimetern und eine Masse von 18 Gramm. Das Gepräge auf beiden Seiten ist erhaben und wird von einem schützenden, glatten Randstab umgeben.</P><P>Die Bildseite zeigt eine gelungene Kombination von Portrait und wissenschaftlicher Grafik. Das künstlerisch überzeugende Portrait trifft die Persönlichkeit Plancks, indem es seine Nachdenklichkeit zum Ausdruck bringt. Die gezeigten Kurven sind charakteristisch für die Wärmestrahlung, die einen der Forschungsschwerpunkte in Plancks wissenschaftlicher Arbeit bildete.</P><P>Die Wertseite korrespondiert harmonisch mit der Bildseite. Sie zeigt einen Adler, den Schriftzug „BUNDESREPUBLIK DEUTSCHLAND“, die Wertziffer und Wertbezeichnung, die Jahreszahl 2008, die zwölf Europasterne sowie das Prägezeichen „F“ der Staatlichen Münzen Baden-Württemberg, Prägestätte Stuttgart.</P><P>Der glatte Münzrand enthält in vertiefter Prägung die Inschrift (Zitat von Max Planck):</P><table frame="none" tocentry="%yes;"><tgroup align="left" char="" charoff="50" cols="1"><colspec colname="col1" colwidth="1.00*"/><tbody valign="top"><row valign="top"><entry VJ="1" align="center" colsep="0" rowsep="0" valign="top"><P>„DEM ANWENDEN MUSS<BR/> DAS ERKENNEN VORAUSGEHEN<F>·</F>“.</P></entry></row></tbody></tgroup></table><P>Der Entwurf der Münze stammt von Herrn Michael Otto, Rodenbach.</P></Content></text></textdaten></norm>
<norm builddate="20140127141404" doknr="BJNR048300008BJNE000200000"><metadaten><jurabk>Münz10EuroBek 2008-03-17</jurabk><enbez>Schlussformel</enbez></metadaten><textdaten><text format="XML"><Content><P><SP>Der Bundesminister der Finanzen</SP></P></Content></text></textdaten></norm>
<norm builddate="20140127141404" doknr="BJNR048300008BJNE000300000"><metadaten><jurabk>Münz10EuroBek 2008-03-17</jurabk><enbez>(XXXX)</enbez></metadaten><textdaten><text format="XML"><Content><kommentar typ="Fundstelle">( Fundstelle: BGBl. I 2008, 483 )</kommentar><BR/><table frame="none" tabstyle="muenze" tocentry="%yes;"><tgroup align="left" char="" charoff="50" cols="2" colsep="0" rowsep="0"><colspec colname="col1" colnum="1" colwidth="*"/><colspec colname="col2" colnum="2" colwidth="*"/><tbody valign="top"><row><entry VJ="1" align="center" colname="col1" colsep="0" valign="top"><IMG Height="886" Pos="inline" SRC="bgbl1_2008_j0483-1_0010.jpg" Type="TIF" Units="300" alt=""/></entry><entry VJ="1" align="center" colname="col2" colsep="0" valign="top"><IMG Height="886" Pos="inline" SRC="bgbl1_2008_j0483-1_0020.jpg" Type="TIF" Units="300" alt=""/></entry></row></tbody></tgroup></table></Content></text></textdaten></norm>
</dokumente>