<?xml version="1.0" encoding="UTF-8" ?><!DOCTYPE dokumente SYSTEM "http://www.gesetze-im-internet.de/dtd/1.01/gii-norm.dtd">
<dokumente builddate="20240126215005" doknr="BJNR0140A0024"><norm builddate="20240126215005" doknr="BJNR0140A0024"><metadaten><jurabk>WSG2020§7Satz2Bek 2024</jurabk><ausfertigung-datum manuell="ja">2024-01-19</ausfertigung-datum><fundstelle typ="amtlich"><periodikum>BGBl I</periodikum><zitstelle>2024, Nr. 20</zitstelle></fundstelle><langue>Bekanntmachung zur Anpassung des Wehrsoldes nach § 7 Satz 2 des Wehrsoldgesetzes</langue></metadaten><textdaten><fussnoten><Content><P><BR/> <pre xml:space="preserve">(+++ Textnachweis ab: 26.1.2024) +++)<BR/><BR/></pre></P></Content></fussnoten></textdaten></norm>
<norm builddate="20240126215005" doknr="BJNR0140A0024BJNE000100000"><metadaten><jurabk>WSG2020§7Satz2Bek 2024</jurabk><enbez>Eingangsformel</enbez></metadaten><textdaten><text format="XML"><Content><P>Auf Grund des § 7 Satz 2 des Wehrsoldgesetzes vom 4. August 2019 (BGBl. I S. 1147, 1158), das zuletzt durch Artikel 20 des Gesetzes vom 22. Dezember 2023 (BGBl. 2023 I Nr. 414) geändert worden ist, werden als Anhang die ab 1. März 2024 geltenden Beträge des Wehrsoldgrundbetrags, des Kinderzuschlags und der Auslandsvergütung nach der Tabelle in der Anlage des Wehrsoldgesetzes bekannt gemacht.</P></Content></text></textdaten></norm>
<norm builddate="20240126215005" doknr="BJNR0140A0024BJNE000200000"><metadaten><jurabk>WSG2020§7Satz2Bek 2024</jurabk><enbez>Schlussformel</enbez></metadaten><textdaten><text format="XML"><Content><P><SP>Der Bundesminister der Verteidigung</SP></P></Content></text></textdaten></norm>
<norm builddate="20240126215005" doknr="BJNR0140A0024BJNE000300000"><metadaten><jurabk>WSG2020§7Satz2Bek 2024</jurabk><enbez>Anhang</enbez></metadaten><textdaten><text format="XML"><Content><P><noindex><kommentar typ="Fundstelle">(Fundstelle: BGBl. 2024 I Nr. 20, S. 2)</kommentar></noindex></P><Title Align="right"><B>Anlage</B><BR/>(zu den §§ 4 und 6)<BR/> Gültig ab 1. März 2024</Title><P/><Title Align="auto" Class="S5">Wehrsoldgrundbetrag, Kinderzuschlag, Auslandsvergütung</Title><P/><table colsep="1" frame="all" pgwide="1" rowsep="1" tocentry="%yes;"><tgroup align="left" char="" charoff="50" cols="5"><colspec align="center" colname="col1" colnum="1" colwidth="11*"/><colspec align="center" colname="col2" colnum="2" colwidth="55*"/><colspec align="center" colname="col3" colnum="3" colwidth="15*"/><colspec align="center" colname="col4" colnum="4" colwidth="15*"/><colspec align="center" colname="col5" colnum="5" colwidth="15*"/><thead valign="bottom"><row valign="middle"><entry VJ="1" colname="col1"/><entry VJ="1" colname="col2"/><entry VJ="1" nameend="col5" namest="col3">Monatsbetrag in Euro</entry></row><row valign="middle"><entry VJ="1" colname="col1">1</entry><entry VJ="1" colname="col2">2</entry><entry VJ="1" colname="col3">3</entry><entry VJ="1" colname="col4">4</entry><entry VJ="1" colname="col5">5</entry></row><row valign="middle"><entry VJ="1" colname="col1">Wehrsold-<BR/>gruppe</entry><entry VJ="1" colname="col2">Dienstgrad</entry><entry VJ="1" colname="col3">Wehrsold-<BR/> grundbetrag<BR/> (§ 4 Absatz 1)</entry><entry VJ="1" colname="col4">Kinderzuschlag<BR/> je Kind<BR/> (§ 4 Absatz 2)</entry><entry VJ="1" colname="col5">Auslands-<BR/>vergütung<BR/> (§ 6 Absatz 2)</entry></row></thead><tbody valign="top"><row><entry VJ="1" colname="col1">1</entry><entry VJ="1" align="left" colname="col2">Jäger, Panzerschütze, Panzergrenadier, Kanonier, Pionier, Panzerpionier, Funker, Schütze, Flieger, Sanitätssoldat, Matrose</entry><entry VJ="1" align="right" colname="col3">1 837<BR/></entry><entry VJ="1" align="right" colname="col4" morerows="3">115</entry><entry VJ="1" align="right" colname="col5">495<BR/></entry></row><row><entry VJ="1" colname="col1">2</entry><entry VJ="1" align="left" colname="col2">Gefreiter</entry><entry VJ="1" align="right" colname="col3">1 892</entry><entry VJ="1" align="right" colname="col5">495</entry></row><row><entry VJ="1" colname="col1">3</entry><entry VJ="1" align="left" colname="col2">Obergefreiter</entry><entry VJ="1" align="right" colname="col3">2 001</entry><entry VJ="1" align="right" colname="col5">542</entry></row><row><entry VJ="1" colname="col1">4</entry><entry VJ="1" align="left" colname="col2">Hauptgefreiter</entry><entry VJ="1" align="right" colname="col3">2 272</entry><entry VJ="1" align="right" colname="col5">542</entry></row></tbody></tgroup></table></Content></text></textdaten></norm>
</dokumente>