<?xml version="1.0" encoding="UTF-8" ?><!DOCTYPE dokumente SYSTEM "http://www.gesetze-im-internet.de/dtd/1.01/gii-norm.dtd">
<dokumente builddate="20210930213157" doknr="BJNR392000021"><norm builddate="20210930213157" doknr="BJNR392000021"><metadaten><jurabk>AABGebV</jurabk><amtabk>AABGebV</amtabk><ausfertigung-datum manuell="ja">2021-08-23</ausfertigung-datum><fundstelle typ="amtlich"><periodikum>BGBl I</periodikum><zitstelle>2021, 3920</zitstelle></fundstelle><kurzue>Besondere Gebührenverordnung AA</kurzue><langue>Besondere Gebührenverordnung des Auswärtigen Amts für individuell zurechenbare öffentliche Leistungen in dessen Zuständigkeitsbereich</langue></metadaten><textdaten><fussnoten><Content><P><BR/> <pre xml:space="preserve">(+++ Textnachweis ab: 1.10.2021 +++)<BR/><BR/></pre></P></Content></fussnoten></textdaten></norm>
<norm builddate="20210930213157" doknr="BJNR392000021BJNE000100000"><metadaten><jurabk>AABGebV</jurabk><enbez>Eingangsformel</enbez></metadaten><textdaten><text format="XML"><Content><P>Auf Grund des § 22 Absatz 4 Satz 1 in Verbindung mit Absatz 1 Satz 2 und 3 des Bundesgebührengesetzes vom 7. August 2013 (BGBl. I S. 3154) verordnet das Auswärtige Amt:</P></Content></text></textdaten></norm>
<norm builddate="20210930213157" doknr="BJNR392000021BJNE000200000"><metadaten><jurabk>AABGebV</jurabk><enbez>§ 1</enbez><titel format="XML">Erhebung von Gebühren und Auslagen</titel></metadaten><textdaten><text format="XML"><Content><P>(1) Im Zuständigkeitsbereich des Auswärtigen Dienstes werden Gebühren und Auslagen für individuell zurechenbare öffentliche Leistungen erhoben, die auf Grund des Konsulargesetzes erbracht werden. Der Zuständigkeitsbereich des Auswärtigen Dienstes umfasst das Auswärtige Amt, die Auslandsvertretungen, die Honorarkonsularbeamten und das Bundesamt für Auswärtige Angelegenheiten.</P><P>(2) Bestimmt sich die Gebühr für die individuell zurechenbare Leistung nach dem Gebühren- und Auslagenverzeichnis in Anlage 1, sind Auslagen mit der Gebühr abgegolten, sofern sie nicht im Gebühren- und Auslagenverzeichnis gesondert aufgeführt sind.</P><P>(3) Bestimmt sich die Gebühr für die individuell zurechenbare Leistung nach einer anderen Rechtsvorschrift, sind Auslagen der Auslandsvertretung und des Honorarkonsularbeamten auch dann zu erheben, wenn die andere Rechtsvorschrift für Inlandsbehörden eine Auslagenerhebung nicht vorsieht.</P></Content></text></textdaten></norm>
<norm builddate="20210930213157" doknr="BJNR392000021BJNE000300000"><metadaten><jurabk>AABGebV</jurabk><enbez>§ 2</enbez><titel format="XML">Höhe der Gebühren und Auslagen</titel></metadaten><textdaten><text format="XML"><Content><P>(1) Die Höhe der Gebühren und Auslagen richtet sich nach dem in der Anlage 1 aufgeführten Gebühren- und Auslagenverzeichnis.</P><P>(2) Die nach dem Gebühren- und Auslagenverzeichnis zu erhebenden Gebühren und Auslagen umfassen jeweils auch die Kosten für die Festsetzung der Gebühren und Auslagen.</P></Content></text></textdaten></norm>
<norm builddate="20210930213157" doknr="BJNR392000021BJNE000400000"><metadaten><jurabk>AABGebV</jurabk><enbez>§ 3</enbez><titel format="XML">Zeitgebühr</titel></metadaten><textdaten><text format="XML"><Content><P>Richtet sich die Gebühr im Gebühren- und Auslagenverzeichnis nach dem Zeitaufwand, so berechnet sich die Zeitgebühr (§ 11 Nummer 2 des Bundesgebührengesetzes) nach dem Abrechnungsbogen in Anlage 3. Dieser Berechnung sind die in Anlage 2 bestimmten besonderen pauschalen Stundensätze zugrunde zu legen.</P></Content></text></textdaten></norm>
<norm builddate="20210930213157" doknr="BJNR392000021BJNE000500000"><metadaten><jurabk>AABGebV</jurabk><enbez>§ 4</enbez><titel format="XML">Übergangsvorschrift</titel></metadaten><textdaten><text format="XML"><Content><P>Für die Erhebung von Gebühren und Auslagen für eine gebührenfähige Leistung, die vor dem 1. Oktober 2021 beantragt oder begonnen, aber noch nicht vollständig erbracht wurde, sind die bis einschließlich zum 30. September 2021 geltenden gebührenrechtlichen Regelungen weiter anzuwenden.</P></Content></text></textdaten></norm>
<norm builddate="20210930213157" doknr="BJNR392000021BJNE000600000"><metadaten><jurabk>AABGebV</jurabk><enbez>§ 5</enbez><titel format="XML">Inkrafttreten</titel></metadaten><textdaten><text format="XML"><Content><P>Diese Verordnung tritt am 1. Oktober 2021 in Kraft.</P></Content></text></textdaten></norm>
<norm builddate="20210930213157" doknr="BJNR392000021BJNE000700000"><metadaten><jurabk>AABGebV</jurabk><enbez>Anlage 1</enbez><titel format="XML"><BR/>Gebühren- und Auslagenverzeichnis</titel></metadaten><textdaten><text format="XML"><Content><P><noindex><kommentar typ="Fundstelle">(Fundstelle: BGBl. I 2021, 3922 - 3925)</kommentar></noindex></P><P/><table colsep="1" frame="all" pgwide="1" rowsep="1" tocentry="%yes;"><tgroup align="left" char="" charoff="50" cols="3"><colspec colname="col1" colnum="1" colwidth="12*"/><colspec align="justify" colname="col2" colnum="2" colwidth="113*"/><colspec align="center" colname="col3" colnum="3" colwidth="40*"/><thead valign="bottom"><row valign="middle"><entry VJ="1" align="center" colname="col1">Nummer</entry><entry VJ="1" align="center" colname="col2">Gebühren- oder Auslagentatbestand</entry><entry VJ="1" colname="col3">Gebühren/Auslagen<BR/> in Euro</entry></row></thead><tbody valign="top"><row><entry VJ="1" colname="col1"><B><SP>I.</SP></B></entry><entry VJ="1" colname="col2"><B><SP>Auslandsgebühren und Auslagen</SP></B></entry><entry VJ="1" colname="col3"/></row><row><entry VJ="1" colname="col1"><B>1</B></entry><entry VJ="1" colname="col2"><B>Allgemeine konsularische Aufgaben nach § 1 KonsG</B></entry><entry VJ="1" colname="col3"/></row><row><entry VJ="1" colname="col1">1.1</entry><entry VJ="1" colname="col2">Auskunft (ausführlich schriftlich)</entry><entry VJ="1" colname="col3">nach Zeitaufwand</entry></row><row><entry VJ="1" colname="col1">1.2</entry><entry VJ="1" colname="col2">Beschaffung</entry><entry VJ="1" colname="col3"/></row><row><entry VJ="1" colname="col1">1.2.1</entry><entry VJ="1" colname="col2">Beschaffung von Bescheinigungen, Urkunden oder von sonstigen Schriftstücken in Deutschland (oder im Land der Auslandsvertretung), sofern nicht Teil einer anderen gebührenpflichtigen individuell zurechenbaren öffentlichen Leistung.<BR/> Erläuterung: Bei der gleichzeitigen Beschaffung von mehreren Bescheinigungen, Urkunden oder sonstigen Schriftstücken bei einer Stelle ist die Gebühr nur einmal zu erheben. Bei der gleichzeitigen Beschaffung von Bescheinigungen, Urkunden oder sonstigen Schriftstücken bei verschiedenen Stellen ist die Gebühr mehrfach zu erheben.</entry><entry VJ="1" colname="col3">87,86 bis 115,38<BR/> (Festgebühr in Abhängigkeit von der Zonenstufe)</entry></row><row><entry VJ="1" colname="col1">1.2.2</entry><entry VJ="1" colname="col2">Beschaffung von Bescheinigungen, Urkunden oder sonstigen Schriftstücken in einem Drittland</entry><entry VJ="1" colname="col3">nach Zeitaufwand</entry></row><row><entry VJ="1" colname="col1">1.2.3</entry><entry VJ="1" colname="col2">Beschaffung sonstiger beweglicher Sachen</entry><entry VJ="1" colname="col3">nach Zeitaufwand</entry></row><row><entry VJ="1" colname="col1">1.3</entry><entry VJ="1" colname="col2">Mahnschreiben im Auftrag Dritter</entry><entry VJ="1" colname="col3">52,18 bis 63,29<BR/> (Festgebühr in Abhängigkeit von der Zonenstufe)</entry></row><row><entry VJ="1" colname="col1">1.4</entry><entry VJ="1" colname="col2">Sonstige Gewährung von Rat und Beistand sowie andere individuell zurechenbare öffentliche Leistungen</entry><entry VJ="1" colname="col3">nach Zeitaufwand</entry></row><row><entry VJ="1" colname="col1">1.5</entry><entry VJ="1" colname="col2">Übersendung, ausgenommen Sendungen, die in sachlichem Zusammenhang mit einer anderen gebührenpflichtigen individuell zurechenbaren öffentlichen Leistung stehen oder die für deutsche Behörden oder Gerichte bestimmt sind.<BR/> Erläuterung: Bei der Übersendung von Fund-, Verwahrungs- und Nachlasssachen sind stets Gebühren nach dieser Gebührennummer zu veranschlagen.</entry><entry VJ="1" colname="col3">66,04</entry></row><row><entry VJ="1" colname="col1">1.6</entry><entry VJ="1" colname="col2">Übersetzungen und Dolmetscherleistungen</entry><entry VJ="1" colname="col3"/></row><row><entry VJ="1" colname="col1">1.6.1</entry><entry VJ="1" colname="col2">Einfache Übersetzungen, z. B. von Urkunden und Standardschreiben</entry><entry VJ="1" colname="col3">nach Zeitaufwand</entry></row><row><entry VJ="1" colname="col1">1.6.2</entry><entry VJ="1" colname="col2">Dolmetschen durch hinzugezogenes Personal der Auslandsvertretung im Rahmen gebührenpflichtiger individuell zurechenbarer öffentlicher Leistungen</entry><entry VJ="1" colname="col3">nach Zeitaufwand</entry></row><row><entry VJ="1" colname="col1">1.6.3</entry><entry VJ="1" colname="col2">Bestätigung der Richtigkeit einer Übersetzung</entry><entry VJ="1" colname="col3">nach Zeitaufwand</entry></row><row><entry VJ="1" colname="col1">1.7</entry><entry VJ="1" colname="col2">Amtliche Verwahrung</entry><entry VJ="1" colname="col3"/></row><row><entry VJ="1" colname="col1">1.7.1</entry><entry VJ="1" colname="col2">Amtliche Verwahrung von Geld, Wertpapieren und Kostbarkeiten (Überweisungsgebühren inbegriffen)<BR/> Erläuterung: Wird Geld in unterschiedlichen Währungen für die gleiche Person verwahrt, so sind die Gebühren nach dieser Gebührennummer nur einmalig zu entrichten.</entry><entry VJ="1" colname="col3">71,69</entry></row><row><entry VJ="1" colname="col1">1.7.2</entry><entry VJ="1" colname="col2">Amtliche Verwahrung von sonstigen beweglichen Sachen<BR/> Erläuterung: Bei der Verwahrung mehrerer zusammen abgegebener Verwahrungs- und Fundsachen für dieselbe Person können diese abrechnungstechnisch zu einem Vorgang zusammengefasst und Gebühren einmalig über diese Gebührennummer abgerechnet werden. Werden Geld, Wertpapiere und Kostbarkeiten zusammen mit sonstigen beweglichen Sachen für die gleiche Person verwahrt, so ist die Gebühr einmalig nach Nummer 1.7.1 zu vereinnahmen.</entry><entry VJ="1" colname="col3">56,69</entry></row><row><entry VJ="1" colname="col1">1.8</entry><entry VJ="1" colname="col2">Anordnung und Vollzug der Verwertung oder Vernichtung einer Sache auch im Sinne einer Veräußerung</entry><entry VJ="1" colname="col3">nach Zeitaufwand</entry></row><row><entry VJ="1" colname="col1">1.9</entry><entry VJ="1" colname="col2">Persönliche Herausgabe von verwahrten Sachen (Geld, Kostbarkeiten, Wertpapieren oder Gegenständen)<BR/> Erläuterung: Ist eine Sache verwertet worden, können die Gebühren und Auslagen aus dem Erlös gedeckt werden.</entry><entry VJ="1" colname="col3">46,71</entry></row><row><entry VJ="1" colname="col1"><B>2</B></entry><entry VJ="1" colname="col2"><B>Übertragene konsularische Aufgaben nach § 2 KonsG</B></entry><entry VJ="1" colname="col3"/></row><row><entry VJ="1" colname="col1">2.1</entry><entry VJ="1" colname="col2">Privatschriftliche Erklärung; Fertigung des Entwurfs einer privatschriftlichen Erklärung zur Erledigung von Familiensachen, in Angelegenheiten der freiwilligen Gerichtsbarkeit und in Nachlassangelegenheiten</entry><entry VJ="1" colname="col3">56,98</entry></row><row><entry VJ="1" colname="col1"><B>3</B></entry><entry VJ="1" colname="col2"><B>Hilfeleistung nach § 5 und § 6 KonsG</B></entry><entry VJ="1" colname="col3"/></row><row><entry VJ="1" colname="col1">3.1</entry><entry VJ="1" colname="col2">Gesamtheit der verwaltungsmäßig erforderlichen individuell zurechenbaren öffentlichen Leistungen mit dem Ziel der Gewährung einer Hilfe zur Behebung einer Notlage oder zur Schutzgewährung bei Schadensereignissen<BR/> Erläuterung: Werden mehrere Stellen (AVs oder HKs) mit demselben Hilfeleistungsfall befasst, so erhebt jede Stelle die bei ihr angefallenen Gebühren und Auslagen. Auslagen werden von AVs und HKs auch erhoben, wenn sie in der Zentrale angefallen sind.</entry><entry VJ="1" colname="col3">nach Zeitaufwand</entry></row><row><entry VJ="1" colname="col1"><B>4</B></entry><entry VJ="1" colname="col2"><B>Überführung Verstorbener und Nachlassfürsorge nach § 9 KonsG</B></entry><entry VJ="1" colname="col3"/></row><row><entry VJ="1" colname="col1">4.1</entry><entry VJ="1" colname="col2">Todesfälle</entry><entry VJ="1" colname="col3"/></row><row><entry VJ="1" colname="col1">4.1.1</entry><entry VJ="1" colname="col2">Leichenpass oder Urnenbescheinigung</entry><entry VJ="1" colname="col3">64,07</entry></row><row><entry VJ="1" colname="col1">4.1.2</entry><entry VJ="1" colname="col2">Mitwirkung bei einer verlangten Überführung einer verstorbenen Person oder bei der Bestattung vor Ort</entry><entry VJ="1" colname="col3">nach Zeitaufwand</entry></row><row><entry VJ="1" colname="col1">4.2</entry><entry VJ="1" colname="col2">Nachlassfürsorge</entry><entry VJ="1" colname="col3">nach Zeitaufwand</entry></row><row><entry VJ="1" colname="col1"><B>5</B></entry><entry VJ="1" colname="col2"><B>Beglaubigungen, Bescheinigungen und Beurkundungen nach § 10 bis § 12 KonsG</B></entry><entry VJ="1" colname="col3"/></row><row><entry VJ="1" colname="col1">5.1</entry><entry VJ="1" colname="col2"><SP>Beglaubigung</SP> (Vermerk)</entry><entry VJ="1" colname="col3"/></row><row><entry VJ="1" colname="col1">5.1.1</entry><entry VJ="1" colname="col2">Beglaubigung einer oder mehrerer Unterschriften oder eines Handzeichens unter einer Erklärung, Einwilligung oder Zustimmung zur Namensführung aufgrund familienrechtlicher Vorschriften in einem Beglaubigungsvermerk</entry><entry VJ="1" colname="col3">79,57</entry></row><row><entry VJ="1" colname="col1">5.1.2</entry><entry VJ="1" colname="col2">Beglaubigung einer oder mehrerer Unterschriften oder Handzeichen in sonstigen Angelegenheiten in einem Beglaubigungsvermerk</entry><entry VJ="1" colname="col3">56,43</entry></row><row><entry VJ="1" colname="col1">5.1.3</entry><entry VJ="1" colname="col2">Beglaubigung einer <B>durch die AV angefertigten Kopie</B> eines Schriftstücks (unabhängig von der Seitenzahl des Schriftstücks)<BR/> Erläuterung: In der Gebühr sind die Kosten für die Kopien bereits enthalten.</entry><entry VJ="1" colname="col3">22,92 bis 31,50<BR/> (Festgebühr in Abhängigkeit von der Zonenstufe)</entry></row><row><entry VJ="1" colname="col1">5.2</entry><entry VJ="1" colname="col2"><SP>Konsularische Bescheinigung</SP></entry><entry VJ="1" colname="col3"/></row><row><entry VJ="1" colname="col1">5.2.1</entry><entry VJ="1" colname="col2">Konsularische Bescheinigung mit Vorlage</entry><entry VJ="1" colname="col3">34,07</entry></row><row><entry VJ="1" colname="col1">5.2.2</entry><entry VJ="1" colname="col2">Konsularische Bescheinigung ohne Vorlage</entry><entry VJ="1" colname="col3">70,33</entry></row><row><entry VJ="1" colname="col1">5.3</entry><entry VJ="1" colname="col2"><SP>Beurkundung</SP><BR/> Erläuterung: Mit der Gebühr für die Beurkundung wird die Erteilung einer Ausfertigung oder beglaubigten Kopie für jeden Beteiligten abgegolten.</entry><entry VJ="1" colname="col3"/></row><row><entry VJ="1" colname="col1">5.3.1</entry><entry VJ="1" colname="col2">Willenserklärungen und eidesstattliche Versicherungen</entry><entry VJ="1" colname="col3"/></row><row><entry VJ="1" colname="col1">5.3.1.1</entry><entry VJ="1" colname="col2">Vorbereitung der Beurkundung von Willenserklärungen in folgenden Angelegenheiten: Vaterschaftsanerkennung, Sorgerecht, Adoption, Unterhalt; Vorbereitung der Beurkundung von Erklärungen über Tatsachen oder Vorgänge und eidesstattlichen Versicherungen<BR/> Erläuterung: Die Gebühr wird nur erhoben, wenn der zu beurkundende Text neu konzipiert wird.</entry><entry VJ="1" colname="col3">119,27 bis 146,11<BR/> (Festgebühr in Abhängigkeit von der Zonenstufe)</entry></row><row><entry VJ="1" colname="col1">5.3.1.2</entry><entry VJ="1" colname="col2">Vornahme von Beurkundungen von Willenserklärungen in folgenden Angelegenheiten: Vaterschaftsanerkennung, Sorgerecht, Adoption, Unterhalt; Beurkundung von Erklärungen über Tatsachen oder Vorgänge und eidesstattlichen Versicherungen</entry><entry VJ="1" colname="col3">84,22 bis 103,69<BR/> (Festgebühr in Abhängigkeit von der Zonenstufe)</entry></row><row><entry VJ="1" colname="col1">5.3.2</entry><entry VJ="1" colname="col2">Antrag auf Erbschein, Nachlasszeugnis, Zeugnis über Fortsetzung der Gütergemeinschaft</entry><entry VJ="1" colname="col3"/></row><row><entry VJ="1" colname="col1">5.3.2.1</entry><entry VJ="1" colname="col2">Vorbereitung des Antrages auf Erlangung eines Erbscheins, eines Europäischen Nachlasszeugnisses, eines Testamentsvollstreckerzeugnisses oder eines Zeugnisses über die Fortsetzung der Gütergemeinschaft, einschließlich der eidesstattlichen Versicherung.<BR/> Erläuterung: Die Gebühr wird nur erhoben, wenn der zu beurkundende Text neu konzipiert wird.</entry><entry VJ="1" colname="col3">240,71 bis 299,18<BR/> (Festgebühr in Abhängigkeit von der Zonenstufe)</entry></row><row><entry VJ="1" colname="col1">5.3.2.2</entry><entry VJ="1" colname="col2">Vornahme einer Beurkundung eines Antrages auf Erlangung eines Erbscheins, eines Europäischen Nachlasszeugnisses, eines Testamentsvollstreckerzeugnisses oder eines Zeugnisses über die Fortsetzung der Gütergemeinschaft, einschließlich der eidesstattlichen Versicherung</entry><entry VJ="1" colname="col3">127,31 bis 155,88<BR/> (Festgebühr in Abhängigkeit von der Zonenstufe)</entry></row><row><entry VJ="1" colname="col1">5.3.3</entry><entry VJ="1" colname="col2">Sonstige Beurkundungen, z. B.<BR/> Beschluss einer Hauptversammlung, eines Aufsichtsrats oder eines sonstigen Organs einer Kapitalgesellschaft, einer anderen Vereinigung oder Stiftung<BR/> Vertrag, gemeinschaftliches Testament<BR/> Ergänzung oder Änderung eines Vertrags oder eines gemeinschaftlichen Testaments<BR/> Gleichzeitige Beurkundung eines Erbvertrags mit einem Ehevertrag oder einem Lebenspartnerschaftsvertrag<BR/> Beurkundung der Anerkennung des Inhalts einer schriftlich abgegebenen Erklärung einschließlich der Beurkundung ergänzender oder ändernder Erklärungen<BR/> Erläuterung: Für die Beurkundung eines Widerrufs einer letztwilligen Verfügung, der Aufhebung oder Anfechtung eines Erbvertrags oder des Rücktritts von einem Erbvertrag wird eine Gebühr nicht erhoben, wenn gleichzeitig eine neue letztwillige Verfügung oder ein neuer Erbvertrag beurkundet wird.<BR/> Bei Änderung eines Gesellschaftsvertrags oder einer Satzung wird die für die Anmeldung zum Handelsregister erforderliche Bescheinigung des neuen vollständigen Wortlauts des Gesellschaftsvertrags oder der Satzung mit dieser Gebühr abgegolten.</entry><entry VJ="1" colname="col3">nach Zeitaufwand</entry></row><row><entry VJ="1" colname="col1"/><entry VJ="1" colname="col2">Hinweis/Achtung: Beim Entwurf einer Urkunde in einer Fremdsprache sind zusätzlich zu den Gebühren nach Nummer 5.3.1 oder Nummer 5.3.2 oder nach Nummer 5.3.3 auch Gebühren nach Nummer 1.6 zu berechnen.<BR/> Bei der Vorbereitung und der Vornahme von Beurkunden nach den Nummern 5.3.1 und 5.3.2 ist für jedes Rechtsgeschäft eine separate Gebühr zu erheben.</entry><entry VJ="1" colname="col3"/></row><row><entry VJ="1" colname="col1">5.4</entry><entry VJ="1" colname="col2"><SP>Nachlassverzeichnis</SP></entry><entry VJ="1" colname="col3">nach Zeitaufwand</entry></row><row><entry VJ="1" colname="col1">5.5</entry><entry VJ="1" colname="col2"><SP>Vermögensverzeichnis</SP></entry><entry VJ="1" colname="col3">nach Zeitaufwand</entry></row><row><entry VJ="1" colname="col1"><B>6</B></entry><entry VJ="1" colname="col2"><B>Verfügungen von Todes wegen nach § 11 KonsG</B></entry><entry VJ="1" colname="col3"/></row><row><entry VJ="1" colname="col1">6.1</entry><entry VJ="1" colname="col2">Eröffnung eines Testaments</entry><entry VJ="1" colname="col3">nach Zeitaufwand</entry></row><row><entry VJ="1" colname="col1"><B>7</B></entry><entry VJ="1" colname="col2"><B>Legalisation ausländischer öffentlicher Urkunden nach § 13 KonsG</B></entry><entry VJ="1" colname="col3"/></row><row><entry VJ="1" colname="col1">7.1</entry><entry VJ="1" colname="col2">Legalisation ausländischer öffentlicher Urkunden nach § 13 Absatz 2 KonsG (Legalisation im engeren Sinn)</entry><entry VJ="1" colname="col3">28,11 bis 37,41<BR/> (Festgebühr in Abhängigkeit von der Zonenstufe)</entry></row><row><entry VJ="1" colname="col1">7.2</entry><entry VJ="1" colname="col2">Legalisation ausländischer öffentlicher Urkunden nach § 13 Absatz 4 KonsG (Legalisation im weiteren Sinn)</entry><entry VJ="1" colname="col3">nach Zeitaufwand</entry></row><row><entry VJ="1" colname="col1"><B>8</B></entry><entry VJ="1" colname="col2"><B>Bestätigung der Echtheit inländischer öffentlicher Urkunden nach § 14 KonsG</B></entry><entry VJ="1" colname="col3"/></row><row><entry VJ="1" colname="col1">8.1</entry><entry VJ="1" colname="col2">Bestätigung der Echtheit inländischer öffentlicher Urkunden</entry><entry VJ="1" colname="col3">nach Zeitaufwand</entry></row><row rowsep="0"><entry VJ="1" colname="col1"><B>9</B></entry><entry VJ="1" colname="col2"><B>Bei den Gebührentatbeständen der Nummern 1 bis 8 sind neben den Gebühren die Kosten für Dienstreisen, Kosten für Bekanntmachungen, Kosten für andere Behörden und Dritte sowie in Anspruch genommene Sach- oder Geldleistungen als Auslagen zu erheben.</B></entry><entry VJ="1" colname="col3"/></row><row><entry VJ="1" colname="col1"/><entry VJ="1" colname="col2"><B>Sind individuell zurechenbare öffentliche Leistungen gebührenbefreit oder ermäßigt und sind Schreibauslagen für Ausfertigungen, Abschriften und Auszüge, die auf besonderen Antrag erteilt werden, als Auslagen abzurechnen, so bestimmt sich die Auslage nach Nummer 31000 Nr. 1 und 2 des Kostenverzeichnisses zum Gerichts- und Notarkostengesetz.</B><BR/> Erläuterung: Kosten für Dienstreisen umfassen die Kosten für Reisemittel (ausgenommen behördeneigene Fahrzeuge), Übernachtungen, Reisezeiten sowie Wartezeiten am Ort des Dienstgeschäfts.</entry><entry VJ="1" colname="col3"/></row><row><entry VJ="1" colname="col1"><B>10</B></entry><entry VJ="1" colname="col2"><B>Annahme von Anträgen im Pass- und Personalausweisverfahren durch Honorarkonsularbeamte nach § 25a Absatz 1 Satz 2 KonsG in der Fassung vom 25. März 2020</B></entry><entry VJ="1" colname="col3"/></row><row><entry VJ="1" colname="col1">10.1</entry><entry VJ="1" colname="col2">Annahme und Weiterleitung des Pass- oder Personalausweisantrages durch Honorarkonsularbeamte</entry><entry VJ="1" colname="col3">33,60 bis 96,50<BR/> (Festgebühr in Abhängigkeit von der Zonenstufe)</entry></row><row><entry VJ="1" colname="col1"><B>11</B></entry><entry VJ="1" colname="col2"><B>Bei dem Gebührentatbestand der Nummer 10.1 sind neben den Gebühren die Kosten für Porto und Dienstreisen als Auslagen zu erheben.</B><BR/> Erläuterung: Kosten für Dienstreisen umfassen die Kosten für Reisemittel, Übernachtungen, Reisezeiten sowie Wartezeiten am Ort des Dienstgeschäfts.</entry><entry VJ="1" colname="col3"/></row><row><entry VJ="1" colname="col1"><B>12</B></entry><entry VJ="1" colname="col2"><B>Auslagen, die nach § 1 Absatz 3 zu erheben sind, sind insbesondere:</B><BR/><B>Kosten für Übersendung, Kosten für Dienstreisen, Kosten für Bekanntmachungen, Kosten für andere Behörden und Dritte sowie in Anspruch genommene Sach- oder Geldleistungen.</B><BR/><B>Sind individuell zurechenbare öffentliche Leistungen gebührenbefreit oder ermäßigt und sind Schreibauslagen für Ausfertigungen, Abschriften und Auszüge, die auf besonderen Antrag erteilt werden, als Auslagen abzurechnen, so bestimmt sich die Auslage nach Nummer 31000 Nr. 1 und 2 des Kostenverzeichnisses zum Gerichts- und Notarkostengesetz.</B><BR/> Erläuterung: Kosten für Dienstreisen umfassen die Kosten für Reisemittel (ausgenommen behördeneigene Fahrzeuge), Übernachtungen, Reisezeiten sowie Wartezeiten am Ort des Dienstgeschäfts.</entry><entry VJ="1" colname="col3"/></row><row><entry VJ="1" colname="col1"><B><SP>II.</SP></B></entry><entry VJ="1" colname="col2"><B><SP>Inlandsgebühren und Auslagen</SP></B></entry><entry VJ="1" colname="col3"/></row><row><entry VJ="1" colname="col1"><B>1</B></entry><entry VJ="1" colname="col2"><B>Bestätigung der Echtheit der von einem deutschen Konsularbeamten errichteten öffentlichen Urkunde</B></entry><entry VJ="1" colname="col3">18,04</entry></row><row><entry VJ="1" colname="col1"><B>2</B></entry><entry VJ="1" colname="col2"><B>Endbeglaubigung als Voraussetzung für die Legalisation einer inländischen öffentlichen Urkunde durch einen ausländischen Konsularbeamten</B></entry><entry VJ="1" colname="col3">14,27</entry></row><row><entry VJ="1" colname="col1"><B>3</B></entry><entry VJ="1" colname="col2"><B>Bei den Gebührentatbeständen der Nummern II.1 und II.2 sind neben den Gebühren die Kosten für Bekanntmachungen, Kosten für andere Behörden und Dritte sowie in Anspruch genommene Sach- oder Geldleistungen als Auslagen zu erheben.</B><BR/><B>Sind individuell zurechenbare öffentliche Leistungen gebührenbefreit oder ermäßigt und sind Schreibauslagen für Ausfertigungen, Abschriften und Auszüge, die auf besonderen Antrag erteilt werden, als Auslagen abzurechnen, so bestimmt sich die Auslage nach Nummer 31000 Nr. 1 und 2 des Kostenverzeichnisses zum Gerichts- und Notarkostengesetz.</B></entry><entry VJ="1" colname="col3"/></row></tbody></tgroup></table></Content></text></textdaten></norm>
<norm builddate="20210930213157" doknr="BJNR392000021BJNE000800000"><metadaten><jurabk>AABGebV</jurabk><enbez>Anlage 2</enbez><titel format="XML"><BR/>Besondere pauschale Stundensätze des Auswärtigen Amts nach Anlage 2 AGebV in der ab 18. Februar 2021 gültigen Fassung (einschließlich Sacheinzelkosten und Gemeinkostenzuschlag)</titel></metadaten><textdaten><text format="XML"><Content><P><noindex><kommentar typ="Fundstelle">(Fundstelle: BGBl. I 2021, 3926)</kommentar></noindex></P><P/><P>Wenn Dienstreisen als Auslagen abzurechnen sind, muss der Stundensatz für Entsandte um 0,76 Euro und für lokal Beschäftigte/Honorarkonsuln um 0,37 Euro gekürzt werden.<table colsep="1" frame="all" pgwide="1" rowsep="1" tocentry="%yes;"><tgroup align="left" char="" charoff="50" cols="6"><colspec align="center" colname="col1" colnum="1" colwidth="15*"/><colspec align="center" colname="col2" colnum="2" colwidth="30*"/><colspec align="center" colname="col3" colnum="3" colwidth="30*"/><colspec align="center" colname="col4" colnum="4" colwidth="30*"/><colspec align="center" colname="col5" colnum="5" colwidth="30*"/><colspec align="center" colname="col6" colnum="6" colwidth="30*"/><thead valign="bottom"><row valign="middle"><entry VJ="1" colname="col1">Zonen-<BR/> stufe</entry><entry VJ="1" colname="col2">einfacher Dienst<BR/> bzw. vergleichbarer<BR/> einfacher Dienst</entry><entry VJ="1" colname="col3">mittlerer Dienst<BR/> bzw. vergleichbarer<BR/> mittlerer Dienst</entry><entry VJ="1" colname="col4">gehobener Dienst<BR/> bzw. vergleichbarer<BR/> gehobener Dienst</entry><entry VJ="1" colname="col5">höherer Dienst<BR/> bzw. vergleichbarer<BR/> höherer Dienst</entry><entry VJ="1" colname="col6">Lokal Beschäftigte/<BR/> Honorarkonsuln</entry></row></thead><tbody valign="top"><row><entry VJ="1" colname="col1">Inland</entry><entry VJ="1" colname="col2">71,41</entry><entry VJ="1" colname="col3">81,82</entry><entry VJ="1" colname="col4">98,96</entry><entry VJ="1" colname="col5">131,74</entry><entry VJ="1" colname="col6">–</entry></row><row><entry VJ="1" colname="col1">1</entry><entry VJ="1" colname="col2">84,45</entry><entry VJ="1" colname="col3">96,07</entry><entry VJ="1" colname="col4">116,99</entry><entry VJ="1" colname="col5">153,52</entry><entry VJ="1" colname="col6">60,37</entry></row><row><entry VJ="1" colname="col1">2</entry><entry VJ="1" colname="col2">85,85</entry><entry VJ="1" colname="col3">97,55</entry><entry VJ="1" colname="col4">118,75</entry><entry VJ="1" colname="col5">155,54</entry><entry VJ="1" colname="col6">82,50</entry></row><row><entry VJ="1" colname="col1">3</entry><entry VJ="1" colname="col2">87,25</entry><entry VJ="1" colname="col3">99,04</entry><entry VJ="1" colname="col4">120,52</entry><entry VJ="1" colname="col5">157,55</entry><entry VJ="1" colname="col6">67,02</entry></row><row><entry VJ="1" colname="col1">4</entry><entry VJ="1" colname="col2">88,65</entry><entry VJ="1" colname="col3">100,53</entry><entry VJ="1" colname="col4">122,28</entry><entry VJ="1" colname="col5">159,56</entry><entry VJ="1" colname="col6">56,47</entry></row><row><entry VJ="1" colname="col1">5</entry><entry VJ="1" colname="col2">90,06</entry><entry VJ="1" colname="col3">102,02</entry><entry VJ="1" colname="col4">124,04</entry><entry VJ="1" colname="col5">161,58</entry><entry VJ="1" colname="col6">66,39</entry></row><row><entry VJ="1" colname="col1">6</entry><entry VJ="1" colname="col2">91,44</entry><entry VJ="1" colname="col3">103,51</entry><entry VJ="1" colname="col4">125,80</entry><entry VJ="1" colname="col5">163,59</entry><entry VJ="1" colname="col6">67,87</entry></row><row><entry VJ="1" colname="col1">7</entry><entry VJ="1" colname="col2">92,84</entry><entry VJ="1" colname="col3">105,00</entry><entry VJ="1" colname="col4">127,57</entry><entry VJ="1" colname="col5">165,60</entry><entry VJ="1" colname="col6">57,81</entry></row><row><entry VJ="1" colname="col1">8</entry><entry VJ="1" colname="col2">94,24</entry><entry VJ="1" colname="col3">106,49</entry><entry VJ="1" colname="col4">129,32</entry><entry VJ="1" colname="col5">167,62</entry><entry VJ="1" colname="col6">51,58</entry></row><row><entry VJ="1" colname="col1">9</entry><entry VJ="1" colname="col2">95,64</entry><entry VJ="1" colname="col3">107,98</entry><entry VJ="1" colname="col4">131,09</entry><entry VJ="1" colname="col5">169,63</entry><entry VJ="1" colname="col6">48,59</entry></row><row><entry VJ="1" colname="col1">10</entry><entry VJ="1" colname="col2">97,04</entry><entry VJ="1" colname="col3">109,47</entry><entry VJ="1" colname="col4">132,85</entry><entry VJ="1" colname="col5">171,64</entry><entry VJ="1" colname="col6">53,94</entry></row><row><entry VJ="1" colname="col1">11</entry><entry VJ="1" colname="col2">98,42</entry><entry VJ="1" colname="col3">110,96</entry><entry VJ="1" colname="col4">134,61</entry><entry VJ="1" colname="col5">173,65</entry><entry VJ="1" colname="col6">58,93</entry></row><row><entry VJ="1" colname="col1">12</entry><entry VJ="1" colname="col2">99,82</entry><entry VJ="1" colname="col3">112,45</entry><entry VJ="1" colname="col4">136,37</entry><entry VJ="1" colname="col5">175,67</entry><entry VJ="1" colname="col6">47,98</entry></row><row><entry VJ="1" colname="col1">13</entry><entry VJ="1" colname="col2">101,22</entry><entry VJ="1" colname="col3">113,93</entry><entry VJ="1" colname="col4">138,13</entry><entry VJ="1" colname="col5">177,68</entry><entry VJ="1" colname="col6">51,78</entry></row><row><entry VJ="1" colname="col1">14</entry><entry VJ="1" colname="col2">102,62</entry><entry VJ="1" colname="col3">115,42</entry><entry VJ="1" colname="col4">139,89</entry><entry VJ="1" colname="col5">179,69</entry><entry VJ="1" colname="col6">46,55</entry></row><row><entry VJ="1" colname="col1">15</entry><entry VJ="1" colname="col2">104,01</entry><entry VJ="1" colname="col3">116,91</entry><entry VJ="1" colname="col4">141,65</entry><entry VJ="1" colname="col5">181,70</entry><entry VJ="1" colname="col6">44,99</entry></row><row><entry VJ="1" colname="col1">16</entry><entry VJ="1" colname="col2">105,41</entry><entry VJ="1" colname="col3">118,40</entry><entry VJ="1" colname="col4">143,42</entry><entry VJ="1" colname="col5">183,72</entry><entry VJ="1" colname="col6">42,73</entry></row><row><entry VJ="1" colname="col1">17</entry><entry VJ="1" colname="col2">106,81</entry><entry VJ="1" colname="col3">119,89</entry><entry VJ="1" colname="col4">145,18</entry><entry VJ="1" colname="col5">185,73</entry><entry VJ="1" colname="col6">37,81</entry></row><row><entry VJ="1" colname="col1">18</entry><entry VJ="1" colname="col2">108,21</entry><entry VJ="1" colname="col3">121,38</entry><entry VJ="1" colname="col4">146,94</entry><entry VJ="1" colname="col5">187,75</entry><entry VJ="1" colname="col6">40,54</entry></row><row><entry VJ="1" colname="col1">19</entry><entry VJ="1" colname="col2">105,91</entry><entry VJ="1" colname="col3">118,96</entry><entry VJ="1" colname="col4">144,13</entry><entry VJ="1" colname="col5">184,56</entry><entry VJ="1" colname="col6">38,79</entry></row><row><entry VJ="1" colname="col1">20</entry><entry VJ="1" colname="col2">107,16</entry><entry VJ="1" colname="col3">120,31</entry><entry VJ="1" colname="col4">145,73</entry><entry VJ="1" colname="col5">186,39</entry><entry VJ="1" colname="col6">38,81</entry></row></tbody></tgroup></table>Die Orte, an denen sich die Auslandsvertretungen des Bundes befinden, sind gemäß § 53 des Bundesbesoldungsgesetzes in Verbindung mit der Auslandszuschlagsverordnung in insgesamt 20 Auslandszonenstufen eingeteilt. Die Besoldung der entsandten Angehörigen des Auswärtigen Dienstes ist von der Zonenstufe abhängig.</P></Content></text></textdaten></norm>
<norm builddate="20210930213157" doknr="BJNR392000021BJNE000900000"><metadaten><jurabk>AABGebV</jurabk><enbez>Anlage 3</enbez><titel format="XML"><BR/>Abrechnungsbogen für das Bestimmen von Zeitgebühren</titel></metadaten><textdaten><text format="XML"><Content><P><noindex><kommentar typ="Fundstelle">(Fundstelle: BGBl. I 2021, 3927)</kommentar></noindex></P><P/><table colsep="1" frame="all" pgwide="1" rowsep="1" tocentry="%yes;"><tgroup align="left" char="" charoff="50" cols="3"><colspec colname="col1" colwidth="40*"/><colspec colname="col2" colwidth="30*"/><colspec colname="col3" colwidth="95*"/><tbody valign="top"><row><entry VJ="1" colname="col1">Auslandsvertretung/<BR/>Honorarkonsul:<BR/> Zonenstufe:</entry><entry VJ="1" colname="col2"/><entry VJ="1" colname="col3">Rechtsgrundlagen gemäß Gebühren- und Auslagenverzeichnis Anlage 1 Abschnitt I. und II. der AABGebV:</entry></row><row><entry VJ="1" colname="col1">Leistungszeitraum:</entry><entry VJ="1" colname="col2"/><entry VJ="1" colname="col3"/></row><row><entry VJ="1" colname="col1">Antragstellerin/-steller:</entry><entry VJ="1" morerows="3" nameend="col3" namest="col2">Rechnungsanschrift:</entry></row><row><entry VJ="1" colname="col1"/></row><row><entry VJ="1" colname="col1"/></row><row><entry VJ="1" colname="col1"/></row></tbody></tgroup></table><table colsep="1" frame="all" pgwide="1" rowsep="1" tocentry="%yes;"><tgroup align="left" char="" charoff="50" cols="7"><colspec align="center" colname="col1" colwidth="7*"/><colspec align="center" colname="col2" colwidth="33*"/><colspec align="center" colname="col3" colwidth="65*"/><colspec align="center" colname="col4" colwidth="15*"/><colspec align="center" colname="col5" colwidth="15*"/><colspec align="center" colname="col6" colwidth="15*"/><colspec align="center" colname="col7" colwidth="15*"/><tbody valign="top"><row><entry VJ="1" align="left" nameend="col7" namest="col1"><B>Dokumentation des zeitlichen Aufwands</B></entry></row><row><entry VJ="1" colname="col1" morerows="1"/><entry VJ="1" colname="col2" morerows="1" valign="middle">Mitarbeiterin/Mitarbeiter</entry><entry VJ="1" colname="col3" morerows="1" valign="middle">Kurze Beschreibung der Tätigkeit bzw.<BR/>der verwendeten Zeit inklusive Wartezeiten</entry><entry VJ="1" nameend="col7" namest="col4" valign="middle">Zeitaufwand in Minuten</entry></row><row valign="middle"><entry VJ="1" colname="col4">mD bzw.<BR/>vgl. mD</entry><entry VJ="1" colname="col5">gD bzw.<BR/>vgl. gD</entry><entry VJ="1" colname="col6">hD bzw.<BR/>vgl. hD</entry><entry VJ="1" colname="col7">LB/HKs</entry></row><row><entry VJ="1" colname="col1"> 1</entry><entry VJ="1" colname="col2"/><entry VJ="1" colname="col3"/><entry VJ="1" colname="col4"/><entry VJ="1" colname="col5"/><entry VJ="1" colname="col6"/><entry VJ="1" colname="col7"/></row><row><entry VJ="1" colname="col1"> 2</entry><entry VJ="1" colname="col2"/><entry VJ="1" colname="col3"/><entry VJ="1" colname="col4"/><entry VJ="1" colname="col5"/><entry VJ="1" colname="col6"/><entry VJ="1" colname="col7"/></row><row><entry VJ="1" colname="col1"> 3</entry><entry VJ="1" colname="col2"/><entry VJ="1" colname="col3"/><entry VJ="1" colname="col4"/><entry VJ="1" colname="col5"/><entry VJ="1" colname="col6"/><entry VJ="1" colname="col7"/></row><row><entry VJ="1" colname="col1"> 4</entry><entry VJ="1" colname="col2"/><entry VJ="1" colname="col3"/><entry VJ="1" colname="col4"/><entry VJ="1" colname="col5"/><entry VJ="1" colname="col6"/><entry VJ="1" colname="col7"/></row><row><entry VJ="1" colname="col1"> 5</entry><entry VJ="1" colname="col2"/><entry VJ="1" colname="col3"/><entry VJ="1" colname="col4"/><entry VJ="1" colname="col5"/><entry VJ="1" colname="col6"/><entry VJ="1" colname="col7"/></row><row><entry VJ="1" colname="col1"> 6</entry><entry VJ="1" colname="col2"/><entry VJ="1" colname="col3"/><entry VJ="1" colname="col4"/><entry VJ="1" colname="col5"/><entry VJ="1" colname="col6"/><entry VJ="1" colname="col7"/></row><row><entry VJ="1" colname="col1"> 7</entry><entry VJ="1" colname="col2"/><entry VJ="1" colname="col3"/><entry VJ="1" colname="col4"/><entry VJ="1" colname="col5"/><entry VJ="1" colname="col6"/><entry VJ="1" colname="col7"/></row><row><entry VJ="1" colname="col1"> 8</entry><entry VJ="1" colname="col2"/><entry VJ="1" colname="col3"/><entry VJ="1" colname="col4"/><entry VJ="1" colname="col5"/><entry VJ="1" colname="col6"/><entry VJ="1" colname="col7"/></row><row><entry VJ="1" colname="col1"> 9</entry><entry VJ="1" colname="col2"/><entry VJ="1" colname="col3"/><entry VJ="1" colname="col4"/><entry VJ="1" colname="col5"/><entry VJ="1" colname="col6"/><entry VJ="1" colname="col7"/></row><row><entry VJ="1" colname="col1">10</entry><entry VJ="1" colname="col2"/><entry VJ="1" colname="col3"/><entry VJ="1" colname="col4" rowsep="2"/><entry VJ="1" colname="col5" rowsep="2"/><entry VJ="1" colname="col6" rowsep="2"/><entry VJ="1" colname="col7" rowsep="2"/></row><row><entry VJ="1" align="right" nameend="col3" namest="col1">Summe:</entry><entry VJ="1" colname="col4"/><entry VJ="1" colname="col5"/><entry VJ="1" colname="col6"/><entry VJ="1" colname="col7"/></row></tbody></tgroup></table><table colsep="1" frame="all" pgwide="1" rowsep="1" tocentry="%yes;"><tgroup align="left" char="" charoff="50" cols="5"><colspec align="center" colname="col1" colwidth="105*"/><colspec align="center" colname="col2" colwidth="15*"/><colspec align="center" colname="col3" colwidth="15*"/><colspec align="center" colname="col4" colwidth="15*"/><colspec align="center" colname="col5" colwidth="15*"/><tbody valign="top"><row valign="middle"><entry VJ="1" colname="col1" morerows="1">Gruppierungsabhängiger Stundensatz nach Zonenstufe<BR/>gemäß Anlage 2 der AABGebV in Euro <BR/><I>(bei Auslagen eventuelle Kürzungen beachten)</I></entry><entry VJ="1" colname="col2">mD bzw.<BR/>vgl. mD</entry><entry VJ="1" colname="col3">gD bzw.<BR/>vgl. gD</entry><entry VJ="1" colname="col4">hD bzw.<BR/>vgl. hD</entry><entry VJ="1" colname="col5">LB/HK</entry></row><row><entry VJ="1" colname="col2"/><entry VJ="1" colname="col3"/><entry VJ="1" colname="col4"/><entry VJ="1" colname="col5"/></row></tbody></tgroup></table><table colsep="1" frame="all" pgwide="1" rowsep="1" tocentry="%yes;"><tgroup align="left" char="" charoff="50" cols="5"><colspec align="center" colname="col1" colwidth="105*"/><colspec align="center" colname="col2" colwidth="15*"/><colspec align="center" colname="col3" colwidth="15*"/><colspec align="center" colname="col4" colwidth="15*"/><colspec align="center" colname="col5" colwidth="15*"/><tbody valign="top"><row valign="middle"><entry VJ="1" colname="col1" morerows="1">Kosten der individuell durch die Auslandsvertretung/<BR/>den Honorarkonsularbeamten erbrachten öffentlichen Leistung<BR/>nach Gruppierung der Verwaltungsbeschäftigten<BR/><I>(Stundensatz/60 * Zeitaufwand je Laufbahn)</I></entry><entry VJ="1" colname="col2">mD bzw.<BR/>vgl. mD</entry><entry VJ="1" colname="col3">gD bzw.<BR/>vgl. gD</entry><entry VJ="1" colname="col4">hD bzw.<BR/>vgl. hD</entry><entry VJ="1" colname="col5">LB/HK</entry></row><row><entry VJ="1" colname="col2" rowsep="2"/><entry VJ="1" colname="col3" rowsep="2"/><entry VJ="1" colname="col4" rowsep="2"/><entry VJ="1" colname="col5" rowsep="2"/></row><row><entry VJ="1" align="right" colname="col1" valign="middle">Gebührensumme in Euro</entry><entry VJ="1" colname="col2" nameend="col5" namest="col2"/></row></tbody></tgroup></table><table colsep="1" frame="all" pgwide="1" tocentry="%yes;"><tgroup align="left" char="" charoff="50" cols="2"><colspec align="right" colname="col1" colwidth="105*"/><colspec colname="col2" colwidth="60*"/><tbody valign="top"><row><entry VJ="1" align="center" colname="col1">Summe der als Auslagen angefallenen Kosten in Euro<BR/><I>(separat nachgewiesen)</I></entry><entry VJ="1" colname="col2"/></row></tbody></tgroup></table><table colsep="1" frame="all" pgwide="1" tocentry="%yes;"><tgroup align="left" char="" charoff="50" cols="2"><colspec align="right" colname="col1" colwidth="105*"/><colspec colname="col2" colwidth="60*"/><tbody valign="top"><row><entry VJ="1" colname="col1">Gesamtkosten in Euro</entry><entry VJ="1" colname="col2"/></row></tbody></tgroup></table><P> </P></Content></text></textdaten></norm>
</dokumente>