<?xml version="1.0" encoding="UTF-8" ?><!DOCTYPE dokumente SYSTEM "http://www.gesetze-im-internet.de/dtd/1.01/gii-norm.dtd">
<dokumente builddate="20170608220516" doknr="BJNR013890990"><norm builddate="20170608220516" doknr="BJNR013890990"><metadaten><jurabk>FlRV</jurabk><amtabk>FlRV</amtabk><ausfertigung-datum manuell="ja">1990-07-04</ausfertigung-datum><fundstelle typ="amtlich"><periodikum>BGBl I</periodikum><zitstelle>1990, 1389</zitstelle></fundstelle><langue>Flaggenrechtsverordnung</langue><standangabe checked="ja"><standtyp>Stand</standtyp><standkommentar>Zuletzt geändert durch Art. 178 G v. 29.3.2017 I 626</standkommentar></standangabe></metadaten><textdaten><fussnoten><Content><P><BR/> <pre xml:space="preserve">(+++ Textnachweis ab: 15.7.1990 +++)<BR/><BR/></pre></P></Content></fussnoten></textdaten></norm>
<norm builddate="20170608220516" doknr="BJNR013890990BJNE001300328"><metadaten><jurabk>FlRV</jurabk><enbez>Eingangsformel</enbez></metadaten><textdaten><text format="XML"><Content><P>Auf Grund <DL Font="normal" Type="arabic"><DT>-</DT><DD Font="normal"><LA Size="normal">des § 22 Nr. 1, 4, 5 und 6 Buchstaben a bis f des Flaggenrechtsgesetzes in der Fassung der Bekanntmachung vom 4. Juli 1990 (BGBl. I S. 1342) verordnet der Bundesminister für Verkehr,</LA></DD> <DT>-</DT><DD Font="normal"><LA Size="normal">des § 22 Nr. 3 des Flaggenrechtsgesetzes verordnet der Bundesminister für Verkehr im Einvernehmen mit dem Bundesminister der Justiz:</LA></DD> </DL></P></Content></text></textdaten></norm>
<norm builddate="20170608220516" doknr="BJNR013890990BJNG000100328"><metadaten><jurabk>FlRV</jurabk><gliederungseinheit><gliederungskennzahl>010</gliederungskennzahl><gliederungsbez>Erster Abschnitt</gliederungsbez><gliederungstitel>Grenzen der Seefahrt</gliederungstitel></gliederungseinheit></metadaten><textdaten><text format="XML"><Content><P/></Content></text></textdaten></norm>
<norm builddate="20170608220516" doknr="BJNR013890990BJNE001400328"><metadaten><jurabk>FlRV</jurabk><enbez>§ 1</enbez></metadaten><textdaten><text format="XML"><Content><P>Als Grenzen der Seefahrt im Sinne des § 1 des Flaggenrechtsgesetzes werden bestimmt: <DL Font="normal" Type="arabic"><DT>1.</DT><DD Font="normal"><LA Size="normal">die Festland- und Inselküstenlinie bei mittlerem Hochwasser,</LA></DD> <DT>2.</DT><DD Font="normal"><LA Size="normal">die seewärtige Begrenzung der Binnenwasserstraßen,</LA></DD> <DT>3.</DT><DD Font="normal"><LA Size="normal">bei an der Küste gelegenen Häfen die Verbindungslinie der Molenköpfe und</LA></DD> <DT>4.</DT><DD Font="normal"><LA Size="normal">bei Mündungen von Flüssen, die keine Binnenwasserstraßen sind, die Verbindungslinie der äußeren Uferausläufe.</LA></DD> </DL></P></Content></text></textdaten></norm>
<norm builddate="20170608220516" doknr="BJNR013890990BJNG000200328"><metadaten><jurabk>FlRV</jurabk><gliederungseinheit><gliederungskennzahl>020</gliederungskennzahl><gliederungsbez>Zweiter Abschnitt</gliederungsbez><gliederungstitel>Berechtigung zur
Führung der Bundesflagge</gliederungstitel></gliederungseinheit></metadaten><textdaten><text format="XML"><Content><P/></Content></text></textdaten></norm>
<norm builddate="20170608220516" doknr="BJNR013890990BJNG000300328"><metadaten><jurabk>FlRV</jurabk><gliederungseinheit><gliederungskennzahl>020010</gliederungskennzahl><gliederungsbez>1.</gliederungsbez><gliederungstitel>Schiffsvorzertifikate</gliederungstitel></gliederungseinheit></metadaten><textdaten><text format="XML"><Content><P/></Content></text></textdaten></norm>
<norm builddate="20170608220516" doknr="BJNR013890990BJNE001501305"><metadaten><jurabk>FlRV</jurabk><enbez>§ 2</enbez></metadaten><textdaten><text format="XML"><Content><P>(1) Für die Erteilung eines Schiffsvorzertifikats (§ 3 Buchstabe a, § 5 des Flaggenrechtsgesetzes) ist das Konsulat zuständig, in dessen Bezirk sich das Schiff in dem Zeitpunkt befindet, in dem das Recht zur Führung der Bundesflagge oder die Befugnis zur Ausübung dieses Rechts entsteht.</P><P>(2) Das ausstellende Konsulat ist für die Eintragung des Vermerks in das Schiffsvorzertifikat nach § 7a Absatz 1 des Flaggenrechtsgesetzes zuständig.</P></Content></text><fussnoten/></textdaten></norm>
<norm builddate="20170608220516" doknr="BJNR013890990BJNE001602305"><metadaten><jurabk>FlRV</jurabk><enbez>§ 3</enbez></metadaten><textdaten><text format="XML"><Content><P>(1) Der Antrag auf Erteilung eines Schiffsvorzertifikats ist vom Eigentümer des Schiffs zu stellen. In dem Antrag sind anzugeben: <DL Font="normal" Type="arabic"><DT>1.</DT><DD Font="normal"><LA Size="normal">der Name des Schiffes;</LA></DD><DT>1a.</DT><DD Font="normal"><LA Size="normal">soweit erteilt, die in § 11 Abs. 1 Nr. 5 der Schiffsregisterordnung in der Fassung der Bekanntmachung vom 26. Mai 1994 (BGBl. I S. 1133) genannte Schiffsidentifikationsnummer (IMO-Nummer);</LA></DD><DT>2.</DT><DD Font="normal"><LA Size="normal">gegebenenfalls das von einem Registergericht zugeteilte Unterscheidungssignal;</LA></DD><DT>3.</DT><DD Font="normal"><LA Size="normal">der Fahrzeugtyp oder die Gattung und der Hauptbaustoff;</LA></DD><DT>4.</DT><DD Font="normal"><LA Size="normal">der Bauort sowie das Datum des Stapellaufs, falls vorhanden, andernfalls das Datum der Kiellegung oder das Baujahr, es sei denn, daß dies nur mit besonderen Schwierigkeiten zu ermitteln ist;</LA></DD><DT>5.</DT><DD Font="normal"><LA Size="normal">der Hafen im Sinne des § 9 des Flaggenrechtsgesetzes;</LA></DD><DT>6.</DT><DD Font="normal"><LA Size="normal">die Ergebnisse der amtlichen Vermessung;</LA></DD><DT>7.</DT><DD Font="normal"><LA Size="normal">der Name, die Staatsangehörigkeit und der Wohnsitz oder Sitz des Antragstellers; bei einer offenen Handelsgesellschaft: die Gesellschafter; bei einer Kommanditgesellschaft oder Kommanditgesellschaft auf Aktien: die persönlich haftenden Gesellschafter; in den Fällen des § 2 Absatz 1 Nummer 3 des Flaggenrechtsgesetzes: jede beauftragte Person;</LA></DD><DT>8.</DT><DD Font="normal"><LA Size="normal">die den Erwerb des Eigentums begründenden Tatsachen;</LA></DD><DT>9.</DT><DD Font="normal"><LA Size="normal">die Nationalflagge, die das Schiff zuletzt geführt hat;</LA></DD><DT>10.</DT><DD Font="normal"><LA Size="normal">das Schiffsregister, in dem das Schiff eingetragen ist oder zuletzt eingetragen war; im zweiten Falle auch der Zeitpunkt der Löschung;</LA></DD><DT>11.</DT><DD Font="normal"><LA Size="normal">in den Fällen des § 7 des Flaggenrechtsgesetzes die verbindliche Erklärung, daß das Recht zur Führung der anderen Nationalflagge enden soll;</LA></DD><DT>12.</DT><DD Font="normal"><LA Size="normal">die besonderen Gründe, aus denen das Schiffsvorzertifikat anstelle des Schiffszertifikats beantragt wird.</LA></DD></DL></P><P>(2) Die in Absatz 1 bezeichneten Angaben von Tatsachen sind glaubhaft zu machen. Der Schiffsmeßbrief oder die entsprechende Urkunde einer ausländischen Vermessungsbehörde (Absatz 1 Nr. 6) oder eine beglaubigte Abschrift oder Ablichtung dieser Urkunde, bei Schiffsneubauten eine Bescheinigung über das vorläufige amtliche Meßergebnis sind vorzulegen. In den Fällen des § 2 Absatz 1 Nummer 3 des Flaggenrechtsgesetzes ist ferner eine Bescheinigung nach § 5b Abs. 1 vorzulegen.</P></Content></text><fussnoten/></textdaten></norm>
<norm builddate="20170608220516" doknr="BJNR013890990BJNE001700328"><metadaten><jurabk>FlRV</jurabk><enbez>§ 4</enbez></metadaten><textdaten><text format="XML"><Content><P>Bei der Entscheidung über die Ausstellung des Schiffsvorzertifikats ist insbesondere zu berücksichtigen, ob ausreichende Gründe für die Erteilung dieses Ausweises anstelle des Schiffszertifikats vorhanden sind. Hat der Eigentümer des Schiffs keinen Wohnsitz im Geltungsbereich des Grundgesetzes, so hat der Antragsteller nachzuweisen, daß ihm eine rechtzeitige Eintragung des Schiffs in einem deutschen Schiffsregister nicht möglich war.</P></Content></text></textdaten></norm>
<norm builddate="20170608220516" doknr="BJNR013890990BJNE001801305"><metadaten><jurabk>FlRV</jurabk><enbez>§ 5</enbez></metadaten><textdaten><text format="XML"><Content><P>(1) Das Schiffsvorzertifikat hat die aus dem Muster in der Anlage zu dieser Verordnung ersichtliche Form.</P><P>(2) Das Konsulat übersendet unverzüglich eine beglaubigte Abschrift oder Ablichtung des erteilten Schiffsvorzertifikats der Flaggenbehörde, der Berufsgenossenschaft für Transport und Verkehrswirtschaft in Hamburg sowie dem für die Eintragung des Schiffes zuständigen Schiffsregistergericht.</P><P>(3) Wird für das Schiff ein Schiffszertifikat erteilt, so hat der Eigentümer das Schiffsvorzertifikat unverzüglich dem Schiffsregistergericht, welches das Schiffszertifikat erteilt hat, abzugeben.</P></Content></text><fussnoten/></textdaten></norm>
<norm builddate="20170608220516" doknr="BJNR013890990BJNG001300308"><metadaten><jurabk>FlRV</jurabk><gliederungseinheit><gliederungskennzahl>020011</gliederungskennzahl><gliederungsbez>1a.</gliederungsbez><gliederungstitel>Beauftragte Personen nach § 2 Abs. 1 des
Flaggenrechtsgesetzes</gliederungstitel></gliederungseinheit></metadaten><textdaten><text format="XML"><Content><P/></Content></text><fussnoten/></textdaten></norm>
<norm builddate="20170608220516" doknr="BJNR013890990BJNE004801305"><metadaten><jurabk>FlRV</jurabk><enbez>§ 5a</enbez></metadaten><textdaten><text format="XML"><Content><P>In den Fällen des § 2 Absatz 1 Nummer 3 des Flaggenrechtsgesetzes hat der Eigentümer des Seeschiffs gegenüber der Flaggenbehörde <DL Font="normal" Type="arabic"><DT>1.</DT><DD Font="normal"><LA Size="normal">eine schriftliche Erklärung jeder beauftragten Person vorzulegen, in der sich diese zweifelsfrei verpflichtet, für die in dieser Bestimmung genannten Angelegenheiten nach Maßgabe der in der Bundesrepublik Deutschland geltenden Rechtsvorschriften in vollem Umfang einzustehen,</LA></DD><DT>2.</DT><DD Font="normal"><LA Size="normal">glaubhaft darzulegen, daß die beauftragte Person persönlich zuverlässig und finanziell leistungsfähig ist,</LA></DD><DT>3.</DT><DD Font="normal"><LA Size="normal">(weggefallen)</LA></DD></DL></P></Content></text><fussnoten/></textdaten></norm>
<norm builddate="20170608220516" doknr="BJNR013890990BJNE004905305"><metadaten><jurabk>FlRV</jurabk><enbez>§ 5b</enbez></metadaten><textdaten><text format="XML"><Content><P>(1) Sind die Nachweise des § 5a geführt, so bescheinigt die Flaggenbehörde, daß die Voraussetzungen des § 2 Absatz 1 Nummer 3 des Flaggenrechtsgesetzes erfüllt sind. In der Bescheinigung sind Name und Wohnsitz des Eigentümers und der nach § 5a Nr. 1 beauftragten Person zu verzeichnen.</P><P>(2) Die Flaggenbehörde übersendet der Berufsgenossenschaft für Transport und Verkehrswirtschaft eine Ablichtung der nach Absatz 1 erteilten Bescheinigung.</P><P>(3) Die Anzeige nach § 2 Abs. 3 des Flaggenrechtsgesetzes ist an die Flaggenbehörde zu richten; diese nimmt die entsprechenden Aufgaben des Bundesministeriums für Verkehr und digitale Infrastruktur wahr.</P><P>(4) Beim Wegfall der einem Nachweis zugrundeliegenden Tatsachen widerruft die Flaggenbehörde die nach Absatz 1 erteilte Bescheinigung und teilt dies dem für die Führung des Schiffsregisters zuständigen Gericht sowie der Berufsgenossenschaft für Transport und Verkehrswirtschaft mit.</P></Content></text><fussnoten/></textdaten></norm>
<norm builddate="20170608220516" doknr="BJNR013890990BJNE005003305"><metadaten><jurabk>FlRV</jurabk><enbez>§ 5c</enbez></metadaten><textdaten><text format="XML"><Content><P>Die Berufsgenossenschaft für Transport und Verkehrswirtschaft ist im Rahmen ihrer Befugnisse nach der Schiffssicherheitsverordnung berechtigt, bei Fehlen oder Wegfall der in § 2 Absatz 1 Nummer 3 des Flaggenrechtsgesetzes genannten Voraussetzungen die Weiterfahrt des Seeschiffs im deutschen Hoheitsgebiet zu verbieten oder nur unter Bedingungen oder Auflagen zuzulassen, die sicherstellen, daß die Hoheitsgewalt und Kontrolle des Flaggenstaates über das Schiff wirksam ausgeübt werden kann.</P></Content></text><fussnoten/></textdaten></norm>
<norm builddate="20170608220516" doknr="BJNR013890990BJNG000400328"><metadaten><jurabk>FlRV</jurabk><gliederungseinheit><gliederungskennzahl>020020</gliederungskennzahl><gliederungsbez>2.</gliederungsbez><gliederungstitel>Befugnisse nach den §§ 10, 11
des Flaggenrechtsgesetzes, Flaggenscheine</gliederungstitel></gliederungseinheit></metadaten><textdaten><text format="XML"><Content><P/></Content></text></textdaten></norm>
<norm builddate="20170608220516" doknr="BJNR013890990BJNE001900328"><metadaten><jurabk>FlRV</jurabk><enbez>§ 6</enbez></metadaten><textdaten><text format="XML"><Content><P>Für die Verleihung der Befugnisse zur Führung der Bundesflagge (§§ 10 und 11 FlRG) und die Erteilung der Flaggenscheine (§ 3 Buchstabe b des Flaggenrechtsgesetzes), verbunden mit der Zuteilung der Unterscheidungssignale der Schiffe, ist die Flaggenbehörde zuständig.</P></Content></text></textdaten></norm>
<norm builddate="20170608220516" doknr="BJNR013890990BJNE002001308"><metadaten><jurabk>FlRV</jurabk><enbez>§ 7</enbez></metadaten><textdaten><text format="XML"><Content><P>(1) Der Antrag auf Verleihung der Befugnis zur Führung der Bundesflagge und auf Erteilung eines Flaggenscheins ist <DL Font="normal" Type="arabic"><DT>1.</DT><DD Font="normal"><LA Size="normal">für ein Seeschiff, dem diese Befugnis nach § 10 des Flaggenrechtsgesetzes verliehen werden soll, von dem Inhaber der Schiffswerft oder vom Eigentümer des Seeschiffs,</LA></DD> <DT>2.</DT><DD Font="normal"><LA Size="normal">für ein Seeschiff, dem diese Befugnis nach § 11 Abs. 1 Satz 1 des Flaggenrechtsgesetzes verliehen werden soll, von dessen ausländischem Eigentümer,</LA></DD> <DT>3.</DT><DD Font="normal"><LA Size="normal">für ein Seeschiff, dem diese Befugnis nach § 11 Abs. 1 Satz 2 des Flaggenrechtsgesetzes verliehen werden soll, vom Ausrüster</LA></DD> </DL>zu stellen.</P><P>(2) Absatz 1 gilt entsprechend für den Verzicht des Berechtigten auf die Befugnis.</P><P>(3)</P></Content>  </text><fussnoten/></textdaten></norm>
<norm builddate="20170608220516" doknr="BJNR013890990BJNE002101308"><metadaten><jurabk>FlRV</jurabk><enbez>§ 8</enbez></metadaten><textdaten><text format="XML"><Content><P>(1) In dem Antrag sind der Name, in den Fällen des § 10 des Flaggenrechtsgesetzes die Baunummer des Schiffes sowie die in § 3 Abs. 1 Nr. 3, 4, 6 und 7 genannten Daten anzugeben.</P><P>(2) Ferner sind anzugeben: <DL Font="normal" Type="arabic"><DT>1.</DT><DD Font="normal"><LA Size="normal">in den Fällen des § 7 Abs. 1 Nr. 1 der Hafen, in den das Schiff übergeführt werden soll;</LA></DD> <DT>2.</DT><DD Font="normal"><LA Size="normal">in den Fällen des § 7 Abs. 1 Nr. 2:<DL Font="normal" Type="arabic"><DT>a)</DT><DD Font="normal"><LA Size="normal">der Heimathafen;</LA></DD> <DT>b)</DT><DD Font="normal"><LA Size="normal">das Schiffsregister, in dem das Schiff eingetragen ist oder zuletzt eingetragen war, und die bisherige Nationalflagge des Schiffes;</LA></DD> <DT>c)</DT><DD Font="normal"><LA Size="normal">soweit erteilt, die IMO-Nummer sowie</LA></DD> <DT>d)</DT><DD Font="normal"><LA Size="normal">die Staatsangehörigkeit des Eigentümers.</LA></DD> </DL></LA></DD> <DT>3.</DT><DD Font="normal"><LA Size="normal">in den Fällen des § 7 Abs. 1 Nr. 3 neben den in Nummer 2 genannten Angaben:<DL Font="normal" Type="arabic"><DT>a)</DT><DD Font="normal"><LA Size="normal">der Name und der Wohnsitz oder Sitz des Eigentümers;</LA></DD> <DT>b)</DT><DD Font="normal"><LA Size="normal">die das Nutzungsrecht des Ausrüsters begründenden Tatsachen und die Dauer dieses Rechts;</LA></DD> <DT>c)</DT><DD Font="normal"><LA Size="normal">die Tatsachen, aus denen sich ergibt, daß der Ausrüster zu dem Personenkreis des § 1 oder des § 2 Abs. 1 des Flaggenrechtsgesetzes gehört, sowie</LA></DD> <DT>d)</DT><DD Font="normal"><LA Size="normal">die Tatsache, aus denen sich ergibt, daß das Schiff gemäß den Vorschriften des Bundesrechts besetzt wird.</LA></DD> </DL> </LA></DD> </DL></P><P>(3) § 3 Abs. 2 Satz 1 und 2 gilt für die in den Absätzen 1 und 2 bezeichneten Angaben entsprechend. Ferner sind vorzulegen: <DL Font="normal" Type="arabic"><DT>1.</DT><DD Font="normal"><LA Size="normal">der Meßbrief oder die entsprechende Urkunde einer ausländischen Vermessungsbehörde oder eine öffentlich beglaubigte Abschrift oder Ablichtung dieser Urkunde,</LA></DD> <DT>2.</DT><DD Font="normal"><LA Size="normal">in den Fällen des § 7 Abs. 1 Nr. 2 und 3 die amtliche Bestätigung der zuständigen ausländischen Behörde oder eines Konsulates des in Betracht kommenden ausländischen Staates, daß dessen Recht der Führung der Bundesflagge nicht entgegensteht, sowie</LA></DD> <DT>3.</DT><DD Font="normal"><LA Size="normal">in den Fällen des § 7 Abs. 1 Nr. 3 die öffentlich beglaubigte Erklärung des Eigentümers, daß er dem Flaggenwechsel für die Dauer des Nutzungsrechts des Ausrüsters zustimmt.</LA></DD> </DL></P></Content> </text><fussnoten/></textdaten></norm>
<norm builddate="20170608220516" doknr="BJNR013890990BJNE002200328"><metadaten><jurabk>FlRV</jurabk><enbez>§ 9</enbez></metadaten><textdaten><text format="XML"><Content><P>Der Flaggenschein wird <DL Font="normal" Type="arabic"><DT>1.</DT><DD Font="normal"><LA Size="normal">in den Fällen des § 7 Abs. 1 Nr. 1 für die Dauer der Überführung in einen anderen Hafen einschließlich der erforderlichen vorausgehenden Fahrten,</LA></DD> <DT>2.</DT><DD Font="normal"><LA Size="normal">in den Fällen des § 7 Abs. 1 Nr. 2 für die Dauer der Befugnis zur Führung der Bundesflagge,</LA></DD> <DT>3.</DT><DD Font="normal"><LA Size="normal">in den Fällen des § 7 Abs. 1 Nr. 3 unter dem Vorbehalt des Widerrufs für die Dauer der Überlassung des Schiffes zur Bereederung in eigenem Namen</LA></DD> </DL>erteilt. Wird die Befugnis zur Führung der Bundesflagge vor Ablauf der in Satz 1 genannten Fristen auf späteren Antrag für einen weiteren Zeitraum verliehen, so kann dies auf dem Flaggenschein vermerkt werden; der Erteilung eines neuen Flaggenscheins bedarf es in diesem Fall nicht.</P></Content></text></textdaten></norm>
<norm builddate="20170608220516" doknr="BJNR013890990BJNE002302305"><metadaten><jurabk>FlRV</jurabk><enbez>§ 10</enbez></metadaten><textdaten><text format="XML"><Content><P>Die Flaggenbehörde übersendet der Berufsgenossenschaft für Transport und Verkehrswirtschaft eine beglaubigte Abschrift oder Ablichtung des Flaggenscheins.</P></Content></text><fussnoten/></textdaten></norm>
<norm builddate="20170608220516" doknr="BJNR013890990BJNE002400328"><metadaten><jurabk>FlRV</jurabk><enbez>§ 11</enbez></metadaten><textdaten><text format="XML"><Content><P>Der Antragsteller hat unverzüglich alle Veränderungen der in § 8 bezeichneten Angaben anzuzeigen. Die Anzeige ist an die Flaggenbehörde zu richten. Auf Verlangen der Flaggenbehörde ist der Flaggenschein zur Berichtigung vorzulegen.</P></Content></text></textdaten></norm>
<norm builddate="20170608220516" doknr="BJNR013890990BJNG000500328"><metadaten><jurabk>FlRV</jurabk><gliederungseinheit><gliederungskennzahl>020030</gliederungskennzahl><gliederungsbez>3.</gliederungsbez><gliederungstitel>Flaggenbescheinigungen</gliederungstitel></gliederungseinheit></metadaten><textdaten><text format="XML"><Content><P/></Content></text></textdaten></norm>
<norm builddate="20170608220516" doknr="BJNR013890990BJNE002501308"><metadaten><jurabk>FlRV</jurabk><enbez>§ 12</enbez></metadaten><textdaten><text format="XML"><Content><P>Flaggenbescheinigungen (§ 3 Buchstabe c des Flaggenrechtsgesetzes) werden ausgestellt: <DL Font="normal" Type="arabic"><DT>1.</DT><DD Font="normal"><LA Size="normal">für Seeschiffe der Bundeswehr vom Bundesministerium der Verteidigung;</LA></DD> <DT>2.</DT><DD Font="normal"><LA Size="normal">für die anderen in § 3 Buchstabe c des Flaggenrechtsgesetzes genannten Seeschiffe von der Flaggenbehörde.</LA></DD> </DL></P></Content></text><fussnoten/></textdaten></norm>
<norm builddate="20170608220516" doknr="BJNR013890990BJNE002600328"><metadaten><jurabk>FlRV</jurabk><enbez>§ 13</enbez></metadaten><textdaten><text format="XML"><Content><P>Die Flaggenbescheinigung berührt nicht die Vorschriften darüber, ob und wie anstelle oder neben der Bundesflagge eine Dienstflagge gesetzt werden darf.</P></Content></text></textdaten></norm>
<norm builddate="20170608220516" doknr="BJNR013890990BJNG000600328"><metadaten><jurabk>FlRV</jurabk><gliederungseinheit><gliederungskennzahl>020040</gliederungskennzahl><gliederungsbez>4.</gliederungsbez><gliederungstitel>Flaggenzertifikate</gliederungstitel></gliederungseinheit></metadaten><textdaten><text format="XML"><Content><P/></Content></text></textdaten></norm>
<norm builddate="20170608220516" doknr="BJNR013890990BJNE002700328"><metadaten><jurabk>FlRV</jurabk><enbez>§ 14</enbez></metadaten><textdaten><text format="XML"><Content><P>Für die Erteilung der Flaggenzertifikate (§ 3 Buchstabe d des Flaggenrechtsgesetzes) ist die Flaggenbehörde zuständig.</P></Content></text></textdaten></norm>
<norm builddate="20170608220516" doknr="BJNR013890990BJNE002800328"><metadaten><jurabk>FlRV</jurabk><enbez>§ 15</enbez></metadaten><textdaten><text format="XML"><Content><P>(1) Wird der Antrag auf Erteilung eines Flaggenzertifikats für ein Seeschiff gestellt, das nicht nach den Vorschriften der §§ 1 oder 2 des Flaggenrechtsgesetzes zur Führung der Bundesflagge berechtigt ist, so ist er mit dem Antrag auf Verleihung der Befugnis hierzu zu verbinden.</P><P>(2) Für Fahrzeuge, die nach ihrer Bauart nicht zur Seefahrt im Sinne des § 1 des Flaggenrechtsgesetzes bestimmt sind, kann ein Antrag auf Erteilung eines Flaggenzertifikats nicht gestellt werden.</P></Content> </text></textdaten></norm>
<norm builddate="20170608220516" doknr="BJNR013890990BJNE002900328"><metadaten><jurabk>FlRV</jurabk><enbez>§ 16</enbez></metadaten><textdaten><text format="XML"><Content><P>(1) Der Antrag auf Erteilung eines Flaggenzertifikats ist vom Eigentümer des Seeschiffs zu stellen.</P><P>(2) In dem Antrag sind die in § 3 Abs. 1 Nr. 1, 3 bis 5, 7 bis 9 genannten Daten sowie folgende Identitätsmerkmale des Schiffes anzugeben: <DL Font="normal" Type="arabic"><DT>1.</DT><DD Font="normal"><LA Size="normal">die Rumpflänge, gemessen zwischen den äußersten Punkten des Vorstevens und des Hinterstevens,</LA></DD> <DT>2.</DT><DD Font="normal"><LA Size="normal">die Baunummer oder Bootsnummer, falls diese am Rumpf fest angebracht sind,</LA></DD> <DT>3.</DT><DD Font="normal"><LA Size="normal">die Motornummer,</LA></DD> <DT>4.</DT><DD Font="normal"><LA Size="normal">sonstige für die Identität wesentliche Merkmale.</LA></DD> </DL> </P><P>(3) § 3 Abs. 2 Satz 1 gilt entsprechend.</P></Content> </text></textdaten></norm>
<norm builddate="20170608220516" doknr="BJNR013890990BJNE003002305"><metadaten><jurabk>FlRV</jurabk><enbez>§ 17</enbez></metadaten><textdaten><text format="XML"><Content><P>Ist der Antragsteller nicht Deutscher im Sinne der §§ 1 und 2 des Flaggenrechtsgesetzes oder einem Deutschen nach dessen § 2 oder 23 gleichgestellt, wird das Flaggenzertifikat unter dem Vorbehalt des Widerrufs nach Maßgabe der Verleihung der Befugnis zur Führung der Bundesflagge ausgestellt. In den Fällen des § 2 Absatz 1 Nummer 3 des Flaggenrechtsgesetzes ist bei der Ausstellung eines Flaggenzertifikats eine gesonderte Bescheinigung nach § 5b Abs. 1 nicht erforderlich.</P></Content></text><fussnoten/></textdaten></norm>
<norm builddate="20170608220516" doknr="BJNR013890990BJNE003100328"><metadaten><jurabk>FlRV</jurabk><enbez>§ 18</enbez></metadaten><textdaten><text format="XML"><Content><P>(1) Flaggenzertifikate sind spätestens nach Ablauf von 8 Jahren seit ihrer Ausstellung ungültig, es sei denn, die Gültigkeitsdauer wird für jeweils höchstens den gleichen Zeitraum verlängert.</P><P>(2) § 11 gilt für die in § 16 bezeichneten Angaben entsprechend.</P></Content> </text></textdaten></norm>
<norm builddate="20170608220516" doknr="BJNR013890990BJNG000701305"><metadaten><jurabk>FlRV</jurabk><gliederungseinheit><gliederungskennzahl>030</gliederungskennzahl><gliederungsbez>Dritter Abschnitt</gliederungsbez><gliederungstitel>Genehmigung der Führung einer anderen Nationalflagge (§ 7 des Flaggenrechtsgesetzes)</gliederungstitel></gliederungseinheit></metadaten><textdaten><text format="XML"><Content><P/></Content></text><fussnoten/></textdaten></norm>
<norm builddate="20170608220516" doknr="BJNR013890990BJNE003201305"><metadaten><jurabk>FlRV</jurabk><enbez>§ 19</enbez></metadaten><textdaten><text format="XML"><Content><P>(weggefallen)</P></Content></text><fussnoten/></textdaten></norm>
<norm builddate="20170608220516" doknr="BJNR013890990BJNE003302305"><metadaten><jurabk>FlRV</jurabk><enbez>§ 20</enbez></metadaten><textdaten><text format="XML"><Content><P>(1) Der Antrag hat die in § 3 Abs. 1 Nr. 1 bis 7, 9 und 10 bezeichneten Angaben zu enthalten.</P><P>(2) Der Antrag muss ferner enthalten <DL Font="normal" Type="arabic"><DT>1.</DT><DD Font="normal"><LA Size="normal">wenn der Antragsteller nicht der Eigentümer des Seeschiffes ist, <DL Font="normal" Type="alpha"><DT>a)</DT><DD Font="normal"><LA Size="normal">die Angabe des Namens, der Staatsangehörigkeit und des Wohnsitzes oder Sitzes des Antragstellers einschließlich der Telekommunikationsverbindungen des Antragstellers und</LA></DD><DT>b)</DT><DD Font="normal"><LA Size="normal">die Zustimmung des Eigentümers zur Führung der anderen Nationalflagge;</LA></DD></DL></LA></DD><DT>2.</DT><DD Font="normal"><LA Size="normal">in den Fällen des § 7 Absatz 2 des Flaggenrechtsgesetzes die Verpflichtung zur Ausbildung;</LA></DD><DT>3.</DT><DD Font="normal"><LA Size="normal">in den Fällen des § 7 Absatz 3 des Flaggenrechtsgesetzes die Erklärung über die Zahlung des Ablösebetrages;</LA></DD><DT>4.</DT><DD Font="normal"><LA Size="normal">die Angabe der künftig zu führenden Nationalflagge;</LA></DD><DT>5.</DT><DD Font="normal"><LA Size="normal">die Zustimmung des künftigen Flaggenstaates zur Flaggenführung;</LA></DD><DT>6.</DT><DD Font="normal"><LA Size="normal">die Angabe über die in Abteilung III des Schiffsregisters eingetragenen Gläubigerrechte;</LA></DD><DT>7.</DT><DD Font="normal"><LA Size="normal">die Zustimmung der eingetragenen Gläubiger zur Führung der anderen Flagge.</LA></DD></DL></P><P>(3) Dem Antrag sind beizufügen: <DL Font="normal" Type="arabic"><DT>1.</DT><DD Font="normal"><LA Size="normal">zu den Absätzen 1 und 2 Nummer 6 eine amtlich beglaubigte Abschrift oder Ablichtung des Schiffsregisterblatts nach dem neusten Stand;</LA></DD><DT>2.</DT><DD Font="normal"><LA Size="normal">zu Absatz 2 Nummer 1 Buchstabe b eine Erklärung des Eigentümers;</LA></DD><DT>3.</DT><DD Font="normal"><LA Size="normal">zu Absatz 2 Nummer 2 eine schriftliche Erklärung des Antragstellers;</LA></DD><DT>4.</DT><DD Font="normal"><LA Size="normal">zu Absatz 2 Nummer 3 eine von der nach § 7 Absatz 3 des Flaggenrechtsgesetzes errichteten Einrichtung ausgestellte Bescheinigung;</LA></DD><DT>5.</DT><DD Font="normal"><LA Size="normal">zu Absatz 2 Nummer 5 eine Bescheinigung des künftigen Flaggenstaates, die den Namen des Schiffes, die Dauer der Gestattung der Führung der ausländischen Flagge sowie die Bestätigung enthält, dass das Schiff einschließlich der Hypotheken im deutschen Schiffsregister eingetragen bleiben kann;</LA></DD><DT>6.</DT><DD Font="normal"><LA Size="normal">zu Absatz 2 Nummer 7 eine schriftliche Erklärung der Gläubiger.</LA></DD></DL></P><P>(3a) Die Staatsangehörigkeit des Eigentümers und des Antragstellers sowie die sonstigen Angaben nach Absatz 2 Nummer 1 Buchstabe a sind glaubhaft zu machen.</P><P>(4) § 11 Satz 1 und 2 gilt für die in den Absätzen 1 und 2 bezeichneten Angaben entsprechend.</P></Content></text><fussnoten/></textdaten></norm>
<norm builddate="20170608220516" doknr="BJNR013890990BJNE005200305"><metadaten><jurabk>FlRV</jurabk><enbez>§ 20a</enbez></metadaten><textdaten><text format="XML"><Content><P>(1) Für den Nachweis nach § 7 Absatz 2 Satz 4 des Flaggenrechtsgesetzes sind die Personen, durch die ein Platz zur seefahrtbezogenen Ausbildung an Bord des ausgeflaggten Seeschiffes im Sinne des § 7 Absatz 2 Satz 1 des Flaggenrechtsgesetzes besetzt wird, und die Zeiträume ihrer Beschäftigung an Bord des ausgeflaggten Seeschiffes anzugeben.</P><P>(2) Die Angaben sind durch Vorlage von Ablichtungen geeigneter Unterlagen, insbesondere der entsprechenden Besatzungslisten, Ausbildungsverträge und Heuerverträge nachzuweisen.</P></Content></text><fussnoten/></textdaten></norm>
<norm builddate="20170608220516" doknr="BJNR013890990BJNG000800328"><metadaten><jurabk>FlRV</jurabk><gliederungseinheit><gliederungskennzahl>040</gliederungskennzahl><gliederungsbez>Vierter Abschnitt</gliederungsbez><gliederungstitel>Register</gliederungstitel></gliederungseinheit></metadaten><textdaten><text format="XML"><Content><P/></Content></text></textdaten></norm>
<norm builddate="20170608220516" doknr="BJNR013890990BJNG000900328"><metadaten><jurabk>FlRV</jurabk><gliederungseinheit><gliederungskennzahl>040010</gliederungskennzahl><gliederungsbez>1.</gliederungsbez><gliederungstitel>Flaggenregister</gliederungstitel></gliederungseinheit></metadaten><textdaten><text format="XML"><Content><P/></Content></text></textdaten></norm>
<norm builddate="20170608220516" doknr="BJNR013890990BJNE003402305"><metadaten><jurabk>FlRV</jurabk><enbez>§ 21</enbez></metadaten><textdaten><text format="XML"><Content><P>(1) Die Flaggenbehörde führt ein Register aller Seeschiffe, denen ein amtlicher Ausweis über die Berechtigung zur Führung der Bundesflagge (§ 3 des Flaggenrechtsgesetzes) erteilt worden ist (§ 22 Nr. 6 Buchstabe d des Flaggenrechtsgesetzes).</P><P>(2) In das Register werden neben einer fortlaufenden Nummer und dem Datum der Eintragung aufgenommen: <DL Font="normal" Type="arabic"><DT>1.</DT><DD Font="normal"><LA Size="normal">die Art des Ausweises, das Datum seiner Erteilung und im Falle der Befristung die Gültigkeitsdauer,</LA></DD><DT>2.</DT><DD Font="normal"><LA Size="normal">bei Schiffen, die in einem deutschen Schiffsregister eingetragen sind, der aus den Abteilungen I und II des Schiffsregisters ersichtliche Inhalt sowie die in § 3 Abs. 1 Nr. 9 und 10 bezeichneten Daten, in den Fällen des § 2 Absatz 1 Nummer 3 des Flaggenrechtsgesetzes ferner die in der Bescheinigung nach § 5b Abs. 1 genannte beauftragte Person,</LA></DD><DT>3.</DT><DD Font="normal"><LA Size="normal">bei Schiffen, für die ein Flaggenzertifikat erteilt worden ist, die in § 3 Abs. 1 Nr. 1 und 3 bis 5 enthaltenen Tatsachen sowie der Name des Eigentümers, die Rumpflänge des Schiffes und die Nummer des Flaggenzertifikats,</LA></DD><DT>4.</DT><DD Font="normal"><LA Size="normal">bei sonstigen Schiffen die in § 3 Abs. 1 Nr. 1 bis 6, 9 und 10 bezeichneten Daten sowie der Name des Eigentümers,</LA></DD><DT>4a.</DT><DD Font="normal"><LA Size="normal">bei Plattformen, die zeitweilig schwimmen und zeitweilig fest mit dem Boden verankert sind, der Ort der Verankerung,</LA></DD><DT>5.</DT><DD Font="normal"><LA Size="normal">in den Fällen der §§ 10 und 11 des Flaggenrechtsgesetzes zusätzlich zu den unter Nummer 4 bezeichneten Daten der Inhalt der verliehenen Berechtigung,</LA></DD><DT>6.</DT><DD Font="normal"><LA Size="normal">in den Fällen des § 7 des Flaggenrechtsgesetzes der Ausrüster, der neue Flaggenstaat und der Zeitraum, während dessen das Recht zur Führung der Bundesflagge nicht ausgeübt werden darf,</LA></DD><DT>7.</DT><DD Font="normal"><LA Size="normal">alle Veränderungen der unter den Nummern 1 bis 6 bezeichneten Daten.</LA></DD></DL></P></Content></text><fussnoten/></textdaten></norm>
<norm builddate="20170608220516" doknr="BJNR013890990BJNE003500328"><metadaten><jurabk>FlRV</jurabk><enbez>§ 22</enbez></metadaten><textdaten><text format="XML"><Content><P>Die Eintragung wird zehn Jahre nach Beendigung der Berechtigung zur Führung der Bundesflagge gelöscht.</P></Content></text></textdaten></norm>
<norm builddate="20170608220516" doknr="BJNR013890990BJNG001000328"><metadaten><jurabk>FlRV</jurabk><gliederungseinheit><gliederungskennzahl>040020</gliederungskennzahl><gliederungsbez>2.</gliederungsbez><gliederungstitel>Internationales Seeschiffahrtsregister</gliederungstitel></gliederungseinheit></metadaten><textdaten><text format="XML"><Content><P/></Content></text></textdaten></norm>
<norm builddate="20170608220516" doknr="BJNR013890990BJNE003600328"><metadaten><jurabk>FlRV</jurabk><enbez>§ 23</enbez></metadaten><textdaten><text format="XML"><Content><P>Das internationale Seeschiffahrtsregister (§ 12 des Flaggenrechtsgesetzes) wird von der Flaggenbehörde als Anhang zum Flaggenregister geführt. Es enthält über die Angaben im Flaggenregister hinaus nur den Vermerk, daß das Schiff im internationalen Seeschiffahrtsregister eingetragen ist.</P></Content></text></textdaten></norm>
<norm builddate="20170608220516" doknr="BJNR013890990BJNE003700328"><metadaten><jurabk>FlRV</jurabk><enbez>§ 24</enbez></metadaten><textdaten><text format="XML"><Content><P>Mit dem Antrag auf Eintragung in das internationale Seeschiffahrtsregister hat der Eigentümer glaubhaft die Tatsachen anzugeben, aus denen sich der Betrieb des Schiffs im internationalen Verkehr im Sinne des § 34c Abs. 4 des Einkommensteuergesetzes in der jeweils geltenden Fassung ergibt.</P></Content></text></textdaten></norm>
<norm builddate="20170608220516" doknr="BJNR013890990BJNE003800328"><metadaten><jurabk>FlRV</jurabk><enbez>§ 25</enbez></metadaten><textdaten><text format="XML"><Content><P>(1) Ein im Internationalen Seeschiffahrtsregister eingetragenes Seeschiff wird ausgetragen <DL Font="normal" Type="arabic"><DT>1.</DT><DD Font="normal"><LA Size="normal">auf Antrag oder</LA></DD> <DT>2.</DT><DD Font="normal"><LA Size="normal">von Amts wegen, wenn der Flaggenbehörde bekannt wird, daß die gesetzlichen Eintragungsvoraussetzungen nicht erfüllt sind.</LA></DD> </DL>Ein Schiff wird nicht ausgetragen, wenn nur der eingetragene Name geändert wird.</P><P>(2) Die Eintragung wird zehn Jahre nach Austragung des Seeschiffs gelöscht.</P></Content> </text></textdaten></norm>
<norm builddate="20170608220516" doknr="BJNR013890990BJNG001100328"><metadaten><jurabk>FlRV</jurabk><gliederungseinheit><gliederungskennzahl>050</gliederungskennzahl><gliederungsbez>Fünfter Abschnitt</gliederungsbez><gliederungstitel>Ergänzende Vorschriften</gliederungstitel></gliederungseinheit></metadaten><textdaten><text format="XML"><Content><P/></Content></text></textdaten></norm>
<norm builddate="20170608220516" doknr="BJNR013890990BJNE003900328"><metadaten><jurabk>FlRV</jurabk><enbez>§ 26</enbez></metadaten><textdaten><text format="XML"><Content><P>(1) Bei der Anwendung dieser Verordnung ist den völkerrechtlichen Verantwortlichkeiten der Bundesrepublik Deutschland als Flaggen- und als Registerstaat Rechnung zu tragen.</P><P>(2) Diese Verordnung läßt die Verpflichtungen des Antragstellers, Kontrollen in technischen, sozialen und Verwaltungsangelegenheiten über das Schiff zuzulassen und es insbesondere den vorgeschriebenen Besichtigungen und Prüfungen zu stellen, unberührt.</P></Content> </text></textdaten></norm>
<norm builddate="20170608220516" doknr="BJNR013890990BJNE004000328"><metadaten><jurabk>FlRV</jurabk><enbez>§ 27</enbez></metadaten><textdaten><text format="XML"><Content><P>Flaggenbehörde ist das Bundesamt für Seeschiffahrt und Hydrographie.</P></Content></text></textdaten></norm>
<norm builddate="20170608220516" doknr="BJNR013890990BJNE004100328"><metadaten><jurabk>FlRV</jurabk><enbez>§ 28</enbez></metadaten><textdaten><text format="XML"><Content><P>(1) Die Anträge im Sinne dieser Verordnung sollen rechtzeitig für jedes Schiff gesondert gestellt werden. Die Flaggenbehörde gibt Muster der Anträge im Verkehrsblatt bekannt.</P><P>(2) Die Flaggenbehörde kann bei der Ermittlung von Tatsachen, die glaubhaft zu machen sind, vom Antragsteller oder von Dritten eine Versicherung an Eides Statt verlangen und abnehmen.</P></Content> </text></textdaten></norm>
<norm builddate="20170608220516" doknr="BJNR013890990BJNE004204305"><metadaten><jurabk>FlRV</jurabk><enbez>§ 29</enbez></metadaten><textdaten><text format="XML"><Content><P>Das Bundesministerium für Verkehr und digitale Infrastruktur gibt die Muster der amtlichen Ausweise über die Berechtigung zur Führung der Bundesflagge und die Muster der Formblätter zur lückenlosen Stammdatendokumentation im Sinne des § 13 Abs. 2 Satz 1 des Flaggenrechtsgesetzes im Verkehrsblatt bekannt.</P></Content></text><fussnoten/></textdaten></norm>
<norm builddate="20170608220516" doknr="BJNR013890990BJNE004301308"><metadaten><jurabk>FlRV</jurabk><enbez>§ 30</enbez></metadaten><textdaten><text format="XML"><Content><P>(1) Die Anzeige des Schiffsnamens und dessen Änderung ist an die Flaggenbehörde zu richten; diese ist auch für die Untersagung der Führung von Schiffsnamen (§ 9 Abs. 3 des Flaggenrechtsgesetzes) zuständig.</P><P>(2) Namen und Hafen sind am Schiff in lateinischer Schrift unter Berücksichtigung der Größe des Schiffs so anzubringen, daß in Fahrt eine ausreichende Lesbarkeit durch andere Verkehrsteilnehmer bei guten Sichtverhältnissen gewährleistet ist.</P><P>(3) Die IMO-Schiffsidentifikationsnummer im Sinne des § 9a Abs. 1 des Flaggenrechtsgesetzes muss deutlich und vollständig sichtbar, von anderen Markierungen am Schiffskörper abgesetzt, mindestens 200 Millimeter hoch und in einer mit der Umgebung kontrastierenden Farbe angebracht sein. Sie ist in Form eines erhabenen oder eines vertieften Reliefs, durch Aufnieten oder in einem sonstigen gleichwertigen Markierungsverfahren auszuführen, durch das sichergestellt ist, dass die IMO-Schiffsidentifikationsnummer nicht leicht unkenntlich gemacht werden kann.</P></Content>  </text><fussnoten/></textdaten></norm>
<norm builddate="20170608220516" doknr="BJNR013890990BJNE005101305"><metadaten><jurabk>FlRV</jurabk><enbez>§ 30a</enbez></metadaten><textdaten><text format="XML"><Content><P>(1) Die Bescheinigung über die lückenlose Stammdatendokumentation im Sinne des § 13 Abs. 2 Satz 1 des Flaggenrechtsgesetzes ist vom Eigentümer des Seeschiffes bei der Flaggenbehörde zu beantragen. Dem Antrag sind die für die lückenlose Stammdatendokumentation erforderlichen Informationen beizufügen. Änderungen sind der Flaggenbehörde unverzüglich mitzuteilen.</P><P>(2) Die Flaggenbehörde fasst die lückenlose Stammdatendokumentation nach Maßgabe der von der Internationalen Seeschifffahrtsorganisation auf ihrer 23. Tagung am 5. Dezember 2003 angenommenen Entschließung A.959(23) über das Format und die Richtlinien zur Führung der lückenlosen Stammdatendokumentation (VkBl. 2004 S. 414), die durch die Entschließung MSC.196(80), angenommen am 20. Mai 2005 (VkBl. 2009 S. 37), und durch die Entschließung MSC.198/80, angenommen am 20. Mai 2005 (VkBl. 2008 S. 504), geändert worden ist, unter Verwendung des Formblattes 1 der Entschließung in deutscher und englischer Sprache ab.</P><P>(3) Änderungen der in der lückenlosen Stammdatendokumentation eingetragenen Angaben sind vom Eigentümer des Seeschiffes oder einer von ihm beauftragten Person, insbesondere dem Schiffsführer, unverzüglich unter Verwendung der Formblätter nach § 29 zu erfassen und der lückenlosen Stammdatendokumentation beizufügen. Die Änderungen sind der Flaggenbehörde unverzüglich mitzuteilen.</P><P>(4) Die Flaggenbehörde stellt innerhalb von drei Monaten ab dem Datum der ersten Änderung dem Seeschiff eine aktualisierte lückenlose Stammdatendokumentation aus. Der Schiffsführer ist verpflichtet, nach Erhalt der aktualisierten Stammdatendokumentation die Maßnahmen nach den Nummern 10 und 11 der Anlage zur Entschließung A.959(23) zu ergreifen.</P></Content></text><fussnoten/></textdaten></norm>
<norm builddate="20170608220516" doknr="BJNR013890990BJNE004400328"><metadaten><jurabk>FlRV</jurabk><enbez>§ 31</enbez></metadaten><textdaten><text format="XML"><Content><P>(1) Für jedes Schiff wird über die Berechtigung zur Führung der Bundesflagge nur ein Ausweis erteilt.</P><P>(2) Der Berechtigte hat, soweit möglich, den Ausweis unverzüglich der Flaggenbehörde zuzuleiten, wenn seine Berechtigung zur Führung der Bundesflagge vor Ablauf der in dem Ausweis angegebenen Gültigkeitsdauer endet oder das Schiff untergeht oder ausbesserungsunfähig wird. Die Flaggenbehörde hat den Ausweis in diesen Fällen unbrauchbar zu machen.</P><P>(3) Die Absätze 1 und 2 gelten nicht für das Schiffszertifikat.</P></Content>  </text></textdaten></norm>
<norm builddate="20170608220516" doknr="BJNR013890990BJNG001200328"><metadaten><jurabk>FlRV</jurabk><gliederungseinheit><gliederungskennzahl>060</gliederungskennzahl><gliederungsbez>Sechster Abschnitt</gliederungsbez><gliederungstitel>Schlußbestimmungen</gliederungstitel></gliederungseinheit></metadaten><textdaten><text format="XML"><Content><P/></Content></text></textdaten></norm>
<norm builddate="20170608220516" doknr="BJNR013890990BJNE004501308"><metadaten><jurabk>FlRV</jurabk><enbez>§ 32</enbez></metadaten><textdaten><text format="XML"><Content><P>-</P></Content></text><fussnoten/></textdaten></norm>
<norm builddate="20170608220516" doknr="BJNR013890990BJNE004600328"><metadaten><jurabk>FlRV</jurabk><enbez>§ 33</enbez></metadaten><textdaten><text format="XML"><Content><P>Diese Verordnung tritt am Tage nach der Verkündung in Kraft.</P></Content></text><fussnoten/></textdaten></norm>
<norm builddate="20170608220516" doknr="BJNR013890990BJNE004701308"><metadaten><jurabk>FlRV</jurabk><enbez>Anlage</enbez><titel format="XML">(zu § 5 Abs. 1)</titel></metadaten><textdaten><text format="XML"><Content><P><ABWFORMAT typ="A"/><kommentar typ="Fundstelle">Fundstelle des Originaltextes: BGBl. I 1990, 1394;<BR/>bzgl. der einzelnen Änderungen vgl. Fußnote.</kommentar></P><P><pre xml:space="preserve">    (Bundesadler)             <B>Bundesrepublik Deutschland<BR/>                              Federal Republic of Germany<BR/> <BR/>                    Schiffsvorzertifikat<BR/>                Provisional Ship Certificate</B><BR/> <BR/>Hiermit wird bescheinigt, daß das nachstehend bezeichnete<BR/>Schiff nach § ... des Flaggenrechtsgesetzes berechtigt ist,<BR/>die Flagge der Bundesrepublik Deutschland zu führen, und<BR/>daß ihm alle Rechte, Eigenschaften und Privilegien eines<BR/>deutschen Schiffes zustehen.<BR/><small>This is to certify that, under the provisions of Section ...<BR/>of the Flag Act, the ship described below ist entitled to fly<BR/>the flag of the Federal Republic of Germany and that all the<BR/>properties, rights and privileges inherent in a German ship<BR/>are lawfully due to her.</small><BR/> <BR/>1. Name des Schiffes: ........................................<BR/>   <small>Name of Ship</small><BR/>2. IMO-Nummer und Unterscheidungssignal: .....................<BR/>   <small>IMO-Number and Distinctive Number or Letters</small><BR/>3. Fahrzeugtyp, Gattung, Hauptbaustoff: .......................<BR/>   <small>Type and Category of Ship, Main building material</small><BR/>4. Heimathafen: ..............................................<BR/>   <small>Domestic Port</small><BR/>5. Länge: ....................................................<BR/>   <small>Length</small><BR/>6. Meßbrief: .................................................<BR/>   <small>Tonnage Certificate</small><BR/> <BR/>Dieses Schiffsvorzertifikat ist gültig bis ...................<BR/><small>The present Certificate ist valid until</small><BR/> <BR/>Wird für das Schiff ein Schiffszertifikat erteilt, ist dieses<BR/>Schiffsvorzertifikat dem Schiffsregistergericht abzugeben<BR/>(§ 5 Abs. 3 Flaggenrechtsverordnung).<BR/> <BR/>................................, den ...................<BR/>(Ort und Datum der Ausstellung)<BR/><small>(Place and Date of issue)</small><BR/>                                    Ausstellende Behörde<BR/>                                      <small>Issuing Authority</small><BR/>                                .............................<BR/>           (Siegel)                     (Unterschrift)<BR/>            <small>(Seal) <BR/> (Signature) <BR/><BR/><IMG SRC="pdf_grafiken_o_38_17_flrv.gif" alt=""/> </small></pre></P></Content></text><fussnoten/></textdaten></norm>
</dokumente>