<?xml version="1.0" encoding="UTF-8" ?><!DOCTYPE dokumente SYSTEM "http://www.gesetze-im-internet.de/dtd/1.01/gii-norm.dtd">
<dokumente builddate="20240208215005" doknr="BJNR128400016"><norm builddate="20240208215005" doknr="BJNR128400016"><metadaten><jurabk>SUrlV 2016</jurabk><amtabk>SUrlV</amtabk><ausfertigung-datum manuell="ja">2016-06-01</ausfertigung-datum><fundstelle typ="amtlich"><periodikum>BGBl I</periodikum><zitstelle>2016, 1284</zitstelle></fundstelle><kurzue>Sonderurlaubsverordnung</kurzue><langue>Verordnung über den Sonderurlaub für Bundesbeamtinnen und Bundesbeamte sowie für Richterinnen und Richter des Bundes</langue><standangabe checked="ja"><standtyp>Stand</standtyp><standkommentar>Zuletzt geändert durch Art. 2 V v. 7.2.2024 I Nr. 37</standkommentar></standangabe><standangabe checked="ja"><standtyp>Sonst</standtyp><standkommentar>Ersetzt V 2030-2-11 v. 18.8.1965 I 902 (SUrlV)</standkommentar></standangabe></metadaten><textdaten><fussnoten><Content><P><BR/> <pre xml:space="preserve">(+++ Textnachweis ab: 9.6.2016 +++)<BR/><BR/></pre></P></Content></fussnoten></textdaten></norm>
<norm builddate="20240208215005" doknr="BJNR128400016BJNE000100000"><metadaten><jurabk>SUrlV 2016</jurabk><jurabk>SUrlV</jurabk><enbez>Eingangsformel</enbez></metadaten><textdaten><text format="XML"><Content><P>Auf Grund des § 90 Absatz 1 des Bundesbeamtengesetzes vom 5. Februar 2009 (BGBl. I S. 160) verordnet die Bundesregierung:</P></Content></text></textdaten></norm>
<norm builddate="20240208215005" doknr="BJNR128400016BJNE000201311"><metadaten><jurabk>SUrlV 2016</jurabk><jurabk>SUrlV</jurabk><enbez>Inhaltsübersicht</enbez></metadaten><textdaten><text format="XML"><TOC><table colsep="0" frame="none" pgwide="1" rowsep="0" tocentry="%yes;"><tgroup align="left" char="" charoff="50" cols="2"><colspec colname="col1" colnum="1" colwidth="10*"/><colspec colname="col2" colnum="2" colwidth="100*"/><tbody valign="top"><row><entry VJ="1" colname="col1">§  1</entry><entry VJ="1" colname="col2">Geltungsbereich</entry></row><row><entry VJ="1" colname="col1">§  2</entry><entry VJ="1" colname="col2">Zuständigkeit</entry></row><row><entry VJ="1" colname="col1">§  3</entry><entry VJ="1" colname="col2">Voraussetzungen</entry></row><row><entry VJ="1" colname="col1">§  4</entry><entry VJ="1" colname="col2">Dauer</entry></row><row><entry VJ="1" colname="col1">§  5</entry><entry VJ="1" colname="col2">Sonderurlaub zur Ausübung staatsbürgerlicher Rechte und zur Erfüllung staatsbürgerlicher Pflichten</entry></row><row><entry VJ="1" colname="col1">§  6</entry><entry VJ="1" colname="col2">Sonderurlaub zur Ausübung einer Tätigkeit in öffentlichen zwischenstaatlichen oder überstaatlichen Einrichtungen oder in einer öffentlichen Einrichtung eines Mitgliedstaates der Europäischen Union</entry></row><row><entry VJ="1" colname="col1">§  7</entry><entry VJ="1" colname="col2">Sonderurlaub zur Wahrnehmung von Aufgaben der Entwicklungszusammenarbeit</entry></row><row><entry VJ="1" colname="col1">§  8</entry><entry VJ="1" colname="col2">Sonderurlaub im Rahmen des Aufstiegs in eine Laufbahn des gehobenen oder höheren Dienstes</entry></row><row><entry VJ="1" colname="col1">§  9</entry><entry VJ="1" colname="col2">Sonderurlaub für Aus- oder Fortbildung</entry></row><row><entry VJ="1" colname="col1">§ 10</entry><entry VJ="1" colname="col2">Sonderurlaub für fremdsprachliche Aus- oder Fortbildung</entry></row><row><entry VJ="1" colname="col1">§ 11</entry><entry VJ="1" colname="col2">Sonderurlaub für Zwecke der militärischen und zivilen Verteidigung</entry></row><row><entry VJ="1" colname="col1">§ 12</entry><entry VJ="1" colname="col2">Sonderurlaub für vereinspolitische Zwecke</entry></row><row><entry VJ="1" colname="col1">§ 13</entry><entry VJ="1" colname="col2">Sonderurlaub zur Ableistung von Freiwilligendiensten</entry></row><row><entry VJ="1" colname="col1">§ 14</entry><entry VJ="1" colname="col2">Sonderurlaub für eine Ausbildung zur Schwesternhelferin oder zum Pflegediensthelfer</entry></row><row><entry VJ="1" colname="col1">§ 15</entry><entry VJ="1" colname="col2">Sonderurlaub für gewerkschaftliche Zwecke</entry></row><row><entry VJ="1" colname="col1">§ 16</entry><entry VJ="1" colname="col2">Sonderurlaub für kirchliche Zwecke</entry></row><row><entry VJ="1" colname="col1">§ 17</entry><entry VJ="1" colname="col2">Sonderurlaub für sportliche Zwecke</entry></row><row><entry VJ="1" colname="col1">§ 18</entry><entry VJ="1" colname="col2">Sonderurlaub für Familienheimfahrten</entry></row><row><entry VJ="1" colname="col1">§ 19</entry><entry VJ="1" colname="col2">Sonderurlaub aus dienstlichen Anlässen</entry></row><row><entry VJ="1" colname="col1">§ 20</entry><entry VJ="1" colname="col2">Sonderurlaub aus medizinischen Anlässen</entry></row><row><entry VJ="1" colname="col1">§ 21</entry><entry VJ="1" colname="col2">Sonderurlaub aus persönlichen Anlässen</entry></row><row><entry VJ="1">§ 21a</entry><entry VJ="1">Sonderurlaub bei Mitaufnahme oder ganztägiger Begleitung bei stationärer Krankenhausbehandlung</entry></row><row><entry VJ="1" colname="col1">§ 22</entry><entry VJ="1" colname="col2">Sonderurlaub in anderen Fällen</entry></row><row><entry VJ="1" colname="col1">§ 23</entry><entry VJ="1" colname="col2">Verfahren</entry></row><row><entry VJ="1" colname="col1">§ 24</entry><entry VJ="1" colname="col2">Widerruf</entry></row><row><entry VJ="1" colname="col1">§ 25</entry><entry VJ="1" colname="col2">Ersatz von Mehraufwendungen</entry></row><row><entry VJ="1" colname="col1">§ 26</entry><entry VJ="1" colname="col2">Besoldung</entry></row><row><entry VJ="1" colname="col1">§ 27</entry><entry VJ="1" colname="col2">Inkrafttreten, Außerkrafttreten</entry></row></tbody></tgroup></table></TOC></text><fussnoten/></textdaten></norm>
<norm builddate="20240208215005" doknr="BJNR128400016BJNE000300000"><metadaten><jurabk>SUrlV 2016</jurabk><jurabk>SUrlV</jurabk><enbez>§ 1</enbez><titel format="XML">Geltungsbereich</titel></metadaten><textdaten><text format="XML"><Content><P>(1) Diese Verordnung gilt für die Beamtinnen und Beamten des Bundes. Für die Richterinnen und Richter im Bundesdienst gilt diese Verordnung nach § 46 des Deutschen Richtergesetzes entsprechend.</P><P>(2) Ansprüche auf Sonderurlaub für Beamtinnen und Beamte des Bundes sowie Richterinnen und Richter des Bundes, die sich aus anderen Rechtsvorschriften ergeben, bleiben unberührt.</P></Content></text></textdaten></norm>
<norm builddate="20240208215005" doknr="BJNR128400016BJNE000400000"><metadaten><jurabk>SUrlV 2016</jurabk><jurabk>SUrlV</jurabk><enbez>§ 2</enbez><titel format="XML">Zuständigkeit</titel></metadaten><textdaten><text format="XML"><Content><P>Die Entscheidung über die Gewährung von Sonderurlaub trifft – außer in den Fällen des § 22 Absatz 1 Satz 2 und Absatz 3 Satz 2 – die personalverwaltende Dienstbehörde.</P></Content></text></textdaten></norm>
<norm builddate="20240208215005" doknr="BJNR128400016BJNE000500000"><metadaten><jurabk>SUrlV 2016</jurabk><jurabk>SUrlV</jurabk><enbez>§ 3</enbez><titel format="XML">Voraussetzungen</titel></metadaten><textdaten><text format="XML"><Content><P>Sonderurlaub wird nur gewährt, wenn <DL Type="arabic"><DT>1.</DT><DD Font="normal"><LA>der Anlass, für den Sonderurlaub beantragt wurde, nicht außerhalb der Arbeitszeit wahrgenommen oder erledigt werden kann,</LA></DD><DT>2.</DT><DD Font="normal"><LA>dienstliche Gründe nicht entgegenstehen und</LA></DD><DT>3.</DT><DD Font="normal"><LA>die jeweiligen Voraussetzungen der §§ 5 bis 22 erfüllt sind.</LA></DD></DL></P></Content></text></textdaten></norm>
<norm builddate="20240208215005" doknr="BJNR128400016BJNE000600000"><metadaten><jurabk>SUrlV 2016</jurabk><jurabk>SUrlV</jurabk><enbez>§ 4</enbez><titel format="XML">Dauer</titel></metadaten><textdaten><text format="XML"><Content><P>Die in den folgenden Vorschriften bestimmte Urlaubsdauer verlängert sich um erforderliche Reisezeiten.</P></Content></text></textdaten></norm>
<norm builddate="20240208215005" doknr="BJNR128400016BJNE000700000"><metadaten><jurabk>SUrlV 2016</jurabk><jurabk>SUrlV</jurabk><enbez>§ 5</enbez><titel format="XML">Sonderurlaub zur Ausübung staatsbürgerlicher Rechte und zur Erfüllung staatsbürgerlicher Pflichten</titel></metadaten><textdaten><text format="XML"><Content><P>Sonderurlaub unter Fortzahlung der Besoldung ist zu gewähren <DL Type="arabic"><DT>1.</DT><DD Font="normal"><LA>für die Teilnahme an öffentlichen Wahlen und Abstimmungen,</LA></DD><DT>2.</DT><DD Font="normal"><LA>zur Wahrnehmung amtlicher, insbesondere gerichtlicher, staatsanwaltschaftlicher oder polizeilicher Termine, sofern sie nicht durch private Angelegenheiten der Beamtin oder des Beamten veranlasst sind, oder</LA></DD><DT>3.</DT><DD Font="normal"><LA>zur Ausübung einer ehrenamtlichen Tätigkeit oder eines öffentlichen Ehrenamtes, wenn die Übernahme der Tätigkeit auf einer gesetzlichen Vorschrift beruht.</LA></DD></DL></P></Content></text></textdaten></norm>
<norm builddate="20240208215005" doknr="BJNR128400016BJNE000800000"><metadaten><jurabk>SUrlV 2016</jurabk><jurabk>SUrlV</jurabk><enbez>§ 6</enbez><titel format="XML">Sonderurlaub zur Ausübung einer Tätigkeit in öffentlichen zwischenstaatlichen oder überstaatlichen Einrichtungen oder in einer öffentlichen Einrichtung eines Mitgliedstaates der Europäischen Union</titel></metadaten><textdaten><text format="XML"><Content><P>(1) Sonderurlaub unter Wegfall der Besoldung ist zu gewähren bei Entsendung für eine hauptberufliche Tätigkeit <DL Type="arabic"><DT>1.</DT><DD Font="normal"><LA>in einer öffentlichen zwischenstaatlichen oder überstaatlichen Einrichtung,</LA></DD><DT>2.</DT><DD Font="normal"><LA>in der Verwaltung eines Mitgliedstaates der Europäischen Union oder</LA></DD><DT>3.</DT><DD Font="normal"><LA>in einer öffentlichen Einrichtung eines Mitgliedstaates der Europäischen Union.</LA></DD></DL>Die Dauer des Sonderurlaubs richtet sich nach der Dauer der Entsendung.</P><P>(2) Sonderurlaub von bis zu einem Jahr unter Wegfall der Besoldung ist auch für die Wahrnehmung einer hauptberuflichen Tätigkeit nach Absatz 1 Satz 1 zu gewähren, wenn die Beamtin oder der Beamte zu dieser hauptberuflichen Tätigkeit nicht entsandt wird.</P></Content></text></textdaten></norm>
<norm builddate="20240208215005" doknr="BJNR128400016BJNE000900000"><metadaten><jurabk>SUrlV 2016</jurabk><jurabk>SUrlV</jurabk><enbez>§ 7</enbez><titel format="XML">Sonderurlaub zur Wahrnehmung von Aufgaben der Entwicklungszusammenarbeit</titel></metadaten><textdaten><text format="XML"><Content><P>Zur Wahrnehmung von Aufgaben der Entwicklungszusammenarbeit sind bis zu fünf Jahre Sonderurlaub unter Wegfall der Besoldung zu gewähren.</P></Content></text></textdaten></norm>
<norm builddate="20240208215005" doknr="BJNR128400016BJNE001002311"><metadaten><jurabk>SUrlV 2016</jurabk><jurabk>SUrlV</jurabk><enbez>§ 8</enbez><titel format="XML">Sonderurlaub im Rahmen des Aufstiegs in eine Laufbahn des gehobenen oder höheren Dienstes</titel></metadaten><textdaten><text format="XML"><Content><P>Mit Zustimmung des Bundesministeriums des Innern und für Heimat ist Sonderurlaub unter Fortzahlung der Besoldung zu gewähren, wenn Beamtinnen oder Beamte im Rahmen eines Aufstiegs in eine Laufbahn des gehobenen oder des höheren Dienstes nach § 39 Absatz 1 der Bundeslaufbahnverordnung an Studiengängen außerhalb der Hochschulen des Bundes teilnehmen.</P></Content></text><fussnoten/></textdaten></norm>
<norm builddate="20240208215005" doknr="BJNR128400016BJNE001102311"><metadaten><jurabk>SUrlV 2016</jurabk><jurabk>SUrlV</jurabk><enbez>§ 9</enbez><titel format="XML">Sonderurlaub für Aus- oder Fortbildung</titel></metadaten><textdaten><text format="XML"><Content><P>(1) Je Kalenderjahr sind insgesamt jeweils bis zu fünf Arbeitstage Sonderurlaub unter Fortzahlung der Besoldung zu gewähren <DL Font="normal" Type="arabic"><DT>1.</DT><DD Font="normal"><LA Size="normal">für die Teilnahme an wissenschaftlichen Tagungen sowie an beruflichen Aus- und Fortbildungsveranstaltungen, die von staatlichen oder kommunalen Stellen durchgeführt werden, wenn die Teilnahme für die dienstliche Tätigkeit von Nutzen ist,</LA></DD><DT>2.</DT><DD Font="normal"><LA Size="normal">zum Ablegen von Abschlussprüfungen nach einer Aus- oder Fortbildung im Sinne der Nummer 1 und bei Verwaltungs- und Wirtschaftsakademien zum Ablegen von Abschlussprüfungen,</LA></DD><DT>3.</DT><DD Font="normal"><LA Size="normal">für die Teilnahme an Lehrgängen, die der Ausbildung zur Jugendgruppenleiterin oder zum Jugendgruppenleiter dienen, oder</LA></DD><DT>4.</DT><DD Font="normal"><LA Size="normal">für die Tätigkeit als ehrenamtliche Jugendgruppenleiterin oder ehrenamtlicher Jugendgruppenleiter bei Lehrgängen oder Veranstaltungen, wenn diese von Trägern der öffentlichen Jugendhilfe oder anerkannten Trägern der freien Jugendhilfe (§ 75 des Achten Buches Sozialgesetzbuch) durchgeführt werden.</LA></DD></DL></P><P>(2) Für die Teilnahme an förderungswürdigen staatspolitischen Bildungsveranstaltungen sind bis zu zehn Arbeitstage Sonderurlaub unter Fortzahlung der Besoldung zu gewähren. Wird die Bildungsveranstaltung nicht von einer staatlichen Stelle durchgeführt, so gilt dies nur, wenn die Bundeszentrale für politische Bildung die Förderungswürdigkeit anerkannt hat; das Nähere regelt das Bundesministerium des Innern und für Heimat.</P><P>(3) Weiterer Sonderurlaub nach Absatz 2 darf frühestens zwei Jahre nach Beendigung des letzten Sonderurlaubs nach Absatz 2 gewährt werden.</P></Content></text><fussnoten/></textdaten></norm>
<norm builddate="20240208215005" doknr="BJNR128400016BJNE001200000"><metadaten><jurabk>SUrlV 2016</jurabk><jurabk>SUrlV</jurabk><enbez>§ 10</enbez><titel format="XML">Sonderurlaub für fremdsprachliche Aus- oder Fortbildung</titel></metadaten><textdaten><text format="XML"><Content><P>(1) Für eine fremdsprachliche Aus- oder Fortbildung in einem Land, in dem die zu erlernende Sprache gesprochen wird, sind bis zu drei Monate Sonderurlaub unter Fortzahlung der Besoldung zu gewähren. Die Aus- oder Fortbildung muss im dienstlichen Interesse liegen.</P><P>(2) Weiterer Sonderurlaub nach Absatz 1 darf frühestens zwei Jahre nach Beendigung des letzten Sonderurlaubs nach Absatz 1 gewährt werden.</P></Content></text></textdaten></norm>
<norm builddate="20240208215005" doknr="BJNR128400016BJNE001300000"><metadaten><jurabk>SUrlV 2016</jurabk><jurabk>SUrlV</jurabk><enbez>§ 11</enbez><titel format="XML">Sonderurlaub für Zwecke der militärischen und zivilen Verteidigung</titel></metadaten><textdaten><text format="XML"><Content><P>(1) Für die Teilnahme an Ausbildungsveranstaltungen von Organisationen der zivilen Verteidigung ist je Kalenderjahr bis zu zehn Arbeitstage Sonderurlaub unter Fortzahlung der Besoldung zu gewähren.</P><P>(2) Für die Teilnahme an dienstlichen Veranstaltungen im Sinne des § 81 Absatz 1 des Soldatengesetzes oder für die Dauer eines Einsatzes als Mitglied einer Organisation der zivilen Verteidigung ist Sonderurlaub unter Fortzahlung der Besoldung zu gewähren.</P><P>(3) Sonderurlaub unter Fortzahlung der Besoldung ist bei Vorliegen eines dringenden öffentlichen Interesses zu gewähren, für die Dauer der Heranziehung <DL Type="arabic"><DT>1.</DT><DD Font="normal"><LA>zum Feuerlöschdienst einschließlich der von den örtlichen Wehrleitungen angeordneten Übungen,</LA></DD><DT>2.</DT><DD Font="normal"><LA>zum Wasserwehr- oder Deichdienst einschließlich der von den örtlichen Wehrleitungen angeordneten Übungen oder</LA></DD><DT>3.</DT><DD Font="normal"><LA>zum Bergwacht- oder Seenotrettungsdienst zwecks Rettung von Menschenleben und zum freiwilligen Sanitätsdienst.</LA></DD></DL></P></Content></text></textdaten></norm>
<norm builddate="20240208215005" doknr="BJNR128400016BJNE001400000"><metadaten><jurabk>SUrlV 2016</jurabk><jurabk>SUrlV</jurabk><enbez>§ 12</enbez><titel format="XML">Sonderurlaub für vereinspolitische Zwecke</titel></metadaten><textdaten><text format="XML"><Content><P>(1) Einer Beamtin oder einem Beamten, die oder der als Mitglied des Vorstandes einer überörtlichen Selbsthilfeorganisation zur Betreuung behinderter oder suchtkranker Personen an auf Bundes- oder Landesebene stattfindenden Arbeitstagungen solcher Organisationen teilnimmt, sind je Kalenderjahr bis zu fünf Arbeitstage Sonderurlaub unter Fortzahlung der Besoldung zu gewähren.</P><P>(2) Je Kalenderjahr sind bis zu fünf Arbeitstage Sonderurlaub unter Fortzahlung der Besoldung auch zu gewähren für die Teilnahme <DL Type="arabic"><DT>1.</DT><DD Font="normal"><LA>an Sitzungen eines überörtlichen Parteivorstandes, dem die Beamtin oder der Beamte angehört, oder</LA></DD><DT>2.</DT><DD Font="normal"><LA>an Bundes-, Landes- oder Bezirksparteitagen, wenn die Beamtin oder der Beamte als Mitglied eines Parteivorstandes oder als Delegierte oder Delegierter teilnimmt.</LA></DD></DL></P></Content></text></textdaten></norm>
<norm builddate="20240208215005" doknr="BJNR128400016BJNE001500000"><metadaten><jurabk>SUrlV 2016</jurabk><jurabk>SUrlV</jurabk><enbez>§ 13</enbez><titel format="XML">Sonderurlaub zur Ableistung von Freiwilligendiensten</titel></metadaten><textdaten><text format="XML"><Content><P>Bis zu zwei Jahre Sonderurlaub unter Wegfall der Besoldung sind zu gewähren, wenn eine Beamtin oder ein Beamter <DL Type="arabic"><DT>1.</DT><DD Font="normal"><LA>ein freiwilliges soziales Jahr nach § 3 oder § 6 des Jugendfreiwilligendienstegesetzes,</LA></DD><DT>2.</DT><DD Font="normal"><LA>ein freiwilliges ökologisches Jahr nach § 4 oder § 6 des Jugendfreiwilligendienstegesetzes oder</LA></DD><DT>3.</DT><DD Font="normal"><LA>einen Bundesfreiwilligendienst nach dem Bundesfreiwilligendienstgesetz</LA></DD></DL>ableistet.</P></Content></text></textdaten></norm>
<norm builddate="20240208215005" doknr="BJNR128400016BJNE001600000"><metadaten><jurabk>SUrlV 2016</jurabk><jurabk>SUrlV</jurabk><enbez>§ 14</enbez><titel format="XML">Sonderurlaub für eine Ausbildung zur Schwesternhelferin oder zum Pflegediensthelfer</titel></metadaten><textdaten><text format="XML"><Content><P>Für eine Ausbildung zur Schwesternhelferin oder zum Pflegediensthelfer ist Sonderurlaub unter Fortzahlung der Besoldung für die Dauer eines geschlossenen Lehrganges, höchstens jedoch für 20 Arbeitstage im Kalenderjahr, zu gewähren.</P></Content></text></textdaten></norm>
<norm builddate="20240208215005" doknr="BJNR128400016BJNE001700000"><metadaten><jurabk>SUrlV 2016</jurabk><jurabk>SUrlV</jurabk><enbez>§ 15</enbez><titel format="XML">Sonderurlaub für gewerkschaftliche Zwecke</titel></metadaten><textdaten><text format="XML"><Content><P>Sonderurlaub von jeweils bis zu fünf Arbeitstagen im Kalenderjahr unter Fortzahlung der Besoldung ist zu gewähren für die Teilnahme <DL Type="arabic"><DT>1.</DT><DD Font="normal"><LA>an Sitzungen eines überörtlichen Gewerkschafts- oder Berufsverbandsvorstandes, dem die Beamtin oder der Beamte angehört, oder</LA></DD><DT>2.</DT><DD Font="normal"><LA>an Tagungen von Gewerkschaften oder Berufsverbänden auf internationaler Ebene, auf Bundes- oder Landesebene oder, sofern es keine Landesebene gibt, auf Bezirksebene, wenn die Beamtin oder der Beamte als Mitglied eines Gewerkschafts- oder Berufsverbandsvorstandes oder als Delegierte oder Delegierter teilnimmt.</LA></DD></DL></P></Content></text></textdaten></norm>
<norm builddate="20240208215005" doknr="BJNR128400016BJNE001800000"><metadaten><jurabk>SUrlV 2016</jurabk><jurabk>SUrlV</jurabk><enbez>§ 16</enbez><titel format="XML">Sonderurlaub für kirchliche Zwecke</titel></metadaten><textdaten><text format="XML"><Content><P>Sonderurlaub von bis zu fünf Arbeitstagen im Kalenderjahr unter Fortzahlung der Besoldung ist zu gewähren für die Teilnahme <DL Type="arabic"><DT>1.</DT><DD Font="normal"><LA>an Sitzungen der Verfassungsorgane oder an Sitzungen überörtlicher Verwaltungsgremien der Kirchen oder der sonstigen öffentlich-rechtlichen Religionsgesellschaften, wenn die Beamtin oder der Beamte dem Verfassungsorgan oder dem Gremium angehört,</LA></DD><DT>2.</DT><DD Font="normal"><LA>an Tagungen der Kirchen oder der öffentlich-rechtlichen Religionsgesellschaften, wenn die Beamtin oder der Beamte auf Anforderung der Kirchenleitung oder der obersten Leitung der Religionsgesellschaft als Delegierte oder Delegierter oder als Mitglied eines Verwaltungsgremiums der Kirche oder der Religionsgesellschaft teilnimmt, oder</LA></DD><DT>3.</DT><DD Font="normal"><LA>an Veranstaltungen des Deutschen Evangelischen Kirchentages, des Deutschen Katholikentages, des Ökumenischen Kirchentages oder des Weltjugendtages.</LA></DD></DL></P></Content></text></textdaten></norm>
<norm builddate="20240208215005" doknr="BJNR128400016BJNE001900000"><metadaten><jurabk>SUrlV 2016</jurabk><jurabk>SUrlV</jurabk><enbez>§ 17</enbez><titel format="XML">Sonderurlaub für sportliche Zwecke</titel></metadaten><textdaten><text format="XML"><Content><P>(1) Sonderurlaub unter Fortzahlung der Besoldung ist zu gewähren <DL Type="arabic"><DT>1.</DT><DD Font="normal"><LA>für die Teilnahme als aktive Sportlerin oder aktiver Sportler an <DL Type="alpha"><DT>a)</DT><DD Font="normal"><LA>Olympischen Spielen, Paralympischen Spielen, Deaflympischen Spielen, Welt- und Europameisterschaften und den dazugehörigen Vorbereitungswettkämpfen auf Bundesebene sowie den für die Qualifikation erforderlichen sonstigen internationalen Länderwettkämpfen,</LA></DD><DT>b)</DT><DD Font="normal"><LA>Weltcup- und Europacup-Veranstaltungen sowie Europapokal-Wettbewerben,</LA></DD></DL>wenn die Beamtin oder der Beamte von einem dem Deutschen Olympischen Sportbund angeschlossenen Verband als aktive Sportlerin oder aktiver Sportler benannt worden ist,</LA></DD><DT>2.</DT><DD Font="normal"><LA>für die Teilnahme an Kongressen und Vorstandssitzungen internationaler Sportverbände, denen der Deutsche Olympische Sportbund oder ein ihm angeschlossener Sportverband angehört, an Mitgliederversammlungen und Vorstandssitzungen des Deutschen Olympischen Sportbundes und ihm angeschlossener Sportverbände auf Bundesebene sowie an Vorstandssitzungen solcher Verbände auf Landesebene, wenn die Beamtin oder der Beamte dem Gremium angehört.</LA></DD></DL>Im Fall des Satzes 1 Nummer 2 werden bis zu fünf Arbeitstage Sonderurlaub gewährt.</P><P>(2) Sonderurlaub unter Fortzahlung der Besoldung ist auch Beamtinnen und Beamten zu gewähren, deren Teilnahme für den sportlichen Einsatz der Sportlerinnen und Sportler oder der Mannschaft bei Veranstaltungen im Sinne des Absatzes 1 dringend erforderlich ist. Eine entsprechende Bescheinigung von einem dem Deutschen Olympischen Sportbund angeschlossenen Verband oder Verein ist vorzulegen.</P></Content></text></textdaten></norm>
<norm builddate="20240208215005" doknr="BJNR128400016BJNE002003126"><metadaten><jurabk>SUrlV 2016</jurabk><jurabk>SUrlV</jurabk><enbez>§ 18</enbez><titel format="XML">Sonderurlaub für Familienheimfahrten</titel></metadaten><textdaten><text format="XML"><Content><P>(1) Beamtinnen und Beamten, die Trennungsgeld nach der Trennungsgeldverordnung erhalten, ist für Familienheimfahrten Sonderurlaub unter Fortzahlung der Besoldung zu gewähren, wenn die Beamtinnen oder Beamten <DL Font="normal" Type="arabic"><DT>1.</DT><DD Font="normal"><LA Size="normal">mit ihrem Ehegatten oder ihrer Ehegattin oder ihrer Lebenspartnerin oder ihrem Lebenspartner im Sinn des Lebenspartnerschaftsgesetzes in häuslicher Gemeinschaft leben oder</LA></DD><DT>2.</DT><DD Font="normal"><LA Size="normal">mit einer oder einem Verwandten bis zum vierten Grad, einer oder einem Verschwägerten bis zum zweiten Grad, einem Pflegekind oder Pflegeeltern in häuslicher Gemeinschaft leben und ihnen auf Grund gesetzlicher oder sittlicher Verpflichtung nicht nur vorübergehend Unterkunft und Unterhalt ganz oder überwiegend gewähren.</LA></DD></DL>Als Sonderurlaub wird im Kalenderjahr innerhalb eines Zeitraums von zwei Monaten ein Arbeitstag gewährt.</P><P>(2) Sonderurlaub wird nur gewährt, wenn <DL Font="normal" Type="arabic"><DT>1.</DT><DD Font="normal"><LA Size="normal">die regelmäßige Arbeitszeit auf mindestens fünf Arbeitstage in der Woche verteilt ist und</LA></DD><DT>2.</DT><DD Font="normal"><LA Size="normal">die kürzeste Reisestrecke zwischen der Wohnung der Familie und dem Ort der Dienstleistung an jedem Arbeitstag nach Nummer 1 mindestens 150 Kilometer beträgt.</LA></DD></DL></P><P>(3) Der Beginn des Sonderurlaubs ist mit den dienstlichen Bedürfnissen abzustimmen.</P><P>(4) Beamtinnen und Beamten, die im Ausland tätig sind, ist für jede Heimfahrt, für die sie eine Reisebeihilfe nach § 13 Absatz 1 der Auslandstrennungsgeldverordnung erhalten, Sonderurlaub unter Fortzahlung der Besoldung zu gewähren. Sonderurlaub kann für bis zu drei Arbeitstage pro Heimfahrt gewährt werden. Für Heimfahrten dürfen pro Kalenderjahr höchstens zwölf Arbeitstage Sonderurlaub gewährt werden.</P><P>(5) Für die bei den Postnachfolgeunternehmen beschäftigten Beamtinnen und Beamten kann die oberste Dienstbehörde im Einvernehmen mit dem Bundesministerium der Finanzen von Absatz 1 abweichende Regelungen treffen.</P></Content></text><fussnoten/></textdaten></norm>
<norm builddate="20240208215005" doknr="BJNR128400016BJNE002102311"><metadaten><jurabk>SUrlV 2016</jurabk><jurabk>SUrlV</jurabk><enbez>§ 19</enbez><titel format="XML">Sonderurlaub aus dienstlichen Anlässen</titel></metadaten><textdaten><text format="XML"><Content><P>(1) Sonderurlaub unter Fortzahlung der Besoldung ist im nachstehend angegebenen Umfang zu gewähren: <DL Font="normal" Type="arabic"><DT>1.</DT><DD Font="normal"><LA Size="normal">zwei Arbeitstage für einen Wohnortwechsel aus dienstlichem Anlass,</LA></DD><DT>2.</DT><DD Font="normal"><LA Size="normal">drei Arbeitstage für einen Umzug ins Ausland oder aus dem Ausland ins Inland aus dienstlichem Anlass,</LA></DD><DT>3.</DT><DD Font="normal"><LA Size="normal">ein Arbeitstag aus Anlass des 25-, 40- und 50-jährigen Dienstjubiläums.</LA></DD></DL></P><P>(2) Für die im Bereich der Deutschen Bahn Aktiengesellschaft sowie einer nach § 2 Absatz 1 und § 3 Absatz 3 des Deutsche Bahn Gründungsgesetzes ausgegliederten Gesellschaft beschäftigten Beamtinnen und Beamten kann die oberste Dienstbehörde im Einvernehmen mit dem Bundesministerium des Innern und für Heimat von Absatz 1 abweichende Regelungen treffen. Für die bei den Postnachfolgeunternehmen beschäftigten Beamtinnen und Beamten kann die oberste Dienstbehörde im Einvernehmen mit dem Bundesministerium der Finanzen von Absatz 1 abweichende Regelungen treffen.</P></Content></text><fussnoten/></textdaten></norm>
<norm builddate="20240208215005" doknr="BJNR128400016BJNE002201311"><metadaten><jurabk>SUrlV 2016</jurabk><jurabk>SUrlV</jurabk><enbez>§ 20</enbez><titel format="XML">Sonderurlaub aus medizinischen Anlässen</titel></metadaten><textdaten><text format="XML"><Content><P>(1) Sonderurlaub unter Fortzahlung der Besoldung ist zu gewähren für die Dauer der notwendigen Abwesenheit <DL Font="normal" Type="arabic"><DT>1.</DT><DD Font="normal"><LA Size="normal">einer amts-, vertrauens- oder versorgungsärztlich angeordneten Untersuchung,</LA></DD><DT>2.</DT><DD Font="normal"><LA Size="normal">einer kurzfristigen Behandlung einschließlich der Anpassung, Wiederherstellung oder Erneuerung von Körperersatzstücken oder</LA></DD><DT>3.</DT><DD Font="normal"><LA Size="normal">einer ärztlich verordneten sonstigen Behandlung.</LA></DD></DL></P><P>(2) Sonderurlaub unter Fortzahlung der Besoldung ist zu gewähren <DL Font="normal" Type="arabic"><DT>1.</DT><DD Font="normal"><LA Size="normal">für eine stationäre oder ambulante Rehabilitationsmaßnahme,</LA></DD><DT>2.</DT><DD Font="normal"><LA Size="normal">für eine Maßnahme der medizinischen Rehabilitation für Mütter und Väter nach § 41 des Fünften Buches Sozialgesetzbuch,</LA></DD><DT>3.</DT><DD Font="normal"><LA Size="normal">für die Betreuung eines Kindes unter zwölf Jahren während einer Rehabilitationsmaßnahme als medizinisch notwendig anerkannte Begleitperson,</LA></DD><DT>4.</DT><DD Font="normal"><LA Size="normal">für eine ärztlich verordnete familienorientierte Rehabilitation im Fall einer Krebs-, Herz- oder Mukoviszidoseerkrankung eines Kindes oder für ein Kind, dessen Zustand im Fall einer Operation am Herzen oder einer Organtransplantation eine solche Maßnahme erfordert,</LA></DD><DT>5.</DT><DD Font="normal"><LA Size="normal">für ärztlich verordneten Rehabilitationssport oder Funktionstraining in Gruppen nach § 44 Absatz 1 Nummer 3 und 4 des Neunten Buches Sozialgesetzbuch oder</LA></DD><DT>6.</DT><DD Font="normal"><LA Size="normal">für die Durchführung einer Badekur nach § 11 Absatz 2 des Bundesversorgungsgesetzes in der am 31. Dezember 2023 geltenden Fassung.</LA></DD></DL></P><P>(3) Sonderurlaub nach Absatz 2 Nummer 1 bis 3 wird nur bei Vorlage des Anerkennungsbescheids der Beihilfefestsetzungsstelle oder des Bescheids der Krankenkasse über die Gewährung der Rehabilitationsleistung gewährt. Die Maßnahmen müssen entsprechend den darin genannten Festlegungen zur Behandlung und zum Behandlungsort durchgeführt werden.</P><P>(4) Die Notwendigkeit der Maßnahmen nach Absatz 2 Nummer 1 bis 3 muss durch eine ärztliche Bescheinigung nachgewiesen werden. Die Notwendigkeit der Maßnahme nach Absatz 2 Nummer 4 muss durch ein Zeugnis des behandelnden Arztes in der Klinik nachgewiesen werden.</P><P>(5) Dauer und Häufigkeit des Sonderurlaubs nach Absatz 2 Nummer 1 bis 4 und 6 bestimmen sich nach § 35 Absatz 2 Satz 2 Nummer 5 und § 36 Absatz 2 der Bundesbeihilfeverordnung.</P></Content></text><fussnoten/></textdaten></norm>
<norm builddate="20240208215005" doknr="BJNR128400016BJNE002323311"><metadaten><jurabk>SUrlV 2016</jurabk><jurabk>SUrlV</jurabk><enbez>§ 21</enbez><titel format="XML">Sonderurlaub aus persönlichen Anlässen</titel></metadaten><textdaten><text format="XML"><Content><P>(1) Sonderurlaub unter Fortzahlung der Besoldung ist wie folgt zu gewähren: <BR/><BR/><table colsep="1" frame="all" pgwide="1" rowsep="1" tocentry="%yes;"><tgroup align="left" char="" charoff="50" cols="3"><colspec colname="c1" colwidth="4*"/><colspec align="justify" colname="c2" colwidth="90*"/><colspec colname="c3" colwidth="16*"/><thead valign="bottom"><row><entry VJ="1" colname="c1"/><entry VJ="1" align="center" colname="c2">Anlass</entry><entry VJ="1" align="center" colname="c3">Urlaubsdauer</entry></row></thead><tbody valign="top"><row><entry VJ="1" align="left" colsep="1" rowsep="1">1.</entry><entry VJ="1" colsep="1" rowsep="1">Niederkunft der Ehefrau, der Lebenspartnerin oder der mit der Beamtin oder dem Beamten in ehe- oder lebenspartnerschaftsähnlicher Gemeinschaft lebenden Lebensgefährtin</entry><entry VJ="1" align="left" colsep="1" rowsep="1">ein Arbeitstag</entry></row><row><entry VJ="1" align="left" colsep="1" rowsep="1">2.</entry><entry VJ="1" colsep="1" rowsep="1">Tod der Ehefrau oder des Ehemanns, der Lebenspartnerin oder des Lebenspartners, eines Kindes oder eines Elternteils der Beamtin oder des Beamten</entry><entry VJ="1" align="left" colsep="1" rowsep="1">zwei Arbeitstage</entry></row><row><entry VJ="1" align="left" colsep="1" rowsep="1">3.</entry><entry VJ="1" colsep="1" rowsep="1">bei ärztlich bescheinigter Erkrankung und bei ärztlicher Bescheinigung über die Notwendigkeit zur Pflege, Beaufsichtigung oder Betreuung einer oder eines im Haushalt der Beamtin oder des Beamten lebenden Angehörigen im Sinne des § 20 Absatz 5 Satz 1 des Verwaltungsverfahrensgesetzes</entry><entry VJ="1" align="left" colsep="1" rowsep="1">ein Arbeitstag im Urlaubsjahr</entry></row><row><entry VJ="1" align="left" colsep="1" rowsep="1">4.</entry><entry VJ="1" colsep="1" rowsep="1">bei ärztlich bescheinigter Erkrankung und bei ärztlicher Bescheinigung über die Notwendigkeit zur Pflege, Beaufsichtigung oder Betreuung eines Kindes der Beamtin oder des Beamten, das noch nicht zwölf Jahre alt ist, oder eines behinderten und auf Hilfe angewiesenen Kindes</entry><entry VJ="1" align="left" colsep="1" rowsep="1">für jedes Kind<BR/>bis zu acht Arbeitstage im Urlaubsjahr</entry></row><row><entry VJ="1" align="left" colsep="1" rowsep="1">5.</entry><entry VJ="1" colsep="1" rowsep="1">Erkrankung der Betreuungsperson eines Kindes der Beamtin oder des Beamten, das noch nicht acht Jahre alt ist oder wegen körperlicher, geistiger oder seelischer Behinderung auf Hilfe angewiesen ist</entry><entry VJ="1" align="left" colsep="1" rowsep="1">bis zu vier Arbeitstage im Urlaubsjahr</entry></row><row><entry VJ="1" align="left" colsep="1" rowsep="1">6.</entry><entry VJ="1" colsep="1" rowsep="1">Fälle, in denen für eine nahe Angehörige oder einen nahen Angehörigen im Sinne des § 7 Absatz 3 des Pflegezeitgesetzes in einer akut auftretenden Pflegesituation eine bedarfsgerechte Pflege organisiert oder eine pflegerische Versorgung sichergestellt werden muss, nach Verlangen unter Vorlage einer ärztlichen Bescheinigung über die Pflegebedürftigkeit im Sinne des § 14 Absatz 1 des Elften Buches Sozialgesetzbuch</entry><entry VJ="1" align="left" colsep="1" rowsep="1">für jede pflegebedürftige Person <BR/>bis zu neun Arbeitstage</entry></row><row><entry VJ="1" align="left" colsep="1" rowsep="1">7.</entry><entry VJ="1" colsep="1" rowsep="1">Spende von Organen und Geweben, die nach § 8 des Transplantationsgesetzes erfolgt, oder für eine Blutspende zur Separation von Blutstammzellen oder anderer Blutbestandteile im Sinne von § 1 des Transfusionsgesetzes, soweit eine ärztliche Bescheinigung vorgelegt wird</entry><entry VJ="1" align="left" colsep="1" rowsep="1">Dauer der notwendigen Abwesenheit</entry></row></tbody></tgroup></table></P><P>(2) Abweichend von Absatz 1 Nummer 4 beträgt die Dauer des gewährten Sonderurlaubs für die Jahre 2024 und 2025 <DL Font="normal" Type="arabic"><DT>1.</DT><DD Font="normal"><LA Size="normal">für jedes Kind längstens bis zu 13 Arbeitstage im Urlaubsjahr, für alle Kinder zusammen höchstens 30 Arbeitstage im Urlaubsjahr,</LA></DD><DT>2.</DT><DD Font="normal"><LA Size="normal">bei alleinerziehenden Beamtinnen und Beamten beträgt die Dauer des gewährten Sonderurlaubs für jedes Kind längstens bis zu 26 Arbeitstage im Urlaubsjahr, für alle Kinder zusammen höchstens 60 Arbeitstage im Urlaubsjahr.</LA></DD></DL></P><P>(3) In den Fällen des Absatzes 1 Nummer 3 bis 5 können auch halbe Sonderurlaubstage gewährt werden. Ein halber Sonderurlaubstag entspricht der Hälfte der für den jeweiligen Arbeitstag festgesetzten regelmäßigen Arbeitszeit.</P><P>(4) Die oberste Dienstbehörde kann im Einvernehmen mit dem Bundesministerium des Innern und für Heimat von den Absätzen 1 bis 3 abweichende Regelungen treffen für Beamtinnen und Beamte, die beschäftigt sind <DL Font="normal" Type="arabic"><DT>1.</DT><DD Font="normal"><LA Size="normal">im Bereich der Deutschen Bahn Aktiengesellschaft,</LA></DD><DT>2.</DT><DD Font="normal"><LA Size="normal">bei einer Gesellschaft, die nach § 2 Absatz 1 und § 3 Absatz 3 Satz 2 des Deutsche Bahn Gründungsgesetzes ausgegliedert worden ist.</LA></DD></DL></P><P>(5) Für die bei den Postnachfolgeunternehmen beschäftigten Beamtinnen und Beamten kann die oberste Dienstbehörde im Einvernehmen mit dem Bundesministerium der Finanzen und dem Bundesministerium des Innern und für Heimat von den Absätzen 1 bis 3 abweichende Regelungen treffen.</P></Content></text><fussnoten/></textdaten></norm>
<norm builddate="20240208215005" doknr="BJNR128400016BJNE003000311"><metadaten><jurabk>SUrlV 2016</jurabk><jurabk>SUrlV</jurabk><enbez>§ 21a</enbez><titel format="XML">Sonderurlaub bei Mitaufnahme oder ganztägiger Begleitung bei stationärer Krankenhausbehandlung</titel></metadaten><textdaten><text format="XML"><Content><P>(1) Sonderurlaub ist einer Beamtin oder einem Beamten zu gewähren, <DL Font="normal" Type="arabic"><DT>1.</DT><DD Font="normal"><LA Size="normal">wenn es aus medizinischen Gründen notwendig ist, dass sie oder er bei einer stationären Krankenhausbehandlung eines Menschen, bei dem die Voraussetzungen des § 2 Absatz 1 des Neunten Buches Sozialgesetzbuch vorliegen, zur Begleitung mitaufgenommen wird <DL Font="normal" Type="alpha"><DT>a)</DT><DD Font="normal"><LA Size="normal">als nahe Angehörige oder naher Angehöriger im Sinne des § 7 Absatz 3 des Pflegezeitgesetzes oder</LA></DD><DT>b)</DT><DD Font="normal"><LA Size="normal">als eine Person aus dem engsten persönlichen Umfeld und</LA></DD></DL></LA></DD><DT>2.</DT><DD Font="normal"><LA Size="normal">wenn die Voraussetzungen des § 44b Absatz 1 Nummer 1 Buchstabe c und d und Nummer 3 des Fünften Buches Sozialgesetzbuch vorliegen.</LA></DD></DL></P><P>(2) Der Anspruch auf den Sonderurlaub besteht für die Dauer der notwendigen Mitaufnahme.</P><P>(3) Unterschreiten die Dienstbezüge oder Anwärterbezüge der Beamtin oder des Beamten die Jahresarbeitsentgeltgrenze nach § 6 Absatz 6 des Fünften Buches Sozialgesetzbuch oder sind sie gleich hoch, so erfolgt die Gewährung des Sonderurlaubs für 80 Prozent der Dauer der notwendigen Mitaufnahme unter Fortzahlung der Besoldung. Für die verbleibenden 20 Prozent erfolgt die Gewährung des Sonderurlaubs unter Wegfall der Besoldung.</P><P>(4) Überschreiten die Dienstbezüge oder die Anwärterbezüge einer Beamtin oder eines Beamten die Jahresarbeitsentgeltgrenze nach § 6 Absatz 6 des Fünften Buches Sozialgesetzbuch, so erfolgt die Gewährung des Sonderurlaubs für die Dauer der notwendigen Mitaufnahme unter Wegfall der Besoldung.</P><P>(5) Der Mitaufnahme steht die ganztägige Begleitung gleich.</P></Content></text><fussnoten/></textdaten></norm>
<norm builddate="20240208215005" doknr="BJNR128400016BJNE002402311"><metadaten><jurabk>SUrlV 2016</jurabk><jurabk>SUrlV</jurabk><enbez>§ 22</enbez><titel format="XML">Sonderurlaub in anderen Fällen</titel></metadaten><textdaten><text format="XML"><Content><P>(1) Sonderurlaub unter Wegfall der Besoldung kann gewährt werden, wenn ein wichtiger Grund vorliegt. Für mehr als drei Monate kann Sonderurlaub unter Wegfall der Besoldung nur in besonders begründeten Fällen und nur durch die oberste Dienstbehörde oder die von ihr bestimmte unmittelbar nachgeordnete Behörde genehmigt werden.</P><P>(2) Mit Zustimmung des Bundesministeriums des Innern und für Heimat kann Sonderurlaub aus wichtigen persönlichen Gründen auch unter Fortzahlung der Besoldung gewährt werden.</P><P>(3) Für einen in den §§ 5 bis 21 nicht genannten Zweck kann Beamtinnen und Beamten Sonderurlaub unter Fortzahlung der Besoldung gewährt werden, wenn der Sonderurlaub auch dienstlichen Zwecken dient. Sonderurlaub unter Fortzahlung der Besoldung für mehr als zwei Wochen bedarf der Zustimmung der obersten Dienstbehörde oder der von ihr bestimmten unmittelbar nachgeordneten Behörde. Sonderurlaub für mehr als sechs Monate bedarf der Zustimmung des Bundesministeriums des Innern und für Heimat.</P></Content></text><fussnoten/></textdaten></norm>
<norm builddate="20240208215005" doknr="BJNR128400016BJNE002500000"><metadaten><jurabk>SUrlV 2016</jurabk><jurabk>SUrlV</jurabk><enbez>§ 23</enbez><titel format="XML">Verfahren</titel></metadaten><textdaten><text format="XML"><Content><P>Der Sonderurlaub ist unverzüglich nach Bekanntwerden des Anlasses zu beantragen. Sonderurlaub nach § 21 ist zeitnah zu beantragen.</P></Content></text></textdaten></norm>
<norm builddate="20240208215005" doknr="BJNR128400016BJNE002600000"><metadaten><jurabk>SUrlV 2016</jurabk><jurabk>SUrlV</jurabk><enbez>§ 24</enbez><titel format="XML">Widerruf</titel></metadaten><textdaten><text format="XML"><Content><P>Die Genehmigung von Sonderurlaub ist zu widerrufen, wenn <DL Type="arabic"><DT>1.</DT><DD Font="normal"><LA>zwingende dienstliche Gründe dies erfordern,</LA></DD><DT>2.</DT><DD Font="normal"><LA>der Sonderurlaub zu einem anderen als dem genehmigten Zweck verwendet wird,</LA></DD><DT>3.</DT><DD Font="normal"><LA>andere Gründe, die die Beamtin oder der Beamte zu vertreten hat, den Widerruf erfordern.</LA></DD></DL></P></Content></text></textdaten></norm>
<norm builddate="20240208215005" doknr="BJNR128400016BJNE002700000"><metadaten><jurabk>SUrlV 2016</jurabk><jurabk>SUrlV</jurabk><enbez>§ 25</enbez><titel format="XML">Ersatz von Mehraufwendungen</titel></metadaten><textdaten><text format="XML"><Content><P>(1) Folgende Mehraufwendungen werden der Beamtin oder dem Beamten nach den Bestimmungen des Reisekostenrechts ersetzt: <DL Type="arabic"><DT>1.</DT><DD Font="normal"><LA>Mehraufwendungen, die durch den Widerruf der Genehmigung von Sonderurlaub nach § 24 Nummer 1 entstehen,</LA></DD><DT>2.</DT><DD Font="normal"><LA>Mehraufwendungen, die anlässlich der Wiederaufnahme des Dienstes nach einem Sonderurlaub zur Ausübung einer Tätigkeit in öffentlichen zwischenstaatlichen oder überstaatlichen Einrichtungen (§ 6 Absatz 1 Satz 1) oder nach einem Sonderurlaub zur Wahrnehmung von Aufgaben der Entwicklungszusammenarbeit (§ 7) entstehen, wenn die oberste Dienstbehörde oder die von ihr bestimmte Stelle spätestens bei Beendigung des Sonderurlaubs schriftlich anerkannt hat, dass der Sonderurlaub dienstlichen Interessen oder öffentlichen Belangen diente.</LA></DD></DL></P><P>(2) Zuwendungen, die die Beamtin oder der Beamte von anderer Seite zur Deckung der Aufwendungen erhalten hat, sind anzurechnen.</P></Content></text></textdaten></norm>
<norm builddate="20240208215005" doknr="BJNR128400016BJNE002800000"><metadaten><jurabk>SUrlV 2016</jurabk><jurabk>SUrlV</jurabk><enbez>§ 26</enbez><titel format="XML">Besoldung</titel></metadaten><textdaten><text format="XML"><Content><P>(1) Zur Besoldung im Sinne dieser Verordnung gehören die in § 1 Absatz 2 und 3 des Bundesbesoldungsgesetzes genannten Bezüge.</P><P>(2) Erhält die Beamtin oder der Beamte in den Fällen des § 10 oder des § 22 Absatz 3 Zuwendungen von anderer Seite, so ist die Besoldung entsprechend zu kürzen. Das gilt nicht, wenn der Wert der Zuwendungen gering ist.</P><P>(3) Dauert der Sonderurlaub unter Wegfall der Besoldung nicht länger als einen Monat, bleibt der Anspruch auf Beihilfe oder auf Heilfürsorge nach § 70 Absatz 2 des Bundesbesoldungsgesetzes unberührt.</P></Content></text></textdaten></norm>
<norm builddate="20240208215005" doknr="BJNR128400016BJNE002900000"><metadaten><jurabk>SUrlV 2016</jurabk><jurabk>SUrlV</jurabk><enbez>§ 27</enbez><titel format="XML">Inkrafttreten, Außerkrafttreten</titel></metadaten><textdaten><text format="XML"><Content><P>Diese Verordnung tritt am Tag nach der Verkündung in Kraft. Gleichzeitig tritt die Sonderurlaubsverordnung in der Fassung der Bekanntmachung vom 11. November 2004 (BGBl. I S. 2836), die zuletzt durch Artikel 15 Absatz 22 des Gesetzes vom 5. Februar 2009 (BGBl. I S. 160) geändert worden ist, außer Kraft.</P></Content></text></textdaten></norm>
</dokumente>