<?xml version="1.0" encoding="UTF-8" ?><!DOCTYPE dokumente SYSTEM "http://www.gesetze-im-internet.de/dtd/1.01/gii-norm.dtd">
<dokumente builddate="20130405133006" doknr="BJNR383300994"><norm builddate="20130405133006" doknr="BJNR383300994"><metadaten><jurabk>SolingenV</jurabk><amtabk>SolingenV</amtabk><ausfertigung-datum manuell="ja">1994-12-16</ausfertigung-datum><fundstelle typ="amtlich"><periodikum>BGBl I</periodikum><zitstelle>1994, 3833</zitstelle></fundstelle><kurzue>Solingenverordnung</kurzue><langue>Verordnung zum Schutz des Namens Solingen</langue></metadaten><textdaten><text format="XML"><Content><P/></Content></text><fussnoten><Content><P>(+++ Textnachweis ab:  1. 1.1995 +++)</P></Content></fussnoten></textdaten></norm>
<norm builddate="20130405133007" doknr="BJNR383300994BJNE000100000"><metadaten><jurabk>SolingenV</jurabk><enbez>Eingangsformel</enbez></metadaten><textdaten><text format="XML"><Content><P>Auf Grund des § 137 des Markengesetzes vom 25. Oktober 1994 (BGBl. I S. 3082) verordnet das Bundesministerium der Justiz im Einvernehmen mit den Bundesministerien für Wirtschaft, für Ernährung, Landwirtschaft und Forsten und für Gesundheit:</P></Content></text></textdaten></norm>
<norm builddate="20130405133007" doknr="BJNR383300994BJNE000200000"><metadaten><jurabk>SolingenV</jurabk><enbez>§ 1</enbez><titel format="parat">Grundsatz</titel></metadaten><textdaten><text format="XML"><Content><P>Der Name Solingen darf im geschäftlichen Verkehr nur für solche Schneidwaren benutzt werden, die <DL Font="normal" Type="arabic"><DT>1.</DT><DD Font="normal"><LA Size="normal">in allen wesentlichen Herstellungsstufen innerhalb des Solinger Industriegebiets bearbeitet und fertiggestellt worden sind und</LA></DD> <DT>2.</DT><DD Font="normal"><LA Size="normal">nach Rohstoff und Bearbeitung geeignet sind, ihren arteigenen Verwendungszweck zu erfüllen.</LA></DD> </DL></P></Content></text></textdaten></norm>
<norm builddate="20130405133007" doknr="BJNR383300994BJNE000300000"><metadaten><jurabk>SolingenV</jurabk><enbez>§ 2</enbez><titel format="parat">Herkunftsgebiet</titel></metadaten><textdaten><text format="XML"><Content><P>Das Solinger Industriegebiet umfaßt das Gebiet der kreisfreien Stadt Solingen und das Gebiet der im Kreis Mettmann gelegenen Stadt Haan.</P></Content></text></textdaten></norm>
<norm builddate="20130405133007" doknr="BJNR383300994BJNE000400000"><metadaten><jurabk>SolingenV</jurabk><enbez>§ 3</enbez><titel format="parat">Begriff der Schneidwaren</titel></metadaten><textdaten><text format="XML"><Content><P>Schneidwaren im Sinne des § 1 sind insbesondere: <DL Font="normal" Type="arabic"><DT>1.</DT><DD Font="normal"><LA Size="normal">Scheren, Messer und Klingen aller Art,</LA></DD> <DT>2.</DT><DD Font="normal"><LA Size="normal">Bestecke aller Art und Teile von solchen,</LA></DD> <DT>3.</DT><DD Font="normal"><LA Size="normal">Tafelhilfsgeräte, wie Tortenheber, Gebäckzangen, Zuckerzangen, Traubenscheren und Vorleger,</LA></DD> <DT>4.</DT><DD Font="normal"><LA Size="normal">Tafelwerkzeuge, wie Zigarrenabschneider, Brieföffner, Nußknacker und Korkenzieher, sowie schneidende Küchenwerkzeuge, wie Dosenöffner und Messerschärfer,</LA></DD> <DT>5.</DT><DD Font="normal"><LA Size="normal">Rasiermesser, Rasierklingen und Rasierapparate,</LA></DD> <DT>6.</DT><DD Font="normal"><LA Size="normal">Haarschneidemaschinen und Schermaschinen,</LA></DD> <DT>7.</DT><DD Font="normal"><LA Size="normal">Hand- und Fußpflegegeräte, wie Nagelfeilen, Haut- und Nagelzangen, Nagelknipser und Pinzetten,</LA></DD> <DT>8.</DT><DD Font="normal"><LA Size="normal">blanke Waffen aller Art.</LA></DD> </DL></P></Content></text></textdaten></norm>
<norm builddate="20130405133007" doknr="BJNR383300994BJNE000500000"><metadaten><jurabk>SolingenV</jurabk><enbez>§ 4</enbez><titel format="parat">Inkrafttreten</titel></metadaten><textdaten><text format="XML"><Content><P>Diese Verordnung tritt am 1. Januar 1995 in Kraft.</P></Content></text></textdaten></norm>
<norm builddate="20130405133007" doknr="BJNR383300994BJNE000600000"><metadaten><jurabk>SolingenV</jurabk><enbez>Schlußformel</enbez></metadaten><textdaten><text format="XML"><Content><P>Der Bundesrat hat zugestimmt.</P></Content></text></textdaten></norm>
</dokumente>