<?xml version="1.0" encoding="UTF-8" ?><!DOCTYPE dokumente SYSTEM "http://www.gesetze-im-internet.de/dtd/1.01/gii-norm.dtd">
<dokumente builddate="20230517213519" doknr="BJNR186700994"><norm builddate="20230517213519" doknr="BJNR186700994"><metadaten><jurabk>PostRDV</jurabk><amtabk>RentSV</amtabk><ausfertigung-datum manuell="ja">1994-07-28</ausfertigung-datum><fundstelle typ="amtlich"><periodikum>BGBl I</periodikum><zitstelle>1994, 1867</zitstelle></fundstelle><kurzue>Renten Service Verordnung</kurzue><langue>Verordnung über die Wahrnehmung von Aufgaben der Träger der Rentenversicherung und anderer Sozialversicherungsträger durch den Renten Service der Deutschen Post AG</langue><standangabe checked="ja"><standtyp>Stand</standtyp><standkommentar>Zuletzt geändert durch Art. 31 G v. 20.12.2022 I 2759</standkommentar></standangabe></metadaten><textdaten><fussnoten><Content><P><BR/> <pre xml:space="preserve"> <BR/>(+++ Textnachweis ab: 1.9.1994 +++)<BR/><BR/></pre>Überschrift: IdF d. Art. 44 Nr. 1 G v. 9.12.2004 I 3242 mWv 1.10.2005</P></Content></fussnoten></textdaten></norm>
<norm builddate="20230517213519" doknr="BJNR186700994BJNE000800320"><metadaten><jurabk>PostRDV</jurabk><jurabk>RentSV</jurabk><enbez>Eingangsformel</enbez></metadaten><textdaten><text format="XML"><Content><P>Auf Grund <DL Font="normal" Type="arabic"><DT>-</DT><DD Font="normal"><LA Size="normal">des § 620 Abs. 3 der Reichsversicherungsordnung in der im Bundesgesetzblatt Teil III, Gliederungsnummer 820-1, veröffentlichten bereinigten Fassung</LA></DD> </DL>verordnet die Bundesregierung, auf Grund <DL Font="normal" Type="arabic"><DT>-</DT><DD Font="normal"><LA Size="normal">des § 120 des Sechsten Buches Sozialgesetzbuch</LA><LA Size="normal">- Gesetzliche Rentenversicherung - (Artikel 1 des Gesetzes vom 18. Dezember 1989, BGBl. I S. 2261)</LA></DD>  </DL>verordnet das Bundesministerium für Arbeit und Sozialordnung im Einvernehmen mit dem Bundesministerium für Post und Telekommunikation und dem Bundesministerium der Finanzen und auf Grund <DL Font="normal" Type="arabic"><DT>-</DT><DD Font="normal"><LA Size="normal">des § 152 Nr. 6 des Sechsten Buches Sozialgesetzbuch</LA><LA Size="normal">- Gesetzliche Rentenversicherung - (Artikel 1 des Gesetzes vom 18. Dezember 1989, BGBl. I S. 2261)</LA></DD>  </DL>verordnet das Bundesministerium für Arbeit und Sozialordnung:</P></Content></text></textdaten></norm>
<norm builddate="20230517213519" doknr="BJNR186700994BJNE000903124"><metadaten><jurabk>PostRDV</jurabk><jurabk>RentSV</jurabk><enbez>Inhaltsübersicht</enbez></metadaten><textdaten><text format="XML"><Content><P><table frame="none" pgwide="1" tocentry="%yes;"><tgroup align="left" char="" charoff="50" cols="3" colsep="0" rowsep="0"><colspec colname="col1" colnum="1" colwidth="5*"/><colspec colname="col2" colnum="2" colwidth="5*"/><colspec colname="col3" colnum="3" colwidth="80*"/><tbody valign="top"><row><entry VJ="1" align="left" colsep="0" nameend="col3" namest="col1" valign="top"><B>Erstes Kapitel</B></entry></row><row><entry VJ="1" align="left" colsep="0" valign="top"> </entry><entry VJ="1" align="left" colsep="0" nameend="col3" namest="col2" valign="top"><B>Allgemeine Vorschriften</B></entry></row><row><entry VJ="1" align="left" colsep="0" nameend="col2" namest="col1" valign="top">§ 1</entry><entry VJ="1" align="left" colsep="0" valign="top">Anwendungsbereich</entry></row><row><entry VJ="1" align="left" colsep="0" nameend="col2" namest="col1" valign="top">§ 2</entry><entry VJ="1" align="left" colsep="0" valign="top">Zuständige Stellen</entry></row><row><entry VJ="1" align="left" colsep="0" nameend="col2" namest="col1" valign="top">§ 3</entry><entry VJ="1" align="left" colsep="0" valign="top">Grundlagen der Beziehungen zwischen den Trägern der Rentenversicherung und dem Renten Service</entry></row><row><entry VJ="1" align="left" colsep="0" nameend="col2" namest="col1" valign="top">§ 4</entry><entry VJ="1" align="left" colsep="0" valign="top">Verantwortungsbereiche</entry></row><row><entry VJ="1" align="left" colsep="0" nameend="col2" namest="col1" valign="top">§ 5</entry><entry VJ="1" align="left" colsep="0" valign="top">Ergänzende Regelungen</entry></row><row><entry VJ="1" align="left" colsep="0" nameend="col3" namest="col1" valign="top"><B>Zweites Kapitel</B></entry></row><row><entry VJ="1" align="left" colsep="0" valign="top"> </entry><entry VJ="1" align="left" colsep="0" nameend="col3" namest="col2" valign="top"><B>Auszahlung von Geldleistungen</B></entry></row><row><entry VJ="1" align="left" colsep="0" nameend="col2" namest="col1" valign="top">§ 6</entry><entry VJ="1" align="left" colsep="0" valign="top">Zahlungsauftrag</entry></row><row><entry VJ="1" align="left" colsep="0" nameend="col2" namest="col1" valign="top">§ 7</entry><entry VJ="1" align="left" colsep="0" valign="top">Zahlung ohne Zahlungsauftrag</entry></row><row><entry VJ="1" align="left" colsep="0" nameend="col2" namest="col1" valign="top">§ 8</entry><entry VJ="1" align="left" colsep="0" valign="top">Zahlungsempfänger</entry></row><row><entry VJ="1" align="left" colsep="0" nameend="col2" namest="col1" valign="top">§ 9</entry><entry VJ="1" align="left" colsep="0" valign="top">Zahlweise</entry></row><row><entry VJ="1" align="left" colsep="0" nameend="col2" namest="col1" valign="top">§ 10</entry><entry VJ="1" align="left" colsep="0" valign="top">Nicht ausführbare Zahlungen</entry></row><row><entry VJ="1" align="left" colsep="0" nameend="col2" namest="col1" valign="top">§ 11</entry><entry VJ="1" align="left" colsep="0" valign="top">Nicht zugegangene Zahlungen</entry></row><row><entry VJ="1" align="left" colsep="0" nameend="col2" namest="col1" valign="top">§ 12</entry><entry VJ="1" align="left" colsep="0" valign="top">Änderungen von Zahlungsaufträgen durch die Träger der Rentenversicherung</entry></row><row><entry VJ="1" align="left" colsep="0" nameend="col2" namest="col1" valign="top">§ 13</entry><entry VJ="1" align="left" colsep="0" valign="top">Änderungen von Zahlungsdaten oder der Zahlweise durch die Berechtigten oder Zahlungsempfänger</entry></row><row><entry VJ="1" align="left" colsep="0" nameend="col2" namest="col1" valign="top">§ 14</entry><entry VJ="1" align="left" colsep="0" valign="top">Änderungen von Zahlungsdaten durch Dritte</entry></row><row><entry VJ="1" align="left" colsep="0" nameend="col2" namest="col1" valign="top">§ 15</entry><entry VJ="1" align="left" colsep="0" valign="top">Zahlungseinstellung durch den Renten Service</entry></row><row><entry VJ="1" align="left" colsep="0" nameend="col2" namest="col1" valign="top">§ 16</entry><entry VJ="1" align="left" colsep="0" valign="top">Rückforderung zu Unrecht erbrachter Geldleistungen beim Tod von Berechtigten</entry></row><row><entry VJ="1" align="left" colsep="0" nameend="col3" namest="col1" valign="top"><B>Drittes Kapitel</B></entry></row><row><entry VJ="1" align="left" colsep="0" valign="top"> </entry><entry VJ="1" align="left" colsep="0" nameend="col3" namest="col2" valign="top"><B>Durchführung der Anpassung von Geldleistungen</B></entry></row><row><entry VJ="1" align="left" colsep="0" nameend="col2" namest="col1" valign="top">§ 17</entry><entry VJ="1" align="left" colsep="0" valign="top">Anpassungsauftrag</entry></row><row><entry VJ="1" align="left" colsep="0" nameend="col2" namest="col1" valign="top">§ 18</entry><entry VJ="1" align="left" colsep="0" valign="top">Art und Weise der Anpassung, Anpassungsmitteilung</entry></row><row><entry VJ="1" align="left" colsep="0" nameend="col2" namest="col1" valign="top">§ 19</entry><entry VJ="1" align="left" colsep="0" valign="top">Unterrichtung der Träger der Rentenversicherung und anderer Stellen</entry></row><row><entry VJ="1" align="left" colsep="0" nameend="col3" namest="col1" valign="top"><B>Viertes Kapitel</B></entry></row><row><entry VJ="1" align="left" colsep="0" valign="top"> </entry><entry VJ="1" align="left" colsep="0" nameend="col3" namest="col2" valign="top"><B>Mit der Auszahlung und der Durchführung der Anpassung von Geldleistungen zusammenhängende Aufgaben</B></entry></row><row><entry VJ="1" align="left" colsep="0" nameend="col2" namest="col1" valign="top">§ 20</entry><entry VJ="1" align="left" colsep="0" valign="top">Aufgaben im Rahmen der sozialen Sicherung der Rentner</entry></row><row><entry VJ="1" align="left" colsep="0" nameend="col2" namest="col1" valign="top">§ 21</entry><entry VJ="1" align="left" colsep="0" valign="top">Ausstellung von Ausweisen</entry></row><row><entry VJ="1" align="left" colsep="0" nameend="col2" namest="col1" valign="top">§ 22</entry><entry VJ="1" align="left" colsep="0" valign="top">Erteilung von Auskünften für die Träger der Rentenversicherung</entry></row><row><entry VJ="1" align="left" colsep="0" nameend="col2" namest="col1" valign="top">§ 23</entry><entry VJ="1" align="left" colsep="0" valign="top">Einholung von Auskünften für die Träger der Rentenversicherung</entry></row><row><entry VJ="1" align="left" colsep="0" nameend="col2" namest="col1" valign="top">§ 24</entry><entry VJ="1" align="left" colsep="0" valign="top">Überwachung der Zahlungsvoraussetzungen bei Inlandszahlungen</entry></row><row><entry VJ="1" align="left" colsep="0" nameend="col2" namest="col1" valign="top">§ 25</entry><entry VJ="1" align="left" colsep="0" valign="top">Überwachung der Zahlungsvoraussetzungen bei Auslandszahlungen</entry></row><row><entry VJ="1" align="left" colsep="0" nameend="col2" namest="col1" valign="top">§ 26</entry><entry VJ="1" align="left" colsep="0" valign="top">Aufgaben im Rahmen der Statistik</entry></row><row><entry VJ="1" align="left" valign="top">§ 26a</entry><entry VJ="1"/><entry VJ="1">Aktualisierung des Rentenbestandes zur Umsetzung von Rechtsänderungen</entry></row><row><entry VJ="1" align="left" colsep="0" nameend="col2" namest="col1" valign="top">§ 27</entry><entry VJ="1" align="left" colsep="0" valign="top">Sonstige Aufgaben</entry></row><row><entry VJ="1" align="left" colsep="0" nameend="col3" namest="col1" valign="top"><B>Fünftes Kapitel</B></entry></row><row><entry VJ="1" align="left" colsep="0" valign="top"> </entry><entry VJ="1" align="left" colsep="0" nameend="col3" namest="col2" valign="top"><B>Vorschüsse zur Auszahlung von Geldleistungen und Abrechnung</B></entry></row><row><entry VJ="1" align="left" colsep="0" nameend="col2" namest="col1" valign="top">§ 28</entry><entry VJ="1" align="left" colsep="0" valign="top">Pflicht zur Zahlung monatlicher Vorschüsse</entry></row><row><entry VJ="1" align="left" colsep="0" nameend="col2" namest="col1" valign="top">§ 29</entry><entry VJ="1" align="left" colsep="0" valign="top">Höhe der Vorschüsse</entry></row><row><entry VJ="1" align="left" colsep="0" nameend="col2" namest="col1" valign="top">§ 30</entry><entry VJ="1" align="left" colsep="0" valign="top">Zahlung der Vorschüsse</entry></row><row><entry VJ="1" align="left" colsep="0" nameend="col2" namest="col1" valign="top">§ 31</entry><entry VJ="1" align="left" colsep="0" valign="top">Abrechnung</entry></row><row><entry VJ="1" align="left" colsep="0" nameend="col3" namest="col1" valign="top"><B>Sechstes Kapitel</B></entry></row><row><entry VJ="1" align="left" colsep="0" valign="top"> </entry><entry VJ="1" align="left" colsep="0" nameend="col3" namest="col2" valign="top"><B>Vergütung</B></entry></row><row><entry VJ="1" align="left" colsep="0" nameend="col2" namest="col1" valign="top">§ 32</entry><entry VJ="1" align="left" colsep="0" valign="top">Anspruch auf angemessene Vergütung</entry></row><row><entry VJ="1" align="left" colsep="0" nameend="col2" namest="col1" valign="top">§ 33</entry><entry VJ="1" align="left" colsep="0" valign="top">Entgelt für die Dienstleistung des Renten Service</entry></row><row><entry VJ="1" align="left" colsep="0" nameend="col2" namest="col1" valign="top">§ 34</entry><entry VJ="1" align="left" colsep="0" valign="top">Erstattung von Auslagen für die Inanspruchnahme von Dienstleistungen Dritter</entry></row><row><entry VJ="1" align="left" colsep="0" nameend="col2" namest="col1" valign="top">§ 35</entry><entry VJ="1" align="left" colsep="0" valign="top">Fälligkeit, Vorschüsse und Abrechnung</entry></row><row><entry VJ="1" align="left" colsep="0" nameend="col2" namest="col1" valign="top">§ 36</entry><entry VJ="1" align="left" colsep="0" valign="top">(weggefallen)</entry></row><row><entry VJ="1" align="left" colsep="0" nameend="col3" namest="col1" valign="top"><B>Siebtes Kapitel</B></entry></row><row><entry VJ="1" align="left" colsep="0" valign="top"> </entry><entry VJ="1" align="left" colsep="0" nameend="col3" namest="col2" valign="top"><B>Schlußvorschriften</B></entry></row><row><entry VJ="1" align="left" colsep="0" nameend="col2" namest="col1" valign="top">§ 37</entry><entry VJ="1" align="left" colsep="0" valign="top">Aufhebung von Vorschriften</entry></row><row><entry VJ="1" align="left" colsep="0" nameend="col2" namest="col1" valign="top">§ 38</entry><entry VJ="1" align="left" colsep="0" valign="top">Inkrafttreten</entry></row></tbody></tgroup></table></P></Content></text><fussnoten/></textdaten></norm>
<norm builddate="20230517213519" doknr="BJNR186700994BJNG000100320"><metadaten><jurabk>PostRDV</jurabk><jurabk>RentSV</jurabk><gliederungseinheit><gliederungskennzahl>010</gliederungskennzahl><gliederungsbez>Erstes Kapitel</gliederungsbez><gliederungstitel>Allgemeine Vorschriften</gliederungstitel></gliederungseinheit></metadaten><textdaten><text format="XML"><Content><P/></Content></text></textdaten></norm>
<norm builddate="20230517213519" doknr="BJNR186700994BJNE001002301"><metadaten><jurabk>PostRDV</jurabk><jurabk>RentSV</jurabk><enbez>§ 1</enbez><titel format="XML">Anwendungsbereich</titel></metadaten><textdaten><text format="XML"><Content><P>(1) Die Vorschriften dieser Verordnung gelten für die Aufgaben, die die Deutsche Post AG nach § 119 Abs. 1 Satz 1 und Abs. 2 und 3 des Sechsten Buches Sozialgesetzbuch kraft Gesetzes für die Träger der Rentenversicherung wahrnimmt (Pflichtaufgaben).</P><P>(2) Für Aufgaben, die die Deutsche Post AG <DL Font="normal" Type="arabic"><DT>1.</DT><DD Font="normal"><LA Size="normal">nach § 119 Abs. 1 Satz 2 des Sechsten Buches Sozialgesetzbuch auf Verlangen der Träger der Rentenversicherung und</LA></DD><DT>2.</DT><DD Font="normal"><LA Size="normal">nach § 99 des Siebten Buches Sozialgesetzbuch auf Verlangen der Träger der Unfallversicherung</LA></DD></DL>wahrzunehmen hat (Pflichtaufgaben auf Antrag), gelten die Vorschriften dieser Verordnung, soweit sie nicht unmittelbar anzuwenden sind, mit der Maßgabe entsprechend, dass im Bereich der Unfallversicherung die Träger der Unfallversicherung und die Deutsche Gesetzliche Unfallversicherung e. V. und die Sozialversicherung für Landwirtschaft, Forsten und Gartenbau an die Stelle der Träger der Rentenversicherung und der Deutschen Rentenversicherung Bund treten.</P><P>(3) Soweit die Deutsche Post AG berechtigt ist, für sonstige Stellen entsprechende Dienstleistungen zu übernehmen (Vertragsleistungen), darf sie von den Vorschriften dieser Verordnung nicht zugunsten dieser Stellen abweichen.</P></Content></text><fussnoten/></textdaten></norm>
<norm builddate="20230517213519" doknr="BJNR186700994BJNE001101308"><metadaten><jurabk>PostRDV</jurabk><jurabk>RentSV</jurabk><enbez>§ 2</enbez><titel format="parat">Zuständige Stellen</titel></metadaten><textdaten><text format="XML"><Content><P>(1) Die Deutsche Post AG erfüllt ihre Aufgaben im Rahmen dieser Verordnung durch den Renten Service.</P><P>(2) Die Träger der Rentenversicherung nehmen gemeinsame Aufgaben im Rahmen dieser Verordnung gegenüber dem Renten Service durch die Deutsche Rentenversicherung Bund wahr. Der Renten Service kann jedoch Angelegenheiten, die in erster Linie einzelne Träger der Rentenversicherung betreffen, unmittelbar mit diesen vorklären.</P></Content> </text><fussnoten/></textdaten></norm>
<norm builddate="20230517213519" doknr="BJNR186700994BJNE001206124"><metadaten><jurabk>PostRDV</jurabk><jurabk>RentSV</jurabk><enbez>§ 3</enbez><titel format="XML">Grundlagen der Beziehungen zwischen den Trägern der Rentenversicherung und dem Renten Service</titel></metadaten><textdaten><text format="XML"><Content><P>(1) Der Renten Service wird für die Träger der Rentenversicherung <DL Font="normal" Type="arabic"><DT>1.</DT><DD Font="normal"><LA Size="normal">bei Pflichtaufgaben im Rahmen eines gesetzlichen Auftrags und</LA></DD><DT>2.</DT><DD Font="normal"><LA Size="normal">bei Pflichtaufgaben auf Antrag im Rahmen eines durch öffentlich-rechtlichen Vertrag begründeten Auftrags</LA></DD></DL>tätig. Rechte und Pflichten des Renten Service und der Träger der Rentenversicherung richten sich bei der Erfüllung von Pflichtaufgaben und Pflichtaufgaben auf Antrag nach dem Recht des Sozialgesetzbuchs einschließlich dieser Verordnung und nach den gesetzlichen Vorschriften, die auf das Recht des Sozialgesetzbuchs verweisen oder darauf Bezug nehmen. Soweit dort keine Regelungen getroffen sind, gelten die Vorschriften des Bürgerlichen Gesetzbuchs über die entgeltliche Geschäftsbesorgung entsprechend.</P><P>(2) Der Renten Service hat in bezug auf <DL Font="normal" Type="arabic"><DT>1.</DT><DD Font="normal"><LA Size="normal">die ihm zur Verfügung gestellten Vorschüsse zur Auszahlung von Geldleistungen,</LA></DD><DT>2.</DT><DD Font="normal"><LA Size="normal">zurückgeflossene Auszahlungsbeträge und</LA></DD><DT>3.</DT><DD Font="normal"><LA Size="normal">sonstige Mittel, die wirtschaftlich den Trägern der Rentenversicherung zustehen,</LA></DD></DL>soweit ihm nicht lediglich eine Verfügungsvollmacht eingeräumt ist, die Stellung eines Treuhänders. Treuhandvermögen im Sinne des Satzes 1 ist vom Renten Service auf Treuhandkonten zu verbuchen und wirtschaftlich zu nutzen, solange es ihm zur Verfügung steht. Die Art der wirtschaftlichen Nutzung ist im Benehmen mit den Trägern der Rentenversicherung festzulegen. Sie soll für den Renten Service nicht mit einem zu hohen Aufwand verbunden sein. Die Nutzungsvorteile sind den Trägern der Rentenversicherung im Rahmen der Jahresabrechnung der Vorschüsse zur Auszahlung von Geldleistungen (§ 31) in dem Verhältnis gutzubringen, in dem im Abrechnungszeitraum die Höhe der für die einzelnen Träger der Rentenversicherung ausgeführten Zahlungen zur Höhe der für die Träger der Rentenversicherung insgesamt ausgeführten Zahlungen steht.</P><P>(3) Pflichtaufgaben und Pflichtaufgaben auf Antrag sind nach den Grundsätzen der Wirtschaftlichkeit und Sparsamkeit, bezogen auf den Auftraggeber, zu erfüllen. Der Renten Service hat sicherzustellen, daß die Einnahmen und Ausgaben für die Erfüllung von Pflichtaufgaben und Pflichtaufgaben auf Antrag einschließlich der Verwaltungskosten und Verwaltungsauslagen regelmäßig ermittelt und regelmäßig unter Berücksichtigung der Verpflichtung nach Satz 1 geprüft werden. Die Ergebnisse dieser Prüfungen sind der Deutschen Rentenversicherung Bund sowie dem Bundesministerium für Arbeit und Soziales und dem Bundesamt für Soziale Sicherung auf Verlangen zur Verfügung zu stellen.</P><P>(4) Die Träger der Rentenversicherung sollen dem Renten Service Aufträge in maschineller Form und so rechtzeitig erteilen, daß sie im Rahmen der vorzuhaltenden Organisation ohne Mehraufwand ausgeführt werden können. Dies gilt für Auftragsänderungen entsprechend. Die Träger der Rentenversicherung und der Renten Service können für besondere Fallgruppen andere Verfahren vereinbaren.</P><P>(5) Der Renten Service unterrichtet die Träger der Rentenversicherung im Rahmen des § 151 Abs. 2 des Sechsten Buches Sozialgesetzbuch über alle Vorgänge, die ihm im Rahmen des Auftragsverhältnisses bekannt werden und die zur Erfüllung der gesetzlichen Aufgaben der Träger der Rentenversicherung erforderlich sind. Für Vorgänge, die gemeinsame Aufgaben der Träger der Rentenversicherung betreffen, gilt § 2 Abs. 2 entsprechend.</P><P>(6) Der Renten Service hat im Benehmen mit der Deutschen Rentenversicherung Bund Vorsorgemaßnahmen zu treffen, um die Erfüllung von Pflichtaufgaben und Pflichtaufgaben auf Antrag auch unter erschwerten Bedingungen, bei Katastrophen und in Notfällen sowie im Spannungs- und Verteidigungsfall zu gewährleisten.</P></Content></text><fussnoten/></textdaten></norm>
<norm builddate="20230517213519" doknr="BJNR186700994BJNE001301308"><metadaten><jurabk>PostRDV</jurabk><jurabk>RentSV</jurabk><enbez>§ 4</enbez><titel format="parat">Verantwortungsbereiche</titel></metadaten><textdaten><text format="XML"><Content><P>(1) Die Träger der Rentenversicherung und der Renten Service sind im Verhältnis zueinander für die ordnungsgemäße Wahrnehmung der ihnen im Rahmen des gesetzlichen Auftragsverhältnisses obliegenden Aufgaben verantwortlich.</P><P>(2) Im Verhältnis zu den Leistungsberechtigten verbleibt es bei der Verantwortung des Trägers der Rentenversicherung, soweit nicht im Bereich des Datenschutzes eine andere Abgrenzung der Verantwortung gesetzlich vorgesehen ist.</P></Content> </text><fussnoten/></textdaten></norm>
<norm builddate="20230517213519" doknr="BJNR186700994BJNE001406124"><metadaten><jurabk>PostRDV</jurabk><jurabk>RentSV</jurabk><enbez>§ 5</enbez><titel format="XML">Ergänzende Regelungen</titel></metadaten><textdaten><text format="XML"><Content><P>(1) Die Deutsche Rentenversicherung Bund und der Renten Service treffen zur näheren Ausgestaltung der ihnen obliegenden Aufgaben ergänzende Regelungen durch Vereinbarung, soweit dies <DL Font="normal" Type="arabic"><DT>1.</DT><DD Font="normal"><LA Size="normal">in dieser Verordnung vorgeschrieben oder zugelassen ist oder</LA></DD><DT>2.</DT><DD Font="normal"><LA Size="normal">aus sonstigen Gründen erforderlich oder zweckmäßig ist.</LA></DD></DL></P><P>(2) Vereinbarungen, die <DL Font="normal" Type="arabic"><DT>1.</DT><DD Font="normal"><LA Size="normal">sich auf Rechte oder Pflichten der Berechtigten, Zahlungsempfänger oder sonstiger Dritter auswirken oder</LA></DD><DT>2.</DT><DD Font="normal"><LA Size="normal">die Vergütung des Renten Service betreffen,</LA></DD></DL>bedürfen der Zustimmung des Bundesamtes für Soziale Sicherung.</P><P>(3) Die Vereinbarungen bedürfen der Schriftform. Vereinbarungen, die auf Dauer von Bedeutung sind, werden vom Renten Service dokumentiert und den Trägern der Rentenversicherung, dem Bundesministerium für Arbeit und Soziales sowie dem Bundesamt für Soziale Sicherung zur Verfügung gestellt. Der Renten Service hat Dritte auf Anforderung ganz oder teilweise über die getroffenen Vereinbarungen zu unterrichten; er kann von dem Dritten eine Erstattung seiner Auslagen verlangen.</P></Content></text><fussnoten/></textdaten></norm>
<norm builddate="20230517213519" doknr="BJNR186700994BJNG000200320"><metadaten><jurabk>PostRDV</jurabk><jurabk>RentSV</jurabk><gliederungseinheit><gliederungskennzahl>020</gliederungskennzahl><gliederungsbez>Zweites Kapitel</gliederungsbez><gliederungstitel>Auszahlung von Geldleistungen</gliederungstitel></gliederungseinheit></metadaten><textdaten><text format="XML"><Content><P/></Content></text></textdaten></norm>
<norm builddate="20230517213519" doknr="BJNR186700994BJNE001501308"><metadaten><jurabk>PostRDV</jurabk><jurabk>RentSV</jurabk><enbez>§ 6</enbez><titel format="parat">Zahlungsauftrag</titel></metadaten><textdaten><text format="XML"><Content><P>(1) Die Auszahlung von Geldleistungen durch den Renten Service setzt einen entsprechenden Auftrag des zuständigen Trägers der Rentenversicherung voraus (Zahlungsauftrag).</P><P>(2) Der Zahlungsauftrag hat alle für die Auszahlung und die Erfüllung der damit im Zusammenhang stehenden Aufgaben erforderlichen Angaben zu enthalten.</P><P>(3) Ein Zahlungsauftrag für die Auszahlung laufender Geldleistungen hat auch die für die Anpassung erforderlichen Angaben zu enthalten. Er kann jeweils nur für laufende kalendermonatliche, kalendervierteljährliche oder kalenderhalbjährliche Auszahlungen oder für laufende Auszahlungen erteilt werden, die sich auf den Gesamtzeitraum zwischen mehreren Rentenanpassungen beziehen.</P><P>(4) Zahlungsaufträge, die den Anforderungen des Absatzes 2 oder 3 nicht entsprechen, gibt der Renten Service dem zuständigen Träger der Rentenversicherung zurück, soweit zwischen der Deutschen Rentenversicherung Bund und dem Renten Service nichts anderes vereinbart ist.</P></Content>   </text><fussnoten/></textdaten></norm>
<norm builddate="20230517213519" doknr="BJNR186700994BJNE001602308"><metadaten><jurabk>PostRDV</jurabk><jurabk>RentSV</jurabk><enbez>§ 7</enbez><titel format="XML">Zahlung ohne Zahlungsauftrag</titel></metadaten><textdaten><text format="XML"><Content><P>(1) Der Renten Service soll an Witwen oder Witwer oder an überlebende Lebenspartner verstorbener Berechtigter eine Rente wegen Alters oder einer Rente wegen verminderter Erwerbsfähigkeit im Inland auch ohne einen Auftrag des zuständigen Trägers der Rentenversicherung einen Vorschuß für die ersten drei Kalendermonate nach dem Tod des Berechtigten (Sterbequartalsvorschuß) zahlen, wenn der Vorschuß innerhalb eines Monats nach dem Tod des Berechtigten schriftlich unter Vorlage eines amtlichen Sterbenachweises beantragt wird. Anträge, die innerhalb dieses Zeitraums bei einem Träger der Rentenversicherung oder einer anderen öffentlichen Stelle eingehen, werden an den Renten Service weitergeleitet. Anträge, die nach Ablauf dieses Zeitraums beim Renten Service oder einer anderen öffentlichen Stelle eingehen, werden an den zuständigen Träger der Rentenversicherung weitergeleitet.</P><P>(2) Der Sterbequartalsvorschuß wird vom Renten Service auf der Grundlage des Dreifachen der dem verstorbenen Berechtigten im Sterbemonat zu zahlenden Rente errechnet.</P><P>(3) § 42 Abs. 2 und 3 des Ersten Buches Sozialgesetzbuch gilt entsprechend; an die Stelle des Vorschusses durch den Leistungsträger tritt der Sterbequartalsvorschuß durch den Renten Service. Die Entscheidung über die Anrechnung des Sterbequartalsvorschusses auf die zustehende Leistung oder eine Erstattung trifft der zuständige Träger der Rentenversicherung.</P></Content></text><fussnoten/></textdaten></norm>
<norm builddate="20230517213519" doknr="BJNR186700994BJNE001701124"><metadaten><jurabk>PostRDV</jurabk><jurabk>RentSV</jurabk><enbez>§ 8</enbez><titel format="XML">Zahlungsempfänger</titel></metadaten><textdaten><text format="XML"><Content><P>Zahlungen erfolgen an die Berechtigten, soweit nicht Dritte vom Berechtigten als Zahlungsempfänger benannt wurden oder auf Grund <DL Font="normal" Type="arabic"><DT>1.</DT><DD Font="normal"><LA Size="normal">der gesetzlichen Vorschriften über die Vormundschaft oder die Betreuung,</LA></DD><DT>2.</DT><DD Font="normal"><LA Size="normal">der §§ 48 bis 50 und der §§ 52 bis 54 des Ersten Buches Sozialgesetzbuch oder</LA></DD><DT>3.</DT><DD Font="normal"><LA Size="normal">der §§ 102 bis 105 in Verbindung mit § 107 des Zehnten Buches Sozialgesetzbuch</LA></DD></DL>einen Anspruch auf die Auszahlung haben.</P></Content></text><fussnoten/></textdaten></norm>
<norm builddate="20230517213519" doknr="BJNR186700994BJNE001804124"><metadaten><jurabk>PostRDV</jurabk><jurabk>RentSV</jurabk><enbez>§ 9</enbez><titel format="XML">Zahlweise</titel></metadaten><textdaten><text format="XML"><Content><P>(1) Zahlungen an Zahlungsempfänger mit gewöhnlichem Aufenthalt im Inland (Inlandszahlungen) sollen auf ein Konto der Zahlungsempfänger bei einem Geldinstitut innerhalb des Geltungsbereiches der Verordnung (EU) Nr. 260/2012 des Europäischen Parlaments und des Rates vom 14. März 2012 zur Festlegung der technischen Vorschriften und der Geschäftsanforderungen für Überweisungen und Lastschriften in Euro und zur Änderung der Verordnung (EG) Nr. 924/2009 (ABl. L 94 vom 30.3.2012, S. 22) erfolgen. Die Träger der Rentenversicherung und der Renten Service sollen darauf hinwirken, daß die Zahlungsempfänger ein solches Konto benennen. Soweit Zahlungen nicht auf ein Konto erfolgen, sollen sie in einer für die Träger der Rentenversicherung möglichst wirtschaftlichen Form ausgeführt werden.</P><P>(2) Zahlungen an Zahlungsempfänger mit gewöhnlichem Aufenthalt im Ausland (Auslandszahlungen) sollen bei Aufenthalt innerhalb des Geltungsbereiches der in Absatz 1 genannten Verordnung auf ein Konto der Zahlungsempfänger bei einem Geldinstitut innerhalb des Geltungsbereiches dieser Verordnung erfolgen. Bei Aufenthalt der Zahlungsempfänger außerhalb des Geltungsbereiches der Verordnung sollen die Zahlungen in einer für die Träger der Rentenversicherung möglichst wirtschaftlichen Form ausgeführt werden.</P><P>(3) Berechtigten Interessen der Zahlungsempfänger ist Rechnung zu tragen, soweit hierdurch keine Mehraufwendungen entstehen oder die Mehraufwendungen im Hinblick auf die Umstände des Einzelfalls gerechtfertigt erscheinen.</P><P>(4) Die Zahlung laufender Geldleistungen ist so rechtzeitig zu bewirken, dass die Leistungen den Zahlungsempfängern nach dem gewöhnlichen Verfahrensablauf am Auszahlungstag im Sinne von § 118 Abs. 1 und § 272a Abs. 1 des Sechsten Buches Sozialgesetzbuch zur Verfügung stehen. Die Zahlung sonstiger Geldleistungen ist unverzüglich nach der Erteilung des Zahlungsauftrages zu bewirken.</P><P>(5) Der Renten Service übernimmt für die Träger der Rentenversicherung die nach dem Außenwirtschaftsrecht zu erstattenden Meldungen an die Deutsche Bundesbank.</P></Content></text><fussnoten/></textdaten></norm>
<norm builddate="20230517213519" doknr="BJNR186700994BJNE001901308"><metadaten><jurabk>PostRDV</jurabk><jurabk>RentSV</jurabk><enbez>§ 10</enbez><titel format="parat">Nicht ausführbare Zahlungen</titel></metadaten><textdaten><text format="XML"><Content><P>(1) Zahlungen, die <DL Font="normal" Type="arabic"><DT>1.</DT><DD Font="normal"><LA Size="normal">auf Grund unrichtiger Angaben von Namen, Anschrift oder Konto der Zahlungsempfänger oder aus sonstigen Gründen nicht bewirkt werden können oder</LA></DD> <DT>2.</DT><DD Font="normal"><LA Size="normal">auf Grund einer gesteigerten Übermittlungsgefahr nur mit erhöhtem Verlustrisiko für die Träger der Rentenversicherung bewirkt werden können,</LA></DD> </DL>gelten als nicht ausführbar (unanbringliche Zahlungen). Der Renten Service hält unanbringliche Zahlungen zur Verfügung der Zahlungsempfänger, wenn Aussicht besteht, die Zahlung noch ausführen zu können. Andernfalls, spätestens jedoch nach Ablauf von sechs Monaten, hat er den Zahlungsauftrag an den zuständigen Träger der Rentenversicherung zurückzugeben. Der Zeitraum von sechs Monaten kann für bestimmte Fälle durch Vereinbarung zwischen der Deutschen Rentenversicherung Bund und dem Renten Service auf bis zu zwei Jahre verlängert werden, soweit dies der Vereinfachung des Zahlungsverfahrens dient. Nach Rückgabe des Zahlungsauftrags sind die für die Auszahlung zur Verfügung gestellten Beträge in die nächste Monatsübersicht aufzunehmen.</P><P>(2) Bei Zahlungen durch Schecks oder vergleichbare Zahlungsmittel hat der Renten Service dafür Sorge zu tragen, daß nicht eingelöste Schecks oder vergleichbare Zahlungsmittel in angemessenen Zeitabständen erfaßt und nach der Erfassung in die nächste Monatsübersicht aufgenommen werden. Soweit der Renten Service bei Zahlungen durch Schecks oder vergleichbare Zahlungsmittel in Vorleistung tritt (Scheckeinkauf), hat er im Rahmen seiner Verpflichtung nach Satz 1 durch Vereinbarung mit den Geldinstituten sicherzustellen, daß ihm spätestens zu Beginn eines jeden Kalenderjahres der Gegenwert der im vorletzten Kalenderjahr ausgestellten und bisher nicht eingelösten Schecks oder vergleichbaren Zahlungsmittel nebst einer angemessenen Verzinsung wieder zur Verfügung gestellt wird.</P></Content> </text><fussnoten/></textdaten></norm>
<norm builddate="20230517213519" doknr="BJNR186700994BJNE002001308"><metadaten><jurabk>PostRDV</jurabk><jurabk>RentSV</jurabk><enbez>§ 11</enbez><titel format="parat">Nicht zugegangene Zahlungen</titel></metadaten><textdaten><text format="XML"><Content><P>(1) Der Renten Service unterstützt die Zahlungsempfänger bei Nachforschungen nach dem Verbleib von Zahlungen, die vom Renten Service ordnungsgemäß veranlaßt wurden, aber dem Empfänger nicht zugegangen sind.</P><P>(2) Bei laufenden Inlandszahlungen, die nicht durch Überweisung auf ein Konto erfolgen, kann der Renten Service in den Fällen des Absatzes 1 auf Antrag einen Vorschuß zahlen. Die Form der Auszahlung richtet sich nach den Umständen des Einzelfalls. § 42 Abs. 2 und 3 des Ersten Buches Sozialgesetzbuch gilt entsprechend.</P></Content> </text><fussnoten/></textdaten></norm>
<norm builddate="20230517213519" doknr="BJNR186700994BJNE002101308"><metadaten><jurabk>PostRDV</jurabk><jurabk>RentSV</jurabk><enbez>§ 12</enbez><titel format="parat">Änderungen von Zahlungsaufträgen durch die Träger
der Rentenversicherung</titel></metadaten><textdaten><text format="XML"><Content><P>(1) Die Träger der Rentenversicherung können jederzeit beim Renten Service eine Einstellung der Zahlung und sonstige Änderungen des Zahlungsauftrags veranlassen. Änderungen auf Grund von Umständen, die nicht den Grund des Anspruchs des Berechtigten betreffen, sollen so bewirkt werden, daß keine Zahlungsunterbrechung eintritt. § 6 Abs. 2 bis 4 gilt entsprechend.</P><P>(2) Die Träger der Rentenversicherung dürfen bei laufenden Geldleistungen eine Einstellung der Zahlung oder eine Herabsetzung des Zahlbetrages nur im Zusammenhang mit einer entsprechenden Unterrichtung der Betroffenen veranlassen. Dies gilt nicht, wenn <DL Font="normal" Type="arabic"><DT>1.</DT><DD Font="normal"><LA Size="normal">eine lediglich aus technischen Gründen veranlaßte Einstellung der Zahlung auf Grund eines gleichzeitig erteilten neuen Zahlungsauftrages für den Zahlungsempfänger voraussichtlich nicht mit einer Zahlungsunterbrechung verbunden ist oder</LA></DD> <DT>2.</DT><DD Font="normal"><LA Size="normal">die Einstellung der Zahlung einer Zeitrente für die Zeit nach dem Ablauf des Bewilligungszeitraums veranlaßt wird.</LA></DD> </DL></P></Content> </text><fussnoten/></textdaten></norm>
<norm builddate="20230517213519" doknr="BJNR186700994BJNE002201308"><metadaten><jurabk>PostRDV</jurabk><jurabk>RentSV</jurabk><enbez>§ 13</enbez><titel format="parat">Änderungen von Zahlungsdaten oder der Zahlweise
durch die Berechtigten oder Zahlungsempfänger</titel></metadaten><textdaten><text format="XML"><Content><P>Die Berechtigten oder Zahlungsempfänger sollen <DL Font="normal" Type="arabic"><DT>1.</DT><DD Font="normal"><LA Size="normal">Änderungen in den tatsächlichen oder rechtlichen Verhältnissen, die für die Auszahlung von Bedeutung sind, und</LA></DD> <DT>2.</DT><DD Font="normal"><LA Size="normal">eine gewünschte Änderung der Zahlungsweise</LA></DD> </DL>unmittelbar dem Renten Service mitteilen. Die Berücksichtigung von Namensänderungen setzt voraus, daß diese dem Renten Service nachgewiesen werden.</P></Content></text><fussnoten/></textdaten></norm>
<norm builddate="20230517213519" doknr="BJNR186700994BJNE002302308"><metadaten><jurabk>PostRDV</jurabk><jurabk>RentSV</jurabk><enbez>§ 14</enbez><titel format="XML">Änderungen von Zahlungsdaten durch Dritte</titel></metadaten><textdaten><text format="XML"><Content><P>(1) Geldinstitute können unmittelbar beim Renten Service beantragen, dass neue Bankverbindungsdaten der Zahlungsempfänger berücksichtigt werden, wenn dies auf banktechnische oder bankstrukturelle Veränderungen zurückzuführen ist und der Zahlungsempfänger hierüber informiert wird.</P><P>(2) Vormünder und Betreuer der Berechtigten können unter Nachweis ihrer Rechtsstellung und im Fall der Betreuung auch ihres Aufgabenkreises unmittelbar beim Renten Service beantragen, bei laufenden Inlandszahlungen als Zahlungsempfänger eingesetzt zu werden. Wird die Beendigung einer Vormundschaft oder einer Betreuung mitgeteilt, wird die Auszahlung auf die Berechtigten umgestellt; eine Berücksichtigung von Mitteilungen der Berechtigten setzt voraus, daß der Inhalt der Mitteilung dem Renten Service nachgewiesen wird.</P><P>(3) Sozialhilfeträger oder Hauptfürsorgestellen können unmittelbar beim Renten Service beantragen, bei laufenden Inlandszahlungen als Zahlungsempfänger eingesetzt zu werden, wenn ein Erstattungsanspruch nach § 104 des Zehnten Buches Sozialgesetzbuch wegen Heimunterbringung besteht.</P><P>(4) Anträge anderer Personen oder Stellen auf Einsetzung als Zahlungsempfänger leitet der Renten Service an den zuständigen Träger der Rentenversicherung weiter.</P><P>(5) Der Renten Service soll die Personen oder Stellen, die von Änderungen nach Absatz 1 oder 2 betroffen sind, hierüber unterrichten.</P></Content></text><fussnoten/></textdaten></norm>
<norm builddate="20230517213519" doknr="BJNR186700994BJNE002402308"><metadaten><jurabk>PostRDV</jurabk><jurabk>RentSV</jurabk><enbez>§ 15</enbez><titel format="XML">Zahlungseinstellung durch den Renten Service</titel></metadaten><textdaten><text format="XML"><Content><P>(1) Der Renten Service stellt die Zahlung laufender Geldleistungen auch ohne Auftrag des zuständigen Trägers der Rentenversicherung ein, wenn <DL Font="normal" Type="arabic"><DT>1.</DT><DD Font="normal"><LA Size="normal">der Zahlungsempfänger die Annahme der Zahlung verweigert oder erklärt, zum Empfang der Zahlung nicht mehr berechtigt zu sein, oder</LA></DD><DT>2.</DT><DD Font="normal"><LA Size="normal">dem Renten Service bekannt wird, daß der Zahlungsempfänger gestorben ist und er diese Kenntnis im Rahmen eines angemessenen Verwaltungsaufwands einem Zahlfall zuordnen kann.</LA></DD></DL>Zurückgeflossene Beträge sind in die nächste Monatsübersicht aufzunehmen.</P><P>(2) Der Renten Service stellt die Zahlung laufender Geldleistungen auch ohne Auftrag des zuständigen Trägers der Rentenversicherung ein, wenn ihm bekannt wird, daß <DL Font="normal" Type="arabic"><DT>1.</DT><DD Font="normal"><LA Size="normal">Berechtigte gestorben sind oder</LA></DD><DT>2.</DT><DD Font="normal"><LA Size="normal">Berechtigte einer Witwenrente, einer Witwerrente oder einer Erziehungsrente wieder geheiratet oder eine Eingetragene Lebenspartnerschaft begründet haben,</LA></DD></DL>und er diese Kenntnis im Rahmen eines angemessenen Verwaltungsaufwands einem Zahlfall zuordnen kann.</P><P>(3) Die Deutsche Rentenversicherung Bund und der Renten Service können vereinbaren, daß der Renten Service die Zahlung laufender Geldleistungen auch in anderen als den in Absatz 1 oder 2 genannten Fällen ohne Auftrag des zuständigen Trägers der Rentenversicherung einstellt, wenn andere als die in Absatz 1 genannten Auszahlungshindernisse vorliegen oder der der Zahlung zugrundeliegende Leistungsbescheid aus anderen als den in Absatz 2 genannten Gründen unwirksam geworden ist. In der Vereinbarung ist sicherzustellen, daß die Betroffenen über die Zahlungseinstellung und deren Gründe unverzüglich unterrichtet werden.</P></Content></text><fussnoten/></textdaten></norm>
<norm builddate="20230517213519" doknr="BJNR186700994BJNE002501308"><metadaten><jurabk>PostRDV</jurabk><jurabk>RentSV</jurabk><enbez>§ 16</enbez><titel format="parat">Rückforderung zu Unrecht erbrachter Geldleistungen
beim Tod von Berechtigten</titel></metadaten><textdaten><text format="XML"><Content><P>(1) Der Renten Service fordert laufende Geldleistungen, die er für die Zeit nach dem Tod von Berechtigten durch Überweisung auf ein Konto bei einem Geldinstitut ausgezahlt hat, von dem Geldinstitut als zu Unrecht erbracht zurück. Dies gilt nicht, wenn <DL Font="normal" Type="arabic"><DT>1.</DT><DD Font="normal"><LA Size="normal">der Renten Service Grund zur Annahme hat, daß mit einer Rente wegen Todes aufgerechnet werden kann, oder</LA></DD> <DT>2.</DT><DD Font="normal"><LA Size="normal">der Rückforderungsbetrag<DL Font="normal" Type="arabic"><DT>a)</DT><DD Font="normal"><LA Size="normal">bei Auszahlungen im Inland weniger als die Hälfte des aktuellen Rentenwertes oder</LA></DD> <DT>b)</DT><DD Font="normal"><LA Size="normal">bei Auszahlungen im Ausland weniger als das Eineinhalbfache des aktuellen Rentenwertes</LA></DD> </DL></LA><LA Size="normal">beträgt.</LA></DD>  </DL> </P><P>(2) Zurückgeflossene Beträge sind in die nächste Monatsübersicht aufzunehmen.</P></Content></text><fussnoten/></textdaten></norm>
<norm builddate="20230517213519" doknr="BJNR186700994BJNG000300320"><metadaten><jurabk>PostRDV</jurabk><jurabk>RentSV</jurabk><gliederungseinheit><gliederungskennzahl>030</gliederungskennzahl><gliederungsbez>Drittes Kapitel</gliederungsbez><gliederungstitel>Durchführung der Anpassung von
Geldleistungen</gliederungstitel></gliederungseinheit></metadaten><textdaten><text format="XML"><Content><P/></Content></text></textdaten></norm>
<norm builddate="20230517213519" doknr="BJNR186700994BJNE002601308"><metadaten><jurabk>PostRDV</jurabk><jurabk>RentSV</jurabk><enbez>§ 17</enbez><titel format="parat">Anpassungsauftrag</titel></metadaten><textdaten><text format="XML"><Content><P>(1) Die Durchführung der Anpassung von Geldleistungen durch den Renten Service setzt einen entsprechenden Auftrag der Träger der Rentenversicherung voraus (Anpassungsauftrag).</P><P>(2) Der Anpassungsauftrag hat die Anpassungsprogramme und alle sonstigen Angaben zu enthalten, die für die Anpassung und die Erfüllung der damit im Zusammenhang stehenden Aufgaben erforderlich sind.</P></Content> </text><fussnoten/></textdaten></norm>
<norm builddate="20230517213519" doknr="BJNR186700994BJNE002702124"><metadaten><jurabk>PostRDV</jurabk><jurabk>RentSV</jurabk><enbez>§ 18</enbez><titel format="XML">Art und Weise der Anpassung, Anpassungsmitteilung</titel></metadaten><textdaten><text format="XML"><Content><P>(1) Soweit der Renten Service die Anpassung von Geldleistungen berechnet, erstellt er die Anpassungsmitteilungen im Namen des zuständigen Trägers der Rentenversicherung, versendet sie an die Zahlungsempfänger und weist die neuen Zahlbeträge an. Abweichend von Satz 1 übersendet der Renten Service die Anpassungsmitteilung dem Berechtigten, wenn der Zahlungsempfänger vom Berechtigten abweicht und der Zahlungsempfänger die Übersendung an den Berechtigten beim Renten Service veranlasst. Zahlungsempfänger, die ihre Rechtsstellung aus einer Übertragung, Verpfändung oder Pfändung herleiten oder eine vergleichbare Rechtsstellung haben, erhalten keine Anpassungsmitteilung; die Anpassungsmitteilung ist in diesen Fällen den Berechtigten zu übersenden.</P><P>(2) Soweit die Träger der Rentenversicherung die Anpassung von Geldleistungen selbst berechnen und dem Renten Service die neuen Zahlbeträge von den Trägern der Rentenversicherung nicht rechtzeitig vor dem Anpassungstermin mitgeteilt werden, teilt der Renten Service den Zahlungsempfängern mit, daß die Anpassung durch die Träger der Rentenversicherung erfolgt, und daß die neuen Zahlbeträge erst auf deren Veranlassung angewiesen werden können. Absatz 1 Satz 2 und 3 gilt entsprechend.</P><P>(3) Die Anpassungsmitteilung enthält in kurzer und verständlicher Form die Angaben, die erforderlich sind, damit der Empfänger die ordnungsgemäße Durchführung der Anpassung auf der Grundlage des Rentenbescheides nachvollziehen kann. Allgemeine Angaben können in einem der Anpassungsmitteilung beigefügten Merkblatt erfolgen.</P><P>(4) Inhalt und Form der Anpassungsmitteilung und des Merkblatts sind für jede Anpassung zwischen der Deutschen Rentenversicherung Bund und dem Renten Service zu vereinbaren.</P><P>(5) Einwendungen gegen die Anpassungsmitteilung leitet der Renten Service an den zuständigen Träger der Rentenversicherung weiter.</P></Content></text><fussnoten/></textdaten></norm>
<norm builddate="20230517213519" doknr="BJNR186700994BJNE002801308"><metadaten><jurabk>PostRDV</jurabk><jurabk>RentSV</jurabk><enbez>§ 19</enbez><titel format="parat">Unterrichtung der Träger der Rentenversicherung
und anderer Stellen</titel></metadaten><textdaten><text format="XML"><Content><P>(1) Der Renten Service unterrichtet die Träger der Rentenversicherung über die sich aus der Durchführung der Anpassung ergebenden neue Beträge.</P><P>(2) Andere Stellen erhalten im Rahmen des Rentenauskunftsverfahrens Auskunft über die sich aus der Durchführung der Anpassung ergebenden neuen Beträge.</P></Content> </text><fussnoten/></textdaten></norm>
<norm builddate="20230517213519" doknr="BJNR186700994BJNG000400320"><metadaten><jurabk>PostRDV</jurabk><jurabk>RentSV</jurabk><gliederungseinheit><gliederungskennzahl>040</gliederungskennzahl><gliederungsbez>Viertes Kapitel</gliederungsbez><gliederungstitel>Mit der Auszahlung und der
Durchführung der Anpassung von Geldleistungen zusammenhängende
Aufgaben</gliederungstitel></gliederungseinheit></metadaten><textdaten><text format="XML"><Content><P/></Content></text></textdaten></norm>
<norm builddate="20230517213519" doknr="BJNR186700994BJNE002901308"><metadaten><jurabk>PostRDV</jurabk><jurabk>RentSV</jurabk><enbez>§ 20</enbez><titel format="parat">Aufgaben im Rahmen der sozialen Sicherung der Rentner</titel></metadaten><textdaten><text format="XML"><Content><P>(1) Der Renten Service übernimmt für die Träger der Rentenversicherung auf Verlangen <DL Font="normal" Type="arabic"><DT>1.</DT><DD Font="normal"><LA Size="normal">die Zahlung von Sozialversicherungsbeiträgen für sozialversicherungspflichtige Rentner aus den auszuzahlenden Geldleistungen,</LA></DD> <DT>2.</DT><DD Font="normal"><LA Size="normal">die Erstellung von Abrechnungsunterlagen in Fällen, in denen Sozialversicherungsbeiträge im Sinne der Nummer 1 mit Forderungen der Träger der Rentenversicherung gegen die Zahlungsempfänger aufgerechnet werden, und</LA></DD> <DT>3.</DT><DD Font="normal"><LA Size="normal">die Erfüllung gesetzlicher Auskunfts- und Mitteilungspflichten der Träger der Rentenversicherung im Rahmen der sozialen Sicherung der Rentner.</LA></DD> </DL> </P><P>(2) Die Deutsche Rentenversicherung Bund und der Renten Service regeln das Nähere durch Vereinbarung.</P></Content></text><fussnoten/></textdaten></norm>
<norm builddate="20230517213519" doknr="BJNR186700994BJNE003003124"><metadaten><jurabk>PostRDV</jurabk><jurabk>RentSV</jurabk><enbez>§ 21</enbez><titel format="XML">Ausstellung von Ausweisen</titel></metadaten><textdaten><text format="XML"><Content><P>(1) Der Renten Service stellt den Berechtigten einen Ausweis aus, mit dem die Rentenberechtigung nachgewiesen werden kann, soweit dies nicht durch die Träger der Rentenversicherung erfolgt.</P><P>(2) Der Ausweis darf den Hinweis auf die Rentnereigenschaft nur mit folgenden personenbezogenen Daten verbinden: <DL Font="normal" Type="arabic"><DT>1.</DT><DD Font="normal"><LA Size="normal">Familienname und Vornamen einschließlich des Geburtsnamens,</LA></DD><DT>2.</DT><DD Font="normal"><LA Size="normal">Geburtsdatum,</LA></DD><DT>3.</DT><DD Font="normal"><LA Size="normal">Versicherungsnummer.</LA></DD></DL>Er darf nicht zum Abruf personenbezogener Daten in einem automatisierten Abrufverfahren verwendet werden.</P><P>(3) Der Ausweis soll eine ausweisgerechte Form aufweisen. Er kann mit der Anpassungsmitteilung verbunden werden.</P><P>(4) (weggefallen)</P></Content></text><fussnoten/></textdaten></norm>
<norm builddate="20230517213519" doknr="BJNR186700994BJNE003101308"><metadaten><jurabk>PostRDV</jurabk><jurabk>RentSV</jurabk><enbez>§ 22</enbez><titel format="parat">Erteilung von Auskünften für die Träger der
Rentenversicherung</titel></metadaten><textdaten><text format="XML"><Content><P>(1) Der Renten Service erteilt für die Träger der Rentenversicherung Auskünfte über die Höhe der ausgezahlten Geldleistungen und andere ihm zur Verfügung stehende Sozialdaten (Rentenauskunftsverfahren). Die Deutsche Rentenversicherung Bund bestimmt im Rahmen des § 151 Abs. 1 des Sechsten Buches Sozialgesetzbuch den Kreis der Empfänger und den erforderlichen Umfang der Auskünfte.</P><P>(2) Die Erteilung der Auskünfte erfolgt in einem maschinellen Verfahren. Auskünfte im schriftlichen Verfahren werden vom Renten Service nur erteilt, wenn es im Einzelfall zum Einstieg in das maschinelle Verfahren notwendig ist.</P><P>(3) Auskünfte an Landes- oder Kommunalbehörden werden nur über zentrale Vermittlungsstellen erteilt, die von den Ländern eingerichtet werden und deren Zuständigkeitsbereich zumindest das Gebiet eines Bundeslandes umfaßt (Kopfstellen).</P><P>(4) Soweit die Träger der Rentenversicherung berechtigt sind, für die Erteilung der Auskünfte von den Empfängern eine Erstattung von Verwaltungsgebühren oder Auslagen zu verlangen, sollen die Deutsche Rentenversicherung Bund und der Renten Service vereinbaren, daß der Renten Service Auskünfte nur gegen eine entsprechende Kostenerstattung erteilt. Die erstatteten Beträge sind den Trägern der Rentenversicherung im Rahmen der Vergütungsabrechnung (§ 35 Abs. 3) gutzubringen.</P></Content>   </text><fussnoten/></textdaten></norm>
<norm builddate="20230517213519" doknr="BJNR186700994BJNE003201308"><metadaten><jurabk>PostRDV</jurabk><jurabk>RentSV</jurabk><enbez>§ 23</enbez><titel format="parat">Einholung von Auskünften für die Träger der
Rentenversicherung</titel></metadaten><textdaten><text format="XML"><Content><P>(1) Die Träger der Rentenversicherung können verlangen, daß der Renten Service für sie im Rahmen der datenschutzrechtlichen Vorschriften Auskünfte von anderen öffentlichen Stellen einholt. Der Renten Service ist berechtigt, die für die Einholung der Auskünfte erforderlichen Daten zu erheben, soweit dies für die Durchführung der Anpassung von Geldleistungen durch den Renten Service erforderlich ist.</P><P>(2) § 22 Abs. 2 bis 4 gilt entsprechend; an die Stelle der Erteilung von Auskünften tritt die Einholung von Auskünften.</P></Content> </text><fussnoten/></textdaten></norm>
<norm builddate="20230517213519" doknr="BJNR186700994BJNE003304124"><metadaten><jurabk>PostRDV</jurabk><jurabk>RentSV</jurabk><enbez>§ 24</enbez><titel format="XML">Überwachung der Zahlungsvoraussetzungen bei Inlandszahlungen</titel></metadaten><textdaten><text format="XML"><Content><P>(1) Der Renten Service wertet die ihm nach § 101a des Zehnten Buches Sozialgesetzbuch übermittelten Daten im Rahmen der Zweckbestimmung der Übermittlung aus, um bei Tod oder Wiederheirat des Berechtigten bei laufenden Inlandszahlungen Überzahlungen zu Lasten der Träger der Rentenversicherung zu vermeiden und um Anschriften- und Namensänderungen zu berücksichtigen (Abgleich der Mitteilungen nach § 101a des Zehnten Buches Sozialgesetzbuch). Er übernimmt auch die Einholung von Lebensbescheinigungen der Berechtigten bei den Zahlungsempfängern, soweit dies zur Ergänzung des Verfahrens nach Satz 1 erforderlich ist.</P><P>(2) Sind Schreiben des Renten Service an den Berechtigten oder Zahlungsempfänger unzustellbar, gelten weitere Zahlungen bis zur Ermittlung der richtigen Anschrift als nicht ausführbar; § 10 Abs. 1 Satz 2 bis 5 gilt entsprechend.</P></Content></text><fussnoten/></textdaten></norm>
<norm builddate="20230517213519" doknr="BJNR186700994BJNE003403124"><metadaten><jurabk>PostRDV</jurabk><jurabk>RentSV</jurabk><enbez>§ 25</enbez><titel format="XML">Überwachung der Zahlungsvoraussetzungen bei Auslandszahlungen</titel></metadaten><textdaten><text format="XML"><Content><P>(1) Der Renten Service übernimmt bei laufenden Auslandszahlungen die Einholung von Lebensbescheinigungen der Berechtigten bei den Zahlungsempfängern, um bei Tod oder Wiederheirat des Berechtigten Überzahlungen zu Lasten der Träger der Rentenversicherung zu vermeiden. Die Deutsche Rentenversicherung Bund und der Renten Service können Ausnahmen vereinbaren, soweit die Zahlungsvoraussetzungen in anderer, mindestens ebenso zuverlässiger Weise überwacht werden.</P><P>(2) § 24 Abs. 2 gilt entsprechend.</P></Content></text><fussnoten/></textdaten></norm>
<norm builddate="20230517213519" doknr="BJNR186700994BJNE003503308"><metadaten><jurabk>PostRDV</jurabk><jurabk>RentSV</jurabk><enbez>§ 26</enbez><titel format="parat">Aufgaben im Rahmen der Statistik</titel></metadaten><textdaten><text format="XML"><Content><P>Der Renten Service erstellt aus den bei ihm anfallenden Daten der Träger der Rentenversicherung auf Anforderung statistisches Material im Sinne des § 79 des Vierten Buches Sozialgesetzbuch für das Bundesministerium für Arbeit und Soziales und die Deutsche Rentenversicherung Bund.</P></Content></text><fussnoten/></textdaten></norm>
<norm builddate="20230517213519" doknr="BJNR186700994BJNE004900124"><metadaten><jurabk>PostRDV</jurabk><jurabk>RentSV</jurabk><enbez>§ 26a</enbez><titel format="XML">Aktualisierung des Rentenbestandes zur Umsetzung von Rechtsänderungen</titel></metadaten><textdaten><text format="XML"><Content><P>Der Renten Service führt die Umrechnung des Rentenbestandes zur Umsetzung von Rechtsänderungen außerhalb der Rentenanpassung durch, soweit die Träger der Rentenversicherung diese Aufgabe nicht selbst wahrnehmen. Erfolgt die Umrechnung des Rentenbestandes durch den Renten Service, informiert er die Rentenbezieher im Namen der Träger der Rentenversicherung. Die §§ 17 und 19 gelten entsprechend.</P></Content></text><fussnoten/></textdaten></norm>
<norm builddate="20230517213519" doknr="BJNR186700994BJNE003601308"><metadaten><jurabk>PostRDV</jurabk><jurabk>RentSV</jurabk><enbez>§ 27</enbez><titel format="parat">Sonstige Aufgaben</titel></metadaten><textdaten><text format="XML"><Content><P>Die Deutsche Rentenversicherung Bund und der Renten Service können vereinbaren, daß dieser für die Träger der Rentenversicherung sonstige Aufgaben wahrnimmt, die mit der Auszahlung oder der Durchführung der Anpassung von Geldleistungen im Zusammenhang stehen.</P></Content></text><fussnoten/></textdaten></norm>
<norm builddate="20230517213519" doknr="BJNR186700994BJNG000500320"><metadaten><jurabk>PostRDV</jurabk><jurabk>RentSV</jurabk><gliederungseinheit><gliederungskennzahl>050</gliederungskennzahl><gliederungsbez>Fünftes Kapitel</gliederungsbez><gliederungstitel>Vorschüsse zur Auszahlung von
Geldleistungen und Abrechnung</gliederungstitel></gliederungseinheit></metadaten><textdaten><text format="XML"><Content><P/></Content></text></textdaten></norm>
<norm builddate="20230517213519" doknr="BJNR186700994BJNE003705126"><metadaten><jurabk>PostRDV</jurabk><jurabk>RentSV</jurabk><enbez>§ 28</enbez><titel format="XML">Pflicht zur Zahlung monatlicher Vorschüsse</titel></metadaten><textdaten><text format="XML"><Content><P>Der Renten Service erhält von den Trägern der Rentenversicherung zur Auszahlung der Geldleistungen rechtzeitig monatliche Vorschüsse. Er hat das Bundesministerium für Arbeit und Soziales, die Deutsche Rentenversicherung Bund und das Bundesamt für Soziale Sicherung unverzüglich in Textform zu benachrichtigen, wenn der Bedarf für die Auszahlung von Geldleistungen durch die Vorschüsse nicht gedeckt ist.</P></Content></text><fussnoten/></textdaten></norm>
<norm builddate="20230517213519" doknr="BJNR186700994BJNE003802308"><metadaten><jurabk>PostRDV</jurabk><jurabk>RentSV</jurabk><enbez>§ 29</enbez><titel format="XML">Höhe der Vorschüsse</titel></metadaten><textdaten><text format="XML"><Content><P>(1) Die Vorschüsse sollen den zu erwartenden Ausgaben für die Auszahlung der Geldleistungen entsprechen. Sie sind auf Grund der Zahlungsergebnisse des Vormonats und des Entwicklungsverlaufs der Vorjahre unter Berücksichtigung aktueller Veränderungen zu ermitteln.</P><P>(2) Die Höhe der Vorschüsse wird im Benehmen mit dem Renten Service rechtzeitig im Voraus für die allgemeine Rentenversicherung durch die Deutsche Rentenversicherung Bund festgesetzt.</P></Content></text><fussnoten/></textdaten></norm>
<norm builddate="20230517213519" doknr="BJNR186700994BJNE003906126"><metadaten><jurabk>PostRDV</jurabk><jurabk>RentSV</jurabk><enbez>§ 30</enbez><titel format="XML">Zahlung der Vorschüsse</titel></metadaten><textdaten><text format="XML"><Content><P>(1) Der Renten Service erhält die Vorschüsse <DL Font="normal" Type="arabic"><DT>1.</DT><DD Font="normal"><LA Size="normal">für Zahlungen im Inland am Auszahlungstag (§ 118 Abs. 1 Satz 1 zweiter Halbsatz, § 272a Abs. 1 Satz 1 zweiter Halbsatz Sechstes Buch Sozialgesetzbuch; § 96 Abs. 1 Satz 1 zweiter Halbsatz, § 218c Abs. 1 zweiter Halbsatz Siebtes Buch Sozialgesetzbuch),</LA></DD><DT>2.</DT><DD Font="normal"><LA Size="normal">für Barzahlungen im Inland einen Bankarbeitstag vor dem Auszahlungstag, soweit das Treuhandvermögen keine ausreichende Deckung ausweist,</LA></DD><DT>3.</DT><DD Font="normal"><LA Size="normal">für Zahlungen in das Ausland frühestens sechs Bankarbeitstage, jedoch nicht mehr als neun Kalendertage vor dem Auszahlungstag der laufenden Geldleistungen.</LA></DD></DL>Durch die Optimierung des grenzüberschreitenden Zahlungsverkehrs, insbesondere innerhalb der Europäischen Union, können weitere Vorschusstermine zwischen der Deutschen Rentenversicherung Bund und dem Renten Service im Einvernehmen mit dem Bundesamt für Soziale Sicherung vereinbart werden. Fällt der in Satz 1 Nr. 3 genannte Kalendertag der Vorschüsse auf einen Samstag, Sonn- oder Feiertag, sind die Vorschüsse am vorhergehenden Bankarbeitstag fällig; dabei werden regionale Feiertage berücksichtigt. Als Bankarbeitstag gilt jeder Kalendertag, an dem die Beschäftigten der Geldinstitute im Allgemeinen zur Arbeitsleistung verpflichtet sind.</P><P>(2) (weggefallen)</P><P>(3) Die Deutsche Rentenversicherung Bund kann vom Renten Service den Abschluß einer Vereinbarung verlangen, nach der für Vorschüsse, die Einmalzahlungen betreffen, andere Termine für die Vorschüsse gelten.</P><P>(4) Das Bundesamt für Soziale Sicherung setzt die Termine für die Vorschüsse im Benehmen mit dem Bundesministerium für Arbeit und Soziales, der Deutschen Rentenversicherung Bund und dem Renten Service fest und gibt die Fälligkeitstermine rechtzeitig im Voraus bekannt.</P><P>(4a) Zahlungen an Zahlungsempfänger mit gewöhnlichem Aufenthalt im Ausland, die auf eine inländische Bankverbindung geleistet werden, sind den Zahlungen nach Absatz 1 Satz 1 Nr. 1 gleichgestellt. Die Deutsche Post AG stellt für die allgemeine Rentenversicherung den Anteil dieser Zahlungen am Gesamtvolumen aller Zahlungen an Zahlungsempfänger mit gewöhnlichem Aufenthalt im Ausland fest. Der anteilige Betrag der Zahlungen an Zahlungsempfänger mit gewöhnlichem Aufenthalt im Ausland, die auf eine inländische Bankverbindung geleistet werden, wird gemeinsam mit den Vorschüssen für Zahlungen im Inland fällig.</P><P>(5) Verspätet gezahlte Vorschüsse sind mit 2 Prozentpunkten über dem Basiszinssatz nach § 247 des Bürgerlichen Gesetzbuchs zu verzinsen.</P></Content></text><fussnoten/></textdaten></norm>
<norm builddate="20230517213519" doknr="BJNR186700994BJNE004006124"><metadaten><jurabk>PostRDV</jurabk><jurabk>RentSV</jurabk><enbez>§ 31</enbez><titel format="XML">Abrechnung</titel></metadaten><textdaten><text format="XML"><Content><P>(1) Der Renten Service stellt die Vorschüsse, die ausgeführten Zahlungen und sonstige für die Festsetzung der weiteren Vorschüsse oder die Abrechnung nach § 227 des Sechsten Buches Sozialgesetzbuch erforderlichen Daten <DL Font="normal" Type="arabic"><DT>1.</DT><DD Font="normal"><LA Size="normal">nach Ablauf eines Kalendermonats in einer Monatsübersicht und</LA></DD><DT>2.</DT><DD Font="normal"><LA Size="normal">nach Ablauf eines Kalenderjahres in einer Jahresabrechnung</LA></DD></DL>zusammen. Zu den sonstigen Daten im Sinne des Satzes 1 gehören auch Angaben über Beträge aus Zahlungen, die sich als nicht ausführbar erwiesen haben einschließlich der nicht ausgezahlten oder zurückgeflossenen Beträge aus nicht eingelösten Schecks oder vergleichbaren Zahlungsmitteln (§ 10 Abs. 1 und 2, § 15 Abs. 1 Satz 2 und § 16 Abs. 2). In die Jahresabrechnung sind auch die Nutzungsvorteile aus der wirtschaftlichen Nutzung des Treuhandvermögens (§ 3 Abs. 2 Satz 2 bis 5) einzustellen. Die Monatsübersicht und die Jahresabrechnung sind den Trägern der Rentenversicherung und der Deutschen Rentenversicherung Bund zuzuleiten, die Jahresabrechnung darüber hinaus auch dem Bundesministerium für Arbeit und Soziales und dem Bundesamt für Soziale Sicherung. Der Renten Service hat die Angaben in den Übersichten auf Verlangen eines Trägers der Rentenversicherung nachzuweisen.</P><P>(2) Die Monatsübersicht soll bei der Festsetzung der weiteren Vorschüsse berücksichtigt werden.</P><P>(3) Auf Grund der Jahresabrechnung überprüft die Deutsche Rentenversicherung Bund die Angaben des Renten Service, stellt die Abrechnungsergebnisse fest und führt den sich hieraus ergebenden Ausgleich durch. Der Ausgleich soll bei der Festsetzung der weiteren Vorschüsse verrechnet werden.</P></Content></text><fussnoten/></textdaten></norm>
<norm builddate="20230517213519" doknr="BJNR186700994BJNG000600320"><metadaten><jurabk>PostRDV</jurabk><jurabk>RentSV</jurabk><gliederungseinheit><gliederungskennzahl>060</gliederungskennzahl><gliederungsbez>Sechstes Kapitel</gliederungsbez><gliederungstitel>Vergütung</gliederungstitel></gliederungseinheit></metadaten><textdaten><text format="XML"><Content><P/></Content></text></textdaten></norm>
<norm builddate="20230517213519" doknr="BJNR186700994BJNE004102301"><metadaten><jurabk>PostRDV</jurabk><jurabk>RentSV</jurabk><enbez>§ 32</enbez><titel format="XML">Anspruch auf angemessene Vergütung</titel></metadaten><textdaten><text format="XML"><Content><P>(1) Der Renten Service hat Anspruch auf eine angemessene Vergütung.</P><P>(2) Die Vergütung ist angemessen, wenn sie die unter Berücksichtigung des Grundsatzes der Wirtschaftlichkeit und Sparsamkeit (§ 3 Abs. 3) anfallenden <DL Font="normal" Type="arabic"><DT>1.</DT><DD Font="normal"><LA Size="normal">Kosten für die Dienstleistung des Renten Service und</LA></DD><DT>2.</DT><DD Font="normal"><LA Size="normal">Auslagen des Renten Service für die Inanspruchnahme von Dienstleistungen Dritter</LA></DD></DL>abdeckt und die Erwirtschaftung eines angemessenen Selbstfinanzierungsbeitrags des Renten Service im Bereich der Deutschen Post AG ermöglicht.</P><P>(3) Der Vergütungsanspruch richtet sich <DL Font="normal" Type="arabic"><DT>1.</DT><DD Font="normal"><LA Size="normal">bei der Wahrnehmung von Pflichtaufgaben gegen die Träger der Rentenversicherung,</LA></DD><DT>2.</DT><DD Font="normal"><LA Size="normal">bei der Wahrnehmung von Pflichtaufgaben auf Antrag gegen die Träger, die von dem Renten Service die Wahrnehmung der Aufgaben verlangt haben.</LA></DD></DL></P></Content></text><fussnoten/></textdaten></norm>
<norm builddate="20230517213519" doknr="BJNR186700994BJNE004204124"><metadaten><jurabk>PostRDV</jurabk><jurabk>RentSV</jurabk><enbez>§ 33</enbez><titel format="XML">Entgelt für die Dienstleistung des Renten Service</titel></metadaten><textdaten><text format="XML"><Content><P>(1) Das Entgelt für die Dienstleistung des Renten Service für jede Zahlung wird durch Vereinbarung zwischen der Deutschen Rentenversicherung Bund und der Deutschen Post AG geregelt. Die Vereinbarung gilt auch für die Auszahlung von Geldleistungen der gesetzlichen Unfallversicherung durch die Deutsche Post AG nach Maßgabe des § 99 des Siebten Buches Sozialgesetzbuch. Kommt eine Vereinbarung nicht zustande, finden die §§ 317 bis 319 des Bürgerlichen Gesetzbuches Anwendung, wobei Dritter im Sinne von § 317 des Bürgerlichen Gesetzbuches das Bundesamt für Soziale Sicherung ist.</P><P>(2) Das Entgelt erhöht sich für jede Zahlung um einen Zuschlag <DL Font="normal" Type="arabic"><DT>1.</DT><DD Font="normal"><LA Size="normal">von 0,05 Euro, soweit Aufträge nicht in maschineller Form erteilt sind,</LA></DD><DT>2.</DT><DD Font="normal"><LA Size="normal">von 0,03 Euro, wenn für einen Sozialleistungsträger monatlich weniger als 50 000 laufende Zahlungen ausgeführt werden.</LA></DD></DL></P><P>(3) (weggefallen)</P><P>(4) Mit dem Entgelt nach den Absätzen 1 und 2 ist die gesamte Tätigkeit des Renten Service für die Auszahlung der Geldleistungen, eine einmalige jährliche Anpassung der Geldleistungen und die Wahrnehmung der damit in Zusammenhang stehenden Aufgaben einschließlich der für die Tätigkeit erforderlichen Auslagen, soweit diese nicht nach § 34 gesondert zu erstatten sind, abgegolten. Für weitere Anpassungen (§§ 17 bis 19), eine wesentliche Ausweitung der bisherigen Aufgaben des Renten Service im Rahmen der sozialen Sicherung der Rentner (§ 20), die Einholung von Auskünften (§ 23) und die Wahrnehmung sonstiger Aufgaben (§ 27) kann der Renten Service ein angemessenes zusätzliches Entgelt verlangen; Leistungseinschränkungen auf anderen Gebieten sind zu verrechnen. Das zusätzliche Entgelt wird für den Bereich der Rentenversicherung durch Vereinbarung zwischen der Deutschen Rentenversicherung Bund und dem Renten Service auf der Grundlage des § 32 Abs. 2 festgesetzt. Für den Bereich der Unfallversicherung gilt Satz 3 entsprechend; an die Stelle der Deutschen Rentenversicherung Bund treten die Deutsche Gesetzliche Unfallversicherung e. V. und die Sozialversicherung für Landwirtschaft, Forsten und Gartenbau.</P><P>(5) Beschränkt sich die Dienstleistung des Renten Service auf den Abgleich der Sterbefallmitteilungen (§ 24 Abs. 1 Satz 1), beträgt das Entgelt für jede abzugleichende Rente 0,013 Euro je Bestandsfall und Monat.</P></Content></text><fussnoten/></textdaten></norm>
<norm builddate="20230517213519" doknr="BJNR186700994BJNE004304126"><metadaten><jurabk>PostRDV</jurabk><jurabk>RentSV</jurabk><enbez>§ 34</enbez><titel format="XML">Erstattung von Auslagen für die Inanspruchnahme von Dienstleistungen Dritter</titel></metadaten><textdaten><text format="XML"><Content><P>(1) Die Sozialversicherungsträger erstatten dem Renten Service als Auslagen für die Inanspruchnahme von Dienstleistungen Dritter im Rahmen des Erforderlichen <DL Font="normal" Type="arabic"><DT>1.</DT><DD Font="normal"><LA Size="normal">Entgelte an Geldinstitute und sonstige Dritte für die Auszahlung von Geldleistungen,</LA></DD><DT>2.</DT><DD Font="normal"><LA Size="normal">Entgelte an andere Geschäftsbereiche der Deutschen Post AG für die Versendung von<DL Font="normal" Type="arabic"><DT>a)</DT><DD Font="normal"><LA Size="normal">Anpassungsmitteilungen und</LA></DD><DT>b)</DT><DD Font="normal"><LA Size="normal">Vordrucken für Lebensbescheinigungen, die nicht im Zusammenhang mit einer Anpassung eingeholt werden können und</LA></DD></DL></LA></DD><DT>3.</DT><DD Font="normal"><LA Size="normal">Entgelte an andere Geschäftsbereiche der Deutschen Post AG für die Produktion und die Versendung von <DL Font="normal" Type="alpha"><DT>a)</DT><DD Font="normal"><LA Size="normal">Informationen an Rentenbezieher nach § 26a Satz 2 und</LA></DD><DT>b)</DT><DD Font="normal"><LA Size="normal">Ausweisen zum Nachweis der Rentenberechtigung, soweit diese Entgelte zusätzlich entstehen.</LA></DD></DL></LA></DD></DL>Dies gilt auch für die Entgelte in den Fällen, in denen die physische Versendung durch digitale Verfahren ersetzt wird, die die Deutsche Post AG selbst betreibt oder für die sie Dienstleistungen Dritter in Anspruch nimmt.</P><P>(2) Der Renten Service hat dafür Sorge zu tragen, daß die Auslagen für die Inanspruchnahme von Dienstleistungen Dritter so gering wie möglich gehalten werden.</P></Content></text><fussnoten/></textdaten></norm>
<norm builddate="20230517213519" doknr="BJNR186700994BJNE004401308"><metadaten><jurabk>PostRDV</jurabk><jurabk>RentSV</jurabk><enbez>§ 35</enbez><titel format="parat">Fälligkeit, Vorschüsse und Abrechnung</titel></metadaten><textdaten><text format="XML"><Content><P>(1) Der Anspruch auf Vergütung wird zum Ende eines jeden Kalenderjahres fällig.</P><P>(2) Auf die Vergütung sind monatlich angemessene Vorschüsse zu zahlen (Vergütungsvorschüsse). Die Höhe der Vergütungsvorschüsse wird im Benehmen mit dem Renten Service rechtzeitig im Voraus für die allgemeine Rentenversicherung von der Deutschen Rentenversicherung Bund festgesetzt. Die Vergütungsvorschüsse sind zusammen mit den Vorschüssen zur Auszahlung der Geldleistungen fällig.</P><P>(3) Für die Abrechnung der Vorschüsse gilt § 31 entsprechend.</P></Content>  </text><fussnoten/></textdaten></norm>
<norm builddate="20230517213519" doknr="BJNR186700994BJNE004506308"><metadaten><jurabk>PostRDV</jurabk><jurabk>RentSV</jurabk><enbez>§ 36</enbez><titel format="XML">(weggefallen)</titel></metadaten><textdaten><text format="XML"><Content><P>-</P></Content></text><fussnoten/></textdaten></norm>
<norm builddate="20230517213519" doknr="BJNR186700994BJNG000700320"><metadaten><jurabk>PostRDV</jurabk><jurabk>RentSV</jurabk><gliederungseinheit><gliederungskennzahl>070</gliederungskennzahl><gliederungsbez>Siebtes Kapitel</gliederungsbez><gliederungstitel>Schlußvorschriften</gliederungstitel></gliederungseinheit></metadaten><textdaten><text format="XML"><Content><P/></Content></text></textdaten></norm>
<norm builddate="20230517213519" doknr="BJNR186700994BJNE004601308"><metadaten><jurabk>PostRDV</jurabk><jurabk>RentSV</jurabk><enbez>§ 37</enbez></metadaten><textdaten><text format="XML"><Content><P>-</P></Content></text><fussnoten/></textdaten></norm>
<norm builddate="20230517213519" doknr="BJNR186700994BJNE004700320"><metadaten><jurabk>PostRDV</jurabk><jurabk>RentSV</jurabk><enbez>§ 38</enbez><titel format="parat">Inkrafttreten</titel></metadaten><textdaten><text format="XML"><Content><P>Diese Verordnung tritt am 1. September 1994 in Kraft.</P></Content></text></textdaten></norm>
<norm builddate="20230517213519" doknr="BJNR186700994BJNE004800320"><metadaten><jurabk>PostRDV</jurabk><jurabk>RentSV</jurabk><enbez>Schlußformel</enbez></metadaten><textdaten><text format="XML"><Content><P>Der Bundesrat hat zugestimmt.</P></Content></text></textdaten></norm>
</dokumente>