<?xml version="1.0" encoding="UTF-8" ?><!DOCTYPE dokumente SYSTEM "http://www.gesetze-im-internet.de/dtd/1.01/gii-norm.dtd">
<dokumente builddate="20250313223520" doknr="BJNR250610021"><norm builddate="20250313223520" doknr="BJNR250610021"><metadaten><jurabk>UBRegG</jurabk><amtabk>UBRegG</amtabk><ausfertigung-datum manuell="ja">2021-07-09</ausfertigung-datum><fundstelle typ="amtlich"><periodikum>BGBl I</periodikum><zitstelle>2021, 2506</zitstelle></fundstelle><kurzue>Unternehmensbasisdatenregistergesetz</kurzue><langue>Gesetz zur Errichtung und Führung eines Registers über Unternehmensbasisdaten und zur Einführung einer bundeseinheitlichen Wirtschaftsnummer für Unternehmen</langue><standangabe checked="ja"><standtyp>Stand</standtyp><standkommentar>Zuletzt geändert durch Art. 3 G v. 27.2.2025 I Nr. 71</standkommentar></standangabe></metadaten><textdaten><fussnoten><Content><P><BR/> <pre xml:space="preserve">(+++ Textnachweis ab: 15.7.2021 +++)<BR/>(+++ Amtlicher Hinweis des Normgebers auf EG-Recht:<BR/>     Umsetzung der<BR/>     EURL 2021/2101 (CELEX Nr: 32021L2101) vgl. G v. 19.6.2023 I Nr. 154 +++)<BR/><BR/></pre>Das G wurde als Artikel 1 des G v. 9.7.2021 I 2506 vom Bundestag beschlossen. Es tritt gem. Art. 6 Abs. 1 dieses G am 15.7.2021 in Kraft.</P></Content></fussnoten></textdaten></norm>
<norm builddate="20250313223520" doknr="BJNR250610021BJNE000100000"><metadaten><jurabk>UBRegG</jurabk><enbez>§ 1</enbez><titel format="XML">Errichtung, Betrieb und Zweck des Registers über Unternehmensbasisdaten</titel></metadaten><textdaten><text format="XML"><Content><P>(1) Beim Statistischen Bundesamt (Registerbehörde) wird ein Register über Unternehmensbasisdaten (Basisregister) errichtet und betrieben. Das Basisregister ist räumlich, organisatorisch und personell von den Bereichen, die Aufgaben der Bundesstatistik wahrnehmen, getrennt.</P><P>(2) Das Basisregister stellt konsistente, vollständige und aktuelle Unternehmensbasisdaten aus bereits in den Registern oder sonstigen Datenbeständen vorhandenen Daten der öffentlichen Stellen nach § 4 Absatz 1 und der Global Legal Entity Identifier Foundation her und dient damit <DL Type="arabic"><DT>1.</DT><DD Font="normal"><LA>der Unterstützung öffentlicher Stellen nach § 5 Absatz 1, indem zur Erfüllung ihrer gesetzlichen Aufgaben die Qualität ihrer gespeicherten Daten verbessert wird und fehlende Daten oder Einheiten ergänzt werden und</LA></DD><DT>2.</DT><DD Font="normal"><LA>der Verringerung der erneuten oder mehrfachen Beibringung von bei öffentlichen Stellen nach § 5 Absatz 1 bereits vorhandenen Daten durch die betroffenen Unternehmen nach § 3 Absatz 1.</LA></DD></DL></P><P>(3) Unternehmensbasisdaten im Sinne dieses Gesetzes sind Stammdaten, Identifikationsnummern und Metadaten.</P></Content></text></textdaten></norm>
<norm builddate="20250313223520" doknr="BJNR250610021BJNE000200000"><metadaten><jurabk>UBRegG</jurabk><enbez>§ 2</enbez><titel format="XML">Bundeseinheitliche Wirtschaftsnummer für Unternehmen</titel></metadaten><textdaten><text format="XML"><Content><P>(1) Einem Unternehmen nach § 3 Absatz 1 wird im Basisregister eine bundeseinheitliche Wirtschaftsnummer für Unternehmen zugeordnet. Als bundeseinheitliche Wirtschaftsnummer für Unternehmen dient die Wirtschafts-Identifikationsnummer nach § 139c der Abgabenordnung.</P><P>(2) Die bundeseinheitliche Wirtschaftsnummer für Unternehmen dient dem Zweck der registerübergreifenden eindeutigen Identifikation der im Basisregister geführten Unternehmen.</P><P>(3) Die öffentlichen Stellen nach § 4 Absatz 1 und § 5 Absatz 1 dürfen die bundeseinheitliche Wirtschaftsnummer für Unternehmen in ihren Registern oder sonstigen Datenbeständen speichern und verwenden, soweit dies für ihre Aufgabenerfüllung erforderlich ist. Die bundeseinheitliche Wirtschaftsnummer für Unternehmen ist bei jeder Übermittlung an das und aus dem Basisregister anzugeben, wenn sie vergeben und durch das Basisregister an die Quellregister übermittelt wurde.</P></Content></text></textdaten></norm>
<norm builddate="20250313223520" doknr="BJNR250610021BJNE000302128"><metadaten><jurabk>UBRegG</jurabk><enbez>§ 3</enbez><titel format="XML">Inhalt des Basisregisters</titel></metadaten><textdaten><text format="XML"><Content><P>(1) Folgende in den Registern oder sonstigen Datenbeständen der öffentlichen Stellen nach § 4 Absatz 1 und der Global Legal Entity Identifier Foundation gespeicherte Einheiten werden im Basisregister als Unternehmen geführt: <DL Font="normal" Type="arabic"><DT>1.</DT><DD Font="normal"><LA Size="normal">Kaufleute im Sinne des Handelsgesetzbuchs,</LA></DD><DT>2.</DT><DD Font="normal"><LA Size="normal">Genossenschaften im Sinne des Genossenschaftsgesetzes,</LA></DD><DT>3.</DT><DD Font="normal"><LA Size="normal">eingetragene Gesellschaften bürgerlichen Rechts,</LA></DD><DT>4.</DT><DD Font="normal"><LA Size="normal">Partnerschaften im Sinne des Partnerschaftsgesellschaftsgesetzes,</LA></DD><DT>5.</DT><DD Font="normal"><LA Size="normal">Vereine im Sinne des Bürgerlichen Gesetzbuchs,</LA></DD><DT>6.</DT><DD Font="normal"><LA Size="normal">wirtschaftlich Tätige im Sinne der Abgabenordnung: <DL Font="normal" Type="alpha"><DT>a)</DT><DD Font="normal"><LA Size="normal">natürliche Personen, die wirtschaftlich tätig sind,</LA></DD><DT>b)</DT><DD Font="normal"><LA Size="normal">juristische Personen und</LA></DD><DT>c)</DT><DD Font="normal"><LA Size="normal">Personenvereinigungen sowie</LA></DD></DL></LA></DD><DT>7.</DT><DD Font="normal"><LA Size="normal">weitere Unternehmen im Sinne des Siebten Buches Sozialgesetzbuch.</LA></DD></DL>Jede einzelne wirtschaftliche Tätigkeit natürlicher Personen nach Satz 1 Nummer 6 Buchstabe a wird als Unternehmen geführt. Daten zu natürlichen Personen, die nicht im Zusammenhang mit einer wirtschaftlichen Tätigkeit stehen, werden nicht gespeichert.</P><P>(2) Im Basisregister werden zu einem Unternehmen nach Absatz 1, soweit vorhanden, folgende Stammdaten gespeichert: <DL Font="normal" Type="arabic"><DT>1.</DT><DD Font="normal"><LA Size="normal">für den Rechtsverkehr verbindliche Angabe der Firma oder des Namens entsprechend der Eintragung im Handelsregister, Genossenschaftsregister, Gesellschaftsregister, Partnerschaftsregister oder Vereinsregister,</LA></DD><DT>2.</DT><DD Font="normal"><LA Size="normal">für Verwaltungszwecke aktuelle Angabe der Firma oder des Namens entsprechend der Führung im Datenbestand der öffentlichen Stelle nach § 4 Absatz 1,</LA></DD><DT>3.</DT><DD Font="normal"><LA Size="normal">Verwaltungsanschrift unter Angabe von Straße, Hausnummer, Postfach, Postleitzahl, Ort und Länderkennzeichen,</LA></DD><DT>4.</DT><DD Font="normal"><LA Size="normal">Sitz (Ort),</LA></DD><DT>5.</DT><DD Font="normal"><LA Size="normal">Geschäftsanschrift entsprechend der Eintragung im Handelsregister, Genossenschaftsregister, Gesellschaftsregister, Partnerschaftsregister oder Vereinsregister unter Angabe von Straße, Hausnummer, Postleitzahl, Ort und Länderkennzeichen, soweit die Pflicht zur Eintragung besteht,</LA></DD><DT>6.</DT><DD Font="normal"><LA Size="normal">Rechtsform und</LA></DD><DT>7.</DT><DD Font="normal"><LA Size="normal">Haupttätigkeit nach Klassifikation der Wirtschaftszweige.</LA></DD></DL></P><P>(3) Zu einem Unternehmen nach Absatz 1 werden, soweit vorhanden, folgende Identifikationsnummern gespeichert: <DL Font="normal" Type="arabic"><DT>1.</DT><DD Font="normal"><LA Size="normal">bundeseinheitliche Wirtschaftsnummer für Unternehmen nach § 2,</LA></DD><DT>2.</DT><DD Font="normal"><LA Size="normal">Handelsregisternummer, einschließlich Orts- und Gerichtskennzeichen des zuständigen Registergerichts,</LA></DD><DT>3.</DT><DD Font="normal"><LA Size="normal">Eintragungsnummer des Genossenschaftsregisters, einschließlich Orts- und Gerichtskennzeichen des zuständigen Registergerichts,</LA></DD><DT>4.</DT><DD Font="normal"><LA Size="normal">Eintragungsnummer des Gesellschaftsregisters, einschließlich Orts- und Gerichtskennzeichen des zuständigen Registergerichts,</LA></DD><DT>5.</DT><DD Font="normal"><LA Size="normal">Eintragungsnummer des Partnerschaftsregisters, einschließlich Orts- und Gerichtskennzeichen des zuständigen Registergerichts,</LA></DD><DT>6.</DT><DD Font="normal"><LA Size="normal">Vereinsregisternummer, einschließlich Orts- und Gerichtskennzeichen des zuständigen Registergerichts,</LA></DD><DT>7.</DT><DD Font="normal"><LA Size="normal">Unternehmernummer, einschließlich Anhang gemäß § 136a des Siebten Buches Sozialgesetzbuch,</LA></DD><DT>8.</DT><DD Font="normal"><LA Size="normal">Betriebsnummern gemäß § 18i des Vierten Buches Sozialgesetzbuch als Liste aller Betriebsnummern, die einem Unternehmen zugeordnet sind,</LA></DD><DT>9.</DT><DD Font="normal"><LA Size="normal">Wirtschafts-Identifikationsnummer gemäß § 139c der Abgabenordnung, einschließlich des Unterscheidungsmerkmals gemäß § 139c Absatz 5a der Abgabenordnung und</LA></DD><DT>10.</DT><DD Font="normal"><LA Size="normal">die gültige Rechtsträgerkennung (LEI) gemäß Artikel 13 Absatz 1 der Delegierten Verordnung (EU) 2017/590 der Kommission vom 28. Juli 2016 zur Ergänzung der Verordnung (EU) Nr. 600/2014 des Europäischen Parlaments und des Rates durch technische Regulierungsstandards für die Meldung von Geschäften an die zuständigen Behörden (ABl. L 87 vom 31.3.2017, S. 449).</LA></DD></DL></P><P>(4) Zu den Stammdaten nach Absatz 2 und den Identifikationsnummern nach Absatz 3 werden folgende Metadaten gespeichert: <DL Font="normal" Type="arabic"><DT>1.</DT><DD Font="normal"><LA Size="normal">Bezeichnung des Registers oder sonstigen Datenbestands der öffentlichen Stelle nach § 4 Absatz 1, aus dem das im Basisregister gespeicherte Datum stammt,</LA></DD><DT>2.</DT><DD Font="normal"><LA Size="normal">Meldedatum an das Register oder den sonstigen Datenbestand der öffentlichen Stelle nach § 4 Absatz 1, aus dem das im Basisregister gespeicherte Datum stammt,</LA></DD><DT>3.</DT><DD Font="normal"><LA Size="normal">Datum, ab dem ein Unternehmen in keinem Register nach § 4 Absatz 1 und 3 mehr geführt oder nur noch als gelöscht geführt wird (Beendigungsdatum der bundeseinheitlichen Wirtschaftsnummer für Unternehmen) und</LA></DD><DT>4.</DT><DD Font="normal"><LA Size="normal">Speicherdatum im Basisregister.</LA></DD></DL></P><P>(5) Die Registerbehörde hat fünf Jahre, nachdem das Unternehmen in keinem Register nach § 4 Absatz 1 und 3 mehr geführt oder als gelöscht geführt wird, die Unternehmensbasisdaten zu löschen.</P></Content></text><fussnoten/></textdaten></norm>
<norm builddate="20250313223520" doknr="BJNR250610021BJNE000402128"><metadaten><jurabk>UBRegG</jurabk><enbez>§ 4</enbez><titel format="XML">Datenübermittlung an die Registerbehörde</titel></metadaten><textdaten><text format="XML"><Content><P>(1) Zum Zweck des Aufbaus und zur Führung des Basisregisters werden der Registerbehörde von folgenden öffentlichen Stellen folgende Daten übermittelt: <DL Font="normal" Type="arabic"><DT>1.</DT><DD Font="normal"><LA Size="normal">von den Landesjustizverwaltungen Indexdaten zu Eintragungen im Handels-, Genossenschafts-, Gesellschafts-, Partnerschafts- und Vereinsregister zu den Merkmalen nach § 3 Absatz 2, 3 und 4 Nummer 1 bis 3, soweit die Daten in dem elektronischen Informations- und Kommunikationssystem nach § 9 Absatz 1 des Handelsgesetzbuchs oder § 79 Absatz 2 Satz 2 des Bürgerlichen Gesetzbuchs gespeichert sind,</LA></DD><DT>2.</DT><DD Font="normal"><LA Size="normal">von der Deutschen Gesetzlichen Unfallversicherung e. V. Daten zu den Merkmalen nach § 3 Absatz 2, 3 und 4 Nummer 1 bis 3, soweit sie aufgrund des Siebten Buches Sozialgesetzbuch gespeichert sind,</LA></DD><DT>3.</DT><DD Font="normal"><LA Size="normal">von dem Bundeszentralamt für Steuern Daten zu den Merkmalen nach § 3 Absatz 2, 3 und 4 Nummer 1 bis 3, soweit sie aufgrund des § 139c der Abgabenordnung gespeichert sind.</LA></DD></DL></P><P>(2) Zur Pflege des Basisregisters übermitteln die öffentlichen Stellen nach Absatz 1 der Registerbehörde in den Fällen der Neugründung, Änderung oder Löschung eines Unternehmens nach § 3 Absatz 1 die Datensätze, die geänderte Daten nach § 3 Absatz 2, 3 und 4 Nummer 1 bis 3 enthalten.</P><P>(3) Zum Aufbau und zur Pflege des Basisregisters darf die Registerbehörde von der Global Legal Entity Identifier Foundation Daten zu den Merkmalen nach § 3 Absatz 2, 3 und 4 Nummer 1 bis 3 sowie die Rechtsträgerkennung (LEI) nach § 3 Absatz 3 Nummer 10 verwenden, soweit diese bei der Global Legal Entity Identifier Foundation gespeichert sind.</P></Content></text><fussnoten/></textdaten></norm>
<norm builddate="20250313223520" doknr="BJNR250610021BJNE000503126"><metadaten><jurabk>UBRegG</jurabk><enbez>§ 5</enbez><titel format="XML">Datenübermittlung durch die Registerbehörde</titel></metadaten><textdaten><text format="XML"><Content><P>(1) Die Registerbehörde darf an folgende öffentliche Stellen zu folgenden Zwecken für die Anlässe nach Absatz 2 Unternehmensbasisdaten übermitteln: <DL Font="normal" Type="arabic"><DT>1.</DT><DD Font="normal"><LA Size="normal">an die Registergerichte zur Pflege der Daten des Handels-, Genossenschafts-, Gesellschafts-, Partnerschafts- und Vereinsregisters,</LA></DD><DT>2.</DT><DD Font="normal"><LA Size="normal">an die Landesjustizverwaltungen zur Verknüpfung mit den Indexdaten zu Eintragungen im Handels-, Genossenschafts-, Gesellschafts-, Partnerschafts- und Vereinsregister,</LA></DD><DT>3.</DT><DD Font="normal"><LA Size="normal">an die das Unternehmensregister im Sinne des § 8b des Handelsgesetzbuchs führende Stelle zur Pflege der Daten des Unternehmensregisters,</LA></DD><DT>4.</DT><DD Font="normal"><LA Size="normal">für Ermittlungs- und Durchsetzungsmaßnahmen gegen Unternehmen nach dem EU-Verbraucherschutzdurchführungsgesetz und der Verordnung (EU) 2017/2394 des Europäischen Parlaments und des Rates vom 12. Dezember 2017 über die Zusammenarbeit zwischen den für die Durchsetzung der Verbraucherschutzgesetze zuständigen nationalen Behörden und zur Aufhebung der Verordnung (EG) Nr. 2006/2004 (ABl. L 345 vom 27.12.2017, S. 1), zuletzt geändert durch die Richtlinie (EU) 2019/771 (ABl. L 136 vom 22.5.2019, S. 28) (CPC-Verordnung) an die nach § 2 des EU-Verbraucherschutzdurchführungsgesetzes zuständigen Behörden und die zentrale Verbindungsstelle nach § 3 des EU-Verbraucherschutzdurchführungsgesetzes,</LA></DD><DT>5.</DT><DD Font="normal"><LA Size="normal">an das Bundesamt für Justiz <DL Font="normal" Type="alpha"><DT>a)</DT><DD Font="normal"><LA Size="normal">zur Pflege der Daten des Gewerbezentralregisters nach § 149 der Gewerbeordnung,</LA></DD><DT>b)</DT><DD Font="normal"><LA Size="normal">zur Durchführung von <DL Font="normal" Type="a-alpha"><DT>aa)</DT><DD Font="normal"><LA Size="normal">Ordnungsgeldverfahren nach § 335 des Handelsgesetzbuchs, auch in Verbindung mit den §§ 335b, 339 Absatz 3 oder den §§ 340o, 341o, 341y oder 342p des Handelsgesetzbuchs, mit § 21 des Publizitätsgesetzes, mit § 49 des D-Markbilanzgesetzes, mit § 31 des Vermögensanlagengesetzes, mit den §§ 6c oder 28l des Energiewirtschaftsgesetzes, mit § 8 des Telekommunikationsgesetzes oder mit § 123 Absatz 1, § 148 Absatz 1 oder § 160 Absatz 1 des Kapitalanlagegesetzbuchs,</LA></DD><DT>bb)</DT><DD Font="normal"><LA Size="normal">Bußgeldverfahren aufgrund der §§ 334, 341x oder 342o des Handelsgesetzbuchs, des § 20 des Publizitätsgesetzes, des § 48 des D-Markbilanzgesetzes, des § 30 des Vermögensanlagengesetzes, des § 405 des Aktiengesetzes, des § 87 des Gesetzes betreffend die Gesellschaften mit beschränkter Haftung, des § 152 des Genossenschaftsgesetzes, des § 145 des Markengesetzes oder des § 4 des Netzwerkdurchsetzungsgesetzes,</LA></DD><DT>cc)</DT><DD Font="normal"><LA Size="normal">Verwaltungsverfahren nach § 4a Absatz 2 des Netzwerkdurchsetzungsgesetzes,</LA></DD><DT>dd)</DT><DD Font="normal"><LA Size="normal">Vollstreckungsverfahren, in denen das Bundesamt für Justiz Vollstreckungsbehörde nach § 2 Absatz 2 des Justizbeitreibungsgesetzes ist,</LA></DD><DT>ee)</DT><DD Font="normal"><LA Size="normal">Verfahren zur Eintragung in die Listen nach den §§ 4 und 4d des Unterlassungsklagengesetzes und nach § 8b des Gesetzes gegen den unlauteren Wettbewerb sowie Verfahren zur Überprüfung der Eintragungen in diesen Listen,</LA></DD></DL></LA></DD></DL></LA></DD><DT>6.</DT><DD Font="normal"><LA Size="normal">an die Deutsche Gesetzliche Unfallversicherung e. V. zur Pflege der Daten im zentralen Unternehmerverzeichnis der gesetzlichen Unfallversicherung (§ 136a des Siebten Buches Sozialgesetzbuch),</LA></DD><DT>7.</DT><DD Font="normal"><LA Size="normal">an das Bundeszentralamt für Steuern zur Pflege der Daten in der Wirtschafts-Identifikationsnummer-Datenbank (§ 139c der Abgabenordnung),</LA></DD><DT>8.</DT><DD Font="normal"><LA Size="normal">an die Deutsche Bundesbank zur Speicherung und zur Verwendung im Datenregister der Europäischen Zentralbank über Institute und verbundene Unternehmen,</LA></DD><DT>9.</DT><DD Font="normal"><LA Size="normal">an die Bundesagentur für Arbeit zur Pflege der Daten in den Datenbeständen, die zur Erfüllung ihrer Aufgaben nach § 281 des Dritten Buches Sozialgesetzbuch sowie nach § 18i Absatz 6 des Vierten Buches Sozialgesetzbuch geführt werden,</LA></DD><DT>10.</DT><DD Font="normal"><LA Size="normal">an die vom Bundesministerium des Innern, für Bau und Heimat mit Zustimmung des Bundesrates nach § 3 Absatz 2 Satz 2 des Onlinezugangsgesetzes bestimmte öffentliche Stelle zur Verwendung in einem Organisationskonto im Sinne des § 2 Absatz 5 des Onlinezugangsgesetzes und</LA></DD><DT>11.</DT><DD Font="normal"><LA Size="normal">an das Statistische Bundesamt zur Pflege des Unternehmensregisters für statistische Verwendungszwecke nach § 13 Absatz 1 des Bundesstatistikgesetzes.</LA></DD></DL>Die Registerbehörde darf an öffentliche Stellen nach Satz 1 nur Unternehmensbasisdaten zu denjenigen Unternehmen nach § 3 Absatz 1 übermitteln, für deren Daten die öffentliche Stelle nach den für sie geltenden datenschutzrechtlichen Bestimmungen verarbeitungsbefugt ist.</P><P>(2) Die Registerbehörde übermittelt anlassbezogen an die öffentlichen Stellen nach Absatz 1 Satz 1 Nummer 1 bis 3, 6 bis 9 und 11 in automatisierten Verfahren Unternehmensbasisdaten aufgrund folgender Ereignisse: <DL Font="normal" Type="arabic"><DT>1.</DT><DD Font="normal"><LA Size="normal">einmalig nach Errichtung des Basisregisters nach § 1 Absatz 1,</LA></DD><DT>2.</DT><DD Font="normal"><LA Size="normal">regelmäßig und wiederkehrend bei Neugründung, Änderung oder Beendigung eines Unternehmens nach § 3 Absatz 1.</LA></DD></DL>Die öffentlichen Stellen nach Satz 1 sind berechtigt, von der Registerbehörde durch automatisierte Verfahren Unternehmensbasisdaten zu erhalten, soweit dies zur Erfüllung der in ihrer Zuständigkeit liegenden Aufgaben erforderlich ist.</P><P>(3) Die Registerbehörde übermittelt den öffentlichen Stellen nach Absatz 1 Satz 1 Nummer 4, 5 und 10 auf Ersuchen durch ein automatisiertes Abrufverfahren Unternehmensbasisdaten, soweit dies zur Erfüllung der in ihrer Zuständigkeit liegenden Aufgaben erforderlich ist. Die Verantwortung für die Zulässigkeit des einzelnen Abrufs trägt die abrufende öffentliche Stelle. Die Registerbehörde überprüft die Zulässigkeit der Abrufe durch geeignete Stichprobenverfahren sowie wenn dazu Anlass besteht.</P><P>(4) Unternehmensbasisdaten eines Unternehmens im Sinne von § 3 Absatz 1 dürfen zur Verwendung in dessen Organisationskonto abweichend von Absatz 1 Satz 1 Nummer 10 und Absatz 3 nur mit vorheriger Einwilligung des Unternehmens übermittelt und abgerufen werden.</P></Content></text><fussnoten/></textdaten></norm>
<norm builddate="20250313223520" doknr="BJNR250610021BJNE000600000"><metadaten><jurabk>UBRegG</jurabk><enbez>§ 6</enbez><titel format="XML">Datenschutzrechtliche Verantwortlichkeit</titel></metadaten><textdaten><text format="XML"><Content><P>Die Registerbehörde ist ab dem Zeitpunkt der Datenübermittlung nach § 4 Verantwortliche im Sinne des Artikels 4 Nummer 7 der Verordnung (EU) 2016/679 des Europäischen Parlaments und des Rates vom 27. April 2016 zum Schutz natürlicher Personen bei der Verarbeitung personenbezogener Daten, zum freien Datenverkehr und zur Aufhebung der Richtlinie 95/46/EG (Datenschutz-Grundverordnung) (ABl. L 119 vom 4.5.2016, S. 1).</P></Content></text></textdaten></norm>
<norm builddate="20250313223520" doknr="BJNR250610021BJNE000701126"><metadaten><jurabk>UBRegG</jurabk><enbez>§ 7</enbez><titel format="XML">Protokollierung</titel></metadaten><textdaten><text format="XML"><Content><P>(1) Die Datenübermittlungen durch die Registerbehörde werden bei der Registerbehörde protokolliert.</P><P>(2) Die Protokolldaten von natürlichen Personen, die Unternehmen nach § 3 Absatz 1 sind, dürfen ausschließlich zum Zwecke der Erfüllung der Rechenschaftspflicht nach Artikel 5 Absatz 2 der Verordnung (EU) 2016/679 und der datenschutzrechtlichen Rechte der betroffenen Personen verwendet werden.</P><P>(3) Unternehmen, die keine natürlichen Personen sind, können Auskünfte über die sie betreffenden Protokolldaten verlangen.</P><P>(4) Die Protokolldaten sind von der Registerbehörde zwei Jahre aufzubewahren und danach unverzüglich zu löschen. Ist eine längere Aufbewahrung erforderlich, so sind die Gründe der Erforderlichkeit von der Registerbehörde zu dokumentieren. Abweichende gesetzliche Regelungen bleiben unberührt.</P></Content></text><fussnoten/></textdaten></norm>
<norm builddate="20250313223520" doknr="BJNR250610021BJNE000800000"><metadaten><jurabk>UBRegG</jurabk><enbez>§ 8</enbez><titel format="XML">Qualitätssicherung</titel></metadaten><textdaten><text format="XML"><Content><P>(1) Die Registerbehörde ist für die Qualitätssicherung der Unternehmensbasisdaten hinsichtlich ihrer Vollständigkeit, Richtigkeit, Konsistenz und Aktualität verantwortlich.</P><P>(2) Zur Erfüllung der Zwecke nach § 1 Absatz 2 führt die Registerbehörde ein Verfahren zur Aufklärung von Unstimmigkeiten hinsichtlich der Vollständigkeit, Richtigkeit, Konsistenz und Aktualität von Unternehmensbasisdaten ein. Soweit solche Unstimmigkeiten in den Unternehmensbasisdaten ermittelt wurden, teilt die Registerbehörde das Prüfergebnis der betroffenen öffentlichen Stelle nach § 4 Absatz 1 mit.</P><P>(3) Die Entscheidung über die Korrektur eines Datums in ihren Registern oder sonstigen Datenbeständen treffen die öffentlichen Stellen nach § 4 Absatz 1.</P></Content></text></textdaten></norm>
<norm builddate="20250313223520" doknr="BJNR250610021BJNE000900000"><metadaten><jurabk>UBRegG</jurabk><enbez>§ 9</enbez><titel format="XML">Informationssicherheit</titel></metadaten><textdaten><text format="XML"><Content><P>(1) Es sind geeignete technische und organisatorische Maßnahmen der Datensicherheit für den Betrieb des Basisregisters, die Datenübermittlungen an und durch die Registerbehörde sowie für die Protokollierung zu treffen.</P><P>(2) Die Einzelheiten nach Absatz 1 sind durch die Rechtsverordnung nach § 10 Satz 1 Nummer 2 festzulegen.</P></Content></text></textdaten></norm>
<norm builddate="20250313223520" doknr="BJNR250610021BJNE001001126"><metadaten><jurabk>UBRegG</jurabk><enbez>§ 10</enbez><titel format="XML">Rechtsverordnungsermächtigung</titel></metadaten><textdaten><text format="XML"><Content><P>Das Bundesministerium der Finanzen, das Bundesministerium für Wirtschaft und Energie und das Bundesministerium der Justiz und für Verbraucherschutz werden ermächtigt, durch gemeinsame Rechtsverordnung mit Zustimmung des Bundesrates Folgendes zu regeln: <DL Font="normal" Type="arabic"><DT>1.</DT><DD Font="normal"><LA Size="normal">die Zuständigkeit, die Form und das nähere Verfahren der Mitteilung der bundeseinheitlichen Wirtschaftsnummer für Unternehmen nach § 2 an die betroffenen Unternehmen,</LA></DD><DT>2.</DT><DD Font="normal"><LA Size="normal">Maßnahmen zur Sicherstellung des Datenschutzes und der Datensicherheit,</LA></DD><DT>3.</DT><DD Font="normal"><LA Size="normal">nähere Bestimmungen zur Auskunftserteilung nach § 7 Absatz 3 an die Unternehmen nach § 3 Absatz 1 bezüglich ihrer Daten aus dem Basisregister,</LA></DD><DT>4.</DT><DD Font="normal"><LA Size="normal">die Festlegung technischer und organisatorischer Standards für den Betrieb des Basisregisters,</LA></DD><DT>5.</DT><DD Font="normal"><LA Size="normal">die Festlegung technischer und organisatorischer Standards der Datenübermittlungen nach den §§ 4 und 5 und</LA></DD><DT>6.</DT><DD Font="normal"><LA Size="normal">die Bestimmung einzelner anderer öffentlicher Stellen und jeweils dazugehöriger Datenbestände, die sowohl Daten an die Registerbehörde zum Aufbau und zur Pflege des Basisregisters übermitteln sollen als auch Daten von der Registerbehörde zur Erfüllung ihrer gesetzlichen Aufgaben übermittelt bekommen.</LA></DD></DL>Die Maßnahmen zur Sicherstellung der Datensicherheit nach Satz 1 Nummer 2 sowie deren Überprüfung sind im Einvernehmen mit dem Bundesamt für Sicherheit in der Informationstechnik zu erarbeiten.</P></Content></text><fussnoten/></textdaten></norm>
<norm builddate="20250313223520" doknr="BJNR250610021BJNE001101126"><metadaten><jurabk>UBRegG</jurabk><enbez>§ 11</enbez><titel format="XML">Evaluierung</titel></metadaten><textdaten><text format="XML"><Content><P>Das Bundesministerium für Wirtschaft und Energie berichtet dem Deutschen Bundestag im fünften Kalenderjahr nach Inkrafttreten dieses Gesetzes über die Wirksamkeit der in diesem Gesetz enthaltenen Maßnahmen für die Erreichung der in § 1 Absatz 2 und § 2 Absatz 2 genannten Zwecke. Der Bericht wird zudem dem Bundesrat übermittelt. Dieser Bericht soll insbesondere Erkenntnisse darstellen, ob <DL Font="normal" Type="arabic"><DT>1.</DT><DD Font="normal"><LA Size="normal">die Identifikationsnummern nach § 3 Absatz 3 Nummer 7 bis 10 in den Registern und Datenbeständen öffentlicher Stellen durch die bundeseinheitliche Wirtschaftsnummer nach § 2 abgelöst werden können und</LA></DD><DT>2.</DT><DD Font="normal"><LA Size="normal">durch das registerübergreifende Identitätsmanagement zu Unternehmen anhand der bundeseinheitlichen Wirtschaftsnummer nach § 2 eine ausschließlich zentrale Speicherung von Unternehmensbasisdaten bei der Registerbehörde umgesetzt werden kann.</LA></DD></DL></P></Content></text><fussnoten/></textdaten></norm>
</dokumente>