<?xml version="1.0" encoding="UTF-8" ?><!DOCTYPE dokumente SYSTEM "http://www.gesetze-im-internet.de/dtd/1.01/gii-norm.dtd">
<dokumente builddate="20230322214006" doknr="BJNR0530A0023"><norm builddate="20230322214006" doknr="BJNR0530A0023"><metadaten><jurabk>TrEinV 2023</jurabk><amtabk>TrEinV</amtabk><ausfertigung-datum manuell="ja">2023-03-16</ausfertigung-datum><fundstelle typ="amtlich"><periodikum>BGBl I</periodikum><zitstelle>2023, Nr. 83</zitstelle></fundstelle><langue>Transparenzregistereinsichtnahmeverordnung</langue><standangabe checked="ja"><standtyp>Sonst</standtyp><standkommentar>Ersetzt V 7613-3-4 v. 19.12.2017 I 3984 (TrEinV)</standkommentar></standangabe></metadaten><textdaten><fussnoten><Content><P><BR/> <pre xml:space="preserve">(+++ Textnachweis ab: 23.3.2023 +++)<BR/><BR/></pre></P></Content></fussnoten></textdaten></norm>
<norm builddate="20230322214006" doknr="BJNR0530A0023BJNE000100000"><metadaten><jurabk>TrEinV 2023</jurabk><jurabk>TrEinV</jurabk><enbez>Eingangsformel</enbez></metadaten><textdaten><text format="XML"><Content><P>Auf Grund des § 23 Absatz 7 des Geldwäschegesetzes, der zuletzt durch Artikel 1 Nummer 21 Buchstabe f des Gesetzes vom 25. Juni 2021 (BGBl. I S. 2083) neu gefasst worden ist, verordnet das Bundesministerium der Finanzen:</P></Content></text></textdaten></norm>
<norm builddate="20230322214006" doknr="BJNR0530A0023BJNE000200000"><metadaten><jurabk>TrEinV 2023</jurabk><jurabk>TrEinV</jurabk><enbez>§ 1</enbez><titel format="XML">Einsichtnahme in das Transparenzregister</titel></metadaten><textdaten><text format="XML"><Content><P>(1) Die Einsichtnahme in das Transparenzregister ist <DL Type="arabic"><DT>1.</DT><DD Font="normal"><LA>in den Fällen des § 23 Absatz 1 des Geldwäschegesetzes ausschließlich über die Internetseite des Transparenzregisters www.transparenzregister.de möglich und</LA></DD><DT>2.</DT><DD Font="normal"><LA>in den Fällen des § 23 Absatz 3 des Geldwäschegesetzes ausschließlich über die von der registerführenden Stelle vorgegebenen Schnittstellen möglich.</LA></DD></DL></P><P>(2) Die registerführende Stelle hat zu gewährleisten, dass die im Transparenzregister zugänglichen Daten so dargestellt werden, dass deutlich wird, dass es sich um einen Datenabruf aus dem Originalbestand des Transparenzregisters selbst oder aus den Registern, die über das Transparenzregister zugänglich sind, handelt.</P><P>(3) Die registerführende Stelle hat zu gewährleisten, dass die im Transparenzregister zugänglichen Daten nach § 22 Absatz 1 des Geldwäschegesetzes sowie Bestätigungen nach § 18 Absatz 4 des Geldwäschegesetzes vom Nutzer ausgedruckt oder als elektronische Datei bezogen werden können. Sie hat weiterhin zu gewährleisten, dass derartige Vervielfältigungen <DL Type="arabic"><DT>1.</DT><DD Font="normal"><LA>mit einem Vermerk versehen sind, der die Herkunft aus dem Transparenzregister erkennen lässt, und</LA></DD><DT>2.</DT><DD Font="normal"><LA>mit dem Tag der Erstellung gekennzeichnet sind.</LA></DD></DL></P><P>(4) Bei einer nach § 23 Absatz 2 des Geldwäschegesetzes beschränkten Einsichtnahme hat die registerführende Stelle auf einem Auszug des Transparenzregisters für eine Vereinigung nach § 20 Absatz 1 des Geldwäschegesetzes oder eine Rechtsgestaltung nach § 21 des Geldwäschegesetzes darauf hinzuweisen, dass Angaben zum wirtschaftlich Berechtigten aufgrund einer Beschränkung ganz oder teilweise nicht eingesehen werden dürfen.</P></Content></text></textdaten></norm>
<norm builddate="20230322214006" doknr="BJNR0530A0023BJNE000300000"><metadaten><jurabk>TrEinV 2023</jurabk><jurabk>TrEinV</jurabk><enbez>§ 2</enbez><titel format="XML">Registrierung im Transparenzregister, Registrierungsdaten und Nutzer</titel></metadaten><textdaten><text format="XML"><Content><P>(1) Die Registrierung für die Einsichtnahme in das Transparenzregister ist ausschließlich über die Internetseite des Transparenzregisters www.transparenzregister.de möglich.</P><P>(2) Nutzer im Sinne dieser Verordnung sind die Einsichtsberechtigten nach § 23 Absatz 1 des Geldwäschegesetzes.</P><P>(3) Um sich registrieren zu lassen, gibt der Nutzer oder eine Person im Auftrag des Nutzers auf der Internetseite des Transparenzregisters eine elektronische Kennung in Form einer gültigen E-Mail-Adresse (Nutzerkennung) an und vergibt ein Passwort. Die registerführende Stelle übermittelt an die angegebene E-Mail-Adresse eine Nachricht über die Eröffnung und eine Möglichkeit zur elektronischen Freischaltung des Nutzerkontos.</P><P>(4) Wenn das Nutzerkonto freigeschaltet ist, hat der Nutzer oder eine Person im Auftrag des Nutzers der registerführenden Stelle mindestens die folgenden Registrierungsdaten zu übermitteln: <DL Type="arabic"><DT>1.</DT><DD Font="normal"><LA>für den Fall, dass der Nutzer eine natürliche Person ist, <DL Type="alpha"><DT>a)</DT><DD Font="normal"><LA>den Vor- und Nachnamen,</LA></DD><DT>b)</DT><DD Font="normal"><LA>die E-Mail-Adresse und die Telefonnummer sowie</LA></DD><DT>c)</DT><DD Font="normal"><LA>die Anschrift und, falls abweichend, die Rechnungsanschrift sowie</LA></DD></DL></LA></DD><DT>2.</DT><DD Font="normal"><LA>für den Fall, dass der Nutzer keine natürliche Person ist, <DL Type="alpha"><DT>a)</DT><DD Font="normal"><LA>die Firma oder den Namen der nicht natürlichen Person,</LA></DD><DT>b)</DT><DD Font="normal"><LA>die Anschrift des Sitzes der nicht natürlichen Person und, falls abweichend, die Rechnungsanschrift,</LA></DD><DT>c)</DT><DD Font="normal"><LA>den Vor- und Nachnamen der mit der Registrierung beauftragten natürlichen Person sowie</LA></DD><DT>d)</DT><DD Font="normal"><LA>die E-Mail-Adresse und die Telefonnummer der mit der Registrierung beauftragten natürlichen Person.</LA></DD></DL></LA></DD></DL></P><P>(5) Für die Übermittlung der Registrierungsdaten stellt die registerführende Stelle auf der Internetseite des Transparenzregisters elektronische Formulare zur Verfügung. Diese Formulare sind bei der Übermittlung zu verwenden.</P><P>(6) Die registerführende Stelle ist verpflichtet, der natürlichen Person, die die Registrierung vorgenommen hat, auf der Internetseite des Transparenzregisters die erfolgreiche Übermittlung der Registrierungsdaten anzuzeigen.</P><P>(7) Zur Nutzung der automatisierten Einsichtnahme nach § 23 Absatz 3 des Geldwäschegesetzes ist eine erweiterte Registrierung notwendig. Im Rahmen dieser Registrierung muss der Nutzer nach den Vorgaben der registerführenden Stelle nachweisen, dass die Voraussetzungen für die Nutzung der automatisierten Einsichtnahme erfüllt sind.</P></Content></text></textdaten></norm>
<norm builddate="20230322214006" doknr="BJNR0530A0023BJNE000400000"><metadaten><jurabk>TrEinV 2023</jurabk><jurabk>TrEinV</jurabk><enbez>§ 3</enbez><titel format="XML">Identitätsnachweis bei Registrierung oder Einsichtnahme</titel></metadaten><textdaten><text format="XML"><Content><P>(1) Der Nutzer belegt nach den Vorgaben der registerführenden Stelle innerhalb des Registrierungsvorgangs oder des Antrags auf Einsichtnahme seine Identität anhand geeigneter Nachweise.</P><P>(2) Als Identitätsnachweis geeignet gelten <DL Type="arabic"><DT>1.</DT><DD Font="normal"><LA>bei natürlichen Personen <DL Type="alpha"><DT>a)</DT><DD Font="normal"><LA>eine Kopie eines gültigen amtlichen Ausweises, der ein Lichtbild des Inhabers enthält und mit dem die Pass- und Ausweispflicht im Inland erfüllt wird, insbesondere <DL Type="a-alpha"><DT>aa)</DT><DD Font="normal"><LA>eine Kopie eines inländischen Passes, Personalausweises oder Pass- oder Ausweisersatzes oder</LA></DD><DT>bb)</DT><DD Font="normal"><LA>eine Kopie eines nach ausländerrechtlichen Bestimmungen anerkannten oder zugelassenen Passes, Personalausweises oder Pass- oder Ausweisersatzes,</LA></DD></DL></LA></DD><DT>b)</DT><DD Font="normal"><LA>eine Kopie der Dokumente nach § 1 Absatz 1 der Zahlungskonto-Identitätsprüfungsverordnung und</LA></DD><DT>c)</DT><DD Font="normal"><LA>einer der in § 12 Absatz 1 Satz 1 Nummer 2 bis 4 des Geldwäschegesetzes vorgesehenen Nachweise sowie</LA></DD></DL></LA></DD><DT>2.</DT><DD Font="normal"><LA>bei nicht natürlichen Personen <DL Type="alpha"><DT>a)</DT><DD Font="normal"><LA>eine Kopie eines der in § 12 Absatz 2 Nummer 1 und 2 des Geldwäschegesetzes genannten Nachweise und</LA></DD><DT>b)</DT><DD Font="normal"><LA>die gültige Kennung für Rechtsträger.</LA></DD></DL></LA></DD></DL></P><P>(3) In den Fällen des Absatzes 2 Nummer 1 Buchstabe a und b übersendet die registerführende Stelle dem Nutzer eine Verifizierungsnummer an die im Nachweisdokument angegebene Anschrift und, wenn kein Personalausweis vorhanden ist, auch an die nach § 2 Absatz 4 Nummer 1 Buchstabe c angegebene Anschrift. Die Verifizierungsnummer berechtigt nur den Antragsteller. Sie darf nicht an Dritte weitergegeben werden.</P><P>(4) Die registerführende Stelle kann auch andere als die in den Absätzen 1 bis 3 genannten Verfahren zum Nachweis der Identität zulassen, wenn diese Verfahren nach dem Stand der Technik bei vergleichbarem Aufwand einen gleichwertigen oder höheren Sicherheitsstandard wie die in Absatz 2 Nummer 1 Buchstabe c genannten Nachweise gewährleisten. Für die Videoidentifizierung gemäß den jeweils aktuellen Vorgaben der Bundesanstalt für Finanzdienstleistungsaufsicht gelten die Voraussetzungen des Satzes 1 als erfüllt.</P><P>(5) Die Daten nach Absatz 2 oder die Daten, die in einem Verfahren nach Absatz 4 erhoben worden sind, sind zwei Jahre nach Übermittlung an die registerführende Stelle unverzüglich von der registerführenden Stelle zu löschen.</P></Content></text></textdaten></norm>
<norm builddate="20230322214006" doknr="BJNR0530A0023BJNE000500000"><metadaten><jurabk>TrEinV 2023</jurabk><jurabk>TrEinV</jurabk><enbez>§ 4</enbez><titel format="XML">Pflicht zur Mitteilung bei Änderung der Registrierungsdaten</titel></metadaten><textdaten><text format="XML"><Content><P>Kommt es zu einer Änderung bei den Registrierungsdaten nach § 2 Absatz 4, so ist der Nutzer verpflichtet, die entsprechenden Angaben im Transparenzregister unverzüglich zu ändern.</P></Content></text></textdaten></norm>
<norm builddate="20230322214006" doknr="BJNR0530A0023BJNE000600000"><metadaten><jurabk>TrEinV 2023</jurabk><jurabk>TrEinV</jurabk><enbez>§ 5</enbez><titel format="XML">Antrag auf Einsichtnahme</titel></metadaten><textdaten><text format="XML"><Content><P>(1) Ein Antrag auf Einsichtnahme in das Transparenzregister ist ausschließlich über die Internetseite des Transparenzregisters www.transparenzregister.de möglich.</P><P>(2) Im Antrag ist anzugeben, für welche Vereinigung nach § 20 Absatz 1 des Geldwäschegesetzes oder für welche Rechtsgestaltung nach § 21 Absatz 1 und 2 des Geldwäschegesetzes und für welchen Zeitraum oder Zeitpunkt der Nutzer die Einsichtnahme in das Transparenzregister beantragt.</P><P>(3) Der Antrag, einschließlich der Bestätigung oder Darlegung zur Berechtigung der Einsichtnahme, ist zwei Jahre nach der Entscheidung über den Antrag von der registerführenden Stelle unverzüglich zu löschen. Andere gesetzliche Bestimmungen über Aufzeichnungs- und Aufbewahrungspflichten bleiben unberührt.</P></Content></text></textdaten></norm>
<norm builddate="20230322214006" doknr="BJNR0530A0023BJNE000700000"><metadaten><jurabk>TrEinV 2023</jurabk><jurabk>TrEinV</jurabk><enbez>§ 6</enbez><titel format="XML">Berechtigung zur Einsichtnahme bei Antragstellung durch Behörden, Gerichte und Stellen nach § 2 Absatz 4 des Geldwäschegesetzes</titel></metadaten><textdaten><text format="XML"><Content><P>Stellt eine Behörde, ein Gericht oder eine Stelle nach § 2 Absatz 4 des Geldwäschegesetzes nach § 23 Absatz 1 Satz 1 Nummer 1 des Geldwäschegesetzes einen Antrag auf Einsichtnahme in das Transparenzregister, so hat die Behörde, das Gericht oder die Stelle zu bestätigen, dass die Einsichtnahme zur Erfüllung der gesetzlichen Aufgaben der Behörde, des Gerichts oder der Stelle erforderlich ist. Eine Bestätigung nach Satz 1 ist nicht erforderlich bei einer automatisierten Einsichtnahme nach § 23 Absatz 3 des Geldwäschegesetzes.</P></Content></text></textdaten></norm>
<norm builddate="20230322214006" doknr="BJNR0530A0023BJNE000800000"><metadaten><jurabk>TrEinV 2023</jurabk><jurabk>TrEinV</jurabk><enbez>§ 7</enbez><titel format="XML">Berechtigung zur Einsichtnahme bei Antragstellung durch Verpflichtete</titel></metadaten><textdaten><text format="XML"><Content><P>(1) Stellt ein Verpflichteter nach § 23 Absatz 1 Satz 1 Nummer 2 des Geldwäschegesetzes einen Antrag auf Einsichtnahme in das Transparenzregister, so hat er darzulegen, <DL Type="arabic"><DT>1.</DT><DD Font="normal"><LA>dass er Verpflichteter nach § 2 des Geldwäschegesetzes ist und</LA></DD><DT>2.</DT><DD Font="normal"><LA>dass die Einsichtnahme zur Erfüllung seiner Sorgfaltspflichten in einem der in § 10 Absatz 3 und Absatz 3a des Geldwäschegesetzes genannten Fälle erfolgen soll.</LA></DD></DL>Die Pflichten nach Satz 1 gelten nicht bei einem automatisierten Abruf nach § 23 Absatz 3 Satz 1 des Geldwäschegesetzes.</P><P>(2) Stellt ein Verpflichteter wiederholt einen Antrag auf Einsichtnahme in das Transparenzregister, so genügt die Darlegung der Berechtigung zur Einsichtnahme nach Absatz 1 Nummer 1 bei der ersten Einsichtnahme.</P><P>(3) Die registerführende Stelle kann bei Zweifeln an der Berechtigung des Nutzers weitere Informationen zur Darlegung der Berechtigung anfordern. Die Darlegung kann auf Verlangen der registerführenden Stelle auch durch eidesstattliche Versicherung erfolgen.</P></Content></text></textdaten></norm>
<norm builddate="20230322214006" doknr="BJNR0530A0023BJNE000900000"><metadaten><jurabk>TrEinV 2023</jurabk><jurabk>TrEinV</jurabk><enbez>§ 8</enbez><titel format="XML">Datenfernübertragung</titel></metadaten><textdaten><text format="XML"><Content><P>(1) Die registerführende Stelle bestimmt, welche Art der Verbindung der Datenfernübertragung bei der Übermittlung der Daten nach den §§ 2 bis 7 zu verwenden ist. Die Verbindung der Datenfernübertragung muss nach dem Stand der Technik gesichert sein.</P><P>(2) Der Nutzer hat bei der Registrierung und der Antragstellung auf Einsichtnahme in das Transparenzregister sowie bei der Einsichtnahme die Verbindung der Datenfernübertragung zu verwenden, die von der registerführenden Stelle dazu bestimmt ist.</P></Content></text></textdaten></norm>
<norm builddate="20230322214006" doknr="BJNR0530A0023BJNE001000000"><metadaten><jurabk>TrEinV 2023</jurabk><jurabk>TrEinV</jurabk><enbez>§ 9</enbez><titel format="XML">Protokollierung der Einsichtnahme</titel></metadaten><textdaten><text format="XML"><Content><P>(1) Die registerführende Stelle ist verpflichtet, zu protokollieren, welcher Nutzer wann in welche Daten des Transparenzregisters Einsicht genommen hat, damit missbräuchliche Zugriffe auf das Transparenzregister erkannt, unterbunden und verfolgt werden können.</P><P>(2) Nimmt ein Nutzer Einsicht in das Transparenzregister, so protokolliert die registerführende Stelle folgende Daten: <DL Type="arabic"><DT>1.</DT><DD Font="normal"><LA>die Nutzerkennung sowie</LA></DD><DT>2.</DT><DD Font="normal"><LA>den Abruf der im oder über das Transparenzregister zugänglichen Informationen zu einer Vereinigung nach § 20 Absatz 1 des Geldwäschegesetzes oder zu einer Rechtsgestaltung nach § 21 Absatz 1 und 2 des Geldwäschegesetzes mit Datum und Uhrzeit.</LA></DD></DL></P><P>(3) Die protokollierten Daten sind zwei Jahre nach dem Abruf der Informationen unverzüglich von der registerführenden Stelle zu löschen. Andere gesetzliche Bestimmungen über Aufzeichnungs- und Aufbewahrungspflichten bleiben unberührt.</P></Content></text></textdaten></norm>
<norm builddate="20230322214006" doknr="BJNR0530A0023BJNE001100000"><metadaten><jurabk>TrEinV 2023</jurabk><jurabk>TrEinV</jurabk><enbez>§ 10</enbez><titel format="XML">Verarbeitung von Daten zur Gebührenabrechnung</titel></metadaten><textdaten><text format="XML"><Content><P>(1) Die registerführende Stelle darf für die Abrechnung von Gebühren, soweit es dafür erforderlich ist, folgende Daten verarbeiten: <DL Type="arabic"><DT>1.</DT><DD Font="normal"><LA>die übermittelten Registrierungsdaten und</LA></DD><DT>2.</DT><DD Font="normal"><LA>den Abruf der im oder über das Transparenzregister zugänglichen Informationen zu einer Vereinigung nach § 20 Absatz 1 des Geldwäschegesetzes oder zu einer Rechtsgestaltung nach § 21 Absatz 1 und 2 des Geldwäschegesetzes mit Datum und Uhrzeit.</LA></DD></DL></P><P>(2) Die Daten sind zwei Jahre nach dem Abschluss des Abrechnungsvorgangs von der registerführenden Stelle zu löschen. Andere gesetzliche Bestimmungen über Aufzeichnungs- und Aufbewahrungspflichten bleiben unberührt.</P></Content></text></textdaten></norm>
<norm builddate="20230322214006" doknr="BJNR0530A0023BJNE001200000"><metadaten><jurabk>TrEinV 2023</jurabk><jurabk>TrEinV</jurabk><enbez>§ 11</enbez><titel format="XML">Antrag auf Beschränkung der Einsichtnahme</titel></metadaten><textdaten><text format="XML"><Content><P>(1) Der Antrag eines wirtschaftlich Berechtigten auf vollständige oder teilweise Beschränkung der Einsichtnahme nach § 23 Absatz 2 des Geldwäschegesetzes bedarf der Schriftform. Der Antrag ist zu begründen. Er kann elektronisch oder auf postalischem Weg gestellt werden. Soll der Antrag elektronisch gestellt werden, so ist er an die E-Mail-Adresse zu senden, die dafür auf der Internetseite des Transparenzregisters www.transparenzregister.de ausgewiesen ist.</P><P>(2) Bei der Antragstellung sind folgende Daten erforderlich: <DL Type="arabic"><DT>1.</DT><DD Font="normal"><LA>der Vor- und Nachname des wirtschaftlich Berechtigten,</LA></DD><DT>2.</DT><DD Font="normal"><LA>die Bezeichnung derjenigen Vereinigung nach § 20 des Geldwäschegesetzes oder der Rechtsgestaltung nach § 21 des Geldwäschegesetzes, für die die Beschränkung der Einsichtnahme beantragt wird,</LA></DD><DT>3.</DT><DD Font="normal"><LA>die Darlegung der überwiegenden schutzwürdigen Interessen nach § 23 Absatz 2 des Geldwäschegesetzes und</LA></DD><DT>4.</DT><DD Font="normal"><LA>die Anschrift, Telefonnummer und E-Mail-Adresse des wirtschaftlich Berechtigten oder, sofern der wirtschaftlich Berechtigte einen Bevollmächtigten mit Empfangsvollmacht beauftragt, dessen Vor- und Nachname sowie dessen Anschrift, Telefonnummer und E-Mail-Adresse.</LA></DD></DL></P><P>(3) Macht der wirtschaftlich Berechtigte Minderjährigkeit als schutzwürdiges Interesse nach § 23 Absatz 2 Satz 2 Nummer 2 des Geldwäschegesetzes geltend, so muss er eine Kopie der Geburtsurkunde oder eines gültigen amtlichen Ausweises nach § 3 Absatz 2 Nummer 1 Buchstabe a, der das Geburtsdatum erkennen lässt, einreichen.</P><P>(4) Macht der wirtschaftlich Berechtigte Geschäftsunfähigkeit als schutzwürdiges Interesse nach § 23 Absatz 2 Satz 2 Nummer 2 des Geldwäschegesetzes geltend, so muss ein Nachweis beigebracht werden, aus dem sich die Geschäftsunfähigkeit ergibt.</P></Content></text><fussnoten><Content><P>(++++ § 11: Zur Geltung vgl. § 13 Abs. 5 +++)</P></Content></fussnoten></textdaten></norm>
<norm builddate="20230322214006" doknr="BJNR0530A0023BJNE001300000"><metadaten><jurabk>TrEinV 2023</jurabk><jurabk>TrEinV</jurabk><enbez>§ 12</enbez><titel format="XML">Identitätsnachweis bei Stellung des Antrags auf Beschränkung der Einsichtnahme</titel></metadaten><textdaten><text format="XML"><Content><P>Der wirtschaftlich Berechtigte belegt nach den Vorgaben der registerführenden Stelle bei Stellung des Antrags auf Beschränkung der Einsichtnahme seine Identität anhand geeigneter Nachweise nach § 3.</P></Content></text><fussnoten><Content><P>(++++ § 12: Zur Geltung vgl. § 13 Abs. 5 +++)</P></Content></fussnoten></textdaten></norm>
<norm builddate="20230322214006" doknr="BJNR0530A0023BJNE001400000"><metadaten><jurabk>TrEinV 2023</jurabk><jurabk>TrEinV</jurabk><enbez>§ 13</enbez><titel format="XML">Beschränkung der Einsichtnahme</titel></metadaten><textdaten><text format="XML"><Content><P>(1) Nach Eingang des Antrags auf Beschränkung der Einsichtnahme werden die Daten über den wirtschaftlich Berechtigten für Einsichtnahmen, bei denen eine Beschränkung zulässig ist, unverzüglich von der registerführenden Stelle für die Dauer der Prüfung des Antrags vorläufig gesperrt, es sei denn, der Antrag ist offensichtlich unzulässig oder unbegründet.</P><P>(2) Hat die Überprüfung des Antrags auf Beschränkung der Einsichtnahme ergeben, dass der Einsichtnahme unter Berücksichtigung aller Umstände des Einzelfalls überwiegende schutzwürdige Interessen des wirtschaftlich Berechtigten entgegenstehen, so werden die Daten über den wirtschaftlich Berechtigten für Einsichtnahmen, bei denen eine Beschränkung zulässig ist, unverzüglich von der registerführenden Stelle teilweise oder vollständig gesperrt. Wird der Antrag teilweise oder vollständig abgelehnt, bleibt die vorläufige Sperrung nach Absatz 1 bis zur Unanfechtbarkeit der Entscheidung bestehen.</P><P>(3) Die teilweise oder vollständige Beschränkung der Einsichtnahme nach Absatz 2 wird auf drei Jahre befristet. Hierbei wird der Zeitraum der vorläufigen Beschränkung nach Absatz 1 einbezogen. Sofern der Zeitraum der vorläufigen Beschränkung länger als drei Jahre andauert, wird die teilweise oder vollständige Beschränkung abweichend von Satz 1 auf drei Monate befristet. Liegt infolge von Minderjährigkeit ein schutzwürdiges Interesse vor, so ist die Beschränkung bis zur Vollendung des 18. Lebensjahres zu befristen.</P><P>(4) Entfällt beim wirtschaftlich Berechtigten das schutzwürdige Interesse nach § 23 Absatz 2 des Geldwäschegesetzes, so hat er die registerführende Stelle unverzüglich darüber zu unterrichten. Die registerführende Stelle hebt die Beschränkung unverzüglich auf.</P><P>(5) Die Beschränkung der Einsichtnahme kann auf Antrag verlängert werden. Der Antrag ist zu begründen. Die §§ 11 bis 13 Absatz 4 gelten entsprechend.</P></Content></text></textdaten></norm>
<norm builddate="20230322214006" doknr="BJNR0530A0023BJNE001500000"><metadaten><jurabk>TrEinV 2023</jurabk><jurabk>TrEinV</jurabk><enbez>§ 14</enbez><titel format="XML">Inkrafttreten, Außerkrafttreten</titel></metadaten><textdaten><text format="XML"><Content><P>Diese Verordnung tritt am Tag nach der Verkündung in Kraft. Gleichzeitig tritt die Transparenzregistereinsichtnahmeverordnung vom 19. Dezember 2017 (BGBl. I S. 3984), die durch Artikel 11 des Gesetzes vom 25. Juni 2021 (BGBl. I S. 2083) geändert worden ist, außer Kraft.</P></Content></text></textdaten></norm>
</dokumente>