<?xml version="1.0" encoding="UTF-8" ?><!DOCTYPE dokumente SYSTEM "http://www.gesetze-im-internet.de/dtd/1.01/gii-norm.dtd">
<dokumente builddate="20230217213003" doknr="BJNR012620980"><norm builddate="20230217213003" doknr="BJNR012620980"><metadaten><jurabk>BTGO1980Anl 7</jurabk><ausfertigung-datum manuell="ja">1990-11-12</ausfertigung-datum><fundstelle typ="amtlich"><periodikum>BGBl I</periodikum><zitstelle>1990, 2555, 2556</zitstelle></fundstelle><langue>Richtlinien für die Befragung der Bundesregierung (Anlage 7 der Geschäftsordnung des Deutschen Bundestages, BGBl. I 1980, 1237)</langue><standangabe checked="ja"><standtyp>Stand</standtyp><standkommentar>Geändert durch Nr. 16 Beschluss d. Bundestages v. 15.12.2022 gem. Bek. v. 15.12.2022 I 2598</standkommentar></standangabe></metadaten><textdaten><fussnoten><Content><P><BR/> <pre xml:space="preserve">(+++ Textnachweis ab: 30.11.1990 +++)<BR/>(+++ Text der Geschäftsordnung siehe: BTGO 1980 +++)<BR/>(+++ Anlage 7: Eingef. durch Nr. 8 Beschluss d. Bundestages gem. Bek. v. <BR/>               12.11.1990 I 2555 mWv 1.12.1990 +++)<BR/><BR/></pre></P></Content></fussnoten></textdaten></norm>
<norm builddate="20230217213003" doknr="BJNR012620980BJNE000102377"><metadaten><jurabk>BTGO1980Anl 7</jurabk><enbez>(XXXX)</enbez><titel format="XML">Richtlinien für die Befragung der Bundesregierung</titel></metadaten><textdaten><text format="XML"><Content><P><DL Font="normal" Type="arabic"><DT>1.</DT><DD Font="normal"><LA Size="normal">Eine Befragung der Bundesregierung findet in Sitzungswochen mittwochs um 13.00 Uhr statt. Die Befragung dauert 90 Minuten. Eine Verlängerung ist nicht möglich.</LA></DD><DT>2.</DT><DD Font="normal"><LA Size="normal">Die Bundesregierung übermittelt den Fraktionen die Tagesordnung des Kabinetts, nachdem diese festgestellt worden ist.</LA></DD><DT>3.</DT><DD Font="normal"><LA Size="normal">Die Mitglieder des Bundestages können an die Bundesregierung Fragen von aktuellem Interesse im Rahmen ihrer Verantwortlichkeit stellen. Die Fragen können durch Bemerkungen eingeleitet werden. Sie müssen kurz gefasst sein und kurze Antworten ermöglichen. Zu jeder Frage ist eine Nachfrage durch den Fragesteller möglich.</LA></DD><DT>4.</DT><DD Font="normal"><LA Size="normal">An der Befragung nehmen mindestens zwei Mitglieder der Bundesregierung teil, um Fragen von aktuellem Interesse zu beantworten. Die Bundesregierung bestimmt unbeschadet von Artikel 43 Absatz 1 des Grundgesetzes, an welchen Befragungen die jeweiligen Regierungsmitglieder abwechselnd teilnehmen. Fragen zu den Fachthemen anderer Bundesministerien können durch weitere anwesende Mitglieder der Bundesregierung oder durch Parlamentarische Staatssekretäre des zuständigen Bundesministeriums beantwortet werden.</LA></DD><DT>5.</DT><DD Font="normal"><LA Size="normal">Zu Beginn der Befragung erhalten die anwesenden Mitglieder der Bundesregierung auf Verlangen insgesamt für bis zu acht Minuten das Wort zu einleitenden Ausführungen zu Themen von aktuellem Interesse.</LA></DD><DT>6.</DT><DD Font="normal"><LA Size="normal">Der Präsident erteilt das Wort unter Berücksichtigung der Regeln des § 28 Absatz 1 der Geschäftsordnung des Bundestages und kann die gemeldeten Fragewünsche thematisch gliedern. In einem ersten Abschnitt sollen Fragen zum Bericht und zum Geschäftsbereich der anwesenden Mitglieder der Bundesregierung aufgerufen werden, gefolgt von Fragen zum Geschäftsbereich der weiteren Mitglieder der Bundesregierung sowie zu den vorangegangenen Kabinettsitzungen und allgemeinen Fragen.</LA></DD><DT>7.</DT><DD Font="normal"><LA Size="normal">Dreimal jährlich findet zu dem Termin der Regierungsbefragung eine Befragung des Bundeskanzlers statt. Die Befragung soll in den letzten Sitzungswochen vor Ostern, vor der Sommerpause und vor Weihnachten stattfinden. Die Befragung dauert 60 Minuten. Eine Verlängerung ist nicht möglich. Im Übrigen gelten die vorstehenden Regelungen, mit Ausnahme von Nummer 4 Satz 1, entsprechend.</LA></DD></DL></P></Content></text><fussnoten/></textdaten></norm>
</dokumente>