<?xml version="1.0" encoding="UTF-8" ?><!DOCTYPE dokumente SYSTEM "http://www.gesetze-im-internet.de/dtd/1.01/gii-norm.dtd">
<dokumente builddate="20130405125739" doknr="BJNR015480953"><norm builddate="20130405125739" doknr="BJNR015480953"><metadaten><jurabk>BRegAmtsWoVwVs</jurabk><ausfertigung-datum manuell="ja">1953-11-10</ausfertigung-datum><fundstelle typ="amtlich"><periodikum>BGBl I</periodikum><zitstelle>1953, 1545, 1548</zitstelle></fundstelle><langue>Vorschriften über die Verwaltung und Bewirtschaftung der Amtswohnungen
der Mitglieder der Bundesregierung (Anlage zu § 5 der Bestimmungen über
Amtswohnungen, Umzugskostenentschädigung, Tagegelder und Entschädigung für
Reisekosten der Mitglieder der Bundesregierung)</langue><standangabe checked="ja"><standtyp>Stand</standtyp><standkommentar>Zuletzt geändert durch Art. 1 V v. 9.2.1995 I 192</standkommentar></standangabe></metadaten><textdaten><fussnoten><Content><P>(+++ Textnachweis Geltung ab: 1.1.1964 +++) <BR/>(+++ Text der Bestimmungen siehe: BRegEntschBest +++)</P></Content></fussnoten></textdaten></norm>
<norm builddate="20130405125739" doknr="BJNR015480953BJNG000100314"><metadaten><jurabk>BRegAmtsWoVwVs</jurabk><gliederungseinheit><gliederungskennzahl>010</gliederungskennzahl><gliederungsbez>I.</gliederungsbez><gliederungstitel>Verwaltung</gliederungstitel></gliederungseinheit></metadaten><textdaten><text format="XML"><Content><P/></Content></text></textdaten></norm>
<norm builddate="20130405125739" doknr="BJNR015480953BJNE000701306"><metadaten><jurabk>BRegAmtsWoVwVs</jurabk><enbez>§ 1</enbez></metadaten><textdaten><text format="XML"><Content><P>(1) Über jede Amtswohnung nebst Zubehör ist ein Wohnungsblatt anzulegen, für das das Muster der Anlage 1 der Dienstwohnungsvorschriften vom 16. Februar 1970 (Ministerialblatt des Bundesministers der Finanzen S. 134), zuletzt geändert am 23. Januar 1981 (Ministerialblatt des Bundesministers der Finanzen S. 46) als Anhalt dienen kann. Änderungen der Wohnung und Ergänzungen der Einrichtungsgegenstände sind sogleich einzutragen. Das Wohnungsblatt soll stets den derzeitigen Stand der Wohnung erkennen lassen und eine ausreichende Grundlage für die Verwaltung, Übergabe und Rücknahme der Wohnung bilden.</P><P>(2) Das Wohnungsblatt ist bei der Übergabe und Rücknahme der Amtswohnung zu prüfen.</P><P>(3) Der neue Wohnungsinhaber hat die richtige Übernahme der Wohnung nebst Zubehör durch Unterschrift auf dem Wohnungsblatt anzuerkennen.</P><P>(4) In den Fällen des § 1 Abs. 3 und des § 2 der Bestimmungen gelten die Vorschriften in Absatz 1 bis 3 nur insoweit, als die Amtswohnung mit bundeseigenen Einrichtungsgegenständen versehen ist.</P></Content>   </text><fussnoten/></textdaten></norm>
<norm builddate="20130405125739" doknr="BJNR015480953BJNG000200314"><metadaten><jurabk>BRegAmtsWoVwVs</jurabk><gliederungseinheit><gliederungskennzahl>020</gliederungskennzahl><gliederungsbez>II.</gliederungsbez><gliederungstitel>Instandhaltung, Unterhaltung usw.</gliederungstitel></gliederungseinheit></metadaten><textdaten><text format="XML"><Content><P/></Content></text></textdaten></norm>
<norm builddate="20130405125739" doknr="BJNR015480953BJNE000800314"><metadaten><jurabk>BRegAmtsWoVwVs</jurabk><enbez>§ 2</enbez></metadaten><textdaten><text format="XML"><Content><P>Die Amtswohnung wird auf Kosten des Bundes innerhalb der verfügbaren Haushaltsmittel baulich unterhalten und auch sonst instand gehalten. Zur Instandhaltung gehört auch <DL Font="normal" Type="arabic"><DT>a)</DT><DD Font="normal"><LA Size="normal">das Reinigen der Schornsteine;</LA></DD> <DT>b)</DT><DD Font="normal"><LA Size="normal">das Bohnern und Abreiben der Fußböden und Fußleisten der Repräsentationsräume in den durch den Gebrauch und das Erhaltungsbedürfnis bedingten Fristen;</LA></DD> <DT>c)</DT><DD Font="normal"><LA Size="normal">das Reinigen, Abnehmen und Wiederanbringen aus Bundesmitteln beschaffter Fenstermarkisen, Fensterjalousien, Schutzzelte über Balkons und dergleichen.</LA></DD> </DL></P></Content></text></textdaten></norm>
<norm builddate="20130405125739" doknr="BJNR015480953BJNE000900314"><metadaten><jurabk>BRegAmtsWoVwVs</jurabk><enbez>§ 3</enbez></metadaten><textdaten><text format="XML"><Content><P>Gehören zu einer Amtswohnung Garagen, so werden sie vom Bund innerhalb der verfügbaren Haushaltsmittel instand gehalten. Die in den Garagen benutzten Geräte hat der Wohnungsinhaber zu beschaffen und instand zu halten.</P></Content></text></textdaten></norm>
<norm builddate="20130405125739" doknr="BJNR015480953BJNE001000314"><metadaten><jurabk>BRegAmtsWoVwVs</jurabk><enbez>§ 4</enbez></metadaten><textdaten><text format="XML"><Content><P>(1) Die Kosten für die Instandhaltung, Erneuerung und Ergänzung der bundeseigenen Einrichtungsgegenstände trägt innerhalb der verfügbaren Haushaltsmittel der Bund, soweit sie nicht nach § 4 Abs. 4 letzter Satz der Bestimmungen dem Wohnungsinhaber zur Last fallen.</P><P>(2) Das gleiche gilt für das Reinigen, Aufpolieren und Putzen des Silbergeräts sowie das Reinigen des Tischzeugs und des Tafelgeschirrs, soweit diese Gegenstände zu Repräsentationszwecken zur Verfügung gestellt und benutzt werden und soweit diese Arbeiten nicht durch Hausangestellte des Wohnungsinhabers ausgeführt werden.</P></Content> </text></textdaten></norm>
<norm builddate="20130405125739" doknr="BJNR015480953BJNG000300314"><metadaten><jurabk>BRegAmtsWoVwVs</jurabk><gliederungseinheit><gliederungskennzahl>030</gliederungskennzahl><gliederungsbez>III.</gliederungsbez><gliederungstitel>Reinigung, Heizung, Wasserversorgung und
Beleuchtung</gliederungstitel></gliederungseinheit></metadaten><textdaten><text format="XML"><Content><P/></Content></text></textdaten></norm>
<norm builddate="20130405125739" doknr="BJNR015480953BJNE001100314"><metadaten><jurabk>BRegAmtsWoVwVs</jurabk><enbez>§ 5</enbez></metadaten><textdaten><text format="XML"><Content><P>(1) Die Kosten für das Reinigen, Heizen, die Wasserversorgung und das Beleuchten der Arbeits- und Vortragszimmer, der zugehörigen Vorzimmer und Warteräume, der Räumlichkeiten für Repräsentationszwecke und der Zugänge zu den Amtswohnungen, wie Flure, Gänge und Treppen, trägt der Bund. Dasselbe gilt für das Reinigen der Einrichtungsgegenstände in diesen Räumen, soweit die Arbeiten nicht durch Hausangestellte des Wohnungsinhabers ausgeführt werden.</P><P>(2) Zu den Kosten der Reinigung gehören auch die Aufwendungen für Reinigungsmittel und Geräte.</P></Content> </text></textdaten></norm>
<norm builddate="20130405125739" doknr="BJNR015480953BJNE001200314"><metadaten><jurabk>BRegAmtsWoVwVs</jurabk><enbez>§ 6</enbez></metadaten><textdaten><text format="XML"><Content><P>(1) Das Reinigen der nicht in § 5 genannten Räume der Amtswohnung einschließlich der etwa vorhandenen bundeseigenen Einrichtungsgegenstände ist Sache des Wohnungsinhabers.</P><P>(2) Die Reinigungskosten fallen jedoch dem Bund zur Last, wenn eine Reinigung durch bauliche Instandsetzungen notwendig geworden ist und das Reinigen nicht durch Hausangestellte des Wohnungsinhabers ausgeführt wird. Das gleiche gilt für die beim Wechsel des Wohnungsinhabers erforderliche Reinigung sämtlicher Räume.</P></Content> </text></textdaten></norm>
<norm builddate="20130405125739" doknr="BJNR015480953BJNE001302307"><metadaten><jurabk>BRegAmtsWoVwVs</jurabk><enbez>§ 7</enbez></metadaten><textdaten><text format="XML"><Content><P>Für das Heizen der nicht in § 5 genannten Räume einer Amtswohnung im Sinne des § 1 der Bestimmungen hat der Wohnungsinhaber ein Heizungsentgelt zu entrichten. Kann die verbrauchte Wärme durch Wärmemesser oder Heizkostenverteiler ermittelt werden, so sind die Heizkosten auf den Wohnungsinhaber umzulegen. Liegen diese Voraussetzungen nicht vor, ist das Heizungsentgelt in sinngemäßer Anwendung des § 26 Abs. 3 und 4 der Dienstwohnungsvorschriften zu berechnen.</P></Content></text><fussnoten/></textdaten></norm>
<norm builddate="20130405125739" doknr="BJNR015480953BJNE001401307"><metadaten><jurabk>BRegAmtsWoVwVs</jurabk><enbez>§ 8</enbez></metadaten><textdaten><text format="XML"><Content><P>(1) Für das zu anderen als in den §§ 5 und 10 genannten Zwecken verbrauchte kalte Wasser trägt der Wohnungsinhaber die Kosten. Ist eine Berechnung nach Verbrauch ausnahmsweise nicht möglich, hat er ein Entgelt in Höhe von 3 vom Hundert des Ortszuschlags, bei Lieferung warmen Wassers durch einen Dritten (Absatz 3) von 2 vom Hundert des Ortszuschlags zu entrichten.</P><P>(2) Die Kosten der Wassererwärmung trägt der Wohnungsinhaber. Können diese Kosten nicht durch Warmwasseruhren oder Warmwasserkostenverteiler ermittelt werden, ist ein Entgelt in sinngemäßer Anwendung des § 27 der Dienstwohnungsvorschriften zu entrichten.</P><P>(3) Wird warmes Wasser von einem Dritten geliefert, trägt der Wohnungsinhaber die Kosten für die verbrauchte Wassermenge und ihre Erwärmung.</P></Content>  </text><fussnoten/></textdaten></norm>
<norm builddate="20130405125739" doknr="BJNR015480953BJNE001500314"><metadaten><jurabk>BRegAmtsWoVwVs</jurabk><enbez>§ 9</enbez></metadaten><textdaten><text format="XML"><Content><P>Die Kosten der Beleuchtung der nicht in § 5 genannten Räume und die Kosten für die Entnahme von elektrischem Strom oder von Gas in diesen Räumen hat der Wohnungsinhaber zu tragen. Zur Feststellung des Verbrauchs an elektrischem Strom und Gas in diesen Räumen sind besondere Elektrizitäts- und Gasmesser aufzustellen, deren Miete ebenfalls der Wohnungsinhaber trägt.</P></Content></text></textdaten></norm>
<norm builddate="20130405125739" doknr="BJNR015480953BJNG000400314"><metadaten><jurabk>BRegAmtsWoVwVs</jurabk><gliederungseinheit><gliederungskennzahl>040</gliederungskennzahl><gliederungsbez>IV.</gliederungsbez><gliederungstitel>Gärten</gliederungstitel></gliederungseinheit></metadaten><textdaten><text format="XML"><Content><P/></Content></text></textdaten></norm>
<norm builddate="20130405125739" doknr="BJNR015480953BJNE001600314"><metadaten><jurabk>BRegAmtsWoVwVs</jurabk><enbez>§ 10</enbez></metadaten><textdaten><text format="XML"><Content><P>(1) Die zur Amtswohnung gehörenden Gärten, Gartenhäuser usw. werden innerhalb der verfügbaren Haushaltsmittel auf Kosten des Bundes unterhalten, bepflanzt und beleuchtet.</P><P>(2) Das gleiche gilt hinsichtlich der Beschaffung und Unterhaltung von Gartenmöbeln und Geräten.</P></Content> </text></textdaten></norm>
<norm builddate="20130405125739" doknr="BJNR015480953BJNG000500314"><metadaten><jurabk>BRegAmtsWoVwVs</jurabk><gliederungseinheit><gliederungskennzahl>050</gliederungskennzahl><gliederungsbez>V.</gliederungsbez><gliederungstitel>Fernsprechanschlüsse</gliederungstitel></gliederungseinheit></metadaten><textdaten><text format="XML"><Content><P/></Content></text></textdaten></norm>
<norm builddate="20130405125739" doknr="BJNR015480953BJNE001701306"><metadaten><jurabk>BRegAmtsWoVwVs</jurabk><enbez>§ 11</enbez></metadaten><textdaten><text format="XML"><Content><P>Für die Anlage und die Benutzung von Fernsprechanschlüssen in Amtswohnungen gelten die Dienstanschlußvorschriften vom 1. Juni 1976 (Ministerialblatt des Bundesministers der Finanzen S. 487), geändert am 1. Juni 1978 (Ministerialblatt des Bundesministers der Finanzen S. 262).</P></Content></text><fussnoten/></textdaten></norm>
<norm builddate="20130405125739" doknr="BJNR015480953BJNG000600314"><metadaten><jurabk>BRegAmtsWoVwVs</jurabk><gliederungseinheit><gliederungskennzahl>060</gliederungskennzahl><gliederungsbez>VI.</gliederungsbez><gliederungstitel>Allgemeines</gliederungstitel></gliederungseinheit></metadaten><textdaten><text format="XML"><Content><P/></Content></text></textdaten></norm>
<norm builddate="20130405125739" doknr="BJNR015480953BJNE001800314"><metadaten><jurabk>BRegAmtsWoVwVs</jurabk><enbez>§ 12</enbez></metadaten><textdaten><text format="XML"><Content><P>In den Fällen des § 2 der Bestimmungen sind die §§ 2, 3, 5, 6 und 10 dieser Vorschriften nur anzuwenden, wenn keine Verpflichtungen des Vermieters bestehen.</P></Content></text></textdaten></norm>
</dokumente>