<?xml version="1.0" encoding="UTF-8" ?><!DOCTYPE dokumente SYSTEM "http://www.gesetze-im-internet.de/dtd/1.01/gii-norm.dtd">
<dokumente builddate="20250304223005" doknr="BJNR14E0A0023"><norm builddate="20250304223005" doknr="BJNR14E0A0023"><metadaten><jurabk>UkraineAufenthFGV</jurabk><amtabk>UkraineAufenthFGV</amtabk><ausfertigung-datum manuell="ja">2023-11-28</ausfertigung-datum><fundstelle typ="amtlich"><periodikum>BGBl I</periodikum><zitstelle>2023, Nr. 334</zitstelle></fundstelle><kurzue>Ukraine-Aufenthaltserlaubnis-Fortgeltungsverordnung</kurzue><langue>Verordnung zur Regelung der Fortgeltung der gemäß § 24 Absatz 1 Aufenthaltsgesetz erteilten Aufenthaltserlaubnisse für vorübergehend Schutzberechtigte aus der Ukraine</langue><standangabe checked="ja"><standtyp>Aufh</standtyp><standkommentar>V aufgeh. durch § 3 Abs. 2 dieser V idF d. Art. 1 Nr. 2 V v. 22.11.2024 I Nr. 363 mit Ablauf d. 4.3.2026</standkommentar></standangabe><standangabe checked="ja"><standtyp>Stand</standtyp><standkommentar>Geändert durch Art. 1 V v. 22.11.2024 I Nr. 363</standkommentar></standangabe></metadaten><textdaten><fussnoten><Content><P><BR/> <pre xml:space="preserve">(+++ Textnachweis ab: 5.12.2023 +++)<BR/><BR/></pre></P></Content></fussnoten></textdaten></norm>
<norm builddate="20250304223005" doknr="BJNR14E0A0023BJNE000101311"><metadaten><jurabk>UkraineAufenthFGV</jurabk><enbez>Eingangsformel</enbez></metadaten><textdaten><text format="XML"><Content><P>Auf Grund des § 99 Absatz 1 Nummer 1 des Aufenthaltsgesetzes in der Fassung der Bekanntmachung vom 25. Februar 2008 (BGBl. I S. 162) in Verbindung mit § 1 Absatz 2 des Zuständigkeitsanpassungsgesetzes vom 16. August 2002 (BGBl. I S. 3165) und dem Organisationserlass vom 8. Dezember 2021 (BGBl. I S. 5176) verordnet das Bundesministerium des Innern und für Heimat:</P></Content></text><fussnoten/></textdaten></norm>
<norm builddate="20250304223005" doknr="BJNR14E0A0023BJNE000201311"><metadaten><jurabk>UkraineAufenthFGV</jurabk><enbez>§ 1</enbez><titel format="XML">Gegenstand</titel></metadaten><textdaten><text format="XML"><Content><P>Diese Verordnung regelt die Fortgeltung der Aufenthaltserlaubnisse gemäß § 24 Absatz 1 AufenthG für anlässlich des Krieges in der Ukraine am oder nach dem 24. Februar 2022 nach Deutschland eingereiste Ausländer für die Geltungsdauer des vorübergehenden Schutzes gemäß Artikel 4 der Richtlinie 2001/55/EG des Rates über Mindestnormen für die Gewährung vorübergehenden Schutzes.</P></Content></text><fussnoten/></textdaten></norm>
<norm builddate="20250304223005" doknr="BJNR14E0A0023BJNE000301311"><metadaten><jurabk>UkraineAufenthFGV</jurabk><enbez>§ 2</enbez><titel format="XML">Fortgeltung der Aufenthaltserlaubnisse gemäß § 24 Absatz 1 Aufenthaltsgesetz</titel></metadaten><textdaten><text format="XML"><Content><P>(1) Aufenthaltserlaubnisse ukrainischer Staatsangehöriger gemäß § 24 Absatz 1 Aufenthaltsgesetz, die am 1. Februar 2025 gültig sind, gelten einschließlich ihrer Auflagen und Nebenbestimmungen bis zum 4. März 2026 ohne Verlängerung im Einzelfall fort. Für Staatenlose und Staatsangehörige anderer Drittstaaten als der Ukraine gilt die Fortgeltung der Aufenthaltserlaubnisse nur, sofern sie <DL Font="normal" Type="arabic"><DT>1.</DT><DD Font="normal"><LA Size="normal">am 24. Februar 2022 in der Ukraine internationalen Schutz oder einen gleichwertigen nationalen Schutz genossen haben,</LA></DD><DT>2.</DT><DD Font="normal"><LA Size="normal">Familienangehörige ukrainischer Staatsangehöriger oder Staatenloser und Staatsangehöriger anderer Drittstaaten als der Ukraine sind, die am 24. Februar 2022 in der Ukraine internationalen Schutz oder einen gleichwertigen nationalen Schutz genossen haben oder</LA></DD><DT>3.</DT><DD Font="normal"><LA Size="normal">sich am 24. Februar 2022 auf der Grundlage eines nach ukrainischem Recht erteilten gültigen unbefristeten Aufenthaltstitels rechtmäßig in der Ukraine aufgehalten haben.</LA></DD></DL> Die Fortgeltung endet mit einer Verlängerung der Aufenthaltserlaubnis im Einzelfall oder wenn die Aufenthaltserlaubnis auf Grund der Änderung einer Auflage oder Nebenbestimmung erneut erteilt wird.</P><P>(2) Die Regelungen des Aufenthaltsgesetzes zur Beendigung der Rechtmäßigkeit des Aufenthalts, insbesondere nach § 51 des Aufenthaltsgesetzes, und zu Beschränkungen des Aufenthaltsrechts bleiben unberührt. Die Verpflichtung zur Vorlage gemäß § 57a Nummer 2 Aufenthaltsverordnung entfällt.</P></Content></text><fussnoten/></textdaten></norm>
<norm builddate="20250304223005" doknr="BJNR14E0A0023BJNE000401311"><metadaten><jurabk>UkraineAufenthFGV</jurabk><enbez>§ 3</enbez><titel format="XML">Inkrafttreten</titel></metadaten><textdaten><text format="XML"><Content><P>(1) Diese Verordnung tritt am Tag nach der Verkündung in Kraft.</P><P>(2) Diese Verordnung tritt mit Ablauf des 4. März 2026 außer Kraft.</P></Content></text><fussnoten/></textdaten></norm>
<norm builddate="20250304223005" doknr="BJNR14E0A0023BJNE000501311"><metadaten><jurabk>UkraineAufenthFGV</jurabk><enbez>Schlussformel</enbez></metadaten><textdaten><text format="XML"><Content><P>Der Bundesrat hat zugestimmt.</P></Content></text><fussnoten/></textdaten></norm>
</dokumente>