<?xml version="1.0" encoding="UTF-8" ?><!DOCTYPE dokumente SYSTEM "http://www.gesetze-im-internet.de/dtd/1.01/gii-norm.dtd">
<dokumente builddate="20240115214504" doknr="BJNR127000000"><norm builddate="20240115214504" doknr="BJNR127000000"><metadaten><jurabk>AntiDHG</jurabk><amtabk>AntiDHG</amtabk><ausfertigung-datum manuell="ja">2000-08-02</ausfertigung-datum><fundstelle typ="amtlich"><periodikum>BGBl I</periodikum><zitstelle>2000, 1270</zitstelle></fundstelle><kurzue>Anti-D-Hilfegesetz</kurzue><langue>Gesetz über die Hilfe für durch Anti-D-Immunprophylaxe mit dem Hepatitis-C-Virus infizierte Personen</langue><standangabe checked="ja"><standtyp>Stand</standtyp><standkommentar>Zuletzt geändert durch Art. 19 G v. 22.12.2023 I Nr. 408</standkommentar></standangabe><standangabe checked="ja"><standtyp>Sonst</standtyp><standkommentar>mittelbare Änderung durch Art. 14 Nr. 2 G v. 22.12.2023 I Nr. 408 ist berücksichtigt</standkommentar></standangabe></metadaten><textdaten><fussnoten><Content><P><BR/> <pre xml:space="preserve">(+++ Textnachweis ab: 1.1.2000 +++)<BR/><BR/></pre></P></Content></fussnoten></textdaten></norm>
<norm builddate="20240115214505" doknr="BJNR127000000BJNE000100310"><metadaten><jurabk>AntiDHG</jurabk><enbez>Eingangsformel</enbez></metadaten><textdaten><text format="XML"><Content><P>Der Bundestag hat mit Zustimmung des Bundesrates das folgende Gesetz beschlossen:</P></Content></text></textdaten></norm>
<norm builddate="20240115214505" doknr="BJNR127000000BJNE000200310"><metadaten><jurabk>AntiDHG</jurabk><enbez>§ 1</enbez><titel format="parat">Anspruch auf Hilfe</titel></metadaten><textdaten><text format="XML"><Content><P>(1) Frauen, die in dem in Artikel 3 des Einigungsvertrages genannten Gebiet infolge einer in den Jahren 1978 und 1979 durchgeführten Anti-D-Immunprophylaxe mit den Chargen des Bezirksinstituts für Blutspende- und Transfusionswesen des Bezirkes Halle Nrn. 080578, 090578, 100678, 110678, 120778, 130778, 140778, 150878, 160978, 171078, 181078, 191078, 201178, 211178 und 221278 mit dem Hepatitis-C-Virus infiziert wurden, sowie Kontaktpersonen, die von ihnen mit großer Wahrscheinlichkeit mit dem Hepatitis-C-Virus infiziert wurden, erhalten aus humanitären und sozialen Gründen Krankenbehandlung und eine finanzielle Hilfe. Eine finanzielle Hilfe erhalten auch die Hinterbliebenen eines nach Satz 1 Berechtigten.</P><P>(2) Kontaktpersonen im Sinne des Absatzes 1 Satz 1 sind <DL Font="normal" Type="arabic"><DT>1.</DT><DD Font="normal"><LA Size="normal">die seit der Immunprophylaxe von den in Satz 1 genannten Frauen geborenen Kinder,</LA></DD> <DT>2.</DT><DD Font="normal"><LA Size="normal">Stief-, Adoptiv- und Pflegekinder sowie sonstige Kinder, Ehegatten und Lebenspartner, die mit den in Satz 1 genannten Frauen nicht nur vorübergehend in häuslicher Gemeinschaft gelebt haben oder leben.</LA></DD> </DL></P></Content> </text></textdaten></norm>
<norm builddate="20240115214505" doknr="BJNR127000000BJNE000302360"><metadaten><jurabk>AntiDHG</jurabk><enbez>§ 2</enbez><titel format="XML">Krankenbehandlung</titel></metadaten><textdaten><text format="XML"><Content><P>Berechtigte nach § 1 Abs. 1 Satz 1 erhalten für die durch die Hepatitis-C-Virus-Infektion verursachten gesundheitlichen Folgen Krankenbehandlung in entsprechender Anwendung der §§ 41 bis 61 des Vierzehnten Buches Sozialgesetzbuch.</P></Content></text><fussnoten/></textdaten></norm>
<norm builddate="20240115214505" doknr="BJNR127000000BJNE000402116"><metadaten><jurabk>AntiDHG</jurabk><enbez>§ 3</enbez><titel format="XML">Finanzielle Hilfe</titel></metadaten><textdaten><text format="XML"><Content><P>(1) Berechtigte nach § 1 Abs. 1 Satz 1 erhalten als finanzielle Hilfe eine monatliche Rente und eine Einmalzahlung.</P><P>(2) Die monatliche Rente beträgt bei einem Grad der Schädigungsfolgen infolge der Hepatitis-C-Virus-Infektion<BR/> von 30<Split Leader="0"/>   272 Euro, <BR/> von 40<Split Leader="0"/>   434 Euro, <BR/> von 50<Split Leader="0"/>   598 Euro, <BR/> von 60<Split Leader="0"/>   815 Euro, <BR/> von 70 und mehr<Split Leader="0"/>   1 088 Euro.</P><P>(3) Die Einmalzahlung nach Absatz 1 beträgt bei einem Grad der Schädigungsfolgen infolge der Hepatitis-C-Virus-Infektion<BR/> von 10 und 20<Split Leader="0"/>   3 579 Euro, <BR/> von 30<Split Leader="0"/>   6 136 Euro, <BR/> von 40<Split Leader="0"/>   7 669 Euro, <BR/> von 50<Split Leader="0"/>   10 226 Euro, <BR/> von 60 und mehr <Split Leader="0"/>   15 339 Euro.<BR/>Maßgebend für die Höhe der Einmalzahlung ist der Grad der Schädigungsfolgen im Zeitpunkt der erstmaligen Bewilligung von Leistungen nach Absatz 1. Ist ein Antrag nach § 7 erforderlich, wird die Einmalzahlung nur gewährt, wenn sie bis zum 31. Dezember 2000 beantragt wurde.</P><P>(4) Der Grad der Schädigungsfolgen bestimmt sich nach § 5 Absatz 1 des Vierzehnten Buches Sozialgesetzbuch. Die Voraussetzungen für die Gewährung der finanziellen Hilfe nach Absatz 1 werden unabhängig anderweitiger Anerkennungen über das Ausmaß der Schädigungsfolgen festgestellt.</P></Content></text><fussnoten/></textdaten></norm>
<norm builddate="20240115214505" doknr="BJNR127000000BJNE000501310"><metadaten><jurabk>AntiDHG</jurabk><enbez>§ 4</enbez><titel format="XML">Hilfe für Hinterbliebene</titel></metadaten><textdaten><text format="XML"><Content><P>(1) Stirbt ein nach § 1 Abs. 1 Satz 1 Berechtigter an den Folgen einer im Zeitpunkt des Todes bestandskräftig anerkannten Hepatitis-C-Virus-Infektion, erhalten der hinterbliebene Ehegatte eine monatliche finanzielle Hilfe in Höhe von 434 Euro, Halbwaisen von 327 Euro und Vollwaisen von 544 Euro.</P><P>(2) Die Hilfe nach Absatz 1 wird dem Ehegatten für die 60 auf den Sterbemonat folgenden Monate gewährt.</P><P>(3) Waisen erhalten die finanzielle Hilfe nach Absatz 1 ab dem auf den Sterbemonat folgenden Monat bis zur Vollendung des 18. Lebensjahres, darüber hinaus nur für die Dauer einer Schul- oder Berufsausbildung, die die Arbeitskraft überwiegend in Anspruch nimmt und nicht mit der Zahlung von Dienstbezügen, Arbeitsentgelt oder sonstigen Zuwendungen in entsprechender Höhe verbunden ist, längstens jedoch bis zu Vollendung des 27. Lebensjahres. Als Waisen gelten auch <DL Font="normal" Type="arabic"><DT>1.</DT><DD Font="normal"><LA Size="normal">Stiefkinder, die mit dem verstorbenen Berechtigten im Zeitpunkt des Todes in häuslicher Gemeinschaft gelebt haben oder wesentlich von ihm unterhalten worden sind sowie</LA></DD><DT>2.</DT><DD Font="normal"><LA Size="normal">Pflegekinder im Sinne des § 2 Abs. 1 Nr. 2 des Bundeskindergeldgesetzes.</LA></DD></DL></P></Content></text><fussnoten/></textdaten></norm>
<norm builddate="20240115214505" doknr="BJNR127000000BJNE000603116"><metadaten><jurabk>AntiDHG</jurabk><enbez>§ 5</enbez><titel format="XML">Härteausgleich, Hilfe bei Wohnsitz im Ausland</titel></metadaten><textdaten><text format="XML"><Content><P>§ 100 und § 101 Absatz 3 des Vierzehnten Buches Sozialgesetzbuch gelten entsprechend.</P></Content></text><fussnoten/></textdaten></norm>
<norm builddate="20240115214505" doknr="BJNR127000000BJNE000700310"><metadaten><jurabk>AntiDHG</jurabk><enbez>§ 6</enbez><titel format="parat">Zusammentreffen mit anderen Ansprüchen, Übertragbarkeit</titel></metadaten><textdaten><text format="XML"><Content><P>(1) Einmalzahlungen nach § 3 Abs. 3 bleiben als Einkommen und Vermögen unberücksichtigt, wenn bei Sozialleistungen die Gewährung oder die Höhe von anderen Einkommen abhängt. Monatliche Renten nach § 3 Abs. 2 werden hälftig als Einkommen berücksichtigt, wenn bei Sozialleistungen die Gewährung oder die Höhe von anderen Einkommen abhängt.</P><P>(2) Unabhängig davon werden Einmalzahlung und monatliche Rente bei sonstigen gesetzlich vorgesehenen Ermittlungen von Einkommen und Vermögen nicht berücksichtigt.</P><P>(3) Ansprüche auf Hilfen nach diesem Gesetz können nicht übertragen, verpfändet oder gepfändet werden.</P></Content>  </text></textdaten></norm>
<norm builddate="20240115214505" doknr="BJNR127000000BJNE000801116"><metadaten><jurabk>AntiDHG</jurabk><enbez>§ 7</enbez><titel format="XML">Beginn, Änderung und Zahlung der Hilfe</titel></metadaten><textdaten><text format="XML"><Content><P>(1) Die Hilfen nach den §§ 3 und 4 werden auf Antrag gewährt. Rentenleistungen nach § 3 Abs. 2 und Hilfen nach § 4 beginnen mit dem Monat, in dem die dafür geltenden Voraussetzungen erfüllt sind, jedoch frühestens mit dem Antragsmonat bei Renten nach § 3 Abs. 2 und frühestens mit dem auf den Sterbemonat folgenden Monat bei Hilfen nach § 4. Werden Hilfen im Sinne des Satzes 2 innerhalb eines Jahres nach Verkündung dieses Gesetzes beantragt, beginnt die Leistungsgewährung frühestens mit seinem Inkrafttreten.</P><P>(2) Der Grad der Schädigungsfolgen Berechtigter darf nicht vor Ablauf von zwei Jahren nach Bekanntgabe des Feststellungsbescheids niedriger festgesetzt werden. Ist durch Krankenbehandlung eine wesentliche oder nachhaltige Besserung des schädigungsbedingten Gesundheitszustandes erreicht worden, so ist die niedrigere Festsetzung schon früher zulässig, jedoch frühestens nach Ablauf eines Jahres nach Abschluss dieser Behandlung.</P><P>(3) Die Versorgungsbezüge werden in Monatsbeträgen zuerkannt, auf volle Euro aufgerundet und monatlich im Voraus gezahlt. Das Krankengeld der Sozialen Entschädigung nach § 47 des Vierzehnten Buches Sozialgesetzbuch und eine Beihilfe nach § 48 des Vierzehnten Buches Sozialgesetzbuch werden tageweise zuerkannt und mit Ablauf jeder Woche gezahlt. § 47 Absatz 1 des Ersten Buches Sozialgesetzbuch und § 118 Absatz 3 bis 4a des Sechsten Buches Sozialgesetzbuch gelten entsprechend.</P><P>(4) Abweichend von Absatz 1 Satz 1 wird über die Hilfen nach den §§ 3 und 4 von Amts wegen entschieden, wenn bereits eine Anerkennung nach dem Bundes-Seuchengesetz vorliegt oder beantragt ist, die auf einem Tatbestand des § 1 beruht.</P></Content></text><fussnoten/></textdaten></norm>
<norm builddate="20240115214505" doknr="BJNR127000000BJNE001700116"><metadaten><jurabk>AntiDHG</jurabk><enbez>§ 7a</enbez><titel format="XML">Bestandsschutz</titel></metadaten><textdaten><text format="XML"><Content><P>(1) Berechtigte nach § 1 Absatz 1 Satz 1 erhalten die monatliche Rente nach § 3 Absatz 2 weiterhin in der für den letzten bei ihnen festgestellten Grad der Schädigungsfolgen vorgesehenen Höhe, wenn nach dem 31. Dezember 2019 auf Grund einer Neufestsetzung des Grades der Schädigungsfolgen eine niedrigere oder keine Rente zu leisten wäre.</P><P>(2) Berechtigte nach § 1 Absatz 1 Satz 1 erhalten die monatliche Rente nach § 3 Absatz 2 auf Antrag in der Höhe, die für den vor dem 1. Januar 2014 zuletzt bei ihnen festgestellten Grad der Schädigungsfolgen vorgesehen ist, wenn auf Grund von Neufestsetzungen des Grades der Schädigungsfolgen ab dem 1. Januar 2014 bis einschließlich 31. Dezember 2019 eine niedrigere oder keine Rente zu leisten war. Wurde der Antrag nach Satz 1 bis zum Ablauf des 30. Juni 2020 gestellt, besteht der Anspruch ab dem 1. Januar 2020, andernfalls ab dem Ersten des Monats, in dem der Antrag gestellt wurde.</P><P>(3) Anpassungen nach § 8 bleiben von den Absätzen 1 und 2 unberührt.</P></Content></text><fussnoten/></textdaten></norm>
<norm builddate="20240115214505" doknr="BJNR127000000BJNE000906310"><metadaten><jurabk>AntiDHG</jurabk><enbez>§ 8</enbez><titel format="XML">Anpassung</titel></metadaten><textdaten><text format="XML"><Content><P>(1) Die Hilfen nach § 3 Abs. 2 und § 4 ändern sich entsprechend dem Vomhundertsatz und jeweils zum gleichen Zeitpunkt, zu dem die Renten der gesetzlichen Rentenversicherung angepasst werden. Dabei sind die sich ergebenden Beträge bis 0,49 Euro nach unten, ab 0,50 Euro nach oben auf volle Euro zu runden. Die Änderungsbeträge werden durch das Bundesministerium für Gesundheit im Bundesanzeiger bekannt gemacht.</P><P>(2) Abweichend von Absatz 1 werden die Hilfen nach § 3 Abs. 2 und § 4 zum 1. Juli 2000 entsprechend dem Vomhundertsatz angepasst, um den sich die Renten der gesetzlichen Rentenversicherung verändern.</P></Content></text><fussnoten/></textdaten></norm>
<norm builddate="20240115214505" doknr="BJNR127000000BJNE001001116"><metadaten><jurabk>AntiDHG</jurabk><enbez>§ 9</enbez><titel format="XML">Übergang gesetzlicher Schadensersatzansprüche</titel></metadaten><textdaten><text format="XML"><Content><P>(1) § 120 des Vierzehnten Buches Sozialgesetzbuch gilt mit der Maßgabe, dass der gegen Dritte bestehende gesetzliche Schadensersatzanspruch auf das nach § 11 Abs. 1 für die Durchführung dieses Gesetzes jeweils zuständige Land übergeht.</P><P>(2) Die eingezogenen Beträge führt das Land an den Bund und die in § 10 Abs. 3 genannten Länder in dem Verhältnis ab, in dem diese sich an der Kostenlast beteiligt haben.</P></Content></text><fussnoten/></textdaten></norm>
<norm builddate="20240115214505" doknr="BJNR127000000BJNE001103116"><metadaten><jurabk>AntiDHG</jurabk><enbez>§ 10</enbez><titel format="XML">Kostenträger</titel></metadaten><textdaten><text format="XML"><Content><P>(1) Die Kosten der Einmalzahlung trägt der Bund.</P><P>(2) Die anderen durch Leistungen nach diesem Gesetz entstehenden Kosten trägt jeweils das Land, zu dessen heutigem Gebiet der Ort gehört, an dem die Anti-D-Immunprophylaxe durchgeführt wurde.</P><P>(3) Den in Absatz 2 bezeichneten Ländern werden für Leistungen nach § 3 Absatz 2 in Verbindung mit Absatz 1 sowie in Verbindung mit § 7a, §§ 4 und 13 Abs. 1 und Abs. 2 vom Bund 50 vom Hundert und von den Ländern Baden-Württemberg, Bayern, Bremen, Hamburg, Hessen, Niedersachsen, Nordrhein-Westfalen, Rheinland-Pfalz, Saarland und Schleswig-Holstein 12,4 vom Hundert der entstandenen Kosten erstattet. Das Anteilsverhältnis unter den zur Erstattung verpflichteten Ländern wird zu zwei Dritteln nach dem Verhältnis ihrer Steuereinnahmen und zu einem Drittel nach dem Verhältnis ihrer Bevölkerungszahl bestimmt.</P></Content></text><fussnoten/></textdaten></norm>
<norm builddate="20240115214505" doknr="BJNR127000000BJNE001202116"><metadaten><jurabk>AntiDHG</jurabk><enbez>§ 11</enbez><titel format="XML">Zuständigkeit, Verfahren</titel></metadaten><textdaten><text format="XML"><Content><P>(1) Die Gewährung von Leistungen nach diesem Gesetz obliegt den für die Durchführung des Vierzehnten Buches Sozialgesetzbuch zuständigen Behörden des Landes, zu dessen heutigem Gebiet der Ort gehört, an dem die Anti-D-Immunprophylaxe durchgeführt wurde. Die örtliche Zuständigkeit der Behörden bestimmt sich nach den für den Vollzug des Infektionsschutzgesetzes geltenden landesrechtlichen Regelungen.</P><P>(2) Das Erste und Zehnte Buch Sozialgesetzbuch sowie die Vorschriften des Sozialgerichtsgesetzes über das Vorverfahren sind anzuwenden. Die §§ 117, 118 und 119 Absatz 2 des Vierzehnten Buches Sozialgesetzbuch gelten entsprechend.</P></Content></text><fussnoten/></textdaten></norm>
<norm builddate="20240115214505" doknr="BJNR127000000BJNE001301116"><metadaten><jurabk>AntiDHG</jurabk><enbez>§ 12</enbez><titel format="XML">Rechtsweg</titel></metadaten><textdaten><text format="XML"><Content><P>Für öffentlich-rechtliche Streitigkeiten in Angelegenheiten dieses Gesetzes ist der Rechtsweg zu den Gerichten der Sozialgerichtsbarkeit gegeben.</P></Content></text><fussnoten/></textdaten></norm>
<norm builddate="20240115214505" doknr="BJNR127000000BJNE001402360"><metadaten><jurabk>AntiDHG</jurabk><enbez>§ 13</enbez><titel format="XML">Besitzstände</titel></metadaten><textdaten><text format="XML"><Content><P>(1) Solange die Hilfen nach § 3 Abs. 2 und § 4 nicht die Höhe der beim Inkrafttreten dieses Gesetzes nach dem Bundes-Seuchengesetz gezahlten Leistungen erreichen, wird der jeweilige Differenzbetrag als Besitzstand weiter gezahlt.</P><P>(2) Geschädigte, deren Anspruch auf Heil- und Krankenbehandlung bis zum 31. Dezember 2023 nach diesem Gesetz bestandskräftig festgestellt worden ist, erhalten ab dem 1. Januar 2024 Leistungen nach § 143 des Vierzehnten Buches Sozialgesetzbuch.</P><P>(3) Soweit Ansprüche auf Hilfen nach diesem Gesetz bestehen, ist Anlage I Kapitel X Sachgebiet D Abschnitt III Nummer 3 Buchstabe c des Einigungsvertrages nicht mehr anzuwenden. Nach dem Bundes-Seuchengesetz festgestellte Ansprüche erlöschen, soweit sie auf einem Tatbestand des § 1 dieses Gesetzes beruhen. Die bis zum Inkrafttreten dieses Gesetzes geleisteten Zahlungen nach dem Bundes-Seuchengesetz werden, soweit sie auf einem Tatbestand des § 1 beruhen, jedoch so lange weiter gewährt, bis über Ansprüche nach § 3 Abs. 2 in Verbindung mit Abs. 1 und § 4 entschieden wurde; sie sind auf Zahlungen nach § 3 Abs. 2 in Verbindung mit Abs. 1 und § 4 für denselben Zeitraum anzurechnen. Dies gilt entsprechend für bisher gewährte Heil- und Krankenbehandlung.</P></Content></text><fussnoten/></textdaten></norm>
<norm builddate="20240115214505" doknr="BJNR127000000BJNE001500310"><metadaten><jurabk>AntiDHG</jurabk><enbez>(XXXX) §§ 14 und 15</enbez><titel format="XML">(weggefallen)</titel></metadaten><textdaten><text format="XML"><Content><P>-</P></Content></text><fussnoten/></textdaten></norm>
<norm builddate="20240115214505" doknr="BJNR127000000BJNE001600310"><metadaten><jurabk>AntiDHG</jurabk><enbez>§ 16</enbez><titel format="parat">Inkrafttreten</titel></metadaten><textdaten><text format="XML"><Content><P>Dieses Gesetz tritt mit Wirkung vom 1. Januar 2000 in Kraft.</P></Content></text></textdaten></norm>
</dokumente>