<?xml version="1.0" encoding="UTF-8" ?><!DOCTYPE dokumente SYSTEM "http://www.gesetze-im-internet.de/dtd/1.01/gii-norm.dtd">
<dokumente builddate="20250305223037" doknr="BJNR246500015"><norm builddate="20250305223037" doknr="BJNR246500015"><metadaten><jurabk>SMVergV</jurabk><amtabk>SMVergV</amtabk><ausfertigung-datum manuell="ja">2015-12-18</ausfertigung-datum><fundstelle typ="amtlich"><periodikum>BGBl I</periodikum><zitstelle>2015, 2465</zitstelle></fundstelle><kurzue>Soldatenmehrarbeitsvergütungsverordnung</kurzue><langue>Verordnung über die Gewährung einer Mehrarbeitsvergütung für Soldaten</langue><standangabe checked="ja"><standtyp>Stand</standtyp><standkommentar>Zuletzt geändert durch Art. 24 G v. 22.12.2023 I Nr. 414</standkommentar></standangabe><standangabe checked="ja"><standtyp>Hinweis</standtyp><standkommentar>Änderung durch Art. 3 G v. 27.2.2025 I Nr. 72 textlich nachgewiesen, dokumentarisch noch nicht abschließend bearbeitet</standkommentar></standangabe></metadaten><textdaten><fussnoten><Content><P><BR/> <pre xml:space="preserve">(+++ Textnachweis ab: 1.1.2016 +++)<BR/><BR/></pre></P></Content></fussnoten></textdaten></norm>
<norm builddate="20250305223037" doknr="BJNR246500015BJNE000100000"><metadaten><jurabk>SMVergV</jurabk><enbez>Eingangsformel</enbez></metadaten><textdaten><text format="XML"><Content><P>Auf Grund des § 50 des Bundesbesoldungsgesetzes, der durch Artikel 2 Nummer 3 des Gesetzes vom 13. Mai 2015 (BGBl. I S. 706) eingefügt worden ist, verordnet das Bundesministerium des Innern im Einvernehmen mit dem Bundesministerium der Verteidigung und dem Bundesministerium der Finanzen:</P></Content></text></textdaten></norm>
<norm builddate="20250305223037" doknr="BJNR246500015BJNE000202130"><metadaten><jurabk>SMVergV</jurabk><enbez>§ 1</enbez><titel format="XML">Voraussetzungen des Anspruchs</titel></metadaten><textdaten><text format="XML"><Content><P>(1) Soldatinnen und Soldaten in Besoldungsgruppen der Bundesbesoldungsordnung A, für die eine regelmäßige wöchentliche Arbeitszeit gilt, kann eine Mehrarbeitsvergütung gewährt werden, soweit Mehrarbeit geleistet wird im Rahmen eines Dienstes <DL Font="normal" Type="arabic"><DT>1.</DT><DD Font="normal"><LA Size="normal">im Truppendienst,</LA></DD><DT>2.</DT><DD Font="normal"><LA Size="normal">auf Grund eines Dienstplanes oder</LA></DD><DT>3.</DT><DD Font="normal"><LA Size="normal">zur Herbeiführung eines im öffentlichen Interesse liegenden unaufschiebbaren und termingebundenen Ergebnisses.</LA></DD></DL></P><P>(2) Die Vergütung wird gewährt, wenn die Mehrarbeit <DL Font="normal" Type="arabic"><DT>1.</DT><DD Font="normal"><LA Size="normal">schriftlich angeordnet oder genehmigt wurde,</LA></DD><DT>2.</DT><DD Font="normal"><LA Size="normal">aus zwingenden dienstlichen Gründen nicht durch Dienstbefreiung innerhalb eines Jahres ausgeglichen werden kann, wobei die Frist für Soldaten in den Streitkräften auf sechs Monate verkürzt werden kann, und</LA></DD><DT>3.</DT><DD Font="normal"><LA Size="normal">die sich aus der regelmäßigen wöchentlichen Arbeitszeit ergebende Arbeitszeit um mehr als fünf Stunden im Kalendermonat (Mindeststundenzahl) übersteigt.</LA></DD></DL></P><P>(3) Soweit nur während eines Teils eines Kalendermonats Dienst geleistet wurde, gilt die Mindeststundenzahl für die anteilige Arbeitszeit. Sie verkürzt sich bei Teilzeitbeschäftigung entsprechend dem Umfang der bewilligten Teilzeitbeschäftigung.</P><P>(4) Ist keine feste tägliche Arbeitszeit bestimmt, so ist eine Überschreitung der regelmäßigen wöchentlichen Arbeitszeit in einer Kalenderwoche, die im Vormonat begonnen hat, dem laufenden Kalendermonat zuzurechnen.</P></Content></text><fussnoten/></textdaten></norm>
<norm builddate="20250305223037" doknr="BJNR246500015BJNE000300000"><metadaten><jurabk>SMVergV</jurabk><enbez>§ 2</enbez><titel format="XML">Ermittlung des Anspruchs</titel></metadaten><textdaten><text format="XML"><Content><P>(1) Als eine Stunde Mehrarbeit gilt die volle Zeitstunde. Bei einem Bruchteil von mindestens 30 Minuten wird aufgerundet, ansonsten abgerundet.</P><P>(2) Bei Dienst in Bereitschaft wird eine Stunde Mehrarbeit nur entsprechend der erfahrungsgemäß bei der betreffenden Tätigkeit durchschnittlich anfallenden Inanspruchnahme berücksichtigt; dabei ist schon die Ableistung eines Dienstes in Bereitschaft als solche angemessen anzurechnen.</P></Content></text></textdaten></norm>
<norm builddate="20250305223037" doknr="BJNR246500015BJNE000408360"><metadaten><jurabk>SMVergV</jurabk><enbez>§ 3</enbez><titel format="XML">Höhe des Anspruchs bei Vollzeitbeschäftigung</titel></metadaten><textdaten><text format="XML"><Content><P>Die Vergütung beträgt je Stunde für Vollzeitbeschäftigte <BR/><BR/><table colsep="0" frame="none" pgwide="1" rowsep="0" tocentry="%yes;"><tgroup align="left" char="" charoff="50" cols="3"><colspec colname="col1" colwidth="4*"/><colspec colname="col2" colwidth="59*"/><colspec align="right" colname="col3" colwidth="17*"/><tbody valign="top"><row><entry VJ="1" colname="col1">1.</entry><entry VJ="1" colname="col2">in den Besoldungsgruppen A 3 und A 4</entry><entry VJ="1" colname="col3">15,42 Euro,</entry></row><row><entry VJ="1" colname="col1">2.</entry><entry VJ="1" colname="col2">in den Besoldungsgruppen A 5 bis A 8</entry><entry VJ="1" colname="col3">18,22 Euro,</entry></row><row><entry VJ="1" colname="col1">3.</entry><entry VJ="1" colname="col2">in den Besoldungsgruppen A 9 bis A 12</entry><entry VJ="1" colname="col3">25,03 Euro,</entry></row><row><entry VJ="1" colname="col1">4.</entry><entry VJ="1" colname="col2">in den Besoldungsgruppen A 13 bis A 16</entry><entry VJ="1" colname="col3">34,46 Euro.</entry></row></tbody></tgroup></table></P></Content></text><fussnoten/></textdaten></norm>
<norm builddate="20250305223037" doknr="BJNR246500015BJNE000500000"><metadaten><jurabk>SMVergV</jurabk><enbez>§ 4</enbez><titel format="XML">Höhe des Anspruchs bei Teilzeitbeschäftigung</titel></metadaten><textdaten><text format="XML"><Content><P>(1) Teilzeitbeschäftigte erhalten je Stunde Mehrarbeit bis zum Erreichen der regelmäßigen Arbeitszeit von Vollzeitbeschäftigten eine Vergütung in Höhe des auf eine Stunde entfallenden Anteils der Besoldung entsprechender Vollzeitbeschäftigter.</P><P>(2) Zur Ermittlung der auf eine Stunde entfallenden anteiligen Besoldung sind die monatlichen Bezüge entsprechender Vollzeitbeschäftigter durch das <NB>4,348-Fache</NB> ihrer regelmäßigen wöchentlichen Arbeitszeit zu teilen. Bezüge, die nicht der anteiligen Kürzung nach § 6 Absatz 1 des Bundesbesoldungsgesetzes unterliegen, bleiben unberücksichtigt.</P><P>(3) Mehrarbeit, die über die regelmäßige Arbeitszeit von Vollzeitbeschäftigten hinausgeht, wird nach § 3 vergütet.</P></Content></text></textdaten></norm>
<norm builddate="20250305223037" doknr="BJNR246500015BJNE000603130"><metadaten><jurabk>SMVergV</jurabk><enbez>§ 5</enbez><titel format="XML">Ausschluss des Anspruchs</titel></metadaten><textdaten><text format="XML"><Content><P>(1) Die Vergütung wird nicht gewährt neben <DL Font="normal" Type="arabic"><DT>1.</DT><DD Font="normal"><LA Size="normal">einer Vergütung nach § 50a des Bundesbesoldungsgesetzes,</LA></DD><DT>2.</DT><DD Font="normal"><LA Size="normal">Auslandsbesoldung nach Abschnitt 5 des Bundesbesoldungsgesetzes,</LA></DD><DT>3.</DT><DD Font="normal"><LA Size="normal">einer Vergütung nach der Sanitätsdienstvergütungsverordnung.</LA></DD></DL></P><P>(2) Abweichend von Absatz 1 Nummer 2 kann eine Mehrarbeitsvergütung neben Auslandsdienstbezügen nach § 52 des Bundesbesoldungsgesetzes für soldatische Tätigkeiten in den Streitkräften gewährt werden, wenn eine Dienstbefreiung aus den folgenden Gründen nicht möglich ist: <DL Font="normal" Type="arabic"><DT>1.</DT><DD Font="normal"><LA Size="normal">Sicherstellung der militärischen Einsatzbereitschaft im Rahmen der Landes- und Bündnisverteidigung,</LA></DD><DT>2.</DT><DD Font="normal"><LA Size="normal">Teilnahme an angeordnetem Dienst außerhalb des Grundbetriebs nach § 30c Absatz 4 des Soldatengesetzes oder</LA></DD><DT>3.</DT><DD Font="normal"><LA Size="normal">dienstlich notwendige Teilnahme an militärfachlichen und laufbahnspezifischen Ausbildungen.</LA></DD></DL></P></Content></text><fussnoten/></textdaten></norm>
<norm builddate="20250305223037" doknr="BJNR246500015BJNE000700000"><metadaten><jurabk>SMVergV</jurabk><enbez>§ 6</enbez><titel format="XML">Inkrafttreten</titel></metadaten><textdaten><text format="XML"><Content><P>Diese Verordnung tritt am 1. Januar 2016 in Kraft.</P></Content></text></textdaten></norm>
</dokumente>