<?xml version="1.0" encoding="UTF-8" ?><!DOCTYPE dokumente SYSTEM "http://www.gesetze-im-internet.de/dtd/1.01/gii-norm.dtd">
<dokumente builddate="20250410222527" doknr="BJNR062310001"><norm builddate="20250410222527" doknr="BJNR062310001"><metadaten><jurabk>GvKostG</jurabk><amtabk>GvKostG</amtabk><ausfertigung-datum manuell="ja">2001-04-19</ausfertigung-datum><fundstelle typ="amtlich"><periodikum>BGBl I</periodikum><zitstelle>2001, 623</zitstelle></fundstelle><kurzue>Gerichtsvollzieherkostengesetz</kurzue><langue>Gesetz über Kosten der Gerichtsvollzieher</langue><standangabe checked="ja"><standtyp>Stand</standtyp><standkommentar>Zuletzt geändert durch Art. 20 G v. 5.10.2021 I 4607</standkommentar></standangabe><standangabe checked="ja"><standtyp>Hinweis</standtyp><standkommentar>Änderung durch Art. 8 G v. 7.4.2025 I Nr. 109 textlich nachgewiesen, dokumentarisch noch nicht abschließend bearbeitet</standkommentar></standangabe></metadaten><textdaten><fussnoten><Content><P><BR/> <pre xml:space="preserve">(+++ Textnachweis ab: 1.5.2001 +++)<BR/><BR/></pre>Das G wurde als Art. 1 des Gesetzes zur Neuordnung des Gerichtsvollzieherkostenrechts v. 19.4.2001 I 623 vom Bundestag mit Zustimmung des Bundesrates beschlossen. Es ist gem. Art. 4 Abs. 1 Satz 1 G v. 19.4.2001 I 623 (GvKostRNeuOG) mWv 1.5.2001 in Kraft getreten.</P></Content></fussnoten></textdaten></norm>
<norm builddate="20250410222527" doknr="BJNR062310001BJNE000507125"><metadaten><jurabk>GvKostG</jurabk><enbez>Inhaltsübersicht</enbez></metadaten><textdaten><text format="XML"><Content><P><table frame="none" pgwide="1" tocentry="%yes;"><tgroup align="left" char="" charoff="50" cols="3" colsep="0" rowsep="0"><colspec colname="col1" colnum="1" colwidth="5*"/><colspec colname="col2" colnum="2" colwidth="5*"/><colspec colname="col3" colnum="3" colwidth="90*"/><tbody valign="top"><row><entry VJ="1" align="center" colsep="0" nameend="col3" namest="col1" valign="top">Abschnitt 1</entry></row><row><entry VJ="1" align="center" colsep="0" nameend="col3" namest="col1" valign="top">  Allgemeine Vorschriften</entry></row><row><entry VJ="1" align="left" colsep="0" nameend="col2" namest="col1" valign="top">§ 1</entry><entry VJ="1" align="left" colsep="0" valign="top">Geltungsbereich</entry></row><row><entry VJ="1" align="left" colsep="0" nameend="col2" namest="col1" valign="top">§ 2</entry><entry VJ="1" align="left" colsep="0" valign="top">Kostenfreiheit</entry></row><row><entry VJ="1" align="left" colsep="0" nameend="col2" namest="col1" valign="top">§ 3</entry><entry VJ="1" align="left" colsep="0" valign="top">Auftrag</entry></row><row><entry VJ="1" nameend="col2" namest="col1">§ 3a</entry><entry VJ="1">Rechtsbehelfsbelehrung</entry></row><row><entry VJ="1" align="left" colsep="0" nameend="col2" namest="col1" valign="top">§ 4</entry><entry VJ="1" align="left" colsep="0" valign="top">Vorschuss</entry></row><row><entry VJ="1" align="left" colsep="0" nameend="col2" namest="col1" valign="top">§ 5</entry><entry VJ="1" align="left" colsep="0" valign="top">Kostenansatz, Erinnerung, Beschwerde, Gehörsrüge</entry></row><row><entry VJ="1" align="left" colsep="0" nameend="col2" namest="col1" valign="top">§ 6</entry><entry VJ="1" align="left" colsep="0" valign="top">Nachforderung</entry></row><row><entry VJ="1" align="left" colsep="0" nameend="col2" namest="col1" valign="top">§ 7</entry><entry VJ="1" align="left" colsep="0" valign="top">Nichterhebung von Kosten wegen unrichtiger Sachbehandlung</entry></row><row><entry VJ="1" align="left" colsep="0" nameend="col2" namest="col1" valign="top">§ 8</entry><entry VJ="1" align="left" colsep="0" valign="top">Verjährung, Verzinsung</entry></row><row><entry VJ="1" align="left" colsep="0" nameend="col2" namest="col1" valign="top">§ 9</entry><entry VJ="1" align="left" colsep="0" valign="top">Höhe der Kosten</entry></row><row><entry VJ="1" align="center" colsep="0" nameend="col3" namest="col1" valign="top">Abschnitt 2</entry></row><row><entry VJ="1" align="center" colsep="0" nameend="col3" namest="col1" valign="top">  Gebührenvorschriften</entry></row><row><entry VJ="1" align="left" colsep="0" nameend="col2" namest="col1" valign="top">§ 10</entry><entry VJ="1" align="left" colsep="0" valign="top">Abgeltungsbereich der Gebühren</entry></row><row><entry VJ="1" align="left" colsep="0" nameend="col2" namest="col1" valign="top">§ 11</entry><entry VJ="1" align="left" colsep="0" valign="top">Tätigkeit zur Nachtzeit, an Sonnabenden, Sonn- und Feiertagen</entry></row><row><entry VJ="1" align="left" colsep="0" nameend="col2" namest="col1" valign="top">§ 12</entry><entry VJ="1" align="left" colsep="0" valign="top">Siegelungen, Vermögensverzeichnisse, Proteste und ähnliche Geschäfte</entry></row><row><entry VJ="1" align="center" nameend="col3" namest="col1">Abschnitt 3</entry></row><row><entry VJ="1" align="center" nameend="col3" namest="col1">Auslagenvorschriften</entry></row><row><entry VJ="1" nameend="col2" namest="col1">§ 12a</entry><entry VJ="1">Erhöhtes Wegegeld</entry></row><row><entry VJ="1" align="center" colsep="0" nameend="col3" namest="col1" valign="top">Abschnitt 4</entry></row><row><entry VJ="1" align="center" colsep="0" nameend="col3" namest="col1" valign="top">  Kostenzahlung</entry></row><row><entry VJ="1" align="left" colsep="0" nameend="col2" namest="col1" valign="top">§ 13</entry><entry VJ="1" align="left" colsep="0" valign="top">Kostenschuldner</entry></row><row><entry VJ="1" align="left" colsep="0" nameend="col2" namest="col1" valign="top">§ 14</entry><entry VJ="1" align="left" colsep="0" valign="top">Fälligkeit</entry></row><row><entry VJ="1" align="left" colsep="0" nameend="col2" namest="col1" valign="top">§ 15</entry><entry VJ="1" align="left" colsep="0" valign="top">Entnahmerecht</entry></row><row><entry VJ="1" align="left" colsep="0" nameend="col2" namest="col1" valign="top">§ 16</entry><entry VJ="1" align="left" colsep="0" valign="top">Verteilung der Verwertungskosten</entry></row><row><entry VJ="1" align="left" colsep="0" nameend="col2" namest="col1" valign="top">§ 17</entry><entry VJ="1" align="left" colsep="0" valign="top">Verteilung der Auslagen bei der Durchführung mehrerer Aufträge</entry></row><row><entry VJ="1" align="center" colsep="0" nameend="col3" namest="col1" valign="top">Abschnitt 5</entry></row><row><entry VJ="1" align="center" colsep="0" nameend="col3" namest="col1" valign="top">  Übergangs- und Schlussvorschriften</entry></row><row><entry VJ="1" align="left" colsep="0" nameend="col2" namest="col1" valign="top">§ 18</entry><entry VJ="1" align="left" colsep="0" valign="top">Übergangsvorschrift</entry></row><row><entry VJ="1" align="left" colsep="0" nameend="col2" namest="col1" valign="top">§ 19</entry><entry VJ="1" align="left" colsep="0" valign="top">Übergangsvorschrift aus Anlass des Inkrafttretens dieses Gesetzes</entry></row></tbody></tgroup></table></P></Content></text><fussnoten/></textdaten></norm>
<norm builddate="20250410222527" doknr="BJNR062310001BJNG000100305"><metadaten><jurabk>GvKostG</jurabk><gliederungseinheit><gliederungskennzahl>010</gliederungskennzahl><gliederungsbez>Abschnitt 1</gliederungsbez><gliederungstitel>Allgemeine Vorschriften</gliederungstitel></gliederungseinheit></metadaten><textdaten><text format="XML"><Content><P/></Content></text></textdaten></norm>
<norm builddate="20250410222527" doknr="BJNR062310001BJNE000600305"><metadaten><jurabk>GvKostG</jurabk><enbez>§ 1</enbez><titel format="parat">Geltungsbereich</titel></metadaten><textdaten><text format="XML"><Content><P>(1) Für die Tätigkeit des Gerichtsvollziehers, für die er nach Bundes- oder Landesrecht sachlich zuständig ist, werden Kosten (Gebühren und Auslagen) nur nach diesem Gesetz erhoben.</P><P>(2) Landesrechtliche Vorschriften über die Kosten der Vollstreckung im Verwaltungszwangsverfahren bleiben unberührt.</P></Content> </text></textdaten></norm>
<norm builddate="20250410222527" doknr="BJNR062310001BJNE000806125"><metadaten><jurabk>GvKostG</jurabk><enbez>§ 2</enbez><titel format="XML">Kostenfreiheit</titel></metadaten><textdaten><text format="XML"><Content><P>(1) Von der Zahlung der Kosten sind befreit der Bund, die Länder und die nach dem Haushaltsplan des Bundes oder eines Landes für Rechnung des Bundes oder eines Landes verwalteten öffentlichen Körperschaften oder Anstalten, bei einer Zwangsvollstreckung nach § 885 der Zivilprozessordnung wegen der Auslagen jedoch nur, soweit diese einen Betrag von 5 000 Euro nicht übersteigen. Bei der Vollstreckung wegen öffentlich-rechtlicher Geldforderungen ist maßgebend, wer ohne Berücksichtigung des § 252 der Abgabenordnung oder entsprechender Vorschriften Gläubiger der Forderung ist.</P><P>(2) Bei der Durchführung des Zwölften Buches Sozialgesetzbuch sind die Träger der Sozialhilfe, bei der Durchführung des Zweiten Buches Sozialgesetzbuch die nach diesem Buch zuständigen Träger der Leistungen, bei der Durchführung des Achten Buches Sozialgesetzbuch die Träger der öffentlichen Jugendhilfe, bei der Durchführung der Besonderen Leistungen im Einzelfall nach dem Vierzehnten Buch Sozialgesetzbuch die Träger der Sozialen Entschädigung und bei der Durchführung der Leistungen nach Kapitel 5 des Soldatenentschädigungsgesetzes der Träger der Soldatenentschädigung von den Gebühren befreit. Sonstige Vorschriften, die eine sachliche oder persönliche Befreiung von Kosten gewähren, gelten für Gerichtsvollzieherkosten nur insoweit, als sie ausdrücklich auch diese Kosten umfassen.</P><P>(3) Landesrechtliche Vorschriften, die in weiteren Fällen eine sachliche oder persönliche Befreiung von Gerichtsvollzieherkosten gewähren, bleiben unberührt.</P><P>(4) Die Befreiung von der Zahlung der Kosten oder der Gebühren steht der Entnahme der Kosten aus dem Erlös (§ 15) nicht entgegen.</P></Content></text><fussnoten/></textdaten></norm>
<norm builddate="20250410222527" doknr="BJNR062310001BJNE000906125"><metadaten><jurabk>GvKostG</jurabk><enbez>§ 3</enbez><titel format="XML">Auftrag</titel></metadaten><textdaten><text format="XML"><Content><P>(1) Ein Auftrag umfasst alle Amtshandlungen, die zu seiner Durchführung erforderlich sind; einem Vollstreckungsauftrag können mehrere Vollstreckungstitel zugrunde liegen. Werden bei der Durchführung eines Auftrags mehrere Amtshandlungen durch verschiedene Gerichtsvollzieher erledigt, die ihren Amtssitz in verschiedenen Amtsgerichtsbezirken haben, gilt die Tätigkeit jedes Gerichtsvollziehers als Durchführung eines besonderen Auftrags. Jeweils verschiedene Aufträge sind die Zustellung auf Betreiben der Parteien, die Vollstreckung einschließlich der Verwertung und besondere Geschäfte nach Abschnitt 4 des Kostenverzeichnisses, soweit sie nicht Nebengeschäft sind. Die Vollziehung eines Haftbefehls ist ein besonderer Auftrag.</P><P>(2) Es handelt sich jedoch um denselben Auftrag, wenn der Gerichtsvollzieher gleichzeitig beauftragt wird, <DL Font="normal" Type="arabic"><DT>1.</DT><DD Font="normal"><LA Size="normal">einen oder mehrere Vollstreckungstitel zuzustellen und hieraus gegen den Zustellungsempfänger zu vollstrecken,</LA></DD><DT>2.</DT><DD Font="normal"><LA Size="normal">mehrere Zustellungen an denselben Zustellungsempfänger oder an Gesamtschuldner zu bewirken oder</LA></DD><DT>3.</DT><DD Font="normal"><LA Size="normal">mehrere Vollstreckungshandlungen gegen denselben Vollstreckungsschuldner oder Verpflichteten (Schuldner) oder Vollstreckungshandlungen gegen Gesamtschuldner auszuführen.</LA></DD></DL>Der Gerichtsvollzieher gilt auch dann als gleichzeitig beauftragt, wenn<DL Font="normal" Type="arabic"><DT>1.</DT><DD Font="normal"><LA Size="normal">der Auftrag zur Abnahme der Vermögensauskunft mit einem Vollstreckungsauftrag verbunden ist (§ 807 Absatz 1 der Zivilprozessordnung), es sei denn, der Gerichtsvollzieher nimmt die Vermögensauskunft nur deshalb nicht ab, weil der Schuldner nicht anwesend ist, oder</LA></DD><DT>2.</DT><DD Font="normal"><LA Size="normal">der Auftrag, eine gütliche Erledigung der Sache zu versuchen, in der Weise mit einem Auftrag auf Vornahme einer Amtshandlung nach § 802a Absatz 2 Satz 1 Nummer 2 oder Nummer 4 der Zivilprozessordnung verbunden ist, dass diese Amtshandlung nur im Fall des Scheiterns des Versuchs der gütlichen Erledigung vorgenommen werden soll.</LA></DD></DL>Bei allen Amtshandlungen nach § 845 Abs. 1 der Zivilprozessordnung handelt es sich um denselben Auftrag. Absatz 1 Satz 2 bleibt unberührt.</P><P>(3) Ein Auftrag ist erteilt, wenn er dem Gerichtsvollzieher oder der Geschäftsstelle des Gerichts, deren Vermittlung oder Mitwirkung in Anspruch genommen wird, zugegangen ist. Wird der Auftrag zur Abnahme der Vermögensauskunft mit einem Vollstreckungsauftrag verbunden (§ 807 Abs. 1 der Zivilprozessordnung), gilt der Auftrag zur Abnahme der Vermögensauskunft als erteilt, sobald die Voraussetzungen nach § 807 Abs. 1 der Zivilprozessordnung vorliegen.</P><P>(4) Ein Auftrag gilt als durchgeführt, wenn er zurückgenommen worden ist oder seiner Durchführung oder weiteren Durchführung Hinderungsgründe entgegenstehen. Dies gilt nicht, wenn der Auftraggeber zur Fortführung des Auftrags eine richterliche Anordnung nach § 758a der Zivilprozessordnung beibringen muss und diese Anordnung dem Gerichtsvollzieher innerhalb eines Zeitraumes von drei Monaten zugeht, der mit dem ersten Tag des auf die Absendung einer entsprechenden Anforderung an den Auftraggeber folgenden Kalendermonats beginnt. Satz 2 ist entsprechend anzuwenden, wenn der Schuldner zu dem Termin zur Abnahme der Vermögensauskunft nicht erscheint oder die Abgabe der Vermögensauskunft ohne Grund verweigert und der Gläubiger innerhalb des in Satz 2 genannten Zeitraums einen Auftrag zur Vollziehung eines Haftbefehls erteilt. Der Zurücknahme steht es gleich, wenn der Gerichtsvollzieher dem Auftraggeber mitteilt, dass er den Auftrag als zurückgenommen betrachtet, weil damit zu rechnen ist, die Zwangsvollstreckung werde fruchtlos verlaufen, und wenn der Auftraggeber nicht bis zum Ablauf des auf die Absendung der Mitteilung folgenden Kalendermonats widerspricht. Der Zurücknahme steht es auch gleich, wenn im Falle des § 4 Abs. 1 Satz 1 und 2 der geforderte Vorschuss nicht bis zum Ablauf des auf die Absendung der Vorschussanforderung folgenden Kalendermonats beim Gerichtsvollzieher eingegangen ist.</P></Content></text><fussnoten/></textdaten></norm>
<norm builddate="20250410222527" doknr="BJNR062310001BJNE003100308"><metadaten><jurabk>GvKostG</jurabk><enbez>§ 3a</enbez><titel format="XML">Rechtsbehelfsbelehrung</titel></metadaten><textdaten><text format="XML"><Content><P>Jede Kostenrechnung und jede anfechtbare Entscheidung hat eine Belehrung über den statthaften Rechtsbehelf sowie über die Stelle, bei der dieser Rechtsbehelf einzulegen ist, über deren Sitz und über die einzuhaltende Form zu enthalten.</P></Content></text><fussnoten/></textdaten></norm>
<norm builddate="20250410222527" doknr="BJNR062310001BJNE001002160"><metadaten><jurabk>GvKostG</jurabk><enbez>§ 4</enbez><titel format="XML">Vorschuss</titel></metadaten><textdaten><text format="XML"><Content><P>(1) Der Auftraggeber ist zur Zahlung eines Vorschusses verpflichtet, der die voraussichtlich entstehenden Kosten deckt. Die Durchführung des Auftrags kann von der Zahlung des Vorschusses abhängig gemacht werden. Die Sätze 1 und 2 gelten nicht, wenn der Auftrag vom Gericht erteilt wird oder dem Auftraggeber Prozess- oder Verfahrenskostenhilfe bewilligt ist. Sie gelten ferner nicht für die Erhebung von Gebührenvorschüssen, wenn aus einer Entscheidung eines Gerichts für Arbeitssachen oder aus einem vor diesem Gericht abgeschlossenen Vergleich zu vollstrecken ist.</P><P>(2) Reicht ein Vorschuss nicht aus, um die zur Aufrechterhaltung einer Vollstreckungsmaßnahme voraussichtlich erforderlichen Auslagen zu decken, gilt Absatz 1 entsprechend. In diesem Fall ist der Auftraggeber zur Leistung eines weiteren Vorschusses innerhalb einer Frist von mindestens zwei Wochen aufzufordern. Nach Ablauf der Frist kann der Gerichtsvollzieher die Vollstreckungsmaßnahme aufheben, wenn die Aufforderung verbunden mit einem Hinweis auf die Folgen der Nichtzahlung nach den Vorschriften der Zivilprozessordnung zugestellt worden ist und die geforderte Zahlung nicht bei dem Gerichtsvollzieher eingegangen ist.</P><P>(3) In den Fällen des § 3 Abs. 4 Satz 2 bis 5 bleibt die Verpflichtung zur Zahlung der vorzuschießenden Beträge bestehen.</P></Content></text><fussnoten/></textdaten></norm>
<norm builddate="20250410222527" doknr="BJNR062310001BJNE001104311"><metadaten><jurabk>GvKostG</jurabk><enbez>§ 5</enbez><titel format="XML">Kostenansatz, Erinnerung, Beschwerde, Gehörsrüge</titel></metadaten><textdaten><text format="XML"><Content><P>(1) Die Kosten werden von dem Gerichtsvollzieher angesetzt, der den Auftrag durchgeführt hat. Der Kostenansatz kann im Verwaltungswege berichtigt werden, solange nicht eine gerichtliche Entscheidung getroffen ist.</P><P>(2) Über die Erinnerung des Kostenschuldners und der Staatskasse gegen den Kostenansatz entscheidet, soweit nicht nach § 766 Abs. 2 der Zivilprozessordnung das Vollstreckungsgericht zuständig ist, das Amtsgericht, in dessen Bezirk der Gerichtsvollzieher seinen Amtssitz hat. Auf die Erinnerung und die Beschwerde ist § 66 Absatz 2 bis 8 des Gerichtskostengesetzes, auf die Rüge wegen Verletzung des Anspruchs auf rechtliches Gehör ist § 69a des Gerichtskostengesetzes entsprechend anzuwenden.</P><P>(3) Auf die Erinnerung des Kostenschuldners gegen die Anordnung des Gerichtsvollziehers, die Durchführung des Auftrags oder die Aufrechterhaltung einer Vollstreckungsmaßnahme von der Zahlung eines Vorschusses abhängig zu machen, und auf die Beschwerde ist Absatz 2 entsprechend anzuwenden.</P><P>(4) Für Verfahren nach den Absätzen 1 bis 3 sind die Vorschriften der Zivilprozessordnung über die elektronische Akte und über das elektronische Dokument anzuwenden.</P></Content></text><fussnoten/></textdaten></norm>
<norm builddate="20250410222527" doknr="BJNR062310001BJNE001200305"><metadaten><jurabk>GvKostG</jurabk><enbez>§ 6</enbez><titel format="parat">Nachforderung</titel></metadaten><textdaten><text format="XML"><Content><P>Wegen unrichtigen Ansatzes dürfen Kosten nur nachgefordert werden, wenn der berichtigte Ansatz vor Ablauf des nächsten Kalenderjahres nach Durchführung des Auftrags dem Zahlungspflichtigen mitgeteilt worden ist.</P></Content></text></textdaten></norm>
<norm builddate="20250410222527" doknr="BJNR062310001BJNE001301125"><metadaten><jurabk>GvKostG</jurabk><enbez>§ 7</enbez><titel format="XML">Nichterhebung von Kosten wegen unrichtiger Sachbehandlung</titel></metadaten><textdaten><text format="XML"><Content><P>(1) Kosten, die bei richtiger Behandlung der Sache nicht entstanden wären, werden nicht erhoben. Das Gleiche gilt für Auslagen, die durch eine von Amts wegen veranlasste Verlegung eines Termins oder einer Maßnahme entstanden sind.</P><P>(2) Die Entscheidung trifft der Gerichtsvollzieher. § 5 Abs. 2 ist entsprechend anzuwenden. Solange nicht das Gericht entschieden hat, kann eine Anordnung nach Absatz 1 im Verwaltungsweg erlassen werden. Eine im Verwaltungsweg getroffene Anordnung kann nur im Verwaltungsweg geändert werden.</P></Content></text><fussnoten/></textdaten></norm>
<norm builddate="20250410222527" doknr="BJNR062310001BJNE001504301"><metadaten><jurabk>GvKostG</jurabk><enbez>§ 8</enbez><titel format="parat">Verjährung, Verzinsung</titel></metadaten><textdaten><text format="XML"><Content><P>(1) Ansprüche auf Zahlung von Kosten verjähren in vier Jahren nach Ablauf des Kalenderjahres, in dem die Kosten fällig geworden sind.</P><P>(2) Ansprüche auf Rückerstattung von Kosten verjähren in vier Jahren nach Ablauf des Kalenderjahres, in dem die Zahlung erfolgt ist. Die Verjährung beginnt jedoch nicht vor dem in Absatz 1 bezeichneten Zeitpunkt. Durch die Einlegung eines Rechtsbehelfs mit dem Ziel der Rückerstattung wird die Verjährung wie durch Klageerhebung gehemmt.</P><P>(3) Auf die Verjährung sind die Vorschriften des Bürgerlichen Gesetzbuchs anzuwenden; die Verjährung wird nicht von Amts wegen berücksichtigt. Die Verjährung der Ansprüche auf Zahlung von Kosten beginnt auch durch die Aufforderung zur Zahlung oder durch eine dem Kostenschuldner mitgeteilte Stundung erneut. Ist der Aufenthalt des Kostenschuldners unbekannt, so genügt die Zustellung durch Aufgabe zur Post unter seiner letzten bekannten Anschrift. Bei Kostenbeträgen unter 25 Euro beginnt die Verjährung weder erneut noch wird sie oder ihr Ablauf gehemmt.</P><P>(4) Ansprüche auf Zahlung und Rückerstattung von Kosten werden nicht verzinst.</P></Content>   </text><fussnoten/></textdaten></norm>
<norm builddate="20250410222527" doknr="BJNR062310001BJNE001600305"><metadaten><jurabk>GvKostG</jurabk><enbez>§ 9</enbez><titel format="parat">Höhe der Kosten</titel></metadaten><textdaten><text format="XML"><Content><P>Kosten werden nach dem Kostenverzeichnis der Anlage zu diesem Gesetz erhoben, soweit nichts anderes bestimmt ist.</P></Content></text></textdaten></norm>
<norm builddate="20250410222527" doknr="BJNR062310001BJNG000200305"><metadaten><jurabk>GvKostG</jurabk><gliederungseinheit><gliederungskennzahl>020</gliederungskennzahl><gliederungsbez>Abschnitt 2</gliederungsbez><gliederungstitel>Gebührenvorschriften</gliederungstitel></gliederungseinheit></metadaten><textdaten><text format="XML"><Content><P/></Content></text></textdaten></norm>
<norm builddate="20250410222527" doknr="BJNR062310001BJNE001704311"><metadaten><jurabk>GvKostG</jurabk><enbez>§ 10</enbez><titel format="XML">Abgeltungsbereich der Gebühren</titel></metadaten><textdaten><text format="XML"><Content><P>(1) Bei Durchführung desselben Auftrags wird eine Gebühr nach derselben Nummer des Kostenverzeichnisses nur einmal erhoben. Dies gilt nicht für die nach Abschnitt 6 des Kostenverzeichnisses zu erhebenden Gebühren, wenn für die Erledigung mehrerer Amtshandlungen Gebühren nach verschiedenen Nummern des Kostenverzeichnisses zu erheben wären. Eine Gebühr nach dem genannten Abschnitt wird nicht neben der entsprechenden Gebühr für die Erledigung der Amtshandlung erhoben.</P><P>(2) Ist der Gerichtsvollzieher beauftragt, die gleiche Vollstreckungshandlung wiederholt vorzunehmen, sind die Gebühren für jede Vollstreckungshandlung gesondert zu erheben. Dasselbe gilt, wenn der Gerichtsvollzieher auch ohne ausdrückliche Weisung des Auftraggebers die weitere Vollstreckung betreibt, weil nach dem Ergebnis der Verwertung der Pfandstücke die Vollstreckung nicht zur vollen Befriedigung des Auftraggebers führt oder Pfandstücke bei dem Schuldner abhanden gekommen oder beschädigt worden sind. Gesondert zu erheben sind <DL Font="normal" Type="arabic"><DT>1.</DT><DD Font="normal"><LA Size="normal">eine Gebühr nach Abschnitt 1 des Kostenverzeichnisses für jede Zustellung,</LA></DD><DT>2.</DT><DD Font="normal"><LA Size="normal">eine Gebühr nach Nummer 430 des Kostenverzeichnisses für jede Zahlung,</LA></DD><DT>3.</DT><DD Font="normal"><LA Size="normal">eine Gebühr nach Nummer 440 oder Nummer 441 des Kostenverzeichnisses für die Erhebung von Daten bei jeder der in den §§ 755 und 802l der Zivilprozessordnung genannten Stellen und</LA></DD><DT>4.</DT><DD Font="normal"><LA Size="normal">eine Gebühr nach Nummer 600 des Kostenverzeichnisses für jede nicht erledigte Zustellung.</LA></DD></DL></P><P>(3) Ist der Gerichtsvollzieher gleichzeitig beauftragt, Vollstreckungshandlungen gegen Gesamtschuldner auszuführen, sind die Gebühren nach den Nummern 200, 205, 260, 261, 262 und 270 des Kostenverzeichnisses für jeden Gesamtschuldner gesondert zu erheben. Das Gleiche gilt für die in Abschnitt 6 des Kostenverzeichnisses bestimmten Gebühren, wenn Amtshandlungen der in den Nummern 205, 260, 261, 262 und 270 des Kostenverzeichnisses genannten Art nicht erledigt worden sind.</P></Content></text><fussnoten/></textdaten></norm>
<norm builddate="20250410222527" doknr="BJNR062310001BJNE001801301"><metadaten><jurabk>GvKostG</jurabk><enbez>§ 11</enbez><titel format="parat">Tätigkeit zur Nachtzeit, an Sonnabenden, Sonn- und Feiertagen</titel></metadaten><textdaten><text format="XML"><Content><P>Wird der Gerichtsvollzieher auf Verlangen zur Nachtzeit (§ 758a Abs. 4 Satz 2 der Zivilprozessordnung) oder an einem Sonnabend, Sonntag oder Feiertag tätig, so werden die doppelten Gebühren erhoben.</P></Content></text><fussnoten/></textdaten></norm>
<norm builddate="20250410222527" doknr="BJNR062310001BJNE001901311"><metadaten><jurabk>GvKostG</jurabk><enbez>§ 12</enbez><titel format="XML">Siegelungen, Vermögensverzeichnisse, Proteste und ähnliche Geschäfte</titel></metadaten><textdaten><text format="XML"><Content><P>Die Gebühren für Wechsel- und Scheckproteste, für Siegelungen und Entsiegelungen, für die Aufnahme von Vermögensverzeichnissen sowie für die Mitwirkung als Urkundsperson bei der Aufnahme von Vermögensverzeichnissen bestimmen sich nach den für Notare geltenden Regelungen des Gerichts- und Notarkostengesetzes.</P></Content></text><fussnoten/></textdaten></norm>
<norm builddate="20250410222527" doknr="BJNR062310001BJNG000500311"><metadaten><jurabk>GvKostG</jurabk><gliederungseinheit><gliederungskennzahl>030</gliederungskennzahl><gliederungsbez>Abschnitt 3</gliederungsbez><gliederungstitel>Auslagenvorschriften</gliederungstitel></gliederungseinheit></metadaten><textdaten><text format="XML"><Content><P/></Content></text><fussnoten/></textdaten></norm>
<norm builddate="20250410222527" doknr="BJNR062310001BJNE003200311"><metadaten><jurabk>GvKostG</jurabk><enbez>§ 12a</enbez><titel format="XML">Erhöhtes Wegegeld</titel></metadaten><textdaten><text format="XML"><Content><P>(1) Die Landesregierungen werden ermächtigt, durch Rechtsverordnung eine höhere Stufe nach Nummer 711 des Kostenverzeichnisses für Wege festzusetzen, die von bestimmten Gerichtsvollziehern in bestimmte Regionen des Bezirks eines Amtsgerichts zurückzulegen sind, wenn die kürzeste öffentlich nutzbare Wegstrecke erheblich von der nach der Luftlinie bemessenen Entfernung abweicht, weil ein nicht nur vorübergehendes Hindernis besteht.</P><P>(2) Eine erhebliche Abweichung nach Absatz 1 liegt vor, wenn die kürzeste öffentlich nutzbare Wegstrecke sowohl vom Amtsgericht als auch vom Geschäftszimmer des Gerichtsvollziehers mindestens doppelt so weit ist wie die nach der Luftlinie bemessene Entfernung.</P><P>(3) In der Rechtsverordnung ist die niedrigste Stufe festzusetzen, bei der eine erhebliche Abweichung nach Absatz 2 nicht mehr vorliegt.</P><P>(4) Die Landesregierungen können die Ermächtigung durch Rechtsverordnung auf die Landesjustizverwaltung übertragen.</P></Content></text><fussnoten/></textdaten></norm>
<norm builddate="20250410222527" doknr="BJNR062310001BJNG000301311"><metadaten><jurabk>GvKostG</jurabk><gliederungseinheit><gliederungskennzahl>040</gliederungskennzahl><gliederungsbez>Abschnitt 4</gliederungsbez><gliederungstitel>Kostenzahlung</gliederungstitel></gliederungseinheit></metadaten><textdaten><text format="XML"><Content><P/></Content></text><fussnoten/></textdaten></norm>
<norm builddate="20250410222527" doknr="BJNR062310001BJNE002002311"><metadaten><jurabk>GvKostG</jurabk><enbez>§ 13</enbez><titel format="XML">Kostenschuldner</titel></metadaten><textdaten><text format="XML"><Content><P>(1) Kostenschuldner sind <DL Font="normal" Type="arabic"><DT>1.</DT><DD Font="normal"><LA Size="normal">der Auftraggeber,</LA></DD><DT>2.</DT><DD Font="normal"><LA Size="normal">der Vollstreckungsschuldner für die notwendigen Kosten der Zwangsvollstreckung und</LA></DD><DT>3.</DT><DD Font="normal"><LA Size="normal">der Verpflichtete für die notwendigen Kosten der Vollstreckung.</LA></DD></DL>Schuldner der Auslagen nach den Nummern 714 und 715 des Kostenverzeichnisses ist nur der Ersteher.</P><P>(2) Mehrere Kostenschuldner haften als Gesamtschuldner.</P><P>(3) Wird der Auftrag vom Gericht erteilt, so gelten die Kosten als Auslagen des gerichtlichen Verfahrens.</P></Content></text><fussnoten/></textdaten></norm>
<norm builddate="20250410222527" doknr="BJNR062310001BJNE002100305"><metadaten><jurabk>GvKostG</jurabk><enbez>§ 14</enbez><titel format="parat">Fälligkeit</titel></metadaten><textdaten><text format="XML"><Content><P>Gebühren werden fällig, wenn der Auftrag durchgeführt ist oder länger als zwölf Kalendermonate ruht. Auslagen werden sofort nach ihrer Entstehung fällig.</P></Content></text></textdaten></norm>
<norm builddate="20250410222527" doknr="BJNR062310001BJNE002202311"><metadaten><jurabk>GvKostG</jurabk><enbez>§ 15</enbez><titel format="XML">Entnahmerecht</titel></metadaten><textdaten><text format="XML"><Content><P>(1) Kosten, die im Zusammenhang mit der Versteigerung oder dem Verkauf von beweglichen Sachen, von Früchten, die vom Boden noch nicht getrennt sind, sowie von Forderungen oder anderen Vermögensrechten, ferner bei der öffentlichen Verpachtung an den Meistbietenden und bei der Mitwirkung bei einer Versteigerung durch einen Dritten (§ 825 Abs. 2 der Zivilprozessordnung) entstehen, können dem Erlös vorweg entnommen werden. Dies gilt auch für die Kosten der Entfernung von Pfandstücken aus dem Gewahrsam des Schuldners, des Gläubigers oder eines Dritten, ferner für die Kosten des Transports und der Lagerung.</P><P>(2) Andere als die in Absatz 1 genannten Kosten oder ein hierauf zu zahlender Vorschuss können bei der Ablieferung von Geld an den Auftraggeber oder bei der Hinterlegung von Geld für den Auftraggeber entnommen werden.</P><P>(3) Die Absätze 1 und 2 gelten nicht, soweit § 459b der Strafprozessordnung oder § 94 des Gesetzes über Ordnungswidrigkeiten entgegensteht. Sie gelten ferner nicht, wenn dem Auftraggeber Prozess- oder Verfahrenskostenhilfe bewilligt ist. Bei mehreren Auftraggebern stehen die Sätze 1 und 2 einer Vorwegentnahme aus dem Erlös (Absatz 1) nicht entgegen, wenn deren Voraussetzungen nicht für alle Auftraggeber vorliegen. Die Sätze 1 und 2 stehen einer Entnahme aus dem Erlös auch nicht entgegen, wenn der Erlös höher ist als die Summe der Forderungen aller Auftraggeber.</P></Content></text><fussnoten/></textdaten></norm>
<norm builddate="20250410222527" doknr="BJNR062310001BJNE002300305"><metadaten><jurabk>GvKostG</jurabk><enbez>§ 16</enbez><titel format="parat">Verteilung der Verwertungskosten</titel></metadaten><textdaten><text format="XML"><Content><P>Reicht der Erlös einer Verwertung nicht aus, um die in § 15 Abs. 1 bezeichneten Kosten zu decken, oder wird ein Erlös nicht erzielt, sind diese Kosten im Verhältnis der Forderungen zu verteilen.</P></Content></text></textdaten></norm>
<norm builddate="20250410222527" doknr="BJNR062310001BJNE002402311"><metadaten><jurabk>GvKostG</jurabk><enbez>§ 17</enbez><titel format="XML">Verteilung der Auslagen bei der Durchführung mehrerer Aufträge</titel></metadaten><textdaten><text format="XML"><Content><P>Auslagen, die in anderen als den in § 15 Abs. 1 genannten Fällen bei der gleichzeitigen Durchführung mehrerer Aufträge entstehen, sind nach der Zahl der Aufträge zu verteilen, soweit die Auslagen nicht ausschließlich bei der Durchführung eines Auftrags entstanden sind. Das Wegegeld (Nummer 711 des Kostenverzeichnisses) und die Auslagenpauschale (Nummer 716 des Kostenverzeichnisses) sind für jeden Auftrag gesondert zu erheben.</P></Content></text><fussnoten/></textdaten></norm>
<norm builddate="20250410222527" doknr="BJNR062310001BJNG000401311"><metadaten><jurabk>GvKostG</jurabk><gliederungseinheit><gliederungskennzahl>050</gliederungskennzahl><gliederungsbez>Abschnitt 5</gliederungsbez><gliederungstitel>Übergangs- und Schlussvorschriften</gliederungstitel></gliederungseinheit></metadaten><textdaten><text format="XML"><Content><P/></Content></text><fussnoten/></textdaten></norm>
<norm builddate="20250410222527" doknr="BJNR062310001BJNE002501160"><metadaten><jurabk>GvKostG</jurabk><enbez>§ 18</enbez><titel format="XML">Übergangsvorschrift</titel></metadaten><textdaten><text format="XML"><Content><P>(1) Die Kosten sind nach bisherigem Recht zu erheben, wenn der Auftrag vor dem Inkrafttreten einer Gesetzesänderung erteilt worden ist, Kosten der in § 15 Abs. 1 genannten Art jedoch nur, wenn sie vor dem Inkrafttreten einer Gesetzesänderung entstanden sind. Wenn der Auftrag zur Abnahme der Vermögensauskunft mit einem Vollstreckungsauftrag verbunden ist, ist der Zeitpunkt maßgebend, zu dem der Vollstreckungsauftrag erteilt ist.</P><P>(2) Absatz 1 gilt auch, wenn Vorschriften geändert werden, auf die dieses Gesetz verweist.</P></Content></text><fussnoten/></textdaten></norm>
<norm builddate="20250410222527" doknr="BJNR062310001BJNE002600305"><metadaten><jurabk>GvKostG</jurabk><enbez>§ 19</enbez><titel format="parat">Übergangsvorschrift aus Anlass des Inkrafttretens dieses Gesetzes</titel></metadaten><textdaten><text format="XML"><Content><P>(1) Die Kosten sind vorbehaltlich des Absatzes 2 nach dem Gesetz über Kosten der Gerichtsvollzieher in der im Bundesgesetzblatt Teil III, Gliederungsnummer 362-1, veröffentlichten bereinigten Fassung, zuletzt geändert durch Artikel 2 Abs. 5 des Gesetzes vom 17. Dezember 1997 (BGBl. I S. 3039), zu erheben, wenn der Auftrag vor dem Inkrafttreten dieses Gesetzes erteilt worden ist; § 3 Abs. 3 Satz 1 und § 18 Abs. 1 Satz 2 sind anzuwenden. Werden solche Aufträge und Aufträge, die nach dem Inkrafttreten dieses Gesetzes erteilt worden sind, durch dieselbe Amtshandlung erledigt, sind die Gebühren insoweit gesondert zu erheben.</P><P>(2) Kosten der in § 15 Abs. 1 genannten Art sind nach neuem Recht zu erheben, soweit sie nach dem Inkrafttreten dieses Gesetzes entstanden sind.</P></Content> </text></textdaten></norm>
<norm builddate="20250410222527" doknr="BJNR062310001BJNE002926125"><metadaten><jurabk>GvKostG</jurabk><enbez>Anlage</enbez><titel format="XML">(zu § 9)<BR/>Kostenverzeichnis</titel></metadaten><textdaten><text format="XML"><Content><P><noindex><kommentar typ="Fundstelle">(Fundstelle: BGBl. I 2001, 634 - 637;<BR/>bzgl. der einzelnen Änderungen vgl. Fußnote)</kommentar></noindex><BR/><BR/><table frame="none" tocentry="%yes;"><tgroup align="left" char="" charoff="50" cols="2"><colspec colname="col1" colwidth="0.54*"/><colspec colname="col2" colwidth="1.46*"/><tbody valign="top"><row><entry VJ="1" align="center" colsep="0" nameend="col2" namest="col1" rowsep="0">Gliederung</entry></row><row><entry VJ="1" colsep="0" rowsep="0">Abschnitt 1</entry><entry VJ="1" rowsep="0">Zustellung auf Betreiben der Parteien (§ 191 ZPO)</entry></row><row><entry VJ="1" colsep="0" rowsep="0">Abschnitt 2</entry><entry VJ="1" rowsep="0">Vollstreckung</entry></row><row><entry VJ="1" colsep="0" rowsep="0">Abschnitt 3</entry><entry VJ="1" rowsep="0">Verwertung</entry></row><row><entry VJ="1" colsep="0" rowsep="0">Abschnitt 4</entry><entry VJ="1" rowsep="0">Besondere Geschäfte</entry></row><row><entry VJ="1" colsep="0" rowsep="0">Abschnitt 5</entry><entry VJ="1" rowsep="0">Zeitzuschlag</entry></row><row><entry VJ="1" colsep="0" rowsep="0">Abschnitt 6</entry><entry VJ="1" rowsep="0">Nicht erledigte Amtshandlung</entry></row><row><entry VJ="1" colsep="0">Abschnitt 7</entry><entry VJ="1">Auslagen</entry></row></tbody></tgroup></table><BR/><BR/><table frame="all" pgwide="1" tocentry="%yes;"><tgroup align="left" char="" charoff="50" cols="6" colsep="1" rowsep="0"><colspec colname="col1" colnum="1" colwidth="4.87*"/><colspec colname="col2" colnum="2" colwidth="1.10*"/><colspec colname="col3" colnum="3" colwidth="5.19*"/><colspec colname="col4" colnum="4" colwidth="5.09*"/><colspec colname="col5" colnum="5" colwidth="62.95*"/><colspec colname="col6" colnum="6" colwidth="20.87*"/><thead valign="bottom"><row rowsep="1"><entry VJ="1" align="center" colsep="1" nameend="col2" namest="col1" valign="top">Nr.</entry><entry VJ="1" align="center" colsep="1" nameend="col5" namest="col3">Gebührentatbestand</entry><entry VJ="1" align="center" colsep="0" valign="top">Gebühr</entry></row></thead><tbody valign="top"><row><entry VJ="1" align="center" colsep="0" nameend="col6" namest="col1">Abschnitt 1</entry></row><row><entry VJ="1" align="center" colsep="0" nameend="col6" namest="col1" valign="middle">Zustellung auf Betreiben der Parteien (§ 191 ZPO)</entry></row><row><entry VJ="1" colsep="0" nameend="col6" namest="col1">Vorbemerkung 1:</entry></row><row><entry VJ="1" align="left" colsep="0" nameend="col6" namest="col1" valign="top"> (1) Die Zustellung an den Zustellungsbevollmächtigten mehrerer Beteiligter gilt als eine Zustellung.</entry></row><row><entry VJ="1" colsep="0" nameend="col6" namest="col1">(2) Die Gebühr nach Nummer 100 oder 101 wird auch erhoben, wenn der Gerichtsvollzieher die Ladung zum Termin zur Abnahme der Vermögensauskunft (§ 802f ZPO) oder den Pfändungs- und Überweisungsbeschluss an den Schuldner (§ 829 Abs. 2 Satz 2, auch i.V.m. § 835 Abs. 3 Satz 1 ZPO) zustellt.</entry></row><row><entry VJ="1" align="center" colsep="1" nameend="col2" namest="col1" valign="top">100</entry><entry VJ="1" align="left" colsep="1" nameend="col5" namest="col3" valign="top">Persönliche Zustellung durch den Gerichtsvollzieher ..........</entry><entry VJ="1" align="center" colsep="0" valign="bottom">11,00 €</entry></row><row><entry VJ="1" align="center" colsep="1" nameend="col2" namest="col1" valign="top">101</entry><entry VJ="1" align="left" colsep="1" nameend="col5" namest="col3" valign="top">Sonstige Zustellung ..........</entry><entry VJ="1" align="center" colsep="0" valign="bottom">3,30 €</entry></row><row><entry VJ="1" align="center" colsep="1" nameend="col2" namest="col1" valign="top">102</entry><entry VJ="1" align="left" colsep="1" nameend="col5" namest="col3" valign="top">Beglaubigung eines Schriftstückes, das dem Gerichtsvollzieher zum Zwecke der Zustellung übermittelt wurde (§ 193 Abs. 1 ZPO)</entry><entry VJ="1" align="left" colsep="0" valign="top"> </entry></row><row><entry VJ="1" align="center" colsep="1" nameend="col2" namest="col1" valign="top"/><entry VJ="1" align="left" colsep="1" nameend="col5" namest="col3" valign="top">je Seite ..........</entry><entry VJ="1" align="left" colsep="0" morerows="1" valign="top">Gebühr in Höhe der Dokumentenpauschale</entry></row><row><entry VJ="1" align="center" colsep="1" nameend="col2" namest="col1" valign="top"> </entry><entry VJ="1" align="left" colsep="1" nameend="col5" namest="col3" valign="top">Eine angefangene Seite wird voll berechnet.</entry></row><row><entry VJ="1" align="center" colsep="0" nameend="col6" namest="col1">Abschnitt 2</entry></row><row><entry VJ="1" align="center" colsep="0" nameend="col6" namest="col1" valign="top">Vollstreckung</entry></row><row><entry VJ="1" align="center" colsep="1" nameend="col2" namest="col1" valign="top">200</entry><entry VJ="1" align="left" colsep="1" nameend="col5" namest="col3" valign="top">Amtshandlung nach § 845 Abs. 1 Satz 2 ZPO (Vorpfändung) ..........</entry><entry VJ="1" align="center" colsep="0" valign="bottom">17,60 €</entry></row><row><entry VJ="1" align="center" colsep="1" nameend="col2" namest="col1" valign="top">205</entry><entry VJ="1" align="left" colsep="1" nameend="col5" namest="col3" valign="top">Bewirkung einer Pfändung (§ 808 Abs. 1, 2 Satz 2, §§ 809, 826 oder § 831 ZPO) ..........</entry><entry VJ="1" align="center" colsep="0" valign="bottom">28,60 €</entry></row><row><entry VJ="1" align="center" colsep="1" nameend="col2" namest="col1" valign="top"> </entry><entry VJ="1" align="left" colsep="1" nameend="col5" namest="col3" valign="top">Neben dieser Gebühr wird gegebenenfalls ein Zeitzuschlag nach Nummer 500 erhoben.</entry><entry VJ="1" align="left" colsep="0" valign="top"> </entry></row><row><entry VJ="1" align="center" colsep="1" nameend="col2" namest="col1" valign="top">206</entry><entry VJ="1" align="left" colsep="1" nameend="col5" namest="col3" valign="top">Übernahme beweglicher Sachen zum Zwecke der Verwertung in den Fällen der §§ 847 und 854 ZPO ..........</entry><entry VJ="1" align="center" colsep="0" valign="bottom">17,60 €</entry></row><row><entry VJ="1" align="center" colsep="1" morerows="1" nameend="col2" namest="col1" rowsep="0">207</entry><entry VJ="1" colsep="1" nameend="col5" namest="col3">Versuch einer gütlichen Erledigung der Sache (§ 802b ZPO) ..........<Split Leader="1"/></entry><entry VJ="1" align="center" colsep="0" valign="bottom">17,60 €</entry></row><row><entry VJ="1" colsep="1" nameend="col5" namest="col3">Die Gebühr entsteht auch im Fall der gütlichen Erledigung.</entry><entry VJ="1" align="center" colsep="0" valign="bottom"/></row><row><entry VJ="1" align="center" nameend="col2" namest="col1">208</entry><entry VJ="1" nameend="col5" namest="col3">Der Gerichtsvollzieher ist gleichzeitig mit einer auf eine Maßnahme nach § 802a Abs. 2 Satz 1 Nr. 2 oder Nr. 4 ZPO gerichteten Amtshandlung beauftragt:</entry><entry VJ="1" align="center" colsep="0" valign="bottom"/></row><row><entry VJ="1" align="center" nameend="col2" namest="col1"/><entry VJ="1" nameend="col5" namest="col3">Die Gebühr 207 ermäßigt sich auf ..........<Split Leader="1"/></entry><entry VJ="1" align="center" colsep="0" valign="bottom">8,80 €</entry></row><row><entry VJ="1" align="center" colsep="1" nameend="col2" namest="col1" rowsep="0" valign="top">210</entry><entry VJ="1" align="left" colsep="1" nameend="col5" namest="col3" valign="top">Übernahme des Vollstreckungsauftrags von einem anderen Gerichtsvollzieher, wenn der Schuldner unter Mitnahme der Pfandstücke in einen anderen Amtsgerichtsbezirk verzogen ist ..........</entry><entry VJ="1" align="center" colsep="0" valign="bottom">17,60 €</entry></row><row><entry VJ="1" align="center" colsep="1" nameend="col2" namest="col1" valign="top">220</entry><entry VJ="1" align="left" colsep="1" nameend="col5" namest="col3" valign="top">Entfernung von Pfandstücken, die im Gewahrsam des Schuldners, des Gläubigers oder eines Dritten belassen waren ..........</entry><entry VJ="1" align="center" colsep="0" valign="bottom">17,60 €</entry></row><row><entry VJ="1" align="center" colsep="1" nameend="col2" namest="col1" valign="top"> </entry><entry VJ="1" align="left" colsep="1" nameend="col5" namest="col3" valign="top">Die Gebühr wird auch dann nur einmal erhoben, wenn die Pfandstücke aufgrund mehrerer Aufträge entfernt werden. Neben dieser Gebühr wird gegebenenfalls ein Zeitzuschlag nach Nummer 500 erhoben.</entry><entry VJ="1" align="left" colsep="0" valign="top"> </entry></row><row><entry VJ="1" align="center" colsep="1" nameend="col2" namest="col1" valign="top">221</entry><entry VJ="1" align="left" colsep="1" nameend="col5" namest="col3" valign="top">Wegnahme oder Entgegennahme beweglicher Sachen durch den zur Vollstreckung erschienenen Gerichtsvollzieher ..........</entry><entry VJ="1" align="center" colsep="0" valign="bottom">28,60 €</entry></row><row><entry VJ="1" align="center" colsep="1" nameend="col2" namest="col1" valign="top"> </entry><entry VJ="1" align="left" colsep="1" nameend="col5" namest="col3" valign="top">Neben dieser Gebühr wird gegebenenfalls ein Zeitzuschlag nach Nummer 500 erhoben.</entry><entry VJ="1" align="left" colsep="0" valign="top"> </entry></row><row><entry VJ="1" align="center" colsep="1" nameend="col2" namest="col1" valign="top">230</entry><entry VJ="1" align="left" colsep="1" nameend="col5" namest="col3" valign="top">Wegnahme oder Entgegennahme einer Person durch den zur Vollstreckung erschienenen Gerichtsvollzieher ..........</entry><entry VJ="1" align="center" colsep="0" valign="bottom">57,20 €</entry></row><row><entry VJ="1" align="center" colsep="1" nameend="col2" namest="col1" valign="top"> </entry><entry VJ="1" align="left" colsep="1" nameend="col5" namest="col3" valign="top">Neben dieser Gebühr wird gegebenenfalls ein Zeitzuschlag nach Nummer 500 erhoben. Sind mehrere Personen wegzunehmen, werden die Gebühren für jede Person gesondert erhoben.</entry><entry VJ="1" align="left" colsep="0" valign="top"> </entry></row><row><entry VJ="1" align="center" colsep="1" nameend="col2" namest="col1" valign="top">240</entry><entry VJ="1" align="left" colsep="1" nameend="col5" namest="col3" valign="top">Entsetzung aus dem Besitz unbeweglicher Sachen oder eingetragener Schiffe oder Schiffsbauwerke und die Einweisung in den Besitz ..........</entry><entry VJ="1" align="center" colsep="0" valign="bottom">150,00 €</entry></row><row><entry VJ="1" align="center" colsep="1" nameend="col2" namest="col1" valign="top"> </entry><entry VJ="1" align="left" colsep="1" nameend="col5" namest="col3" valign="top">Neben dieser Gebühr wird gegebenenfalls ein Zeitzuschlag nach Nummer 500 erhoben.</entry><entry VJ="1" align="left" colsep="0" valign="top"> </entry></row><row><entry VJ="1" align="center" colsep="1" nameend="col2" namest="col1">241</entry><entry VJ="1" colsep="1" nameend="col5" namest="col3">Der Gerichtsvollzieher ist nicht mit der Wegschaffung beweglicher Sachen beauftragt:<BR/>Die Gebühr 240 ermäßigt sich auf ..........<BR/>Mit der Gebühr sind auch die Dokumentation der frei beweglichen Sachen im Protokoll und die Nutzung elektronischer Bildaufzeichnungsmittel abgegolten.</entry><entry VJ="1" align="center" colsep="0"><BR/>100,00 €</entry></row><row><entry VJ="1" align="center" colsep="1" nameend="col2" namest="col1" valign="top">242</entry><entry VJ="1" align="left" colsep="1" nameend="col5" namest="col3" valign="top">Wegnahme ausländischer Schiffe, die in das Schiffsregister eingetragen werden müssten, wenn sie deutsche Schiffe wären, und ihre Übergabe an den Gläubiger ..........</entry><entry VJ="1" align="center" colsep="0" valign="bottom">143,00 €</entry></row><row><entry VJ="1" align="center" colsep="1" nameend="col2" namest="col1" valign="top"> </entry><entry VJ="1" align="left" colsep="1" nameend="col5" namest="col3" valign="top">Neben dieser Gebühr wird gegebenenfalls ein Zeitzuschlag nach Nummer 500 erhoben.</entry><entry VJ="1" align="left" colsep="0" valign="top"> </entry></row><row><entry VJ="1" align="center" colsep="1" nameend="col2" namest="col1" valign="top">243</entry><entry VJ="1" align="left" colsep="1" nameend="col5" namest="col3" valign="top">Übergabe unbeweglicher Sachen an den Verwalter im Falle der Zwangsversteigerung oder Zwangsverwaltung ..........</entry><entry VJ="1" align="center" colsep="0" valign="bottom">107,80 €</entry></row><row><entry VJ="1" align="center" colsep="1" nameend="col2" namest="col1" valign="top"> </entry><entry VJ="1" align="left" colsep="1" nameend="col5" namest="col3" valign="top">Neben dieser Gebühr wird gegebenenfalls ein Zeitzuschlag nach Nummer 500 erhoben.</entry><entry VJ="1" align="left" colsep="0" valign="top"> </entry></row><row><entry VJ="1" align="center" colsep="1" nameend="col2" namest="col1" valign="top">250</entry><entry VJ="1" align="left" colsep="1" nameend="col5" namest="col3" valign="top">Zuziehung zur Beseitigung des Widerstandes (§ 892 ZPO) oder zur Beseitigung einer andauernden Zuwiderhandlung gegen eine Anordnung nach § 1 GewSchG (§ 96 Abs. 1 FamFG) sowie Anwendung von unmittelbarem Zwang auf Anordnung des Gerichts im Fall des § 90 FamFG ..........</entry><entry VJ="1" align="center" colsep="0" valign="bottom">57,20 €</entry></row><row><entry VJ="1" align="center" colsep="1" nameend="col2" namest="col1" valign="top"> </entry><entry VJ="1" align="left" colsep="1" nameend="col5" namest="col3" valign="top">Neben dieser Gebühr wird gegebenenfalls ein Zeitzuschlag nach Nummer 500 erhoben.</entry><entry VJ="1" align="left" colsep="0" valign="top"> </entry></row><row><entry VJ="1" align="center" colsep="1" nameend="col2" namest="col1" valign="top">260</entry><entry VJ="1" align="left" colsep="1" nameend="col5" namest="col3" valign="top">Abnahme der Vermögensauskunft nach den §§ 802c, 802d Abs. 1 oder nach § 807 ZPO ..........</entry><entry VJ="1" align="center" colsep="0" valign="bottom">36,30 €</entry></row><row><entry VJ="1" align="center" colsep="1" nameend="col2" namest="col1">261</entry><entry VJ="1" colsep="1" nameend="col5" namest="col3">Übermittlung eines mit eidesstattlicher Versicherung abgegebenen Vermögensverzeichnisses an einen Drittgläubiger (§ 802d Abs. 1 Satz 2, Abs. 2 ZPO) ..........</entry><entry VJ="1" align="center" colsep="0" valign="bottom">36,30 €</entry></row><row><entry VJ="1" align="center" colsep="1" nameend="col2" namest="col1">262</entry><entry VJ="1" colsep="1" nameend="col5" namest="col3">Abnahme der eidesstattlichen Versicherung nach § 836 Abs. 3 oder § 883 Abs. 2 ZPO ..........</entry><entry VJ="1" align="center" colsep="0" valign="bottom">41,80 €</entry></row><row><entry VJ="1" align="center" colsep="1" nameend="col2" namest="col1" valign="top">270</entry><entry VJ="1" align="left" colsep="1" nameend="col5" namest="col3" valign="top">Verhaftung, Nachverhaftung, zwangsweise Vorführung ..........</entry><entry VJ="1" align="center" colsep="0" valign="bottom">42,90 €</entry></row><row><entry VJ="1" align="center" colsep="0" nameend="col6" namest="col1">Abschnitt 3</entry></row><row><entry VJ="1" align="center" colsep="0" nameend="col6" namest="col1" valign="top">Verwertung</entry></row><row><entry VJ="1" align="left" colsep="0" nameend="col6" namest="col1">Vorbemerkung 3:</entry></row><row><entry VJ="1" align="left" colsep="0" nameend="col6" namest="col1" valign="top">Die Gebühren werden bei jeder Verwertung nur einmal erhoben. Dieselbe Verwertung liegt auch vor, wenn der Gesamterlös aus der Versteigerung oder dem Verkauf mehrerer Gegenstände einheitlich zu verteilen ist oder zu verteilen wäre und wenn im Falle der Versteigerung oder des Verkaufs die Verwertung in einem Termin, bei einer Versteigerung im Internet in einem Ausgebot, erfolgt.</entry></row><row><entry VJ="1" align="center" colsep="1" nameend="col2" namest="col1" valign="top">300</entry><entry VJ="1" align="left" colsep="1" nameend="col5" namest="col3" valign="top">Versteigerung, Verkauf oder Verwertung in anderer Weise nach § 825 Abs. 1 ZPO von</entry><entry VJ="1" align="left" colsep="0" valign="top"> </entry></row><row><entry VJ="1" align="center" colsep="1" morerows="3" nameend="col2" namest="col1" valign="top"> </entry><entry VJ="1" align="left" colsep="0" valign="top">-</entry><entry VJ="1" align="left" colsep="1" nameend="col5" namest="col4" valign="top">beweglichen Sachen,</entry><entry VJ="1" align="left" colsep="0" valign="top"> </entry></row><row><entry VJ="1" align="left" colsep="0" valign="top">-</entry><entry VJ="1" align="left" colsep="1" nameend="col5" namest="col4" valign="top">Früchten, die noch nicht vom Boden getrennt sind,</entry><entry VJ="1" align="left" colsep="0" valign="top"> </entry></row><row><entry VJ="1" align="left" colsep="0" valign="top">-</entry><entry VJ="1" align="left" colsep="1" nameend="col5" namest="col4" valign="top">Forderungen oder anderen Vermögensrechten ..........</entry><entry VJ="1" align="center" colsep="0" valign="bottom">57,20 €</entry></row><row><entry VJ="1" align="left" colsep="1" nameend="col5" namest="col3" valign="top">Neben dieser Gebühr wird gegebenenfalls ein Zeitzuschlag nach Nummer 500 erhoben. Dies gilt nicht bei einer Versteigerung im Internet.</entry><entry VJ="1" align="left" colsep="0" valign="top"> </entry></row><row><entry VJ="1" align="center" colsep="1" nameend="col2" namest="col1" valign="top">301</entry><entry VJ="1" align="left" colsep="1" nameend="col5" namest="col3" valign="top">Öffentliche Verpachtung an den Meistbietenden ..........</entry><entry VJ="1" align="center" colsep="0" valign="bottom">57,20 €</entry></row><row><entry VJ="1" align="center" colsep="1" nameend="col2" namest="col1" valign="top"> </entry><entry VJ="1" align="left" colsep="1" nameend="col5" namest="col3" valign="top">Neben dieser Gebühr wird gegebenenfalls ein Zeitzuschlag nach Nummer 500 erhoben.</entry><entry VJ="1" align="left" colsep="0" valign="top"> </entry></row><row><entry VJ="1" align="center" colsep="1" nameend="col2" namest="col1" valign="top">302</entry><entry VJ="1" align="left" colsep="1" nameend="col5" namest="col3" valign="top">Anberaumung eines neuen Versteigerungs- oder Verpachtungstermins oder das nochmalige Ausgebot bei einer Versteigerung im Internet ..........</entry><entry VJ="1" align="center" colsep="0" valign="bottom">11,00 €</entry></row><row><entry VJ="1" align="center" colsep="1" nameend="col2" namest="col1" valign="top"> </entry><entry VJ="1" align="left" colsep="1" nameend="col5" namest="col3" valign="top">(1) Die Gebühr wird für die Anberaumung eines neuen Versteigerungs- oder Verpachtungstermins nur erhoben, wenn der vorherige Termin auf Antrag des Gläubigers oder des Antragstellers oder nach den Vorschriften der §§ 765a, 775, 802b ZPO nicht stattgefunden hat oder wenn der Termin infolge des Ausbleibens von Bietern oder wegen ungenügender Gebote erfolglos geblieben ist.<BR/>(2) Die Gebühr wird für das nochmalige Ausgebot bei einer Versteigerung im Internet nur erhoben, wenn das vorherige Ausgebot auf Antrag des Gläubigers oder des Antragstellers oder nach den Vorschriften der §§ 765a, 775, 802b ZPO abgebrochen worden ist oder wenn das Ausgebot infolge des Ausbleibens von Geboten oder wegen ungenügender Gebote erfolglos geblieben ist.</entry><entry VJ="1" align="left" colsep="0" valign="top"> </entry></row><row><entry VJ="1" align="center" colsep="1" nameend="col2" namest="col1" valign="top">310</entry><entry VJ="1" align="left" colsep="1" nameend="col5" namest="col3" valign="top">Mitwirkung bei der Versteigerung durch einen Dritten (§ 825 Abs. 2 ZPO) ..........</entry><entry VJ="1" align="center" colsep="0" valign="bottom">17,60 €</entry></row><row><entry VJ="1" align="center" colsep="1" nameend="col2" namest="col1" valign="top"> </entry><entry VJ="1" align="left" colsep="1" nameend="col5" namest="col3" valign="top">Neben dieser Gebühr wird gegebenenfalls ein Zeitzuschlag nach Nummer 500 erhoben.</entry><entry VJ="1" align="left" colsep="0" valign="top"> </entry></row><row><entry VJ="1" align="center" colsep="0" nameend="col6" namest="col1">Abschnitt 4</entry></row><row><entry VJ="1" align="center" colsep="0" nameend="col6" namest="col1" valign="top">Besondere Geschäfte</entry></row><row><entry VJ="1" align="center" colsep="1" nameend="col2" namest="col1" valign="top">400</entry><entry VJ="1" align="left" colsep="1" nameend="col5" namest="col3" valign="top">Bewachung und Verwahrung eines Schiffes, eines Schiffsbauwerks oder eines Luftfahrzeugs (§§ 165, 170, 170a, 171, 171c, 171g, 171h ZVG, § 99 Abs. 2, § 106 Abs. 1 Nr. 1 des Gesetzes über Rechte an Luftfahrzeugen) ..........</entry><entry VJ="1" align="center" colsep="0" valign="bottom">107,80 €</entry></row><row><entry VJ="1" align="center" colsep="1" nameend="col2" namest="col1" valign="top"> </entry><entry VJ="1" align="left" colsep="1" nameend="col5" namest="col3" valign="top">Neben dieser Gebühr wird gegebenenfalls ein Zeitzuschlag nach Nummer 500 erhoben.</entry><entry VJ="1" align="left" colsep="0" valign="top"> </entry></row><row><entry VJ="1" align="center" colsep="1" nameend="col2" namest="col1" valign="top">401</entry><entry VJ="1" align="left" colsep="1" nameend="col5" namest="col3" valign="top">Feststellung der Mieter oder Pächter von Grundstücken im Auftrag des Gerichts je festgestellte Person ..........</entry><entry VJ="1" align="center" colsep="0" valign="bottom">7,70 €</entry></row><row><entry VJ="1" align="center" colsep="1" nameend="col2" namest="col1" valign="top"> </entry><entry VJ="1" align="left" colsep="1" nameend="col5" namest="col3" valign="top">Die Gebühr wird auch erhoben, wenn die Ermittlungen nicht zur Feststellung eines Mieters oder Pächters führen.</entry><entry VJ="1" align="left" colsep="0" valign="top"> </entry></row><row><entry VJ="1" align="center" colsep="1" nameend="col2" namest="col1" valign="top">410</entry><entry VJ="1" align="left" colsep="1" nameend="col5" namest="col3" valign="top">Tatsächliches Angebot einer Leistung (§§ 293, 294 BGB) außerhalb der Zwangsvollstreckung ..........</entry><entry VJ="1" align="center" colsep="0" valign="bottom">17,60 €</entry></row><row><entry VJ="1" align="center" colsep="1" nameend="col2" namest="col1" valign="top">411</entry><entry VJ="1" align="left" colsep="1" nameend="col5" namest="col3" valign="top">Beurkundung eines Leistungsangebots ..........</entry><entry VJ="1" align="center" colsep="0" valign="bottom">7,70 €</entry></row><row><entry VJ="1" align="center" colsep="1" nameend="col2" namest="col1" valign="top"> </entry><entry VJ="1" align="left" colsep="1" nameend="col5" namest="col3" valign="top">Die Gebühr entfällt, wenn die Gebühr nach Nummer 410 zu erheben ist.</entry><entry VJ="1" align="left" colsep="0" valign="top"> </entry></row><row><entry VJ="1" align="center" colsep="1" nameend="col2" namest="col1" valign="top">420</entry><entry VJ="1" align="left" colsep="1" nameend="col5" namest="col3" valign="top">Entfernung von Gegenständen aus dem Gewahrsam des Inhabers zum Zwecke der Versteigerung oder Verwahrung außerhalb der Zwangsvollstreckung ..........</entry><entry VJ="1" align="center" colsep="0" valign="bottom">17,60 €</entry></row><row><entry VJ="1" align="center" colsep="1" nameend="col2" namest="col1" valign="top">430</entry><entry VJ="1" align="left" colsep="1" nameend="col5" namest="col3" valign="top">Entgegennahme einer Zahlung, wenn diese nicht ausschließlich auf Kosten nach diesem Gesetz entfällt, die bei der Durchführung des Auftrags entstanden sind ..........</entry><entry VJ="1" align="center" colsep="0" valign="bottom">4,40 €</entry></row><row><entry VJ="1" align="center" colsep="1" nameend="col2" namest="col1" valign="top"> </entry><entry VJ="1" align="left" colsep="1" nameend="col5" namest="col3" valign="top">Die Gebühr wird auch erhoben, wenn der Gerichtsvollzieher einen entgegengenommenen Scheck selbst einzieht oder einen Scheck aufgrund eines entsprechenden Auftrags des Auftraggebers an diesen weiterleitet. Die Gebühr wird nicht bei Wechsel- oder Scheckprotesten für die Entgegennahme der Wechsel- oder Schecksumme (Artikel 84 des Wechselgesetzes, Artikel 55 Abs. 3 des Scheckgesetzes) erhoben.</entry><entry VJ="1" align="left" colsep="0" valign="top"> </entry></row><row><entry VJ="1" align="center" colsep="1" nameend="col2" namest="col1">440</entry><entry VJ="1" colsep="1" nameend="col5" namest="col3">Erhebung von Daten bei einer der in § 755 Abs. 2, § 802l Abs. 1 ZPO genannten Stellen ..........<Split Leader="1"/></entry><entry VJ="1" align="center" colsep="0" valign="bottom">14,30 €</entry></row><row><entry VJ="1" align="center" nameend="col2" namest="col1"> </entry><entry VJ="1" nameend="col5" namest="col3">Die Gebühr entsteht nicht, wenn die Auskunft nach § 882c Abs. 3 Satz 2 ZPO eingeholt wird.</entry><entry VJ="1" colsep="0"/></row><row><entry VJ="1" align="center" nameend="col2" namest="col1">441</entry><entry VJ="1" nameend="col5" namest="col3">Erhebung von Daten bei einer der in § 755 Abs. 1 ZPO genannten Stellen ..........<Split Leader="1"/></entry><entry VJ="1" colsep="0"/></row><row><entry VJ="1" align="center" nameend="col2" namest="col1"> </entry><entry VJ="1" nameend="col5" namest="col3">Die Gebühr entsteht nicht, wenn die Auskunft nach § 882c Abs. 3 Satz 2 ZPO eingeholt wird.</entry><entry VJ="1" align="center" colsep="0">5,50 €</entry></row><row><entry VJ="1" align="center" nameend="col2" namest="col1">442</entry><entry VJ="1" nameend="col5" namest="col3">Übermittlung von Daten nach § 802l Abs. 4 ZPO ..........<Split Leader="1"/></entry><entry VJ="1" align="center" colsep="0">5,50 €</entry></row><row><entry VJ="1" align="center" colsep="0" nameend="col6" namest="col1">Abschnitt 5</entry></row><row><entry VJ="1" align="center" colsep="0" nameend="col6" namest="col1" valign="top">Zeitzuschlag</entry></row><row><entry VJ="1" align="center" colsep="1" nameend="col2" namest="col1" valign="top">500</entry><entry VJ="1" align="left" colsep="1" nameend="col5" namest="col3" valign="top">Zeitzuschlag, sofern dieser bei der Gebühr vorgesehen ist, wenn die Erledigung der Amtshandlung nach dem Inhalt des Protokolls mehr als 3 Stunden in Anspruch nimmt, für jede weitere angefangene Stunde ..........</entry><entry VJ="1" align="center" colsep="0" valign="bottom">22,00 €</entry></row><row><entry VJ="1" align="center" colsep="1" nameend="col2" namest="col1" valign="top"> </entry><entry VJ="1" align="left" colsep="1" nameend="col5" namest="col3" valign="top">Maßgebend ist die Dauer der Amtshandlung vor Ort.</entry><entry VJ="1" align="left" colsep="0" valign="top"> </entry></row><row><entry VJ="1" align="center" colsep="0" nameend="col6" namest="col1">Abschnitt 6</entry></row><row><entry VJ="1" align="center" colsep="0" nameend="col6" namest="col1" valign="top">Nicht erledigte Amtshandlung</entry></row><row><entry VJ="1" align="left" colsep="0" nameend="col5" namest="col1">Vorbemerkung 6:</entry><entry VJ="1" align="center" colsep="0"/></row><row><entry VJ="1" align="left" colsep="0" nameend="col6" namest="col1" valign="top">Gebühren nach diesem Abschnitt werden erhoben, wenn eine Amtshandlung, mit deren Erledigung der Gerichtsvollzieher beauftragt worden ist, aus Rechtsgründen oder infolge von Umständen, die weder in der Person des Gerichtsvollziehers liegen noch von seiner Entschließung abhängig sind, nicht erledigt wird. Dies gilt insbesondere auch, wenn nach dem Inhalt des Protokolls pfändbare Gegenstände nicht vorhanden sind oder die Pfändung nach § 803 Abs. 2, § 811 Absatz 4 und § 851b Absatz 4 Satz 3 ZPO zu unterbleiben hat. Eine Gebühr wird nicht erhoben, wenn der Auftrag an einen anderen Gerichtsvollzieher abgegeben wird oder hätte abgegeben werden können.</entry></row><row><entry VJ="1" colsep="0" nameend="col6" namest="col1"/></row><row><entry VJ="1" align="left" colsep="1" nameend="col2" namest="col1" valign="top"> </entry><entry VJ="1" align="left" colsep="1" nameend="col5" namest="col3" valign="top">Nicht erledigte</entry><entry VJ="1" align="left" colsep="0" valign="top"> </entry></row><row><entry VJ="1" align="center" colsep="1" nameend="col2" namest="col1" valign="top">600</entry><entry VJ="1" align="left" colsep="0" valign="top">-</entry><entry VJ="1" align="left" colsep="1" nameend="col5" namest="col4" valign="top">Zustellung (Nummern 100 und 101) ..........</entry><entry VJ="1" align="center" colsep="0" valign="bottom">3,30 €</entry></row><row><entry VJ="1" align="center" colsep="1" nameend="col2" namest="col1" valign="top">601</entry><entry VJ="1" align="left" colsep="0" valign="top">-</entry><entry VJ="1" align="left" colsep="1" nameend="col5" namest="col4" valign="top">Wegnahme einer Person (Nummer 230) ..........</entry><entry VJ="1" align="center" colsep="0" valign="bottom">28,60 €</entry></row><row><entry VJ="1" align="center" colsep="1" nameend="col2" namest="col1" valign="top">602</entry><entry VJ="1" align="left" colsep="0" valign="top">-</entry><entry VJ="1" align="left" colsep="1" nameend="col5" namest="col4" valign="top">Entsetzung aus dem Besitz (Nummer 240), Wegnahme ausländischer Schiffe (Nummer 242) oder Übergabe an den Verwalter (Nummer 243) ..........</entry><entry VJ="1" align="center" colsep="0" valign="bottom">35,20 €</entry></row><row><entry VJ="1" align="center" colsep="1" nameend="col2" namest="col1" valign="top">603</entry><entry VJ="1" align="left" colsep="0" valign="top">-</entry><entry VJ="1" align="left" colsep="1" nameend="col5" namest="col4" valign="top">Beurkundung eines Leistungsangebots (Nummer 411) ..........</entry><entry VJ="1" align="center" colsep="0" valign="bottom">6,60 €</entry></row><row><entry VJ="1" align="center" colsep="1" nameend="col2" namest="col1" valign="top">604</entry><entry VJ="1" align="left" colsep="0" valign="top">-</entry><entry VJ="1" align="left" colsep="1" nameend="col5" namest="col4" valign="top">Amtshandlung der in den Nummern 205 bis 207, 210 bis 221, 250 bis 301, 310, 400, 410 und 420 genannten Art ..........</entry><entry VJ="1" align="center" colsep="0" valign="bottom">16,50 €</entry></row><row rowsep="1"><entry VJ="1" align="center" colsep="1" nameend="col2" namest="col1" rowsep="1" valign="top"> </entry><entry VJ="1" align="left" colsep="0" rowsep="1" valign="top"> </entry><entry VJ="1" align="left" colsep="1" nameend="col5" namest="col4" rowsep="1" valign="top">Die Gebühr für die nicht abgenommene Vermögensauskunft wird nicht erhoben, wenn diese deshalb nicht abgenommen wird, weil der Schuldner sie innerhalb der letzten zwei Jahre bereits abgegeben hat (§ 802d Abs. 1 Satz 1 ZPO). Für einen nicht erledigten Versuch einer gütlichen Erledigung der Sache wird in dem in Nummer 208 genannten Fall eine Gebühr nicht erhoben.</entry><entry VJ="1" align="left" colsep="0" rowsep="1" valign="top"> </entry></row></tbody></tgroup></table><BR/><BR/><table frame="all" pgwide="1" tocentry="%yes;"><tgroup align="left" char="" charoff="50" cols="6" colsep="1" rowsep="0"><colspec colname="col1" colnum="1" colwidth="4.87*"/><colspec colname="col2" colnum="2" colwidth="1.10*"/><colspec colname="col3" colnum="3" colwidth="5.19*"/><colspec colname="col4" colnum="4" colwidth="5.09*"/><colspec colname="col5" colnum="5" colwidth="62.95*"/><colspec colname="col6" colnum="6" colwidth="20.87*"/><thead valign="bottom"><row><entry VJ="1" align="center" nameend="col2" namest="col1" rowsep="1" valign="top">Nr.</entry><entry VJ="1" align="center" nameend="col5" namest="col3" rowsep="1" valign="top">Auslagentatbestand</entry><entry VJ="1" align="center" colname="col6" colsep="0" rowsep="1" valign="top">Höhe</entry></row></thead><tbody valign="top"><row><entry VJ="1" align="center" colsep="0" nameend="col6" namest="col1">Abschnitt 7</entry></row><row><entry VJ="1" align="center" colsep="0" nameend="col6" namest="col1" valign="top">Auslagen</entry></row><row><entry VJ="1" align="center" colsep="1" nameend="col2" namest="col1" valign="top">700</entry><entry VJ="1" align="left" colsep="1" nameend="col5" namest="col3" valign="top">Pauschale für die Herstellung und Überlassung von Dokumenten:</entry><entry VJ="1" align="left" colsep="0" valign="top"> </entry></row><row><entry VJ="1" align="center" colsep="1" morerows="13" nameend="col2" namest="col1" valign="top"> </entry><entry VJ="1" align="left" colsep="0" valign="top">1.</entry><entry VJ="1" align="left" colsep="1" nameend="col5" namest="col4" valign="top">Kopien und Ausdrucke,</entry><entry VJ="1" align="left" colsep="0" valign="top"> </entry></row><row><entry VJ="1" align="left" colsep="0" morerows="3" valign="top"> </entry><entry VJ="1" align="left" colsep="0" valign="top">a)</entry><entry VJ="1" align="left" colsep="1" valign="top">die auf Antrag angefertigt oder per Telefax übermittelt werden,</entry><entry VJ="1" align="left" colsep="0" valign="top"> </entry></row><row><entry VJ="1" align="left" colsep="0" valign="top">b)</entry><entry VJ="1" align="left" colsep="1" valign="top">die angefertigt werden, weil der Auftraggeber es unterlassen hat, die erforderliche Zahl von Mehrfertigungen beizufügen:</entry><entry VJ="1" align="left" colsep="0" valign="top"> </entry></row><row><entry VJ="1" align="left" colsep="1" nameend="col5" namest="col4" valign="top">für die ersten 50 Seiten je Seite ..........</entry><entry VJ="1" align="center" colsep="0" valign="bottom">0,50 €</entry></row><row><entry VJ="1" align="left" colsep="1" nameend="col5" namest="col4" valign="top">für jede weitere Seite ..........</entry><entry VJ="1" align="center" colsep="0" valign="bottom">0,15 €</entry></row><row><entry VJ="1" align="left" colsep="0" valign="top"/><entry VJ="1" align="left" colsep="1" nameend="col5" namest="col4" valign="top">für die ersten 50 Seiten in Farbe je Seite ..........</entry><entry VJ="1" align="center" colsep="0" valign="top"> 1,00 €</entry></row><row><entry VJ="1" align="left" colsep="0" valign="top"> </entry><entry VJ="1" align="left" colsep="1" nameend="col5" namest="col4" valign="top">für jede weitere Seite in Farbe ..........</entry><entry VJ="1" align="center" colsep="0" valign="bottom">0,30 €</entry></row><row><entry VJ="1" align="left" colsep="0" valign="top">2.</entry><entry VJ="1" colsep="1" nameend="col5" namest="col4">Überlassung von elektronisch gespeicherten Dateien oder deren Bereitstellung zum Abruf anstelle der in Nummer 1 genannten Kopien und Ausdrucke:</entry><entry VJ="1" align="left" colsep="0" valign="top"> </entry></row><row><entry VJ="1" align="left" colsep="0" valign="top"/><entry VJ="1" colsep="1" nameend="col5" namest="col4">je Datei ..........</entry><entry VJ="1" align="center" colsep="0" valign="top"> 1,50 €</entry></row><row><entry VJ="1" colsep="0"/><entry VJ="1" colsep="1" nameend="col5" namest="col4">für die in einem Arbeitsgang überlassenen, bereitgestellten oder in einem Arbeitsgang auf denselben Datenträger übertragenen Dokumente insgesamt höchstens ..........</entry><entry VJ="1" align="center" colsep="0" valign="bottom">5,00 €</entry></row><row><entry VJ="1" colsep="1" nameend="col5" namest="col3">(1) Die Höhe der Dokumentenpauschale nach Nummer 1 ist bei Durchführung eines jeden Auftrags und für jeden Kostenschuldner nach § 13 Abs. 1 Nr. 1 GvKostG gesondert zu berechnen; Gesamtschuldner gelten als ein Schuldner.</entry><entry VJ="1" align="center" colsep="0" valign="bottom"/></row><row><entry VJ="1" colsep="1" nameend="col5" namest="col3">(2) Werden zum Zweck der Überlassung von elektronisch gespeicherten Dateien Dokumente zuvor auf Antrag von der Papierform in die elektronische Form übertragen, beträgt die Dokumentenpauschale nach Nummer 2 nicht weniger als die Dokumentenpauschale im Fall der Nummer 1 betragen würde.</entry><entry VJ="1" align="center" colsep="0" valign="bottom"/></row><row><entry VJ="1" colsep="1" nameend="col5" namest="col3">(3) § 191a Abs. 1 Satz 5 GVG bleibt unberührt.  </entry><entry VJ="1" align="center" colsep="0" valign="bottom"/></row><row><entry VJ="1" colsep="1" nameend="col5" namest="col3">(4) Eine Dokumentenpauschale für die erste Kopie oder den ersten Ausdruck des Vermögensverzeichnisses und der Niederschrift über die Abgabe der Vermögensauskunft wird von demjenigen Kostenschuldner nicht erhoben, von dem die Gebühr 260 oder 261 zu erheben ist. Entsprechendes gilt, wenn anstelle der in Satz 1 genannten Kopien oder Ausdrucke elektronisch gespeicherte Dateien überlassen werden (§ 802d Abs. 2 ZPO).  </entry><entry VJ="1" align="center" colsep="0" valign="bottom"/></row><row><entry VJ="1" align="center" colsep="1" nameend="col2" namest="col1" valign="top">701</entry><entry VJ="1" align="left" colsep="1" nameend="col5" namest="col3" valign="top">Entgelte für Zustellungen mit Zustellungsurkunde ..........</entry><entry VJ="1" align="center" colsep="0" valign="bottom">in voller Höhe</entry></row><row><entry VJ="1" align="center" colsep="1" nameend="col2" namest="col1">702</entry><entry VJ="1" colsep="1" nameend="col5" namest="col3">Auslagen für öffentliche Bekanntmachungen und Einstellung eines Ausgebots auf einer Versteigerungsplattform zur Versteigerung im Internet ..........<BR/>Auslagen werden nicht erhoben für die Bekanntmachung oder Einstellung in einem elektronischen Informations- und Kommunikationssystem, wenn das Entgelt nicht für den Einzelfall oder nicht für ein einzelnes Verfahren berechnet wird.</entry><entry VJ="1" align="center" colname="col6" colsep="0">in voller Höhe</entry></row><row><entry VJ="1" align="center" colsep="1" nameend="col2" namest="col1" rowsep="0" valign="top">703</entry><entry VJ="1" align="left" colsep="1" nameend="col5" namest="col3" rowsep="0" valign="top">Nach dem JVEG an Zeugen, Sachverständige, Dolmetscher und Übersetzer zu zahlende Beträge ..........</entry><entry VJ="1" align="center" colsep="0" valign="bottom">in voller Höhe</entry></row><row><entry VJ="1" align="center" colsep="1" morerows="1" nameend="col2" namest="col1" valign="top"> </entry><entry VJ="1" align="left" colsep="1" nameend="col5" namest="col3" valign="top">(1) Die Beträge werden auch erhoben, wenn aus Gründen der Gegenseitigkeit, der Verwaltungsvereinfachung oder aus vergleichbaren Gründen keine Zahlungen zu leisten sind.</entry><entry VJ="1" align="left" colsep="0" valign="top"> </entry></row><row><entry VJ="1" align="left" colsep="1" nameend="col5" namest="col3" valign="top">(2) Auslagen für Kommunikationshilfen zur Verständigung mit einer hör- oder sprachbehinderten Person (§ 186 GVG) und für Übersetzer, die zur Erfüllung der Rechte blinder oder sehbehinderter Personen herangezogen werden (§ 191a Abs. 1 GVG), werden nicht erhoben.</entry><entry VJ="1" align="left" colsep="0" valign="top"> </entry></row><row><entry VJ="1" align="center" colsep="1" nameend="col2" namest="col1" valign="top">704</entry><entry VJ="1" align="left" colsep="1" nameend="col5" namest="col3" valign="top">An die zum Öffnen von Türen und Behältnissen sowie an die zur Durchsuchung von Schuldnern zugezogenen Personen zu zahlende Beträge ..........</entry><entry VJ="1" align="center" colsep="0" valign="bottom">in voller Höhe</entry></row><row><entry VJ="1" align="center" colsep="1" nameend="col2" namest="col1" valign="top">705</entry><entry VJ="1" align="left" colsep="1" nameend="col5" namest="col3" valign="top">Kosten für die Umschreibung eines auf den Namen lautenden Wertpapiers oder für die Wiederinkurssetzung eines Inhaberpapiers ..........</entry><entry VJ="1" align="center" colsep="0" valign="bottom">in voller Höhe</entry></row><row><entry VJ="1" align="center" colsep="1" nameend="col2" namest="col1" valign="top">706</entry><entry VJ="1" align="left" colsep="1" nameend="col5" namest="col3" valign="top">Kosten, die von einem Kreditinstitut erhoben werden, weil ein Scheck des Schuldners nicht eingelöst wird ..........</entry><entry VJ="1" align="center" colsep="0" valign="bottom">in voller Höhe</entry></row><row><entry VJ="1" align="center" colsep="1" nameend="col2" namest="col1" valign="top">707</entry><entry VJ="1" align="left" colsep="1" nameend="col5" namest="col3" valign="top">An Dritte zu zahlende Beträge für die Beförderung von Personen, Tieren und Sachen, das Verwahren von Tieren und Sachen, das Füttern von Tieren, die Beaufsichtigung von Sachen sowie das Abernten von Früchten ..........</entry><entry VJ="1" align="center" colsep="0" valign="bottom">in voller Höhe</entry></row><row><entry VJ="1" align="center" colsep="1" nameend="col2" namest="col1"/><entry VJ="1" colsep="1" nameend="col5" namest="col3">Diese Vorschrift ist nicht anzuwenden bei dem Transport von Sachen oder Tieren an den Ersteher oder an einen von diesem benannten Dritten im Rahmen der Verwertung.</entry><entry VJ="1" align="center" colsep="0" valign="bottom"/></row><row><entry VJ="1" align="center" colsep="1" nameend="col2" namest="col1" valign="top">708</entry><entry VJ="1" align="left" colsep="1" nameend="col5" namest="col3" valign="top">An deutsche Behörden für die Erfüllung von deren eigenen Aufgaben zu zahlende Gebühren sowie diejenigen Auslagen, die diesen Behörden, öffentlichen Einrichtungen oder deren Bediensteten als Ersatz für Auslagen der in den Nummern 700 und 701 bezeichneten Art zustehen ..........</entry><entry VJ="1" align="center" colsep="0" valign="bottom">in voller Höhe</entry></row><row><entry VJ="1" align="center" colsep="1" nameend="col2" namest="col1" valign="top">709</entry><entry VJ="1" align="left" colsep="1" nameend="col5" namest="col3" valign="top">Kosten für Arbeitshilfen ..........</entry><entry VJ="1" align="center" colsep="0" valign="bottom">in voller Höhe</entry></row><row><entry VJ="1" align="center" colsep="1" nameend="col2" namest="col1" valign="top">710</entry><entry VJ="1" align="left" colsep="1" nameend="col5" namest="col3" valign="top">Pauschale für die Benutzung von eigenen Beförderungsmitteln des Gerichtsvollziehers zur Beförderung von Personen und Sachen je Fahrt ..........</entry><entry VJ="1" align="center" colsep="0" valign="bottom">6,00 €</entry></row><row><entry VJ="1" align="center" colsep="1" nameend="col2" namest="col1" valign="top">711</entry><entry VJ="1" align="left" colsep="1" nameend="col5" namest="col3" valign="top">Wegegeld je Auftrag für zurückgelegte Wegstrecken, wenn sich aus einer Rechtsverordnung nach § 12a GvKostG nichts anderes ergibt,</entry><entry VJ="1" align="left" colsep="0" valign="top"> </entry></row><row><entry VJ="1" align="center" colsep="1" morerows="12" nameend="col2" namest="col1" valign="top"> </entry><entry VJ="1" align="left" colsep="0" valign="top">-</entry><entry VJ="1" align="left" colsep="1" nameend="col5" namest="col4" valign="top">Stufe 1: bis zu 10 Kilometer ..........</entry><entry VJ="1" align="center" colsep="0" valign="bottom">3,25 €</entry></row><row><entry VJ="1" align="left" colsep="0" valign="top">-</entry><entry VJ="1" align="left" colsep="1" nameend="col5" namest="col4" valign="top">Stufe 2: von mehr als 10 Kilometern bis 20 Kilometer ..........</entry><entry VJ="1" align="center" colsep="0" valign="bottom">6,50 €</entry></row><row><entry VJ="1" align="left" colsep="0" valign="top">-</entry><entry VJ="1" align="left" colsep="1" nameend="col5" namest="col4" valign="top">Stufe 3: von mehr als 20 Kilometern bis 30 Kilometer ..........</entry><entry VJ="1" align="center" colsep="0" valign="bottom">9,75 €</entry></row><row><entry VJ="1" align="left" colsep="0" valign="top">-</entry><entry VJ="1" align="left" colsep="1" nameend="col5" namest="col4" valign="top">Stufe 4: von mehr als 30 Kilometern bis 40 Kilometer ..........</entry><entry VJ="1" align="center" colsep="0" valign="bottom">13,00 €</entry></row><row><entry VJ="1" colsep="0">-</entry><entry VJ="1" colsep="1" nameend="col5" namest="col4">Stufe 5: von mehr als 40 Kilometern ..........</entry><entry VJ="1" align="center" colsep="0" valign="bottom">16,25 €</entry></row><row><entry VJ="1" align="left" colsep="1" nameend="col5" namest="col3" valign="top">(1) Das Wegegeld wird erhoben, wenn der Gerichtsvollzieher zur Durchführung des Auftrags Wegstrecken innerhalb des Bezirks des Amtsgerichts, dem der Gerichtsvollzieher zugewiesen ist, oder innerhalb des dem Gerichtsvollzieher zugewiesenen Bezirks eines anderen Amtsgerichts zurückgelegt hat.</entry><entry VJ="1" align="left" colsep="0" valign="top"> </entry></row><row><entry VJ="1" align="left" colsep="1" nameend="col5" namest="col3" valign="top">(2) Maßgebend ist die Entfernung von dem Amtsgericht, dem der Gerichtsvollzieher zugewiesen ist, zum Ort der Amtshandlung, wenn nicht die Entfernung vom Geschäftszimmer des Gerichtsvollziehers geringer ist. Werden mehrere Wege zurückgelegt, ist der Weg mit der weitesten Entfernung maßgebend.</entry><entry VJ="1" align="left" colsep="0" valign="top"> </entry></row><row><entry VJ="1" align="left" colsep="1" nameend="col5" namest="col3" valign="top">Die Entfernung ist nach der Luftlinie zu messen.</entry><entry VJ="1" align="left" colsep="0" valign="top"> </entry></row><row><entry VJ="1" align="left" colsep="1" nameend="col5" namest="col3" valign="top">(3) Wegegeld wird nicht erhoben für</entry><entry VJ="1" align="left" colsep="0" valign="top"> </entry></row><row><entry VJ="1" align="left" colsep="0" valign="top">1.</entry><entry VJ="1" align="left" colsep="1" nameend="col5" namest="col4" valign="top">die sonstige Zustellung (Nummer 101),</entry><entry VJ="1" align="left" colsep="0" valign="top"> </entry></row><row><entry VJ="1" align="left" colsep="0" valign="top">2.</entry><entry VJ="1" align="left" colsep="1" nameend="col5" namest="col4" valign="top">die Versteigerung von Pfandstücken, die sich in der Pfandkammer befinden, und</entry><entry VJ="1" align="left" colsep="0" valign="top"> </entry></row><row><entry VJ="1" align="left" colsep="0" valign="top">3.</entry><entry VJ="1" align="left" colsep="1" nameend="col5" namest="col4" valign="top">im Rahmen des allgemeinen Geschäftsbetriebes zurückzulegende Wege, insbesondere zur Post und zum Amtsgericht.</entry><entry VJ="1" align="left" colsep="0" valign="top"> </entry></row><row><entry VJ="1" align="left" colsep="1" nameend="col5" namest="col3" valign="top">(4) In den Fällen des § 10 Abs. 2 Satz 1 und 2 GvKostG wird das Wegegeld für jede Vollstreckungshandlung, im Falle der Vorpfändung für jede Zustellung an einen Drittschuldner gesondert erhoben. Zieht der Gerichtsvollzieher Teilbeträge ein (§ 802b ZPO), wird das Wegegeld für den Einzug des zweiten und sodann jedes weiteren Teilbetrages je einmal gesondert erhoben. Das Wegegeld für den Einzug einer Rate entsteht bereits mit dem ersten Versuch, die Rate einzuziehen.</entry><entry VJ="1" align="left" colsep="0" valign="top"> </entry></row><row><entry VJ="1" align="center" colsep="1" nameend="col2" namest="col1" valign="top">712</entry><entry VJ="1" align="left" colsep="1" nameend="col5" namest="col3" valign="top">Bei Geschäften außerhalb des Bezirks des Amtsgerichts, dem der Gerichtsvollzieher zugewiesen ist, oder außerhalb des dem Gerichtsvollzieher zugewiesenen Bezirks eines anderen Amtsgerichts, Reisekosten nach den für den Gerichtsvollzieher geltenden beamtenrechtlichen Vorschriften ..........</entry><entry VJ="1" align="center" colsep="0" valign="bottom">in voller Höhe</entry></row><row><entry VJ="1" align="center" colsep="1" nameend="col2" namest="col1">713</entry><entry VJ="1" colsep="1" nameend="col5" namest="col3">Pauschale für die Dokumentation mittels geeigneter elektronischer Bildaufzeichnungsmittel (§ 885a Abs. 2 Satz 2 ZPO) ..........</entry><entry VJ="1" align="center" colsep="0" valign="bottom">5,00 €</entry></row><row><entry VJ="1" align="center" colsep="1" nameend="col2" namest="col1"/><entry VJ="1" colsep="1" nameend="col5" namest="col3"> Mit der Pauschale sind insbesondere die Aufwendungen für die elektronische Datenaufbewahrung abgegolten.</entry><entry VJ="1" align="center" colsep="0" valign="bottom"/></row><row><entry VJ="1" align="center" colsep="1" nameend="col2" namest="col1">714</entry><entry VJ="1" colsep="1" nameend="col5" namest="col3">An Dritte zu zahlende Beträge für den Versand oder den Transport von Sachen oder Tieren im Rahmen der Verwertung an den Ersteher oder an einen von diesem benannten Dritten und für eine von dem Ersteher beantragte Versicherung für den Versand oder den Transport ..........</entry><entry VJ="1" align="center" colsep="0" valign="bottom">in voller Höhe</entry></row><row><entry VJ="1" align="center" colsep="1" nameend="col2" namest="col1">715</entry><entry VJ="1" colsep="1" nameend="col5" namest="col3">Kosten für die Verpackung im Fall der Nummer 714 ..........</entry><entry VJ="1" align="center" colsep="0">in voller Höhe – mindestens 3,00 €</entry></row><row><entry VJ="1" align="center" colsep="1" nameend="col2" namest="col1" valign="top">716</entry><entry VJ="1" align="left" colsep="1" nameend="col5" namest="col3" valign="top">Pauschale für sonstige bare Auslagen je Auftrag</entry><entry VJ="1" align="center" colsep="0" valign="top">20% der zu erhebenden Gebühren - mindestens 3,00 €, höchstens 10,00 €</entry></row><row><entry VJ="1" align="center" nameend="col2" namest="col1">717</entry><entry VJ="1" nameend="col5" namest="col3">Umsatzsteuer auf die Kosten<BR/>Dies gilt nicht, wenn die Umsatzsteuer nach § 19 Abs. 1 UStG unerhoben bleibt.</entry><entry VJ="1" align="center"><BR/><BR/>in voller Höhe</entry></row></tbody></tgroup></table></P></Content></text><fussnoten/></textdaten></norm>
</dokumente>