<?xml version="1.0" encoding="UTF-8" ?><!DOCTYPE dokumente SYSTEM "http://www.gesetze-im-internet.de/dtd/1.01/gii-norm.dtd">
<dokumente builddate="20240731214523" doknr="BJNR159600013"><norm builddate="20240731214523" doknr="BJNR159600013"><metadaten><jurabk>BMVgBDGAnO</jurabk><amtabk>BMVgBDGAnO</amtabk><ausfertigung-datum manuell="ja">2013-06-07</ausfertigung-datum><fundstelle typ="amtlich"><periodikum>BGBl I</periodikum><zitstelle>2013, 1596</zitstelle></fundstelle><langue>Anordnung zur Übertragung disziplinarrechtlicher Zuständigkeiten und Befugnisse im Geschäftsbereich des Bundesministeriums der Verteidigung</langue><standangabe checked="ja"><standtyp>Stand</standtyp><standkommentar>Zuletzt geändert durch Art. 1 AnO v. 15.7.2024 I Nr. 242</standkommentar></standangabe></metadaten><textdaten><fussnoten><Content><P><BR/> <pre xml:space="preserve">(+++ Textnachweis ab: 1.7.2013 +++)<BR/><BR/></pre></P></Content></fussnoten></textdaten></norm>
<norm builddate="20240731214523" doknr="BJNR159600013BJNE000100000"><metadaten><jurabk>BMVgBDGAnO</jurabk><enbez>Eingangsformel</enbez></metadaten><textdaten><text format="XML"><Content><P>Nach § 33 Absatz 5, § 34 Absatz 2 Satz 2, § 42 Absatz 1 Satz 2 und § 84 Satz 2 des Bundesdisziplinargesetzes vom 9. Juli 2001 (BGBl. I S. 1510) ordnet das Bundesministerium der Verteidigung an:</P></Content></text></textdaten></norm>
<norm builddate="20240731214523" doknr="BJNR159600013BJNE000206130"><metadaten><jurabk>BMVgBDGAnO</jurabk><enbez>§ 1</enbez></metadaten><textdaten><text format="XML"><Content><P>Die Befugnis zur Kürzung der Dienstbezüge bis zum Höchstmaß nach § 33 Absatz 3 Nummer 1 des Bundesdisziplinargesetzes in der bis zum 31. März 2024 geltenden Fassung und nach § 34 Absatz 2 Nummer 1 des Bundesdisziplinargesetzes in der ab dem 1. April 2024 geltenden Fassung wird für den jeweiligen Kommando- oder Geschäftsbereich übertragen: <DL Font="normal" Type="arabic"><DT>1.</DT><DD Font="normal"><LA Size="normal">den Inspekteurinnen oder Inspekteuren <DL Font="normal" Type="alpha"><DT>a)</DT><DD Font="normal"><LA Size="normal">des Heeres,</LA></DD><DT>b)</DT><DD Font="normal"><LA Size="normal">der Luftwaffe,</LA></DD><DT>c)</DT><DD Font="normal"><LA Size="normal">der Marine,</LA></DD><DT>d)</DT><DD Font="normal"><LA Size="normal">des Zentralen Sanitätsdienstes der Bundeswehr,</LA></DD><DT>e)</DT><DD Font="normal"><LA Size="normal">der Streitkräftebasis,</LA></DD><DT>f)</DT><DD Font="normal"><LA Size="normal">des Cyber- und Informationsraums,</LA></DD></DL></LA></DD><DT>2.</DT><DD Font="normal"><LA Size="normal">der Befehlshaberin oder dem Befehlshaber <DL Font="normal" Type="alpha"><DT>a)</DT><DD Font="normal"><LA Size="normal">des Einsatzführungskommandos der Bundeswehr,</LA></DD><DT>b)</DT><DD Font="normal"><LA Size="normal">des Territorialen Führungskommandos der Bundeswehr,</LA></DD></DL></LA></DD><DT>3.</DT><DD Font="normal"><LA Size="normal">den Präsidentinnen oder Präsidenten <DL Font="normal" Type="alpha"><DT>a)</DT><DD Font="normal"><LA Size="normal">des Bildungszentrums der Bundeswehr,</LA></DD><DT>b)</DT><DD Font="normal"><LA Size="normal">des Bundesamtes für Ausrüstung, Informationstechnik und Nutzung der Bundeswehr,</LA></DD><DT>c)</DT><DD Font="normal"><LA Size="normal">des Bundesamtes für das Personalmanagement der Bundeswehr,</LA></DD><DT>d)</DT><DD Font="normal"><LA Size="normal">des Bundesamtes für den Militärischen Abschirmdienst,</LA></DD><DT>e)</DT><DD Font="normal"><LA Size="normal">des Bundesamtes für Infrastruktur, Umweltschutz und Dienstleistungen der Bundeswehr,</LA></DD><DT>f)</DT><DD Font="normal"><LA Size="normal">des Bundessprachenamtes,</LA></DD><DT>g)</DT><DD Font="normal"><LA Size="normal">der Truppendienstgerichte,</LA></DD><DT>h)</DT><DD Font="normal"><LA Size="normal">der Universitäten der Bundeswehr,</LA></DD></DL></LA></DD><DT>4.</DT><DD Font="normal"><LA Size="normal">der Amtschefin oder dem Amtschef des Luftfahrtamtes der Bundeswehr,</LA></DD><DT>5.</DT><DD Font="normal"><LA Size="normal">der Präsidentin, dem Präsidenten, der Amtschefin oder dem Amtschef des Planungsamtes der Bundeswehr,</LA></DD><DT>6.</DT><DD Font="normal"><LA Size="normal">der Kommandeurin oder dem Kommandeur der Führungsakademie der Bundeswehr,</LA></DD><DT>7.</DT><DD Font="normal"><LA Size="normal">der Kommandeurin oder dem Kommandeur des Zentrums Innere Führung,</LA></DD><DT>8.</DT><DD Font="normal"><LA Size="normal">der Leiterin oder dem Leiter des Evangelischen Kirchenamtes für die Bundeswehr,</LA></DD><DT>9.</DT><DD Font="normal"><LA Size="normal">dem Leiter des Katholischen Militärbischofsamtes,</LA></DD><DT>10.</DT><DD Font="normal"><LA Size="normal">der Leiterin oder dem Leiter des Militärrabbinats,</LA></DD><DT>11.</DT><DD Font="normal"><LA Size="normal">der Bundeswehrdisziplinaranwältin oder dem Bundeswehrdisziplinaranwalt,</LA></DD><DT>12.</DT><DD Font="normal"><LA Size="normal">der dienstaufsichtführenden Rechtsberaterin oder dem dienstaufsichtführenden Rechtsberater in den dem Bundesministerium der Verteidigung unmittelbar nachgeordneten Dienststellen sowie</LA></DD><DT>13.</DT><DD Font="normal"><LA Size="normal">der Leiterin oder dem Leiter des Fachbereichs Bundeswehrverwaltung der Hochschule des Bundes für öffentliche Verwaltung.</LA></DD></DL></P></Content></text><fussnoten/></textdaten></norm>
<norm builddate="20240731214523" doknr="BJNR159600013BJNE000301130"><metadaten><jurabk>BMVgBDGAnO</jurabk><enbez>§ 2</enbez></metadaten><textdaten><text format="XML"><Content><P>(1) Die Befugnis zur Erhebung der Disziplinarklage nach § 34 Absatz 2 Satz 1 des Bundesdisziplinargesetzes in der bis zum 31. März 2024 geltenden Fassung wird den in § 1 genannten Dienstvorgesetzten für bis zu diesem Zeitpunkt eingeleitete Disziplinarverfahren übertragen.</P><P>(2) Die Befugnis zum Aussprechen der Zurückstufung und der Entfernung aus dem Beamtenverhältnis nach § 34 Absatz 4 Halbsatz 1 des Bundesdisziplinargesetzes wird für ab dem 1. April 2024 eingeleitete Disziplinarverfahren den in § 1 genannten Dienstvorgesetzten übertragen.</P></Content></text><fussnoten/></textdaten></norm>
<norm builddate="20240731214523" doknr="BJNR159600013BJNE000400000"><metadaten><jurabk>BMVgBDGAnO</jurabk><enbez>§ 3</enbez></metadaten><textdaten><text format="XML"><Content><P>Die Zuständigkeit zum Erlass des Widerspruchsbescheids nach § 42 Absatz 1 des Bundesdisziplinargesetzes wird der nächsthöheren Behörde übertragen. Ist die nächsthöhere Behörde das Bundesministerium der Verteidigung, erlässt die Behörde, die die angefochtene Entscheidung erlassen hat, den Widerspruchsbescheid.</P></Content></text></textdaten></norm>
<norm builddate="20240731214523" doknr="BJNR159600013BJNE000501130"><metadaten><jurabk>BMVgBDGAnO</jurabk><enbez>§ 4</enbez></metadaten><textdaten><text format="XML"><Content><P>Die Disziplinarbefugnisse gegenüber Ruhestandsbeamtinnen und Ruhestandsbeamten nach § 84 Satz 1 des Bundesdisziplinargesetzes werden der Präsidentin oder dem Präsidenten des Bundesamtes für das Personalmanagement der Bundeswehr übertragen. Für vor dem Ruhestand eingeleitete Disziplinarverfahren werden diese Disziplinarbefugnisse der bzw. dem in § 1 genannten Dienstvorgesetzten übertragen, die bzw. der vor Eintritt der Beamtin oder des Beamten in den Ruhestand disziplinarrechtlich zuständig gewesen ist.</P></Content></text><fussnoten/></textdaten></norm>
<norm builddate="20240731214523" doknr="BJNR159600013BJNE000600000"><metadaten><jurabk>BMVgBDGAnO</jurabk><enbez>§ 5</enbez></metadaten><textdaten><text format="XML"><Content><P>Diese Anordnung tritt am 1. Juli 2013 in Kraft. Gleichzeitig tritt die Anordnung zur Übertragung disziplinarrechtlicher Zuständigkeiten und Befugnisse im Geschäftsbereich des Bundesministeriums der Verteidigung vom 16. Januar 2002 (BGBl. I S. 613), die durch die Anordnung vom 15. August 2002 (BGBl. I S. 3668) geändert worden ist, außer Kraft.</P></Content></text></textdaten></norm>
</dokumente>