<?xml version="1.0" encoding="UTF-8" ?><!DOCTYPE dokumente SYSTEM "http://www.gesetze-im-internet.de/dtd/1.01/gii-norm.dtd">
<dokumente builddate="20240430220013" doknr="BJNR188510010"><norm builddate="20240430220013" doknr="BJNR188510010"><metadaten><jurabk>LuftVStG</jurabk><amtabk>LuftVStG</amtabk><ausfertigung-datum manuell="ja">2010-12-09</ausfertigung-datum><fundstelle typ="amtlich"><periodikum>BGBl I</periodikum><zitstelle>2010, 1885; 2013, 81</zitstelle></fundstelle><langue>Luftverkehrsteuergesetz</langue><standangabe checked="ja"><standtyp>Stand</standtyp><standkommentar>Zuletzt geändert durch Art. 1 G v. 27.3.2024 I Nr. 107</standkommentar></standangabe><standangabe checked="ja"><standtyp>Sonst</standtyp><standkommentar>§ 5 Nr. 5 ist nach Maßgabe der Bek. v. 15.1.2013 I 81 mWv 1.11.2011 in Kraft getreten.</standkommentar></standangabe></metadaten><textdaten><fussnoten><Content><P><BR/> <pre xml:space="preserve">(+++ Textnachweis ab: 15.12.2010 +++)<BR/> <BR/>(+++ Zur erstmaligen Anwendung vgl. § 19 +++)<BR/> <BR/>(+++ § 19 Abs. 3 Satz 1 u. Abs. 5 Satz 1: Zur Nichtanwendung ab 1.4.2020 vgl. Satz 2 LuftVStG§19Abs3u5Bek 2020 +++)<BR/><BR/></pre>Das G wurde als Artikel 1 des G v. 9.12.2010 I 1885 vom Bundestag beschlossen.  Es tritt gem. Artikel 24 Abs. 1 am 15.12.2010 in Kraft. § 5 Nr. 5 tritt mit Wirkung vom 1.1.2011 vorbehaltlich der hierzu erforderlichen beihilferechtlichen Genehmigung der Europäischen Kommission in Kraft. Der Tag des Inkrafttretens ist vom Bundesministerium der Finanzen im Bundesgesetzblatt gesondert bekannt zu geben.</P></Content></fussnoten></textdaten></norm>
<norm builddate="20240430220013" doknr="BJNR188510010BJNE000101123"><metadaten><jurabk>LuftVStG</jurabk><enbez>Inhaltsübersicht</enbez></metadaten><textdaten><text format="XML"><TOC><table frame="none" pgwide="1" tocentry="%yes;"><tgroup align="left" char="" charoff="50" cols="2"><colspec colname="col1" colwidth="7*"/><colspec colname="col2" colwidth="60*"/><tbody valign="top"><row><entry VJ="1" colname="col1" colsep="0" rowsep="0">§  1</entry><entry VJ="1" colname="col2" colsep="0" rowsep="0">Steuergegenstand</entry></row><row><entry VJ="1" colname="col1" colsep="0" rowsep="0">§  2</entry><entry VJ="1" colname="col2" colsep="0" rowsep="0">Begriffsbestimmungen</entry></row><row><entry VJ="1" colname="col1" colsep="0" rowsep="0">§  3</entry><entry VJ="1" colname="col2" colsep="0" rowsep="0">Sachlich und örtlich zuständige Behörde</entry></row><row><entry VJ="1" colname="col1" colsep="0" rowsep="0">§  4</entry><entry VJ="1" colname="col2" colsep="0" rowsep="0">Entstehung der Steuer</entry></row><row><entry VJ="1" colname="col1" colsep="0" rowsep="0">§  5</entry><entry VJ="1" colname="col2" colsep="0" rowsep="0">Steuerbefreiungen</entry></row><row><entry VJ="1" colname="col1" colsep="0" rowsep="0">§  6</entry><entry VJ="1" colname="col2" colsep="0" rowsep="0">Steuer- und Haftungsschuldner</entry></row><row><entry VJ="1" colname="col1" colsep="0" rowsep="0">§  7</entry><entry VJ="1" colname="col2" colsep="0" rowsep="0">Registrierung</entry></row><row><entry VJ="1" colname="col1" colsep="0" rowsep="0">§  8</entry><entry VJ="1" colname="col2" colsep="0" rowsep="0">Steuerliche Beauftragte</entry></row><row><entry VJ="1" colname="col1" colsep="0" rowsep="0">§  9</entry><entry VJ="1" colname="col2" colsep="0" rowsep="0">Sicherheit</entry></row><row><entry VJ="1" colname="col1" colsep="0" rowsep="0">§ 10</entry><entry VJ="1" colname="col2" colsep="0" rowsep="0">Bemessungsgrundlage</entry></row><row><entry VJ="1" colname="col1" colsep="0" rowsep="0">§ 11</entry><entry VJ="1" colname="col2" colsep="0" rowsep="0">Steuersatz</entry></row><row><entry VJ="1" colname="col1" colsep="0" rowsep="0">§ 12</entry><entry VJ="1" colname="col2" colsep="0" rowsep="0">Steueranmeldung, Fälligkeit</entry></row><row><entry VJ="1" colname="col1" colsep="0" rowsep="0">§ 13</entry><entry VJ="1" colname="col2" colsep="0" rowsep="0">Aufzeichnungspflichten</entry></row><row><entry VJ="1" colname="col1" colsep="0" rowsep="0">§ 14</entry><entry VJ="1" colname="col2" colsep="0" rowsep="0">Steueraufsicht</entry></row><row><entry VJ="1" colname="col1" colsep="0" rowsep="0">§ 15</entry><entry VJ="1" colname="col2" colsep="0" rowsep="0">Geschäftsstatistik</entry></row><row><entry VJ="1" colname="col1" colsep="0" rowsep="0">§ 16</entry><entry VJ="1" colname="col2" colsep="0" rowsep="0">Bußgeldvorschriften</entry></row><row><entry VJ="1" colname="col1" colsep="0" rowsep="0">§ 17</entry><entry VJ="1" colname="col2" colsep="0" rowsep="0">Datenaustausch und Auskunftspflichten</entry></row><row><entry VJ="1" colname="col1" colsep="0" rowsep="0">§ 18</entry><entry VJ="1" colname="col2" colsep="0" rowsep="0">Ermächtigungen</entry></row><row><entry VJ="1" colname="col1" colsep="0" rowsep="0">§ 19</entry><entry VJ="1" colname="col2" colsep="0" rowsep="0">Anwendungsvorschriften und Übergangsvorschriften</entry></row></tbody></tgroup></table><table frame="none" pgwide="1" tocentry="%yes;"><tgroup align="left" char="" charoff="50" cols="2"><colspec colname="col1" colwidth="8.5*"/><colspec colname="col2" colwidth="43*"/><tbody valign="top"><row><entry VJ="1" colname="col1" colsep="0" rowsep="0">Anlage 1</entry><entry VJ="1" colname="col2" colsep="0" rowsep="0">(zu § 11)</entry></row><row><entry VJ="1" colname="col1" colsep="0" rowsep="0">Anlage 2</entry><entry VJ="1" colname="col2" colsep="0" rowsep="0">(zu § 11)</entry></row></tbody></tgroup></table></TOC></text><fussnoten/></textdaten></norm>
<norm builddate="20240430220014" doknr="BJNR188510010BJNE000200000"><metadaten><jurabk>LuftVStG</jurabk><enbez>§ 1</enbez><titel format="XML">Steuergegenstand</titel></metadaten><textdaten><text format="XML"><Content><P>(1) Der Luftverkehrsteuer unterliegt ein Rechtsvorgang, der zum Abflug eines Fluggastes von einem inländischen Startort mit einem Flugzeug oder Drehflügler durch ein Luftverkehrsunternehmen zu einem Zielort berechtigt.</P><P>(2) Als Rechtsvorgang im Sinne des Absatzes 1 gilt auch die Zuweisung eines Sitzplatzes in einem Flugzeug oder Drehflügler an einen Fluggast, wenn kein anderer Rechtsvorgang im Sinne dieses Gesetzes vorausgegangen ist.</P></Content></text><fussnoten><Content><P>§ 1: Mit GG (100-1) vereinbar gem. BVerfGE v. 5.11.2014 I 1764 - 1 BvF 3/11 -</P></Content></fussnoten></textdaten></norm>
<norm builddate="20240430220014" doknr="BJNR188510010BJNE000300000"><metadaten><jurabk>LuftVStG</jurabk><enbez>§ 2</enbez><titel format="XML">Begriffsbestimmungen</titel></metadaten><textdaten><text format="XML"><Content><P>Im Sinne dieses Gesetzes ist oder sind: <DL Type="arabic"><DT>1.</DT><DD Font="normal"><LA>Startort:</LA><LA>ein Flughafen, Landeplatz oder Segelflugplatz nach § 6 Absatz 1 des Luftverkehrsgesetzes sowie Grundstücke, für die eine Erlaubnis nach § 25 Absatz 1 Satz 1 des Luftverkehrsgesetzes notwendig ist;</LA></DD><DT>2.</DT><DD Font="normal"><LA>Luftverkehrsunternehmen:</LA><LA>ein Unternehmen mit einer gültigen Betriebsgenehmigung oder einer gleichwertigen Genehmigung, durch die es zur gewerblichen Beförderung von Personen mit einem Flugzeug oder Drehflügler berechtigt ist;</LA></DD><DT>3.</DT><DD Font="normal"><LA>Abflug:</LA><LA>das Abheben eines Flugzeugs oder Drehflüglers von einem inländischen oder ausländischen Startort, mit dem die Flugreise auf Grund des Rechtsvorgangs beginnt;</LA></DD><DT>4.</DT><DD Font="normal"><LA>Zielort:</LA><LA>der inländische oder ausländische Ort, auf dem gemäß dem Rechtsvorgang die Flugreise des Fluggastes planmäßig enden soll. Wird die Flugreise planmäßig auf einem inländischen Flugplatz nach § 6 Absatz 1 des Luftverkehrsgesetzes oder Grundstück, für das eine Erlaubnis nach § 25 Absatz 1 Satz 1 des Luftverkehrsgesetzes notwendig ist, durch eine Zwischenlandung nach Nummer 5 unterbrochen, so gilt der inländische Flugplatz nach § 6 Absatz 1 des Luftverkehrsgesetzes oder das Grundstück, für das eine Erlaubnis nach § 25 Absatz 1 Satz 1 des Luftverkehrsgesetzes notwendig ist, auf dem die Zwischenlandung erfolgt, als der Zielort, auf dem die Flugreise des Fluggastes endet, und der Weiterflug als neuer Abflug zu einem Zielort im Sinne von § 4;</LA></DD><DT>5.</DT><DD Font="normal"><LA>Zwischenlandung:</LA><LA>Flugunterbrechungen von: <DL Type="alpha"><DT>a)</DT><DD Font="normal"><LA>mehr als zwölf Stunden bei Flügen, die zu einem Zielort in einem Land nach Anlage 1 führen,</LA></DD><DT>b)</DT><DD Font="normal"><LA>mehr als 24 Stunden bei Flügen, die zu einem Zielort in einem nicht in Anlage 1 genannten Land führen;</LA></DD></DL></LA></DD><DT>6.</DT><DD Font="normal"><LA>Rundflug:</LA><LA>ein Flug, bei dem der Startort des Abfluges und der Zielort identisch sind und während des Fluges keine weitere Landung erfolgt;</LA></DD><DT>7.</DT><DD Font="normal"><LA>Flugbesatzung:</LA><LA>alle Personen an Bord eines Flugzeugs oder Drehflüglers, die <DL Type="alpha"><DT>a)</DT><DD Font="normal"><LA>mit dem Führen des Flugzeugs oder Drehflüglers,</LA></DD><DT>b)</DT><DD Font="normal"><LA>mit seiner technischen Überwachung, Wartung oder Reparatur,</LA></DD><DT>c)</DT><DD Font="normal"><LA>mit der Sicherheit der Fluggäste oder</LA></DD><DT>d)</DT><DD Font="normal"><LA>mit der Versorgung der Fluggäste</LA></DD></DL>befasst sind.</LA></DD></DL></P></Content></text><fussnoten><Content><P>§ 2 Nr. 4 u. 5: Mit GG (100-1) vereinbar gem. BVerfGE v. 5.11.2014 I 1764 - 1 BvF 3/11 -</P></Content></fussnoten></textdaten></norm>
<norm builddate="20240430220014" doknr="BJNR188510010BJNE000401140"><metadaten><jurabk>LuftVStG</jurabk><enbez>§ 3</enbez><titel format="XML">Sachlich und örtlich zuständige Behörde</titel></metadaten><textdaten><text format="XML"><Content><P>(1) Sachlich zuständige Behörde für die Durchführung dieses Gesetzes ist das Hauptzollamt.</P><P>(2) Örtlich zuständige Behörde ist das Hauptzollamt, von dessen Bezirk aus der Unternehmer sein Luftverkehrsunternehmen betreibt. Für Luftverkehrsunternehmen, die ihren Sitz in einem anderen Mitgliedstaat der Europäischen Union haben und keinen steuerlichen Beauftragten benannt haben, ist das Hauptzollamt örtlich zuständig, in dessen Bezirk der erste Abflug erfolgt. Wurde ein steuerlicher Beauftragter benannt, ist das Hauptzollamt örtlich zuständig, in dessen Bezirk der steuerliche Beauftragte seinen Sitz hat. Für die Erteilung einer Erlaubnis gemäß § 8 Absatz 2 ist das Hauptzollamt örtlich zuständig, in dessen Bezirk der Antragsteller seinen Sitz hat. Abweichend von Satz 2 verbleibt die örtliche Zuständigkeit für Luftverkehrsunternehmen, die ihren Sitz in einem anderen Mitgliedstaat der Europäischen Union haben und die Benennung eines steuerlichen Beauftragten aufheben, bei dem bisher örtlich zuständigen Hauptzollamt. Für Luftverkehrsunternehmen, die ihren Sitz nicht im Inland oder in einem anderen Mitgliedstaat der Europäischen Union haben und keinen steuerlichen Beauftragten benannt haben, ist bis zur Benennung des steuerlichen Beauftragten das Hauptzollamt örtlich zuständig, in dessen Bezirk der erste Abflug erfolgt.</P></Content></text><fussnoten/></textdaten></norm>
<norm builddate="20240430220014" doknr="BJNR188510010BJNE000500000"><metadaten><jurabk>LuftVStG</jurabk><enbez>§ 4</enbez><titel format="XML">Entstehung der Steuer</titel></metadaten><textdaten><text format="XML"><Content><P>Die Steuer nach § 1 entsteht mit dem Abflug des Fluggastes von einem inländischen Startort.</P></Content></text><fussnoten><Content><P>§ 4: Mit GG (100-1) vereinbar gem. BVerfGE v. 5.11.2014 I 1764 - 1 BvF 3/11 -</P></Content></fussnoten></textdaten></norm>
<norm builddate="20240430220014" doknr="BJNR188510010BJNE000602123"><metadaten><jurabk>LuftVStG</jurabk><enbez>§ 5</enbez><titel format="XML">Steuerbefreiungen</titel></metadaten><textdaten><text format="XML"><Content><P>Von der Besteuerung ausgenommen sind die folgenden Rechtsvorgänge, die zu einem Abflug von einem inländischen Startort berechtigen: <DL Font="normal" Type="arabic"><DT>1.</DT><DD Font="normal"><LA Size="normal">Abflüge von Fluggästen, die das zweite Lebensjahr noch nicht vollendet haben, soweit sie keinen eigenen Sitzplatz haben;</LA></DD><DT>2.</DT><DD Font="normal"><LA Size="normal">Abflüge von Fluggästen in Flugzeugen oder Drehflüglern, wenn der Flug ausschließlich militärischen oder anderen hoheitlichen Zwecken dient;</LA></DD><DT>3.</DT><DD Font="normal"><LA Size="normal">erneute Abflüge von Fluggästen, die infolge eines Flugabbruchs zum inländischen Startort, von dem der Abflug erfolgt ist, zurückgekehrt sind oder zu einem anderen inländischen Flugplatz nach § 6 Absatz 1 des Luftverkehrsgesetzes oder Grundstück, für das eine Erlaubnis nach § 25 Absatz 1 Satz 1 des Luftverkehrsgesetzes notwendig ist, befördert wurden;</LA></DD><DT>4.</DT><DD Font="normal"><LA Size="normal">Abflüge von Fluggästen, <DL Font="normal" Type="alpha"><DT>a)</DT><DD Font="normal"><LA Size="normal">die ihren Hauptwohnsitz auf einer inländischen Insel haben,</LA></DD><DT>b)</DT><DD Font="normal"><LA Size="normal">die der medizinischen Versorgung von Personen, die sich auf einer inländischen Insel aufhalten, dienen oder</LA></DD><DT>c)</DT><DD Font="normal"><LA Size="normal">die hoheitliche Aufgaben auf einer inländischen Insel wahrnehmen</LA></DD></DL>von und zu dieser inländischen Insel, vorausgesetzt, die Insel ist nicht über einen tidenunabhängigen Straßen- oder Gleisanschluss mit dem Festland verbunden und der Start- oder Zielort auf dem Festland ist nicht weiter als 100 Kilometer Luftlinie von der Küste entfernt oder befindet sich auf einer anderen inländischen Insel;</LA></DD><DT>5.</DT><DD Font="normal"><LA Size="normal">(weggefallen)</LA></DD><DT>6.</DT><DD Font="normal"><LA Size="normal">Abflüge von Fluggästen in Flugzeugen oder Drehflüglern, die ausschließlich medizinischen Zwecken dienen;</LA></DD><DT>7.</DT><DD Font="normal"><LA Size="normal">Abflüge von Fluggästen in Flugzeugen mit einem maximalen Startgewicht bis zu 2 000 Kilogramm oder in Drehflüglern mit einem maximalen Startgewicht bis zu 2 500 Kilogramm bei Rundflügen;</LA></DD><DT>8.</DT><DD Font="normal"><LA Size="normal">Abflüge von Flugbesatzungen.</LA></DD></DL></P></Content></text><fussnoten><Content><P>§ 5 Nr. 2 u. 4 Buchst. c: Mit GG (100-1) vereinbar gem. BVerfGE v. 5.11.2014 I 1764 - 1 BvF 3/11 -</P></Content></fussnoten></textdaten></norm>
<norm builddate="20240430220014" doknr="BJNR188510010BJNE000702123"><metadaten><jurabk>LuftVStG</jurabk><enbez>§ 6</enbez><titel format="XML">Steuer- und Haftungsschuldner</titel></metadaten><textdaten><text format="XML"><Content><P>(1) Steuerschuldner ist das Luftverkehrsunternehmen, das den Abflug nach § 1 durchführt. Daneben ist der steuerliche Beauftragte (§ 8) Steuerschuldner. Das Luftverkehrsunternehmen und der steuerliche Beauftragte sind Gesamtschuldner.</P><P>(2) Benennt ein Unternehmen, das keinen Sitz im Inland oder in einem anderen Mitgliedstaat der Europäischen Union hat, keinen steuerlichen Beauftragten, so haften der Eigentümer und der Halter des Flugzeugs oder Drehflüglers für die Steuerschuld. Abweichend von § 219 der Abgabenordnung dürfen die Haftungsschuldner auch dann auf Zahlung in Anspruch genommen werden, wenn nicht zuvor in das bewegliche Vermögen des Steuerschuldners vollstreckt worden ist oder wenn nicht anzunehmen ist, dass die Vollstreckung aussichtslos sein würde.</P></Content></text><fussnoten/></textdaten></norm>
<norm builddate="20240430220014" doknr="BJNR188510010BJNE000802123"><metadaten><jurabk>LuftVStG</jurabk><enbez>§ 7</enbez><titel format="XML">Registrierung</titel></metadaten><textdaten><text format="XML"><Content><P>(1) Luftverkehrsunternehmen, die Abflüge im Sinne des § 1 vornehmen wollen, haben sich spätestens drei Wochen vor Durchführung des ersten Abflugs von einem inländischen Startort schriftlich gemäß Absatz 2 Satz 1 bis 3 beim zuständigen Hauptzollamt registrieren zu lassen. Abweichend von Satz 1 hat das Luftverkehrsunternehmen dem zuständigen Hauptzollamt unverzüglich schriftlich die Angaben nach Absatz 2 Satz 1 Nummer 1 bis 3 sowie das Abflugdatum und den inländischen Startort, von dem der Abflug durchgeführt werden soll, zu übermitteln, wenn <DL Font="normal" Type="arabic"><DT>1.</DT><DD Font="normal"><LA Size="normal">zwischen dem zugrunde liegenden Rechtsvorgang und dem ersten Abflug weniger als drei Wochen liegen oder</LA></DD><DT>2.</DT><DD Font="normal"><LA Size="normal">höchstens zwei Abflüge im Kalenderjahr vorgenommen werden.</LA></DD></DL>In den Fällen des Satzes 2 Nummer 1 ist der Antrag auf Registrierung gemäß Satz 1 binnen drei Wochen nach Eingang der Anzeige beim zuständigen Hauptzollamt nachzuholen.</P><P>(2) Im Antrag auf Registrierung sind von dem Luftverkehrsunternehmen anzugeben: <DL Font="normal" Type="arabic"><DT>1.</DT><DD Font="normal"><LA Size="normal">der Name des Unternehmens,</LA></DD><DT>2.</DT><DD Font="normal"><LA Size="normal">der Geschäfts- oder der Wohnsitz,</LA></DD><DT>3.</DT><DD Font="normal"><LA Size="normal">die Rechtsform,</LA></DD><DT>4.</DT><DD Font="normal"><LA Size="normal">der abweichende Ort der Buchführung sowie</LA></DD><DT>5.</DT><DD Font="normal"><LA Size="normal">falls erteilt, die Steuernummer beim Finanzamt und falls erteilt, die Umsatzsteuer-Identifikationsnummer nach § 27a des Umsatzsteuergesetzes.</LA></DD></DL>Dem Antrag sind beizufügen: <DL Font="normal" Type="arabic"><DT>1.</DT><DD Font="normal"><LA Size="normal">ein Nachweis über die Betriebsgenehmigung als Luftverkehrsunternehmen,</LA></DD><DT>2.</DT><DD Font="normal"><LA Size="normal">ein Verzeichnis der inländischen Startorte, von denen ein Abflug beabsichtigt ist,</LA></DD><DT>3.</DT><DD Font="normal"><LA Size="normal">von Unternehmen, die in das Handelsregister eingetragen sind, ein aktueller Registerauszug sowie</LA></DD><DT>4.</DT><DD Font="normal"><LA Size="normal">eine Erklärung, wann der erste Abflug stattfinden wird.</LA></DD></DL>Luftverkehrsunternehmen, die keinen Sitz im Inland oder in einem anderen Mitgliedstaat der Europäischen Union haben, haben dem Hauptzollamt im Antrag auf Registrierung zusätzlich einen nach § 8 zugelassenen Beauftragten zu benennen und für diesen entsprechende Unterlagen vorzulegen. Andere Luftverkehrsunternehmen können einen steuerlichen Beauftragten nach § 8 benennen.</P><P>(3) Das Luftverkehrsunternehmen hat auf Verlangen des Hauptzollamts weitere Angaben zu machen, wenn diese zur Sicherung des Steueraufkommens oder für die Steueraufsicht (§ 14) erforderlich erscheinen.</P><P>(4) Das Luftverkehrsunternehmen hat dem Hauptzollamt Änderungen der in Absatz 2 angegebenen Verhältnisse sowie Überschuldung, drohende oder eingetretene Zahlungsunfähigkeit, Zahlungseinstellung und Stellung des Antrags auf Eröffnung eines Insolvenzverfahrens unverzüglich schriftlich anzuzeigen.</P><P>(5) Das Hauptzollamt erteilt Luftverkehrsunternehmen einen schriftlichen Nachweis über die erfolgte Registrierung.</P></Content></text><fussnoten/></textdaten></norm>
<norm builddate="20240430220014" doknr="BJNR188510010BJNE000901123"><metadaten><jurabk>LuftVStG</jurabk><enbez>§ 8</enbez><titel format="XML">Steuerliche Beauftragte</titel></metadaten><textdaten><text format="XML"><Content><P>(1) Steuerliche Beauftragte vertreten das Luftverkehrsunternehmen bei der Erfüllung seiner steuerlichen Rechte und Pflichten nach diesem Gesetz. Der steuerliche Beauftragte hat die Pflichten des Luftverkehrsunternehmens nach diesem Gesetz als eigene zu erfüllen. Er hat die gleichen Rechte und Pflichten wie der Vertretene.</P><P>(2) Die Tätigkeit als steuerlicher Beauftragter eines Luftverkehrsunternehmens im Sinne des § 7 Absatz 2 Satz 3 bedarf der Erlaubnis durch das zuständige Hauptzollamt. Sie wird auf Antrag unter Widerrufsvorbehalt Personen erteilt, die ihren Geschäftssitz im Inland haben, gegen deren steuerliche Zuverlässigkeit keine Bedenken bestehen und die – soweit sie nach dem Handelsgesetzbuch oder der Abgabenordnung dazu verpflichtet sind – ordnungsmäßig kaufmännische Bücher führen und rechtzeitig Jahresabschlüsse aufstellen.</P><P>(3) Der Antrag auf Erteilung einer Erlaubnis zur Ausübung der Tätigkeit als steuerlicher Beauftragter hat folgende Angaben zu enthalten: <DL Font="normal" Type="arabic"><DT>1.</DT><DD Font="normal"><LA Size="normal">den Namen des Antragstellers,</LA></DD><DT>2.</DT><DD Font="normal"><LA Size="normal">den Geschäfts- oder den Wohnsitz,</LA></DD><DT>3.</DT><DD Font="normal"><LA Size="normal">die Rechtsform,</LA></DD><DT>4.</DT><DD Font="normal"><LA Size="normal">den abweichenden Ort der Buchführung sowie</LA></DD><DT>5.</DT><DD Font="normal"><LA Size="normal">die Steuernummer beim Finanzamt und, falls erteilt, die Umsatzsteuer-Identifikationsnummer (§ 27a des Umsatzsteuergesetzes).</LA></DD></DL>Dem Antrag auf Erlaubnis ist bei nicht eingetragenen Unternehmen eine Kopie der aktuellen Empfangsbescheinigung der Gewerbeanmeldung und bei Unternehmen, die in das Handels-, Genossenschafts- oder Vereinsregister eingetragen sind, ein aktueller Registerauszug beizufügen. Der Antragsteller hat auf Verlangen des Hauptzollamts weitere Angaben zu machen, wenn diese zur Sicherung des Steueraufkommens oder für die Steueraufsicht (§ 14) erforderlich erscheinen.</P><P>(4) Zur Sicherstellung des Steueraufkommens hat der steuerliche Beauftragte dem Hauptzollamt Änderungen der in Absatz 3 angegebenen Verhältnisse sowie Überschuldung, drohende oder eingetretene Zahlungsunfähigkeit, Zahlungseinstellung und Stellung des Antrags auf Eröffnung eines Insolvenzverfahrens unverzüglich schriftlich anzuzeigen.</P><P>(5) Die Erlaubnis des Beauftragten ist zu widerrufen, wenn eine der in Absatz 2 Satz 2 genannten Voraussetzungen nicht mehr erfüllt ist.</P></Content></text><fussnoten/></textdaten></norm>
<norm builddate="20240430220014" doknr="BJNR188510010BJNE001000000"><metadaten><jurabk>LuftVStG</jurabk><enbez>§ 9</enbez><titel format="XML">Sicherheit</titel></metadaten><textdaten><text format="XML"><Content><P>Das Hauptzollamt kann von den Steuerschuldnern eine Sicherheit bis zur Höhe der Steuer verlangen, die voraussichtlich für zwei Kalendermonate entsteht, wenn Anzeichen für eine Gefährdung der Steuer erkennbar sind.</P></Content></text></textdaten></norm>
<norm builddate="20240430220014" doknr="BJNR188510010BJNE001100000"><metadaten><jurabk>LuftVStG</jurabk><enbez>§ 10</enbez><titel format="XML">Bemessungsgrundlage</titel></metadaten><textdaten><text format="XML"><Content><P>Die Steuer bemisst sich nach der Lage des jeweils gewählten Zielorts und der Anzahl der beförderten Fluggäste.</P></Content></text><fussnoten><Content><P>§ 10: Mit GG (100-1) vereinbar gem. BVerfGE v. 5.11.2014 I 1764 - 1 BvF 3/11 -</P></Content></fussnoten></textdaten></norm>
<norm builddate="20240430220014" doknr="BJNR188510010BJNE001205123"><metadaten><jurabk>LuftVStG</jurabk><enbez>§ 11</enbez><titel format="XML">Steuersatz</titel></metadaten><textdaten><text format="XML"><Content><P>(1) Die Steuer beträgt je Fluggast für Flüge mit einem Zielort <BR/><BR/><table frame="none" tocentry="%yes;"><tgroup align="left" char="" charoff="50" cols="3"><colspec colname="col1" colwidth="0.13*"/><colspec colname="col2" colwidth="1.43*"/><colspec colname="col3" colwidth="1.44*"/><tbody valign="top"><row><entry VJ="1" colsep="0" rowsep="0">1.</entry><entry VJ="1" colsep="0" rowsep="0">in einem Land der Anlage 1<BR/>zu diesem Gesetz</entry><entry VJ="1" colsep="0" rowsep="0"><BR/>15,53 Euro</entry></row><row><entry VJ="1" colsep="0" rowsep="0">2.</entry><entry VJ="1" colsep="0" rowsep="0">in einem Land der Anlage 2<BR/>zu diesem Gesetz</entry><entry VJ="1" colsep="0" rowsep="0"><BR/>39,34 Euro</entry></row><row><entry VJ="1" colsep="0" rowsep="0">3.</entry><entry VJ="1" colsep="0" rowsep="0">in anderen Ländern</entry><entry VJ="1" colsep="0" rowsep="0">70,83 Euro.</entry></row></tbody></tgroup></table></P><P>(2) Das Bundesministerium der Finanzen wird ab dem Jahr 2025 ermächtigt und verpflichtet, durch Rechtsverordnung ohne Zustimmung des Bundesrates die Steuersätze nach Absatz 1 jeweils mit Wirkung für das folgende Kalenderjahr prozentual abzusenken, sofern das Luftverkehrsteueraufkommen in dem Vorjahr den Betrag von 2,33 Milliarden Euro übersteigt. Die prozentuale Absenkung errechnet sich aus dem Verhältnis des 2,33 Milliarden Euro übersteigenden Aufkommensbetrags zum 31. Dezember des jeweiligen Vorjahres zu 2,33 Milliarden Euro. Der abgesenkte Steuersatz wird auf volle Cent gerundet.</P><P>(3) Die Steuer wird ermäßigt auf einen Steuersatz in Höhe von 20 Prozent des Steuersatzes nach § 11 Absatz 1 Nummer 1 für Rechtsvorgänge, die zu Abflügen von Fluggästen berechtigen, die nicht bereits nach § 5 Nummer 4 steuerbefreit sind, von und zu einer inländischen, dänischen oder niederländischen Nordseeinsel, die nicht über einen tidenunabhängigen Straßen- oder Gleisanschluss mit dem Festland verbunden ist, wenn der Start- oder Zielort <DL Font="normal" Type="arabic"><DT>1.</DT><DD Font="normal"><LA Size="normal">auf dem Festland nicht weiter als 100 Kilometer Luftlinie von der Küste entfernt ist oder</LA></DD><DT>2.</DT><DD Font="normal"><LA Size="normal">sich auf einer anderen inländischen, dänischen oder niederländischen Nordseeinsel befindet.</LA></DD></DL></P></Content></text><fussnoten><Content><P>§ 11: Mit GG (100-1) vereinbar gem. BVerfGE v. 5.11.2014 I 1764 - 1 BvF 3/11 -</P></Content></fussnoten></textdaten></norm>
<norm builddate="20240430220014" doknr="BJNR188510010BJNE001301123"><metadaten><jurabk>LuftVStG</jurabk><enbez>§ 12</enbez><titel format="XML">Steueranmeldung, Fälligkeit</titel></metadaten><textdaten><text format="XML"><Content><P>(1) Der Steuerschuldner hat bis zum 10. Tag nach Ablauf des Kalendermonats, in dem die Steuer entstanden ist oder eine Steuerbefreiung nach § 5 in Anspruch genommen wurde, eine Steuererklärung nach amtlich vorgeschriebenem Vordruck abzugeben, in der die Steuer für den Kalendermonat selbst berechnet wird (Steueranmeldung). Die Steuer wird am 20. Tag nach Ablauf des Kalendermonats der Entstehung fällig.</P><P>(2) (weggefallen)</P><P>(3) Wird nach § 7 Absatz 1 kein Antrag auf Registrierung gestellt, hat der Steuerschuldner unverzüglich für jeden Abflug eine Steueranmeldung abzugeben. Die Steuer ist sofort fällig.</P></Content></text><fussnoten/></textdaten></norm>
<norm builddate="20240430220014" doknr="BJNR188510010BJNE001400000"><metadaten><jurabk>LuftVStG</jurabk><enbez>§ 13</enbez><titel format="XML">Aufzeichnungspflichten</titel></metadaten><textdaten><text format="XML"><Content><P>(1) Das Luftverkehrsunternehmen ist verpflichtet, zur Feststellung der Steuer, der Grundlagen ihrer Berechnung und zur Prüfung der Voraussetzungen der Steuerbefreiungen gemäß § 5 Aufzeichnungen gemäß Satz 2 und Absatz 2 Satz 1 zu führen. Die Aufzeichnungen müssen so beschaffen sein, dass es einem sachverständigen Dritten innerhalb einer angemessenen Frist möglich ist, die Grundlagen für die Besteuerung festzustellen. Soweit ein steuerlicher Beauftragter gemäß § 7 Absatz 2 Satz 3 und 4 benannt ist, hat das Luftverkehrsunternehmen diesem die Aufzeichnungen nach Satz 1 monatlich für den vorangegangenen Kalendermonat zu übermitteln. Der steuerliche Beauftragte hat die Aufzeichnungen zu Prüfungszwecken bereit zu halten.</P><P>(2) Aus den Aufzeichnungen müssen mindestens folgende Angaben ersichtlich sein: <DL Type="arabic"><DT>1.</DT><DD Font="normal"><LA>die Anzahl der von einem inländischen Startort abfliegenden Fluggäste je Flugzeug oder Drehflügler,</LA></DD><DT>2.</DT><DD Font="normal"><LA>der Startort, von dem der Abflug erfolgt, und der Zielort des Flugzeugs oder Drehflüglers,</LA></DD><DT>3.</DT><DD Font="normal"><LA>der Zeitpunkt des Abflugs von einem inländischen Startort.</LA></DD></DL>Das Hauptzollamt kann weitere Aufzeichnungen verlangen oder besondere Anordnungen zu den Aufzeichnungen treffen, wenn dies zur Sicherung des Steueraufkommens oder für die Steueraufsicht erforderlich scheint.</P></Content></text></textdaten></norm>
<norm builddate="20240430220014" doknr="BJNR188510010BJNE001500000"><metadaten><jurabk>LuftVStG</jurabk><enbez>§ 14</enbez><titel format="XML">Steueraufsicht</titel></metadaten><textdaten><text format="XML"><Content><P>Die für die Luftverkehrsteuer bedeutsamen Sachverhalte unterliegen der Steueraufsicht nach § 209 Absatz 3 der Abgabenordnung. Das Betretungsrecht erstreckt sich auch auf das Flugzeug oder den Drehflügler des der Steueraufsicht unterliegenden Luftverkehrsunternehmens sowie der Grundstücke und Räume, auf oder in denen sich das Flugzeug oder der Drehflügler befindet.</P></Content></text></textdaten></norm>
<norm builddate="20240430220014" doknr="BJNR188510010BJNE001600000"><metadaten><jurabk>LuftVStG</jurabk><enbez>§ 15</enbez><titel format="XML">Geschäftsstatistik</titel></metadaten><textdaten><text format="XML"><Content><P>(1) Nach näherer Bestimmung des Bundesministeriums der Finanzen können die Hauptzollämter für statistische Zwecke Erhebungen über die nach diesem Gesetz steuerrelevanten Verkehrsdaten anstellen und die Ergebnisse dem Statistischen Bundesamt zur Auswertung mitteilen.</P><P>(2) Die Bundesfinanzbehörden können dem Statistischen Bundesamt auch bereits aufbereitete Daten zur Darstellung und Veröffentlichung für allgemeine Zwecke übermitteln.</P></Content></text></textdaten></norm>
<norm builddate="20240430220014" doknr="BJNR188510010BJNE001700000"><metadaten><jurabk>LuftVStG</jurabk><enbez>§ 16</enbez><titel format="XML">Bußgeldvorschriften</titel></metadaten><textdaten><text format="XML"><Content><P>(1) Ordnungswidrig handelt, wer vorsätzlich oder leichtfertig <DL Type="arabic"><DT>1.</DT><DD Font="normal"><LA>entgegen § 7 Absatz 1 Satz 1 sich nicht oder nicht rechtzeitig registrieren lässt,</LA></DD><DT>2.</DT><DD Font="normal"><LA>entgegen § 7 Absatz 1 Satz 2 eine dort genannte Angabe nicht, nicht richtig, nicht vollständig, nicht in der vorgeschriebenen Weise oder nicht rechtzeitig übermittelt,</LA></DD><DT>3.</DT><DD Font="normal"><LA>einer vollziehbaren Anordnung nach § 7 Absatz 3, § 8 Absatz 3 Satz 3, § 9 oder § 13 Absatz 2 Satz 2 zuwiderhandelt,</LA></DD><DT>4.</DT><DD Font="normal"><LA>entgegen § 7 Absatz 4 oder § 8 Absatz 4 eine Änderung der Verhältnisse nicht, nicht richtig, nicht vollständig, nicht in der vorgeschriebenen Weise oder nicht rechtzeitig anzeigt oder</LA></DD><DT>5.</DT><DD Font="normal"><LA>entgegen § 13 Absatz 1 Satz 1 eine Aufzeichnung nicht, nicht richtig oder nicht vollständig führt.</LA></DD></DL></P><P>(2) Die Ordnungswidrigkeit kann mit einer Geldbuße bis zu zehntausend Euro geahndet werden.</P></Content></text></textdaten></norm>
<norm builddate="20240430220014" doknr="BJNR188510010BJNE001801123"><metadaten><jurabk>LuftVStG</jurabk><enbez>§ 17</enbez><titel format="XML">Datenaustausch und Auskunftspflichten</titel></metadaten><textdaten><text format="XML"><Content><P>(1) Die Flugplatzbetreiber melden alle Abflüge mit Nennung des Abflugdatums und der Abflugzeit, des Zielorts, der Flugnummer und der Kennung des Flugzeugs oder Drehflüglers und des Luftverkehrsunternehmens, das den Abflug des Fluggastes von einem inländischen Startort durchführt auf Anforderung dem zuständigen Hauptzollamt. Das Hauptzollamt kann darüber hinaus weitere Angaben über steuerlich relevante Tatsachen verlangen.</P><P>(2) Das Luftfahrt-Bundesamt, die Bundespolizei sowie die für die Flugsicherung zuständigen Stellen haben dem zuständigen Hauptzollamt auf Anforderung die Informationen mitzuteilen, die zur Feststellung der Besteuerung erheblich sind.</P><P>(3) Das zuständige Hauptzollamt kann dem Luftfahrt-Bundesamt anlassbezogen oder auf Anforderung Auskünfte aus dem steuerlichen Verfahren erteilen, die erforderlich sind, um die nach dem Luftverkehrsrecht geforderte Zuverlässigkeit eines Luftverkehrsunternehmens oder die Einhaltung der Vorschriften dieses Gesetzes durch Luftverkehrsunternehmen mit Hauptsitz außerhalb des Geltungsbereichs des Luftrechts der Europäischen Union zu beurteilen.</P></Content></text><fussnoten/></textdaten></norm>
<norm builddate="20240430220014" doknr="BJNR188510010BJNE001904123"><metadaten><jurabk>LuftVStG</jurabk><enbez>§ 18</enbez><titel format="XML">Ermächtigungen</titel></metadaten><textdaten><text format="XML"><Content><P>(1) Das Bundesministerium der Finanzen wird ermächtigt, zur Durchführung dieses Gesetzes durch Rechtsverordnung ohne Zustimmung des Bundesrates zur Verfahrensvereinfachung sowie zur Sicherung der Gleichmäßigkeit der Besteuerung und des Steueraufkommens Bestimmungen zu den §§ 1, 3, 4, 6 bis 15 und 17 Absatz 1 zu erlassen und dabei <DL Font="normal" Type="arabic"><DT>1.</DT><DD Font="normal"><LA Size="normal">Bestimmungen zur Umsetzung der Steuerbefreiungen zu erlassen <DL Font="normal" Type="alpha"><DT>a)</DT><DD Font="normal"><LA Size="normal">nach Artikel XI des Abkommens vom 19. Juni 1951 zwischen den Parteien des Nordatlantikvertrages über die Rechtsstellung ihrer Truppen (BGBl. 1961 II S. 1183, 1190) in der jeweils geltenden Fassung und den Artikeln 65 bis 67 des Zusatzabkommens vom 3. August 1959 zu dem Abkommen vom 19. Juni 1951 zwischen den Parteien des Nordatlantikvertrages über die Rechtsstellung ihrer Truppen hinsichtlich der in der Bundesrepublik Deutschland stationierten ausländischen Truppen (BGBl. 1961 II S. 1183, 1218) in der jeweils geltenden Fassung,</LA></DD><DT>b)</DT><DD Font="normal"><LA Size="normal">nach Artikel 15 des Abkommens vom 13. März 1967 zwischen der Bundesrepublik Deutschland und dem Obersten Hauptquartier der Alliierten Mächte, Europa, über die besonderen Bedingungen für die Einrichtung und den Betrieb internationaler militärischer Hauptquartiere in der Bundesrepublik Deutschland (BGBl. 1969 II S. 1997, 2009) in der jeweils geltenden Fassung,</LA></DD><DT>c)</DT><DD Font="normal"><LA Size="normal">nach den Artikeln III bis V des Abkommens zwischen der Bundesrepublik Deutschland und den Vereinigten Staaten von Amerika vom 15. Oktober 1954 über die von der Bundesrepublik Deutschland zu gewährenden Abgabenvergünstigungen für die von den Vereinigten Staaten von Amerika im Interesse der gemeinsamen Verteidigung geleisteten Ausgaben (BGBl. 1955 II S. 821, 823) in der jeweils geltenden Fassung,</LA></DD><DT>d)</DT><DD Font="normal"><LA Size="normal">in Form der Gegenseitigkeit für die diplomatischen Missionen und konsularischen Vertretungen und</LA></DD><DT>e)</DT><DD Font="normal"><LA Size="normal">nach den internationalen Übereinkommen für die internationalen Einrichtungen,</LA></DD></DL></LA></DD><DT>2.</DT><DD Font="normal"><LA Size="normal">das Verfahren zur Registrierung nach § 7 näher zu regeln,</LA></DD><DT>3.</DT><DD Font="normal"><LA Size="normal">das Erlaubnisverfahren nach § 8 näher zu regeln,</LA></DD><DT>4.</DT><DD Font="normal"><LA Size="normal">die Anzeichen für eine Gefährdung der Steuer gemäß § 9 näher zu bestimmen,</LA></DD><DT>5.</DT><DD Font="normal"><LA Size="normal">Verfahrensvorschriften zur Festsetzung und Erhebung der Steuer zu erlassen, insbesondere zur Steueranmeldung, zur Berechnung und Entrichtung der Steuer,</LA></DD><DT>6.</DT><DD Font="normal"><LA Size="normal">(weggefallen)</LA></DD><DT>7.</DT><DD Font="normal"><LA Size="normal">nähere Bestimmungen darüber zu treffen, wie die Aufzeichnungspflichten gemäß § 13 zu erfüllen sind und in welchen Fällen Erleichterungen bei der Erfüllung dieser Pflichten gewährt werden können.</LA></DD></DL></P><P>(2) Das Bundesministerium der Finanzen wird ermächtigt, zur Durchführung dieses Gesetzes durch Rechtsverordnung ohne Zustimmung des Bundesrates im Einvernehmen mit dem Bundesministerium für Verkehr und digitale Infrastruktur zur Verfahrensvereinfachung sowie zur Sicherung der Gleichmäßigkeit der Besteuerung und des Steueraufkommens Bestimmungen zu den §§ 2, 5 und 17 Absatz 2 und 3 zu erlassen und dabei <DL Font="normal" Type="arabic"><DT>1.</DT><DD Font="normal"><LA Size="normal">die Begriffe des § 2 Nummer 2 bis 7 und des § 5 näher zu bestimmen und</LA></DD><DT>2.</DT><DD Font="normal"><LA Size="normal">nähere Bestimmungen über Art, Inhalt und Form der Daten und Auskünfte zu treffen, die zwischen dem Hauptzollamt, dem Luftfahrt-Bundesamt, der Bundespolizei, den für die Flugsicherung zuständigen Stellen auszutauschen sind, sowie weitere Angaben über steuerlich relevante Tatsachen nach § 17 Absatz 2 und 3 anzufordern.</LA></DD></DL></P><P>(3) Das Bundesministerium der Finanzen wird ermächtigt, zur Durchführung dieses Gesetzes durch Rechtsverordnung ohne Zustimmung des Bundesrates <DL Font="normal" Type="arabic"><DT>1.</DT><DD Font="normal"><LA Size="normal">im Benehmen mit dem Bundesministerium des Innern, für Bau und Heimat alternativ zur qualifizierten elektronischen Signatur ein anderes sicheres Verfahren zuzulassen, das den Datenübermittler authentifiziert und die Vertraulichkeit und Integrität des elektronisch übermittelten Datensatzes gewährleistet. § 87a Absatz 6 Satz 2 der Abgabenordnung gilt entsprechend. In der Rechtsverordnung können auch Ausnahmen von der Pflicht zur Verwendung des nach Satz 1 zugelassenen Verfahrens vorgesehen werden. Die Datenübermittlung kann in der Rechtsverordnung auch durch Verweis auf Veröffentlichungen sachverständiger Stellen geregelt werden;</LA></DD><DT>2.</DT><DD Font="normal"><LA Size="normal">zur Verfahrensvereinfachung zu bestimmen, dass in diesem Gesetz oder einer auf Grund dieses Gesetzes erlassenen Verordnung vorgesehene Steuererklärungen oder sonstige Erklärungen, Steueranmeldungen, Anträge, Anzeigen, Mitteilungen, Nachweise oder sonstige Daten, die für das Verfahren erforderlich sind, ganz oder teilweise durch Datenfernübertragung zu übermitteln sind oder übermittelt werden können, und dabei insbesondere Folgendes zu regeln: <DL Font="normal" Type="alpha"><DT>a)</DT><DD Font="normal"><LA Size="normal">die Voraussetzungen für die Anwendung des Verfahrens der Datenfernübertragung,</LA></DD><DT>b)</DT><DD Font="normal"><LA Size="normal">das Nähere über Form, Verarbeitung und Sicherung der zu übermittelnden Daten,</LA></DD><DT>c)</DT><DD Font="normal"><LA Size="normal">die Art und Weise der Übermittlung der Daten,</LA></DD><DT>d)</DT><DD Font="normal"><LA Size="normal">die Zuständigkeit für die Entgegennahme der zu übermittelnden Daten,</LA></DD><DT>e)</DT><DD Font="normal"><LA Size="normal">die Mitwirkungspflichten Dritter und deren Haftung, wenn auf Grund unrichtiger Erhebung, Verarbeitung oder Übermittlung der Daten Steuern verkürzt oder Steuervorteile erlangt werden,</LA></DD><DT>f)</DT><DD Font="normal"><LA Size="normal">die Haftung des Datenübermittlers für verkürzte Steuern oder für zu Unrecht erlangte Steuervorteile, wenn der Datenübermittler sich keine Gewissheit über die Identität des Auftraggebers verschafft hat,</LA></DD><DT>g)</DT><DD Font="normal"><LA Size="normal">den Umfang und die Form der für dieses Verfahren erforderlichen besonderen Erklärungspflichten des Steuerpflichtigen oder Antragstellers.</LA></DD></DL>Bei der Datenübermittlung ist ein sicheres Verfahren zu verwenden, das den Datenübermittler authentifiziert und die Vertraulichkeit und Integrität des elektronisch übermittelten Datensatzes gewährleistet. Die Datenübermittlung kann in der Rechtsverordnung auch durch Verweis auf Veröffentlichungen sachverständiger Stellen geregelt werden.</LA></DD></DL></P></Content></text><fussnoten/></textdaten></norm>
<norm builddate="20240430220014" doknr="BJNR188510010BJNE002004123"><metadaten><jurabk>LuftVStG</jurabk><enbez>§ 19</enbez><titel format="XML">Anwendungsvorschriften und Übergangsvorschriften</titel></metadaten><textdaten><text format="XML"><Content><P>(1) Dieses Gesetz ist erstmals auf Rechtsvorgänge ab dem 1. September 2010 anzuwenden, bei denen der Fluggast dem Luftverkehrsunternehmen erst am oder nach dem 1. September 2010 benannt wird und die zu Abflügen ab dem 1. Januar 2011 berechtigen.</P><P>(2) Abweichend von § 7 Absatz 1 können Luftverkehrsunternehmen, die den ersten Abflug in der Zeit vom 1. Januar bis 28. Februar 2011 durchführen, die Registrierung bis zum 14. Februar 2011 vornehmen. Die dreiwöchige Frist muss in diesem Fall nicht eingehalten werden.</P><P>(3) Abflüge nach § 5 Nummer 4 sind vorbehaltlich des Satzes 2 in Höhe von 7,50 Euro je Abflug des Fluggastes von der Steuer befreit. Stellt die Europäische Kommission durch Beschluss fest, dass eine vollständige Steuerbefreiung bis zu dem Steuersatz nach § 11 Absatz 1 Nummer 1 keine staatliche Beihilfe im Sinne des Artikels 107 Absatz 1 des Vertrags über die Arbeitsweise der Europäischen Union oder mit dem Binnenmarkt vereinbare Beihilfe darstellt, ist Satz 1 nicht weiter anzuwenden. Der Beschluss der Kommission ist durch das Bundesministerium der Finanzen im Bundesgesetzblatt bekannt zu geben.</P><P>(4) Das Bundesministerium der Finanzen legt unter Beteiligung des Bundesministeriums für Umwelt, Naturschutz und nukleare Sicherheit, des Bundesministeriums für Verkehr und digitale Infrastruktur und des Bundesministeriums für Wirtschaft und Energie dem Bundestag bis zum 30. Juni 2012 einen Bericht über die Auswirkungen der Einführung des Luftverkehrsteuergesetzes auf den Luftverkehrssektor und die Entwicklung der Steuereinnahmen aus der Luftverkehrsteuer vor.</P><P>(5) § 11 Absatz 3 gilt vorbehaltlich des Satzes 2 bis zur Höhe von 7,50 Euro je Abflug des Fluggastes. Stellt die Europäische Kommission durch Beschluss fest, dass die Anwendung des ermäßigten Steuersatzes in Höhe von 20 Prozent des Steuersatzes nach § 11 Absatz 1 Nummer 1 keine staatliche Beihilfe im Sinne des Artikels 107 Absatz 1 des Vertrags über die Arbeitsweise der Europäischen Union oder mit dem Binnenmarkt vereinbare Beihilfe darstellt, ist Satz 1 nicht weiter anzuwenden. Der Beschluss der Kommission ist durch das Bundesministerium der Finanzen im Bundesgesetzblatt bekannt zu geben.</P></Content></text><fussnoten><Content><P>(+++ § 19 Abs. 3 Satz 1 u. Abs. 5 Satz 1: Zur Nichtanwendung ab 1.4.2020 vgl. Satz 2 LuftVStG§19Abs3u5Bek 2020 +++)</P></Content></fussnoten></textdaten></norm>
<norm builddate="20240430220014" doknr="BJNR188510010BJNE002101123"><metadaten><jurabk>LuftVStG</jurabk><enbez>Anlage 1</enbez><titel format="XML">(zu § 11)</titel></metadaten><textdaten><text format="XML"><Content><P><noindex><kommentar typ="Fundstelle">(Fundstelle: BGBl. I 2010, 1891)</kommentar></noindex></P><BR/><table frame="none" pgwide="1" tocentry="%yes;"><tgroup align="left" char="" charoff="50" cols="2"><colspec colname="col1" colnum="1" colwidth="15*"/><colspec colname="col2" colnum="2" colwidth="20*"/><tbody valign="top"><row><entry VJ="1" colname="col1" colsep="0" rowsep="0">Albanien</entry><entry VJ="1" colname="col2" colsep="0" rowsep="0">Monaco</entry></row><row><entry VJ="1" colname="col1" colsep="0" rowsep="0">Algerien</entry><entry VJ="1" colname="col2" colsep="0" rowsep="0">Montenegro</entry></row><row><entry VJ="1" colname="col1" colsep="0" rowsep="0">Andorra</entry><entry VJ="1" colname="col2" colsep="0" rowsep="0">Niederlande</entry></row><row><entry VJ="1" colsep="0" rowsep="0"/><entry VJ="1" rowsep="0">Nordmazedonien, Republik</entry></row><row><entry VJ="1" colname="col1" colsep="0" rowsep="0">Belgien</entry><entry VJ="1" colname="col2" colsep="0" rowsep="0">Norwegen</entry></row><row><entry VJ="1" colname="col1" colsep="0" rowsep="0">Bosnien und Herzegowina</entry><entry VJ="1" colname="col2" colsep="0" rowsep="0">Österreich</entry></row><row><entry VJ="1" colname="col1" colsep="0" rowsep="0">Bulgarien</entry><entry VJ="1" colname="col2" colsep="0" rowsep="0">Polen</entry></row><row><entry VJ="1" colname="col1" colsep="0" rowsep="0">Dänemark</entry><entry VJ="1" colname="col2" colsep="0" rowsep="0">Portugal</entry></row><row><entry VJ="1" colname="col1" colsep="0" rowsep="0">Deutschland</entry><entry VJ="1" colname="col2" colsep="0" rowsep="0">Rumänien</entry></row><row><entry VJ="1" colname="col1" colsep="0" rowsep="0">Estland</entry><entry VJ="1" colname="col2" colsep="0" rowsep="0">Russische Föderation</entry></row><row><entry VJ="1" colname="col1" colsep="0" rowsep="0">Finnland</entry><entry VJ="1" colname="col2" colsep="0" rowsep="0">San Marino</entry></row><row><entry VJ="1" colname="col1" colsep="0" rowsep="0">Frankreich</entry><entry VJ="1" colname="col2" colsep="0" rowsep="0">Schweden</entry></row><row><entry VJ="1" colname="col1" colsep="0" rowsep="0">Griechenland</entry><entry VJ="1" colname="col2" colsep="0" rowsep="0">Schweiz</entry></row><row><entry VJ="1" colname="col1" colsep="0" rowsep="0">Irland</entry><entry VJ="1" colname="col2" colsep="0" rowsep="0">Serbien</entry></row><row><entry VJ="1" colname="col1" colsep="0" rowsep="0">Island</entry><entry VJ="1" colname="col2" colsep="0" rowsep="0">Slowakei</entry></row><row><entry VJ="1" colname="col1" colsep="0" rowsep="0">Italien</entry><entry VJ="1" colname="col2" colsep="0" rowsep="0">Slowenien</entry></row><row><entry VJ="1" colname="col1" colsep="0" rowsep="0">Kosovo</entry><entry VJ="1" colname="col2" colsep="0" rowsep="0">Spanien</entry></row><row><entry VJ="1" colname="col1" colsep="0" rowsep="0">Kroatien</entry><entry VJ="1" colname="col2" colsep="0" rowsep="0">Tschechische Republik</entry></row><row><entry VJ="1" colname="col1" colsep="0" rowsep="0">Lettland</entry><entry VJ="1" colname="col2" colsep="0" rowsep="0">Türkei</entry></row><row><entry VJ="1" colname="col1" colsep="0" rowsep="0">Libyen</entry><entry VJ="1" colname="col2" colsep="0" rowsep="0">Tunesien</entry></row><row><entry VJ="1" colname="col1" colsep="0" rowsep="0">Liechtenstein</entry><entry VJ="1" colname="col2" colsep="0" rowsep="0">Ukraine</entry></row><row><entry VJ="1" colname="col1" colsep="0" rowsep="0">Litauen</entry><entry VJ="1" colname="col2" colsep="0" rowsep="0">Ungarn</entry></row><row><entry VJ="1" colname="col1" colsep="0" rowsep="0">Luxemburg</entry><entry VJ="1" colname="col2" colsep="0" rowsep="0">Vatikanstadt</entry></row><row><entry VJ="1" colname="col1" colsep="0" rowsep="0">Malta</entry><entry VJ="1" colname="col2" colsep="0" rowsep="0">Vereinigtes Königreich</entry></row><row><entry VJ="1" colname="col1" colsep="0" rowsep="0">Marokko</entry><entry VJ="1" colname="col2" colsep="0" rowsep="0">Weißrussland</entry></row><row><entry VJ="1" colname="col1" colsep="0" rowsep="0">(weggefallen)</entry><entry VJ="1" colname="col2" colsep="0" rowsep="0">Zypern</entry></row><row><entry VJ="1" colname="col1" colsep="0" rowsep="0">Moldau, Republik</entry><entry VJ="1" colname="col2" colsep="0" rowsep="0"/></row></tbody></tgroup></table></Content></text><fussnoten><Content><P>Anlage 1: Mit GG (100-1) vereinbar gem. BVerfGE v. 5.11.2014 I 1764 - 1 BvF 3/11 -</P></Content></fussnoten></textdaten></norm>
<norm builddate="20240430220014" doknr="BJNR188510010BJNE002201123"><metadaten><jurabk>LuftVStG</jurabk><enbez>Anlage 2</enbez><titel format="XML">(zu § 11)</titel></metadaten><textdaten><text format="XML"><Content><P><noindex><kommentar typ="Fundstelle">(Fundstelle: BGBl. I 2010, 1892)</kommentar></noindex></P><BR/><table frame="none" pgwide="1" tocentry="%yes;"><tgroup align="left" char="" charoff="50" cols="2"><colspec colname="col1" colnum="1" colwidth="15*"/><colspec colname="col2" colnum="2" colwidth="20*"/><tbody valign="top"><row><entry VJ="1" colname="col1" colsep="0" rowsep="0">Afghanistan</entry><entry VJ="1" colname="col2" colsep="0" rowsep="0">Katar</entry></row><row><entry VJ="1" colname="col1" colsep="0" rowsep="0">Ägypten</entry><entry VJ="1" colname="col2" colsep="0" rowsep="0">Kirgisistan</entry></row><row><entry VJ="1" colname="col1" colsep="0" rowsep="0">Äquatorialguinea</entry><entry VJ="1" colname="col2" colsep="0" rowsep="0">Kuwait</entry></row><row><entry VJ="1" colname="col1" colsep="0" rowsep="0">Armenien</entry><entry VJ="1" colname="col2" colsep="0" rowsep="0">Libanon</entry></row><row><entry VJ="1" colname="col1" colsep="0" rowsep="0">Aserbaidschan</entry><entry VJ="1" colname="col2" colsep="0" rowsep="0">Liberia</entry></row><row><entry VJ="1" colname="col1" colsep="0" rowsep="0">Äthiopien</entry><entry VJ="1" colname="col2" colsep="0" rowsep="0">Mali</entry></row><row><entry VJ="1" colname="col1" colsep="0" rowsep="0">Bahrain</entry><entry VJ="1" colname="col2" colsep="0" rowsep="0">Mauretanien</entry></row><row><entry VJ="1" colname="col1" colsep="0" rowsep="0">Benin</entry><entry VJ="1" colname="col2" colsep="0" rowsep="0">Niger</entry></row><row><entry VJ="1" colname="col1" colsep="0" rowsep="0">Burkina Faso</entry><entry VJ="1" colname="col2" colsep="0" rowsep="0">Nigeria</entry></row><row><entry VJ="1" colname="col1" colsep="0" rowsep="0">Côte d´Ivoire</entry><entry VJ="1" colname="col2" colsep="0" rowsep="0">Oman</entry></row><row><entry VJ="1" colname="col1" colsep="0" rowsep="0">Dschibuti</entry><entry VJ="1" colname="col2" colsep="0" rowsep="0">Pakistan</entry></row><row><entry VJ="1" colname="col1" colsep="0" rowsep="0">Eritrea</entry><entry VJ="1" colname="col2" colsep="0" rowsep="0">Palästinensische Gebiete</entry></row><row><entry VJ="1" colname="col1" colsep="0" rowsep="0">Gabun</entry><entry VJ="1" colname="col2" colsep="0" rowsep="0">São Tomé und Príncipe</entry></row><row><entry VJ="1" colname="col1" colsep="0" rowsep="0">Gambia</entry><entry VJ="1" colname="col2" colsep="0" rowsep="0">Saudi-Arabien</entry></row><row><entry VJ="1" colname="col1" colsep="0" rowsep="0">Georgien</entry><entry VJ="1" colname="col2" colsep="0" rowsep="0">Senegal</entry></row><row><entry VJ="1" colname="col1" colsep="0" rowsep="0">Ghana</entry><entry VJ="1" colname="col2" colsep="0" rowsep="0">Sierra Leone</entry></row><row><entry VJ="1" colname="col1" colsep="0" rowsep="0">Guinea</entry><entry VJ="1" colname="col2" colsep="0" rowsep="0">Sudan</entry></row><row><entry VJ="1" colsep="0" rowsep="0"/><entry VJ="1" rowsep="0">Südsudan</entry></row><row><entry VJ="1" colname="col1" colsep="0" rowsep="0">Guinea-Bissau</entry><entry VJ="1" colname="col2" colsep="0" rowsep="0">Syrien, Arabische Republik</entry></row><row><entry VJ="1" colname="col1" colsep="0" rowsep="0">Irak</entry><entry VJ="1" colname="col2" colsep="0" rowsep="0">Tadschikistan</entry></row><row><entry VJ="1" colname="col1" colsep="0" rowsep="0">Iran, Islamische Republik</entry><entry VJ="1" colname="col2" colsep="0" rowsep="0">Togo</entry></row><row><entry VJ="1" colname="col1" colsep="0" rowsep="0">Israel</entry><entry VJ="1" colname="col2" colsep="0" rowsep="0">Tschad</entry></row><row><entry VJ="1" colname="col1" colsep="0" rowsep="0">Jemen</entry><entry VJ="1" colname="col2" colsep="0" rowsep="0">Turkmenistan</entry></row><row><entry VJ="1" colname="col1" colsep="0" rowsep="0">Jordanien</entry><entry VJ="1" colname="col2" colsep="0" rowsep="0">Uganda</entry></row><row><entry VJ="1" colname="col1" colsep="0" rowsep="0">Kamerun</entry><entry VJ="1" colname="col2" colsep="0" rowsep="0">Usbekistan</entry></row><row><entry VJ="1" colname="col1" colsep="0" rowsep="0">Kap Verde</entry><entry VJ="1" colname="col2" colsep="0" rowsep="0">Vereinigte Arabische Emirate</entry></row><row><entry VJ="1" colname="col1" colsep="0" rowsep="0">Kasachstan</entry><entry VJ="1" colname="col2" colsep="0" rowsep="0">Zentralafrikanische Republik</entry></row></tbody></tgroup></table></Content></text><fussnoten><Content><P>Analge 2: Mit GG (100-1) vereinbar gem. BVerfGE v. 5.11.2014 I 1764 - 1 BvF 3/11 -</P></Content></fussnoten></textdaten></norm>
</dokumente>