<?xml version="1.0" encoding="UTF-8" ?><!DOCTYPE dokumente SYSTEM "http://www.gesetze-im-internet.de/dtd/1.01/gii-norm.dtd">
<dokumente builddate="20250306223022" doknr="BJNR0490B0025"><norm builddate="20250306223022" doknr="BJNR0490B0025"><metadaten><jurabk>KMZÜV</jurabk><amtabk>KMZÜV</amtabk><ausfertigung-datum manuell="ja">2025-02-27</ausfertigung-datum><fundstelle typ="amtlich"><periodikum>BGBl. I</periodikum><zitstelle>2025, Nr. 73</zitstelle></fundstelle><kurzue>Kryptomärktezulassungsüberführungs-Verordnung</kurzue><langue>Verordnung zur Durchführung des vereinfachten Verfahrens nach Artikel 143 Absatz 6 der Verordnung (EU) 2023/1114<FnR ID="F832702_01_BJNR0490B0025"/><BR/><B/></langue><standangabe checked="ja"><standtyp>Aufh</standtyp><standkommentar>V aufgeh. durch Art. 3 Abs. 2 V v. 27.2.2025 I Nr. 73 mWv 1.1.2026</standkommentar></standangabe></metadaten><textdaten><text format="XML"><Footnotes><Footnote FnZ="1" Group="column" ID="F832702_01_BJNR0490B0025" Pos="exp"><noindex>Diese Verordnung dient der Durchführung des Artikels 143 Absatz 6 der Verordnung (EU) 2023/1114 vom 31. Mai 2023 über Märkte für Kryptowerte und zur Änderung der Verordnungen (EU) Nr. 1093/2010 und (EU) Nr. 1095/2010 sowie der Richtlinien 2013/36/EU und (EU) 2019/193 (ABl. L 150 vom 9.6.2023, S. 40), die durch die Verordnung (EU) 2023/2869 (ABl. L, 2023/2869, 20.12.2023) geändert worden ist.</noindex></Footnote></Footnotes></text><fussnoten><Content><P><BR/> <pre xml:space="preserve">(+++ Textnachweis ab: 7.3.2025 +++)<BR/> <BR/>(+++ Amtlicher Hinweis des Normgebers auf EG-Recht:<BR/>     Umsetzung der<BR/>       EUV 2023/1114            (CELEX Nr: 32023R1114) +++)</pre> <BR/> <BR/>Die V wurde als Artikel 1 der V v. 27.2.2025 I Nr. 73 vom Bundesministerium der  Finanzen im Benehmen mit der Deutschen Bundesbank und im Einvernehmen mit dem Bundesministerium der Justiz erlassen. Sie tritt gem. Art. 3 Abs. 1 dieser V am 7.3.2025 in Kraft und gem. Art. 3 Abs. 2 dieser V am 31.12.2025 außer Kraft.</P></Content></fussnoten></textdaten></norm>
<norm builddate="20250306223022" doknr="BJNR0490B0025BJNE000100000"><metadaten><jurabk>KMZÜV</jurabk><enbez>§ 1</enbez><titel format="XML">Anwendungsbereich</titel></metadaten><textdaten><text format="XML"><Content><P>Diese Rechtsverordnung regelt das Verfahren nach Artikel 143 Absatz 6 der Verordnung (EU) 2023/1114 des Europäischen Parlaments und des Rates vom 31. Mai 2023 über Märkte für Kryptowerte und zur Änderung der Verordnungen (EU) Nr. 1093/2010 und (EU) Nr. 1095/2010 sowie der Richtlinien 2013/36/EU und (EU) 2019/1937 (ABl. L 150 vom 9.6.2023, S. 40), die durch die Verordnung (EU) 2023/2869 (ABl. L, 2023/2869, 20.12.2023) geändert worden ist, in Verbindung mit § 50 Absatz 3 des Kryptomärkteaufsichtsgesetzes zur Erteilung einer Zulassung zur Erbringung von Kryptowerte-Dienstleistungen (vereinfachtes Verfahren).</P></Content></text></textdaten></norm>
<norm builddate="20250306223022" doknr="BJNR0490B0025BJNE000200000"><metadaten><jurabk>KMZÜV</jurabk><enbez>§ 2</enbez><titel format="XML">Antragsgegenstand, Antragsberechtigung</titel></metadaten><textdaten><text format="XML"><Content><P>(1) Gegenstand des vereinfachten Verfahrens ist die Zulassung zur Erbringung bestimmter Kryptowerte-Dienstleistungen nach Artikel 59 Absatz 1 Buchstabe a der Verordnung (EU) 2023/1114 in Verbindung mit Artikel 143 Absatz 6 der Verordnung (EU) 2023/1114 und § 50 Absatz 3 des Kryptomärkteaufsichtsgesetzes.</P><P>(2) Antragsberechtigt sind Unternehmen nach § 50 Absatz 1 Nummer 1 und Nummer 2 des Kryptomärkteaufsichtsgesetzes, soweit diese nicht unter Artikel 60 der Verordnung (EU) 2023/1114 fallen. Die Antragsberechtigung erstreckt sich ausschließlich auf diejenigen der in Artikel 3 Absatz 1 Nummer 16 der Verordnung (EU) 2023/1114 genannten Kryptowerte-Dienstleistungen, die von der bestehenden Erlaubnis umfasst sind.</P></Content></text></textdaten></norm>
<norm builddate="20250306223022" doknr="BJNR0490B0025BJNE000300000"><metadaten><jurabk>KMZÜV</jurabk><enbez>§ 3</enbez><titel format="XML">Inhalt des Antrags</titel></metadaten><textdaten><text format="XML"><Content><P>(1) Der Antrag soll ausdrücklich auf das vereinfachte Verfahren Bezug nehmen. Im Antrag ist anzugeben, für welche Kryptowerte-Dienstleistungen im Sinne des Artikels 3 Absatz 1 Nummer 16 der Verordnung (EU) 2023/1114 die Zulassung beantragt wird.</P><P>(2) Der Antrag muss eine Bestätigung enthalten, dass das Geschäftsmodell unverändert geblieben ist und die der Bundesanstalt für Finanzdienstleistungsaufsicht (Bundesanstalt) vorliegenden Unterlagen und Informationen, insbesondere im Zusammenhang mit der Unternehmensführung und dem Risikomanagement, vorbehaltlich etwaiger Anpassungen nach den nachfolgenden Nummern 1 bis 4 weiterhin aktuell sind. Darüber hinaus muss der Antrag folgende Informationen und Nachweise enthalten: <DL Type="arabic"><DT>1.</DT><DD Font="normal"><LA>für Antragssteller, die keine juristische Personen sind, Informationen, die den gleichwertigen Schutzstandard nach Artikel 59 Absatz 3 der Verordnung (EU) 2023/1114 darlegen;</LA></DD><DT>2.</DT><DD Font="normal"><LA>einen aktualisierten Geschäftsplan, aus dem hervorgeht, welche der in Artikel 3 Absatz 1 Nummer 16 der Verordnung (EU) 2023/1114 genannten Kryptowerte-Dienstleistungen in welchen Mitgliedstaaten der Antragsteller zu erbringen beabsichtigt, einschließlich Ort und Art der Vermarktung dieser Dienstleistungen;</LA></DD><DT>3.</DT><DD Font="normal"><LA>die Strategien und Verfahren zur Einhaltung der Kapitel 2 und 3 des Titels V der Verordnung (EU) 2023/1114, eine Beschreibung der Verfahren in Bezug auf Interessenkonflikte – in diesem Zusammenhang insbesondere die Namen und Lebensläufe der Leiter interner Funktionen – sowie eine Beschreibung des bereits eingerichteten Beschwerdeverfahrens nach Artikel 71 der Verordnung (EU) 2023/1114;</LA></DD><DT>4.</DT><DD Font="normal"><LA>für Antragssteller, die eine Zulassung <DL Type="alpha"><DT>a)</DT><DD Font="normal"><LA>zur Verwahrung und Verwaltung von Kryptowerten für Kunden im Sinne des Artikels 3 Absatz 1 Nummer 16 Buchstabe a der Verordnung (EU) 2023/1114 beantragen, eine aktualisierte Beschreibung der Verwahrungs- und Verwaltungsgrundsätze nach Artikel 75 der Verordnung (EU) 2023/1114 oder eine Bestätigung, dass die bereits eingerichteten Verfahren den Anforderungen des Artikels 75 der Verordnung (EU) 2023/1114 entsprechen;</LA></DD><DT>b)</DT><DD Font="normal"><LA>zum Betrieb einer Handelsplattform für Kryptowerte im Sinne des Artikels 3 Absatz 1 Nummer 16 Buchstabe b der Verordnung (EU) 2023/1114 beantragen, eine Beschreibung der nach Artikel 76 der Verordnung <NB>(EU) 2023/1114</NB> aufgestellten Betriebsvorschriften der Handelsplattform und des Verfahrens und Systems zur Aufdeckung von Marktmissbrauch;</LA></DD><DT>c)</DT><DD Font="normal"><LA>zum Tausch von Kryptowerten gegen einen Geldbetrag oder gegen andere Kryptowerte im Sinne des Artikel 3 Absatz 1 Nummer 16 Buchstaben c und d beantragen, eine Beschreibung der Geschäftspolitik, die die Beziehung zu den Kunden regelt und nichtdiskriminierend ist, sowie eine Beschreibung der Methode für die Festlegung des Kurses der Kryptowerte, die der Antragssteller für einen Tausch gegen einen Geldbetrag oder gegen andere Kryptowerte anbietet nach Artikel 77 Absatz 1 und Absatz 2 der Verordnung (EU) 2023/1114;</LA></DD><DT>d)</DT><DD Font="normal"><LA>für die Annahme und Übermittlung von Aufträgen über Kryptowerte für Kunden im Sinne des Artikels 3 Absatz 1 Nummer 16 Buchstabe e der Verordnung (EU) 2023/1114 beantragen, eine Beschreibung der Grundsätze der Auftragsausführung nach Artikel 78 Absatz 2 der Verordnung (EU) 2023/1114;</LA></DD><DT>e)</DT><DD Font="normal"><LA>für die Platzierung von Kryptowerten im Sinne des Artikels 3 Absatz 1 Nummer 16 Buchstabe f der Verordnung (EU) 2023/1114 beantragen, eine Kopie der Strategien, Verfahren und eine Beschreibung der Vorkehrungen, die getroffen wurden, um Artikel 79 der Verordnung (EU) 2023/1114 nachzukommen;</LA></DD><DT>f)</DT><DD Font="normal"><LA>für die Beratung zu Kryptowerten im Sinne des Artikel 3 Absatz 1 Nummer 16 Buchstabe h der Verordnung <NB>(EU) 2023/1114</NB> oder für die Portfolioverwaltung von Kryptowerten im Sinne des Artikels 3 Absatz 1 Nummer 16 Buchstabe i der Verordnung (EU) 2023/1114 beantragen, den Nachweis, dass die natürlichen Personen, die im Namen des antragstellenden Anbieters von Kryptowerte-Dienstleistungen Beratungsdienste leisten oder Portfolioverwaltung erbringen, über die erforderlichen Kenntnisse und Fachkompetenz verfügen, um ihren Verpflichtungen nach Artikel 81 der Verordnung (EU) 2023/1114 nachzukommen;</LA></DD><DT>g)</DT><DD Font="normal"><LA>zur Erbringung von Transferdienstleistungen für Kryptowerte im Sinne des Artikels 3 Absatz 1 Nummer 16 Buchstabe j der Verordnung (EU) 2023/1114 beantragen, eine Beschreibung oder Kopie der Vereinbarung mit dem Kunden nach Artikel 82 Absatz 1 Buchstabe b und c der Verordnung (EU) 2023/1114.</LA></DD></DL></LA></DD></DL></P><P>(3) Soweit die Unterlagen der Bundesanstalt bereits vorliegen, müssen die Unterlagen nicht erneut eingereicht werden. Der Antragssteller soll auf diese Unterlagen hinweisen.</P><P>(4) Auf Verlangen der Bundesanstalt sind weitere Auskünfte zu erteilen und weitere Unterlagen vorzulegen.</P></Content></text></textdaten></norm>
<norm builddate="20250306223022" doknr="BJNR0490B0025BJNE000400000"><metadaten><jurabk>KMZÜV</jurabk><enbez>§ 4</enbez><titel format="XML">Antragsfristen</titel></metadaten><textdaten><text format="XML"><Content><P>Anträge auf Durchführung des vereinfachten Verfahrens können bis zum 31. August 2025 gestellt werden. Entscheidend ist der Eingang aller Unterlagen nach § 3 Absatz 2 bei der Bundesanstalt.</P></Content></text></textdaten></norm>
<norm builddate="20250306223022" doknr="BJNR0490B0025BJNE000500000"><metadaten><jurabk>KMZÜV</jurabk><enbez>§ 5</enbez><titel format="XML">Antragsverfahren</titel></metadaten><textdaten><text format="XML"><Content><P>Anträge und Unterlagen zur Durchführung des vereinfachten Verfahrens sind jeweils in einfacher Ausfertigung der Bundesanstalt und der für das Institut zuständigen Hauptverwaltung der Deutschen Bundesbank einzureichen. Für Anträge und Unterlagen soll ein elektronischer Einreichungsweg genutzt werden. Nähere Bestimmungen zum jeweiligen elektronischen Einreichungsweg treffen die Bundesanstalt und Deutsche Bundesbank auf ihren Internetseiten. Artikel 63 der Verordnung (EU) 2023/1114 und § 4j des Finanzdienstleistungsaufsichtsgesetzes gelten entsprechend.</P></Content></text></textdaten></norm>
</dokumente>