<?xml version="1.0" encoding="UTF-8" ?><!DOCTYPE dokumente SYSTEM "http://www.gesetze-im-internet.de/dtd/1.01/gii-norm.dtd">
<dokumente builddate="20250107222010" doknr="BJNR233600006"><norm builddate="20250107222010" doknr="BJNR233600006"><metadaten><jurabk>BföV</jurabk><amtabk>BFöV</amtabk><ausfertigung-datum manuell="ja">2006-10-23</ausfertigung-datum><fundstelle typ="amtlich"><periodikum>BGBl I</periodikum><zitstelle>2006, 2336</zitstelle></fundstelle><kurzue>Berufsförderungsverordnung</kurzue><langue>Verordnung zur Durchführung der Berufsförderung von Soldatinnen und Soldaten</langue><standangabe checked="ja"><standtyp>Stand</standtyp><standkommentar>Zuletzt geändert durch Art. 5 G v. 18.12.2024 I Nr. 423</standkommentar></standangabe><standangabe checked="ja"><standtyp>Sonst</standtyp><standkommentar>Mittelbare Änderung durch Art. 17 Nr. 1 G v. 18.12.2024 I Nr. 423 ist berücksichtigt</standkommentar></standangabe></metadaten><textdaten><text format="XML"><Content><P/></Content></text><fussnoten><Content><P><BR/> <pre xml:space="preserve">(+++ Textnachweis ab: 27.10.2006 +++)<BR/>(+++ Zur Anwendung vgl. § 38 +++)<BR/><BR/></pre>Überschrift: Amtl. Buchstabenabkürzung idF d. Art. 1 Nr. 1 V v. 13.8.2015 I 1426 mWv 27.8.2015</P></Content></fussnoten></textdaten></norm>
<norm builddate="20250107222010" doknr="BJNR233600006BJNE000100000"><metadaten><jurabk>BföV</jurabk><enbez>Eingangsformel</enbez></metadaten><textdaten><text format="XML"><Content><P>Auf Grund des § 10a Abs. 1 und 3 des Soldatenversorgungsgesetzes in der Fassung der Bekanntmachung vom 9. April 2002 (BGBl. I S. 1258, 1909), der durch Artikel 1 Nr. 23 des Gesetzes vom 4. Mai 2005 (BGBl. I S. 1234) eingefügt worden ist, verordnet die Bundesregierung:</P></Content></text></textdaten></norm>
<norm builddate="20250107222010" doknr="BJNR233600006BJNE004700377"><metadaten><jurabk>BföV</jurabk><enbez>Inhaltsübersicht</enbez></metadaten><textdaten><text format="XML"><Content><P><!--Start: BJNR233600006BJNE000200000_01--><table frame="none" tocentry="%yes;"><tgroup align="left" char="" charoff="50" cols="2" colsep="0" rowsep="0"><colspec colname="col1" colnum="1" colwidth="11.11*"/><colspec colname="col2" colnum="2" colwidth="88.89*"/><tbody valign="top"><row><entry VJ="1" nameend="col2" namest="col1">Teil 1</entry></row><row><entry VJ="1" nameend="col2" namest="col1">Allgemeine Vorschriften und Berufsberatung nach § 5 des Soldatenversorgungsgesetzes</entry></row><row><entry VJ="1">§ 1</entry><entry VJ="1">Maßnahmen der schulischen und beruflichen Bildung</entry></row><row><entry VJ="1">§ 1a</entry><entry VJ="1">Zuständigkeiten</entry></row><row><entry VJ="1">§ 2</entry><entry VJ="1">Berufsberatung</entry></row><row><entry VJ="1">§ 2a</entry><entry VJ="1">Erstattung von Aufwendungen für die Berufsberatung</entry></row><row><entry VJ="1">§ 3</entry><entry VJ="1">Förderungsplan</entry></row><row><entry VJ="1" nameend="col2" namest="col1"> </entry></row><row><entry VJ="1" nameend="col2" namest="col1">Teil 2</entry></row><row><entry VJ="1" nameend="col2" namest="col1">Dienstzeitbegleitende Förderung der schulischen und beruflichen Bildung nach § 6 des Soldatenversorgungsgesetzes</entry></row><row><entry VJ="1">§ 4</entry><entry VJ="1">Voraussetzungen der Förderungsfähigkeit</entry></row><row><entry VJ="1">§ 5</entry><entry VJ="1">Durchführung der dienstzeitbegleitenden Förderung</entry></row><row><entry VJ="1">§ 6</entry><entry VJ="1">Erstattung von Kosten</entry></row><row><entry VJ="1">§ 7</entry><entry VJ="1">Bestandteile der Bewilligungen nach § 6 des Soldatenversorgungsgesetzes</entry></row><row><entry VJ="1" nameend="col2" namest="col1"> </entry></row><row><entry VJ="1" nameend="col2" namest="col1">Teil 3</entry></row><row><entry VJ="1" nameend="col2" namest="col1">Förderung der schulischen Bildung nach § 7 des Soldatenversorgungsgesetzes</entry></row><row><entry VJ="1">§ 8</entry><entry VJ="1">Grundsatz zur Förderung der schulischen Bildung</entry></row><row><entry VJ="1">§ 9</entry><entry VJ="1">Lehrgänge an Bundeswehrfachschulen</entry></row><row><entry VJ="1">§ 10</entry><entry VJ="1">Zahl der Unterrichtsstunden</entry></row><row><entry VJ="1">§ 11</entry><entry VJ="1">Zulassung ab einem höheren Studienhalbjahr und Lehrgangswechsel</entry></row><row><entry VJ="1">§ 12</entry><entry VJ="1">Kosten der Lehrgangsteilnahme</entry></row><row><entry VJ="1">§ 13</entry><entry VJ="1">Form und Fristen</entry></row><row><entry VJ="1">§ 14</entry><entry VJ="1">Versetzung und Prüfung</entry></row><row><entry VJ="1" nameend="col2" namest="col1"> </entry></row><row><entry VJ="1" nameend="col2" namest="col1">Teil 4</entry></row><row><entry VJ="1" nameend="col2" namest="col1">Förderung der beruflichen Bildung nach § 7 des Soldatenversorgungsgesetzes</entry></row><row><entry VJ="1">§ 15</entry><entry VJ="1">Gegenstand der beruflichen Bildung</entry></row><row><entry VJ="1">§ 16</entry><entry VJ="1">Durchführung der Förderung der beruflichen Bildung</entry></row><row><entry VJ="1">§ 17</entry><entry VJ="1">Antragstellung</entry></row><row><entry VJ="1">§ 18</entry><entry VJ="1">Persönliche Förderungsvoraussetzungen</entry></row><row><entry VJ="1">§ 19</entry><entry VJ="1">Kosten der beruflichen Bildung</entry></row><row><entry VJ="1">§ 20</entry><entry VJ="1">Lehrgangs- und Studiengebühren</entry></row><row><entry VJ="1">§ 21</entry><entry VJ="1">Kosten für Ausbildungsmittel</entry></row><row><entry VJ="1">§ 22</entry><entry VJ="1">(weggefallen)</entry></row><row><entry VJ="1">§ 23</entry><entry VJ="1">Reise- und Trennungsauslagen</entry></row><row><entry VJ="1">§ 24</entry><entry VJ="1">Kosten für Studienfahrten aus Anlass der Maßnahme der beruflichen Bildung</entry></row><row><entry VJ="1">§ 25</entry><entry VJ="1">Kosten für Eignungsfeststellungsverfahren</entry></row><row><entry VJ="1">§ 26</entry><entry VJ="1">Zuschuss zu den Umzugsauslagen</entry></row><row><entry VJ="1">§ 27</entry><entry VJ="1">Verbrauch und Verlängerung der Förderungszeiten</entry></row><row><entry VJ="1">§ 28</entry><entry VJ="1">Pflichten der Förderungsberechtigten</entry></row><row><entry VJ="1">§ 29</entry><entry VJ="1">Bestandteile der Bewilligungen nach § 7 des Soldatenversorgungsgesetzes</entry></row><row><entry VJ="1"> </entry><entry VJ="1"> </entry></row><row><entry VJ="1">Teil 5</entry><entry VJ="1"> </entry></row><row><entry VJ="1" nameend="col2" namest="col1">Eingliederung nach § 9 des Soldatenversorgungsgesetzes</entry></row><row><entry VJ="1">§ 30</entry><entry VJ="1">Unterstützung zur Erlangung eines Arbeitsplatzes</entry></row><row><entry VJ="1">§ 31</entry><entry VJ="1">Eingliederungshilfen</entry></row><row><entry VJ="1">§ 32</entry><entry VJ="1">Einarbeitungszuschuss</entry></row><row><entry VJ="1">§ 32a</entry><entry VJ="1">Lohnkostenzuschuss</entry></row><row><entry VJ="1">§ 33</entry><entry VJ="1">Erstattung von Kosten für Vorstellungsreisen</entry></row><row><entry VJ="1">§ 34</entry><entry VJ="1">Berufsorientierungspraktika nach § 9 Absatz 2 des Soldatenversorgungsgesetzes</entry></row><row><entry VJ="1">§ 35</entry><entry VJ="1">Berufsorientierungspraktikum nach § 9 Absatz 3 des Soldatenversorgungsgesetzes</entry></row><row><entry VJ="1">§ 36</entry><entry VJ="1">Erstattung von Kosten für fachberufliche Prüfungen und für Umschreibungen militärischer Erlaubnisse und Berechtigungen</entry></row><row><entry VJ="1">§ 36a</entry><entry VJ="1">Eingliederungsseminar nach § 9 Absatz 5 des Soldatenversorgungsgesetzes</entry></row><row><entry VJ="1">§ 37</entry><entry VJ="1">Ausstellen von Bescheinigungen und Nachweisen zur zivilberuflichen Anerkennung militärischer Ausbildung und Verwendung</entry></row><row><entry VJ="1" nameend="col2" namest="col1"> </entry></row><row><entry VJ="1" nameend="col2" namest="col1">Teil 6</entry></row><row><entry VJ="1" nameend="col2" namest="col1">Schlussvorschriften</entry></row><row><entry VJ="1">§ 38</entry><entry VJ="1">Übergangsregelungen</entry></row></tbody></tgroup></table><!--Ende: BJNR233600006BJNE000200000_01--></P></Content></text><fussnoten/></textdaten></norm>
<norm builddate="20250107222010" doknr="BJNR233600006BJNG000700377"><metadaten><jurabk>BföV</jurabk><gliederungseinheit><gliederungskennzahl>010</gliederungskennzahl><gliederungsbez>Teil 1</gliederungsbez><gliederungstitel>Allgemeine Vorschriften und Berufsberatung nach § 5 des Soldatenversorgungsgesetzes</gliederungstitel></gliederungseinheit></metadaten><textdaten><text format="XML"><Content><P/></Content></text><fussnoten/></textdaten></norm>
<norm builddate="20250107222010" doknr="BJNR233600006BJNE000303377"><metadaten><jurabk>BföV</jurabk><enbez>§ 1</enbez><titel format="XML">Maßnahmen der schulischen und beruflichen Bildung</titel></metadaten><textdaten><text format="XML"><Content><P>(1) Schulische und berufliche Bildung werden durch Maßnahmen mit einem bestimmten Bildungsziel vermittelt. Gefördert werden nur Maßnahmen, die anhand von Lehrplänen oder Ausbildungsvorschriften oder in einem rechtlich geregelten Ausbildungsgang durchgeführt werden.</P><P>(2) Gefördert werden nur Maßnahmen, die eine Befähigung oder Berechtigung vermitteln, über die die Soldatin auf Zeit oder der Soldat auf Zeit noch nicht verfügt.</P><P>(3) Eine Maßnahme schulischer und beruflicher Bildung kann auch dann gefördert werden, wenn bereits vermittelte Inhalte wiederholt oder bereits vermittelte Kenntnisse aufgefrischt werden, soweit dies voraussichtlich Voraussetzung für den erfolgreichen Abschluss einer anschließend angestrebten Maßnahme der schulischen oder beruflichen Bildung sein wird.</P></Content></text><fussnoten/></textdaten></norm>
<norm builddate="20250107222010" doknr="BJNR233600006BJNE004301377"><metadaten><jurabk>BföV</jurabk><enbez>§ 1a</enbez><titel format="XML">Zuständigkeiten</titel></metadaten><textdaten><text format="XML"><Content><P>(1) Für die Beratung in Fragen der schulischen und beruflichen Bildung sind die Karrierecenter der Bundeswehr – Berufsförderungsdienst – zuständig.</P><P>(2) Die Entscheidungen nach den Teilen 2, 4 und 5 dieser Verordnung trifft, soweit im Folgenden nichts anderes bestimmt ist, das Karrierecenter der Bundeswehr – Berufsförderungsdienst –.</P><P>(3) Örtlich zuständig ist das Karrierecenter, in dessen Bereich die Soldatin oder der Soldat ihren oder seinen Standort oder, soweit kein Standort bestimmt werden kann, ihren oder seinen Wohnsitz oder gewöhnlichen Aufenthalt hat. Abweichend von Satz 1 ist zuständig <DL Font="normal" Type="arabic"><DT>1.</DT><DD Font="normal"><LA Size="normal">bei einer internen Maßnahme der schulischen und beruflichen Bildung oder einer zivilberuflich anerkannten Aus- oder Weiterbildungsmaßnahme im Rahmen der militärfachlichen Ausbildung grundsätzlich das Karrierecenter der Bundeswehr – Berufsförderungsdienst –, in dessen Zuständigkeitsbereich die Maßnahme stattfindet,</LA></DD><DT>2.</DT><DD Font="normal"><LA Size="normal">das Karrierecenter der Bundeswehr – Berufsförderungsdienst – am Sitz der Bundeswehrfachschule für die Förderungsberechtigten, die an einer Maßnahme der schulischen und beruflichen Bildung der Bundeswehrfachschule teilnehmen,</LA></DD><DT>3.</DT><DD Font="normal"><LA Size="normal">für das Verfahren nach § 32 das Karrierecenter der Bundeswehr – Berufsförderungsdienst –, in dessen Zuständigkeitsbereich die Einarbeitung erfolgen soll.</LA></DD></DL></P><P>(4) Das Bundesamt für das Personalmanagement der Bundeswehr trifft die Entscheidungen nach § 7 Absatz 13 des Soldatenversorgungsgesetzes sowie nach § 15 Absatz 6 Satz 2 und nach § 26 dieser Verordnung. Es übt die Fachaufsicht über die Karrierecenter der Bundeswehr – Berufsförderungsdienst – aus.</P><P>(5) Das Karrierecenter der Bundeswehr – Berufsförderungsdienst – trifft die Entscheidung nach § 11 Absatz 1 und 2 nach Abstimmung mit der Leiterin oder dem Leiter der Bundeswehrfachschule, die die Förderungsberechtigten besucht haben oder besuchen werden. Die Entscheidung nach § 14 Absatz 1 trifft die Lehrerkonferenz unter Vorsitz der Leiterin oder des Leiters der Bundeswehrfachschule oder deren oder dessen Vertreterin oder Vertreter.</P><P>(6) Das Bildungszentrum der Bundeswehr trifft die Entscheidungen über die Einrichtung von Lehrgängen und Studienkursen nach § 9, die Zulassung zu diesen Lehrgängen und Studienkursen sowie den Ausbildungsort. Es übt die Fachaufsicht über die Bundeswehrfachschulen aus.</P></Content></text><fussnoten/></textdaten></norm>
<norm builddate="20250107222010" doknr="BJNR233600006BJNE000404377"><metadaten><jurabk>BföV</jurabk><enbez>§ 2</enbez><titel format="XML">Berufsberatung</titel></metadaten><textdaten><text format="XML"><Content><P>(1) Das Beratungsgespräch umfasst: <DL Font="normal" Type="arabic"><DT>1.</DT><DD Font="normal"><LA Size="normal">die Erteilung individueller Informationen und Empfehlungen zur Berufsförderung (Absatz 2),</LA></DD><DT>2.</DT><DD Font="normal"><LA Size="normal">die Feststellung der persönlichen Qualifikation und Eignung sowie der persönlichen Zielvorstellungen,</LA></DD><DT>3.</DT><DD Font="normal"><LA Size="normal">die Klärung der beruflichen Anforderungen und Rahmenbedingungen,</LA></DD><DT>4.</DT><DD Font="normal"><LA Size="normal">die Festlegung des schulischen oder beruflichen Bildungsziels,</LA></DD><DT>5.</DT><DD Font="normal"><LA Size="normal">die Erstellung eines Förderungsplans sowie</LA></DD><DT>6.</DT><DD Font="normal"><LA Size="normal">die Evaluation der Umsetzung des Förderungsplans.</LA></DD></DL></P><P>(2) Die Informationen und Empfehlungen nach Absatz 1 Nummer 1 erstrecken sich auf <DL Font="normal" Type="arabic"><DT>1.</DT><DD Font="normal"><LA Size="normal">die Berufsorientierung und Berufsfindung,</LA></DD><DT>2.</DT><DD Font="normal"><LA Size="normal">die Möglichkeiten der schulischen und beruflichen Bildung und Förderung nach dem Soldatenversorgungsgesetz während und nach der Wehrdienstzeit,</LA></DD><DT>3.</DT><DD Font="normal"><LA Size="normal">die zivilberufliche Verwertbarkeit der Qualifikationen, die im Rahmen der militärischen Ausbildung und Verwendung erworben worden sind,</LA></DD><DT>4.</DT><DD Font="normal"><LA Size="normal">die Möglichkeiten und Rahmenbedingungen des Bildungs- und Arbeitsmarktes sowie</LA></DD><DT>5.</DT><DD Font="normal"><LA Size="normal">die Betreuung und Unterstützung bei der Eingliederung in das zivile Erwerbsleben.</LA></DD></DL></P><P>(3) Die Beratung erfolgt kontinuierlich und endet frühestens mit der angemessenen Eingliederung in das zivile Erwerbsleben. Der oder dem Förderungsberechtigten ist auf Antrag zu gestatten, an dem Beratungsgespräch in Begleitung von einer der folgenden Personen teilzunehmen: <DL Font="normal" Type="arabic"><DT>1.</DT><DD Font="normal"><LA Size="normal">der Ehegattin oder des Ehegatten,</LA></DD><DT>2.</DT><DD Font="normal"><LA Size="normal">der Lebenspartnerin oder des Lebenspartners,</LA></DD><DT>3.</DT><DD Font="normal"><LA Size="normal">einer Person, mit der die oder der Förderungsberechtigte in einem Haushalt zusammenlebt.</LA></DD></DL>Das Beratungsgespräch kann mittels Video-Konferenz durchgeführt werden.</P><P>(4) Die Förderungsberechtigten nach § 5 Absatz 3 des Soldatenversorgungsgesetzes haben an der Berufsberatung teilzunehmen. Das Karrierecenter der Bundeswehr – Berufsförderungsdienst – vereinbart mit den truppendienstlichen Vorgesetzten jeweils einen Termin. Die truppendienstlichen Vorgesetzten stellen die Teilnahme sicher. Die Verpflichtung zur Teilnahme entfällt, wenn im Zeitraum nach § 5 Absatz 3 des Soldatenversorgungsgesetzes bereits eine entsprechende Beratung stattgefunden hat.</P><P>(5) Die Berufsberatung kann mit Zustimmung der Förderungsberechtigten zur Feststellung der beruflichen Eignung durch ärztliche und psychologische Untersuchungen unterstützt werden.</P><P>(6) Das Karrierecenter der Bundeswehr – Berufsförderungsdienst – kann mit Zustimmung der Förderungsberechtigten Untersuchungs- oder Beratungsleistungen Dritter einleiten, wenn sichergestellt ist, dass die Ergebnisse dem Karrierecenter zur Verfügung gestellt werden.</P><P>(7) Das Karrierecenter der Bundeswehr – Berufsförderungsdienst – arbeitet bei der Berufsberatung mit den Institutionen der Wirtschaft und den öffentlichen Verwaltungen sowie den Aus-, Fort- und Weiterbildungspartnern der Erwachsenenbildung zusammen.</P><P>(8) Nach der Wehrdienstzeit werden die Aufwendungen für Fahrten zum und vom nächstgelegenen Beratungsort erstattet, wenn die Förderungsberechtigten vereinbarungsgemäß von einem auswärtigen Wohn-, Maßnahme- oder Arbeitsort reisen. Die Erstattung richtet sich nach den für die Beamtinnen und Beamten des Bundes geltenden reisekostenrechtlichen Vorschriften.</P><P>(9) Soldatinnen und Soldaten, die freiwilligen Wehrdienst nach § 58b des Soldatengesetzes leisten, werden vor der Inanspruchnahme von Leistungen der Berufsförderung, mit Ausnahme von Leistungen der Basisqualifizierungen nach § 6 Absatz 4 Satz 1 des Soldatenversorgungsgesetzes, und im Übrigen auf Antrag beraten.</P></Content></text><fussnoten/></textdaten></norm>
<norm builddate="20250107222010" doknr="BJNR233600006BJNE004401377"><metadaten><jurabk>BföV</jurabk><enbez>§ 2a</enbez><titel format="XML">Erstattung von Aufwendungen für die Berufsberatung</titel></metadaten><textdaten><text format="XML"><Content><P>(1) Hat die Soldatin auf Zeit oder der Soldat auf Zeit die Wehrdienstzeit beendet und ist ihr oder ihm gestattet worden, von einem auswärtigen Wohn-, Maßnahme- oder Arbeitsort zur Berufsberatung anzureisen, so werden die Aufwendungen für Fahrten zum und vom nächstgelegenen Beratungsort erstattet. Der Umfang der Erstattung richtet sich nach den für die Beamtinnen und Beamten des Bundes geltenden reisekostenrechtlichen Vorschriften.</P><P>(2) Soldatinnen auf Zeit und Soldaten auf Zeit mit einer Verpflichtungszeit von mindestens vier Jahren können auf Antrag für die Teilnahme von Personen nach § 2 Absatz 3 Satz 2 an einem gemeinsamen Beratungsgespräch im Inland Kosten in entsprechender Anwendung des § 8 Absatz 3 des Soldatenversorgungsgesetzes erstattet werden. Der Antrag ist nur zulässig, wenn er vor dem Beratungsgespräch gestellt wird. Absatz 1 gilt entsprechend.</P></Content></text><fussnoten/></textdaten></norm>
<norm builddate="20250107222010" doknr="BJNR233600006BJNE000501116"><metadaten><jurabk>BföV</jurabk><enbez>§ 3</enbez><titel format="XML">Förderungsplan</titel></metadaten><textdaten><text format="XML"><Content><P>(1) Die Beratungsergebnisse sind im Einvernehmen mit den Förderungsberechtigten in einer Niederschrift zu dokumentieren und dienen der Erstellung eines Förderungsplans.</P><P>(2) Der Förderungsplan ist im Verlauf der Dienstzeit den fachlichen und persönlichen Entwicklungen anzupassen. Ändert sich das im Förderungsplan festgelegte schulische oder berufliche Bildungsziel, ist der Förderungsplan auf der Grundlage einer weiteren Beratung zu aktualisieren.</P></Content></text><fussnoten/></textdaten></norm>
<norm builddate="20250107222010" doknr="BJNR233600006BJNG000201377"><metadaten><jurabk>BföV</jurabk><gliederungseinheit><gliederungskennzahl>020</gliederungskennzahl><gliederungsbez>Teil 2</gliederungsbez><gliederungstitel>Dienstzeitbegleitende Förderung der schulischen und beruflichen Bildung nach § 6 des Soldatenversorgungsgesetzes</gliederungstitel></gliederungseinheit></metadaten><textdaten><text format="XML"><Content><P/></Content></text><fussnoten/></textdaten></norm>
<norm builddate="20250107222010" doknr="BJNR233600006BJNE000601116"><metadaten><jurabk>BföV</jurabk><enbez>§ 4</enbez><titel format="XML">Voraussetzungen der Förderungsfähigkeit</titel></metadaten><textdaten><text format="XML"><Content><P>(1) Förderungsfähig sind Bildungsmaßnahmen fachberuflicher und berufsübergreifender Art. Soweit dies im Einzelfall nach dem Förderungsplan notwendig ist, kann im Rahmen der dienstzeitbegleitenden Förderung auch schulische Bildung gefördert werden. § 17 gilt entsprechend.</P><P>(2) Nicht förderungsfähig sind <DL Font="normal" Type="arabic"><DT>1.</DT><DD Font="normal"><LA Size="normal">Maßnahmen, die ausschließlich der Persönlichkeitsbildung dienen oder dem Freizeitbereich zuzuordnen sind,</LA></DD><DT>2.</DT><DD Font="normal"><LA Size="normal">wissenschaftliche Ausarbeitungen sowie Lernvorgänge, die nicht in einem pädagogisch gestalteten Lehr- und Lernprozess stattfinden, und</LA></DD><DT>3.</DT><DD Font="normal"><LA Size="normal">Maßnahmen, die gegen deutsches Recht oder Recht der Europäischen Union verstoßen.</LA></DD></DL></P><P>(3) Dienstzeitbegleitende Förderung außerhalb der Europäischen Union darf nur dort stationierten Förderungsberechtigten und nur im jeweiligen Aufnahmestaat gewährt werden. Ausnahmen bedürfen der Zustimmung des Bundesministeriums der Verteidigung oder der von ihm benannten Stelle.</P><P>(4) (weggefallen)</P></Content></text><fussnoten><Content><P>(+++ § 4 Abs. 4: Zur Weiteranwendung in der bis zum 27.8.2015 geltenden Fassung vgl. § 38 F. 4.8.2019 +++)</P></Content></fussnoten></textdaten></norm>
<norm builddate="20250107222010" doknr="BJNR233600006BJNE000703377"><metadaten><jurabk>BföV</jurabk><enbez>§ 5</enbez><titel format="XML">Durchführung der dienstzeitbegleitenden Förderung</titel></metadaten><textdaten><text format="XML"><Content><P>(1) Gefördert wird die Teilnahme an Bildungsmaßnahmen der Bundeswehrfachschulen und an Bildungsmaßnahmen, die durch das Karrierecenter der Bundeswehr – Berufsförderungsdienst – geplant und in dessen Auftrag durchgeführt werden (interne Maßnahmen).</P><P>(2) Wird der konkrete Bildungsbedarf im Einzelfall durch die Teilnahme an internen Maßnahmen nicht gedeckt, kann das Karrierecenter der Bundeswehr – Berufsförderungsdienst – die Kosten für andere Bildungsmaßnahmen (externe Maßnahmen) grundsätzlich bis zur Höhe des Kostenrichtwertes erstatten. Der Kostenrichtwert bemisst sich nach der Dauer des Dienstverhältnisses.</P><P>(3) Ehemalige Soldatinnen auf Zeit und ehemalige Soldaten auf Zeit können im Rahmen freier Kapazitäten innerhalb von sieben Jahren nach Beendigung des Dienstverhältnisses, bei ehemaligen Soldatinnen auf Zeit und ehemaligen Soldaten auf Zeit mit einer Gesamtdienstzeit von mindestens 20 Jahren innerhalb von acht Jahren nach Beendigung des Dienstverhältnisses, an internen Maßnahmen des Karrierecenters der Bundeswehr – Berufsförderungsdienst – teilnehmen. § 6 Absatz 2 ist nicht anzuwenden.</P></Content></text><fussnoten><Content><P>(+++ § 5 Abs. 2: Zur Weiteranwendung in der bis zum 27.8.2015 geltenden Fassung vgl. § 38 F. 4.8.2019 +++)</P></Content></fussnoten></textdaten></norm>
<norm builddate="20250107222010" doknr="BJNR233600006BJNE000804377"><metadaten><jurabk>BföV</jurabk><enbez>§ 6</enbez><titel format="XML">Erstattung von Kosten</titel></metadaten><textdaten><text format="XML"><Content><P>(1) Die Teilnahme an internen Maßnahmen ist kostenfrei. § 8 Absatz 3 des Soldatenversorgungsgesetzes gilt entsprechend.</P><P>(2) Lehrgangs- und Prüfungsgebühren einschließlich Anmelde- und Prüfungskosten werden erstattet, wenn sie auf Grund einer Teilnahme an dienstzeitbegleitenden Maßnahmen entstehen. Kosten für Lernmittel und Verbrauchsmaterial können pauschal erstattet werden. Sonstige Kosten sind nur mit Zustimmung des Bundesministeriums der Verteidigung oder der von ihm bestimmten Stelle erstattungsfähig.</P><P>(3) Erstattungsfähige Kosten sind innerhalb einer Frist von sechs Monaten nach Abschluss der Maßnahme schriftlich oder elektronisch beim Karrierecenter der Bundeswehr – Berufsförderungsdienst – geltend zu machen.</P></Content></text><fussnoten><Content><P>(+++ § 6 Abs. 1 Satz 2: Zur Anwendung vgl. § 38 Abs. 2 +++)</P></Content></fussnoten></textdaten></norm>
<norm builddate="20250107222010" doknr="BJNR233600006BJNE000904377"><metadaten><jurabk>BföV</jurabk><enbez>§ 7</enbez><titel format="XML">Bestandteile der Bewilligungen nach § 6 des Soldatenversorgungsgesetzes</titel></metadaten><textdaten><text format="XML"><Content><P>(1) Der Bescheid über die Bewilligung der dienstzeitbegleitenden Förderung kann widerrufen werden, wenn <DL Font="normal" Type="arabic"><DT>1.</DT><DD Font="normal"><LA Size="normal">nicht regelmäßig an der Maßnahme teilgenommen wird,</LA></DD><DT>2.</DT><DD Font="normal"><LA Size="normal">aufgrund der Leistungen oder des Verhaltens der Förderungsberechtigten nicht zu erwarten ist, dass sie das Ziel der Maßnahme erreichen, oder</LA></DD><DT>3.</DT><DD Font="normal"><LA Size="normal">freiwilligen Wehrdienst nach § 58b des Soldatengesetzes Leistende, die an einer externen Maßnahme teilnehmen, in ein Dienstverhältnis als Soldatin auf Zeit oder Soldat auf Zeit mit einem Förderungsanspruch nach § 7 des Soldatenversorgungsgesetzes berufen worden sind.</LA></DD></DL></P><P>(2) Der Bewilligungsbescheid ergeht unter der auflösenden Bedingung, dass die oder der Förderungsberechtigte innerhalb des Bewilligungszeitraums <DL Font="normal" Type="arabic"><DT>1.</DT><DD Font="normal"><LA Size="normal">aus der Bundeswehr ausscheidet,</LA></DD><DT>2.</DT><DD Font="normal"><LA Size="normal">als Soldatin auf Zeit zur Berufssoldatin oder als Soldat auf Zeit zum Berufssoldaten ernannt wird,</LA></DD><DT>3.</DT><DD Font="normal"><LA Size="normal">als Berufssoldatin oder Berufssoldat mit verwendungsbezogener Altersgrenze die Zusage der Anschlussverwendung erhält oder</LA></DD><DT>4.</DT><DD Font="normal"><LA Size="normal">an der Maßnahme nicht teilnimmt und deshalb der erfolgreiche Abschluss gefährdet erscheint.</LA></DD></DL>Tritt die auflösende Bedingung ein, kann die weitere Teilnahme an der Maßnahme gestattet werden. Kosten, die nach Eintritt der Bedingung entstehen, werden im Falle des Satzes 1 Nummer 1 und 4 nicht erstattet.</P><P>(3) § 28 Absatz 1 gilt entsprechend.</P></Content></text><fussnoten/></textdaten></norm>
<norm builddate="20250107222010" doknr="BJNR233600006BJNG000301377"><metadaten><jurabk>BföV</jurabk><gliederungseinheit><gliederungskennzahl>030</gliederungskennzahl><gliederungsbez>Teil 3</gliederungsbez><gliederungstitel>Förderung der schulischen Bildung nach § 7 des Soldatenversorgungsgesetzes</gliederungstitel></gliederungseinheit></metadaten><textdaten><text format="XML"><Content><P/></Content></text><fussnoten/></textdaten></norm>
<norm builddate="20250107222010" doknr="BJNR233600006BJNE001001116"><metadaten><jurabk>BföV</jurabk><enbez>§ 8</enbez><titel format="XML">Grundsatz zur Förderung der schulischen Bildung</titel></metadaten><textdaten><text format="XML"><Content><P>Die Förderung der schulischen Bildung weicht von der Förderung der beruflichen Bildung nur ab, soweit die §§ 9 bis 14 ausdrücklich Anderes regeln.</P></Content></text><fussnoten/></textdaten></norm>
<norm builddate="20250107222010" doknr="BJNR233600006BJNE001103377"><metadaten><jurabk>BföV</jurabk><enbez>§ 9</enbez><titel format="XML">Lehrgänge an Bundeswehrfachschulen</titel></metadaten><textdaten><text format="XML"><Content><P>(1) An Bundeswehrfachschulen können folgende Lehrgänge durchgeführt werden: <DL Font="normal" Type="arabic"><DT>1.</DT><DD Font="normal"><LA Size="normal">Grundlehrgang von einem Studienhalbjahr zur Vorbereitung auf einen Lehrgang nach den Nummern 4, 5 oder 8 sowie zur Vorbereitung auf Maßnahmen der beruflichen Bildung,</LA></DD><DT>2.</DT><DD Font="normal"><LA Size="normal">Berufsbildungslehrgang von einem Studienhalbjahr zur Vorbereitung auf Berufsbildungsmaßnahmen und zur Eingliederung in das Berufsleben,</LA></DD><DT>3.</DT><DD Font="normal"><LA Size="normal">Vorkurs von einem Studienhalbjahr zur Vorbereitung auf einen Lehrgang nach Nummer 6 sowie auf Berufsbildungsmaßnahmen,</LA></DD><DT>4.</DT><DD Font="normal"><LA Size="normal">Lehrgang von zwei Studienhalbjahren zur Erlangung des Realschulabschlusses,</LA></DD><DT>5.</DT><DD Font="normal"><LA Size="normal">Lehrgang von zwei Studienhalbjahren in bestimmten Fachrichtungen zur Erlangung der Fachschulreife,</LA></DD><DT>6.</DT><DD Font="normal"><LA Size="normal">Lehrgang von zwei Studienhalbjahren in bestimmten Fachrichtungen zur Erlangung der Fachhochschulreife,</LA></DD><DT>7.</DT><DD Font="normal"><LA Size="normal">Maßnahmen der beruflichen Aus-, Fort- und Weiterbildung,</LA></DD><DT>8.</DT><DD Font="normal"><LA Size="normal">Lehrgang zur Erlangung des Hauptschulabschlusses,</LA></DD><DT>9.</DT><DD Font="normal"><LA Size="normal">Lehrgang zur Vorbereitung auf Einstellungsprüfungen,</LA></DD><DT>10.</DT><DD Font="normal"><LA Size="normal">Studienkurse zur Vorbereitung auf Studiengänge oder vergleichbare Ausbildungen.</LA></DD></DL>Die Lehrgänge nach Satz 1 Nummer 1 bis 6 und 8 bis 10 sind <DL Font="normal" Type="arabic"><DT>1.</DT><DD Font="normal"><LA Size="normal">schulische Maßnahmen im Sinne des § 7 Absatz 3 des Soldatenversorgungsgesetzes,</LA></DD><DT>2.</DT><DD Font="normal"><LA Size="normal">Maßnahmen der schulischen Bildung im Sinne des § 8 Absatz 1 Satz 1 des Soldatenversorgungsgesetzes.</LA></DD></DL>Bei diesen Maßnahmen wird der Ausbildungsort vorgegeben.</P><P>(2) Die Lehrgänge werden nur bei einer ausreichenden Anzahl von Teilnehmenden eingerichtet. Der Grundsatz der Wirtschaftlichkeit und Sparsamkeit ist zu beachten. Ein Anspruch auf Einrichtung bestimmter Lehrgänge besteht nicht.</P><P>(3) Die Zulassung zu den Lehrgängen setzt folgende schulische Vorbildung voraus: <DL Font="normal" Type="arabic"><DT>1.</DT><DD Font="normal"><LA Size="normal">für den Vorkurs nach Absatz 1 Satz 1 Nr. 3: mittlerer Schulabschluss oder gleichwertiger Bildungsstand,</LA></DD><DT>2.</DT><DD Font="normal"><LA Size="normal">für den Lehrgang nach Absatz 1 Satz 1 Nr. 4: Hauptschulabschluss oder gleichwertiger Bildungsabschluss sowie Grundkenntnisse im Fach Englisch,</LA></DD><DT>3.</DT><DD Font="normal"><LA Size="normal">für den Lehrgang nach Absatz 1 Satz 1 Nr. 5: Hauptschulabschluss oder gleichwertiger Bildungsabschluss sowie Grundkenntnisse im Fach Englisch,</LA></DD><DT>4.</DT><DD Font="normal"><LA Size="normal">für den Lehrgang nach Absatz 1 Satz 1 Nr. 6: mittlerer Schulabschluss oder gleichwertiger Bildungsstand.</LA></DD></DL>Für Maßnahmen nach Absatz 1 Satz 1 Nummer 7 gelten die von der zuständigen Stelle festgelegten Zugangsvoraussetzungen. Die erforderliche Vorbildung ist durch Vorlage der Zeugnisse oder entsprechender Urkunden nachzuweisen.</P><P>(4) Die Lehrgänge nach Absatz 1 Satz 1 Nr. 5 und 6 setzen eine abgeschlossene einschlägige Berufsausbildung oder eine mehrjährige einschlägige Berufstätigkeit voraus. Die endgültige Zulassung kann von einer erfolgreichen Probezeit oder Eignungsfeststellung abhängig gemacht werden.</P><P>(5) Studienkurse nach Absatz 1 Satz 1 Nummer 10 dauern <DL Font="normal" Type="arabic"><DT>1.</DT><DD Font="normal"><LA Size="normal">für Förderungsberechtigte, die die Fachhochschulreife nach Absatz 1 Satz 1 Nummer 6 im Rahmen der Förderung nach § 7 des Soldatenversorgungsgesetzes erworben haben und im folgenden Schulhalbjahr einen Studienkurs besuchen wollen, in der Regel drei Monate,</LA></DD><DT>2.</DT><DD Font="normal"><LA Size="normal">für andere Förderungsberechtigte mit einer Hochschulzugangsberechtigung höchstens zwölf Monate.</LA></DD></DL></P></Content></text><fussnoten/></textdaten></norm>
<norm builddate="20250107222010" doknr="BJNR233600006BJNE001201116"><metadaten><jurabk>BföV</jurabk><enbez>§ 10</enbez><titel format="XML">Zahl der Unterrichtsstunden</titel></metadaten><textdaten><text format="XML"><Content><P>Ein Studienhalbjahr an einer Bundeswehrfachschule umfasst je nach Lehrgang bis zu 750 Unterrichtsstunden.</P></Content></text><fussnoten/></textdaten></norm>
<norm builddate="20250107222010" doknr="BJNR233600006BJNE001302377"><metadaten><jurabk>BföV</jurabk><enbez>§ 11</enbez><titel format="XML">Zulassung ab einem höheren Studienhalbjahr und Lehrgangswechsel</titel></metadaten><textdaten><text format="XML"><Content><P>(1) Auf Antrag kann bei entsprechender Vorbildung der Förderungsberechtigten die Teilnahme an den Lehrgängen nach § 9 Abs. 1 Satz 1 Nr. 4 bis 6 von einem höheren Studienhalbjahr an zugelassen werden. § 9 Abs. 2 gilt entsprechend.</P><P>(2) Auf Antrag kann ein Wechsel des Lehrgangs zugelassen werden. Der Antrag ist von den Förderungsberechtigten zu begründen.</P><P>(3) Anträge nach den Absätzen 1 und 2 sind jeweils schriftlich oder elektronisch beim Karrierecenter der Bundeswehr – Berufsförderungsdienst – zu stellen.</P></Content></text><fussnoten/></textdaten></norm>
<norm builddate="20250107222010" doknr="BJNR233600006BJNE001403377"><metadaten><jurabk>BföV</jurabk><enbez>§ 12</enbez><titel format="XML">Kosten der Lehrgangsteilnahme</titel></metadaten><textdaten><text format="XML"><Content><P>(1) Bei Maßnahmen nach § 9 Absatz 1 Satz 1 Nummer 7 werden pro angefangenem Monat der Förderung pauschal 200 Euro, höchstens jedoch 1 200 Euro pro Studienhalbjahr auf den Höchstbetrag nach § 19 Absatz 2 angerechnet. Mit Zustimmung des Bundesministeriums der Verteidigung kann in begründeten Fällen bei einzelnen Lehrgängen von der Anrechnung abgesehen werden.</P><P>(2) Lehrgangsteilnehmerinnen und Lehrgangsteilnehmer an Bundeswehrfachschulen sind zum Wohnen in der Gemeinschaftsunterkunft berechtigt. Soweit zur Lehrgangsteilnahme kostenfreie Unterkunft oder Gemeinschaftsverpflegung gegen Bezahlung bereitgestellt wird, sind die Förderungsberechtigten auf die Inanspruchnahme zu verweisen. Wird eine der in Satz 2 genannten Leistungen nicht in Anspruch genommen, führt dies nicht zu höheren Leistungen nach § 8 Absatz 3 des Soldatenversorgungsgesetzes.</P></Content></text><fussnoten/></textdaten></norm>
<norm builddate="20250107222010" doknr="BJNR233600006BJNE001503377"><metadaten><jurabk>BföV</jurabk><enbez>§ 13</enbez><titel format="XML">Form und Fristen</titel></metadaten><textdaten><text format="XML"><Content><P>(1) Förderungsberechtigte haben dem Karrierecenter der Bundeswehr – Berufsförderungsdienst – spätestens sieben Monate vor Beginn der schulischen Maßnahme schriftlich oder elektronisch mitzuteilen, welchen Lehrgang einer Bundeswehrfachschule sie besuchen wollen.</P><P>(2) Das Karrierecenter der Bundeswehr – Berufsförderungsdienst – benennt die an Lehrgängen teilnehmenden Förderungsberechtigten der Schulaufsichtsbehörde der Bundeswehrverwaltung (Schulaufsichtsbehörde) frühestens neun und spätestens fünf Monate vor Beginn der geplanten schulischen Maßnahme. Die Schulaufsichtsbehörde teilt den Förderungsberechtigten und nachrichtlich dem Karrierecenter der Bundeswehr – Berufsförderungsdienst – spätestens zwei Monate vor Beginn der schulischen Maßnahme die Bundeswehrfachschule und die Lehrgangsart mit. Nehmen Förderungsberechtigte vor dem Dienstzeitende an dem Lehrgang teil, veranlasst die Schulaufsichtsbehörde, soweit erforderlich, die Kommandierung zu der zuständigen militärischen Betreuungsstelle.</P><P>(3) Von den Fristen der Absätze 1 und 2 kann in begründeten Einzelfällen abgewichen werden.</P></Content></text><fussnoten/></textdaten></norm>
<norm builddate="20250107222010" doknr="BJNR233600006BJNE001601377"><metadaten><jurabk>BföV</jurabk><enbez>§ 14</enbez><titel format="XML">Versetzung und Prüfung</titel></metadaten><textdaten><text format="XML"><Content><P>(1) Nach erfolgreichem Unterrichtsbesuch werden die Förderungsberechtigten von einem Studienhalbjahr in das nächstfolgende versetzt oder in einen weiterführenden Lehrgang eingewiesen. Die Versetzung ist in einem Zeugnis auszusprechen, das die Bewertung der Leistungen in den einzelnen Fächern enthält.</P><P>(2) Die zweimalige Nichtversetzung in einem Lehrgang schließt grundsätzlich die weitere Teilnahme am Unterricht in gleichartigen Lehrgängen an einer Bundeswehrfachschule aus. Die Schulaufsichtsbehörde kann in Abstimmung mit dem Karrierecenter der Bundeswehr – Berufsförderungsdienst – eine weitere Teilnahme zulassen, wenn besondere Umstände vorliegen.</P><P>(3) Die Lehrgänge nach § 9 Abs. 1 Satz 1 Nr. 4 bis 6 und 8 werden durch eine Prüfung an der Bundeswehrfachschule abgeschlossen.</P></Content></text><fussnoten/></textdaten></norm>
<norm builddate="20250107222010" doknr="BJNR233600006BJNG000401377"><metadaten><jurabk>BföV</jurabk><gliederungseinheit><gliederungskennzahl>040</gliederungskennzahl><gliederungsbez>Teil 4</gliederungsbez><gliederungstitel>Förderung der beruflichen Bildung nach § 7 des Soldatenversorgungsgesetzes</gliederungstitel></gliederungseinheit></metadaten><textdaten><text format="XML"><Content><P/></Content></text><fussnoten/></textdaten></norm>
<norm builddate="20250107222010" doknr="BJNR233600006BJNE001703377"><metadaten><jurabk>BföV</jurabk><enbez>§ 15</enbez><titel format="XML">Gegenstand der beruflichen Bildung</titel></metadaten><textdaten><text format="XML"><Content><P>(1) Gefördert werden die fachberufliche Aus-, Fort- und Weiterbildung sowie die Umschulung der Förderungsberechtigten in öffentlichen und privaten Bildungseinrichtungen, Betrieben oder Verwaltungen im Bundesgebiet sowie an Hochschulen im Sinne des § 1 des Hochschulrahmengesetzes. § 4 Abs. 2 gilt entsprechend. Maßnahmen der beruflichen Bildung, die im eigenen Betrieb der Förderungsberechtigten durchgeführt werden sollen oder auf Verträgen mit der Ehegattin oder dem Ehegatten, der Lebenspartnerin oder dem Lebenspartner (§ 1 Absatz 1 Satz 1 des Lebenspartnerschaftsgesetzes), den Eltern, Großeltern, Geschwistern oder eigenen Kindern beruhen, werden grundsätzlich nicht gefördert.</P><P>(2) Eine Maßnahme nach Absatz 1 muss den Anforderungen des Bildungsziels und des Förderungszwecks entsprechen. Sie ist in diesem Sinne als geeignet anzusehen, wenn <DL Font="normal" Type="arabic"><DT>1.</DT><DD Font="normal"><LA Size="normal">ihre Dauer angemessen ist und insbesondere Kenntnisse und Fertigkeiten vermittelt werden, die dem angestrebten Bildungsziel unter Berücksichtigung der voraussichtlichen Eingliederungserfordernisse und der beruflichen Entwicklungsmöglichkeiten entsprechen,</LA></DD><DT>2.</DT><DD Font="normal"><LA Size="normal">der Maßnahmeträger nach Art und Einrichtung den Anforderungen entspricht, die für die ordnungsgemäße und erwachsenengerechte Durchführung der Maßnahme der beruflichen Bildung gegeben sein müssen,</LA></DD><DT>3.</DT><DD Font="normal"><LA Size="normal">zwischen dem Maßnahmeträger und den Förderungsberechtigten angemessene Teilnahmebedingungen schriftlich oder elektronisch vereinbart wurden, wobei die Vereinbarung von allgemein vorgeschriebenen oder von üblichen Regelungen nicht zu Ungunsten der Förderungsberechtigten abweichen darf, und</LA></DD><DT>4.</DT><DD Font="normal"><LA Size="normal">sie mit einem Zeugnis oder einer Bestätigung abschließt, das oder die Auskunft über den Inhalt des vermittelten Lehrstoffs gibt.</LA></DD></DL></P><P>(3) Die Dauer der Maßnahmen ist angemessen, wenn sie sich auf den für das Erreichen des Bildungsziels erforderlichen Umfang beschränkt. Die Dauer einer Vollzeitmaßnahme, die zu einem Abschluss in einem anerkannten Ausbildungsberuf führt, ist grundsätzlich angemessen, wenn sie gegenüber einer entsprechenden Berufsausbildung um mindestens ein Drittel der Ausbildungszeit verkürzt ist, es sei denn, eine Verkürzung ist aufgrund bundes- oder landesrechtlicher Regelungen ausgeschlossen.</P><P>(4) Eine Maßnahme findet in Vollzeitform statt, wenn sie regelmäßig <DL Font="normal" Type="arabic"><DT>1.</DT><DD Font="normal"><LA Size="normal">an 4 Tagen pro Woche durchgeführt wird und</LA></DD><DT>2.</DT><DD Font="normal"><LA Size="normal">mindestens 25 Unterrichtsstunden pro Woche umfasst, die jeweils mindestens 45 Minuten dauern.</LA></DD></DL>Dauert die Maßnahme insgesamt weniger als 4 Tage, ist von Vollzeitform auszugehen, wenn sie pro Tag mindestens 6,25 Unterrichtsstunden mit jeweils 45 Minuten umfasst.</P><P>(5) Direktunterricht und Fernunterricht werden in gleicher Weise gefördert; die Förderungsberechtigten sind über die besonderen Anforderungen des Fernunterrichts aufzuklären.</P><P>(6) Eine Maßnahme innerhalb der Europäischen Union steht förderungs- und abfindungsrechtlich einer Maßnahme im Bundesgebiet gleich. Die Teilnahme an einer Maßnahme der beruflichen Bildung außerhalb der Europäischen Union kann gefördert werden, wenn <DL Font="normal" Type="arabic"><DT>1.</DT><DD Font="normal"><LA Size="normal">sie für die beruflichen Qualifizierungs-, Betätigungs- und Entwicklungsabsichten der Förderungsberechtigten zweckmäßiger ist als in Betracht kommende Maßnahmen der beruflichen Bildung innerhalb der Europäischen Union und</LA></DD><DT>2.</DT><DD Font="normal"><LA Size="normal">ihre Dauer und Mehrkosten nach den besonderen berufsbildungs- und eingliederungsrelevanten Umständen vertretbar sind.</LA></DD></DL></P></Content></text><fussnoten/></textdaten></norm>
<norm builddate="20250107222010" doknr="BJNR233600006BJNE004800377"><metadaten><jurabk>BföV</jurabk><enbez>§ 16</enbez><titel format="XML">Durchführung der Förderung der beruflichen Bildung</titel></metadaten><textdaten><text format="XML"><Content><P>(1) Maßnahmen der beruflichen Bildung werden nur gefördert, wenn sie bis zum Ablauf von sieben Jahren nach Beendigung des Dienstverhältnisses, bei Soldatinnen auf Zeit und Soldaten auf Zeit mit einer Gesamtdienstzeit von mindestens 20 Jahren bis zum Ablauf von acht Jahren nach Beendigung des Dienstverhältnisses, begonnen werden; die Förderung kann bis zum Erreichen der jeweiligen Förderungshöchstdauer nach § 7 des Soldatenversorgungsgesetzes erfolgen.</P><P>(2) Eine Maßnahme der beruflichen Bildung in Vollzeitform kann ausnahmsweise bis zu drei Monate vor dem Dienstzeitende gefördert werden, wenn <DL Font="normal" Type="arabic"><DT>1.</DT><DD Font="normal"><LA Size="normal">der Beginn der Maßnahme unabänderlich ist und</LA></DD><DT>2.</DT><DD Font="normal"><LA Size="normal">durch die Förderung eine Verzögerung bei der Umsetzung des Förderungsplans vermieden wird.</LA></DD></DL>Satz 1 gilt für Soldatinnen auf Zeit und Soldaten auf Zeit mit einer Gesamtdienstzeit von mindestens 20 Jahren mit der Maßgabe, dass die Förderung bis zu sechs Monate vor dem Dienstzeitende erfolgen kann. Als Ermessensleistung können die Förderungsberechtigten zur Teilnahme an der Maßnahme vom militärischen Dienst freigestellt werden.</P><P>(3) Das Karrierecenter der Bundeswehr – Berufsförderungsdienst – entscheidet auf der Grundlage einer Stellungnahme der oder des nächsten Disziplinarvorgesetzten und im Einvernehmen mit der personalbearbeitenden Stelle über die Freistellung. Die Freistellung kann jederzeit auf der Grundlage einer Stellungnahme der oder des nächsten Disziplinarvorgesetzten und im Einvernehmen mit der personalbearbeitenden Stelle widerrufen werden, wenn <DL Font="normal" Type="arabic"><DT>1.</DT><DD Font="normal"><LA Size="normal">sich nachträglich dienstliche Gründe ergeben, die die volle Erfüllung der Dienstleistungspflicht erfordern, und</LA></DD><DT>2.</DT><DD Font="normal"><LA Size="normal">ohne den Widerruf die Erfüllung der dienstlichen Aufgaben erheblich gefährdet wäre.</LA></DD></DL></P></Content></text><fussnoten><Content><P>(+++ § 16: Zur Weiteranwendung in der bis zum 27.8.2015 geltenden Fassung  vgl. § 38 F. 4.8.2019 +++)</P></Content></fussnoten></textdaten></norm>
<norm builddate="20250107222010" doknr="BJNR233600006BJNE001903377"><metadaten><jurabk>BföV</jurabk><enbez>§ 17</enbez><titel format="XML">Antragstellung</titel></metadaten><textdaten><text format="XML"><Content><P>(1) Die Förderung ist vor Beginn der Maßnahme schriftlich oder elektronisch zu beantragen. Wird der Antrag verspätet gestellt und eine Wiedereinsetzung in den vorigen Stand nach § 32 des Verwaltungsverfahrensgesetzes nicht gewährt, ist eine anteilige Förderung ab Antragseingang möglich.</P><P>(2) Die Antragstellerin oder der Antragsteller hat die zur Entscheidung über den Antrag erforderlichen Unterlagen vorzulegen. Welche Unterlagen vorzulegen sind, bestimmt das Karrierecenter der Bundeswehr – Berufsförderungsdienst – nach den Umständen des Einzelfalls.</P></Content></text><fussnoten/></textdaten></norm>
<norm builddate="20250107222010" doknr="BJNR233600006BJNE002002377"><metadaten><jurabk>BföV</jurabk><enbez>§ 18</enbez><titel format="XML">Persönliche Förderungsvoraussetzungen</titel></metadaten><textdaten><text format="XML"><Content><P>(1) Die beantragte Maßnahme der beruflichen Bildung wird bewilligt, wenn <DL Font="normal" Type="arabic"><DT>1.</DT><DD Font="normal"><LA Size="normal">die Förderungsberechtigten sich für die entsprechend ihrer Neigung angestrebte berufliche Bildung und die Ausübung der entsprechenden beruflichen Tätigkeit voraussichtlich geistig, charakterlich und gesundheitlich eignen sowie die dafür bestimmten Zulassungsvoraussetzungen erfüllen,</LA></DD><DT>2.</DT><DD Font="normal"><LA Size="normal">nach den persönlichen Gesamtumständen eine erfolgreiche Teilnahme an der Maßnahme der beruflichen Bildung erwartet werden kann und</LA></DD><DT>3.</DT><DD Font="normal"><LA Size="normal">die angestrebte Berufstätigkeit geeignet ist, eine angemessene Lebensgrundlage zu bieten.</LA></DD></DL></P><P>(2) Bei Zweifeln an der Eignung der Förderungsberechtigten ist die Maßnahme nur zu bewilligen, wenn das Vorliegen der fraglichen Voraussetzungen in einer Eignungsfeststellung nachgewiesen werden konnte. Wirken die Förderungsberechtigten bei der Feststellung ihrer Eignung nicht mit, wird der Antrag abgelehnt, wenn die Förderungsberechtigten auf diese Folge schriftlich hingewiesen worden sind und ihrer Mitwirkungspflicht nicht innerhalb einer angemessenen Frist nachgekommen sind.</P><P>(3) Die Eignung kann auch durch eine probeweise Teilnahme an der beabsichtigten Maßnahme der beruflichen Bildung im Rahmen des § 7 des Soldatenversorgungsgesetzes nachgewiesen werden, die nicht länger als einen Monat dauern sollte. Vor Bewilligung der Förderung der Maßnahme der beruflichen Bildung können die Leiterin oder der Leiter der Bundeswehrfachschule, die Disziplinarvorgesetzten, die Bundesagentur für Arbeit, Ausbildungsbehörden, Schulen, Industrie- und Handelskammern, Handwerks- und Landwirtschaftskammern sowie berufsständische Organisationen gutachtlich gehört werden.</P></Content></text><fussnoten/></textdaten></norm>
<norm builddate="20250107222010" doknr="BJNR233600006BJNE002103377"><metadaten><jurabk>BföV</jurabk><enbez>§ 19</enbez><titel format="XML">Kosten der beruflichen Bildung</titel></metadaten><textdaten><text format="XML"><Content><P>(1) Soweit die Soldatinnen auf Zeit und Soldaten auf Zeit oder die zu ihrem Unterhalt Verpflichteten die Kosten selbst tragen müssten, wenn kein Anspruch auf berufliche Förderung bestünde, werden folgende Kosten nach Maßgabe dieser Verordnung erstattet: <DL Font="normal" Type="arabic"><DT>1.</DT><DD Font="normal"><LA Size="normal">Lehrgangs- und Studiengebühren (§ 20),</LA></DD><DT>2.</DT><DD Font="normal"><LA Size="normal">Kosten für Ausbildungsmittel (§ 21),</LA></DD><DT>3.</DT><DD Font="normal"><LA Size="normal">Reise- und Trennungsauslagen (§ 23),</LA></DD><DT>4.</DT><DD Font="normal"><LA Size="normal">Kosten für Studienfahrten aus Anlass der Maßnahme der beruflichen Bildung (§ 24),</LA></DD><DT>5.</DT><DD Font="normal"><LA Size="normal">Kosten für Eignungsfeststellungsverfahren (§ 25) und</LA></DD><DT>6.</DT><DD Font="normal"><LA Size="normal">Umzugsauslagen (§ 26).</LA></DD></DL>Sonstige Kosten dürfen nur mit Zustimmung des Bundesministeriums der Verteidigung oder der von ihm bestimmten Stelle erstattet werden. Kosten dürfen nur erstattet werden, wenn sie nach Art und Höhe zur Erreichung des angestrebten schulischen und beruflichen Bildungsziels notwendig sind. Leistungen Dritter, die für denselben Zweck gewährt werden, sind anzurechnen.</P><P>(2) Kosten nach Absatz 1 Satz 1 Nummer 1 und 2 werden grundsätzlich nur bis zu folgenden Höchstbeträgen erstattet: <BR/><BR/><table colsep="1" frame="all" pgwide="0" rowsep="1" tocentry="%yes;"><tgroup align="left" char="" charoff="50" cols="3"><colspec align="center" colname="col1" colwidth="10*"/><colspec align="center" colname="col2" colwidth="40*"/><colspec align="center" colname="col3" colwidth="30*"/><thead valign="bottom"><row><entry VJ="1" colname="col1"/><entry VJ="1" colname="col2">Dauer der Förderung<BR/> nach § 7 Absatz 5 <BR/>des Soldatenversorgungsgesetzes<BR/> in Monaten</entry><entry VJ="1" colname="col3" valign="middle">Höchstbetrag<BR/> in Euro</entry></row><row><entry VJ="1" colname="col1"/><entry VJ="1" colname="col2"> 1</entry><entry VJ="1" colname="col3">2</entry></row></thead><tbody valign="top"><row><entry VJ="1" colname="col1">1</entry><entry VJ="1" colname="col2">12</entry><entry VJ="1" colname="col3"> 5 000</entry></row><row><entry VJ="1" colname="col1">2</entry><entry VJ="1" colname="col2">18</entry><entry VJ="1" colname="col3"> 7 000</entry></row><row><entry VJ="1" colname="col1">3</entry><entry VJ="1" colname="col2">24</entry><entry VJ="1" colname="col3"> 9 000</entry></row><row><entry VJ="1" colname="col1">4</entry><entry VJ="1" colname="col2">30</entry><entry VJ="1" colname="col3">11 000</entry></row><row><entry VJ="1" colname="col1">5</entry><entry VJ="1" colname="col2">36</entry><entry VJ="1" colname="col3">13 000</entry></row><row><entry VJ="1" colname="col1">6</entry><entry VJ="1" colname="col2">42</entry><entry VJ="1" colname="col3">15 000</entry></row><row><entry VJ="1" colname="col1">7</entry><entry VJ="1" colname="col2">48</entry><entry VJ="1" colname="col3">17 000</entry></row><row><entry VJ="1" colname="col1">8</entry><entry VJ="1" colname="col2">54</entry><entry VJ="1" colname="col3">19 000</entry></row><row><entry VJ="1" colname="col1">9</entry><entry VJ="1" colname="col2">60</entry><entry VJ="1" colname="col3">21 000</entry></row></tbody></tgroup></table><BR/>Wenn sich die Förderungsdauer nicht nach § 7 Absatz 5 des Soldatenversorgungsgesetzes richtet, reduziert oder erhöht sich der Höchstbetrag für jeden Monat, für den Anspruch auf Förderung nicht besteht beziehungsweise besteht, um 333,33 Euro, insbesondere <DL Font="normal" Type="arabic"><DT>1.</DT><DD Font="normal"><LA Size="normal">bei einer Verminderung der Förderungsdauer nach § 7 Absatz 7 bis 9 und 11 des Soldatenversorgungsgesetzes,</LA></DD><DT>2.</DT><DD Font="normal"><LA Size="normal">in den Fällen des § 7 Absatz 10 des Soldatenversorgungsgesetzes oder</LA></DD><DT>3.</DT><DD Font="normal"><LA Size="normal">bei einer Kürzung der Förderungsdauer nach den §§ 22 und 23 des Soldatenversorgungsgesetzes.</LA></DD></DL>Der Höchstbetrag erhöht sich bei einer Gesamtdienstzeit von mindestens 15 Jahren um 1 000 Euro, von mindestens 20 Jahren um 2 000 Euro und von 25 Jahren um 3 000 Euro. In Ausnahmefällen kann das Bundesministerium der Verteidigung oder die von ihm bestimmte Stelle eine Überschreitung des Höchstbetrags zulassen. Wird eine ehemalige Soldatin auf Zeit oder ein ehemaliger Soldat auf Zeit erneut in ein Dienstverhältnis als Soldatin auf Zeit oder als Soldat auf Zeit berufen, werden bereits erfolgte Kostenerstattungen nach § 5 des Soldatenversorgungsgesetzes auf den Höchstbetrag angerechnet, der auf Grund der neuen Verpflichtungsdauer besteht. Nicht ausgeschöpfte Beträge werden nicht ausgezahlt.</P><P>(3) Ist der Höchstbetrag nach Absatz 2 ausgeschöpft worden und hätte eine sich nachträglich ergebende Verminderung der Förderungsdauer, Kürzung der Förderungshöchstdauer, Dienstzeitverkürzung oder Ernennung zur Berufssoldatin oder zum Berufssoldaten eine geringere Förderung ergeben, führt dies nicht zu einer Rückforderung der Förderungsleistung.</P><P>(4) Nach § 5 Absatz 2 gewährte Leistungen werden auf Leistungen nach § 7 Absatz 2 in Verbindung mit Absatz 1 Satz 1 des Soldatenversorgungsgesetzes nicht angerechnet.</P></Content></text><fussnoten><Content><P>(+++ § 19 Abs. 2: Zur Weiteranwendung in der bis zum 27.8.2015 geltenden Fassung vgl. § 38 F. 4.8.2019 +++)</P></Content></fussnoten></textdaten></norm>
<norm builddate="20250107222010" doknr="BJNR233600006BJNE002203377"><metadaten><jurabk>BföV</jurabk><enbez>§ 20</enbez><titel format="XML">Lehrgangs- und Studiengebühren</titel></metadaten><textdaten><text format="XML"><Content><P>(1) Zu den Lehrgangs- und Studiengebühren gehören auch Aufnahme- und Prüfungsgebühren. Die Prüfungsgebühren und die durch Teilnahme an der Prüfung verursachten weiteren Auslagen sind nach Ablauf der Förderungszeit nach § 7 Absatz 5 des Soldatenversorgungsgesetzes jedoch nur zu erstatten, wenn <DL Font="normal" Type="arabic"><DT>1.</DT><DD Font="normal"><LA Size="normal">die Förderung der Berufsbildungsmaßnahme mehr als die Hälfte der Gesamtdauer der Bildungsmaßnahme umfasst und</LA></DD><DT>2.</DT><DD Font="normal"><LA Size="normal">die Prüfung innerhalb eines Jahres nach Beendigung der Maßnahme abgelegt worden ist, nachdem sie innerhalb des Förderungszeitraumes nicht abgelegt werden konnte.</LA></DD></DL></P><P>(2) § 6 Absatz 3 gilt entsprechend.</P><P>(3) Wird eine ehemalige Soldatin auf Zeit oder ein ehemaliger Soldat auf Zeit, die oder der an einer geförderten Maßnahme nach § 6 Absatz 2 oder § 7 des Soldatenversorgungsgesetzes teilnimmt, erneut bei der Bundeswehr in ein Dienstverhältnis als Beamtin oder Beamter oder als Soldatin oder Soldat berufen oder als Arbeitnehmerin oder Arbeitnehmer eingestellt, erstattet ihr oder ihm der Bund die bis zum Zeitpunkt der Berufung oder Einstellung entstandenen notwendigen Kosten der Maßnahme.</P></Content></text><fussnoten/></textdaten></norm>
<norm builddate="20250107222010" doknr="BJNR233600006BJNE002302377"><metadaten><jurabk>BföV</jurabk><enbez>§ 21</enbez><titel format="XML">Kosten für Ausbildungsmittel</titel></metadaten><textdaten><text format="XML"><Content><P>(1) Ausbildungsmittel sind: <DL Font="normal" Type="arabic"><DT>1.</DT><DD Font="normal"><LA Size="normal">Berufs- und Schutzkleidung,</LA></DD><DT>2.</DT><DD Font="normal"><LA Size="normal">Lernmittel,</LA></DD><DT>3.</DT><DD Font="normal"><LA Size="normal">Verbrauchsmaterial und</LA></DD><DT>4.</DT><DD Font="normal"><LA Size="normal">sonstige für die Durchführung der Maßnahme der beruflichen Bildung erforderliche Gegenstände (Lernhilfsmittel).</LA></DD></DL></P><P>(2) Für Lernmittel und Verbrauchsmaterial ist bei Maßnahmen in Vollzeitform im Sinne des § 15 Absatz 4 eine Pauschale in Höhe von 200 Euro festzusetzen. Findet die Maßnahme in Teilzeitform statt, wird eine Pauschale in Höhe von 100 Euro gewährt. Mit den Pauschalen sind auch Aufwendungen für die Anschaffung und Nutzung eines Datenverarbeitungssystems einschließlich Zubehör sowie eines Taschenrechners abgegolten. Beginnend mit der Förderung nach § 7 des Soldatenversorgungsgesetzes wird die Pauschale jeweils für einen Zeitraum von sechs Monaten gewährt, und zwar unabhängig von der Dauer und der Anzahl der in diesem Zeitraum geförderten Maßnahmen. Findet am Tag nach Ablauf des Zeitraums nach Satz 4 keine Förderung statt, beginnt die Frist mit der nächsten Förderung erneut.</P><P>(3) Die Kosten für ein Lernhilfsmittel, das <DL Font="normal" Type="arabic"><DT>1.</DT><DD Font="normal"><LA Size="normal">mehr als 50 Euro kostet und</LA></DD><DT>2.</DT><DD Font="normal"><LA Size="normal">in einem nicht unwesentlichen Umfang für private Zwecke oder eine spätere berufliche Tätigkeit verwendet werden kann,</LA></DD></DL>werden nur anteilig erstattet. Die Höhe des zu erstattenden Anteils entspricht dem Verhältnis der Nutzungsdauer im Rahmen der Maßnahme der beruflichen Bildung zur durchschnittlichen Gesamtnutzungsdauer nach der AfA-Tabelle für die allgemein verwendbaren Anlagegüter vom 15. Dezember 2000 (Bundessteuerblatt I S. 1532) in der jeweils geltenden Fassung.</P><P>(4) § 20 Absatz 2 gilt entsprechend.</P></Content></text><fussnoten/></textdaten></norm>
<norm builddate="20250107222010" doknr="BJNR233600006BJNE002402377"><metadaten><jurabk>BföV</jurabk><enbez>§ 22</enbez><titel format="XML">(weggefallen)</titel></metadaten><textdaten><text format="XML"><Content><P/></Content></text><fussnoten/></textdaten></norm>
<norm builddate="20250107222010" doknr="BJNR233600006BJNE002501116"><metadaten><jurabk>BföV</jurabk><enbez>§ 23</enbez><titel format="XML">Reise- und Trennungsauslagen</titel></metadaten><textdaten><text format="XML"><Content><P>(1) Bei der Förderung einer Maßnahme der beruflichen Bildung sind die für die Beamtinnen und Beamten des Bundes geltenden reise- und trennungsgeldrechtlichen Vorschriften anzuwenden.</P><P>(2) Wird eine Maßnahme der beruflichen Bildung im Ausland durchgeführt, richten sich die Reisekostenvergütung und der Trennungsgeldbezug nach den für das Inland geltenden Bestimmungen, ohne dass ein Kaufkraftausgleich gewährt wird.</P><P>(3) Den Förderungsberechtigten können zusätzliche Nachweispflichten auferlegt werden, insbesondere die Pflicht, die ordnungsgemäße Teilnahme nachzuweisen.</P></Content></text><fussnoten/></textdaten></norm>
<norm builddate="20250107222010" doknr="BJNR233600006BJNE002602377"><metadaten><jurabk>BföV</jurabk><enbez>§ 24</enbez><titel format="XML">Kosten für Studienfahrten aus Anlass der Maßnahme der beruflichen Bildung</titel></metadaten><textdaten><text format="XML"><Content><P>(1) Notwendige Kosten für Studienfahrten - auch in das Ausland - aus Anlass der Maßnahme der beruflichen Bildung sind zu übernehmen, wenn solche Reisen in den Ausbildungs- und Prüfungsordnungen oder Studienordnungen vorgesehen sind oder die zuständigen Ausbilderinnen oder Ausbilder bescheinigen, dass die Studienfahrt im konkreten Ausbildungsprogramm für alle Teilnehmenden vorgegeben ist und in dem Zeitraum der Studienfahrt eine anderweitige Unterweisung Zurückbleibender nicht angeboten wird.</P><P>(2) Der Antrag ist vor Beginn der Reise schriftlich oder elektronisch beim Karrierecenter der Bundeswehr – Berufsförderungsdienst – zu stellen. § 20 Abs. 2 und § 23 gelten entsprechend.</P></Content></text><fussnoten/></textdaten></norm>
<norm builddate="20250107222010" doknr="BJNR233600006BJNE002703377"><metadaten><jurabk>BföV</jurabk><enbez>§ 25</enbez><titel format="XML">Kosten für Eignungsfeststellungsverfahren</titel></metadaten><textdaten><text format="XML"><Content><P>(1) Förderungsberechtigten, die sich vor der Entscheidung über den Antrag auf Förderung einer Maßnahme der beruflichen Bildung mit Zustimmung oder auf Veranlassung des Karrierecenters der Bundeswehr – Berufsförderungsdienst – einem Eignungsfeststellungsverfahren unterziehen, werden die notwendigen Kosten für die Teilnahme erstattet. Dies gilt auch bei Vorliegen der Voraussetzungen nach § 31 Absatz 3 Satz 2.</P><P>(2) Der Antrag ist vor Antritt der Reise zum Eignungsfeststellungsverfahren schriftlich oder elektronisch beim Karrierecenter der Bundeswehr – Berufsförderungsdienst – zu stellen. § 20 Abs. 2 und § 23 gelten entsprechend.</P></Content></text><fussnoten/></textdaten></norm>
<norm builddate="20250107222010" doknr="BJNR233600006BJNE002801123"><metadaten><jurabk>BföV</jurabk><enbez>§ 26</enbez><titel format="parat">Zuschuss zu den Umzugsauslagen</titel></metadaten><textdaten><text format="XML"><Content><P>Förderungsberechtigte, denen eine Maßnahme der beruflichen Bildung außerhalb ihres Wohnortes bewilligt worden ist, können auf einen Antrag, der vor einem Umzug an den Ort der Maßnahme der beruflichen Bildung einschließlich seines Einzugsgebietes (§ 3 Abs. 1 Nr. 1 Buchstabe c des Bundesumzugskostengesetzes) schriftlich oder elektronisch zu stellen ist, für diesen Umzug einen Zuschuss zu den Umzugsauslagen erhalten, sofern hierfür <DL Font="normal" Type="arabic"><DT>1.</DT><DD Font="normal"><LA Size="normal">eine Zusage der Umzugskostenvergütung nicht erteilt worden ist,</LA></DD><DT>2.</DT><DD Font="normal"><LA Size="normal">die bisherige Wohnung nicht im Einzugsgebiet zu der neuen Ausbildungsstätte liegt und</LA></DD><DT>3.</DT><DD Font="normal"><LA Size="normal">dem Grunde nach ein Anspruch auf Erstattung von Trennungsauslagen besteht.</LA></DD></DL>Der Zuschuss wird begrenzt auf den Betrag, der an Trennungsauslagen nach § 23 eingespart wird. Für die Berechnung eingesparter Trennungsauslagen gelten die Bestimmungen für das auswärtige Verbleiben nach der Trennungsgeldverordnung mit der Maßgabe, dass als Übernachtungskosten ab dem 15. Tag ein Betrag von 6,67 Euro je notwendiger Übernachtung berücksichtigt werden kann. Für die Berechnung der Umzugsauslagen können die Kosten berücksichtigt werden, die nach den §§ 6 bis 10 des Bundesumzugskostengesetzes als Umzugskostenvergütung gewährt werden könnten. Ist zum Zeitpunkt der Bewilligung des Zuschusses zu den Umzugsauslagen bereits bekannt, dass zur Berufsbildungsmaßnahme gehörende Ausbildungsanteile an weiteren Orten durchgeführt werden müssen, kann, sofern die Förderungsberechtigten dies schriftlich oder elektronisch beantragen, die Berechnung des zugrunde liegenden Trennungsgeldes auf den Bewilligungszeitraum beschränkt werden, der sich auf den ersten Ort der bewilligten Maßnahme der beruflichen Bildung bezieht. Für weitere Ausbildungsorte bleibt der Anspruch auf Erstattung der Trennungsauslagen erhalten, wenn die übrigen Anspruchsvoraussetzungen erfüllt sind.</P></Content></text><fussnoten/></textdaten></norm>
<norm builddate="20250107222010" doknr="BJNR233600006BJNE002902377"><metadaten><jurabk>BföV</jurabk><enbez>§ 27</enbez><titel format="XML">Verbrauch und Verlängerung der Förderungszeiten</titel></metadaten><textdaten><text format="XML"><Content><P>Bei der Berechnung des zeitlichen Umfanges des Verbrauchs sind im Bewilligungsbescheid die Gesamtdauer der bewilligten Maßnahme und bei Beendigung der Maßnahme die Zeiträume der Teilnahme voll zugrunde zu legen, unabhängig davon, ob die Berufsbildungsmaßnahme an einzelnen Wochentagen, halbtags oder stundenweise durchgeführt wird. Maßnahmen der schulischen und beruflichen Bildung sind grundsätzlich unterbrechungsfrei zu fördern. Auf Antrag können unterrichtsfreie Zeiten einer Maßnahme aus der Förderung ausgeklammert werden, soweit dies nach der Förderungsplanung zur Erreichung des Eingliederungsziels zwingend notwendig ist. Unzulässig ist die Beschränkung der Förderung auf kostenintensive Teile der Maßnahme.</P></Content></text><fussnoten><Content><P>(+++ § 27 Abs. 2: Zur Weiteranwendung in der bis zum 27.8.2015 geltenden Fassung vgl. § 38 F. 4.8.2019 +++)</P></Content></fussnoten></textdaten></norm>
<norm builddate="20250107222010" doknr="BJNR233600006BJNE003004377"><metadaten><jurabk>BföV</jurabk><enbez>§ 28</enbez><titel format="XML">Pflichten der Förderungsberechtigten</titel></metadaten><textdaten><text format="XML"><Content><P>(1) Die Förderungsberechtigten haben dem Karrierecenter der Bundeswehr – Berufsförderungsdienst – alle Umstände, die für die Förderung von Bedeutung sein können, unverzüglich anzuzeigen. Dies gilt insbesondere, wenn sie <DL Font="normal" Type="arabic"><DT>1.</DT><DD Font="normal"><LA Size="normal">die Maßnahme nicht oder verspätet antreten,</LA></DD><DT>2.</DT><DD Font="normal"><LA Size="normal">der Maßnahme mindestens einen Tag fernbleiben,</LA></DD><DT>3.</DT><DD Font="normal"><LA Size="normal">die Maßnahme vorzeitig beenden oder</LA></DD><DT>4.</DT><DD Font="normal"><LA Size="normal">das Maßnahmeziel, den Maßnahmeort oder den Maßnahmeträger wechseln.</LA></DD></DL>Meldepflichten nach anderen Vorschriften bleiben unberührt.</P><P>(2) Die Förderungsberechtigten haben dem Karrierecenter der Bundeswehr – Berufsförderungsdienst – die Teilnahme an der Maßnahme zwei Wochen nach Antritt sowie halbjährlich nachzuweisen; dies gilt unabhängig davon, ob der Maßnahmeträger dem Karrierecenter der Bundeswehr – Berufsförderungsdienst – Teilnahmenachweise übersendet. Der Abschluss der Maßnahme ist dem Karrierecenter der Bundeswehr – Berufsförderungsdienst – unverzüglich nach deren Beendigung nachzuweisen. Im Ausnahmefall können den Förderungsberechtigten zusätzliche Nachweispflichten, insbesondere die Vorlage von Leistungsnachweisen, auferlegt werden.</P><P>(3) Bei einer Maßnahme unter Freistellung vom militärischen Dienst haben sich die Förderungsberechtigten unverzüglich bei der oder dem nächsten Disziplinarvorgesetzten oder bei der hierzu bestimmten Stelle persönlich zur Aufnahme des militärischen Dienstes zu melden, wenn sie <DL Font="normal" Type="arabic"><DT>1.</DT><DD Font="normal"><LA Size="normal">die Maßnahme nicht oder verspätet antreten,</LA></DD><DT>2.</DT><DD Font="normal"><LA Size="normal">ihr ohne berechtigten Grund einen Tag oder länger fernbleiben oder</LA></DD><DT>3.</DT><DD Font="normal"><LA Size="normal">sie unterbrechen oder vorzeitig beenden.</LA></DD></DL></P><P>(4) Die Förderungsberechtigten haben das aus der geförderten Maßnahme der beruflichen Bildung erzielte Einkommen und jede Änderung des Einkommens dem Karrierecenter der Bundeswehr – Berufsförderungsdienst – und der für die Zahlung ihrer Besoldung oder Versorgung zuständigen Stelle unverzüglich schriftlich oder elektronisch anzuzeigen.</P><P>(5) Hinsichtlich der Auskunftspflicht nach § 81 Absatz 5 des Soldatenversorgungsgesetzes fordert das Karrierecenter der Bundeswehr – Berufsförderungsdienst – zur Abgabe der Erklärung über den Stand der zivilberuflichen Eingliederung auf und überwacht deren Eingang.</P></Content></text><fussnoten/></textdaten></norm>
<norm builddate="20250107222010" doknr="BJNR233600006BJNE003103377"><metadaten><jurabk>BföV</jurabk><enbez>§ 29</enbez><titel format="XML">Bestandteile der Bewilligungen nach § 7 des Soldatenversorgungsgesetzes</titel></metadaten><textdaten><text format="XML"><Content><P>(1) Eine bewilligte Förderung kann auch mit Wirkung für die Vergangenheit widerrufen werden, wenn <DL Font="normal" Type="arabic"><DT>1.</DT><DD Font="normal"><LA Size="normal">aufgrund der Leistungen oder des Verhaltens der Förderungsberechtigten,</LA></DD><DT>2.</DT><DD Font="normal"><LA Size="normal">wegen nicht hinreichender Eignung der Ausbildungsstätte,</LA></DD><DT>3.</DT><DD Font="normal"><LA Size="normal">wegen anhaltender Verletzung der Pflichten nach § 28 Abs. 1 bis 4 oder</LA></DD><DT>4.</DT><DD Font="normal"><LA Size="normal">aus sonstigen Gründen</LA></DD></DL>nicht erwartet werden kann, dass das Ziel der Bildungsmaßnahme erreicht wird. Die Bewilligung der Förderung kann auch bei Neufestsetzung der Verpflichtungszeit oder Änderung des Dienstzeitendes widerrufen werden.</P><P>(2) Eine bewilligte Förderung endet bei <DL Font="normal" Type="arabic"><DT>1.</DT><DD Font="normal"><LA Size="normal">Ernennung zur Berufssoldatin oder zum Berufssoldaten,</LA></DD><DT>2.</DT><DD Font="normal"><LA Size="normal">Entlassung aus der Bundeswehr unter Verlust der Ansprüche auf Berufsförderung,</LA></DD><DT>3.</DT><DD Font="normal"><LA Size="normal">Nichtteilnahme an der Berufsbildungsmaßnahme oder</LA></DD><DT>4.</DT><DD Font="normal"><LA Size="normal">Entstehen des Rechts aus dem Eingliederungsschein.</LA></DD></DL>Bereits entstandene Kosten werden im Fall der Nummern 1 und 4 gegen Nachweis erstattet; dies gilt auch für zwingend notwendige Kosten, die vor Antritt einer Maßnahme entstanden sind.</P></Content></text><fussnoten/></textdaten></norm>
<norm builddate="20250107222010" doknr="BJNR233600006BJNG000501377"><metadaten><jurabk>BföV</jurabk><gliederungseinheit><gliederungskennzahl>050</gliederungskennzahl><gliederungsbez>Teil 5</gliederungsbez><gliederungstitel>Eingliederung nach § 9 des Soldatenversorgungsgesetzes</gliederungstitel></gliederungseinheit></metadaten><textdaten><text format="XML"><Content><P/></Content></text><fussnoten/></textdaten></norm>
<norm builddate="20250107222010" doknr="BJNR233600006BJNE003202377"><metadaten><jurabk>BföV</jurabk><enbez>§ 30</enbez><titel format="XML">Unterstützung zur Erlangung eines Arbeitsplatzes</titel></metadaten><textdaten><text format="XML"><Content><P>(1) Für die Unterstützung zur Erlangung eines Arbeitsplatzes wird bei dem Bundesamt für das Personalmanagement der Bundeswehr und bei den Karrierecentern der Bundeswehr – Berufsförderungsdienst – ein Job-Service eingerichtet.</P><P>(2) Der Job-Service kann Leistungen privater Arbeitsvermittlerinnen oder Arbeitsvermittler, für die eine erfolgsbezogene Vergütung von nicht mehr als 2 500 Euro anfällt, in Anspruch nehmen, um eine Soldatin auf Zeit oder einen Soldaten auf Zeit mit einer Gesamtdienstzeit von mindestens 20 Jahren bei der Arbeitssuche zu unterstützen, wenn <DL Font="normal" Type="arabic"><DT>1.</DT><DD Font="normal"><LA Size="normal">innerhalb von zwei Jahren nach Dienstzeitende keine Vermittlung durch den Job-Service erfolgt ist und</LA></DD><DT>2.</DT><DD Font="normal"><LA Size="normal">andernfalls die Eingliederung der Soldatin oder des Soldaten in das zivile Erwerbsleben nach Ablauf des Bezugszeitraums der Übergangsgebührnisse zu scheitern droht.</LA></DD></DL>Eine Vergütung der Arbeitsvermittlung darf nicht vereinbart werden für den Fall, dass das Beschäftigungsverhältnis <DL Font="normal" Type="arabic"><DT>1.</DT><DD Font="normal"><LA Size="normal">von vornherein auf weniger als sieben Monate begrenzt ist oder</LA></DD><DT>2.</DT><DD Font="normal"><LA Size="normal">bei einer Arbeitgeberin oder einem Arbeitgeber begründet wird, bei der oder dem die ehemalige Soldatin oder der ehemalige Soldat während der letzten vier Jahre vor Aufnahme der Beschäftigung bereits mehr als drei Monate lang beschäftigt war.</LA></DD></DL>Satz 1 gilt entsprechend für Soldatinnen auf Zeit und Soldaten auf Zeit mit einer Mindestverpflichtungszeit von vier Jahren und einem Lebensalter bei Dienstzeitende von mindestens 50 Jahren.</P><P>(3) 50 Prozent der Vergütung nach Absatz 2 werden nach sechswöchiger Dauer des Beschäftigungsverhältnisses und die restlichen 50 Prozent nach sechsmonatiger Dauer des Beschäftigungsverhältnisses gezahlt.</P></Content></text><fussnoten/></textdaten></norm>
<norm builddate="20250107222010" doknr="BJNR233600006BJNE004900377"><metadaten><jurabk>BföV</jurabk><enbez>§ 31</enbez><titel format="XML">Eingliederungshilfen</titel></metadaten><textdaten><text format="XML"><Content><P>(1) Zu den Eingliederungshilfen zählen neben den Eingliederungsmaßnahmen nach § 9 Absatz 2 des Soldatenversorgungsgesetzes <DL Font="normal" Type="arabic"><DT>1.</DT><DD Font="normal"><LA Size="normal">der Einarbeitungszuschuss (§ 32),</LA></DD><DT>2.</DT><DD Font="normal"><LA Size="normal">die Erstattung von Kosten für Vorstellungsreisen (§ 33),</LA></DD><DT>3.</DT><DD Font="normal"><LA Size="normal">Freistellung vom militärischen Dienst zur Teilnahme an Berufsorientierungspraktika (§§ 34 und 35),</LA></DD><DT>4.</DT><DD Font="normal"><LA Size="normal">die Erstattung von Kosten für fachberufliche Prüfungen und für Umschreibungen militärischer Erlaubnisse und Berechtigungen (§ 36) und</LA></DD><DT>5.</DT><DD Font="normal"><LA Size="normal">das Ausstellen von Bescheinigungen und Nachweisen zur zivilberuflichen Anerkennung militärischer Ausbildung und Verwendung (§ 37).</LA></DD></DL></P><P>(2) Soldatinnen auf Zeit und Soldaten auf Zeit, die einen Anspruch auf Förderung der schulischen oder beruflichen Bildung nach § 7 des Soldatenversorgungsgesetzes haben, werden Eingliederungshilfen nur innerhalb von acht Jahren nach Beendigung des Dienstverhältnisses, bei Soldatinnen auf Zeit und Soldaten auf Zeit mit einer Gesamtdienstzeit von mindestens 20 Jahren innerhalb von neun Jahren nach Beendigung des Dienstverhältnisses, gewährt. Dies gilt nicht für die Eingliederungshilfen nach Absatz 1 Nummer 3 und 5.</P><P>(3) Ist bei Eingliederungsmaßnahmen nach § 9 Absatz 4 Satz 1 des Soldatenversorgungsgesetzes eine Teilnahme an entsprechenden internen Maßnahmen des Karrierecenters der Bundeswehr – Berufsförderungsdienst – nicht oder nicht rechtzeitig möglich, kann eine Förderung nach § 7 des Soldatenversorgungsgesetzes bewilligt werden. Ist die Frist nach § 7 Absatz 6 des Soldatenversorgungsgesetzes abgelaufen oder der Höchstbetrag nach § 19 Absatz 2 ausgeschöpft, können auf schriftlichen Antrag ausnahmsweise die notwendigen Kosten für die Teilnahme erstattet werden. § 20 Absatz 2 und § 23 gelten entsprechend.</P><P>(4) Soldatinnen auf Zeit und Soldaten auf Zeit, die keinen Anspruch auf Förderung der schulischen oder beruflichen Bildung nach § 7 des Soldatenversorgungsgesetzes erworben haben, sowie Soldatinnen und Soldaten, die freiwilligen Wehrdienst nach § 58b des Soldatengesetzes leisten, werden Eingliederungshilfen nach Absatz 1 mit Ausnahme der Hilfen nach Absatz 1 Nummer 3 und 5 nur gewährt, wenn sie innerhalb eines Jahres nach Beendigung des Dienstverhältnisses mit der Maßnahme beginnen.</P></Content></text><fussnoten/></textdaten></norm>
<norm builddate="20250107222010" doknr="BJNR233600006BJNE003402123"><metadaten><jurabk>BföV</jurabk><enbez>§ 32</enbez><titel format="XML">Einarbeitungszuschuss</titel></metadaten><textdaten><text format="XML"><Content><P>(1) Der Einarbeitungszuschuss soll gewährt werden, wenn die Arbeitgeberin oder der Arbeitgeber in einem unbefristeten oder in einem auf die Dauer von mindestens einem Jahr befristeten Arbeitsverhältnis über die übliche - in der Regel kurzfristige - Einweisung hinaus im Rahmen eines Einarbeitungsplanes zunächst das Leistungsvermögen der Förderungsberechtigten an die Anforderungen des Arbeitsplatzes und des Betriebes heranführen muss.</P><P>(2) Der Einarbeitungszuschuss wird grundsätzlich nur für das erste Arbeitsverhältnis gewährt. § 15 Abs. 1 Satz 3 gilt entsprechend. Bei einer Verwendung im öffentlichen Dienst wird ein Einarbeitungszuschuss nicht gewährt.</P><P>(3) Der Antrag auf Gewährung eines Einarbeitungszuschusses ist vor Beginn des Arbeitsverhältnisses schriftlich oder elektronisch durch die Arbeitgeberin oder den Arbeitgeber zu stellen.</P><P>(4) Höhe und Dauer des Einarbeitungszuschusses richten sich nach dem Unterschied zwischen dem vorhandenen Leistungsvermögen, dem beruflichen Kenntnisstand sowie der Lernfähigkeit der Einzuarbeitenden und den Anforderungen des vorgesehenen Arbeitsplatzes.</P><P>(5) Der Bewilligungszeitraum ist in jedem Einzelfall festzulegen und soll insgesamt 13 Wochen nicht überschreiten. In begründeten Ausnahmefällen ist eine Verlängerung bis zu insgesamt 26 Wochen möglich.</P><P>(6) Der Einarbeitungszuschuss darf zu Beginn der Einarbeitungszeit 50 Prozent, in begründeten Ausnahmefällen 70 Prozent des regelmäßig gezahlten Arbeitsentgelts nicht übersteigen. Er ist mit zunehmender Leistungsfähigkeit der Einzuarbeitenden entsprechend zu verringern. Der Bemessung des Einarbeitungszuschusses ist das zu Beginn der Einarbeitung maßgebliche Arbeitsentgelt zugrunde zu legen. Der Einarbeitungszuschuss wird monatlich nachträglich an die Arbeitgeberin oder den Arbeitgeber gezahlt.</P><P>(7) Die Arbeitgeberin oder der Arbeitgeber hat den gewährten Einarbeitungszuschuss sofort zurückzuzahlen, wenn das Arbeitsverhältnis während der Einarbeitungszeit aus Gründen gelöst wird, die die Arbeitgeberin oder der Arbeitgeber zu vertreten hat.</P></Content></text><fussnoten/></textdaten></norm>
<norm builddate="20250107222010" doknr="BJNR233600006BJNE004501377"><metadaten><jurabk>BföV</jurabk><enbez>§ 32a</enbez><titel format="XML">Lohnkostenzuschuss</titel></metadaten><textdaten><text format="XML"><Content><P>(1) Von einem zusätzlichen Unterstützungsbedarf im Sinne des § 9 Absatz 9 des Soldatenversorgungsgesetzes ist auszugehen, wenn nach den Gesamtumständen des Einzelfalls unter Berücksichtigung der Arbeitsmarktsituation nicht von einer baldigen Eingliederung in das zivile Erwerbsleben auf einen zumutbaren Arbeitsplatz ausgegangen werden kann. Ein zusätzlicher Unterstützungsbedarf liegt nicht vor, wenn die ehemalige Soldatin oder der ehemalige Soldat bisher nicht in zumutbarer Weise an der Eingliederung mitgewirkt hat. Die Feststellung des Unterstützungsbedarfs erfolgt schriftlich und ist der ehemaligen Soldatin auf Zeit oder dem ehemaligen Soldaten auf Zeit auszuhändigen.</P><P>(2) Der Lohnkostenzuschuss beträgt bei einem regelmäßig gezahlten Arbeitsentgelt von<BR/><BR/><table colsep="0" frame="none" pgwide="0" rowsep="0" tocentry="%yes;"><tgroup align="left" char="" charoff="50" cols="3"><colspec align="center" colname="col1" colwidth="8*"/><colspec align="left" colname="col2" colwidth="35*"/><colspec colname="col3" colwidth="37*"/><tbody valign="top"><row><entry VJ="1" colname="col1">1.</entry><entry VJ="1" colname="col2">bis zu 1 000 Euro</entry><entry VJ="1" align="justify" colname="col3">400 Euro, höchstens jedoch das tatsächlich gezahlte Arbeitsentgelt,</entry></row><row><entry VJ="1" colname="col1">2.</entry><entry VJ="1" colname="col2">mehr als 1 000 Euro<BR/> bis zu 2 000 Euro</entry><entry VJ="1" align="right" colname="col3"><BR/> 700 Euro,</entry></row><row><entry VJ="1" colname="col1">3.</entry><entry VJ="1" colname="col2">mehr als 2 000 Euro<BR/> bis zu 3 000 Euro</entry><entry VJ="1" align="right" colname="col3"><BR/> 1 000 Euro,</entry></row><row><entry VJ="1" colname="col1">4.</entry><entry VJ="1" colname="col2">mehr als 3 000 Euro</entry><entry VJ="1" align="right" colname="col3">1 300 Euro.</entry></row></tbody></tgroup></table><BR/>Zuschläge und sonstige Lohnersatzleistungen und Sonderzahlungen gelten nicht als Arbeitsentgelt. Die Zahlung des Zuschusses erfolgt monatlich nachträglich an die Arbeitgeberin oder den Arbeitgeber gegen Vorlage eines Nachweises über den gezahlten Lohn.</P><P>(3) Ein Lohnkostenzuschuss wird nicht gewährt, wenn <DL Font="normal" Type="arabic"><DT>1.</DT><DD Font="normal"><LA Size="normal">es sich um eine selbstständige Tätigkeit handelt,</LA></DD><DT>2.</DT><DD Font="normal"><LA Size="normal">das Arbeitsverhältnis auf weniger als zwölf Monate befristet ist,</LA></DD><DT>3.</DT><DD Font="normal"><LA Size="normal">es sich um eine Nebentätigkeit oder eine geringfügige Beschäftigung handelt oder</LA></DD><DT>4.</DT><DD Font="normal"><LA Size="normal">in der Vergangenheit für die ehemalige Soldatin oder den ehemaligen Soldaten bereits ein Lohnkostenzuschuss an die Arbeitgeberin oder den Arbeitgeber gezahlt worden ist.</LA></DD></DL>Ein Lohnkostenzuschuss wird nicht neben einem Einarbeitungszuschuss gewährt.</P><P>(4) Die Arbeitgeberin oder der Arbeitgeber hat dem Karrierecenter der Bundeswehr – Berufsförderungsdienst – eine vorzeitige Beendigung des Arbeitsverhältnisses unverzüglich anzuzeigen; ohne Rechtsgrund gezahlte Leistungen sind zu erstatten.</P><P>(5) Die Feststellung des Unterstützungsbedarfs ist nach Abschluss eines Arbeitsvertrages aufzuheben.</P></Content></text><fussnoten/></textdaten></norm>
<norm builddate="20250107222010" doknr="BJNR233600006BJNE003502123"><metadaten><jurabk>BföV</jurabk><enbez>§ 33</enbez><titel format="XML">Erstattung von Kosten für Vorstellungsreisen</titel></metadaten><textdaten><text format="XML"><Content><P>(1) Den Förderungsberechtigten können die notwendigen Kosten für Vorstellungsreisen auf schriftlichen Antrag erstattet werden, es sei denn, es bestehen auf Grund des bisherigen Förderungsverlaufs erhebliche Zweifel an der Ernsthaftigkeit der Bewerbung und die Förderungsberechtigten wirken nicht angemessen an der Behebung der Zweifel mit.</P><P>(2) Kosten für Vorstellungsreisen werden nur erstattet, wenn eine entsprechende Aufforderung der Arbeitgeberin oder des Arbeitgebers vorliegt und die Kosten von Arbeitgeberseite nicht erstattet werden.</P><P>(3) Der Antrag auf Kostenerstattung ist vor Beginn der Vorstellungsreise schriftlich oder elektronisch zu stellen; § 15 Absatz 6 und § 23 gelten entsprechend.</P><P>(4) (weggefallen)</P></Content></text><fussnoten/></textdaten></norm>
<norm builddate="20250107222010" doknr="BJNR233600006BJNE005000377"><metadaten><jurabk>BföV</jurabk><enbez>§ 34</enbez><titel format="XML">Berufsorientierungspraktika nach § 9 Absatz 3 des Soldatenversorgungsgesetzes</titel></metadaten><textdaten><text format="XML"><Content><P>(1) Über die Freistellung vom militärischen Dienst zur Teilnahme an einem Berufsorientierungspraktikum nach § 9 Absatz 3 des Soldatenversorgungsgesetzes wird auf den vor dem Beginn des Praktikums schriftlich oder elektronisch gestellten Antrag der Förderungsberechtigten entsprechend dem Verfahren nach § 16 Absatz 3 entschieden.</P><P>(2) Grundsätzlich wird nur die Teilnahme an kostenfreien Praktika gefördert. Im Einzelfall kann die Teilnahme an einem entgeltlichen Praktikum unter Anrechnung der Kosten auf den Höchstbetrag nach § 19 Absatz 2 bewilligt werden. Hinsichtlich der Fahrtkosten und der Kosten für auswärtige Unterkunft und Verpflegung gilt § 23 entsprechend.</P><P>(3) § 4 Abs. 3 und § 15 Abs. 1 Satz 3 gelten entsprechend.</P></Content></text><fussnoten><Content><P>(+++ § 34 Abs. 1 u. 2: Zur Weiteranwendung in der bis zum 27.8.2015 geltenden Fassung vgl. § 38 F. 4.8.2019 +++)</P></Content></fussnoten></textdaten></norm>
<norm builddate="20250107222010" doknr="BJNR233600006BJNE005100377"><metadaten><jurabk>BföV</jurabk><enbez>§ 35</enbez><titel format="XML">Berufsorientierungspraktikum nach § 9 Absatz 4 des Soldatenversorgungsgesetzes</titel></metadaten><textdaten><text format="XML"><Content><P>(1) Über die Freistellung vom militärischen Dienst nach § 9 Absatz 3 des Soldatenversorgungsgesetzes zur Teilnahme an einem Berufsorientierungspraktikum entscheidet das Karrierecenter der Bundeswehr – Berufsförderungsdienst –; § 16 Absatz 3 gilt entsprechend. Der Antrag ist vor Beginn des Berufsorientierungspraktikums zu stellen.</P><P>(2) Erhöhter Berufsorientierungsbedarf im Sinne des § 9 Absatz 4 des Soldatenversorgungsgesetzes liegt regelmäßig vor, wenn die Förderungsberechtigten noch keine abschließende Berufswahlentscheidung getroffen haben, Neigung und Eignung für bestimmte Berufe geklärt oder berufliche Alternativen erprobt werden sollen.</P><P>(3) Bei einer Teilnahme an einem Berufsorientierungspraktikum werden Kosten nicht erstattet. Über Ausnahmen entscheidet das Bundesministerium der Verteidigung oder die von ihm bestimmte Stelle.</P><P>(4) § 4 Abs. 3 und § 15 Abs. 1 Satz 3 gelten entsprechend.</P></Content></text><fussnoten><Content><P>(+++ § 35 Abs. 1: Zur Weiteranwendung in der bis zum 27.8.2015 geltenden Fassung vgl. § 38 F. 4.8.2019 +++)</P></Content></fussnoten></textdaten></norm>
<norm builddate="20250107222010" doknr="BJNR233600006BJNE003802377"><metadaten><jurabk>BföV</jurabk><enbez>§ 36</enbez><titel format="XML">Erstattung von Kosten für fachberufliche Prüfungen und für Umschreibungen militärischer Erlaubnisse und Berechtigungen</titel></metadaten><textdaten><text format="XML"><Content><P>Auf schriftlichen oder elektronischen Antrag werden die Kosten für fachberufliche Prüfungen, die unabhängig von Maßnahmen nach den §§ 6 und 7 des Soldatenversorgungsgesetzes für den Zivilberuf abgelegt werden, sowie Kosten für die Umschreibung der im militärischen Bereich erworbenen in die im zivilen Bereich gültigen Berechtigungen im Rahmen der zur Verfügung stehenden Haushaltsmittel erstattet, wenn dadurch die Eingliederung in das zivile Berufsleben voraussichtlich erleichtert wird. Hinsichtlich der Anrechnung der Kosten gilt § 5 Abs. 2 entsprechend. Reise- und Trennungsauslagen werden nicht erstattet.</P></Content></text><fussnoten/></textdaten></norm>
<norm builddate="20250107222010" doknr="BJNR233600006BJNE005200377"><metadaten><jurabk>BföV</jurabk><enbez>§ 36a</enbez><titel format="XML">Eingliederungsseminar nach § 9 Absatz 5 des Soldatenversorgungsgesetzes</titel></metadaten><textdaten><text format="XML"><Content><P>(1) Das Karrierecenter der Bundeswehr – Berufsförderungsdienst – bietet unter Beteiligung des Sozialdienstes der Bundeswehr regelmäßig zielgruppenspezifische Eingliederungsseminare nach § 9 Absatz 5 des Soldatenversorgungsgesetzes an. Die Teilnahme ist kostenfrei; dies gilt auch für Personen nach § 9 Absatz 5 Satz 3 des Soldatenversorgungsgesetzes.</P><P>(2) Die Einladung zum Eingliederungsseminar ist vom Karrierecenter der Bundeswehr – Berufsförderungsdienst – über die truppendienstlichen Vorgesetzten gegen Empfangsbekenntnis auszusprechen.</P><P>(3) Die truppendienstlichen Vorgesetzten sorgen dafür, dass die Soldatin auf Zeit oder der Soldat auf Zeit an dem Eingliederungsseminar teilnimmt.</P></Content></text><fussnoten/></textdaten></norm>
<norm builddate="20250107222010" doknr="BJNR233600006BJNE003902377"><metadaten><jurabk>BföV</jurabk><enbez>§ 37</enbez><titel format="XML">Ausstellen von Bescheinigungen und Nachweisen zur zivilberuflichen Anerkennung militärischer Ausbildung und Verwendung</titel></metadaten><textdaten><text format="XML"><Content><P>Auf schriftlichen oder elektronischen Antrag bescheinigt das Karrierecenter der Bundeswehr – Berufsförderungsdienst – Art und Umfang der zivilberuflich verwertbaren Anteile der militärischen Ausbildung und Verwendung. Die militärische Ausbildung und Verwendung ist von den Förderungsberechtigten in geeigneter Form nachzuweisen.</P></Content></text><fussnoten/></textdaten></norm>
<norm builddate="20250107222010" doknr="BJNR233600006BJNG000600000"><metadaten><jurabk>BföV</jurabk><gliederungseinheit><gliederungskennzahl>060</gliederungskennzahl><gliederungsbez>Teil 6</gliederungsbez><gliederungstitel>Schlussvorschriften</gliederungstitel></gliederungseinheit></metadaten><textdaten><text format="XML"><Content><P/></Content></text></textdaten></norm>
<norm builddate="20250107222010" doknr="BJNR233600006BJNE004003377"><metadaten><jurabk>BföV</jurabk><enbez>§ 38</enbez><titel format="XML">Übergangsregelungen</titel></metadaten><textdaten><text format="XML"><Content><P>(1) Für Soldatinnen auf Zeit und Soldaten auf Zeit, für die nach § 126 des Soldatenversorgungsgesetzes das Soldatenversorgungsgesetz in der bis zum 25. Juli 2012 geltenden Fassung gilt, sind § 4 Absatz 4, § 5 Absatz 2, die §§ 16 und 19 Absatz 2, § 27 Absatz 2, § 34 Absatz 1 und 2 sowie § 35 Absatz 1 in der bis zum 27. August 2015 geltenden Fassung weiter anzuwenden.</P><P>(2) § 6 Absatz 1 Satz 2 ist erstmalig anzuwenden bei Maßnahmen, die ab dem 1. Oktober 2019 beginnen.</P></Content></text><fussnoten/></textdaten></norm>
<norm builddate="20250107222010" doknr="BJNR233600006BJNE004200000"><metadaten><jurabk>BföV</jurabk><enbez>Schlussformel</enbez></metadaten><textdaten><text format="XML"><Content><P>Der Bundesrat hat zugestimmt.</P></Content></text></textdaten></norm>
</dokumente>