<?xml version="1.0" encoding="UTF-8" ?><!DOCTYPE dokumente SYSTEM "http://www.gesetze-im-internet.de/dtd/1.01/gii-norm.dtd">
<dokumente builddate="20190405212005" doknr="BJNR207210976"><norm builddate="20190405212005" doknr="BJNR207210976"><metadaten><jurabk>PCTAO</jurabk><ausfertigung-datum manuell="ja">1970-06-19</ausfertigung-datum><fundstelle typ="amtlich"><periodikum>BGBl II</periodikum><zitstelle>1976, 721</zitstelle></fundstelle><langue>Ausführungsordnung zum Vertrag über die internationale Zusammenarbeit auf dem Gebiet des Patentwesens</langue></metadaten><textdaten><text format="decorated"/><fussnoten><Content><P>G v. 21.6.1976 II 649 <BR/>Anwendbar gem. Bek. v. 16.3.1978 II 485 mWv 29.3.1978 <BR/>Geändert durch Beschluß v. 29.9.1992, BGBl. II 1993, 203 mWv 1.10.1992 bzw. 1.1.1993, durch Beschluß v. 29.9.1993, BGBl. II 1994, 433 mWv 1.1.1994, durch Beschluß v. 1.10.1997, BGBl. II 1999, 244 mWv 1.7.1998, durch Beschluß v. 12.11.2007, BGBl. II 2009, 444 mWv 1.1.2009, durch Beschluß v. 29.9.2008, BGBl. II 2009, 1167 mWv 1.1.2009 bzw. 1.7.2009, durch Beschluß v. 1.10.2009, BGBl. II 2011, 235 mWv 1.7.2010, durch Beschluß v. 29.9.2010, BGBl. II 2011, 1023 mWv 1.7.2011, durch Beschluß v. 5.10.2011, BGBl. II 2012, 971 mWv 1.7.2012, durch Beschluß v. 9.10.2012, BGBl. II 2013, 1035 mWv 1.1.2013, durch Beschluß v. 2.10.2013, BGBl. II 2014, 301 mWv 1.7.2014, durch Beschluß v. 30.9.2014, BGBl. II 2015, 909 mWv 1.7.2015, durch Beschluß v. 14.10.2015, BGBl. II 2016, 1160 mWv 1.7.2016, durch Beschluß v. 14.10.2015, BGBl. II 2016, 1257 mWv 1.7.2017, durch Beschluß v. 11.10.2016, BGBl. II 2017, 1345 mWv 1.7.2017 und durch Beschluß v. 11.10.2017, BGBl. II 2019, 274 mWv 1.7.2018</P></Content></fussnoten></textdaten></norm>
</dokumente>