<?xml version="1.0" encoding="UTF-8" ?><!DOCTYPE dokumente SYSTEM "http://www.gesetze-im-internet.de/dtd/1.01/gii-norm.dtd">
<dokumente builddate="20221020213555" doknr="BJNR327100021"><norm builddate="20221020213555" doknr="BJNR327100021"><metadaten><jurabk>BMWiBhWidVertrAnO</jurabk><amtabk>BMWiBhWidVertrAnO</amtabk><ausfertigung-datum manuell="ja">2021-07-26</ausfertigung-datum><fundstelle typ="amtlich"><periodikum>BGBl I</periodikum><zitstelle>2021, 3271</zitstelle></fundstelle><langue>Anordnung zur Übertragung der Zuständigkeit für den Erlass von Widerspruchsbescheiden sowie der Vertretung des Bundes in verwaltungsgerichtlichen Verfahren von Beamtinnen und Beamten im Geschäftsbereich des Bundesministeriums für Wirtschaft und Energie in Beihilfeangelegenheiten</langue></metadaten><textdaten><fussnoten><Content><P><BR/> <pre xml:space="preserve">(+++ Textnachweis ab 1.8.2021 +++)<BR/><BR/></pre></P></Content></fussnoten></textdaten></norm>
<norm builddate="20221020213555" doknr="BJNR327100021BJNE000100000"><metadaten><jurabk>BMWiBhWidVertrAnO</jurabk><enbez>Eingangsformel</enbez></metadaten><textdaten><text format="XML"><Content><P>Nach § 126 Absatz 3 Satz 2 und § 127 Absatz 3 Satz 1 des Bundesbeamtengesetzes vom 5. Februar 2009 (BGBl. I S. 160) ordnet das Bundesministerium für Wirtschaft und Energie im Einvernehmen mit dem Bundesministerium der Finanzen an:</P></Content></text></textdaten></norm>
<norm builddate="20221020213555" doknr="BJNR327100021BJNE000200000"><metadaten><jurabk>BMWiBhWidVertrAnO</jurabk><enbez>§ 1</enbez><titel format="XML">Erlass von Widerspruchsbescheiden</titel></metadaten><textdaten><text format="XML"><Content><P>(1) Der Postbeamtenkrankenkasse wird die Zuständigkeit für den Erlass von Widerspruchsbescheiden übertragen, soweit es sich um Widersprüche in Beihilfeangelegenheiten von Beamtinnen und Beamten im Geschäftsbereich des Bundesministeriums für Wirtschaft und Energie handelt und die Postbeamtenkrankenkasse für den Erlass des Verwaltungsakts oder die Ablehnung des Anspruchs zuständig war.</P><P>(2) Das Bundesministerium für Wirtschaft und Energie behält sich vor, im Einzelfall die Befugnisse nach Absatz 1 selbst auszuüben.</P></Content></text></textdaten></norm>
<norm builddate="20221020213555" doknr="BJNR327100021BJNE000300000"><metadaten><jurabk>BMWiBhWidVertrAnO</jurabk><enbez>§ 2</enbez><titel format="XML">Vertretung in verwaltungsgerichtlichen Verfahren</titel></metadaten><textdaten><text format="XML"><Content><P>(1) Dem Vorstand der Postbeamtenkrankenkasse wird die Befugnis zur Vertretung der Bundesrepublik Deutschland in verwaltungsgerichtlichen Verfahren von Beamtinnen und Beamten im Geschäftsbereich des Bundesministeriums für Wirtschaft und Energie in Beihilfeangelegenheiten übertragen, soweit die Postbeamtenkrankenkasse für den Erlass des Widerspruchsbescheids zuständig war.</P><P>(2) Der Bundesminister oder die Bundesministerin für Wirtschaft und Energie behält sich vor, im Einzelfall die Vertretung in verwaltungsgerichtlichen Verfahren nach Absatz 1 selbst zu übernehmen.</P></Content></text></textdaten></norm>
<norm builddate="20221020213555" doknr="BJNR327100021BJNE000400000"><metadaten><jurabk>BMWiBhWidVertrAnO</jurabk><enbez>§ 3</enbez><titel format="XML">Übergangsvorschriften</titel></metadaten><textdaten><text format="XML"><Content><P>(1) Für Beamtinnen und Beamte im Geschäftsbereich des Bundesministeriums für Wirtschaft und Energie, die nicht bei der Postbeamtenkrankenkasse versichert sind, ist bis zum 28. Februar 2022 die Anordnung zur Übertragung von Zuständigkeiten für den Erlass von Widerspruchsbescheiden und die Vertretung des Bundes bei Klagen von Beschäftigten des Bundesministeriums für Wirtschaft und Technologie, der Bundesanstalt für Materialforschung und -prüfung, der Physikalisch-Technischen Bundesanstalt, der Bundesanstalt für Geowissenschaften und Rohstoffe, des Bundeskartellamtes und des Bundesamtes für Wirtschaft und Ausfuhrkontrolle in Angelegenheiten nach den Beihilfevorschriften des Bundes vom 29. September 2009 (BGBl. I S. 3659) weiter anzuwenden.</P><P>(2) Auf die am 31. Juli 2021 anhängigen Widerspruchsverfahren und verwaltungsgerichtlichen Verfahren von Beamtinnen und Beamten im Geschäftsbereich des Bundesministeriums für Wirtschaft und Energie in Beihilfeangelegenheiten ist die in Absatz 1 bezeichnete Anordnung weiter anzuwenden.</P></Content></text></textdaten></norm>
<norm builddate="20221020213555" doknr="BJNR327100021BJNE000500000"><metadaten><jurabk>BMWiBhWidVertrAnO</jurabk><enbez>§ 4</enbez><titel format="XML">Inkrafttreten, Außerkrafttreten</titel></metadaten><textdaten><text format="XML"><Content><P>(1) Diese Anordnung tritt am 1. August 2021 in Kraft.</P><P>(2) Gleichzeitig tritt die Anordnung zur Übertragung von Zuständigkeiten für den Erlass von Widerspruchsbescheiden und die Vertretung des Bundes bei Klagen von Beschäftigten des Bundesministeriums für Wirtschaft und Technologie, der Bundesanstalt für Materialforschung und -prüfung, der Physikalisch-Technischen Bundesanstalt, der Bundesanstalt für Geowissenschaften und Rohstoffe, des Bundeskartellamtes und des Bundesamtes für Wirtschaft und Ausfuhrkontrolle in Angelegenheiten nach den Beihilfevorschriften des Bundes vom 29. September 2009 (BGBl. I S. 3659) außer Kraft.</P></Content></text></textdaten></norm>
</dokumente>