<?xml version="1.0" encoding="UTF-8" ?><!DOCTYPE dokumente SYSTEM "http://www.gesetze-im-internet.de/dtd/1.01/gii-norm.dtd">
<dokumente builddate="20130405132202" doknr="BJNR217500012"><norm builddate="20130405132202" doknr="BJNR217500012"><metadaten><jurabk>RBBek 2013</jurabk><ausfertigung-datum manuell="ja">2012-10-18</ausfertigung-datum><fundstelle typ="amtlich"><periodikum>BGBl I</periodikum><zitstelle>2012, 2175</zitstelle></fundstelle><langue>Bekanntmachung über die Höhe der Regelbedarfe nach § 20 Absatz 5 des Zweiten Buches Sozialgesetzbuch für die Zeit ab 1. Januar 2013</langue></metadaten><textdaten><fussnoten><Content><P><BR/> <pre xml:space="preserve">(+++ Textnachweis ab 24.10.2012 +++)<BR/><BR/></pre></P></Content></fussnoten></textdaten></norm>
<norm builddate="20130405132202" doknr="BJNR217500012BJNE000100000"><metadaten><jurabk>RBBek 2013</jurabk><enbez>(XXXX)</enbez></metadaten><textdaten><text format="XML"><Content><P>Nach § 20 Absatz 5 Satz 3 des Zweiten Buches Sozialgesetzbuch – Grundsicherung für Arbeitsuchende – in der Fassung der Bekanntmachung vom 13. Mai 2011 (BGBl. I S. 850, 2094), wird hiermit Folgendes bekannt gemacht:</P><P>Als Regelbedarfe nach § 20 Absatz 2 bis 4 des Zweiten Buches Sozialgesetzbuch (SGB II) sowie nach § 23 Nummer 1 SGB II werden für die Zeit ab 1. Januar 2013 anerkannt:<DL Font="normal" Type="arabic"><DT>1.</DT><DD Font="normal"><LA Size="normal">für eine Person, die alleinstehend oder alleinerziehend ist oder deren Partnerin oder Partner minderjährig ist, monatlich 382 Euro (§ 20 Absatz 2 Satz 1 SGB II);</LA></DD><DT>2.</DT><DD Font="normal"><LA Size="normal">für sonstige erwerbsfähige Angehörige der Bedarfsgemeinschaft, sofern sie das 18. Lebensjahr noch nicht vollendet haben, monatlich 289 Euro (§ 20 Absatz 2 Satz 2 Nummer 1 SGB II);</LA></DD><DT>3.</DT><DD Font="normal"><LA Size="normal">für sonstige erwerbsfähige Angehörige der Bedarfsgemeinschaft, sofern sie das 18. Lebensjahr vollendet haben, sowie für Personen, die das 25. Lebensjahr noch nicht vollendet haben und ohne Zusicherung des zuständigen kommunalen Trägers nach § 22 Absatz 5 SGB II umziehen, bis zur Vollendung des 25. Lebensjahres, monatlich 306 Euro (§ 20 Absatz 2 Satz 2 Nummer 2 SGB II und § 20 Absatz 3 SGB II);</LA></DD><DT>4.</DT><DD Font="normal"><LA Size="normal">für zwei Partner der Bedarfsgemeinschaft, die das 18. Lebensjahr vollendet haben, für jede dieser Personen ein Betrag in Höhe von monatlich 345 Euro (§ 20 Absatz 4 SGB II);</LA></DD><DT>5.</DT><DD Font="normal"><LA Size="normal">für eine Person bis zur Vollendung des sechsten Lebensjahres monatlich 224 Euro (§ 23 Nummer 1 erste Alternative SGB II);</LA></DD><DT>6.</DT><DD Font="normal"><LA Size="normal">für eine Person vom Beginn des siebten bis zur Vollendung des 14. Lebensjahres monatlich 255 Euro (§ 23 Nummer 1 zweite Alternative SGB II);</LA></DD><DT>7.</DT><DD Font="normal"><LA Size="normal">für Leistungsberechtigte im 15. Lebensjahr monatlich 289 Euro (§ 23 Nummer 1 dritte Alternative SGB II).</LA></DD></DL></P></Content></text></textdaten></norm>
<norm builddate="20130405132202" doknr="BJNR217500012BJNE000200000"><metadaten><jurabk>RBBek 2013</jurabk><enbez>Schlussformel</enbez></metadaten><textdaten><text format="XML"><Content><P><SP>Bundesministerium für Arbeit und Soziales</SP></P></Content></text></textdaten></norm>
</dokumente>