<?xml version="1.0" encoding="UTF-8" ?><!DOCTYPE dokumente SYSTEM "http://www.gesetze-im-internet.de/dtd/1.01/gii-norm.dtd">
<dokumente builddate="20250325224003" doknr="BJNR007700992"><norm builddate="20250325224003" doknr="BJNR007700992"><metadaten><jurabk>SiSchmAusbV</jurabk><ausfertigung-datum manuell="ja">1992-04-02</ausfertigung-datum><fundstelle typ="amtlich"><periodikum>BGBl I</periodikum><zitstelle>1992, 770</zitstelle></fundstelle><kurzue>Silberschmied-Ausbildungsverordnung</kurzue><langue>Verordnung über die Berufsausbildung zum Silberschmied/zur
Silberschmiedin</langue><standangabe checked="ja"><standtyp>Aufh</standtyp><standkommentar>V aufgeh. durch Art. 3 Satz 2 Nr. 2 V v. 20.3.2025 I Nr. 93 mWv 1.8.2025</standkommentar></standangabe><standangabe checked="ja"><standtyp>Sonst</standtyp><standkommentar>Ersetzt durch V 806-22-1-162 v. 20.3.2025 I Nr. 93 (GoSiAusbV)</standkommentar></standangabe></metadaten><textdaten><text format="XML"><Content><P/></Content></text><fussnoten><Content><P>Überschrift: Diese Rechtsverordnung ist eine Ausbildungsordnung im Sinne des § 25 des Berufsbildungsgesetzes und des § 25 der Handwerksordnung. Die Ausbildungsordnung und der damit abgestimmte, von der Ständigen Konferenz der Kultusminister der Länder in der Bundesrepublik Deutschland beschlossene Rahmenlehrplan für die Berufsschule werden demnächst als Beilage zum Bundesanzeiger veröffentlicht. <BR/> <BR/>(+++ Textnachweis ab:  1. 8.1992 +++)</P></Content></fussnoten></textdaten></norm>
<norm builddate="20250325224003" doknr="BJNR007700992BJNE000100314"><metadaten><jurabk>SiSchmAusbV</jurabk><enbez>Eingangsformel</enbez></metadaten><textdaten><text format="XML"><Content><P>Auf Grund des § 25 des Berufsbildungsgesetzes vom 14. August 1969 (BGBl. I S. 1112), der zuletzt durch § 24 Nr. 1 des Gesetzes vom 24. August 1976 (BGBl. I S. 2525) geändert worden ist, und auf Grund des § 25 der Handwerksordnung in der Fassung der Bekanntmachung vom 28. Dezember 1965 (BGBl. 1966 I S. 1), der zuletzt durch § 25 Nr. 1 des Gesetzes vom 24. August 1976 (BGBl. I S. 2525) geändert worden ist, verordnet der Bundesminister für Wirtschaft im Einvernehmen mit dem Bundesminister für Bildung und Wissenschaft:</P></Content></text></textdaten></norm>
<norm builddate="20250325224003" doknr="BJNR007700992BJNE000200314"><metadaten><jurabk>SiSchmAusbV</jurabk><enbez>§ 1</enbez><titel format="parat">Anwendungsbereich</titel></metadaten><textdaten><text format="XML"><Content><P>Diese Verordnung gilt für die Berufsausbildung in dem Ausbildungsberuf Silberschmied/Silberschmiedin nach der Handwerksordnung und für die Berufsausbildung in dem nach § 2 anerkannten Ausbildungsberuf.</P></Content></text></textdaten></norm>
<norm builddate="20250325224003" doknr="BJNR007700992BJNE000300314"><metadaten><jurabk>SiSchmAusbV</jurabk><enbez>§ 2</enbez><titel format="parat">Staatliche Anerkennung des Ausbildungsberufes</titel></metadaten><textdaten><text format="XML"><Content><P>Der Ausbildungsberuf Silberschmied/Silberschmiedin wird staatlich anerkannt.</P></Content></text></textdaten></norm>
<norm builddate="20250325224003" doknr="BJNR007700992BJNE000400314"><metadaten><jurabk>SiSchmAusbV</jurabk><enbez>§ 3</enbez><titel format="parat">Ausbildungsdauer</titel></metadaten><textdaten><text format="XML"><Content><P>Die Ausbildung dauert dreieinhalb Jahre.</P></Content></text></textdaten></norm>
<norm builddate="20250325224003" doknr="BJNR007700992BJNE000500314"><metadaten><jurabk>SiSchmAusbV</jurabk><enbez>§ 4</enbez><titel format="parat">Ausbildungsberufsbild</titel></metadaten><textdaten><text format="XML"><Content><P>Gegenstand der Berufsausbildung sind mindestens die folgenden Fertigkeiten und Kenntnisse: <DL Font="normal" Type="arabic"><DT>1.</DT><DD Font="normal"><LA Size="normal">Berufsbildung,</LA></DD> <DT>2.</DT><DD Font="normal"><LA Size="normal">Aufbau und Organisation des Ausbildungsbetriebes,</LA></DD> <DT>3.</DT><DD Font="normal"><LA Size="normal">Arbeits- und Tarifrecht, Arbeitsschutz,</LA></DD> <DT>4.</DT><DD Font="normal"><LA Size="normal">Arbeitssicherheit, Umweltschutz und rationelle Energieverwendung,</LA></DD> <DT>5.</DT><DD Font="normal"><LA Size="normal">Inbetriebnehmen von Maschinen sowie Warten von Betriebsmitteln,</LA></DD> <DT>6.</DT><DD Font="normal"><LA Size="normal">Auswählen, Vorbereiten, Handhaben und Lagern von Werk- und Hilfsstoffen,</LA></DD> <DT>7.</DT><DD Font="normal"><LA Size="normal">Planen von Arbeitsabläufen,</LA></DD> <DT>8.</DT><DD Font="normal"><LA Size="normal">Messen und Kennzeichnen sowie Kontrollieren von Arbeitsergebnissen,</LA></DD> <DT>9.</DT><DD Font="normal"><LA Size="normal">Gestalten und Darstellen von Schmuck und Gerät,</LA></DD> <DT>10.</DT><DD Font="normal"><LA Size="normal">Umformen von Metallen,</LA></DD> <DT>11.</DT><DD Font="normal"><LA Size="normal">Trennen und Abtragen,</LA></DD> <DT>12.</DT><DD Font="normal"><LA Size="normal">Fügen,</LA></DD> <DT>13.</DT><DD Font="normal"><LA Size="normal">Legieren und Schmelzen,</LA></DD> <DT>14.</DT><DD Font="normal"><LA Size="normal">Anfertigen von Kleinwerkzeugen,</LA></DD> <DT>15.</DT><DD Font="normal"><LA Size="normal">Anfertigen von Gußmodellen und Bearbeiten von Gußteilen,</LA></DD> <DT>16.</DT><DD Font="normal"><LA Size="normal">Anfertigen von Werkstücken mit Funktionsteilen,</LA></DD> <DT>17.</DT><DD Font="normal"><LA Size="normal">Anfertigen und Montieren von Zargen und Fassungen,</LA></DD> <DT>18.</DT><DD Font="normal"><LA Size="normal">Erkennen, Zuordnen und Handhaben von Edelsteinen und von organischen Stoffen,</LA></DD> <DT>19.</DT><DD Font="normal"><LA Size="normal">Planen und Anfertigen von komplettem Schmuck und Gerät,</LA></DD> <DT>20.</DT><DD Font="normal"><LA Size="normal">Behandeln und Gestalten von Oberflächen,</LA></DD> <DT>21.</DT><DD Font="normal"><LA Size="normal">Aufarbeiten, Reparieren und Umarbeiten von Schmuck und Gerät.</LA></DD> </DL></P></Content></text></textdaten></norm>
<norm builddate="20250325224003" doknr="BJNR007700992BJNE000600314"><metadaten><jurabk>SiSchmAusbV</jurabk><enbez>§ 5</enbez><titel format="parat">Ausbildungsrahmenplan</titel></metadaten><textdaten><text format="XML"><Content><P>(1) Die Fertigkeiten und Kenntnisse nach § 4 sollen unter Berücksichtigung der Schwerpunkte &quot;Metall&quot; und &quot;Email&quot; nach der in der Anlage enthaltenen Anleitung zur sachlichen und zeitlichen Gliederung der Berufsausbildung (Ausbildungsrahmenplan) vermittelt werden. Eine vom Ausbildungsrahmenplan abweichende sachliche und zeitliche Gliederung des Ausbildungsinhaltes ist insbesondere zulässig, soweit betriebspraktische Besonderheiten die Abweichung erfordern.</P><P>(2) Die in dieser Rechtsverordnung genannten Fertigkeiten und Kenntnisse sollen so vermittelt werden, daß der Auszubildende zur Ausübung einer qualifizierten beruflichen Tätigkeit im Sinne des § 1 Abs. 2 des Berufsbildungsgesetzes befähigt wird, die insbesondere selbständiges Planen, Durchführen und Kontrollieren an seinem Arbeitsplatz einschließt. Diese Befähigung ist auch in den Prüfungen nach §§ 8 und 9 nachzuweisen.</P></Content> </text></textdaten></norm>
<norm builddate="20250325224003" doknr="BJNR007700992BJNE000700314"><metadaten><jurabk>SiSchmAusbV</jurabk><enbez>§ 6</enbez><titel format="parat">Ausbildungsplan</titel></metadaten><textdaten><text format="XML"><Content><P>Der Ausbildende hat unter Zugrundelegung des Ausbildungsrahmenplans für den Auszubildenden einen Ausbildungsplan zu erstellen.</P></Content></text></textdaten></norm>
<norm builddate="20250325224003" doknr="BJNR007700992BJNE000800314"><metadaten><jurabk>SiSchmAusbV</jurabk><enbez>§ 7</enbez><titel format="parat">Berichtsheft</titel></metadaten><textdaten><text format="XML"><Content><P>Der Auszubildende hat ein Berichtsheft in Form eines Ausbildungsnachweises zu führen. Ihm ist Gelegenheit zu geben, das Berichtsheft während der Ausbildungszeit zu führen. Der Ausbildende hat das Berichtsheft regelmäßig durchzusehen.</P></Content></text></textdaten></norm>
<norm builddate="20250325224003" doknr="BJNR007700992BJNE001500314"><metadaten><jurabk>SiSchmAusbV</jurabk><enbez>§ 8</enbez><titel format="parat">Zwischenprüfung</titel></metadaten><textdaten><text format="XML"><Content><P>(1) Zur Ermittlung des Ausbildungsstandes ist eine Zwischenprüfung durchzuführen. Sie soll vor dem Ende des zweiten Ausbildungsjahres stattfinden.</P><P>(2) Die Zwischenprüfung erstreckt sich auf die in der Anlage für das erste Ausbildungsjahr und die unter laufender Nummer 6 Buchstabe e, laufender Nummer 7 Buchstabe e, laufender Nummer 9 Buchstabe b Doppelbuchstaben aa und bb, laufender Nummer 10 Buchstabe g, laufender Nummer 13 Buchstabe d, laufender Nummer 14 Buchstabe c, laufender Nummer 16 Buchstabe a und laufender Nummer 17 Buchstabe b für das zweite Ausbildungsjahr aufgeführten Fertigkeiten und Kenntnisse sowie auf den im Berufsschulunterricht entsprechend dem Rahmenlehrplan zu vermittelnden Lehrstoff, soweit er für die Berufsausbildung wesentlich ist.</P><P>(3) Der Prüfling soll in insgesamt höchstens sieben Stunden ein Prüfungsstück anfertigen. Hierfür kommt insbesondere in Betracht: <BR/>Anfertigen eines Werkstückes, gegebenenfalls unter Einbeziehung vorgefertigter Teile, unter Anwendung von Umform-, Trenn-, Abtrag- und Fügetechniken.</P><P>(4) Der Prüfling soll in insgesamt höchstens 180 Minuten Aufgaben, die sich auf praxisbezogene Fälle beziehen sollen, aus folgenden Gebieten schriftlich lösen: <DL Font="normal" Type="arabic"><DT>1.</DT><DD Font="normal"><LA Size="normal">Aufbau und Organisation des Ausbildungsbetriebes,</LA></DD> <DT>2.</DT><DD Font="normal"><LA Size="normal">Arbeits- und Tarifrecht, Arbeitsschutz,</LA></DD> <DT>3.</DT><DD Font="normal"><LA Size="normal">Arbeitssicherheit, Umweltschutz und rationelle Energieverwendung,</LA></DD> <DT>4.</DT><DD Font="normal"><LA Size="normal">Inbetriebnehmen von Maschinen sowie Warten von Betriebsmitteln,</LA></DD> <DT>5.</DT><DD Font="normal"><LA Size="normal">Auswählen, Vorbereiten, Handhaben und Lagern von Werk- und Hilfsstoffen,</LA></DD> <DT>6.</DT><DD Font="normal"><LA Size="normal">Gestalten und Darstellen von Schmuck und Gerät,</LA></DD> <DT>7.</DT><DD Font="normal"><LA Size="normal">Trennen und Abtragen,</LA></DD> <DT>8.</DT><DD Font="normal"><LA Size="normal">Fügetechniken,</LA></DD> <DT>9.</DT><DD Font="normal"><LA Size="normal">Umformen von Metallen.</LA></DD> </DL> </P><P>(5) Die in Absatz 4 genannte Prüfungsdauer kann insbesondere unterschritten werden, soweit die schriftliche Prüfung in programmierter Form durchgeführt wird.</P></Content>   </text></textdaten></norm>
<norm builddate="20250325224003" doknr="BJNR007700992BJNE001000314"><metadaten><jurabk>SiSchmAusbV</jurabk><enbez>§ 9</enbez><titel format="parat">Abschlußprüfung/Gesellenprüfung</titel></metadaten><textdaten><text format="XML"><Content><P>(1) Die Abschlußprüfung/Gesellenprüfung erstreckt sich auf die in der Anlage aufgeführten Fertigkeiten und Kenntnisse sowie auf den im Berufsschulunterricht vermittelten Lehrstoff, soweit er für die Berufsausbildung wesentlich ist.</P><P>(2) Der Prüfling soll in der praktischen Prüfung in insgesamt höchstens 32 Stunden ein Prüfungsstück anfertigen. Er soll dabei zeigen, daß er den Entwurf gestalterisch umsetzen kann und die entsprechenden Fertigungstechniken beherrscht. Hierfür kommen insbesondere in Betracht: <DL Font="normal" Type="arabic"><DT>1.</DT><DD Font="normal"><LA Size="normal">im Schwerpunkt Metall:</LA><LA Size="normal">Planen, Vorbereiten und Anfertigen eines vollständigen selbstentworfenen Gerätes oder Objektes durch Umformen, Fügen, Trennen, Abtragen und Oberflächenbehandlung sowie unter Einbeziehung von Funktionsteilen, soweit es die Art des Gerätes oder Objektes zuläßt, sowie Erstellen eines Prüf- und Meßprotokolls;</LA></DD>  <DT>2.</DT><DD Font="normal"><LA Size="normal">im Schwerpunkt Email:</LA><LA Size="normal">Planen, Vorbereiten und Anfertigen eines vollständigen selbstentworfenen Gerätes oder Objektes mit Email durch Umformen, Fügen, Trennen, Abtragen, Emaillieren oder Oberflächenbehandlung sowie unter Einbeziehung von Funktionsteilen, soweit es die Art des Gerätes oder Objektes zuläßt, sowie Erstellen eines Prüf- und Meßprotokolls.</LA></DD>  </DL>Es können vorgefertigte Teile verwendet werden. Dem Prüfungsausschuß sind vor Anfertigung des Prüfungsstückes zwei bemaßte Entwürfe vorzulegen, die den Prüfungsanforderungen genügen müssen. Der Prüfungsausschuß wählt einen Entwurf für das Prüfungsstück aus.</P><P>(3) Der Prüfling soll in der schriftlichen Prüfung in den Prüfungsfächern Technologie, Gestaltung und Arbeitsplanung, Technische Mathematik sowie Wirtschafts- und Sozialkunde geprüft werden. Im Prüfungsfach Gestaltung und Arbeitsplanung sind durch Verknüpfung informationstechnischer, technologischer und mathematischer Sachverhalte fachliche Probleme zu analysieren, zu bewerten und geeignete Lösungswege darzustellen. Es kommen Aufgaben, die sich auf praxisbezogene Fälle beziehen sollen, insbesondere aus folgenden Gebieten in Betracht: <DL Font="normal" Type="arabic"><DT>1.</DT><DD Font="normal"><LA Size="normal">im Schwerpunkt Metall:<DL Font="normal" Type="arabic"><DT>a)</DT><DD Font="normal"><LA Size="normal">im Prüfungsfach Technologie:<DL Font="normal" Type="arabic"><DT>aa)</DT><DD Font="normal"><LA Size="normal">Arbeitssicherheit, Umweltschutz und rationelle Energieverwendung,</LA></DD> <DT>bb)</DT><DD Font="normal"><LA Size="normal">Werkzeuge, Geräte und Maschinen,</LA></DD> <DT>cc)</DT><DD Font="normal"><LA Size="normal">Eigenschaften und Verwendung von Werk- und Hilfsstoffen,</LA></DD> <DT>dd)</DT><DD Font="normal"><LA Size="normal">Eigenschaften und Verarbeitung von Edelsteinen,</LA></DD> <DT>ee)</DT><DD Font="normal"><LA Size="normal">Trenn-, Umform- und Fügetechniken,</LA></DD> <DT>ff)</DT><DD Font="normal"><LA Size="normal">Legier-, Schmelz- und Gießtechnik,</LA></DD> <DT>gg)</DT><DD Font="normal"><LA Size="normal">Oberflächenbearbeitung und -behandlung,</LA></DD> <DT>hh)</DT><DD Font="normal"><LA Size="normal">flächengestaltende Techniken;</LA></DD> </DL></LA></DD> <DT>b)</DT><DD Font="normal"><LA Size="normal">im Prüfungsfach Gestaltung und Arbeitsplanung:<DL Font="normal" Type="arabic"><DT>aa)</DT><DD Font="normal"><LA Size="normal">zeichnerischer und plastischer Entwurf,</LA></DD> <DT>bb)</DT><DD Font="normal"><LA Size="normal">historische und zeitgenössische Formensprache,</LA></DD> <DT>cc)</DT><DD Font="normal"><LA Size="normal">gestalterische Prüfkriterien,</LA></DD> <DT>dd)</DT><DD Font="normal"><LA Size="normal">Festlegen von Werkstoffen und Arbeitsschritten,</LA></DD> <DT>ee)</DT><DD Font="normal"><LA Size="normal">Maß- und Gewichtsschätzungen;</LA></DD> </DL></LA></DD> <DT>c)</DT><DD Font="normal"><LA Size="normal">im Prüfungsfach Technische Mathematik:<DL Font="normal" Type="arabic"><DT>aa)</DT><DD Font="normal"><LA Size="normal">Fläche, Volumen, Masse, Dichte,</LA></DD> <DT>bb)</DT><DD Font="normal"><LA Size="normal">Legierung, Preise, Kosten;</LA></DD> </DL></LA></DD> <DT>d)</DT><DD Font="normal"><LA Size="normal">im Prüfungsfach Wirtschafts- und Sozialkunde:</LA><LA Size="normal">allgemeine wirtschaftliche und gesellschaftliche Zusammenhänge der Berufs- und Arbeitswelt.</LA></DD>  </DL></LA></DD> <DT>2.</DT><DD Font="normal"><LA Size="normal">im Schwerpunkt Email:<DL Font="normal" Type="arabic"><DT>a)</DT><DD Font="normal"><LA Size="normal">im Prüfungsfach Technologie:<DL Font="normal" Type="arabic"><DT>aa)</DT><DD Font="normal"><LA Size="normal">Arbeitssicherheit, Umweltschutz und rationelle Energieverwendung,</LA></DD> <DT>bb)</DT><DD Font="normal"><LA Size="normal">Werkzeuge, Geräte und Maschinen,</LA></DD> <DT>cc)</DT><DD Font="normal"><LA Size="normal">Eigenschaften und Verwendung von Werk- und Hilfsstoffen,</LA></DD> <DT>dd)</DT><DD Font="normal"><LA Size="normal">Eigenschaften und Verarbeitung von Edelsteinen,</LA></DD> <DT>ee)</DT><DD Font="normal"><LA Size="normal">Trenn-, Umform- und Fügetechniken,</LA></DD> <DT>ff)</DT><DD Font="normal"><LA Size="normal">Legier-, Schmelz- und Gießtechnik,</LA></DD> <DT>gg)</DT><DD Font="normal"><LA Size="normal">Oberflächenbearbeitung und -behandlung,</LA></DD> <DT>hh)</DT><DD Font="normal"><LA Size="normal">Emailtechnik,</LA></DD> <DT>ii)</DT><DD Font="normal"><LA Size="normal">flächengestaltende Techniken;</LA></DD> </DL></LA></DD> <DT>b)</DT><DD Font="normal"><LA Size="normal">im Prüfungsfach Gestaltung und Arbeitsplanung:<DL Font="normal" Type="arabic"><DT>aa)</DT><DD Font="normal"><LA Size="normal">zeichnerischer und plastischer Entwurf,</LA></DD> <DT>bb)</DT><DD Font="normal"><LA Size="normal">historische und zeitgenössische Formensprache,</LA></DD> <DT>cc)</DT><DD Font="normal"><LA Size="normal">gestalterische Prüfkriterien,</LA></DD> <DT>dd)</DT><DD Font="normal"><LA Size="normal">Festlegen von Werkstoffen und Arbeitsschritten,</LA></DD> <DT>ee)</DT><DD Font="normal"><LA Size="normal">Maß- und Gewichtsschätzungen;</LA></DD> </DL></LA></DD> <DT>c)</DT><DD Font="normal"><LA Size="normal">im Prüfungsfach Technische Mathematik:<DL Font="normal" Type="arabic"><DT>aa)</DT><DD Font="normal"><LA Size="normal">Fläche, Volumen, Masse, Dichte,</LA></DD> <DT>bb)</DT><DD Font="normal"><LA Size="normal">Legierung, Preise, Kosten;</LA></DD> </DL></LA></DD> <DT>d)</DT><DD Font="normal"><LA Size="normal">im Prüfungsfach Wirtschafts- und Sozialkunde:</LA><LA Size="normal">allgemeine wirtschaftliche und gesellschaftliche Zusammenhänge der Berufs- und Arbeitswelt.</LA></DD>  </DL> </LA></DD> </DL></P><P>(4) Für die schriftliche Prüfung ist von folgenden zeitlichen Höchstwerten auszugehen: <BR/><table frame="none" tocentry="%yes;">
	<tgroup align="left" char="" charoff="50" cols="3" colsep="0" rowsep="0">
		<colspec colname="col1" colnum="1" colwidth="5*"/>
		<colspec colname="col2" colnum="2" colwidth="33*"/>
		<colspec colname="col3" colnum="3" colwidth="17*"/>
		<tbody valign="top">
			<row>
				<entry VJ="1" align="left" colsep="0" valign="top">1.</entry>
				<entry VJ="1" align="left" colsep="0" valign="top">im Prüfungsfach Technologie</entry>
				<entry VJ="1" align="right" colsep="0" valign="top">120 Minuten,</entry>
			</row>
			<row>
				<entry VJ="1" align="left" colsep="0" valign="top">2.</entry>
				<entry VJ="1" align="left" colsep="0" valign="top">im Prüfungsfach Gestaltung und Arbeitsplanung</entry>
				<entry VJ="1" align="right" colsep="0" valign="top">120 Minuten,</entry>
			</row>
			<row>
				<entry VJ="1" align="left" colsep="0" valign="top">3.</entry>
				<entry VJ="1" align="left" colsep="0" valign="top">im Prüfungsfach Technische Mathematik</entry>
				<entry VJ="1" align="right" colsep="0" valign="top">60 Minuten,</entry>
			</row>
			<row>
				<entry VJ="1" align="left" colsep="0" valign="top">4.</entry>
				<entry VJ="1" align="left" colsep="0" valign="top">im Prüfungsfach Wirtschaftsund Sozialkunde</entry>
				<entry VJ="1" align="right" colsep="0" valign="top">60 Minuten.</entry>
			</row>
		</tbody>
	</tgroup>
</table> </P><P>(5) Die in Absatz 4 genannte Prüfungsdauer kann insbesondere unterschritten werden, soweit die schriftliche Prüfung in programmierter Form durchgeführt wird.</P><P>(6) Die schriftliche Prüfung ist auf Antrag des Prüflings oder nach Ermessen des Prüfungsausschusses in einzelnen Fächern durch eine mündliche Prüfung zu ergänzen, wenn diese für das Bestehen der Prüfung den Ausschlag geben kann. Die schriftliche Prüfung hat gegenüber der mündlichen das doppelte Gewicht. Schriftliche Prüfung im Sinne der Absätze 7 und 8 ist auch die durch eine mündliche Prüfung ergänzte schriftliche Prüfung.</P><P>(7) Innerhalb der schriftlichen Prüfung hat das Prüfungsfach Technologie gegenüber jedem der übrigen Prüfungsfächer das doppelte Gewicht.</P><P>(8) Die Prüfung ist bestanden, wenn jeweils in der praktischen und schriftlichen Prüfung sowie innerhalb der schriftlichen Prüfung im Prüfungsfach Technologie mindestens ausreichende Leistungen erbracht sind.</P></Content>      </text></textdaten></norm>
<norm builddate="20250325224003" doknr="BJNR007700992BJNE001100314"><metadaten><jurabk>SiSchmAusbV</jurabk><enbez>§ 10</enbez><titel format="parat">Aufhebung von Vorschriften</titel></metadaten><textdaten><text format="XML"><Content><P>Die bisher festgelegten Berufsbilder, Berufsausbildungspläne und Prüfungsanforderungen für die Lehrberufe, Anlernberufe und vergleichbar geregelten Ausbildungsberufe, die in dieser Verordnung geregelt sind, insbesondere für die Ausbildungsberufe Silberschmied/Silberschmiedin in Handwerk und Industrie, sind vorbehaltlich des § 11 nicht mehr anzuwenden.</P></Content></text></textdaten></norm>
<norm builddate="20250325224003" doknr="BJNR007700992BJNE001200314"><metadaten><jurabk>SiSchmAusbV</jurabk><enbez>§ 11</enbez><titel format="parat">Übergangsregelung</titel></metadaten><textdaten><text format="XML"><Content><P>Auf Berufsausbildungsverhältnisse, die bei Inkrafttreten dieser Verordnung bestehen, sind die bisherigen Vorschriften weiter anzuwenden, es sei denn, die Vertragsparteien vereinbaren die Anwendung der Vorschriften dieser Verordnung.</P></Content></text></textdaten></norm>
<norm builddate="20250325224003" doknr="BJNR007700992BJNE001300314"><metadaten><jurabk>SiSchmAusbV</jurabk><enbez>§ 12</enbez><titel format="parat">Inkrafttreten</titel></metadaten><textdaten><text format="XML"><Content><P>Diese Verordnung tritt am 1. August 1992 in Kraft.</P></Content></text></textdaten></norm>
<norm builddate="20250325224003" doknr="BJNR007700992BJNE001400314"><metadaten><jurabk>SiSchmAusbV</jurabk><enbez>Anlage</enbez><titel format="XML">(zu § 5)<BR/>Ausbildungsrahmenplan für die Berufsausbildung zum Silberschmied/zur Silberschmiedin*)</titel></metadaten><textdaten><text format="XML"><Content><P><ABWFORMAT typ="A"/><kommentar typ="Fundstelle">(Fundstelle: BGBl. I 1992, 773 - 781)</kommentar><BR/><BR/><table frame="all" tocentry="%yes;"><tgroup align="left" char="" charoff="50" cols="7" colsep="1" rowsep="1"><colspec align="center" colname="col1" colnum="1" colwidth="44.000000pt"/><colspec colname="col2" colnum="2" colwidth="183.000000pt"/><colspec colname="col3" colnum="3" colwidth="398.000000pt"/><colspec align="center" colname="col4" colnum="4" colwidth="45.000000pt"/><colspec align="center" colname="col5" colnum="5" colwidth="43.000000pt"/><colspec align="center" colname="col6" colnum="6" colwidth="41.000000pt"/><colspec align="center" colname="col7" colnum="7" colwidth="41.000000pt"/><tbody valign="top"><row><entry VJ="1" align="left" morerows="1" valign="top">Lfd. Nr.</entry><entry VJ="1" morerows="1">Teil des Ausbildungsberufsbildes</entry><entry VJ="1" morerows="1">Fertigkeiten und Kenntnisse, die unter Berücksichtigung des § 5 Abs. 2 zu vermitteln sind</entry><entry VJ="1" align="left" nameend="col7" namest="col4">zeitliche Richtwerte in Wochen im Ausbildungsjahr</entry></row><row><entry VJ="1">1</entry><entry VJ="1">2</entry><entry VJ="1">3</entry><entry VJ="1">4</entry></row><row><entry VJ="1" align="center" valign="top">1</entry><entry VJ="1" align="center">2</entry><entry VJ="1" align="center">3</entry><entry VJ="1" nameend="col7" namest="col4">4</entry></row><row><entry VJ="1" align="center" valign="top">1</entry><entry VJ="1">Berufsbildung<BR/>(§ 4 Nr. 1)</entry><entry VJ="1"><DL Font="normal" Type="arabic"><DT>a)</DT><DD Font="normal"><LA Size="normal">Bedeutung des Ausbildungsvertrages, insbesondere Abschluß, Dauer und Beendigung, erklären</LA></DD><DT>b)</DT><DD Font="normal"><LA Size="normal">gegenseitige Rechte und Pflichten aus dem Ausbildungsvertrag nennen</LA></DD><DT>c)</DT><DD Font="normal"><LA Size="normal">Möglichkeiten der beruflichen Fortbildung nennen</LA></DD></DL></entry><entry VJ="1" align="left" morerows="3" nameend="col7" namest="col4" valign="middle">während der gesamten Ausbildung zu vermitteln</entry></row><row><entry VJ="1" align="center" valign="top">2</entry><entry VJ="1">Aufbau und Organisation des Ausbildungsbetriebes<BR/>(§ 4 Nr. 2)</entry><entry VJ="1"><DL Font="normal" Type="arabic"><DT>a)</DT><DD Font="normal"><LA Size="normal">Aufbau und Aufgaben des ausbildenden Betriebes erläutern</LA></DD><DT>b)</DT><DD Font="normal"><LA Size="normal">Grundfunktionen des ausbildenden Betriebes, wie Beschaffung, Fertigung, Absatz und Verwaltung, erklären</LA></DD><DT>c)</DT><DD Font="normal"><LA Size="normal">Beziehungen des ausbildenden Betriebes und seiner Belegschaft zu Wirtschaftsorganisationen, Berufsvertretungen und Gewerkschaften nennen</LA></DD><DT>d)</DT><DD Font="normal"><LA Size="normal">Grundlagen, Aufgaben und Arbeitsweise der betriebsverfassungsrechtlichen Organe des ausbildenden Betriebes beschreiben</LA></DD></DL></entry></row><row><entry VJ="1" align="center" valign="top">3</entry><entry VJ="1">Arbeits- und Tarifrecht, Arbeitsschutz<BR/>(§ 4 Nr. 3)</entry><entry VJ="1"><DL Font="normal" Type="arabic"><DT>a)</DT><DD Font="normal"><LA Size="normal">wesentliche Teile des Arbeitsvertrages nennen</LA></DD><DT>b)</DT><DD Font="normal"><LA Size="normal">wesentliche Bestimmungen der für den ausbildenden Betrieb geltenden Tarifverträge nennen</LA></DD><DT>c)</DT><DD Font="normal"><LA Size="normal">Aufgaben des betrieblichen Arbeitsschutzes sowie der zuständigen Berufsgenossenschaft und der Gewerbeaufsicht erläutern</LA></DD><DT>d)</DT><DD Font="normal"><LA Size="normal">wesentliche Bestimmungen der für den ausbildenden Betrieb geltenden Arbeitsschutzgesetze nennen</LA></DD></DL></entry></row><row><entry VJ="1" align="center" valign="top">4</entry><entry VJ="1">Arbeitssicherheit, Umweltschutz und rationelle Energieverwendung<BR/>(§ 4 Nr. 4)</entry><entry VJ="1"><DL Font="normal" Type="arabic"><DT>a)</DT><DD Font="normal"><LA Size="normal">berufsbezogene Vorschriften der Träger der gesetzlichen Unfallversicherung, insbesondere Unfallverhütungsvorschriften, Richtlinien und Merkblätter, nennen</LA></DD><DT>b)</DT><DD Font="normal"><LA Size="normal">berufsbezogene Arbeitsschutzvorschriften bei den Arbeitsabläufen anwenden</LA></DD><DT>c)</DT><DD Font="normal"><LA Size="normal">Verhaltensweisen bei Unfällen und Bränden beschreiben sowie Maßnahmen der Ersten Hilfe einleiten</LA></DD><DT>d)</DT><DD Font="normal"><LA Size="normal">wesentliche Vorschriften der Feuerverhütung nennen sowie Brandschutzeinrichtungen und Brandbekämpfungsgeräte bedienen</LA></DD><DT>e)</DT><DD Font="normal"><LA Size="normal">Gefahren, die von Giften, Dämpfen, Gasen, leicht entzündbaren Stoffen sowie vom elektrischen Strom ausgehen, beachten</LA></DD><DT>f)</DT><DD Font="normal"><LA Size="normal">für den ausbildenden Betrieb geltende wesentliche Vorschriften über den Immissions- und Gewässerschutz sowie über die Reinhaltung der Luft nennen und beachten</LA></DD><DT>g)</DT><DD Font="normal"><LA Size="normal">arbeitsplatzbedingte Umweltbelastungen nennen und zu ihrer Verringerung beitragen</LA></DD><DT>h)</DT><DD Font="normal"><LA Size="normal">die im Ausbildungsbetrieb verwendeten Energiearten nennen und Möglichkeiten rationeller Energieverwendung im beruflichen Einwirkungs- und Beobachtungsbereich anführen</LA></DD></DL></entry></row><row rowsep="0"><entry VJ="1" align="left" nameend="col7" namest="col1"><small><DL Font="normal" Type="arabic"><DT>*)</DT><DD Font="normal"><LA Size="normal">Für das erste Ausbildungsjahr sind die Ausbildungsinhalte der Berufe Goldschmied/Goldschmiedin, Silberschmied/Silberschmiedin und Edelsteinfasser/Edelsteinfasserin gleich.</LA></DD></DL></small></entry></row><row><entry VJ="1" align="center" nameend="col7" namest="col1" valign="top"> </entry></row><row><entry VJ="1" align="center" valign="top">5</entry><entry VJ="1">Inbetriebnehmen von Maschinen sowie Warten von Betriebsmitteln<BR/>(§ 4 Nr. 5)</entry><entry VJ="1"><DL Font="normal" Type="arabic"><DT>a)</DT><DD Font="normal"><LA Size="normal">Werkzeuge, Geräte und Maschinen durch Reinigen pflegen und vor Korrosion schützen</LA></DD><DT>b)</DT><DD Font="normal"><LA Size="normal">Betriebsbereitschaft von Maschinen prüfen und sicherstellen, insbesondere im Hinblick auf Befestigung, Schmierung, Kühlung und Energieversorgung</LA></DD><DT>c)</DT><DD Font="normal"><LA Size="normal">Betriebsstoffe, insbesondere Öle, Kühl- und Schmierstoffe, nach Betriebsvorschriften wechseln und auffüllen</LA></DD><DT>d)</DT><DD Font="normal"><LA Size="normal">Werkzeuge, Maschinen und Vorrichtungen einrichten und einstellen sowie nach Anweisung und Wartungsunterlagen warten</LA></DD></DL></entry><entry VJ="1" valign="middle">2</entry><entry VJ="1"> </entry><entry VJ="1" nameend="col7" namest="col6"> </entry></row><row><entry VJ="1" align="center" morerows="1" valign="top">6</entry><entry VJ="1" morerows="1">Auswählen, Vorbereiten, Handhaben und Lagern von Werk- und Hilfsstoffen I<BR/>(§ 4 Nr. 6)</entry><entry VJ="1"><DL Font="normal" Type="arabic"><DT>a)</DT><DD Font="normal"><LA Size="normal">Metalle und deren Legierungen sowie Hilfsstoffe unter Beachtung ihrer Eigenschaften sowie im Hinblick auf die gestellten Anforderungen auswählen und vorbereiten</LA></DD><DT>b)</DT><DD Font="normal"><LA Size="normal">Wertverhältnisse von Metallen und deren Legierungen, die zu be- oder verarbeiten sind, nennen sowie Metallvorkommen und -gewinnungsarten erläutern</LA></DD><DT>c)</DT><DD Font="normal"><LA Size="normal">Hilfsstoffe, insbesondere Säuren und Säurengemische, Laugen, Salze und Gase sowie Öle, Kühl- und Schmierstoffe, unterscheiden, ihrer Verwendung nach zuordnen und nach Anweisung und Unterlagen unter Beachtung ihrer Gefährlichkeiten anwenden sowie vorschriftsmäßig lagern</LA></DD><DT>d)</DT><DD Font="normal"><LA Size="normal">unter Beachtung der Umweltschutzvorschriften beim Entsorgen von Hilfsstoffen, insbesondere Säuren, Laugen, Salzen und Gasen sowie Ölen, Kühl- und Schmierstoffen, mitwirken</LA></DD></DL></entry><entry VJ="1" valign="middle">2*)</entry><entry VJ="1"> </entry><entry VJ="1" nameend="col7" namest="col6"> </entry></row><row><entry VJ="1"><DL Font="normal" Type="arabic"><DT>e)</DT><DD Font="normal"><LA Size="normal">Edelmetalle nach werkstattüblichen Verfahren prüfen</LA></DD></DL></entry><entry VJ="1"> </entry><entry VJ="1" valign="middle">2</entry><entry VJ="1" nameend="col7" namest="col6"> </entry></row><row><entry VJ="1" align="center" morerows="1" valign="top">7</entry><entry VJ="1" morerows="1">Planen von Arbeitsabläufen<BR/>(§ 4 Nr. 7)</entry><entry VJ="1"><DL Font="normal" Type="arabic"><DT>a)</DT><DD Font="normal"><LA Size="normal">Umsetzung von vorgegebenen Entwürfen planen</LA></DD><DT>b)</DT><DD Font="normal"><LA Size="normal">Arbeitsschritte unter Berücksichtigung funktionaler, konstruktiver, fertigungstechnischer und wirtschaftlicher Gesichtspunkte planen</LA></DD><DT>c)</DT><DD Font="normal"><LA Size="normal">Maße und Gewichte festlegen</LA></DD><DT>d)</DT><DD Font="normal"><LA Size="normal">Einrichtung des Arbeitsplatzes an Werkbank und Maschinen planen</LA></DD></DL></entry><entry VJ="1" valign="middle">4*)</entry><entry VJ="1"> </entry><entry VJ="1" nameend="col7" namest="col6"> </entry></row><row><entry VJ="1"><DL Font="normal" Type="arabic"><DT>e)</DT><DD Font="normal"><LA Size="normal">gestalterische Prüfkriterien entwickeln, insbesondere unter Beachtung der Proportionen und der Formqualität des Entwurfes</LA></DD><DT>f)</DT><DD Font="normal"><LA Size="normal">Umsetzung eigener Entwürfe unter Beachtung technischer Möglichkeiten und Grenzen sowie der gestalterischen Absicht planen</LA></DD><DT>g)</DT><DD Font="normal"><LA Size="normal">Arbeitsablauf selbständig unter Berücksichtigung organisatorischer und informatorischer Notwendigkeiten sowie der Dauer der Arbeitsgänge planen und die Durchführung selbständig vorbereiten</LA></DD></DL></entry><entry VJ="1"> </entry><entry VJ="1" valign="middle">2</entry><entry VJ="1" nameend="col7" namest="col6" valign="middle">2</entry></row><row><entry VJ="1" align="center" valign="top">8</entry><entry VJ="1">Messen und Kennzeichnen sowie Kontrollieren von Arbeitsergebnissen<BR/>(§ 4 Nr. 8)</entry><entry VJ="1"><DL Font="normal" Type="arabic"><DT>a)</DT><DD Font="normal"><LA Size="normal">Prüf- und Meßmittel zur Kontrolle der Arbeitsergebnisse festlegen</LA></DD><DT>b)</DT><DD Font="normal"><LA Size="normal">Meßschieber, Winkelmesser und Sonderlehren anwenden</LA></DD><DT>c)</DT><DD Font="normal"><LA Size="normal">unter Beachtung vorgegebener Toleranzen<DL Font="normal" Type="arabic"><DT>aa)</DT><DD Font="normal"><LA Size="normal">Werkstücke messen</LA></DD><DT>bb)</DT><DD Font="normal"><LA Size="normal">Abweichungen vom Sollmaß feststellen und korrigieren</LA></DD><DT>cc)</DT><DD Font="normal"><LA Size="normal">Werkstücke anreißen und körnen</LA></DD><DT>dd)</DT><DD Font="normal"><LA Size="normal">Flächen und Formgenauigkeit prüfen</LA></DD><DT>ee)</DT><DD Font="normal"><LA Size="normal">Werkstücke wiegen</LA></DD></DL></LA></DD><DT>d)</DT><DD Font="normal"><LA Size="normal">Oberflächenqualität von Halbzeugen und Werkstücken durch Sichtprüfen beurteilen</LA></DD><DT>e)</DT><DD Font="normal"><LA Size="normal">Arbeitsergebnisse im Hinblick auf Gestaltungsqualität beurteilen, insbesondere unter Beachtung von Gestaltungskriterien und -vorgaben</LA></DD><DT>f)</DT><DD Font="normal"><LA Size="normal">das Gesetz über den Feingehalt von Gold- und Silberwaren sowie die gewerblichen Vorschriften über den Verkehr mit Edelmetallen, Edelsteinen und Perlen erläutern und anwenden</LA></DD><DT>g)</DT><DD Font="normal"><LA Size="normal">Edelmetalle stempeln, insbesondere im Hinblick auf Metallart und Feingehalt</LA></DD></DL></entry><entry VJ="1" valign="middle">4*)</entry><entry VJ="1"> </entry><entry VJ="1" nameend="col7" namest="col6"> </entry></row><row><entry VJ="1" align="center" morerows="2" valign="top">9</entry><entry VJ="1" morerows="2">Gestalten und Darstellen von Schmuck und Gerät<BR/>(§ 4 Nr. 9)</entry><entry VJ="1"><DL Font="normal" Type="arabic"><DT>a)</DT><DD Font="normal"><LA Size="normal">unter Beachtung von Gestaltungsprinzipien sowie Möglichkeiten und Grenzen von Darstellungstechniken<DL Font="normal" Type="arabic"><DT>aa)</DT><DD Font="normal"><LA Size="normal">Skizzen und Zeichnungen lesen und anfertigen</LA></DD><DT>bb)</DT><DD Font="normal"><LA Size="normal">Abwicklungen anfertigen</LA></DD></DL></LA></DD></DL></entry><entry VJ="1" valign="middle">5</entry><entry VJ="1"> </entry><entry VJ="1" nameend="col7" namest="col6"> </entry></row><row><entry VJ="1"><DL Font="normal" Type="arabic"><DT>b)</DT><DD Font="normal"><LA Size="normal">unter Beachtung von historischer und zeitgenössischer Formensprache<DL Font="normal" Type="arabic"><DT>aa)</DT><DD Font="normal"><LA Size="normal">Zeichnungen in mehreren Ansichten anfertigen</LA></DD><DT>bb)</DT><DD Font="normal"><LA Size="normal">schwarzweiße perspektivische Kundenzeichnungen anfertigen</LA></DD><DT>cc)</DT><DD Font="normal"><LA Size="normal">farbige perspektivische Kundenzeichnungen anfertigen</LA></DD><DT>dd)</DT><DD Font="normal"><LA Size="normal">plastische Entwürfe anfertigen</LA></DD></DL></LA></DD></DL></entry><entry VJ="1"> </entry><entry VJ="1" valign="middle">10</entry><entry VJ="1" nameend="col7" namest="col6"> </entry></row><row><entry VJ="1"><DL Font="normal" Type="arabic"><DT>c)</DT><DD Font="normal"><LA Size="normal">Entwürfe unter Einbeziehung flächengestaltender Techniken anfertigen, insbesondere für Ziselier-, Ätz- und Emailliertechniken</LA></DD></DL></entry><entry VJ="1"> </entry><entry VJ="1"> </entry><entry VJ="1" nameend="col7" namest="col6" valign="middle">4</entry></row><row rowsep="0"><entry VJ="1" align="left" nameend="col7" namest="col1"><small><DL Font="normal" Type="arabic"><DT>*)</DT><DD Font="normal"><LA Size="normal">Im Zusammenhang mit anderen im Ausbildungsrahmenplan aufgeführten Ausbildungsinhalten zu vermitteln.</LA></DD></DL></small></entry></row><row><entry VJ="1" align="center" nameend="col7" namest="col1" valign="top"> </entry></row><row><entry VJ="1" align="center" morerows="2" valign="top">10</entry><entry VJ="1" morerows="2">Umformen von Metallen<BR/>(§ 4 Nr. 10)</entry><entry VJ="1">unter Beachtung von Metalleigenschaften und gestellten Anforderungen<DL Font="normal" Type="arabic"><DT>a)</DT><DD Font="normal"><LA Size="normal">Bleche und Profile walzen</LA></DD><DT>b)</DT><DD Font="normal"><LA Size="normal">Drähte und Rohre anfertigen und ziehen</LA></DD><DT>c)</DT><DD Font="normal"><LA Size="normal">Drähte und Bleche frei Hand und unter Verwendung von Hilfsmitteln biegen</LA></DD><DT>d)</DT><DD Font="normal"><LA Size="normal">Drähte und Bleche schmieden</LA></DD><DT>e)</DT><DD Font="normal"><LA Size="normal">Hohlformen aufziehen</LA></DD><DT>f)</DT><DD Font="normal"><LA Size="normal">Bleche und Drähte richten</LA></DD></DL></entry><entry VJ="1" valign="middle">8</entry><entry VJ="1"> </entry><entry VJ="1" nameend="col7" namest="col6"> </entry></row><row><entry VJ="1"><DL Font="normal" Type="arabic"><DT>g)</DT><DD Font="normal"><LA Size="normal">Körper anfertigen<DL Font="normal" Type="arabic"><DT>aa)</DT><DD Font="normal"><LA Size="normal">runde und ovale Körper nach selbstangefertigten Anlegeschablonen formgenau aufziehen und planieren</LA></DD><DT>bb)</DT><DD Font="normal"><LA Size="normal">Körper aus geraden und konischen Zargen anfertigen</LA></DD><DT>cc)</DT><DD Font="normal"><LA Size="normal">Körper durch Hämmern und Prellen aus- und einbuchten</LA></DD><DT>dd)</DT><DD Font="normal"><LA Size="normal">Geräte unter Beachtung von Gestaltungsprinzipien punizieren</LA></DD></DL></LA></DD><DT>h)</DT><DD Font="normal"><LA Size="normal">Werkstücke schmieden, insbesondere querschnittverändern, sowie strecken und stauchen</LA></DD><DT>i)</DT><DD Font="normal"><LA Size="normal">Geräte und Gefäße abschlagen und absetzen</LA></DD></DL></entry><entry VJ="1"> </entry><entry VJ="1" valign="middle">16</entry><entry VJ="1" nameend="col7" namest="col6"> </entry></row><row><entry VJ="1"><DL Font="normal" Type="arabic"><DT>k)</DT><DD Font="normal"><LA Size="normal">Flacharbeiten und plangeschlagene Blechteile unter Beachtung der gestalterischen Absicht anfertigen<DL Font="normal" Type="arabic"><DT>aa)</DT><DD Font="normal"><LA Size="normal">Blechteile und Platten planschlagen, insbesondere durch Planieren, durch Verstärken, Abkanten und Abschlagen von Rändern, durch Anlöten von Zargen sowie durch Richten von Blechen und Platten</LA></DD><DT>bb)</DT><DD Font="normal"><LA Size="normal">runde und eckige Flacharbeiten unter Verwendung von Absetz- und Spanntechniken anfertigen</LA></DD></DL></LA></DD></DL></entry><entry VJ="1"> </entry><entry VJ="1"> </entry><entry VJ="1" nameend="col7" namest="col6" valign="middle">8</entry></row><row><entry VJ="1" align="center" valign="top">11</entry><entry VJ="1">Trennen und Abtragen<BR/>(§ 4 Nr. 11)</entry><entry VJ="1">unter Beachtung von Werkstoffeigenschaften und gestellten Anforderungen<DL Font="normal" Type="arabic"><DT>a)</DT><DD Font="normal"><LA Size="normal">Bleche, Rohre und Drähte trennen</LA></DD><DT>b)</DT><DD Font="normal"><LA Size="normal">Werkstücke plan und winklig feilen</LA></DD><DT>c)</DT><DD Font="normal"><LA Size="normal">Werkstücke form- und paßgenau feilen</LA></DD><DT>d)</DT><DD Font="normal"><LA Size="normal">Werkstücke unter Beachtung von Druck, Geschwindigkeit und Kühlung bohren</LA></DD><DT>e)</DT><DD Font="normal"><LA Size="normal">Werkstücke aus- und formfräsen</LA></DD><DT>f)</DT><DD Font="normal"><LA Size="normal">Innen- und Außengewinde schneiden</LA></DD><DT>g)</DT><DD Font="normal"><LA Size="normal">Bohrungen und Rohre bis zur Paßgenauigkeit aufreiben</LA></DD><DT>h)</DT><DD Font="normal"><LA Size="normal">Stechübungen an Werkstücken aus Edel- und Unedelmetallen ausführen</LA></DD><DT>i)</DT><DD Font="normal"><LA Size="normal">Werkstücke entgraten</LA></DD><DT>k)</DT><DD Font="normal"><LA Size="normal">Flächen und Kanten blankschaben</LA></DD></DL></entry><entry VJ="1" valign="middle">6</entry><entry VJ="1"> </entry><entry VJ="1" nameend="col7" namest="col6"> </entry></row><row><entry VJ="1" align="center" valign="top">12</entry><entry VJ="1">Fügen<BR/>(§ 4 Nr. 12)</entry><entry VJ="1">unter Beachtung von Werkstoffeigenschaften und gestellten Anforderungen<DL Font="normal" Type="arabic"><DT>a)</DT><DD Font="normal"><LA Size="normal">Metalle hart- und weichlöten<DL Font="normal" Type="arabic"><DT>aa)</DT><DD Font="normal"><LA Size="normal">Lötwerkzeuge, Lote und Flußmittel auswählen</LA></DD><DT>bb)</DT><DD Font="normal"><LA Size="normal">Werkstücke und Halbzeuge zum Löten vorbereiten und löten</LA></DD></DL></LA></DD><DT>b)</DT><DD Font="normal"><LA Size="normal">Metalle schweißen</LA></DD><DT>c)</DT><DD Font="normal"><LA Size="normal">Stiftverbindungen anfertigen und verstiften</LA></DD><DT>d)</DT><DD Font="normal"><LA Size="normal">Werkstücke starr und beweglich vernieten</LA></DD><DT>e)</DT><DD Font="normal"><LA Size="normal">Werkstücke verschrauben</LA></DD><DT>f)</DT><DD Font="normal"><LA Size="normal">Teile gleicher oder unterschiedlicher Materialien unter Beachtung der Verarbeitungsbedingungen und -richtlinien kleben</LA></DD></DL></entry><entry VJ="1" valign="middle">7</entry><entry VJ="1"> </entry><entry VJ="1" nameend="col7" namest="col6"> </entry></row><row><entry VJ="1" align="center" morerows="1" valign="top">13</entry><entry VJ="1" morerows="1">Legieren und Schmelzen<BR/>(§ 4 Nr. 13)</entry><entry VJ="1">unter Beachtung der ablaufenden chemischen und physikalischen Vorgänge<DL Font="normal" Type="arabic"><DT>a)</DT><DD Font="normal"><LA Size="normal">Metalle legieren</LA></DD><DT>b)</DT><DD Font="normal"><LA Size="normal">Metalle schmelzen</LA></DD><DT>c)</DT><DD Font="normal"><LA Size="normal">Metalle glühen</LA></DD></DL></entry><entry VJ="1" valign="middle">2</entry><entry VJ="1"> </entry><entry VJ="1" nameend="col7" namest="col6"> </entry></row><row><entry VJ="1"><DL Font="normal" Type="arabic"><DT>d)</DT><DD Font="normal"><LA Size="normal">Metalle tempern</LA></DD></DL></entry><entry VJ="1"> </entry><entry VJ="1" valign="middle">2</entry><entry VJ="1" nameend="col7" namest="col6"> </entry></row><row><entry VJ="1" align="center" morerows="1" valign="top">14</entry><entry VJ="1" morerows="1">Anfertigen von Kleinwerkzeugen<BR/>(§ 4 Nr. 14)</entry><entry VJ="1"><DL Font="normal" Type="arabic"><DT>a)</DT><DD Font="normal"><LA Size="normal">Werkzeugstahl bearbeiten</LA></DD><DT>b)</DT><DD Font="normal"><LA Size="normal">Kleinwerkzeuge härten, anlassen und nachpolieren</LA></DD></DL></entry><entry VJ="1" valign="middle">4</entry><entry VJ="1"> </entry><entry VJ="1" nameend="col7" namest="col6"> </entry></row><row><entry VJ="1"><DL Font="normal" Type="arabic"><DT>c)</DT><DD Font="normal"><LA Size="normal">Schmiede- und Treibwerkzeuge anfertigen</LA></DD></DL></entry><entry VJ="1"> </entry><entry VJ="1" valign="middle">2</entry><entry VJ="1" nameend="col7" namest="col6"> </entry></row><row><entry VJ="1" align="center" valign="top">15</entry><entry VJ="1">Anfertigen von Gußmodellen und Bearbeiten von Gußteilen<BR/>(§ 4 Nr. 15)</entry><entry VJ="1">Gußmodelle anfertigen und bearbeiten, insbesondere unter Beachtung von gestalterischer Absicht sowie von Möglichkeiten und Grenzen der Anwendung des Gußverfahrens und der Nachbearbeitung</entry><entry VJ="1"> </entry><entry VJ="1" valign="middle">2</entry><entry VJ="1" nameend="col7" namest="col6"> </entry></row><row><entry VJ="1" align="center" valign="top">16</entry><entry VJ="1">Anfertigen von Werkstücken mit Funktionsteilen<BR/>(§ 4 Nr. 16)</entry><entry VJ="1">unter Beachtung von gestalterischer Absicht und Funktion<DL Font="normal" Type="arabic"><DT>a)</DT><DD Font="normal"><LA Size="normal">Werkstücke mit Bewegungs- und Verschlußmechaniken anfertigen</LA></DD><DT>b)</DT><DD Font="normal"><LA Size="normal">Werkstücke mit Scharnieren anfertigen</LA></DD><DT>c)</DT><DD Font="normal"><LA Size="normal">Geräte mit paßgenauen Deckeln und Dosenverschlüsse anfertigen</LA></DD><DT>d)</DT><DD Font="normal"><LA Size="normal">Gefäße mit Griffen anfertigen</LA></DD></DL></entry><entry VJ="1"> </entry><entry VJ="1" valign="middle">8</entry><entry VJ="1" nameend="col7" namest="col6"> </entry></row><row><entry VJ="1" align="center" morerows="1" valign="top">17</entry><entry VJ="1" morerows="1">Anfertigen und Montieren von Zargen und Fassungen<BR/>(§ 4 Nr. 17)</entry><entry VJ="1"><DL Font="normal" Type="arabic"><DT>a)</DT><DD Font="normal"><LA Size="normal">Zargen aus Abwicklungen anfertigen und montieren, insbesondere unter Beachtung von gestalterischer Absicht</LA></DD></DL></entry><entry VJ="1" valign="middle">4</entry><entry VJ="1"> </entry><entry VJ="1" nameend="col7" namest="col6"> </entry></row><row><entry VJ="1"><DL Font="normal" Type="arabic"><DT>b)</DT><DD Font="normal"><LA Size="normal">Fassungen anfertigen und andrücken, insbesondere unter Beachtung der gestalterischen Absicht und Funktion</LA></DD></DL></entry><entry VJ="1"> </entry><entry VJ="1" valign="middle">2</entry><entry VJ="1" nameend="col7" namest="col6"> </entry></row><row><entry VJ="1" align="center" morerows="1" valign="top">18</entry><entry VJ="1" morerows="1">Erkennen, Zuordnen und Handhaben von Edelsteinen und von organischen Stoffen<BR/>(§ 4 Nr. 18)</entry><entry VJ="1">unter Beachtung der Eigenschaften von Edelsteinen und organischen Stoffen<DL Font="normal" Type="arabic"><DT>a)</DT><DD Font="normal"><LA Size="normal">Edelsteine und organische Stoffe erkennen, zuordnen und handhaben</LA></DD></DL></entry><entry VJ="1"> </entry><entry VJ="1" valign="middle">2</entry><entry VJ="1" nameend="col7" namest="col6"> </entry></row><row><entry VJ="1"><DL Font="normal" Type="arabic"><DT>b)</DT><DD Font="normal"><LA Size="normal">Wertverhältnisse von Edelsteinen und organischen Stoffen sowie Sorgfaltspflichten beim Umgang mit diesen Stoffen beachten</LA></DD></DL></entry><entry VJ="1"> </entry><entry VJ="1"> </entry><entry VJ="1" nameend="col7" namest="col6" valign="middle">2</entry></row><row><entry VJ="1" align="center" morerows="1" valign="top">19</entry><entry VJ="1" morerows="1">Planen und Anfertigen von komplettem Schmuck und Gerät<BR/>(§ 4 Nr. 19)</entry><entry VJ="1"><DL Font="normal" Type="arabic"><DT>a)</DT><DD Font="normal"><LA Size="normal">selbständig nach eigenen Entwürfen Schmuck und Gerät planen</LA></DD></DL></entry><entry VJ="1"> </entry><entry VJ="1" valign="middle">2</entry><entry VJ="1" nameend="col7" namest="col6"> </entry></row><row><entry VJ="1"><DL Font="normal" Type="arabic"><DT>b)</DT><DD Font="normal"><LA Size="normal">unter Beachtung von Gestaltungsprinzipien anfertigen, vergüten und finieren</LA></DD></DL></entry><entry VJ="1"> </entry><entry VJ="1"> </entry><entry VJ="1" nameend="col7" namest="col6" valign="middle">10</entry></row><row><entry VJ="1" align="center" morerows="2" valign="top">20</entry><entry VJ="1" morerows="2">Behandeln und Gestalten von Oberflächen<BR/>(§ 4 Nr. 20)</entry><entry VJ="1"><DL Font="normal" Type="arabic"><DT>a)</DT><DD Font="normal"><LA Size="normal">unter Beachtung der Schleif- und Poliereigenschaften von Werkstoffen sowie Schleif- und Poliermittel in manuellen und maschinellen Verfahren<DL Font="normal" Type="arabic"><DT>aa)</DT><DD Font="normal"><LA Size="normal">Oberflächen durch Bürsten verdichten und strukturieren</LA></DD><DT>bb)</DT><DD Font="normal"><LA Size="normal">Flächen abziehen</LA></DD><DT>cc)</DT><DD Font="normal"><LA Size="normal">Werkstücke bis zur Polierfähigkeit schmirgeln</LA></DD><DT>dd)</DT><DD Font="normal"><LA Size="normal">schleifen und polieren</LA></DD><DT>ee)</DT><DD Font="normal"><LA Size="normal">mattieren</LA></DD></DL></LA></DD></DL></entry><entry VJ="1" valign="middle">4</entry><entry VJ="1"> </entry><entry VJ="1" nameend="col7" namest="col6"> </entry></row><row><entry VJ="1"><DL Font="normal" Type="arabic"><DT>b)</DT><DD Font="normal"><LA Size="normal">unter Beachtung von Umwelt- und Gesundheitsschutzvorschriften<DL Font="normal" Type="arabic"><DT>aa)</DT><DD Font="normal"><LA Size="normal">galvanische Überzüge herstellen</LA></DD></DL></LA></DD></DL></entry><entry VJ="1"> </entry><entry VJ="1" valign="middle">2</entry><entry VJ="1" nameend="col7" namest="col6"> </entry></row><row><entry VJ="1"><DL Font="normal" Type="arabic"><DT> </DT><DD Font="normal"><LA Size="normal"><DL Font="normal" Type="arabic"><DT>bb)</DT><DD Font="normal"><LA Size="normal">Metalle mit chemischen Hilfsmitteln färben</LA></DD></DL></LA></DD><DT>c)</DT><DD Font="normal"><LA Size="normal">unter Beachtung von gestalterischer Absicht flächengestaltende Techniken ausführen, insbesondere Flächen durch spanlose und spanabhebende Bearbeitung gestalten</LA></DD></DL></entry><entry VJ="1"> </entry><entry VJ="1"> </entry><entry VJ="1" nameend="col7" namest="col6" valign="middle">4</entry></row><row><entry VJ="1" align="center" valign="top">21</entry><entry VJ="1">Aufarbeiten, Reparieren und Umarbeiten von Schmuck und Gerät<BR/>(§ 4 Nr. 21)</entry><entry VJ="1">Schmuck und Gerät unter Beachtung von Möglichkeiten und Grenzen aufarbeiten, reparieren und umarbeiten</entry><entry VJ="1"> </entry><entry VJ="1"> </entry><entry VJ="1" nameend="col7" namest="col6" valign="middle">8</entry></row><row rowsep="0"><entry VJ="1" align="left" nameend="col7" namest="col1" valign="top"> </entry></row><row><entry VJ="1" align="left" nameend="col7" namest="col1"><SP>A. Schwerpunkt Metall</SP></entry></row><row><entry VJ="1" align="center" valign="top">1</entry><entry VJ="1">Gestalten und Darstellen von Schmuck und Gerät<BR/>(§ 4 Nr. 9)</entry><entry VJ="1"><DL Font="normal" Type="arabic"><DT>a)</DT><DD Font="normal"><LA Size="normal">unter Beachtung allgemeiner und spezieller Gestaltungsprinzipien Modelle zur Formenklärung anfertigen</LA></DD><DT>b)</DT><DD Font="normal"><LA Size="normal">auf der Basis von Modellen und bemaßten Zeichnungen Volumenberechnungen durchführen sowie vorgegebene Volumina bei der Gestaltung von Gefäßen beachten</LA></DD><DT>c)</DT><DD Font="normal"><LA Size="normal">Entwürfe unter Einbeziehung flächengestaltender Techniken anfertigen, insbesondere für Gravier-, Niellier- und Tauschiertechniken</LA></DD></DL></entry><entry VJ="1"> </entry><entry VJ="1"> </entry><entry VJ="1" nameend="col7" namest="col6" valign="middle">6</entry></row><row><entry VJ="1" align="center" valign="top">2</entry><entry VJ="1">Umformen von Metallen<BR/>(§ 4 Nr. 10)</entry><entry VJ="1">unter Beachtung von gestalterischer Absicht<DL Font="normal" Type="arabic"><DT>a)</DT><DD Font="normal"><LA Size="normal">einteilige Kerne anfertigen</LA></DD><DT>b)</DT><DD Font="normal"><LA Size="normal">Körper drücken und Ränder umbördeln</LA></DD></DL></entry><entry VJ="1"> </entry><entry VJ="1"> </entry><entry VJ="1" nameend="col7" namest="col6" valign="middle">2</entry></row><row><entry VJ="1" align="center" valign="top">3</entry><entry VJ="1">Anfertigen von Werkstücken mit Funktionsteilen<BR/>(§ 4 Nr. 16)</entry><entry VJ="1">unter Beachtung von Funktion und gestalterischer Absicht<DL Font="normal" Type="arabic"><DT>a)</DT><DD Font="normal"><LA Size="normal">Geräte mit massiven, hohlen und isolierten Griffen anfertigen</LA></DD><DT>b)</DT><DD Font="normal"><LA Size="normal">Geräte mit funktionsfähigen hohlen und angeschlagenen Schnaupen anfertigen</LA></DD></DL></entry><entry VJ="1"> </entry><entry VJ="1"> </entry><entry VJ="1" nameend="col7" namest="col6" valign="middle">10</entry></row><row><entry VJ="1" align="center" valign="top">4</entry><entry VJ="1">Planen und Anfertigen von komplettem Schmuck und Gerät<BR/>(§ 4 Nr. 19)</entry><entry VJ="1">unter Beachtung der gestalterischen Absicht selbständig profanes und sakrales Gerät anfertigen, insbesondere Becher, Kannen, Kelche, Schalen und Tischgerät</entry><entry VJ="1"> </entry><entry VJ="1"> </entry><entry VJ="1" nameend="col7" namest="col6" valign="middle">16</entry></row><row><entry VJ="1" align="center" valign="top">5</entry><entry VJ="1">Behandeln und Gestalten von Oberflächen<BR/>(§ 4 Nr. 20)</entry><entry VJ="1">Flächen unter Beachtung von gestalterischer Absicht durch Auflöten von Metallteilen gestalten</entry><entry VJ="1"> </entry><entry VJ="1"> </entry><entry VJ="1" nameend="col7" namest="col6" valign="middle">6</entry></row><row rowsep="0"><entry VJ="1" align="left" nameend="col7" namest="col1" valign="top"> </entry></row><row><entry VJ="1" align="left" nameend="col7" namest="col1"><SP>B. Schwerpunkt Email</SP></entry></row><row><entry VJ="1" align="center" valign="top">1</entry><entry VJ="1">Auswählen, Vorbereiten, Handhaben und Lagern von Werk- und Hilfsstoffen<BR/>(§ 4 Nr. 6)</entry><entry VJ="1">unter Beachtung der gestalterischen Absicht und der Eigenschaften von Email<DL Font="normal" Type="arabic"><DT>a)</DT><DD Font="normal"><LA Size="normal">Haftmittel vorbereiten und handhaben</LA></DD><DT>b)</DT><DD Font="normal"><LA Size="normal">Email auswählen und vorbereiten sowie auf metallische Untergründe aufbringen</LA></DD><DT>c)</DT><DD Font="normal"><LA Size="normal">Metalluntergründe mit selbst aufgebrachtem transparenten, opaken und opalen Email nach selbstfestgelegten Temperaturen brennen</LA></DD></DL></entry><entry VJ="1"> </entry><entry VJ="1"> </entry><entry VJ="1" nameend="col7" namest="col6" valign="middle">4</entry></row><row><entry VJ="1" align="center" valign="top">2</entry><entry VJ="1">Gestalten und Darstellen von Schmuck und Gerät<BR/>(§ 4 Nr. 9)</entry><entry VJ="1">Emailarbeiten unter Beachtung von historischer und zeitgemäßer Formensprache gestalten, insbesondere unter Einbeziehung von Motiven für Zellen- und Grubenschmelz, Fensteremail, Drucktechniken sowie malerischen Betrag- und Maltechniken</entry><entry VJ="1"> </entry><entry VJ="1"> </entry><entry VJ="1" nameend="col7" namest="col6" valign="middle">4</entry></row><row><entry VJ="1" align="center" valign="top">3</entry><entry VJ="1">Planen und Anfertigen von komplettem Schmuck und Gerät<BR/>(§ 4 Nr. 19)</entry><entry VJ="1">unter Beachtung von gestalterischer Absicht selbständig Emailgefäße, -schmuck, -wandschmuck und -objekte anfertigen</entry><entry VJ="1"> </entry><entry VJ="1"> </entry><entry VJ="1" nameend="col7" namest="col6" valign="middle">10</entry></row><row><entry VJ="1" align="center" morerows="2" valign="top">4</entry><entry VJ="1" morerows="2">Behandeln und Gestalten von Oberflächen<BR/>(§ 4 Nr. 20)</entry><entry VJ="1">unter Beachtung von gestalterischer Absicht<DL Font="normal" Type="arabic"><DT>a)</DT><DD Font="normal"><LA Size="normal">Platten- und Körperemailanfertigen<DL Font="normal" Type="arabic"><DT>aa)</DT><DD Font="normal"><LA Size="normal">Siebtechniken ausführen</LA></DD><DT>bb)</DT><DD Font="normal"><LA Size="normal">mit selbstangefertigten Schablonen Schablonen-techniken ausführen</LA></DD><DT>cc)</DT><DD Font="normal"><LA Size="normal">Betragtechniken ausführen</LA></DD><DT>dd)</DT><DD Font="normal"><LA Size="normal">Metallfolien einbrennen und darüberliegende Emailschichten auftragen und brennen</LA></DD></DL></LA></DD><DT>b)</DT><DD Font="normal"><LA Size="normal">Grubenschmelz auf geätzten, ziselierten und gemeißelten Metalluntergründen anfertigen</LA></DD></DL></entry><entry VJ="1"> </entry><entry VJ="1"> </entry><entry VJ="1" nameend="col7" namest="col6" valign="middle">8</entry></row><row><entry VJ="1"><DL Font="normal" Type="arabic"><DT>c)</DT><DD Font="normal"><LA Size="normal">Zellenschmelz anfertigen<DL Font="normal" Type="arabic"><DT>aa)</DT><DD Font="normal"><LA Size="normal">selbstgebogene Zellen in Grundemail einbrennen</LA></DD><DT>bb)</DT><DD Font="normal"><LA Size="normal">selbstgebogene Zellen auf Metalluntergründe aufschweißen und auflöten</LA></DD><DT>cc)</DT><DD Font="normal"><LA Size="normal">Zellenschmelz mit muldigen und ebenen Oberflächenanfertigen</LA></DD></DL></LA></DD></DL></entry><entry VJ="1"> </entry><entry VJ="1"> </entry><entry VJ="1" nameend="col7" namest="col6" valign="middle">6</entry></row><row><entry VJ="1"><DL Font="normal" Type="arabic"><DT>d)</DT><DD Font="normal"><LA Size="normal">Fensteremail anfertigen<DL Font="normal" Type="arabic"><DT>aa)</DT><DD Font="normal"><LA Size="normal">selbstangefertigte Metall-teile emaillieren</LA></DD><DT>bb)</DT><DD Font="normal"><LA Size="normal">Metallunterbau mechanisch und chemisch entfernen</LA></DD></DL></LA></DD><DT>e)</DT><DD Font="normal"><LA Size="normal">Drucktechniken mitselbstangefertigten Siebdruckschablonen ausführen, insbesondere Konturen- und Flächendruck</LA></DD><DT>f)</DT><DD Font="normal"><LA Size="normal">malerische Betrag- und Maltechniken ausführen</LA></DD><DT>g)</DT><DD Font="normal"><LA Size="normal">emaillierte Stücke abschließend bearbeiten</LA></DD></DL></entry><entry VJ="1"> </entry><entry VJ="1"> </entry><entry VJ="1" nameend="col7" namest="col6" valign="middle">8</entry></row></tbody></tgroup></table></P></Content></text></textdaten></norm>
</dokumente>