<?xml version="1.0" encoding="UTF-8" ?><!DOCTYPE dokumente SYSTEM "http://www.gesetze-im-internet.de/dtd/1.01/gii-norm.dtd">
<dokumente builddate="20220429213007" doknr="BJNR067900022"><norm builddate="20220429213007" doknr="BJNR067900022"><metadaten><jurabk>StiftEinsatzMedBWErl 2022</jurabk><ausfertigung-datum manuell="ja">2022-01-27</ausfertigung-datum><fundstelle typ="amtlich"><periodikum>BGBl I</periodikum><zitstelle>2022, 679</zitstelle></fundstelle><langue>Erlass über die Stiftung der Einsatzmedaille der Bundeswehr vom 27. Januar 2022</langue></metadaten><textdaten><fussnoten><Content><P><BR/> <pre xml:space="preserve">(+++ Textnachweis ab: 30.4.2022 +++)<BR/>(+++ Text des Genehmigungserlasses siehe: OrdensErl7NeufGenErl 2022 +++)<BR/><BR/></pre></P></Content></fussnoten></textdaten></norm>
<norm builddate="20220429213007" doknr="BJNR067900022BJNE000100000"><metadaten><jurabk>StiftEinsatzMedBWErl 2022</jurabk><enbez>Art 1</enbez><titel format="XML">Stiftung</titel></metadaten><textdaten><text format="XML"><Content><P>Als sichtbares Zeichen für die Teilnahme an Einsätzen oder besonderen Verwendungen im Ausland im Rahmen humanitärer, friedenserhaltender oder friedensschaffender Maßnahmen stifte ich für Soldatinnen und Soldaten sowie für zivile Mitarbeiterinnen und Mitarbeiter der Bundeswehr die Einsatzmedaille der Bundeswehr.</P><P/></Content></text></textdaten></norm>
<norm builddate="20220429213007" doknr="BJNR067900022BJNE000200000"><metadaten><jurabk>StiftEinsatzMedBWErl 2022</jurabk><enbez>Art 2</enbez><titel format="XML">Gestaltung</titel></metadaten><textdaten><text format="XML"><Content><P>(1) Die Einsatzmedaille der Bundeswehr ist rund und aus bronze-, silber- oder goldfarbenem Metall. Sie trägt auf der Vorderseite den Bundesadler, die Rückseite ist glatt. Der Rand der Medaille und der Adler sind erhaben geprägt. Das schwarz-rot-goldene Medaillenband ist mit einer Spange zur Kennzeichnung des Einsatzes oder der besonderen Verwendung versehen. Die Spange ist entsprechend der Medaille aus bronze-, silber- oder goldfarbenem Metall.</P><P>(2) Für die Gestaltung der Einsatzmedaille der weiteren Stufe „Gefecht“ gilt Absatz 1 mit folgenden Maßgaben entsprechend: <DL Font="normal" Type="arabic"><DT>1.</DT><DD Font="normal"><LA Size="normal">Die Medaille ist aus goldfarbenem Metall und hat einen schwarz-roten Rand.</LA></DD><DT>2.</DT><DD Font="normal"><LA Size="normal">Der Bundesadler auf der Vorderseite der Medaille ist schwarz emailliert.</LA></DD><DT>3.</DT><DD Font="normal"><LA Size="normal">Die goldfarbene Spange trägt in schwarzer Schrift die Bezeichnung „Gefecht“.</LA></DD></DL></P><P>(3) Die Einsatzmedaille der Bundeswehr und die Einsatzmedaille der Stufe „Gefecht“ können in verkleinerter Form und als Bandsteg in den Farben des Medaillenbandes mit aufgesetzter verkleinerter Spange getragen werden.</P><P>(4) Die Einsatzmedaille nach Absatz 1 wird nur in der höchsten für den jeweiligen Einsatz oder die jeweilige besondere Verwendung zuerkannten Stufe getragen. Die Einsatzmedaille der Stufe „Gefecht“ nach Absatz 2 darf neben der Einsatzmedaille nach Absatz 1 getragen werden.</P></Content></text></textdaten></norm>
<norm builddate="20220429213007" doknr="BJNR067900022BJNE000300000"><metadaten><jurabk>StiftEinsatzMedBWErl 2022</jurabk><enbez>Art 3</enbez><titel format="XML">Verleihung</titel></metadaten><textdaten><text format="XML"><Content><P>(1) Voraussetzung für die Verleihung der Einsatzmedaille der Bundeswehr nach Artikel 2 Absatz 1 sind folgende Dienstzeiten im Rahmen der in Artikel 1 genannten Einsätze oder besonderen Verwendungen: <DL Font="normal" Type="arabic"><DT>1.</DT><DD Font="normal"><LA Size="normal">für die Einsatzmedaille in Bronze mindestens 30 Tage,</LA></DD><DT>2.</DT><DD Font="normal"><LA Size="normal">für die Einsatzmedaille in Silber mindestens 360 Tage und</LA></DD><DT>3.</DT><DD Font="normal"><LA Size="normal">für die Einsatzmedaille in Gold mindestens 690 Tage.</LA></DD></DL>Berücksichtigt werden nur Dienstzeiten nach dem 31. Oktober 1991. Der Dienst muss nicht zusammenhängend geleistet worden sein. Die Verleihung an Personen, die die zeitlichen Voraussetzungen nicht erfüllen, ist in besonderen Ausnahmefällen im Einvernehmen mit der Chefin oder dem Chef des Bundespräsidialamtes möglich.</P><P>(2) Für die Verleihung der Einsatzmedaille der Stufe „Gefecht“ nach Artikel 2 Absatz 2 gelten folgende Maßgaben: <DL Font="normal" Type="arabic"><DT>1.</DT><DD Font="normal"><LA Size="normal">Die auszuzeichnende Person hat mindestens einmal aktiv an Gefechtshandlungen teilgenommen oder unter hoher persönlicher Gefährdung terroristische oder militärische Gewalt erlitten.</LA></DD><DT>2.</DT><DD Font="normal"><LA Size="normal">Die Dienstzeiten nach Absatz 1 Satz 1 müssen für die Verleihung der Einsatzmedaille der Stufe „Gefecht“ nicht erfüllt sein.</LA></DD><DT>3.</DT><DD Font="normal"><LA Size="normal">Die Einsatzmedaille der Stufe „Gefecht“ wird nur einmal verliehen.</LA></DD></DL></P><P>(3) Für die Auszeichnung vorbestrafter Personen gelten die Ausführungsbestimmungen zum Statut des Verdienstordens der Bundesrepublik Deutschland in der Fassung der Bekanntmachung vom 5. September 1983 (GMBl 1983 S. 389) entsprechend. Bei Pflichtverletzungen während der Einsätze oder der besonderen Verwendungen kann die Verleihung ausgeschlossen werden.</P><P>(4) Die Einsatzmedaillen gehen in das Eigentum der Beliehenen über.</P><P>(5) Die Beliehenen erhalten eine Verleihungsurkunde mit der Unterschrift der Bundesministerin oder des Bundesministers der Verteidigung; die Verleihungsurkunde trägt das kleine Bundessiegel.</P><P>(6) Die Einsatzmedaille kann auch nach dem Tod verliehen werden.</P><P>(7) Die Bundesministerin oder der Bundesminister der Verteidigung bestimmt die für die Aushändigung zuständige Stelle.</P></Content></text></textdaten></norm>
<norm builddate="20220429213007" doknr="BJNR067900022BJNE000400000"><metadaten><jurabk>StiftEinsatzMedBWErl 2022</jurabk><enbez>Art 4</enbez><titel format="XML">Ausnahmeregelung</titel></metadaten><textdaten><text format="XML"><Content><P>Die Einsatzmedaille kann in Ausnahmefällen Angehörigen ausländischer Streitkräfte verliehen werden, wenn sie sich im Rahmen der in Artikel 1 genannten Einsätze oder besonderen Verwendungen besondere Verdienste um die Bundeswehr erworben haben. Einzelheiten regeln die Verfahrenshinweise des Bundesministeriums der Verteidigung. Die Verleihung ist nur im Einvernehmen mit der Bundesministerin oder dem Bundesminister des Auswärtigen zulässig.</P></Content></text></textdaten></norm>
<norm builddate="20220429213007" doknr="BJNR067900022BJNE000500000"><metadaten><jurabk>StiftEinsatzMedBWErl 2022</jurabk><enbez>Art 5</enbez><titel format="XML">Inkrafttreten, Außerkrafttreten</titel></metadaten><textdaten><text format="XML"><Content><P>Dieser Erlass tritt am Tag nach der Verkündung in Kraft. Gleichzeitig tritt der Erlass über die Stiftung der Einsatzmedaille der Bundeswehr vom 9. November 2010 (BAnz. S. 3910) außer Kraft.</P></Content></text></textdaten></norm>
<norm builddate="20220429213007" doknr="BJNR067900022BJNE000600000"><metadaten><jurabk>StiftEinsatzMedBWErl 2022</jurabk><enbez>Schlussformel</enbez></metadaten><textdaten><text format="XML"><Content><P><SP>Die Bundesministerin der Verteidigung</SP></P></Content></text></textdaten></norm>
</dokumente>