<?xml version="1.0" encoding="UTF-8" ?><!DOCTYPE dokumente SYSTEM "http://www.gesetze-im-internet.de/dtd/1.01/gii-norm.dtd">
<dokumente builddate="20130405130946" doknr="BJNR102500000"><norm builddate="20130405130946" doknr="BJNR102500000"><metadaten><jurabk>EBPV</jurabk><amtabk>EBPV</amtabk><ausfertigung-datum manuell="ja">2000-07-07</ausfertigung-datum><fundstelle typ="amtlich"><periodikum>BGBl I</periodikum><zitstelle>2000, 1023, 1025</zitstelle></fundstelle><kurzue>Eisenbahnbetriebsleiter-Prüfungsverordnung</kurzue><langue>Verordnung über die Prüfung zum Betriebsleiter für Eisenbahnen</langue><standangabe checked="ja"><standtyp>Stand</standtyp><standkommentar>Zuletzt geändert durch Art. 1 V v. 9.5.2011 I 810</standkommentar></standangabe></metadaten><textdaten><fussnoten><Content><P>(+++ Textnachweis ab: 1.2.2001 +++)</P><P><BR/> Die V wurde als Artikel 2 d. V v. 7.7.2000 I 1023 (EBtrV) vom Bundesministerium für Verkehr, Bau- und Wohnungswesen im Einvernehmen mit dem Bundesministerium für Bildung und Forschung mit Zustimmung des Bundesrates erlassen. Sie tritt gem. Art. 4 dieser V am 1.2.2001 in Kraft.</P></Content></fussnoten></textdaten></norm>
<norm builddate="20130405130946" doknr="BJNR102500000BJNG000100310"><metadaten><jurabk>EBPV</jurabk><gliederungseinheit><gliederungskennzahl>010</gliederungskennzahl><gliederungsbez>Abschnitt 1</gliederungsbez><gliederungstitel>Prüfungsausschuss, Prüfungskommission</gliederungstitel></gliederungseinheit></metadaten><textdaten><text format="XML"><Content><P/></Content></text></textdaten></norm>
<norm builddate="20130405130946" doknr="BJNR102500000BJNE000700310"><metadaten><jurabk>EBPV</jurabk><enbez>§ 1</enbez><titel format="parat">Errichtung</titel></metadaten><textdaten><text format="XML"><Content><P>(1) Für die Abnahme der Prüfung zum Betriebsleiter für Eisenbahnen errichtet die zuständige Aufsichtsbehörde einen Prüfungsausschuss.</P><P>(2) Für den Bereich mehrerer Länder kann durch Vereinbarung ein gemeinsamer Prüfungsausschuss errichtet werden.</P></Content> </text></textdaten></norm>
<norm builddate="20130405130946" doknr="BJNR102500000BJNE000801308"><metadaten><jurabk>EBPV</jurabk><enbez>§ 2</enbez><titel format="XML">Zusammensetzung und Berufung des Prüfungsausschusses</titel></metadaten><textdaten><text format="XML"><Content><P>(1) Der Prüfungsausschuss besteht aus dem Vorsitzenden sowie weiteren Mitgliedern.</P><P>(2) Die zuständige Aufsichtsbehörde bestimmt seine Mitglieder sowie aus deren Kreis den Vorsitzenden. Der Vorsitzende muss sein: <DL Font="normal" Type="arabic"><DT>1.</DT><DD Font="normal"><LA Size="normal">Beamter des höheren technischen Verwaltungsdienstes oder vergleichbarer Tarifbeschäftigter,</LA></DD><DT>2.</DT><DD Font="normal"><LA Size="normal">Beamter des höheren allgemeinen Verwaltungsdienstes mit der Befähigung zum Richteramt oder vergleichbarer Tarifbeschäftigter,</LA></DD><DT>3.</DT><DD Font="normal"><LA Size="normal">Diplomjurist im höheren Dienst oder</LA></DD><DT>4.</DT><DD Font="normal"><LA Size="normal">bestätigter Eisenbahnbetriebsleiter.</LA></DD></DL>Die Mitglieder werden jeweils für ein oder mehrere Prüfungsfächer berufen. Sie müssen im jeweiligen Prüfungsgebiet sachkundig und für die Mitwirkung im Prüfungswesen geeignet sein.</P><P>(3) Die zuständige Aufsichtsbehörde bestimmt darüber hinaus einen ersten und weitere Stellvertreter des Vorsitzenden. Der erste Stellvertreter vertritt den Vorsitzenden, wenn dieser verhindert ist. Ein weiterer Stellvertreter vertritt den Vorsitzenden, wenn der erste Stellvertreter in der Vertretung verhindert ist. Sind sowohl der Vorsitzende als auch seine Stellvertreter verhindert, bestimmt die zuständige Aufsichtsbehörde zur Gewährleistung der Durchführung der Prüfungen einen weiteren Stellvertreter.</P><P>(4) Die Mitglieder werden jeweils für drei Jahre berufen. Wiederberufungen sind zulässig.</P><P>(5) Ist ein Prüfungsausschuss nach § 1 Absatz 2 für den Bereich mehrerer Länder errichtet worden, nimmt die von den Ländern bestimmte Stelle die Befugnisse der zuständigen Aufsichtsbehörde wahr.</P><P>(6) Der Vorsitzende kann Aufgaben auf den Prüfungsleiter nach § 14 Absatz 2 übertragen.</P></Content></text><fussnoten/></textdaten></norm>
<norm builddate="20130405130946" doknr="BJNR102500000BJNE000900310"><metadaten><jurabk>EBPV</jurabk><enbez>§ 3</enbez><titel format="parat">Ausschluss und Befangenheit</titel></metadaten><textdaten><text format="XML"><Content><P>(1) Bei der Prüfung darf nicht mitwirken, wer Vorgesetzter eines Prüfungsbewerbers oder im selben Unternehmen oder in derselben Behörde wie dieser tätig ist.</P><P>(2) Wenn sich während der Prüfung ergibt, dass infolge des Ausschlusses nach Absatz 1 eine ordnungsgemäße Besetzung der Prüfungskommission nicht möglich ist, ist die Prüfung zunächst abzubrechen. Über die Fortsetzung oder erneute Anberaumung der Prüfung beschließt die Prüfungskommission mit den Stimmen der nicht befangenen Mitglieder.</P></Content> </text></textdaten></norm>
<norm builddate="20130405130946" doknr="BJNR102500000BJNE001001308"><metadaten><jurabk>EBPV</jurabk><enbez>§ 4</enbez><titel format="XML">(weggefallen)</titel></metadaten><textdaten><text format="XML"><Content><P/></Content></text><fussnoten/></textdaten></norm>
<norm builddate="20130405130946" doknr="BJNR102500000BJNE001100310"><metadaten><jurabk>EBPV</jurabk><enbez>§ 5</enbez><titel format="parat">Geschäftsführung</titel></metadaten><textdaten><text format="XML"><Content><P>Die zuständige Aufsichtsbehörde nimmt im Benehmen mit dem Prüfungsausschuss dessen Geschäftsführung wahr. Ist ein Prüfungsausschuss nach § 1 Abs. 2 für den Bereich mehrerer Länder errichtet worden, so nimmt die von den Ländern bestimmte Stelle die Geschäftsführung wahr.</P></Content></text></textdaten></norm>
<norm builddate="20130405130946" doknr="BJNR102500000BJNE001201308"><metadaten><jurabk>EBPV</jurabk><enbez>§ 6</enbez><titel format="XML">Verschwiegenheit</titel></metadaten><textdaten><text format="XML"><Content><P>Die Mitglieder des Prüfungsausschusses haben über die Prüfungsvorgänge gegenüber Dritten Stillschweigen zu wahren. Ausnahmen bedürfen der Einwilligung der zuständigen Aufsichtsbehörde.</P></Content></text><fussnoten/></textdaten></norm>
<norm builddate="20130405130946" doknr="BJNR102500000BJNG000200310"><metadaten><jurabk>EBPV</jurabk><gliederungseinheit><gliederungskennzahl>020</gliederungskennzahl><gliederungsbez>Abschnitt 2</gliederungsbez><gliederungstitel>Zulassung zur Prüfung</gliederungstitel></gliederungseinheit></metadaten><textdaten><text format="XML"><Content><P/></Content></text></textdaten></norm>
<norm builddate="20130405130946" doknr="BJNR102500000BJNE001300310"><metadaten><jurabk>EBPV</jurabk><enbez>§ 7</enbez><titel format="parat">Zulassungsvoraussetzungen</titel></metadaten><textdaten><text format="XML"><Content><P>Zur Prüfung wird auf eigenen Antrag zugelassen, wer <DL Font="normal" Type="arabic"><DT>1.</DT><DD Font="normal"><LA Size="normal">ein Studium des Bauingenieurwesens, des Maschinenbaus, der Elektrotechnik, einer diesen verwandten Ingenieurwissenschaft oder einer Ingenieurwissenschaft des Verkehrswesens an<DL Font="normal" Type="arabic"><DT>a)</DT><DD Font="normal"><LA Size="normal">einer deutschen wissenschaftlichen Hochschule,</LA></DD> <DT>b)</DT><DD Font="normal"><LA Size="normal">einer deutschen staatlichen oder staatlich anerkannten Fachhochschule oder</LA></DD> <DT>c)</DT><DD Font="normal"><LA Size="normal">einer von der zuständigen Stelle des Landes als gleichwertig anerkannten ausländischen Hochschule</LA></DD> </DL></LA><LA Size="normal">erfolgreich abgeschlossen hat und</LA></DD>  <DT>2.</DT><DD Font="normal"><LA Size="normal">mindestens drei Jahre bei Eisenbahnen als Ingenieur für den Bau oder den Betrieb der Eisenbahn tätig gewesen ist; Tätigkeiten bei anderen Stellen als Ingenieur in einem Fachbereich, zu dem in erheblichem Umfang die Planung, der Bau, der Betrieb oder die Überwachung spurgebundener Bahnen gehören; können bis zu einem Jahr angerechnet werden, oder</LA></DD> <DT>3.</DT><DD Font="normal"><LA Size="normal">nach § 3 Abs. 1 Nr. 2 Buchstabe c der Eisenbahnbetriebsleiterverordnung vom 7. Juli 2000 (BGBl. I S. 1023) mindestens drei Jahre als bestätigter Straßenbahn-Betriebsleiter tätig gewesen ist.</LA></DD> </DL></P></Content></text></textdaten></norm>
<norm builddate="20130405130946" doknr="BJNR102500000BJNE001401308"><metadaten><jurabk>EBPV</jurabk><enbez>§ 8</enbez><titel format="XML">Anmeldung zur Prüfung</titel></metadaten><textdaten><text format="XML"><Content><P>(1) Der Antrag auf Zulassung zur Prüfung ist vom Bewerber an die für die Eisenbahn, bei der er zum Zeitpunkt der Antragstellung beschäftigt ist, zuständige Aufsichtsbehörde zu richten. Sind für verschiedene Unternehmensbereiche der Eisenbahn unterschiedliche Aufsichtsbehörden zuständig, so genügt die Antragstellung bei einer der zuständigen Aufsichtsbehörden. Liegt kein Beschäftigungsverhältnis vor oder soll die Prüfung unabhängig von einem solchen abgelegt werden, ist der Antrag bei der für die Landeseisenbahnaufsicht zuständigen Behörde in dem Land zu stellen, in dem sich der Hauptwohnsitz des Bewerbers befindet.</P><P>(2) Der Prüfungsbewerber hat auf seine Kosten dem Antrag folgende Unterlagen beizufügen: <DL Font="normal" Type="arabic"><DT>1.</DT><DD Font="normal"><LA Size="normal">einen Lebenslauf mit Lichtbild, das nicht älter als ein Jahr ist,</LA></DD><DT>2.</DT><DD Font="normal"><LA Size="normal">beglaubigte Ablichtungen der Zeugnisse über die nach § 7 Nr. 1 erforderliche Ausbildung und</LA></DD><DT>3.</DT><DD Font="normal"><LA Size="normal">Nachweise über seine Tätigkeiten nach § 7 Nr. 2 oder 3.</LA></DD></DL></P></Content></text><fussnoten/></textdaten></norm>
<norm builddate="20130405130946" doknr="BJNR102500000BJNE001500310"><metadaten><jurabk>EBPV</jurabk><enbez>§ 9</enbez><titel format="parat">Entscheidung über die Zulassung</titel></metadaten><textdaten><text format="XML"><Content><P>(1) Über den Antrag auf Zulassung zur Prüfung entscheidet die zuständige Aufsichtsbehörde. Sie kann Ausnahmen von den Voraussetzungen des § 7 zulassen, wenn im Einzelfall entsprechende Kenntnisse und Fertigkeiten auf andere Art nachgewiesen werden.</P><P>(2) Die Entscheidung nach Absatz 1 wird dem Bewerber schriftlich mitgeteilt. In einem Zulassungsbescheid ist anzugeben, vor welchem Prüfungsausschuss die Prüfung abzulegen ist. Eine nach Absatz 1 Satz 2 zugelassene Ausnahme ist gesondert zu begründen. Ein ablehnender Bescheid ist mit einer Rechtsbehelfsbelehrung zu versehen.</P></Content> </text></textdaten></norm>
<norm builddate="20130405130946" doknr="BJNR102500000BJNG000300310"><metadaten><jurabk>EBPV</jurabk><gliederungseinheit><gliederungskennzahl>030</gliederungskennzahl><gliederungsbez>Abschnitt 3</gliederungsbez><gliederungstitel>Durchführung der Prüfung</gliederungstitel></gliederungseinheit></metadaten><textdaten><text format="XML"><Content><P/></Content></text></textdaten></norm>
<norm builddate="20130405130946" doknr="BJNR102500000BJNE001600310"><metadaten><jurabk>EBPV</jurabk><enbez>§ 10</enbez><titel format="parat">Zweck der Prüfung</titel></metadaten><textdaten><text format="XML"><Content><P>(1) In der Prüfung ist festzustellen, ob der Prüfling hinreichende Kenntnisse in allen Prüfungsfächern besitzt und damit geeignet ist, als Betriebsleiter in einer Eisenbahn die Gewähr für eine sichere Betriebsführung zu bieten.</P><P>(2) Die Prüfung soll zeigen, dass der Prüfling über die erforderlichen Kenntnisse auf dem Gebiet der Eisenbahntechnik und des Eisenbahnbetriebes mit ihren rechtlichen und betriebswirtschaftlichen Bezügen verfügt. Prüfungsaufgaben aus dem Bereich der Betriebsleitertätigkeit soll er rasch und sicher erfassen, mit den zugelassenen Hilfsmitteln lösen und das Ergebnis knapp und übersichtlich darstellen.</P></Content> </text></textdaten></norm>
<norm builddate="20130405130946" doknr="BJNR102500000BJNE001701308"><metadaten><jurabk>EBPV</jurabk><enbez>§ 11</enbez><titel format="XML">Prüfungstermine</titel></metadaten><textdaten><text format="XML"><Content><P>(1) Prüfungen sollen mindestens einmal im Jahr durchgeführt werden.</P><P>(2) Der Vorsitzende des Prüfungsausschusses setzt im Einvernehmen mit den Prüfern die Prüfungstermine und -orte fest und gibt diese mindestens einen Monat vor Prüfungsbeginn den zur Prüfung zugelassenen Bewerbern schriftlich bekannt. Dabei unterrichtet er die Prüflinge auch über den Prüfungsablauf, über die jeweils zur Verfügung stehende Zeit sowie über die während der Prüfung zugelassenen Arbeits- und Hilfsmittel. Diese Arbeits- und Hilfsmittel sind von den Prüflingen zur Prüfung mitzubringen.</P></Content></text><fussnoten/></textdaten></norm>
<norm builddate="20130405130946" doknr="BJNR102500000BJNE001802308"><metadaten><jurabk>EBPV</jurabk><enbez>§ 12</enbez><titel format="XML">Gliederung der Prüfung</titel></metadaten><textdaten><text format="XML"><Content><P>(1) Die Prüfung besteht aus einem schriftlichen und einem nachfolgenden mündlichen Teil.</P><P>(2) Die schriftliche Prüfung umfasst je eine Arbeit aus den Fächern <DL Font="normal" Type="arabic"><DT>1.</DT><DD Font="normal"><LA Size="normal">Technik der Betriebsanlagen,</LA></DD><DT>2.</DT><DD Font="normal"><LA Size="normal">Technik der Fahrzeuge und</LA></DD><DT>3.</DT><DD Font="normal"><LA Size="normal">Bahnbetrieb.</LA></DD></DL></P><P>(3) An die Stelle der schriftlichen Arbeiten nach Absatz 2 Nr. 1 und 2 kann eine fachübergreifende Arbeit über die Technik der Betriebsanlagen und Fahrzeuge treten.</P><P>(4) Die mündliche Prüfung umfasst die Fächer nach Absatz 2 sowie das Fach Recht und Betriebswirtschaft.</P><P>(5) Das Fach Technik der Betriebsanlagen erstreckt sich insbesondere auf Fragen über <DL Font="normal" Type="arabic"><DT>1.</DT><DD Font="normal"><LA Size="normal">Trassierungsgrundsätze,</LA></DD><DT>2.</DT><DD Font="normal"><LA Size="normal">Belastbarkeit des Oberbaues und der Bauwerke, Standsicherheit von Bauwerken,</LA></DD><DT>3.</DT><DD Font="normal"><LA Size="normal">Bahnübergänge und Kreuzungen,</LA></DD><DT>4.</DT><DD Font="normal"><LA Size="normal">Zugsicherungs- und Telekommunikationstechnik,</LA></DD><DT>5.</DT><DD Font="normal"><LA Size="normal">Energieversorgung,</LA></DD><DT>6.</DT><DD Font="normal"><LA Size="normal">Instandhaltung von Betriebsanlagen sowie</LA></DD><DT>7.</DT><DD Font="normal"><LA Size="normal">Einrichtung und Sicherung von Baustellen.</LA></DD></DL></P><P>(6) Das Fach Technik der Fahrzeuge erstreckt sich insbesondere auf Fragen über <DL Font="normal" Type="arabic"><DT>1.</DT><DD Font="normal"><LA Size="normal">Fahrzeugarten und Betriebsweisen,</LA></DD><DT>2.</DT><DD Font="normal"><LA Size="normal">Lastannahmen und Bauweise der Fahrzeugkörper,</LA></DD><DT>3.</DT><DD Font="normal"><LA Size="normal">Laufwerke und Spurführung,</LA></DD><DT>4.</DT><DD Font="normal"><LA Size="normal">Antrieb und Bremsen,</LA></DD><DT>5.</DT><DD Font="normal"><LA Size="normal">Begrenzung der Fahrzeuge,</LA></DD><DT>6.</DT><DD Font="normal"><LA Size="normal">Zug- und Stoßeinrichtungen,</LA></DD><DT>7.</DT><DD Font="normal"><LA Size="normal">Sicherheitseinrichtungen,</LA></DD><DT>8.</DT><DD Font="normal"><LA Size="normal">überwachungsbedürftige Anlagen der Fahrzeuge sowie</LA></DD><DT>9.</DT><DD Font="normal"><LA Size="normal">Instandhaltung von Fahrzeugen.</LA></DD></DL></P><P>(7) Das Fach Bahnbetrieb erstreckt sich insbesondere auf Fragen über <DL Font="normal" Type="arabic"><DT>1.</DT><DD Font="normal"><LA Size="normal">Grundsätze des Fahrdienstes,</LA></DD><DT>2.</DT><DD Font="normal"><LA Size="normal">Fahrgeschwindigkeiten, Fahrzeitermittlung, Zugfolge, Streckenleistungsfähigkeit,</LA></DD><DT>3.</DT><DD Font="normal"><LA Size="normal">Fahrpläne,</LA></DD><DT>4.</DT><DD Font="normal"><LA Size="normal">Ausbildung, Prüfung und Überwachung des Betriebspersonals,</LA></DD><DT>5.</DT><DD Font="normal"><LA Size="normal">Einsatz des Betriebspersonals, Dienstplangestaltung,</LA></DD><DT>6.</DT><DD Font="normal"><LA Size="normal">Unfallverhütung, Verhalten bei Unfällen und Betriebsstörungen, Brandschutz, Ladevorschriften und Umgang mit Gefahrgut,</LA></DD><DT>7.</DT><DD Font="normal"><LA Size="normal">Verfahren für die Durchführung von Risikoanalysen und Risikobewertungen,</LA></DD><DT>8.</DT><DD Font="normal"><LA Size="normal">Elemente und Methoden eines Sicherheitsmanagementsystems nach Artikel 9 Abs. 2 und 3 der Richtlinie 2004/49/EG des Europäischen Parlaments und des Rates vom 29. April 2004 über Eisenbahnsicherheit in der Gemeinschaft und zur Änderung der Richtlinie 95/18/EG des Rates über die Erteilung von Genehmigungen an Eisenbahnunternehmen und der Richtlinie 2001/14/EG über die Zuweisung von Fahrwegkapazität der Eisenbahn, die Erhebung von Entgelten für die Nutzung von Eisenbahninfrastruktur und die Sicherheitsbescheinigung (ABl. EU Nr. L 164 S. 44, Nr. L 220 S. 16).</LA></DD></DL></P><P>(8) Das Fach Recht und Betriebswirtschaft erstreckt sich insbesondere auf ausgewählte Fragen mit Bezug zu der Tätigkeit eines Betriebsleiters aus den Gebieten <DL Font="normal" Type="arabic"><DT>1.</DT><DD Font="normal"><LA Size="normal">allgemeines Verwaltungsrecht,</LA></DD><DT>2.</DT><DD Font="normal"><LA Size="normal">Eisenbahnrecht,</LA></DD><DT>3.</DT><DD Font="normal"><LA Size="normal">Immissionsschutz- und Umweltschutzrecht,</LA></DD><DT>4.</DT><DD Font="normal"><LA Size="normal">Arbeits- und Arbeitsschutzrecht,</LA></DD><DT>5.</DT><DD Font="normal"><LA Size="normal">Schadenersatzrecht,</LA></DD><DT>6.</DT><DD Font="normal"><LA Size="normal">Strafrecht und Ordnungswidrigkeitenrecht,</LA></DD><DT>7.</DT><DD Font="normal"><LA Size="normal">Bahnpolizeirecht sowie</LA></DD><DT>8.</DT><DD Font="normal"><LA Size="normal">Grundzüge der Betriebswirtschaft.</LA></DD></DL></P><P>(9) In die Prüfung der Fächer Technik der Betriebsanlagen und der Fahrzeuge sowie des Faches Bahnbetrieb sind die fachübergreifenden Gesichtspunkte der Risikoabwägung und Sicherheitsplanung einzubeziehen.</P></Content></text><fussnoten/></textdaten></norm>
<norm builddate="20130405130946" doknr="BJNR102500000BJNE001901308"><metadaten><jurabk>EBPV</jurabk><enbez>§ 13</enbez><titel format="XML">Schriftliche Prüfung</titel></metadaten><textdaten><text format="XML"><Content><P>(1) Der Vorsitzende des Prüfungsausschusses bestimmt die Prüfungsaufgaben. Die Aufgaben in den Fächern nach § 12 Abs. 2 sind jeweils innerhalb von zwei Stunden von dem Prüfling unter Aufsicht zu bearbeiten. Für eine fachübergreifende Prüfung nach § 12 Abs. 3 ist eine Bearbeitungszeit von vier Stunden vorzusehen.</P><P>(2) Der Aufsichtführende fertigt eine Niederschrift über den Verlauf und etwaige Unregelmäßigkeiten bei der Prüfung.</P><P>(3) Die Aufsichtsarbeiten sind unter einer Kennziffer zu fertigen, deren Zuordnung zu den einzelnen Prüflingen den Fachprüfern erst nach der endgültigen Bewertung aller Aufsichtsarbeiten mitgeteilt werden darf.</P><P>(4) Der Vorsitzende des Prüfungsausschusses bestimmt für jedes Prüfungsfach zwei Mitglieder des Prüfungsausschusses als Fachprüfer, die die Aufsichtsarbeiten durch die Vergabe von Leistungspunkten eigenständig bewerten. Aus den Einzelbewertungen der Fachprüfer bildet der Vorsitzende des Prüfungsausschusses den arithmetischen Mittelwert der Leistungspunkte und daraus die Zwischennote (schriftliche Fachzwischennote).</P><P>(5) Sind alle Aufsichtsarbeiten mit „mangelhaft“ oder schlechter bewertet worden, so ist die Prüfung durch den Vorsitzenden des Prüfungsausschusses als nicht bestanden zu erklären. Die Entscheidung ist dem Prüfling durch die zuständige Aufsichtsbehörde mit einer Rechtsbehelfsbelehrung zuzustellen.</P></Content></text><fussnoten/></textdaten></norm>
<norm builddate="20130405130946" doknr="BJNR102500000BJNE002001308"><metadaten><jurabk>EBPV</jurabk><enbez>§ 14</enbez><titel format="XML">Mündliche Prüfung</titel></metadaten><textdaten><text format="XML"><Content><P>(1) Für die Durchführung der mündlichen Prüfungen richtet der Vorsitzende des Prüfungsausschusses so viele Prüfungskommissionen ein, wie er für die Prüfungsorganisation als zweckmäßig erachtet.</P><P>(2) Der Vorsitzende des Prüfungsausschusses bestimmt aus den Mitgliedern des Prüfungsausschusses die für jede Prüfungskommission erforderlichen Fachprüfer und aus diesen einen Prüfungsleiter, der in der Prüfungskommission den Vorsitz führt.</P><P>(3) Der Prüfungskommission muss für jedes in der mündlichen Prüfung zu prüfende Fachgebiet ein Fachprüfer angehören, mindestens aber vier Fachprüfer. Jeweils einer der Fachprüfer muss sein: <DL Font="normal" Type="arabic"><DT>1.</DT><DD Font="normal"><LA Size="normal">Beamter des technischen Verwaltungsdienstes oder vergleichbarer Tarifbeschäftigter,</LA></DD><DT>2.</DT><DD Font="normal"><LA Size="normal">Beamter des höheren allgemeinen Verwaltungsdienstes mit der Befähigung zum Richteramt, vergleichbarer Tarifbeschäftigter oder ein Diplomjurist im höheren Dienst oder</LA></DD><DT>3.</DT><DD Font="normal"><LA Size="normal">bestätigter Eisenbahnbetriebsleiter.</LA></DD></DL>Ein nicht stimmberechtigter Protokollant unterstützt den Prüfungsleiter bei der ordnungsgemäßen Durchführung der Prüfung.</P><P>(4) In einer Prüfung können gleichzeitig bis zu sechs Prüflinge geprüft werden.</P><P>(5) Die mündliche Prüfung soll für jeden Prüfling in jedem Fach etwa 15 Minuten dauern.</P><P>(6) Die Prüfungskommission bewertet die Prüfungsleistung in jedem Fachgebiet mit einer Zwischennote (mündliche Fachzwischennote). Bei Stimmengleichheit entscheidet der jeweilige Fachprüfer.</P></Content></text><fussnoten/></textdaten></norm>
<norm builddate="20130405130946" doknr="BJNR102500000BJNE002101308"><metadaten><jurabk>EBPV</jurabk><enbez>§ 15</enbez><titel format="XML">Nichtöffentlichkeit</titel></metadaten><textdaten><text format="XML"><Content><P>Die mündliche Prüfung ist nicht öffentlich. Es können aber beauftragte Vertreter der Aufsichtsbehörden, Mitglieder des Prüfungsausschusses, die nicht der Prüfungskommission angehören, sowie Personen, die sich auf eine Betriebsleiterprüfung vorbereiten, als Zuhörer anwesend sein. An der Beratung und Festlegung der Bewertungen in den mündlichen Prüfungsfächern dürfen nur die Mitglieder der Prüfungskommission sowie der Protokollant teilnehmen. Das Prüfungsergebnis wird den Prüflingen unter Ausschluss der Öffentlichkeit bekannt gegeben.</P></Content></text><fussnoten/></textdaten></norm>
<norm builddate="20130405130946" doknr="BJNR102500000BJNE002201308"><metadaten><jurabk>EBPV</jurabk><enbez>§ 16</enbez><titel format="XML">Ausweispflicht und Belehrung</titel></metadaten><textdaten><text format="XML"><Content><P>Die Prüflinge haben sich auf Verlangen des Aufsichtführenden bei der schriftlichen Prüfung und des Prüfungsleiters bei der mündlichen Prüfung auszuweisen. Sie sind vor Beginn eines jeden Teils der Prüfung über die jeweils zur Verfügung stehende Zeit, über die während der Prüfung zugelassenen Arbeits- und Hilfsmittel sowie über die Folgen von Täuschungshandlungen und Ordnungsverstößen zu belehren.</P></Content></text><fussnoten/></textdaten></norm>
<norm builddate="20130405130946" doknr="BJNR102500000BJNE002300310"><metadaten><jurabk>EBPV</jurabk><enbez>§ 17</enbez><titel format="parat">Täuschungshandlungen und Ordnungsverstöße</titel></metadaten><textdaten><text format="XML"><Content><P>Prüflinge, die eine Täuschungshandlung begehen oder versuchen oder den Prüfungsablauf erheblich stören, können von der weiteren Teilnahme an der Prüfung ausgeschlossen werden. Während des schriftlichen Teils der Prüfung kann der Aufsichtführende den Prüfling vorläufig ausschließen. Über den Ausschluss und die Folgen entscheidet die Prüfungskommission nach Anhörung des Prüflings. In schwerwiegenden Fällen, insbesondere bei vorbereiteten Täuschungshandlungen, kann die Prüfung insgesamt für nicht bestanden erklärt werden.</P></Content></text></textdaten></norm>
<norm builddate="20130405130946" doknr="BJNR102500000BJNE002401308"><metadaten><jurabk>EBPV</jurabk><enbez>§ 18</enbez><titel format="XML">Rücktritt und Nichtteilnahme</titel></metadaten><textdaten><text format="XML"><Content><P>(1) Der Prüfling kann vor Bekanntgabe der ersten schriftlichen Prüfungsaufgabe von der Prüfung durch schriftliche Erklärung oder durch Erklärung zu Protokoll zurücktreten. In diesem Fall gilt die Prüfung als nicht begonnen; dies gilt auch, wenn der Prüfling zur Prüfung nicht erscheint.</P><P>(2) Tritt der Prüfling nach Beginn der Prüfung ohne wichtigen Grund zurück, gilt die Prüfung insgesamt als nicht bestanden. Liegt ein wichtiger Grund vor, können bereits erbrachte, in sich abgeschlossene Prüfungsleistungen anerkannt werden; in diesem Fall ist die Prüfung zum nächstmöglichen Termin fortzusetzen. Über das Vorliegen eines wichtigen Grundes entscheidet der Vorsitzende des Prüfungsausschusses.</P></Content></text><fussnoten/></textdaten></norm>
<norm builddate="20130405130946" doknr="BJNR102500000BJNG000400310"><metadaten><jurabk>EBPV</jurabk><gliederungseinheit><gliederungskennzahl>040</gliederungskennzahl><gliederungsbez>Abschnitt 4</gliederungsbez><gliederungstitel>Bewerten und Feststellen der
Prüfungsergebnisse, Erteilen der Prüfungszeugnisse</gliederungstitel></gliederungseinheit></metadaten><textdaten><text format="XML"><Content><P/></Content></text></textdaten></norm>
<norm builddate="20130405130946" doknr="BJNR102500000BJNE002501308"><metadaten><jurabk>EBPV</jurabk><enbez>§ 19</enbez><titel format="parat">Bewerten der einzelnen Prüfungsleistungen</titel></metadaten><textdaten><text format="XML"><Content><P>(1) Die einzelnen schriftlichen Arbeiten und die Leistungen in jedem Fach der mündlichen Prüfung sind nach der Anlage zu bewerten.</P><P>(2) Bei der Bewertung der einzelnen Prüfungsleistungen sind neben Kenntnissen auch Form und Ausdrucksweise zu berücksichtigen. § 19: IdF d. Art. 5 Nr. 2 V v. 5.7.2007 I 1305 mWv 14.7.2007</P></Content> </text></textdaten></norm>
<norm builddate="20130405130946" doknr="BJNR102500000BJNE002602308"><metadaten><jurabk>EBPV</jurabk><enbez>§ 20</enbez><titel format="XML">Feststellen und Bekanntgeben des Prüfungsergebnisses</titel></metadaten><textdaten><text format="XML"><Content><P>(1) Der Prüfungsleiter stellt auf Grund der Bewertungen der mündlichen und schriftlichen Prüfung die Gesamtbewertung fest.</P><P>(2) Die Leistungen in den Prüfungsfächern sind jeweils gesondert zu bewerten, wobei in jedem Fach mit schriftlichen und mündlichen Prüfungsleistungen aus der jeweiligen schriftlichen und mündlichen Fachzwischennote der arithmetische Mittelwert zu bilden ist (Fachnote). Im Fach Recht und Betriebswirtschaft ist die mündliche Fachzwischennote zugleich die Fachnote. Das Gesamtergebnis wird durch das arithmetische Mittel der Fachnoten gebildet und lautet bei einem Notenmittelwert <BR/><BR/><table frame="none" tocentry="%yes;"><tgroup align="left" char="" charoff="50" cols="3" colsep="0" rowsep="0"><colspec colname="col1" colnum="1" colwidth="9.09*"/><colspec colname="col2" colnum="2" colwidth="60.61*"/><colspec align="right" colname="col3" colnum="3" colwidth="30.30*"/><tbody valign="top"><row><entry VJ="1">1.</entry><entry VJ="1">von 1,00 bis 1,49</entry><entry VJ="1">&quot;sehr gut&quot;,</entry></row><row><entry VJ="1">2.</entry><entry VJ="1">von 1,50 bis 2,44</entry><entry VJ="1">&quot;gut&quot;,</entry></row><row><entry VJ="1">3.</entry><entry VJ="1">von 2,45 bis 3,34</entry><entry VJ="1">&quot;befriedigend&quot;,</entry></row><row><entry VJ="1">4.</entry><entry VJ="1">von 3,35 bis 4,00</entry><entry VJ="1">&quot;ausreichend&quot;.</entry></row></tbody></tgroup></table><BR/><BR/>Der Notenmittelwert wird auf zwei Dezimalstellen hinter dem Komma ohne Auf- und Abrundung berechnet.</P><P>(3) Die Prüfung ist als bestanden zu erklären, wenn in allen Fächern jeweils mindestens ausreichende Leistungen erbracht worden sind.</P><P>(4) Die Entscheidung über das Ergebnis der Prüfung teilt der Prüfungsleiter dem Prüfling unmittelbar nach dem Abschluss der Prüfung mit.</P><P>(5) Über den Verlauf der Prüfung und die Feststellung des Prüfungsergebnisses ist eine Niederschrift zu fertigen. Sie ist von den Mitgliedern der Prüfungskommission zu unterzeichnen.</P></Content></text><fussnoten/></textdaten></norm>
<norm builddate="20130405130946" doknr="BJNR102500000BJNE002701308"><metadaten><jurabk>EBPV</jurabk><enbez>§ 21</enbez><titel format="XML">Prüfungszeugnis</titel></metadaten><textdaten><text format="XML"><Content><P>Wer die Prüfung bestanden hat, erhält hierüber ein Zeugnis, das von der zuständigen Aufsichtsbehörde auszustellen und vom Prüfungsleiter zu unterschreiben ist. In dem Zeugnis sind Vorname und Familienname, gegebenenfalls auch der Geburtsname des Prüflings, der Tag seiner Geburt, der Geburtsort sowie der Tag des Bestehens der Prüfung anzugeben.</P></Content></text><fussnoten/></textdaten></norm>
<norm builddate="20130405130946" doknr="BJNR102500000BJNE002800310"><metadaten><jurabk>EBPV</jurabk><enbez>§ 22</enbez><titel format="parat">Nicht bestandene Prüfung</titel></metadaten><textdaten><text format="XML"><Content><P>Die zuständige Aufsichtsbehörde erteilt dem Prüfling über das Nichtbestehen der Prüfung einen schriftlichen Bescheid. Darin sind die Fächer anzugeben, in denen nicht mindestens ausreichende Leistungen erreicht wurden. Auf die besonderen Bedingungen der Wiederholungsprüfung (§ 23) ist hinzuweisen. Der Bescheid ist mit einer Rechtsbehelfsbelehrung zu versehen.</P></Content></text></textdaten></norm>
<norm builddate="20130405130946" doknr="BJNR102500000BJNG000500310"><metadaten><jurabk>EBPV</jurabk><gliederungseinheit><gliederungskennzahl>050</gliederungskennzahl><gliederungsbez>Abschnitt 5</gliederungsbez><gliederungstitel>Wiederholungsprüfung, Einsicht
in die Prüfungsunterlagen, Aufbewahrung</gliederungstitel></gliederungseinheit></metadaten><textdaten><text format="XML"><Content><P/></Content></text></textdaten></norm>
<norm builddate="20130405130946" doknr="BJNR102500000BJNE002900310"><metadaten><jurabk>EBPV</jurabk><enbez>§ 23</enbez><titel format="parat">Wiederholungsprüfung</titel></metadaten><textdaten><text format="XML"><Content><P>(1) Eine nicht bestandene Prüfung darf zweimal wiederholt werden, jedoch frühestens sechs Monate nach Beendigung der vorangegangenen Prüfung.</P><P>(2) In der ersten Wiederholungsprüfung ist der Prüfling auf Antrag von der Prüfung in einzelnen Fächern zu befreien, wenn er darin in der vorangegangenen Prüfung mindestens ausreichende Leistungen erbracht hat und sich innerhalb eines Jahres nach Beendigung der nicht bestandenen Prüfung zur Wiederholungsprüfung anmeldet.</P><P>(3) Die zweite Wiederholungsprüfung erstreckt sich auf alle Fächer nach § 12 Abs. 2 bis 4. Eine Anrechnung von früheren Prüfungsleistungen ist ausgeschlossen.</P></Content>  </text></textdaten></norm>
<norm builddate="20130405130946" doknr="BJNR102500000BJNE003000310"><metadaten><jurabk>EBPV</jurabk><enbez>§ 24</enbez><titel format="parat">Prüfungsunterlagen</titel></metadaten><textdaten><text format="XML"><Content><P>(1) Auf Antrag ist dem Prüfling nach Beendigung der Prüfung Einsicht in seine Prüfungsunterlagen zu gewähren. Ablichtungen der schriftlichen Arbeiten und ihrer Bewertung dürfen ihm nur für Widerspruchs- oder verwaltungsgerichtliche Verfahren erteilt werden.</P><P>(2) Die Prüfungsunterlagen sind zehn Jahre nach Bekanntgabe des Prüfungsergebnisses aufzubewahren.</P></Content> </text></textdaten></norm>
<norm builddate="20130405130946" doknr="BJNR102500000BJNG000600310"><metadaten><jurabk>EBPV</jurabk><gliederungseinheit><gliederungskennzahl>060</gliederungskennzahl><gliederungsbez>Abschnitt 6</gliederungsbez><gliederungstitel>Übergangsvorschriften</gliederungstitel></gliederungseinheit></metadaten><textdaten><text format="XML"><Content><P/></Content></text></textdaten></norm>
<norm builddate="20130405130946" doknr="BJNR102500000BJNE003101308"><metadaten><jurabk>EBPV</jurabk><enbez>§ 25</enbez><titel format="XML">(weggefallen)</titel></metadaten><textdaten><text format="XML"><Content><P/></Content></text><fussnoten/></textdaten></norm>
<norm builddate="20130405130946" doknr="BJNR102500000BJNE003201308"><metadaten><jurabk>EBPV</jurabk><enbez>Anlage</enbez><titel format="XML">(zu § 19 Absatz 1)</titel></metadaten><textdaten><text format="XML"><Content><table colsep="1" frame="all" pgwide="1" rowsep="1" tocentry="%yes;"><tgroup align="left" char="" charoff="50" cols="5"><colspec colname="col1" colnum="1" colwidth="4*"/><colspec colname="col2" colnum="2" colwidth="4*"/><colspec colname="col3" colnum="3" colwidth="5.00*"/><colspec colname="COLSPEC0" colnum="4" colwidth="5.00*"/><colspec align="justify" colname="col4" colnum="5" colwidth="9*"/><thead valign="bottom"><row><entry VJ="1" align="center" colname="col1" valign="middle">1</entry><entry VJ="1" align="center" colname="col2" valign="middle">2</entry><entry VJ="1" align="center" colsep="1" nameend="COLSPEC0" namest="col3" valign="middle">3</entry><entry VJ="1" align="center" colname="col4" valign="middle">4</entry></row><row><entry VJ="1" align="center" colname="col1" valign="middle">Note</entry><entry VJ="1" align="center" colname="col2" valign="middle">Zwischennote</entry><entry VJ="1" align="center" colsep="1" nameend="COLSPEC0" namest="col3" valign="middle">Prozent-Anteil<BR/> der Leistungspunkte</entry><entry VJ="1" align="center" colname="col4" valign="middle">Leistungen</entry></row></thead><tbody valign="top"><row><entry VJ="1" colname="col1" morerows="1" rowsep="1">sehr gut</entry><entry VJ="1" align="center" colname="col2" colsep="1" rowsep="0">1,0</entry><entry VJ="1" align="right" colsep="0" rowsep="0">100  </entry><entry VJ="1" colsep="1" rowsep="0">bis 93,7</entry><entry VJ="1" colname="col4" morerows="1" rowsep="1" valign="middle">eine Leistung, die den Anforderungen in besonderem Maße entspricht</entry></row><row><entry VJ="1" align="center" colsep="1" rowsep="1">1,3</entry><entry VJ="1" align="right" colsep="0" rowsep="1">unter 93,7</entry><entry VJ="1" colsep="1" rowsep="1">bis 87,5</entry></row><row><entry VJ="1" morerows="2" rowsep="1">gut</entry><entry VJ="1" align="center" colname="col2" rowsep="0">1,7</entry><entry VJ="1" align="right" colsep="0" rowsep="0">unter 87,5</entry><entry VJ="1" colsep="1" rowsep="0">bis 83,4</entry><entry VJ="1" morerows="2" rowsep="1" valign="middle">eine Leistung, die den Anforderungen voll entspricht</entry></row><row><entry VJ="1" align="center" rowsep="0">2,0</entry><entry VJ="1" align="right" colsep="0" rowsep="0">unter 83,4</entry><entry VJ="1" colsep="1" rowsep="0">bis 79,2</entry></row><row><entry VJ="1" align="center" rowsep="1">2,3</entry><entry VJ="1" align="right" colsep="0" rowsep="1">unter 79,2</entry><entry VJ="1" colsep="1" rowsep="1">bis 75,0</entry></row><row><entry VJ="1" colname="col1" morerows="2" rowsep="1">befriedigend</entry><entry VJ="1" align="center" colname="col2" rowsep="0">2,7</entry><entry VJ="1" align="right" colsep="0" rowsep="0">unter 75,0</entry><entry VJ="1" colsep="1" rowsep="0">bis 70,9</entry><entry VJ="1" colname="col4" morerows="2" rowsep="1" valign="middle">eine Leistung, die im Allgemeinen den Anforderungen entspricht</entry></row><row><entry VJ="1" align="center" rowsep="0">3,0</entry><entry VJ="1" align="right" colsep="0" rowsep="0">unter 70,9</entry><entry VJ="1" colsep="1" rowsep="0">bis 66,7</entry></row><row><entry VJ="1" align="center" rowsep="1">3,3</entry><entry VJ="1" align="right" colsep="0" rowsep="1">unter 66,7</entry><entry VJ="1" colsep="1" rowsep="1">bis 62,5</entry></row><row><entry VJ="1" colname="col1" morerows="1" rowsep="1">ausreichend</entry><entry VJ="1" align="center" colname="col2" rowsep="0">3,7</entry><entry VJ="1" align="right" colsep="0" rowsep="0">unter 62,5</entry><entry VJ="1" colsep="1" rowsep="0">bis 56,6</entry><entry VJ="1" colname="col4" morerows="1" rowsep="1" valign="middle">eine Leistung, die zwar Mängel aufweist, aber im Ganzen den Anforderungen noch entspricht</entry></row><row><entry VJ="1" align="center" rowsep="1">4,0</entry><entry VJ="1" align="right" colsep="0" rowsep="1">unter 56,6</entry><entry VJ="1" colsep="1" rowsep="1">bis 50,0</entry></row><row><entry VJ="1" colname="col1">mangelhaft</entry><entry VJ="1" align="center" colname="col2">5,0</entry><entry VJ="1" align="right" colsep="0">unter 50,0</entry><entry VJ="1" colsep="1">bis 25,0</entry><entry VJ="1" colname="col4">eine Leistung, die den Anforderungen nicht entspricht, jedoch erkennen lässt, dass die notwendigen Grundkenntnisse vorhanden sind und die Mängel in absehbarer Zeit behoben werden könnten</entry></row><row><entry VJ="1" colname="col1">ungenügend</entry><entry VJ="1" align="center" colname="col2">6,0</entry><entry VJ="1" align="right" colsep="0">unter 25,0</entry><entry VJ="1" colsep="1">bis 0  </entry><entry VJ="1" colname="col4">eine Leistung, die den Anforderungen nicht entspricht und bei der selbst die Grundkenntnisse so lückenhaft sind, dass die Mängel in absehbarer Zeit nicht behoben werden könnten</entry></row></tbody></tgroup></table><P>Andere als die in Spalte 2 aufgeführten Zwischennoten dürfen nicht verwendet werden.<QuoteR/></P></Content></text><fussnoten/></textdaten></norm>
</dokumente>