<?xml version="1.0" encoding="UTF-8" ?><!DOCTYPE dokumente SYSTEM "http://www.gesetze-im-internet.de/dtd/1.01/gii-norm.dtd">
<dokumente builddate="20240517214525" doknr="BJNR184210004"><norm builddate="20240517214525" doknr="BJNR184210004"><metadaten><jurabk>SchwarzArbG 2004</jurabk><amtabk>SchwarzArbG</amtabk><ausfertigung-datum manuell="ja">2004-07-23</ausfertigung-datum><fundstelle typ="amtlich"><periodikum>BGBl I</periodikum><zitstelle>2004, 1842</zitstelle></fundstelle><kurzue>Schwarzarbeitsbekämpfungsgesetz</kurzue><langue>Gesetz zur Bekämpfung der Schwarzarbeit und illegalen Beschäftigung</langue><standangabe checked="ja"><standtyp>Stand</standtyp><standkommentar>Zuletzt geändert durch Art. 24 G v. 6.5.2024 I Nr. 149</standkommentar></standangabe></metadaten><textdaten><fussnoten><Content><P><BR/> <pre xml:space="preserve">(+++ Textnachweis ab: 1.8.2004 +++)<BR/>(+++ Amtlicher Hinweis des Normgebers auf EG-Recht:<BR/>     Umsetzung der<BR/>       EURL 2020/1057 (CELEX Nr: 32020L1057) vgl. G v. 28.6.2023 I Nr. 172 <BR/>       EURL 67/2014   (CELEX Nr: 32014L0067) vgl. G v. 28.6.2023 I Nr. 172 +++)<BR/><BR/></pre>Das G wurde als Artikel 1 des G v. 23.7.2004 I 1842 vom Bundestag mit Zustimmung des Bundesrates beschlossen. Es ist gem. Art. 26 Abs. 1 dieses G am 1.8.2004 in Kraft getreten.</P></Content></fussnoten></textdaten></norm>
<norm builddate="20240517214525" doknr="BJNR184210004BJNE000107360"><metadaten><jurabk>SchwarzArbG 2004</jurabk><jurabk>SchwarzArbG</jurabk><enbez>Inhaltsübersicht</enbez></metadaten><textdaten><text format="XML"><Content><P><table frame="none" tocentry="%yes;"><tgroup align="left" char="" charoff="50" cols="2" colsep="0" rowsep="0"><colspec colname="col1" colnum="1" colwidth="8.55*"/><colspec colname="col2" colnum="2" colwidth="91.45*"/><tbody valign="top"><row><entry VJ="1" align="center" nameend="col2" namest="col1" valign="top">Abschnitt 1</entry></row><row><entry VJ="1" align="center" nameend="col2" namest="col1" valign="top">Zweck</entry></row><row><entry VJ="1" align="left" valign="top">§ 1</entry><entry VJ="1" align="left" valign="top">Zweck des Gesetzes</entry></row><row><entry VJ="1" align="left" nameend="col2" namest="col1" valign="top"> </entry></row><row><entry VJ="1" align="center" nameend="col2" namest="col1" valign="top">Abschnitt 2</entry></row><row><entry VJ="1" align="center" nameend="col2" namest="col1" valign="top">Prüfungen</entry></row><row><entry VJ="1" align="left" valign="top">§ 2</entry><entry VJ="1" align="left" valign="top">Prüfungsaufgaben</entry></row><row><entry VJ="1">§ 2a</entry><entry VJ="1">Mitführungs- und Vorlagepflicht von Ausweispapieren</entry></row><row><entry VJ="1" align="left" valign="top">§ 3</entry><entry VJ="1" align="left" valign="top">Befugnisse bei der Prüfung von Personen</entry></row><row><entry VJ="1" align="left" valign="top">§ 4</entry><entry VJ="1" align="left" valign="top">Befugnisse bei der Prüfung von Geschäftsunterlagen</entry></row><row><entry VJ="1" align="left" valign="top">§ 5</entry><entry VJ="1" align="left" valign="top">Duldungs- und Mitwirkungspflichten</entry></row><row><entry VJ="1">§ 5a</entry><entry VJ="1">Unzulässiges Anbieten und Nachfragen der Arbeitskraft</entry></row><row><entry VJ="1" align="left" valign="top">§ 6</entry><entry VJ="1" align="left" valign="top">Unterrichtung von und Zusammenarbeit mit Behörden im Inland und in der Europäischen Union sowie im Europäischen Wirtschaftsraum</entry></row><row><entry VJ="1">§ 6a</entry><entry VJ="1">Übermittlung personenbezogener Daten an Mitgliedstaaten der Europäischen Union</entry></row><row><entry VJ="1" align="left" valign="top">§ 7</entry><entry VJ="1" align="left" valign="top">Auskunftsansprüche bei anonymen Angeboten und Werbemaßnahmen</entry></row><row><entry VJ="1" align="left" nameend="col2" namest="col1" valign="top"> </entry></row><row><entry VJ="1" align="center" nameend="col2" namest="col1" valign="top">Abschnitt 3</entry></row><row><entry VJ="1" align="center" nameend="col2" namest="col1" valign="top">Bußgeld- und Strafvorschriften</entry></row><row><entry VJ="1" align="left" valign="top">§ 8</entry><entry VJ="1" align="left" valign="top">Bußgeldvorschriften</entry></row><row><entry VJ="1" align="left" valign="top">§ 9</entry><entry VJ="1" align="left" valign="top">(weggefallen)</entry></row><row><entry VJ="1" align="left" valign="top">§ 10</entry><entry VJ="1" align="left" valign="top">Beschäftigung von Ausländern ohne Genehmigung oder ohne Aufenthaltstitel und zu ungünstigen Arbeitsbedingungen</entry></row><row><entry VJ="1">§ 10a</entry><entry VJ="1">Beschäftigung von Ausländern ohne Aufenthaltstitel, die Opfer von Menschenhandel sind</entry></row><row><entry VJ="1" align="left" valign="top">§ 11</entry><entry VJ="1" align="left" valign="top">Erwerbstätigkeit von Ausländern ohne Genehmigung oder ohne Aufenthaltstitel in größerem Umfang oder von minderjährigen Ausländern</entry></row><row><entry VJ="1" align="left" nameend="col2" namest="col1" valign="top"> </entry></row><row><entry VJ="1" align="center" nameend="col2" namest="col1" valign="top">Abschnitt 4</entry></row><row><entry VJ="1" align="center" nameend="col2" namest="col1" valign="top">Ermittlungen</entry></row><row><entry VJ="1" align="left" valign="top">§ 12</entry><entry VJ="1" align="left" valign="top">Allgemeines zu den Ordnungswidrigkeiten</entry></row><row><entry VJ="1" align="left" valign="top">§ 13</entry><entry VJ="1" align="left" valign="top">Zusammenarbeit in Bußgeldverfahren</entry></row><row><entry VJ="1" align="left" valign="top">§ 14</entry><entry VJ="1" align="left" valign="top">Ermittlungsbefugnisse</entry></row><row><entry VJ="1">§ 14a</entry><entry VJ="1">Selbstständige Durchführung von Ermittlungsverfahren</entry></row><row><entry VJ="1">§ 14b</entry><entry VJ="1">Rechte und Pflichten bei der selbstständigen Durchführung von Ermittlungsverfahren</entry></row><row><entry VJ="1">§ 14c</entry><entry VJ="1">Sachliche und örtliche Zuständigkeit bei der selbstständigen Durchführung von Ermittlungsverfahren</entry></row><row><entry VJ="1" align="left" nameend="col2" namest="col1" valign="top"> </entry></row><row><entry VJ="1" align="center" nameend="col2" namest="col1" valign="top">Abschnitt 5</entry></row><row><entry VJ="1" align="center" nameend="col2" namest="col1" valign="top">Datenschutz</entry></row><row><entry VJ="1" align="left" valign="top">§ 15</entry><entry VJ="1" align="left" valign="top">Allgemeines</entry></row><row><entry VJ="1" align="left" valign="top">§ 16</entry><entry VJ="1" align="left" valign="top">Zentrales Informationssystem für die Finanzkontrolle Schwarzarbeit</entry></row><row><entry VJ="1" align="left" valign="top">§ 17</entry><entry VJ="1" align="left" valign="top">Übermittlung von Daten aus dem zentralen Informationssystem</entry></row><row><entry VJ="1" align="left" valign="top">§ 18</entry><entry VJ="1" align="left" valign="top">Auskunft an die betroffene Person</entry></row><row><entry VJ="1" align="left" valign="top">§ 19</entry><entry VJ="1" align="left" valign="top">Löschung</entry></row><row><entry VJ="1" align="left" nameend="col2" namest="col1" valign="top"> </entry></row><row><entry VJ="1" align="center" nameend="col2" namest="col1" valign="top">Abschnitt 6</entry></row><row><entry VJ="1" align="center" nameend="col2" namest="col1" valign="top">Verwaltungsverfahren, Rechtsweg</entry></row><row><entry VJ="1" align="left" valign="top">§ 20</entry><entry VJ="1" align="left" valign="top">Entschädigung der Zeugen und Sachverständigen</entry></row><row><entry VJ="1" align="left" valign="top">§ 21</entry><entry VJ="1" align="left" valign="top">Ausschluss von öffentlichen Aufträgen</entry></row><row><entry VJ="1" align="left" valign="top">§ 22</entry><entry VJ="1" align="left" valign="top">Verwaltungsverfahren</entry></row><row><entry VJ="1" align="left" valign="top">§ 23</entry><entry VJ="1" align="left" valign="top">Rechtsweg</entry></row></tbody></tgroup></table></P></Content></text><fussnoten/></textdaten></norm>
<norm builddate="20240517214525" doknr="BJNR184210004BJNG000100000"><metadaten><jurabk>SchwarzArbG 2004</jurabk><jurabk>SchwarzArbG</jurabk><gliederungseinheit><gliederungskennzahl>010</gliederungskennzahl><gliederungsbez>Abschnitt 1</gliederungsbez><gliederungstitel>Zweck</gliederungstitel></gliederungseinheit></metadaten><textdaten><text format="XML"><Content><P/></Content></text></textdaten></norm>
<norm builddate="20240517214525" doknr="BJNR184210004BJNE000203360"><metadaten><jurabk>SchwarzArbG 2004</jurabk><jurabk>SchwarzArbG</jurabk><enbez>§ 1</enbez><titel format="XML">Zweck des Gesetzes</titel></metadaten><textdaten><text format="XML"><Content><P>(1) Zweck des Gesetzes ist die Bekämpfung der Schwarzarbeit und illegalen Beschäftigung.</P><P>(2) Schwarzarbeit leistet, wer Dienst- oder Werkleistungen erbringt oder ausführen lässt und dabei <DL Font="normal" Type="arabic"><DT>1.</DT><DD Font="normal"><LA Size="normal">als Arbeitgeber, Unternehmer oder versicherungspflichtiger Selbstständiger seine sich auf Grund der Dienst- oder Werkleistungen ergebenden sozialversicherungsrechtlichen Melde-, Beitrags- oder Aufzeichnungspflichten nicht erfüllt,</LA></DD><DT>2.</DT><DD Font="normal"><LA Size="normal">als Steuerpflichtiger seine sich auf Grund der Dienst- oder Werkleistungen ergebenden steuerlichen Pflichten nicht erfüllt,</LA></DD><DT>3.</DT><DD Font="normal"><LA Size="normal">als Empfänger von Sozialleistungen seine sich auf Grund der Dienst- oder Werkleistungen ergebenden Mitteilungspflichten gegenüber dem Sozialleistungsträger nicht erfüllt,</LA></DD><DT>4.</DT><DD Font="normal"><LA Size="normal">als Erbringer von Dienst- oder Werkleistungen seiner sich daraus ergebenden Verpflichtung zur Anzeige vom Beginn des selbstständigen Betriebes eines stehenden Gewerbes (§ 14 der Gewerbeordnung) nicht nachgekommen ist oder die erforderliche Reisegewerbekarte (§ 55 der Gewerbeordnung) nicht erworben hat oder</LA></DD><DT>5.</DT><DD Font="normal"><LA Size="normal">als Erbringer von Dienst- oder Werkleistungen ein zulassungspflichtiges Handwerk als stehendes Gewerbe selbstständig betreibt, ohne in der Handwerksrolle eingetragen zu sein (§ 1 der Handwerksordnung).</LA></DD></DL>Schwarzarbeit leistet auch, wer vortäuscht, eine Dienst- oder Werkleistung zu erbringen oder ausführen zu lassen, und wenn er selbst oder ein Dritter dadurch Sozialleistungen nach dem Zweiten oder Dritten Buch Sozialgesetzbuch zu Unrecht bezieht.</P><P>(3) Illegale Beschäftigung übt aus, wer <DL Font="normal" Type="arabic"><DT>1.</DT><DD Font="normal"><LA Size="normal">Ausländer und Ausländerinnen als Arbeitgeber unerlaubt beschäftigt oder als Entleiher unerlaubt tätig werden lässt,</LA></DD><DT>2.</DT><DD Font="normal"><LA Size="normal">als Ausländer oder Ausländerin unerlaubt eine Erwerbstätigkeit ausübt,</LA></DD><DT>3.</DT><DD Font="normal"><LA Size="normal">als Arbeitgeber Arbeitnehmer und Arbeitnehmerinnen <DL Font="normal" Type="alpha"><DT>a)</DT><DD Font="normal"><LA Size="normal">ohne erforderliche Erlaubnis nach § 1 Absatz 1 Satz 1 des Arbeitnehmerüberlassungsgesetzes,</LA></DD><DT>b)</DT><DD Font="normal"><LA Size="normal">entgegen den Bestimmungen nach § 1 Absatz 1 Satz 5 und 6, § 1a oder § 1b des Arbeitnehmerüberlassungsgesetzes oder</LA></DD><DT>c)</DT><DD Font="normal"><LA Size="normal">entgegen § 6a Absatz 2 in Verbindung mit § 6a Absatz 3 des Gesetzes zur Sicherung von Arbeitnehmerrechten in der Fleischwirtschaft</LA></DD></DL>überlässt oder für sich tätig werden lässt,</LA></DD><DT>4.</DT><DD Font="normal"><LA Size="normal">als Arbeitgeber Arbeitnehmer und Arbeitnehmerinnen beschäftigt, ohne dass die Arbeitsbedingungen nach Maßgabe des Mindestlohngesetzes, des Arbeitnehmer-Entsendegesetzes oder des § 8 Absatz 5 des Arbeitnehmerüberlassungsgesetzes in Verbindung mit einer Rechtsverordnung nach § 3a Absatz 2 Satz 1 des Arbeitnehmerüberlassungsgesetzes eingehalten werden,</LA></DD><DT>5.</DT><DD Font="normal"><LA Size="normal">als Arbeitgeber Arbeitnehmer und Arbeitnehmerinnen zu ausbeuterischen Arbeitsbedingungen beschäftigt oder</LA></DD><DT>6.</DT><DD Font="normal"><LA Size="normal">als Inhaber oder Dritter Personen entgegen § 6a Absatz 2 des Gesetzes zur Sicherung von Arbeitnehmerrechten in der Fleischwirtschaft tätig werden lässt.</LA></DD></DL></P><P>(4) Die Absätze 2 und 3 finden keine Anwendung für nicht nachhaltig auf Gewinn gerichtete Dienst- oder Werkleistungen, die <DL Font="normal" Type="arabic"><DT>1.</DT><DD Font="normal"><LA Size="normal">von Angehörigen im Sinne des § 15 der Abgabenordnung oder Lebenspartnern,</LA></DD><DT>2.</DT><DD Font="normal"><LA Size="normal">aus Gefälligkeit,</LA></DD><DT>3.</DT><DD Font="normal"><LA Size="normal">im Wege der Nachbarschaftshilfe oder</LA></DD><DT>4.</DT><DD Font="normal"><LA Size="normal">im Wege der Selbsthilfe im Sinne des § 36 Abs. 2 und 4 des Zweiten Wohnungsbaugesetzes in der Fassung der Bekanntmachung vom 19. August 1994 (BGBl. I S. 2137) oder als Selbsthilfe im Sinne des § 12 Abs. 1 Satz 2 des Wohnraumförderungsgesetzes vom 13. September 2001 (BGBl. I S. 2376), zuletzt geändert durch Artikel 7 des Gesetzes vom 29. Dezember 2003 (BGBl. I S. 3076),</LA></DD></DL>erbracht werden. Als nicht nachhaltig auf Gewinn gerichtet gilt insbesondere eine Tätigkeit, die gegen geringes Entgelt erbracht wird.</P></Content></text><fussnoten/></textdaten></norm>
<norm builddate="20240517214525" doknr="BJNR184210004BJNG000200000"><metadaten><jurabk>SchwarzArbG 2004</jurabk><jurabk>SchwarzArbG</jurabk><gliederungseinheit><gliederungskennzahl>020</gliederungskennzahl><gliederungsbez>Abschnitt 2</gliederungsbez><gliederungstitel>Prüfungen</gliederungstitel></gliederungseinheit></metadaten><textdaten><text format="XML"><Content><P/></Content></text></textdaten></norm>
<norm builddate="20240517214525" doknr="BJNR184210004BJNE000318360"><metadaten><jurabk>SchwarzArbG 2004</jurabk><jurabk>SchwarzArbG</jurabk><enbez>§ 2</enbez><titel format="XML">Prüfungsaufgaben</titel></metadaten><textdaten><text format="XML"><Content><P>(1) Die Behörden der Zollverwaltung prüfen, ob <DL Font="normal" Type="arabic"><DT>1.</DT><DD Font="normal"><LA Size="normal">die sich aus den Dienst- oder Werkleistungen ergebenden Pflichten nach § 28a des Vierten Buches Sozialgesetzbuch erfüllt werden oder wurden,</LA></DD><DT>2.</DT><DD Font="normal"><LA Size="normal">auf Grund der Dienst- oder Werkleistungen oder der Vortäuschung von Dienst- oder Werkleistungen Sozialleistungen nach dem Zweiten oder Dritten Buch Sozialgesetzbuch zu Unrecht bezogen werden oder wurden,</LA></DD><DT>3.</DT><DD Font="normal"><LA Size="normal">die Angaben des Arbeitgebers, die für die Sozialleistungen nach dem Zweiten und Dritten Buch Sozialgesetzbuch erheblich sind, zutreffend bescheinigt wurden,</LA></DD><DT>4.</DT><DD Font="normal"><LA Size="normal">Ausländer und Ausländerinnen <DL Font="normal" Type="alpha"><DT>a)</DT><DD Font="normal"><LA Size="normal">entgegen § 4a Absatz 4 und 5 Satz 1 und 2 des Aufenthaltsgesetzes beschäftigt oder beauftragt werden oder wurden oder</LA></DD><DT>b)</DT><DD Font="normal"><LA Size="normal">entgegen § 284 Absatz 1 des Dritten Buches Sozialgesetzbuch beschäftigt werden oder wurden,</LA></DD></DL></LA></DD><DT>5.</DT><DD Font="normal"><LA Size="normal">Arbeitnehmer und Arbeitnehmerinnen <DL Font="normal" Type="alpha"><DT>a)</DT><DD Font="normal"><LA Size="normal">ohne erforderliche Erlaubnis nach § 1 Absatz 1 Satz 1 des Arbeitnehmerüberlassungsgesetzes ver- oder entliehen werden oder wurden,</LA></DD><DT>b)</DT><DD Font="normal"><LA Size="normal">entgegen den Bestimmungen nach § 1 Absatz 1 Satz 5 und 6, § 1a oder § 1b des Arbeitnehmerüberlassungsgesetzes ver- oder entliehen werden oder wurden oder</LA></DD><DT>c)</DT><DD Font="normal"><LA Size="normal">entgegen § 6a Absatz 2 in Verbindung mit § 6a Absatz 3 des Gesetzes zur Sicherung von Arbeitnehmerrechten in der Fleischwirtschaft ver- oder entliehen werden oder wurden,</LA></DD></DL></LA></DD><DT>6.</DT><DD Font="normal"><LA Size="normal">die Arbeitsbedingungen nach Maßgabe des Mindestlohngesetzes, des Arbeitnehmer-Entsendegesetzes und des § 8 Absatz 5 des Arbeitnehmerüberlassungsgesetzes in Verbindung mit einer Rechtsverordnung nach § 3a Absatz 2 Satz 1 des Arbeitnehmerüberlassungsgesetzes eingehalten werden oder wurden,</LA></DD><DT>7.</DT><DD Font="normal"><LA Size="normal">Arbeitnehmer und Arbeitnehmerinnen zu ausbeuterischen Arbeitsbedingungen beschäftigt werden oder wurden,</LA></DD><DT>8.</DT><DD Font="normal"><LA Size="normal">die Arbeitskraft im öffentlichen Raum entgegen § 5a angeboten oder nachgefragt wird oder wurde und</LA></DD><DT>9.</DT><DD Font="normal"><LA Size="normal">entgegen § 6a oder § 7 Absatz 1 des Gesetzes zur Sicherung von Arbeitnehmerrechten in der Fleischwirtschaft <DL Font="normal" Type="alpha"><DT>a)</DT><DD Font="normal"><LA Size="normal">ein Betrieb oder eine übergreifende Organisation, in dem oder in der geschlachtet wird, Schlachtkörper zerlegt werden oder Fleisch verarbeitet wird, nicht durch einen alleinigen Inhaber geführt wird oder wurde,</LA></DD><DT>b)</DT><DD Font="normal"><LA Size="normal">die Nutzung eines Betriebes oder einer übergreifenden Organisation, in dem oder in der geschlachtet wird, Schlachtkörper zerlegt werden oder Fleisch verarbeitet wird, ganz oder teilweise einem anderen gestattet wird oder wurde, oder</LA></DD><DT>c)</DT><DD Font="normal"><LA Size="normal">Personen im Bereich der Schlachtung einschließlich der Zerlegung von Schlachtkörpern sowie im Bereich der Fleischverarbeitung tätig werden oder wurden.</LA></DD></DL></LA></DD></DL>Zur Erfüllung ihrer Mitteilungspflicht nach § 6 Absatz 1 Satz 1 in Verbindung mit § 6 Absatz 4 Nummer 4 prüfen die Behörden der Zollverwaltung im Rahmen ihrer Prüfungen nach Satz 1 auch, ob Anhaltspunkte dafür bestehen, dass Steuerpflichtige den sich aus den Dienst- oder Werkleistungen ergebenden steuerlichen Pflichten im Sinne von § 1 Absatz 2 Satz 1 Nummer 2 nicht nachgekommen sind. Zur Erfüllung ihrer Mitteilungspflicht nach § 6 Absatz 1 Satz 1 in Verbindung mit § 6 Absatz 4 Nummer 4 und 7 prüfen die Behörden der Zollverwaltung im Rahmen ihrer Prüfungen nach Satz 1 auch, ob Anhaltspunkte dafür bestehen, dass Kindergeldempfänger ihren Mitwirkungspflichten nicht nachgekommen sind.</P><P>(2) Die Prüfung der Erfüllung steuerlicher Pflichten nach § 1 Absatz 2 Satz 1 Nummer 2 obliegt den zuständigen Landesfinanzbehörden und die Prüfung der Erfüllung kindergeldrechtlicher Mitwirkungspflichten den zuständigen Familienkassen. Die Behörden der Zollverwaltung sind zur Mitwirkung an Prüfungen der Landesfinanzbehörden und der Familienkassen bei der Bundesagentur für Arbeit berechtigt. Grundsätze der Zusammenarbeit der Behörden der Zollverwaltung mit den Landesfinanzbehörden werden von den obersten Finanzbehörden des Bundes und der Länder im gegenseitigen Einvernehmen geregelt. Grundsätze der Zusammenarbeit der Behörden der Zollverwaltung mit den Familienkassen bei der Bundesagentur für Arbeit werden von den Behörden der Zollverwaltung und den Familienkassen bei der Bundesagentur für Arbeit im Einvernehmen mit den Fachaufsichtsbehörden geregelt.</P><P>(3) Die nach Landesrecht für die Verfolgung und Ahndung von Ordnungswidrigkeiten nach diesem Gesetz zuständigen Behörden prüfen, ob <DL Font="normal" Type="arabic"><DT>1.</DT><DD Font="normal"><LA Size="normal">der Verpflichtung zur Anzeige vom Beginn des selbstständigen Betriebes eines stehenden Gewerbes (§ 14 der Gewerbeordnung) nachgekommen oder die erforderliche Reisegewerbekarte (§ 55 der Gewerbeordnung) erworben wurde,</LA></DD><DT>2.</DT><DD Font="normal"><LA Size="normal">ein zulassungspflichtiges Handwerk als stehendes Gewerbe selbstständig betrieben wird und die Eintragung in die Handwerksrolle vorliegt.</LA></DD></DL></P><P>(4) Die Behörden der Zollverwaltung werden bei den Prüfungen nach Absatz 1 unterstützt von <DL Font="normal" Type="arabic"><DT>1.</DT><DD Font="normal"><LA Size="normal">den Finanzbehörden,</LA></DD><DT>2.</DT><DD Font="normal"><LA Size="normal">der Bundesagentur für Arbeit, auch in ihrer Funktion als Familienkasse,</LA></DD><DT>3.</DT><DD Font="normal"><LA Size="normal">der Bundesnetzagentur für Elektrizität, Gas, Telekommunikation, Post und Eisenbahnen,</LA></DD><DT>4.</DT><DD Font="normal"><LA Size="normal">den Einzugsstellen (§ 28i des Vierten Buches Sozialgesetzbuch),</LA></DD><DT>5.</DT><DD Font="normal"><LA Size="normal">den Trägern der Rentenversicherung,</LA></DD><DT>6.</DT><DD Font="normal"><LA Size="normal">den Trägern der Unfallversicherung,</LA></DD><DT>7.</DT><DD Font="normal"><LA Size="normal">den gemeinsamen Einrichtungen und den zugelassenen kommunalen Trägern nach dem Zweiten Buch Sozialgesetzbuch sowie der Bundesagentur für Arbeit als Verantwortliche für die zentral verwalteten IT-Verfahren nach § 50 Absatz 3 des Zweiten Buches Sozialgesetzbuch,</LA></DD><DT>8.</DT><DD Font="normal"><LA Size="normal">den nach dem Asylbewerberleistungsgesetz zuständigen Behörden,</LA></DD><DT>9.</DT><DD Font="normal"><LA Size="normal">den in § 71 Abs. 1 bis 3 des Aufenthaltsgesetzes genannten Behörden,</LA></DD><DT>10.</DT><DD Font="normal"><LA Size="normal">dem Bundesamt für Logistik und Mobilität,</LA></DD><DT>11.</DT><DD Font="normal"><LA Size="normal">den nach Landesrecht für die Genehmigung und Überwachung des Gelegenheitsverkehrs mit Kraftfahrzeugen nach § 46 des Personenbeförderungsgesetzes zuständigen Behörden,</LA></DD><DT>12.</DT><DD Font="normal"><LA Size="normal">den nach Landesrecht für die Genehmigung und Überwachung des gewerblichen Güterkraftverkehrs zuständigen Behörden,</LA></DD><DT>13.</DT><DD Font="normal"><LA Size="normal">den für den Arbeitsschutz zuständigen Landesbehörden,</LA></DD><DT>14.</DT><DD Font="normal"><LA Size="normal">den Polizeivollzugsbehörden des Bundes und der Länder auf Ersuchen im Einzelfall,</LA></DD><DT>15.</DT><DD Font="normal"><LA Size="normal">den nach Landesrecht für die Verfolgung und Ahndung von Ordnungswidrigkeiten nach diesem Gesetz zuständigen Behörden,</LA></DD><DT>16.</DT><DD Font="normal"><LA Size="normal">den nach § 14 der Gewerbeordnung für die Entgegennahme der Gewerbeanzeigen zuständigen Stellen,</LA></DD><DT>17.</DT><DD Font="normal"><LA Size="normal">den nach Landesrecht für die Überprüfung der Einhaltung der Vergabe- und Tariftreuegesetze der Länder zuständigen Prüfungs- oder Kontrollstellen,</LA></DD><DT>18.</DT><DD Font="normal"><LA Size="normal">den nach Landesrecht für die Entgegennahme der Anmeldung von Prostituierten nach § 3 des Prostituiertenschutzgesetzes und für die Erlaubniserteilung an Prostitutionsgewerbetreibende nach § 12 des Prostituiertenschutzgesetzes zuständigen Behörden,</LA></DD><DT>19.</DT><DD Font="normal"><LA Size="normal">den nach Landesrecht für die Erlaubniserteilung nach § 34a der Gewerbeordnung zuständigen Behörden und</LA></DD><DT>20.</DT><DD Font="normal"><LA Size="normal">den gemeinsamen Einrichtungen der Tarifvertragsparteien im Sinne des § 4 Absatz 2 des Tarifvertragsgesetzes.</LA></DD></DL>Die Aufgaben dieser Stellen nach anderen Rechtsvorschriften bleiben unberührt. Die Prüfungen können mit anderen Prüfungen der in diesem Absatz genannten Stellen verbunden werden; die Vorschriften über die Unterrichtung und Zusammenarbeit bleiben hiervon unberührt. Verwaltungskosten der unterstützenden Stellen werden nicht erstattet.</P></Content></text><fussnoten/></textdaten></norm>
<norm builddate="20240517214525" doknr="BJNR184210004BJNE002504360"><metadaten><jurabk>SchwarzArbG 2004</jurabk><jurabk>SchwarzArbG</jurabk><enbez>§ 2a</enbez><titel format="XML">Mitführungs- und Vorlagepflicht von Ausweispapieren</titel></metadaten><textdaten><text format="XML"><Content><P>(1) Bei der Erbringung von Dienst- oder Werkleistungen sind die in folgenden Wirtschaftsbereichen oder Wirtschaftszweigen tätigen Personen verpflichtet, ihren Personalausweis, Pass, Passersatz oder Ausweisersatz mitzuführen und den Behörden der Zollverwaltung auf Verlangen vorzulegen: <DL Font="normal" Type="arabic"><DT>1.</DT><DD Font="normal"><LA Size="normal">im Baugewerbe,</LA></DD><DT>2.</DT><DD Font="normal"><LA Size="normal">im Gaststätten- und Beherbergungsgewerbe,</LA></DD><DT>3.</DT><DD Font="normal"><LA Size="normal">im Personenbeförderungsgewerbe,</LA></DD><DT>4.</DT><DD Font="normal"><LA Size="normal">im Speditions-, Transport- und damit verbundenen Logistikgewerbe,</LA></DD><DT>5.</DT><DD Font="normal"><LA Size="normal">im Schaustellergewerbe,</LA></DD><DT>6.</DT><DD Font="normal"><LA Size="normal">bei Unternehmen der Forstwirtschaft,</LA></DD><DT>7.</DT><DD Font="normal"><LA Size="normal">im Gebäudereinigungsgewerbe,</LA></DD><DT>8.</DT><DD Font="normal"><LA Size="normal">bei Unternehmen, die sich am Auf- und Abbau von Messen und Ausstellungen beteiligen,</LA></DD><DT>9.</DT><DD Font="normal"><LA Size="normal">in der Fleischwirtschaft,</LA></DD><DT>10.</DT><DD Font="normal"><LA Size="normal">im Prostitutionsgewerbe,</LA></DD><DT>11.</DT><DD Font="normal"><LA Size="normal">im Wach- und Sicherheitsgewerbe.</LA></DD></DL></P><P>(2) Der Arbeitgeber hat jeden und jede seiner Arbeitnehmer und Arbeitnehmerinnen nachweislich und schriftlich auf die Pflicht nach Absatz 1 hinzuweisen, diesen Hinweis für die Dauer der Erbringung der Dienst- oder Werkleistungen aufzubewahren und auf Verlangen bei den Prüfungen nach § 2 Abs. 1 vorzulegen.</P><P>(3) Die Vorlagepflichten nach den Absätzen 1 und 2 bestehen auch gegenüber den nach Landesrecht für die Verfolgung und Ahndung von Ordnungswidrigkeiten nach diesem Gesetz zuständigen Behörden in den Fällen des § 2 Absatz 3.</P></Content></text><fussnoten/></textdaten></norm>
<norm builddate="20240517214525" doknr="BJNR184210004BJNE000404360"><metadaten><jurabk>SchwarzArbG 2004</jurabk><jurabk>SchwarzArbG</jurabk><enbez>§ 3</enbez><titel format="XML">Befugnisse bei der Prüfung von Personen</titel></metadaten><textdaten><text format="XML"><Content><P>(1) Zur Durchführung der Prüfungen nach § 2 Absatz 1 sind die Behörden der Zollverwaltung und die sie gemäß § 2 Absatz 4 unterstützenden Stellen befugt, Geschäftsräume, mit Ausnahme von Wohnungen, und Grundstücke des Arbeitgebers, des Auftraggebers von Dienst- oder Werkleistungen, des Entleihers sowie des Selbstständigen während der Arbeitszeiten der dort tätigen Personen oder während der Geschäftszeiten zu betreten. Dabei sind die Behörden der Zollverwaltung und die sie gemäß § 2 Absatz 4 unterstützenden Stellen befugt, <DL Font="normal" Type="arabic"><DT>1.</DT><DD Font="normal"><LA Size="normal">von den Personen, die in den Geschäftsräumen und auf den Grundstücken tätig sind, Auskünfte über ihre Beschäftigungsverhältnisse oder ihre tatsächlichen oder scheinbaren Tätigkeiten einzuholen und</LA></DD><DT>2.</DT><DD Font="normal"><LA Size="normal">Einsicht in Unterlagen zu nehmen, die von diesen Personen mitgeführt werden und von denen anzunehmen ist, dass aus ihnen Umfang, Art oder Dauer ihrer Beschäftigungsverhältnisse oder ihrer tatsächlichen oder scheinbaren Tätigkeiten hervorgehen oder abgeleitet werden können.</LA></DD></DL></P><P>(2) Ist eine Person zur Ausführung von Dienst- oder Werkleistungen bei Dritten tätig, gilt Absatz 1 entsprechend. Bietet eine Person im öffentlichen Raum Dienst- oder Werkleistungen an, gilt Absatz 1 Satz 2 entsprechend.</P><P>(3) Zur Durchführung der Prüfungen nach § 2 Absatz 1 sind die Behörden der Zollverwaltung und die sie gemäß § 2 Absatz 4 unterstützenden Stellen befugt, die Personalien zu überprüfen <DL Font="normal" Type="arabic"><DT>1.</DT><DD Font="normal"><LA Size="normal">der Personen, die in den Geschäftsräumen oder auf dem Grundstück des Arbeitgebers, des Auftraggebers von Dienst- oder Werkleistungen und des Entleihers tätig sind, und</LA></DD><DT>2.</DT><DD Font="normal"><LA Size="normal">des Selbstständigen.</LA></DD></DL>Sie können zu diesem Zweck die in Satz 1 genannten Personen anhalten, sie nach ihren Personalien (Vor-, Familien- und Geburtsnamen, Ort und Tag der Geburt, Beruf, Wohnort, Wohnung und Staatsangehörigkeit) befragen und verlangen, dass sie mitgeführte Ausweispapiere zur Prüfung aushändigen.</P><P>(4) Im Verteidigungsbereich darf ein Betretensrecht nur im Einvernehmen mit dem Bundesministerium der Verteidigung ausgeübt werden.</P><P>(5) Die Bediensteten der Zollverwaltung dürfen Beförderungsmittel anhalten. Führer von Beförderungsmitteln haben auf Verlangen zu halten und den Zollbediensteten zu ermöglichen, in das Beförderungsmittel zu gelangen und es wieder zu verlassen. Die Zollverwaltung unterrichtet die Polizeivollzugsbehörden der Länder über groß angelegte Kontrollen.</P><P>(6) Die Absätze 1 bis 4 gelten entsprechend für die nach Landesrecht für die Verfolgung und Ahndung von Ordnungswidrigkeiten nach diesem Gesetz zuständigen Behörden zur Durchführung von Prüfungen nach § 2 Absatz 3, sofern Anhaltspunkte dafür vorliegen, dass Schwarzarbeit im Sinne des § 1 Absatz 2 Nummer 4 und 5 geleistet wird.</P></Content></text><fussnoten/></textdaten></norm>
<norm builddate="20240517214525" doknr="BJNR184210004BJNE000503360"><metadaten><jurabk>SchwarzArbG 2004</jurabk><jurabk>SchwarzArbG</jurabk><enbez>§ 4</enbez><titel format="XML">Befugnisse bei der Prüfung von Geschäftsunterlagen</titel></metadaten><textdaten><text format="XML"><Content><P>(1) Zur Durchführung der Prüfungen nach § 2 Absatz 1 sind die Behörden der Zollverwaltung und die sie gemäß § 2 Absatz 4 unterstützenden Stellen befugt, Geschäftsräume, mit Ausnahme von Wohnungen, und Grundstücke des Arbeitgebers, des Auftraggebers von Dienst- oder Werkleistungen, des Entleihers sowie des Selbstständigen während der Geschäftszeiten zu betreten und dort Einsicht in die Lohn- und Meldeunterlagen, Bücher und andere Geschäftsunterlagen zu nehmen, aus denen Umfang, Art oder Dauer von tatsächlich bestehenden oder vorgespiegelten Beschäftigungsverhältnissen oder Tätigkeiten hervorgehen oder abgeleitet werden können.</P><P>(2) Zur Durchführung der Prüfungen nach § 2 Absatz 3 sind die nach Landesrecht für die Verfolgung und Ahndung von Ordnungswidrigkeiten nach diesem Gesetz zuständigen Behörden befugt, Geschäftsräume und Grundstücke einer selbstständig tätigen Person, des Arbeitgebers und des Auftraggebers während der Arbeitszeit der dort tätigen Personen zu betreten und dort Einsicht in Unterlagen zu nehmen, von denen anzunehmen ist, dass aus ihnen Umfang, Art oder Dauer der Ausübung eines Gewerbes, eines Reisegewerbes oder eines zulassungspflichtigen Handwerks oder der Beschäftigungsverhältnisse hervorgehen oder abgeleitet werden können, sofern Anhaltspunkte dafür vorliegen, dass Schwarzarbeit im Sinne des § 1 Absatz 2 Nummer 4 und 5 geleistet wird.</P><P>(3) Die Behörden der Zollverwaltung sind zur Durchführung der Prüfungen nach § 2 Abs. 1 befugt, Einsicht in die Unterlagen zu nehmen, aus denen die Vergütung der tatsächlich erbrachten oder vorgetäuschten Dienst- oder Werkleistungen hervorgeht, die natürliche oder juristische Personen oder Personenvereinigungen in Auftrag gegeben haben. Satz 1 gilt im Rahmen der Durchführung der Prüfung nach § 2 Absatz 1 Nummer 4, 5 und 6 entsprechend für Unterlagen, aus denen die Vergütung des Leiharbeitsverhältnisses hervorgeht.</P><P>(4) Die Behörden der Zollverwaltung sind zur Durchführung der Prüfungen nach § 2 Abs. 1 befugt, bei dem Auftraggeber, der nicht Unternehmer im Sinne des § 2 des Umsatzsteuergesetzes 1999 ist, Einsicht in die Rechnungen, einen Zahlungsbeleg oder eine andere beweiskräftige Unterlage über ausgeführte Werklieferungen oder sonstige Leistungen im Zusammenhang mit einem Grundstück zu nehmen.</P></Content></text><fussnoten/></textdaten></norm>
<norm builddate="20240517214525" doknr="BJNR184210004BJNE000607360"><metadaten><jurabk>SchwarzArbG 2004</jurabk><jurabk>SchwarzArbG</jurabk><enbez>§ 5</enbez><titel format="XML">Duldungs- und Mitwirkungspflichten</titel></metadaten><textdaten><text format="XML"><Content><P>(1) Arbeitgeber, tatsächlich oder scheinbar beschäftigte Arbeitnehmer und Arbeitnehmerinnen, Auftraggeber von Dienst- oder Werkleistungen, tatsächlich oder scheinbar selbstständig tätige Personen und Dritte, die bei einer Prüfung nach § 2 Absatz 1 und 3 angetroffen werden, sowie Entleiher, die bei einer Prüfung nach § 2 Absatz 1 Satz 1 Nummer 5 und 6 angetroffen werden, haben <DL Font="normal" Type="arabic"><DT>1.</DT><DD Font="normal"><LA Size="normal">die Prüfung zu dulden und dabei mitzuwirken, insbesondere für die Prüfung erhebliche Auskünfte zu erteilen und die in den §§ 3 und 4 genannten Unterlagen vorzulegen,</LA></DD><DT>2.</DT><DD Font="normal"><LA Size="normal">in den Fällen des § 3 Absatz 1, 2 und 6 sowie des § 4 Absatz 1, 2 und 3 auch das Betreten der Grundstücke und der Geschäftsräume zu dulden und</LA></DD><DT>3.</DT><DD Font="normal"><LA Size="normal">in den Fällen des § 2 Absatz 1 auf Verlangen der Behörden der Zollverwaltung schriftlich oder an Amtsstelle mündlich Auskünfte zu erteilen oder die in den §§ 3 und 4 genannten Unterlagen vorzulegen.</LA></DD></DL>Auskünfte, die die verpflichtete Person oder einen ihrer in § 15 der Abgabenordnung bezeichneten Angehörigen der Gefahr aussetzen würden, wegen einer Straftat oder Ordnungswidrigkeit verfolgt zu werden, können verweigert werden.</P><P>(2) Die Behörden der Zollverwaltung sind insbesondere dann befugt, eine mündliche Auskunft an Amtsstelle zu verlangen, wenn trotz Aufforderung keine schriftliche Auskunft erteilt worden ist oder wenn eine schriftliche Auskunft nicht zu einer Klärung des Sachverhalts geführt hat. Über die mündliche Auskunft an Amtsstelle ist auf Antrag des Auskunftspflichtigen eine Niederschrift aufzunehmen. Die Niederschrift soll den Namen der anwesenden Personen, den Ort, den Tag und den wesentlichen Inhalt der Auskunft enthalten. Sie soll von dem Amtsträger, dem die mündliche Auskunft erteilt wird, und dem Auskunftspflichtigen unterschrieben werden. Den Beteiligten ist eine Abschrift der Niederschrift zu überlassen.</P><P>(3) Ausländer sind ferner verpflichtet, ihren Pass, Passersatz oder Ausweisersatz und ihren Aufenthaltstitel, ihre Duldung oder ihre Aufenthaltsgestattung den Behörden der Zollverwaltung auf Verlangen vorzulegen und, sofern sich Anhaltspunkte für einen Verstoß gegen ausländerrechtliche Vorschriften ergeben, zur Übermittlung an die zuständige Ausländerbehörde zu überlassen. Werden die Dokumente einbehalten, erhält der betroffene Ausländer eine Bescheinigung, welche die einbehaltenen Dokumente und die Ausländerbehörde bezeichnet, an die die Dokumente übermittelt werden. Der Ausländer ist verpflichtet, unverzüglich mit der Bescheinigung bei der Ausländerbehörde zu erscheinen. Darauf ist in der Bescheinigung hinzuweisen. Gibt die Ausländerbehörde die einbehaltenen Dokumente zurück oder werden Ersatzdokumente ausgestellt oder vorgelegt, behält die Ausländerbehörde die Bescheinigung ein.</P><P>(4) In Fällen des § 4 Absatz 4 haben die Auftraggeber, die nicht Unternehmer im Sinne des § 2 des Umsatzsteuergesetzes 1999 sind, eine Prüfung nach § 2 Abs. 1 zu dulden und dabei mitzuwirken, insbesondere die für die Prüfung erheblichen Auskünfte zu erteilen und die in § 4 Absatz 4 genannten Unterlagen vorzulegen. Absatz 1 Satz 3 gilt entsprechend.</P><P>(5) In Datenverarbeitungsanlagen gespeicherte Daten haben der Arbeitgeber und der Auftraggeber sowie der Entleiher im Rahmen einer Prüfung nach § 2 Absatz 1 Nummer 4, 5, 6 und 9 auszusondern und den Behörden der Zollverwaltung auf deren Verlangen auf automatisiert verarbeitbaren Datenträgern oder in Listen zu übermitteln. Der Arbeitgeber und der Auftraggeber sowie der Entleiher im Rahmen einer Prüfung nach § 2 Absatz 1 Nummer 4, 5, 6 und 9 dürfen automatisiert verarbeitbare Datenträger oder Datenlisten, die die erforderlichen Daten enthalten, ungesondert zur Verfügung stellen, wenn die Aussonderung mit einem unverhältnismäßigen Aufwand verbunden wäre und überwiegende schutzwürdige Interessen der betroffenen Person nicht entgegenstehen. In diesem Fall haben die Behörden der Zollverwaltung die Daten zu trennen und die nicht nach Satz 1 zu übermittelnden Daten zu löschen. Soweit die übermittelten Daten für Zwecke der Ermittlung von Straftaten oder Ordnungswidrigkeiten, der Ermittlung von steuerlich erheblichen Sachverhalten oder der Festsetzung von Sozialversicherungsbeiträgen oder Sozialleistungen nicht benötigt werden, sind die Datenträger oder Listen nach Abschluss der Prüfungen nach § 2 Abs. 1 auf Verlangen des Arbeitgebers oder des Auftraggebers zurückzugeben oder die Daten unverzüglich zu löschen.</P></Content></text><fussnoten/></textdaten></norm>
<norm builddate="20240517214525" doknr="BJNR184210004BJNE002800360"><metadaten><jurabk>SchwarzArbG 2004</jurabk><jurabk>SchwarzArbG</jurabk><enbez>§ 5a</enbez><titel format="XML">Unzulässiges Anbieten und Nachfragen der Arbeitskraft</titel></metadaten><textdaten><text format="XML"><Content><P>(1) Es ist einer Person verboten, ihre Arbeitskraft als Tagelöhner im öffentlichen Raum aus einer Gruppe heraus in einer Weise anzubieten, die geeignet ist, Schwarzarbeit oder illegale Beschäftigung zu ermöglichen. Ebenso ist es einer Person verboten, ein unzulässiges Anbieten der Arbeitskraft dadurch nachzufragen, dass sie ein solches Angebot einholt oder annimmt.</P><P>(2) Die Behörden der Zollverwaltung können eine Person, die gegen das Verbot des unzulässigen Anbietens und Nachfragens der Arbeitskraft verstößt, vorübergehend von einem Ort verweisen oder ihr vorübergehend das Betreten eines Ortes verbieten.</P></Content></text><fussnoten/></textdaten></norm>
<norm builddate="20240517214525" doknr="BJNR184210004BJNE000708125"><metadaten><jurabk>SchwarzArbG 2004</jurabk><jurabk>SchwarzArbG</jurabk><enbez>§ 6</enbez><titel format="XML">Unterrichtung von und Zusammenarbeit mit Behörden im Inland und in der Europäischen Union sowie im Europäischen Wirtschaftsraum</titel></metadaten><textdaten><text format="XML"><Content><P>(1) Die Behörden der Zollverwaltung und die sie gemäß § 2 Absatz 4 unterstützenden Stellen sind verpflichtet, einander die für deren Prüfungen oder für die Zusammenarbeit nach Absatz 6 erforderlichen Informationen einschließlich personenbezogener Daten und die Ergebnisse der Prüfungen zu übermitteln, soweit deren Kenntnis für die Erfüllung der Aufgaben der Behörden oder Stellen erforderlich ist. Die Behörden der Zollverwaltung einerseits und die Strafverfolgungsbehörden und die Polizeivollzugsbehörden andererseits sind verpflichtet, einander die erforderlichen Informationen, einschließlich personenbezogener Daten, für die Verhütung und Verfolgung von Straftaten und Ordnungswidrigkeiten, die in Zusammenhang mit einem der in § 2 Abs. 1 genannten Prüfgegenstände stehen, zu übermitteln. An Strafverfolgungsbehörden und Polizeivollzugsbehörden sind darüber hinaus Informationen einschließlich personenbezogener Daten zu übermitteln, sofern tatsächliche Anhaltspunkte dafür vorliegen, dass diese Informationen für die Verhütung und Verfolgung von Straftaten oder Ordnungswidrigkeiten, die nicht in Zusammenhang mit einem der in § 2 Abs. 1 genannten Prüfgegenstände stehen, erforderlich sind.</P><P>(2) Die Behörden der Zollverwaltung dürfen zur Wahrnehmung ihrer Aufgaben nach § 2 Abs. 1 sowie zur Verfolgung von Straftaten oder Ordnungswidrigkeiten die Dateisysteme der Bundesagentur für Arbeit über erteilte Arbeitsgenehmigungen-EU und Zustimmungen zur Beschäftigung, über im Rahmen von Werkvertragskontingenten beschäftigte ausländische Arbeitnehmer und Arbeitnehmerinnen sowie über Leistungsempfänger nach dem Dritten Buch Sozialgesetzbuch automatisiert abrufen; die Strafverfolgungsbehörden sind zum automatisierten Abruf nur berechtigt, soweit dies zur Verfolgung von Straftaten oder Ordnungswidrigkeiten erforderlich ist. § 79 Abs. 2 bis 4 des Zehnten Buches Sozialgesetzbuch gilt entsprechend. Die Behörden der Zollverwaltung dürfen, soweit dies zur Verfolgung von Straftaten oder Ordnungswidrigkeiten erforderlich ist, Daten aus den Datenbeständen der Träger der Rentenversicherung automatisiert abrufen; § 150 Absatz 5 Satz 1 des Sechsten Buches Sozialgesetzbuch bleibt unberührt. Die Behörden der Zollverwaltung dürfen, soweit dies zur Vorbereitung und Durchführung von Prüfungen nach § 2 Absatz 1 Satz 1 Nummer 2 und 3 und zur Verhütung und Verfolgung von Straftaten und Ordnungswidrigkeiten, die mit dieser Prüfungsaufgabe zusammenhängen, erforderlich ist, Daten aus folgenden Datenbeständen automatisiert abrufen: <DL Font="normal" Type="arabic"><DT>1.</DT><DD Font="normal"><LA Size="normal">die Datenbestände der gemeinsamen Einrichtungen und der zugelassenen kommunalen Träger nach dem Zweiten Buch Sozialgesetzbuch und</LA></DD><DT>2.</DT><DD Font="normal"><LA Size="normal">die Datenbestände der Bundesagentur für Arbeit als verantwortliche Stelle für die zentral verwalteten IT-Verfahren nach § 50 Absatz 3 des Zweiten Buches Sozialgesetzbuch über Leistungsempfänger nach dem Zweiten Buch Sozialgesetzbuch.</LA></DD></DL>Das Bundesministerium für Arbeit und Soziales wird ermächtigt, durch Rechtsverordnung mit Zustimmung des Bundesrates die Voraussetzungen für das Abrufverfahren nach Satz 4 sowie die Durchführung des Abrufverfahrens festzulegen.</P><P>(3) Die Behörden der Zollverwaltung dürfen die beim Bundeszentralamt für Steuern nach § 5 Absatz 1 Nummer 13 des Finanzverwaltungsgesetzes vorgehaltenen Daten abrufen, soweit dies zur Wahrnehmung ihrer Prüfungsaufgaben nach § 2 Absatz 1 oder für die damit unmittelbar zusammenhängenden Bußgeld- und Strafverfahren erforderlich ist. Für den Abruf der nach § 30 der Abgabenordnung dem Steuergeheimnis unterliegenden Daten ist ein automatisiertes Verfahren auf Abruf einzurichten. Die Verantwortung für die Zulässigkeit des einzelnen Abrufs trägt die Behörde der Zollverwaltung, die die Daten abruft. Die abrufende Stelle darf die Daten nach Satz 1 zu dem Zweck verarbeiten, zu dem sie die Daten abgerufen hat. Ist zu befürchten, dass ein Datenabruf nach Satz 1 den Untersuchungszweck eines Ermittlungsverfahrens im Sinne des § 30 Absatz 2 Nummer 1 Buchstabe b der Abgabenordnung gefährdet, so kann die für dieses Verfahren zuständige Finanzbehörde oder die zuständige Staatsanwaltschaft anordnen, dass kein Datenabruf erfolgen darf. § 478 Absatz 1 Satz 1 und 2 der Strafprozessordnung findet Anwendung, wenn die Daten Verfahren betreffen, die zu einem Strafverfahren geführt haben. Weitere Einzelheiten insbesondere zum automatischen Verfahren auf Abruf einschließlich der Protokollierung sowie zum Nachweis der aus den Artikeln 24, 25 und 32 der Verordnung (EU) 2016/679 des Europäischen Parlaments und des Rates vom 27. April 2016 zum Schutz natürlicher Personen bei der Verarbeitung personenbezogener Daten, zum freien Datenverkehr und zur Aufhebung der Richtlinie 95/46/EG (Datenschutz-Grundverordnung; ABl. L 119 vom 4.5.2016, S. 1; L 314 vom 22.11.2016, S. 72; L 127 vom 23.5.2018, S. 2) oder § 64 des Bundesdatenschutzgesetzes erforderlichen technischen und organisatorischen Maßnahmen regelt eine Rechtsverordnung des Bundesministeriums der Finanzen, die der Zustimmung des Bundesrates bedarf.</P><P>(4) Die Behörden der Zollverwaltung unterrichten die jeweils zuständigen Stellen, wenn sich bei der Durchführung ihrer Aufgaben nach diesem Gesetz Anhaltspunkte ergeben für Verstöße gegen <DL Font="normal" Type="arabic"><DT>1.</DT><DD Font="normal"><LA Size="normal">dieses Gesetz,</LA></DD><DT>2.</DT><DD Font="normal"><LA Size="normal">das Arbeitnehmerüberlassungsgesetz,</LA></DD><DT>3.</DT><DD Font="normal"><LA Size="normal">Bestimmungen des Vierten und Siebten Buches Sozialgesetzbuch zur Zahlung von Beiträgen,</LA></DD><DT>4.</DT><DD Font="normal"><LA Size="normal">die Steuergesetze,</LA></DD><DT>5.</DT><DD Font="normal"><LA Size="normal">das Aufenthaltsgesetz,</LA></DD><DT>6.</DT><DD Font="normal"><LA Size="normal">die Mitwirkungspflicht nach § 60 Abs. 1 Satz 1 Nr. 1 und 2 des Ersten Buches Sozialgesetzbuch oder die Meldepflicht nach § 8a des Asylbewerberleistungsgesetzes,</LA></DD><DT>7.</DT><DD Font="normal"><LA Size="normal">das Bundeskindergeldgesetz,</LA></DD><DT>8.</DT><DD Font="normal"><LA Size="normal">die Handwerks- oder Gewerbeordnung,</LA></DD><DT>9.</DT><DD Font="normal"><LA Size="normal">das Güterkraftverkehrsgesetz,</LA></DD><DT>10.</DT><DD Font="normal"><LA Size="normal">das Personenbeförderungsgesetz,</LA></DD><DT>11.</DT><DD Font="normal"><LA Size="normal">sonstige Strafgesetze,</LA></DD><DT>12.</DT><DD Font="normal"><LA Size="normal">das Arbeitnehmer-Entsendegesetz,</LA></DD><DT>13.</DT><DD Font="normal"><LA Size="normal">das Mindestlohngesetz,</LA></DD><DT>14.</DT><DD Font="normal"><LA Size="normal">die Arbeitsschutzgesetze oder</LA></DD><DT>15.</DT><DD Font="normal"><LA Size="normal">die Vergabe- und Tariftreuegesetze der Länder.</LA></DD></DL>Nach § 5 Absatz 3 Satz 1 in Verwahrung genommene Urkunden sind der Ausländerbehörde unverzüglich zu übermitteln.</P><P>(5) Bestehen Anhaltspunkte dafür, dass eine nach § 5 Absatz 3 Satz 1 in Verwahrung genommene Urkunde unecht oder verfälscht ist, ist sie an die zuständige Polizeivollzugsbehörde zu übermitteln.</P><P>(6) Auf die Zusammenarbeit der Behörden der Zollverwaltung mit Behörden anderer Mitgliedstaaten der Europäischen Union und mit Behörden anderer Vertragsstaaten des Abkommens über den Europäischen Wirtschaftraum gemäß § 20 Absatz 2 des Arbeitnehmer-Entsendegesetzes, § 18 Absatz 2 des Mindestlohngesetzes und § 18 Absatz 6 des Arbeitnehmerüberlassungsgesetzes finden die §§ 8a bis 8e des Verwaltungsverfahrensgesetzes in Verbindung mit den Artikeln 6, 7, 14 bis 18 und 21 der Richtlinie 2014/67/EU des Europäischen Parlaments und des Rates vom 15. Mai 2014 zur Durchsetzung der Richtlinie 96/71/EG über die Entsendung von Arbeitnehmern im Rahmen der Erbringung von Dienstleistungen und zur Änderung der Verordnung (EU) Nr. 1024/2012 über die Verwaltungszusammenarbeit mit Hilfe des Binnenmarkt-Informationssystems („IMI-Verordnung“) (ABl. L 159 vom 28.5.2014, S. 11),auch in Verbindung mit Artikel 1 Absatz 11 Unterabsatz 1 Buchstabe c und Unterabsatz 2 und 3 der Richtlinie (EU) 2020/1057 des Europäischen Parlaments und des Rates vom 15. Juli 2020 zur Festlegung besonderer Regeln im Zusammenhang mit der Richtlinie 96/71/EG und der Richtlinie 2014/67/EU für die Entsendung von Kraftfahrern im Straßenverkehrssektor und zur Änderung der Richtlinie 2006/22/EG bezüglich der Durchsetzungsanforderungen und der Verordnung (EU) Nr. 1024/2012 (ABl. L 249 vom 31.7.2020, S. 49) Anwendung.</P></Content></text><fussnoten/></textdaten></norm>
<norm builddate="20240517214525" doknr="BJNR184210004BJNE002701360"><metadaten><jurabk>SchwarzArbG 2004</jurabk><jurabk>SchwarzArbG</jurabk><enbez>§ 6a</enbez><titel format="XML">Übermittlung personenbezogener <BR/> Daten an Mitgliedstaaten der Europäischen Union</titel></metadaten><textdaten><text format="XML"><Content><P>(1) Die Behörden der Zollverwaltung können personenbezogene Daten, die in Zusammenhang mit einem der in § 2 Absatz 1 genannten Prüfgegenstände stehen, zum Zweck der Verhütung von Straftaten an eine für die Verhütung und Verfolgung zuständige Behörde eines Mitgliedstaates der Europäischen Union übermitteln. Dabei ist eine Übermittlung personenbezogener Daten ohne Ersuchen nur zulässig, wenn im Einzelfall die Gefahr der Begehung einer Straftat im Sinne des Artikels 2 Absatz 2 des Rahmenbeschlusses 2002/584/JI des Rates vom 13. Juni 2002 über den Europäischen Haftbefehl und die Übergabeverfahren zwischen den Mitgliedstaaten (ABl. L 190 vom 18.7.2002, S. 1), der zuletzt durch den Rahmenbeschluss 2009/299/JI (ABl. L 81 vom 27.3.2009, S. 24) geändert worden ist, besteht und konkrete Anhaltspunkte dafür vorliegen, dass die Übermittlung dieser personenbezogenen Daten dazu beitragen könnte, eine solche Straftat zu verhindern.</P><P>(2) Die Übermittlung personenbezogener Daten nach Absatz 1 ist nur zulässig, wenn das Ersuchen mindestens folgende Angaben enthält: <DL Font="normal" Type="arabic"><DT>1.</DT><DD Font="normal"><LA Size="normal">die Bezeichnung und die Anschrift der ersuchenden Behörde,</LA></DD><DT>2.</DT><DD Font="normal"><LA Size="normal">die Bezeichnung der Straftat, zu deren Verhütung die Daten benötigt werden,</LA></DD><DT>3.</DT><DD Font="normal"><LA Size="normal">die Beschreibung des Sachverhalts, der dem Ersuchen zugrunde liegt,</LA></DD><DT>4.</DT><DD Font="normal"><LA Size="normal">die Benennung des Zwecks, zu dem die Daten erbeten werden,</LA></DD><DT>5.</DT><DD Font="normal"><LA Size="normal">der Zusammenhang zwischen dem Zweck, zu dem die Informationen oder Erkenntnisse erbeten werden, und der Person, auf die sich diese Informationen beziehen,</LA></DD><DT>6.</DT><DD Font="normal"><LA Size="normal">Einzelheiten zur Identität der betroffenen Person, sofern sich das Ersuchen auf eine bekannte Person bezieht, und</LA></DD><DT>7.</DT><DD Font="normal"><LA Size="normal">Gründe für die Annahme, dass sachdienliche Informationen und Erkenntnisse im Inland vorliegen.</LA></DD></DL></P><P>(3) Die Datenübermittlung nach Absatz 1 unterbleibt, wenn <DL Font="normal" Type="arabic"><DT>1.</DT><DD Font="normal"><LA Size="normal">hierdurch wesentliche Sicherheitsinteressen des Bundes oder der Länder beeinträchtigt würden,</LA></DD><DT>2.</DT><DD Font="normal"><LA Size="normal">die Übermittlung der Daten unverhältnismäßig wäre oder die Daten für die Zwecke, für die sie übermittelt werden sollen, nicht erforderlich sind,</LA></DD><DT>3.</DT><DD Font="normal"><LA Size="normal">die zu übermittelnden Daten bei der ersuchten Behörde nicht vorhanden sind und nur durch das Ergreifen von Zwangsmaßnahmen erlangt werden können oder</LA></DD><DT>4.</DT><DD Font="normal"><LA Size="normal">besondere bundesgesetzliche Verwendungsregelungen entgegenstehen; die Verpflichtung zur Wahrung gesetzlicher Geheimhaltungspflichten oder von Berufs- oder besonderen Amtsgeheimnissen, die nicht auf gesetzlichen Vorschriften beruhen, bleibt unberührt.</LA></DD></DL></P><P>(4) Die Übermittlung kann unterbleiben, wenn <DL Font="normal" Type="arabic"><DT>1.</DT><DD Font="normal"><LA Size="normal">die Tat, zu deren Verhütung die Daten übermittelt werden sollen, nach deutschem Recht mit einer Freiheitsstrafe von im Höchstmaß einem Jahr oder weniger bedroht ist,</LA></DD><DT>2.</DT><DD Font="normal"><LA Size="normal">die übermittelten Daten als Beweismittel vor einer Justizbehörde verwendet werden sollen,</LA></DD><DT>3.</DT><DD Font="normal"><LA Size="normal">die zu übermittelnden Daten bei der ersuchten Behörde nicht vorhanden sind, jedoch ohne das Ergreifen von Zwangsmaßnahmen erlangt werden können, oder</LA></DD><DT>4.</DT><DD Font="normal"><LA Size="normal">der Erfolg laufender Ermittlungen oder Leib, Leben oder Freiheit einer Person gefährdet würde.</LA></DD></DL></P><P>(5) Personenbezogene Daten, die nach dem Rahmenbeschluss 2006/960/JI des Rates vom 18. Dezember 2006 über die Vereinfachung des Austauschs von Informationen und Erkenntnissen zwischen den Strafverfolgungsbehörden der Mitgliedstaaten der Europäischen Union (ABl. L 386 vom 29.12.2006, S. 89, L 75 vom 15.3.2007, S. 26) an die Behörden der Zollverwaltung übermittelt worden sind, dürfen ohne Zustimmung des übermittelnden Staates nur für die Zwecke, für die sie übermittelt wurden, oder zur Abwehr einer gegenwärtigen und erheblichen Gefahr für die öffentliche Sicherheit verarbeitet werden. Für einen anderen Zweck oder als Beweismittel in einem gerichtlichen Verfahren dürfen sie nur verarbeitet werden, wenn der übermittelnde Staat zugestimmt hat. Bedingungen, die der übermittelnde Staat für die Verarbeitung der Daten stellt, sind zu beachten.</P><P>(6) Die Behörden der Zollverwaltung erteilen dem übermittelnden Staat auf dessen Ersuchen zu Zwecken der Datenschutzkontrolle Auskunft darüber, wie die übermittelten Daten verarbeitet wurden.</P><P>(7) Die Absätze 1 bis 6 finden auch Anwendung auf die Übermittlung von personenbezogenen Daten an für die Verhütung und Verfolgung von Straftaten zuständige Behörden eines Schengen-assoziierten Staates im Sinne von § 91 Absatz 3 des Gesetzes über die internationale Rechtshilfe in Strafsachen.</P></Content></text><fussnoten/></textdaten></norm>
<norm builddate="20240517214525" doknr="BJNR184210004BJNE000804360"><metadaten><jurabk>SchwarzArbG 2004</jurabk><jurabk>SchwarzArbG</jurabk><enbez>§ 7</enbez><titel format="XML">Auskunftsansprüche bei anonymen Angeboten und Werbemaßnahmen</titel></metadaten><textdaten><text format="XML"><Content><P>(1) Wurden Angebote oder Werbemaßnahmen ohne Angabe von Name und Anschrift veröffentlicht und bestehen in diesem Zusammenhang Anhaltspunkte für Schwarzarbeit oder illegale Beschäftigung nach § 1, so ist derjenige, der das Angebot oder die Werbemaßnahme veröffentlicht hat, verpflichtet, den Behörden der Zollverwaltung Namen und Anschrift des Auftraggebers des Angebots oder der Werbemaßnahme auf Verlangen unentgeltlich mitzuteilen. Soweit Name und Anschrift nicht vorliegen, sind die Daten mitzuteilen, die eine Identifizierung des Auftraggebers ermöglichen. Bei Anhaltspunkten nach § 1 Absatz 2 Satz 1 Nummer 4 oder 5 besteht diese Verpflichtung gegenüber den nach Landesrecht für die Verfolgung und Ahndung von Ordnungswidrigkeiten nach diesem Gesetz zuständigen Behörden.</P><P>(2) Die Behörden der Zollverwaltung und die nach Landesrecht für die Verfolgung und Ahndung von Ordnungswidrigkeiten nach diesem Gesetz zuständigen Behörden können zur Erfüllung ihrer Aufgaben nach § 2 Absatz 1 und 3 Auskunft verlangen von demjenigen, der geschäftsmäßig eigene oder fremde digitale Dienste nach § 1 Absatz 4 Nummer 1 des Digitale-Dienste-Gesetzes zur Nutzung bereithält oder den Zugang zur Nutzung vermittelt, über Bestandsdaten gemäß § 2 Absatz 2 Nummer 2 des Telekommunikation-Digitale-Dienste-Datenschutz-Gesetzes (§ 22 Absatz 1 Satz 1 des Telekommunikation-Telemedien-Datenschutz-Gesetzes). Die Auskunft nach Satz 1 darf nur verlangt werden, sofern im Einzelfall bei der Veröffentlichung von Angeboten oder Werbemaßnahmen ohne Angabe von Name und Anschrift tatsächliche Anhaltspunkte für Schwarzarbeit oder illegale Beschäftigung nach § 1 vorliegen und die zu erhebenden Daten zur Identifizierung des Auftraggebers erforderlich sind, um Schwarzarbeit oder illegale Beschäftigung aufzudecken. Die Auskunft darf auch anhand einer zu einem bestimmten Zeitpunkt zugewiesenen Internetprotokoll-Adresse verlangt werden (§ 22 Absatz 1 Satz 3 und 4 des Telekommunikation-Digitale-Dienste-Datenschutz-Gesetzes), wenn tatsächliche Anhaltspunkte dafür vorliegen, dass die betroffene Person Nutzer des digitalen Dienstes ist, bei dem die Daten erhoben werden sollen, mit der Maßgabe, dass ein Auskunftsverlangen die Verhütung einer Straftat nach den §§ 10, 10a oder 11 dieses Gesetzes oder § 266a des Strafgesetzbuches voraussetzt. Die rechtlichen und tatsächlichen Grundlagen des Auskunftsverlangens sind aktenkundig zu machen.</P><P>(3) Die betroffene Person ist in den Fällen des Absatzes 2 Satz 3 über die Beauskunftung zu benachrichtigen. Die Benachrichtigung erfolgt, soweit und sobald hierdurch der Zweck der Auskunft nicht vereitelt wird. Sie unterbleibt, wenn ihr überwiegende schutzwürdige Belange Dritter oder der betroffenen Person selbst entgegenstehen. Wird die Benachrichtigung nach Satz 2 zurückgestellt oder nach Satz 3 von ihr abgesehen, sind die Gründe aktenkundig zu machen.</P><P>(4) Der auf Grund eines Auskunftsverlangens Verpflichtete hat die zur Auskunftserteilung erforderlichen Daten unverzüglich und vollständig zu übermitteln.</P><P>(5) Die die Auskunft verlangende Behörde hat den Verpflichteten für ihr erteilte Auskünfte eine Entschädigung zu gewähren. Der Umfang der Entschädigung bemisst sich nach § 23 und Anlage 3 des Justizvergütungs- und -entschädigungsgesetzes; die Vorschriften über die Verjährung in § 2 Absatz 1 und 4 des Justizvergütungs- und -entschädigungsgesetzes finden entsprechend Anwendung.</P></Content></text><fussnoten/></textdaten></norm>
<norm builddate="20240517214525" doknr="BJNR184210004BJNG000300000"><metadaten><jurabk>SchwarzArbG 2004</jurabk><jurabk>SchwarzArbG</jurabk><gliederungseinheit><gliederungskennzahl>030</gliederungskennzahl><gliederungsbez>Abschnitt 3</gliederungsbez><gliederungstitel>Bußgeld- und Strafvorschriften</gliederungstitel></gliederungseinheit></metadaten><textdaten><text format="XML"><Content><P/></Content></text></textdaten></norm>
<norm builddate="20240517214525" doknr="BJNR184210004BJNE000903360"><metadaten><jurabk>SchwarzArbG 2004</jurabk><jurabk>SchwarzArbG</jurabk><enbez>§ 8</enbez><titel format="XML">Bußgeldvorschriften</titel></metadaten><textdaten><text format="XML"><Content><P>(1) Ordnungswidrig handelt, wer <DL Font="normal" Type="arabic"><DT>1.</DT><DD Font="normal"><LA Size="normal"><DL Font="normal" Type="arabic"><DT>a)</DT><DD Font="normal"><LA Size="normal">(weggefallen)</LA></DD><DT>b)</DT><DD Font="normal"><LA Size="normal">(weggefallen)</LA></DD><DT>c)</DT><DD Font="normal"><LA Size="normal">(weggefallen)</LA></DD><DT>d)</DT><DD Font="normal"><LA Size="normal">der Verpflichtung zur Anzeige vom Beginn des selbstständigen Betriebes eines stehenden Gewerbes (§ 14 der Gewerbeordnung) nicht nachgekommen ist oder die erforderliche Reisegewerbekarte (§ 55 der Gewerbeordnung) nicht erworben hat oder</LA></DD><DT>e)</DT><DD Font="normal"><LA Size="normal">ein zulassungspflichtiges Handwerk als stehendes Gewerbe selbstständig betreibt, ohne in die Handwerksrolle eingetragen zu sein (§ 1 der Handwerksordnung)</LA></DD></DL></LA><LA Size="normal">und Dienst- oder Werkleistungen in erheblichem Umfang erbringt oder</LA></DD><DT>2.</DT><DD Font="normal"><LA Size="normal">Dienst- oder Werkleistungen in erheblichem Umfang ausführen lässt, indem er eine oder mehrere Personen beauftragt, von der oder denen er weiß oder fahrlässig nicht weiß, dass diese Leistungen unter vorsätzlichem Verstoß gegen eine in Nummer 1 genannte Vorschrift erbringen.</LA></DD></DL></P><P>(2) Ordnungswidrig handelt, wer vorsätzlich oder fahrlässig <DL Font="normal" Type="arabic"><DT>1.</DT><DD Font="normal"><LA Size="normal">entgegen § 2a Abs. 1 ein dort genanntes Dokument nicht mitführt oder nicht oder nicht rechtzeitig vorlegt,</LA></DD><DT>2.</DT><DD Font="normal"><LA Size="normal">entgegen § 2a Abs. 2 den schriftlichen Hinweis nicht oder nicht für die vorgeschriebene Dauer aufbewahrt oder nicht oder nicht rechtzeitig vorlegt,</LA></DD><DT>3.</DT><DD Font="normal"><LA Size="normal">entgegen<DL Font="normal" Type="arabic"><DT>a)</DT><DD Font="normal"><LA Size="normal">§ 5 Absatz 1 Satz 1 Nummer 1, 2 oder 3 oder</LA></DD><DT>b)</DT><DD Font="normal"><LA Size="normal">§ 5 Absatz 4 Satz 1</LA></DD></DL></LA><LA Size="normal">eine Prüfung oder das Betreten eines Grundstücks oder eines Geschäftsraumes nicht duldet oder bei einer Prüfung nicht mitwirkt,</LA></DD><DT>4.</DT><DD Font="normal"><LA Size="normal">entgegen § 5 Absatz 3 Satz 1 ein dort genanntes Dokument nicht oder nicht rechtzeitig vorlegt,</LA></DD><DT>5.</DT><DD Font="normal"><LA Size="normal">entgegen § 5 Absatz 5 Satz 1 Daten nicht, nicht richtig, nicht vollständig, nicht in der vorgeschriebenen Weise oder nicht rechtzeitig übermittelt,</LA></DD><DT>6.</DT><DD Font="normal"><LA Size="normal">entgegen § 5a Absatz 1 Satz 1 seine Arbeitskraft anbietet oder</LA></DD><DT>7.</DT><DD Font="normal"><LA Size="normal">entgegen § 5a Absatz 1 Satz 2 eine Arbeitskraft nachfragt.</LA></DD></DL></P><P>(3) Ordnungswidrig handelt, wer als Arbeitgeber eine in § 266a Absatz 2 Nummer 1 oder 2 des Strafgesetzbuches bezeichnete Handlung leichtfertig begeht und dadurch der Einzugsstelle Beiträge des Arbeitnehmers oder der Arbeitnehmerin zur Sozialversicherung einschließlich der Arbeitsförderung oder vom Arbeitgeber zu tragende Beiträge zur Sozialversicherung einschließlich der Arbeitsförderung, unabhängig davon, ob Arbeitsentgelt gezahlt wird, leichtfertig vorenthält.</P><P>(4) Ordnungswidrig handelt, wer <DL Font="normal" Type="arabic"><DT>1.</DT><DD Font="normal"><LA Size="normal">einen Beleg ausstellt, der in tatsächlicher Hinsicht nicht richtig ist und das Erbringen oder Ausführenlassen einer Dienst- oder Werkleistung vorspiegelt, oder</LA></DD><DT>2.</DT><DD Font="normal"><LA Size="normal">einen in Nummer 1 genannten Beleg in den Verkehr bringt</LA></DD></DL>und dadurch Schwarzarbeit im Sinne des § 1 Absatz 2 oder illegale Beschäftigung im Sinne des § 1 Absatz 3 ermöglicht.</P><P>(5) Ordnungswidrig handelt, wer eine in Absatz 4 genannte Handlung begeht und <DL Font="normal" Type="arabic"><DT>1.</DT><DD Font="normal"><LA Size="normal">aus grobem Eigennutz für sich oder einen anderen Vermögensvorteile großen Ausmaßes erlangt oder</LA></DD><DT>2.</DT><DD Font="normal"><LA Size="normal">als Mitglied einer Bande handelt, die sich zur fortgesetzten Begehung solcher Taten verbunden hat.</LA></DD></DL></P><P>(6) Die Ordnungswidrigkeit kann in den Fällen des Absatzes 5 mit einer Geldbuße bis zu fünfhunderttausend Euro, in den Fällen des Absatzes 4 mit einer Geldbuße bis zu einhunderttausend Euro, in den Fällen des Absatzes 1 Nummer 1 Buchstabe d und e, Nummer 2 in Verbindung mit Nummer 1 Buchstabe d und e sowie in den Fällen des Absatzes 3 mit einer Geldbuße bis zu fünfzigtausend Euro, in den Fällen des Absatzes 2 Nummer 3 Buchstabe a, Nummer 5 und 7 mit einer Geldbuße bis zu dreißigtausend Euro, in den Fällen des Absatzes 2 Nummer 1 und 6 mit einer Geldbuße bis zu fünftausend Euro und in den übrigen Fällen mit einer Geldbuße bis zu tausend Euro geahndet werden.</P><P>(7) Absatz 1 findet keine Anwendung für nicht nachhaltig auf Gewinn gerichtete Dienst- oder Werkleistungen, die <DL Font="normal" Type="arabic"><DT>1.</DT><DD Font="normal"><LA Size="normal">von Angehörigen im Sinne des § 15 der Abgabenordnung oder Lebenspartnern,</LA></DD><DT>2.</DT><DD Font="normal"><LA Size="normal">aus Gefälligkeit,</LA></DD><DT>3.</DT><DD Font="normal"><LA Size="normal">im Wege der Nachbarschaftshilfe oder</LA></DD><DT>4.</DT><DD Font="normal"><LA Size="normal">im Wege der Selbsthilfe im Sinne des § 36 Abs. 2 und 4 des Zweiten Wohnungsbaugesetzes in der Fassung der Bekanntmachung vom 19. August 1994 (BGBl. I S. 2137) oder als Selbsthilfe im Sinne des § 12 Abs. 1 Satz 2 des Wohnraumförderungsgesetzes vom 13. September 2001 (BGBl. I S. 2376), zuletzt geändert durch Artikel 7 des Gesetzes vom 29. Dezember 2003 (BGBl. I S. 3076),</LA></DD></DL>erbracht werden. Als nicht nachhaltig auf Gewinn gerichtet gilt insbesondere eine Tätigkeit, die gegen geringes Entgelt erbracht wird.</P><P>(8) Das Bundesministerium der Finanzen wird ermächtigt, durch Rechtsverordnung mit Zustimmung des Bundesrates Vorschriften über Regelsätze für Geldbußen wegen einer Ordnungswidrigkeit nach Absatz 1 oder 2 zu erlassen.</P><P>(9) Eine Geldbuße wird in den Fällen des Absatzes 3 nicht festgesetzt, wenn der Arbeitgeber spätestens im Zeitpunkt der Fälligkeit oder unverzüglich danach gegenüber der Einzugsstelle <DL Font="normal" Type="arabic"><DT>1.</DT><DD Font="normal"><LA Size="normal">schriftlich die Höhe der vorenthaltenen Beiträge mitteilt,</LA></DD><DT>2.</DT><DD Font="normal"><LA Size="normal">schriftlich darlegt, warum die fristgemäße Zahlung nicht möglich ist, obwohl er sich darum ernsthaft bemüht hat, und</LA></DD><DT>3.</DT><DD Font="normal"><LA Size="normal">die vorenthaltenen Beiträge nachträglich innerhalb der von der Einzugsstelle bestimmten angemessenen Frist entrichtet.</LA></DD></DL></P></Content></text><fussnoten/></textdaten></norm>
<norm builddate="20240517214525" doknr="BJNR184210004BJNE001002123"><metadaten><jurabk>SchwarzArbG 2004</jurabk><jurabk>SchwarzArbG</jurabk><enbez>§ 9</enbez><titel format="XML">(weggefallen)</titel></metadaten><textdaten><text format="XML"><Content/></text><fussnoten/></textdaten></norm>
<norm builddate="20240517214525" doknr="BJNR184210004BJNE001101377"><metadaten><jurabk>SchwarzArbG 2004</jurabk><jurabk>SchwarzArbG</jurabk><enbez>§ 10</enbez><titel format="parat">Beschäftigung von Ausländern ohne Genehmigung oder ohne Aufenthaltstitel
und zu ungünstigen Arbeitsbedingungen</titel></metadaten><textdaten><text format="XML"><Content><P>(1) Wer vorsätzlich eine in § 404 Abs. 2 Nr. 3 des Dritten Buches Sozialgesetzbuch bezeichnete Handlung begeht und den Ausländer zu Arbeitsbedingungen beschäftigt, die in einem auffälligen Missverhältnis zu den Arbeitsbedingungen deutscher Arbeitnehmer und Arbeitnehmerinnen stehen, die die gleiche oder eine vergleichbare Tätigkeit ausüben, wird mit Freiheitsstrafe bis zu drei Jahren oder mit Geldstrafe bestraft.</P><P>(2) In besonders schweren Fällen des Absatzes 1 ist die Strafe Freiheitsstrafe von sechs Monaten bis zu fünf Jahren. Ein besonders schwerer Fall liegt in der Regel vor, wenn der Täter gewerbsmäßig oder aus grobem Eigennutz handelt.</P></Content> </text><fussnoten/></textdaten></norm>
<norm builddate="20240517214525" doknr="BJNR184210004BJNE002602360"><metadaten><jurabk>SchwarzArbG 2004</jurabk><jurabk>SchwarzArbG</jurabk><enbez>§ 10a</enbez><titel format="XML">Beschäftigung von Ausländern ohne Aufenthaltstitel, die Opfer von Menschenhandel sind</titel></metadaten><textdaten><text format="XML"><Content><P>Mit Freiheitsstrafe bis zu drei Jahren oder mit Geldstrafe wird bestraft, wer entgegen § 4a Absatz 5 Satz 1 des Aufenthaltsgesetzes einen Ausländer beschäftigt und hierbei eine Lage ausnutzt, in der sich der Ausländer durch eine gegen ihn gerichtete Tat eines Dritten nach § 232a Absatz 1 bis 5 oder § 232b des Strafgesetzbuchs befindet.</P></Content></text><fussnoten/></textdaten></norm>
<norm builddate="20240517214525" doknr="BJNR184210004BJNE001205360"><metadaten><jurabk>SchwarzArbG 2004</jurabk><jurabk>SchwarzArbG</jurabk><enbez>§ 11</enbez><titel format="XML">Erwerbstätigkeit von Ausländern ohne Genehmigung oder ohne Aufenthaltstitel in größerem Umfang oder von minderjährigen Ausländern</titel></metadaten><textdaten><text format="XML"><Content><P>(1) Wer <DL Font="normal" Type="arabic"><DT>1.</DT><DD Font="normal"><LA Size="normal">gleichzeitig mehr als fünf Ausländer entgegen § 284 Abs. 1 des Dritten Buches Sozialgesetzbuch beschäftigt oder entgegen § 4a Absatz 5 Satz 1 des Aufenthaltsgesetzes beschäftigt oder mit Dienst- oder Werkleistungen beauftragt,</LA></DD><DT>2.</DT><DD Font="normal"><LA Size="normal">eine in<DL Font="normal" Type="arabic"><DT>a)</DT><DD Font="normal"><LA Size="normal">§ 404 Abs. 2 Nr. 3 des Dritten Buches Sozialgesetzbuch,</LA></DD><DT>b)</DT><DD Font="normal"><LA Size="normal">§ 404 Abs. 2 Nr. 4 des Dritten Buches Sozialgesetzbuch,</LA></DD><DT>c)</DT><DD Font="normal"><LA Size="normal">§ 98 Absatz 2a Nummer 1 des Aufenthaltsgesetzes oder</LA></DD><DT>d)</DT><DD Font="normal"><LA Size="normal">§ 98 Abs. 3 Nr. 1 des Aufenthaltsgesetzes</LA></DD></DL></LA><LA Size="normal">bezeichnete vorsätzliche Handlung beharrlich wiederholt oder</LA></DD><DT>3.</DT><DD Font="normal"><LA Size="normal">entgegen § 4a Absatz 5 Satz 1 des Aufenthaltsgesetzes eine Person unter 18 Jahren beschäftigt,</LA></DD></DL>wird mit Freiheitsstrafe bis zu einem Jahr oder mit Geldstrafe bestraft.</P><P>(2) Handelt der Täter in den Fällen des Absatzes 1 Nummer 1, Nummer 2 Buchstabe a oder Buchstabe c oder Nummer 3 aus grobem Eigennutz, ist die Strafe Freiheitsstrafe bis zu drei Jahren oder Geldstrafe.</P></Content></text><fussnoten/></textdaten></norm>
<norm builddate="20240517214525" doknr="BJNR184210004BJNG000400000"><metadaten><jurabk>SchwarzArbG 2004</jurabk><jurabk>SchwarzArbG</jurabk><gliederungseinheit><gliederungskennzahl>040</gliederungskennzahl><gliederungsbez>Abschnitt 4</gliederungsbez><gliederungstitel>Ermittlungen</gliederungstitel></gliederungseinheit></metadaten><textdaten><text format="XML"><Content><P/></Content></text></textdaten></norm>
<norm builddate="20240517214525" doknr="BJNR184210004BJNE001305360"><metadaten><jurabk>SchwarzArbG 2004</jurabk><jurabk>SchwarzArbG</jurabk><enbez>§ 12</enbez><titel format="XML">Allgemeines zu den Ordnungswidrigkeiten</titel></metadaten><textdaten><text format="XML"><Content><P>(1) Verwaltungsbehörden im Sinne des § 36 Abs. 1 Nr. 1 des Gesetzes über Ordnungswidrigkeiten sind <DL Font="normal" Type="arabic"><DT>1.</DT><DD Font="normal"><LA Size="normal">(weggefallen)</LA></DD><DT>2.</DT><DD Font="normal"><LA Size="normal">in den Fällen des § 8 Abs. 1 Nr. 1 Buchstabe d und e und Nr. 2 in Verbindung mit Nr. 1 Buchstabe d und e die nach Landesrecht zuständige Behörde,</LA></DD><DT>3.</DT><DD Font="normal"><LA Size="normal">in den Fällen des § 8 Abs. 2 die Behörden der Zollverwaltung sowie die nach Landesrecht zuständige Behörde jeweils für ihren Geschäftsbereich,</LA></DD><DT>4.</DT><DD Font="normal"><LA Size="normal">in den Fällen des § 8 Absatz 3 bis 5 die Behörden der Zollverwaltung.</LA></DD></DL></P><P>(2) Die Geldbußen fließen in die Kasse der Verwaltungsbehörde, die den Bußgeldbescheid erlassen hat.</P><P>(3) Die nach Absatz 2 zuständige Kasse trägt abweichend von § 105 Abs. 2 des Gesetzes über Ordnungswidrigkeiten die notwendigen Auslagen. Sie ist auch ersatzpflichtig im Sinne des § 110 Abs. 4 des Gesetzes über Ordnungswidrigkeiten.</P><P>(4) Die Behörden der Zollverwaltung unterrichten das Gewerbezentralregister über rechtskräftige Bußgeldbescheide nach § 8 Absatz 2 Nummer 3 Buchstabe a und Nummer 5 sowie Absatz 3 bis 5, sofern die Geldbuße mehr als zweihundert Euro beträgt.</P><P>(5) Nimmt die Staatsanwaltschaft an der Hauptverhandlung nach § 75 Absatz 2 des Gesetzes über Ordnungswidrigkeiten nicht teil, so gibt das Gericht den Behörden der Zollverwaltung Gelegenheit, die Gründe vorzubringen, die aus ihrer Sicht für die Entscheidung von Bedeutung sind. Dies gilt auch, wenn das Gericht erwägt, das Verfahren einzustellen. Der Vertreter der Behörden der Zollverwaltung erhält in der Hauptverhandlung auf Verlangen das Wort. Ihm ist zu gestatten, Fragen an Betroffene, Zeugen und Sachverständige zu richten.</P></Content></text><fussnoten/></textdaten></norm>
<norm builddate="20240517214525" doknr="BJNR184210004BJNE001402360"><metadaten><jurabk>SchwarzArbG 2004</jurabk><jurabk>SchwarzArbG</jurabk><enbez>§ 13</enbez><titel format="XML">Zusammenarbeit in Bußgeldverfahren</titel></metadaten><textdaten><text format="XML"><Content><P>(1) Die Behörden der Zollverwaltung arbeiten insbesondere mit den in § 2 Absatz 4 genannten unterstützenden Stellen zusammen.</P><P>(2) Ergeben sich für die in § 2 Absatz 4 Nummer 2 bis 20 genannten unterstützenden Stellen im Zusammenhang mit der Erfüllung ihrer gesetzlichen Aufgaben Anhaltspunkte für in § 8 genannte Verstöße, unterrichten sie die für die Verfolgung und Ahndung von Ordnungswidrigkeiten nach diesem Gesetz zuständigen Behörden. § 31a der Abgabenordnung bleibt unberührt.</P><P>(3) Gerichte und Staatsanwaltschaften sollen den nach diesem Gesetz zuständigen Stellen Erkenntnisse übermitteln, die aus ihrer Sicht zur Verfolgung von Ordnungswidrigkeiten nach § 8 erforderlich sind, soweit nicht für das Gericht oder die Staatsanwaltschaft erkennbar ist, dass schutzwürdige Interessen der betroffenen Person oder anderer Verfahrensbeteiligter an dem Ausschluss der Übermittlung überwiegen. Dabei ist zu berücksichtigen, wie gesichert die zu übermittelnden Erkenntnisse sind.</P></Content></text><fussnoten/></textdaten></norm>
<norm builddate="20240517214525" doknr="BJNR184210004BJNE001502360"><metadaten><jurabk>SchwarzArbG 2004</jurabk><jurabk>SchwarzArbG</jurabk><enbez>§ 14</enbez><titel format="XML">Ermittlungsbefugnisse</titel></metadaten><textdaten><text format="XML"><Content><P>(1) Die Behörden der Zollverwaltung haben bei der Verfolgung von Straftaten und Ordnungswidrigkeiten, die mit einem der in § 2 Abs. 1 genannten Prüfgegenstände unmittelbar zusammenhängen, die gleichen Befugnisse wie die Polizeivollzugsbehörden nach der Strafprozessordnung und dem Gesetz über Ordnungswidrigkeiten. Ihre Beamten sind insoweit Ermittlungspersonen der Staatsanwaltschaft. In den Dienst der Zollverwaltung übergeleitete Angestellte nehmen die Befugnisse nach Satz 1 wahr und sind insoweit Ermittlungspersonen der Staatsanwaltschaft, wenn sie <DL Font="normal" Type="arabic"><DT>1.</DT><DD Font="normal"><LA Size="normal">das 21. Lebensjahr vollendet haben,</LA></DD><DT>2.</DT><DD Font="normal"><LA Size="normal">am 31. Dezember 2003 im Dienst der Bundesanstalt für Arbeit gestanden haben und</LA></DD><DT>3.</DT><DD Font="normal"><LA Size="normal">dort mindestens zwei Jahre lang zur Bekämpfung der Schwarzarbeit oder der illegalen Beschäftigung eingesetzt waren.</LA></DD></DL></P><P>(2) Zur Bekämpfung von Schwarzarbeit und illegaler Beschäftigung können die Behörden der Zollverwaltung, die Polizeibehörden und die Landesfinanzbehörden in Abstimmung mit der Staatsanwaltschaft gemeinsame Ermittlungsgruppen bilden.</P><P>(3) Die Behörden der Zollverwaltung dürfen bei der Verfolgung von Straftaten nach Absatz 1 erkennungsdienstliche Maßnahmen nach § 81b der Strafprozessordnung auch zur Vorsorge für künftige Strafverfahren durchführen.</P></Content></text><fussnoten/></textdaten></norm>
<norm builddate="20240517214525" doknr="BJNR184210004BJNE002900360"><metadaten><jurabk>SchwarzArbG 2004</jurabk><jurabk>SchwarzArbG</jurabk><enbez>§ 14a</enbez><titel format="XML">Selbstständige Durchführung von Ermittlungsverfahren</titel></metadaten><textdaten><text format="XML"><Content><P>(1) Die Behörden der Zollverwaltung führen in den Fällen, in denen ihnen die Befugnisse nach § 14 zustehen, die Ermittlungsverfahren nach Maßgabe dieser Vorschrift und in den Grenzen des § 14b selbstständig durch, wenn die Tat ausschließlich eine Straftat nach § 266a des Strafgesetzbuches darstellt und die Staatsanwaltschaft die Strafsache an die Behörden der Zollverwaltung abgegeben hat. Die allgemeinen Gesetze über das Strafverfahren sind anzuwenden.</P><P>(2) Eine Abgabe durch die Staatsanwaltschaft nach Absatz 1 erfolgt nicht, wenn besondere Umstände es angezeigt erscheinen lassen, dass das Ermittlungsverfahren unter der Verantwortung der Staatsanwaltschaft fortzuführen ist. Dies ist insbesondere der Fall, wenn <DL Font="normal" Type="arabic"><DT>1.</DT><DD Font="normal"><LA Size="normal">eine Maßnahme nach den §§ 99, 102, 103 oder 104 der Strafprozessordnung beantragt worden ist,</LA></DD><DT>2.</DT><DD Font="normal"><LA Size="normal">eine Maßnahme nach § 100a der Strafprozessordnung beantragt worden ist,</LA></DD><DT>3.</DT><DD Font="normal"><LA Size="normal">die Anordnung der Untersuchungshaft nach § 112 der Strafprozessordnung beantragt worden ist,</LA></DD><DT>4.</DT><DD Font="normal"><LA Size="normal">die Strafsache besondere Schwierigkeiten aufweist,</LA></DD><DT>5.</DT><DD Font="normal"><LA Size="normal">der Beschuldigte außer dieser Tat noch einer anderen, prozessual selbstständigen Straftat beschuldigt wird und die Taten in einem einheitlichen Ermittlungsverfahren verfolgt werden sollen,</LA></DD><DT>6.</DT><DD Font="normal"><LA Size="normal">eine Freiheitsstrafe zu erwarten ist, die nicht im Strafbefehlsverfahren festgesetzt werden kann,</LA></DD><DT>7.</DT><DD Font="normal"><LA Size="normal">gegen die folgenden Personen ermittelt wird: <DL Font="normal" Type="alpha"><DT>a)</DT><DD Font="normal"><LA Size="normal">Mitglieder des Europäischen Parlaments, des Deutschen Bundestages oder einer gesetzgebenden Körperschaft eines Landes,</LA></DD><DT>b)</DT><DD Font="normal"><LA Size="normal">Mitglieder diplomatischer Vertretungen und andere von der inländischen Gerichtsbarkeit befreite Personen,</LA></DD><DT>c)</DT><DD Font="normal"><LA Size="normal">Mitglieder einer Truppe oder eines zivilen Gefolges eines NATO-Staates oder deren Angehörige,</LA></DD><DT>d)</DT><DD Font="normal"><LA Size="normal">Personen, die in den Anwendungsbereich des Jugendgerichtsgesetzes fallen, oder</LA></DD><DT>e)</DT><DD Font="normal"><LA Size="normal">Personen, bei denen Anhaltspunkte dafür vorliegen, dass sie vermindert schuldfähig (§ 21 des Strafgesetzbuches) oder aus psychischen Gründen in ihrer Verteidigung behindert sind, oder</LA></DD></DL></LA></DD><DT>8.</DT><DD Font="normal"><LA Size="normal">ein Amtsträger der Zollverwaltung der Beteiligung verdächtig ist.</LA></DD></DL></P><P>(3) Soll nach Abgabe durch die Staatsanwaltschaft nach Absatz 1 eine Maßnahme nach Absatz 2 Satz 2 Nummer 1 oder 2 beantragt werden, so haben die Behörden der Zollverwaltung nicht die Befugnis, bei Gefahr im Verzug selbst Anordnungen vorzunehmen. Soll nach einer Abgabe durch die Staatsanwaltschaft nach Absatz 1 eine Maßnahme nach Absatz 2 Satz 2 Nummer 2 oder 3 beantragt werden oder ergibt sich nachträglich, dass ein Fall des Absatzes 2 Satz 2 Nummer 4 bis 8 vorliegt, geben die Behörden der Zollverwaltung die Strafsache an die Staatsanwaltschaft zurück.</P><P>(4) Im Übrigen können die Behörden der Zollverwaltung die Strafsache jederzeit an die Staatsanwaltschaft zurückgeben, die Staatsanwaltschaft kann die Strafsache jederzeit wieder an sich ziehen.</P></Content></text><fussnoten/></textdaten></norm>
<norm builddate="20240517214525" doknr="BJNR184210004BJNE003000360"><metadaten><jurabk>SchwarzArbG 2004</jurabk><jurabk>SchwarzArbG</jurabk><enbez>§ 14b</enbez><titel format="XML">Rechte und Pflichten bei der selbstständigen Durchführung von Ermittlungsverfahren</titel></metadaten><textdaten><text format="XML"><Content><P>(1) Führen die Behörden der Zollverwaltung das Ermittlungsverfahren nach § 14a selbstständig durch, so nehmen sie die Rechte und Pflichten wahr, die der Staatsanwaltschaft im Ermittlungsverfahren zustehen.</P><P>(2) Sie haben nicht die Befugnis, Ermittlungen durch die Behörden und Beamten des Polizeidienstes vornehmen zu lassen.</P><P>(3) Bieten die Ermittlungen genügenden Anlass zur Erhebung der öffentlichen Klage, so beantragt die Behörde der Zollverwaltung über die Staatsanwaltschaft bei dem zuständigen Gericht den Erlass eines Strafbefehls, wenn die Strafsache zur Behandlung im Strafbefehlsverfahren geeignet erscheint; andernfalls legt die Behörde der Zollverwaltung die Akten der Staatsanwaltschaft vor.</P><P>(4) Hat die Behörde der Zollverwaltung den Erlass eines Strafbefehls beantragt, so nimmt sie die Rechte und Pflichten der Staatsanwaltschaft wahr, solange nicht nach § 408 Absatz 3 Satz 2 der Strafprozessordnung die Hauptverhandlung anberaumt oder Einspruch gegen den Strafbefehl erhoben ist.</P><P>(5) Hat die Behörde der Zollverwaltung den Antrag gestellt, eine Einziehung gemäß § 435 der Strafprozessordnung selbstständig anzuordnen oder eine Geldbuße gegen eine juristische Person oder eine Personenvereinigung gemäß § 444 Absatz 3 der Strafprozessordnung selbstständig festzusetzen, so nimmt sie die Rechte und Pflichten der Staatsanwaltschaft wahr, solange die mündliche Verhandlung nicht beantragt oder vom Gericht angeordnet ist.</P></Content></text><fussnoten/></textdaten></norm>
<norm builddate="20240517214525" doknr="BJNR184210004BJNE003100360"><metadaten><jurabk>SchwarzArbG 2004</jurabk><jurabk>SchwarzArbG</jurabk><enbez>§ 14c</enbez><titel format="XML">Sachliche und örtliche Zuständigkeit bei der selbstständigen Durchführung von Ermittlungsverfahren</titel></metadaten><textdaten><text format="XML"><Content><P>(1) Sachlich zuständig für die Durchführung des selbstständigen Ermittlungsverfahrens nach § 14a ist das Hauptzollamt.</P><P>(2) Örtlich zuständig für die Durchführung des selbstständigen Ermittlungsverfahrens ist das Hauptzollamt, <DL Font="normal" Type="arabic"><DT>1.</DT><DD Font="normal"><LA Size="normal">in dessen Bezirk die Straftat begangen oder entdeckt worden ist,</LA></DD><DT>2.</DT><DD Font="normal"><LA Size="normal">das zum Zeitpunkt der Abgabe des Ermittlungsverfahrens durch die Staatsanwaltschaft für die Prüfung gemäß § 2 Absatz 1 zuständig ist oder</LA></DD><DT>3.</DT><DD Font="normal"><LA Size="normal">in dessen Bezirk der Beschuldigte zum Zeitpunkt der Abgabe des Ermittlungsverfahrens seinen Wohnsitz hat; hat der Beschuldigte im räumlichen Geltungsbereich dieses Gesetzes keinen Wohnsitz, so wird die Zuständigkeit durch den Ort des gewöhnlichen Aufenthalts bestimmt.</LA></DD></DL>Sind nach Satz 1 mehrere Hauptzollämter zuständig, so ist das Hauptzollamt örtlich zuständig, an das die Staatsanwaltschaft das Ermittlungsverfahren abgegeben hat.</P><P>(3) Ändert sich in den Fällen des Absatzes 2 Satz 1 Nummer 3 der Wohnsitz oder der Ort des gewöhnlichen Aufenthalts des Beschuldigten nach Abgabe des Ermittlungsverfahrens, so ist auch das Hauptzollamt örtlich zuständig, in dessen Bezirk der neue Wohnsitz oder Ort des gewöhnlichen Aufenthalts liegt. Übergibt das nach Absatz 2 örtlich zuständige Hauptzollamt das Ermittlungsverfahren an das nach Satz 1 auch örtlich zuständige Hauptzollamt, so hat es die Staatsanwaltschaft davon in Kenntnis zu setzen.</P></Content></text><fussnoten/></textdaten></norm>
<norm builddate="20240517214525" doknr="BJNR184210004BJNG000500000"><metadaten><jurabk>SchwarzArbG 2004</jurabk><jurabk>SchwarzArbG</jurabk><gliederungseinheit><gliederungskennzahl>050</gliederungskennzahl><gliederungsbez>Abschnitt 5</gliederungsbez><gliederungstitel>Datenschutz</gliederungstitel></gliederungseinheit></metadaten><textdaten><text format="XML"><Content><P/></Content></text></textdaten></norm>
<norm builddate="20240517214525" doknr="BJNR184210004BJNE001600000"><metadaten><jurabk>SchwarzArbG 2004</jurabk><jurabk>SchwarzArbG</jurabk><enbez>§ 15</enbez><titel format="parat">Allgemeines</titel></metadaten><textdaten><text format="XML"><Content><P>Für die Wahrnehmung der Aufgaben nach diesem Gesetz durch die Behörden der Zollverwaltung gelten hinsichtlich der Sozialdaten die Vorschriften des Zweiten Kapitels des Zehnten Buches Sozialgesetzbuch. Diese Aufgaben gelten in datenschutzrechtlicher Hinsicht auch als Aufgaben nach dem Sozialgesetzbuch. Die Vorschriften des Vierten Abschnitts des Ersten Teils der Abgabenordnung zum Steuergeheimnis bleiben unberührt.</P></Content></text></textdaten></norm>
<norm builddate="20240517214525" doknr="BJNR184210004BJNE001707360"><metadaten><jurabk>SchwarzArbG 2004</jurabk><jurabk>SchwarzArbG</jurabk><enbez>§ 16</enbez><titel format="XML">Zentrales Informationssystem für die Finanzkontrolle Schwarzarbeit</titel></metadaten><textdaten><text format="XML"><Content><P>(1) Die Behörden der Zollverwaltung führen ein zentrales Informationssystem für die Finanzkontrolle Schwarzarbeit, in dem die zur Aufgabenerfüllung nach diesem Gesetz erhobenen und übermittelten Daten automatisiert verarbeitet werden.</P><P>(2) Im zentralen Informationssystem für die Finanzkontrolle Schwarzarbeit werden folgende Daten gespeichert: <DL Font="normal" Type="arabic"><DT>1.</DT><DD Font="normal"><LA Size="normal">Familienname, frühere Namen, Vornamen, Tag und Ort der Geburt einschließlich Bezirk, Geburtsland, Geschlecht, Staatsangehörigkeiten, Wohnanschriften, Familienstand, Berufsbezeichnung, Steuernummer, Personalausweis- und Reisepassnummer, Kontodaten, Sozialversicherungsnummer, bei Unternehmen Name, Sitz, Rechtsform, Registernummer und -ort, Vertretungsverhältnisse des Unternehmens, Adressdaten, Steuernummer, Betriebsnummer, Kontodaten,</LA></DD><DT>2.</DT><DD Font="normal"><LA Size="normal">die Bezeichnung der aktenführenden Dienststelle der Zollverwaltung und das Aktenzeichen und</LA></DD><DT>3.</DT><DD Font="normal"><LA Size="normal">der Zeitpunkt der Einleitung des Verfahrens, der Zeitpunkt der letzten Verfahrenshandlung und der Zeitpunkt der Erledigung des Verfahrens, jeweils durch die Behörden der Zollverwaltung, sowie der Zeitpunkt und die Art der Erledigung durch das Gericht oder die Staatsanwaltschaft.</LA></DD></DL></P><P>Das Bundesministerium der Finanzen kann durch Rechtsverordnung ergänzend weitere Daten bestimmen, soweit diese für die Finanzkontrolle Schwarzarbeit im Rahmen ihrer Aufgaben <DL Font="normal" Type="arabic"><DT>1.</DT><DD Font="normal"><LA Size="normal">zur Vorbereitung und Durchführung von Prüfungen nach § 2 Absatz 1, oder</LA></DD><DT>2.</DT><DD Font="normal"><LA Size="normal">zur Verhütung und Verfolgung von Straftaten und Ordnungswidrigkeiten, die mit einem der in § 2 Absatz 1 genannten Prüfgegenstände zusammenhängen,</LA></DD></DL>erforderlich sind.</P><P>(3) Im zentralen Informationssystem für die Finanzkontrolle Schwarzarbeit dürfen personenbezogene Daten nur zu folgenden Zwecken verarbeitet werden: <DL Font="normal" Type="arabic"><DT>1.</DT><DD Font="normal"><LA Size="normal">zur Vorbereitung und Durchführung von Prüfungen nach § 2 Absatz 1,</LA></DD><DT>2.</DT><DD Font="normal"><LA Size="normal">zur Verhütung und Verfolgung von Straftaten und Ordnungswidrigkeiten, die mit einem der in § 2 Absatz 1 genannten Prüfgegenstände zusammenhängen,</LA></DD><DT>3.</DT><DD Font="normal"><LA Size="normal">zur Besteuerung, soweit sie im Zusammenhang mit der Erbringung von Dienst- oder Werkleistungen steht,</LA></DD><DT>4.</DT><DD Font="normal"><LA Size="normal">zur Erfüllung von Aufgaben, welche den Behörden der Zollverwaltung nach § 5a des Finanzverwaltungsgesetzes oder § 17a des Zollverwaltungsgesetzes zugewiesen sind, und</LA></DD><DT>5.</DT><DD Font="normal"><LA Size="normal">zur Fortbildung im Bereich der Finanzkontrolle Schwarzarbeit, soweit die Daten anonymisiert werden.</LA></DD></DL></P><P>(4) Die Generalzolldirektion erstellt für die automatisierte Verarbeitung nach Absatz 1 eine Errichtungsanordnung, die der Zustimmung des Bundesministeriums der Finanzen bedarf. In der Errichtungsanordnung sind festzulegen: <DL Font="normal" Type="arabic"><DT>1.</DT><DD Font="normal"><LA Size="normal">die Bezeichnung des Verantwortlichen,</LA></DD><DT>2.</DT><DD Font="normal"><LA Size="normal">die Rechtsgrundlage und der Zweck der Verarbeitung,</LA></DD><DT>3.</DT><DD Font="normal"><LA Size="normal">der Personenkreis, über den Daten gespeichert werden,</LA></DD><DT>4.</DT><DD Font="normal"><LA Size="normal">die Art und der Inhalt der gespeicherten personenbezogenen Daten,</LA></DD><DT>5.</DT><DD Font="normal"><LA Size="normal">die Arten der personenbezogenen Daten, die der Erschließung der Sammlung dienen,</LA></DD><DT>6.</DT><DD Font="normal"><LA Size="normal">die Anlieferung oder die Eingabe der gespeicherten Daten,</LA></DD><DT>7.</DT><DD Font="normal"><LA Size="normal">die Voraussetzungen, unter denen gespeicherte personenbezogene Daten an welche Empfänger und in welchen Verfahren übermittelt werden,</LA></DD><DT>8.</DT><DD Font="normal"><LA Size="normal">die Prüffristen und die Speicherungsdauer,</LA></DD><DT>9.</DT><DD Font="normal"><LA Size="normal">die Protokollierung sowie</LA></DD><DT>10.</DT><DD Font="normal"><LA Size="normal">die Verpflichtung zur Erstellung und zur Pflege eines Rollen- und Berechtigungskonzeptes.</LA></DD></DL>Die oder der Bundesbeauftragte für den Datenschutz und die Informationsfreiheit ist vor Erlass der Errichtungsanordnung anzuhören.</P></Content></text><fussnoten/></textdaten></norm>
<norm builddate="20240517214525" doknr="BJNR184210004BJNE001805360"><metadaten><jurabk>SchwarzArbG 2004</jurabk><jurabk>SchwarzArbG</jurabk><enbez>§ 17</enbez><titel format="XML">Übermittlung von Daten aus dem zentralen Informationssystem</titel></metadaten><textdaten><text format="XML"><Content><P>(1) Die Übermittlung von Daten aus dem zentralen Informationssystem für die Finanzkontrolle Schwarzarbeit erfolgt auf Ersuchen an<DL Font="normal" Type="arabic"><DT>1.</DT><DD Font="normal"><LA Size="normal">(weggefallen)</LA></DD><DT>2.</DT><DD Font="normal"><LA Size="normal">die Staatsanwaltschaften für Zwecke der Strafverfolgung,</LA></DD><DT>3.</DT><DD Font="normal"><LA Size="normal">die Polizeivollzugsbehörden des Bundes und der Länder für die Verhütung und Verfolgung von Straftaten und Ordnungswidrigkeiten, die im Zusammenhang mit einem der in § 2 Abs. 1 genannten Prüfgegenstände stehen,</LA></DD><DT>4.</DT><DD Font="normal"><LA Size="normal">die Finanzbehörden der Länder zur Durchführung eines Steuerstraf- oder Steuerordnungswidrigkeitenverfahrens und für die Besteuerung, soweit die Besteuerung im Zusammenhang mit der Erbringung oder der Vortäuschung der Erbringung von Dienst- oder Werkleistungen steht,</LA></DD><DT>5.</DT><DD Font="normal"><LA Size="normal">die Zentralstelle für Finanztransaktionsuntersuchungen zur Erfüllung ihrer Aufgaben nach § 28 Absatz 1 Satz 2 Nummer 2 des Geldwäschegesetzes,</LA></DD><DT>6.</DT><DD Font="normal"><LA Size="normal">die Bundesagentur für Arbeit zur Durchführung von Ordnungswidrigkeitenverfahren wegen Leistungsmissbrauchs und für die damit zusammenhängende Einstellung der Gewährung von Leistungen nach dem Dritten Buch Sozialgesetzbuch,</LA></DD><DT>7.</DT><DD Font="normal"><LA Size="normal">die Bundesagentur für Arbeit zur Durchführung von Ordnungswidrigkeitenverfahren nach dem Arbeitnehmerüberlassungsgesetz sowie für den Widerruf, die Versagung oder die Versagung der Verlängerung der Erlaubnis im Sinne des § 1 Absatz 1 Satz 1 des Arbeitnehmerüberlassungsgesetzes,</LA></DD><DT>8.</DT><DD Font="normal"><LA Size="normal">die Bundesagentur für Arbeit in ihrer Funktion als Familienkasse zur Durchführung von Steuerstrafverfahren und Ordnungswidrigkeitenverfahren und für die damit zusammenhängende Einstellung der Gewährung von Kindergeldleistungen und des Kinderzuschlags,</LA></DD><DT>9.</DT><DD Font="normal"><LA Size="normal">die gemeinsamen Einrichtungen und die zugelassenen kommunalen Träger nach dem Zweiten Buch Sozialgesetzbuch zur Durchführung von Ordnungswidrigkeitenverfahren wegen Leistungsmissbrauchs und für die damit zusammenhängende Leistungsbearbeitung nach dem Zweiten Buch Sozialgesetzbuch oder</LA></DD><DT>10.</DT><DD Font="normal"><LA Size="normal">die Träger nach dem Zwölften Buch Sozialgesetzbuch zur Durchführung von Ordnungswidrigkeitenverfahren wegen Leistungsmissbrauchs und für die damit zusammenhängende Leistungsbearbeitung nach dem Zwölften Buch Sozialgesetzbuch.</LA></DD></DL>Soweit durch eine Übermittlung von Daten die Gefährdung des Untersuchungszwecks eines Ermittlungsverfahrens zu besorgen ist, kann die für dieses Verfahren zuständige Behörde der Zollverwaltung oder die zuständige Staatsanwaltschaft anordnen, dass keine Übermittlung von Daten erfolgen darf. § 480 Absatz 1 Satz 1 und 2 der Strafprozessordnung findet Anwendung, wenn die Daten Verfahren betreffen, die zu einem Strafverfahren geführt haben.</P><P>(2) Die Übermittlung der Daten erfolgt im Wege eines automatisierten Abrufverfahrens oder eines automatisierten Anfrage- und Auskunftsverfahrens, im Fall einer Störung der Datenfernübertragung oder bei außergewöhnlicher Dringlichkeit telefonisch oder durch Telefax. Die beteiligten Stellen haben zu gewährleisten, dass dem jeweiligen Stand der Technik entsprechende Maßnahmen zur Sicherstellung von Datenschutz und Datensicherheit getroffen werden, die insbesondere die Vertraulichkeit und Unversehrtheit der Daten gewährleisten; im Fall der Nutzung allgemein zugänglicher Netze sind dem jeweiligen Stand der Technik entsprechende Verschlüsselungsverfahren anzuwenden. Es gilt § 79 Abs. 2 bis 4 des Zehnten Buches Sozialgesetzbuch.</P></Content></text><fussnoten/></textdaten></norm>
<norm builddate="20240517214525" doknr="BJNR184210004BJNE001900000"><metadaten><jurabk>SchwarzArbG 2004</jurabk><jurabk>SchwarzArbG</jurabk><enbez>§ 18</enbez><titel format="parat">Auskunft an die betroffene Person</titel></metadaten><textdaten><text format="XML"><Content><P>Für die Auskunft an die betroffene Person gilt § 83 des Zehnten Buches Sozialgesetzbuch. Die Auskunft bedarf des Einvernehmens der zuständigen Staatsanwaltschaft, wenn sie Daten aus einem Verfahren betrifft, das zu einem Strafverfahren geführt hat.</P></Content></text></textdaten></norm>
<norm builddate="20240517214525" doknr="BJNR184210004BJNE002002360"><metadaten><jurabk>SchwarzArbG 2004</jurabk><jurabk>SchwarzArbG</jurabk><enbez>§ 19</enbez><titel format="XML">Löschung</titel></metadaten><textdaten><text format="XML"><Content><P>Die Daten im zentralen Informationssystem für die Finanzkontrolle Schwarzarbeit und die dazugehörigen Verfahrensakten in Papierform sind nach den Bestimmungen des § 489 der Strafprozessordnung, des § 49c des Gesetzes über Ordnungswidrigkeiten und des § 84 des Zehnten Buches Sozialgesetzbuch zu löschen und zu vernichten, spätestens jedoch <DL Font="normal" Type="arabic"><DT>1.</DT><DD Font="normal"><LA Size="normal">ein Jahr nach Ablauf des Kalenderjahres, in dem eine Prüfung nach § 2 ohne Einleitung eines Straf- oder Bußgeldverfahrens abgeschlossen worden ist,</LA></DD><DT>2.</DT><DD Font="normal"><LA Size="normal">fünf Jahre nach Ablauf des Kalenderjahres, in dem ein Straf- oder Bußgeldverfahren rechtskräftig abgeschlossen worden ist, oder</LA></DD><DT>3.</DT><DD Font="normal"><LA Size="normal">zwei Jahre nach Ablauf des Kalenderjahres, in dem ein Strafverfahren abgeschlossen worden ist, wenn <DL Font="normal" Type="alpha"><DT>a)</DT><DD Font="normal"><LA Size="normal">die Person, über die Daten nach § 16 gespeichert wurden, von dem betreffenden Tatvorwurf rechtskräftig freigesprochen worden ist,</LA></DD><DT>b)</DT><DD Font="normal"><LA Size="normal">die Eröffnung des Hauptverfahrens unanfechtbar abgelehnt worden ist oder</LA></DD><DT>c)</DT><DD Font="normal"><LA Size="normal">das Verfahren nicht nur vorläufig eingestellt worden ist.</LA></DD></DL></LA></DD></DL></P></Content></text><fussnoten/></textdaten></norm>
<norm builddate="20240517214525" doknr="BJNR184210004BJNG000600000"><metadaten><jurabk>SchwarzArbG 2004</jurabk><jurabk>SchwarzArbG</jurabk><gliederungseinheit><gliederungskennzahl>060</gliederungskennzahl><gliederungsbez>Abschnitt 6</gliederungsbez><gliederungstitel>Verwaltungsverfahren, Rechtsweg</gliederungstitel></gliederungseinheit></metadaten><textdaten><text format="XML"><Content><P/></Content></text></textdaten></norm>
<norm builddate="20240517214525" doknr="BJNR184210004BJNE002100000"><metadaten><jurabk>SchwarzArbG 2004</jurabk><jurabk>SchwarzArbG</jurabk><enbez>§ 20</enbez><titel format="parat">Entschädigung der Zeugen und Sachverständigen</titel></metadaten><textdaten><text format="XML"><Content><P>Werden Zeugen und Sachverständige von den Behörden der Zollverwaltung herangezogen, so erhalten sie auf Antrag in entsprechender Anwendung des Justizvergütungs- und -entschädigungsgesetzes eine Entschädigung oder Vergütung.</P></Content></text></textdaten></norm>
<norm builddate="20240517214525" doknr="BJNR184210004BJNE002206360"><metadaten><jurabk>SchwarzArbG 2004</jurabk><jurabk>SchwarzArbG</jurabk><enbez>§ 21</enbez><titel format="XML">Ausschluss von öffentlichen Aufträgen</titel></metadaten><textdaten><text format="XML"><Content><P>(1) Von der Teilnahme an einem Wettbewerb um einen Liefer-, Bau- oder Dienstleistungsauftrag der in den §§ 99 und 100 des Gesetzes gegen Wettbewerbsbeschränkungen genannten Auftraggeber sollen Bewerber bis zu einer Dauer von drei Jahren ausgeschlossen werden, die oder deren nach Satzung oder Gesetz Vertretungsberechtigte nach <DL Font="normal" Type="arabic"><DT>1.</DT><DD Font="normal"><LA Size="normal">§ 8 Abs. 1 Nr. 2, §§ 10 bis 11,</LA></DD><DT>2.</DT><DD Font="normal"><LA Size="normal">§ 404 Abs. 1 oder 2 Nr. 3 des Dritten Buches Sozialgesetzbuch,</LA></DD><DT>3.</DT><DD Font="normal"><LA Size="normal">§§ 15, 15a, 16 Abs. 1 Nr. 1, 1c, 1d, 1f oder 2 des Arbeitnehmerüberlassungsgesetzes oder</LA></DD><DT>4.</DT><DD Font="normal"><LA Size="normal">§ 266a Abs. 1 bis 4 des Strafgesetzbuches</LA></DD></DL>zu einer Freiheitsstrafe von mehr als drei Monaten oder einer Geldstrafe von mehr als neunzig Tagessätzen verurteilt oder mit einer Geldbuße von wenigstens zweitausendfünfhundert Euro belegt worden sind. Das Gleiche gilt auch schon vor Durchführung eines Straf- oder Bußgeldverfahrens, wenn im Einzelfall angesichts der Beweislage kein vernünftiger Zweifel an einer schwerwiegenden Verfehlung nach Satz 1 besteht. Die für die Verfolgung oder Ahndung zuständigen Behörden nach Satz 1 Nr. 1 bis 4 dürfen den öffentlichen Auftraggebern nach § 99 des Gesetzes gegen Wettbewerbsbeschränkungen und solchen Stellen, die von öffentlichen Auftraggebern zugelassene Präqualifikationsverzeichnisse oder Unternehmer- und Lieferantenverzeichnisse führen, auf Verlangen die erforderlichen Auskünfte geben. Öffentliche Auftraggeber nach Satz 3 fordern im Rahmen ihrer Tätigkeit Auskünfte aus dem Wettbewerbsregister an oder verlangen vom Bewerber eine Erklärung, dass die Voraussetzungen für einen Ausschluss nach Satz 1 oder 2 nicht vorliegen; auch im Falle einer Erklärung des Bewerbers können öffentliche Auftraggeber Auskünfte aus dem Wettbewerbsregister jederzeit anfordern. Für den Bewerber, der den Zuschlag erhalten soll, fordert der öffentliche Auftraggeber nach Satz 3 bei Aufträgen ab einer Höhe von 30 000 Euro vor Zuschlagserteilung eine Auskunft aus dem Wettbewerbsregister an. Der Bewerber ist vor der Entscheidung über den Ausschluss zu hören.</P><P>(2) Eine Verfehlung nach Absatz 1 steht einer Verletzung von Pflichten nach § 241 Abs. 2 des Bürgerlichen Gesetzbuchs gleich.</P></Content></text><fussnoten/></textdaten></norm>
<norm builddate="20240517214525" doknr="BJNR184210004BJNE002300000"><metadaten><jurabk>SchwarzArbG 2004</jurabk><jurabk>SchwarzArbG</jurabk><enbez>§ 22</enbez><titel format="parat">Verwaltungsverfahren</titel></metadaten><textdaten><text format="XML"><Content><P>Soweit dieses Gesetz nichts anderes bestimmt, gelten die Vorschriften der Abgabenordnung sinngemäß für das Verwaltungsverfahren der Behörden der Zollverwaltung nach diesem Gesetz.</P></Content></text></textdaten></norm>
<norm builddate="20240517214525" doknr="BJNR184210004BJNE002400000"><metadaten><jurabk>SchwarzArbG 2004</jurabk><jurabk>SchwarzArbG</jurabk><enbez>§ 23</enbez><titel format="parat">Rechtsweg</titel></metadaten><textdaten><text format="XML"><Content><P>In öffentlich-rechtlichen Streitigkeiten über Verwaltungshandeln der Behörden der Zollverwaltung nach diesem Gesetz ist der Finanzrechtsweg gegeben.</P></Content></text></textdaten></norm>
</dokumente>