<?xml version="1.0" encoding="UTF-8" ?><!DOCTYPE dokumente SYSTEM "http://www.gesetze-im-internet.de/dtd/1.01/gii-norm.dtd">
<dokumente builddate="20150907220156" doknr="BJNR316510002"><norm builddate="20150907220156" doknr="BJNR316510002"><metadaten><jurabk>ZustAnpG 2002</jurabk><amtabk>ZustAnpG</amtabk><ausfertigung-datum manuell="ja">2002-08-16</ausfertigung-datum><fundstelle typ="amtlich"><periodikum>BGBl I</periodikum><zitstelle>2002, 3165</zitstelle></fundstelle><kurzue>Zuständigkeitsanpassungsgesetz</kurzue><langue>Gesetz zur Anpassung von Rechtsvorschriften an veränderte Zuständigkeiten oder Behördenbezeichnungen innerhalb der Bundesregierung</langue><standangabe checked="ja"><standtyp>Stand</standtyp><standkommentar>Geändert durch Art. 7 V v. 31.8.2015 I 1474</standkommentar></standangabe></metadaten><textdaten><text format="XML"><Content><P/></Content></text><fussnoten><Content><P><BR/> <pre xml:space="preserve">(+++ Textnachweis ab: 21. 8.2002 +++)<BR/><BR/></pre>Das G wurde als Artikel 1 d. G v. 16.8.2002 I 3165 vom Bundestag erlassen. Es ist gem. Art. 5 dieses G am 21.8.2002 in Kraft getreten.</P></Content></fussnoten></textdaten></norm>
<norm builddate="20150907220157" doknr="BJNR316510002BJNE000100000"><metadaten><jurabk>ZustAnpG 2002</jurabk><jurabk>ZustAnpG</jurabk><enbez>§ 1</enbez><titel format="parat">Zuständigkeitsübergang</titel></metadaten><textdaten><text format="XML"><Content><P>(1) Werden innerhalb der Bundesregierung Zuständigkeiten aus dem Geschäftsbereich einer obersten Bundesbehörde in den Geschäftsbereich einer anderen obersten Bundesbehörde überführt, so gehen damit die in Gesetzen oder in Rechtsverordnungen zugewiesenen Zuständigkeiten auf die nach der Überführung zuständige oberste Bundesbehörde über.</P><P>(2) Werden innerhalb der Bundesregierung Behördenbezeichnungen von obersten Bundesbehörden verändert, so berührt dies nicht die ihnen in Gesetzen oder in Rechtsverordnungen zugewiesenen Zuständigkeiten.</P><P>(3) Veränderungen von Zuständigkeiten im Sinne des Absatzes 1, Veränderungen von Behördenbezeichnungen im Sinne des Absatzes 2 und der Zeitpunkt ihrer Wirksamkeit sind im Bundesgesetzblatt bekannt zu machen.</P></Content>  </text></textdaten></norm>
<norm builddate="20150907220157" doknr="BJNR316510002BJNE000201377"><metadaten><jurabk>ZustAnpG 2002</jurabk><jurabk>ZustAnpG</jurabk><enbez>§ 2</enbez><titel format="XML">Anpassung der Gesetze und Rechtsverordnungen</titel></metadaten><textdaten><text format="XML"><Content><P>Das Bundesministerium der Justiz und für Verbraucherschutz kann durch Rechtsverordnung ohne Zustimmung des Bundesrates im Einvernehmen mit den beteiligten obersten Bundesbehörden in Gesetzen und Rechtsverordnungen bei Änderungen von Zuständigkeiten nach § 1 Abs. 1 die Behördenbezeichnung der bisher zuständigen obersten Bundesbehörde durch die Behördenbezeichnung der neu zuständigen obersten Bundesbehörde und bei Änderungen von Behördenbezeichnungen nach § 1 Abs. 2 die bisherige Behördenbezeichnung durch die neue Behördenbezeichnung ersetzen sowie dadurch veranlasste Anpassungen des Wortlauts der Vorschriften vornehmen.</P></Content></text><fussnoten/></textdaten></norm>
<norm builddate="20150907220157" doknr="BJNR316510002BJNE000300000"><metadaten><jurabk>ZustAnpG 2002</jurabk><jurabk>ZustAnpG</jurabk><enbez>§ 3</enbez><titel format="parat">Neufassung der Gesetze und Rechtsverordnungen</titel></metadaten><textdaten><text format="XML"><Content><P>(1) Die obersten Bundesbehörden im Sinne des § 1 Abs. 1 können Gesetze und Rechtsverordnungen ihres Zuständigkeitsbereichs jeweils in der vom Inkrafttreten einer Rechtsverordnung nach § 2 an geltenden Fassung im Bundesgesetzblatt neu bekannt machen.</P><P>(2) Die obersten Bundesbehörden im Sinne des § 1 Abs. 1 können bei der Bekanntmachung der Neufassung von Gesetzen und Rechtsverordnungen über die jeweils einschlägige Bekanntmachungserlaubnis hinaus bei Änderungen von Behördenbezeichnungen im Sinne des § 1 Abs. 2, die nicht mit einer Änderung von Zuständigkeiten im Sinne des § 1 Abs. 1 verbunden sind, die bisherige Behördenbezeichnung durch die neue Behördenbezeichnung ersetzen.</P><P>(3) Für die Bekanntmachung der Neufassung einer Rechtsverordnung, die aufgrund einer gesetzlichen Ermächtigung von einer anderen staatlichen Stelle erlassen worden ist, gelten die Absätze 1 und 2 entsprechend.</P></Content>  </text></textdaten></norm>
<norm builddate="20150907220157" doknr="BJNR316510002BJNE000400000"><metadaten><jurabk>ZustAnpG 2002</jurabk><jurabk>ZustAnpG</jurabk><enbez>§ 4</enbez><titel format="parat">Anwendungsvorschrift</titel></metadaten><textdaten><text format="XML"><Content><P>Die Erlaubnis zur Bekanntmachung einer Neufassung nach § 3 Abs. 1 oder Abs. 3 gilt entsprechend für Gesetze und Rechtsverordnungen, die durch die Siebente Zuständigkeitsanpassungs-Verordnung vom 29. Oktober 2001 (BGBl. I S. 2785) geändert worden sind.</P></Content></text></textdaten></norm>
</dokumente>