<?xml version="1.0" encoding="UTF-8" ?><!DOCTYPE dokumente SYSTEM "http://www.gesetze-im-internet.de/dtd/1.01/gii-norm.dtd">
<dokumente builddate="20250227223016" doknr="BJNR0390B0025"><norm builddate="20250227223016" doknr="BJNR0390B0025"><metadaten><jurabk>GewHG</jurabk><amtabk>GewHG</amtabk><ausfertigung-datum manuell="ja">2025-02-24</ausfertigung-datum><fundstelle typ="amtlich"><periodikum>BGBl. I</periodikum><zitstelle>2025, Nr. 57</zitstelle></fundstelle><kurzue>Gewalthilfegesetz</kurzue><langue>Gesetz zur Sicherung des Zugangs zu Schutz und Beratung bei geschlechtsspezifischer und häuslicher Gewalt</langue></metadaten><textdaten><fussnoten><Content><P><BR/> <pre xml:space="preserve">(+++ Textnachweis ab: 28.2.2025 +++)<BR/><BR/></pre>Das G wurde als Artikel 1 des G v. 24.2.2025 I Nr. 57 vom Bundestag mit Zustimmung des Bundesrates beschlossen. Es ist gem. Art. 6 Abs. 1 dieses G am 28.2.2025 in Kraft getreten. Die §§ 3 und 4 Absatz 1, 5 und 6 treten gem. Art.  6 Abs. 2 Satz 1 am 1.1.2032 in Kraft. § 5 tritt gem. Art. 6 Abs. 2 Satz 2 am 1.1.2017 in Kraft.</P></Content></fussnoten></textdaten></norm>
<norm builddate="20250227223016" doknr="BJNR0390B0025BJNE000100000"><metadaten><jurabk>GewHG</jurabk><enbez>§ 1</enbez><titel format="XML">Hilfesystem bei geschlechtsspezifischer und häuslicher Gewalt</titel></metadaten><textdaten><text format="XML"><Content><P>(1) Ziel des Gesetzes ist es, ein bedarfsgerechtes Hilfesystem bei geschlechtsspezifischer und häuslicher Gewalt bereitzustellen. Aufgaben eines bedarfsgerechten Hilfesystems sind, vor geschlechtsspezifischer und häuslicher Gewalt zu schützen, bei geschlechtsspezifischer und häuslicher Gewalt zu intervenieren, deren Folgen zu mildern sowie präventiv tätig zu werden.</P><P>(2) Zur Aufgabenerfüllung sollen insbesondere folgende Maßnahmen ergriffen werden: <DL Type="arabic"><DT>1.</DT><DD Font="normal"><LA>Bereitstellung von ausreichenden und bedarfsgerechten Schutz-, Beratungs- sowie Unterstützungsangeboten für gewaltbetroffene Personen,</LA></DD><DT>2.</DT><DD Font="normal"><LA>Prävention, einschließlich Maßnahmen, die sich an gewaltausübende Personen richten, sowie Öffentlichkeitsarbeit und</LA></DD><DT>3.</DT><DD Font="normal"><LA>Unterstützung der strukturierten Vernetzungsarbeit innerhalb des Hilfesystems sowie des Hilfesystems mit anderen Hilfsdiensten und Behörden, den Einrichtungen des Gesundheitswesens, den öffentlichen und freien Trägern der Kinder- und Jugendhilfe, den Polizei- und Ordnungsbehörden, der Justiz sowie mit Bildungseinrichtungen, zivilgesellschaftlichen Strukturen und mit sonstigen relevanten Einrichtungen oder Berufsträgern.</LA></DD></DL></P></Content></text></textdaten></norm>
<norm builddate="20250227223016" doknr="BJNR0390B0025BJNE000200000"><metadaten><jurabk>GewHG</jurabk><enbez>§ 2</enbez><titel format="XML">Begriffsbestimmungen</titel></metadaten><textdaten><text format="XML"><Content><P>(1) Geschlechtsspezifische Gewalt im Sinne dieses Gesetzes ist Gewalt gegen Frauen und damit jede körperliche, sexuelle oder psychische Gewalthandlung durch eine oder mehrere Personen, die sich gegen eine Frau richtet, weil sie eine Frau ist, oder die Frauen unverhältnismäßig stark betrifft und zu Schäden oder Leiden führt oder führen kann.</P><P>(2) Häusliche Gewalt im Sinne dieses Gesetzes ist jede körperliche, sexuelle und psychische Gewalthandlung gegen eine Frau durch eine oder mehrere Personen des familiären Umfelds, innerhalb bestehender oder beendeter Ehen, bestehender oder beendeter eingetragener Lebenspartnerschaften, bestehender oder beendeter Partnerschaften oder durch sonstige im Haushalt der gewaltbetroffenen Frau lebende Personen. Ein fester Wohnsitz der gewaltbetroffenen Frau oder eine feste Haushaltszugehörigkeit ist nicht erforderlich.</P><P>(3) Gewaltbetroffene Personen im Sinne dieses Gesetzes sind Frauen, die geschlechtsspezifische Gewalt oder häusliche Gewalt erlitten haben, erleiden oder hiervon bedroht sind sowie Kinder, die geschlechtsspezifische oder häusliche Gewalt gegenüber nahestehenden Dritten miterlebt haben oder miterleben. Kind im Sinne dieses Gesetzes ist, wer das 18. Lebensjahr noch nicht vollendet hat.</P><P>(4) Einrichtungen im Sinne dieses Gesetzes sind Schutzeinrichtungen und Fachberatungsstellen, die durch einen nach § 7 anerkannten Träger betrieben werden oder einem solchen angeschlossen sind, die Schutz- und Beratungsangebote bei geschlechtsspezifischer und häuslicher Gewalt bereitstellen sowie die Vorgaben nach § 6 erfüllen.</P></Content></text></textdaten></norm>
<norm builddate="20250227223016" doknr="BJNR0390B0025BJNE000300000"><metadaten><jurabk>GewHG</jurabk><enbez>§ 3</enbez><titel format="XML">(zukünftig in Kraft)</titel></metadaten><textdaten><text format="XML"><Content/></text><fussnoten><Content><P>(+++ § 3: Tritt gem. Art. 6 Abs. 2 Satz 1 G v. 27.2.2025 I Nr. 57 am 1.1.2032 in Kraft +++)</P></Content></fussnoten></textdaten></norm>
<norm builddate="20250227223016" doknr="BJNR0390B0025BJNE000400000"><metadaten><jurabk>GewHG</jurabk><enbez>§ 4</enbez><titel format="XML">Inanspruchnahme von Schutz-, Beratungs- und Unterstützungsangeboten</titel></metadaten><textdaten><text format="XML"><Content><P>(1) (zukünftig in Kraft)</P><P>(2) Gewaltbetroffene Personen können sich entsprechend ihrer individuellen Bedarfslage an Einrichtungen nach diesem Gesetz zur Inanspruchnahme von Schutz- oder Beratungsangeboten unabhängig von ihrem Wohnort wenden. Die für die Inanspruchnahme von Schutzleistungen erforderliche gegenwärtige Gewaltgefährdung kann sich aus den Angaben der gewaltbetroffenen Person oder aus den Umständen ergeben. Personen mit besonderen Bedarfen, wie Behinderungen, Beeinträchtigungen oder mangelnden Sprachkenntnissen, sollen durch die Einrichtungen angemessen unterstützt werden.</P><P>(3) Kann die erstkontaktierte Einrichtung mangels Kapazität, aufgrund ihres fachlichen Konzepts oder aufgrund besonderer Umstände im Einzelfall keine der individuellen Bedarfslage entsprechenden Schutz-, Beratungs- oder Unterstützungsleistungen anbieten, unterstützt sie die gewaltbetroffene Person bei der Kontaktaufnahme zu anderen Einrichtungen nach diesem Gesetz. Soweit durch die erstkontaktierte Einrichtung die Aufnahme der gewaltbetroffenen Person in eine Schutzeinrichtung als erforderlich erachtet wird, aber nicht gewährleistet werden kann, ist darüber hinaus die nach Landesrecht am bisherigen gewöhnlichen Aufenthaltsort der gewaltbetroffenen Person zuständige Stelle hinzuzuziehen. Wenn die gewaltbetroffene Person keinen gewöhnlichen Aufenthalt im Bundesgebiet hat, ist der tatsächliche Aufenthaltsort maßgeblich.</P><P>(4) Begibt sich ein Kind als gewaltbetroffene Person selbstständig in eine Schutzeinrichtung nach diesem Gesetz, hat die Schutzeinrichtung den zuständigen Träger der öffentlichen Jugendhilfe zu informieren. Nimmt die gewaltbetroffene Person Schutzleistungen gemeinsam mit in ihrer Obhut befindlichen Kindern in Anspruch oder wendet sich ein Kind als gewaltbetroffene Person selbstständig an eine Fachberatungsstelle nach diesem Gesetz, soll die Einrichtung, soweit dies nach Einschätzung des Gefährdungsrisikos für das Kind erforderlich ist, den zuständigen Träger der öffentlichen Jugendhilfe einbinden. Bei der Einschätzung einer Kindeswohlgefährdung im Einzelfall besteht ein Anspruch auf Beratung durch eine insoweit erfahrene Fachkraft nach § 8b Absatz 1 des Achten Buches Sozialgesetzbuch. § 4 des Gesetzes zur Kooperation und Information im Kinderschutz ist zu beachten. Die Einrichtungen informieren die gewaltbetroffene Person über Beratungsangebote vor Ort.</P><P>(5) (zukünftig in Kraft)</P><P>(6) (zukünftig in Kraft)</P></Content></text><fussnoten><Content><P>(+++ § 4 Abs. 1, 5 und 6: Tritt gem. Art. 6 Abs. 2 Satz 1 G v. 27.2.2025 I Nr. 57 am 1.1.2032 in Kraft +++)</P></Content></fussnoten></textdaten></norm>
<norm builddate="20250227223016" doknr="BJNR0390B0025BJNE000500000"><metadaten><jurabk>GewHG</jurabk><enbez>§ 5</enbez><titel format="XML">(zukünftig in Kraft)</titel></metadaten><textdaten><text format="XML"><Content/></text><fussnoten><Content><P>(+++ § 5: Tritt gem. Art. 6 Abs. 2 Satz 2 G v. 27.2.2025 I Nr. 57 am 1.1.2027 in Kraft +++)</P></Content></fussnoten></textdaten></norm>
<norm builddate="20250227223016" doknr="BJNR0390B0025BJNE000600000"><metadaten><jurabk>GewHG</jurabk><enbez>§ 6</enbez><titel format="XML">Vorgaben für Einrichtungen</titel></metadaten><textdaten><text format="XML"><Content><P>(1) Einrichtungen nach diesem Gesetz müssen den Vorgaben der Absätze 2 bis 6 genügen.</P><P>(2) Die Einrichtungen verfügen über eine angemessene Personalausstattung, die der fachlichen Ausrichtung der Einrichtung Rechnung trägt. Das Personal ist hinreichend fachlich qualifiziert und in der Regel hauptamtlich tätig. Personen, die rechtskräftig wegen einer Straftat verurteilt worden sind, dürfen nicht beschäftigt werden, wenn die Verurteilung erwarten lässt, dass die Person für die Wahrnehmung der Funktion und Aufgabe persönlich nicht geeignet ist. Der Träger hat sich von allen in der Einrichtung tätigen Personen bei Anstellung sowie alle fünf Jahre ein erweitertes Führungszeugnis nach § 30a Absatz 1 des Bundeszentralregistergesetzes vorlegen zu lassen.</P><P>(3) Die Einrichtungen sind auf dem Gebiet des Gewaltschutzes tätig. Sie arbeiten auf der Grundlage eines fachlichen Konzepts, das insbesondere die Ausrichtung der Einrichtung sowie deren fachliche Arbeitsweise darstellt. Das Konzept enthält Maßgaben zur Qualitätssicherung sowie zur Qualitätskontrolle der fachlichen Arbeit in den Einrichtungen. Die Konzepte von Schutzeinrichtungen umfassen darüber hinaus stets Maßgaben, die den Schutz der gewaltbetroffenen Personen und des Personals in den Einrichtungen sowie das Wohl dort aufgenommener Kinder sicherstellen. Die Schutzeinrichtungen stellen das Wohl von Kindern insbesondere durch die Entwicklung, Anwendung und Überprüfung eines Konzeptes zum Schutz vor Gewalt sicher.</P><P>(4) Die Einrichtungen verfügen über angemessen ausgestattete räumliche Gegebenheiten, die die fach- und bedarfsgerechte Leistungserbringung ermöglichen. Die räumliche Ausstattung berücksichtigt das Schutz- und Sicherheitsbedürfnis der gewaltbetroffenen Personen, einschließlich mitbetroffener Kinder und des Personals der Einrichtung. Die räumliche Ausstattung wahrt die Privatsphäre der gewaltbetroffenen Personen und fördert barrierefreie Angebote.</P><P>(5) Die Einrichtungen stellen eine einfache Kontaktaufnahme sicher. Schutzeinrichtungen gewährleisten an jedem Wochentag eine 24-stündige Rufbereitschaft und grundsätzlich entsprechende Aufnahmebereitschaft. Die Einrichtungen kooperieren mit anderen Einrichtungen nach diesem Gesetz, mit allgemeinen Hilfsdiensten und Institutionen sowie den nach Landesrecht zuständigen Stellen und Behörden.</P><P>(6) Die Vorgaben werden durch Landesrecht näher ausgestaltet. Zu den Vorgaben in Absatz 5 Satz 2 können landesrechtliche Ausnahmen zugelassen werden, soweit im Land Erstanlaufstellen bei akuter Gefährdung durchgehend verfügbar sind oder ein Bereitschaftsplan für den 24-stündigen Zugang zu Schutz im Land besteht. Einrichtungen müssen die Einhaltung der Vorgaben spätestens bis zum 28. Februar 2027 gewährleisten.</P></Content></text></textdaten></norm>
<norm builddate="20250227223016" doknr="BJNR0390B0025BJNE000700000"><metadaten><jurabk>GewHG</jurabk><enbez>§ 7</enbez><titel format="XML">Trägeranerkennung</titel></metadaten><textdaten><text format="XML"><Content><P>(1) Träger von Einrichtungen nach diesem Gesetz bedürfen der Anerkennung durch die nach Landesrecht zuständigen Behörden.</P><P>(2) Die Trägeranerkennung kann in jedem Land beantragt werden, in dem der Träger mindestens eine Einrichtung betreibt. Sie gilt unbefristet.</P><P>(3) Gebietskörperschaften gelten als anerkannte Träger.</P><P>(4) Die nach Landesrecht zuständige Behörde kann eine juristische Person oder Personenvereinigung als Träger anerkennen, wenn <DL Type="arabic"><DT>1.</DT><DD Font="normal"><LA>sie auf dem Gebiet des Gewaltschutzes tätig ist,</LA></DD><DT>2.</DT><DD Font="normal"><LA>sie die Gewähr dafür bietet, dass die durch sie betriebenen oder ihr angeschlossenen Einrichtungen nach diesem Gesetz die gesetzlichen Vorgaben einhalten,</LA></DD><DT>3.</DT><DD Font="normal"><LA>sie gemeinnützige Ziele verfolgt und</LA></DD><DT>4.</DT><DD Font="normal"><LA>ihre Tätigkeit auf Dauer angelegt ist.</LA></DD></DL></P><P>(5) Der Mitgliedschaft eines Trägers bei einem anerkannten Verband der freien Wohlfahrtspflege oder der Förderung des Trägers durch einen anerkannten Verband der freien Wohlfahrtspflege sollen im Anerkennungsverfahren Rechnung getragen werden. Die Mitgliedschaft eines Trägers in einem Fachverband ist angemessen zu berücksichtigen.</P><P>(6) Träger, die bereits vor Inkrafttreten dieses Gesetzes Schutzeinrichtungen und Fachberatungsstellen betrieben haben oder denen Schutzeinrichtungen und Fachberatungsstellen angeschlossen sind, gelten bis zu drei Jahre nach Inkrafttreten dieses Gesetzes als anerkannt im Sinne des Gesetzes.</P></Content></text></textdaten></norm>
<norm builddate="20250227223016" doknr="BJNR0390B0025BJNE000800000"><metadaten><jurabk>GewHG</jurabk><enbez>§ 8</enbez><titel format="XML">Ausgangsanalyse und Entwicklungsplanung</titel></metadaten><textdaten><text format="XML"><Content><P>(1) Die Länder ermitteln den Bestand von Schutz- und Beratungskapazitäten einschließlich deren Versorgungsdichte. Sie führen eine Analyse zur Bestimmung der erforderlichen Schutz- und Beratungskapazitäten durch, planen darauf aufbauend die notwendige Entwicklung eines Netzes an Schutz- und Beratungsangeboten mit Darstellung der zeitlichen Abfolge sowie weiterer Maßnahmen zur Aufgabenerfüllung nach § 1 Absatz 2 und stellen ein Finanzierungskonzept auf.</P><P>(2) Die Analyse zur Bestimmung der erforderlichen Schutz- und Beratungskapazitäten richtet sich nach dem tatsächlichen Bedarf an bedarfsgerechten und niedrigschwelligen Schutz- und Beratungsangeboten in ausreichender Zahl und angemessener geografischer Verteilung. Sie berücksichtigt regionale Strukturen. In Schutzeinrichtungen ist die Vorhaltenotwendigkeit von Angeboten angemessen zu berücksichtigen. In die Analyse sind die bedarfsgerechte Weiterentwicklung von Angeboten proaktiver Beratung und Intervention, von Angeboten der Arbeit mit gewaltausübenden Personen und anderer Maßnahmen zur Prävention geschlechtsspezifischer und häuslicher Gewalt sowie die Erfordernisse der strukturierten landesweiten und regionalen Vernetzung nach § 1 Absatz 2 einzubeziehen.</P><P>(3) Ausgangsanalyse und Entwicklungsplanung sowie Aufstellung eines Finanzierungskonzeptes erfolgen alle fünf Jahre zu einem durch das Land festzulegenden Stichtag, erstmals vor dem Jahr 2027. Die Länder legen dem Bundesministerium für Familie, Senioren, Frauen und Jugend dazu erstmals zum 30. Juni 2029 und in der Folge vier Jahre nach dem jeweils nächsten durch das Land gemäß Satz 1 festgelegten Stichtag einen Bericht vor, der Angaben zur Ausgangsanalyse und Entwicklungsplanung, einschließlich des Finanzierungskonzeptes, sowie deren Umsetzungsstand enthält.</P><P>(4) Von den Vorgaben der Absätze 1 bis 3 sind landesrechtliche Abweichungen nicht zulässig.</P></Content></text></textdaten></norm>
<norm builddate="20250227223016" doknr="BJNR0390B0025BJNE000900000"><metadaten><jurabk>GewHG</jurabk><enbez>§ 9</enbez><titel format="XML">Verhältnis zu anderen Rechtsnormen</titel></metadaten><textdaten><text format="XML"><Content><P>(1) Die Regelungen des Achten Buches Sozialgesetzbuch gehen Regelungen nach diesem Gesetz vor. Es gilt § 10 Absatz 7 des Achten Buches Sozialgesetzbuch.</P><P>(2) Schutz-, Beratungs- und Unterstützungsleistungen zur Gewährleistung der Ansprüche nach § 3 gehen vergleichbaren Leistungen nach dem Achten Kapitel des Zwölften Buches Sozialgesetzbuch sowie § 6 des Asylbewerberleistungsgesetzes vor.</P><P>(3) Leistungen nach dem <I>Bundesausbildungsförderungsgesetz</I> bleiben unberührt.</P><P>(4) Die Ansprüche dieses Gesetzes berühren die Ansprüche aus dem Vierzehnten Buch Sozialgesetzbuch nicht.</P><P>(5) Die Verpflichtung der Leistungserbringer nach § 37a des Neunten Buches Sozialgesetzbuch, für Menschen mit Behinderungen und von Behinderung bedrohte Menschen, insbesondere für Frauen und Kinder mit Behinderungen und von Behinderung bedrohte Frauen und Kinder, geeignete Maßnahmen zum Schutz vor Gewalt zu treffen, bleibt unberührt.</P></Content></text><fussnoten><Content><P>§ 9 Abs. 3 Kursivdruck: Auf Grund offensichtlicher Unrichtigkeit wird die Angabe &quot;Bundesausbildungsfördergesetz&quot; durch die Angabe &quot;Bundesausbildungsförderungsgesetz&quot; ersetzt</P></Content></fussnoten></textdaten></norm>
<norm builddate="20250227223016" doknr="BJNR0390B0025BJNE001000000"><metadaten><jurabk>GewHG</jurabk><enbez>§ 10</enbez><titel format="XML">Statistik; Verordnungsermächtigung</titel></metadaten><textdaten><text format="XML"><Content><P>(1) Zur Beurteilung der Auswirkungen der Bestimmungen dieses Gesetzes und zu seiner Fortentwicklung werden Erhebungen über Einrichtungen, die Schutz und Beratung nach diesem Gesetz anbieten, und über deren Inanspruchnahme als Bundesstatistik durchgeführt.</P><P>(2) Die Bundesstatistik kann insbesondere folgende Sachverhalte umfassen: <DL Type="arabic"><DT>1.</DT><DD Font="normal"><LA>Art und Belegenheit der Einrichtung sowie deren Trägerschaft,</LA></DD><DT>2.</DT><DD Font="normal"><LA>in der Einrichtung tätige Personen nach Geschlecht, Beschäftigungsumfang, Qualifikation,</LA></DD><DT>3.</DT><DD Font="normal"><LA>Anzahl der verfügbaren Plätze,</LA></DD><DT>4.</DT><DD Font="normal"><LA>Problemkreise, zu denen Beratung angeboten wird,</LA></DD><DT>5.</DT><DD Font="normal"><LA>Anzahl der aufgenommenen Personen,</LA></DD><DT>6.</DT><DD Font="normal"><LA>Anzahl der beratenen Personen,</LA></DD><DT>7.</DT><DD Font="normal"><LA>Angaben zu den aufgenommenen und beratenen Personen, insbesondere zu Geschlecht, Alter, Art der Gewaltbetroffenheit, Wohnort, Aufenthaltsstatus sowie Anzahl der eigenen Kinder und der in die Einrichtung mitgebrachten Kinder.</LA></DD></DL></P><P>(3) Hilfsmerkmale sind <DL Type="arabic"><DT>1.</DT><DD Font="normal"><LA>Name und Anschrift des Auskunftspflichtigen,</LA></DD><DT>2.</DT><DD Font="normal"><LA>die Kennnummer der auskunftsgebenden Einrichtung,</LA></DD><DT>3.</DT><DD Font="normal"><LA>Name und Kontaktdaten der für Rückfragen zur Verfügung stehenden Person.</LA></DD></DL></P><P>(4) Die Erhebungen werden jährlich durchgeführt, erstmalig für das Berichtsjahr 2028. Berichtszeitraum für die Erhebungen nach Absatz 2 Nummer 5 bis 7 ist das Kalenderjahr. Stichtag für die Erhebungen nach Absatz 2 Nummer 1 bis 4 ist der 31. Dezember. Die Angaben zu den Erhebungen sind spätestens bis zum 30. April des Folgejahres zu übermitteln.</P><P>(5) Für die Erhebungen besteht Auskunftspflicht. Die Angaben zu Absatz 3 Nummer 3 sind freiwillig. Auskunftspflichtig sind die Leitungen der Einrichtungen nach Absatz 1. Zur Durchführung der Erhebungen übermitteln die nach § 7 anerkannten Träger den statistischen Ämtern der Länder auf Anforderung die erforderlichen Anschriften ihrer auskunftspflichtigen Einrichtungen.</P><P>(6) Die statistischen Landesämter übermitteln die erhobenen Einzelangaben auf Anforderung an das Statistische Bundesamt. An die fachlich zuständigen obersten Bundes- oder Landesbehörden dürfen für die Verwendung gegenüber den gesetzgebenden Körperschaften und für Zwecke der Planung, jedoch nicht für die Regelung von Einzelfällen, vom Statistischen Bundesamt und den statistischen Ämtern der Länder Darstellungen mit statistischen Ergebnissen übermittelt werden, auch wenn die Darstellungen nur einen einzigen Fall ausweisen. Für ausschließlich statistische Zwecke dürfen den zur Durchführung statistischer Aufgaben zuständigen Stellen der Gemeinden und Gemeindeverbände für ihren Zuständigkeitsbereich Einzelangaben aus den Erhebungen nach Absatz 2 mit Ausnahme der Hilfsmerkmale übermittelt werden, soweit die Voraussetzungen nach § 16 Absatz 5 des Bundesstatistikgesetzes gegeben sind.</P><P>(7) Das Bundesministerium für Familie, Senioren, Frauen und Jugend wird ermächtigt, durch Rechtsverordnung im Einvernehmen mit dem Bundesministerium des Innern und für Heimat und mit Zustimmung des Bundesrates das Nähere zur Durchführung der Statistik zu regeln, insbesondere <DL Type="arabic"><DT>1.</DT><DD Font="normal"><LA>zu den Erhebungsmerkmalen und</LA></DD><DT>2.</DT><DD Font="normal"><LA>zum Kreis der zu Befragenden.</LA></DD></DL></P></Content></text></textdaten></norm>
<norm builddate="20250227223016" doknr="BJNR0390B0025BJNE001100000"><metadaten><jurabk>GewHG</jurabk><enbez>§ 11</enbez><titel format="XML">Evaluierung</titel></metadaten><textdaten><text format="XML"><Content><P>Das Bundesministerium für Familie, Senioren, Frauen und Jugend evaluiert die Auswirkungen dieses Gesetzes auf wissenschaftlicher Grundlage unter Einbeziehung der Anwendungspraxis acht Jahre nach Inkrafttreten des Gesetzes.</P></Content></text></textdaten></norm>
</dokumente>