<?xml version="1.0" encoding="UTF-8" ?><!DOCTYPE dokumente SYSTEM "http://www.gesetze-im-internet.de/dtd/1.01/gii-norm.dtd">
<dokumente builddate="20250228223023" doknr="BJNR395600001"><norm builddate="20250228223023" doknr="BJNR395600001"><metadaten><jurabk>FinAusglG 2005</jurabk><amtabk>FAG</amtabk><ausfertigung-datum manuell="ja">2001-12-20</ausfertigung-datum><fundstelle typ="amtlich"><periodikum>BGBl I</periodikum><zitstelle>2001, 3955, 3956</zitstelle></fundstelle><kurzue>Finanzausgleichsgesetz</kurzue><langue>Gesetz über den Finanzausgleich zwischen Bund und Ländern</langue><standangabe checked="ja"><standtyp>Stand</standtyp><standkommentar>Zuletzt geändert durch Art. 4 G v. 24.2.2025 I Nr. 57</standkommentar></standangabe><standangabe checked="ja"><standtyp>Hinweis</standtyp><standkommentar>Änderung durch Art. 5 G v. 24.2.2025 I Nr. 57 mit zukünftiger Wirkung noch nicht berücksichtigt</standkommentar></standangabe><standangabe checked="ja"><standtyp>Sonst</standtyp><standkommentar>Das G tritt gem. § 20 mit Ablauf des 31.12.2019 außer Kraft; § 20 aufgeh. durch Art. 2 Nr. 21 G v. 14.8.2017 I 3122 mWv 1.1.2020; Art. 2 Nr. 21 aufgeh. durch Art. 4 Nr. 2 G v. 17.12.2018 I 2522; § 20 aufgeh. durch Art. 1 Nr. 2 G v. 17.12.2018 I 2522 mWv 21.12.2018; dadurch ist die Geltung dieses G über den 31.12.2019 hinaus verlängert worden</standkommentar></standangabe></metadaten><textdaten><fussnoten><Content><P><BR/> <pre xml:space="preserve">(+++ Textnachweis ab: 1.1.2005 +++)<BR/><BR/></pre>Das G wurde als Artikel 5 G v. 20.12.2001 I 3955 (SFG) vom Bundestag mit Zustimmung des Bundesrates beschlossen. Es tritt gem. Art. 12 Abs. 2 dieses G am 1.1.2005 in Kraft. Gem. seinem § 20 tritt es mit Ablauf des 31. Dezember 2019 außer Kraft.</P></Content></fussnoten></textdaten></norm>
<norm builddate="20250228223023" doknr="BJNR395600001BJNG000102123"><metadaten><jurabk>FinAusglG 2005</jurabk><jurabk>FAG</jurabk><gliederungseinheit><gliederungskennzahl>010</gliederungskennzahl><gliederungsbez>Erster Abschnitt</gliederungsbez><gliederungstitel>Steuerverteilung zwischen Bund und Ländern sowie unter den Ländern</gliederungstitel></gliederungseinheit></metadaten><textdaten><text format="XML"><Content><P/></Content></text><fussnoten/></textdaten></norm>
<norm builddate="20250228223023" doknr="BJNR395600001BJNE002405123"><metadaten><jurabk>FinAusglG 2005</jurabk><jurabk>FAG</jurabk><enbez>§ 1</enbez><titel format="XML">Anteile von Bund und Ländern an der Umsatzsteuer</titel></metadaten><textdaten><text format="XML"><Content><P>(1) Das Aufkommen der Umsatzsteuer wird auf Bund, Länder und Gemeinden nach folgenden Prozentsätzen aufgeteilt: <BR/><BR/><table colsep="0" frame="none" pgwide="1" rowsep="1" tocentry="%yes;"><tgroup align="left" char="" charoff="50" cols="4"><colspec colname="col1" colwidth="14*"/><colspec colname="col2" colwidth="21*"/><colspec colname="col3" colwidth="21*"/><colspec colname="col4" colwidth="20*"/><tbody valign="top"><row><entry VJ="1" colname="col1" rowsep="0"/><entry VJ="1" colname="col2" rowsep="0">Bund</entry><entry VJ="1" colname="col3" rowsep="0">Länder</entry><entry VJ="1" colname="col4" rowsep="0">Gemeinden</entry></row><row><entry VJ="1" colname="col1">ab 2020</entry><entry VJ="1" colname="col2">52,81398351</entry><entry VJ="1" colname="col3">45,19007254</entry><entry VJ="1" colname="col4">1,99594395.</entry></row></tbody></tgroup></table></P><P>(2) Die im Folgenden genannten Beträge verändern die Anteile des Bundes, der Länder und Gemeinden nach Absatz 1: <table frame="none" pgwide="1" tocentry="%yes;"><tgroup align="left" char="" charoff="50" cols="4"><colspec colname="col1" colwidth="25*"/><colspec align="center" colname="col2" colwidth="50*"/><colspec align="center" colname="col3" colwidth="65*"/><colspec align="right" colname="col4" colwidth="35*"/><thead valign="bottom"><row valign="middle"><entry VJ="1" colname="col1" colsep="0" rowsep="0">Kalenderjahr</entry><entry VJ="1" align="center" colname="col2" colsep="0" rowsep="0">Bund</entry><entry VJ="1" align="center" colname="col3" colsep="0" rowsep="0">Länder</entry><entry VJ="1" align="center" colname="col4" rowsep="0">Gemeinden</entry></row></thead><tbody valign="top"><row><entry VJ="1" colname="col1" colsep="0" rowsep="0">2020</entry><entry VJ="1" colname="col2" colsep="0" rowsep="0">minus 20 533 717 472 Euro</entry><entry VJ="1" colname="col3" colsep="0" rowsep="0">15 858 934 915 Euro</entry><entry VJ="1" colname="col4" rowsep="0">4 674 782 557 Euro</entry></row><row><entry VJ="1" colname="col1" colsep="0" rowsep="0">2021</entry><entry VJ="1" colname="col2" colsep="0" rowsep="0">minus 17 142 407 683 Euro</entry><entry VJ="1" colname="col3" colsep="0" rowsep="0">12 988 407 683 Euro</entry><entry VJ="1" colname="col4" rowsep="0">4 154 000 000 Euro</entry></row><row><entry VJ="1" colname="col1" colsep="0" rowsep="0">2022</entry><entry VJ="1" colname="col2" colsep="0" rowsep="0">minus 15 008 682 590 Euro</entry><entry VJ="1" colname="col3" colsep="0" rowsep="0">12 608 682 590 Euro</entry><entry VJ="1" colname="col4" rowsep="0">2 400 000 000 Euro</entry></row><row><entry VJ="1" colname="col1" colsep="0" rowsep="0">2023</entry><entry VJ="1" colname="col2" colsep="0" rowsep="0">minus 13 792 407 683 Euro</entry><entry VJ="1" colname="col3" colsep="0" rowsep="0">11 392 407 683 Euro</entry><entry VJ="1" colname="col4" rowsep="0">2 400 000 000 Euro</entry></row><row><entry VJ="1" colname="col1" colsep="0" rowsep="0">2024</entry><entry VJ="1" colname="col2" colsep="0" rowsep="0">minus 12 480 407 683 Euro</entry><entry VJ="1" colname="col3" colsep="0" rowsep="0">10 080 407 683 Euro</entry><entry VJ="1" colname="col4" rowsep="0">2 400 000 000 Euro</entry></row><row><entry VJ="1" colname="col1" colsep="0" rowsep="0">2025</entry><entry VJ="1" colname="col2" colsep="0" rowsep="0">minus 11 305 407 683 Euro</entry><entry VJ="1" colname="col3" colsep="0" rowsep="0"> 8 905 407 683 Euro</entry><entry VJ="1" colname="col4" rowsep="0">2 400 000 000 Euro</entry></row><row><entry VJ="1" colname="col1" colsep="0" rowsep="0">2026</entry><entry VJ="1" colname="col2" colsep="0" rowsep="0">minus 11 440 407 683 Euro</entry><entry VJ="1" colname="col3" colsep="0" rowsep="0"> 9 040 407 683 Euro</entry><entry VJ="1" colname="col4" rowsep="0">2 400 000 000 Euro</entry></row><row><entry VJ="1" colname="col1" colsep="0" rowsep="0">2027</entry><entry VJ="1" colname="col2" colsep="0" rowsep="0">minus 11 689 407 683 Euro</entry><entry VJ="1" colname="col3" colsep="0" rowsep="0"> 9 289 407 683 Euro</entry><entry VJ="1" colname="col4" rowsep="0">2 400 000 000 Euro</entry></row><row><entry VJ="1" colname="col1" colsep="0" rowsep="0">2028</entry><entry VJ="1" colname="col2" colsep="0" rowsep="0">minus 12 043 907 683 Euro</entry><entry VJ="1" colname="col3" colsep="0" rowsep="0">9 643 907 683 Euro</entry><entry VJ="1" colname="col4" rowsep="0">2 400 000 000 Euro</entry></row><row><entry VJ="1" colname="col1" colsep="0" rowsep="0">2029</entry><entry VJ="1" colname="col2" colsep="0" rowsep="0">minus 12 322 407 683 <I>Euro</I></entry><entry VJ="1" colname="col3" colsep="0" rowsep="0">9 922 407 683 Euro</entry><entry VJ="1" colname="col4" rowsep="0">2 400 000 000 Euro</entry></row><row><entry VJ="1" colname="col1" colsep="0">ab 2030</entry><entry VJ="1" colname="col2" colsep="0">minus 11 717 407 683 Euro</entry><entry VJ="1" colname="col3" colsep="0"> 9 317 407 683 Euro</entry><entry VJ="1" colname="col4">2 400 000 000 Euro</entry></row></tbody></tgroup></table></P><P>(2a) Zur finanziellen Beteiligung der Länder an der Bekämpfung der durch die Starkregenfälle und das Hochwasser im Juli 2021 verursachten Schäden und dem Wiederaufbau erhöhen sich die in Absatz 2 genannten Beträge für den Bund um jeweils 233 333 333 Euro in den Jahren von 2021 bis 2050; die in Absatz 2 genannten Beträge für die Länder verringern sich entsprechend um jeweils 233 333 333 Euro in den Jahren von 2021 bis 2050.</P><P>(3) Diese Aufteilung der Umsatzsteuer gilt jeweils für alle Beträge, die während der Geltungsdauer des Beteiligungsverhältnisses vereinnahmt oder erstattet werden.</P><P>(4) (weggefallen)</P><P>(5) Zum Ausgleich für Belastungen der Länder aus dem KiTa-Qualitäts- und -Teilhabeverbesserungsgesetz vom 19. Dezember 2018 (BGBl. I S. 2696) und aus der Änderung des Achten Buches Sozialgesetzbuch durch die Artikel 1 und 2 des Gesetzes vom 19. Dezember 2018 (BGBl. I S. 2696) verringern sich die in Absatz 2 genannten Beträge für den Bund im Jahr 2020 um 993 Millionen Euro, in den Jahren 2021 und 2022 um jeweils 1 993 Millionen Euro, im Jahr 2023 um 1 884 Millionen Euro und im Jahr 2024 um 1 993 Millionen Euro; die in Absatz 2 genannten Beträge für die Länder erhöhen sich entsprechend im Jahr 2020 um 993 Millionen Euro, in den Jahren 2021 und 2022 um jeweils 1 993 Millionen Euro, im Jahr 2023 um 1 884 Millionen Euro und im Jahr 2024 um 1 993 Millionen Euro.</P><P>(6) Um den finanziellen Lasten der Länder, die ihnen aus der Umsetzung des Aktionsprogramms „Aufholen nach Corona für Kinder und Jugendliche für die Jahre 2021 und 2022“ im eigenen Zuständigkeitsbereich entstehen, Rechnung zu tragen, verringern sich die in Absatz 2 genannten Beträge für den Bund im Jahr 2021 um weitere 430 Millionen Euro und im Jahr 2022 um weitere 860 Millionen Euro; die in Absatz 2 genannten Beträge für die Länder erhöhen sich entsprechend im Jahr 2021 um weitere 430 Millionen Euro und im Jahr 2022 um weitere 860 Millionen Euro.</P></Content></text><fussnoten><Content><P>§ 1 Abs. 2 Kursivdruck: Aufgrund offensichtlicher Unrichtigkeit wurde nach der Angabe &quot;minus 12 322 407 683&quot; das Wort &quot;Euro&quot; eingefügt</P></Content></fussnoten></textdaten></norm>
<norm builddate="20250228223023" doknr="BJNR395600001BJNE000202123"><metadaten><jurabk>FinAusglG 2005</jurabk><jurabk>FAG</jurabk><enbez>§ 2</enbez><titel format="XML">Verteilung der Umsatzsteuer unter den Ländern</titel></metadaten><textdaten><text format="XML"><Content><P>Der Länderanteil an der Umsatzsteuer wird vorbehaltlich des gemäß § 4 durchzuführenden Finanzkraftausgleichs nach dem Verhältnis ihrer Einwohnerzahlen auf die Länder verteilt. Hierbei sind die Einwohnerzahlen zugrunde zu legen, die das Statistische Bundesamt zum 30. Juni des Kalenderjahres, für das der Ausgleich durchgeführt wird (Ausgleichsjahr), festgestellt hat.</P></Content></text><fussnoten/></textdaten></norm>
<norm builddate="20250228223023" doknr="BJNR395600001BJNE000302123"><metadaten><jurabk>FinAusglG 2005</jurabk><jurabk>FAG</jurabk><enbez>§ 3</enbez><titel format="XML">Verteilung der Gewerbesteuerumlage unter den Ländern</titel></metadaten><textdaten><text format="XML"><Content><P>Die Gewerbesteuerumlage steht den Ländern insoweit zu, als die Gewerbesteuer in dem Gebiet des einzelnen Landes vereinnahmt wird.</P></Content></text><fussnoten/></textdaten></norm>
<norm builddate="20250228223023" doknr="BJNR395600001BJNG000202123"><metadaten><jurabk>FinAusglG 2005</jurabk><jurabk>FAG</jurabk><gliederungseinheit><gliederungskennzahl>020</gliederungskennzahl><gliederungsbez>Zweiter Abschnitt</gliederungsbez><gliederungstitel>Angemessener Ausgleich der unterschiedlichen Finanzkraft</gliederungstitel></gliederungseinheit></metadaten><textdaten><text format="XML"><Content><P/></Content></text><fussnoten/></textdaten></norm>
<norm builddate="20250228223023" doknr="BJNR395600001BJNE000402123"><metadaten><jurabk>FinAusglG 2005</jurabk><jurabk>FAG</jurabk><enbez>§ 4</enbez><titel format="XML">Finanzkraftausgleich</titel></metadaten><textdaten><text format="XML"><Content><P>Der Verteilung der Umsatzsteuer unter den Ländern ist ein angemessener Ausgleich der unterschiedlichen Finanzkraftverhältnisse hinzuzurechnen. Zu diesem Zweck erfolgt die Verteilung der Umsatzsteuer gemäß § 2 nach der Hinzurechnung von Zuschlägen zu und Abschlägen von der Finanzkraft.</P></Content></text><fussnoten/></textdaten></norm>
<norm builddate="20250228223023" doknr="BJNR395600001BJNE000502123"><metadaten><jurabk>FinAusglG 2005</jurabk><jurabk>FAG</jurabk><enbez>§ 5</enbez><titel format="XML">Abschläge und Zuschläge zum Zweck des Finanzkraftausgleichs</titel></metadaten><textdaten><text format="XML"><Content><P>(1) Abschläge werden von den Ländern erhoben, deren Finanzkraftmesszahl im Ausgleichsjahr ihre Ausgleichsmesszahl übersteigt.</P><P>(2) Zuschläge werden den Ländern gewährt, deren Finanzkraftmesszahl im Ausgleichsjahr ihre Ausgleichsmesszahl nicht erreicht.</P></Content></text><fussnoten/></textdaten></norm>
<norm builddate="20250228223023" doknr="BJNR395600001BJNE000602123"><metadaten><jurabk>FinAusglG 2005</jurabk><jurabk>FAG</jurabk><enbez>§ 6</enbez><titel format="XML">Finanzkraftmesszahl, Ausgleichsmesszahl</titel></metadaten><textdaten><text format="XML"><Content><P>(1) Die Finanzkraftmesszahl eines Landes ist die Summe der Einnahmen des Landes nach § 7 und der Steuereinnahmen seiner Gemeinden nach § 8.</P><P>(2) Die Ausgleichsmesszahl eines Landes ist die Summe der beiden Messzahlen, die zum Ausgleich der Einnahmen der Länder nach § 7 und zum Ausgleich der Steuereinnahmen der Gemeinden nach § 8 getrennt festgestellt werden. Die Messzahlen ergeben sich aus den auszugleichenden Einnahmen je Einwohner der Ländergesamtheit, vervielfacht mit der Einwohnerzahl des Landes; hierbei sind die nach § 9 gewerteten Einwohnerzahlen zugrunde zu legen.</P></Content></text><fussnoten/></textdaten></norm>
<norm builddate="20250228223023" doknr="BJNR395600001BJNE000707123"><metadaten><jurabk>FinAusglG 2005</jurabk><jurabk>FAG</jurabk><enbez>§ 7</enbez><titel format="XML">Einnahmen der Länder aus Steuern und Förderabgabe</titel></metadaten><textdaten><text format="XML"><Content><P>(1) Als Steuereinnahmen eines Landes gelten die ihm im Ausgleichsjahr zugeflossenen Einnahmen <DL Font="normal" Type="arabic"><DT>1.</DT><DD Font="normal"><LA Size="normal">aus seinem Anteil an der Einkommensteuer, der Körperschaftsteuer und der Mindeststeuer;</LA></DD><DT>2.</DT><DD Font="normal"><LA Size="normal">aus seinem Anteil an der Gewerbesteuerumlage nach § 6 des Gemeindefinanzreformgesetzes;</LA></DD><DT>3.</DT><DD Font="normal"><LA Size="normal">aus der Vermögensteuer, der Erbschaftsteuer, der Biersteuer, der Steuern nach dem Rennwett- und Lotteriegesetz mit Ausnahme der Totalisatorsteuer, der Feuerschutzsteuer und der Spielbankabgabe mit Ausnahme der Sonderabgabe und der Troncabgabe;</LA></DD><DT>4.</DT><DD Font="normal"><LA Size="normal">nach dem Gesetz zur Regelung der finanziellen Kompensation zugunsten der Länder infolge der Übertragung der Ertragshoheit der Kraftfahrzeugsteuer auf den Bund.</LA></DD></DL>Als Steuereinnahme eines Landes gilt ebenfalls seine Steuerkraftzahl der Grunderwerbsteuer im Ausgleichsjahr. Als Steuerkraftzahlen werden für die einzelnen Länder die Beträge angesetzt, die sich ergeben, wenn die im Bundesgebiet insgesamt im Ausgleichsjahr aufgekommene Grunderwerbsteuer im Verhältnis der dem Aufkommen zu Grunde liegenden länderweisen Steuerbemessungsgrundlagen der Grunderwerbsteuer verteilt wird. Für Fälle der Pauschalbesteuerung nach § 12 des Grunderwerbsteuergesetzes ist zur Ermittlung der Steuerbemessungsgrundlage der Pauschalbetrag durch den Steuersatz zu dividieren, der zum Zeitpunkt des pauschaliert besteuerten Rechtsvorgangs gültig war. Als Steuereinnahmen eines Landes gelten ferner die sich nach § 2 entsprechend seinem Einwohneranteil für das Ausgleichsjahr ergebenden Anteile der Umsatzsteuer.</P><P>(2) Den Steuereinnahmen der Länder nach Absatz 1 werden 33 Prozent des Aufkommens aus der Förderabgabe nach § 31 des Bundesberggesetzes hinzugesetzt.</P><P>(3) Die Einnahmen nach den Absätzen 1 und 2 werden in den Ländern gekürzt, in denen die Veränderungsrate der Steuereinnahmen nach Absatz 1 Satz 1 bis 4 je Einwohner im Ausgleichsjahr gegenüber dem dem Ausgleichsjahr vorausgehenden Kalenderjahr die entsprechende Veränderungsrate der Ländergesamtheit übersteigt. Dabei sind die Einwohnerzahlen maßgebend, die das Statistische Bundesamt jeweils zum 30. Juni des Ausgleichsjahres und des dem Ausgleichsjahr vorausgehenden Kalenderjahres festgestellt hat. Der Kürzungsbetrag wird auf 12 Prozent des Betrages festgesetzt, der sich ergibt, wenn die Veränderungsrate der Steuereinnahmen eines Landes nach Absatz 1 Satz 1 bis 4 je Einwohner im Ausgleichsjahr, soweit sie die entsprechende Veränderungsrate der Ländergesamtheit übersteigt, vervielfacht wird mit den Steuereinnahmen des Landes nach Absatz 1 Satz 1 bis 4 je Einwohner des dem Ausgleichsjahr vorausgehenden Kalenderjahres sowie mit der Einwohnerzahl des Ausgleichsjahres.</P></Content></text><fussnoten/></textdaten></norm>
<norm builddate="20250228223023" doknr="BJNR395600001BJNE000803123"><metadaten><jurabk>FinAusglG 2005</jurabk><jurabk>FAG</jurabk><enbez>§ 8</enbez><titel format="XML">Steuereinnahmen der Gemeinden</titel></metadaten><textdaten><text format="XML"><Content><P>(1) Als Steuereinnahmen der Gemeinden eines Landes gelten nach Maßgabe des Absatzes 3 <DL Font="normal" Type="arabic"><DT>1.</DT><DD Font="normal"><LA Size="normal">die Gemeindeanteile an der Umsatzsteuer und an der Einkommensteuer im Ausgleichsjahr,</LA></DD><DT>2.</DT><DD Font="normal"><LA Size="normal">die Steuerkraftzahlen der Grundsteuern und der Gewerbesteuer nach Absatz 2, vermindert um die im Ausgleichsjahr geleistete Gewerbesteuerumlage.</LA></DD></DL>Für die von den Gemeinden geleistete Gewerbesteuerumlage sind die Feststellungen der Länder maßgebend.</P><P>(2) Als Steuerkraftzahlen der Gewerbesteuer werden jeweils für die einzelnen Länder die Beträge angesetzt, die sich ergeben, wenn die im Bundesgebiet insgesamt im Ausgleichsjahr aufgekommene Gewerbesteuer im Verhältnis der länderweisen Grundbeträge dieser Steuern in dem dem Ausgleichsjahr vorausgehenden Kalenderjahr verteilt werden. Dabei sind die Grundbeträge maßgebend, die das Statistische Bundesamt nach dem Ergebnis der Gemeindefinanzstatistik festgestellt hat. Als Steuerkraftzahlen der Grundsteuer von den land- und forstwirtschaftlichen Betrieben und der Grundsteuer von den Grundstücken werden für die einzelnen Länder jeweils die Beträge angesetzt, die sich ergeben, wenn die im Bundesgebiet insgesamt im Ausgleichsjahr aufgekommenen Grundsteuern jeweils im Verhältnis der Summen der nach bundesgesetzlich normiertem Bewertungsrecht berechneten Grundsteuermessbeträge, die die Länder für das dem Ausgleichsjahr vorausgehende Kalenderjahr für ihr Gebiet festzustellen haben, verteilt werden; dies gilt nicht, soweit das Statistische Bundesamt für alle Länder in bundeseinheitlicher Abgrenzung Grundbeträge der Grundsteuern festgestellt hat. Bei der Ermittlung der Summen nach Satz 3 ist unverhältnismäßiger Verwaltungsaufwand zu vermeiden. Für die Steuerpflichtigen darf durch das Verfahren zur Normierung des Grundsteueraufkommens keine gesonderte Erklärungspflicht entstehen.</P><P>(3) Die Steuereinnahmen der Gemeinden eines Landes nach Absatz 1 werden je für sich auf 75 Prozent herabgesetzt.</P><P>(4) Für die Ausgleichsjahre 2025 bis 2027 werden bei der Ermittlung der Steuerkraftzahlen der Grundsteuer von den land- und forstwirtschaftlichen Betrieben und der Grundsteuer von den Grundstücken abweichend von den Regelungen in Absatz 2 jeweils die vom Statistischen Bundesamt festgestellten Grundbeträge des Jahres 2024 angesetzt.</P><P>(5) Für die Ausgleichsjahre 2028 und 2029 werden bei der Ermittlung der Steuerkraftzahlen der Grundsteuer von den land- und forstwirtschaftlichen Betrieben und der Grundsteuer von den Grundstücken abweichend von den Regelungen in Absatz 2 jeweils die Steuerkraftzahlen für jedes Land ermittelt, indem jeweils anteilig <DL Font="normal" Type="arabic"><DT>1.</DT><DD Font="normal"><LA Size="normal">die Grundbeträge nach Absatz 4</LA><LA Size="normal">im Jahr 2028 zu 67 Prozent und</LA><LA Size="normal">im Jahr 2029 zu 33 Prozent sowie</LA></DD><DT>2.</DT><DD Font="normal"><LA Size="normal">die für das dem Ausgleichsjahr vorangehende Kalenderjahr ermittelten Beträge gemäß Absatz 2</LA><LA Size="normal">im Jahr 2028 zu 33 Prozent und</LA><LA Size="normal">im Jahr 2029 zu 67 Prozent</LA></DD></DL>zugrunde gelegt werden.</P><P>(6) Das Bundesministerium der Finanzen kann in der Verordnung nach § 14 Absatz 4 für die Ausgleichsjahre 2025 bis 2029 bei den Grundsteuern in Anlehnung an die Festlegungen in Absatz 4 von § 13 Nummer 2 abweichende Festlegungen treffen.</P></Content></text><fussnoten/></textdaten></norm>
<norm builddate="20250228223023" doknr="BJNR395600001BJNE000902123"><metadaten><jurabk>FinAusglG 2005</jurabk><jurabk>FAG</jurabk><enbez>§ 9</enbez><titel format="XML">Einwohnerzahl</titel></metadaten><textdaten><text format="XML"><Content><P>(1) Der Ausgleichsmesszahl eines Landes wird die Einwohnerzahl (Wohnbevölkerung) zugrunde gelegt, die das Statistische Bundesamt zum 30. Juni des Ausgleichsjahres festgestellt hat.</P><P>(2) Bei der Ermittlung der Messzahlen zum Ausgleich der Einnahmen der Länder nach § 7 werden die Einwohnerzahlen der Länder Berlin, Bremen und Hamburg mit 135 Prozent und die Einwohnerzahlen der übrigen Länder mit 100 Prozent gewertet.</P><P>(3) Bei der Ermittlung der Messzahlen zum Ausgleich der Steuereinnahmen der Gemeinden nach § 8 werden die Einwohnerzahlen der Länder Berlin, Bremen und Hamburg mit 135 Prozent, die Einwohnerzahl des Landes Mecklenburg-Vorpommern mit 105 Prozent, die Einwohnerzahl des Landes Brandenburg mit 103 Prozent, die Einwohnerzahl des Landes Sachsen-Anhalt mit 102 Prozent und die Einwohnerzahlen der übrigen Länder mit 100 Prozent gewertet.</P></Content></text><fussnoten/></textdaten></norm>
<norm builddate="20250228223023" doknr="BJNR395600001BJNE001002123"><metadaten><jurabk>FinAusglG 2005</jurabk><jurabk>FAG</jurabk><enbez>§ 10</enbez><titel format="XML">Bemessung der Zu- und Abschläge</titel></metadaten><textdaten><text format="XML"><Content><P>(1) Die Höhe des Zuschlags, der einem Land zu gewähren ist, beträgt 63 Prozent des Betrags, um den die Ausgleichsmesszahl dieses Landes seine Finanzkraftmesszahl übersteigt.</P><P>(2) Die Höhe des Abschlags, der von einem Land zu erheben ist, beträgt 63 Prozent des Betrags, um den die Finanzkraftmesszahl dieses Landes seine Ausgleichsmesszahl übersteigt. Soweit die Höhe des Abschlags eines Landes seinen nach § 2 ermittelten Anteil übersteigt, ist der Unterschiedsbetrag von diesem Land aufzubringen.</P></Content></text><fussnoten/></textdaten></norm>
<norm builddate="20250228223023" doknr="BJNR395600001BJNG000302123"><metadaten><jurabk>FinAusglG 2005</jurabk><jurabk>FAG</jurabk><gliederungseinheit><gliederungskennzahl>030</gliederungskennzahl><gliederungsbez>Dritter Abschnitt</gliederungsbez><gliederungstitel>Bundesergänzungszuweisungen</gliederungstitel></gliederungseinheit></metadaten><textdaten><text format="XML"><Content><P/></Content></text><fussnoten/></textdaten></norm>
<norm builddate="20250228223023" doknr="BJNR395600001BJNE001113123"><metadaten><jurabk>FinAusglG 2005</jurabk><jurabk>FAG</jurabk><enbez>§ 11</enbez><titel format="XML">Bundesergänzungszuweisungen</titel></metadaten><textdaten><text format="XML"><Content><P>(1) Der Bund gewährt aus seinen Mitteln leistungsschwachen Ländern Bundesergänzungszuweisungen zur ergänzenden Deckung ihres allgemeinen Finanzbedarfs sowie zum Ausgleich von Sonderlasten nach Maßgabe der Absätze 2 bis 6.</P><P>(2) Zur ergänzenden Deckung ihres allgemeinen Finanzbedarfs erhalten leistungsschwache Länder allgemeine Bundesergänzungszuweisungen. Leistungsschwach im Sinne von Satz 1 ist ein Land, dessen Summe aus Finanzkraftmesszahl und Zuschlag nach § 10 Fehlbeträge an 99,75 Prozent der Ausgleichsmesszahl des Ausgleichsjahres aufweist. Ein leistungsschwaches Land erhält 80 Prozent dieser Fehlbeträge als allgemeine Bundesergänzungszuweisungen.</P><P>(3) Zum Ausgleich von Sonderlasten durch die strukturelle Arbeitslosigkeit und der daraus entstehenden überproportionalen Lasten bei der Zusammenführung von Arbeitslosenhilfe und Sozialhilfe für Erwerbsfähige erhalten nachstehende Länder jährlich folgende Sonderbedarfs-Bundesergänzungszuweisungen:<BR/><BR/><table frame="none" pgwide="1" tocentry="%yes;"><tgroup align="left" char="" charoff="50" cols="2" colsep="0" rowsep="0"><colspec colname="col1" colnum="1" colwidth="13.*"/><colspec colname="col2" colnum="2" colwidth="13.*"/><tbody valign="top"><row><entry VJ="1">Brandenburg</entry><entry VJ="1">15 580 000 Euro,</entry></row><row><entry VJ="1">Mecklenburg-Vorpommern</entry><entry VJ="1">10 496 000 Euro,</entry></row><row><entry VJ="1">Sachsen</entry><entry VJ="1">26 158 000 Euro,</entry></row><row><entry VJ="1">Sachsen-Anhalt</entry><entry VJ="1">15 334 000 Euro,</entry></row><row><entry VJ="1">Thüringen</entry><entry VJ="1">14 432 000 Euro.</entry></row></tbody></tgroup></table><BR/><BR/>Bund und Länder überprüfen gemeinsam in einem Abstand von drei Jahren, beginnend im Jahr 2022, in welcher Höhe die Sonderlasten dieser Länder ab dem jeweils folgenden Jahr auszugleichen sind. Die Sonderlasten sind entsprechend den im Jahr vor der Überprüfung gegebenen einwohnerbezogenen Verhältnissen der Bedarfsgemeinschaften und der Entwicklung der Kosten der Unterkunft im Durchschnitt der Länder Brandenburg, Mecklenburg-Vorpommern, Sachsen, Sachsen-Anhalt und Thüringen im Verhältnis zum Durchschnitt der Länder Baden-Württemberg, Bayern, Hessen, Niedersachsen, Nordrhein-Westfalen, Rheinland-Pfalz, Saarland und Schleswig-Holstein in Bezug zum Ausgangsjahr 2005 zu ermitteln.</P><P>(4) Wegen überdurchschnittlich hoher Kosten politischer Führung erhalten nachstehende Länder jährlich folgende Sonderbedarfs-Bundesergänzungszuweisungen, wenn sie im jeweiligen Ausgleichsjahr das Kriterium der Leistungsschwäche gemäß Absatz 2 Satz 2 erfüllen: <table frame="none" pgwide="1" tocentry="%yes;"><tgroup align="left" char="" charoff="50" cols="2"><colspec colname="c1" colwidth="137*"/><colspec colname="c2" colwidth="28*"/><tbody valign="top"><row><entry VJ="1" colsep="0" rowsep="0">Berlin</entry><entry VJ="1" rowsep="0">62 831 000 Euro,</entry></row><row><entry VJ="1" colsep="0" rowsep="0">Brandenburg</entry><entry VJ="1" rowsep="0">76 524 000 Euro,</entry></row><row><entry VJ="1" colsep="0" rowsep="0">Bremen</entry><entry VJ="1" rowsep="0">62 501 000 Euro,</entry></row><row><entry VJ="1" colsep="0" rowsep="0">Hamburg</entry><entry VJ="1" rowsep="0">78 699 000 Euro,</entry></row><row><entry VJ="1" colsep="0" rowsep="0">Mecklenburg-Vorpommern</entry><entry VJ="1" rowsep="0">77 987 000 Euro,</entry></row><row><entry VJ="1" colsep="0" rowsep="0">Rheinland-Pfalz</entry><entry VJ="1" rowsep="0">54 410 000 Euro,</entry></row><row><entry VJ="1" colsep="0" rowsep="0">Saarland</entry><entry VJ="1" rowsep="0">70 652 000 Euro,</entry></row><row><entry VJ="1" colsep="0" rowsep="0">Sachsen</entry><entry VJ="1" rowsep="0">54 510 000 Euro,</entry></row><row><entry VJ="1" colsep="0" rowsep="0">Sachsen-Anhalt</entry><entry VJ="1" rowsep="0">78 157 000 Euro,</entry></row><row><entry VJ="1" colsep="0" rowsep="0">Schleswig-Holstein</entry><entry VJ="1" rowsep="0">72 969 000 Euro,</entry></row><row><entry VJ="1" colsep="0">Thüringen</entry><entry VJ="1">78 404 000 Euro.</entry></row></tbody></tgroup></table><BR/><BR/>Bund und Länder überprüfen gemeinsam die Voraussetzungen der Vergabe in einem Abstand von fünf Jahren, erstmals im Jahr 2023, im Hinblick auf die Vergabe im jeweils übernächsten Jahr.</P><P>(5) Leistungsschwache Länder, in denen die kommunalen Steuereinnahmen gemäß § 8 Absatz 1 und 2 im Ausgleichsjahr je Einwohner weniger als 80 Prozent des Durchschnitts aller gemäß § 8 Absatz 1 und 2 ermittelten Steuereinnahmen der Gemeinden betragen, erhalten Bundesergänzungszuweisungen zum Ausgleich besonders geringer kommunaler Steuerkraft. Die Zuweisungen erfolgen in Höhe von 53,5 Prozent des zu 80 Prozent des Durchschnitts bestehenden Fehlbetrages. Für die Berechnung der Zuweisungen sind die nach § 9 Absatz 1 ermittelten Einwohnerzahlen maßgebend. Absatz 2 Satz 2 gilt entsprechend.</P><P>(6) Zuweisungen werden leistungsschwachen Ländern gewährt, die aus Mitteln der Forschungsförderung nach Artikel 91b des Grundgesetzes einen Forschungsnettozufluss in Höhe von weniger als 95 Prozent des den Ländern durchschnittlich gewährten Forschungsnettozuflusses erhalten haben. Diese Länder erhalten pro Einwohner Ergänzungszuweisungen des Bundes in Höhe von 35 Prozent des zu 95 Prozent des durchschnittlich von den Ländern vereinnahmten Forschungsnettozuflusses bestehenden Fehlbetrages. Forschungsnettozufluss ist der Nettozufluss pro Einwohner in der von der Gemeinsamen Wissenschaftskonferenz für das dem Ausgleichsjahr sieben Jahre vorausgehende Jahr festgestellten Höhe. Absatz 2 Satz 2 gilt entsprechend.</P><P>(7) Die Bundesergänzungszuweisungen nach § 11 sind abweichend von § 10 Abs. 3, § 12 Abs. 1 und 4 des Haushaltsgrundsätzegesetzes sowie von § 13 Abs. 3, § 15 Abs. 1 und § 17 Abs. 1 der Bundeshaushaltsordnung bei den Einnahmen darzustellen.</P></Content></text><fussnoten><Content><P>§ 11 idF d. G v. 20.12.2001 I 3955, 3956: Nach Maßgabe der Entscheidungsformel mit Art. 107 Abs. 2 Satz 3 GG vereinbar gem. BVerfGE v. 19.10.2006 I 2652 - 2 BvF 3/03 -</P></Content></fussnoten></textdaten></norm>
<norm builddate="20250228223023" doknr="BJNR395600001BJNG000402123"><metadaten><jurabk>FinAusglG 2005</jurabk><jurabk>FAG</jurabk><gliederungseinheit><gliederungskennzahl>040</gliederungskennzahl><gliederungsbez>Vierter Abschnitt</gliederungsbez><gliederungstitel>Vollzug und Abrechnung der Umsatzsteuerverteilung, des Finanzkraftausgleichs und der Bundesergänzungszuweisungen</gliederungstitel></gliederungseinheit></metadaten><textdaten><text format="XML"><Content><P/></Content></text><fussnoten/></textdaten></norm>
<norm builddate="20250228223023" doknr="BJNR395600001BJNE001202123"><metadaten><jurabk>FinAusglG 2005</jurabk><jurabk>FAG</jurabk><enbez>§ 12</enbez><titel format="XML">Feststellung der Umsatzsteueranteile</titel></metadaten><textdaten><text format="XML"><Content><P>Das Bundesministerium der Finanzen stellt nach Ablauf des Ausgleichsjahres die endgültige Höhe der Länderanteile an der Umsatzsteuer durch Rechtsverordnung fest, die der Zustimmung des Bundesrates bedarf.</P></Content></text><fussnoten/></textdaten></norm>
<norm builddate="20250228223023" doknr="BJNR395600001BJNE002301123"><metadaten><jurabk>FinAusglG 2005</jurabk><jurabk>FAG</jurabk><enbez>§ 12a</enbez><titel format="XML">Abweichende Bestimmungen für die Ausgleichsjahre 2022 und 2023</titel></metadaten><textdaten><text format="XML"><Content><P>Für die Ausgleichsjahre 2022 und 2023 sind in der Rechtsverordnung nach § 12 die Unterschiede zwischen den fortgeschriebenen Einwohnerzahlen der Länder auf der Grundlage des Zensus 2022 einerseits und den fortgeschriebenen Einwohnerzahlen der Länder auf der Grundlage des Zensus 2011 andererseits wie folgt zu berücksichtigen: Die Einwohnerzahlen der Länder nach den §§ 2, 7 Absatz 3 und § 9 Absatz 1 werden ermittelt, indem den Einwohnerzahlen der Länder auf der Grundlage des Zensus 2011 für das Ausgleichsjahr 2022 ein Drittel und für das Ausgleichsjahr 2023 zwei Drittel der Unterschiede nach Satz 1 hinzugerechnet werden. Für die in Satz 1 genannten Jahre wird jeweils eine weitere Zwischenabrechnung im Sinne von § 14 Absatz 3 sowie jeweils eine weitere Verrechnung im Sinne von § 16 erstellt. Die sich hieraus ergebenden Zahlungen werden für das Ausgleichsjahr 2022 zusammen mit den Zahlungen gemäß § 14 Absatz 3 und § 16 für das zweite Quartal 2025 und für das Ausgleichsjahr 2023 zusammen mit den Zahlungen gemäß § 14 Absatz 3 und § 16 für das erste Quartal 2026 entrichtet.</P></Content></text><fussnoten/></textdaten></norm>
<norm builddate="20250228223023" doknr="BJNR395600001BJNE001302123"><metadaten><jurabk>FinAusglG 2005</jurabk><jurabk>FAG</jurabk><enbez>§ 13</enbez><titel format="XML">Verteilung der Umsatzsteuer und Vollzug des Finanzkraftausgleichs während des Ausgleichsjahres</titel></metadaten><textdaten><text format="XML"><Content><P>Die Verteilung der Umsatzsteuer und der Finanzkraftausgleich werden während des Ausgleichsjahres aufgrund vorläufiger Bemessungsgrundlagen vorgenommen. Die vorläufigen Anteile an der Umsatzsteuer sowie die vorläufigen Zuschläge zu und Abschläge von der Finanzkraft werden nach den §§ 2 sowie 4 bis 10 ermittelt; jedoch werden zugrunde gelegt <DL Font="normal" Type="arabic"><DT>1.</DT><DD Font="normal"><LA Size="normal">die Einnahmen der Länder nach § 7 Abs. 1 und 2 sowie die Gemeindeanteile an der Umsatzsteuer und an der Einkommensteuer und die Gewerbesteuerumlage nach § 8 in dem Jahreszeitraum, der am 30. September des vorausgehenden Jahres endet;</LA></DD><DT>2.</DT><DD Font="normal"><LA Size="normal">die Steuerkraftzahlen der Grundsteuern und der Gewerbesteuer der Gemeinden gemäß § 8 nach den Grundbeträgen, die das Statistische Bundesamt zuletzt festgestellt hat, und nach ihren Aufkommen in dem Jahreszeitraum, der am 30. Juni des vorausgehenden Jahres endet;</LA></DD><DT>3.</DT><DD Font="normal"><LA Size="normal">die Einwohnerzahlen nach § 9 Abs. 1, die das Statistische Bundesamt zum 30. Juni des Jahres festgestellt hat, das dem Ausgleichsjahr vorausgeht; sind diese nicht rechtzeitig verfügbar, die vom Statistischen Bundesamt zuletzt festgestellten Einwohnerzahlen.</LA></DD></DL></P></Content></text><fussnoten/></textdaten></norm>
<norm builddate="20250228223023" doknr="BJNR395600001BJNE001404123"><metadaten><jurabk>FinAusglG 2005</jurabk><jurabk>FAG</jurabk><enbez>§ 14</enbez><titel format="XML">Zahlungsverkehr zum Vollzug der Umsatzsteuerverteilung und des Finanzkraftausgleichs</titel></metadaten><textdaten><text format="XML"><Content><P>(1) Der Zahlungsverkehr wird während des Ausgleichsjahres in der Weise abgewickelt, dass die Ablieferung des Bundesanteils an der durch Landesfinanzbehörden verwalteten Umsatzsteuer um die Beträge erhöht oder ermäßigt wird, die nach der vorläufigen Bemessung der nach dem Verhältnis der Einwohnerzahlen der Länder verteilten Länderanteile an der Umsatzsteuer nach § 2 Satz 1 sowie der vorläufig erhobenen Abschläge und der vorläufig gewährten Zuschläge nach § 10 zu verrechnen sind. Soweit der Anspruch eines Landes aus diesen Verrechnungen durch den Bundesanteil an der Umsatzsteuer nicht voll gedeckt wird, überweist das Bundesministerium der Finanzen diesem Land den nicht gedeckten Teil des vorläufigen Ausgleichsanspruchs in monatlichen Teilbeträgen. Soweit die Verpflichtung eines Landes aus diesen Verrechnungen über dem Aufkommen der von Landesfinanzbehörden verwalteten Umsatzsteuer liegt, ist der darüber liegende Teil von dem Land dem Bundesministerium der Finanzen in monatlichen Teilbeträgen zu überweisen. Die für die Aufteilung des Umsatzsteueraufkommens auf Bund, Länder und Gemeinden in § 1 Absatz 2 genannten Beträge werden gesondert im Rahmen des Zahlungsverkehrs der Einfuhrumsatzsteuer nach Absatz 2 berücksichtigt; Entsprechendes gilt für unterjährige Gesetzesänderungen mit Auswirkungen auf die Umsatzsteueranteile nach § 1 Absatz 1 im laufenden Ausgleichsjahr.</P><P>(2) Der Länderanteil an der durch Bundesfinanzbehörden verwalteten Einfuhrumsatzsteuer wird auf die Länder nach der Einwohnerzahl verteilt und in monatlichen Teilbeträgen überwiesen. Im Ausgleichsjahr 2024 gilt ein Betrag von 1 750 000 000 Euro aus der in den Monaten Januar bis Juni überwiesenen Teilbetragssumme als Abschlagszahlung auf eine flüchtlingskostenbezogene Pro-Kopf-Pauschale.</P><P>(3) Die Differenzen der vorläufigen Umsatzsteueranteile, Zuschläge und Abschläge nach § 13 zu den auf der Grundlage der tatsächlichen Entwicklung der Bemessungsgrundlagen bestimmten Umsatzsteueranteilen, Zuschlägen und Abschlägen des Ausgleichsjahres werden vierteljährlich vorläufig abgerechnet.</P><P>(4) Das Nähere bestimmt das Bundesministerium der Finanzen jährlich in einer Rechtsverordnung, die der Zustimmung des Bundesrates bedarf.</P></Content></text><fussnoten/></textdaten></norm>
<norm builddate="20250228223023" doknr="BJNR395600001BJNE001502123"><metadaten><jurabk>FinAusglG 2005</jurabk><jurabk>FAG</jurabk><enbez>§ 15</enbez><titel format="XML">Endgültige Abrechnung der Umsatzsteuerverteilung und des Finanzkraftausgleichs</titel></metadaten><textdaten><text format="XML"><Content><P>Unterschiede zwischen den vorläufig gezahlten und den endgültig festgestellten Ausgleichszahlungen werden durch Überweisungen ausgeglichen, die mit dem Inkrafttreten der in § 12 vorgesehenen Rechtsverordnung fällig werden. Das Bundesministerium der Finanzen trifft die für den Überweisungsverkehr erforderlichen Anordnungen.</P></Content></text><fussnoten/></textdaten></norm>
<norm builddate="20250228223023" doknr="BJNR395600001BJNE001602123"><metadaten><jurabk>FinAusglG 2005</jurabk><jurabk>FAG</jurabk><enbez>§ 16</enbez><titel format="XML">Zahlungsverkehr zum Vollzug der Bundesergänzungszuweisungen</titel></metadaten><textdaten><text format="XML"><Content><P>(1) Auf die Bundesergänzungszuweisungen nach § 11 Absatz 2 und 5 werden am 15. März, 15. Juni, 15. September und 15. Dezember Abschlagszahlungen nach Maßgabe der Verhältnisse des jeweils vorhergehenden Abrechnungszeitraums entrichtet. Gleichzeitig werden die mit der Abschlagszahlung des vorausgegangenen Zahlungstermins zu viel oder zu wenig gezahlten Beträge verrechnet. Für die endgültige Abrechnung der Bundesergänzungszuweisungen gilt § 15 entsprechend.</P><P>(2) Die Bundesergänzungszuweisungen nach § 11 Absatz 3, 4 und 6 sind mit je einem Viertel ihres Betrages am 15. März, 15. Juni, 15. September und 15. Dezember fällig.</P></Content></text><fussnoten/></textdaten></norm>
<norm builddate="20250228223023" doknr="BJNR395600001BJNE001704123"><metadaten><jurabk>FinAusglG 2005</jurabk><jurabk>FAG</jurabk><enbez>§ 17</enbez><titel format="XML">Vollzug der Verteilung des Gemeindeanteils an der Umsatzsteuer</titel></metadaten><textdaten><text format="XML"><Content><P>(1) Die Höhe des Gemeindeanteils am Aufkommen der durch Bundesfinanzbehörden und Landesfinanzbehörden verwalteten Umsatzsteuer und seine Verteilung nach Ländern nach § 5a des Gemeindefinanzreformgesetzes werden beim Bundesministerium der Finanzen jeweils nach Ablauf eines Monats berechnet. Der Gemeindeanteil an der durch Bundesfinanzbehörden verwalteten Einfuhrumsatzsteuer wird den Ländern zusammen mit dem Länderanteil an der Einfuhrumsatzsteuer nach § 14 Abs. 2 in monatlichen Teilbeträgen überwiesen. Dabei wird er dergestalt länderweise verteilt, dass bei dem einzelnen Land zusammen mit dem Gemeindeanteil an der durch Landesfinanzbehörden verwalteten Umsatzsteuer der insgesamt seinen Gemeinden zustehende Anteil erreicht wird. Ist der Gemeindeanteil an der durch Landesfinanzbehörden verwalteten Umsatzsteuer bei dem einzelnen Land höher als der seinen Gemeinden insgesamt zustehende Anteil an der Umsatzsteuer, wird der darüber hinausgehende Betrag mit dem Anteil des Landes an der Einfuhrumsatzsteuer verrechnet. § 14 Absatz 1 Satz 4 bleibt unberührt.</P><P>(2) Näheres kann das Bundesministerium der Finanzen durch Rechtsverordnung bestimmen, die der Zustimmung des Bundesrates bedarf.</P></Content></text><fussnoten/></textdaten></norm>
<norm builddate="20250228223023" doknr="BJNR395600001BJNE001802123"><metadaten><jurabk>FinAusglG 2005</jurabk><jurabk>FAG</jurabk><enbez>§ 18</enbez><titel format="XML">Berichts- und Auskunftspflichten</titel></metadaten><textdaten><text format="XML"><Content><P>(1) Über Struktur und Höhe des Finanzkraftausgleichs sowie der Zuweisungen gemäß § 11 im Ausgleichsjahr unterrichtet die Bundesregierung im Folgejahr den Bundestag und den Bundesrat.</P><P>(2) Die zuständigen Landesbehörden sind verpflichtet, dem Bundesministerium der Finanzen alle zur Durchführung dieses Gesetzes angeforderten Auskünfte zu erteilen. Die oberste Rechnungsprüfungsbehörde des Landes hat die sachliche Richtigkeit der zur Feststellung der Finanzkraft des Landes erforderlichen Angaben zu bestätigen.</P></Content></text><fussnoten/></textdaten></norm>
<norm builddate="20250228223023" doknr="BJNR395600001BJNE001902123"><metadaten><jurabk>FinAusglG 2005</jurabk><jurabk>FAG</jurabk><enbez>§ 19</enbez><titel format="XML">Vollzug und Abrechnung der Ausgleichsjahre vor dem 1. Januar 2020</titel></metadaten><textdaten><text format="XML"><Content><P>Für den Vollzug und die Abrechnung der Umsatzsteuerverteilung, des Finanzausgleichs und der Bundesergänzungszuweisungen für die vor dem 1. Januar 2020 liegenden Ausgleichsjahre findet das Gesetz über den Finanzausgleich zwischen Bund und Ländern vom 20. Dezember 2001 (BGBl. I S. 3955, 3956) in der am 31. Dezember des jeweiligen Ausgleichsjahres geltenden Fassung weiterhin Anwendung.</P></Content></text><fussnoten/></textdaten></norm>
</dokumente>