<?xml version="1.0" encoding="UTF-8" ?><!DOCTYPE dokumente SYSTEM "http://www.gesetze-im-internet.de/dtd/1.01/gii-norm.dtd">
<dokumente builddate="20210131212006" doknr="BJNR267810020"><norm builddate="20210131212006" doknr="BJNR267810020"><metadaten><jurabk>AusgStG</jurabk><amtabk>AusgStG</amtabk><ausfertigung-datum manuell="ja">2020-12-03</ausfertigung-datum><fundstelle typ="amtlich"><periodikum>BGBl I</periodikum><zitstelle>2020, 2678</zitstelle></fundstelle><kurzue>Ausgangsstoffgesetz</kurzue><langue>Gesetz zur Durchführung der EU-Verordnung über die Vermarktung und Verwendung von Ausgangsstoffen für Explosivstoffe</langue></metadaten><textdaten><fussnoten><Content><P><BR/> <pre xml:space="preserve">(+++ Textnachweis ab: 1.2.2021 +++)<BR/>(+++ Amtlicher Hinweis des Normgebers auf EG-Recht:<BR/>     Durchführung der<BR/>       EUV 2019/1148      (CELEX Nr: 32020R1148) vgl. § 1 dieser V +++)<BR/><BR/></pre>Das G wurde als Artikel 1 des G v. 3.12.2020 I 2678 vom Bundestag mit Zustimmung des Bundesrates beschlossen. Es ist gem. Art. 4 dieses G am 1.2.2021 in Kraft getreten. <BR/></P></Content></fussnoten></textdaten></norm>
<norm builddate="20210131212006" doknr="BJNR267810020BJNE000100000"><metadaten><jurabk>AusgStG</jurabk><enbez>§ 1</enbez><titel format="XML">Zweck des Gesetzes</titel></metadaten><textdaten><text format="XML"><Content><P>Dieses Gesetz dient der Durchführung der Verordnung (EU) 2019/1148 des Europäischen Parlaments und des Rates vom 20. Juni 2019 über die Vermarktung und Verwendung von Ausgangsstoffen für Explosivstoffe, zur Änderung der Verordnung (EG) Nr. 1907/2006 und zur Aufhebung der Verordnung (EU) Nr. 98/2013 (ABl. L 186 vom 11.7.2019, S. 1; L 231 vom 6.9.2019, S. 30) sowie der von der Europäischen Kommission zu dieser Verordnung erlassenen delegierten Rechtsakte.</P></Content></text></textdaten></norm>
<norm builddate="20210131212006" doknr="BJNR267810020BJNE000200000"><metadaten><jurabk>AusgStG</jurabk><enbez>§ 2</enbez><titel format="XML">Begriffsbestimmungen</titel></metadaten><textdaten><text format="XML"><Content><P>Bei der Anwendung dieses Gesetzes gelten die Begriffsbestimmungen des Artikels 3 der Verordnung (EU) 2019/1148. Auf Mitglieder der Allgemeinheit ist dieses Gesetz anzuwenden, soweit sie regulierte Ausgangsstoffe für Explosivstoffe besitzen, verwenden, bereitstellen oder in den Geltungsbereich dieses Gesetzes verbringen.</P></Content></text></textdaten></norm>
<norm builddate="20210131212006" doknr="BJNR267810020BJNE000300000"><metadaten><jurabk>AusgStG</jurabk><enbez>§ 3</enbez><titel format="XML">Kontaktstellen</titel></metadaten><textdaten><text format="XML"><Content><P>(1) Die Landesregierungen bestimmen jeweils eine Kontaktstelle gemäß Artikel 9 Absatz 3 der Verordnung (EU) 2019/1148.</P><P>(2) Zuständig für die Entgegennahme der Meldungen der Wirtschaftsteilnehmer nach Artikel 9 Absatz 4 der Verordnung (EU) 2019/1148 ist die Kontaktstelle des Landes, in dem der Wirtschaftsteilnehmer seinen Geschäftssitz hat. Zuständig für die Entgegennahme der Meldungen der Online-Marktplätze nach Artikel 9 Absatz 4 der Verordnung (EU) 2019/1148 ist die Kontaktstelle des Landes, in dem die vom Besteller angegebene Lieferadresse liegt. Sofern die Lieferadresse im Falle des Satzes 2 außerhalb des Geltungsbereichs dieses Gesetzes liegt, ist die Kontaktstelle des Landes zuständig, in dem der Online-Marktplatz seinen inländischen Geschäftssitz hat. Zuständig für die Entgegennahme der Meldungen der Wirtschaftsteilnehmer oder gewerblichen Verwender nach Artikel 9 Absatz 5 der Verordnung (EU) 2019/1148 ist die Kontaktstelle des Landes, in dem das Abhandenkommen erfolgte oder der betreffende Diebstahl begangen wurde.</P><P>(3) Jede Kontaktstelle nach Absatz 1 muss jeweils eine eindeutig festgelegte E-Mail-Adresse und eine bestimmte Telefonnummer für die Annahme der Meldungen nach Artikel 9 der Verordnung (EU) 2019/1148 bereitstellen. Die Kontaktstellen haben die E-Mail-<NB>Adresse</NB> und die Telefonnummer für Wirtschaftsteilnehmer, Online-Marktplätze und gewerbliche Verwender leicht erkennbar, unmittelbar erreichbar und ständig verfügbar zu halten.</P></Content></text></textdaten></norm>
<norm builddate="20210131212006" doknr="BJNR267810020BJNE000400000"><metadaten><jurabk>AusgStG</jurabk><enbez>§ 4</enbez><titel format="XML">Datenverarbeitung durch die Kontaktstellen</titel></metadaten><textdaten><text format="XML"><Content><P>Die Kontaktstellen dürfen in den Meldungen nach Artikel 9 der Verordnung (EU) 2019/1148 enthaltene personenbezogene Daten speichern, mit automatisiert geführten Dateien abgleichen, in sonstiger Weise verarbeiten und an andere in- oder ausländische Gefahrenabwehrbehörden übermitteln, soweit dies <DL Type="arabic"><DT>1.</DT><DD Font="normal"><LA>zur Verhinderung der Verwendung von Ausgangsstoffen für die unerlaubte Herstellung von Explosivstoffen oder</LA></DD><DT>2.</DT><DD Font="normal"><LA>zur Verhütung von Straftaten unter Verwendung von Ausgangstoffen für Explosivstoffe</LA></DD></DL>erforderlich ist. Weitergehende Befugnisse der Kontaktstellen aufgrund der Strafprozessordnung sowie der Landesgesetze zum Schutz der öffentlichen Sicherheit und Ordnung bleiben unberührt. Die Regelungen über die internationale Rechtshilfe in Strafsachen bleiben unberührt.</P></Content></text></textdaten></norm>
<norm builddate="20210131212006" doknr="BJNR267810020BJNE000500000"><metadaten><jurabk>AusgStG</jurabk><enbez>§ 5</enbez><titel format="XML">Inspektionsbehörden</titel></metadaten><textdaten><text format="XML"><Content><P>Die Landesregierungen haben für den Vollzug der Verordnung (EU) 2019/1148 zuständige Inspektionsbehörden gemäß Artikel 11 dieser Verordnung zu benennen.</P></Content></text></textdaten></norm>
<norm builddate="20210131212006" doknr="BJNR267810020BJNE000600000"><metadaten><jurabk>AusgStG</jurabk><enbez>§ 6</enbez><titel format="XML">Befugnisse der Inspektionsbehörden</titel></metadaten><textdaten><text format="XML"><Content><P>(1) Die Inspektionsbehörden sind befugt, von Wirtschaftsteilnehmern, Online-Marktplätzen, gewerblichen Verwendern und Mitgliedern der Allgemeinheit alle zur Überwachung der Einhaltung der Verordnung (EU) 2019/1148 erforderlichen Auskünfte zu verlangen. Die nach Satz 1 Auskunftspflichtigen können die Auskunft auf solche Fragen verweigern, deren Beantwortung sie selbst oder einen ihrer in § 383 Absatz 1 Nummer 1 bis 3 der Zivilprozessordnung bezeichneten Angehörigen der Gefahr der Verfolgung wegen einer Straftat oder Ordnungswidrigkeit aussetzen würde. Sie sind über ihr Auskunftsverweigerungsrecht zu belehren.</P><P>(2) Die von den Inspektionsbehörden mit der Überwachung beauftragten Personen können zur Überwachung der Einhaltung der Verordnung (EU) 2019/1148 zu den Betriebs- und Geschäftszeiten <DL Type="arabic"><DT>1.</DT><DD Font="normal"><LA>Grundstücke, Geschäftsräume und Betriebsräume der nach Absatz 1 Satz 1 Auskunftspflichtigen betreten und besichtigen,</LA></DD><DT>2.</DT><DD Font="normal"><LA>bei Unklarheiten über den Inhalt von Behältnissen nach ihrer Auswahl von den nach Absatz 1 Satz 1 Auskunftspflichtigen Proben von Stoffen, Gemischen und Erzeugnissen verlangen, selbst entnehmen, prüfen und auf Kosten des nach Absatz 1 Satz 1 Auskunftspflichtigen durch einen von der Behörde zu bestimmenden Sachverständigen prüfen lassen sowie</LA></DD><DT>3.</DT><DD Font="normal"><LA>in die geschäftlichen Unterlagen der nach Absatz 1 Satz 1 Auskunftspflichtigen Einsicht nehmen.</LA></DD></DL>Die beauftragten Personen sind befugt, verdeckte Testkäufe durchzuführen. Zur Verhütung dringender Gefahren durch den Missbrauch von Ausgangsstoffen für Explosivstoffe können die Maßnahmen nach Satz 1 auch in Wohnräumen und zu jeder Tages- und Nachtzeit getroffen werden. Das Grundrecht des Artikels 13 des Grundgesetzes auf Unverletzlichkeit der Wohnung wird insoweit eingeschränkt.</P><P>(3) Die den nach Absatz 1 Satz 1 Auskunftspflichtigen durch die Entnahme von Proben von Stoffen, Gemischen und Erzeugnissen entstehenden eigenen Aufwendungen haben diese selbst zu tragen.</P><P>(4) Die zuständige Behörde kann im Einzelfall die Anordnungen treffen, die zur Beseitigung festgestellter oder zur Verhütung künftiger Verstöße gegen dieses Gesetz oder gegen die Verordnung (EU) 2019/1148 erforderlich sind.</P><P>(5) Wird einer Anordnung nach Absatz 4 nicht nachgekommen, so kann die zuständige Behörde auch die von der Anordnung betroffene Bereitstellung oder Verbringung ganz oder teilweise bis zur Erfüllung der Anordnung untersagen, wenn die Untersagung zum Schutz der öffentlichen Sicherheit erforderlich ist.</P><P>(6) Rechtsbehelfe gegen die Anordnung der Untersagung nach Absatz 5 haben keine aufschiebende Wirkung.</P></Content></text></textdaten></norm>
<norm builddate="20210131212006" doknr="BJNR267810020BJNE000700000"><metadaten><jurabk>AusgStG</jurabk><enbez>§ 7</enbez><titel format="XML">Mitwirkung der Zolldienststellen</titel></metadaten><textdaten><text format="XML"><Content><P>(1) Die Zolldienststellen wirken bei der Überwachung der Einhaltung des Artikels 5 Absatz 1 und 2 der Verordnung (EU) 2019/1148 beim Verbringen von Stoffen nach Anlage 1 der Verordnung (EU) 2019/1148 oder Gemischen, die solche Stoffe enthalten, in den Geltungsbereich dieses Gesetzes mit. Die Zolldienststellen können <DL Type="arabic"><DT>1.</DT><DD Font="normal"><LA>Waren der in Satz 1 genannten Art sowie deren Beförderungsmittel, Behälter, Lademittel und Verpackungsmittel beim Verbringen anhalten,</LA></DD><DT>2.</DT><DD Font="normal"><LA>den Verdacht von Verstößen gegen Verbote und Beschränkungen nach diesem Gesetz oder den unmittelbar geltenden Rechtsakten der Europäischen Gemeinschaft oder der Europäischen Union im Anwendungsbereich dieses Gesetzes den nach § 5 zuständigen Behörden mitteilen sowie</LA></DD><DT>3.</DT><DD Font="normal"><LA>in den Fällen der Nummer 2 anordnen, dass die Waren der in Satz 1 genannten Art auf Kosten und Gefahr des Verfügungsberechtigten den nach § 5 zuständigen Behörden vorgeführt werden.</LA></DD></DL></P><P>(2) Im Falle des Absatzes 1 Satz 2 Nummer 2 stellen die Zolldienststellen die Waren sicher.</P><P>(3) Hat die Zolldienststelle der nach § 5 zuständigen Behörde den Verdacht eines Verstoßes mitgeteilt, nimmt die zuständige Behörde die Waren in amtliche Verwahrung und informiert die mitteilende Zolldienststelle unverzüglich. Die Sicherstellung nach Absatz 2 ist aufzuheben, wenn die zuständige Behörde die Waren in amtliche Verwahrung genommen hat. Die zuständige Behörde entscheidet über weitere Maßnahmen, einschließlich der Beschlagnahme oder Vernichtung der Waren der in Absatz 1 Satz 1 genannten Art und teilt diese der Person mit, die die Waren verbracht oder verbringen lassen hat. Die zuständige Behörde informiert die mitteilende Zolldienststelle über ihre Entscheidung.</P><P>(4) Für die Mitwirkung der Zollverwaltung nach den Absätzen 1 und 2 wird das Brief- und Postgeheimnis nach Artikel 10 des Grundgesetzes eingeschränkt.</P></Content></text></textdaten></norm>
<norm builddate="20210131212006" doknr="BJNR267810020BJNE000800000"><metadaten><jurabk>AusgStG</jurabk><enbez>§ 8</enbez><titel format="XML">Mitwirkungs- und Duldungspflichten</titel></metadaten><textdaten><text format="XML"><Content><P>Wirtschaftsteilnehmer, Online-Marktplätze sowie gewerbliche Verwender sind verpflichtet, <DL Type="arabic"><DT>1.</DT><DD Font="normal"><LA>ihre Kontaktangaben, einschließlich einer E-Mail-Adresse sowie einer Telefonnummer, für die Inspektionsbehörden und für die von diesen beauftragten Personen jederzeit einsehbar zu halten;</LA></DD><DT>2.</DT><DD Font="normal"><LA>Auskunftsersuchen nach § 6 Absatz 1 Satz 1 unverzüglich zu beantworten;</LA></DD><DT>3.</DT><DD Font="normal"><LA>Maßnahmen nach § 6 Absatz 2 zu dulden und bei der Durchführung der Überwachung mitzuwirken, insbesondere auf Verlangen der mit der Überwachung beauftragten Personen die Stellen zu bezeichnen, an denen sie den Verkehr mit Ausgangsstoffen durchführen, umfriedete Grundstücke, Gebäude, Räume, Behälter und Behältnisse zu öffnen, Unterlagen vorzulegen sowie die Entnahme von Proben zu ermöglichen.</LA></DD></DL>Die Pflicht zur Duldung und Mitwirkung nach Satz 1 Nummer 3 gilt auch für Mitglieder der Allgemeinheit.</P></Content></text></textdaten></norm>
<norm builddate="20210131212006" doknr="BJNR267810020BJNE000900000"><metadaten><jurabk>AusgStG</jurabk><enbez>§ 9</enbez><titel format="XML">Identitätsnachweis beim Erwerb von Ausgangsstoffen für Explosivstoffe</titel></metadaten><textdaten><text format="XML"><Content><P>(1) Wirtschaftsteilnehmer und Online-Marktplätze sind berechtigt, sich vor der Überlassung eines regulierten Ausgangsstoffes für Explosivstoffe an Mitglieder der Allgemeinheit zur Überprüfung der Identität des Erwerbers einen gültigen amtlichen Ausweis vorlegen zu lassen.</P><P>(2) Für die Zwecke der Meldung verdächtiger oder versuchter verdächtiger Transaktionen nach Artikel 9 Absatz 4 der Verordnung (EU) 2019/1148 dürfen Wirtschaftsteilnehmer und Online-Marktplätze die zur Feststellung der Identität des Erwerbers erforderlichen personenbezogenen Daten erheben und bis zur Abgabe der Meldung speichern.</P></Content></text></textdaten></norm>
<norm builddate="20210131212006" doknr="BJNR267810020BJNE001000000"><metadaten><jurabk>AusgStG</jurabk><enbez>§ 10</enbez><titel format="XML">Genehmigungssystem</titel></metadaten><textdaten><text format="XML"><Content><P>Ein Genehmigungssystem im Sinne von Artikel 5 Absatz 3 der Verordnung (EU) 2019/1148 wird nicht errichtet. Genehmigungen für den Erwerb, den Besitz oder die Verwendung von beschränkten Ausgangsstoffen für Explosivstoffe durch Mitglieder der Allgemeinheit dürfen nicht erteilt werden. Genehmigungen, die durch die Behörden anderer Mitgliedstaaten erteilt wurden, haben im Geltungsbereich dieses Gesetzes keine Gültigkeit.</P></Content></text></textdaten></norm>
<norm builddate="20210131212006" doknr="BJNR267810020BJNE001100000"><metadaten><jurabk>AusgStG</jurabk><enbez>§ 11</enbez><titel format="XML">Schulungs- und Sensibilisierungsmaßnahmen</titel></metadaten><textdaten><text format="XML"><Content><P>(1) Die Länder führen die nach der Verordnung (EU) 2019/1148 vorgesehenen <DL Type="arabic"><DT>1.</DT><DD Font="normal"><LA>Schulungsmaßnahmen nach Artikel 10 Absatz 1 Satz 1 für ihre eigenen Behörden sowie</LA></DD><DT>2.</DT><DD Font="normal"><LA>Sensibilisierungsmaßnahmen nach Artikel 10 Absatz 2 für Wirtschaftsteilnehmer mit Geschäftssitz in dem jeweiligen Land</LA></DD></DL>als eigene Angelegenheit durch.</P><P>(2) Die Schulungsmaßnahmen für die Behörden des Bundes werden vom Bundeskriminalamt durchgeführt. An den Schulungsmaßnahmen nach Satz 1 können nach Maßgabe freier Plätze auch Mitarbeiter von Behörden der Länder teilnehmen.</P></Content></text></textdaten></norm>
<norm builddate="20210131212006" doknr="BJNR267810020BJNE001200000"><metadaten><jurabk>AusgStG</jurabk><enbez>§ 12</enbez><titel format="XML">Berichterstattung</titel></metadaten><textdaten><text format="XML"><Content><P>Zuständig für die Berichterstattung gegenüber der Europäischen Kommission nach Artikel 19 Absatz 1 der Verordnung (EU) 2019/1148 ist das Bundeskriminalamt. Ab dem Jahr 2022 übermitteln die Länder dem Bundeskriminalamt jeweils spätestens am 10. Januar eines jeden Jahres in zusammengefasster Form die nach Artikel 19 Absatz 1 der Verordnung (EU) 2019/1148 erforderlichen Informationen über <DL Type="arabic"><DT>1.</DT><DD Font="normal"><LA>die Anzahl gemeldeter verdächtiger Transaktionen und der Fälle von Abhandenkommen und Diebstahl erheblicher Mengen,</LA></DD><DT>2.</DT><DD Font="normal"><LA>die nach § 11 Absatz 1 Nummer 2 durchgeführten Sensibilisierungsmaßnahmen und</LA></DD><DT>3.</DT><DD Font="normal"><LA>die nach Artikel 11 der Verordnung (EU) 2019/1148 durchgeführten Inspektionen, einschließlich der Anzahl der Inspektionen und der erfassten Wirtschaftsteilnehmer.</LA></DD></DL></P></Content></text></textdaten></norm>
<norm builddate="20210131212006" doknr="BJNR267810020BJNE001300000"><metadaten><jurabk>AusgStG</jurabk><enbez>§ 13</enbez><titel format="XML">Strafvorschriften</titel></metadaten><textdaten><text format="XML"><Content><P>(1) Mit Freiheitsstrafe bis zu drei Jahren oder mit Geldstrafe wird bestraft, wer entgegen Artikel 5 Absatz 1 der Verordnung (EU) 2019/1148 des Europäischen Parlaments und des Rates vom 20. Juni 2019 über die Vermarktung und Verwendung von Ausgangsstoffen für Explosivstoffe, zur Änderung der Verordnung (EG) Nr. 1907/2006 und zur Aufhebung der Verordnung (EU) Nr. 98/2013 (ABl. L 186 vom 11.7.2019, S. 1; L 231 vom 6.9.2019, S. 30) einen beschränkten Ausgangsstoff für Explosivstoffe bereitstellt, verbringt, besitzt oder verwendet.</P><P>(2) Der Versuch ist strafbar.</P><P>(3) Mit Freiheitsstrafe von sechs Monaten bis zu fünf Jahren wird bestraft, wer in den Fällen des Absatzes 1 gewerbsmäßig oder als Mitglied einer Bande handelt, die sich zur fortgesetzten Begehung solcher Taten verbunden hat.</P></Content></text></textdaten></norm>
<norm builddate="20210131212006" doknr="BJNR267810020BJNE001400000"><metadaten><jurabk>AusgStG</jurabk><enbez>§ 14</enbez><titel format="XML">Bußgeldvorschriften</titel></metadaten><textdaten><text format="XML"><Content><P>(1) Ordnungswidrig handelt, wer vorsätzlich oder fahrlässig <DL Type="arabic"><DT>1.</DT><DD Font="normal"><LA>entgegen § 8 Satz 1 Nummer 1 Kontaktdaten nicht, nicht richtig oder nicht vollständig einsehbar hält,</LA></DD><DT>2.</DT><DD Font="normal"><LA>entgegen § 8 Satz 1 Nummer 2 ein Auskunftsersuchen nicht, nicht richtig, nicht vollständig oder nicht rechtzeitig beantwortet oder</LA></DD><DT>3.</DT><DD Font="normal"><LA>entgegen § 8 Satz 1 Nummer 3, auch in Verbindung mit Satz 2, eine Maßnahme nicht duldet oder bei der Durchführung der Überwachung nicht mitwirkt.</LA></DD></DL></P><P>(2) Ordnungswidrig handelt, wer gegen die Verordnung (EU) 2019/1148 verstößt, indem er vorsätzlich oder fahrlässig <DL Type="arabic"><DT>1.</DT><DD Font="normal"><LA>entgegen Artikel 7 Absatz 1 eine Unterrichtung nicht, nicht richtig, nicht vollständig oder nicht rechtzeitig vornimmt,</LA></DD><DT>2.</DT><DD Font="normal"><LA>entgegen Artikel 7 Absatz 2 nicht gewährleistet, dass die im Verkauf tätigen Mitarbeiter über dort genanntes Wissen verfügen oder auf die dort genannten Pflichten hingewiesen werden,</LA></DD><DT>3.</DT><DD Font="normal"><LA>entgegen Artikel 7 Absatz 3 eine dort genannte Vorkehrung nicht oder nicht vor Bereitstellung des Ausgangsstoffes trifft,</LA></DD><DT>4.</DT><DD Font="normal"><LA>entgegen Artikel 8 Absatz 2 Satz 1 um eine dort genannte Information nicht, nicht richtig, nicht vollständig oder nicht rechtzeitig ersucht,</LA></DD><DT>5.</DT><DD Font="normal"><LA>entgegen Artikel 8 Absatz 4 Satz 1 eine dort genannte Information nicht oder nicht mindestens 18 Monate aufbewahrt oder</LA></DD><DT>6.</DT><DD Font="normal"><LA>entgegen Artikel 9 Absatz 4 Satz 2 oder Absatz 5 Satz 1 eine Meldung nicht, nicht richtig, nicht vollständig oder nicht rechtzeitig macht.</LA></DD></DL></P><P>(3) Die Ordnungswidrigkeit kann mit einer Geldbuße bis zu fünfzigtausend Euro geahndet werden.</P></Content></text></textdaten></norm>
<norm builddate="20210131212006" doknr="BJNR267810020BJNE001500000"><metadaten><jurabk>AusgStG</jurabk><enbez>§ 15</enbez><titel format="XML">Verordnungsermächtigung</titel></metadaten><textdaten><text format="XML"><Content><P>Das Bundesministerium des Innern, für Bau und Heimat wird ermächtigt, durch Rechtsverordnung mit Zustimmung des Bundesrates Einzelheiten bezüglich des Verfahrens der Übermittlung und Entgegennahme der Meldungen nach Artikel 9 der Verordnung (EU) 2019/1148 zu regeln. In der Verordnung kann insbesondere bestimmt werden, dass für die Entgegennahme der Meldungen ein zentrales, bundeseinheitliches Online-Portal errichtet wird.</P></Content></text></textdaten></norm>
</dokumente>