<?xml version="1.0" encoding="UTF-8" ?><!DOCTYPE dokumente SYSTEM "http://www.gesetze-im-internet.de/dtd/1.01/gii-norm.dtd">
<dokumente builddate="20220824213008" doknr="BJNR317110006"><norm builddate="20220824213008" doknr="BJNR317110006"><metadaten><jurabk>BfJG</jurabk><ausfertigung-datum manuell="ja">2006-12-17</ausfertigung-datum><fundstelle typ="amtlich"><periodikum>BGBl I</periodikum><zitstelle>2006, 3171</zitstelle></fundstelle><kurzue>BfJG</kurzue><langue>Gesetz über die Errichtung des Bundesamts für Justiz</langue><standangabe checked="ja"><standtyp>Stand</standtyp><standkommentar>Zuletzt geändert durch Art. 16 G v. 24.6.2022 I 959</standkommentar></standangabe></metadaten><textdaten><text format="XML"><Content><P/></Content></text><fussnoten><Content><P><BR/> <pre xml:space="preserve">(+++ Textnachweis ab: 1.1.2007 +++)<BR/><BR/></pre>Das G wurde als Artikel 1 des G v. 17.12.2006 I 3171 vom Bundestag erlassen. Es ist gem. Art. 5 dieses G am 1.1.2007 in Kraft getreten.</P></Content></fussnoten></textdaten></norm>
<norm builddate="20220824213008" doknr="BJNR317110006BJNE000102116"><metadaten><jurabk>BfJG</jurabk><enbez>§ 1</enbez><titel format="XML">Errichtung, Zweck und Sitz des Bundesamts</titel></metadaten><textdaten><text format="XML"><Content><P>(1) Der Bund errichtet das Bundesamt für Justiz (Bundesamt) als Bundesoberbehörde. Es untersteht dem Bundesministerium der Justiz. Zweck der Errichtung des Bundesamts ist die Neuorganisation der Bundesjustizverwaltung durch Schaffung einer zentralen Dienstleistungsbehörde.</P><P>(2) Das Bundesamt hat seinen Sitz in Bonn.</P></Content></text><fussnoten/></textdaten></norm>
<norm builddate="20220824213008" doknr="BJNR317110006BJNE000204116"><metadaten><jurabk>BfJG</jurabk><enbez>§ 2</enbez><titel format="XML">Aufgaben des Bundesamts</titel></metadaten><textdaten><text format="XML"><Content><P>(1) Das Bundesamt nimmt Aufgaben des Bundes auf den Gebieten des Registerwesens, des internationalen Rechtsverkehrs, der Verfolgung und Ahndung von Ordnungswidrigkeiten und der allgemeinen Justizverwaltung wahr, die ihm durch dieses Gesetz oder andere Bundesgesetze oder auf Grund dieser Gesetze zugewiesen werden.</P><P>(2) Das Bundesamt unterstützt das Bundesministerium der Justiz bei der <DL Font="normal" Type="arabic"><DT>1.</DT><DD Font="normal"><LA Size="normal">Durchführung der Verkündungen und Bekanntmachungen,</LA></DD><DT>2.</DT><DD Font="normal"><LA Size="normal">Durchführung der automatisierten Normendokumentation,</LA></DD><DT>3.</DT><DD Font="normal"><LA Size="normal">europäischen und internationalen rechtlichen Zusammenarbeit, insbesondere<DL Font="normal" Type="arabic"><DT>a)</DT><DD Font="normal"><LA Size="normal">auf dem Gebiet der Rechtshilfe in Zivilsachen,</LA></DD><DT>b)</DT><DD Font="normal"><LA Size="normal">auf dem Gebiet der Auslieferung, der Vollstreckungshilfe und sonstigen Rechtshilfe in Strafsachen,</LA></DD><DT>c)</DT><DD Font="normal"><LA Size="normal">im Rahmen der Aufgaben als nationale Kontaktstelle im Bereich der internationalen Rechtshilfe in Strafsachen, insbesondere als eine der nationalen Kontaktstellen des Europäischen Justiziellen Netzes,</LA></DD><DT>d)</DT><DD Font="normal"><LA Size="normal">als Vermögensabschöpfungsstelle; § 9 Absatz 6 des Bundeskriminalamtgesetzes gilt entsprechend,</LA></DD><DT>e)</DT><DD Font="normal"><LA Size="normal">in Fragen der Vereinfachung des internationalen Rechtsverkehrs,</LA></DD></DL></LA></DD><DT>4.</DT><DD Font="normal"><LA Size="normal">Durchführung der Justizforschung, der kriminologischen Forschung und auf dem Gebiet der Kriminalprävention.</LA></DD></DL></P><P>(3) Das Bundesamt erledigt weitere Aufgaben des Bundes, die mit den in den Absätzen 1 und 2 genannten Gebieten zusammenhängen und mit deren Durchführung es vom Bundesministerium der Justiz oder mit dessen Zustimmung von der fachlich zuständigen Bundesbehörde beauftragt wird.</P><P>(4) Erfolgt die Aufgabenwahrnehmung nach den Absätzen 1 bis 3 mit elektronischer Unterstützung, gelten die §§ 4 bis 7, soweit nicht Rechtsvorschriften des Bundes inhaltsgleiche oder entgegenstehende Bestimmungen enthalten.</P></Content></text><fussnoten/></textdaten></norm>
<norm builddate="20220824213008" doknr="BJNR317110006BJNE000302116"><metadaten><jurabk>BfJG</jurabk><enbez>§ 3</enbez><titel format="XML">Fachaufsicht</titel></metadaten><textdaten><text format="XML"><Content><P>Soweit das Bundesamt Aufgaben aus einem anderen Geschäftsbereich als dem des Bundesministeriums der Justiz wahrnimmt, untersteht es der Fachaufsicht der zuständigen obersten Bundesbehörde.</P></Content></text><fussnoten/></textdaten></norm>
<norm builddate="20220824213008" doknr="BJNR317110006BJNE000402116"><metadaten><jurabk>BfJG</jurabk><enbez>§ 4</enbez><titel format="XML">Elektronische Aktenführung; Gewährung von Akteneinsicht</titel></metadaten><textdaten><text format="XML"><Content><P>(1) Das Bundesamt kann Akten ganz oder teilweise elektronisch führen.</P><P>(2) Wird eine Akte ganz oder teilweise elektronisch geführt, ist durch geeignete technische und organisatorische Maßnahmen nach dem Stand der Technik sicherzustellen, dass die Grundsätze ordnungsgemäßer Aktenführung eingehalten werden.</P><P>(3) Soweit ein Recht auf Akteneinsicht besteht, kann das Bundesamt Akteneinsicht in elektronisch geführte Akten dadurch gewähren, dass es <DL Type="arabic"><DT>1.</DT><DD Font="normal"><LA>einen Aktenausdruck zur Verfügung stellt,</LA></DD><DT>2.</DT><DD Font="normal"><LA>die elektronischen Dokumente auf einem Bildschirm wiedergibt,</LA></DD><DT>3.</DT><DD Font="normal"><LA>die elektronischen Dokumente übermittelt oder</LA></DD><DT>4.</DT><DD Font="normal"><LA>den elektronischen Zugriff auf den Inhalt der Akten gestattet.</LA></DD></DL></P></Content></text><fussnoten/></textdaten></norm>
<norm builddate="20220824213008" doknr="BJNR317110006BJNE000500116"><metadaten><jurabk>BfJG</jurabk><enbez>§ 5</enbez><titel format="XML">Digitalisierung von Dokumenten</titel></metadaten><textdaten><text format="XML"><Content><P>(1) Werden Akten ganz oder teilweise elektronisch geführt, so soll das Bundesamt die elektronische Wiedergabe der Papierdokumente zum elektronischen Teil der Akte nehmen.</P><P>(2) Bei der Übertragung eines Papierdokuments in ein elektronisches Dokument ist nach dem Stand der Technik sicherzustellen, dass das elektronische Dokument bei dessen Lesbarmachung mit dem Papierdokument inhaltlich und bildlich übereinstimmt. Von der Übertragung eines Papierdokuments in ein elektronisches Dokument kann abgesehen werden, wenn die Übertragung unverhältnismäßigen Aufwand erfordert.</P><P>(3) Papierdokumente sollen nach ihrer Übertragung in elektronische Dokumente vernichtet oder dem Einsender zurückgegeben werden, sobald die Aufbewahrung aus rechtlichen Gründen oder zur Qualitätssicherung des Übertragungsvorgangs nicht mehr erforderlich ist.</P></Content></text><fussnoten/></textdaten></norm>
<norm builddate="20220824213008" doknr="BJNR317110006BJNE000601116"><metadaten><jurabk>BfJG</jurabk><enbez>§ 6</enbez><titel format="XML">Elektronische Kommunikation</titel></metadaten><textdaten><text format="XML"><Content><P>(1) Beim Bundesamt können elektronische Dokumente eingereicht werden, wenn diese für die Bearbeitung im Bundesamt geeignet sind. Ist ein elektronisches Dokument für die Bearbeitung durch das Bundesamt nicht geeignet, ist dies dem Einsender unter Hinweis auf die Unwirksamkeit des Eingangs und auf die geltenden technischen Rahmenbedingungen unverzüglich mitzuteilen. Das elektronische Dokument gilt als zum Zeitpunkt seiner früheren Einreichung eingegangen, sofern der Einsender es unverzüglich in einer für das Bundesamt zur Bearbeitung geeigneten Form nachreicht und glaubhaft macht, dass es mit dem zuerst eingereichten Dokument inhaltlich übereinstimmt.</P><P>(2) Wird dem Bundesamt ein Dokument, für das die schriftliche Form vorgeschrieben ist, elektronisch übermittelt, muss es mit einer qualifizierten elektronischen Signatur versehen sein. Die qualifizierte elektronische Signatur kann durch eine einfache Signatur ersetzt werden, wenn das elektronische Dokument auf einem sicheren Übermittlungsweg übermittelt wird.</P><P>(3) Sichere Übermittlungswege sind: <DL Font="normal" Type="arabic"><DT>1.</DT><DD Font="normal"><LA Size="normal">der Postfach- und Versanddienst eines De-Mail-Kontos, wenn der Absender bei Versand der Nachricht gemäß § 4 Absatz 1 Satz 2 des <NB>De-Mail-Gesetzes</NB> angemeldet ist und er sich die sichere Anmeldung gemäß § 5 Absatz 5 des<NB>De-Mail-Gesetzes</NB> bestätigen lässt,</LA></DD><DT>2.</DT><DD Font="normal"><LA Size="normal">der Übermittlungsweg zwischen den besonderen elektronischen Anwaltspostfächern nach den §§ 31a und 31b der Bundesrechtsanwaltsordnung oder einem entsprechenden, auf gesetzlicher Grundlage errichteten elektronischen Postfach und der elektronischen Poststelle des Bundesamts,</LA></DD><DT>3.</DT><DD Font="normal"><LA Size="normal">der Übermittlungsweg zwischen dem besonderen elektronischen Notarpostfach nach § 78n der Bundesnotarordnung und der elektronischen Poststelle des Bundesamts,</LA></DD><DT>4.</DT><DD Font="normal"><LA Size="normal">der Übermittlungsweg zwischen einem besonderen elektronischen Behördenpostfach nach § 6 der Elektronischer-Rechtsverkehr-Verordnung und der elektronischen Poststelle des Bundesamts.</LA></DD></DL></P><P>(4) Das Bundesamt kann elektronische Dokumente versenden, wenn die empfangende Stelle hierfür einen Zugang eröffnet hat.</P></Content></text><fussnoten/></textdaten></norm>
<norm builddate="20220824213008" doknr="BJNR317110006BJNE000701116"><metadaten><jurabk>BfJG</jurabk><enbez>§ 7</enbez><titel format="XML">Verordnungsermächtigung</titel></metadaten><textdaten><text format="XML"><Content><P>(1) Das Bundesministerium der Justiz kann, um die elektronische Aktenführung und die Digitalisierung von Dokumenten beim Bundesamt sowie die elektronische Kommunikation mit dem Bundesamt näher auszugestalten, durch Rechtsverordnung, die nicht der Zustimmung des Bundesrates bedarf, <DL Type="arabic"><DT>1.</DT><DD Font="normal"><LA>Bestimmungen zur elektronischen Aktenführung nach § 4 Absatz 1 und 2 treffen,</LA></DD><DT>2.</DT><DD Font="normal"><LA>Bestimmungen zur notwendigen Form der elektronischen Dokumente für die Übermittlung an das Bundesamt und für die Bearbeitung durch das Bundesamt treffen,</LA></DD><DT>3.</DT><DD Font="normal"><LA>andere sichere Übermittlungswege als nach § 6 Absatz 3 bestimmen,</LA></DD><DT>4.</DT><DD Font="normal"><LA>die Standards für die Erstellung und für die Übertragung von elektronischen Dokumenten durch das Bundesamt vorgeben,</LA></DD><DT>5.</DT><DD Font="normal"><LA>die Einführung elektronischer Formulare zulassen und hierbei <DL Type="alpha"><DT>a)</DT><DD Font="normal"><LA>bestimmen, dass die in diesen Formularen enthaltenen Angaben ganz oder teilweise in strukturierter und maschinenlesbarer Form zu übermitteln sind,</LA></DD><DT>b)</DT><DD Font="normal"><LA>eine Kommunikationsplattform vorgeben, auf der die Formulare im Internet zur Nutzung bereitzustellen sind, und</LA></DD><DT>c)</DT><DD Font="normal"><LA>bestimmen, dass für sämtliche oder einzelne elektronische Formulare eine Identifikation des Formularverwenders durch Nutzung des elektronischen Identitätsnachweises (§ 18 des Personalausweisgesetzes oder § 78 Absatz 5 des Aufenthaltsgesetzes) erfolgen kann, sowie</LA></DD></DL></LA></DD><DT>6.</DT><DD Font="normal"><LA>Regelungen zur Erteilung von Abschriften und beglaubigten Abschriften treffen.</LA></DD></DL></P><P>(2) Das Bundesministerium der Justiz kann die Ermächtigungen des Absatzes 1 durch Rechtsverordnung ohne Zustimmung des Bundesrates auf das Bundesamt übertragen.</P></Content></text><fussnoten/></textdaten></norm>
</dokumente>