<?xml version="1.0" encoding="UTF-8" ?><!DOCTYPE dokumente SYSTEM "http://www.gesetze-im-internet.de/dtd/1.01/gii-norm.dtd">
<dokumente builddate="20241212221516" doknr="BJNR19A0A0024"><norm builddate="20241212221516" doknr="BJNR19A0A0024"><metadaten><jurabk>TeleFinV 2025</jurabk><amtabk>TeleFinV 2025</amtabk><ausfertigung-datum manuell="ja">2024-12-10</ausfertigung-datum><fundstelle typ="amtlich"><periodikum>BGBl. I</periodikum><zitstelle>2024, Nr. 410</zitstelle></fundstelle><langue>Verordnung zur Anpassung des Betrags zur Finanzierung der Gesellschaft für Telematik für das Jahr 2025</langue><standangabe checked="ja"><standtyp>Aufh</standtyp><standkommentar>V aufgeh. durch § 2 Satz 2 dieser V mWv 1.1.2026</standkommentar></standangabe></metadaten><textdaten><fussnoten><Content><P><BR/> <pre xml:space="preserve">(+++ Textnachweis ab: 13.12.2024 +++)<BR/><BR/></pre></P></Content></fussnoten></textdaten></norm>
<norm builddate="20241212221516" doknr="BJNR19A0A0024BJNE000100000"><metadaten><jurabk>TeleFinV 2025</jurabk><enbez>Eingangsformel</enbez></metadaten><textdaten><text format="XML"><Content><P>Auf Grund des § 316 Absatz 1 Satz 2 des Fünften Buches Sozialgesetzbuch, der durch Artikel 1 Nummer 31 des Gesetzes vom 14. Oktober 2020 (BGBl. I S. 2115) eingefügt worden ist, verordnet das Bundesministerium für Gesundheit:</P></Content></text></textdaten></norm>
<norm builddate="20241212221516" doknr="BJNR19A0A0024BJNE000200000"><metadaten><jurabk>TeleFinV 2025</jurabk><enbez>§ 1</enbez><titel format="XML">Anpassung des Betrags zur Finanzierung der Gesellschaft für Telematik</titel></metadaten><textdaten><text format="XML"><Content><P>Der Spitzenverband Bund der Krankenkassen zahlt an die Gesellschaft für Telematik zu deren Finanzierung für den Zeitraum vom 1. Januar 2025 bis zum 31. Dezember 2025 zusätzlich zu dem in § 316 Absatz 1 Satz 1 des Fünften Buches Sozialgesetzbuch festgelegten Betrag von 1,50 Euro je Mitglied der gesetzlichen Krankenversicherung einen Betrag in Höhe von 0,24 Euro je Mitglied der gesetzlichen Krankenversicherung.</P></Content></text></textdaten></norm>
<norm builddate="20241212221516" doknr="BJNR19A0A0024BJNE000300000"><metadaten><jurabk>TeleFinV 2025</jurabk><enbez>§ 2</enbez><titel format="XML">Inkrafttreten, Außerkrafttreten</titel></metadaten><textdaten><text format="XML"><Content><P>Diese Verordnung tritt am Tag nach der Verkündung in Kraft. Sie tritt am 31. Dezember 2025 außer Kraft.</P></Content></text></textdaten></norm>
</dokumente>