<?xml version="1.0" encoding="UTF-8" ?><!DOCTYPE dokumente SYSTEM "http://www.gesetze-im-internet.de/dtd/1.01/gii-norm.dtd">
<dokumente builddate="20250331224012" doknr="BJNR007470972"><norm builddate="20250331224012" doknr="BJNR007470972"><metadaten><jurabk>MArbV</jurabk><amtabk>BMVergV</amtabk><ausfertigung-datum manuell="ja">1972-04-26</ausfertigung-datum><fundstelle typ="amtlich"><periodikum>BGBl I</periodikum><zitstelle>1972, 747</zitstelle></fundstelle><kurzue>Bundesmehrarbeitsvergütungsverordnung</kurzue><langue>Verordnung über die Gewährung von Mehrarbeitsvergütung für Beamtinnen und Beamte des Bundes</langue><standangabe checked="ja"><standtyp>Neuf</standtyp><standkommentar>Neugefasst durch Bek. v. 4.11.2009 I 3701;</standkommentar></standangabe><standangabe checked="ja"><standtyp>Stand</standtyp><standkommentar>zuletzt geändert durch Art. 22 G v. 22.12.2023 I Nr. 414</standkommentar></standangabe><standangabe checked="ja"><standtyp>Hinweis</standtyp><standkommentar>Änderung durch Art. 12 G v. 27.2.2025 I Nr. 72 textlich nachgewiesen, dokumentarisch noch nicht abschließend bearbeitet</standkommentar></standangabe></metadaten><textdaten><fussnoten><Content><P>(+++ Textnachweis Geltung ab: 1.8.1980 +++)</P><P><BR/> Überschrift: IdF. d. Art. 1 Nr. 1 V v. 17.7.2009 I 2050 mWv 23.7.2009</P></Content></fussnoten></textdaten></norm>
<norm builddate="20250331224012" doknr="BJNR007470972BJNE000105310"><metadaten><jurabk>MArbV</jurabk><jurabk>BMVergV</jurabk><enbez>§ 1</enbez></metadaten><textdaten><text format="XML"><Content><P>Vergütungen für Mehrarbeit an Beamtinnen und Beamte des Bundes dürfen nur nach Maßgabe dieser Verordnung gezahlt werden.</P></Content></text><fussnoten/></textdaten></norm>
<norm builddate="20250331224012" doknr="BJNR007470972BJNE000221130"><metadaten><jurabk>MArbV</jurabk><jurabk>BMVergV</jurabk><enbez>§ 2</enbez></metadaten><textdaten><text format="XML"><Content><P>(1) Beamtinnen und Beamten mit Dienstbezügen in Besoldungsgruppen mit aufsteigenden Gehältern kann in folgenden Bereichen für Mehrarbeit eine Vergütung gewährt werden:<DL Font="normal" Type="arabic"><DT>1.</DT><DD Font="normal"><LA Size="normal">im ärztlichen und Pflegedienst der Krankenhäuser, Kliniken und Sanatorien,</LA></DD><DT>2.</DT><DD Font="normal"><LA Size="normal">im Betriebsdienst des Bundeseisenbahnvermögens, soweit dieser bei der Deutsche Bahn Aktiengesellschaft sowie einer gemäß § 2 Abs. 1 und § 3 Abs. 3 des Deutsche Bahn Gründungsgesetzes vom 27. Dezember 1993 (BGBl. I S. 2378, 2386) ausgegliederten Gesellschaft geleistet wird, und im Dienst der Nachfolgeunternehmen der Deutschen Bundespost,</LA></DD><DT>3.</DT><DD Font="normal"><LA Size="normal">im Abfertigungsdienst der Zollverwaltung,</LA></DD><DT>4.</DT><DD Font="normal"><LA Size="normal">im polizeilichen Vollzugsdienst,</LA></DD><DT>5.</DT><DD Font="normal"><LA Size="normal">im Einsatzdienst der Berufsfeuerwehr,</LA></DD><DT>6.</DT><DD Font="normal"><LA Size="normal">im Schuldienst als Lehrkraft.</LA></DD></DL></P><P>(2) Absatz 1 gilt entsprechend auch in anderen Bereichen, soweit Mehrarbeit geleistet wird im Rahmen eines <DL Font="normal" Type="arabic"><DT>1.</DT><DD Font="normal"><LA Size="normal">Dienstes in Bereitschaft,</LA></DD><DT>2.</DT><DD Font="normal"><LA Size="normal">Schichtdienstes,</LA></DD><DT>3.</DT><DD Font="normal"><LA Size="normal">allgemein geltenden besonderen Dienstplanes, wenn ihn die Eigenart des Dienstes erfordert,</LA></DD><DT>4.</DT><DD Font="normal"><LA Size="normal">Dienstes, der ausschließlich aus gleichartigen, im wesentlichen die gleiche Arbeitszeit erfordernden Arbeitsvorgängen besteht, für die der Dienstherr Richtwerte eingeführt hat,</LA></DD><DT>5.</DT><DD Font="normal"><LA Size="normal">Dienstes zur Herbeiführung eines im öffentlichen Interesse liegenden unaufschiebbaren und termingebundenen Ergebnisses.</LA></DD></DL></P><P>(3) Eine Mehrarbeitsvergütung wird nicht gewährt neben <DL Font="normal" Type="arabic"><DT>1.</DT><DD Font="normal"><LA Size="normal">einer Vergütung nach § 50c des Bundesbesoldungsgesetzes,</LA></DD><DT>2.</DT><DD Font="normal"><LA Size="normal">Auslandsbesoldung nach Abschnitt 5 des Bundesbesoldungsgesetzes,</LA></DD><DT>3.</DT><DD Font="normal"><LA Size="normal">einer Vergütung nach der Sanitätsdienstvergütungsverordnung.</LA></DD></DL>Abweichend von Satz 1 Nummer 2 kann im Geschäftsbereich des Bundesministeriums der Verteidigung neben Auslandsdienstbezügen nach § 52 des Bundesbesoldungsgesetzes eine Vergütung für Mehrarbeit gewährt werden, wenn eine Dienstbefreiung nicht möglich ist wegen <DL Font="normal" Type="arabic"><DT>1.</DT><DD Font="normal"><LA Size="normal">einer unmittelbaren Unterstützung soldatischer Tätigkeiten in den Streitkräften zum Zwecke der Sicherstellung der militärischen Einsatzbereitschaft im Rahmen der Landes- und Bündnisverteidigung oder</LA></DD><DT>2.</DT><DD Font="normal"><LA Size="normal">einer unmittelbaren Unterstützung in den Fällen des § 30c Absatz 4 des Soldatengesetzes.</LA></DD></DL></P><P>(4) Ist die Gewährung einer Mehrarbeitsvergütung neben einer Zulage ganz oder teilweise ausgeschlossen, gilt dies auch für eine nach Wegfall der Zulage gewährte Ausgleichszulage, solange diese noch nicht bis zur Hälfte aufgezehrt ist.</P></Content></text><fussnoten/></textdaten></norm>
<norm builddate="20250331224012" doknr="BJNR007470972BJNE000308130"><metadaten><jurabk>MArbV</jurabk><jurabk>BMVergV</jurabk><enbez>§ 3</enbez></metadaten><textdaten><text format="XML"><Content><P>(1) Die Vergütung wird nur gewährt, wenn die Mehrarbeit <DL Font="normal" Type="arabic"><DT>1.</DT><DD Font="normal"><LA Size="normal">von Beamtinnen und Beamten geleistet wurde, für die beamtenrechtliche Arbeitszeitregelungen gelten,</LA></DD><DT>2.</DT><DD Font="normal"><LA Size="normal">schriftlich oder elektronisch angeordnet oder genehmigt wurde,</LA></DD><DT>3.</DT><DD Font="normal"><LA Size="normal">aus zwingenden dienstlichen Gründen nicht durch Dienstbefreiung innerhalb einer Ausschlussfrist von einem Jahr ausgeglichen werden kann und</LA></DD><DT>4.</DT><DD Font="normal"><LA Size="normal">die sich aus der regelmäßigen wöchentlichen Arbeitszeit ergebende Arbeitszeit um mehr als fünf Stunden im Kalendermonat (Mindeststundenzahl) übersteigt.</LA></DD></DL></P><P>(2) Soweit nur während eines Teils eines Kalendermonats Dienst geleistet wurde, gilt die Mindeststundenzahl für die jeweils anteilige Arbeitszeit. Sie verkürzt sich bei Teilzeitbeschäftigung entsprechend dem Umfang der bewilligten Teilzeitbeschäftigung.</P><P>(3) Besteht keine feste tägliche Arbeitszeit, so dass eine Mehrarbeit nicht für den einzelnen Arbeitstag, sondern nur auf Grund der regelmäßigen wöchentlichen Arbeitszeit für eine volle Woche ermittelt werden kann, so ist Mehrarbeit innerhalb einer Kalenderwoche, wenn diese zum Teil auf den laufenden, zum Teil auf den folgenden Kalendermonat fällt, diesem zuzurechnen.</P></Content></text><fussnoten/></textdaten></norm>
<norm builddate="20250331224012" doknr="BJNR007470972BJNE000433360"><metadaten><jurabk>MArbV</jurabk><jurabk>BMVergV</jurabk><enbez>§ 4</enbez></metadaten><textdaten><text format="XML"><Content><P>(1) Die Vergütung beträgt je Stunde <BR/><BR/><table frame="none" pgwide="1" tocentry="%yes;"><tgroup align="left" char="" charoff="50" cols="3"><colspec colname="col1" colwidth="0.34*"/><colspec colname="col2" colwidth="0.83*"/><colspec align="left" colname="col3" colwidth="1.83*"/><tbody valign="top"><row><entry VJ="1" colname="col1" colsep="0" rowsep="0">1.</entry><entry VJ="1" colname="col2" colsep="0" rowsep="0">in den Besoldungsgruppen<BR/>A 3 bis A 4</entry><entry VJ="1" colname="col3" colsep="0" rowsep="0">15,42 Euro,</entry></row><row><entry VJ="1" colname="col1" colsep="0" rowsep="0">2.</entry><entry VJ="1" colname="col2" colsep="0" rowsep="0">in den Besoldungsgruppen<BR/>A 5 bis A 8</entry><entry VJ="1" colname="col3" colsep="0" rowsep="0">18,22 Euro,</entry></row><row><entry VJ="1" colsep="0" rowsep="0">3.</entry><entry VJ="1" colsep="0" rowsep="0">in den Besoldungsgruppen<BR/>A 9 bis A 12</entry><entry VJ="1" colsep="0" rowsep="0">25,03 Euro,</entry></row><row><entry VJ="1" colsep="0" rowsep="0">4.</entry><entry VJ="1" colsep="0" rowsep="0">in den Besoldungsgruppen<BR/>A 13 bis A 16</entry><entry VJ="1" colsep="0" rowsep="0">34,46 Euro.</entry></row></tbody></tgroup></table></P><P>(2) Diese Beträge gelten auch für Beamtinnen und Beamte vergleichbarer Besoldungsgruppen, die der Bundesbesoldungsordnung C angehören.</P><P>(3) Bei Mehrarbeit im Schuldienst beträgt die Vergütung abweichend von Absatz 1 je Unterrichtsstunde für Lehrkräfte an Fachhochschulen und Fachschulen des Bundes <BR/><BR/><table frame="none" pgwide="1" tocentry="%yes;"><tgroup align="left" char="" charoff="50" cols="3"><colspec colname="col1" colwidth="0.34*"/><colspec colname="col2" colwidth="0.83*"/><colspec colname="col3" colwidth="1.83*"/><tbody valign="top"><row><entry VJ="1" colname="col1" colsep="0" rowsep="0">1.</entry><entry VJ="1" colname="col2" colsep="0" rowsep="0">im gehobenen Dienst</entry><entry VJ="1" colname="col3" colsep="0" rowsep="0">34,24 Euro,</entry></row><row><entry VJ="1" colname="col1" colsep="0" rowsep="0">2.</entry><entry VJ="1" colname="col2" colsep="0" rowsep="0">im höheren Dienst</entry><entry VJ="1" colname="col3" colsep="0" rowsep="0">40,00 Euro.</entry></row></tbody></tgroup></table></P><P>(4) Die in den Absätzen 1 und 3 enthaltenen Vergütungssätze gelten nur für Mehrarbeit, die nach dem Inkrafttreten dieser Sätze geleistet wird.</P></Content></text><fussnoten/></textdaten></norm>
<norm builddate="20250331224012" doknr="BJNR007470972BJNE001201310"><metadaten><jurabk>MArbV</jurabk><jurabk>BMVergV</jurabk><enbez>§ 4a</enbez></metadaten><textdaten><text format="XML"><Content><P>(1) Teilzeitbeschäftigte erhalten bis zur Erreichung der regelmäßigen Arbeitszeit von Vollzeitbeschäftigten je Stunde Mehrarbeit eine Vergütung in Höhe des auf eine Stunde entfallenden Anteils der Besoldung entsprechender Vollzeitbeschäftigter.</P><P>(2) Zur Ermittlung der auf eine Stunde entfallenden anteiligen Besoldung sind die monatlichen Bezüge entsprechender Vollzeitbeschäftigter durch das 4,348-Fache ihrer regelmäßigen wöchentlichen Arbeitszeit zu teilen. Bezüge, die nicht der anteiligen Kürzung nach § 6 Absatz 1 des Bundesbesoldungsgesetzes unterliegen, bleiben unberücksichtigt.</P><P>(3) Mehrarbeit, die über die Arbeitszeit von Vollzeitbeschäftigten hinausgeht, wird nach § 4 Absatz 1 und 3 vergütet.</P></Content></text><fussnoten/></textdaten></norm>
<norm builddate="20250331224012" doknr="BJNR007470972BJNE000504310"><metadaten><jurabk>MArbV</jurabk><jurabk>BMVergV</jurabk><enbez>§ 5</enbez></metadaten><textdaten><text format="XML"><Content><P>(1) Als Mehrarbeitsstunde im Sinne der §§ 3 und 4 Absatz 1 und 2 sowie § 4a gilt die volle Zeitstunde. Hiervon abweichend wird eine Stunde Dienst in Bereitschaft nur entsprechend dem Umfang der erfahrungsgemäß bei der betreffenden Tätigkeit durchschnittlich anfallenden Inanspruchnahme berücksichtigt; dabei ist schon die Ableistung eines Dienstes in Bereitschaft als solche in jeweils angemessenem Umfang anzurechnen.</P><P>(2) Bei Mehrarbeit im Schuldienst beträgt die Mindeststundenzahl nach § 3 Absatz 1 Nummer 4 drei Unterrichtsstunden. § 3 Absatz 2 gilt entsprechend.</P><P>(3) Ergibt sich bei der monatlichen Mehrarbeitsstundenberechnung ein Bruchteil einer Stunde, so werden 30 Minuten und mehr auf eine volle Stunde aufgerundet, weniger als 30 Minuten bleiben unberücksichtigt.</P></Content></text><fussnoten/></textdaten></norm>
<norm builddate="20250331224012" doknr="BJNR007470972BJNE000901310"><metadaten><jurabk>MArbV</jurabk><jurabk>BMVergV</jurabk><enbez>§ 6</enbez><titel format="XML">(weggefallen)</titel></metadaten><textdaten><text format="XML"><Content><P>-</P></Content></text><fussnoten/></textdaten></norm>
<norm builddate="20250331224012" doknr="BJNR007470972BJNE001001310"><metadaten><jurabk>MArbV</jurabk><jurabk>BMVergV</jurabk><enbez>§ 7</enbez><titel format="XML">(weggefallen)</titel></metadaten><textdaten><text format="XML"><Content><P>-</P></Content></text><fussnoten/></textdaten></norm>
<norm builddate="20250331224012" doknr="BJNR007470972BJNE001101310"><metadaten><jurabk>MArbV</jurabk><jurabk>BMVergV</jurabk><enbez>§ 8</enbez><titel format="XML">(Inkrafttreten)</titel></metadaten><textdaten><text format="XML"><Content><P>-</P></Content></text><fussnoten/></textdaten></norm>
</dokumente>