<?xml version="1.0" encoding="UTF-8" ?><!DOCTYPE dokumente SYSTEM "http://www.gesetze-im-internet.de/dtd/1.01/gii-norm.dtd">
<dokumente builddate="20250305223014" doknr="BJNR007870968"><norm builddate="20250305223014" doknr="BJNR007870968"><metadaten><jurabk>ASG</jurabk><ausfertigung-datum manuell="ja">1968-07-09</ausfertigung-datum><fundstelle typ="amtlich"><periodikum>BGBl I</periodikum><zitstelle>1968, 787</zitstelle></fundstelle><kurzue>Arbeitssicherstellungsgesetz</kurzue><langue>Gesetz zur Sicherstellung von Arbeitsleistungen für Zwecke der Verteidigung einschließlich des Schutzes der Zivilbevölkerung</langue><standangabe checked="ja"><standtyp>Stand</standtyp><standkommentar>Zuletzt geändert durch Art. 31 G v. 15.7.2024 I Nr. 236</standkommentar></standangabe><standangabe checked="ja"><standtyp>Hinweis</standtyp><standkommentar>Änderung durch Art. 10 G v. 27.2.2025 I Nr. 72 textlich nachgewiesen, dokumentarisch noch nicht abschließend bearbeitet</standkommentar></standangabe></metadaten><textdaten><fussnoten><Content><P>(+++ Textnachweis Geltung ab: 1.1.1977 +++)</P></Content></fussnoten></textdaten></norm>
<norm builddate="20250305223014" doknr="BJNR007870968BJNE001304126"><metadaten><jurabk>ASG</jurabk><enbez>Inhaltsübersicht</enbez></metadaten><textdaten><text format="XML"><Content><P><table frame="none" pgwide="1" tocentry="%yes;"><tgroup align="left" char="" charoff="50" cols="5" colsep="0" rowsep="0"><colspec colname="col1" colnum="1" colwidth="5*"/><colspec colname="col2" colnum="2" colwidth="5*"/><colspec colname="col3" colnum="3" colwidth="5*"/><colspec colname="col4" colnum="4" colwidth="85*"/><colspec colname="col5" colnum="5" colwidth="10*"/><tbody valign="top"><row><entry VJ="1" align="left" colsep="0" nameend="col4" namest="col1" valign="top"><B>Erster Abschnitt:</B></entry><entry VJ="1" align="left" colsep="0" valign="top"> </entry></row><row><entry VJ="1" align="left" colsep="0" valign="top"> </entry><entry VJ="1" align="left" colsep="0" nameend="col4" namest="col2" valign="top">Grundsätzliche Vorschriften</entry><entry VJ="1" align="left" colsep="0" valign="top"> </entry></row><row><entry VJ="1" align="left" colsep="0" valign="top"> </entry><entry VJ="1" align="left" colsep="0" valign="top"> </entry><entry VJ="1" align="left" colsep="0" valign="top"> </entry><entry VJ="1" align="left" colsep="0" valign="top">Vorrang des freien Arbeitsvertrages</entry><entry VJ="1" align="left" colsep="0" valign="bottom">§ 1</entry></row><row><entry VJ="1" align="left" colsep="0" valign="top"> </entry><entry VJ="1" align="left" colsep="0" valign="top"> </entry><entry VJ="1" align="left" colsep="0" valign="top"> </entry><entry VJ="1" align="left" colsep="0" valign="top">Maßnahmen der Sicherstellung von Arbeitsleistungen</entry><entry VJ="1" align="left" colsep="0" valign="bottom">§ 2</entry></row><row><entry VJ="1" align="left" colsep="0" valign="top"> </entry><entry VJ="1" align="left" colsep="0" valign="top"> </entry><entry VJ="1" align="left" colsep="0" valign="top"> </entry><entry VJ="1" align="left" colsep="0" valign="top">Voraussetzungen für die Sicherstellung von Arbeitsleistungen</entry><entry VJ="1" align="left" colsep="0" valign="bottom">§ 3</entry></row><row><entry VJ="1" align="left" colsep="0" valign="top"> </entry><entry VJ="1" align="left" colsep="0" valign="top"> </entry><entry VJ="1" align="left" colsep="0" valign="top"> </entry><entry VJ="1" align="left" colsep="0" valign="top">Anwendungsbereich</entry><entry VJ="1" align="left" colsep="0" valign="bottom">§ 4</entry></row><row><entry VJ="1" align="left" colsep="0" valign="top"> </entry><entry VJ="1" align="left" colsep="0" valign="top"> </entry><entry VJ="1" align="left" colsep="0" valign="top"> </entry><entry VJ="1" align="left" colsep="0" valign="top">Befreiungen</entry><entry VJ="1" align="left" colsep="0" valign="bottom">§ 5</entry></row><row><entry VJ="1" align="left" colsep="0" valign="top"> </entry><entry VJ="1" align="left" colsep="0" valign="top"> </entry><entry VJ="1" align="left" colsep="0" valign="top"> </entry><entry VJ="1" align="left" colsep="0" valign="top">Abgrenzung zum Wehrdienst und anderen Dienstleistungen</entry><entry VJ="1" align="left" colsep="0" valign="bottom">§ 6</entry></row><row><entry VJ="1" align="left" colsep="0" nameend="col4" namest="col1" valign="top"><B>Zweiter Abschnitt:</B></entry><entry VJ="1" align="left" colsep="0" valign="top"> </entry></row><row><entry VJ="1" align="left" colsep="0" valign="top"> </entry><entry VJ="1" align="left" colsep="0" nameend="col4" namest="col2" valign="top">Beschränkung der Beendigung eines Arbeitsverhältnisses im Verteidigungsfall und in Spannungszeiten</entry><entry VJ="1" align="left" colsep="0" valign="top"> </entry></row><row><entry VJ="1" align="left" colsep="0" valign="top"> </entry><entry VJ="1" align="left" colsep="0" valign="top"> </entry><entry VJ="1" align="left" colsep="0" valign="top"> </entry><entry VJ="1" align="left" colsep="0" valign="top">Zustimmungsbedürftigkeit der Beendigung eines Arbeitsverhältnisses</entry><entry VJ="1" align="left" colsep="0" valign="bottom">§ 7</entry></row><row><entry VJ="1" align="left" colsep="0" valign="top"> </entry><entry VJ="1" align="left" colsep="0" valign="top"> </entry><entry VJ="1" align="left" colsep="0" valign="top"> </entry><entry VJ="1" align="left" colsep="0" valign="top">Ausnahmen von der Zustimmungsbedürftigkeit</entry><entry VJ="1" align="left" colsep="0" valign="bottom">§ 8</entry></row><row><entry VJ="1" align="left" colsep="0" valign="top"> </entry><entry VJ="1" align="left" colsep="0" valign="top"> </entry><entry VJ="1" align="left" colsep="0" valign="top"> </entry><entry VJ="1" align="left" colsep="0" valign="top">Zustimmungsverfahren</entry><entry VJ="1" align="left" colsep="0" valign="bottom">§ 9</entry></row><row><entry VJ="1" align="left" colsep="0" nameend="col4" namest="col1" valign="top"><B>Dritter Abschnitt:</B></entry><entry VJ="1" align="left" colsep="0" valign="top"> </entry></row><row><entry VJ="1" align="left" colsep="0" valign="top"> </entry><entry VJ="1" align="left" colsep="0" nameend="col4" namest="col2" valign="top">Verpflichtung in ein Arbeitsverhältnis im Verteidigungsfall und in Spannungszeiten</entry><entry VJ="1" align="left" colsep="0" valign="top"> </entry></row><row><entry VJ="1" align="left" colsep="0" valign="top"> </entry><entry VJ="1" align="left" colsep="0" valign="top"> </entry><entry VJ="1" align="left" colsep="0" valign="top"><I>1.</I></entry><entry VJ="1" align="left" colsep="0" valign="top"><I>Unterabschnitt:</I></entry><entry VJ="1" align="left" colsep="0" valign="top"> </entry></row><row><entry VJ="1" align="left" colsep="0" valign="top"> </entry><entry VJ="1" align="left" colsep="0" valign="top"> </entry><entry VJ="1" align="left" colsep="0" valign="top"> </entry><entry VJ="1" align="left" colsep="0" valign="top">Verpflichtungsvorschriften</entry><entry VJ="1" align="left" colsep="0" valign="top"> </entry></row><row><entry VJ="1" align="left" colsep="0" valign="top"> </entry><entry VJ="1" align="left" colsep="0" valign="top"> </entry><entry VJ="1" align="left" colsep="0" valign="top"> </entry><entry VJ="1" align="left" colsep="0" valign="top">Inhalt der Verpflichtung</entry><entry VJ="1" align="left" colsep="0" valign="bottom">§ 10</entry></row><row><entry VJ="1" align="left" colsep="0" valign="top"> </entry><entry VJ="1" align="left" colsep="0" valign="top"> </entry><entry VJ="1" align="left" colsep="0" valign="top"> </entry><entry VJ="1" align="left" colsep="0" valign="top">Verpflichtungsbehörden</entry><entry VJ="1" align="left" colsep="0" valign="bottom">§ 11</entry></row><row><entry VJ="1" align="left" colsep="0" valign="top"> </entry><entry VJ="1" align="left" colsep="0" valign="top"> </entry><entry VJ="1" align="left" colsep="0" valign="top"> </entry><entry VJ="1" align="left" colsep="0" valign="top">Grundsätze für die Verpflichtung</entry><entry VJ="1" align="left" colsep="0" valign="bottom">§ 12</entry></row><row><entry VJ="1" align="left" colsep="0" valign="top"> </entry><entry VJ="1" align="left" colsep="0" valign="top"> </entry><entry VJ="1" align="left" colsep="0" valign="top"> </entry><entry VJ="1" align="left" colsep="0" valign="top">Verpflichtungsbescheid</entry><entry VJ="1" align="left" colsep="0" valign="bottom">§ 13</entry></row><row><entry VJ="1" align="left" colsep="0" valign="top"> </entry><entry VJ="1" align="left" colsep="0" valign="top"> </entry><entry VJ="1" align="left" colsep="0" valign="top"><I>2.</I></entry><entry VJ="1" align="left" colsep="0" valign="top"><I>Unterabschnitt:</I></entry><entry VJ="1" align="left" colsep="0" valign="top"> </entry></row><row><entry VJ="1" align="left" colsep="0" valign="top"> </entry><entry VJ="1" align="left" colsep="0" valign="top"> </entry><entry VJ="1" align="left" colsep="0" valign="top"> </entry><entry VJ="1" align="left" colsep="0" valign="top">Rechtsstellung der verpflichteten Person</entry><entry VJ="1" align="left" colsep="0" valign="top"> </entry></row><row><entry VJ="1" align="left" colsep="0" valign="top"> </entry><entry VJ="1" align="left" colsep="0" valign="top"> </entry><entry VJ="1" align="left" colsep="0" valign="top"> </entry><entry VJ="1" align="left" colsep="0" valign="top">Inhalt des durch Verpflichtung begründeten Arbeitsverhältnisses</entry><entry VJ="1" align="left" colsep="0" valign="bottom">§ 14</entry></row><row><entry VJ="1" align="left" colsep="0" valign="top"> </entry><entry VJ="1" align="left" colsep="0" valign="top"> </entry><entry VJ="1" align="left" colsep="0" valign="top"> </entry><entry VJ="1" align="left" colsep="0" valign="top">Einfluß der Verpflichtung auf ein Arbeitsoder Vertragsverhältnis in der privaten Wirtschaft</entry><entry VJ="1" align="left" colsep="0" valign="bottom">§ 15</entry></row><row><entry VJ="1" align="left" colsep="0" valign="top"> </entry><entry VJ="1" align="left" colsep="0" valign="top"> </entry><entry VJ="1" align="left" colsep="0" valign="top"> </entry><entry VJ="1" align="left" colsep="0" valign="top">Einfluß der Verpflichtung auf ein Dienstoder Arbeitsverhältnis im öffentlichen Dienst</entry><entry VJ="1" align="left" colsep="0" valign="bottom">§ 16</entry></row><row><entry VJ="1" align="left" colsep="0" valign="top"> </entry><entry VJ="1" align="left" colsep="0" valign="top"> </entry><entry VJ="1" align="left" colsep="0" valign="top"> </entry><entry VJ="1" align="left" colsep="0" valign="top">Zahlung von Unterschiedsbeträgen und Ersatz für Vertreterkosten und laufende Betriebsausgaben</entry><entry VJ="1" align="left" colsep="0" valign="bottom">§ 17</entry></row><row><entry VJ="1" align="left" colsep="0" valign="top"> </entry><entry VJ="1" align="left" colsep="0" valign="top"> </entry><entry VJ="1" align="left" colsep="0" valign="top"><I>3.</I></entry><entry VJ="1" align="left" colsep="0" valign="top"><I>Unterabschnitt:</I></entry><entry VJ="1" align="left" colsep="0" valign="top"> </entry></row><row><entry VJ="1" align="left" colsep="0" valign="top"> </entry><entry VJ="1" align="left" colsep="0" valign="top"> </entry><entry VJ="1" align="left" colsep="0" valign="top"> </entry><entry VJ="1" align="left" colsep="0" valign="top">Sozialversicherung, Arbeitslosenversicherung, Pflegeversicherung</entry><entry VJ="1" align="left" colsep="0" valign="top"> </entry></row><row><entry VJ="1" align="left" colsep="0" valign="top"> </entry><entry VJ="1" align="left" colsep="0" valign="top"> </entry><entry VJ="1" align="left" colsep="0" valign="top"> </entry><entry VJ="1" align="left" colsep="0" valign="top">Allgemeines</entry><entry VJ="1" align="left" colsep="0" valign="bottom">§ 18</entry></row><row><entry VJ="1" align="left" colsep="0" valign="top"> </entry><entry VJ="1" align="left" colsep="0" valign="top"> </entry><entry VJ="1" align="left" colsep="0" valign="top"> </entry><entry VJ="1" align="left" colsep="0" valign="top">Krankenversicherung</entry><entry VJ="1" align="left" colsep="0" valign="bottom">§ 19</entry></row><row><entry VJ="1" align="left" colsep="0" valign="top"> </entry><entry VJ="1" align="left" colsep="0" valign="top"> </entry><entry VJ="1" align="left" colsep="0" valign="top"> </entry><entry VJ="1" align="left" colsep="0" valign="top">Unfallversicherung</entry><entry VJ="1" align="left" colsep="0" valign="bottom">§ 20</entry></row><row><entry VJ="1" align="left" colsep="0" valign="top"> </entry><entry VJ="1" align="left" colsep="0" valign="top"> </entry><entry VJ="1" align="left" colsep="0" valign="top"> </entry><entry VJ="1" align="left" colsep="0" valign="top">Rentenversicherung; Versicherungsfreiheit und Zuständigkeit</entry><entry VJ="1" align="left" colsep="0" valign="bottom">§ 21</entry></row><row><entry VJ="1" align="left" colsep="0" valign="top"> </entry><entry VJ="1" align="left" colsep="0" valign="top"> </entry><entry VJ="1" align="left" colsep="0" valign="top"> </entry><entry VJ="1" align="left" colsep="0" valign="top">Rentenversicherung; Entgelt und Beiträge .</entry><entry VJ="1" align="left" colsep="0" valign="bottom">§ 22</entry></row><row><entry VJ="1" align="left" colsep="0" valign="top"> </entry><entry VJ="1" align="left" colsep="0" valign="top"> </entry><entry VJ="1" align="left" colsep="0" valign="top"> </entry><entry VJ="1" align="left" colsep="0" valign="top">Arbeitslosenversicherung</entry><entry VJ="1" align="left" colsep="0" valign="bottom">§ 23</entry></row><row><entry VJ="1" align="left" colsep="0" valign="top"> </entry><entry VJ="1" align="left" colsep="0" valign="top"> </entry><entry VJ="1" align="left" colsep="0" valign="top"> </entry><entry VJ="1" align="left" colsep="0" valign="top">Pflegeversicherung</entry><entry VJ="1" align="left" colsep="0" valign="bottom">§ 23a</entry></row><row><entry VJ="1" align="left" colsep="0" nameend="col4" namest="col1" valign="top"><B>Vierter Abschnitt:</B></entry><entry VJ="1" align="left" colsep="0" valign="top"> </entry></row><row><entry VJ="1" align="left" colsep="0" valign="top"> </entry><entry VJ="1" align="left" colsep="0" nameend="col4" namest="col2" valign="top">Ergänzende Vorschriften</entry><entry VJ="1" align="left" colsep="0" valign="top"> </entry></row><row><entry VJ="1" align="left" colsep="0" valign="top"> </entry><entry VJ="1" align="left" colsep="0" valign="top"> </entry><entry VJ="1" align="left" colsep="0" valign="top"> </entry><entry VJ="1" align="left" colsep="0" valign="top">Auskunftspflicht</entry><entry VJ="1" align="left" colsep="0" valign="bottom">§ 24</entry></row><row><entry VJ="1" align="left" colsep="0" valign="top"> </entry><entry VJ="1" align="left" colsep="0" valign="top"> </entry><entry VJ="1" align="left" colsep="0" valign="top"> </entry><entry VJ="1" align="left" colsep="0" valign="top">Persönliche Vorstellung</entry><entry VJ="1" align="left" colsep="0" valign="bottom">§ 25</entry></row><row><entry VJ="1" align="left" colsep="0" valign="top"> </entry><entry VJ="1" align="left" colsep="0" valign="top"> </entry><entry VJ="1" align="left" colsep="0" valign="top"> </entry><entry VJ="1" align="left" colsep="0" valign="top">Kosten des Verpflichtungs- und Zustimmungsverfahrens</entry><entry VJ="1" align="left" colsep="0" valign="bottom">§ 26</entry></row><row><entry VJ="1" align="left" colsep="0" valign="top"> </entry><entry VJ="1" align="left" colsep="0" valign="top"> </entry><entry VJ="1" align="left" colsep="0" valign="top"> </entry><entry VJ="1" align="left" colsep="0" valign="top">Rechtsweg</entry><entry VJ="1" align="left" colsep="0" valign="bottom">§ 27</entry></row><row><entry VJ="1" align="left" colsep="0" nameend="col4" namest="col1" valign="top"><B>Fünfter Abschnitt:</B></entry><entry VJ="1" align="left" colsep="0" valign="top"> </entry></row><row><entry VJ="1" align="left" colsep="0" valign="top"> </entry><entry VJ="1" align="left" colsep="0" nameend="col4" namest="col2" valign="top">Besondere Vorschriften</entry><entry VJ="1" align="left" colsep="0" valign="top"> </entry></row><row><entry VJ="1" align="left" colsep="0" valign="top"> </entry><entry VJ="1" align="left" colsep="0" valign="top"> </entry><entry VJ="1" align="left" colsep="0" valign="top"><I>1.</I></entry><entry VJ="1" align="left" colsep="0" valign="top"><I>Unterabschnitt:</I></entry><entry VJ="1" align="left" colsep="0" valign="top"> </entry></row><row><entry VJ="1" align="left" colsep="0" valign="top"> </entry><entry VJ="1" align="left" colsep="0" valign="top"> </entry><entry VJ="1" align="left" colsep="0" valign="top"> </entry><entry VJ="1" align="left" colsep="0" valign="top">Freiwillig begründete Arbeitsverhältnisse</entry><entry VJ="1" align="left" colsep="0" valign="top"> </entry></row><row><entry VJ="1" align="left" colsep="0" valign="top"> </entry><entry VJ="1" align="left" colsep="0" valign="top"> </entry><entry VJ="1" align="left" colsep="0" valign="top"> </entry><entry VJ="1" align="left" colsep="0" valign="top">Anwendung der §§ 14 bis 23</entry><entry VJ="1" align="left" colsep="0" valign="bottom">§ 28</entry></row><row><entry VJ="1" align="left" colsep="0" valign="top"> </entry><entry VJ="1" align="left" colsep="0" valign="top"> </entry><entry VJ="1" align="left" colsep="0" valign="top"><I>2.</I></entry><entry VJ="1" align="left" colsep="0" valign="top"><I>Unterabschnitt:</I></entry><entry VJ="1" align="left" colsep="0" valign="top"> </entry></row><row><entry VJ="1" align="left" colsep="0" valign="top"> </entry><entry VJ="1" align="left" colsep="0" valign="top"> </entry><entry VJ="1" align="left" colsep="0" valign="top"> </entry><entry VJ="1" align="left" colsep="0" valign="top">Ausbildungsveranstaltungen, Ausbildungsveranstaltungen</entry><entry VJ="1" align="left" colsep="0" valign="bottom">§ 29</entry></row><row><entry VJ="1" align="left" colsep="0" valign="top"> </entry><entry VJ="1" align="left" colsep="0" valign="top"> </entry><entry VJ="1" align="left" colsep="0" valign="top"> </entry><entry VJ="1" align="left" colsep="0" valign="top">Bereithaltungsbescheid</entry><entry VJ="1" align="left" colsep="0" valign="bottom">§ 30</entry></row><row><entry VJ="1" align="left" colsep="0" valign="top"> </entry><entry VJ="1" align="left" colsep="0" valign="top"> </entry><entry VJ="1" align="left" colsep="0" valign="top"><I>3.</I></entry><entry VJ="1" align="left" colsep="0" valign="top"><I>Unterabschnitt:</I></entry><entry VJ="1" align="left" colsep="0" valign="top"> </entry></row><row><entry VJ="1" align="left" colsep="0" valign="top"> </entry><entry VJ="1" align="left" colsep="0" valign="top"> </entry><entry VJ="1" align="left" colsep="0" valign="top"> </entry><entry VJ="1" align="left" colsep="0" valign="top">Sonderregelungen</entry><entry VJ="1" align="left" colsep="0" valign="top"> </entry></row><row><entry VJ="1" align="left" colsep="0" valign="top"> </entry><entry VJ="1" align="left" colsep="0" valign="top"> </entry><entry VJ="1" align="left" colsep="0" valign="top"> </entry><entry VJ="1" align="left" colsep="0" valign="top">Zumutung von Gefahren</entry><entry VJ="1" align="left" colsep="0" valign="bottom">§ 31</entry></row><row><entry VJ="1" align="left" colsep="0" nameend="col4" namest="col1" valign="top"><B>Sechster Abschnitt:</B></entry><entry VJ="1" align="left" colsep="0" valign="top"> </entry></row><row><entry VJ="1" align="left" colsep="0" valign="top"> </entry><entry VJ="1" align="left" colsep="0" nameend="col4" namest="col2" valign="top">Schlußvorschriften</entry><entry VJ="1" align="left" colsep="0" valign="top"> </entry></row><row><entry VJ="1" align="left" colsep="0" valign="top"> </entry><entry VJ="1" align="left" colsep="0" valign="top"> </entry><entry VJ="1" align="left" colsep="0" valign="top"> </entry><entry VJ="1" align="left" colsep="0" valign="top">Verletzung von Sicherstellungsvorschriften</entry><entry VJ="1" align="left" colsep="0" valign="bottom">§ 32</entry></row><row><entry VJ="1" align="left" colsep="0" valign="top"> </entry><entry VJ="1" align="left" colsep="0" valign="top"> </entry><entry VJ="1" align="left" colsep="0" valign="top"> </entry><entry VJ="1" align="left" colsep="0" valign="top">(weggefallen)</entry><entry VJ="1" align="left" colsep="0" valign="bottom">§ 33</entry></row><row><entry VJ="1" align="left" colsep="0" valign="top"> </entry><entry VJ="1" align="left" colsep="0" valign="top"> </entry><entry VJ="1" align="left" colsep="0" valign="top"> </entry><entry VJ="1" align="left" colsep="0" valign="top">Koordinierung und Bedarfsdeckung</entry><entry VJ="1" align="left" colsep="0" valign="bottom">§ 34</entry></row><row><entry VJ="1" align="left" colsep="0" valign="top"> </entry><entry VJ="1" align="left" colsep="0" valign="top"> </entry><entry VJ="1" align="left" colsep="0" valign="top"> </entry><entry VJ="1" align="left" colsep="0" valign="top">Weisungsrecht gegenüber der Bundesagentur für Arbeit</entry><entry VJ="1" align="left" colsep="0" valign="bottom">§ 35</entry></row><row><entry VJ="1" align="left" colsep="0" valign="top"> </entry><entry VJ="1" align="left" colsep="0" valign="top"> </entry><entry VJ="1" align="left" colsep="0" valign="top"> </entry><entry VJ="1" align="left" colsep="0" valign="top">Begriffsbestimmung</entry><entry VJ="1" align="left" colsep="0" valign="bottom">§ 36</entry></row><row><entry VJ="1" align="left" colsep="0" valign="top"> </entry><entry VJ="1" align="left" colsep="0" valign="top"> </entry><entry VJ="1" align="left" colsep="0" valign="top"> </entry><entry VJ="1" align="left" colsep="0" valign="top">Öffentlich-rechtliche Dienstverhältnisse</entry><entry VJ="1" align="left" colsep="0" valign="bottom">§ 37</entry></row><row><entry VJ="1" align="left" colsep="0" valign="top"> </entry><entry VJ="1" align="left" colsep="0" valign="top"> </entry><entry VJ="1" align="left" colsep="0" valign="top"> </entry><entry VJ="1" align="left" colsep="0" valign="top">Rechtsverordnung</entry><entry VJ="1" align="left" colsep="0" valign="bottom">§ 38</entry></row><row><entry VJ="1" align="left" colsep="0" valign="top"> </entry><entry VJ="1" align="left" colsep="0" valign="top"> </entry><entry VJ="1" align="left" colsep="0" valign="top"> </entry><entry VJ="1" align="left" colsep="0" valign="top">Einschränkung von Grundrechten</entry><entry VJ="1" align="left" colsep="0" valign="bottom">§ 39</entry></row><row><entry VJ="1" align="left" colsep="0" valign="top"> </entry><entry VJ="1" align="left" colsep="0" valign="top"> </entry><entry VJ="1" align="left" colsep="0" valign="top"> </entry><entry VJ="1" align="left" colsep="0" valign="top">Inkrafttreten</entry><entry VJ="1" align="left" colsep="0" valign="bottom">§ 40</entry></row></tbody></tgroup></table></P></Content></text><fussnoten/></textdaten></norm>
<norm builddate="20250305223014" doknr="BJNR007870968BJNE001400319"><metadaten><jurabk>ASG</jurabk><enbez>Eingangsformel</enbez></metadaten><textdaten><text format="XML"><Content><P>Der Bundestag hat mit Zustimmung des Bundesrates das folgende Gesetz beschlossen:</P></Content></text></textdaten></norm>
<norm builddate="20250305223014" doknr="BJNR007870968BJNG000100319"><metadaten><jurabk>ASG</jurabk><gliederungseinheit><gliederungskennzahl>010</gliederungskennzahl><gliederungsbez>Erster Abschnitt</gliederungsbez><gliederungstitel>Grundsätzliche Vorschriften</gliederungstitel></gliederungseinheit></metadaten><textdaten><text format="XML"><Content><P/></Content></text></textdaten></norm>
<norm builddate="20250305223014" doknr="BJNR007870968BJNE001500319"><metadaten><jurabk>ASG</jurabk><enbez>§ 1</enbez><titel format="parat">Vorrang des freien Arbeitsvertrags</titel></metadaten><textdaten><text format="XML"><Content><P>Das Grundrecht der freien Wahl des Arbeitsplatzes (Artikel 12 des Grundgesetzes) gilt auch in Spannungszeiten und im Verteidigungsfall. Von den in § 2 geregelten Verpflichtungsbefugnissen darf nur Gebrauch gemacht werden, wenn und soweit die in der genannten Vorschrift aufgeführten Arbeitsleistungen nicht auf der Grundlage der Freiwilligkeit sichergestellt werden können.</P></Content></text></textdaten></norm>
<norm builddate="20250305223014" doknr="BJNR007870968BJNE001601301"><metadaten><jurabk>ASG</jurabk><enbez>§ 2</enbez><titel format="parat">Maßnahmen der Sicherstellung von Arbeitsleistungen</titel></metadaten><textdaten><text format="XML"><Content><P>Für Zwecke der Verteidigung einschließlich des Schutzes der Zivilbevölkerung kann nach den Vorschriften dieses Gesetzes <DL Font="normal" Type="arabic"><DT>1.</DT><DD Font="normal"><LA Size="normal">das Recht zur Beendigung des Arbeitsverhältnisses vom vollendeten 18. Lebensjahr bis zum Erreichen der Regelaltersgrenze nach dem Sechsten Buch Sozialgesetzbuch beschränkt werden,</LA></DD> <DT>2.</DT><DD Font="normal"><LA Size="normal">ein Wehrpflichtiger in ein Arbeitsverhältnis verpflichtet werden,</LA></DD> <DT>3.</DT><DD Font="normal"><LA Size="normal">eine Frau vom vollendeten achtzehnten bis zum vollendeten fünfundfünfzigsten Lebensjahr im zivilen Sanitäts- oder Heilwesen sowie in der ortsfesten militärischen Lazarettorganisation in ein Arbeitsverhältnis verpflichtet werden.</LA></DD></DL></P></Content></text><fussnoten/></textdaten></norm>
<norm builddate="20250305223014" doknr="BJNR007870968BJNE001700319"><metadaten><jurabk>ASG</jurabk><enbez>§ 3</enbez><titel format="parat">Voraussetzungen für die Sicherstellung von
Arbeitsleistungen</titel></metadaten><textdaten><text format="XML"><Content><P>Beschränkungen und Verpflichtungen nach § 2 sind im Verteidigungsfall zulässig. Beschränkungen und Verpflichtungen nach § 2 Nr. 1 und 2 sind außerdem nach Maßgabe des Artikels 12a Abs. 5 Satz 1 und Abs. 6 Satz 2 des Grundgesetzes zulässig. Die Verpflichtung zu Ausbildungsveranstaltungen (§ 29) ist auch zulässig, wenn die Voraussetzungen der Sätze 1 und 2 nicht gegeben sind.</P></Content></text></textdaten></norm>
<norm builddate="20250305223014" doknr="BJNR007870968BJNE001809130"><metadaten><jurabk>ASG</jurabk><enbez>§ 4</enbez><titel format="XML">Anwendungsbereich</titel></metadaten><textdaten><text format="XML"><Content><P>(1) Verpflichtungen und Beschränkungen nach § 2 sind zulässig zur Sicherstellung von Arbeitsleistungen <DL Font="normal" Type="arabic"><DT>1.</DT><DD Font="normal"><LA Size="normal">bei der Bundeswehr und bei den verbündeten Streitkräften,</LA></DD><DT>1a.</DT><DD Font="normal"><LA Size="normal">bei mehrheitlich im Eigentum des Bundes befindlichen Gesellschaften, soweit sie zur Versorgung der Bundeswehr und der verbündeten Streitkräfte dienen,</LA></DD><DT>1b.</DT><DD Font="normal"><LA Size="normal">bei sonstigen Unternehmen, soweit deren Leistungserbringung im Rahmen von Vertragsverhältnissen zur Versorgung der Bundeswehr und der verbündeten Streitkräfte erforderlich ist,</LA></DD><DT>1c.</DT><DD Font="normal"><LA Size="normal">bei Betrieben, soweit sie Militärausrüstung, einschließlich dazugehöriger Teile, Bauteile oder Bausätze liefern, erzeugen oder Dienstleistungen in unmittelbarem Zusammenhang dazu erbringen, sowie</LA></DD><DT>1d.</DT><DD Font="normal"><LA Size="normal">bei Forschungseinrichtungen, soweit sie militärisch forschen,</LA></DD><DT>2.</DT><DD Font="normal"><LA Size="normal">bei Dienststellen des Bundes, der Länder, der Gemeindeverbände, der Gemeinden und der sonstigen juristischen Personen des öffentlichen Rechts,</LA></DD><DT>3.</DT><DD Font="normal"><LA Size="normal">bei Verbänden und Einrichtungen des Zivilschutzes,</LA></DD><DT>4.</DT><DD Font="normal"><LA Size="normal">in Betrieben der Wasser- und Energieversorgung sowie der Abwasser- und Abfallbeseitigung,</LA></DD><DT>4a.</DT><DD Font="normal"><LA Size="normal">in Ernährungsunternehmen nach § 2 Nummer 6 des Ernährungssicherstellungs- und <NB>-vorsorgegesetzes,</NB></LA></DD><DT>5.</DT><DD Font="normal"><LA Size="normal">in Krankenanstalten und anderen Einrichtungen, in denen pflegebedürftige Personen betreut werden,</LA></DD><DT>6.</DT><DD Font="normal"><LA Size="normal">in Betrieben der Mineralöl‑, Gas-, Kohle- und Wasserstoffversorgung,</LA></DD><DT>7.</DT><DD Font="normal"><LA Size="normal">in Verkehrsunternehmen einschließlich Unternehmen des Personen- und Güterbeförderungsgewerbes in der See- und Binnenschifffahrt,</LA></DD><DT>8.</DT><DD Font="normal"><LA Size="normal">bei der Deutschen Post AG und der Deutschen Telekom AG sowie bei Unternehmen, die nach Kapitel 12 des Postgesetzes oder Teil 10 Abschnitt 2 des Telekommunikationsgesetzes verpflichtet sind,</LA></DD><DT>9.</DT><DD Font="normal"><LA Size="normal">bei der nach § 31b Abs. 1 des Luftverkehrsgesetzes beauftragten Flugsicherungsorganisation und, soweit die Flugsicherungsorganisationen hoheitliche Aufgaben betreffend den Luftraum über dem Hoheitsgebiet der Bundesrepublik Deutschland wahrnehmen, bei den nach § 31f Absatz 1, auch in Verbindung mit Absatz 2 Satz 2, des Luftverkehrsgesetzes oder durch internationale Vereinbarung beauftragten Flugsicherungsorganisationen,</LA></DD><DT>10.</DT><DD Font="normal"><LA Size="normal">bei Betrieben, soweit sie Leistungen zur Sicherstellung der Funktionsfähigkeit oder der Sicherheit der Informationstechnik gegenüber Betrieben oder Dienststellen im Sinne der Nummern 1a bis 9 erbringen.</LA></DD></DL>Militärausrüstung im Sinne des Satzes 1 Nummer 1c ist jede Ausrüstung, die eigens zu militärischen Zwecken konzipiert oder für militärische Zwecke angepasst wird und zum Einsatz als Waffe, Munition oder Kriegsmaterial bestimmt ist.</P><P>(2) Über Absatz 1 hinaus kann die Bundesregierung nach Eintritt der Voraussetzungen für die Sicherstellung von Arbeitsleistungen (§ 3) durch Rechtsverordnung bestimmen, daß Verpflichtungen und Beschränkungen auch in anderen Bereichen innerhalb des Anwendungsbereichs nach Artikel 12a Abs. 3, 4 und 6 des Grundgesetzes zulässig sind. Die Rechtsverordnung kann den Anwendungsbereich auch einschränken oder abgrenzen. Die Bundesregierung hat die Rechtsverordnung aufzuheben, wenn der Bundestag es verlangt.</P><P>(3) Verpflichtungen und Beschränkungen nach § 2 sind gegenüber deutschen Staatsangehörigen bei einem Beschäftigungsort außerhalb des Hoheitsgebietes der Bundesrepublik Deutschland auch zulässig zur Sicherstellung von Arbeitsleistungen <DL Font="normal" Type="arabic"><DT>1.</DT><DD Font="normal"><LA Size="normal">nach Absatz 1 Satz 1 Nummer 1, 1a und 1b, wenn der versorgende Betrieb der Gesellschaft oder des Unternehmens seinen Sitz im Gebiet der Bundesrepublik Deutschland hat, und</LA></DD><DT>2.</DT><DD Font="normal"><LA Size="normal">nach Absatz 1 Satz 1 Nummer 9.</LA></DD></DL></P></Content></text><fussnoten/></textdaten></norm>
<norm builddate="20250305223015" doknr="BJNR007870968BJNE001904308"><metadaten><jurabk>ASG</jurabk><enbez>§ 5</enbez><titel format="XML">Befreiungen</titel></metadaten><textdaten><text format="XML"><Content><P>(1) § 2 gilt nicht für <DL Font="normal" Type="arabic"><DT>1.</DT><DD Font="normal"><LA Size="normal">schwerbehinderte Menschen im Sinne des § 2 Abs. 2 des Neunten Buches Sozialgesetzbuch,</LA></DD><DT>2.</DT><DD Font="normal"><LA Size="normal">sonstige Personen, deren Minderung der Erwerbsfähigkeit oder deren Grad der Schädigungsfolgen nicht nur vorübergehend mindestens 50 beträgt,</LA></DD><DT>3.</DT><DD Font="normal"><LA Size="normal">Personen, die hilfsbedürftige Angehörige oder andere hilfsbedürftige Personen aus rechtlicher oder sittlicher Verpflichtung zu pflegen haben, es sei denn, daß die erforderliche Pflege gewährleistet ist,</LA></DD><DT>4.</DT><DD Font="normal"><LA Size="normal">Mitglieder oberster Verfassungsorgane des Bundes und der Länder,</LA></DD><DT>5.</DT><DD Font="normal"><LA Size="normal">Richter auf Lebenszeit oder auf Zeit,</LA></DD><DT>6.</DT><DD Font="normal"><LA Size="normal">ordinierte Geistliche evangelischen Bekenntnisses,</LA></DD><DT>7.</DT><DD Font="normal"><LA Size="normal">Geistliche römisch-katholischen Bekenntnisses, die die Subdiakonatsweihe empfangen haben,</LA></DD><DT>8.</DT><DD Font="normal"><LA Size="normal">hauptamtlich tätige Geistliche anderer Bekenntnisse, deren Amt dem eines ordinierten Geistlichen evangelischen oder eines Geistlichen römisch-katholischen Bekenntnisses, der die Subdiakonatsweihe empfangen hat, entspricht.</LA></DD></DL></P><P>(2) § 2 Nr. 2 und 3 gilt nicht für Mitglieder der Betriebs- und Personalräte.</P><P>(3) § 2 Nr. 2 und 3 gilt nicht für Personen, deren Verpflichtung einen bereits weitgehend geförderten Ausbildungsabschnitt unterbrechen würde, wenn dies für sie eine unzumutbare Härte bedeutet.</P><P>(4) § 2 Nr. 1 und 3 gilt nicht für Frauen vom Beginn der Schwangerschaft an bis vier Monate nach der Niederkunft sowie Frauen mit einem Kind unter 15 Jahren, das mit ihnen in häuslicher Gemeinschaft lebt.</P><P>(5) Das Bundesministerium für Arbeit und Soziales kann durch Rechtsverordnung weitere Personengruppen von der Anwendung des § 2 Nr. 2 und 3 befreien, wenn die Fortführung ihrer Tätigkeit oder Berufsausbildung im öffentlichen Interesse liegt und mit der Verpflichtung nach dieser Vorschrift unvereinbar ist.</P></Content></text><fussnoten/></textdaten></norm>
<norm builddate="20250305223015" doknr="BJNR007870968BJNE002001308"><metadaten><jurabk>ASG</jurabk><enbez>§ 6</enbez><titel format="parat">Abgrenzung zum Wehrdienst und anderen Dienstleistungen</titel></metadaten><textdaten><text format="XML"><Content><P>Die Verpflichtung zum Dienst in den Streitkräften, im Bundesgrenzschutz, in einem Zivilschutzverband und im Zivildienst geht einer Maßnahme zur Sicherstellung von Arbeitsleistungen nach § 2 vor. Die §§ 13 und 13a des Wehrpflichtgesetzes und die §§ 14 und 16 des Zivildienstgesetzes bleiben unberührt.</P></Content></text><fussnoten/></textdaten></norm>
<norm builddate="20250305223015" doknr="BJNR007870968BJNG000200319"><metadaten><jurabk>ASG</jurabk><gliederungseinheit><gliederungskennzahl>020</gliederungskennzahl><gliederungsbez>Zweiter Abschnitt</gliederungsbez><gliederungstitel>Beschränkung der Beendigung
eines Arbeitsverhältnisses im Verteidigungsfall und in
Spannungszeiten</gliederungstitel></gliederungseinheit></metadaten><textdaten><text format="XML"><Content><P/></Content></text></textdaten></norm>
<norm builddate="20250305223015" doknr="BJNR007870968BJNE002101308"><metadaten><jurabk>ASG</jurabk><enbez>§ 7</enbez><titel format="parat">Zustimmungsbedürftigkeit der Beendigung eines
Arbeitsverhältnisses</titel></metadaten><textdaten><text format="XML"><Content><P>(1) Arbeitnehmer und private Arbeitgeber im Anwendungsbereich des Gesetzes (§ 4) bedürfen nach Eintritt der Voraussetzungen für die Sicherstellung von Arbeitsleistungen (§ 3) für die Beendigung eines Arbeitsverhältnisses der Zustimmung der Agentur für Arbeit. Die Agentur für Arbeit hat der Beendigung zuzustimmen, sofern durch sie die Sicherstellung von Arbeitsleistungen nicht beeinträchtigt wird oder die Fortsetzung des Arbeitsverhältnisses unzumutbar ist. § 1 ist zu beachten.</P><P>(2) Durch die Zustimmung wird nicht über die arbeitsrechtliche Berechtigung der Beendigung des Arbeitsverhältnisses entschieden.</P></Content> </text><fussnoten/></textdaten></norm>
<norm builddate="20250305223015" doknr="BJNR007870968BJNE002201308"><metadaten><jurabk>ASG</jurabk><enbez>§ 8</enbez><titel format="parat">Ausnahmen von der Zustimmungsbedürftigkeit</titel></metadaten><textdaten><text format="XML"><Content><P>(1) Eine Zustimmung nach § 7 ist nicht erforderlich <DL Font="normal" Type="arabic"><DT>1.</DT><DD Font="normal"><LA Size="normal">bei Arbeitsverhältnissen auf bestimmte Zeit, wenn die Zeit abgelaufen ist,</LA></DD> <DT>2.</DT><DD Font="normal"><LA Size="normal">bei gelegentlichen Dienstleistungen oder Beschäftigungen gegen geringfügiges Entgelt, die der Krankenversicherungspflicht nicht unterliegen.</LA></DD> </DL> </P><P>(2) Die Bundesagentur für Arbeit kann Arbeitnehmer und Arbeitgeber bestimmter Betriebe und Bereiche von der Verpflichtung befreien, vor Lösung eines Arbeitsverhältnisses die Zustimmung der Agentur für Arbeit einzuholen. Die Befreiung ist dem Arbeitgeber und dem Betriebsrat (Personalrat) schriftlich mitzuteilen. Der Arbeitgeber hat sie den Arbeitnehmern auf betriebsübliche Weise bekanntzumachen. Die Befreiung kann befristet und für bestimmte Betriebsabteilungen erteilt werden; sie ist jederzeit widerruflich.</P></Content></text><fussnoten/></textdaten></norm>
<norm builddate="20250305223015" doknr="BJNR007870968BJNE002301308"><metadaten><jurabk>ASG</jurabk><enbez>§ 9</enbez><titel format="parat">Zustimmungsverfahren</titel></metadaten><textdaten><text format="XML"><Content><P>(1) Die Zustimmung zu der Beendigung eines Arbeitsverhältnisses ist von dem Vertragsteil, der die Beendigung beabsichtigt, bei der Agentur für Arbeit schriftlich zu beantragen, in deren Bezirk seine Dienststelle oder sein Betrieb liegt; für das fahrende Personal der See- und Binnenschiffahrt ist in dringenden Fällen auch die Agentur für Arbeit zuständig, in deren Bezirk das Schiff liegt.</P><P>(2) Die Zustimmung soll beiden Teilen schriftlich mitgeteilt werden. Sie gilt als erteilt, wenn die Ablehnung des Antrags nicht binnen zwei Wochen, im Falle der außerordentlichen Kündigung binnen einer Woche nach seinem Eingang bei der Agentur für Arbeit dem Antragsteller zugegangen ist.</P><P>(3) Wird der Antrag abgelehnt, so ist die Entscheidung dem Antragsteller zuzustellen.</P></Content>  </text><fussnoten/></textdaten></norm>
<norm builddate="20250305223015" doknr="BJNR007870968BJNG000300319"><metadaten><jurabk>ASG</jurabk><gliederungseinheit><gliederungskennzahl>030</gliederungskennzahl><gliederungsbez>Dritter Abschnitt</gliederungsbez><gliederungstitel>Verpflichtung in ein
Arbeitsverhältnis im Verteidigungsfall und in Spannungszeiten</gliederungstitel></gliederungseinheit></metadaten><textdaten><text format="XML"><Content><P/></Content></text></textdaten></norm>
<norm builddate="20250305223015" doknr="BJNR007870968BJNG000400319"><metadaten><jurabk>ASG</jurabk><gliederungseinheit><gliederungskennzahl>030010</gliederungskennzahl><gliederungsbez>1. Unterabschnitt</gliederungsbez><gliederungstitel>Verpflichtungsvorschriften</gliederungstitel></gliederungseinheit></metadaten><textdaten><text format="XML"><Content><P/></Content></text></textdaten></norm>
<norm builddate="20250305223015" doknr="BJNR007870968BJNE002400319"><metadaten><jurabk>ASG</jurabk><enbez>§ 10</enbez><titel format="parat">Inhalt der Verpflichtung</titel></metadaten><textdaten><text format="XML"><Content><P>Durch den Verpflichtungsbescheid (§ 13) wird ein Arbeitsverhältnis begründet.</P></Content></text></textdaten></norm>
<norm builddate="20250305223015" doknr="BJNR007870968BJNE002501308"><metadaten><jurabk>ASG</jurabk><enbez>§ 11</enbez><titel format="parat">Verpflichtungsbehörden</titel></metadaten><textdaten><text format="XML"><Content><P>(1) Verpflichtungsbehörde ist die Agentur für Arbeit. Örtlich zuständig ist die Agentur für Arbeit, in deren Bezirk der Betrieb oder die Dienststelle liegt, in dem der zu Verpflichtende beschäftigt ist. Für das fahrende Personal der See- und Binnenschiffahrt ist in dringenden Fällen auch die Agentur für Arbeit zuständig, in deren Bezirk das Schiff liegt. Für Grenzarbeitnehmer und für Nichtbeschäftigte ist die Agentur für Arbeit zuständig, in deren Bezirk sie ihren ständigen Aufenthalt oder mangels eines solchen ihren jeweiligen Aufenthalt haben.</P><P>(2) Bei Gefahr im Verzug können auch die Gemeinden, in den Ländern Berlin, Bremen und Hamburg die von den Senaten bestimmten Stellen, sowie die Behörden der allgemeinen Verwaltung auf der Kreisstufe Verpflichtungen bis zu einer Dauer von drei Tagen vornehmen. In diesem Fall haben sie die der Agentur für Arbeit als Verpflichtungsbehörde zustehenden Aufgaben.</P></Content> </text><fussnoten/></textdaten></norm>
<norm builddate="20250305223015" doknr="BJNR007870968BJNE002602308"><metadaten><jurabk>ASG</jurabk><enbez>§ 12</enbez><titel format="parat">Grundsätze für die Verpflichtung</titel></metadaten><textdaten><text format="XML"><Content><P>(1) Die Verpflichtungsbehörde darf Personen nur in zumutbare Arbeitsverhältnisse verpflichten. Dabei sind Ausbildung, berufliche Tätigkeit, körperliche und geistige Fähigkeiten und die sozialen und wirtschaftlichen Verhältnisse der zu verpflichtenden Person sowie die besonderen Verhältnisse des Arbeitsplatzes zu berücksichtigen. § 1 ist zu beachten. Den Belangen des bisherigen Arbeitgebers ist nach Möglichkeit Rechnung zu tragen. Das Bundesministerium für Arbeit und Soziales kann hierzu allgemeine Verwaltungsvorschriften erlassen; für die in § 11 Abs. 2 genannten Verpflichtungsbehörden bedürfen sie der Zustimmung des Bundesrates.</P><P>(2) Bei Personen, die in einem Dienst- oder Arbeitsverhältnis mit dem Bund, einem Land, einer Gemeinde oder einem Gemeindeverband stehen, bedarf die Verpflichtung der vorherigen Zustimmung der für Personalangelegenheiten zuständigen Behörde. Die Zustimmung kann nur verweigert werden, wenn die Person lebens- und verteidigungswichtige Aufgaben der Behörde wahrzunehmen hat.</P></Content> </text><fussnoten/></textdaten></norm>
<norm builddate="20250305223015" doknr="BJNR007870968BJNE002701308"><metadaten><jurabk>ASG</jurabk><enbez>§ 13</enbez><titel format="parat">Verpflichtungsbescheid</titel></metadaten><textdaten><text format="XML"><Content><P>(1) Der Verpflichtungsbescheid hat zu bezeichnen <DL Font="normal" Type="arabic"><DT>1.</DT><DD Font="normal"><LA Size="normal">die gesetzliche Grundlage der Verpflichtung,</LA></DD> <DT>2.</DT><DD Font="normal"><LA Size="normal">die Verpflichtungsbehörde,</LA></DD> <DT>3.</DT><DD Font="normal"><LA Size="normal">den Verpflichteten,</LA></DD> <DT>4.</DT><DD Font="normal"><LA Size="normal">den Arbeitgeber,</LA></DD> <DT>5.</DT><DD Font="normal"><LA Size="normal">die Art der Beschäftigung,</LA></DD> <DT>6.</DT><DD Font="normal"><LA Size="normal">die für das Arbeitsverhältnis wesentlichen Bedingungen,</LA></DD> <DT>7.</DT><DD Font="normal"><LA Size="normal">Ort und Zeit des Arbeitsantritts,</LA></DD> <DT>8.</DT><DD Font="normal"><LA Size="normal">die voraussichtliche Dauer der Verpflichtung.</LA></DD> </DL>Der Verpflichtungsbescheid muß außerdem einen Hinweis auf die Vorschriften zur wirtschaftlichen und sozialen Sicherung des Verpflichteten, eine Rechtsmittelbelehrung und eine Unterrichtung darüber enthalten, daß eine Zuwiderhandlung gegen die Verpflichtung als Ordnungswidrigkeit oder als Straftat geahndet werden kann.</P><P>(2) Der Verpflichtungsbescheid kann Auflagen für den Arbeitgeber, insbesondere zum Schutz des Verpflichteten enthalten.</P><P>(3) Der Verpflichtungsbescheid ist schriftlich zu erteilen und Arbeitnehmer und Arbeitgeber sowie dem bisherigen Arbeitgeber oder Dienstherrn und, bei in Heimarbeit Beschäftigten, dem bisherigen Auftraggeber (Zwischenmeister) zuzustellen, der sie mindestens ein Jahr ausschließlich oder überwiegend beschäftigt hat.</P><P>(4) Bei Gefahr im Verzug kann die Verpflichtung auch mündlich oder fernmündlich ausgesprochen werden. Sie ist unverzüglich schriftlich zu bestätigen.</P></Content>   </text><fussnoten/></textdaten></norm>
<norm builddate="20250305223015" doknr="BJNR007870968BJNG000500319"><metadaten><jurabk>ASG</jurabk><gliederungseinheit><gliederungskennzahl>030020</gliederungskennzahl><gliederungsbez>2. Unterabschnitt</gliederungsbez><gliederungstitel>Rechtsstellung der
verpflichteten Person</gliederungstitel></gliederungseinheit></metadaten><textdaten><text format="XML"><Content><P/></Content></text></textdaten></norm>
<norm builddate="20250305223015" doknr="BJNR007870968BJNE002802308"><metadaten><jurabk>ASG</jurabk><enbez>§ 14</enbez><titel format="parat">Inhalt des durch Verpflichtung begründeten
Arbeitsverhältnisses</titel></metadaten><textdaten><text format="XML"><Content><P>(1) Die gegenseitigen Rechte und Pflichten aus dem Arbeitsverhältnis richten sich nach den Bedingungen, die im Betrieb, in der Dienststelle oder in entsprechenden Betrieben oder Dienststellen für Arbeitsleistungen vergleichbarer Art üblich sind; bei dem Arbeitgeber bestehende Regelungen über eine zusätzliche Alters- und Hinterbliebenenversorgung werden nicht angewendet. Der Arbeitgeber hat dem Arbeitnehmer die aus der An- und Abreise entstehenden notwendigen Aufwendungen einschließlich der Umzugskosten zu erstatten und ihm eine Trennungsentschädigung zu zahlen.</P><P>(2) Das Bundesministerium für Arbeit und Soziales wird ermächtigt, durch Rechtsverordnung nähere Bestimmungen über Voraussetzungen, Höhe und Umfang der Trennungsentschädigung und den Ersatz von Umzugskosten zu erlassen.</P></Content> </text><fussnoten/></textdaten></norm>
<norm builddate="20250305223015" doknr="BJNR007870968BJNE002903126"><metadaten><jurabk>ASG</jurabk><enbez>§ 15</enbez><titel format="XML">Einfluß der Verpflichtung auf ein Arbeits- oder Vertragsverhältnis in der privaten Wirtschaft</titel></metadaten><textdaten><text format="XML"><Content><P>(1) Wird ein Arbeitnehmer in ein Arbeitsverhältnis verpflichtet, so ruht sein bisheriges Arbeitsverhältnis während der Dauer der Verpflichtung. § 1 Absatz 4 und 5, die §§ 2, 3 und 4 Absatz 1 Satz 1, Absatz 2 bis 4, die §§ 5, 6, 12 Absatz 1 und § 13 des Arbeitsplatzschutzgesetzes gelten entsprechend; § 14a Absatz 3 und § 14b Absatz 1 des Arbeitsplatzschutzgesetzes gelten mit der Maßgabe entsprechend, dass der neue Arbeitgeber erstattungspflichtig ist. Dieser darf etwaige Arbeitnehmeranteile von dem Arbeitsentgelt der verpflichteten Personen einbehalten.</P><P>(2) Für in Heimarbeit Beschäftigte und für Handelsvertreter gelten die §§ 7 und 8 des Arbeitsplatzschutzgesetzes entsprechend.</P></Content></text><fussnoten/></textdaten></norm>
<norm builddate="20250305223015" doknr="BJNR007870968BJNE003004126"><metadaten><jurabk>ASG</jurabk><enbez>§ 16</enbez><titel format="XML">Einfluß der Verpflichtung auf ein Dienst- oder Arbeitsverhältnis im öffentlichen Dienst</titel></metadaten><textdaten><text format="XML"><Content><P>(1) Wird ein Beamter oder ein Richter auf Probe in ein Arbeitsverhältnis verpflichtet, so ist er für die Dauer der Verpflichtung mit Dienstbezügen oder Unterhaltszuschuß beurlaubt; § 9 Abs. 3 bis 11 des Arbeitsplatzschutzgesetzes gilt entsprechend, Absatz 8 nur, soweit er die Einberufung zu Wehrübungen betrifft, und Absatz 9, soweit er auf § 4 Abs. 1, 2 und 4 verweist. Für einen Lehrer an einer privaten genehmigten Ersatzschule, der nach § 6 Abs. 1 Nr. 5 des Fünften Buches Sozialgesetzbuch versicherungsfrei ist, gilt Satz 1 entsprechend.</P><P>(2) Wird ein Arbeitnehmer des öffentlichen Dienstes in ein Arbeitsverhältnis verpflichtet, so hat der Arbeitgeber des fortbestehenden Arbeitsverhältnisses für die Dauer der Verpflichtung das Arbeitsentgelt weiterzuzahlen. Nach dem Ende der Verpflichtung ist das Arbeitsentgelt weiterzuzahlen, solange Krankengeld aus der gesetzlichen Krankenversicherung oder entsprechende Leistungen aus der gesetzlichen Unfallversicherung gewährt werden; insgesamt darf der Arbeitnehmer bei Arbeitsunfähigkeit nicht mehr erhalten, als er erhalten würde, wenn er nicht in ein Arbeitsverhältnis verpflichtet worden wäre. Für das fortbestehende Arbeitsverhältnis gelten § 1 Abs. 1, 4 und 5, die §§ 2, 3, 4 Abs. 1 bis 4, die §§ 5, 6, 12, 13 und 14a Absatz 1 des Arbeitsplatzschutzgesetzes entsprechend.</P><P>(3) Auf die nach den Absätzen 1 und 2 weiter zu gewährenden Dienstbezüge, Unterhaltszuschüsse, Vergütungen oder Arbeitsentgelte werden die dem verpflichteten Arbeitnehmer gewährten laufenden Geldbezüge aus dem Arbeitsverhältnis angerechnet. Diesen Geldbezügen stehen gleich das Krankengeld aus der gesetzlichen Krankenversicherung, entsprechende Leistungen aus der gesetzlichen Unfallversicherung, das Kurzarbeitergeld und das Schlechtwettergeld.</P></Content></text><fussnoten/></textdaten></norm>
<norm builddate="20250305223015" doknr="BJNR007870968BJNE003106126"><metadaten><jurabk>ASG</jurabk><enbez>§ 17</enbez><titel format="XML">Zahlung von Unterschiedsbeträgen und Ersatz für Vertreterkosten und laufende Betriebsausgaben</titel></metadaten><textdaten><text format="XML"><Content><P>(1) Ein in ein Arbeitsverhältnis Verpflichteter, der nicht unter § 16 fällt, erhält, soweit sich sein Arbeitsentgelt, gemindert um die hierauf zu entrichtende Einkommensteuer, den Solidaritätszuschlag, die Arbeitnehmeranteile zur gesetzlichen Sozialversicherung und die Kirchensteuer durch die Verpflichtung vermindert, den Unterschiedsbetrag von der zuständigen Unterhaltssicherungsbehörde zu Lasten des Bundes; dieser ist auch nach dem Ende der Verpflichtung weiterzuzahlen, solange Krankengeld aus der gesetzlichen Krankenversicherung oder entsprechende Leistungen aus der gesetzlichen Unfallversicherung gewährt werden; § 16 Abs. 2 Satz 2 zweiter Halbsatz gilt entsprechend. Der Unterschiedsbetrag darf zusammen mit den laufenden Nettogeldbezügen aus dem neuen Arbeitsverhältnis je Kalendertag der Verpflichtung den in § 5 Absatz 3 des Unterhaltssicherungsgesetzes bestimmten Höchstbetrag jeweils nicht mehr als um 135 Prozent übersteigen. Der Unterschiedsbetrag unterliegt nicht den Steuern vom Einkommen und Ertrag.</P><P>(2) Ein in ein Arbeitsverhältnis Verpflichteter, der Inhaber eines Betriebs der Land- und Forstwirtschaft oder eines Gewerbebetriebs ist oder eine selbständige Arbeit ausübt, erhält Leistungen entsprechend § 6 des Unterhaltssicherungsgesetzes. Die laufenden Nettogeldbezüge aus dem neuen Arbeitsverhältnis sind anzurechnen.</P><P>(3) Für das Verfahren nach den Absätzen 1 und 2 gilt Kapitel 3 des Unterhaltssicherungsgesetzes.</P><P>(4) § 3 des Unterhaltssicherungsgesetzes gilt entsprechend.</P><P>(5) (weggefallen)</P></Content></text><fussnoten/></textdaten></norm>
<norm builddate="20250305223015" doknr="BJNR007870968BJNG000601308"><metadaten><jurabk>ASG</jurabk><gliederungseinheit><gliederungskennzahl>030030</gliederungskennzahl><gliederungsbez>3. Unterabschnitt</gliederungsbez><gliederungstitel>Sozialversicherung,
Arbeitslosenversicherung, Pflegeversicherung</gliederungstitel></gliederungseinheit></metadaten><textdaten><text format="XML"><Content><P/></Content></text><fussnoten/></textdaten></norm>
<norm builddate="20250305223015" doknr="BJNR007870968BJNE003201308"><metadaten><jurabk>ASG</jurabk><enbez>§ 18</enbez><titel format="parat">Allgemeines</titel></metadaten><textdaten><text format="XML"><Content><P>Personen, die in ein Arbeitsverhältnis verpflichtet werden, unterliegen der Versicherungspflicht in der gesetzlichen Kranken-, Unfall- und Rentenversicherung sowie in der Arbeitslosenversicherung und sozialen Pflegeversicherung nach Maßgabe der allgemeinen Vorschriften, soweit die nachfolgenden Vorschriften nichts Abweichendes bestimmen.</P></Content></text><fussnoten/></textdaten></norm>
<norm builddate="20250305223015" doknr="BJNR007870968BJNE003302308"><metadaten><jurabk>ASG</jurabk><enbez>§ 19</enbez><titel format="parat">Krankenversicherung</titel></metadaten><textdaten><text format="XML"><Content><P>(1) Beamte, Lehrer an privaten genehmigten Ersatzschulen, Richter auf Probe und Arbeitnehmer im öffentlichen Dienst, die auf Grund des § 6 Abs. 1 Nr. 2, 5 oder 6 des Fünften Buches Sozialgesetzbuch in der gesetzlichen Krankenversicherung versicherungsfrei sind, bleiben auch während ihrer Verpflichtung in ein Arbeitsverhältnis versicherungsfrei, solange sie nach § 16 mit Dienstbezügen oder Unterhaltszuschuß beurlaubt sind oder ihr Arbeitsentgelt weiter erhalten.</P><P>(2) Personen, die nicht unselbständig beschäftigt und aus anderen Gründen als wegen Überschreitens der Jahresarbeitsentgeltgrenze in der gesetzlichen Krankenversicherung versicherungsfrei sind, werden während ihrer Verpflichtung in ein Arbeitsverhältnis auf ihren Antrag von der Versicherungspflicht in der gesetzlichen Krankenversicherung befreit. Die Befreiung wirkt vom Beginn der Verpflichtung an, wenn der Antrag innerhalb eines Monats nach diesem Zeitpunkt gestellt wird, andernfalls vom Eingang des Antrags an. Über den Antrag entscheidet die zuständige Krankenkasse. Sie hat dem Antragsteller eine Bescheinigung über die Befreiung auszustellen, die dem neuen Arbeitgeber vorgelegt werden muß.</P><P>(3) Die Leistungen nach § 16, welche die laufenden Geldbezüge aus dem Arbeitsverhältnis übersteigen, und die Unterschiedsbeträge nach § 17 Abs. 1 werden als Entgelt nur bei der Berechnung der Jahresarbeitsentgeltgrenze (§ 6 Abs. 6 oder 7 des Fünften Buches Sozialgesetzbuch) berücksichtigt.</P></Content>  </text><fussnoten/></textdaten></norm>
<norm builddate="20250305223015" doknr="BJNR007870968BJNE003401308"><metadaten><jurabk>ASG</jurabk><enbez>§ 20</enbez><titel format="parat">Unfallversicherung</titel></metadaten><textdaten><text format="XML"><Content><P>(1) In der gesetzlichen Unfallversicherung gilt während der Verpflichtung in ein Arbeitsverhältnis als Jahresarbeitsverdienst eines Versicherten, der im Zeitpunkt seiner Verpflichtung bereits versichert war, der in der Versicherung zuletzt vor der Verpflichtung maßgebende Jahresarbeitsverdienst, wenn es für den Berechtigten günstiger ist.</P><P>(2) Erleidet jemand, dem sonst Unfallfürsorge nach beamtenrechtlichen Vorschriften oder Grundsätzen gewährleistet ist, während seiner Verpflichtung in ein Arbeitsverhältnis einen Versicherungsfall, gelten § 61 Abs. 1 und § 82 Abs. 4 des Siebten Buches Sozialgesetzbuch mit der Maßgabe, daß sich der Jahresarbeitsverdienst nach § 82 Abs. 1 und 2 des Siebten Buches Sozialgesetzbuch errechnet, wenn es für den Berechtigten günstiger ist.</P></Content> </text><fussnoten/></textdaten></norm>
<norm builddate="20250305223015" doknr="BJNR007870968BJNE003503308"><metadaten><jurabk>ASG</jurabk><enbez>§ 21</enbez><titel format="parat">Rentenversicherung Versicherungsfreiheit und
Zuständigkeit</titel></metadaten><textdaten><text format="XML"><Content><P>(1) In der gesetzlichen Rentenversicherung sind während der Verpflichtung in ein Arbeitsverhältnis auch versicherungsfrei <DL Font="normal" Type="arabic"><DT>1.</DT><DD Font="normal"><LA Size="normal">Personen, die im Zeitpunkt ihrer Verpflichtung unselbständig beschäftigt und nach § 5 Abs. 1 des Sechsten Buches Sozialgesetzbuch versicherungsfrei oder auf Antrag von der Versicherungspflicht in der Rentenversicherung nach § 6 des Sechsten Buches Sozialgesetzbuch befreit sind,</LA></DD> <DT>2.</DT><DD Font="normal"><LA Size="normal">Personen, die im Zeitpunkt ihrer Verpflichtung als selbständig Tätige aufgrund einer durch Gesetz angeordneten oder auf Gesetz beruhenden Verpflichtung Mitglied einer öffentlich-rechtlichen Versicherungseinrichtung oder Versorgungseinrichtung ihrer Berufsgruppe sind,</LA></DD> <DT>3.</DT><DD Font="normal"><LA Size="normal">Personen, die vor der Verpflichtung nur versicherungspflichtig nach dem Gesetz über die Alterssicherung der Landwirte waren und dies weiterhin sind.</LA></DD> </DL> </P><P>(2) Für Personen, die im Zeitpunkt ihrer Verpflichtung in ein Arbeitsverhältnis in der gesetzlichen Rentenversicherung pflichtversichert sind, ändert sich während der Verpflichtung die Zugehörigkeit zu dem Zweig der gesetzlichen Rentenversicherung nicht, es sei denn, daß sie auf Grund der Verpflichtung eine Beschäftigung ausüben, die anders als bisher in der knappschaftlichen Rentenversicherung zu versichern ist.</P></Content></text><fussnoten/></textdaten></norm>
<norm builddate="20250305223015" doknr="BJNR007870968BJNE003602308"><metadaten><jurabk>ASG</jurabk><enbez>§ 22</enbez><titel format="parat">Rentenversicherung Entgelt und Beiträge</titel></metadaten><textdaten><text format="XML"><Content><P>(1) Bei Personen, die während ihrer Verpflichtung in ein Arbeitsverhältnis in der gesetzlichen Rentenversicherung pflichtversichert sind, gelten auch die Leistungen nach § 16, welche die laufenden Geldbezüge aus dem Arbeitsverhältnis übersteigen, und die Unterschiedsbeträge nach § 17 Abs. 1 als Entgelt, wenn diese Personen bereits im Zeitpunkt ihrer Verpflichtung in der gesetzlichen Rentenversicherung pflichtversichert waren. Für Handwerker, die in die Handwerksrolle eingetragen sind, gilt Satz 1 nicht.</P><P>(2) Der bisherige Dienstherr oder Arbeitgeber und der Versicherte tragen für die Leistungen nach § 16, welche die laufenden Geldbezüge aus dem Arbeitsverhältnis übersteigen, die Pflichtbeiträge zur allgemeinen Rentenversicherung je zur Hälfte und die Pflichtbeiträge zur knappschaftlichen Rentenversicherung nach dem im Sechsten Buch Sozialgesetzbuch hierfür bestimmten Verhältnis. Die auf die Unterschiedsbeträge nach § 17 Abs. 1 entfallenden Pflichtbeiträge trägt der Bund.</P><P>(3) und (4)</P></Content>  </text><fussnoten/></textdaten></norm>
<norm builddate="20250305223015" doknr="BJNR007870968BJNE003705126"><metadaten><jurabk>ASG</jurabk><enbez>§ 23</enbez><titel format="XML">Arbeitslosenversicherung</titel></metadaten><textdaten><text format="XML"><Content><P>(1) Personen, die unmittelbar vor der Verpflichtung in ein Arbeitsverhältnis nicht als Arbeitnehmer oder nicht zu ihrer Berufsausbildung beschäftigt waren, bleiben auch während ihrer Verpflichtung in ein Arbeitsverhältnis versicherungsfrei.</P><P>(2) Bei der Bemessung des Beitrages zur Bundesagentur für Arbeit werden die Leistungen nach den §§ 16 und 17 nicht berücksichtigt.</P><P>(3) Wird ein Arbeitnehmer in ein Arbeitsverhältnis verpflichtet, so darf ihm daraus im Falle der Arbeitslosigkeit hinsichtlich der Höhe des Arbeitslosengelds kein Nachteil entstehen. Das Nähere bestimmt die Bundesagentur für Arbeit mit Zustimmung des Bundesministeriums für Arbeit und Soziales. Mehraufwendungen, die der Bundesagentur in Auswirkung des Satzes 1 entstehen, trägt der Bund.</P><P>(4)</P></Content></text><fussnoten/></textdaten></norm>
<norm builddate="20250305223015" doknr="BJNR007870968BJNE005500308"><metadaten><jurabk>ASG</jurabk><enbez>§ 23a</enbez><titel format="parat">Pflegeversicherung</titel></metadaten><textdaten><text format="XML"><Content><P>§ 61 des Elften Buches Sozialgesetzbuch ist mit der Maßgabe anzuwenden, daß der Dienstherr oder Arbeitgeber des öffentlichen Dienstes, der nach § 16 Dienstbezüge, Unterhaltszuschuß oder Arbeitsentgelt weiter zu zahlen hat, und der neue Arbeitgeber den Beitragszuschuß anteilig nach der Höhe der jeweils zu gewährenden Dienstbezüge, Unterhaltszuschüsse und Arbeitsentgelte zu zahlen haben.</P></Content></text><fussnoten/></textdaten></norm>
<norm builddate="20250305223015" doknr="BJNR007870968BJNG000700319"><metadaten><jurabk>ASG</jurabk><gliederungseinheit><gliederungskennzahl>040</gliederungskennzahl><gliederungsbez>Vierter Abschnitt</gliederungsbez><gliederungstitel>Ergänzende Vorschriften</gliederungstitel></gliederungseinheit></metadaten><textdaten><text format="XML"><Content><P/></Content></text></textdaten></norm>
<norm builddate="20250305223015" doknr="BJNR007870968BJNE003801308"><metadaten><jurabk>ASG</jurabk><enbez>§ 24</enbez><titel format="parat">Auskunftspflicht</titel></metadaten><textdaten><text format="XML"><Content><P>(1) Wehrpflichtige und Frauen, die in ein Arbeitsverhältnis verpflichtet werden können, haben der Agentur für Arbeit auf Verlangen die Auskünfte zu erteilen und zu belegen, die zur Durchführung des Gesetzes erforderlich sind. Die gleiche Verpflichtung haben Dienstherren des öffentlichen Rechts und Arbeitgeber; sie haben den Betriebs- oder Personalrat vor Erteilung der Auskunft zu unterrichten.</P><P>(2) Der zur Erteilung einer Auskunft Verpflichtete kann die Auskunft auf solche Fragen verweigern, deren Beantwortung ihn selbst oder einen der in § 383 Abs. 1 Nr. 1 bis 3 der Zivilprozeßordnung bezeichneten Angehörigen der Gefahr strafgerichtlicher Verfolgung oder eines Verfahrens nach dem Gesetz über Ordnungswidrigkeiten aussetzen würde.</P><P>(3) Die nach Absatz 1 erlangten Kenntnisse und Unterlagen dürfen nicht für ein Besteuerungsverfahren, ein Strafverfahren wegen einer Steuerstraftat oder ein Bußgeldverfahren wegen einer Steuerordnungswidrigkeit verwendet werden. Die Vorschriften der §§ 93, 97, 105 Abs. 1, § 111 Abs. 5 in Verbindung mit § 105 Abs. 1 sowie § 116 Abs. 1 der Abgabenordnung gelten insoweit nicht.</P></Content>  </text><fussnoten/></textdaten></norm>
<norm builddate="20250305223015" doknr="BJNR007870968BJNE003901308"><metadaten><jurabk>ASG</jurabk><enbez>§ 25</enbez><titel format="parat">Persönliche Vorstellung</titel></metadaten><textdaten><text format="XML"><Content><P>(1) Nach Eintritt der Voraussetzungen für die Sicherstellung von Arbeitsleistungen (§ 3) müssen Wehrpflichtige, die in ein Arbeitsverhältnis verpflichtet werden können, sich auf Aufforderung der Agentur für Arbeit melden oder vorstellen. Die Aufforderung ergeht schriftlich; sie kann bei Gefahr im Verzug auch mündlich, fernmündlich oder durch öffentlichen Aufruf in der Presse, im Rundfunk oder in anderer Art ergehen.</P><P>(2) Nach Eintritt der Voraussetzungen für die Sicherstellung von Arbeitsleistungen (§ 3) sind die in Absatz 1 genannten Personen verpflichtet, sich auf Anordnung der Agentur für Arbeit zur Feststellung ihrer körperlichen Tauglichkeit und geistigen Leistungsfähigkeit ärztlich und fachpsychologisch untersuchen zu lassen und hierbei auch ärztliche Untersuchungsmaßnahmen zu dulden, soweit diese Untersuchungen und Maßnahmen zur Feststellung der Vermittlungsfähigkeit eines Arbeitnehmers erforderlich und üblich sind.</P><P>(3) Die Agentur für Arbeit kann die Vorführung einer Person anordnen, die einer Aufforderung, sich vorzustellen oder ärztlich untersuchen zu lassen, ohne hinreichenden Grund nicht folgt.</P><P>(4) Für die durch die Verpflichtungen nach den Absätzen 1 und 2 ausfallende Arbeitszeit hat der Dienstherr oder Arbeitgeber die Dienstbezüge oder das Arbeitsentgelt weiter zu zahlen. Das gleiche gilt bei in Heimarbeit Beschäftigten für den Auftraggeber oder, falls sie von einem Zwischenmeister beschäftigt werden, für den Zwischenmeister, der sie mindestens ein Jahr ausschließlich oder überwiegend beschäftigt hat. Die von der Agentur für Arbeit geladene Person hat die schriftliche Ladung ihrem Dienstherrn, ihrem Arbeitgeber oder ihrem Auftraggeber (Zwischenmeister) unverzüglich vorzulegen, im Falle einer Aufforderung nach Absatz 1 Satz 2 zweiter Halbsatz diese Person unverzüglich zu unterrichten.</P></Content>   </text><fussnoten/></textdaten></norm>
<norm builddate="20250305223015" doknr="BJNR007870968BJNE004003126"><metadaten><jurabk>ASG</jurabk><enbez>§ 26</enbez><titel format="XML">Kosten des Verpflichtungs- und Zustimmungsverfahrens</titel></metadaten><textdaten><text format="XML"><Content><P>Das Verfahren vor der Agentur für Arbeit ist kostenfrei. Notwendige Auslagen, die einer Person durch das Verfahren entstanden sind, werden ihr von der Agentur für Arbeit erstattet. Die Kosten der Untersuchungen nach § 25 Abs. 2 übernimmt die Agentur für Arbeit. Die Agentur für Arbeit ersetzt im Auftrag des Bundes Grenzarbeitnehmern, in Heimarbeit Beschäftigten, soweit sie nicht durch § 25 Abs. 4 erfaßt werden, sowie Selbständigen den Verdienstausfall; die Vorschriften des Justizvergütungs- und -entschädigungsgesetzes finden sinngemäß Anwendung. Diese Aufwendungen werden der Bundesagentur für Arbeit vom Bund erstattet.</P></Content></text><fussnoten/></textdaten></norm>
<norm builddate="20250305223015" doknr="BJNR007870968BJNE004100319"><metadaten><jurabk>ASG</jurabk><enbez>§ 27</enbez><titel format="parat">Rechtsweg</titel></metadaten><textdaten><text format="XML"><Content><P>(1) Für Rechtsstreitigkeiten über Maßnahmen nach diesem Gesetz oder einer auf diesem Gesetz beruhenden Rechtsverordnung ist der Verwaltungsrechtsweg gegeben.</P><P>(2) Widerspruch und Anfechtungsklage haben keine aufschiebende Wirkung.</P><P>(3) Absatz 2 gilt nicht für Rechtsstreitigkeiten über Leistungen nach § 17 dieses Gesetzes.</P></Content>  </text></textdaten></norm>
<norm builddate="20250305223015" doknr="BJNR007870968BJNG000800319"><metadaten><jurabk>ASG</jurabk><gliederungseinheit><gliederungskennzahl>050</gliederungskennzahl><gliederungsbez>Fünfter Abschnitt</gliederungsbez><gliederungstitel>Besondere Vorschriften</gliederungstitel></gliederungseinheit></metadaten><textdaten><text format="XML"><Content><P/></Content></text></textdaten></norm>
<norm builddate="20250305223015" doknr="BJNR007870968BJNG000900319"><metadaten><jurabk>ASG</jurabk><gliederungseinheit><gliederungskennzahl>050010</gliederungskennzahl><gliederungsbez>1. Unterabschnitt</gliederungsbez><gliederungstitel>Freiwillig begründete
Arbeitsverhältnisse</gliederungstitel></gliederungseinheit></metadaten><textdaten><text format="XML"><Content><P/></Content></text></textdaten></norm>
<norm builddate="20250305223015" doknr="BJNR007870968BJNE004201308"><metadaten><jurabk>ASG</jurabk><enbez>§ 28</enbez><titel format="parat">Anwendung der §§ 14 bis 23</titel></metadaten><textdaten><text format="XML"><Content><P>Wird nach Eintritt der Voraussetzungen für die Sicherstellung von Arbeitsleistungen (§ 3) im Anwendungsbereich des Gesetzes (§ 4) freiwillig ein Arbeitsverhältnis begründet, in das ein Wehrpflichtiger verpflichtet werden könnte, so kann die Agentur für Arbeit auf Antrag des Arbeitnehmers anordnen, daß die §§ 14 bis 23a anzuwenden sind. Dem Antrag soll, solange das bisherige Arbeitsverhältnis besteht, nicht entsprochen werden, wenn der bisherige Arbeitgeber widerspricht und die Anordnung für ihn eine unzumutbare Belastung zur Folge hätte. Für die Anordnung gelten die §§ 11 und 13 Abs. 3 und 4 sinngemäß.</P></Content></text><fussnoten/></textdaten></norm>
<norm builddate="20250305223015" doknr="BJNR007870968BJNG001000319"><metadaten><jurabk>ASG</jurabk><gliederungseinheit><gliederungskennzahl>050020</gliederungskennzahl><gliederungsbez>2. Unterabschnitt</gliederungsbez><gliederungstitel>Ausbildungsveranstaltungen
Bereithaltungsbescheid</gliederungstitel></gliederungseinheit></metadaten><textdaten><text format="XML"><Content><P/></Content></text></textdaten></norm>
<norm builddate="20250305223015" doknr="BJNR007870968BJNE004301308"><metadaten><jurabk>ASG</jurabk><enbez>§ 29</enbez><titel format="parat">Ausbildungsveranstaltungen</titel></metadaten><textdaten><text format="XML"><Content><P>(1) Wehrpflichtige, die nach Eintritt der Voraussetzungen für die Sicherstellung von Arbeitsleistungen (§ 3) im Anwendungsbereich des Gesetzes (§ 4) für eine Aufgabe verwandt werden sollen, die besondere Kenntnisse und Fertigkeiten erfordert, können zu Ausbildungsveranstaltungen verpflichtet werden. Der Vorrang der Freiwilligkeit (§ 1) gilt entsprechend. Die Erstausbildung darf 28 Tage, Wiederholungsveranstaltungen dürfen 14 Tage jährlich nicht überschreiten.</P><P>(2) Die Bundesregierung kann durch Rechtsverordnung <DL Font="normal" Type="arabic"><DT>1.</DT><DD Font="normal"><LA Size="normal">bestimmen, für welche der in Absatz 1 genannten Aufgaben Ausbildungsveranstaltungen durchgeführt werden können,</LA></DD> <DT>2.</DT><DD Font="normal"><LA Size="normal">die Träger der Ausbildung bestimmen und die Kostentragung regeln,</LA></DD> <DT>3.</DT><DD Font="normal"><LA Size="normal">das Verfahren bei der Verpflichtung zur Teilnahme an Ausbildungsveranstaltungen regeln und</LA></DD> <DT>4.</DT><DD Font="normal"><LA Size="normal">die Rechte und Pflichten der Teilnehmer nach folgenden Grundsätzen regeln:<DL Font="normal" Type="arabic"><DT>a)</DT><DD Font="normal"><LA Size="normal">dem Teilnehmer dürfen in seinem Dienst- oder Arbeitsverhältnis keine Nachteile entstehen,</LA></DD> <DT>b)</DT><DD Font="normal"><LA Size="normal">die Heranziehung von Versicherten der gesetzlichen Kranken- und Rentenversicherung sowie der Arbeitslosenversicherung und der sozialen Pflegeversicherung berührt das Versicherungsverhältnis nicht,</LA></DD> <DT>c)</DT><DD Font="normal"><LA Size="normal">dem Teilnehmer ist ein Anspruch auf Weiterzahlung des Arbeitsentgelts zu gewähren, wobei dem privaten Arbeitgeber das weitergezahlte Arbeitsentgelt einschließlich der vom Arbeitgeber zu tragenden Beiträge zur Sozial- und Arbeitslosenversicherung sowie zur sozialen Pflegeversicherung für einen Ausfall von mehr als zwei Stunden erstattet wird,</LA></DD> <DT>d)</DT><DD Font="normal"><LA Size="normal">dem Teilnehmer ist ein Ersatz des Verdienstausfalls zu gewähren, wobei ein Höchstbetrag festgesetzt werden kann,</LA></DD> <DT>e)</DT><DD Font="normal"><LA Size="normal">dem Teilnehmer sind die notwendigen Auslagen und Schäden an mitgebrachten Sachen zu ersetzen,</LA></DD> <DT>f)</DT><DD Font="normal"><LA Size="normal">während der Ausbildung ist der Schutz der gesetzlichen Unfallversicherung sicherzustellen.</LA></DD> </DL></LA></DD> </DL></P></Content> </text><fussnoten/></textdaten></norm>
<norm builddate="20250305223015" doknr="BJNR007870968BJNE004400319"><metadaten><jurabk>ASG</jurabk><enbez>§ 30</enbez><titel format="parat">Bereithaltungsbescheid</titel></metadaten><textdaten><text format="XML"><Content><P>(1) Soll ein Wehrpflichtiger, auf den die in § 29 Abs. 2 genannte Rechtsverordnung angewandt werden kann und der für Zwecke der Verteidigung einschließlich des Schutzes der Zivilbevölkerung ausgebildet ist, zu einem bestimmten Zeitpunkt nach Eintritt der Voraussetzungen für die Sicherstellung von Arbeitsleistungen (§ 3) im Anwendungsbereich des Gesetzes (§ 4) in ein Arbeitsverhältnis verpflichtet werden, so kann der Verpflichtungsbescheid nach Abschluß der Ausbildung zugestellt werden (Bereithaltungsbescheid). Die Bestimmung des Zeitpunkts kann einem öffentlichen Aufruf in der Presse, im Rundfunk oder in anderer Art vorbehalten werden.</P><P>(2) Ein Bereithaltungsbescheid kann auch Wehrpflichtigen zugestellt werden, die sich freiwillig zu Arbeitsleistungen gemeldet haben, zu deren Sicherstellung Verpflichtungen vorgenommen werden können.</P><P>(3) Aus der Zustellung eines Bereithaltungsbescheids dürfen dem Empfänger keine Nachteile innerhalb eines bestehenden Dienst- oder Arbeitsverhältnisses, Heimarbeitsverhältnisses oder Handelsvertreterverhältnisses erwachsen.</P></Content>  </text></textdaten></norm>
<norm builddate="20250305223015" doknr="BJNR007870968BJNG001100319"><metadaten><jurabk>ASG</jurabk><gliederungseinheit><gliederungskennzahl>050030</gliederungskennzahl><gliederungsbez>3. Unterabschnitt</gliederungsbez><gliederungstitel>Sonderregelungen</gliederungstitel></gliederungseinheit></metadaten><textdaten><text format="XML"><Content><P/></Content></text></textdaten></norm>
<norm builddate="20250305223015" doknr="BJNR007870968BJNE004500319"><metadaten><jurabk>ASG</jurabk><enbez>§ 31</enbez><titel format="parat">Zumutung von Gefahren</titel></metadaten><textdaten><text format="XML"><Content><P>Nach Eintritt der Voraussetzungen für die Sicherstellung von Arbeitsleistungen (§ 3) ist ein Arbeitnehmer im Anwendungsbereich des Gesetzes (§ 4) verpflichtet, bei der Erfüllung von Aufgaben, die Zwecken des Gesetzes dienen, soweit nach den Umständen und seinen persönlichen Verhältnissen zumutbar, Gefahren und Erschwernisse auf sich zu nehmen.</P></Content></text></textdaten></norm>
<norm builddate="20250305223015" doknr="BJNR007870968BJNG001200319"><metadaten><jurabk>ASG</jurabk><gliederungseinheit><gliederungskennzahl>060</gliederungskennzahl><gliederungsbez>Sechster Abschnitt</gliederungsbez><gliederungstitel>Schlußvorschriften</gliederungstitel></gliederungseinheit></metadaten><textdaten><text format="XML"><Content><P/></Content></text></textdaten></norm>
<norm builddate="20250305223015" doknr="BJNR007870968BJNE004601308"><metadaten><jurabk>ASG</jurabk><enbez>§ 32</enbez><titel format="parat">Verletzung von Sicherstellungsvorschriften</titel></metadaten><textdaten><text format="XML"><Content><P>(1) Ordnungswidrig handelt, wer <DL Font="normal" Type="arabic"><DT>1.</DT><DD Font="normal"><LA Size="normal">als Arbeitnehmer, der in ein Arbeitsverhältnis verpflichtet ist oder zur Beendigung seines Arbeitsverhältnisses der Zustimmung der Agentur für Arbeit bedarf, ohne anerkennenswerten Grund<DL Font="normal" Type="arabic"><DT>a)</DT><DD Font="normal"><LA Size="normal">seine Arbeitsstelle verläßt oder ihr fernbleibt und vorsätzlich oder fahrlässig länger als drei volle Kalendertage abwesend ist oder</LA></DD> <DT>b)</DT><DD Font="normal"><LA Size="normal">sich beharrlich weigert, eine ihm aufgetragene und zumutbare Arbeit zu verrichten, die Zwecken der Verteidigung einschließlich des Schutzes der Zivilbevölkerung dient,</LA></DD> </DL></LA></DD> <DT>2.</DT><DD Font="normal"><LA Size="normal">als Arbeitgeber, der zur Beendigung eines Arbeitsverhältnisses der Zustimmung der Agentur für Arbeit bedarf, einen Arbeitnehmer zu einer Handlung nach Nummer 1 anleitet oder ihn dabei fördert.</LA></DD> </DL> </P><P>(2) Ordnungswidrig handelt auch, wer vorsätzlich oder fahrlässig <DL Font="normal" Type="arabic"><DT>1.</DT><DD Font="normal"><LA Size="normal">einer Auflage nach § 13 Abs. 2 zuwiderhandelt,</LA></DD> <DT>2.</DT><DD Font="normal"><LA Size="normal">entgegen § 24 Abs. 1 eine Auskunft nicht, unrichtig, nicht vollständig oder nicht rechtzeitig erteilt oder Unterlagen nicht, nicht vollständig oder nicht rechtzeitig vorlegt,</LA></DD> <DT>3.</DT><DD Font="normal"><LA Size="normal">eine Meldung nach § 25 Abs. 1 unterläßt oder</LA></DD> <DT>4.</DT><DD Font="normal"><LA Size="normal">eine Ausbildungsveranstaltung nach § 29, zu der er verpflichtet worden ist, verläßt oder ihr fernbleibt und vorsätzlich oder fahrlässig länger als drei volle Kalendertage abwesend ist.</LA></DD> </DL> </P><P>(3) Die Ordnungswidrigkeit kann mit einer Geldbuße geahndet werden.</P><P>(4) Verwaltungsbehörde im Sinne des § 36 Abs. 1 Nr. 1 des Gesetzes über Ordnungswidrigkeiten ist die Agentur für Arbeit.</P><P>(5) Wer eine der in Absatz 1 bezeichneten Handlungen begeht, wird mit Freiheitsstrafe bis zu einem Jahr oder mit Geldstrafe bestraft, wenn die Tat geeignet ist, die Verwirklichung der Ziele, denen die Sicherstellung von Arbeitsleistungen im allgemeinen oder im Einzelfall zu dienen bestimmt ist, merkbar zu beeinträchtigen.</P></Content>  </text><fussnoten/></textdaten></norm>
<norm builddate="20250305223015" doknr="BJNR007870968BJNE004700319"><metadaten><jurabk>ASG</jurabk><enbez>§ 33</enbez></metadaten><textdaten><text format="XML"><Content><P>-</P></Content></text><fussnoten/></textdaten></norm>
<norm builddate="20250305223015" doknr="BJNR007870968BJNE004802126"><metadaten><jurabk>ASG</jurabk><enbez>§ 34</enbez><titel format="XML">Koordinierung und Bedarfsdeckung</titel></metadaten><textdaten><text format="XML"><Content><P>Die Bundesregierung erläßt durch Rechtsverordnung Vorschriften über die Zusammenarbeit der Bundesagentur für Arbeit mit den fachlich zuständigen Bundes- und Landesbehörden bei der Feststellung und Deckung des Arbeitskräftebedarfs. Sie regelt hierbei, wie die zur Verfügung stehenden Arbeitskräfte zu verteilen sind, wenn diese nicht ausreichen, den Bedarf zu decken.</P></Content></text><fussnoten/></textdaten></norm>
<norm builddate="20250305223015" doknr="BJNR007870968BJNE004904126"><metadaten><jurabk>ASG</jurabk><enbez>§ 35</enbez><titel format="XML">Weisungsrecht gegenüber der Bundesagentur für Arbeit</titel></metadaten><textdaten><text format="XML"><Content><P>(1) Das Bundesministerium für Arbeit und Soziales kann zur Durchführung des Gesetzes der Bundesagentur für Arbeit Weisungen erteilen. Es führt insoweit auch die Dienstaufsicht.</P><P>(2) Die Bundesagentur für Arbeit übernimmt die ihr aus der Durchführung dieses Gesetzes entstehenden Kosten. Sie werden ihr vom Bund erstattet.</P></Content></text><fussnoten/></textdaten></norm>
<norm builddate="20250305223015" doknr="BJNR007870968BJNE005000319"><metadaten><jurabk>ASG</jurabk><enbez>§ 36</enbez><titel format="parat">Begriffsbestimmung</titel></metadaten><textdaten><text format="XML"><Content><P>Arbeitnehmer im Sinne dieses Gesetzes sind Arbeiter und Angestellte einschließlich der zu ihrer Berufsausbildung Beschäftigten.</P></Content></text></textdaten></norm>
<norm builddate="20250305223015" doknr="BJNR007870968BJNE005100319"><metadaten><jurabk>ASG</jurabk><enbez>§ 37</enbez><titel format="parat">Öffentlich-rechtliche Dienstverhältnisse</titel></metadaten><textdaten><text format="XML"><Content><P>Soweit nach Artikel 12a Abs. 3 des Grundgesetzes öffentlich-rechtliche Dienstverhältnisse begründet werden können, werden diese nach den Vorschriften geregelt, die für die Dienstverhältnisse im jeweiligen Bereich gelten.</P></Content></text></textdaten></norm>
<norm builddate="20250305223015" doknr="BJNR007870968BJNE005202308"><metadaten><jurabk>ASG</jurabk><enbez>§ 38</enbez><titel format="parat">Rechtsverordnung</titel></metadaten><textdaten><text format="XML"><Content><P>(1) Für Arbeitnehmer bei der Bundeswehr gelten § 7 Abs. 1, § 9 Abs. 1 und 2 und § 32 Abs. 1 Nr. 1 und Abs. 4 mit der Maßgabe, daß an die Stelle der Agentur für Arbeit die vom Bundesministerium der Verteidigung durch Rechtsverordnung bestimmte Stelle tritt.</P><P>(2) Die Rechtsverordnung bedarf nicht der Zustimmung des Bundesrates.</P></Content> </text><fussnoten/></textdaten></norm>
<norm builddate="20250305223015" doknr="BJNR007870968BJNE005300319"><metadaten><jurabk>ASG</jurabk><enbez>§ 39</enbez><titel format="XML">Einschränkung von Grundrechten</titel></metadaten><textdaten><text format="XML"><Content><P>Die Grundrechte der körperlichen Unversehrtheit (Artikel 2 Abs. 2 Satz 1 des Grundgesetzes), der Freiheit der Person (Artikel 2 Abs. 2 Satz 2 des Grundgesetzes), der Freizügigkeit (Artikel 11 Abs. 1 des Grundgesetzes) und der freien Wahl des Arbeitsplatzes (Artikel 12 Abs. 1 des Grundgesetzes) werden nach Maßgabe dieses Gesetzes eingeschränkt.</P></Content></text></textdaten></norm>
<norm builddate="20250305223015" doknr="BJNR007870968BJNE005400319"><metadaten><jurabk>ASG</jurabk><enbez>§ 40</enbez><titel format="parat">Inkrafttreten</titel></metadaten><textdaten><text format="XML"><Content><P>Dieses Gesetz tritt am Tage nach seiner Verkündung in Kraft.</P></Content></text></textdaten></norm>
</dokumente>