<?xml version="1.0" encoding="UTF-8" ?><!DOCTYPE dokumente SYSTEM "http://www.gesetze-im-internet.de/dtd/1.01/gii-norm.dtd">
<dokumente builddate="20240424214523" doknr="BJNR509100994"><norm builddate="20240424214523" doknr="BJNR509100994"><metadaten><jurabk>LuftVODV 145</jurabk><ausfertigung-datum manuell="ja">1994-04-25</ausfertigung-datum><fundstelle typ="amtlich"><periodikum>BAnz</periodikum><zitstelle>1994, Nr 91, 5121</zitstelle></fundstelle><fundstelle typ="amtlich"><periodikum>BAnz</periodikum><zitstelle>1994, 5121</zitstelle></fundstelle><langue>Hundertfünfundvierzigste Durchführungsverordnung zur Luftverkehrs-Ordnung (Festlegung von Flugverfahren für An- und Abflüge nach Instrumentenflugregeln zum und vom Verkehrsflughafen Frankfurt-Hahn)</langue></metadaten><textdaten><text format="decorated"/><fussnoten><Content><P>Wegen nicht darstellbarer Zeichen nur mit Überschrift aufgenommen. <BR/>Überschrift: IdF d. Art. 1 V v. 10.12.2001, 2002 BAnz Nr. 14, 1041</P></Content></fussnoten></textdaten></norm>
</dokumente>