<?xml version="1.0" encoding="UTF-8" ?><!DOCTYPE dokumente SYSTEM "http://www.gesetze-im-internet.de/dtd/1.01/gii-norm.dtd">
<dokumente builddate="20250305223025" doknr="BJNR026610021"><norm builddate="20250305223025" doknr="BJNR026610021"><metadaten><jurabk>HdlDlStatG</jurabk><amtabk>HdlDlStatG</amtabk><ausfertigung-datum manuell="ja">2021-02-22</ausfertigung-datum><fundstelle typ="amtlich"><periodikum>BGBl I</periodikum><zitstelle>2021, 266</zitstelle></fundstelle><kurzue>Handels- und Dienstleistungsstatistikgesetz</kurzue><langue>Gesetz über die Statistik im Handels- und Dienstleistungsbereich</langue><standangabe checked="ja"><standtyp>Stand</standtyp><standkommentar>Zuletzt geändert durch Art. 2 G v. 27.2.2025 I Nr. 71</standkommentar></standangabe></metadaten><textdaten><fussnoten><Content><P><BR/> <pre xml:space="preserve">(+++ Textnachweis ab: 4.3.2021 +++)<BR/><BR/></pre>Das G wurde als Artikel 1 des G v. 22.2.2021 I 266 vom Bundestag beschlossen. Es ist gem. Art. 10 Abs. 1 Satz 1 dieses G am 4.3.2021 in Kraft getreten. <BR/></P></Content></fussnoten></textdaten></norm>
<norm builddate="20250305223025" doknr="BJNR026610021BJNG000100000"><metadaten><jurabk>HdlDlStatG</jurabk><gliederungseinheit><gliederungskennzahl>010</gliederungskennzahl><gliederungsbez>Abschnitt 1</gliederungsbez><gliederungstitel>Allgemeines</gliederungstitel></gliederungseinheit></metadaten><textdaten/></norm>
<norm builddate="20250305223025" doknr="BJNR026610021BJNE000100000"><metadaten><jurabk>HdlDlStatG</jurabk><enbez>§ 1</enbez><titel format="XML">Zweck der Statistik, Anordnung als Bundesstatistik</titel></metadaten><textdaten><text format="XML"><Content><P>(1) Die in diesem Gesetz geregelten statistische Erhebungen dienen <DL Type="arabic"><DT>1.</DT><DD Font="normal"><LA>der Darstellung der Struktur und der Entwicklung im Handel und im Dienstleistungsbereich und der Ermittlung ihrer wirtschaftlichen Bedeutung sowie</LA></DD><DT>2.</DT><DD Font="normal"><LA>der Erfüllung von Berichtspflichten nach dem Recht der Europäischen Union.</LA></DD></DL></P><P>(2) Die statistischen Erhebungen werden als Bundesstatistik durchgeführt.</P></Content></text></textdaten></norm>
<norm builddate="20250305223025" doknr="BJNR026610021BJNE000200000"><metadaten><jurabk>HdlDlStatG</jurabk><enbez>§ 2</enbez><titel format="XML">Begriffsbestimmungen</titel></metadaten><textdaten><text format="XML"><Content><P>Im Sinne dieses Gesetzes sind <DL Font="normal" Type="arabic"><DT>1.</DT><DD Font="normal"><LA Size="normal">„rechtliche Einheiten” solche des Abschnitts II Buchstabe A Nummer 3 des Anhangs zur Verordnung (EWG) Nr. 696/93 des Rates vom 15. März 1993 betreffend die statistischen Einheiten für die Beobachtung und Analyse der Wirtschaft in der Gemeinschaft (ABl. L 76 vom 30.3.1993, S. 1), die zuletzt durch die Verordnung (EG) Nr. 1137/2008 (ABl. L 311 vom 21.11.2008, S. 1) geändert worden ist, in der jeweils geltenden Fassung sowie Einrichtungen zur Ausübung einer freiberuflichen Tätigkeit;</LA></DD><DT>2.</DT><DD Font="normal"><LA Size="normal">„Marktproduzenten” solche des Kapitels 3 Nummer 3.24 des Anhangs A zur Verordnung (EU) Nr. 549/2013 des Europäischen Parlaments und des Rates vom 21. Mai 2013 zum Europäischen System Volkswirtschaftlicher Gesamtrechnungen auf nationaler und regionaler Ebene in der Europäischen Union (ABl. L 174 vom 26.6.2013, S. 1), die zuletzt durch die Delegierte Verordnung (EU) 2015/1342 (ABl. L 207 vom 4.8.2015, S. 35) geändert worden ist, in der jeweils geltenden Fassung;</LA></DD><DT>3.</DT><DD Font="normal"><LA Size="normal">„Umsätze” solche der Variable 140301 des Anhangs IV zur Durchführungsverordnung (EU) <NB>2020/1197</NB> der Kommission vom 30. Juli 2020 zur Festlegung technischer Spezifikationen und Einzelheiten nach der Verordnung (EU) 2019/2152 des Europäischen Parlaments und des Rates über europäische Unternehmensstatistiken, zur Aufhebung von zehn Rechtsakten im Bereich Unternehmensstatistiken (ABl. L 271 vom 18.8.2020, S. 1) in der jeweils geltenden Fassung;</LA></DD><DT>4.</DT><DD Font="normal"><LA Size="normal">„tätige Personen” solche der Variable 120101 des Anhangs IV zur Durchführungsverordnung (EU) 2020/1197 der Kommission vom 30. Juli 2020 zur Festlegung technischer Spezifikationen und Einzelheiten nach der Verordnung (EU) 2019/2152 des Europäischen Parlaments und des Rates über europäische Unternehmensstatistiken, zur Aufhebung von zehn Rechtsakten im Bereich Unternehmensstatistiken (ABl. L 271 vom 18.8.2020, S. 1) in der jeweils geltenden Fassung;</LA></DD><DT>5.</DT><DD Font="normal"><LA Size="normal">„Wirtschaftszweige” solche nach der Untergliederung gemäß NACE Rev. 2 des Anhangs I zur Verordnung (EG) Nr. 1893/2006 des Europäischen Parlaments und des Rates vom 20. Dezember 2006 zur Aufstellung der statistischen Systematik der Wirtschaftszweige NACE Revision 2 und zur Änderung der Verordnung (EWG) Nr. 3037/90 des Rates sowie einiger Verordnungen der EG über bestimmte Bereiche der Statistik (ABl. L 393 vom 30.12.2006, <NB>S. 1),</NB> die zuletzt durch die Verordnung (EU) <NB>2019/1243</NB> (ABl. L 198 vom 25.7.2019, S. 241) geändert worden ist, in der jeweils geltenden Fassung sowie in Verbindung mit der vom Statistischen Bundesamt daraus erstellten Klassifikation der Wirtschaftszweige in der jeweils geltenden Fassung;</LA></DD><DT>6.</DT><DD Font="normal"><LA Size="normal">„Geschäftsfelder” fachliche Einheiten entsprechend Abschnitt III Buchstabe D des Anhangs zur Verordnung (EWG) Nr. 696/93, in der jeweils geltenden Fassung, jedoch innerhalb rechtlicher Einheiten.</LA></DD></DL></P></Content></text></textdaten></norm>
<norm builddate="20250305223025" doknr="BJNR026610021BJNE000300000"><metadaten><jurabk>HdlDlStatG</jurabk><enbez>§ 3</enbez><titel format="XML">Erhebungseinheiten, Erhebungsbereiche</titel></metadaten><textdaten><text format="XML"><Content><P>(1) Erhebungseinheiten sind rechtliche Einheiten, sofern es sich um Marktproduzenten handelt.</P><P>(2) Die Erhebungen erstrecken sich auf Erhebungseinheiten der folgenden Wirtschaftszweige: <DL Type="arabic"><DT>1.</DT><DD Font="normal"><LA>für konjunkturstatistische Erhebungen: <DL Indent="5.5" Type="alpha"><DT>a)</DT><DD Font="normal"><LA>Abschnitt G − Handel; Instandhaltung und Reparatur von Kraftfahrzeugen <DL Type="a-alpha"><DT>aa)</DT><DD Font="normal"><LA>Abteilung 45, mit mindestens 11 Millionen Euro Jahresumsatz oder mindestens 250 tätigen Personen,</LA></DD><DT>bb)</DT><DD Font="normal"><LA>Abteilung 46, mit mindestens 20 Millionen Euro Jahresumsatz oder mindestens 100 tätigen Personen,</LA></DD><DT>cc)</DT><DD Font="normal"><LA>Abteilung 47, mit mindestens 450 000 Euro Jahresumsatz,</LA></DD></DL></LA></DD><DT>b)</DT><DD Font="normal"><LA>Abschnitt H − Verkehr und Lagerei mit mindestens 15 Millionen Euro Jahresumsatz oder mindestens 250 tätigen Personen,</LA></DD><DT>c)</DT><DD Font="normal"><LA>Abschnitt I − Gastgewerbe mit mindestens 165 000 Euro Jahresumsatz,</LA></DD><DT>d)</DT><DD Font="normal"><LA>Abschnitt J − Information und Kommunikation mit mindestens 15 Millionen Euro Jahresumsatz oder mindestens 250 tätigen Personen,</LA></DD><DT>e)</DT><DD Font="normal"><LA>Abschnitt L − Grundstücks- und Wohnungswesen mit mindestens 15 Millionen Euro Jahresumsatz oder mindestens 250 tätigen Personen,</LA></DD><DT>f)</DT><DD Font="normal"><LA>Abschnitt M – Erbringung von freiberuflichen, wissenschaftlichen und technischen Dienstleistungen mit Ausnahme der Gruppe 70.1 – Verwaltung und Führung von Unternehmen und Betrieben – und der Abteilungen 72 – Forschung und Entwicklung und 75 – Veterinärwesen mit mindestens 15 Millionen Euro Jahresumsatz oder mindestens 250 tätigen Personen sowie</LA></DD><DT>g)</DT><DD Font="normal"><LA>Abschnitt N – Erbringung von sonstigen wirtschaftlichen Dienstleistungen mit mindestens 15 Millionen Euro Jahresumsatz oder mindestens 250 tätigen Personen;</LA></DD></DL></LA></DD><DT>2.</DT><DD Font="normal"><LA>für strukturstatistische Erhebungen: <DL Indent="5.5" Type="alpha"><DT>a)</DT><DD Font="normal"><LA>Abschnitt G – Handel; Instandhaltung und Reparatur von Kraftfahrzeugen,</LA></DD><DT>b)</DT><DD Font="normal"><LA>Abschnitt H − Verkehr und Lagerei,</LA></DD><DT>c)</DT><DD Font="normal"><LA>Abschnitt I – Gastgewerbe,</LA></DD><DT>d)</DT><DD Font="normal"><LA>Abschnitt J – Information und Kommunikation,</LA></DD><DT>e)</DT><DD Font="normal"><LA>Abschnitt K, Gruppe 66.2 – Mit Versicherungsdienstleistungen und Pensionskassen verbundene Tätigkeiten,</LA></DD><DT>f)</DT><DD Font="normal"><LA>Abschnitt L – Grundstücks- und Wohnungswesen,</LA></DD><DT>g)</DT><DD Font="normal"><LA>Abschnitt M – Erbringung von freiberuflichen, wissenschaftlichen und technischen Dienstleistungen,</LA></DD><DT>h)</DT><DD Font="normal"><LA>Abschnitt N – Erbringung von sonstigen wirtschaftlichen Dienstleistungen,</LA></DD><DT>i)</DT><DD Font="normal"><LA>Abschnitt P – Erziehung und Unterricht,</LA></DD><DT>j)</DT><DD Font="normal"><LA>Abschnitt Q – Gesundheits- und Sozialwesen mit Ausnahme der Gruppe 86.2 – Arzt- und Zahnarztpraxen – und der Unterklasse 86.90.1 – Praxen von psychologischen Psychotherapeutinnen und -therapeuten –,</LA></DD><DT>k)</DT><DD Font="normal"><LA>Abschnitt R – Kunst, Unterhaltung und Erholung,</LA></DD><DT>l)</DT><DD Font="normal"><LA>Abschnitt S, Abteilung 95 – Reparatur von Datenverarbeitungsgeräten und Gebrauchsgütern sowie</LA></DD><DT>m)</DT><DD Font="normal"><LA>Abschnitt S, Abteilung 96 – Erbringung von sonstigen überwiegend persönlichen Dienstleistungen.</LA></DD></DL></LA></DD></DL></P></Content></text></textdaten></norm>
<norm builddate="20250305223025" doknr="BJNR026610021BJNG000200000"><metadaten><jurabk>HdlDlStatG</jurabk><gliederungseinheit><gliederungskennzahl>020</gliederungskennzahl><gliederungsbez>Abschnitt 2</gliederungsbez><gliederungstitel>Konjunkturstatistische Erhebungen</gliederungstitel></gliederungseinheit></metadaten><textdaten/></norm>
<norm builddate="20250305223025" doknr="BJNR026610021BJNE000400000"><metadaten><jurabk>HdlDlStatG</jurabk><enbez>§ 4</enbez><titel format="XML">Periodizität und Berichtszeitraum bei konjunkturstatistischen Erhebungen</titel></metadaten><textdaten><text format="XML"><Content><P>(1) Die konjunkturstatistischen Erhebungen werden monatlich durchgeführt.</P><P>(2) Berichtszeitraum für die Erhebungen ist der Kalendermonat.</P><P>(3) Erster Berichtsmonat für die Erhebungen ist der Januar 2021.</P></Content></text></textdaten></norm>
<norm builddate="20250305223025" doknr="BJNR026610021BJNE000500000"><metadaten><jurabk>HdlDlStatG</jurabk><enbez>§ 5</enbez><titel format="XML">Art und Umfang der konjunkturstatistischen Erhebungen</titel></metadaten><textdaten><text format="XML"><Content><P>(1) Die konjunkturstatistischen Erhebungen werden als Stichprobenerhebungen durchgeführt. Die Erhebungseinheiten werden nach mathematisch-statistischen Verfahren ausgewählt.</P><P>(2) Die Erhebungen werden bei höchstens 45 Prozent der in § 3 Absatz 2 Nummer 1 genannten Erhebungseinheiten durchgeführt.</P><P>(3) Maßgebend für die Auswahl der einzubeziehenden Erhebungseinheiten sind die Daten, die im Statistikregister nach § 13 Absatz 1 des Bundesstatistikgesetzes zum Zeitpunkt der Auswahl gespeichert sind.</P></Content></text></textdaten></norm>
<norm builddate="20250305223025" doknr="BJNR026610021BJNE000601125"><metadaten><jurabk>HdlDlStatG</jurabk><enbez>§ 6</enbez><titel format="XML">Erhebungsmerkmale für konjunkturstatistische Erhebungen</titel></metadaten><textdaten><text format="XML"><Content><P>(1) Erhebungsmerkmale für konjunkturstatistische Erhebungen sind: <DL Type="arabic"><DT>1.</DT><DD Font="normal"><LA>Umsatz der Erhebungseinheit im Berichtsmonat insgesamt sowie im Handels- und Dienstleistungsbereich gegliedert nach Bundesländern,</LA></DD><DT>2.</DT><DD Font="normal"><LA>Zahl der tätigen Personen der Erhebungseinheit am Ende des Berichtsmonats nach Art der Tätigkeit gegliedert nach Bundesländern,</LA></DD><DT>3.</DT><DD Font="normal"><LA>Bezeichnung und Wirtschaftszweignummer der wirtschaftlichen Tätigkeit der Erhebungseinheit gemäß der Klassifikation der Wirtschaftszweige. Erzielt eine Erhebungseinheit mit Handel und Dienstleistungen weniger als 50 Prozent ihres Umsatzes, werden die Angaben zu Satz 1 Nummer 3 zu der Tätigkeit erhoben, in der diese Einheit ihren wirtschaftlichen Schwerpunkt hat.</LA></DD></DL>Bei Erhebungseinheiten, die einen Jahresumsatz von mindestens 250 Millionen Euro erzielen, werden die Angaben nach Satz 1 jeweils für die drei größten Geschäftsfelder im Handels- und Dienstleistungsbereich erhoben, die ihrerseits einen Jahresumsatz von mindestens 125 Millionen Euro aufweisen. Die Angaben nach Satz 1 Nummer 1 und 2 für weitere Geschäftsfelder im Handels- und Dienstleistungsbereich sind zusammengefasst anzugeben. Die Angabe nach Satz 1 Nummer 3 ist auf das größte der zusammengefassten Geschäftsfelder zu beziehen.</P><P>(2) Bei Erhebungseinheiten, die erstmals in den Erhebungsbereich nach § 3 Absatz 2 Nummer 1 fallen, wird bei der ersten Erhebung zusätzlich Folgendes erhoben: <DL Type="arabic"><DT>1.</DT><DD Font="normal"><LA>Jahresumsatz des Vorjahres,</LA></DD><DT>2.</DT><DD Font="normal"><LA>Zahl der tätigen Personen am 30. September des Vorjahres und</LA></DD><DT>3.</DT><DD Font="normal"><LA>Bundesländer, in denen die Erhebungseinheiten Niederlassungen haben.</LA></DD></DL>Absatz 1 Satz 2 und 3 gilt entsprechend. Erzielen Erhebungseinheiten erstmals einen Jahresumsatz von 250 Millionen Euro, werden einmalig die Angaben nach Satz 1 gegliedert nach Geschäftsfeldern gemäß Absatz 1 Satz 2 und 3 erhoben. Bei Erhebungseinheiten, die einen Jahresumsatz von mindestens 250 Millionen Euro erzielen und die zum Zeitpunkt des Inkrafttretens dieses Gesetzes bereits nach § 3 Absatz 1 Nummer 1 des Handelsstatistikgesetzes oder nach § 3 Absatz 2 des Dienstleistungskonjunkturstatistikgesetzes auskunftspflichtig sind, werden ausschließlich die Angaben nach Absatz 1 Satz 1 Nummer 1 und 2 gegliedert nach Geschäftsfeldern gemäß Absatz 1 Satz 2 und 3 erhoben.</P></Content></text><fussnoten/></textdaten></norm>
<norm builddate="20250305223025" doknr="BJNR026610021BJNG000300000"><metadaten><jurabk>HdlDlStatG</jurabk><gliederungseinheit><gliederungskennzahl>030</gliederungskennzahl><gliederungsbez>Abschnitt 3</gliederungsbez><gliederungstitel>Strukturstatistische Erhebungen</gliederungstitel></gliederungseinheit></metadaten><textdaten/></norm>
<norm builddate="20250305223025" doknr="BJNR026610021BJNE000700000"><metadaten><jurabk>HdlDlStatG</jurabk><enbez>§ 7</enbez><titel format="XML">Periodizität und Berichtszeitraum bei strukturstatistischen Erhebungen</titel></metadaten><textdaten><text format="XML"><Content><P>(1) Die strukturstatistischen Erhebungen werden jährlich durchgeführt.</P><P>(2) Berichtszeitraum für die Erhebungen ist das Kalenderjahr oder das im Kalenderjahr abgelaufene Geschäftsjahr.</P><P>(3) Erstes Berichtsjahr für die Erhebungen ist das Jahr 2021.</P></Content></text></textdaten></norm>
<norm builddate="20250305223025" doknr="BJNR026610021BJNE000800000"><metadaten><jurabk>HdlDlStatG</jurabk><enbez>§ 8</enbez><titel format="XML">Art und Umfang der strukturstatistischen Erhebungen</titel></metadaten><textdaten><text format="XML"><Content><P>(1) Die strukturstatistischen Erhebungen werden als Stichprobenerhebungen durchgeführt. Die Erhebungseinheiten werden nach mathematisch-statistischen Verfahren ausgewählt.</P><P>(2) Die Erhebungen werden bei höchstens 10 Prozent der in § 3 Absatz 2 Nummer 2 genannten Erhebungseinheiten durchgeführt.</P><P>(3) Maßgebend für die Auswahl der einzubeziehenden Erhebungseinheiten sind die Daten, die im Statistikregister nach § 13 Absatz 1 des Bundesstatistikgesetzes zum Zeitpunkt der Auswahl gespeichert sind.</P></Content></text></textdaten></norm>
<norm builddate="20250305223025" doknr="BJNR026610021BJNE000901360"><metadaten><jurabk>HdlDlStatG</jurabk><enbez>§ 9</enbez><titel format="XML">Erhebungsmerkmale für strukturstatistische Erhebungen</titel></metadaten><textdaten><text format="XML"><Content><P>(1) Erhebungsmerkmale für die strukturstatistischen Erhebungen sind: <DL Font="normal" Type="arabic"><DT>1.</DT><DD Font="normal"><LA Size="normal">Angaben zur Kennzeichnung der Erhebungseinheit: <DL Font="normal" Type="alpha"><DT>a)</DT><DD Font="normal"><LA Size="normal">hauptsächlich ausgeübte wirtschaftliche Tätigkeit nach dem Stand vom 31. Dezember,</LA></DD><DT>b)</DT><DD Font="normal"><LA Size="normal">Zahl der Niederlassungen nach dem Stand vom 31. Dezember;</LA></DD></DL></LA></DD><DT>2.</DT><DD Font="normal"><LA Size="normal">Zahl der tätigen Personen sowie Personalaufwand: <DL Font="normal" Type="alpha"><DT>a)</DT><DD Font="normal"><LA Size="normal">Zahl der tätigen Personen nach Stellung im Beruf sowie nach Voll- und Teilzeittätigkeit jeweils nach dem Stand vom 30. September,</LA></DD><DT>b)</DT><DD Font="normal"><LA Size="normal">Summe der Bruttolöhne und -gehälter,</LA></DD><DT>c)</DT><DD Font="normal"><LA Size="normal">gesetzliche und übrige Sozialaufwendungen der Arbeitgeber;</LA></DD></DL></LA></DD><DT>3.</DT><DD Font="normal"><LA Size="normal">Umsätze, Vorleistungen sowie Steuern und Subventionen: <DL Font="normal" Type="alpha"><DT>a)</DT><DD Font="normal"><LA Size="normal">Umsätze oder Einnahmen nach In- und Ausland und sonstige betriebliche Erträge, für Erhebungseinheiten der Wirtschaftszweige des Abschnitts G auch Verkaufserlöse aus Sachanlagen,</LA></DD><DT>b)</DT><DD Font="normal"><LA Size="normal">Auslandsumsätze oder -einnahmen nach Sitz des Auftraggebers innerhalb und außerhalb der Europäischen Union,</LA></DD><DT>c)</DT><DD Font="normal"><LA Size="normal">Umsätze oder Einnahmen nach Art der Dienstleistung,</LA></DD><DT>d)</DT><DD Font="normal"><LA Size="normal">Umsätze nach Art der Tätigkeit,</LA></DD><DT>e)</DT><DD Font="normal"><LA Size="normal">Handelsumsätze nach Produktarten,</LA></DD><DT>f)</DT><DD Font="normal"><LA Size="normal">Aufwendungen nach Arten,</LA></DD><DT>g)</DT><DD Font="normal"><LA Size="normal">Wert der Bestände nach Arten zu Beginn und zum Ende des Berichtsjahres,</LA></DD><DT>h)</DT><DD Font="normal"><LA Size="normal">Aufwendungen für Mieten, Pachten und Leasing,</LA></DD><DT>i)</DT><DD Font="normal"><LA Size="normal">Steuern, Abgaben und Subventionen;</LA></DD></DL></LA></DD><DT>4.</DT><DD Font="normal"><LA Size="normal">Investitionen: <DL Font="normal" Type="alpha"><DT>a)</DT><DD Font="normal"><LA Size="normal">Bruttoinvestitionen in Sachanlagen und immaterielle Vermögensgegenstände nach Arten,</LA></DD><DT>b)</DT><DD Font="normal"><LA Size="normal">Wert der selbst erstellten Sachanlagen und immateriellen Vermögensgegenstände.</LA></DD></DL></LA></DD></DL></P><P>(2) Bei Erhebungseinheiten mit Umsätzen oder Einnahmen von weniger als 300 000 Euro im Berichtsjahr werden die Angaben nach Absatz 1 Nummer 2 Buchstabe a nur nach Stellung im Beruf erhoben und die Angaben nach Absatz 1 Nummer 2 Buchstabe c, Nummer 3 Buchstabe a, f und g sowie Nummer 4 jeweils nur als Summe erfasst. Abweichend von Absatz 1 werden bei Erhebungseinheiten der Wirtschaftszweige aus den Abschnitten G und I die Angaben zu Umsatz oder Einnahmen nach Absatz 1 Nummer 3 Buchstabe a nicht nach In- und Ausland differenziert.</P><P>(3) Bei Erhebungseinheiten mit Niederlassungen in mehreren Bundesländern und Umsätzen oder Einnahmen von 300 000 Euro und mehr im Berichtsjahr werden folgende Angaben zusätzlich unterteilt nach Bundesländern erfasst: <DL Font="normal" Type="arabic"><DT>1.</DT><DD Font="normal"><LA Size="normal">Gesamtumsätze oder -einnahmen,</LA></DD><DT>2.</DT><DD Font="normal"><LA Size="normal">Gesamtzahl der tätigen Personen,</LA></DD><DT>3.</DT><DD Font="normal"><LA Size="normal">Summe der Bruttolöhne und -gehälter sowie</LA></DD><DT>4.</DT><DD Font="normal"><LA Size="normal">gesamte Investitionen.</LA></DD></DL></P><P>(4) Die Angaben nach Absatz 1 Nummer 3 Buchstabe b und c werden nur bei Erhebungseinheiten mit 20 und mehr tätigen Personen wie folgt erfasst: <DL Font="normal" Type="arabic"><DT>1.</DT><DD Font="normal"><LA Size="normal">jährlich für die Wirtschaftszweige <DL Font="normal" Type="alpha"><DT>a)</DT><DD Font="normal"><LA Size="normal">des Abschnitts J, Gruppe 58.2 – Verlegen von Software,</LA></DD><DT>b)</DT><DD Font="normal"><LA Size="normal">des Abschnitts J, Abteilung 62 – Erbringung von Dienstleistungen der Informationstechnologie,</LA></DD><DT>c)</DT><DD Font="normal"><LA Size="normal">des Abschnitts J, Gruppe 63.1 – Datenverarbeitung, Hosting und damit verbundene Tätigkeiten; Webportale,</LA></DD><DT>d)</DT><DD Font="normal"><LA Size="normal">des Abschnitts M, Gruppe 73.1 – Werbung,</LA></DD><DT>e)</DT><DD Font="normal"><LA Size="normal">des Abschnitts N, Abteilung 78 – Vermittlung und Überlassung von Arbeitskräften;</LA></DD></DL></LA></DD><DT>2.</DT><DD Font="normal"><LA Size="normal">alle zwei Jahre, beginnend mit dem Berichtsjahr 2021 für die Wirtschaftszweige <DL Font="normal" Type="alpha"><DT>a)</DT><DD Font="normal"><LA Size="normal">des Abschnitts M, Gruppe 71.1 – Architektur- und Ingenieurbüros,</LA></DD><DT>b)</DT><DD Font="normal"><LA Size="normal">des Abschnitts M, Gruppe 71.2 – Technische, physikalische und chemische Untersuchung,</LA></DD><DT>c)</DT><DD Font="normal"><LA Size="normal">des Abschnitts M, Gruppe 73.2 – Markt- und Meinungsforschung;</LA></DD></DL></LA></DD><DT>3.</DT><DD Font="normal"><LA Size="normal">alle zwei Jahre, beginnend mit dem Berichtsjahr 2022 für die Wirtschaftszweige <DL Font="normal" Type="alpha"><DT>a)</DT><DD Font="normal"><LA Size="normal">des Abschnitts M, Gruppe 69.1 – Rechtsberatung,</LA></DD><DT>b)</DT><DD Font="normal"><LA Size="normal">des Abschnitts M, Gruppe 69.2 – Wirtschaftsprüfung und Steuerberatung; Buchführung,</LA></DD><DT>c)</DT><DD Font="normal"><LA Size="normal">des Abschnitts M, Gruppe 70.2 – Public-<NB>Relations-</NB> und Unternehmensberatung.</LA></DD></DL></LA></DD></DL></P><P>(5) Die Angaben nach Absatz 1 Nummer 3 Buchstabe d werden nur für Erhebungseinheiten der Wirtschaftszweige der Abschnitte G und I erfasst. Die Angaben nach Absatz 1 Nummer 3 Buchstabe e werden nur für Erhebungseinheiten des Abschnitts G erfasst.</P></Content></text><fussnoten/></textdaten></norm>
<norm builddate="20250305223025" doknr="BJNR026610021BJNG000400000"><metadaten><jurabk>HdlDlStatG</jurabk><gliederungseinheit><gliederungskennzahl>040</gliederungskennzahl><gliederungsbez>Abschnitt 4</gliederungsbez><gliederungstitel>Übergreifende Vorschriften</gliederungstitel></gliederungseinheit></metadaten><textdaten/></norm>
<norm builddate="20250305223025" doknr="BJNR026610021BJNE001000000"><metadaten><jurabk>HdlDlStatG</jurabk><enbez>§ 10</enbez><titel format="XML">Hilfsmerkmale</titel></metadaten><textdaten><text format="XML"><Content><P>Hilfsmerkmale sind: <DL Type="arabic"><DT>1.</DT><DD Font="normal"><LA>Name und Anschrift der Erhebungseinheit,</LA></DD><DT>2.</DT><DD Font="normal"><LA>Name und Kontaktdaten der Personen, die für Rückfragen zur Verfügung stehen,</LA></DD><DT>3.</DT><DD Font="normal"><LA>für die konjunkturstatistischen Erhebungen, mit Ausnahme der Erhebungseinheiten der Wirtschaftszweige der Abteilung 47 in Abschnitt G und des Abschnitts I, zusätzlich Steuernummer der Erhebungseinheit und des Organträgers der Erhebungseinheit, bei Änderungen auch die bisherige Steuernummer.</LA></DD></DL></P></Content></text></textdaten></norm>
<norm builddate="20250305223025" doknr="BJNR026610021BJNE001100000"><metadaten><jurabk>HdlDlStatG</jurabk><enbez>§ 11</enbez><titel format="XML">Auskunftspflicht</titel></metadaten><textdaten><text format="XML"><Content><P>(1) Für die Erhebungen besteht Auskunftspflicht. Auskunftspflichtig sind die Inhaber und Inhaberinnen oder Leiter und Leiterinnen der Erhebungseinheiten. Die Auskunftserteilung zu den Angaben nach § 10 Nummer 2 ist freiwillig.</P><P>(2) Die Auskunftspflicht erstreckt sich bei erstmaliger Heranziehung bei den konjunkturstatistischen Erhebungen auch auf abgelaufene Berichtszeiträume des Kalenderjahres.</P><P>(3) Für Erhebungseinheiten, deren Inhaber oder Inhaberinnen Existenzgründer oder Existenzgründerinnen sind, besteht im Kalenderjahr der Betriebseröffnung abweichend von Absatz 1 Satz 1 und 2 keine Auskunftspflicht. Zudem besteht in den beiden folgenden Kalenderjahren dann keine Auskunftspflicht, wenn die Erhebungseinheit im letzten abgeschlossenen Geschäftsjahr Umsätze in Höhe von weniger als 800 000 Euro erwirtschaftet hat. Gesellschaften können sich auf die Befreiung von der Auskunftspflicht berufen, wenn alle an der Gesellschaft Beteiligten Existenzgründer oder Existenzgründerinnen sind.</P><P>(4) Existenzgründer und Existenzgründerinnen im Sinne von Absatz 3 sind natürliche Personen, die aus abhängiger Beschäftigung oder aus der Nichtbeschäftigung heraus eine gewerbliche oder freiberufliche Tätigkeit aufnehmen in Form <DL Type="arabic"><DT>1.</DT><DD Font="normal"><LA>einer Neugründung,</LA></DD><DT>2.</DT><DD Font="normal"><LA>einer Übernahme oder</LA></DD><DT>3.</DT><DD Font="normal"><LA>einer tätigen Beteiligung.</LA></DD></DL></P></Content></text></textdaten></norm>
<norm builddate="20250305223025" doknr="BJNR026610021BJNE001200000"><metadaten><jurabk>HdlDlStatG</jurabk><enbez>§ 12</enbez><titel format="XML">Nutzung von Angaben der Krankenhausstatistik-Verordnung</titel></metadaten><textdaten><text format="XML"><Content><P>Soweit Erhebungsmerkmale nach § 9 Absatz 1 für Erhebungseinheiten aus der Gruppe 86.1 – Krankenhäuser – bereits auf Grund der Erhebung nach der Krankenhausstatistik-Verordnung vorliegen, entfällt die Pflicht der Erhebungseinheiten zur Übermittlung dieser Angaben. Stattdessen sind die bereits im Rahmen der Krankenhausstatistik-Verordnung gemachten Einzelangaben für Zwecke der strukturstatistischen Erhebungen zu nutzen. Für alle anderen Erhebungsmerkmale, die nicht bereits auf Grund der Erhebung im Rahmen der Krankenhausstatistik-Verordnung vorliegen, besteht die Auskunftspflicht der Erhebungseinheiten fort.</P></Content></text></textdaten></norm>
<norm builddate="20250305223025" doknr="BJNR026610021BJNE001300000"><metadaten><jurabk>HdlDlStatG</jurabk><enbez>§ 13</enbez><titel format="XML">Nutzung der Daten für Zwecke der Preisstatistik</titel></metadaten><textdaten><text format="XML"><Content><P>(1) Die Erhebungsmerkmale nach § 9 Absatz 1 Nummer 1 Buchstabe a, Nummer 2 Buchstabe a und Nummer 3 Buchstabe a und c dürfen verwendet werden für die Auswahl von Erhebungseinheiten für die Statistik der Erzeugerpreise für Dienstleistungen nach § 2 Nummer 2 bis 4 des Gesetzes über die Preisstatistik in der im Bundesgesetzblatt Teil III, Gliederungsnummer 720-9, veröffentlichten bereinigten Fassung, das zuletzt durch Artikel 1 des Gesetzes vom 10. Dezember 2019 (BGBl. I S. 2117) geändert worden ist.</P><P>(2) Die Erhebungsmerkmale nach § 9 Absatz 1 Nummer 1 Buchstabe a und Nummer 3 Buchstabe a, d und e dürfen verwendet werden für <DL Type="arabic"><DT>1.</DT><DD Font="normal"><LA>die Auswahl von Erhebungseinheiten und</LA></DD><DT>2.</DT><DD Font="normal"><LA>die Ermittlung und Nutzung von Gewichten für die Ableitung von Wägungsschemata für <DL Type="alpha"><DT>a)</DT><DD Font="normal"><LA>die Statistik der Großhandelsverkaufspreise nach § 2 Nummer 1 des Gesetzes über die Preisstatistik und</LA></DD><DT>b)</DT><DD Font="normal"><LA>die Statistik der Einzelhandelspreise, Werk- und Dienstleistungspreise, Verkehrsleistungspreise und Mieten auf Verbraucherebene nach § 2 Nummer 1 bis 4 des Gesetzes über die Preisstatistik.</LA></DD></DL>Für die in Satz 1 Nummer 2 Buchstabe b genannte Statistik dürfen zusätzlich die Erhebungsmerkmale nach § 9 Absatz 1 Nummer 1 Buchstabe b und Nummer 3 Buchstabe c verwendet werden.</LA></DD></DL></P></Content></text></textdaten></norm>
<norm builddate="20250305223025" doknr="BJNR026610021BJNE001400000"><metadaten><jurabk>HdlDlStatG</jurabk><enbez>§ 14</enbez><titel format="XML">Übermittlungsregelung</titel></metadaten><textdaten><text format="XML"><Content><P>Das Statistische Bundesamt und die statistischen Ämter der Länder dürfen den obersten Bundes- und Landesbehörden für die Verwendung gegenüber den gesetzgebenden Körperschaften und für Zwecke der Planung Tabellen mit statistischen Ergebnissen übermitteln, auch soweit Tabellenfelder nur einen einzigen Fall ausweisen. Für die Regelung von Einzelfällen dürfen keine Tabellen übermittelt werden.</P></Content></text></textdaten></norm>
<norm builddate="20250305223025" doknr="BJNR026610021BJNE001500000"><metadaten><jurabk>HdlDlStatG</jurabk><enbez>§ 15</enbez><titel format="XML">Durchführung</titel></metadaten><textdaten><text format="XML"><Content><P>Die Angaben zu den konjunktur- und strukturstatistischen Erhebungen im Wirtschaftszweig 46 werden vom Statistischen Bundesamt erhoben und aufbereitet.</P></Content></text></textdaten></norm>
<norm builddate="20250305223025" doknr="BJNR026610021BJNG000500000"><metadaten><jurabk>HdlDlStatG</jurabk><gliederungseinheit><gliederungskennzahl>050</gliederungskennzahl><gliederungsbez>Abschnitt 5</gliederungsbez><gliederungstitel>Schlussbestimmungen</gliederungstitel></gliederungseinheit></metadaten><textdaten/></norm>
<norm builddate="20250305223025" doknr="BJNR026610021BJNE001600000"><metadaten><jurabk>HdlDlStatG</jurabk><enbez>§ 16</enbez><titel format="XML">Übergangsregelung</titel></metadaten><textdaten><text format="XML"><Content><P>(1) Die Pflicht zur Auskunftserteilung bei den Erhebungsmerkmalen in der Gliederung nach Geschäftsfeldern gemäß § 6 Absatz 1 Satz 2 und 3 entsteht erst im Jahr 2022.</P><P>(2) Die Erhebungen nach § 3 Absatz 1 Nummer 2 und 3 des Handelsstatistikgesetzes vom 10. Dezember 2001 (BGBl. I S. 3438), das zuletzt durch Artikel 272 der Verordnung vom 31. August 2015 (BGBl. I S. 1474) geändert worden ist, werden für die Berichtsjahre 2019 und 2020 weiter nach jenem Gesetz durchgeführt.</P><P>(3) Die Erhebungen nach dem Dienstleistungsstatistikgesetz vom 19. Dezember 2000 (BGBl. I S. 1765), das zuletzt durch Artikel 8 des Gesetzes vom 28. Juli 2015 (BGBl. I S. 1400) geändert worden ist, werden für die Berichtsjahre 2019 und 2020 weiter nach jenem Gesetz durchgeführt.</P></Content></text></textdaten></norm>
</dokumente>