<?xml version="1.0" encoding="UTF-8" ?><!DOCTYPE dokumente SYSTEM "http://www.gesetze-im-internet.de/dtd/1.01/gii-norm.dtd">
<dokumente builddate="20130405125146" doknr="BJNR007400956"><norm builddate="20130405125146" doknr="BJNR007400956"><metadaten><jurabk>ZelterPlErl</jurabk><ausfertigung-datum manuell="ja">1956-08-07</ausfertigung-datum><fundstelle typ="amtlich"><periodikum>BGBl I</periodikum><zitstelle>1956, 740</zitstelle></fundstelle><langue>Erlaß über die Stiftung der Zelter-Plakette</langue></metadaten><textdaten><text format="XML"><Content><P/></Content></text><fussnoten><Content><P>(+++ Textnachweis Geltung ab:  1. 1.1964 +++)</P><P><BR/> Erlass im Saarland in Kraft gesetzt mWv 1.1.1957 durch Nr. 8 Anordnung v. 23.1.1957 I 1</P></Content></fussnoten></textdaten></norm>
<norm builddate="20130405125146" doknr="BJNR007400956BJNE000100304"><metadaten><jurabk>ZelterPlErl</jurabk><enbez>(XXXX)</enbez></metadaten><textdaten><text format="XML"><Content><P>(1) Als Auszeichnung für Chorvereinigungen, die sich in langjährigem Wirken besondere Verdienste um die Pflege der Chormusik und des deutschen Volksliedes und damit um die Förderung des kulturellen Lebens erworben haben, stifte ich die <DL Font="normal" Type="arabic"><DT/><DD Font="normal"><LA Size="normal">Zelter-Plakette.</LA></DD></DL></P><P>(2) Die Einzelheiten der Verleihung werden durch besondere Richtlinien festgelegt.</P></Content></text></textdaten></norm>
<norm builddate="20130405125146" doknr="BJNR007400956BJNE000200304"><metadaten><jurabk>ZelterPlErl</jurabk><enbez>Schlußformel</enbez></metadaten><textdaten><text format="XML"><Content><P><SP>Der Bundespräsident</SP> <BR/><SP>Der Stellvertreter des Bundeskanzlers</SP> <BR/><SP>Der Bundesminister des Innern</SP></P></Content></text></textdaten></norm>
</dokumente>