<?xml version="1.0" encoding="UTF-8" ?><!DOCTYPE dokumente SYSTEM "http://www.gesetze-im-internet.de/dtd/1.01/gii-norm.dtd">
<dokumente builddate="20240831214503" doknr="BJNR608610018"><norm builddate="20240831214503" doknr="BJNR608610018"><metadaten><jurabk>EEMD-ZV</jurabk><amtabk>EEMD-ZV</amtabk><ausfertigung-datum manuell="ja">2018-03-20</ausfertigung-datum><fundstelle typ="amtlich"><periodikum>BAnz</periodikum><zitstelle>AT 27.03.2018 V2</zitstelle></fundstelle><kurzue>EEMD-Zulassungsverordnung</kurzue><langue>Verordnung über die Zulassung von Anbietern mautdienstbezogener Leistungen für das EETS-Gebiet Bundesfernstraßenmautgesetz</langue><standangabe checked="ja"><standtyp>Stand</standtyp><standkommentar>Zuletzt geändert durch Art. 2 V v. 1.8.2024 I Nr. 258</standkommentar></standangabe></metadaten><textdaten><fussnoten><Content><P><BR/> <pre xml:space="preserve">(+++ Textnachweis ab: 28.3.2018 +++)<BR/><BR/></pre></P></Content></fussnoten></textdaten></norm>
<norm builddate="20240831214503" doknr="BJNR608610018BJNE000101123"><metadaten><jurabk>EEMD-ZV</jurabk><enbez>Eingangsformel</enbez></metadaten><textdaten><text format="XML"><Content><P>Auf Grund des § 4h Satz 1 und 2 in Verbindung mit § 4d Absatz 2 und § 4f Absatz 2 des Bundesfernstraßenmautgesetzes vom 12. Juli 2011 (BGBl. I S. 1378), die durch Artikel 2 Nummer 3 des Gesetzes vom 5. Dezember 2014 (BGBl. I S. 1980) eingefügt worden sind, in Verbindung mit § 1 Nummer 1 der BAG-Übertragungsverordnung vom 14. Januar 2016 (BAnz AT vom 26.01.2016 V1), verordnet das Bundesamt für Güterverkehr:</P></Content></text><fussnoten><Content><P>(+++ Änderung durch Art. 3 Nr. 1 V v. 27.11.2023 I Nr. 329 nicht ausführbar, da Eingangsformeln von Verordnungen nachträglich nicht geändert werden können +++)</P></Content></fussnoten></textdaten></norm>
<norm builddate="20240831214503" doknr="BJNR608610018BJNE000200000"><metadaten><jurabk>EEMD-ZV</jurabk><enbez>§ 1</enbez><titel format="XML">Prüfvereinbarung und Zulassungsvertrag</titel></metadaten><textdaten><text format="XML"><Content><P>Die Prüfvereinbarung im Sinne des § 4d Absatz 2 des Bundesfernstraßenmautgesetzes ergibt sich aus der Anlage I zu dieser Verordnung. Der Zulassungsvertrag im Sinne des § 4f Absatz 2 des Bundesfernstraßenmautgesetzes ergibt sich aus der Anlage II zu dieser Verordnung.</P></Content></text></textdaten></norm>
<norm builddate="20240831214503" doknr="BJNR608610018BJNE000300000"><metadaten><jurabk>EEMD-ZV</jurabk><enbez>§ 2</enbez><titel format="XML">Inkrafttreten</titel></metadaten><textdaten><text format="XML"><Content><P>Diese Verordnung tritt am Tag nach der Verkündung in Kraft.</P></Content></text></textdaten></norm>
<norm builddate="20240831214503" doknr="BJNR608610018BJNE000404123"><metadaten><jurabk>EEMD-ZV</jurabk><enbez>Anlage I</enbez><titel format="XML">Vereinbarung über die Durchführung des Prüfverfahrens zur Erbringung mautdienstbezogener Leistungen (Prüfvereinbarung)</titel></metadaten><textdaten><text format="XML"><Content><P><noindex><kommentar typ="Fundstelle">(Fundstelle: BAnz AT 27.03.2018 V2, <BR/> bzgl. der einzelnen Änderungen vgl. Fußnote)</kommentar></noindex><BR/>(Text siehe: EEMD-ZVAnl I)</P></Content></text><fussnoten/></textdaten></norm>
<norm builddate="20240831214503" doknr="BJNR608610018BJNE000505123"><metadaten><jurabk>EEMD-ZV</jurabk><enbez>Anlage II</enbez><titel format="XML">Vertrag über die Durchführung des europäischen elektronischen Mautdienstes auf Bundesstraßen im Geltungsbereich des Bundesfernstraßenmautgesetzes (EETS-Zulassungsvertrag)</titel></metadaten><textdaten><text format="XML"><Content><P>(Text siehe: EEMD-ZVAnl II)</P></Content></text><fussnoten/></textdaten></norm>
</dokumente>