<?xml version="1.0" encoding="UTF-8" ?><!DOCTYPE dokumente SYSTEM "http://www.gesetze-im-internet.de/dtd/1.01/gii-norm.dtd">
<dokumente builddate="20230802213546" doknr="BJNR205100022"><norm builddate="20230802213547" doknr="BJNR205100022"><metadaten><jurabk>EWSG</jurabk><amtabk>EWSG</amtabk><ausfertigung-datum manuell="ja">2022-11-15</ausfertigung-datum><fundstelle typ="amtlich"><periodikum>BGBl I</periodikum><zitstelle>2022, 2035, 2051</zitstelle></fundstelle><kurzue>Erdgas-Wärme-Soforthilfegesetz</kurzue><langue>Gesetz über eine Soforthilfe für Letztverbraucher von leitungsgebundenem Erdgas und Kunden von Wärme</langue><standangabe checked="ja"><standtyp>Stand</standtyp><standkommentar>Zuletzt geändert durch Art. 3 G v. 26.7.2023 I Nr. 202</standkommentar></standangabe></metadaten><textdaten><fussnoten><Content><P><BR/> <pre xml:space="preserve">(+++ Textnachweis ab: 19.11.2022 +++)<BR/>(+++ Zur Anwendung: § 8 +++)<BR/><BR/></pre>Das G wurde als Artikel 3 des G v. 15.11.2022 I 2035 vom Bundestag beschlossen. Es tritt gem. Art. 4 Satz 2 dieses G am 19.11.2022 in Kraft.</P></Content></fussnoten></textdaten></norm>
<norm builddate="20230802213547" doknr="BJNR205100022BJNE000100000"><metadaten><jurabk>EWSG</jurabk><enbez>§ 1</enbez><titel format="XML">Anwendungsbereich, Begriffsbestimmungen, Beauftragter und Internetadressen</titel></metadaten><textdaten><text format="XML"><Content><P>(1) Dieses Gesetz regelt die einmalige Entlastung von Kosten für leitungsgebundenes Erdgas und Wärme.</P><P>(2) Der Begriff des Letztverbrauchers ist der in § 3 Nummer 25 des Energiewirtschaftsgesetzes bezeichnete Letztverbraucher.</P><P>(3) Wärmeversorgungsunternehmen im Sinne dieses Gesetzes sind Unternehmen, die gewerblich Wärme an einen Kunden liefern, der die gelieferte Wärme zu eigenen Zwecken verbraucht oder seinen Mietern zur Nutzung zur Verfügung stellt. Kunde ist der Vertragspartner des Wärmeversorgungsunternehmens im Rahmen eines Wärmeliefervertrages. Lieferanten im Sinne dieses Gesetzes sind Erdgaslieferanten und Wärmeversorgungsunternehmen.</P><P>(4) Beauftragter im Sinne des Gesetzes ist eine vom Bundesministerium für Wirtschaft und Klimaschutz bekannt zu machende, mit den ihr durch dieses Gesetz zugewiesenen Aufgaben betraute juristische Person des Privatrechts. Das Bundesministerium für Wirtschaft und Klimaschutz hat den Beauftragten zu bestellen.</P><P>(5) Antragsadresse und Nachprüfungsadresse sind vom Bundesministerium für Wirtschaft und Klimaschutz bekannt zu machende Internetadressen.</P></Content></text></textdaten></norm>
<norm builddate="20230802213547" doknr="BJNR205100022BJNE000200000"><metadaten><jurabk>EWSG</jurabk><enbez>§ 2</enbez><titel format="XML">Entlastung bei leitungsgebundenen Erdgaslieferungen an Letztverbraucher</titel></metadaten><textdaten><text format="XML"><Content><P>(1) Erdgaslieferanten sind verpflichtet, den Letztverbrauchern für jede ihrer Entnahmestellen in der Bundesrepublik Deutschland einen einmaligen Entlastungsbetrag in der nach Absatz 2 bestimmten Höhe gutzuschreiben. Die Gutschrift hat der Erdgaslieferant zu erteilen, der den Letztverbraucher am Stichtag 1. Dezember 2022 mit Erdgas beliefert. Die Verpflichtung nach Satz 1 besteht nicht gegenüber Entnahmestellen von Letztverbrauchern, <DL Font="normal" Type="arabic"><DT>1.</DT><DD Font="normal"><LA Size="normal">die im Wege einer registrierenden Leistungsmessung beliefert werden, wenn deren Jahresverbrauch mehr als 1 500 000 Kilowattstunden beträgt,</LA></DD><DT>2.</DT><DD Font="normal"><LA Size="normal">soweit sie das Erdgas für den kommerziellen Betrieb von Strom- und <I>Wärmeerzeugungsanlagen</I> beziehen, oder</LA></DD><DT>3.</DT><DD Font="normal"><LA Size="normal">soweit sie zugelassene Krankenhäuser sind.</LA></DD></DL>Satz 3 Nummer 1 ist nicht anzuwenden auf Entnahmestellen von Letztverbrauchern, <DL Font="normal" Type="arabic"><DT>1.</DT><DD Font="normal"><LA Size="normal">die das Erdgas weit überwiegend im Zusammenhang mit der Vermietung von Wohnraum oder als Wohnungseigentümergemeinschaft im Sinne des Wohnungseigentumsgesetzes beziehen,</LA></DD><DT>2.</DT><DD Font="normal"><LA Size="normal">die zugelassene Pflege-, Vorsorge- oder Rehabilitationseinrichtungen sowie Kindertagesstätten und andere Einrichtungen der Kinder- und Jugendhilfe sind, die im Aufgabenbereich des Sozialgesetzbuchs soziale Leistungen erbringen,</LA></DD><DT>3.</DT><DD Font="normal"><LA Size="normal">die staatliche, staatlich anerkannte oder gemeinnützige Einrichtungen des Bildungs-, Wissenschafts- und Forschungsbereichs oder Bildungseinrichtungen der Selbstverwaltung der Wirtschaft in der Rechtsform von Körperschaften des öffentlichen Rechts oder als eingetragener Verein organisiert sind oder</LA></DD><DT>4.</DT><DD Font="normal"><LA Size="normal">die Einrichtungen der medizinischen Rehabilitation, Einrichtungen der beruflichen Rehabilitation, Werkstätten für Menschen mit Behinderungen, anderer Leistungsanbieter oder Leistungserbringer der Eingliederungshilfe nach Teil 2 des Neunten Buches Sozialgesetzbuch sind.</LA></DD></DL>Letztverbraucher, die im Wege einer registrierenden Leistungsmessung beliefert werden und deren Entnahmestellen nicht nach Satz 3 in Verbindung mit Satz 4 ausgenommen sind, müssen dem Erdgaslieferanten zur Klärung ihrer Berechtigung spätestens bis zum 31. Dezember 2022 in Textform mitteilen, dass die Voraussetzungen hierfür vorliegen.</P><P>(2) Der Entlastungsbetrag nach Absatz 1 Satz 1 entspricht der Summe aus <DL Font="normal" Type="arabic"><DT>1.</DT><DD Font="normal"><LA Size="normal">dem arbeitsbezogenen Preiselement nach den Sätzen 2 bis 5 und</LA></DD><DT>2.</DT><DD Font="normal"><LA Size="normal">allen anderen Preiselementen, soweit diese nach dem Erdgasliefervertrag anteilig für den Monat Dezember 2022 anfallen.</LA></DD></DL>Das arbeitsbezogene Preiselement nach Satz 1 Nummer 1 ergibt sich bei Letztverbrauchern, die über ein Standardlastprofil beliefert werden, aus der Multiplikation von einem Zwölftel des Jahresverbrauchs, den der Erdgaslieferant für die Entnahmestelle im Monat September 2022 prognostiziert hat, mit dem Arbeitspreis in Cent pro Kilowattstunde, der zum Stichtag 1. Dezember für den Monat Dezember 2022 im jeweiligen Lieferverhältnis vereinbart ist. Verfügt der Erdgaslieferant nicht über die in Satz 2 genannte Verbrauchsprognose, hat er ersatzweise ein Zwölftel des am 30. September 2022 nach § 24 Absatz 1 und 4 der Gasnetzzugangsverordnung geltenden und dem Erdgaslieferanten mitgeteilten prognostizierten Jahresverbrauchs der Entnahmestelle anzusetzen. Bei Letztverbrauchern, die im Wege einer registrierenden Leistungsmessung beliefert werden, hat der Erdgaslieferant für die Ermittlung des Verbrauchs, der in die Kalkulation des arbeitsbezogenen Preiselements nach Satz 1 Nummer 1 einfließt, abzustellen auf ein Zwölftel der vom Messstellenbetreiber gemessenen Netzentnahme der Monate November 2021 bis einschließlich Oktober 2022. Bei Letztverbrauchern im Sinne des Satzes 4, über deren Entnahmestelle nach dem 1. November 2021 erstmalig leitungsgebundenes Erdgas bezogen wurde, ist ein Zwölftel eines typischen Jahresverbrauchs bei der Ermittlung des arbeitsbezogenen Preiselements zugrunde zu legen.</P><P>(3) Der nach Absatz 2 durch den Erdgaslieferanten ermittelte einmalige Entlastungsbetrag ist, sofern § 3 keine andere Regelung trifft, zugunsten des Letztverbrauchers spätestens mit der ersten Rechnung des Erdgaslieferanten nach den §§ 40 bis 40c des Energiewirtschaftsgesetzes zu verrechnen, deren Abrechnungszeitraum den Monat Dezember 2022 umfasst. Der Entlastungsbetrag ist von dem Erdgaslieferanten auf dieser Rechnung entsprechend § 40 Absatz 3 des Energiewirtschaftsgesetzes als Kostenentlastung gesondert auszuweisen.</P><P>(4) Der Erdgaslieferant hat bis zum 21. November 2022 auf seiner Internetseite allgemein über die einmalige Entlastung für den Monat Dezember 2022 nach den Absätzen 1 bis 3 sowie die vorläufige Leistung nach § 3 zu informieren. Die Informationen müssen einfach auffindbar sein, einen Hinweis auf den kostenmindernden Nutzen von Energieeinsparungen enthalten und darauf hinweisen, dass die Entlastung aus Mitteln des Bundes finanziert wird. Die Informationspflichten nach § 5 Absatz 2 und 3 der Gasgrundversorgungsverordnung und § 41 Absatz 5 des Energiewirtschaftsgesetzes sind im Übrigen auf eine Gutschrift oder Verrechnung des Entlastungsbetrages oder die vorläufige Leistung nach § 3 nicht anzuwenden. Gegen den Anspruch des Letztverbrauchers auf den einmaligen Entlastungsbetrag für den Monat Dezember 2022 darf der Erdgaslieferant nicht mit Gegenansprüchen aufrechnen.</P><P>(5) Im Übrigen sind die Vorschriften des Energiewirtschaftsgesetzes, insbesondere des Teils 4, anzuwenden.</P></Content></text><fussnoten><Content><P>§ 1 Abs. 1 Satz 2 Nummer 2 Kursivdruck: Aufrund offensichtlicher Unrichtigkeit wurde das Wort &quot;Wärmerzeugungsanlagen&quot; durch das Wort &quot;Wärmeerzeugungsanlagen&quot; ersetzt</P></Content></fussnoten></textdaten></norm>
<norm builddate="20230802213547" doknr="BJNR205100022BJNE000300000"><metadaten><jurabk>EWSG</jurabk><enbez>§ 3</enbez><titel format="XML">Vorläufige Leistung des Erdgaslieferanten auf die Entlastung bei Letztverbrauchern mit Standardlastprofil</titel></metadaten><textdaten><text format="XML"><Content><P>(1) Der Erdgaslieferant hat bei Letztverbrauchern, die über ein Standardlastprofil beliefert werden, eine vorläufige Leistung nach den Absätzen 2 und 3 auf die Entlastung nach § 2 zu erbringen. Soweit eine vorläufige Leistung nach Satz 1 erfolgt, ist diese mit dem Anspruch des Letztverbrauchers nach § 2 zu verrechnen. Eine Abweichung der vorläufigen Leistung gegenüber dem sich aus § 2 Absatz 2 ergebenden Entlastungsbetrag ist in der Rechnung des Erdgaslieferanten nach § 2 Absatz 3 Satz 1 gegenüber dem Letztverbraucher auszugleichen. Die vorläufige Leistung ist in der Rechnung entsprechend § 40 Absatz 3 des Energiewirtschaftsgesetzes gesondert auszuweisen.</P><P>(2) Bei einer für den Monat Dezember 2022 vertraglich vereinbarten Vorauszahlung oder Abschlagszahlung kann die vorläufige Leistung durch den Erdgaslieferanten dadurch erbracht werden, dass der Erdgaslieferant die Auslösung eines für den Monat Dezember 2022 vertraglich vorgesehenen Zahlungsvorgangs unterlässt, auf die Überweisung einer vereinbarten Vorauszahlung oder Abschlagszahlung durch den Letztverbraucher verzichtet oder einen Betrag in Höhe der jeweils für den Monat Dezember 2022 vereinbarten Vorauszahlung oder Abschlagszahlung unverzüglich gesondert an den Letztverbraucher zurücküberweist. Veranlasst der Letztverbraucher selbst eine Zahlung, hat der Erdgaslieferant diese Zahlung im Zuge der nächsten Rechnung nach den §§ 40 bis 40c des Energiewirtschaftsgesetzes zu verrechnen.</P><P>(3) In den Fällen, die nicht von Absatz 2 erfasst sind, ist der Erdgaslieferant verpflichtet und berechtigt, <DL Type="arabic"><DT>1.</DT><DD Font="normal"><LA>als vorläufige Leistung im Januar 2023 auf die Zahlung einer vertraglich vereinbarten Vorauszahlung oder einer Abschlagszahlung für diesen Monat entsprechend der Regelung des Absatzes 2 zu verzichten oder</LA></DD><DT>2.</DT><DD Font="normal"><LA>den Entlastungsbetrag nach § 2 Absatz 2 Satz 2 und 3 bis zum 31. Januar 2023 an den Letztverbraucher gesondert auszuzahlen.</LA></DD></DL></P></Content></text></textdaten></norm>
<norm builddate="20230802213547" doknr="BJNR205100022BJNE000400000"><metadaten><jurabk>EWSG</jurabk><enbez>§ 4</enbez><titel format="XML">Verpflichtung des Wärmeversorgungsunternehmens gegenüber seinen Kunden</titel></metadaten><textdaten><text format="XML"><Content><P>(1) Wärmeversorgungsunternehmen sind verpflichtet, ihren Kunden für deren im Dezember 2022 zu leistende Zahlungen für Wärmelieferungen in der Bundesrepublik Deutschland eine finanzielle Kompensation nach Maßgabe des Absatzes 3 bis spätestens zum 31. Dezember 2022 zu leisten. Das Wärmeversorgungsunternehmen ist berechtigt, bei der Leistung der finanziellen Kompensation zwischen dem Verzicht auf eine im Dezember fällige Voraus- oder Abschlagszahlung des Kunden, einer Zahlung an den Kunden oder einer Kombination aus beiden Elementen zu wählen. Die Verpflichtung nach Satz 1 gilt nicht gegenüber Kunden, deren Jahresverbrauch je Entnahmestelle <NB>1 500 000</NB> Kilowattstunden übersteigt sowie gegenüber zugelassen Krankenhäusern, es sei denn, <DL Type="arabic"><DT>1.</DT><DD Font="normal"><LA>der Kunde bezieht die Wärme im Zusammenhang mit der Vermietung von Wohnraum oder als Wohnungseigentümergesellschaft im Sinne des Wohnungseigentumsgesetzes,</LA></DD><DT>2.</DT><DD Font="normal"><LA>es handelt sich um zugelassene Pflege-, Vorsorge- und Rehabilitationseinrichtungen, sowie Kindertagestätten und andere Einrichtungen der Kinder- und Jugendhilfe, die im Aufgabenbereich des Sozialgesetzbuchs soziale Leistungen erbringen,</LA></DD><DT>3.</DT><DD Font="normal"><LA>es handelt sich um die Entnahmestelle einer staatlichen, staatlich anerkannten oder gemeinnützigen Einrichtung des Bildungs-, Wissenschafts- und Forschungsbereichs oder Bildungseinrichtungen der Selbstverwaltung der Wirtschaft in der Rechtsform von Körperschaften des öffentlichen Rechts oder als eingetragener Verein,</LA></DD><DT>4.</DT><DD Font="normal"><LA>es handelt sich um Einrichtungen der medizinischen Rehabilitation, Einrichtungen der beruflichen Rehabilitation, Werkstätten für Menschen mit Behinderungen, anderer Leistungsanbieter oder Leistungserbringer der Eingliederungshilfe nach Teil 2 des Neunten Buches Sozialgesetzbuch sind.</LA></DD></DL>Eine Aufrechnung mit offenen Forderungen gegen ihre Kunden ist den Wärmeversorgungsunternehmen nicht gestattet.</P><P>(2) Mit der nächsten, den Monat Dezember 2022 erfassenden Abrechnung hat das Wärmeversorgungsunternehmen die nach § 6 erfolgte Erstattung der Bundesrepublik Deutschland gesondert auszuweisen.</P><P>(3) Die in Absatz 1 bezeichnete Kompensation nach Absatz 1 beträgt 100 plus 20 Prozent des Betrages der im September 2022 an das Wärmeversorgungsunternehmen geleisteten monatlichen Abschlagszahlung. Ist der Kunde zur Zahlung eines nach einem anderen Verfahren ermittelten Abschlags verpflichtet als der Leistung von zwölf Abschlagszahlungen innerhalb eines jährlichen Abschlagszeitraums, so ist ein entsprechender monatlicher Durchschnitt zu bilden. Dieser ermittelt sich aus der Summe der Abschlagszahlungen, die der Kunde für seinen Wärmebezug im letzten Abrechnungszeitraum zu zahlen verpflichtet war, geteilt durch die Anzahl der auf diesen Abrechnungszeitraum entfallenden Monate. Sind mit der Durchschnittsbildung jahreszeitliche Verbrauchsschwankungen nicht angemessen berücksichtigt, so ist der Abschlag heranzuziehen, den vergleichbare Kunden zahlen. Sind mit dem Kunden keine Abschlagszahlungen vereinbart, so bestimmt sich die Höhe der finanziellen Kompensation entsprechend den Sätzen 1 bis 4 auf der Grundlage der Abrechnungen.</P><P>(4) Das Wärmeversorgungsunternehmen ist verpflichtet, den Kunden spätestens zwei Wochen nach dem 19. November 2022 in verständlicher Weise über die sich aus Absatz 1 ergebende Entlastungsverpflichtung zu informieren, entweder auf seiner Internetseite oder durch Mitteilung an den Kunden in Textform. Dabei hat das Wärmeversorgungsunternehmen auch über die nach § 9 Absatz 5 Nummer 3 an den Beauftragten zu übermittelnden Daten zu unterrichten und darauf hinzuweisen, dass die Entlastung aus Mitteln des Bundes finanziert wird.</P></Content></text></textdaten></norm>
<norm builddate="20230802213547" doknr="BJNR205100022BJNE000501377"><metadaten><jurabk>EWSG</jurabk><enbez>§ 5</enbez><titel format="XML">Weitergabe der Entlastungen bei Mietverhältnissen und in Wohnungseigentümergemeinschaften</titel></metadaten><textdaten><text format="XML"><Content><P>(1) Der Vermieter hat die Entlastung, die er nach den §§ 2 oder 4 für Dezember 2022 erlangt oder erlangen könnte, im Rahmen der Heizkostenabrechnung nach der Verordnung über Heizkostenabrechnung in der Fassung der Bekanntmachung vom 5. Oktober 2009 (BGBl. I S. 3250), die durch Artikel 1 der Verordnung vom 24. November 2021 (BGBl. I S. 4964) geändert worden ist, oder nach vertraglicher Vereinbarung für die laufende Abrechnungsperiode an den Mieter weiterzugeben. Die Höhe der Entlastung des Vermieters und die Höhe des auf den Mieter entfallenden Anteils an der Entlastung sind mit der Abrechnung für die laufende Abrechnungsperiode gesondert auszuweisen oder spätestens mit der nächsten Abrechnung gesondert in Textform mitzuteilen.</P><P>(2) Der Vermieter hat nach der Veröffentlichung nach § 2 Absatz 4 Satz 1 oder § 4 Absatz 4 Satz 1 Alternative 1 oder nach dem Zugang der Informationen nach § 4 Absatz 4 Satz 1 Alternative 2 den Mieter unverzüglich in Textform über die erhaltenen Informationen sowie über die Höhe der vorläufigen Leistung nach § 3 Absatz 1 Satz 1 oder über die Höhe der Entlastung nach § 4 Absatz 1 zu unterrichten und darauf hinzuweisen, dass die Entlastung aus Mitteln des Bundes finanziert wird. Der Vermieter hat zusätzlich in Textform und unter Hinweis auf ein von der Bundesregierung bereitgestelltes Informationsschreiben darüber zu unterrichten, dass er die endgültige Entlastung in der Heizkostenabrechnung für die laufende Abrechnungsperiode an den Mieter weitergeben wird. Ist eine Eigentumswohnung vermietet, hat der Vermieter den Mieter unverzüglich, nachdem er die Informationen von der Gemeinschaft der Wohnungseigentümer erhalten hat, zu unterrichten.</P><P>(3) Die Gemeinschaft der Wohnungseigentümer hat die Entlastung, die sie nach den §§ 2 oder 4 erlangt, im Rahmen der Jahresabrechnung an die Wohnungseigentümer weiterzugeben. Die Höhe der Entlastung der Gemeinschaft der Wohnungseigentümer und der einzelnen Wohnungseigentümer sind in der Jahresabrechnung gesondert auszuweisen oder spätestens mit der nächsten Jahresabrechnung gesondert in Textform mitzuteilen. Die Informationspflichten des Absatz 2 Satz 1 und 2 gelten für die Gemeinschaft der Wohnungseigentümer gegenüber den Wohnungseigentümern entsprechend.</P><P>(4) Von seiner Verpflichtung zur Vorauszahlung für Betriebskosten für den Monat Dezember 2022 befreit ist <DL Type="arabic"><DT>1.</DT><DD Font="normal"><LA>der Mieter, dessen Vorauszahlungen für Betriebskosten aufgrund der steigenden Kosten für leitungsgebundenes Erdgas und Wärme in den letzten neun Monaten vor dem 19. November 2022 erhöht wurden, in Höhe dieses Erhöhungsbetrags und</LA></DD><DT>2.</DT><DD Font="normal"><LA>der Mieter, für den in diesem Zeitraum eine Vorauszahlung von Betriebskosten für leitungsgebundenes Erdgas erstmalig vereinbart wurde, in Höhe eines Betrags von 25 Prozent seiner Betriebskostenvorauszahlung für den Monat Dezember 2022.</LA></DD></DL>Die Informationspflicht des Vermieters nach Absatz 2 umfasst auch die Pflicht, auf eine mögliche Befreiung nach Satz 1 hinzuweisen.</P><P>(5) Die Absätze 1 und 2 Satz 1 und 2 sind auf Pachtverhältnisse entsprechend anwendbar.</P></Content></text><fussnoten/></textdaten></norm>
<norm builddate="20230802213547" doknr="BJNR205100022BJNE000600000"><metadaten><jurabk>EWSG</jurabk><enbez>§ 6</enbez><titel format="XML">Erstattungsanspruch der Lieferanten</titel></metadaten><textdaten><text format="XML"><Content><P>Lieferanten, die nach den §§ 2 und 4 zu Entlastungen verpflichtet sind, haben in Höhe der sich aus diesen Vorschriften ergebenden Entlastungen, soweit diese an die Letztverbraucher und Kunden geleistet wurden, einen Erstattungsanspruch gegen die Bundesrepublik Deutschland. Die Erfüllung des Erstattungsanspruchs tritt an die Stelle der Zahlung des Letztverbrauchers oder des Kunden.</P></Content></text></textdaten></norm>
<norm builddate="20230802213547" doknr="BJNR205100022BJNE000700000"><metadaten><jurabk>EWSG</jurabk><enbez>§ 7</enbez><titel format="XML">Vorauszahlungen an Erdgaslieferanten</titel></metadaten><textdaten><text format="XML"><Content><P>Erdgaslieferanten haben in Höhe der Entlastungsbeträge nach § 2 Absatz 2 Satz 4 und 5, sowie der nach § 3 gewährten vorläufigen Leistungen einen Anspruch auf eine Vorauszahlung auf den Erstattungsanspruch nach § 6 gegen die Bundesrepublik Deutschland. Der Anspruch auf Vorauszahlung tritt an die Stelle der Zahlung des Letztverbrauchers.</P></Content></text></textdaten></norm>
<norm builddate="20230802213547" doknr="BJNR205100022BJNE000800000"><metadaten><jurabk>EWSG</jurabk><enbez>§ 8</enbez><titel format="XML">Antragsverfahren für die Vorauszahlung an Erdgaslieferanten</titel></metadaten><textdaten><text format="XML"><Content><P>(1) Erdgaslieferanten, die einen Anspruch auf Vorauszahlung nach § 7 haben, haben die Auszahlung der Vorauszahlung über das Kreditinstitut gemäß Absatz 2 Satz 1 Nummer 2 bei der Kreditanstalt für Wiederaufbau schriftlich oder elektronisch zu beantragen (Vorauszahlungsantrag).</P><P>(2) Der Vorauszahlungsantrag nach Absatz 1 muss folgende Angaben enthalten: <DL Type="arabic"><DT>1.</DT><DD Font="normal"><LA>die Höhe der beantragten Vorauszahlung,</LA></DD><DT>2.</DT><DD Font="normal"><LA>die IBAN eines auf den Namen des Erdgaslieferanten lautenden Zahlungskontos bei einem Kreditinstitut mit Sitz oder Niederlassung in Deutschland.</LA></DD></DL>Dem Vorauszahlungsantrag ist der Ergebnisbericht nach Absatz 4 Satz 3 beizufügen.</P><P>(3) Die Auszahlung soll zum 1. Dezember 2022, spätestens jedoch zwei Wochen nach Eingang des vollständigen Vorauszahlungsantrags bei der Kreditanstalt für Wiederaufbau erfolgen, sofern der Ergebnisbericht nach Absatz 4 Satz 3 das Vorliegen der Voraussetzungen bestätigt. Im Einzelfall kann die Kreditanstalt für Wiederaufbau vor Auszahlung von den Erdgaslieferanten die Abgabe darüberhinausgehender Compliance-relevanter Bestätigungen verlangen, insbesondere zur Einhaltung sanktionsrechtlicher Vorgaben. Diese Zahlungen sind von § 70 Satz 1 und 2 der Bundeshaushaltsordnung ausgenommen. Die Auszahlung erfolgt mit schuldbefreiender Wirkung für den Bund an das in Absatz 2 Satz 1 Nummer 2 bezeichnete Kreditinstitut oder dessen Zentralinstitut durch die Kreditanstalt für Wiederaufbau. Ergibt sich aus einer Änderung eines Vorauszahlungsantrags eine Überzahlung, hat der Erdgaslieferant den Betrag innerhalb eines Monats nach Aufforderung durch den Beauftragten auf das im Rückforderungsschreiben ausgewiesene Konto zurückzuzahlen.</P><P>(4) Vor Antragstellung ist der Vorauszahlungsantrag einer Prüfung hinsichtlich der Identität des Antragstellers und der Plausibilität der beantragten Zahlung durch den Beauftragten zu unterziehen. Der Antrag auf Prüfung (Prüfantrag) ist bis zum 28. Februar 2023 unter der Antragsadresse bei einem elektronischen Portal zu stellen, das vom Bundesministerium für Wirtschaft und Klimaschutz dem Beauftragten zur Verfügung gestellt wird. Die in Satz 2 genannte Frist kann in begründeten Fällen auf Antrag von dem Beauftragten verlängert werden. Über das Ergebnis der Prüfung erstellt der Beauftragte einen Ergebnisbericht. Änderungen von Vorauszahlungsanträgen sind gleichfalls nach den Sätzen 1 bis 4 einer Prüfung zu unterziehen. Der Antragsteller hat dem Beauftragten auf Aufforderung weitere für die Prüfung benötigte Auskünfte zu erteilen. Der Beauftragte gilt, sofern der Antragsteller nicht widerspricht, als von dem Antragsteller bevollmächtigt, nach Abschluss der Prüfung im Namen des Antragstellers den Vorauszahlungsantrag gemäß Absatz 1 zu stellen, sofern die Prüfung keine Beanstandungen ergab.</P><P>(5) Der Prüfantrag nach Absatz 4 muss folgende Angaben enthalten: <DL Type="arabic"><DT>1.</DT><DD Font="normal"><LA>die Angaben nach Absatz 2 Satz 1,</LA></DD><DT>2.</DT><DD Font="normal"><LA>die jeweils auf Arbeitspreis, Grundpreis, Umsatzsteuer und sonstige Abgaben entfallenden Teilsummen der beantragten Vorauszahlung,</LA></DD><DT>3.</DT><DD Font="normal"><LA>die der beantragten Vorauszahlung zugrunde liegende Anzahl von Letztverbrauchern, aufgeteilt nach Belieferung über ein Standardlastprofil und registrierender Leistungsmessung,</LA></DD><DT>4.</DT><DD Font="normal"><LA>die der beantragten Vorauszahlung zugrunde liegende prognostizierte Liefermenge, aufgeteilt nach Belieferung über ein Standardlastprofil und registrierender Leistungsmessung,</LA></DD><DT>5.</DT><DD Font="normal"><LA>die Liefermenge des Jahres 2021, aufgeteilt nach Belieferung über ein Standardlastprofil und registrierender Leistungsmessung,</LA></DD><DT>6.</DT><DD Font="normal"><LA>die Betriebsnummer des Erdgaslieferanten bei der Bundesnetzagentur.</LA></DD></DL></P></Content></text><fussnoten><Content><P>(+++ § 8 Abs. 3: Zur Geltung vgl. § 10 Abs. 3 Satz 5 +++)</P></Content></fussnoten></textdaten></norm>
<norm builddate="20230802213547" doknr="BJNR205100022BJNE000900000"><metadaten><jurabk>EWSG</jurabk><enbez>§ 9</enbez><titel format="XML">Antragsverfahren für den Erstattungsanspruch von Wärmeversorgungsunternehmen</titel></metadaten><textdaten><text format="XML"><Content><P>(1) Wärmeversorgungsunternehmen, die einen Erstattungsanspruch nach § 6 haben, haben die Auszahlung der Erstattung über das Kreditinstitut gemäß Absatz 2 Satz 1 Nummer 2 bei der Kreditanstalt für Wiederaufbau schriftlich oder elektronisch zu beantragen (Auszahlungsantrag).</P><P>(2) Der Auszahlungsantrag nach Absatz 1 muss folgende Angaben enthalten: <DL Type="arabic"><DT>1.</DT><DD Font="normal"><LA>die Höhe der beantragten Erstattung,</LA></DD><DT>2.</DT><DD Font="normal"><LA>die IBAN eines auf den Namen des Wärmeversorgungsunternehmens lautenden Zahlungskontos bei einem Kreditinstitut mit Sitz oder Niederlassung in Deutschland.</LA></DD></DL>Dem Auszahlungsantrag ist der Ergebnisbericht nach Absatz 4 Satz 4 beizufügen.</P><P>(3) Die Auszahlung soll zum 1. Dezember 2022, spätestens jedoch zwei Wochen nach Eingang des vollständigen Antrags bei der Kreditanstalt für Wiederaufbau erfolgen, sofern der Ergebnisbericht nach Absatz 4 Satz 3 das Vorliegen der Voraussetzungen bestätigt. Im Einzelfall kann die Kreditanstalt für Wiederaufbau vor Auszahlung von den Wärmeversorgungsunternehmen die Abgabe darüberhinausgehender Compliance-relevanter Bestätigungen verlangen, insbesondere zur Einhaltung sanktionsrechtlicher Vorgaben. Diese Zahlungen sind von § 70 Satz 1 und 2 der Bundeshaushaltsordnung ausgenommen. Die Auszahlung erfolgt mit schuldbefreiender Wirkung für den Bund an das in Absatz 2 Satz 1 Nummer 2 bezeichnete Kreditinstitut oder dessen Zentralinstitut durch die Kreditanstalt für Wiederaufbau. Ergibt sich aus einer Änderung eines Auszahlungsantrags eine Überzahlung, hat das Wärmeversorgungsunternehmen den Betrag innerhalb eines Monats nach Aufforderung durch den Beauftragten auf das im Rückforderungsschreiben ausgewiesene Konto zurückzuzahlen.</P><P>(4) Vor Antragstellung ist der Auszahlungsantrag einer Prüfung hinsichtlich der Identität des Antragstellers und der Plausibilität der beantragten Zahlung durch den Beauftragten zu unterziehen. Der Antrag auf Prüfung (Prüfantrag) ist bis zum 28. Februar 2023 unter der Antragsadresse bei einem elektronischen Portal zu stellen, das vom Bundesministerium für Wirtschaft und Klimaschutz dem Beauftragten zur Verfügung gestellt wird. Die in Satz 2 genannte Frist kann in begründeten Fällen auf Antrag von dem Beauftragten verlängert werden. Über das Ergebnis der Prüfung erstellt der Beauftragte einen Ergebnisbericht. Änderungen von Auszahlungsanträgen sind gleichfalls nach den Sätzen 1 bis 3 einer Prüfung zu unterziehen. Der Antragsteller hat dem Beauftragten auf Aufforderung weitere für die Prüfung benötigte Auskünfte zu erteilen. Der Beauftragte gilt, sofern der Antragsteller nicht widerspricht, als von dem Antragsteller bevollmächtigt, nach Abschluss der Prüfung im Namen des Antragstellers den Auszahlungsantrag gemäß Absatz 1 zu stellen, sofern die Prüfung keine Beanstandungen ergab.</P><P>(5) Der Prüfantrag nach Absatz 4 muss folgende Angaben enthalten: <DL Type="arabic"><DT>1.</DT><DD Font="normal"><LA>die Angaben nach Absatz 2 Satz 1,</LA></DD><DT>2.</DT><DD Font="normal"><LA>die Angaben zu den der der beantragten Erstattung zugrunde liegenden Kundenbeziehungen, zum Zweck der Plausibilisierung mit Angabe einer <NB>E-Mail-Adresse</NB> oder einer Telefonnummer, der Postanschrift des Kunden, sowie der Abschlagszahlung des Kunden für September 2022 gemäß § 4 Absatz 3,</LA></DD><DT>3.</DT><DD Font="normal"><LA>die Liefermenge des Jahres 2021 oder ersatzweise die Liefermenge des letzten Abrechnungszeitraums.</LA></DD></DL></P><P>(6) Ist ein Lieferant sowohl Erdgaslieferant als auch Wärmeversorgungsunternehmen, können Vorauszahlungsanträge nach § 8 Absatz 1 und Auszahlungsanträge nach Absatz 1 dieser Vorschrift sowie Prüfanträge nach § 8 Absatz 4 und Absatz 4 dieser Vorschrift zusammengefasst werden. In diesen Fällen kann das in § 8 Absatz 2 Satz 1 Nummer 2 und das in Absatz 2 Nummer 2 dieser Vorschrift genannte Zahlungskonto identisch sein. Im Übrigen sind die Angaben nach Absatz 2 und § 8 Absatz 2 für Erdgas und Wärme gesondert in den Antrag aufzunehmen.</P></Content></text></textdaten></norm>
<norm builddate="20230802213547" doknr="BJNR205100022BJNE001000000"><metadaten><jurabk>EWSG</jurabk><enbez>§ 10</enbez><titel format="XML">Endabrechnung bei Lieferanten, Erstattungsanträge von Erdgaslieferanten und Nachprüfungsverfahren bei Lieferanten</titel></metadaten><textdaten><text format="XML"><Content><P>(1) Erdgaslieferanten, die eine Vorauszahlung nach § 8 erhalten haben, sind verpflichtet, dem Beauftragten bis zum Ablauf des 31. Mai 2024 auf der Nachprüfungsadresse in elektronischer Form eine Endabrechnung vorzulegen, die die erhaltene Vorauszahlung, den Erstattungsanspruch nach § 6 und die Differenz dieser Werte ausweist. In der Endabrechnung sind die in § 8 Absatz 2 bezeichneten Angaben jeweils bezogen auf die Endabrechnung aufzunehmen. Ferner ist der Endabrechnung der Prüfungsvermerk eines Wirtschaftsprüfers, einer Wirtschaftsprüfungsgesellschaft, eines genossenschaftlichen Prüfungsverbandes, eines vereidigten Buchprüfers oder einer Buchprüfungsgesellschaft über das Ergebnis einer Prüfung der Endabrechnung vorzulegen. Wärmeversorgungsunternehmen, die eine Zahlung nach § 9 erhalten haben, sind verpflichtet, dem Beauftragten bis zum Ablauf des 31. Mai 2024 auf der Nachprüfungsadresse in elektronischer Form den Prüfungsvermerk eines Wirtschaftsprüfers, einer Wirtschaftsprüfungsgesellschaft, eines genossenschaftlichen Prüfungsverbandes, eines vereidigten Buchprüfers oder einer Buchprüfungsgesellschaft über das Ergebnis einer Prüfung der Erfüllung der Verpflichtungen nach § 4 und der Richtigkeit der in dem Antrag nach § 9 enthaltenen Angaben vorzulegen. Die in den Sätzen 3 und 4 bezeichneten Prüfungen können verbunden werden. Der Beauftragte kann die in den Sätzen 1 und 4 bezeichneten Fristen auf begründeten Antrag des Lieferanten verlängern. Für die Prüfungen nach den Sätzen 3 und 4 sind § 319 Absatz 2 bis 4, § 319b Absatz 1, § 320 Absatz 2 und § 323 des Handelsgesetzbuchs entsprechend anzuwenden.</P><P>(2) Kommt der Lieferant der Verpflichtung nach Absatz 1 nicht nach, so hat der Lieferant sämtliche nach den §§ 8 oder 9 erhaltenen Zahlungen innerhalb eines Monats nach Aufforderung durch den Beauftragten zurückzuzahlen.</P><P>(3) Erdgaslieferanten, die Entlastungen nach § 2 gewähren, aber keine Vorauszahlung nach § 8 beantragt haben, können bis 31. Mai 2024 über das Kreditinstitut gemäß Absatz 2 Satz 1 Nummer 2 bei der Kreditanstalt für Wiederaufbau die Auszahlung des Erstattungsanspruchs nach § 6 beantragen (Auszahlungsantrag). In den Auszahlungsantrag sind die in § 8 Absatz 2 bezeichneten Angaben jeweils bezogen auf den Erstattungsanspruch aufzunehmen. Dem Auszahlungsantrag ist ferner ein Ergebnisbericht des Beauftragten beizufügen, für dessen Einholung § 8 Absatz 4 und 5 entsprechend gelten. Dem Prüfantrag ist dabei ein Prüfvermerk entsprechend Absatz 1 Satz 3, jedoch bezogen auf die Richtigkeit der im Erstattungsantrag enthaltenen Angaben, beizufügen. Für die Auszahlung gilt § 8 Absatz 3 entsprechend.</P><P>(4) Unbeschadet der Vorschriften der Absätze 1 bis 3 kann der Beauftragte Prüfungshandlungen zur Einhaltung der Verpflichtungen der §§ 2 bis 4 sowie der Richtigkeit der in den Anträgen nach den §§ 8 und 9 sowie nach Absatz 3 und der Endabrechnung nach Absatz 1 gemachten Angaben durchführen. Der Lieferant hat dem Beauftragten dazu auf Aufforderung Auskünfte zu erteilen und Zugang zu den die Vertragsabrechnung betreffenden Unterlagen und zu diesem Zweck zu den üblichen Betriebs- oder Geschäftszeiten zu seinen Geschäftsräumen zu gewähren.</P><P>(5) Ergibt sich aus der Endabrechnung nach Absatz 1 Satz 1 oder dem Prüfvermerk nach Absatz 1 Satz 2 oder Satz 4 oder als Ergebnis von Prüfungshandlungen nach Absatz 4 eine von dem Lieferanten erhaltene Überzahlung, so hat der Lieferant diese innerhalb eines Monats nach Aufforderung durch den Beauftragten zurückzuzahlen. Im Übrigen wird ein sich aus der Endabrechnung nach Absatz 1 Satz 1 ergebender und die Vorauszahlung nach § 8 übersteigender Betrag auf Aufforderung durch den Beauftragten sowie ein nach Absatz 3 beantragter Erstattungsbetrag von der Kreditanstalt für Wiederaufbau an das in dem Antrag nach § 8 Absatz 2 Satz 1 Nummer 2 oder § 9 Absatz 2 Satz 1 Nummer 2 bezeichnete Kreditinstitut oder dessen Zentralinstitut mit schuldbefreiender Wirkung für den Bund ausgezahlt. Diese Zahlungen sind von § 70 Satz 1 und 2 der Bundeshaushaltsordnung ausgenommen.</P></Content></text></textdaten></norm>
<norm builddate="20230802213547" doknr="BJNR205100022BJNE001600377"><metadaten><jurabk>EWSG</jurabk><enbez>§ 10a</enbez><titel format="XML">Veröffentlichungs-, Berichts- und Aufbewahrungspflichten</titel></metadaten><textdaten><text format="XML"><Content><P>(1) Der Beauftragte veröffentlicht innerhalb von zwölf Monaten, nachdem die Höhe der Gewährung der Beihilfe feststeht, die in Anhang III der Verordnung (EU) Nr. 651/2014 der Kommission vom 17. Juni 2014 zur Feststellung der Vereinbarkeit bestimmter Gruppen von Beihilfen mit dem Binnenmarkt in Anwendung der Artikel 107 und 108 des Vertrags über die Arbeitsweise der Europäischen Union (ABl. L 187 vom 26.6.2014, S. 1) geforderten Daten zu gewährten Einzelbeihilfen von mehr als 100 000 Euro durch Einstellung in die Beihilfetransparenzdatenbank der Europäischen Kommission.</P><P>(2) Der Beauftragte übermittelt dem Bundesministerium für Wirtschaft und Klimaschutz einen Jahresbericht zu den Entlastungen nach diesem Gesetz, das diesen abnimmt und der Europäischen Kommission vorlegt. Die Erdgaslieferanten und Wärmeversorgungsunternehmen unterstützen den Beauftragten bei der Erstellung des Berichts.</P><P>(3) Der Beauftragte muss alle Unterlagen über die nach diesem Gesetz gewährten Entlastungsbeträge, die die Einhaltung der in diesem Gesetz genannten Voraussetzungen belegen, für zehn Jahre nach Gewährung der Beihilfe aufbewahren. Sie sind der Europäischen Kommission auf Verlangen herauszugeben.</P></Content></text><fussnoten/></textdaten></norm>
<norm builddate="20230802213547" doknr="BJNR205100022BJNE001100000"><metadaten><jurabk>EWSG</jurabk><enbez>§ 11</enbez><titel format="XML">Sozialrechtliche Regelung</titel></metadaten><textdaten><text format="XML"><Content><P>(1) Wird Personen, die Leistungen zur Sicherung des Lebensunterhalts nach dem Zweiten Buch Sozialgesetzbuch oder Zwölften Buch Sozialgesetzbuch oder ergänzende Hilfe zum Lebensunterhalt nach dem Bundesversorgungsgesetz erhalten, von ihrem Erdgaslieferanten nach § 3 Absatz 2 Satz 1 Alternative 2 die für den Monat Dezember 2022 vereinbarte Voraus- oder Abschlagszahlung überwiesen, gilt diese Einnahme mit der nächsten Rechnung nach den §§ 40 bis 40c des Energiewirtschaftsgesetzes, die diese Personen nach dem 1. Dezember 2022 erhalten, als zugeflossen.</P><P>(2) Unterlässt der Erdgaslieferant bei Personen im Sinne des Absatzes 1 nach § 3 Absatz 2 Satz 1 Alternative 1 die Auslösung des Zahlungsvorgangs für den Monat Dezember 2022, ist der hierdurch verringerte Bedarf der leistungsberechtigten Person beider nächsten Rechnung nach den §§ 40 bis 40c des Energiewirtschaftsgesetzes, die die leistungsberechtigte Person nach dem 1. Dezember 2022 erhält, zu berücksichtigen.</P><P>(3) Die Absätze 1 und 2 gelten entsprechend für Personen im Sinne des Absatzes 1, die Kunden von einem Wärmeversorgungsunternehmen sind; maßgeblich ist die nächstfolgende, den Monat Dezember 2022 umfassende Abrechnung.</P><P>(4) Erhalten Personen im Sinne des Absatzes 1 eine vorläufige Leistung nach § 3 Absatz 3, sind die Absätze 1 und 2 entsprechend anzuwenden.</P></Content></text></textdaten></norm>
<norm builddate="20230802213547" doknr="BJNR205100022BJNE001200000"><metadaten><jurabk>EWSG</jurabk><enbez>§ 12</enbez><titel format="XML">Unpfändbarkeit</titel></metadaten><textdaten><text format="XML"><Content><P>Unpfändbar sind: <DL Type="arabic"><DT>1.</DT><DD Font="normal"><LA>Ansprüche der Letztverbraucher <DL Type="alpha"><DT>a)</DT><DD Font="normal"><LA>auf Gutschrift des einmaligen Entlastungsbetrages nach § 2 und</LA></DD><DT>b)</DT><DD Font="normal"><LA>auf die vorläufige Leistung auf diesen Entlastungsanspruch nach § 3,</LA></DD></DL></LA></DD><DT>2.</DT><DD Font="normal"><LA>Ansprüche der Kunden auf Kompensation nach § 4 sowie</LA></DD><DT>3.</DT><DD Font="normal"><LA>Ansprüche der Mieter und Wohnungseigentümer auf Weitergabe der Entlastung im Rahmen der Heizkostenabrechnung oder Jahresabrechnung nach § 5.</LA></DD></DL>Eine Saldierung durch Lieferanten, Wohnungseigentümergemeinschaften und Vermieter im Rahmen der jeweiligen Kostenabrechnungen mit den in Satz 1 Nummer 1 bis 3 genannten Ansprüchen ist zulässig.</P></Content></text></textdaten></norm>
<norm builddate="20230802213547" doknr="BJNR205100022BJNE001300000"><metadaten><jurabk>EWSG</jurabk><enbez>§ 13</enbez><titel format="XML">Mitwirkung der Kreditinstitute</titel></metadaten><textdaten><text format="XML"><Content><P>Kreditinstitute sind verpflichtet, Vorauszahlungsanträge der Lieferanten nach § 8 Absatz 1 sowie Auszahlungsanträge der Lieferanten nach § 9 Absatz 1 oder § 10 Absatz 3 zusammen mit den Ergebnisberichten nach § 8 Absatz 4 Satz 3, § 9 Absatz 4 Satz 3 oder § 10 Absatz 3 in Verbindung mit § 8 Absatz 4 Satz 3 der Kreditanstalt für Wiederaufbau zu übermitteln. Die Übermittlungspflicht umfasst zudem auch nach von der Kreditanstalt für Wiederaufbau bereitgestellter Vorlage die Ergebnisse der den Kreditinstituten nach den §§ 10 bis 15 des Geldwäschegesetzes obliegenden geldwäscherechtlichen Pflichten sowie ihrer sanktionsrechtlichen Prüfungspflichten und die der Prüfung zugrunde liegenden Angaben, einschließlich einer Bestätigung des Kreditinstituts, ihre gesetzlich bestehenden geldwäscherechtlichen und sanktionsrechtlichen Prüfpflichten eingehalten zu haben und weiter einzuhalten.</P></Content></text></textdaten></norm>
<norm builddate="20230802213547" doknr="BJNR205100022BJNE001400000"><metadaten><jurabk>EWSG</jurabk><enbez>§ 14</enbez><titel format="XML">Mitwirkung der Bundesnetzagentur</titel></metadaten><textdaten><text format="XML"><Content><P>Die Bundesnetzagentur übermittelt dem Beauftragten, soweit für die Antragsprüfungen und sonstigen Prüfungshandlungen erforderlich, folgende bei ihr zu Erdgaslieferanten vorliegende Informationen, einschließlich personenbezogener Daten und Betriebs- und Geschäftsgeheimnisse: <DL Type="arabic"><DT>1.</DT><DD Font="normal"><LA>Liefermenge, aufgeteilt nach Belieferung über ein Standardlastprofil und registrierender Lastgangmessung,</LA></DD><DT>2.</DT><DD Font="normal"><LA>Anzahl der belieferten Marktlokationen, aufgeteilt nach Belieferung über ein Standardlastprofil und registrierender Lastgangmessung und</LA></DD><DT>3.</DT><DD Font="normal"><LA>die Betriebsnummer des Gaslieferanten.</LA></DD></DL></P></Content></text></textdaten></norm>
<norm builddate="20230802213547" doknr="BJNR205100022BJNE001500000"><metadaten><jurabk>EWSG</jurabk><enbez>§ 15</enbez><titel format="XML">Evaluierung</titel></metadaten><textdaten><text format="XML"><Content><P>Es findet bis zum 31. Dezember 2024 eine Evaluierung der Regelungen dieses Gesetzes durch das Bundesministerium für Wirtschaft und Klimaschutz statt.</P></Content></text></textdaten></norm>
</dokumente>