<?xml version="1.0" encoding="UTF-8" ?><!DOCTYPE dokumente SYSTEM "http://www.gesetze-im-internet.de/dtd/1.01/gii-norm.dtd">
<dokumente builddate="20120625150946" doknr="BJNR519300953"><norm builddate="20120625150946" doknr="BJNR519300953"><metadaten><jurabk>AuslWBGDV 6</jurabk><ausfertigung-datum manuell="ja">1953-10-01</ausfertigung-datum><fundstelle typ="amtlich"><periodikum>BAnz</periodikum><zitstelle>1953, Nr 193</zitstelle></fundstelle><langue>Sechste Durchführungsverordnung zum Bereinigungsgesetz für deutsche
Auslandsbonds (Belgien)</langue></metadaten><textdaten><text format="XML"><Content><P/></Content></text><fussnoten><Content><P><BR/> <pre xml:space="preserve">(+++ Textnachweis Geltung ab: 1 1.1964 +++)<BR/><BR/></pre>Diese Vorschrift gilt nicht in dem in Art. 3 des Einigungsvertrages genannten Gebiet gem. Anl. I Kap. IV Sachg. A Abschn. I Nr. 9 EinigVtr v. 31.8.1990 iVm Art. 1 G v. 23.9.1990 II 885, 964</P></Content></fussnoten></textdaten></norm>
<norm builddate="20120625150946" doknr="BJNR519300953BJNE000100303"><metadaten><jurabk>AuslWBGDV 6</jurabk><enbez>Eingangsformel</enbez></metadaten><textdaten><text format="XML"><Content><P>Auf Grund des § 23 Abs. 5, des § 35 Abs. 2 und des § 76 des Bereinigungsgesetzes für deutsche Auslandsbonds vom 25. August 1952 (Bundesgesetzbl. I S. 553) verordnet die Bundesregierung:</P></Content></text></textdaten></norm>
<norm builddate="20120625150946" doknr="BJNR519300953BJNE000200303"><metadaten><jurabk>AuslWBGDV 6</jurabk><enbez>§ 1</enbez><titel format="parat">Geltungsbereich und Begriffsbestimmungen</titel></metadaten><textdaten><text format="XML"><Content><P>(1) Diese Verordnung erstreckt sich auf alle Wertpapiere der im Verzeichnis der Auslandsbonds (§ 1 Abs. 1 des Gesetzes) aufgeführten oder bei einer Ergänzung (§ 1 Abs. 2 des Gesetzes) in das Verzeichnis aufgenommenen Art einschließlich der Nebenurkunden (§ 5 des Gesetzes), soweit Belgien als Begebungsland angegeben ist.</P><P>(2) Im Sinne dieser Verordnung bezeichnet der Ausdruck &quot;der Auslandsbevollmächtigte&quot; den für Belgien nach § 8 Abs. 1 des Gesetzes bestellten Auslandsbevollmächtigten sowie einen für ihn nach § 8 Abs. 7 des Gesetzes bestellten ständigen Vertreter.</P></Content> </text></textdaten></norm>
<norm builddate="20120625150946" doknr="BJNR519300953BJNE000300303"><metadaten><jurabk>AuslWBGDV 6</jurabk><enbez>§ 2</enbez><titel format="parat">Hinterlegung der Bonds</titel></metadaten><textdaten><text format="XML"><Content><P>(1) Eine Hinterlegung von Auslandsbonds nach § 23 Abs. 2 des Gesetzes ist in Belgien nur bei einer Bank zulässig, die in der von der Belgischen Bankenkommission gemäß Artikel 2 der Königlich Belgischen Verordnung Nr. 185 vom 9. Juli 1935 veröffentlichten Liste verzeichnet ist.</P><P>(2) Die Befugnis des Auslandsbevollmächtigten, nach § 23 Abs. 4 des Gesetzes im Einzelfall eine abweichende Regelung zuzulassen, bleibt unberührt; der Auslandsbevollmächtigte kann insbesondere zulassen, daß Auslandsbonds, die bei anderen Stellen als bei den in Absatz 1 genannten Banken hinterlegt sind, dort verbleiben, sofern eine Bescheinigung nach § 23 Abs. 2 des Gesetzes beigebracht wird.</P></Content> </text></textdaten></norm>
<norm builddate="20120625150946" doknr="BJNR519300953BJNE000400303"><metadaten><jurabk>AuslWBGDV 6</jurabk><enbez>§ 3</enbez><titel format="parat">Verfahren bei der Anmeldung</titel></metadaten><textdaten><text format="XML"><Content><P>Für die Anmeldung soll der Vordruck verwendet werden, der vom Auslandsbevollmächtigten zur Verfügung gestellt wird.</P></Content></text></textdaten></norm>
<norm builddate="20120625150946" doknr="BJNR519300953BJNE000500303"><metadaten><jurabk>AuslWBGDV 6</jurabk><enbez>§ 4</enbez><titel format="parat">Gesetzliches Schiedsgericht</titel></metadaten><textdaten><text format="XML"><Content><P>(1) Für die Nachprüfung ablehnender Entscheidungen des Auslandsbevollmächtigten wird nach § 35 des Gesetzes für Belgien ein Schiedsgericht eingerichtet.</P><P>(2) Das Schiedsgericht besteht aus drei Schiedsrichtern, und zwar aus einem Vorsitzer und zwei Beisitzern. Die Schiedsrichter werden unter sinngemäßer Anwendung des § 77 des Gesetzes vom Bundesminister der Finanzen ernannt. Die Ernennung wird vom Bundesminister der Finanzen im Bundesanzeiger bekanntgemacht.</P><P>(3) Für jeden Schiedsrichter ist für den Fall seiner Behinderung ein Vertreter zu ernennen. Für die Vertreter gilt Absatz 2 sinngemäß.</P><P>(4) Der Bundesminister der Finanzen kann die Ernennung der Schiedsrichter widerrufen, wenn sie ihre Amtspflichten gröblich verletzen. § 77 des Gesetzes gilt sinngemäß. Für die Ernennung eines Nachfolgers gilt Absatz 2.</P></Content>   </text></textdaten></norm>
<norm builddate="20120625150946" doknr="BJNR519300953BJNE000600303"><metadaten><jurabk>AuslWBGDV 6</jurabk><enbez>§ 5</enbez><titel format="parat">Verfahren vor dem gesetzlichen Schiedsgericht</titel></metadaten><textdaten><text format="XML"><Content><P>(1) Der Antrag auf schiedsgerichtliche Entscheidung ist bei dem Auslandsbevollmächtigten schriftlich einzureichen. Dem Antrag sind fünf Abschriften beizufügen.</P><P>(2) Der Auslandsbevollmächtigte stellt je eine Abschrift der Prüfstelle, dem Aussteller, den Treuhändern und den Zahlungsagenten mit der Aufforderung zu, ihm ihre etwaige Stellungnahme innerhalb zweier Monate nach der Zustellung einzureichen. Der Auslandsbevollmächtigte kann diese Frist auf Antrag verlängern, jedoch höchstens um drei Monate. Nach Ablauf der gesetzten Frist übermittelt der Auslandsbevollmächtigte den Antrag dem Schiedsgericht zusammen mit den Zustellungsnachweisen, den etwa eingegangenen Stellungnahmen, seiner eigenen Stellungnahme und seinen Unterlagen.</P><P>(3) Das Schiedsgericht kann Beweise erheben, soweit es dies für notwendig hält. Es kann insbesondere den Auslandsbevollmächtigten über die Gründe hören, die ihn zur Ablehnung der Anmeldung veranlaßt haben.</P><P>(4) Das Schiedsgericht entscheidet mit Stimmenmehrheit in freier Würdigung des gesamten Inhalts des Verfahrens und des Ergebnisses einer Beweisaufnahme über die Frage, ob die im Gesetz geforderten Voraussetzungen für die Anerkennung des angemeldeten Auslandsbonds durch den Auslandsbevollmächtigten vorliegen.</P><P>(5) Das Schiedsgericht stellt seine Entscheidung dem Auslandsbevollmächtigten und dem Anmelder zu. Der Auslandsbevollmächtigte benachrichtigt die Prüfstelle, den Aussteller sowie die Treuhänder und Zahlungsagenten von der Entscheidung.</P></Content>    </text></textdaten></norm>
<norm builddate="20120625150946" doknr="BJNR519300953BJNE000700303"><metadaten><jurabk>AuslWBGDV 6</jurabk><enbez>§ 6</enbez><titel format="parat">Zustellungen</titel></metadaten><textdaten><text format="XML"><Content><P>Zustellungen nach dem Gesetz oder nach dieser Verordnung können in Belgien gemäß § 70 Abs. 2 des Gesetzes durch eingeschriebenen Brief gegen Rückschein bewirkt werden.</P></Content></text></textdaten></norm>
<norm builddate="20120625150946" doknr="BJNR519300953BJNE000800303"><metadaten><jurabk>AuslWBGDV 6</jurabk><enbez>§ 7</enbez><titel format="parat">Land Berlin</titel></metadaten><textdaten><text format="XML"><Content><P>Nach § 14 des Gesetzes über die Stellung des Landes Berlin im Finanzsystem des Bundes (Drittes Überleitungsgesetz) vom 4. Januar 1952 (Bundesgesetzbl. I S. 1) in Verbindung mit § 78 des Gesetzes gilt diese Rechtsverordnung auch im Land Berlin.</P></Content></text></textdaten></norm>
<norm builddate="20120625150946" doknr="BJNR519300953BJNE000900303"><metadaten><jurabk>AuslWBGDV 6</jurabk><enbez>§ 8</enbez><titel format="parat">Inkrafttreten</titel></metadaten><textdaten><text format="XML"><Content><P>Diese Verordnung tritt am Tage nach ihrer Verkündung in Kraft.</P></Content></text></textdaten></norm>
</dokumente>