<?xml version="1.0" encoding="UTF-8" ?><!DOCTYPE dokumente SYSTEM "http://www.gesetze-im-internet.de/dtd/1.01/gii-norm.dtd">
<dokumente builddate="20240417215008" doknr="BJNR1110A0023"><norm builddate="20240417215008" doknr="BJNR1110A0023"><metadaten><jurabk>AgrarErzAnpBeihV 2</jurabk><amtabk>2. AgrarErzAnpBeihV</amtabk><ausfertigung-datum manuell="ja">2023-10-11</ausfertigung-datum><fundstelle typ="amtlich"><periodikum>BGBl I</periodikum><zitstelle>2023, Nr. 273</zitstelle></fundstelle><kurzue>2. Agrarerzeugeranpassungsbeihilfenverordnung</kurzue><langue>Zweite Verordnung zur Gewährung einer außergewöhnlichen Anpassungsbeihilfe für Erzeuger in bestimmten Agrarsektoren</langue><standangabe checked="ja"><standtyp>Aufh</standtyp><standkommentar>Die V tritt gem. § 9 Abs. 2 idF d. Art 3 V v. 23.2.2024 I Nr. 67 mit Ablauf des 31.12.2025 außer Kraft</standkommentar></standangabe><standangabe checked="ja"><standtyp>Stand</standtyp><standkommentar>Geändert durch Art. 3 V v. 23.2.2024 I Nr. 67</standkommentar></standangabe></metadaten><textdaten><fussnoten><Content><P><BR/> <pre xml:space="preserve">(+++ Textnachweis ab: 18.10.2023 +++)<BR/> <BR/><BR/> <BR/>(+++ Zur Anwendung vgl. § 9 Abs. 2 F 2024-02-23 +++)</pre></P></Content></fussnoten></textdaten></norm>
<norm builddate="20240417215008" doknr="BJNR1110A0023BJNE000101119"><metadaten><jurabk>AgrarErzAnpBeihV 2</jurabk><jurabk>2. AgrarErzAnpBeihV</jurabk><enbez>Eingangsformel</enbez></metadaten><textdaten><text format="XML"><Content><P>Das Bundesministerium für Ernährung und Landwirtschaft verordnet auf Grund <DL Type="Dash"><DT>–</DT><DD Font="normal"><LA>des § 9b Absatz 1 Nummer 2 Buchstabe c in Verbindung mit Absatz 4 Satz 1 und Satz 3 Nummer 1 und Absatz 5 Satz 2 sowie mit § 31 Absatz 2 Satz 1 Nummer 2 in Verbindung mit Satz 2 sowie des § 31a Absatz 2 des Marktorganisationsgesetzes in der Fassung der Bekanntmachung vom 7. November 2017 (BGBl. I S. 3746), von denen § 31 Absatz 2 zuletzt durch Artikel 11a Nummer 1 des Gesetzes vom 20. Juli 2022 (BGBl. I S. 1174) geändert worden ist und § 31a Absatz 2 durch Artikel 11a Nummer 2 des Gesetzes vom 20. Juli 2022 (BGBl. I S. 1174) eingefügt worden ist, im Einvernehmen mit dem Bundesministerium für Arbeit und Soziales,</LA></DD><DT>–</DT><DD Font="normal"><LA>des § 15 in Verbindung mit § 16 und mit § 31 Absatz 2 Satz 1 Nummer 2 des Marktorganisationsgesetzes in der Fassung der Bekanntmachung vom 7. November 2017 (BGBl. I S. 3746), von denen § 31 Absatz 2 zuletzt durch Artikel 11a Nummer 1 des Gesetzes vom 20. Juli 2022 (BGBl. I S. 1174) geändert worden ist, in Verbindung mit § 1 Absatz 2 des Zuständigkeitsanpassungsgesetzes vom 16. August 2002 (BGBl. I S. 3165) und dem Organisationserlass vom 8. Dezember 2021 (BGBl. I S. 5176) im Einvernehmen mit dem Bundesministerium der Finanzen, dem Bundesministerium für Wirtschaft und Klimaschutz und dem Bundesministerium für Arbeit und Soziales:</LA></DD></DL></P></Content></text><fussnoten/></textdaten></norm>
<norm builddate="20240417215008" doknr="BJNR1110A0023BJNE000201119"><metadaten><jurabk>AgrarErzAnpBeihV 2</jurabk><jurabk>2. AgrarErzAnpBeihV</jurabk><enbez>§ 1</enbez><titel format="XML">Zweck</titel></metadaten><textdaten><text format="XML"><Content><P>Diese Verordnung dient der Durchführung der Durchführungsverordnung (EU) 2023/1465 der Kommission vom 14. Juli 2023 über eine finanzielle Soforthilfe für die Sektoren in der Landwirtschaft, die von spezifischen Problemen betroffen sind, die sich auf die wirtschaftliche Tragfähigkeit landwirtschaftlicher Betriebe auswirken (ABl. L 180 vom 17.7.2023, S. 21) in der jeweils geltenden Fassung. Nach Maßgabe dieser Verordnung wird eine Beihilfe für landwirtschaftliche Erzeuger in Sektoren gewährt, die von besonderen wirtschaftlichen Schwierigkeiten betroffen sind.</P></Content></text><fussnoten/></textdaten></norm>
<norm builddate="20240417215008" doknr="BJNR1110A0023BJNE000301119"><metadaten><jurabk>AgrarErzAnpBeihV 2</jurabk><jurabk>2. AgrarErzAnpBeihV</jurabk><enbez>§ 2</enbez><titel format="XML">Beihilfeberechtigung</titel></metadaten><textdaten><text format="XML"><Content><P>(1) Eine Beihilfe ist einem Unternehmer im Sinne des § 136 Absatz 3 Nummer 1 des Siebten Buches Sozialgesetzbuch – Gesetzliche Unfallversicherung – (Artikel 1 des Gesetzes vom 7. August 1996, BGBl. I S. 1254), das zuletzt durch Artikel 12 des Gesetzes vom 17. Juli 2023 (BGBl. 2023 I Nr. 191) geändert worden ist, zu gewähren, wenn der Unternehmer zum Stichtag 9. Juli 2023 ein landwirtschaftliches Unternehmen führt, für das festgestellt war: <DL Type="arabic"><DT>1.</DT><DD Font="normal"><LA>die Zuständigkeit der Sozialversicherung für Landwirtschaft, Forsten und Gartenbau nach § 123 Absatz 1 Nummer 1 in Verbindung mit § 136 Absatz 1 Satz 1 des Siebten Buches Sozialgesetzbuch und</LA></DD><DT>2.</DT><DD Font="normal"><LA>eine Tätigkeit in mindestens einem der Sektoren Freilandobstbau oder Hopfenanbau nach Maßgabe des Absatzes 2.</LA></DD></DL>Für die Feststellungen nach Satz 1 werden das Unternehmen betreffende Änderungen berücksichtigt, die <DL Type="arabic"><DT>1.</DT><DD Font="normal"><LA>vor dem 10. Juli 2023 eingetreten sind und</LA></DD><DT>2.</DT><DD Font="normal"><LA>der Sozialversicherung für Landwirtschaft, Forsten und Gartenbau bis zum 9. August 2023 schriftlich oder elektronisch angezeigt worden sind.</LA></DD></DL></P><P>(2) Die in Absatz 1 Satz 1 Nummer 2 bezeichneten Sektoren umfassen im Einzelnen die von der Sozialversicherung für Landwirtschaft, Forsten und Gartenbau genutzten Katasterarten (KA) mit den folgenden Kennzeichnungen oder Spezifizierungen: <DL Type="arabic"><DT>1.</DT><DD Font="normal"><LA>Freilandobstbau: <DL Type="alpha"><DT>a)</DT><DD Font="normal"><LA>Obstbau mit mechanischer Ernteunterstützung (KA 0262),</LA></DD><DT>b)</DT><DD Font="normal"><LA>Baumobst (KA 0021),</LA></DD><DT>c)</DT><DD Font="normal"><LA>Beerenobst (KA 0033);</LA></DD></DL></LA></DD><DT>2.</DT><DD Font="normal"><LA>Hopfenanbau: Hopfen (KA 0027).</LA></DD></DL></P><P>(3) Abweichend von Absatz 1 wird eine Beihilfe nicht gewährt, wenn sie den Betrag von 100 Euro unterschreitet.</P><P>(4) Wenn für ein Unternehmen mehrere Unternehmer nach Absatz 1 beihilfeberechtigt sind, wird die Beihilfe nur einem dieser Unternehmer gewährt.</P></Content></text><fussnoten/></textdaten></norm>
<norm builddate="20240417215008" doknr="BJNR1110A0023BJNE000401119"><metadaten><jurabk>AgrarErzAnpBeihV 2</jurabk><jurabk>2. AgrarErzAnpBeihV</jurabk><enbez>§ 3</enbez><titel format="XML">Höhe der Beihilfe</titel></metadaten><textdaten><text format="XML"><Content><P>(1) Die Beihilfe beträgt für <DL Type="arabic"><DT>1.</DT><DD Font="normal"><LA>Freilandobstbau: 342 Euro je Hektar Anbaufläche,</LA></DD><DT>2.</DT><DD Font="normal"><LA>Hopfenanbau: 375 Euro je Hektar Anbaufläche.</LA></DD></DL></P><P>(2) Maßgeblich für die Berechnung der Höhe der Beihilfe ist die bei der Sozialversicherung für Landwirtschaft, Forsten und Gartenbau zum 9. Juli 2023 erfasste Anbaufläche. Für die Feststellung der Anbaufläche zum 9. Juli 2023 werden das Unternehmen betreffende Änderungen berücksichtigt, die <DL Type="arabic"><DT>1.</DT><DD Font="normal"><LA>vor dem 10. Juli 2023 eingetreten sind und</LA></DD><DT>2.</DT><DD Font="normal"><LA>der Sozialversicherung für Landwirtschaft, Forsten und Gartenbau bis zum 9. August 2023 schriftlich oder elektronisch angezeigt worden sind.</LA></DD></DL>Sofern die im Rahmen einer Kontrolle nachträglich für den Stichtag 9. Juli 2023 festgestellte Anbaufläche kleiner ist als die nach den Sätzen 1 und 2 zu Grunde gelegte Anbaufläche, ist die nachträglich festgestellte Anbaufläche maßgeblich für die Berechnung der Höhe der Beihilfe.</P><P>(3) Wenn ein Unternehmen sowohl im Sektor Freilandobstbau als auch im Sektor Hopfenanbau tätig ist, werden die nach Absatz 1 und 2 pro Sektor berechneten Beihilfen addiert.</P><P>(4) Übersteigt die nach den Absätzen 1, 2 und 3 berechnete Beihilfe eines Unternehmens den Betrag von 15 000 Euro, ist die Beihilfe für dieses Unternehmen auf den Betrag von 15 000 Euro festzusetzen.</P></Content></text><fussnoten/></textdaten></norm>
<norm builddate="20240417215008" doknr="BJNR1110A0023BJNE000501119"><metadaten><jurabk>AgrarErzAnpBeihV 2</jurabk><jurabk>2. AgrarErzAnpBeihV</jurabk><enbez>§ 4</enbez><titel format="XML">Zuständigkeit für die Verwaltung und Kontrolle der Gewährung der Beihilfe</titel></metadaten><textdaten><text format="XML"><Content><P>(1) Die für die Verwaltung und Kontrolle der in § 1 genannten Maßnahme zuständige Zahlstelle nach Artikel 9 der Verordnung (EU) 2021/2116 des Europäischen Parlaments und des Rates vom 2. Dezember 2021 über die Finanzierung, Verwaltung und Überwachung der Gemeinsamen Agrarpolitik und zur Aufhebung der Verordnung (EU) Nr. 1306/2013 (ABl. L 435 vom 6.12.2021, S. 187; L 29 vom 10.2.2022, S. 45) in der jeweils geltenden Fassung ist die Bundesanstalt für Landwirtschaft und Ernährung (Bundesanstalt).</P><P>(2) Auf Antrag der Sozialversicherung für Landwirtschaft, Forsten und Gartenbau hat die Bundesanstalt die in Artikel 3 Absatz 1 Buchstabe d der Durchführungsverordnung (EU) 2023/1465 für Deutschland festgelegte Unionsbeihilfe für die Zwecke des Artikels 1 Absatz 4 der Durchführungsverordnung (EU) 2023/1465 an die Sozialversicherung für Landwirtschaft, Forsten und Gartenbau als einzige direkt Begünstigte im Sinne des Artikels 1 Absatz 4 der Durchführungsverordnung (EU) 2023/1465 auszuzahlen.</P></Content></text><fussnoten/></textdaten></norm>
<norm builddate="20240417215008" doknr="BJNR1110A0023BJNE000601119"><metadaten><jurabk>AgrarErzAnpBeihV 2</jurabk><jurabk>2. AgrarErzAnpBeihV</jurabk><enbez>§ 5</enbez><titel format="XML">Durchführung der Beihilfegewährung</titel></metadaten><textdaten><text format="XML"><Content><P>(1) Zuständig für die Durchführung der Beihilfegewährung ist die Sozialversicherung für Landwirtschaft, Forsten und Gartenbau. Sie hat die Beihilfe von Amts wegen bis zum 31. Januar 2024 an die nach § 2 Beihilfeberechtigten auszuzahlen.</P><P>(2) Die Sozialversicherung für Landwirtschaft, Forsten und Gartenbau hat den Beihilfebescheid mit einem Vorbehalt des Widerrufs für den Fall des Verstoßes gegen eine in § 7 genannte Pflicht zu erlassen.</P><P>(3) Die Sozialversicherung für Landwirtschaft, Forsten und Gartenbau hat im Rahmen der Durchführung der Beihilfegewährung Kontrollen bei den Beihilfeberechtigten durchzuführen. Sie bestimmt Anzahl und Umfang der Kontrollen nach pflichtgemäßem Ermessen.</P></Content></text><fussnoten/></textdaten></norm>
<norm builddate="20240417215008" doknr="BJNR1110A0023BJNE000701119"><metadaten><jurabk>AgrarErzAnpBeihV 2</jurabk><jurabk>2. AgrarErzAnpBeihV</jurabk><enbez>§ 6</enbez><titel format="XML">Überwachung durch die Bundesanstalt</titel></metadaten><textdaten><text format="XML"><Content><P>(1) Die Bundesanstalt hat im Rahmen der Verwaltung und Kontrolle nach § 4 Absatz 1 die unionsrechtskonforme Gewährung der Beihilfe durch die Sozialversicherung für Landwirtschaft, Forsten und Gartenbau an die Beihilfeberechtigten zu überprüfen. Zu diesem Zweck wird der Bundesanstalt die Aufsicht über die Sozialversicherung für Landwirtschaft, Forsten und Gartenbau nach § 31a Absatz 2 des Marktorganisationsgesetzes in der Fassung der Bekanntmachung vom 7. November 2017 (BGBl. I S. 3746), der durch Artikel 11a Nummer 2 des Gesetzes vom 20. Juli 2022 (BGBl. I S. 1174) eingefügt worden ist, übertragen.</P><P>(2) Im Rahmen der Überprüfung kann die Bundesanstalt auch Kontrollen bei den Beihilfeberechtigten vornehmen.</P></Content></text><fussnoten/></textdaten></norm>
<norm builddate="20240417215008" doknr="BJNR1110A0023BJNE000801119"><metadaten><jurabk>AgrarErzAnpBeihV 2</jurabk><jurabk>2. AgrarErzAnpBeihV</jurabk><enbez>§ 7</enbez><titel format="XML">Duldungs- und Mitwirkungspflichten</titel></metadaten><textdaten><text format="XML"><Content><P>Zum Zweck der Überwachung der Einhaltung dieser Verordnung haben die nach § 2 Beihilfeberechtigten der Bundesanstalt, dem Bundesministerium für Ernährung und Landwirtschaft, dem Bundesrechnungshof und den Prüfbehörden der Europäischen Union <DL Type="arabic"><DT>1.</DT><DD Font="normal"><LA>das Betreten der Geschäfts-, Betriebs- und Lagerräume sowie der Betriebsflächen während der Geschäfts- und Betriebszeiten zu gestatten,</LA></DD><DT>2.</DT><DD Font="normal"><LA>auf Verlangen die in Betracht kommenden Bücher, Aufzeichnungen, Belege, Schriftstücke, Datenträger und sonstigen Unterlagen zur Einsicht zur Verfügung zu stellen,</LA></DD><DT>3.</DT><DD Font="normal"><LA>Auskunft zu erteilen und</LA></DD><DT>4.</DT><DD Font="normal"><LA>die erforderliche Unterstützung zu gewähren.</LA></DD></DL>Fordert eine der in Satz 1 genannten Behörden einen nach § 2 Beihilfeberechtigten schriftlich oder elektronisch auf, Auskünfte zu erteilen oder Belege einzureichen, so können die Auskünfte oder Belege schriftlich oder elektronisch übermittelt werden. Satz 1 und 2 gelten entsprechend für Kontrollen durch die Sozialversicherung für Landwirtschaft, Forsten und Gartenbau nach § 5 Absatz 3.</P></Content></text><fussnoten/></textdaten></norm>
<norm builddate="20240417215008" doknr="BJNR1110A0023BJNE000901119"><metadaten><jurabk>AgrarErzAnpBeihV 2</jurabk><jurabk>2. AgrarErzAnpBeihV</jurabk><enbez>§ 8</enbez><titel format="XML">Bereitstellung und Übermittlung von Betriebsdaten</titel></metadaten><textdaten><text format="XML"><Content><P>(1) Zum Zweck der Überwachung nach § 6 Absatz 1 und 2 haben die zuständigen Zahlstellen der Länder im Sinne des Integrierten Verwaltungs- und Kontrollsystems für Maßnahmen der Gemeinsamen Agrarpolitik der Bundesanstalt nach Maßgabe des Absatzes 2 folgende Betriebsdaten der nach § 2 Beihilfeberechtigten bereitzustellen oder zu übermitteln: <DL Type="arabic"><DT>1.</DT><DD Font="normal"><LA>die Betriebsnummer nach § 7 Absatz 1 des GAP-Integriertes Verwaltungs- und Kontrollsystem-Gesetzes vom 10. August 2021 (BGBl. I S. 3523; 2022 I S. 2262) (Betriebsnummer),</LA></DD><DT>2.</DT><DD Font="normal"><LA>den Namen oder die Firma,</LA></DD><DT>3.</DT><DD Font="normal"><LA>die Anschrift,</LA></DD><DT>4.</DT><DD Font="normal"><LA>die Bankverbindung,</LA></DD><DT>5.</DT><DD Font="normal"><LA>die festgestellte Fläche und Nutzungsart.</LA></DD></DL></P><P>(2) Die Datenbereitstellung oder -übermittlung nach Absatz 1 hat auf Anforderung der Bundesanstalt zu erfolgen für Unternehmen, für die die Sozialversicherung für Landwirtschaft, Forsten und Gartenbau die Erfüllung der Voraussetzungen nach § 2 festgestellt hat. In der Anforderung hat die Bundesanstalt die Betriebsnummer der nach § 2 Beihilfeberechtigten bereitzustellen oder zu übermitteln. Die Anforderung kann wiederholt erfolgen, damit die Bundesanstalt bei der Überwachung etwaige Änderungen der Betriebsdaten berücksichtigen kann.</P><P>(3) Die Bundesanstalt hat die nach Absatz 1 bereitgestellten oder übermittelten Daten unverzüglich zu löschen, wenn die Überwachungsmaßnahmen abgeschlossen sind.</P></Content></text><fussnoten/></textdaten></norm>
<norm builddate="20240417215008" doknr="BJNR1110A0023BJNE001001119"><metadaten><jurabk>AgrarErzAnpBeihV 2</jurabk><jurabk>2. AgrarErzAnpBeihV</jurabk><enbez>§ 9</enbez><titel format="XML">Inkrafttreten, Außerkrafttreten</titel></metadaten><textdaten><text format="XML"><Content><P>(1) Diese Verordnung tritt am Tag nach der Verkündung in Kraft.</P><P>(2) Sie tritt mit Ablauf des 31. Dezember 2025 außer Kraft. Sie ist auf Sachverhalte, die vor diesem Tag eingetreten sind, weiter anzuwenden.</P></Content></text><fussnoten/></textdaten></norm>
</dokumente>