<?xml version="1.0" encoding="UTF-8" ?><!DOCTYPE dokumente SYSTEM "http://www.gesetze-im-internet.de/dtd/1.01/gii-norm.dtd">
<dokumente builddate="20220211212505" doknr="BJNR070410993"><norm builddate="20220211212505" doknr="BJNR070410993"><metadaten><jurabk>GSGV 9</jurabk><amtabk>9. ProdSV</amtabk><ausfertigung-datum manuell="ja">1993-05-12</ausfertigung-datum><fundstelle typ="amtlich"><periodikum>BGBl I</periodikum><zitstelle>1993, 704</zitstelle></fundstelle><langue>Neunte Verordnung zum Produktsicherheitsgesetz (Maschinenverordnung)</langue><standangabe checked="ja"><standtyp>Stand</standtyp><standkommentar>Zuletzt geändert durch Art. 23 G v. 27.7.2021 I 3146</standkommentar></standangabe></metadaten><textdaten><text format="XML"><Content><P><noindex><BR/>Diese Verordnung dient der Umsetzung der Richtlinie<BR/>89/392/EWG des Rates vom 14. Juni 1989 zur Angleichung der Rechtsvorschriften<BR/>der Mitgliedstaaten für Maschinen (ABl. EG Nr. L 183 S. 9), zuletzt geändert<BR/>durch die Richtlinie 91/368/EWG des Rates vom 20. Juni 1991 (ABl. EG Nr. L 198<BR/>S. 16).<BR/>Diese Verordnung ist gem. Art. 3 der V v. 12.5.1993 I 704 am 20.5.1993<BR/>in Kraft getreten; sie wurde auf Grund d. § 4 Abs. 1 G v. 24.6.1968 I 717<BR/>von der Bundesregierung nach Anhörung des Ausschusses für technische<BR/>Arbeitsmittel und der beteiligten Kreise mit Zustimmung des Bundesrates<BR/>als Artikel 1 der vorgenannten V erlassen.</noindex></P></Content></text><fussnoten><Content><P><BR/> <pre xml:space="preserve">(+++ Textnachweis ab: 20.5.1993 +++)<BR/><BR/></pre>Überschrift: IdF d. Art. 19 Nr. 1 G v. 8.11.2011 I 2178 mWv 15.12.2011 (+++ Amtlicher Hinweis des Normgebers auf EG-Recht:      Umsetzung der        EWGRL 392/89 (CELEX Nr: 389L0392)        EGRL 42/2006 (CELEX Nr: 306L0042) vgl. V v. 18.6.2008 I 1060 +++) <BR/></P></Content></fussnoten></textdaten></norm>
<norm builddate="20220211212505" doknr="BJNR070410993BJNE000106308"><metadaten><jurabk>GSGV 9</jurabk><jurabk>9. ProdSV</jurabk><enbez>§ 1</enbez><titel format="XML">Anwendungsbereich</titel></metadaten><textdaten><text format="XML"><Content><P>(1) Diese Verordnung gilt für die Bereitstellung auf dem Markt und die Inbetriebnahme von folgenden neuen Produkten: <DL Type="arabic"><DT>1.</DT><DD Font="normal"><LA>Maschinen,</LA></DD><DT>2.</DT><DD Font="normal"><LA>auswechselbare Ausrüstungen,</LA></DD><DT>3.</DT><DD Font="normal"><LA>Sicherheitsbauteile,</LA></DD><DT>4.</DT><DD Font="normal"><LA>Lastaufnahmemittel,</LA></DD><DT>5.</DT><DD Font="normal"><LA>Ketten, Seile und Gurte,</LA></DD><DT>6.</DT><DD Font="normal"><LA>abnehmbare Gelenkwellen und</LA></DD><DT>7.</DT><DD Font="normal"><LA>unvollständige Maschinen.</LA></DD></DL></P><P>(2) Diese Verordnung gilt nicht für: <DL Type="arabic"><DT>1.</DT><DD Font="normal"><LA>Sicherheitsbauteile, die als Ersatzteile zur Ersetzung identischer Bauteile bestimmt sind und die vom Hersteller der Ursprungsmaschine geliefert werden,</LA></DD><DT>2.</DT><DD Font="normal"><LA>spezielle Einrichtungen für die Verwendung auf Jahrmärkten und in Vergnügungsparks,</LA></DD><DT>3.</DT><DD Font="normal"><LA>speziell für eine nukleare Verwendung konstruierte oder eingesetzte Maschinen, deren Ausfall zu einer Emission von Radioaktivität führen kann,</LA></DD><DT>4.</DT><DD Font="normal"><LA>Waffen einschließlich Feuerwaffen,</LA></DD><DT>5.</DT><DD Font="normal"><LA>die folgenden Beförderungsmittel: <DL Type="alpha"><DT>a)</DT><DD Font="normal"><LA>land- und forstwirtschaftliche Zugmaschinen in Bezug auf die Risiken, die von der Richtlinie 2003/37/EG des Europäischen Parlaments und des Rates vom 26. Mai 2003 über die Typgenehmigung für land- und forstwirtschaftliche Zugmaschinen, ihre Anhänger und die von ihnen gezogenen auswechselbaren Maschinen sowie zur Aufhebung der Richtlinie 74/150/EWG (ABl. EU Nr. L 171 S. 1) in ihrer jeweils geltenden Fassung erfasst werden mit Ausnahme der auf diesen Fahrzeugen angebrachten Maschinen,</LA></DD><DT>b)</DT><DD Font="normal"><LA>Kraftfahrzeuge und Kraftfahrzeuganhänger im Sinne der Richtlinie 70/156/EWG des Rates vom 6. Februar 1970 zur Angleichung der Rechtsvorschriften der Mitgliedstaaten über die Betriebserlaubnis für Kraftfahrzeuge und Kraftfahrzeuganhänger (ABl. EG Nr. L 42 S. 1) in ihrer jeweils geltenden Fassung mit Ausnahme der auf diesen Fahrzeugen angebrachten Maschinen,</LA></DD><DT>c)</DT><DD Font="normal"><LA>Fahrzeuge im Sinne der Richtlinie 2002/24/EG des Europäischen Parlaments und des Rates vom 18. März 2002 über die Typgenehmigung für zweirädrige oder dreirädrige Kraftfahrzeuge (ABl. EG Nr. L 124 S. 1) in ihrer jeweils geltenden Fassung mit Ausnahme der auf diesen Fahrzeugen angebrachten Maschinen,</LA></DD><DT>d)</DT><DD Font="normal"><LA>ausschließlich für sportliche Wettbewerbe bestimmte Kraftfahrzeuge und</LA></DD><DT>e)</DT><DD Font="normal"><LA>Beförderungsmittel für die Beförderung in der Luft, auf dem Wasser und auf Schienennetzen mit Ausnahme der auf diesen Beförderungsmitteln angebrachten Maschinen,</LA></DD></DL></LA></DD><DT>6.</DT><DD Font="normal"><LA>Seeschiffe und bewegliche Offshore-Anlagen sowie Maschinen, die auf solchen Schiffen oder in solchen Anlagen installiert sind,</LA></DD><DT>7.</DT><DD Font="normal"><LA>Maschinen, die speziell für militärische Zwecke oder zur Aufrechterhaltung der öffentlichen Ordnung konstruiert und gebaut wurden,</LA></DD><DT>8.</DT><DD Font="normal"><LA>Maschinen, die speziell für Forschungszwecke konstruiert und gebaut wurden und zur vorübergehenden Verwendung in Laboratorien bestimmt sind,</LA></DD><DT>9.</DT><DD Font="normal"><LA>Schachtförderanlagen,</LA></DD><DT>10.</DT><DD Font="normal"><LA>Maschinen zur Beförderung von Darstellern und Darstellerinnen während künstlerischer Vorführungen,</LA></DD><DT>11.</DT><DD Font="normal"><LA>elektrische und elektronische Erzeugnisse folgender Arten, soweit sie unter die Richtlinie 2006/95/EG des Europäischen Parlaments und des Rates vom 12. Dezember 2006 zur Angleichung der Rechtsvorschriften der Mitgliedstaaten betreffend elektrische Betriebsmittel zur Verwendung innerhalb bestimmter Spannungsgrenzen (ABl. EU Nr. L 374 S. 10) in ihrer jeweils geltenden Fassung fallen: <DL Type="alpha"><DT>a)</DT><DD Font="normal"><LA>für den häuslichen Gebrauch bestimmte Haushaltsgeräte,</LA></DD><DT>b)</DT><DD Font="normal"><LA>Audio- und Videogeräte,</LA></DD><DT>c)</DT><DD Font="normal"><LA>informationstechnische Geräte,</LA></DD><DT>d)</DT><DD Font="normal"><LA>gewöhnliche Büromaschinen,</LA></DD><DT>e)</DT><DD Font="normal"><LA>Niederspannungsschaltgeräte und -steuergeräte und</LA></DD><DT>f)</DT><DD Font="normal"><LA>Elektromotoren und</LA></DD></DL></LA></DD><DT>12.</DT><DD Font="normal"><LA>die folgenden Arten von elektrischen Hochspannungsausrüstungen: <DL Type="alpha"><DT>a)</DT><DD Font="normal"><LA>Schalt- und Steuergeräte und</LA></DD><DT>b)</DT><DD Font="normal"><LA>Transformatoren.</LA></DD></DL></LA></DD></DL></P><P>(3) Werden die in Anhang I der Richtlinie 2006/42/EG des Europäischen Parlaments und des Rates vom 17. Mai 2006 über Maschinen und zur Änderung der Richtlinie 95/16/EG (Neufassung) (ABl. EU Nr. L 157 S. 24) in ihrer jeweils geltenden Fassung genannten Gefährdungen, die von einer Maschine ausgehen, ganz oder teilweise von Rechtsvorschriften genauer erfasst, durch die andere Gemeinschaftsrichtlinien in deutsches Recht umgesetzt werden, so gelten insoweit die Bestimmungen dieser Verordnung für diese Maschine und diese Gefährdungen nicht.</P></Content></text><fussnoten/></textdaten></norm>
<norm builddate="20220211212505" doknr="BJNR070410993BJNE000203308"><metadaten><jurabk>GSGV 9</jurabk><jurabk>9. ProdSV</jurabk><enbez>§ 2</enbez><titel format="XML">Begriffsbestimmungen</titel></metadaten><textdaten><text format="XML"><Content><P><DL Type="arabic"><DT>1.</DT><DD Font="normal"><LA>Maschinen im Sinne der Verordnung sind die in § 1 Abs. 1 Nr. 1 bis 6 aufgelisteten Produkte.</LA></DD><DT>2.</DT><DD Font="normal"><LA>Eine Maschine im Sinne des § 1 Abs. 1 Nr. 1 ist auch: <DL Type="alpha"><DT>a)</DT><DD Font="normal"><LA>eine mit einem anderen Antriebssystem als der unmittelbar eingesetzten menschlichen oder tierischen Kraft ausgestattete oder dafür vorgesehene Gesamtheit miteinander verbundener Teile oder Vorrichtungen, von denen mindestens eines beziehungsweise eine beweglich ist und die für eine bestimmte Anwendung zusammengefügt sind,</LA></DD><DT>b)</DT><DD Font="normal"><LA>eine Gesamtheit im Sinne des Buchstaben a, der lediglich die Teile fehlen, die sie mit ihrem Einsatzort oder mit ihren Energie- und Antriebsquellen verbinden,</LA></DD><DT>c)</DT><DD Font="normal"><LA>eine einbaufertige Gesamtheit im Sinne der Buchstaben a und b, die erst nach Anbringung auf einem Beförderungsmittel oder Installation in einem Gebäude oder Bauwerk funktionsfähig ist,</LA></DD><DT>d)</DT><DD Font="normal"><LA>eine Gesamtheit von Maschinen im Sinne der Buchstaben a bis c oder von unvollständigen Maschinen nach Nummer 8, die, damit sie zusammenwirken, so angeordnet sind und betätigt werden, dass sie als Gesamtheit von Maschinen funktionieren,</LA></DD><DT>e)</DT><DD Font="normal"><LA>eine Gesamtheit miteinander verbundener Teile oder Vorrichtungen, von denen mindestens eines beziehungsweise eine beweglich ist und die für Hebevorgänge zusammengefügt sind und deren einzige Antriebsquelle die unmittelbar eingesetzte menschliche Kraft ist.</LA></DD></DL></LA></DD><DT>3.</DT><DD Font="normal"><LA>Eine auswechselbare Ausrüstung ist eine Vorrichtung, die der Bediener einer Maschine oder Zugmaschine nach deren Inbetriebnahme selbst an ihr anbringt, um ihre Funktion zu ändern oder zu erweitern, sofern diese Ausrüstung kein Werkzeug ist.</LA></DD><DT>4.</DT><DD Font="normal"><LA>Ein Sicherheitsbauteil ist ein Bauteil, <DL Type="alpha"><DT>a)</DT><DD Font="normal"><LA>das zur Gewährleistung einer Sicherheitsfunktion dient,</LA></DD><DT>b)</DT><DD Font="normal"><LA>das gesondert auf dem Markt bereitgestellt wird,</LA></DD><DT>c)</DT><DD Font="normal"><LA>dessen Ausfall oder Fehlfunktion die Sicherheit von Personen gefährdet und</LA></DD><DT>d)</DT><DD Font="normal"><LA>das für das Funktionieren der Maschine nicht erforderlich ist oder durch für das Funktionieren der Maschine übliche Bauteile ersetzt werden kann.</LA></DD></DL>Eine nicht erschöpfende Liste von Sicherheitsbauteilen findet sich in Anhang V der Richtlinie 2006/42/EG.</LA></DD><DT>5.</DT><DD Font="normal"><LA>Ein Lastaufnahmemittel ist ein nicht zum Hebezeug gehörendes Bauteil oder Ausrüstungsteil, das das Ergreifen der Last ermöglicht und das zwischen Maschine und Last oder an der Last selbst angebracht wird oder das dazu bestimmt ist, ein integraler Bestandteil der Last zu werden, und das gesondert auf dem Markt bereitgestellt wird; als Lastaufnahmemittel gelten auch Anschlagmittel und ihre Bestandteile.</LA></DD><DT>6.</DT><DD Font="normal"><LA>Ketten, Seile und Gurte sind für Hebezwecke als Teil von Hebezeugen oder Lastaufnahmemitteln entwickelte und hergestellte Ketten, Seile und Gurte.</LA></DD><DT>7.</DT><DD Font="normal"><LA>Eine abnehmbare Gelenkwelle ist ein abnehmbares Bauteil zur Kraftübertragung zwischen einer Antriebs- oder Zugmaschine und einer anderen Maschine, das die ersten Festlager beider Maschinen verbindet. Wird die Vorrichtung zusammen mit der Schutzeinrichtung auf dem Markt bereitgestellt, ist diese Kombination als ein einziges Produkt anzusehen.</LA></DD><DT>8.</DT><DD Font="normal"><LA>Eine unvollständige Maschine ist eine Gesamtheit, die fast eine Maschine bildet, für sich genommen aber keine bestimmte Funktion erfüllen kann. Ein Antriebssystem stellt eine unvollständige Maschine dar. Eine unvollständige Maschine ist nur dazu bestimmt, in andere Maschinen oder unvollständige Maschinen oder Ausrüstungen eingebaut oder mit ihnen zusammengefügt zu werden, um zusammen mit ihnen eine Maschine im Sinne dieser Verordnung zu bilden.</LA></DD><DT>9.</DT><DD Font="normal"><LA>Inbetriebnahme ist die erstmalige bestimmungsgemäße Verwendung einer von dieser Verordnung erfassten Maschine in der Europäischen Gemeinschaft.</LA></DD><DT>10.</DT><DD Font="normal"><LA>Ein Hersteller ist jede natürliche oder juristische Person, die eine von dieser Verordnung erfasste Maschine oder eine unvollständige Maschine konstruiert oder baut und für die Übereinstimmung der Maschine oder unvollständigen Maschine mit dieser Verordnung im Hinblick auf ihr Inverkehrbringen unter ihrem eigenen Namen oder Warenzeichen oder für den Eigengebrauch verantwortlich ist. Wenn kein Hersteller im Sinne des Satzes 1 vorhanden ist, wird jede natürliche oder juristische Person, die eine von dieser Verordnung erfasste Maschine oder unvollständige Maschine in den Verkehr bringt oder in Betrieb nimmt, als Hersteller betrachtet.</LA></DD><DT>11.</DT><DD Font="normal"><LA>Eine harmonisierte Norm ist eine nicht verbindliche technische Spezifikation, die von einer europäischen Normenorganisation auf Grund eines Auftrags der Kommission nach den in der Richtlinie 98/34/EG des Europäischen Parlaments und des Rates vom 22. Juni 1998 über ein Informationsverfahren auf dem Gebiet der Normen und technischen Vorschriften und der Vorschriften für die Dienste der Informationsgesellschaft (ABl. EG Nr. L 204 S. 37) in ihrer jeweils geltenden Fassung festgelegten Verfahrens angenommen wurde.</LA></DD><DT>12.</DT><DD Font="normal"><LA>Die grundlegenden Sicherheits- und Gesundheitsschutzanforderungen sind die verbindlichen Vorschriften für die Konstruktion und den Bau von Produkten, für die diese Verordnung gilt. Zweck dieser Anforderungen ist es, ein hohes Maß an Sicherheit und Gesundheitsschutz von Personen und gegebenenfalls von Haustieren, die Sicherheit von Sachen sowie, soweit anwendbar, den Schutz der Umwelt zu gewährleisten. Die grundlegenden Sicherheits- und Gesundheitsschutzanforderungen sind in Anhang I der Richtlinie 2006/42/EG angegeben. Die grundlegenden Sicherheits- und Gesundheitsschutzanforderungen hinsichtlich des Schutzes der Umwelt sind nur auf die in Abschnitt 2.4 dieses Anhangs genannten Maschinen anzuwenden.</LA></DD></DL></P></Content></text><fussnoten/></textdaten></norm>
<norm builddate="20220211212505" doknr="BJNR070410993BJNE000304308"><metadaten><jurabk>GSGV 9</jurabk><jurabk>9. ProdSV</jurabk><enbez>§ 3</enbez><titel format="XML">Voraussetzungen für die Bereitstellung von Maschinen auf dem Markt oder die Inbetriebnahme von Maschinen</titel></metadaten><textdaten><text format="XML"><Content><P>(1) Der Hersteller oder sein Bevollmächtigter darf Maschinen nur in den Verkehr bringen oder in Betrieb nehmen, wenn sie bei ordnungsgemäßer Installation und Wartung und bei bestimmungsgemäßer Verwendung oder vorhersehbarer Fehlanwendung die Sicherheit und die Gesundheit von Personen und die Sicherheit von Haustieren und Gütern und, soweit anwendbar, die Umwelt nicht gefährden.</P><P>(2) Der Hersteller oder sein Bevollmächtigter muss vor dem Inverkehrbringen oder vor der Inbetriebnahme einer Maschine <DL Type="arabic"><DT>1.</DT><DD Font="normal"><LA>sicherstellen, dass die Maschine den in Anhang I der Richtlinie 2006/42/EG aufgeführten, für sie geltenden grundlegenden Sicherheits- und Gesundheitsschutzanforderungen entspricht,</LA></DD><DT>2.</DT><DD Font="normal"><LA>sicherstellen, dass die in Anhang VII Teil A der Richtlinie 2006/42/EG genannten technischen Unterlagen verfügbar sind,</LA></DD><DT>3.</DT><DD Font="normal"><LA>insbesondere die erforderlichen Informationen, wie die Betriebsanleitung im Sinne des Anhangs I der Richtlinie 2006/42/EG, zur Verfügung stellen,</LA></DD><DT>4.</DT><DD Font="normal"><LA>die zutreffenden Konformitätsbewertungsverfahren gemäß § 4 durchführen,</LA></DD><DT>5.</DT><DD Font="normal"><LA>die EG-Konformitätserklärung gemäß Anhang II Teil 1 Abschnitt A der Richtlinie 2006/42/EG ausstellen und sicherstellen, dass sie der Maschine beiliegt und</LA></DD><DT>6.</DT><DD Font="normal"><LA>die CE-Kennzeichnung nach § 5 anbringen.</LA></DD></DL></P><P>(3) Der Hersteller oder sein Bevollmächtigter muss im Hinblick auf das in § 4 genannte Verfahren über die notwendigen Mittel verfügen oder Zugang zu ihnen haben, um sicherzustellen, dass die Maschine die in Anhang I der Richtlinie 2006/42/EG aufgeführten grundlegenden Sicherheits- und Gesundheitsschutzanforderungen erfüllt.</P><P>(4) Unterliegt die Maschine auch anderen Rechtsvorschriften, die die CE-Kennzeichnung vorschreiben, wird durch die CE-Kennzeichnung auch bestätigt, dass die Maschine ebenfalls den Bestimmungen dieser anderen Rechtsvorschriften entspricht. Steht jedoch gemäß einer oder mehrerer dieser Rechtsvorschriften dem Hersteller oder seinem Bevollmächtigten während einer Übergangszeit die Wahl der anzuwendenden Regelung frei, so bestätigt die CE-Kennzeichnung in diesem Fall lediglich, dass die Maschine den vom Hersteller oder seinem Bevollmächtigten angewandten Rechtsvorschriften nach Satz 1 entspricht. In diesen Fällen müssen in der der Maschine beiliegenden EG-Konformitätserklärung alle Nummern der Gemeinschaftsrichtlinien, die den angewandten Rechtsvorschriften zugrunde liegen, entsprechend ihrer Veröffentlichung im Amtsblatt der Europäischen Union aufgeführt sein.</P><P>(5) Ist eine Maschine nach einer harmonisierten Norm, deren Fundstelle im Amtsblatt der Europäischen Union veröffentlicht worden ist, hergestellt worden, so wird davon ausgegangen, dass sie den von dieser harmonisierten Norm erfassten grundlegenden Sicherheits- und Gesundheitsschutzanforderungen entspricht.</P></Content></text><fussnoten/></textdaten></norm>
<norm builddate="20220211212505" doknr="BJNR070410993BJNE000700308"><metadaten><jurabk>GSGV 9</jurabk><jurabk>9. GPSGV</jurabk><enbez>§ 4</enbez><titel format="XML">Konformitätsbewertungsverfahren für Maschinen</titel></metadaten><textdaten><text format="XML"><Content><P>(1) Der Hersteller oder sein Bevollmächtigter führt eines der in den Absätzen 2, 3 und 4 beschriebenen Konformitätsbewertungsverfahren durch, um nachzuweisen, dass die Maschine mit den Bestimmungen dieser Verordnung übereinstimmt.</P><P>(2) Ist die Maschine nicht in Anhang IV der Richtlinie 2006/42/EG aufgeführt, so führt der Hersteller oder sein Bevollmächtigter das in Anhang VIII der Richtlinie 2006/42/EG vorgesehene Verfahren der Konformitätsbewertung mit interner Fertigungskontrolle bei der Herstellung von Maschinen durch.</P><P>(3) Ist die Maschine in Anhang IV der Richtlinie 2006/42/EG aufgeführt und nach den in § 3 Abs. 5 genannten harmonisierten Normen hergestellt und berücksichtigen diese Normen alle relevanten grundlegenden Sicherheits- und Gesundheitsschutzanforderungen, so führt der Hersteller oder sein Bevollmächtigter eines der folgenden Verfahren durch: <DL Type="arabic"><DT>1.</DT><DD Font="normal"><LA>das in Anhang VIII der Richtlinie 2006/42/EG vorgesehene Verfahren der Konformitätsbewertung mit interner Fertigungskontrolle bei der Herstellung von Maschinen oder</LA></DD><DT>2.</DT><DD Font="normal"><LA>das in Anhang IX der Richtlinie 2006/42/EG beschriebene EG-Baumusterprüfverfahren sowie die in Anhang VIII Nr. 3 der Richtlinie 2006/42/EG beschriebene interne Fertigungskontrolle bei der Herstellung von Maschinen oder</LA></DD><DT>3.</DT><DD Font="normal"><LA>das in Anhang X der Richtlinie 2006/42/EG beschriebene Verfahren der umfassenden Qualitätssicherung.</LA></DD></DL></P><P>(4) Ist die Maschine in Anhang IV der Richtlinie 2006/42/EG aufgeführt und wurden die in § 3 Abs. 5 genannten harmonisierten Normen bei der Herstellung der Maschine nicht oder nur teilweise berücksichtigt oder berücksichtigen diese Normen nicht alle relevanten grundlegenden Sicherheits- und Gesundheitsschutzanforderungen oder gibt es für die betreffende Maschine keine harmonisierten Normen, so führt der Hersteller oder sein Bevollmächtigter eines der folgenden Verfahren durch: <DL Type="arabic"><DT>1.</DT><DD Font="normal"><LA>das in Anhang IX der Richtlinie 2006/42/EG beschriebene EG-Baumusterprüfverfahren sowie die in Anhang VIII Nr. 3 der Richtlinie 2006/42/EG beschriebene interne Fertigungskontrolle bei der Herstellung von Maschinen oder</LA></DD><DT>2.</DT><DD Font="normal"><LA>das in Anhang X der Richtlinie 2006/42/EG beschriebene Verfahren der umfassenden Qualitätssicherung.</LA></DD></DL></P></Content></text><fussnoten/></textdaten></norm>
<norm builddate="20220211212505" doknr="BJNR070410993BJNE000403308"><metadaten><jurabk>GSGV 9</jurabk><jurabk>9. ProdSV</jurabk><enbez>§ 5</enbez><titel format="XML">CE-Kennzeichnung</titel></metadaten><textdaten><text format="XML"><Content><P>(1) Die nach § 3 Abs. 2 Nr. 6 erforderliche CE-Kennzeichnung richtet sich nach § 7 Absatz 1 und 3 Satz 1 des Produktsicherheitsgesetzes.</P><P>(2) Die Bestandteile der CE-Kennzeichnung müssen annähernd gleich hoch sein; die Mindesthöhe beträgt 5 Millimeter. Bei kleinen Maschinen kann diese Mindesthöhe unterschritten werden.</P><P>(3) Die CE-Kennzeichnung ist in unmittelbarer Nähe der Angabe des Herstellers oder seines Bevollmächtigten anzubringen und in der gleichen Technik wie diese Angabe auszuführen.</P><P>(4) Wenn das Verfahren der umfassenden Qualitätssicherung nach § 4 Abs. 3 Nr. 3 beziehungsweise § 4 Abs. 4 Nr. 2 angewandt wurde, ist der CE-Kennzeichnung die Kennnummer der notifizierten Stelle anzufügen.</P><P>(5) Es dürfen auf der Maschine keine Kennzeichnungen, Zeichen oder Aufschriften angebracht werden, durch die Dritte hinsichtlich der Bedeutung oder des Schriftbildes der CE-Kennzeichnung oder in beiderlei Hinsicht irregeführt werden könnten. Jede andere Kennzeichnung darf auf der Maschine angebracht werden, wenn sie die Sichtbarkeit und Lesbarkeit der CE-Kennzeichnung nicht beeinträchtigt.</P></Content></text><fussnoten/></textdaten></norm>
<norm builddate="20220211212505" doknr="BJNR070410993BJNE000505308"><metadaten><jurabk>GSGV 9</jurabk><jurabk>9. ProdSV</jurabk><enbez>§ 6</enbez><titel format="XML">Voraussetzungen für die Bereitstellung von unvollständigen Maschinen auf dem Markt</titel></metadaten><textdaten><text format="XML"><Content><P>(1) Der Hersteller oder sein Bevollmächtigter stellt vor dem Inverkehrbringen einer unvollständigen Maschine sicher, dass <DL Type="arabic"><DT>1.</DT><DD Font="normal"><LA>die speziellen technischen Unterlagen gemäß Anhang VII Teil B der Richtlinie 2006/42/EG erstellt werden,</LA></DD><DT>2.</DT><DD Font="normal"><LA>die Montageanleitung gemäß Anhang VI der Richtlinie 2006/42/EG erstellt wird und</LA></DD><DT>3.</DT><DD Font="normal"><LA>eine Einbauerklärung gemäß Anhang II Teil 1 Abschnitt B der Richtlinie 2006/42/EG ausgestellt wurde.</LA></DD></DL></P><P>(2) Die Montageanleitung und die Einbauerklärung sind der unvollständigen Maschine beizufügen und werden anschließend Teil der technischen Unterlagen der vollständigen Maschine.</P><P>(3) Das Anbringen der CE-Kennzeichnung auf unvollständige Maschinen ist nicht zulässig.</P></Content></text><fussnoten/></textdaten></norm>
<norm builddate="20220211212505" doknr="BJNR070410993BJNE000801308"><metadaten><jurabk>GSGV 9</jurabk><jurabk>9. ProdSV</jurabk><enbez>§ 7</enbez><titel format="XML">Marktüberwachung</titel></metadaten><textdaten><text format="XML"><Content><P>(1) Die Marktüberwachungsbehörden treffen alle erforderlichen Maßnahmen, um sicherzustellen, dass Maschinen nur auf dem Markt bereitgestellt oder in Betrieb genommen werden, wenn sie den für sie geltenden Bestimmungen dieser Verordnung entsprechen und wenn sie bei ordnungsgemäßer Installation und Wartung und bei bestimmungsgemäßer Verwendung oder vorhersehbarer Fehlanwendung die Sicherheit und die Gesundheit von Personen und die Sicherheit von Haustieren und Gütern und, soweit anwendbar, die Umwelt nicht gefährden. Bei einer Maschine, die mit der CE-Kennzeichnung nach § 5 dieser Verordnung versehen ist und der die EG-Konformitätserklärung mit den in Anhang II Teil 1 Abschnitt A der Richtlinie 2006/42/EG aufgeführten Angaben beigefügt ist, gehen die Marktüberwachungsbehörden davon aus, dass sie den Bestimmungen dieser Verordnung entspricht.</P><P>(2) Die Marktüberwachungsbehörden treffen alle erforderlichen Maßnahmen, um sicherzustellen, dass unvollständige Maschinen nur auf dem Markt bereitgestellt werden, wenn sie den Bestimmungen dieser Verordnung entsprechen.</P><P>(3) Bei der Marktüberwachung der in Anhang I Abschnitt 2.4 der Richtlinie 2006/42/EG genannten Maschinen zur Ausbringung von Pestiziden wirken das Julius Kühn-Institut, Bundesforschungsinstitut für Kulturpflanzen, und die für die Durchführung des Pflanzenschutzrechts zuständigen Behörden der Länder mit.</P></Content></text><fussnoten/></textdaten></norm>
<norm builddate="20220211212505" doknr="BJNR070410993BJNE000902126"><metadaten><jurabk>GSGV 9</jurabk><jurabk>9. ProdSV</jurabk><enbez>§ 8</enbez><titel format="XML">Ordnungswidrigkeiten</titel></metadaten><textdaten><text format="XML"><Content><P>Ordnungswidrig im Sinne des § 28 Absatz 1 Nummer 7 Buchstabe a des Produktsicherheitsgesetzes handelt, wer vorsätzlich oder fahrlässig <DL Type="arabic"><DT>1.</DT><DD Font="normal"><LA>entgegen § 3 Absatz 2 Nummer 2 nicht sicherstellt, dass die technischen Unterlagen verfügbar sind,</LA></DD><DT>2.</DT><DD Font="normal"><LA>entgegen § 3 Absatz 2 Nummer 3 die Betriebsanleitung nicht oder nicht rechtzeitig zur Verfügung stellt,</LA></DD><DT>3.</DT><DD Font="normal"><LA>entgegen § 3 Absatz 2 Nummer 4 in Verbindung mit § 4 eines der dort vorgeschriebenen Konformitätsbewertungsverfahren nicht oder nicht rechtzeitig durchführt,</LA></DD><DT>4.</DT><DD Font="normal"><LA>entgegen § 3 Absatz 2 Nummer 5 eine EG-Konformitätserklärung nicht oder nicht rechtzeitig ausstellt oder nicht sicherstellt, dass sie der Maschine beiliegt,</LA></DD><DT>5.</DT><DD Font="normal"><LA>entgegen § 3 Absatz 2 Nummer 6 in Verbindung mit § 5 Absatz 1 bis 3 oder Absatz 4 eine CE-Kennzeichnung nicht, nicht in der vorgeschriebenen Weise oder nicht rechtzeitig anbringt,</LA></DD><DT>6.</DT><DD Font="normal"><LA>entgegen § 5 Absatz 5 Satz 1 eine nicht zulässige Kennzeichnung, ein nicht zulässiges Zeichen oder eine nicht zulässige Aufschrift auf einer Maschine anbringt,</LA></DD><DT>7.</DT><DD Font="normal"><LA>entgegen § 6 Absatz 1 Nummer 1 nicht sicherstellt, dass die technischen Unterlagen erstellt werden,</LA></DD><DT>8.</DT><DD Font="normal"><LA>entgegen § 6 Absatz 2 eine Montageanleitung oder eine Einbauerklärung nicht beifügt oder</LA></DD><DT>9.</DT><DD Font="normal"><LA>entgegen § 6 Absatz 3 eine CE-Kennzeichnung anbringt.</LA></DD></DL></P></Content></text><fussnoten/></textdaten></norm>
<norm builddate="20220211212505" doknr="BJNR070410993BJNE001001308"><metadaten><jurabk>GSGV 9</jurabk><jurabk>9. ProdSV</jurabk><enbez>§ 9</enbez><titel format="XML">Übergangsbestimmungen</titel></metadaten><textdaten><text format="XML"><Content><P>Tragbare Befestigungsgeräte mit Treibladung und andere Schussgeräte, die den Bestimmungen der Beschussverordnung vom 13. Juli 2006 (BGBl. I S. 1474) entsprechen, dürfen noch bis zum 28. Juni 2011 auf dem Markt bereitgestellt und in Betrieb genommen werden.</P></Content></text><fussnoten/></textdaten></norm>
</dokumente>