<?xml version="1.0" encoding="UTF-8" ?><!DOCTYPE dokumente SYSTEM "http://www.gesetze-im-internet.de/dtd/1.01/gii-norm.dtd">
<dokumente builddate="20241231222403" doknr="BJNR265800998"><norm builddate="20241231222403" doknr="BJNR265800998"><metadaten><jurabk>ErbStDV 1998</jurabk><amtabk>ErbStDV</amtabk><ausfertigung-datum manuell="ja">1998-09-08</ausfertigung-datum><fundstelle typ="amtlich"><periodikum>BGBl I</periodikum><zitstelle>1998, 2658</zitstelle></fundstelle><langue>Erbschaftsteuer-Durchführungsverordnung</langue><standangabe checked="ja"><standtyp>Stand</standtyp><standkommentar>Zuletzt geändert durch Art. 6 V v. 19.12.2022 I 2432</standkommentar></standangabe></metadaten><textdaten><fussnoten><Content><P><BR/> <pre xml:space="preserve">(+++ Textnachweis ab: 1.8.1998 +++)<BR/>(+++ Zur Anwendung vgl. § 12 +++)<BR/><BR/></pre></P></Content></fussnoten></textdaten></norm>
<norm builddate="20241231222403" doknr="BJNR265800998BJNE000400311"><metadaten><jurabk>ErbStDV 1998</jurabk><jurabk>ErbStDV</jurabk><enbez>Eingangsformel</enbez></metadaten><textdaten><text format="XML"><Content><P>Auf Grund des § 36 Abs. 1 Nr. 1 Buchstabe e des Erbschaftsteuer- und Schenkungsteuergesetzes in der Fassung der Bekanntmachung vom 27. Februar 1997 (BGBl. I S. 378) verordnet die Bundesregierung:</P></Content></text></textdaten></norm>
<norm builddate="20241231222403" doknr="BJNR265800998BJNG000100311"><metadaten><jurabk>ErbStDV 1998</jurabk><jurabk>ErbStDV</jurabk><gliederungseinheit><gliederungskennzahl>010</gliederungskennzahl><gliederungsbez>Zu § 33 ErbStG</gliederungsbez></gliederungseinheit></metadaten><textdaten><text format="XML"><Content><P/></Content></text></textdaten></norm>
<norm builddate="20241231222403" doknr="BJNR265800998BJNE000503140"><metadaten><jurabk>ErbStDV 1998</jurabk><jurabk>ErbStDV</jurabk><enbez>§ 1</enbez><titel format="XML">Anzeigepflicht der Vermögensverwahrer und der Vermögensverwalter</titel></metadaten><textdaten><text format="XML"><Content><P>(1) Wer zur Anzeige über die Verwahrung oder Verwaltung von Vermögen eines Erblassers verpflichtet ist, hat die Anzeige nach § 33 Abs. 1 des Gesetzes mit einem Vordruck nach Muster 1 zu erstatten. Wird die Anzeige in einem maschinellen Verfahren erstellt, kann auf eine Unterschrift verzichtet werden. Die Anzeigepflicht bezieht sich auch auf die für das Jahr des Todes bis zum Todestag errechneten Zinsen für Guthaben, Forderungen und Wertpapiere (Stückzinsen). Die Anzeige ist bei dem für die Verwaltung der Erbschaftsteuer zuständigen Finanzamt (§ 35 des Gesetzes) einzureichen.</P><P>(2) Die Anzeigepflicht besteht auch dann, wenn an dem in Verwahrung oder Verwaltung befindlichen Wirtschaftsgut außer dem Erblasser auch noch andere Personen beteiligt sind.</P><P>(3) Befinden sich am Todestag des Erblassers bei dem Anzeigepflichtigen Wirtschaftsgüter in Gewahrsam, die vom Erblasser verschlossen oder unter Mitverschluß gehalten wurden (z.B. in Schließfächern), genügt die Mitteilung über das Bestehen eines derartigen Gewahrsams und, soweit er dem Anzeigepflichtigen bekannt ist, die Mitteilung des Versicherungswerts.</P><P>(4) Die Anzeige darf nur unterbleiben, <DL Font="normal" Type="arabic"><DT>1.</DT><DD Font="normal"><LA Size="normal">wenn es sich um Wirtschaftsgüter handelt, über die der Erblasser nur die Verfügungsmacht hatte, insbesondere als gesetzlicher Vertreter, Betreuer, Liquidator, Verwalter oder Testamentsvollstrecker, oder</LA></DD><DT>2.</DT><DD Font="normal"><LA Size="normal">wenn der Wert der anzuzeigenden Wirtschaftsgüter 5 000 Euro nicht übersteigt.</LA></DD></DL></P></Content></text><fussnoten/></textdaten></norm>
<norm builddate="20241231222403" doknr="BJNR265800998BJNE000602377"><metadaten><jurabk>ErbStDV 1998</jurabk><jurabk>ErbStDV</jurabk><enbez>§ 2</enbez><titel format="XML">Anzeigepflicht derjenigen, die auf den Namen lautende Aktien oder Schuldverschreibungen ausgegeben haben</titel></metadaten><textdaten><text format="XML"><Content><P>Wer auf den Namen lautende Aktien oder Schuldverschreibungen ausgegeben hat, hat unverzüglich nach dem Eingang eines Antrags auf Umschreibung der Aktien oder Schuldverschreibungen eines Verstorbenen dem für die Verwaltung der Erbschaftsteuer zuständigen Finanzamt (§ 35 des Gesetzes) unter Hinweis auf § 33 Abs. 2 des Gesetzes anzuzeigen: <DL Font="normal" Type="arabic"><DT>1.</DT><DD Font="normal"><LA Size="normal">die Wertpapier-Kennummer, die Stückzahl und den Nennbetrag der Aktien oder Schuldverschreibungen,</LA></DD><DT>2.</DT><DD Font="normal"><LA Size="normal">die letzte Anschrift und die Identifikationsnummer des Erblassers, auf dessen Namen die Wertpapiere lauten,</LA></DD><DT>3.</DT><DD Font="normal"><LA Size="normal">den Todestag des Erblassers und - wenn dem Anzeigepflichtigen bekannt - das Standesamt, bei dem der Sterbefall beurkundet worden ist,</LA></DD><DT>4.</DT><DD Font="normal"><LA Size="normal">den Namen, die Identifikationsnummer, die Anschrift und, soweit dem Anzeigepflichtigen bekannt, das persönliche Verhältnis (Verwandtschaftsverhältnis, Ehegatte oder Lebenspartner) der Person, auf deren Namen die Wertpapiere umgeschrieben werden sollen.</LA></DD></DL>Die Anzeige darf nur unterbleiben, wenn der Wert der anzuzeigenden Wertpapiere 5 000 Euro nicht übersteigt.</P></Content></text><fussnoten><Content><P>(+++ § 2 Satz 1 Nr. 1 u. 4 F. 2014-12-22: Zur Anwendung vgl. § 12 Abs. 3 +++)</P></Content></fussnoten></textdaten></norm>
<norm builddate="20241231222403" doknr="BJNR265800998BJNE000703377"><metadaten><jurabk>ErbStDV 1998</jurabk><jurabk>ErbStDV</jurabk><enbez>§ 3</enbez><titel format="XML">Anzeigepflicht der Versicherungsunternehmen</titel></metadaten><textdaten><text format="XML"><Content><P>(1) Zu den Versicherungsunternehmen, die Anzeigen nach § 33 Abs. 3 des Gesetzes zu erstatten haben, gehören auch die Sterbekassen von Berufsverbänden, Vereinen und anderen Anstalten, soweit sie die Lebens- (Sterbegeld-) oder Leibrenten-Versicherung betreiben. Die Anzeigepflicht besteht auch für Vereine und Berufsverbände, die mit einem Versicherungsunternehmen die Zahlung einer Versicherungssumme (eines Sterbegeldes) für den Fall des Todes ihrer Mitglieder vereinbart haben, wenn der Versicherungsbetrag an die Hinterbliebenen der Mitglieder weitergeleitet wird. Ortskrankenkassen gelten nicht als Versicherungsunternehmen im Sinne der genannten Vorschrift.</P><P>(2) Dem für die Verwaltung der Erbschaftsteuer zuständigen Finanzamt (§ 35 des Gesetzes) sind mit einem Vordruck nach Muster 2 alle Versicherungssummen oder Leibrenten, die einem anderen als dem Versicherungsnehmer auszuzahlen oder zur Verfügung zu stellen sind, und, soweit dem Anzeigepflichtigen bekannt, das persönliche Verhältnis (Verwandtschaftsverhältnis, Ehegatte oder Lebenspartner) der Person, an die die Auszahlung oder Zurverfügungstellung erfolgt, anzuzeigen. Zu den Versicherungssummen rechnen insbesondere auch Versicherungsbeträge aus Sterbegeld-, Aussteuer- und ähnlichen Versicherungen. Bei einem Wechsel des Versicherungsnehmers vor Eintritt des Versicherungsfalls sind der Rückkaufswert der Versicherung sowie der Name, die Identifikationsnummer, die Anschrift und das Geburtsdatum des neuen Versicherungsnehmers anzuzeigen.</P><P>(3) Die Anzeige unterbleibt bei solchen Versicherungssummen, die auf Grund eines von einem Arbeitgeber für seine Arbeitnehmer abgeschlossenen Versicherungsvertrages bereits zu Lebzeiten des Versicherten (Arbeitnehmers) fällig und an diesen ausgezahlt werden. Die Anzeige darf bei Kapitalversicherungen unterbleiben, wenn der auszuzahlende Betrag 5 000 Euro nicht übersteigt.</P></Content></text><fussnoten><Content><P>(+++ § 3 Abs. 2 Satz 3 F. 2014-12-22: Zur Anwendung vgl. § 12 Abs. 3 +++)</P></Content></fussnoten></textdaten></norm>
<norm builddate="20241231222403" doknr="BJNR265800998BJNG000200311"><metadaten><jurabk>ErbStDV 1998</jurabk><jurabk>ErbStDV</jurabk><gliederungseinheit><gliederungskennzahl>040</gliederungskennzahl><gliederungsbez>Zu § 34 ErbStG</gliederungsbez></gliederungseinheit></metadaten><textdaten><text format="XML"><Content><P/></Content></text></textdaten></norm>
<norm builddate="20241231222403" doknr="BJNR265800998BJNE000801301"><metadaten><jurabk>ErbStDV 1998</jurabk><jurabk>ErbStDV</jurabk><enbez>§ 4</enbez><titel format="parat">Anzeigepflicht der Standesämter</titel></metadaten><textdaten><text format="XML"><Content><P>(1) Die Standesämter haben für jeden Kalendermonat die Sterbefälle jeweils durch Übersendung der Sterbeurkunde in zweifacher Ausfertigung binnen zehn Tagen nach Ablauf des Monats dem für die Verwaltung der Erbschaftsteuer zuständigen Finanzamt, in dessen Bezirk sich der Sitz des Standesamtes befindet, anzuzeigen. Dabei ist die Ordnungsnummer (§ 5 Abs. 2) anzugeben, die das Finanzamt dem Standesamt zugeteilt hat. Die in Satz 1 genannten Urkunden sind um Angaben zu den in Muster 3 genannten Fragen zu ergänzen, soweit diese Angaben bekannt sind.</P><P>(2) Sind in dem vorgeschriebenen Zeitraum Sterbefälle nicht beurkundet oder bekannt geworden, hat das Standesamt innerhalb von zehn Tagen nach Ablauf des Zeitraumes unter Angabe der Nummer der letzten Eintragung in das Sterberegister eine Fehlanzeige mit einem Vordruck nach Muster 4 zu übersenden.</P><P>(3) Die Oberfinanzdirektion kann anordnen, <DL Font="normal" Type="arabic"><DT>1.</DT><DD Font="normal"><LA Size="normal">daß die Anzeigen von einzelnen Standesämtern für einen längeren oder kürzeren Zeitraum als einen Monat übermittelt werden können,</LA></DD> <DT>2.</DT><DD Font="normal"><LA Size="normal">daß die Standesämter die Sterbefälle statt der Anzeigen nach Absatz 1 und 2 durch eine Totenliste (Absatz 4) nach Muster 3 anzeigen können,</LA></DD> <DT>3.</DT><DD Font="normal"><LA Size="normal">daß auf die zweite Ausfertigung der Sterbeurkunde verzichtet werden kann.</LA></DD> </DL> </P><P>(4) Totenlisten nach Absatz 3 Nr. 2 sind vorbehaltlich des Absatzes 3 Nr. 1 für jeden Kalendermonat aufzustellen. In die Totenlisten sind einzutragen: <DL Font="normal" Type="arabic"><DT>1.</DT><DD Font="normal"><LA Size="normal">die Sterbefälle nach der Reihenfolge der Eintragungen in das Sterberegister,</LA></DD> <DT>2.</DT><DD Font="normal"><LA Size="normal">die dem Standesamt sonst bekanntgewordenen Sterbefälle von Personen, die im Ausland verstorben sind und bei ihrem Tod einen Wohnsitz oder ihren gewöhnlichen Aufenthalt oder Vermögen im Bezirk des Standesamtes gehabt haben.</LA></DD> </DL>Das Standesamt hat die Totenliste binnen zehn Tagen nach dem Ablauf des Zeitraumes, für den sie aufgestellt ist, nach der in dem Muster 3 vorgeschriebenen Anleitung abzuschließen und dem für die Verwaltung der Erbschaftsteuer zuständigen Finanzamt, in dessen Bezirk sich der Sitz des Standesamtes befindet, einzusenden. Dabei ist die Ordnungsnummer (§ 5 Abs. 2) anzugeben, die das Finanzamt dem Standesamt zugeteilt hat. Sind in dem vorgeschriebenen Zeitraum Sterbefälle nicht beurkundet worden oder bekanntgeworden, hat das Standesamt innerhalb von zehn Tagen nach Ablauf des Zeitraumes diesem Finanzamt eine Fehlanzeige nach Muster 4 zu übersenden. In der Fehlanzeige ist auch die Nummer der letzten Eintragung in das Sterberegister anzugeben.</P></Content>  </text><fussnoten/></textdaten></norm>
<norm builddate="20241231222403" doknr="BJNR265800998BJNE000900311"><metadaten><jurabk>ErbStDV 1998</jurabk><jurabk>ErbStDV</jurabk><enbez>§ 5</enbez><titel format="parat">Verzeichnis der Standesämter</titel></metadaten><textdaten><text format="XML"><Content><P>(1) Die Landesregierungen oder die von ihnen bestimmten Stellen teilen den für ihr Gebiet zuständigen Oberfinanzdirektionen Änderungen des Bestandes oder der Zuständigkeit der Standesämter mit. Von diesen Änderungen geben die Oberfinanzdirektionen den in Betracht kommenden Finanzämtern Kenntnis.</P><P>(2) Die Finanzämter geben jedem Standesamt ihres Bezirks eine Ordnungsnummer, die sie dem Standesamt mitteilen.</P></Content> </text></textdaten></norm>
<norm builddate="20241231222403" doknr="BJNR265800998BJNE001000311"><metadaten><jurabk>ErbStDV 1998</jurabk><jurabk>ErbStDV</jurabk><enbez>§ 6</enbez><titel format="parat">Anzeigepflicht der Gerichte bei Todeserklärungen</titel></metadaten><textdaten><text format="XML"><Content><P>(1) Die Gerichte haben dem für die Verwaltung der Erbschaftsteuer zuständigen Finanzamt (§ 35 des Gesetzes) eine beglaubigte Abschrift der Beschlüsse über die Todeserklärung Verschollener oder über die Feststellung des Todes und der Todeszeit zu übersenden. Wird ein solcher Beschluß angefochten oder eine Aufhebung beantragt, hat das Gericht dies dem Finanzamt anzuzeigen.</P><P>(2) Die Übersendung der in Absatz 1 genannten Abschriften kann bei Erbfällen von Kriegsgefangenen und ihnen gleichgestellten Personen sowie bei Erbfällen von Opfern der nationalsozialistischen Verfolgung unterbleiben, wenn der Zeitpunkt des Todes vor dem 1. Januar 1946 liegt.</P></Content> </text></textdaten></norm>
<norm builddate="20241231222403" doknr="BJNR265800998BJNE001108123"><metadaten><jurabk>ErbStDV 1998</jurabk><jurabk>ErbStDV</jurabk><enbez>§ 7</enbez><titel format="XML">Anzeigepflicht der Gerichte, Notare und sonstigen Urkundspersonen in Erbfällen</titel></metadaten><textdaten><text format="XML"><Content><P>(1) Die Gerichte haben dem für die Verwaltung der Erbschaftsteuer zuständigen Finanzamt (§ 35 des Gesetzes) beglaubigte Abschriften folgender Verfügungen und Schriftstücke mit einem Vordruck nach Muster 5 zu übersenden: <DL Font="normal" Type="arabic"><DT>1.</DT><DD Font="normal"><LA Size="normal">eröffnete Verfügungen von Todes wegen mit einer Mehrausfertigung der Niederschrift über die Eröffnungsverhandlung,</LA></DD><DT>2.</DT><DD Font="normal"><LA Size="normal">Erbscheine,</LA></DD><DT>2a.</DT><DD Font="normal"><LA Size="normal">Europäische Nachlasszeugnisse,</LA></DD><DT>3.</DT><DD Font="normal"><LA Size="normal">Testamentsvollstreckerzeugnisse,</LA></DD><DT>4.</DT><DD Font="normal"><LA Size="normal">Zeugnisse über die Fortsetzung von Gütergemeinschaften,</LA></DD><DT>5.</DT><DD Font="normal"><LA Size="normal">Beschlüsse über die Einleitung oder Aufhebung einer Nachlaßpflegschaft oder Nachlaßverwaltung,</LA></DD><DT>6.</DT><DD Font="normal"><LA Size="normal">beurkundete Vereinbarungen über die Abwicklung von Erbauseinandersetzungen.</LA></DD></DL>Eine elektronische Übermittlung der Anzeige ist ausgeschlossen. Die Anzeige hat unverzüglich nach dem auslösenden Ereignis zu erfolgen. Auf der Urschrift der Mitteilung oder Anzeige ist zu vermerken, wann und an welches Finanzamt die Abschrift übersandt worden ist.</P><P>(2) Jede Mitteilung oder Übersendung soll die folgenden Angaben enthalten: <DL Font="normal" Type="arabic"><DT>1.</DT><DD Font="normal"><LA Size="normal">den Namen, die Identifikationsnummer, den Geburtstag, die letzte Anschrift, den Todestag und den Sterbeort des Erblassers,</LA></DD><DT>2.</DT><DD Font="normal"><LA Size="normal">das Standesamt, bei dem der Sterbefall beurkundet worden ist, und die Nummer des Sterberegisters.</LA></DD></DL></P><P>(3) Soweit es den Gerichten bekannt ist, haben sie mitzuteilen: <DL Font="normal" Type="arabic"><DT>1.</DT><DD Font="normal"><LA Size="normal">den Beruf und den Familienstand des Erblassers,</LA></DD><DT>2.</DT><DD Font="normal"><LA Size="normal">den Güterstand bei verheirateten oder in einer Lebenspartnerschaft lebenden Erblassern,</LA></DD><DT>3.</DT><DD Font="normal"><LA Size="normal">die Anschriften und die Identifikationsnummern der Beteiligten sowie das persönliche Verhältnis (Verwandtschaftsverhältnis, Ehegatte oder Lebenspartner) zum Erblasser,</LA></DD><DT>4.</DT><DD Font="normal"><LA Size="normal">die Höhe und die Zusammensetzung des Nachlasses in Form eines Verzeichnisses,</LA></DD><DT>5.</DT><DD Font="normal"><LA Size="normal">später bekanntgewordene Veränderungen in der Person der Erben oder Vermächtnisnehmer, insbesondere durch Fortfall von vorgesehenen Erben oder Vermächtnisnehmern.</LA></DD></DL></P><P>(4) Die Übersendung der in Absatz 1 erwähnten Abschriften und die Erstattung der dort vorgesehenen Anzeigen dürfen unterbleiben, <DL Font="normal" Type="arabic"><DT>1.</DT><DD Font="normal"><LA Size="normal">wenn die Annahme berechtigt ist, dass außer Hausrat (einschließlich Wäsche und Kleidungsstücke) im Wert von höchstens 12 000 Euro nur noch anderes Vermögen im reinen Wert von höchstens 20 000 Euro vorhanden ist,</LA></DD><DT>2.</DT><DD Font="normal"><LA Size="normal">bei Erbfällen von Kriegsgefangenen und ihnen gleichgestellten Personen sowie bei Erbfällen von Opfern der nationalsozialistischen Verfolgung, wenn der Zeitpunkt des Todes vor dem 1. Januar 1946 liegt,</LA></DD><DT>3.</DT><DD Font="normal"><LA Size="normal">wenn der Erbschein lediglich zur Geltendmachung von Ansprüchen auf Grund des Lastenausgleichsgesetzes beantragt und dem Ausgleichsamt unmittelbar übersandt worden ist,</LA></DD><DT>4.</DT><DD Font="normal"><LA Size="normal">wenn seit dem Zeitpunkt des Todes des Erblassers mehr als zehn Jahre vergangen sind. Das gilt nicht für Anzeigen über die Abwicklung von Erbauseinandersetzungen.</LA></DD></DL></P><P>(5) Die vorstehenden Vorschriften gelten entsprechend für Notare und sonstige Urkundspersonen, soweit ihnen Geschäfte des Nachlaßgerichtes übertragen sind.</P></Content></text><fussnoten><Content><P>(+++ § 7 Abs. 2 Nr. 1 F. 2014-12-22: Zur Anwendung vgl. § 12 Abs. 3 +++) <BR/>(+++ § 7 Abs. 3 Nr. 3 F. 2014-12-22: Zur Anwendung vgl. § 12 Abs. 3 +++)</P></Content></fussnoten></textdaten></norm>
<norm builddate="20241231222403" doknr="BJNR265800998BJNE001204123"><metadaten><jurabk>ErbStDV 1998</jurabk><jurabk>ErbStDV</jurabk><enbez>§ 8</enbez><titel format="XML">Anzeigepflicht der Gerichte, Notare und sonstigen Urkundspersonen bei Schenkungen und Zweckzuwendungen unter Lebenden</titel></metadaten><textdaten><text format="XML"><Content><P>(1) Die Gerichte haben dem für die Verwaltung der Erbschaftsteuer zuständigen Finanzamt (§ 35 des Gesetzes) eine beglaubigte Abschrift der Urkunde über eine Schenkung (§ 7 des Gesetzes) oder eine Zweckzuwendung unter Lebenden (§ 8 des Gesetzes) unter Angabe des der Kostenberechnung zugrunde gelegten Werts mit einem Vordruck nach Muster 6 zu übersenden. Eine elektronische Übermittlung der Anzeige ist ausgeschlossen. Enthält die Urkunde keine Angaben darüber, sind die Beteiligten über <DL Font="normal" Type="arabic"><DT>1.</DT><DD Font="normal"><LA Size="normal">das persönliche Verhältnis (Verwandtschaftsverhältnis, Ehegatte oder Lebenspartner) des Erwerbers zum Schenker und</LA></DD><DT>2.</DT><DD Font="normal"><LA Size="normal">den Wert der Zuwendung</LA></DD></DL>zu befragen und die Angaben in der Anzeige mitzuteilen. Die Anzeige hat unverzüglich nach der Beurkundung zu erfolgen. Auf der Urschrift der Urkunde ist zu vermerken, wann und an welches Finanzamt die Abschrift übersandt worden ist. Die Gerichte haben bei der Beurkundung von Schenkungen und Zweckzuwendungen unter Lebenden die Beteiligten auf die mögliche Steuerpflicht hinzuweisen.</P><P>(2) Die Verpflichtungen nach Absatz 1 erstrecken sich auch auf Urkunden über Rechtsgeschäfte, die zum Teil oder der Form nach entgeltlich sind, bei denen aber Anhaltspunkte dafür vorliegen, daß eine Schenkung oder Zweckzuwendung unter Lebenden vorliegt.</P><P>(3) Die Übersendung einer beglaubigten Abschrift von Schenkungs- und Übergabeverträgen und die Mitteilung der in Absatz 1 vorgesehenen Angaben darf unterbleiben, wenn Gegenstand der Schenkung nur Hausrat (einschließlich Wäsche und Kleidungsstücke) im Wert von höchstens 12 000 Euro und anderes Vermögen im reinen Wert von höchstens 20 000 Euro ist.</P><P>(4) Die vorstehenden Vorschriften gelten entsprechend für Notare und sonstige Urkundspersonen.</P></Content></text><fussnoten/></textdaten></norm>
<norm builddate="20241231222403" doknr="BJNR265800998BJNE001303140"><metadaten><jurabk>ErbStDV 1998</jurabk><jurabk>ErbStDV</jurabk><enbez>§ 9</enbez><titel format="XML">Anzeigepflicht der Auslandsstellen</titel></metadaten><textdaten><text format="XML"><Content><P>Die diplomatischen Vertreter und Konsuln des Bundes haben dem Bundeszentralamt für Steuern anzuzeigen: <DL Font="normal" Type="arabic"><DT>1.</DT><DD Font="normal"><LA Size="normal">die ihnen bekannt gewordenen Sterbefälle von Deutschen ihres Amtsbezirks,</LA></DD><DT>2.</DT><DD Font="normal"><LA Size="normal">die ihnen bekannt gewordenen Zuwendungen ausländischer Erblasser oder Schenker an Personen, die im Inland einen Wohnsitz oder ihren gewöhnlichen Aufenthalt haben.</LA></DD></DL>Eine elektronische Übermittlung der Anzeige ist ausgeschlossen.</P></Content></text><fussnoten/></textdaten></norm>
<norm builddate="20241231222403" doknr="BJNR265800998BJNE001405377"><metadaten><jurabk>ErbStDV 1998</jurabk><jurabk>ErbStDV</jurabk><enbez>§ 10</enbez><titel format="XML">Anzeigepflicht der Genehmigungsbehörden</titel></metadaten><textdaten><text format="XML"><Content><P>Die Behörden, die Stiftungen anerkennen oder Zuwendungen von Todes wegen und unter Lebenden an juristische Personen und dergleichen genehmigen, haben dem für die Verwaltung der Erbschaftsteuer zuständigen Finanzamt (§ 35 des Gesetzes) über solche innerhalb eines Kalendervierteljahres erteilten Anerkennung oder Genehmigungen unmittelbar nach Ablauf des Vierteljahres eine Nachweisung zu übersenden. Eine elektronische Übermittlung der Anzeige ist ausgeschlossen. Die Verpflichtung erstreckt sich auch auf Rechtsgeschäfts der in § 8 Abs. 2 bezeichneten Art. In der Nachweisung sind bei einem Anerkennungs- oder Genehmigungsfall anzugeben: <DL Font="normal" Type="arabic"><DT>1.</DT><DD Font="normal"><LA Size="normal">der Tag der Anerkennung oder Genehmigung,</LA></DD><DT>2.</DT><DD Font="normal"><LA Size="normal">die Anschriften und die Identifikationsnummern des Erblassers (Schenkers) und des Erwerbers (bei einer Zweckzuwendung die Anschrift und die Identifikationsnummer des mit der Durchführung der Zweckzuwendung Beschwerten),</LA></DD><DT>3.</DT><DD Font="normal"><LA Size="normal">die Höhe des Erwerbs (der Zweckzuwendung),</LA></DD><DT>4.</DT><DD Font="normal"><LA Size="normal">bei Erwerbern von Todes wegen der Todestag und der Sterbeort des Erblassers,</LA></DD><DT>5.</DT><DD Font="normal"><LA Size="normal">bei Anerkennung einer Stiftung als rechtsfähig der Name, der Sitz (der Ort der Geschäftsleitung), der Zweck der Stiftung und der Wert des ihr gewidmeten Vermögens,</LA></DD><DT>6.</DT><DD Font="normal"><LA Size="normal">wenn bei der Anerkennung oder Genehmigung dem Erwerber Leistungen an andere Personen oder zu bestimmten Zwecken auferlegt oder wenn von dem Erwerber solche Leistungen zur Erlangung der Anerkennung oder Genehmigung freiwillig übernommen werden: Art und Wert der Leistungen, die begünstigten Personen oder Zwecke und das persönliche Verhältnis (Verwandtschaftsverhältnis, Ehegatte oder Lebenspartner) der begünstigten Personen zum Erblasser (Schenker).</LA></DD></DL>Als Nachweisung kann eine beglaubigte Abschrift der der Stiftung zugestellten Urkunde über die Anerkennung als rechtsfähig dienen, wenn aus ihr die genannten Angaben zu ersehen sind.</P></Content></text><fussnoten><Content><P>(+++ § 10 Satz 4 Nr. 2 F. 2014-12-22: Zur Anwendung vgl. § 12 Abs. 3 +++)</P></Content></fussnoten></textdaten></norm>
<norm builddate="20241231222403" doknr="BJNR265800998BJNE001500311"><metadaten><jurabk>ErbStDV 1998</jurabk><jurabk>ErbStDV</jurabk><enbez>§ 11</enbez><titel format="parat">Anzeigen im automatisierten Verfahren</titel></metadaten><textdaten><text format="XML"><Content><P>Die oberste Finanzbehörde eines Landes kann anordnen, daß die Anzeigen den Finanzämtern ihre Zuständigkeitsbereichs in einem automatisierten Verfahren erstattet werden können, soweit die Übermittlung der jeweils aufgeführten Angaben gewährleistet und die Richtigkeit der Datenübermittlung sichergestellt ist.</P></Content></text></textdaten></norm>
<norm builddate="20241231222403" doknr="BJNR265800998BJNG000300311"><metadaten><jurabk>ErbStDV 1998</jurabk><jurabk>ErbStDV</jurabk><gliederungseinheit><gliederungskennzahl>120</gliederungskennzahl><gliederungsbez>Schlußvorschriften</gliederungsbez></gliederungseinheit></metadaten><textdaten><text format="XML"><Content><P/></Content></text></textdaten></norm>
<norm builddate="20241231222403" doknr="BJNR265800998BJNE001607116"><metadaten><jurabk>ErbStDV 1998</jurabk><jurabk>ErbStDV</jurabk><enbez>§ 12</enbez><titel format="XML">Anwendung der Verordnung</titel></metadaten><textdaten><text format="XML"><Content><P>(1) Diese Verordnung in der Fassung des Artikels 5 der Verordnung vom 17. November 2010 (BGBl. I S. 1544) ist auf Erwerbe anzuwenden, für die die Steuer nach dem 31. Dezember 2010 entsteht.</P><P>(2) § 7 Absatz 3 Nummer 2 und die Muster 3 und Muster 5 in der Fassung des Artikels 16 des Gesetzes vom 18. Juli 2014 (BGBl. I S. 1042) sind auf Erwerbe anzuwenden, für die die Steuer nach dem 23. Juli 2014 entsteht.</P><P>(3) § 2 Satz 1 Nummer 2 und 4, § 3 Absatz 2 Satz 3, § 7 Absatz 2 Nummer 1 und Absatz 3 Nummer 3, § 10 Satz 4 Nummer 2 sowie die Muster 1, 2, 5 und 6 in der am 30. Dezember 2014 geltenden Fassung sind auf Erwerbe anzuwenden, für die die Steuer nach dem 29. Dezember 2014 entsteht.</P><P>(4) § 7 Absatz 1 Satz 1 Nummer 2a und Muster 5 in der Fassung des Artikels 18 des Gesetzes vom 29. Juni 2015 (BGBl. I S. 1042) sind auf Erwerbe anzuwenden, für die die Steuer nach dem 16. August 2015 entsteht.</P></Content></text><fussnoten/></textdaten></norm>
<norm builddate="20241231222403" doknr="BJNR265800998BJNE001700311"><metadaten><jurabk>ErbStDV 1998</jurabk><jurabk>ErbStDV</jurabk><enbez>§ 13</enbez><titel format="parat">Inkrafttreten, Außerkrafttreten</titel></metadaten><textdaten><text format="XML"><Content><P>Diese Verordnung tritt am 1. August 1998 in Kraft.</P></Content></text><fussnoten/></textdaten></norm>
<norm builddate="20241231222403" doknr="BJNR265800998BJNE001800311"><metadaten><jurabk>ErbStDV 1998</jurabk><jurabk>ErbStDV</jurabk><enbez>Schlußformel</enbez></metadaten><textdaten><text format="XML"><Content><P>Der Bundesrat hat zugestimmt.</P></Content></text></textdaten></norm>
<norm builddate="20241231222403" doknr="BJNR265800998BJNE001904377"><metadaten><jurabk>ErbStDV 1998</jurabk><jurabk>ErbStDV</jurabk><enbez>Muster 1</enbez><titel format="XML">(§ 1 ErbStDV)</titel></metadaten><textdaten><text format="XML"><Content><P><noindex><kommentar typ="Fundstelle">(Fundstelle: BGBl. I 1998, 2662;<BR/>bzgl. der einzelnen Änderungen vgl. Fußnote)</kommentar></noindex></P><P><BR/><pre xml:space="preserve"> <BR/>..............................<BR/>Firma<BR/>                              <B>Erbschaftsteuer</B><BR/>An das<BR/>Finanzamt ....................<BR/>- Erbschaftsteuerstelle -<BR/> <BR/>------------------------------<BR/>                                 <B>Anzeige</B><BR/>über die Verwahrung oder Verwaltung fremden Vermögens (§ 33 Abs. 1<BR/>ErbStG und § 1 ErbStDV)<BR/>------------------------------------------------------------------------<BR/>1.  Erblasser Name, Vorname, Identifikationsnummer .....................<BR/>    Geburtstag              .............<BR/>    Anschrift               ............................................<BR/>    Todestag                ............. Sterbeort      ...............<BR/>    Standesamt              ............. Sterberegister-Nr. ...........<BR/>2.  Guthaben und andere Forderungen, auch Gemeinschaftskonten<BR/>    --------------------------------------------------------------------<BR/>     IBAN       I Nennbetrag I Aufgelaufene I Hat der Kontoinhaber mit<BR/>                I am Todes-  I Zinsen bis   I dem Kreditinstitut<BR/>                I tag ohne   I zum Todestag I vereinbart, daß die<BR/>                I Zinsen für I (volle EUR)  I Guthaben oder eines<BR/>                I das Jahr   I              I derselben mit seinem Tod<BR/>                I des Todes  I              I auf eine bestimmte Person<BR/>                I (volle EUR)               I übergehen?<BR/>                I            I              I Wenn ja: Name und genaue<BR/>                I            I              I Anschrift dieser Person<BR/>    --------------------------------------------------------------------<BR/>          1     I      2     I       3      I           4<BR/>    --------------------------------------------------------------------<BR/>                I            I              I<BR/>    --------------------------------------------------------------------<BR/>                I            I              I<BR/>    --------------------------------------------------------------------<BR/>                I            I              I<BR/>    --------------------------------------------------------------------<BR/>                I            I              I<BR/>    --------------------------------------------------------------------<BR/>                I            I              I<BR/>    --------------------------------------------------------------------<BR/>    Von den Angaben in Spalte 1 entfallen auf unselbständige Zweigniederlassungen <BR/>    im Ausland:<BR/>    IBAN: <BR/>   <BR/>3.  Wertpapiere, Anteile, Genußscheine und dergleichen, auch solche<BR/>    in Gemeinschaftsdepots<BR/>    --------------------------------------------------------------------<BR/>    Bezeichnung I Nennbetrag I Kurswert bzw.  Stückzinsen I Bemerkungen<BR/>    der Wert-   I am         I Rücknahme-   I bis zum     I<BR/>    papiere     I Todestag   I preis        I Todestag    I<BR/>    usw.        I (volle EUR)  am Todestag  I (volle EUR) I<BR/>    Wertpapier- I            I (volle EUR)  I             I<BR/>    kenn-Nr.    I            I              I             I<BR/>                I            I              I             I<BR/>                I            I              I             I<BR/>                I            I              I             I<BR/>    --------------------------------------------------------------------<BR/>          1     I     2      I       3      I      4      I       5<BR/>    --------------------------------------------------------------------<BR/>                I            I              I             I<BR/>    --------------------------------------------------------------------<BR/>                I            I              I             I<BR/>    --------------------------------------------------------------------<BR/>                I            I              I             I<BR/>    --------------------------------------------------------------------<BR/>                I            I              I             I<BR/>    --------------------------------------------------------------------<BR/>                I            I              I             I<BR/>    --------------------------------------------------------------------<BR/>    Von den Angaben in Spalte 1 entfallen auf unselbständige Zweigniederlassungen <BR/>    im Ausland:<BR/>    Bezeichnung der Wertpapiere usw., Wertpapierkenn-Nr.:<BR/>    <BR/>4.  Der Verstorbene hatte kein - ein Schließfach/ ... Schließfächer<BR/>    Versicherungswert                                                EUR<BR/>                                                        .................<BR/>5.  Bemerkungen (z. B. über Schulden des Erblassers beim<BR/>    Kreditinstitut): ...................................................<BR/>    ....................................................................<BR/>    ....................................................................<BR/> <BR/>    ..............................          ............................<BR/>    Ort, Datum                              Unterschrift</pre></P></Content></text><fussnoten/></textdaten></norm>
<norm builddate="20241231222403" doknr="BJNR265800998BJNE002005123"><metadaten><jurabk>ErbStDV 1998</jurabk><jurabk>ErbStDV</jurabk><enbez>Muster 2</enbez><titel format="XML">(§ 3 ErbStDV)</titel></metadaten><textdaten><text format="XML"><Content><P><noindex><kommentar typ="Fundstelle">(Fundstelle: BGBl. I 1998, 2663;<BR/>bzgl. der einzelnen Änderungen vgl. Fußnote)</kommentar></noindex></P><P><BR/><pre xml:space="preserve"> <BR/>..............................<BR/>Firma<BR/>                              <B>Erbschaftsteuer</B><BR/>An das<BR/>Finanzamt ....................<BR/>- Erbschaftsteuerstelle -<BR/> <BR/>------------------------------<BR/>                                 <B>Anzeige</B><BR/>über die Auszahlung oder Zurverfügungstellung von Versicherungssummen<BR/>oder Leibrenten an einen anderen als den Versicherungsnehmer<BR/>(§ 33 Abs. 3 ErbStG und § 3 ErbStDV)<BR/>------------------------------------------------------------------------<BR/>1.  Versicherter                             I und Versicherungsnehmer<BR/>                                             I (wenn er ein anderer ist<BR/>                                             I als der Versicherte)<BR/>    a) Name und Vorname, Identifikationsnummer .....................I...<BR/>    b) Geburtsdatum     .....................I..........................<BR/>    c) Anschrift        .....................I..........................<BR/>    d) Todestag         .....................I..........................<BR/>    e) Sterbeort        .....................I..........................<BR/>    f) Standesamt und   .....................I..........................<BR/>       Sterberegister-Nr.<BR/>    <BR/>    Zeitpunkt der Auszahlung beziehungsweise Zurverfügungstellung in Fällen, <BR/>    in denen der Versicherungsnehmer nicht verstorben ist:<BR/>       <BR/>2.  Versicherungsschein-Nr. .........................<BR/>3.  a) Bei Kapitalversicherung<BR/>       Auszuzahlender Versicherungsbetrag vor Abzug von <BR/>       einzubehaltender Kapitalertragsteuer, Solidaritätszuschlag, <BR/>       Kirchensteuer<BR/>       (einschließlich Dividenden und dergleichen<BR/>       abzüglich noch geschuldeter Prämien, vor<BR/>       der Fälligkeit der Versicherungssumme<BR/>       gewährter Darlehen, Vorschüsse und<BR/>       dergleichen)                                                   EUR<BR/>                                                        .................<BR/>    b) Bei Rentenversicherung<BR/>       Jahresbetrag            EUR    Dauer der Rente<BR/>                      ............                      ................<BR/>4.  Zahlungsempfänger ist ..............................................<BR/>    ( ) als Inhaber des Versicherungsscheins *)<BR/>    ( ) als Bevollmächtigter, gesetzlicher Vertreter des *) .............<BR/>    ( ) als Begünstigter *)<BR/>    ( ) aus einem anderen Grund (Abtretung, Verpfändung,<BR/>        gesetzliches Erbrecht, Testament und dergleichen)<BR/>        und welchem? *)                          .......................<BR/>    *) Zutreffendes ist anzukreuzen<BR/>5.  Nach der Auszahlungsbestimmung des Versicherungsnehmers, die  als<BR/>    Bestandteil des Versicherungsvertrags anzusehen ist, ist/sind<BR/>    bezugsberechtigt ...................................................<BR/>6.  Bei Wechsel des Versicherungsnehmers<BR/>    Neuer Versicherungsnehmer ist ......................................<BR/>    Rückkaufswert              EUR                                      <BR/>                      ............                                      <BR/>                                              <BR/>7.  Bemerkungen (z. B. persönliches Verhältnis<BR/>    - Verwandtschaftsverhältnis, Ehegatte oder Lebenspartner - der Beteiligten) <BR/>    ....................................................................<BR/>    ....................................................................<BR/> <BR/>    ..............................          ............................<BR/>    Ort, Datum                              Unterschrift</pre></P></Content></text><fussnoten/></textdaten></norm>
<norm builddate="20241231222403" doknr="BJNR265800998BJNE002102118"><metadaten><jurabk>ErbStDV 1998</jurabk><jurabk>ErbStDV</jurabk><enbez>Muster 3</enbez><titel format="XML">(§ 4 ErbStDV)</titel></metadaten><textdaten><text format="XML"><Content><P><noindex><kommentar typ="Fundstelle">(Fundstelle: BGBl. I 1998, 2664 - 2665;<BR/>bzgl. der einzelnen Änderungen vgl. Fußnote)</kommentar></noindex></P><P><BR/><pre xml:space="preserve"> <BR/>..............................<BR/>Standesamt und Ordnungsnummer<BR/>                              <B>Erbschaftsteuer<BR/>                                 Totenliste</B><BR/> <BR/>des Standesamtsbezirks  ................................................<BR/>für den Zeitraum vom    .............  bis  ........... einschließlich<BR/>Sitz des Standesamts    ................................................<BR/> <BR/>      <B>Anleitung für die Aufstellung und Einsendung der Totenliste</B><BR/>1.  Die Totenliste ist für den Zeitraum eines Monats aufzustellen,<BR/>    sofern nicht die Oberfinanzdirektion die Aufstellung für einen<BR/>    kürzeren oder längeren Zeitraum angeordnet hat. Sie ist beim Beginn<BR/>    des Zeitraums anzulegen. Die einzelnen Sterbefälle sind darin<BR/>    sofort nach ihrer Beurkundung einzutragen.<BR/>2.  In die Totenliste sind aufzunehmen<BR/>    a) alle beurkundeten Sterbefälle nach der Reihenfolge der<BR/>       Eintragungen im Sterberegister,<BR/>    b) die dem Standesbeamten glaubhaft bekanntgewordenen Sterbefälle im<BR/>       Ausland, und zwar von Deutschen und Ausländern, wenn sie beim Tod<BR/>       einen Wohnsitz oder ihren gewöhnlichen Aufenthalt oder Vermögen<BR/>       im Bezirk des Standesamtes hatten.<BR/>3.  Ausfüllen der Spalten:<BR/>    a) Spalte 1 muß alle Nummern des Sterberegisters in ununterbrochener<BR/>       Reihenfolge nachweisen. Die Auslassung einzelner Nummern ist in<BR/>       Spalte 7 zu erläutern. Auch der Sterbefall eines Unbekannten ist<BR/>       in der Totenliste anzugeben.<BR/>    b) In den Spalten 5 und 6 ist der Antwort stets der Buchstabe der<BR/>       Frage voranzusetzen, auf die sich die Antwort bezieht.<BR/>    c) Fragen, über die das Sterberegister keine Auskunft gibt, sind zu<BR/>       beantworten, soweit sie der Standesbeamte aus eigenem Wissen<BR/>       oder nach Befragen des Anmeldenden beantworten kann.<BR/>    d) Bezugnahmen auf vorhergehende Angaben durch &quot;dsgl.&quot; oder durch<BR/>       Strichzeichen (&quot;) usw. sind zu vermeiden.<BR/>    e) Spalte 8 ist nicht auszufüllen.<BR/>4.  Einlagebogen sind in den Titelbogen einzuheften.<BR/>5.  Abschluß der Liste:<BR/>    a) Die Totenliste ist hinter der letzten Eintragung mit<BR/>       Orts- und Zeitangabe und der Unterschrift des Standesbeamten<BR/>       abzuschließen.<BR/>    b) Sind Sterbefälle der unter Nummer 2 Buchstabe b bezeichneten Art<BR/>       nicht bekanntgeworden, ist folgende Bescheinigung zu<BR/>       unterschreiben:<BR/>          Im Ausland eingetretene Sterbefälle von Deutschen und<BR/>          Ausländern, die beim Tod einen Wohnsitz oder ihren<BR/>          gewöhnlichen Aufenthalt oder Vermögen im Bezirk des<BR/>          Standesamtes hatten, sind mir nicht bekanntgeworden.<BR/> <BR/>    .......................        .....................................<BR/>          Ort, Datum                  (Standesbeamter/Standesbeamtin)<BR/> <BR/>    c) Binnen zehn Tagen nach Ablauf des Zeitraums, für den die Liste<BR/>       aufzustellen ist, ist sie dem Finanzamt einzureichen. Sind in<BR/>       dem Zeitraum Sterbefälle nicht anzugeben, ist dem Finanzamt<BR/>       binnen zehn Tagen nach Ablauf des Zeitraums eine Fehlanzeige<BR/>       nach besonderem Muster zu erstatten.<BR/> <BR/><BR/> <BR/>An das<BR/>Finanzamt ....................<BR/>- Erbschaftsteuerstelle -<BR/> <BR/>------------------------------<BR/> <BR/>                               (Seite 2)<BR/>               ---------------------------------------------------------<BR/>               I a) Familienname   I               I a) Familienstand<BR/>               I    ggf. auch      I               I b) bei Verheirateten<BR/>               I    Geburtsname    I               I    oder bei Lebenspartnern<BR/>               I b) Vornamen       I               I    Name, Beruf,<BR/>               I c) Beruf          I a) Todestag   I    Geburtstag,<BR/>   Nummer des  I d) Anschrift      I b) Geburtstag I    ggf. abweichende<BR/>   Sterbe-     I e) Bei minder-    I c) Geburtsort I    Anschrift des<BR/>   registers   I    jährigen       I               I    anderen Ehegatten<BR/>               I    Kindern Name,  I               I    oder Lebenspartners<BR/>               I    Beruf und      I               I c) bei Verwitweten<BR/>               I    Anschrift      I               I    oder bei hinterbliebenen<BR/>               I    (soweit von d) I               I    Lebenspartnern<BR/>               I    abweichend)    I               I    Beruf des verstorbenen<BR/>               I    des Vaters und I               I    Ehegatten oder<BR/>               I    der Mutter     I               I    Lebenspartners<BR/>------------------------------------------------------------------------<BR/>des Verstorbenen<BR/>------------------------------------------------------------------------<BR/>       1       I        2          I       3       I           4<BR/>------------------------------------------------------------------------<BR/>               I                   I               I<BR/>               I                   I               I<BR/>               I                   I               I<BR/>               I                   I               I<BR/> <BR/>                               (Seite 3)<BR/>------------------------------------------------------------------------<BR/>Lebten von dem       I Worin besteht der     I             I<BR/>Verstorbenen am      I Nachlaß und welchen   I             I<BR/>Todestag             I Wert hat er?          I             I<BR/>a) Kinder? Wie       I (kurze Angabe)        I             I<BR/>   viele?            I a) Land- und forstw.  I             I<BR/>b) Abkömmlinge von   I    Vermögen (bitte    I             I Nummer<BR/>   verstorbenen      I    Lage und Größe der I             I und<BR/>   Kindern?          I    bewirtschafteten   I Bemerkungen I Jahrgang<BR/>   Wie viele?        I    Fläche angeben)    I             I der<BR/>c) Eltern oder       I b) Grundvermögen      I             I Steuerliste<BR/>   Geschwister?      I    (bitte Lage        I             I<BR/>   (Nur angeben,     I    angeben)           I             I<BR/>   wenn a) und b)    I c) Betriebsvermögen   I             I<BR/>   verneint wird)    I    (bitte die Firma   I             I<BR/>d) Sonstige          I    und Art des        I             I<BR/>   Verwandte oder    I    Betriebs, z.B.     I             I<BR/>   Verschwägerte?    I    Einzelhandels-     I             I<BR/>   (Nur angeben,     I    geschäft, Groß-    I             I<BR/>   wenn a) bis c)    I    handel, Handwerks- I             I<BR/>   verneint wird)    I    betrieb, Fabrik    I             I<BR/>e) Wer kann Auskunft I    angeben)           I             I<BR/>   geben?            I d) Übriges Vermögen   I             I<BR/>-------------------- I                       I             I<BR/>Zu a) bis e) bitte   I                       I             I<BR/>Name und Anschrift   I                       I             I<BR/>angeben              I                       I             I<BR/>------------------------------------------------------------------------<BR/>          5          I           6           I      7      I      8<BR/>------------------------------------------------------------------------<BR/>                     I                       I             I<BR/>                     I                       I             I<BR/>                     I                       I             I<BR/>                     I                       I             I</pre></P></Content></text><fussnoten><Content><P>(+++ Muster 3 F. 2014-07-18: Zur Anwendung vgl. § 12 Abs. 2 +++)</P></Content></fussnoten></textdaten></norm>
<norm builddate="20241231222403" doknr="BJNR265800998BJNE002201301"><metadaten><jurabk>ErbStDV 1998</jurabk><jurabk>ErbStDV</jurabk><enbez>Muster 4</enbez><titel format="XML">(§ 4 ErbStDV)</titel></metadaten><textdaten><text format="XML"><Content><P><noindex><kommentar typ="Fundstelle">(Fundstelle: BGBl. I 1998, 2666;<BR/>bzgl. der einzelnen Änderungen vgl. Fußnote)</kommentar></noindex></P><P><BR/><pre xml:space="preserve"> <BR/>..............................<BR/>Standesamt und Ordnungsnummer<BR/>                              <B>Erbschaftsteuer</B><BR/> <BR/>An das<BR/>Finanzamt ....................<BR/>- Erbschaftsteuerstelle -<BR/> <BR/>------------------------------<BR/> <BR/>                               <B>Fehlanzeige</B><BR/>------------------------------------------------------------------------<BR/>im Standesamtsbezirk    ................................................<BR/>sind für die Zeit vom   .............  bis  ........... einschließlich<BR/>Sterbefälle nicht anzugeben.<BR/>Der letzte Sterbefall ist beurkundet im Sterberegister unter Nr. ......<BR/>Im Ausland eingetretene Sterbefälle von Deutschen und von Ausländern,<BR/>die beim Tod einen Wohnsitz oder ihren gewöhnlichen Aufenthalt oder<BR/>Vermögen im Bezirk des Standesamtes hatten, sind mir nicht<BR/>bekanntgeworden.<BR/>Bemerkungen ............................................................<BR/>........................................................................<BR/> <BR/>    ..............................          ............................<BR/>    Ort, Datum                              Unterschrift</pre></P></Content></text><fussnoten/></textdaten></norm>
<norm builddate="20241231222403" doknr="BJNR265800998BJNE002306116"><metadaten><jurabk>ErbStDV 1998</jurabk><jurabk>ErbStDV</jurabk><enbez>Muster 5</enbez><titel format="XML">(§ 7 ErbStDV)</titel></metadaten><textdaten><text format="XML"><Content><P><noindex><kommentar typ="Fundstelle">(Fundstelle: BGBl. I 1998, 2667;<BR/>bzgl. der einzelnen Änderungen vgl. Fußnote)</kommentar></noindex></P><P><BR/><pre xml:space="preserve"> <BR/>..............................<BR/>Amtsgericht/Notariat<BR/>                              <B>Erbschaftsteuer</B><BR/>An das<BR/>Finanzamt ....................<BR/>- Erbschaftsteuerstelle -<BR/> <BR/>------------------------------<BR/>Die anliegende ... beglaubigte ... Abschrift ... (Ablichtung ... wird/werden<BR/>mit folgenden Bemerkungen übersandt:<BR/>Erblasser Name, Vorname, Identifikationsnummer .........................<BR/>Geburtstag                     .........................................<BR/>letzte Anschrift               .........................................<BR/>Beruf                          .........................................<BR/>Familienstand                  .........................................<BR/>Güterstand (bei Verheirateten<BR/>oder bei Lebenspartnern)       .........................................<BR/>Todestag und Sterbeort         .........................................<BR/>Standesamt und Sterberegister-Nr. ......................................<BR/>Testament/Erbvertrag vom       .........................................<BR/>Tag der Eröffnung              .........................................<BR/> <BR/>Die Gebühr für die          Errichtung    I Verwahrung    I Erteilung eines Erbscheins<BR/>ist berechnet nach einem              EUR I           EUR I          EUR<BR/>Wert von                    ..............I...............I.............<BR/>Grund der Übersendung<BR/>Eröffnung einer   ( ) Verfügung von Todes<BR/>                      wegen *)<BR/>Erteilung eines   ( ) Erbscheins *) ( ) Europäischen  ( ) Testaments-   ( ) Zeugnisses<BR/>                                        Nachlass-         vollstrecker-     über die<BR/>                                        zeugnisses *)     zeugnisses *)     Fortsetzung<BR/>                                                          von Güter-<BR/>                                                          gemeinschaften<BR/>Beurkundung einer ( ) Erbauseinandersetzung<BR/>Beschluß über die ( ) Einleitung     ( ) Einleitung<BR/>                      oder Aufhebung     oder Aufhebung<BR/>                      einer Nachlaß-     einer Nachlaß-<BR/>                      pflegschaft *)     verwaltung *)<BR/> <BR/>Die Namen und Anschriften der Beteiligten und das persönliche Verhältnis<BR/>(Verwandtschaftsverhältnis, Ehegatte oder Lebenspartner) zum Erblasser <BR/>sowie Veränderungen in der Person der Erben, Vermächtnisnehmer, <BR/>Testamentsvollstrecker usw. (durch Tod, Eintritt eines Ersatzerben, <BR/>Ausschlagung, Amtsniederlegung des Testamentsvollstreckers und dergleichen) <BR/>und Änderungen in den Verhältnissen dieser Personen (Namens-, Berufs-, <BR/>Anschriftenänderungen und dergleichen)<BR/>( ) ergeben sich aus der beiliegenden Abschrift der<BR/>    Eröffnungsverhandlung. *)<BR/>( ) sind auf einem gesonderten Blatt angegeben. *)<BR/>( ) Zur Höhe und Zusammensetzung des Nachlasses ist dem<BR/>    Gericht/Notariat folgendes bekanntgeworden: *)<BR/>    ....................................................................<BR/>    ....................................................................<BR/>( ) Ein Verzeichnis der Nachlaßgegenstände ist beigefügt. *)<BR/> <BR/>*) Zutreffendes ist anzukreuzen<BR/> <BR/><BR/> <BR/>    ..............................          ............................<BR/>    Ort, Datum                              Unterschrift</pre></P></Content></text><fussnoten><Content><P>(+++ Muster 5 F. 2014-07-18: Zur Anwendung vgl. § 12 Abs. 2 +++)</P></Content></fussnoten></textdaten></norm>
<norm builddate="20241231222403" doknr="BJNR265800998BJNE002500123"><metadaten><jurabk>ErbStDV 1998</jurabk><jurabk>ErbStDV</jurabk><enbez>Muster 6</enbez><titel format="XML">(§ 8 ErbStDV)</titel></metadaten><textdaten><text format="XML"><Content><P><noindex><kommentar typ="Fundstelle">(Fundstelle: BGBl. I 1998, 2668;<BR/>bzgl. der einzelnen Änderungen vgl. Fußnote)</kommentar></noindex></P><P><BR/><pre xml:space="preserve"> <BR/>..............................<BR/>Amtsgericht/Notariat<BR/>                             <B>Schenkungsteuer</B><BR/>An das<BR/>Finanzamt ....................<BR/>- Erbschaftsteuerstelle -<BR/> <BR/>------------------------------<BR/> <BR/>   <B>Die anliegende beglaubigte Abschrift/Ablichtung wird mit folgenden<BR/>                        Bemerkungen übersandt:</B><BR/> <BR/>1.  Schenker Name, Vorname, Identifikationsnummer ......................<BR/>    Geburtstag                 .............<BR/>    Anschrift                  .........................................<BR/>2.  Beschenkter Name, Vorname, Identifikationsnummer ...................<BR/>    Geburtstag                 .............<BR/>    Anschrift                  .........................................<BR/>3.  Vertrag vom                .......... Urkundenverzeichnis-Nr. ......<BR/>4.  Ergänzende Angaben (§ 34 ErbStG, § 8 ErbStDV)<BR/>    Persönliches Verhältnis (Verwandtschaftsverhältnis, Ehegatte oder Lebenspartner)<BR/>    des Erwerbers zum Schenker (z. B. Kind, Geschwisterkind, Bruder der Mutter, <BR/>    nicht verwandt) ....................................................<BR/> <BR/>    Verkehrswert des     I Bei Grundbesitz:      I Wert, der der<BR/>    übertragenen         I letzter Grundsteuerwert/ I Kostenberechnung<BR/>    Vermögens            I Grundbesitzwert       I zugrunde liegt<BR/>                         I (Nichtzutreffendes    I<BR/>                         I ist zu streichen)     I<BR/>                         I                       I<BR/>                     EUR I                   EUR I                   EUR<BR/>    .....................I.......................I......................<BR/> <BR/>5.  Sonstige Angaben<BR/>    Zur Verfahrensvereinfachung und Vermeidung von Rückfragen werden mit<BR/>    Einverständnis der Urkundsparteien folgende Angaben gemacht, soweit<BR/>    sie nicht bereits aus dem Vertrag ersichtlich sind:<BR/> <BR/>    Valutastand der      I Jahreswert von        I Höhe der<BR/>    übernommenen         I Gegenleistungen wie   I Notargebühren<BR/>    Verbindlichkeiten am I z. B. Nießbrauch      I<BR/>    Tag der Schenkung    I                       I<BR/>                         I                       I<BR/>                         I                       I<BR/>                     EUR I                   EUR I                   EUR<BR/>    .....................I.......................I......................<BR/> <BR/>    ..............................          ............................<BR/>    Ort, Datum                              Unterschrift</pre></P></Content></text><fussnoten/></textdaten></norm>
</dokumente>