<?xml version="1.0" encoding="UTF-8" ?><!DOCTYPE dokumente SYSTEM "http://www.gesetze-im-internet.de/dtd/1.01/gii-norm.dtd">
<dokumente builddate="20220201213028" doknr="BJNR189100012"><norm builddate="20220201213028" doknr="BJNR189100012"><metadaten><jurabk>HoBaMstrV</jurabk><amtabk>HoBaMstrV</amtabk><ausfertigung-datum manuell="ja">2012-09-10</ausfertigung-datum><fundstelle typ="amtlich"><periodikum>BGBl I</periodikum><zitstelle>2012, 1891</zitstelle></fundstelle><kurzue>Holz- und Bautenschutzmeisterverordnung</kurzue><langue>Verordnung über die Meisterprüfung in den Teilen I und II im Holz- und Bautenschutzgewerbe</langue><standangabe checked="ja"><standtyp>Stand</standtyp><standkommentar>Geändert durch Art. 2 Abs. 74 V v. 18.1.2022 I 39</standkommentar></standangabe></metadaten><textdaten><fussnoten><Content><P><BR/> <pre xml:space="preserve">(+++ Textnachweis ab 1.11.2012 +++)<BR/><BR/></pre></P></Content></fussnoten></textdaten></norm>
<norm builddate="20220201213028" doknr="BJNR189100012BJNE000100000"><metadaten><jurabk>HoBaMstrV</jurabk><enbez>Eingangsformel</enbez></metadaten><textdaten><text format="XML"><Content><P>Auf Grund des § 51a Absatz 2 der Handwerksordnung, der zuletzt durch Artikel 3 Nummer 3 Buchstabe a des Gesetzes vom 11. Juli 2011 (BGBl. I S. 1341) geändert worden ist, verordnet das Bundesministerium für Wirtschaft und Technologie im Einvernehmen mit dem Bundesministerium für Bildung und Forschung:</P></Content></text></textdaten></norm>
<norm builddate="20220201213028" doknr="BJNR189100012BJNE000200000"><metadaten><jurabk>HoBaMstrV</jurabk><enbez>§ 1</enbez><titel format="XML">Gegenstand</titel></metadaten><textdaten><text format="XML"><Content><P>Die Meisterprüfung besteht aus vier selbstständigen Prüfungsteilen. Diese Verordnung regelt das Meisterprüfungsberufsbild sowie die Prüfung in den Teilen I und II der Meisterprüfung im Holz- und Bautenschutzgewerbe.</P></Content></text></textdaten></norm>
<norm builddate="20220201213028" doknr="BJNR189100012BJNE000300000"><metadaten><jurabk>HoBaMstrV</jurabk><enbez>§ 2</enbez><titel format="XML">Meisterprüfungsberufsbild</titel></metadaten><textdaten><text format="XML"><Content><P>Im Holz- und Bautenschutzgewerbe sind zum Zwecke der Meisterprüfung folgende Fertigkeiten und Kenntnisse zum Nachweis der beruflichen Handlungskompetenz zu berücksichtigen: <DL Type="arabic"><DT>1.</DT><DD Font="normal"><LA>auftragsbezogene Kundenwünsche ermitteln, Kunden beraten, Serviceleistungen anbieten, Auftragsverhandlungen führen und Auftragsziele festlegen, Leistungen kalkulieren und Angebote erstellen, Verträge schließen,</LA></DD><DT>2.</DT><DD Font="normal"><LA>Aufgaben der technischen, kaufmännischen und personalwirtschaftlichen Betriebsführung wahrnehmen, insbesondere unter Berücksichtigung der Betriebsorganisation, der betrieblichen Aus- und Weiterbildung, des Qualitätsmanagements, des Arbeitsschutzrechtes, des Datenschutzes, des Umweltschutzes, der Grundsätze des ökologischen Bauens sowie von Informations- und Kommunikationssystemen,</LA></DD><DT>3.</DT><DD Font="normal"><LA>Auftragsabwicklungsprozesse planen, organisieren und überwachen,</LA></DD><DT>4.</DT><DD Font="normal"><LA>Aufträge ausführen, insbesondere unter Berücksichtigung von Verarbeitungs- und Anwendungstechniken sowie Instandhaltungsverfahren und Sanierungsmöglichkeiten, berufsbezogenen rechtlichen Vorschriften und technischen Normen sowie der allgemein anerkannten Regeln der Technik, Personal, Material, Maschinen und Geräten sowie von Möglichkeiten zum Einsatz von Auszubildenden,</LA></DD><DT>5.</DT><DD Font="normal"><LA>Pläne, Skizzen und Zeichnungen, auch unter Einsatz von rechnergestützten Systemen, anfertigen,</LA></DD><DT>6.</DT><DD Font="normal"><LA>Baustoffeigenschaften und -beschaffenheit von Holz, Mauerwerk und Beton sowie deren Wechselwirkung beurteilen,</LA></DD><DT>7.</DT><DD Font="normal"><LA>Konzepte für Betriebsstätten einschließlich Betriebs- und Lagerausstattung sowie für logistische Prozesse entwickeln und umsetzen,</LA></DD><DT>8.</DT><DD Font="normal"><LA>objektbezogene Vorgaben, insbesondere bauphysikalische, baubiologische und bauchemische Nachweise über die Tragfähigkeit und Schadstoffbelastung des Baugrundes sowie der vorliegenden Wasserverhältnisse, als Grundlagen in die Planung von Sanierungen einbeziehen,</LA></DD><DT>9.</DT><DD Font="normal"><LA>Schäden an Bauteilen durch holzzerstörende Organismen und Mängel, die zu einem Schädlingsbefall führen können, feststellen, aufnehmen sowie Ursachen ermitteln; Sanierungskonzepte nach statischen und bauphysikalischen Vorgaben, auch unter Berücksichtigung alternativer Verfahren, erarbeiten, Sanierungsmaßnahmen durchführen und dokumentieren,</LA></DD><DT>10.</DT><DD Font="normal"><LA>Feuchteschäden und Abdichtungsmängel an erdberührten Bauteilen feststellen, aufnehmen sowie Ursachen ermitteln und bewerten; Sanierungskonzepte nach statischen und bauphysikalischen Vorgaben, auch unter Berücksichtigung alternativer Verfahren, erarbeiten, Sanierungsmaßnahmen durchführen und dokumentieren,</LA></DD><DT>11.</DT><DD Font="normal"><LA>Messverfahren und Probenentnahmen durchführen, Ergebnisse labortechnischer Untersuchungen und eigener Messungen zur Bestimmung von Feuchte- und Salzgehalt sowie Alkalität von Baustoffen auswerten und in Sanierungskonzepte einbeziehen; flankierende Maßnahmen für feuchte- und salzbelastete Bauteile auswählen, durchführen und kontrollieren,</LA></DD><DT>12.</DT><DD Font="normal"><LA>den vorbeugenden und bekämpfenden chemischen Holzschutz gegen holzzerstörende Organismen planen, durchführen, kontrollieren und dokumentieren,</LA></DD><DT>13.</DT><DD Font="normal"><LA>Holzsanierungen und -ergänzungen zur Wiederherstellung nichttragender Holzbauteile sowie Maßnahmen zur Kontrolle eines Neubefalls planen, durchführen und dokumentieren,</LA></DD><DT>14.</DT><DD Font="normal"><LA>Innen- und Außenabdichtungen an erdberührten Bauteilen aus Beton mit zement- und kunstharzgebundenen Oberflächendichtungsmitteln zur Sicherung, Erhaltung oder Wiederherstellung der vorgesehenen Nutzung unter Berücksichtigung von objektbezogenen Vorgaben auswählen, durchführen und kontrollieren,</LA></DD><DT>15.</DT><DD Font="normal"><LA>Riss-Sanierungen an erdberührten Bauteilen für Innen- und Außenabdichtungen unter Beachtung statischer Vorgaben planen und durchführen,</LA></DD><DT>16.</DT><DD Font="normal"><LA>die oberflächennahe Wiederherstellung von Stahlüberdeckungen an erdberührten Stahlbetonteilen zur Herstellung von Untergründen für nachträgliche Bauwerksabdichtungen durch Aufbringen zement-und kunstharzgebundener Oberflächendichtungsmittel bei statisch nicht relevanter Schädigung, unter Berücksichtigung von objektbezogenen Vorgaben auswählen, durchführen, kontrollieren und dokumentieren,</LA></DD><DT>17.</DT><DD Font="normal"><LA>Trocknungsmaßnahmen von Wasserschäden planen und durchführen,</LA></DD><DT>18.</DT><DD Font="normal"><LA>Qualitätskontrollen durchführen, Fehler, Mängel und Störungen analysieren und beseitigen, Ergebnisse bewerten und dokumentieren,</LA></DD><DT>19.</DT><DD Font="normal"><LA>durchgeführte Leistungen dokumentieren, Aufmass- und Abrechnungserstellung sowie eine Nachkalkulation durchführen und die Auftragsabwicklung auswerten.</LA></DD></DL></P></Content></text></textdaten></norm>
<norm builddate="20220201213028" doknr="BJNR189100012BJNE000400000"><metadaten><jurabk>HoBaMstrV</jurabk><enbez>§ 3</enbez><titel format="XML">Ziel und Gliederung des Teils I</titel></metadaten><textdaten><text format="XML"><Content><P>(1) Durch die Prüfung in Teil I hat der Prüfling seine berufliche Handlungskompetenz dadurch nachzuweisen, dass er komplexe berufliche Aufgabenstellungen lösen und dabei Tätigkeiten des Holz- und Bautenschutzgewerbes meisterhaft verrichten kann.</P><P>(2) Der Teil I der Meisterprüfung umfasst ein Meisterprüfungsprojekt und ein darauf bezogenes Fachgespräch.</P></Content></text></textdaten></norm>
<norm builddate="20220201213028" doknr="BJNR189100012BJNE000500000"><metadaten><jurabk>HoBaMstrV</jurabk><enbez>§ 4</enbez><titel format="XML">Meisterprüfungsprojekt</titel></metadaten><textdaten><text format="XML"><Content><P>(1) Der Prüfling hat ein Meisterprüfungsprojekt durchzuführen, das einem Kundenauftrag entspricht. Die auftragsbezogenen Anforderungen werden vom Meisterprüfungsausschuss festgelegt. Hierzu sollen Vorschläge des Prüflings berücksichtigt werden. Auf dieser Grundlage erarbeitet der Prüfling ein Umsetzungskonzept, einschließlich einer Zeit- und Materialbedarfsplanung. Dieses hat er vor der Durchführung des Meisterprüfungsprojekts dem Meisterprüfungsausschuss zur Genehmigung vorzulegen. Der Meisterprüfungsausschuss prüft, ob das Umsetzungskonzept den auftragsbezogenen Anforderungen entspricht.</P><P>(2) Das Meisterprüfungsprojekt besteht aus Planungs-, Durchführungs-, Kontroll- und Dokumentationsarbeiten.</P><P>(3) Als Meisterprüfungsprojekt ist eine Sanierung für ein im Mauerwerk eingebundenes Holzbauteil im Wohnungsbau, das von holzzerstörenden Organismen befallen ist, oder eine nachträgliche Abdichtung erdberührter Bauteile von innen und außen oder eine oberflächennahe Wiederherstellung der Stahlüberdeckung an erdberührten Stahlbetonteilen zur Herstellung eines Untergrundes für eine nachträgliche Bauwerksabdichtung bei statisch nicht relevanter Schädigung zu planen, durchzuführen und zu dokumentieren.</P><P>(4) Die Planungsunterlagen, bestehend aus Entwurf, Berechnung und Kalkulation, werden mit 30 Prozent, die durchgeführten Arbeiten mit 50 Prozent und die Kontroll- und Dokumentationsunterlagen, bestehend aus Messprotokollen und Prüfberichten, mit 20 Prozent gewichtet.</P></Content></text></textdaten></norm>
<norm builddate="20220201213028" doknr="BJNR189100012BJNE000600000"><metadaten><jurabk>HoBaMstrV</jurabk><enbez>§ 5</enbez><titel format="XML">Fachgespräch</titel></metadaten><textdaten><text format="XML"><Content><P>Über das abgeschlossene Meisterprüfungsprojekt hat der Prüfling in einem Fachgespräch nachzuweisen, dass er befähigt ist, <DL Type="arabic"><DT>1.</DT><DD Font="normal"><LA>die fachlichen Zusammenhänge aufzuzeigen, die dem Meisterprüfungsprojekt zugrunde liegen,</LA></DD><DT>2.</DT><DD Font="normal"><LA>den Ablauf des Meisterprüfungsprojekts zu begründen,</LA></DD><DT>3.</DT><DD Font="normal"><LA>mit dem Meisterprüfungsprojekt verbundene berufsbezogene Probleme sowie deren Lösungen darzustellen und dabei neue Entwicklungen zu berücksichtigen.</LA></DD></DL></P></Content></text></textdaten></norm>
<norm builddate="20220201213028" doknr="BJNR189100012BJNE000700000"><metadaten><jurabk>HoBaMstrV</jurabk><enbez>§ 6</enbez><titel format="XML">Prüfungsdauer und Bestehen des Teils I</titel></metadaten><textdaten><text format="XML"><Content><P>(1) Das Meisterprüfungsprojekt dauert drei Arbeitstage. Das Fachgespräch soll höchstens 30 Minuten dauern.</P><P>(2) Meisterprüfungsprojekt und Fachgespräch werden gesondert bewertet. Die Prüfungsleistungen im Meisterprüfungsprojekt und im Fachgespräch werden im Verhältnis 3:1 gewichtet. Hieraus wird eine Gesamtbewertung gebildet.</P><P>(3) Mindestvoraussetzung für das Bestehen des Teils I der Meisterprüfung ist eine insgesamt ausreichende Prüfungsleistung, wobei die Prüfung weder im Meisterprüfungsprojekt noch im Fachgespräch mit weniger als 30 Punkten bewertet worden sein darf.</P></Content></text></textdaten></norm>
<norm builddate="20220201213028" doknr="BJNR189100012BJNE000800000"><metadaten><jurabk>HoBaMstrV</jurabk><enbez>§ 7</enbez><titel format="XML">Ziel, Gliederung und Inhalt des Teils II</titel></metadaten><textdaten><text format="XML"><Content><P>(1) Durch die Prüfung in Teil II hat der Prüfling in den in <I>Absatz 2 Satz 2 Nummer 1 bis 3</I> genannten Handlungsfeldern seine berufliche Handlungskompetenz dadurch nachzuweisen, dass er besondere fachtheoretische Kenntnisse im Holz- und Bautenschutzgewerbe zur Lösung komplexer beruflicher Aufgabenstellungen anwendet.</P><P>(2) In jedem der nachfolgend aufgeführten Handlungsfelder ist mindestens eine komplexe fallbezogene Aufgabe zu bearbeiten. Die fallbezogenen Aufgaben sind handwerksspezifisch, wobei die in den Handlungsfeldern nach den Nummern 1 bis 3 aufgeführten Qualifikationen auch handlungsfeldübergreifend verknüpft werden können.<DL Font="normal" Type="arabic"><DT>1.</DT><DD Font="normal"><LA Size="normal">Holz- und Bautenschutz</LA><LA Size="normal">Der Prüfling hat nachzuweisen, dass er in der Lage ist, verarbeitungs-, anwendungs- und instandhaltungstechnische Aufgaben unter Berücksichtigung wirtschaftlicher und ökologischer Aspekte in einem Holz- und Bautenschutz-Betrieb zu bearbeiten. Dabei soll er berufsbezogene Sachverhalte analysieren und bewerten. Bei der jeweiligen Aufgabenstellung sollen mehrere der unter den Buchstaben a bis h aufgeführten Qualifikationen verknüpft werden: <DL Font="normal" Type="alpha"><DT>a)</DT><DD Font="normal"><LA Size="normal">Informationen für Abwicklungsprozesse von Kundenaufträgen beurteilen, insbesondere unter Berücksichtigung physikalischer, chemischer und biologischer Faktoren sowie der berufsbezogenen rechtlichen Vorschriften, technischen Normen und Regelwerke,</LA></DD><DT>b)</DT><DD Font="normal"><LA Size="normal">Anwendungen von Messtechniken und -verfahren sowie Analysetechniken und -verfahren bewerten,</LA></DD><DT>c)</DT><DD Font="normal"><LA Size="normal">Verfahren, Maßnahmen und Methoden im Holz- und Bautenschutz sowie Alternativen unter Beachtung der Anwendungsgrenzen auswählen und die Auswahl begründen,</LA></DD><DT>d)</DT><DD Font="normal"><LA Size="normal">Sanierungskonzepte unter Berücksichtigung statischer und bauphysikalischer Vorgaben für den Holz- und Bautenschutz erarbeiten, Sanierungsalternativen prüfen, auswählen und Auswahl begründen,</LA></DD><DT>e)</DT><DD Font="normal"><LA Size="normal">Eigenschaften, Verhalten und Verträglichkeiten zu verarbeitender Werk- und Hilfsstoffe unterscheiden und unter Berücksichtigung der Anwendungsgrenzen Verwendungszwecken zuordnen,</LA></DD><DT>f)</DT><DD Font="normal"><LA Size="normal">den anwendungsbezogenen Einsatz von Werkzeugen, Maschinen und Geräten beurteilen und begründen,</LA></DD><DT>g)</DT><DD Font="normal"><LA Size="normal">Berechnungen und Zeichnungen sowie graphische Detaildarstellungen für geplante Maßnahmen erarbeiten, vorgegebene Dokumente bewerten,</LA></DD><DT>h)</DT><DD Font="normal"><LA Size="normal">auftragsbezogene Wartungs- und Nutzungshinweise erarbeiten und bewerten;</LA></DD></DL></LA></DD><DT>2.</DT><DD Font="normal"><LA Size="normal">Auftragsabwicklung</LA><LA Size="normal">Der Prüfling hat nachzuweisen, dass er in der Lage ist, Auftragsabwicklungsprozesse in einem Holz- und Bautenschutz-Betrieb, auch unter Anwendung branchenüblicher Software, erfolgs-, kunden- und qualitätsorientiert zu planen, deren Durchführung zu kontrollieren und sie abzuschließen. Bei der jeweiligen Aufgabenstellung sollen mehrere der unter den Buchstaben a bis j aufgeführten Qualifikationen verknüpft werden: <DL Font="normal" Type="alpha"><DT>a)</DT><DD Font="normal"><LA Size="normal">Möglichkeiten der Auftragsbeschaffung darstellen,</LA></DD><DT>b)</DT><DD Font="normal"><LA Size="normal">Angebotsunterlagen erstellen und Angebote auswerten, eine Angebotskalkulation durchführen,</LA></DD><DT>c)</DT><DD Font="normal"><LA Size="normal">Methoden und Verfahren der Arbeitsplanung und -organisation unter Berücksichtigung der Verarbeitungs-, Anwendungs- und Instandhaltungstechnik, des Einsatzes von Personal, Material und Geräten bewerten, dabei qualitätssichernde Aspekte darstellen sowie Schnittstellen zwischen Arbeitsbereichen berücksichtigen,</LA></DD><DT>d)</DT><DD Font="normal"><LA Size="normal">berufsbezogene rechtliche Vorschriften und technische Normen sowie allgemein anerkannte Regeln der Technik anwenden, insbesondere die Haftung bei der Herstellung, der Instandhaltung und bei Dienstleistungen beurteilen,</LA></DD><DT>e)</DT><DD Font="normal"><LA Size="normal">technische Arbeitspläne, Skizzen und Zeichnungen erarbeiten sowie vorgegebene Arbeitspläne, Skizzen und Zeichnungen bewerten und korrigieren; dabei auch Informations- und Kommunikationssysteme anwenden,</LA></DD><DT>f)</DT><DD Font="normal"><LA Size="normal">den auftragsbezogenen Einsatz von Material, Werkstoffen, Maschinen und Geräten bestimmen und begründen,</LA></DD><DT>g)</DT><DD Font="normal"><LA Size="normal">Unteraufträge vergeben und kontrollieren,</LA></DD><DT>h)</DT><DD Font="normal"><LA Size="normal">Mängel- und Schadensaufnahmen an Bauteilen dokumentieren, Instandsetzungsverfahren auswählen, die Auswahl begründen und die erforderliche Abwicklung festlegen,</LA></DD><DT>i)</DT><DD Font="normal"><LA Size="normal">eine Rechnung auf der Grundlage aufgemessener Leistungen erstellen,</LA></DD><DT>j)</DT><DD Font="normal"><LA Size="normal">eine Nachkalkulation durchführen;</LA></DD></DL></LA></DD><DT>3.</DT><DD Font="normal"><LA Size="normal">Betriebsführung und Betriebsorganisation</LA><LA Size="normal">Der Prüfling hat nachzuweisen, dass er in der Lage ist, Aufgaben der Betriebsführung und Betriebsorganisation in einem Holz- und Bautenschutz-Betrieb unter Berücksichtigung der rechtlichen Vorschriften, auch unter Anwendung von Informations- und Kommunikationssystemen, wahrzunehmen. Bei der jeweiligen Aufgabenstellung sollen mehrere der unter den Buchstaben a bis i aufgeführten Qualifikationen verknüpft werden: <DL Font="normal" Type="alpha"><DT>a)</DT><DD Font="normal"><LA Size="normal">betriebliche Kosten ermitteln, dabei betriebswirtschaftliche Zusammenhänge berücksichtigen,</LA></DD><DT>b)</DT><DD Font="normal"><LA Size="normal">betriebliche Kostenstrukturen überprüfen; betriebliche Kennzahlen ermitteln,</LA></DD><DT>c)</DT><DD Font="normal"><LA Size="normal">Marketingmaßnahmen zur Kundenpflege und zur Gewinnung neuer Kunden vor dem Hintergrund technischer und wirtschaftlicher Entwicklungen erarbeiten,</LA></DD><DT>d)</DT><DD Font="normal"><LA Size="normal">die Bedeutung des betrieblichen Qualitätsmanagements für den Unternehmenserfolg darstellen, Maßnahmen des Qualitätsmanagements festlegen, Dokumentationen bewerten,</LA></DD><DT>e)</DT><DD Font="normal"><LA Size="normal">Aufgaben der Personalverwaltung wahrnehmen; die Notwendigkeit der Personalentwicklung, insbesondere in Abhängigkeit von Auftragslage und Auftragsabwicklung, begründen,</LA></DD><DT>f)</DT><DD Font="normal"><LA Size="normal">betriebsspezifische Maßnahmen zur Einhaltung der arbeitsschutzrechtlichen Bestimmungen und des Umweltschutzes entwickeln; Gefahrenpotenziale beurteilen und Maßnahmen zur Gefahrenvermeidung und -beseitigung festlegen,</LA></DD><DT>g)</DT><DD Font="normal"><LA Size="normal">die gewerkspezifische Betriebs- und Lagerausstattung sowie logistische Prozesse planen und darstellen,</LA></DD><DT>h)</DT><DD Font="normal"><LA Size="normal">den Nutzen des Einsatzes von Informations- und Kommunikationssystemen, insbesondere für Kundenbindung und -pflege sowie die Warenwirtschaft, begründen,</LA></DD><DT>i)</DT><DD Font="normal"><LA Size="normal">den Nutzen zwischenbetrieblicher Kooperationen auftragsbezogen prüfen, Konsequenzen, insbesondere für die betriebsinterne Organisation sowie das betriebliche Personalwesen, aufzeigen und bewerten.</LA></DD></DL></LA></DD></DL></P></Content></text><fussnoten><Content><P>§ 7 Abs. 1 Kursivdruck: Müsste richtig lauten &quot;Absatz 2 Satz 3 Nummer 1 bis 3&quot;</P></Content></fussnoten></textdaten></norm>
<norm builddate="20220201213028" doknr="BJNR189100012BJNE000900000"><metadaten><jurabk>HoBaMstrV</jurabk><enbez>§ 8</enbez><titel format="XML">Prüfungsdauer und Bestehen des Teils II</titel></metadaten><textdaten><text format="XML"><Content><P>(1) Die Prüfung in Teil II ist schriftlich durchzuführen und dauert in jedem Handlungsfeld drei Stunden. Eine Prüfungsdauer von sechs Stunden täglich darf nicht überschritten werden.</P><P>(2) Die Gesamtbewertung des Teils II wird aus dem arithmetischen Mittel der Einzelbewertungen der Handlungsfelder nach § 7 Absatz 2 gebildet.</P><P>(3) Wurden in höchstens zwei der in § 7 Absatz 2 genannten Handlungsfelder jeweils mindestens 30 und weniger als 50 Punkte erreicht, kann in einem dieser Handlungsfelder eine mündliche Ergänzungsprüfung durchgeführt werden, wenn diese das Bestehen des Teils II der Meisterprüfung ermöglicht.</P><P>(4) Mindestvoraussetzung für das Bestehen des Teils II der Meisterprüfung ist eine insgesamt ausreichende Prüfungsleistung. Die Prüfung des Teils II ist nicht bestanden, wenn <DL Type="arabic"><DT>1.</DT><DD Font="normal"><LA>ein Handlungsfeld mit weniger als 30 Punkten bewertet worden ist oder</LA></DD><DT>2.</DT><DD Font="normal"><LA>nach durchgeführter Ergänzungsprüfung zwei Handlungsfelder jeweils mit weniger als 50 Punkten bewertet worden sind.</LA></DD></DL></P></Content></text></textdaten></norm>
<norm builddate="20220201213028" doknr="BJNR189100012BJNE001001128"><metadaten><jurabk>HoBaMstrV</jurabk><enbez>§ 9</enbez><titel format="XML">Allgemeine Prüfungs- und Verfahrensregelungen, weitere Regelungen zur Meisterprüfung</titel></metadaten><textdaten><text format="XML"><Content><P>(1) Die Vorschriften der Meisterprüfungsverfahrensverordnung bleiben unberührt.</P><P>(2) Die Prüfung in den Teilen III und IV der Meisterprüfung bestimmt sich nach der Allgemeinen Meisterprüfungsverordnung vom 26. Oktober 2011 (BGBl. I S. 2149) in der jeweils geltenden Fassung.</P></Content></text><fussnoten/></textdaten></norm>
<norm builddate="20220201213028" doknr="BJNR189100012BJNE001100000"><metadaten><jurabk>HoBaMstrV</jurabk><enbez>§ 10</enbez><titel format="XML">Inkrafttreten</titel></metadaten><textdaten><text format="XML"><Content><P>Diese Verordnung tritt am 1. November 2012 in Kraft.</P></Content></text></textdaten></norm>
</dokumente>