<?xml version="1.0" encoding="UTF-8" ?><!DOCTYPE dokumente SYSTEM "http://www.gesetze-im-internet.de/dtd/1.01/gii-norm.dtd">
<dokumente builddate="20210401213029" doknr="BJNR242600993"><norm builddate="20210401213029" doknr="BJNR242600993"><metadaten><jurabk>BEDBPStruktG</jurabk><ausfertigung-datum manuell="ja">1993-12-27</ausfertigung-datum><fundstelle typ="amtlich"><periodikum>BGBl I</periodikum><zitstelle>1993, 2378, 2426 (1994 I 2325)</zitstelle></fundstelle><langue>Gesetz zur Verbesserung der personellen Struktur beim Bundeseisenbahnvermögen und in den Postnachfolgeunternehmen</langue><standangabe checked="ja"><standtyp>Stand</standtyp><standkommentar>Zuletzt geändert durch Art. 2 Abs. 4 G v. 30.3.2021 I 402</standkommentar></standangabe></metadaten><textdaten><fussnoten><Content><P><BR/> <pre xml:space="preserve">(+++ Textnachweis ab: 1.1.1994 +++)<BR/><BR/></pre>Überschrift: IdF d. Art. 1 Nr. 1 G v. 10.11.2006 I 2589 mWv 16.11.2006</P><P><BR/> Das G wurde als Artikel 9 G 930-8 G v. 27.12.1993 I 2378 (ENeuOG) vom Bundestag mit Zustimmung des Bundesrates beschlossen. Es ist gem. Art. 11 Abs. 1 Satz 1 dieses G am 1.1.1994 in Kraft getreten. Soweit Bestimmungen des G Beamte der Deutschen Bundespost betreffen, ist es gem. Art. 15 Abs. 2 G v. 14.9.1994 I 2325 mWv 23.9.1994 in Kraft getreten.</P></Content></fussnoten></textdaten></norm>
<norm builddate="20210401213029" doknr="BJNR242600993BJNE000102311"><metadaten><jurabk>BEDBPStruktG</jurabk><enbez>§ 1</enbez><titel format="XML">Geltungsbereich</titel></metadaten><textdaten><text format="XML"><Content><P>Dieses Gesetz gilt für Beamtinnen und Beamte <DL Font="normal" Type="arabic"><DT>1.</DT><DD Font="normal"><LA Size="normal">des Bundeseisenbahnvermögens, die von Umstrukturierungsmaßnahmen bei der Deutsche Bahn Aktiengesellschaft betroffen sind,</LA></DD><DT>2.</DT><DD Font="normal"><LA Size="normal">bei einem der Postnachfolgeunternehmen Deutsche Post AG, DB Privat- und Firmenkundenbank AG oder Deutsche Telekom AG (Aktiengesellschaft), die in Bereichen mit Personalüberhang beschäftigt sind, und</LA></DD><DT>3.</DT><DD Font="normal"><LA Size="normal">der Bundesanstalt für Post und Telekommunikation Deutsche Bundespost, die in Bereichen mit Personalüberhang beschäftigt sind.</LA></DD></DL></P></Content></text><fussnoten/></textdaten></norm>
<norm builddate="20210401213029" doknr="BJNR242600993BJNE000202311"><metadaten><jurabk>BEDBPStruktG</jurabk><enbez>§ 2</enbez><titel format="XML">Förderung der anderweitigen Verwendung</titel></metadaten><textdaten><text format="XML"><Content><P>(1) Für jeden in § 1 Nr. 1 bezeichneten Beamten, der vor dem 1. Januar 1999 in einen anderen Geschäftsbereich oder in den Bereich eines anderen Dienstherrn versetzt wird, zahlt das Bundeseisenbahnvermögen an die aufnehmende Verwaltung oder den aufnehmenden Dienstherrn monatlich im voraus einen Betrag in Höhe der Hälfte der monatlichen Bezüge des Amtes, welches dem Beamten übertragen war. Die Zahlungsverpflichtung besteht bis zur Zurruhesetzung des betroffenen Beamten, höchstens jedoch fünf Jahre.</P><P>(2) Nach dem Eintritt des Beamten in den Ruhestand werden die Versorgungslasten zwischen dem Bundeseisenbahnvermögen und der aufnehmenden Verwaltung geteilt. § 107b des Beamtenversorgungsgesetzes findet sinngemäße Anwendung.</P><P>(3) Die Absätze 1 und 2 finden auf die in § 1 Nr. 2 bezeichneten Beamten bei anderweitiger Verwendung außerhalb der Deutschen Bundespost entsprechende Anwendung. Die Verpflichtungen treffen das Unternehmen der Deutschen Bundespost, dem der Beamte zuvor angehört hat.</P></Content></text><fussnoten/></textdaten></norm>
<norm builddate="20210401213029" doknr="BJNR242600993BJNE000302310"><metadaten><jurabk>BEDBPStruktG</jurabk><enbez>§ 3</enbez><titel format="parat">Vorzeitige Versetzung in den Ruhestand Beamtinnen und Beamte des 
Bundeseisenbahnvermögens</titel></metadaten><textdaten><text format="XML"><Content><P>(1) Beamtinnen und Beamte des Bundeseisenbahnvermögens, die von Umstrukturierungsmaßnahmen bei der Deutsche Bahn Aktiengesellschaft oder den nach § 2 Abs. 1 sowie § 3 Abs. 3 Satz 1 des Deutsche Bahn Gründungsgesetzes ausgegliederten oder gegründeten Unternehmen betroffen sind, können bis zum 31. Dezember 2006 auf Antrag in den Ruhestand versetzt werden, wenn <DL Font="normal" Type="arabic"><DT>1.</DT><DD Font="normal"><LA Size="normal">sie als Beamtinnen und Beamte des einfachen oder des mittleren Dienstes das 55. Lebensjahr oder als Beamtinnen und Beamte des gehobenen Dienstes das 60. Lebensjahr vollendet haben und</LA></DD> <DT>2.</DT><DD Font="normal"><LA Size="normal">ihre anderweitige Verwendung in der eigenen oder in anderen Verwaltungen nicht möglich oder nach allgemeinen beamtenrechtlichen Grundsätzen nicht zumutbar ist.</LA></DD> </DL> </P><P>(2) § 5 Abs. 3 des Beamtenversorgungsgesetzes ist nicht anzuwenden. § 53 Abs. 2 Nr. 3 des Beamtenversorgungsgesetzes gilt entsprechend.</P><P>(3) § 4 Abs. 1 Satz 1 des Bundesbesoldungsgesetzes gilt entsprechend.</P></Content> </text><fussnoten/></textdaten></norm>
<norm builddate="20210401213029" doknr="BJNR242600993BJNE000405311"><metadaten><jurabk>BEDBPStruktG</jurabk><enbez>§ 4</enbez><titel format="XML">Beamtinnen und Beamte bei den Postnachfolgeunternehmen</titel></metadaten><textdaten><text format="XML"><Content><P>(1) Beamtinnen und Beamte nach § 1 Nr. 2 können bis zum 31. Dezember 2024 auf Antrag in den Ruhestand versetzt werden, wenn <DL Font="normal" Type="arabic"><DT>1.</DT><DD Font="normal"><LA Size="normal">sie das 55. Lebensjahr vollendet haben,</LA></DD><DT>2.</DT><DD Font="normal"><LA Size="normal">ihre Verwendung in Bereichen mit Personalbedarf bei der sie beschäftigenden Aktiengesellschaft und in einem Unternehmen im Sinne des § 4 Abs. 4 Satz 2 des Postpersonalrechtsgesetzes nicht möglich ist und der Aktiengesellschaft auch keine Verwendungsmöglichkeit in Verwaltungen bekannt ist,</LA></DD><DT>3.</DT><DD Font="normal"><LA Size="normal">betriebliche oder betriebswirtschaftliche Belange nicht entgegenstehen und</LA></DD><DT>4.</DT><DD Font="normal"><LA Size="normal">eine der folgenden Voraussetzungen vorliegt: <DL Font="normal" Type="alpha"><DT>a)</DT><DD Font="normal"><LA Size="normal">die Beamtinnen oder Beamten nach der Versetzung in den Ruhestand eine Tätigkeit im Bundesfreiwilligendienst nach dem Bundesfreiwilligendienstgesetz ableisten wollen,</LA></DD><DT>b)</DT><DD Font="normal"><LA Size="normal">die Beamtinnen oder Beamten eine nach Art und Umfang vergleichbare ehrenamtliche Tätigkeit von mindestens 1 000 Einsatzstunden bei einer Körperschaft, die ausschließlich und unmittelbar gemeinnützige, mildtätige oder kirchliche Zwecke im Sinne des Dritten Abschnitts des Zweiten Teils der Abgabenordnung verfolgt, ausüben wollen oder</LA></DD><DT>c)</DT><DD Font="normal"><LA Size="normal">die Beamtinnen oder Beamten die Voraussetzungen für eine familienbedingte Beurlaubung nach § 92 Absatz 1 Satz 1 Nummer 1 des Bundesbeamtengesetzes erfüllen.</LA></DD></DL></LA></DD></DL></P><P>(2) Das Ruhegehalt der nach Absatz 1 in den Ruhestand versetzten Beamtinnen und Beamten vermindert sich um einen Versorgungsabschlag entsprechend § 14 Abs. 3 des Beamtenversorgungsgesetzes in der bis zum 11. Februar 2009 geltenden Fassung. Die Beamtin oder der Beamte erhält einen Ausgleichsbetrag zum Ruhegehalt in Höhe des für sie oder ihn geltenden Versorgungsabschlags für die gesamte Dauer des Versorgungsbezugs. Der Ausgleichsbetrag ist Bestandteil des Ruhegehalts nach dem Beamtenversorgungsgesetz. Die Aktiengesellschaft, bei der die Beamtin oder der Beamte beschäftigt ist, zahlt an den Bund den jeweiligen Ausgleichsbetrag bis zur Höhe von 10,8 Prozent. Der Ausgleichsbetrag entfällt mit Wirkung für die Zukunft, wenn die Beamtin oder der Beamte nicht innerhalb eines Zeitraums von drei Jahren nach der Versetzung in den Ruhestand nachweist, dass mindestens zwölf Monate im Bundesfreiwilligendienst oder 1 000 Einsatzstunden in einer vergleichbaren ehrenamtlichen Tätigkeit oder Familienpflegetätigkeiten geleistet worden sind.</P><P>(3) Die nach Absatz 1 in den Ruhestand versetzten Beamtinnen und Beamten, die Erwerbs- oder Erwerbsersatzeinkommen beziehen, sind als Ruhestandsbeamte im Sinne des § 53 Abs. 2 Nr. 3 des Beamtenversorgungsgesetzes anzusehen.</P><P>(4) Die Aktiengesellschaft trägt die finanziellen Mehrbelastungen der Postbeamtenversorgungskasse, die sich aus dem vorzeitigen Beginn des Ruhestandes auf Grund dieses Gesetzes ergeben. Diese Mehrbelastungen errechnen sich aus dem Vergleich der Belastungen der Postbeamtenversorgungskasse ab dem angenommenen Beginn des Ruhestandes nach dem Bundesbeamtengesetz mit ihren Belastungen ab dem tatsächlichen Beginn des Ruhestandes nach diesem Gesetz. Auf der Grundlage versicherungsmathematischer Methoden sind in die Berechnung der vorzeitige Beginn der Zahlung von Versorgungsbezügen, der vorzeitige Wegfall der Unternehmensbeiträge nach § 16 Abs. 1 des Postpersonalrechtsgesetzes und in der Höhe abweichende Versorgungsbezüge einzubeziehen. Die Höhe der Zahlungsverpflichtung der Aktiengesellschaft ergibt sich im Einzelfall aus dem aus Nummer 1 der Anlage ermittelten Jahresbetrag und dem in Nummer 2 der Anlage festgelegten Zahlungszeitraum. Die anzuwendenden Zahlungszeiträume richten sich nach dem zum Zeitpunkt der Zurruhesetzung erreichten Lebensalter, der erreichten Besoldungsgruppe sowie der erreichten ruhegehaltfähigen Dienstzeit. Die Aktiengesellschaft, bei der die Beamtin oder der Beamte zuletzt beschäftigt war, hat diese Verpflichtung durch Zahlung an die Postbeamtenversorgungskasse zu erfüllen. Der erste Jahresbetrag nach Nummer 1 der Anlage ist am drittletzten Bankarbeitstag vor Eintritt des Ruhestandes der Beamtin oder des Beamten zu leisten, die weiteren Jahresbeträge jeweils im Abstand von einem Jahr, bis der jeweils vorgesehene Zahlungszeitraum im jeweiligen Einzelfall erreicht wurde. Änderungen der versorgungsrechtlichen Grundlagen oder tatsächlichen Verhältnisse nach dem Zeitpunkt der Zurruhesetzung haben keinen Einfluss auf Höhe und Dauer der Zahlungsverpflichtung der Aktiengesellschaft im Einzelfall. Das Bundesministerium der Finanzen kann die Ausgleichszahlungen nach Grund und Höhe prüfen. Es ist befugt, die Prüfung Dritten zu übertragen. Darüber hinaus trägt die Aktiengesellschaft die anfallenden Beihilfeleistungen der jeweiligen Beamtin bzw. des jeweiligen Beamten über den in Nummer 2 der Anlage festgelegten Zahlungszeitraum.</P></Content></text><fussnoten/></textdaten></norm>
<norm builddate="20210401213029" doknr="BJNR242600993BJNE000501116"><metadaten><jurabk>BEDBPStruktG</jurabk><enbez>§ 5</enbez><titel format="XML">Beamtinnen und Beamte der Bundesanstalt für Post und Telekommunikation Deutsche Bundespost</titel></metadaten><textdaten><text format="XML"><Content><P>(1) Beamtinnen und Beamte nach § 1 Nr. 3 können auf Antrag in den Ruhestand versetzt werden, wenn ihre Verwendung in der Verwaltung nicht möglich oder nach allgemeinen beamtenrechtlichen Grundsätzen nicht zumutbar ist.</P><P>(2) § 4 Abs. 1 Nummer 1 und 4 sowie Abs. 2 und 3 gilt entsprechend.</P><P>(3) Für Beamtinnen und Beamte nach § 1 Nr. 3 tragen die Aktiengesellschaften die sich aus dem vorzeitigen Beginn des Ruhestandes auf Grund dieses Gesetzes ergebenden finanziellen Mehrbelastungen und gleichen ebenso Abschläge im Sinne des § 14 Abs. 3 des Beamtenversorgungsgesetzes aus.</P></Content></text><fussnoten/></textdaten></norm>
<norm builddate="20210401213029" doknr="BJNR242600993BJNE000601116"><metadaten><jurabk>BEDBPStruktG</jurabk><enbez>Anlage</enbez><titel format="XML">(zu § 4 Abs. 4)</titel></metadaten><textdaten><text format="XML"><Content><P><noindex><kommentar typ="Fundstelle">(Fundstelle: BGBl. I 2017, 1945 – 1946)</kommentar></noindex>  <DL Font="normal" Type="arabic"><DT>1.</DT><DD Font="normal"><LA Size="normal">Der Jahresbetrag der Zahlungsverpflichtung nach § 4 Absatz 4 ist die Summe aus den jährlichen <DL Font="normal" Type="alpha"><DT>a)</DT><DD Font="normal"><LA Size="normal">Versorgungsbezügen einschließlich 80 Prozent des Kinderzuschlags und</LA></DD><DT>b)</DT><DD Font="normal"><LA Size="normal">den Unternehmensbeiträgen nach § 16 Absatz 1 des Postpersonalrechtsgesetzes,</LA></DD></DL>jeweils bezogen auf den Einzelfall der Zurruhesetzung nach diesem Gesetz.</LA></DD><DT>2.</DT><DD Font="normal"><LA Size="normal">Zahlungszeiträume nach § 4 Absatz 4 in Jahren: <table colsep="1" frame="all" rowsep="1" tocentry="%yes;"><tgroup align="left" char="" charoff="50" cols="4"><colspec align="center" colname="c1" colwidth="75*"/><colspec align="center" colname="c2" colwidth="30*"/><colspec align="center" colname="c3" colwidth="30*"/><colspec align="center" colname="c4" colwidth="30*"/><thead valign="bottom"><row><entry VJ="1" colsep="1" nameend="c4" namest="c1">Besoldungsgruppen A 2 bis A 6</entry></row><row><entry VJ="1"/><entry VJ="1" colsep="1" nameend="c4" namest="c2">Ruhegehaltfähige Dienstzeit</entry></row><row><entry VJ="1">Alter</entry><entry VJ="1">bis 22 Jahre</entry><entry VJ="1">über 22 Jahre</entry><entry VJ="1">über 32 Jahre</entry></row></thead><tbody valign="top"><row><entry VJ="1">55 Jahre</entry><entry VJ="1">6,13</entry><entry VJ="1">6,08</entry><entry VJ="1">7,39</entry></row><row><entry VJ="1">56 Jahre</entry><entry VJ="1">5,62</entry><entry VJ="1">5,59</entry><entry VJ="1">6,88</entry></row><row><entry VJ="1">57 Jahre</entry><entry VJ="1">5,31</entry><entry VJ="1">5,13</entry><entry VJ="1">6,18</entry></row><row><entry VJ="1">58 Jahre</entry><entry VJ="1">4,34</entry><entry VJ="1">4,61</entry><entry VJ="1">5,43</entry></row><row><entry VJ="1">59 Jahre</entry><entry VJ="1">4,14</entry><entry VJ="1">4,11</entry><entry VJ="1">4,69</entry></row><row><entry VJ="1">60 Jahre</entry><entry VJ="1">3,56</entry><entry VJ="1">3,51</entry><entry VJ="1">3,93</entry></row><row><entry VJ="1">61 Jahre</entry><entry VJ="1">2,93</entry><entry VJ="1">2,85</entry><entry VJ="1">3,17</entry></row><row><entry VJ="1">62 Jahre</entry><entry VJ="1">2,17</entry><entry VJ="1">2,11</entry><entry VJ="1">2,39</entry></row><row><entry VJ="1">63 Jahre</entry><entry VJ="1">1,36</entry><entry VJ="1">1,33</entry><entry VJ="1">1,60</entry></row><row><entry VJ="1">ab 64 Jahre</entry><entry VJ="1">0,99</entry><entry VJ="1">0,96</entry><entry VJ="1">0,98</entry></row></tbody></tgroup></table><table colsep="1" frame="all" rowsep="1" tocentry="%yes;"><tgroup align="left" char="" charoff="50" cols="4"><colspec align="center" colname="c1" colwidth="75*"/><colspec align="center" colname="c2" colwidth="30*"/><colspec align="center" colname="c3" colwidth="30*"/><colspec align="center" colname="c4" colwidth="30*"/><thead valign="bottom"><row><entry VJ="1" colsep="1" nameend="c4" namest="c1">Besoldungsgruppen A 7 bis A 9</entry></row><row><entry VJ="1"/><entry VJ="1" colsep="1" nameend="c4" namest="c2">Ruhegehaltfähige Dienstzeit</entry></row><row><entry VJ="1">Alter</entry><entry VJ="1">bis 22 Jahre</entry><entry VJ="1">über 22 Jahre</entry><entry VJ="1">über 32 Jahre</entry></row></thead><tbody valign="top"><row><entry VJ="1">55 Jahre</entry><entry VJ="1">7,19</entry><entry VJ="1">4,62</entry><entry VJ="1">6,57</entry></row><row><entry VJ="1">56 Jahre</entry><entry VJ="1">6,51</entry><entry VJ="1">4,23</entry><entry VJ="1">5,83</entry></row><row><entry VJ="1">57 Jahre</entry><entry VJ="1">5,82</entry><entry VJ="1">3,84</entry><entry VJ="1">5,20</entry></row><row><entry VJ="1">58 Jahre</entry><entry VJ="1">5,13</entry><entry VJ="1">3,42</entry><entry VJ="1">4,59</entry></row><row><entry VJ="1">59 Jahre</entry><entry VJ="1">4,43</entry><entry VJ="1">2,99</entry><entry VJ="1">4,05</entry></row><row><entry VJ="1">60 Jahre</entry><entry VJ="1">3,70</entry><entry VJ="1">2,53</entry><entry VJ="1">3,48</entry></row><row><entry VJ="1">61 Jahre</entry><entry VJ="1">2,94</entry><entry VJ="1">2,06</entry><entry VJ="1">3,01</entry></row><row><entry VJ="1">62 Jahre</entry><entry VJ="1">2,15</entry><entry VJ="1">1,59</entry><entry VJ="1">2,37</entry></row><row><entry VJ="1">63 Jahre</entry><entry VJ="1">1,33</entry><entry VJ="1">1,03</entry><entry VJ="1">1,62</entry></row><row><entry VJ="1">ab 64 Jahre</entry><entry VJ="1">0,95</entry><entry VJ="1">0,68</entry><entry VJ="1">0,96</entry></row></tbody></tgroup></table><table colsep="1" frame="all" rowsep="1" tocentry="%yes;"><tgroup align="left" char="" charoff="50" cols="4"><colspec align="center" colname="c1" colwidth="75*"/><colspec align="center" colname="c2" colwidth="30*"/><colspec align="center" colname="c3" colwidth="30*"/><colspec align="center" colname="c4" colwidth="30*"/><thead valign="bottom"><row><entry VJ="1" colsep="1" nameend="c4" namest="c1">Besoldungsgruppen A 10 bis B 3</entry></row><row><entry VJ="1"/><entry VJ="1" colsep="1" nameend="c4" namest="c2">Ruhegehaltfähige Dienstzeit</entry></row><row><entry VJ="1">Alter</entry><entry VJ="1">bis 22 Jahre</entry><entry VJ="1">über 22 Jahre</entry><entry VJ="1">über 32 Jahre</entry></row></thead><tbody valign="top"><row><entry VJ="1">55 Jahre</entry><entry VJ="1">4,31</entry><entry VJ="1">4,44</entry><entry VJ="1">6,74</entry></row><row><entry VJ="1">56 Jahre</entry><entry VJ="1">4,00</entry><entry VJ="1">4,06</entry><entry VJ="1">6,08</entry></row><row><entry VJ="1">57 Jahre</entry><entry VJ="1">3,76</entry><entry VJ="1">3,67</entry><entry VJ="1">5,29</entry></row><row><entry VJ="1">58 Jahre</entry><entry VJ="1">3,27</entry><entry VJ="1">3,26</entry><entry VJ="1">4,57</entry></row><row><entry VJ="1">59 Jahre</entry><entry VJ="1">2,89</entry><entry VJ="1">2,83</entry><entry VJ="1">3,96</entry></row><row><entry VJ="1">60 Jahre</entry><entry VJ="1">2,41</entry><entry VJ="1">2,39</entry><entry VJ="1">3,40</entry></row><row><entry VJ="1">61 Jahre</entry><entry VJ="1">2,03</entry><entry VJ="1">1,92</entry><entry VJ="1">2,87</entry></row><row><entry VJ="1">62 Jahre</entry><entry VJ="1">1,52</entry><entry VJ="1">1,46</entry><entry VJ="1">2,26</entry></row><row><entry VJ="1">63 Jahre</entry><entry VJ="1">0,86</entry><entry VJ="1">1,02</entry><entry VJ="1">1,59</entry></row><row><entry VJ="1">ab 64 Jahre</entry><entry VJ="1">0,58</entry><entry VJ="1">0,55</entry><entry VJ="1">0,95</entry></row></tbody></tgroup></table></LA></DD></DL></P></Content></text><fussnoten/></textdaten></norm>
</dokumente>