<?xml version="1.0" encoding="UTF-8" ?><!DOCTYPE dokumente SYSTEM "http://www.gesetze-im-internet.de/dtd/1.01/gii-norm.dtd">
<dokumente builddate="20250214223526" doknr="BJNR300300021"><norm builddate="20250214223526" doknr="BJNR300300021"><metadaten><jurabk>GAPDZG</jurabk><amtabk>GAPDZG</amtabk><ausfertigung-datum manuell="ja">2021-07-16</ausfertigung-datum><fundstelle typ="amtlich"><periodikum>BGBl I</periodikum><zitstelle>2021, 3003; 2022, 2262</zitstelle></fundstelle><kurzue>GAP-Direktzahlungen-Gesetz</kurzue><langue>Gesetz zur Durchführung der im Rahmen der Gemeinsamen Agrarpolitik finanzierten Direktzahlungen</langue><standangabe checked="ja"><standtyp>Stand</standtyp><standkommentar>Geändert durch Art. 1a G v. 18.11.2024 I Nr. 356</standkommentar></standangabe><standangabe checked="ja"><standtyp>Sonst</standtyp><standkommentar>Gem. § 36 Abs. 2 dieses G iVm Nr. 2 Bek. v. 5.12.2022 I 2262 tritt dieses G im Übrigen am 22.11.2022 in Kraft</standkommentar></standangabe></metadaten><textdaten><fussnoten><Content><P><BR/> <pre xml:space="preserve">(+++ Textnachweis ab: 23.7.2021 +++)<BR/><BR/></pre>Gem. § 36 Abs. 1 treten die §§ 1 und 2, § 5 Absatz 3, § 6 Absatz 2 und 3, § 9 Absatz 2, § 10 Absatz 4 und 5, § 15 Absatz 3 und 4, § 19 Absatz 2, § 20 Absatz 2 und 3, § 23 Absatz 2, § 24, § 27 Absatz 2, § 28, § 31 Absatz 2, § 33 Absatz 1  sowie die §§ 34 und 35 am 23.7.2021 in Kraft. Gem. § 36 Abs. 2 tritt dieses Gesetz im Übrigen an dem Tag in Kraft, der auf den Tag folgt, an dem die Europäische Kommission den Durchführungsbeschluss mit der Genehmigung des durch  den Europäischen Garantiefonds für die Landwirtschaft und den Europäischen Landwirtschaftsfonds für die Entwicklung des ländlichen Raums zu finanzierenden  Strategieplans für Deutschland gefasst hat.</P></Content></fussnoten></textdaten></norm>
<norm builddate="20250214223526" doknr="BJNR300300021BJNE000100000"><metadaten><jurabk>GAPDZG</jurabk><enbez>Eingangsformel</enbez></metadaten><textdaten><text format="XML"><Content><P>Der Bundestag hat das folgende Gesetz beschlossen:</P></Content></text></textdaten></norm>
<norm builddate="20250214223526" doknr="BJNR300300021BJNE000202119"><metadaten><jurabk>GAPDZG</jurabk><enbez>Inhaltsübersicht</enbez></metadaten><textdaten><text format="XML"><Content><TOC><Ident Class="S2">Teil 1</Ident><P/><Title Align="auto" Class="S2">Allgemeine und gemeinsame Bestimmungen</Title><P/><table colsep="0" frame="none" pgwide="1" rowsep="0" tocentry="%yes;"><tgroup align="left" char="" charoff="50" cols="2"><colspec colname="col1" colwidth="10*"/><colspec colname="col2" colwidth="70*"/><tbody valign="top"><row><entry VJ="1" colname="col1">§  1</entry><entry VJ="1" colname="col2">Anwendungsbereich</entry></row><row><entry VJ="1" colname="col1">§  2</entry><entry VJ="1" colname="col2">Anwendbare Rechtsvorschriften</entry></row><row><entry VJ="1" colname="col1">§  3</entry><entry VJ="1" colname="col2">Übertragung von Mitteln</entry></row><row><entry VJ="1" colname="col1">§  3a</entry><entry VJ="1" colname="col2">Aktiver oder echter Betriebsinhaber</entry></row></tbody></tgroup></table><P/><Ident Class="S2">Teil 2</Ident><P/><Title Align="auto" Class="S2">Direktzahlungen</Title><P/><Ident Class="S1">Abschnitt 1</Ident><P/><Title Align="auto" Class="S1">Einkommensgrundstützung für Nachhaltigkeit</Title><P/><table colsep="0" frame="none" pgwide="1" rowsep="0" tocentry="%yes;"><tgroup align="left" char="" charoff="50" cols="2"><colspec colname="col1" colwidth="10*"/><colspec colname="col2" colwidth="70*"/><tbody valign="top"><row><entry VJ="1" colname="col1">§  4</entry><entry VJ="1" colname="col2">Einkommensgrundstützung</entry></row><row><entry VJ="1" colname="col1">§  5</entry><entry VJ="1" colname="col2">Indikative Mittelzuweisung für die Einkommensgrundstützung</entry></row><row><entry VJ="1" colname="col1">§  6</entry><entry VJ="1" colname="col2">Geplanter Einheitsbetrag für die Einkommensgrundstützung</entry></row><row><entry VJ="1" colname="col1">§  7</entry><entry VJ="1" colname="col2">Tatsächlicher Einheitsbetrag für die Einkommensgrundstützung</entry></row></tbody></tgroup></table><P/><Ident Class="S1">Abschnitt 2</Ident><P/><Title Align="auto" Class="S1">Ergänzende<BR/> Umverteilungseinkommensstützung<BR/> für Nachhaltigkeit</Title><P/><table colsep="0" frame="none" pgwide="1" rowsep="0" tocentry="%yes;"><tgroup align="left" char="" charoff="50" cols="2"><colspec colname="col1" colwidth="10*"/><colspec colname="col2" colwidth="70*"/><tbody valign="top"><row><entry VJ="1" colname="col1">§  8</entry><entry VJ="1" colname="col2">Umverteilungseinkommensstützung</entry></row><row><entry VJ="1" colname="col1">§  9</entry><entry VJ="1" colname="col2">Indikative Mittelzuweisung für die Umverteilungseinkommensstützung</entry></row><row><entry VJ="1" colname="col1">§ 10</entry><entry VJ="1" colname="col2">Geplante Einheitsbeträge für die Umverteilungseinkommensstützung</entry></row><row><entry VJ="1" colname="col1">§ 11</entry><entry VJ="1" colname="col2">Tatsächliche Einheitsbeträge für die Umverteilungseinkommensstützung</entry></row></tbody></tgroup></table><P/><Ident Class="S1">Abschnitt 3</Ident><P/><Title Align="auto" Class="S1">Ergänzende<BR/> Einkommensstützung für Junglandwirte</Title><P/><table colsep="0" frame="none" pgwide="1" rowsep="0" tocentry="%yes;"><tgroup align="left" char="" charoff="50" cols="2"><colspec colname="col1" colwidth="10*"/><colspec colname="col2" colwidth="70*"/><tbody valign="top"><row><entry VJ="1" colname="col1">§ 12</entry><entry VJ="1" colname="col2">Junglandwirtinnen und Junglandwirte</entry></row><row><entry VJ="1" colname="col1">§ 13</entry><entry VJ="1" colname="col2">Junglandwirte-Einkommensstützung</entry></row><row><entry VJ="1" colname="col1">§ 14</entry><entry VJ="1" colname="col2">Indikative Mittelzuweisung für die Junglandwirte-Einkommensstützung</entry></row><row><entry VJ="1" colname="col1">§ 15</entry><entry VJ="1" colname="col2">Geplanter Einheitsbetrag für die Junglandwirte-Einkommensstützung</entry></row><row><entry VJ="1" colname="col1">§ 16</entry><entry VJ="1" colname="col2">Weitere Bestimmungen für die Junglandwirte-Einkommensstützung</entry></row><row><entry VJ="1" colname="col1">§ 17</entry><entry VJ="1" colname="col2">Tatsächlicher Einheitsbetrag für die Junglandwirte-Einkommensstützung</entry></row></tbody></tgroup></table><P/><Ident Class="S1">Abschnitt 4</Ident><P/><Title Align="auto" Class="S1">Regelungen für Klima und Umwelt</Title><P/><table colsep="0" frame="none" pgwide="1" rowsep="0" tocentry="%yes;"><tgroup align="left" char="" charoff="50" cols="2"><colspec colname="col1" colwidth="10*"/><colspec colname="col2" colwidth="70*"/><tbody valign="top"><row><entry VJ="1" colname="col1">§ 18</entry><entry VJ="1" colname="col2">Öko-Regelungen</entry></row><row><entry VJ="1" colname="col1">§ 19</entry><entry VJ="1" colname="col2">Mittel für Öko-Regelungen</entry></row><row><entry VJ="1" colname="col1">§ 20</entry><entry VJ="1" colname="col2">Festlegung der Öko-Regelungen</entry></row><row><entry VJ="1" colname="col1">§ 21</entry><entry VJ="1" colname="col2">Tatsächliche Einheitsbeträge für Öko-Regelungen</entry></row></tbody></tgroup></table><P/><Ident Class="S1">Abschnitt 5</Ident><P/><Title Align="auto" Class="S1">Gekoppelte Einkommensstützung</Title><P/><Ident Class="S0">Unterabschnitt 1</Ident><P/><Title Align="auto" Class="S0">Gekoppelte Einkommensstützung<BR/> für den Sektor Schaf- und Ziegenfleisch</Title><P/><table colsep="0" frame="none" pgwide="1" rowsep="0" tocentry="%yes;"><tgroup align="left" char="" charoff="50" cols="2"><colspec colname="col1" colwidth="10*"/><colspec colname="col2" colwidth="70*"/><tbody valign="top"><row><entry VJ="1" colname="col1">§ 22</entry><entry VJ="1" colname="col2">Zahlung für Mutterschafe und -ziegen</entry></row><row><entry VJ="1" colname="col1">§ 23</entry><entry VJ="1" colname="col2">Indikative Mittelzuweisung für die Zahlung für Mutterschafe und -ziegen</entry></row><row><entry VJ="1" colname="col1">§ 24</entry><entry VJ="1" colname="col2">Festlegungen für die Zahlung für Mutterschafe und -ziegen</entry></row><row><entry VJ="1" colname="col1">§ 25</entry><entry VJ="1" colname="col2">Tatsächlicher Einheitsbetrag für die Zahlung für Mutterschafe und -ziegen</entry></row></tbody></tgroup></table><P/><Ident Class="S0">Unterabschnitt 2</Ident><P/><Title Align="auto" Class="S0">Gekoppelte Einkommensstützung<BR/> für den Sektor Rind- und Kalbfleisch</Title><P/><table colsep="0" frame="none" pgwide="1" rowsep="0" tocentry="%yes;"><tgroup align="left" char="" charoff="50" cols="2"><colspec colname="col1" colwidth="10*"/><colspec colname="col2" colwidth="70*"/><tbody valign="top"><row><entry VJ="1" colname="col1">§ 26</entry><entry VJ="1" colname="col2">Zahlung für Mutterkühe</entry></row><row><entry VJ="1" colname="col1">§ 27</entry><entry VJ="1" colname="col2">Indikative Mittelzuweisung für die Zahlung für Mutterkühe</entry></row><row><entry VJ="1" colname="col1">§ 28</entry><entry VJ="1" colname="col2">Festlegungen für die Zahlung für Mutterkühe</entry></row><row><entry VJ="1" colname="col1">§ 29</entry><entry VJ="1" colname="col2">Tatsächlicher Einheitsbetrag für die Zahlung für Mutterkühe</entry></row></tbody></tgroup></table><P/><Ident Class="S2">Teil 3</Ident><P/><Title Align="auto" Class="S2">Tatsächliche Einheitsbeträge</Title><P/><table colsep="0" frame="none" pgwide="1" rowsep="0" tocentry="%yes;"><tgroup align="left" char="" charoff="50" cols="2"><colspec colname="col1" colwidth="10*"/><colspec colname="col2" colwidth="70*"/><tbody valign="top"><row><entry VJ="1" colname="col1">§ 30</entry><entry VJ="1" colname="col2">Mitteilungen der Länder</entry></row><row><entry VJ="1" colname="col1">§ 31</entry><entry VJ="1" colname="col2">Berechnung der tatsächlichen Einheitsbeträge</entry></row><row><entry VJ="1" colname="col1">§ 32</entry><entry VJ="1" colname="col2">Bekanntmachung der tatsächlichen Einheitsbeträge</entry></row></tbody></tgroup></table><P/><Ident Class="S2">Teil 4</Ident><P/><Title Align="auto" Class="S2">Weitere Bestimmungen</Title><P/><table colsep="0" frame="none" pgwide="1" rowsep="0" tocentry="%yes;"><tgroup align="left" char="" charoff="50" cols="2"><colspec colname="col1" colwidth="10*"/><colspec colname="col2" colwidth="70*"/><tbody valign="top"><row><entry VJ="1" colname="col1">§ 33</entry><entry VJ="1" colname="col2">Horizontale Begriffsbestimmungen</entry></row><row><entry VJ="1" colname="col1">§ 34</entry><entry VJ="1" colname="col2">Verordnungsermächtigungen</entry></row><row><entry VJ="1" colname="col1">§ 35</entry><entry VJ="1" colname="col2">Bundesanstalt für Landwirtschaft und Ernährung; Verordnungsermächtigung</entry></row><row><entry VJ="1" colname="col1">§ 36</entry><entry VJ="1" colname="col2">Anwendungsbestimmung</entry></row></tbody></tgroup></table></TOC></Content></text><fussnoten/></textdaten></norm>
<norm builddate="20250214223526" doknr="BJNR300300021BJNG000100000"><metadaten><jurabk>GAPDZG</jurabk><gliederungseinheit><gliederungskennzahl>010</gliederungskennzahl><gliederungsbez>Teil 1</gliederungsbez><gliederungstitel>Allgemeine und gemeinsame Bestimmungen</gliederungstitel></gliederungseinheit></metadaten><textdaten/></norm>
<norm builddate="20250214223526" doknr="BJNR300300021BJNE000301119"><metadaten><jurabk>GAPDZG</jurabk><enbez>§ 1</enbez><titel format="XML">Anwendungsbereich</titel></metadaten><textdaten><text format="XML"><Content><P>(1) Dieses Gesetz dient der Durchführung der Regelungen zu den Direktzahlungen in der Verordnung (EU) 2021/2115 des Europäischen Parlaments und des Rates vom 2. Dezember 2021 mit Vorschriften für die Unterstützung der von den Mitgliedstaaten im Rahmen der Gemeinsamen Agrarpolitik zu erstellenden und durch den Europäischen Garantiefonds für die Landwirtschaft (EGFL) und den Europäischen Landwirtschaftsfonds für die Entwicklung des ländlichen Raums (ELER) zu finanzierenden Strategiepläne (GAP-Strategiepläne) und zur Aufhebung der Verordnung (EU) Nr. 1305/2013 sowie der Verordnung (EU) Nr. 1307/2013 (ABl. L 435 vom 6.12.2021, S. 1; L 181 vom 7.7.2022, S. 35; L 227 vom 1.9.2022, S. 137) in der jeweils geltenden Fassung sowie den im Rahmen dieses Rechtsakts und zu seiner Durchführung erlassenen weiteren Rechtsakte der Europäischen Union (Unionsregelung).</P></Content></text><fussnoten/></textdaten></norm>
<norm builddate="20250214223526" doknr="BJNR300300021BJNE000400000"><metadaten><jurabk>GAPDZG</jurabk><enbez>§ 2</enbez><titel format="XML">Anwendbare Rechtsvorschriften</titel></metadaten><textdaten><text format="XML"><Content><P>Dieses Gesetz ist ein Gesetz im Sinne des § 1 Absatz 2 Nummer 4 des Marktorganisationsgesetzes mit den Maßgaben, dass <DL Type="arabic"><DT>1.</DT><DD Font="normal"><LA>nur die Vorschriften der Abschnitte 1 und 2 und die §§ 33 und 36 des Marktorganisationsgesetzes, soweit sich diese jeweils auf die Gewährung von Vergünstigungen beziehen, anwendbar sind,</LA></DD><DT>2.</DT><DD Font="normal"><LA>Rechtsverordnungen auf Grund der in Nummer 1 bezeichneten Vorschriften stets der Zustimmung des Bundesrates bedürfen, es sei denn, sie werden von Landesregierungen oder obersten Landesbehörden erlassen,</LA></DD><DT>3.</DT><DD Font="normal"><LA>Rechtsverordnungen auf Grund der in Nummer 1 bezeichneten Vorschriften auch erlassen werden können, um die Unionsregelung und dieses Gesetz sachgerecht durchzuführen, einschließlich der Wahrnehmung der in der Unionsregelung enthaltenen Wahlmöglichkeiten für die Mitgliedstaaten, soweit die Ausübung der Wahlmöglichkeiten für die Durchführung der Unionsregelung und dieses Gesetzes sachdienlich ist, es sei denn, in diesem Gesetz ist etwas anderes geregelt.</LA></DD></DL>Satz 1 Nummer 3 gilt nicht für die Einführung von Direktzahlungen und die Übertragung von Mitteln auf die im Recht der Europäischen Union für Deutschland festgesetzte Zuweisung aus dem Europäischen Landwirtschaftsfonds für die Entwicklung des ländlichen Raums.</P></Content></text></textdaten></norm>
<norm builddate="20250214223526" doknr="BJNR300300021BJNE000501000"><metadaten><jurabk>GAPDZG</jurabk><enbez>§ 3</enbez><titel format="XML">Übertragung von Mitteln</titel></metadaten><textdaten><text format="XML"><Content><P>Von der in der Unionsregelung für Deutschland anfänglich festgesetzten Mittelzuweisung für Direktzahlungen für die Kalenderjahre 2023 bis 2026 werden auf die im Recht der Europäischen Union für Deutschland festgesetzte Zuweisung aus dem Europäischen Landwirtschaftsfonds für die Entwicklung des ländlichen Raums für die Haushaltsjahre 2024 bis 2027 übertragen: <DL Type="arabic"><DT>1.</DT><DD Font="normal"><LA>10 Prozent der anfänglich festgesetzten Mittelzuweisung für das Kalenderjahr 2023,</LA></DD><DT>2.</DT><DD Font="normal"><LA>11 Prozent der anfänglich festgesetzten Mittelzuweisung für das Kalenderjahr 2024,</LA></DD><DT>3.</DT><DD Font="normal"><LA>12,5 Prozent der anfänglich festgesetzten Mittelzuweisung für das Kalenderjahr 2025,</LA></DD><DT>4.</DT><DD Font="normal"><LA>15 Prozent der anfänglich festgesetzten Mittelzuweisung für das Kalenderjahr 2026.</LA></DD></DL></P></Content></text><fussnoten/></textdaten></norm>
<norm builddate="20250214223526" doknr="BJNR300300021BJNE000600000"><metadaten><jurabk>GAPDZG</jurabk><enbez>§ 3a</enbez><titel format="XML">Aktiver oder echter Betriebsinhaber</titel></metadaten><textdaten><text format="XML"><Content><P>Sieht die Unionsregelung vor, dass Direktzahlungen nur aktiven oder echten Betriebsinhabern zu gewähren sind, so werden die in diesem Gesetz vorgesehenen Direktzahlungen nur aktiven oder echten Betriebsinhabern gewährt.</P></Content></text><fussnoten/></textdaten></norm>
<norm builddate="20250214223526" doknr="BJNR300300021BJNG000200000"><metadaten><jurabk>GAPDZG</jurabk><gliederungseinheit><gliederungskennzahl>020</gliederungskennzahl><gliederungsbez>Teil 2</gliederungsbez><gliederungstitel>Direktzahlungen</gliederungstitel></gliederungseinheit></metadaten><textdaten/></norm>
<norm builddate="20250214223526" doknr="BJNR300300021BJNG000300000"><metadaten><jurabk>GAPDZG</jurabk><gliederungseinheit><gliederungskennzahl>020010</gliederungskennzahl><gliederungsbez>Abschnitt 1</gliederungsbez><gliederungstitel>Einkommensgrundstützung für Nachhaltigkeit</gliederungstitel></gliederungseinheit></metadaten><textdaten/></norm>
<norm builddate="20250214223526" doknr="BJNR300300021BJNE000701000"><metadaten><jurabk>GAPDZG</jurabk><enbez>§ 4</enbez><titel format="XML">Einkommensgrundstützung</titel></metadaten><textdaten><text format="XML"><Content><P>(1) Ein Betriebsinhaber erhält jährlich auf Antrag eine Einkommensgrundstützung für Nachhaltigkeit (Einkommensgrundstützung).</P><P>(2) Die Einkommensgrundstützung wird nicht auf der Grundlage von Zahlungsansprüchen gewährt.</P><P>(3) Die Einkommensgrundstützung wird als bundeseinheitlicher Betrag je Hektar förderfähiger Fläche gewährt.</P></Content></text><fussnoten/></textdaten></norm>
<norm builddate="20250214223526" doknr="BJNR300300021BJNE000802119"><metadaten><jurabk>GAPDZG</jurabk><enbez>§ 5</enbez><titel format="XML">Indikative Mittelzuweisung für die Einkommensgrundstützung</titel></metadaten><textdaten><text format="XML"><Content><P>(1) Die indikative Mittelzuweisung für die Einkommensgrundstützung für jedes Antragsjahr ist der Betrag, der sich ergibt, wenn von der einschlägigen Zuweisung die anderen in diesem Gesetz geregelten indikativen Mittelzuweisungen und die Mittel für Öko-Regelungen für das jeweilige Jahr abgezogen wurden.</P><P>(1a) Abweichend von Absatz 1 ist ab dem Antragsjahr 2026 die indikative Mittelzuweisung für die Einkommensgrundstützung für jedes Antragsjahr der Betrag, der sich ergibt, wenn der Betrag der gemäß Satz 2 berechneten vorläufigen indikativen Mittelzuweisung für die Einkommensgrundstützung für das Jahr 2026 mit dem Faktor nach Absatz 1b Satz 1 und für das Jahr 2027 mit dem Faktor nach Absatz 1b Satz 2 multipliziert wird. Die vorläufige indikative Mittelzuweisung für die Einkommensgrundstützung ist ab dem Antragsjahr 2026 der Betrag, der sich ergibt, wenn von der einschlägigen Zuweisung die anderen in diesem Gesetz geregelten indikativen Mittelzuweisungen und die Mittel für Öko-Regelungen, diese mit Ausnahme des Betrags nach § 19 Absatz 1 Satz 2, für das jeweilige Jahr abgezogen wurden.</P><P>(1b) Der für die Berechnung nach Absatz 1a anzuwendende Faktor für das Jahr 2026 ist die Zahl, die sich aus der Division der Zahl der nach Absatz 1c Satz 1 mitgeteilten Hektare durch die Zahl der nach § 6 Absatz 2 mitgeteilten Zahlungsansprüche ergibt, jedoch höchstens die Zahl 1. Der für die Berechnung nach Absatz 1a anzuwendende Faktor für das Jahr 2027 ist die Zahl, die sich aus der Division der Zahl der nach Absatz 1c Satz 2 mitgeteilten Hektare durch die Zahl der nach § 6 Absatz 2 mitgeteilten Zahlungsansprüche ergibt, jedoch höchstens die Zahl 1.</P><P>(1c) Die Länder teilen dem Bundesministerium für Ernährung und Landwirtschaft bis zum 16. Juni 2025 die Zahl der Hektare mit, für die bis zum 31. Mai 2025 für das Antragsjahr 2025 die Einkommensgrundstützung beantragt worden ist. Die Länder teilen dem Bundesministerium für Ernährung und Landwirtschaft bis zum 16. Juni 2026 die Zahl der Hektare mit, für die bis zum 31. Mai 2026 für das Antragsjahr 2026 die Einkommensgrundstützung beantragt worden ist.</P><P>(2) Die einschlägige Zuweisung ist die in der Unionsregelung für Deutschland enthaltene anfänglich festgesetzte Mittelzuweisung für Direktzahlungen, die nach der Übertragung von Mitteln nach § 3 für das jeweilige Jahr verbleibt (einschlägige Zuweisung).</P><P>(3) Das Bundesministerium für Ernährung und Landwirtschaft berechnet die indikative Mittelzuweisung für die Einkommensgrundstützung, die sich für jedes Antragsjahr, beginnend mit dem Jahr 2023, ergibt.</P><P>(4) Das Bundesministerium für Ernährung und Landwirtschaft macht die indikative Mittelzuweisung für die Einkommensgrundstützung, die sich für jedes Antragsjahr, beginnend mit dem Jahr 2023, ergibt, im Bundesanzeiger bekannt.</P></Content></text><fussnoten/></textdaten></norm>
<norm builddate="20250214223526" doknr="BJNR300300021BJNE000902119"><metadaten><jurabk>GAPDZG</jurabk><enbez>§ 6</enbez><titel format="XML">Geplanter Einheitsbetrag für die Einkommensgrundstützung</titel></metadaten><textdaten><text format="XML"><Content><P>(1) Der geplante Einheitsbetrag je Hektar für die Einkommensgrundstützung ist der Betrag, der sich ergibt, wenn der Betrag der indikativen Mittelzuweisung nach § 5 Absatz 1 durch die Zahl der mit Gültigkeit zum Antragsschlusstermin des Jahres 2020 bestehenden Zahlungsansprüche für die Basisprämie nach der Verordnung (EU) Nr. 1307/2013 geteilt wird.</P><P>(1a) Abweichend von Absatz 1 ist der geplante Einheitsbetrag je Hektar für die Einkommensgrundstützung für das Antragsjahr 2026 der Betrag, der sich ergibt, wenn der Betrag der indikativen Mittelzuweisung nach § 5 Absatz 1a für das Jahr 2026 durch die nach § 5 Absatz 1c Satz 1 mitgeteilte Zahl der Hektare geteilt wird.</P><P>(1b) Abweichend von Absatz 1 ist der geplante Einheitsbetrag je Hektar für die Einkommensgrundstützung für das Antragsjahr 2027 der Betrag, der sich ergibt, wenn der Betrag der indikativen Mittelzuweisung nach § 5 Absatz 1a für das Jahr 2027 durch die nach § 5 Absatz 1c Satz 2 mitgeteilte Zahl der Hektare geteilt wird.</P><P>(2) Die Länder teilen dem Bundesministerium für Ernährung und Landwirtschaft die Zahl der mit Gültigkeit zum Antragsschlusstermin des Jahres 2020 bestehenden Zahlungsansprüche für die Basisprämie nach der Verordnung (EU) Nr. 1307/2013 mit.</P><P>(3) Das Bundesministerium für Ernährung und Landwirtschaft berechnet den geplanten Einheitsbetrag für die Einkommensgrundstützung, der sich für jedes Antragsjahr, beginnend mit dem Jahr 2023, ergibt.</P><P>(4) Das Bundesministerium für Ernährung und Landwirtschaft macht den geplanten Einheitsbetrag für die Einkommensgrundstützung, der sich für jedes Antragsjahr, beginnend mit dem Jahr 2023, ergibt, zusammen mit der indikativen Mittelzuweisung für die Einkommensgrundstützung im Bundesanzeiger bekannt.</P><P>(5) Zu dem geplanten Einheitsbetrag für die Einkommensgrundstützung kommt für jedes Antragsjahr ein geplanter Höchsteinheitsbetrag in Höhe von 110 Prozent des geplanten Einheitsbetrags und ein geplanter Mindesteinheitsbetrag in Höhe von 90 Prozent des geplanten Einheitsbetrags zur Anwendung.</P></Content></text><fussnoten/></textdaten></norm>
<norm builddate="20250214223526" doknr="BJNR300300021BJNE001001000"><metadaten><jurabk>GAPDZG</jurabk><enbez>§ 7</enbez><titel format="XML">Tatsächlicher Einheitsbetrag für die Einkommensgrundstützung</titel></metadaten><textdaten><text format="XML"><Content><P>Der tatsächliche Einheitsbetrag für die Einkommensgrundstützung ist der nach § 31 berechnete Betrag.</P></Content></text><fussnoten/></textdaten></norm>
<norm builddate="20250214223526" doknr="BJNR300300021BJNG000400000"><metadaten><jurabk>GAPDZG</jurabk><gliederungseinheit><gliederungskennzahl>020020</gliederungskennzahl><gliederungsbez>Abschnitt 2</gliederungsbez><gliederungstitel>Ergänzende Umverteilungseinkommensstützung für Nachhaltigkeit</gliederungstitel></gliederungseinheit></metadaten><textdaten/></norm>
<norm builddate="20250214223526" doknr="BJNR300300021BJNE001101000"><metadaten><jurabk>GAPDZG</jurabk><enbez>§ 8</enbez><titel format="XML">Umverteilungseinkommensstützung</titel></metadaten><textdaten><text format="XML"><Content><P>(1) Ein Betriebsinhaber, der Anspruch auf Einkommensgrundstützung hat, erhält jährlich auf Antrag eine ergänzende Umverteilungseinkommensstützung für Nachhaltigkeit (Umverteilungseinkommensstützung).</P><P>(2) Die Umverteilungseinkommensstützung wird bundeseinheitlich gewährt: <DL Type="arabic"><DT>1.</DT><DD Font="normal"><LA>je Hektar förderfähiger Fläche eines Betriebsinhabers im Umfang von höchstens 60 Hektar förderfähiger Fläche unter Aufteilung in die Gruppe der ersten 40 Hektar förderfähiger Fläche (Gruppe 1) und die Gruppe der weiteren 20 Hektar förderfähiger Fläche (Gruppe 2) und</LA></DD><DT>2.</DT><DD Font="normal"><LA>auf der Grundlage der Festlegung eines Betrages je Hektar der Gruppe 1 und eines Betrages je Hektar der Gruppe 2.</LA></DD></DL></P></Content></text><fussnoten/></textdaten></norm>
<norm builddate="20250214223526" doknr="BJNR300300021BJNE001201000"><metadaten><jurabk>GAPDZG</jurabk><enbez>§ 9</enbez><titel format="XML">Indikative Mittelzuweisung für die Umverteilungseinkommensstützung</titel></metadaten><textdaten><text format="XML"><Content><P>(1) Die indikative Mittelzuweisung für die Umverteilungseinkommensstützung für jedes Antragsjahr ist der Betrag, der 12 Prozent der einschlägigen Zuweisung entspricht.</P><P>(2) Das Bundesministerium für Ernährung und Landwirtschaft berechnet die indikative Mittelzuweisung für die Umverteilungseinkommensstützung, die sich für jedes Antragsjahr, beginnend mit dem Jahr 2023, ergibt.</P><P>(3) Das Bundesministerium für Ernährung und Landwirtschaft macht die indikative Mittelzuweisung für die Umverteilungseinkommensstützung, die sich für jedes Antragsjahr, beginnend mit dem Jahr 2023, ergibt, im Bundesanzeiger bekannt.</P></Content></text><fussnoten/></textdaten></norm>
<norm builddate="20250214223526" doknr="BJNR300300021BJNE001301000"><metadaten><jurabk>GAPDZG</jurabk><enbez>§ 10</enbez><titel format="XML">Geplante Einheitsbeträge für die Umverteilungseinkommensstützung</titel></metadaten><textdaten><text format="XML"><Content><P>(1) Für die Berechnung des geplanten Einheitsbetrags je Hektar der Gruppe 1 wird die Zahl der mit Gültigkeit zum Antragsschlusstermin des Jahres 2020 bestehenden Zahlungsansprüche für die Basisprämie nach der Verordnung (EU) Nr. 1307/2013, die der Zahl nach auf die Gruppe 1 entfällt, und die mit dem Faktor 0,6 multiplizierte Zahl der der Zahl nach auf die Gruppe 2 entfallenden Zahlungsansprüche zusammengezählt.</P><P>(2) Der geplante Einheitsbetrag je Hektar der Gruppe 1 ist der Betrag, der sich ergibt, wenn der Betrag der indikativen Mittelzuweisung nach § 9 Absatz 1 durch die Summe nach Absatz 1 geteilt wird.</P><P>(3) Der geplante Einheitsbetrag je Hektar der Gruppe 2 hat die Höhe von 60 Prozent des nach Absatz 2 berechneten geplanten Einheitsbetrages der Gruppe 1.</P><P>(4) Die Länder teilen dem Bundesministerium für Ernährung und Landwirtschaft die Zahl der mit Gültigkeit zum Antragsschlusstermin des Jahres 2020 bestehenden Zahlungsansprüche für die Basisprämie nach der Verordnung (EU) Nr. 1307/2013 in der Aufgliederung nach Absatz 1 mit.</P><P>(5) Das Bundesministerium für Ernährung und Landwirtschaft berechnet die geplanten Einheitsbeträge für die Umverteilungseinkommensstützung für die Gruppe 1 und für die Gruppe 2, die sich für jedes Antragsjahr, beginnend mit dem Jahr 2023, ergeben.</P><P>(6) Das Bundesministerium für Ernährung und Landwirtschaft macht die geplanten Einheitsbeträge für die Umverteilungseinkommensstützung für die Gruppe 1 und für die Gruppe 2, die sich für jedes Antragsjahr, beginnend mit dem Jahr 2023 ergeben, zusammen mit der indikativen Mittelzuweisung für die Umverteilungseinkommensstützung im Bundesanzeiger bekannt.</P><P>(7) Zu jedem geplanten Einheitsbetrag für die Umverteilungseinkommensstützung kommt für jedes Antragsjahr ein geplanter Höchsteinheitsbetrag in Höhe von 110 Prozent des geplanten Einheitsbetrags und ein geplanter Mindesteinheitsbetrag in Höhe von 90 Prozent des geplanten Einheitsbetrags zur Anwendung.</P><P>(8) Die Gewährung der Umverteilungseinkommensstützung ist ausgeschlossen, wenn ein Betriebsinhaber seinen Betrieb nach dem 1. Juni 2018 nachweislich zu dem Zweck aufgespalten hat, in den Genuss der Umverteilungseinkommensstützung zu kommen. Dies gilt auch für eine Zahlung an einen Betriebsinhaber, dessen Betrieb aus einer solchen Aufspaltung hervorgegangen ist.</P></Content></text><fussnoten/></textdaten></norm>
<norm builddate="20250214223526" doknr="BJNR300300021BJNE001401000"><metadaten><jurabk>GAPDZG</jurabk><enbez>§ 11</enbez><titel format="XML">Tatsächliche Einheitsbeträge für die Umverteilungseinkommensstützung</titel></metadaten><textdaten><text format="XML"><Content><P>Die tatsächlichen Einheitsbeträge für die Umverteilungseinkommensstützung für die Gruppe 1 und für die Gruppe 2 sind die nach § 31 berechneten Beträge.</P></Content></text><fussnoten/></textdaten></norm>
<norm builddate="20250214223526" doknr="BJNR300300021BJNG000500000"><metadaten><jurabk>GAPDZG</jurabk><gliederungseinheit><gliederungskennzahl>020030</gliederungskennzahl><gliederungsbez>Abschnitt 3</gliederungsbez><gliederungstitel>Ergänzende Einkommensstützung für Junglandwirte</gliederungstitel></gliederungseinheit></metadaten><textdaten/></norm>
<norm builddate="20250214223526" doknr="BJNR300300021BJNE001501000"><metadaten><jurabk>GAPDZG</jurabk><enbez>§ 12</enbez><titel format="XML">Junglandwirtinnen und Junglandwirte</titel></metadaten><textdaten><text format="XML"><Content><P>(1) Eine Junglandwirtin oder ein Junglandwirt ist eine natürliche Person, die sich erstmals in einem landwirtschaftlichen Betrieb als Betriebsleiterin oder Betriebsleiter niederlässt und im Jahr der Niederlassung nicht älter als 40 Jahre ist.</P><P>(2) Ein Betriebsinhaber, der keine natürliche Person ist, ist Junglandwirt, wenn der Betriebsinhaber erstmals wirksam und langfristig in Bezug auf die Entscheidungen zur Betriebsführung, zur Verwendung von Gewinnen und zu finanziellen Risiken von mindestens einer natürlichen Person – allein oder gemeinschaftlich mit anderen – kontrolliert wird, die <DL Type="arabic"><DT>1.</DT><DD Font="normal"><LA>im Jahr der Aufnahme dieser Kontrolle nicht älter als 40 Jahre ist,</LA></DD><DT>2.</DT><DD Font="normal"><LA>sich zuvor nicht in einem landwirtschaftlichen Betrieb als Betriebsleiterin oder Betriebsleiter niedergelassen hat und</LA></DD><DT>3.</DT><DD Font="normal"><LA>zuvor nicht im Sinne dieser Vorschrift einen Betriebsinhaber in einer anderen Rechtsform als der einer natürlichen Person kontrolliert hat.</LA></DD></DL>Eine natürliche Person kontrolliert einen Betriebsinhaber nach Satz 1 auch dann, wenn keine der in Satz 1 genannten Entscheidungen gegen sie getroffen werden kann. Wird ein Betriebsinhaber nach Satz 1 allein oder gemeinschaftlich von einem anderen Unternehmen kontrolliert, das keine natürliche Person ist, so gelten die Voraussetzungen von Satz 1 Nummer 1 bis 3 für eine natürliche Person, die die Kontrolle über dieses andere Unternehmen ausübt. Entscheidungen der in Satz 1 genannten Art, die eine natürliche Person auf Grund zwingender Rechtsvorschriften nicht im Sinne der Sätze 1 oder 2 kontrollieren kann, bleiben bei der Anwendung dieses Absatzes außer Betracht mit der Maßgabe, dass eine Mitwirkung der für die Eigenschaft als Junglandwirt maßgeblichen natürlichen Person an solchen Entscheidungen rechtlich möglich sein muss.</P></Content></text><fussnoten/></textdaten></norm>
<norm builddate="20250214223526" doknr="BJNR300300021BJNE001600000"><metadaten><jurabk>GAPDZG</jurabk><enbez>§ 13</enbez><titel format="XML">Junglandwirte-Einkommensstützung</titel></metadaten><textdaten><text format="XML"><Content><P>(1) Eine Junglandwirtin oder ein Junglandwirt, die oder der Anspruch auf Einkommensgrundstützung hat, erhält für die Dauer von längstens fünf Jahren auf jährlich zu stellenden Antrag eine ergänzende Einkommensstützung für Junglandwirte (Junglandwirte-Einkommensstützung).</P><P>(2) Die Junglandwirte-Einkommensstützung wird als bundeseinheitlicher Betrag je Hektar für bis zu 120 Hektar förderfähiger Fläche gewährt.</P></Content></text><fussnoten/></textdaten></norm>
<norm builddate="20250214223526" doknr="BJNR300300021BJNE001700000"><metadaten><jurabk>GAPDZG</jurabk><enbez>§ 14</enbez><titel format="XML">Indikative Mittelzuweisung für die Junglandwirte-Einkommensstützung</titel></metadaten><textdaten><text format="XML"><Content><P>Die indikative Mittelzuweisung für die Junglandwirte-Einkommensstützung für jedes Antragsjahr ist der Betrag, der dem in der Unionsregelung für Deutschland vorgesehenen Mindestbetrag für das Ziel der Steigerung der Attraktivität für Junglandwirtinnen und Junglandwirte und der Unterstützung für Junglandwirtinnen und Junglandwirte entspricht.</P></Content></text><fussnoten/></textdaten></norm>
<norm builddate="20250214223526" doknr="BJNR300300021BJNE001801000"><metadaten><jurabk>GAPDZG</jurabk><enbez>§ 15</enbez><titel format="XML">Geplanter Einheitsbetrag für die Junglandwirte-Einkommensstützung</titel></metadaten><textdaten><text format="XML"><Content><P>(1) Der geplante Einheitsbetrag der Junglandwirte-Einkommensstützung je Hektar ist der Betrag, der sich ergibt, wenn der Betrag der indikativen Mittelzuweisung nach § 14 durch die Zahl der mit Gültigkeit zum Antragsschlusstermin des Jahres 2020 bestehenden Zahlungsansprüche für die Basisprämie nach der Verordnung (EU) Nr. 1307/2013 aller Empfänger der Zahlung für Junglandwirte für das Antragsjahr 2020 bis zur Zahl von jeweils 120 Zahlungsansprüchen geteilt wird.</P><P>(2) Zu dem geplanten Einheitsbetrag für die Junglandwirte-Einkommensstützung kommt für jedes Antragsjahr ein geplanter Höchsteinheitsbetrag in Höhe von 110 Prozent des geplanten Einheitsbetrags und ein geplanter Mindesteinheitsbetrag in Höhe von 90 Prozent des geplanten Einheitsbetrags zur Anwendung.</P><P>(3) Die Länder teilen dem Bundesministerium für Ernährung und Landwirtschaft die Zahl der mit Gültigkeit zum Antragsschlusstermin des Jahres 2020 bestehenden Zahlungsansprüche für die Basisprämie nach der Verordnung (EU) Nr. 1307/2013 aller Empfänger der Zahlung für Junglandwirte für das Antragsjahr 2020 bis zur Zahl von jeweils 120 Zahlungsansprüchen mit.</P><P>(4) Das Bundesministerium für Ernährung und Landwirtschaft berechnet den geplanten Einheitsbetrag für die Junglandwirte-Einkommensstützung, der sich für jedes Antragsjahr, beginnend mit dem Jahr 2023, ergibt.</P><P>(5) Das Bundesministerium für Ernährung und Landwirtschaft macht den geplanten Einheitsbetrag für die Junglandwirte-Einkommensstützung, der sich für jedes Antragsjahr, beginnend mit dem Jahr 2023, ergibt, im Bundesanzeiger bekannt.</P></Content></text><fussnoten/></textdaten></norm>
<norm builddate="20250214223526" doknr="BJNR300300021BJNE001901000"><metadaten><jurabk>GAPDZG</jurabk><enbez>§ 16</enbez><titel format="XML">Weitere Bestimmungen für die Junglandwirte-Einkommensstützung</titel></metadaten><textdaten><text format="XML"><Content><P>(1) Die Junglandwirte-Einkommensstützung wird nur gewährt, wenn die erstmalige Beantragung spätestens für das fünfte Jahr nach dem Jahr der Niederlassung nach § 12 Absatz 1 oder der Aufnahme der Kontrolle nach § 12 Absatz 2 durch die für die Eigenschaft als Junglandwirt maßgebliche natürliche Person erfolgt.</P><P>(2) Der Zeitraum von fünf Jahren, für den die Junglandwirte-Einkommensstützung längstens gewährt wird, beginnt mit dem Jahr der erstmaligen Beantragung.</P><P>(3) Am Ende des Jahres der erstmaligen Beantragung der Junglandwirte-Einkommensstützung darf die Junglandwirtin oder der Junglandwirt nach § 12 Absatz 1 oder die gemäß § 12 Absatz 2 für die Eigenschaft als Junglandwirt maßgebliche natürliche Person nicht älter als 40 Jahre sein.</P><P>(4) Ein Betriebsinhaber, der die Zahlung für Junglandwirte nach Artikel 50 der Verordnung (EU) Nr. 1307/2013 erhalten hat, erhält die Junglandwirte-Einkommensstützung für den verbleibenden Teil des Zeitraums nach Artikel 50 Absatz 5 der Verordnung (EU) Nr. 1307/2013. Absatz 5 bleibt unberührt.</P><P>(5) Für die Gewährung der Junglandwirte-Einkommensstützung kann eine natürliche Person nicht mehr als einmal berücksichtigt werden.</P><P>(6) Einem Betriebsinhaber, der keine natürliche Person ist, wird die Junglandwirte-Einkommensstützung nicht mehr gewährt, wenn keine natürliche Person mehr den Betriebsinhaber im Sinne von § 12 Absatz 2 Satz 1 kontrolliert, die ihn bei der erstmaligen Beantragung der Junglandwirte-Einkommensstützung kontrolliert hat.</P></Content></text><fussnoten/></textdaten></norm>
<norm builddate="20250214223526" doknr="BJNR300300021BJNE002000000"><metadaten><jurabk>GAPDZG</jurabk><enbez>§ 17</enbez><titel format="XML">Tatsächlicher Einheitsbetrag für die Junglandwirte-Einkommensstützung</titel></metadaten><textdaten><text format="XML"><Content><P>Der tatsächliche Einheitsbetrag für die Junglandwirte-Einkommensstützung ist der nach § 31 berechnete Betrag.</P></Content></text><fussnoten/></textdaten></norm>
<norm builddate="20250214223526" doknr="BJNR300300021BJNG000600000"><metadaten><jurabk>GAPDZG</jurabk><gliederungseinheit><gliederungskennzahl>020040</gliederungskennzahl><gliederungsbez>Abschnitt 4</gliederungsbez><gliederungstitel>Regelungen für Klima und Umwelt</gliederungstitel></gliederungseinheit></metadaten><textdaten/></norm>
<norm builddate="20250214223526" doknr="BJNR300300021BJNE002101000"><metadaten><jurabk>GAPDZG</jurabk><enbez>§ 18</enbez><titel format="XML">Öko-Regelungen</titel></metadaten><textdaten><text format="XML"><Content><P>Ein Betriebsinhaber erhält jährlich auf Antrag eine Unterstützung für die freiwillig von ihm übernommenen Verpflichtungen zur Einhaltung von Regelungen für Klima und Umwelt (Öko-Regelungen).</P></Content></text><fussnoten/></textdaten></norm>
<norm builddate="20250214223526" doknr="BJNR300300021BJNE002202119"><metadaten><jurabk>GAPDZG</jurabk><enbez>§ 19</enbez><titel format="XML">Mittel für Öko-Regelungen</titel></metadaten><textdaten><text format="XML"><Content><P>(1) Die indikativen Mittel für die Öko-Regelungen für jedes der Jahre 2023 und 2024 sowie die Mittel für die Öko-Regelungen für jedes der Jahre 2025 bis 2027 sind jeweils der Betrag, der 25 Prozent des Betrags entspricht, der nach der Unionsregelung der Festsetzung der Zuweisung von Mitteln für Öko-Regelungen zugrunde zu legen ist. Für jedes der Jahre 2026 und 2027 wird der Betrag nach Satz 1 um den Betrag erhöht, der sich ergibt, wenn der Betrag der indikativen Mittelzuweisung für die Einkommensgrundstützung für das jeweilige Jahr von dem Betrag der vorläufigen indikativen Mittelzuweisung für die Einkommensgrundstützung für das jeweilige Jahr abgezogen wird. Die Beträge nach Satz 2 sind für eine sich nach Artikel 97 Absatz 6 oder 7 der Verordnung (EU) 2021/2115 erforderliche Aufstockung der Mittel für Öko-Regelungen für die Jahre 2023 und 2024 zu verwenden.</P><P>(2) Das Bundesministerium für Ernährung und Landwirtschaft berechnet den Betrag nach Absatz 1, der sich für jedes Antragsjahr, beginnend mit dem Jahr 2023, ergibt.</P><P>(3) Das Bundesministerium für Ernährung und Landwirtschaft macht den Betrag nach Absatz 1, der sich für jedes Antragsjahr, beginnend mit dem Jahr 2023, ergibt, im Bundesanzeiger bekannt.</P></Content></text><fussnoten/></textdaten></norm>
<norm builddate="20250214223526" doknr="BJNR300300021BJNE002302119"><metadaten><jurabk>GAPDZG</jurabk><enbez>§ 20</enbez><titel format="XML">Festlegung der Öko-Regelungen</titel></metadaten><textdaten><text format="XML"><Content><P>(1) Es werden mindestens folgende Öko-Regelungen angewendet: <DL Type="arabic"><DT>1.</DT><DD Font="normal"><LA>eine Bereitstellung von Flächen zur Verbesserung der Biodiversität und Erhaltung von Lebensräumen durch: <DL Type="alpha"><DT>a)</DT><DD Font="normal"><LA>nichtproduktive Flächen auf Ackerland über den sich aus oder auf Grund von § 11 des GAP-Konditionalitäten-Gesetzes ergebenden verpflichtenden Anteil hinaus,</LA></DD><DT>b)</DT><DD Font="normal"><LA>Anlage von Blühstreifen oder -flächen auf Ackerland, das der Betriebsinhaber nach Buchstabe a bereitstellt,</LA></DD><DT>c)</DT><DD Font="normal"><LA>Anlage von Blühstreifen oder -flächen in Dauerkulturen oder</LA></DD><DT>d)</DT><DD Font="normal"><LA>Altgrasstreifen oder -flächen in Dauergrünland,</LA></DD></DL></LA></DD><DT>2.</DT><DD Font="normal"><LA>ein Anbau vielfältiger Kulturen mit mindestens fünf Hauptfruchtarten im Ackerbau einschließlich des Anbaus von Leguminosen mit einem Mindestanteil von 10 Prozent,</LA></DD><DT>3.</DT><DD Font="normal"><LA>die Beibehaltung einer agroforstlichen Bewirtschaftungsweise auf Ackerland und Dauergrünland,</LA></DD><DT>4.</DT><DD Font="normal"><LA>die Extensivierung des gesamten Dauergrünlands des Betriebs,</LA></DD><DT>5.</DT><DD Font="normal"><LA>die ergebnisorientierte extensive Bewirtschaftung von Dauergrünlandflächen mit Nachweis von mindestens vier regionalen Kennarten,</LA></DD><DT>6.</DT><DD Font="normal"><LA>die Bewirtschaftung von Acker- oder Dauerkulturflächen des Betriebes ohne Verwendung von chemisch-synthetischen Pflanzenschutzmitteln,</LA></DD><DT>7.</DT><DD Font="normal"><LA>die Anwendung von durch die Schutzziele bestimmten Landbewirtschaftungsmethoden auf landwirtschaftlichen Flächen in Natura 2000-Gebieten.</LA></DD></DL></P><P>(2) In einer Rechtsverordnung auf Grund der in § 2 Satz 1 Nummer 1 bezeichneten Vorschriften erfolgen im Einvernehmen mit dem Bundesministerium für Umwelt, Naturschutz und nukleare Sicherheit: <DL Type="arabic"><DT>1.</DT><DD Font="normal"><LA>die Regelung der bei den Öko-Regelungen nach Absatz 1 einzuhaltenden Verpflichtungen,</LA></DD><DT>2.</DT><DD Font="normal"><LA>die Festsetzung der indikativen Mittelzuweisung für jede Öko-Regelung nach Absatz 1 und</LA></DD><DT>3.</DT><DD Font="normal"><LA>die Festsetzung der geplanten Einheitsbeträge einschließlich der möglichen Festsetzung von geplanten Höchst- oder Mindestbeträgen oder beidem für die geplanten Einheitsbeträge jeder Öko-Regelung nach Absatz 1.</LA></DD></DL></P><P>(3) Abweichend von § 2 Satz 2 können in einer Rechtsverordnung auf Grund der in § 2 Satz 1 Nummer 1 bezeichneten Vorschriften im Einvernehmen mit dem Bundesministerium für Umwelt, Naturschutz und nukleare Sicherheit unter Beachtung des § 19 weitere Öko-Regelungen geregelt werden. Die Mittel nach § 19 Absatz 1 Satz 2 sind vorrangig für weitere Öko-Regelungen für Weidehaltung in milchviehhaltenden Betrieben und zur innerbetrieblichen Verteilung von landwirtschaftlichen Flächen, die zur Verbesserung der Biodiversität bereitgestellt werden, zu verwenden.</P><P>(4) Das Bundesministerium für Ernährung und Landwirtschaft überprüft und evaluiert bis zum 31. Dezember 2024 die in diesem Gesetz vorgesehenen Instrumente zur Förderung von Umwelt, Klima und Tierwohl.</P></Content></text><fussnoten/></textdaten></norm>
<norm builddate="20250214223526" doknr="BJNR300300021BJNE002401000"><metadaten><jurabk>GAPDZG</jurabk><enbez>§ 21</enbez><titel format="XML">Tatsächliche Einheitsbeträge für Öko-Regelungen</titel></metadaten><textdaten><text format="XML"><Content><P>Der tatsächliche Einheitsbetrag oder die tatsächlichen Einheitsbeträge jeder Öko-Regelung ist oder sind die nach § 31 berechneten Beträge.</P></Content></text><fussnoten/></textdaten></norm>
<norm builddate="20250214223526" doknr="BJNR300300021BJNG000700000"><metadaten><jurabk>GAPDZG</jurabk><gliederungseinheit><gliederungskennzahl>020050</gliederungskennzahl><gliederungsbez>Abschnitt 5</gliederungsbez><gliederungstitel>Gekoppelte Einkommensstützung</gliederungstitel></gliederungseinheit></metadaten><textdaten/></norm>
<norm builddate="20250214223526" doknr="BJNR300300021BJNG000800000"><metadaten><jurabk>GAPDZG</jurabk><gliederungseinheit><gliederungskennzahl>020050010</gliederungskennzahl><gliederungsbez>Unterabschnitt 1</gliederungsbez><gliederungstitel>Gekoppelte Einkommensstützung für den Sektor Schaf- und Ziegenfleisch</gliederungstitel></gliederungseinheit></metadaten><textdaten/></norm>
<norm builddate="20250214223526" doknr="BJNR300300021BJNE002501000"><metadaten><jurabk>GAPDZG</jurabk><enbez>§ 22</enbez><titel format="XML">Zahlung für Mutterschafe und -ziegen</titel></metadaten><textdaten><text format="XML"><Content><P>(1) Ein Betriebsinhaber erhält jährlich auf Antrag eine gekoppelte Einkommensstützung für die Haltung von Mutterschafen oder -ziegen (Zahlung für Mutterschafe und -ziegen).</P><P>(2) Die Zahlung für Mutterschafe und -ziegen wird bundeseinheitlich je förderfähigem Mutterschaf und förderfähiger Mutterziege gewährt.</P></Content></text><fussnoten/></textdaten></norm>
<norm builddate="20250214223526" doknr="BJNR300300021BJNE002601000"><metadaten><jurabk>GAPDZG</jurabk><enbez>§ 23</enbez><titel format="XML">Indikative Mittelzuweisung für die Zahlung für Mutterschafe und -ziegen</titel></metadaten><textdaten><text format="XML"><Content><P>(1) Die indikative Mittelzuweisung für die Zahlung für Mutterschafe und -ziegen für jedes Antragsjahr ist der Betrag, der 1 Prozent der einschlägigen Zuweisung entspricht.</P><P>(2) Das Bundesministerium für Ernährung und Landwirtschaft berechnet die indikative Mittelzuweisung für die Zahlung für Mutterschafe und -ziegen, die sich für jedes Antragsjahr, beginnend mit dem Jahr 2023, ergibt.</P><P>(3) Das Bundesministerium für Ernährung und Landwirtschaft macht die indikative Mittelzuweisung für die Zahlung für Mutterschafe und -ziegen, die sich für jedes Antragsjahr, beginnend mit dem Jahr 2023, ergibt, im Bundesanzeiger bekannt.</P></Content></text><fussnoten/></textdaten></norm>
<norm builddate="20250214223526" doknr="BJNR300300021BJNE002700000"><metadaten><jurabk>GAPDZG</jurabk><enbez>§ 24</enbez><titel format="XML">Festlegungen für die Zahlung für Mutterschafe und -ziegen</titel></metadaten><textdaten><text format="XML"><Content><P>(1) Die Voraussetzungen für die Zahlung für Mutterschafe und -ziegen werden in einer Rechtsverordnung auf Grund der in § 2 Satz 1 Nummer 1 bezeichneten Vorschriften geregelt. Dabei können insbesondere vorgesehen werden: <DL Type="arabic"><DT>1.</DT><DD Font="normal"><LA>Anforderungen in Bezug auf das Alter oder andere Eigenschaften der Tiere, die für die Zahlung für Mutterschafe und -ziegen förderfähig sind,</LA></DD><DT>2.</DT><DD Font="normal"><LA>eine Mindestzahl von Tieren, für die der Antrag zu stellen ist,</LA></DD><DT>3.</DT><DD Font="normal"><LA>ein Haltungszeitraum,</LA></DD><DT>4.</DT><DD Font="normal"><LA>Anforderungen an die Haltungsform.</LA></DD></DL></P><P>(2) Die Festsetzung des geplanten Einheitsbetrags, beginnend mit dem Jahr 2023, einschließlich der möglichen Festsetzung eines geplanten Höchst- oder Mindestbetrags oder beidem für den geplanten Einheitsbetrag für die Zahlung für Mutterschafe und -ziegen erfolgt in einer Rechtsverordnung auf Grund der in § 2 Satz 1 Nummer 1 bezeichneten Vorschriften.</P></Content></text></textdaten></norm>
<norm builddate="20250214223526" doknr="BJNR300300021BJNE002801000"><metadaten><jurabk>GAPDZG</jurabk><enbez>§ 25</enbez><titel format="XML">Tatsächlicher Einheitsbetrag für die Zahlung für Mutterschafe und -ziegen</titel></metadaten><textdaten><text format="XML"><Content><P>Der tatsächliche Einheitsbetrag für die Zahlung für Mutterschafe und -ziegen ist der nach § 31 berechnete Betrag.</P></Content></text><fussnoten/></textdaten></norm>
<norm builddate="20250214223526" doknr="BJNR300300021BJNG000900000"><metadaten><jurabk>GAPDZG</jurabk><gliederungseinheit><gliederungskennzahl>020050020</gliederungskennzahl><gliederungsbez>Unterabschnitt 2</gliederungsbez><gliederungstitel>Gekoppelte Einkommensstützung für den Sektor Rind- und Kalbfleisch</gliederungstitel></gliederungseinheit></metadaten><textdaten/></norm>
<norm builddate="20250214223526" doknr="BJNR300300021BJNE002901000"><metadaten><jurabk>GAPDZG</jurabk><enbez>§ 26</enbez><titel format="XML">Zahlung für Mutterkühe</titel></metadaten><textdaten><text format="XML"><Content><P>(1) Ein Betriebsinhaber, der keine Kuhmilch oder Kuhmilcherzeugnisse abgibt, erhält jährlich auf Antrag eine gekoppelte Einkommensstützung für die Haltung von Mutterkühen (Zahlung für Mutterkühe).</P><P>(2) Die Zahlung für Mutterkühe wird bundeseinheitlich je förderfähiger Mutterkuh gewährt.</P></Content></text><fussnoten/></textdaten></norm>
<norm builddate="20250214223526" doknr="BJNR300300021BJNE003001000"><metadaten><jurabk>GAPDZG</jurabk><enbez>§ 27</enbez><titel format="XML">Indikative Mittelzuweisung für die Zahlung für Mutterkühe</titel></metadaten><textdaten><text format="XML"><Content><P>(1) Die indikative Mittelzuweisung für die Zahlung für Mutterkühe für jedes Antragsjahr ist der Betrag, der 1 Prozent der einschlägigen Zuweisung entspricht.</P><P>(2) Das Bundesministerium für Ernährung und Landwirtschaft berechnet die indikative Mittelzuweisung für die Zahlung für Mutterkühe, die sich für jedes Antragsjahr, beginnend mit dem Jahr 2023, ergibt.</P><P>(3) Das Bundesministerium für Ernährung und Landwirtschaft macht die indikative Mittelzuweisung für die Zahlung für Mutterkühe, die sich für jedes Antragsjahr, beginnend mit dem Jahr 2023, ergibt, im Bundesanzeiger bekannt.</P></Content></text><fussnoten/></textdaten></norm>
<norm builddate="20250214223526" doknr="BJNR300300021BJNE003100000"><metadaten><jurabk>GAPDZG</jurabk><enbez>§ 28</enbez><titel format="XML">Festlegungen für die Zahlung für Mutterkühe</titel></metadaten><textdaten><text format="XML"><Content><P>(1) Die Voraussetzungen für die Zahlung für Mutterkühe werden in einer Rechtsverordnung auf Grund der in § 2 Satz 1 Nummer 1 bezeichneten Vorschriften geregelt. Dabei können insbesondere vorgesehen werden: <DL Type="arabic"><DT>1.</DT><DD Font="normal"><LA>Anforderungen in Bezug auf das Alter oder andere Eigenschaften der Tiere, die für die Zahlung für Mutterkühe förderfähig sind,</LA></DD><DT>2.</DT><DD Font="normal"><LA>eine Mindestzahl von Tieren, für die der Antrag zu stellen ist,</LA></DD><DT>3.</DT><DD Font="normal"><LA>ein Haltungszeitraum,</LA></DD><DT>4.</DT><DD Font="normal"><LA>Anforderungen an die Haltungsform.</LA></DD></DL></P><P>(2) Die Festsetzung des geplanten Einheitsbetrags, beginnend mit dem Jahr 2023, einschließlich der möglichen Festsetzung eines geplanten Höchst- oder Mindestbetrags oder beidem für den geplanten Einheitsbetrag für die Zahlung für Mutterkühe erfolgt in einer Rechtsverordnung auf Grund der in § 2 Satz 1 Nummer 1 bezeichneten Vorschriften.</P></Content></text></textdaten></norm>
<norm builddate="20250214223526" doknr="BJNR300300021BJNE003201000"><metadaten><jurabk>GAPDZG</jurabk><enbez>§ 29</enbez><titel format="XML">Tatsächlicher Einheitsbetrag für die Zahlung für Mutterkühe</titel></metadaten><textdaten><text format="XML"><Content><P>Der tatsächliche Einheitsbetrag für die Zahlung für Mutterkühe ist der nach § 31 berechnete Betrag.</P></Content></text><fussnoten/></textdaten></norm>
<norm builddate="20250214223526" doknr="BJNR300300021BJNG001000000"><metadaten><jurabk>GAPDZG</jurabk><gliederungseinheit><gliederungskennzahl>030</gliederungskennzahl><gliederungsbez>Teil 3</gliederungsbez><gliederungstitel>Tatsächliche Einheitsbeträge</gliederungstitel></gliederungseinheit></metadaten><textdaten/></norm>
<norm builddate="20250214223526" doknr="BJNR300300021BJNE003301000"><metadaten><jurabk>GAPDZG</jurabk><enbez>§ 30</enbez><titel format="XML">Mitteilungen der Länder</titel></metadaten><textdaten><text format="XML"><Content><P>Die Länder teilen dem Bundesministerium für Ernährung und Landwirtschaft jährlich bis zum 1. November für jeden geplanten Einheitsbetrag die Gesamtzahl der Einheiten mit, für die unter Berücksichtigung durchgeführter Kontrollen die jeweilige Zahlung zu gewähren ist.</P></Content></text><fussnoten/></textdaten></norm>
<norm builddate="20250214223526" doknr="BJNR300300021BJNE003401000"><metadaten><jurabk>GAPDZG</jurabk><enbez>§ 31</enbez><titel format="XML">Berechnung der tatsächlichen Einheitsbeträge</titel></metadaten><textdaten><text format="XML"><Content><P>(1) Das Bundesministerium für Ernährung und Landwirtschaft berechnet die tatsächlichen Einheitsbeträge, die den Betriebsinhabern je Einheit zu gewähren sind.</P><P>(2) Die Methode der Berechnung der tatsächlichen Einheitsbeträge wird in einer Rechtsverordnung auf Grund der in § 2 Satz 1 Nummer 1 bezeichneten Vorschriften geregelt. Dabei ist insbesondere zu regeln, dass <DL Type="arabic"><DT>1.</DT><DD Font="normal"><LA>ein tatsächlicher Einheitsbetrag den geplanten Höchsteinheitsbetrag oder, soweit ein solcher nicht vorgesehen ist, den höchsten geplanten Einheitsbetrag nicht überschreiten darf,</LA></DD><DT>2.</DT><DD Font="normal"><LA>Mittel aus Mittelzuweisungen für Öko-Regelungen, sofern die Unionsregelung nicht entgegensteht, <DL Type="alpha"><DT>a)</DT><DD Font="normal"><LA>auf die im Recht der Europäischen Union für Deutschland festgesetzte Zuweisung aus dem Europäischen Landwirtschaftsfonds für die Entwicklung des ländlichen Raums übertragen und dort gemäß dem Recht der Europäischen Union verwendet werden, wenn sich aus den Mitteilungen der Länder nach § 30 ergibt, dass der Bedarf an Mitteln für Öko-Regelungen die dafür zur Verfügung stehende Mittelzuweisung um einen Betrag unterschreitet, der mindestens 1,5 Prozent des Betrags entspricht, der nach der Unionsregelung der Festsetzung von Mitteln für Öko-Regelungen zugrunde zu legen ist,</LA></DD><DT>b)</DT><DD Font="normal"><LA>soweit kein Fall des Buchstaben a vorliegt, für die sonstigen Direktzahlungen verwendet werden,</LA></DD></DL></LA></DD><DT>3.</DT><DD Font="normal"><LA>gewährleistet ist, dass der Betrag der in der Unionsregelung enthaltenen einschlägigen Zuweisung für das jeweilige Jahr eingehalten ist.</LA></DD></DL></P><P>(3) Das Bundesministerium für Ernährung und Landwirtschaft berechnet die Übertragung von Mitteln in den Europäischen Landwirtschaftsfonds für die Entwicklung des ländlichen Raums nach Absatz 2 Nummer 2 und führt sie durch.</P></Content></text><fussnoten/></textdaten></norm>
<norm builddate="20250214223526" doknr="BJNR300300021BJNE003501000"><metadaten><jurabk>GAPDZG</jurabk><enbez>§ 32</enbez><titel format="XML">Bekanntmachung der tatsächlichen Einheitsbeträge</titel></metadaten><textdaten><text format="XML"><Content><P>Das Bundesministerium für Ernährung und Landwirtschaft macht die tatsächlichen Einheitsbeträge, die sich für jedes Antragsjahr, beginnend mit dem Jahr 2023, ergeben, jeweils im Bundesanzeiger bekannt.</P></Content></text><fussnoten/></textdaten></norm>
<norm builddate="20250214223526" doknr="BJNR300300021BJNG001100000"><metadaten><jurabk>GAPDZG</jurabk><gliederungseinheit><gliederungskennzahl>040</gliederungskennzahl><gliederungsbez>Teil 4</gliederungsbez><gliederungstitel>Weitere Bestimmungen</gliederungstitel></gliederungseinheit></metadaten><textdaten/></norm>
<norm builddate="20250214223526" doknr="BJNR300300021BJNE003601000"><metadaten><jurabk>GAPDZG</jurabk><enbez>§ 33</enbez><titel format="XML">Horizontale Begriffsbestimmungen</titel></metadaten><textdaten><text format="XML"><Content><P>(1) Werden für die Durchführung der Direktzahlungen Begriffsbestimmungen geregelt, die die Mitgliedstaaten nach der Unionsregelung festzulegen haben, und die gemäß der Unionsregelung gleichermaßen auch für andere Maßnahmen festzulegen sind, die ebenfalls von dem durch den Europäischen Garantiefonds für die Landwirtschaft und den Europäischen Landwirtschaftsfonds für die Entwicklung des ländlichen Raums zu finanzierenden Strategieplan für Deutschland umfasst sind, kommen diese Begriffsbestimmungen im Anwendungsbereich des Bundesrechts in der für die Durchführung der Direktzahlungen jeweils geltenden Fassung zur Anwendung für <DL Type="arabic"><DT>1.</DT><DD Font="normal"><LA>die Konditionalität und</LA></DD><DT>2.</DT><DD Font="normal"><LA>die Interventionskategorien in bestimmten Sektoren, die nicht zu den Direktzahlungen gehören.</LA></DD></DL>Bei der Regelung von Begriffsbestimmungen nach Satz 1 ist anzugeben, dass es sich um eine Begriffsbestimmung im Sinne dieser Vorschrift handelt.</P><P>(2) § 12 regelt eine Begriffsbestimmung gemäß Absatz 1 Satz 1.</P></Content></text><fussnoten/></textdaten></norm>
<norm builddate="20250214223526" doknr="BJNR300300021BJNE003700000"><metadaten><jurabk>GAPDZG</jurabk><enbez>§ 34</enbez><titel format="XML">Verordnungsermächtigungen</titel></metadaten><textdaten><text format="XML"><Content><P>(1) Das Bundesministerium für Ernährung und Landwirtschaft wird ermächtigt, durch Rechtsverordnung mit Zustimmung des Bundesrates anzupassen: <DL Type="arabic"><DT>1.</DT><DD Font="normal"><LA>nach diesem Gesetz geplante Höchst- oder Mindestbeträge zu geplanten Einheitsbeträgen im Hinblick auf die erforderliche Genehmigung des durch den Europäischen Garantiefonds für die Landwirtschaft und den Europäischen Landwirtschaftsfonds für die Entwicklung des ländlichen Raums zu finanzierenden nationalen Strategieplans durch die Europäische Kommission oder</LA></DD><DT>2.</DT><DD Font="normal"><LA>für spätere Jahre als 2023 in Ansehung der tatsächlichen Inanspruchnahme der Direktzahlungen geplante Einheitsbeträge nach diesem Gesetz einschließlich geplanter Höchst- oder Mindestbeträge.</LA></DD></DL></P><P>(2) Das Bundesministerium für Ernährung und Landwirtschaft wird ermächtigt, durch Rechtsverordnung mit Zustimmung des Bundesrates einen Faktor festzulegen, mit dem der in § 15 Absatz 1 geregelte Nenner der Berechnungsgrundlage zur Ermittlung des geplanten Einheitsbetrages der Junglandwirte-Einkommensstützung anzupassen ist, sofern die Unionsregelung vorsieht, einschlägige Qualifikationen oder Ausbildungsanforderungen für die Bestimmung des Begriffs der Junglandwirtin oder des Junglandwirts festzulegen.</P><P>(3) Das Bundesministerium für Ernährung und Landwirtschaft wird ermächtigt, durch Rechtsverordnung mit Zustimmung des Bundesrates die Beträge nach § 19 Absatz 1 um höchstens den Betrag zu verringern, um den die in der Unionsregelung vorgeschriebene Mindestzuweisung von Mitteln für Öko-Regelungen unterschritten werden darf, weil der für bestimmte aus dem Europäischen Landwirtschaftsfonds für die Entwicklung des ländlichen Raums zu finanzierende Maßnahmen vorgesehene Betrag des Mitgliedstaates in Ansehung der dem Bundesministerium für Ernährung und Landwirtschaft von den Ländern nach Absatz 5 mitgeteilten Angaben eine in der Unionsregelung hierfür bestimmte Schwelle überschreitet (Anrechnungsbetrag). Der Anrechnungsbetrag darf 2 Prozent des Betrags nicht überschreiten, der nach der Unionsregelung der Festsetzung der Zuweisung von Mitteln für Öko-Regelungen zugrunde zu legen ist.</P><P>(4) Das Bundesministerium für Ernährung und Landwirtschaft wird ermächtigt, durch Rechtsverordnung mit Zustimmung des Bundesrates Vorschriften dieses Gesetzes aufzuheben oder zu ändern, soweit die Vorschriften durch den Erlass entsprechender Vorschriften in der Unionsregelung unanwendbar geworden sind.</P><P>(5) Die Länder teilen dem Bundesministerium für Ernährung und Landwirtschaft auf Anforderung unverzüglich die von ihnen für alle in Betracht kommenden Jahre für die in Absatz 3 genannten aus dem Europäischen Landwirtschaftsfonds für die Entwicklung des ländlichen Raums zu finanzierenden Maßnahmen vorgesehenen Beträge mit.</P></Content></text></textdaten></norm>
<norm builddate="20250214223526" doknr="BJNR300300021BJNE003800000"><metadaten><jurabk>GAPDZG</jurabk><enbez>§ 35</enbez><titel format="XML">Bundesanstalt für Landwirtschaft und Ernährung; Verordnungsermächtigung</titel></metadaten><textdaten><text format="XML"><Content><P>(1) In Rechtsverordnungen auf Grund der in § 2 Satz 1 Nummer 1 bezeichneten Vorschriften oder auf Grund dieses Gesetzes kann als für die Durchführung zuständige Stelle die Bundesanstalt für Landwirtschaft und Ernährung bestimmt werden.</P><P>(2) Das Bundesministerium für Ernährung und Landwirtschaft wird ermächtigt, durch Rechtsverordnung mit Zustimmung des Bundesrates die Erledigung von Aufgaben, für die nach diesem Gesetz das Bundesministerium für Ernährung und Landwirtschaft zuständig ist, auf die Bundesanstalt für Landwirtschaft und Ernährung zu übertragen.</P></Content></text></textdaten></norm>
<norm builddate="20250214223526" doknr="BJNR300300021BJNE003901119"><metadaten><jurabk>GAPDZG</jurabk><enbez>§ 36</enbez><titel format="XML">Anwendungsbestimmung</titel></metadaten><textdaten><text format="XML"><Content><P>Die Anwendung des § 5 Absatz 1a bis 1c, des § 6 Absatz 1a und 1b und des § 19 Absatz 1 Satz 2 steht für jedes der Jahre 2026 und 2027 unter dem Vorbehalt, dass die Europäische Kommission vor Beginn des jeweiligen Jahres den Durchführungsbeschluss mit der Genehmigung der Änderung des durch den Europäischen Garantiefonds für die Landwirtschaft und den Europäischen Landwirtschaftsfonds für die Entwicklung des ländlichen Raums zu finanzierenden Strategieplans für Deutschland der Bundesrepublik Deutschland bekanntgegeben hat, dem der Änderungsantrag zugrunde liegt, der diese Regelungen umfasst. Das Bundesministerium für Ernährung und Landwirtschaft gibt den Tag, an dem die Europäische Kommission diese Genehmigung bekanntgegeben hat, im Bundesgesetzblatt bekannt.</P></Content></text><fussnoten/></textdaten></norm>
</dokumente>