<?xml version="1.0" encoding="UTF-8" ?><!DOCTYPE dokumente SYSTEM "http://www.gesetze-im-internet.de/dtd/1.01/gii-norm.dtd">
<dokumente builddate="20221031213007" doknr="BJNR086400018"><norm builddate="20221031213007" doknr="BJNR086400018"><metadaten><jurabk>AnalgetikaWarnHV</jurabk><amtabk>AnalgetikaWarnHV</amtabk><ausfertigung-datum manuell="ja">2018-06-18</ausfertigung-datum><fundstelle typ="amtlich"><periodikum>BGBl I</periodikum><zitstelle>2018, 864</zitstelle></fundstelle><langue>Analgetika-Warnhinweis-Verordnung<BR/><FnR ID="F803162_01_BJNR086400018"/></langue><standangabe checked="ja"><standtyp>Stand</standtyp><standkommentar>Geändert durch Art. 1 V v. 19.10.2022 I 1810</standkommentar></standangabe></metadaten><textdaten><text format="XML"><Footnotes><Footnote FnZ="1" Group="page" ID="F803162_01_BJNR086400018" Pos="exp"><noindex>Notifiziert gemäß der Richtlinie (EU) 2015/1535 des Europäischen Parlaments und des Rates vom 9. September 2015 über ein Informationsverfahren auf dem Gebiet der technischen Vorschriften und der Vorschriften für die Dienste der Informationsgesellschaft (ABl. L 241 vom 17.9.2015, S. 1).</noindex></Footnote></Footnotes></text><fussnoten><Content><P><BR/> <pre xml:space="preserve">(+++ Textnachweis ab: 1.7.2018 +++)<BR/>(+++ Amtlicher Hinweis des Normgebers auf EG-Recht:<BR/>     Notifizierung gem. der<BR/>       EURL 2015/1535            (CELEX Nr: 32015L1535) +++)<BR/><BR/></pre></P></Content></fussnoten></textdaten></norm>
<norm builddate="20221031213007" doknr="BJNR086400018BJNE000100000"><metadaten><jurabk>AnalgetikaWarnHV</jurabk><enbez>Eingangsformel</enbez></metadaten><textdaten><text format="XML"><Content><P>Auf Grund des § 12 Absatz 1 Nummer 3 Buchstabe a des Arzneimittelgesetzes, der durch Artikel 52 Nummer 3 Buchstabe a der Verordnung vom 31. August 2015 (BGBl. l S. 1474) geändert worden ist, verordnet das Bundesministerium für Gesundheit im Einvernehmen mit dem Bundesministerium für Wirtschaft und Energie:</P></Content></text></textdaten></norm>
<norm builddate="20221031213007" doknr="BJNR086400018BJNE000201125"><metadaten><jurabk>AnalgetikaWarnHV</jurabk><enbez>§ 1</enbez><titel format="XML">Anwendungsbereich</titel></metadaten><textdaten><text format="XML"><Content><P>(1) Diese Verordnung ist anzuwenden auf zur Anwendung bei Menschen bestimmte, oral oder rektal anzuwendende, nicht der Verschreibungspflicht nach § 48 des Arzneimittelgesetzes unterliegende und die Wirkstoffe Acetylsalicylsäure, Dexibuprofen, Diclofenac, Ibuprofen, Naproxen, Paracetamol, Phenazon oder Propyphenazon enthaltende <DL Font="normal" Type="arabic"><DT>1.</DT><DD Font="normal"><LA Size="normal">Arzneimittel, die gemäß § 21 des Arzneimittelgesetzes zugelassen sind,</LA></DD><DT>2.</DT><DD Font="normal"><LA Size="normal">Arzneimittel, die durch Rechtsverordnung nach § 36 des Arzneimittelgesetzes von der Pflicht zur Zulassung freigestellt sind,</LA></DD><DT>3.</DT><DD Font="normal"><LA Size="normal">Rezepturarzneimittel im Sinne von § 1a Absatz 8 der Apothekenbetriebsordnung und</LA></DD><DT>4.</DT><DD Font="normal"><LA Size="normal">Defekturarzneimittel im Sinne von § 1a Absatz 9 der Apothekenbetriebsordnung.</LA></DD></DL></P><P>(2) Diese Verordnung gilt nicht für Arzneimittel, die <DL Font="normal" Type="arabic"><DT>1.</DT><DD Font="normal"><LA Size="normal">ausschließlich zur Thrombozytenaggregationshemmung vorgesehen sind oder</LA></DD><DT>2.</DT><DD Font="normal"><LA Size="normal">Prüfpräparate im Sinne des Artikels 2 Absatz 2 Nummer 5 der Verordnung (EU) Nr. 536/2014 des Europäischen Parlaments und des Rates vom 16. April 2014 über klinische Prüfungen mit Humanarzneimitteln und zur Aufhebung der Richtlinie 2001/20/EG (ABl. L 158 vom 27.5.2014, S. 1; L 311 vom 17.11.2016, S. 25), die zuletzt durch die Verordnung (EU) 2022/641 (ABl. L 118 vom 20.4.2022, S. 1) geändert worden ist, sind.</LA></DD></DL></P></Content></text><fussnoten/></textdaten></norm>
<norm builddate="20221031213007" doknr="BJNR086400018BJNE000301125"><metadaten><jurabk>AnalgetikaWarnHV</jurabk><enbez>§ 2</enbez><titel format="XML">Warnhinweis auf äußeren Umhüllungen und Behältnissen</titel></metadaten><textdaten><text format="XML"><Content><P>(1) Arzneimittel nach § 1 Absatz 1 Nummer 1 und 2, die ausschließlich zur Behandlung von leichten bis mäßig starken Schmerzen oder Fieber vorgesehen sind, dürfen nur in den Verkehr gebracht werden, wenn der folgende Warnhinweis angebracht ist:  „Bei Schmerzen oder Fieber ohne ärztlichen Rat nicht länger anwenden als in der Packungsbeilage vorgegeben!“ .</P><P>(2) Arzneimittel nach § 1 Absatz 1 Nummer 1 und 2, die ausschließlich oder auch zu anderen Zwecken als zur Behandlung von leichten bis mäßig starken Schmerzen oder Fieber vorgesehen sind, dürfen nur in den Verkehr gebracht werden, wenn der folgende Warnhinweis angebracht ist:  „Ohne ärztlichen Rat nicht länger anwenden als in der Packungsbeilage vorgegeben!“ .</P><P>(3) Arzneimittel nach § 1 Absatz 1 Nummer 3 und 4 dürfen nur in den Verkehr gebracht werden, wenn der folgende Warnhinweis angebracht ist:  „Ohne ärztlichen Rat nicht länger anwenden als von der Apothekerin oder vom Apotheker empfohlen!“ .</P><P>(4) Die Warnhinweise nach den Absätzen 1 bis 3 sind in gut lesbarer Schrift dauerhaft auf der Vorderseite der äußeren Umhüllung oder, sofern nur ein Behältnis vorhanden ist, auf dem Behältnis anzubringen.</P></Content></text><fussnoten/></textdaten></norm>
<norm builddate="20221031213007" doknr="BJNR086400018BJNE000401125"><metadaten><jurabk>AnalgetikaWarnHV</jurabk><enbez>§ 3</enbez><titel format="XML">Übergangsvorschriften</titel></metadaten><textdaten><text format="XML"><Content><P>(1) Arzneimittel nach § 1 Absatz 1 Nummer 1 und 2, auf die diese Verordnung in ihrer bis zum 31. Oktober 2022 geltenden Fassung noch keine Anwendung fand, dürfen ohne Warnhinweis nach § 2 Absatz 1 oder Absatz 2 vom pharmazeutischen Unternehmer noch bis zum 31. Oktober 2024 im Sinne des § 4 Absatz 17 des Arzneimittelgesetzes in den Verkehr gebracht werden. Großhändler und Apotheken dürfen Arzneimittel nach Satz 1 auch nach diesem Zeitpunkt im Sinne des § 4 Absatz 17 des Arzneimittelgesetzes in den Verkehr bringen.</P><P>(2) Arzneimittel nach § 1 Absatz 1 Nummer 4, auf die diese Verordnung in ihrer bis zum 31. Oktober 2022 geltenden Fassung keine Anwendung fand, dürfen ohne Warnhinweis nach § 2 Absatz 3 noch bis zum 31. Oktober 2023 im Sinne des § 4 Absatz 17 des Arzneimittelgesetzes in den Verkehr gebracht werden.</P></Content></text><fussnoten/></textdaten></norm>
<norm builddate="20221031213007" doknr="BJNR086400018BJNE000500000"><metadaten><jurabk>AnalgetikaWarnHV</jurabk><enbez>§ 4</enbez><titel format="XML">Inkrafttreten</titel></metadaten><textdaten><text format="XML"><Content><P>Diese Verordnung tritt am ersten Tag des auf die Verkündung folgenden Monats in Kraft.</P></Content></text></textdaten></norm>
<norm builddate="20221031213007" doknr="BJNR086400018BJNE000600000"><metadaten><jurabk>AnalgetikaWarnHV</jurabk><enbez>Schlussformel</enbez></metadaten><textdaten><text format="XML"><Content><P>Der Bundesrat hat zugestimmt.</P></Content></text></textdaten></norm>
</dokumente>