<?xml version="1.0" encoding="UTF-8" ?><!DOCTYPE dokumente SYSTEM "http://www.gesetze-im-internet.de/dtd/1.01/gii-norm.dtd">
<dokumente builddate="20240715214501" doknr="BJNR0380B0024"><norm builddate="20240715214501" doknr="BJNR0380B0024"><metadaten><jurabk>TVMindestlohnDachd 12</jurabk><ausfertigung-datum manuell="ja">2024-02-20</ausfertigung-datum><fundstelle typ="amtlich"><periodikum>BGBl I</periodikum><zitstelle>2024, Nr. 56</zitstelle></fundstelle><langue>Rechtsnormen des Tarifvertrages zur Regelung eines Mindestlohnes im Dachdeckerhandwerk – Dach-, Wand- und Abdichtungstechnik – im Gebiet der Bundesrepublik Deutschland (TV Mindestlohn) vom 15. September 2023</langue><standangabe checked="ja"><standtyp>Aufh</standtyp><standkommentar>Die zugehörige V v. 20.2.2024 I Nr. 56 (DachdArbbV 12) tritt gem. § 3 dieser V mit Ablauf des 31.12.2025 außer Kraft</standkommentar></standangabe></metadaten><textdaten><fussnoten><Content><P><BR/> <pre xml:space="preserve">(+++ Textnachweis ab: 1.3.2024 +++)<BR/>(+++ Text der Verordnung siehe: DachdArbbV 12 +++)</pre></P></Content></fussnoten></textdaten></norm>
<norm builddate="20240715214501" doknr="BJNR0380B0024BJNE000100000"><metadaten><jurabk>TVMindestlohnDachd 12</jurabk><enbez>§ 1</enbez><titel format="XML">Geltungsbereich</titel></metadaten><textdaten><text format="XML"><Content><P><DL Font="normal" Type="arabic"><DT>1.</DT><DD Font="normal"><LA Size="normal">Räumlicher Geltungsbereich</LA><LA Size="normal">Das Gebiet der Bundesrepublik Deutschland.</LA></DD><DT>2.</DT><DD Font="normal"><LA Size="normal">Betrieblicher Geltungsbereich</LA><LA Size="normal">Betriebe, die unter den betrieblichen Geltungsbereich des Rahmentarifvertrages für gewerbliche Arbeitnehmer im Dachdeckerhandwerk – Dach-, Wand- und Abdichtungstechnik – in der jeweils geltenden Fassung fallen.</LA></DD><DT>3.</DT><DD Font="normal"><LA Size="normal">Persönlicher Geltungsbereich</LA><LA Size="normal">Gewerbliche Arbeitnehmer (Arbeiter), die eine nach den Vorschriften des Sechsten Buches Sozialgesetzbuch – Gesetzliche Rentenversicherung – (SGB VI) versicherungspflichtige Tätigkeit ausüben.</LA><LA Size="normal">Nicht erfasst werden: <DL Font="normal" Type="alpha"><DT>a)</DT><DD Font="normal"><LA Size="normal">Schüler an allgemeinbildenden Schulen mit Ausnahme der Schüler an Abendschulen und -kollegs,</LA></DD><DT>b)</DT><DD Font="normal"><LA Size="normal">Personen, die nachweislich aufgrund einer Schul-, Ausbildungs- oder Studienverordnung ein Praktikum absolvieren,</LA></DD><DT>c)</DT><DD Font="normal"><LA Size="normal">Schulabgänger, die innerhalb von 12 Monaten nach Beendigung ihrer Schulausbildung bis zu einer Gesamtdauer von 70 Arbeitstagen beschäftigt werden,</LA></DD><DT>d)</DT><DD Font="normal"><LA Size="normal">Gewerbliches Reinigungspersonal, das für Reinigungsarbeiten in Verwaltungs- und Sozialräumen des Betriebes beschäftigt wird,</LA></DD><DT>e)</DT><DD Font="normal"><LA Size="normal">Gewerbliche Arbeitnehmer, die ausschließlich am Betriebssitz beschäftigt werden (ausgenommen ist der Bereich der Vorfertigung).</LA></DD></DL></LA></DD></DL></P></Content></text></textdaten></norm>
<norm builddate="20240715214501" doknr="BJNR0380B0024BJNE000200000"><metadaten><jurabk>TVMindestlohnDachd 12</jurabk><enbez>§ 2</enbez><titel format="XML">Mindestlöhne</titel></metadaten><textdaten><text format="XML"><Content><P><DL Font="normal" Type="arabic"><DT>1.</DT><DD Font="normal"><LA Size="normal">Die Mindestlöhne betragen <DL Font="normal" Type="alpha"><DT>a)</DT><DD Font="normal"><LA Size="normal">für ungelernte Arbeitnehmer/Mindestlohn 1</LA><LA Size="normal"><!-- SPLIT UMBAU : [Text: ab dem 1. Januar 2024][Element: <Split/>







][Text: 13,90 Euro]--><table colsep="0" frame="none" pgwide="1" rowsep="0" tocentry="%yes;"><tgroup align="left" char="" charoff="50" cols="2"><colspec align="left" colname="leftSplit"/><colspec align="right" colname="rightSplit"/><tbody Class="Split" valign="top"><row><entry VJ="1" colname="leftSplit">ab dem 1. Januar 2024</entry><entry VJ="1" colname="rightSplit" valign="bottom">13,90 Euro</entry></row></tbody></tgroup></table></LA><LA Size="normal"><!-- SPLIT UMBAU : [Text: ab dem 1. Januar 2025][Element: <Split/>







][Text: 14,35 Euro]--><table colsep="0" frame="none" pgwide="1" rowsep="0" tocentry="%yes;"><tgroup align="left" char="" charoff="50" cols="2"><colspec align="left" colname="leftSplit"/><colspec align="right" colname="rightSplit"/><tbody Class="Split" valign="top"><row><entry VJ="1" colname="leftSplit">ab dem 1. Januar 2025</entry><entry VJ="1" colname="rightSplit" valign="bottom">14,35 Euro</entry></row></tbody></tgroup></table></LA></DD><DT>b)</DT><DD Font="normal"><LA Size="normal">für gelernte Arbeitnehmer (Gesellen)/Mindestlohn 2</LA><LA Size="normal"><!-- SPLIT UMBAU : [Text: ab dem 1. Januar 2024][Element: <Split/>







][Text: 15,60 Euro]--><table colsep="0" frame="none" pgwide="1" rowsep="0" tocentry="%yes;"><tgroup align="left" char="" charoff="50" cols="2"><colspec align="left" colname="leftSplit"/><colspec align="right" colname="rightSplit"/><tbody Class="Split" valign="top"><row><entry VJ="1" colname="leftSplit">ab dem 1. Januar 2024</entry><entry VJ="1" colname="rightSplit" valign="bottom">15,60 Euro</entry></row></tbody></tgroup></table></LA><LA Size="normal"><!-- SPLIT UMBAU : [Text: ab dem 1. Januar 2025][Element: <Split/>







][Text: 16,00 Euro]--><table colsep="0" frame="none" pgwide="1" rowsep="0" tocentry="%yes;"><tgroup align="left" char="" charoff="50" cols="2"><colspec align="left" colname="leftSplit"/><colspec align="right" colname="rightSplit"/><tbody Class="Split" valign="top"><row><entry VJ="1" colname="leftSplit">ab dem 1. Januar 2025</entry><entry VJ="1" colname="rightSplit" valign="bottom">16,00 Euro</entry></row></tbody></tgroup></table></LA></DD></DL></LA></DD><DT>2.</DT><DD Font="normal"><LA Size="normal">Gelernte Arbeitnehmer im Sinne der Ziff. 1 Buchst. b) sind Arbeitnehmer, die überwiegend fachlich qualifizierte Arbeiten des Dachdeckerhandwerks ausführen.</LA><LA Size="normal">Arbeitnehmer, die über <DL Font="normal" Type="alpha"><DT>a)</DT><DD Font="normal"><LA Size="normal">den Gesellenbrief im Dachdeckerhandwerk, Zimmerer- oder Klempnerhandwerk,</LA></DD><DT>b)</DT><DD Font="normal"><LA Size="normal">einen diesem gleichgestellten staatlich anerkannten inländischen oder ausländischen Berufsabschluss bzw. einen entsprechenden Nachweis, der zur Ausführung von Dachdeckerarbeiten qualifiziert,</LA></DD></DL></LA><LA Size="normal">verfügen, haben Anspruch auf den Mindestlohn 2.</LA><LA Size="normal">Ungelernte Arbeitnehmer im Sinne der Ziff. 1 Buchst. a) sind Arbeitnehmer, die überwiegend Hilfs- und Vorbereitungstätigkeiten ausführen. Hierzu gehören das Anreichen von Materialien sowie das Ein- und Ausräumen und das Reinigen von Baustellen.</LA></DD><DT>3.</DT><DD Font="normal"><LA Size="normal">Höhere Lohnansprüche aufgrund anderer Tarifverträge oder einzelvertraglicher Vereinbarungen bleiben unberührt.</LA></DD><DT>4.</DT><DD Font="normal"><LA Size="normal">Der Anspruch auf den Mindestlohn für die im Kalendermonat geleisteten Stunden wird spätestens zum 15. des Monats fällig, der auf den Monat folgt, für den er zu zahlen ist.</LA><LA Size="normal">Dies gilt nicht für Betriebe, soweit diese nachweislich eine betriebliche Arbeitszeitflexibilisierung unter den Voraussetzungen des § 4 Nr. 3 RTV mit Ausnahme der Nummern 3.3.5 und 3.4.2 für gewerbliche Arbeitnehmer durchführen. Weitergehende Pflichten für inländische Arbeitgeber auf Grund einer Allgemeinverbindlichkeitserklärung des RTV bleiben hiervon unberührt.</LA></DD><DT>5.</DT><DD Font="normal"><LA Size="normal">Für die Geltendmachung von Ansprüchen auf den Mindestlohn gilt die gesetzliche regelmäßige Verjährungsfrist. Dies gilt auch für die Geltendmachung des Mindestlohnes, welcher nicht ausgezahlt worden ist, sondern dem Ausgleichskonto (§ 4 Ziff. 3.3 RTV) gutzuschreiben war.</LA></DD></DL></P></Content></text></textdaten></norm>
<norm builddate="20240715214501" doknr="BJNR0380B0024BJNE000300000"><metadaten><jurabk>TVMindestlohnDachd 12</jurabk><enbez>Anhang</enbez><titel format="XML">Auszug aus dem Rahmentarifvertrag für gewerbliche Arbeitnehmer im Dachdeckerhandwerk – Dach-, Wand- und Abdichtungstechnik (RTV) vom 27. November 1990, zuletzt geändert durch Tarifvertrag vom 28. Oktober 2022, in der nach § 1 Absatz 1 der Verordnung maßgeblichen, am 1. März 2024 geltenden Fassung</titel></metadaten><textdaten><text format="XML"><Content><P><noindex><kommentar typ="Fundstelle">(Fundstelle: BGBl. 2024 I Nr. 56, S. 5 - 6)</kommentar></noindex></P><P/><Title Align="center"><B>§ 1</B></Title><Title Align="auto"><B>Geltungsbereich</B></Title><P>[…]</P><P>Betrieblicher Geltungsbereich:</P><P>Alle Betriebe und selbstständige Betriebsabteilungen des Dachdeckerhandwerks. Betriebe des Dachdeckerhandwerks fallen grundsätzlich als Ganzes unter diesen Tarifvertrag. Betrieb im Sinne dieses Tarifvertrags ist auch eine selbstständige Betriebsabteilung. Als solches gilt auch eine Gesamtheit von Arbeitnehmern, die außerhalb der stationären Betriebsstätte eines nicht vom Geltungsbereich erfassten Betriebs Tätigkeiten des Dachdeckerhandwerks ausführen.</P><P>[…]</P><P/><Title Align="center"><B>§ 4</B></Title><Title Align="auto"><B>Arbeitszeitverteilung/Arbeitszeitausgleich</B></Title><P><DL Font="normal" Indent="12" Type="arabic"><DT>[…]</DT><DD Font="normal"><LA Size="normal"/></DD><DT>3.</DT><DD Font="normal"><LA Size="normal">Betriebliche Arbeitszeitverteilung in einem zwölfmonatigen Ausgleichszeitraum</LA></DD><DT>3.1</DT><DD Font="normal"><LA Size="normal">Durchführung</LA></DD><DT>3.1.1</DT><DD Font="normal"><LA Size="normal">Durch Betriebsvereinbarung oder, wenn kein Betriebsrat besteht, durch einzelvertragliche Vereinbarung kann eine von der tariflichen Arbeitszeit nach § 3 Ziff. 2 und 3 abweichende Verteilung der Arbeitszeit auf einzelne Werktage vereinbart werden, wobei nur die ersten 150 Stunden zuschlagsfrei sind. Voraussetzung ist, dass dies innerhalb von 12 zusammenhängenden Lohnabrechnungszeiträumen (Ausgleichszeitraum) erfolgt und gleichzeitig ein Monatslohn nach § 4 Ziff. 2 und 3 gezahlt wird. Aus der Vereinbarung muss sich ergeben, in welchem Umfang, in welcher Form und mit welcher Ankündigungsfrist die jeweilige werktägliche Arbeitszeit festgelegt wird.</LA></DD><DT>3.1.2</DT><DD Font="normal"><LA Size="normal">In die Arbeitszeitverteilung darf der Samstag nicht regelmäßig mit einbezogen werden.</LA></DD><DT>3.1.3</DT><DD Font="normal"><LA Size="normal">Der Arbeitgeber kann innerhalb des Ausgleichszeitraums bis zu 150 Arbeitsstunden vorarbeiten lassen. Die Anzahl, Lage und die Verteilung dieser Arbeitsstunden im Ausgleichszeitraum ist im Einvernehmen mit dem Betriebsrat, sofern kein Betriebsrat besteht, im Einvernehmen mit dem Arbeitnehmer, festzulegen.</LA></DD><DT>3.2</DT><DD Font="normal"><LA Size="normal">Monatslohn/regelmäßige monatliche Arbeitszeit</LA><LA Size="normal">Bei betrieblicher Arbeitszeitverteilung gemäß § 4 Nr. 3.1 wird während des gesamten Ausgleichszeitraums unabhängig von der tatsächlichen monatlichen Arbeitszeit in den Monaten Mai–November ein Monatslohn in Höhe von 174 Effektivstundenlöhnen und in den Monaten Dezember–April ein Monatslohn in Höhe von 162 Effektivstundenlöhnen gezahlt. Die vorgenannten Stundenzahlen entsprechen zugleich der regelmäßigen monatlichen Arbeitszeit.</LA></DD><DT>3.3</DT><DD Font="normal"><LA Size="normal">Arbeitszeitkonto (Ausgleichskonto)</LA></DD><DT>3.3.1</DT><DD Font="normal"><LA Size="normal">Für jeden Arbeitnehmer wird ein individuelles Ausgleichskonto eingerichtet. Auf diesem Ausgleichskonto ist die Differenz zwischen der regelmäßigen monatlichen Arbeitszeit und den tatsächlich geleisteten Stunden für jeden Arbeitnehmer gutzuschreiben bzw. zu belasten. Zeiten, in denen ohne Arbeitsleistung Vergütung oder Vergütungsersatz gezahlt wird, bleiben bei der Bestimmung der Plus- und Minusstunden außer Betracht (z. B. Krankheit, Urlaub, Ausfallgeld, Saison-Kurzarbeitergeld). Von der regelmäßigen monatlichen Arbeitszeit sind daher Zeiten abzuziehen, für die Vergütung oder Vergütungsersatz ohne Arbeitsleistung gezahlt wurde. Es ist die Arbeitszeit in Abzug zu bringen, die ohne die Arbeitsverhinderung geleistet worden wäre. Bei gesetzlichen Wochenfeiertagen, am 24. Dezember, sofern dieser auf einen Arbeitstag fällt, und bei Freistellungstagen gem. § 14 sind für jeden Ausfalltag 8 Stunden während der Sommerarbeitszeit bzw. 7,5 Stunden in der Winterarbeitszeit abzuziehen. Der so ermittelte Differenzbetrag ist mit der tatsächlich geleisteten Arbeitszeit zu vergleichen und die Differenz in das Arbeitszeitkonto einzustellen.</LA></DD><DT>3.3.2</DT><DD Font="normal"><LA Size="normal">Die monatlichen Plus- und Minusstunden sind neben den saldierten und den kumulierten Gesamt-Gut- bzw. -Minusstunden des Arbeitszeitkontos auf der monatlichen Lohnabrechnung gesondert auszuweisen.</LA></DD><DT>3.3.3</DT><DD Font="normal"><LA Size="normal">Das Arbeitszeitguthaben und der dafür einbehaltene Lohn dürfen zu keinem Zeitpunkt 150 Stunden überschreiten. Wird ein Guthaben von 150 Stunden erreicht, so ist der Lohn für die darüber hinausgehenden Stunden neben dem Monatslohn auszuzahlen.</LA></DD><DT>3.3.4</DT><DD Font="normal"><LA Size="normal">Auf dem Ausgleichskonto gutgeschriebener Lohn darf nur zum Ausgleich des Monatslohns, bei witterungsbedingtem Arbeitsausfall, in der gesetzlichen Schlechtwetterzeit bei Arbeitsausfall auch aus wirtschaftlichen Gründen, bei Ausscheiden des Arbeitnehmers oder im Todesfall des Arbeitnehmers ausgezahlt werden.</LA></DD><DT>3.3.5</DT><DD Font="normal"><LA Size="normal">Die Meldung der Guthabenstunden an die Lohnausgleichskasse für das Dachdeckerhandwerk ist im Sozialkassentarifvertrag geregelt. Wird das Arbeitsverhältnis beendet und nimmt der Arbeitnehmer innerhalb von 10 Werktagen eine Tätigkeit im Dachdeckerhandwerk wieder auf, ist auf Verlangen des Arbeitnehmers der Bruttoentgeltbetrag nebst dem Arbeitgeberanteil an den Kosten für den Sozialaufwand für die zu diesem Zeitpunkt bestehenden Stundenguthaben mit Ende des Arbeitsverhältnisses an die Kasse zu überweisen. Nimmt der Arbeitnehmer wieder eine Tätigkeit im Dachdeckerhandwerk auf, erhält der neue Arbeitgeber von der Kasse für die Gewährung der Stunden aus dem Arbeitszeitkonto eine Entschädigung für die gewährte Freistellung. Um die Arbeitszeitkontenstunden dem Lohn des neuen Arbeitsverhältnisses anzupassen, wird der bei der Kasse hinterlegte Entgeltbetrag durch den aktuellen Bruttolohn geteilt.</LA></DD><DT>3.3.6</DT><DD Font="normal"><LA Size="normal">Das Ausgleichskonto soll nach 12 Monaten ausgeglichen sein. Besteht am Ende des Ausgleichszeitraumes noch ein Zeitguthaben, so sind die dem Guthaben zugrunde liegenden Vorarbeitsstunden und das dafür gutgeschriebene Arbeitsentgelt unter Anrechnung auf das zuschlagsfreie Vorarbeitsvolumen des neuen Ausgleichszeitraumes in diesen zu übertragen.</LA></DD><DT>3.4</DT><DD Font="normal"><LA Size="normal">Absicherung des Ausgleichskontos</LA></DD><DT>3.4.1</DT><DD Font="normal"><LA Size="normal">Durch den Arbeitgeber ist in geeigneter Weise auf seine Kosten sicherzustellen, dass das Zeitguthaben jederzeit bestimmungsgemäß ausgezahlt werden kann.</LA></DD><DT>3.4.2</DT><DD Font="normal"><LA Size="normal">Wird ein Antrag auf Insolvenz gestellt oder liegt ein sonstiges Ereignis i. S. d. Tarifvertrages über das Sozialkassenverfahren vor, wandelt sich das Zeitguthaben des Arbeitnehmers in einen Entgeltanspruch um. Weitere Einzelheiten dazu regelt § 8a des Tarifvertrages über das Sozialkassenverfahren im Dachdeckerhandwerk in der jeweils geltenden Fassung.</LA></DD><DT>3.5</DT><DD Font="normal"><LA Size="normal">Kündigung</LA><LA Size="normal">In Betrieben ohne Betriebsrat kann die einzelvertragliche Vereinbarung mit einer Frist von zwei Monaten zum Ende des Ausgleichszeitraums gekündigt werden. Die Regelungen des Arbeitsverhältnisses bleiben im Übrigen unberührt.</LA></DD><DT>[…]</DT><DD Font="normal"><LA Size="normal"/></DD></DL></P></Content></text></textdaten></norm>
</dokumente>