<?xml version="1.0" encoding="UTF-8" ?><!DOCTYPE dokumente SYSTEM "http://www.gesetze-im-internet.de/dtd/1.01/gii-norm.dtd">
<dokumente builddate="20230315214025" doknr="BJNR221010015"><norm builddate="20230315214025" doknr="BJNR221010015"><metadaten><jurabk>AntiDopG</jurabk><amtabk>AntiDopG</amtabk><ausfertigung-datum manuell="ja">2015-12-10</ausfertigung-datum><fundstelle typ="amtlich"><periodikum>BGBl I</periodikum><zitstelle>2015, 2210</zitstelle></fundstelle><kurzue>Anti-Doping-Gesetz</kurzue><langue>Gesetz gegen Doping im Sport</langue><standangabe checked="ja"><standtyp>Stand</standtyp><standkommentar>Zuletzt geändert durch Art. 1 V v. 10.3.2023 I Nr. 67</standkommentar></standangabe></metadaten><textdaten><fussnoten><Content><P>(+++ Textnachweis ab: 18.12.2015 +++) <BR/> Das G wurde als Artikel 1 des G v. 10.12.2015 I 2210 vom Bundestag beschlossen. Es ist gem. Art. 9 Abs. 1 dieses G am 18.12.2015 in Kraft getreten.</P></Content></fussnoten></textdaten></norm>
<norm builddate="20230315214025" doknr="BJNR221010015BJNE000100000"><metadaten><jurabk>AntiDopG</jurabk><enbez>§ 1</enbez><titel format="XML">Zweck des Gesetzes</titel></metadaten><textdaten><text format="XML"><Content><P>Dieses Gesetz dient der Bekämpfung des Einsatzes von Dopingmitteln und Dopingmethoden im Sport, um die Gesundheit der Sportlerinnen und Sportler zu schützen, die Fairness und Chancengleichheit bei Sportwettbewerben zu sichern und damit zur Erhaltung der Integrität des Sports beizutragen.</P></Content></text></textdaten></norm>
<norm builddate="20230315214025" doknr="BJNR221010015BJNE000201116"><metadaten><jurabk>AntiDopG</jurabk><enbez>§ 2</enbez><titel format="XML">Unerlaubter Umgang mit Dopingmitteln, unerlaubte Anwendung von Dopingmethoden</titel></metadaten><textdaten><text format="XML"><Content><P>(1) Es ist verboten, ein Dopingmittel, das ein in der Anlage I des Internationalen Übereinkommens vom 19. Oktober 2005 gegen Doping im Sport (BGBl. 2007 II S. 354, 355) in der vom Bundesministerium des Innern, für Bau und Heimat jeweils im Bundesgesetzblatt Teil II bekannt gemachten Fassung (Internationales Übereinkommen gegen Doping) aufgeführter Stoff ist oder einen solchen enthält, zum Zwecke des Dopings beim Menschen im Sport <DL Font="normal" Type="arabic"><DT>1.</DT><DD Font="normal"><LA Size="normal">herzustellen,</LA></DD><DT>2.</DT><DD Font="normal"><LA Size="normal">mit ihm Handel zu treiben,</LA></DD><DT>3.</DT><DD Font="normal"><LA Size="normal">es, ohne mit ihm Handel zu treiben, zu veräußern, abzugeben oder sonst in den Verkehr zu bringen oder</LA></DD><DT>4.</DT><DD Font="normal"><LA Size="normal">zu verschreiben.</LA></DD></DL></P><P>(2) Es ist verboten, <DL Font="normal" Type="arabic"><DT>1.</DT><DD Font="normal"><LA Size="normal">ein Dopingmittel, das ein in der Anlage I des Internationalen Übereinkommens gegen Doping aufgeführter Stoff ist oder einen solchen enthält, oder</LA></DD><DT>2.</DT><DD Font="normal"><LA Size="normal">eine Dopingmethode, die in der Anlage I des Internationalen Übereinkommens gegen Doping aufgeführt ist,</LA></DD></DL>zum Zwecke des Dopings im Sport bei einer anderen Person anzuwenden.</P><P>(3) Es ist verboten, ein Dopingmittel, das ein in der Anlage zu diesem Gesetz aufgeführter Stoff ist oder einen solchen enthält, in nicht geringer Menge zum Zwecke des Dopings beim Menschen im Sport zu erwerben, zu besitzen oder in oder durch den Geltungsbereich dieses Gesetzes zu verbringen.</P></Content></text><fussnoten/></textdaten></norm>
<norm builddate="20230315214025" doknr="BJNR221010015BJNE000300000"><metadaten><jurabk>AntiDopG</jurabk><enbez>§ 3</enbez><titel format="XML">Selbstdoping</titel></metadaten><textdaten><text format="XML"><Content><P>(1) Es ist verboten, <DL Type="arabic"><DT>1.</DT><DD Font="normal"><LA>ein Dopingmittel, das ein in der Anlage I des Internationalen Übereinkommens gegen Doping aufgeführter Stoff ist oder einen solchen enthält, sofern dieser Stoff nach der Anlage I des Internationalen Übereinkommens gegen Doping nicht nur in bestimmten Sportarten verboten ist, oder</LA></DD><DT>2.</DT><DD Font="normal"><LA>eine Dopingmethode, die in der Anlage I des Internationalen Übereinkommens gegen Doping aufgeführt ist,</LA></DD></DL>ohne medizinische Indikation bei sich in der Absicht, sich in einem Wettbewerb des organisierten Sports einen Vorteil zu verschaffen, anzuwenden oder anwenden zu lassen. Das Verbot nach Satz 1 gilt nicht, wenn das Dopingmittel außerhalb eines Wettbewerbs des organisierten Sports angewendet wird und das Dopingmittel ein Stoff ist oder einen solchen enthält, der nach der Anlage I des Internationalen Übereinkommens gegen Doping nur im Wettbewerb verboten ist.</P><P>(2) Ebenso ist es verboten, an einem Wettbewerb des organisierten Sports unter Anwendung eines Dopingmittels nach Absatz 1 Satz 1 Nummer 1 oder einer Dopingmethode nach Absatz 1 Satz 1 Nummer 2 teilzunehmen, wenn diese Anwendung ohne medizinische Indikation und in der Absicht erfolgt, sich in dem Wettbewerb einen Vorteil zu verschaffen.</P><P>(3) Ein Wettbewerb des organisierten Sports im Sinne dieser Vorschrift ist jede Sportveranstaltung, die <DL Type="arabic"><DT>1.</DT><DD Font="normal"><LA>von einer nationalen oder internationalen Sportorganisation oder in deren Auftrag oder mit deren Anerkennung organisiert wird und</LA></DD><DT>2.</DT><DD Font="normal"><LA>bei der Regeln einzuhalten sind, die von einer nationalen oder internationalen Sportorganisation mit verpflichtender Wirkung für ihre Mitgliedsorganisationen verabschiedet wurden.</LA></DD></DL></P><P>(4) Es ist verboten, ein Dopingmittel nach Absatz 1 Satz 1 Nummer 1 zu erwerben oder zu besitzen, um es ohne medizinische Indikation bei sich anzuwenden oder anwenden zu lassen und um sich dadurch in einem Wettbewerb des organisierten Sports einen Vorteil zu verschaffen. Absatz 1 Satz 2 gilt entsprechend.</P></Content></text></textdaten></norm>
<norm builddate="20230315214025" doknr="BJNR221010015BJNE000400000"><metadaten><jurabk>AntiDopG</jurabk><enbez>§ 4</enbez><titel format="XML">Strafvorschriften</titel></metadaten><textdaten><text format="XML"><Content><P>(1) Mit Freiheitsstrafe bis zu drei Jahren oder mit Geldstrafe wird bestraft, wer <DL Type="arabic"><DT>1.</DT><DD Font="normal"><LA>entgegen § 2 Absatz 1, auch in Verbindung mit einer Rechtsverordnung nach § 6 Absatz 2, ein Dopingmittel herstellt, mit ihm Handel treibt, es, ohne mit ihm Handel zu treiben, veräußert, abgibt, sonst in den Verkehr bringt oder verschreibt,</LA></DD><DT>2.</DT><DD Font="normal"><LA>entgegen § 2 Absatz 2, auch in Verbindung mit einer Rechtsverordnung nach § 6 Absatz 2, ein Dopingmittel oder eine Dopingmethode bei einer anderen Person anwendet,</LA></DD><DT>3.</DT><DD Font="normal"><LA>entgegen § 2 Absatz 3 in Verbindung mit einer Rechtsverordnung nach § 6 Absatz 1 Satz 1 Nummer 1, jeweils auch in Verbindung mit einer Rechtsverordnung nach § 6 Absatz 1 Satz 1 Nummer 2 oder Satz 2, ein Dopingmittel erwirbt, besitzt oder verbringt,</LA></DD><DT>4.</DT><DD Font="normal"><LA>entgegen § 3 Absatz 1 Satz 1 ein Dopingmittel oder eine Dopingmethode bei sich anwendet oder anwenden lässt oder</LA></DD><DT>5.</DT><DD Font="normal"><LA>entgegen § 3 Absatz 2 an einem Wettbewerb des organisierten Sports teilnimmt.</LA></DD></DL></P><P>(2) Mit Freiheitsstrafe bis zu zwei Jahren oder mit Geldstrafe wird bestraft, wer entgegen § 3 Absatz 4 ein Dopingmittel erwirbt oder besitzt.</P><P>(3) Der Versuch ist in den Fällen des Absatzes 1 strafbar.</P><P>(4) Mit Freiheitsstrafe von einem Jahr bis zu zehn Jahren wird bestraft, wer <DL Type="arabic"><DT>1.</DT><DD Font="normal"><LA>durch eine der in Absatz 1 Nummer 1, 2 oder Nummer 3 bezeichneten Handlungen <DL Type="alpha"><DT>a)</DT><DD Font="normal"><LA>die Gesundheit einer großen Zahl von Menschen gefährdet,</LA></DD><DT>b)</DT><DD Font="normal"><LA>einen anderen der Gefahr des Todes oder einer schweren Schädigung an Körper oder Gesundheit aussetzt oder</LA></DD><DT>c)</DT><DD Font="normal"><LA>aus grobem Eigennutz für sich oder einen anderen Vermögensvorteile großen Ausmaßes erlangt oder</LA></DD></DL></LA></DD><DT>2.</DT><DD Font="normal"><LA>in den Fällen des Absatzes 1 Nummer 1 oder Nummer 2 <DL Type="alpha"><DT>a)</DT><DD Font="normal"><LA>ein Dopingmittel an eine Person unter 18 Jahren veräußert oder abgibt, einer solchen Person verschreibt oder ein Dopingmittel oder eine Dopingmethode bei einer solchen Person anwendet oder</LA></DD><DT>b)</DT><DD Font="normal"><LA>gewerbsmäßig oder als Mitglied einer Bande handelt, die sich zur fortgesetzten Begehung solcher Taten verbunden hat.</LA></DD></DL></LA></DD></DL></P><P>(5) In minder schweren Fällen des Absatzes 4 ist die Strafe Freiheitsstrafe von drei Monaten bis zu fünf Jahren.</P><P>(6) Handelt der Täter in den Fällen des Absatzes 1 Nummer 1, 2 oder Nummer 3 fahrlässig, so ist die Strafe Freiheitsstrafe bis zu einem Jahr oder Geldstrafe.</P><P>(7) Nach Absatz 1 Nummer 4, 5 und Absatz 2 wird nur bestraft, wer <DL Type="arabic"><DT>1.</DT><DD Font="normal"><LA>Spitzensportlerin oder Spitzensportler des organisierten Sports ist; als Spitzensportlerin oder Spitzensportler des organisierten Sports im Sinne dieses Gesetzes gilt, wer als Mitglied eines Testpools im Rahmen des Dopingkontrollsystems Trainingskontrollen unterliegt, oder</LA></DD><DT>2.</DT><DD Font="normal"><LA>aus der sportlichen Betätigung unmittelbar oder mittelbar Einnahmen von erheblichem Umfang erzielt.</LA></DD></DL></P><P>(8) Nach Absatz 2 wird nicht bestraft, wer freiwillig die tatsächliche Verfügungsgewalt über das Dopingmittel aufgibt, bevor er es anwendet oder anwenden lässt.</P></Content></text></textdaten></norm>
<norm builddate="20230315214025" doknr="BJNR221010015BJNE001400116"><metadaten><jurabk>AntiDopG</jurabk><enbez>§ 4a</enbez><titel format="XML">Strafmilderung oder Absehen von Strafe</titel></metadaten><textdaten><text format="XML"><Content><P>Das Gericht kann die Strafe nach § 49 Absatz 1 des Strafgesetzbuches mildern oder, wenn der Täter keine Freiheitsstrafe von mehr als drei Jahren verwirkt hat, von Strafe absehen, wenn der Täter <DL Font="normal" Type="arabic"><DT>1.</DT><DD Font="normal"><LA Size="normal">durch freiwilliges Offenbaren seines Wissens wesentlich dazu beigetragen hat, dass eine Straftat nach § 4, die mit seiner Tat in Zusammenhang steht, aufgedeckt werden konnte, oder</LA></DD><DT>2.</DT><DD Font="normal"><LA Size="normal">freiwillig sein Wissen so rechtzeitig einer Dienststelle offenbart, dass eine Straftat nach § 4 Absatz 4, die mit seiner Tat in Zusammenhang steht und von deren Planung er weiß, noch verhindert werden kann.</LA></DD></DL>War der Täter an der Tat beteiligt, muss sich sein Beitrag zur Aufklärung nach Satz 1 Nummer 1 über den eigenen Tatbeitrag hinaus erstrecken. § 46b Absatz 2 und 3 des Strafgesetzbuches gilt entsprechend.</P></Content></text><fussnoten/></textdaten></norm>
<norm builddate="20230315214025" doknr="BJNR221010015BJNE000501116"><metadaten><jurabk>AntiDopG</jurabk><enbez>§ 5</enbez><titel format="XML">Einziehung</titel></metadaten><textdaten><text format="XML"><Content><P>Gegenstände, auf die sich eine Straftat nach § 4 bezieht, können eingezogen werden. § 74a des Strafgesetzbuchs ist anzuwenden.</P></Content></text><fussnoten/></textdaten></norm>
<norm builddate="20230315214025" doknr="BJNR221010015BJNE000601116"><metadaten><jurabk>AntiDopG</jurabk><enbez>§ 6</enbez><titel format="XML">Verordnungsermächtigungen</titel></metadaten><textdaten><text format="XML"><Content><P>(1) Das Bundesministerium für Gesundheit wird ermächtigt, im Einvernehmen mit dem Bundesministerium des Innern, für Bau und Heimat nach Anhörung von Sachverständigen durch Rechtsverordnung mit Zustimmung des Bundesrates <DL Font="normal" Type="arabic"><DT>1.</DT><DD Font="normal"><LA Size="normal">die nicht geringe Menge der in der Anlage zu diesem Gesetz genannten Stoffe zu bestimmen,</LA></DD><DT>2.</DT><DD Font="normal"><LA Size="normal">weitere Stoffe in die Anlage zu diesem Gesetz aufzunehmen, die zu Dopingzwecken im Sport geeignet sind und deren Anwendung bei nicht therapeutischer Bestimmung gefährlich ist.</LA></DD></DL>Durch Rechtsverordnung nach Satz 1 können Stoffe aus der Anlage zu diesem Gesetz gestrichen werden, wenn die Voraussetzungen von Satz 1 Nummer 2 nicht mehr vorliegen.</P><P>(2) Das Bundesministerium für Gesundheit wird ermächtigt, im Einvernehmen mit dem Bundesministerium des Innern, für Bau und Heimat durch Rechtsverordnung mit Zustimmung des Bundesrates weitere Stoffe oder Dopingmethoden zu bestimmen, auf die § 2 Absatz 1 und 2 Anwendung findet, soweit dies geboten ist, um eine unmittelbare oder mittelbare Gefährdung der Gesundheit des Menschen durch Doping im Sport zu verhüten.</P></Content></text><fussnoten/></textdaten></norm>
<norm builddate="20230315214025" doknr="BJNR221010015BJNE000700000"><metadaten><jurabk>AntiDopG</jurabk><enbez>§ 7</enbez><titel format="XML">Hinweispflichten</titel></metadaten><textdaten><text format="XML"><Content><P>(1) In der Packungsbeilage und in der Fachinformation von Arzneimitteln, die in Anlage I des Internationalen Übereinkommens gegen Doping aufgeführte Stoffe sind oder solche enthalten, ist folgender Warnhinweis anzugeben: „Die Anwendung des Arzneimittels [Bezeichnung des Arzneimittels einsetzen] kann bei Dopingkontrollen zu positiven Ergebnissen führen.“ Kann aus dem Fehlgebrauch des Arzneimittels zu Zwecken des Dopings im Sport eine Gesundheitsgefährdung folgen, ist dies zusätzlich anzugeben. Die Sätze 1 und 2 finden keine Anwendung auf Arzneimittel, die nach einem homöopathischen Zubereitungsverfahren hergestellt worden sind.</P><P>(2) Wird ein Stoff oder eine Gruppe von Stoffen in die Anlage I des Internationalen Übereinkommens gegen Doping aufgenommen, dürfen Arzneimittel, die zum Zeitpunkt der Bekanntmachung der geänderten Anlage I im Bundesgesetzblatt Teil II zugelassen sind und die einen dieser Stoffe enthalten, auch ohne die in Absatz 1 vorgeschriebenen Hinweise in der Packungsbeilage und in der Fachinformation von pharmazeutischen Unternehmern bis zur nächsten Verlängerung der Zulassung, jedoch nicht länger als bis zum Ablauf eines Jahres nach der Bekanntmachung der geänderten Anlage I im Bundesgesetzblatt Teil II, in den Verkehr gebracht werden.</P></Content></text></textdaten></norm>
<norm builddate="20230315214025" doknr="BJNR221010015BJNE000801116"><metadaten><jurabk>AntiDopG</jurabk><enbez>§ 8</enbez><titel format="XML">Informationsaustausch</titel></metadaten><textdaten><text format="XML"><Content><P>(1) Gerichte und Staatsanwaltschaften dürfen der Stiftung Nationale Anti Doping Agentur Deutschland personenbezogene Daten aus Strafverfahren von Amts wegen übermitteln, soweit dies aus Sicht der übermittelnden Stelle für disziplinarrechtliche Maßnahmen im Rahmen des Dopingkontrollsystems der Stiftung Nationale Anti Doping Agentur Deutschland erforderlich ist und ein schutzwürdiges Interesse der von der Übermittlung betroffenen Person nicht entgegensteht.</P><P>(2) Die §§ 478, 479 Absatz 2 und 6 sowie § 480 Absatz 1 und 2 der Strafprozessordnung gelten entsprechend. Die Verantwortung für die Zulässigkeit der Übermittlung trägt die übermittelnde Stelle.</P></Content></text></textdaten></norm>
<norm builddate="20230315214025" doknr="BJNR221010015BJNE000901116"><metadaten><jurabk>AntiDopG</jurabk><enbez>§ 9</enbez><titel format="XML">Umgang mit personenbezogenen Daten</titel></metadaten><textdaten><text format="XML"><Content><P>Die Stiftung Nationale Anti Doping Agentur Deutschland ist berechtigt, folgende personenbezogene Daten zu verarbeiten, soweit dies zur Durchführung ihres Dopingkontrollsystems erforderlich ist: <DL Type="arabic"><DT>1.</DT><DD Font="normal"><LA>Vor- und Familienname der Sportlerin oder des Sportlers,</LA></DD><DT>2.</DT><DD Font="normal"><LA>Geschlecht der Sportlerin oder des Sportlers,</LA></DD><DT>3.</DT><DD Font="normal"><LA>Geburtsdatum der Sportlerin oder des Sportlers,</LA></DD><DT>4.</DT><DD Font="normal"><LA>Nationalität der Sportlerin oder des Sportlers,</LA></DD><DT>5.</DT><DD Font="normal"><LA>Sportart und Sportverband der Sportlerin oder des Sportlers einschließlich der Einstufung in einen Leistungskader,</LA></DD><DT>6.</DT><DD Font="normal"><LA>Zugehörigkeit der Sportlerin oder des Sportlers zu einem Trainingsstützpunkt und einer Trainingsgruppe,</LA></DD><DT>7.</DT><DD Font="normal"><LA>Vor- und Familienname der Athletenbetreuerinnen und Athletenbetreuer,</LA></DD><DT>8.</DT><DD Font="normal"><LA>Regelverstöße nach dem Dopingkontrollsystem und</LA></DD><DT>9.</DT><DD Font="normal"><LA>Angaben zur Erreichbarkeit und zum Aufenthaltsort, sofern die Sportlerin oder der Sportler zu dem von der Stiftung Nationale Anti Doping Agentur Deutschland vorab festgelegten Kreis gehört, der Trainingskontrollen unterzogen wird.</LA></DD></DL></P></Content></text><fussnoten/></textdaten></norm>
<norm builddate="20230315214025" doknr="BJNR221010015BJNE001001116"><metadaten><jurabk>AntiDopG</jurabk><enbez>§ 10</enbez><titel format="XML">Umgang mit Gesundheitsdaten</titel></metadaten><textdaten><text format="XML"><Content><P>(1) Die Stiftung Nationale Anti Doping Agentur Deutschland ist berechtigt, im Rahmen des Dopingkontrollsystems folgende Gesundheitsdaten zu verarbeiten, soweit dies zur Durchführung ihres Dopingkontrollsystems erforderlich ist: <DL Type="arabic"><DT>1.</DT><DD Font="normal"><LA>Blut- und Urinwerte sowie aus anderen Körperflüssigkeiten und Gewebe gewonnene Werte, die erforderlich sind, um die Anwendung verbotener Dopingmittel oder Dopingmethoden nachzuweisen,</LA></DD><DT>2.</DT><DD Font="normal"><LA>die für die Erteilung einer medizinischen Ausnahmegenehmigung für die erlaubte Anwendung verbotener Dopingmittel oder Dopingmethoden erforderlichen Angaben.</LA></DD></DL>Die Analyse der Dopingproben ist durch von der Welt Anti-Doping Agentur akkreditierte oder anerkannte Labore durchzuführen.</P><P>(2) Die Stiftung Nationale Anti Doping Agentur Deutschland ist berechtigt, Ergebnisse von Dopingproben und Disziplinarverfahren im Rahmen des Dopingkontrollsystems sowie eine erteilte medizinische Ausnahmegenehmigung gemäß Absatz 1 Satz 1 Nummer 2 an eine andere nationale Anti-Doping-Organisation, einen internationalen Sportfachverband, einen internationalen Veranstalter von Sportwettkämpfen oder die Welt Anti-Doping Agentur zu übermitteln, soweit dieser oder diese für die Dopingbekämpfung nach dem Dopingkontrollsystem der Stiftung Nationale Anti Doping Agentur Deutschland und der Welt Anti-Doping Agentur zuständig ist und die Übermittlung zur Durchführung dieses Dopingkontrollsystems erforderlich ist. Die Gesundheitsdaten, die die Stiftung Nationale Anti Doping Agentur Deutschland bei der Beantragung von medizinischen Ausnahmegenehmigungen für eine erlaubte Anwendung verbotener Dopingmittel oder Dopingmethoden erhält, dürfen ausschließlich auf gesonderten Antrag der Welt Anti-Doping Agentur an diese übermittelt werden.</P></Content></text><fussnoten/></textdaten></norm>
<norm builddate="20230315214025" doknr="BJNR221010015BJNE001100000"><metadaten><jurabk>AntiDopG</jurabk><enbez>§ 11</enbez><titel format="XML">Schiedsgerichtsbarkeit</titel></metadaten><textdaten><text format="XML"><Content><P>Sportverbände und Sportlerinnen und Sportler können als Voraussetzung der Teilnahme von Sportlerinnen und Sportlern an der organisierten Sportausübung Schiedsvereinbarungen über die Beilegung von Rechtsstreitigkeiten mit Bezug auf diese Teilnahme schließen, wenn die Schiedsvereinbarungen die Sportverbände und Sportlerinnen und Sportler in die nationalen oder internationalen Sportorganisationen einbinden und die organisierte Sportausübung insgesamt ermöglichen, fördern oder sichern. Das ist insbesondere der Fall, wenn mit den Schiedsvereinbarungen die Vorgaben des Welt Anti-Doping Codes der Welt Anti-Doping Agentur umgesetzt werden sollen.</P></Content></text></textdaten></norm>
<norm builddate="20230315214025" doknr="BJNR221010015BJNE001200000"><metadaten><jurabk>AntiDopG</jurabk><enbez>§ 12</enbez><titel format="XML">Konzentration der Rechtsprechung in Dopingsachen; Verordnungsermächtigung</titel></metadaten><textdaten><text format="XML"><Content><P>Die Landesregierungen werden ermächtigt, durch Rechtsverordnung die strafrechtlichen Verfahren nach § 4 ganz oder teilweise für die Bezirke mehrerer Amts- oder Landgerichte einem dieser Amts- oder Landgerichte zuzuweisen, sofern dies der sachlichen Förderung oder der schnelleren Erledigung der Verfahren dient. Die Landesregierungen können die Ermächtigung nach Satz 1 durch Rechtsverordnung auf die Landesjustizverwaltungen übertragen.</P></Content></text></textdaten></norm>
<norm builddate="20230315214025" doknr="BJNR221010015BJNE001303130"><metadaten><jurabk>AntiDopG</jurabk><enbez>Anlage</enbez><titel format="XML">(zu § 2 Absatz 3)</titel></metadaten><textdaten><text format="XML"><Content><P><noindex><kommentar typ="Fundstelle">(Fundstelle: BGBl. 2023 I, Nr. 67, 1 - 5)</kommentar></noindex></P><BR/><BR/><P>Stoffe gemäß § 2 Absatz 3 sind: <DL Font="normal" Indent="5" Type="Roman"><DT>I.</DT><DD Font="normal"><LA Size="normal"><B><SP>Anabole Stoffe</SP></B></LA><LA Size="normal"><DL Font="normal" Type="arabic"><DT>1.</DT><DD Font="normal"><LA Size="normal"><B>Anabol-androgene Steroide</B></LA><LA Size="normal">Androst-4-en-3,11,17-trion</LA><LA Size="normal">Androstanolon, synonym Dihydrotestosteron</LA><LA Size="normal">1-Androstendiol</LA><LA Size="normal">Androstendiol</LA><LA Size="normal">1-Androstendion</LA><LA Size="normal">Androstendion</LA><LA Size="normal">1-Androsteron</LA><LA Size="normal">Bolasteron</LA><LA Size="normal">Boldenon</LA><LA Size="normal">Boldion</LA><LA Size="normal">Calusteron</LA><LA Size="normal">Clostebol</LA><LA Size="normal">Danazol</LA><LA Size="normal">Dehydrochlormethyltestosteron</LA><LA Size="normal">Desoxymethyltestosteron</LA><LA Size="normal">Drostanolon</LA><LA Size="normal">Epistan</LA><LA Size="normal">Ethylestrenol</LA><LA Size="normal">Fluoxymesteron</LA><LA Size="normal">Formebolon</LA><LA Size="normal">Furazabol</LA><LA Size="normal">Gestrinon</LA><LA Size="normal">4-Hydroxytestosteron</LA><LA Size="normal">Mestanolon</LA><LA Size="normal">Mesterolon</LA><LA Size="normal">Metandienon</LA><LA Size="normal">Metenolon</LA><LA Size="normal">Methandriol</LA><LA Size="normal">Methasteron</LA><LA Size="normal">Methyldienolon</LA><LA Size="normal">Methyl-1-testosteron</LA><LA Size="normal">Methylnortestosteron</LA><LA Size="normal">Methylstenbolon</LA><LA Size="normal">Methyltestosteron</LA><LA Size="normal">Metribolon, synonym Methyltrienolon</LA><LA Size="normal">Miboleron</LA><LA Size="normal">Nandrolon</LA><LA Size="normal">19-Norandrostendion</LA><LA Size="normal">Norboleton</LA><LA Size="normal">Norclostebol</LA><LA Size="normal">Norethandrolon</LA><LA Size="normal">Oxabolon</LA><LA Size="normal">Oxandrolon</LA><LA Size="normal">Oxymesteron</LA><LA Size="normal">Oxymetholon</LA><LA Size="normal">Prasteron, synonym Dehydroepiandrosteron (DHEA)</LA><LA Size="normal">Prostanozol</LA><LA Size="normal">Quinbolon</LA><LA Size="normal">Stanozolol</LA><LA Size="normal">Stenbolon</LA><LA Size="normal">1-Testosteron</LA><LA Size="normal">Testosteron</LA><LA Size="normal">Tetrahydrogestrinon</LA><LA Size="normal">Tibolon</LA><LA Size="normal">Trenbolon</LA><LA Size="normal">Andere mit anabol-androgenen Steroiden verwandte Stoffe</LA><LA Size="normal">– mit 17alpha-Methyl-Struktur</LA><LA Size="normal">– mit anderen Strukturen</LA></DD><DT>2.</DT><DD Font="normal"><LA Size="normal"><B>Andere anabole Stoffe</B></LA><LA Size="normal">Clenbuterol</LA><LA Size="normal">Osilodrostat</LA><LA Size="normal">Selektive Androgen-Rezeptor-Modulatoren (SARMs)</LA><LA Size="normal"> Zum Beispiel:</LA><LA Size="normal"> Andarin (S-4)</LA><LA Size="normal"> Ligandrol (LGD-4033, VK 5211)</LA><LA Size="normal"> Ostarin, synonym Enobosarm (S-22, MK-2866)</LA><LA Size="normal"> RAD-140, synonym Testolon</LA><LA Size="normal"> S-23</LA><LA Size="normal"> YK-11</LA><LA Size="normal">Zeranol</LA><LA Size="normal">Zilpaterol</LA></DD></DL></LA></DD><DT>II.</DT><DD Font="normal"><LA Size="normal"><B><SP>Peptidhormone, Wachstumsfaktoren, verwandte Stoffe und Mimetika</SP></B><DL Font="normal" Indent="7.5" Type="arabic"><DT>1.</DT><DD Font="normal"><LA Size="normal"><B>Erythropoese stimulierende Stoffe</B></LA><LA Size="normal">Erythropoetin human (EPO)</LA><LA Size="normal">Epoetin alfa, beta, delta, omega, theta, zeta und analoge rekombinante humane Erythropoetine</LA><LA Size="normal">Darbepoetin alfa (dEPO)</LA><LA Size="normal">Methoxy-Polyethylenglycol-Epoetin beta, synonym PEG-Epoetin beta, Continuous Erythropoiesis Receptor Activator (CERA)</LA><LA Size="normal">Peginesatid, synonym Hematid</LA><LA Size="normal">Hypoxie-induzierbarer-Faktor (HIF)-Aktivatoren</LA><LA Size="normal"> Zum Beispiel:</LA><LA Size="normal"> Daprodustat (GSK1278863)</LA><LA Size="normal"> Molidustat</LA><LA Size="normal"> Roxadustat (FG-4592)</LA><LA Size="normal"> Vadadustat (AKB-6548)</LA></DD><DT>2.</DT><DD Font="bold"><LA Size="normal"><B>Peptidhormone und ihre Releasingfaktoren</B></LA></DD><DT>2.1.</DT><DD Font="normal"><LA Size="normal"><B>Choriongonadotropin (CG) und Luteinisierendes Hormon (LH) sowie ihre Releasingfaktoren</B></LA><LA Size="normal">Buserelin</LA><LA Size="normal">Choriongonadotropin (HCG)</LA><LA Size="normal">Choriongonadotropin alfa</LA><LA Size="normal">Deslorelin</LA><LA Size="normal">Gonadorelin</LA><LA Size="normal">Goserelin</LA><LA Size="normal">Leuprorelin</LA><LA Size="normal">Lutropin alfa</LA><LA Size="normal">Nafarelin</LA><LA Size="normal">Triptorelin</LA></DD><DT>2.2.</DT><DD Font="normal"><LA Size="normal"><B>Corticotropine</B></LA><LA Size="normal">Corticotropin</LA><LA Size="normal">Tetracosactid</LA></DD><DT>2.3.</DT><DD Font="normal"><LA Size="normal"><B>Wachstumshormon (-Analoga und -Fragmente), Releasingfaktoren und Releasingpeptide</B></LA><LA Size="normal">Lonapegsomatropin</LA><LA Size="normal">Somapacitan</LA><LA Size="normal">Somatrogon</LA><LA Size="normal">Somatropin, synonym Wachstumshormon human, Growth Hormone (GH)</LA><LA Size="normal">Somatrem, synonym Somatotropin (methionyl), human</LA><LA Size="normal">Wachstumshormon-Fragmente</LA><LA Size="normal"> Zum Beispiel:</LA><LA Size="normal"> AOD-9604</LA><LA Size="normal"> hGH-Fragment 176-191</LA></DD><DT>2.4.</DT><DD Font="normal"><LA Size="normal"><B>Wachstumshormon Releasingfaktoren</B></LA><LA Size="normal">Wachstumshormon-Releasing-Hormon, synonym Growth Hormone Releasing Hormones (GHRH)</LA><LA Size="normal"> Zum Beispiel:</LA><LA Size="normal"> Sermorelin</LA><LA Size="normal"> Somatorelin</LA><LA Size="normal"> Tesamorelin</LA><LA Size="normal"> mod-GRF</LA><LA Size="normal"> CJC-1295</LA><LA Size="normal">Wachstumshormon-Sekretagoge (GHS) und ihre Mimetika</LA><LA Size="normal"> Zum Beispiel:</LA><LA Size="normal"> Anamorelin</LA><LA Size="normal"> Ipamorelin</LA><LA Size="normal"> Lenomorelin, synonym Ghrelin</LA><LA Size="normal"> Macimorelin</LA><LA Size="normal"> Ibutamoren, synonym MK-677, Nutrabol</LA><LA Size="normal"> Tabimorelin</LA><LA Size="normal">Peptide mit gleicher Wirkung wie Wachstumshormon Releasingfaktoren, synonym Growth Hormone Releasing Peptides (GHRP)</LA><LA Size="normal"> Zum Beispiel:</LA><LA Size="normal"> GHRP-2, synonym Pralmorelin</LA><LA Size="normal"> GHRP-2-Gly</LA><LA Size="normal"> GHRP-6</LA><LA Size="normal"> GHRP-6-Gly</LA><LA Size="normal"> Hexarelin</LA></DD><DT>3.</DT><DD Font="normal"><LA Size="normal"><B>Wachstumsfaktoren und Wachstumsfaktor-Modulatoren</B></LA><LA Size="normal">Mecasermin, synonym Insulin-ähnlicher Wachstumsfaktor 1, Insulin-like Growth Factor -1 (IGF-1)</LA><LA Size="normal">IGF-1 Analoga</LA><LA Size="normal">Mechano Growth Factor (MGF) und MGF-Varianten</LA><LA Size="normal">Thymosin-beta-4 und seine Derivate</LA><LA Size="normal"> Zum Beispiel:</LA><LA Size="normal"> TB-500</LA></DD></DL></LA></DD><DT>III.</DT><DD Font="normal"><LA Size="normal"><B><SP>Hormon- und Stoffwechsel-Modulatoren</SP></B><DL Font="normal" Type="arabic"><DT>1.</DT><DD Font="normal"><LA Size="normal"><B>Aromatasehemmer</B></LA><LA Size="normal">Aminoglutethimid</LA><LA Size="normal">Anastrozol</LA><LA Size="normal">Androsta-3,5-dien-7,17-dion, synonym Arimistan</LA><LA Size="normal">Androsta-1,4,6-trien-3,17-dion, synonym Androstatriendion</LA><LA Size="normal">4-Androsten-3,6,17-trion, synonym 6-oxo</LA><LA Size="normal">Exemestan</LA><LA Size="normal">Formestan</LA><LA Size="normal">Letrozol</LA><LA Size="normal">Testolacton</LA></DD><DT>2.</DT><DD Font="normal"><LA Size="normal"><B>Antiestrogene Stoffe</B></LA><LA Size="normal">Clomifen</LA><LA Size="normal">Cyclofenil</LA><LA Size="normal">Fulvestrant</LA><LA Size="normal">Raloxifen</LA><LA Size="normal">Tamoxifen</LA><LA Size="normal">Toremifen</LA></DD><DT>3.</DT><DD Font="normal"><LA Size="normal"><B>Myostatinfunktionen verändernde Stoffe</B></LA><LA Size="normal">Follistatin und seine Derivate</LA><LA Size="normal">Stamulumab</LA></DD><DT>4.</DT><DD Font="normal"><LA Size="normal"><B>Stoffwechsel-Modulatoren</B></LA><LA Size="normal">Insuline</LA><LA Size="normal">PPARδ (Peroxisome Proliferator Activated Receptor Delta)-Agonisten, synonym PPAR-delta-Agonisten</LA><LA Size="normal"> Zum Beispiel:</LA><LA Size="normal"> GW501516, synonym GW1516, Cardarin, Endurobol</LA><LA Size="normal">AMPK (PPARδ-AMP-activated protein kinase)-Axis-Agonisten</LA><LA Size="normal"> Zum Beispiel:</LA><LA Size="normal"> AICAR</LA><LA Size="normal">Meldonium</LA><LA Size="normal">SR9009, synonym Stenabolic.</LA></DD></DL></LA></DD></DL>Die Aufzählung schließt die verschiedenen Salze, Ester, Ether, Isomere, Mischungen von Isomeren, Komplexe oder Derivate mit ein.</P></Content></text><fussnoten/></textdaten></norm>
</dokumente>