<?xml version="1.0" encoding="UTF-8" ?><!DOCTYPE dokumente SYSTEM "http://www.gesetze-im-internet.de/dtd/1.01/gii-norm.dtd">
<dokumente builddate="20241114214020" doknr="BJNR134810014"><norm builddate="20241114214020" doknr="BJNR134810014"><metadaten><jurabk>MiLoG</jurabk><amtabk>MiLoG</amtabk><ausfertigung-datum manuell="ja">2014-08-11</ausfertigung-datum><fundstelle typ="amtlich"><periodikum>BGBl I</periodikum><zitstelle>2014, 1348</zitstelle></fundstelle><kurzue>Mindestlohngesetz</kurzue><langue>Gesetz zur Regelung eines allgemeinen Mindestlohns</langue><standangabe checked="ja"><standtyp>Stand</standtyp><standkommentar>Zuletzt geändert durch Art. 2 G v. 28.6.2023 I Nr. 172</standkommentar></standangabe></metadaten><textdaten><fussnoten><Content><P><BR/> <pre xml:space="preserve">(+++ Textnachweis ab: 16.8.2014 +++)<BR/>(+++ Zur Anwendung d. § 16 Abs. 1 bis 4 vgl. § 1 Abs. 1 u. 2 MiLoDokV +++)<BR/>(+++ Zur Anwendung d. § 17 Abs. 1 u. 2 vgl. § 1 Abs. 1 u. 2 MiLoDokV +++)<BR/>(+++ Amtlicher Hinweis des Normgebers auf EG-Recht:<BR/>     Umsetzung der<BR/>     EURL 2020/1057 (CELEX Nr: 32020L1057) vgl. G v. 28.6.2023 I Nr. 172 <BR/>     EURL 67/2014   (CELEX Nr: 32014L0067) vgl. G v. 28.6.2023 I Nr. 172<BR/>     EURL 2022/2041 (CELEX Nr: 32022L2041) vgl. Bek. v. 17.10.2024 I Nr. 313 <BR/>+++)<BR/><BR/></pre>Das G wurde als Art. 1 des G v. 11.8.2014 I 1348 vom Bundestag mit der Mehrheit  seiner Mitglieder und der Zustimmung des Bundesrates beschlossen. Es tritt gem. Art. 15 Abs. 1 am 16.8.2014 in Kraft. § 24 tritt gem. Art. 15 Abs. 2 mit Ablauf des 31.12.2017 außer Kraft.</P></Content></fussnoten></textdaten></norm>
<norm builddate="20241114214020" doknr="BJNR134810014BJNE000101000"><metadaten><jurabk>MiLoG</jurabk><enbez>Inhaltsübersicht</enbez></metadaten><textdaten><text format="XML"><TOC><Ident Class="S1"><B>Abschnitt 1</B></Ident><P/><Title Align="auto" Class="S1">Festsetzung des allgemeinen Mindestlohns</Title><P/><Ident Class="S0">Unterabschnitt 1</Ident><Title Align="auto" Class="S0">Inhalt des Mindestlohns</Title><P/><table colsep="0" frame="none" pgwide="1" rowsep="0" tocentry="%yes;"><tgroup align="left" char="" charoff="50" cols="2"><colspec colname="col1" colwidth="10*"/><colspec colname="col2" colwidth="90*"/><tbody valign="top"><row><entry VJ="1" colname="col1">§  1</entry><entry VJ="1" colname="col2">Mindestlohn</entry></row><row><entry VJ="1" colname="col1">§  2</entry><entry VJ="1" colname="col2">Fälligkeit des Mindestlohns</entry></row><row><entry VJ="1" colname="col1">§  3</entry><entry VJ="1" colname="col2">Unabdingbarkeit des Mindestlohns</entry></row></tbody></tgroup></table><P/><Ident Class="S0">Unterabschnitt 2</Ident><Title Align="auto" Class="S0">Mindestlohnkommission</Title><P/><table colsep="0" frame="none" pgwide="1" rowsep="0" tocentry="%yes;"><tgroup align="left" char="" charoff="50" cols="2"><colspec colname="col1" colwidth="10*"/><colspec colname="col2" colwidth="90*"/><tbody valign="top"><row><entry VJ="1" colname="col1">§  4</entry><entry VJ="1" colname="col2">Aufgabe und Zusammensetzung</entry></row><row><entry VJ="1" colname="col1">§  5</entry><entry VJ="1" colname="col2">Stimmberechtigte Mitglieder</entry></row><row><entry VJ="1" colname="col1">§  6</entry><entry VJ="1" colname="col2">Vorsitz</entry></row><row><entry VJ="1" colname="col1">§  7</entry><entry VJ="1" colname="col2">Beratende Mitglieder</entry></row><row><entry VJ="1" colname="col1">§  8</entry><entry VJ="1" colname="col2">Rechtsstellung der Mitglieder</entry></row><row><entry VJ="1" colname="col1">§  9</entry><entry VJ="1" colname="col2">Beschluss der Mindestlohnkommission</entry></row><row><entry VJ="1" colname="col1">§ 10</entry><entry VJ="1" colname="col2">Verfahren der Mindestlohnkommission</entry></row><row><entry VJ="1" colname="col1">§ 11</entry><entry VJ="1" colname="col2">Rechtsverordnung</entry></row><row><entry VJ="1" colname="col1">§ 12</entry><entry VJ="1" colname="col2">Geschäfts- und Informationsstelle für den Mindestlohn; Kostenträgerschaft</entry></row></tbody></tgroup></table><P/><Ident Class="S1"><B>Abschnitt 2</B></Ident><P/><Title Align="auto" Class="S1">Zivilrechtliche Durchsetzung</Title><P/><table colsep="0" frame="none" pgwide="1" rowsep="0" tocentry="%yes;"><tgroup align="left" char="" charoff="50" cols="2"><colspec colname="col1" colwidth="10*"/><colspec colname="col2" colwidth="90*"/><tbody valign="top"><row><entry VJ="1" colname="col1">§ 13</entry><entry VJ="1" colname="col2">Haftung des Auftraggebers</entry></row></tbody></tgroup></table><P/><Ident Class="S1"><B>Abschnitt 3</B></Ident><P/><Title Align="auto" Class="S1">Kontrolle und<BR/>Durchsetzung durch staatliche Behörden</Title><P/><table colsep="0" frame="none" pgwide="1" rowsep="0" tocentry="%yes;"><tgroup align="left" char="" charoff="50" cols="2"><colspec colname="col1" colwidth="10*"/><colspec colname="col2" colwidth="90*"/><tbody valign="top"><row><entry VJ="1" colname="col1">§ 14</entry><entry VJ="1" colname="col2">Zuständigkeit</entry></row><row><entry VJ="1" colname="col1">§ 15</entry><entry VJ="1" colname="col2">Befugnisse der Behörden der Zollverwaltung und anderer Behörden; Mitwirkungspflichten des Arbeitgebers</entry></row><row><entry VJ="1" colname="col1">§ 16</entry><entry VJ="1" colname="col2">Meldepflicht</entry></row><row><entry VJ="1" colname="col1">§ 17</entry><entry VJ="1" colname="col2">Erstellen und Bereithalten von Dokumenten</entry></row><row><entry VJ="1" colname="col1">§ 18</entry><entry VJ="1" colname="col2">Zusammenarbeit der in- und ausländischen Behörden</entry></row><row><entry VJ="1" colname="col1">§ 19</entry><entry VJ="1" colname="col2">Ausschluss von der Vergabe öffentlicher Aufträge</entry></row><row><entry VJ="1" colname="col1">§ 20</entry><entry VJ="1" colname="col2">Pflichten des Arbeitgebers zur Zahlung des Mindestlohns</entry></row><row><entry VJ="1" colname="col1">§ 21</entry><entry VJ="1" colname="col2">Bußgeldvorschriften</entry></row></tbody></tgroup></table><P/><Ident Class="S1"><B>Abschnitt 4</B></Ident><P/><Title Align="auto" Class="S1">Schlussvorschriften</Title><P/><table colsep="0" frame="none" pgwide="1" rowsep="0" tocentry="%yes;"><tgroup align="left" char="" charoff="50" cols="2"><colspec colname="col1" colwidth="10*"/><colspec colname="col2" colwidth="90*"/><tbody valign="top"><row><entry VJ="1" colname="col1">§ 22</entry><entry VJ="1" colname="col2">Persönlicher Anwendungsbereich</entry></row><row><entry VJ="1" colname="col1">§ 23</entry><entry VJ="1" colname="col2">Evaluation</entry></row><row><entry VJ="1" colname="col1">§ 24</entry><entry VJ="1" colname="col2">(weggefallen)</entry></row></tbody></tgroup></table></TOC></text><fussnoten/></textdaten></norm>
<norm builddate="20241114214020" doknr="BJNR134810014BJNG000100000"><metadaten><jurabk>MiLoG</jurabk><gliederungseinheit><gliederungskennzahl>010</gliederungskennzahl><gliederungsbez>Abschnitt 1</gliederungsbez><gliederungstitel>Festsetzung des allgemeinen Mindestlohns</gliederungstitel></gliederungseinheit></metadaten><textdaten/></norm>
<norm builddate="20241114214020" doknr="BJNR134810014BJNG000200000"><metadaten><jurabk>MiLoG</jurabk><gliederungseinheit><gliederungskennzahl>010010</gliederungskennzahl><gliederungsbez>Unterabschnitt 1</gliederungsbez><gliederungstitel>Inhalt des Mindestlohns</gliederungstitel></gliederungseinheit></metadaten><textdaten/></norm>
<norm builddate="20241114214020" doknr="BJNR134810014BJNE000202311"><metadaten><jurabk>MiLoG</jurabk><enbez>§ 1</enbez><titel format="XML">Mindestlohn</titel></metadaten><textdaten><text format="XML"><Content><P>(1) Jede Arbeitnehmerin und jeder Arbeitnehmer hat Anspruch auf Zahlung eines Arbeitsentgelts mindestens in Höhe des Mindestlohns durch den Arbeitgeber.</P><P>(2) Die Höhe des Mindestlohns beträgt ab dem 1. Oktober 2022 brutto 12 Euro je Zeitstunde. Die Höhe des Mindestlohns kann auf Vorschlag einer ständigen Kommission der Tarifpartner (Mindestlohnkommission) durch Rechtsverordnung der Bundesregierung geändert werden.</P><P>(3) Die Regelungen des Arbeitnehmer-Entsendegesetzes, des Arbeitnehmerüberlassungsgesetzes und der auf ihrer Grundlage erlassenen Rechtsverordnungen gehen den Regelungen dieses Gesetzes vor, soweit die Höhe der auf ihrer Grundlage festgesetzten Branchenmindestlöhne die Höhe des Mindestlohns nicht unterschreitet.</P></Content></text><fussnoten><Content><P>(+++ Hinweis: Zur Anpassung des Mindestlohns nach § 1 Abs. 2 vgl. § 1 V v. 9.11.2020 I 2356 u. § 1 V v. 24.11.2023 I Nr. 321 +++)</P></Content></fussnoten></textdaten></norm>
<norm builddate="20241114214020" doknr="BJNR134810014BJNE000300000"><metadaten><jurabk>MiLoG</jurabk><enbez>§ 2</enbez><titel format="XML">Fälligkeit des Mindestlohns</titel></metadaten><textdaten><text format="XML"><Content><P>(1) Der Arbeitgeber ist verpflichtet, der Arbeitnehmerin oder dem Arbeitnehmer den Mindestlohn <DL Type="arabic"><DT>1.</DT><DD Font="normal"><LA>zum Zeitpunkt der vereinbarten Fälligkeit,</LA></DD><DT>2.</DT><DD Font="normal"><LA>spätestens am letzten Bankarbeitstag (Frankfurt am Main) des Monats, der auf den Monat folgt, in dem die Arbeitsleistung erbracht wurde,</LA></DD></DL>zu zahlen. Für den Fall, dass keine Vereinbarung über die Fälligkeit getroffen worden ist, bleibt § 614 des Bürgerlichen Gesetzbuchs unberührt.</P><P>(2) Abweichend von Absatz 1 Satz 1 sind bei Arbeitnehmerinnen und Arbeitnehmern die über die vertraglich vereinbarte Arbeitszeit hinausgehenden und auf einem schriftlich vereinbarten Arbeitszeitkonto eingestellten Arbeitsstunden spätestens innerhalb von zwölf Kalendermonaten nach ihrer monatlichen Erfassung durch bezahlte Freizeitgewährung oder Zahlung des Mindestlohns auszugleichen, soweit der Anspruch auf den Mindestlohn für die geleisteten Arbeitsstunden nach § 1 Absatz 1 nicht bereits durch Zahlung des verstetigten Arbeitsentgelts erfüllt ist. Im Falle der Beendigung des Arbeitsverhältnisses hat der Arbeitgeber nicht ausgeglichene Arbeitsstunden spätestens in dem auf die Beendigung des Arbeitsverhältnisses folgenden Kalendermonat auszugleichen. Die auf das Arbeitszeitkonto eingestellten Arbeitsstunden dürfen monatlich jeweils 50 Prozent der vertraglich vereinbarten Arbeitszeit nicht übersteigen.</P><P>(3) Die Absätze 1 und 2 gelten nicht für Wertguthabenvereinbarungen im Sinne des Vierten Buches Sozialgesetzbuch. Satz 1 gilt entsprechend für eine im Hinblick auf den Schutz der Arbeitnehmerinnen und Arbeitnehmer vergleichbare ausländische Regelung.</P></Content></text></textdaten></norm>
<norm builddate="20241114214020" doknr="BJNR134810014BJNE000400000"><metadaten><jurabk>MiLoG</jurabk><enbez>§ 3</enbez><titel format="XML">Unabdingbarkeit des Mindestlohns</titel></metadaten><textdaten><text format="XML"><Content><P>Vereinbarungen, die den Anspruch auf Mindestlohn unterschreiten oder seine Geltendmachung beschränken oder ausschließen, sind insoweit unwirksam. Die Arbeitnehmerin oder der Arbeitnehmer kann auf den entstandenen Anspruch nach § 1 Absatz 1 nur durch gerichtlichen Vergleich verzichten; im Übrigen ist ein Verzicht ausgeschlossen. Die Verwirkung des Anspruchs ist ausgeschlossen.</P></Content></text></textdaten></norm>
<norm builddate="20241114214020" doknr="BJNR134810014BJNG000300000"><metadaten><jurabk>MiLoG</jurabk><gliederungseinheit><gliederungskennzahl>010020</gliederungskennzahl><gliederungsbez>Unterabschnitt 2</gliederungsbez><gliederungstitel>Mindestlohnkommission</gliederungstitel></gliederungseinheit></metadaten><textdaten/></norm>
<norm builddate="20241114214020" doknr="BJNR134810014BJNE000500000"><metadaten><jurabk>MiLoG</jurabk><enbez>§ 4</enbez><titel format="XML">Aufgabe und Zusammensetzung</titel></metadaten><textdaten><text format="XML"><Content><P>(1) Die Bundesregierung errichtet eine ständige Mindestlohnkommission, die über die Anpassung der Höhe des Mindestlohns befindet.</P><P>(2) Die Mindestlohnkommission wird alle fünf Jahre neu berufen. Sie besteht aus einer oder einem Vorsitzenden, sechs weiteren stimmberechtigten ständigen Mitgliedern und zwei Mitgliedern aus Kreisen der Wissenschaft ohne Stimmrecht (beratende Mitglieder).</P></Content></text></textdaten></norm>
<norm builddate="20241114214020" doknr="BJNR134810014BJNE000600000"><metadaten><jurabk>MiLoG</jurabk><enbez>§ 5</enbez><titel format="XML">Stimmberechtigte Mitglieder</titel></metadaten><textdaten><text format="XML"><Content><P>(1) Die Bundesregierung beruft je drei stimmberechtigte Mitglieder auf Vorschlag der Spitzenorganisationen der Arbeitgeber und der Arbeitnehmer aus Kreisen der Vereinigungen von Arbeitgebern und Gewerkschaften. Die Spitzenorganisationen der Arbeitgeber und Arbeitnehmer sollen jeweils mindestens eine Frau und einen Mann als stimmberechtigte Mitglieder vorschlagen. Werden auf Arbeitgeber- oder auf Arbeitnehmerseite von den Spitzenorganisationen mehr als drei Personen vorgeschlagen, erfolgt die Auswahl zwischen den Vorschlägen im Verhältnis zur Bedeutung der jeweiligen Spitzenorganisationen für die Vertretung der Arbeitgeber- oder Arbeitnehmerinteressen im Arbeitsleben des Bundesgebietes. Übt eine Seite ihr Vorschlagsrecht nicht aus, werden die Mitglieder dieser Seite durch die Bundesregierung aus Kreisen der Vereinigungen von Arbeitgebern oder Gewerkschaften berufen.</P><P>(2) Scheidet ein Mitglied aus, wird nach Maßgabe des Absatzes 1 Satz 1 und 4 ein neues Mitglied berufen.</P></Content></text></textdaten></norm>
<norm builddate="20241114214020" doknr="BJNR134810014BJNE000700000"><metadaten><jurabk>MiLoG</jurabk><enbez>§ 6</enbez><titel format="XML">Vorsitz</titel></metadaten><textdaten><text format="XML"><Content><P>(1) Die Bundesregierung beruft die Vorsitzende oder den Vorsitzenden auf gemeinsamen Vorschlag der Spitzenorganisationen der Arbeitgeber und der Arbeitnehmer.</P><P>(2) Wird von den Spitzenorganisationen kein gemeinsamer Vorschlag unterbreitet, beruft die Bundesregierung jeweils eine Vorsitzende oder einen Vorsitzenden auf Vorschlag der Spitzenorganisationen der Arbeitgeber und der Arbeitnehmer. Der Vorsitz wechselt zwischen den Vorsitzenden nach jeder Beschlussfassung nach § 9. Über den erstmaligen Vorsitz entscheidet das Los. § 5 Absatz 1 Satz 3 und 4 gilt entsprechend.</P><P>(3) Scheidet die Vorsitzende oder der Vorsitzende aus, wird nach Maßgabe der Absätze 1 und 2 eine neue Vorsitzende oder ein neuer Vorsitzender berufen.</P></Content></text></textdaten></norm>
<norm builddate="20241114214020" doknr="BJNR134810014BJNE000800000"><metadaten><jurabk>MiLoG</jurabk><enbez>§ 7</enbez><titel format="XML">Beratende Mitglieder</titel></metadaten><textdaten><text format="XML"><Content><P>(1) Die Bundesregierung beruft auf Vorschlag der Spitzenorganisationen der Arbeitgeber und Arbeitnehmer zusätzlich je ein beratendes Mitglied aus Kreisen der Wissenschaft. Die Bundesregierung soll darauf hinwirken, dass die Spitzenorganisationen der Arbeitgeber und Arbeitnehmer eine Frau und einen Mann als beratendes Mitglied vorschlagen. Das beratende Mitglied soll in keinem Beschäftigungsverhältnis stehen zu <DL Type="arabic"><DT>1.</DT><DD Font="normal"><LA>einer Spitzenorganisation der Arbeitgeber oder Arbeitnehmer,</LA></DD><DT>2.</DT><DD Font="normal"><LA>einer Vereinigung der Arbeitgeber oder einer Gewerkschaft oder</LA></DD><DT>3.</DT><DD Font="normal"><LA>einer Einrichtung, die von den in der Nummer 1 oder Nummer 2 genannten Vereinigungen getragen wird.</LA></DD></DL>§ 5 Absatz 1 Satz 3 und 4 und Absatz 2 gilt entsprechend.</P><P>(2) Die beratenden Mitglieder unterstützen die Mindestlohnkommission insbesondere bei der Prüfung nach § 9 Absatz 2 durch die Einbringung wissenschaftlichen Sachverstands. Sie haben das Recht, an den Beratungen der Mindestlohnkommission teilzunehmen.</P></Content></text></textdaten></norm>
<norm builddate="20241114214020" doknr="BJNR134810014BJNE000900000"><metadaten><jurabk>MiLoG</jurabk><enbez>§ 8</enbez><titel format="XML">Rechtsstellung der Mitglieder</titel></metadaten><textdaten><text format="XML"><Content><P>(1) Die Mitglieder der Mindestlohnkommission unterliegen bei der Wahrnehmung ihrer Tätigkeit keinen Weisungen.</P><P>(2) Die Tätigkeit der Mitglieder der Mindestlohnkommission ist ehrenamtlich.</P><P>(3) Die Mitglieder der Mindestlohnkommission erhalten eine angemessene Entschädigung für den ihnen bei der Wahrnehmung ihrer Tätigkeit erwachsenden Verdienstausfall und Aufwand sowie Ersatz der Fahrtkosten entsprechend den für ehrenamtliche Richterinnen und Richter der Arbeitsgerichte geltenden Vorschriften. Die Entschädigung und die erstattungsfähigen Fahrtkosten setzt im Einzelfall die oder der Vorsitzende der Mindestlohnkommission fest.</P></Content></text></textdaten></norm>
<norm builddate="20241114214020" doknr="BJNR134810014BJNE001001311"><metadaten><jurabk>MiLoG</jurabk><enbez>§ 9</enbez><titel format="XML">Beschluss der Mindestlohnkommission</titel></metadaten><textdaten><text format="XML"><Content><P>(1) Die Mindestlohnkommission hat über eine Anpassung der Höhe des Mindestlohns bis zum 30. Juni 2023 mit Wirkung zum 1. Januar 2024 zu beschließen. Danach hat die Mindestlohnkommission alle zwei Jahre über Anpassungen der Höhe des Mindestlohns zu beschließen.</P><P>(2) Die Mindestlohnkommission prüft im Rahmen einer Gesamtabwägung, welche Höhe des Mindestlohns geeignet ist, zu einem angemessenen Mindestschutz der Arbeitnehmerinnen und Arbeitnehmer beizutragen, faire und funktionierende Wettbewerbsbedingungen zu ermöglichen sowie Beschäftigung nicht zu gefährden. Die Mindestlohnkommission orientiert sich bei der Festsetzung des Mindestlohns nachlaufend an der Tarifentwicklung.</P><P>(3) Die Mindestlohnkommission hat ihren Beschluss schriftlich zu begründen.</P><P>(4) Die Mindestlohnkommission evaluiert laufend die Auswirkungen des Mindestlohns auf den Schutz der Arbeitnehmerinnen und Arbeitnehmer, die Wettbewerbsbedingungen und die Beschäftigung in Bezug auf bestimmte Branchen und Regionen sowie die Produktivität und stellt ihre Erkenntnisse der Bundesregierung in einem Bericht alle zwei Jahre gemeinsam mit ihrem Beschluss zur Verfügung.</P></Content></text><fussnoten/></textdaten></norm>
<norm builddate="20241114214020" doknr="BJNR134810014BJNE001101119"><metadaten><jurabk>MiLoG</jurabk><enbez>§ 10</enbez><titel format="XML">Verfahren der Mindestlohnkommission</titel></metadaten><textdaten><text format="XML"><Content><P>(1) Die Mindestlohnkommission ist beschlussfähig, wenn mindestens die Hälfte ihrer stimmberechtigten Mitglieder anwesend ist.</P><P>(2) Die Beschlüsse der Mindestlohnkommission werden mit einfacher Mehrheit der Stimmen der anwesenden Mitglieder gefasst. Bei der Beschlussfassung hat sich die oder der Vorsitzende zunächst der Stimme zu enthalten. Kommt eine Stimmenmehrheit nicht zustande, macht die oder der Vorsitzende einen Vermittlungsvorschlag. Kommt nach Beratung über den Vermittlungsvorschlag keine Stimmenmehrheit zustande, übt die oder der Vorsitzende ihr oder sein Stimmrecht aus.</P><P>(3) Die Mindestlohnkommission kann Spitzenorganisationen der Arbeitgeber und Arbeitnehmer, Vereinigungen von Arbeitgebern und Gewerkschaften, öffentlich-rechtliche Religionsgesellschaften, Wohlfahrtsverbände, Verbände, die wirtschaftliche und soziale Interessen organisieren, sowie sonstige von der Anpassung des Mindestlohns Betroffene vor Beschlussfassung anhören. Sie kann Informationen und fachliche Einschätzungen von externen Stellen einholen.</P><P>(4) Die Sitzungen der Mindestlohnkommission sind nicht öffentlich; der Inhalt ihrer Beratungen ist vertraulich. Die Teilnahme an Sitzungen der Mindestlohnkommission sowie die Beschlussfassung können in begründeten Ausnahmefällen auf Vorschlag der oder des Vorsitzenden mittels einer Videokonferenz erfolgen, wenn <DL Font="normal" Type="arabic"><DT>1.</DT><DD Font="normal"><LA Size="normal">kein Mitglied diesem Verfahren unverzüglich widerspricht und</LA></DD><DT>2.</DT><DD Font="normal"><LA Size="normal">sichergestellt ist, dass Dritte vom Inhalt der Sitzung keine Kenntnis nehmen können.</LA></DD></DL>Die übrigen Verfahrensregelungen trifft die Mindestlohnkommission in einer Geschäftsordnung.</P></Content></text><fussnoten/></textdaten></norm>
<norm builddate="20241114214020" doknr="BJNR134810014BJNE001200000"><metadaten><jurabk>MiLoG</jurabk><enbez>§ 11</enbez><titel format="XML">Rechtsverordnung</titel></metadaten><textdaten><text format="XML"><Content><P>(1) Die Bundesregierung kann die von der Mindestlohnkommission vorgeschlagene Anpassung des Mindestlohns durch Rechtsverordnung ohne Zustimmung des Bundesrates für alle Arbeitgeber sowie Arbeitnehmerinnen und Arbeitnehmer verbindlich machen. Die Rechtsverordnung tritt am im Beschluss der Mindestlohnkommission bezeichneten Tag, frühestens aber am Tag nach Verkündung in Kraft. Die Rechtsverordnung gilt, bis sie durch eine neue Rechtsverordnung abgelöst wird.</P><P>(2) Vor Erlass der Rechtsverordnung erhalten die Spitzenorganisationen der Arbeitgeber und Arbeitnehmer, die Vereinigungen von Arbeitgebern und Gewerkschaften, die öffentlich-rechtlichen Religionsgesellschaften, die Wohlfahrtsverbände sowie die Verbände, die wirtschaftliche und soziale Interessen organisieren, Gelegenheit zur schriftlichen Stellungnahme. Die Frist zur Stellungnahme beträgt drei Wochen; sie beginnt mit der Bekanntmachung des Verordnungsentwurfs.</P></Content></text></textdaten></norm>
<norm builddate="20241114214020" doknr="BJNR134810014BJNE001300000"><metadaten><jurabk>MiLoG</jurabk><enbez>§ 12</enbez><titel format="XML">Geschäfts- und Informationsstelle für den Mindestlohn; Kostenträgerschaft</titel></metadaten><textdaten><text format="XML"><Content><P>(1) Die Mindestlohnkommission wird bei der Durchführung ihrer Aufgaben von einer Geschäftsstelle unterstützt. Die Geschäftsstelle untersteht insoweit fachlich der oder dem Vorsitzenden der Mindestlohnkommission.</P><P>(2) Die Geschäftsstelle wird bei der Bundesanstalt für Arbeitsschutz und Arbeitsmedizin als selbständige Organisationeinheit eingerichtet.</P><P>(3) Die Geschäftsstelle informiert und berät als Informationsstelle für den Mindestlohn Arbeitnehmerinnen und Arbeitnehmer sowie Unternehmen zum Thema Mindestlohn.</P><P>(4) Die durch die Tätigkeit der Mindestlohnkommission und der Geschäftsstelle anfallenden Kosten trägt der Bund.</P></Content></text></textdaten></norm>
<norm builddate="20241114214020" doknr="BJNR134810014BJNG000400000"><metadaten><jurabk>MiLoG</jurabk><gliederungseinheit><gliederungskennzahl>020</gliederungskennzahl><gliederungsbez>Abschnitt 2</gliederungsbez><gliederungstitel>Zivilrechtliche Durchsetzung</gliederungstitel></gliederungseinheit></metadaten><textdaten/></norm>
<norm builddate="20241114214020" doknr="BJNR134810014BJNE001400000"><metadaten><jurabk>MiLoG</jurabk><enbez>§ 13</enbez><titel format="XML">Haftung des Auftraggebers</titel></metadaten><textdaten><text format="XML"><Content><P>§ 14 des Arbeitnehmer-Entsendegesetzes findet entsprechende Anwendung.</P></Content></text></textdaten></norm>
<norm builddate="20241114214020" doknr="BJNR134810014BJNG000500000"><metadaten><jurabk>MiLoG</jurabk><gliederungseinheit><gliederungskennzahl>030</gliederungskennzahl><gliederungsbez>Abschnitt 3</gliederungsbez><gliederungstitel>Kontrolle und Durchsetzung durch staatliche Behörden</gliederungstitel></gliederungseinheit></metadaten><textdaten/></norm>
<norm builddate="20241114214020" doknr="BJNR134810014BJNE001500000"><metadaten><jurabk>MiLoG</jurabk><enbez>§ 14</enbez><titel format="XML">Zuständigkeit</titel></metadaten><textdaten><text format="XML"><Content><P>Für die Prüfung der Einhaltung der Pflichten eines Arbeitgebers nach § 20 sind die Behörden der Zollverwaltung zuständig.</P></Content></text></textdaten></norm>
<norm builddate="20241114214020" doknr="BJNR134810014BJNE001600000"><metadaten><jurabk>MiLoG</jurabk><enbez>§ 15</enbez><titel format="XML">Befugnisse der Behörden der Zollverwaltung und anderer Behörden; Mitwirkungspflichten des Arbeitgebers</titel></metadaten><textdaten><text format="XML"><Content><P>Die §§ 2 bis 6, 14, 15, 20, 22 und 23 des Schwarzarbeitsbekämpfungsgesetzes sind entsprechend anzuwenden mit der Maßgabe, dass <DL Type="arabic"><DT>1.</DT><DD Font="normal"><LA>die dort genannten Behörden auch Einsicht in Arbeitsverträge, Niederschriften nach § 2 des Nachweisgesetzes und andere Geschäftsunterlagen nehmen können, die mittelbar oder unmittelbar Auskunft über die Einhaltung des Mindestlohns nach § 20 geben, und</LA></DD><DT>2.</DT><DD Font="normal"><LA>die nach § 5 Absatz 1 des Schwarzarbeitsbekämpfungsgesetzes zur Mitwirkung Verpflichteten diese Unterlagen vorzulegen haben.</LA></DD></DL>§ 6 Absatz 3 sowie die §§ 16 bis 19 des Schwarzarbeitsbekämpfungsgesetzes finden entsprechende Anwendung.</P></Content></text></textdaten></norm>
<norm builddate="20241114214020" doknr="BJNR134810014BJNE001701126"><metadaten><jurabk>MiLoG</jurabk><enbez>§ 16</enbez><titel format="XML">Meldepflicht</titel></metadaten><textdaten><text format="XML"><Content><P>(1) Ein Arbeitgeber mit Sitz im Ausland, der eine Arbeitnehmerin oder einen Arbeitnehmer oder mehrere Arbeitnehmerinnen oder Arbeitnehmer in den in § 2a des Schwarzarbeitsbekämpfungsgesetzes genannten Wirtschaftsbereichen oder Wirtschaftszweigen im Anwendungsbereich dieses Gesetzes beschäftigt, ist verpflichtet, vor Beginn jeder Werk- oder Dienstleistung eine schriftliche Anmeldung in deutscher Sprache bei der zuständigen Behörde der Zollverwaltung nach Absatz 6 vorzulegen, die die für die Prüfung wesentlichen Angaben enthält. Wesentlich sind die Angaben über <DL Font="normal" Type="arabic"><DT>1.</DT><DD Font="normal"><LA Size="normal">den Familiennamen, den Vornamen und das Geburtsdatum der von ihm im Geltungsbereich dieses Gesetzes beschäftigten Arbeitnehmerinnen und Arbeitnehmer,</LA></DD><DT>2.</DT><DD Font="normal"><LA Size="normal">den Beginn und die voraussichtliche Dauer der Beschäftigung,</LA></DD><DT>3.</DT><DD Font="normal"><LA Size="normal">den Ort der Beschäftigung,</LA></DD><DT>4.</DT><DD Font="normal"><LA Size="normal">den Ort im Inland, an dem die nach § 17 erforderlichen Unterlagen bereitgehalten werden,</LA></DD><DT>5.</DT><DD Font="normal"><LA Size="normal">den Familiennamen, den Vornamen, das Geburtsdatum und die Anschrift in Deutschland der oder des verantwortlich Handelnden,</LA></DD><DT>6.</DT><DD Font="normal"><LA Size="normal">die Branche, in die die Arbeitnehmerinnen und Arbeitnehmer entsandt werden sollen, und</LA></DD><DT>7.</DT><DD Font="normal"><LA Size="normal">den Familiennamen, den Vornamen und die Anschrift in Deutschland einer oder eines Zustellungsbevollmächtigten, soweit diese oder dieser nicht mit der oder dem in Nummer 5 genannten verantwortlich Handelnden identisch ist.</LA></DD></DL>Änderungen bezüglich dieser Angaben hat der Arbeitgeber im Sinne des Satzes 1 unverzüglich zu melden.</P><P>(2) Abweichend von Absatz 1 ist ein Arbeitgeber mit Sitz in einem anderen Mitgliedstaat der Europäischen Union oder des Europäischen Wirtschaftsraums verpflichtet, der zuständigen Behörde der Zollverwaltung vor Beginn der Beschäftigung einer Kraftfahrerin oder eines Kraftfahrers für die Durchführung von Güter- oder Personenbeförderungen im Inland nach § 36 Absatz 1 des Arbeitnehmer-Entsendegesetzes eine Anmeldung mit folgenden Angaben elektronisch zuzuleiten: <DL Font="normal" Type="arabic"><DT>1.</DT><DD Font="normal"><LA Size="normal">die Identität des Unternehmens, sofern diese verfügbar ist in Form der Nummer der Gemeinschaftslizenz,</LA></DD><DT>2.</DT><DD Font="normal"><LA Size="normal">den Familiennamen und den Vornamen sowie die Anschrift im Niederlassungsstaat eines oder einer Zustellungsbevollmächtigten,</LA></DD><DT>3.</DT><DD Font="normal"><LA Size="normal">den Familiennamen, den Vornamen, das Geburtsdatum, die Anschrift und die Führerscheinnummer der Kraftfahrerin oder des Kraftfahrers,</LA></DD><DT>4.</DT><DD Font="normal"><LA Size="normal">den Beginn des Arbeitsvertrags der Kraftfahrerin oder des Kraftfahrers und das auf diesen Vertrag anwendbare Recht,</LA></DD><DT>5.</DT><DD Font="normal"><LA Size="normal">den voraussichtlichen Beginn und das voraussichtliche Ende der Beschäftigung der Kraftfahrerin oder des Kraftfahrers im Inland,</LA></DD><DT>6.</DT><DD Font="normal"><LA Size="normal">die amtlichen Kennzeichen der für die Beschäftigung im Inland einzusetzenden Kraftfahrzeuge,</LA></DD><DT>7.</DT><DD Font="normal"><LA Size="normal">ob es sich bei den von der Kraftfahrerin oder dem Kraftfahrer zu erbringenden Verkehrsdienstleistungen um Güterbeförderung oder Personenbeförderung und grenzüberschreitende Beförderung oder Kabotage handelt;</LA></DD></DL>die Anmeldung ist mittels der elektronischen Schnittstelle des Binnenmarkt-Informationssystems nach Artikel 1 in Verbindung mit Artikel 5 Buchstabe a der Verordnung (EU) Nr. 1024/2012 des Europäischen Parlaments und des Rates vom 25. Oktober 2012 über die Verwaltungszusammenarbeit mit Hilfe des Binnenmarkt-Informationssystems und zur Aufhebung der Entscheidung 2008/49/EG der Kommission („IMI-Verordnung“) (ABI. L 316 vom 14.11.2012, S. 1), die zuletzt durch die Verordnung (EU) 2020/1055 (ABI. L 249 vom 31.7.2020, S. 17) geändert worden ist, zuzuleiten. Absatz 1 Satz 3 gilt entsprechend.</P><P>(3) Überlässt ein Verleiher mit Sitz im Ausland eine Arbeitnehmerin oder einen Arbeitnehmer oder mehrere Arbeitnehmerinnen oder Arbeitnehmer zur Arbeitsleistung einem Entleiher, hat der Verleiher in den in § 2a des Schwarzarbeitsbekämpfungsgesetzes genannten Wirtschaftsbereichen oder Wirtschaftszweigen unter den Voraussetzungen des Absatzes 1 Satz 1 vor Beginn jeder Werk- oder Dienstleistung der zuständigen Behörde der Zollverwaltung eine schriftliche Anmeldung in deutscher Sprache mit folgenden Angaben zuzuleiten: <DL Font="normal" Type="arabic"><DT>1.</DT><DD Font="normal"><LA Size="normal">den Familiennamen, den Vornamen und das Geburtsdatum der überlassenen Arbeitnehmerinnen und Arbeitnehmer,</LA></DD><DT>2.</DT><DD Font="normal"><LA Size="normal">den Beginn und die Dauer der Überlassung,</LA></DD><DT>3.</DT><DD Font="normal"><LA Size="normal">den Ort der Beschäftigung,</LA></DD><DT>4.</DT><DD Font="normal"><LA Size="normal">den Ort im Inland, an dem die nach § 17 erforderlichen Unterlagen bereitgehalten werden,</LA></DD><DT>5.</DT><DD Font="normal"><LA Size="normal">den Familiennamen, den Vornamen und die Anschrift in Deutschland einer oder eines Zustellungsbevollmächtigten des Verleihers,</LA></DD><DT>6.</DT><DD Font="normal"><LA Size="normal">die Branche, in die die Arbeitnehmerinnen und Arbeitnehmer entsandt werden sollen,</LA></DD><DT>7.</DT><DD Font="normal"><LA Size="normal">den Familiennamen, den Vornamen oder die Firma sowie die Anschrift des Entleihers.</LA></DD></DL>Absatz 1 Satz 3 gilt entsprechend.</P><P>(4) Das Bundesministerium der Finanzen kann durch Rechtsverordnung im Einvernehmen mit dem Bundesministerium für Arbeit und Soziales ohne Zustimmung des Bundesrates bestimmen, <DL Font="normal" Type="arabic"><DT>1.</DT><DD Font="normal"><LA Size="normal">dass, auf welche Weise und unter welchen technischen und organisatorischen Voraussetzungen eine Anmeldung, eine Änderungsmeldung und die Versicherung abweichend von Absatz 1 Satz 1 und 3, Absatz 2 und 3 Satz 1 und 2 und Absatz 4 elektronisch übermittelt werden kann,</LA></DD><DT>2.</DT><DD Font="normal"><LA Size="normal">unter welchen Voraussetzungen eine Änderungsmeldung ausnahmsweise entfallen kann, und</LA></DD><DT>3.</DT><DD Font="normal"><LA Size="normal">wie das Meldeverfahren vereinfacht oder abgewandelt werden kann, sofern die entsandten Arbeitnehmerinnen und Arbeitnehmer im Rahmen einer regelmäßig wiederkehrenden Werk- oder Dienstleistung eingesetzt werden oder sonstige Besonderheiten der zu erbringenden Werk- oder Dienstleistungen dies erfordern.</LA></DD></DL></P><P>(5) Das Bundesministerium der Finanzen kann durch Rechtsverordnung ohne Zustimmung des Bundesrates die zuständige Behörde nach Absatz 1 Satz 1 und Absatz 3 Satz 1 bestimmen.</P></Content></text><fussnoten><Content><P>(+++ § 16 Abs. 1 bis 4: Zur Anwendung vgl. § 1 Abs. 1 u. 2 MiLoDokV +++)</P></Content></fussnoten></textdaten></norm>
<norm builddate="20241114214020" doknr="BJNR134810014BJNE001801126"><metadaten><jurabk>MiLoG</jurabk><enbez>§ 17</enbez><titel format="XML">Erstellen und Bereithalten von Dokumenten</titel></metadaten><textdaten><text format="XML"><Content><P>(1) Ein Arbeitgeber, der Arbeitnehmerinnen und Arbeitnehmer nach § 8 Absatz 1 des Vierten Buches Sozialgesetzbuch oder in den in § 2a des Schwarzarbeitsbekämpfungsgesetzes genannten Wirtschaftsbereichen oder Wirtschaftszweigen beschäftigt, ist verpflichtet, Beginn, Ende und Dauer der täglichen Arbeitszeit dieser Arbeitnehmerinnen und Arbeitnehmer spätestens bis zum Ablauf des siebten auf den Tag der Arbeitsleistung folgenden Kalendertages aufzuzeichnen und diese Aufzeichnungen mindestens zwei Jahre beginnend ab dem für die Aufzeichnung maßgeblichen Zeitpunkt aufzubewahren. Satz 1 gilt entsprechend für einen Entleiher, dem ein Verleiher eine Arbeitnehmerin oder einen Arbeitnehmer oder mehrere Arbeitnehmerinnen oder Arbeitnehmer zur Arbeitsleistung in einem der in § 2a des Schwarzarbeitsbekämpfungsgesetzes genannten Wirtschaftszweige überlässt. Satz 1 gilt nicht für Beschäftigungsverhältnisse nach § 8a des Vierten Buches Sozialgesetzbuch.</P><P>(2) Arbeitgeber im Sinne des Absatzes 1 haben die für die Kontrolle der Einhaltung der Verpflichtungen nach § 20 in Verbindung mit § 2 erforderlichen Unterlagen im Inland in deutscher Sprache für die gesamte Dauer der tatsächlichen Beschäftigung der Arbeitnehmerinnen und Arbeitnehmer im Geltungsbereich dieses Gesetzes, mindestens für die Dauer der gesamten Werk- oder Dienstleistung, insgesamt jedoch nicht länger als zwei Jahre, bereitzuhalten. Auf Verlangen der Prüfbehörde sind die Unterlagen auch am Ort der Beschäftigung bereitzuhalten.</P><P>(2a) Abweichend von Absatz 2 hat der Arbeitgeber mit Sitz in einem anderen Mitgliedstaat der Europäischen Union oder des Europäischen Wirtschaftsraums sicherzustellen, dass der Kraftfahrerin oder dem Kraftfahrer, die oder der von ihm für die Durchführung von Güter- oder Personenbeförderungen im Inland nach § 36 Absatz 1 des Arbeitnehmer-Entsendegesetzes beschäftigt wird, die folgenden Unterlagen als Schriftstück oder in einem elektronischen Format zur Verfügung stehen: <DL Font="normal" Type="arabic"><DT>1.</DT><DD Font="normal"><LA Size="normal">eine Kopie der nach § 16 Absatz 2 zugeleiteten Anmeldung,</LA></DD><DT>2.</DT><DD Font="normal"><LA Size="normal">die Nachweise über die Beförderungen, insbesondere elektronische Frachtbriefe oder die in Artikel 8 Absatz 3 der Verordnung (EG) Nr. 1072/2009 des Europäischen Parlaments und des Rates vom 21. Oktober 2009 über gemeinsame Regeln für den Zugang zum Markt des grenzüberschreitenden Güterkraftverkehrs (ABl. L 300 vom 14.11.2009, S. 72), die zuletzt durch die Verordnung (EU) 2020/1055 (ABI. L 249 vom 31.7.2020, S. 17) geändert worden ist, genannten Belege und</LA></DD><DT>3.</DT><DD Font="normal"><LA Size="normal">alle Aufzeichnungen des Fahrtenschreibers, insbesondere die in Artikel 34 Absatz 6 Buchstabe f und Absatz 7 der Verordnung (EU) Nr. 165/2014 des Europäischen Parlaments und des Rates vom 4. Februar 2014 über Fahrtenschreiber im Straßenverkehr, zur Aufhebung der Verordnung (EWG) Nr. 3821/85 des Rates über das Kontrollgerät im Straßenverkehr und zur Änderung der Verordnung (EG) Nr. 561/2006 des Europäischen Parlaments und des Rates zur Harmonisierung bestimmter Sozialvorschriften im Straßenverkehr (ABl. L 60 vom 28.2.2014, S. 1; L 93 vom 9.4.2015, S. 103; L 246 vom 23.9.2015, S. 11), die zuletzt durch die Verordnung (EU) 2020/1054 (ABI. L 249 vom 31.7.2020, S. 1) geändert worden ist, genannten Ländersymbole der Mitgliedstaaten, in denen sich der Kraftfahrer oder die Kraftfahrerin bei grenzüberschreitenden Beförderungen und Kabotagebeförderungen aufgehalten hat, oder die Aufzeichnungen nach § 1 Absatz 6 Satz 1 und 2 der Fahrpersonalverordnung vom 27. Juni 2005 (BGBl. I S. 1882), die zuletzt durch Artikel 1 der Verordnung vom 8. August 2017 (BGBl. I S. 3158) geändert worden ist.</LA></DD></DL>Die Kraftfahrerin oder der Kraftfahrer hat im Falle einer Beschäftigung im Inland nach § 36 Absatz 1 des Arbeitnehmer-Entsendegesetzes die ihm oder ihr nach Satz 1 zur Verfügung gestellten Unterlagen mit sich zu führen und den Behörden der Zollverwaltung auf Verlangen als Schriftstück oder in einem elektronischen Format vorzulegen; liegt keine Beschäftigung im Inland nach § 36 Absatz 1 des Arbeitnehmer-Entsendegesetzes vor, gilt die Pflicht nach dem ersten Halbsatz nur im Rahmen einer auf der Straße vorgenommenen Kontrolle für die Unterlagen nach Satz 1 Nummer 2 und 3.</P><P>(2b) Nach Beendigung der Beschäftigung der Kraftfahrerin oder des Kraftfahrers im Inland nach § 36 Absatz 1 des Arbeitnehmer-Entsendegesetzes hat der Arbeitgeber mit Sitz in einem anderen Mitgliedstaat der Europäischen Union oder des Europäischen Wirtschaftsraums den Behörden der Zollverwaltung auf Verlangen über die mit dem Binnenmarkt-Informationssystem verbundene elektronische Schnittstelle folgende Unterlagen innerhalb von acht Wochen ab dem Tag des Verlangens zu übermitteln: <DL Font="normal" Type="arabic"><DT>1.</DT><DD Font="normal"><LA Size="normal">Kopien der Unterlagen nach Absatz 2a Satz 1 Nummer 2 und 3,</LA></DD><DT>2.</DT><DD Font="normal"><LA Size="normal">Unterlagen über die Entlohnung der Kraftfahrerin oder des Kraftfahrers einschließlich der Zahlungsbelege,</LA></DD><DT>3.</DT><DD Font="normal"><LA Size="normal">den Arbeitsvertrag oder gleichwertige Unterlagen im Sinne des Artikels 3 Absatz 1 der Richtlinie <NB>91/533/EWG</NB> des Rates vom 14. Oktober 1991 über die Pflicht des Arbeitgebers zur Unterrichtung des Arbeitnehmers über die für seinen Arbeitsvertrag oder sein Arbeitsverhältnis geltenden Bedingungen (ABl. L 288 vom 18.10.1991, S. 32) und</LA></DD><DT>4.</DT><DD Font="normal"><LA Size="normal">Unterlagen über die Zeiterfassung, die sich auf die Arbeit der Kraftfahrerin oder des Kraftfahrers beziehen, insbesondere die Aufzeichnungen des Fahrtenschreibers.</LA></DD></DL>Die Behörden der Zollverwaltung dürfen die Unterlagen nach Satz 1 nur für den Zeitraum der Beschäftigung nach § 36 Absatz 1 des Arbeitnehmer-Entsendegesetzes verlangen, der zum Zeitpunkt des Verlangens beendet ist.<BR/> Soweit eine Anmeldung nach § 16 Absatz 2 nicht zugeleitet wurde, obwohl eine Beschäftigung im Inland nach § 36 Absatz 1 des Arbeitnehmer-Entsendegesetzes vorliegt, hat der Arbeitgeber mit Sitz in einem anderen Mitgliedstaat der Europäischen Union oder des Europäischen Wirtschaftsraums den Behörden der Zollverwaltung auf Verlangen die Unterlagen nach Satz 1 außerhalb der mit dem Binnenmarkt-Informationssystem verbundenen elektronischen Schnittstelle als Schriftstück oder in einem elektronischen Format zu übermitteln.</P><P>(3) Das Bundesministerium für Arbeit und Soziales kann durch Rechtsverordnung ohne Zustimmung des Bundesrates die Verpflichtungen des Arbeitgebers, des Verleihers oder eines Entleihers nach § 16 und den Absätzen 1 und 2 hinsichtlich bestimmter Gruppen von Arbeitnehmerinnen und Arbeitnehmern oder der Wirtschaftsbereiche oder den Wirtschaftszweigen einschränken oder erweitern.</P><P>(4) Das Bundesministerium der Finanzen kann durch Rechtsverordnung im Einvernehmen mit dem Bundesministerium für Arbeit und Soziales ohne Zustimmung des Bundesrates bestimmen, wie die Verpflichtung des Arbeitgebers, die tägliche Arbeitszeit bei ihm beschäftigter Arbeitnehmerinnen und Arbeitnehmer aufzuzeichnen und diese Aufzeichnungen aufzubewahren, vereinfacht oder abgewandelt werden kann, sofern Besonderheiten der zu erbringenden Werk- oder Dienstleistungen oder Besonderheiten des jeweiligen Wirtschaftsbereiches oder Wirtschaftszweiges dies erfordern.</P></Content></text><fussnoten><Content><P>(+++ § 17 Abs. 1 u. 2: Zur Anwendung vgl. § 1 Abs. 1 u. 2 MiLoDokV +++)</P></Content></fussnoten></textdaten></norm>
<norm builddate="20241114214020" doknr="BJNR134810014BJNE001901126"><metadaten><jurabk>MiLoG</jurabk><enbez>§ 18</enbez><titel format="XML">Zusammenarbeit der in- und ausländischen Behörden</titel></metadaten><textdaten><text format="XML"><Content><P>(1) Die Behörden der Zollverwaltung unterrichten die zuständigen örtlichen Landesfinanzbehörden über Meldungen nach § 16 Absatz 1 und 3. Auf die Informationen zu den Meldungen nach § 16 Absatz 2 können die Landesfinanzbehörden über das Binnenmarkt-Informationssystem zugreifen.</P><P>(2) Die Behörden der Zollverwaltung und die übrigen in § 2 des Schwarzarbeitsbekämpfungsgesetzes genannten Behörden dürfen nach Maßgabe der datenschutzrechtlichen Vorschriften auch mit Behörden anderer Vertragsstaaten des Abkommens über den Europäischen Wirtschaftsraum zusammenarbeiten, die diesem Gesetz entsprechende Aufgaben durchführen oder für die Bekämpfung illegaler Beschäftigung zuständig sind oder Auskünfte geben können, ob ein Arbeitgeber seine Verpflichtungen nach § 20 erfüllt. Die Regelungen über die internationale Rechtshilfe in Strafsachen bleiben hiervon unberührt.</P><P>(3) Die Behörden der Zollverwaltung unterrichten das Gewerbezentralregister über rechtskräftige Bußgeldentscheidungen nach § 21 Absatz 1 bis 3, sofern die Geldbuße mehr als zweihundert Euro beträgt.</P></Content></text><fussnoten/></textdaten></norm>
<norm builddate="20241114214020" doknr="BJNR134810014BJNE002005126"><metadaten><jurabk>MiLoG</jurabk><enbez>§ 19</enbez><titel format="XML">Ausschluss von der Vergabe öffentlicher Aufträge</titel></metadaten><textdaten><text format="XML"><Content><P>(1) Von der Teilnahme an einem Wettbewerb um einen Liefer-, Bau- oder Dienstleistungsauftrag der in §§ 99 und 100 des Gesetzes gegen Wettbewerbsbeschränkungen genannten Auftraggeber sollen Bewerberinnen oder Bewerber für eine angemessene Zeit bis zur nachgewiesenen Wiederherstellung ihrer Zuverlässigkeit ausgeschlossen werden, die wegen eines Verstoßes nach § 21 Absatz 1 Nummer 1 bis 8, 10 und 11 oder Absatz 2 mit einer Geldbuße von wenigstens zweitausendfünfhundert Euro belegt worden sind.</P><P>(2) Die für die Verfolgung oder Ahndung der Ordnungswidrigkeiten nach § 21 Absatz 1 Nummer 1 bis 8, 10 und 11 oder Absatz 2 zuständigen Behörden dürfen öffentlichen Auftraggebern nach § 99 des Gesetzes gegen Wettbewerbsbeschränkungen und solchen Stellen, die von öffentlichen Auftraggebern zugelassene Präqualifikationsverzeichnisse oder Unternehmer- und Lieferantenverzeichnisse führen, auf Verlangen die erforderlichen Auskünfte geben.</P><P>(3) Öffentliche Auftraggeber nach Absatz 2 fordern im Rahmen ihrer Tätigkeit beim Wettbewerbsregister Auskünfte über rechtskräftige Bußgeldentscheidungen wegen einer Ordnungswidrigkeit nach § 21 Absatz 1 Nummer 1 bis 8, 10 und 11 oder Absatz 2 an oder verlangen von Bewerberinnen oder Bewerbern eine Erklärung, dass die Voraussetzungen für einen Ausschluss nach Absatz 1 nicht vorliegen. Im Falle einer Erklärung der Bewerberin oder des Bewerbers können öffentliche Auftraggeber nach Absatz 2 jederzeit zusätzlich Auskünfte des Wettbewerbsregisters anfordern.</P><P>(4) Bei Aufträgen ab einer Höhe von 30 000 Euro fordert der öffentliche Auftraggeber nach Absatz 2 für die Bewerberin oder den Bewerber, die oder der den Zuschlag erhalten soll, vor der Zuschlagserteilung eine Auskunft aus dem Wettbewerbsregisters an.</P><P>(5) Vor der Entscheidung über den Ausschluss ist die Bewerberin oder der Bewerber zu hören.</P></Content></text><fussnoten/></textdaten></norm>
<norm builddate="20241114214020" doknr="BJNR134810014BJNE002100000"><metadaten><jurabk>MiLoG</jurabk><enbez>§ 20</enbez><titel format="XML">Pflichten des Arbeitgebers zur Zahlung des Mindestlohns</titel></metadaten><textdaten><text format="XML"><Content><P>Arbeitgeber mit Sitz im In- oder Ausland sind verpflichtet, ihren im Inland beschäftigten Arbeitnehmerinnen und Arbeitnehmern ein Arbeitsentgelt mindestens in Höhe des Mindestlohns nach § 1 Absatz 2 spätestens zu dem in § 2 Absatz 1 Satz 1 Nummer 2 genannten Zeitpunkt zu zahlen.</P></Content></text></textdaten></norm>
<norm builddate="20241114214020" doknr="BJNR134810014BJNE002203126"><metadaten><jurabk>MiLoG</jurabk><enbez>§ 21</enbez><titel format="XML">Bußgeldvorschriften</titel></metadaten><textdaten><text format="XML"><Content><P>(1) Ordnungswidrig handelt, wer vorsätzlich oder fahrlässig <DL Font="normal" Type="arabic"><DT>1.</DT><DD Font="normal"><LA Size="normal">entgegen § 15 Satz 1 in Verbindung mit § 5 Absatz 1 Satz 1 Nummer 1 oder 3 des Schwarzarbeitsbekämpfungsgesetzes eine Prüfung nicht duldet oder bei einer Prüfung nicht mitwirkt,</LA></DD><DT>2.</DT><DD Font="normal"><LA Size="normal">entgegen § 15 Satz 1 in Verbindung mit § 5 Absatz 1 Satz 1 Nummer 2 des Schwarzarbeitsbekämpfungsgesetzes das Betreten eines Grundstücks oder Geschäftsraums nicht duldet,</LA></DD><DT>3.</DT><DD Font="normal"><LA Size="normal">entgegen § 15 Satz 1 in Verbindung mit § 5 Absatz 5 Satz 1 des Schwarzarbeitsbekämpfungsgesetzes Daten nicht, nicht richtig, nicht vollständig, nicht in der vorgeschriebenen Weise oder nicht rechtzeitig übermittelt,</LA></DD><DT>4.</DT><DD Font="normal"><LA Size="normal">entgegen § 16 Absatz 1 Satz 1, Absatz 2 Satz 1 oder Absatz 3 Satz 1 eine Anmeldung nicht, nicht richtig, nicht vollständig, nicht in der vorgeschriebenen Weise oder nicht rechtzeitig vorlegt oder nicht, nicht richtig, nicht vollständig, nicht in der vorgeschriebenen Weise oder nicht rechtzeitig zuleitet,</LA></DD><DT>5.</DT><DD Font="normal"><LA Size="normal">entgegen § 16 Absatz 1 Satz 3, auch in Verbindung mit Absatz 2 Satz 2 oder Absatz 3 Satz 2, eine Änderungsmeldung nicht, nicht richtig, nicht vollständig, nicht in der vorgeschriebenen Weise oder nicht rechtzeitig macht,</LA></DD><DT>6.</DT><DD Font="normal"><LA Size="normal">entgegen § 17 Absatz 1 Satz 1, auch in Verbindung mit Satz 2, eine Aufzeichnung nicht, nicht richtig, nicht vollständig oder nicht rechtzeitig erstellt oder nicht oder nicht mindestens zwei Jahre aufbewahrt,</LA></DD><DT>7.</DT><DD Font="normal"><LA Size="normal">entgegen § 17 Absatz 2 eine Unterlage nicht, nicht richtig, nicht vollständig oder nicht in der vorgeschriebenen Weise bereithält,</LA></DD><DT>8.</DT><DD Font="normal"><LA Size="normal">entgegen § 17 Absatz 2a Satz 1 nicht sicherstellt, dass die dort genannten Unterlagen zur Verfügung stehen,</LA></DD><DT>9.</DT><DD Font="normal"><LA Size="normal">entgegen § 17 Absatz 2a Satz 2 eine Unterlage nicht, nicht richtig, nicht vollständig, nicht in der vorgeschriebenen Weise oder nicht rechtzeitig vorlegt,</LA></DD><DT>10.</DT><DD Font="normal"><LA Size="normal">entgegen § 17 Absatz 2b Satz 1 oder 3 eine Unterlage nicht, nicht richtig, nicht vollständig, nicht in der vorgeschriebenen Weise oder nicht rechtzeitig übermittelt oder</LA></DD><DT>11.</DT><DD Font="normal"><LA Size="normal">entgegen § 20 das dort genannte Arbeitsentgelt nicht oder nicht rechtzeitig zahlt.</LA></DD></DL></P><P>(2) Ordnungswidrig handelt, wer Werk- oder Dienstleistungen in erheblichem Umfang ausführen lässt, indem er als Unternehmer einen anderen Unternehmer beauftragt, von dem er weiß oder fahrlässig nicht weiß, dass dieser bei der Erfüllung dieses Auftrags <DL Font="normal" Type="arabic"><DT>1.</DT><DD Font="normal"><LA Size="normal">entgegen § 20 das dort genannte Arbeitsentgelt nicht oder nicht rechtzeitig zahlt oder</LA></DD><DT>2.</DT><DD Font="normal"><LA Size="normal">einen Nachunternehmer einsetzt oder zulässt, dass ein Nachunternehmer tätig wird, der entgegen § 20 das dort genannte Arbeitsentgelt nicht oder nicht rechtzeitig zahlt.</LA></DD></DL></P><P>(3) Die Ordnungswidrigkeit kann in den Fällen des Absatzes 1 Nummer 11 und des Absatzes 2 mit einer Geldbuße bis zu fünfhunderttausend Euro, in den übrigen Fällen mit einer Geldbuße bis zu dreißigtausend Euro geahndet werden.</P><P>(4) Verwaltungsbehörden im Sinne des § 36 Absatz 1 Nummer 1 des Gesetzes über Ordnungswidrigkeiten sind die in § 14 genannten Behörden jeweils für ihren Geschäftsbereich.</P><P>(5) Für die Vollstreckung zugunsten der Behörden des Bundes und der bundesunmittelbaren juristischen Personen des öffentlichen Rechts sowie für die Vollziehung des Vermögensarrestes nach § 111e der Strafprozessordnung in Verbindung mit § 46 des Gesetzes über Ordnungswidrigkeiten durch die in § 14 genannten Behörden gilt das Verwaltungs-Vollstreckungsgesetz des Bundes.</P></Content></text><fussnoten/></textdaten></norm>
<norm builddate="20241114214020" doknr="BJNR134810014BJNG000600000"><metadaten><jurabk>MiLoG</jurabk><gliederungseinheit><gliederungskennzahl>040</gliederungskennzahl><gliederungsbez>Abschnitt 4</gliederungsbez><gliederungstitel>Schlussvorschriften</gliederungstitel></gliederungseinheit></metadaten><textdaten/></norm>
<norm builddate="20241114214020" doknr="BJNR134810014BJNE002300000"><metadaten><jurabk>MiLoG</jurabk><enbez>§ 22</enbez><titel format="XML">Persönlicher Anwendungsbereich</titel></metadaten><textdaten><text format="XML"><Content><P>(1) Dieses Gesetz gilt für Arbeitnehmerinnen und Arbeitnehmer. Praktikantinnen und Praktikanten im Sinne des § 26 des Berufsbildungsgesetzes gelten als Arbeitnehmerinnen und Arbeitnehmer im Sinne dieses Gesetzes, es sei denn, dass sie <DL Type="arabic"><DT>1.</DT><DD Font="normal"><LA>ein Praktikum verpflichtend auf Grund einer schulrechtlichen Bestimmung, einer Ausbildungsordnung, einer hochschulrechtlichen Bestimmung oder im Rahmen einer Ausbildung an einer gesetzlich geregelten Berufsakademie leisten,</LA></DD><DT>2.</DT><DD Font="normal"><LA>ein Praktikum von bis zu drei Monaten zur Orientierung für eine Berufsausbildung oder für die Aufnahme eines Studiums leisten,</LA></DD><DT>3.</DT><DD Font="normal"><LA>ein Praktikum von bis zu drei Monaten begleitend zu einer Berufs- oder Hochschulausbildung leisten, wenn nicht zuvor ein solches Praktikumsverhältnis mit demselben Ausbildenden bestanden hat, oder</LA></DD><DT>4.</DT><DD Font="normal"><LA>an einer Einstiegsqualifizierung nach § 54a des Dritten Buches Sozialgesetzbuch oder an einer Berufsausbildungsvorbereitung nach §§ 68 bis 70 des Berufsbildungsgesetzes teilnehmen.</LA></DD></DL>Praktikantin oder Praktikant ist unabhängig von der Bezeichnung des Rechtsverhältnisses, wer sich nach der tatsächlichen Ausgestaltung und Durchführung des Vertragsverhältnisses für eine begrenzte Dauer zum Erwerb praktischer Kenntnisse und Erfahrungen einer bestimmten betrieblichen Tätigkeit zur Vorbereitung auf eine berufliche Tätigkeit unterzieht, ohne dass es sich dabei um eine Berufsausbildung im Sinne des Berufsbildungsgesetzes oder um eine damit vergleichbare praktische Ausbildung handelt.</P><P>(2) Personen im Sinne von § 2 Absatz 1 und 2 des Jugendarbeitsschutzgesetzes ohne abgeschlossene Berufsausbildung gelten nicht als Arbeitnehmerinnen und Arbeitnehmer im Sinne dieses Gesetzes.</P><P>(3) Von diesem Gesetz nicht geregelt wird die Vergütung von zu ihrer Berufsausbildung Beschäftigten sowie ehrenamtlich Tätigen.</P><P>(4) Für Arbeitsverhältnisse von Arbeitnehmerinnen und Arbeitnehmern, die unmittelbar vor Beginn der Beschäftigung langzeitarbeitslos im Sinne des § 18 Absatz 1 des Dritten Buches Sozialgesetzbuch waren, gilt der Mindestlohn in den ersten sechs Monaten der Beschäftigung nicht. Die Bundesregierung hat den gesetzgebenden Körperschaften zum 1. Juni 2016 darüber zu berichten, inwieweit die Regelung nach Satz 1 die Wiedereingliederung von Langzeitarbeitslosen in den Arbeitsmarkt gefördert hat, und eine Einschätzung darüber abzugeben, ob diese Regelung fortbestehen soll.</P></Content></text></textdaten></norm>
<norm builddate="20241114214020" doknr="BJNR134810014BJNE002400000"><metadaten><jurabk>MiLoG</jurabk><enbez>§ 23</enbez><titel format="XML">Evaluation</titel></metadaten><textdaten><text format="XML"><Content><P>Dieses Gesetz ist im Jahr 2020 zu evaluieren.</P></Content></text></textdaten></norm>
<norm builddate="20241114214020" doknr="BJNR134810014BJNE002501000"><metadaten><jurabk>MiLoG</jurabk><enbez>§ 24</enbez><titel format="XML">(weggefallen)</titel></metadaten><textdaten><text format="XML"><Content><P/></Content></text><fussnoten/></textdaten></norm>
</dokumente>