<?xml version="1.0" encoding="UTF-8" ?><!DOCTYPE dokumente SYSTEM "http://www.gesetze-im-internet.de/dtd/1.01/gii-norm.dtd">
<dokumente builddate="20210823213023" doknr="BJNR356900021"><norm builddate="20210823213023" doknr="BJNR356900021"><metadaten><jurabk>LuftVGFSOrgEÜV</jurabk><ausfertigung-datum manuell="ja">2021-08-09</ausfertigung-datum><fundstelle typ="amtlich"><periodikum>BGBl I</periodikum><zitstelle>2021, 3568, 3569</zitstelle></fundstelle><langue>Verordnung zur Übertragung der Ermächtigung zum Erlass von Rechtsverordnungen nach dem Luftverkehrsgesetz zur Beauftragung einer Flugsicherungsorganisation</langue></metadaten><textdaten><fussnoten><Content><P><BR/> <pre xml:space="preserve">(+++ Textnachweis ab: 20.8.2021 +++)<BR/><BR/></pre>Die V wurde als Artikel 2 der V v. 9.8.2021 I 3568 vom Bundesministerium für Verkehr und digitale Infrastruktur erlassen. Sie ist gem. Art. 3 Abs. 1 dieser V am 20.8.2021 in Kraft getreten.</P></Content></fussnoten></textdaten></norm>
<norm builddate="20210823213023" doknr="BJNR356900021BJNE000100000"><metadaten><jurabk>LuftVGFSOrgEÜV</jurabk><enbez>(XXXX)</enbez></metadaten><textdaten><text format="XML"><Content><P>Das Bundesaufsichtsamt für Flugsicherung wird ermächtigt, Rechtsverordnungen nach § 31f Absatz 3a Satz 1 des Luftverkehrsgesetzes zu erlassen.</P></Content></text></textdaten></norm>
</dokumente>