<?xml version="1.0" encoding="UTF-8" ?><!DOCTYPE dokumente SYSTEM "http://www.gesetze-im-internet.de/dtd/1.01/gii-norm.dtd">
<dokumente builddate="20211123213050" doknr="BJNR632610021"><norm builddate="20211123213050" doknr="BJNR632610021"><metadaten><jurabk>DRG-EKV 2022</jurabk><amtabk>DRG-EKV 2022</amtabk><ausfertigung-datum manuell="ja">2021-11-19</ausfertigung-datum><fundstelle typ="amtlich"><periodikum>BAnz</periodikum><zitstelle>AT 22.11.2021 V1</zitstelle></fundstelle><kurzue>DRG-Entgeltkatalogverordnung 2022</kurzue><langue>Verordnung zu den Entgeltkatalogen für DRG-Krankenhäuser für das Jahr 2022</langue></metadaten><textdaten><fussnoten><Content><P><BR/> <pre xml:space="preserve">(+++ Textnachweis ab: 23.11.2021 +++)<BR/><BR/></pre>Die V wurde als Artikel 1 der V v. 19.11.2021 BAnz AT 22.11.2021 V1 vom Bundesministerium für Gesundheit beschlossen. Sie ist gem. Art. 3 dieser V am 23.11.2021 in Kraft getreten.</P></Content></fussnoten></textdaten></norm>
<norm builddate="20211123213050" doknr="BJNR632610021BJNE000100000"><metadaten><jurabk>DRG-EKV 2022</jurabk><enbez>(XXXX)</enbez></metadaten><textdaten><text format="XML"><Content><P>Der Fallpauschalen-Katalog nach § 9 Absatz 1 Nummer 1 des Krankenhausentgeltgesetzes, der Katalog ergänzender Zusatzentgelte nach § 9 Absatz 1 Nummer 2 des Krankenhausentgeltgesetzes und der Pflegeerlöskatalog nach § 9 Absatz 1 Nummer 2a des Krankenhausentgeltgesetzes werden für das Jahr 2022 mit den Entgeltkatalogen nach den Anlagen 1 bis 8 dieser Verordnung vorgegeben.</P></Content></text></textdaten></norm>
<norm builddate="20211123213050" doknr="BJNR632610021BJNE000200000"><metadaten><jurabk>DRG-EKV 2022</jurabk><enbez>Anlagen</enbez></metadaten><textdaten><text format="XML"><Content><P><noindex><kommentar typ="Fundstelle">(Fundstelle: BAnz AT 22.11.2021 V1)</kommentar></noindex></P><P/><P><FILE PREVIEW="banzat_2021_20211122v1.pdf_thumb.gif" SRC="banzat_2021_20211122v1.pdf" Type="pdf" title="PDF-Dokument wird in eigenem Fenster angezeigt"/></P><P><table colsep="0" frame="none" rowsep="0" tocentry="%yes;"><tgroup align="left" char="" charoff="50" cols="3"><colspec colname="col1" colwidth="20*"/><colspec colname="col2" colwidth="12*"/><colspec colname="col3" colwidth="138*"/><tbody valign="top"><row><entry VJ="1" colname="col1">Anlage 1</entry><entry VJ="1" nameend="col3" namest="col2">Fallpauschalen-Katalog und Pflegeerlöskatalog<BR/> (Entgelte nach § 9 Absatz 1 Nummer 1 und 2a des Krankenhausentgeltgesetzes)</entry></row><row><entry VJ="1" colname="col1"/><entry VJ="1" colname="col2">Teil a</entry><entry VJ="1" colname="col3">Bewertungsrelationen bei Versorgung durch Hauptabteilungen</entry></row><row><entry VJ="1" colname="col1"/><entry VJ="1" colname="col2">Teil b</entry><entry VJ="1" colname="col3">Bewertungsrelationen bei Versorgung durch Belegabteilungen</entry></row><row><entry VJ="1" colname="col1"/><entry VJ="1" colname="col2">Teil c</entry><entry VJ="1" colname="col3">Bewertungsrelationen bei teilstationärer Versorgung</entry></row><row><entry VJ="1" colname="col1"/><entry VJ="1" colname="col2">Teil d</entry><entry VJ="1" colname="col3">Bewertungsrelationen mit gezielter Absenkung in Abhängigkeit der Median-Fallzahl bei Versorgung durch Hauptabteilung</entry></row><row><entry VJ="1" colname="col1"/><entry VJ="1" colname="col2">Teil e</entry><entry VJ="1" colname="col3">Bewertungsrelationen mit gezielter Absenkung in Abhängigkeit der Median-Fallzahl bei Versorgung durch Belegabteilung</entry></row><row><entry VJ="1" colname="col1">Anlage 2</entry><entry VJ="1" nameend="col3" namest="col2">Zusatzentgelte-Katalog – Liste –<BR/> (Entgelte nach § 9 Absatz 1 Nummer 2 des Krankenhausentgeltgesetzes)</entry></row><row><entry VJ="1" colname="col1">Anlage 3a</entry><entry VJ="1" nameend="col3" namest="col2">Nicht mit dem Fallpauschalen-Katalog vergütete vollstationäre Leistungen und Pflegeerlöskatalog<BR/> (Entgelte nach § 6 Absatz 1 Satz 1 des Krankenhausentgeltgesetzes)</entry></row><row><entry VJ="1" colname="col1">Anlage 3b</entry><entry VJ="1" nameend="col3" namest="col2">Nicht mit dem Fallpauschalen-Katalog vergütete teilstationäre Leistungen und Pflegeerlöskatalog<BR/> (Entgelte nach § 6 Absatz 1 Satz 1 des Krankenhausentgeltgesetzes)</entry></row><row><entry VJ="1" colname="col1">Anlage 4</entry><entry VJ="1" nameend="col3" namest="col2">Zusatzentgelte-Katalog – Liste –<BR/> (Entgelte nach § 6 Absatz 1 Satz 1 des Krankenhausentgeltgesetzes)</entry></row><row><entry VJ="1" colname="col1">Anlage 5</entry><entry VJ="1" nameend="col3" namest="col2">Zusatzentgelte-Katalog – Definition und differenzierte Beträge –<BR/> (Entgelte nach § 9 Absatz 1 Nummer 2 des Krankenhausentgeltgesetzes)</entry></row><row><entry VJ="1" colname="col1">Anlage 6</entry><entry VJ="1" nameend="col3" namest="col2">Zusatzentgelte-Katalog – Definition –<BR/> (Entgelte nach § 6 Absatz 1 Satz 1 des Krankenhausentgeltgesetzes)</entry></row><row><entry VJ="1" colname="col1">Anlage 7</entry><entry VJ="1" nameend="col3" namest="col2">Zusatzentgelte-Katalog – Blutgerinnungsstörungen –<BR/> (Entgelte nach § 6 Absatz 1 Satz 1 des Krankenhausentgeltgesetzes)</entry></row><row><entry VJ="1" colname="col1">Anlage 8</entry><entry VJ="1" nameend="col3" namest="col2">Ergänzende Informationen zur Abrechnung von bewerteten Zusatzentgelten aus dem Zusatzentgelte-Katalog (Anlage 2 und Anlage 5)</entry></row></tbody></tgroup></table></P></Content></text></textdaten></norm>
</dokumente>