<?xml version="1.0" encoding="UTF-8" ?><!DOCTYPE dokumente SYSTEM "http://www.gesetze-im-internet.de/dtd/1.01/gii-norm.dtd">
<dokumente builddate="20231211213504" doknr="BJNR13D0A0023"><norm builddate="20231211213504" doknr="BJNR13D0A0023"><metadaten><jurabk>GerüstbArbbV 8</jurabk><amtabk>8. GerüstbauerArbbV</amtabk><ausfertigung-datum manuell="ja">2023-11-22</ausfertigung-datum><fundstelle typ="amtlich"><periodikum>BGBl I</periodikum><zitstelle>2023, Nr. 317</zitstelle></fundstelle><kurzue>Achte Gerüstbauerarbeitsbedingungenverordnung</kurzue><langue>Achte Verordnung über zwingende Arbeitsbedingungen im Gerüstbauerhandwerk</langue><standangabe checked="ja"><standtyp>Aufh</standtyp><standkommentar>Die V tritt gem. § 3 dieser V mit Ablauf des 30.9.2025 außer Kraft</standkommentar></standangabe></metadaten><textdaten><fussnoten><Content><P><BR/> <pre xml:space="preserve">(+++ Textnachweis ab: 1.12.2023 +++)<BR/><BR/></pre></P></Content></fussnoten></textdaten></norm>
<norm builddate="20231211213504" doknr="BJNR13D0A0023BJNE000100000"><metadaten><jurabk>GerüstbArbbV 8</jurabk><jurabk>8. GerüstbauerArbbV</jurabk><enbez>Eingangsformel</enbez></metadaten><textdaten><text format="XML"><Content><P>Auf Grund des § 7 Absatz 1 und 2 in Verbindung mit Absatz 4 des Arbeitnehmer-Entsendegesetzes, dessen Absatz 1 durch Artikel 1 Nummer 7 des Gesetzes vom 10. Juli 2020 (BGBl. I S. 1657) und dessen Absatz 4 durch Artikel 6 Nummer 6 Buchstabe c des Gesetzes vom 11. August 2014 (BGBl. I S. 1348) geändert worden ist, verordnet das Bundesministerium für Arbeit und Soziales, nachdem es den in den Geltungsbereich dieser Verordnung fallenden Arbeitgebern, Arbeitnehmerinnen und Arbeitnehmern, den Parteien des Tarifvertrags nach § 1 Absatz 1 dieser Verordnung, den Parteien von Tarifverträgen in der Branche mit zumindest teilweise demselben fachlichen Geltungsbereich sowie den paritätisch besetzten Kommissionen, die auf der Grundlage kirchlichen Rechts Arbeitsbedingungen für den Bereich kirchlicher Arbeitgeber zumindest teilweise im Geltungsbereich dieser Rechtsverordnung festlegen, Gelegenheit zur schriftlichen Stellungnahme gegeben hat:</P></Content></text></textdaten></norm>
<norm builddate="20231211213504" doknr="BJNR13D0A0023BJNE000200000"><metadaten><jurabk>GerüstbArbbV 8</jurabk><jurabk>8. GerüstbauerArbbV</jurabk><enbez>§ 1</enbez><titel format="XML">Zwingende Arbeitsbedingungen</titel></metadaten><textdaten><text format="XML"><Content><P>(1) Die in der Anlage zu dieser Verordnung aufgeführten Rechtsnormen des Tarifvertrags zur Regelung eines Mindestlohns im Gerüstbauer-Handwerk im Gebiet der Bundesrepublik Deutschland vom 1. August 2023 (TV Mindestlohn), abgeschlossen zwischen dem Bundesverband Gerüstbau e. V., Rösrather Straße 645, 51107 Köln, und der Bundesinnung für das Gerüstbauer-Handwerk, Rösrather Straße 645, 51107 Köln, einerseits sowie der Industriegewerkschaft Bauen-Agrar-Umwelt, Bundesvorstand, Olof-Palme-Straße 19, 60439 Frankfurt am Main, andererseits, finden auf alle nicht an ihn gebundenen Arbeitgeber sowie Arbeitnehmerinnen und Arbeitnehmer Anwendung, die unter seinen am 1. Dezember 2023 gültigen Geltungsbereich fallen, wenn der Betrieb oder die selbstständige Betriebsabteilung im Sinne des fachlichen Geltungsbereichs des TV Mindestlohn überwiegend Bauleistungen im Sinne des § 101 Absatz 2 des Dritten Buches Sozialgesetzbuch erbringt.</P><P>(2) Die Rechtsnormen des TV Mindestlohn finden auch auf Arbeitsverhältnisse zwischen einem Arbeitgeber mit Sitz im Ausland und seinen im Geltungsbereich dieser Verordnung beschäftigten Arbeitnehmerinnen und Arbeitnehmer Anwendung.</P><P>(3) Wird eine Leiharbeitnehmerin oder ein Leiharbeitnehmer von einem Entleiher mit Tätigkeiten beschäftigt, die in den Geltungsbereich dieser Verordnung fallen, so hat der Verleiher ihr oder ihm nach § 8 Absatz 3 des Arbeitnehmer-Entsendegesetzes zumindest die nach dieser Verordnung vorgeschriebenen Arbeitsbedingungen zu gewähren; dies gilt auch dann, wenn der Betrieb des Entleihers nicht in den fachlichen Geltungsbereich dieser Verordnung fällt.</P></Content></text></textdaten></norm>
<norm builddate="20231211213504" doknr="BJNR13D0A0023BJNE000300000"><metadaten><jurabk>GerüstbArbbV 8</jurabk><jurabk>8. GerüstbauerArbbV</jurabk><enbez>§ 2</enbez><titel format="XML">Anwendungsausnahmen</titel></metadaten><textdaten><text format="XML"><Content><P>Diese Verordnung findet keine Anwendung auf Gesamtheiten von Arbeitnehmerinnen und Arbeitnehmern im Sinne des § 1 Nummer 2 Abschnitt II Satz 3 des TV Mindestlohn <DL Type="arabic"><DT>1.</DT><DD Font="normal"><LA>deren Arbeitgeber anderweitig tarifvertraglich gebunden sind oder</LA></DD><DT>2.</DT><DD Font="normal"><LA>die bei Arbeitgebern im Ausland beschäftigt sind.</LA></DD></DL></P></Content></text></textdaten></norm>
<norm builddate="20231211213504" doknr="BJNR13D0A0023BJNE000400000"><metadaten><jurabk>GerüstbArbbV 8</jurabk><jurabk>8. GerüstbauerArbbV</jurabk><enbez>§ 3</enbez><titel format="XML">Inkrafttreten, Außerkrafttreten</titel></metadaten><textdaten><text format="XML"><Content><P>Diese Verordnung tritt am 1. Dezember 2023 in Kraft und mit Ablauf des 30. September 2025 außer Kraft.</P></Content></text></textdaten></norm>
<norm builddate="20231211213504" doknr="BJNR13D0A0023BJNE000500000"><metadaten><jurabk>GerüstbArbbV 8</jurabk><jurabk>8. GerüstbauerArbbV</jurabk><enbez>Anlage</enbez><titel format="XML">(zu § 1 Absatz 1)<BR/>Rechtsnormen des Tarifvertrags zur Regelung eines Mindestlohns im Gerüstbauer-Handwerk im Gebiet der Bundesrepublik Deutschland (TV Mindestlohn) vom 1. August 2023</titel></metadaten><textdaten><text format="XML"><Content><P><noindex><kommentar typ="Fundstelle">(Fundstelle: BGBl. 2023 I Nr. 317, S. 3 - 4)</kommentar></noindex><BR/>(Text der Anlage siehe: TVMindestlohn Gerüstb 8)</P></Content></text></textdaten></norm>
</dokumente>