<?xml version="1.0" encoding="UTF-8" ?><!DOCTYPE dokumente SYSTEM "http://www.gesetze-im-internet.de/dtd/1.01/gii-norm.dtd">
<dokumente builddate="20240705214521" doknr="BJNR026610001"><norm builddate="20240705214521" doknr="BJNR026610001"><metadaten><jurabk>LPartG</jurabk><amtabk>LPartG</amtabk><ausfertigung-datum manuell="ja">2001-02-16</ausfertigung-datum><fundstelle typ="amtlich"><periodikum>BGBl I</periodikum><zitstelle>2001, 266</zitstelle></fundstelle><kurzue>Lebenspartnerschaftsgesetz</kurzue><langue>Gesetz über die Eingetragene Lebenspartnerschaft</langue><standangabe checked="ja"><standtyp>Stand</standtyp><standkommentar>Zuletzt geändert durch Art. 5 Abs. 3 G v. 11.6.2024 I Nr. 185</standkommentar></standangabe></metadaten><textdaten><fussnoten><Content><P><BR/> <pre xml:space="preserve">(+++ Textnachweis ab: 1.8.2001 +++)<BR/><BR/></pre>Das G wurde als Artikel 1 G v. 16.2.2001 I 266 (LPartEDiskrG) vom Bundestag beschlossen. Es ist gem. Art. 5 dieses G am 1.8.2001 in Kraft getreten.</P><P><BR/> Das G idF d. G v. 11.12.2001 I 3513 ist gem. BVerfGE v. 17.7.2002 I 3197 (1 BvF 1/01, 1 BvF 2/01) mit dem GG vereinbar.</P></Content></fussnoten></textdaten></norm>
<norm builddate="20240705214521" doknr="BJNR026610001BJNG000200305"><metadaten><jurabk>LPartG</jurabk><gliederungseinheit><gliederungskennzahl>010</gliederungskennzahl><gliederungsbez>Abschnitt 1</gliederungsbez><gliederungstitel>Begründung der Lebenspartnerschaft</gliederungstitel></gliederungseinheit></metadaten><textdaten><text format="XML"><Content><P/></Content></text></textdaten></norm>
<norm builddate="20240705214521" doknr="BJNR026610001BJNE000104360"><metadaten><jurabk>LPartG</jurabk><enbez>§ 1</enbez><titel format="XML">Lebenspartnerschaft</titel></metadaten><textdaten><text format="XML"><Content><P>Nach dem 30. September 2017 können Lebenspartnerschaften zwischen zwei Personen gleichen Geschlechts nicht mehr begründet werden. Dieses Gesetz gilt für <DL Font="normal" Type="arabic"><DT>1.</DT><DD Font="normal"><LA Size="normal">vor dem 1. Oktober 2017 in der Bundesrepublik Deutschland begründete Lebenspartnerschaften und</LA></DD><DT>2.</DT><DD Font="normal"><LA Size="normal">im Ausland begründete Lebenspartnerschaften, soweit auf sie deutsches Recht anwendbar ist.</LA></DD></DL></P></Content></text><fussnoten/></textdaten></norm>
<norm builddate="20240705214521" doknr="BJNR026610001BJNG000300305"><metadaten><jurabk>LPartG</jurabk><gliederungseinheit><gliederungskennzahl>020</gliederungskennzahl><gliederungsbez>Abschnitt 2</gliederungsbez><gliederungstitel>Wirkungen der Lebenspartnerschaft</gliederungstitel></gliederungseinheit></metadaten><textdaten><text format="XML"><Content><P/></Content></text></textdaten></norm>
<norm builddate="20240705214521" doknr="BJNR026610001BJNE000200305"><metadaten><jurabk>LPartG</jurabk><enbez>§ 2</enbez><titel format="parat">Partnerschaftliche Lebensgemeinschaft</titel></metadaten><textdaten><text format="XML"><Content><P>Die Lebenspartner sind einander zu Fürsorge und Unterstützung sowie zur gemeinsamen Lebensgestaltung verpflichtet. Sie tragen füreinander Verantwortung.</P></Content></text></textdaten></norm>
<norm builddate="20240705214521" doknr="BJNR026610001BJNE002201377"><metadaten><jurabk>LPartG</jurabk><enbez>§ 3</enbez><titel format="XML">Lebenspartnerschaftsname</titel></metadaten><textdaten><text format="XML"><Content><P>(1) Die Lebenspartner können einen gemeinsamen Namen (Lebenspartnerschaftsnamen) bestimmen. Zu ihrem Lebenspartnerschaftsnamen können die Lebenspartner durch Erklärung gegenüber dem Standesamt den Geburtsnamen oder den zur Zeit der Erklärung über die Bestimmung des Lebenspartnerschaftsnamens geführten Namen eines der Lebenspartner bestimmen. Die Erklärung über die Bestimmung des Lebenspartnerschaftsnamens soll bei der Begründung der Lebenspartnerschaft erfolgen. Wird die Erklärung später abgegeben, muss sie öffentlich beglaubigt werden.</P><P>(2) Ein Lebenspartner, dessen Name nicht Lebenspartnerschaftsname wird, kann durch Erklärung gegenüber dem Standesamt dem Lebenspartnerschaftsnamen seinen Geburtsnamen oder den zur Zeit der Erklärung über die Bestimmung des Lebenspartnerschaftsnamens geführten Namen voranstellen oder anfügen. Dies gilt nicht, wenn der Lebenspartnerschaftsname aus mehreren Namen besteht. Besteht der Name eines Lebenspartners aus mehreren Namen, so kann nur einer dieser Namen hinzugefügt werden. Die Erklärung kann gegenüber dem Standesamt widerrufen werden; in diesem Fall ist eine erneute Erklärung nach Satz 1 nicht zulässig. Die Erklärung, wenn sie nicht bei der Begründung der Lebenspartnerschaft gegenüber einem deutschen Standesamt abgegeben wird, und der Widerruf müssen öffentlich beglaubigt werden.</P><P>(3) Ein Lebenspartner behält den Lebenspartnerschaftsnamen auch nach der Beendigung der Lebenspartnerschaft. Er kann durch Erklärung gegenüber dem Standesamt seinen Geburtsnamen oder den Namen wieder annehmen, den er bis zur Bestimmung des Lebenspartnerschaftsnamens geführt hat, oder dem Lebenspartnerschaftsnamen seinen Geburtsnamen oder den bis zur Bestimmung des Lebenspartnerschaftsnamens geführten Namen voranstellen oder anfügen. Absatz 2 gilt entsprechend.</P><P>(4) Geburtsname ist der Name, der in die Geburtsurkunde eines Lebenspartners zum Zeitpunkt der Erklärung gegenüber dem Standesamt einzutragen ist.</P><P>(5) (weggefallen)</P></Content></text><fussnoten/></textdaten></norm>
<norm builddate="20240705214521" doknr="BJNR026610001BJNE000400305"><metadaten><jurabk>LPartG</jurabk><enbez>§ 4</enbez><titel format="parat">Umfang der Sorgfaltspflicht</titel></metadaten><textdaten><text format="XML"><Content><P>Die Lebenspartner haben bei der Erfüllung der sich aus dem lebenspartnerschaftlichen Verhältnis ergebenden Verpflichtungen einander nur für diejenige Sorgfalt einzustehen, welche sie in eigenen Angelegenheiten anzuwenden pflegen.</P></Content></text></textdaten></norm>
<norm builddate="20240705214521" doknr="BJNR026610001BJNE000502377"><metadaten><jurabk>LPartG</jurabk><enbez>§ 5</enbez><titel format="XML">Verpflichtung zum Lebenspartnerschaftsunterhalt</titel></metadaten><textdaten><text format="XML"><Content><P>Die Lebenspartner sind einander verpflichtet, durch ihre Arbeit und mit ihrem Vermögen die partnerschaftliche Lebensgemeinschaft angemessen zu unterhalten. § 1360 Satz 2, die §§ 1360a, 1360b und 1609 des Bürgerlichen Gesetzbuchs gelten entsprechend.</P></Content></text><fussnoten/></textdaten></norm>
<norm builddate="20240705214521" doknr="BJNR026610001BJNE000601377"><metadaten><jurabk>LPartG</jurabk><enbez>§ 6</enbez><titel format="parat">Güterstand</titel></metadaten><textdaten><text format="XML"><Content><P>Die Lebenspartner leben im Güterstand der Zugewinngemeinschaft, wenn sie nicht durch Lebenspartnerschaftsvertrag (§ 7) etwas anderes vereinbaren. § 1363 Abs. 2 und die §§ 1364 bis 1390 des Bürgerlichen Gesetzbuchs gelten entsprechend.</P></Content></text><fussnoten/></textdaten></norm>
<norm builddate="20240705214521" doknr="BJNR026610001BJNE000702125"><metadaten><jurabk>LPartG</jurabk><enbez>§ 7</enbez><titel format="XML">Lebenspartnerschaftsvertrag</titel></metadaten><textdaten><text format="XML"><Content><P>Die Lebenspartner können ihre güterrechtlichen Verhältnisse durch Vertrag (Lebenspartnerschaftsvertrag) regeln. Die §§ 1409 bis 1519 des Bürgerlichen Gesetzbuchs gelten entsprechend.</P></Content></text><fussnoten/></textdaten></norm>
<norm builddate="20240705214521" doknr="BJNR026610001BJNE000801377"><metadaten><jurabk>LPartG</jurabk><enbez>§ 8</enbez><titel format="parat">Sonstige vermögensrechtliche Wirkungen</titel></metadaten><textdaten><text format="XML"><Content><P>(1) Zugunsten der Gläubiger eines der Lebenspartner wird vermutet, dass die im Besitz eines Lebenspartners oder beider Lebenspartner befindlichen beweglichen Sachen dem Schuldner gehören. Im Übrigen gilt § 1362 Abs. 1 Satz 2 und 3 und Abs. 2 des Bürgerlichen Gesetzbuchs entsprechend.</P><P>(2) § 1357 des Bürgerlichen Gesetzbuchs gilt entsprechend.</P></Content></text><fussnoten/></textdaten></norm>
<norm builddate="20240705214521" doknr="BJNR026610001BJNE000904123"><metadaten><jurabk>LPartG</jurabk><enbez>§ 9</enbez><titel format="XML">Regelungen in Bezug auf Kinder eines Lebenspartners</titel></metadaten><textdaten><text format="XML"><Content><P>(1) Führt der allein sorgeberechtigte Elternteil eine Lebenspartnerschaft, hat sein Lebenspartner im Einvernehmen mit dem sorgeberechtigten Elternteil die Befugnis zur Mitentscheidung in Angelegenheiten des täglichen Lebens des Kindes. § 1629 Abs. 2 Satz 1 des Bürgerlichen Gesetzbuchs gilt entsprechend.</P><P>(2) Bei Gefahr im Verzug ist der Lebenspartner dazu berechtigt, alle Rechtshandlungen vorzunehmen, die zum Wohl des Kindes notwendig sind; der sorgeberechtigte Elternteil ist unverzüglich zu unterrichten.</P><P>(3) Das Familiengericht kann die Befugnisse nach Absatz 1 einschränken oder ausschließen, wenn dies zum Wohl des Kindes erforderlich ist.</P><P>(4) Die Befugnisse nach Absatz 1 bestehen nicht, wenn die Lebenspartner nicht nur vorübergehend getrennt leben.</P><P>(5) Der Elternteil, dem die elterliche Sorge für ein unverheiratetes Kind allein oder gemeinsam mit dem anderen Elternteil zusteht, und sein Lebenspartner können dem Kind, das sie in ihren gemeinsamen Haushalt aufgenommen haben, durch Erklärung gegenüber dem Standesamt ihren Lebenspartnerschaftsnamen erteilen. § 1618 Satz 2 bis 6 des Bürgerlichen Gesetzbuchs gilt entsprechend.</P><P>(6) Nimmt ein Lebenspartner ein Kind allein an, ist hierfür die Einwilligung des anderen Lebenspartners erforderlich. § 1749 Absatz 1 Satz 2 und 3 sowie Absatz 2 des Bürgerlichen Gesetzbuchs gilt entsprechend.</P><P>(7) Ein Lebenspartner kann ein Kind seines Lebenspartners allein annehmen. Für diesen Fall gelten die §§ 1742, 1743 Satz 1, § 1751 Abs. 2 und 4 Satz 2, § 1754 Abs. 1 und 3, § 1755 Abs. 2, § 1756 Abs. 2, § 1757 Abs. 2 Satz 1 und § 1772 Abs. 1 Satz 1 Buchstabe c des Bürgerlichen Gesetzbuchs entsprechend.</P></Content></text><fussnoten/></textdaten></norm>
<norm builddate="20240705214521" doknr="BJNR026610001BJNE001003308"><metadaten><jurabk>LPartG</jurabk><enbez>§ 10</enbez><titel format="XML">Erbrecht</titel></metadaten><textdaten><text format="XML"><Content><P>(1) Der überlebende Lebenspartner des Erblassers ist neben Verwandten der ersten Ordnung zu einem Viertel, neben Verwandten der zweiten Ordnung oder neben Großeltern zur Hälfte der Erbschaft gesetzlicher Erbe. Treffen mit Großeltern Abkömmlinge von Großeltern zusammen, so erhält der Lebenspartner auch von der anderen Hälfte den Anteil, der nach § 1926 des Bürgerlichen Gesetzbuchs den Abkömmlingen zufallen würde. Zusätzlich stehen ihm die zum lebenspartnerschaftlichen Haushalt gehörenden Gegenstände, soweit sie nicht Zubehör eines Grundstücks sind, und die Geschenke zur Begründung der Lebenspartnerschaft als Voraus zu. Ist der überlebende Lebenspartner neben Verwandten der ersten Ordnung gesetzlicher Erbe, so steht ihm der Voraus nur zu, soweit er ihn zur Führung eines angemessenen Haushalts benötigt. Auf den Voraus sind die für Vermächtnisse geltenden Vorschriften anzuwenden. Gehört der überlebende Lebenspartner zu den erbberechtigten Verwandten, so erbt er zugleich als Verwandter. Der Erbteil, der ihm aufgrund der Verwandtschaft zufällt, gilt als besonderer Erbteil.</P><P>(2) Sind weder Verwandte der ersten noch der zweiten Ordnung noch Großeltern vorhanden, erhält der überlebende Lebenspartner die ganze Erbschaft. Bestand beim Erbfall Gütertrennung und sind als gesetzliche Erben neben dem überlebenden Lebenspartner ein oder zwei Kinder des Erblassers berufen, so erben der überlebende Lebenspartner und jedes Kind zu gleichen Teilen; § 1924 Abs. 3 des Bürgerlichen Gesetzbuchs gilt auch in diesem Fall.</P><P>(3) Das Erbrecht des überlebenden Lebenspartners ist ausgeschlossen, wenn zur Zeit des Todes des Erblassers <DL Font="normal" Type="arabic"><DT>1.</DT><DD Font="normal"><LA Size="normal">die Voraussetzungen für die Aufhebung der Lebenspartnerschaft nach § 15 Abs. 2 Nr. 1 oder 2 gegeben waren und der Erblasser die Aufhebung beantragt oder ihr zugestimmt hatte oder</LA></DD><DT>2.</DT><DD Font="normal"><LA Size="normal">der Erblasser einen Antrag nach § 15 Abs. 2 Nr. 3 gestellt hatte und dieser Antrag begründet war.</LA></DD></DL>In diesen Fällen gilt § 16 entsprechend.</P><P>(4) Lebenspartner können ein gemeinschaftliches Testament errichten. Die §§ 2266 bis 2272 des Bürgerlichen Gesetzbuchs gelten entsprechend.</P><P>(5) Auf eine letztwillige Verfügung, durch die der Erblasser seinen Lebenspartner bedacht hat, ist § 2077 des Bürgerlichen Gesetzbuchs entsprechend anzuwenden.</P><P>(6) Hat der Erblasser den überlebenden Lebenspartner durch Verfügung von Todes wegen von der Erbfolge ausgeschlossen, kann dieser von den Erben die Hälfte des Wertes des gesetzlichen Erbteils als Pflichtteil verlangen. Die Vorschriften des Bürgerlichen Gesetzbuchs über den Pflichtteil gelten mit der Maßgabe entsprechend, dass der Lebenspartner wie ein Ehegatte zu behandeln ist.</P><P>(7) Die Vorschriften des Bürgerlichen Gesetzbuchs über das Inventar für eine zum Gesamtgut gehörende Erbschaft und über den Erbverzicht gelten entsprechend.</P></Content></text><fussnoten/></textdaten></norm>
<norm builddate="20240705214521" doknr="BJNR026610001BJNE001100305"><metadaten><jurabk>LPartG</jurabk><enbez>§ 11</enbez><titel format="parat">Sonstige Wirkungen der Lebenspartnerschaft</titel></metadaten><textdaten><text format="XML"><Content><P>(1) Ein Lebenspartner gilt als Familienangehöriger des anderen Lebenspartners, soweit nicht etwas anderes bestimmt ist.</P><P>(2) Die Verwandten eines Lebenspartners gelten als mit dem anderen Lebenspartner verschwägert. Die Linie und der Grad der Schwägerschaft bestimmen sich nach der Linie und dem Grad der sie vermittelnden Verwandtschaft. Die Schwägerschaft dauert fort, auch wenn die Lebenspartnerschaft, die sie begründet hat, aufgelöst wurde.</P></Content></text></textdaten></norm>
<norm builddate="20240705214521" doknr="BJNR026610001BJNG000400305"><metadaten><jurabk>LPartG</jurabk><gliederungseinheit><gliederungskennzahl>030</gliederungskennzahl><gliederungsbez>Abschnitt 3</gliederungsbez><gliederungstitel>Getrenntleben der Lebenspartner</gliederungstitel></gliederungseinheit></metadaten><textdaten><text format="XML"><Content><P/></Content></text></textdaten></norm>
<norm builddate="20240705214521" doknr="BJNR026610001BJNE001202377"><metadaten><jurabk>LPartG</jurabk><enbez>§ 12</enbez><titel format="XML">Unterhalt bei Getrenntleben</titel></metadaten><textdaten><text format="XML"><Content><P>Leben die Lebenspartner getrennt, so kann ein Lebenspartner von dem anderen den nach den Lebensverhältnissen und den Erwerbs- und Vermögensverhältnissen der Lebenspartner angemessenen Unterhalt verlangen. Die §§ 1361 und 1609 des Bürgerlichen Gesetzbuchs gelten entsprechend.</P></Content></text><fussnoten/></textdaten></norm>
<norm builddate="20240705214521" doknr="BJNR026610001BJNE001301160"><metadaten><jurabk>LPartG</jurabk><enbez>§ 13</enbez><titel format="XML">Verteilung der Haushaltsgegenstände bei Getrenntleben</titel></metadaten><textdaten><text format="XML"><Content><P>(1) Leben die Lebenspartner getrennt, so kann jeder von ihnen die ihm gehörenden Haushaltsgegenstände von dem anderen Lebenspartner herausverlangen. Er ist jedoch verpflichtet, sie dem anderen Lebenspartner zum Gebrauch zu überlassen, soweit dieser sie zur Führung eines abgesonderten Haushalts benötigt und die Überlassung nach den Umständen des Falles der Billigkeit entspricht.</P><P>(2) Haushaltsgegenstände, die den Lebenspartnern gemeinsam gehören, werden zwischen ihnen nach den Grundsätzen der Billigkeit verteilt. Das Gericht kann eine angemessene Vergütung für die Benutzung der Haushaltsgegenstände festsetzen.</P><P>(3) Die Eigentumsverhältnisse bleiben unberührt, sofern die Lebenspartner nichts anderes vereinbaren.</P></Content></text><fussnoten/></textdaten></norm>
<norm builddate="20240705214521" doknr="BJNR026610001BJNE001401377"><metadaten><jurabk>LPartG</jurabk><enbez>§ 14</enbez><titel format="parat">Wohnungszuweisung bei Getrenntleben</titel></metadaten><textdaten><text format="XML"><Content><P>(1) Leben die Lebenspartner voneinander getrennt oder will einer von ihnen getrennt leben, so kann ein Lebenspartner verlangen, dass ihm der andere die gemeinsame Wohnung oder einen Teil zur alleinigen Benutzung überlässt, soweit dies auch unter Berücksichtigung der Belange des anderen Lebenspartners notwendig ist, um eine unbillige Härte zu vermeiden. Eine unbillige Härte kann auch dann gegeben sein, wenn das Wohl von im Haushalt lebenden Kindern beeinträchtigt ist. Steht einem Lebenspartner allein oder gemeinsam mit einem Dritten das Eigentum, das Erbbaurecht oder der Nießbrauch an dem Grundstück zu, auf dem sich die gemeinsame Wohnung befindet, so ist dies besonders zu berücksichtigen; Entsprechendes gilt für das Wohnungseigentum, das Dauerwohnrecht und das dingliche Wohnrecht.</P><P>(2) Hat der Lebenspartner, gegen den sich der Antrag richtet, den anderen Lebenspartner widerrechtlich und vorsätzlich am Körper, der Gesundheit oder der Freiheit verletzt oder mit einer solchen Verletzung oder der Verletzung des Lebens widerrechtlich gedroht, ist in der Regel die gesamte Wohnung zur alleinigen Benutzung zu überlassen. Der Anspruch auf Wohnungsüberlassung ist nur dann ausgeschlossen, wenn keine weiteren Verletzungen und widerrechtlichen Drohungen zu besorgen sind, es sei denn, dass dem verletzten Lebenspartner das weitere Zusammenleben mit dem anderen wegen der Schwere der Tat nicht zuzumuten ist.</P><P>(3) Wurde einem Lebenspartner die gemeinsame Wohnung ganz oder zum Teil überlassen, so hat der andere alles zu unterlassen, was geeignet ist, die Ausübung dieses Nutzungsrechts zu erschweren oder zu vereiteln. Er kann von dem nutzungsberechtigten Lebenspartner eine Vergütung für die Nutzung verlangen, soweit dies der Billigkeit entspricht.</P><P>(4) Ist ein Lebenspartner aus der gemeinsamen Wohnung ausgezogen, um getrennt zu leben und hat er binnen sechs Monaten nach seinem Auszug eine ernstliche Rückkehrabsicht dem anderen Lebenspartner gegenüber nicht bekundet, so wird unwiderleglich vermutet, dass er dem in der gemeinsamen Wohnung verbliebenen Lebenspartner das alleinige Nutzungsrecht überlassen hat.</P></Content></text><fussnoten/></textdaten></norm>
<norm builddate="20240705214521" doknr="BJNR026610001BJNG000500305"><metadaten><jurabk>LPartG</jurabk><gliederungseinheit><gliederungskennzahl>040</gliederungskennzahl><gliederungsbez>Abschnitt 4</gliederungsbez><gliederungstitel>Aufhebung der Lebenspartnerschaft</gliederungstitel></gliederungseinheit></metadaten><textdaten><text format="XML"><Content><P/></Content></text></textdaten></norm>
<norm builddate="20240705214521" doknr="BJNR026610001BJNE001503123"><metadaten><jurabk>LPartG</jurabk><enbez>§ 15</enbez><titel format="XML">Aufhebung der Lebenspartnerschaft</titel></metadaten><textdaten><text format="XML"><Content><P>(1) Die Lebenspartnerschaft wird auf Antrag eines oder beider Lebenspartner durch richterliche Entscheidung aufgehoben.</P><P>(2) Das Gericht hebt die Lebenspartnerschaft auf, wenn <DL Font="normal" Type="arabic"><DT>1.</DT><DD Font="normal"><LA Size="normal">die Lebenspartner seit einem Jahr getrennt leben und<DL Font="normal" Type="arabic"><DT>a)</DT><DD Font="normal"><LA Size="normal">beide Lebenspartner die Aufhebung beantragen oder der Antragsgegner der Aufhebung zustimmt oder</LA></DD><DT>b)</DT><DD Font="normal"><LA Size="normal">nicht erwartet werden kann, dass eine partnerschaftliche Lebensgemeinschaft wieder hergestellt werden kann,</LA></DD></DL></LA></DD><DT>2.</DT><DD Font="normal"><LA Size="normal">ein Lebenspartner die Aufhebung beantragt und die Lebenspartner seit drei Jahren getrennt leben,</LA></DD><DT>3.</DT><DD Font="normal"><LA Size="normal">die Fortsetzung der Lebenspartnerschaft für den Antragsteller aus Gründen, die in der Person des anderen Lebenspartners liegen, eine unzumutbare Härte wäre.</LA></DD></DL>Das Gericht hebt die Lebenspartnerschaft ferner auf, wenn bei einem Lebenspartner ein Willensmangel im Sinne des § 1314 Abs. 2 Nr. 1 bis 4 des Bürgerlichen Gesetzbuchs vorlag; § 1316 Abs. 1 Nr. 2 des Bürgerlichen Gesetzbuchs gilt entsprechend.</P><P>(3) Die Lebenspartnerschaft soll nach Absatz 2 Satz 1 nicht aufgehoben werden, obwohl die Lebenspartner seit mehr als drei Jahren getrennt leben, wenn und solange die Aufhebung der Lebenspartnerschaft für den Antragsgegner, der sie ablehnt, aufgrund außergewöhnlicher Umstände eine so schwere Härte darstellen würde, dass die Aufrechterhaltung der Lebenspartnerschaft auch unter Berücksichtigung der Belange des Antragstellers ausnahmsweise geboten erscheint.</P><P>(4) Die Aufhebung nach Absatz 2 Satz 2 ist bei einer Bestätigung der Lebenspartnerschaft ausgeschlossen; § 1315 Absatz 1 Satz 1 Nummer 3 und 4 und § 1317 des Bürgerlichen Gesetzbuchs gelten entsprechend.</P><P>(5) Die Lebenspartner leben getrennt, wenn zwischen ihnen keine häusliche Gemeinschaft besteht und ein Lebenspartner sie erkennbar nicht herstellen will, weil er die lebenspartnerschaftliche Gemeinschaft ablehnt. § 1567 Abs. 1 Satz 2 und Abs. 2 des Bürgerlichen Gesetzbuchs gilt entsprechend.</P></Content></text><fussnoten/></textdaten></norm>
<norm builddate="20240705214521" doknr="BJNR026610001BJNE001602377"><metadaten><jurabk>LPartG</jurabk><enbez>§ 16</enbez><titel format="XML">Nachpartnerschaftlicher Unterhalt</titel></metadaten><textdaten><text format="XML"><Content><P>Nach der Aufhebung der Lebenspartnerschaft obliegt es jedem Lebenspartner, selbst für seinen Unterhalt zu sorgen. Ist er dazu außerstande, hat er gegen den anderen Lebenspartner einen Anspruch auf Unterhalt nur entsprechend den §§ 1570 bis 1586b und 1609 des Bürgerlichen Gesetzbuchs.</P></Content></text><fussnoten/></textdaten></norm>
<norm builddate="20240705214521" doknr="BJNR026610001BJNE001701160"><metadaten><jurabk>LPartG</jurabk><enbez>§ 17</enbez><titel format="XML">Behandlung der gemeinsamen Wohnung und der Haushaltsgegenstände anlässlich der Aufhebung der Lebenspartnerschaft</titel></metadaten><textdaten><text format="XML"><Content><P>Für die Behandlung der gemeinsamen Wohnung und der Haushaltsgegenstände anlässlich der Aufhebung der Lebenspartnerschaft gelten die §§ 1568a und 1568b des Bürgerlichen Gesetzbuchs entsprechend.</P></Content></text><fussnoten/></textdaten></norm>
<norm builddate="20240705214521" doknr="BJNR026610001BJNE001802160"><metadaten><jurabk>LPartG</jurabk><enbez>§ 18</enbez><titel format="XML">(weggefallen)</titel></metadaten><textdaten><text format="XML"><Content><P>-</P></Content></text><fussnoten/></textdaten></norm>
<norm builddate="20240705214521" doknr="BJNR026610001BJNE001901160"><metadaten><jurabk>LPartG</jurabk><enbez>§ 19</enbez><titel format="XML">(weggefallen)</titel></metadaten><textdaten><text format="XML"><Content><P>-</P></Content></text><fussnoten/></textdaten></norm>
<norm builddate="20240705214521" doknr="BJNR026610001BJNE002001140"><metadaten><jurabk>LPartG</jurabk><enbez>§ 20</enbez><titel format="XML">Versorgungsausgleich</titel></metadaten><textdaten><text format="XML"><Content><P>(1) Wird eine Lebenspartnerschaft aufgehoben, findet in entsprechender Anwendung des Versorgungsausgleichsgesetzes ein Ausgleich von im In- oder Ausland bestehenden Anrechten (§ 2 Abs. 1 des Versorgungsausgleichsgesetzes) statt, soweit sie in der Lebenspartnerschaftszeit begründet oder aufrechterhalten worden sind.</P><P>(2) Als Lebenspartnerschaftszeit gilt die Zeit vom Beginn des Monats, in dem die Lebenspartnerschaft begründet worden ist, bis zum Ende des Monats, der dem Eintritt der Rechtshängigkeit des Antrages auf Aufhebung der Lebenspartnerschaft vorausgeht.</P><P>(3) Schließen die Lebenspartner in einem Lebenspartnerschaftsvertrag (§ 7) Vereinbarungen über den Versorgungsausgleich, so sind die §§ 6 bis 8 des Versorgungsausgleichsgesetzes entsprechend anzuwenden.</P><P>(4) Die Absätze 1 bis 3 sind nicht anzuwenden, wenn die Lebenspartnerschaft vor dem 1. Januar 2005 begründet worden ist und die Lebenspartner eine Erklärung nach § 21 Abs. 4 nicht abgegeben haben.</P></Content></text><fussnoten/></textdaten></norm>
<norm builddate="20240705214521" doknr="BJNR026610001BJNG000800123"><metadaten><jurabk>LPartG</jurabk><gliederungseinheit><gliederungskennzahl>050</gliederungskennzahl><gliederungsbez>Abschnitt 5</gliederungsbez><gliederungstitel>Umwandlung einer Lebenspartnerschaft in eine Ehe</gliederungstitel></gliederungseinheit></metadaten><textdaten><text format="XML"><Content><P/></Content></text><fussnoten/></textdaten></norm>
<norm builddate="20240705214521" doknr="BJNR026610001BJNE002501360"><metadaten><jurabk>LPartG</jurabk><enbez>§ 20a</enbez><titel format="XML">Umwandlung einer Lebenspartnerschaft in eine Ehe</titel></metadaten><textdaten><text format="XML"><Content><P>(1) Eine Lebenspartnerschaft wird in eine Ehe umgewandelt, wenn beide Lebenspartner vor dem Standesbeamten persönlich und bei gleichzeitiger Anwesenheit erklären, miteinander eine Ehe führen zu wollen. Für die Umwandlung gelten die Vorschriften über die Eheschließung und die Eheaufhebung entsprechend. Die Lebenspartnerschaft wird nach der Umwandlung als Ehe fortgeführt.</P><P>(2) Bei der Umwandlung einer Lebenspartnerschaft in eine Ehe kann ein Ehename nicht mehr bestimmt werden, wenn die Lebenspartner zuvor bereits einen Lebenspartnerschaftsnamen nach § 3 bestimmt hatten.</P><P>(3) Ein Lebenspartnerschaftsvertrag gilt nach der Umwandlung der Lebenspartnerschaft in eine Ehe als Ehevertrag weiter.</P><P>(4) Die Umwandlung der Lebenspartnerschaft in eine Ehe hat keine Auswirkungen auf ein nach § 10 Absatz 4 errichtetes gemeinschaftliches Testament.</P><P>(5) Nach der Umwandlung der Lebenspartnerschaft in eine Ehe ist für Rechte und Pflichten der Ehegatten der Tag der Begründung der Lebenspartnerschaft maßgebend.</P><P>(6) Nach der Umwandlung der Lebenspartnerschaft in eine Ehe gilt für den Versorgungsausgleich der erste Tag des Monats, in dem die Lebenspartnerschaft begründet worden ist, als Beginn der Ehezeit.</P></Content></text><fussnoten/></textdaten></norm>
<norm builddate="20240705214521" doknr="BJNR026610001BJNG000601123"><metadaten><jurabk>LPartG</jurabk><gliederungseinheit><gliederungskennzahl>060</gliederungskennzahl><gliederungsbez>Abschnitt 6</gliederungsbez><gliederungstitel>Übergangsvorschriften</gliederungstitel></gliederungseinheit></metadaten><textdaten><text format="XML"><Content><P/></Content></text><fussnoten/></textdaten></norm>
<norm builddate="20240705214521" doknr="BJNR026610001BJNE002102360"><metadaten><jurabk>LPartG</jurabk><enbez>§ 21</enbez><titel format="XML">Anwendung eherechtlicher Regelungen auf Lebenspartnerschaften</titel></metadaten><textdaten><text format="XML"><Content><P>Regelungen zu Ehegatten und Ehen, die nach dem 22. Dezember 2018 in Kraft treten, gelten entsprechend für Lebenspartner und Lebenspartnerschaften, wenn nichts anderes bestimmt ist.</P></Content></text><fussnoten/></textdaten></norm>
<norm builddate="20240705214521" doknr="BJNR026610001BJNE002300377"><metadaten><jurabk>LPartG</jurabk><enbez>§ 22</enbez><titel format="parat">Abgabe von Vorgängen</titel></metadaten><textdaten><text format="XML"><Content><P>Die bis zum Inkrafttreten dieses Gesetzes nach Landesrecht für die Begründung der Lebenspartnerschaft zuständigen Stellen haben die bei ihnen entstandenen Vorgänge einer jeden Lebenspartnerschaft an das Standesamt abzugeben, das nach § 17 des Personenstandsgesetzes für die Entgegennahme der Erklärungen der Lebenspartner zuständig gewesen wäre. Sind danach mehrere Standesämter zuständig, so sind die Unterlagen an das Standesamt, in dessen Bezirk beide Lebenspartner ihren Wohnsitz oder ihren gewöhnlichen Aufenthalt haben, abzugeben; haben die Lebenspartner keinen gemeinsamen Wohnsitz oder gewöhnlichen Aufenthalt, so ist das Standesamt zuständig, in dessen Bezirk einer der Lebenspartner seinen Wohnsitz oder seinen gewöhnlichen Aufenthalt hat. Verbleiben auch danach noch mehrere Zuständigkeiten, so ist die abgebende Behörde bei der Wahl unter den zuständigen Standesämtern frei. Der Standesbeamte des danach zuständigen Standesamts hat die in § 17 in Verbindung mit den §§ 15, 16 des Personenstandsgesetzes bezeichneten Angaben unter Hinweis auf die Behörde, vor der die Lebenspartnerschaft begründet worden ist, in ein gesondertes Lebenspartnerschaftsregister einzutragen.</P></Content></text><fussnoten/></textdaten></norm>
<norm builddate="20240705214521" doknr="BJNR026610001BJNG000701123"><metadaten><jurabk>LPartG</jurabk><gliederungseinheit><gliederungskennzahl>070</gliederungskennzahl><gliederungsbez>Abschnitt 7</gliederungsbez><gliederungstitel>Länderöffnungsklausel</gliederungstitel></gliederungseinheit></metadaten><textdaten><text format="XML"><Content><P/></Content></text><fussnoten/></textdaten></norm>
<norm builddate="20240705214521" doknr="BJNR026610001BJNE002403360"><metadaten><jurabk>LPartG</jurabk><enbez>§ 23</enbez><titel format="XML">Abweichende landesrechtliche Zuständigkeiten</titel></metadaten><textdaten><text format="XML"><Content><P>Die Länder können abweichend von den §§ 3 und 9 bestimmen, dass die jeweiligen Erklärungen nicht gegenüber dem Standesbeamten, sondern gegenüber einer anderen Urkundsperson oder einer anderen Behörde abzugeben sind; bereits bestehende landesrechtliche Regelungen bleiben unberührt. Die zuständigen Behörden sind verpflichtet, dem zuständigen Standesamt die für die Eintragung in das Lebenspartnerschaftsregister erforderlichen Angaben mitzuteilen. Sie sind überdies berechtigt, personenbezogene Daten von Amts wegen an öffentliche Stellen des Bundes, der Länder und der Kommunen zu übermitteln, wenn die Kenntnis dieser Daten zur Ergänzung und Berichtigung sowie zur Fortführung von Unterlagen dieser Stellen im Rahmen ihrer Aufgaben erforderlich ist.</P></Content></text><fussnoten/></textdaten></norm>
</dokumente>