<?xml version="1.0" encoding="UTF-8" ?><!DOCTYPE dokumente SYSTEM "http://www.gesetze-im-internet.de/dtd/1.01/gii-norm.dtd">
<dokumente builddate="20241203223016" doknr="BJNR145900018"><norm builddate="20241203223016" doknr="BJNR145900018"><metadaten><jurabk>BinSchUO2018Anh III</jurabk><ausfertigung-datum manuell="ja">2018-09-21</ausfertigung-datum><fundstelle typ="amtlich"><periodikum>BGBl I</periodikum><zitstelle>2018, 1398, 1459</zitstelle></fundstelle><langue>Zusätzliche technische Vorschriften für Fahrzeuge auf Binnenwasserstraßen der Zonen 1 und 2<BR/>(Anhang III der Binnenschiffsuntersuchungsordnung BGBl I 2018, 1398)</langue><standangabe checked="ja"><standtyp>Stand</standtyp><standkommentar>Geändert durch Art. 1 Nr. 16 V v. 5.1.2022 I 2</standkommentar></standangabe><standangabe checked="ja"><standtyp>Hinweis</standtyp><standkommentar>Änderung durch Art. 2 Abs. 1 V v. 22.11.2024 I Nr. 370 textlich nachgewiesen, dokumentarisch noch nicht abschließend bearbeitet</standkommentar></standangabe></metadaten><textdaten><fussnoten><Content><P><BR/> <pre xml:space="preserve">(+++ Textnachweis ab: 7.10.2018 +++)<BR/>(+++ Zur Anwendung vgl. § 2.01 Nr. 3 +++)<BR/>(+++ Text der Verordnung siehe: BinSchUO 2018 +++)<BR/><BR/></pre></P></Content></fussnoten></textdaten></norm>
<norm builddate="20241203223016" doknr="BJNR145900018BJNE000100000"><metadaten><jurabk>BinSchUO2018Anh III</jurabk><enbez>Inhaltsverzeichnis</enbez></metadaten><textdaten><text format="XML"><Content><TOC><Ident Class="S2">Teil I</Ident><P/><Title Align="auto" Class="S2">Wasserstraßen der Zone 2-Binnen</Title><P/><Ident Class="S0">Kapitel 1</Ident><P/><Title Align="auto" Class="S0">Sonderbestimmungen für<BR/> Fahrzeuge auf Wasserstraßen der Zone 2-Binnen</Title><P/><table colsep="0" frame="none" pgwide="1" rowsep="0" tocentry="%yes;"><tgroup align="left" char="" charoff="50" cols="2"><colspec colname="col1" colwidth="8*"/><colspec align="justify" colname="col2" colwidth="72*"/><tbody valign="top"><row><entry VJ="1" colname="col1">§§</entry><entry VJ="1" colname="col2"/></row><row><entry VJ="1" colname="col1">1.01</entry><entry VJ="1" colname="col2">Allgemeines</entry></row><row><entry VJ="1" colname="col1">1.02</entry><entry VJ="1" colname="col2">Sonderbestimmungen für Fahrgastschiffe</entry></row></tbody></tgroup></table><P/><P/><Ident Class="S2">Teil II</Ident><P/><Title Align="auto" Class="S2">Wasserstraßen der Zone 2-See</Title><P/><Ident Class="S0">Kapitel 2</Ident><P/><Title Align="auto" Class="S0">Allgemeines</Title><P/><table colsep="0" frame="none" pgwide="1" rowsep="0" tocentry="%yes;"><tgroup align="left" char="" charoff="50" cols="2"><colspec colname="col1" colwidth="8*"/><colspec align="justify" colname="col2" colwidth="72*"/><tbody valign="top"><row><entry VJ="1" colname="col1">2.01</entry><entry VJ="1" colname="col2">Allgemeines</entry></row></tbody></tgroup></table><P/><Ident Class="S0">Kapitel 3</Ident><P/><Title Align="auto" Class="S0">Festigkeit</Title><table colsep="0" frame="none" pgwide="1" rowsep="0" tocentry="%yes;"><tgroup align="center" char="" charoff="50" cols="2"><colspec colname="col1" colwidth="8*"/><colspec colname="col2" colwidth="72*"/><tbody valign="top"><row><entry VJ="1" align="center" nameend="col2" namest="col1">(ohne Inhalt)</entry></row></tbody></tgroup></table><P/><Ident Class="S0">Kapitel 4</Ident><P/><Title Align="auto" Class="S0">Sicherheitsabstand und Freibord</Title><P/><table colsep="0" frame="none" pgwide="1" rowsep="0" tocentry="%yes;"><tgroup align="left" char="" charoff="50" cols="2"><colspec colname="col1" colwidth="8*"/><colspec align="justify" colname="col2" colwidth="72*"/><tbody valign="top"><row><entry VJ="1" colname="col1">4.01</entry><entry VJ="1" colname="col2">Sicherheitsabstand</entry></row><row><entry VJ="1" colname="col1">4.02</entry><entry VJ="1" colname="col2">Freibord</entry></row></tbody></tgroup></table><P/><Ident Class="S0">Kapitel 5</Ident><P/><Title Align="auto" Class="S0">Verschlusszustand der Öffnungen<BR/> des Schiffskörpers und der Aufbauten</Title><P/><table colsep="0" frame="none" pgwide="1" rowsep="0" tocentry="%yes;"><tgroup align="left" char="" charoff="50" cols="2"><colspec colname="col1" colwidth="8*"/><colspec align="justify" colname="col2" colwidth="72*"/><tbody valign="top"><row><entry VJ="1" colname="col1">5.01</entry><entry VJ="1" colname="col2">Aufbauten</entry></row><row><entry VJ="1" colname="col1">5.02</entry><entry VJ="1" colname="col2">Türen</entry></row><row><entry VJ="1" colname="col1">5.03</entry><entry VJ="1" colname="col2">Fenster und Oberlichter</entry></row><row><entry VJ="1" colname="col1">5.04</entry><entry VJ="1" colname="col2">Abdeckung der Laderäume</entry></row></tbody></tgroup></table><P/><Ident Class="S0">Kapitel 6</Ident><P/><Title Align="auto" Class="S0">Ausrüstung</Title><P/><table colsep="0" frame="none" pgwide="1" rowsep="0" tocentry="%yes;"><tgroup align="left" char="" charoff="50" cols="2"><colspec colname="col1" colwidth="8*"/><colspec align="justify" colname="col2" colwidth="72*"/><tbody valign="top"><row><entry VJ="1" colname="col1">6.01</entry><entry VJ="1" colname="col2">Ankerketten</entry></row><row><entry VJ="1" colname="col1">6.02</entry><entry VJ="1" colname="col2">Kompass</entry></row><row><entry VJ="1" colname="col1">6.03</entry><entry VJ="1" colname="col2">Navigationsradaranlage</entry></row><row><entry VJ="1" colname="col1">6.04</entry><entry VJ="1" colname="col2">Sende- und Empfangsanlagen</entry></row><row><entry VJ="1" colname="col1">6.05</entry><entry VJ="1" colname="col2">Rettungsmittel</entry></row><row><entry VJ="1" colname="col1">6.06</entry><entry VJ="1" colname="col2">Sonstige Ausrüstung</entry></row></tbody></tgroup></table><P/><Ident Class="S0">Kapitel 7</Ident><P/><Title Align="auto" Class="S0">Sonderbestimmungen für Fahrgastschiffe</Title><P/><table colsep="0" frame="none" pgwide="1" rowsep="0" tocentry="%yes;"><tgroup align="left" char="" charoff="50" cols="2"><colspec colname="col1" colwidth="8*"/><colspec align="justify" colname="col2" colwidth="72*"/><tbody valign="top"><row><entry VJ="1" colname="col1">7.01</entry><entry VJ="1" colname="col2">Allgemeines</entry></row><row><entry VJ="1" colname="col1">7.02</entry><entry VJ="1" colname="col2">Festigkeit</entry></row><row><entry VJ="1" colname="col1">7.03</entry><entry VJ="1" colname="col2">Stabilität, Sicherheitsabstand und Freibord</entry></row><row><entry VJ="1" colname="col1">7.04</entry><entry VJ="1" colname="col2">Höchstzulässige Zahl der Fahrgäste</entry></row><row><entry VJ="1" colname="col1">7.05</entry><entry VJ="1" colname="col2">Anker</entry></row><row><entry VJ="1" colname="col1">7.06</entry><entry VJ="1" colname="col2">Rettungsmittel</entry></row></tbody></tgroup></table><P/><Ident Class="S0">Kapitel 8</Ident><P/><Title Align="auto" Class="S0">Sonderbestimmungen<BR/> für Verbände und Containerverkehr</Title><table colsep="0" frame="none" pgwide="1" rowsep="0" tocentry="%yes;"><tgroup align="center" char="" charoff="50" cols="2"><colspec colname="col1" colwidth="8*"/><colspec colname="col2" colwidth="72*"/><tbody valign="top"><row><entry VJ="1" align="center" nameend="col2" namest="col1">(ohne Inhalt)</entry></row></tbody></tgroup></table><P/><Ident Class="S0">Kapitel 9</Ident><P/><Title Align="auto" Class="S0">Sonderbestimmungen<BR/> für schwimmende Geräte</Title><table colsep="0" frame="none" pgwide="1" rowsep="0" tocentry="%yes;"><tgroup align="center" char="" charoff="50" cols="2"><colspec colname="col1" colwidth="8*"/><colspec colname="col2" colwidth="72*"/><tbody valign="top"><row><entry VJ="1" align="center" nameend="col2" namest="col1">(ohne Inhalt)</entry></row></tbody></tgroup></table><P/><P/><Ident Class="S2">Teil III</Ident><P/><Title Align="auto" Class="S2">Wasserstraßen der Zone 1</Title><P/><P/><Ident Class="S0">Kapitel 10</Ident><P/><Title Align="auto" Class="S0">Sonderbestimmungen<BR/> für Fahrzeuge auf Wasserstraßen der Zone 1</Title><P/><table colsep="0" frame="none" pgwide="1" rowsep="0" tocentry="%yes;"><tgroup align="left" char="" charoff="50" cols="2"><colspec colname="col1" colwidth="8*"/><colspec align="justify" colname="col2" colwidth="72*"/><tbody valign="top"><row><entry VJ="1" colname="col1">10.01</entry><entry VJ="1" colname="col2">Allgemeines</entry></row><row><entry VJ="1" colname="col1">10.02</entry><entry VJ="1" colname="col2">Sicherheitsabstand</entry></row><row><entry VJ="1" colname="col1">10.03</entry><entry VJ="1" colname="col2">Freibord</entry></row><row><entry VJ="1" colname="col1">10.04</entry><entry VJ="1" colname="col2">Verschlusszustand</entry></row><row><entry VJ="1" colname="col1">10.05</entry><entry VJ="1" colname="col2">Festigkeit</entry></row><row><entry VJ="1" colname="col1">10.06</entry><entry VJ="1" colname="col2">Zulässige Fahrtbedingungen</entry></row><row><entry VJ="1" colname="col1">10.07</entry><entry VJ="1" colname="col2">Zusätzliche Ausrüstung</entry></row><row><entry VJ="1" colname="col1">10.08</entry><entry VJ="1" colname="col2">Sonderbestimmungen für Fahrgastschiffe</entry></row></tbody></tgroup></table><P/><P/><Ident Class="S2">Teil IV</Ident><P/><P/><Ident Class="S0">Kapitel 11</Ident><P/><Title Align="auto" Class="S0">Übergangsbestimmungen</Title><P/><table colsep="0" frame="none" pgwide="1" rowsep="0" tocentry="%yes;"><tgroup align="left" char="" charoff="50" cols="2"><colspec colname="col1" colwidth="8*"/><colspec align="justify" colname="col2" colwidth="72*"/><tbody valign="top"><row><entry VJ="1" colname="col1">11.01</entry><entry VJ="1" colname="col2">Anwendung der Übergangsbestimmungen für Fahrzeuge, die schon in Betrieb sind</entry></row><row><entry VJ="1" colname="col1">11.02</entry><entry VJ="1" colname="col2">Übergangsbestimmungen für Fahrzeuge, die schon in Betrieb sind</entry></row></tbody></tgroup></table><P/><table colsep="0" frame="none" pgwide="1" rowsep="0" tocentry="%yes;"><tgroup align="left" char="" charoff="50" cols="2"><colspec colname="col1" colwidth="13*"/><colspec align="justify" colname="col2" colwidth="67*"/><tbody valign="top"><row><entry VJ="1" colname="col1">Anlage 1</entry><entry VJ="1" colname="col2">Anforderungen an Kompasse und Steuerkurstransmitter</entry></row></tbody></tgroup></table></TOC></Content></text></textdaten></norm>
<norm builddate="20241203223016" doknr="BJNR145900018BJNG000100000"><metadaten><jurabk>BinSchUO2018Anh III</jurabk><gliederungseinheit><gliederungskennzahl>010</gliederungskennzahl><gliederungsbez>Teil I</gliederungsbez><gliederungstitel>Wasserstraßen der Zone 2-Binnen</gliederungstitel></gliederungseinheit></metadaten><textdaten/></norm>
<norm builddate="20241203223016" doknr="BJNR145900018BJNG000200000"><metadaten><jurabk>BinSchUO2018Anh III</jurabk><gliederungseinheit><gliederungskennzahl>010010</gliederungskennzahl><gliederungsbez>Kapitel 1</gliederungsbez><gliederungstitel>Sonderbestimmungen für Fahrzeuge auf Wasserstraßen der Zone 2-Binnen</gliederungstitel></gliederungseinheit></metadaten><textdaten/></norm>
<norm builddate="20241203223016" doknr="BJNR145900018BJNE000200000"><metadaten><jurabk>BinSchUO2018Anh III</jurabk><enbez>§ 1.01</enbez><titel format="XML">Allgemeines</titel></metadaten><textdaten><text format="XML"><Content><P>  <DL Type="arabic"><DT>1.</DT><DD Font="normal"><LA>Auf Wasserstraßen der Zone 2-Binnen ist ES-TRIN mit den sich aus den nachfolgenden Vorschriften ergebenden Maßgaben anzuwenden.</LA></DD><DT>2.</DT><DD Font="normal"><LA>Hinsichtlich der vorgeschriebenen Ausrüstungsgegenstände sind die §§ 6.02 bis 6.06 zu erfüllen.</LA></DD><DT>3.</DT><DD Font="normal"><LA>Ein Kompass nach § 6.02 ist nur auf der Kieler Förde erforderlich.</LA></DD><DT>4.</DT><DD Font="normal"><LA>Ein Radargerät nach § 6.03 ist nur auf <DL Type="alpha"><DT>a)</DT><DD Font="normal"><LA>der Weser unterhalb der stadtbremischen Häfen,</LA></DD><DT>b)</DT><DD Font="normal"><LA>dem Nord-Ostsee-Kanal,</LA></DD><DT>c)</DT><DD Font="normal"><LA>der Kieler Förde,</LA></DD><DT>d)</DT><DD Font="normal"><LA>der Trave unterhalb Stülper Huk,</LA></DD><DT>e)</DT><DD Font="normal"><LA>der Unterwarnow und Breitling und</LA></DD><DT>f)</DT><DD Font="normal"><LA>im Wolgaster Hafengebiet</LA></DD></DL>erforderlich.</LA></DD></DL></P></Content></text><fussnoten><Content><P>(+++ § 1.01 Nr. 1 u. 2: Zur Anwendung vgl. § 2.01 Nr. 3 +++)</P></Content></fussnoten></textdaten></norm>
<norm builddate="20241203223016" doknr="BJNR145900018BJNE000301119"><metadaten><jurabk>BinSchUO2018Anh III</jurabk><enbez>§ 1.02</enbez><titel format="XML">Sonderbestimmungen für Fahrgastschiffe</titel></metadaten><textdaten><text format="XML"><Content><P><DL Font="normal" Type="arabic"><DT>1.</DT><DD Font="normal"><LA Size="normal">Für Fahrgastschiffe auf Wasserstraßen der Zone 2-Binnen gelten abweichend von Kapitel 19 ES-TRIN folgende Bestimmungen: <DL Font="normal" Type="alpha"><DT>a)</DT><DD Font="normal"><LA Size="normal">Bei Fahrgastschiffen ohne Schottendeck muss der Sicherheitsabstand abweichend von Artikel 19.04 Nummer 1 Satz 2 ES-TRIN mindestens 0,80 m betragen.</LA></DD><DT>b)</DT><DD Font="normal"><LA Size="normal">Einzelrettungsmittel nach Artikel 19.09 Nummer 4 ES-TRIN können durch Sammelrettungsmittel nach Artikel 19.09 Nummer 5 ES-TRIN in Verbindung mit Nummer 7 und 9 ersetzt werden.</LA></DD></DL></LA></DD><DT>2.</DT><DD Font="normal"><LA Size="normal">Die Bestimmungen des § 6.05 gelten nicht.</LA></DD></DL></P></Content></text><fussnoten><Content><P>(+++ § 1.02 Buchst. a: Zur Anwendung vgl. § 5.01 Nr. 1 iVm § 5.04 Nr. 1 u. § 5.05 BinSchUO2018Anh II +++)</P></Content></fussnoten></textdaten></norm>
<norm builddate="20241203223016" doknr="BJNR145900018BJNG000300000"><metadaten><jurabk>BinSchUO2018Anh III</jurabk><gliederungseinheit><gliederungskennzahl>020</gliederungskennzahl><gliederungsbez>Teil II</gliederungsbez><gliederungstitel>Wasserstraßen der Zone 2-See</gliederungstitel></gliederungseinheit></metadaten><textdaten/></norm>
<norm builddate="20241203223016" doknr="BJNR145900018BJNG000400000"><metadaten><jurabk>BinSchUO2018Anh III</jurabk><gliederungseinheit><gliederungskennzahl>020010</gliederungskennzahl><gliederungsbez>Kapitel 2</gliederungsbez><gliederungstitel>Allgemeines</gliederungstitel></gliederungseinheit></metadaten><textdaten/></norm>
<norm builddate="20241203223016" doknr="BJNR145900018BJNE000400000"><metadaten><jurabk>BinSchUO2018Anh III</jurabk><enbez>§ 2.01</enbez><titel format="XML">Allgemeines</titel></metadaten><textdaten><text format="XML"><Content><P>  <DL Type="arabic"><DT>1.</DT><DD Font="normal"><LA>Auf Wasserstraßen der Zone 2-See ist ES-TRIN mit den sich aus den nachfolgenden Vorschriften ergebenden Maßgaben anzuwenden.</LA></DD><DT>2.</DT><DD Font="normal"><LA>Die Bestimmungen aus den Kapiteln 3 bis 9 sind zu erfüllen.</LA></DD><DT>3.</DT><DD Font="normal"><LA>Abweichend von den Nummern 1 und 2 ist auf der Ems unterhalb von Emden bis zur Hafeneinfahrt von Delfzijl für Güterschiffe bei geschlossenen Ladeluken, für Schleppboote und Schubboote der § 1.01 Nummer 1 und 2 anzuwenden.</LA></DD></DL></P></Content></text></textdaten></norm>
<norm builddate="20241203223016" doknr="BJNR145900018BJNG000500000"><metadaten><jurabk>BinSchUO2018Anh III</jurabk><gliederungseinheit><gliederungskennzahl>020020</gliederungskennzahl><gliederungsbez>Kapitel 3</gliederungsbez><gliederungstitel>Festigkeit</gliederungstitel></gliederungseinheit></metadaten><textdaten><text format="XML"><Content><P>(ohne Inhalt)</P></Content></text></textdaten></norm>
<norm builddate="20241203223016" doknr="BJNR145900018BJNG000600000"><metadaten><jurabk>BinSchUO2018Anh III</jurabk><gliederungseinheit><gliederungskennzahl>020030</gliederungskennzahl><gliederungsbez>Kapitel 4</gliederungsbez><gliederungstitel>Sicherheitsabstand und Freibord</gliederungstitel></gliederungseinheit></metadaten><textdaten/></norm>
<norm builddate="20241203223016" doknr="BJNR145900018BJNE000500000"><metadaten><jurabk>BinSchUO2018Anh III</jurabk><enbez>§ 4.01</enbez><titel format="XML">Sicherheitsabstand</titel></metadaten><textdaten><text format="XML"><Content><P>  <DL Type="arabic"><DT>1.</DT><DD Font="normal"><LA>Der Sicherheitsabstand muss mindestens 0,45 m betragen.</LA></DD><DT>2.</DT><DD Font="normal"><LA>Zu Öffnungen, die sprühwasser- und wetterdicht abgeschlossen sind oder mit Verschlusseinrichtungen versehen sind, muss der Sicherheitsabstand mindestens 0,60 m betragen.</LA></DD><DT>3.</DT><DD Font="normal"><LA>Zu Öffnungen, die offen sind, muss der Sicherheitsabstand mindestens 1,00 m betragen.</LA></DD></DL></P></Content></text></textdaten></norm>
<norm builddate="20241203223016" doknr="BJNR145900018BJNE000600000"><metadaten><jurabk>BinSchUO2018Anh III</jurabk><enbez>§ 4.02</enbez><titel format="XML">Freibord</titel></metadaten><textdaten><text format="XML"><Content><P>  <DL Font="normal" Type="arabic"><DT>1.</DT><DD Font="normal"><LA Size="normal">Der Freibord für Schiffe mit durchlaufendem Deck, ohne Sprung und ohne Aufbauten beträgt 0,30 m.</LA></DD><DT>2.</DT><DD Font="normal"><LA Size="normal">Bei Schiffen mit Sprung und mit Aufbauten kann der Freibord nach Artikel 4.02 Nummer 2 bis 6 ES-TRIN berichtigt werden: <DL Font="normal" Type="alpha"><DT>a)</DT><DD Font="normal"><LA Size="normal">Dabei ist <DL Font="normal" Type="a-alpha"><DT>aa)</DT><DD Font="normal"><LA Size="normal">die Konstante 150 in der Formel für den Freibord nach Artikel 4.02 Nummer 2 ES-TRIN mit dem Wert 300,</LA></DD><DT>bb)</DT><DD Font="normal"><LA Size="normal">für den tatsächlichen Sprung S<SUB>v</SUB> im Vorschiff kein größerer Wert als 2 000 mm und</LA></DD><DT>cc)</DT><DD Font="normal"><LA Size="normal">für den tatsächlichen Sprung S<SUB>a</SUB> im Achterschiff kein größerer Wert als 1 000 mm</LA></DD></DL>anzusetzen.</LA></DD><DT>b)</DT><DD Font="normal"><LA Size="normal">Die Sprunghöhe an den Schiffsenden darf die Höhe bis zum Schiffsende reichender Aufbauten nicht einschließen.</LA></DD><DT>c)</DT><DD Font="normal"><LA Size="normal">Bei Berechnungen nach Buchstabe a wird die wirksame Länge des Aufbaus nach folgender Formel berechnet:<BR/><IMG Align="center" Height="29" Pos="inline" SRC="bgbl1_2018_j1398-1_0600.jpg" Type="jpg" Units="72" Width="146" alt=""/></LA><LA Size="normal">In diesen Formeln bedeuten: <DL Font="normal" Indent="7" Type="arabic"><DT>l<SUB>e</SUB></DT><DD Font="normal"><LA Size="normal">die wirksame Länge eines Aufbaus in [m] unabhängig von seiner Lage bezogen auf L,</LA></DD><DT>l</DT><DD Font="normal"><LA Size="normal">die tatsächliche Länge des betreffenden Aufbaus in [m],</LA></DD><DT>b</DT><DD Font="normal"><LA Size="normal">die Breite des betreffenden Aufbaus in [m],</LA></DD><DT>B'</DT><DD Font="normal"><LA Size="normal">die Breite des Schiffes gemessen auf der Hälfte der Länge des Aufbaus, Deckshauses oder Lukenschachts in [m],</LA></DD><DT>h</DT><DD Font="normal"><LA Size="normal">die an der Aufbau-, Deckshaus- oder Lukenseite gemessene Höhe des betreffenden Aufbaus in [m], für Luken ergibt sich die Höhe h, indem die Höhe der Sülle um den halben Sicherheitsabstand nach § 4.01 unter Berücksichtigung der Art der Lukenabdeckung vermindert wird. Für die Höhe h darf kein größerer Wert eingesetzt werden als 0,72 m.</LA></DD></DL></LA><LA Size="normal">Wenn <IMG Align="center" Height="17" Pos="inline" SRC="bgbl1_2018_j1398-1_0610.jpg" Type="jpg" Units="72" Width="9" alt=""/> kleiner ist als 0,6, ist die wirksame Aufbaulänge l<SUB>e</SUB> gleich Null zu setzen.</LA></DD></DL></LA></DD><DT>3.</DT><DD Font="normal"><LA Size="normal">Unter Berücksichtigung der Freibordberichtigung nach Nummer 2 muss der Freibord mindestens 0,15 m betragen. Dabei müssen die nachfolgenden Bedingungen erfüllt sein: <DL Font="normal" Type="alpha"><DT>a)</DT><DD Font="normal"><LA Size="normal">Der Sicherheitsabstand beträgt <DL Font="normal" Type="a-alpha"><DT>aa)</DT><DD Font="normal"><LA Size="normal">bei wasserdichten Ladeluken mindestens 0,60 m bis Oberkante Ladelukensüll,</LA></DD><DT>bb)</DT><DD Font="normal"><LA Size="normal">bei sprühwasser- und wetterdichten Ladeluken mindestens 0,75 m,</LA></DD><DT>cc)</DT><DD Font="normal"><LA Size="normal">bei offenen Ladeluken mindestens 1,20 m.</LA></DD></DL></LA></DD><DT>b)</DT><DD Font="normal"><LA Size="normal">Die durchschnittliche Breite des Gangbords beträgt höchstens 0,125 · B.</LA></DD></DL></LA></DD></DL></P></Content></text></textdaten></norm>
<norm builddate="20241203223016" doknr="BJNR145900018BJNG000700000"><metadaten><jurabk>BinSchUO2018Anh III</jurabk><gliederungseinheit><gliederungskennzahl>020040</gliederungskennzahl><gliederungsbez>Kapitel 5</gliederungsbez><gliederungstitel>Verschlusszustand der Öffnungen des Schiffskörpers und der Aufbauten</gliederungstitel></gliederungseinheit></metadaten><textdaten/></norm>
<norm builddate="20241203223016" doknr="BJNR145900018BJNE000700000"><metadaten><jurabk>BinSchUO2018Anh III</jurabk><enbez>§ 5.01</enbez><titel format="XML">Aufbauten</titel></metadaten><textdaten><text format="XML"><Content><P>  <DL Type="arabic"><DT>1.</DT><DD Font="normal"><LA>Alle Öffnungen in den Aufbauten müssen mit Süllen von mindestens 0,15 m Höhe über dem Schottendeck versehen sein.</LA></DD><DT>2.</DT><DD Font="normal"><LA>Die Süllhöhe kann geringer sein, wenn die Türen und sonstigen Öffnungen wasserdicht verschließbar sind und wenn die Benutzung während der Fahrt ausgeschlossen ist.</LA></DD><DT>3.</DT><DD Font="normal"><LA>Sofern Deckel von Einstiegsluken und Mannlöchern nicht durch Verschraubungen gesichert sind, müssen sie durch Scharniere fest mit dem Schiff verbunden sein.</LA></DD></DL></P></Content></text></textdaten></norm>
<norm builddate="20241203223016" doknr="BJNR145900018BJNE000800000"><metadaten><jurabk>BinSchUO2018Anh III</jurabk><enbez>§ 5.02</enbez><titel format="XML">Türen</titel></metadaten><textdaten><text format="XML"><Content><P>Alle äußeren Türen, die Zugang zu Räumen unter dem Freiborddeck gewähren, müssen mindestens sprühwasser- und wetterdicht verschließbar und von ausreichender Festigkeit sein.</P></Content></text></textdaten></norm>
<norm builddate="20241203223016" doknr="BJNR145900018BJNE000900000"><metadaten><jurabk>BinSchUO2018Anh III</jurabk><enbez>§ 5.03</enbez><titel format="XML">Fenster und Oberlichter</titel></metadaten><textdaten><text format="XML"><Content><P>  <DL Type="arabic"><DT>1.</DT><DD Font="normal"><LA>Fenster unterhalb des Schottendecks müssen wasserdicht und mit einer Seeschlagblende versehen sein.</LA></DD><DT>2.</DT><DD Font="normal"><LA>Fenster und Oberlichter bis 0,15 m oberhalb des Schottendecks müssen wasserdicht sein.</LA></DD><DT>3.</DT><DD Font="normal"><LA>Liegt die Unterkante von Fenstern und Oberlichtern mindestens 0,15 m oberhalb des Schottendecks, müssen sie mindestens sprühwasser- und wetterdicht sein.</LA></DD><DT>4.</DT><DD Font="normal"><LA>Fenster und Oberlichter gelten als <DL Type="alpha"><DT>a)</DT><DD Font="normal"><LA>wasserdicht, wenn ihre Ausführung mindestens der Baureihe B und der nicht zu öffnenden Bauart der Norm DIN ISO 1751, Ausgabe Dezember 2015, entspricht;</LA></DD><DT>b)</DT><DD Font="normal"><LA>sprühwasser- und wetterdicht, wenn ihre Ausführung als runde Fenster mindestens der Baureihe C der Norm DIN ISO 1751, Ausgabe Dezember 2015, und als rechteckige Fenster mindestens der Baureihe F der Norm DIN ISO 3903, Ausgabe Dezember 2015, entspricht;</LA></DD><DT>c)</DT><DD Font="normal"><LA>offen, wenn ihre Ausführung den in Buchstabe a und b genannten Normen nicht entspricht.</LA></DD></DL></LA></DD></DL></P></Content></text></textdaten></norm>
<norm builddate="20241203223016" doknr="BJNR145900018BJNE001000000"><metadaten><jurabk>BinSchUO2018Anh III</jurabk><enbez>§ 5.04</enbez><titel format="XML">Abdeckung der Laderäume</titel></metadaten><textdaten><text format="XML"><Content><P>  <DL Type="arabic"><DT>1.</DT><DD Font="normal"><LA>Die wasserdichte Abdeckung der Laderäume muss folgenden Bestimmungen genügen: <DL Type="alpha"><DT>a)</DT><DD Font="normal"><LA>Die Festigkeit und Konstruktion der Einzelteile muss <DL Type="a-alpha"><DT>aa)</DT><DD Font="normal"><LA>einer Belastung durch Wasser von</LA><LA>q = 1,00 – h [t/m<SUP>2</SUP>]</LA><LA>zuzüglich Eigengewicht der Deckel, mindestens jedoch von 0,15 t/m² zuzüglich Eigengewicht der Deckel,</LA></DD><DT>bb)</DT><DD Font="normal"><LA>einer Belastung von 0,075 t als Punktlast</LA></DD></DL>standhalten. In dieser Formel bedeutet: <DL Font="normal" Indent="7"><DT>h</DT><DD><LA>Abstand des tiefsten Punkts der Lukenabdeckung von der Ebene der zulässigen größten Einsenkung [m].</LA></DD></DL></LA><LA>Bei Tankschiffen ist darüber hinaus mindestens der Prüfdruck der Tanks zu berücksichtigen.</LA></DD><DT>b)</DT><DD Font="normal"><LA>Wasserdichte Lukendeckel müssen durch Schraubverschlüsse oder Vorreiber abgedichtet sein; dies gilt nicht bei seemäßig verschalkten Abdeckungen der Laderäume.</LA></DD></DL></LA></DD><DT>2.</DT><DD Font="normal"><LA>Die sprühwasser- und wetterdichte Abdeckung der Laderäume muss folgenden Bestimmungen genügen: <DL Type="alpha"><DT>a)</DT><DD Font="normal"><LA>Die Festigkeit und Konstruktion der Einzelteile muss den Bestimmungen nach Nummer 1 Buchstabe a entsprechen.</LA></DD><DT>b)</DT><DD Font="normal"><LA>Es müssen Vorrichtungen vorhanden sein, mit denen die Lukenabdeckungen und ihre Einzelteile gegen ein Abheben durch Wind oder Wellenschlag gesichert werden können.</LA></DD></DL>Sprühwasser- und wetterdichte Lukendeckel brauchen nicht besonders abgedichtet zu sein, wenn das Eigengewicht der Deckel und die Form der Lukenverschlüsse eine ausreichende Abdichtung bewirkt.</LA></DD><DT>3.</DT><DD Font="normal"><LA>Laderäume ohne Lukendeckel und mit Lukendeckeln, die den Bestimmungen nach Nummer 1 oder 2 nicht entsprechen, gelten als offen.</LA></DD></DL></P></Content></text></textdaten></norm>
<norm builddate="20241203223016" doknr="BJNR145900018BJNG000800000"><metadaten><jurabk>BinSchUO2018Anh III</jurabk><gliederungseinheit><gliederungskennzahl>020050</gliederungskennzahl><gliederungsbez>Kapitel 6</gliederungsbez><gliederungstitel>Ausrüstung</gliederungstitel></gliederungseinheit></metadaten><textdaten/></norm>
<norm builddate="20241203223016" doknr="BJNR145900018BJNE001100000"><metadaten><jurabk>BinSchUO2018Anh III</jurabk><enbez>§ 6.01</enbez><titel format="XML">Ankerketten</titel></metadaten><textdaten><text format="XML"><Content><P>Abweichend von Artikel 13.01 Nummer 10 ES-TRIN muss jede Bugankerkette mindestens 60 m lang sein.</P></Content></text></textdaten></norm>
<norm builddate="20241203223016" doknr="BJNR145900018BJNE001202119"><metadaten><jurabk>BinSchUO2018Anh III</jurabk><enbez>§ 6.02</enbez><titel format="XML">Kompass</titel></metadaten><textdaten><text format="XML"><Content><P><DL Font="normal" Type="arabic"><DT>1.</DT><DD Font="normal"><LA Size="normal">Fahrzeuge mit eigener Triebkraft müssen mit einem von der zuständigen Behörde zugelassenen Kompass oder mit einem Steuerkurstransmitter, jeweils mit Analoganzeige oder grafischer Darstellung, ausgerüstet sein.</LA></DD><DT>2.</DT><DD Font="normal"><LA Size="normal">Abweichend von Nummer 1 darf für Fahrzeuge ein Kompass mit numerischer Anzeige oder Steuerkurstransmitter mit numerischer Anzeige verwendet werden, wenn die Fahrzeuge mit einem Radargerät nach § 6.03 ausgerüstet sind.</LA></DD><DT>3.</DT><DD Font="normal"><LA Size="normal">Kompasse und Steuerkurstransmitter müssen den technischen Anforderungen nach Anlage 1 Teil 1 entsprechen. Entsprechende Ausrüstung, die in Abschnitt D Nummer 10 der Anlage zum Schiffssicherheitsgesetz aufgeführt und nach diesen Anforderungen zugelassen ist, gilt als konform mit diesen Bestimmungen.</LA></DD><DT>4.</DT><DD Font="normal"><LA Size="normal">Kompasse auf Magnet-Basis und Steuerkurstransmitter auf Magnet-Basis müssen <DL Font="normal" Type="alpha"><DT>a)</DT><DD Font="normal"><LA Size="normal">vor dem Einbau von der zuständigen Behörde geprüft sein; dies ist nicht erforderlich für Kompasse oder Steuerkurstransmitter, die nach Abschnitt D Nummer 10 der Anlage zum Schiffssicherheitsgesetz zugelassen sind,</LA></DD><DT>b)</DT><DD Font="normal"><LA Size="normal">entsprechend den technischen Bestimmungen nach Anlage 1 Teil 2 an Bord eingebaut sein und</LA></DD><DT>c)</DT><DD Font="normal"><LA Size="normal">vor Inbetriebnahme sowie spätestens bei jeder Verlängerung der Fahrttauglichkeitsbescheinigung reguliert werden; der Nachweis der Regulierung ist in Form einer Deviationstabelle mitzuführen.</LA></DD></DL>Die maximale Deviation darf nach der Regulierung nicht mehr als 6 Grad betragen.</LA></DD><DT>5.</DT><DD Font="normal"><LA Size="normal">(weggefallen)</LA></DD></DL></P></Content></text><fussnoten/></textdaten></norm>
<norm builddate="20241203223016" doknr="BJNR145900018BJNE001300000"><metadaten><jurabk>BinSchUO2018Anh III</jurabk><enbez>§ 6.03</enbez><titel format="XML">Navigationsradaranlage</titel></metadaten><textdaten><text format="XML"><Content><P>  <DL Type="arabic"><DT>1.</DT><DD Font="normal"><LA>Fahrzeuge mit eigener Triebkraft müssen mit einer Navigationsradaranlage nach Artikel 7.06 Nummer 1 ES-TRIN ausgerüstet sein.</LA></DD><DT>2.</DT><DD Font="normal"><LA>Nummer 1 gilt nicht für Seeschiffe mit Seeradar.</LA></DD></DL></P></Content></text></textdaten></norm>
<norm builddate="20241203223016" doknr="BJNR145900018BJNE001400000"><metadaten><jurabk>BinSchUO2018Anh III</jurabk><enbez>§ 6.04</enbez><titel format="XML">Sende- und Empfangsanlagen</titel></metadaten><textdaten><text format="XML"><Content><P>Fahrzeuge mit eigener Triebkraft müssen mit einer Funkanlage für die Teilnahme am Binnenschifffahrtsfunk nach den Bestimmungen der Regionalen Vereinbarung über den Binnenschifffahrtsfunk ausgerüstet sein.</P></Content></text></textdaten></norm>
<norm builddate="20241203223016" doknr="BJNR145900018BJNE001500000"><metadaten><jurabk>BinSchUO2018Anh III</jurabk><enbez>§ 6.05</enbez><titel format="XML">Rettungsmittel</titel></metadaten><textdaten><text format="XML"><Content><P>  <DL Type="arabic"><DT>1.</DT><DD Font="normal"><LA>Ein Drittel der vorgeschriebenen Rettungsringe muss mit jeweils einer mindestens 30 m langen, schwimmfähigen Leine von 8 bis 11 mm Durchmesser, ein weiteres Drittel muss mit jeweils einem selbstzündenden, batteriebetriebenen, im Wasser nicht verlöschenden Licht versehen sein.</LA></DD><DT>2.</DT><DD Font="normal"><LA>Zusätzlich zu Artikel 13.08 ES-TRIN muss für jede an Bord befindliche Person ein Platz in einem Sammelrettungsmittel nach Artikel 19.09 Nummer 5 ES-TRIN in Verbindung mit dessen Nummer 7 bis 9 vorhanden sein.</LA></DD></DL></P></Content></text></textdaten></norm>
<norm builddate="20241203223016" doknr="BJNR145900018BJNE001601119"><metadaten><jurabk>BinSchUO2018Anh III</jurabk><enbez>§ 6.06</enbez><titel format="XML">Sonstige Ausrüstung</titel></metadaten><textdaten><text format="XML"><Content><P>Folgende Ausrüstungsgegenstände müssen mindestens vorhanden sein: <DL Font="normal" Type="alpha"><DT>a)</DT><DD Font="normal"><LA Size="normal">die in Artikel 13.02 Nummer 2, 3 und 4 ES-TRIN aufgeführten Ausrüstungsgegenstände;</LA></DD><DT>b)</DT><DD Font="normal"><LA Size="normal">zusätzliche Geräte und Vorrichtungen, die zum Geben der in der Seeschifffahrtsstraßen-Ordnung und in der Verordnung zu den Internationalen Regeln von 1972 zur Verhütung von Zusammenstößen auf See vorgeschriebenen Sicht- und Schallsignale sowie zur Bezeichnung der Fahrzeuge erforderlich sind;</LA></DD><DT>c)</DT><DD Font="normal"><LA Size="normal">vom Bordnetz unabhängige Ersatzlichter für die Nachtbezeichnung <DL Font="normal" Type="a-alpha"><DT>aa)</DT><DD Font="normal"><LA Size="normal">der Fahrzeuge beim Stillliegen,</LA></DD><DT>bb)</DT><DD Font="normal"><LA Size="normal">manövrierunfähiger Fahrzeuge,</LA></DD><DT>cc)</DT><DD Font="normal"><LA Size="normal">stillliegender Schiffe mit bestimmten gefährlichen Gütern;</LA></DD></DL></LA></DD><DT>d)</DT><DD Font="normal"><LA Size="normal">an Bord von Fahrzeugen mit Besatzung zusätzlich die in § 13 Absatz 1 Nummer 2 Buchstabe a der Schiffssicherheitsverordnung vorgeschriebenen Seekarten; werden Seekarten in digitaler Form verwendet, so müssen diese auf zugelassenen Inland-ECDIS-Geräten im Navigationsmodus nach Artikel 7.06 Nummer 1 ES-TRIN und nach der Prüfvorschrift „Mindestanforderungen an Inland ECDIS Geräte im Navigationsmodus zur Darstellung von digitalen Seekarten nach der Binnenschiffsuntersuchungsordnung“, die vom Bundesministerium für Verkehr und digitale Infrastruktur am 20. Dezember 2018 (BAnz AT 20.12.2018 B6) bekannt gemacht wurde, dargestellt werden.</LA></DD></DL></P></Content></text><fussnoten/></textdaten></norm>
<norm builddate="20241203223016" doknr="BJNR145900018BJNG000900000"><metadaten><jurabk>BinSchUO2018Anh III</jurabk><gliederungseinheit><gliederungskennzahl>020060</gliederungskennzahl><gliederungsbez>Kapitel 7</gliederungsbez><gliederungstitel>Sonderbestimmungen für Fahrgastschiffe</gliederungstitel></gliederungseinheit></metadaten><textdaten/></norm>
<norm builddate="20241203223016" doknr="BJNR145900018BJNE001700000"><metadaten><jurabk>BinSchUO2018Anh III</jurabk><enbez>§ 7.01</enbez><titel format="XML">Allgemeines</titel></metadaten><textdaten><text format="XML"><Content><P>Für Fahrgastschiffe auf Wasserstraßen der Zone 2-See gelten Kapitel 3 und 4 sowie die Bestimmungen des § 6.05 nicht.</P></Content></text></textdaten></norm>
<norm builddate="20241203223016" doknr="BJNR145900018BJNE001800000"><metadaten><jurabk>BinSchUO2018Anh III</jurabk><enbez>§ 7.02</enbez><titel format="XML">Festigkeit</titel></metadaten><textdaten><text format="XML"><Content><P>Abweichend von Artikel 3.02 Nummer 1 Buchstabe a ES-TRIN muss der Schiffskörper den Vorschriften einer anerkannten Klassifikationsgesellschaft für die Zone 2-See entsprechen. Als Nachweis genügt eine Bescheinigung einer anerkannten Klassifikationsgesellschaft, aus der hervorgeht, dass das Fahrgastschiff nach den Bauvorschriften für die Zone 2-See gebaut oder umgebaut worden ist.</P></Content></text></textdaten></norm>
<norm builddate="20241203223016" doknr="BJNR145900018BJNE001900000"><metadaten><jurabk>BinSchUO2018Anh III</jurabk><enbez>§ 7.03</enbez><titel format="XML">Stabilität, Sicherheitsabstand und Freibord</titel></metadaten><textdaten><text format="XML"><Content><P>  <DL Type="arabic"><DT>1.</DT><DD Font="normal"><LA>Abweichend von den Bestimmungen nach Artikel 19.04 Nummer 1 ES-TRIN muss <DL Type="alpha"><DT>a)</DT><DD Font="normal"><LA>der Restsicherheitsabstand mindestens 0,20 m und</LA></DD><DT>b)</DT><DD Font="normal"><LA>bei Fahrgastschiffen ohne Schottendeck der Sicherheitsabstand mindestens 1,00 m und der Restsicherheitsabstand mindestens 0,30 m</LA></DD></DL>betragen.</LA></DD><DT>2.</DT><DD Font="normal"><LA>Abweichend von den Bestimmungen nach Artikel 19.04 Nummer 2 ES-TRIN muss <DL Type="alpha"><DT>a)</DT><DD Font="normal"><LA>der Restfreibord mindestens 0,40 m und</LA></DD><DT>b)</DT><DD Font="normal"><LA>der Freibord mindestens 0,50 m</LA></DD></DL>betragen.</LA></DD><DT>3.</DT><DD Font="normal"><LA>Die Ebene der größten Einsenkung ist abweichend von den Bestimmungen in Artikel 19.04 Nummer 3 ES-TRIN unter Berücksichtigung der Nummern 1 und 2 festzusetzen.</LA></DD></DL></P></Content></text><fussnoten><Content><P>(+++ § 7.03: Zur Anwendung vgl. § 5.01 Nr. 1 iVm § 5.05 BinSchUO2018Anh II +++)</P></Content></fussnoten></textdaten></norm>
<norm builddate="20241203223016" doknr="BJNR145900018BJNE002000000"><metadaten><jurabk>BinSchUO2018Anh III</jurabk><enbez>§ 7.04</enbez><titel format="XML">Höchstzulässige Zahl der Fahrgäste</titel></metadaten><textdaten><text format="XML"><Content><P>Die höchstzulässige Zahl der Fahrgäste ist nach den Bestimmungen des Artikels 19.05 Nummer 2 Buchstabe b ES-TRIN unter Berücksichtigung des § 7.03 zu ermitteln.</P></Content></text><fussnoten><Content><P>(+++ § 7.04: Zur Anwendung vgl. § 5.01 Nr. 1 iVm § 5.04 Nr. 1 BinSchUO2018Anh II +++)</P></Content></fussnoten></textdaten></norm>
<norm builddate="20241203223016" doknr="BJNR145900018BJNE002100000"><metadaten><jurabk>BinSchUO2018Anh III</jurabk><enbez>§ 7.05</enbez><titel format="XML">Anker</titel></metadaten><textdaten><text format="XML"><Content><P>Für Fahrgastschiffe ist die Gesamtmasse P der Buganker nach folgender Formel zu berechnen:<BR/> P = k · B · T + 4 · A<SUB>f</SUB> [kg]<BR/> In dieser Formel bedeuten: <DL Font="normal" Indent="7"><DT>k</DT><DD><LA>Koeffizient nach Artikel 13.01 Nummer 2 ES-TRIN</LA></DD><DT>A<SUB>f</SUB></DT><DD><LA>frontale Windangriffsfläche in m<SUP>2</SUP>.</LA></DD></DL></P></Content></text></textdaten></norm>
<norm builddate="20241203223016" doknr="BJNR145900018BJNE002200000"><metadaten><jurabk>BinSchUO2018Anh III</jurabk><enbez>§ 7.06</enbez><titel format="XML">Rettungsmittel</titel></metadaten><textdaten><text format="XML"><Content><P>Einzelrettungsmittel nach Artikel 19.09 Nummer 4 ES-TRIN können durch Sammelrettungsmittel nach Artikel 19.09 Nummer 5 ES-TRIN in Verbindung mit dessen Nummer 7 bis 9 ersetzt werden.</P></Content></text></textdaten></norm>
<norm builddate="20241203223016" doknr="BJNR145900018BJNG001000000"><metadaten><jurabk>BinSchUO2018Anh III</jurabk><gliederungseinheit><gliederungskennzahl>020070</gliederungskennzahl><gliederungsbez>Kapitel 8</gliederungsbez><gliederungstitel>Sonderbestimmungen für Verbände und Containerverkehr</gliederungstitel></gliederungseinheit></metadaten><textdaten><text format="XML"><Content><P>(ohne Inhalt)</P></Content></text></textdaten></norm>
<norm builddate="20241203223016" doknr="BJNR145900018BJNG001100000"><metadaten><jurabk>BinSchUO2018Anh III</jurabk><gliederungseinheit><gliederungskennzahl>020080</gliederungskennzahl><gliederungsbez>Kapitel 9</gliederungsbez><gliederungstitel>Sonderbestimmungen für schwimmende Geräte</gliederungstitel></gliederungseinheit></metadaten><textdaten><text format="XML"><Content><P>(ohne Inhalt)</P></Content></text></textdaten></norm>
<norm builddate="20241203223016" doknr="BJNR145900018BJNG001200000"><metadaten><jurabk>BinSchUO2018Anh III</jurabk><gliederungseinheit><gliederungskennzahl>030</gliederungskennzahl><gliederungsbez>Teil III</gliederungsbez><gliederungstitel>Wasserstraßen der Zone 1</gliederungstitel></gliederungseinheit></metadaten><textdaten/></norm>
<norm builddate="20241203223016" doknr="BJNR145900018BJNG001300000"><metadaten><jurabk>BinSchUO2018Anh III</jurabk><gliederungseinheit><gliederungskennzahl>030010</gliederungskennzahl><gliederungsbez>Kapitel 10</gliederungsbez><gliederungstitel>Sonderbestimmungen für Fahrzeuge auf Wasserstraßen der Zone 1</gliederungstitel></gliederungseinheit></metadaten><textdaten/></norm>
<norm builddate="20241203223016" doknr="BJNR145900018BJNE002300000"><metadaten><jurabk>BinSchUO2018Anh III</jurabk><enbez>§ 10.01</enbez><titel format="XML">Allgemeines</titel></metadaten><textdaten><text format="XML"><Content><P>  <DL Type="arabic"><DT>1.</DT><DD Font="normal"><LA>Auf Wasserstraßen der Zone 1 ist ES-TRIN mit den sich aus den nachfolgenden Vorschriften ergebenden Maßgaben anzuwenden.</LA></DD><DT>2.</DT><DD Font="normal"><LA>Die Bestimmungen aus den Kapiteln 2 bis 6 und die Bestimmungen der §§ 10.02 bis 10.07 sind zu erfüllen.</LA></DD></DL></P></Content></text></textdaten></norm>
<norm builddate="20241203223016" doknr="BJNR145900018BJNE002400000"><metadaten><jurabk>BinSchUO2018Anh III</jurabk><enbez>§ 10.02</enbez><titel format="XML">Sicherheitsabstand</titel></metadaten><textdaten><text format="XML"><Content><P>Der Sicherheitsabstand muss mindestens 1,20 m betragen.</P></Content></text></textdaten></norm>
<norm builddate="20241203223016" doknr="BJNR145900018BJNE002500000"><metadaten><jurabk>BinSchUO2018Anh III</jurabk><enbez>§ 10.03</enbez><titel format="XML">Freibord</titel></metadaten><textdaten><text format="XML"><Content><P>Der Freibord muss mindestens 0,50 m betragen.</P></Content></text></textdaten></norm>
<norm builddate="20241203223016" doknr="BJNR145900018BJNE002600000"><metadaten><jurabk>BinSchUO2018Anh III</jurabk><enbez>§ 10.04</enbez><titel format="XML">Verschlusszustand</titel></metadaten><textdaten><text format="XML"><Content><P>  <DL Type="arabic"><DT>1.</DT><DD Font="normal"><LA>Abweichend von Artikel 4.05 ES-TRIN ist die Ebene der größten Einsenkung unter der Voraussetzung festzusetzen, dass die Laderäume mindestens sprühwasser- und wetterdicht geschlossen werden können.</LA></DD><DT>2.</DT><DD Font="normal"><LA>Die Festsetzung der höchstzulässigen Einsenkung für die Fahrt mit ungedeckten Laderäumen ist nicht zulässig.</LA></DD></DL></P></Content></text></textdaten></norm>
<norm builddate="20241203223016" doknr="BJNR145900018BJNE002700000"><metadaten><jurabk>BinSchUO2018Anh III</jurabk><enbez>§ 10.05</enbez><titel format="XML">Festigkeit</titel></metadaten><textdaten><text format="XML"><Content><P>Eine anerkannte Klassifikationsgesellschaft muss bescheinigen, dass das Fahrzeug zur Fahrt auf Wasserstraßen der Zone 1 ausreichende Festigkeit und einen angemessenen Freibord und Verschlusszustand aufweist. Die vorzulegende Bescheinigung muss die zulässigen Fahrtbedingungen des Fahrzeugs gemäß § 10.06 angeben.</P></Content></text><fussnoten><Content><P>(+++ § 10.05: Zur Anwendung vgl. § 5.01 Nr. 1 iVm § 5.05 BinSchUO2018Anh II +++)</P></Content></fussnoten></textdaten></norm>
<norm builddate="20241203223016" doknr="BJNR145900018BJNE002800000"><metadaten><jurabk>BinSchUO2018Anh III</jurabk><enbez>§ 10.06</enbez><titel format="XML">Zulässige Fahrtbedingungen</titel></metadaten><textdaten><text format="XML"><Content><P>Abhängig vom Bau-, Erhaltungs- und Ausrüstungszustand des Fahrzeugs werden dessen zulässige Fahrtbedingungen – insbesondere Beschränkung auf Fahrten bei geringer signifikanter Wellenhöhe, auf einen bestimmten Zeitraum im Jahr, auf Fahrten bei Tageslicht oder bei annehmbaren Witterungs- und Wetterverhältnissen oder auf Fahrten von begrenzter Dauer – festgelegt. Die zulässigen Fahrtbedingungen sind in der jeweiligen Fahrtauglichkeitsbescheinigung zu bescheinigen.</P></Content></text></textdaten></norm>
<norm builddate="20241203223016" doknr="BJNR145900018BJNE002900000"><metadaten><jurabk>BinSchUO2018Anh III</jurabk><enbez>§ 10.07</enbez><titel format="XML">Zusätzliche Ausrüstung</titel></metadaten><textdaten><text format="XML"><Content><P>  <DL Type="arabic"><DT>1.</DT><DD Font="normal"><LA>Zusätzlich zu den Bestimmungen nach Kapitel 6 müssen Fahrzeuge mit Besatzung folgende Ausrüstungsgegenstände an Bord mitführen: <DL Type="alpha"><DT>a)</DT><DD Font="normal"><LA>einen elektrischen Tagessignalscheinwerfer,</LA></DD><DT>b)</DT><DD Font="normal"><LA>sechs rote, amtlich zugelassene Fallschirmsignale,</LA></DD><DT>c)</DT><DD Font="normal"><LA>eine Rettungssignaltafel,</LA></DD><DT>d)</DT><DD Font="normal"><LA>vier Rettungsringe nach Artikel 13.08 ES-TRIN; davon müssen zwei Rettungsringe mit jeweils einer mindestens 30 m langen, schwimmfähigen Leine von 8 bis 11 mm Durchmesser versehen sein, und zwei Rettungsringe müssen mit jeweils einem selbstzündenden, batteriebetriebenen, in Wasser nicht verlöschenden Licht versehen sein,</LA></DD><DT>e)</DT><DD Font="normal"><LA>ein Rettungsfloß nach Artikel 19.09 Nummer 5 und 7 bis 9 ES-TRIN,</LA></DD><DT>f)</DT><DD Font="normal"><LA>das Beiboot muss mit einer Laterne und einem wasserdichten Behälter mit sechs Rotfeuern ausgestattet sein.</LA></DD></DL></LA></DD><DT>2.</DT><DD Font="normal"><LA>Zusätzlich zu den Bestimmungen nach Kapitel 6 müssen geschleppte Fahrzeuge mit Besatzung die nach Nummer 1 Buchstabe b bis f geforderten Ausrüstungsgegenstände an Bord mitführen.</LA></DD></DL></P></Content></text></textdaten></norm>
<norm builddate="20241203223016" doknr="BJNR145900018BJNE003000000"><metadaten><jurabk>BinSchUO2018Anh III</jurabk><enbez>§ 10.08</enbez><titel format="XML">Sonderbestimmungen für Fahrgastschiffe</titel></metadaten><textdaten><text format="XML"><Content><P>  <DL Type="arabic"><DT>1.</DT><DD Font="normal"><LA>Für Fahrgastschiffe auf Wasserstraßen der Zone 1 gelten die §§ 10.02 bis 10.04 nicht.</LA></DD><DT>2.</DT><DD Font="normal"><LA>Eine anerkannte Klassifikationsgesellschaft muss bescheinigen, dass das Fahrgastschiff zur Fahrt auf Wasserstraßen der Zone 1 ausreichende Stabilität aufweist. Die vorzulegende Bescheinigung muss die zulässigen Fahrtbedingungen des Fahrgastschiffes gemäß § 10.06 angeben.</LA></DD></DL></P></Content></text><fussnoten><Content><P>(+++ § 10.08 Nr. 2: Zur Anwendung vgl. § 5.01 Nr. 1 iVm § 5.04 Nr. 1 BinSchUO2018Anh II +++)</P></Content></fussnoten></textdaten></norm>
<norm builddate="20241203223016" doknr="BJNR145900018BJNG001400000"><metadaten><jurabk>BinSchUO2018Anh III</jurabk><gliederungseinheit><gliederungskennzahl>040</gliederungskennzahl><gliederungsbez>Teil IV</gliederungsbez><gliederungstitel/></gliederungseinheit></metadaten><textdaten/></norm>
<norm builddate="20241203223016" doknr="BJNR145900018BJNG001500000"><metadaten><jurabk>BinSchUO2018Anh III</jurabk><gliederungseinheit><gliederungskennzahl>040010</gliederungskennzahl><gliederungsbez>Kapitel 11</gliederungsbez><gliederungstitel>Übergangsbestimmungen</gliederungstitel></gliederungseinheit></metadaten><textdaten/></norm>
<norm builddate="20241203223016" doknr="BJNR145900018BJNE003100000"><metadaten><jurabk>BinSchUO2018Anh III</jurabk><enbez>§ 11.01</enbez><titel format="XML">Anwendung der Übergangsbestimmungen für Fahrzeuge, die schon in Betrieb sind</titel></metadaten><textdaten><text format="XML"><Content><P>  <DL Type="arabic"><DT>1.</DT><DD Font="normal"><LA>Die nachstehenden Bestimmungen gelten für Fahrzeuge, für die ein zusätzliches Gemeinschaftszeugnis für Binnenschiffe erstmals vor dem 30. Dezember 2008 erteilt wurde.</LA></DD><DT>2.</DT><DD Font="normal"><LA>Für die Fahrzeuge muss nachgewiesen werden, dass sie am Tage der Erteilung oder letzten Erneuerung ihres Gemeinschaftszeugnisses oder einer anderen Verkehrszulassung den technischen Vorschriften der Binnenschiffs-Untersuchungsordnung in der Fassung vom 30. Dezember 2008 entsprochen haben.</LA></DD></DL></P></Content></text></textdaten></norm>
<norm builddate="20241203223016" doknr="BJNR145900018BJNE003201119"><metadaten><jurabk>BinSchUO2018Anh III</jurabk><enbez>§ 11.02</enbez><titel format="XML">Übergangsbestimmungen für Fahrzeuge, die schon in Betrieb sind</titel></metadaten><textdaten><text format="XML"><Content><P><DL Font="normal" Type="arabic"><DT>1.</DT><DD Font="normal"><LA Size="normal">Fahrzeuge, die den Vorschriften dieses Anhangs nicht vollständig entsprechen, müssen den in nachstehender Tabelle aufgeführten Übergangsbestimmungen angepasst werden.</LA><LA Size="normal">Im Fall der Erteilung eines neuen zusätzlichen Unionszeugnisses für Binnenschiffe nach § 11.01 Nummer 1 ist das zusätzliche Gemeinschaftszeugnis oder eine Anlage zum Gemeinschaftszeugnis für Binnenschiffe als Nachweis vorzulegen und einzuziehen.</LA></DD><DT>2.</DT><DD Font="normal"><LA Size="normal">In der Tabelle bedeuten <DL Font="normal" Type="Dash"><DT>–</DT><DD Font="normal"><LA Size="normal">„N.E.U.“:</LA><LA Size="normal">Die Vorschrift gilt nicht für Fahrzeuge, die schon in Betrieb sind, es sei denn, die betroffenen Teile werden ersetzt oder umgebaut, d. h., die Vorschrift gilt nur für Neubauten sowie bei Ersatz oder bei Umbau der betroffenen Teile oder Bereiche. Werden bestehende Teile durch Austauschteile in gleicher Technik und Machart ersetzt, bedeutet dies keinen Ersatz „E“ im Sinne dieser Übergangsbestimmungen.</LA></DD><DT>–</DT><DD Font="normal"><LA Size="normal">„Erteilung oder Erneuerung des zusätzlichen Unionszeugnisses für Binnenschiffe“:</LA><LA Size="normal">Die Vorschrift muss bei der nächsten auf das angegebene Datum folgenden Erteilung oder Erneuerung der Gültigkeitsdauer des zusätzlichen Unionszeugnisses für Binnenschiffe oder der Anlage zum Unionszeugnis für Binnenschiffe erfüllt sein.<table colsep="1" frame="all" rowsep="1" tocentry="%yes;"><tgroup align="left" char="" charoff="50" cols="3"><colspec colname="col1" colnum="1" colwidth="20*"/><colspec colname="col2" colnum="2" colwidth="63*"/><colspec colname="col3" colnum="3" colwidth="82*"/><thead valign="bottom"><row valign="middle"><entry VJ="1" align="center" colname="col1">§</entry><entry VJ="1" align="center" colname="col2">Inhalt</entry><entry VJ="1" align="center" colname="col3">Frist oder Bemerkungen</entry></row></thead><tbody valign="top"><row><entry VJ="1" colname="col1">4.01</entry><entry VJ="1" colname="col2">Sicherheitsabstand</entry><entry VJ="1" colname="col3">N.E.U., spätestens bei Erteilung oder Erneuerung des zusätzlichen Unionszeugnisses für Binnenschiffe nach dem 30.12.2049</entry></row><row><entry VJ="1" colname="col1">4.02</entry><entry VJ="1" colname="col2">Freibord</entry><entry VJ="1" colname="col3">N.E.U., spätestens bei Erteilung oder Erneuerung des zusätzlichen Unionszeugnisses für Binnenschiffe nach dem 30.12.2049</entry></row><row><entry VJ="1" colname="col1">5.01</entry><entry VJ="1" colname="col2">Aufbauten</entry><entry VJ="1" colname="col3">N.E.U., spätestens bei Erteilung oder Erneuerung des zusätzlichen Unionszeugnisses für Binnenschiffe nach dem 30.12.2049</entry></row><row><entry VJ="1" colname="col1">5.02</entry><entry VJ="1" colname="col2">Türen</entry><entry VJ="1" colname="col3">N.E.U., spätestens bei Erteilung oder Erneuerung des zusätzlichen Unionszeugnisses für Binnenschiffe nach dem 30.12.2049</entry></row><row><entry VJ="1" colname="col1">5.03</entry><entry VJ="1" colname="col2">Fenster und Oberlichter</entry><entry VJ="1" colname="col3">N.E.U., spätestens bei Erteilung oder Erneuerung des zusätzlichen Unionszeugnisses für Binnenschiffe nach dem 30.12.2049</entry></row><row><entry VJ="1" colname="col1">5.04</entry><entry VJ="1" colname="col2">Abdeckung der Laderäume</entry><entry VJ="1" colname="col3">N.E.U., spätestens bei Erteilung oder Erneuerung des zusätzlichen Unionszeugnisses für Binnenschiffe nach dem 30.12.2049</entry></row><row><entry VJ="1" colname="col1">6.02 Nr. 1</entry><entry VJ="1" colname="col2">Kompass</entry><entry VJ="1" colname="col3">N.E.U., spätestens bei Erteilung oder Erneuerung des zusätzlichen Unionszeugnisses für Binnenschiffe nach dem 30.12.2029</entry></row><row><entry VJ="1" colname="col1">6.03 Nr. 1</entry><entry VJ="1" colname="col2">Radar</entry><entry VJ="1" colname="col3">N.E.U., spätestens bei Erteilung oder Erneuerung des zusätzlichen Unionszeugnisses für Binnenschiffe nach dem 30.12.2029</entry></row><row><entry VJ="1" colname="col1">6.06 <BR/>Buchstabe b</entry><entry VJ="1" colname="col2">Schallsignalanlage</entry><entry VJ="1" colname="col3">N.E.U., spätestens bei Erteilung oder Erneuerung des zusätzlichen Unionszeugnisses für Binnenschiffe nach dem 30.12.2049</entry></row><row><entry VJ="1">6.06 <BR/>Buchstabe d</entry><entry VJ="1">Inland-ECDIS-Geräte und <BR/>digitale Seekarten</entry><entry VJ="1" align="justify">N.E.U., spätestens nach dem 18. Januar 2022</entry></row><row><entry VJ="1" colname="col1">10.02</entry><entry VJ="1" colname="col2">Sicherheitsabstand</entry><entry VJ="1" colname="col3">N.E.U., spätestens bei Erteilung oder Erneuerung des zusätzlichen Unionszeugnisses für Binnenschiffe nach dem 30.12.2049</entry></row><row><entry VJ="1" colname="col1">10.03</entry><entry VJ="1" colname="col2">Freibord</entry><entry VJ="1" colname="col3">N.E.U., spätestens bei Erteilung oder Erneuerung des zusätzlichen Unionszeugnisses für Binnenschiffe nach dem 30.12.2049</entry></row></tbody></tgroup></table></LA></DD></DL></LA></DD></DL></P></Content></text><fussnoten/></textdaten></norm>
<norm builddate="20241203223016" doknr="BJNR145900018BJNE003301119"><metadaten><jurabk>BinSchUO2018Anh III</jurabk><enbez>Anlage 1</enbez><titel format="XML">Anforderungen an Kompasse und Steuerkurstransmitter</titel></metadaten><textdaten><text format="XML"><Content><P><noindex><kommentar typ="Fundstelle">(Fundstelle: BGBl. I 2018, 1468 - 1471)</kommentar></noindex></P><BR/><Title Align="auto" Class="S3">Inhaltsverzeichnis</Title><P/><TOC><Ident Class="S0">Teil 1</Ident><Title Align="auto" Class="S0">Allgemeine Geräteanforderungen</Title><table colsep="0" frame="none" pgwide="1" rowsep="0" tocentry="%yes;"><tgroup align="left" char="" charoff="50" cols="2"><colspec colname="col1" colwidth="10*"/><colspec align="justify" colname="col2" colwidth="155*"/><tbody valign="top"><row><entry VJ="1" colname="col1">§§</entry><entry VJ="1" colname="col2"/></row><row><entry VJ="1" colname="col1">1</entry><entry VJ="1" colname="col2">Allgemeine Anforderungen an Kompasse und Steuerkurstransmitter<P/></entry></row><row><entry VJ="1" align="center" nameend="col2" namest="col1">Teil 2<BR/> Vorschriften für den Einbau von Kompassen<BR/> auf Magnetbasis und Steuerkurstransmitter auf Magnetbasis<BR/><BR/></entry></row><row><entry VJ="1" colname="col1">2.1</entry><entry VJ="1" colname="col2">Allgemeines</entry></row><row><entry VJ="1" colname="col1">2.2</entry><entry VJ="1" colname="col2">Schutzabstände von magnetischen Störquellen</entry></row><row><entry VJ="1" colname="col1">2.3</entry><entry VJ="1" colname="col2">Haltevorrichtungen und Kompensiermittel</entry></row><row><entry VJ="1" colname="col1">2.4</entry><entry VJ="1" colname="col2">Steuerkurstransmitter auf Magnetbasis<BR/><BR/></entry></row></tbody></tgroup></table></TOC><P/><Title Align="center" Class="S0">Teil 1</Title><Title Align="auto" Class="S0">Allgemeine Geräteanforderungen</Title><P/><Title Align="center">§ 1</Title><Title Align="auto"><B>Allgemeine Anforderungen an Kompasse und Steuerkurstransmitter</B></Title><P/><P>Kompasse und Steuerkurstransmitter für den Einsatz in der Binnenschifffahrt nach Anhang III § 6.02 müssen dem Stand der Technik entsprechen und insbesondere eine der folgenden Spezifikationen erfüllen: <table colsep="1" frame="all" pgwide="1" rowsep="1" tocentry="%yes;"><tgroup align="left" char="" charoff="50" cols="3"><colspec colname="col1" colnum="1" colwidth="20*"/><colspec colname="col2" colnum="2" colwidth="63*"/><colspec colname="col3" colnum="3" colwidth="82*"/><thead valign="bottom"><row><entry VJ="1" align="center" colname="col1">Nr.</entry><entry VJ="1" align="center" colname="col2">Gerätebezeichnung</entry><entry VJ="1" align="center" colname="col3">Spezifikation</entry></row></thead><tbody valign="top"><row><entry VJ="1" colname="col1">1.</entry><entry VJ="1" colname="col2">Kreiselkompass</entry><entry VJ="1" colname="col3">DIN EN ISO 8728, Ausgabe Mai 2017<BR/> DIN EN 60945, Ausgabe Juli 2003</entry></row><row><entry VJ="1" colname="col1">2.</entry><entry VJ="1" colname="col2">Magnetkompass</entry><entry VJ="1" colname="col3">DIN ISO 25862, Ausgabe Januar 2013</entry></row><row><entry VJ="1" colname="col1">3.</entry><entry VJ="1" colname="col2">Elektromagnetischer Kompass (TMHD)</entry><entry VJ="1" colname="col3">DIN EN ISO 11606, Ausgabe Februar 2002<BR/> DIN EN 60945, Ausgabe Juli 2003<BR/> Mit einer Drehrate von 6°/sec<BR/> (vgl. DIN ISO 22090-3, Ausgabe November 2015)</entry></row><row><entry VJ="1" colname="col1">4.</entry><entry VJ="1" colname="col2">Steuerkurstransmitter (THD)<BR/> Kreisel-Basis</entry><entry VJ="1" colname="col3">DIN ISO 22090-1, Ausgabe November 2015<BR/> DIN EN 60945, Ausgabe Juli 2003</entry></row><row><entry VJ="1" colname="col1">5.</entry><entry VJ="1" colname="col2">Steuerkurstransmitter (THD)<BR/> Magnetbasis</entry><entry VJ="1" colname="col3">DIN ISO 22090-2, Ausgabe November 2015<BR/> DIN EN 60945, Ausgabe Juli 2003</entry></row><row><entry VJ="1" colname="col1">6.</entry><entry VJ="1" colname="col2">Steuerkurstransmitter (THD)<BR/> GNSS-Basis</entry><entry VJ="1" colname="col3">DIN ISO 22090-3, Ausgabe November 2015<BR/> DIN EN 60945, Ausgabe Juli 2003</entry></row></tbody></tgroup></table>Alle Anzeigen von Kompassen und Steuerkurstransmittern müssen die Anforderungen der DIN EN 60945, Ausgabe Juli 2003, erfüllen. Steuerkurstransmitter nach den Nummern 4, 5 oder 6 der Tabelle mit analoger oder grafischer Anzeige müssen hinsichtlich Unterteilung und Lesbarkeit zusätzlich dem Stand der Technik entsprechen.</P><P/><Title Align="center" Class="S0">Teil 2</Title><Title Align="auto" Class="S0">Vorschriften für den Einbau von Kompassen<BR/> auf Magnetbasis und Steuerkurstransmitter auf Magnetbasis</Title><BR/><BR/><Title Align="center">§ 2.1</Title><Title Align="auto"><B>Allgemeines</B></Title><P>  <DL Font="normal" Type="arabic"><DT>1.</DT><DD Font="normal"><LA Size="normal">Der Aufstellungsort des Kompasses auf Magnetbasis (Magnetkompasses) für Binnenschiffe muss im Rahmen der gegebenen Möglichkeiten so gewählt werden, dass eine Beeinträchtigung der Funktion des Magnetkompasses durch die bei normaler Fahrt des Schiffes zu erwartenden Vibrationen weitgehend vermieden wird.</LA></DD><DT>2.</DT><DD Font="normal"><LA Size="normal">Befindet sich mehr als ein Magnetkompass für Binnenschiffe an Bord, so dürfen sich diese Magnetkompasse gegenseitig nicht beeinflussen. Kompensiermittel und Rosensystem des einen Kompasses müssen vom Rosensystem des anderen einen Abstand von mindestens 2 m haben.</LA></DD><DT>3.</DT><DD Font="normal"><LA Size="normal">Bei Ausfall des Hauptstromnetzes muss die Beleuchtung zur Ablesung des Magnetkompasses durch eine Notstromquelle sichergestellt sein.</LA></DD><DT>4.</DT><DD Font="normal"><LA Size="normal">Der Magnetkompass für Binnenschiffe muss in der Mittschiffsebene aufgestellt sein.</LA></DD></DL></P><Title Align="center">§ 2.2</Title><Title Align="auto"><B>Schutzabstände von magnetischen Störquellen</B></Title><P>  <DL Font="normal" Type="arabic"><DT>1.</DT><DD Font="normal"><LA Size="normal">Gleichstromführende Kabel in der Nähe des Magnetkompasses müssen doppelpolig verlegt sein. Dies gilt in Abhängigkeit von der Stromstärke innerhalb der nachstehend angegebenen Bereiche um den Kompassrosenmittelpunkt: <table colsep="1" frame="all" pgwide="1" rowsep="1" tocentry="%yes;"><tgroup align="left" char="" charoff="50" cols="2"><colspec align="center" colname="col1" colnum="1" colwidth="82.5*"/><colspec align="center" colname="col2" colnum="2" colwidth="82.5*"/><thead valign="bottom"><row><entry VJ="1" colname="col1">Stromstärke</entry><entry VJ="1" colname="col2">Bereich um den Kompassrosenmittelpunkt</entry></row></thead><tbody valign="top"><row><entry VJ="1" colname="col1">bis 10 A</entry><entry VJ="1" colname="col2">5 m</entry></row><row><entry VJ="1" colname="col1">über 10 A bis 50 A</entry><entry VJ="1" colname="col2">7 m</entry></row><row><entry VJ="1" colname="col1">über 50 A</entry><entry VJ="1" colname="col2">9 m</entry></row></tbody></tgroup></table></LA><LA Size="normal">Befestigungsschellen für Kabel und Durchführungsrohre für Leitungen aus magnetisierbarem Material sowie eisenarmierte Kabel müssen einen Abstand von mindestens 1 m vom Magnetkompass haben.</LA></DD><DT>2.</DT><DD Font="normal"><LA Size="normal">Magnetkompasse für Binnenschiffe müssen so eingebaut sein, dass der Abstand stählerner Schiffbauteile vom Kompassrosenmittelpunkt mindestens 1 m beträgt.</LA><LA Size="normal">Außerhalb der eisenfreien Zone muss magnetisierbares Material möglichst symmetrisch zur Mittschiffsebene angeordnet werden.</LA></DD><DT>3.</DT><DD Font="normal"><LA Size="normal">Der Magnetkompass darf nicht in einem Ruderhaus aufgestellt werden, das vollkommen aus magnetisierbarem Material hergestellt ist. Wenn das Ruderhaus zum Teil aus magnetisierbarem Material hergestellt ist, soll dieses Material symmetrisch zum Kompass angeordnet sein.</LA></DD><DT>4.</DT><DD Font="normal"><LA Size="normal">Elektrische Anlagen und Geräte müssen grundsätzlich in einem Abstand zum Magnetkompass angeordnet werden, der nicht kleiner als der angegebene Schutzabstand ist.</LA><LA Size="normal">In den von der zuständigen Behörde erteilten Bescheinigungen über Schutzabstandswerte (Mindestabstände) vom Magnet-Regel- und Magnet-Steuerkompass gelten die dort als verminderte Schutzabstände (reduzierte Mindestabstände) angeführten Werte.</LA></DD></DL></P><Title Align="center">§ 2.3</Title><Title Align="auto"><B>Haltevorrichtungen und Kompensiermittel</B></Title><P>  <DL Font="normal" Type="arabic"><DT>1.</DT><DD Font="normal"><LA Size="normal">Ein kardanisch aufgehängter Magnetkompass muss in einer zugehörigen Haltevorrichtung mit Kardanlagern fest montiert werden.</LA></DD><DT>2.</DT><DD Font="normal"><LA Size="normal">Die Haltevorrichtung des Magnetkompasses einschließlich Schutzhaube, Steuerlinse und Übertragungseinrichtung muss so weitgehend eisenfrei sein, dass die Ablenkung der Kompassrose durch evtl. vorhandenes magnetisierbares Material auf keinem Kurs ± 1° überschreitet.</LA></DD><DT>3.</DT><DD Font="normal"><LA Size="normal">Bei Reflexions- oder Projektionskompassen, die über eine optische Einrichtung abgelesen werden, muss an der Ablesevorrichtung (Schirm, Spiegel) zu beiden Seiten des Steuerstrichs ein Sektor der Rose von mindestens 15° sichtbar sein. Dies gilt auch, wenn eine Steuerlupe verwendet wird. Der durch die optische Übertragungseinrichtung abgelesene Magnetkompasskurs muss mit dem direkt am Hauptsteuerstrich abgelesenen innerhalb von ± 1° übereinstimmen.</LA></DD><DT>4.</DT><DD Font="normal"><LA Size="normal">Die Haltevorrichtung muss zur Ausrichtung nach der Montage eine Drehung um die Hochachse von ± 2° ermöglichen.</LA></DD><DT>5.</DT><DD Font="normal"><LA Size="normal">Die Neigungsfreiheit eines kardanisch aufgehängten Magnetkompasses innerhalb der Haltevorrichtung muss mindestens 40° betragen. Diese darf nicht durch zusätzliche Einrichtungen wie z. B. Kursdetektoren, Abtastsonden und ähnliche Installationen für Selbststeueranlagen beeinträchtigt werden.</LA></DD><DT>6.</DT><DD Font="normal"><LA Size="normal">Der Magnetkompass muss so beleuchtet werden können, dass er für eine normalsichtige Person jederzeit aus einer Entfernung von mindestens 1 m blendfrei ablesbar ist. Ist eine elektrische Beleuchtung vorhanden, so muss diese regelbar sein. Bei Ausfall der Hauptstromquelle muss die Beleuchtung über eine Notstromquelle oder anderweitig sichergestellt sein. Die Glühlampe der elektrischen Beleuchtung muss jederzeit leicht und sicher ausgewechselt werden können. Elektrische Zuleitungen für Gleichstrom müssen in unmittelbarer Nähe des Magnetkompasses verdrillt sein.</LA></DD><DT>7.</DT><DD Font="normal"><LA Size="normal">Bei Magnetkompassen, die außerhalb des Ruderhauses, z. B. auf dem Dach des Ruderhauses, aufgestellt werden, muss die Haltevorrichtung mit einer abnehmbaren Schutzhaube versehen sein. In diesen Fällen muss dafür gesorgt sein, dass eine ausreichende Belüftung des Raumes innerhalb der Haltevorrichtung gewährleistet ist.</LA></DD><DT>8.</DT><DD Font="normal"><LA Size="normal">Kompensiermittel</LA><LA Size="normal">Zur Kompensierung der vom festen Schiffsmagnetismus herrührenden Koeffizienten B und C sowie des vom induzierten Schiffsmagnetismus herrührenden Koeffizienten D sind zweckdienliche Vorrichtungen vorzusehen. Geeignet sind z. B. Steckvorrichtungen für die Magnete in Längs- und Querschiffsrichtung. Zur Kompensierung des Koeffizienten D können D-Kugeln, D-Rohre sowie auf oder unter dem Magnetkompass befestigte D-Streifen verwendet werden.<DL Font="normal" Type="alpha"><DT>a)</DT><DD Font="normal"><LA Size="normal">Diese Kompensiereinrichtungen müssen dauerhaft und sicher angebracht und für den Kompassregulierer leicht zugänglich und bequem zu handhaben sein.</LA><LA Size="normal">Unbeabsichtigte Änderungen der kompensierten Werte müssen ausgeschlossen sein.</LA></DD><DT>b)</DT><DD Font="normal"><LA Size="normal">Die Kompensiermagnete für die Koeffizienten B und C sind möglichst unterhalb des Magnetkompasses anzubringen. Ist aus Platzgründen eine Anbringung vor oder hinter dem Magnetkompass oder backbord- oder steuerbordseitig notwendig, so sind die Magnete symmetrisch zum Magnetkompass anzubringen.</LA></DD><DT>c)</DT><DD Font="normal"><LA Size="normal">Die Kompensiermagnete für B sind so anzubringen, dass die Querschiffsebene durch den Rosenmittelpunkt genau die Kompensiermagnete halbiert.</LA><LA Size="normal">Die Kompensiermagnete für C sind so anzubringen, dass die Längsschiffsebene durch den Rosenmittelpunkt genau die Kompensiermagnete halbiert.</LA></DD><DT>d)</DT><DD Font="normal"><LA Size="normal">Das Material für die Kompensiermittel der vom festen Schiffsmagnetismus herrührenden Koeffizienten B und C muss eine Koerzitivfeldstärke von mindestens 11,2 kA/m aufweisen.</LA></DD><DT>e)</DT><DD Font="normal"><LA Size="normal">Das Material für die Kompensiermittel des vom flüchtigen Magnetismus herrührenden Koeffizienten D darf eine Koerzitivfeldstärke von höchstens 120 kA/m aufweisen.</LA></DD><DT>f)</DT><DD Font="normal"><LA Size="normal">Es wird empfohlen, das magnetische Moment für Magnete zur Kompensierung der festen Längs- und Querfeldstärken zwischen 1,5 Am<SUP>2</SUP> und 3,0 Am<SUP>2</SUP> oder 4,0 Am<SUP>2</SUP> und 5,0 Am<SUP>2</SUP> zu wählen.</LA></DD><DT>g)</DT><DD Font="normal"><LA Size="normal">Es wird empfohlen, als D-Streifen die so genannten Mu-Metall-Weicheisenstreifen zu verwenden.</LA><LA Size="normal">Bei Kugelkompassen werden diese zweckmäßigerweise als Bügel, bei Flachglaskompassen als kleine D-Streifen ausgeführt.</LA></DD><DT>h)</DT><DD Font="normal"><LA Size="normal">Mechanische Kompensiereinrichtungen, bei denen die Ablenkungskoeffizienten B und C durch stetiges Verdrehen oder Verschieben von Kompensiermagneten einstellbar sind, dürfen nur eingebaut werden, wenn sie von der zuständigen Behörde für den Gebrauch an Bord als geeignet und sicher befunden worden sind.</LA></DD></DL></LA></DD><DT>9.</DT><DD Font="normal"><LA Size="normal">Ausführungsmöglichkeiten für Haltevorrichtungen <DL Font="normal" Type="alpha"><DT>a)</DT><DD Font="normal"><LA Size="normal">Beim Einbau von Magnet-Steuerkompassen werden unterschieden: <DL Font="normal" Type="a-alpha"><DT>aa)</DT><DD Font="normal"><LA Size="normal">Einbau im Fahrpult, auf einem Tisch oder einer Konsole im Ruderhaus,</LA></DD><DT>bb)</DT><DD Font="normal"><LA Size="normal">Einbau im Ruderhaus unter der Ruderhausdecke (Deckenkompass),</LA></DD><DT>cc)</DT><DD Font="normal"><LA Size="normal">Einbau auf dem Ruderhausdach.</LA></DD></DL></LA></DD><DT>b)</DT><DD Font="normal"><LA Size="normal">Beim Einbau nach Buchstabe a Doppelbuchstabe aa ist Folgendes zu beachten:</LA><LA Size="normal">Die Anbringung der Kompensiermittel für die Koeffizienten B und C hat nach Möglichkeit unter dem Magnetkompass zu erfolgen. In Ausnahmefällen, in denen dies nicht möglich ist, kann die Anbringung auf beiden Seiten oder vor oder hinter dem Magnetkompass auf dem Tisch, der Konsole oder auf dem Fahrpult erfolgen. Voraussetzung dafür ist jedoch, dass beidseitig sowie vor und hinter dem Magnetkompass genügend Raum für die Anbringung der Kompensiermittel zur Verfügung steht, d. h. im Abstand von etwa 600 mm vom Rosenmittelpunkt in Voraus- und Achterausrichtung sowie beiderseits in Querschiffsrichtung dürfen keine Geräte eingebaut werden. Der Raum unter dem Magnetkompass, in dem die Kompensiereinrichtung untergebracht ist, muss abgegrenzt und verschließbar sein. Geräte aus magnetisierbarem Material dürfen in diesem Raum nicht gelagert werden.</LA></DD><DT>c)</DT><DD Font="normal"><LA Size="normal">Bei Einbau des Magnetkompasses nach Buchstabe a Doppelbuchstabe bb wird Folgendes empfohlen:</LA><LA Size="normal">Die Haltevorrichtung der unter der Decke des Ruderhauses angebrachten Magnetkompasse (Deckenkompasse) besteht in der Regel aus zwei Haltearmen mit Kardanlagern zur Aufnahme der Kardanzapfen des Magnetkompasses. Die Ausrichtung des Magnetkompasses nach § 2.3 Nummer 4 kann z. B. erreicht werden, indem die beiden Haltearme im Abstand der Kardanachsen fest mit einer Traverse aus nichtmagnetisierbarem Material und von genügender Stärke verbunden werden. Die Traverse wird in ihrer Mitte in der Mittschiffsebene unter der Decke mit einem starken, nichtmagnetisierbaren Schraubbolzen drehbar befestigt. Langlöcher in den überstehenden Enden der Traverse ermöglichen die Ausrichtung und danach die endgültige Befestigung. Die Deckenverkleidung im Bereich der Traverse und der Kompensierungseinrichtungen muss, soweit dies erforderlich ist, verstärkt sein. Da die Verwendung von D-Rohren und D-Kugeln wegen der erschwerten Anbringung unter der Decke des Ruderhauses in der Regel nicht erfolgt, sollten Deckenkompasse mit einer Einrichtung zur Anbringung von D-Streifen versehen sein.</LA></DD><DT>d)</DT><DD Font="normal"><LA Size="normal">Beim Einbau des Magnetkompasses nach Buchstabe a Doppelbuchstabe cc ist Folgendes zu beachten:</LA><LA Size="normal">Da der Magnetkompass auf dem Dach des Ruderhauses den Witterungsbedingungen und Temperaturschwankungen ausgesetzt ist, ist dieser in der Haltevorrichtung mit einer Schutzhaube zu versehen. Diese muss spritzwasserdicht, abnehmbar und arretierbar sein. Um nach der Montage eine Ausrichtung der Haltevorrichtung nach § 2.3 Nummer 4 zu ermöglichen, darf die Dichtung zwischen Ruderhausdach und Haltevorrichtung nicht durch Vergussmasse oder ähnliches Material erfolgen. Ist der Abstand der Rosenmagnete bis zur Unterkante der Deckenverschalung des Ruderhauses 600 mm und kleiner, so werden die B- und C-Magnete in Steckvorrichtungen unter der Ruderhausdecke angebracht. Wird dieser Abstand jedoch überschritten, wie es bei so genannten verkürzten Kompassständen der Fall ist, so müssen die Steckvorrichtungen in dieser Haltevorrichtung eingebaut sein. Da ein Betreten des Ruderhausdaches zum Auswechseln der Beleuchtungslampe nicht immer möglich ist, muss diese vom Ruderhaus aus ausgewechselt werden können.</LA></DD></DL></LA></DD></DL></P><Title Align="center">§ 2.4</Title><Title Align="auto"><B>Steuerkurstransmitter auf Magnetbasis</B></Title><P>Für Steuerkurstransmitter auf Magnetbasis gelten die Anforderungen der §§ 2.1 bis 2.3 entsprechend.</P></Content></text><fussnoten/></textdaten></norm>
</dokumente>