<?xml version="1.0" encoding="UTF-8" ?><!DOCTYPE dokumente SYSTEM "http://www.gesetze-im-internet.de/dtd/1.01/gii-norm.dtd">
<dokumente builddate="20240424214524" doknr="BJNR511310997"><norm builddate="20240424214524" doknr="BJNR511310997"><metadaten><jurabk>LuftVODV 182</jurabk><ausfertigung-datum manuell="ja">1997-06-02</ausfertigung-datum><fundstelle typ="amtlich"><periodikum>BAnz</periodikum><zitstelle>1997, Nr 113, 7633</zitstelle></fundstelle><fundstelle typ="amtlich"><periodikum>BAnz</periodikum><zitstelle>1997, 7633</zitstelle></fundstelle><langue>Hundertzweiundachtzigste Durchführungsverordnung zur Luftverkehrs-Ordnung (Festlegung von Flugverfahren für An- und Abflüge nach Instrumentenflugregeln zum und vom Verkehrsflughafen Münster/Osnabrück)</langue></metadaten><textdaten><text format="decorated"/><fussnoten><Content><P>Wegen nicht darstellbarer Zeichen nur mit der Überschrift aufgenommen</P></Content></fussnoten></textdaten></norm>
</dokumente>