<?xml version="1.0" encoding="UTF-8" ?><!DOCTYPE dokumente SYSTEM "http://www.gesetze-im-internet.de/dtd/1.01/gii-norm.dtd">
<dokumente builddate="20231128213525" doknr="BJNR019890990"><norm builddate="20231128213525" doknr="BJNR019890990"><metadaten><jurabk>MargMFV</jurabk><amtabk>MargMFV</amtabk><ausfertigung-datum manuell="ja">1990-08-31</ausfertigung-datum><fundstelle typ="amtlich"><periodikum>BGBl I</periodikum><zitstelle>1990, 1989 (2259)</zitstelle></fundstelle><kurzue>Margarine- und Mischfettverordnung</kurzue><langue>Verordnung über Margarine- und Mischfetterzeugnisse</langue><standangabe checked="ja"><standtyp>Stand</standtyp><standkommentar>Zuletzt geändert durch Art. 17 V v. 5.7.2017 I 2272</standkommentar></standangabe></metadaten><textdaten><fussnoten><Content><P>(+++ Textnachweis ab: 16.9.1990 +++)</P></Content></fussnoten></textdaten></norm>
<norm builddate="20231128213525" doknr="BJNR019890990BJNE000100308"><metadaten><jurabk>MargMFV</jurabk><enbez>Eingangsformel</enbez></metadaten><textdaten><text format="XML"><Content><P>Es verordnen <BR/>der Bundesminister für Ernährung, Landwirtschaft und Forsten <BR/>auf Grund des § 7 Satz 1 und des § 19 Abs. 2 des Milch- und Margarinegesetzes vom 25. Juli 1990 (BGBl. I S. 1471) im Einvernehmen mit den Bundesministern für Jugend, Familie, Frauen und Gesundheit, der Justiz und für Wirtschaft <BR/>der Bundesminister für Jugend, Familie, Frauen und Gesundheit <BR/>auf Grund des § 12 Abs. 1 Nr. 1 und des § 19 Nr. 4 Buchstabe b des Lebensmittel- und Bedarfsgegenständegesetzes vom 15. August 1974 (BGBl. I S. 1945, 1946) im Einvernehmen mit den Bundesministern für Ernährung, Landwirtschaft und Forsten und für Wirtschaft <BR/>der Bundesminister für Wirtschaft <BR/>auf Grund des § 17a Abs. 1 Nr. 1 Buchstabe c des Eichgesetzes in der Fassung der Bekanntmachung vom 22. Februar 1985 (BGBl. I S. 410) im Einvernehmen mit den Bundesministern für Ernährung, Landwirtschaft und Forsten, für Jugend, Familie, Frauen und Gesundheit und der Finanzen:</P></Content></text></textdaten></norm>
<norm builddate="20231128213525" doknr="BJNR019890990BJNE000202377"><metadaten><jurabk>MargMFV</jurabk><enbez>§ 1</enbez><titel format="XML">Anwendungsbereich</titel></metadaten><textdaten><text format="XML"><Content><P>Die Vorschriften dieser Verordnung gelten für die Durchführung der Rechtsakte der Europäischen Gemeinschaft oder der Europäischen Union über die Normen für Streichfette mit Ausnahme der Milchstreichfette.</P></Content></text><fussnoten/></textdaten></norm>
<norm builddate="20231128213525" doknr="BJNR019890990BJNE000301308"><metadaten><jurabk>MargMFV</jurabk><enbez>§ 2</enbez></metadaten><textdaten><text format="XML"><Content><P>(weggefallen)</P></Content></text><fussnoten/></textdaten></norm>
<norm builddate="20231128213525" doknr="BJNR019890990BJNE000402308"><metadaten><jurabk>MargMFV</jurabk><enbez>§ 3</enbez></metadaten><textdaten><text format="XML"><Content><P>Margarineschmalz oder Mischfettschmalz, das den in der Anlage vorgeschriebenen Anforderungen nicht entspricht, darf nicht in den Verkehr gebracht werden.</P></Content></text><fussnoten/></textdaten></norm>
<norm builddate="20231128213525" doknr="BJNR019890990BJNE000505124"><metadaten><jurabk>MargMFV</jurabk><enbez>§ 4</enbez><titel format="XML">Kennzeichnungsvorschriften</titel></metadaten><textdaten><text format="XML"><Content><P>(1) Für Margarineschmalz und Mischfettschmalz sind die in der Anlage vorgesehenen Bezeichnungen die Bezeichnungen der Lebensmittel im Sinne der Verordnung (EU) Nr. 1169/2011 des Europäischen Parlaments und des Rates vom 25. Oktober 2011 betreffend die Information der Verbraucher über Lebensmittel und zur Änderung der Verordnungen (EG) Nr. 1924/2006 und (EG) Nr. 1925/2006 des Europäischen Parlaments und des Rates und zur Aufhebung der Richtlinie 87/250/EWG der Kommission, der Richtlinie 90/496/EWG des Rates, der Richtlinie 1999/10/EG der Kommission, der Richtlinie 2000/13/EG des Europäischen Parlaments und des Rates, der Richtlinie 2002/67/EG und 2008/5/EG der Kommission und der Verordnung (EG) Nr. 608/2004 der Kommission (ABl. L 304 vom 22.11.2011, S. 18; L 331 vom 18.11.2014, S. 41; L 50 vom 21.2.2015, S. 48; L 266 vom 30.9.2016, S. 7) in der jeweils geltenden Fassung.</P><P>(2) Bei Erzeugnissen mit einem Gesamtfettgehalt von 50 Gramm pro 100 Gramm in Massenanteilen und weniger ist ein Hinweis anzubringen, dass das Erzeugnis zum Braten nicht geeignet ist, und zwar <DL Type="arabic"><DT>1.</DT><DD Font="normal"><LA>bei vorverpackten Erzeugnissen und bei nicht vorverpackten Erzeugnissen im Sinne von § 4 Absatz 1 der Lebensmittelinformations-Durchführungsverordnung in deutscher Sprache und an gut sichtbarer Stelle auf der Verpackung oder auf einem an der Verpackung befestigten Etikett,</LA></DD><DT>2.</DT><DD Font="normal"><LA>bei der Abgabe von nicht vorverpackten Erzeugnissen im Sinne von § 4 Absatz 2 der Lebensmittelinformations-Durchführungsverordnung in deutscher Sprache und nach Maßgabe des § 4 Absatz 3 der Lebensmittelinformations-Durchführungsverordnung.</LA></DD></DL></P><P>(3) Es ist verboten, eine Verkehrsbezeichnung, die nach Anhang VII Teil VII Abschnitt I Unterabsatz 3 Buchstabe b und c der Verordnung (EU) Nr. 1308/2013 des Europäischen Parlaments und des Rates vom 17. Dezember 2013 über eine gemeinsame Marktorganisation für landwirtschaftliche Erzeugnisse und zur Aufhebung der Verordnungen (EWG) Nr. 922/72, (EWG) Nr. 234/79, (EG) Nr. 1037/2001 und (EG) Nr. 1234/2007 (ABl. L 347 vom 20.12.2013, S. 671) einem bestimmten Erzeugnis vorbehalten ist, für ein anderes als ein dort genanntes Erzeugnis zu verwenden.</P></Content></text><fussnoten/></textdaten></norm>
<norm builddate="20231128213525" doknr="BJNR019890990BJNE000603124"><metadaten><jurabk>MargMFV</jurabk><enbez>§ 5</enbez></metadaten><textdaten><text format="XML"><Content><P>(1) Außerhalb des Geltungsbereichs dieser Verordnung hergestelltes Margarineschmalz oder Mischfettschmalz (ausländisches Margarineschmalz oder Mischfettschmalz), das nicht den Vorschriften dieser Verordnung entspricht, darf vorbehaltlich des Absatzes 2 in den Verkehr gebracht werden, wenn <DL Font="normal" Type="arabic"><DT>1.</DT><DD Font="normal"><LA Size="normal">es nach den Rechtsvorschriften des Herstellungslandes hergestellt und dort verkehrsfähig ist und,</LA></DD><DT>2.</DT><DD Font="normal"><LA Size="normal">soweit es sich nicht um ein Erzeugnis handelt, das in einem anderen Mitgliedstaat der Europäischen Union oder einem anderen Vertragsstaat des Abkommens über den Europäischen Wirtschaftsraum rechtmäßig hergestellt und in den Verkehr gebracht ist oder aus einem Drittland stammt und sich in einem Mitgliedstaat der Europäischen Union rechtmäßig im Verkehr befindet, für in dem Erzeugnis enthaltene zulassungsbedürftige Zusatzstoffe eine Ausnahme nach § 37 des Lebensmittel- und Bedarfsgegenständegesetzes in der bis zum 6. September 2005 geltenden Fassung oder nach § 68 des Lebensmittel- und Futtermittelgesetzbuches zugelassen worden ist.</LA></DD></DL></P><P>(2) Ausländisches Margarine- und Mischfettschmalz, das in wesentlichen charakteristischen Merkmalen, insbesondere hinsichtlich des Fettgehalts und der Verwendung von Ausgangsstoffen, von inländischen Erzeugnissen abweicht, darf nur in den Verkehr gebracht werden, wenn zusätzlich zu der Kennzeichnung nach § 4 und nach der Verordnung (EU) Nr. 1169/2011 die Beschreibung der Abweichung auf der Fertigpackung oder dem Hinweisschild deutlich lesbar angegeben ist. Der Hinweis ist in Verbindung mit der Bezeichnung des Lebensmittels anzugeben, sofern nicht durch eine Angabe im Zutatenverzeichnis eine Irreführung des Verbrauchers ausgeschlossen werden kann. Zusätzlich darf auch die Bezeichnung des Lebensmittels des Herstellungslandes verwendet werden.</P></Content></text><fussnoten/></textdaten></norm>
<norm builddate="20231128213525" doknr="BJNR019890990BJNE000705124"><metadaten><jurabk>MargMFV</jurabk><enbez>§ 6</enbez><titel format="XML">Straftaten und Ordnungswidrigkeiten</titel></metadaten><textdaten><text format="XML"><Content><P>(1) Nach § 59 Abs. 1 Nr. 21 Buchstabe a des Lebensmittel- und Futtermittelgesetzbuches wird bestraft, wer entgegen § 5 Abs. 2 Satz 1 ausländisches Margarineschmalz oder ausländisches Mischfettschmalz, das nicht oder nicht in der vorgeschriebenen Weise kenntlich gemacht ist, in den Verkehr bringt.</P><P>(2) Wer eine in Absatz 1 bezeichnete Handlung fahrlässig begeht, handelt nach § 60 Abs. 1 des Lebensmittel- und Futtermittelgesetzbuches ordnungswidrig.</P><P>(3) Ordnungswidrig im Sinne des § 9 Absatz 2 Nummer 2 des Milch- und Margarinegesetzes handelt, wer vorsätzlich oder fahrlässig <DL Font="normal" Type="arabic"><DT>1.</DT><DD Font="normal"><LA Size="normal">entgegen § 3 Margarineschmalz oder Mischfettschmalz in den Verkehr bringt oder</LA></DD><DT>2.</DT><DD Font="normal"><LA Size="normal">entgegen § 4 Absatz 3 eine Verkehrsbezeichnung verwendet.</LA></DD></DL></P><P>(4) Ordnungswidrig im Sinne des § 9 Absatz 2 Nummer 4 des Milch- und Margarinegesetzes handelt, wer gegen die Verordnung (EU) Nr. 1308/2013 des Europäischen Parlaments und des Rates vom 17. Dezember 2013 über eine gemeinsame Marktorganisation für landwirtschaftliche Erzeugnisse und zur Aufhebung der Verordnungen (EWG) Nr. 922/72, (EWG) Nr. 234/79, (EG) Nr. 1037/2001 und (EG) Nr. 1234/2007 (ABl. L 347 vom 20.12.2013, S. 671) verstößt, indem er vorsätzlich oder fahrlässig entgegen Anhang VII Teil VII <DL Font="normal" Type="arabic"><DT>1.</DT><DD Font="normal"><LA Size="normal">Abschnitt I Unterabsatz 1 ein dort genanntes Erzeugnis abgibt,</LA></DD><DT>2.</DT><DD Font="normal"><LA Size="normal">Abschnitt I Unterabsatz 2 eine andere als eine dort genannte Verkehrsbezeichnung verwendet oder</LA></DD><DT>3.</DT><DD Font="normal"><LA Size="normal">Abschnitt II Nummer 2 für ein in Anhang VII Anlage II Buchstabe B und C genanntes Erzeugnis einen Hinweis gibt.</LA></DD></DL></P></Content></text><fussnoten/></textdaten></norm>
<norm builddate="20231128213525" doknr="BJNR019890990BJNE001001308"><metadaten><jurabk>MargMFV</jurabk><enbez>§ 7</enbez><titel format="parat">Inkrafttreten</titel></metadaten><textdaten><text format="XML"><Content><P>Diese Verordnung tritt am Tage nach der Verkündung in Kraft.</P></Content></text><fussnoten/></textdaten></norm>
<norm builddate="20231128213525" doknr="BJNR019890990BJNE001100308"><metadaten><jurabk>MargMFV</jurabk><enbez>Schlußformel</enbez></metadaten><textdaten><text format="XML"><Content><P>Der Bundesrat hat zugestimmt.</P></Content></text></textdaten></norm>
<norm builddate="20231128213525" doknr="BJNR019890990BJNE001202308"><metadaten><jurabk>MargMFV</jurabk><enbez>Anlage</enbez><titel format="parat">(zu § 3)</titel></metadaten><textdaten><text format="XML"><Content><P><ABWFORMAT typ="A"/><kommentar typ="Fundstelle"> Fundstelle des Originaltextes: BGBl. I 1999, 1265 </kommentar> <BR/><table frame="topbot" tocentry="%yes;">
		<tgroup align="left" char="" charoff="50" cols="3" colsep="1" rowsep="0">
			<colspec colname="col1" colnum="1" colwidth="35*"/>
			<colspec colname="col2" colnum="2" colwidth="40*"/>
			<colspec colname="col3" colnum="3" colwidth="35*"/>
			<thead valign="bottom">
				<row>
					<entry VJ="1" align="center" colsep="0" rowsep="1" valign="top">1</entry>
					<entry VJ="1" align="center" colsep="0" rowsep="1" valign="top">2</entry>
					<entry VJ="1" align="center" colsep="0" rowsep="1" valign="top">3</entry>
				</row>
				<row>
					<entry VJ="1" align="center" colsep="0" rowsep="1" valign="top">Bezeichnung</entry>
					<entry VJ="1" align="center" colsep="0" rowsep="1" valign="top">Herstellungsweise Zusammensetzung</entry>
					<entry VJ="1" align="center" colsep="0" rowsep="1" valign="top">Fettgehalt in 100 Gewichtsteilen</entry>
				</row>
			</thead>
			<tbody valign="top">
				<row>
					<entry VJ="1" align="left" colsep="0" valign="top">I.</entry>
					<entry VJ="1" align="left" colsep="0" valign="top"/>
					<entry VJ="1" align="left" colsep="0" valign="top"/>
				</row>
				<row>
					<entry VJ="1" align="left" colsep="0" valign="top">Margarineschmalz (Schmelzmargarine)</entry>
					<entry VJ="1" align="left" colsep="0" valign="top">hergestellt aus genußtauglichen Fettstoffen pflanzlicher oder tierischer Herkunft, keine Emulsion, aromatisiert, in der Regel kräftig gelb und einem Höchstgehalt an Milchfett von 3% des Gesamtfettgehaltes</entry>
					<entry VJ="1" align="left" colsep="0" valign="top">mindestens 99</entry>
				</row>
				<row>
					<entry VJ="1" align="left" colsep="0" valign="top">II .</entry>
					<entry VJ="1" align="left" colsep="0" valign="top"/>
					<entry VJ="1" align="left" colsep="0" valign="top"/>
				</row>
				<row>
					<entry VJ="1" align="left" colsep="0" valign="top">Mischfettschmalz (Schmelzmischfett)</entry>
					<entry VJ="1" align="left" colsep="0" valign="top">hergestellt aus genußtauglichen Fettstoffen pflanzlicher und tierischer Herkunft, keine Emulsion; Milchfettanteil am Gesamtfett 10% bis 80%</entry>
					<entry VJ="1" align="left" colsep="0" valign="top">mindestens 99</entry>
				</row>
			</tbody>
		</tgroup>
	</table> </P></Content></text><fussnoten/></textdaten></norm>
</dokumente>