<?xml version="1.0" encoding="UTF-8" ?><!DOCTYPE dokumente SYSTEM "http://www.gesetze-im-internet.de/dtd/1.01/gii-norm.dtd">
<dokumente builddate="20221231214418" doknr="BJNR351310001"><norm builddate="20221231214418" doknr="BJNR351310001"><metadaten><jurabk>GewSchG</jurabk><amtabk>GewSchG</amtabk><ausfertigung-datum manuell="ja">2001-12-11</ausfertigung-datum><fundstelle typ="amtlich"><periodikum>BGBl I</periodikum><zitstelle>2001, 3513</zitstelle></fundstelle><kurzue>Gewaltschutzgesetz</kurzue><langue>Gesetz zum zivilrechtlichen Schutz vor Gewalttaten und Nachstellungen</langue><standangabe checked="ja"><standtyp>Stand</standtyp><standkommentar>Zuletzt geändert durch Art. 2 G v. 10.8.2021 I 3513</standkommentar></standangabe></metadaten><textdaten><text format="XML"><Content><P/></Content></text><fussnoten><Content><P><BR/> <pre xml:space="preserve">(+++ Textnachweis ab:  1. 1.2002 +++)<BR/><BR/></pre>Das G wurde als Artikel 1 d. G v. 11.12.2001 I 3513 vom Bundestag beschlossen. Es ist gem. Art. 13 Abs. 2 dieses G am 1.1.2002 in Kraft getreten.</P></Content></fussnoten></textdaten></norm>
<norm builddate="20221231214418" doknr="BJNR351310001BJNE000101360"><metadaten><jurabk>GewSchG</jurabk><enbez>§ 1</enbez><titel format="XML">Gerichtliche Maßnahmen zum Schutz vor Gewalt und Nachstellungen</titel></metadaten><textdaten><text format="XML"><Content><P>(1) Hat eine Person vorsätzlich den Körper, die Gesundheit, die Freiheit oder die sexuelle Selbstbestimmung einer anderen Person widerrechtlich verletzt, hat das Gericht auf Antrag der verletzten Person die zur Abwendung weiterer Verletzungen erforderlichen Maßnahmen zu treffen. Die Anordnungen sollen befristet werden; die Frist kann verlängert werden. Das Gericht kann insbesondere anordnen, dass der Täter es unterlässt, <DL Font="normal" Type="arabic"><DT>1.</DT><DD Font="normal"><LA Size="normal">die Wohnung der verletzten Person zu betreten,</LA></DD><DT>2.</DT><DD Font="normal"><LA Size="normal">sich in einem bestimmten Umkreis der Wohnung der verletzten Person aufzuhalten,</LA></DD><DT>3.</DT><DD Font="normal"><LA Size="normal">zu bestimmende andere Orte aufzusuchen, an denen sich die verletzte Person regelmäßig aufhält,</LA></DD><DT>4.</DT><DD Font="normal"><LA Size="normal">Verbindung zur verletzten Person, auch unter Verwendung von Fernkommunikationsmitteln, aufzunehmen,</LA></DD><DT>5.</DT><DD Font="normal"><LA Size="normal">Zusammentreffen mit der verletzten Person herbeizuführen,</LA></DD></DL>soweit dies nicht zur Wahrnehmung berechtigter Interessen erforderlich ist.</P><P>(2) Absatz 1 gilt entsprechend, wenn <DL Font="normal" Type="arabic"><DT>1.</DT><DD Font="normal"><LA Size="normal">eine Person einer anderen mit einer Verletzung des Lebens, des Körpers, der Gesundheit, der Freiheit oder der sexuellen Selbstbestimmung widerrechtlich gedroht hat oder</LA></DD><DT>2.</DT><DD Font="normal"><LA Size="normal">eine Person widerrechtlich und vorsätzlich<DL Font="normal" Type="arabic"><DT>a)</DT><DD Font="normal"><LA Size="normal">in die Wohnung einer anderen Person oder deren befriedetes Besitztum eindringt oder</LA></DD><DT>b)</DT><DD Font="normal"><LA Size="normal">eine andere Person dadurch unzumutbar belästigt, dass sie ihr gegen den ausdrücklich erklärten Willen wiederholt nachstellt oder sie unter Verwendung von Fernkommunikationsmitteln verfolgt.</LA></DD></DL></LA></DD></DL>Im Falle des Satzes 1 Nr. 2 Buchstabe b liegt eine unzumutbare Belästigung nicht vor, wenn die Handlung der Wahrnehmung berechtigter Interessen dient.</P><P>(3) In den Fällen des Absatzes 1 Satz 1 oder des Absatzes 2 kann das Gericht die Maßnahmen nach Absatz 1 auch dann anordnen, wenn eine Person die Tat in einem die freie Willensbestimmung ausschließenden Zustand krankhafter Störung der Geistestätigkeit begangen hat, in den sie sich durch geistige Getränke oder ähnliche Mittel vorübergehend versetzt hat.</P></Content></text><fussnoten/></textdaten></norm>
<norm builddate="20221231214418" doknr="BJNR351310001BJNE000200000"><metadaten><jurabk>GewSchG</jurabk><enbez>§ 2</enbez><titel format="parat">Überlassung einer gemeinsam genutzten Wohnung</titel></metadaten><textdaten><text format="XML"><Content><P>(1) Hat die verletzte Person zum Zeitpunkt einer Tat nach § 1 Abs. 1 Satz 1, auch in Verbindung mit Abs. 3, mit dem Täter einen auf Dauer angelegten gemeinsamen Haushalt geführt, so kann sie von diesem verlangen, ihr die gemeinsam genutzte Wohnung zur alleinigen Benutzung zu überlassen.</P><P>(2) Die Dauer der Überlassung der Wohnung ist zu befristen, wenn der verletzten Person mit dem Täter das Eigentum, das Erbbaurecht oder der Nießbrauch an dem Grundstück, auf dem sich die Wohnung befindet, zusteht oder die verletzte Person mit dem Täter die Wohnung gemietet hat. Steht dem Täter allein oder gemeinsam mit einem Dritten das Eigentum, das Erbbaurecht oder der Nießbrauch an dem Grundstück zu, auf dem sich die Wohnung befindet, oder hat er die Wohnung allein oder gemeinsam mit einem Dritten gemietet, so hat das Gericht die Wohnungsüberlassung an die verletzte Person auf die Dauer von höchstens sechs Monaten zu befristen. Konnte die verletzte Person innerhalb der vom Gericht nach Satz 2 bestimmten Frist anderen angemessenen Wohnraum zu zumutbaren Bedingungen nicht beschaffen, so kann das Gericht die Frist um höchstens weitere sechs Monate verlängern, es sei denn, überwiegende Belange des Täters oder des Dritten stehen entgegen. Die Sätze 1 bis 3 gelten entsprechend für das Wohnungseigentum, das Dauerwohnrecht und das dingliche Wohnrecht.</P><P>(3) Der Anspruch nach Absatz 1 ist ausgeschlossen, <DL Font="normal" Type="arabic"><DT>1.</DT><DD Font="normal"><LA Size="normal">wenn weitere Verletzungen nicht zu besorgen sind, es sei denn, dass der verletzten Person das weitere Zusammenleben mit dem Täter wegen der Schwere der Tat nicht zuzumuten ist oder</LA></DD> <DT>2.</DT><DD Font="normal"><LA Size="normal">wenn die verletzte Person nicht innerhalb von drei Monaten nach der Tat die Überlassung der Wohnung schriftlich vom Täter verlangt oder</LA></DD> <DT>3.</DT><DD Font="normal"><LA Size="normal">soweit der Überlassung der Wohnung an die verletzte Person besonders schwerwiegende Belange des Täters entgegenstehen.</LA></DD> </DL> </P><P>(4) Ist der verletzten Person die Wohnung zur Benutzung überlassen worden, so hat der Täter alles zu unterlassen, was geeignet ist, die Ausübung dieses Nutzungsrechts zu erschweren oder zu vereiteln.</P><P>(5) Der Täter kann von der verletzten Person eine Vergütung für die Nutzung verlangen, soweit dies der Billigkeit entspricht.</P><P>(6) Hat die bedrohte Person zum Zeitpunkt einer Drohung nach § 1 Abs. 2 Satz 1 Nr. 1, auch in Verbindung mit Abs. 3, einen auf Dauer angelegten gemeinsamen Haushalt mit dem Täter geführt, kann sie die Überlassung der gemeinsam genutzten Wohnung verlangen, wenn dies erforderlich ist, um eine unbillige Härte zu vermeiden. Eine unbillige Härte kann auch dann gegeben sein, wenn das Wohl von im Haushalt lebenden Kindern beeinträchtigt ist. Im Übrigen gelten die Absätze 2 bis 5 entsprechend.</P></Content>    </text></textdaten></norm>
<norm builddate="20221231214418" doknr="BJNR351310001BJNE000301125"><metadaten><jurabk>GewSchG</jurabk><enbez>§ 3</enbez><titel format="XML">Geltungsbereich, Konkurrenzen</titel></metadaten><textdaten><text format="XML"><Content><P>(1) Steht die verletzte oder bedrohte Person im Zeitpunkt einer Tat nach § 1 Abs. 1 oder Abs. 2 Satz 1 unter elterlicher Sorge, Vormundschaft oder unter Pflegschaft für Minderjährige, so treten im Verhältnis zu den Eltern und zu sorgeberechtigten Personen an die Stelle von §§ 1 und 2 die für das Sorgerechts-, Vormundschafts- oder Pflegschaftsverhältnis maßgebenden Vorschriften.</P><P>(2) Weitergehende Ansprüche der verletzten Person werden durch dieses Gesetz nicht berührt.</P></Content></text><fussnoten/></textdaten></norm>
<norm builddate="20221231214418" doknr="BJNR351310001BJNE000402360"><metadaten><jurabk>GewSchG</jurabk><enbez>§ 4</enbez><titel format="XML">Strafvorschriften</titel></metadaten><textdaten><text format="XML"><Content><P>Mit Freiheitsstrafe bis zu zwei Jahren oder mit Geldstrafe wird bestraft, wer einer bestimmten vollstreckbaren <DL Font="normal" Type="arabic"><DT>1.</DT><DD Font="normal"><LA Size="normal">Anordnung nach § 1 Absatz 1 Satz 1 oder 3, jeweils auch in Verbindung mit Absatz 2 Satz 1, zuwiderhandelt oder</LA></DD><DT>2.</DT><DD Font="normal"><LA Size="normal">Verpflichtung aus einem Vergleich zuwiderhandelt, soweit der Vergleich nach § 214a Satz 1 des Gesetzes über das Verfahren in Familiensachen und in den Angelegenheiten der freiwilligen Gerichtsbarkeit in Verbindung mit § 1 Absatz 1 Satz 1 oder 3 dieses Gesetzes, jeweils auch in Verbindung mit § 1 Absatz 2 Satz 1 dieses Gesetzes, bestätigt worden ist.</LA></DD></DL>Die Strafbarkeit nach anderen Vorschriften bleibt unberührt.</P></Content></text><fussnoten/></textdaten></norm>
</dokumente>