<?xml version="1.0" encoding="UTF-8" ?><!DOCTYPE dokumente SYSTEM "http://www.gesetze-im-internet.de/dtd/1.01/gii-norm.dtd">
<dokumente builddate="20250224223003" doknr="BJNR014610015"><norm builddate="20250224223003" doknr="BJNR014610015"><metadaten><jurabk>AusglMechV 2015</jurabk><amtabk>EEV</amtabk><ausfertigung-datum manuell="ja">2015-02-17</ausfertigung-datum><fundstelle typ="amtlich"><periodikum>BGBl I</periodikum><zitstelle>2015, 146</zitstelle></fundstelle><kurzue>Erneuerbare-Energien-Verordnung</kurzue><langue>Verordnung zur Durchführung des Erneuerbare-Energien-Gesetzes und des Windenergie-auf-See-Gesetzes</langue><standangabe checked="ja"><standtyp>Stand</standtyp><standkommentar>Zuletzt geändert durch Art. 2 V v. 2.2.2024 I Nr. 34</standkommentar></standangabe><standangabe checked="ja"><standtyp>Hinweis</standtyp><standkommentar>Änderung durch Art. 5 G v. 21.2.2025 I Nr. 51 textlich nachgewiesen, dokumentarisch noch nicht abschließend bearbeitet</standkommentar></standangabe></metadaten><textdaten><fussnoten><Content><P><BR/> <pre xml:space="preserve">(+++ Textnachweis ab: 20.2.2015 +++)<BR/> <BR/>(+++ Zur Anwendung vgl. §§ 8, 12 +++)<BR/><BR/></pre>Die V wurde als Artikel 1 der V v. 17.2.2015 I 146 von der Bundesregierung unter Wahrung der Rechte des Bundestages und dem Bundesministerium für Wirtschaft und Energie beschlossen. Sie ist gem. Art. 4 Satz 1 dieser V am 20.2.2015 in Kraft getreten. <BR/>Amtliche Überschrift, Kurzüberschrift u. Buchstabenabkürzung: IdF d. Art. 17 Nr. 1 G v. 13.10.2016 I 2258 mWv 1.1.2017</P></Content></fussnoten></textdaten></norm>
<norm builddate="20250224223003" doknr="BJNR014610015BJNG000100124"><metadaten><jurabk>AusglMechV 2015</jurabk><jurabk>EEV</jurabk><gliederungseinheit><gliederungskennzahl>010</gliederungskennzahl><gliederungsbez>Abschnitt 1</gliederungsbez><gliederungstitel>Anwendungsbereich</gliederungstitel></gliederungseinheit></metadaten><textdaten><fussnoten/></textdaten></norm>
<norm builddate="20250224223003" doknr="BJNR014610015BJNE001801119"><metadaten><jurabk>AusglMechV 2015</jurabk><jurabk>EEV</jurabk><enbez>§ 1</enbez><titel format="XML">Anwendungsbereich</titel></metadaten><textdaten><text format="XML"><Content><P>Diese Verordnung trifft Regelungen <DL Font="normal" Type="arabic"><DT>1.</DT><DD Font="normal"><LA Size="normal">zur Vermarktung des nach § 19 Absatz 1 Nummer 2 des Erneuerbare-Energien-Gesetzes vergüteten oder nach § 13a Absatz 1a des Energiewirtschaftsgesetzes bilanziell ausgeglichenen Stroms durch die Übertragungsnetzbetreiber nach § 57 des Erneuerbare-Energien-Gesetzes,</LA></DD><DT>2.</DT><DD Font="normal"><LA Size="normal">(weggefallen)</LA></DD><DT>3.</DT><DD Font="normal"><LA Size="normal">in Bezug auf Herkunftsnachweise und den Betrieb des Herkunftsnachweisregisters nach § 79 des Erneuerbare-Energien-Gesetzes und in Bezug auf Regionalnachweise und die Einrichtung und den Betrieb des Regionalnachweisregisters nach § 79a des Erneuerbare-Energien-Gesetzes,</LA></DD><DT>3a.</DT><DD Font="normal"><LA Size="normal">zur Anschlussförderung von Güllekleinanlagen nach § 88b des Erneuerbare-Energien-Gesetzes,</LA></DD><DT>3b.</DT><DD Font="normal"><LA Size="normal">(weggefallen)</LA></DD><DT>4.</DT><DD Font="normal"><LA Size="normal">zur Übertragung von Ermächtigungen zum Erlass von Rechtsverordnungen aufgrund des Erneuerbare-Energien-Gesetzes auf die Bundesnetzagentur und auf das Umweltbundesamt.</LA></DD></DL></P></Content></text><fussnoten/></textdaten></norm>
<norm builddate="20250224223003" doknr="BJNR014610015BJNG000201119"><metadaten><jurabk>AusglMechV 2015</jurabk><jurabk>EEV</jurabk><gliederungseinheit><gliederungskennzahl>020</gliederungskennzahl><gliederungsbez>Abschnitt 2</gliederungsbez><gliederungstitel>Vermarktung von EEG-Strom</gliederungstitel></gliederungseinheit></metadaten><textdaten><fussnoten/></textdaten></norm>
<norm builddate="20250224223003" doknr="BJNR014610015BJNE000204128"><metadaten><jurabk>AusglMechV 2015</jurabk><jurabk>EEV</jurabk><enbez>§ 2</enbez><titel format="XML">Vermarktung durch die Übertragungsnetzbetreiber</titel></metadaten><textdaten><text format="XML"><Content><P>(1) Die Übertragungsnetzbetreiber dürfen den nach § 19 Absatz 1 Nummer 2 des Erneuerbare-Energien-Gesetzes vergüteten oder nach § 13a Absatz 1a des Energiewirtschaftsgesetzes bilanziell ausgeglichenen Strom nur am Spotmarkt einer Strombörse vermarkten. Sie müssen zur bestmöglichen Vermarktung des Stroms die Sorgfalt eines ordentlichen und gewissenhaften Kaufmanns anwenden. Eine gemeinsame Vermarktung nach Satz 1 schließt die Möglichkeit ein, Vermarktungstätigkeiten auf einen anderen Übertragungsnetzbetreiber im Rahmen eines Dienstleistungsverhältnisses zu übertragen.</P><P>(2) Die Übertragungsnetzbetreiber müssen am Day-Ahead-Markt einer Strombörse über eine marktgekoppelte Auktion für jede Viertelstunde des Folgetages die gemäß aktueller Prognose vorhergesagte viertelstündliche Einspeisung des nach § 19 Absatz 1 Nummer 2 des Erneuerbare-Energien-Gesetzes zu vergütenden oder nach § 13a Absatz 1a des Energiewirtschaftsgesetzes bilanziell auszugleichenden Stroms vorbehaltlich abweichender Vorgaben in § 5 vollständig veräußern.</P><P>(3) Differenzen zwischen der gemäß jeweils aktueller Prognose vorhergesagten viertelstündlichen Einspeisung und der nach Absatz 2 zu vermarktenden viertelstündlichen Einspeisung können am Intraday-Markt einer Strombörse für jede Viertelstunde des laufenden Tages oder des Folgetages über Auktionen mit viertelstündlichen Handelsprodukten erworben oder veräußert werden. Gebote nach Satz 1 können preislimitiert eingestellt werden.</P><P>(4) Differenzen zwischen der nach aktualisierten Prognosen vorhergesagten viertelstündlichen Einspeisung und den bereits veräußerten und erworbenen Strommengen sind über den untertägigen kontinuierlichen Handel am Intraday-Markt einer Strombörse zu erwerben oder zu veräußern. Gebote nach Satz 1 können preislimitiert eingestellt werden. Mit Abschluss der letzten Handelsmöglichkeiten nach Satz 1 müssen die Differenzen nach Satz 1 vollständig ausgeglichen sein.</P><P>(5) Die Prognosen über den nach § 19 Absatz 1 Nummer 2 des Erneuerbare-Energien-Gesetzes zu vergütenden oder nach § 13a Absatz 1a des Energiewirtschaftsgesetzes bilanziell auszugleichenden Strom sind nach dem Stand von Wissenschaft und Technik zu erstellen.</P></Content></text><fussnoten/></textdaten></norm>
<norm builddate="20250224223003" doknr="BJNR014610015BJNE000310128"><metadaten><jurabk>AusglMechV 2015</jurabk><jurabk>EEV</jurabk><enbez>§ 3</enbez><titel format="XML">Transparenz der Vermarktungstätigkeiten</titel></metadaten><textdaten><text format="XML"><Content><P>Die Übertragungsnetzbetreiber sind verpflichtet, folgende Daten ergänzend zu den Daten nach der Anlage 1 Nummer 3 des Erneuerbare-Energien-Gesetzes auf einer gemeinsamen Internetseite in einheitlichem Format in nicht personenbezogener Form zu veröffentlichen: <DL Font="normal" Type="arabic"><DT>1.</DT><DD Font="normal"><LA Size="normal">die nach § 2 Absatz 2 veräußerte Einspeisung aufgeschlüsselt nach den Technologiegruppen Windenergie, solare Strahlungsenergie und Sonstige in mindestens viertelstündlicher Auflösung; sie ist spätestens am Tag vor dem Liefertag bis 18 Uhr zu veröffentlichen,</LA></DD><DT>2.</DT><DD Font="normal"><LA Size="normal">die nach § 2 Absatz 2 veräußerte monatliche Einspeisung aufgeschlüsselt nach den Technologiegruppen Windenergie an Land, Windenergie auf See, solare Strahlungsenergie, Biomasse und Sonstige; sie ist für jeden Kalendermonat bis zum Ablauf des zehnten Werktags des Folgemonats zu veröffentlichen,</LA></DD><DT>3.</DT><DD Font="normal"><LA Size="normal">die nach § 2 Absatz 3 veräußerten und erworbenen Strommengen aufgeschlüsselt nach Handelsplätzen in viertelstündlicher Auflösung; sie sind spätestens am Liefertag bis 18 Uhr zu veröffentlichen,</LA></DD><DT>4.</DT><DD Font="normal"><LA Size="normal">die nach § 2 Absatz 4 veräußerten und erworbenen Strommengen in viertelstündlicher Auflösung; sie sind spätestens am Tag nach dem Liefertag bis 18 Uhr zu veröffentlichen,</LA></DD><DT>5.</DT><DD Font="normal"><LA Size="normal">die Differenz zwischen den gemäß der jeweils aktuellsten vor Handelsschluss verfügbaren Prognose insgesamt zu veräußernden Strommengen und den hierfür insgesamt nach § 2 Absatz 2 bis 4 veräußerten und erworbenen Strommengen; sie ist in viertelstündlicher Auflösung spätestens am Tag nach dem Liefertag bis 18 Uhr zu veröffentlichen,</LA></DD><DT>6.</DT><DD Font="normal"><LA Size="normal">die in Anspruch genommene Ausgleichsenergie zum Ausgleich des EEG-Bilanzkreises in viertelstündlicher Auflösung; sie ist unverzüglich nach Vorlage der Bilanzkreisabrechnung zu veröffentlichen, und</LA></DD><DT>7.</DT><DD Font="normal"><LA Size="normal">die Angaben nach § 50 Nummer 2 Buchstabe a des Energiefinanzierungsgesetzes; sie sind für jeden Kalendermonat bis zum Ablauf des zehnten Werktags des Folgemonats zu veröffentlichen.</LA></DD></DL></P></Content></text><fussnoten/></textdaten></norm>
<norm builddate="20250224223003" doknr="BJNR014610015BJNE000402119"><metadaten><jurabk>AusglMechV 2015</jurabk><jurabk>EEV</jurabk><enbez>§ 4</enbez><titel format="XML">Anreize zur bestmöglichen Vermarktung</titel></metadaten><textdaten><text format="XML"><Content><P>(1) Um Anreize zu schaffen, den nach § 19 Absatz 1 Nummer 2 des Erneuerbare-Energien-Gesetzes vergüteten oder nach § 13a Absatz 1a des Energiewirtschaftsgesetzes bilanziell ausgeglichenen Strom bestmöglich zu vermarkten, werden pro Kalenderjahr (Anreizjahr) die spezifischen beeinflussbaren Differenzkosten eines Übertragungsnetzbetreibers mit einem Vergleichswert verglichen.</P><P>(2) Beeinflussbare Differenzkosten bestehen aus einer Komponente, die die Aktivitäten an einem untertägigen Spotmarkt abbildet, und einer Komponente, die die Inanspruchnahme der Ausgleichsenergie abbildet. Die Ermittlung der beeinflussbaren Differenzkosten pro Viertelstunde erfolgt, indem <DL Font="normal" Type="arabic"><DT>1.</DT><DD Font="normal"><LA Size="normal">bei untertägiger Beschaffung pro Viertelstunde die beschaffte Menge (K<SUB>UT</SUB>) mit der Differenz zwischen dem tatsächlich gezahlten Preis (P<SUB>UT</SUB>) und dem Preis des Vortagshandels (P<SUB>VT</SUB>) multipliziert wird,</LA></DD><DT>2.</DT><DD Font="normal"><LA Size="normal">bei untertägiger Veräußerung die veräußerte oder gelieferte Menge (VK<SUB>UT</SUB>) mit der Differenz zwischen dem Preis des Vortageshandels (P<SUB>VT</SUB>) und dem tatsächlich gezahlten Preis (P<SUB>UT</SUB>) multipliziert wird,</LA></DD><DT>3.</DT><DD Font="normal"><LA Size="normal">bei Bezug von positiver Ausgleichsenergie pro Viertelstunde die bezogene Menge (K<SUB>AE</SUB>) mit der Differenz zwischen dem tatsächlich gezahlten Preis (P<SUB>AE</SUB>) und dem Preis des Vortageshandels (P<SUB>VT</SUB>) multipliziert wird oder</LA></DD><DT>4.</DT><DD Font="normal"><LA Size="normal">bei Bezug von negativer (gelieferter) Ausgleichsenergie die gelieferte Menge (VK<SUB>AE</SUB>) mit der Differenz zwischen dem Preis des Vortageshandels (P<SUB>VT</SUB>) und dem tatsächlich gezahlten Preis (P<SUB>AE</SUB>) multipliziert wird.</LA></DD></DL></P><P>Als Preis des Vortageshandels (P<SUB>VT</SUB>) gilt der Spotmarktpreis nach § 3 Nummer 42a des Erneuerbare-Energien-Gesetzes. Als Aktivitäten an einem untertägigen Spotmarkt gelten für die Ermittlung der beeinflussbaren Differenzkosten die Handelsaktivitäten nach § 2 Absatz 3 und 4. Die beeinflussbaren Differenzkosten pro Viertelstunde werden nach der folgenden Formel ermittelt: <table colsep="0" frame="none" pgwide="1" rowsep="0" tocentry="%yes;"><tgroup align="left" char="" charoff="50" cols="1"><colspec align="center" colname="col1"/><tbody valign="top"><row><entry VJ="1" colname="col1"><I>K<SUB>UT</SUB></I> ∙ (<I>P<SUB>UT</SUB></I> – <I>P<SUB>VT</SUB></I>) + <I>VK<SUB>UT</SUB></I> ∙ (<I>P<SUB>VT</SUB></I> – <I>P<SUB>UT</SUB></I>) +<BR/><I>K<SUB>AE</SUB></I> ∙ (<I>P<SUB>AE</SUB></I> – <I>P<SUB>VT</SUB></I>) + <I>VK<SUB>AE</SUB></I> ∙ (<I>P<SUB>VT</SUB></I> – <I>P<SUB>AE</SUB></I>).</entry></row></tbody></tgroup></table></P><P>(3) Für die Ermittlung der spezifischen beeinflussbaren Differenzkosten eines Übertragungsnetzbetreibers im Sinn des Absatzes 1 ist die Summe der nach Maßgabe des Absatzes 2 ermittelten Viertelstundenwerte eines Kalenderjahres durch die innerhalb dieses Zeitraums zu vermarktende Menge des nach § 19 Absatz 1 Nummer 2 des Erneuerbare-Energien-Gesetzes vergüteten oder nach § 13a Absatz 1a des Energiewirtschaftsgesetzes bilanziell ausgeglichenen Stroms zu dividieren.</P><P>(4) Der Vergleichswert im Sinn des Absatzes 1 ist der arithmetische Mittelwert der jeweiligen spezifischen beeinflussbaren Differenzkosten aller Übertragungsnetzbetreiber der beiden Vorjahre.</P><P>(5) Der Übertragungsnetzbetreiber hat Anspruch auf einen Bonus, wenn seine spezifischen beeinflussbaren Differenzkosten den Vergleichswert zuzüglich eines Zuschlags von 5 Cent pro Megawattstunde nicht übersteigen. Die Höhe des Bonus beträgt 25 Prozent der Differenz zwischen dem Vergleichswert zuzüglich des Zuschlags und den spezifischen beeinflussbaren Differenzkosten nach Absatz 3 multipliziert mit der zu vermarktenden Menge im Sinn des Absatzes 3 Satz 2. Die Auszahlung von Boni ist für alle Übertragungsnetzbetreiber zusammen auf 20 Millionen Euro pro Kalenderjahr begrenzt. Die maximal in einem Kalenderjahr zu erreichende Höhe des Bonus eines einzelnen Übertragungsnetzbetreibers ergibt sich aus dem Anteil seiner zu vermarktenden Strommenge an der insgesamt zu vermarktenden Strommenge aller Übertragungsnetzbetreiber multipliziert mit 20 Millionen Euro.</P><P>(6) In dem auf das Anreizjahr folgenden Jahr verbuchen die Übertragungsnetzbetreiber den etwaigen Bonus im Rahmen der Ermittlung des EEG-Finanzierungsbedarfs nach Anlage 1 des Energiefinanzierungsgesetzes als prognostizierte Ausgabenposition nach Anlage 1 Nummer 1.1.2 des Energiefinanzierungsgesetzes in Verbindung mit Anlage 1 Nummer 5.7 des Energiefinanzierungsgesetzes. Übertragungsnetzbetreiber, die eine Bonuszahlung nach Absatz 5 geltend machen, müssen dies bis zum 31. März des auf das Anreizjahr folgenden Jahres bei der Bundesnetzagentur anzeigen und die sachliche Richtigkeit der Berechnung nachweisen. § 54 des Energiefinanzierungsgesetzes ist entsprechend anzuwenden.</P><P>(7) Die Vereinnahmung des Bonus erfolgt in zwölf gleichmäßig verteilten Monatsraten. Sie beginnt zum Anfang des übernächsten Jahres bezogen auf das Anreizjahr.</P></Content></text><fussnoten/></textdaten></norm>
<norm builddate="20250224223003" doknr="BJNR014610015BJNE003300128"><metadaten><jurabk>AusglMechV 2015</jurabk><jurabk>EEV</jurabk><enbez>§ 4a</enbez><titel format="XML">Ermittlung der voraussichtlichen Strommengen aus fernsteuerbaren Anlagen</titel></metadaten><textdaten><text format="XML"><Content><P>(1) Die Übertragungsnetzbetreiber ermitteln in ihrer Prognose, die der Veräußerung nach § 2 Absatz 2 zugrunde liegt, diejenigen Strommengen, die voraussichtlich in jeder Viertelstunde des Folgetages von fernsteuerbaren Anlagen eingespeist werden.</P><P>(2) Fernsteuerbare Anlagen im Sinne des Absatzes 1 sind Anlagen, die <DL Font="normal" Type="arabic"><DT>1.</DT><DD Font="normal"><LA Size="normal">nach § 19 Absatz 1 Nummer 2 des Erneuerbare-Energien-Gesetzes zu vergütenden Strom erzeugen und</LA></DD><DT>2.</DT><DD Font="normal"><LA Size="normal">mit technischen Einrichtungen ausgestattet sind, über die der Netzbetreiber <DL Font="normal" Type="alpha"><DT>a)</DT><DD Font="normal"><LA Size="normal">in viertelstündlicher Auflösung die Ist-Einspeisung abrufen kann und</LA></DD><DT>b)</DT><DD Font="normal"><LA Size="normal">die Einspeiseleistung vollständig oder, sobald jeweils die technische Möglichkeit besteht, stufenweise oder stufenlos ferngesteuert regeln kann.</LA></DD></DL></LA></DD></DL>Die Anforderung nach Satz 1 Nummer 2 muss durch vorherige Abrufe, die auch testweise erfolgen können, sichergestellt werden.</P><P>(3) Als fernsteuerbare Anlagen nach Absatz 2 gelten auch sonstige Anlagen nach Absatz 2 Satz 1 Nummer 1, die die Anforderung nach Absatz 2 Satz 1 Nummer 2 nicht vollständig erfüllen, wenn der Übertragungsnetzbetreiber gegenüber der Bundesnetzagentur schriftlich oder in elektronischer Form erklärt, dass solche Anlagen als fernsteuerbare Anlagen gelten sollen. Der Übertragungsnetzbetreiber kann Vereinbarungen mit Betreibern von Anlagen oder mit Dritten schließen, wenn dies erforderlich ist, um Anlagen in einer Erklärung nach Satz 1 berücksichtigen zu können. Vereinbarungen nach Satz 2 sind der Bundesnetzagentur auf Verlangen jederzeit vorzulegen. Macht der Übertragungsnetzbetreiber von der Erklärung nach Satz 1 keinen Gebrauch, legt er der Bundesnetzagentur erstmals zum 1. Januar 2026 und danach jährlich zum 1. Januar einen Bericht vor, in dem die Hemmnisse dargestellt werden, die einer Erklärung nach Satz 1 entgegenstehen. In dem Bericht sind konkrete Handlungsoptionen zur Überwindung der identifizierten Hemmnisse sowie Maßnahmen und Zeitpläne zur Umsetzung darzustellen.</P><P>(4) Die durch Absatz 3 entstehenden angemessenen Kosten gelten als Ausgaben im Sinn der Anlage 1 Nummer 5.2 zum Energiefinanzierungsgesetz. Sie können nur dann in den EEG-Finanzierungsbedarf einkalkuliert werden, wenn die in Absatz 3 enthaltenen Vorschriften und Bestimmungen und die in Aufsichtsmaßnahmen der Bundesnetzagentur enthaltenen Maßgaben eingehalten wurden.</P></Content></text><fussnoten/></textdaten></norm>
<norm builddate="20250224223003" doknr="BJNR014610015BJNE000504128"><metadaten><jurabk>AusglMechV 2015</jurabk><jurabk>EEV</jurabk><enbez>§ 5</enbez><titel format="XML">Preislimitierung</titel></metadaten><textdaten><text format="XML"><Content><P>(1) Der Übertragungsnetzbetreiber hat abweichend von § 2 Absatz 2 die nach aktueller Prognose vorhergesagte viertelstündliche Einspeisung von Strommengen aus fernsteuerbaren Anlagen über eine marktgekoppelte Auktion vollständig zu preislimitierten Geboten am Day-Ahead-Markt einer Strombörse nach Maßgabe des Absatzes 2 anzubieten.</P><P>(2) Die nach Absatz 1 zu veräußernde Strommenge ist in 20 gleich große Tranchen aufzuteilen und jeweils mit einem eigenen Preislimit anzubieten. Die Preislimits müssen bei mindestens -200 Euro pro Megawattstunde und höchstens -100 Euro pro Megawattstunde liegen. Jeder Betrag in Schritten von einem Euro innerhalb dieses Rahmens wird zufallsgesteuert mit gleicher Wahrscheinlichkeit als Preislimit gesetzt. Die Preislimits müssen für jeden Fall des Absatzes 1 neu bestimmt werden. Die Preislimits sind bis zur Veröffentlichung nach Satz 6 vertraulich zu behandeln. Der Übertragungsnetzbetreiber ist verpflichtet, zwei Werktage nach Ende der Auktion auf seiner Internetseite Folgendes bekannt zu geben: <DL Font="normal" Type="arabic"><DT>1.</DT><DD Font="normal"><LA Size="normal">Höhe der Preislimits jeder Tranche, für die er nach Absatz 1 preislimitierte Gebote am Day-Ahead-Markt abgegeben hat, und</LA></DD><DT>2.</DT><DD Font="normal"><LA Size="normal">am Day-Ahead-Markt unverkauft gebliebene Strommengen, je Tranche, für die er nach Absatz 1 preislimitierte Gebote am Day-Ahead-Markt abgegeben hat.</LA></DD></DL></P><P>(3) Wird im Fall von preislimitierten Angeboten nach Absatz 1 die nach § 2 Absatz 2 zu vermarktende Strommenge aus fernsteuerbaren Anlagen nicht oder nicht vollständig veräußert, veranlasst der Übertragungsnetzbetreiber die Reduzierung der Wirkleistungseinspeisung von fernsteuerbaren Anlagen in Höhe der nicht veräußerten Strommenge. Für die Reduzierung der Wirkleistungseinspeisung nach Satz 1 sind die §§ 13a und 14 Absatz 1c des Energiewirtschaftsgesetzes entsprechend anzuwenden mit der Maßgabe, dass weder ein bilanzieller Ausgleich noch ein bilanzieller Ersatz erfolgt und für Anlagen, die unter die Regelung des § 51 Absatz 2 Satz 1 Nummer 1 des Erneuerbare-Energien-Gesetzes fallen, auch kein finanzieller Ausgleich erfolgt. Der Übertragungsnetzbetreiber ist verpflichtet, gleichzeitig mit der Bekanntgabe nach Absatz 2 Satz 6 auf seiner Internetseite bekannt zu geben, für welche Viertelstunden und für welche Strommengen in der jeweiligen Viertelstunde er die Reduzierung der Einspeiseleistung veranlasst hat.</P><P>(4) Die durch die in Absatz 3 genannten Maßnahmen entstehenden Kosten gelten als Ausgaben im Sinn der Anlage 1 Nummer 5.2 zum Energiefinanzierungsgesetz. Sie können nur dann in den EEG-Finanzierungsbedarf einkalkuliert werden, wenn die in den vorstehenden Absätzen enthaltenen Vorschriften und Bestimmungen und die in Aufsichtsmaßnahmen der Bundesnetzagentur enthaltenen Maßgaben eingehalten wurden.</P></Content></text><fussnoten/></textdaten></norm>
<norm builddate="20250224223003" doknr="BJNR014610015BJNE000602119"><metadaten><jurabk>AusglMechV 2015</jurabk><jurabk>EEV</jurabk><enbez>§ 6</enbez><titel format="XML">(weggefallen)</titel></metadaten><textdaten><text format="XML"><Content><P/></Content></text><fussnoten/></textdaten></norm>
<norm builddate="20250224223003" doknr="BJNR014610015BJNG000300124"><metadaten><jurabk>AusglMechV 2015</jurabk><jurabk>EEV</jurabk><gliederungseinheit><gliederungskennzahl>030</gliederungskennzahl><gliederungsbez>Abschnitt 3</gliederungsbez><gliederungstitel>Herkunfts- und Regionalnachweise für Strom aus erneuerbaren Energien</gliederungstitel></gliederungseinheit></metadaten><textdaten><fussnoten/></textdaten></norm>
<norm builddate="20250224223003" doknr="BJNR014610015BJNE000703128"><metadaten><jurabk>AusglMechV 2015</jurabk><jurabk>EEV</jurabk><enbez>§ 7</enbez><titel format="XML">Herkunftsnachweisregister</titel></metadaten><textdaten><text format="XML"><Content><P>(1) Das Umweltbundesamt betreibt das Herkunftsnachweisregister nach § 79 Absatz 4 des Erneuerbare-Energien-Gesetzes nach Maßgabe der Rechtsverordnung nach § 14.</P><P>(2) Jede natürliche oder juristische Person und jede rechtsfähige Personengesellschaft erhält auf Antrag nach Maßgabe der Rechtsverordnung nach § 14 ein Konto im Herkunftsnachweisregister, in dem die Ausstellung, Inhaberschaft, Anerkennung, Übertragung, Verwendung und Entwertung von Herkunftsnachweisen registriert werden.</P><P>(3) Das Umweltbundesamt kann nach Maßgabe der Rechtsverordnung nach § 14 bei Vorliegen eines berechtigten Interesses Konten vorläufig sperren oder schließen sowie Kontoinhaber vorläufig oder dauerhaft von der weiteren Nutzung des Herkunftsnachweisregisters ausschließen.</P><P>(4) Das Umweltbundesamt hat bei der Einrichtung und bei dem Betrieb des Herkunftsnachweisregisters die erforderlichen technischen und organisatorischen Maßnahmen zur Sicherstellung von Datenschutz und Datensicherheit unter Berücksichtigung der einschlägigen Standards und Empfehlungen des Bundesamtes für Sicherheit in der Informationstechnik zu treffen.</P></Content></text><fussnoten><Content><P>(+++ § 7 Abs. 2 bis 4: Zur Anwendung vgl. § 8 Abs. 2 +++)</P></Content></fussnoten></textdaten></norm>
<norm builddate="20250224223003" doknr="BJNR014610015BJNE000803119"><metadaten><jurabk>AusglMechV 2015</jurabk><jurabk>EEV</jurabk><enbez>§ 8</enbez><titel format="XML">Regionalnachweisregister</titel></metadaten><textdaten><text format="XML"><Content><P>(1) Das Umweltbundesamt errichtet und betreibt das Regionalnachweisregister nach § 79a Absatz 4 des Erneuerbare-Energien-Gesetzes nach Maßgabe der Rechtsverordnung nach § 14. Das Bundesministerium für Wirtschaft und Klimaschutz macht das Datum der Inbetriebnahme im Bundesanzeiger bekannt.</P><P>(2) § 7 Absatz 2 bis 4 ist auf das Regionalnachweisregister entsprechend anzuwenden.</P></Content></text><fussnoten/></textdaten></norm>
<norm builddate="20250224223003" doknr="BJNR014610015BJNE000904119"><metadaten><jurabk>AusglMechV 2015</jurabk><jurabk>EEV</jurabk><enbez>§ 9</enbez><titel format="XML">Mindestinhalt von Herkunftsnachweisen</titel></metadaten><textdaten><text format="XML"><Content><P>(1) Ein Herkunftsnachweis muss mindestens die folgenden Angaben enthalten: <DL Font="normal" Type="arabic"><DT>1.</DT><DD Font="normal"><LA Size="normal">eine einmalige Kennnummer,</LA></DD><DT>2.</DT><DD Font="normal"><LA Size="normal">das Datum der Ausstellung und den ausstellenden Staat,</LA></DD><DT>3.</DT><DD Font="normal"><LA Size="normal">die zur Stromerzeugung eingesetzten Energien nach Art und wesentlichen Bestandteilen,</LA></DD><DT>4.</DT><DD Font="normal"><LA Size="normal">den Beginn und das Ende der Erzeugung des Stroms, für den der Herkunftsnachweis ausgestellt wird,</LA></DD><DT>5.</DT><DD Font="normal"><LA Size="normal">den Standort, den Typ, die installierte Leistung und den Zeitpunkt der Inbetriebnahme der Anlage, in der der Strom erzeugt wurde, sowie</LA></DD><DT>6.</DT><DD Font="normal"><LA Size="normal">Angaben dazu, ob und in welcher Art <DL Font="normal" Type="alpha"><DT>a)</DT><DD Font="normal"><LA Size="normal">für die Anlage, in der der Strom erzeugt wurde, Investitionsbeihilfen geleistet wurden,</LA></DD><DT>b)</DT><DD Font="normal"><LA Size="normal">für die Strommenge in sonstiger Weise eine Förderung im Sinne von Artikel 2 Buchstabe k der Richtlinie 2009/28/EG des Europäischen Parlaments und des Rates vom 23. April 2009 zur Förderung der Nutzung von Energie aus erneuerbaren Quellen und zur Änderung und anschließenden Aufhebung der Richtlinien 2001/77/EG und 2003/30/EG (ABl. L 140 vom 5.6.2009, S. 16) gezahlt oder erbracht wurde.</LA></DD></DL></LA></DD></DL></P><P>(2) Ein Herkunftsnachweis für Strom aus erneuerbaren Energien, der in hocheffizienten KWK-Anlagen erzeugt worden ist, muss darüber hinaus folgende Angaben enthalten: <DL Font="normal" Type="arabic"><DT>1.</DT><DD Font="normal"><LA Size="normal">thermische Leistung,</LA></DD><DT>2.</DT><DD Font="normal"><LA Size="normal">Nutzung der Wärme,</LA></DD><DT>3.</DT><DD Font="normal"><LA Size="normal">unterer Heizwert,</LA></DD><DT>4.</DT><DD Font="normal"><LA Size="normal">prozentualer Anteil an Primärenergieeinsparung,</LA></DD><DT>5.</DT><DD Font="normal"><LA Size="normal">Menge an Primärenergieeinsparung,</LA></DD><DT>6.</DT><DD Font="normal"><LA Size="normal">gesamte Primärenergieeinsparung,</LA></DD><DT>7.</DT><DD Font="normal"><LA Size="normal">erzeugte CO<SUB>2</SUB>-Emissionen,</LA></DD><DT>8.</DT><DD Font="normal"><LA Size="normal">eingesparte CO<SUB>2</SUB>-Emissionen,</LA></DD><DT>9.</DT><DD Font="normal"><LA Size="normal">Nutzwärme aus KWK,</LA></DD><DT>10.</DT><DD Font="normal"><LA Size="normal">elektrischer Wirkungsgrad,</LA></DD><DT>11.</DT><DD Font="normal"><LA Size="normal">thermischer Wirkungsgrad und</LA></DD><DT>12.</DT><DD Font="normal"><LA Size="normal">Angaben dazu, ob, in welcher Art und in welchem Umfang für die Strommenge eine Förderung im Sinn von Artikel 2 Nummer 18 der Richtlinie 2012/27/EU des Europäischen Parlaments und des Rates vom 25. Oktober 2012 zur Energieeffizienz, zur Änderung der Richtlinien 2009/125/EG und 2010/30/EU und zur Aufhebung der Richtlinien 2004/8/EG und 2006/32/EG (ABl. L 315 vom 14.11.2012, S. 1) gezahlt oder erbracht wurde.</LA></DD></DL></P></Content></text><fussnoten/></textdaten></norm>
<norm builddate="20250224223003" doknr="BJNR014610015BJNE001200124"><metadaten><jurabk>AusglMechV 2015</jurabk><jurabk>EEV</jurabk><enbez>§ 10</enbez><titel format="XML">Mindestinhalt von Regionalnachweisen</titel></metadaten><textdaten><text format="XML"><Content><P>Ein Regionalnachweis muss mindestens die folgenden Angaben enthalten: <DL Font="normal" Type="arabic"><DT>1.</DT><DD Font="normal"><LA Size="normal">eine einmalige Kennnummer,</LA></DD><DT>2.</DT><DD Font="normal"><LA Size="normal">das Datum der Ausstellung,</LA></DD><DT>3.</DT><DD Font="normal"><LA Size="normal">den Beginn und das Ende der Erzeugung des Stroms, für den der Regionalnachweis ausgestellt wird,</LA></DD><DT>4.</DT><DD Font="normal"><LA Size="normal">das Postleitzahlengebiet, in dem sich der physikalische Zählpunkt der Anlage befindet, in der der Strom erzeugt wurde,</LA></DD><DT>5.</DT><DD Font="normal"><LA Size="normal">Angaben dazu, ob und in welcher Art <DL Font="normal" Type="alpha"><DT>a)</DT><DD Font="normal"><LA Size="normal">für die Anlage, in der der Strom erzeugt wurde, Investitionsbeihilfen geleistet wurden,</LA></DD><DT>b)</DT><DD Font="normal"><LA Size="normal">der Anlagenbetreiber für die Strommenge eine Zahlung nach dem Erneuerbare-Energien-Gesetz beansprucht hat.</LA></DD></DL></LA></DD></DL></P></Content></text><fussnoten/></textdaten></norm>
<norm builddate="20250224223003" doknr="BJNR014610015BJNE001301128"><metadaten><jurabk>AusglMechV 2015</jurabk><jurabk>EEV</jurabk><enbez>§ 11</enbez><titel format="XML">Grundsätze für Herkunftsnachweise</titel></metadaten><textdaten><text format="XML"><Content><P>(1) Die Ausstellung, Anerkennung und Übertragung von Herkunftsnachweisen erfolgen auf Antrag nach Maßgabe der Rechtsverordnung nach § 14.</P><P>(2) Das Umweltbundesamt entwertet Herkunftsnachweise nach ihrer Verwendung, spätestens aber 18 Monate nach Erzeugung der entsprechenden Strommenge. Entwertete Herkunftsnachweise dürfen nicht mehr verwendet werden. Sie sind unverzüglich automatisch zu löschen, sobald sie zur Führung des Herkunftsnachweisregisters nicht mehr erforderlich sind.</P></Content></text><fussnoten><Content><P>(+++ § 11: Zur Anwendung vgl. § 12 +++)</P></Content></fussnoten></textdaten></norm>
<norm builddate="20250224223003" doknr="BJNR014610015BJNE001400124"><metadaten><jurabk>AusglMechV 2015</jurabk><jurabk>EEV</jurabk><enbez>§ 12</enbez><titel format="XML">Grundsätze für Regionalnachweise</titel></metadaten><textdaten><text format="XML"><Content><P>Auf die Ausstellung, Übertragung und Entwertung von Regionalnachweisen ist § 11 entsprechend anzuwenden mit der Maßgabe, dass das Umweltbundesamt Regionalnachweise nach ihrer Verwendung, spätestens aber 24 Monate nach Erzeugung der entsprechenden Strommenge, entwertet.</P></Content></text><fussnoten/></textdaten></norm>
<norm builddate="20250224223003" doknr="BJNR014610015BJNG000500123"><metadaten><jurabk>AusglMechV 2015</jurabk><jurabk>EEV</jurabk><gliederungseinheit><gliederungskennzahl>031</gliederungskennzahl><gliederungsbez>Abschnitt 3a</gliederungsbez><gliederungstitel>Anschlussförderung von Güllekleinanlagen</gliederungstitel></gliederungseinheit></metadaten><textdaten><fussnoten/></textdaten></norm>
<norm builddate="20250224223003" doknr="BJNR014610015BJNE002000123"><metadaten><jurabk>AusglMechV 2015</jurabk><jurabk>EEV</jurabk><enbez>§ 12a</enbez><titel format="XML">Verlängerter Zahlungsanspruch</titel></metadaten><textdaten><text format="XML"><Content><P>Für Strom aus Anlagen, in denen Biogas eingesetzt wird, verlängert sich der ursprüngliche Anspruch auf Zahlung nach der für die Anlage maßgeblichen Fassung des Erneuerbare-Energien-Gesetzes einmalig um zehn Jahre (Anschlusszeitraum), wenn <DL Font="normal" Type="arabic"><DT>1.</DT><DD Font="normal"><LA Size="normal">der ursprüngliche Anspruch auf Zahlung nach der für die Anlage maßgeblichen Fassung des Erneuerbare-Energien-Gesetzes vor dem 1. Januar 2025 beendet ist,</LA></DD><DT>2.</DT><DD Font="normal"><LA Size="normal">die installierte Leistung der Anlage am Standort der Biogaserzeugungsanlage am 31. März 2021 150 Kilowatt nicht überschritten hat und</LA></DD><DT>3.</DT><DD Font="normal"><LA Size="normal">der Anlagenbetreiber <DL Font="normal" Type="alpha"><DT>a)</DT><DD Font="normal"><LA Size="normal">die Geltendmachung dieses verlängerten Zahlungsanspruchs dem Netzbetreiber nach Maßgabe des § 12d mitgeteilt hat und</LA></DD><DT>b)</DT><DD Font="normal"><LA Size="normal">mit dieser Anlage bis zur Mitteilung an den Netzbetreiber nach § 12d nicht an Ausschreibungen nach § 39g des Erneuerbare-Energien-Gesetzes teilgenommen hat.</LA></DD></DL></LA></DD></DL></P></Content></text><fussnoten/></textdaten></norm>
<norm builddate="20250224223003" doknr="BJNR014610015BJNE002100123"><metadaten><jurabk>AusglMechV 2015</jurabk><jurabk>EEV</jurabk><enbez>§ 12b</enbez><titel format="XML">Zahlungsbestimmungen</titel></metadaten><textdaten><text format="XML"><Content><P>Der ursprüngliche Anspruch auf Zahlung besteht in dem Anschlusszeitraum nach § 12a nur, wenn <DL Font="normal" Type="arabic"><DT>1.</DT><DD Font="normal"><LA Size="normal">der Strom am Standort der Biogaserzeugungsanlage erzeugt wird,</LA></DD><DT>2.</DT><DD Font="normal"><LA Size="normal">die installierte Leistung der Anlage am Standort der Biogaserzeugungsanlage nach dem 31. März 2021 nicht erhöht worden ist,</LA></DD><DT>3.</DT><DD Font="normal"><LA Size="normal">der Strom aus Biogas erzeugt wird, das durch anaerobe Vergärung von Biomasse im Sinn der Biomasseverordnung gewonnen worden ist, und zur Erzeugung des Biogases in dem jeweiligen Kalenderjahr durchschnittlich ein Anteil von Gülle mit Ausnahme von Geflügelmist und Geflügeltrockenkot von mindestens 80 Masseprozent eingesetzt wird und</LA></DD><DT>4.</DT><DD Font="normal"><LA Size="normal">die übrigen Voraussetzungen für die Zahlung nach der für die Anlage maßgeblichen Fassung des Erneuerbare-Energien-Gesetzes erfüllt sind.</LA></DD></DL>Wurde ein Anlagenbetreiber aufgrund einer Sperre im Sinn von § 6 Absatz 1 Nummer 18 des Tiergesundheitsgesetzes im Einsatz von Gülle beeinträchtigt und konnte deshalb den vorgesehenen Güllemindestanteil nicht einhalten, ist der Zeitraum der Sperre zuzüglich 30 Kalendertagen bei der Berechnung des durchschnittlichen Gülleanteils nach Satz 1 Nummer 3 nicht zu berücksichtigen. In diesem Fall entfällt der Vergütungsanspruch für den nicht berücksichtigten Zeitraum.</P></Content></text><fussnoten/></textdaten></norm>
<norm builddate="20250224223003" doknr="BJNR014610015BJNE002200123"><metadaten><jurabk>AusglMechV 2015</jurabk><jurabk>EEV</jurabk><enbez>§ 12c</enbez><titel format="XML">Höhe des Zahlungsanspruchs</titel></metadaten><textdaten><text format="XML"><Content><P>(1) In dem Anschlusszeitraum nach § 12a ist der ursprüngliche Anspruch auf Zahlung der Höhe nach begrenzt <DL Font="normal" Type="arabic"><DT>1.</DT><DD Font="normal"><LA Size="normal">auf die durchschnittliche Höhe des anzulegenden Werts für den in der jeweiligen Anlage erzeugten Strom in Cent pro Kilowattstunde nach dem Erneuerbare-Energien-Gesetz in der für die Anlage maßgeblichen Fassung, wobei der Durchschnitt der drei letzten Kalenderjahre des ursprünglichen Anspruchszeitraums maßgeblich ist, und</LA></DD><DT>2.</DT><DD Font="normal"><LA Size="normal">auf höchstens <DL Font="normal" Type="alpha"><DT>a)</DT><DD Font="normal"><LA Size="normal">15,5 Cent pro Kilowattstunde bis einschließlich einer Bemessungsleistung von 75 Kilowatt und</LA></DD><DT>b)</DT><DD Font="normal"><LA Size="normal">7,5 Cent pro Kilowattstunde bis einschließlich einer Bemessungsleistung von 150 Kilowatt.</LA></DD></DL></LA></DD></DL></P><P>(2) Die Höhe der Anspruchsbegrenzung nach Absatz 1 Nummer 2 verringert sich ab dem Jahr 2022 jeweils zum 1. Januar eines Kalenderjahres für Anlagen, deren Anschlusszeitraum nach § 12a vor diesem Zeitpunkt noch nicht begonnen hat, um 0,5 Prozent gegenüber der im jeweils vorangegangenen Kalenderjahr geltenden Anspruchsbegrenzung und wird auf zwei Stellen nach dem Komma gerundet. Für die Berechnung der Höhe der Anspruchsbegrenzung aufgrund einer erneuten Anpassung nach Satz 1 sind die ungerundeten Werte zugrunde zu legen.</P></Content></text><fussnoten/></textdaten></norm>
<norm builddate="20250224223003" doknr="BJNR014610015BJNE002300123"><metadaten><jurabk>AusglMechV 2015</jurabk><jurabk>EEV</jurabk><enbez>§ 12d</enbez><titel format="XML">Mitteilungspflichten</titel></metadaten><textdaten><text format="XML"><Content><P>Die Anlagenbetreiber müssen dem Netzbetreiber unter Angabe der Nummer, unter der die Anlage im Marktstammdatenregister registriert ist, bis spätestens drei Monate vor Beendigung des ursprünglichen Anspruchs auf Zahlung nach der für die Anlage maßgeblichen Fassung des Erneuerbare-Energien-Gesetzes mitteilen, dass sie den nach § 12a verlängerten Zahlungsanspruch geltend machen werden. Abweichend von Satz 1 müssen Betreiber von Anlagen, deren ursprünglicher Anspruch auf Zahlung nach der für die Anlage maßgeblichen Fassung des Erneuerbare-Energien-Gesetzes vor dem 1. Januar 2021 beendet war, die Geltendmachung des verlängerten Zahlungsanspruchs dem Netzbetreiber bis zum 30. September 2021 mitteilen.</P></Content></text><fussnoten/></textdaten></norm>
<norm builddate="20250224223003" doknr="BJNR014610015BJNE002400123"><metadaten><jurabk>AusglMechV 2015</jurabk><jurabk>EEV</jurabk><enbez>§ 12e</enbez><titel format="XML">Fälligkeit</titel></metadaten><textdaten><text format="XML"><Content><P>(1) Der Anspruch nach § 12a wird erst fällig, nachdem der Anlagenbetreiber der Bundesnetzagentur unter Angabe der Nummer, unter der die Anlage im Marktstammdatenregister registriert ist, mitgeteilt hat, <DL Font="normal" Type="arabic"><DT>1.</DT><DD Font="normal"><LA Size="normal">dass er den nach § 12a verlängerten Zahlungsanspruch geltend machen wird und</LA></DD><DT>2.</DT><DD Font="normal"><LA Size="normal">für welche installierte Leistung er diesen Zahlungsanspruch geltend machen wird.</LA></DD></DL>Die Bundesnetzagentur kann für die Mitteilung nach Satz 1 Formatvorgaben machen. Die Mitteilung kann von der Bundesnetzagentur auf ein elektronisches Verfahren umgestellt werden.</P><P>(2) Die Bundesnetzagentur veröffentlicht die Anlagen, deren Betreiber eine Mitteilung nach Absatz 1 vorgenommen haben, unter Angabe der Nummern, unter denen die Anlagen im Marktstammdatenregister registriert sind, in nicht personenbezogener Form auf ihrer Internetseite.</P></Content></text><fussnoten/></textdaten></norm>
<norm builddate="20250224223003" doknr="BJNR014610015BJNE002500123"><metadaten><jurabk>AusglMechV 2015</jurabk><jurabk>EEV</jurabk><enbez>§ 12f</enbez><titel format="XML">Verbot der Teilnahme an Ausschreibungen</titel></metadaten><textdaten><text format="XML"><Content><P>Anlagen, deren Betreiber die Geltendmachung des verlängerten Zahlungsanspruchs dem Netzbetreiber nach Maßgabe des § 12d mitgeteilt haben, dürfen nicht an Ausschreibungen nach § 39g des Erneuerbare-Energien-Gesetzes teilnehmen.</P></Content></text><fussnoten/></textdaten></norm>
<norm builddate="20250224223003" doknr="BJNR014610015BJNE002600123"><metadaten><jurabk>AusglMechV 2015</jurabk><jurabk>EEV</jurabk><enbez>§ 12g</enbez><titel format="XML">Evaluierung</titel></metadaten><textdaten><text format="XML"><Content><P>Die Bundesregierung evaluiert die Anschlussförderung nach diesem Abschnitt bis zum 31. Dezember 2023 auch mit Blick auf Anlagen, deren ursprünglicher Anspruch auf Zahlung nach dem 31. Dezember 2024 endet.</P></Content></text><fussnoten/></textdaten></norm>
<norm builddate="20250224223003" doknr="BJNR014610015BJNE002701119"><metadaten><jurabk>AusglMechV 2015</jurabk><jurabk>EEV</jurabk><enbez>(XXXX) §§ 12h bis 12l</enbez><titel format="XML">(weggefallen)</titel></metadaten><textdaten><text format="XML"><Content><P/></Content></text><fussnoten/></textdaten></norm>
<norm builddate="20250224223003" doknr="BJNR014610015BJNG000400124"><metadaten><jurabk>AusglMechV 2015</jurabk><jurabk>EEV</jurabk><gliederungseinheit><gliederungskennzahl>040</gliederungskennzahl><gliederungsbez>Abschnitt 4</gliederungsbez><gliederungstitel>Übertragung von Verordnungsermächtigungen</gliederungstitel></gliederungseinheit></metadaten><textdaten><fussnoten/></textdaten></norm>
<norm builddate="20250224223003" doknr="BJNR014610015BJNE001006119"><metadaten><jurabk>AusglMechV 2015</jurabk><jurabk>EEV</jurabk><enbez>§ 13</enbez><titel format="XML">(weggefallen)</titel></metadaten><textdaten><text format="XML"><Content><P/></Content></text><fussnoten/></textdaten></norm>
<norm builddate="20250224223003" doknr="BJNR014610015BJNE001103119"><metadaten><jurabk>AusglMechV 2015</jurabk><jurabk>EEV</jurabk><enbez>§ 14</enbez><titel format="XML">Subdelegation an das Umweltbundesamt</titel></metadaten><textdaten><text format="XML"><Content><P>(1) Das Umweltbundesamt wird ermächtigt, durch Rechtsverordnung im Einvernehmen mit dem Bundesministerium für Wirtschaft und Klimaschutz und dem Bundesministerium für Umwelt, Naturschutz, nukleare Sicherheit und Verbraucherschutz <DL Font="normal" Type="arabic"><DT>1.</DT><DD Font="normal"><LA Size="normal">weitere Anforderungen an den Inhalt, die Gültigkeitsdauer und die Form der Herkunftsnachweise und der Regionalnachweise sowie die verwendeten Datenformate und Schnittstellen zu anderen informationstechnischen Systemen festzulegen,</LA></DD><DT>2.</DT><DD Font="normal"><LA Size="normal">Anforderungen zu regeln an <DL Font="normal" Type="alpha"><DT>a)</DT><DD Font="normal"><LA Size="normal">die Ausstellung, Übertragung, Entwertung und Verwendung von Herkunftsnachweisen und Regionalnachweisen und</LA></DD><DT>b)</DT><DD Font="normal"><LA Size="normal">die Anerkennung von Herkunftsnachweisen für Strom aus erneuerbaren Energien aus dem Ausland nach § 79 Absatz 3 des Erneuerbare-Energien-Gesetzes,</LA></DD></DL></LA></DD><DT>3.</DT><DD Font="normal"><LA Size="normal">Voraussetzungen für die vorläufige oder dauerhafte Sperrung von Konten und den Ausschluss von Kontoinhabern von der Nutzung des Herkunftsnachweisregisters und des Regionalnachweisregisters festzulegen,</LA></DD><DT>4.</DT><DD Font="normal"><LA Size="normal">das Verfahren für die Ausstellung, Anerkennung, Übertragung, Entwertung und Verwendung von Herkunftsnachweisen und die Ausstellung, Übertragung, Entwertung und Verwendung von Regionalnachweisen zu regeln sowie festzulegen, wie Antragsteller dabei die Einhaltung der Anforderungen nach Nummer 2 nachweisen müssen,</LA></DD><DT>5.</DT><DD Font="normal"><LA Size="normal">die weitere Ausgestaltung des Herkunftsnachweisregisters und des Regionalnachweisregisters zu regeln sowie festzulegen, welche Angaben an das Herkunftsnachweisregister und das Regionalnachweisregister übermittelt werden müssen, wer zur Übermittlung verpflichtet ist und in welchem Umfang Netzbetreiber vom Umweltbundesamt Auskunft über die Ausstellung, Übertragung und Entwertung von Regionalnachweisen verlangen können; dies schließt Regelungen zum Schutz personenbezogener Daten ein, in denen Art, Umfang und Zweck der Speicherung sowie Löschungsfristen festgelegt werden müssen,</LA></DD><DT>6.</DT><DD Font="normal"><LA Size="normal">im Anwendungsbereich von § 79a Absatz 6 des Erneuerbare-Energien-Gesetzes zu regeln und zu veröffentlichen, welche Postleitzahlengebiete jeweils eine Region für die regionale Grünstromkennzeichnung um ein oder mehrere Postleitzahlengebiete, in denen Strom verbraucht wird, bilden,</LA></DD><DT>7.</DT><DD Font="normal"><LA Size="normal">für Strom aus Anlagen außerhalb des Bundesgebiets, die einen Zuschlag in einer Ausschreibung nach § 5 Absatz 2 Satz 2 des Erneuerbare-Energien-Gesetzes erhalten haben: <DL Font="normal" Type="alpha"><DT>a)</DT><DD Font="normal"><LA Size="normal">zu bestimmen, welche Gebiete in den betreffenden Staaten von der jeweiligen Region für die regionale Grünstromkennzeichnung nach § 79a Absatz 6 des Erneuerbare-Energien-Gesetzes umfasst sind und die Veröffentlichung dieser Gebiete zu regeln,</LA></DD><DT>b)</DT><DD Font="normal"><LA Size="normal">Anforderungen zu regeln an die Ausstellung, Übertragung und Entwertung von Regionalnachweisen für Strom aus Anlagen in Gebieten nach Buchstabe a,</LA></DD></DL></LA></DD><DT>8.</DT><DD Font="normal"><LA Size="normal">im Anwendungsbereich von § 79a Absatz 5 Satz 3 des Erneuerbare-Energien-Gesetzes Bestimmungen zum Nachweis zu treffen, dass die Übertragung von Regionalnachweisen nur entlang der vertraglichen Lieferkette erfolgt ist, sowie</LA></DD><DT>9.</DT><DD Font="normal"><LA Size="normal">die konkrete Gestaltung der Ausweisung der regionalen Herkunft nach § 79a des Erneuerbare-Energien-Gesetzes in der Stromkennzeichnung zu regeln, insbesondere die textliche und grafische Darstellung.</LA></DD></DL></P><P>(2) Das Umweltbundesamt wird ermächtigt, durch Rechtsverordnung die für Amtshandlungen des Umweltbundesamtes im Zusammenhang mit der Ausstellung, Anerkennung, Übertragung und Entwertung von Herkunftsnachweisen und der Ausstellung, Übertragung und Entwertung von Regionalnachweisen sowie für die Nutzung des Herkunftsnachweisregisters und des Regionalnachweisregisters gebührenpflichtigen Tatbestände und Gebührensätze sowie die erstattungsfähigen Auslagen nach § 87 des Erneuerbare-Energien-Gesetzes zu bestimmen.</P></Content></text><fussnoten/></textdaten></norm>
<norm builddate="20250224223003" doknr="BJNR014610015BJNE001502123"><metadaten><jurabk>AusglMechV 2015</jurabk><jurabk>EEV</jurabk><enbez>§ 15</enbez><titel format="XML">Subdelegation an das Bundesamt für Seeschifffahrt und Hydrographie</titel></metadaten><textdaten><text format="XML"><Content><P>(1) Das Bundesamt für Seeschifffahrt und Hydrographie wird ermächtigt, durch Rechtsverordnung nach § 12 Absatz 5 Satz 1 des Windenergie-auf-See-Gesetzes für zentral voruntersuchte Flächen in der ausschließlichen Wirtschaftszone festzulegen <DL Font="normal" Type="arabic"><DT>1.</DT><DD Font="normal"><LA Size="normal">das Ergebnis der Eignungsprüfung, dass die Fläche zur Ausschreibung nach Teil 3 Abschnitt 5 des Windenergie-auf-See-Gesetzes geeignet ist, einschließlich der Feststellung nach § 12 Absatz 5 Satz 2 des Windenergie-auf-See-Gesetzes und der Vorgaben für das spätere Vorhaben nach § 12 Absatz 5 Satz 3 und 4 des Windenergie-auf-See-Gesetzes, und</LA></DD><DT>2.</DT><DD Font="normal"><LA Size="normal">die zu installierende Leistung auf dieser Fläche.</LA></DD></DL></P><P>(2) Das Bundesamt für Seeschifffahrt und Hydrographie wird ermächtigt, eine Besondere Gebührenverordnung nach § 22 Absatz 4 des Bundesgebührengesetzes in Verbindung mit § 101 Absatz 1 des Windenergie-auf-See-Gesetzes zu erlassen.</P></Content></text><fussnoten/></textdaten></norm>
</dokumente>