<?xml version="1.0" encoding="UTF-8" ?><!DOCTYPE dokumente SYSTEM "http://www.gesetze-im-internet.de/dtd/1.01/gii-norm.dtd">
<dokumente builddate="20130405133159" doknr="DDNR015520990"><norm builddate="20130405133159" doknr="DDNR015520990"><metadaten><jurabk>MinRSozSBes</jurabk><ausfertigung-datum manuell="ja">1990-08-08</ausfertigung-datum><fundstelle typ="amtlich"><periodikum>GBl DDR I</periodikum><zitstelle>1990, 1552</zitstelle></fundstelle><fundstelle typ="amtlich"><periodikum>GBl DDR I</periodikum><zitstelle>1990, Nr 62, 1552</zitstelle></fundstelle><langue>Beschluß des Ministerrates der Deutschen Demokratischen Republik über
Regelungen zur sozialen Sicherstellung für ausscheidende Mitglieder des
Ministerrates vom 8. Februar 1990 in der Fassung des Beschlusses vom 8. August
1990</langue></metadaten><textdaten><text format="XML"><Content><P/></Content></text><fussnoten><Content><P>Im beigetretenen Gebiet fortgeltendes Recht der ehem. Deutschen Demokratischen Republik gem. Art. 3 Nr. 3 EinigVtrVbg v. 18.9.1990 II 1239 nach Maßgabe d. Art. 9 EinigVtr v. 31.8.1990 iVm Art. 1 G v. 23.9.1990 II 885, 889 mWv 3.10.1990. <BR/>(+++ Maßgaben aufgrund EinigVtr vgl. MinRSozSBes Anhang EV +++) <BR/>(+++ Textnachweis Geltung ab:                   3.10.19990 +++)</P></Content></fussnoten></textdaten></norm>
<norm builddate="20130405133200" doknr="DDNR015520990BJNE000100307"><metadaten><jurabk>MinRSozSBes</jurabk><enbez>(XXXX)</enbez></metadaten><textdaten><text format="XML"><Content><P><DL Font="normal" Type="arabic"><DT>1.</DT><DD Font="normal"><LA Size="normal">Mitglieder des Ministerrates, die aus nicht in ihrer Person liegenden Gründen aus der Regierung ausscheiden, das Rentenalter noch nicht erreicht haben und nicht sofort eine andere Tätigkeit aufnehmen können bzw. die Aufnahme einer solchen mit einer Einkommensminderung verbunden ist, erhalten ein Übergangsgeld. Das Übergangsgeld wird<DL Font="normal" Type="arabic"><DT>-</DT><DD Font="normal"><LA Size="normal">für die auf den Tag der Abberufung folgenden 3 Monate in Höhe der bisherigen Nettobezüge und</LA></DD><DT>-</DT><DD Font="normal"><LA Size="normal">für weitere 3 Monate in Höhe von 80% der vorgenannten Bezüge</LA></DD></DL></LA><LA Size="normal">bezahlt.</LA><LA Size="normal">Bei Aufnahme einer Tätigkeit während dieses Zeitraumes wird der Nettolohn aus der neuen Tätigkeit auf das Übergangsgeld angerechnet.</LA></DD><DT>2.</DT><DD Font="normal"><LA Size="normal">Für die ehemaligen Mitglieder des Ministerrates finden die Bestimmungen des Arbeitsförderungsgesetzes und der Verordnung über die Gewährung von Vorruhestandsgeld entsprechende Anwendung.</LA></DD><DT>3.</DT><DD Font="normal"><LA Size="normal"><DL Font="normal" Type="arabic"><DT>a)</DT><DD Font="normal"><LA Size="normal">Die Leistungen gemäß Ziffer 1 werden nicht besteuert. Sie unterliegen der Beitragspflicht zur Sozialversicherung.</LA></DD><DT>b)</DT><DD Font="normal"><LA Size="normal">Die Zeiten des Bezuges dieser Leistungen sind wie Arbeitsrechtsverhältnisse im Ausweis für Arbeit und Sozialversicherung einzutragen.</LA></DD><DT>c)</DT><DD Font="normal"><LA Size="normal">Die Zeiten des Bezuges dieser Leistungen gelten bei der Gewährung und Berechnung von Renten der Sozialversicherung als versicherungspflichtige Tätigkeit. Im Berechnungszeitraum für Alters- und Invalidenrenten liegende Zeiten des Bezuges dieser Leistungen bleiben bei der Berechnung des Durchschnittsverdienstes unberücksichtigt, wenn es für den Rentner günstiger ist.</LA></DD></DL></LA></DD><DT>4.</DT><DD Font="normal"><LA Size="normal"><DL Font="normal" Type="arabic"><DT>a)</DT><DD Font="normal"><LA Size="normal">Als Nettobezüge im Sinne dieses Beschlusses gelten das Nettogehalt und die Dienstaufwandsentschädigung im letzten Monat vor dem Ausscheiden.</LA></DD><DT>b)</DT><DD Font="normal"><LA Size="normal">An leitende Funktionäre und Mitarbeiter der zentralen und örtlichen Staats- und Justizorgane gezahlte Dienstaufwandsentschädigungen werden ebenfalls in die Berechnung des durchschnittlichen Nettolohnes nach der Verordnung über die Gewährung von Vorruhestandsgeld vom 8. Februar 1990 einbezogen.</LA></DD></DL></LA></DD></DL></P></Content></text></textdaten></norm>
<norm builddate="20130405133200" doknr="DDNR015520990BJNE000200307"><metadaten><jurabk>MinRSozSBes</jurabk><enbez>Schlußformel</enbez></metadaten><textdaten><text format="XML"><Content><P><B>Minister im Amt des Ministerpräsidenten</B></P></Content></text></textdaten></norm>
<norm builddate="20130405133200" doknr="DDNR015520990BJNE888800301"><metadaten><jurabk>MinRSozSBes</jurabk><enbez>Anhang EV</enbez><titel format="XML">Auszug aus EinigVtrVbg Art 3<BR/>(BGBl. II 1990, 1239)</titel></metadaten><textdaten><text format="XML"><Content><P><noindex> Das nachfolgend aufgeführte Recht der Deutschen Demokratischen Republik bleibt nach Wirksamwerden des Beitritts in Kraft. Artikel 9 Abs. 4 des Vertrags gilt entsprechend. <DL Font="normal" Type="arabic"><DT/><DD Font="normal"><LA Size="normal"><DL Font="normal" Type="arabic"><DT/><DD Font="normal"><LA Size="normal"><DL Font="normal" Type="arabic"><DT/><DD Font="normal"><LA Size="normal"><DL Font="normal" Type="arabic"><DT>Zu Kapitel II</DT><DD Font="normal"><LA Size="normal">(Geschäftsbereich des Bundesministers des Innern)</LA></DD></DL></LA></DD></DL></LA></DD></DL></LA></DD></DL>... <DL Font="normal" Type="arabic"><DT>3.</DT><DD Font="normal"><LA Size="normal">Beschluß des Ministerrats der Deutschen Demokratischen Republik über Regelungen zur sozialen Sicherstellung für ausscheidende Mitglieder des Ministerrates vom 8. Februar 1990 in der Fassung des Beschlusses vom 8. August 1990 (GBl. I Nr. 62 S. 1552) ...</LA><LA Size="normal">mit folgenden Maßgaben:<DL Font="normal" Type="arabic"><DT>a)</DT><DD Font="normal"><LA Size="normal">Mitglieder des Ministerrates, die aus nicht in ihrer Person liegenden Gründen aus der Regierung ausscheiden, das Rentenalter noch nicht erreicht haben und nicht sofort eine andere Tätigkeit aufnehmen können oder bei denen die Aufnahme einer solchen mit einer Einkommensminderung verbunden ist, erhalten ein Übergangsgeld. Das Übergangsgeld wird für die auf den Tag des Ausscheidens folgenden drei Monate in Höhe des im letzten Monat vor dem Ausscheiden gezahlten Gehalts gewährt. Übersteigt die Dauer der Mitgliedschaft im Ministerrat drei Monate, so wird für jeden weiteren Monat der Mitgliedschaft, längstens für drei weitere Monate, ein um 30 vom Hundert gekürztes Übergangsgeld nach Satz 1 gezahlt.</LA></DD><DT>b)</DT><DD Font="normal"><LA Size="normal">Bezüge aus der Mitgliedschaft im Deutschen Bundestag, im Europäischen Parlament oder in einem Landesparlament, aus einem Amtsverhältnis, aus einer Verwendung im öffentlichen Dienst, aus einem sonstigen Beschäftigungsverhältnis oder aus einer selbständigen Tätigkeit sowie Renten werden angerechnet.</LA></DD><DT>c)</DT><DD Font="normal"><LA Size="normal">Die Leistungen unterliegen der Beitragspflicht zur Sozialversicherung.</LA></DD><DT>d)</DT><DD Font="normal"><LA Size="normal">Die Zeiten des Bezugs dieser Leistungen sind wie Arbeitsrechtsverhältnisse im Ausweis für Arbeit und Sozialversicherung einzutragen.</LA></DD><DT>e)</DT><DD Font="normal"><LA Size="normal">Die Zeiten des Bezugs dieser Leistungen gelten bei der Gewährung und Berechnung von Renten der Sozialversicherung als versicherungspflichtige Tätigkeit. Im Berechnungszeitraum für Alters- und Invalidenrenten liegende Zeiten des Bezugs dieser Leistungen bleiben bei der Berechnung des Durchschnittsverdienstes unberücksichtigt, wenn es für den Rentner günstiger ist.</LA></DD></DL></LA></DD></DL>... </noindex></P></Content></text></textdaten></norm>
</dokumente>