<?xml version="1.0" encoding="UTF-8" ?><!DOCTYPE dokumente SYSTEM "http://www.gesetze-im-internet.de/dtd/1.01/gii-norm.dtd">
<dokumente builddate="20241204222008" doknr="BJNR171200021"><norm builddate="20241204222008" doknr="BJNR171200021"><metadaten><jurabk>BAMBGebV</jurabk><amtabk>BAMBGebV</amtabk><ausfertigung-datum manuell="ja">2021-06-08</ausfertigung-datum><fundstelle typ="amtlich"><periodikum>BGBl I</periodikum><zitstelle>2021, 1712</zitstelle></fundstelle><kurzue>BAM Besondere Gebührenverordnung</kurzue><langue>Besondere Gebührenverordnung des Bundesministeriums für Wirtschaft und Energie für individuell zurechenbare öffentliche Leistungen der Bundesanstalt für Materialforschung und -prüfung</langue><standangabe checked="ja"><standtyp>Stand</standtyp><standkommentar>Geändert durch Art. 4 V v. 2.12.2024 I Nr. 384</standkommentar></standangabe><standangabe checked="ja"><standtyp>Sonst</standtyp><standkommentar>Ersetzt V 7134-1-2 v. 17.12.1970 I 1748 (BAMKostO)</standkommentar></standangabe></metadaten><textdaten><fussnoten><Content><P><BR/> <pre xml:space="preserve">(+++ Textnachweis ab: 15.6.2021 +++)<BR/><BR/></pre></P></Content></fussnoten></textdaten></norm>
<norm builddate="20241204222008" doknr="BJNR171200021BJNE000100000"><metadaten><jurabk>BAMBGebV</jurabk><enbez>Eingangsformel</enbez></metadaten><textdaten><text format="XML"><Content><P>Auf Grund des § 22 Absatz 4 Satz 1 in Verbindung mit Absatz 1 Satz 2 und 3 des Bundesgebührengesetzes vom 7. August 2013 (BGBl. I S. 3154) verordnet das Bundesministerium für Wirtschaft und Energie:</P></Content></text></textdaten></norm>
<norm builddate="20241204222008" doknr="BJNR171200021BJNE000200000"><metadaten><jurabk>BAMBGebV</jurabk><enbez>§ 1</enbez><titel format="XML">Erhebung von Gebühren und Auslagen</titel></metadaten><textdaten><text format="XML"><Content><P>(1) Die Bundesanstalt für Materialforschung und -prüfung erhebt in ihrem Zuständigkeitsbereich Gebühren und Auslagen für individuell zurechenbare öffentliche Leistungen (gebührenfähige Leistungen), die auf Grund der folgenden Vorschriften erbracht werden: <DL Type="arabic"><DT>1.</DT><DD Font="normal"><LA>Beschussgesetz,</LA></DD><DT>2.</DT><DD Font="normal"><LA>Beschussverordnung,</LA></DD><DT>3.</DT><DD Font="normal"><LA>Sprengstoffgesetz,</LA></DD><DT>4.</DT><DD Font="normal"><LA>Erste Verordnung zum Sprengstoffgesetz,</LA></DD><DT>5.</DT><DD Font="normal"><LA>Zweite Verordnung zum Sprengstoffgesetz,</LA></DD><DT>6.</DT><DD Font="normal"><LA>Rechtsdienstleistungsgesetz,</LA></DD><DT>7.</DT><DD Font="normal"><LA>Deponieverordnung,</LA></DD><DT>8.</DT><DD Font="normal"><LA>Gefahrstoffverordnung.</LA></DD></DL></P><P>(2) Die Erhebung von Gebühren und Auslagen für gebührenfähige Leistungen, die von der Bundesanstalt für Materialforschung und -prüfung aufgrund anderer als der in Absatz 1 genannten Vorschriften erbracht werden, wird durch diese Verordnung nicht berührt.</P></Content></text></textdaten></norm>
<norm builddate="20241204222008" doknr="BJNR171200021BJNE000300000"><metadaten><jurabk>BAMBGebV</jurabk><enbez>§ 2</enbez><titel format="XML">Höhe der Gebühren und Auslagen</titel></metadaten><textdaten><text format="XML"><Content><P>(1) Die Höhe der Gebühren richtet sich nach dem Gebührenverzeichnis.</P><P>(2) Neben den in § 12 Absatz 1 Satz 1 des Bundesgebührengesetzes genannten Auslagen werden Auslagen gesondert in der tatsächlich entstandenen Höhe erhoben für <DL Type="arabic"><DT>1.</DT><DD Font="normal"><LA>die Beförderung von Prüfmitteln und Prüfobjekten,</LA></DD><DT>2.</DT><DD Font="normal"><LA>außergewöhnliche Aufwendungen für Material, Energie, besondere Prüfanlagen, Mess- und Hilfseinrichtungen oder andere Vorkehrungen oder Hilfsmittel.</LA></DD></DL></P><P>(3) Die zu erhebenden Gebühren und Auslagen umfassen jeweils auch die Kosten für die Festsetzung der Gebühren und Auslagen.</P></Content></text></textdaten></norm>
<norm builddate="20241204222008" doknr="BJNR171200021BJNE000400000"><metadaten><jurabk>BAMBGebV</jurabk><enbez>§ 3</enbez><titel format="XML">Übergangsvorschriften</titel></metadaten><textdaten><text format="XML"><Content><P>(1) Für die Erhebung von Gebühren und Auslagen für eine gebührenfähige Leistung nach Abschnitt 1 des Gebührenverzeichnisses, die vor dem 1. Oktober 2019 beantragt oder begonnen, aber noch nicht vollständig erbracht wurde, ist die Kostenverordnung zum Waffengesetz weiter anzuwenden. Für die Erhebung von Gebühren und Auslagen für eine gebührenfähige Leistung nach Abschnitt 2 des Gebührenverzeichnisses, die vor dem 1. Oktober 2019 beantragt oder begonnen, aber noch nicht vollständig erbracht wurde, ist die Kostenverordnung zum Sprengstoffgesetz weiter anzuwenden. Wurde die gebührenfähige Leistung in den Fällen der Sätze 1 und 2 nach dem 1. Oktober 2019 und vor dem 15. Juni 2021 vollständig erbracht, gelten die Sätze 1 und 2 entsprechend.</P><P>(2) Für die Erhebung von Gebühren und Auslagen für eine gebührenfähige Leistung nach den Abschnitten 1 und 2 des Gebührenverzeichnisses, die in dem Zeitraum vom 1. Oktober 2019 bis zum 15. Juni 2021 beantragt oder begonnen, aber noch nicht vollständig erbracht wurde, ist diese Verordnung anzuwenden. Wurde die gebührenfähige Leistung in dem Zeitraum vom 1. Oktober 2019 bis einschließlich 14. Juni 2021 beantragt oder begonnen und auch vollständig erbracht, ist diese Verordnung nur anzuwenden, wenn auf die nachträgliche Erhebung von Gebühren und Auslagen vor Beginn der Leistungserbringung ausdrücklich hingewiesen wurde. Andernfalls ist für gebührenfähige Leistungen nach Abschnitt 1 des Gebührenverzeichnisses die Kostenverordnung zum Waffengesetz und für gebührenfähige Leistungen nach Abschnitt 2 des Gebührenverzeichnisses die Kostenverordnung zum Sprengstoffgesetz anzuwenden.</P><P>(3) Für die Erhebung von Gebühren und Auslagen für eine gebührenfähige Leistung nach den Abschnitten 3 bis 5 des Gebührenverzeichnisses, die vor dem 15. Juni 2021 beantragt oder begonnen, aber noch nicht vollständig erbracht wurde, ist die Kostenverordnung für Nutzleistungen der Bundesanstalt für Materialforschung und -prüfung weiter anzuwenden.</P></Content></text></textdaten></norm>
<norm builddate="20241204222008" doknr="BJNR171200021BJNE000500000"><metadaten><jurabk>BAMBGebV</jurabk><enbez>§ 4</enbez><titel format="XML">Inkrafttreten; Außerkrafttreten</titel></metadaten><textdaten><text format="XML"><Content><P>(1) Diese Verordnung tritt am Tag nach der Verkündung in Kraft.</P><P>(2) Gleichzeitig tritt die Kostenverordnung für Nutzleistungen der Bundesanstalt für Materialforschung und -prüfung vom 17. Dezember 1970 (BGBl. I S. 1748), die zuletzt durch Artikel 1 der Verordnung vom 13. März 2018 (BGBl. I S. 373) geändert worden ist, außer Kraft.</P></Content></text></textdaten></norm>
<norm builddate="20241204222008" doknr="BJNR171200021BJNE000601130"><metadaten><jurabk>BAMBGebV</jurabk><enbez>Anlage</enbez><titel format="XML">(zu § 2 Absatz 1)</titel></metadaten><textdaten><text format="XML"><Content><P><noindex><kommentar typ="Fundstelle">(Fundstelle: BGBl. I 2021, 1714 - 1716;<BR/>bzgl. der einzelnen Änderungen vgl. Fußnote)</kommentar></noindex></P><table colsep="0" frame="none" pgwide="1" rowsep="0" tocentry="%yes;"><tgroup align="left" char="" charoff="50" cols="1"><colspec align="center" colname="col1"/><tbody valign="top"><row><entry VJ="1" colname="col1"><B>Inhaltsübersicht</B><P/></entry></row><row><entry VJ="1" colname="col1">Abschnitt 1<P/></entry></row><row><entry VJ="1" colname="col1">Beschussgesetz (BeschG),<BR/>Beschussverordnung (BeschussV)<P/></entry></row><row><entry VJ="1" colname="col1">Abschnitt 2<P/></entry></row><row><entry VJ="1" colname="col1">Sprengstoffgesetz (SprengG),<BR/>Erste Verordnung zum Sprengstoffgesetz (1. SprengV),<BR/>Zweite Verordnung zum Sprengstoffgesetz (2. SprengV)<P/></entry></row><row><entry VJ="1" colname="col1">Abschnitt 3<P/></entry></row><row><entry VJ="1" colname="col1">Rechtsdienstleistungsgesetz (RDG)<P/></entry></row><row><entry VJ="1" colname="col1">Abschnitt 4<P/></entry></row><row><entry VJ="1" colname="col1">Deponieverordnung (DepV)<P/></entry></row><row><entry VJ="1" colname="col1">Abschnitt 5<P/></entry></row><row><entry VJ="1" colname="col1">Gefahrstoffverordnung (GefStoffV)<P/></entry></row></tbody></tgroup></table><P/><Title Align="auto" Class="S1">Abschnitt 1</Title><P/><Title Align="auto" Class="S1">Beschussgesetz (BeschG),<BR/> Beschussverordnung (BeschussV)</Title><table colsep="1" frame="all" rowsep="1" tocentry="%yes;"><tgroup align="left" char="" charoff="50" cols="3"><colspec align="center" colname="col1" colwidth="15*"/><colspec align="justify" colname="col2" colwidth="110*"/><colspec align="center" colname="col3" colwidth="40*"/><thead valign="bottom"><row><entry VJ="1" colname="col1" colsep="1" rowsep="1">Nummer</entry><entry VJ="1" align="center" colname="col2" colsep="1" rowsep="1">Gebührentatbestand</entry><entry VJ="1" colname="col3" colsep="1" rowsep="1">Zeitgebühr je Stunde</entry></row></thead><tbody valign="top"><row><entry VJ="1" colname="col1" colsep="1" rowsep="1">1</entry><entry VJ="1" colname="col2" colsep="1" rowsep="1">Prüfung und Zulassung der in § 10 BeschG bezeichneten pyrotechnischen Munition gemäß § 20 Absatz 3 Satz 2 BeschG oder Zulassung von Ausnahmen von einzelnen Anforderungen der Anlage I der BeschussV gemäß § 11 Absatz 3 Nummer 1 BeschussV</entry><entry VJ="1" colname="col3" colsep="1" rowsep="1">161 EUR</entry></row><row><entry VJ="1" colname="col1" colsep="1" rowsep="1">2</entry><entry VJ="1" align="justify" colname="col2" colsep="1" rowsep="1">Bewilligung von Ausnahmen von dem Erfordernis der Prüfung und Zulassung nach § 10 Absatz 1 BeschG oder Zulassung von Abweichungen von Versagensgründen des § 10 Absatz 3 Nummer 2 bis 4 BeschG gemäß § 13 BeschG</entry><entry VJ="1" colname="col3" colsep="1" rowsep="1">161 EUR</entry></row><row><entry VJ="1" colname="col1" colsep="1" rowsep="1">3</entry><entry VJ="1" align="justify" colname="col2" colsep="1" rowsep="1">Prüfung und Zulassung der in § 11 Absatz 1 BeschG in Verbindung mit Anlage 1 Abschnitt 1 Unterabschnitt 3 Nummer 1.3 zum Waffengesetz bezeichneten hülsenlosen Munition ohne Geschoss gemäß § 20 Absatz 3 Satz 2 BeschG</entry><entry VJ="1" colname="col3" colsep="1" rowsep="1">161 EUR</entry></row><row><entry VJ="1" colname="col1" colsep="1" rowsep="1">4</entry><entry VJ="1" align="justify" colname="col2" colsep="1" rowsep="1">Bewilligung von Ausnahmen von dem Erfordernis der Prüfung und Zulassung nach § 11 Absatz 1 BeschG oder Zulassung von Abweichungen von Versagensgründen des § 11 Absatz 3 Satz 1 Nummer 3 BeschG gemäß § 13 BeschG</entry><entry VJ="1" colname="col3" colsep="1" rowsep="1">161 EUR</entry></row></tbody></tgroup></table><P/><Title Align="auto" Class="S1">Abschnitt 2</Title><P/><Title Align="auto" Class="S1">Sprengstoffgesetz (SprengG),<BR/> Erste Verordnung zum Sprengstoffgesetz (1. SprengV),<BR/> Zweite Verordnung zum Sprengstoffgesetz (2. SprengV)</Title><table colsep="1" frame="all" rowsep="1" tocentry="%yes;"><tgroup align="left" char="" charoff="50" cols="3"><colspec align="center" colname="col1" colwidth="15*"/><colspec align="justify" colname="col2" colwidth="110*"/><colspec align="center" colname="col3" colwidth="40*"/><thead valign="bottom"><row><entry VJ="1" colname="col1" colsep="1" rowsep="1">Nummer</entry><entry VJ="1" align="center" colname="col2" colsep="1" rowsep="1">Gebührentatbestand</entry><entry VJ="1" colname="col3" colsep="1" rowsep="1">Zeitgebühr je Stunde</entry></row></thead><tbody valign="top"><row><entry VJ="1" colname="col1"> 1</entry><entry VJ="1" colname="col2">Entgegennahme von Anzeigen neuer sonstiger explosionsgefährlicher Stoffe und von Stoffproben auf Verlangen gemäß § 2 Absatz 1 Satz 1 SprengG, Prüfung und Feststellung der Explosionsgefährlichkeit gemäß § 2 Absatz 2 Satz 1 SprengG in Verbindung mit § 9 Absatz 1 der 1. SprengV und Zuordnung zu einer Stoffgruppe gemäß § 2 Absatz 3 Satz 1 SprengG</entry><entry VJ="1" colname="col3">161 EUR</entry></row><row><entry VJ="1" colname="col1"> 2</entry><entry VJ="1" colname="col2">Prüfung und Feststellung der Explosionsgefährlichkeit neuer sonstiger explosionsgefährlicher Stoffe, die der Bundesanstalt für Materialforschung und -prüfung auf andere Weise bekannt werden, gemäß § 2 Absatz 2 Satz 3 in Verbindung mit Satz 1 und 2 SprengG und in Verbindung mit § 9 Absatz 1 der Ersten Verordnung zum Sprengstoffgesetz und Zuordnung zu einer Stoffgruppe gemäß § 2 Absatz 3 Satz 1 SprengG</entry><entry VJ="1" colname="col3">161 EUR</entry></row><row><entry VJ="1" colname="col1"> 3</entry><entry VJ="1" colname="col2">Baumusterprüfung oder Einzelprüfung von Explosivstoffen und pyrotechnischen Gegenständen gemäß § 5e Absatz 2 Satz 1 Nummer 1 und Satz 2 in Verbindung mit § 5b Absatz 1 SprengG, Konformitätsbewertung und Erteilung von Baumusterprüfbescheinigungen gemäß § 5b Absatz 2 und 3 SprengG</entry><entry VJ="1" colname="col3">161 EUR</entry></row><row><entry VJ="1" colname="col1"> 4</entry><entry VJ="1" colname="col2">Überwachung des Qualitätssicherungsverfahrens nach § 5c Absatz 1 und 2 SprengG gemäß § 5e Absatz 2 Satz 1 Nummer 1 und Satz 2 SprengG</entry><entry VJ="1" colname="col3">161 EUR</entry></row><row><entry VJ="1" colname="col1"> 5</entry><entry VJ="1" colname="col2">Zulassung sonstiger explosionsgefährlicher Stoffe nach ihrer Zusammensetzung, Beschaffenheit und Bezeichnung gemäß § 5f Absatz 1 Satz 1 Nummer 1 und Satz 2 und Absatz 4 SprengG in Verbindung mit § 12 der 1. SprengV</entry><entry VJ="1" colname="col3">161 EUR</entry></row><row><entry VJ="1" colname="col1"> 6</entry><entry VJ="1" colname="col2">Zulassung von Sprengzubehör nach seiner Zusammensetzung, Beschaffenheit und Bezeichnung gemäß § 5f Absatz 2 SprengG in Verbindung mit § 12 der 1. SprengV</entry><entry VJ="1" colname="col3">161 EUR</entry></row><row><entry VJ="1" colname="col1"> 7</entry><entry VJ="1" colname="col2">Erteilung von Ausnahmen vom Zulassungserfordernis von sonstigen explosionsgefährlichen Stoffen und Sprengzubehör gemäß § 5g Absatz 5 SprengG in Verbindung mit § 5f Absatz 1 und 2 SprengG</entry><entry VJ="1" colname="col3">161 EUR</entry></row><row><entry VJ="1" colname="col1"> 8</entry><entry VJ="1" colname="col2">Genehmigung der gewerblichen Verbringung von Explosivstoffen in die, durch die und aus der Bundesrepublik Deutschland gemäß § 15 Absatz 7 Nummer 2 in Verbindung mit Absatz 6 und § 7 SprengG</entry><entry VJ="1" colname="col3">161 EUR</entry></row><row><entry VJ="1" colname="col1"> 9</entry><entry VJ="1" colname="col2">Genehmigung der nicht gewerblichen Verbringung von Explosivstoffen in die, durch die und aus der Bundesrepublik Deutschland gemäß § 15 Absatz 7 Nummer 2 in Verbindung mit Absatz 6 und § 27 SprengG</entry><entry VJ="1" colname="col3">161 EUR</entry></row><row><entry VJ="1" colname="col1">10</entry><entry VJ="1" colname="col2">Zulassung von Ausnahmen im Einzelfall von einzelnen Anforderungen der Anlage 1 der 1. SprengV für sonstige explosionsgefährliche Stoffe nach § 1 Absatz 4 Nummer 1 und 2 SprengG und Sprengzubehör oder Stellen zusätzlicher Anforderungen gemäß § 6 Absatz 2 der 1. SprengV</entry><entry VJ="1" colname="col3">161 EUR</entry></row><row><entry VJ="1" colname="col1">11</entry><entry VJ="1" colname="col2">Vorschreiben der Verwendung eines Zulassungszeichens gegenüber dem Zulassungsinhaber gemäß § 6 Absatz 4 Satz 1 der 1. SprengV</entry><entry VJ="1" colname="col3">161 EUR</entry></row><row><entry VJ="1" colname="col1">12</entry><entry VJ="1" colname="col2">Prüfungen der Zusammensetzung und Beschaffenheit von sonstigen explosionsgefährlichen Stoffen und Sprengzubehör gemäß § 9 Absatz 3 in Verbindung mit Absatz 1 und 2 der 1. SprengV und § 5e Absatz 1 Satz 3 SprengG</entry><entry VJ="1" colname="col3">161 EUR</entry></row><row><entry VJ="1" colname="col1">13</entry><entry VJ="1" colname="col2">Zuteilung von Kennnummern der Herstellungsstätte oder des Einführers gemäß § 17 Absatz 2 Satz 2 der 1. SprengV</entry><entry VJ="1" colname="col3">161 EUR</entry></row><row><entry VJ="1" colname="col1">14</entry><entry VJ="1" colname="col2">Allgemeine Zulassung von Ausnahmen von den Vorschriften über die Kennzeichnung und Verpackung explosionsgefährlicher Stoffe und von Sprengzubehör auf Antrag gemäß § 19 Absatz 1 der 1. SprengV</entry><entry VJ="1" colname="col3">161 EUR</entry></row><row><entry VJ="1" colname="col1">15</entry><entry VJ="1" colname="col2">Bewilligung von Ausnahmen im Einzelfall von den Kennzeichnungs- und Verpackungsvorschriften der §§ 17 und 18 sowie 18b Nummer 1 und 2 der 1. SprengV gemäß § 19 Absatz 2 der 1. SprengV</entry><entry VJ="1" colname="col3">161 EUR</entry></row><row><entry VJ="1" colname="col1">16</entry><entry VJ="1" colname="col2">Genehmigung der Überlassung pyrotechnischer Gegenstände der Kategorie P1, die Rettungsmittel oder Bestandteil von Schutzausrüstungen oder Rettungsmitteln sind, an Personen, die das 14. Lebensjahr vollendet haben, auf Antrag gemäß § 20 Absatz 2 Satz 1 der 1. SprengV oder Erteilung der Genehmigung für die Bauart gemäß § 20 Absatz 2 Satz 2 der 1. SprengV</entry><entry VJ="1" colname="col3">161 EUR</entry></row><row><entry VJ="1" colname="col1">17</entry><entry VJ="1" colname="col2">Erteilung von Unbedenklichkeitsbescheinigungen gemäß § 21 Absatz 4 Satz 2 der 1. SprengV</entry><entry VJ="1" colname="col3">161 EUR</entry></row><row><entry VJ="1" colname="col1">18</entry><entry VJ="1" colname="col2">Verfolgung und Ahndung von Ordnungswidrigkeiten nach § 41 Absatz 1 Nummer 1 bis 1b, 2, 2a und 3 Buchstabe a SprengG, § 47 der 1. SprengV</entry><entry VJ="1" colname="col3">allgemeine pauschale<BR/>Stundensätze für<BR/>Verwaltungsbeschäftigte<BR/>in der Bundesverwaltung<BR/>nach Anlage 1 Teil A<BR/>Abschnitt 1 Nummer 1<BR/>der Allgemeinen<BR/>Gebührenverordnung</entry></row><row><entry VJ="1" colname="col1">19</entry><entry VJ="1" colname="col2">Entgegennahme von Anzeigen explosionsgefährlicher Stoffe und der Art der Verpackung gemäß § 4 Absatz 1 der 2. SprengV und Zuordnung zu einer Lagergruppe oder Zuordnung von Explosivstoffen zu einer Verträglichkeitsgruppe gemäß § 4 Absatz 3 der 2. SprengV</entry><entry VJ="1" colname="col3">161 EUR</entry></row></tbody></tgroup></table><P/><Title Align="auto" Class="S1">Abschnitt 3</Title><P/><Title Align="auto" Class="S1">Rechtsdienstleistungsgesetz (RDG)</Title><table colsep="1" frame="all" rowsep="1" tocentry="%yes;"><tgroup align="left" char="" charoff="50" cols="3"><colspec align="center" colname="col1" colwidth="15*"/><colspec align="justify" colname="col2" colwidth="110*"/><colspec align="center" colname="col3" colwidth="40*"/><thead valign="bottom"><row><entry VJ="1" colname="col1" colsep="1" rowsep="1">Nummer</entry><entry VJ="1" align="center" colname="col2" colsep="1" rowsep="1">Gebührentatbestand</entry><entry VJ="1" colname="col3" colsep="1" rowsep="1">Zeitgebühr je Stunde</entry></row></thead><tbody valign="top"><row><entry VJ="1" colname="col1" colsep="1" rowsep="1">1</entry><entry VJ="1" colname="col2" colsep="1" rowsep="1">Über einfache schriftliche Auskünfte hinausgehende Rechtsdienstleistungen im Rahmen des Aufgaben- und Zuständigkeitsbereichs der Bundesanstalt für Materialforschung und -prüfung gemäß § 8 Absatz 1 Nummer 2 RDG in Verbindung mit § 2 Absatz 1 und § 3 RDG</entry><entry VJ="1" colname="col3" colsep="1" rowsep="1">allgemeine pauschale<BR/>Stundensätze für<BR/>Verwaltungsbeschäftigte<BR/>nach Anlage 1 Teil A<BR/>Abschnitt 1 Nummer 1<BR/>der Allgemeinen<BR/>Gebührenverordnung</entry></row></tbody></tgroup></table><P/><Title Align="auto" Class="S1">Abschnitt 4</Title><P/><Title Align="auto" Class="S1">Deponieverordnung (DepV)</Title><table colsep="1" frame="all" rowsep="1" tocentry="%yes;"><tgroup align="left" char="" charoff="50" cols="3"><colspec align="center" colname="col1" colwidth="15*"/><colspec align="justify" colname="col2" colwidth="110*"/><colspec align="center" colname="col3" colwidth="40*"/><thead valign="bottom"><row><entry VJ="1" colname="col1" colsep="1" rowsep="1">Nummer</entry><entry VJ="1" align="center" colname="col2" colsep="1" rowsep="1">Gebührentatbestand</entry><entry VJ="1" colname="col3" colsep="1" rowsep="1">Zeitgebühr je Stunde</entry></row></thead><tbody valign="top"><row><entry VJ="1" colname="col1" colsep="1" rowsep="1">1</entry><entry VJ="1" colname="col2" colsep="1" rowsep="1">Prüfung und Zulassung von Geokunststoffen, Polymeren und Dichtungskontrollsystemen gemäß § 3 Absatz 1 in Verbindung mit Anhang 1 Nummer 2.4 DepV</entry><entry VJ="1" colname="col3" colsep="1" rowsep="1">140 EUR</entry></row></tbody></tgroup></table><P/><Title Align="auto" Class="S1">Abschnitt 5</Title><P/><Title Align="auto" Class="S1">Gefahrstoffverordnung (GefStoffV)</Title><table colsep="1" frame="all" rowsep="1" tocentry="%yes;"><tgroup align="left" char="" charoff="50" cols="3"><colspec align="center" colname="col1" colwidth="15*"/><colspec align="justify" colname="col2" colwidth="110*"/><colspec align="center" colname="col3" colwidth="40*"/><thead valign="bottom"><row><entry VJ="1" colname="col1" colsep="1" rowsep="1">Nummer</entry><entry VJ="1" align="center" colname="col2" colsep="1" rowsep="1">Gebührentatbestand</entry><entry VJ="1" colname="col3" colsep="1" rowsep="1">Zeitgebühr je Stunde</entry></row></thead><tbody valign="top"><row><entry VJ="1" colname="col1" colsep="1" rowsep="1">1</entry><entry VJ="1" colname="col2" colsep="1" rowsep="1">Gutachten zum Nachweis, dass inerte Stoffe die thermische Sensibilität und die Sensibilität gegen eine einwirkende Detonation nicht erhöhen, gemäß § 8 Absatz 8 und § 12 Absatz 1 in Verbindung mit Anhang I Nummer 5.3 Absatz 7 GefStoffV</entry><entry VJ="1" colname="col3" colsep="1" rowsep="1">161 EUR</entry></row><row><entry VJ="1" colname="col1" colsep="1" rowsep="1">2</entry><entry VJ="1" colname="col2" colsep="1" rowsep="1">Gutachten zur Feststellung der Gefährlichkeit und der Festlegung der Anforderungen an die Lagerung, Abfüllung und innerbetrieblichen Beförderung von Ammoniumnitraten und ammoniumnitrathaltigen Gemischen nach § 8 Absatz 8 und § 12 Absatz 1 in Verbindung mit Anhang I Nummer 5.3 Absatz 8 GefStoffV</entry><entry VJ="1" colname="col3" colsep="1" rowsep="1">161 EUR</entry></row><row><entry VJ="1" colname="col1" colsep="1" rowsep="1">3</entry><entry VJ="1" colname="col2" colsep="1" rowsep="1">Gutachten zum Nachweis der Gefahrenfreiheit von einer selbstunterhaltenden fortschreitenden thermischen Zersetzung ammoniumnitrathaltiger Gemische nach § 8 Absatz 8 und § 12 Absatz 1 in Verbindung mit Anhang I Nummer 5.3 Absatz 9 GefStoffV</entry><entry VJ="1" colname="col3" colsep="1" rowsep="1">161 EUR</entry></row><row><entry VJ="1" colname="col1" colsep="1" rowsep="1">4</entry><entry VJ="1" colname="col2" colsep="1" rowsep="1">Gutachten zum Nachweis der Erfüllung der europarechtlichen Beschaffenheitsanforderungen der Stoffe und Zubereitungen der Untergruppen A I, A II und A IV und zum Nachweis, dass Stoffe und Zubereitungen der Gruppe E nicht detonationsfähig sind, gemäß § 8 Absatz 8 und § 12 Absatz 1 in Verbindung mit Anhang I Nummer 5.5.1 GefStoffV</entry><entry VJ="1" colname="col3" colsep="1" rowsep="1">161 EUR</entry></row><row><entry VJ="1" colname="col1" colsep="1" rowsep="1">5</entry><entry VJ="1" colname="col2" colsep="1" rowsep="1">Feststellung und Bekanntgabe der Gefahrgruppenzuordnung bei organischen Peroxiden gemäß § 12 Absatz 4 in Verbindung mit Anhang III Nummer 2.3 Absatz 3 GefStoffV</entry><entry VJ="1" colname="col3" colsep="1" rowsep="1">161 EUR</entry></row><row><entry VJ="1" colname="col1" colsep="1" rowsep="1">6</entry><entry VJ="1" colname="col2" colsep="1" rowsep="1">Bewertung und Bekanntgabe der Gefahrgruppenzuordnung, wenn die Gefahrgruppenzuordnung von einer anderen geeigneten Stelle vorgenommen wurde, gemäß § 12 Absatz 4 in Verbindung mit Anhang III Nummer 2.3 Absatz 4 GefStoffV</entry><entry VJ="1" colname="col3" colsep="1" rowsep="1">161 EUR</entry></row><row><entry VJ="1" colname="col1" colsep="1" rowsep="1">7</entry><entry VJ="1" colname="col2" colsep="1" rowsep="1">Gutachten über die zu treffenden Schutzmaßnahmen für die Gefährdungsbeurteilung bei Tätigkeiten mit organischen Peroxiden, bei denen Gemische auftreten können, die detonationsfähig sind oder zur schnellen Deflagration oder heftigen Wärmeexplosion neigen, gemäß § 12 Absatz 4 in Verbindung mit Anhang III Nummer 2.4 Absatz 2 GefStoffV</entry><entry VJ="1" colname="col3" colsep="1" rowsep="1">161 EUR</entry></row></tbody></tgroup></table></Content></text><fussnoten/></textdaten></norm>
</dokumente>