<?xml version="1.0" encoding="UTF-8" ?><!DOCTYPE dokumente SYSTEM "http://www.gesetze-im-internet.de/dtd/1.01/gii-norm.dtd">
<dokumente builddate="20250402224003" doknr="BJNR008410957"><norm builddate="20250402224003" doknr="BJNR008410957"><metadaten><jurabk>PrKultbG</jurabk><ausfertigung-datum manuell="ja">1957-07-25</ausfertigung-datum><fundstelle typ="amtlich"><periodikum>BGBl I</periodikum><zitstelle>1957, 841</zitstelle></fundstelle><langue>Gesetz zur Errichtung einer Stiftung &quot;Preußischer Kulturbesitz&quot; und zur Übertragung von Vermögenswerten des ehemaligen Landes Preußen auf die Stiftung</langue><standangabe checked="ja"><standtyp>Aufh</standtyp><standkommentar>G aufgeh. durch § 20 Abs. 2 G v. 28.3.2025 I Nr. 101 mWv 1.12.2025</standkommentar></standangabe><standangabe checked="ja"><standtyp>Sonst</standtyp><standkommentar>Ersetzt durch G 224-34 v. 28.3.2025 I Nr. 101 (StiftPKG)</standkommentar></standangabe><standangabe checked="ja"><standtyp>Stand</standtyp><standkommentar>Zuletzt geändert durch Art. 15 Abs. 59 G v. 5.2.2009 I 160</standkommentar></standangabe></metadaten><textdaten><fussnoten><Content><P><BR/> <pre xml:space="preserve">(+++ Textnachweis Geltung ab: 1.1.1964 +++)<BR/><BR/></pre>Das Gesetz ist mit dem GG vereinbar, BVerfGE v. 14.7.1959 I 611</P></Content></fussnoten></textdaten></norm>
<norm builddate="20250402224003" doknr="BJNR008410957BJNE000100311"><metadaten><jurabk>PrKultbG</jurabk><enbez>§ 1</enbez></metadaten><textdaten><text format="XML"><Content><P>(1) Unter dem Namen &quot;Preußischer Kulturbesitz&quot; wird eine rechtsfähige Stiftung des öffentlichen Rechts mit Sitz in Berlin errichtet, die mit dem Inkrafttreten dieses Gesetzes als entstanden gilt.</P><P>(2) Die Stiftung führt ein Dienstsiegel.</P></Content> </text></textdaten></norm>
<norm builddate="20250402224003" doknr="BJNR008410957BJNE000200311"><metadaten><jurabk>PrKultbG</jurabk><enbez>§ 2</enbez></metadaten><textdaten><text format="XML"><Content><P>(1) Eigentum und sonstige Vermögensrechte des ehemaligen Landes Preußen, die sich auf Gegenstände erstrecken, welche bis zum 9. Mai 1945 im Amtsbereich des Reichs- und Preußischen Ministers für Wissenschaft, Erziehung und Volksbildung oder im Amtsbereich des Preußischen Ministerpräsidenten verwaltet wurden, gehen mit dem Inkrafttreten dieses Gesetzes auf die Stiftung über, soweit es sich handelt <DL Font="normal" Type="arabic"><DT>1.</DT><DD Font="normal"><LA Size="normal">um Kulturgüter; hierzu gehören insbesondere Archiv-, Bibliotheks-, Museumsbestände und sonstige Kunstsammlungen oder wissenschaftliche Sammlungen einschließlich Inventar;</LA></DD> <DT>2.</DT><DD Font="normal"><LA Size="normal">um Grundstücke, die überwiegend zur Unterbringung dieser Kulturgüter bestimmt waren oder dienten.</LA></DD> </DL> </P><P>(2) Die Vorschriften des Absatzes 1 finden keine Anwendung <DL Font="normal" Type="arabic"><DT>1.</DT><DD Font="normal"><LA Size="normal">auf die Bestände der Bibliotheken und sonstigen Sammlungen der Hochschulen und staatlichen Lehranstalten sowie auf die dazugehörigen Grundstücke;</LA></DD> <DT>2.</DT><DD Font="normal"><LA Size="normal">auf die Grundstücke, die der Verwaltung der preußischen staatlichen Schlösser und Gärten unterstanden;</LA></DD> <DT>3.</DT><DD Font="normal"><LA Size="normal">auf das zu den unter Nummer 2 fallenden Grundstücken gehörige Inventar, soweit es nicht im einzelnen Bestandteil einer selbständigen Sammlung war oder ist;</LA></DD> <DT>4.</DT><DD Font="normal"><LA Size="normal">auf Archivbestände, die nur von regionaler Bedeutung für das Land sind, in welchem sie sich befinden;</LA></DD> <DT>5.</DT><DD Font="normal"><LA Size="normal">auf die Bestände der Staatlichen Kunstsammlungen in Kassel.</LA></DD> </DL> </P><P>(3) Die Stiftung ist verpflichtet, auf sie nach Absatz 1 übergegangene Vermögenswerte, die nur von regionaler kultureller Bedeutung für ein bestimmtes Land sind, auf dieses Land zu übertragen.</P></Content></text></textdaten></norm>
<norm builddate="20250402224003" doknr="BJNR008410957BJNE000300311"><metadaten><jurabk>PrKultbG</jurabk><enbez>§ 3</enbez></metadaten><textdaten><text format="XML"><Content><P>(1) Die Stiftung hat den Zweck, bis zu einer Neuregelung nach der Wiedervereinigung die ihr übertragenen preußischen Kulturgüter für das deutsche Volk zu bewahren, zu pflegen und zu ergänzen, unter Beachtung der Tradition den sinnvollen Zusammenhang der Sammlungen zu erhalten und eine Auswertung dieses Kulturbesitzes für die Interessen der Allgemeinheit in Wissenschaft und Bildung und für den Kulturaustausch zwischen den Völkern zu gewährleisten.</P><P>(2) Die Stiftung ist verpflichtet, die auf sie übergegangenen, aus kriegsbedingten Gründen aus Berlin verlagerten Kulturgüter alsbald zurückzuführen.</P><P>(3) Die Stiftung kann die Verwaltung zusammengehöriger Bestände der Kulturgüter anderen geeigneten Dienststellen oder sonstigen Einrichtungen auf deren Antrag übertragen.</P><P>(4) Die Stiftung kann sich die treuhänderische Verwaltung von Kulturgut übertragen lassen, das sich nicht in der Obhut des Berechtigten befindet.</P></Content>   </text></textdaten></norm>
<norm builddate="20250402224003" doknr="BJNR008410957BJNE000400311"><metadaten><jurabk>PrKultbG</jurabk><enbez>§ 4</enbez></metadaten><textdaten><text format="XML"><Content><P>Die Stiftung erhält eine Satzung, die die Bundesregierung mit Zustimmung des Bundesrates errichtet und die sie in gleicher Weise ändern und ergänzen kann.</P></Content></text></textdaten></norm>
<norm builddate="20250402224003" doknr="BJNR008410957BJNE000501307"><metadaten><jurabk>PrKultbG</jurabk><enbez>§ 5</enbez></metadaten><textdaten><text format="XML"><Content><P>Organe der Stiftung sind <DL Font="normal" Type="arabic"><DT>1.</DT><DD Font="normal"><LA Size="normal">der Stiftungsrat; ihm obliegt die Leitung der Stiftung;</LA></DD> <DT>2.</DT><DD Font="normal"><LA Size="normal">der Präsident; er hat die Beschlüsse des Stiftungsrats auszuführen und die laufenden Angelegenheiten der Stiftung wahrzunehmen;</LA></DD> <DT>3.</DT><DD Font="normal"><LA Size="normal">der Beirat; er hat den Stiftungsrat und den Präsidenten zu beraten.</LA></DD> </DL></P></Content></text><fussnoten/></textdaten></norm>
<norm builddate="20250402224003" doknr="BJNR008410957BJNE000600311"><metadaten><jurabk>PrKultbG</jurabk><enbez>§ 6</enbez></metadaten><textdaten><text format="XML"><Content><P>Der Stiftungsrat besteht aus Vertretern des Bundes und der in der Satzung zu bezeichnenden Länder. Das Nähere regelt die Satzung.</P></Content></text></textdaten></norm>
<norm builddate="20250402224003" doknr="BJNR008410957BJNE000701307"><metadaten><jurabk>PrKultbG</jurabk><enbez>§ 7</enbez></metadaten><textdaten><text format="XML"><Content><P>Der Präsident wird auf Vorschlag des Stiftungsrats vom Bundespräsidenten bestellt oder ernannt.</P></Content></text><fussnoten/></textdaten></norm>
<norm builddate="20250402224003" doknr="BJNR008410957BJNE000800311"><metadaten><jurabk>PrKultbG</jurabk><enbez>§ 8</enbez></metadaten><textdaten><text format="XML"><Content><P>Die Mitglieder des Beirats sind vom Stiftungsrat aus dem Kreis von Sachverständigen zu berufen. Das Nähere regelt die Satzung.</P></Content></text></textdaten></norm>
<norm builddate="20250402224003" doknr="BJNR008410957BJNE000901320"><metadaten><jurabk>PrKultbG</jurabk><enbez>§ 9</enbez></metadaten><textdaten><text format="XML"><Content><P>Die Stiftung untersteht der Aufsicht des Beauftragten der Bundesregierung für Angelegenheiten der Kultur und der Medien.</P></Content></text><fussnoten/></textdaten></norm>
<norm builddate="20250402224003" doknr="BJNR008410957BJNE001001320"><metadaten><jurabk>PrKultbG</jurabk><enbez>§ 10</enbez></metadaten><textdaten><text format="XML"><Content><P>(1) Die Stiftung hat rechtzeitig vor Beginn eines jeden Geschäftsjahres einen Haushaltsplan aufzustellen. Der Haushaltsplan bedarf der Genehmigung des Beauftragten der Bundesregierung für Angelegenheiten der Kultur und der Medien. Das Nähere regelt die Satzung.</P><P>(2) Die Haushalts- und Wirtschaftsführung der Stiftung unterliegt der Prüfung durch den Bundesrechnungshof.</P></Content> </text><fussnoten/></textdaten></norm>
<norm builddate="20250402224003" doknr="BJNR008410957BJNE001101307"><metadaten><jurabk>PrKultbG</jurabk><enbez>§ 11</enbez></metadaten><textdaten><text format="XML"><Content><P>(1) Die nach dem Haushaltsplan zum Ausgleich etwaiger Fehlbeträge erforderlichen Mittel werden anteilig entsprechend dem satzungsmäßigen Stimmrecht vom Bund und von den in der Satzung bezeichneten Ländern zur Verfügung gestellt. Hierbei trägt jedes dieser Länder, soweit nichts anderes unter ihnen vereinbart ist, einen gleichen Teilbetrag. Die zur Verfügung zu stellenden Zuschüsse sind im Haushaltsplan in den Einnahmen nachzuweisen.</P><P>(2) Überschüsse sind dem Absatz 1 entsprechend anteilig an den Bund und die Länder bis zur Höhe der von diesen zur Verfügung gestellten Beträge abzuführen und in den Ausgaben nachzuweisen.</P><P>(3) Der Stiftungsrat wird ermächtigt, die Benutzung von Einrichtungen der Stiftung durch Benutzungsordnung zu regeln. In den Benutzungsordnungen kann die Erhebung von Kosten (Gebühren und Auslagen) vorgesehen werden. Die Gebührensätze sind so zu bemessen, daß das geschätzte Gebührenaufkommen den auf die Amtshandlungen entfallenden durchschnittlichen Personal- und Sachaufwand nicht übersteigt.</P></Content>  </text><fussnoten/></textdaten></norm>
<norm builddate="20250402224003" doknr="BJNR008410957BJNE001200311"><metadaten><jurabk>PrKultbG</jurabk><enbez>§ 12</enbez></metadaten><textdaten><text format="XML"><Content><P>(1) Die Geschäfte der Stiftung werden in der Regel durch Arbeitskräfte wahrgenommen, die durch privatrechtlichen Dienstvertrag angestellt sind.</P><P>(2) Planstellen für Beamte dürfen nur in dem Umfang eingerichtet werden, als sie für eine dauernde Tätigkeit zur Erfüllung hoheitsrechtlicher Aufgaben erforderlich sind.</P></Content> </text></textdaten></norm>
<norm builddate="20250402224003" doknr="BJNR008410957BJNE001303310"><metadaten><jurabk>PrKultbG</jurabk><enbez>§ 13</enbez></metadaten><textdaten><text format="XML"><Content><P>(1) Die Beamten der Stiftung sind Bundesbeamte.</P><P>(2) Der Präsident und sein ständiger Vertreter sind, wenn sie nicht mit dem Ziele der Ernennung zu Beamten auf Lebenszeit berufen oder durch privatrechtlichen Dienstvertrag angestellt werden, auf die Dauer von zwölf Jahren zu berufen; Wiederernennung ist zulässig. Werden sie auf Zeit ernannt, so finden auf sie die für Beamte auf Lebenszeit geltenden Vorschriften des Bundesbeamtengesetzes entsprechende Anwendung.</P><P>(3) Oberste Dienstbehörde ist, soweit nicht die Zuständigkeit des Beauftragten der Bundesregierung für Angelegenheiten der Kultur und der Medien begründet ist, für den Präsidenten und seinen ständigen Vertreter der Vorsitzende des Stiftungsrats, für die übrigen Beamten der Präsident.</P></Content></text><fussnoten/></textdaten></norm>
<norm builddate="20250402224003" doknr="BJNR008410957BJNE001401307"><metadaten><jurabk>PrKultbG</jurabk><enbez>§ 14</enbez></metadaten><textdaten><text format="XML"><Content><P>Mit Ausnahme des Präsidenten werden die Beamten der Stiftung von der Besoldungsgruppe A 15 an aufwärts vom Vorsitzenden des Stiftungsrates ernannt. Die Beamten der Besoldungsgruppe A 2 bis A 14 werden vom Präsidenten ernannt.</P></Content></text><fussnoten/></textdaten></norm>
<norm builddate="20250402224003" doknr="BJNR008410957BJNE001500311"><metadaten><jurabk>PrKultbG</jurabk><enbez>§ 15</enbez></metadaten><textdaten><text format="XML"><Content><P>Auf das Dienstverhältnis der Angestellten und Arbeiter der Stiftung finden die für die Angestellten und Arbeiter des Bundes jeweils geltenden gesetzlichen Vorschriften, Tarif- und Dienstordnungen sowie Tarifvereinbarungen und Tarifverträge Anwendung.</P></Content></text></textdaten></norm>
<norm builddate="20250402224003" doknr="BJNR008410957BJNE001600311"><metadaten><jurabk>PrKultbG</jurabk><enbez>§ 16</enbez></metadaten><textdaten><text format="XML"><Content><P>Die Vorschriften des § 2 Abs. 1 dieses Gesetzes gelten nicht für Eigentum und sonstige Vermögensrechte, die nach dem 30. Januar 1933 einer Gewerkschaft, Genossenschaft, politischen Partei oder sonstigen demokratischen Organisation weggenommen worden sind.</P></Content></text></textdaten></norm>
<norm builddate="20250402224003" doknr="BJNR008410957BJNE001700311"><metadaten><jurabk>PrKultbG</jurabk><enbez>§ 17</enbez></metadaten><textdaten><text format="XML"><Content><P>Unter die Vorschriften des § 2 Abs. 1 dieses Gesetzes fallen auch Eigentum und sonstige Vermögensrechte, die durch Gesetz für unübertragbar oder nur auf Grund besonderer Vereinbarung für übertragbar erklärt worden sind.</P></Content></text></textdaten></norm>
<norm builddate="20250402224003" doknr="BJNR008410957BJNE001800311"><metadaten><jurabk>PrKultbG</jurabk><enbez>§ 18</enbez></metadaten><textdaten><text format="XML"><Content><P>Dingliche Rechte an Grundstücken und sonstigen Sachen und Rechten, auf die die Vorschriften des § 2 Abs. 1 dieses Gesetzes Anwendung finden, bleiben bestehen.</P></Content></text></textdaten></norm>
<norm builddate="20250402224003" doknr="BJNR008410957BJNE001900311"><metadaten><jurabk>PrKultbG</jurabk><enbez>§ 19</enbez></metadaten><textdaten><text format="XML"><Content><P>Die Wirksamkeit rechtsgeschäftlicher Verfügungen, die vor dem Inkrafttreten dieses Gesetzes über Eigentum und sonstige Vermögensrechte der in § 2 Abs. 1 dieses Gesetzes bezeichneten Art getroffen worden sind, bleibt unberührt. Das gleiche gilt für Rechtsänderungen kraft Gesetzes, die vor dem 20. April 1949 eingetreten sind.</P></Content></text></textdaten></norm>
<norm builddate="20250402224003" doknr="BJNR008410957BJNE002000311"><metadaten><jurabk>PrKultbG</jurabk><enbez>§ 20</enbez></metadaten><textdaten><text format="XML"><Content><P>Soweit zwischen den Beteiligten nichts anderes vereinbart wird, gilt für die Auseinandersetzung zwischen der Stiftung und den Ländern folgendes: <DL Font="normal" Type="arabic"><DT>1.</DT><DD Font="normal"><LA Size="normal">Ein Ersatz für Aufwendungen und Verwendungen, die bis zum Inkrafttreten dieses Gesetzes von den Ländern in bezug auf Eigentum und sonstige Vermögensrechte gemacht worden sind, auf die die Vorschriften des § 2 Abs. 1 dieses Gesetzes Anwendung finden, wird nicht geleistet. Den Ländern verbleiben bis zu diesem Zeitpunkt erzielte Nutzungen.</LA></DD> <DT>2.</DT><DD Font="normal"><LA Size="normal">Aufwendungen und Verwendungen, die nach dem Inkrafttreten dieses Gesetzes in bezug auf Eigentum und sonstige Vermögensrechte gemacht worden sind, auf die die Vorschriften des § 2 Abs. 1 dieses Gesetzes Anwendung finden, sind von der Stiftung nach Maßgabe der Vorschriften des bürgerlichen Rechts zu erstatten. Nach diesem Zeitpunkt erzielte Nutzungen sind an die Stiftung abzuführen.</LA></DD> <DT>3.</DT><DD Font="normal"><LA Size="normal">Unbeschadet der Vorschrift der Nummer 1 Satz 2 sind an die Stiftung ferner abzuführen alle sonstigen Vorteile, die ein Land auf Grund eines Vermögenswertes, auf den die Vorschriften des § 2 Abs. 1 dieses Gesetzes Anwendung finden, oder als Ersatz für die Zerstörung, Beschädigung oder Entziehung eines solchen Vermögenswertes oder durch ein Rechtsgeschäft erworben hat, das sich auf einen solchen Vermögenswert bezieht.</LA></DD> </DL></P></Content></text></textdaten></norm>
<norm builddate="20250402224003" doknr="BJNR008410957BJNE002102320"><metadaten><jurabk>PrKultbG</jurabk><enbez>§ 21</enbez></metadaten><textdaten><text format="XML"><Content><P>Der Beauftragte der Bundesregierung für Angelegenheiten der Kultur und der Medien und der Präsident der Stiftung sind berechtigt, von allen Stellen, die seit dem 9. Mai 1945 mit der Verwaltung des unter die Vorschriften dieses Gesetzes fallenden Eigentums oder der unter die Vorschriften dieses Gesetzes fallenden sonstigen Vermögensrechte befaßt waren, Auskunft zu verlangen und Einsicht in die Akten und Unterlagen zu nehmen. Das gleiche Recht hat der Bundesrechnungshof.</P></Content></text><fussnoten/></textdaten></norm>
<norm builddate="20250402224003" doknr="BJNR008410957BJNE002201307"><metadaten><jurabk>PrKultbG</jurabk><enbez>§ 22</enbez></metadaten><textdaten><text format="XML"><Content><P>(1) Steht das Eigentum an einem Grundstück nach diesem Gesetz der Stiftung zu, so ist der Antrag auf Berichtigung des Grundbuchs von der Stiftung zu stellen. Der Antrag muß von dem Präsidenten oder seinem Vertreter unterschrieben und mit dem Siegel oder Stempel der Stiftung versehen sein. Zum Nachweis des Eigentums gegenüber dem Grundbuchamt genügt die in den Antrag aufzunehmende Erklärung, daß das Grundstück zum Vermögen der Stiftung gehört.</P><P>(2) Dies gilt entsprechend für sonstige im Grundbuch eingetragene Rechte.</P></Content> </text><fussnoten/></textdaten></norm>
<norm builddate="20250402224003" doknr="BJNR008410957BJNE002300311"><metadaten><jurabk>PrKultbG</jurabk><enbez>§ 23</enbez></metadaten><textdaten><text format="XML"><Content><P>Soweit sich ein anhängiger Rechtsstreit durch dieses Gesetz erledigt, trägt jede Partei ihre außergerichtlichen Kosten und die Hälfte der gerichtlichen Auslagen. Die Gerichtsgebühren werden nicht erhoben.</P></Content></text></textdaten></norm>
<norm builddate="20250402224003" doknr="BJNR008410957BJNE002400311"><metadaten><jurabk>PrKultbG</jurabk><enbez>§ 24</enbez></metadaten><textdaten><text format="XML"><Content><P>Gerichtsgebühren und andere Abgaben, die aus Anlaß und in Durchführung dieses Gesetzes entstehen, werden nicht erhoben. Bare Auslagen bleiben außer Ansatz.</P></Content></text></textdaten></norm>
<norm builddate="20250402224003" doknr="BJNR008410957BJNE002500311"><metadaten><jurabk>PrKultbG</jurabk><enbez>§ 25</enbez></metadaten><textdaten><text format="XML"><Content><P>Dieses Gesetz gilt nach Maßgabe des § 13 Abs. 1 des Dritten Überleitungsgesetzes vom 4. Januar 1952 (Bundesgesetzbl. I S. 1) auch im Land Berlin.</P></Content></text></textdaten></norm>
<norm builddate="20250402224003" doknr="BJNR008410957BJNE002600311"><metadaten><jurabk>PrKultbG</jurabk><enbez>§ 26</enbez></metadaten><textdaten><text format="XML"><Content><P>Dieses Gesetz tritt am Tage nach seiner Verkündung in Kraft.</P></Content></text></textdaten></norm>
</dokumente>