<?xml version="1.0" encoding="UTF-8" ?><!DOCTYPE dokumente SYSTEM "http://www.gesetze-im-internet.de/dtd/1.01/gii-norm.dtd">
<dokumente builddate="20240424214509" doknr="BJNR500220996"><norm builddate="20240424214509" doknr="BJNR500220996"><metadaten><jurabk>LuftVODV 160</jurabk><ausfertigung-datum manuell="ja">1995-12-18</ausfertigung-datum><fundstelle typ="amtlich"><periodikum>BAnz</periodikum><zitstelle>1996, Nr 2, 30</zitstelle></fundstelle><fundstelle typ="amtlich"><periodikum>BAnz</periodikum><zitstelle>1996, 30</zitstelle></fundstelle><langue>Hundertsechzigste Durchführungsverordnung zur Luftverkehrs-Ordnung (Festlegung von Flugverfahren für An- und Abflüge nach Instrumentenflugregeln zum und vom Verkehrslandeplatz Augsburg)</langue></metadaten><textdaten><text format="decorated"/><fussnoten><Content><P>Wegen nicht darstellbarer Zeichen nur mit der Überschrift aufgenommen</P></Content></fussnoten></textdaten></norm>
</dokumente>