<?xml version="1.0" encoding="UTF-8" ?><!DOCTYPE dokumente SYSTEM "http://www.gesetze-im-internet.de/dtd/1.01/gii-norm.dtd">
<dokumente builddate="20220201213034" doknr="BJNR261000005"><norm builddate="20220201213034" doknr="BJNR261000005"><metadaten><jurabk>AugOptMstrV</jurabk><amtabk>AugOptMstrV</amtabk><ausfertigung-datum manuell="ja">2005-08-29</ausfertigung-datum><fundstelle typ="amtlich"><periodikum>BGBl I</periodikum><zitstelle>2005, 2610</zitstelle></fundstelle><kurzue>Augenoptikermeisterverordnung</kurzue><langue>Verordnung über das Meisterprüfungsberufsbild und über die
Prüfungsanforderungen in den Teilen I und II der Meisterprüfung im
Augenoptiker-Handwerk</langue><standangabe checked="ja"><standtyp>Stand</standtyp><standkommentar>Zuletzt geändert durch Art. 2 Abs. 47 V v. 18.1.2022 I 39</standkommentar></standangabe></metadaten><textdaten><text format="XML"><Content><P/></Content></text><fussnoten><Content><P><BR/> <pre xml:space="preserve">(+++ Textnachweis ab:  1. 1.2006 +++)<BR/>(+++ Zur Anwendung vgl. § 9 +++)<BR/><BR/></pre></P></Content></fussnoten></textdaten></norm>
<norm builddate="20220201213034" doknr="BJNR261000005BJNE000100000"><metadaten><jurabk>AugOptMstrV</jurabk><enbez>Eingangsformel</enbez></metadaten><textdaten><text format="XML"><Content><P>Auf Grund des § 45 Abs. 1 der Handwerksordnung in der Fassung der Bekanntmachung vom 24. September 1998 (BGBl. I S. 3074), der durch Artikel 1 Nr. 39 des Gesetzes vom 24. Dezember 2003 (BGBl. I S. 2934) geändert worden ist, verordnet das Bundesministerium für Wirtschaft und Arbeit im Einvernehmen mit dem Bundesministerium für Bildung und Forschung:</P></Content></text></textdaten></norm>
<norm builddate="20220201213034" doknr="BJNR261000005BJNE000200000"><metadaten><jurabk>AugOptMstrV</jurabk><enbez>§ 1</enbez><titel format="parat">Gliederung und Inhalt der Meisterprüfung</titel></metadaten><textdaten><text format="XML"><Content><P>Die Meisterprüfung im zulassungspflichtigen Augenoptiker-Handwerk umfasst folgende selbständige Prüfungsteile: <DL Font="normal" Type="arabic"><DT>1.</DT><DD Font="normal"><LA Size="normal">die Prüfung der meisterhaften Verrichtung der wesentlichen Tätigkeiten (Teil I),</LA></DD> <DT>2.</DT><DD Font="normal"><LA Size="normal">die Prüfung der erforderlichen fachtheoretischen Kenntnisse (Teil II),</LA></DD> <DT>3.</DT><DD Font="normal"><LA Size="normal">die Prüfung der erforderlichen betriebswirtschaftlichen, kaufmännischen und rechtlichen Kenntnisse (Teil III) und</LA></DD> <DT>4.</DT><DD Font="normal"><LA Size="normal">die Prüfung der erforderlichen berufs- und arbeitspädagogischen Kenntnisse (Teil IV).</LA></DD> </DL></P></Content></text></textdaten></norm>
<norm builddate="20220201213034" doknr="BJNR261000005BJNE000300000"><metadaten><jurabk>AugOptMstrV</jurabk><enbez>§ 2</enbez><titel format="parat">Meisterprüfungsberufsbild</titel></metadaten><textdaten><text format="XML"><Content><P>(1) Durch die Meisterprüfung wird festgestellt, dass der Prüfling befähigt ist, einen Betrieb selbständig zu führen, technische, kaufmännische und personalwirtschaftliche Leitungsaufgaben wahrzunehmen, die Ausbildung durchzuführen, seine berufliche Handlungskompetenz eigenverantwortlich umzusetzen und an neue Bedarfslagen in diesen Bereichen anzupassen.</P><P>(2) Im Augenoptiker-Handwerk sind zum Zwecke der Meisterprüfung folgende Fertigkeiten und Kenntnisse als ganzheitliche Qualifikationen zu berücksichtigen: <DL Font="normal" Type="arabic"><DT>1.</DT><DD Font="normal"><LA Size="normal">Kundenwünsche ermitteln, Kunden beraten, Serviceleistungen anbieten, Auftragsverhandlungen führen und Auftragsziele festlegen, Leistungen kalkulieren und Angebote erstellen, Verträge schließen,</LA></DD> <DT>2.</DT><DD Font="normal"><LA Size="normal">Aufgaben der technischen, kaufmännischen und personalwirtschaftlichen Betriebsführung wahrnehmen, insbesondere unter Berücksichtigung der Betriebsorganisation, der betrieblichen Aus- und Weiterbildung, des Qualitätsmanagements, der Haftungsvorschriften des Arbeitsschutzrechtes, des Datenschutzes, des Umweltschutzes sowie von Informations- und Kommunikationstechniken,</LA></DD> <DT>3.</DT><DD Font="normal"><LA Size="normal">Auftragsabwicklungsprozesse planen, organisieren, durchführen und überwachen,</LA></DD> <DT>4.</DT><DD Font="normal"><LA Size="normal">Aufträge durchführen, insbesondere unter Berücksichtigung von Fertigungstechniken, branchenüblicher Software, berufsbezogenen rechtlichen Vorschriften, Richtlinien und technischen Normen, Personal, Material und Geräten sowie Einsatzmöglichkeiten von Auszubildenden,</LA></DD> <DT>5.</DT><DD Font="normal"><LA Size="normal">bei der Versorgung mit Sehhilfen Kenntnisse der Anatomie und Physiologie auf das visuelle System anwenden,</LA></DD> <DT>6.</DT><DD Font="normal"><LA Size="normal">Sehschärfe messen und bewerten,</LA></DD> <DT>7.</DT><DD Font="normal"><LA Size="normal">Sehleistung messen und Methoden zum Erkennen von Sehleistungsminderungen anwenden, Ergebnisse darstellen und weiteres Vorgehen begründen; Auffälligkeiten des Auges erkennen,</LA></DD> <DT>8.</DT><DD Font="normal"><LA Size="normal">Fehlsichtigkeit ermitteln und bewerten,</LA></DD> <DT>9.</DT><DD Font="normal"><LA Size="normal">Refraktion der Augen mit objektiven Methoden messen,</LA></DD> <DT>10.</DT><DD Font="normal"><LA Size="normal">Korrektionswerte mit subjektiven Messmethoden ermitteln und Korrektionsbedarf festlegen,</LA></DD> <DT>11.</DT><DD Font="normal"><LA Size="normal">Sehhilfen zur Lösung von Sehproblemen in Abhängigkeit der Sehaufgabe bestimmen,</LA></DD> <DT>12.</DT><DD Font="normal"><LA Size="normal">Fertigungsparameter für die Herstellung von Sehhilfen ermitteln,</LA></DD> <DT>13.</DT><DD Font="normal"><LA Size="normal">Brillengläser, insbesondere Spezialbrillengläser, auswählen, messen, justieren und zentrieren,</LA></DD> <DT>14.</DT><DD Font="normal"><LA Size="normal">Kontaktlinsen und Brillen nach optischen, anatomischen, ökonomischen und ästhetischen Gesichtspunkten auswählen, anpassen und abgeben,</LA></DD> <DT>15.</DT><DD Font="normal"><LA Size="normal">Kontaktlinsen und Hygienemittel unter Berücksichtigung der Anforderung berufsbezogener rechtlicher Vorschriften handhaben und lagern; Hygienemittel auswählen und Kunden in die Anwendung einweisen,</LA></DD> <DT>16.</DT><DD Font="normal"><LA Size="normal">Vergrößerungsbedarf bei Sehbehinderung bestimmen sowie optische und elektronisch vergrößernde Sehhilfen auswählen, anpassen, modifizieren und abgeben,</LA></DD> <DT>17.</DT><DD Font="normal"><LA Size="normal">Fertigungsgenauigkeit der Sehhilfen kontrollieren und beurteilen, Kunden in den Gebrauch einweisen sowie Nachbetreuung und Funktionskontrollen durchführen,</LA></DD> <DT>18.</DT><DD Font="normal"><LA Size="normal">Leistungen abrechnen, Dokumentation erstellen.</LA></DD> </DL></P></Content> </text></textdaten></norm>
<norm builddate="20220201213034" doknr="BJNR261000005BJNE000400000"><metadaten><jurabk>AugOptMstrV</jurabk><enbez>§ 3</enbez><titel format="parat">Gliederung des Teils I</titel></metadaten><textdaten><text format="XML"><Content><P>Der Teil I der Meisterprüfung umfasst als Prüfungsbereich ein Meisterprüfungsprojekt und ein darauf bezogenes Fachgespräch.</P></Content></text></textdaten></norm>
<norm builddate="20220201213034" doknr="BJNR261000005BJNE000500000"><metadaten><jurabk>AugOptMstrV</jurabk><enbez>§ 4</enbez><titel format="parat">Meisterprüfungsprojekt</titel></metadaten><textdaten><text format="XML"><Content><P>(1) Der Prüfling hat ein Meisterprüfungsprojekt durchzuführen, das einem Kundenauftrag entspricht. Die auftragsbezogenen Kundenanforderungen werden vom Meisterprüfungsausschuss festgelegt. Das Meisterprüfungsprojekt besteht aus Planungs-, Durchführungs- und Dokumentationsarbeiten.</P><P>(2) Als Planungsarbeit nach Absatz 1 erarbeitet der Prüfling ein Umsetzungskonzept und eine Kalkulation. Dabei sind sowohl die individuelle Sehaufgabe als auch Wirtschaftlichkeitsaspekte zu berücksichtigen und Alternativen aufzuzeigen.</P><P>(3) Es sind folgende Arbeiten durchzuführen: <DL Font="normal" Type="arabic"><DT>1.</DT><DD Font="normal"><LA Size="normal">Fehlsichtigkeit durch eine Augenglasbestimmung unter Anwendung objektiver und subjektiver Methoden feststellen. Ergebnisse beurteilen und Korrektionsbedarf entsprechend der individuellen Sehaufgabe festlegen,</LA></DD> <DT>2.</DT><DD Font="normal"><LA Size="normal">Inspektion des Auges und Messungen für eine Kontaktlinsenanpassung durchführen sowie Parameter der Messlinsen bestimmen,</LA></DD> <DT>3.</DT><DD Font="normal"><LA Size="normal">Brille anfertigen, anpassen und Fertigungsgenauigkeit beurteilen oder Kontaktlinsenanpassung durchführen.</LA></DD> </DL> </P><P>(4) Die Arbeiten nach Absatz 3 sind zu dokumentieren.</P><P>(5) Die Planungs-, Kalkulations- und Dokumentationsunterlagen werden mit 35 vom Hundert und die durchgeführten Arbeiten mit 65 vom Hundert gewichtet.</P></Content>   </text></textdaten></norm>
<norm builddate="20220201213034" doknr="BJNR261000005BJNE000600000"><metadaten><jurabk>AugOptMstrV</jurabk><enbez>§ 5</enbez><titel format="parat">Fachgespräch</titel></metadaten><textdaten><text format="XML"><Content><P>Nach Durchführung des Meisterprüfungsprojekts ist hierüber ein Fachgespräch zu führen. Dabei soll der Prüfling nachweisen, dass er die fachlichen Zusammenhänge aufzeigen kann, die dem Meisterprüfungsprojekt zugrunde liegen, den Ablauf des Meisterprüfungsprojekts begründen und mit dem Meisterprüfungsprojekt verbundene berufsbezogene Probleme sowie deren Lösungen darstellen kann und dabei in der Lage ist, neue Entwicklungen zu berücksichtigen.</P></Content></text></textdaten></norm>
<norm builddate="20220201213034" doknr="BJNR261000005BJNE000700000"><metadaten><jurabk>AugOptMstrV</jurabk><enbez>§ 6</enbez><titel format="parat">Prüfungsdauer und Bestehen des Teils I</titel></metadaten><textdaten><text format="XML"><Content><P>(1) Die Durchführung des Meisterprüfungsprojekts soll nicht länger als zwei Arbeitstage und das Fachgespräch nicht länger als 30 Minuten dauern.</P><P>(2) Das Meisterprüfungsprojekt und das Fachgespräch werden gesondert bewertet. Die Prüfungsleistungen im Meisterprüfungsprojekt und im Fachgespräch werden im Verhältnis 2 : 1 gewichtet. Hieraus wird eine Gesamtbewertung gebildet.</P><P>(3) Mindestvoraussetzung für das Bestehen des Teils I der Meisterprüfung ist eine insgesamt ausreichende Prüfungsleistung, wobei die Prüfung weder im Meisterprüfungsprojekt noch im Fachgespräch mit weniger als 30 Punkten bewertet worden sein darf.</P></Content>  </text></textdaten></norm>
<norm builddate="20220201213034" doknr="BJNR261000005BJNE000801360"><metadaten><jurabk>AugOptMstrV</jurabk><enbez>§ 7</enbez><titel format="XML">Gliederung, Prüfungsdauer und Bestehen des Teils II</titel></metadaten><textdaten><text format="XML"><Content><P>(1) Durch die Prüfung in Teil II soll der Prüfling in den in Absatz 2 genannten Handlungsfeldern seine Handlungskompetenz dadurch nachweisen, dass er Probleme analysieren und bewerten sowie Lösungswege aufzeigen und dokumentieren und dabei aktuelle Entwicklungen berücksichtigen kann.</P><P>(2) Handlungsfelder sind: <DL Font="normal" Type="arabic"><DT>1.</DT><DD Font="normal"><LA Size="normal">Physiologie des Sehens,</LA></DD><DT>2.</DT><DD Font="normal"><LA Size="normal">Versorgung mit Sehhilfen,</LA></DD><DT>3.</DT><DD Font="normal"><LA Size="normal">Auftragsabwicklung,</LA></DD><DT>4.</DT><DD Font="normal"><LA Size="normal">Betriebsführung und Betriebsorganisation.</LA></DD></DL></P><P>(3) In jedem der Handlungsfelder ist mindestens eine Aufgabe zu bearbeiten, die fallorientiert sein muss: <DL Font="normal" Type="arabic"><DT>1.</DT><DD Font="normal"><LA Size="normal">Physiologie des Sehens</LA><LA Size="normal">Der Prüfling soll nachweisen, dass er in der Lage ist, augenoptische, anatomische, physiologische und aus Messungen gewonnene Sachverhalte zu beurteilen und zu beschreiben sowie Kenntnisse der Pharmakologie und der Humanbiologie auf die physiologische und visuelle Optik anzuwenden. Bei der jeweiligen Aufgabenstellung sollen mehrere der unter Buchstabe a bis f aufgeführten Qualifikationen verknüpft werden:<DL Font="normal" Type="arabic"><DT>a)</DT><DD Font="normal"><LA Size="normal">Aufbau und Funktion des visuellen Systems darstellen,</LA></DD><DT>b)</DT><DD Font="normal"><LA Size="normal">Auswirkungen verschiedener Sehhilfen auf das visuelle System darstellen und bewerten,</LA></DD><DT>c)</DT><DD Font="normal"><LA Size="normal">Methoden zur objektiven und subjektiven Refraktionsbestimmung darstellen und ihre Anwendung begründen,</LA></DD><DT>d)</DT><DD Font="normal"><LA Size="normal">Anforderungen des Binokularsehens bei der Refraktionsbestimmung darstellen und begründen,</LA></DD><DT>e)</DT><DD Font="normal"><LA Size="normal">Methoden zur Messung, Beurteilung und Optimierung visueller Funktionen darstellen und ihre Anwendung begründen,</LA></DD><DT>f)</DT><DD Font="normal"><LA Size="normal">Methoden zum Erkennen von Sehleistungsminderungen darstellen;</LA></DD></DL></LA></DD><DT>2.</DT><DD Font="normal"><LA Size="normal">Versorgung mit Sehhilfen</LA><LA Size="normal">Der Prüfling soll nachweisen, dass er in der Lage ist, augenoptische Aufgaben und Probleme unter Beachtung wirtschaftlicher, ökologischer und chemischer Aspekte in einem Augenoptikerbetrieb zu bearbeiten. Dabei soll er berufsbezogene Sachverhalte analysieren und bewerten. Bei der jeweiligen Aufgabenstellung sollen mehrere der unter Buchstabe a bis h aufgeführten Qualifikationen verknüpft werden:<DL Font="normal" Type="arabic"><DT>a)</DT><DD Font="normal"><LA Size="normal">Aufbau und Funktion unterschiedlicher Korrektionsmittel erläutern,</LA></DD><DT>b)</DT><DD Font="normal"><LA Size="normal">Anwendungsmöglichkeiten unterschiedlicher Korrektionsmittel unter Berücksichtigung der Abbildungseigenschaften unterscheiden und begründen,</LA></DD><DT>c)</DT><DD Font="normal"><LA Size="normal">Anforderungen der optischen Brillenanpassung unter Berücksichtigung anatomischer, ökonomischer und ästhetischer Aspekte darstellen und beurteilen,</LA></DD><DT>d)</DT><DD Font="normal"><LA Size="normal">Möglichkeiten einer individuellen Kundenberatung aufzeigen,</LA></DD><DT>e)</DT><DD Font="normal"><LA Size="normal">Messverfahren zur Kontaktlinsenkorrektion beschreiben und fallbezogene Anwendung begründen,</LA></DD><DT>f)</DT><DD Font="normal"><LA Size="normal">Wirkungsweise von Kontaktlinsen unter Berücksichtigung unterschiedlicher Materialien und Geometrien darstellen und Anwendung begründen,</LA></DD><DT>g)</DT><DD Font="normal"><LA Size="normal">Kontaktlinsenhygiene darstellen und Hygieneanforderungen begründen,</LA></DD><DT>h)</DT><DD Font="normal"><LA Size="normal">Zusammensetzung und Wirkungsweise von Kontaktlinsenhygienemitteln beschreiben und Einsatz begründen;</LA></DD></DL></LA></DD><DT>3.</DT><DD Font="normal"><LA Size="normal">Auftragsabwicklung</LA><LA Size="normal">Der Prüfling soll nachweisen, dass er in der Lage ist, Auftragsabwicklungsprozesse, auch unter Anwendung branchenüblicher Software, erfolgs-, kunden- und qualitätsorientiert zu planen, deren Durchführung zu kontrollieren und sie abzuschließen. Bei der jeweiligen Aufgabenstellung sollen mehrere der unter Buchstabe a bis i aufgeführten Qualifikationen verknüpft werden:<DL Font="normal" Type="arabic"><DT>a)</DT><DD Font="normal"><LA Size="normal">Möglichkeiten der Auftragsbeschaffung darstellen,</LA></DD><DT>b)</DT><DD Font="normal"><LA Size="normal">Angebotsunterlagen erstellen und Angebote auswerten, Angebotskalkulation durchführen,</LA></DD><DT>c)</DT><DD Font="normal"><LA Size="normal">Methoden und Verfahren der Arbeitsplanung und -organisation unter Berücksichtigung von Mess-, Fertigungs- und Instandsetzungstechniken, gestalterischer Aspekte sowie des Einsatzes von Material, Geräten und Personal bewerten, dabei qualitätssichernde Aspekte darstellen und Schnittstellen zwischen Arbeitsbereichen berücksichtigen,</LA></DD><DT>d)</DT><DD Font="normal"><LA Size="normal">berufsbezogene rechtliche Vorschriften, Richtlinien und technische Normen sowie anerkannte Regeln der Technik anwenden, insbesondere Haftung bei der Herstellung und Instandhaltung sowie bei Dienstleistungen beurteilen,</LA></DD><DT>e)</DT><DD Font="normal"><LA Size="normal">Bedeutung von Prüf- und Übergabeprotokollen erläutern,</LA></DD><DT>f)</DT><DD Font="normal"><LA Size="normal">auftragsbezogenen Einsatz von Material und Geräten bestimmen und begründen,</LA></DD><DT>g)</DT><DD Font="normal"><LA Size="normal">Unteraufträge vergeben und kontrollieren,</LA></DD><DT>h)</DT><DD Font="normal"><LA Size="normal">Schadensaufnahme an Sehhilfen darstellen, Instandsetzungsmethoden vorschlagen und die erforderliche Abwicklung festlegen,</LA></DD><DT>i)</DT><DD Font="normal"><LA Size="normal">Vor- und Nachkalkulation durchführen;</LA></DD></DL></LA></DD><DT>4.</DT><DD Font="normal"><LA Size="normal">Betriebsführung und Betriebsorganisation</LA><LA Size="normal">Der Prüfling soll nachweisen, dass er in der Lage ist, Aufgaben der Betriebsführung und Betriebsorganisation unter Berücksichtigung der rechtlichen Vorschriften, auch unter Anwendung von Informations- und Kommunikationssystemen, wahrzunehmen. Bei der jeweiligen Aufgabenstellung sollen mehrere der unter Buchstabe a bis h aufgeführten Qualifikationen verknüpft werden:<DL Font="normal" Type="arabic"><DT>a)</DT><DD Font="normal"><LA Size="normal">betriebliche Kosten ermitteln, dabei betriebswirtschaftliche Zusammenhänge berücksichtigen,</LA></DD><DT>b)</DT><DD Font="normal"><LA Size="normal">betriebliche Kostenstruktur überprüfen; betriebliche Kennzahlen ermitteln,</LA></DD><DT>c)</DT><DD Font="normal"><LA Size="normal">Marketingmaßnahmen zur Kundenpflege und zur Gewinnung neuer Kunden vor dem Hintergrund technischer und wirtschaftlicher Entwicklungen erarbeiten,</LA></DD><DT>d)</DT><DD Font="normal"><LA Size="normal">betriebliches Qualitätsmanagement planen und darstellen,</LA></DD><DT>e)</DT><DD Font="normal"><LA Size="normal">Aufgaben der Personalverwaltung wahrnehmen; den Zusammenhang zwischen Personalverwaltung sowie Personalführung und -entwicklung darstellen,</LA></DD><DT>f)</DT><DD Font="normal"><LA Size="normal">betriebsspezifische Maßnahmen zur Einhaltung der arbeitsschutzrechtlichen Bestimmungen und des Umweltschutzes sowie zur Arbeitsplatzgestaltung entwickeln; Gefahrenpotenziale beurteilen und Maßnahmen zur Gefahrenvermeidung und -beseitigung festlegen,</LA></DD><DT>g)</DT><DD Font="normal"><LA Size="normal">Betriebs- und Lagerausstattung planen und darstellen,</LA></DD><DT>h)</DT><DD Font="normal"><LA Size="normal">Chancen und Risiken betrieblicher Kooperation darstellen und beurteilen.</LA></DD></DL></LA></DD></DL></P><P>(4) Die Prüfung in Teil II ist schriftlich durchzuführen. Sie soll in jedem Handlungsfeld nicht länger als drei Stunden dauern. Eine Prüfungsdauer von sechs Stunden täglich darf nicht überschritten werden.</P><P>(5) Die Gesamtbewertung des Teils II wird aus dem arithmetischen Mittel der Einzelbewertungen der Handlungsfelder gemäß Absatz 2 gebildet.</P><P>(6) Wurden in höchstens zwei der in Absatz 2 genannten Handlungsfelder jeweils mindestens 30 und weniger als 50 Punkte erreicht, kann in einem dieser Handlungsfelder eine mündliche Ergänzungsprüfung durchgeführt werden, wenn diese das Bestehen des Teils II der Meisterprüfung ermöglicht.</P><P>(7) Mindestvoraussetzung für das Bestehen des Teils II der Meisterprüfung ist eine insgesamt ausreichende Prüfungsleistung. Die Prüfung des Teils II ist nicht bestanden, wenn <DL Type="arabic"><DT>1.</DT><DD Font="normal"><LA>ein Handlungsfeld mit weniger als 30 Punkten bewertet worden ist oder</LA></DD><DT>2.</DT><DD Font="normal"><LA>nach durchgeführter Ergänzungsprüfung zwei Handlungsfelder jeweils mit weniger als 50 Punkten bewertet worden sind.</LA></DD></DL></P></Content></text><fussnoten><Content><P>(+++ § 7 Abs. 6 u. 7: Zur Anwendung vgl. § 9 +++)</P></Content></fussnoten></textdaten></norm>
<norm builddate="20220201213034" doknr="BJNR261000005BJNE000902128"><metadaten><jurabk>AugOptMstrV</jurabk><enbez>§ 8</enbez><titel format="XML">Allgemeine Prüfungs- und Verfahrensregelungen, weitere Regelungen zur Meisterprüfung</titel></metadaten><textdaten><text format="XML"><Content><P>(1) Die Vorschriften der Meisterprüfungsverfahrensverordnung bleiben unberührt.</P><P>(2) Die Prüfung in den Teilen III und IV der Meisterprüfung bestimmt sich nach der Allgemeinen Meisterprüfungsverordnung vom 26. Oktober 2011 (BGBl. I S. 2149) in der jeweils geltenden Fassung.</P></Content></text><fussnoten/></textdaten></norm>
<norm builddate="20220201213034" doknr="BJNR261000005BJNE001001360"><metadaten><jurabk>AugOptMstrV</jurabk><enbez>§ 9</enbez><titel format="XML">Übergangsvorschrift</titel></metadaten><textdaten><text format="XML"><Content><P>Die Regelungen des § 7 Absatz 6 und 7 gelten nicht für die bis zum 31. Dezember 2011 begonnenen Prüfungsverfahren. Diese werden nach den bisherigen Vorschriften zu Ende geführt.</P></Content></text><fussnoten/></textdaten></norm>
<norm builddate="20220201213034" doknr="BJNR261000005BJNE001100000"><metadaten><jurabk>AugOptMstrV</jurabk><enbez>§ 10</enbez><titel format="parat">Inkrafttreten, Außerkrafttreten</titel></metadaten><textdaten><text format="XML"><Content><P>Diese Verordnung tritt am 1. Januar 2006 in Kraft.</P></Content></text><fussnoten/></textdaten></norm>
</dokumente>