<?xml version="1.0" encoding="UTF-8" ?><!DOCTYPE dokumente SYSTEM "http://www.gesetze-im-internet.de/dtd/1.01/gii-norm.dtd">
<dokumente builddate="20200406212510" doknr="BJNR007960965"><norm builddate="20200406212510" doknr="BJNR007960965"><metadaten><jurabk>UZwBwG</jurabk><amtabk>UZwGBw</amtabk><ausfertigung-datum manuell="ja">1965-08-12</ausfertigung-datum><fundstelle typ="amtlich"><periodikum>BGBl I</periodikum><zitstelle>1965, 796</zitstelle></fundstelle><langue>Gesetz über die Anwendung unmittelbaren Zwanges und die Ausübung besonderer Befugnisse durch Soldaten der Bundeswehr und verbündeter Streitkräfte sowie zivile Wachpersonen</langue><standangabe checked="ja"><standtyp>Stand</standtyp><standkommentar>Zuletzt geändert durch Art. 12 G v. 21.12.2007 I 3198</standkommentar></standangabe></metadaten><textdaten><fussnoten><Content><P><BR/> <pre xml:space="preserve">(+++ Textnachweis Geltung ab: 1.1.1975 +++)<BR/><BR/></pre>Überschrift: Langbezeichnung idF d. Art. 2 Nr. 1 G v. 11.9.1998 II 2405 mWv 23.9.1998</P></Content></fussnoten></textdaten></norm>
<norm builddate="20200406212510" doknr="BJNR007960965BJNE000500311"><metadaten><jurabk>UZwBwG</jurabk><jurabk>UZwGBw</jurabk><enbez>Eingangsformel</enbez></metadaten><textdaten><text format="XML"><Content><P>Der Bundestag hat mit Zustimmung des Bundesrates das folgende Gesetz beschlossen:</P></Content></text></textdaten></norm>
<norm builddate="20200406212510" doknr="BJNR007960965BJNG000100311"><metadaten><jurabk>UZwBwG</jurabk><jurabk>UZwGBw</jurabk><gliederungseinheit><gliederungskennzahl>010</gliederungskennzahl><gliederungsbez>1. Abschnitt</gliederungsbez><gliederungstitel>Allgemeine Vorschriften</gliederungstitel></gliederungseinheit></metadaten><textdaten><text format="XML"><Content><P/></Content></text></textdaten></norm>
<norm builddate="20200406212510" doknr="BJNR007960965BJNE000601301"><metadaten><jurabk>UZwBwG</jurabk><jurabk>UZwGBw</jurabk><enbez>§ 1</enbez><titel format="parat">Berechtigte Personen</titel></metadaten><textdaten><text format="XML"><Content><P>(1) Soldaten der Bundeswehr, denen militärische Wach- oder Sicherheitsaufgaben übertragen sind, sind befugt, in rechtmäßiger Erfüllung dieser Aufgaben nach den Vorschriften dieses Gesetzes Personen anzuhalten, zu überprüfen, vorläufig festzunehmen und zu durchsuchen, Sachen sicherzustellen und zu beschlagnahmen und unmittelbaren Zwang gegen Personen und Sachen anzuwenden.</P><P>(2) Soldaten verbündeter Streitkräfte, die im Einzelfall mit der Wahrnehmung militärischer Wach- oder Sicherheitsaufgaben betraut werden können, unterstehen vom Bundesminister der Verteidigung bestimmten und diesem für die Wahrnehmung des Wach- oder Sicherheitsdienstes verantwortlichen Vorgesetzten; sie können dann die Befugnisse nach diesem Gesetz ausüben.</P><P>(3) Wer, ohne Soldat zu sein, mit militärischen Wachaufgaben der Bundeswehr beauftragt ist (zivile Wachperson), hat in rechtmäßiger Erfüllung dieser Aufgaben die Befugnisse nach diesem Gesetz, soweit sie ihm durch das Bundesministerium der Verteidigung oder eine von diesem bestimmte Stelle übertragen werden. Zivile Wachpersonen, denen Befugnisse nach diesem Gesetz übertragen werden, müssen daraufhin überprüft werden, ob sie persönlich zuverlässig, körperlich geeignet und im Wachdienst ausreichend vorgebildet sind sowie gute Kenntnisse der Befugnisse nach diesem Gesetz besitzen. Sie sollen das 20. Lebensjahr vollendet und das 65. Lebensjahr nicht überschritten haben.</P></Content>  </text><fussnoten/></textdaten></norm>
<norm builddate="20200406212510" doknr="BJNR007960965BJNE000701301"><metadaten><jurabk>UZwBwG</jurabk><jurabk>UZwGBw</jurabk><enbez>§ 2</enbez><titel format="parat">Militärische Bereiche und Sicherheitsbereiche</titel></metadaten><textdaten><text format="XML"><Content><P>(1) Militärische Bereiche im Sinne dieses Gesetzes sind Anlagen, Einrichtungen und Schiffe der Bundeswehr und der verbündeten Streitkräfte in der Bundesrepublik.</P><P>(2) Militärische Sicherheitsbereiche im Sinne dieses Gesetzes sind militärische Bereiche (Absatz 1), deren Betreten durch die zuständigen Dienststellen verboten worden ist, und sonstige Örtlichkeiten, die das Bundesministerium der Verteidigung oder eine von ihm bestimmte Stelle vorübergehend gesperrt hat. Sonstige Örtlichkeiten dürfen vorübergehend gesperrt werden, wenn dies aus Gründen der militärischen Sicherheit zur Erfüllung dienstlicher Aufgaben der Bundeswehr unerläßlich ist; die nächst erreichbare Polizeidienststelle ist hiervon unverzüglich zu unterrichten. Militärische Sicherheitsbereiche müssen entsprechend gekennzeichnet werden.</P><P>(3) Die zuständigen Dienststellen der Bundeswehr können zur Wahrung der Sicherheit oder Ordnung in militärischen Sicherheitsbereichen für das Verhalten von Personen allgemeine Anordnungen erlassen und die nach diesem Gesetz befugten Personen ermächtigen, Einzelweisungen zu erteilen.</P></Content>  </text><fussnoten/></textdaten></norm>
<norm builddate="20200406212510" doknr="BJNR007960965BJNE000800311"><metadaten><jurabk>UZwBwG</jurabk><jurabk>UZwGBw</jurabk><enbez>§ 3</enbez><titel format="parat">Straftaten gegen die Bundeswehr</titel></metadaten><textdaten><text format="XML"><Content><P>(1) Straftaten gegen die Bundeswehr im Sinne dieses Gesetzes sind Straftaten gegen <DL Font="normal" Type="arabic"><DT>1.</DT><DD Font="normal"><LA Size="normal">Angehörige der Bundeswehr, zivile Wachpersonen oder Angehörige der verbündeten Streitkräfte<DL Font="normal" Type="arabic"><DT>a)</DT><DD Font="normal"><LA Size="normal">während der rechtmäßigen Ausübung ihres Dienstes, wenn die Handlungen die Ausübung des Dienstes stören oder tätliche Angriffe sind,</LA></DD> <DT>b)</DT><DD Font="normal"><LA Size="normal">während ihres Aufenthalts in militärischen Bereichen oder Sicherheitsbereichen (§ 2), wenn die Handlungen tätliche Angriffe sind,</LA></DD> </DL></LA></DD> <DT>2.</DT><DD Font="normal"><LA Size="normal">militärische Bereiche oder Gegenstände der Bundeswehr oder der verbündeten Streitkräfte in der Bundesrepublik,</LA></DD> <DT>3.</DT><DD Font="normal"><LA Size="normal">die militärische Geheimhaltung in der Bundeswehr oder in den verbündeten Streitkräften.</LA></DD> </DL> </P><P>(2) Angehörige der verbündeten Streitkräfte im Sinne des Absatzes 1 sind Soldaten sowie Beamte und mit militärischen Aufgaben, insbesondere mit Wach- oder Sicherheitsaufgaben beauftragte sonstige Zivilbedienstete der verbündeten Streitkräfte in der Bundesrepublik.</P></Content></text><fussnoten/></textdaten></norm>
<norm builddate="20200406212510" doknr="BJNR007960965BJNG000200311"><metadaten><jurabk>UZwBwG</jurabk><jurabk>UZwGBw</jurabk><gliederungseinheit><gliederungskennzahl>020</gliederungskennzahl><gliederungsbez>2. Abschnitt</gliederungsbez><gliederungstitel>Anhalten, Personenüberprüfung,
vorläufige Festnahme, Durchsuchung, Beschlagnahme und
Voraussetzungen des unmittelbaren Zwanges</gliederungstitel></gliederungseinheit></metadaten><textdaten><text format="XML"><Content><P/></Content></text></textdaten></norm>
<norm builddate="20200406212510" doknr="BJNR007960965BJNE000900311"><metadaten><jurabk>UZwBwG</jurabk><jurabk>UZwGBw</jurabk><enbez>§ 4</enbez><titel format="parat">Anhalten und Personenüberprüfung</titel></metadaten><textdaten><text format="XML"><Content><P>(1) Zur Feststellung seiner Person und seiner Berechtigung zum Aufenthalt in einem militärischen Sicherheitsbereich (§ 2 Abs. 2) kann angehalten und überprüft werden, wer <DL Font="normal" Type="arabic"><DT>1.</DT><DD Font="normal"><LA Size="normal">sich in einem solchen Bereich aufhält,</LA></DD> <DT>2.</DT><DD Font="normal"><LA Size="normal">einen solchen Bereich betreten oder verlassen will.</LA></DD> </DL> </P><P>(2) Angehalten und überprüft werden kann auch, wer unmittelbar nach dem Verlassen des militärischen Sicherheitsbereichs oder dem Versuch, ihn zu betreten, verfolgt wird, wenn den Umständen nach anzunehmen ist, daß er nicht berechtigt ist, sich in diesem Bereich aufzuhalten.</P></Content></text></textdaten></norm>
<norm builddate="20200406212510" doknr="BJNR007960965BJNE001000311"><metadaten><jurabk>UZwBwG</jurabk><jurabk>UZwGBw</jurabk><enbez>§ 5</enbez><titel format="parat">Weitere Personenüberprüfung</titel></metadaten><textdaten><text format="XML"><Content><P>(1) Wer nach § 4 der Personenüberprüfung unterliegt, kann zum Wachvorgesetzten oder zur nächsten Dienststelle der Bundeswehr gebracht werden, wenn <DL Font="normal" Type="arabic"><DT>1.</DT><DD Font="normal"><LA Size="normal">seine Person oder Aufenthaltsberechtigung nicht sofort festgestellt werden kann oder</LA></DD> <DT>2.</DT><DD Font="normal"><LA Size="normal">er einer Straftat gegen die Bundeswehr dringend verdächtigt ist und Gefahr im Verzug ist.</LA></DD> </DL> </P><P>(2) Wer nach Absatz 1 zum Wachvorgesetzten oder zu einer Dienststelle der Bundeswehr gebracht worden ist, ist sofort zu überprüfen. Er darf nur weiter festgehalten werden, wenn die Voraussetzungen der vorläufigen Festnahme vorliegen und die Festnahme erklärt wird; andernfalls ist er sofort freizulassen.</P></Content></text></textdaten></norm>
<norm builddate="20200406212510" doknr="BJNR007960965BJNE001100311"><metadaten><jurabk>UZwBwG</jurabk><jurabk>UZwGBw</jurabk><enbez>§ 6</enbez><titel format="parat">Vorläufige Festnahme</titel></metadaten><textdaten><text format="XML"><Content><P>(1) Wer nach § 5 zum Wachvorgesetzten oder zu einer Dienststelle der Bundeswehr gebracht worden ist und einer Straftat gegen die Bundeswehr dringend verdächtigt ist, kann bei Gefahr im Verzug vom Wachvorgesetzten oder vom Leiter der Dienststelle oder dessen Beauftragten vorläufig festgenommen werden, wenn die Voraussetzungen eines Haftbefehls oder eines Unterbringungsbefehls nach der Strafprozeßordnung vorliegen.</P><P>(2) Der Festgenommene ist, sofern er nicht wieder in Freiheit gesetzt wird, unverzüglich der Polizei zu überstellen. Er kann unmittelbar dem Amtsrichter des Bezirks, in dem er festgenommen worden ist, vorgeführt werden, wenn die Frist nach § 128 Abs. 1 Strafprozeßordnung abzulaufen droht oder wenn dies aus Gründen besonderer militärischer Geheimhaltung geboten ist.</P></Content> </text></textdaten></norm>
<norm builddate="20200406212510" doknr="BJNR007960965BJNE001201310"><metadaten><jurabk>UZwBwG</jurabk><jurabk>UZwGBw</jurabk><enbez>§ 7</enbez><titel format="XML">Durchsuchung und Beschlagnahme bei Personenüberprüfung</titel></metadaten><textdaten><text format="XML"><Content><P>(1) Wer nach § 4 der Personenüberprüfung unterliegt, kann bei Gefahr im Verzug durchsucht werden, wenn gegen ihn der Verdacht einer Straftat gegen die Bundeswehr besteht und zu vermuten ist, daß die Durchsuchung zur Auffindung von Beweismitteln führen werde. Die von einer solchen Person mitgeführten Gegenstände können gleichfalls durchsucht werden.</P><P>(2) Im Gewahrsam einer durchsuchten Person stehende Gegenstände können sichergestellt oder vorläufig beschlagnahmt werden, wenn sie durch eine vorsätzliche Straftat gegen die Bundeswehr hervorgebracht oder zur Begehung einer solchen Straftat geeignet sind oder als Beweismittel für die Untersuchung von Bedeutung sein können. Die Vorschriften der §§ 96, 97 und 110 Abs. 1 und 2 der Strafprozeßordnung sind anzuwenden.</P><P>(3) Sichergestellte oder beschlagnahmte Gegenstände sind unverzüglich, spätestens binnen drei Tagen, der Polizei oder der Staatsanwaltschaft zu übergeben. Die Pflicht zur Weitergabe dieser Gegenstände entfällt, wenn sie der überprüften Person vor Ablauf der Frist zurückgegeben oder zur Verfügung gestellt werden. Gleiches gilt, wenn über diese Gegenstände der Bund oder die verbündeten Streitkräfte in der Bundesrepublik zu verfügen haben. In diesem Fall ist der Polizei oder der Staatsanwaltschaft ein Verzeichnis dieser Gegenstände zu übersenden.</P></Content></text><fussnoten/></textdaten></norm>
<norm builddate="20200406212510" doknr="BJNR007960965BJNE001301301"><metadaten><jurabk>UZwBwG</jurabk><jurabk>UZwGBw</jurabk><enbez>§ 8</enbez><titel format="parat">Allgemeine Anordnung von Durchsuchungen</titel></metadaten><textdaten><text format="XML"><Content><P>(1) Wenn es aus Gründen militärischer Sicherheit unerläßlich ist, kann das Bundesministerium der Verteidigung oder die von ihm bestimmte Stelle allgemein anordnen, daß Personen, die bestimmte militärische Sicherheitsbereiche (§ 2 Abs. 2) betreten oder verlassen, und die von ihnen mitgeführten Gegenstände durchsucht werden.</P><P>(2) Eine Anordnung nach Absatz 1 darf nur zur Feststellung von Gegenständen getroffen werden, die durch ein vorsätzliches Verbrechen oder Vergehen gegen die Bundeswehr hervorgebracht oder zur Begehung einer solchen Straftat geeignet sind oder als Beweismittel für die Untersuchung von Bedeutung sein können.</P><P>(3) § 7 Abs. 2 und 3 gilt entsprechend.</P></Content>  </text><fussnoten/></textdaten></norm>
<norm builddate="20200406212510" doknr="BJNR007960965BJNE001400311"><metadaten><jurabk>UZwBwG</jurabk><jurabk>UZwGBw</jurabk><enbez>§ 9</enbez><titel format="parat">Voraussetzungen des unmittelbaren Zwanges</titel></metadaten><textdaten><text format="XML"><Content><P>Unmittelbarer Zwang darf nach Maßgabe der Vorschriften des 3. Abschnitts nur angewandt werden, wenn dies den Umständen nach erforderlich ist und geschieht, <DL Font="normal" Type="arabic"><DT>1.</DT><DD Font="normal"><LA Size="normal">um die unmittelbar bevorstehende Ausführung oder die Fortsetzung einer Straftat gegen die Bundeswehr zu verhindern,</LA></DD> <DT>2.</DT><DD Font="normal"><LA Size="normal">um sonstige rechtswidrige Störungen der dienstlichen Tätigkeit der Bundeswehr zu beseitigen, wenn sie die Einsatzbereitschaft, Schlagkraft oder Sicherheit der Truppe gefährden,</LA></DD> <DT>3.</DT><DD Font="normal"><LA Size="normal">um eine nach diesem Gesetz zulässige Maßnahme oder eine vorläufige Festnahme nach § 127 Abs. 1 der Strafprozeßordnung wegen einer Straftat gegen die Bundeswehr zu erzwingen.</LA></DD> </DL></P></Content></text></textdaten></norm>
<norm builddate="20200406212510" doknr="BJNR007960965BJNG000300311"><metadaten><jurabk>UZwBwG</jurabk><jurabk>UZwGBw</jurabk><gliederungseinheit><gliederungskennzahl>030</gliederungskennzahl><gliederungsbez>3. Abschnitt</gliederungsbez><gliederungstitel>Anwendung des unmittelbaren Zwanges</gliederungstitel></gliederungseinheit></metadaten><textdaten><text format="XML"><Content><P/></Content></text></textdaten></norm>
<norm builddate="20200406212510" doknr="BJNR007960965BJNE001500311"><metadaten><jurabk>UZwBwG</jurabk><jurabk>UZwGBw</jurabk><enbez>§ 10</enbez><titel format="parat">Einzelmaßnahmen des unmittelbaren Zwanges</titel></metadaten><textdaten><text format="XML"><Content><P>(1) Unmittelbarer Zwang ist die Einwirkung auf Personen oder Sachen durch körperliche Gewalt, ihre Hilfsmittel und durch Waffen.</P><P>(2) Körperliche Gewalt ist jede unmittelbare körperliche Einwirkung auf Personen oder Sachen.</P><P>(3) Hilfsmittel der körperlichen Gewalt sind insbesondere Fesseln, technische Sperren und Dienstfahrzeuge.</P><P>(4) Waffen sind die dienstlich zugelassenen Hieb- und Schußwaffen, Reizstoffe und Explosivmittel.</P></Content>   </text></textdaten></norm>
<norm builddate="20200406212510" doknr="BJNR007960965BJNE001600311"><metadaten><jurabk>UZwBwG</jurabk><jurabk>UZwGBw</jurabk><enbez>§ 11</enbez><titel format="parat">Androhung der Maßnahmen des unmittelbaren Zwanges</titel></metadaten><textdaten><text format="XML"><Content><P>Die Anwendung einer Maßnahme des unmittelbaren Zwanges ist anzudrohen, außer wenn es die Lage nicht zuläßt.</P></Content></text></textdaten></norm>
<norm builddate="20200406212510" doknr="BJNR007960965BJNE001700311"><metadaten><jurabk>UZwBwG</jurabk><jurabk>UZwGBw</jurabk><enbez>§ 12</enbez><titel format="parat">Grundsatz der Verhältnismäßigkeit</titel></metadaten><textdaten><text format="XML"><Content><P>(1) Bei der Anwendung unmittelbaren Zwanges ist von mehreren möglichen und geeigneten Maßnahmen diejenige zu treffen, die den einzelnen und die Allgemeinheit am wenigsten beeinträchtigt.</P><P>(2) Eine Maßnahme des unmittelbaren Zwanges darf nicht durchgeführt werden, wenn der durch sie zu erwartende Schaden erkennbar außer Verhältnis zu dem beabsichtigten Erfolg steht. Die Maßnahme darf nur so lange und so weit durchgeführt werden, wie ihr Zweck es erfordert.</P></Content> </text></textdaten></norm>
<norm builddate="20200406212510" doknr="BJNR007960965BJNE001800311"><metadaten><jurabk>UZwBwG</jurabk><jurabk>UZwGBw</jurabk><enbez>§ 13</enbez><titel format="parat">Hilfeleistung für Verletzte</titel></metadaten><textdaten><text format="XML"><Content><P>Wird unmittelbarer Zwang angewandt, ist Verletzten, soweit es nötig ist und die Lage es zuläßt, beizustehen und ärztliche Hilfe zu verschaffen.</P></Content></text></textdaten></norm>
<norm builddate="20200406212510" doknr="BJNR007960965BJNE001900311"><metadaten><jurabk>UZwBwG</jurabk><jurabk>UZwGBw</jurabk><enbez>§ 14</enbez><titel format="parat">Fesselung von Personen</titel></metadaten><textdaten><text format="XML"><Content><P>Wer der weiteren Überprüfung nach § 5 Abs. 1 unterliegt oder vorläufig festgenommen worden ist, darf gefesselt werden, wenn <DL Font="normal" Type="arabic"><DT>1.</DT><DD Font="normal"><LA Size="normal">die Gefahr besteht, daß er Personen angreift, oder wenn er Widerstand leistet,</LA></DD> <DT>2.</DT><DD Font="normal"><LA Size="normal">er zu fliehen versucht, oder wenn bei Würdigung aller Tatsachen, besonders der persönlichen Verhältnisse, die einer Flucht entgegenstehen, zu befürchten ist, daß er sich aus dem Gewahrsam befreien wird,</LA></DD> <DT>3.</DT><DD Font="normal"><LA Size="normal">Selbstmordgefahr besteht.</LA></DD> </DL></P></Content></text></textdaten></norm>
<norm builddate="20200406212510" doknr="BJNR007960965BJNE002000311"><metadaten><jurabk>UZwBwG</jurabk><jurabk>UZwGBw</jurabk><enbez>§ 15</enbez><titel format="parat">Schußwaffengebrauch gegen Personen</titel></metadaten><textdaten><text format="XML"><Content><P>(1) Schußwaffen dürfen gegen einzelne Personen nur gebraucht werden, wenn dies den Umständen nach erforderlich ist und geschieht, <DL Font="normal" Type="arabic"><DT>1.</DT><DD Font="normal"><LA Size="normal">um die unmittelbar bevorstehende Ausführung oder die Fortsetzung einer Straftat gegen die Bundeswehr zu verhindern, die sich darstellt als<DL Font="normal" Type="arabic"><DT>a)</DT><DD Font="normal"><LA Size="normal">Verbrechen,</LA></DD> <DT>b)</DT><DD Font="normal"><LA Size="normal">Vergehen, das unter Anwendung oder Mitführung von Schußwaffen oder Explosivmitteln begangen werden soll oder ausgeführt wird,</LA></DD> <DT>c)</DT><DD Font="normal"><LA Size="normal">tätlicher Angriff gegen Leib oder Leben von Angehörigen der Bundeswehr, zivilen Wachpersonen oder Angehörigen der verbündeten Streitkräfte während der rechtmäßigen Ausübung ihres Dienstes oder ihres Aufenthalts in militärischen Bereichen oder Sicherheitsbereichen (§ 2),</LA></DD> <DT>d)</DT><DD Font="normal"><LA Size="normal">vorsätzliche unbefugte Zerstörung, Beschädigung, Veränderung, Unbrauchbarmachung oder Beseitigung eines Wehrmittels oder einer Anlage, einer Einrichtung oder eines Schiffes der Bundeswehr oder der verbündeten Streitkräfte, wenn dadurch die Sicherheit der Bundesrepublik Deutschland oder eines Entsendestaats einer verbündeten Streitkraft oder die Schlagkraft der deutschen oder der verbündeten Truppe oder Menschenleben gefährdet werden;</LA></DD> </DL></LA></DD> <DT>2.</DT><DD Font="normal"><LA Size="normal">um eine Person anzuhalten, die sich der Personenüberprüfung nach diesem Gesetz trotz wiederholter Weisung, zu halten oder diese Überprüfung zu dulden, durch Flucht zu entziehen sucht;</LA></DD> <DT>3.</DT><DD Font="normal"><LA Size="normal">um eine Person anzuhalten, die sich der vorläufigen Festnahme durch Flucht zu entziehen sucht, wenn sie bei einer Straftat im Sinne der Nummer 1 auf frischer Tat getroffen oder verfolgt wird;</LA></DD> <DT>4.</DT><DD Font="normal"><LA Size="normal">um eine Person an der Flucht zu hindern oder sofort wiederzuergreifen, die sich zur Personenüberprüfung nach § 5 oder wegen dringenden Verdachts einer Straftat im Sinne der Nummer 1 im Gewahrsam der Bundeswehr befindet oder befand.</LA></DD> </DL> </P><P>(2) Schußwaffen dürfen gegen eine Menschenmenge nur gebraucht werden, wenn von ihr oder aus ihr heraus Straftaten gegen die Bundeswehr unter Gewaltanwendung begangen werden oder solche Straftaten unmittelbar bevorstehen und Zwangsmaßnahmen gegen einzelne nicht zum Ziele führen oder offensichtlich keinen Erfolg versprechen.</P></Content></text></textdaten></norm>
<norm builddate="20200406212510" doknr="BJNR007960965BJNE002100311"><metadaten><jurabk>UZwBwG</jurabk><jurabk>UZwGBw</jurabk><enbez>§ 16</enbez><titel format="parat">Besondere Vorschriften für den Schußwaffengebrauch</titel></metadaten><textdaten><text format="XML"><Content><P>(1) Schußwaffen dürfen nur gebraucht werden, wenn andere Maßnahmen des unmittelbaren Zwanges erfolglos angewandt sind oder offensichtlich keinen Erfolg versprechen. Gegen Personen ist ihr Gebrauch nur zulässig, wenn der Zweck nicht durch Waffenwirkung gegen Sachen erreicht wird oder offensichtlich keinen Erfolg verspricht.</P><P>(2) Zweck des Schußwaffengebrauchs darf nur sein, angriffs- oder fluchtunfähig zu machen. Es ist verboten, zu schießen, wenn durch den Schußwaffengebrauch für den Handelnden erkennbar Unbeteiligte mit hoher Wahrscheinlichkeit gefährdet werden, außer wenn es sich beim Einschreiten gegen eine Menschenmenge (§ 15 Abs. 2) nicht vermeiden läßt.</P><P>(3) Gegen Personen, die sich dem äußeren Eindruck nach im Kindesalter befinden, dürfen Schußwaffen nicht gebraucht werden.</P></Content>  </text></textdaten></norm>
<norm builddate="20200406212510" doknr="BJNR007960965BJNE002200311"><metadaten><jurabk>UZwBwG</jurabk><jurabk>UZwGBw</jurabk><enbez>§ 17</enbez><titel format="parat">Androhung des Schußwaffengebrauchs</titel></metadaten><textdaten><text format="XML"><Content><P>(1) Der Gebrauch von Schußwaffen ist anzudrohen. Als Androhung gilt auch die Abgabe eines Warnschusses. Einer Menschenmenge gegenüber ist die Androhung zu wiederholen.</P><P>(2) Schußwaffen dürfen ohne Androhung nur in den Fällen des § 15 Abs. 1 Nr. 1 Buchstaben a bis c und nur dann gebraucht werden, wenn der sofortige Gebrauch ohne Androhung das einzige Mittel ist, um eine Gefahr für Leib oder Leben eines Menschen oder die Gefahr eines besonders schweren Nachteils für Anlagen, Einrichtungen, Schiffe oder Wehrmittel der Bundeswehr oder der verbündeten Streitkräfte von bedeutendem Wert oder für die Sicherheit der Bundesrepublik Deutschland abzuwenden.</P></Content> </text></textdaten></norm>
<norm builddate="20200406212510" doknr="BJNR007960965BJNE002300311"><metadaten><jurabk>UZwBwG</jurabk><jurabk>UZwGBw</jurabk><enbez>§ 18</enbez><titel format="parat">Explosivmittel</titel></metadaten><textdaten><text format="XML"><Content><P>Die Vorschriften der §§ 15 bis 17 gelten entsprechend für den Gebrauch von Explosivmitteln.</P></Content></text></textdaten></norm>
<norm builddate="20200406212510" doknr="BJNR007960965BJNG000400311"><metadaten><jurabk>UZwBwG</jurabk><jurabk>UZwGBw</jurabk><gliederungseinheit><gliederungskennzahl>040</gliederungskennzahl><gliederungsbez>4. Abschnitt</gliederungsbez><gliederungstitel>Schlußvorschriften</gliederungstitel></gliederungseinheit></metadaten><textdaten><text format="XML"><Content><P/></Content></text></textdaten></norm>
<norm builddate="20200406212510" doknr="BJNR007960965BJNE002400311"><metadaten><jurabk>UZwBwG</jurabk><jurabk>UZwGBw</jurabk><enbez>§ 19</enbez><titel format="XML">Einschränkung von Grundrechten</titel></metadaten><textdaten><text format="XML"><Content><P>Die in Artikel 2 Abs. 2 Satz 1 und 2 des Grundgesetzes für die Bundesrepublik Deutschland geschützten Grundrechte auf Leben, körperliche Unversehrtheit und Freiheit der Person werden nach Maßgabe dieses Gesetzes eingeschränkt.</P></Content></text></textdaten></norm>
<norm builddate="20200406212510" doknr="BJNR007960965BJNE002501301"><metadaten><jurabk>UZwBwG</jurabk><jurabk>UZwGBw</jurabk><enbez>§ 20</enbez><titel format="parat">Entschädigung bei Sperrung sonstiger Örtlichkeiten</titel></metadaten><textdaten><text format="XML"><Content><P>(1) Wird durch die vorübergehende Sperrung einer sonstigen Örtlichkeit nach § 2 Abs. 2 Satz 2 die gewöhnliche Nutzung des betroffenen Grundstücks derart beeinträchtigt, daß dadurch eine Ertragsminderung oder ein sonstiger Nutzungsausfall verursacht wird, so ist eine Entschädigung in Geld zu gewähren, die diesen Nachteil angemessen ausgleicht.</P><P>(2) Für die Entschädigung nach Absatz 1 gelten die Vorschriften des § 23 Abs. 4, des § 29, des § 32 Abs. 2 und der §§ 34, 49, 58, 61, 62, 64 und 65 des Bundesleistungsgesetzes in der im Bundesgesetzblatt Teil III, Gliederungsnummer 54-1, veröffentlichten bereinigten Fassung, zuletzt geändert durch Artikel 12 Abs. 33 des Postneuordnungsgesetzes vom 14. September 1994 (BGBl. I S 2325), entsprechend mit der Maßgabe, daß an die Stelle der Anforderungsbehörde die Wehrbereichsverwaltung tritt, in deren Wehrbereich das Grundstück belegen ist. § 58 Abs. 2 gilt mit der Maßgabe, daß das Landgericht, in dessen Bezirk das Grundstück belegen ist, örtlich ausschließlich zuständig ist.</P></Content> </text><fussnoten/></textdaten></norm>
<norm builddate="20200406212510" doknr="BJNR007960965BJNE002600311"><metadaten><jurabk>UZwBwG</jurabk><jurabk>UZwGBw</jurabk><enbez>§ 21</enbez><titel format="parat">Inkrafttreten</titel></metadaten><textdaten><text format="XML"><Content><P>Dieses Gesetz tritt drei Monate nach seiner Verkündung in Kraft.</P></Content></text></textdaten></norm>
</dokumente>