<?xml version="1.0" encoding="UTF-8" ?><!DOCTYPE dokumente SYSTEM "http://www.gesetze-im-internet.de/dtd/1.01/gii-norm.dtd">
<dokumente builddate="20120625154432" doknr="BJNR168600005"><norm builddate="20120625154432" doknr="BJNR168600005"><metadaten><jurabk>FStrPrivFinBestV 2005</jurabk><amtabk>FStrPrivFinBestV</amtabk><ausfertigung-datum manuell="ja">2005-06-20</ausfertigung-datum><fundstelle typ="amtlich"><periodikum>BGBl I</periodikum><zitstelle>2005, 1686</zitstelle></fundstelle><kurzue>Fernstraßenbauprivatfinanzierungs-Bestimmungsverordnung</kurzue><langue>Verordnung zur Bestimmung von privatfinanzierten Abschnitten von
Bundesfernstraßen</langue></metadaten><textdaten><text format="XML"><Content><P/></Content></text><fussnoten><Content><P><BR/> <pre xml:space="preserve">(+++ Textnachweis ab: 25. 6.2005 +++)<BR/><BR/></pre></P></Content></fussnoten></textdaten></norm>
<norm builddate="20120625154432" doknr="BJNR168600005BJNE000100000"><metadaten><jurabk>FStrPrivFinBestV 2005</jurabk><jurabk>FStrPrivFinBestV</jurabk><enbez>Eingangsformel</enbez></metadaten><textdaten><text format="XML"><Content><P>Auf Grund des § 3 Abs. 1 Satz 2 des Fernstraßenbauprivatfinanzierungsgesetzes in der Fassung der Bekanntmachung vom 20. Januar 2003 (BGBl. I S. 98) verordnet das Bundesministerium für Verkehr, Bau- und Wohnungswesen im Einvernehmen mit den Landesregierungen der Länder Mecklenburg-Vorpommern und Schleswig-Holstein:</P></Content></text></textdaten></norm>
<norm builddate="20120625154432" doknr="BJNR168600005BJNE000200000"><metadaten><jurabk>FStrPrivFinBestV 2005</jurabk><jurabk>FStrPrivFinBestV</jurabk><enbez>§ 1</enbez><titel format="parat">Bestimmung privatfinanzierter Abschnitte von Bundesfernstraßen</titel></metadaten><textdaten><text format="XML"><Content><P>Die in der Anlage bezeichneten Abschnitte von Bundesfernstraßen werden als Strecken festgelegt, die nach Maßgabe des Fernstraßenbauprivatfinanzierungsgesetzes und der übrigen zu diesem Gesetz ergangenen Rechtsverordnungen gebaut, erhalten, betrieben und finanziert werden sollen (Privatfinanzierte Abschnitte von Bundesfernstraßen).</P></Content></text></textdaten></norm>
<norm builddate="20120625154432" doknr="BJNR168600005BJNE000300000"><metadaten><jurabk>FStrPrivFinBestV 2005</jurabk><jurabk>FStrPrivFinBestV</jurabk><enbez>§ 2</enbez><titel format="parat">Inkrafttreten, Außerkrafttreten</titel></metadaten><textdaten><text format="XML"><Content><P>Diese Verordnung tritt am Tage nach der Verkündung in Kraft.</P></Content></text><fussnoten/></textdaten></norm>
<norm builddate="20120625154432" doknr="BJNR168600005BJNE000400000"><metadaten><jurabk>FStrPrivFinBestV 2005</jurabk><jurabk>FStrPrivFinBestV</jurabk><enbez>Anlage</enbez><titel format="XML">(zu § 1)
<BR/>
Privatfinanzierte Abschnitte von Bundesfernstraßen</titel></metadaten><textdaten><text format="XML"><Content><P><ABWFORMAT typ="A"/><kommentar typ="Fundstelle">Fundstelle des Originaltextes: BGBl. I 2005, 1686</kommentar> <BR/><table frame="all" tocentry="%yes;">
	<tgroup align="left" char="" charoff="50" cols="4" colsep="1" rowsep="1">
		<colspec colname="col1" colnum="1" colwidth="10*"/>
		<colspec colname="col2" colnum="2" colwidth="30*"/>
		<colspec colname="col3" colnum="3" colwidth="40*"/>
		<colspec colname="col4" colnum="4" colwidth="30*"/>
		<thead valign="bottom">
			<row>
				<entry VJ="1" align="center" colsep="0" valign="top">lfd Nr.</entry>
				<entry VJ="1" align="center" colsep="0" valign="top">Bezeichnung</entry>
				<entry VJ="1" align="center" colsep="0" valign="top">Streckenabschnitt</entry>
				<entry VJ="1" align="center" colsep="0" valign="top">Bundesland</entry>
			</row>
		</thead>
		<tbody valign="top">
			<row>
				<entry VJ="1" align="center" colsep="0" valign="top">1</entry>
				<entry VJ="1" align="left" colsep="0" valign="top">Warnow-Tunnel (im Stadtgebiet der Hansestadt Rostock)</entry>
				<entry VJ="1" align="left" colsep="0" valign="top">Bundesstraße B 103n zwischen Straßenkilometer 1+040 und Straßenkilometer 3+160</entry>
				<entry VJ="1" align="left" colsep="0" valign="top">Mecklenburg-Vorpommern</entry>
			</row>
			<row>
				<entry VJ="1" align="center" colsep="0" valign="top">2</entry>
				<entry VJ="1" align="left" colsep="0" valign="top">Herrentunnel (im Stadtgebiet der Hansestadt Lübeck)</entry>
				<entry VJ="1" align="left" colsep="0" valign="top">Bundesstraße B 104 zwischen Straßenkilometer 6+034,11 westlich der Trave und Straßenkilometer 8+051,08 östlich der Trave</entry>
				<entry VJ="1" align="left" colsep="0" valign="top">Schleswig-Holstein</entry>
			</row>
		</tbody>
	</tgroup>
</table> </P></Content></text></textdaten></norm>
</dokumente>