<?xml version="1.0" encoding="UTF-8" ?><!DOCTYPE dokumente SYSTEM "http://www.gesetze-im-internet.de/dtd/1.01/gii-norm.dtd">
<dokumente builddate="20220824213004" doknr="BJNR015050974"><norm builddate="20220824213004" doknr="BJNR015050974"><metadaten><jurabk>UBAG</jurabk><ausfertigung-datum manuell="ja">1974-07-22</ausfertigung-datum><fundstelle typ="amtlich"><periodikum>BGBl I</periodikum><zitstelle>1974, 1505</zitstelle></fundstelle><langue>Gesetz über die Errichtung eines Umweltbundesamtes</langue><standangabe checked="ja"><standtyp>Stand</standtyp><standkommentar>Zuletzt geändert durch Art. 17 G v. 24.6.2022 I 959</standkommentar></standangabe></metadaten><textdaten><fussnoten><Content><P>(+++ Textnachweis ab: 25.7.1974 +++)</P></Content></fussnoten></textdaten></norm>
<norm builddate="20220824213004" doknr="BJNR015050974BJNE000106116"><metadaten><jurabk>UBAG</jurabk><enbez>§ 1</enbez></metadaten><textdaten><text format="XML"><Content><P>(1) Im Geschäftsbereich des Bundesministeriums für Umwelt, Naturschutz nukleare Sicherheit und Verbraucherschutz ist eine selbständige Bundesoberbehörde unter der Bezeichnung &quot;Umweltbundesamt&quot; errichtet.</P><P>(2) Das Umweltbundesamt hat seinen Sitz in Dessau.</P><P>(2a) (weggefallen)</P></Content></text><fussnoten/></textdaten></norm>
<norm builddate="20220824213004" doknr="BJNR015050974BJNE000205116"><metadaten><jurabk>UBAG</jurabk><enbez>§ 2</enbez></metadaten><textdaten><text format="XML"><Content><P>(1) Das Umweltbundesamt erledigt in eigener Zuständigkeit Verwaltungsaufgaben auf dem Gebiet der Umwelt, der gesundheitlichen Belange des Umweltschutzessowie des Verbraucherschutzes und der Verbraucherrechtsdurchsetzung, die ihm durch dieses Gesetz oder andere Bundesgesetze zugewiesen werden. Das Umweltbundesamt hat insbesondere folgende Aufgaben: <DL Font="normal" Type="arabic"><DT>1.</DT><DD Font="normal"><LA Size="normal">Wissenschaftliche Unterstützung des Bundesministeriums Umwelt, Naturschutz nukleare Sicherheit und Verbraucherschutz in allen Angelegenheiten des Immissions- und Bodenschutzes, der Abfall- und Wasserwirtschaft, der gesundheitlichen Belange des Umweltschutzes, insbesondere bei der Erarbeitung von Rechts- und Verwaltungsvorschriften, bei der Erforschung und Entwicklung von Grundlagen für geeignete Maßnahmen sowie bei der Prüfung und Untersuchung von Verfahren und Einrichtungen.</LA></DD><DT>2.</DT><DD Font="normal"><LA Size="normal">Aufbau und Führung des Informationssystems zur Umweltplanung sowie einer zentralen Umweltdokumentation, Messung der großräumigen Luftbelastung, Aufklärung der Öffentlichkeit in Umweltfragen, Bereitstellung zentraler Dienste und Hilfen für die Ressortforschung und für die Koordinierung der Umweltforschung des Bundes, Unterstützung bei der Prüfung der Umweltverträglichkeit von Maßnahmen des Bundes.</LA></DD></DL></P><P>(2) Das Umweltbundesamt betreibt zur Erfüllung seiner Aufgaben wissenschaftliche Forschung auf den in Absatz 1 genannten Gebieten.</P><P>(3) Ferner können Verwaltungsaufgaben des Bundes auf den in Absatz 1 genannten Gebieten mit Zustimmung des Bundesministeriums für Umwelt, Naturschutz nukleare Sicherheit und Verbraucherschutz dem Umweltbundesamt zur Erledigung in eigener Zuständigkeit zugewiesen werden, sofern die Übertragung solcher Aufgaben auf andere Bundesbehörden durch Bundesgesetz zugelassen ist oder wird.</P><P>(4) Das Umweltbundesamt erledigt als beauftragte Behörde, soweit keine andere Zuständigkeit gesetzlich festgelegt ist, Verwaltungsaufgaben des Bundes auf den in Absatz 1 genannten Gebieten, mit deren Durchführung es vom Bundesministerium für Umwelt, Naturschutz nukleare Sicherheit und Verbraucherschutz oder mit seiner Zustimmung von der sachlich zuständigen obersten Bundesbehörde beauftragt wird.</P></Content></text><fussnoten/></textdaten></norm>
<norm builddate="20220824213004" doknr="BJNR015050974BJNE000304116"><metadaten><jurabk>UBAG</jurabk><enbez>§ 3</enbez></metadaten><textdaten><text format="XML"><Content><P>Soweit im Umweltbundesamt Aufgaben aus einem anderen Geschäftsbereich als dem des Bundesministeriums für Umwelt, Naturschutz nukleare Sicherheit und Verbraucherschutz erledigt werden, steht das fachliche Weisungsrecht der sachlich zuständigen obersten Bundesbehörde zu.</P></Content></text><fussnoten/></textdaten></norm>
<norm builddate="20220824213004" doknr="BJNR015050974BJNE000401310"><metadaten><jurabk>UBAG</jurabk><enbez>§ 4</enbez><titel format="XML">(weggefallen)</titel></metadaten><textdaten><text format="XML"><Content><P>-</P></Content></text><fussnoten/></textdaten></norm>
<norm builddate="20220824213004" doknr="BJNR015050974BJNE000501310"><metadaten><jurabk>UBAG</jurabk><enbez>§ 5</enbez><titel format="XML">(weggefallen)</titel></metadaten><textdaten><text format="XML"><Content><P>-</P></Content></text><fussnoten/></textdaten></norm>
</dokumente>