<?xml version="1.0" encoding="UTF-8" ?><!DOCTYPE dokumente SYSTEM "http://www.gesetze-im-internet.de/dtd/1.01/gii-norm.dtd">
<dokumente builddate="20240424214530" doknr="BJNR521230993"><norm builddate="20240424214530" doknr="BJNR521230993"><metadaten><jurabk>LuftVODV 135</jurabk><ausfertigung-datum manuell="ja">1993-10-21</ausfertigung-datum><fundstelle typ="amtlich"><periodikum>BAnz</periodikum><zitstelle>1993, Nr 212, 9967</zitstelle></fundstelle><fundstelle typ="amtlich"><periodikum>BAnz</periodikum><zitstelle>1993, 9967</zitstelle></fundstelle><langue>Hundertfünfunddreißigste Durchführungsverordnung zur Luftverkehrs-Ordnung (Festlegung von Flugverfahren für An- und Abflüge nach Instrumentenflugregeln zum und vom Verkehrsflughafen Lübeck-Blankensee)</langue></metadaten><textdaten><text format="decorated"/><fussnoten><Content><P>Wegen nicht darstellbarer Zeichen nur mit Überschrift aufgenommen.</P></Content></fussnoten></textdaten></norm>
</dokumente>