<?xml version="1.0" encoding="UTF-8" ?><!DOCTYPE dokumente SYSTEM "http://www.gesetze-im-internet.de/dtd/1.01/gii-norm.dtd">
<dokumente builddate="20240504215501" doknr="BJNR08D0A0024"><norm builddate="20240504215501" doknr="BJNR08D0A0024"><metadaten><jurabk>SoldSÜV</jurabk><amtabk>SoldSÜV</amtabk><ausfertigung-datum manuell="ja">2024-04-26</ausfertigung-datum><fundstelle typ="amtlich"><periodikum>BGBl. I</periodikum><zitstelle>2024, Nr. 141</zitstelle></fundstelle><kurzue>Soldatensicherheitsüberprüfungsverordnung</kurzue><langue>Verordnung zur intensivierten erweiterten Sicherheitsüberprüfung mit Sicherheitsermittlungen für Soldatinnen und Soldaten</langue></metadaten><textdaten><fussnoten><Content><P><BR/> <pre xml:space="preserve">(+++ Textnachweis ab: 3.5.2024 +++)<BR/><BR/></pre></P></Content></fussnoten></textdaten></norm>
<norm builddate="20240504215501" doknr="BJNR08D0A0024BJNE000100000"><metadaten><jurabk>SoldSÜV</jurabk><enbez>Eingangsformel</enbez></metadaten><textdaten><text format="XML"><Content><P>Auf Grund § 93 Absatz 4 des Soldatengesetzes, der durch Artikel 1 Nummer 3 Buchstabe b des Gesetzes vom 20. August 2021 (BGBl. I S. 3930) eingefügt worden ist, in Verbindung mit § 1 Absatz 2 des Zuständigkeitsanpassungsgesetzes vom 16. August 2002 (BGBl. I S. 3165) und dem Organisationserlass vom 8. Dezember 2021 (BGBl. I S. 5176) verordnet das Bundesministerium der Verteidigung im Einvernehmen mit dem Bundesministerium des Innern und für Heimat:</P></Content></text></textdaten></norm>
<norm builddate="20240504215501" doknr="BJNR08D0A0024BJNE000200000"><metadaten><jurabk>SoldSÜV</jurabk><enbez>§ 1</enbez><titel format="XML">Verwendungen mit besonders hohen Sicherheitsanforderungen</titel></metadaten><textdaten><text format="XML"><Content><P>Der intensivierten erweiterten Sicherheitsüberprüfung mit Sicherheitsermittlungen für Verwendungen mit besonders hohen Sicherheitsanforderungen nach § 3a des Soldatengesetzes haben sich Soldatinnen und Soldaten zu unterziehen, die <DL Type="arabic"><DT>1.</DT><DD Font="normal"><LA>als Kommandosoldatin, Kommandosoldat, Kampfschwimmerin oder Kampfschwimmer für Einsatzaufgaben der Spezialkräfte der Bundeswehr verwendet oder dazu ausgebildet werden,</LA></DD><DT>2.</DT><DD Font="normal"><LA>nach abgeschlossener Ausbildung für eine Verwendung im Sinne der Nummer 1 nicht entsprechend dieser Ausbildung verwendet werden, jedoch zum Erhalt der erworbenen Fähigkeiten, Fertigkeiten und Kenntnisse verpflichtet sind,</LA></DD><DT>3.</DT><DD Font="normal"><LA>für Computernetzwerkoperationen im Rahmen der Cyberverteidigung verwendet oder dazu ausgebildet werden,</LA></DD><DT>4.</DT><DD Font="normal"><LA>für die Entwicklung und Bereitstellung informationstechnischer Systeme und Verfahren für die Aufgaben nach Nummer 3 verwendet oder dazu ausgebildet werden oder</LA></DD><DT>5.</DT><DD Font="normal"><LA>für die Aus- und Fortbildung für Computernetzwerkoperationen im Rahmen der Cyberverteidigung verwendet oder dazu ausgebildet werden.</LA></DD></DL></P></Content></text></textdaten></norm>
<norm builddate="20240504215501" doknr="BJNR08D0A0024BJNE000300000"><metadaten><jurabk>SoldSÜV</jurabk><enbez>§ 2</enbez><titel format="XML">Inkrafttreten</titel></metadaten><textdaten><text format="XML"><Content><P>Diese Verordnung tritt am Tag nach der Verkündung in Kraft.</P></Content></text></textdaten></norm>
</dokumente>