<?xml version="1.0" encoding="UTF-8" ?><!DOCTYPE dokumente SYSTEM "http://www.gesetze-im-internet.de/dtd/1.01/gii-norm.dtd">
<dokumente builddate="20250221223011" doknr="BJNR084610019"><norm builddate="20250221223011" doknr="BJNR084610019"><metadaten><jurabk>eIDKG</jurabk><amtabk>eIDKG</amtabk><ausfertigung-datum manuell="ja">2019-06-21</ausfertigung-datum><fundstelle typ="amtlich"><periodikum>BGBl I</periodikum><zitstelle>2019, 846</zitstelle></fundstelle><kurzue>eID-Karte-Gesetz</kurzue><langue>Gesetz über eine Karte für Unionsbürger und Angehörige des Europäischen Wirtschaftsraums mit Funktion zum elektronischen Identitätsnachweis</langue><standangabe checked="ja"><standtyp>Stand</standtyp><standkommentar>Zuletzt geändert durch Art. 3 G v. 8.10.2023 I Nr. 271</standkommentar></standangabe><standangabe checked="ja"><standtyp>Hinweis</standtyp><standkommentar>Änderung durch Art. 6 G v. 23.10.2024 I Nr. 322 textlich nachgewiesen, dokumentarisch noch nicht abschließend bearbeitet</standkommentar></standangabe><standangabe checked="ja"><standtyp>Sonst</standtyp><standkommentar>Mittelbare Änderung gem. Art. 2 G v. 23.10.2024 I Nr. 322 ist berücksichtigt</standkommentar></standangabe></metadaten><textdaten><fussnoten><Content><P><BR/> <pre xml:space="preserve">(+++ Textnachweis ab: 1.11.2019 +++)<BR/><BR/></pre>Das G wurde als Artikel 1 des G v. 21.6.2019 I 846 vom Bundestag beschlossen. Es ist gem. Art. 6 Abs. 1 dieses G am 1.11.2019 in Kraft getreten.</P></Content></fussnoten></textdaten></norm>
<norm builddate="20250221223011" doknr="BJNR084610019BJNE000103130"><metadaten><jurabk>eIDKG</jurabk><enbez>Inhaltsübersicht</enbez></metadaten><textdaten><text format="XML"><TOC><Ident Class="S0">Abschnitt 1</Ident><Title Align="auto" Class="S0">Allgemeine Vorschriften</Title><P/><table colsep="0" frame="none" pgwide="1" rowsep="0" tocentry="%yes;"><tgroup align="left" char="" charoff="50" cols="2"><colspec colname="col1" colwidth="8*"/><colspec colname="col2" colwidth="72*"/><tbody valign="top"><row><entry VJ="1" colname="col1">§  1</entry><entry VJ="1" colname="col2">eID-Karte</entry></row><row><entry VJ="1" colname="col1">§  2</entry><entry VJ="1" colname="col2">Begriffsbestimmungen</entry></row><row><entry VJ="1" colname="col1">§  3</entry><entry VJ="1" colname="col2">Besitz und Eigentum; Hersteller, Vergabestelle und Sperrlistenbetreiber</entry></row><row><entry VJ="1" colname="col1">§  4</entry><entry VJ="1" colname="col2">Kartenmuster; Seriennummer; Chip</entry></row><row><entry VJ="1" colname="col1">§  5</entry><entry VJ="1" colname="col2">Gültigkeitsdauer</entry></row><row><entry VJ="1" colname="col1">§  6</entry><entry VJ="1" colname="col2">Sachliche Zuständigkeit</entry></row><row><entry VJ="1" colname="col1">§  7</entry><entry VJ="1" colname="col2">Örtliche Zuständigkeit</entry></row></tbody></tgroup></table><P/><Ident Class="S0">Abschnitt 2</Ident><Title Align="auto" Class="S0">Ausstellung und<BR/> Sperrung der eID-Karte; elektronischer<BR/> Identitätsnachweis mit einem mobilen Endgerät</Title><P/><table colsep="0" frame="none" pgwide="1" rowsep="0" tocentry="%yes;"><tgroup align="left" char="" charoff="50" cols="2"><colspec colname="col1" colwidth="8*"/><colspec colname="col2" colwidth="72*"/><tbody valign="top"><row><entry VJ="1" colname="col1">§  8</entry><entry VJ="1" colname="col2">Ausstellung der eID-Karte</entry></row><row><entry VJ="1">§  8a</entry><entry VJ="1">Einrichtung des elektronischen Identitätsnachweises mit einem mobilen Endgerät</entry></row><row><entry VJ="1" colname="col1">§  9</entry><entry VJ="1" colname="col2">Sperrung und Entsperrung</entry></row><row><entry VJ="1" colname="col1">§ 10</entry><entry VJ="1" colname="col2">Informationspflichten</entry></row><row><entry VJ="1" colname="col1">§ 11</entry><entry VJ="1" colname="col2">Datenerfassung, -prüfung und -übermittlung</entry></row></tbody></tgroup></table><P/><Ident Class="S0">Abschnitt 3</Ident><Title Align="auto" Class="S0">Nutzung der eID-Karte</Title><P/><table colsep="0" frame="none" pgwide="1" rowsep="0" tocentry="%yes;"><tgroup align="left" char="" charoff="50" cols="2"><colspec colname="col1" colwidth="8*"/><colspec colname="col2" colwidth="72*"/><tbody valign="top"><row><entry VJ="1" colname="col1">§ 12</entry><entry VJ="1" colname="col2">Elektronischer Identitätsnachweis</entry></row><row><entry VJ="1" colname="col1">§ 13</entry><entry VJ="1" colname="col2">Vor-Ort-Auslesen</entry></row><row><entry VJ="1" colname="col1">§ 14</entry><entry VJ="1" colname="col2">Speicherung im Rahmen des elektronischen Identitätsnachweises</entry></row></tbody></tgroup></table><P/><Ident Class="S0">Abschnitt 4</Ident><Title Align="auto" Class="S0">Hoheitliche Berechtigungszertifikate;<BR/>Berechtigungen; elektronische Signaturen</Title><P/><table colsep="0" frame="none" pgwide="1" rowsep="0" tocentry="%yes;"><tgroup align="left" char="" charoff="50" cols="2"><colspec colname="col1" colwidth="8*"/><colspec colname="col2" colwidth="72*"/><tbody valign="top"><row><entry VJ="1">§ 14a</entry><entry VJ="1">Hoheitliche Berechtigungszertifikate</entry></row><row><entry VJ="1" colname="col1">§ 15</entry><entry VJ="1" colname="col2">Berechtigungen für Diensteanbieter</entry></row><row><entry VJ="1" colname="col1">§ 16</entry><entry VJ="1" colname="col2">Vor-Ort-Berechtigung für Vor-Ort-Diensteanbieter</entry></row><row><entry VJ="1" colname="col1">§ 17</entry><entry VJ="1" colname="col2">Berechtigung für Identifizierungsdiensteanbieter</entry></row><row><entry VJ="1" colname="col1">§ 18</entry><entry VJ="1" colname="col2">Elektronische Signatur</entry></row></tbody></tgroup></table><P/><Ident Class="S0">Abschnitt 5</Ident><Title Align="auto" Class="S0">eID-Karte-Register</Title><P/><table colsep="0" frame="none" pgwide="1" rowsep="0" tocentry="%yes;"><tgroup align="left" char="" charoff="50" cols="2"><colspec colname="col1" colwidth="8*"/><colspec colname="col2" colwidth="72*"/><tbody valign="top"><row><entry VJ="1" colname="col1">§ 19</entry><entry VJ="1" colname="col2">eID-Karte-Register</entry></row><row><entry VJ="1">§ 19a</entry><entry VJ="1">Verwendung von im eID-Karte-Register gespeicherten Daten</entry></row></tbody></tgroup></table><P/><Ident Class="S0">Abschnitt 6</Ident><Title Align="auto" Class="S0">Pflichten des Karteninhabers;<BR/>Ungültigkeit und Einziehung</Title><P/><table colsep="0" frame="none" pgwide="1" rowsep="0" tocentry="%yes;"><tgroup align="left" char="" charoff="50" cols="2"><colspec colname="col1" colwidth="8*"/><colspec colname="col2" colwidth="72*"/><tbody valign="top"><row><entry VJ="1" colname="col1" rowsep="0">§ 20</entry><entry VJ="1" colname="col2" rowsep="0">Pflichten des Karteninhabers</entry></row><row><entry VJ="1" colname="col1" rowsep="0">§ 21</entry><entry VJ="1" colname="col2" rowsep="0">Ungültigkeit</entry></row><row><entry VJ="1" colname="col1" rowsep="0">§ 22</entry><entry VJ="1" colname="col2" rowsep="0">Einziehung und Sicherstellung</entry></row></tbody></tgroup></table><P/><Ident Class="S0">Abschnitt 7</Ident><Title Align="auto" Class="S0">Gebühren und Auslagen;<BR/>Bußgeldvorschriften</Title><P/><table colsep="0" frame="none" pgwide="1" rowsep="0" tocentry="%yes;"><tgroup align="left" char="" charoff="50" cols="2"><colspec colname="col1" colwidth="8*"/><colspec colname="col2" colwidth="72*"/><tbody valign="top"><row><entry VJ="1" colname="col1" rowsep="0">§ 23</entry><entry VJ="1" colname="col2" rowsep="0">Gebühren und Auslagen; Verordnungsermächtigung</entry></row><row><entry VJ="1" colname="col1" rowsep="0">§ 24</entry><entry VJ="1" colname="col2" rowsep="0">Bußgeldvorschriften</entry></row><row><entry VJ="1" colname="col1" rowsep="0">§ 25</entry><entry VJ="1" colname="col2" rowsep="0">Verordnungsermächtigung</entry></row><row><entry VJ="1" colname="col1">§ 26</entry><entry VJ="1" colname="col2">Übergangsvorschrift</entry></row></tbody></tgroup></table></TOC></text><fussnoten/></textdaten></norm>
<norm builddate="20250221223011" doknr="BJNR084610019BJNG000100000"><metadaten><jurabk>eIDKG</jurabk><gliederungseinheit><gliederungskennzahl>010</gliederungskennzahl><gliederungsbez>Abschnitt 1</gliederungsbez><gliederungstitel>Allgemeine Vorschriften</gliederungstitel></gliederungseinheit></metadaten><textdaten/></norm>
<norm builddate="20250221223011" doknr="BJNR084610019BJNE000200000"><metadaten><jurabk>eIDKG</jurabk><enbez>§ 1</enbez><titel format="XML">eID-Karte</titel></metadaten><textdaten><text format="XML"><Content><P>(1) Für Staatsangehörige eines Mitgliedstaats der Europäischen Union oder eines Vertragsstaats des Abkommens über den Europäischen Wirtschaftsraum, die nicht Deutsche im Sinne des Artikels 116 Absatz 1 des Grundgesetzes sind, wird auf Antrag eine Karte mit Funktion zum elektronischen Identitätsnachweis (eID-Karte) ausgestellt.</P><P>(2) Die eID-Karte ermöglicht den elektronischen Identitätsnachweis und das Vor-Ort-Auslesen nach den §§ 12 und 13.</P></Content></text></textdaten></norm>
<norm builddate="20250221223011" doknr="BJNR084610019BJNE000301116"><metadaten><jurabk>eIDKG</jurabk><enbez>§ 2</enbez><titel format="XML">Begriffsbestimmungen</titel></metadaten><textdaten><text format="XML"><Content><P>(1) Diensteanbieter sind natürliche und juristische Personen, die zur Wahrnehmung von Aufgaben der öffentlichen Verwaltung oder zur Erfüllung eigener Geschäftszwecke den Nachweis der Identität oder einzelner Identitätsmerkmale des Karteninhabers benötigen und ihren Wohn-, Geschäfts- oder Dienstsitz innerhalb der Europäischen Union sowie in Staaten, in denen ein vergleichbarer Datenschutzstandard besteht, haben.</P><P>(2) Ein Berechtigungszertifikat ist eine elektronische Bescheinigung, die es einem Diensteanbieter ermöglicht, <DL Font="normal" Type="arabic"><DT>1.</DT><DD Font="normal"><LA Size="normal">seine Identität dem Karteninhaber nachzuweisen und</LA></DD><DT>2.</DT><DD Font="normal"><LA Size="normal">die Übermittlung personen- und kartenbezogener Daten aus der eID-Karte anzufragen.</LA></DD></DL></P><P>(3) Das Sperrkennwort ist eine Zeichenfolge, die ausschließlich der Sperrung des elektronischen Identitätsnachweises mit einer eID-Karte oder mit einem mobilen Endgerät dient.</P><P>(4) Die Sperrsumme ist ein eindeutiges Merkmal, das aus dem Sperrkennwort, dem Familiennamen, den Vornamen und dem Tag der Geburt eines Karteninhabers errechnet wird. Es dient der Übermittlung einer Sperrung vom Sperrnotruf oder einer eID-Karte-Behörde an den Sperrlistenbetreiber. Mithilfe der Sperrsumme ermittelt der Sperrlistenbetreiber anhand der Referenzliste den Sperrschlüssel eines zu sperrenden elektronischen Identitätsnachweises.</P><P>(5) Sperrmerkmale eines elektronischen Identitätsnachweises mit einer eID-Karte oder mit einem mobilen Endgerät sind dienste- und kartenspezifische Zeichenfolgen, die ausschließlich der Erkennung abhandengekommener eID-Karten oder mobiler Endgeräte durch den Diensteanbieter dienen, für den sie errechnet wurden.</P><P>(6) Die Seriennummer einer eID-Karte setzt sich aus einer vierstelligen Behördenkennzahl und einer fünfstelligen, zufällig vergebenen Nummer zusammen und kann Ziffern und Buchstaben enthalten.</P><P>(7) Die Geheimnummer besteht aus einer sechsstelligen Ziffernfolge und dient der Freigabe der Datenübermittlung aus der eID-Karte oder aus einem mobilen Endgerät im Rahmen des elektronischen Identitätsnachweises.</P><P>(8) Die Zugangsnummer ist eine zufällig erzeugte, ausschließlich auf der Karte sichtbar aufgebrachte sechsstellige Ziffernfolge, die zur Absicherung gegen unberechtigten Zugriff auf die Kommunikation zwischen eID-Karte und Lesegeräten dient.</P><P>(9) Die Entsperrnummer ist eine zufällig erzeugte Ziffernfolge, die die Freischaltung der Geheimnummer ermöglicht, wenn diese nach dreimaliger Fehleingabe gesperrt worden ist.</P><P>(10) Karteninhaber ist die Person, für die die eID-Karte ausgestellt wurde.</P><P>(11) Im Sinne dieses Gesetzes ist ein mobiles Endgerät ein solches Gerät, das dem Stand der Technik entspricht, um einen elektronischen Identitätsnachweis nach § 12 Absatz 3 Satz 1 Nummer 2 durchführen zu können.</P></Content></text><fussnoten/></textdaten></norm>
<norm builddate="20250221223011" doknr="BJNR084610019BJNE000401130"><metadaten><jurabk>eIDKG</jurabk><enbez>§ 3</enbez><titel format="XML">Besitz und Eigentum; Hersteller, Vergabestelle und Sperrlistenbetreiber</titel></metadaten><textdaten><text format="XML"><Content><P>(1) Niemand darf mehr als eine auf seine Person ausgestellte gültige eID-Karte besitzen.</P><P>(2) Die eID-Karte ist Eigentum der Bundesrepublik Deutschland.</P><P>(3) Das Bundesministerium des Innern und für Heimat bestimmt <DL Font="normal" Type="arabic"><DT>1.</DT><DD Font="normal"><LA Size="normal">den Kartenhersteller,</LA></DD><DT>2.</DT><DD Font="normal"><LA Size="normal">die Vergabestelle für Berechtigungszertifikate,</LA></DD><DT>3.</DT><DD Font="normal"><LA Size="normal">den Sperrlistenbetreiber</LA></DD></DL>und macht deren Namen im Bundesanzeiger bekannt.</P></Content></text><fussnoten/></textdaten></norm>
<norm builddate="20250221223011" doknr="BJNR084610019BJNE000501116"><metadaten><jurabk>eIDKG</jurabk><enbez>§ 4</enbez><titel format="XML">Kartenmuster; Seriennummer; Chip</titel></metadaten><textdaten><text format="XML"><Content><P>(1) Die eID-Karte wird nach einem einheitlichen Muster ausgestellt.</P><P>(2) Jede eID-Karte erhält eine neue Seriennummer. Die Seriennummer, das Sperrkennwort und Sperrmerkmale dürfen keine Daten über die Person des Karteninhabers oder Hinweise auf solche Daten enthalten.</P><P>(3) Die eID-Karte enthält neben der Seriennummer, der Angabe der ausstellenden Behörde, dem letzten Tag der Gültigkeitsdauer und der Zugangsnummer folgende sichtbar aufgebrachte Angaben über den Karteninhaber: <DL Font="normal" Type="arabic"><DT>1.</DT><DD Font="normal"><LA Size="normal">Familienname und Vornamen und</LA></DD><DT>2.</DT><DD Font="normal"><LA Size="normal">Tag und Ort der Geburt.</LA></DD></DL></P><P>(4) Die eID-Karte besitzt ein elektronisches Speicher- und Verarbeitungsmedium (Chip), auf dem folgende Daten gespeichert werden: <DL Font="normal" Type="arabic"><DT>1.</DT><DD Font="normal"><LA Size="normal">Familienname und Geburtsname,</LA></DD><DT>2.</DT><DD Font="normal"><LA Size="normal">Vornamen,</LA></DD><DT>3.</DT><DD Font="normal"><LA Size="normal">Doktorgrad,</LA></DD><DT>4.</DT><DD Font="normal"><LA Size="normal">Tag und Ort der Geburt,</LA></DD><DT>5.</DT><DD Font="normal"><LA Size="normal">Anschrift; hat der Karteninhaber keine Wohnung in Deutschland, kann die Angabe „keine Wohnung in Deutschland“ eingetragen werden,</LA></DD><DT>6.</DT><DD Font="normal"><LA Size="normal">Staatsangehörigkeit,</LA></DD><DT>7.</DT><DD Font="normal"><LA Size="normal">Ordensname, Künstlername,</LA></DD><DT>8.</DT><DD Font="normal"><LA Size="normal">Dokumentenart und</LA></DD><DT>9.</DT><DD Font="normal"><LA Size="normal">letzter Tag der Gültigkeitsdauer.</LA></DD></DL>Zur Einrichtung eines elektronischen Identitätsnachweises nach § 8a Absatz 1 Satz 1 dürfen auf einem elektronischen Speicher- und Verarbeitungsmedium in einem mobilen Endgerät die Daten nach Satz 1 gespeichert werden.</P><P>(5) Die gespeicherten Daten sind gegen unbefugtes Verändern, Löschen und Auslesen zu sichern.</P></Content></text><fussnoten/></textdaten></norm>
<norm builddate="20250221223011" doknr="BJNR084610019BJNE000600000"><metadaten><jurabk>eIDKG</jurabk><enbez>§ 5</enbez><titel format="XML">Gültigkeitsdauer</titel></metadaten><textdaten><text format="XML"><Content><P>(1) Die eID-Karte wird für eine Gültigkeitsdauer von zehn Jahren ausgestellt.</P><P>(2) Eine Verlängerung der Gültigkeitsdauer ist nicht zulässig.</P><P>(3) Vor Ablauf der Gültigkeit einer eID-Karte kann eine neue eID-Karte beantragt werden, wenn ein berechtigtes Interesse an der Neuausstellung dargelegt wird.</P></Content></text></textdaten></norm>
<norm builddate="20250221223011" doknr="BJNR084610019BJNE000702116"><metadaten><jurabk>eIDKG</jurabk><enbez>§ 6</enbez><titel format="XML">Sachliche Zuständigkeit</titel></metadaten><textdaten><text format="XML"><Content><P>(1) Zuständig für Angelegenheiten, die die eID-Karte betreffen, sind: <DL Font="normal" Type="arabic"><DT>1.</DT><DD Font="normal"><LA Size="normal">in Deutschland die von den Ländern bestimmten Behörden,</LA></DD><DT>2.</DT><DD Font="normal"><LA Size="normal">im Ausland das Auswärtige Amt mit den von ihm bestimmten Auslandsvertretungen</LA></DD></DL>(eID-Karte-Behörden).</P><P>(2) Für die Einziehung und Sicherstellung der eID-Karte sind neben den eID-Karte-Behörden auch die zur Identitätsfeststellung berechtigten Behörden (§ 2 Absatz 2 des Personalausweisgesetzes) zuständig.</P><P>(3) Zuständig <DL Font="normal" Type="arabic"><DT>1.</DT><DD Font="normal"><LA Size="normal">für die Erteilung und Aufhebung von Berechtigungen nach den §§ 15 bis 17 ist die Vergabestelle für Berechtigungszertifikate nach § 3 Absatz 3 Nummer 2,</LA></DD><DT>2.</DT><DD Font="normal"><LA Size="normal">für das Führen einer Sperrliste nach § 9 Absatz 3 ist der Sperrlistenbetreiber nach § 3 Absatz 3 Nummer 3.</LA></DD></DL></P><P>(4) Für das elektronisch beantragte Neusetzen der Geheimnummer ist der Kartenhersteller zuständig.</P><P>(5) Für die Übermittlung von Daten nach § 4 Absatz 4 Satz 2 aus dem Chip der eID-Karte auf ein elektronisches Speicher- und Verarbeitungsmedium in einem mobilen Endgerät nach § 8a Absatz 1 Satz 1 sowie für die Auskunft nach § 8a Absatz 5 ist der Kartenhersteller zuständig.</P></Content></text><fussnoten/></textdaten></norm>
<norm builddate="20250221223011" doknr="BJNR084610019BJNE000801130"><metadaten><jurabk>eIDKG</jurabk><enbez>§ 7</enbez><titel format="XML">Örtliche Zuständigkeit</titel></metadaten><textdaten><text format="XML"><Content><P>(1) Örtlich zuständig ist diejenige eID-Karte-Behörde, in deren Bezirk die antragstellende Person oder der Karteninhaber für seine Wohnung, bei mehreren Wohnungen für seine Hauptwohnung, meldepflichtig ist. Ist die Person nicht meldepflichtig, ist die eID-Karte-Behörde zuständig, in deren Bezirk die Person im Zeitpunkt der Antragstellung oder des die behördliche Tätigkeit auslösenden Ereignisses wohnt.</P><P>(1a) Für das Führen des eID-Karte-Registers nach § 19 ist die eID-Karte-Behörde zuständig, welche die eID-Karte ausgestellt hat.</P><P>(2) Im Ausland sind die vom Auswärtigen Amt bestimmten Auslandsvertretungen zuständig, in deren Bezirk sich die antragstellende Person oder der Karteninhaber gewöhnlich aufhält. Die antragstellende Person oder der Karteninhaber haben den Nachweis über ihren gewöhnlichen Aufenthaltsort zu erbringen.</P></Content></text><fussnoten/></textdaten></norm>
<norm builddate="20250221223011" doknr="BJNR084610019BJNG000201116"><metadaten><jurabk>eIDKG</jurabk><gliederungseinheit><gliederungskennzahl>020</gliederungskennzahl><gliederungsbez>Abschnitt 2</gliederungsbez><gliederungstitel>Ausstellung und Sperrung der eID-Karte; elektronischer Identitätsnachweis mit einem mobilen Endgerät</gliederungstitel></gliederungseinheit></metadaten><textdaten><fussnoten/></textdaten></norm>
<norm builddate="20250221223011" doknr="BJNR084610019BJNE000901130"><metadaten><jurabk>eIDKG</jurabk><enbez>§ 8</enbez><titel format="XML">Ausstellung der eID-Karte</titel></metadaten><textdaten><text format="XML"><Content><P>(1) Die eID-Karte wird auf Antrag für die antragstellende Person ausgestellt, wenn sie <DL Font="normal" Type="arabic"><DT>1.</DT><DD Font="normal"><LA Size="normal">dem in § 1 Absatz 1 genannten Personenkreis unterfällt und</LA></DD><DT>2.</DT><DD Font="normal"><LA Size="normal">mindestens 13 Jahre alt ist.</LA></DD></DL>Jugendliche, die mindestens 13 Jahre alt sind, dürfen Verfahrenshandlungen nach diesem Gesetz vornehmen.</P><P>(2) In dem Antrag sind alle Tatsachen anzugeben, die zur Feststellung der antragstellenden Person notwendig sind. Die Angaben zu dem Doktorgrad und zu den Ordens- und Künstlernamen sind freigestellt. Die antragstellende Person hat die erforderlichen Nachweise zu erbringen und sich unter Vorlage eines anerkannten und gültigen ausländischen Passes oder Personalausweises vor der ausgebenden Stelle persönlich zu identifizieren.</P><P>(3) Bestehen Zweifel über die Identität der antragstellenden Person, so ist die Ausstellung einer eID-Karte abzulehnen.</P></Content></text><fussnoten/></textdaten></norm>
<norm builddate="20250221223011" doknr="BJNR084610019BJNE002900116"><metadaten><jurabk>eIDKG</jurabk><enbez>§ 8a</enbez><titel format="XML">Einrichtung des elektronischen Identitätsnachweises mit einem mobilen Endgerät</titel></metadaten><textdaten><text format="XML"><Content><P>(1) Auf elektronische Veranlassung durch den Karteninhaber übermittelt der Kartenhersteller die Daten nach § 4 Absatz 4 Satz 2 aus dem Chip der eID-Karte in einem sicheren Verfahren auf ein elektronisches Speicher- und Verarbeitungsmedium in einem mobilen Endgerät. Der Karteninhaber weist seine Identität gegenüber dem Kartenhersteller mit einem elektronischen Identitätsnachweis nach § 12 nach. Ferner hat der Kartenhersteller Maßnahmen gegen eine missbräuchliche Verwendung der Daten im Anschluss an die Übermittlung der Daten auf das elektronische Speicher- und Verarbeitungsmedium in dem mobilen Endgerät vorzusehen. Der Karteninhaber ist auf seine Pflichten nach § 20 Absatz 2 sowie darauf hinzuweisen, dass das mobile Endgerät hinsichtlich der in seinem elektronischen Speicher- und Verarbeitungsmedium nach Absatz 1 gespeicherten Daten mit besonderer Sorgfalt zu behandeln ist.</P><P>(2) Die Gültigkeitsdauer eines elektronischen Identitätsnachweises nach § 12 Absatz 3 Satz 1 Nummer 2 auf Grundlage einer Übermittlung der Daten nach Absatz 1 beträgt fünf Jahre. Eine Verlängerung der Gültigkeitsdauer ist nicht zulässig. Durch Rechtsverordnung nach § 25 Nummer 8a kann eine kürzere Gültigkeitsdauer festgelegt werden. Eine Übermittlung nach Absatz 1 Satz 1 kann mehrfach durchgeführt werden.</P><P>(3) Im Zuge der Übermittlung nach Absatz 1 Satz 1 erzeugt der Kartenhersteller einen neuen Sperrschlüssel und eine neue Sperrsumme und übermittelt diese an den Sperrlistenbetreiber. § 9 Absatz 2 Satz 1 gilt entsprechend. Der Karteninhaber kann die Daten auf dem mobilen Endgerät selbst löschen.</P><P>(4) Werden die auf das elektronische Speicher- und Verarbeitungsmedium des mobilen Endgeräts übermittelten Daten nach Absatz 1 Satz 1 unrichtig, darf ein elektronischer Identitätsnachweis nach § 12 Absatz 3 Satz 1 Nummer 2 nicht durchgeführt werden. Zur weiteren Nutzung ist erneut eine Übermittlung nach Absatz 1 Satz 1 unter Verwendung des Chips der eID-Karte mit richtigen Angaben durchzuführen.</P><P>(5) Auf elektronischen Antrag des Karteninhabers hat der Kartenhersteller diesem Auskunft zu erteilen darüber, jeweils zu welchem Datum und zu welcher Uhrzeit eine Übermittlung nach Absatz 1 Satz 1 der Daten der eID-Karte des Karteninhabers auf ein elektronisches Speicher- und Verarbeitungsmedium in einem mobilen Endgerät durchgeführt wurde, sowie über jeweils den letzten Tag der Gültigkeitsdauer, das Sperrkennwort und den Hersteller und die Modellbezeichnung des mobilen Endgeräts. Zur Identifizierung der antragstellenden Person hat der Kartenhersteller zur Person des Karteninhabers einen elektronischen Identitätsnachweis nach § 12 durchzuführen.</P></Content></text><fussnoten/></textdaten></norm>
<norm builddate="20250221223011" doknr="BJNR084610019BJNE001000000"><metadaten><jurabk>eIDKG</jurabk><enbez>§ 9</enbez><titel format="XML">Sperrung und Entsperrung</titel></metadaten><textdaten><text format="XML"><Content><P>(1) Die ausstellende eID-Karte-Behörde hat unverzüglich zur Aktualisierung der Sperrliste die Sperrsumme der eID-Karte an den Sperrlistenbetreiber zu übermitteln, wenn sie Kenntnis erlangt von <DL Type="arabic"><DT>1.</DT><DD Font="normal"><LA>dem Abhandenkommen einer eID-Karte,</LA></DD><DT>2.</DT><DD Font="normal"><LA>dem Versterben eines Karteninhabers oder</LA></DD><DT>3.</DT><DD Font="normal"><LA>der Ungültigkeit einer nicht im Besitz der Behörde befindlichen eID-Karte nach § 21.</LA></DD></DL></P><P>(2) Der Karteninhaber kann durch Mitteilung des Sperrkennworts an den Sperrlistenbetreiber eine sofortige Sperrung des elektronischen Identitätsnachweises veranlassen. Davon unberührt bleibt die Pflicht, den Verlust oder das Abhandenkommen der eID-Karte nach § 20 Absatz 1 Nummer 3 der eID-Karte-Behörde anzuzeigen.</P><P>(3) Der Sperrlistenbetreiber stellt den eID-Karte-<NB>Behörden für</NB> die Fälle nach Absatz 1 und den Karteninhabern für die Fälle nach Absatz 2 einen Sperrdienst über jederzeit öffentlich erreichbare Kommunikationsverbindungen zur Verfügung. § 10 Absatz 4 des Personalausweisgesetzes gilt entsprechend.</P><P>(4) Teilt nach erfolgter Sperrung nach Absatz 1 der Karteninhaber das Wiederauffinden seiner eID-Karte unter den Voraussetzungen des § 8 Absatz 2 Satz 3 mit oder bittet er nach einer Sperrung nach Absatz 2 unter den Voraussetzungen des § 8 Absatz 2 Satz 3 um Entsperrung, so ersucht die eID-Karte-Behörde den Sperrlistenbetreiber um Löschung des Sperreintrags zu dieser eID-Karte.</P><P>(5) Der Zeitpunkt der Meldung des Abhandenkommens eines Ausweises ist von der eID-Karte-Behörde oder Polizeibehörde zu dokumentieren und der ausstellenden eID-Karte-Behörde mitzuteilen.</P></Content></text><fussnoten><Content><P>(+++ Hinweis: Die Änderung des Art. 1 G v. 21.6.2019 I 846 durch Art. 154a Nr. 1 G v. 20.11.2019 I 1626 (Neufassung d. § 9 Abs. 5 eIDKG) sowie die Änderung d. Art. 6 Abs. 1 G v. 21.6.2019 I 846 durch Art. 154a Nr. 3 Buchst. a G v. 20.11.2019 I 1626 (Verschiebung d. Inkrafttretens zum 1.11.2020)  sind nicht ausführbar, da Art. 1 d. G v. 21.6.2019 I 846 zum Zeitpunkt d. Inkrafttretens d. G v. 20.11.2019 I 1626 bereits mWv 1.11.2019 in Kraft getreten war +++)</P></Content></fussnoten></textdaten></norm>
<norm builddate="20250221223011" doknr="BJNR084610019BJNE001101116"><metadaten><jurabk>eIDKG</jurabk><enbez>§ 10</enbez><titel format="XML">Informationspflichten</titel></metadaten><textdaten><text format="XML"><Content><P>(1) Auf Verlangen des Karteninhabers hat die eID-Karte-Behörde ihm Einsicht in die im Chip der eID-Karte gespeicherten auslesbaren Daten zu gewähren.</P><P>(2) Die eID-Karte-Behörde hat die antragstellende Person bei Antragstellung über den elektronischen Identitätsnachweis nach § 12, einschließlich des elektronischen Identitätsnachweises mit einem mobilen Endgerät, und das Vor-Ort-Auslesen nach § 13 sowie über Maßnahmen zu unterrichten, die erforderlich sind, um die Sicherheit der Nutzung des elektronischen Identitätsnachweises zu gewährleisten. Sie hat Informationsmaterial bereitzustellen, in dem auch auf die Möglichkeit einer Sperrung hingewiesen wird. Die antragstellende Person ist auf das vorhandene Informationsmaterial hinzuweisen.</P><P>(3) Eine eID-Karte-Behörde, die Kenntnis von dem Abhandenkommen einer eID-Karte erlangt, hat die zuständige eID-Karte-Behörde, die ausstellende eID-Karte-Behörde und eine Polizeibehörde unverzüglich in Kenntnis zu setzen; eine Polizeibehörde, die anderweitig Kenntnis vom Abhandenkommen einer eID-Karte erlangt, hat die zuständige und die ausstellende eID-Karte-Behörde unverzüglich zu unterrichten. Dabei sollen Angaben zum Familiennamen, den Vornamen, zur Seriennummer, zur ausstellenden eID-Karte-Behörde, zum Ausstellungsdatum und zur Gültigkeitsdauer der eID-Karte übermittelt werden. Die Polizeibehörde hat die Einstellung in die polizeiliche Sachfahndung vorzunehmen.</P></Content></text><fussnoten/></textdaten></norm>
<norm builddate="20250221223011" doknr="BJNR084610019BJNE001200000"><metadaten><jurabk>eIDKG</jurabk><enbez>§ 11</enbez><titel format="XML">Datenerfassung, -prüfung und -übermittlung</titel></metadaten><textdaten><text format="XML"><Content><P>Für die Form und das Verfahren der Datenerfassung, -prüfung und -übermittlung und für die Übermittlung von Geheimnummer, Entsperrnummer und Sperrkennwort gelten die §§ 12 und 13 des Personalausweisgesetzes entsprechend.</P></Content></text></textdaten></norm>
<norm builddate="20250221223011" doknr="BJNR084610019BJNG000300000"><metadaten><jurabk>eIDKG</jurabk><gliederungseinheit><gliederungskennzahl>030</gliederungskennzahl><gliederungsbez>Abschnitt 3</gliederungsbez><gliederungstitel>Nutzung der eID-Karte</gliederungstitel></gliederungseinheit></metadaten><textdaten/></norm>
<norm builddate="20250221223011" doknr="BJNR084610019BJNE001302116"><metadaten><jurabk>eIDKG</jurabk><enbez>§ 12</enbez><titel format="XML">Elektronischer Identitätsnachweis</titel></metadaten><textdaten><text format="XML"><Content><P>(1) Der Karteninhaber kann seine eID-Karte dazu nutzen, seine Identität gegenüber öffentlichen und nichtöffentlichen Stellen elektronisch nachzuweisen. Dies gilt auch dann, wenn er für eine andere Person, ein Unternehmen oder eine Behörde handelt. Abweichend von Satz 1 ist der elektronische Identitätsnachweis ausgeschlossen, wenn die Voraussetzungen des § 3a Absatz 1 des Verwaltungsverfahrensgesetzes, des § 87a Absatz 1 Satz 1 der Abgabenordnung oder des § 36a Absatz 1 des Ersten Buches Sozialgesetzbuch nicht vorliegen.</P><P>(2) Die Nutzung des elektronischen Identitätsnachweises durch eine andere Person als den Karteninhaber ist unzulässig.</P><P>(3) Der elektronische Identitätsnachweis erfolgt durch Übermittlung von Daten <DL Font="normal" Type="arabic"><DT>1.</DT><DD Font="normal"><LA Size="normal">aus dem Chip der eID-Karte oder</LA></DD><DT>2.</DT><DD Font="normal"><LA Size="normal">aus einem elektronischen Speicher- und Verarbeitungsmedium in einem mobilen Endgerät.</LA></DD></DL>Für die Einzelheiten der Datenübermittlung gilt § 18 Absatz 2 Satz 2, Absatz 3, 4 und 5 des Personalausweisgesetzes entsprechend.</P><P>(4) eID-Karte-Behörden dürfen im Rahmen der Änderung der Anschrift auf dem elektronischen Speicher- und Verarbeitungsmedium nach einer elektronischen Anmeldung gemäß § 23a des Bundesmeldegesetzes einen elektronischen Identitätsnachweis durchführen und hierzu ein hoheitliches Berechtigungszertifikat verwenden.</P></Content></text><fussnoten/></textdaten></norm>
<norm builddate="20250221223011" doknr="BJNR084610019BJNE001400000"><metadaten><jurabk>eIDKG</jurabk><enbez>§ 13</enbez><titel format="XML">Vor-Ort-Auslesen</titel></metadaten><textdaten><text format="XML"><Content><P>(1) Der Karteninhaber kann seine eID-Karte ferner dazu verwenden, die im Chip gespeicherten Daten zum Zwecke der medienbruchfreien Übernahme von Formulardaten unter Anwesenden zu übermitteln.</P><P>(2) Vor dem Vor-Ort-Auslesen der Daten ist der Vor-Ort-Diensteanbieter verpflichtet, anhand eines gültigen Passes oder amtlichen Ausweises per Lichtbildabgleich zu prüfen, ob die die eID-Karte vorlegende Person der Karteninhaber ist. Die Daten werden nur übermittelt, wenn der Vor-Ort-Anbieter mit Einverständnis des Karteninhabers die Zugangsnummer ausliest und diese zusammen mit einem gültigen Vor-Ort-Zertifikat an den Chip der eID-Karte übermittelt.</P></Content></text></textdaten></norm>
<norm builddate="20250221223011" doknr="BJNR084610019BJNE001500000"><metadaten><jurabk>eIDKG</jurabk><enbez>§ 14</enbez><titel format="XML">Speicherung im Rahmen des elektronischen Identitätsnachweises</titel></metadaten><textdaten><text format="XML"><Content><P>Für die Speicherung von Daten im Rahmen des elektronischen Identitätsnachweises, auch durch Identifizierungsdiensteanbieter, gelten die §§ 19 und 19a des Personalausweisgesetzes entsprechend.</P></Content></text></textdaten></norm>
<norm builddate="20250221223011" doknr="BJNR084610019BJNG000401360"><metadaten><jurabk>eIDKG</jurabk><gliederungseinheit><gliederungskennzahl>040</gliederungskennzahl><gliederungsbez>Abschnitt 4</gliederungsbez><gliederungstitel>Hoheitliche Berechtigungszertifikate; Berechtigungen; elektronische Signaturen</gliederungstitel></gliederungseinheit></metadaten><textdaten><fussnoten/></textdaten></norm>
<norm builddate="20250221223011" doknr="BJNR084610019BJNE002800360"><metadaten><jurabk>eIDKG</jurabk><enbez>§ 14a</enbez><titel format="XML">Hoheitliche Berechtigungszertifikate</titel></metadaten><textdaten><text format="XML"><Content><P>(1) eID-Karte-Behörden und der Kartenhersteller erhalten hoheitliche Berechtigungszertifikate. Umfang und Inhalt der in Satz 1 genannten hoheitlichen Berechtigungszertifikate bestimmen sich durch die aufgrund dieses Gesetzes den eID-Karte-Behörden und dem Kartenhersteller jeweils zugewiesenen Zuständigkeiten.</P><P>(2) Das Bundesamt für Sicherheit in der Informationstechnik erhält hoheitliche Berechtigungszertifikate zur Qualitätssicherung anhand von Testausweisen.</P></Content></text><fussnoten/></textdaten></norm>
<norm builddate="20250221223011" doknr="BJNR084610019BJNE001600000"><metadaten><jurabk>eIDKG</jurabk><enbez>§ 15</enbez><titel format="XML">Berechtigungen für Diensteanbieter</titel></metadaten><textdaten><text format="XML"><Content><P>(1) Um Daten im Wege des elektronischen Identitätsnachweises anzufragen, benötigen Diensteanbieter eine Berechtigung. Die Berechtigung lässt datenschutzrechtliche Vorschriften unberührt. Das Vorliegen einer Berechtigung ist durch die Vergabe von Berechtigungszertifikaten technisch abzusichern.</P><P>(2) Für die Voraussetzungen und das Verfahren gelten die Vorschriften des § 21 Absatz 2 bis 8 des Personalausweisgesetzes entsprechend.</P></Content></text></textdaten></norm>
<norm builddate="20250221223011" doknr="BJNR084610019BJNE001700000"><metadaten><jurabk>eIDKG</jurabk><enbez>§ 16</enbez><titel format="XML">Vor-Ort-Berechtigung für Vor-Ort-Diensteanbieter</titel></metadaten><textdaten><text format="XML"><Content><P>Um Daten nach § 13 unter Anwesenden vor Ort auslesen zu dürfen, benötigen Vor-Ort-Diensteanbieter eine Vor-Ort-Berechtigung einschließlich eines Vor-Ort-Zertifikats. § 21 des Personalausweisgesetzes gilt hierfür entsprechend.</P></Content></text></textdaten></norm>
<norm builddate="20250221223011" doknr="BJNR084610019BJNE001800000"><metadaten><jurabk>eIDKG</jurabk><enbez>§ 17</enbez><titel format="XML">Berechtigung für Identifizierungsdiensteanbieter</titel></metadaten><textdaten><text format="XML"><Content><P>Wer als Identifizierungsdiensteanbieter die Funktion des elektronischen Identitätsnachweises nach § 12 nutzen möchte, um Identifizierungsdienstleistungen für Dritte zu erbringen, bedarf einer Berechtigung. § 21b des Personalausweisgesetzes gilt hierfür entsprechend.</P></Content></text></textdaten></norm>
<norm builddate="20250221223011" doknr="BJNR084610019BJNE001900000"><metadaten><jurabk>eIDKG</jurabk><enbez>§ 18</enbez><titel format="XML">Elektronische Signatur</titel></metadaten><textdaten><text format="XML"><Content><P>Die eID-Karte kann als qualifizierte elektronische Signaturerstellungseinheit im Sinne des Artikels 3 Nummer 23 der Verordnung (EU) Nr. 910/2014 des Europäischen Parlaments und des Rates vom 23. Juli 2014 über elektronische Identifizierung und Vertrauensdienste für elektronische Transaktionen im Binnenmarkt und zur Aufhebung der Richtlinie 1999/93/EG (ABl. L 257 vom 28.8.2014, S. 73; L 23 vom 29.1.2015, S. 19; L 155 vom 14.6.2016, S. 44) ausgestaltet werden. Die Zertifizierung nach Artikel 30 der Verordnung (EU) Nr. 910/2014 erfolgt durch das Bundesamt für Sicherheit in der Informationstechnik. Die Vorschriften des Vertrauensdienstegesetzes bleiben unberührt.</P></Content></text></textdaten></norm>
<norm builddate="20250221223011" doknr="BJNR084610019BJNG000500000"><metadaten><jurabk>eIDKG</jurabk><gliederungseinheit><gliederungskennzahl>050</gliederungskennzahl><gliederungsbez>Abschnitt 5</gliederungsbez><gliederungstitel>eID-Karte-Register</gliederungstitel></gliederungseinheit></metadaten><textdaten/></norm>
<norm builddate="20250221223011" doknr="BJNR084610019BJNE002005130"><metadaten><jurabk>eIDKG</jurabk><enbez>§ 19</enbez><titel format="XML">eID-Karte-Register</titel></metadaten><textdaten><text format="XML"><Content><P>(1) Zur Durchführung dieses Gesetzes führen die eID-Karte-Behörden Register über die beantragten und ausgegebenen eID-Karten (eID-Karte-Register).</P><P>(2) Die Daten des eID-Karte-Registers und des Melderegisters dürfen zur Berichtigung des jeweils anderen Registers verwendet werden. Zu diesem Zweck dürfen eID-Karte-Behörden untereinander die im Register enthaltenen Daten übermitteln.</P><P>(3) Das eID-Karte-Register darf neben verfahrensbedingten Bearbeitungsvermerken ausschließlich folgende Daten enthalten: <DL Font="normal" Type="arabic"><DT>1.</DT><DD Font="normal"><LA Size="normal">Familienname und Geburtsname,</LA></DD><DT>2.</DT><DD Font="normal"><LA Size="normal">Vornamen,</LA></DD><DT>3.</DT><DD Font="normal"><LA Size="normal">Doktorgrad,</LA></DD><DT>4.</DT><DD Font="normal"><LA Size="normal">Tag der Geburt,</LA></DD><DT>5.</DT><DD Font="normal"><LA Size="normal">Ort der Geburt,</LA></DD><DT>6.</DT><DD Font="normal"><LA Size="normal">Anschrift,</LA></DD><DT>6a.</DT><DD Font="normal"><LA Size="normal">E-Mail-Adresse, sofern der Inhaber der eID-Karte in die Speicherung einwilligt,</LA></DD><DT>7.</DT><DD Font="normal"><LA Size="normal">Staatsangehörigkeit,</LA></DD><DT>8.</DT><DD Font="normal"><LA Size="normal">Seriennummer,</LA></DD><DT>9.</DT><DD Font="normal"><LA Size="normal">Sperrkennwort und Sperrsumme,</LA></DD><DT>10.</DT><DD Font="normal"><LA Size="normal">letzter Tag der Gültigkeitsdauer,</LA></DD><DT>11.</DT><DD Font="normal"><LA Size="normal">ausstellende Behörde,</LA></DD><DT>12.</DT><DD Font="normal"><LA Size="normal">die örtlich zuständige eID-Karte-Behörde, wenn diese nicht mit der ausstellenden eID-Karte-Behörde identisch ist, und</LA></DD><DT>13.</DT><DD Font="normal"><LA Size="normal">Ordensname, Künstlername.</LA></DD></DL></P><P>(4) Personenbezogene Daten im eID-Karte-Register sind mindestens bis zur Ausstellung einer neuen eID-Karte, höchstens jedoch bis zum Ablauf der Gültigkeitsdauer der eID-Karte, auf die sie sich beziehen, zu speichern und dann zu löschen.</P><P>(5) Wird eine andere als die ausstellende eID-Karte-Behörde örtlich zuständig, darf sie die in Absatz 3 genannten und zur Wahrnehmung ihrer Aufgaben erforderlichen Daten speichern. Absatz 4 gilt entsprechend.</P></Content></text><fussnoten/></textdaten></norm>
<norm builddate="20250221223011" doknr="BJNR084610019BJNE003000130"><metadaten><jurabk>eIDKG</jurabk><enbez>§ 19a</enbez><titel format="XML">Verwendung von im eID-Karte-Register gespeicherten Daten</titel></metadaten><textdaten><text format="XML"><Content><P>eID-Karte-Behörden dürfen anderen eID-Karte-Behörden im automatisierten Verfahren Daten des eID-Karte-Registers übermitteln oder Daten aus eID-Karte-Registern, die in Zuständigkeit anderer eID-Karte-Behörden geführt werden, abrufen, sofern dies zur Wahrnehmung ihrer Pflichten erforderlich ist.</P></Content></text><fussnoten/></textdaten></norm>
<norm builddate="20250221223011" doknr="BJNR084610019BJNG000600000"><metadaten><jurabk>eIDKG</jurabk><gliederungseinheit><gliederungskennzahl>060</gliederungskennzahl><gliederungsbez>Abschnitt 6</gliederungsbez><gliederungstitel>Pflichten des Karteninhabers; Ungültigkeit und Einziehung</gliederungstitel></gliederungseinheit></metadaten><textdaten/></norm>
<norm builddate="20250221223011" doknr="BJNR084610019BJNE002102130"><metadaten><jurabk>eIDKG</jurabk><enbez>§ 20</enbez><titel format="XML">Pflichten des Karteninhabers</titel></metadaten><textdaten><text format="XML"><Content><P>(1) Der Karteninhaber ist verpflichtet, der eID-Karte-Behörde unverzüglich <DL Font="normal" Type="arabic"><DT>1.</DT><DD Font="normal"><LA Size="normal">die eID-Karte vorzulegen, wenn eine Eintragung unrichtig ist,</LA></DD><DT>2.</DT><DD Font="normal"><LA Size="normal">die alte eID-Karte beim Empfang einer neuen eID-Karte abzugeben,</LA></DD><DT>3.</DT><DD Font="normal"><LA Size="normal">den Verlust der eID-Karte und ihr Wiederauffinden anzuzeigen sowie</LA></DD><DT>4.</DT><DD Font="normal"><LA Size="normal">im Falle der Ausgabe der eID-Karte im Wege des postalischen Versands anzuzeigen, wenn die Sendung unbefugt geöffnet worden ist oder die eID-Karte nicht enthält oder wenn die eID-Karte beschädigt ist oder eine Angabe auf der eID-Karte unrichtig ist.</LA></DD></DL></P><P>(2) Der Karteninhaber hat zumutbare Maßnahmen zu treffen, damit keine andere Person Kenntnis von der Geheimnummer erlangt. Die Geheimnummer darf insbesondere nicht auf der eID-Karte vermerkt oder in anderer Weise zusammen mit dieser aufbewahrt sowie im Fall des elektronischen Identitätsnachweises mit einem mobilen Endgerät nicht auf diesem gespeichert werden. Ist dem Karteninhaber bekannt, dass die Geheimnummer Dritten zur Kenntnis gelangt ist, soll er diese unverzüglich ändern oder die Funktion des elektronischen Identitätsnachweises sperren lassen. Satz 3 gilt entsprechend für den Fall, dass dem Karteninhaber bekannt wird, dass die Geheimnummer eines elektronischen Identitätsnachweises mit einem mobilen Endgerät Dritten zur Kenntnis gelangt ist.</P><P>(3) Der Karteninhaber soll durch technische und organisatorische Maßnahmen gewährleisten, dass der elektronische Identitätsnachweis nach § 12 nur in einer Umgebung eingesetzt wird, die nach dem jeweiligen Stand der Technik als sicher anzusehen ist. Dabei soll er insbesondere solche technischen Systeme und Bestandteile einsetzen, die vom Bundesamt für Sicherheit in der Informationstechnik als für diesen Einsatzzweck sicher bewertet werden.</P></Content></text><fussnoten/></textdaten></norm>
<norm builddate="20250221223011" doknr="BJNR084610019BJNE002200000"><metadaten><jurabk>eIDKG</jurabk><enbez>§ 21</enbez><titel format="XML">Ungültigkeit</titel></metadaten><textdaten><text format="XML"><Content><P>(1) Eine eID-Karte ist ungültig, wenn <DL Type="arabic"><DT>1.</DT><DD Font="normal"><LA>Eintragungen nach diesem Gesetz fehlen oder mit Ausnahme der Angabe über die Anschrift unzutreffend sind oder</LA></DD><DT>2.</DT><DD Font="normal"><LA>die Gültigkeitsdauer abgelaufen ist.</LA></DD></DL></P><P>(2) Die eID-Karte-Behörde hat eine eID-Karte für ungültig zu erklären, wenn die Voraussetzungen für ihre Erteilung im Zeitpunkt der Ausstellung nicht vorgelegen haben oder nachträglich weggefallen sind.</P></Content></text></textdaten></norm>
<norm builddate="20250221223011" doknr="BJNR084610019BJNE002300000"><metadaten><jurabk>eIDKG</jurabk><enbez>§ 22</enbez><titel format="XML">Einziehung und Sicherstellung</titel></metadaten><textdaten><text format="XML"><Content><P>(1) Eine ungültige eID-Karte kann eingezogen werden.</P><P>(2) Eine eID-Karte kann sichergestellt werden, wenn <DL Type="arabic"><DT>1.</DT><DD Font="normal"><LA>eine Person sie unberechtigt besitzt oder</LA></DD><DT>2.</DT><DD Font="normal"><LA>Tatsachen die Annahme rechtfertigen, dass die <NB>eID-Karte</NB> ungültig ist.</LA></DD></DL></P><P>(3) Eine Sicherstellung oder Einziehung ist schriftlich zu bestätigen.</P><P>(4) Widerspruch und Anfechtungsklage haben in den Fällen der Absätze 1 und 2 keine aufschiebende Wirkung.</P></Content></text></textdaten></norm>
<norm builddate="20250221223011" doknr="BJNR084610019BJNG000700000"><metadaten><jurabk>eIDKG</jurabk><gliederungseinheit><gliederungskennzahl>070</gliederungskennzahl><gliederungsbez>Abschnitt 7</gliederungsbez><gliederungstitel>Gebühren und Auslagen; Bußgeldvorschriften</gliederungstitel></gliederungseinheit></metadaten><textdaten/></norm>
<norm builddate="20250221223011" doknr="BJNR084610019BJNE002401130"><metadaten><jurabk>eIDKG</jurabk><enbez>§ 23</enbez><titel format="XML">Gebühren und Auslagen; Verordnungsermächtigung</titel></metadaten><textdaten><text format="XML"><Content><P>(1) Für individuell zurechenbare öffentliche Leistungen nach diesem Gesetz erheben die eID-Karte-Behörden Gebühren und Auslagen nach den Absätzen 2 und 3.</P><P>(2) Die Gebühr soll die mit der individuell zurechenbaren öffentlichen Leistung verbundenen Kosten aller an der Leistung Beteiligten decken. In die Gebühr sind die mit der Leistung regelmäßig verbundenen Auslagen einzubeziehen. Zur Ermittlung der Gebühr sind die Kosten, die nach betriebswirtschaftlichen Grundsätzen als Einzel- und Gemeinkosten zurechenbar und ansatzfähig sind, insbesondere Personal- und Sachkosten sowie kalkulatorische Kosten, zu Grunde zu legen. Zu den Gemeinkosten zählen auch die Kosten der Rechts- und Fachaufsicht. Grundlage der Gebührenermittlung nach den Sätzen 1 bis 4 sind Kosten, die in der Gesamtheit der Länder mit der jeweiligen Leistung verbunden sind. § 3 Absatz 1 und 2, die §§ 5 bis 7, 9 Absatz 3 bis 6 und die §§ 10 bis 12 des Bundesgebührengesetzes gelten entsprechend.</P><P>(3) Das Bundesministerium des Innern und für Heimat wird ermächtigt, für den Bereich der Landesverwaltung durch Rechtsverordnung mit Zustimmung des Bundesrates die gebührenpflichtigen Tatbestände, die Gebührenhöhe und die Auslagenerstattung näher zu bestimmen.</P><P>(4) Das Auswärtige Amt kann durch Besondere Gebührenverordnung nach § 22 Absatz 4 des Bundesgebührengesetzes bestimmen, dass von den Auslandsvertretungen der Bundesrepublik Deutschland für individuell zurechenbare öffentliche Leistungen nach diesem Gesetz und den auf diesem Gesetz beruhenden Rechtsverordnungen zum Ausgleich von Kaufkraftunterschieden ein Zuschlag erhoben wird. Der Zuschlag kann bis zu 300 Prozent betragen.</P></Content></text><fussnoten/></textdaten></norm>
<norm builddate="20250221223011" doknr="BJNR084610019BJNE002500000"><metadaten><jurabk>eIDKG</jurabk><enbez>§ 24</enbez><titel format="XML">Bußgeldvorschriften</titel></metadaten><textdaten><text format="XML"><Content><P>(1) Ordnungswidrig handelt, wer <DL Type="arabic"><DT>1.</DT><DD Font="normal"><LA>entgegen § 8 Absatz 2 Satz 1 eine Angabe nicht richtig macht,</LA></DD><DT>2.</DT><DD Font="normal"><LA>entgegen § 12 Absatz 2 einen elektronischen Identitätsnachweis nutzt oder</LA></DD><DT>3.</DT><DD Font="normal"><LA>entgegen § 20 Absatz 1 Nummer 3 eine Anzeige nicht oder nicht rechtzeitig erstattet.</LA></DD></DL></P><P>(2) Die Ordnungswidrigkeit kann in den Fällen des Absatzes 1 Nummer 2 mit einer Geldbuße bis zu dreißigtausend Euro und in den übrigen Fällen mit einer Geldbuße bis zu dreitausend Euro geahndet werden.</P></Content></text></textdaten></norm>
<norm builddate="20250221223011" doknr="BJNR084610019BJNE002603130"><metadaten><jurabk>eIDKG</jurabk><enbez>§ 25</enbez><titel format="XML">Verordnungsermächtigung</titel></metadaten><textdaten><text format="XML"><Content><P>Das Bundesministerium des Innern und für Heimat wird ermächtigt, im Benehmen mit dem Auswärtigen Amt und mit Zustimmung des Bundesrates durch Rechtsverordnung <DL Font="normal" Type="arabic"><DT>1.</DT><DD Font="normal"><LA Size="normal">das Muster der eID-Karte zu bestimmen,</LA></DD><DT>2.</DT><DD Font="normal"><LA Size="normal">den Zugriffsschutz auf die im Chip abgelegten Daten zu regeln,</LA></DD><DT>3.</DT><DD Font="normal"><LA Size="normal">die Einzelheiten des Antragsverfahrens zu regeln,</LA></DD><DT>4.</DT><DD Font="normal"><LA Size="normal">die Einzelheiten über das Verfahren der Übermittlung sämtlicher Antragsdaten von den eID-Karte-Behörden an den Kartenhersteller zu regeln,</LA></DD><DT>5.</DT><DD Font="normal"><LA Size="normal">die Herstellung der eID-Karte und die Übermittlung und Übergabe von Geheimnummer, Entsperrnummer und Sperrkennwort zu regeln,</LA></DD><DT>6.</DT><DD Font="normal"><LA Size="normal">Einzelheiten der Aushändigung und den Versand der eID-Karte zu regeln,</LA></DD><DT>7.</DT><DD Font="normal"><LA Size="normal">die Änderung von Daten der eID-Karte wie den Namen oder die Anschrift, einschließlich des Verfahrens der Änderung der Anschrift auf dem elektronischen Speicher- und Verarbeitungsmedium nach einer elektronischen Anmeldung gemäß § 23a des Bundesmeldegesetzes, zu regeln,</LA></DD><DT>8.</DT><DD Font="normal"><LA Size="normal">die Einzelheiten zur Nutzung des elektronischen Identitätsnachweises und des Vor-Ort-Auslesens zu regeln,</LA></DD><DT>8a.</DT><DD Font="normal"><LA Size="normal">die Einzelheiten zur Einrichtung und zur Nutzung des elektronischen Identitätsnachweises mit einem mobilen Endgerät, sowie zu den technischen Anforderungen an mobile Endgeräte nach § 2 Absatz 11 zu regeln,</LA></DD><DT>9.</DT><DD Font="normal"><LA Size="normal">die Einzelheiten <DL Font="normal" Type="alpha"><DT>a)</DT><DD Font="normal"><LA Size="normal">der Geheimnummer, einschließlich des Verfahrens des Neusetzens der Geheimnummer durch den Kartenhersteller nach elektronisch gestelltem Antrag,</LA></DD><DT>b)</DT><DD Font="normal"><LA Size="normal">der Sperrung und Entsperrung sowie</LA></DD><DT>c)</DT><DD Font="normal"><LA Size="normal">der Speicherung und Löschung der Sperrmerkmale und des Sperrkennworts</LA></DD></DL> festzulegen,</LA></DD><DT>10.</DT><DD Font="normal"><LA Size="normal">die sicherheitstechnischen Rahmenbedingungen festzulegen, die vorliegen müssen, damit öffentliche und private Stellen ein Benutzerkonto nach § 14 in Verbindung mit § 19 Absatz 5 des Personalausweisgesetzes anlegen und betreiben dürfen,</LA></DD><DT>11.</DT><DD Font="normal"><LA Size="normal">die Einzelheiten der Vergabe der Berechtigungen und der Berechtigungszertifikate festzulegen,</LA></DD><DT>12.</DT><DD Font="normal"><LA Size="normal">die Einzelheiten zur Durchführung von automatisierten Mitteilungen oder automatisierten Abrufen nach § 19a sowie zur Form und zum Inhalt der zu übermittelnden Daten festzulegen.</LA></DD></DL>In einer Rechtsverordnung nach Satz 1 Nummer 8a sind Regelungen zu Maßnahmen gegen eine missbräuchliche Verwendung bei der Einrichtung eines elektronischen Identitätsnachweises mit einem mobilen Endgerät vorzusehen.</P></Content></text><fussnoten/></textdaten></norm>
<norm builddate="20250221223011" doknr="BJNR084610019BJNE002700000"><metadaten><jurabk>eIDKG</jurabk><enbez>§ 26</enbez><titel format="XML">Übergangsvorschrift</titel></metadaten><textdaten><text format="XML"><Content><P>Abweichend von § 6 Absatz 1 Nummer 2 und § 7 Absatz 2 ist bis zum 31. Oktober 2021 für Antragsberechtigte mit gewöhnlichem Aufenthalt im Ausland diejenige Behörde nach § 6 Absatz 1 Nummer 1 zuständig, in deren Bezirk sich der Antragsberechtigte vorübergehend aufhält.</P></Content></text></textdaten></norm>
</dokumente>