<?xml version="1.0" encoding="UTF-8" ?><!DOCTYPE dokumente SYSTEM "http://www.gesetze-im-internet.de/dtd/1.01/gii-norm.dtd">
<dokumente builddate="20250306223016" doknr="BJNR066300010"><norm builddate="20250306223016" doknr="BJNR066300010"><metadaten><jurabk>GGArt91cVtr</jurabk><ausfertigung-datum manuell="ja">2009-11-20</ausfertigung-datum><fundstelle typ="amtlich"><periodikum>BGBl I</periodikum><zitstelle>2010, 663</zitstelle></fundstelle><kurzue>IT-Staatsvertrag</kurzue><langue>Vertrag über die Errichtung des IT-Planungsrats und über die Grundlagen der Zusammenarbeit beim Einsatz der Informationstechnologie in den Verwaltungen von Bund und Ländern – Vertrag zur Ausführung von Artikel 91c GG (Anlage des Gesetzes zum Vertrag über die Errichtung des IT-Planungsrats und über die Grundlagen der Zusammenarbeit beim Einsatz der Informationstechnologie in den Verwaltungen von Bund und Ländern – Vertrag zur Ausführung von Artikel 91c GG)</langue><standangabe checked="ja"><standtyp>Neuf</standtyp><standkommentar>Neugefasst durch Bek. v. 13.12.2019 I 2852</standkommentar></standangabe><standangabe checked="ja"><standtyp>Hinweis</standtyp><standkommentar>Änderung durch Vertrag v. 31.12.2023; 2024 I Nr. 326 iVm Art. 1 G v. 23.10.2024 I Nr. 326 textlich nachgewiesen, dokumentarisch noch nicht abschließend bearbeitet</standkommentar></standangabe><standangabe checked="ja"><standtyp>Sonst</standtyp><standkommentar>Der Vertrag tritt nach seinem § 7 Abs. 1 iVm Art. 2 Abs. 2 Satz 1 G v. 27.5.2010 I 662 nach Maßgaben mWv 1.4.2010 in Kraft</standkommentar></standangabe></metadaten><textdaten><fussnoten><Content><P><BR/> <pre xml:space="preserve">(+++ Textnachweis ab: 1.4.2010 +++)<BR/><BR/></pre>(+++ Text des Gesetzes siehe: GGArt91cVtrG +++) <BR/>Kurzbezeichnung: Eingef. durch Art. 1 Nr. 1 Vertrag v. 21.3.2019 I 1127 iVm Art. 1 G v. 4.8.2019 I 1126 iVm Bek. v. 13.12.2019 I 2851 mWv 1.10.2019</P></Content></fussnoten></textdaten></norm>
<norm builddate="20250306223016" doknr="BJNR066300010BJNE001101116"><metadaten><jurabk>GGArt91cVtr</jurabk><enbez>Inhaltsübersicht</enbez></metadaten><textdaten><text format="XML"><Content><TOC><P>Präambel</P><Ident Class="S0">Abschnitt I</Ident><Title Align="auto" Class="S0">Der IT-Planungsrat</Title><table colsep="0" frame="none" pgwide="1" rowsep="0" tocentry="%yes;"><tgroup align="left" char="" charoff="50" cols="2"><colspec colname="col1" colwidth="6*"/><colspec colname="col2" colwidth="49*"/><tbody valign="top"><row><entry VJ="1" colname="col1">§  1</entry><entry VJ="1" colname="col2">Einrichtung, Aufgaben, Beschlussfassung</entry></row></tbody></tgroup></table><Ident Class="S0">Abschnitt II</Ident><Title Align="auto" Class="S0">Gemeinsame Standards und<BR/> Sicherheitsanforderungen, Informationsaustausch</Title><table colsep="0" frame="none" pgwide="1" rowsep="0" tocentry="%yes;"><tgroup align="left" char="" charoff="50" cols="2"><colspec colname="col1" colwidth="6*"/><colspec colname="col2" colwidth="49*"/><tbody valign="top"><row><entry VJ="1" colname="col1" rowsep="0">§  2</entry><entry VJ="1" colname="col2" rowsep="0">Festlegung von IT-Interoperabilitäts- und IT-Sicherheitsstandards</entry></row><row><entry VJ="1" colname="col1" rowsep="0">§  3</entry><entry VJ="1" colname="col2" rowsep="0">Aufgaben im Bereich Verbindungsnetz</entry></row><row><entry VJ="1" colname="col1">§  4</entry><entry VJ="1" colname="col2">Informationsaustausch</entry></row></tbody></tgroup></table><Ident Class="S0">Abschnitt III</Ident><Title Align="auto" Class="S0">Gemeinsame Einrichtung<BR/> zur Unterstützung des IT-Planungsrats</Title><table colsep="0" frame="none" pgwide="1" rowsep="0" tocentry="%yes;"><tgroup align="left" char="" charoff="50" cols="2"><colspec colname="col1" colwidth="6*"/><colspec colname="col2" colwidth="49*"/><tbody valign="top"><row><entry VJ="1" colname="col1" rowsep="0">§  5</entry><entry VJ="1" colname="col2" rowsep="0">Errichtung und Aufgaben</entry></row><row><entry VJ="1" colname="col1" rowsep="0">§  6</entry><entry VJ="1" colname="col2" rowsep="0">Trägerschaft, Dienstherrnfähigkeit, anwendbares Recht</entry></row><row><entry VJ="1" colname="col1" rowsep="0">§  7</entry><entry VJ="1" colname="col2" rowsep="0">Organe</entry></row><row><entry VJ="1" colname="col1" rowsep="0">§  8</entry><entry VJ="1" colname="col2" rowsep="0">Aufsicht</entry></row><row><entry VJ="1" colname="col1" rowsep="0">§  9</entry><entry VJ="1" colname="col2" rowsep="0">Finanzierung</entry></row><row><entry VJ="1" colname="col1">§ 10</entry><entry VJ="1" colname="col2">Unzulässigkeit eines Insolvenzverfahrens</entry></row></tbody></tgroup></table><Ident Class="S0">Abschnitt IV</Ident><Title Align="auto" Class="S0">Schlussbestimmungen</Title><table colsep="0" frame="none" pgwide="1" rowsep="0" tocentry="%yes;"><tgroup align="left" char="" charoff="50" cols="2"><colspec colname="col1" colwidth="6*"/><colspec colname="col2" colwidth="49*"/><tbody valign="top"><row><entry VJ="1" colname="col1" rowsep="0">§ 11</entry><entry VJ="1" colname="col2" rowsep="0">Änderung, Kündigung</entry></row><row><entry VJ="1" colname="col1">§ 12</entry><entry VJ="1" colname="col2">Inkrafttreten, Außerkrafttreten, Übergangsregelung</entry></row></tbody></tgroup></table></TOC></Content></text><fussnoten/></textdaten></norm>
<norm builddate="20250306223016" doknr="BJNR066300010BJNE000102116"><metadaten><jurabk>GGArt91cVtr</jurabk><enbez>Präambel</enbez></metadaten><textdaten><text format="XML"><Content><Title Align="left"><B>Präambel</B></Title><P><DL Font="normal" Type="None"><DT/><DD Font="normal"><LA Size="normal">Das Land Baden-Württemberg,</LA><LA Size="normal">der Freistaat Bayern,</LA><LA Size="normal">das Land Berlin,</LA><LA Size="normal">das Land Brandenburg,</LA><LA Size="normal">die Freie Hansestadt Bremen,</LA><LA Size="normal">die Freie und Hansestadt Hamburg,</LA><LA Size="normal">das Land Hessen,</LA><LA Size="normal">das Land Mecklenburg-Vorpommern,</LA><LA Size="normal">das Land Niedersachsen,</LA><LA Size="normal">das Land Nordrhein-Westfalen,</LA><LA Size="normal">das Land Rheinland-Pfalz,</LA><LA Size="normal">das Saarland,</LA><LA Size="normal">der Freistaat Sachsen,</LA><LA Size="normal">das Land Sachsen-Anhalt,</LA><LA Size="normal">das Land Schleswig-Holstein und</LA><LA Size="normal">der Freistaat Thüringen</LA></DD></DL>sowie die<BR/>  Bundesrepublik Deutschland (im Weiteren „der Bund“ genannt)<BR/>  (im Folgenden „Vertragspartner“)<BR/>  sehen übereinstimmend die wachsenden Herausforderungen als Folge der Entwicklungen in der Informationstechnik. Der reibungslose und sichere Betrieb informationstechnischer Systeme stellt eine wesentliche Anforderung an die Aufrechterhaltung geordneter Abläufe in den Verwaltungen der Vertragspartner dar.<BR/>  Der Bund und die Länder haben mit der Erarbeitung des im Anhang zu diesem Vertrag wiedergegebenen „Gemeinsamen Grundverständnis der technischen und organisatorischen Ausgestaltung der Bund-Länder-Zusammenarbeit bei dem Verbindungsnetz und der IT-Steuerung“ die Grundlage für ein neues System der Bund-Länder-IT-Koordinierung erarbeitet und in die Beratungen der Kommission zur Modernisierung der Bund-Länder-Finanzbeziehungen (Föderalismuskommission II) eingebracht (Arbeitsunterlage AG 3 – 08). Hieraus hat die Föderalismuskommission II mit Artikel 91c des Grundgesetzes eine Grundlage für die IT-Koordinierung von Bund und Ländern entwickelt und beschlossen.<BR/>  Die Vertragspartner treffen daher auf der Grundlage des Artikel 91c des Grundgesetzes <DL Font="normal" Type="Dash"><DT>–</DT><DD Font="normal"><LA Size="normal">zur Einrichtung und Regelung der Arbeitsweise eines IT-Planungsrats als Steuerungsgremium der allgemeinen IT-Kooperation nach Artikel 91c Absatz 1 und 2 des Grundgesetzes,</LA></DD><DT>–</DT><DD Font="normal"><LA Size="normal">zu Planung, Errichtung, Betrieb und Weiterentwicklung von informationstechnischen Infrastrukturen, insbesondere auch zur Verbindung der informationstechnischen Netze von Bund und Ländern nach Maßgabe des gemäß Artikel 91c des Grundgesetzes erlassenen Bundesgesetzes, sowie</LA></DD><DT>–</DT><DD Font="normal"><LA Size="normal">zum Verfahren nach Artikel 91c Absatz 2 des Grundgesetzes zur Festlegung von IT-Standards und IT-Sicherheitsanforderungen, soweit dies der zur Erfüllung ihrer Aufgaben notwendige Datenaustausch erfordert,</LA></DD></DL>folgende Vereinbarung:</P></Content></text><fussnoten/></textdaten></norm>
<norm builddate="20250306223016" doknr="BJNR066300010BJNG000101116"><metadaten><jurabk>GGArt91cVtr</jurabk><gliederungseinheit><gliederungskennzahl>010</gliederungskennzahl><gliederungsbez>Abschnitt I</gliederungsbez><gliederungstitel>Der IT-Planungsrat</gliederungstitel></gliederungseinheit></metadaten><textdaten><fussnoten/></textdaten></norm>
<norm builddate="20250306223016" doknr="BJNR066300010BJNE000202116"><metadaten><jurabk>GGArt91cVtr</jurabk><enbez>§ 1</enbez><titel format="XML">Einrichtung, Aufgaben, Beschlussfassung</titel></metadaten><textdaten><text format="XML"><Content><P>(1) Der Planungsrat für die IT-Zusammenarbeit der öffentlichen Verwaltung zwischen Bund und Ländern (IT-Planungsrat) <DL Font="normal" Type="arabic"><DT>1.</DT><DD Font="normal"><LA Size="normal">koordiniert die Zusammenarbeit von Bund und Ländern in Fragen der Informationstechnik;</LA></DD><DT>2.</DT><DD Font="normal"><LA Size="normal">beschließt fachunabhängige und fachübergreifende IT-Interoperabilitäts- und IT-Sicherheitsstandards;</LA></DD><DT>3.</DT><DD Font="normal"><LA Size="normal">koordiniert und unterstützt die Zusammenarbeit von Bund und Ländern in Fragen der Digitalisierung von Verwaltungsleistungen;</LA></DD><DT>4.</DT><DD Font="normal"><LA Size="normal">steuert Projekte und Produkte des informations- und kommunikationstechnisch unterstützten Regierens und Verwaltens, die dem IT-Planungsrat zugewiesen werden;</LA></DD><DT>5.</DT><DD Font="normal"><LA Size="normal">übernimmt die in § 3 genannten Aufgaben für das Verbindungsnetz nach Maßgabe des dort angeführten Gesetzes.</LA></DD></DL>Der IT-Planungsrat berichtet grundsätzlich an die Konferenz des Chefs des Bundeskanzleramtes mit den Chefs der Staats- und Senatskanzleien. Er vereint die bisherigen Gremien und Untergremien der gemeinsamen IT-Steuerung. Der IT-Planungsrat bedient sich zu seiner Unterstützung nach Maßgabe der §§ 5 bis 10 einer gemeinsamen Einrichtung.</P><P>(2) Dem IT-Planungsrat gehören als Mitglieder an: <DL Font="normal" Type="arabic"><DT>1.</DT><DD Font="normal"><LA Size="normal">der Beauftragte der Bundesregierung für Informationstechnik,</LA></DD><DT>2.</DT><DD Font="normal"><LA Size="normal">jeweils ein für Informationstechnik zuständiger Vertreter jedes Landes.</LA></DD></DL>Der Bund und die Länder stellen sicher, dass ihre Vertreter über die erforderliche Entscheidungskompetenz verfügen. Drei Vertreter der Gemeinden und Gemeindeverbände, die von den kommunalen Spitzenverbänden auf Bundesebene entsandt werden, sowie der Bundesbeauftragte für den Datenschutz und die Informationsfreiheit können an den Sitzungen des IT-Planungsrats beratend teilnehmen.</P><P>(3) Den Vorsitz im IT-Planungsrat übernehmen im jährlichen Wechsel der Bund und die Länder. Die Länder regeln die Reihenfolge ihres Vorsitzes untereinander.</P><P>(4) Der IT-Planungsrat tagt mindestens zweimal im Jahr oder auf Antrag des Bundes oder dreier Länder.</P><P>(5) Der IT-Planungsrat entscheidet durch Beschluss oder Empfehlung. Er entscheidet auf Antrag des Bundes oder dreier Länder. Entscheidungen des IT-Planungsrats werden im elektronischen Bundesanzeiger veröffentlicht.</P><P>(6) Der IT-Planungsrat beteiligt die jeweilige Fachministerkonferenz, soweit deren Fachplanungen von seinen Entscheidungen betroffen werden.</P><P>(7) Beschlüsse des IT-Planungsrats bedürfen, soweit in diesem Vertrag oder durch Gesetz nicht etwas anderes bestimmt ist, der Zustimmung des Bundes und einer Mehrheit von elf Ländern, welche mindestens zwei Drittel ihrer Finanzierungsanteile nach dem Königsteiner Schlüssel abbildet. Empfehlungen für die öffentliche Verwaltung kann der IT-Planungsrat mit einfacher Mehrheit der anwesenden Mitglieder aussprechen.</P><P>(8) Der IT-Planungsrat gibt sich eine Geschäftsordnung. Darin sind insbesondere Regelungen vorzusehen, die sicherstellen, dass, sofern erforderlich, eine Kabinettsbehandlung oder andere notwendige Abstimmungen über einen im IT-Planungsrat vorgesehenen Beschluss rechtzeitig durchgeführt werden können.</P></Content></text><fussnoten/></textdaten></norm>
<norm builddate="20250306223016" doknr="BJNR066300010BJNG000202116"><metadaten><jurabk>GGArt91cVtr</jurabk><gliederungseinheit><gliederungskennzahl>020</gliederungskennzahl><gliederungsbez>Abschnitt II</gliederungsbez><gliederungstitel>Gemeinsame Standards und Sicherheitsanforderungen, Informationsaustausch</gliederungstitel></gliederungseinheit></metadaten><textdaten><fussnoten/></textdaten></norm>
<norm builddate="20250306223016" doknr="BJNR066300010BJNE000402116"><metadaten><jurabk>GGArt91cVtr</jurabk><enbez>§ 2</enbez><titel format="XML">Festlegung von IT-Interoperabilitäts- und IT-Sicherheitsstandards</titel></metadaten><textdaten><text format="XML"><Content><P>(1) Für den im Rahmen ihrer Aufgabenerfüllung notwendigen Austausch von Daten zwischen dem Bund und den Ländern sollen gemeinsame Standards für die auszutauschenden Datenobjekte, Datenformate und Standards für Verfahren, die zur Datenübertragung erforderlich sind, sowie IT-Sicherheitsstandards festgelegt werden, soweit nicht eine spezialgesetzliche Regelungsbefugnis vorliegt. Hierbei ist vorrangig auf bestehende Marktstandards abzustellen.</P><P>(2) Beschlüsse über Standards im Sinne des Absatz 1 werden vom IT-Planungsrat mit der Zustimmung des Bundes und einer Mehrheit von elf Ländern, welche mindestens zwei Drittel ihrer Finanzierungsanteile nach dem Königsteiner Schlüssel abbildet, gefasst, soweit dies zum bund-länderübergreifenden Datenaustausch oder zur Vereinheitlichung des Datenaustauschs der öffentlichen Verwaltung mit Bürgern und Wirtschaft notwendig ist. Diese Beschlüsse entfalten Bindungswirkung und werden vom Bund und den Ländern innerhalb jeweils vom IT-Planungsrat festzusetzender Fristen in ihren jeweiligen Verwaltungsräumen umgesetzt.</P><P>(3) Vor einer Beschlussfassung über verbindliche Standards im Sinne des Absatz 1 wird auf Antrag des Bundes oder dreier Länder grundsätzlich der Bedarf für einen solchen Beschluss sowie die IT-fachliche Qualität und Widerspruchsfreiheit des vorgesehenen Standards durch eine vom IT-Planungsrat bestimmte, unabhängige Einrichtung geprüft. Die Einrichtung kann in ihre Prüfung weitere Personen oder Einrichtungen, insbesondere Fachleute aus Wirtschaft und Wissenschaft, einbeziehen. Der IT-Planungsrat entscheidet unter Einbeziehung der Ergebnisse der Prüfung; er ist dabei nicht an die Ergebnisse der Prüfung gebunden.</P></Content></text><fussnoten/></textdaten></norm>
<norm builddate="20250306223016" doknr="BJNR066300010BJNE000502116"><metadaten><jurabk>GGArt91cVtr</jurabk><enbez>§ 3</enbez><titel format="XML">Aufgaben im Bereich Verbindungsnetz</titel></metadaten><textdaten><text format="XML"><Content><P>Der IT-Planungsrat nimmt die Aufgaben des Koordinierungsgremiums nach Maßgabe des aufgrund von Artikel 91c Absatz 4 des Grundgesetzes ergangenen Bundesgesetzes wahr.</P></Content></text><fussnoten/></textdaten></norm>
<norm builddate="20250306223016" doknr="BJNR066300010BJNE000602116"><metadaten><jurabk>GGArt91cVtr</jurabk><enbez>§ 4</enbez><titel format="XML">Informationsaustausch</titel></metadaten><textdaten><text format="XML"><Content><P>Der Bund und die Länder informieren sich möglichst frühzeitig über beabsichtigte Vorhaben zur Einrichtung und Entwicklung informationstechnischer Systeme, um eine bedarfsgerechte Zusammenarbeit zu ermöglichen.</P></Content></text><fussnoten/></textdaten></norm>
<norm builddate="20250306223016" doknr="BJNR066300010BJNG000401116"><metadaten><jurabk>GGArt91cVtr</jurabk><gliederungseinheit><gliederungskennzahl>030</gliederungskennzahl><gliederungsbez>Abschnitt III</gliederungsbez><gliederungstitel>Gemeinsame Einrichtung zur Unterstützung des IT-Planungsrats</gliederungstitel></gliederungseinheit></metadaten><textdaten><fussnoten/></textdaten></norm>
<norm builddate="20250306223016" doknr="BJNR066300010BJNE001201116"><metadaten><jurabk>GGArt91cVtr</jurabk><enbez>§ 5</enbez><titel format="XML">Errichtung und Aufgaben</titel></metadaten><textdaten><text format="XML"><Content><P>(1) Die Vertragspartner errichten mit Wirkung zum 1. Januar 2020 eine rechtsfähige Anstalt des öffentlichen Rechts (gemeinsame Anstalt). Sie trägt die Bezeichnung „FITKO“ (Föderale IT-Kooperation) und hat ihren Sitz in Frankfurt am Main. Die gemeinsame Anstalt hat die Aufgabe, den IT-Planungsrat organisatorisch, fachlich und bei der Wahrnehmung der Aufgaben nach § 1 Absatz 1 zu unterstützen. Das Nähere regelt der IT-Planungsrat durch einstimmigen Beschluss und trifft dabei insbesondere Regelungen zu den Aufgaben, Befugnissen, der Wirtschaftsführung und Leitung der gemeinsamen Anstalt und ihrer Organe (Gründungsbeschluss).</P><P>(2) Der Gründungsbeschluss soll vorsehen, dass die gemeinsame Anstalt die Aufgaben bestehender Strukturen für Projekte und Produkte des IT-Planungsrats übernimmt. Er kann eine Rechtsnachfolge vorsehen und die hierzu bestehenden Verwaltungsabkommen außer Kraft setzen.</P><P>(3) Änderungen des Gründungsbeschlusses bedürfen der Zustimmung aller Mitglieder des IT-Planungsrats.</P><P>(4) Zur Wahrnehmung von Querschnittsaufgaben soll sich die gemeinsame Anstalt Dritter bedienen.</P></Content></text><fussnoten/></textdaten></norm>
<norm builddate="20250306223016" doknr="BJNR066300010BJNE001301116"><metadaten><jurabk>GGArt91cVtr</jurabk><enbez>§ 6</enbez><titel format="XML">Trägerschaft, Dienstherrnfähigkeit, anwendbares Recht</titel></metadaten><textdaten><text format="XML"><Content><P>(1) Träger der gemeinsamen Anstalt sind die Vertragspartner zu gleichen Teilen. Die Anteile an der gemeinsamen Anstalt sind nicht übertragbar.</P><P>(2) Die gemeinsame Anstalt besitzt Dienstherrnfähigkeit.</P><P>(3) Für die Errichtung und den Betrieb der gemeinsamen Anstalt gilt das hessische Landesrecht, soweit in diesem Staatsvertrag, im Gründungsbeschluss oder in der Satzung der gemeinsamen Anstalt nichts anderes bestimmt ist. Für die Beamten der gemeinsamen Anstalt findet daneben das Beamtenstatusgesetz Anwendung. Für die Beschäftigten und Auszubildenden der gemeinsamen Anstalt gilt der Tarifvertrag für den Öffentlichen Dienst des Landes Hessen (TV-H) beziehungsweise der Tarifvertrag für Auszubildende des Landes Hessen in Ausbildungsberufen nach dem Berufsbildungsgesetz (TVA-H BBiG) einschließlich der diese Tarifverträge ergänzenden, ändernden und ersetzenden Tarifverträge in der jeweils geltenden Fassung. Beschäftigte nach Satz 3 können in einem außertariflichen Beschäftigungsverhältnis beschäftigt werden, soweit dies für die Durchführung der Aufgaben erforderlich ist und der Stellenplan eine entsprechende Ermächtigung enthält.</P><P>(4) Die gemeinsame Anstalt kann mit Zustimmung des Sitzlandes Aufgaben der Personalverwaltung und Personalwirtschaft einschließlich der Verarbeitung der hierfür erforderlichen Personalaktendaten auf Dienststellen des Sitzlandes übertragen. Diesen Stellen dürfen personenbezogene Daten der Beschäftigten übermittelt werden, soweit deren Kenntnis zur Erfüllung der übertragenen Aufgaben erforderlich ist.</P><P>(5) Der Versorgungslastenteilungs-Staatsvertrag über die Verteilung der Versorgungslasten bei bund- und länderübergreifenden Dienstherrenwechseln ist anzuwenden.</P></Content></text><fussnoten/></textdaten></norm>
<norm builddate="20250306223016" doknr="BJNR066300010BJNE001401116"><metadaten><jurabk>GGArt91cVtr</jurabk><enbez>§ 7</enbez><titel format="XML">Organe</titel></metadaten><textdaten><text format="XML"><Content><P>(1) Die gemeinsame Anstalt wird von einem Präsidenten geleitet und vertreten. Er wird hierbei vom Verwaltungsrat beaufsichtigt.</P><P>(2) Der IT-Planungsrat nimmt die Funktion des Verwaltungsrats wahr. Entscheidungen des IT-Planungsrats, die er als Verwaltungsrat über Angelegenheiten der gemeinsamen Anstalt trifft, erfolgen nach Maßgabe des § 1 Absatz 7 Satz 1, soweit dieser Vertrag oder der Gründungsbeschluss keine abweichende Regelung enthält. Handelt es sich bei diesen Entscheidungen um die Satzung der gemeinsamen Anstalt und ihre Änderungen, so sind diese im elektronischen Bundesanzeiger zu veröffentlichen.</P><P>(3) Der Präsident wird vom IT-Planungsrat für die Dauer von höchstens fünf Jahren bestellt. Erneute Bestellungen sind zulässig. Der Präsident beruft einen Vertreter für den Fall seiner Abwesenheit.</P></Content></text><fussnoten/></textdaten></norm>
<norm builddate="20250306223016" doknr="BJNR066300010BJNE001501116"><metadaten><jurabk>GGArt91cVtr</jurabk><enbez>§ 8</enbez><titel format="XML">Aufsicht</titel></metadaten><textdaten><text format="XML"><Content><P>Die gemeinsame Anstalt unterliegt der Rechtsaufsicht der Vertragspartner. Die Rechtsaufsicht wird vom Sitzland ausgeübt. Das Sitzland stellt vor der Ausübung von aufsichtlichen Maßnahmen mit den Vertragspartnern Einvernehmen her, sofern nicht ein Eilfall entgegensteht. Jeder Vertragspartner kann beim Sitzland aufsichtliche Maßnahmen beantragen. Zuständige Stellen für Angelegenheiten der Rechtsaufsicht durch die Vertragspartner sind die Ministerien oder die Behörden, denen die jeweiligen Vertreter für Informationstechnik als Mitglieder des IT-Planungsrats (§ 1 Absatz 2) angehören.</P></Content></text><fussnoten/></textdaten></norm>
<norm builddate="20250306223016" doknr="BJNR066300010BJNE001601116"><metadaten><jurabk>GGArt91cVtr</jurabk><enbez>§ 9</enbez><titel format="XML">Finanzierung</titel></metadaten><textdaten><text format="XML"><Content><P>(1) Die gemeinsame Anstalt erhält zur Erfüllung ihrer Aufgaben von den Vertragspartnern Finanzmittel nach Maßgabe des Wirtschaftsplans und der jeweiligen Haushalte des Bundes und der Länder.</P><P>(2) Für die Jahre 2020 bis 2022 verpflichten sich die Vertragspartner darüber hinaus, ein Digitalisierungsbudget im Umfang von bis zu 180 Millionen Euro zur Verfügung zu stellen. Mit dem Digitalisierungsbudget sollen Projekte und Produkte für die Digitalisierung von Verwaltungsleistungen, die auf allen föderalen Ebenen zum Einsatz kommen, unterstützt werden. Das Digitalisierungsbudget sowie die daraus zu finanzierenden Projekte und Produkte werden im Wirtschaftsplan gesondert ausgewiesen.</P><P>(3) Der Wirtschaftsplan und seine Änderungen werden durch den IT-Planungsrat gemäß § 1 Absatz 7 beschlossen. Der Wirtschaftsplan sowie eventuelle Änderungen bedürfen der Zustimmung der Finanzministerkonferenz und des Bundesministeriums des Innern, für Bau und Heimat im Einvernehmen mit dem Bundesministerium der Finanzen. Sie sind der Konferenz der Chefs des Bundekanzleramtes mit den Chefs der Staats- und Senatskanzleien nach § 1 Absatz 1 Satz 2 vorzulegen.</P><P>(4) Die Finanzierung der gemeinsamen Anstalt und ihrer Aufgaben erfolgt nach dem Königsteiner Schlüssel, erweitert um einen festen Finanzierungsanteil des Bundes in Höhe von 25 Prozent, soweit im Wirtschaftsplan für einzelne Projekte oder Produkte keine abweichende Regelung getroffen wird. Das Sitzland trägt vorweg eine Sitzlandquote. Diese beträgt 10 Prozent der Personal- und Verwaltungskosten der FITKO, ohne die auf das Digitalisierungsbudget entfallenden Beträge. Für die über das Digitalisierungsbudget nach Absatz 2 zu finanzierenden Projekte und Produkte wird der Königsteiner Schlüssel mit einem festen Finanzierungsanteil des Bundes in Höhe von 35 Prozent zugrunde gelegt.</P><P>(5) Die Ausführung des Wirtschaftsplans steht unter dem Vorbehalt der jeweiligen haushaltsrechtlichen Ermächtigung der Vertragspartner.</P><P>(6) Die Rechnungshöfe der Vertragspartner prüfen die Haushalts- und Wirtschaftsführung der gemeinsamen Anstalt.</P><P>(7) Die Zuweisung der Finanzmittel aus dem Wirtschaftsplan für das erste Halbjahr 2020 erfolgt zum 2. Januar 2020. Zur Sicherstellung der unterbrechungsfreien Auszahlung der Besoldung der Beamten, die zum 1. Januar 2020 von einem Dienstverhältnis bei einem der Vertragspartner in die gemeinsame Anstalt wechseln, wird der abgebende Vertragspartner die Besoldung für den Januar 2020 auszahlen. Er erlangt einen Rückzahlungsanspruch in voller Höhe der geleisteten Zahlungen gegenüber der gemeinsamen Anstalt.</P></Content></text><fussnoten/></textdaten></norm>
<norm builddate="20250306223016" doknr="BJNR066300010BJNE001701116"><metadaten><jurabk>GGArt91cVtr</jurabk><enbez>§ 10</enbez><titel format="XML">Unzulässigkeit eines Insolvenzverfahrens</titel></metadaten><textdaten><text format="XML"><Content><P>Ein Insolvenzverfahren über das Vermögen der gemeinsamen Anstalt ist unzulässig.</P></Content></text><fussnoten/></textdaten></norm>
<norm builddate="20250306223016" doknr="BJNR066300010BJNG000302116"><metadaten><jurabk>GGArt91cVtr</jurabk><gliederungseinheit><gliederungskennzahl>040</gliederungskennzahl><gliederungsbez>Abschnitt IV</gliederungsbez><gliederungstitel>Schlussbestimmungen</gliederungstitel></gliederungseinheit></metadaten><textdaten><fussnoten/></textdaten></norm>
<norm builddate="20250306223016" doknr="BJNR066300010BJNE000702116"><metadaten><jurabk>GGArt91cVtr</jurabk><enbez>§ 11</enbez><titel format="XML">Änderung, Kündigung</titel></metadaten><textdaten><text format="XML"><Content><P>(1) Änderungen dieses Vertrages bedürfen einer einstimmigen Entscheidung der Vertragspartner.</P><P>(2) Dieser Vertrag kann von jedem Vertragspartner unter Einhaltung einer zweijährigen Frist zum Jahresende gekündigt werden. Die Kündigung ist durch Kundgabe an die gemeinsame Anstalt für den IT-Planungsrat gegenüber den übrigen Vertragspartnern schriftlich zu erklären.</P><P>(3) Die Kündigung gilt auch für die auf der Grundlage dieses Vertrages geschlossenen Vereinbarungen. Mit Wirksamwerden der Kündigung endet die Trägerschaft an der gemeinsamen Anstalt. Die Kündigung lässt das Bestehen des Vertrages und der auf der Grundlage dieses Vertrages geschlossenen Vereinbarungen für die übrigen Vertragspartner vorbehaltlich der Regelung des § 12 Absatz 2 unberührt.</P><P>(4) Die gemeinsame Anstalt besteht unter der Trägerschaft der übrigen Vertragspartner weiter. Zwischen den verbleibenden Vertragspartnern und dem kündigenden Vertragspartner wird eine öffentlich-rechtliche Vereinbarung über die Auseinandersetzung, insbesondere über die Verteilung des Aktivvermögens sowie die Übernahme der bestehenden Verbindlichkeiten und Versorgungslasten, geschlossen. In der Auseinandersetzungsvereinbarung sind auch die Konsequenzen für das Personal der gemeinsamen Anstalt zu regeln. Eine Kündigung nach Absatz 2 wird erst wirksam, wenn die Auseinandersetzungsvereinbarung vorliegt.</P></Content></text><fussnoten/></textdaten></norm>
<norm builddate="20250306223016" doknr="BJNR066300010BJNE000802116"><metadaten><jurabk>GGArt91cVtr</jurabk><enbez>§ 12</enbez><titel format="XML">Inkrafttreten, Außerkrafttreten, Übergangsregelung</titel></metadaten><textdaten><text format="XML"><Content><P>(1) Dieser Vertrag tritt am 1. April 2010 in Kraft. Sind bis zum 31. März 2010 nicht mindestens dreizehn Ratifikationsurkunden bei dem der Ministerpräsidentenkonferenz vorsitzenden Land hinterlegt, wird der Vertrag gegenstandslos.</P><P>(2) Der Vertrag tritt außer Kraft, wenn die Zahl der Vertragspartner zehn unterschreitet. Für diesen Fall enden seine Wirkungen mit dem Ablauf der Kündigungsfrist des zuletzt kündigenden Vertragspartners. Die gemeinsame Anstalt gilt mit dem Wirksamwerden der Kündigung des zuletzt kündigenden Vertragspartners als aufgelöst.</P><P>(3) Im Falle des Absatzes 2 gilt § 11 Absatz 4 Satz 2 entsprechend. Die Vertragspartner regeln die Übernahme von Beamten und Versorgungsempfängern der gemeinsamen Anstalt durch einen oder mehrere Vertragspartner im Rahmen der Auseinandersetzungsvereinbarung einvernehmlich, § 6 Absatz 5 ist entsprechend anzuwenden. Es gelten die Regelungen des dritten Abschnitts des Beamtenstatusgesetzes und des Hessischen Beamtengesetzes über den vollständigen Übergang der Aufgaben einer Körperschaft auf mehrere andere entsprechend. Die Vertragspartner sollen den Tarifbeschäftigten (einschließlich der Auszubildenden) der gemeinsamen Anstalt ein Übernahmeangebot zu einem oder mehreren der Vertragspartner stellen. Kündigungen der Vertragspartner, die zur Auflösung der gemeinsamen Anstalt nach Absatz 2 führen, werden erst wirksam, wenn die Auseinandersetzungsvereinbarung vorliegt.</P><P>(4) Bestehende Vereinbarungen der Vertragspartner über die gemeinschaftliche Aufgabenerledigung im Bereich informationstechnischer Systeme werden von den Bestimmungen dieses Vertrages, soweit sie diesen nicht widersprechen, nicht berührt. Mit dem Außerkrafttreten bereits bestehender Vereinbarungen werden die Bestimmungen dieses Vertrages auf sie anwendbar.</P><P>(5) Die nach § 2 des IT-Staatsvertrags in der Fassung vom 1. April 2010 beim Bundesministerium des Innern, für Bau und Heimat eingerichtete Geschäftsstelle wird bis zum 30. Juni 2020 fortgeführt. Danach gehen die Aufgaben der Geschäftsstelle auf die gemeinsame Anstalt über. Die gemeinsame Anstalt tritt insoweit in die Rechtsnachfolge ein.</P></Content></text><fussnoten/></textdaten></norm>
<norm builddate="20250306223016" doknr="BJNR066300010BJNE001001116"><metadaten><jurabk>GGArt91cVtr</jurabk><enbez>Anhang</enbez><titel format="XML">„Gemeinsames Grundverständnis der technischen und organisatorischen Ausgestaltung der Bund/Länder-Zusammenarbeit bei dem Verbindungsnetz und der IT-Steuerung“</titel></metadaten><textdaten><text format="XML"><Content><P>A. Verbindungsnetz <DL Font="normal" Type="arabic"><DT>1.</DT><DD Font="normal"><LA Size="normal">Bund und Länder tragen gemeinsam die Verantwortung für ein künftiges Verbindungsnetz.<DL Font="normal" Type="alpha"><DT>a)</DT><DD Font="normal"><LA Size="normal">Gemeinsam werden festgelegt: <DL Font="normal" Type="Dash"><DT>–</DT><DD Font="normal"><LA Size="normal">die Anforderungen (z. B. hinsichtlich Datenschutz, Sicherheit), die vom Verbindungsnetz zu erfüllen sind,</LA></DD><DT>–</DT><DD Font="normal"><LA Size="normal">die anzubietenden Anschlussklassen (inklusive beispielsweise Bandbreiten, Verfügbarkeiten),</LA></DD><DT>–</DT><DD Font="normal"><LA Size="normal">das Minimum anzubietender Dienste,</LA></DD><DT>–</DT><DD Font="normal"><LA Size="normal">die Anschlussbedingungen,</LA></DD><DT>–</DT><DD Font="normal"><LA Size="normal">die Kostenhöhe und -verteilung,</LA></DD><DT>–</DT><DD Font="normal"><LA Size="normal">das Verfahren bei Eilentscheidungen.</LA></DD></DL></LA></DD><DT>b)</DT><DD Font="normal"><LA Size="normal">In diesem Rahmen betreibt der Bund das Verbindungsnetz und setzt dabei die gemeinsamen Festlegungen um.</LA></DD></DL></LA></DD><DT>2.</DT><DD Font="normal"><LA Size="normal">Die Länder haben gemeinsam mit dem Bund den DOI-Netz e. V. gegründet. Von diesem wird gegenwärtig ein Verbindungsnetz vergeben. Diese Lösung soll zum nächstmöglichen Zeitpunkt in die neuen Strukturen überführt werden.</LA></DD><DT>3.</DT><DD Font="normal"><LA Size="normal">Der Bund betreibt gegenwärtig die Neugestaltung seiner IT-Netze in einer modularen Architektur und auf der Grundlage eines Transportnetzes auf Basis von Dark Fibre. Dies geschieht in ausschließlicher Zuständigkeit des Bundes. Unter Nutzung des Transportnetzes dieser ohnehin im Aufbau befindlichen bundesweiten IT-Netzinfrastruktur kann das Verbindungsnetz als eigenes VPN (einschließlich Zugangsnetz) realisiert werden. Möglich ist außerdem die optionale Nutzung von Diensten aus dem Portfolio (Warenkorb) des Projektes „Netze des Bundes“.</LA></DD><DT>4.</DT><DD Font="normal"><LA Size="normal">Der Bund ist die Vergabestelle für das Verbindungsnetz. Als Vergabestelle ist der Bund für die rechtlich korrekte Durchführung der Vergabe inklusive der Wahl des Vergabeverfahrens verantwortlich und wird nach dem Zuschlag Vertragspartner des Auftragnehmers.</LA></DD><DT>5.</DT><DD Font="normal"><LA Size="normal">Die Vergabeunterlagen werden vom Bund im Benehmen mit einem vom IT-Planungsrat eingesetzten Arbeitsgremium aus 3 Ländervertretern fertig gestellt.</LA></DD><DT>6.</DT><DD Font="normal"><LA Size="normal">Zur Beteiligung der Länder werden die Entwürfe der Vergabeunterlagen (inklusive Bewertungsmatrix) rechtzeitig vor der Veröffentlichung (z. B. in sogenannten „Leseräumen“<FnR ID="F809077_01_BJNR066300010BJNE001001116"/>) zur Einsicht bereit gestellt. Dies dient zum einen der Information der Länder über die Umsetzung der gemeinsam festgelegten Anforderungen, zum anderen kann so der dort vorhandene Sachverstand in die Erstellung der Vergabeunterlagen einfließen.</LA></DD><DT>7.</DT><DD Font="normal"><LA Size="normal">Sollten durch Anforderungen des Bundes, die über die gemeinsam festgelegten Anforderungen hinausgehen, zusätzliche Kosten entstehen, so sind diese vom Bund zu tragen. Das Verfahren zur Feststellung der Zusatzkosten regelt der IT-Planungsrat<FnR ID="F809077_02_BJNR066300010BJNE001001116"/>.</LA></DD><DT>8.</DT><DD Font="normal"><LA Size="normal">Um auch im laufenden Betrieb eine Beteiligung der Länder sicher zu stellen, beauftragt der IT-Planungsrat das dreiköpfige Arbeitsgremium damit, die Interessen der Länder bei der Steuerung des Betriebs einzubringen. Dies betrifft insbesondere grundsätzlichere Fragen der Steuerung. Operative Fragen (z. B. die Bestellung eines neuen Anschlusses, die Veränderung einer Anschlussklasse, die Zubuchung eines optionalen Dienstes etc.) werden hingegen über dafür geschaffene Prozesse abgewickelt.</LA></DD></DL></P><P>B. IT-Steuerung <DL Font="normal" Type="arabic"><DT>1.</DT><DD Font="normal"><LA Size="normal">Ein neues System der IT-Koordinierung von Bund und Ländern soll die bisherigen Gremien “Arbeitskreis der Staatssekretäre für E-Government in Bund und Ländern” (St-Runde Deutschland-Online) sowie “Kooperationsausschuss von Bund und Ländern für automatisierte Datenverarbeitung” (KoopA ADV) sowie alle Untergremien ablösen.</LA></DD><DT>2.</DT><DD Font="normal"><LA Size="normal">Die dauerhafte neue Struktur besteht aus einem „IT-Planungsrat“, in dem der Beauftragte der Bundesregierung für Informationstechnik, die für IT zuständigen Vertreter der Länder, Vertreter der drei kommunalen Spitzenverbände (ohne Stimmrecht) und der Bundesbeauftragte für den Datenschutz und die Informationsfreiheit (ohne Stimmrecht) vertreten sind. Der IT-Planungsrat berichtet an die Konferenz der Regierungschefs von Bund und Ländern.</LA></DD><DT>3.</DT><DD Font="normal"><LA Size="normal">Den Vorsitz übernehmen im jährlichen Wechsel Bund und Länder. Die Länder regeln die Rotation des Vorsitzes untereinander.</LA></DD><DT>4.</DT><DD Font="normal"><LA Size="normal">Die bisherige Geschäftsstelle Deutschland-Online im Bundesministerium des Innern wird Geschäftsstelle des IT-Planungsrates. Die Finanzierung der Geschäftsstelle übernimmt zur Hälfte der Bund, zur Hälfte übernehmen sie die Länder nach dem Königsteiner Schlüssel.</LA></DD><DT>5.</DT><DD Font="normal"><LA Size="normal">Der IT-Planungsrat hat folgende Aufgaben: <DL Font="normal" Type="alpha"><DT>a)</DT><DD Font="normal"><LA Size="normal">Koordinierung der Zusammenarbeit von Bund und Ländern in Fragen der Informationstechnik,</LA></DD><DT>b)</DT><DD Font="normal"><LA Size="normal">Beschlussfassung über fachunabhängige oder fachübergreifende IT-Interoperabilitäts- und IT-Sicherheitsstandards,</LA></DD><DT>c)</DT><DD Font="normal"><LA Size="normal">Steuerung von E-Government-Projekten, die dem IT-Planungsrat von der Konferenz der Regierungschefs von Bund und Ländern zugewiesen werden,</LA></DD><DT>d)</DT><DD Font="normal"><LA Size="normal">Planung und Weiterentwicklung des Verbindungsnetzes inklusive gemeinsamer Festlegung gemäß Ziffer A. 1 a) und Überwachung der Umsetzung der gemeinsamen Festlegungen,</LA></DD><DT>e)</DT><DD Font="normal"><LA Size="normal">Einsetzen eines Arbeitsgremiums zur Befassung mit Vergabeunterlagen (Einzelheiten unter A. 6) und grundsätzlicher Steuerung (A. 9).</LA></DD></DL></LA></DD><DT>6.</DT><DD Font="normal"><LA Size="normal">IT-Interoperabilitäts- und IT-Sicherheitsstandards <DL Font="normal" Type="Dash"><DT>–</DT><DD Font="normal"><LA Size="normal">werden vom IT-Planungsrat mit einfacher Mehrheit als Empfehlung für die öffentliche Verwaltung beschlossen;</LA></DD><DT>–</DT><DD Font="normal"><LA Size="normal">werden vom IT-Planungsrat mit noch auszugestaltender, qualifizierter Mehrheit beschlossen, soweit sie zum bund-länderübergreifenden Datenaustausch oder zur Vereinheitlichung des Datenaustausches der öffentlichen Verwaltung mit Bürgern und Wirtschaft erforderlich sind; sie entfalten Bindungswirkung, welche vom Bund und von den Ländern innerhalb von jeweils vom IT-Planungsrat festzusetzenden Fristen in ihren jeweiligen Verwaltungsräumen umgesetzt wird.</LA></DD></DL></LA></DD><DT>7.</DT><DD Font="normal"><LA Size="normal">Der IT-Planungsrat beteiligt die jeweilige Fachministerkonferenz, soweit deren Fachplanungen betroffen sind.</LA></DD><DT>8.</DT><DD Font="normal"><LA Size="normal">Vor der Beschlussfassung im IT-Planungsrat stimmen die Vertreter von Bund und Ländern die zu fassenden Beschlüsse innerhalb ihrer Regierung ab bzw. führen – soweit erforderlich – eine Befassung des jeweiligen Kabinetts herbei.</LA></DD><DT>9.</DT><DD Font="normal"><LA Size="normal">Vor einer Beschlussfassung über verbindliche Standards wird grundsätzlich der Bedarf für einen solchen Beschluss sowie die IT-fachliche Qualität und Widerspruchsfreiheit des vorgesehenen Standards durch eine vom IT-Planungsrat bestimmte unabhängige Einrichtung geprüft, diese kann in ihre Prüfung Wirtschaft und Wissenschaft einbeziehen. Der IT-Planungsrat entscheidet unter Einbeziehung der Ergebnisse der Prüfung; er ist dabei nicht an die Ergebnisse der Prüfung gebunden.</LA></DD></DL></P></Content><Footnotes><Footnote FnZ="1" Group="column" ID="F809077_01_BJNR066300010BJNE001001116" Pos="exp" Postfix=")">„Leseräume“ stellen angesichts der Zahl der Beteiligten sicher, dass die vertraulichen Dokumente nicht vor der Veröffentlichung bekannt werden und so das Vergabeverfahren gefährden.</Footnote><Footnote FnZ="2" Group="column" ID="F809077_02_BJNR066300010BJNE001001116" Pos="exp" Postfix=")">Das Antragsrecht zur Durchführung dieses Verfahrens haben der Bund oder drei Länder.</Footnote></Footnotes></text></textdaten></norm>
</dokumente>