<?xml version="1.0" encoding="UTF-8" ?><!DOCTYPE dokumente SYSTEM "http://www.gesetze-im-internet.de/dtd/1.01/gii-norm.dtd">
<dokumente builddate="20170630220045" doknr="BJNR010599989"><norm builddate="20170630220045" doknr="BJNR010599989"><metadaten><jurabk>StGBuaÄndG 1989</jurabk><ausfertigung-datum manuell="ja">1989-06-09</ausfertigung-datum><fundstelle typ="amtlich"><periodikum>BGBl I</periodikum><zitstelle>1989, 1059</zitstelle></fundstelle><langue>Gesetz zur Änderung des Strafgesetzbuches, der Strafprozeßordnung und des Versammlungsgesetzes und zur Einführung einer Kronzeugenregelung bei terroristischen Straftaten</langue><standangabe checked="ja"><standtyp>Stand</standtyp><standkommentar>Zuletzt geändert durch Art. 6 Abs. 18 G v. 13.4.2017 I 872</standkommentar></standangabe></metadaten><textdaten><fussnoten><Content><P>(+++ Textnachweis ab: 16.6.1989 +++)</P></Content></fussnoten></textdaten></norm>
<norm builddate="20170630220045" doknr="BJNR010599989BJNE000100333"><metadaten><jurabk>StGBuaÄndG 1989</jurabk><gliederungseinheit><gliederungskennzahl>000</gliederungskennzahl><gliederungsbez>-</gliederungsbez></gliederungseinheit><enbez>Eingangsformel</enbez></metadaten><textdaten><text format="XML"><Content><P>Der Bundestag hat mit Zustimmung des Bundesrates das folgende Gesetz beschlossen:</P></Content></text></textdaten></norm>
<norm builddate="20170630220045" doknr="BJNR010599989BJNG000100333"><metadaten><jurabk>StGBuaÄndG 1989</jurabk><gliederungseinheit><gliederungskennzahl>010</gliederungskennzahl><gliederungsbez>Art 1 bis 3</gliederungsbez><gliederungstitel/></gliederungseinheit></metadaten><textdaten><text format="XML"><Content><P/></Content></text><fussnoten/></textdaten></norm>
<norm builddate="20170630220045" doknr="BJNR010599989BJNG000200333"><metadaten><jurabk>StGBuaÄndG 1989</jurabk><gliederungseinheit><gliederungskennzahl>040</gliederungskennzahl><gliederungsbez>Art 4</gliederungsbez><gliederungstitel>Kronzeugenregelung bei terroristischen
Straftaten</gliederungstitel></gliederungseinheit></metadaten><textdaten><text format="XML"><Content><P/></Content></text></textdaten></norm>
<norm builddate="20170630220045" doknr="BJNR010599989BJNE000200333"><metadaten><jurabk>StGBuaÄndG 1989</jurabk><gliederungseinheit><gliederungskennzahl>040</gliederungskennzahl><gliederungsbez>Art 4</gliederungsbez><gliederungstitel/></gliederungseinheit><enbez>§ 1</enbez></metadaten><textdaten><text format="XML"><Content><P>Offenbart der Täter oder Teilnehmer einer Straftat nach § 129a des Strafgesetzbuches oder einer mit dieser Tat zusammenhängenden Straftat selbst oder durch Vermittlung eines Dritten gegenüber einer Strafverfolgungsbehörde sein Wissen über Tatsachen, deren Kenntnis geeignet ist, <DL Font="normal" Type="arabic"><DT>1.</DT><DD Font="normal"><LA Size="normal">die Begehung einer solchen Straftat zu verhindern,</LA></DD><DT>2.</DT><DD Font="normal"><LA Size="normal">die Aufklärung einer solchen Straftat, falls er daran beteiligt war, über seinen eigenen Tatbeitrag hinaus zu fördern oder</LA></DD><DT>3.</DT><DD Font="normal"><LA Size="normal">zur Ergreifung eines Täters oder Teilnehmers einer solchen Straftat zu führen,</LA></DD></DL>so kann der Generalbundesanwalt mit Zustimmung eines Strafsenats des Bundesgerichtshofes von der Verfolgung absehen, wenn die Bedeutung dessen, was der Täter oder Teilnehmer offenbart hat, insbesondere im Hinblick auf die Verhinderung künftiger Straftaten, dies im Verhältnis zu der eigenen Tat rechtfertigt.</P></Content></text><fussnoten><Content><P>(+++ Art. 4 § 1: Zur Anwendung vgl. Art. 4 § 5 +++)</P></Content></fussnoten></textdaten></norm>
<norm builddate="20170630220045" doknr="BJNR010599989BJNE000300333"><metadaten><jurabk>StGBuaÄndG 1989</jurabk><gliederungseinheit><gliederungskennzahl>040</gliederungskennzahl><gliederungsbez>Art 4</gliederungsbez><gliederungstitel/></gliederungseinheit><enbez>§ 2</enbez></metadaten><textdaten><text format="XML"><Content><P>In den Fällen des § 1 kann das Gericht im Urteil von Strafe absehen oder die Strafe nach seinem Ermessen mildern; dabei kann es bis zum gesetzlichen Mindestmaß der angedrohten Strafe herabgehen oder statt auf Freiheitsstrafe auf Geldstrafe erkennen. Beabsichtigt das Gericht, das Verfahren nach § 153b Abs. 2 der Strafprozeßordnung einzustellen, so ist die nach dieser Vorschrift erforderliche Zustimmung der Staatsanwaltschaft vom Generalbundesanwalt zu erteilen.</P></Content></text><fussnoten><Content><P>(+++ Art. 4 § 2: Zur Anwendung vgl. Art. 4 § 5 +++)</P></Content></fussnoten></textdaten></norm>
<norm builddate="20170630220045" doknr="BJNR010599989BJNE000400333"><metadaten><jurabk>StGBuaÄndG 1989</jurabk><gliederungseinheit><gliederungskennzahl>040</gliederungskennzahl><gliederungsbez>Art 4</gliederungsbez><gliederungstitel/></gliederungseinheit><enbez>§ 3</enbez></metadaten><textdaten><text format="XML"><Content><P>Die §§ 1 und 2 sind auf Straftaten nach § 220a des Strafgesetzbuches nicht anzuwenden. Bei Straftaten nach den §§ 211, 212 des Strafgesetzbuches ist ein Absehen von Verfolgung und Strafe nicht und eine Strafmilderung nach § 2 Satz 1 nur bis zu einer Mindeststrafe von drei Jahren zulässig; die Möglichkeit, von Verfolgung und Strafe wegen anderer, mit einer solchen Tat zusammenhängender Straftaten nach den §§ 1 und 2 abzusehen oder die Strafe nach § 2 zu mildern, bleibt unberührt. Satz 2 findet in den Fällen des Versuchs, der Anstiftung oder der Beihilfe keine Anwendung.</P></Content></text><fussnoten><Content><P>(+++ Art. 4 § 3: Zur Anwendung vgl. Art. 4 § 5 +++)</P></Content></fussnoten></textdaten></norm>
<norm builddate="20170630220045" doknr="BJNR010599989BJNE000500333"><metadaten><jurabk>StGBuaÄndG 1989</jurabk><gliederungseinheit><gliederungskennzahl>040</gliederungskennzahl><gliederungsbez>Art 4</gliederungsbez></gliederungseinheit><enbez>§ 4</enbez></metadaten><textdaten><text format="XML"><Content><P>Ein Dritter im Sinne des § 1 ist nicht verpflichtet anzuzeigen, was ihm in seiner Eigenschaft als Vermittler anvertraut worden ist.</P></Content></text></textdaten></norm>
<norm builddate="20170630220045" doknr="BJNR010599989BJNE000602307"><metadaten><jurabk>StGBuaÄndG 1989</jurabk><gliederungseinheit><gliederungskennzahl>040</gliederungskennzahl><gliederungsbez>Art 4</gliederungsbez></gliederungseinheit><enbez>§ 5</enbez></metadaten><textdaten><text format="XML"><Content><P>Die §§ 1 bis 3 sind nur anzuwenden, wenn das Wissen über die Tatsachen bis zum 31. Dezember 1999 offenbart worden ist.</P></Content></text><fussnoten/></textdaten></norm>
<norm builddate="20170630220045" doknr="BJNR010599989BJNG000501311"><metadaten><jurabk>StGBuaÄndG 1989</jurabk><gliederungseinheit><gliederungskennzahl>050</gliederungskennzahl><gliederungsbez>Art 5</gliederungsbez><gliederungstitel>Kronzeugenregelung bei organisiert begangenen Straftaten</gliederungstitel></gliederungseinheit></metadaten><textdaten><text format="XML"><Content><P>Artikel 4 §§ 1 bis 5 gilt sinngemäß für die Offenbarung durch einen Täter oder Teilnehmer einer Straftat nach § 129 des Strafgesetzbuches oder einer mit dieser Tat zusammenhängenden, mit zeitiger Freiheitsstrafe von mindestens einem Jahr bedrohten Tat, wenn die Zwecke oder die Tätigkeit der Vereinigung auf die Begehung von Taten im Sinne des § 100a Absatz 2 der Strafprozessordnung gerichtet sind. Gemäß Artikel 4 §§ 1 und 2 Satz 2 zuständig sind die Staatsanwaltschaft und das Gericht, das für die Hauptverhandlung zuständig wäre.</P></Content></text><fussnoten/></textdaten></norm>
<norm builddate="20170630220045" doknr="BJNR010599989BJNG000400333"><metadaten><jurabk>StGBuaÄndG 1989</jurabk><gliederungseinheit><gliederungskennzahl>060</gliederungskennzahl><gliederungsbez>Art 6</gliederungsbez><gliederungstitel>Inkrafttreten</gliederungstitel></gliederungseinheit></metadaten><textdaten><text format="XML"><Content><P>Dieses Gesetz tritt am Tage nach der Verkündung in Kraft.</P></Content></text></textdaten></norm>
</dokumente>