<?xml version="1.0" encoding="UTF-8" ?><!DOCTYPE dokumente SYSTEM "http://www.gesetze-im-internet.de/dtd/1.01/gii-norm.dtd">
<dokumente builddate="20211230214003" doknr="BJNR286500020"><norm builddate="20211230214003" doknr="BJNR286500020"><metadaten><jurabk>GaFG</jurabk><amtabk>GaFG</amtabk><ausfertigung-datum manuell="ja">2020-12-09</ausfertigung-datum><fundstelle typ="amtlich"><periodikum>BGBl I</periodikum><zitstelle>2020, 2865</zitstelle></fundstelle><kurzue>Ganztagsfinanzierungsgesetz</kurzue><langue>Gesetz zur Errichtung des Sondervermögens „Ausbau ganztägiger Bildungs- und Betreuungsangebote für Kinder im Grundschulalter“</langue><standangabe checked="ja"><standtyp>Stand</standtyp><standkommentar>Zuletzt geändert durch Art. 1 G v. 20.12.2021 I 5248</standkommentar></standangabe></metadaten><textdaten><fussnoten><Content><P><BR/> <pre xml:space="preserve">(+++ Textnachweis ab: 15.12.2020 +++)<BR/><BR/></pre></P></Content></fussnoten></textdaten></norm>
<norm builddate="20211230214003" doknr="BJNR286500020BJNE000100000"><metadaten><jurabk>GaFG</jurabk><enbez>§ 1</enbez><titel format="XML">Errichtung des Sondervermögens</titel></metadaten><textdaten><text format="XML"><Content><P>Es wird ein Sondervermögen des Bundes mit der Bezeichnung „Ausbau ganztägiger Bildungs- und Betreuungsangebote für Kinder im Grundschulalter“ errichtet.</P></Content></text></textdaten></norm>
<norm builddate="20211230214003" doknr="BJNR286500020BJNE000200000"><metadaten><jurabk>GaFG</jurabk><enbez>§ 2</enbez><titel format="XML">Zweck des Sondervermögens</titel></metadaten><textdaten><text format="XML"><Content><P>Aus dem Sondervermögen werden den Ländern Finanzhilfen für gesamtstaatlich bedeutsame Investitionen der Länder und Gemeinden (Gemeindeverbände) in den quantitativen und qualitativen investiven Ausbau ganztägiger Bildungs- und Betreuungsangebote zur Umsetzung des Rechtsanspruchs auf Ganztagsbetreuung im Grundschulalter gewährt. Die Finanzhilfen werden durch Finanzhilfegesetz aufgrund von Artikel 104c des Grundgesetzes gewährt.</P></Content></text></textdaten></norm>
<norm builddate="20211230214003" doknr="BJNR286500020BJNE000300000"><metadaten><jurabk>GaFG</jurabk><enbez>§ 3</enbez><titel format="XML">Stellung des Sondervermögens im Rechtsverkehr</titel></metadaten><textdaten><text format="XML"><Content><P>(1) Das Sondervermögen ist nicht rechtsfähig. Das Sondervermögen kann jedoch unter seinem Namen im Rechtsverkehr handeln, klagen und verklagt werden. Der allgemeine Gerichtsstand des Sondervermögens ist der Sitz der Bundesregierung.</P><P>(2) Das Bundesministerium für Familie, Senioren, Frauen und Jugend und das Bundesministerium für Bildung und Forschung verwalten das Sondervermögen. Sie können sich bei der Verwaltung des Sondervermögens anderer Bundesbehörden oder Dritter bedienen.</P><P>(3) Das Sondervermögen ist von dem übrigen Vermögen des Bundes, seinen Rechten und Verbindlichkeiten zu trennen.</P></Content></text></textdaten></norm>
<norm builddate="20211230214003" doknr="BJNR286500020BJNE000402126"><metadaten><jurabk>GaFG</jurabk><enbez>§ 4</enbez><titel format="XML">Finanzierung des Sondervermögens und Einsatz der Finanzmittel</titel></metadaten><textdaten><text format="XML"><Content><P>(1) Der Bund stellt dem Sondervermögen die folgenden Beträge zur Verfügung: <DL Font="normal" Type="arabic"><DT>1.</DT><DD Font="normal"><LA Size="normal">Basismittel in Höhe von 2 Milliarden Euro, davon <DL Font="normal" Type="alpha"><DT>a)</DT><DD Font="normal"><LA Size="normal">1 Milliarde Euro im Jahr 2020 und</LA></DD><DT>b)</DT><DD Font="normal"><LA Size="normal">1 Milliarde Euro im Jahr 2021,</LA></DD></DL></LA></DD><DT>2.</DT><DD Font="normal"><LA Size="normal">Bonusmittel im Jahr 2020 in Höhe von 750 Millionen Euro und</LA></DD><DT>3.</DT><DD Font="normal"><LA Size="normal">zum 31. Dezember 2020 den nach der Verwaltungsvereinbarung „Finanzhilfen des Bundes für das Investitionsprogramm zum beschleunigten Infrastrukturausbau der Ganztagsbetreuung für Grundschulkinder“ mit einem Gesamtvolumen von 750 Millionen Euro bereitgestellten und bis zum 31. Dezember 2020 nicht verausgabten Betrag.</LA></DD></DL></P><P>(2) Die Bonusmittel werden im Jahr 2022 den Basismitteln zugeführt.</P><P>(3) Verbleibt aus dem Betrag nach Absatz 1 Nummer 3 nach dem Ablauf des Förderzeitraums am 31. Dezember 2022 noch ein Restbetrag, so wird er den Basismitteln zugeführt.</P></Content></text><fussnoten/></textdaten></norm>
<norm builddate="20211230214003" doknr="BJNR286500020BJNE000500000"><metadaten><jurabk>GaFG</jurabk><enbez>§ 5</enbez><titel format="XML">Rücklagen des Sondervermögens</titel></metadaten><textdaten><text format="XML"><Content><P>Das Sondervermögen kann zur Erfüllung des gesetzlichen Zwecks Rücklagen bilden.</P></Content></text></textdaten></norm>
<norm builddate="20211230214003" doknr="BJNR286500020BJNE000600000"><metadaten><jurabk>GaFG</jurabk><enbez>§ 6</enbez><titel format="XML">Wirtschaftsplan für das Sondervermögen, Haushaltsrecht</titel></metadaten><textdaten><text format="XML"><Content><P>(1) Alle Einnahmen und Ausgaben des Sondervermögens werden in einem Wirtschaftsplan veranschlagt, der für das Jahr 2020 Anlage zu diesem Gesetz ist. Der Wirtschaftsplan ist einschließlich der Vorbemerkungen verbindlich. Ab dem Wirtschaftsjahr 2021 wird der Wirtschaftsplan zusammen mit dem Haushaltsgesetz festgestellt und dem Einzelplan 17 als Anlage beigefügt. Der Wirtschaftsplan ist in Einnahmen und Ausgaben auszugleichen. Der dem Sondervermögen zur Verfügung gestellte Betrag verbleibt bis zur Auszahlung unverzinslich im Kassenbereich des Bundes und wird bedarfsgerecht über das Sondervermögen ausgezahlt.</P><P>(2) Eine Kreditaufnahme durch das Sondervermögen ist nicht zulässig.</P></Content></text></textdaten></norm>
<norm builddate="20211230214003" doknr="BJNR286500020BJNE000700000"><metadaten><jurabk>GaFG</jurabk><enbez>§ 7</enbez><titel format="XML">Jahresrechnung für das Sondervermögen</titel></metadaten><textdaten><text format="XML"><Content><P>Das Bundesministerium für Familie, Senioren, Frauen und Jugend und das Bundesministerium für Bildung und Forschung stellen am Schluss eines jeden Rechnungsjahres die Rechnung über die Einnahmen und Ausgaben des Sondervermögens auf und fügen sie den Übersichten zur Haushaltsrechnung des Bundes bei.</P></Content></text></textdaten></norm>
<norm builddate="20211230214003" doknr="BJNR286500020BJNE000800000"><metadaten><jurabk>GaFG</jurabk><enbez>§ 8</enbez><titel format="XML">Verwaltungskosten des Sondervermögens</titel></metadaten><textdaten><text format="XML"><Content><P>Die Kosten für die Verwaltung des Sondervermögens trägt der Bund.</P></Content></text></textdaten></norm>
<norm builddate="20211230214003" doknr="BJNR286500020BJNE000900000"><metadaten><jurabk>GaFG</jurabk><enbez>§ 9</enbez><titel format="XML">Auflösung des Sondervermögens</titel></metadaten><textdaten><text format="XML"><Content><P>(1) Das Sondervermögen gilt am 31. Dezember des Jahres, in dem seine Mittel nach § 4 für die Erfüllung seiner gesetzlichen Aufgaben vollständig verbraucht sind, als aufgelöst, spätestens am 31. Dezember 2028.</P><P>(2) Ein verbleibendes Vermögen fällt dem Bund zu. Die Einzelheiten der Abwicklung des Sondervermögens nach seiner Auflösung bestimmt die Bundesregierung in einer Rechtsverordnung, die nicht der Zustimmung des Bundesrates bedarf.</P></Content></text></textdaten></norm>
<norm builddate="20211230214003" doknr="BJNR286500020BJNE001000000"><metadaten><jurabk>GaFG</jurabk><enbez>§ 10</enbez><titel format="XML">Inkrafttreten</titel></metadaten><textdaten><text format="XML"><Content><P>Dieses Gesetz tritt am Tag nach der Verkündung in Kraft.</P></Content></text></textdaten></norm>
<norm builddate="20211230214003" doknr="BJNR286500020BJNE001100000"><metadaten><jurabk>GaFG</jurabk><enbez>Anlage</enbez><titel format="XML">(zu § 6 Absatz 1 Satz 1)<BR/>Wirtschaftsplan des Sondervermögens „Ausbau ganztägiger Bildungs- und Betreuungsangebote für Kinder im Grundschulalter“</titel></metadaten><textdaten><text format="XML"><Content><P><noindex><kommentar typ="Fundstelle">(Fundstelle: BGBl. I 2020, 2867 - 2869)</kommentar></noindex></P><P/><Title Align="left"><B>Vorbemerkung</B></Title><P>Das Gesetz zur Errichtung des Sondervermögens „Ausbau ganztägiger Bildungs- und Betreuungsangebote für Kinder im Grundschulalter“ dient der Vorbereitung der Umsetzung des im Koalitionsvertrag zwischen CDU, CSU und SPD für die 19. Legislaturperiode vereinbarten Rechtsanspruchs auf Ganztagsbetreuung für Kinder im Grundschulalter. Um ein entsprechendes bedarfsgerechtes Angebot zu gewährleisten, sind gemeinsame Anstrengungen aller staatlichen Ebenen notwendig. Der Bund stellt daher Finanzhilfen auf der Basis von Artikel 104c des Grundgesetzes in Höhe von bis zu 3,5 Milliarden Euro zur Förderung von gesamtstaatlich bedeutsamen Investitionen der Länder, Gemeinden und Gemeindeverbände zur Steigerung der Leistungsfähigkeit der kommunalen Bildungsinfrastruktur zum Ausbau ganztägiger Bildungs- und Betreuungsangebote zur Verfügung. Der quantitative und qualitative investive Ausbau ganztägiger Bildungs- und Betreuungsangebote für Kinder im Grundschulalter ist in zweifacher Hinsicht wichtig. Zum einen bietet die Ganztagsbetreuung Bildungs- und Teilhabechancen für Kinder. Zum anderen erleichtern die Ganztagsangebote bei den Eltern die Vereinbarkeit von Beruf und Familie und fördern damit die tatsächliche Durchsetzung der Gleichberechtigung von Frauen und Männern gemäß Artikel 3 Absatz 2 Satz 1 des Grundgesetzes. Infolgedessen haben ganztägige Bildungs- und Betreuungsangebote positive Effekte auf den Arbeitsmarkt und auf das Wirtschaftswachstum.<BR/> Um diese Ziele zu erreichen, wurden und werden große Anstrengungen unternommen, die Angebote für Erziehung, Bildung und Betreuung zu verbessern. Betreuungsplätze wurden und werden quantitativ und qualitativ ausgebaut. Ab dem vollendeten ersten Lebensjahr bis zum Schuleintritt besteht für Kinder ein Rechtsanspruch auf Förderung in einer Tageseinrichtung oder in der Kindertagespflege. Einen vergleichbaren bundesweiten Anspruch für Kinder im Grundschulalter gibt es jedoch bisher nicht. Damit stellt die Einschulung der Kinder eine Herausforderung für berufstätige Eltern dar. Nach wie vor sind die Elternwünsche nach ganztägigen Bildungs- und Betreuungsangeboten für ihre Grundschulkinder nicht bedarfsdeckend erfüllt.<BR/> Damit der Rechtsanspruch auf einen Ganztagsplatz für Grundschulkinder ab dem Jahr 2025 erfüllt werden kann, gilt es, vor Ort ein bedarfsgerechtes Angebot vorzuhalten. Die Investitionen der Länder, Gemeinden und Gemeindeverbände in den hierfür notwendigen quantitativen und qualitativen investiven Ausbau benötigen einen längeren Vorlauf. Um diesen Umständen Rechnung zu tragen, errichtet der Bund ein Sondervermögen für Finanzhilfen des Bundes an die Länder für gesamtstaatlich bedeutsame Investitionen und führt diesem Sondervermögen in den Jahren 2020 und 2021 Basismittel in Höhe von je 1 Milliarde Euro zu.<BR/> Zur Umsetzung des umfassenden Konjunktur- und Krisenbewältigungspaketes, das als Reaktion auf die Corona-Krise beschlossen worden ist, werden dem Sondervermögen weitere Investitionsmittel in Höhe von 750 Millionen Euro im Jahr 2020 als Bonusmittel zugeführt. Darüber hinaus wird zum 31. Dezember 2020 dem Sondervermögen zur weiteren Umsetzung des Konjunktur- und Krisenbewältigungspaketes der Betrag, der aus den „Finanzhilfen des Bundes für das Investitionsprogramm zum beschleunigten Infrastrukturausbau der Ganztagsbetreuung für Grundschulkinder“ bis dahin nicht verausgabt worden ist, zugeführt. Der nach Ende des Förderzeitraums (31. Dezember 2021) verbleibende Restbetrag fließt den Bonusmitteln zu. Ziel des Konjunktur- und Krisenbewältigungspaketes insgesamt ist es, <DL Font="normal" Type="Dash"><DT>–</DT><DD Font="normal"><LA Size="normal">die Konjunktur zu stärken, Arbeitsplätze zu erhalten und die Wirtschaftskraft Deutschlands zu beleben,</LA></DD><DT>–</DT><DD Font="normal"><LA Size="normal">im weiteren Verlauf auftretende wirtschaftliche und soziale Härten abzufedern,</LA></DD><DT>–</DT><DD Font="normal"><LA Size="normal">Länder und Kommunen zu stärken und</LA></DD><DT>–</DT><DD Font="normal"><LA Size="normal">junge Menschen und Familien zu unterstützen.</LA></DD></DL></P><table colsep="0" frame="none" rowsep="0" tocentry="%yes;"><tgroup align="left" char="" charoff="50" cols="3"><colspec colname="col1" colwidth="20*"/><colspec align="justify" colname="col2" colwidth="125*"/><colspec align="right" colname="col3" colwidth="20*"/><tbody valign="top"><row><entry VJ="1" nameend="col3" namest="col1"><!-- SPLIT UMBAU : [Element: <B/>





][Element: 






<Split/>





][Element: <B/>]--><table colsep="0" frame="none" pgwide="1" rowsep="0" tocentry="%yes;"><tgroup align="left" char="" charoff="50" cols="2"><colspec align="left" colname="leftSplit"/><colspec align="right" colname="rightSplit"/><tbody Class="Split" valign="top"><row><entry VJ="1" colname="leftSplit"><B>Einnahmen</B></entry><entry VJ="1" colname="rightSplit" valign="bottom"><B>Soll 2020 in T€</B></entry></row></tbody></tgroup></table></entry></row><row><entry VJ="1" nameend="col3" namest="col1"><B>Verwaltungseinnahmen</B></entry></row><row><entry VJ="1" colname="col1">119 99-141</entry><entry VJ="1" colname="col2">Vermischte Einnahmen<BR/> Haushaltsvermerk: <DL Font="normal" Type="arabic"><DT>1.</DT><DD Font="normal"><LA Size="normal">Mehreinnahmen für den quantitativen und qualitativen investiven Ausbau ganztägiger Bildungs- und Betreuungsangebote für Kinder im Grundschulalter sind nach dem Ganztagsfinanzhilfegesetz zweckgebunden. Sie dienen nur zur Leistung der Mehrausgaben bei folgenden Titeln: 611 01 und 882 01.</LA></DD><DT>2.</DT><DD Font="normal"><LA Size="normal">Mehreinnahmen aus dem Konjunktur- und Krisenbewältigungspaket für die Förderung von Investitionen zum beschleunigten Ausbau von Ganztagsschulen und der Ganztagsbetreuung sind nach dem Ganztagsfinanzhilfegesetz zweckgebunden. Sie dienen nur zur Leistung der Mehrausgaben bei folgenden Titeln: 611 01 und 882 02.</LA></DD></DL></entry><entry VJ="1" colname="col3"/></row><row><entry VJ="1" nameend="col3" namest="col1"><B>Übrige Einnahmen</B></entry></row><row><entry VJ="1" colname="col1">154 01-141</entry><entry VJ="1" colname="col2">Zinseinnahmen aus dem Sondervermögen „Ausbau ganztägiger Bildungs- und Betreuungsangebote für Kinder im Grundschulalter“<BR/> Haushaltsvermerk:<BR/> Mehreinnahmen für den quantitativen und qualitativen investiven Ausbau ganztägiger Bildungs- und Betreuungsangebote für Kinder im Grundschulalter sind nach dem Ganztagsfinanzhilfegesetz zweckgebunden. Sie dienen nur zur Leistung der Mehrausgaben bei folgendem Titel: 611 01.</entry><entry VJ="1" colname="col3"/></row><row><entry VJ="1" colname="col1">331 01-141</entry><entry VJ="1" colname="col2">Zuweisung aus dem Bundeshaushalt für die Förderung von Investitionen zum quantitativen und qualitativen investiven Ausbau ganztägiger Bildungs- und Betreuungsangebote für Kinder im Grundschulalter<BR/> Haushaltsvermerk:<BR/> Ist-Einnahmen sind nach dem Ganztagsfinanzhilfegesetz zweckgebunden. Sie dienen nur zur Leistung der Ausgaben bei folgendem Titel: 882 01.<BR/> Erläuterung:<BR/> Der Titel dient als Verbuchungsstelle für Zuweisungen aus Kapitel 1702 Titel 884 04 und Kapitel 3002 Titel 884 40.</entry><entry VJ="1" colname="col3">1 000 000</entry></row><row><entry VJ="1" colname="col1">331 02-141</entry><entry VJ="1" colname="col2">Zuweisung aus dem Bundeshaushalt im Rahmen des Konjunktur- und Krisenbewältigungspaketes für die Förderung von Investitionen zum beschleunigten Ausbau von Ganztagsschulen und der Ganztagsbetreuung<BR/> Haushaltsvermerk:<BR/> Ist-Einnahmen sind nach dem Ganztagsfinanzhilfegesetz sowie nach der Verwaltungsvereinbarung über Finanzhilfen des Bundes für das Investitionsprogramm zum beschleunigten Infrastrukturausbau der Ganztagsbetreuung für Grundschulkinder in Verbindung mit dem Haushaltsgesetz 2020 zweckgebunden. Sie dienen nur zur Leistung der Ausgaben bei folgendem Titel: 882 02.<BR/> Erläuterung:<BR/> Der Titel dient als Verbuchungsstelle für Zuweisungen aus Kapitel 3002 Titel 884 41. Dieser Titel dient zusätzlich als Verbuchungsstelle für die Zuweisungen aus dem Bundeshaushalt 2020 aus Kapitel 1702 Titel 884 06 (nicht verausgabte Finanzhilfen aus Kapitel 1702 Titel 882 01). Dadurch können sich die Einnahmen um bis zu 750 000 T€ erhöhen.</entry><entry VJ="1" colname="col3">750 000</entry></row><row><entry VJ="1" nameend="col3" namest="col1"><!-- SPLIT UMBAU : [Element: <B/>





][Element: 






<Split/>





][Element: <B/>]--><table colsep="0" frame="none" pgwide="1" rowsep="0" tocentry="%yes;"><tgroup align="left" char="" charoff="50" cols="2"><colspec align="left" colname="leftSplit"/><colspec align="right" colname="rightSplit"/><tbody Class="Split" valign="top"><row><entry VJ="1" colname="leftSplit"><B>Ausgaben</B></entry><entry VJ="1" colname="rightSplit" valign="bottom"><B>Soll 2020 in T€</B></entry></row></tbody></tgroup></table></entry></row><row><entry VJ="1" nameend="col3" namest="col1"><B>Zuweisungen und Zuschüsse (ohne Investitionen)</B></entry></row><row><entry VJ="1" colname="col1">611 01-820</entry><entry VJ="1" colname="col2">Abführung an den Bundeshaushalt<BR/> Haushaltsvermerk:<BR/> Mehrausgaben dürfen bis zur Höhe der zweckgebundenen Mehreinnahmen bei folgenden Titeln geleistet werden: 119 99 und 154 01.<BR/> Erläuterung:<BR/> Abführungen von Zinsen aus Titel 154 01 sowie von Restmitteln ausgelaufener Programme aus Titel 119 99 an Kapitel 1702 Titel 234 02.</entry><entry VJ="1" colname="col3"/></row><row><entry VJ="1" nameend="col3" namest="col1"><B>Ausgaben für Investitionen</B></entry></row><row><entry VJ="1" colname="col1">882 01-141</entry><entry VJ="1" colname="col2">Finanzhilfen nach Artikel 104c GG an die Länder zum quantitativen und qualitativen investiven Ausbau ganztägiger Bildungs- und Betreuungsangebote für Kinder im Grundschulalter<BR/> Haushaltsvermerk: <DL Font="normal" Type="arabic"><DT>1.</DT><DD Font="normal"><LA Size="normal">Einsparungen dienen zur Deckung von Mehrausgaben bei folgendem Titel: 919 01.</LA></DD><DT>2.</DT><DD Font="normal"><LA Size="normal">Mehrausgaben dürfen bis zur Höhe der zweckgebundenen Mehreinnahmen bei folgendem Titel geleistet werden: 119 99.</LA></DD><DT>3.</DT><DD Font="normal"><LA Size="normal">Ausgaben dürfen bis zur Höhe der zweckgebundenen Ist-Einnahmen bei folgendem Titel geleistet werden: 331 01.</LA></DD></DL></entry><entry VJ="1" colname="col3">1 000 000</entry></row><row><entry VJ="1" colname="col1">882 02-141</entry><entry VJ="1" colname="col2">Finanzhilfen nach Artikel 104c GG an die Länder im Rahmen des Konjunktur- und Krisenbewältigungspaketes für die Förderung von Investitionen zum beschleunigten Ausbau von Ganztagsschulen und der Ganztagsbetreuung<BR/> Haushaltsvermerk: <DL Font="normal" Type="arabic"><DT>1.</DT><DD Font="normal"><LA Size="normal">Die Ausgaben sind gesperrt.</LA></DD><DT>2.</DT><DD Font="normal"><LA Size="normal">Einsparungen dienen zur Deckung von Mehrausgaben bei folgendem Titel: 919 02. Dies gilt auch für gesperrte Ausgaben.</LA></DD><DT>3.</DT><DD Font="normal"><LA Size="normal">Mehrausgaben dürfen bis zur Höhe der zweckgebundenen Mehreinnahmen bei folgendem Titel geleistet werden: 119 99.</LA></DD><DT>4.</DT><DD Font="normal"><LA Size="normal">Ausgaben dürfen bis zur Höhe der zweckgebundenen Ist-Einnahmen bei folgendem Titel geleistet werden: 331 02.</LA></DD></DL>Erläuterung:<BR/> Die Mittel sind bestimmt für Investitionen zum beschleunigten Ausbau von Ganztagsschulen und der Ganztagsbetreuung. Länder, die Basismittel nach § 4 Absatz 1 Nummer 1 GaFG für Investitionen in den Jahren 2020 und 2021 abrufen, erhalten gemäß § 4 Absatz 2 GaFG die gleiche Summe in den späteren Jahren der Laufzeit ab dem Jahr 2022 zusätzlich.</entry><entry VJ="1" colname="col3">750 000</entry></row><row><entry VJ="1" nameend="col3" namest="col1"><B>Besondere Finanzierungsausgaben</B></entry></row><row><entry VJ="1" colname="col1">919 01-850</entry><entry VJ="1" colname="col2">Zuführung an die Rücklage für den quantitativen und qualitativen investiven Ausbau ganztägiger Bildungs- und Betreuungsangebote für Kinder im Grundschulalter<BR/> Haushaltsvermerk:<BR/> Mehrausgaben dürfen bis zur Höhe der Einsparungen bei folgendem Titel geleistet werden: 882 01.</entry><entry VJ="1" colname="col3"/></row><row><entry VJ="1" colname="col1">919 02-850</entry><entry VJ="1" colname="col2">Zuführung an die Rücklage aus dem Konjunktur- und Krisenbewältigungspaket für die Förderung von Investitionen zum beschleunigten Ausbau von Ganztagsschulen und der Ganztagsbetreuung<BR/> Haushaltsvermerk:<BR/> Mehrausgaben dürfen bis zur Höhe der Einsparungen bei folgendem Titel geleistet werden: 882 02.</entry><entry VJ="1" colname="col3"/></row></tbody></tgroup></table></Content></text></textdaten></norm>
</dokumente>