<?xml version="1.0" encoding="UTF-8" ?><!DOCTYPE dokumente SYSTEM "http://www.gesetze-im-internet.de/dtd/1.01/gii-norm.dtd">
<dokumente builddate="20230309213015" doknr="BJNR130600997"><norm builddate="20230309213015" doknr="BJNR130600997"><metadaten><jurabk>GGKontrollV</jurabk><amtabk>GGKontrollV</amtabk><ausfertigung-datum manuell="ja">1997-05-27</ausfertigung-datum><fundstelle typ="amtlich"><periodikum>BGBl I</periodikum><zitstelle>1997, 1306</zitstelle></fundstelle><langue>Verordnung über die Kontrollen von Gefahrguttransporten auf der Straße und in den Unternehmen</langue><standangabe checked="ja"><standtyp>Neuf</standtyp><standkommentar>Neugefasst durch Bek. v. 26.10.2005 I 3104</standkommentar></standangabe><standangabe checked="ja"><standtyp>Stand</standtyp><standkommentar>Zuletzt geändert durch Art. 27 G v. 2.3.2023 I Nr. 56</standkommentar></standangabe></metadaten><textdaten><text format="XML"><Content><P><noindex><BR/>Diese Verordnung dient der Umsetzung der Richtlinie 95/50/EG des<BR/>Rates vom 6. Oktober 1995 über einheitliche Verfahren für die<BR/>Kontrolle von Gefahrguttransporten auf der Straße<BR/>(ABl. EG Nr. L 249 S. 35).</noindex></P></Content></text><fussnoten><Content><P><BR/> <pre xml:space="preserve">(+++ Textnachweis ab: 1.9.1997 +++)<BR/>(+++ Amtlicher Hinweis des Normgebers auf EG-Recht:<BR/>     Umsetzung der<BR/>       EGRL 50/95  (CELEX Nr: 395L0050) +++)<BR/><BR/></pre></P></Content></fussnoten></textdaten></norm>
<norm builddate="20230309213015" doknr="BJNR130600997BJNE000202123"><metadaten><jurabk>GGKontrollV</jurabk><enbez>§ 1</enbez><titel format="XML">Anwendungsbereich</titel></metadaten><textdaten><text format="XML"><Content><P>(1) Die Vorschriften dieser Verordnung gelten für die Kontrollen von Gefahrguttransporten durch die nach § 9 Abs. 1 des Gesetzes über die Beförderung gefährlicher Güter zuständigen Behörden auf der Straße, die mit Fahrzeugen durchgeführt werden, die am Straßenverkehr teilnehmen oder aus einem Drittland in Deutschland einfahren, sowie für Kontrollen in den Unternehmen.</P><P>(2) Die §§ 2 bis 6 gelten nicht für Kontrollen von Gefahrguttransporten der Streitkräfte, die durch deutsche Behörden und die Streitkräfte gemeinsam durchgeführt werden.</P><P>(3) Das Bundesamt für Logistik und Mobilität wendet die §§ 2 bis 6 entsprechend an.</P></Content></text><fussnoten/></textdaten></norm>
<norm builddate="20230309213015" doknr="BJNR130600997BJNE000301308"><metadaten><jurabk>GGKontrollV</jurabk><enbez>§ 2</enbez><titel format="parat">Begriffsbestimmungen</titel></metadaten><textdaten><text format="XML"><Content><P>Im Sinne dieser Verordnung bezeichnet der Begriff <DL Font="normal" Type="arabic"><DT>1.</DT><DD Font="normal"><LA Size="normal">&quot;Fahrzeug&quot;: alle zur Teilnahme am Straßenverkehr bestimmten Kraftfahrzeuge und ihre Anhänger;</LA></DD> <DT>2.</DT><DD Font="normal"><LA Size="normal">&quot;gefährliche Güter&quot;: die Güter, die in der Richtlinie 94/55/EG des Rates vom 21. November 1994 zur Angleichung der Rechtsvorschriften der Mitgliedstaaten für den Gefahrguttransport auf der Straße (ABl. EG Nr. L 319 S. 7) als gefährlich eingestuft sind;</LA></DD> <DT>3.</DT><DD Font="normal"><LA Size="normal">&quot;Beförderung&quot;: jeden Transport, der auf den öffentlichen Straßen in Deutschland mit einem Fahrzeug erfolgt, einschließlich der in der Richtlinie 94/55/EG des Rates vom 21. November 1994 zur Angleichung der Rechtsvorschriften der Mitgliedstaaten für den Gefahrguttransport auf der Straße erfassten Tätigkeiten des Ein- und Ausladens der Güter, und zwar unbeschadet der in den Rechtsvorschriften der Mitgliedstaaten hinsichtlich dieser Tätigkeiten vorgesehenen Regelungen über die Verantwortlichkeiten;</LA></DD> <DT>4.</DT><DD Font="normal"><LA Size="normal">&quot;Unternehmen&quot;: jede natürliche und juristische Person mit oder ohne Erwerbszweck, jede Vereinigung oder jeder Zusammenschluss von Personen mit oder ohne Rechtspersönlichkeit oder mit oder ohne Erwerbszweck sowie jede staatliche Einrichtung, unabhängig davon, ob sie über eine eigene Rechtspersönlichkeit verfügt oder von einer Behörde mit Rechtspersönlichkeit abhängt, die gefährliche Güter befördert - einschließlich des zeitweiligen Aufenthalts im Verlaufe der Beförderung -, lädt, entlädt oder befördern lässt, sowie eine solche, die gefährliche Güter im Zusammenhang mit einer Beförderungstätigkeit verpackt, sammelt oder in Empfang nimmt, sofern sie ihren Sitz im Gebiet der Gemeinschaft hat;</LA></DD> <DT>5.</DT><DD Font="normal"><LA Size="normal">&quot;Kontrolle&quot;: jede Überwachung, Prüfung oder Untersuchung, die aus Sicherheitsgründen auf der Straße oder in den Unternehmen im Zusammenhang mit der Beförderung gefährlicher Güter von den zuständigen Behörden durchgeführt wird.</LA></DD> </DL></P></Content></text><fussnoten/></textdaten></norm>
<norm builddate="20230309213015" doknr="BJNR130600997BJNE000403123"><metadaten><jurabk>GGKontrollV</jurabk><enbez>§ 3</enbez><titel format="XML">Kontrollen auf der Straße</titel></metadaten><textdaten><text format="XML"><Content><P>(1) Die oberste Landesbehörde oder die von ihr bestimmte oder nach Landesrecht zuständige Stelle stellt sicher, dass in ihrem Gebiet ein repräsentativer Anteil der Gefahrguttransporte auf der Straße den in dieser Verordnung vorgesehenen Kontrollen unterzogen wird, um zu überprüfen, ob die Vorschriften für die Beförderung gefährlicher Güter auf der Straße eingehalten werden. Diese Kontrollen werden in Ausführung von Artikel 3 der Verordnung (EWG) Nr. 4060/89 und Artikel 1 der Verordnung (EWG) Nr. 3912/92 durchgeführt. Das Bundesamt für Logistik und Mobilität kontrolliert im Rahmen seiner Zuständigkeit nach dem Güterkraftverkehrsgesetz Gefahrguttransporte auf der Straße in angemessenem Umfang.</P><P>(2) Bei der Festlegung des repräsentativen Anteils der Gefahrguttransporte im Sinne des Absatzes 1 Satz 1 ist der Anteil der im jeweiligen Land zugelassenen Lastkraftwagen, Zugmaschinen und Sattelzugmaschinen am Gesamtbestand der genannten Kraftfahrzeuge in Deutschland zu berücksichtigen. Die Zahlen über Gefahrgutbeförderungen und Fahrzeugbestände werden jährlich zum 30. Juni für das vorangegangene Jahr durch das Bundesamt für Logistik und Mobilität in Abstimmung mit dem Kraftfahrt-Bundesamt zur Verfügung gestellt.</P><P>(3) Die nach Landesrecht für die Überwachung zuständigen Behörden und das Bundesamt für Logistik und Mobilität orientieren sich bei der Durchführung von Kontrollmaßnahmen, die der Umsetzung der Richtlinie 95/50/EG dienen, an der Prüfliste nach Anlage 1. Über das Ergebnis der Kontrolle händigt der Prüfer dem Fahrzeugführer eine geeignete Kontrollbescheinigung aus.</P><P>(4) Die Kontrollen nach den Absätzen 1 bis 3 sind im Stichprobenverfahren möglichst auf einem ausgedehnten Teil des Straßennetzes durchzuführen. Sie sind möglichst an Orten durchzuführen, an denen Fahrzeuge, bei denen Verstöße festgestellt wurden, in einen vorschriftsmäßigen Zustand versetzt oder - wenn die Behörde es für angebracht hält - an Ort und Stelle oder an einem von dieser Behörde bezeichneten Platz abgestellt werden können, ohne dass dadurch ein Sicherheitsrisiko entsteht.</P><P>(5) Dem Transportgut können Proben entnommen werden, um sie von behördlichen oder von behördlich anerkannten Prüfstellen untersuchen zu lassen. Bei der Entnahme von Proben sind die besonderen Gefahren der gefährlichen Stoffe und Gegenstände in den einzelnen Klassen zu berücksichtigen.</P><P>(6) Die Kontrollen sollen eine angemessene Zeitdauer nicht überschreiten.</P><P>(7) Bei Gefahrguttransporten, bei denen ein Verstoß gegen die Vorschriften für die Beförderung gefährlicher Güter, insbesondere einer der in Anlage 3 genannten Verstöße, festgestellt wurden, können alle erforderlichen Maßnahmen zum Schutz gegen die von der Beförderung gefährlicher Güter ausgehenden Gefahren getroffen werden; hierzu gehören insbesondere die Verweigerung der Einfahrt in die Europäische Gemeinschaft und das Abstellen des Fahrzeugs an Ort und Stelle oder auf einem hierfür geeigneten Platz.</P></Content></text><fussnoten/></textdaten></norm>
<norm builddate="20230309213015" doknr="BJNR130600997BJNE000502305"><metadaten><jurabk>GGKontrollV</jurabk><enbez>§ 4</enbez><titel format="XML">Kontrollen in den Unternehmen</titel></metadaten><textdaten><text format="XML"><Content><P>(1) Die nach § 9 Abs. 1 des Gesetzes über die Beförderung gefährlicher Güter für die Überwachung in den Unternehmen zuständigen Behörden können, vorbeugend oder wenn bei Gefahrguttransporten auf der Straße Verstöße festgestellt wurden, die die Sicherheit des Gefahrguttransports gefährden, Kontrollen in den inländischen Unternehmen durchführen, um sicherzustellen, dass die Vorschriften über die Beförderung gefährlicher Güter auf der Straße eingehalten werden.</P><P>(2) Wird vor Durchführung einer Beförderung ein Verstoß gegen die Vorschriften über die Beförderung gefährlicher Güter festgestellt, kann die zuständige Behörde die Fahrt so lange untersagen, bis die Beförderung vorschriftsmäßig durchgeführt werden kann; sie kann auch andere geeignete Maßnahmen ergreifen.</P><P>(3) § 3 Absatz 3 Satz 2 und Abs. 4 bis 7 gilt entsprechend.</P></Content></text><fussnoten/></textdaten></norm>
<norm builddate="20230309213015" doknr="BJNR130600997BJNE000605123"><metadaten><jurabk>GGKontrollV</jurabk><enbez>§ 5</enbez><titel format="XML">Berichtswesen</titel></metadaten><textdaten><text format="XML"><Content><P>(1) Die zuständige oberste Landesbehörde oder eine von ihr beauftragte Stelle und das Bundesamt für Logistik und Mobilität übermitteln dem Bundesministerium für Verkehr und digitale Infrastruktur für jedes Kalenderjahr, spätestens sechs Monate nach dessen Ablauf, einen nach dem Muster in der Anlage 5 erstellten Bericht über die Anwendung dieser Verordnung mit folgenden Angaben: <DL Font="normal" Type="arabic"><DT>1.</DT><DD Font="normal"><LA Size="normal">Anzahl der kontrollierten Fahrzeuge, aufgeschlüsselt nach der Zulassung in Deutschland, in anderen Mitgliedstaaten der Europäischen Union oder in Drittländern,</LA></DD><DT>2.</DT><DD Font="normal"><LA Size="normal">Zahl der beanstandeten Fahrzeuge,</LA></DD><DT>3.</DT><DD Font="normal"><LA Size="normal">Anzahl der festgestellten Verstöße und die Art der Verstöße,</LA></DD><DT>4.</DT><DD Font="normal"><LA Size="normal">Anzahl und Art der veranlassten Sanktionen.</LA></DD></DL></P><P>(2) Das Bundesamt für Logistik und Mobilität erstellt aufgrund der Berichte nach Absatz 1 einen zusammengefassten Bericht und übersendet diesen dem Bundesministerium für Verkehr und digitale Infrastruktur zur Weiterleitung an die Kommission der Europäischen Gemeinschaften.</P></Content></text><fussnoten/></textdaten></norm>
<norm builddate="20230309213015" doknr="BJNR130600997BJNE000903308"><metadaten><jurabk>GGKontrollV</jurabk><enbez>Anlage 1</enbez><titel format="XML">(zu § 3 Abs. 3 Satz 1)<BR/>Prüfliste</titel></metadaten><textdaten><text format="XML"><Content><P><ABWFORMAT typ="A"/><kommentar typ="Fundstelle">(Fundstelle: BGBl. I 2005, 3107)</kommentar><BR/><pre xml:space="preserve"> <BR/><B>1. Ort der Kontrolle                   2. Datum             3. Zeit<BR/>    .................................      ................     ...............<BR/> 4. Nationalitätskennzeichen und<BR/>    Zulassungsnummer des Fahrzeugs      .....................<BR/> 5. Nationalitätskennzeichen und<BR/>    Zulassungsnummer des Anhängers/<BR/>    Sattelanhängers                     .....................<BR/> 6. Transportunternehmen/Anschrift      .....................<BR/> 7. Fahrer/Beifahrer                    .....................<BR/> 8. Absender, Anschrift, Verladeort<BR/>    1), 2)                              .....................<BR/> 9. Empfänger, Anschrift, Entladeort,<BR/>    1), 2)                              .....................<BR/>10. Gesamtmenge der Gefahrgüter je<BR/>    Beförderungseinheit                 .....................<BR/>11. Höchstmenge gemäß ADR 1.1.3.6<BR/>    überschritten                .. Ja            .. Nein<BR/>12. Beförderungsart</B>              .. in loser      .. Versandstück  .. Tank<BR/>                                    Schüttung<BR/> <BR/><B>Dokumente an Bord</B><BR/>13. Beförderungspapier           .. kontrolliert  .. Verstoß       .. nicht<BR/>                                                     festgestellt     anwendbar<BR/>14. Schriftliche Weisungen       .. kontrolliert  .. Verstoß       .. nicht<BR/>                                                     festgestellt     anwendbar<BR/>15. Bilaterale/multilaterale     .. kontrolliert  .. Verstoß       .. nicht<BR/>    Vereinbarung oder                                festgestellt     anwendbar<BR/>    nationale Genehmigung<BR/>16. Zulassungsbescheinigung für  .. kontrolliert  .. Verstoß       .. nicht<BR/>    Fahrzeuge                                        festgestellt     anwendbar<BR/>17. Schulungsbescheinigung des   .. kontrolliert  .. Verstoß       .. nicht<BR/>    Fahrers                                          festgestellt     anwendbar<BR/> <BR/><B>Beförderung</B><BR/>18. Zur Beförderung zugelassene  .. kontrolliert  .. Verstoß       .. nicht<BR/>    Güter                                            festgestellt     anwendbar<BR/>19. Zur Beförderung der Güter    .. kontrolliert  .. Verstoß       .. nicht<BR/>    zugelassene Fahrzeuge                            festgestellt     anwendbar<BR/>20. Vorschriften in Bezug auf    .. kontrolliert  .. Verstoß       .. nicht<BR/>    das Beförderungsmittel                           festgestellt     anwendbar<BR/>    (lose Schüttung, Versandstück,<BR/>    Tank)<BR/>21. Verbot der Zusammenladung    .. kontrolliert  .. Verstoß       .. nicht<BR/>                                                     festgestellt     anwendbar<BR/>22. Beladen, Sicherung der       .. kontrolliert  .. Verstoß       .. nicht<BR/>    Ladung und Handhabung 3)                         festgestellt     anwendbar<BR/>23. Austreten von Gütern oder    .. kontrolliert  .. Verstoß       .. nicht<BR/>    Beschädigung des                                 festgestellt     anwendbar<BR/>    Versandstücks 3)<BR/>24. Kennzeichnung des Versand-   .. kontrolliert  .. Verstoß       .. nicht<BR/>    stücks nach UN und des Tanks                     festgestellt     anwendbar<BR/>    nach UN/ADR/RID/IMO<BR/>25. Kennzeichnung des Versand-   .. kontrolliert  .. Verstoß       .. nicht<BR/>    stücks (z. B. UN-Nummer) und                     festgestellt     anwendbar<BR/>    Bezettelung 2) (ADR 3.3/3.4/4.1/5.2)<BR/>26. Anbringen von Großzetteln    .. kontrolliert  .. Verstoß       .. nicht<BR/>    (Placards) auf Tank/Fahrzeug                     festgestellt     anwendbar<BR/>    (ADR 5.3.1)<BR/>27. Kennzeichnung von            .. kontrolliert  .. Verstoß       .. nicht<BR/>    Fahrzeug/Beförderungseinheit                     festgestellt     anwendbar<BR/>    (orangefarbene Kennzeichnung,<BR/>    erwärmter Zustand) (ADR 5.3.2/5.3.3)<BR/> <BR/><B>Ausrüstung an Bord</B><BR/>28. Allgemeine Sicherheits-      .. kontrolliert  .. Verstoß       .. nicht<BR/>    ausrüstung gemäß ADR                             festgestellt     anwendbar<BR/>29. Ausrüstung nach Maßgabe der  .. kontrolliert  .. Verstoß       .. nicht<BR/>    beförderten Güter                                festgestellt     anwendbar<BR/>30. Andere in den schriftlichen  .. kontrolliert  .. Verstoß       .. nicht<BR/>    Weisungen genannte Ausrüstung                    festgestellt     anwendbar<BR/>31. Feuerlöscher                 .. kontrolliert  .. Verstoß       .. nicht<BR/>                                                     festgestellt     anwendbar<BR/>32. Gegebenenfalls<BR/>    schwerwiegendste Gefahren-<BR/>    kategorie der festgestellten .. Kategorie I   .. Kategorie II  .. Kategorie<BR/>    Verstöße                                                          III<BR/>33. Bemerkungen (z. B. getroffene<BR/>    Maßnahmen)<BR/>    ........................................................................<BR/><B>34. Behörde/Beamter,<BR/>    die/der die Kontrolle<BR/>    durchgeführt hat             ...........................................</B><BR/> <BR/>-----<BR/>1) Nur ausfüllen, wenn für einen Verstoß von Bedeutung.<BR/>2) Bei Sammelbeförderungen unter &quot;Bemerkungen&quot; angeben.<BR/>3) Prüfung auf sichtbare Verstöße.</pre></P></Content></text><fussnoten/></textdaten></norm>
<norm builddate="20230309213015" doknr="BJNR130600997BJNE001002308"><metadaten><jurabk>GGKontrollV</jurabk><enbez>Anlage 2</enbez></metadaten><textdaten><text format="XML"><Content><P>(weggefallen)</P></Content></text><fussnoten/></textdaten></norm>
<norm builddate="20230309213015" doknr="BJNR130600997BJNE001103308"><metadaten><jurabk>GGKontrollV</jurabk><enbez>Anlage 3</enbez><titel format="XML">(zu § 3 Abs. 7)
<BR/>
Verstöße</titel></metadaten><textdaten><text format="XML"><Content><P><ABWFORMAT typ="A"/><kommentar typ="Fundstelle"> Fundstelle des Originaltextes: BGBl. I 2005, S. 3108 - 3109 </kommentar></P><P> Für die Zwecke dieser Verordnung stellt die folgende, nicht erschöpfende Liste mit drei Gefahrenkategorien (wobei Kategorie I die schwerwiegendste ist) eine Leitlinie dafür dar, was als Verstoß einzustufen ist. <BR/>Die Bestimmung der angemessenen Gefahrenkategorie erfolgt unter Berücksichtigung der besonderen Umstände und liegt im Ermessen der vollziehenden Behörde bzw. des vollziehenden Beamten auf der Straße. <BR/>Nicht unter den Gefahrenkategorien aufgeführte Mängel werden entsprechend den Beschreibungen der Kategorien eingestuft. <BR/>Bei mehreren Verstößen je Beförderungseinheit wird bei der Berichterstattung (Anlage 5 dieser Verordnung) nur die schwerwiegendste Gefahrenkategorie (wie unter Nummer 32 der Anlage 1 dieser Verordnung angegeben) angewandt.</P><P> <DL Font="normal" Type="arabic"><DT><B>A.</B></DT><DD Font="normal"><LA Size="normal"><B>Gefahrenkategorie I</B></LA><LA Size="normal">Wenn der Verstoß gegen die einschlägigen ADR-Bestimmungen mit einer hohen Lebensgefahr bzw. der Gefahr schwerer gesundheitlicher Schäden oder einer erheblichen Schädigung der Umwelt verbunden ist, so dass in der Regel unverzüglich geeignete Maßnahmen zur Beseitigung der Gefahr ergriffen werden, z. B. Untersagung der Weiterfahrt, Stilllegung des Fahrzeugs.</LA><LA Size="normal">Mängel sind:<DL Font="normal" Type="arabic"><DT>1.</DT><DD Font="normal"><LA Size="normal">die Beförderung der beförderten Gefahrgüter ist verboten,</LA></DD> <DT>2.</DT><DD Font="normal"><LA Size="normal">Austreten von gefährlichen Stoffen,</LA></DD> <DT>3.</DT><DD Font="normal"><LA Size="normal">Beförderung in einer verbotenen Beförderungsart oder einem ungeeigneten Beförderungsmittel,</LA></DD> <DT>4.</DT><DD Font="normal"><LA Size="normal">Beförderung in loser Schüttung in einem in bautechnischer Hinsicht ungeeigneten Behälter,</LA></DD> <DT>5.</DT><DD Font="normal"><LA Size="normal">Beförderung in einem Fahrzeug ohne entsprechende Zulassungsbescheinigung,</LA></DD> <DT>6.</DT><DD Font="normal"><LA Size="normal">das Fahrzeug entspricht nicht mehr den Zulassungsbestimmungen und stellt eine unmittelbare Gefahr dar (sonst Gefahrenkategorie II),</LA></DD> <DT>7.</DT><DD Font="normal"><LA Size="normal">nicht zulässige Verpackung,</LA></DD> <DT>8.</DT><DD Font="normal"><LA Size="normal">Verpackung ist nicht mit den gültigen Verpackungsanweisungen konform,</LA></DD> <DT>9.</DT><DD Font="normal"><LA Size="normal">die besonderen Bestimmungen für die Zusammenpackung wurden nicht eingehalten,</LA></DD> <DT>10.</DT><DD Font="normal"><LA Size="normal">die Regeln für die Sicherung der Ladung wurden nicht eingehalten,</LA></DD> <DT>11.</DT><DD Font="normal"><LA Size="normal">die Vorschriften für die Zusammenladung von Versandstücken wurden nicht eingehalten,</LA></DD> <DT>12.</DT><DD Font="normal"><LA Size="normal">der zulässige Füllungsgrad von Tanks oder Versandstücken wurde nicht eingehalten,</LA></DD> <DT>13.</DT><DD Font="normal"><LA Size="normal">die Vorschriften zur Begrenzung der in einer Beförderungseinheit beförderten Mengen wurden nicht eingehalten,</LA></DD> <DT>14.</DT><DD Font="normal"><LA Size="normal">Beförderung von Gefahrgütern ohne Hinweis auf ihr Vorhandensein (z. B. Dokumente, Kennzeichnung und Bezettelung der Versandstücke, Anbringen von Großzetteln (Placards) und Kennzeichnung am Fahrzeug),</LA></DD> <DT>15.</DT><DD Font="normal"><LA Size="normal">Beförderung ohne Anbringen von Großzetteln (Placards) und Kennzeichnung von Containern, MEGC, Tankcontainern, ortsbeweglichen Tanks und Fahrzeugen,</LA></DD> <DT>16.</DT><DD Font="normal"><LA Size="normal">relevante Angaben zu dem beförderten Stoff, die die Feststellung eines Verstoßes der Gefahrenkategorie I ermöglichen, fehlen (z. B. UN-Nummer, offizielle Benennung, Verpackungsgruppe),</LA></DD> <DT>17.</DT><DD Font="normal"><LA Size="normal">der Fahrer ist nicht Inhaber einer gültigen Schulungsbescheinigung,</LA></DD> <DT>18.</DT><DD Font="normal"><LA Size="normal">Verwendung von Feuer oder offenem Licht oder</LA></DD> <DT>19.</DT><DD Font="normal"><LA Size="normal">das Rauchverbot bei Ladearbeiten wird nicht beachtet.</LA></DD> </DL> </LA></DD>   </DL></P><P> <DL Font="normal" Type="arabic"><DT><B>B.</B></DT><DD Font="normal"><LA Size="normal"><B>Gefahrenkategorie II</B></LA><LA Size="normal">Wenn der Verstoß gegen die einschlägigen ADR-Bestimmungen mit der Gefahr schwerer Verletzungen oder einer erheblichen Schädigung der Umwelt verbunden ist, so dass in der Regel geeignete Maßnahmen zur Beseitigung der Gefahr ergriffen werden, z. B. wenn möglich und angemessen die Behebung am Kontrollort, spätestens jedoch nach Abschluss der laufenden Beförderung.</LA><LA Size="normal">Mängel sind:<DL Font="normal" Type="arabic"><DT>1.</DT><DD Font="normal"><LA Size="normal">die Beförderungseinheit besteht aus mehr als einem Anhänger/Sattelanhänger,</LA></DD> <DT>2.</DT><DD Font="normal"><LA Size="normal">das Fahrzeug entspricht nicht mehr den Zulassungsbestimmungen, stellt jedoch keine unmittelbare Gefahr dar,</LA></DD> <DT>3.</DT><DD Font="normal"><LA Size="normal">im Fahrzeug befinden sich nicht die geforderten funktionsfähigen Feuerlöscher; ein Feuerlöscher gilt noch als funktionsfähig, wenn nur das vorgeschriebene Siegel und/oder das Verfallsdatum fehlen; dies gilt jedoch nicht, wenn der Feuerlöscher offensichtlich nicht länger funktionstüchtig ist, z. B. Manometer auf 0,</LA></DD> <DT>4.</DT><DD Font="normal"><LA Size="normal">im Fahrzeug befindet sich nicht die im ADR oder den schriftlichen Weisungen vorgeschriebene Ausrüstung,</LA></DD> <DT>5.</DT><DD Font="normal"><LA Size="normal">Prüffristen und Verwendungszeiträume von Verpackungen, Großpackmitteln (IBC) oder Großverpackungen wurden nicht eingehalten,</LA></DD> <DT>6.</DT><DD Font="normal"><LA Size="normal">Versandstücke mit beschädigter Verpackung, beschädigtem Großpackmittel (IBC), beschädigter Großverpackung oder beschädigte, ungereinigte leere Verpackungen werden befördert,</LA></DD> <DT>7.</DT><DD Font="normal"><LA Size="normal">Beförderung verpackter Güter in einem in bautechnischer Hinsicht ungeeigneten Container,</LA></DD> <DT>8.</DT><DD Font="normal"><LA Size="normal">Tanks/Tankcontainer (einschließlich leerer und ungereinigter) wurden nicht ordnungsgemäß verschlossen,</LA></DD> <DT>9.</DT><DD Font="normal"><LA Size="normal">Beförderung einer zusammengesetzten Verpackung, bei der die Außenverpackung nicht ordnungsgemäß verschlossen ist,</LA></DD> <DT>10.</DT><DD Font="normal"><LA Size="normal">falsche Kennzeichnung, Bezettelung oder falsches Anbringen von Großzetteln (Placards),</LA></DD> <DT>11.</DT><DD Font="normal"><LA Size="normal">keine schriftlichen Weisungen gemäß ADR vorhanden oder die schriftlichen Weisungen betreffen nicht die beförderten Güter oder</LA></DD> <DT>12.</DT><DD Font="normal"><LA Size="normal">das Fahrzeug ist nicht ordnungsgemäß überwacht oder geparkt.</LA></DD> </DL> </LA></DD>   </DL></P><P> <DL Font="normal" Type="arabic"><DT><B>C.</B></DT><DD Font="normal"><LA Size="normal"><B>Gefahrenkategorie III</B></LA><LA Size="normal">Wenn der Verstoß gegen die einschlägigen ADR-Bestimmungen mit einer geringen Gefahr von Verletzungen oder einer Schädigung der Umwelt verbunden ist und geeignete Maßnahmen zur Beseitigung der Gefahr nicht an der Straße ergriffen werden müssen, sondern zu einem späteren Zeitpunkt auf dem Betriebsgelände getroffen werden können.</LA><LA Size="normal">Mängel sind:<DL Font="normal" Type="arabic"><DT>1.</DT><DD Font="normal"><LA Size="normal">die Größe der Großzettel (Placards) oder Zettel oder der Buchstaben, Zahlen oder Symbole auf den Großzetteln oder Zetteln entspricht nicht den Vorschriften,</LA></DD> <DT>2.</DT><DD Font="normal"><LA Size="normal">weitere Angaben als die in Gefahrenkategorie I Nr. 16 sind in den Beförderungsunterlagen nicht verfügbar oder</LA></DD> <DT>3.</DT><DD Font="normal"><LA Size="normal">die Schulungsbescheinigung befindet sich nicht an Bord des Fahrzeugs, es gibt jedoch Belege dafür, dass der Fahrer sie besitzt.</LA></DD> </DL></LA></DD>   </DL></P></Content>  </text><fussnoten/></textdaten></norm>
<norm builddate="20230309213015" doknr="BJNR130600997BJNE001202308"><metadaten><jurabk>GGKontrollV</jurabk><enbez>Anlage 4</enbez></metadaten><textdaten><text format="XML"><Content><P>(weggefallen)</P></Content></text><fussnoten/></textdaten></norm>
<norm builddate="20230309213015" doknr="BJNR130600997BJNE001302308"><metadaten><jurabk>GGKontrollV</jurabk><enbez>Anlage 5</enbez><titel format="XML">(zu § 5 Abs. 1)
<BR/>
Muster des Formulars für den Bericht an das BMVBW über
Verstöße und Maßnahmen</titel></metadaten><textdaten><text format="XML"><Content><P><ABWFORMAT typ="A"/><kommentar typ="Fundstelle"> Fundstelle des Originaltextes: BGBl. I 2005, S. 3110 </kommentar> <BR/><table frame="bottom" tocentry="%yes;">
		<tgroup align="left" char="" charoff="50" cols="9" rowsep="1">
			<colspec colname="col1" colnum="1" colsep="0" colwidth="5*"/>
			<colspec colname="col2" colnum="2" colsep="0" colwidth="10*"/>
			<colspec colname="col3" colnum="3" colsep="1" colwidth="20*"/>
			<colspec colname="col4" colnum="4" colsep="0" colwidth="5*"/>
			<colspec colname="col5" colnum="5" colsep="1" colwidth="10*"/>
			<colspec colname="col6" colnum="6" colsep="1" colwidth="10*"/>
			<colspec colname="col7" colnum="7" colsep="1" colwidth="15*"/>
			<colspec colname="col8" colnum="8" colsep="1" colwidth="10*"/>
			<colspec colname="col9" colnum="9" colsep="0" colwidth="15*"/>
			<tbody valign="top">
				<row rowsep="0">
					<entry VJ="1" align="left" colsep="0" nameend="col5" namest="col1" valign="top">Bundesland:</entry>
					<entry VJ="1" align="center" colsep="0" nameend="col9" namest="col6" valign="top">Jahr:</entry>
				</row>
				<row>
					<entry VJ="1" align="center" colsep="0" nameend="col9" namest="col1" valign="top">Auf der Straße durchgeführte Kontrollen</entry>
				</row>
				<row>
					<entry VJ="1" align="left" colsep="1" nameend="col5" namest="col1" valign="top"> </entry>
					<entry VJ="1" align="center" colsep="0" nameend="col8" namest="col6" valign="top">Ort der Zulassung des Fahrzeugs 1)</entry>
					<entry VJ="1" align="center" colsep="0" morerows="1" valign="middle">Insgesamt</entry>
				</row>
				<row>
					<entry VJ="1" align="left" colsep="1" nameend="col5" namest="col1" valign="top"> </entry>
					<entry VJ="1" align="center" colsep="0" valign="top">Inland</entry>
					<entry VJ="1" align="center" colsep="0" valign="top">Andere EU-Mitgliedstaaten</entry>
					<entry VJ="1" align="center" colsep="0" valign="top">Dritt-Länder</entry>
				</row>
				<row>
					<entry VJ="1" align="left" colsep="0" nameend="col2" namest="col1" valign="top">1.1</entry>
					<entry VJ="1" align="left" colsep="0" nameend="col5" namest="col3" valign="top">Anzahl der auf der Grundlage des Inhalts der Ladung (und ADR) kontrollierten Beförderungseinheiten</entry>
					<entry VJ="1" align="left" colsep="0" valign="top"> </entry>
					<entry VJ="1" align="left" colsep="0" valign="top"> </entry>
					<entry VJ="1" align="left" colsep="0" valign="top"> </entry>
					<entry VJ="1" align="left" colsep="0" valign="top"> </entry>
				</row>
				<row>
					<entry VJ="1" align="left" colsep="0" nameend="col2" namest="col1" valign="top">1.2</entry>
					<entry VJ="1" align="left" colsep="0" nameend="col5" namest="col3" valign="top">Anzahl der nicht mit dem ADR konformen Beförderungseinheiten</entry>
					<entry VJ="1" align="left" colsep="0" valign="top"> </entry>
					<entry VJ="1" align="left" colsep="0" valign="top"> </entry>
					<entry VJ="1" align="left" colsep="0" valign="top"> </entry>
					<entry VJ="1" align="left" colsep="0" valign="top"> </entry>
				</row>
				<row>
					<entry VJ="1" align="left" colsep="0" nameend="col2" namest="col1" valign="top">1.3</entry>
					<entry VJ="1" align="left" colsep="0" nameend="col5" namest="col3" valign="top">Untersagung der Weiterfahrt/stillgelegte Beförderungseinheiten</entry>
					<entry VJ="1" align="left" colsep="0" valign="top"> </entry>
					<entry VJ="1" align="left" colsep="0" valign="top"> </entry>
					<entry VJ="1" align="left" colsep="0" valign="top"> </entry>
					<entry VJ="1" align="left" colsep="0" valign="top"> </entry>
				</row>
				<row>
					<entry VJ="1" align="left" colsep="0" morerows="2" valign="top">2.</entry>
					<entry VJ="1" align="left" colsep="1" morerows="2" nameend="col3" namest="col2" valign="top">Anzahl der festgestellten Verstöße nach  Gefahrenkategorie 2)</entry>
					<entry VJ="1" align="left" colsep="0" valign="top">2.1</entry>
					<entry VJ="1" align="left" colsep="0" valign="top">Gefahrenkategorie</entry>
					<entry VJ="1" align="left" colsep="0" valign="top"> </entry>
					<entry VJ="1" align="left" colsep="0" valign="top"> </entry>
					<entry VJ="1" align="left" colsep="0" valign="top"> </entry>
					<entry VJ="1" align="left" colsep="0" valign="top"> </entry>
				</row>
				<row>
					<entry VJ="1" align="left" colsep="0" valign="top">2.2</entry>
					<entry VJ="1" align="left" colsep="0" valign="top">Gefahrenkategorie II</entry>
					<entry VJ="1" align="left" colsep="0" valign="top"> </entry>
					<entry VJ="1" align="left" colsep="0" valign="top"> </entry>
					<entry VJ="1" align="left" colsep="0" valign="top"> </entry>
					<entry VJ="1" align="left" colsep="0" valign="top"> </entry>
				</row>
				<row>
					<entry VJ="1" align="left" colsep="0" valign="top">2.3</entry>
					<entry VJ="1" align="left" colsep="0" valign="top">Gefahrenkategorie III</entry>
					<entry VJ="1" align="left" colsep="0" valign="top"> </entry>
					<entry VJ="1" align="left" colsep="0" valign="top"> </entry>
					<entry VJ="1" align="left" colsep="0" valign="top"> </entry>
					<entry VJ="1" align="left" colsep="0" valign="top"> </entry>
				</row>
				<row>
					<entry VJ="1" align="left" colsep="0" morerows="2" valign="top">3.</entry>
					<entry VJ="1" align="left" colsep="1" morerows="2" nameend="col3" namest="col2" valign="top">Art und Anzahl der veranlassten Maßnahmen</entry>
					<entry VJ="1" align="left" colsep="0" valign="top">3.1</entry>
					<entry VJ="1" align="left" colsep="0" valign="top">Verwarnungsgeld</entry>
					<entry VJ="1" align="left" colsep="0" valign="top"> </entry>
					<entry VJ="1" align="left" colsep="0" valign="top"> </entry>
					<entry VJ="1" align="left" colsep="0" valign="top"> </entry>
					<entry VJ="1" align="left" colsep="0" valign="top"> </entry>
				</row>
				<row>
					<entry VJ="1" align="left" colsep="0" valign="top">3.2</entry>
					<entry VJ="1" align="left" colsep="0" valign="top">Anzeigen für Bußgeldverfahren</entry>
					<entry VJ="1" align="left" colsep="0" valign="top"> </entry>
					<entry VJ="1" align="left" colsep="0" valign="top"> </entry>
					<entry VJ="1" align="left" colsep="0" valign="top"> </entry>
					<entry VJ="1" align="left" colsep="0" valign="top"> </entry>
				</row>
				<row>
					<entry VJ="1" align="left" colsep="0" valign="top">3.3</entry>
					<entry VJ="1" align="left" colsep="0" valign="top">Sonstige</entry>
					<entry VJ="1" align="left" colsep="0" valign="top"> </entry>
					<entry VJ="1" align="left" colsep="0" valign="top"> </entry>
					<entry VJ="1" align="left" colsep="0" valign="top"> </entry>
					<entry VJ="1" align="left" colsep="0" valign="top"> </entry>
				</row>
			</tbody>
		</tgroup>
	</table> <BR/>----- <DL Font="normal" Type="arabic"><DT>1)</DT><DD Font="normal"><LA Size="normal">Im Sinne dieser Anlage bezieht sich das Land der Zulassung auf das Fahrzeug.</LA></DD> <DT>2)</DT><DD Font="normal"><LA Size="normal">Bei mehreren Verstößen je Beförderungseinheit wird nur die schwerwiegendste Gefahrenkategorie (wie unter Nummer 32 der Anlage 1 angegeben) angewandt.</LA></DD> </DL></P></Content></text><fussnoten/></textdaten></norm>
</dokumente>