<?xml version="1.0" encoding="UTF-8" ?><!DOCTYPE dokumente SYSTEM "http://www.gesetze-im-internet.de/dtd/1.01/gii-norm.dtd">
<dokumente builddate="20250314223501" doknr="BJNR019500998"><norm builddate="20250314223501" doknr="BJNR019500998"><metadaten><jurabk>JFAngAusbV</jurabk><ausfertigung-datum manuell="ja">1998-01-26</ausfertigung-datum><fundstelle typ="amtlich"><periodikum>BGBl I</periodikum><zitstelle>1998, 195</zitstelle></fundstelle><langue>Verordnung über die Berufsausbildung zum Justizfachangestellten/zur Justizfachangestellten</langue><standangabe checked="ja"><standtyp>Aufh</standtyp><standkommentar>V aufgeh. durch § 19 Satz 2 V 806-22-1-161 v. 26.2.2025 I Nr. 81 mWv 1.8.2025</standkommentar></standangabe><standangabe checked="ja"><standtyp>Stand</standtyp><standkommentar>Geändert durch Art. 9 G v. 24.6.2022 I 959</standkommentar></standangabe><standangabe checked="ja"><standtyp>Sonst</standtyp><standkommentar>Ersetzt durch V 806-22-1-161 v. 26.2.2025 I Nr. 81 (JFAngAusbV 2025)</standkommentar></standangabe></metadaten><textdaten><text format="XML"><Content><P/></Content></text><fussnoten><Content><P>(+++ Textnachweis ab:  1. 8.1998 +++) <BR/>Diese Rechtsverordnung ist eine Ausbildungsordnung im Sinne des § 25 des Berufsbildungsgesetzes. Die Ausbildungsordnung und der damit abgestimmte, von der Ständigen Konferenz der Kultusminister der Länder in der Bundesrepublik Deutschland beschlossene Rahmenlehrplan für die Berufsschule werden demnächst als Beilage zum Bundesanzeiger veröffentlicht.</P></Content></fussnoten></textdaten></norm>
<norm builddate="20250314223501" doknr="BJNR019500998BJNE000100310"><metadaten><jurabk>JFAngAusbV</jurabk><enbez>Eingangsformel</enbez></metadaten><textdaten><text format="XML"><Content><P>Auf Grund des § 25 des Berufsbildungsgesetzes vom 14. August 1969 (BGBl. I S. 1112), der zuletzt gemäß Artikel 35 der Sechsten Zuständigkeitsanpassungs-Verordnung vom 21. September 1997 (BGBl. I S. 2390) geändert worden ist, verordnet das Bundesministerium der Justiz im Einvernehmen mit dem Bundesministerium für Bildung, Wissenschaft, Forschung und Technologie:</P></Content></text></textdaten></norm>
<norm builddate="20250314223501" doknr="BJNR019500998BJNE000200310"><metadaten><jurabk>JFAngAusbV</jurabk><enbez>§ 1</enbez><titel format="parat">Staatliche Anerkennung des Ausbildungsberufes</titel></metadaten><textdaten><text format="XML"><Content><P>Der Ausbildungsberuf Justizfachangestellter/Justizfachangestellte wird staatlich anerkannt.</P></Content></text></textdaten></norm>
<norm builddate="20250314223501" doknr="BJNR019500998BJNE000300310"><metadaten><jurabk>JFAngAusbV</jurabk><enbez>§ 2</enbez><titel format="parat">Ausbildungsdauer</titel></metadaten><textdaten><text format="XML"><Content><P>Die Ausbildung dauert drei Jahre.</P></Content></text></textdaten></norm>
<norm builddate="20250314223501" doknr="BJNR019500998BJNE000401128"><metadaten><jurabk>JFAngAusbV</jurabk><enbez>§ 3</enbez><titel format="XML">Ausbildungsberufsbild</titel></metadaten><textdaten><text format="XML"><Content><P>Gegenstand der Berufsausbildung sind mindestens die folgenden Fertigkeiten und Kenntnisse: <DL Font="normal" Type="arabic"><DT>1.</DT><DD Font="normal"><LA Size="normal">die ausbildende Behörde:</LA></DD><DT>1.1</DT><DD Font="normal"><LA Size="normal">Stellung und Aufgaben des ausbildenden Gerichts und der ausbildenden Staatsanwaltschaft innerhalb der Justiz,</LA></DD><DT>1.2</DT><DD Font="normal"><LA Size="normal">Berufsbildung, arbeits- und sozialrechtliche Grundlagen,</LA></DD><DT>1.3</DT><DD Font="normal"><LA Size="normal">Sicherheit und Gesundheitsschutz bei der Arbeit,</LA></DD><DT>1.4</DT><DD Font="normal"><LA Size="normal">Umweltschutz;</LA></DD><DT>2.</DT><DD Font="normal"><LA Size="normal">Kommunikation und Kooperation in berufstypischen Situationen;</LA></DD><DT>3.</DT><DD Font="normal"><LA Size="normal">büroorganisatorische Abläufe;</LA></DD><DT>4.</DT><DD Font="normal"><LA Size="normal">Arbeitsorganisation;</LA></DD><DT>5.</DT><DD Font="normal"><LA Size="normal">Informationsverarbeitung:</LA></DD><DT>5.1</DT><DD Font="normal"><LA Size="normal">Informations- und Kommunikationstechniken, Datenschutz,</LA></DD><DT>5.2</DT><DD Font="normal"><LA Size="normal">Textverarbeitung;</LA></DD><DT>6.</DT><DD Font="normal"><LA Size="normal">Kosten- und Entschädigungsrecht;</LA></DD><DT>7.</DT><DD Font="normal"><LA Size="normal">fallbezogene Rechtsanwendung in Zivilverfahren:</LA></DD><DT>7.1</DT><DD Font="normal"><LA Size="normal">Zivilprozeß,</LA></DD><DT>7.2</DT><DD Font="normal"><LA Size="normal">Zwangsvollstreckung,</LA></DD><DT>7.3</DT><DD Font="normal"><LA Size="normal">Insolvenzen,</LA></DD><DT>7.4</DT><DD Font="normal"><LA Size="normal">Ehe- und Familiensachen;</LA></DD><DT>8.</DT><DD Font="normal"><LA Size="normal">fallbezogene Rechtsanwendung in Straf- und Ordnungswidrigkeitenverfahren;</LA></DD><DT>9.</DT><DD Font="normal"><LA Size="normal">fallbezogene Rechtsanwendung in Verfahren der freiwilligen Gerichtsbarkeit:</LA></DD><DT>9.1</DT><DD Font="normal"><LA Size="normal">Grundbuch,</LA></DD><DT>9.2</DT><DD Font="normal"><LA Size="normal">Nachlaß,</LA></DD><DT>9.3</DT><DD Font="normal"><LA Size="normal">vormundschaftsrechtliche Angelegenheiten, Betreuung,</LA></DD><DT>9.4</DT><DD Font="normal"><LA Size="normal">öffentliche Register.</LA></DD></DL></P></Content></text><fussnoten/></textdaten></norm>
<norm builddate="20250314223501" doknr="BJNR019500998BJNE000500310"><metadaten><jurabk>JFAngAusbV</jurabk><enbez>§ 4</enbez><titel format="parat">Ausbildungsrahmenplan</titel></metadaten><textdaten><text format="XML"><Content><P>(1) Die Fertigkeiten und Kenntnisse nach § 3 sollen nach der in der Anlage enthaltenen Anleitung zur sachlichen und zeitlichen Gliederung der Berufsausbildung (Ausbildungsrahmenplan) vermittelt werden. Eine von dem Ausbildungsrahmenplan abweichende sachliche und zeitliche Gliederung des Ausbildungsinhaltes ist insbesondere zulässig, soweit betriebspraktische Besonderheiten die Abweichung erfordern.</P><P>(2) Die in dieser Verordnung genannten Fertigkeiten und Kenntnisse sollen so vermittelt werden, daß der Auszubildende zur Ausübung einer qualifizierten beruflichen Tätigkeit im Sinne des § 1 Abs. 2 des Berufsbildungsgesetzes befähigt wird, die insbesondere selbständiges Planen, Durchführen und Kontrollieren einschließt. Diese Befähigung ist auch in den Prüfungen nach den §§ 7 und 8 nachzuweisen.</P></Content> </text></textdaten></norm>
<norm builddate="20250314223501" doknr="BJNR019500998BJNE000600310"><metadaten><jurabk>JFAngAusbV</jurabk><enbez>§ 5</enbez><titel format="parat">Ausbildungsplan</titel></metadaten><textdaten><text format="XML"><Content><P>Der Ausbildende hat unter Zugrundelegung des Ausbildungsrahmenplanes für den Auszubildenden einen Ausbildungsplan zu erstellen.</P></Content></text></textdaten></norm>
<norm builddate="20250314223501" doknr="BJNR019500998BJNE000700310"><metadaten><jurabk>JFAngAusbV</jurabk><enbez>§ 6</enbez><titel format="parat">Berichtsheft</titel></metadaten><textdaten><text format="XML"><Content><P>Der Auszubildende hat ein Berichtsheft in Form eines Ausbildungsnachweises zu führen. Ihm ist Gelegenheit zu geben, das Berichtsheft während der Ausbildungszeit zu führen. Der Ausbildende hat das Berichtsheft regelmäßig durchzusehen.</P></Content></text></textdaten></norm>
<norm builddate="20250314223501" doknr="BJNR019500998BJNE000800310"><metadaten><jurabk>JFAngAusbV</jurabk><enbez>§ 7</enbez><titel format="parat">Zwischenprüfung</titel></metadaten><textdaten><text format="XML"><Content><P>(1) Zur Ermittlung des Ausbildungsstandes ist eine Zwischenprüfung durchzuführen. Sie soll in der Mitte des zweiten Ausbildungsjahres stattfinden.</P><P>(2) Die Zwischenprüfung erstreckt sich auf die in der Anlage für das erste Ausbildungsjahr aufgeführten Fertigkeiten und Kenntnisse sowie auf den im Berufsschulunterricht entsprechend dem Rahmenlehrplan zu vermittelnden Lehrstoff, soweit er für die Berufsausbildung wesentlich ist.</P><P>(3) Die Zwischenprüfung ist schriftlich, anhand praxisbezogener Aufgaben oder Fälle, in höchstens 180 Minuten in folgenden Prüfungsfächern durchzuführen: <DL Font="normal" Type="arabic"><DT>1.</DT><DD Font="normal"><LA Size="normal">gerichtliche Verfahrensabläufe,</LA></DD> <DT>2.</DT><DD Font="normal"><LA Size="normal">Büroorganisation,</LA></DD> <DT>3.</DT><DD Font="normal"><LA Size="normal">Wirtschafts- und Sozialkunde.</LA></DD> </DL></P></Content>  </text></textdaten></norm>
<norm builddate="20250314223501" doknr="BJNR019500998BJNE000900310"><metadaten><jurabk>JFAngAusbV</jurabk><enbez>§ 8</enbez><titel format="parat">Abschlußprüfung</titel></metadaten><textdaten><text format="XML"><Content><P>(1) Die Abschlußprüfung erstreckt sich auf die in der Anlage aufgeführten Fertigkeiten und Kenntnisse sowie auf den im Berufsschulunterricht vermittelten Lehrstoff, soweit er für die Berufsausbildung wesentlich ist.</P><P>(2) Die Abschlußprüfung ist schriftlich in den Prüfungsfächern <DL Font="normal" Type="arabic"><DT>1.</DT><DD Font="normal"><LA Size="normal">gerichtliche Verfahrensabläufe,</LA></DD> <DT>2.</DT><DD Font="normal"><LA Size="normal">Büroorganisation,</LA></DD> <DT>3.</DT><DD Font="normal"><LA Size="normal">Wirtschafts- und Sozialkunde</LA></DD> </DL>und praktisch in den Prüfungsfächern <DL Font="normal" Type="arabic"><DT>1.</DT><DD Font="normal"><LA Size="normal">Textverarbeitung,</LA></DD> <DT>2.</DT><DD Font="normal"><LA Size="normal">fallbezogene Rechtsanwendung</LA></DD> </DL>durchzuführen.</P><P>(3) In der schriftlichen Prüfung soll der Prüfling in den nachgenannten Prüfungsfächern je eine Arbeit anfertigen: <DL Font="normal" Type="arabic"><DT>1.</DT><DD Font="normal"><LA Size="normal">Prüfungsfach gerichtliche Verfahrensabläufe:</LA><LA Size="normal">In höchstens 120 Minuten soll der Prüfling praxisbezogene Aufgaben oder Fälle bearbeiten und dabei zeigen, daß er die für die Mitwirkung im Verfahren erforderlichen Fertigkeiten und Kenntnisse erworben hat. Hierfür kommen insbesondere in Betracht:<DL Font="normal" Type="arabic"><DT>a)</DT><DD Font="normal"><LA Size="normal">rechtliche Grundlagen,</LA></DD> <DT>b)</DT><DD Font="normal"><LA Size="normal">Verfahrensabläufe;</LA></DD> </DL></LA></DD>  <DT>2.</DT><DD Font="normal"><LA Size="normal">Prüfungsfach Büroorganisation:</LA><LA Size="normal">In höchstens 90 Minuten soll der Prüfling praxisbezogene Aufgaben oder Fälle bearbeiten und dabei zeigen, daß er Aufgaben der Büroorganisation erledigen und dabei Fertigkeiten und Kenntnisse der Arbeitsorganisation anwenden kann. Hierfür kommen insbesondere in Betracht:<DL Font="normal" Type="arabic"><DT>a)</DT><DD Font="normal"><LA Size="normal">Fristen,</LA></DD> <DT>b)</DT><DD Font="normal"><LA Size="normal">Zustellungen,</LA></DD> <DT>c)</DT><DD Font="normal"><LA Size="normal">Geschäftsordnung und ergänzende Vorschriften;</LA></DD> </DL></LA></DD>  <DT>3.</DT><DD Font="normal"><LA Size="normal">Prüfungsfach Wirtschafts- und Sozialkunde:</LA><LA Size="normal">In höchstens 90 Minuten soll der Prüfling praxisbezogene Aufgaben oder Fälle aus der Berufs- und Arbeitswelt bearbeiten und dabei zeigen, daß er allgemeine wirtschaftliche und gesellschaftliche Zusammenhänge der Berufs- und Arbeitswelt darstellen und beurteilen kann.</LA></DD>  </DL> </P><P>(4) In der praktischen Prüfung soll der Prüfling Aufgaben aus den nachgenannten Prüfungsfächern bearbeiten: <DL Font="normal" Type="arabic"><DT>1.</DT><DD Font="normal"><LA Size="normal">Prüfungsfach Textverarbeitung:</LA><LA Size="normal">In 45 Minuten soll der Prüfling eine praxisbezogene Aufgabe zur Textverarbeitung bearbeiten und dabei zeigen, daß er Texte nach Vorgabe formulieren und formgerecht gestalten kann. Die Aufgabe umfaßt das Konzipieren und Erstellen eines Textes nach stichwortartigen Angaben sowie das Erstellen und Gestalten eines Textes unter Anwendung standardisierter Vorlagen;</LA></DD>  <DT>2.</DT><DD Font="normal"><LA Size="normal">Prüfungsfach fallbezogene Rechtsanwendung:</LA><LA Size="normal">Der Prüfling soll eine praktische Aufgabe im Rahmen der Rechtsanwendung bearbeiten. Er soll dabei zeigen, daß er Sachverhalte analysieren, beurteilen und Lösungen aufzeigen kann. Die Aufgabe soll Ausgangspunkt für das folgende Prüfungsgespräch sein. Hierbei soll der Prüfling zeigen, daß er Arbeitsergebnisse bürgerorientiert darstellen sowie in berufstypischen Situationen kommunizieren und kooperieren kann. Die Bearbeitung der Aufgabe und das Prüfungsgespräch sollen für den einzelnen Prüfling nicht länger als 45 Minuten dauern.</LA></DD>  </DL> </P><P>(5) Sind in der schriftlichen Prüfung die Prüfungsleistungen in bis zu zwei Fächern mit mangelhaft und in dem dritten Fach mit mindestens ausreichend bewertet worden, so ist auf Antrag des Prüflings oder nach Ermessen des Prüfungsausschusses in einem der mit &quot;mangelhaft&quot; bewerteten Fächer die schriftliche Prüfung durch eine mündliche Prüfung von etwa 15 Minuten zu ergänzen, wenn diese für das Bestehen der Prüfung den Ausschlag geben kann. Das Fach ist vom Prüfling zu bestimmen. Bei der Ermittlung des Ergebnisses für dieses Prüfungsfach sind die Ergebnisse der schriftlichen Arbeit und der mündlichen Ergänzungsprüfung im Verhältnis 2:1 zu gewichten.</P><P>(6) Bei der Ermittlung des Gesamtergebnisses haben alle Prüfungsfächer das gleiche Gewicht.</P><P>(7) Zum Bestehen der Abschlußprüfung müssen im Gesamtergebnis und in mindestens zwei der in Absatz 3 genannten schriftlichen Prüfungsfächer sowie in der praktischen Prüfung mindestens ausreichende Leistungen erbracht werden. Werden die Prüfungsleistungen in einem Prüfungsfach mit &quot;ungenügend&quot; bewertet, so ist die Prüfung nicht bestanden.</P></Content>    </text></textdaten></norm>
<norm builddate="20250314223501" doknr="BJNR019500998BJNE001000310"><metadaten><jurabk>JFAngAusbV</jurabk><enbez>§ 9</enbez><titel format="parat">Aufhebung von Vorschriften</titel></metadaten><textdaten><text format="XML"><Content><P>Die bisher festgelegten Berufsbilder, Berufsbildungspläne und Prüfungsanforderungen für den Ausbildungsberuf Justizangestellter/Justizangestellte sind nicht mehr anzuwenden.</P></Content></text></textdaten></norm>
<norm builddate="20250314223501" doknr="BJNR019500998BJNE001100310"><metadaten><jurabk>JFAngAusbV</jurabk><enbez>§ 10</enbez><titel format="parat">Übergangsregelung</titel></metadaten><textdaten><text format="XML"><Content><P>(1) Auf Berufsausbildungsverhältnisse, die bei Inkrafttreten dieser Verordnung bestehen, sind die bisherigen Vorschriften weiter anzuwenden, es sei denn, die Vertragsparteien vereinbaren die Anwendung der Vorschriften dieser Verordnung.</P><P>(2) Für Berufsausbildungsverhältnisse, die bis zum 1. Oktober 1998 beginnen, können die Vertragsparteien die Anwendung der bisherigen Vorschriften vereinbaren.</P></Content> </text></textdaten></norm>
<norm builddate="20250314223501" doknr="BJNR019500998BJNE001200310"><metadaten><jurabk>JFAngAusbV</jurabk><enbez>§ 11</enbez><titel format="parat">Inkrafttreten</titel></metadaten><textdaten><text format="XML"><Content><P>Diese Verordnung tritt am 1. August 1998 in Kraft.</P></Content></text></textdaten></norm>
<norm builddate="20250314223502" doknr="BJNR019500998BJNE001301128"><metadaten><jurabk>JFAngAusbV</jurabk><enbez>Anlage</enbez><titel format="XML">(zu § 4)<BR/>Ausbildungsrahmenplan für die Berufsausbildung zum Justizfachangestellten/zur Justizfachangestellten</titel></metadaten><textdaten><text format="XML"><Content><P><ABWFORMAT typ="A"/><kommentar typ="Fundstelle">(Fundstelle: BGBl. I 1998, 198 - 202)</kommentar><BR/><table frame="all" tocentry="%yes;"><tgroup align="left" char="" charoff="50" cols="6" colsep="1" rowsep="1"><colspec align="center" colname="col1" colnum="1" colwidth="50"/><colspec colname="col2" colnum="2" colwidth="150"/><colspec colname="col3" colnum="3" colwidth="300"/><colspec align="center" colname="col4" colnum="4" colwidth="50"/><colspec align="center" colname="col5" colnum="5" colwidth="50"/><colspec align="center" colname="col6" colnum="6" colwidth="50"/><tbody valign="top"><row><entry VJ="1" align="left" morerows="1">Lfd. Nr.</entry><entry VJ="1" morerows="1">Teil des Ausbildungsberufsbildes</entry><entry VJ="1" align="center" morerows="1">zu vermittelnde Fertigkeiten und Kenntnisse</entry><entry VJ="1" align="left" nameend="col6" namest="col4">zeitliche Richtwerte in Wochen im Ausbildungsjahr</entry></row><row><entry VJ="1">1</entry><entry VJ="1">2</entry><entry VJ="1">3</entry></row><row><entry VJ="1">1</entry><entry VJ="1" align="center">2</entry><entry VJ="1" align="center">3</entry><entry VJ="1" nameend="col6" namest="col4">4</entry></row><row><entry VJ="1" valign="top">1</entry><entry VJ="1" valign="top">Die ausbildende Behörde<BR/>(§ 3 Nr. 1)</entry><entry VJ="1"> </entry><entry VJ="1" align="left" morerows="4" nameend="col6" namest="col4">während der gesamten Ausbildung zu vermitteln</entry></row><row><entry VJ="1" valign="top">1.1</entry><entry VJ="1" valign="top">Stellung und Aufgaben des ausbildenden Gerichts und der ausbildenden Staatsanwaltschaften innerhalb der Justiz<BR/>(§ 3 Nr. 1.1)</entry><entry VJ="1"><DL Font="normal" Type="arabic"><DT>a)</DT><DD Font="normal"><LA Size="normal">das ausbildende Gericht als Teil der Rechtsprechung in das verfassungsrechtliche System der Bundesrepublik Deutschland einordnen</LA></DD><DT>b)</DT><DD Font="normal"><LA Size="normal">ordentliche und besondere Gerichtsbarkeit unterscheiden, sachliche Zuständigkeiten sowie Instanzenzüge erläutern und das ausbildende Gericht mit seinen Aufgaben einordnen</LA></DD><DT>c)</DT><DD Font="normal"><LA Size="normal">Aufgaben und sachliche Zuständigkeiten der Staatsanwaltschaft erläutern</LA></DD><DT>d)</DT><DD Font="normal"><LA Size="normal">Personen der Rechtspflege, ihre Rechtsstellung und Aufgaben sowie Weisungs- und Entscheidungsbefugnisse erläutern</LA></DD><DT>e)</DT><DD Font="normal"><LA Size="normal">Aufbauorganisation des ausbildenden Gerichts und der ausbildenden Staatsanwaltschaft beschreiben</LA></DD></DL></entry></row><row><entry VJ="1" valign="top">1.2</entry><entry VJ="1" valign="top">Berufsbildung, arbeits- und sozialrechtliche Grundlagen<BR/>(§ 3 Nr. 1.2)</entry><entry VJ="1"><DL Font="normal" Type="arabic"><DT>a)</DT><DD Font="normal"><LA Size="normal">Inhalt des Berufsausbildungsvertrages, insbesondere die Rechte und Pflichten des Ausbildenden und des Auszubildenden, beschreiben</LA></DD><DT>b)</DT><DD Font="normal"><LA Size="normal">die Ausbildungsordnung mit dem betrieblichen Ausbildungsplan vergleichen und Besonderheiten erläutern</LA></DD><DT>c)</DT><DD Font="normal"><LA Size="normal">Notwendigkeit und Möglichkeiten beruflicher Fortbildung beschreiben, Aufstiegsmöglichkeiten erläutern</LA></DD><DT>d)</DT><DD Font="normal"><LA Size="normal">arbeits- und dienstrechtliche Stellung der unterschiedlichen Beschäftigtengruppen abgrenzen</LA></DD><DT>e)</DT><DD Font="normal"><LA Size="normal">für das Arbeitsverhältnis wichtige arbeits- und sozialrechtliche Bestimmungen beschreiben</LA></DD><DT>f)</DT><DD Font="normal"><LA Size="normal">Aufgaben der Personalvertretung beschreiben</LA></DD><DT>g)</DT><DD Font="normal"><LA Size="normal">Aufgaben der für die ausbildende Behörde wichtigen Institutionen und Organisationen der Arbeitgeber und Arbeitnehmer darstellen</LA></DD></DL></entry></row><row><entry VJ="1" valign="top">1.3</entry><entry VJ="1" valign="top">Sicherheit und Gesundheitsschutz bei der Arbeit<BR/>(§ 3 Nr. 1.3)</entry><entry VJ="1"><DL Font="normal" Type="arabic"><DT>a)</DT><DD Font="normal"><LA Size="normal">Gefährdung von Sicherheit und Gesundheit am Arbeitsplatz feststellen und Maßnahmen zu ihrer Vermeidung ergreifen</LA></DD><DT>b)</DT><DD Font="normal"><LA Size="normal">berufsbezogene Arbeitsschutz- und Unfallverhütungsvorschriften anwenden</LA></DD><DT>c)</DT><DD Font="normal"><LA Size="normal">Verhaltensweisen bei Unfällen beschreiben sowie erste Maßnahmen einleiten</LA></DD><DT>d)</DT><DD Font="normal"><LA Size="normal">Vorschriften des vorbeugenden Brandschutzes anwenden; Verhaltensweisen bei Bränden beschreiben und Maßnahmen zur Brandbekämpfung ergreifen</LA></DD></DL></entry></row><row><entry VJ="1" valign="top">1.4</entry><entry VJ="1" valign="top">Umweltschutz<BR/>(§ 3 Nr. 1.4)</entry><entry VJ="1">zur Vermeidung betriebsbedingter Umweltbelastungen im beruflichen Einwirkungsbereich beitragen, insbesondere<DL Font="normal" Type="arabic"><DT>a)</DT><DD Font="normal"><LA Size="normal">mögliche Umweltbelastungen durch den Ausbildungsbetrieb und seinen Beitrag zum Umweltschutz an Beispielen erklären</LA></DD><DT>b)</DT><DD Font="normal"><LA Size="normal">für den Ausbildungsbetrieb geltende Regelungen des Umweltschutzes anwenden</LA></DD><DT>c)</DT><DD Font="normal"><LA Size="normal">Möglichkeiten der wirtschaftlichen und umweltschonenden Energie- und Materialverwendung nutzen</LA></DD><DT>d)</DT><DD Font="normal"><LA Size="normal">Abfälle vermeiden; Stoffe und Materialien einer umweltschonenden Entsorgung zuführen</LA></DD></DL></entry></row><row><entry VJ="1" morerows="1" valign="top">2</entry><entry VJ="1" morerows="1" valign="top">Kommunikation und Kooperation in berufstypischen Situationen<BR/>(§ 3 Nr. 2)</entry><entry VJ="1"><DL Font="normal" Type="arabic"><DT>a)</DT><DD Font="normal"><LA Size="normal">Wirkung von Maßnahmen der Justiz auf die Betroffenen an Beispielen beschreiben</LA></DD><DT>b)</DT><DD Font="normal"><LA Size="normal">Grundsätze und Formen der Kommunikation und Kooperation in unterschiedlichen Situationen auf das berufliche Handeln anwenden</LA></DD><DT>c)</DT><DD Font="normal"><LA Size="normal">besondere Situation und Interessen des Bürgers bei der Aufgabenerledigung angemessen berücksichtigen</LA></DD><DT>d)</DT><DD Font="normal"><LA Size="normal">aus mündlichen und schriftlichen Informationen den wesentlichen Sachverhalt ermitteln, schriftliche und mündliche Auskünfte erteilen</LA></DD><DT>e)</DT><DD Font="normal"><LA Size="normal">besondere Sicherheitsbestimmungen der ausbildenden Behörde anwenden</LA></DD></DL></entry><entry VJ="1">2*)</entry><entry VJ="1"> </entry><entry VJ="1"> </entry></row><row><entry VJ="1"><DL Font="normal" Type="arabic"><DT>f)</DT><DD Font="normal"><LA Size="normal">Notwendigkeit gegenseitiger Information und Vorzüge von Zusammenarbeit aufzeigen; Aufgaben kooperativ lösen</LA></DD><DT>g)</DT><DD Font="normal"><LA Size="normal">über zusätzliche bürgerorientierte Dienstleistungen der ausbildenden Behörde informieren</LA></DD></DL></entry><entry VJ="1"> </entry><entry VJ="1">2*)</entry><entry VJ="1"> </entry></row><row><entry VJ="1" valign="top">3</entry><entry VJ="1" valign="top">Büroorganisatorische Abläufe<BR/>(§ 3 Nr. 3)</entry><entry VJ="1"><DL Font="normal" Type="arabic"><DT>a)</DT><DD Font="normal"><LA Size="normal">Registraturarbeiten durchführen, Aufbewahrungsfristen beachten</LA></DD><DT>b)</DT><DD Font="normal"><LA Size="normal">Geschäftsordnung und ergänzende Vorschriften anwenden</LA></DD><DT>c)</DT><DD Font="normal"><LA Size="normal">Posteingang und -ausgang bearbeiten</LA></DD><DT>d)</DT><DD Font="normal"><LA Size="normal">Dateien und Karteien führen</LA></DD><DT>e)</DT><DD Font="normal"><LA Size="normal">Fristen berechnen, vormerken und überwachen</LA></DD><DT>f)</DT><DD Font="normal"><LA Size="normal">Schriftstücke fertigen, ausfertigen und beglaubigen</LA></DD><DT>g)</DT><DD Font="normal"><LA Size="normal">Daten für die Erstellung von Statistiken erheben und weiterleiten</LA></DD><DT>h)</DT><DD Font="normal"><LA Size="normal">Anträge, Rechtsmittel, Rechtsbehelfe und Erklärungen aufnehmen</LA></DD><DT>i)</DT><DD Font="normal"><LA Size="normal">Zustellungen veranlassen und deren Ausführung überwachen</LA></DD><DT>k)</DT><DD Font="normal"><LA Size="normal">Zahlungseingänge überwachen</LA></DD><DT>l)</DT><DD Font="normal"><LA Size="normal">Akteneinsicht gewähren</LA></DD><DT>m)</DT><DD Font="normal"><LA Size="normal">Protokolle erstellen</LA></DD></DL></entry><entry VJ="1">8*)</entry><entry VJ="1"> </entry><entry VJ="1"> </entry></row><row><entry VJ="1" morerows="1" valign="top">4</entry><entry VJ="1" morerows="1" valign="top">Arbeitsorganisation<BR/>(§ 3 Nr. 4)</entry><entry VJ="1"><DL Font="normal" Type="arabic"><DT>a)</DT><DD Font="normal"><LA Size="normal">Vorschriften für Büroarbeitsplätze beachten und den eigenen Arbeitsplatz entsprechend gestalten</LA></DD><DT>b)</DT><DD Font="normal"><LA Size="normal">Arbeitsmittel pflegen und deren Wartung und Instandsetzung veranlassen</LA></DD><DT>c)</DT><DD Font="normal"><LA Size="normal">Fachliteratur und andere Informationsmittel nutzen</LA></DD><DT>d)</DT><DD Font="normal"><LA Size="normal">Methoden für systematisches und kontinuierliches Lernen berücksichtigen</LA></DD><DT>e)</DT><DD Font="normal"><LA Size="normal">eigene Tätigkeit in den jeweiligen Verfahrensablauf einordnen</LA></DD></DL></entry><entry VJ="1">3</entry><entry VJ="1"> </entry><entry VJ="1"> </entry></row><row><entry VJ="1"><DL Font="normal" Type="arabic"><DT>f)</DT><DD Font="normal"><LA Size="normal">Möglichkeiten der Arbeitsplatz- und Arbeitsraumgestaltung unter Berücksichtigung ergonomischer Grundsätze an Beispielen der ausbildenden Behörde aufzeigen</LA></DD><DT>g)</DT><DD Font="normal"><LA Size="normal">eigene Arbeitsorganisation rationell und funktionsgerecht gestalten</LA></DD><DT>h)</DT><DD Font="normal"><LA Size="normal">aus betriebswirtschaftlichen Vorgaben Folgerungen für die Arbeitsorganisation ableiten</LA></DD></DL></entry><entry VJ="1"> </entry><entry VJ="1">3</entry><entry VJ="1"> </entry></row><row><entry VJ="1" valign="top">5</entry><entry VJ="1" valign="top">Informationsverarbeitung<BR/>(§ 3 Nr. 5)</entry><entry VJ="1"> </entry><entry VJ="1"> </entry><entry VJ="1"> </entry><entry VJ="1"> </entry></row><row><entry VJ="1" valign="top">5.1</entry><entry VJ="1" valign="top">Informations- und Kommunikationstechniken, Datenschutz<BR/>(§ 3 Nr. 5.1)</entry><entry VJ="1"><DL Font="normal" Type="arabic"><DT>a)</DT><DD Font="normal"><LA Size="normal">unterschiedliche Arbeitsaufgaben mit Hilfe von Informations- und Kommunikationstechniken lösen</LA></DD><DT>b)</DT><DD Font="normal"><LA Size="normal">Auswirkungen von Informations- und Kommunikationstechniken auf Arbeitsorganisation, Arbeitsbedingungen und Arbeitsanforderungen an Beispielen des beruflichen Einwirkungsbereiches aufzeigen</LA></DD><DT>c)</DT><DD Font="normal"><LA Size="normal">Handbücher, Dokumentationen und andere Hilfsmittel nutzen</LA></DD><DT>d)</DT><DD Font="normal"><LA Size="normal">die Vorschriften des Datenschutzrechts über die Erhebung, Verarbeitung und Nutzung von personenbezogenen Daten einhalten</LA></DD><DT>e)</DT><DD Font="normal"><LA Size="normal">Vorschriften zur Datensicherheit anwenden, Daten sichern</LA></DD></DL></entry><entry VJ="1"> </entry><entry VJ="1">6</entry><entry VJ="1"> </entry></row><row><entry VJ="1" valign="top">5.2</entry><entry VJ="1" valign="top">Textverarbeitung<BR/>(§ 3 Nr. 5.2)</entry><entry VJ="1"><DL Font="normal" Type="arabic"><DT>a)</DT><DD Font="normal"><LA Size="normal">Tastschreiben beherrschen</LA></DD><DT>b)</DT><DD Font="normal"><LA Size="normal">Textverarbeitungsprogramme nutzen</LA></DD><DT>c)</DT><DD Font="normal"><LA Size="normal">Texte sachlich richtig und normgerecht sowie sprachlich einwandfrei formulieren und gliedern</LA></DD><DT>d)</DT><DD Font="normal"><LA Size="normal">in der ausbildenden Behörde eingesetzte Aufnahme- und Wiedergabegeräte nutzen</LA></DD></DL></entry><entry VJ="1">8</entry><entry VJ="1"> </entry><entry VJ="1"> </entry></row><row><entry VJ="1" valign="top">6</entry><entry VJ="1" valign="top">Kosten- und Entschädigungsrecht<BR/>(§ 3 Nr. 6)</entry><entry VJ="1"><DL Font="normal" Type="arabic"><DT>a)</DT><DD Font="normal"><LA Size="normal">Bürger über Zahlungsarten informieren</LA></DD><DT>b)</DT><DD Font="normal"><LA Size="normal">Vorschriften zur Kostenberechnung anwenden</LA></DD><DT>c)</DT><DD Font="normal"><LA Size="normal">Kosten einziehen, Vorschüsse rückerstatten</LA></DD><DT>d)</DT><DD Font="normal"><LA Size="normal">Vorschriften über Zeugen- und Sachverständigenentschädigung anwenden</LA></DD></DL></entry><entry VJ="1"> </entry><entry VJ="1"> </entry><entry VJ="1">7</entry></row><row><entry VJ="1" valign="top">7</entry><entry VJ="1" valign="top">Fallbezogene Rechtsanwendung in Zivilverfahren<BR/>(§ 3 Nr. 7)</entry><entry VJ="1"> </entry><entry VJ="1"> </entry><entry VJ="1"> </entry><entry VJ="1"> </entry></row><row><entry VJ="1" valign="top">7.1</entry><entry VJ="1" valign="top">Zivilprozeß<BR/>(§ 3 Nr. 7.1)</entry><entry VJ="1">in Zivilprozessverfahren mitwirken, insbesondere<DL Font="normal" Type="arabic"><DT>a)</DT><DD Font="normal"><LA Size="normal">Ladungen von Amts wegen vornehmen</LA></DD><DT>b)</DT><DD Font="normal"><LA Size="normal">Rechtskraft bescheinigen; Rechtskraftbescheinigungen und Vollstreckungsklauseln erteilen</LA></DD><DT>c)</DT><DD Font="normal"><LA Size="normal">Kosten berechnen</LA></DD><DT>d)</DT><DD Font="normal"><LA Size="normal">für den Zivilprozeß spezifische Akten und Register führen</LA></DD></DL></entry><entry VJ="1">15</entry><entry VJ="1"> </entry><entry VJ="1"> </entry></row><row><entry VJ="1" valign="top">7.2</entry><entry VJ="1" valign="top">Zwangsvollstreckung<BR/>(§ 3 Nr. 7.2)</entry><entry VJ="1"><DL Font="normal" Type="arabic"><DT>a)</DT><DD Font="normal"><LA Size="normal">in Zwangsvollstreckungsverfahren in das bewegliche Vermögen mitwirken, insbesondere Schuldnerverzeichnis führen, Auskünfte erteilen</LA></DD><DT>b)</DT><DD Font="normal"><LA Size="normal">in Zwangsvollstreckungsverfahren in das unbewegliche Vermögen mitwirken, insbesondere Veröffentlichungen veranlassen</LA></DD></DL></entry><entry VJ="1"> </entry><entry VJ="1">14</entry><entry VJ="1"> </entry></row><row><entry VJ="1" valign="top">7.3</entry><entry VJ="1" valign="top">Insolvenzen<BR/>(§ 3 Nr. 7.3)</entry><entry VJ="1"><DL Font="normal" Type="arabic"><DT>a)</DT><DD Font="normal"><LA Size="normal">Veröffentlichungen veranlassen</LA></DD><DT>b)</DT><DD Font="normal"><LA Size="normal">in Insolvenzverfahren mitwirken, insbesondere bei Eintragungen in die Insolvenztabelle</LA></DD></DL></entry><entry VJ="1"> </entry><entry VJ="1"> </entry><entry VJ="1">10</entry></row><row><entry VJ="1" valign="top">7.4</entry><entry VJ="1" valign="top">Ehe- und Familiensachen<BR/>(§ 3 Nr. 7.4)</entry><entry VJ="1">in Ehe- und Familiensachen mitwirken, insbesondere<DL Font="normal" Type="arabic"><DT>a)</DT><DD Font="normal"><LA Size="normal">Rechtskraft bescheinigen; Rechtskraftbescheinigungen erteilen</LA></DD><DT>b)</DT><DD Font="normal"><LA Size="normal">Kosten berechnen</LA></DD></DL></entry><entry VJ="1"> </entry><entry VJ="1">12</entry><entry VJ="1"> </entry></row><row><entry VJ="1" valign="top">8</entry><entry VJ="1" valign="top">Fallbezogene Rechtsanwendung in Straf- und Ordnungswidrigkeitenverfahren<BR/>(§ 3 Nr. 8)</entry><entry VJ="1">in Straf- und Ordnungswidrigkeitenverfahren mitwirken, insbesondere<DL Font="normal" Type="arabic"><DT>a)</DT><DD Font="normal"><LA Size="normal">Auflagen und Weisungen überwachen</LA></DD><DT>b)</DT><DD Font="normal"><LA Size="normal">Protokolle in der Hauptverhandlung führen</LA></DD><DT>c)</DT><DD Font="normal"><LA Size="normal">Rechtskraft und Vollstreckbarkeit bescheinigen</LA></DD><DT>d)</DT><DD Font="normal"><LA Size="normal">Kosten berechnen</LA></DD></DL></entry><entry VJ="1">16</entry><entry VJ="1"> </entry><entry VJ="1"> </entry></row><row><entry VJ="1" valign="top">9</entry><entry VJ="1" valign="top">Fallbezogene Rechtsanwendung in Verfahren der freiwilligen Gerichtsbarkeit<BR/>(§ 3 Nr. 9)</entry><entry VJ="1"> </entry><entry VJ="1"> </entry><entry VJ="1"> </entry><entry VJ="1"> </entry></row><row><entry VJ="1" valign="top">9.1</entry><entry VJ="1" valign="top">Grundbuch<BR/>(§ 3 Nr. 9.1)</entry><entry VJ="1">in Verfahren des Grundbuchamtes mitwirken, insbesondere<DL Font="normal" Type="arabic"><DT>a)</DT><DD Font="normal"><LA Size="normal">Eintragungen in das Grundbuch vornehmen</LA></DD><DT>b)</DT><DD Font="normal"><LA Size="normal">Einsicht in Grundbuch und Eigentümerkartei gewähren</LA></DD><DT>c)</DT><DD Font="normal"><LA Size="normal">Anträge präsentieren</LA></DD></DL></entry><entry VJ="1"> </entry><entry VJ="1">15</entry><entry VJ="1"> </entry></row><row><entry VJ="1" valign="top">9.2</entry><entry VJ="1" valign="top">Nachlaß<BR/>(§ 3 Nr. 9.2)</entry><entry VJ="1">in Verfahren vor dem Nachlaßgericht mitwirken, insbesondere<DL Font="normal" Type="arabic"><DT>a)</DT><DD Font="normal"><LA Size="normal">letztwillige Verfügungen verwahren</LA></DD><DT>b)</DT><DD Font="normal"><LA Size="normal">letztwillige Verfügungen zur Eröffnung entgegennehmen</LA></DD></DL></entry><entry VJ="1"> </entry><entry VJ="1"> </entry><entry VJ="1">10</entry></row><row><entry VJ="1" valign="top">9.3</entry><entry VJ="1" valign="top">Vormundschaftsrechtliche Angelegenheiten, Betreuung<BR/>(§ 3 Nr. 9.3)</entry><entry VJ="1">in Verfahren vor dem Familiengericht und in Betreuungsverfahren, insbesondere bei Anträgen auf Bestellung eines Betreuers, mitwirken</entry><entry VJ="1"> </entry><entry VJ="1"> </entry><entry VJ="1">12</entry></row><row><entry VJ="1" valign="top">9.4</entry><entry VJ="1" valign="top">Öffentliche Register<BR/>(§ 3 Nr. 9.4)</entry><entry VJ="1">in Registerverfahren mitwirken, insbesondere<DL Font="normal" Type="arabic"><DT>a)</DT><DD Font="normal"><LA Size="normal">Eintragungen in die Register vornehmen</LA></DD><DT>b)</DT><DD Font="normal"><LA Size="normal">Veröffentlichungen veranlassen</LA></DD></DL></entry><entry VJ="1"> </entry><entry VJ="1"> </entry><entry VJ="1">13</entry></row><row><entry VJ="1" align="left" nameend="col6" namest="col1"><small><DL Font="normal" Type="arabic"><DT>*)</DT><DD Font="normal"><LA Size="normal">Insbesondere im Zusammenhang mit den laufenden Nummern 7.1 und 8 zu vermitteln; können auch in Verbindung mit den laufenden Nummern 7.2 bis 7.4 und der laufenden Nummer 9 vertieft werden.</LA></DD></DL></small></entry></row></tbody></tgroup></table></P></Content></text><fussnoten/></textdaten></norm>
</dokumente>