<?xml version="1.0" encoding="UTF-8" ?><!DOCTYPE dokumente SYSTEM "http://www.gesetze-im-internet.de/dtd/1.01/gii-norm.dtd">
<dokumente builddate="20230428213001" doknr="BJNR011500970"><norm builddate="20230428213001" doknr="BJNR011500970"><metadaten><jurabk>MilchV</jurabk><amtabk>MilchErzV</amtabk><ausfertigung-datum manuell="ja">1970-07-15</ausfertigung-datum><fundstelle typ="amtlich"><periodikum>BGBl I</periodikum><zitstelle>1970, 1150</zitstelle></fundstelle><kurzue>Milcherzeugnisverordnung</kurzue><langue>Verordnung über Milcherzeugnisse</langue><standangabe checked="ja"><standtyp>Stand</standtyp><standkommentar>Zuletzt geändert durch Art. 4 V v. 26.4.2023 I Nr. 115</standkommentar></standangabe></metadaten><textdaten><fussnoten><Content><P><BR/> <pre xml:space="preserve">(+++ Textnachweis Geltung ab: 11.12.1987 +++)<BR/>(+++ Zur Anwendung vgl. § 7b +++)<BR/>(+++ Maßgaben aufgrund des EinigVtr vgl. MilchV Anhang EV +++)<BR/>(+++ Zur Anwendung im Beitrittsgebiet vgl. für die Zeit vom 3.10.1990 bis<BR/>     31.12.1990 V v. 28.9.1990 I 2117 (EGRÜblV) u. für die Zeit ab 1.1.1991<BR/>     V v. 18.12.1990 I 2915 (EGRechtÜblV) +++)<BR/>(+++ Amtliche Hinweise des Normgebers auf EG-Recht:<BR/>     Umsetzung der<BR/>       EGRL 114/2001    (CELEX Nr: 32001L0114) vgl. V v. 23.6.2003 I 1052 <BR/>     Umsetzung der <BR/>       EGRL 61/2007     (CELEX Nr: 32007L0061) vgl. V v. 21.12.2007 I 3282 +++)<BR/><BR/></pre>Überschrift: IdF d. Art. 1 Nr. 1 V v. 3.12.1987 I 2443 mWv 11.12.1987</P></Content></fussnoten></textdaten></norm>
<norm builddate="20230428213001" doknr="BJNR011500970BJNE000100328"><metadaten><jurabk>MilchV</jurabk><enbez>Eingangsformel</enbez></metadaten><textdaten><text format="XML"><Content><P>Mit Zustimmung des Bundesrates verordnen <BR/>auf Grund der §§ 37 und 52 Abs. 1 Satz 1 des Milchgesetzes vom 31. Juli 1930 (Reichsgesetzbl. I S. 421), zuletzt geändert durch das Einführungsgesetz zum Gesetz über Ordnungswidrigkeiten vom 24. Mai 1968 (Bundesgesetzbl. I S. 503), in Verbindung mit Artikel 129 Abs. 1 des Grundgesetzes der Bundesminister für Ernährung, Landwirtschaft und Forsten im Einvernehmen mit dem Bundesminister für Jugend, Familie und Gesundheit nach Anhörung eines Sachverständigenbeirates, <BR/>hinsichtlich des § 1 Abs. 1, § 2 Abs. 1 und § 8 auch auf Grund des § 5 Nr. 4 und 5 des Lebensmittelgesetzes in der Fassung der Bekanntmachung vom 17. Januar 1936 (Reichsgesetzbl. I S. 17), zuletzt geändert durch das Gesetz zur Änderung des Lebensmittelgesetzes vom 8. September 1969 (Bundesgesetzbl. I S. 1590), in Verbindung mit Artikel 129 Abs. 1 des Grundgesetzes der Bundesminister für Jugend, Familie und Gesundheit gemeinsam mit dem Bundesminister für Ernährung, Landwirtschaft und Forsten <BR/>und <BR/>hinsichtlich des § 5 auf Grund des § 5a Abs. 1 Nr. 1, 2 und 6, Abs. 2 und 3 des Lebensmittelgesetzes der Bundesminister für Jugend, Familie und Gesundheit im Einvernehmen mit dem Bundesminister für Ernährung, Landwirtschaft und Forsten und dem Bundesminister für Wirtschaft:</P></Content></text></textdaten></norm>
<norm builddate="20230428213001" doknr="BJNR011500970BJNE000202119"><metadaten><jurabk>MilchV</jurabk><enbez>§ 1</enbez><titel format="XML">Anwendungsbereich</titel></metadaten><textdaten><text format="XML"><Content><P>(1) Milcherzeugnisse im Sinne dieser Verordnung sind die in der Anlage 1 bezeichneten Erzeugnisse, soweit sie zur Verwendung als Lebensmittel bestimmt sind.</P><P>(2) Die Vorschriften dieser Verordnung gelten nur für das gewerbsmäßige Herstellen und Inverkehrbringen von Milcherzeugnissen. Dem gewerbsmäßigen Herstellen oder Inverkehrbringen steht es gleich, wenn Milcherzeugnisse für Mitglieder von Genossenschaften oder ähnlichen Einrichtungen oder in Einrichtungen zur Gemeinschaftsverpflegung hergestellt oder in den Verkehr gebracht werden.</P></Content></text><fussnoten/></textdaten></norm>
<norm builddate="20230428213001" doknr="BJNR011500970BJNE002200377"><metadaten><jurabk>MilchV</jurabk><enbez>§ 1a</enbez><titel format="XML">Begriffsbestimmungen</titel></metadaten><textdaten><text format="XML"><Content><P>(1) Milchretentat im Sinne dieser Verordnung ist das Erzeugnis, das durch Konzentrieren von Milcheiweiß mit Hilfe der Ultrafiltration von Milch, teilentrahmter Milch oder Magermilch gewonnen wird.</P><P>(2) Milchpermeat im Sinne dieser Verordnung ist das Erzeugnis, das durch Entzug von Milcheiweißen und Milchfett aus Milch, teilentrahmter Milch oder Magermilch mit Hilfe der Ultrafiltration entsteht.</P></Content></text><fussnoten/></textdaten></norm>
<norm builddate="20230428213001" doknr="BJNR011500970BJNE000309311"><metadaten><jurabk>MilchV</jurabk><enbez>§ 2</enbez><titel format="XML">Anforderungen an die Herstellung und Verpackung</titel></metadaten><textdaten><text format="XML"><Content><P>(1) Ungezuckerte Kondensmilch der Gruppe VII der Anlage 1 darf nur in den Verkehr gebracht werden, wenn sie nach einem Verfahren wärmebehandelt worden ist, das den Anforderungen des Anhangs III Abschnitt IX Kapitel II Teil II der Verordnung (EG) Nr. 853/2004 des Europäischen Parlaments und des Rates vom 29. April 2004 mit spezifischen Hygienevorschriften für Lebensmittel tierischen Ursprungs (ABl. EU Nr. L 139 S. 55, Nr. L 226 S. 22), zuletzt geändert durch die Verordnung (EG) Nr. 1662/2006 der Kommission vom 6. November 2006 (ABl. EU Nr. L 320 S. 1), entspricht.</P><P>(1a) (weggefallen)</P><P>(1b) (weggefallen)</P><P>(2) Bei der Herstellung von Milcherzeugnissen dürfen nur folgende Lebensmittel verwendet werden: <DL Font="normal" Type="arabic"><DT>1.</DT><DD Font="normal"><LA Size="normal">die in Spalte 1 Buchstabe b oder Spalte 3 der Anlage 1 genannten Lebensmittel,</LA></DD><DT>2.</DT><DD Font="normal"><LA Size="normal">Stärke und Speisegelatine bei<DL Font="normal" Type="arabic"><DT>a)</DT><DD Font="normal"><LA Size="normal">Sauermilcherzeugnissen, Joghurterzeugnissen, Kefirerzeugnissen und Buttermilcherzeugnissen der Spalte 1 der Anlage 1, die nach der Fermentation einer Wärmebehandlung von mehr als <ABWFORMAT typ="A"/>50 Grad C unterzogen werden, sowie</LA></DD><DT>b)</DT><DD Font="normal"><LA Size="normal">Milchmischerzeugnissen und Molkenmischerzeugnissen,</LA></DD></DL></LA></DD><DT>3.</DT><DD Font="normal"><LA Size="normal">Vitamine und Mineralstoffe nach Maßgabe der Verordnung (EG) Nr. 1925/2006 des Europäischen Parlaments und des Rates vom 20. Dezember 2006 über den Zusatz von Vitaminen und Mineralstoffen sowie bestimmten anderen Stoffen zu Lebensmitteln (ABl. EU Nr. L 404 S. 26) in der jeweils geltenden Fassung bei Erzeugnissen der Gruppen VII bis IX, XIV und XV der Spalte 1 der Anlage 1 sowie den Standardsorten der Gruppen VII und VIII und den Standardsorten Nr. 1, 4, 7 und 10 der Gruppe IX der Anlage 1,</LA></DD><DT>4.</DT><DD Font="normal"><LA Size="normal">Inulin bei Milchmischerzeugnissen der Gruppe XIV der Anlage 1.</LA></DD></DL>Beigegebene Lebensmittel im Sinne von Spalte 1 Buchstabe b der Gruppen XIV und XVI der Anlage 1 sind Lebensmittel, die bei der Herstellung von Milchmischerzeugnissen oder Molkenmischerzeugnissen zur Erzielung einer besonderen Geschmacksrichtung, ohne einen Milchbestandteil zu ersetzen, zugesetzt werden, ausgenommen Milch und Milcherzeugnisse.</P><P>(3)</P><P>(4) Milcherzeugnisse, bei deren Herstellung die Vorschriften des Absatzes 2 nicht beachtet worden sind, dürfen nicht in den Verkehr gebracht werden.</P><P>(5) Zur Abgabe im Einzelhandel bestimmte ungezuckerte Kondensmilcherzeugnisse, gezuckerte Kondensmilcherzeugnisse und Trockenmilcherzeugnisse dürfen nur in Behältnissen in den Verkehr gebracht werden, die fest verschlossen sind und die Erzeugnisse vor nachteiliger Beeinflussung schützen.</P></Content></text><fussnoten/></textdaten></norm>
<norm builddate="20230428213001" doknr="BJNR011500970BJNE002002377"><metadaten><jurabk>MilchV</jurabk><enbez>§ 2a</enbez><titel format="parat">(weggefallen)</titel></metadaten><textdaten><text format="XML"><Content><P>-</P></Content></text><fussnoten/></textdaten></norm>
<norm builddate="20230428213001" doknr="BJNR011500970BJNE000419119"><metadaten><jurabk>MilchV</jurabk><enbez>§ 3</enbez><titel format="XML">Allgemeine Kennzeichnungsvorschriften</titel></metadaten><textdaten><text format="XML"><Content><P>(1) Milcherzeugnisse dürfen nur in den Verkehr gebracht werden, wenn sie nach den Vorschriften dieser Verordnung gekennzeichnet sind.</P><P>(2) Bei Milcherzeugnissen in Fertigpackungen im Sinne des § 42 Absatz 1 des Mess- und Eichgesetzes, die zur Abgabe an den Verbraucher bestimmt sind, sind anzugeben <DL Font="normal" Type="arabic"><DT>1.</DT><DD Font="normal"><LA Size="normal">die Verkehrsbezeichnung nach Maßgabe des Absatzes 3,</LA></DD><DT>2.</DT><DD Font="normal"><LA Size="normal">der Name oder die Firma und die Anschrift des Herstellers, des Verpackers oder eines in der Europäischen Union oder in einem Vertragsstaat des Abkommens über den Europäischen Wirtschaftsraum niedergelassenen Verkäufers,</LA></DD><DT>3.</DT><DD Font="normal"><LA Size="normal">das Verzeichnis der Zutaten nach Maßgabe der §§ 5 und 6 der Lebensmittel-Kennzeichnungsverordnung, ausgenommen bei Kondensmilcherzeugnissen und Trockenmilcherzeugnissen; bei Sauermilcherzeugnissen, Joghurterzeugnissen, Kefirerzeugnissen, Buttermilcherzeugnissen und Sahneerzeugnissen ist das Verzeichnis der Zutaten nur für andere Zutaten als die für die Herstellung notwendigen Milchinhaltsstoffe, Enzyme und Mikroorganismenkulturen erforderlich mit dem Hinweis, daß es sich nur um weitere Zutaten handelt; Zutaten der Anlage 3 der Lebensmittel-Kennzeichnungsverordnung sind stets anzugeben, es sei denn, die Verkehrsbezeichnung des Lebensmittels lässt auf das Vorhandensein der jeweiligen Zutat schließen,</LA></DD><DT>4.</DT><DD Font="normal"><LA Size="normal">das Mindesthaltbarkeitsdatum nach Maßgabe des § 7 der Lebensmittel-Kennzeichnungsverordnung; wird das Mindesthaltbarkeitsdatum mit dem Hinweis &quot;gekühlt&quot; angegeben, so ist es auf der Grundlage einer Bezugstemperatur von <ABWFORMAT typ="A"/>10 Grad C zu berechnen,</LA></DD><DT>5.</DT><DD Font="normal"><LA Size="normal"><DL Font="normal" Type="arabic"><DT>a)</DT><DD Font="normal"><LA Size="normal">sofern Milcherzeugnisse einer Wärmebehandlung nach Anhang III Abschnitt IX Kapitel II Teil II der Verordnung (EG) Nr. 853/2004 unterzogen wurden, die Angabe<DL Font="normal" Type="arabic"><DT>aa)</DT><DD Font="normal"><LA Size="normal">&quot;ultrahocherhitzt&quot; bei einem Verfahren, das dem Verfahren nach Anhang III Abschnitt IX Kapitel II Teil II Nr. 1 Buchstabe b der Verordnung (EG) Nr. 853/2004 entspricht; bei ungezuckerten Kondensmilcherzeugnissen kann stattdessen die Bezeichnung &quot;Ultrahocherhitzung&quot; verwendet werden,</LA></DD><DT>bb)</DT><DD Font="normal"><LA Size="normal">&quot;wärmebehandelt&quot; bei einer sonstigen Wärmebehandlung von mehr als 50 °C, ausgenommen eine einmalige Pasteurisierung bei Sahneerzeugnissen, die einem Verfahren nach Anhang III Abschnitt IX Kapitel II Teil II Nr. 1 Buchstabe a der Verordnung (EG) Nr. 853/2004 entspricht;</LA></DD></DL></LA></DD><DT>b)</DT><DD Font="normal"><LA Size="normal">bei Milcherzeugnissen, die nicht wärmebehandelt wurden, ist eine Wärmebehandlung des zur Herstellung verwendeten Milcherzeugnisses nach Buchstabe a anzugeben, sofern dieses einer Wärmebehandlung unterzogen wurde.</LA></DD></DL></LA></DD><DT>6.</DT><DD Font="normal"><LA Size="normal">zusätzlich die Angaben nach § 4 Abs. 1.</LA></DD></DL></P><P>(2a) (weggefallen)</P><P>(2b) (weggefallen)</P><P>(3) Die Verkehrsbezeichnung ist <DL Font="normal" Type="arabic"><DT>1.</DT><DD Font="normal"><LA Size="normal">bei Milcherzeugnissen der Standardsorten die entsprechende Bezeichnung nach Spalte 2 der Anlage 1 und</LA></DD><DT>2.</DT><DD Font="normal"><LA Size="normal">bei Milcherzeugnissen, die nicht den Voraussetzungen einer Standardsorte entsprechen, die Bezeichnung nach Spalte 1 Buchstabe a der Anlage 1; die Bezeichnung nach Spalte 1 Buchstabe a der Anlage 1 darf abweichend von Nummer 1 auch bei Standardsorten der Gruppen VII bis XII der Anlage 1 verwendet werden, wenn diese als Zutat bei der Kennzeichnung anderer Lebensmittel angegeben werden.</LA></DD></DL></P><P>(4) Bei Fertigpackungen, deren größte Einzelfläche weniger als 10 <ABWFORMAT typ="A"/>qcm beträgt, können die Angaben nach Absatz 2 Satz 1 Nr. 2 und 3 entfallen.</P><P>(5) Für die Art und Weise der Kennzeichnung nach den Absätzen 2 und 2a sowie die Kennzeichnung der Nennfüllmenge nach § 43 Absatz 1 des Mess- und Eichgesetzes gilt § 3 Abs. 3 und 4 der Lebensmittel-Kennzeichnungsverordnung entsprechend. Die Angabe der Wärmebehandlung hat in engem räumlichen Zusammenhang mit jeder Angabe der Verkehrsbezeichnung zu erfolgen. Bei ungezuckerten Kondensmilcherzeugnissen und gezuckerten Kondensmilcherzeugnissen müssen die Angaben nach § 4 Abs. 1 Nr. 1 oder 2 und 4 Buchstabe a, bei Trockenmilcherzeugnissen die Angaben nach § 4 Abs. 1 Nr. 1 oder 2 und 5 Buchstabe d im gleichen Sichtfeld mit den Angaben nach Absatz 2 Satz 1 Nr. 1 und 4 stehen. Abweichend von Satz 1 brauchen bei ungezuckerten Kondensmilcherzeugnissen, gezuckerten Kondensmilcherzeugnissen und Trockenmilcherzeugnissen mit einem Stückgewicht von weniger als 20 Gramm, die in einer Sammelpackung in den Verkehr gebracht werden, die Angaben nach Absatz 2 Satz 1 Nummer 4 und 5 sowie nach § 4 Absatz 1 Nummer 1 oder 2, 4 und 5 nur auf der Sammelpackung angebracht zu werden.</P><P>(6) Die Absätze 2 bis 5 gelten nicht für Milcherzeugnisse in Fertigpackungen, die in der Verkaufsstätte zur alsbaldigen Abgabe an den Verbraucher hergestellt und dort, jedoch nicht zur Selbstbedienung, abgegeben werden.</P><P>(7) Bei Milcherzeugnissen, die unverpackt oder in Fertigpackungen im Sinne des Absatzes 6 an Verbraucher abgegeben werden, sind auf einem Schild bei der Ware in deutscher Sprache deutlich sichtbar und in leicht lesbarer Schrift anzugeben <DL Font="normal" Type="arabic"><DT>1.</DT><DD Font="normal"><LA Size="normal">die Verkehrsbezeichnung nach Absatz 3,</LA></DD><DT>2.</DT><DD Font="normal"><LA Size="normal">die Angaben nach § 4 Abs. 1 Nr. 1 oder 2.</LA></DD></DL>Dies gilt nicht für Milcherzeugnisse, die unverpackt zum unmittelbaren Verzehr an Ort und Stelle abgegeben werden.</P></Content></text><fussnoten/></textdaten></norm>
<norm builddate="20230428213001" doknr="BJNR011500970BJNE000510311"><metadaten><jurabk>MilchV</jurabk><enbez>§ 4</enbez><titel format="XML">Besondere Kennzeichnungsvorschriften</titel></metadaten><textdaten><text format="XML"><Content><P>(1) Die Kennzeichnung muß ferner enthalten <DL Font="normal" Type="arabic"><DT>1.</DT><DD Font="normal"><LA Size="normal">bei Milcherzeugnissen, sofern es sich nicht um Buttermilch, Reine Buttermilch, Molkenerzeugnisse und Molkenmischerzeugnisse mit Ausnahme von Molkensahne und Molkenmischerzeugnissen aus Molkensahne, oder um Milchzucker und Milcheiweißerzeugnisse sowie sonstige Milcherzeugnisse, die aus entrahmter Milch hergestellt worden sind, handelt, die Angabe &quot;...% Fett&quot; für die Höhe des Fettgehalts; abweichend hiervon ist jedoch<DL Font="normal" Type="arabic"><DT>a)</DT><DD Font="normal"><LA Size="normal">bei Schlagsahne und Milcherzeugnissen aus Vollmilch mit natürlichem Fettgehalt der Mindestfettgehalt durch die Worte &quot;mindestens ...% Fett&quot; anzugeben,</LA></DD><DT>b)</DT><DD Font="normal"><LA Size="normal">bei Milchmischerzeugnissen die vorgeschriebene Angabe des Fettgehalts durch die Worte &quot;im Milchanteil&quot; zu ergänzen,</LA></DD></DL></LA></DD><DT>2.</DT><DD Font="normal"><LA Size="normal">bei Milcherzeugnissen aus entrahmter Milch, die keiner Standardsorte entsprechen, die Angabe &quot;aus Magermilch&quot; oder &quot;aus entrahmter Milch&quot;,</LA></DD><DT>3.</DT><DD Font="normal"><LA Size="normal">(weggefallen)</LA></DD><DT>4.</DT><DD Font="normal"><LA Size="normal">bei ungezuckerten Kondensmilcherzeugnissen und gezuckerten Kondensmilcherzeugnissen die Angabe des Gehaltes an fettfreier Milchtrockenmasse in vom Hundert zur Zeit der Füllung,</LA></DD><DT>5.</DT><DD Font="normal"><LA Size="normal">bei Trockenmilcherzeugnissen<DL Font="normal" Type="arabic"><DT>a)</DT><DD Font="normal"><LA Size="normal">eine Empfehlung für die Auflösung und, ausgenommen bei Magermilchpulver, die Angabe des Fettgehaltes des auf diese Weise erhaltenen Erzeugnisses,</LA></DD><DT>b)</DT><DD Font="normal"><LA Size="normal">den Hinweis &quot;nicht als Nahrung für Säuglinge unter 12 Monaten bestimmt&quot;,</LA></DD><DT>c)</DT><DD Font="normal"><LA Size="normal">den Hinweis &quot;milchzuckerangereichert&quot;, wenn das Erzeugnis mit einem Milchzuckererzeugnis angereichert ist,</LA></DD><DT>d)</DT><DD Font="normal"><LA Size="normal">den in unmittelbarem Zusammenhang mit der Verkehrsbezeichnung stehenden Hinweis &quot;sofort löslich&quot;, wenn dem Trockenmilcherzeugnis der Stoff E 322 Lecithin zugesetzt worden ist,</LA></DD></DL></LA></DD><DT>6.</DT><DD Font="normal"><LA Size="normal">bei Molkenerzeugnissen, ausgenommen Süßmolke, Sauermolke, Molkensahne, Süßmolkenpulver und Sauermolkenpulver, die Angaben des Gehaltes an Eiweiß und Milchzucker sowie im Falle des Entsalzens auch an Mineralstoffen, ausgedrückt als Aschegehalt in vom Hundert der Trockenmasse.</LA></DD></DL></P><P>(2) Wird bei einem Milcherzeugnis im Sinne der Anlage 1 der Laktosegehalt verringert, darf der Hinweis auf das Nichtvorhandensein von Laktose nur erfolgen, soweit der Laktosegehalt nach Maßgabe der nach § 64 Absatz 1 des Lebensmittel- und Futtermittelgesetzbuches in seiner jeweils geltenden Fassung für die Feststellung von Laktose veröffentlichten Prüfungsmethode unter 0,1 Gramm je 100 Gramm des Fertigerzeugnisses liegt und die Kennzeichnung die Angabe „Laktosegehalt: unter 0,1 g/100 g“ oder eine inhaltsgleiche Angabe enthält.</P></Content></text><fussnoten/></textdaten></norm>
<norm builddate="20230428213001" doknr="BJNR011500970BJNE000604119"><metadaten><jurabk>MilchV</jurabk><enbez>§ 5</enbez><titel format="XML">Verwendung von Vitaminen</titel></metadaten><textdaten><text format="XML"><Content><P>(1) Bei der Herstellung von Milcherzeugnissen dürfen die in Anlage 2 aufgeführten Vitamine für die dort bezeichneten Zwecke verwendet werden. Der Gehalt an den Vitaminen darf die in der Anlage 2 angegebenen Höchstmengen nicht überschreiten.</P><P>(2) Milchstreichfetterzeugnisse im Sinne der Nummern 2 und 3 der Anlage 2 sind Milchstreichfette im Sinne des Abschnittes A Nummer 2 bis 4 der Anlage II des Anhangs VII der Verordnung (EU) Nr. 1308/2013 des Europäischen Parlaments und des Rates vom 17. Dezember 2013 über eine gemeinsame Marktorganisation für landwirtschaftliche Erzeugnisse und zur Aufhebung der Verordnungen (EWG) Nr. 922/72, (EWG) Nr. 234/79, (EG) Nr. 1037/2001 und (EG) Nr. 1234/2007 (ABl. L 347 vom 20.12.2013, S. 671; L 189 vom 27.6.2014, S. 261; L 130 vom 19.5.2016, S. 18; L 34 vom 9.2.2017, S. 41; L 106 vom 6.4.2020, S. 12), die zuletzt durch die Verordnung (EU) 2017/2393 (ABl. L 350 vom 29.12.2017, S. 15) geändert worden ist.</P><P>(3) Die in Anlage 2 aufgeführten Vitamine dürfen auch zur Herstellung von beigegebenen Lebensmitteln verwendet werden.</P><P>(4) Abweichend von § 16 Absatz 1 Satz 1 des Lebensmittel- und Bedarfsgegenständegesetzes besteht nicht die Verpflichtung, den Gehalt an den nach den Absätzen 1 und 3 verwendeten Vitaminen kenntlich zu machen. § 3 Absatz 2 Nummer 3 bleibt unberührt.</P></Content></text><fussnoten/></textdaten></norm>
<norm builddate="20230428213001" doknr="BJNR011500970BJNE000700328"><metadaten><jurabk>MilchV</jurabk><enbez>§ 5a</enbez></metadaten><textdaten><text format="XML"><Content><P>-</P></Content></text><fussnoten/></textdaten></norm>
<norm builddate="20230428213001" doknr="BJNR011500970BJNE000800328"><metadaten><jurabk>MilchV</jurabk><enbez>§ 5b</enbez><titel format="parat">Analysenmethoden</titel></metadaten><textdaten><text format="XML"><Content><P>(1) Bei den in Anlage 3 genannten Milcherzeugnissen sind die Bestimmungen, die zur Überprüfung der dort angegebenen Merkmale erforderlich sind, nach den dort vorgesehenen Methoden durchzuführen.</P><P>(2) Sofern in Anlage 3 für eine einzelne Bestimmung Methoden wahlweise vorgesehen sind, ist die angewandte Methode in dem Prüfbericht anzugeben.</P></Content> </text><fussnoten/></textdaten></norm>
<norm builddate="20230428213001" doknr="BJNR011500970BJNE002103377"><metadaten><jurabk>MilchV</jurabk><enbez>§ 6</enbez><titel format="parat">Ausländische Erzeugnisse</titel></metadaten><textdaten><text format="XML"><Content><P>(1) Außerhalb des Geltungsbereichs dieser Verordnung hergestellte Milcherzeugnisse (ausländische Milcherzeugnisse), die nicht den Vorschriften dieser Verordnung entsprechen, dürfen vorbehaltlich des Absatzes 2 in den Verkehr gebracht werden, wenn sie nach den Rechtsvorschriften des Herstellungslandes hergestellt und dort verkehrsfähig sind.</P><P>(2) Ausländische Milcherzeugnisse, die in wesentlichen charakteristischen Merkmalen, insbesondere hinsichtlich des Fettgehaltes und der Verwendung von Ausgangsstoffen, von inländischen Erzeugnissen abweichen, dürfen nur in den Verkehr gebracht werden, wenn zusätzlich zu der Kennzeichnung nach den §§ 3 und 4 die Beschreibung der Abweichung auf der Fertigpackung oder dem Hinweisschild in Verbindung mit der Verkehrsbezeichnung deutlich lesbar angegeben ist. Satz 1 gilt bei Milcherzeugnissen, die in einem anderen Mitgliedstaat der Europäischen Union oder einem anderen Vertragsstaat des Abkommens über den Europäischen Wirtschaftsraum rechtmäßig hergestellt oder rechtmäßig in den Verkehr gebracht werden oder die aus einem Drittland stammen und sich in einem Mitgliedstaat der Europäischen Union oder einem anderen Vertragsstaat des Abkommens über den Europäischen Wirtschaftsraum rechtmäßig im Verkehr befinden, nicht, es sei denn, daß trotz einer Angabe im Zutatenverzeichnis eine Irreführung des Verbrauchers nicht ausgeschlossen werden kann.</P></Content></text><fussnoten/></textdaten></norm>
<norm builddate="20230428213001" doknr="BJNR011500970BJNE000907119"><metadaten><jurabk>MilchV</jurabk><enbez>§ 7</enbez><titel format="XML">Straftaten und Ordnungswidrigkeiten</titel></metadaten><textdaten><text format="XML"><Content><P>(1) Nach § 58 Abs. 1 Nr. 18, Abs. 4 bis 6 des Lebensmittel- und Futtermittelgesetzbuches wird bestraft, wer vorsätzlich oder fahrlässig entgegen § 2 Abs. 1 ungezuckerte Kondensmilch in den Verkehr bringt.</P><P>(2) Nach § 59 Abs. 1 Nr. 21 Buchstabe a des Lebensmittel- und Futtermittelgesetzbuches wird bestraft, wer bei dem Herstellen von Milcherzeugnissen, die dazu bestimmt sind, in den Verkehr gebracht zu werden, Vitamine über die in § 5 Abs. 1 Satz 2 festgesetzten Höchstmengen hinaus verwendet.</P><P>(2a) Nach § 59 Abs. 1 Nr. 21 Buchstabe a des Lebensmittel- und Futtermittelgesetzbuches wird bestraft, wer entgegen § 6 Abs. 2 Satz 1 ausländische Milcherzeugnisse, die nicht oder nicht in der vorgeschriebenen Weise kenntlich gemacht sind, in den Verkehr bringt.</P><P>(3) Wer eine in Absatz 2 oder 2a bezeichnete Handlung fahrlässig begeht, handelt nach § 60 Absatz 1 Nummer 2 des Lebensmittel- und Futtermittelgesetzbuches ordnungswidrig.</P><P>(4) Ordnungswidrig im Sinne des § 60 Absatz 2 Nummer 26 Buchstabe a des Lebensmittel- und Futtermittelgesetzbuches handelt, wer vorsätzlich oder fahrlässig entgegen § 2 Absatz 5 ein dort genanntes Erzeugnis in den Verkehr bringt.</P><P>(5) Ordnungswidrig im Sinne des § 60 Abs. 2 Nr. 26 Buchstabe a des Lebensmittel- und Futtermittelgesetzbuches handelt, wer vorsätzlich oder fahrlässig entgegen § 3 Abs. 1 in Verbindung mit Abs. 2 Nr. 1 bis 5, Absatz 5 Satz 1 oder 2 oder Abs. 7 Satz 1 Nr. 1 Milcherzeugnisse, die nicht oder nicht in der vorgeschriebenen Weise gekennzeichnet sind, in den Verkehr bringt.</P><P>(6) Ordnungswidrig im Sinne des § 9 Absatz 2 Nummer 2 des Milch- und Margarinegesetzes handelt, wer vorsätzlich oder fahrlässig <DL Font="normal" Type="arabic"><DT>1.</DT><DD Font="normal"><LA Size="normal">Milcherzeugnisse entgegen § 2 Abs. 2 herstellt oder entgegen § 2 Absatz 4 in den Verkehr bringt oder</LA></DD><DT>2.</DT><DD Font="normal"><LA Size="normal">entgegen § 3 Abs. 1 in Verbindung mit Absatz 2 Nummer 6, Abs. 5 Satz 1 oder 3 oder Abs. 7 Satz 1 Nr. 2 Milcherzeugnisse, die nicht oder nicht in der vorgeschriebenen Weise gekennzeichnet sind, in den Verkehr bringt.</LA></DD></DL></P></Content></text><fussnoten/></textdaten></norm>
<norm builddate="20230428213001" doknr="BJNR011500970BJNE001101308"><metadaten><jurabk>MilchV</jurabk><enbez>§ 7a</enbez><titel format="parat">Besondere Zubereitungen</titel></metadaten><textdaten><text format="XML"><Content><P>§ 2 Abs. 2, § 3 Abs. 3 und § 4 Abs. 1 gelten nicht für Zubereitungen aus Sauermilch-, Joghurt- und Kefirerzeugnissen, die in Griechenland unter Verwendung von Öl und sonstigen typischen Zusätzen, insbesondere Gurken, hergestellt werden oder solchen griechischen Erzeugnissen nach Herstellungsweise und Zusammensetzung entsprechen.</P></Content></text><fussnoten/></textdaten></norm>
<norm builddate="20230428213001" doknr="BJNR011500970BJNE001210124"><metadaten><jurabk>MilchV</jurabk><enbez>§ 7b</enbez><titel format="XML">Anpassung an die Verordnung (EU) Nr. 1169/2011 und an die Lebensmittelinformations-Durchführungsverordnung</titel></metadaten><textdaten><text format="XML"><Content><P>(1) Diese Verordnung ist nicht anzuwenden, soweit ihr Bestimmungen entgegenstehen aus <DL Type="arabic"><DT>1.</DT><DD Font="normal"><LA>der Verordnung (EU) Nr. 1169/2011 des Europäischen Parlaments und des Rates vom 25. Oktober 2011 betreffend die Information der Verbraucher über Lebensmittel und zur Änderung der Verordnungen (EG) Nr. 1924/2006 und (EG) Nr. 1925/2006 des Europäischen Parlaments und des Rates und zur Aufhebung der Richtlinie 87/250/EWG der Kommission, der Richtlinie 90/496/EWG des Rates, der Richtlinie 1999/10/EG der Kommission, der Richtlinie 2000/13/EG des Europäischen Parlaments und des Rates, der Richtlinien 2002/67/EG und 2008/5/EG der Kommission und der Verordnung (EG) Nr. 608/2004 der Kommission (ABl. L 304 vom 22.11.2011, S. 18; L 331 vom 18.11.2014, S. 41; L 50 vom 21.2.2015, S. 48; L 266 vom 30.9.2016, S. 7) in der jeweils geltenden Fassung oder</LA></DD><DT>2.</DT><DD Font="normal"><LA>den auf die Verordnung (EU) Nr. 1169/2011 gestützten Rechtsakten der Europäischen Union.</LA></DD></DL></P><P>(2) Werden Milcherzeugnisse in einer in § 4 der Lebensmittelinformations-Durchführungsverordnung geregelten Form der Abgabe in den Verkehr gebracht, so ist diese Verordnung nur vorbehaltlich des § 4 der Lebensmittelinformations-Durchführungsverordnung anzuwenden.</P><P>(3) Soweit in dieser Verordnung auf die Lebensmittel-Kennzeichnungsverordnung oder Vorschriften der Lebensmittel-Kennzeichnungsverordnung verwiesen wird, ist die Lebensmittel-Kennzeichnungsverordnung in der bis zum 12. Juli 2017 geltenden Fassung weiter anzuwenden. Die Absätze 1 und 2 bleiben unberührt.</P></Content></text><fussnoten/></textdaten></norm>
<norm builddate="20230428213001" doknr="BJNR011500970BJNE001501308"><metadaten><jurabk>MilchV</jurabk><enbez>§ 8</enbez><titel format="parat">Inkrafttreten</titel></metadaten><textdaten><text format="XML"><Content><P>Diese Verordnung tritt am Tage nach der Verkündung in Kraft.</P></Content></text><fussnoten/></textdaten></norm>
<norm builddate="20230428213001" doknr="BJNR011500970BJNE001609311"><metadaten><jurabk>MilchV</jurabk><enbez>Anlage 1</enbez><titel format="XML">(zu § 1 Abs. 1)</titel></metadaten><textdaten><text format="XML"><Content><P><ABWFORMAT typ="A"/><kommentar typ="Fundstelle">(Fundstelle des Originaltextes: BGBl. I 1970, 1154 - 1159;<BR/>bzgl. der einzelnen Änderungen vgl. Fußnote)</kommentar><BR/><table frame="topbot" pgwide="1" tocentry="%yes;"><tgroup align="left" char="" charoff="50" cols="8" rowsep="0"><colspec colname="col1" colnum="1" colsep="0" colwidth="0.85*"/><colspec colname="col2" colnum="2" colsep="1" colwidth="3.39*"/><colspec colname="col3" colnum="3" colsep="0" colwidth="0.86*"/><colspec colname="col4" colnum="4" colsep="1" colwidth="3.39*"/><colspec colname="col5" colnum="5" colsep="0" colwidth="0.86*"/><colspec colname="col6" colnum="6" colsep="0" colwidth="3.46*"/><colspec colname="col7" colnum="7" colsep="1" colwidth="0.15*"/><colspec colname="col8" colnum="8" colwidth="3.40*"/><thead valign="bottom"><row rowsep="1"><entry VJ="1" align="center" colsep="1" nameend="col2" namest="col1" rowsep="1" valign="top">Gruppe</entry><entry VJ="1" align="center" colsep="1" nameend="col8" namest="col3" rowsep="1" valign="top">Standardsorte</entry></row><row rowsep="1"><entry VJ="1" align="center" colsep="1" nameend="col2" namest="col1" valign="top">1</entry><entry VJ="1" align="center" colsep="1" nameend="col4" namest="col3" valign="top">2</entry><entry VJ="1" align="center" colsep="1" nameend="col7" namest="col5" valign="top">3</entry><entry VJ="1" align="center" colsep="0" valign="top">4</entry></row><row rowsep="1"><entry VJ="1" align="left" colsep="1" nameend="col2" namest="col1" valign="top"><P>a) Bezeichnung</P><P>b) Herstellungsweise</P></entry><entry VJ="1" align="center" colsep="1" nameend="col4" namest="col3" valign="top">Bezeichnung</entry><entry VJ="1" align="center" colsep="1" nameend="col7" namest="col5" valign="top">Herstellungsweise, besondere Merkmale</entry><entry VJ="1" align="center" colsep="0" valign="top">Fettgehalt in 100 Gewichtsteilen, sonstige Zusammensetzung</entry></row></thead><tbody valign="top"><row><entry VJ="1" align="left" colsep="0" morerows="8" rowsep="1" valign="top">I.</entry><entry VJ="1" align="left" colsep="0" morerows="8" rowsep="1" valign="top"><P>a) Sauermilcherzeugnis</P><P>b) hergestellt aus Milch oder Sahne unter Verwendung von mesophile Milchsäurebakterienkulturen, auch unter Erhöhung der Milchtrockenmasse und/oder angereichert mit Milcheiweißerzeugnissen, auch unter Verwendung von Laktase</P></entry><entry VJ="1" align="left" colsep="0" valign="top">1.</entry><entry VJ="1" align="left" colsep="0" valign="top">Sauermilch (Trinksauermilch)</entry><entry VJ="1" align="left" colsep="0" valign="top">1.</entry><entry VJ="1" align="left" colsep="1" nameend="col7" namest="col6" valign="top">wie Spalte 1, I b), aus Milch ohne Anreicherung mit Milcheiweißerzeugnissen ohne Wärmebehandlung nach der Fermentation</entry><entry VJ="1" align="left" colsep="0" valign="top">mindestens 3,5</entry></row><row><entry VJ="1" align="left" colsep="0" valign="top">2.</entry><entry VJ="1" align="left" colsep="0" valign="top">Sauermilch dickgelegt (Dickmilch, Setzmilch)</entry><entry VJ="1" align="left" colsep="0" valign="top">2.</entry><entry VJ="1" align="left" colsep="1" nameend="col7" namest="col6" valign="top">wie Nr. 1, jedoch dickgelegt</entry><entry VJ="1" align="left" colsep="0" valign="top">mindestens 3,5</entry></row><row><entry VJ="1" align="left" colsep="0" valign="top">3.</entry><entry VJ="1" align="left" colsep="0" valign="top">fettarme Sauermilch (fettarme Trinksauermilch)</entry><entry VJ="1" align="left" colsep="0" valign="top">3.</entry><entry VJ="1" align="left" colsep="1" nameend="col7" namest="col6" valign="top">wie Nr. 1</entry><entry VJ="1" align="left" colsep="0" valign="top">mindestens 1,5 höchstens 1,8</entry></row><row><entry VJ="1" align="left" colsep="0" valign="top">4.</entry><entry VJ="1" align="left" colsep="0" valign="top">fettarme Dickmilch (fettarme Sauermilch dickgelegt, fettarme Setzmilch)</entry><entry VJ="1" align="left" colsep="0" valign="top">4.</entry><entry VJ="1" align="left" colsep="1" nameend="col7" namest="col6" valign="top">wie Nr. 1, jedoch dickgelegt</entry><entry VJ="1" align="left" colsep="0" valign="top">mindestens 1,5 höchstens 1,8</entry></row><row><entry VJ="1" align="left" colsep="0" valign="top">5.</entry><entry VJ="1" align="left" colsep="0" valign="top">Sauermilch entrahmt (Trinksauermilch entrahmt, Magermilch sauer)</entry><entry VJ="1" align="left" colsep="0" valign="top">5.</entry><entry VJ="1" align="left" colsep="1" nameend="col7" namest="col6" valign="top">wie Nr. 1, auch unter Zusatz von reiner Buttermilch oder Buttermilch, bei deren Herstellung dem Butterungsgut nur Magermilch zugesetzt wurde</entry><entry VJ="1" align="left" colsep="0" valign="top">höchstens 0,5</entry></row><row><entry VJ="1" align="left" colsep="0" valign="top">6.</entry><entry VJ="1" align="left" colsep="0" valign="top">Sauermilch entrahmt dickgelegt (Dickmilch entrahmt, Dickmagermilch, Setzmilch entrahmt, Setzmagermilch)</entry><entry VJ="1" align="left" colsep="0" valign="top">6.</entry><entry VJ="1" align="left" colsep="1" nameend="col7" namest="col6" valign="top">wie Nr. 5, jedoch dickgelegt</entry><entry VJ="1" align="left" colsep="0" valign="top">höchstens 0,5</entry></row><row><entry VJ="1" align="left" colsep="0" valign="top">7.</entry><entry VJ="1" align="left" colsep="0" valign="top">Sahnesauermilch (Rahmsauermilch, saure Sahne, Sauerrahm)</entry><entry VJ="1" align="left" colsep="0" valign="top">7.</entry><entry VJ="1" align="left" colsep="1" nameend="col7" namest="col6" valign="top">wie Nr. 1, jedoch aus Sahne, auch unter Ein- Stellung des Fettgehaltes</entry><entry VJ="1" align="left" colsep="0" valign="top">mindestens 10,0</entry></row><row><entry VJ="1" align="left" colsep="0" valign="top">8.</entry><entry VJ="1" align="left" colsep="0" valign="top">Sahnedickmilch (Sahnesetzmilch, Rahmdickmilch, Rahmsetzmilch)</entry><entry VJ="1" align="left" colsep="0" valign="top">8.</entry><entry VJ="1" align="left" colsep="1" nameend="col7" namest="col6" valign="top">wie Nr. 7, jedoch dickgelegt</entry><entry VJ="1" align="left" colsep="0" valign="top">mindestens 10,0</entry></row><row rowsep="1"><entry VJ="1" align="left" colsep="0" valign="top">9.</entry><entry VJ="1" align="left" colsep="0" valign="top">crème fraîche (Küchenrahm, Küchensahne)</entry><entry VJ="1" align="left" colsep="0" valign="top">9.</entry><entry VJ="1" align="left" colsep="1" nameend="col7" namest="col6" valign="top">hergestellt aus pasteurisierter Milch oder Sahne unter Verwendung von Milchsäurebakterienkulturen, auch unter Einstellung des Fettgehalts, auch unter Zusatz von Saccharose bis zu 15% des Gesamterzeugnisses, ohne Wärmebehandlung nach der Fermentation, innerhalb von 24 Stunden nach der Herstellung am Ort der Herstellung verpackt</entry><entry VJ="1" align="left" colsep="0" valign="top">mindestens 30</entry></row><row><entry VJ="1" align="left" colsep="0" morerows="7" rowsep="1" valign="top">II.</entry><entry VJ="1" align="left" colsep="0" morerows="7" rowsep="1" valign="top"><P>a) Joghurterzeugnis</P><P>b) hergestellt aus Milch oder Sahne, wobei im verzehrsfertigen Erzeugnis hierfür spezifische thermophile Reifungskulturen, deren Wachstumsoptimum bei über 42 Grad C liegt, überwiegen müssen, auch unter Erhöhung der Milchtrockenmasse und/oder angereichert mit Milcheiweißerzeugnissen, auch unter Verwendung von Laktase</P></entry><entry VJ="1" align="left" colsep="0" valign="top">1.</entry><entry VJ="1" align="left" colsep="0" valign="top">Joghurt</entry><entry VJ="1" align="left" colsep="0" valign="top">1.</entry><entry VJ="1" align="left" colsep="1" nameend="col7" namest="col6" valign="top">wie Spalte 1, II b), Reifungskulturen überwiegend bestehend aus Streptococcus thermophilus und Lactobacillus bulgaricus, ohne Anreicherung mit Milcheiweißerzeugnissen und ohne Wärmebehandlung nach der Fermentation</entry><entry VJ="1" align="left" colsep="0" valign="top">mindestens 3,5</entry></row><row><entry VJ="1" align="left" colsep="0" valign="top">2.</entry><entry VJ="1" align="left" colsep="0" valign="top">Fettarmer Joghurt</entry><entry VJ="1" align="left" colsep="0" valign="top">2.</entry><entry VJ="1" align="left" colsep="1" nameend="col7" namest="col6" valign="top">wie Nr. 1</entry><entry VJ="1" align="left" colsep="0" valign="top">mindestens 1,5 höchstens 1,8</entry></row><row><entry VJ="1" align="left" colsep="0" valign="top">3.</entry><entry VJ="1" align="left" colsep="0" valign="top">Joghurt aus entrahmter Milch (Magermilchjoghurt)</entry><entry VJ="1" align="left" colsep="0" valign="top">3.</entry><entry VJ="1" align="left" colsep="1" nameend="col7" namest="col6" valign="top">wie Nr. 1</entry><entry VJ="1" align="left" colsep="0" valign="top">höchstens 0,5</entry></row><row><entry VJ="1" align="left" colsep="0" valign="top">4.</entry><entry VJ="1" align="left" colsep="0" valign="top">Sahnejoghurt (Rahmjoghurt)</entry><entry VJ="1" align="left" colsep="0" valign="top">4.</entry><entry VJ="1" align="left" colsep="1" nameend="col7" namest="col6" valign="top">wie Nr. 1, jedoch aus Sahne, auch unter Einstellung des Fettgehaltes</entry><entry VJ="1" align="left" colsep="0" valign="top">mindestens 10,0</entry></row><row><entry VJ="1" align="left" colsep="0" valign="top">5.</entry><entry VJ="1" align="left" colsep="0" valign="top">Joghurt mild</entry><entry VJ="1" align="left" colsep="0" valign="top">5.</entry><entry VJ="1" align="left" colsep="1" nameend="col7" namest="col6" valign="top">wie Nr. 1, wobei anstelle des Lactobacillus bulgaricus andere Lactobacillen verwendet werden</entry><entry VJ="1" align="left" colsep="0" valign="top">mindestens 3,5</entry></row><row><entry VJ="1" align="left" colsep="0" valign="top">6.</entry><entry VJ="1" align="left" colsep="0" valign="top">Fettarmer Joghurt mild</entry><entry VJ="1" align="left" colsep="0" valign="top">6.</entry><entry VJ="1" align="left" colsep="1" nameend="col7" namest="col6" valign="top">wie Nr. 5</entry><entry VJ="1" align="left" colsep="0" valign="top">mindestens 1,5 höchstens 1,8</entry></row><row><entry VJ="1" align="left" colsep="0" valign="top">7.</entry><entry VJ="1" align="left" colsep="0" valign="top">Joghurt mild, aus entrahmter Milch (Joghurt mild aus Magermilch)</entry><entry VJ="1" align="left" colsep="0" valign="top">7.</entry><entry VJ="1" align="left" colsep="1" nameend="col7" namest="col6" valign="top">wie Nr. 5</entry><entry VJ="1" align="left" colsep="0" valign="top">höchstens 0,5</entry></row><row rowsep="1"><entry VJ="1" align="left" colsep="0" valign="top">8.</entry><entry VJ="1" align="left" colsep="0" valign="top">Sahnejoghurt mild (Rahmjoghurt mild)</entry><entry VJ="1" align="left" colsep="0" valign="top">8.</entry><entry VJ="1" align="left" colsep="1" nameend="col7" namest="col6" valign="top">wie Nr. 5, jedoch aus Sahne, auch unter Einstellung des Fettgehaltes</entry><entry VJ="1" align="left" colsep="0" valign="top">mindestens 10,0</entry></row><row><entry VJ="1" align="left" colsep="0" morerows="7" rowsep="1" valign="top">III.</entry><entry VJ="1" align="left" colsep="0" morerows="7" rowsep="1" valign="top"><P>a) Kefirerzeugnis</P><P>b) hergestellt aus Milch oder Sahne unter Verwendung von spezifischen Kefirknöllchen oder einer von diesen abgeleiteten Kultur, auch unter Erhöhung der Milchtrockenmasse und/oder angereichert mit Milcheiweißerzeugnissen, auch unter Verwendung von Laktase</P></entry><entry VJ="1" align="left" colsep="0" valign="top">1.</entry><entry VJ="1" align="left" colsep="0" valign="top">Kefir</entry><entry VJ="1" align="left" colsep="0" valign="top">1.</entry><entry VJ="1" align="left" colsep="1" nameend="col7" namest="col6" valign="top">hergestellt aus Milch, mit den spezifischen Kefirknöllchen oder einer aus diesen direkt hergestellten Kultur, die alle charakteristischen Mikroorganismen des Kefirknöllchens enthalten muß, so daß im verzehrsfertigen Erzeugnis mindestens 0,05 Gewichtshundertteile Ethanol sowie die Bildung von Kohlendioxid erreichbar sind, auch unter Erhöhung der Milchtrockenmasse, ohne Anreicherung mit Milcheiweißerzeugnissen und ohne Wärmebehandlung nach der Fermentation</entry><entry VJ="1" align="left" colsep="0" valign="top">mindestens 3,5</entry></row><row><entry VJ="1" align="left" colsep="0" valign="top">2.</entry><entry VJ="1" align="left" colsep="0" valign="top">fettarmer Kefir</entry><entry VJ="1" align="left" colsep="0" valign="top">2.</entry><entry VJ="1" align="left" colsep="1" nameend="col7" namest="col6" valign="top">wie Nr. 1</entry><entry VJ="1" align="left" colsep="0" valign="top">mindestens 1,5 höchstens 1,8</entry></row><row><entry VJ="1" align="left" colsep="0" valign="top">3.</entry><entry VJ="1" align="left" colsep="0" valign="top">Kefir aus entrahmter Milch (Magermilchkefir)</entry><entry VJ="1" align="left" colsep="0" valign="top">3.</entry><entry VJ="1" align="left" colsep="1" nameend="col7" namest="col6" valign="top">wie Nr. 1</entry><entry VJ="1" align="left" colsep="0" valign="top">höchstens 0,5</entry></row><row><entry VJ="1" align="left" colsep="0" valign="top">4.</entry><entry VJ="1" align="left" colsep="0" valign="top">Sahnekefir (Rahmkefir)</entry><entry VJ="1" align="left" colsep="0" valign="top">4.</entry><entry VJ="1" align="left" colsep="1" nameend="col7" namest="col6" valign="top">wie Nr. 1, jedoch aus Sahne, auch unter Einstellung des Fettgehaltes</entry><entry VJ="1" align="left" colsep="0" valign="top">mindestens 10,0</entry></row><row><entry VJ="1" align="left" colsep="0" valign="top">5.</entry><entry VJ="1" align="left" colsep="0" valign="top">Kefir mild</entry><entry VJ="1" align="left" colsep="0" valign="top">5.</entry><entry VJ="1" align="left" colsep="1" nameend="col7" namest="col6" valign="top">wie Spalte 1, III b), jedoch aus Milch, mit spezifischen, von Kefirknöllchen abgeleiteten Kulturen mit Milchsäurestreptokokken und Lactobacillen, ohne Anreicherung mit Milcheiweißerzeugnissen und ohne Wärmebehandlung nach der Fermentation</entry><entry VJ="1" align="left" colsep="0" valign="top">mindestens 3,5</entry></row><row><entry VJ="1" align="left" colsep="0" valign="top">6.</entry><entry VJ="1" align="left" colsep="0" valign="top">Fettarmer Kefir mild</entry><entry VJ="1" align="left" colsep="0" valign="top">6.</entry><entry VJ="1" align="left" colsep="1" nameend="col7" namest="col6" valign="top">wie Nr. 5</entry><entry VJ="1" align="left" colsep="0" valign="top">mindestens 1,5 höchstens 1,8</entry></row><row><entry VJ="1" align="left" colsep="0" valign="top">7.</entry><entry VJ="1" align="left" colsep="0" valign="top">Kefir mild aus entrahmter Milch (Kefir mild aus Magermilch)</entry><entry VJ="1" align="left" colsep="0" valign="top">7.</entry><entry VJ="1" align="left" colsep="1" nameend="col7" namest="col6" valign="top">wie Nr. 5</entry><entry VJ="1" align="left" colsep="0" valign="top">höchstens 0,5</entry></row><row rowsep="1"><entry VJ="1" align="left" colsep="0" valign="top">8.</entry><entry VJ="1" align="left" colsep="0" valign="top">Sahnekefir mild (Rahmkefir mild)</entry><entry VJ="1" align="left" colsep="0" valign="top">8.</entry><entry VJ="1" align="left" colsep="1" nameend="col7" namest="col6" valign="top">wie Nr. 5, jedoch aus Sahne, auch unter Einstellung des Fettgehaltes</entry><entry VJ="1" align="left" colsep="0" valign="top">mindestens 10,0</entry></row><row><entry VJ="1" align="left" colsep="0" morerows="1" rowsep="1" valign="top">IV.</entry><entry VJ="1" align="left" colsep="0" morerows="1" rowsep="1" valign="top"><P>a) Buttermilcherzeugnis</P><P>b) bei der Verbutterung von Milch oder Sahne sowie der unmittelbaren Herstellung von Milchfetterzeugnissen der Gruppe XVII aus Sahne anfallendes flüssiges Erzeugnis, auch sauer oder nachträglich mit Milchsäurebakterienkulturen gesäuert, auch unter Erhöhung der Milchtrockenmasse und/oder angereichert mit Milcheiweißerzeugnissen, auch unter Zusatz von Sahne, auch unter Verwendung von Laktase</P></entry><entry VJ="1" align="left" colsep="0" valign="top">1.</entry><entry VJ="1" align="left" colsep="0" valign="top">Buttermilch</entry><entry VJ="1" align="left" colsep="0" valign="top">1.</entry><entry VJ="1" align="left" colsep="1" nameend="col7" namest="col6" valign="top">wie Spalte 1, IV b), ohne Anreicherung mit Milcheiweißerzeugnissen und Sahne und ohne Wärmebehandlung nach der Fermentation; das bei der Butterung zugesetzte Wasser darf nicht mehr als 10% des anfallenden Gesamterzeugnisses ausmachen; bei Verwendung von Magermilch bei der Butterung darf die zugesetzte Magermilch nicht mehr als 15% des Gesamterzeugnisses ausmachen</entry><entry VJ="1" align="left" colsep="0" valign="top">höchstens 1,0</entry></row><row rowsep="1"><entry VJ="1" align="left" colsep="0" valign="top">2.</entry><entry VJ="1" align="left" colsep="0" valign="top">Reine Buttermilch</entry><entry VJ="1" align="left" colsep="0" valign="top">2.</entry><entry VJ="1" align="left" colsep="1" nameend="col7" namest="col6" valign="top">wie Nr. 1, ohne Zusatz von Wasser oder Magermilch, zum Butterungsgut, Erhöhung der Milchtrockenmasse nur durch Entzug von Wasser</entry><entry VJ="1" align="left" colsep="0" valign="top">höchstens 1,0</entry></row><row><entry VJ="1" align="left" colsep="0" morerows="2" rowsep="1" valign="top">V.</entry><entry VJ="1" align="left" colsep="0" morerows="2" rowsep="1" valign="top"><P>a) Sahneerzeugnis (Rahmerzeugnis)</P><P>b) hergestellt aus Milch durch Abscheiden von Magermilch oder Einstellung des Fettgehaltes auf mindestens 10% Fett, auch angereichert mit Milcheiweißerzeugnissen, auch unter Verwendung von Laktase</P></entry><entry VJ="1" align="left" colsep="0" valign="top">1.</entry><entry VJ="1" align="left" colsep="0" valign="top">Kaffeesahne (Trinksahne, Kaffeerahm, Sahne, Rahm)</entry><entry VJ="1" align="left" colsep="0" valign="top">1.</entry><entry VJ="1" align="left" colsep="1" nameend="col7" namest="col6" valign="top">wie Spalte 1, V b), jedoch ohne Anreicherung mit Milcheiweißerzeugnissen</entry><entry VJ="1" align="left" colsep="0" valign="top">mindestens 10,0</entry></row><row><entry VJ="1" align="left" colsep="0" valign="top">2.</entry><entry VJ="1" align="left" colsep="0" valign="top"> </entry><entry VJ="1" align="left" colsep="0" valign="top"> </entry><entry VJ="1" align="left" colsep="0" valign="top"> </entry><entry VJ="1" align="left" colsep="0" valign="top"> </entry><entry VJ="1" align="left" colsep="0" valign="top"> </entry></row><row rowsep="1"><entry VJ="1" align="left" colsep="0" valign="top">3.</entry><entry VJ="1" align="left" colsep="0" valign="top">Schlagsahne (Schlagrahm)</entry><entry VJ="1" align="left" colsep="0" valign="top">3.</entry><entry VJ="1" align="left" colsep="1" nameend="col7" namest="col6" valign="top">wie Nr. 1, schlagfähig, auch unter Erhöhung der Milchtrockenmasse</entry><entry VJ="1" align="left" colsep="0" valign="top">mindestens 30,0</entry></row><row rowsep="1"><entry VJ="1" align="left" colsep="0" valign="top">VI.</entry><entry VJ="1" align="left" colsep="0" nameend="col8" namest="col2" valign="top">(weggefallen)</entry></row><row><entry VJ="1" align="left" colsep="0" morerows="3" rowsep="1" valign="top">VII.</entry><entry VJ="1" align="left" colsep="0" morerows="3" rowsep="1" valign="top"><P>a) ungezuckerte Kondensmilcherzeugnisse</P><P>b) hergestellt aus Milch, auch unter Zusatz von Sahne und/oder Trockenmilcherzeugnissen, durch teilweisen Entzug des Wassers eingedickt und durch Wärmebehandlung keimfrei gemacht, wobei der Zusatz von Trockenmilcherzeugnissen 25% des Trockenmasseanteils des Fertigerzeugnisses nicht überschreiten darf; auch unter Einstellung des Eiweißgehaltes der verwendeten Milch auf mindestens 34 GHT bezogen auf die fettfreie Trockenmasse, durch Zugabe von Milchretentat, Milchpermeat und/oder Laktose und/oder Entzug von Milchbestandteilen, jedoch ohne Änderung des Verhältnisses von Molkeneiweiß zu Kasein in der standardisierten Milch</P></entry><entry VJ="1" align="left" colsep="0" valign="top">1.</entry><entry VJ="1" align="left" colsep="0" valign="top">Kondensmilch mit hohem Fettgehalt (kondensierte Kaffeesahne)</entry><entry VJ="1" align="left" colsep="0" valign="top">1.</entry><entry VJ="1" align="left" colsep="1" nameend="col7" namest="col6" valign="top">wie Spalte 1, VII b), gesamte Milchtrockenmasse mindestens 26,5 GHT</entry><entry VJ="1" align="left" colsep="0" valign="top">mindestens 15,0</entry></row><row><entry VJ="1" align="left" colsep="0" valign="top">2.</entry><entry VJ="1" align="left" colsep="0" valign="top">Kondensmilch (kondensierte Vollmilch)</entry><entry VJ="1" align="left" colsep="0" valign="top">2.</entry><entry VJ="1" align="left" colsep="1" nameend="col7" namest="col6" valign="top">wie Nr. 1, gesamte Milchtrockenmasse mindestens 25,0 GHT</entry><entry VJ="1" align="left" colsep="0" valign="top">mindestens 7,5</entry></row><row><entry VJ="1" align="left" colsep="0" valign="top">3.</entry><entry VJ="1" align="left" colsep="0" valign="top">teilentrahmte Kondensmilch</entry><entry VJ="1" align="left" colsep="0" valign="top">3.</entry><entry VJ="1" align="left" colsep="1" nameend="col7" namest="col6" valign="top">wie Nr. 1, gesamte Milchtrockenmasse mindestens 20,0 GHT</entry><entry VJ="1" align="left" colsep="0" valign="top">mindestens 1,0 weniger als 7,5</entry></row><row rowsep="1"><entry VJ="1" align="left" colsep="0" valign="top">4.</entry><entry VJ="1" align="left" colsep="0" valign="top">Kondensmagermilch (kondensierte Magermilch)</entry><entry VJ="1" align="left" colsep="0" valign="top">4.</entry><entry VJ="1" align="left" colsep="1" nameend="col7" namest="col6" valign="top">wie Nr. 1, gesamte Milchtrockenmasse mindestens 20,0 GHT</entry><entry VJ="1" align="left" colsep="0" valign="top">höchstens 1,0</entry></row><row><entry VJ="1" align="left" colsep="0" morerows="2" rowsep="1" valign="top">VIII.</entry><entry VJ="1" align="left" colsep="0" morerows="2" rowsep="1" valign="top"><P>a) gezuckerte Kondensmilcherzeugnisse</P><P>b) hergestellt aus Milch, auch unter Zusatz von Sahne und/oder Trockenmilcherzeugnissen und/oder Lactose, durch teilweisen Entzug des Wassers eingedickt und durch den Zusatz von Saccharose (Halbweißzucker, Weißzucker oder raffinierter Weißzucker) haltbar gemacht, wobei der Zusatz von Trockenmilcherzeugnissen 25% und von Lactose 0,03% des Trockenmasseanteils des Fertigerzeugnisses nicht überschreiten darf; auch unter Einstellung des Eiweißgehaltes der verwendeten Milch auf mindestens 34 GHT bezogen auf die fettfreie Trockenmasse, durch Zugabe von Milchretentat, Milchpermeat und/oder Laktose und/oder Entzug von Milchbestandteilen, jedoch ohne Änderung des Verhältnisses von Molkeneiweiß zu Kasein in der standardisierten Milch</P></entry><entry VJ="1" align="left" colsep="0" valign="top">1.</entry><entry VJ="1" align="left" colsep="0" valign="top">gezuckerte Kondensmilch (gezuckerte kondensierte Vollmilch)</entry><entry VJ="1" align="left" colsep="0" valign="top">1.</entry><entry VJ="1" align="left" colsep="1" nameend="col7" namest="col6" valign="top">wie Spalte 1, VIII b), gesamte Milchtrockenmasse mindestens 28,0 GHT</entry><entry VJ="1" align="left" colsep="0" valign="top">mindestens 8,0</entry></row><row><entry VJ="1" align="left" colsep="0" valign="top">2.</entry><entry VJ="1" align="left" colsep="0" valign="top">gezuckerte teilentrahmte Kondensmilch (gezuckerte teilentrahmte kondensierte Milch)</entry><entry VJ="1" align="left" colsep="0" valign="top">2.</entry><entry VJ="1" align="left" colsep="1" nameend="col7" namest="col6" valign="top">wie Nr. 1, gesamte Milchtrockenmasse mindestens 24,0 GHT</entry><entry VJ="1" align="left" colsep="0" valign="top">mindestens 1,0 weniger als 8,0</entry></row><row rowsep="1"><entry VJ="1" align="left" colsep="0" valign="top">3.</entry><entry VJ="1" align="left" colsep="0" valign="top">gezuckerte Kondensmagermilch (gezuckerte kondensierte Magermilch)</entry><entry VJ="1" align="left" colsep="0" valign="top">3.</entry><entry VJ="1" align="left" colsep="1" nameend="col7" namest="col6" valign="top">wie Nr. 1, gesamte Milchtrockenmasse mindestens 24,0 GHT</entry><entry VJ="1" align="left" colsep="0" valign="top">höchstens 1,0</entry></row><row><entry VJ="1" align="left" colsep="0" morerows="12" rowsep="1" valign="top">IX.</entry><entry VJ="1" align="left" colsep="0" morerows="12" rowsep="1" valign="top"><P>a) Trockenmilcherzeugnisse</P><P>b) hergestellt aus Milch, auch mit Milchsäurebakterienkulturen oder spezifischen Milchsäurebakterienkulturen (Joghurtkulturen) oder Kefirkulturen gesäuert, oder Sahneerzeugnissen, durch weitergehenden Entzug des Wassers getrocknet, mit einem Wassergehalt von höchstens 5% im Enderzeugnis, auch unter Verwendung von Milchzuckererzeugnissen bis zu 32% des Gesamterzeugnisses zur Verwendung als Zusatz zu Getränken; auch unter Verwendung von Lactase; auch unter Einstellung des Eiweißgehaltes der verwendeten Milch auf mindestens 34 GHT bezogen auf die fettfreie Trockenmasse, durch Zugabe von Milchretentat, Milchpermeat und/oder Laktose und/oder Entzug von Milchbestandteilen, jedoch ohne Änderung des Verhältnisses von Molkeneiweiß zu Kasein in der standardisierten Milch</P></entry><entry VJ="1" align="left" colsep="0" valign="top">1.</entry><entry VJ="1" align="left" colsep="0" valign="top">Milchpulver mit hohem Fettgehalt (Sahnepulver, Rahmpulver)</entry><entry VJ="1" align="left" colsep="0" valign="top">1.</entry><entry VJ="1" align="left" colsep="1" nameend="col7" namest="col6" valign="top">wie Spalte 1, IX b), jedoch ohne Verwendung von Lactase, aus ungesäuerter Milch und/oder Sahneerzeugnissen, mit höchstens 5% Wassergehalt</entry><entry VJ="1" align="left" colsep="0" valign="top">mindestens 42,0</entry></row><row><entry VJ="1" align="left" colsep="0" valign="top">2.</entry><entry VJ="1" align="left" colsep="0" valign="top">Joghurtpulver mit hohem Fettgehalt (Sahnejoghurtpulver, Rahmjoghurtpulver)</entry><entry VJ="1" align="left" colsep="0" valign="top">2.</entry><entry VJ="1" align="left" colsep="1" nameend="col7" namest="col6" valign="top">wie Nr. 1, jedoch aus Sahnejoghurt (Rahmjoghurt), auch unter Verwendung von Laktase</entry><entry VJ="1" align="left" colsep="0" valign="top">mindestens 42,0</entry></row><row><entry VJ="1" align="left" colsep="0" valign="top">3.</entry><entry VJ="1" align="left" colsep="0" valign="top">Kefirpulver mit hohem Fettgehalt (Sahnekefirpulver, Rahmkefirpulver)</entry><entry VJ="1" align="left" colsep="0" valign="top">3.</entry><entry VJ="1" align="left" colsep="1" nameend="col7" namest="col6" valign="top">wie Nr. 1, jedoch aus Sahnekefir (Rahmkefir), auch unter Verwendung von Laktase</entry><entry VJ="1" align="left" colsep="0" valign="top">mindestens 42,0</entry></row><row><entry VJ="1" align="left" colsep="0" valign="top">4.</entry><entry VJ="1" align="left" colsep="0" valign="top">Milchpulver (Vollmilchpulver)</entry><entry VJ="1" align="left" colsep="0" valign="top">4.</entry><entry VJ="1" align="left" colsep="1" nameend="col7" namest="col6" valign="top">wie Nr. 1</entry><entry VJ="1" align="left" colsep="0" valign="top">mindestens 26,0</entry></row><row><entry VJ="1" align="left" colsep="0" valign="top">5.</entry><entry VJ="1" align="left" colsep="0" valign="top">Joghurtpulver</entry><entry VJ="1" align="left" colsep="0" valign="top">5.</entry><entry VJ="1" align="left" colsep="1" nameend="col7" namest="col6" valign="top">wie Nr. 1, jedoch aus Joghurt, auch unter Verwendung von Laktase</entry><entry VJ="1" align="left" colsep="0" valign="top">mindestens 26,0</entry></row><row><entry VJ="1" align="left" colsep="0" valign="top">6.</entry><entry VJ="1" align="left" colsep="0" valign="top">Kefirpulver</entry><entry VJ="1" align="left" colsep="0" valign="top">6.</entry><entry VJ="1" align="left" colsep="1" nameend="col7" namest="col6" valign="top">wie Nr. 1, jedoch aus Kefir, auch unter Verwendung von Laktase</entry><entry VJ="1" align="left" colsep="0" valign="top">mindestens 26,0</entry></row><row><entry VJ="1" align="left" colsep="0" valign="top">7.</entry><entry VJ="1" align="left" colsep="0" valign="top">teilentrahmtes Milchpulver</entry><entry VJ="1" align="left" colsep="0" valign="top">7.</entry><entry VJ="1" align="left" colsep="1" nameend="col7" namest="col6" valign="top">wie Nr. 1</entry><entry VJ="1" align="left" colsep="0" valign="top">mehr als 1,5 weniger als 26,0</entry></row><row><entry VJ="1" align="left" colsep="0" valign="top">8.</entry><entry VJ="1" align="left" colsep="0" valign="top">teilentrahmtes Joghurtpulver</entry><entry VJ="1" align="left" colsep="0" valign="top">8.</entry><entry VJ="1" align="left" colsep="1" nameend="col7" namest="col6" valign="top">wie Nr. 1, jedoch aus fettarmem Joghurt, auch unter Verwendung von Laktase</entry><entry VJ="1" align="left" colsep="0" valign="top">mehr als 1,5 weniger als 26,0</entry></row><row><entry VJ="1" align="left" colsep="0" valign="top">9.</entry><entry VJ="1" align="left" colsep="0" valign="top">teilentrahmtes Kefirpulver</entry><entry VJ="1" align="left" colsep="0" valign="top">9.</entry><entry VJ="1" align="left" colsep="1" nameend="col7" namest="col6" valign="top">wie Nr. 1, jedoch aus fettarmem Kefir, auch unter Verwendung von Laktase</entry><entry VJ="1" align="left" colsep="0" valign="top">mehr als 1,5 weniger als 26,0</entry></row><row><entry VJ="1" align="left" colsep="0" valign="top">10.</entry><entry VJ="1" align="left" colsep="0" valign="top">Magermilchpulver</entry><entry VJ="1" align="left" colsep="0" valign="top">10.</entry><entry VJ="1" align="left" colsep="1" nameend="col7" namest="col6" valign="top">wie Nr. 1</entry><entry VJ="1" align="left" colsep="0" valign="top">höchstens 1,5</entry></row><row><entry VJ="1" align="left" colsep="0" valign="top">11.</entry><entry VJ="1" align="left" colsep="0" valign="top">Magermilchjoghurtpulver</entry><entry VJ="1" align="left" colsep="0" valign="top">11.</entry><entry VJ="1" align="left" colsep="1" nameend="col7" namest="col6" valign="top">wie Nr. 1, jedoch aus Magermilchjoghurt, auch unter Verwendung von Laktase</entry><entry VJ="1" align="left" colsep="0" valign="top">höchstens 1,5</entry></row><row><entry VJ="1" align="left" colsep="0" valign="top">12.</entry><entry VJ="1" align="left" colsep="0" valign="top">Magermilchkefirpulver</entry><entry VJ="1" align="left" colsep="0" valign="top">12.</entry><entry VJ="1" align="left" colsep="1" nameend="col7" namest="col6" valign="top">wie Nr. 1, jedoch aus Magermilchkefir, auch unter Verwendung von Laktase</entry><entry VJ="1" align="left" colsep="0" valign="top">höchstens 1,5</entry></row><row rowsep="1"><entry VJ="1" align="left" colsep="0" valign="top">13.</entry><entry VJ="1" align="left" colsep="0" valign="top">Buttermilchpulver</entry><entry VJ="1" align="left" colsep="0" valign="top">13.</entry><entry VJ="1" align="left" colsep="1" nameend="col7" namest="col6" valign="top">wie Spalte 1, IX b), jedoch ohne Verwendung von Milchzuckererzeugnissen, aus Buttermilcherzeugnissen, mit höchstens 7% Wassergehalt, auch unter Verwendung von Laktase</entry><entry VJ="1" align="left" colsep="0" valign="top">höchstens 15,0</entry></row><row><entry VJ="1" align="left" colsep="0" morerows="8" rowsep="1" valign="top">X.</entry><entry VJ="1" align="left" colsep="0" morerows="8" rowsep="1" valign="top"><P>a) Molkenerzeugnis</P><P>b) durch vollständiges oder teilweises Abscheiden des Eiweißes aus Milch hergestelltes Erzeugnis und die hieraus hergestellten Erzeugnisse, auch unter Verwendung von Lactase</P></entry><entry VJ="1" align="left" colsep="0" valign="top">1.</entry><entry VJ="1" align="left" colsep="0" valign="top">Süßmolke</entry><entry VJ="1" align="left" colsep="0" valign="top">1.</entry><entry VJ="1" align="left" colsep="1" nameend="col7" namest="col6" valign="top">durch Abscheiden des Käsestoffes bei über wiegender Labeinwirkung gewonnenes Milchserum, auch unter Verwendung von Lactase</entry><entry VJ="1" align="left" colsep="0" valign="top"> </entry></row><row><entry VJ="1" align="left" colsep="0" valign="top">2.</entry><entry VJ="1" align="left" colsep="0" valign="top">Sauermolke</entry><entry VJ="1" align="left" colsep="0" valign="top">2.</entry><entry VJ="1" align="left" colsep="1" nameend="col7" namest="col6" valign="top">durch Abscheiden des Käsestoffes bei überwiegender Säureeinwirkung gewonnenes Milchserum, auch unter Verwendung von Lactase</entry><entry VJ="1" align="left" colsep="0" valign="top"> </entry></row><row><entry VJ="1" align="left" colsep="0" valign="top">3.</entry><entry VJ="1" align="left" colsep="0" valign="top">Molkensahne (Molkenrahm)</entry><entry VJ="1" align="left" colsep="0" valign="top">3.</entry><entry VJ="1" align="left" colsep="1" nameend="col7" namest="col6" valign="top">bei Entrahmung von Molke anfallendes Erzeugnis, auch unter Verwendung von Lactase</entry><entry VJ="1" align="left" colsep="0" valign="top">mindestens 10,0</entry></row><row><entry VJ="1" align="left" colsep="0" valign="top">4.</entry><entry VJ="1" align="left" colsep="0" valign="top">Süßmolkenpulver</entry><entry VJ="1" align="left" colsep="0" valign="top">4.</entry><entry VJ="1" align="left" colsep="1" nameend="col7" namest="col6" valign="top">durch weitgehenden Entzug des Wassers aus Süßmolke hergestelltes Erzeugnis mit höchstens 5% Wasser, Gehalt an Milchzucker mindestens 70%, auch unter Verwendung von Lactase</entry><entry VJ="1" align="left" colsep="0" valign="top"> </entry></row><row><entry VJ="1" align="left" colsep="0" valign="top">5.</entry><entry VJ="1" align="left" colsep="0" valign="top">Süßmolkenpulver, teilentzuckert</entry><entry VJ="1" align="left" colsep="0" valign="top">5.</entry><entry VJ="1" align="left" colsep="0" nameend="col7" namest="col6" valign="top">wie Nr. 4, jedoch geringerer Gehalt an Milchzucker durch teilweisen Entzug</entry><entry VJ="1" align="left" colsep="0" valign="top"> </entry></row><row><entry VJ="1" align="left" colsep="0" valign="top">6.</entry><entry VJ="1" align="left" colsep="0" valign="top">Sauermolkenpulver</entry><entry VJ="1" align="left" colsep="0" valign="top">6.</entry><entry VJ="1" align="left" colsep="1" nameend="col7" namest="col6" valign="top">durch weitgehenden Entzug des Wassers aus Sauermolke oder nachgesäuerter Süßmolke hergestelltes Erzeugnis mit höchstens 6% Wasser, Gehalt an Milchzucker mindestens 60%, auch unter Verwendung von Lactase</entry><entry VJ="1" align="left" colsep="0" valign="top"> </entry></row><row><entry VJ="1" align="left" colsep="0" valign="top">7.</entry><entry VJ="1" align="left" colsep="0" valign="top">Sauermolkenpulver, teilentzuckert</entry><entry VJ="1" align="left" colsep="0" valign="top">7.</entry><entry VJ="1" align="left" colsep="1" nameend="col7" namest="col6" valign="top">wie Nr. 6, jedoch geringerer Gehalt an Milchzucker durch teilweisen Entzug</entry><entry VJ="1" align="left" colsep="0" valign="top"> </entry></row><row><entry VJ="1" align="left" colsep="0" valign="top">8.</entry><entry VJ="1" align="left" colsep="0" valign="top">entsalztes Molkenpulver</entry><entry VJ="1" align="left" colsep="0" valign="top">8.</entry><entry VJ="1" align="left" colsep="1" nameend="col7" namest="col6" valign="top">aus weitgehend entsalzter Süß- oder Sauermolke hergestelltes Süß- oder Sauermolkenpulver, Aschegehalt höchstens 2,5%, Wassergehalt höchstens 6%, auch unter Verwendung von Lactase</entry><entry VJ="1" align="left" colsep="0" valign="top"> </entry></row><row rowsep="1"><entry VJ="1" align="left" colsep="0" valign="top">9.</entry><entry VJ="1" align="left" colsep="0" valign="top">eiweißangereichertes Molkenpulver</entry><entry VJ="1" align="left" colsep="0" valign="top">9.</entry><entry VJ="1" align="left" colsep="1" nameend="col7" namest="col6" valign="top">hergestellt aus Süß- oder Sauermolke durch weitgehenden Entzug von Wasser, nach Verfahren, die das Molkeneiweiß anreichern, Eiweißgehalt mindestens 22%, Wassergehalt höchstens 8%, auch unter Verwendung von Lactase</entry><entry VJ="1" align="left" colsep="0" valign="top"> </entry></row><row><entry VJ="1" align="left" colsep="0" morerows="1" rowsep="1" valign="top">XI.</entry><entry VJ="1" align="left" colsep="0" morerows="1" rowsep="1" valign="top"><P>a) Milchzuckererzeugnis</P><P>b) aus Milch oder Molkenerzeugnissen durch Auskristallisieren oder andere Verfahren gewonnenes Kohlenhydrat, auch unter Verwendung von Lactase</P></entry><entry VJ="1" align="left" colsep="0" valign="top">1.</entry><entry VJ="1" align="left" colsep="0" valign="top">Milchzucker Arzneibuchqualität</entry><entry VJ="1" align="left" colsep="0" valign="top">1.</entry><entry VJ="1" align="left" colsep="1" nameend="col7" namest="col6" valign="top">wie Spalte 1, XI b), raffiniert, dem Arzneibuch in seiner jeweils gültigen Fassung entsprechend</entry><entry VJ="1" align="left" colsep="0" valign="top"> </entry></row><row rowsep="1"><entry VJ="1" align="left" colsep="0" valign="top">2.</entry><entry VJ="1" align="left" colsep="0" valign="top">Milchzucker (Laktose)</entry><entry VJ="1" align="left" colsep="0" valign="top">2.</entry><entry VJ="1" align="left" colsep="1" nameend="col7" namest="col6" valign="top">wie Spalte 1, XI b), mit einem wasserfreien Laktosegehalt von mindestens 99,0 % m/m in der Trockenmasse, wasserfrei oder mit einem Molekül Kristallwasser oder eine Mischung aus beidem</entry><entry VJ="1" align="left" colsep="0" valign="top"> </entry></row><row><entry VJ="1" align="left" colsep="0" morerows="6" rowsep="1" valign="top">XII.</entry><entry VJ="1" align="left" colsep="0" morerows="6" rowsep="1" valign="top"><P>a) Milcheiweißerzeugnis</P><P>b) hergestellt aus entrahmter Milch, Buttermilch oder Molke nach den in Spalte 3 aufgeführten oder anderen Verfahren, die das Milcheiweiß in seiner Gesamtheit oder in Teilen von den übrigen Milchbestandteilen trennen, unbeschadet einer etwaigen vorherigen Behandlung mit Ionenaustausch- und Konzentrationsverfahren; werden Labaustauschstoffe verwendet, müssen sie den Anforderungen des § 20 Abs. 5 der Käseverordnung in der Fassung der Bekanntmachung vom 14. April 1986 (BGBl. I S. 412) entsprechen.</P></entry><entry VJ="1" align="left" colsep="0" valign="top">1.</entry><entry VJ="1" align="left" colsep="0" valign="top">Milcheiweiß</entry><entry VJ="1" align="left" colsep="0" valign="top">1.</entry><entry VJ="1" align="left" colsep="1" nameend="col7" namest="col6" valign="top">hergestellt aus entrahmter Milch nach Verfahren, die das Milcheiweiß in seiner Gesamtheit weitgehend von den übrigen Bestandteilen trennen; Eiweißgehalt mindestens 70%, Wassergehalt höchstens 6%, Aschegehalt höchstens 7%, Milchzuckergehalt höchstens 15%</entry><entry VJ="1" align="left" colsep="0" valign="top">höchstens 1,5</entry></row><row><entry VJ="1" align="left" colsep="0" valign="top">2.</entry><entry VJ="1" align="left" colsep="0" valign="top">Wasserlösliches Milcheiweiß</entry><entry VJ="1" align="left" colsep="0" valign="top">2.</entry><entry VJ="1" align="left" colsep="1" nameend="col7" namest="col6" valign="top">wie Nr. 1, in Wasser löslich</entry><entry VJ="1" align="left" colsep="0" valign="top">höchstens 1,5</entry></row><row><entry VJ="1" align="left" colsep="0" valign="top">3.</entry><entry VJ="1" align="left" colsep="0" valign="top">(weggefallen)</entry><entry VJ="1" align="left" colsep="0" valign="top"/><entry VJ="1" align="left" colsep="0" valign="top"/><entry VJ="1" align="left" colsep="1" valign="top"/><entry VJ="1" align="left" colsep="0" valign="top"/></row><row><entry VJ="1" align="left" colsep="0" valign="top">4.</entry><entry VJ="1" align="left" colsep="0" valign="top">(weggefallen)</entry><entry VJ="1" align="left" colsep="0" valign="top"/><entry VJ="1" align="left" colsep="0" valign="top"/><entry VJ="1" align="left" colsep="1" valign="top"/><entry VJ="1" align="left" colsep="0" valign="top"/></row><row><entry VJ="1" align="left" colsep="0" valign="top">5.</entry><entry VJ="1" align="left" colsep="0" valign="top">(weggefallen)</entry><entry VJ="1" align="left" colsep="0" valign="top"/><entry VJ="1" align="left" colsep="0" valign="top"/><entry VJ="1" align="left" colsep="1" valign="top"/><entry VJ="1" align="left" colsep="0" valign="top"/></row><row><entry VJ="1" align="left" colsep="0" valign="top">6.</entry><entry VJ="1" align="left" colsep="0" valign="top">(weggefallen)</entry><entry VJ="1" align="left" colsep="0" valign="top"/><entry VJ="1" align="left" colsep="1" nameend="col7" namest="col6" valign="top"/><entry VJ="1" align="left" colsep="0" valign="top"> </entry></row><row rowsep="1"><entry VJ="1" align="left" colsep="0" valign="top">7.</entry><entry VJ="1" align="left" colsep="0" valign="top">Molkeneiweiß</entry><entry VJ="1" align="left" colsep="0" valign="top">7.</entry><entry VJ="1" align="left" colsep="1" nameend="col7" namest="col6" valign="top">hergestellt aus Süß- oder Sauermolke nach Verfahren, die das Molkeneiweiß anreichern; Eiweißgehalt mindestens 70%, Wassergehalt höchstens 7%, Aschegehalt höchstens 8%, Milchzuckergehalt höchstens 15%.</entry><entry VJ="1" align="left" colsep="0" valign="top"> </entry></row><row rowsep="1"><entry VJ="1" align="left" colsep="0" valign="top">XIII.</entry><entry VJ="1" align="left" colsep="0" nameend="col8" namest="col2" valign="top">(weggefallen)</entry></row><row><entry VJ="1" align="left" colsep="0" morerows="3" rowsep="1" valign="top">XIV.</entry><entry VJ="1" align="left" colsep="0" morerows="3" rowsep="1" valign="top"><P>a) Milchmischerzeugnis oder Bezeichnung der jeweils verwendeten Gruppe in Verbindung mit der Verkehrsbezeichnung des beigegebenen Lebensmittels</P><P>b) hergestellt aus Milch und/ oder einem oder mehreren Milcherzeugnissen der Gruppen I bis V, ferner der Gruppe IX bei Getränken aus Automaten, auch unter Anreicherung mit Milcherzeugnissen der Gruppen X und XII, unter Zusatz beigegebener Lebensmittel, auch unter Verwendung färbender Lebensmittel, bis zu insgesamt 30% der Füllmenge des Fertigerzeugnisses, zur Herstellung im Automaten auch ganz oder teilweise getrocknet, ausgenommen: Speiseeis, Halberzeugnisse für Speiseeis, Puddings, Milchreis, Cremes, Soßen, Suppen, auch unter Verwendung von Laktase</P></entry><entry VJ="1" align="left" colsep="0" valign="top">1.</entry><entry VJ="1" align="left" colsep="0" valign="top">Milchmischgetränk oder Vollmilch in Verbindung mit der Verkehrsbezeichnung des beigegebenen Lebensmittels</entry><entry VJ="1" align="left" colsep="0" valign="top">1.</entry><entry VJ="1" align="left" colsep="1" nameend="col7" namest="col6" valign="top">wie Spalte 1, XIV b), aus Vollmilch, flüssig</entry><entry VJ="1" align="left" colsep="0" valign="top"> </entry></row><row><entry VJ="1" align="left" colsep="0" valign="top">2.</entry><entry VJ="1" align="left" colsep="0" valign="top">Milchmischgetränk oder teilentrahmte (fettarme) Milch in Verbindung mit der Verkehrsbezeichnung des beigegebenen Lebensmittels</entry><entry VJ="1" align="left" colsep="0" valign="top">2.</entry><entry VJ="1" align="left" colsep="1" nameend="col7" namest="col6" valign="top">wie Nr. 1, jedoch aus teilentrahmter (fettarmer) Milch, flüssig</entry><entry VJ="1" align="left" colsep="0" valign="top"> </entry></row><row><entry VJ="1" align="left" colsep="0" valign="top">3.</entry><entry VJ="1" align="left" colsep="0" valign="top">Milchmischgetränk aus entrahmter Milch (aus Magermilch) oder entrahmte Milch (Magermilch) in Verbindung mit der Verkehrsbezeichnung des beigegebenen Lebensmittels</entry><entry VJ="1" align="left" colsep="0" valign="top">3.</entry><entry VJ="1" align="left" colsep="1" nameend="col7" namest="col6" valign="top">wie Nr. 1, jedoch aus entrahmter Milch (Magermilch), flüssig</entry><entry VJ="1" align="left" colsep="0" valign="top"> </entry></row><row rowsep="1"><entry VJ="1" align="left" colsep="0" valign="top">4.</entry><entry VJ="1" align="left" colsep="0" valign="top">Bezeichnung der Standardsorte der Gruppen I bis V in Verbindung mit der Verkehrsbezeichnung des beigegebenen Lebensmittels</entry><entry VJ="1" align="left" colsep="0" valign="top">4.</entry><entry VJ="1" align="left" colsep="1" nameend="col7" namest="col6" valign="top">wie Spalte 1, XIV b), aus einer Standardsorte der Gruppen I bis IV, jeweils ohne Wärmebehandlung nach der Fermentation, sowie einer Standardsorte der Gruppe V</entry><entry VJ="1" align="left" colsep="0" valign="top"> </entry></row><row><entry VJ="1" align="left" colsep="0" morerows="1" rowsep="1" valign="top">XV.</entry><entry VJ="1" align="left" colsep="0" morerows="1" rowsep="1" valign="top"><P>a) Molkenmischerzeugnis</P><P>b) hergestellt aus Molkenerzeugnissen der Gruppe X, auch unter Verwendung färbender Lebensmittel und Lactase und/oder angereichert mit Milcheiweißerzeugnissen, unter Zusatz beigegebener Lebensmittel, wobei der Anteil der Molkenerzeugnisse größer ist als die Summe der anderen Anteile, zur Herstellung in Automaten auch ganz oder teilweise getrocknet</P></entry><entry VJ="1" align="left" colsep="0" valign="top">1.</entry><entry VJ="1" align="left" colsep="0" valign="top">Molke in Verbindung mit der Verkehrsbezeichnung des beigegebenen Lebensmittels</entry><entry VJ="1" align="left" colsep="0" valign="top">1.</entry><entry VJ="1" align="left" colsep="1" nameend="col7" namest="col6" valign="top">wie Spalte 1, XVI b), jedoch aus Molke</entry><entry VJ="1" align="left" colsep="0" valign="top"> </entry></row><row rowsep="1"><entry VJ="1" align="left" colsep="0" valign="top">2.</entry><entry VJ="1" align="left" colsep="0" valign="top">Molkensahne (Molkenrahm) in Verbindung mit der Verkehrsbezeichnung des beigegebenen Lebensmittels</entry><entry VJ="1" align="left" colsep="0" valign="top">2 .</entry><entry VJ="1" align="left" colsep="1" nameend="col7" namest="col6" valign="top">wie Spalte 1, XVI b), jedoch aus Molkensahne (Molkenrahm)</entry><entry VJ="1" align="left" colsep="0" valign="top"> </entry></row><row><entry VJ="1" align="left" colsep="0" morerows="2" rowsep="1" valign="top">XVI.</entry><entry VJ="1" align="left" colsep="0" morerows="2" rowsep="1" valign="top"><P>a) Milchfetterzeugnis</P><P>b) hergestellt aus Milch, Sahne durch Abtrennen von Buttermilch und/oder Butter durch Abtrennen von Wasser und Einstellen der fettfreien Trockenmasse, flüssig oder teilkristallisiert, auch unter Verwendung von Inertgas, auch durch Auftrennen in unterschiedliche Erweichungs- und Erstarrungsbereiche, Fettgehalt mehr als 90%</P></entry><entry VJ="1" align="left" colsep="0" valign="top">1.</entry><entry VJ="1" align="left" colsep="0" valign="top">Butterreinfett (wasserfreies Butterfett, wasserfreies Milchfett, Butterschmalz)</entry><entry VJ="1" align="left" colsep="0" valign="top">1.</entry><entry VJ="1" align="left" colsep="1" nameend="col7" namest="col6" valign="top">wie Spalte 1, XVII b), durch Abtrennen der fettfreien Trockenmasse, Höchstgehalt an freien Fettsäuren: 0,35%, bei Herstellung aus Sauerrahmbutter 0,45% (als Ölsäure berechnet), Höchstwassergehalt: 0,1%, ohne Auftrennen in unterschiedliche Erweichungsbereiche</entry><entry VJ="1" align="left" colsep="0" valign="top">mindestens 99,8</entry></row><row><entry VJ="1" align="left" colsep="0" valign="top">2.</entry><entry VJ="1" align="left" colsep="0" valign="top">Butterfett (Butteröl)</entry><entry VJ="1" align="left" colsep="0" valign="top">2.</entry><entry VJ="1" align="left" colsep="1" nameend="col7" namest="col6" valign="top">wie Nr. 1, jedoch Höchstgehalt an freien Fettsäuren: 0,5% (als Ölsäure berechnet), Peroxidhöchstwert: 0,5 mEqu O(tief)2/kg Fett, Höchstwassergehalt: 0,2%</entry><entry VJ="1" align="left" colsep="0" valign="top">mindestens 96</entry></row><row rowsep="1"><entry VJ="1" align="left" colsep="0" valign="top">3.</entry><entry VJ="1" align="left" colsep="0" valign="top">Butterfett fraktioniert</entry><entry VJ="1" align="left" colsep="0" valign="top">3.</entry><entry VJ="1" align="left" colsep="1" nameend="col7" namest="col6" valign="top">wie Nr. 1, fraktioniert mittels Kristallisation</entry><entry VJ="1" align="left" colsep="0" valign="top">mindestens 99,8</entry></row></tbody></tgroup></table></P></Content></text><fussnoten/></textdaten></norm>
<norm builddate="20230428213001" doknr="BJNR011500970BJNE001702377"><metadaten><jurabk>MilchV</jurabk><enbez>Anlage 1a</enbez><titel format="parat">(weggefallen)</titel></metadaten><textdaten><text format="XML"><Content><P>- Anlage 1a: Aufgeh. durch Art. 18 Nr. 6 V v. 8.8.2007 I 1816 mWv 15.8.2007</P></Content></text></textdaten></norm>
<norm builddate="20230428213001" doknr="BJNR011500970BJNE001803119"><metadaten><jurabk>MilchV</jurabk><enbez>Anlage 2</enbez><titel format="XML">(zu § 5 Absatz 1)<BR/>Vitamine</titel></metadaten><textdaten><text format="XML"><Content><P><DL Font="normal" Type="arabic"><DT>1.</DT><DD Font="normal"><LA Size="normal">Die in § 1a Abs. 1 der Verordnung über vitaminisierte Lebensmittel genannten Vitamine zur Vitaminisierung von Trockenmilcherzeugnissen, Milchmischerzeugnissen und Molkenmischerzeugnissen.</LA></DD><DT>2.</DT><DD Font="normal"><LA Size="normal">Vitamin A-acetat und Vitamin A-palmitat zur Vitaminisierung von Milchstreichfetterzeugnissen<DL Font="normal" Type="arabic"><DT/><DD Font="normal"><LA Size="normal">bis zu insgesamt 5 Milligramm auf ein Kilogramm, berechnet als Retinol (Vitamin A-Alkohol).</LA></DD></DL></LA></DD><DT>3.</DT><DD Font="normal"><LA Size="normal">Ergocalciferol, Cholecalciferol und Cholecalciferol-Cholesterin zur Vitaminisierung von Milchstreichfetterzeugnissen<DL Font="normal" Type="arabic"><DT/><DD Font="normal"><LA Size="normal">bis zu insgesamt 12,5 Mikrogramm auf ein Kilogramm, berechnet als Calciferol.</LA></DD></DL></LA></DD></DL></P></Content></text><fussnoten/></textdaten></norm>
<norm builddate="20230428213001" doknr="BJNR011500970BJNE001903311"><metadaten><jurabk>MilchV</jurabk><enbez>Anlage 3</enbez><titel format="XML">(zu § 5b Abs. 1)<BR/>Analysenmethoden</titel></metadaten><textdaten><text format="XML"><Content><P><noindex><kommentar typ="Fundstelle">(Fundstelle: BGBl. I 1987, 2452 u. 2453<BR/> bzgl. der einzelnen Änderungen vgl. Fußnote)</kommentar></noindex></P><BR/><BR/><P>Die anzuwendende Methode ist aus der nachstehenden Aufstellung zu ersehen. Die Beschreibung der Analysenmethoden ergibt sich aus der Amtlichen Sammlung von Verfahren zur Probenahme und Untersuchung nach § 64 Abs. 1 des Lebensmittel- und Futtermittelgesetzbuches <ABWFORMAT typ="A"/>*1) unter der angegebenen Gliederungsnummer.<BR/><table frame="all" tocentry="%yes;"><tgroup align="left" char="" charoff="50" cols="4" colsep="1" rowsep="0"><colspec colname="col1" colnum="1" colwidth="185.000000pt"/><colspec colname="col2" colnum="2" colwidth="408.000000pt"/><colspec colname="col3" colnum="3" colwidth="255.000000pt"/><colspec colname="col4" colnum="4" colwidth="91.000000pt"/><tbody valign="top"><row rowsep="1"><entry VJ="1" valign="top">Milcherzeugnis</entry><entry VJ="1" valign="top">Merkmal</entry><entry VJ="1" valign="top">Methode</entry><entry VJ="1" valign="top">Stand</entry></row><row><entry VJ="1" morerows="2" valign="top">I. Ungezuckerte Kondensmilcherzeugnisse</entry><entry VJ="1" valign="top"><DL Font="normal" Type="arabic"><DT>1.</DT><DD Font="normal"><LA Size="normal">Milchtrockenmasse</LA></DD></DL></entry><entry VJ="1" valign="top">L 02.06.E (EG) und 1 (EG)</entry><entry VJ="1" valign="top">Januar 1981</entry></row><row><entry VJ="1" valign="top"><DL Font="normal" Type="arabic"><DT>2.</DT><DD Font="normal"><LA Size="normal">Fettgehalt</LA></DD></DL></entry><entry VJ="1" valign="top">L 02.06.E (EG) und 3 (EG)</entry><entry VJ="1" valign="top">Januar 1981</entry></row><row><entry VJ="1" valign="top"><DL Font="normal" Type="arabic"><DT>3.</DT><DD Font="normal"><LA Size="normal">Probenahme</LA></DD></DL></entry><entry VJ="1" valign="top">L 02.06-9 (EG)-11 (EG)</entry><entry VJ="1" valign="top">Mai 1988</entry></row><row><entry VJ="1" morerows="3" valign="top">II. Gezuckerte Kondensmilcherzeugnisse</entry><entry VJ="1" valign="top"><DL Font="normal" Type="arabic"><DT>1.</DT><DD Font="normal"><LA Size="normal">Milchtrockenmasse</LA></DD></DL></entry><entry VJ="1" valign="top">L 02.06.E (EG) und 1 (EG)</entry><entry VJ="1" valign="top">Januar 1981</entry></row><row><entry VJ="1" valign="top"><DL Font="normal" Type="arabic"><DT>2.</DT><DD Font="normal"><LA Size="normal">Fettgehalt</LA></DD></DL></entry><entry VJ="1" valign="top">L 02.06.E (EG) und 3 (EG)</entry><entry VJ="1" valign="top">Januar 1981</entry></row><row><entry VJ="1" valign="top"><DL Font="normal" Type="arabic"><DT>3.</DT><DD Font="normal"><LA Size="normal">Saccharosegehalt</LA></DD></DL></entry><entry VJ="1" valign="top">L 02.06.E (EG) und 5 (EG)</entry><entry VJ="1" valign="top">Januar 1981</entry></row><row><entry VJ="1" valign="top"><DL Font="normal" Type="arabic"><DT>4.</DT><DD Font="normal"><LA Size="normal">Probenahme</LA></DD></DL></entry><entry VJ="1" valign="top">L 02.06-9 (EG)-11 (EG)</entry><entry VJ="1" valign="top">Mai 1988</entry></row><row><entry VJ="1" morerows="4" valign="top">III. Trockenmilcherzeugnisse</entry><entry VJ="1" valign="top"><DL Font="normal" Type="arabic"><DT>1.</DT><DD Font="normal"><LA Size="normal">Wassergehalt</LA></DD></DL></entry><entry VJ="1" valign="top">L 02.06.E (EG) und 2 (EG)</entry><entry VJ="1" valign="top">Januar 1981</entry></row><row><entry VJ="1" valign="top"><DL Font="normal" Type="arabic"><DT>2.</DT><DD Font="normal"><LA Size="normal">Fettgehalt</LA></DD></DL></entry><entry VJ="1" valign="top">L 02.06.E (EG) und 4 (EG)</entry><entry VJ="1" valign="top">Januar 1981</entry></row><row><entry VJ="1" valign="top"><DL Font="normal" Type="arabic"><DT>3.</DT><DD Font="normal"><LA Size="normal">Milchsäure- und Lactatgehalt zur Überprüfung des Verbots der Verwendung von Neutralisierungsmitteln</LA></DD></DL></entry><entry VJ="1" valign="top">L 02.06.E (EG) und 6 (EG)</entry><entry VJ="1" valign="top">Januar 1981</entry></row><row><entry VJ="1" valign="top"><DL Font="normal" Type="arabic"><DT>4.</DT><DD Font="normal"><LA Size="normal">Phosphatase-Aktivität zur Überprüfung der erforderlichen Wärmebehandlung</LA></DD></DL></entry><entry VJ="1" valign="top">L 02.06.E (EG) und 7 (EG) oder 8 (EG)</entry><entry VJ="1" valign="top">Januar 1981</entry></row><row><entry VJ="1" valign="top"><DL Font="normal" Type="arabic"><DT>5.</DT><DD Font="normal"><LA Size="normal">Probenahme</LA></DD></DL></entry><entry VJ="1" valign="top">L 02.06-9 (EG)-11 (EG)</entry><entry VJ="1" valign="top">Mai 1988</entry></row><row><entry VJ="1" valign="top">IV. (weggefallen)</entry><entry VJ="1" valign="top"/><entry VJ="1" valign="top"/><entry VJ="1" valign="top"/></row><row><entry VJ="1" valign="top">V. (weggefallen)</entry><entry VJ="1" valign="top"/><entry VJ="1" valign="top"/><entry VJ="1" valign="top"/></row><row><entry VJ="1" valign="top">VI. (weggefallen)</entry><entry VJ="1" valign="top"/><entry VJ="1" valign="top"/><entry VJ="1" valign="top"/></row><row><entry VJ="1" nameend="col4" namest="col1" valign="top">---------<DL Font="normal" Type="arabic"><DT>*1)</DT><DD Font="normal"><LA Size="normal">Zu beziehen durch Beuth-Verlag GmbH, Berlin und Köln</LA></DD></DL></entry></row></tbody></tgroup></table></P></Content></text><fussnoten/></textdaten></norm>
</dokumente>