<?xml version="1.0" encoding="UTF-8" ?><!DOCTYPE dokumente SYSTEM "http://www.gesetze-im-internet.de/dtd/1.01/gii-norm.dtd">
<dokumente builddate="20250212223004" doknr="BJNR155200018"><norm builddate="20250212223004" doknr="BJNR155200018"><metadaten><jurabk>BinSchUO2018Anh IX</jurabk><ausfertigung-datum manuell="ja">2018-09-21</ausfertigung-datum><fundstelle typ="amtlich"><periodikum>BGBl I</periodikum><zitstelle>2018, 1398, 1552</zitstelle></fundstelle><langue>Für die Beförderung von mehr als 12 bis zu höchstens 35 Fahrgästen durch Fahrgastboote zugelassene Fahrtgebiete<BR/>(Anhang IX der Binnenschiffsuntersuchungsordnung BGBl I 2018, 1398)</langue><standangabe checked="ja"><standtyp>Stand</standtyp><standkommentar>Geändert durch Art. 1 Nr. 18 V v. 5.1.2022 I 2</standkommentar></standangabe></metadaten><textdaten><fussnoten><Content><P><BR/> <pre xml:space="preserve">(+++ Textnachweis ab: 7.10.2018 +++)<BR/>(+++ Text der Verordnung siehe: BinSchUO 2018 +++)<BR/><BR/></pre></P></Content></fussnoten></textdaten></norm>
<norm builddate="20250212223004" doknr="BJNR155200018BJNE000101119"><metadaten><jurabk>BinSchUO2018Anh IX</jurabk><enbez>(XXXX)</enbez></metadaten><textdaten><text format="XML"><Content><P><noindex><kommentar typ="Fundstelle">(Fundstelle: BGBl. I 2018, 1552 - 1553)</kommentar></noindex></P><P><table colsep="1" frame="all" pgwide="1" rowsep="1" tocentry="%yes;"><Title Align="auto"><B>Zone 3</B></Title><tgroup align="left" char="" charoff="50" cols="2"><colspec align="justify" colname="col1" colnum="1" colwidth="40*"/><colspec align="justify" colname="col2" colnum="2" colwidth="125*"/><thead valign="bottom"><row><entry VJ="1" align="center" colname="col1">Wasserstraße</entry><entry VJ="1" align="center" colname="col2">Fahrtgebiet</entry></row></thead><tbody valign="top"><row><entry VJ="1" align="left">Donau</entry><entry VJ="1">Von der Schleuse Straubing (km 2 322,02) bis zur Liegestelle Windorf (km 2 246,20)</entry></row><row><entry VJ="1" align="left">Müritz</entry><entry VJ="1">Gesamtstrecke (einschließlich Kleine Müritz)</entry></row></tbody></tgroup></table><BR/><BR/><table colsep="1" frame="all" pgwide="1" rowsep="1" tabstyle="Tabelle4" tocentry="%yes;"><Title Align="auto"><B>Zone 4</B></Title><tgroup align="left" char="" charoff="50" cols="2"><colspec colname="col1" colnum="1" colwidth="36.32*"/><colspec align="justify" colname="col2" colnum="2" colwidth="113.68*"/><thead valign="bottom"><row><entry VJ="1" align="center" colname="col1" valign="middle">Wasserstraße</entry><entry VJ="1" align="center" colname="col2" valign="middle">Fahrtgebiet</entry></row></thead><tbody valign="top"><row><entry VJ="1" colname="col1">Berlin-Spandauer-Schifffahrtskanal</entry><entry VJ="1" colname="col2"><DL Font="normal" Type="Dash"><DT>–</DT><DD Font="normal"><LA Size="normal">Von der Abzweigung aus der Havel-Oder-Wasserstraße (km 0,42) bis zur Einmündung in die Spree-Oder-Wasserstraße (km 12,20)</LA></DD><DT>–</DT><DD Font="normal"><LA Size="normal">Westhafen-Verbindungskanal</LA></DD><DT>–</DT><DD Font="normal"><LA Size="normal">Westhafenkanal</LA></DD><DT>–</DT><DD Font="normal"><LA Size="normal">Charlottenburger Verbindungskanal (zur Spree)</LA></DD></DL></entry></row><row><entry VJ="1" colname="col1">Dahme-Wasserstraße</entry><entry VJ="1" colname="col2"><DL Font="normal" Type="Dash"><DT>–</DT><DD Font="normal"><LA Size="normal">Von der Einmündung in die Spree-Oder-Wasserstraße bei Schmöckwitz (km 0,06) bis oberhalb der Einmündung der Teupitzer Gewässer (km 26,04)</LA></DD><DT>–</DT><DD Font="normal"><LA Size="normal">Teupitzer Gewässer</LA></DD><DT>–</DT><DD Font="normal"><LA Size="normal">Storkower Gewässer</LA></DD><DT>–</DT><DD Font="normal"><LA Size="normal">Notte</LA></DD></DL></entry></row><row><entry VJ="1" colname="col1">Elbe</entry><entry VJ="1" colname="col2">Von der deutsch-tschechischen Grenze bei Schöna (km 0,00) bis Kreinitz (km 119,20)</entry></row><row><entry VJ="1" colname="col1">Havelkanal</entry><entry VJ="1" colname="col2">Von der Abzweigung aus der Havel-Oder-Wasserstraße (km 0,41) bis zur Einmündung in die Untere Havel-Wasserstraße (km 34,59)</entry></row><row><entry VJ="1" colname="col1">Havel-Oder-Wasserstraße</entry><entry VJ="1" colname="col2"><DL Font="normal" Type="Dash"><DT>–</DT><DD Font="normal"><LA Size="normal">Von der Spreemündung bei Spandau (km 0,00) bis zur Schleusenbrücke Lehnitz (km 28,24) [Spandauer Havel, Oder-Havel-Kanal (Lehnitzsee)]</LA></DD><DT>–</DT><DD Font="normal"><LA Size="normal">Tegeler See</LA></DD><DT>–</DT><DD Font="normal"><LA Size="normal">Oranienburger Havel</LA></DD><DT>–</DT><DD Font="normal"><LA Size="normal">Werbelliner Gewässer</LA></DD></DL></entry></row><row><entry VJ="1" colname="col1">Müritz-Elde-Wasserstraße</entry><entry VJ="1" colname="col2"><DL Font="normal" Type="Dash"><DT>–</DT><DD Font="normal"><LA Size="normal">Mecklenburgische Oberseen (Plauer See, Petersdorfer See, Malchower See, Fleesensee, Kölpinsee)</LA></DD><DT>–</DT><DD Font="normal"><LA Size="normal">Stör-Wasserstraße (Störkanal, Stör, Schweriner See nebst Ziegelsee)</LA></DD></DL></entry></row><row rowsep="1"><entry VJ="1" colname="col1">Müritz-Havel-Wasserstraße</entry><entry VJ="1" colname="col2"><DL Font="normal" Type="Dash"><DT>–</DT><DD Font="normal"><LA Size="normal">Von der Einmündung in die Obere Havel-Wasserstraße (km 0,00) bis zur Abzweigung aus der Müritz-Elde-Wasserstraße (km 32,02)</LA></DD><DT>–</DT><DD Font="normal"><LA Size="normal">Seearm Nordostteil Labussee</LA></DD><DT>–</DT><DD Font="normal"><LA Size="normal">Mirower Adlersee und Vilzsee</LA></DD><DT>–</DT><DD Font="normal"><LA Size="normal">Großer Peetschsee</LA></DD><DT>–</DT><DD Font="normal"><LA Size="normal">Rheinsberger Gewässer</LA></DD><DT>–</DT><DD Font="normal"><LA Size="normal">Großer Prebelowsee</LA></DD><DT>–</DT><DD Font="normal"><LA Size="normal">Zechliner Gewässer</LA></DD><DT>–</DT><DD Font="normal"><LA Size="normal">Dollgowsee</LA></DD><DT>–</DT><DD Font="normal"><LA Size="normal">Großer Pälitzsee Südwestteil</LA></DD></DL></entry></row><row><entry VJ="1" colname="col1">Obere Havel-Wasserstraße</entry><entry VJ="1" colname="col2"><DL Font="normal" Type="Dash"><DT>–</DT><DD Font="normal"><LA Size="normal">Vom Ende des Voßkanals (km 0,00) bis zum Nordostende Zierker See (km 94,41) [Voßkanal, Obere Havel, Kammerkanal, Malzer Kanal]</LA></DD><DT>–</DT><DD Font="normal"><LA Size="normal">Seearm Nordostteil Ziernsee</LA></DD><DT>–</DT><DD Font="normal"><LA Size="normal">Wentow-Gewässer</LA></DD><DT>–</DT><DD Font="normal"><LA Size="normal">Templiner Gewässer</LA></DD><DT>–</DT><DD Font="normal"><LA Size="normal">Lychener Gewässer</LA></DD></DL></entry></row><row><entry VJ="1" colname="col1">Pareyer Verbindungskanal</entry><entry VJ="1" colname="col2">Von der Abzweigung aus der Elbe (km 0,01) bis zur Einmündung in den Elbe-Havel-Kanal (km 3,34)</entry></row><row><entry VJ="1" colname="col1">Rüdersdorfer Gewässer</entry><entry VJ="1" colname="col2">Vom Südende Dämeritzsee (km –0,50) bis Tasdorf (km 10,48)</entry></row><row><entry VJ="1" colname="col1">Saale</entry><entry VJ="1" colname="col2">Von Bad Dürrenberg (km 124,16) bis zur Einmündung in die Elbe (km 0,00)</entry></row><row><entry VJ="1" colname="col1">Spree-Oder-Wasserstraße</entry><entry VJ="1" colname="col2"><DL Font="normal" Type="Dash"><DT>–</DT><DD Font="normal"><LA Size="normal">Von der Abzweigung aus der Havel-Oder-Wasserstraße (km 0,15) bis zur Einmündung in die Oder in Eisenhüttenstadt (km 130,17) [Untere Spree, Berliner Spree, Treptower Spree, Langer See, Dahme, Oder-Spree-Kanal, Fürstenwalder Spree, Oder-Spree-Kanal]</LA></DD><DT>–</DT><DD Font="normal"><LA Size="normal">Landwehrkanal</LA></DD><DT>–</DT><DD Font="normal"><LA Size="normal">Spreekanal</LA></DD><DT>–</DT><DD Font="normal"><LA Size="normal">Müggelspree bis km 11,85 mit Großer Müggelsee und Dämeritzsee</LA></DD><DT>–</DT><DD Font="normal"><LA Size="normal">Wasserstraße Seddinsee und Gosener Kanal</LA></DD></DL></entry></row><row><entry VJ="1" colname="col1">Teltowkanal</entry><entry VJ="1" colname="col2"><DL Font="normal" Type="Dash"><DT>–</DT><DD Font="normal"><LA Size="normal">Von der Abzweigung aus der Potsdamer Havel (km –0,55) bis zur Einmündung in die Spree-Oder-Wasserstraße (km 37,84) [Glienicker Lake, Griebnitzsee, Kleinmachnower See]</LA></DD><DT>–</DT><DD Font="normal"><LA Size="normal">Griebnitzkanal [Stölpchensee, Pohlsee, Kleiner Wannsee]</LA></DD></DL></entry></row><row rowsep="0"><entry VJ="1" colname="col1">Untere Havel-Wasserstraße</entry><entry VJ="1" colname="col2"><DL Font="normal" Type="Dash"><DT>–</DT><DD Font="normal"><LA Size="normal">Von der Spreemündung (km 0,00) bis zur Havelbrücke in Plaue (km 68,02) [Pichelsdorfer Havel, Kladower Seestrecke, Jungfernsee, Sacrow-Paretzer-Kanal, Brandenburger Oberhavel, Silokanal]</LA></DD><DT>–</DT><DD Font="normal"><LA Size="normal">Potsdamer Havel mit Templiner See, Schwielowsee, Großer Zernsee, Kleiner Zernsee</LA></DD><DT>–</DT><DD Font="normal"><LA Size="normal">Ketziner Havel</LA></DD><DT>–</DT><DD Font="normal"><LA Size="normal">Großer Wannsee</LA></DD></DL></entry></row></tbody></tgroup></table></P></Content></text><fussnoten/></textdaten></norm>
</dokumente>