<?xml version="1.0" encoding="UTF-8" ?><!DOCTYPE dokumente SYSTEM "http://www.gesetze-im-internet.de/dtd/1.01/gii-norm.dtd">
<dokumente builddate="20231211213504" doknr="BJNR13D0B0023"><norm builddate="20231211213504" doknr="BJNR13D0B0023"><metadaten><jurabk>TVMindestlohn Gerüstb 8</jurabk><ausfertigung-datum manuell="ja">2023-11-22</ausfertigung-datum><fundstelle typ="amtlich"><periodikum>BGBl I</periodikum><zitstelle>2023, Nr. 317</zitstelle></fundstelle><langue>Rechtsnormen des Tarifvertrags zur Regelung eines Mindestlohns im Gerüstbauer-Handwerk im Gebiet der Bundesrepublik Deutschland (TV Mindestlohn) vom 1. August 2023</langue><standangabe checked="ja"><standtyp>Aufh</standtyp><standkommentar>Die zugehörige V v. 22.11.2023 I Nr. 317 (GerüstbArbbV 8) tritt gem. § 3 dieser V mit Ablauf des 30.9.2025 außer Kraft</standkommentar></standangabe></metadaten><textdaten><fussnoten><Content><P><BR/> <pre xml:space="preserve">(+++ Textnachweis ab: 1.12.2023 +++)<BR/>(+++ Text der Verordnung siehe: GerüstbArbbV 8 +++)<BR/><BR/></pre></P></Content></fussnoten></textdaten></norm>
<norm builddate="20231211213504" doknr="BJNR13D0B0023BJNE000100000"><metadaten><jurabk>TVMindestlohn Gerüstb 8</jurabk><enbez>§ 1</enbez><titel format="XML">Geltungsbereich</titel></metadaten><textdaten><text format="XML"><Content><P>(1) Räumlicher Geltungsbereich<BR/> Das Gebiet der Bundesrepublik Deutschland.</P><P>(2) Betrieblicher Geltungsbereich<BR/> Abschnitt I <DL Type="alpha"><DT>a)</DT><DD Font="normal"><LA>Betriebe des Gerüstbauer-Handwerks. Das sind alle Betriebe, die nach ihrer durch die Art der betrieblichen Tätigkeit geprägten Zweckbestimmung mit eigenem oder fremden Material gewerblich Gerüste erstellen. Erfasst werden insbesondere auch Betriebe, die gewerblich Gerüstmaterial bereitstellen oder gewerblich die Gerüstbaulogistik (insbesondere Lagerung, Wartung und Reparatur, Ladung oder Transport von Gerüstmaterial) übernehmen. Als Gerüste gelten alle Arten von Arbeits-, Schutz- und Traggerüsten, Fahrgerüste und Sonderkonstruktionen der Rüsttechnik.</LA></DD><DT>b)</DT><DD Font="normal"><LA>Erfasst werden auch solche Betriebe, die im Rahmen eines mit Betrieben des Gerüstbauer-Handwerks bestehenden Zusammenschlusses – unbeschadet der gewählten Rechtsform – ausschließlich oder überwiegend für die angeschlossenen Betriebe des Gerüstbauer-Handwerks die kaufmännische und/oder organisatorische Verwaltung, den Transport von Gerüstmaterial, den Vertrieb, Planungsarbeiten, Laborarbeiten oder Prüfarbeiten übernehmen, soweit diese Betriebe nicht von einem spezielleren Tarifvertrag erfasst werden.</LA></DD></DL>Abschnitt II<BR/> Ein Betrieb, soweit in ihm die unter Abschnitt I beschriebenen Leistungen überwiegend erbracht werden, fällt grundsätzlich als Ganzes unter diesen Tarifvertrag. Betrieb im Sinne dieses Tarifvertrages ist auch eine selbstständige Betriebsabteilung. Als solche gilt auch eine Gesamtheit von Arbeitnehmern, die außerhalb der stationären Betriebsstätte eines nicht von Abschnitt I erfassten Betriebes Arbeiten des Gerüstbauer-Handwerks ausführt. Werden in einem Betrieb des Gerüstbauer-Handwerks in selbstständigen Betriebsabteilungen andere Arbeiten ausgeführt, so werden diese Abteilungen dann nicht von diesem Tarifvertrag erfasst, wenn sie von einem anderen Tarifvertrag erfasst werden.<BR/> Abschnitt III<BR/> Nicht erfasst werden Betriebe und selbstständige Betriebsabteilungen, die als Betriebe des Baugewerbes durch den Bundesrahmentarifvertrag für das Baugewerbe erfasst werden, Betriebe und selbstständige Betriebsabteilungen des Maler-, Lackierer- und Dachdeckerhandwerks sowie Betriebe, die ausschließlich Hersteller oder Händler sind.</P><P>(3) Persönlicher Geltungsbereich<BR/> Gewerbliche Arbeitnehmer (Arbeiter), die eine nach den Vorschriften des Sechsten Buches Sozialgesetzbuch – Gesetzliche Rentenversicherung – (SGB VI) versicherungspflichtige Tätigkeit ausüben.<BR/> Nicht erfasst werden: <DL Type="alpha"><DT>a)</DT><DD Font="normal"><LA>Personen, die nachweislich aufgrund einer Schul-, Ausbildungs- oder Studienverordnung ein Praktikum absolvieren,</LA></DD><DT>b)</DT><DD Font="normal"><LA>Schüler an allgemeinbildenden Schulen mit Ausnahme der Schüler an Abendschulen und -kollegs,</LA></DD><DT>c)</DT><DD Font="normal"><LA>Schulabgänger, die innerhalb von 12 Monaten nach Beendigung ihrer Schulausbildung bis zu einer Gesamtdauer von 50 Arbeitstagen beschäftigt werden,</LA></DD><DT>d)</DT><DD Font="normal"><LA>Arbeitnehmer, die ausschließlich auf dem Lagerplatz im Betrieb oder stationär im Betrieb tätig sind,</LA></DD><DT>e)</DT><DD Font="normal"><LA>das Reinigungspersonal, das für Reinigungsarbeiten in Verwaltungs- und Sozialräumen des Betriebes beschäftigt wird,</LA></DD><DT>f)</DT><DD Font="normal"><LA>Personen, die an einer Einstiegsqualifikation nach § 54a des Dritten Buches Sozialgesetzbuches oder an einer Berufsausbildungsvorbereitung nach den §§ 68 bis 70 des Berufsbildungsgesetzes teilnehmen.</LA></DD></DL></P></Content></text></textdaten></norm>
<norm builddate="20231211213504" doknr="BJNR13D0B0023BJNE000200000"><metadaten><jurabk>TVMindestlohn Gerüstb 8</jurabk><enbez>§ 2</enbez><titel format="XML">Mindestlohn</titel></metadaten><textdaten><text format="XML"><Content><P>(1) Der Mindestlohn beträgt ab <table frame="none" tocentry="%yes;"><tgroup align="left" char="" charoff="50" cols="2"><colspec colname="col1" colwidth="30*"/><colspec colname="col2" colwidth="135*"/><tbody valign="top"><row><entry VJ="1" colname="col1">1. Oktober 2023</entry><entry VJ="1" colname="col2">13,60 Euro,</entry></row><row><entry VJ="1" colname="col1">1. Oktober 2024</entry><entry VJ="1" colname="col2">13,95 Euro.</entry></row></tbody></tgroup></table> Höhere Lohnansprüche aufgrund anderer Tarifverträge oder einzelvertraglicher Vereinbarungen bleiben unberührt.</P><P>(2) Der Anspruch auf den Mindestlohn für die im Kalendermonat geleisteten Stunden wird spätestens zum 15. des Monats fällig, der dem Monat folgt, für den der Mindestlohn zu zahlen ist.<BR/> Dies gilt nicht für den Mindestlohnanspruch, der auf die in ein Arbeitszeitkonto eingestellten Stunden entfällt, soweit das Arbeitszeitkonto nach den folgenden Bestimmungen geführt wird:<BR/> Durch Betriebsvereinbarung oder, wenn kein Betriebsrat besteht, durch einzelvertragliche Vereinbarung wird für einen Zeitraum von höchstens 12 Monaten (Ausgleichszeitraum) eine von der tariflichen Arbeitszeitverteilung abweichende Verteilung der Arbeitszeit auf die einzelnen Werktage ohne Mehrarbeitszuschlag durchgeführt. In die Arbeitszeitverteilung darf der Samstag nicht regelmäßig mit einbezogen werden.<BR/> Das Arbeitszeitguthaben auf dem Arbeitszeitkonto und der dafür einbehaltene Lohn dürfen zu keinem Zeitpunkt 150 Stunden, die Arbeitszeitschuld und der dafür bereits gezahlte Lohn dürfen zu keinem Zeitpunkt 30 Stunden überschreiten.<BR/> Bei betrieblicher Arbeitszeitverteilung wird während des gesamten Ausgleichszeitraums unabhängig von der tatsächlichen monatlichen Arbeitszeit bei Vollzeitbeschäftigten in den Monaten Mai bis November ein Monatslohn in Höhe von 174 Stundenlöhnen und in den Monaten Dezember bis April ein Monatslohn in Höhe von 162 Stundenlöhnen oder monatlich durchgängig mindestens ein Monatslohn in Höhe von 169 Stundenlöhnen gezahlt, der entsprechend Satz 1 fällig ist.<BR/> Sofern die eingestellten Stunden während des Ausgleichszeitraumes durch Auszahlung ausgeglichen werden, erfolgt dies in Höhe des aktuellen Mindestlohnes zum Zeitpunkt der Auszahlung.<BR/> Die monatlichen Plus- und Minusstunden sind neben den saldierten und den kumulierten Gesamt-Gut- bzw. Minusstunden des Arbeitszeitkontos mit der monatlichen Lohnabrechnung gesondert auszuweisen. Zeiten, in denen ohne Arbeitsleistung Vergütung oder Vergütungsersatz gezahlt wird, bleiben bei der Bestimmung der Plus- und Minusstunden außer Betracht.<BR/> Von der regelmäßigen monatlichen Arbeitszeit sind daher Zeiten abzuziehen, für die Vergütung oder Vergütungsersatz ohne Arbeitsleistung gezahlt wurde. Es ist die Arbeitszeit in Abzug zu bringen, die ohne die Arbeitsverhinderung geleistet worden wäre.<BR/> Am Ende des Ausgleichszeitraumes ist das Arbeitszeitkonto abzurechnen. Besteht zu diesem Zeitpunkt ein Zeitguthaben, kann dieses entweder zur Auszahlung gebracht werden oder unter Anrechnung auf das zuschlagsfreie Vorarbeitsvolumen in den nächsten Ausgleichszeitraum übertragen und dort ausgeglichen werden. Die Auszahlung der Gutstunden erfolgt mit einem Mehrarbeitszuschlag von 25 Prozent.<BR/> Das Arbeitszeitkonto ist gegen Insolvenz abzusichern.<BR/> In Betrieben ohne Betriebsrat kann die einzelvertragliche Vereinbarung mit einer Frist von zwei Monaten zum Ende des Ausgleichszeitraumes gekündigt werden.</P><P>(3) Ansprüche auf den Mindestlohn verfallen, wenn sie nicht innerhalb von zwölf Monaten nach ihrer Fälligkeit gerichtlich geltend gemacht werden.</P></Content></text></textdaten></norm>
</dokumente>