<?xml version="1.0" encoding="UTF-8" ?><!DOCTYPE dokumente SYSTEM "http://www.gesetze-im-internet.de/dtd/1.01/gii-norm.dtd">
<dokumente builddate="20131008093905" doknr="BJNR246400012"><norm builddate="20131008093905" doknr="BJNR246400012"><metadaten><jurabk>VersorgAusglUmrFaktorBek 2013</jurabk><ausfertigung-datum manuell="ja">2012-12-05</ausfertigung-datum><fundstelle typ="amtlich"><periodikum>BGBl I</periodikum><zitstelle>2012, 2464</zitstelle></fundstelle><langue>Bekanntmachung der Umrechnungsfaktoren für den Versorgungsausgleich in der Rentenversicherung</langue></metadaten><textdaten><fussnoten><Content><P><BR/> <pre xml:space="preserve">(+++ Textnachweis ab 11.12.2012 +++)<BR/><BR/></pre></P></Content></fussnoten></textdaten></norm>
<norm builddate="20131008093905" doknr="BJNR246400012BJNE000100000"><metadaten><jurabk>VersorgAusglUmrFaktorBek 2013</jurabk><enbez>(XXXX)</enbez></metadaten><textdaten><text format="XML"><Content><P>Auf Grund des § 187 Absatz 3 Satz 2 und des § 281a Absatz 3 Satz 3 des Sechsten Buches Sozialgesetzbuch – Gesetzliche Rentenversicherung –, die zuletzt durch Artikel 259 Nummer 1 der Verordnung vom 31. Oktober 2006 (BGBl. I S. 2407) geändert worden sind, wird bekannt gemacht:</P><P>Die auf Grund des vorläufigen Durchschnittsentgelts und des Beitragssatzes für das Jahr 2013 berechneten Faktoren betragen im Jahr 2013<DL Font="normal" Type="arabic"><DT>1.</DT><DD Font="normal"><LA Size="normal">in der allgemeinen Rentenversicherung für die Umrechnung<DL Font="normal" Type="alpha"><DT>a)</DT><DD Font="normal"><LA Size="normal"><table colsep="0" frame="none" pgwide="1" rowsep="0" tocentry="%yes;"><tgroup align="left" char="" charoff="50" cols="2"><colspec align="left" colname="leftSplit"/><colspec align="right" colname="rightSplit"/><tbody Class="Split" valign="top"><row><entry VJ="1" colname="leftSplit">von Entgeltpunkten in Beiträge</entry><entry VJ="1" colname="rightSplit" valign="bottom">6439,4190,</entry></row></tbody></tgroup></table></LA><LA Size="normal"><table colsep="0" frame="none" pgwide="1" rowsep="0" tocentry="%yes;"><tgroup align="left" char="" charoff="50" cols="2"><colspec align="left" colname="leftSplit"/><colspec align="right" colname="rightSplit"/><tbody Class="Split" valign="top"><row><entry VJ="1" colname="leftSplit">von Entgeltpunkten (Ost) in Beiträge</entry><entry VJ="1" colname="rightSplit" valign="bottom">5472,4390,</entry></row></tbody></tgroup></table></LA></DD><DT>b)</DT><DD Font="normal"><LA Size="normal"><table colsep="0" frame="none" pgwide="1" rowsep="0" tocentry="%yes;"><tgroup align="left" char="" charoff="50" cols="2"><colspec align="left" colname="leftSplit"/><colspec align="right" colname="rightSplit"/><tbody Class="Split" valign="top"><row><entry VJ="1" colname="leftSplit">von Beiträgen, Barwerten, Deckungskapitalien und <BR/>vergleichbaren Deckungsrücklagen in Entgeltpunkte</entry><entry VJ="1" colname="rightSplit" valign="bottom">0,0001552935,</entry></row></tbody></tgroup></table></LA><LA Size="normal"><table colsep="0" frame="none" pgwide="1" rowsep="0" tocentry="%yes;"><tgroup align="left" char="" charoff="50" cols="2"><colspec align="left" colname="leftSplit"/><colspec align="right" colname="rightSplit"/><tbody Class="Split" valign="top"><row><entry VJ="1" colname="leftSplit">von Beiträgen in Entgeltpunkte (Ost)</entry><entry VJ="1" colname="rightSplit" valign="bottom">0,0001827339,</entry></row></tbody></tgroup></table></LA></DD></DL></LA></DD><DT>2.</DT><DD Font="normal"><LA Size="normal">in der knappschaftlichen Rentenversicherung für die Umrechnung<DL Font="normal" Type="alpha"><DT>a)</DT><DD Font="normal"><LA Size="normal"><table colsep="0" frame="none" pgwide="1" rowsep="0" tocentry="%yes;"><tgroup align="left" char="" charoff="50" cols="2"><colspec align="left" colname="leftSplit"/><colspec align="right" colname="rightSplit"/><tbody Class="Split" valign="top"><row><entry VJ="1" colname="leftSplit">von Entgeltpunkten in Beiträge</entry><entry VJ="1" colname="rightSplit" valign="bottom">8551,8210,</entry></row></tbody></tgroup></table></LA><LA Size="normal"><table colsep="0" frame="none" pgwide="1" rowsep="0" tocentry="%yes;"><tgroup align="left" char="" charoff="50" cols="2"><colspec align="left" colname="leftSplit"/><colspec align="right" colname="rightSplit"/><tbody Class="Split" valign="top"><row><entry VJ="1" colname="leftSplit">von Entgeltpunkten (Ost) in Beiträge</entry><entry VJ="1" colname="rightSplit" valign="bottom">7267,6307,</entry></row></tbody></tgroup></table></LA></DD><DT>b)</DT><DD Font="normal"><LA Size="normal"><table colsep="0" frame="none" pgwide="1" rowsep="0" tocentry="%yes;"><tgroup align="left" char="" charoff="50" cols="2"><colspec align="left" colname="leftSplit"/><colspec align="right" colname="rightSplit"/><tbody Class="Split" valign="top"><row><entry VJ="1" colname="leftSplit">von Beiträgen in Entgeltpunkte</entry><entry VJ="1" colname="rightSplit" valign="bottom">0,0001169342,</entry></row></tbody></tgroup></table></LA><LA Size="normal"><table colsep="0" frame="none" pgwide="1" rowsep="0" tocentry="%yes;"><tgroup align="left" char="" charoff="50" cols="2"><colspec align="left" colname="leftSplit"/><colspec align="right" colname="rightSplit"/><tbody Class="Split" valign="top"><row><entry VJ="1" colname="leftSplit">von Beiträgen in Entgeltpunkte (Ost)</entry><entry VJ="1" colname="rightSplit" valign="bottom">0,0001375964.</entry></row></tbody></tgroup></table></LA></DD></DL></LA></DD></DL></P></Content></text></textdaten></norm>
<norm builddate="20131008093905" doknr="BJNR246400012BJNE000200000"><metadaten><jurabk>VersorgAusglUmrFaktorBek 2013</jurabk><enbez>Schlussformel</enbez></metadaten><textdaten><text format="XML"><Content><P><SP>Bundesministerium für Arbeit und Soziales</SP></P></Content></text></textdaten></norm>
</dokumente>