<?xml version="1.0" encoding="UTF-8" ?><!DOCTYPE dokumente SYSTEM "http://www.gesetze-im-internet.de/dtd/1.01/gii-norm.dtd">
<dokumente builddate="20250213223032" doknr="BJNR102220968"><norm builddate="20250213223032" doknr="BJNR102220968"><metadaten><jurabk>ProMusPlRL</jurabk><ausfertigung-datum manuell="ja">1968-03-07</ausfertigung-datum><fundstelle typ="amtlich"><periodikum>BGBl I</periodikum><zitstelle>1968, 222</zitstelle></fundstelle><langue>Richtlinien für die Verleihung der PRO MUSICA-Plakette</langue><standangabe checked="ja"><standtyp>Stand</standtyp><standkommentar>Geändert durch Erlass v. 12.8.2016 I 1978</standkommentar></standangabe></metadaten><textdaten><text format="XML"><Content><P/></Content></text><fussnoten><Content><P><BR/> <pre xml:space="preserve">(+++ Textnachweis ab: 22. 3.1968 +++)<BR/><BR/></pre></P></Content></fussnoten></textdaten></norm>
<norm builddate="20250213223032" doknr="BJNR102220968BJNE000101377"><metadaten><jurabk>ProMusPlRL</jurabk><enbez>(XXXX)</enbez></metadaten><textdaten><text format="XML"><Content><P><DL Font="normal" Indent="5" Type="arabic"><DT>1.</DT><DD Font="normal"><LA Size="normal">Die PRO MUSICA-Plakette ist als Auszeichnung für Vereinigungen von Musikliebhabern bestimmt, die sich in langjährigem Wirken besondere Verdienste um die Pflege des instrumentalen Musizierens und damit um die Förderung des kulturellen Lebens erworben haben.<BR/><BR/>Die Auszeichnung besteht aus einer Urkunde und einer Plakette, die auf der Vorderseite „Musizierende“ mit Lyra und die Inschrift „Für Verdienste um instrumentales Musizieren – PRO MUSICA“, und auf der Rückseite den Bundesadler zeigt. Form und Größe der Plakette sind auf einer Mustertafel festgelegt.</LA></DD><DT>2.</DT><DD Font="normal"><LA Size="normal">Die PRO MUSICA-Plakette wird durch den Bundespräsidenten aus Anlass des mindestens einhundertjährigen Bestehens einer Musikvereinigung auf deren Antrag verliehen. Voraussetzung für die Verleihung ist der Nachweis, dass sich die Musikvereinigung in ernster und erfolgreicher musikalischer Arbeit der Pflege der instrumentalen Musik gewidmet und im Rahmen der örtlich gegebenen Verhältnisse künstlerische Verdienste oder Verdienste um die musikalische Bildung erworben hat.</LA></DD><DT>3.</DT><DD Font="normal"><LA Size="normal">Der Antrag auf Verleihung der PRO MUSICA-Plakette kann frühestens im Vorjahr des Jubiläumsjahres gestellt werden. Die Antragsformulare sind bei der Geschäftsstelle des Empfehlungsausschusses zur Verleihung der PRO-MUSICA-Plakette und den Musikverbänden erhältlich.<BR/><BR/>Musikvereinigungen, die durch einen Musikverband vertreten werden, richten ihren Antrag bis zum 30. Juni des Jahres der Antragsstellung an ihren Musikverband. Der Musikverband prüft den Antrag formal und bescheinigt die Vollständigkeit des Antrags und die Plausibilität der in dem Antrag gemachten Angaben. Der Musikverband leitet den Antrag nebst den eingereichten Ergänzungsunterlagen bis zum 30. September des Jahres der Antragsstellung an die Geschäftsstelle des Empfehlungsausschusses weiter.<BR/><BR/>Musikvereinigungen, die durch keinen Musikverband vertreten werden, richten den Antrag bis zum 30. Juni des Jahres der Antragsstellung an das jeweils zuständige Landesministerium. Das Landesministerium prüft den Antrag formal und bescheinigt die Vollständigkeit des Antrags und die Plausibilität der in dem Antrag gemachten Angaben. Das Landesministerium leitet den Antrag nebst den eingereichten Ergänzungsunterlagen bis zum 30. September des Jahres der Antragsstellung an die Geschäftsstelle des Empfehlungsausschusses weiter.<BR/><BR/>Musikvereinigungen mit Sitz im Ausland richten den Antrag bis zum 30. Juni des Jahres der Antragsstellung über die jeweilige diplomatische oder konsularische Vertretung der Bundesrepublik Deutschland an das Auswärtige Amt. Das Auswärtige Amt prüft den Antrag formal und bescheinigt die Vollständigkeit des Antrags und die Plausibilität der in dem Antrag gemachten Angaben. Das Auswärtige Amt leitet den Antrag nebst den eingereichten Ergänzungsunterlagen bis zum 30. September des Jahres der Antragsstellung an die Geschäftsstelle des Empfehlungsausschusses weiter.</LA></DD><DT>4.</DT><DD Font="normal"><LA Size="normal">Der Antrag ist in dreifacher Ausfertigung einzureichen. Dem Antrag sind folgende Unterlagen in einfacher Ausfertigung beizufügen: <DL Font="normal" Type="alpha"><DT>a)</DT><DD Font="normal"><LA Size="normal">Ein geschichtlicher Abriss der Musikvereinigung mit Daten in Zeitabständen von 5 bis 10 Jahren unter Hinweis auf die hierfür beigefügten Belege.</LA></DD><DT>b)</DT><DD Font="normal"><LA Size="normal">Ein Nachweis über die Gründungszeit (Gründungsprotokoll, Satzung oder authentische Belege, die auf die Gründungszeit hinweisen). Die Dokumente sind in beglaubigter Kopie vorzulegen.</LA></DD><DT>c)</DT><DD Font="normal"><LA Size="normal">Ein Tätigkeitsbericht der Musikvereinigung über ihre musikalischen Aktivitäten der letzten fünf Jahre, hierzu Konzertprogramme sowie einschlägige, mit Datum versehene Presseberichte, ferner Konzertprogramme und Festbücher von Jubiläumsfeiern sowie Unterlagen über besondere Leistungen in früherer Zeit, die zur Begründung des Antrags wesentlich erscheinen.</LA></DD><DT>d)</DT><DD Font="normal"><LA Size="normal">Eine Bescheinigung der Stadt oder der Gemeinde im Original über die kulturelle Betätigung der Musikvereinigung und ihre Verdienste um das instrumentale Musizieren.</LA></DD><DT>e)</DT><DD Font="normal"><LA Size="normal">Bei eingetragenen Vereinen: ein aktueller Auszug aus dem Vereinsregister.</LA></DD></DL></LA></DD><DT>5.</DT><DD Font="normal"><LA Size="normal">Die Geschäftsstelle des Empfehlungsausschusses ist bei einem bundesweit tätigen Dachverband des instrumentalen Laienmusizierens angesiedelt, der durch gesonderte Vereinbarung zwischen dem Bundespräsidialamt und der für Kultur und Medien zuständigen obersten Bundesbehörde und den bundesweit tätigen Dachverbänden des instrumentalen Laienmusizierens zu bestimmen ist. Die Geschäftsstelle verantwortet die organisatorische und inhaltliche Vorbereitung der Sitzung des Empfehlungsausschusses.</LA></DD><DT>6.</DT><DD Font="normal"><LA Size="normal">Der Empfehlungssauschuss besteht aus drei institutionellen Mitgliedern und gegebenenfalls einem Vertreter des Auswärtigen Amtes entsprechend Ziffer 6 Absatz 3 der Richtlinien.<BR/><BR/>Der Empfehlungsausschuss tagt jährlich.<BR/><BR/>Zu den institutionellen Mitgliedern gehören ein Vertreter der für Kultur und Medien zuständigen obersten Bundesbehörde, ein Vertreter der Ständigen Konferenz der Kultusminister der Länder und ein Vertreter des Dachverbandes an, bei dem die Geschäftsstelle des Empfehlungsausschusses angesiedelt ist.<BR/><BR/>Wenn der Empfehlungsausschuss über einen Antrag einer Musikvereinigung mit Sitz im Ausland zu entscheiden hat, tritt ein Vertreter des Auswärtigen Amtes hinzu, der für die Dauer der gesamten Sitzung an der Beratung und Entscheidung des Empfehlungsausschusses teilnimmt.<BR/><BR/>Beschlussfassungen des Empfehlungsausschusses durch Fernkommunikationsmittel sind zulässig, wenn kein Mitglied diesem Verfahren widerspricht. Diese Beschlüsse sind schriftlich festzuhalten und der Niederschrift über die nächste Ausschusssitzung als Anlage beizufügen.</LA></DD><DT>7.</DT><DD Font="normal"><LA Size="normal">Der Empfehlungsausschuss prüft die von seiner Geschäftsstelle vorbereiteten Anträge und empfiehlt dem jeweils zuständigen Landesministerium, dem Bundespräsidenten den Vorschlag zur Verleihung der PRO MUSICA-Plakette zu unterbreiten. Der Vorschlag wird dem Bundespräsidenten nach Gegenzeichnung durch den Bundeskanzler oder einen zuständigen Bundesminister durch die für Kultur und Medien zuständige oberste Bundesbehörde vorgelegt.<BR/><BR/>Bei Anträgen von Musikvereinigungen mit Sitz im Ausland empfiehlt der Empfehlungsausschuss dem Auswärtigen Amt, dem Bundespräsidenten den Vorschlag zur Verleihung der PRO MUSICA-Plakette zu unterbreiten. Der Vorschlag wird dem Bundespräsidenten nach Gegenzeichnung durch den Bundesminister des Auswärtigen durch das Auswärtige Amt vorgelegt.</LA></DD><DT>8.</DT><DD Font="normal"><LA Size="normal">Die Urkunden über die Verleihung der Plakette werden vom Bundespräsidenten unterzeichnet.<BR/><BR/>Urkunden und Plaketten können den Musikvereinigungen erst nach der zentralen Verleihungsveranstaltung auf Bundesebene ausgehändigt werden.<BR/><BR/>Bei Musikvereinigungen mit Sitz im Ausland erfolgt die Aushändigung von Urkunden und Plaketten durch die diplomatische oder konsularische Vertretung der Bundesrepublik Deutschland in dem betreffenden Land.</LA></DD><DT>9.</DT><DD Font="normal"><LA Size="normal">Bundesweit tätiger Dachverband des instrumentalen Laienmusizierens im Sinne dieser Richtlinie ist eine Musikorganisation, der mehrere, nicht nur einer bestimmten Region zugehörige Musikverbände aus verschiedenen instrumentalen Sparten als Mitglieder angehören. Musikverband im Sinne dieser Richtlinie ist ein Zusammenschluss von einzelnen Musikvereinigungen.</LA></DD></DL><BR/><BR/><table frame="none" pgwide="1" tocentry="%yes;"><tgroup align="left" char="" charoff="50" cols="2"><colspec align="center" colname="col1" colwidth="10*"/><colspec align="center" colname="col2" colwidth="10*"/><tbody valign="top"><row><entry VJ="1" colname="col1" colsep="0" rowsep="0">Vorderseite</entry><entry VJ="1" colname="col2" rowsep="0">Rückseite</entry></row><row><entry VJ="1" colname="col1" colsep="0" rowsep="0"><IMG Align="center" Height="886" Pos="inline" SRC="bgbl1_2016_j1978-1_0010.jpg" Type="TIF" Units="300" Width="886" alt=""/></entry><entry VJ="1" colname="col2" rowsep="0"><IMG Align="center" Height="878" Pos="inline" SRC="bgbl1_2016_j1978-1_0020.jpg" Type="TIF" Units="300" Width="886" alt=""/></entry></row><row><entry VJ="1" align="center" nameend="col2" namest="col1" valign="middle"><DL Font="normal" Indent="22" Type="arabic"><DT>Plakette:</DT><DD Font="normal"><LA Size="normal">rund, Bronze</LA></DD><DT>Originalgröße:</DT><DD Font="normal"><LA Size="normal">16 cm</LA></DD></DL></entry></row></tbody></tgroup></table></P></Content></text><fussnoten/></textdaten></norm>
<norm builddate="20250213223032" doknr="BJNR102220968BJNE000200315"><metadaten><jurabk>ProMusPlRL</jurabk><enbez>Schlußformel</enbez></metadaten><textdaten><text format="XML"><Content><P><SP>Der Bundespräsident</SP> <BR/><SP>Der Bundeskanzler</SP> <BR/><SP>Der Bundesminister des Innern</SP></P></Content></text></textdaten></norm>
</dokumente>