<?xml version="1.0" encoding="UTF-8" ?><!DOCTYPE dokumente SYSTEM "http://www.gesetze-im-internet.de/dtd/1.01/gii-norm.dtd">
<dokumente builddate="20240312215502" doknr="BJNR103700004"><norm builddate="20240312215502" doknr="BJNR103700004"><metadaten><jurabk>Pkw-EnVKV</jurabk><amtabk>Pkw-EnVKV</amtabk><ausfertigung-datum manuell="ja">2004-05-28</ausfertigung-datum><fundstelle typ="amtlich"><periodikum>BGBl I</periodikum><zitstelle>2004, 1037</zitstelle></fundstelle><kurzue>Pkw-Energieverbrauchskennzeichnungsverordnung</kurzue><langue>Verordnung über Verbraucherinformationen zu Kraftstoffverbrauch, Stromverbrauch, CO2-Emissionen und Energiekosten neuer Personenkraftwagen</langue><standangabe checked="ja"><standtyp>Stand</standtyp><standkommentar>Zuletzt geändert durch Art. 1 V v. 19.2.2024 I Nr. 50</standkommentar></standangabe></metadaten><textdaten><text format="XML"><Content><P><noindex>Diese Verordnung dient der Umsetzung der Richtlinie 1999/94/EG des Europäischen Parlaments und des Rates vom 13. Dezember 1999 über die Bereitstellung von Verbraucherinformationen über den Kraftstoffverbrauch und CO<SUB>2</SUB>-Emissionen beim Marketing für neue Personenkraftwagen (ABl. EG 2000 Nr. L 12 S. 16), zuletzt geändert durch die Verordnung (EG) Nr. 1882/2003 des Europäischen Parlaments und des Rates vom 29. September 2003 (ABl. EU Nr. L 284 S. 1).</noindex></P></Content></text><fussnoten><Content><P><BR/> <pre xml:space="preserve">(+++ Textnachweis ab: 1.11.2004 +++)<BR/> <BR/>(+++ § 3 Abs. 4 Satz 1 Nr. 4 u. § 3 Abs. 4 Satz 2 u. 5: <BR/>Zur Anwendung vgl. § 5 Abs. 4 +++)<BR/> <BR/>(+++ Amtlicher Hinweis des Normgebers auf EG-Recht:<BR/>     Umsetzung der<BR/>       EGRL 94/99     (CELEX Nr: 31999L0094)<BR/>     Umsetzung der<BR/>       EGRL 94/99     (CELEX Nr: 31999L0094) vgl. V v. 22.8.2011 I 1756 <BR/>       EGRL 32/2006   (CELEX Nr: 32006L0032) vgl. V v. 22.8.2011 I 1756<BR/>     Beachtung der <BR/>       EGRL 34/98     (CELEX Nr: 31998L0034) vgl. V v. 22.8.2011 I 1756 +++)<BR/><BR/></pre> <BR/>Überschrift: Bezeichnung idF d. Art. 1 Nr. 1 V v. 19.2.2024 I Nr. 50 mWv 23.2.2024</P></Content></fussnoten></textdaten></norm>
<norm builddate="20240312215502" doknr="BJNR103700004BJNE000100000"><metadaten><jurabk>Pkw-EnVKV</jurabk><enbez>Eingangsformel</enbez></metadaten><textdaten><text format="XML"><Content><P>Auf Grund des § 1 Abs. 1 Nr. 1 in Verbindung mit § 1 Abs. 2 und 3 Nr. 1 und 3 bis 5 des Energieverbrauchskennzeichnungsgesetzes vom 30. Januar 2002 (BGBl. I S. 570), von denen § 1 Abs. 1 und 2 durch Artikel 135 der Verordnung vom 25. November 2003 (BGBl. I S. 2304) geändert worden ist, verordnet das Bundesministerium für Wirtschaft und Arbeit im Einvernehmen mit dem Bundesministerium für Umwelt, Naturschutz und Reaktorsicherheit:</P></Content></text></textdaten></norm>
<norm builddate="20240312215502" doknr="BJNR103700004BJNE000202128"><metadaten><jurabk>Pkw-EnVKV</jurabk><enbez>§ 1</enbez><titel format="XML">Kennzeichnungspflicht</titel></metadaten><textdaten><text format="XML"><Content><P>(1) Stellt ein Hersteller oder ein Händler einen neuen Personenkraftwagen aus, bietet ihn zum Kauf, zur Langzeitmiete oder zum Leasing an oder wirbt für ihn, so muss er dabei zu dem neuen Personenkraftwagen Angaben machen über dessen <DL Type="arabic"><DT>1.</DT><DD Font="normal"><LA>Kraftstoffverbrauch,</LA></DD><DT>2.</DT><DD Font="normal"><LA>CO<SUB>2</SUB>-Emissionen,</LA></DD><DT>3.</DT><DD Font="normal"><LA>Energiekosten bei 15 000 Kilometer Jahresfahrleistung,</LA></DD><DT>4.</DT><DD Font="normal"><LA>Höhe der Kraftfahrzeugsteuer,</LA></DD><DT>5.</DT><DD Font="normal"><LA>mögliche CO<SUB>2</SUB>-Kosten über die nächsten zehn Jahre bei 15 000 Kilometer Jahresfahrleistung (CO<SUB>2</SUB>-Kosten) sowie</LA></DD><DT>6.</DT><DD Font="normal"><LA>CO<SUB>2</SUB>-Klasse oder CO<SUB>2</SUB>-Klassen.</LA></DD></DL>Für rein elektrisch betriebene Fahrzeuge und für extern aufladbare Hybridelektrofahrzeuge müssen zudem der Stromverbrauch und die elektrische Reichweite des neuen Personenkraftwagens angegeben werden.</P><P>(2) Bei den Angaben sind als Einheiten zu verwenden <DL Type="arabic"><DT>1.</DT><DD Font="normal"><LA>für den Kraftstoffverbrauch <DL Type="alpha"><DT>a)</DT><DD Font="normal"><LA>bei allen flüssigen Kraftstoffen: Liter je 100 Kilometer,</LA></DD><DT>b)</DT><DD Font="normal"><LA>bei komprimiertem Erdgas: Kilogramm je 100 Kilometer,</LA></DD><DT>c)</DT><DD Font="normal"><LA>bei komprimiertem Wasserstoff: Kilogramm je 100 Kilometer,</LA></DD></DL></LA></DD><DT>2.</DT><DD Font="normal"><LA>für den Stromverbrauch: Kilowattstunde je 100 Kilometer,</LA></DD><DT>3.</DT><DD Font="normal"><LA>für die CO<SUB>2</SUB>-Emissionen: Gramm je Kilometer,</LA></DD><DT>4.</DT><DD Font="normal"><LA>für die elektrische Reichweite: Kilometer,</LA></DD><DT>5.</DT><DD Font="normal"><LA>für die Energiekosten bei 15 000 Kilometer Jahresfahrleistung: Euro im jeweiligen Jahr,</LA></DD><DT>6.</DT><DD Font="normal"><LA>für die Kraftfahrzeugsteuer: Euro im Jahr, und</LA></DD><DT>7.</DT><DD Font="normal"><LA>für die CO<SUB>2</SUB>-Kosten: Euro.</LA></DD></DL></P><P>(3) Für die Angaben zum Kraftstoffverbrauch von flüssigen Kraftstoffen muss der Hersteller die Werte, die aus der Übereinstimmungsbescheinigung stammen, kaufmännisch auf die erste Nachkommastelle runden.</P><P>(4) Für die Angaben zum Kraftstoffverbrauch von komprimiertem Erdgas und von Wasserstoff muss der Hersteller die Werte, die aus der Übereinstimmungsbescheinigung stammen, umrechnen in Kilogramm je 100 Kilometer. In der Umrechnung ist für komprimiertes Erdgas und für Wasserstoff der jeweilige Bezugsdichtewert zu verwenden, der festgelegt ist in Anhang B7 Nummer 3.1.2 und 3.1.3 der UN-Regelung Nummer 154 – Einheitliche Bedingungen für die Genehmigung von leichten Personenkraftwagen und Nutzfahrzeugen in Bezug auf die Kriterien Emissionen, Kohlendioxidemissionen und Kraftstoffverbrauch und/oder die Messung des Stromverbrauchs und der elektrischen Reichweite (WLTP) [2022/2124] (ABl. L 290 vom 10.11.2022, S. 1). Der umgerechnete Wert für Kilogramm ist kaufmännisch auf die erste Nachkommastelle zu runden.</P><P>(5) Für die Angaben zum Stromverbrauch muss der Hersteller die Werte, die aus der Übereinstimmungsbescheinigung stammen, in Kilowattstunden je 100 Kilometer umrechnen. Der umgerechnete Wert für Kilowattstunden ist kaufmännisch auf die erste Nachkommastelle zu runden.</P><P>(6) Für die Angaben zu den CO<SUB>2</SUB>-Emissionen muss der Hersteller die Werte, die aus der Übereinstimmungsbescheinigung stammen, kaufmännisch auf eine ganze Zahl runden.</P><P>(7) „Übereinstimmungsbescheinigung“ im Sinne dieser Verordnung ist die Übereinstimmungsbescheinigung nach Artikel 3 Nummer 5 der Verordnung (EU) 2018/858 des Europäischen Parlaments und des Rates vom 30. Mai 2018 über die Genehmigung und die Marktüberwachung von Kraftfahrzeugen und Kraftfahrzeuganhängern sowie von Systemen, Bauteilen und selbstständigen technischen Einheiten für diese Fahrzeuge, zur Änderung der Verordnungen (EG) Nr. 715/2007 und (EG) Nr. 595/2009 und zur Aufhebung der Richtlinie 2007/46/EG (ABl. L 151 vom 14.6.2018, S. 1; L 210 vom 11.8.2022, S. 19), in der jeweils geltenden Fassung.</P></Content></text><fussnoten/></textdaten></norm>
<norm builddate="20240312215502" doknr="BJNR103700004BJNE000302128"><metadaten><jurabk>Pkw-EnVKV</jurabk><enbez>§ 2</enbez><titel format="XML">Begriffsbestimmungen</titel></metadaten><textdaten><text format="XML"><Content><P>(1) Im Sinne dieser Verordnung <DL Font="normal" Type="arabic"><DT>1.</DT><DD Font="normal"><LA Size="normal">ist „Personenkraftwagen“ (Pkw) ein Kraftfahrzeug der Klasse M1 nach Artikel 4 der Verordnung (EU) 2018/858 in der jeweils geltenden Fassung; nicht als Personenkraftwagen gilt ein Fahrzeug mit besonderer Zweckbestimmung nach Anhang 1 Teil A Nummer 5 der Verordnung (EU) 2018/858;</LA></DD><DT>2.</DT><DD Font="normal"><LA Size="normal">ist ein Personenkraftwagen „neu“, der noch nicht zu einem anderen Zweck als dem des Weiterverkaufs oder der Auslieferung verkauft worden ist; davon ist auszugehen bei einem Personenkraftwagen, der typgenehmigt ist und <DL Font="normal" Type="alpha"><DT>a)</DT><DD Font="normal"><LA Size="normal">dessen Erstzulassung zur Nutzung im öffentlichen Straßenverkehr zu dem Zeitpunkt, zu dem er vom Hersteller oder Händler ausgestellt oder zum Kauf, zur Langzeitmiete oder zum Leasing angeboten oder beworben wird, noch nicht länger als acht Monate zurückliegt oder</LA></DD><DT>b)</DT><DD Font="normal"><LA Size="normal">der einen Kilometerstand von 1 000 Kilometern oder weniger aufweist;</LA></DD></DL></LA></DD><DT>3.</DT><DD Font="normal"><LA Size="normal">ist ein Personenkraftwagen „gebraucht“, sofern er nicht neu ist;</LA></DD><DT>4.</DT><DD Font="normal"><LA Size="normal">ist „Modell“ die Handelsbezeichnung eines Fahrzeugtyps; bei mehreren Varianten und Versionen eines Fahrzeugtyps haben die unter einem Modell zusammengefassten Fahrzeuge mindestens folgende Merkmale gemeinsam: <DL Font="normal" Type="alpha"><DT>a)</DT><DD Font="normal"><LA Size="normal">Fabrikmarke und Handelsbezeichnung gemäß Übereinstimmungsbescheinigung,</LA></DD><DT>b)</DT><DD Font="normal"><LA Size="normal">Antriebsmaschinen hinsichtlich der Baumerkmale gemäß Anhang I Teil B Nummer 1.2.1. Buchstabe b sowie Nummer 1.3.1. Buchstabe b und c der Verordnung (EU) 2018/858: <DL Font="normal" Type="a-alpha"><DT>aa)</DT><DD Font="normal"><LA Size="normal">die Art der Energieversorgung: Verbrennungsmotor, Elektromotor, Brennstoffzelle oder Sonstiges,</LA></DD><DT>bb)</DT><DD Font="normal"><LA Size="normal">bei einem Verbrennungsmotor das Arbeitsverfahren: Fremdzündung, Selbstzündung oder Sonstiges,</LA></DD><DT>cc)</DT><DD Font="normal"><LA Size="normal">bei einem Verbrennungsmotor die Zahl und Anordnung der Zylinder: L4, V6 oder Sonstige,</LA></DD><DT>dd)</DT><DD Font="normal"><LA Size="normal">bei einem Verbrennungsmotor das Hubvolumen und</LA></DD><DT>ee)</DT><DD Font="normal"><LA Size="normal">bei einem Elektromotor die Motorhöchstleistung oder die maximale Nenndauerleistung,</LA></DD></DL></LA></DD><DT>c)</DT><DD Font="normal"><LA Size="normal">Zahl, Lage und gegenseitige Verbindung der Antriebsachsen,</LA></DD><DT>d)</DT><DD Font="normal"><LA Size="normal">Art des Aufbaus gemäß Anhang I Teil C Nummer 2 der Verordnung (EU) 2018/858, zum Beispiel Stufenhecklimousine, Schräghecklimousine, Coupé, Kabrio-Limousine, Kombilimousine, Mehrzweckfahrzeug, Pkw-Pick-up, und</LA></DD><DT>e)</DT><DD Font="normal"><LA Size="normal">Art des Kraftstoffs oder des Energieträgers;</LA></DD></DL></LA></DD><DT>5.</DT><DD Font="normal"><LA Size="normal">ist „WLTP-Wert“ ein Wert, der nach den in der Verordnung (EU) 2017/1151 der Kommission vom 1. Juni 2017 zur Ergänzung der Verordnung (EG) Nr. 715/2007 des Europäischen Parlaments und des Rates über die Typgenehmigung von Kraftfahrzeugen hinsichtlich der Emissionen von leichten Personenkraftwagen und Nutzfahrzeugen (Euro 5 und Euro 6) und über den Zugang zu Fahrzeugreparatur- und -wartungsinformationen, zur Änderung der Richtlinie 2007/46/EG des Europäischen Parlaments und des Rates, der Verordnung (EG) Nr. 692/2008 der Kommission sowie der Verordnung (EG) Nr. 1230/2012 der Kommission und zur Aufhebung der Verordnung (EG) Nr. 692/2008 der Kommission (ABl. L 175 vom 7.7.2017, S. 1; L 209 vom 12.8.2017, S. 63; L 56 vom 28.2.2018, S. 66; L 2 vom 6.1.2020, S. 13; L 338 vom 15.10.2020, S. 12), in der jeweils geltenden Fassung, festgelegten Prüfverfahren ermittelt wurde;</LA></DD><DT>6.</DT><DD Font="normal"><LA Size="normal">ist „Langzeitmiete“ die einem Kunden auf einem anderen Wege als durch Leasing gegen Entgelt überlassene Nutzung eines modellspezifisch ausgewählten oder konfigurierten neuen Personenkraftwagens für einen Zeitraum von einem Monat oder länger;</LA></DD><DT>7.</DT><DD Font="normal"><LA Size="normal">ist „Fabrikmarke“ der Firmenname des Herstellers gemäß der Übereinstimmungsbescheinigung;</LA></DD><DT>8.</DT><DD Font="normal"><LA Size="normal">ist „Fahrzeug-Identifizierungsnummer“ die international genormte, 17-stellige Seriennummer gemäß der Übereinstimmungsbescheinigung, mit der ein Fahrzeug eindeutig identifizierbar ist;</LA></DD><DT>9.</DT><DD Font="normal"><LA Size="normal">ist „Hersteller“ der in der Übereinstimmungsbescheinigung genannte Hersteller oder, wenn dieser Hersteller nicht in Deutschland ansässig ist, dessen bevollmächtigter Vertreter in Deutschland;</LA></DD><DT>10.</DT><DD Font="normal"><LA Size="normal">ist „Händler“ jede Person, die gewerblich Personenkraftwagen <DL Font="normal" Type="alpha"><DT>a)</DT><DD Font="normal"><LA Size="normal">ausstellt,</LA></DD><DT>b)</DT><DD Font="normal"><LA Size="normal">zum Kauf anbietet,</LA></DD><DT>c)</DT><DD Font="normal"><LA Size="normal">zur Langzeitmiete anbietet oder</LA></DD><DT>d)</DT><DD Font="normal"><LA Size="normal">zum Leasing anbietet;</LA></DD></DL></LA></DD><DT>11.</DT><DD Font="normal"><LA Size="normal">ist „Kunde“ eine Person, die für einen möglichen Kauf, eine Langzeitmiete oder ein mögliches Leasing eines Personenkraftwagens einen Verkaufsort aufsucht, um sich dort über die Eigenschaften eines Personenkraftwagens zu informieren;</LA></DD><DT>12.</DT><DD Font="normal"><LA Size="normal">ist „Verkaufsort“ ein physischer Ort, an dem neue Personenkraftwagen ausgestellt oder zum Kauf, zur Langzeitmiete oder zum Leasing angeboten werden, insbesondere ein Ausstellungsraum oder ein Ausstellungsgelände; als Verkaufsorte gelten auch Handelsmessen, auf denen neue Personenkraftwagen der Öffentlichkeit vorgestellt werden; hingegen handelt es sich nicht um einen Verkaufsort, wenn der Ort baulich oder in anderer Weise abgetrennt ist und der Ort so gekennzeichnet ist, dass er für jeden Kunden erkennbar nicht dazu dient, neue Personenkraftwagen auszustellen, zum Kauf, zur Langzeitmiete oder zum Leasing anzubieten;</LA></DD><DT>13.</DT><DD Font="normal"><LA Size="normal">ist „Kraftstoff“ flüssiger Kraftstoff oder komprimiertes Erdgas; maßgeblich ist der vom Hersteller empfohlene Kraftstoff mit derjenigen Bezeichnung, die verwendet werden muss zur Bekanntmachung der Kraftstoffqualität für den Betrieb von Kraftfahrzeugen nach der Verordnung über die Beschaffenheit und die Auszeichnung der Qualitäten von Kraft- und Brennstoffen vom 8. Dezember 2010 (BGBl. I S. 1849), in der jeweils geltenden Fassung;</LA></DD><DT>14.</DT><DD Font="normal"><LA Size="normal">ist „Kraftstoffverbrauch“ der auf der Grundlage der Verordnung (EU) 2017/1151 ermittelte Verbrauch eines neuen Personenkraftwagens von flüssigem Kraftstoff, komprimiertem Erdgas oder Wasserstoff;</LA></DD><DT>15.</DT><DD Font="normal"><LA Size="normal">ist „anderer Energieträger“ Strom oder Wasserstoff;</LA></DD><DT>16.</DT><DD Font="normal"><LA Size="normal">ist „Stromverbrauch“ der auf der Grundlage der Verordnung (EU) 2017/1151 ermittelte Verbrauch eines neuen Personenkraftwagens an elektrischer Energie;</LA></DD><DT>17.</DT><DD Font="normal"><LA Size="normal">ist „Energieverbrauch“ der auf der Grundlage der Verordnung (EU) 2017/1151 ermittelte Verbrauch eines neuen Personenkraftwagens an Kraftstoff, Wasserstoff oder elektrischer Energie;</LA></DD><DT>18.</DT><DD Font="normal"><LA Size="normal">sind „CO<SUB>2</SUB>-Emissionen“ die auf der Grundlage der Verordnung (EU) 2017/1151 ermittelten spezifischen CO<SUB>2</SUB>-Emissionen eines neuen Personenkraftwagens;</LA></DD><DT>19.</DT><DD Font="normal"><LA Size="normal">ist „elektrische Reichweite“ die Strecke, die von rein elektrisch betriebenen Fahrzeugen oder extern aufladbaren Hybridelektrofahrzeugen auf elektrische Weise zurückgelegt werden kann und auf der Grundlage der Verordnung (EU) 2017/1151 ermittelt wird;</LA></DD><DT>20.</DT><DD Font="normal"><LA Size="normal">ist „Masse des Fahrzeugs“ die tatsächliche Masse des Fahrzeugs, die der Masse des Fahrzeugs in fahrbereitem Zustand zuzüglich der Masse der an ihm angebrachten Zusatzausrüstung entspricht;</LA></DD><DT>21.</DT><DD Font="normal"><LA Size="normal">ist „Personenkraftwagen mit Verbrennungsmotor“ ein Fahrzeug, dessen mechanischer Antrieb ganz oder teilweise auf Basis einer periodisch arbeitenden Wärmekraftmaschine beruht, die mit flüssigen Kraftstoffen, komprimiertem Erdgas oder Wasserstoff betrieben wird;</LA></DD><DT>22.</DT><DD Font="normal"><LA Size="normal">ist „extern aufladbares Hybridelektrofahrzeug“ ein Fahrzeug mit einem Verbrennungs- und einem Elektromotor, wobei der Strombedarf auch durch externe Aufladung gedeckt werden kann entsprechend der Verordnung (EU) 2017/1151;</LA></DD><DT>23.</DT><DD Font="normal"><LA Size="normal">ist „rein elektrisch betriebenes Fahrzeug“ ein Fahrzeug mit einem reinen Elektroantrieb nach Artikel 2 Nummer 34 der Verordnung (EU) 2017/1151;</LA></DD><DT>24.</DT><DD Font="normal"><LA Size="normal">ist „Brennstoffzellenfahrzeug” ein Fahrzeug nach Artikel 2 Nummer 36 der Verordnung (EU) 2017/1151 mit einem elektrischen Antrieb, bei dem der Strom durch eine mit Wasserstoff beschickte Brennstoffzelle im Fahrzeug erzeugt wird;</LA></DD><DT>25.</DT><DD Font="normal"><LA Size="normal">ist „Antriebsart“ eines Fahrzeugs die Art der Antriebsmaschine (Verbrennungsmotor, Elektromotor, Plug-In-Hybrid, Brennstoffzelle);</LA></DD><DT>26.</DT><DD Font="normal"><LA Size="normal">ist „Werbeschrift“ jede Druckschrift, die für die Vermarktung und Werbung zum Kauf, zur Langzeitmiete oder zum Leasing neuer Personenkraftwagen in der Öffentlichkeit verwendet wird; dazu zählen insbesondere technische Anleitungen, Broschüren, Anzeigen in Zeitungen, Magazinen und Fachzeitschriften sowie Plakate;</LA></DD><DT>27.</DT><DD Font="normal"><LA Size="normal">ist „Werbematerial“ jede Form von Information, die für die Vermarktung und Werbung zum Kauf, zur Langzeitmiete oder zum Leasing neuer Personenkraftwagen in der Öffentlichkeit verwendet wird; dies umfasst auch <DL Font="normal" Type="alpha"><DT>a)</DT><DD Font="normal"><LA Size="normal">Texte, Bilder und Videos auf Internetseiten, soweit für den Inhalt der Angaben nach anderen Rechtsvorschriften Hersteller, Unternehmen, Organisationen oder Personen verantwortlich sind, die neue Personenkraftwagen zum Kauf, zur Langzeitmiete oder zum Leasing anbieten, sowie</LA></DD><DT>b)</DT><DD Font="normal"><LA Size="normal">Darstellungen auf Internetseiten von Handelsmessen, auf denen neue Personenkraftwagen der Öffentlichkeit vorgestellt werden;</LA></DD></DL></LA></DD><DT>28.</DT><DD Font="normal"><LA Size="normal">ist „Verbreitung in elektronischer Form“ die Verbreitung von Informationen, die durch Geräte für die elektronische Verarbeitung und Speicherung von Daten am Ausgangspunkt gesendet und am Endpunkt vollständig über Draht, über Funk, auf optischem oder anderem elektromagnetischem Weg gesendet, weitergeleitet und empfangen werden;</LA></DD><DT>29.</DT><DD Font="normal"><LA Size="normal">ist „Online-Videoportal” eine Plattform im Internet, die es ermöglicht, audiovisuelles Material zu veröffentlichen, zu bewerten oder anzuschauen;</LA></DD><DT>30.</DT><DD Font="normal"><LA Size="normal">sind „elektronische, magnetische oder optische Speichermedien“ alle physikalischen Materialien, auf denen Informationen in elektronischer Form aufgezeichnet werden und die zur Information der Öffentlichkeit genutzt werden können.</LA></DD></DL></P><P>(2) Die Begriffe „Fahrzeugtyp“, „Variante“ und „Version“ sind die vom Hersteller gemäß Anhang I Teil B Punkt 1.1., 1.2. und 1.3. der Verordnung (EU) 2018/858, in der jeweils geltenden Fassung, angegebenen Unterteilungen einer bestimmten Fabrikmarke, die durch die Typen-, Varianten- und Versionsschlüssel in alphanumerischem Code eindeutig identifiziert werden.</P><P>(3) Die phasenspezifischen Werte umfassen den jeweiligen Kraftstoffverbrauchswert oder Stromverbrauchswert „Innenstadt“, „Stadtrand“, „Landstraße“ und „Autobahn“. Dabei entspricht <DL Font="normal" Type="arabic"><DT>1.</DT><DD Font="normal"><LA Size="normal">„Innenstadt“ dem Kraftstoffverbrauchswert oder Stromverbrauchswert für die Prüfphase „Niedrig“ nach der Verordnung (EU) 2017/1151,</LA></DD><DT>2.</DT><DD Font="normal"><LA Size="normal">„Stadtrand“ dem Kraftstoffverbrauchswert oder Stromverbrauchswert für die Prüfphase „Mittel“ nach der Verordnung (EU) 2017/1151,</LA></DD><DT>3.</DT><DD Font="normal"><LA Size="normal">„Landstraße“ dem Kraftstoffverbrauchswert oder Stromverbrauchswert für die Prüfphase „Hoch“ nach der Verordnung (EU) 2017/1151,</LA></DD><DT>4.</DT><DD Font="normal"><LA Size="normal">„Autobahn“ dem Kraftstoffverbrauchswert oder Stromverbrauchswert für die Prüfphase „Höchstwert“ nach der Verordnung (EU) 2017/1151,</LA></DD><DT>5.</DT><DD Font="normal"><LA Size="normal">„Kraftstoffverbrauch bei entladener Batterie“ dem Kraftstoffverbrauchswert „kombinierter Kraftstoffverbrauch bei Ladungserhaltung“ nach der Verordnung (EU) 2017/1151 und</LA></DD><DT>6.</DT><DD Font="normal"><LA Size="normal">„Stromverbrauch bei rein elektrischem Betrieb“ dem Stromverbrauchswert „Stromverbrauch EC, kombiniert“ nach Anhang I, Anlage 3 Punkt 2.5.3.8.1. der Verordnung (EU) 2017/1151.</LA></DD></DL></P></Content></text><fussnoten/></textdaten></norm>
<norm builddate="20240312215502" doknr="BJNR103700004BJNE000402128"><metadaten><jurabk>Pkw-EnVKV</jurabk><enbez>§ 3</enbez><titel format="XML">Hinweis über den Energieverbrauch und die CO<SUB>2</SUB>-Emissionen sowie Aushang am Verkaufsort</titel></metadaten><textdaten><text format="XML"><Content><P>(1) Wer einen neuen Personenkraftwagen an einem Verkaufsort ausstellt oder zum Kauf, zur Langzeitmiete oder zum Leasing anbietet, hat sicherzustellen, dass <DL Font="normal" Type="arabic"><DT>1.</DT><DD Font="normal"><LA Size="normal">ein Hinweis, der den jeweils einschlägigen Energieverbrauch, die CO<SUB>2</SUB>-Emissionen, die elektrische Reichweite, die Energiekosten, die Kraftfahrzeugsteuer, die CO<SUB>2</SUB>-Kosten sowie die CO<SUB>2</SUB>-Klassen dieses Fahrzeugs enthält, <DL Font="normal" Type="alpha"><DT>a)</DT><DD Font="normal"><LA Size="normal">an dem ausgestellten Fahrzeug angebracht ist oder</LA></DD><DT>b)</DT><DD Font="normal"><LA Size="normal">in der unmittelbaren Nähe des ausgestellten Fahrzeugs so angebracht ist, dass der Hinweis deutlich sichtbar ist und eindeutig diesem Fahrzeug zugeordnet werden kann, und</LA></DD></DL></LA></DD><DT>2.</DT><DD Font="normal"><LA Size="normal">ein Aushang am Verkaufsort deutlich sichtbar angebracht ist, der den jeweils einschlägigen Energieverbrauch, die CO<SUB>2</SUB>-Emissionen, die elektrische Reichweite und die CO<SUB>2</SUB>-Klassen aller Modelle neuer Personenkraftwagen enthält, die am Verkaufsort ausgestellt oder am Verkaufsort oder über diesen Verkaufsort zum Kauf, zur Langzeitmiete oder zum Leasing angeboten werden.</LA></DD></DL>Der Hinweis nach Satz 1 Nummer 1 muss die in Anlage 1 genannten Anforderungen erfüllen. Der Aushang nach Satz 1 Nummer 2 muss die in Anlage 2 genannten Anforderungen erfüllen.</P><P>(2) Der Hinweis und der Aushang nach Absatz 1 können auch elektronisch durch Bildschirmanzeige dargestellt werden, soweit sie den übrigen in Absatz 1 sowie den in den Anlagen 1 (Hinweis) und 2 (Aushang) angeführten Anforderungen entsprechen.</P><P>(3) Die Hersteller haben den Händlern, denen sie neue Personenkraftwagen liefern, auf Anforderung unverzüglich und unentgeltlich die Angaben zu übermitteln, die erforderlich sind, um den Hinweis und den Aushang nach Absatz 1 zu erstellen. Die Hersteller haben den Angaben die Information beizufügen, dass jede Abweichung in der Ausstattung, jedoch insbesondere ein Wechsel der Rad-Reifen-Kombination, zu einer Änderung der mitgeteilten Werte führen kann.</P><P>(4) Die Pflichten nach Absatz 1 gelten nicht für <DL Font="normal" Type="arabic"><DT>1.</DT><DD Font="normal"><LA Size="normal">gebrauchte Personenkraftwagen,</LA></DD><DT>2.</DT><DD Font="normal"><LA Size="normal">neue Personenkraftwagen, die erkennbar erst vor kurzer Zeit am Verkaufsort angeliefert worden sind,</LA></DD><DT>3.</DT><DD Font="normal"><LA Size="normal">neue Personenkraftwagen, die erkennbar nur vorübergehend am Verkaufsort zur Auslieferung an den Käufer, den Mieter oder den Leasingnehmer bereitstehen, oder</LA></DD><DT>4.</DT><DD Font="normal"><LA Size="normal">neue Personenkraftwagen, für die dem Hersteller noch keine verbindlichen WLTP-Werte vorliegen.</LA></DD></DL>Der Hinweis und der Aushang können jedoch freiwillig erfolgen. Bei gebrauchten Personenkraftwagen ist die freiwillige Kennzeichnung nur mit WLTP-Werten zulässig. Bei der Kennzeichnung gebrauchter Personenkraftwagen müssen Hinweis und Aushang deutlich erkennbar mit der Information versehen werden, dass es sich um einen gebrauchten Personenkraftwagen handelt. Bei neuen Personenkraftwagen, für die dem Hersteller noch keine verbindlichen WLTP-Werte vorliegen, müssen Hinweis und Aushang deutlich erkennbar mit der Information versehen werden, dass es sich bei den angegebenen Werten um vorläufige Werte handelt.</P></Content></text><fussnoten><Content><P>(+++ § 3 Abs. 4 Satz 1 Nr. 4 u. § 3 Abs. 4 Satz 2 u. 5: Zur Anwendung vgl. § 5 Abs. 4 +++)</P></Content></fussnoten></textdaten></norm>
<norm builddate="20240312215502" doknr="BJNR103700004BJNE001602128"><metadaten><jurabk>Pkw-EnVKV</jurabk><enbez>§ 3a</enbez><titel format="XML">Zuweisung zu einer CO<SUB>2</SUB>-Klasse</titel></metadaten><textdaten><text format="XML"><Content><P>(1) Der Hersteller muss neue Personenkraftwagen entsprechend der Höhe der kombinierten CO<SUB>2</SUB>-Emissionen einer der nachfolgend bestimmten CO<SUB>2</SUB>-Klassen zuweisen: <table colsep="1" frame="all" pgwide="1" rowsep="1" tocentry="%yes;"><tgroup align="left" char="" charoff="50" cols="2"><colspec align="center" colname="col1" colwidth="50*"/><colspec align="center" colname="col2" colwidth="50*"/><thead valign="bottom"><row valign="middle"><entry VJ="1" colname="col1">CO<SUB>2</SUB>-Klasse</entry><entry VJ="1" colname="col2">Wert der kombinierten CO<SUB>2</SUB>-Emissionen<BR/> (in Gramm CO<SUB>2</SUB> je Kilometer)</entry></row></thead><tbody valign="top"><row><entry VJ="1" colname="col1">A</entry><entry VJ="1" colname="col2">0</entry></row><row><entry VJ="1" colname="col1">B</entry><entry VJ="1" colname="col2">1 bis 95</entry></row><row><entry VJ="1" colname="col1">C</entry><entry VJ="1" colname="col2">96 bis 115</entry></row><row><entry VJ="1" colname="col1">D</entry><entry VJ="1" colname="col2">116 bis 135</entry></row><row><entry VJ="1" colname="col1">E</entry><entry VJ="1" colname="col2">136 bis 155</entry></row><row><entry VJ="1" colname="col1">F</entry><entry VJ="1" colname="col2">156 bis 175</entry></row><row><entry VJ="1" colname="col1">G</entry><entry VJ="1" colname="col2">176 und mehr</entry></row></tbody></tgroup></table>Für extern aufladbare Hybridelektrofahrzeuge ist die CO<SUB>2</SUB>-Klasse jeweils auf der Grundlage des Werts der gewichtet kombinierten CO<SUB>2</SUB>-Emissionen und auf der Grundlage des Werts der kombinierten CO<SUB>2</SUB>-Emissionen anzugeben; letztere Angabe ist zu benennen als „bei entladener Batterie“.</P><P>(2) Maßgeblich für die Zuweisung eines individuellen Personenkraftwagens zu einer CO<SUB>2</SUB>-Klasse ist der Wert der CO<SUB>2</SUB>-Emissionen, der sich aus der Übereinstimmungsbescheinigung dieses Personenkraftwagens ergibt.</P></Content></text><fussnoten/></textdaten></norm>
<norm builddate="20240312215502" doknr="BJNR103700004BJNE000505128"><metadaten><jurabk>Pkw-EnVKV</jurabk><enbez>§ 4</enbez><titel format="XML">Leitfaden zum Energieverbrauch und zu den CO<SUB>2</SUB>-Emissionen</titel></metadaten><textdaten><text format="XML"><Content><P>(1) Die Hersteller müssen eine Stelle bestimmen, die einen Leitfaden zum Energieverbrauch und zu den CO<SUB>2</SUB>-Emissionen erstellt. Die Bestimmung kann nur mit Zustimmung des Bundesministeriums für Wirtschaft und Klimaschutz erfolgen.</P><P>(2) Der Leitfaden enthält von allen Modellen neuer Personenkraftwagen, die in Deutschland ausgestellt, zum Kauf, zur Langzeitmiete oder zum Leasing angeboten werden, <DL Font="normal" Type="arabic"><DT>1.</DT><DD Font="normal"><LA Size="normal">den jeweils einschlägigen Energieverbrauch,</LA></DD><DT>2.</DT><DD Font="normal"><LA Size="normal">die CO<SUB>2</SUB>-Emissionen,</LA></DD><DT>3.</DT><DD Font="normal"><LA Size="normal">die elektrische Reichweite und</LA></DD><DT>4.</DT><DD Font="normal"><LA Size="normal">die CO<SUB>2</SUB>-Klasse oder CO<SUB>2</SUB>-Klassen.</LA></DD></DL>Der Leitfaden wird ausschließlich im Internet zur Verfügung gestellt.</P><P>(3) Der Leitfaden muss von der bestimmten Stelle jeweils zum 15. Januar und zum 15. Juli aktualisiert werden.</P><P>(4) Der Leitfaden muss den Anforderungen der Anlage 3 entsprechen. Der Entwurf des Teils I des Leitfadens bedarf der Genehmigung des Bundesministeriums für Wirtschaft und Klimaschutz im Einvernehmen mit dem Bundesministerium für Umwelt, Naturschutz, nukleare Sicherheit und Verbraucherschutz sowie dem Bundesministerium für Digitales und Verkehr. Die Genehmigung gilt als erteilt, wenn das Bundesministerium für Wirtschaft und Klimaschutz nicht innerhalb von zwei Monaten nach Zugang des Entwurfs die Genehmigung abgelehnt hat. Der Zugang des Entwurfs ist dem Antragsteller unverzüglich schriftlich zu bestätigen.</P><P>(5) Die Händler und Hersteller haben den Leitfaden zum Energieverbrauch und zu den CO<SUB>2</SUB>-Emissionen ihren Kunden am Verkaufsort auf Anfrage unverzüglich und unentgeltlich zur Verfügung zu stellen, indem sie ihn dem Kunden <DL Font="normal" Type="arabic"><DT>1.</DT><DD Font="normal"><LA Size="normal">in elektronischer oder ausgedruckter Form vollständig einsehbar machen und die Internetadresse, unter der der Leitfaden abgerufen werden kann, mitteilen oder</LA></DD><DT>2.</DT><DD Font="normal"><LA Size="normal">auf einem elektronischen, magnetischen oder optischen Speichermedium übergeben.</LA></DD></DL></P><P>(6) Die Hersteller und diejenigen, die im eigenen Namen neue Personenkraftwagen zum Verkauf in den Handel einführen, ohne Hersteller zu sein, haben der bestimmten Stelle nach Maßgabe des Absatzes 7 die folgenden Angaben zu übermitteln: <DL Font="normal" Type="arabic"><DT>1.</DT><DD Font="normal"><LA Size="normal">die Handelsbezeichnungen <DL Font="normal" Type="alpha"><DT>a)</DT><DD Font="normal"><LA Size="normal">aller Modelle der Personenkraftwagen, die in Deutschland zum Zeitpunkt der Veröffentlichung des Leitfadens bestellbar sind oder ausgeliefert worden sind, und</LA></DD><DT>b)</DT><DD Font="normal"><LA Size="normal">soweit bereits bekannt, der Modelle, die sie in Deutschland bis zum Ende des laufenden sowie des folgenden Kalenderjahres in den Handel bringen werden, sowie</LA></DD></DL></LA></DD><DT>2.</DT><DD Font="normal"><LA Size="normal">zu jedem der genannten Modelle <DL Font="normal" Type="alpha"><DT>a)</DT><DD Font="normal"><LA Size="normal">das Jahr der erstmaligen Einführung in den Handel,</LA></DD><DT>b)</DT><DD Font="normal"><LA Size="normal">den Hubraum,</LA></DD><DT>c)</DT><DD Font="normal"><LA Size="normal">die Leistung,</LA></DD><DT>d)</DT><DD Font="normal"><LA Size="normal">den Typ,</LA></DD><DT>e)</DT><DD Font="normal"><LA Size="normal">die Getriebeart,</LA></DD><DT>f)</DT><DD Font="normal"><LA Size="normal">die Masse,</LA></DD><DT>g)</DT><DD Font="normal"><LA Size="normal">die Kraftstoffart oder die Art des anderen Energieträgers,</LA></DD><DT>h)</DT><DD Font="normal"><LA Size="normal">den Energieverbrauch,</LA></DD><DT>i)</DT><DD Font="normal"><LA Size="normal">die CO<SUB>2</SUB>-Emissionen,</LA></DD><DT>j)</DT><DD Font="normal"><LA Size="normal">die CO<SUB>2</SUB>-Klasse oder CO<SUB>2</SUB>-Klassen und</LA></DD><DT>k)</DT><DD Font="normal"><LA Size="normal">die elektrische Reichweite.</LA></DD></DL></LA></DD></DL>Sofern unter einem Modell mehrere Varianten oder Versionen zusammengefasst werden, so sind für die Masse, den Energieverbrauch, die CO<SUB>2</SUB>-Emissionen und die elektrische Reichweite die Werte der Varianten oder Versionen mit dem jeweils niedrigsten und dem jeweils höchsten Wert anzugeben. Sollte es innerhalb einer Variante oder Version unterschiedliche Werte geben, so ist auf den jeweils höchsten Wert innerhalb der Variante oder Version abzustellen. Für die CO<SUB>2</SUB>-Klassen sind die CO<SUB>2</SUB>-Klasse der Variante oder Version mit der günstigsten und die CO<SUB>2</SUB>-Klasse der Variante oder Version mit der ungünstigsten CO<SUB>2</SUB>-Klasse anzugeben. Sollte dieselbe Variante oder Version aufgrund unterschiedlicher Kennzahlen verschiedenen CO<SUB>2</SUB>-Klassen angehören, so ist auf die ungünstigste CO<SUB>2</SUB>-Klasse abzustellen.</P><P>(7) Die Angaben sind im ersten Halbjahr bis zum Ablauf des 30. Juni zu übermitteln und im zweiten Halbjahr bis zum Ablauf des 31. Dezember.</P></Content></text><fussnoten/></textdaten></norm>
<norm builddate="20240312215502" doknr="BJNR103700004BJNE000602128"><metadaten><jurabk>Pkw-EnVKV</jurabk><enbez>§ 5</enbez><titel format="XML">Werbung</titel></metadaten><textdaten><text format="XML"><Content><P>(1) Hersteller und Händler, die Werbeschriften erstellen, erstellen lassen, weitergeben oder auf andere Weise verwenden, haben sicherzustellen, dass in den Werbeschriften Angaben über den jeweils einschlägigen Energieverbrauch, über die CO<SUB>2</SUB>-Emissionen und die CO<SUB>2</SUB>-Klassen der betreffenden Modelle neuer Personenkraftwagen nach Maßgabe von Teil I der Anlage 4 gemacht werden.</P><P>(2) Absatz 1 gilt mit der Maßgabe, dass die Angaben gemäß Teil II der Anlage 4 gemacht werden müssen für Werbematerial, das <DL Font="normal" Type="arabic"><DT>1.</DT><DD Font="normal"><LA Size="normal">in elektronischer Form,</LA></DD><DT>2.</DT><DD Font="normal"><LA Size="normal">durch elektronische, magnetische oder optische Speichermedien oder</LA></DD><DT>3.</DT><DD Font="normal"><LA Size="normal">im Internet, einschließlich Werbung in sozialen Medien und in Online-Videoportalen</LA></DD></DL>verbreitet wird. Hiervon ausgenommen sind Hörfunkdienste und audiovisuelle Mediendienste nach Artikel 1 Absatz 1 Buchstabe a der Richtlinie 2010/13/EU des Europäischen Parlaments und des Rates vom 10. März 2010 zur Koordinierung bestimmter Rechts- und Verwaltungsvorschriften der Mitgliedstaaten über die Bereitstellung audiovisueller Mediendienste (Richtlinie über audiovisuelle Mediendienste) (ABl. L 95 vom 15.4.2010, S. 1; L 263 vom 6.10.2010, S. 15), die zuletzt durch Artikel 1 der Richtlinie (EU) 2018/1808 (ABl. L 303 vom 28.11.2018, S. 69) geändert worden ist.</P><P>(3) Die Verpflichtungen der Hersteller nach § 3 Absatz 3 Satz 1 und 2 gelten entsprechend für Angaben, die erforderlich sind, um Werbeschriften oder Werbematerial nach den Absätzen 1 und 2 zu erstellen.</P><P>(4) § 3 Absatz 4 Satz 1 Nummer 4, Satz 2 und 5 findet entsprechend Anwendung.</P></Content></text><fussnoten/></textdaten></norm>
<norm builddate="20240312215502" doknr="BJNR103700004BJNE000702128"><metadaten><jurabk>Pkw-EnVKV</jurabk><enbez>§ 6</enbez><titel format="XML">Verbot missbräuchlicher Verwendung von Bezeichnungen</titel></metadaten><textdaten><text format="XML"><Content><P>Es ist verboten, in Hinweisen und Aushängen, im Leitfaden, in Werbeschriften und in Werbematerialien Angaben, Zeichen oder Symbole zum Energieverbrauch, zu den CO<SUB>2</SUB>-Emissionen, zur elektrischen Reichweite, zu den Energiekosten, zur Kraftfahrzeugsteuer, zu den CO<SUB>2</SUB>-Kosten oder zur CO<SUB>2</SUB>-Klasse zu verwenden, die nicht den jeweiligen Vorgaben für Hinweise nach § 3 Absatz 1 Satz 1 Nummer 1 und Satz 2, für Aushänge nach § 3 Absatz 1 Satz 1 Nummer 2 und Satz 3, für den Leitfaden nach § 4 Absatz 2 Satz 1 und Absatz 4 Satz 1, für Werbeschriften nach § 5 Absatz 1 oder für Werbematerial nach § 5 Absatz 2 Satz 1 entsprechen, sofern solche abweichenden Angaben, Zeichen, oder Symbole geeignet sind, <DL Type="arabic"><DT>1.</DT><DD Font="normal"><LA>den Kunden oder Werbeempfänger über die nach dieser Verordnung notwendigen Angaben zu täuschen,</LA></DD><DT>2.</DT><DD Font="normal"><LA>Irrtümer oder Missverständnisse über diese Angaben hervorzurufen oder</LA></DD><DT>3.</DT><DD Font="normal"><LA>die Vergleichbarkeit der Angaben zu unterschiedlichen neuen Personenkraftwagen einzuschränken.</LA></DD></DL></P></Content></text><fussnoten/></textdaten></norm>
<norm builddate="20240312215502" doknr="BJNR103700004BJNE000803128"><metadaten><jurabk>Pkw-EnVKV</jurabk><enbez>§ 7</enbez><titel format="XML">Ordnungswidrigkeiten</titel></metadaten><textdaten><text format="XML"><Content><P>Ordnungswidrig im Sinne des § 15 Absatz 1 Nummer 1 des Energieverbrauchskennzeichnungsgesetzes handelt, wer vorsätzlich oder fahrlässig <DL Font="normal" Type="arabic"><DT>1.</DT><DD Font="normal"><LA Size="normal">entgegen § 3 Absatz 1 Satz 1 nicht sicherstellt, dass ein Hinweis oder ein Aushang an einer dort genannten Stelle angebracht ist,</LA></DD><DT>2.</DT><DD Font="normal"><LA Size="normal">entgegen § 3 Absatz 3 Satz 1, auch in Verbindung mit § 5 Absatz 3, oder entgegen § 4 Absatz 6 Satz 1 eine Angabe nicht, nicht richtig, nicht vollständig, nicht in der vorgeschriebenen Weise oder nicht rechtzeitig übermittelt,</LA></DD><DT>3.</DT><DD Font="normal"><LA Size="normal">entgegen § 4 Absatz 5 Satz 1 den Leitfaden nicht, nicht richtig, nicht vollständig, nicht in der vorgeschriebenen Weise oder nicht rechtzeitig zur Verfügung stellt,</LA></DD><DT>4.</DT><DD Font="normal"><LA Size="normal">entgegen § 5 Absatz 1, auch in Verbindung mit Absatz 2 Satz 1, nicht sicherstellt, dass eine dort genannte Angabe gemacht wird oder</LA></DD><DT>5.</DT><DD Font="normal"><LA Size="normal">entgegen § 6 eine Angabe, ein Zeichen oder ein Symbol verwendet.</LA></DD></DL></P></Content></text><fussnoten/></textdaten></norm>
<norm builddate="20240312215502" doknr="BJNR103700004BJNE001800128"><metadaten><jurabk>Pkw-EnVKV</jurabk><enbez>§ 8</enbez><titel format="XML">Auskunftspflicht des Herstellers gegenüber den Marktüberwachungsbehörden</titel></metadaten><textdaten><text format="XML"><Content><P>Auf Nachfrage der zuständigen Marktüberwachungsbehörden muss der Hersteller ihnen zu allen Modellen, die zum Zeitpunkt der Nachfrage in Deutschland zum Kauf, zur Langzeitmiete oder zum Leasing angeboten oder ausgestellt werden, mitteilen, <DL Type="arabic"><DT>1.</DT><DD Font="normal"><LA>welche Varianten oder Versionen jeweils unter dem betreffenden Modell zusammengefasst sind und</LA></DD><DT>2.</DT><DD Font="normal"><LA>alle in § 1 Absatz 1 aufgeführten Angaben zu der jeweiligen Variante oder Version des jeweiligen Modells sowie</LA></DD><DT>3.</DT><DD Font="normal"><LA>die jeweilige Herstellerschlüsselnummer (HSN) und Typschlüsselnummer (TSN) der Varianten und Versionen eines Modells.</LA></DD></DL>Die Mitteilung muss innerhalb von vier Wochen erfolgen. Die Frist beginnt an dem Tag, an dem die Nachfrage beim Hersteller eingeht. Die Informationen müssen in einem gängigen, maschinenlesbaren Format bereitgestellt werden.</P></Content></text><fussnoten/></textdaten></norm>
<norm builddate="20240312215502" doknr="BJNR103700004BJNE000901128"><metadaten><jurabk>Pkw-EnVKV</jurabk><enbez>§ 9</enbez><titel format="XML">Übergangsregelungen zur Weiterverwendung von Werbematerial</titel></metadaten><textdaten><text format="XML"><Content><P>(1) Werbung im Internet kann noch bis zum 1. Mai 2024 nach den Anforderungen dieser Verordnung in der bis zum 22. Februar 2024 geltenden Fassung weiter verwendet werden.</P><P>(2) Werbeschriften und elektronische, magnetische oder optische Speichermedien können noch bis zum 1. August 2024 nach den Anforderungen dieser Verordnung in der bis zum 22. Februar 2024 geltenden Fassung weiter verwendet werden.</P><P>(3) Online-Archive mit Werbung im Internet oder Internetseiten mit nicht mehr aktiv verwendetem Werbematerial müssen nicht aktualisiert werden, sofern die Werbung im Internet vor dem 23. Februar 2024 geschaltet wurde.</P></Content></text><fussnoten/></textdaten></norm>
<norm builddate="20240312215502" doknr="BJNR103700004BJNE001701128"><metadaten><jurabk>Pkw-EnVKV</jurabk><enbez>§ 10</enbez><titel format="XML">Weitere Übergangsregelungen</titel></metadaten><textdaten><text format="XML"><Content><P>(1) Hinweise nach § 3 Absatz 1 Satz 1 Nummer 1 und Aushänge nach § 3 Absatz 1 Satz 1 Nummer 2 können bis zum 1. Mai 2024 noch den Anforderungen dieser Verordnung in der bis zum 22. Februar 2024 geltenden Fassung entsprechen.</P><P>(2) Der Leitfaden nach § 4 kann bis zum 14. Juli 2024 noch den Anforderungen dieser Verordnung in der bis zum 22. Februar 2024 geltenden Fassung entsprechen.</P></Content></text><fussnoten/></textdaten></norm>
<norm builddate="20240312215502" doknr="BJNR103700004BJNE001900128"><metadaten><jurabk>Pkw-EnVKV</jurabk><enbez>§ 11</enbez><titel format="XML">Weiterentwicklung der Pkw-Energieverbrauchskennzeichnungsverordnung</titel></metadaten><textdaten><text format="XML"><Content><P>(1) Nach dem 22. Februar 2024 überprüft das Bundesministerium für Wirtschaft und Klimaschutz diese Verordnung. Die Überprüfung erfolgt insbesondere im Hinblick auf <DL Type="arabic"><DT>1.</DT><DD Font="normal"><LA>eine mögliche Einführung von Energieverbrauchs-Klassen für Elektrofahrzeuge,</LA></DD><DT>2.</DT><DD Font="normal"><LA>die Ausgestaltung eines zusätzlichen Musters für Fahrzeuge, die ausschließlich mit CO<SUB>2</SUB>-neutralen Kraftstoffen (RFNBOs) betrieben werden (sogenannte „E-fuel-only“-Fahrzeuge),</LA></DD><DT>3.</DT><DD Font="normal"><LA>eine Kennzeichnung von Gebrauchtfahrzeugen,</LA></DD><DT>4.</DT><DD Font="normal"><LA>einen klareren Ausweis der Belastung über den Lebenszyklus des Fahrzeugs <DL Type="alpha"><DT>a)</DT><DD Font="normal"><LA>aufgrund der CO<SUB>2</SUB>-Bepreisung von Energieträgern und</LA></DD><DT>b)</DT><DD Font="normal"><LA>aufgrund der Kraftfahrzeugsteuer sowie</LA></DD></DL></LA></DD><DT>5.</DT><DD Font="normal"><LA>einen klareren Ausweis der Lebenszyklus-Emissionen der Energieträger.</LA></DD></DL></P><P>(2) Auf der Grundlage der Überprüfung veröffentlicht das Bundesministerium für Wirtschaft und Klimaschutz einen Bericht mit Vorschlägen zur Weiterentwicklung und Änderung dieser Verordnung und schlägt spätestens im ersten Quartal 2025 eine Änderung dieser Verordnung vor.</P></Content></text><fussnoten/></textdaten></norm>
<norm builddate="20240312215502" doknr="BJNR103700004BJNE001203128"><metadaten><jurabk>Pkw-EnVKV</jurabk><enbez>Anlage 1</enbez><titel format="XML">Hinweis über den Energieverbrauch und die CO<SUB>2</SUB>-Emissionen neuer Personenkraftwagen</titel></metadaten><textdaten><text format="XML"><Content><P><noindex><kommentar typ="Fundstelle">(Fundstelle: BGBl. I 2024 I Nr. 50, S. 9 - 17)<BR/><BR/></kommentar></noindex></P><BR/><BR/><Title Align="auto" Class="S1">Teil I<BR/><BR/>Inhalt und Gestaltung des Hinweises</Title><BR/><BR/><P><DL Font="normal" Type="arabic"><DT>1.</DT><DD Font="normal"><LA Size="normal">Die Größe des Hinweises hat 297 mm x 210 mm (DIN A4) zu betragen.</LA></DD><DT>2.</DT><DD Font="normal"><LA Size="normal">Der Hinweis ist einheitlich nach den Mustern in Teil II zu erstellen. Auf dem Hinweis darf auch eine andere Schriftart verwendet werden als die in den Mustern verwendete, wenn <DL Font="normal" Type="alpha"><DT>a)</DT><DD Font="normal"><LA Size="normal">die Schriftfarbe unverändert bleibt,</LA></DD><DT>b)</DT><DD Font="normal"><LA Size="normal">der mindestens einzuhaltende Schriftgrad gewahrt wird und</LA></DD><DT>c)</DT><DD Font="normal"><LA Size="normal">die gewählte Schriftart einheitlich auch für die anderen zum Fahrzeug am Verkaufsort gemachten Angaben verwendet wird.</LA></DD></DL>Alle Angaben auf dem Hinweis müssen, soweit nicht im Folgenden ausdrücklich anders geregelt, schwarz auf weißem Hintergrund sein.</LA></DD><DT>3.</DT><DD Font="normal"><LA Size="normal">Die Überschrift der Hinweise („Information über den Energieverbrauch und die CO<SUB>2</SUB>-Emissionen des neuen Pkw“) muss im Schriftgrad 26 pt fett gedruckt sein. Bei einer freiwilligen Kennzeichnung für gebrauchte Personenkraftwagen muss die Überschrift zu „Information über den Energieverbrauch und die CO<SUB>2</SUB>-Emissionen des gebrauchten Pkw“ geändert und im Schriftgrad 26 pt fett gedruckt werden. Bei einer freiwilligen Kennzeichnung von neuen Personenkraftwagen, für die dem Hersteller noch keine verbindlichen WLTP-Werte vorliegen, ist der Überschrift das Wort „(vorläufig)“ im Schriftgrad 26 pt fett anzufügen.</LA></DD><DT>4.</DT><DD Font="normal"><LA Size="normal">Nach der Überschrift sind im ersten Kasten folgende Angaben zum jeweiligen Fahrzeug zu machen: <DL Font="normal" Type="alpha"><DT>a)</DT><DD Font="normal"><LA Size="normal">Marke („Fabrikmarke“ nach Nummer 0.1 der Übereinstimmungsbescheinigung),</LA></DD><DT>b)</DT><DD Font="normal"><LA Size="normal">Handelsbezeichnung („Handelsbezeichnung“ nach Nummer 0.2.1 der Übereinstimmungsbescheinigung),</LA></DD><DT>c)</DT><DD Font="normal"><LA Size="normal">Antriebsart des Personenkraftwagens sowie</LA></DD><DT>d)</DT><DD Font="normal"><LA Size="normal">Kraftstoff („Kraftstoff“ nach Nummer 26 der Übereinstimmungsbescheinigung, unterschieden lediglich nach den Begriffen Benzin, Diesel oder komprimiertem Erdgas sowie gegebenenfalls nach anderen Energieträgern; bei Ottokraftstoffen und Dieselkraftstoffen kann auf den Zusatz „schwefelfrei“ verzichtet werden).</LA></DD></DL>Die Angaben in diesem Kasten sollen einen Schriftgrad von 16 pt haben, dürfen jedoch einen Schriftgrad von 14 pt nicht unterschreiten.</LA></DD><DT>5.</DT><DD Font="normal"><LA Size="normal">Im zweiten Kasten anzugeben sind die zum jeweiligen Fahrzeug gehörigen Werte <DL Font="normal" Type="alpha"><DT>a)</DT><DD Font="normal"><LA Size="normal">des Energieverbrauchs (Verbrauch von flüssigem Kraftstoff, komprimiertem Erdgas, Wasserstoff oder Strom) („CO<SUB>2</SUB>-Emissionen/Kraftstoffverbrauch/Stromverbrauch“ nach Nummer 49.1 der Übereinstimmungsbescheinigung) und</LA></DD><DT>b)</DT><DD Font="normal"><LA Size="normal">der CO<SUB>2</SUB>-Emissionen („CO<SUB>2</SUB>-Emissionen/Kraftstoffverbrauch/Stromverbrauch“ nach Nummer 49.1 der Übereinstimmungsbescheinigung).</LA></DD></DL>Dabei sind die kombinierten Werte maßgeblich. Bei extern aufladbaren Hybridelektrofahrzeugen sind jedoch die gewichtet kombinierten Werte maßgeblich („CO<SUB>2</SUB>-Emissionen/Kraftstoffverbrauch/Stromverbrauch“ nach Nummer 49.4 der Übereinstimmungsbescheinigung). Bei rein elektrisch betriebenen Fahrzeugen und Brennstoffzellenfahrzeugen mit Wasserstoff als Energieträger wird bei der Angabe der CO<SUB>2</SUB>-Emissionen „0“ eingetragen. Die Angabe ist mit einer Fußnote zu versehen, die darauf verweist, dass nur die CO<SUB>2</SUB>-Emissionen berücksichtigt werden, die durch den Betrieb des Fahrzeugs entstehen.</LA><LA Size="normal">Sofern es sich um ein rein elektrisch betriebenes Fahrzeug handelt, ist zusätzlich die elektrische Reichweite anzugeben („Elektrische Reichweite“ nach Nummer 49.2 der Übereinstimmungsbescheinigung). Bei extern aufladbaren Hybridelektrofahrzeugen ist hierfür der elektrische Reichweitewert EAER (Equivalent All Electric Range, gleichwertige vollelektrische Reichweite) gemäß Anhang B8 Nummer 4.5.7.3 der UN-Regelung Nr. 154 anzugeben („Elektrische Reichweite EAER“ nach Nummer 49.5 der Übereinstimmungsbescheinigung).</LA><LA Size="normal">Die Angaben in diesem Kasten sollen einen Schriftgrad von 16 pt haben, dürfen jedoch einen Schriftgrad von 14 pt nicht unterschreiten.</LA></DD><DT>6.</DT><DD Font="normal"><LA Size="normal">Im dritten Kasten auf der linken Seite auf einer Breite von mindestens zwei Dritteln der Seitenbreite ist unter der Überschrift „CO<SUB>2</SUB>-Klasse“ und dem Hinweis „Auf Grundlage der CO<SUB>2</SUB>-Emissionen kombiniert“ eine grafische Darstellung unter Verwendung der in § 3a festgelegten CO<SUB>2</SUB>-Klassen für das jeweilige Kraftfahrzeug anzufügen. Bei extern aufladbaren Hybridelektrofahrzeugen lautet der Hinweis „Auf Grundlage der CO<SUB>2</SUB>-Emissionen gewichtet kombiniert“ sowie rechts danebenstehend „bei entladener Batterie“. Die Einteilung in die jeweiligen CO<SUB>2</SUB>-Klassen erfolgt nach den jeweiligen CO<SUB>2</SUB>-Emissionen des Kraftfahrzeugs. Die grafische Darstellung muss den Mustern in Teil II entsprechen. Dabei sind folgende Farbzusammensetzungen zur Darstellung der CO<SUB>2</SUB>-Klassen zu verwenden: <DL Font="normal" Indent="8" Type="arabic"><DT>A</DT><DD Font="normal"><LA Size="normal">100 % Cyan, 100 % Gelb</LA></DD><DT>B</DT><DD Font="normal"><LA Size="normal">70 % Cyan, 100 % Gelb</LA></DD><DT>C</DT><DD Font="normal"><LA Size="normal">30 % Cyan, 100 % Gelb</LA></DD><DT>D</DT><DD Font="normal"><LA Size="normal">100 % Gelb</LA></DD><DT>E</DT><DD Font="normal"><LA Size="normal">30 % Magenta, 100 % Gelb</LA></DD><DT>F</DT><DD Font="normal"><LA Size="normal">70 % Magenta, 100% Gelb</LA></DD><DT>G</DT><DD Font="normal"><LA Size="normal">100 % Magenta, 100 % Gelb</LA></DD></DL></LA><LA Size="normal">Die CO<SUB>2</SUB>-Klasse des Kraftfahrzeugs wird durch einen in schwarz dargestellten Pfeil angezeigt, dessen Spitze der Spitze des Pfeils der einschlägigen CO<SUB>2</SUB>-Klasse genau gegenübersteht. Der schwarze Pfeil trägt den Kennzeichnungsbuchstaben der einschlägigen CO<SUB>2</SUB>-Klasse in der weißen Farbe des Hintergrunds. Der schwarze Pfeil darf nicht kleiner sein als der Pfeil mit Angabe der CO<SUB>2</SUB>-Klasse, darf aber auch nicht mehr als doppelt so groß sein.</LA><LA Size="normal">Bei extern aufladbaren Hybridelektrofahrzeugen ist ein zweiter Pfeil rechts neben dem ersten Pfeil anzugeben. Der zweite Pfeil gibt die CO<SUB>2</SUB>-Emissionen bei entladener Batterie (Wert für „kombiniert (erhaltend)“ nach Nummer 49.4 der Übereinstimmungsbescheinigung) an. Die beiden Pfeile werden durch eine vertikale schwarze Linie optisch voneinander getrennt.</LA><LA Size="normal">Die Angaben in diesem Kasten sollen einen Schriftgrad von 16 pt haben, dürfen jedoch einen Schriftgrad von 14 pt nicht unterschreiten.</LA></DD><DT>7.</DT><DD Font="normal"><LA Size="normal">Im dritten Kasten auf der rechten Seite sind weitere Angaben zum Energieverbrauch aufzunehmen.</LA><LA Size="normal">Für alle extern aufladbaren Hybridelektrofahrzeuge sind anzugeben: <DL Font="normal" Type="alpha"><DT>a)</DT><DD Font="normal"><LA Size="normal">der kombinierte Wert sowie die phasenspezifischen Werte für den „Stromverbrauch bei rein elektrischem Betrieb“ nach Nummer 49.4 der Übereinstimmungsbescheinigung und</LA></DD><DT>b)</DT><DD Font="normal"><LA Size="normal">der kombinierte Wert sowie die phasenspezifischen Werte für den „Kraftstoffverbrauch bei entladener Batterie“ nach Nummer 49.4 der Übereinstimmungsbescheinigung.</LA></DD></DL>Bei extern aufladbaren Hybridelektrofahrzeugen, die mit komprimiertem Erdgas betankt werden, ist der Kraftstoffverbrauch in kg je 100 km anzugeben.</LA><LA Size="normal">Bei den Antriebsarten Verbrennungsmotor oder Brennstoffzelle sind anzugeben: <DL Font="normal" Type="alpha"><DT>a)</DT><DD Font="normal"><LA Size="normal">der aus Nummer 49.1 der Übereinstimmungsbescheinigung ausgewiesene kombinierte Wert sowie</LA></DD><DT>b)</DT><DD Font="normal"><LA Size="normal">die aus Nummer 49.1 der Übereinstimmungsbescheinigung ausgewiesenen phasenspezifischen Werte des Kraftstoffverbrauchs.</LA></DD></DL></LA><LA Size="normal">Bei rein elektrisch betriebenen Fahrzeugen sind anzugeben: <DL Font="normal" Type="alpha"><DT>a)</DT><DD Font="normal"><LA Size="normal">der aus Nummer 49.1 der Übereinstimmungsbescheinigung ausgewiesene kombinierte Wert sowie</LA></DD><DT>b)</DT><DD Font="normal"><LA Size="normal">die aus Nummer 49.1 der Übereinstimmungsbescheinigung ausgewiesenen phasenspezifischen Werte des Stromverbrauchs.</LA></DD></DL>Die Angaben in diesem Kasten dürfen einen Schriftgrad von 12 pt nicht unterschreiten.</LA></DD><DT>8.</DT><DD Font="normal"><LA Size="normal">Sodann sind im vierten Kasten die Energiekosten bei einer Jahresfahrleistung von 15 000 Kilometern anzugeben (Kraftstoff-, Wasserstoff- oder Strompreis und bei extern aufladbaren Hybridelektrofahrzeugen Kraftstoff- und Strompreis). Die Energiekosten sind zu bestimmen, indem der jeweils einschlägige vom Bundesministerium für Wirtschaft und Klimaschutz bekannt gegebene Durchschnittspreis des relevanten Energieträgers multipliziert wird mit dem Energieverbrauch des jeweiligen Fahrzeugs und dem Faktor 150. Für den jeweils einschlägigen Durchschnittspreis des Energieträgers sind zunächst noch diejenigen Preisangaben zugrunde zu legen, die das Bundesministerium für Wirtschaft und Klimaschutz zuletzt am 30. Juni 2023 im Bundesanzeiger veröffentlicht hat. Zukünftig, erstmals zum 30. Juni 2024, hat das Bundesministerium für Wirtschaft und Klimaschutz die maßgeblichen Preisangaben jährlich auf seiner Homepage zu veröffentlichen. Sie werden jedes Jahr zum 30. Juni aktualisiert. Die jeweils aktuellen Preisangaben sind für neue Personenkraftwagen, die nach dem 30. Juni ausgestellt oder zum Kauf, zur Langzeitmiete oder zum Leasing angeboten werden, spätestens ab dem 1. Oktober des jeweiligen Jahres anzuwenden. Die Preisliste erfasst Kraftstoffe im Sinne der Verordnung über die Beschaffenheit und die Auszeichnung der Qualitäten von Kraft- und Brennstoffen in der jeweils geltenden Fassung und Strom, sofern für den jeweiligen Kraftstoff oder für den Wasserstoff oder für den Strom ein marktgängiger Preis feststellbar ist. Das jeweils relevante Jahr und der jeweils zugrunde liegende durchschnittliche Kraftstoff-, Strom- oder Wasserstoffpreis in diesem Jahr sind in Klammern unter der Angabe der jährlichen Energiekosten anzugeben.</LA><LA Size="normal">Anschließend sind die CO<SUB>2</SUB>-Kosten als „Mögliche CO<SUB>2</SUB>-Kosten über die nächsten 10 Jahre (15 000 km/Jahr)“ anzugeben. Darunter sind drei verschiedene Angaben zu den CO<SUB>2</SUB>-Kosten zu machen, um die Unsicherheiten in den CO<SUB>2</SUB>-Preisprognosen zu verdeutlichen. Der jeweils zur Berechnung herangezogene CO<SUB>2</SUB>-Preis ist anzugeben. Die CO<SUB>2</SUB>-Kosten sind mit einer Fußnote zu versehen, die darauf verweist, dass die angenommene CO<SUB>2</SUB>-Preisentwicklung unsicher ist, sodass die Berechnung anhand von drei verschiedenen CO<SUB>2</SUB>-Preisen über den maßgeblichen zehnjährigen Zeitraum erfolgt. Die Jahre, mit denen dieser Zeitraum beginnt und endet, sind anzugeben. Des Weiteren enthält die Fußnote die Hinweise, dass die tatsächlichen CO<SUB>2</SUB>-Preise sowohl höher oder niedriger als in den hier zugrunde liegenden Modellrechnungen sein können und dass die CO<SUB>2</SUB>-Kosten beim Tanken mit den Kraftstoffkosten zu entrichten sind. Für weitere Informationen verweist die Fußnote auf eine entsprechende Informationsplattform.</LA><LA Size="normal">Es sind drei verschiedene Werte für die Angabe der CO<SUB>2</SUB>-Kosten zu berechnen. Jeder Berechnung liegt ein anderer für den zehnjährigen Zeitraum angenommener durchschnittlicher CO<SUB>2</SUB>-Preis zu Grunde. Die einzelnen Angaben zu den CO<SUB>2</SUB>-Kosten sind zu berechnen, indem jeweils einer der vom Bundesministerium für Wirtschaft und Klimaschutz bekannt gegebenen angenommenen durchschnittlichen CO<SUB>2</SUB>-Preise multipliziert wird mit den CO<SUB>2</SUB>-Emissionen des jeweiligen Kraftfahrzeugs und dem Faktor 0,15. Das Ergebnis ist kaufmännisch auf die zweite Nachkommastelle zu runden. Für die Berechnung der anzugebenden CO<SUB>2</SUB>-Kosten sind zunächst die folgenden angenommenen durchschnittlichen CO<SUB>2</SUB>-Preise zugrunde zu legen: <BR/><BR/><table colsep="1" frame="all" pgwide="1" rowsep="1" tocentry="%yes;"><tgroup align="left" char="" charoff="50" cols="2"><colspec align="center" colname="col1" colwidth="40*"/><colspec align="center" colname="col2" colwidth="60*"/><thead valign="bottom"><row valign="middle"><entry VJ="1" colname="col1">CO<SUB>2</SUB>-Kosten</entry><entry VJ="1" colname="col2">angenommener durchschnittlicher CO<SUB>2</SUB>-Preis in Euro pro Tonne</entry></row></thead><tbody valign="top"><row><entry VJ="1" colname="col1">Angabe 1</entry><entry VJ="1" colname="col2">115,00</entry></row><row><entry VJ="1" colname="col1">Angabe 2</entry><entry VJ="1" colname="col2"> 50,00</entry></row><row><entry VJ="1" colname="col1">Angabe 3</entry><entry VJ="1" colname="col2">190,00</entry></row></tbody></tgroup></table><BR/><BR/></LA><LA Size="normal">Zukünftig, erstmals zum 30. Juni 2024, veröffentlicht das Bundesministerium für Wirtschaft und Klimaschutz im Einvernehmen mit dem Bundesministerium für Umwelt, Naturschutz, nukleare Sicherheit und Verbraucherschutz sowie dem Bundesministerium für Digitales und Verkehr die aktualisierten maßgeblichen angenommenen durchschnittlichen CO<SUB>2</SUB>-Preise jährlich auf seiner Homepage. Die CO<SUB>2</SUB>-Preise werden jedes Jahr zum 30. Juni aktualisiert. Die jeweils aktuellen Preise sind für neue Personenkraftwagen, die nach dem 30. Juni ausgestellt, zum Kauf, zur Langzeitmiete oder zum Leasing angeboten werden, spätestens ab dem 1. Oktober des jeweiligen Jahres anzuwenden. Solange keine aktualisierten CO<SUB>2</SUB>-Preise veröffentlicht sind, sind weiterhin die zuletzt veröffentlichten CO<SUB>2</SUB>-Preise maßgeblich. Das erste Jahr des zehnjährigen Zeitraums ist jeweils das auf die Bekanntmachung folgende Jahr.</LA><LA Size="normal">Zuletzt ist die Kraftfahrzeugsteuer (Jahressteuer) für das jeweilige Fahrzeug anzugeben. Sofern Fahrzeuge aufgrund fahrzeugspezifischer Merkmale von der Kraftfahrzeugsteuer befreit sind, ist die Steuerbefreiung durch die Eintragung „befristet steuerbefreit“ im Muster nach Teil II zu kennzeichnen und mit einer Fußnote zu versehen, die das Ende der Befristung nennt. Sofern im Kraftfahrzeugsteuergesetz für die Inanspruchnahme der Kraftfahrzeugsteuerbefreiung ein befristeter Zeitraum, abhängig vom Erstzulassungsdatum des Fahrzeuges, vorgesehen ist, ist die Eintragung längstens bis zum Ablauf der Befristung vorzunehmen.</LA><LA Size="normal">Die Angaben in diesem Kasten dürfen einen Schriftgrad von 12 pt nicht unterschreiten.</LA></DD><DT>9.</DT><DD Font="normal"><LA Size="normal">Anschließend sind im fünften Kasten die in Teil II Muster 1 bis 5 aufgeführten Erläuterungen aufzunehmen und an den entsprechend gekennzeichneten Stellen zu ergänzen (Internetseite der von den Herstellern bestimmten Stelle sowie das Anfangs- und Endjahr des für die CO<SUB>2</SUB>-Kosten maßgeblichen zehnjährigen Zeitraumes). Der Schriftgrad dieser Informationen darf 10 pt nicht unterschreiten.</LA></DD><DT>10.</DT><DD Font="normal"><LA Size="normal">Unterhalb des fünften Kastens sind links die Fahrzeug-Identifizierungsnummer (nach Nummer 0.10 der Übereinstimmungsbescheinigung) und rechts das Erstellungsdatum des Hinweises anzugeben. Der Schriftgrad dieser Informationen darf 10 pt nicht unterschreiten.</LA></DD></DL></P><BR/><BR/><Title Align="auto" Class="S1">Teil II<BR/><BR/>Muster für den Hinweis über den Energieverbrauch und die CO<SUB>2</SUB>-Emissionen<BR/> neuer Personenkraftwagen</Title><BR/><BR/><P>Die folgenden Muster 1 bis 5 visualisieren die Anforderungen an die vorgeschriebenen Hinweise für verschiedene Antriebs- und Kraftstoffkombinationen. Die Abbildungen sind verkleinert dargestellt.<DL Font="normal" Type="arabic"><DT>1.</DT><DD Font="normal"><LA Size="normal">Muster 1 für Personenkraftwagen mit Verbrennungsmotor, angetrieben durch flüssige Kraftstoffe:</LA><LA Size="normal"><IMG Align="center" Height="1971" Pos="inline" SRC="bgbl1_2024_j00500_0010.jpg" Type="jpg" Units="" Width="1355" alt="Muster 1 detailliert beschrieben in Anlage 1"/></LA></DD><DT>2.</DT><DD Font="normal"><LA Size="normal">Muster 2 für Personenkraftwagen mit Verbrennungsmotor, angetrieben durch komprimiertes Methan:</LA><LA Size="normal"><IMG Align="center" Height="1956" Pos="inline" SRC="bgbl1_2024_j00500_0020.jpg" Type="jpg" Units="" Width="1357" alt="Muster 2 detailliert beschrieben in Anlage 1"/></LA></DD><DT>3.</DT><DD Font="normal"><LA Size="normal">Muster 3 für Personenkraftwagen mit extern aufladbarem hybridelektrischen Antrieb:</LA><LA Size="normal"><IMG Align="center" Height="1981" Pos="inline" SRC="bgbl1_2024_j00500_0030.jpg" Type="jpg" Units="" Width="1363" alt="Muster 3 detailliert beschrieben in Anlage 1"/></LA></DD><DT>4.</DT><DD Font="normal"><LA Size="normal">Muster 4 für Personenkraftwagen mit rein elektrischem Antrieb:</LA><LA Size="normal"><IMG Align="center" Height="2026" Pos="inline" SRC="bgbl1_2024_j00500_0040.jpg" Type="jpg" Units="" Width="1377" alt="Muster 4 detailliert beschrieben in Anlage 1"/></LA></DD><DT>5.</DT><DD Font="normal"><LA Size="normal">Muster 5 für ein Brennstoffzellenfahrzeug:</LA><LA Size="normal"><IMG Align="center" Height="1989" Pos="inline" SRC="bgbl1_2024_j00500_0050.jpg" Type="jpg" Units="" Width="1363" alt="Muster 5 detailliert beschrieben in Anlage 1"/></LA></DD></DL></P></Content></text><fussnoten/></textdaten></norm>
<norm builddate="20240312215502" doknr="BJNR103700004BJNE001302128"><metadaten><jurabk>Pkw-EnVKV</jurabk><enbez>Anlage 2</enbez><titel format="XML">(zu § 3 Abs. 1 Nr. 2)<BR/>Aushang am Verkaufsort über den Energieverbrauch und die CO<SUB>2</SUB>-Emissionen neuer Personenkraftwagen</titel></metadaten><textdaten><text format="XML"><Content><P><noindex><kommentar typ="Fundstelle">(Fundstelle: BGBl. I 2004, 1042;<BR/>bezüglich der einzelnen Änderungen vgl. Fußnote)<BR/><BR/></kommentar></noindex></P><P><table frame="none" pgwide="1" tocentry="%yes;"><tgroup align="left" char="" charoff="50" cols="1" colsep="0" rowsep="0"><colspec colname="col1" colnum="1" colwidth="20*"/><tbody valign="top"><row><entry VJ="1" align="center" colsep="0" valign="top">Teil I</entry></row><row><entry VJ="1" align="center" colsep="0" valign="top">Aushang</entry></row></tbody></tgroup></table><DL Font="normal" Type="arabic"><DT>1.</DT><DD Font="normal"><LA Size="normal">Der Aushang muss mindestens 70 cm x 50 cm groß sein.</LA></DD><DT>2.</DT><DD Font="normal"><LA Size="normal">Die Angaben müssen gut lesbar sein. Das Datum, an dem der Aushang erstellt worden ist, muss sich horizontal am unteren Ende des Aushangs befinden. Der Schriftgrad dieser Information darf 11 pt nicht unterschreiten.</LA></DD><DT>3.</DT><DD Font="normal"><LA Size="normal">Vertreibt ein Händler Personenkraftwagen mehrerer Fabrikmarken und bringt er nicht für jede Fabrikmarke einen eigenen Aushang an, sind die Fabrikmarken in alphabetischer Reihenfolge aufzulisten.</LA></DD><DT>4.</DT><DD Font="normal"><LA Size="normal">Der Aushang ist mit &quot;Aushang nach Richtlinie 1999/94/EG&quot; und folgendem Hinweis zu überschreiben:</LA></DD></DL><BR/><table frame="none" pgwide="1" tocentry="%yes;"><tgroup align="center" char="" charoff="50" cols="1" colsep="0" rowsep="0"><colspec colname="col1" colnum="1" colwidth="100.00*"/><tbody valign="top"><row><entry VJ="1">&quot;Energieverbrauch, CO<SUB>2</SUB>-Emissionswerte und CO<SUB>2</SUB>-Klassen<BR/>aller an diesem Verkaufsort ausgestellten Personenkraftwagen der Marke (N. N.)&quot;.</entry></row></tbody></tgroup></table><DL Font="normal" Type="arabic"><DT>5.</DT><DD Font="normal"><LA Size="normal">Die Modelle neuer Personenkraftwagen sind in Gruppen, getrennt nach Kraftstoffart oder anderen Energieträgern, aufzulisten. Bei jeder Kraftstoffart oder bei anderen Energieträgern sind die einzelnen Modelle in aufsteigender Reihenfolge nach den kombinierten oder gewichtet kombinierten Werten für die CO<SUB>2</SUB>-Emissionen im Testzyklus anzuführen, wobei an oberster Stelle das Modell mit der günstigsten CO<SUB>2</SUB>-Klasse und dem niedrigsten kombinierten oder gewichtet kombinierten Wert für den Kraftstoffverbrauch oder für den Stromverbrauch steht. Extern aufladbare Hybridelektrofahrzeuge bilden eine eigene Gruppe.</LA></DD><DT>6.</DT><DD Font="normal"><LA Size="normal">Für jedes Modell auf der Liste sind anzugeben: <DL Font="normal" Type="alpha"><DT>a)</DT><DD Font="normal"><LA Size="normal">die Marke („Fabrikmarke“ nach Nummer 0.1 der Übereinstimmungsbescheinigung),</LA></DD><DT>b)</DT><DD Font="normal"><LA Size="normal">die Handelsbezeichnung („Handelsbezeichnung“ nach Nummer 0.2.1 der Übereinstimmungsbescheinigung),</LA></DD><DT>c)</DT><DD Font="normal"><LA Size="normal">der Hubraum,</LA></DD><DT>d)</DT><DD Font="normal"><LA Size="normal">die Leistung („Höchstleistung“ nach Nummer 27 der Übereinstimmungsbescheinigung),</LA></DD><DT>e)</DT><DD Font="normal"><LA Size="normal">der Kraftstoff („Kraftstoff“ nach Nummer 26 der Übereinstimmungsbescheinigung), unterschieden lediglich nach <DL Font="normal" Type="a-alpha"><DT>aa)</DT><DD Font="normal"><LA Size="normal">Benzin,</LA></DD><DT>bb)</DT><DD Font="normal"><LA Size="normal">Diesel,</LA></DD><DT>cc)</DT><DD Font="normal"><LA Size="normal">komprimiertes Erdgas oder</LA></DD><DT>dd)</DT><DD Font="normal"><LA Size="normal">gegebenenfalls anderen Energieträgern;</LA><LA Size="normal">bei Ottokraftstoffen und Dieselkraftstoffen kann auf den Zusatz „schwefelfrei&quot; verzichtet werden,</LA></DD></DL></LA></DD><DT>f)</DT><DD Font="normal"><LA Size="normal">die CO<SUB>2</SUB>-Klasse oder die CO<SUB>2</SUB>-Klassen,</LA></DD><DT>g)</DT><DD Font="normal"><LA Size="normal">der kombinierte Wert für den Energieverbrauch (nach Nummer 49.1 der Übereinstimmungsbescheinigung) oder bei extern aufladbaren Hybridelektrofahrzeugen der gewichtet kombinierte Wert für den Energieverbrauch (nach Nummer 49.4 der Übereinstimmungsbescheinigung) und</LA></DD><DT>h)</DT><DD Font="normal"><LA Size="normal">der kombinierte Wert für die CO<SUB>2</SUB>-Emissionen („CO<SUB>2</SUB>-Emissionen“ nach Nummer 49.1 der Übereinstimmungsbescheinigung) oder bei extern aufladbaren Hybridelektrofahrzeugen der gewichtet kombinierte Wert für die CO<SUB>2</SUB>-Emissionen („CO<SUB>2</SUB>-Emissionen“ nach Nummer 49.4 der Übereinstimmungsbescheinigung).</LA></DD></DL>Für die Modelle neuer Personenkraftwagen im Zweistoffbetrieb sind die genannten Angaben für alle Kraftstoffe einzutragen.</LA><LA Size="normal">Für die Modelle neuer Personenkraftwagen mit rein elektrischem Antrieb muss zusätzlich die elektrische Reichweite („Elektrische Reichweite“ nach Nummer 49.2 der Übereinstimmungsbescheinigung) angegeben werden.</LA><LA Size="normal">Für die Modelle extern aufladbarer Hybridelektrofahrzeuge müssen zusätzlich angegeben werden: <DL Font="normal" Type="alpha"><DT>a)</DT><DD Font="normal"><LA Size="normal">der kombinierte Wert für den „Kraftstoffverbrauch bei entladener Batterie“,</LA></DD><DT>b)</DT><DD Font="normal"><LA Size="normal">der kombinierte Wert für den „Stromverbrauch bei rein elektrischem Betrieb“ (nach Nummer 49.4 der Übereinstimmungsbescheinigung),</LA></DD><DT>c)</DT><DD Font="normal"><LA Size="normal">bei der Angabe der Leistung getrennt <DL Font="normal" Type="a-alpha"><DT>aa)</DT><DD Font="normal"><LA Size="normal">die Leistung des Verbrennungsmotors („Höchste Nutzleistung“ nach Nummer 27.1 der Übereinstimmungsbescheinigung),</LA></DD><DT>bb)</DT><DD Font="normal"><LA Size="normal">die Leistung des Elektromotors („Höchste Nutzleistung“ nach Nummer 27.3 der Übereinstimmungsbescheinigung), und</LA></DD></DL></LA></DD><DT>d)</DT><DD Font="normal"><LA Size="normal">die elektrische Reichweite EAER („Elektrische Reichweite EAER“ nach Nummer 49.5 der Übereinstimmungsbescheinigung).</LA></DD></DL>Sofern unter einem Modell mehrere Varianten oder Versionen zusammengefasst werden, sind für den Energieverbrauch, die CO<SUB>2</SUB>-Emissionen sowie die elektrische Reichweite die Werte der Variante oder Version mit dem jeweils niedrigsten Wert und dem jeweils höchsten Wert anzugeben. Sollte es innerhalb einer Variante oder Version unterschiedliche Werte geben, so ist auf den jeweils höchsten Wert innerhalb der Variante oder Version abzustellen. Für die CO<SUB>2</SUB>-Klassen sind die CO<SUB>2</SUB>-Klasse der Variante oder Version mit der günstigsten und die CO<SUB>2</SUB>-Klasse der Variante oder Version mit der ungünstigsten CO<SUB>2</SUB>-Klasse anzugeben. Sollte dieselbe Variante oder Version aufgrund unterschiedlicher Kennzahlen verschiedenen CO<SUB>2</SUB>-Klassen angehören, so ist auf die ungünstigste CO<SUB>2</SUB>-Klasse abzustellen.</LA><LA Size="normal">Sofern es sich um eine freiwillige Kennzeichnung bei einem neuen Personenkraftwagen handelt, für die dem Hersteller noch keine verbindlichen WLTP-Werte vorliegen, sind die Angaben mit dem Zusatz „(vorläufig)“ zu kennzeichnen.</LA></DD><DT>7.</DT><DD Font="normal"><LA Size="normal">Die in Anlage 1 Teil I Nummer 5 zusätzlich aufgeführten Werte können angegeben werden.</LA></DD><DT>8.</DT><DD Font="normal"><LA Size="normal">Die in Anlage 1 Teil I Nummer 9 aufgeführten Hinweise sind auch auf dem Aushang in gut lesbarer Schriftgröße aufzunehmen. Der Schriftgrad dieser Informationen darf 11 pt nicht unterschreiten.</LA></DD><DT>9.</DT><DD Font="normal"><LA Size="normal">Der Aushang ist mindestens alle sechs Monate zu aktualisieren.</LA></DD></DL><BR/><table frame="none" pgwide="1" tocentry="%yes;"><tgroup align="left" char="" charoff="50" cols="1" colsep="0" rowsep="0"><colspec colname="col1" colnum="1" colwidth="50*"/><tbody valign="top"><row><entry VJ="1" align="center" colsep="0" valign="top">Teil II</entry></row><row><entry VJ="1" align="center" colsep="0" valign="top">Elektronische Anzeige durch Bildschirm</entry></row></tbody></tgroup></table><DL Font="normal" Type="arabic"><DT>1.</DT><DD Font="normal"><LA Size="normal">Der Aushang kann durch eine elektronische Anzeige auf einem Bildschirm ersetzt werden. Der verwendete Bildschirm muss so angebracht sein, dass der die Aufmerksamkeit der Verbraucher in gleicher Weise erweckt wie ein Aushang.</LA></DD><DT>2.</DT><DD Font="normal"><LA Size="normal">Der Bildschirm muss eine Bildschirmdiagonale von mindestens 17 Zoll haben. Die Informationen können unter Verwendung von Rolltechniken (Scrolling) gezeigt werden.</LA></DD><DT>3.</DT><DD Font="normal"><LA Size="normal">Die unter Teil I Nummer 2 bis 8 für den Aushang gestellten Anforderungen gelten bei Verwendung eines Bildschirms entsprechend mit der Maßgabe, dass sicherzustellen ist, dass die in Anlage 1 Teil I Nummer 9 aufgeführten Hinweise ständig sichtbar sind.</LA></DD><DT>4.</DT><DD Font="normal"><LA Size="normal">Die Angaben sind mindestens alle drei Monate zu aktualisieren. Die Angaben sind mindestens alle drei Monate zu aktualisieren. Das Datum der letzten Aktualisierung ist anzugeben.</LA></DD></DL></P></Content></text><fussnoten/></textdaten></norm>
<norm builddate="20240312215502" doknr="BJNR103700004BJNE001402128"><metadaten><jurabk>Pkw-EnVKV</jurabk><enbez>Anlage 3</enbez><titel format="XML">(zu § 4 Abs. 2 Satz 1)<BR/>Leitfaden über den Energieverbrauch und die CO<SUB>2</SUB>-Emissionen neuer Personenkraftwagen</titel></metadaten><textdaten><text format="XML"><Content><P><noindex><kommentar typ="Fundstelle">(Fundstelle: BGBl. I 2004, 1043;<BR/>bezüglich der einzelnen Änderungen vgl. Fußnote)<BR/><BR/></kommentar></noindex></P><P>Der Leitfaden über den Energieverbrauch und die CO<SUB>2</SUB>-Emissionen enthält zumindest folgende Angaben<BR/><table frame="none" pgwide="1" tocentry="%yes;"><tgroup align="center" char="" charoff="50" cols="1" colsep="0" rowsep="0"><colspec colname="col1" colnum="1" colwidth="20*"/><tbody valign="top"><row><entry VJ="1" colsep="0" valign="top">Teil I</entry></row></tbody></tgroup></table><DL Font="normal" Type="arabic"><DT>1.</DT><DD Font="normal"><LA Size="normal">Einen Hinweis, dass sich der Energieverbrauch (Verbrauch von Kraftstoff, Wasserstoff und Strom) und die CO<SUB>2</SUB>-Emissionen durch eine regelmäßige Wartung des Fahrzeugs, dessen richtige Benutzung und eine entsprechende Fahrweise vermindern lassen, insbesondere durch einen defensiven Fahrstil, niedrige Reisegeschwindigkeiten, vorausschauendes Bremsverhalten, richtigen Reifendruck, keinen unnötigen Leerlauf des Motors und keinen überflüssigen Ballast;</LA></DD><DT>2.</DT><DD Font="normal"><LA Size="normal">sowohl eine Erläuterung der Auswirkungen von Treibhausgasemissionen, einer möglichen Klimaänderung und der Bedeutung von Kraftfahrzeugen hierbei als auch einen Hinweis auf die Möglichkeiten, die der Verbraucher bei der Wahl der zur Verfügung stehenden Kraftstoffe hat und deren Umweltauswirkungen, beruhend auf aktuellen wissenschaftlichen Nachweisen und geltenden Rechtsvorschriften;</LA></DD><DT>3.</DT><DD Font="normal"><LA Size="normal">einen Hinweis auf das aktuelle Ziel der Europäischen Union betreffend die durchschnittlichen CO<SUB>2</SUB>-Emissionen neuer Personenkraftwagen sowie auf die Frist zur Erreichung dieses Ziels;</LA></DD><DT>4.</DT><DD Font="normal"><LA Size="normal">einen Hinweis auf den im Internet abrufbaren Leitfaden der Europäischen Kommission über den Energieverbrauch und die CO<SUB>2</SUB>-Emissionen, falls ein solcher Leitfaden vorhanden ist.</LA></DD></DL><BR/><table frame="none" pgwide="1" tocentry="%yes;"><tgroup align="center" char="" charoff="50" cols="1" colsep="0" rowsep="0"><colspec colname="col1" colnum="1" colwidth="15*"/><tbody valign="top"><row><entry VJ="1" colsep="0" valign="top">Teil II</entry></row></tbody></tgroup></table><DL Font="normal" Type="arabic"><DT>1.</DT><DD Font="normal"><LA Size="normal">einen Hinweis, dass die tatsächlich die Umwelt belastenden CO<SUB>2</SUB>-Emissionen auch von der Produktion und Bereitstellung des Fahrzeugs sowie des Kraftstoffs oder der anderen Energieträger abhängen und dass der Fahrzeugnutzer durch die Verwendung von möglichst CO<SUB>2</SUB>-arm erzeugtem Kraftstoff oder erzeugter Energie den CO<SUB>2</SUB>-Ausstoß insgesamt verringern kann;</LA></DD><DT>2.</DT><DD Font="normal"><LA Size="normal">eine Auflistung aller Modelle neuer Personenkraftwagen, die in Deutschland angeboten oder ausgestellt werden, aufgeschlüsselt nach Fabrikmarken in alphabetischer Reihenfolge.</LA></DD><DT>3.</DT><DD Font="normal"><LA Size="normal">für jedes im Leitfaden aufgeführte Modell sind anzugeben: <DL Font="normal" Type="alpha"><DT>a)</DT><DD Font="normal"><LA Size="normal">der Hubraum,</LA></DD><DT>b)</DT><DD Font="normal"><LA Size="normal">die Leistung („Höchstleistung“ nach Nummer 27 der Übereinstimmungsbescheinigung),</LA></DD><DT>c)</DT><DD Font="normal"><LA Size="normal">der Typ,</LA></DD><DT>d)</DT><DD Font="normal"><LA Size="normal">die Getriebeart,</LA></DD><DT>e)</DT><DD Font="normal"><LA Size="normal">die Masse des Fahrzeugs („tatsächliche Masse des Fahrzeugs“ nach Nummer 13.2 der Übereinstimmungsbescheinigung),</LA></DD><DT>f)</DT><DD Font="normal"><LA Size="normal">Kraftstoff („Kraftstoff“ nach Nummer 26 der Übereinstimmungsbescheinigung), unterschieden lediglich nach <DL Font="normal" Type="a-alpha"><DT>aa)</DT><DD Font="normal"><LA Size="normal">Benzin,</LA></DD><DT>bb)</DT><DD Font="normal"><LA Size="normal">Diesel,</LA></DD><DT>cc)</DT><DD Font="normal"><LA Size="normal">komprimiertes Erdgas oder</LA></DD><DT>dd)</DT><DD Font="normal"><LA Size="normal">gegebenenfalls anderen Energieträgern;</LA><LA Size="normal">bei Ottokraftstoffen und Dieselkraftstoffen kann auf den Zusatz „schwefelfrei&quot; verzichtet werden,</LA></DD></DL></LA></DD><DT>g)</DT><DD Font="normal"><LA Size="normal">der kombinierte Wert und die phasenspezifischen Werte für den Energieverbrauch („Kraftstoffverbrauch/Stromverbrauch“ nach Nummer 49.1 der Übereinstimmungsbescheinigung) oder bei extern aufladbaren Hybridelektrofahrzeugen der gewichtet kombinierte Wert und die phasenspezifischen Werte für den Energieverbrauch (nach Nummer 49.4 der Übereinstimmungsbescheinigung),</LA></DD><DT>h)</DT><DD Font="normal"><LA Size="normal">der kombinierte Wert für die CO<SUB>2</SUB>-Emissionen („CO<SUB>2</SUB>-Emissionen“ nach Nummer 49.1) oder bei extern aufladbaren Hybridelektrofahrzeugen der gewichtet kombinierte Wert für die CO<SUB>2</SUB>-Emissionen („CO<SUB>2</SUB>-Emissionen“ nach 49.4 der Übereinstimmungsbescheinigung),</LA></DD><DT>i)</DT><DD Font="normal"><LA Size="normal">die CO<SUB>2</SUB>-Klasse oder die CO<SUB>2</SUB>-Klassen und</LA></DD><DT>j)</DT><DD Font="normal"><LA Size="normal">das Jahr der erstmaligen Einführung in den Handel.</LA></DD></DL>Für die Modelle der Personenkraftwagen im Zweistoffbetrieb sind die genannten Angaben für alle Kraftstoffe einzutragen.</LA><LA Size="normal">Für die Modelle der Personenkraftwagen mit rein elektrischem Antrieb muss zusätzlich die elektrische Reichweite („Elektrische Reichweite“ nach Nummer 49.2 der Übereinstimmungsbescheinigung) angegeben werden.</LA><LA Size="normal">Für die Modelle extern aufladbarer Hybridelektrofahrzeuge müssen zusätzlich angegeben werden: <DL Font="normal" Type="alpha"><DT>a)</DT><DD Font="normal"><LA Size="normal">der kombinierte Wert und die phasenspezifischen Werte für den „Kraftstoffverbrauch bei entladener Batterie“,</LA></DD><DT>b)</DT><DD Font="normal"><LA Size="normal">der kombinierte Wert und die phasenspezifischen Werte für den „Stromverbrauch bei rein elektrischem Betrieb“ (nach Nummer 49.4 der Übereinstimmungsbescheinigung),</LA></DD><DT>c)</DT><DD Font="normal"><LA Size="normal">bei der Angabe der Leistung getrennt <DL Font="normal" Type="a-alpha"><DT>aa)</DT><DD Font="normal"><LA Size="normal">die Leistung des Verbrennungsmotors („Höchste Nutzleistung“ nach Nummer 27.1 der Übereinstimmungsbescheinigung),</LA></DD><DT>bb)</DT><DD Font="normal"><LA Size="normal">die Leistung des Elektromotors („Höchste Nutzleistung“ nach Nummer 27.3 der Übereinstimmungsbescheinigung), und</LA></DD></DL></LA></DD><DT>d)</DT><DD Font="normal"><LA Size="normal">die elektrische Reichweite EAER („Elektrische Reichweite EAER“ nach Nummer 49.5 der Übereinstimmungsbescheinigung).</LA></DD></DL>Sofern unter einem Modell mehrere Varianten oder Versionen zusammengefasst werden, sind für den Energieverbrauch, die CO<SUB>2</SUB>-Emissionen sowie die elektrische Reichweite die Werte der Variante oder Version mit dem jeweils niedrigsten und dem jeweils höchsten Wert anzugeben. Sollte es innerhalb einer Variante oder Version unterschiedliche Werte geben, so ist auf den jeweils höchsten Wert innerhalb der Variante oder Version abzustellen. Für die CO<SUB>2</SUB>-Klassen sind die CO<SUB>2</SUB>-Klasse der Variante oder Version mit der günstigsten und die CO<SUB>2</SUB>-Klasse der Variante oder Version mit der ungünstigsten CO<SUB>2</SUB>-Klasse anzugeben. Sollte dieselbe Variante oder Version aufgrund unterschiedlicher Werte verschiedenen CO<SUB>2</SUB>-Klassen angehören, so ist auf die ungünstigste CO<SUB>2</SUB>-Klasse abzustellen.</LA></DD><DT>4.</DT><DD Font="normal"><LA Size="normal">für jede Kraftstoffart, für Wasserstoff und für Strom gesondert eine hervorgehobene Auflistung der zehn sparsamsten Modelle neuer Personenkraftwagen unter Angabe der CO<SUB>2</SUB>-Klassen, des kombinierten oder des gewichtet kombinierten Werts für den Energieverbrauch und des kombinierten oder des gewichtet kombinierten Werts für die CO<SUB>2</SUB>-Emissionen, beginnend jeweils mit dem Modell mit den niedrigsten Werten für die CO<SUB>2</SUB>-Emissionen. Bei rein elektrisch betriebenen Fahrzeugen ist eine Auflistung der zehn sparsamsten Modelle neuer Personenkraftwagen jedoch unter Angabe des kombinierten Stromverbrauchs und der elektrischen Reichweite aufzunehmen, beginnend mit dem Modell mit den niedrigsten Verbrauchswerten.</LA></DD></DL></P></Content></text><fussnoten/></textdaten></norm>
<norm builddate="20240312215502" doknr="BJNR103700004BJNE001502128"><metadaten><jurabk>Pkw-EnVKV</jurabk><enbez>Anlage 4</enbez><titel format="XML">(zu § 5)<BR/>Angaben in der Werbung über den Energieverbrauch und die CO<SUB>2</SUB>-Emissionen von neuen Personenkraftwagen</titel></metadaten><textdaten><text format="XML"><Content><P><noindex><kommentar typ="Fundstelle">(Fundstelle: BGBl. I 2004, 1044;<BR/>bezüglich der einzelnen Änderungen vgl. Fußnote)<BR/><BR/></kommentar></noindex></P><P><table frame="none" pgwide="1" tocentry="%yes;"><tgroup align="left" char="" charoff="50" cols="1" colsep="0" rowsep="0"><colspec colname="col1" colnum="1" colwidth="20*"/><tbody valign="top"><row><entry VJ="1" align="center" colsep="0" valign="top">Teil I</entry></row><row><entry VJ="1" align="center" colsep="0" valign="top">Werbeschriften</entry></row></tbody></tgroup></table><DL Font="normal" Type="arabic"><DT>1.</DT><DD Font="normal"><LA Size="normal">Für die in Werbeschriften genannten Modelle neuer Personenkraftwagen sind anzugeben: <DL Font="normal" Type="alpha"><DT>a)</DT><DD Font="normal"><LA Size="normal">der kombinierte Wert für den Energieverbrauch (nach Nummer 49.1 der Übereinstimmungsbescheinigung) oder bei extern aufladbaren Hybridelektrofahrzeugen der gewichtet kombinierte Wert für den Energieverbrauch (nach 49.4 der Übereinstimmungsbescheinigung),</LA></DD><DT>b)</DT><DD Font="normal"><LA Size="normal">der kombinierte Wert für die CO<SUB>2</SUB>-Emissionen („CO<SUB>2</SUB>-Emissionen&quot; nach Nummer 49.1 der Übereinstimmungsbescheinigung) oder bei extern aufladbaren Hybridelektrofahrzeugen der gewichtet kombinierte Wert für die CO<SUB>2</SUB>-Emissionen („CO<SUB>2</SUB>-Emissionen“ nach 49.4 der Übereinstimmungsbescheinigung) und</LA></DD><DT>c)</DT><DD Font="normal"><LA Size="normal">die CO<SUB>2</SUB>-Klasse oder die CO<SUB>2</SUB>-Klassen.</LA></DD></DL>Für die Modelle extern aufladbarer Hybridelektrofahrzeuge muss zusätzlich der kombinierte Wert für den „Kraftstoffverbrauch bei entladener Batterie“ (nach Nummer 49.4 der Übereinstimmungsbescheinigung) angegeben werden.</LA><LA Size="normal">Sofern unter einem Modell mehrere Varianten oder Versionen zusammengefasst werden, sind für den Energieverbrauch und die CO<SUB>2</SUB>-Emissionen die Werte der Variante oder Version mit dem jeweils niedrigsten Wert und dem jeweils höchsten Wert anzugeben. Sollte es innerhalb einer Variante oder Version unterschiedliche Werte geben, so ist auf den jeweils höchsten Wert innerhalb der Variante oder Version abzustellen. Für die CO<SUB>2</SUB>-Klassen sind die CO<SUB>2</SUB>-Klasse der Variante oder Version mit der günstigsten und die CO<SUB>2</SUB>-Klasse der Variante oder Version mit der ungünstigsten CO<SUB>2</SUB>-Klasse anzugeben. Sollte dieselbe Variante oder Version aufgrund unterschiedlicher Werte verschiedenen CO<SUB>2</SUB>-Klassen angehören, so ist auf die ungünstigste CO<SUB>2</SUB>-Klasse abzustellen.</LA></DD><DT>2.</DT><DD Font="normal"><LA Size="normal">Die Angaben müssen gut lesbar und nicht weniger hervorgehoben als der Hauptteil der Werbebotschaft sein. Die Angaben müssen bereits bei flüchtigem Lesen leicht verständlich sein.</LA></DD><DT>3.</DT><DD Font="normal"><LA Size="normal">Wird lediglich für die Fabrikmarke und nicht für ein bestimmtes Modell geworben, so ist eine Angabe der in Nummer 1 aufgeführten Werte nicht erforderlich.</LA></DD><DT>4.</DT><DD Font="normal"><LA Size="normal">(weggefallen)</LA></DD></DL><BR/><table frame="none" pgwide="1" tocentry="%yes;"><tgroup align="left" char="" charoff="50" cols="1" colsep="0" rowsep="0"><colspec colname="col1" colnum="1" colwidth="80*"/><tbody valign="top"><row><entry VJ="1" align="center" colsep="0" valign="top">Teil II</entry></row><row><entry VJ="1" align="center" colsep="0" valign="top">Elektronische Werbung</entry></row></tbody></tgroup></table><DL Font="normal" Indent="5.5" Type="arabic"><DT>1.</DT><DD Font="normal"><LA Size="normal">Teil I gilt entsprechend für die Modelle neuer Personenkraftwagen, die beworben werden <DL Font="normal" Type="alpha"><DT>a)</DT><DD Font="normal"><LA Size="normal">durch in elektronischer Form verbreitetes Werbematerial,</LA></DD><DT>b)</DT><DD Font="normal"><LA Size="normal">durch Werbung durch elektronische, magnetische oder optische Speichermedien oder</LA></DD><DT>c)</DT><DD Font="normal"><LA Size="normal">durch Werbung im Internet (einschließlich Werbung in sozialen Medien und in Online-Videoportalen).</LA></DD></DL></LA></DD><DT>2.</DT><DD Font="normal"><LA Size="normal">Es ist sicherzustellen, dass dem Werbeempfänger die Angaben nach Teil I Nummer 1 in dem Augenblick zur Kenntnis gelangen, in dem ihm erstmals Informationen zur Motorisierung, zum Beispiel zu Motorleistung, Hubraum oder Beschleunigung, angezeigt werden. Die Angabe der CO<SUB>2</SUB>-Klassen sollte in mindestens gleichem Schriftgrad zu den in Satz 1 genannten Informationen gemacht werden. Auch wenn dem Werbeempfänger keine Informationen zur Motorisierung gegeben werden, so müssen ihm die Angaben mitgeteilt werden.</LA></DD><DT>3.</DT><DD Font="normal"><LA Size="normal">Wer als Hersteller oder Händler zum Zweck des Fernabsatzes Modelle neuer Personenkraftwagen im Internet zum Kauf, zur Langzeitmiete oder zum Leasing anbietet, muss zusätzlich zu den Angaben nach Nummer 1 die Angaben nach Anlage 1 bei der Beschreibung des Modells beziehungsweise der Variante oder der Version darstellen. Angaben müssen nicht doppelt gemacht werden. Die Anforderungen gelten als erfüllt, wenn für die Angaben das zutreffende Muster der Anlage 1 Teil II dargestellt wird. Die Angabe der Fahrzeug-Identifizierungsnummer (nach Anlage 1 Teil 1 Nummer 9) ist in diesem Fall entbehrlich. Die Angaben müssen gut lesbar sein. Es ist sicherzustellen, dass die Angaben dem Kunden spätestens in dem Augenblick zur Kenntnis gelangen, in dem er eine Konfiguration eines konkreten Kraftfahrzeugs abgeschlossen hat.</LA></DD><DT>4.</DT><DD Font="normal"><LA Size="normal">Bei Werbung nach Nummer 1 Buchstabe c stellt es keinen Verstoß dar, wenn die Sichtbarkeit der Pflichtangaben ausschließlich aufgrund der technischen Darstellung der jeweiligen Plattform, auf der geworben wird, und ohne weiteres Zutun des Herstellers oder des Händlers nicht oder nur teilweise gegeben ist.</LA></DD></DL><BR/><table frame="none" pgwide="1" tocentry="%yes;"><tgroup align="left" char="" charoff="50" cols="1" colsep="0" rowsep="0"><colspec colname="col1" colnum="1" colwidth="80*"/><tbody valign="top"><row><entry VJ="1" align="center" colsep="0" valign="top">Abschnitt III</entry></row><row><entry VJ="1" align="center" colsep="0" valign="top">(weggefallen)</entry></row></tbody></tgroup></table></P></Content></text><fussnoten/></textdaten></norm>
</dokumente>