<?xml version="1.0" encoding="UTF-8" ?><!DOCTYPE dokumente SYSTEM "http://www.gesetze-im-internet.de/dtd/1.01/gii-norm.dtd">
<dokumente builddate="20180417213007" doknr="BJNR040700018"><norm builddate="20180417213007" doknr="BJNR040700018"><metadaten><jurabk>FinAusglG2018DV 1</jurabk><ausfertigung-datum manuell="ja">2018-03-26</ausfertigung-datum><fundstelle typ="amtlich"><periodikum>BGBl I</periodikum><zitstelle>2018, 407</zitstelle></fundstelle><langue>Erste Verordnung zur Durchführung des Finanzausgleichsgesetzes im Ausgleichsjahr 2018</langue></metadaten><textdaten><fussnoten><Content><P><BR/> <pre xml:space="preserve">(+++ Textnachweis ab: 1.1.2018 +++)<BR/><BR/></pre></P></Content></fussnoten></textdaten></norm>
<norm builddate="20180417213007" doknr="BJNR040700018BJNE000100000"><metadaten><jurabk>FinAusglG2018DV 1</jurabk><enbez>Eingangsformel</enbez></metadaten><textdaten><text format="XML"><Content><P>Auf Grund der §§ 14 und 17 des Finanzausgleichsgesetzes vom 20. Dezember 2001 (BGBl. I S. 3955, 3956), von denen § 14 zuletzt durch Artikel 3 Nummer 3 des Gesetzes vom 24. Juni 2015 (BGBl. I S. 974) und § 17 zuletzt durch Artikel 4 Absatz 2 des Gesetzes vom 21. November 2016 (BGBl. I S. 2613) geändert worden sind, verordnet das Bundesministerium der Finanzen:</P></Content></text></textdaten></norm>
<norm builddate="20180417213007" doknr="BJNR040700018BJNE000200000"><metadaten><jurabk>FinAusglG2018DV 1</jurabk><enbez>§ 1</enbez><titel format="XML">Vollzug der Umsatzsteuerverteilung und des Finanzausgleichs im Ausgleichsjahr 2018</titel></metadaten><textdaten><text format="XML"><Content><P>(1) Zum vorläufigen Vollzug der Umsatzsteuerverteilung und des Finanzausgleichs unter den Ländern im Ausgleichsjahr 2018 wird der Zahlungsverkehr nach § 14 Absatz 1 des Gesetzes in der Weise durchgeführt, dass die Ablieferung des Bundesanteils von 50,16288221 Prozent an der durch Landesfinanzbehörden verwalteten Umsatzsteuer auf die folgenden Prozentsätze festgelegt wird: <table frame="none" pgwide="1" tocentry="%yes;"><tgroup align="left" char="" charoff="50" cols="2"><colspec colname="col1" colwidth="75.97*"/><colspec colname="col2" colwidth="4.03*"/><tbody valign="top"><row><entry VJ="1" align="justify" colname="col1" colsep="0" rowsep="0">Baden-Württemberg</entry><entry VJ="1" align="right" colname="col2" rowsep="0">65,4 %</entry></row><row><entry VJ="1" align="justify" colname="col1" colsep="0" rowsep="0">Bayern</entry><entry VJ="1" align="right" colname="col2" rowsep="0">81,0 %</entry></row><row><entry VJ="1" align="justify" colname="col1" colsep="0" rowsep="0">Berlin</entry><entry VJ="1" align="right" colname="col2" rowsep="0">11,3 %</entry></row><row><entry VJ="1" align="justify" colname="col1" colsep="0" rowsep="0">Brandenburg</entry><entry VJ="1" align="center" colname="col2" rowsep="0">–</entry></row><row><entry VJ="1" align="justify" colname="col1" colsep="0" rowsep="0">Bremen</entry><entry VJ="1" align="right" colname="col2" rowsep="0">16,0 %</entry></row><row><entry VJ="1" align="justify" colname="col1" colsep="0" rowsep="0">Hamburg</entry><entry VJ="1" align="right" colname="col2" rowsep="0">84,0 %</entry></row><row><entry VJ="1" align="justify" colname="col1" colsep="0" rowsep="0">Hessen</entry><entry VJ="1" align="right" colname="col2" rowsep="0">82,1 %</entry></row><row><entry VJ="1" align="justify" colname="col1" colsep="0" rowsep="0">Mecklenburg-Vorpommern</entry><entry VJ="1" align="center" colname="col2" rowsep="0">–</entry></row><row><entry VJ="1" align="justify" colname="col1" colsep="0" rowsep="0">Niedersachsen</entry><entry VJ="1" align="center" colname="col2" rowsep="0">–</entry></row><row><entry VJ="1" align="justify" colname="col1" colsep="0" rowsep="0">Nordrhein-Westfalen</entry><entry VJ="1" align="right" colname="col2" rowsep="0">61,2 %</entry></row><row><entry VJ="1" align="justify" colname="col1" colsep="0" rowsep="0">Rheinland-Pfalz</entry><entry VJ="1" align="right" colname="col2" rowsep="0">34,9 %</entry></row><row><entry VJ="1" align="justify" colname="col1" colsep="0" rowsep="0">Saarland</entry><entry VJ="1" align="right" colname="col2" rowsep="0">49,4 %</entry></row><row><entry VJ="1" align="justify" colname="col1" colsep="0" rowsep="0">Sachsen</entry><entry VJ="1" align="center" colname="col2" rowsep="0">–</entry></row><row><entry VJ="1" align="justify" colname="col1" colsep="0" rowsep="0">Sachsen-Anhalt</entry><entry VJ="1" align="center" colname="col2" rowsep="0">–</entry></row><row><entry VJ="1" align="justify" colname="col1" colsep="0" rowsep="0">Schleswig-Holstein</entry><entry VJ="1" align="right" colname="col2" rowsep="0">33,4 %</entry></row><row><entry VJ="1" align="justify" colname="col1" colsep="0">Thüringen</entry><entry VJ="1" align="center" colname="col2">– .</entry></row></tbody></tgroup></table>(2) Die zuständigen Landeskassen überweisen die vorläufigen Einnahmen des Bundes nach Absatz 1 telegrafisch an die zuständigen Bundeskassen spätestens einen Arbeitstag nach dem Zugang der Steuerzahlungen. Soweit aus zwingenden Gründen eine solche Ablieferung nach dem tatsächlichen Aufkommen nicht möglich ist, sind die Bundesanteile täglich nach Schätzwerten abzuliefern, wobei auch die in Verwahrung gebuchten Steuereinnahmen zu berücksichtigen sind; der Ausgleich mit dem tatsächlichen Aufkommen ist unverzüglich durchzuführen.</P><P>(3) Brandenburg, Mecklenburg-Vorpommern, Niedersachsen, Sachsen, Sachsen-Anhalt und Thüringen leisten im Zahlungsverkehr nach den Absätzen 1 und 2 keine Zahlungen auf den Bundesanteil an der durch Landesfinanzbehörden verwalteten Umsatzsteuer. Auf den durch den Bundesanteil nicht gedeckten Teil ihrer Ansprüche aus dem vorläufigen Umsatzsteuer- und Finanzausgleich überweist das Bundesministerium der Finanzen an monatlichen Vorauszahlungen an Brandenburg 39 724 000 Euro, an Mecklenburg-<NB>Vorpommern</NB> 135 275 000 Euro, an Niedersachsen <NB>130 312 000</NB> Euro, an Sachsen 165 924 000 Euro, an Sachsen-Anhalt 175 008 000 Euro und an Thüringen 156 990 000 Euro. Die Zahlungen werden am 15. eines jeden Monats fällig.</P><P>(4) Auf den Länderanteil an der durch Bundesfinanzbehörden verwalteten Einfuhrumsatzsteuer entrichtet das Bundesministerium der Finanzen am 15. eines jeden Monats eine Abschlagszahlung auf der Grundlage des Aufkommens des Vormonats. Im jeweils darauffolgenden Monat werden gleichzeitig die Beträge verrechnet, die mit der Abschlagszahlung des Vormonats zu viel oder zu wenig gezahlt worden sind.</P><P>(5) Der Gemeindeanteil an der durch Bundesfinanzbehörden verwalteten Einfuhrumsatzsteuer wird nach Maßgabe von § 17 Absatz 1 des Gesetzes den Ländern zusammen mit dem Länderanteil an der Einfuhrumsatzsteuer in monatlichen Teilbeträgen jeweils zum 15. des Folgemonats überwiesen.</P></Content></text></textdaten></norm>
<norm builddate="20180417213007" doknr="BJNR040700018BJNE000300000"><metadaten><jurabk>FinAusglG2018DV 1</jurabk><enbez>§ 2</enbez><titel format="XML">Inkrafttreten</titel></metadaten><textdaten><text format="XML"><Content><P>Diese Verordnung tritt mit Wirkung vom 1. Januar 2018 in Kraft.</P></Content></text></textdaten></norm>
<norm builddate="20180417213007" doknr="BJNR040700018BJNE000400000"><metadaten><jurabk>FinAusglG2018DV 1</jurabk><enbez>Schlussformel</enbez></metadaten><textdaten><text format="XML"><Content><P>Der Bundesrat hat zugestimmt.</P></Content></text></textdaten></norm>
</dokumente>