<?xml version="1.0" encoding="UTF-8" ?><!DOCTYPE dokumente SYSTEM "http://www.gesetze-im-internet.de/dtd/1.01/gii-norm.dtd">
<dokumente builddate="20250304223004" doknr="BJNR027790975"><norm builddate="20250304223004" doknr="BJNR027790975"><metadaten><jurabk>ProdGewStatG</jurabk><amtabk>ProdGewStatG</amtabk><ausfertigung-datum manuell="ja">1975-11-06</ausfertigung-datum><fundstelle typ="amtlich"><periodikum>BGBl I</periodikum><zitstelle>1975, 2779</zitstelle></fundstelle><langue>Gesetz über die Statistik im Produzierenden Gewerbe</langue><standangabe checked="ja"><standtyp>Neuf</standtyp><standkommentar>Neugefasst durch Bek. v. 21.3.2002 I 1181;</standkommentar></standangabe><standangabe checked="ja"><standtyp>Stand</standtyp><standkommentar>zuletzt geändert durch Art. 7 G v. 22.2.2021 I 266</standkommentar></standangabe></metadaten><textdaten><fussnoten><Content><P><BR/> <pre xml:space="preserve">(+++ Textnachweis Geltung ab: 21.3.1980 +++)<BR/><BR/></pre>Überschrift: Buchstabenabkürzung eingef. durch Art. 1 Nr. 1 G v. 21.3.2002 I 1178 mWv 1.1.2002</P></Content></fussnoten></textdaten></norm>
<norm builddate="20250304223004" doknr="BJNR027790975BJNE000503377"><metadaten><jurabk>ProdGewStatG</jurabk><enbez>§ 1</enbez></metadaten><textdaten><text format="XML"><Content><P>Im Produzierenden Gewerbe, das Bergbau und Gewinnung von Steinen und Erden, Verarbeitendes Gewerbe, Energieversorgung, Wasserversorgung, Abwasser- und Abfallentsorgung und Beseitigung von Umweltverschmutzungen sowie Baugewerbe umfasst, werden statistische Erhebungen als Bundesstatistik durchgeführt.</P></Content></text><fussnoten/></textdaten></norm>
<norm builddate="20250304223004" doknr="BJNR027790975BJNG000102377"><metadaten><jurabk>ProdGewStatG</jurabk><gliederungseinheit><gliederungskennzahl>010</gliederungskennzahl><gliederungsbez>1. Abschnitt</gliederungsbez><gliederungstitel>Bergbau und Gewinnung von Steinen und
Erden, Verarbeitendes Gewerbe</gliederungstitel></gliederungseinheit></metadaten><textdaten><text format="XML"><Content><P/></Content></text><fussnoten/></textdaten></norm>
<norm builddate="20250304223004" doknr="BJNR027790975BJNE000611360"><metadaten><jurabk>ProdGewStatG</jurabk><enbez>§ 2</enbez><titel format="XML">Erhebungen bei Betrieben</titel></metadaten><textdaten><text format="XML"><Content><P>Die Erhebungen werden durchgeführt bei den produzierenden Betrieben von höchstens 68 000 Unternehmen des Bergbaus und der Gewinnung von Steinen und Erden, des Verarbeitenden Gewerbes sowie bei den produzierenden Betrieben der Unternehmen anderer Wirtschaftszweige, jeweils ohne Baubetriebe und Betriebe der Energieversorgung, Wasserversorgung, Abwasser- und Abfallentsorgung und Beseitigung von Umweltverschmutzungen. Die Erhebungen erfassen: <DL Font="normal" Type="arabic"><DT>A.</DT><DD Font="normal"><LA Size="normal">bei Betrieben mit 50 und mehr tätigen Personen<DL Font="normal" Type="arabic"><DT>I.</DT><DD Font="normal"><LA Size="normal">monatlich<DL Font="normal" Type="arabic"><DT>1.</DT><DD Font="normal"><LA Size="normal">die tätigen Personen,</LA></DD><DT>2.</DT><DD Font="normal"><LA Size="normal">die Arbeitsstunden,</LA></DD><DT>3.</DT><DD Font="normal"><LA Size="normal">die Lohn- und Gehaltssummen,</LA></DD><DT>4.</DT><DD Font="normal"><LA Size="normal">den Umsatz,</LA></DD><DT>5.</DT><DD Font="normal"><LA Size="normal">den Auftragseingang,</LA></DD><DT>6.</DT><DD Font="normal"><LA>den Auftragsbestand,</LA></DD><DT>7.</DT><DD Font="normal"><LA Size="normal">die gesamte Produktion,</LA></DD><DT>8.</DT><DD Font="normal"><LA Size="normal">die Reparatur-, Montage- und Lohnveredelungsarbeiten,</LA></DD></DL></LA><LA Size="normal">die Sachverhalte nach den Nummern 1, 4, 5 und 6 werden auch für fachliche Betriebsteile erfasst;</LA></DD><DT>II.</DT><DD Font="normal"><LA Size="normal">jährlich</LA><LA Size="normal">die Investitionen;</LA></DD></DL></LA></DD><DT>B.</DT><DD Font="normal"><LA Size="normal">bei Betrieben, die nicht nach Buchstabe A erfasst werden,<DL Font="normal" Type="arabic"><DT>I.</DT><DD Font="normal"><LA Size="normal">vierteljährlich<DL Font="normal" Type="arabic"><DT>1.</DT><DD Font="normal"><LA Size="normal">die gesamte Produktion,</LA></DD><DT>2.</DT><DD Font="normal"><LA Size="normal">die Reparatur-, Montage- und Lohnveredelungsarbeiten;</LA></DD></DL></LA></DD><DT>II.</DT><DD Font="normal"><LA Size="normal">jährlich<DL Font="normal" Type="arabic"><DT>1.</DT><DD Font="normal"><LA Size="normal">die tätigen Personen,</LA></DD><DT>2.</DT><DD Font="normal"><LA Size="normal">die Lohn- und Gehaltssummen,</LA></DD><DT>3.</DT><DD Font="normal"><LA Size="normal">den Umsatz,</LA></DD><DT>4.</DT><DD Font="normal"><LA Size="normal">die Investitionen.</LA></DD></DL></LA></DD></DL></LA></DD></DL></P></Content></text><fussnoten/></textdaten></norm>
<norm builddate="20250304223004" doknr="BJNR027790975BJNE000707125"><metadaten><jurabk>ProdGewStatG</jurabk><enbez>§ 3</enbez><titel format="XML">Erhebungen bei Unternehmen</titel></metadaten><textdaten><text format="XML"><Content><P>Die Erhebungen erfassen <DL Font="normal" Type="arabic"><DT>A.</DT><DD Font="normal"><LA Size="normal">jährlich</LA><LA Size="normal">im Bergbau und in der Gewinnung von Steinen und Erden sowie im Verarbeitenden Gewerbe<DL Font="normal" Type="arabic"><DT>I.</DT><DD Font="normal"><LA Size="normal">bei höchstens 13 000 Unternehmen mit zwei und mehr Betrieben<DL Font="normal" Type="arabic"><DT>1.</DT><DD Font="normal"><LA Size="normal">die tätigen Personen,</LA></DD><DT>2.</DT><DD Font="normal"><LA Size="normal">die Lohn- und Gehaltssummen,</LA></DD><DT>3.</DT><DD Font="normal"><LA Size="normal">den Umsatz;</LA></DD></DL></LA></DD><DT>II.</DT><DD Font="normal"><LA Size="normal">bei höchstens 68 000 Unternehmen<DL Font="normal" Type="arabic"><DT>1.</DT><DD Font="normal"><LA Size="normal">die Investitionen,</LA></DD><DT>2.</DT><DD Font="normal"><LA Size="normal">den Verkaufserlös aus dem Abgang von Anlagegütern;</LA></DD></DL></LA></DD><DT>III.</DT><DD Font="normal"><LA Size="normal">bei höchstens 24 000 Unternehmen<DL Font="normal" Type="arabic"><DT>1.</DT><DD Font="normal"><LA Size="normal">die tätigen Personen,</LA></DD><DT>2.</DT><DD Font="normal"><LA Size="normal">den Umsatz,</LA></DD><DT>3.</DT><DD Font="normal"><LA Size="normal">die selbst erstellten Anlagen,</LA></DD><DT>4.</DT><DD Font="normal"><LA Size="normal">die Material- und Warenbestände einschließlich fertiger und unfertiger Erzeugnisse am Anfang und Ende des Jahres,</LA></DD><DT>5.</DT><DD Font="normal"><LA Size="normal">den Material- und Wareneingang,</LA></DD><DT>6.</DT><DD Font="normal"><LA Size="normal">die Kosten nach Kostenarten,</LA></DD><DT>7.</DT><DD Font="normal"><LA Size="normal">die Umsatzsteuer,</LA></DD><DT>8.</DT><DD Font="normal"><LA Size="normal">die Subventionen;</LA></DD></DL></LA><LA Size="normal">bei Unternehmen mit weniger als 20 Beschäftigten, von denen höchstens 6 000 befragt werden, werden nur die Sachverhalte nach den Nummern 1, 2 und 6 sowie zusätzlich die Investitionen erfasst;</LA></DD></DL></LA></DD><DT>B.</DT><DD Font="normal"><LA Size="normal">alle vier Jahre, beginnend 2003 für 2002,</LA><LA Size="normal">bei höchstens 12 000 Unternehmen des Bergbaus und der Gewinnung von Steinen und Erden sowie des Verarbeitenden Gewerbes</LA><LA Size="normal">den Material- und Wareneingang nach Arten.</LA></DD></DL></P></Content></text><fussnoten/></textdaten></norm>
<norm builddate="20250304223004" doknr="BJNR027790975BJNG000201377"><metadaten><jurabk>ProdGewStatG</jurabk><gliederungseinheit><gliederungskennzahl>020</gliederungskennzahl><gliederungsbez>2. Abschnitt</gliederungsbez><gliederungstitel>Baugewerbe</gliederungstitel></gliederungseinheit></metadaten><textdaten><text format="XML"><Content><P/></Content></text><fussnoten/></textdaten></norm>
<norm builddate="20250304223004" doknr="BJNR027790975BJNE000807125"><metadaten><jurabk>ProdGewStatG</jurabk><enbez>§ 4</enbez><titel format="XML">Erhebungen bei Betrieben</titel></metadaten><textdaten><text format="XML"><Content><P>Die Erhebungen erfassen <DL Font="normal" Type="arabic"><DT>A.</DT><DD Font="normal"><LA Size="normal">bei den Baubetrieben von höchstens 15 000 Unternehmen des Bauhauptgewerbes sowie bei Baubetrieben der anderen Unternehmen - jeweils ohne ausbaugewerbliche Betriebe und Bauträger -<DL Font="normal" Type="arabic"><DT>I.</DT><DD Font="normal"><LA Size="normal">monatlich<DL Font="normal" Type="arabic"><DT>1.</DT><DD Font="normal"><LA Size="normal">die tätigen Personen,</LA></DD><DT>2.</DT><DD Font="normal"><LA Size="normal">die Arbeitsstunden,</LA></DD><DT>3.</DT><DD Font="normal"><LA Size="normal">die Lohn- und Gehaltssummen,</LA></DD><DT>4.</DT><DD Font="normal"><LA Size="normal">den Umsatz,</LA></DD><DT>5.</DT><DD Font="normal"><LA Size="normal">den Auftragseingang;</LA></DD></DL></LA></DD><DT>II.</DT><DD Font="normal"><LA Size="normal">vierteljährlich<DL Font="normal" Type="arabic"><DT>1.</DT><DD Font="normal"><LA Size="normal">den Auftragsbestand,</LA></DD><DT>2.</DT><DD Font="normal"><LA Size="normal">(weggefallen)</LA></DD></DL></LA></DD><DT>III.</DT><DD Font="normal"><LA Size="normal">jährlich</LA><LA Size="normal">den Umsatz für das vorhergehende Jahr;</LA></DD></DL></LA></DD><DT>B.</DT><DD Font="normal"><LA Size="normal">bei den übrigen Baubetrieben - ohne ausbaugewerbliche Betriebe und Bauträger -</LA><LA Size="normal">jährlich<DL Font="normal" Type="arabic"><DT>I.</DT><DD Font="normal"><LA Size="normal">für einen Berichtsmonat<DL Font="normal" Type="arabic"><DT>1.</DT><DD Font="normal"><LA Size="normal">die tätigen Personen,</LA></DD><DT>2.</DT><DD Font="normal"><LA Size="normal">die Arbeitsstunden,</LA></DD><DT>3.</DT><DD Font="normal"><LA Size="normal">die Lohn- und Gehaltssummen,</LA></DD><DT>4.</DT><DD Font="normal"><LA Size="normal">den Umsatz;</LA></DD></DL></LA></DD><DT>II.</DT><DD Font="normal"><LA Size="normal">für das vorhergehende Jahr<DL Font="normal" Type="arabic"><DT/><DD Font="normal"><LA Size="normal">den Umsatz;</LA></DD></DL></LA></DD></DL></LA></DD><DT>C.</DT><DD Font="normal"><LA Size="normal">bei ausbaugewerblichen Betrieben von Unternehmen des Ausbaugewerbes sowie der anderen Unternehmen und bei Bauträgern<DL Font="normal" Type="arabic"><DT>I.</DT><DD Font="normal"><LA Size="normal">bei höchstens 14 000 Betrieben<DL Font="normal" Type="arabic"><DT>1.</DT><DD Font="normal"><LA Size="normal">vierteljährlich<DL Font="normal" Type="arabic"><DT>a)</DT><DD Font="normal"><LA Size="normal">die tätigen Personen,</LA></DD><DT>b)</DT><DD Font="normal"><LA Size="normal">die Arbeitsstunden,</LA></DD><DT>c)</DT><DD Font="normal"><LA Size="normal">die Lohn- und Gehaltssummen,</LA></DD><DT>d)</DT><DD Font="normal"><LA Size="normal">den Umsatz;</LA></DD></DL></LA></DD><DT>2.</DT><DD Font="normal"><LA Size="normal">jährlich</LA><LA Size="normal">für das vorhergehende Jahr</LA><LA Size="normal">den Umsatz;</LA></DD></DL></LA></DD><DT>II.</DT><DD Font="normal"><LA Size="normal">bei höchstens 18 000 Betrieben, die nicht nach Ziffer I erfasst werden,</LA><LA Size="normal">jährlich<DL Font="normal" Type="arabic"><DT>1.</DT><DD Font="normal"><LA Size="normal">für ein Berichtsvierteljahr<DL Font="normal" Type="arabic"><DT>a)</DT><DD Font="normal"><LA Size="normal">die tätigen Personen,</LA></DD><DT>b)</DT><DD Font="normal"><LA Size="normal">die Arbeitsstunden,</LA></DD><DT>c)</DT><DD Font="normal"><LA Size="normal">die Lohn- und Gehaltssummen,</LA></DD><DT>d)</DT><DD Font="normal"><LA Size="normal">den Umsatz;</LA></DD></DL></LA></DD><DT>2.</DT><DD Font="normal"><LA Size="normal">für das vorhergehende Jahr</LA><LA Size="normal">den Umsatz.</LA></DD></DL></LA></DD></DL></LA></DD></DL></P></Content></text><fussnoten/></textdaten></norm>
<norm builddate="20250304223004" doknr="BJNR027790975BJNE000904125"><metadaten><jurabk>ProdGewStatG</jurabk><enbez>§ 5</enbez><titel format="XML">Erhebungen bei Unternehmen</titel></metadaten><textdaten><text format="XML"><Content><P>Die Erhebungen erfassen jährlich <DL Font="normal" Type="arabic"><DT>I.</DT><DD Font="normal"><LA Size="normal">bei höchstens 35 000 Unternehmen des Baugewerbes<DL Font="normal" Type="arabic"><DT>1.</DT><DD Font="normal"><LA Size="normal">die tätigen Personen,</LA></DD><DT>2.</DT><DD Font="normal"><LA Size="normal">die Lohn- und Gehaltssummen,</LA></DD><DT>3.</DT><DD Font="normal"><LA Size="normal">den Umsatz, bei Unternehmen des Bauhauptgewerbes auch die Jahresbauleistung,</LA></DD><DT>4.</DT><DD Font="normal"><LA Size="normal">die Investitionen,</LA></DD><DT>5.</DT><DD Font="normal"><LA Size="normal">den Verkaufserlös aus dem Abgang von Anlagegütern;</LA></DD></DL></LA></DD><DT>II.</DT><DD Font="normal"><LA Size="normal">bei höchstens 12 000 Unternehmen des Baugewerbes<DL Font="normal" Type="arabic"><DT>1.</DT><DD Font="normal"><LA Size="normal">die tätigen Personen,</LA></DD><DT>2.</DT><DD Font="normal"><LA Size="normal">den Umsatz, bei Unternehmen des Bauhauptgewerbes auch die Jahresbauleistung,</LA></DD><DT>3.</DT><DD Font="normal"><LA Size="normal">die selbst erstellten Anlagen,</LA></DD><DT>4.</DT><DD Font="normal"><LA Size="normal">die Material- und Warenbestände einschließlich fertiger und unfertiger Erzeugnisse am Anfang und Ende des Jahres,</LA></DD><DT>5.</DT><DD Font="normal"><LA Size="normal">den Material- und Wareneingang,</LA></DD><DT>6.</DT><DD Font="normal"><LA Size="normal">die Kosten nach Kostenarten,</LA></DD><DT>7.</DT><DD Font="normal"><LA Size="normal">die Umsatzsteuer,</LA></DD><DT>8.</DT><DD Font="normal"><LA Size="normal">die Subventionen;</LA></DD></DL></LA><LA Size="normal">bei Unternehmen mit weniger als 20 Beschäftigten, von denen höchstens 6 000 befragt werden, werden nur die Sachverhalte nach den Nummern 1, 2 und 6 sowie zusätzlich die Investitionen erfasst.</LA></DD></DL></P></Content></text><fussnoten/></textdaten></norm>
<norm builddate="20250304223004" doknr="BJNR027790975BJNG000303377"><metadaten><jurabk>ProdGewStatG</jurabk><gliederungseinheit><gliederungskennzahl>030</gliederungskennzahl><gliederungsbez>3. Abschnitt</gliederungsbez><gliederungstitel>Energieversorgung, Wasserversorgung, Abwasser- und Abfallentsorgung und Beseitigung von Umweltverschmutzungen</gliederungstitel></gliederungseinheit></metadaten><textdaten><text format="XML"><Content><P/></Content></text><fussnoten/></textdaten></norm>
<norm builddate="20250304223004" doknr="BJNR027790975BJNE001005125"><metadaten><jurabk>ProdGewStatG</jurabk><enbez>§ 6</enbez><titel format="XML">Erhebungen bei Betrieben und Unternehmen der Energieversorgung</titel></metadaten><textdaten><text format="XML"><Content><P>Die Erhebungen erfassen <DL Font="normal" Type="Alpha"><DT>A.</DT><DD Font="normal"><LA Size="normal">monatlich</LA><LA Size="normal">bei den Betrieben der Energieversorgung von höchstens 1 100 Unternehmen der Energieversorgung und den Betrieben der Energieversorgung aller anderen Unternehmen <DL Font="normal" Type="arabic"><DT>1.</DT><DD Font="normal"><LA Size="normal">die tätigen Personen,</LA></DD><DT>2.</DT><DD Font="normal"><LA Size="normal">die Arbeitsstunden,</LA></DD><DT>3.</DT><DD Font="normal"><LA Size="normal">die Lohn- und Gehaltsummen;</LA></DD></DL>der Sachverhalt nach Nummer 1 wird auch für fachliche Betriebsteile erfasst;</LA></DD><DT>B.</DT><DD Font="normal"><LA Size="normal">jährlich <DL Font="normal" Type="Roman"><DT>I.</DT><DD Font="normal"><LA Size="normal">bei höchstens 3 000 Unternehmen der Energieversorgung für die Unternehmen, die fachlichen Unternehmensteile und die Betriebe <DL Font="normal" Type="arabic"><DT>1.</DT><DD Font="normal"><LA Size="normal">die Investitionen,</LA></DD><DT>2.</DT><DD Font="normal"><LA Size="normal">den Verkaufserlös aus dem Abgang von Anlagegütern;</LA></DD></DL>der Sachverhalt nach Nummer 2 wird nicht für die Betriebe erfasst;</LA></DD><DT>II.</DT><DD Font="normal"><LA Size="normal">bei den nach Ziffer I erfassten Unternehmen <DL Font="normal" Type="arabic"><DT>1.</DT><DD Font="normal"><LA Size="normal">für die Unternehmen und die fachlichen Unternehmensteile <DL Font="normal" Type="alpha"><DT>a)</DT><DD Font="normal"><LA Size="normal">die tätigen Personen,</LA></DD><DT>b)</DT><DD Font="normal"><LA Size="normal">die Arbeitsstunden,</LA></DD><DT>c)</DT><DD Font="normal"><LA Size="normal">die Lohn- und Gehaltsummen,</LA></DD><DT>d)</DT><DD Font="normal"><LA Size="normal">den Umsatz,</LA></DD><DT>e)</DT><DD Font="normal"><LA Size="normal">die selbst erstellten Anlagen,</LA></DD><DT>f)</DT><DD Font="normal"><LA Size="normal">die Aufwendungen für gemietete und gepachtete Anlagegüter,</LA></DD><DT>g)</DT><DD Font="normal"><LA Size="normal">den Materialverbrauch und Wareneinsatz,</LA></DD><DT>h)</DT><DD Font="normal"><LA Size="normal">die Material- und Warenbestände einschließlich fertiger und unfertiger Erzeugnisse am Anfang und Ende des Jahres;</LA></DD></DL></LA></DD><DT>2.</DT><DD Font="normal"><LA Size="normal">für die Unternehmen <DL Font="normal" Type="alpha"><DT>a)</DT><DD Font="normal"><LA Size="normal">den Material- und Wareneingang,</LA></DD><DT>b)</DT><DD Font="normal"><LA Size="normal">die Kosten nach Kostenarten, soweit nicht nach Nummer 1 erfasst,</LA></DD><DT>c)</DT><DD Font="normal"><LA Size="normal">die Umsatzsteuer,</LA></DD><DT>d)</DT><DD Font="normal"><LA Size="normal">die Subventionen,</LA></DD><DT>e)</DT><DD Font="normal"><LA Size="normal">die Abgabe von Wasser,</LA></DD><DT>f)</DT><DD Font="normal"><LA Size="normal">den Wert der Ein- und Ausfuhr von Wasser;</LA></DD></DL></LA></DD><DT>3.</DT><DD Font="normal"><LA Size="normal">für die fachlichen Unternehmensteile <DL Font="normal" Type="alpha"><DT>a)</DT><DD Font="normal"><LA Size="normal">die von anderen Unternehmen und den fachlichen Unternehmensteilen bezogenen Erzeugnisse und Dienstleistungen,</LA></DD><DT>b)</DT><DD Font="normal"><LA Size="normal">die Lieferungen und Leistungen an die fachlichen Unternehmensteile;</LA></DD></DL></LA></DD></DL></LA></DD><DT>III.</DT><DD Font="normal"><LA Size="normal">bei den nicht nach Ziffer I erfassten Unternehmen, die Erd- oder Erdölgas gewinnen oder Erd- oder Erdölgasleitungen erstellen oder betreiben, die Investitionen.</LA></DD></DL></LA></DD></DL></P></Content></text><fussnoten/></textdaten></norm>
<norm builddate="20250304223004" doknr="BJNR027790975BJNE002201125"><metadaten><jurabk>ProdGewStatG</jurabk><enbez>§ 6a</enbez><titel format="XML">Erhebungen bei Betrieben und Unternehmen der Wasserversorgung, der Abwasser- und Abfallentsorgung und der Beseitigung von Umweltverschmutzungen</titel></metadaten><textdaten><text format="XML"><Content><P>Die Erhebungen erfassen <DL Font="normal" Type="Alpha"><DT>A.</DT><DD Font="normal"><LA Size="normal">monatlich</LA><LA Size="normal">bei den Betrieben der Wasserversorgung von höchstens 500 Unternehmen der Wasserversorgung sowie den Betrieben der Wasserversorgung aller anderen Unternehmen <DL Font="normal" Type="arabic"><DT>1.</DT><DD Font="normal"><LA Size="normal">die tätigen Personen,</LA></DD><DT>2.</DT><DD Font="normal"><LA Size="normal">die Arbeitsstunden,</LA></DD><DT>3.</DT><DD Font="normal"><LA Size="normal">die Lohn- und Gehaltsummen;</LA></DD></DL>der Sachverhalt nach Nummer 1 wird auch für fachliche Betriebsteile erfasst;</LA></DD><DT>B.</DT><DD Font="normal"><LA Size="normal">jährlich <DL Font="normal" Type="Roman"><DT>I.</DT><DD Font="normal"><LA Size="normal">bei höchstens 7 000 Unternehmen der Wasserversorgung, der Abwasser- und Abfallentsorgung und der Beseitigung von Umweltverschmutzungen für die Unternehmen, die fachlichen Unternehmensteile und die Betriebe <DL Font="normal" Type="arabic"><DT>1.</DT><DD Font="normal"><LA Size="normal">die Investitionen,</LA></DD><DT>2.</DT><DD Font="normal"><LA Size="normal">den Verkaufserlös aus dem Abgang von Anlagegütern,</LA></DD><DT>3.</DT><DD Font="normal"><LA Size="normal">die tätigen Personen für die Betriebe der Abwasser- und Abfallentsorgung und Beseitigung von Umweltverschmutzungen;</LA></DD></DL>der Sachverhalt nach Nummer 2 wird nicht für die Betriebe erfasst;</LA></DD><DT>II.</DT><DD Font="normal"><LA Size="normal">bei den nach Ziffer I erfassten Unternehmen <DL Font="normal" Type="arabic"><DT>1.</DT><DD Font="normal"><LA Size="normal">für die Unternehmen und die fachlichen Unternehmensteile <DL Font="normal" Type="alpha"><DT>a)</DT><DD Font="normal"><LA Size="normal">die tätigen Personen,</LA></DD><DT>b)</DT><DD Font="normal"><LA Size="normal">die Arbeitsstunden,</LA></DD><DT>c)</DT><DD Font="normal"><LA Size="normal">die Lohn- und Gehaltsummen,</LA></DD><DT>d)</DT><DD Font="normal"><LA Size="normal">den Umsatz,</LA></DD><DT>e)</DT><DD Font="normal"><LA Size="normal">die selbst erstellten Anlagen,</LA></DD><DT>f)</DT><DD Font="normal"><LA Size="normal">die Aufwendungen für gemietete und gepachtete Anlagegüter,</LA></DD><DT>g)</DT><DD Font="normal"><LA Size="normal">den Materialverbrauch und Wareneinsatz,</LA></DD><DT>h)</DT><DD Font="normal"><LA Size="normal">die Material- und Warenbestände einschließlich fertiger und unfertiger Erzeugnisse am Anfang und Ende des Jahres;</LA></DD></DL></LA></DD><DT>2.</DT><DD Font="normal"><LA Size="normal">für die Unternehmen <DL Font="normal" Type="alpha"><DT>a)</DT><DD Font="normal"><LA Size="normal">den Material- und Wareneingang,</LA></DD><DT>b)</DT><DD Font="normal"><LA Size="normal">die Kosten nach Kostenarten, soweit nicht nach Nummer 1 erfasst,</LA></DD><DT>c)</DT><DD Font="normal"><LA Size="normal">die Umsatzsteuer,</LA></DD><DT>d)</DT><DD Font="normal"><LA Size="normal">die Subventionen,</LA></DD><DT>e)</DT><DD Font="normal"><LA Size="normal">die Abgabe von Wasser,</LA></DD><DT>f)</DT><DD Font="normal"><LA Size="normal">den Wert der Ein- und Ausfuhr von Wasser;</LA></DD></DL></LA></DD><DT>3.</DT><DD Font="normal"><LA Size="normal">für die fachlichen Unternehmensteile <DL Font="normal" Type="alpha"><DT>a)</DT><DD Font="normal"><LA Size="normal">die von anderen Unternehmen und den fachlichen Unternehmensteilen bezogenen Erzeugnisse und Dienstleistungen,</LA></DD><DT>b)</DT><DD Font="normal"><LA Size="normal">die Lieferungen und Leistungen an die fachlichen Unternehmensteile.</LA></DD></DL></LA></DD></DL></LA></DD></DL></LA></DD></DL></P></Content></text><fussnoten/></textdaten></norm>
<norm builddate="20250304223004" doknr="BJNR027790975BJNG000401377"><metadaten><jurabk>ProdGewStatG</jurabk><gliederungseinheit><gliederungskennzahl>040</gliederungskennzahl><gliederungsbez>4. Abschnitt</gliederungsbez><gliederungstitel>Allgemeine Bestimmungen</gliederungstitel></gliederungseinheit></metadaten><textdaten><text format="XML"><Content><P/></Content></text><fussnoten/></textdaten></norm>
<norm builddate="20250304223004" doknr="BJNR027790975BJNE001105360"><metadaten><jurabk>ProdGewStatG</jurabk><enbez>§ 7</enbez><titel format="XML">Zusätzliche Erhebungsmerkmale, Hilfsmerkmale, Unternehmens- und Betriebsbegriff</titel></metadaten><textdaten><text format="XML"><Content><P>(1) Bei den Erhebungen werden zusätzlich erfasst: <DL Type="arabic"><DT>1.</DT><DD Font="normal"><LA>bei Betrieben und Unternehmen die wirtschaftliche Tätigkeit,</LA></DD><DT>2.</DT><DD Font="normal"><LA>bei Betrieben die Art des Betriebs,</LA></DD><DT>3.</DT><DD Font="normal"><LA>bei Unternehmen die Rechtsform,</LA></DD><DT>4.</DT><DD Font="normal"><LA>bei fachlichen Unternehmensteilen nach den §§ 6 und 6a die wirtschaftliche Tätigkeit.</LA></DD></DL>(2) Hilfsmerkmale der Erhebungen sind: <DL Font="normal" Type="arabic"><DT>1.</DT><DD Font="normal"><LA Size="normal">Name und Anschrift des Unternehmens und des Betriebs,</LA></DD><DT>2.</DT><DD Font="normal"><LA Size="normal">Name, Rufnummern und Adressen für elektronische Post der Personen, die für Rückfragen zur Verfügung stehen,</LA></DD><DT>3.</DT><DD Font="normal"><LA Size="normal">Geschäftsjahr,</LA></DD><DT>4.</DT><DD Font="normal"><LA Size="normal">bei den Erhebungen nach den §§ 6 und 6a zusätzlich<DL Font="normal" Type="arabic"><DT>a)</DT><DD Font="normal"><LA Size="normal">bei Zugehörigkeit zu einer Organschaft Name und Anschrift des Organträgers,</LA></DD><DT>b)</DT><DD Font="normal"><LA Size="normal">bei gemeinsamer Betriebsführung Name und Anschrift der Einheit, mit der ein Betrieb gemeinsam geführt wird,</LA></DD><DT>c)</DT><DD Font="normal"><LA Size="normal">bei Betriebsführung durch eine andere Einheit Name und Anschrift dieser Einheit.</LA></DD></DL></LA></DD></DL></P><P>(3) Im Sinne dieses Gesetzes ist <DL Font="normal" Type="arabic"><DT>1.</DT><DD Font="normal"><LA>ein Unternehmen die kleinste rechtlich selbständige Einheit, die aus handels- oder steuerrechtlichen Gründen Bücher führt; folgende statistische Einheiten sind bei Erhebungen nach den §§ 6 und 6a Unternehmen gleichzustellen: <DL Type="alpha"><DT>a)</DT><DD Font="normal"><LA>Einheiten ohne eigene Rechtspersönlichkeit (Eigenbetriebe),</LA></DD><DT>b)</DT><DD Font="normal"><LA>kommunale Körperschaften,</LA></DD><DT>c)</DT><DD Font="normal"><LA>Zweckverbände sowie</LA></DD><DT>d)</DT><DD Font="normal"><LA>andere juristische Personen zwischengemeindlicher Zusammenarbeit;</LA></DD></DL></LA></DD><DT>2.</DT><DD Font="normal"><LA Size="normal">ein Betrieb ein an einem Standort gelegenes Unternehmen oder ein Teil eines Unternehmens, wenn an diesem Ort oder von diesem Ort aus Wirtschaftstätigkeiten ausgeübt werden, für die in der Regel eine oder mehrere Personen im Auftrag desselben Unternehmens arbeiten.</LA></DD></DL></P></Content></text><fussnoten/></textdaten></norm>
<norm builddate="20250304223004" doknr="BJNR027790975BJNE001206118"><metadaten><jurabk>ProdGewStatG</jurabk><enbez>§ 8</enbez><titel format="XML">Verordnungsermächtigung</titel></metadaten><textdaten><text format="XML"><Content><P>Das Bundesministerium für Wirtschaft und Energie wird ermächtigt, durch Rechtsverordnung mit Zustimmung des Bundesrates <DL Font="normal" Type="arabic"><DT>1.</DT><DD Font="normal"><LA Size="normal">die Erhebung von Sachverhalten auszusetzen, sofern die Ergebnisse nicht mehr benötigt werden,</LA></DD><DT>2.</DT><DD Font="normal"><LA Size="normal">zum Zwecke der Arbeitsersparnis die Berichtszeiträume zu verlängern.</LA></DD></DL></P></Content></text><fussnoten/></textdaten></norm>
<norm builddate="20250304223004" doknr="BJNR027790975BJNE001305118"><metadaten><jurabk>ProdGewStatG</jurabk><enbez>§ 9</enbez><titel format="XML">Auskunftspflicht</titel></metadaten><textdaten><text format="XML"><Content><P>(1) Für die Erhebungen besteht Auskunftspflicht. Auskunftspflichtig ist der Inhaber, die Inhaberin, der Leiter oder die Leiterin der in den §§ 2 bis 6a bezeichneten Betriebe und Unternehmen sowie der in § 7 Abs. 2 Nr. 4 bezeichneten Einheiten. Die Auskunftserteilung zu den Angaben nach § 7 Abs. 2 Nr. 2 ist freiwillig.</P><P>(2) Für Unternehmen, deren Inhaber oder Inhaberinnen Existenzgründer oder Existenzgründerinnen sind, besteht im Kalenderjahr der Betriebseröffnung abweichend von Absatz 1 Satz 1 und 2 keine Auskunftspflicht. In den beiden folgenden Kalenderjahren besteht dann keine Auskunftspflicht, wenn das Unternehmen im letzten abgeschlossenen Geschäftsjahr Umsätze in Höhe von weniger als 800 000 Euro erwirtschaftet hat. Gesellschaften können sich auf die Befreiung von der Auskunftspflicht berufen, wenn alle an der Gesellschaft Beteiligten Existenzgründer oder Existenzgründerinnen sind.</P><P>(3) Existenzgründer und Existenzgründerinnen im Sinne von Absatz 2 sind natürliche Personen, die eine gewerbliche oder freiberufliche Tätigkeit in Form einer Neugründung, einer Übernahme oder einer tätigen Beteiligung aus abhängiger Beschäftigung oder aus der Nichtbeschäftigung heraus aufnehmen.</P></Content></text><fussnoten/></textdaten></norm>
<norm builddate="20250304223004" doknr="BJNR027790975BJNE001404308"><metadaten><jurabk>ProdGewStatG</jurabk><enbez>§ 10</enbez><titel format="XML">Übermittlungsregelung</titel></metadaten><textdaten><text format="XML"><Content><P>(1) An die obersten Bundes- und Landesbehörden dürfen für die Verwendung gegenüber den gesetzgebenden Körperschaften und für Zwecke der Planung, jedoch nicht für die Regelung von Einzelfällen, vom Statistischen Bundesamt und den statistischen Ämtern der Länder Tabellen mit statistischen Ergebnissen übermittelt werden, auch sowie Tabellenfelder nur einen einzigen Fall ausweisen.</P><P>(2) An das Umweltbundesamt dürfen zur Erfüllung europa- und völkerrechtlicher Pflichten der Bundesrepublik Deutschland zur Emissionsberichterstattung, jedoch nicht für die Regelung von Einzelfällen, vom Statistischen Bundesamt Tabellen mit statistischen Ergebnissen übermittelt werden, auch soweit Tabellenfelder nur einen einzigen Fall ausweisen. Die Tabellen dürfen nur von den für diese Aufgabe zuständigen Organisationseinheiten des Umweltbundesamtes gespeichert und genutzt werden. Diese Organisationseinheiten müssen von den mit Vollzugsaufgaben befassten Organisationseinheiten des Umweltbundesamtes räumlich, organisatorisch und personell getrennt sein.</P></Content></text><fussnoten/></textdaten></norm>
<norm builddate="20250304223004" doknr="BJNR027790975BJNE001504377"><metadaten><jurabk>ProdGewStatG</jurabk><enbez>§ 11</enbez><titel format="XML">Erhebung und Aufbereitung</titel></metadaten><textdaten><text format="XML"><Content><P>(1) Die Angaben nach § 3 Buchstabe A Ziffer III, § 3 Buchstabe B, § 5 Ziffer II, § 6 Buchstabe B Ziffer II und § 6a Buchstabe B Ziffer II werden vom Statistischen Bundesamt erhoben und aufbereitet. Die Angaben nach § 6 Buchstabe B Ziffer III werden vom Statistischen Bundesamt aufbereitet.</P><P>(2) Für die Erhebung und Aufbereitung der Angaben nach § 6 Buchstabe B Ziffer I und § 6a Buchstabe B Ziffer I übermittelt das Statistische Bundesamt den statistischen Ämtern der Länder jeweils für ihren Zuständigkeitsbereich Einzelangaben nach § 6 Buchstabe B Ziffer II und § 6a Buchstabe B Ziffer II. Für die Erhebung und Aufbereitung der Angaben nach § 6 Buchstabe B Ziffer II und § 6a Buchstabe B Ziffer II übermitteln die statistischen Ämter der Länder dem Statistischen Bundesamt Einzelangaben aus den Erhebungen nach § 6 Buchstabe B Ziffer I und § 6a Buchstabe B Ziffer I.</P><P>(3) Die statistischen Ämter der Länder übermitteln dem Statistischen Bundesamt auf Anforderung die von ihnen erhobenen Einzelangaben für Sonderaufbereitungen des Bundes.</P></Content></text><fussnoten/></textdaten></norm>
<norm builddate="20250304223004" doknr="BJNR027790975BJNE001603377"><metadaten><jurabk>ProdGewStatG</jurabk><enbez>§ 12</enbez><titel format="parat">Übergangsregelung</titel></metadaten><textdaten><text format="XML"><Content><P>Die Erhebung nach § 2 Satz 2 Buchstabe B Ziffer II Nr. 1 bis 3 wird erstmals im Jahr 2008 für das Jahr 2007 durchgeführt.</P></Content></text><fussnoten/></textdaten></norm>
<norm builddate="20250304223004" doknr="BJNR027790975BJNE001701377"><metadaten><jurabk>ProdGewStatG</jurabk><enbez>§ 13</enbez><titel format="parat">(Änderung von Rechtsvorschriften)</titel></metadaten><textdaten><text format="XML"><Content><P>-</P></Content></text><fussnoten/></textdaten></norm>
<norm builddate="20250304223004" doknr="BJNR027790975BJNE001801377"><metadaten><jurabk>ProdGewStatG</jurabk><enbez>§ 14</enbez><titel format="parat">(Außerkraftsetzung bestehender Vorschriften)</titel></metadaten><textdaten><text format="XML"><Content><P>-</P></Content></text><fussnoten/></textdaten></norm>
<norm builddate="20250304223004" doknr="BJNR027790975BJNE001902377"><metadaten><jurabk>ProdGewStatG</jurabk><enbez>(XXXX) §§ 15 und 16</enbez><titel format="XML">(weggefallen)</titel></metadaten><textdaten><text format="XML"><Content><P/></Content></text><fussnoten/></textdaten></norm>
<norm builddate="20250304223004" doknr="BJNR027790975BJNE002101377"><metadaten><jurabk>ProdGewStatG</jurabk><enbez>§ 17</enbez><titel format="parat">(Inkrafttreten des Gesetzes, Übergangsregelung)</titel></metadaten><textdaten><text format="XML"><Content><P>-</P></Content></text><fussnoten/></textdaten></norm>
</dokumente>