<?xml version="1.0" encoding="UTF-8" ?><!DOCTYPE dokumente SYSTEM "http://www.gesetze-im-internet.de/dtd/1.01/gii-norm.dtd">
<dokumente builddate="20250221223011" doknr="BJNR105370986"><norm builddate="20250221223011" doknr="BJNR105370986"><metadaten><jurabk>PaßG 1986</jurabk><amtabk>PassG</amtabk><ausfertigung-datum manuell="ja">1986-04-19</ausfertigung-datum><fundstelle typ="amtlich"><periodikum>BGBl I</periodikum><zitstelle>1986, 537</zitstelle></fundstelle><langue>Passgesetz</langue><standangabe checked="ja"><standtyp>Neuf</standtyp><standkommentar>Neugefasst durch Bek. v. 30.10.2023 I Nr. 291</standkommentar></standangabe><standangabe checked="ja"><standtyp>Stand</standtyp><standkommentar>zuletzt geändert durch Art. 2 G v. 19.6.2024 I Nr. 206</standkommentar></standangabe><standangabe checked="ja"><standtyp>Hinweis</standtyp><standkommentar>Änderung durch Art. 4 G v. 23.10.2024 I Nr. 322 textlich nachgewiesen, dokumentarisch noch nicht abschließend bearbeitet</standkommentar></standangabe><standangabe checked="ja"><standtyp>Sonst</standtyp><standkommentar>Mittelbare Änderung gem. Art. 1 G v. 23.10.2024 I Nr. 322 ist berücksichtigt</standkommentar></standangabe><standangabe checked="ja"><standtyp>Sonst</standtyp><standkommentar>Mittelbare Änderung gem. Art. 3 G v. 23.10.2024 I Nr. 322 ist berücksichtigt</standkommentar></standangabe></metadaten><textdaten><fussnoten><Content><P><BR/> <pre xml:space="preserve">(+++ Textnachweis ab: 1.1.1988 +++)<BR/>(+++ Maßgaben aufgrund EinigVtr vgl. PaßG 1986 Anhang EV +++)<BR/><BR/></pre>Das G wurde als Artikel 1 des G v. 19.4.1986 I 537 vom Bundestag mit Zustimmung  des Bundesrates beschlossen. Gem. Art. 3 d. PaßG u. d. G zur Änderung der Strafprozeßordnung gilt dieses G nach Maßgabe d. § 13 Abs. 1 d. Dritten ÜberleitungsG auch im Land Berlin; d. G tritt gem. Art. 4 Abs. 1 d. PaßG u. d. G zur Änderung der Strafprozeßordnung am  1.1.1988 in Kraft. <BR/>Überschrift u. Buchstabenabkürzung: IdF d. Bek. v. 30.10.2023 I Nr. 291 mWv 13.10.2023</P></Content></fussnoten></textdaten></norm>
<norm builddate="20250221223011" doknr="BJNR105370986BJNG000101130"><metadaten><jurabk>PaßG 1986</jurabk><jurabk>PassG</jurabk><gliederungseinheit><gliederungskennzahl>010</gliederungskennzahl><gliederungsbez>Erster Abschnitt</gliederungsbez><gliederungstitel>Passvorschriften</gliederungstitel></gliederungseinheit></metadaten><textdaten><text format="XML"><Content><P/></Content></text><fussnoten/></textdaten></norm>
<norm builddate="20250221223011" doknr="BJNR105370986BJNE000408130"><metadaten><jurabk>PaßG 1986</jurabk><jurabk>PassG</jurabk><enbez>§ 1</enbez><titel format="XML">Passpflicht</titel></metadaten><textdaten><text format="XML"><Content><P>(1) Deutsche im Sinne des Artikels 116 Absatz 1 des Grundgesetzes, die aus dem Geltungsbereich dieses Gesetzes aus- oder in ihn einreisen, sind verpflichtet, einen gültigen Pass mitzuführen und sich damit über ihre Person auszuweisen. Der Passpflicht wird durch Vorlage eines Passes der Bundesrepublik Deutschland im Sinne des Absatzes 2 genügt.</P><P>(2) Als Pass im Sinne dieses Gesetzes gelten: <DL Font="normal" Type="arabic"><DT>1.</DT><DD Font="normal"><LA Size="normal">Reisepass,</LA></DD><DT>2.</DT><DD Font="normal"><LA Size="normal">vorläufiger Reisepass,</LA></DD><DT>3.</DT><DD Font="normal"><LA Size="normal">amtlicher Pass<DL Font="normal" Type="arabic"><DT>a)</DT><DD Font="normal"><LA Size="normal">Dienstpass,</LA></DD><DT>b)</DT><DD Font="normal"><LA Size="normal">Diplomatenpass,</LA></DD><DT>c)</DT><DD Font="normal"><LA Size="normal">vorläufiger Dienstpass,</LA></DD><DT>d)</DT><DD Font="normal"><LA Size="normal">vorläufiger Diplomatenpass.</LA></DD></DL></LA></DD></DL></P><P>(3) Niemand darf mehrere Pässe der Bundesrepublik Deutschland besitzen, sofern nicht ein berechtigtes Interesse an der Ausstellung mehrerer Pässe nachgewiesen wird.</P><P>(4) Der Pass darf nur Deutschen im Sinne des Artikels 116 Absatz 1 des Grundgesetzes ausgestellt werden; er ist Eigentum der Bundesrepublik Deutschland. Der amtliche Pass kann auch <DL Font="normal" Type="arabic"><DT>1.</DT><DD Font="normal"><LA Size="normal">Diplomaten im Sinne des Wiener Übereinkommens über diplomatische Beziehungen vom 18. April 1961 (BGBl. 1964 II S. 959) und Konsularbeamten im Sinne des Wiener Übereinkommens über konsularische Beziehungen vom 24. April 1963 (BGBl. 1969 II S. 1587) und deren Familienangehörigen sowie</LA></DD><DT>2.</DT><DD Font="normal"><LA Size="normal">sonstigen Personen, die im amtlichen Auftrag der Bundesrepublik Deutschland im Ausland tätig sind und deren Familienangehörigen, ausgestellt werden,</LA></DD></DL>wenn diese nicht Deutsche im Sinne des Artikels 116 Absatz 1 des Grundgesetzes sind.</P><P>(5) Das Bundesministerium des Innern und für Heimat bestimmt den Passhersteller sowie den Lieferanten von Geräten zur Aufnahme und elektronischen Erfassung von Lichtbildern, sofern diese durch die Passbehörde gefertigt werden, und von Fingerabdrücken und macht deren Namen im Bundesanzeiger bekannt. Dies gilt nicht für Geräte zur Aufnahme und elektronischen Erfassung von Lichtbildern, die im Rahmen einer Antragstellung beim Auswärtigen Amt gefertigt werden.</P></Content></text><fussnoten/></textdaten></norm>
<norm builddate="20250221223011" doknr="BJNR105370986BJNE000504130"><metadaten><jurabk>PaßG 1986</jurabk><jurabk>PassG</jurabk><enbez>§ 2</enbez><titel format="XML">Befreiung von der Passpflicht; Verordnungsermächtigung</titel></metadaten><textdaten><text format="XML"><Content><P>(1) Das Bundesministerium des Innern und für Heimat kann durch Rechtsverordnung mit Zustimmung des Bundesrates <DL Font="normal" Type="arabic"><DT>1.</DT><DD Font="normal"><LA Size="normal">Deutsche zur Erleichterung des Grenzübertritts in besonderen Fällen sowie im Verkehr mit einzelnen ausländischen Staaten von der Passpflicht befreien,</LA></DD><DT>2.</DT><DD Font="normal"><LA Size="normal">andere amtliche Ausweise als Passersatz einführen oder zulassen.</LA></DD></DL></P><P>(2) Die für die polizeiliche Kontrolle des grenzüberschreitenden Verkehrs zuständigen Behörden können in Einzelfällen, insbesondere aus humanitären Gründen, Ausnahmen von der Passpflicht zulassen.</P></Content></text><fussnoten/></textdaten></norm>
<norm builddate="20250221223011" doknr="BJNR105370986BJNE000601130"><metadaten><jurabk>PaßG 1986</jurabk><jurabk>PassG</jurabk><enbez>§ 3</enbez><titel format="XML">Grenzübertritt</titel></metadaten><textdaten><text format="XML"><Content><P>Das Überschreiten der Auslandsgrenze ist nur an zugelassenen Grenzübergangsstellen und innerhalb der festgesetzten Verkehrsstunden zulässig, sofern nicht auf Grund anderer Rechtsvorschriften oder zwischenstaatlicher Vereinbarungen Ausnahmen zugelassen sind.</P></Content></text><fussnoten/></textdaten></norm>
<norm builddate="20250221223011" doknr="BJNR105370986BJNE000714360"><metadaten><jurabk>PaßG 1986</jurabk><jurabk>PassG</jurabk><enbez>§ 4</enbez><titel format="XML">Passmuster; Verordnungsermächtigung</titel></metadaten><textdaten><text format="XML"><Content><P>(1) Pässe sind nach einheitlichen Mustern auszustellen; sie erhalten eine Seriennummer. Der Pass enthält neben dem Lichtbild des Passinhabers, seiner Unterschrift, der Angabe der ausstellenden Behörde, dem Tag der Ausstellung und dem letzten Tag der Gültigkeitsdauer ausschließlich folgende Angaben über seine Person: <DL Font="normal" Type="arabic"><DT>1.</DT><DD Font="normal"><LA Size="normal">Familienname und Geburtsname,</LA></DD><DT>2.</DT><DD Font="normal"><LA Size="normal">Vornamen,</LA></DD><DT>3.</DT><DD Font="normal"><LA Size="normal">Doktorgrad,</LA></DD><DT>4.</DT><DD Font="normal"><LA Size="normal">Ordensname, Künstlername,</LA></DD><DT>5.</DT><DD Font="normal"><LA Size="normal">Tag und Ort der Geburt,</LA></DD><DT>6.</DT><DD Font="normal"><LA Size="normal">Geschlecht,</LA></DD><DT>7.</DT><DD Font="normal"><LA Size="normal">Größe,</LA></DD><DT>8.</DT><DD Font="normal"><LA Size="normal">Farbe der Augen,</LA></DD><DT>9.</DT><DD Font="normal"><LA Size="normal">Wohnort,</LA></DD><DT>10.</DT><DD Font="normal"><LA Size="normal">Staatsangehörigkeit und</LA></DD><DT>11.</DT><DD Font="normal"><LA Size="normal">Seriennummer.</LA></DD></DL>Die Angabe des Geschlechts richtet sich nach der Eintragung im Melderegister. Ist dort das Geschlecht nicht mit „weiblich“ oder „männlich“ angegeben, wird im Pass das Geschlecht mit „X“ bezeichnet. Auf Antrag ist in den Fällen des Satzes 4 ein Pass mit der Angabe „männlich“ oder „weiblich“ auszustellen, wenn durch Vorlage einer ärztlichen Bescheinigung nachgewiesen wird, dass eine Variante der Geschlechtsentwicklung vorliegt. Die Nachweispflicht gilt nicht, wenn der Passbewerber <DL Font="normal" Type="arabic"><DT>1.</DT><DD Font="normal"><LA Size="normal">über keine ärztliche Bescheinigung einer erfolgten medizinischen Behandlung verfügt und das Vorliegen der Variante der Geschlechtsentwicklung wegen der Behandlung nicht mehr oder nur durch eine unzumutbare Untersuchung nachgewiesen werden kann und</LA></DD><DT>2.</DT><DD Font="normal"><LA Size="normal">das Vorliegen der Voraussetzungen von Nummer 1 an Eides statt versichert.</LA></DD></DL>Das nach Satz 5 einzutragende Geschlecht richtet sich nach der letzten Angabe des Geschlechts im Melderegister, welches auf „männlich“ oder „weiblich“ lautete. Bestand eine solche Angabe zu keinem Zeitpunkt, so kann der Passbewerber einmalig das im Pass einzutragende Geschlecht wählen; bis zur Eintragung eines Geschlechts im Melderegister im Sinne von Satz 7 bleibt das gewählte Geschlecht für die Ausstellung künftiger Pässe maßgeblich.</P><P>(2) Der Pass enthält eine Zone für das automatische Lesen. Diese darf lediglich enthalten: <DL Font="normal" Type="arabic"><DT>1.</DT><DD Font="normal"><LA Size="normal">Folgende Abkürzungen:<DL Font="normal" Type="arabic"><DT>a)</DT><DD Font="normal"><LA Size="normal">&quot;P&quot; für Reisepass,</LA></DD><DT>b)</DT><DD Font="normal"><LA Size="normal">&quot;PC&quot; für Kinderreisepass,</LA></DD><DT>c)</DT><DD Font="normal"><LA Size="normal">&quot;PP&quot; für vorläufigen Reisepass,</LA></DD><DT>d)</DT><DD Font="normal"><LA Size="normal">&quot;PO&quot; für Dienstpass und vorläufigen Dienstpass und</LA></DD><DT>e)</DT><DD Font="normal"><LA Size="normal">&quot;PD&quot; für Diplomatenpass und vorläufigen Diplomatenpass,</LA></DD></DL></LA></DD><DT>2.</DT><DD Font="normal"><LA Size="normal">die Abkürzung &quot;D&quot; für Bundesrepublik Deutschland,</LA></DD><DT>3.</DT><DD Font="normal"><LA Size="normal">den Familiennamen,</LA></DD><DT>4.</DT><DD Font="normal"><LA Size="normal">den oder die Vornamen,</LA></DD><DT>5.</DT><DD Font="normal"><LA Size="normal">die Seriennummer des Passes, die sich beim Reisepass, beim Dienstpass und beim Diplomatenpass aus der Behördenkennzahl der Passbehörde und einer zufällig zu vergebenden Passnummer zusammensetzt, die neben Ziffern auch Buchstaben enthalten kann und beim vorläufigen Reisepass, vorläufigen Dienstpass und vorläufigen Diplomatenpass aus einem Serienbuchstaben und sieben Ziffern besteht,</LA></DD><DT>6.</DT><DD Font="normal"><LA Size="normal">die Abkürzung &quot;D&quot; für die Eigenschaft als Deutscher oder im Fall amtlicher Pässe bei abweichender Staatsangehörigkeit die entsprechende Abkürzung hierfür,</LA></DD><DT>7.</DT><DD Font="normal"><LA Size="normal">den Tag der Geburt,</LA></DD><DT>8.</DT><DD Font="normal"><LA Size="normal">die Abkürzung „F“ für Passinhaber weiblichen Geschlechts, die Abkürzung „M“ für Passinhaber männlichen Geschlechts und das Zeichen „&lt;“ für Passinhaber anderen Geschlechts,</LA></DD><DT>9.</DT><DD Font="normal"><LA Size="normal">die Gültigkeitsdauer des Passes,</LA></DD><DT>9a.</DT><DD Font="normal"><LA Size="normal">Versionsnummer des Passmusters,</LA></DD><DT>10.</DT><DD Font="normal"><LA Size="normal">die Prüfziffern und</LA></DD><DT>11.</DT><DD Font="normal"><LA Size="normal">Leerstellen.</LA></DD></DL></P><P>(3) Auf Grund der Verordnung (EG) Nr. 2252/2004 des Rates vom 13. Dezember 2004 über Normen für Sicherheitsmerkmale und biometrische Daten in von den Mitgliedstaaten ausgestellten Pässen und Reisedokumenten (ABl. EU Nr. L 385 S. 1) sind der Reisepass, der Dienstpass und der Diplomatenpass mit einem Chip zu versehen, auf dem das Lichtbild, Fingerabdrücke, die Bezeichnung der erfassten Finger, die Angaben zur Qualität der Abdrücke und die in Absatz 2 Satz 2 genannten Angaben gespeichert werden. Die gespeicherten Daten sind gegen unbefugtes Auslesen, Verändern und Löschen zu sichern. Eine bundesweite Datenbank der biometrischen Daten nach Satz 1 wird nicht errichtet.</P><P>(4) Die Fingerabdrücke werden in Form des flachen Abdrucks des linken und rechten Zeigefingers des Passbewerbers im Chip des Passes gespeichert. Bei Fehlen eines Zeigefingers, ungenügender Qualität des Fingerabdrucks oder Verletzungen der Fingerkuppe wird ersatzweise der flache Abdruck entweder des Daumens, des Mittelfingers oder des Ringfingers gespeichert. Fingerabdrücke sind nicht zu speichern, wenn die Abnahme der Fingerabdrücke aus medizinischen Gründen, die nicht nur vorübergehender Art sind, unmöglich ist.</P><P>(4a) Abweichend von Absatz 3 Satz 1 werden in Reisepässen bei Antragstellern bis zum vollendeten sechsten Lebensjahr keine Fingerabdrücke gespeichert. Die Unterschrift durch das Kind ist zu leisten, wenn es zum Zeitpunkt der Beantragung des Passes das zehnte Lebensjahr vollendet hat.</P><P>(5) Die Muster des Reisepasses und des vorläufigen Reisepasses sowie die Anforderungen an das Lichtbild bestimmt das Bundesministerium des Innern und für Heimat im Benehmen mit dem Auswärtigen Amt durch Rechtsverordnung, die der Zustimmung des Bundesrates bedarf. Dies gilt auch für einen Passersatz, sofern sein Muster nicht in anderen Rechtsvorschriften oder in zwischenstaatlichen Vereinbarungen festgelegt ist.</P><P>(6) Die Muster der amtlichen Pässe, die Anforderungen an das Lichtbild sowie die nähere Bestimmung der in § 1 Absatz 4 Satz 2 genannten Personen bestimmt das Bundesministerium des Innern und für Heimat im Benehmen mit dem Auswärtigen Amt durch Rechtsverordnung, die nicht der Zustimmung des Bundesrates bedarf. In die amtlichen Pässe können Angaben über das Dienstverhältnis des Passinhabers aufgenommen werden. Die Rechtsverordnung kann auch von diesem Gesetz abweichende Bestimmungen über Gültigkeitsdauer, Ausstellung, Einziehung, Sicherstellung und Pflichten des Inhabers enthalten.</P></Content></text><fussnoten/></textdaten></norm>
<norm builddate="20250221223011" doknr="BJNR105370986BJNE000807130"><metadaten><jurabk>PaßG 1986</jurabk><jurabk>PassG</jurabk><enbez>§ 5</enbez><titel format="XML">Gültigkeitsdauer</titel></metadaten><textdaten><text format="XML"><Content><P>(1) Der Reisepass, der Dienstpass und der Diplomatenpass sind zehn Jahre gültig. Bei Personen, die das 24. Lebensjahr noch nicht vollendet haben, sowie im Fall des § 1 Absatz 3 sind sie sechs Jahre gültig.</P><P>(2) (weggefallen)</P><P>(3) Der vorläufige Reisepass, der vorläufige Dienstpass und der vorläufige Diplomatenpass sind höchstens ein Jahr gültig.</P><P>(4) Eine Verlängerung der Gültigkeitsdauer des Passes ist nicht zulässig.</P><P>(5) (weggefallen)</P><P>(6) § 7 Absatz 2 bleibt unberührt.</P></Content></text><fussnoten/></textdaten></norm>
<norm builddate="20250221223011" doknr="BJNR105370986BJNE000909360"><metadaten><jurabk>PaßG 1986</jurabk><jurabk>PassG</jurabk><enbez>§ 6</enbez><titel format="XML">Ausstellung eines Passes</titel></metadaten><textdaten><text format="XML"><Content><P>(1) Der Pass wird auf Antrag ausgestellt. § 3a des Verwaltungsverfahrensgesetzes findet keine Anwendung. Im Antragsverfahren nachzureichende Erklärungen können im Wege der Datenübertragung abgegeben werden. Der Passbewerber und sein gesetzlicher Vertreter können sich bei der Stellung des Antrags nicht durch einen Bevollmächtigten vertreten lassen. Dies gilt nicht für einen handlungs- oder einwilligungsunfähigen Passbewerber, wenn eine für diesen Fall erteilte, öffentlich beglaubigte oder beurkundete Vollmacht vorliegt. Für Minderjährige und für Personen, die geschäftsunfähig sind und sich nicht nach Satz 5 durch einen Bevollmächtigten vertreten lassen, kann nur derjenige den Antrag stellen, der als Sorgeberechtigter ihren Aufenthalt zu bestimmen hat. Der Passbewerber und sein gesetzlicher oder bevollmächtigter Vertreter sollen persönlich erscheinen. Ist der Passbewerber am persönlichen Erscheinen gehindert, kann nur ein vorläufiger Reisepass beantragt werden.</P><P>(2) In dem Antrag sind alle Tatsachen anzugeben, die zur Feststellung der Person des Passbewerbers und seiner Eigenschaft als Deutscher oder, in den Fällen des § 1 Absatz 4 Satz 2, seiner Eigenschaft als Angehöriger eines anderen Staates notwendig sind. Der Passbewerber hat die entsprechenden Nachweise zu erbringen. Soweit in den Pass Fingerabdrücke aufzunehmen sind, sind diese dem Passbewerber abzunehmen und nach Maßgabe des § 4 Absatz 4 elektronisch zu erfassen; der Passbewerber hat bei der Abnahme der Fingerabdrücke mitzuwirken.</P><P>(2a) (weggefallen)</P><P>(2b) In den Fällen des § 1 Absatz 4 Satz 2 darf die zuständige Passbehörde vor Ausstellung eines amtlichen Passes zur Feststellung von Passversagungsgründen nach § 7 Absatz 1 Nummer 1 bis 5 oder zur Prüfung von sonstigen Sicherheitsbedenken um Auskunft aus dem Ausländerzentralregister ersuchen. Soweit dies zur Feststellung von Passversagungsgründen nach § 7 Absatz 1 Nummer 1 bis 5 oder zur Prüfung sonstiger Sicherheitsbedenken erforderlich ist, darf die zuständige Passbehörde in den Fällen des § 1 Absatz 4 Satz 2 die erhobenen Daten nach § 4 Absatz 1 an den Bundesnachrichtendienst, das Bundesamt für Verfassungsschutz, den Militärischen Abschirmdienst, das Bundeskriminalamt und das Zollkriminalamt übermitteln; zusätzlich darf die Passbehörde die nach Absatz 2 Satz 3 erhobenen Daten an das Bundeskriminalamt übermitteln, das Amtshilfe bei der Auswertung der Daten leistet. Satz 2 gilt nicht für Staatsangehörige anderer Mitgliedstaaten der Europäischen Union. Die nach Satz 2 ersuchten Behörden teilen der anfragenden Passbehörde unverzüglich mit, ob Passversagungsgründe nach § 7 Absatz 1 Nummer 1 bis 5 oder sonstige Sicherheitsbedenken vorliegen.</P><P>(3) Bestehen Zweifel über die Person des Passbewerbers, sind die zur Feststellung seiner Identität erforderlichen Maßnahmen zu treffen. Die Passbehörde kann die Durchführung erkennungsdienstlicher Maßnahmen veranlassen, wenn die Identität des Passbewerbers auf andere Weise nicht oder nur unter erheblichen Schwierigkeiten festgestellt werden kann. Ist die Identität festgestellt, so sind die im Zusammenhang mit der Feststellung angefallenen Unterlagen zu vernichten. Über die Vernichtung ist eine Niederschrift anzufertigen.</P><P>(4) Die Passbehörde kann einen Pass von Amts wegen ausstellen, wenn dies im überwiegenden öffentlichen Interesse oder zur Abwendung wesentlicher Nachteile für den Betroffenen geboten ist.</P><P>(5) Die Absätze 1 bis 4 gelten auch für die Ausstellung von ausschließlich als Passersatz bestimmten amtlichen Ausweisen, sofern in den für sie geltenden Rechtsvorschriften nichts anderes bestimmt ist.</P></Content></text><fussnoten/></textdaten></norm>
<norm builddate="20250221223011" doknr="BJNR105370986BJNE003305130"><metadaten><jurabk>PaßG 1986</jurabk><jurabk>PassG</jurabk><enbez>§ 6a</enbez><titel format="XML">Form und Verfahren der Passdatenerfassung, -prüfung und -übermittlung; Verordnungsermächtigung</titel></metadaten><textdaten><text format="XML"><Content><P>(1) Die Datenübermittlung von den Passbehörden an den Passhersteller zum Zweck der Passherstellung, insbesondere die Übermittlung sämtlicher Passantragsdaten, erfolgt durch Datenübertragung. Die Datenübertragung kann auch über Vermittlungsstellen erfolgen. Die beteiligten Stellen haben dem jeweiligen Stand der Technik entsprechende Maßnahmen zur Sicherstellung von Datenschutz und Datensicherheit zu treffen, die insbesondere die Vertraulichkeit und Unversehrtheit der Daten sowie die Feststellbarkeit der übermittelnden Stelle gewährleisten; im Fall der Nutzung allgemein zugänglicher Netze sind dem jeweiligen Stand der Technik entsprechende Verschlüsselungsverfahren anzuwenden.</P><P>(2) Zur elektronischen Erfassung des Lichtbildes und der Fingerabdrücke, deren Qualitätssicherung sowie zur Übermittlung der Passantragsdaten von der Passbehörde an den Passhersteller dürfen ausschließlich solche technischen Systeme und Bestandteile eingesetzt werden, die den Anforderungen der Rechtsverordnung nach Absatz 3 entsprechen. Die Einhaltung der Anforderungen ist vom Bundesamt für Sicherheit in der Informationstechnik festzustellen.</P><P>(3) Das Bundesministerium des Innern und für Heimat wird ermächtigt, durch Rechtsverordnung, die der Zustimmung des Bundesrates bedarf, Regelungen zu treffen <DL Font="normal" Indent="6" Type="arabic"><DT>1.</DT><DD Font="normal"><LA Size="normal">über das Verfahren und die technischen Anforderungen für die Aufnahme, die elektronische Erfassung, die Echtheitsbewertung und die Qualitätssicherung des Lichtbilds,</LA></DD><DT>2.</DT><DD Font="normal"><LA Size="normal">zur sicheren Übermittlung des Lichtbilds an die Passbehörde sowie zu einer Registrierung und Zertifizierung von Dienstleistern, welche Lichtbilder für die Passproduktion an die Passbehörde übermitteln,</LA></DD><DT>2a.</DT><DD Font="normal"><LA Size="normal">über von § 6 Absatz 2 Satz 3 in der ab dem 1. Mai 2025 geltenden Fassung abweichende Verfahren zur Fertigung des Lichtbildes sowie zur sicheren Übermittlung dieses Lichtbildes für Fälle, in denen der Pass im Ausland bei der Passbehörde nach § 19 Absatz 2 beantragt wird,</LA></DD><DT>3.</DT><DD Font="normal"><LA Size="normal">über das Verfahren und die technischen Anforderungen für die Aufnahme, die elektronische Erfassung, die Echtheitsbewertung und die Qualitätssicherung der Fingerabdrücke, die Reihenfolge der zu speichernden Fingerabdrücke bei Fehlen eines Zeigefingers, ungenügender Qualität des Fingerabdrucks oder Verletzungen der Fingerkuppe,</LA></DD><DT>4.</DT><DD Font="normal"><LA Size="normal">über die Änderung von Daten des Passes,</LA></DD><DT>5.</DT><DD Font="normal"><LA Size="normal">über die Form und die Einzelheiten für das Verfahren der Übermittlung sämtlicher Passantragsdaten von den Passbehörden an den Passhersteller,</LA></DD><DT>6.</DT><DD Font="normal"><LA Size="normal">zur Durchführung von automatisierten Mitteilungen oder automatisierten Abrufen nach den §§ 22 und 22a sowie zur Form und zum Inhalt der zu übermittelnden Daten,</LA></DD><DT>7.</DT><DD Font="normal"><LA Size="normal">über die Einzelheiten des Prüfverfahrens nach Absatz 2 Satz 2 und</LA></DD><DT>8.</DT><DD Font="normal"><LA Size="normal">über die Einzelheiten der Ausgabe und den Versand des Passes.</LA></DD></DL>Rechtsverordnungen nach Satz 1 ergehen im Benehmen mit dem Auswärtigen Amt, Rechtsverordnungen nach Satz 1 Nummer 2 zusätzlich im Benehmen mit dem Bundesministerium für Wirtschaft und Klimaschutz.</P></Content></text><fussnoten/></textdaten></norm>
<norm builddate="20250221223011" doknr="BJNR105370986BJNE001006130"><metadaten><jurabk>PaßG 1986</jurabk><jurabk>PassG</jurabk><enbez>§ 7</enbez><titel format="XML">Passversagung</titel></metadaten><textdaten><text format="XML"><Content><P>(1) Der Pass ist zu versagen, wenn bestimmte Tatsachen die Annahme begründen, dass der Passbewerber <DL Font="normal" Type="arabic"><DT>1.</DT><DD Font="normal"><LA Size="normal">die innere oder äußere Sicherheit oder sonstige erhebliche Belange der Bundesrepublik Deutschland gefährdet;</LA></DD><DT>2.</DT><DD Font="normal"><LA Size="normal">sich einer Strafverfolgung oder Strafvollstreckung oder der Anordnung oder der Vollstreckung einer mit Freiheitsentziehung verbundenen Maßregel der Besserung und Sicherung, die im Geltungsbereich dieses Gesetzes gegen ihn schweben, entziehen will;</LA></DD><DT>3.</DT><DD Font="normal"><LA Size="normal">einer Vorschrift des Betäubungsmittelgesetzes über die Einfuhr, Ausfuhr, Durchfuhr oder das Inverkehrbringen von Betäubungsmitteln zuwiderhandeln will;</LA></DD><DT>4.</DT><DD Font="normal"><LA Size="normal">sich seinen steuerlichen Verpflichtungen entziehen oder den Vorschriften des Zoll- und Monopolrechts oder des Außenwirtschaftsrechts zuwiderhandeln oder schwerwiegende Verstöße gegen Einfuhr-, Ausfuhr- oder Durchfuhrverbote oder -beschränkungen begehen will;</LA></DD><DT>5.</DT><DD Font="normal"><LA Size="normal">sich einer gesetzlichen Unterhaltspflicht entziehen will;</LA></DD><DT>6.</DT><DD Font="normal"><LA Size="normal">sich unbefugt zum Wehrdienst außerhalb der Bundeswehr verpflichten will;</LA></DD><DT>7.</DT><DD Font="normal"><LA Size="normal">als Wehrpflichtiger eines Geburtsjahrganges, dessen Erfassung begonnen hat, ohne die nach § 3 Absatz 2 des Wehrpflichtgesetzes erforderliche Genehmigung des Kreiswehrersatzamtes die Bundesrepublik Deutschland für länger als drei Monate verlassen will;</LA></DD><DT>8.</DT><DD Font="normal"><LA Size="normal">als Wehrpflichtiger ohne die nach § 48 Absatz 1 Nummer 5 Buchstabe b oder § 48 Absatz 2 des Wehrpflichtgesetzes erforderliche Genehmigung des Kreiswehrersatzamtes die Bundesrepublik Deutschland verlassen will;</LA></DD><DT>9.</DT><DD Font="normal"><LA Size="normal">als anerkannter Kriegsdienstverweigerer ohne die nach § 23 Absatz 4 des Zivildienstgesetzes erforderliche Genehmigung des Bundesamtes für den Zivildienst die Bundesrepublik Deutschland für länger als drei Monate verlassen will;</LA></DD><DT>10.</DT><DD Font="normal"><LA Size="normal">eine in § 89a des Strafgesetzbuchs beschriebene Handlung vornehmen wird;</LA></DD><DT>11.</DT><DD Font="normal"><LA Size="normal">eine in § 226a des Strafgesetzbuchs beschriebene Handlung vornehmen oder die Vornahme dieser Handlung durch Dritte veranlassen wird;</LA></DD><DT>12.</DT><DD Font="normal"><LA Size="normal">im Ausland eine in den §§ 174, 176, 176a, 176b, 176c, 176d oder 182 des Strafgesetzbuchs beschriebene Handlung vornehmen wird.</LA></DD></DL></P><P>(2) Von der Passversagung ist abzusehen, wenn sie unverhältnismäßig ist, insbesondere wenn es genügt, den Geltungsbereich oder die Gültigkeitsdauer des Passes zu beschränken. Die Beschränkung ist im Pass zu vermerken. Fallen die Voraussetzungen für die Beschränkung fort, wird auf Antrag ein neuer Pass ausgestellt.</P><P>(3) Die Absätze 1 und 2 gelten auch für die Versagung eines ausschließlich als Passersatz bestimmten amtlichen Ausweises.</P><P>(4) Ein Pass oder Passersatz zur Einreise in den Geltungsbereich dieses Gesetzes darf nicht versagt werden.</P><P>(5) (weggefallen)</P></Content></text><fussnoten/></textdaten></norm>
<norm builddate="20250221223011" doknr="BJNR105370986BJNE001101130"><metadaten><jurabk>PaßG 1986</jurabk><jurabk>PassG</jurabk><enbez>§ 8</enbez><titel format="XML">Passentziehung</titel></metadaten><textdaten><text format="XML"><Content><P>Ein Pass oder ein ausschließlich als Passersatz bestimmter amtlicher Ausweis kann dem Inhaber entzogen werden, wenn Tatsachen bekanntwerden, die nach § 7 Absatz 1 die Passversagung rechtfertigen würden.</P></Content></text><fussnoten/></textdaten></norm>
<norm builddate="20250221223011" doknr="BJNR105370986BJNE001202130"><metadaten><jurabk>PaßG 1986</jurabk><jurabk>PassG</jurabk><enbez>§ 9</enbez><titel format="XML">Speicherung von passrechtlichen Maßnahmen</titel></metadaten><textdaten><text format="XML"><Content><P>Anordnungen nach § 7 Absatz 1 oder 2 oder § 8 dürfen im polizeilichen Grenzfahndungsbestand gespeichert werden.</P></Content></text><fussnoten/></textdaten></norm>
<norm builddate="20250221223011" doknr="BJNR105370986BJNE001302130"><metadaten><jurabk>PaßG 1986</jurabk><jurabk>PassG</jurabk><enbez>§ 10</enbez><titel format="XML">Untersagung der Ausreise</titel></metadaten><textdaten><text format="XML"><Content><P>(1) Die für die polizeiliche Kontrolle des grenzüberschreitenden Verkehrs zuständigen Behörden haben einem Deutschen, dem nach § 7 Absatz 1 ein Pass versagt oder nach § 8 ein Pass entzogen worden ist oder gegen den eine Anordnung nach § 6 Absatz 7 des Personalausweisgesetzes ergangen ist, die Ausreise in das Ausland zu untersagen. Sie können einem Deutschen die Ausreise in das Ausland untersagen, wenn Tatsachen die Annahme rechtfertigen, dass bei ihm die Voraussetzungen nach § 7 Absatz 1 vorliegen oder wenn er keinen zum Grenzübertritt gültigen Pass oder Passersatz mitführt. Sie können einem Deutschen die Ausreise in das Ausland auch untersagen, wenn Tatsachen die Annahme rechtfertigen, dass der Geltungsbereich oder die Gültigkeitsdauer seines Passes nach § 7 Absatz 2 Satz 1 zu beschränken ist.</P><P>(2) Die für die polizeiliche Kontrolle des grenzüberschreitenden Verkehrs zuständigen Behörden können einem Deutschen, dem gemäß Absatz 1 Satz 1 die Ausreise in das Ausland zu untersagen ist, in Ausnahmefällen die Ausreise gestatten, wenn er glaubhaft macht, dass er aus einem dringenden Grund in das Ausland reisen muss.</P><P>(3) Die Einreise in den Geltungsbereich dieses Gesetzes darf einem Deutschen nicht versagt werden.</P></Content></text><fussnoten/></textdaten></norm>
<norm builddate="20250221223011" doknr="BJNR105370986BJNE001404130"><metadaten><jurabk>PaßG 1986</jurabk><jurabk>PassG</jurabk><enbez>§ 11</enbez><titel format="XML">Ungültigkeit</titel></metadaten><textdaten><text format="XML"><Content><P>(1) Ein Pass oder Passersatz ist ungültig, wenn <DL Font="normal" Type="arabic"><DT>1.</DT><DD Font="normal"><LA Size="normal">er eine einwandfreie Feststellung der Identität des Passinhabers nicht zulässt oder verändert worden ist;</LA></DD><DT>2.</DT><DD Font="normal"><LA Size="normal">Eintragungen nach diesem Gesetz fehlen oder – mit Ausnahme der Angaben über den Wohnort oder die Größe – unzutreffend sind;</LA></DD><DT>3.</DT><DD Font="normal"><LA Size="normal">die Gültigkeitsdauer abgelaufen ist;</LA></DD><DT>4.</DT><DD Font="normal"><LA Size="normal">gegen den Passinhaber eine Anordnung nach § 8 in Verbindung mit § 7 Absatz 1 Nummer 1 oder Nummer 10 ergangen ist und er den Geltungsbereich dieses Gesetzes verlassen hat; im Falle des § 7 Absatz 1 Nummer 1 gilt dies nur, wenn die Gefährdung darin besteht, dass bestimmte Tatsachen die Annahme begründen, dass der Passinhaber <DL Font="normal" Type="alpha"><DT>a)</DT><DD Font="normal"><LA Size="normal">einer terroristischen Vereinigung nach § 129a des Strafgesetzbuchs oder einer terroristischen Vereinigung nach § 129a in Verbindung mit § 129b Absatz 1 Satz 1 des Strafgesetzbuchs mit Bezug zur Bundesrepublik Deutschland angehört oder diese unterstützt oder</LA></DD><DT>b)</DT><DD Font="normal"><LA Size="normal">rechtswidrig Gewalt gegen Leib oder Leben als Mittel zur Durchsetzung international ausgerichteter politischer oder religiöser Belange anwendet oder eine solche Gewaltanwendung unterstützt oder vorsätzlich hervorruft;</LA></DD></DL></LA></DD><DT>5.</DT><DD Font="normal"><LA Size="normal">gegen den Passinhaber eine Anordnung nach § 7 Absatz 2 Satz 1 in Verbindung mit § 7 Absatz 1 Nummer 1 oder Nummer 10 ergangen ist, er den Geltungsbereich dieses Gesetzes verlassen hat und sich in einem Land aufhält, für das eine räumliche Beschränkung angeordnet wurde; Nummer 4 zweiter Halbsatz gilt entsprechend.</LA></DD></DL></P><P>(2) Eine Passbehörde hat einen Pass für ungültig zu erklären, wenn die Voraussetzungen für seine Erteilung nicht vorgelegen haben oder nachträglich weggefallen sind.</P><P>(3) Störungen der Funktionsfähigkeit des Chips berühren nicht die Gültigkeit des Passes.</P></Content></text><fussnoten/></textdaten></norm>
<norm builddate="20250221223011" doknr="BJNR105370986BJNE001502130"><metadaten><jurabk>PaßG 1986</jurabk><jurabk>PassG</jurabk><enbez>§ 12</enbez><titel format="XML">Einziehung</titel></metadaten><textdaten><text format="XML"><Content><P>(1) Ein nach § 11 ungültiger Pass oder Passersatz kann eingezogen werden. Die Einziehung ist schriftlich zu bestätigen.</P><P>(2) Besitzt jemand unbefugt mehrere Pässe, so sind sie bis auf einen Pass einzuziehen.</P><P>(3) Von der Einziehung kann abgesehen werden, wenn der Mangel, der sie rechtfertigt, geheilt oder fortgefallen ist.</P></Content></text><fussnoten/></textdaten></norm>
<norm builddate="20250221223011" doknr="BJNR105370986BJNE001602130"><metadaten><jurabk>PaßG 1986</jurabk><jurabk>PassG</jurabk><enbez>§ 13</enbez><titel format="XML">Sicherstellung</titel></metadaten><textdaten><text format="XML"><Content><P>(1) Ein Pass oder ein ausschließlich als Passersatz bestimmter amtlicher Ausweis kann sichergestellt werden, wenn <DL Font="normal" Type="arabic"><DT>1.</DT><DD Font="normal"><LA Size="normal">eine Person ihn unberechtigt besitzt;</LA></DD><DT>2.</DT><DD Font="normal"><LA Size="normal">Tatsachen die Annahme rechtfertigen, dass gegen den Inhaber Passversagungsgründe nach § 7 Absatz 1 vorliegen;</LA></DD><DT>3.</DT><DD Font="normal"><LA Size="normal">Tatsachen die Annahme rechtfertigen, dass ein Einziehungsgrund nach § 12 vorliegt.</LA></DD></DL></P><P>(2) Eine Sicherstellung ist schriftlich zu bestätigen.</P><P>(3) (weggefallen)</P></Content></text><fussnoten/></textdaten></norm>
<norm builddate="20250221223011" doknr="BJNR105370986BJNE001702130"><metadaten><jurabk>PaßG 1986</jurabk><jurabk>PassG</jurabk><enbez>§ 14</enbez><titel format="XML">Sofortige Vollziehung</titel></metadaten><textdaten><text format="XML"><Content><P>Widerspruch und Anfechtungsklage gegen die Beschränkung des Geltungsbereiches oder der Gültigkeitsdauer des Passes (§ 7 Absatz 2), gegen die Passentziehung (§ 8), gegen die Untersagung der Ausreise (§ 10) und gegen die Sicherstellung des Passes (§ 13) haben keine aufschiebende Wirkung.</P></Content></text><fussnoten/></textdaten></norm>
<norm builddate="20250221223011" doknr="BJNR105370986BJNE001807130"><metadaten><jurabk>PaßG 1986</jurabk><jurabk>PassG</jurabk><enbez>§ 15</enbez><titel format="XML">Pflichten des Inhabers</titel></metadaten><textdaten><text format="XML"><Content><P>Der Inhaber eines Passes ist verpflichtet, der Passbehörde unverzüglich <DL Font="normal" Type="arabic"><DT>1.</DT><DD Font="normal"><LA Size="normal">den Pass vorzulegen, wenn eine Eintragung unzutreffend ist;</LA></DD><DT>2.</DT><DD Font="normal"><LA Size="normal">auf Verlangen den alten Pass beim Empfang eines neuen Passes abzugeben;</LA></DD><DT>3.</DT><DD Font="normal"><LA Size="normal">den Verlust des Passes und sein Wiederauffinden anzuzeigen;</LA></DD><DT>4.</DT><DD Font="normal"><LA Size="normal">anzuzeigen, wenn er auf Grund freiwilliger Verpflichtung in die Streitkräfte oder einen vergleichbaren bewaffneten Verband eines ausländischen Staates, dessen Staatsangehörigkeit er besitzt, eingetreten ist und</LA></DD><DT>5.</DT><DD Font="normal"><LA Size="normal">im Falle der Ausgabe des Passes im Wege des Versands anzuzeigen, wenn die Sendung unbefugt geöffnet worden ist oder den Pass nicht enthält oder wenn der Pass beschädigt ist oder eine Angabe auf dem Pass unrichtig ist.</LA></DD></DL></P></Content></text><fussnoten/></textdaten></norm>
<norm builddate="20250221223011" doknr="BJNR105370986BJNE001906130"><metadaten><jurabk>PaßG 1986</jurabk><jurabk>PassG</jurabk><enbez>§ 16</enbez><titel format="XML">Datenschutzrechtliche Bestimmungen</titel></metadaten><textdaten><text format="XML"><Content><P>(1) Die Seriennummer und die Prüfziffern dürfen keine Daten über die Person des Passinhabers oder Hinweise auf solche Daten enthalten. Jeder Pass erhält eine neue Seriennummer.</P><P>(2) Beantragung, Ausstellung und Ausgabe von Pässen dürfen nicht zum Anlass genommen werden, die dafür erforderlichen Angaben und die biometrischen Merkmale außer bei den zuständigen Passbehörden zu speichern. Entsprechendes gilt für die zur Ausstellung des Passes erforderlichen Antragsunterlagen sowie für personenbezogene fotografische Datenträger (Mikrofilme). Die bei der Passbehörde gespeicherten Fingerabdrücke sind spätestens nach Aushändigung des Passes an den Passbewerber zu löschen.</P><P>(3) Eine zentrale, alle Seriennummern umfassende Speicherung darf nur bei dem Passhersteller und ausschließlich zum Nachweis des Verbleibs der Pässe erfolgen. Die Übermittlung an öffentliche Stellen nach Absatz 7 bleibt davon unberührt. Die Speicherung der übrigen in § 4 Absatz 1 genannten Angaben und der in § 4 Absatz 3 genannten biometrischen Daten bei dem Passhersteller ist unzulässig, soweit sie nicht ausschließlich und vorübergehend der Herstellung des Passes dient; die Angaben sind anschließend zu löschen.</P><P>(4) Die Seriennummern dürfen nicht mit Hilfe automatisierter Verfahren zum Abruf oder zur Verknüpfung personenbezogener Daten verwendet werden. Abweichend von Satz 1 dürfen die Seriennummern mit Hilfe automatisierter Verfahren zum Abruf verwenden <DL Font="normal" Type="arabic"><DT>1.</DT><DD Font="normal"><LA Size="normal">die Passbehörden zur Erfüllung ihrer Aufgaben,</LA></DD><DT>2.</DT><DD Font="normal"><LA Size="normal">die Polizeibehörden des Bundes und der Länder, der Militärische Abschirmdienst, der Bundesnachrichtendienst, die Verfassungsschutzbehörden des Bundes und der Länder, die Steuerfahndungsdienststellen der Länder, der Zollfahndungsdienst und die Hauptzollämter zur Klärung, <DL Font="normal" Type="alpha"><DT>a)</DT><DD Font="normal"><LA Size="normal">wer Inhaber des Passes ist für den Fall, dass eine ausländische öffentliche Stelle die Seriennummer des Passdokumentes übermittelt hat und anhand der übrigen von der ausländischen Stelle übermittelten Daten eine Feststellung des Inhabers des Passes nicht möglich ist,</LA></DD><DT>b)</DT><DD Font="normal"><LA Size="normal">ob der Pass durch einen Nichtberechtigten genutzt wird oder</LA></DD><DT>c)</DT><DD Font="normal"><LA Size="normal">ob der Pass für ungültig erklärt oder abhandengekommen ist.</LA></DD></DL></LA></DD></DL></P><P>(5) Die Absätze 1 bis 4 gelten auch für einen ausschließlich als Passersatz bestimmten amtlichen Ausweis.</P><P>(6) Auf Verlangen hat die Passbehörde dem Passinhaber Einsicht in die im Chip gespeicherten Daten zu gewähren.</P><P>(7) Der Passhersteller hat öffentlichen Stellen auf deren Verlangen die ausstellende Behörde mitzuteilen.</P></Content></text><fussnoten/></textdaten></norm>
<norm builddate="20250221223011" doknr="BJNR105370986BJNE003402130"><metadaten><jurabk>PaßG 1986</jurabk><jurabk>PassG</jurabk><enbez>§ 16a</enbez><titel format="XML">Echtheitsüberprüfung und Identitätsprüfung; Verarbeitung von Passdaten</titel></metadaten><textdaten><text format="XML"><Content><P>(1) Soweit die Polizeivollzugsbehörden, die Zollverwaltung sowie die Pass-, Personalausweis- und Meldebehörden die Echtheit des Passes oder die Identität des Passinhabers nach anderen Rechtsvorschriften überprüfen dürfen, sind sie befugt, zum Zweck der Überprüfung der Echtheit des Passes oder der Identität des Passinhabers <DL Font="normal" Type="arabic"><DT>1.</DT><DD Font="normal"><LA Size="normal">die auf dem Chip des Passes gespeicherten biometrischen und sonstigen Daten auszulesen,</LA></DD><DT>2.</DT><DD Font="normal"><LA Size="normal">die benötigten biometrischen Daten beim Passinhaber zu erheben und</LA></DD><DT>3.</DT><DD Font="normal"><LA Size="normal">die biometrischen Daten miteinander zu vergleichen.</LA></DD></DL>Echtheits- und Identitätskontrollen über öffentliche Kommunikationswege sind unzulässig.</P><P>(2) Die in Absatz 1 Satz 1 genannten Behörden dürfen Daten, die sie im Rahmen einer Identitätsfeststellung aus dem Chip des Passes ausgelesen haben, mit Ausnahme der biometrischen Daten zur Verarbeitung in einem Datenverarbeitungssystem automatisiert speichern, sofern sie dazu durch ein Gesetz oder auf Grund eines Gesetzes berechtigt sind. Im Übrigen sind die nach Absatz 1 Satz 1 verarbeiteten Daten unverzüglich nach Beendigung der Prüfung der Echtheit des Passes oder der Identität des Passinhabers zu löschen.</P><P>(3) Öffentliche Stellen dürfen, wenn dies durch ein Gesetz oder auf Grund eines Gesetzes bestimmt ist, mit Zustimmung des Passinhabers zur Prüfung der Identität des Passinhabers <DL Font="normal" Type="arabic"><DT>1.</DT><DD Font="normal"><LA Size="normal">die auf dem Chip des Passes gespeicherten Daten nach § 4 Absatz 2 Satz 2 und die Daten, die zur Überprüfung der Echtheit des Passes erforderlich sind, sowie das auf dem Chip gespeicherte Lichtbild auslesen und</LA></DD><DT>2.</DT><DD Font="normal"><LA Size="normal">von den ausgelesenen Daten ausschließlich das Lichtbild, die Daten nach § 4 Absatz 2 Satz 2 Nummer 1 bis 4, 7, 9 sowie die Daten, die zur Überprüfung der Echtheit des Passes erforderlich sind, verwenden.</LA></DD></DL>Anlässlich der Datenverarbeitung nach Satz 1 überprüft die verarbeitende öffentliche Stelle die Echtheit des Passes. Von den nach Satz 1 Nummer 1 ausgelesenen Daten sind die Daten nach Satz 1 Nummer 2 von der verarbeitenden öffentlichen Stelle unverzüglich nach Beendigung der Prüfung der Identität des Inhabers, die übrigen Daten unverzüglich nach dem Auslesen zu löschen, soweit dies nicht durch Gesetz oder auf Grund eines Gesetzes abweichend geregelt ist.</P></Content></text><fussnoten/></textdaten></norm>
<norm builddate="20250221223011" doknr="BJNR105370986BJNE004301130"><metadaten><jurabk>PaßG 1986</jurabk><jurabk>PassG</jurabk><enbez>§ 16b</enbez><titel format="XML">Verarbeitung der sichtbaren Daten des Passes</titel></metadaten><textdaten><text format="XML"><Content><P>(1) Die in § 16a Absatz 1 Satz 1 genannten Behörden dürfen die auf dem Pass sichtbar aufgedruckten Daten durch nicht automatisierte Verfahren verarbeiten, sofern sie dazu durch ein Gesetz oder auf Grund eines Gesetzes berechtigt sind.</P><P>(2) Können die Daten aus dem Chip des Passes nach § 16a Absatz 1 Satz 1 nicht ausgelesen werden, dürfen die dort genannten Behörden die Daten der maschinenlesbaren Zone nach § 4 Absatz 2 Satz 2 automatisiert auslesen und unter den Voraussetzungen des § 16a Absatz 2 Satz 1 speichern. § 16a Absatz 1 Satz 2, Absatz 2 Satz 2 gilt entsprechend.</P></Content></text><fussnoten/></textdaten></norm>
<norm builddate="20250221223011" doknr="BJNR105370986BJNE002002130"><metadaten><jurabk>PaßG 1986</jurabk><jurabk>PassG</jurabk><enbez>§ 17</enbez><titel format="XML">Automatischer Abruf aus Dateien und automatische Speicherung im öffentlichen Bereich</titel></metadaten><textdaten><text format="XML"><Content><P>(1) Behörden und sonstige öffentliche Stellen dürfen den Pass nicht zum automatischen Abruf personenbezogener Daten verwenden. Abweichend von Satz 1 dürfen die Polizeibehörden und -dienststellen des Bundes und der Länder, die Steuerfahndungsstellen der Länder und die Behörden der Zollverwaltung den Pass im Rahmen ihrer Aufgaben und Befugnisse zum automatisierten Abruf personenbezogener Daten verwenden, die für die Zwecke <DL Font="normal" Type="arabic"><DT>1.</DT><DD Font="normal"><LA Size="normal">der Grenzkontrolle,</LA></DD><DT>2.</DT><DD Font="normal"><LA Size="normal">der Fahndung oder Aufenthaltsfeststellung aus Gründen der Strafverfolgung, Strafvollstreckung oder der Abwehr von Gefahren für die öffentliche Sicherheit oder</LA></DD><DT>3.</DT><DD Font="normal"><LA Size="normal">der zollamtlichen Überwachung im Rahmen der polizeilichen Beobachtung</LA></DD></DL>im polizeilichen Fahndungstatbestand geführt werden. Über Abrufe, die zu keiner Feststellung geführt haben, dürfen, vorbehaltlich gesetzlicher Regelungen nach Absatz 2, keine personenbezogenen Aufzeichnungen gefertigt werden.</P><P>(2) Personenbezogene Daten dürfen, soweit gesetzlich nichts anderes bestimmt ist, beim automatischen Lesen des Passes nicht in Dateien gespeichert werden; dies gilt auch für Abrufe aus dem polizeilichen Fahndungsbestand, die zu einer Feststellung geführt haben.</P></Content></text><fussnoten/></textdaten></norm>
<norm builddate="20250221223011" doknr="BJNR105370986BJNE002104130"><metadaten><jurabk>PaßG 1986</jurabk><jurabk>PassG</jurabk><enbez>§ 18</enbez><titel format="XML">Verwendung im nichtöffentlichen Bereich</titel></metadaten><textdaten><text format="XML"><Content><P>(1) Der Pass oder ein Passersatz können auch im nichtöffentlichen Bereich als Ausweis- und Legitimationspapier benutzt werden.</P><P>(2) Die Seriennummern dürfen nicht so verwendet werden, dass mit ihrer Hilfe ein Abruf personenbezogener Daten aus Dateien oder eine Verknüpfung von Dateien möglich ist.</P><P>(3) Der Pass darf nur vom Passinhaber oder von anderen Personen mit Zustimmung des Passinhabers in der Weise abgelichtet werden, dass die Ablichtung eindeutig und dauerhaft als Kopie erkennbar ist. Andere Personen als der Passinhaber dürfen die Kopie nicht an Dritte weitergeben, es sei denn, die Weitergabe erfolgt zur Beantragung eines Visums für den Passinhaber und der Passinhaber hat der Weitergabe zugestimmt. Werden durch Ablichtung personenbezogene Daten aus dem Pass erhoben oder verarbeitet, so darf die datenerhebende oder -verarbeitende Stelle dies nur mit Einwilligung des Passinhabers tun. Die Vorschriften des allgemeinen Datenschutzrechts über die Erhebung und Verwendung personenbezogener Daten bleiben unberührt.</P><P>(4) Beförderungsunternehmen dürfen personenbezogene Daten aus der maschinenlesbaren Zone des Passes elektronisch nur auslesen und verarbeiten, soweit sie auf Grund internationaler Abkommen oder Einreisebestimmungen zur Mitwirkung an Kontrolltätigkeiten im internationalen Reiseverkehr und zur Übermittlung personenbezogener Daten verpflichtet sind. Biometrische Daten dürfen nicht ausgelesen werden. Die Daten sind unverzüglich zu löschen, wenn sie für die Erfüllung dieser Pflichten nicht mehr erforderlich sind.</P></Content></text><fussnoten/></textdaten></norm>
<norm builddate="20250221223011" doknr="BJNR105370986BJNE002205130"><metadaten><jurabk>PaßG 1986</jurabk><jurabk>PassG</jurabk><enbez>§ 19</enbez><titel format="XML">Zuständigkeit</titel></metadaten><textdaten><text format="XML"><Content><P>(1) Für Passangelegenheiten im Geltungsbereich dieses Gesetzes sind die von den Ländern bestimmten Behörden zuständig (Passbehörden). Die Ausstellung ausschließlich als Passersatz bestimmter amtlicher Ausweise mit kurzer Gültigkeitsdauer obliegt den für die polizeiliche Kontrolle des grenzüberschreitenden Verkehrs zuständigen Behörden und Dienststellen.</P><P>(2) Für Passangelegenheiten im Ausland ist das Auswärtige Amt mit den von ihm bestimmten Auslandsvertretungen der Bundesrepublik Deutschland zuständig (Passbehörde).</P><P>(3) Im Geltungsbereich dieses Gesetzes ist die Passbehörde örtlich zuständig, in deren Bezirk der Passbewerber oder der Inhaber eines Passes für seine Wohnung, bei mehreren Wohnungen für seine Hauptwohnung, gemeldet ist. Im Ausland ist die Passbehörde örtlich zuständig, in deren Bezirk sich der Passbewerber oder der Inhaber eines Passes gewöhnlich aufhält. Ist hiernach keine Zuständigkeit begründet, so ist die Passbehörde zuständig, in deren Bezirk er sich vorübergehend aufhält.</P><P>(4) Der Antrag auf Ausstellung eines Passes muss auch von einer örtlich nicht zuständigen Passbehörde bearbeitet werden, wenn ein wichtiger Grund dargelegt wird. Ein Pass darf nur mit Ermächtigung der örtlich zuständigen Passbehörde ausgestellt werden. Für die Ausstellung eines Passes zur Einreise in den Geltungsbereich dieses Gesetzes oder eines hierfür bestimmten Passersatzes bedarf es dieser Ermächtigung nicht.</P><P>(4a) Für das Führen des Passregisters nach § 21 ist die Passbehörde zuständig, welche den Pass ausgestellt hat.</P><P>(5) Passbehörde für amtliche Pässe ist das Auswärtige Amt.</P><P>(6) Für die Sicherstellung sind die Passbehörden und die zur Feststellung von Personalien ermächtigten Behörden und Beamten zuständig.</P></Content></text><fussnoten/></textdaten></norm>
<norm builddate="20250221223011" doknr="BJNR105370986BJNE002308130"><metadaten><jurabk>PaßG 1986</jurabk><jurabk>PassG</jurabk><enbez>§ 20</enbez><titel format="XML">Gebühren und Auslagen, Verordnungsermächtigung</titel></metadaten><textdaten><text format="XML"><Content><P>(1) Für individuell zurechenbare öffentliche Leistungen nach diesem Gesetz und den auf diesem Gesetz beruhenden Rechtsverordnungen erheben die Passbehörden Gebühren und Auslagen nach den Absätzen 2 und 3.</P><P>(2) Die Gebühr soll die mit der individuell zurechenbaren öffentlichen Leistung verbundenen Kosten aller an der Leistung Beteiligten decken. In die Gebühr sind die mit der Leistung regelmäßig verbundenen Auslagen einzubeziehen. Zur Ermittlung der Gebühr sind die Kosten, die nach betriebswirtschaftlichen Grundsätzen als Einzel- und Gemeinkosten zurechenbar und ansatzfähig sind, insbesondere Personal- und Sachkosten sowie kalkulatorische Kosten, zu Grunde zu legen. Zu den Gemeinkosten zählen auch die Kosten der Rechts- und Fachaufsicht. Grundlage der Gebührenermittlung nach den Sätzen 1 bis 4 sind die in der Gesamtheit der Länder mit der jeweiligen Leistung verbundenen Kosten. § 3 Absatz 1 und 2, die §§ 5 bis 7, 9 Absatz 3 bis 6 und die §§ 10 bis 12 des Bundesgebührengesetzes gelten entsprechend.</P><P>(3) Das Bundesministerium des Innern und für Heimat wird ermächtigt, für den Bereich der Landesverwaltung durch Rechtsverordnung mit Zustimmung des Bundesrates die gebührenpflichtigen Tatbestände, die Gebührenhöhe und die Auslagenerstattung näher zu bestimmen. Wird die individuell zurechenbare öffentliche Leistung nach Absatz 1 auf Wunsch des Antragstellers außerhalb der Dienstzeit einer Passbehörde vorgenommen, kann eine Gebühr bis zur doppelten Höhe der nach der Rechtsverordnung nach Satz 1 bestimmten Gebühr erhoben werden.</P><P>(4) Durch Besondere Gebührenverordnung des Auswärtigen Amts nach § 22 Absatz 4 des Bundesgebührengesetzes kann bestimmt werden, dass von den Auslandsvertretungen der Bundesrepublik Deutschland für individuell zurechenbare öffentliche Leistungen nach diesem Gesetz und den auf diesem Gesetz beruhenden Rechtsverordnungen zum Ausgleich von Kaufkraftunterschieden ein Zuschlag erhoben wird. Der Zuschlag kann bis zu 300 Prozent der Gebühren betragen.</P></Content></text><fussnoten/></textdaten></norm>
<norm builddate="20250221223011" doknr="BJNR105370986BJNE002422130"><metadaten><jurabk>PaßG 1986</jurabk><jurabk>PassG</jurabk><enbez>§ 21</enbez><titel format="XML">Passregister</titel></metadaten><textdaten><text format="XML"><Content><P>(1) Die Passbehörden führen Passregister.</P><P>(2) Das Passregister darf neben dem Lichtbild und der Unterschrift des Passinhabers sowie verfahrensbedingten Bearbeitungsvermerken ausschließlich folgende Daten enthalten: <DL Font="normal" Type="arabic"><DT>1.</DT><DD Font="normal"><LA Size="normal">Familienname und ggf. Geburtsname,</LA></DD><DT>2.</DT><DD Font="normal"><LA Size="normal">Vornamen,</LA></DD><DT>3.</DT><DD Font="normal"><LA Size="normal">Doktorgrad,</LA></DD><DT>4.</DT><DD Font="normal"><LA Size="normal">Ordensname, Künstlername,</LA></DD><DT>5.</DT><DD Font="normal"><LA Size="normal">Tag und Ort der Geburt,</LA></DD><DT>6.</DT><DD Font="normal"><LA Size="normal">Geschlecht,</LA></DD><DT>7.</DT><DD Font="normal"><LA Size="normal">Größe, Farbe der Augen,</LA></DD><DT>8.</DT><DD Font="normal"><LA Size="normal">gegenwärtige Anschrift,</LA></DD><DT>8a.</DT><DD Font="normal"><LA Size="normal">E-Mail-Adresse, sofern der Passinhaber in die Speicherung einwilligt,</LA></DD><DT>9.</DT><DD Font="normal"><LA Size="normal">Staatsangehörigkeit,</LA></DD><DT>10.</DT><DD Font="normal"><LA Size="normal">Seriennummer,</LA></DD><DT>11.</DT><DD Font="normal"><LA Size="normal">Gültigkeitsdatum,</LA></DD><DT>12.</DT><DD Font="normal"><LA Size="normal">Nachweise über erteilte Ermächtigungen nach § 19 Absatz 4 Satz 2,</LA></DD><DT>13.</DT><DD Font="normal"><LA Size="normal">Familienname, Vornamen, Tag der Geburt und Unterschrift von gesetzlichen Vertretern,</LA></DD><DT>14.</DT><DD Font="normal"><LA Size="normal">ausstellende Behörde,</LA></DD><DT>14a.</DT><DD Font="normal"><LA Size="normal">die örtlich zuständige Passbehörde, wenn diese nicht mit der ausstellenden Passbehörde identisch ist,</LA></DD><DT>15.</DT><DD Font="normal"><LA Size="normal">Vermerke über Anordnungen nach den §§ 7, 8 und 10.</LA></DD></DL></P><P>(3) Das Passregister dient <DL Font="normal" Type="arabic"><DT>1.</DT><DD Font="normal"><LA Size="normal">der Ausstellung der Pässe und der Feststellung ihrer Echtheit,</LA></DD><DT>2.</DT><DD Font="normal"><LA Size="normal">der Identitätsfeststellung der Person, die den Pass besitzt oder für die er ausgestellt ist,</LA></DD><DT>3.</DT><DD Font="normal"><LA Size="normal">der Durchführung dieses Gesetzes.</LA></DD></DL></P><P>(4) Personenbezogene Daten im Passregister sind mindestens bis zur Ausstellung eines neuen Passes, höchstens jedoch bis zu fünf Jahren nach dem Ablauf der Gültigkeit des Passes, auf den sie sich beziehen, zu speichern und dann zu löschen. Für die Passbehörden nach § 19 Absatz 2 bei der Wahrnehmung konsularischer Aufgaben beträgt die Frist 30 Jahre.</P><P>(5) Die zuständige Passbehörde führt den Nachweis über Pässe, für die sie eine Ermächtigung gemäß § 19 Absatz 4 Satz 2 erteilt hat.</P><P>(6) Wird eine andere als die ausstellende Passbehörde örtlich zuständig, darf sie die in Absatz 2 genannten und zur Wahrnehmung ihrer Aufgaben erforderlichen Daten mit Ausnahme der biometrischen Daten speichern. Absatz 4 gilt entsprechend.</P></Content></text><fussnoten/></textdaten></norm>
<norm builddate="20250221223011" doknr="BJNR105370986BJNE002508130"><metadaten><jurabk>PaßG 1986</jurabk><jurabk>PassG</jurabk><enbez>§ 22</enbez><titel format="XML">Verarbeitung und Nutzung der Daten im Passregister</titel></metadaten><textdaten><text format="XML"><Content><P>(1) Die Passbehörden dürfen personenbezogene Daten nur nach Maßgabe dieses Gesetzes, anderer Gesetze oder Rechtsverordnungen erheben, verarbeiten oder nutzen.</P><P>(1a) Passbehörden dürfen anderen Passbehörden im automatisierten Verfahren Daten des Passregisters übermitteln oder Daten aus Passregistern, die in Zuständigkeit anderer Passbehörden geführt werden, abrufen, sofern dies zur Wahrnehmung ihrer Pflichten erforderlich ist. Dies gilt nicht für biometrische Daten.</P><P>(2) Die Passbehörden dürfen anderen Behörden auf deren Ersuchen Daten aus dem Passregister übermitteln. Voraussetzung ist, dass <DL Font="normal" Type="arabic"><DT>1.</DT><DD Font="normal"><LA Size="normal">die ersuchende Behörde auf Grund von Gesetzen oder Rechtsverordnungen berechtigt ist, solche Daten zu erhalten,</LA></DD><DT>2.</DT><DD Font="normal"><LA Size="normal">die ersuchende Behörde ohne Kenntnis der Daten nicht in der Lage wäre, eine ihr obliegende Aufgabe zu erfüllen und</LA></DD><DT>3.</DT><DD Font="normal"><LA Size="normal">die Daten bei dem Betroffenen nicht oder nur mit unverhältnismäßig hohem Aufwand erhoben werden können oder nach der Art der Aufgabe, zu deren Erfüllung die Daten erforderlich sind, von einer solchen Datenerhebung abgesehen werden muss.</LA></DD></DL>Hinsichtlich der Daten, die auch im Melderegister enthalten sind, finden außerdem die im Bundesmeldegesetz enthaltenen Beschränkungen Anwendung.</P><P>(3) Die ersuchende Behörde trägt die Verantwortung dafür, dass die Voraussetzungen des Absatzes 2 vorliegen. Ein Ersuchen nach Absatz 2 darf nur von Bediensteten gestellt werden, die vom Behördenleiter dafür besonders ermächtigt sind. Die ersuchende Behörde hat den Anlass des Ersuchens und die Herkunft der übermittelten Daten und Unterlagen aktenkundig zu machen. Wird die Passbehörde von dem Bundesamt für Verfassungsschutz, den Landesbehörden für Verfassungsschutz, dem Militärischen Abschirmdienst, dem Bundesnachrichtendienst, dem Bundeskriminalamt oder dem Generalbundesanwalt oder der Generalbundesanwältin um die Übermittlung von Daten ersucht, so hat die ersuchende Behörde den Familiennamen, die Vornamen und die Anschrift des Betroffenen unter Hinweis auf den Anlass der Übermittlung aufzuzeichnen. Die Aufzeichnungen sind gesondert aufzubewahren, durch technische und organisatorische Maßnahmen zu sichern und am Ende des Kalenderjahres, das dem Jahr der Übermittlung folgt, zu vernichten.</P><P>(4) Die Daten des Passregisters und des Melderegisters dürfen zur Berichtigung des jeweils anderen Registers verwandt werden.</P><P>(5) Passbehörden, die Kenntnis von dem Abhandenkommen eines Passes erlangen, haben die zuständige Passbehörde, die ausstellende Passbehörde und eine Polizeibehörde unverzüglich in Kenntnis zu setzen; eine Polizeibehörde, die anderweitig Kenntnis vom Abhandenkommen eines Passes erlangt, hat die zuständige und die ausstellende Passbehörde unverzüglich zu unterrichten. Dabei sollen Angaben zum Familiennamen und den Vornamen des Inhabers, zur Seriennummer, zur ausstellenden Behörde, zum Ausstellungsdatum und zur Gültigkeitsdauer des Passes übermittelt werden. Die Polizeibehörde hat die Einstellung in die polizeiliche Sachfahndung vorzunehmen.</P><P>(6) Stellt eine nicht zuständige Passbehörde nach § 19 Absatz 4 einen Pass aus, so hat sie der zuständigen Passbehörde den Familiennamen, die Vornamen, den Tag und Ort der Geburt, die ausstellende Passbehörde, das Ausstellungsdatum, die Gültigkeitsdauer und die Seriennummer des Passes zu übermitteln.</P></Content></text><fussnoten/></textdaten></norm>
<norm builddate="20250221223011" doknr="BJNR105370986BJNE003506130"><metadaten><jurabk>PaßG 1986</jurabk><jurabk>PassG</jurabk><enbez>§ 22a</enbez><titel format="XML">Datenübertragung und automatisierter Abruf von Lichtbildern</titel></metadaten><textdaten><text format="XML"><Content><P>(1) In den Fällen des § 22 Absatz 2 kann die Übermittlung auch durch Datenübertragung erfolgen. § 6a Absatz 1 Satz 3 gilt entsprechend.</P><P>(2) Im Fall der Übermittlung von Lichtbildern durch Passbehörden nach § 19 Absatz 1 Satz 1 an die Ordnungsbehörden im Rahmen der Verfolgung von Verkehrsordnungswidrigkeiten kann der Abruf des Lichtbildes im automatisierten Verfahren erfolgen. Der Abruf ist nur zulässig, wenn die Passbehörde nicht erreichbar ist und ein weiteres Abwarten den Ermittlungszweck gefährden würde. Zuständig für den Abruf sind die Polizeivollzugsbehörden auf Ebene der Landkreise und kreisfreien Städte, die durch Landesrecht bestimmt werden. Die abrufende Behörde trägt die Verantwortung dafür, dass die Voraussetzungen der Absätze 1 und 2 Satz 2 vorliegen. Die Polizeibehörden des Bundes und der Länder, der Militärische Abschirmdienst, der Bundesnachrichtendienst, die Verfassungsschutzbehörden des Bundes und der Länder, Steuerfahndungsdienststellen der Länder, der Zollfahndungsdienst und die Hauptzollämter dürfen das Lichtbild zur Erfüllung ihrer Aufgaben im automatisierten Verfahren abrufen. Ferner dürfen die zur Ausstellung <DL Font="normal" Type="arabic"><DT>1.</DT><DD Font="normal"><LA Size="normal">des Führerscheins,</LA></DD><DT>2.</DT><DD Font="normal"><LA Size="normal">des Fahrerqualifizierungsnachweises oder</LA></DD><DT>3.</DT><DD Font="normal"><LA Size="normal">der Fahrerkarte</LA></DD></DL>zuständigen Behörden das Lichtbild sowie die Unterschrift der antragstellenden Person im automatisierten Verfahren abrufen, wenn die antragstellende Person zuvor im Rahmen der Online-Beantragung in die elektronische Übermittlung eingewilligt hat. Die abrufende Behörde trägt die Verantwortung dafür, dass die Voraussetzungen des Absatzes 1 vorliegen. Über alle Abrufe sind von den beteiligten Behörden Aufzeichnungen zu fertigen, die eine Kontrolle der Zulässigkeit der Abrufe ermöglichen. Abrufe nach den Sätzen 5 und 6 werden nur von der abrufenden Behörde protokolliert. Die Aufzeichnungen enthalten: <DL Font="normal" Type="arabic"><DT>1.</DT><DD Font="normal"><LA Size="normal">die nach § 4 Absatz 1 der Pass- und Personalausweisdatenabrufverordnung verwendeten Auswahldaten bei Abrufen nach den Sätzen 4 und 5, in anderen Fällen den Familiennamen, Vornamen sowie den Tag und den Ort der Geburt der Person, deren Lichtbild abgerufen wurde,</LA></DD><DT>2.</DT><DD Font="normal"><LA Size="normal">Tag und Uhrzeit des Abrufs,</LA></DD><DT>3.</DT><DD Font="normal"><LA Size="normal">die Bezeichnung der am Abruf beteiligten Stellen,</LA></DD><DT>4.</DT><DD Font="normal"><LA Size="normal">die Angabe der abrufenden und verantwortlichen Person sowie</LA></DD><DT>5.</DT><DD Font="normal"><LA Size="normal">das Aktenzeichen.</LA></DD></DL>§ 22 Absatz 3 Satz 5 gilt entsprechend.</P></Content></text><fussnoten/></textdaten></norm>
<norm builddate="20250221223011" doknr="BJNR105370986BJNE002602130"><metadaten><jurabk>PaßG 1986</jurabk><jurabk>PassG</jurabk><enbez>§ 23</enbez><titel format="XML">Weisungsbefugnis</titel></metadaten><textdaten><text format="XML"><Content><P>(1) Die Bundesregierung kann Einzelweisungen zur Ausführung dieses Gesetzes und der hierzu erlassenen Rechtsverordnungen erteilen, wenn die innere oder äußere Sicherheit oder sonstige erhebliche Belange der Bundesrepublik Deutschland es erfordern.</P><P>(2) (weggefallen)</P></Content></text><fussnoten/></textdaten></norm>
<norm builddate="20250221223011" doknr="BJNR105370986BJNG000201130"><metadaten><jurabk>PaßG 1986</jurabk><jurabk>PassG</jurabk><gliederungseinheit><gliederungskennzahl>020</gliederungskennzahl><gliederungsbez>Zweiter Abschnitt</gliederungsbez><gliederungstitel>Straf- und Bußgeldvorschriften</gliederungstitel></gliederungseinheit></metadaten><textdaten><text format="XML"><Content><P/></Content></text><fussnoten/></textdaten></norm>
<norm builddate="20250221223011" doknr="BJNR105370986BJNE002703130"><metadaten><jurabk>PaßG 1986</jurabk><jurabk>PassG</jurabk><enbez>§ 24</enbez><titel format="XML">Straftaten</titel></metadaten><textdaten><text format="XML"><Content><P>(1) Mit Freiheitsstrafe bis zu einem Jahr oder mit Geldstrafe wird bestraft, wer als Deutscher im Sinne des Artikels 116 Absatz 1 des Grundgesetzes <DL Font="normal" Type="arabic"><DT>1.</DT><DD Font="normal"><LA Size="normal">aus dem Geltungsbereich dieses Gesetzes über eine Auslandsgrenze ausreist, obwohl ihm ein Pass versagt oder vollziehbar entzogen worden ist oder gegen ihn eine vollziehbare Anordnung nach § 7 Absatz 2 dieses Gesetzes oder nach § 6 Absatz 7 des Personalausweisgesetzes ergangen ist oder</LA></DD><DT>2.</DT><DD Font="normal"><LA Size="normal">aus dem Geltungsbereich dieses Gesetzes über eine Auslandsgrenze ausreist, obwohl ihm von einer für die polizeiliche Kontrolle des grenzüberschreitenden Verkehrs zuständigen Behörde nach § 10 Absatz 1 Satz 2 oder 3 die Ausreise untersagt worden ist.</LA></DD></DL></P><P>(2) Der Versuch ist strafbar.</P></Content></text><fussnoten/></textdaten></norm>
<norm builddate="20250221223011" doknr="BJNR105370986BJNE002808130"><metadaten><jurabk>PaßG 1986</jurabk><jurabk>PassG</jurabk><enbez>§ 25</enbez><titel format="XML">Ordnungswidrigkeiten</titel></metadaten><textdaten><text format="XML"><Content><P>(1) Ordnungswidrig handelt, wer fahrlässig eine der in § 24 Absatz 1 Nummer 1 bezeichneten Handlungen begeht.</P><P>(2) Ordnungswidrig handelt auch, wer <DL Font="normal" Type="arabic"><DT>1.</DT><DD Font="normal"><LA Size="normal">entgegen § 6 Absatz 2 Satz 1 eine Angabe nicht richtig macht,</LA></DD><DT>2.</DT><DD Font="normal"><LA Size="normal">durch unrichtige Angaben die Ausstellung eines weiteren Passes bewirkt,</LA></DD><DT>3.</DT><DD Font="normal"><LA Size="normal">sich der polizeilichen Kontrolle des grenzüberschreitenden Verkehrs über eine Auslandsgrenze entzieht,</LA></DD><DT>4.</DT><DD Font="normal"><LA Size="normal">entgegen § 15 Nummer 3 oder 4 eine Anzeige nicht oder nicht rechtzeitig erstattet oder</LA></DD><DT>5.</DT><DD Font="normal"><LA Size="normal">entgegen § 18 Absatz 3 Satz 2 eine Kopie weitergibt.</LA></DD></DL></P><P>(3) Ordnungswidrig handelt auch, wer vorsätzlich oder fahrlässig <DL Font="normal" Type="arabic"><DT>1.</DT><DD Font="normal"><LA Size="normal">entgegen § 1 Absatz 1 Satz 1, auch in Verbindung mit einer Rechtsverordnung nach § 2 Absatz 1 Nummer 2, einen Pass oder Passersatz nicht mitführt oder sich nicht oder nicht rechtzeitig ausweist oder</LA></DD><DT>2.</DT><DD Font="normal"><LA Size="normal">entgegen § 3 eine Auslandsgrenze außerhalb der zugelassenen Grenzübergangsstellen oder der festgesetzten Verkehrsstunden überschreitet.</LA></DD></DL></P><P>(4) Die Ordnungswidrigkeit kann in den Fällen des Absatzes 1 und des Absatzes 2 Nummer 5 mit einer Geldbuße bis zu dreißigtausend Euro und in den übrigen Fällen mit einer Geldbuße bis zu fünftausend Euro geahndet werden.</P><P>(5) In den Fällen der Absätze 2 und 3 kann der Versuch der Ordnungswidrigkeit geahndet werden.</P><P>(6) In den Fällen des Absatzes 2 Nummer 2 und 4 kann die Tat auch dann geahndet werden, wenn sie im Ausland begangen wird.</P></Content></text><fussnoten/></textdaten></norm>
<norm builddate="20250221223011" doknr="BJNR105370986BJNE002906130"><metadaten><jurabk>PaßG 1986</jurabk><jurabk>PassG</jurabk><enbez>§ 26</enbez><titel format="XML">Bußgeldbehörden</titel></metadaten><textdaten><text format="XML"><Content><P>Verwaltungsbehörden im Sinne des § 36 Absatz 1 Nummer 1 des Gesetzes über Ordnungswidrigkeiten sind <DL Font="normal" Type="arabic"><DT>1.</DT><DD Font="normal"><LA Size="normal">für die Auslandsvertretungen der Bundesrepublik Deutschland das Auswärtige Amt oder die vom Auswärtigen Amt im Benehmen mit dem Bundesministerium des Innern und für Heimat durch Rechtsverordnung bestimmte Behörde des Bundes; die Rechtsverordnung bedarf nicht der Zustimmung des Bundesrates;</LA></DD><DT>2.</DT><DD Font="normal"><LA Size="normal">die in der Rechtsverordnung nach § 58 Absatz 1 des Bundespolizeigesetzes bestimmten Bundespolizeibehörden, soweit nicht die Länder im Einvernehmen mit dem Bund Aufgaben des grenzpolizeilichen Einzeldienstes mit eigenen Kräften wahrnehmen.</LA></DD></DL></P></Content></text><fussnoten/></textdaten></norm>
<norm builddate="20250221223011" doknr="BJNR105370986BJNG000301130"><metadaten><jurabk>PaßG 1986</jurabk><jurabk>PassG</jurabk><gliederungseinheit><gliederungskennzahl>030</gliederungskennzahl><gliederungsbez>Dritter Abschnitt</gliederungsbez><gliederungstitel>Schlussvorschriften</gliederungstitel></gliederungseinheit></metadaten><textdaten><text format="XML"><Content><P/></Content></text><fussnoten/></textdaten></norm>
<norm builddate="20250221223011" doknr="BJNR105370986BJNE003005130"><metadaten><jurabk>PaßG 1986</jurabk><jurabk>PassG</jurabk><enbez>§ 27</enbez><titel format="XML">Allgemeine Verwaltungsvorschriften</titel></metadaten><textdaten><text format="XML"><Content><P>Das Auswärtige Amt erlässt im Benehmen mit dem Bundesministerium des Innern und für Heimat allgemeine Verwaltungsvorschriften über das Ausstellen amtlicher Pässe.</P></Content></text><fussnoten/></textdaten></norm>
<norm builddate="20250221223011" doknr="BJNR105370986BJNE003701130"><metadaten><jurabk>PaßG 1986</jurabk><jurabk>PassG</jurabk><enbez>§ 27a</enbez><titel format="XML">Regelungsbefugnisse der Länder</titel></metadaten><textdaten><text format="XML"><Content><P>Durch Landesrecht können zentrale Passregisterdatenbestände zur Speicherung des Lichtbilds und der Unterschrift für die Durchführung eines automatisierten Abrufs des Lichtbilds nach § 22a Absatz 2 Satz 1 und 5 sowie eines automatisierten Abrufs des Lichtbilds und der Unterschrift nach § 22a Absatz 2 Satz 6 eingerichtet werden. In diesem Fall gelten § 4 Absatz 3 Satz 3, § 21 Absatz 4 und § 22a Absatz 2 Satz 6 bis 9 entsprechend. Macht ein Land von der Regelungsbefugnis Gebrauch, hat es technisch sicherzustellen, dass die Lichtbilder und Unterschriften vor unbefugtem Zugriff geschützt sind. Die Lichtbilder und Unterschriften dürfen nur so gespeichert werden, dass keine Verknüpfung mit anderen als für den automatisierten Abruf benötigten Daten ermöglicht wird.</P></Content></text><fussnoten/></textdaten></norm>
<norm builddate="20250221223011" doknr="BJNR105370986BJNE003604130"><metadaten><jurabk>PaßG 1986</jurabk><jurabk>PassG</jurabk><enbez>§ 28</enbez><titel format="XML">Übergangsvorschrift für Kinderreisepässe</titel></metadaten><textdaten><text format="XML"><Content><P>(1) Für Kinderreisepässe, die vor dem 1. Januar 2021 beantragt worden sind, ist § 5 Absatz 2 in der bis einschließlich 31. Dezember 2020 geltenden Fassung weiterhin anzuwenden.</P><P>(2) Für Kinderreisepässe, die ab dem 1. Januar 2021, aber vor dem 1. Januar 2024 beantragt worden sind, ist § 5 Absatz 2 in der bis einschließlich 31. Dezember 2023 geltenden Fassung weiterhin anzuwenden.</P></Content></text><fussnoten/></textdaten></norm>
</dokumente>