<?xml version="1.0" encoding="UTF-8" ?><!DOCTYPE dokumente SYSTEM "http://www.gesetze-im-internet.de/dtd/1.01/gii-norm.dtd">
<dokumente builddate="20230627213512" doknr="BJNR302600020"><norm builddate="20230627213512" doknr="BJNR302600020"><metadaten><jurabk>BEHV</jurabk><amtabk>BEHV</amtabk><ausfertigung-datum manuell="ja">2020-12-17</ausfertigung-datum><fundstelle typ="amtlich"><periodikum>BGBl I</periodikum><zitstelle>2020, 3026</zitstelle></fundstelle><kurzue>Brennstoffemissionshandelsverordnung</kurzue><langue>Verordnung zur Durchführung des Brennstoffemissionshandelsgesetzes</langue><standangabe checked="ja"><standtyp>Stand</standtyp><standkommentar>Geändert durch Art. 1 V v. 21.6.2023 I Nr. 163</standkommentar></standangabe></metadaten><textdaten><fussnoten><Content><P><BR/> <pre xml:space="preserve">(+++ Textnachweis ab: 24.12.2020 +++)<BR/><BR/></pre></P></Content></fussnoten></textdaten></norm>
<norm builddate="20230627213512" doknr="BJNR302600020BJNE000100000"><metadaten><jurabk>BEHV</jurabk><enbez>Eingangsformel</enbez></metadaten><textdaten><text format="XML"><Content><P>Auf Grund des § 10 Absatz 3 des Brennstoffemissionshandelsgesetzes vom 12. Dezember 2019 (BGBl. I S. 2728) verordnet die Bundesregierung und auf Grund des § 12 Absatz 5 des Brennstoffemissionshandelsgesetzes vom 12. Dezember 2019 (BGBl. I S. 2728) verordnet das Bundesministerium für Umwelt, Naturschutz und nukleare Sicherheit:</P></Content></text></textdaten></norm>
<norm builddate="20230627213512" doknr="BJNR302600020BJNE000201130"><metadaten><jurabk>BEHV</jurabk><enbez>Inhaltsübersicht</enbez></metadaten><textdaten><text format="XML"><TOC><Ident Class="S1">Abschnitt 1</Ident><P/><Title Align="auto" Class="S1">Allgemeine Vorschriften</Title><P/><table colsep="0" frame="none" pgwide="1" rowsep="0" tocentry="%yes;"><tgroup align="left" char="" charoff="50" cols="2"><colspec colname="col1" colwidth="12*"/><colspec colname="col2" colwidth="88*"/><tbody valign="top"><row><entry VJ="1" colname="col1">§  1</entry><entry VJ="1" colname="col2">Anwendungsbereich und Zweck</entry></row><row><entry VJ="1" colname="col1">§  2</entry><entry VJ="1" colname="col2">Begriffsbestimmungen</entry></row></tbody></tgroup></table><P/><Ident Class="S1">Abschnitt 2</Ident><P/><Title Align="auto" Class="S1">Veräußerung von Emissionszertifikaten<BR/> (zu § 10 des Gesetzes)</Title><P/><Ident Class="S0">Unterabschnitt 1</Ident><P/><Title Align="auto" Class="S0">Beauftragung für den<BR/>Verkauf von Emissionszertifikaten</Title><P/><table colsep="0" frame="none" pgwide="1" rowsep="0" tocentry="%yes;"><tgroup align="left" char="" charoff="50" cols="2"><colspec colname="col1" colwidth="12*"/><colspec colname="col2" colwidth="88*"/><tbody valign="top"><row><entry VJ="1" colname="col1">§  3</entry><entry VJ="1" colname="col2">Zuständige Stelle, beauftragte Stelle, Delegation des Verkaufs zum Festpreis</entry></row><row><entry VJ="1" colname="col1">§  4</entry><entry VJ="1" colname="col2">Voraussetzungen für die Beauftragung der beauftragten Stelle</entry></row></tbody></tgroup></table><P/><Ident Class="S0">Unterabschnitt 2</Ident><P/><Title Align="auto" Class="S0">Verkauf der<BR/>Emissionszertifikate zum Festpreis</Title><P/><table colsep="0" frame="none" pgwide="1" rowsep="0" tocentry="%yes;"><tgroup align="left" char="" charoff="50" cols="2"><colspec colname="col1" colwidth="12*"/><colspec colname="col2" colwidth="88*"/><tbody valign="top"><row><entry VJ="1" colname="col1">§  5</entry><entry VJ="1" colname="col2">Zugangsbedingungen</entry></row><row><entry VJ="1" colname="col1">§  6</entry><entry VJ="1" colname="col2">Verkaufstermine, Mindestkaufmenge</entry></row><row><entry VJ="1" colname="col1">§  7</entry><entry VJ="1" colname="col2">Berichtspflichten, Überwachung, Datenweitergabe</entry></row><row><entry VJ="1" colname="col1">§  8</entry><entry VJ="1" colname="col2">Transaktionsentgelte</entry></row></tbody></tgroup></table><P/><Ident Class="S1">Abschnitt 3</Ident><P/><Title Align="auto" Class="S1">Nationales Emissionshandelsregister<BR/> (zu § 12 des Gesetzes)</Title><P/><Ident Class="S0">Unterabschnitt 1</Ident><P/><Title Align="auto" Class="S0">Allgemeine Bestimmungen</Title><P/><table colsep="0" frame="none" pgwide="1" rowsep="0" tocentry="%yes;"><tgroup align="left" char="" charoff="50" cols="2"><colspec colname="col1" colwidth="12*"/><colspec colname="col2" colwidth="88*"/><tbody valign="top"><row><entry VJ="1" colname="col1">§  9</entry><entry VJ="1" colname="col2">Emissionshandelsregister und Transaktionsprotokoll</entry></row></tbody></tgroup></table><P/><Ident Class="S0">Unterabschnitt 2</Ident><P/><Title Align="auto" Class="S0">Konten</Title><P/><table colsep="0" frame="none" pgwide="1" rowsep="0" tocentry="%yes;"><tgroup align="left" char="" charoff="50" cols="2"><colspec colname="col1" colwidth="12*"/><colspec colname="col2" colwidth="88*"/><tbody valign="top"><row><entry VJ="1" colname="col1">§ 10</entry><entry VJ="1" colname="col2">Kontoarten</entry></row><row><entry VJ="1" colname="col1">§ 11</entry><entry VJ="1" colname="col2">Kontostatus</entry></row><row><entry VJ="1" colname="col1">§ 12</entry><entry VJ="1" colname="col2">Eröffnung von Konten</entry></row><row><entry VJ="1" colname="col1">§ 13</entry><entry VJ="1" colname="col2">Aktualisierung von Kontoangaben</entry></row><row><entry VJ="1" colname="col1">§ 14</entry><entry VJ="1" colname="col2">Sperrung von Konten</entry></row><row><entry VJ="1" colname="col1">§ 15</entry><entry VJ="1" colname="col2">Schließung von Konten</entry></row></tbody></tgroup></table><P/><Ident Class="S0">Unterabschnitt 3</Ident><P/><Title Align="auto" Class="S0">Kontobevollmächtigte Personen</Title><P/><table colsep="0" frame="none" pgwide="1" rowsep="0" tocentry="%yes;"><tgroup align="left" char="" charoff="50" cols="2"><colspec colname="col1" colwidth="12*"/><colspec colname="col2" colwidth="88*"/><tbody valign="top"><row><entry VJ="1" colname="col1">§ 16</entry><entry VJ="1" colname="col2">Bestimmung und Ernennung von kontobevollmächtigten Personen</entry></row><row><entry VJ="1" colname="col1">§ 17</entry><entry VJ="1" colname="col2">Rechte von kontobevollmächtigten Personen</entry></row><row><entry VJ="1" colname="col1">§ 18</entry><entry VJ="1" colname="col2">Sperrung des Zugangs zum Emissionshandelsregister</entry></row></tbody></tgroup></table><P/><Ident Class="S0">Unterabschnitt 4</Ident><P/><Title Align="auto" Class="S0">Emissionszertifikate</Title><P/><table colsep="0" frame="none" pgwide="1" rowsep="0" tocentry="%yes;"><tgroup align="left" char="" charoff="50" cols="2"><colspec colname="col1" colwidth="12*"/><colspec colname="col2" colwidth="88*"/><tbody valign="top"><row><entry VJ="1" colname="col1">§ 19</entry><entry VJ="1" colname="col2">Erzeugung von Emissionszertifikaten</entry></row><row><entry VJ="1" colname="col1">§ 20</entry><entry VJ="1" colname="col2">Übertragung von veräußerten Emissionszertifikaten</entry></row><row><entry VJ="1" colname="col1">§ 21</entry><entry VJ="1" colname="col2">Ausführung von Transaktionen</entry></row><row><entry VJ="1" colname="col1">§ 22</entry><entry VJ="1" colname="col2">Annullierung abgeschlossener Transaktionen</entry></row><row><entry VJ="1" colname="col1">§ 23</entry><entry VJ="1" colname="col2">Löschung von Emissionszertifikaten</entry></row><row><entry VJ="1" colname="col1">§ 24</entry><entry VJ="1" colname="col2">Bereinigung des Registers, Transaktionsbeschränkung</entry></row><row><entry VJ="1" colname="col1">§ 25</entry><entry VJ="1" colname="col2">Verfügungsbeschränkungen</entry></row></tbody></tgroup></table><P/><Ident Class="S0">Unterabschnitt 5</Ident><P/><Title Align="auto" Class="S0">Eintragung der Brennstoffemissionen<BR/>und Abgabe von Emissionszertifikaten</Title><P/><table colsep="0" frame="none" pgwide="1" rowsep="0" tocentry="%yes;"><tgroup align="left" char="" charoff="50" cols="2"><colspec colname="col1" colwidth="12*"/><colspec colname="col2" colwidth="88*"/><tbody valign="top"><row><entry VJ="1" colname="col1">§ 26</entry><entry VJ="1" colname="col2">Eintragung der Brennstoffemissionen</entry></row><row><entry VJ="1" colname="col1">§ 27</entry><entry VJ="1" colname="col2">Abgabe von Emissionszertifikaten</entry></row></tbody></tgroup></table><P/><Ident Class="S0">Unterabschnitt 6</Ident><P/><Title Align="auto" Class="S0">Sicherheit</Title><P/><table colsep="0" frame="none" pgwide="1" rowsep="0" tocentry="%yes;"><tgroup align="left" char="" charoff="50" cols="2"><colspec colname="col1" colwidth="12*"/><colspec colname="col2" colwidth="88*"/><tbody valign="top"><row><entry VJ="1" colname="col1">§ 28</entry><entry VJ="1" colname="col2">Aussetzung des Betriebs des Emissionshandelsregisters</entry></row><row><entry VJ="1" colname="col1">§ 29</entry><entry VJ="1" colname="col2">Pflicht zur Meldung von Straftaten</entry></row><row><entry VJ="1" colname="col1">§ 30</entry><entry VJ="1" colname="col2">Erhebung, Speicherung und Verwendung von personenbezogenen Daten</entry></row><row><entry VJ="1" colname="col1">§ 31</entry><entry VJ="1" colname="col2">Vertraulichkeit</entry></row></tbody></tgroup></table><P/><Ident Class="S0">Unterabschnitt 7</Ident><P/><Title Align="auto" Class="S0">Technische Bestimmungen und<BR/> Veröffentlichung von Informationen</Title><P/><table colsep="0" frame="none" pgwide="1" rowsep="0" tocentry="%yes;"><tgroup align="left" char="" charoff="50" cols="2"><colspec colname="col1" colwidth="12*"/><colspec colname="col2" colwidth="88*"/><tbody valign="top"><row><entry VJ="1" colname="col1">§ 32</entry><entry VJ="1" colname="col2">Automatisierte Prüfung und endgültiger Abschluss von Vorgängen und Transaktionen</entry></row><row><entry VJ="1" colname="col1">§ 33</entry><entry VJ="1" colname="col2">Veröffentlichung von Informationen</entry></row></tbody></tgroup></table><P/><Ident Class="S1">Abschnitt 4</Ident><P/><Title Align="auto" Class="S1">Nationale Emissionsmengen<BR/> (zu den §§ 4 und 5 des Gesetzes)</Title><P/><table colsep="0" frame="none" pgwide="1" rowsep="0" tocentry="%yes;"><tgroup align="left" char="" charoff="50" cols="2"><colspec colname="col1" colwidth="12*"/><colspec colname="col2" colwidth="88*"/><tbody valign="top"><row><entry VJ="1" colname="col1">§ 34</entry><entry VJ="1" colname="col2">Festlegung der jährlichen Emissionsmengen</entry></row><row><entry VJ="1">§ 35</entry><entry VJ="1">Bestimmung der jährlichen Erhöhungsmenge</entry></row><row><entry VJ="1">§ 36</entry><entry VJ="1">Bereinigter Zusatzbedarf</entry></row></tbody></tgroup></table><P/><Ident Class="S1">Abschnitt 5</Ident><P/><Title Align="auto" Class="S1">Schlussbestimmungen</Title><P/><table colsep="0" frame="none" pgwide="1" rowsep="0" tocentry="%yes;"><tgroup align="left" char="" charoff="50" cols="2"><colspec colname="col1" colwidth="12*"/><colspec colname="col2" colwidth="88*"/><tbody valign="top"><row><entry VJ="1" colname="col1">§ 37</entry><entry VJ="1" colname="col2">Inkrafttreten</entry></row></tbody></tgroup></table><P/><table colsep="0" frame="none" pgwide="1" rowsep="0" tocentry="%yes;"><tgroup align="left" char="" charoff="50" cols="2"><colspec colname="col1" colwidth="35*"/><colspec colname="col2" colwidth="80*"/><tbody valign="top"><row><entry VJ="1" colname="col1">Anlage 1<BR/>(zu § 10 Absatz 2)</entry><entry VJ="1" colname="col2">Kontoarten</entry></row><row><entry VJ="1" colname="col1">Anlage 2<BR/>(zu § 12 Absatz 1)</entry><entry VJ="1" colname="col2">Mit dem Antrag auf Kontoeröffnung zu übermittelnde Angaben</entry></row><row><entry VJ="1" colname="col1">Anlage 3<BR/>(zu § 12 Absatz 1)</entry><entry VJ="1" colname="col2">Für die Eröffnung eines Veräußerungs- oder Handelskontos zu übermittelnde Angaben</entry></row><row><entry VJ="1" colname="col1">Anlage 4<BR/>(zu § 12 Absatz 1)</entry><entry VJ="1" colname="col2">Für die Eröffnung eines Compliance-Kontos zu übermittelnde Angaben</entry></row><row><entry VJ="1" colname="col1">Anlage 5<BR/>(zu § 16 Absatz 2)</entry><entry VJ="1" colname="col2">Von dem Kontoinhaber zu übermittelnde Angaben zu kontobevollmächtigten Personen</entry></row></tbody></tgroup></table></TOC></text><fussnoten/></textdaten></norm>
<norm builddate="20230627213512" doknr="BJNR302600020BJNG000100000"><metadaten><jurabk>BEHV</jurabk><gliederungseinheit><gliederungskennzahl>010</gliederungskennzahl><gliederungsbez>Abschnitt 1</gliederungsbez><gliederungstitel>Allgemeine Vorschriften</gliederungstitel></gliederungseinheit></metadaten><textdaten/></norm>
<norm builddate="20230627213512" doknr="BJNR302600020BJNE000301130"><metadaten><jurabk>BEHV</jurabk><enbez>§ 1</enbez><titel format="XML">Anwendungsbereich und Zweck</titel></metadaten><textdaten><text format="XML"><Content><P>(1) Diese Verordnung gilt innerhalb des Anwendungsbereichs des Brennstoffemissionshandelsgesetzes.</P><P>(2) Diese Verordnung dient der Konkretisierung der Anforderungen der §§ 4, 5, 10 und 12 des Brennstoffemissionshandelsgesetzes.</P></Content></text><fussnoten/></textdaten></norm>
<norm builddate="20230627213512" doknr="BJNR302600020BJNE000401130"><metadaten><jurabk>BEHV</jurabk><enbez>§ 2</enbez><titel format="XML">Begriffsbestimmungen</titel></metadaten><textdaten><text format="XML"><Content><P>Für diese Verordnung gelten neben den Begriffsbestimmungen des Brennstoffemissionshandelsgesetzes und der BEHG-Carbon-Leakage-Verordnung vom 21. Juli 2021 (BGBl. I S. 3129) in der jeweils geltenden Fassung die folgenden Begriffsbestimmungen: <DL Font="normal" Type="arabic"><DT>1.</DT><DD Font="normal"><LA Size="normal">Arbeitstag:</LA><LA Size="normal">ein Tag des Jahres von Montag bis Freitag, sofern kein Feiertag im nationalen Emissionshandelsregister eingetragen ist;</LA></DD><DT>2.</DT><DD Font="normal"><LA Size="normal">Kontoangaben:</LA><LA Size="normal">alle Angaben, die zur Eröffnung eines Kontos erforderlich sind, einschließlich aller Angaben über die zugewiesenen kontobevollmächtigten Personen;</LA></DD><DT>3.</DT><DD Font="normal"><LA Size="normal">Kontobevollmächtigte Person:</LA><LA Size="normal">eine natürliche geschäftsfähige Person, die im Namen eines Kontoinhabers für dessen Konto Vorgänge und Transaktionen veranlassen und bestätigen darf;</LA></DD><DT>4.</DT><DD Font="normal"><LA Size="normal">Kontoinhaber:</LA><LA Size="normal">eine natürliche oder juristische Person oder Personengesellschaft, die über ein Konto im nationalen Emissionshandelsregister verfügt;</LA></DD><DT>5.</DT><DD Font="normal"><LA Size="normal">Transaktion:</LA><LA Size="normal">die Übertragung, Abgabe oder Löschung eines Emissionszertifikats;</LA></DD><DT>6.</DT><DD Font="normal"><LA Size="normal">Vorgang:</LA><LA Size="normal">jede Maßnahme im Zusammenhang mit einem Konto, die keine Transaktion ist;</LA></DD><DT>7.</DT><DD Font="normal"><LA Size="normal">zuständige Behörde: die zuständige Behörde gemäß § 13 Absatz 1 des Brennstoffemissionshandelsgesetzes.</LA></DD></DL></P></Content></text><fussnoten/></textdaten></norm>
<norm builddate="20230627213512" doknr="BJNR302600020BJNG000200000"><metadaten><jurabk>BEHV</jurabk><gliederungseinheit><gliederungskennzahl>020</gliederungskennzahl><gliederungsbez>Abschnitt 2</gliederungsbez><gliederungstitel>Veräußerung von Emissionszertifikaten (zu § 10 des Gesetzes)</gliederungstitel></gliederungseinheit></metadaten><textdaten/></norm>
<norm builddate="20230627213512" doknr="BJNR302600020BJNG000300000"><metadaten><jurabk>BEHV</jurabk><gliederungseinheit><gliederungskennzahl>020010</gliederungskennzahl><gliederungsbez>Unterabschnitt 1</gliederungsbez><gliederungstitel>Beauftragung für den Verkauf von Emissionszertifikaten</gliederungstitel></gliederungseinheit></metadaten><textdaten/></norm>
<norm builddate="20230627213512" doknr="BJNR302600020BJNE000501130"><metadaten><jurabk>BEHV</jurabk><enbez>§ 3</enbez><titel format="XML">Zuständige Stelle, beauftragte Stelle, Delegation des Verkaufs zum Festpreis</titel></metadaten><textdaten><text format="XML"><Content><P>(1) Zuständige Stelle nach § 10 Absatz 3 Satz 2 Nummer 1 des Brennstoffemissionshandelsgesetzes ist die zuständige Behörde.</P><P>(2) Die zuständige Stelle wird ermächtigt, eine andere Stelle, die gemäß den jeweils geltenden vergaberechtlichen Vorschriften ermittelt worden ist, mit der Durchführung des Verkaufs der Emissionszertifikate zum Festpreis zu beauftragen (beauftragte Stelle) und der beauftragten Stelle die Emissionszertifikate zum Zwecke des Verkaufs zu übertragen. Die beauftragte Stelle veräußert die Emissionszertifikate im eigenen Namen und führt die Erlöse an den Bund ab. Der Erlös umfasst die Einnahmen aus der Veräußerung von Emissionszertifikaten. Nicht von dem Erlös umfasst sind für die Durchführung des Verkaufs verlangte einheitliche Entgelte nach § 8 Absatz 2.</P></Content></text><fussnoten/></textdaten></norm>
<norm builddate="20230627213512" doknr="BJNR302600020BJNE000600000"><metadaten><jurabk>BEHV</jurabk><enbez>§ 4</enbez><titel format="XML">Voraussetzungen für die Beauftragung der beauftragten Stelle</titel></metadaten><textdaten><text format="XML"><Content><P>(1) Ein Bieter, der am Verfahren zur Ermittlung der beauftragten Stelle teilnimmt, muss einen geregelten Markt im Sinne von Artikel 4 Absatz 1 Nummer 21 der Richtlinie 2014/65/EU des Europäischen Parlaments und des Rates vom 15. Mai 2014 über Märkte für Finanzinstrumente sowie zur Änderung der Richtlinien 2002/92/EG und 2011/61/EU (ABl. L 173 vom 12.6.2014, S. 349), die zuletzt durch die Verordnung (EU) 2019/2115 (ABl. L 320 vom 11.12.2019, S. 1) geändert worden ist, betreiben, der die Gewähr für die reibungslose Abwicklung des Sekundärhandels mit einem oder mehreren der in Anlage 1 des Brennstoffemissionshandelsgesetzes aufgeführten Brennstoffe oder mit Berechtigungen gemäß § 7 des Treibhausgas-Emissionshandelsgesetzes bietet, indem der geregelte Markt insbesondere <DL Type="arabic"><DT>1.</DT><DD Font="normal"><LA>mit der geeigneten Technik ausgestattet ist, die den Vorgaben der Artikel 24, 25 und 32 der Verordnung (EU) 2016/679 des Europäischen Parlaments und des Rates vom 27. April 2016 zum Schutz natürlicher Personen bei der Verarbeitung personenbezogener Daten, zum freien Datenverkehr und zur Aufhebung der Richtlinie 95/46/EG (Datenschutz-Grundverordnung) (ABl. L 119 vom 4.5.2016, S. 1; L 314 vom 22.11.2016, S. 72; L 127 vom 23.5.2018, S. 2) und dem Stand der Technik entspricht,</LA></DD><DT>2.</DT><DD Font="normal"><LA>die zum Betrieb des geregelten Marktes erforderlichen rechtlichen und organisatorischen Voraussetzungen erfüllt und</LA></DD><DT>3.</DT><DD Font="normal"><LA>über ein dem geregelten Markt angeschlossenes Clearing-System verfügt, das den Anforderungen der Verordnung (EU) Nr. 648/2012 des Europäischen Parlaments und des Rates vom 4. Juli 2012 über OTC-Derivate, zentrale Gegenparteien und Transaktionsregister (ABl. L 201 vom 27.7.2012, S. 1), die zuletzt durch die Verordnung (EU) <NB>2019/2099</NB> (ABl. L 322 vom 12.12.2019, S. 1) geändert worden ist, genügt, und das für die Abwicklung der Verkäufe genutzt wird.</LA></DD></DL></P><P>(2) Die zuständige Stelle hat sicherzustellen, dass die beauftragte Stelle den Verkauf der Emissionszertifikate zum Festpreis nach den Vorgaben dieser Verordnung durchführt. Hierfür sind in der Beauftragung angemessene Überwachungs-, Eingriffs- und Sanktionsmaßnahmen vorzusehen.</P></Content></text></textdaten></norm>
<norm builddate="20230627213512" doknr="BJNR302600020BJNG000400000"><metadaten><jurabk>BEHV</jurabk><gliederungseinheit><gliederungskennzahl>020020</gliederungskennzahl><gliederungsbez>Unterabschnitt 2</gliederungsbez><gliederungstitel>Verkauf der Emissionszertifikate zum Festpreis</gliederungstitel></gliederungseinheit></metadaten><textdaten/></norm>
<norm builddate="20230627213512" doknr="BJNR302600020BJNE000700000"><metadaten><jurabk>BEHV</jurabk><enbez>§ 5</enbez><titel format="XML">Zugangsbedingungen</titel></metadaten><textdaten><text format="XML"><Content><P>(1) Zulassungsberechtigt zur direkten Teilnahme am Festpreisverkauf durch die beauftragte Stelle sind Verantwortliche nach § 3 Nummer 3 des Brennstoffemissionshandelsgesetzes sowie natürliche oder juristische Personen, die über ein Konto im nationalen Emissionshandelsregister verfügen.</P><P>(2) Zulassungsberechtigte nach Absatz 1 können Emissionszertifikate auch im Namen Dritter erwerben, sofern diese Dritten ebenfalls Zulassungsberechtigte nach Absatz 1 sind.</P><P>(3) Die beauftragte Stelle ist verpflichtet, Zulassungsberechtigte nach Absatz 1 für den Kauf von Emissionszertifikaten zum Festpreis unter Bedingungen zuzulassen, die objektiv und diskriminierungsfrei sind. Die beauftragte Stelle lässt Zulassungsberechtigte für den Kauf von Emissionszertifikaten zum Festpreis zu, wenn die Zuverlässigkeit des Antragstellers und die ordnungsgemäße Abwicklung des Festpreisverkaufs sichergestellt sind. Hierzu muss der Zulassungsberechtigte der beauftragten Stelle folgende Angaben und Nachweise vorlegen, soweit diese nicht über öffentlich zugängliche Register oder den Bundesanzeiger abgerufen werden können: <DL Type="arabic"><DT>1.</DT><DD Font="normal"><LA>Angaben zur Legitimation und Identität, die für eine Überprüfung der für den Zulassungsberechtigten tätigen Personen erforderlich sind,</LA></DD><DT>2.</DT><DD Font="normal"><LA>Jahresabschluss oder alternativ bei neu gegründeten Unternehmen der Geschäftsplan,</LA></DD><DT>3.</DT><DD Font="normal"><LA>Organigramm der Eigentümerstruktur,</LA></DD><DT>4.</DT><DD Font="normal"><LA>Angabe einer Bankverbindung und</LA></DD><DT>5.</DT><DD Font="normal"><LA>Nachweis einer Eintragung, sofern der Zulassungsberechtigte eine juristische Person oder Personengesellschaft ist, die nicht in einem deutschen Handelsregister registriert ist.</LA></DD></DL>Weitere Angaben und Nachweise kann die beauftragte Stelle im Rahmen der Zulassung nur verlangen, sofern sie die Erforderlichkeit dieser zusätzlichen Angaben oder Nachweise gegenüber der zuständigen Stelle nachgewiesen und die zuständige Stelle der Erhebung dieser Angaben oder der Vorlage der Nachweise zugestimmt hat.</P><P>(4) Die beauftragte Stelle stellt sicher, dass die zugelassenen Kaufinteressenten den Kauf über eine elektronische Schnittstelle abwickeln können, auf die technisch sicher und zuverlässig über das Internet zugegriffen werden kann.</P></Content></text></textdaten></norm>
<norm builddate="20230627213512" doknr="BJNR302600020BJNE000800000"><metadaten><jurabk>BEHV</jurabk><enbez>§ 6</enbez><titel format="XML">Verkaufstermine, Mindestkaufmenge</titel></metadaten><textdaten><text format="XML"><Content><P>(1) Die beauftragte Stelle ist verpflichtet, mindestens zwei Termine pro Woche zum Verkauf der Emissionszertifikate anzubieten und die Termine und Zeitfenster, in denen zugelassene Kaufinteressenten Kaufangebote übermitteln können, nach Zustimmung der zuständigen Stelle mit einem Vorlauf von mindestens sechs Wochen auf der Internetseite der beauftragten Stelle zu veröffentlichen. Der letzte Verkaufstermin eines Jahres darf frühestens am dritten Arbeitstag des Monats Dezember stattfinden. Für zusätzliche, über die Termine nach Satz 1 hinaus angebotene weitere Termine zum Verkauf von Emissionszertifikaten gilt eine Veröffentlichungsfrist von mindestens zwei Wochen. Satz 1 gilt nicht im Fall von Anordnungen der zuständigen Stelle zur Gewährleistung eines geordneten Verkaufsbetriebs.</P><P>(2) Für die Anwendung von § 10 Absatz 2 Satz 3 des Brennstoffemissionshandelsgesetzes gilt die Menge an Emissionszertifikaten als in einem der Kalenderjahre 2021 bis 2025 erworben, die ein Verantwortlicher am Ende dieses Kalenderjahres auf seinem Compliance-Konto hält, soweit es sich dabei um Emissionszertifikate handelt, die zur Erfüllung der Abgabeverpflichtung für dieses Kalenderjahr gültig sind.</P><P>(3) Die Mindestmenge für den Erwerb von Emissionszertifikaten bei der beauftragten Stelle beträgt ein Emissionszertifikat.</P></Content></text></textdaten></norm>
<norm builddate="20230627213512" doknr="BJNR302600020BJNE000900000"><metadaten><jurabk>BEHV</jurabk><enbez>§ 7</enbez><titel format="XML">Berichtspflichten, Überwachung, Datenweitergabe</titel></metadaten><textdaten><text format="XML"><Content><P>(1) Die beauftragte Stelle veröffentlicht nach jedem Verkaufstermin die Menge der veräußerten Emissionszertifikate in nicht personenbezogener Form auf ihrer Internetseite.</P><P>(2) Die beauftragte Stelle übermittelt der zuständigen Stelle nach jedem Verkaufstermin folgende Angaben der Käufer, soweit dies für die Überwachung der Veräußerung von Emissionszertifikaten nach dem Brennstoffemissionshandelsgesetz durch die zuständige Stelle erforderlich ist: <DL Type="arabic"><DT>1.</DT><DD Font="normal"><LA>Kontoinhaber im nationalen Emissionshandelsregister,</LA></DD><DT>2.</DT><DD Font="normal"><LA>Kontonummer im nationalen Emissionshandelsregister und</LA></DD><DT>3.</DT><DD Font="normal"><LA>Anzahl der veräußerten Emissionszertifikate.</LA></DD></DL>Käufer im Sinne von Satz 1 ist sowohl derjenige, der für sich selbst Emissionszertifikate erwirbt, als auch der Dritte im Sinne des § 5 Absatz 2.</P><P>(3) Die beauftragte Stelle ist verpflichtet, alle Prozesse des Verkaufsverfahrens einschließlich der Zulassung der Teilnehmer kontinuierlich zu beobachten. Sofern es Anzeichen für die Begehung von Betrug oder sonstigen Vermögensdelikten gibt, ergreift die beauftragte Stelle geeignete Gegenmaßnahmen. Sie übermittelt der zuständigen Stelle in diesen Fällen unverzüglich die erforderlichen Angaben. Die zuständige Stelle prüft auf Basis dieser Übermittlung die Anordnung weiterer Gegenmaßnahmen und ordnet gegenüber der beauftragten Stelle die Ergreifung an, wenn sie dies für erforderlich erachtet. Weitergehende Bestimmungen zur Handelsüberwachung, die für die beauftragte Stelle gelten, bleiben unberührt.</P><P>(4) Die zuständige Stelle und die beauftragte Stelle sind befugt, personenbezogene Daten gemäß § 5 Absatz 3, § 6 Absatz 2 und § 30 Absatz 1 zu erheben, zu speichern, zu verwenden und sich gegenseitig zu übermitteln, soweit dies erforderlich ist für <DL Type="arabic"><DT>1.</DT><DD Font="normal"><LA>die Durchführung des Verkaufsverfahrens,</LA></DD><DT>2.</DT><DD Font="normal"><LA>die Erfüllung der Pflichten nach dem Geldwäschegesetz vom 23. Juni 2017 (BGBl. I S. 1822), das zuletzt durch Artikel 269 der Verordnung vom 19. Juni 2020 (BGBl. I S. 1328) geändert worden ist, oder</LA></DD><DT>3.</DT><DD Font="normal"><LA>die Erfüllung ihrer in Absatz 3 jeweils genannten Aufgaben.</LA></DD></DL></P></Content></text></textdaten></norm>
<norm builddate="20230627213512" doknr="BJNR302600020BJNE001000000"><metadaten><jurabk>BEHV</jurabk><enbez>§ 8</enbez><titel format="XML">Transaktionsentgelte</titel></metadaten><textdaten><text format="XML"><Content><P>(1) Die beauftragte Stelle kann gegenüber der zuständigen Stelle keine Kosten geltend machen.</P><P>(2) Die beauftragte Stelle ist berechtigt, für die Durchführung des Verkaufs ein einheitliches Entgelt pro veräußertem Emissionszertifikat von den zugelassenen Teilnehmern zu verlangen. Die Höhe dieses Entgelts soll vergleichbar sein mit den Entgelten, die im Sekundärhandel mit Emissionszertifikaten oder in den Versteigerungen von Berechtigungen nach § 8 des Treibhausgas-Emissionshandelsgesetzes erhoben werden. Die beauftragte Stelle hat vor Verkaufsbeginn die Höhe des Entgeltes zu veröffentlichen.</P></Content></text></textdaten></norm>
<norm builddate="20230627213512" doknr="BJNR302600020BJNG000500000"><metadaten><jurabk>BEHV</jurabk><gliederungseinheit><gliederungskennzahl>030</gliederungskennzahl><gliederungsbez>Abschnitt 3</gliederungsbez><gliederungstitel>Nationales Emissionshandelsregister (zu § 12 des Gesetzes)</gliederungstitel></gliederungseinheit></metadaten><textdaten/></norm>
<norm builddate="20230627213512" doknr="BJNR302600020BJNG000600000"><metadaten><jurabk>BEHV</jurabk><gliederungseinheit><gliederungskennzahl>030010</gliederungskennzahl><gliederungsbez>Unterabschnitt 1</gliederungsbez><gliederungstitel>Allgemeine Bestimmungen</gliederungstitel></gliederungseinheit></metadaten><textdaten/></norm>
<norm builddate="20230627213512" doknr="BJNR302600020BJNE001101130"><metadaten><jurabk>BEHV</jurabk><enbez>§ 9</enbez><titel format="XML">Emissionshandelsregister und Transaktionsprotokoll</titel></metadaten><textdaten><text format="XML"><Content><P>(1) Die zuständige Behörde führt das nationale Emissionshandelsregister einschließlich der Registerkonten und der technischen Infrastruktur aufgrund ihrer diesbezüglichen Befugnis nach § 12 des Brennstoffemissionshandelsgesetzes.</P><P>(2) Für Vorgänge und Transaktionen im Rahmen dieser Verordnung wird ein organisatorisch unabhängiges Transaktionsprotokoll in Form einer elektronischen Datenbank eingerichtet.</P><P>(3) Die zuständige Behörde erlässt Nutzungsbedingungen für die Kontoeröffnung und Kontoführung im nationalen Emissionshandelsregister.</P></Content></text><fussnoten/></textdaten></norm>
<norm builddate="20230627213512" doknr="BJNR302600020BJNG000700000"><metadaten><jurabk>BEHV</jurabk><gliederungseinheit><gliederungskennzahl>030020</gliederungskennzahl><gliederungsbez>Unterabschnitt 2</gliederungsbez><gliederungstitel>Konten</gliederungstitel></gliederungseinheit></metadaten><textdaten/></norm>
<norm builddate="20230627213512" doknr="BJNR302600020BJNE001200000"><metadaten><jurabk>BEHV</jurabk><enbez>§ 10</enbez><titel format="XML">Kontoarten</titel></metadaten><textdaten><text format="XML"><Content><P>(1) Im nationalen Emissionshandelsregister werden folgende Kontoarten geführt: <DL Type="arabic"><DT>1.</DT><DD Font="normal"><LA>Abgabekonto: Konto der zuständigen Behörde, auf dem von Verantwortlichen abgegebene Zertifikate verzeichnet werden;</LA></DD><DT>2.</DT><DD Font="normal"><LA>Compliance-Konto: Konto eines Verantwortlichen, auf dem der Besitz, die Übertragung, die Abgabe und die Löschung von Emissionszertifikaten verzeichnet wird. Es dient der Erfüllung der Abgabepflicht nach § 8 des Brennstoffemissionshandelsgesetzes;</LA></DD><DT>3.</DT><DD Font="normal"><LA>Handelskonto: Konto einer natürlichen oder juristischen Person oder Personengesellschaft, auf dem der Besitz, die Übertragung und die Löschung von Emissionszertifikaten verzeichnet wird;</LA></DD><DT>4.</DT><DD Font="normal"><LA>Löschungskonto: Konto der zuständigen Behörde, auf dem gelöschte Zertifikate verzeichnet werden;</LA></DD><DT>5.</DT><DD Font="normal"><LA>Nationalkonto: Konto der zuständigen Behörde, auf dem Zertifikate erzeugt und verwahrt werden;</LA></DD><DT>6.</DT><DD Font="normal"><LA>Veräußerungskonto: Konto der für die Veräußerung von Emissionszertifikaten zuständigen Stelle zur Übertragung veräußerter Zertifikate auf die Konten der Käufer.</LA></DD></DL></P><P>(2) Weitere Regelungen zu den Kontoarten enthält die Anlage 1 zu dieser Verordnung.</P></Content></text></textdaten></norm>
<norm builddate="20230627213512" doknr="BJNR302600020BJNE001300000"><metadaten><jurabk>BEHV</jurabk><enbez>§ 11</enbez><titel format="XML">Kontostatus</titel></metadaten><textdaten><text format="XML"><Content><P>(1) Die zuständige Behörde kann Konten in den Status „offen“, „gesperrt“, „ausschließlich Abgabe“ oder „geschlossen“ setzen.</P><P>(2) Von Konten im Status „offen“ dürfen sämtliche für die jeweilige Kontoart nach der Anlage 1 zu dieser Verordnung vorgesehenen Vorgänge und Transaktionen veranlasst werden.</P><P>(3) Von Konten im Status „gesperrt“ und Konten im Status „ausschließlich Abgabe“ können nur die Vorgänge und Transaktionen nach den §§ 13, 24, 26 und 27 veranlasst werden.</P><P>(4) Von Konten im Status „geschlossen“ können keine Vorgänge und Transaktionen veranlasst werden. Ein Konto im Status „geschlossen“ kann nicht wiedereröffnet werden, keine Emissionszertifikate halten und keine Emissionszertifikate empfangen.</P></Content></text></textdaten></norm>
<norm builddate="20230627213512" doknr="BJNR302600020BJNE001400000"><metadaten><jurabk>BEHV</jurabk><enbez>§ 12</enbez><titel format="XML">Eröffnung von Konten</titel></metadaten><textdaten><text format="XML"><Content><P>(1) Die zuständige Behörde eröffnet auf Antrag ein Compliance-, Veräußerungs- oder Handelskonto im nationalen Emissionshandelsregister. Der Antragsteller bestimmt mindestens eine kontobevollmächtigte Person gemäß § 16 und übermittelt der zuständigen Behörde <DL Type="arabic"><DT>1.</DT><DD Font="normal"><LA>für die Eröffnung eines Compliance-Kontos die Angaben gemäß Anlage 2 und Anlage 4 Nummer 1 Buchstabe a oder, wenn der Antragsteller eine natürliche Person ist, Anlage 4 Nummer 2. Sofern es zur Feststellung der Identität und Legitimität des Antragstellers zusätzlich erforderlich ist, fordert die zuständige Behörde für die Eröffnung eines Compliance-Kontos vom Antragsteller zusätzlich die Übermittlung von Angaben gemäß Anlage 4 Nummer 1 Buchstabe b bis d. Der für den Kontoinhaber angegebene Name für ein Compliance-Konto muss mit dem Namen der natürlichen Person, juristischen Person oder Personengesellschaft übereinstimmen, die nach dem Energiesteuergesetz steuerpflichtig ist;</LA></DD><DT>2.</DT><DD Font="normal"><LA>für die Eröffnung eines Veräußerungs- oder Handelskontos die Angaben gemäß Anlage 2 und Anlage 3 Nummer 1 Buchstabe a bis e oder, wenn der Antragsteller eine natürliche Person ist, Anlage 3 Nummer 2. Sofern es zur Feststellung der Identität und Legitimität des Antragstellers zusätzlich erforderlich ist, fordert die zuständige Behörde für die Eröffnung eines Veräußerungs- oder Handelskontos zusätzlich die Übermittlung von Angaben gemäß Anlage 3 Nummer 1 Buchstabe f bis i.</LA></DD></DL>Enthält ein Antrag auf Kontoeröffnung nicht die vollständigen Angaben, ist der Antragsteller verpflichtet, diese innerhalb einer von der zuständigen Behörde festzusetzenden Frist zu übermitteln. Sofern ein Antragsteller gemäß den Artikeln 15 bis 18 der Verordnung (EU) Nr. 389/2013 der Kommission vom 2. Mai 2013 zur Festlegung eines Unionsregisters gemäß der Richtlinie 2003/87/EG des Europäischen Parlaments und des Rates und den Entscheidungen Nr. 280/2004/EG und Nr. 406/2009/EG des Europäischen Parlaments und des Rates sowie zur Aufhebung der Verordnungen (EU) Nr. 920/2010 und (EU) Nr. 1193/2011 der Kommission (ABl. L 122 vom 3.5.2013, S. 1; L 119 vom 9.5.2017, S. 22), die zuletzt durch die Delegierte Verordnung (EU) 2019/1122 (ABl. L 177 vom 2.7.2019, S. 3) geändert worden ist, gemäß den Artikeln 13 bis 16 der Delegierten Verordnung (EU) 2019/1122 der Kommission vom 12. März 2019 zur Ergänzung der Richtlinie 2003/87/EG des Europäischen Parlaments und des Rates im Hinblick auf die Funktionsweise des Unionsregisters (ABl. L 177 vom 2.7.2019, S. 3), die durch die Delegierte Verordnung (EU) 2019/1124 (ABl. L 177 vom 2.7.2019, S. 66) geändert worden ist, oder gemäß § 26 der Upstream-Emissionsminderungs-Verordnung vom 22. Januar 2018 (BGBl. I S. 169), die durch Artikel 104 der Verordnung vom 19. Juni 2020 (BGBl. I S. 1328) geändert worden ist, bereits ein Konto bei der zuständigen Behörde eröffnet hat und die dafür übermittelten Angaben im Zeitpunkt der Antragstellung nach Satz 1 vollständig und richtig sind, ist abweichend von Satz 2 die Übermittlung von Angaben gemäß Anlage 3 und Anlage 4 durch den Antragsteller an die zuständige Behörde nicht erforderlich.</P><P>(2) Die zuständige Behörde kann einen Antrag auf Kontoeröffnung ablehnen, wenn <DL Type="arabic"><DT>1.</DT><DD Font="normal"><LA>die übermittelten Angaben unvollständig, veraltet oder aus anderen Gründen fehlerhaft sind und die festgestellten Mängel innerhalb einer von der zuständigen Behörde festgesetzten Frist nicht beseitigt wurden,</LA></DD><DT>2.</DT><DD Font="normal"><LA>gegen den Antragsteller oder, im Falle einer juristischen Person oder Personenvereinigung als Antragssteller, gegen eine Leitungsperson des Antragstellers wegen eines Verbrechens im Sinne des § 12 Absatz 1 des Strafgesetzbuchs oder wegen Unterschlagung, Erpressung, Betruges, Subventionsbetruges, Computerbetruges, Untreue, Geldwäsche, Terrorismusfinanzierung, Urkundenfälschung, Hehlerei, Wucher, einer Steuerstraftat oder einer Insolvenzstraftat ein Ermittlungsverfahren geführt wird oder in den letzten fünf Jahren eine rechtskräftige Verurteilung ergangen ist. Dies gilt auch, wenn kein Ermittlungsverfahren geführt wird, aber die juristische Person oder Personenvereinigung nach § 30 des Gesetzes über Ordnungswidrigkeiten wegen einer der in Satz 1 genannten Straftaten verfolgt wird oder deswegen gegen sie in den letzten fünf Jahren eine Geldbuße nach § 30 des Gesetzes über Ordnungswidrigkeiten rechtskräftig festgesetzt wurde,</LA></DD><DT>3.</DT><DD Font="normal"><LA>die zuständige Behörde berechtigten Grund zu der Annahme hat, dass ein Konto für eine der in Nummer 2 genannten Straftaten verwendet werden soll, oder</LA></DD><DT>4.</DT><DD Font="normal"><LA>an der Zuverlässigkeit des Antragstellers, der nicht Verantwortlicher ist, Zweifel bestehen.</LA></DD></DL></P><P>(3) Soweit die von einem Verantwortlichen nach § 7 Absatz 1 des Brennstoffemissionshandelsgesetzes zu berichtenden Brennstoffemissionen 50 000 Tonnen Kohlendioxidäquivalent voraussichtlich nicht überschreiten, kann der Verantwortliche einen Antrag auf erleichterte Kontoeröffnung für ein Compliance-Konto stellen. In diesem Fall müssen von dem Verantwortlichen nur die Angaben nach Anlage 2 Nummer 1 bis 8 übermittelt und mindestens eine kontobevollmächtigte Person gemäß § 16 bestimmt werden. Compliance-Konten von Verantwortlichen, die einen Antrag auf erleichterte Kontoeröffnung gestellt haben, werden nach der Eröffnung auf den Kontostatus „ausschließlich Abgabe“ gesetzt.</P><P>(4) Der Inhaber eines Compliance-Kontos im Status „ausschließlich Abgabe“ kann bei der zuständigen Behörde beantragen, dass das Compliance-Konto in den Status „offen“ gesetzt wird. Der Kontoinhaber übermittelt dafür die vollständigen Angaben gemäß Absatz 1 Satz 2 Nummer 1 und gemäß § 16 Absatz 2.</P><P>(5) Wenn die nach § 7 Absatz 1 des Brennstoffemissionshandelsgesetzes berichteten Brennstoffemissionen eines Verantwortlichen mit einem Compliance-Konto im Status „ausschließlich Abgabe“ den Wert von 50 000 Tonnen Kohlendioxidäquivalent überschreiten, ist der Kontoinhaber verpflichtet, bei der zuständigen Behörde zu beantragen, dass das Compliance-Konto in den Status „offen“ gesetzt wird. Absatz 4 Satz 2 gilt entsprechend.</P></Content></text></textdaten></norm>
<norm builddate="20230627213512" doknr="BJNR302600020BJNE001500000"><metadaten><jurabk>BEHV</jurabk><enbez>§ 13</enbez><titel format="XML">Aktualisierung von Kontoangaben</titel></metadaten><textdaten><text format="XML"><Content><P>(1) Der Kontoinhaber ist verpflichtet, Änderungen der Kontoangaben und der Angaben über kontobevollmächtigte Personen unverzüglich in das nationale Emissionshandelsregister einzutragen. Der Kontoinhaber ist zusätzlich verpflichtet, der zuständigen Behörde bis zum 31. Juli des jeweiligen Jahres mitzuteilen, ob die Kontoangaben vollständig, aktuell und richtig sind.</P><P>(2) Bei Änderungen der Kontoangaben nach Anlage 2 Nummer 1, 2, 4, 5, 6, 7, 8 und 9 fordert die zuständige Behörde den Kontoinhaber auf, Belege zu den Änderungen einzureichen, soweit dies für die Führung des Registers erforderlich ist.</P><P>(3) Die zuständige Behörde hat Änderungen gemäß Absatz 1 im nationalen Emissionshandelsregister rückgängig zu machen, wenn sie unrichtig oder unvollständig sind. Der Kontoinhaber wird über diese Rückgängigmachung unterrichtet.</P><P>(4) Zusätzlich zu der Mitteilung nach Absatz 1 Satz 2 überprüft die zuständige Behörde mindestens einmal in fünf Jahren durch Wiederholung des Kontoeröffnungsprozesses, ob die Kontoangaben vollständig, aktuell und richtig sind.</P></Content></text></textdaten></norm>
<norm builddate="20230627213512" doknr="BJNR302600020BJNE001601130"><metadaten><jurabk>BEHV</jurabk><enbez>§ 14</enbez><titel format="XML">Sperrung von Konten</titel></metadaten><textdaten><text format="XML"><Content><P>(1) Die zuständige Behörde setzt ein Konto in den Kontostatus „gesperrt“, wenn <DL Font="normal" Type="arabic"><DT>1.</DT><DD Font="normal"><LA Size="normal">der Kontoinhaber verstorben ist oder keine Rechtspersönlichkeit mehr hat,</LA></DD><DT>2.</DT><DD Font="normal"><LA Size="normal">der Kontoinhaber oder eine kontobevollmächtigte Person gegen die Nutzungsbedingungen gemäß § 9 Absatz 3 schwerwiegend oder wiederholt verstoßen hat,</LA></DD><DT>3.</DT><DD Font="normal"><LA Size="normal">der Kontoinhaber Änderungen der Kontoangaben entgegen § 13 Absatz 1 Satz 1 nicht in das nationale Emissionshandelsregister eingetragen hat, im Zusammenhang mit der Änderung von Kontoangaben oder mit geänderten Anforderungen im Hinblick auf Kontoangaben innerhalb einer von der zuständigen Behörde gesetzten Frist entgegen § 13 Absatz 2 keine Belege beigebracht hat oder entgegen § 13 Absatz 1 Satz 2 nicht fristgemäß mitgeteilt hat, ob seine Kontoangaben vollständig, aktuell und richtig sind,</LA></DD><DT>4.</DT><DD Font="normal"><LA Size="normal">die zuständige Behörde davon Kenntnis erhält, dass gegen den Kontoinhaber oder gegen eine kontobevollmächtigte Person wegen eines Verbrechens im Sinne von § 12 Absatz 1 des Strafgesetzbuchs oder wegen Unterschlagung, Erpressung, Betruges, Subventionsbetruges, Computerbetruges, Untreue, Geldwäsche, Terrorismusfinanzierung, Urkundenfälschung, Hehlerei, Wucher, einer Steuerstraftat oder einer Insolvenzstraftat ein Ermittlungsverfahren geführt wird oder in den letzten fünf Jahren eine rechtskräftige Verurteilung ergangen ist,</LA></DD><DT>5.</DT><DD Font="normal"><LA Size="normal">der Kontoinhaber keine vollständigen Gebühren nach § 16 Absatz 1 des Brennstoffemissionshandelsgesetzes für das Konto gezahlt hat,</LA></DD><DT>6.</DT><DD Font="normal"><LA Size="normal">der Kontoinhaber gegen § 16 Absatz 3 verstoßen hat,</LA></DD><DT>7.</DT><DD Font="normal"><LA Size="normal">der zuständigen Behörde Gründe bekannt werden, die dazu geführt hätten, dass die Eröffnung des Kontos gemäß § 12 Absatz 2 hätte abgelehnt werden müssen,</LA></DD><DT>8.</DT><DD Font="normal"><LA Size="normal">ein Verantwortlicher nach Ende der Einführungsphase nach § 10 Absatz 2 Satz 1 und 2 des Brennstoffemissionshandelsgesetzes seiner Berichtspflicht gemäß § 7 Absatz 1 des Brennstoffemissionshandelsgesetzes nicht fristgerecht nachgekommen ist,</LA></DD><DT>9.</DT><DD Font="normal"><LA Size="normal">der Verantwortliche bis zum 31. Juli eines Jahres seiner Pflicht gemäß § 26 Absatz 2 Satz 1 nicht nachgekommen ist,</LA></DD><DT>10.</DT><DD Font="normal"><LA Size="normal">der zuständigen Behörde eine Verfügungsbeschränkung gemäß § 25 Absatz 3 vorliegt oder</LA></DD><DT>11.</DT><DD Font="normal"><LA Size="normal">ein Insolvenzverfahren über das Vermögen des Kontoinhabers eröffnet worden ist und ein Insolvenzverwalter bestellt wurde oder</LA></DD><DT>12.</DT><DD Font="normal"><LA Size="normal">ein vorläufiger Insolvenzverwalter bestellt worden ist, auf den die Verwaltungs- und Verfügungsbefugnis über das Vermögen des Kontoinhabers übergegangen ist.</LA></DD></DL></P><P>(2) Die zuständige Behörde setzt die Konten wieder in den Status „offen“, sobald <DL Font="normal" Type="arabic"><DT>1.</DT><DD Font="normal"><LA Size="normal">die Gründe, die zur Setzung in den Status „gesperrt“ geführt haben, nicht mehr vorliegen oder</LA></DD><DT>2.</DT><DD Font="normal"><LA Size="normal">im Fall von Absatz 1 Nummer 11 der Insolvenzverwalter oder im Fall von Absatz 1 Nummer 12 der vorläufige Insolvenzverwalter eine neue kontobevollmächtigte Person ernennt oder die Ernennung der bisherigen kontobevollmächtigten Person oder Personen bestätigt.</LA></DD></DL></P></Content></text><fussnoten/></textdaten></norm>
<norm builddate="20230627213512" doknr="BJNR302600020BJNE001700000"><metadaten><jurabk>BEHV</jurabk><enbez>§ 15</enbez><titel format="XML">Schließung von Konten</titel></metadaten><textdaten><text format="XML"><Content><P>(1) Auf Antrag des Kontoinhabers schließt die zuständige Behörde ein Konto und setzt das Konto in den Status „geschlossen“.</P><P>(2) Die zuständige Behörde schließt ein Konto und setzt das Konto in den Status „geschlossen“, wenn <DL Type="arabic"><DT>1.</DT><DD Font="normal"><LA>die Voraussetzungen für die Eröffnung des Kontos bei Eröffnung nicht erfüllt waren oder nachträglich weggefallen sind oder</LA></DD><DT>2.</DT><DD Font="normal"><LA>die Gründe, die zur Setzung des Kontos in den Status „gesperrt“ gemäß § 14 geführt haben, trotz Setzung einer angemessenen Frist zur Behebung weiterhin vorliegen.</LA></DD></DL></P><P>(3) Die zuständige Behörde kann ein Compliance-Konto erst schließen, wenn <DL Type="arabic"><DT>1.</DT><DD Font="normal"><LA>der Verantwortliche den Betrieb eingestellt hat,</LA></DD><DT>2.</DT><DD Font="normal"><LA>der Verantwortliche für jedes Jahr, in dem eine Emissionshandelspflicht bestand, seine nach § 7 Absatz 1 des Brennstoffemissionshandelsgesetzes zu berichtenden Brennstoffemissionen gemäß § 26 eingetragen hat und</LA></DD><DT>3.</DT><DD Font="normal"><LA>der Verantwortliche für jedes Jahr, in dem eine Emissionshandelspflicht bestand, gemäß § 27 eine Anzahl an Emissionszertifikaten abgegeben hat, die größer oder gleich seinen zu berichtenden Brennstoffemissionen war.</LA></DD></DL>Die Voraussetzungen gemäß Satz 1 Nummer 2 und 3 gelten nicht, wenn der Verantwortliche sie dauerhaft nicht mehr erfüllen kann.</P><P>(4) Wurden in einem Handelskonto innerhalb von zwei Jahren keine Transaktionen verbucht, schließt die zuständige Behörde das Handelskonto, nachdem sie dem Kontoinhaber mitgeteilt hat, dass das Handelskonto innerhalb von 40 Arbeitstagen geschlossen wird und bei der zuständigen Behörde innerhalb dieser Frist kein Widerspruch zu dieser Entscheidung eingegangen ist.</P><P>(5) Sind auf einem Konto, das von der zuständigen Behörde geschlossen werden soll, Emissionszertifikate verbucht, fordert die zuständige Behörde den Kontoinhaber auf, die Emissionszertifikate auf ein anderes Konto zu übertragen. Hat der Kontoinhaber dieser Aufforderung der zuständigen Behörde innerhalb von 40 Arbeitstagen nicht Folge geleistet, so hat die zuständige Behörde die Emissionszertifikate auf ein Nationalkonto zu übertragen und dort für den Eigentümer oder wirtschaftlich Berechtigten zu verwahren. Anschließend schließt die zuständige Behörde das Konto.</P></Content></text></textdaten></norm>
<norm builddate="20230627213512" doknr="BJNR302600020BJNG000800000"><metadaten><jurabk>BEHV</jurabk><gliederungseinheit><gliederungskennzahl>030030</gliederungskennzahl><gliederungsbez>Unterabschnitt 3</gliederungsbez><gliederungstitel>Kontobevollmächtigte Personen</gliederungstitel></gliederungseinheit></metadaten><textdaten/></norm>
<norm builddate="20230627213512" doknr="BJNR302600020BJNE001801130"><metadaten><jurabk>BEHV</jurabk><enbez>§ 16</enbez><titel format="XML">Bestimmung und Ernennung von kontobevollmächtigten Personen</titel></metadaten><textdaten><text format="XML"><Content><P>(1) Bei Beantragung der Kontoeröffnung bestimmt der Kontoinhaber mindestens eine kontobevollmächtigte Person. Der Kontoinhaber kann sich selbst zu einer kontobevollmächtigten Person bestimmen.</P><P>(2) Die zuständige Behörde ernennt eine vom Kontoinhaber bestimmte Person zur kontobevollmächtigten Person, wenn der Kontoinhaber der zuständigen Behörde die in der Anlage 5 zu dieser Verordnung vorgesehenen Angaben übermittelt hat. Bei einer Kontoeröffnung nach § 12 Absatz 3 ernennt die zuständige Behörde eine vom Kontoinhaber bestimmte Person zur kontobevollmächtigten Person, wenn der Kontoinhaber der zuständigen Behörde die in der Anlage 5 Nummer 1, 2, 3 und 4 zu dieser Verordnung vorgesehenen Angaben übermittelt hat. Sofern eine natürliche Person gemäß Artikel 24 der Verordnung (EU) Nr. 389/2013, gemäß Artikel 21 der Delegierten Verordnung (EU) 2019/1122 oder gemäß § 30 der Upstream-Emissionsminderungs-Verordnung bereits als Kontobevollmächtigter bei der zuständigen Behörde ernannt ist und die für die Ernennung zum Kontobevollmächtigten hinterlegten Daten und Unterlagen im Zeitpunkt der Antragstellung vollständig und richtig sind, ist abweichend von Satz 1 die Übermittlung von Angaben gemäß der Anlage 5 Nummer 5 und 6 zu dieser Verordnung durch den Kontoinhaber an die zuständige Behörde nicht erforderlich.</P><P>(3) Mindestens eine der kontobevollmächtigten Personen eines Kontos muss ihren ständigen Wohnsitz in der Europäischen Union haben.</P><P>(4) Die zuständige Behörde kann die Ernennung einer kontobevollmächtigten Person ablehnen, wenn <DL Font="normal" Type="arabic"><DT>1.</DT><DD Font="normal"><LA Size="normal">die in dem Antrag auf Ernennung übermittelten Angaben unvollständig oder unrichtig sind und der Kontoinhaber die von der zuständigen Behörde festgestellten Mängel nicht innerhalb einer von der zuständigen Behörde festgesetzten Frist beseitigt hat oder</LA></DD><DT>2.</DT><DD Font="normal"><LA Size="normal">gegen die kontobevollmächtigte Person wegen eines Verbrechens im Sinne von § 12 Absatz 1 des Strafgesetzbuchs oder wegen Unterschlagung, Erpressung, Betruges, Subventionsbetruges, Computerbetruges, Untreue, Geldwäsche, Terrorismusfinanzierung, Urkundenfälschung, Hehlerei, Wucher, einer Steuerstraftat oder einer Insolvenzstraftat ein Ermittlungsverfahren geführt wird oder in den letzten fünf Jahren eine rechtskräftige Verurteilung ergangen ist.</LA></DD></DL></P></Content></text><fussnoten/></textdaten></norm>
<norm builddate="20230627213512" doknr="BJNR302600020BJNE001900000"><metadaten><jurabk>BEHV</jurabk><enbez>§ 17</enbez><titel format="XML">Rechte von kontobevollmächtigten Personen</titel></metadaten><textdaten><text format="XML"><Content><P>(1) Die zuständige Behörde gewährt kontobevollmächtigten Personen für Konten im nationalen Emissionshandelsregister Zugang zu den ihnen zugeordneten Konten.</P><P>(2) Kann eine kontobevollmächtigte Person den bestehenden Zugang zum nationalen Emissionshandelsregister aus technischen oder sonstigen Gründen nicht nutzen, so kann die zuständige Behörde auf Antrag der kontobevollmächtigten Person in deren Namen Vorgänge oder Transaktionen veranlassen oder bestätigen.</P><P>(3) Eine Person kann kontobevollmächtigte Person für verschiedene Konten sein.</P><P>(4) Eine kontobevollmächtigte Person kann ihre Vollmacht nicht auf Dritte übertragen.</P><P>(5) Ein Kontoinhaber muss den Entzug der Vollmacht einer kontobevollmächtigten Person der zuständigen Behörde mitteilen. Die zuständige Behörde entfernt die kontobevollmächtigte Person nach dieser Mitteilung aus ihrer Funktion.</P></Content></text></textdaten></norm>
<norm builddate="20230627213512" doknr="BJNR302600020BJNE002000000"><metadaten><jurabk>BEHV</jurabk><enbez>§ 18</enbez><titel format="XML">Sperrung des Zugangs zum Emissionshandelsregister</titel></metadaten><textdaten><text format="XML"><Content><P>(1) Die zuständige Behörde sperrt den Zugang einer kontobevollmächtigten Person zum nationalen Emissionshandelsregister, wenn <DL Type="arabic"><DT>1.</DT><DD Font="normal"><LA>die kontobevollmächtigte Person versucht hat, Zugang zu Konten, Vorgängen oder Transaktionen zu erhalten, für die sie nicht zugangsberechtigt ist,</LA></DD><DT>2.</DT><DD Font="normal"><LA>die kontobevollmächtigte Person versucht hat, die Sicherheit, die Zugänglichkeit, die Integrität oder die Vertraulichkeit des nationalen Emissionshandelsregisters oder des Transaktionsprotokolls oder der darin verarbeiteten oder gespeicherten Daten zu beeinträchtigen,</LA></DD><DT>3.</DT><DD Font="normal"><LA>die zuständige Behörde davon Kenntnis erhält, dass die kontobevollmächtigte Person das Konto zur Begehung eines Verbrechens im Sinne von § 12 Absatz 1 des Strafgesetzbuchs oder einer Unterschlagung, Erpressung, eines Betrugs, Subventionsbetrugs, Computerbetrugs, einer Untreue, Geldwäsche, Terrorismusfinanzierung, Urkundenfälschung, Hehlerei, eines Wuchers, einer Steuerstraftat oder einer Insolvenzstraftat gebraucht oder gebraucht hat oder</LA></DD><DT>4.</DT><DD Font="normal"><LA>die Voraussetzungen für die Ernennung einer kontobevollmächtigten Person nicht vorlagen oder nachträglich weggefallen sind.</LA></DD></DL></P><P>(2) Die zuständige Behörde öffnet den Zugang einer kontobevollmächtigten Person zum nationalen Emissionshandelsregister wieder, sobald die Gründe, die zur Sperrung nach Absatz 1 Nummer 4 geführt haben, nicht mehr vorliegen.</P><P>(3) Liegen die Gründe, die zur Sperrung einer kontobevollmächtigten Person nach Absatz 1 Nummer 4 geführt haben, trotz Setzung einer angemessenen Frist weiterhin vor, entfernt die zuständige Behörde die kontobevollmächtigte Person aus dieser Funktion.</P></Content></text></textdaten></norm>
<norm builddate="20230627213512" doknr="BJNR302600020BJNG000900000"><metadaten><jurabk>BEHV</jurabk><gliederungseinheit><gliederungskennzahl>030040</gliederungskennzahl><gliederungsbez>Unterabschnitt 4</gliederungsbez><gliederungstitel>Emissionszertifikate</gliederungstitel></gliederungseinheit></metadaten><textdaten/></norm>
<norm builddate="20230627213512" doknr="BJNR302600020BJNE002100000"><metadaten><jurabk>BEHV</jurabk><enbez>§ 19</enbez><titel format="XML">Erzeugung von Emissionszertifikaten</titel></metadaten><textdaten><text format="XML"><Content><P>(1) Die zuständige Behörde erzeugt auf einem Nationalkonto die Menge an Emissionszertifikaten nach § 10 Absatz 1 des Brennstoffemissionshandelsgesetzes einschließlich des zusätzlichen Bedarfs, der sich in der Einführungsphase ergeben kann.</P><P>(2) Die zuständige Behörde stellt sicher, dass <DL Type="arabic"><DT>1.</DT><DD Font="normal"><LA>jedes Emissionszertifikat bei seiner Erzeugung eine eindeutige Einheitenkennung erhält,</LA></DD><DT>2.</DT><DD Font="normal"><LA>auf Emissionszertifikaten gemäß § 9 Absatz 1 des Brennstoffemissionshandelsgesetzes die Zuordnung zu einem Kalenderjahr sowie die Zuordnung zur jeweiligen Handelsperiode angegeben ist.</LA></DD></DL></P><P>(3) Die zuständige Behörde überträgt erzeugte Emissionszertifikate zum Zwecke der späteren Übertragung nach § 20 von dem Nationalkonto auf das Veräußerungskonto. Im Fall der Beauftragung einer beauftragten Stelle überträgt die zuständige Behörde die erzeugten Emissionszertifikate von dem Nationalkonto auf das Veräußerungskonto der beauftragten Stelle.</P></Content></text></textdaten></norm>
<norm builddate="20230627213512" doknr="BJNR302600020BJNE002200000"><metadaten><jurabk>BEHV</jurabk><enbez>§ 20</enbez><titel format="XML">Übertragung von veräußerten Emissionszertifikaten</titel></metadaten><textdaten><text format="XML"><Content><P>Die zuständige Behörde oder im Fall der Beauftragung einer beauftragten Stelle die beauftragte Stelle überträgt die nach § 10 des Brennstoffemissionshandelsgesetzes veräußerten Emissionszertifikate vom Veräußerungskonto auf das Konto des Erwerbers.</P></Content></text></textdaten></norm>
<norm builddate="20230627213512" doknr="BJNR302600020BJNE002301130"><metadaten><jurabk>BEHV</jurabk><enbez>§ 21</enbez><titel format="XML">Ausführung von Transaktionen</titel></metadaten><textdaten><text format="XML"><Content><P>(1) Es können nur Transaktionen veranlasst werden, die in der Anlage 1 zu dieser Verordnung für die jeweilige Kontoart vorgesehen sind.</P><P>(2) Kontoinhaber können festlegen, dass Transaktionen von ihrem Konto durch eine zweite kontobevollmächtigte Person bestätigt werden müssen. Übertragungen von Nationalkonten und von Veräußerungskonten werden nur ausgeführt, wenn sie zusätzlich durch eine zweite kontobevollmächtigte Person bestätigt wurden.</P><P>(3) Eine kontobevollmächtigte Person kann eine Übertragung von Emissionszertifikaten vor ihrer Ausführung abbrechen. Die zuständige Behörde stellt zu diesem Zweck sicher, dass eine Übertragung von Emissionszertifikaten, <DL Font="normal" Type="arabic"><DT>1.</DT><DD Font="normal"><LA Size="normal">die vor 12.00 Uhr eines Arbeitstages veranlasst wurde, ab 12.00 Uhr des darauffolgenden Arbeitstages ausgeführt wird oder</LA></DD><DT>2.</DT><DD Font="normal"><LA Size="normal">die ab 12.00 Uhr eines Arbeitstages veranlasst wurde, ab 12.00 Uhr des zweiten darauffolgenden Arbeitstages ausgeführt wird.</LA></DD></DL>Ausgenommen von den Sätzen 1 und 2 sind Übertragungen gemäß § 20.</P><P>(4) Kontobevollmächtigte Personen können eine Empfängerkontenliste anlegen. Der Kontoinhaber eines Compliance-Kontos oder eines Handelskontos kann festlegen, dass Übertragungen von diesem Konto nur auf Konten möglich sind, die auf der Empfängerkontenliste stehen. Falls der Kontoinhaber eine Festlegung nach Satz 2 trifft, werden Änderungen der Empfängerkontenliste ab 12.00 Uhr am dritten Arbeitstag nach der Veranlassung durchgeführt.</P><P>(5) Bei der Übertragung von Emissionszertifikaten von Compliance-Konten oder von Handelskonten mit Ausnahme von Handelskonten, deren Kontoinhaber Clearinghäuser gemäß Artikel 2 Absatz 1 der Verordnung (EU) 648/2012 sind, speichert die kontobevollmächtigte Person des übertragenden Kontos folgende zusätzliche Informationen in dem Konto, soweit dies für die Registerführung erforderlich ist und es sich bei den Informationen nicht um personenbezogene Daten handelt: <DL Font="normal" Type="arabic"><DT>1.</DT><DD Font="normal"><LA Size="normal">die IBAN der Bankkonten, die für die Abwicklung des Bezahlvorgangs des Rechtsgeschäfts genutzt werden,</LA></DD><DT>2.</DT><DD Font="normal"><LA Size="normal">die BIC der Finanzinstitute, die für die Abwicklung des Bezahlvorgangs des Rechtsgeschäfts genutzt werden, soweit Finanzinstitute an der Bezahlung beteiligt sind, die ihren Sitz außerhalb der Europäischen Union haben,</LA></DD><DT>3.</DT><DD Font="normal"><LA Size="normal">die Zahlungsart im Fall der Bar-Zahlung oder der Zahlung ohne Nutzung von Bankkonten und</LA></DD><DT>4.</DT><DD Font="normal"><LA Size="normal">den Preis je Emissionszertifikat in Euro.</LA></DD></DL>Die Informationen nach Satz 1 sind für den Kontoinhaber und die kontobevollmächtigten Personen der an der Übertragung nach Satz 1 beteiligten Konten in dem jeweiligen Konto einsehbar.</P></Content></text><fussnoten/></textdaten></norm>
<norm builddate="20230627213512" doknr="BJNR302600020BJNE002400000"><metadaten><jurabk>BEHV</jurabk><enbez>§ 22</enbez><titel format="XML">Annullierung abgeschlossener Transaktionen</titel></metadaten><textdaten><text format="XML"><Content><P>(1) Ein Kontoinhaber oder eine kontobevollmächtigte Person kann bei der zuständigen Behörde beantragen, dass folgende irrtümlich veranlasste und abgeschlossene Transaktionen annulliert werden: <DL Type="arabic"><DT>1.</DT><DD Font="normal"><LA>Löschung von Emissionszertifikaten gemäß § 23 oder</LA></DD><DT>2.</DT><DD Font="normal"><LA>Abgabe von Emissionszertifikaten gemäß § 27.</LA></DD></DL></P><P>(2) Der Antrag nach Absatz 1 Nummer 1 muss innerhalb von zehn Arbeitstagen nach Abschluss der Löschung nach § 23 bei der zuständigen Behörde eingehen. Der Antrag nach Absatz 1 Nummer 2 muss innerhalb von zehn Arbeitstagen nach Ablauf der Frist nach § 8 des Brennstoffemissionshandelsgesetzes bei der zuständigen Behörde eingehen. Die Fristen nach den Sätzen 1 und 2 sind Ausschlussfristen. Der Antrag muss eine Erklärung dahingehend enthalten, dass die Transaktion irrtümlicherweise veranlasst wurde.</P><P>(3) Eine Annullierung ist ausgeschlossen, wenn <DL Type="arabic"><DT>1.</DT><DD Font="normal"><LA>auf dem Empfängerkonto der Transaktion, die annulliert werden soll, die von der Transaktion umfassten Emissionszertifikate nicht mehr verbucht sind oder</LA></DD><DT>2.</DT><DD Font="normal"><LA>der Verantwortliche wegen der Annullierung der Transaktion seine Abgabepflicht gemäß § 27 nicht erfüllen könnte.</LA></DD></DL></P><P>(4) Die zuständige Behörde stellt sicher, dass die Annullierung mit Emissionszertifikaten der gleichen Gültigkeit und derselben Einheitenkennung wie in der zu annullierenden Transaktion gemäß Absatz 1 durchgeführt wird.</P></Content></text></textdaten></norm>
<norm builddate="20230627213512" doknr="BJNR302600020BJNE002500000"><metadaten><jurabk>BEHV</jurabk><enbez>§ 23</enbez><titel format="XML">Löschung von Emissionszertifikaten</titel></metadaten><textdaten><text format="XML"><Content><P>(1) Kontoinhaber oder kontobevollmächtigte Personen können Emissionszertifikate löschen, indem sie eine bestimmte Anzahl von Emissionszertifikaten von ihrem Konto auf ein Löschungskonto transferieren.</P><P>(2) Gelöschte Emissionszertifikate werden nicht auf die Abgabeverpflichtung nach § 8 des Brennstoffemissionshandelsgesetzes angerechnet.</P></Content></text></textdaten></norm>
<norm builddate="20230627213512" doknr="BJNR302600020BJNE002601130"><metadaten><jurabk>BEHV</jurabk><enbez>§ 24</enbez><titel format="XML">Bereinigung des Registers, Transaktionsbeschränkung</titel></metadaten><textdaten><text format="XML"><Content><P>(1) Die zuständige Behörde transferiert Emissionszertifikate, die ihre Gültigkeit verloren haben und nicht mehr für eine Abgabe gemäß § 8 des Brennstoffemissionshandelsgesetzes in Verbindung mit § 27 verwendet werden können, vom Veräußerungskonto auf ein Löschungskonto.</P><P>(2) Emissionszertifikate, auf denen gemäß § 19 Absatz 2 Nummer 2 die Zuordnung zu einem Kalenderjahr angegeben ist, das einem Kalenderjahr der Einführungsphase gemäß § 10 Absatz 2 Satz 2 des Brennstoffemissionshandelsgesetzes entspricht, können für Emissionen, die diesem Kalenderjahr zuzuordnen sind, nach Ablauf der Abgabefrist gemäß § 8 des Brennstoffemissionshandelsgesetzes nicht mehr auf Compliance-Konten übertragen werden.</P><P>(3) Kontoinhaber von Compliance-Konten können bestimmen, dass die Beschränkung nach Absatz 2 für ihr Konto nicht gilt.</P></Content></text><fussnoten/></textdaten></norm>
<norm builddate="20230627213512" doknr="BJNR302600020BJNE002700000"><metadaten><jurabk>BEHV</jurabk><enbez>§ 25</enbez><titel format="XML">Verfügungsbeschränkungen</titel></metadaten><textdaten><text format="XML"><Content><P>(1) Die zuständige Behörde weist bestehende gerichtliche oder gesetzliche Verfügungsbeschränkungen im Konto aus.</P><P>(2) Von der Verfügungsbeschränkung erfasste Emissionszertifikate können nicht auf ein anderes Konto transferiert werden.</P><P>(3) Betrifft die Verfügungsbeschränkung den Zugang des Kontoinhabers zu seinem gesamten Vermögen, ist das Konto des Kontoinhabers gemäß § 14 Absatz 1 Nummer 10 in den Status „gesperrt“ zu setzen.</P><P>(4) Nach Beendigung der gerichtlichen oder gesetzlichen Verfügungsbeschränkung hebt die zuständige Behörde die Ausweisung nach Absatz 1 im Konto auf.</P></Content></text></textdaten></norm>
<norm builddate="20230627213512" doknr="BJNR302600020BJNG001000000"><metadaten><jurabk>BEHV</jurabk><gliederungseinheit><gliederungskennzahl>030050</gliederungskennzahl><gliederungsbez>Unterabschnitt 5</gliederungsbez><gliederungstitel>Eintragung der Brennstoffemissionen und Abgabe von Emissionszertifikaten</gliederungstitel></gliederungseinheit></metadaten><textdaten/></norm>
<norm builddate="20230627213512" doknr="BJNR302600020BJNE002800000"><metadaten><jurabk>BEHV</jurabk><enbez>§ 26</enbez><titel format="XML">Eintragung der Brennstoffemissionen</titel></metadaten><textdaten><text format="XML"><Content><P>(1) Der Verantwortliche ist für die ordnungsgemäße Eintragung der nach § 7 Absatz 1 des Brennstoffemissionshandelsgesetzes für ein Kalenderjahr zu berichtenden Brennstoffemissionen in seinem Compliance-Konto verantwortlich.</P><P>(2) Die Eintragung hat bis zum 31. Juli des jeweiligen Folgejahres zu erfolgen. Bis zu diesem Zeitpunkt kann der Kontoinhaber den Wert gemäß Absatz 1 selbstständig berichtigen.</P><P>(3) Stimmt der gemäß § 7 Absatz 1 des Brennstoffemissionshandelsgesetzes berichtete Wert nach dem Stichtag gemäß Absatz 2 Satz 1 nicht mit dem gemäß Absatz 1 in das nationale Emissionshandelsregister eingetragenen Wert überein oder wurde kein Wert eingetragen, fordert die zuständige Behörde den Kontoinhaber auf, den Wert gemäß Absatz 1 zu berichtigen oder einzutragen.</P><P>(4) Nach Ende der Abgabefrist gemäß § 8 des Brennstoffemissionshandelsgesetzes kann die zuständige Behörde den Wert gemäß Absatz 1 eintragen oder berichtigen, wenn der Wert trotz Aufforderung nach Absatz 3 nicht oder nicht richtig eingetragen wurde.</P></Content></text></textdaten></norm>
<norm builddate="20230627213512" doknr="BJNR302600020BJNE002900000"><metadaten><jurabk>BEHV</jurabk><enbez>§ 27</enbez><titel format="XML">Abgabe von Emissionszertifikaten</titel></metadaten><textdaten><text format="XML"><Content><P>(1) Verantwortliche geben Emissionszertifikate ab, indem sie Emissionszertifikate für die nach § 7 Absatz 1 des Brennstoffemissionshandelsgesetzes berichtete Gesamtmenge an Brennstoffemissionen von ihrem Compliance-Konto auf das Abgabekonto transferieren.</P><P>(2) Ein abgegebenes Emissionszertifikat kann nicht erneut abgegeben werden.</P><P>(3) Soweit der Verantwortliche mehr Emissionszertifikate abgegeben hat, als nach den eingetragenen Brennstoffemissionen für das jeweilige Kalenderjahr abzugeben sind, stellt die zuständige Behörde sicher, dass die nicht benötigten Emissionszertifikate nicht auf in darauffolgenden Jahren entstehende Brennstoffemissionen angerechnet werden.</P></Content></text></textdaten></norm>
<norm builddate="20230627213512" doknr="BJNR302600020BJNG001100000"><metadaten><jurabk>BEHV</jurabk><gliederungseinheit><gliederungskennzahl>030060</gliederungskennzahl><gliederungsbez>Unterabschnitt 6</gliederungsbez><gliederungstitel>Sicherheit</gliederungstitel></gliederungseinheit></metadaten><textdaten/></norm>
<norm builddate="20230627213512" doknr="BJNR302600020BJNE003000000"><metadaten><jurabk>BEHV</jurabk><enbez>§ 28</enbez><titel format="XML">Aussetzung des Betriebs des Emissionshandelsregisters</titel></metadaten><textdaten><text format="XML"><Content><P>(1) Die zuständige Behörde setzt den Betrieb des nationalen Emissionshandelsregisters in dem erforderlichen Umfang aus, wenn <DL Type="arabic"><DT>1.</DT><DD Font="normal"><LA>ein erhöhtes Risiko für die Sicherheit des nationalen Emissionshandelsregisters durch unbefugten Zugang zu Daten oder Emissionszertifikaten im nationalen Emissionshandelsregister vorliegt oder</LA></DD><DT>2.</DT><DD Font="normal"><LA>technische Gründe dies erforderlich machen.</LA></DD></DL></P><P>(2) Kontoinhaber werden über die Aussetzung des Betriebs unterrichtet. Die Unterrichtung soll Angaben über die voraussichtliche Dauer der Zugangssperre enthalten. Bei Aussetzung des Betriebs gemäß Absatz 1 Nummer 1 kann die zuständige Behörde im Einzelfall zur Verhinderung von Handlungen, die die Aufklärung von Vorfällen nach Absatz 1 Nummer 1 vereiteln könnten, auf die Unterrichtung verzichten.</P></Content></text></textdaten></norm>
<norm builddate="20230627213512" doknr="BJNR302600020BJNE003100000"><metadaten><jurabk>BEHV</jurabk><enbez>§ 29</enbez><titel format="XML">Pflicht zur Meldung von Straftaten</titel></metadaten><textdaten><text format="XML"><Content><P>Der Kontoinhaber und kontobevollmächtigte Personen melden der zuständigen Behörde unverzüglich, wenn der Verdacht besteht, dass Konten zur Begehung von Verbrechen im Sinne des § 12 Absatz 1 des Strafgesetzbuchs oder einer Unterschlagung, Erpressung, eines Betrugs, Subventionsbetrugs, Computerbetrugs, einer Untreue, Geldwäsche, Terrorismusfinanzierung, Urkundenfälschung, Hehlerei, eines Wuchers, einer Steuerstraftat oder einer Insolvenzstraftat gebraucht werden oder ein solcher Gebrauch versucht wurde.</P></Content></text></textdaten></norm>
<norm builddate="20230627213512" doknr="BJNR302600020BJNE003200000"><metadaten><jurabk>BEHV</jurabk><enbez>§ 30</enbez><titel format="XML">Erhebung, Speicherung und Verwendung von personenbezogenen Daten</titel></metadaten><textdaten><text format="XML"><Content><P>(1) Die zuständige Behörde erhebt, speichert und verwendet folgende zur Prüfung von Anträgen auf Kontoeröffnung und zur Ernennung von kontobevollmächtigten Personen erforderliche personenbezogene Daten: <DL Type="arabic"><DT>1.</DT><DD Font="normal"><LA>Name und Vorname nach den Anlagen 2, 3, 4 und 5 zu dieser Verordnung;</LA></DD><DT>2.</DT><DD Font="normal"><LA>Art, Nummer und Gültigkeitsdatum des Ausweisdokuments nach den Anlagen 2, 3, 4 und 5 zu dieser Verordnung;</LA></DD><DT>3.</DT><DD Font="normal"><LA>Geburtsdatum, Geburtsort und Geburtsland nach den Anlagen 2, 3, 4 und 5 zu dieser Verordnung;</LA></DD><DT>4.</DT><DD Font="normal"><LA>Adressdaten nach den Anlagen 2, 3, 4 und 5 zu dieser Verordnung;</LA></DD><DT>5.</DT><DD Font="normal"><LA>Kontaktinformationen nach den Anlagen 2 und 5 zu dieser Verordnung;</LA></DD><DT>6.</DT><DD Font="normal"><LA>Nachweis über die Inhaberschaft über ein offenes Bankkonto im Europäischen Wirtschaftsraum nach den Anlagen 3 und 4 zu dieser Verordnung;</LA></DD><DT>7.</DT><DD Font="normal"><LA>Nachweis der Anschrift des ständigen Wohnsitzes nach den Anlagen 3, 4 und 5 zu dieser Verordnung;</LA></DD><DT>8.</DT><DD Font="normal"><LA>Führungszeugnis nach den Anlagen 3 und 5 zu dieser Verordnung;</LA></DD><DT>9.</DT><DD Font="normal"><LA>Umsatzsteuer-Identifikationsnummer nach den Anlagen 2, 3 und 4 zu dieser Verordnung.</LA></DD></DL></P><P>(2) Die zuständige Behörde ist befugt, im nationalen Emissionshandelsregister die in den §§ 12 und 16 genannten Daten zu dem in § 9 Absatz 1 genannten Zweck zu erheben, zu speichern und zu verwenden, soweit dies für die Führung des nationalen Emissionshandelsregisters erforderlich ist.</P><P>(3) Die zuständige Behörde und die beauftragte Stelle sind befugt, sich personenbezogene Daten nach Absatz 1 gegenseitig zu übermitteln, soweit dies erforderlich ist für <DL Type="arabic"><DT>1.</DT><DD Font="normal"><LA>den Betrieb des nationalen Emissionshandelsregisters,</LA></DD><DT>2.</DT><DD Font="normal"><LA>die Durchführung des Verkaufsverfahrens oder</LA></DD><DT>3.</DT><DD Font="normal"><LA>die Erfüllung der Pflichten nach dem Geldwäschegesetz.</LA></DD></DL></P><P>(4) Die nach Absatz 1 und 2 gespeicherten Daten sind von der zuständigen Behörde, sobald sie für die Erfüllung der Aufgaben nach § 9 Absatz 1 nicht mehr erforderlich sind, unverzüglich, spätestens automatisiert nach Ablauf von fünf Jahren ab dem Tag ihrer Speicherung nach Absatz 2, zu löschen. Wird der zuständigen Behörde innerhalb dieser Frist die Einleitung von Ermittlungen der Staatsanwaltschaft wegen des Verdachts der Begehung einer Straftat bekannt und sind die nach Absatz 1 und 2 gespeicherten Daten für die Durchführung dieser Ermittlungen und eines sich hieran anschließenden Strafverfahrens erforderlich, sind die Daten nach Satz 1 abweichend von Satz 1 von der zuständigen Behörde nach Ablauf des in Satz 1 genannten Zeitraums mit dem Abschluss des Ermittlungsverfahrens oder dem rechtskräftigen Abschluss des sich hieran anschließenden Strafverfahrens unverzüglich zu löschen.</P><P>(5) Die zuständige Behörde legt insbesondere unter Beachtung der Vorgaben der Artikel 24, 25 und 32 der Verordnung (EU) 2016/679 nähere Anforderungen an das Datenformat sowie an die Anforderungen zur Sicherheit gegen unbefugte Zugriffe auf das nationale Emissionshandelsregister und bei der Datenübertragung fest, die dem Stand der Technik entsprechen und von der zuständigen Behörde fortlaufend hieran anzupassen sind.</P></Content></text></textdaten></norm>
<norm builddate="20230627213512" doknr="BJNR302600020BJNE003300000"><metadaten><jurabk>BEHV</jurabk><enbez>§ 31</enbez><titel format="XML">Vertraulichkeit</titel></metadaten><textdaten><text format="XML"><Content><P>Im Transaktionsprotokoll und im nationalen Emissionshandelsregister enthaltene Angaben und Daten, mit Ausnahme der nach § 33 öffentlich zugänglich zu machenden Angaben und Daten, sind durch die zuständige Behörde, Kontoinhaber und kontobevollmächtigte Personen vertraulich zu behandeln. Dies gilt auch für alle Angaben und Daten, die im Rahmen dieser Verordnung erhoben und von der zuständigen Behörde außerhalb des nationalen Emissionshandelsregisters und des Transaktionsprotokolls gespeichert werden.</P></Content></text></textdaten></norm>
<norm builddate="20230627213512" doknr="BJNR302600020BJNG001200000"><metadaten><jurabk>BEHV</jurabk><gliederungseinheit><gliederungskennzahl>030070</gliederungskennzahl><gliederungsbez>Unterabschnitt 7</gliederungsbez><gliederungstitel>Technische Bestimmungen und Veröffentlichung von Informationen</gliederungstitel></gliederungseinheit></metadaten><textdaten/></norm>
<norm builddate="20230627213512" doknr="BJNR302600020BJNE003400000"><metadaten><jurabk>BEHV</jurabk><enbez>§ 32</enbez><titel format="XML">Automatisierte Prüfung und endgültiger Abschluss von Vorgängen und Transaktionen</titel></metadaten><textdaten><text format="XML"><Content><P>Vorgänge und Transaktionen gelten als abgeschlossen, wenn das Transaktionsprotokoll das nationale Emissionshandelsregister benachrichtigt, dass sämtliche Prüfungen ohne Feststellung von Unregelmäßigkeiten beendet wurden.</P></Content></text></textdaten></norm>
<norm builddate="20230627213512" doknr="BJNR302600020BJNE003500000"><metadaten><jurabk>BEHV</jurabk><enbez>§ 33</enbez><titel format="XML">Veröffentlichung von Informationen</titel></metadaten><textdaten><text format="XML"><Content><P>(1) Die zuständige Behörde macht gemäß § 12 Absatz 4 des Brennstoffemissionshandelsgesetzes folgende Angaben und Daten über Compliance-Konten in nicht personenbezogener Form im nationalen Emissionshandelsregister öffentlich zugänglich: <DL Type="arabic"><DT>1.</DT><DD Font="normal"><LA>Zahl der abgegebenen Emissionszertifikate,</LA></DD><DT>2.</DT><DD Font="normal"><LA>Angaben über die Erfüllung der Abgabepflicht gemäß § 8 des Brennstoffemissionshandelsgesetzes durch abgegebene Emissionszertifikate und</LA></DD><DT>3.</DT><DD Font="normal"><LA>Daten über eingetragene Emissionen eines Kalenderjahres einschließlich Berichtigungen.</LA></DD></DL></P><P>(2) Die zuständige Behörde macht folgende Angaben über die vom Transaktionsprotokoll innerhalb eines Kalenderjahres registrierten abgeschlossenen Transaktionen eines Kontos ab dem 1. Januar des sechsten auf das betreffende Kalenderjahr folgenden Jahres in nicht personenbezogener Form im nationalen Emissionshandelsregister öffentlich zugänglich: <DL Type="arabic"><DT>1.</DT><DD Font="normal"><LA>Name des Kontoinhabers, soweit es sich nicht um personenbezogene Daten handelt, und Kontonummer des Kontos, von dem die Transaktion veranlasst wurde,</LA></DD><DT>2.</DT><DD Font="normal"><LA>Name des Kontoinhabers, soweit es sich nicht um personenbezogene Daten handelt, und Kontonummer des Kontos, auf das die Transaktion veranlasst wurde,</LA></DD><DT>3.</DT><DD Font="normal"><LA>Anzahl der von der Transaktion umfassten Emissionszertifikate ohne Angabe der eindeutigen Einheitenkennung und</LA></DD><DT>4.</DT><DD Font="normal"><LA>Transaktionstyp, Transaktionskennung sowie Datum des Abschlusses der Transaktion.</LA></DD></DL></P></Content></text></textdaten></norm>
<norm builddate="20230627213512" doknr="BJNR302600020BJNG001400130"><metadaten><jurabk>BEHV</jurabk><gliederungseinheit><gliederungskennzahl>040</gliederungskennzahl><gliederungsbez>Abschnitt 4</gliederungsbez><gliederungstitel>Nationale Emissionsmengen (zu den §§ 4 und 5 des Gesetzes)</gliederungstitel></gliederungseinheit></metadaten><textdaten><fussnoten/></textdaten></norm>
<norm builddate="20230627213512" doknr="BJNR302600020BJNE004200130"><metadaten><jurabk>BEHV</jurabk><enbez>§ 34</enbez><titel format="XML">Festlegung der jährlichen Emissionsmengen</titel></metadaten><textdaten><text format="XML"><Content><P>(1) Der prozentuale Anteil der nicht vom EU-Emissionshandel erfassten Brennstoffemissionen an den nicht vom EU-Emissionshandel erfassten gesamten Treibhausgasemissionen in Deutschland betrug im Durchschnitt der Jahre 2016 bis 2018 <DL Font="normal" Type="arabic"><DT>1.</DT><DD Font="normal"><LA Size="normal">für die Brennstoffe nach Anlage 2 des Brennstoffemissionshandelsgesetzes 70,45 Prozent,</LA></DD><DT>2.</DT><DD Font="normal"><LA Size="normal">für die Brennstoffe nach Anlage 1 des Brennstoffemissionshandelsgesetzes abzüglich der Brennstoffe, für die gemäß § 7 Absatz 2 Satz 3 des Brennstoffemissionshandelsgesetzes die Berichtspflicht nach § 7 Absatz 1 des Brennstoffemissionshandelsgesetzes erstmals ab dem 1. Januar 2024 gilt, 71,49 Prozent,</LA></DD><DT>3.</DT><DD Font="normal"><LA Size="normal">für die Brennstoffe nach Anlage 1 des Brennstoffemissionshandelsgesetzes 74,49 Prozent.</LA></DD></DL></P><P>(2) Für die Jahre 2021 bis 2030 werden folgende jährliche Emissionsmengen nach § 4 Absatz 1 des Brennstoffemissionshandelsgesetzes festgelegt: <BR/><BR/><table colsep="1" frame="all" rowsep="1" tocentry="%yes;"><tgroup align="left" char="" charoff="50" cols="2"><colspec colname="col1" colwidth="45*"/><colspec colname="col2" colwidth="120*"/><thead valign="bottom"><row valign="middle"><entry VJ="1" align="center" colname="col1">Jahr</entry><entry VJ="1" align="center" colname="col2">Jährliche Emissionsmenge (in Tonnen CO<SUB>2</SUB>)</entry></row></thead><tbody valign="top"><row><entry VJ="1" colname="col1">2021</entry><entry VJ="1" colname="col2">301 037 178</entry></row><row><entry VJ="1" colname="col1">2022</entry><entry VJ="1" colname="col2">291 116 621</entry></row><row><entry VJ="1" colname="col1">2023</entry><entry VJ="1" colname="col2">280 149 525</entry></row><row><entry VJ="1" colname="col1">2024</entry><entry VJ="1" colname="col2">275 998 949</entry></row><row><entry VJ="1" colname="col1">2025</entry><entry VJ="1" colname="col2">260 092 203</entry></row><row><entry VJ="1" colname="col1">2026</entry><entry VJ="1" colname="col2">254 774 703</entry></row><row><entry VJ="1" colname="col1">2027</entry><entry VJ="1" colname="col2">236 220 646</entry></row><row><entry VJ="1" colname="col1">2028</entry><entry VJ="1" colname="col2">217 666 514</entry></row><row><entry VJ="1" colname="col1">2029</entry><entry VJ="1" colname="col2">199 112 382</entry></row><row><entry VJ="1" colname="col1">2030</entry><entry VJ="1" colname="col2">180 558 250</entry></row></tbody></tgroup></table></P><P>(3) Die Bundesregierung wird die in Absatz 2 festgelegten jährlichen Emissionsmengen <DL Font="normal" Type="arabic"><DT>1.</DT><DD Font="normal"><LA Size="normal">anhand der in Tonnen CO<SUB>2</SUB>-Äquivalent ausgedrückten jährlichen Emissionszuweisungen überprüfen, die die Europäische Kommission für jeden Mitgliedstaat für die Jahre 2021 bis 2030 in Durchführungsrechtsakten gemäß der EU-Klimaschutzverordnung zur Umsetzung des erhöhten Klimaziels der Europäischen Union für das Jahr 2030 festlegt, und</LA></DD><DT>2.</DT><DD Font="normal"><LA Size="normal">unverzüglich nach Inkrafttreten des jeweiligen Durchführungsrechtsaktes im Lichte der durch die Europäische Kommission festgelegten jährlichen Emissionszuweisungen anpassen.</LA></DD></DL></P></Content></text><fussnoten/></textdaten></norm>
<norm builddate="20230627213512" doknr="BJNR302600020BJNE004300130"><metadaten><jurabk>BEHV</jurabk><enbez>§ 35</enbez><titel format="XML">Bestimmung der jährlichen Erhöhungsmenge</titel></metadaten><textdaten><text format="XML"><Content><P>(1) Die zuständige Behörde hat die jährliche Erhöhungsmenge nach § 4 Absatz 3 des Brennstoffemissionshandelsgesetzes nach Maßgabe der Absätze 2 bis 5 zu bestimmen und nach Maßgabe des Absatzes 6 zu veröffentlichen.</P><P>(2) Die jährliche Erhöhungsmenge für ein Kalenderjahr ergibt sich aus der Summe der Grunderhöhungsmenge für dieses Kalenderjahr und der Korrekturmenge für das jeweils vorletzte Kalenderjahr.</P><P>(3) Die Grunderhöhungsmenge für ein Kalenderjahr ergibt sich aus einer Abschätzung der zuständigen Behörde über die Brennstoffemissionen aus dem Einsatz von Brennstoffen in Anlagen, die dem EU-Emissionshandel unterliegen, für die nicht zu erwarten ist, dass für dieses Kalenderjahr eine Anrechnung erfolgt <DL Type="arabic"><DT>1.</DT><DD Font="normal"><LA>nach § 11 der Emissionsberichterstattungsverordnung 2022 vom 17. Dezember 2020 (BGBl. I S. 3016), die durch Artikel 2 der Verordnung vom 20. Februar 2023 (BGBl. 2023 I Nr. 47) geändert worden ist, in der jeweils geltenden Fassung oder</LA></DD><DT>2.</DT><DD Font="normal"><LA>nach § 17 der Emissionsberichterstattungsverordnung 2030 vom 21. Dezember 2022 (BGBl. I S. 2868) in der jeweils geltenden Fassung.</LA></DD></DL></P><P>(4) Die Korrekturmenge für das jeweils vorletzte Kalenderjahr ist die Differenz zwischen <DL Type="arabic"><DT>1.</DT><DD Font="normal"><LA>der Menge an Brennstoffemissionen, für die eine Kompensation nach § 11 Absatz 2 des Brennstoffemissionshandelsgesetzes für dieses Kalenderjahr gewährt worden ist, und</LA></DD><DT>2.</DT><DD Font="normal"><LA>der Grunderhöhungsmenge, die für dieses Kalenderjahr festgelegt worden ist.</LA></DD></DL></P><P>(5) Für die Kalenderjahre 2021 und 2022 entspricht die jährliche Erhöhungsmenge nach Absatz 1 der Grunderhöhungsmenge nach Absatz 3.</P><P>(6) Die zuständige Behörde veröffentlicht die jährliche Erhöhungsmenge für ein Kalenderjahr spätestens bis zum Ablauf des 31. Dezember des Vorjahres im Bundesanzeiger. Abweichend von Satz 1 veröffentlicht die zuständige Behörde die jährliche Erhöhungsmenge für die Kalenderjahre 2021, 2022 und 2023 spätestens bis zum 31. Dezember 2023.</P></Content></text><fussnoten/></textdaten></norm>
<norm builddate="20230627213512" doknr="BJNR302600020BJNE004400130"><metadaten><jurabk>BEHV</jurabk><enbez>§ 36</enbez><titel format="XML">Bereinigter Zusatzbedarf</titel></metadaten><textdaten><text format="XML"><Content><P>(1) Für die Kalenderjahre 2021 bis 2026 bestimmt die zuständige Behörde jeweils den bereinigten Zusatzbedarf an Emissionszertifikaten. Zur Bestimmung des bereinigten Zusatzbedarfs für ein Kalenderjahr wird von der Menge an Brennstoffemissionen, für die Emissionszertifikate nach § 8 des Brennstoffemissionshandelsgesetzes für das betreffende Kalenderjahr abgegeben worden sind (Abgabemenge), Folgendes abgezogen: <DL Type="arabic"><DT>1.</DT><DD Font="normal"><LA>die Menge an Brennstoffemissionen, für die ein Anspruch auf Kompensationszahlung nach § 11 Absatz 2 des Brennstoffemissionshandelsgesetzes für das entsprechende Kalenderjahr besteht, und</LA></DD><DT>2.</DT><DD Font="normal"><LA>die für das entsprechende Kalenderjahr nach § 34 Absatz 2 festgelegte Emissionsmenge.</LA></DD></DL></P><P>(2) Die Abgabemenge entspricht der Summe aus <DL Type="arabic"><DT>1.</DT><DD Font="normal"><LA>der Menge der für ein Kalenderjahr bis zum Ablauf des 30. September des Folgejahres abgegebenen Emissionszertifikate und</LA></DD><DT>2.</DT><DD Font="normal"><LA>der Menge an Emissionszertifikaten, die der Gesamtmenge an Brennstoffemissionen entspricht, die gegenüber den jeweils ursprünglich für ein Kalenderjahr berichteten Brennstoffemissionen aufgrund nachträglicher Änderungen der Emissionsberichte für die Kalenderjahre ab dem Jahr 2021 bis zu dem jeweiligen Kalenderjahr im Sinne von Nummer 1 hinzukommen, soweit diese Änderungen der Emissionsberichte nicht bereits bei der Bestimmung der Abgabemenge eines vorangegangenen Kalenderjahres berücksichtigt worden sind.</LA></DD></DL></P><P>(3) Die zuständige Behörde veröffentlicht den bereinigten Zusatzbedarf auf ihrer Internetseite <DL Type="arabic"><DT>1.</DT><DD Font="normal"><LA>für das Kalenderjahr 2021 bis zum Ablauf des 31. März 2024 und</LA></DD><DT>2.</DT><DD Font="normal"><LA>für die Kalenderjahre 2022 bis 2026 bis zum Ablauf des 31. März des zweiten auf das betreffende Kalenderjahr folgenden Kalenderjahres.</LA></DD></DL></P></Content></text><fussnoten/></textdaten></norm>
<norm builddate="20230627213512" doknr="BJNR302600020BJNG001301130"><metadaten><jurabk>BEHV</jurabk><gliederungseinheit><gliederungskennzahl>050</gliederungskennzahl><gliederungsbez>Abschnitt 5</gliederungsbez><gliederungstitel>Schlussbestimmungen</gliederungstitel></gliederungseinheit></metadaten><textdaten><fussnoten/></textdaten></norm>
<norm builddate="20230627213512" doknr="BJNR302600020BJNE003601130"><metadaten><jurabk>BEHV</jurabk><enbez>§ 37</enbez><titel format="XML">Inkrafttreten</titel></metadaten><textdaten><text format="XML"><Content><P>Diese Verordnung tritt am Tag nach der Verkündung in Kraft.</P></Content></text><fussnoten/></textdaten></norm>
<norm builddate="20230627213512" doknr="BJNR302600020BJNE003700000"><metadaten><jurabk>BEHV</jurabk><enbez>Anlage 1</enbez><titel format="XML">(zu § 10 Absatz 2)<BR/>Kontoarten</titel></metadaten><textdaten><text format="XML"><Content><P><noindex><kommentar typ="Fundstelle">(Fundstelle: BGBl. I 2020, 3037)</kommentar></noindex></P><P/><table colsep="1" frame="all" pgwide="1" rowsep="1" tocentry="%yes;"><tgroup align="left" char="" charoff="50" cols="5"><colspec colname="col1" colwidth="30*"/><colspec colname="col2" colwidth="35*"/><colspec colname="col3" colwidth="30*"/><colspec colname="col4" colwidth="35*"/><colspec colname="col5" colwidth="35*"/><thead valign="bottom"><row><entry VJ="1" align="center" colname="col1" valign="middle">Name<BR/> der Kontoart</entry><entry VJ="1" align="center" colname="col2" valign="middle">Eröffnung<BR/> auf Antrag von</entry><entry VJ="1" align="center" colname="col3" valign="middle">Kontoinhaber</entry><entry VJ="1" align="center" colname="col4" valign="middle">Für Kontoart<BR/> vorgesehene Vorgänge und Transaktionen</entry><entry VJ="1" align="center" colname="col5" valign="middle">Angaben zur<BR/> Eröffnung der Kontoart</entry></row></thead><tbody valign="top"><row><entry VJ="1" colname="col1">Abgabekonto</entry><entry VJ="1" colname="col2">Eröffnung ohne Antrag durch die zuständige Behörde</entry><entry VJ="1" colname="col3">Zuständige Behörde</entry><entry VJ="1" colname="col4">Alle Vorgänge und Transaktionen gemäß §§ 21, 22 und 27</entry><entry VJ="1" colname="col5">entfällt</entry></row><row><entry VJ="1" colname="col1">Compliance-Konto</entry><entry VJ="1" colname="col2">Verantwortlicher</entry><entry VJ="1" colname="col3">Verantwortlicher</entry><entry VJ="1" colname="col4">Alle Vorgänge und Transaktionen gemäß §§ 11 bis 18, 21 bis 27</entry><entry VJ="1" colname="col5">Die Angaben gemäß den Anlagen 2, 4 und 5</entry></row><row><entry VJ="1" colname="col1">Handelskonto</entry><entry VJ="1" colname="col2">Natürliche oder juristische Person oder Personengesellschaft</entry><entry VJ="1" colname="col3">Natürliche oder juristische Personen sowie Personengesellschaften</entry><entry VJ="1" colname="col4">Alle Vorgänge und Transaktionen gemäß §§ 11 bis 18, 21 bis 25</entry><entry VJ="1" colname="col5">Die Angaben gemäß den Anlagen 2, 3 und 5</entry></row><row><entry VJ="1" colname="col1">Löschungskonto</entry><entry VJ="1" colname="col2">Eröffnung ohne Antrag durch die zuständige Behörde</entry><entry VJ="1" colname="col3">Zuständige Behörde</entry><entry VJ="1" colname="col4">Alle Vorgänge und Transaktionen gemäß §§ 21 bis 24</entry><entry VJ="1" colname="col5">entfällt</entry></row><row><entry VJ="1" colname="col1">Nationalkonto</entry><entry VJ="1" colname="col2">Eröffnung ohne Antrag durch die zuständige Behörde</entry><entry VJ="1" colname="col3">Zuständige Behörde</entry><entry VJ="1" colname="col4">Alle Vorgänge und Transaktionen gemäß §§ 11, 13, 15 bis 24</entry><entry VJ="1" colname="col5">entfällt</entry></row><row><entry VJ="1" colname="col1">Veräußerungskonto</entry><entry VJ="1" colname="col2">Für den Verkauf zuständige Stelle</entry><entry VJ="1" colname="col3">Für den Verkauf zuständige Stelle</entry><entry VJ="1" colname="col4">Alle Vorgänge und Transaktionen gemäß §§ 11 bis 18, 20 bis 22, 24 und 25</entry><entry VJ="1" colname="col5">Die Angaben gemäß den Anlagen 2, 3 und 5</entry></row></tbody></tgroup></table></Content></text></textdaten></norm>
<norm builddate="20230627213513" doknr="BJNR302600020BJNE003800000"><metadaten><jurabk>BEHV</jurabk><enbez>Anlage 2</enbez><titel format="XML">(zu § 12 Absatz 1)<BR/>Mit dem Antrag auf Kontoeröffnung zu übermittelnde Angaben</titel></metadaten><textdaten><text format="XML"><Content><P><noindex><kommentar typ="Fundstelle">(Fundstelle: BGBl. I 2020, 3038)</kommentar></noindex></P><P/><P><DL Font="normal" Type="arabic"><DT>1.</DT><DD Font="normal"><LA Size="normal">Name, bei natürlichen Personen zudem Vorname, Adressdaten und weitere Kontaktinformationen wie Telefonnummer und E-Mail-Adresse des Antragstellers,</LA></DD><DT>2.</DT><DD Font="normal"><LA Size="normal">Registrierungsnummer des Kontoinhabers, soweit der Antragsteller im Handels-, Genossenschafts-, Partnerschafts- oder Vereinsregister oder in einem ähnlichen Register eingetragen ist,</LA></DD><DT>3.</DT><DD Font="normal"><LA Size="normal">Geburtsdatum, Geburtsort und Geburtsland des Antragstellers bei natürlichen Personen,</LA></DD><DT>4.</DT><DD Font="normal"><LA Size="normal">Art, Gültigkeit und Nummer des Ausweisdokuments bei natürlichen Personen,</LA></DD><DT>5.</DT><DD Font="normal"><LA Size="normal">Umsatzsteuer-Identifikationsnummer des Antragstellers, soweit vorhanden,</LA></DD><DT>6.</DT><DD Font="normal"><LA Size="normal">Geschäftszweck bei juristischen Personen oder Personengesellschaften,</LA></DD><DT>7.</DT><DD Font="normal"><LA Size="normal">zuständiges Hauptzollamt, soweit vorhanden,</LA></DD><DT>8.</DT><DD Font="normal"><LA Size="normal">Unternehmensnummer und Registrierkennzeichen bei dem zuständigen Hauptzollamt, soweit vorhanden, und</LA></DD><DT>9.</DT><DD Font="normal"><LA Size="normal">Angaben über Maßnahmen zur Geldwäscheprävention im Unternehmen des Antragstellers.</LA></DD></DL></P></Content></text></textdaten></norm>
<norm builddate="20230627213513" doknr="BJNR302600020BJNE003900000"><metadaten><jurabk>BEHV</jurabk><enbez>Anlage 3</enbez><titel format="XML">(zu § 12 Absatz 1)<BR/>Für die Eröffnung eines Veräußerungs- oder Handelskontos zu übermittelnde Angaben</titel></metadaten><textdaten><text format="XML"><Content><P><noindex><kommentar typ="Fundstelle">(Fundstelle: BGBl. I 2020, 3039)</kommentar></noindex></P><P/><P>Zusätzlich zu den Angaben gemäß Anlage 2 sind folgende weitere Angaben und Dokumente erforderlich: <DL Font="normal" Type="arabic"><DT>1.</DT><DD Font="normal"><LA Size="normal">Wenn die Kontoeröffnung von einer juristischen Person oder Personengesellschaft beantragt wird: <DL Font="normal" Type="alpha"><DT>a)</DT><DD Font="normal"><LA Size="normal">Eintragungsnachweis der juristischen Person oder Personengesellschaft, sofern der Antragsteller nicht in einem deutschen Handelsregister registriert ist,</LA></DD><DT>b)</DT><DD Font="normal"><LA Size="normal">Nachweis, dass der Antragsteller in einem Mitgliedstaat des Europäischen Wirtschaftsraums Inhaber eines offenen Bankkontos ist,</LA></DD><DT>c)</DT><DD Font="normal"><LA Size="normal">Umsatzsteuer-Identifikationsnummer, soweit vorhanden,</LA></DD><DT>d)</DT><DD Font="normal"><LA Size="normal">Name, Vorname und Geburtsdatum des wirtschaftlich Berechtigten der juristischen Person oder Personengesellschaft im Sinne von Artikel 3 Nummer 6 der Richtlinie (EU) 2015/849 des Europäischen Parlaments und des Rates vom 20. Mai 2015 zur Verhinderung der Nutzung des Finanzsystems zum Zwecke der Geldwäsche und der Terrorismusfinanzierung, zur Änderung der Verordnung (EU) Nr. 648/2012 des Europäischen Parlaments und des Rates und zur Aufhebung der Richtlinie 2005/60/EG des Europäischen Parlaments und des Rates und der Richtlinie 2006/70/EG der Kommission (ABl. L 141 vom 5.6.2015, S. 73), die zuletzt durch die Richtlinie (EU) 2018/843 (ABl. L 156 vom 19.6.2018, S. 43) geändert worden ist, einschließlich der Art und des Umfangs des wirtschaftlichen Interesses oder der vom wirtschaftlich Berechtigten ausgeübten Kontrolle,</LA></DD><DT>e)</DT><DD Font="normal"><LA Size="normal">Liste der Geschäftsführer,</LA></DD><DT>f)</DT><DD Font="normal"><LA Size="normal">Kopie des Jahresberichts oder der letzten geprüften Bilanz oder, sofern keine geprüfte Bilanz vorliegt, der Bilanz mit Stempel der Steuerbehörde oder Bestätigung des Wirtschaftsprüfers,</LA></DD><DT>g)</DT><DD Font="normal"><LA Size="normal">Dokumente zum Nachweis der Eintragung des Geschäftssitzes des Kontoinhabers, sofern dies aus den gemäß Buchstabe a vorgelegten Dokumenten nicht klar hervorgeht,</LA></DD><DT>h)</DT><DD Font="normal"><LA Size="normal">Führungszeugnis der vertretungsberechtigten natürlichen Person, die für den Antragsteller die Kontoeröffnung beantragt, und</LA></DD><DT>i)</DT><DD Font="normal"><LA Size="normal">Führungszeugnis des wirtschaftlich Berechtigten oder des Geschäftsführers des Antragstellers.</LA></DD></DL></LA></DD><DT>2.</DT><DD Font="normal"><LA Size="normal">Wenn die Kontoeröffnung von einer natürlichen Person beantragt wird: <DL Font="normal" Type="alpha"><DT>a)</DT><DD Font="normal"><LA Size="normal">Nachweis, dass der Antragsteller in einem Mitgliedstaat des Europäischen Wirtschaftsraums Inhaber eines offenen Bankkontos ist,</LA></DD><DT>b)</DT><DD Font="normal"><LA Size="normal">Führungszeugnis der natürlichen Person,</LA></DD><DT>c)</DT><DD Font="normal"><LA Size="normal">Personalausweis, ausgestellt von einem Staat, der Mitglied des Europäischen Wirtschaftsraums oder der Organisation für wirtschaftliche Zusammenarbeit und Entwicklung ist, oder Reisepass und</LA></DD><DT>d)</DT><DD Font="normal"><LA Size="normal">Erklärung der lokalen Behörden, die den ständigen Wohnsitz des Antragstellers bestätigt, sofern der ständige Wohnsitz nicht aus den Angaben gemäß Buchstabe c ersichtlich ist.</LA></DD></DL></LA></DD></DL></P></Content></text></textdaten></norm>
<norm builddate="20230627213513" doknr="BJNR302600020BJNE004000000"><metadaten><jurabk>BEHV</jurabk><enbez>Anlage 4</enbez><titel format="XML">(zu § 12 Absatz 1)<BR/>Für die Eröffnung eines Compliance-Kontos zu übermittelnde Angaben</titel></metadaten><textdaten><text format="XML"><Content><P><noindex><kommentar typ="Fundstelle">(Fundstelle: BGBl. I 2020, 3040)</kommentar></noindex></P><P/><P>Zusätzlich zu den Angaben gemäß Anlage 2 sind folgende weitere Angaben und Dokumente erforderlich: <DL Font="normal" Type="arabic"><DT>1.</DT><DD Font="normal"><LA Size="normal">Wenn die Kontoeröffnung von einer juristischen Person oder Personengesellschaft beantragt wird: <DL Font="normal" Type="alpha"><DT>a)</DT><DD Font="normal"><LA Size="normal">Eintragungsnachweis der juristischen Person oder Personengesellschaft, sofern der Antragsteller nicht in einem deutschen Handelsregister registriert ist,</LA></DD><DT>b)</DT><DD Font="normal"><LA Size="normal">Nachweis, dass der Antragsteller in einem Mitgliedstaat des Europäischen Wirtschaftsraums Inhaber eines offenen Bankkontos ist,</LA></DD><DT>c)</DT><DD Font="normal"><LA Size="normal">Umsatzsteuer-Identifikationsnummer, soweit vorhanden, und</LA></DD><DT>d)</DT><DD Font="normal"><LA Size="normal">Name, Vorname, Geburtsdatum, Geburtsort, Geburtsland und Anschrift des wirtschaftlich Berechtigten der juristischen Person oder Personengesellschaft im Sinne von Artikel 3 Nummer 6 der Richtlinie (EU) 2015/849 einschließlich der Art und des Umfangs des wirtschaftlichen Interesses oder der vom wirtschaftlich Berechtigten ausgeübten Kontrolle.</LA></DD></DL></LA></DD><DT>2.</DT><DD Font="normal"><LA Size="normal">Wenn die Kontoeröffnung von einer natürlichen Person beantragt wird: <DL Font="normal" Type="alpha"><DT>a)</DT><DD Font="normal"><LA Size="normal">Nachweis, dass der Antragsteller in einem Mitgliedstaat des Europäischen Wirtschaftsraums Inhaber eines offenen Bankkontos ist,</LA></DD><DT>b)</DT><DD Font="normal"><LA Size="normal">Personalausweis, ausgestellt von einem Staat, der Mitglied des Europäischen Wirtschaftsraums oder der Organisation für wirtschaftliche Zusammenarbeit und Entwicklung ist, oder Reisepass und</LA></DD><DT>c)</DT><DD Font="normal"><LA Size="normal">Erklärung der lokalen Behörden, die den ständigen Wohnsitz des Antragstellers bestätigt, sofern der Hauptwohnsitz nicht aus den Angaben gemäß Buchstabe b ersichtlich ist.</LA></DD></DL></LA></DD></DL></P></Content></text></textdaten></norm>
<norm builddate="20230627213513" doknr="BJNR302600020BJNE004100000"><metadaten><jurabk>BEHV</jurabk><enbez>Anlage 5</enbez><titel format="XML">(zu § 16 Absatz 2)<BR/>Von dem Kontoinhaber zu übermittelnde Angaben zu kontobevollmächtigten Personen</titel></metadaten><textdaten><text format="XML"><Content><P><noindex><kommentar typ="Fundstelle">(Fundstelle: BGBl. I 2020, 3041)</kommentar></noindex></P><P/><P><DL Font="normal" Type="arabic"><DT>1.</DT><DD Font="normal"><LA Size="normal">Name, Vorname, Adressdaten und weitere Kontaktinformationen wie Telefonnummer und E-Mail-Adresse der kontobevollmächtigten Person,</LA></DD><DT>2.</DT><DD Font="normal"><LA Size="normal">Geburtsdatum, Geburtsort und Geburtsland der kontobevollmächtigten Person,</LA></DD><DT>3.</DT><DD Font="normal"><LA Size="normal">Art, Gültigkeit sowie Nummer des Ausweisdokuments der kontobevollmächtigten Person,</LA></DD><DT>4.</DT><DD Font="normal"><LA Size="normal">Erklärung des Kontoinhabers, aus der hervorgeht, dass der Kontoinhaber eine bestimmte Person zur kontobevollmächtigten Person bestimmen will,</LA></DD><DT>5.</DT><DD Font="normal"><LA Size="normal">eines der folgenden Dokumente zum Nachweis der Identität und des ständigen Wohnsitzes der bestimmten kontobevollmächtigen Person: <DL Font="normal" Type="alpha"><DT>a)</DT><DD Font="normal"><LA Size="normal">Personalausweis, ausgestellt von einem Staat, der Mitglied des Europäischen Wirtschaftsraums oder der Organisation für wirtschaftliche Zusammenarbeit und Entwicklung ist, oder Reisepass,</LA></DD><DT>b)</DT><DD Font="normal"><LA Size="normal">Erklärung der lokalen Behörden, die den ständigen Wohnsitz der kontobevollmächtigten Person bestätigt, sofern der ständige Wohnsitz nicht aus den Angaben gemäß Buchstabe a ersichtlich ist,</LA></DD></DL></LA></DD><DT>6.</DT><DD Font="normal"><LA Size="normal">Führungszeugnis der bestimmten kontobevollmächtigten Person.</LA></DD></DL></P></Content></text></textdaten></norm>
</dokumente>