<?xml version="1.0" encoding="UTF-8" ?><!DOCTYPE dokumente SYSTEM "http://www.gesetze-im-internet.de/dtd/1.01/gii-norm.dtd">
<dokumente builddate="20240430220019" doknr="BJNR07F0A0024"><norm builddate="20240430220019" doknr="BJNR07F0A0024"><metadaten><jurabk>MLAnpV 2024</jurabk><amtabk>MLAnpV</amtabk><ausfertigung-datum manuell="ja">2024-04-11</ausfertigung-datum><fundstelle typ="amtlich"><periodikum>BGBl I</periodikum><zitstelle>2024, Nr. 127</zitstelle></fundstelle><kurzue>Mindestleistungsanpassungsverordnung</kurzue><langue>Verordnung zur Anpassung der Mindestleistung nach dem Unterhaltssicherungsgesetz</langue><standangabe checked="ja"><standtyp>Sonst</standtyp><standkommentar>Ersetzt V 53-10-1 v. 9.5.2022 I 775 (MLAnpV)</standkommentar></standangabe></metadaten><textdaten><fussnoten><Content><P><BR/> <pre xml:space="preserve">(+++ Textnachweis ab: 1.5.2024 +++)<BR/><BR/></pre></P></Content></fussnoten></textdaten></norm>
<norm builddate="20240430220019" doknr="BJNR07F0A0024BJNE000100000"><metadaten><jurabk>MLAnpV 2024</jurabk><jurabk>MLAnpV</jurabk><enbez>Eingangsformel</enbez></metadaten><textdaten><text format="XML"><Content><P>Auf Grund des § 8 Absatz 1 Satz 3 in Verbindung mit Satz 2 des Unterhaltssicherungsgesetzes vom 4. August 2019 (BGBl. I S. 1147, 1179) verordnet das Bundesministerium der Verteidigung:</P></Content></text></textdaten></norm>
<norm builddate="20240430220019" doknr="BJNR07F0A0024BJNE000200000"><metadaten><jurabk>MLAnpV 2024</jurabk><jurabk>MLAnpV</jurabk><enbez>§ 1</enbez><titel format="XML">Höhe der Tagessätze ab dem 1. Mai 2024</titel></metadaten><textdaten><text format="XML"><Content><P>Ab dem 1. Mai 2024 gelten für die Mindestleistung nach § 8 Absatz 1 des Unterhaltssicherungsgesetzes die folgenden Tagessätze: <table colsep="1" frame="all" pgwide="1" rowsep="1" tocentry="%yes;"><tgroup align="left" char="" charoff="50" cols="6"><colspec align="center" colname="col1" colwidth="7*"/><colspec colname="col2" colwidth="36*"/><colspec align="center" colname="col3" colwidth="30*"/><colspec align="center" colname="col4" colwidth="30*"/><colspec align="center" colname="col5" colwidth="30*"/><colspec align="center" colname="col6" colwidth="30*"/><thead valign="bottom"><row><entry VJ="1" colname="col1"/><entry VJ="1" align="center" colname="col2">Dienstgrad</entry><entry VJ="1" align="center" nameend="col6" namest="col3">Tagessatz</entry></row><row><entry VJ="1" colname="col1"/><entry VJ="1" align="center" colname="col2"> 1</entry><entry VJ="1" align="center" colname="col3"> 2</entry><entry VJ="1" align="center" colname="col4"> 3</entry><entry VJ="1" align="center" colname="col5"> 4</entry><entry VJ="1" align="center" colname="col6"> 5</entry></row><row><entry VJ="1" colname="col1"/><entry VJ="1" colname="col2"/><entry VJ="1" nameend="col6" namest="col3">Reservistendienst Leistende oder Reservistendienst Leistender</entry></row><row><entry VJ="1" colname="col1"/><entry VJ="1" colname="col2"/><entry VJ="1" colname="col3">ohne<BR/> unterhaltsberechtigtes<BR/> Kind</entry><entry VJ="1" colname="col4">mit einem<BR/> unterhaltsberechtigten<BR/> Kind</entry><entry VJ="1" colname="col5">mit zwei<BR/> unterhaltsberechtigten<BR/> Kindern</entry><entry VJ="1" colname="col6">mit drei<BR/> unterhaltsberechtigten<BR/> Kindern<FnR ID="F829703_01_BJNR07F0A0024BJNE000200000"/></entry></row></thead><tbody valign="top"><row><entry VJ="1" colname="col1">1</entry><entry VJ="1" colname="col2">Jäger,<BR/> Panzerschütze,<BR/> Panzergrenadier,<BR/> Kanonier,<BR/> Pionier,<BR/> Panzerpionier,<BR/> Funker,<BR/> Schütze,<BR/> Flieger,<BR/> Sanitätssoldat,<BR/> Matrose,<BR/> Gefreiter,<BR/> Grenadier,<BR/> Panzerjäger,<BR/> Panzerkanonier,<BR/> Panzerfunker</entry><entry VJ="1" colname="col3">76,85 €</entry><entry VJ="1" colname="col4">89,52 €</entry><entry VJ="1" colname="col5">93,90 €</entry><entry VJ="1" colname="col6">105,34 €</entry></row><row><entry VJ="1" colname="col1">2</entry><entry VJ="1" colname="col2">Obergefreiter,<BR/> Hauptgefreiter</entry><entry VJ="1" colname="col3">78,04 €</entry><entry VJ="1" colname="col4">90,88 €</entry><entry VJ="1" colname="col5">95,10 €</entry><entry VJ="1" colname="col6">106,29 €</entry></row><row><entry VJ="1" colname="col1">3</entry><entry VJ="1" colname="col2">Stabsgefreiter,<BR/> Oberstabsgefreiter,<BR/> Unteroffizier,<BR/> Maat,<BR/> Fahnenjunker,<BR/> Seekadett</entry><entry VJ="1" colname="col3">78,48 €</entry><entry VJ="1" colname="col4">91,39 €</entry><entry VJ="1" colname="col5">95,40 €</entry><entry VJ="1" colname="col6">106,44 €</entry></row><row><entry VJ="1" colname="col1">4</entry><entry VJ="1" colname="col2">Stabsunteroffizier,<BR/> Obermaat</entry><entry VJ="1" colname="col3">80,31 €</entry><entry VJ="1" colname="col4">93,29 €</entry><entry VJ="1" colname="col5">96,76 €</entry><entry VJ="1" colname="col6">107,26 €</entry></row><row><entry VJ="1" colname="col1">5</entry><entry VJ="1" colname="col2">Feldwebel,<BR/> Bootsmann,<BR/> Fähnrich,<BR/> Fähnrich zur See,<BR/> Oberfeldwebel,<BR/> Oberbootsmann</entry><entry VJ="1" colname="col3">82,74 €</entry><entry VJ="1" colname="col4">96,04 €</entry><entry VJ="1" colname="col5">99,48 €</entry><entry VJ="1" colname="col6">109,89 €</entry></row><row><entry VJ="1" colname="col1">6</entry><entry VJ="1" colname="col2">Hauptfeldwebel,<BR/> Hauptbootsmann,<BR/> Oberfähnrich,<BR/> Oberfähnrich zur See</entry><entry VJ="1" colname="col3">86,35 €</entry><entry VJ="1" colname="col4">100,09 €</entry><entry VJ="1" colname="col5">103,44 €</entry><entry VJ="1" colname="col6">113,81 €</entry></row><row><entry VJ="1" colname="col1">7</entry><entry VJ="1" colname="col2">Stabsfeldwebel,<BR/> Stabsbootsmann,<BR/> Oberstabsfeldwebel,<BR/> Oberstabsbootsmann,<BR/> Leutnant,<BR/> Leutnant zur See</entry><entry VJ="1" colname="col3">91,66 €</entry><entry VJ="1" colname="col4">106,29 €</entry><entry VJ="1" colname="col5">109,62 €</entry><entry VJ="1" colname="col6">119,88 €</entry></row><row><entry VJ="1" colname="col1">8</entry><entry VJ="1" colname="col2">Oberleutnant,<BR/> Oberleutnant zur See</entry><entry VJ="1" colname="col3">96,75 €</entry><entry VJ="1" colname="col4">111,74 €</entry><entry VJ="1" colname="col5">115,27 €</entry><entry VJ="1" colname="col6">125,24 €</entry></row><row><entry VJ="1" colname="col1">9</entry><entry VJ="1" colname="col2">Hauptmann,<BR/> Kapitänleutnant</entry><entry VJ="1" colname="col3">106,84 €</entry><entry VJ="1" colname="col4">123,11 €</entry><entry VJ="1" colname="col5">126,51 €</entry><entry VJ="1" colname="col6">136,56 €</entry></row><row><entry VJ="1" colname="col1">10</entry><entry VJ="1" colname="col2">Stabsarzt,<BR/> Stabsapotheker,<BR/> Stabsveterinär,<BR/> Stabshauptmann,<BR/> Stabskapitänleutnant,<BR/> Major,<BR/> Korvettenkapitän</entry><entry VJ="1" colname="col3">126,36 €</entry><entry VJ="1" colname="col4">145,38 €</entry><entry VJ="1" colname="col5">148,81 €</entry><entry VJ="1" colname="col6">158,91 €</entry></row><row><entry VJ="1" colname="col1">11</entry><entry VJ="1" colname="col2">Oberstabsarzt,<BR/> Oberstabsapotheker,<BR/> Oberstabsveterinär,<BR/> Oberstleutnant,<BR/> Fregattenkapitän</entry><entry VJ="1" colname="col3">128,97 €</entry><entry VJ="1" colname="col4">148,44 €</entry><entry VJ="1" colname="col5">151,90 €</entry><entry VJ="1" colname="col6">161,76 €</entry></row><row><entry VJ="1" colname="col1">12</entry><entry VJ="1" colname="col2">Oberfeldarzt,<BR/> Flottillenarzt,<BR/> Oberfeldapotheker,<BR/> Flottillenapotheker,<BR/> Oberfeldveterinär</entry><entry VJ="1" colname="col3">148,97 €</entry><entry VJ="1" colname="col4">172,69 €</entry><entry VJ="1" colname="col5">176,03 €</entry><entry VJ="1" colname="col6">185,57 €</entry></row><row><entry VJ="1" colname="col1">13</entry><entry VJ="1" colname="col2">Oberst,<BR/> Kapitän zur See,<BR/> Oberstarzt,<BR/> Flottenarzt,<BR/> Oberstapotheker,<BR/> Flottenapotheker,<BR/> Oberstveterinär und<BR/> höhere Dienstgrade</entry><entry VJ="1" colname="col3">160,07 €</entry><entry VJ="1" colname="col4">186,02 €</entry><entry VJ="1" colname="col5">189,34 €</entry><entry VJ="1" colname="col6">198,70 €</entry></row></tbody></tgroup></table><FnArea Line="1"><FnR ID="F829703_01_BJNR07F0A0024BJNE000200000"/></FnArea></P></Content><Footnotes><Footnote FnZ="*" Group="manuell" ID="F829703_01_BJNR07F0A0024BJNE000200000" Pos="normal">Bei mehr als drei unterhaltsberechtigten Kindern wird der Tagessatz für jedes weitere Kind um die Differenz zwischen den Tagessätzen nach den Spalten 4 und 5 erhöht.</Footnote></Footnotes></text></textdaten></norm>
<norm builddate="20240430220019" doknr="BJNR07F0A0024BJNE000300000"><metadaten><jurabk>MLAnpV 2024</jurabk><jurabk>MLAnpV</jurabk><enbez>§ 2</enbez><titel format="XML">Inkrafttreten, Außerkrafttreten</titel></metadaten><textdaten><text format="XML"><Content><P>Diese Verordnung tritt am 1. Mai 2024 in Kraft. Gleichzeitig tritt die Mindestleistungsanpassungsverordnung vom 9. Mai 2022 (BGBl. I S. 775) außer Kraft.</P></Content></text></textdaten></norm>
</dokumente>