<?xml version="1.0" encoding="UTF-8" ?><!DOCTYPE dokumente SYSTEM "http://www.gesetze-im-internet.de/dtd/1.01/gii-norm.dtd">
<dokumente builddate="20250320223504" doknr="BJNR004980955"><norm builddate="20250320223504" doknr="BJNR004980955"><metadaten><jurabk>HHG</jurabk><amtabk>HHG</amtabk><ausfertigung-datum manuell="ja">1955-08-06</ausfertigung-datum><fundstelle typ="amtlich"><periodikum>BGBl I</periodikum><zitstelle>1955, 498</zitstelle></fundstelle><kurzue>Häftlingshilfegesetz</kurzue><langue>Gesetz über Hilfsmaßnahmen für Personen, die aus politischen Gründen außerhalb der Bundesrepublik Deutschland in Gewahrsam genommen wurden</langue><standangabe checked="ja"><standtyp>Neuf</standtyp><standkommentar>Neugefasst durch Bek. v. 2.6.1993 I 838;</standkommentar></standangabe><standangabe checked="ja"><standtyp>Stand</standtyp><standkommentar>zuletzt geändert durch Art. 9 G v. 12.12.2019 I 2652</standkommentar></standangabe><standangabe checked="ja"><standtyp>Hinweis</standtyp><standkommentar>Änderung durch Art. 2 G v. 25.2.2025 I Nr. 63 textlich nachgewiesen, dokumentarisch noch nicht abschließend bearbeitet</standkommentar></standangabe></metadaten><textdaten><fussnoten><Content><P>(+++ Textnachweis Geltung ab: 1.1.1981 +++)</P><P><BR/> (+++ Maßgaben aufgrund des EinigVtr vgl. HHG Anhang EV +++) <BR/>(+++ Änderungen aufgrund EinigVtr vgl. §§ 9a, 17, 18, 22 und 25a +++)</P></Content></fussnoten></textdaten></norm>
<norm builddate="20250320223504" doknr="BJNR004980955BJNE000104314"><metadaten><jurabk>HHG</jurabk><enbez>§ 1</enbez><titel format="parat">Personenkreis</titel></metadaten><textdaten><text format="XML"><Content><P>(1) Leistungen nach Maßgabe der folgenden Vorschriften erhalten deutsche Staatsangehörige und deutsche Volkszugehörige, wenn sie <DL Font="normal" Type="arabic"><DT>1.</DT><DD Font="normal"><LA Size="normal">nach der Besetzung ihres Aufenthaltsortes oder nach dem 8. Mai 1945 in der sowjetischen Besatzungszone oder im sowjetisch besetzten Sektor von Berlin oder in den in § 1 Abs. 2 Nr. 3 des Bundesvertriebenengesetzes genannten Gebieten aus politischen und nach freiheitlich-demokratischer Auffassung von ihnen nicht zu vertretenden Gründen in Gewahrsam genommen wurden oder</LA></DD> <DT>2.</DT><DD Font="normal"><LA Size="normal">Angehörige der in Nummer 1 genannten Personen sind oder</LA></DD> <DT>3.</DT><DD Font="normal"><LA Size="normal">Hinterbliebene der in Nummer 1 genannten Personen sind</LA></DD> </DL>und den gewöhnlichen Aufenthalt im Geltungsbereich des Gesetzes genommen haben.</P><P>(2) (weggefallen)</P><P>(3) (weggefallen)</P><P>(4) (weggefallen)</P><P>(5) Gewahrsam im Sinne des Absatzes 1 ist ein Festgehaltenwerden auf engbegrenztem Raum unter dauernder Bewachung. Wurde oder wird eine in Absatz 1 Nr. 1 genannte Person gegen ihren Willen in ein ausländisches Staatsgebiet verbracht, so gilt die Zeit, während der sie an ihrer Rückkehr gehindert war oder ist, als Gewahrsam, längstens jedoch bis zum 31. Dezember 1989.</P><P>(6) Eine lagermäßige Unterbringung als Folge von Arbeitsverpflichtungen oder zum Zwecke des Abtransportes von Vertriebenen oder Aussiedlern gilt nicht als Gewahrsam im Sinne dieses Gesetzes.</P><P>(7) Keine Leistungen nach diesem Gesetz erhalten die im Gewahrsam geborenen Abkömmlinge von im Gewahrsam geborenen Berechtigten; die ihnen als Erben auf Grund des § 9a Abs. 2 in Verbindung mit § 5 Abs. 2 oder 3 des Kriegsgefangenenentschädigungsgesetzes zustehenden Ansprüche bleiben unberührt.</P></Content>      </text></textdaten></norm>
<norm builddate="20250320223504" doknr="BJNR004980955BJNE000203314"><metadaten><jurabk>HHG</jurabk><enbez>§ 2</enbez><titel format="parat">Ausschließungsgründe</titel></metadaten><textdaten><text format="XML"><Content><P>(1) Leistungen nach diesem Gesetz werden nicht gewährt an Personen, <DL Font="normal" Type="arabic"><DT>1.</DT><DD Font="normal"><LA Size="normal">die in den Gewahrsamsgebieten (§ 1 Abs. 1 Nr. 1) dem dort herrschenden politischen System erheblich Vorschub geleistet haben,</LA></DD> <DT>2.</DT><DD Font="normal"><LA Size="normal">die während der Herrschaft des Nationalsozialismus oder in den Gewahrsamsgebieten (§ 1 Abs. 1 Nr. 1) durch ihr Verhalten gegen die Grundsätze der Rechtsstaatlichkeit oder Menschlichkeit verstoßen haben; dies gilt insbesondere für Personen, die durch ein deutsches Gericht im Geltungsbereich dieses Gesetzes wegen eines an Mithäftlingen begangenen Verbrechens oder Vergehens rechtskräftig verurteilt worden sind,</LA></DD> <DT>3.</DT><DD Font="normal"><LA Size="normal">die nach dem 8. Mai 1945 durch deutsche Gerichte wegen vorsätzlicher Straftaten zu Freiheitsstrafen von insgesamt mehr als drei Jahren rechtskräftig verurteilt worden sind. Dies gilt nicht, soweit die Verurteilung auf in § 1 Abs. 1 Nr. 1 genannten Gründen beruht.</LA></DD> </DL> </P><P>(2) Die Gewährung von Leistungen kann versagt oder eingestellt werden, wenn der Berechtigte die im Geltungsbereich dieses Gesetzes bestehende freiheitliche demokratische Grundordnung bekämpft hat oder bekämpft.</P><P>(3) (weggefallen)</P><P>(4) Liegen Ausschließungsgründe bei der in Gewahrsam genommenen Person (§ 1 Abs. 1 Nr. 1) vor, so sind diese auch gegenüber Angehörigen und Hinterbliebenen wirksam.</P><P>(5) Solange wegen einer Straftat, die zu einem Ausschluß nach Absatz 1 Nr. 2 und 3 oder Absatz 2 führen kann, ein Ermittlungsverfahren oder Strafverfahren schwebt, sind Entscheidungen über Anträge nach diesem Gesetz zurückzustellen. Wird ein solches Verfahren eingeleitet, nachdem der Anspruch auf Leistungen zuerkannt ist, so ist die Auszahlung einmaliger Leistungen auszusetzen; wiederkehrende Leistungen können ausgesetzt werden.</P></Content>   </text></textdaten></norm>
<norm builddate="20250320223504" doknr="BJNR004980955BJNE000302314"><metadaten><jurabk>HHG</jurabk><enbez>§ 3</enbez><titel format="parat">Erweiterung des Personenkreises</titel></metadaten><textdaten><text format="XML"><Content><P>Die Bundesregierung wird ermächtigt, durch Rechtsverordnung mit Zustimmung des Bundesrates weitere Gruppen von Personen, die aus den in § 1 Abs. 1 Nr. 1 genannten Gründen <DL Font="normal" Type="arabic"><DT>a)</DT><DD Font="normal"><LA Size="normal">in anderen als den dort bezeichneten Gebieten außerhalb des Geltungsbereiches dieses Gesetzes in Gewahrsam genommen wurden oder</LA></DD> <DT>b)</DT><DD Font="normal"><LA Size="normal">ohne in Gewahrsam genommen worden zu sein, durch andere Maßnahmen eine gesundheitliche Schädigung erlitten haben,</LA></DD> </DL>sowie deren Angehörige und Hinterbliebene den nach diesem Gesetz zum Empfang von Leistungen Berechtigten gleichzustellen.</P></Content></text></textdaten></norm>
<norm builddate="20250320223504" doknr="BJNR004980955BJNE000407116"><metadaten><jurabk>HHG</jurabk><enbez>§ 4</enbez><titel format="XML">Leistungen der Sozialen Entschädigung bei gesundheitlicher Schädigung</titel></metadaten><textdaten><text format="XML"><Content><P>(1) Ein nach § 1 Absatz 1 Nummer 1 Berechtigter, der infolge des Gewahrsams eine gesundheitliche Schädigung erlitten hat, erhält wegen der gesundheitlichen und wirtschaftlichen Folgen dieser Schädigung auf Antrag Leistungen der Sozialen Entschädigung in entsprechender Anwendung der Vorschriften des Vierzehnten Buches Sozialgesetzbuch. Dies gilt nicht, soweit ihm wegen desselben schädigenden Ereignisses bereits folgende Leistungen zustehen: <DL Font="normal" Type="arabic"><DT>1.</DT><DD Font="normal"><LA Size="normal">Versorgung aufgrund des Bundesversorgungsgesetzes,</LA></DD><DT>2.</DT><DD Font="normal"><LA Size="normal">Versorgung aufgrund eines Gesetzes, das das Bundesversorgungsgesetz für entsprechend anwendbar erklärt,</LA></DD><DT>3.</DT><DD Font="normal"><LA Size="normal">Leistungen der Sozialen Entschädigung nach dem Vierzehnten Buch Sozialgesetzbuch oder</LA></DD><DT>4.</DT><DD Font="normal"><LA Size="normal">Leistungen der Sozialen Entschädigung in entsprechender Anwendung des Vierzehnten Buches Sozialgesetzbuch.</LA></DD></DL></P><P>(2) Einer Schädigung im Sinne des Absatzes 1 steht eine gesundheitliche Schädigung gleich, die durch einen Unfall unter den Voraussetzungen des § 4 Absatz 2 Nummer 1 des Vierzehnten Buches Sozialgesetzbuch herbeigeführt worden ist.</P><P>(3) Wer als Berechtigter oder Leistungsempfänger nach Absatz 1 oder § 5, als Pflegeperson oder als Begleitperson bei einer notwendigen Begleitung einer geschädigten Person durch einen Unfall unter den Voraussetzungen des § 4 Absatz 2 Nummer 2 des Vierzehnten Buches Sozialgesetzbuch eine gesundheitliche Schädigung erleidet, erhält Leistungen der Sozialen Entschädigung nach Absatz 1.</P><P>(4) Einer gesundheitlichen Schädigung im Sinne der Absätze 1 bis 3 steht die Beschädigung eines am Körper getragenen Hilfsmittels, einer Brille, von Kontaktlinsen oder von Zahnersatz gleich.</P><P>(5) Zur Anerkennung einer Gesundheitsstörung als Folge einer Schädigung genügt die Wahrscheinlichkeit des ursächlichen Zusammenhanges. Sie ist gegeben, wenn nach dem aktuellen Stand der medizinischen Wissenschaft mehr für als gegen einen ursächlichen Zusammenhang spricht.</P><P>(6) Bei psychischen Gesundheitsstörungen wird die Wahrscheinlichkeit des ursächlichen Zusammenhangs im Einzelfall vermutet, wenn diejenigen medizinischen Tatsachen vorliegen, die nach den Erfahrungen der medizinischen Wissenschaft geeignet sind, einen Ursachenzusammenhang zwischen einem nach Art und Schwere geeigneten schädigenden Ereignis und der gesundheitlichen Schädigung und der Schädigungsfolge zu begründen, und diese Vermutung nicht durch einen anderen Kausalverlauf widerlegt wird.</P><P>(7) Wenn die zur Anerkennung einer Gesundheitsstörung als Schädigungsfolge erforderliche Wahrscheinlichkeit nur deshalb nicht gegeben ist, weil über die Ursache der Gesundheitsstörung in der medizinischen Wissenschaft Ungewissheit besteht, kann mit Zustimmung des Bundesministeriums für Arbeit und Soziales die Gesundheitsstörung als Schädigungsfolge anerkannt werden. Die Zustimmung kann allgemein erteilt werden.</P></Content></text><fussnoten/></textdaten></norm>
<norm builddate="20250320223504" doknr="BJNR004980955BJNE000505116"><metadaten><jurabk>HHG</jurabk><enbez>§ 5</enbez><titel format="XML">Leistungen der Sozialen Entschädigung für Hinterbliebene</titel></metadaten><textdaten><text format="XML"><Content><P>Ist die geschädigte Person an den Folgen der Schädigung gestorben, so erhalten die Hinterbliebenen Leistungen der Sozialen Entschädigung in entsprechender Anwendung des Vierzehnten Buches Sozialgesetzbuch. Dies gilt nicht, soweit den Hinterbliebenen bereits folgende Leistungen zustehen: <DL Font="normal" Type="arabic"><DT>1.</DT><DD Font="normal"><LA Size="normal">Versorgung aufgrund des Bundesversorgungsgesetzes,</LA></DD><DT>2.</DT><DD Font="normal"><LA Size="normal">Versorgung aufgrund eines Gesetzes, das das Bundesversorgungsgesetz für entsprechend anwendbar erklärt,</LA></DD><DT>3.</DT><DD Font="normal"><LA Size="normal">Leistungen der Sozialen Entschädigung nach dem Vierzehnten Buch Sozialgesetzbuch oder</LA></DD><DT>4.</DT><DD Font="normal"><LA Size="normal">Leistungen der Sozialen Entschädigung in entsprechender Anwendung des Vierzehnten Buches Sozialgesetzbuch.</LA></DD></DL>§ 4 Absatz 3 dieses Gesetzes und § 148 des Vierzehnten Buches Sozialgesetzbuch sind entsprechend anzuwenden.</P></Content></text><fussnoten/></textdaten></norm>
<norm builddate="20250320223504" doknr="BJNR004980955BJNE000604116"><metadaten><jurabk>HHG</jurabk><enbez>§ 6</enbez><titel format="XML">Zusammentreffen von Ansprüchen</titel></metadaten><textdaten><text format="XML"><Content><P>(1) Treffen Ansprüche aus § 4 mit folgenden Ansprüchen zusammen, werden die Leistungen der Sozialen Entschädigung unter Berücksichtigung des durch die gesamten Schädigungsfolgen bedingten Grades der Schädigungsfolgen nach dem Vierzehnten Buch Sozialgesetzbuch gewährt: <DL Font="normal" Type="arabic"><DT>1.</DT><DD Font="normal"><LA Size="normal">Ansprüchen aus § 1 des Bundesversorgungsgesetzes,</LA></DD><DT>2.</DT><DD Font="normal"><LA Size="normal">Ansprüchen aus einem anderen Gesetz, das eine entsprechende Anwendung des Bundesversorgungsgesetzes vorsieht,</LA></DD><DT>3.</DT><DD Font="normal"><LA Size="normal">Ansprüchen nach § 21, § 23, § 24 oder Kapitel 23 des Vierzehnten Buches Sozialgesetzbuch oder</LA></DD><DT>4.</DT><DD Font="normal"><LA Size="normal">Ansprüchen aus anderen Gesetzen, die eine entsprechende Anwendung des Vierzehnten Buches Sozialgesetzbuch vorsehen.</LA></DD></DL></P><P>(2) (weggefallen)</P><P>(3) Bei der Feststellung der Elternrente sind auch die Kinder zu berücksichtigen, die an den Folgen einer nach dem Vierzehntes Buch Sozialgesetzbuch anzuerkennenden Schädigung gestorben. Besteht ein Anspruch auf Elternrente unmittelbar nach den Vorschriften des Vierzehntes Buch Sozialgesetzbuch, so wird sie nach diesem Gesetz nicht gewährt.</P></Content></text><fussnoten/></textdaten></norm>
<norm builddate="20250320223504" doknr="BJNR004980955BJNE000702314"><metadaten><jurabk>HHG</jurabk><enbez>§ 7</enbez><titel format="parat">Antragsfristen</titel></metadaten><textdaten><text format="XML"><Content><P>(weggefallen)</P></Content></text></textdaten></norm>
<norm builddate="20250320223504" doknr="BJNR004980955BJNE000803310"><metadaten><jurabk>HHG</jurabk><enbez>§ 8</enbez><titel format="XML">(weggefallen)</titel></metadaten><textdaten><text format="XML"><Content><P>-</P></Content></text><fussnoten/></textdaten></norm>
<norm builddate="20250320223504" doknr="BJNR004980955BJNE000906314"><metadaten><jurabk>HHG</jurabk><enbez>§ 9</enbez></metadaten><textdaten><text format="XML"><Content><P>(weggefallen)</P></Content></text></textdaten></norm>
<norm builddate="20250320223504" doknr="BJNR004980955BJNE001009301"><metadaten><jurabk>HHG</jurabk><enbez>§ 9a</enbez><titel format="parat">Eingliederungshilfen</titel></metadaten><textdaten><text format="XML"><Content><P>(1) Ein Berechtigter nach § 1 Abs. 1 Nr. 1, der nach dem 31. Dezember 1946 insgesamt länger als drei Monate in Gewahrsam gehalten wurde, erhält auf Antrag Eingliederungshilfe, wenn er den gewöhnlichen Aufenthalt im Geltungsbereich dieses Gesetzes am 10. August 1955 hatte oder diesen danach vor dem 1. Januar 1993 genommen hat <DL Font="normal" Type="arabic"><DT>1.</DT><DD Font="normal"><LA Size="normal">als Person im Sinne des § 1 Abs. 2 Nr. 3 oder des § 3 des Bundesvertriebenengesetzes,</LA></DD> <DT>2.</DT><DD Font="normal"><LA Size="normal">im Wege der Familienzusammenführung gemäß § 94 Abs. 2 des Bundesvertriebenengesetzes, vorausgesetzt, daß er mit einem Angehörigen zusammengeführt wird, der schon am 10. August 1955 im Geltungsbereich dieses Gesetzes seinen gewöhnlichen Aufenthalt hatte oder unter § 10 Abs. 2 Nr. 2, 3 oder 5 des Bundesvertriebenengesetzes fällt,</LA></DD> <DT>3.</DT><DD Font="normal"><LA Size="normal">bis zum 31. Dezember 1964 und im Wege der Notaufnahme aus den in § 3 des Bundesvertriebenengesetzes genannten Gebieten zugezogen ist,</LA></DD> <DT>4.</DT><DD Font="normal"><LA Size="normal">spätestens sechs Monate nach Entlassung aus dem Gewahrsam oder, wenn er bereits vor dem Gewahrsam den gewöhnlichen Aufenthalt im Geltungsbereich dieses Gesetzes hatte, bei Rückkehr innerhalb dieses Zeitraums; in die Frist werden Zeiten unverschuldeter Verzögerung nicht eingerechnet.</LA></DD> </DL>Die Eingliederungshilfe beträgt für jeden Gewahrsamsmonat, frühestens vom 1. Januar 1947 an, 30 Deutsche Mark, vom dritten Gewahrsamsjahr, frühestens vom 1. Januar 1949 an, 60 Deutsche Mark. Bei der Berechnung wird der Gewahrsam nach § 1 Abs. 5 Satz 2 mit längstens 10 Jahren berücksichtigt. Die Eingliederungshilfe wird auf einen Höchstbetrag von 15.420 Deutsche Mark begrenzt.</P><P>(2) § 3 Abs. 1 Satz 4 und Abs. 3, die §§ 7 und 27 des Kriegsgefangenenentschädigungsgesetzes in der vor dem 1. Januar 1993 geltenden Fassung gelten sinngemäß. § 5 des Kriegsgefangenenentschädigungsgesetzes in der vor dem 1. Januar 1993 geltenden Fassung gilt sinngemäß mit der Maßgabe, daß nur der Anspruch auf Eingliederungshilfe für einen Gewahrsam nach § 1 Abs. 5 Satz 1 vererblich ist, die Ausschließungsgründe des § 2 auch für Erben gelten und die Eingliederungshilfen beim Zusammentreffen von eigenen Ansprüchen mit Ansprüchen als Erbe auf die jeweiligen Höchstbeträge begrenzt sind.</P><P>(3) (weggefallen)</P><P>(4) Leistungen nach den §§ 17 und 19 des Strafrechtlichen Rehabilitierungsgesetzes sind auf die nach diesem Gesetz zu gewährenden Eingliederungshilfen anzurechnen.</P><P>(5) Die Bundesregierung wird ermächtigt, durch Rechtsverordnung mit Zustimmung des Bundesrates den Zeitpunkt und die Reihenfolge der Auszahlung der Leistung, auf die nach Absatz 1 ein Anspruch besteht, nach den Gesichtspunkten der sozialen Dringlichkeit zu bestimmen.</P></Content>    </text><fussnoten/></textdaten></norm>
<norm builddate="20250320223504" doknr="BJNR004980955BJNE001103314"><metadaten><jurabk>HHG</jurabk><enbez>§ 9b</enbez><titel format="parat">Zusätzliche Eingliederungshilfen</titel></metadaten><textdaten><text format="XML"><Content><P>Ein Berechtigter nach § 9a Abs. 1, der nur wegen seines persönlichen Verhaltens nach der Besetzung seines Aufenthaltsortes oder nach dem 8. Mai 1945 in Gewahrsam genommen wurde und die in § 1 Abs. 1 Nr. 1 genannten Gebiete nach dem 31. Dezember 1985 verlassen hat, erhält zusätzlich zu den Leistungen nach § 9a für jeden Gewahrsamsmonat, frühestens vom 1. Januar 1947 an, 50 Deutsche Mark, vom dritten Gewahrsamsjahr, frühestens vom 1. Januar 1949 an, 150 Deutsche Mark, vom fünften Gewahrsamsjahr, frühestens vom 1. Januar 1951 an, 210 Deutsche Mark; die zusätzliche Eingliederungshilfe wird auf einen Höchstbetrag von 20.250 Deutsche Mark begrenzt. § 9a Abs. 2 gilt auch für diese Leistung.</P></Content></text></textdaten></norm>
<norm builddate="20250320223504" doknr="BJNR004980955BJNE001204314"><metadaten><jurabk>HHG</jurabk><enbez>§ 9c</enbez><titel format="parat">Weitere Eingliederungshilfen</titel></metadaten><textdaten><text format="XML"><Content><P>Ein Berechtigter nach § 9a Abs. 1, der keinen Anspruch auf die zusätzliche Eingliederungshilfe nach § 9b hat, erhält auf Antrag im Rahmen der Höchstgrenzen des § 9a Abs. 1 Sätze 3 und 4 vom fünften Gewahrsamsjahr, frühestens vom 1. Januar 1951 an, für jeden Gewahrsamsmonat eine weitere Eingliederungshilfe von 20 Deutsche Mark, die sich nach zwei, vier und sechs weiteren Gewahrsamsjahren jeweils um 20 Deutsche Mark erhöht; jedoch erhalten Personen, die im Gewahrsam geboren wurden, diese Leistungen nicht. § 9a Abs. 2 gilt auch für diese Leistungen.</P></Content></text></textdaten></norm>
<norm builddate="20250320223504" doknr="BJNR004980955BJNE001310116"><metadaten><jurabk>HHG</jurabk><enbez>§ 10</enbez><titel format="XML">Zuständigkeit und Verfahren</titel></metadaten><textdaten><text format="XML"><Content><P>(1) Für die Gewährung von Leistungen nach den §§ 4 und 5 sind die Behörden zuständig, denen nach Landesrecht die Durchführung des Vierzehnten Buches Sozialgesetzbuch obliegt. Das Verfahren für die Gewährung von Leistungen nach den §§ 4 und 5 richtet sich nach dem Ersten und Zehnten Buch Sozialgesetzbuch; die §§ 115 bis 119 des Vierzehnten Buches Sozialgesetzbuch gelten entsprechend.</P><P>(2) Für die Gewährung der Leistungen nach den §§ 9a bis 9c und die Ausstellung der Bescheinigung nach Absatz 4 sind die von den Landesregierungen bestimmten Stellen zuständig; hat der Antragsteller seinen gewöhnlichen Aufenthalt im Ausland, so bestimmt die Regierung des Landes, in welchem die Bundesregierung ihren Sitz hat, die zuständige Behörde.</P><P>(3) Über öffentlich-rechtliche Streitigkeiten über Leistungen nach den §§ 4 und 5 entscheiden die Gerichte der Sozialgerichtsbarkeit. Für das Verfahren vor den Gerichten der Sozialgerichtsbarkeit sind die Vorschriften des Sozialgerichtsgesetzes für Angelegenheiten des Sozialen Entschädigungsrechts maßgebend. Über öffentlich-rechtliche Streitigkeiten bei der Anwendung der §§ 9a bis 9c entscheiden die allgemeinen Verwaltungsgerichte.</P><P>(4) Der Nachweis darüber, daß die Voraussetzungen des § 1 Abs. 1 vorliegen und daß Ausschließungsgründe nach § 2 Abs. 1 Nr. 1 und 2 weder gegeben noch gemäß § 2 Abs. 4 wirksam sind, ist durch eine Bescheinigung zu erbringen, soweit zugleich ein Anspruch nach den §§ 9a bis 9c besteht. Im übrigen wird das Vorliegen dieser Voraussetzungen nur auf Ersuchen einer anderen Behörde festgestellt, wenn hiervon die Gewährung einer Leistung, eines Rechtes oder einer Vergünstigung abhängt.</P><P>(5) Über die Anträge mehrerer Antragsteller, die Erben oder weitere Erben einer in § 1 Abs. 1 Nr. 1 bezeichneten Person sind, entscheidet die Behörde, bei welcher der erste Antrag gestellt worden ist.</P><P>(6) Hält die Behörde zur Feststellung des Gewahrsams oder von Ausschließungsgründen nach § 2 Abs. 1 Nr. 1 und 2 und nach § 2 Abs. 4 die eidliche Vernehmung eines Zeugen oder eines Sachverständigen für geboten, so ist das Amtsgericht, in dessen Bezirk der Zeuge oder Sachverständige seinen Wohnsitz oder Aufenthaltsort hat, um die eidliche Vernehmung zu ersuchen.</P><P>(7) Die Entscheidung über die Ausstellung einer Bescheinigung nach Absatz 4 ist für alle Behörden und Stellen verbindlich, die für die Gewährung von Rechten und Vergünstigungen nach diesem oder einem anderen Gesetz zuständig sind. Hält eine Behörde oder Stelle die Entscheidung über die Ausstellung der Bescheinigung nicht für gerechtfertigt, so kann sie nur ihre Änderung oder Aufhebung durch die für die Ausstellung der Bescheinigung zuständige Stelle beantragen. Die Ausstellungsbehörde entscheidet auch über Rücknahme und Widerruf und über die Ausstellung einer Zweitschrift einer Bescheinigung.</P><P>(8) Wird die Bescheinigung eingezogen oder für ungültig erklärt, so sind die Leistungen nach diesem Gesetz einzustellen.</P></Content></text><fussnoten/></textdaten></norm>
<norm builddate="20250320223504" doknr="BJNR004980955BJNE001503314"><metadaten><jurabk>HHG</jurabk><enbez>§ 11</enbez></metadaten><textdaten><text format="XML"><Content><P>(weggefallen)</P></Content></text></textdaten></norm>
<norm builddate="20250320223504" doknr="BJNR004980955BJNE001602314"><metadaten><jurabk>HHG</jurabk><enbez>§ 12</enbez><titel format="parat">Härteausgleich</titel></metadaten><textdaten><text format="XML"><Content><P>Die zuständige oberste Landesbehörde kann im Einvernehmen mit dem für dieses Gesetz federführenden Bundesminister zur Vermeidung unbilliger Härten in Einzelfällen Maßnahmen nach diesem Gesetz ganz oder teilweise zulassen.</P></Content></text></textdaten></norm>
<norm builddate="20250320223504" doknr="BJNR004980955BJNE001704116"><metadaten><jurabk>HHG</jurabk><enbez>§ 13</enbez><titel format="XML">Kostenregelung</titel></metadaten><textdaten><text format="XML"><Content><P>Der Bund trägt die Aufwendungen für Leistungen nach diesem Gesetz jeweils in dem gleichen Umfange wie die Aufwendungen für Leistungen, die unmittelbar auf Grund der Gesetze gewährt werden, die in diesem Gesetz für entsprechend anwendbar erklärt sind. Für diese Leistungen, die ab dem 1. Januar 2024 nach dem Vierzehnten Buch Sozialgesetzbuch erfolgen, ist § 134 Absatz 2 des Vierzehnten Buches Sozialgesetzbuch entsprechend anwendbar.</P></Content></text><fussnoten/></textdaten></norm>
<norm builddate="20250320223504" doknr="BJNR004980955BJNE001803314"><metadaten><jurabk>HHG</jurabk><enbez>§ 14</enbez></metadaten><textdaten><text format="XML"><Content><P>(weggefallen)</P></Content></text></textdaten></norm>
<norm builddate="20250320223504" doknr="BJNR004980955BJNE001902314"><metadaten><jurabk>HHG</jurabk><enbez>§ 15</enbez><titel format="parat">Stiftung für ehemalige politische Häftlinge</titel></metadaten><textdaten><text format="XML"><Content><P>(1) Zur Förderung ehemaliger politischer Häftlinge wird unter dem Namen &quot;Stiftung für ehemalige politische Häftlinge&quot; eine rechtsfähige Stiftung des öffentlichen Rechts errichtet.</P><P>(2) Der Sitz der Stiftung wird durch die Satzung bestimmt.</P><P>(3) Die Stiftung verfolgt ausschließlich und unmittelbar steuerbegünstigte Zwecke im Sinne der §§ 51 bis 68 der Abgabenordnung.</P></Content>  </text></textdaten></norm>
<norm builddate="20250320223504" doknr="BJNR004980955BJNE002008116"><metadaten><jurabk>HHG</jurabk><enbez>§ 16</enbez><titel format="XML">Finanzierung</titel></metadaten><textdaten><text format="XML"><Content><P>(1) Für die Erfüllung ihrer Aufgaben nach § 18 kann die Stiftung die ihr für diese Zwecke noch zur Verfügung stehenden Mittel aus dem Stammkapital und aus den jährlichen Erträgnissen sowie Zuwendungen von dritter Seite verwenden. Darüber hinaus werden ihr hierfür im Jahr 2015 2 Millionen Euro und im Jahr 2016 13,5 Millionen Euro aus dem Bundeshaushalt zur Verfügung gestellt. Einlagen in das Stiftungsvermögen sind zulässig.</P><P>(2) Die Verwaltungskosten der Stiftung trägt der Bund.</P><P>(3) Die Stiftung ist berechtigt, Zuwendungen von dritter Seite anzunehmen.</P></Content></text><fussnoten/></textdaten></norm>
<norm builddate="20250320223504" doknr="BJNR004980955BJNE002104314"><metadaten><jurabk>HHG</jurabk><enbez>§ 17</enbez><titel format="parat">Personenkreis</titel></metadaten><textdaten><text format="XML"><Content><P>Von der Stiftung werden die in § 1 Abs. 1 genannten Personen gefördert. Auf die Förderung nach § 18 besteht kein Rechtsanspruch. § 12 gilt mit der Maßgabe, daß das Einvernehmen mit dem für dieses Gesetz federführenden Bundesminister vom Vorstand der Stiftung hergestellt wird.</P></Content></text></textdaten></norm>
<norm builddate="20250320223504" doknr="BJNR004980955BJNE002208116"><metadaten><jurabk>HHG</jurabk><enbez>§ 18</enbez><titel format="XML">Unterstützungen</titel></metadaten><textdaten><text format="XML"><Content><P>Den in § 17 Satz 1 genannten Personen können zur Linderung einer Notlage Unterstützungen gewährt werden. Unterstützungsleistungen nach § 18 des Strafrechtlichen Rehabilitierungsgesetzes sind bei der Unterstützung nach Satz 1 zu berücksichtigen. Die Leistungen nach Satz 1 bleiben als Einkommen und als Vermögen bei Sozialleistungen, deren Gewährung von anderen Einkommen abhängig ist, unberücksichtigt. Ein Antrag auf Leistungen nach Satz 1 kann letztmalig bis zum 30. Juni 2016 gestellt werden.</P></Content></text><fussnoten/></textdaten></norm>
<norm builddate="20250320223504" doknr="BJNR004980955BJNE002302314"><metadaten><jurabk>HHG</jurabk><enbez>§ 19</enbez><titel format="parat">Stiftungsorgane</titel></metadaten><textdaten><text format="XML"><Content><P>(1) Organe der Stiftung sind <DL Font="normal" Type="arabic"><DT>1.</DT><DD Font="normal"><LA Size="normal">der Stiftungsrat,</LA></DD> <DT>2.</DT><DD Font="normal"><LA Size="normal">der Stiftungsvorstand.</LA></DD> </DL> </P><P>(2) Die Mitglieder der Organe werden ehrenamtlich tätig; sie haben Anspruch auf Ersatz ihrer notwendigen Auslagen.</P></Content></text></textdaten></norm>
<norm builddate="20250320223504" doknr="BJNR004980955BJNE002405116"><metadaten><jurabk>HHG</jurabk><enbez>§ 20</enbez><titel format="XML">Stiftungsrat</titel></metadaten><textdaten><text format="XML"><Content><P>(1) Der Stiftungsrat besteht aus zwölf Mitgliedern. Der für dieses Gesetz federführende Bundesminister benennt sechs Mitglieder; er beruft weitere sechs Mitglieder aus den in § 17 Satz 1 genannten Personen. Für jedes Mitglied wird ein Stellvertreter benannt oder berufen.</P><P>(2) Den Vorsitzenden und seinen Stellvertreter wählt der Stiftungsrat. Der Vorsitzende wird aus den nach Absatz 1 Satz 2 benannten Mitgliedern gewählt.</P><P>(3) Die Amtszeit der Mitglieder des Stiftungsrats und ihrer Stellvertreter beträgt vier Jahre. Scheidet ein Mitglied oder ein Stellvertreter vorzeitig aus, wird für den Rest seiner Amtszeit ein Nachfolger benannt oder berufen. Wiederholte Bestellungen sind zulässig.</P><P>(4) Der Stiftungsrat erläßt die Satzung und stellt Richtlinien für die Verwendung der Mittel auf, in denen er bestimmt, unter welchen Voraussetzungen und bis zu welcher Höhe Unterstützungen nach § 18 gewährt werden können; Satzung und Richtlinien bedürfen der Genehmigung des für dieses Gesetz federführenden Bundesministers im Einvernehmen mit dem Bundesminister der Finanzen und dem Bundesminister der Justiz und für Verbraucherschutz. Satz 1 gilt entsprechend für die genauere Regelung der Voraussetzungen und Bedingungen der Gewährung von Unterstützungsleistungen nach § 18 Abs. 1 und 2 des Strafrechtlichen Rehabilitierungsgesetzes. Der Stiftungsrat beschließt über alle grundsätzlichen Fragen, die zum Aufgabenbereich der Stiftung gehören, und überwacht die Tätigkeit des Stiftungsvorstandes. Der Stiftungsrat gibt sich eine Geschäftsordnung.</P><P>(5) Der Stiftungsrat ist beschlußfähig, wenn die Hälfte der Mitglieder anwesend ist. Er beschließt mit einfacher Mehrheit.</P></Content></text><fussnoten/></textdaten></norm>
<norm builddate="20250320223504" doknr="BJNR004980955BJNE002502314"><metadaten><jurabk>HHG</jurabk><enbez>§ 21</enbez><titel format="parat">Stiftungsvorstand</titel></metadaten><textdaten><text format="XML"><Content><P>(1) Der Stiftungsvorstand besteht aus dem Vorsitzenden und drei weiteren Mitgliedern. Der Stiftungsrat wählt den Vorsitzenden und die weiteren Mitglieder des Stiftungsvorstandes auf die Dauer von zwei Jahren. Wiederwahl ist zulässig. Scheidet der Vorsitzende oder ein weiteres Mitglied des Stiftungsvorstandes vorzeitig aus, wird für den Rest seiner Amtszeit vom Stiftungsrat ein Nachfolger gewählt.</P><P>(2) Der Vorsitzende und die weiteren Mitglieder des Stiftungsvorstandes können nicht Mitglieder des Stiftungsrates oder deren Stellvertreter sein.</P><P>(3) Der Stiftungsvorstand führt die Geschäfte und vertritt die Stiftung gerichtlich und außergerichtlich; das Nähere regelt die Satzung. Nach Ablauf seiner Amtszeit führt der Stiftungsvorstand die Geschäfte bis zum Zusammentritt des neu gewählten Stiftungsvorstandes weiter.</P><P>(4) Für die Beschlüsse des Stiftungsvorstandes gilt § 20 Abs. 5 entsprechend.</P></Content>   </text></textdaten></norm>
<norm builddate="20250320223504" doknr="BJNR004980955BJNE002604116"><metadaten><jurabk>HHG</jurabk><enbez>§ 22</enbez><titel format="XML">Entscheidung über Anträge</titel></metadaten><textdaten><text format="XML"><Content><P>(1) Zur Entscheidung über Anträge nach § 18 wird bei dem Vorstand ein Ausschuß gebildet.</P><P>(2) Der Ausschuß besteht aus <DL Font="normal" Type="arabic"><DT>1.</DT><DD Font="normal"><LA Size="normal">dem Vorsitzenden des Vorstandes oder dessen Stellvertreter als Vorsitzendem,</LA></DD><DT>2.</DT><DD Font="normal"><LA Size="normal">zwei ehrenamtlichen Beisitzern.</LA></DD></DL></P><P>(3) Einer der Beisitzer muß ehemaliger politischer Häftling sein.</P><P>(4) Die Beisitzer werden vom Stiftungsrat auf die Dauer von zwei Jahren gewählt und von dem Vorsitzenden des Ausschusses auf die gewissenhafte und unparteiische Wahrnehmung ihrer Amtsobliegenheiten verpflichtet.</P><P>(5) Über den Antrag entscheidet der Ausschuß durch Bescheid.</P><P>(6) Der Stiftungsrat wird ermächtigt, die Entscheidung über Anträge teilweise auf den Vorsitzenden des Vorstandes oder dessen Stellvertreter zu übertragen. Über die Ablehnung eines Antrags entscheidet stets der Bewilligungsausschuss.</P></Content></text><fussnoten/></textdaten></norm>
<norm builddate="20250320223504" doknr="BJNR004980955BJNE002703116"><metadaten><jurabk>HHG</jurabk><enbez>§ 23</enbez><titel format="XML">Widerspruchsausschuß</titel></metadaten><textdaten><text format="XML"><Content><P>(1) Zur Entscheidung über den Widerspruch gegen den Bescheid des Ausschusses nach § 22 wird ein Widerspruchsausschuß gebildet.</P><P>(2) Der Widerspruchsausschuß besteht aus <DL Font="normal" Type="arabic"><DT>1.</DT><DD Font="normal"><LA Size="normal">einem vom Stiftungsrat aus seiner Mitte gewählten Mitglied als Vorsitzendem,</LA></DD><DT>2.</DT><DD Font="normal"><LA Size="normal">zwei ehrenamtlichen Beisitzern.</LA></DD></DL>Der Stiftungsrat wählt aus seiner Mitte einen stellvertretenden Vorsitzenden des Widerspruchsausschusses; dieser vertritt den Vorsitzenden, falls dieser verhindert ist.</P><P>(3) Der Vorsitzende des Widerspruchsausschusses sowie sein Stellvertreter müssen die Befähigung für den höheren Verwaltungsdienst besitzen. Die Beisitzer des Ausschusses nach § 22 können nicht zugleich Mitglieder des Widerspruchsausschusses sein; im übrigen gilt § 22 Abs. 3 und 4 entsprechend.</P></Content></text><fussnoten/></textdaten></norm>
<norm builddate="20250320223504" doknr="BJNR004980955BJNE002802314"><metadaten><jurabk>HHG</jurabk><enbez>§ 24</enbez><titel format="parat">Aufsicht</titel></metadaten><textdaten><text format="XML"><Content><P>Die Stiftung untersteht der Aufsicht des für dieses Gesetz federführenden Bundesministers.</P></Content></text></textdaten></norm>
<norm builddate="20250320223504" doknr="BJNR004980955BJNE002902314"><metadaten><jurabk>HHG</jurabk><enbez>§ 25</enbez><titel format="parat">Aufhebung der Stiftung</titel></metadaten><textdaten><text format="XML"><Content><P>Bei der Aufhebung der Stiftung vorhandenes Vermögen fließt dem Bund zu.</P></Content></text></textdaten></norm>
<norm builddate="20250320223504" doknr="BJNR004980955BJNE003207314"><metadaten><jurabk>HHG</jurabk><enbez>§ 25a</enbez><titel format="parat">Übergangsvorschrift</titel></metadaten><textdaten><text format="XML"><Content><P>(1) § 9b ist in der bis zum 31. Dezember 1985 geltenden Fassung weiterhin anzuwenden, wenn der Berechtigte spätestens an diesem Tage die in § 1 Abs. 1 Nr. 1 genannten Gebiete verlassen hat und die Leistungen nach § 9b vor dem 1. Januar 1989 beantragt.</P><P>(2) § 1 Abs. 5, § 9a Abs. 1 und 2 und § 9c sind in der bis zum 31. Dezember 1989 geltenden Fassung weiterhin anzuwenden, wenn der Berechtigte spätestens an diesem Tage die in § 1 Abs. 1 Nr. 1 genannten Gebiete verlassen und die Leistungen nach den §§ 9a und 9c vor dem 1. Januar 1992 beantragt hat.</P><P>(3) § 2 Abs. 1 Nr. 3 in der vom 1. Januar 1993 an geltenden Fassung ist auch auf Verfahren anzuwenden, die am 1. Januar 1993 noch nicht rechtskräftig abgeschlossen sind.</P><P>(4) Für einen Gewahrsam in den in § 3 des Bundesvertriebenengesetzes genannten Gebieten genügt es, wenn abweichend von § 1 Abs. 1 und § 9a Abs. 1 Satz 1 der gewöhnliche Aufenthalt nach der Entlassung aus dem Gewahrsam dort beibehalten oder genommen worden ist. Leistungen nach den §§ 9a bis 9c für einen Gewahrsam in diesen Gebieten werden nur gewährt, wenn sie bis zum 31. Dezember 1994 beantragt worden sind.</P><P>(5) Für einen Gewahrsam in den in § 1 Abs. 2 Nr. 3 des Bundesvertriebenengesetzes genannten Staaten werden Leistungen nach den §§ 9a bis 9c nur gewährt, wenn sie bis zum Ablauf des 31. Dezember 1994 beantragt worden sind.</P><P>(6) § 9 und in Verbindung damit § 7 Abs. 3 des Heimkehrergesetzes sind in der bis zum 28. Dezember 1991 geltenden Fassung weiter anzuwenden auf Arbeitsverhältnisse, in denen vor dem 29. Dezember 1991 nach diesen Vorschriften Zeiten des Gewahrsams als Zeiten der Berufs- oder Betriebszugehörigkeit angerechnet worden sind.</P><P>(7) § 9 und in Verbindung damit § 10 des Heimkehrergesetzes und der Zweite Abschnitt der Verordnung zur Durchführung des Gesetzes über Hilfsmaßnahmen für Heimkehrer in der im Bundesgesetzblatt Teil III, Gliederungsnummer 84-1-1, veröffentlichten bereinigten Fassung sind in der bis zum 28. Dezember 1991 geltenden Fassung bis zum Ende der förderungsfähigen Bildungsmaßnahme weiter anzuwenden, wenn ein Berechtigter vor dem 29. Dezember 1991 in die Bildungsmaßnahme eingetreten ist und erstmals Leistungen beantragt hat.</P><P>(8) § 10 Abs. 2 und 3 und § 13 finden in der bis zum 28. Dezember 1991 geltenden Fassung in den in Absatz 6 und 7 genannten Fällen weiterhin Anwendung.</P></Content>       </text></textdaten></norm>
<norm builddate="20250320223504" doknr="BJNR004980955BJNE003302314"><metadaten><jurabk>HHG</jurabk><enbez>§ 25b</enbez><titel format="parat">Sonstige Vorschriften</titel></metadaten><textdaten><text format="XML"><Content><P>Die Leistungen nach den §§ 9a bis 9c und § 18 unterliegen in der Person des unmittelbar Berechtigten nicht der Zwangsvollstreckung.</P></Content></text></textdaten></norm>
<norm builddate="20250320223504" doknr="BJNR004980955BJNE003006310"><metadaten><jurabk>HHG</jurabk><enbez>§ 26</enbez><titel format="parat">(weggefallen)</titel></metadaten><textdaten><text format="XML"><Content><P>-</P></Content></text><fussnoten/></textdaten></norm>
<norm builddate="20250320223504" doknr="BJNR004980955BJNE003102314"><metadaten><jurabk>HHG</jurabk><enbez>§ 27</enbez></metadaten><textdaten><text format="XML"><Content><P>(Inkrafttreten) *) <BR/>----- <DL Font="normal" Type="arabic"><DT><small>*)</small></DT><DD Font="normal"><LA Size="normal"><small>Gemäß Anlage I Kapitel II Sachgebiet D Abschnitt III Nr. 3 des Einigungsvertrages vom 31. August 1990 in Verbindung mit Artikel 1 des Gesetzes vom 23. September 1990 (BGBl. 1990 II S. 885, 920), mit Artikel 1 Nr. 2 des Gesetzes vom 20. Dezember 1991 (BGBl. I S. 2270) und mit Artikel 6 des Gesetzes vom 21. Dezember 1992 (BGBl. I S. 2094) ist das Häftlingshilfegesetz in dem in Artikel 3 des Vertrages genannten Gebiet mit folgenden Maßgaben in Kraft getreten:</small><DL Font="normal" Type="arabic"><DT><small>a)</small></DT><DD Font="normal"><LA Size="normal"><small>(weggefallen)</small></LA></DD> <DT><small>b)</small></DT><DD Font="normal"><LA Size="normal"><small>Für einen Gewahrsam in dem in Artikel 3 des Vertrages genannten Gebiet ist für die Gewährung der Leistungen nach §§ 9a bis 9c und für die Ausstellung der Bescheinigung nach § 10 Abs. 4 in den in Artikel 1 Abs. 1 des Vertrages genannten Ländern die nach § 15 errichtete Stiftung für ehemalige politische Häftlinge zuständig.</small></LA></DD> <DT><small>c)</small></DT><DD Font="normal"><LA Size="normal"><small>Die Bestimmungen der §§ 4 bis 6 über die entsprechende Anwendung des Bundesversorgungsgesetzes und der zu seiner Durchführung erlassenen Vorschriften gelten in dem in Artikel 3 des Vertrages genannten Gebiet mit den in Anlage I Kapitel VIII Sachgebiet K Abschnitt III aufgeführten Maßgaben.</small></LA></DD> <DT><small>d)</small></DT><DD Font="normal"><LA Size="normal"><small>Erbrachte Leistungen für Berechtigte nach § 1 Abs. 1 in dem Gebiet, in dem das Häftlingshilfegesetz schon vor dem Beitritt gegolten hat, sind anzurechnen.</small></LA></DD> </DL></LA></DD> </DL></P></Content></text></textdaten></norm>
<norm builddate="20250320223504" doknr="BJNR004980955BJNE003402310"><metadaten><jurabk>HHG</jurabk><enbez>Anhang EV</enbez><titel format="XML">Auszug aus EinigVtr Anlage I Kap. II Sachgebiet D Abschnitt III
<BR/>
(BGBl. II 1990, 889, 920)</titel></metadaten><textdaten><text format="XML"><Content><P><noindex> Bundesrecht tritt in dem in Artikel 3 des Vertrages genannten Gebiet mit folgenden Maßgaben in Kraft: <BR/>... <DL Font="normal" Type="arabic"><DT>3.</DT><DD Font="normal"><LA Size="normal">Häftlingshilfegesetz in der Fassung vom 4. Februar 1987 (BGBl. I S. 512), zuletzt geändert durch Artikel 8 des Gesetzes vom 26. Juni 1990 (BGBl. I S. 1211),</LA><LA Size="normal">mit folgenden Maßgaben:</LA><LA Size="normal">a)</LA><LA Size="normal">b)<DL Font="normal" Type="arabic"><DT>c)</DT><DD Font="normal"><LA Size="normal">Die Bestimmungen der §§ 4 bis 6 über die entsprechende Anwendung des Bundesversorgungsgesetzes und der zu seiner Durchführung erlassenen Vorschriften gelten in dem in Artikel 3 des Vertrages genannten Gebiet mit den in Anlage I Kapitel VIII Sachgebiet K Abschnitt III aufgeführten Maßgaben.</LA></DD> <DT>d)</DT><DD Font="normal"><LA Size="normal">Erbrachte Leistungen für Berechtigte nach § 1 Abs. 1 in dem Gebiet, in dem das Häftlingshilfegesetz schon vor dem Beitritt gegolten hat, sind anzurechnen.</LA></DD> </DL></LA></DD>    </DL>... </noindex></P></Content></text><fussnoten><Content><P>(+++ Abschn. III Nr. 3 Buchst. a: Maßgaben nicht mehr anzuwenden gem. Art. 5 Nr. 1 Buchst. d DBuchst. cc G v. 2.12.2006 I 2674 mWv 7.12.2006 +++) <BR/>(+++ Abschn. III Nr. 3 Buchst. b: Nicht mehr anzuwenden gem. § 26 Abs. 2 HHG idF Art. 1 Nr. 4 Buchst. b G v. 8.6.1994 I 1214 mWv 1.1.1996 +++)</P></Content></fussnoten></textdaten></norm>
</dokumente>