<?xml version="1.0" encoding="UTF-8" ?><!DOCTYPE dokumente SYSTEM "http://www.gesetze-im-internet.de/dtd/1.01/gii-norm.dtd">
<dokumente builddate="20250123223513" doknr="BJNR0100A0025"><norm builddate="20250123223513" doknr="BJNR0100A0025"><metadaten><jurabk>HanfSaatV 2025</jurabk><ausfertigung-datum manuell="ja">2025-01-17</ausfertigung-datum><fundstelle typ="amtlich"><periodikum>BGBl. I</periodikum><zitstelle>2025, Nr. 16</zitstelle></fundstelle><langue>Verordnung über besondere Anforderungen an Saatgut von Hanf im Rahmen der Saatgutanerkennung 2025</langue><standangabe checked="ja"><standtyp>Aufh</standtyp><standkommentar>Die V tritt gem. § 3 mit Ablauf des 31.8.2025 außer Kraft</standkommentar></standangabe></metadaten><textdaten><fussnoten><Content><P><BR/> <pre xml:space="preserve">(+++ Textnachweis ab: 24.1.2025 +++)<BR/><BR/></pre></P></Content></fussnoten></textdaten></norm>
<norm builddate="20250123223513" doknr="BJNR0100A0025BJNE000100000"><metadaten><jurabk>HanfSaatV 2025</jurabk><enbez>Eingangsformel</enbez></metadaten><textdaten><text format="XML"><Content><P>Auf Grund des § 5 Absatz 2 Nummer 1 und 1a in Verbindung mit Absatz 1 Nummer 1 Buchstabe b und des § 22 Absatz 1 Nummer 4 in Verbindung mit Absatz 3 des Saatgutverkehrsgesetzes in der Fassung der Bekanntmachung vom 16. Juli 2004 (BGBl. I S. 1673), die jeweils zuletzt durch Artikel 372 Nummer 1 der Verordnung vom 31. August 2015 (BGBl. I S. 1474) geändert worden sind, verordnet das Bundesministerium für Ernährung und Landwirtschaft:</P></Content></text></textdaten></norm>
<norm builddate="20250123223513" doknr="BJNR0100A0025BJNE000200000"><metadaten><jurabk>HanfSaatV 2025</jurabk><enbez>§ 1</enbez><titel format="XML">Mindestkeimfähigkeit</titel></metadaten><textdaten><text format="XML"><Content><P>(1) Abweichend von § 6 Satz 2 in Verbindung mit Anlage 3 Nummer 5.1.5 Spalte 3 der Saatgutverordnung in der Fassung der Bekanntmachung vom 8. Februar 2006 (BGBl. I S. 344), die zuletzt durch Artikel 1 der Verordnung vom 13. Juli 2022 (BGBl. I S. 1186) geändert worden ist, wird die Mindestkeimfähigkeit für Zertifiziertes Saatgut von Hanf der Sorte „Finola2“ auf 70 vom Hundert der reinen Körner herabgesetzt (verminderte Keimfähigkeit).</P><P>(2) Saatgut, das nach den Anforderungen des Absatzes 1 anerkannt worden ist, darf bis zum Ablauf des 31. August 2025 in den Verkehr gebracht werden.</P></Content></text></textdaten></norm>
<norm builddate="20250123223513" doknr="BJNR0100A0025BJNE000300000"><metadaten><jurabk>HanfSaatV 2025</jurabk><enbez>§ 2</enbez><titel format="XML">Kennzeichnung</titel></metadaten><textdaten><text format="XML"><Content><P>Bei jeder Packung oder jedem Behältnis mit Zertifiziertem Saatgut von Hanf der Sorte „Finola2“, dessen Keimfähigkeit nach § 1 Absatz 1 vermindert ist, ist mit einer Zusatzinformation auf dem Etikett, einem Zusatzetikett oder einem Begleitpapier auf die verminderte Keimfähigkeit hinzuweisen. Die Zusatzinformation auf dem Etikett, das Zusatzetikett oder das Begleitpapier sind nicht erforderlich, sofern der Hinweis auf die verminderte Keimfähigkeit auf der Packung oder dem Behältnis unverwischbar aufgedruckt ist.</P></Content></text></textdaten></norm>
<norm builddate="20250123223513" doknr="BJNR0100A0025BJNE000400000"><metadaten><jurabk>HanfSaatV 2025</jurabk><enbez>§ 3</enbez><titel format="XML">Inkrafttreten, Außerkrafttreten</titel></metadaten><textdaten><text format="XML"><Content><P>Diese Verordnung tritt am Tag nach der Verkündung in Kraft und mit Ablauf des 31. August 2025 außer Kraft.</P></Content></text></textdaten></norm>
</dokumente>