<?xml version="1.0" encoding="UTF-8" ?><!DOCTYPE dokumente SYSTEM "http://www.gesetze-im-internet.de/dtd/1.01/gii-norm.dtd">
<dokumente builddate="20130405130127" doknr="BJNR023920991"><norm builddate="20130405130127" doknr="BJNR023920991"><metadaten><jurabk>StVZOAusnV 40</jurabk><ausfertigung-datum manuell="ja">1991-12-20</ausfertigung-datum><fundstelle typ="amtlich"><periodikum>BGBl I</periodikum><zitstelle>1991, 2392</zitstelle></fundstelle><kurzue>40. Ausnahmeverordnung zur StVZO</kurzue><langue>Vierzigste Verordnung über Ausnahmen von den Vorschriften der
Straßenverkehrs-Zulassungs-Ordnung</langue><standangabe checked="ja"><standtyp>Stand</standtyp><standkommentar>Zuletzt geändert durch Art. 4 Nr. 1 V v. 23.3.2000 I 310</standkommentar></standangabe></metadaten><textdaten><fussnoten><Content><P>(+++ Textnachweis ab: 1.1.1992 +++)</P></Content></fussnoten></textdaten></norm>
<norm builddate="20130405130127" doknr="BJNR023920991BJNE000100307"><metadaten><jurabk>StVZOAusnV 40</jurabk><enbez>Eingangsformel</enbez></metadaten><textdaten><text format="XML"><Content><P>Auf Grund des § 6 Abs. 1 Nr. 3 Buchstabe a in Verbindung mit Abs. 3 des Straßenverkehrsgesetzes in der im Bundesgesetzblatt Teil III, Gliederungsnummer 9231-1, veröffentlichten bereinigten Fassung, die Eingangsworte in Nummer 3 zuletzt geändert durch § 37 Abs. 2 des Gesetzes vom 24. August 1965 (BGBl. I S. 927) sowie Absatz 3 eingefügt durch § 70 Abs. 1 Nr. 3 des Gesetzes vom 15. März 1974 (BGBl. I S. 721) und geändert gemäß Artikel 22 Nr. 3 der Verordnung vom 26. November 1986 (BGBl. I S. 2089), verordnet der Bundesminister für Verkehr nach Anhörung der zuständigen obersten Landesbehörden:</P></Content></text></textdaten></norm>
<norm builddate="20130405130127" doknr="BJNR023920991BJNE000200307"><metadaten><jurabk>StVZOAusnV 40</jurabk><enbez>§ 1</enbez></metadaten><textdaten><text format="XML"><Content><P>Abweichend von § 53 Abs. 2 Satz 1 der Straßenverkehrs-Zulassungs-Ordnung sind Einrichtungen und Schaltungen zulässig, die das Aufleuchten der Bremsleuchten bewirken, wenn eine Betriebsbremsung zu erwarten ist. Dies gilt nur, wenn <DL Font="normal" Type="arabic"><DT>1.</DT><DD Font="normal"><LA Size="normal">diese Einrichtungen und Schaltungen die in der Anlage aufgeführten Anforderungen erfüllen und</LA></DD> <DT>2.</DT><DD Font="normal"><LA Size="normal">für diese Einrichtungen und Schaltungen eine Betriebserlaubnis für Fahrzeugteile nach § 22 der Straßenverkehrs-Zulassungs-Ordnung erteilt worden ist.</LA></DD> </DL></P></Content></text><fussnoten/></textdaten></norm>
<norm builddate="20130405130127" doknr="BJNR023920991BJNE000301308"><metadaten><jurabk>StVZOAusnV 40</jurabk><enbez>§ 2</enbez></metadaten><textdaten><text format="XML"><Content><P>-</P></Content></text><fussnoten/></textdaten></norm>
<norm builddate="20130405130127" doknr="BJNR023920991BJNE000402311"><metadaten><jurabk>StVZOAusnV 40</jurabk><enbez>§ 3</enbez></metadaten><textdaten><text format="XML"><Content><P>Diese Verordnung tritt am Tage nach der Verkündung in Kraft. § 1 tritt am 1. Januar 2006 für neu in den Verkehr kommende Fahrzeuge außer Kraft.</P></Content></text><fussnoten/></textdaten></norm>
<norm builddate="20130405130127" doknr="BJNR023920991BJNE000500307"><metadaten><jurabk>StVZOAusnV 40</jurabk><enbez>Anlage</enbez><titel format="XML">(zu § 1 Satz 2)
<BR/>
Anforderungen an Bremsvorwarnsysteme</titel></metadaten><textdaten><text format="XML"><Content><P><DL Font="normal" Type="arabic"><DT/><DD Font="normal"><LA Size="normal"><DL Font="normal" Type="arabic"><DT>1.</DT><DD Font="normal"><LA Size="normal">Definition</LA><LA Size="normal">Bremsvorwarnsysteme sind Einrichtungen und Schaltungen, die das Aufleuchten der Bremsleuchten auch bewirken, wenn eine Betriebsbremsung zu erwarten ist.</LA></DD>  <DT>2.</DT><DD Font="normal"><LA Size="normal">Anforderungen an die Funktion</LA></DD> <DT>2.1</DT><DD Font="normal"><LA Size="normal">Das Bremsvorwarnsystem aktiviert die Bremsleuchten nur dann, wenn die Rückstellgeschwindigkeit der Fahrzeugbeschleunigungseinrichtung, oder die Geschwindigkeit mit der der Fahrer seinen Fuß in Richtung &quot;lösen&quot; (Leerlaufstellung) bewegt, 0,3 m/s oder mehr beträgt. Erfolgt die Aktivierung der Bremsleuchten über die Kraftstoffzumeßeinrichtung, so darf deren Schließzeit - Vollgas 100% bis Leerlauf - nicht mehr als 200 ms dauern.</LA></DD> <DT>2.2</DT><DD Font="normal"><LA Size="normal">Die Rückstellgeschwindigkeit wird für folgende Stellungen &quot;A&quot; der Fahrzeugbeschleunigungseinrichtung ermittelt:</LA></DD> <DT>2.2.1</DT><DD Font="normal"><LA Size="normal">Voller Betätigungsweg,</LA></DD> <DT>2.2.2</DT><DD Font="normal"><LA Size="normal">halber Betätigungsweg,</LA></DD> <DT>2.2.3</DT><DD Font="normal"><LA Size="normal">Betätigungsweg, der einer Fahrgeschwindigkeit von 50 km/h im mittleren Drehzahlbereich entspricht.</LA></DD> <DT>2.3</DT><DD Font="normal"><LA Size="normal">Zur Bestimmung der Rückstellgeschwindigkeit sind Geräte zu verwenden, die</LA></DD> <DT>2.3.1</DT><DD Font="normal"><LA Size="normal">eine definierte Entlastung der in Stellung &quot;A&quot; festgehaltenen Fahrzeugbeschleunigungseinrichtung ermöglichen,</LA></DD> <DT>2.3.2</DT><DD Font="normal"><LA Size="normal">es erlauben, die Rückstellgeschwindigkeit mit einer Genauigkeit von <ABWFORMAT typ="A"/>+- 10% zu bestimmen.</LA></DD> <DT>2.4</DT><DD Font="normal"><LA Size="normal">Das Bremsvorwarnsystem darf die normale Funktion der Fahrzeugbeschleunigungseinrichtung oder der Kraftstoffzumeßeinrichtung nicht beeinträchtigen.</LA></DD> <DT>2.5</DT><DD Font="normal"><LA Size="normal">Das Bremsvorwarnsystem darf abschaltbar sein.</LA></DD> <DT>2.6</DT><DD Font="normal"><LA Size="normal">Die vorgeschriebene Aktivierung der Bremsleuchten durch die Betätigungseinrichtung der Betriebsbremsanlage muß sichergestellt bleiben.</LA></DD> <DT>2.7</DT><DD Font="normal"><LA Size="normal">Das Bremsvorwarnsystem muß so beschaffen sein, daß bei bestimmungsgemäßer Betätigung eines handgeschalteten Getriebes oder beim Zurücknehmen bzw. Abschalten einer Geschwindigkeitsregelanlage die Bremsleuchten nicht aktiviert werden. Erfolgt die Aktivierung der Bremsleuchten über die Kraftstoffzumeßeinrichtung, so ist sicherzustellen, daß die Bremsleuchten nicht aufleuchten durch:<DL Font="normal" Type="arabic"><DT>-</DT><DD Font="normal"><LA Size="normal">Schubabschaltung,</LA></DD> <DT>-</DT><DD Font="normal"><LA Size="normal">Einsetzen von Drehzahlbegrenzern,</LA></DD> <DT>-</DT><DD Font="normal"><LA Size="normal">Betrieb/Abschalten von Kaltstarteinrichtungen,</LA></DD> <DT>-</DT><DD Font="normal"><LA Size="normal">andere auf die Motorsteuerung wirkende Einrichtungen (z.B. Automatikgetriebesteuerungen).</LA></DD> </DL></LA></DD> <DT>2.8</DT><DD Font="normal"><LA Size="normal">Das Ausgangssignal (z.B. Spannung) des Bremsvorwarnsystems muß <ABWFORMAT typ="A"/>1 s +- 0,25 s nach Aktivierung selbsttätig aufgehoben werden.</LA></DD> <DT>3.</DT><DD Font="normal"><LA Size="normal">Anforderungen an die Betriebssicherheit</LA></DD> <DT>3.1</DT><DD Font="normal"><LA Size="normal">Das Bremsvorwarnsystem muß ausreichend gegen Korrosion und Verschmutzung geschützt sein (insbesondere die Fahrpedalsysteme).</LA></DD> <DT>3.2</DT><DD Font="normal"><LA Size="normal">Elektromagnetische Felder dürfen das Bremsvorwarnsystem nicht beeinflussen.</LA></DD> <DT>3.3</DT><DD Font="normal"><LA Size="normal">Das Bremsvorwarnsystem darf andere elektrische, elektronische oder mechanische Systeme im Fahrzeug nicht stören.</LA></DD> <DT>3.4</DT><DD Font="normal"><LA Size="normal">Das Bremsvorwarnsystem muß gegen leichtes und nicht kontrollierbares Verändern gesichert sein.</LA></DD> <DT>3.5</DT><DD Font="normal"><LA Size="normal">Das Bremsvorwarnsystem muß von <ABWFORMAT typ="A"/>- 20 Grad C bis <ABWFORMAT typ="A"/>+ 85 Grad C betriebsfähig sein.</LA></DD> </DL></LA></DD></DL></P></Content></text></textdaten></norm>
</dokumente>