<?xml version="1.0" encoding="UTF-8" ?><!DOCTYPE dokumente SYSTEM "http://www.gesetze-im-internet.de/dtd/1.01/gii-norm.dtd">
<dokumente builddate="20240513215600" doknr="BJNR297010021"><norm builddate="20240513215600" doknr="BJNR297010021"><metadaten><jurabk>BFSG</jurabk><amtabk>BFSG</amtabk><ausfertigung-datum manuell="ja">2021-07-16</ausfertigung-datum><fundstelle typ="amtlich"><periodikum>BGBl I</periodikum><zitstelle>2021, 2970</zitstelle></fundstelle><kurzue>Barrierefreiheitsstärkungsgesetz</kurzue><langue>Gesetz zur Umsetzung der Richtlinie (EU) 2019/882 des Europäischen Parlaments und des Rates über die Barrierefreiheitsanforderungen für Produkte und Dienstleistungen<FnR ID="F817220_01_BJNR297010021"/></langue><standangabe checked="ja"><standtyp>Stand</standtyp><standkommentar>Zuletzt geändert durch Art. 32 G v. 6.5.2024 I Nr. 149</standkommentar></standangabe></metadaten><textdaten><text format="XML"><Footnotes><Footnote FnZ="1" Group="column" ID="F817220_01_BJNR297010021" Pos="exp"><noindex>Dieses Gesetz dient der Umsetzung der Richtlinie (EU) 2019/882 des Europäischen Parlaments und des Rates vom 17. April 2019 über die Barrierefreiheitsanforderungen für Produkte und Dienstleistungen (ABl. L 151 vom 7.6.2019, S. 70).</noindex></Footnote></Footnotes></text><fussnoten><Content><P><BR/> <pre xml:space="preserve">(+++ Textnachweis ab: 23.7.2021 +++)<BR/>(+++ Amtlicher Hinweis des Normgebers auf EG-Recht:<BR/>     Umsetzung der<BR/>       EURL 2019/882           (CELEX Nr: 32019L0882) +++)<BR/><BR/></pre>Das G wurde als Artikel 1 des G v. 16.7.2021 I 2970 vom Bundestag beschlossen.  Es tritt gem. Art. 3 Satz 1 dieses G am 28.6.2025 in Kraft. § 3 Abs 2 und 3 Satz 2 und 3, § 13 Abs. 3 und § 17 Abs. 6 treten gem. Art. 3 Satz 4 am 23.7.2021 in Kraft.</P></Content></fussnoten></textdaten></norm>
<norm builddate="20240513215600" doknr="BJNR297010021BJNE000100000"><metadaten><jurabk>BFSG</jurabk><enbez>Inhaltsübersicht</enbez></metadaten><textdaten><text format="XML"><TOC><Ident Class="S0">Abschnitt 1</Ident><P/><Title Align="auto" Class="S0">(zukünftig in Kraft)</Title><P/><table colsep="0" frame="none" pgwide="1" rowsep="0" tocentry="%yes;"><tgroup align="left" char="" charoff="50" cols="2"><colspec colname="col1" colwidth="8*"/><colspec align="justify" colname="col2" colwidth="72*"/><tbody valign="top"><row><entry VJ="1" colname="col1">§  1</entry><entry VJ="1" colname="col2">(zukünftig in Kraft)</entry></row><row><entry VJ="1" colname="col1">§  2</entry><entry VJ="1" colname="col2">(zukünftig in Kraft)</entry></row></tbody></tgroup></table><P/><Ident Class="S0">Abschnitt 2</Ident><P/><Title Align="auto" Class="S0">Anforderungen an die Barrierefreiheit</Title><P/><table colsep="0" frame="none" pgwide="1" rowsep="0" tocentry="%yes;"><tgroup align="left" char="" charoff="50" cols="2"><colspec colname="col1" colwidth="8*"/><colspec align="justify" colname="col2" colwidth="72*"/><tbody valign="top"><row><entry VJ="1" colname="col1">§  3</entry><entry VJ="1" colname="col2">Barrierefreiheit, Verordnungsermächtigung</entry></row><row><entry VJ="1" colname="col1">§  4</entry><entry VJ="1" colname="col2">(zukünftig in Kraft)</entry></row><row><entry VJ="1" colname="col1">§  5</entry><entry VJ="1" colname="col2">(zukünftig in Kraft)</entry></row></tbody></tgroup></table><P/><Ident Class="S0">Abschnitt 3</Ident><P/><Title Align="auto" Class="S0">Pflichten der Wirtschaftsakteure</Title><P/><table colsep="0" frame="none" pgwide="1" rowsep="0" tocentry="%yes;"><tgroup align="left" char="" charoff="50" cols="2"><colspec colname="col1" colwidth="8*"/><colspec align="justify" colname="col2" colwidth="72*"/><tbody valign="top"><row><entry VJ="1" colname="col1">§  6</entry><entry VJ="1" colname="col2">(zukünftig in Kraft)</entry></row><row><entry VJ="1" colname="col1">§  7</entry><entry VJ="1" colname="col2">(zukünftig in Kraft)</entry></row><row><entry VJ="1" colname="col1">§  8</entry><entry VJ="1" colname="col2">(zukünftig in Kraft)</entry></row><row><entry VJ="1" colname="col1">§  9</entry><entry VJ="1" colname="col2">(zukünftig in Kraft)</entry></row><row><entry VJ="1" colname="col1">§ 10</entry><entry VJ="1" colname="col2">(zukünftig in Kraft)</entry></row><row><entry VJ="1" colname="col1">§ 11</entry><entry VJ="1" colname="col2">(zukünftig in Kraft)</entry></row><row><entry VJ="1" colname="col1">§ 12</entry><entry VJ="1" colname="col2">(zukünftig in Kraft)</entry></row><row><entry VJ="1" colname="col1">§ 13</entry><entry VJ="1" colname="col2">Angabe der Wirtschaftsakteure, Verordnungsermächtigung</entry></row><row><entry VJ="1" colname="col1">§ 14</entry><entry VJ="1" colname="col2">(zukünftig in Kraft)</entry></row><row><entry VJ="1" colname="col1">§ 15</entry><entry VJ="1" colname="col2">(zukünftig in Kraft)</entry></row></tbody></tgroup></table><P/><Ident Class="S0">Abschnitt 4</Ident><P/><Title Align="auto" Class="S0">Grundlegende Veränderungen<BR/>von Produkten oder Dienstleistungen und<BR/>unverhältnismäßige Belastungen für die Wirtschaftsakteure</Title><P/><table colsep="0" frame="none" pgwide="1" rowsep="0" tocentry="%yes;"><tgroup align="left" char="" charoff="50" cols="2"><colspec colname="col1" colwidth="8*"/><colspec align="justify" colname="col2" colwidth="72*"/><tbody valign="top"><row><entry VJ="1" colname="col1">§ 16</entry><entry VJ="1" colname="col2">(zukünftig in Kraft)</entry></row><row><entry VJ="1" colname="col1">§ 17</entry><entry VJ="1" colname="col2">Unverhältnismäßige Belastungen, Verordnungsermächtigung</entry></row></tbody></tgroup></table><P/><Ident Class="S0">Abschnitt 5</Ident><P/><Title Align="auto" Class="S0">(zukünftig in Kraft)</Title><P/><table colsep="0" frame="none" pgwide="1" rowsep="0" tocentry="%yes;"><tgroup align="left" char="" charoff="50" cols="2"><colspec colname="col1" colwidth="8*"/><colspec align="justify" colname="col2" colwidth="72*"/><tbody valign="top"><row><entry VJ="1" colname="col1">§ 18</entry><entry VJ="1" colname="col2">(zukünftig in Kraft)</entry></row><row><entry VJ="1" colname="col1">§ 19</entry><entry VJ="1" colname="col2">(zukünftig in Kraft)</entry></row></tbody></tgroup></table><P/><Ident Class="S0">Abschnitt 6</Ident><P/><Title Align="auto" Class="S0">(zukünftig in Kraft)</Title><P/><table colsep="0" frame="none" pgwide="1" rowsep="0" tocentry="%yes;"><tgroup align="left" char="" charoff="50" cols="2"><colspec colname="col1" colwidth="8*"/><colspec align="justify" colname="col2" colwidth="72*"/><tbody valign="top"><row><entry VJ="1" colname="col1">§ 20</entry><entry VJ="1" colname="col2">(zukünftig in Kraft)</entry></row><row><entry VJ="1" colname="col1">§ 21</entry><entry VJ="1" colname="col2">(zukünftig in Kraft)</entry></row><row><entry VJ="1" colname="col1">§ 22</entry><entry VJ="1" colname="col2">(zukünftig in Kraft)</entry></row><row><entry VJ="1" colname="col1">§ 23</entry><entry VJ="1" colname="col2">(zukünftig in Kraft)</entry></row><row><entry VJ="1" colname="col1">§ 24</entry><entry VJ="1" colname="col2">(zukünftig in Kraft)</entry></row><row><entry VJ="1" colname="col1">§ 25</entry><entry VJ="1" colname="col2">(zukünftig in Kraft)</entry></row><row><entry VJ="1" colname="col1">§ 26</entry><entry VJ="1" colname="col2">(zukünftig in Kraft)</entry></row><row><entry VJ="1" colname="col1">§ 27</entry><entry VJ="1" colname="col2">(zukünftig in Kraft)</entry></row></tbody></tgroup></table><P/><Ident Class="S0">Abschnitt 7</Ident><P/><Title Align="auto" Class="S0">(zukünftig in Kraft)</Title><P/><table colsep="0" frame="none" pgwide="1" rowsep="0" tocentry="%yes;"><tgroup align="left" char="" charoff="50" cols="2"><colspec colname="col1" colwidth="8*"/><colspec align="justify" colname="col2" colwidth="72*"/><tbody valign="top"><row><entry VJ="1" colname="col1">§ 28</entry><entry VJ="1" colname="col2">(zukünftig in Kraft)</entry></row><row><entry VJ="1" colname="col1">§ 29</entry><entry VJ="1" colname="col2">(zukünftig in Kraft)</entry></row><row><entry VJ="1" colname="col1">§ 30</entry><entry VJ="1" colname="col2">(zukünftig in Kraft)</entry></row><row><entry VJ="1" colname="col1">§ 31</entry><entry VJ="1" colname="col2">(zukünftig in Kraft)</entry></row></tbody></tgroup></table><P/><Ident Class="S0">Abschnitt 8</Ident><P/><Title Align="auto" Class="S0">(zukünftig in Kraft)</Title><P/><table colsep="0" frame="none" pgwide="1" rowsep="0" tocentry="%yes;"><tgroup align="left" char="" charoff="50" cols="2"><colspec colname="col1" colwidth="8*"/><colspec align="justify" colname="col2" colwidth="72*"/><tbody valign="top"><row><entry VJ="1" colname="col1">§ 32</entry><entry VJ="1" colname="col2">(zukünftig in Kraft)</entry></row><row><entry VJ="1" colname="col1">§ 33</entry><entry VJ="1" colname="col2">(zukünftig in Kraft)</entry></row><row><entry VJ="1" colname="col1">§ 34</entry><entry VJ="1" colname="col2">(zukünftig in Kraft)</entry></row></tbody></tgroup></table><P/><Ident Class="S0">Abschnitt 9</Ident><P/><Title Align="auto" Class="S0">(zukünftig in Kraft)</Title><P/><table colsep="0" frame="none" pgwide="1" rowsep="0" tocentry="%yes;"><tgroup align="left" char="" charoff="50" cols="2"><colspec colname="col1" colwidth="8*"/><colspec align="justify" colname="col2" colwidth="72*"/><tbody valign="top"><row><entry VJ="1" colname="col1">§ 35</entry><entry VJ="1" colname="col2">(zukünftig in Kraft)</entry></row></tbody></tgroup></table><P/><Ident Class="S0">Abschnitt 10</Ident><P/><Title Align="auto" Class="S0">(zukünftig in Kraft)</Title><P/><table colsep="0" frame="none" pgwide="1" rowsep="0" tocentry="%yes;"><tgroup align="left" char="" charoff="50" cols="3"><colspec colname="col1" colwidth="7.99*"/><colspec align="justify" colname="col2" colwidth="2.00*"/><colspec align="justify" colname="col3" colwidth="73.01*"/><tbody valign="top"><row><entry VJ="1" colname="col1">§ 36</entry><entry VJ="1" align="justify" nameend="col3" namest="col2">(zukünftig in Kraft)</entry></row><row><entry VJ="1" colname="col1">§ 37</entry><entry VJ="1" align="justify" nameend="col3" namest="col2">(zukünftig in Kraft)</entry></row><row><entry VJ="1" colname="col1">§ 38</entry><entry VJ="1" align="justify" nameend="col3" namest="col2">(zukünftig in Kraft)</entry></row><row><entry VJ="1" nameend="col2" namest="col1">Anlage 1</entry><entry VJ="1" colname="col3">(zukünftig in Kraft)</entry></row><row><entry VJ="1" nameend="col2" namest="col1">Anlage 2</entry><entry VJ="1" colname="col3">(zukünftig in Kraft)</entry></row><row><entry VJ="1" nameend="col2" namest="col1">Anlage 3</entry><entry VJ="1" colname="col3">(zukünftig in Kraft)</entry></row><row><entry VJ="1" nameend="col2" namest="col1">Anlage 4</entry><entry VJ="1" colname="col3">(zukünftig in Kraft)</entry></row></tbody></tgroup></table></TOC></text></textdaten></norm>
<norm builddate="20240513215600" doknr="BJNR297010021BJNG000100000"><metadaten><jurabk>BFSG</jurabk><gliederungseinheit><gliederungskennzahl>010</gliederungskennzahl><gliederungsbez>Abschnitt 1</gliederungsbez><gliederungstitel>(zukünftig in Kraft)</gliederungstitel></gliederungseinheit></metadaten><textdaten><fussnoten><Content><P>(+++ Abschn 1 (Überschrift vor § 1): Tritt gem. Art. 3 Satz 1 G v. 16.7.2021 I 2970 am 28.6.2025 in Kraft +++)</P></Content></fussnoten></textdaten></norm>
<norm builddate="20240513215600" doknr="BJNR297010021BJNE000200000"><metadaten><jurabk>BFSG</jurabk><enbez>(XXXX) §§ 1 bis 2</enbez><titel format="XML">(zukünftig in Kraft)</titel></metadaten><textdaten><text format="XML"><Content><P/></Content></text><fussnoten><Content><P>(+++ §§ 1 bis 2: Treten gem. Art. 3 Satz 1 G v. 16.7.2021 I 2970 am 28.6.2025 in Kraft +++)</P></Content></fussnoten></textdaten></norm>
<norm builddate="20240513215600" doknr="BJNR297010021BJNG000200000"><metadaten><jurabk>BFSG</jurabk><gliederungseinheit><gliederungskennzahl>020</gliederungskennzahl><gliederungsbez>Abschnitt 2</gliederungsbez><gliederungstitel>Anforderungen an die Barrierefreiheit</gliederungstitel></gliederungseinheit></metadaten><textdaten/></norm>
<norm builddate="20240513215600" doknr="BJNR297010021BJNE000400000"><metadaten><jurabk>BFSG</jurabk><enbez>§ 3</enbez><titel format="XML">Barrierefreiheit, Verordnungsermächtigung</titel></metadaten><textdaten><text format="XML"><Content><P>(1) (zukünftig in Kraft)</P><P>(2) Das Bundesministerium für Arbeit und Soziales wird ermächtigt, im Einvernehmen mit dem Bundesministerium der Finanzen, dem Bundesministerium für Gesundheit, dem Bundesministerium für Wirtschaft und Energie und dem Bundesministerium für Verkehr und digitale Infrastruktur durch Rechtsverordnung mit Zustimmung des Bundesrates konkrete Anforderungen an die Barrierefreiheit von Produkten gemäß § 1 Absatz 2 und Dienstleistungen gemäß § 1 Absatz 3 entsprechend den Anforderungen des Anhangs I der Richtlinie (EU) 2019/882 des Europäischen Parlaments und des Rates vom 17. April 2019 über die Barrierefreiheitsanforderungen für Produkte und Dienstleistungen (ABl. L 151 vom 7.6.2019, S. 70) zu regeln, insbesondere an <DL Font="normal" Type="arabic"><DT>1.</DT><DD Font="normal"><LA Size="normal">die Gestaltung und Herstellung der Produkte einschließlich der Benutzerschnittstelle,</LA></DD><DT>2.</DT><DD Font="normal"><LA Size="normal">die Zugänglichkeit und Gestaltung des Angebots und der Ausführung der Dienstleistungen,</LA></DD><DT>3.</DT><DD Font="normal"><LA Size="normal">die Art und Weise der Bereitstellung von Informationen insbesondere zur Nutzung der Produkte, wie etwa an die Kennzeichnung, die Gebrauchsanleitung, Sicherheitsinformationen und die Funktionsweise der Dienstleistungen sowie an die Barrierefreiheitsmerkmale und Barrierefreiheitsfunktionen der Produkte und Dienstleistungen sowie an die mögliche Nutzung assistiver Technologien.</LA></DD></DL>Durch Rechtsverordnung nach Satz 1 können konkretisierende Bestimmungen auch insoweit erlassen werden, als Barrierefreiheitsanforderungen im Sinne des Anhangs I der Richtlinie (EU) 2019/882 nach Artikel 4 Absatz 9 dieser Richtlinie durch delegierte Rechtsakte der Europäischen Kommission präzisiert worden sind.</P><P>(3) <I>Absatz 1 gilt nicht für Kleinstunternehmen, die Dienstleistungen anbieten oder erbringen.</I> Das Bundesministerium für Arbeit und Soziales erstellt im Einvernehmen mit dem Bundesministerium für Wirtschaft und Energie Leitlinien für Kleinstunternehmen, um ihnen die Anwendung dieses Gesetzes zu erleichtern. Das Bundesministerium für Arbeit und Soziales ist berechtigt, sich im Rahmen der Erstellung der Leitlinien nach Satz 2 Dritter zu bedienen.</P></Content></text><fussnoten><Content><P>(+++ § 3 Abs. 1 und 3 Satz 1 Kursivdruck: Treten gem. Art. 3 Satz 1 G v. 16.7.2021 I 2970 am 28.6.2025 in Kraft +++)</P></Content></fussnoten></textdaten></norm>
<norm builddate="20240513215600" doknr="BJNR297010021BJNE000500000"><metadaten><jurabk>BFSG</jurabk><enbez>(XXXX) §§ 4 bis 5</enbez><titel format="XML">(zukünftig in Kraft)</titel></metadaten><textdaten><text format="XML"><Content><P/></Content></text><fussnoten><Content><P>(+++ §§ 4 bis 5: Treten gem. Art. 3 Satz 1 G v. 16.7.2021 I 2970 am 28.6.2025 in Kraft +++)</P></Content></fussnoten></textdaten></norm>
<norm builddate="20240513215600" doknr="BJNR297010021BJNG000300000"><metadaten><jurabk>BFSG</jurabk><gliederungseinheit><gliederungskennzahl>030</gliederungskennzahl><gliederungsbez>Abschnitt 3</gliederungsbez><gliederungstitel>Pflichten der Wirtschaftsakteure</gliederungstitel></gliederungseinheit></metadaten><textdaten/></norm>
<norm builddate="20240513215600" doknr="BJNR297010021BJNE000700000"><metadaten><jurabk>BFSG</jurabk><enbez>(XXXX) §§ 6 bis 12</enbez><titel format="XML">(zukünftig in Kraft)</titel></metadaten><textdaten><text format="XML"><Content><P/></Content></text><fussnoten><Content><P>(+++ §§ 6 bis 12: Treten gem. Art. 3 Satz 1 G v. 16.7.2021 I 2970 am 28.6.2025 in Kraft +++)</P></Content></fussnoten></textdaten></norm>
<norm builddate="20240513215600" doknr="BJNR297010021BJNE001400000"><metadaten><jurabk>BFSG</jurabk><enbez>§ 13</enbez><titel format="XML">Angabe der Wirtschaftsakteure, Verordnungsermächtigung</titel></metadaten><textdaten><text format="XML"><Content><P>(1) (zukünftig in Kraft)</P><P>(2) (zukünftig in Kraft)</P><P>(3) Das Bundesministerium für Arbeit und Soziales wird ermächtigt, durch Rechtsverordnung, die der Zustimmung des Bundesrates bedarf, im Einverständnis mit dem Bundesministerium für Wirtschaft und Energie den in Absatz 2 genannten Zeitraum für einzelne Produkte zu verlängern, wenn dies im Hinblick auf die wirtschaftliche Nutzungsdauer des Produkts geboten erscheint.</P></Content></text><fussnoten><Content><P>(+++ § 13 Abs. 1 und 2: Treten gem. Art. 3 Satz 1 G v. 16.7.2021 I 2970 am 28.6.2025 in Kraft +++)</P></Content></fussnoten></textdaten></norm>
<norm builddate="20240513215600" doknr="BJNR297010021BJNE001500000"><metadaten><jurabk>BFSG</jurabk><enbez>(XXXX) §§ 14 bis 15</enbez><titel format="XML">(zukünftig in Kraft)</titel></metadaten><textdaten><text format="XML"><Content><P/></Content></text><fussnoten><Content><P>(+++ §§ 14 bis 15: Treten gem. Art. 3 Satz 1 G v. 16.7.2021 I 2970 am 28.6.2025 in Kraft +++)</P></Content></fussnoten></textdaten></norm>
<norm builddate="20240513215600" doknr="BJNR297010021BJNG000400000"><metadaten><jurabk>BFSG</jurabk><gliederungseinheit><gliederungskennzahl>040</gliederungskennzahl><gliederungsbez>Abschnitt 4</gliederungsbez><gliederungstitel>Grundlegende Veränderungen von Produkten oder Dienstleistungen und unverhältnismäßige Belastungen für die Wirtschaftsakteure</gliederungstitel></gliederungseinheit></metadaten><textdaten/></norm>
<norm builddate="20240513215600" doknr="BJNR297010021BJNE001700000"><metadaten><jurabk>BFSG</jurabk><enbez>(XXXX) § 16</enbez><titel format="XML">(zukünftig in Kraft)</titel></metadaten><textdaten><text format="XML"><Content><P/></Content></text><fussnoten><Content><P>(+++ §§ 16: Tritt gem. Art. 3 Satz 1 G v. 16.7.2021 I 2970 am 28.6.2025 in Kraft +++)</P></Content></fussnoten></textdaten></norm>
<norm builddate="20240513215600" doknr="BJNR297010021BJNE001800000"><metadaten><jurabk>BFSG</jurabk><enbez>§ 17</enbez><titel format="XML">Unverhältnismäßige Belastungen, Verordnungsermächtigung</titel></metadaten><textdaten><text format="XML"><Content><P>(1) (zukünftig in Kraft)</P><P>(2) (zukünftig in Kraft)</P><P>(3) (zukünftig in Kraft)</P><P>(4) (zukünftig in Kraft)</P><P>(5) (zukünftig in Kraft)</P><P>(6) Das Bundesministerium für Arbeit und Soziales wird ermächtigt, durch Rechtsverordnung, die der Zustimmung des Bundesrates bedarf, im Einvernehmen mit dem Bundesministerium der Finanzen und dem Bundesministerium für Wirtschaft und Energie die in Anlage 4 enthaltenen Kriterien, die der Wirtschaftsakteur bei der Beurteilung nach Absatz 1 berücksichtigen muss, zu präzisieren und zu ergänzen.</P></Content></text><fussnoten><Content><P>(+++ §§ 17 Abs. 1 bis 5: Treten gem. Art. 3 Satz 1 G v. 16.7.2021 I 2970 am 28.6.2025 in Kraft +++)</P></Content></fussnoten></textdaten></norm>
<norm builddate="20240513215600" doknr="BJNR297010021BJNG000500000"><metadaten><jurabk>BFSG</jurabk><gliederungseinheit><gliederungskennzahl>050</gliederungskennzahl><gliederungsbez>Abschnitt 5</gliederungsbez><gliederungstitel>(zukünftig in Kraft)</gliederungstitel></gliederungseinheit></metadaten><textdaten><fussnoten><Content><P>(+++ Abschn 5 (Überschrift vor § 18): Tritt gem. Art. 3 Satz 1 G v. 16.7.2021 I 2970 am 28.6.2025 in Kraft +++)</P></Content></fussnoten></textdaten></norm>
<norm builddate="20240513215600" doknr="BJNR297010021BJNE001900000"><metadaten><jurabk>BFSG</jurabk><enbez>(XXXX) §§ 18 bis 19</enbez><titel format="XML">(zukünftig in Kraft)</titel></metadaten><textdaten><text format="XML"><Content><P/></Content></text><fussnoten><Content><P>(+++ §§ 18 bis 19: Treten gem. Art. 3 Satz 1 G v. 16.7.2021 I 2970 am 28.6.2025 in Kraft +++)</P></Content></fussnoten></textdaten></norm>
<norm builddate="20240513215600" doknr="BJNR297010021BJNG000600000"><metadaten><jurabk>BFSG</jurabk><gliederungseinheit><gliederungskennzahl>060</gliederungskennzahl><gliederungsbez>Abschnitt 6</gliederungsbez><gliederungstitel>(zukünftig in Kraft)</gliederungstitel></gliederungseinheit></metadaten><textdaten><fussnoten><Content><P>(+++ Abschn 6 (Überschrift vor § 20): Tritt gem. Art. 3 Satz 1 G v. 16.7.2021 I 2970 am 28.6.2025 in Kraft +++)</P></Content></fussnoten></textdaten></norm>
<norm builddate="20240513215600" doknr="BJNR297010021BJNE002100000"><metadaten><jurabk>BFSG</jurabk><enbez>(XXXX) §§ 20 bis 27</enbez><titel format="XML">(zukünftig in Kraft)</titel></metadaten><textdaten><text format="XML"><Content><P/></Content></text><fussnoten><Content><P>(+++ §§ 20 bis 27: Treten gem. Art. 3 Satz 1 G v. 16.7.2021 I 2970 am 28.6.2025 in Kraft +++)</P></Content></fussnoten></textdaten></norm>
<norm builddate="20240513215600" doknr="BJNR297010021BJNG000700000"><metadaten><jurabk>BFSG</jurabk><gliederungseinheit><gliederungskennzahl>070</gliederungskennzahl><gliederungsbez>Abschnitt 7</gliederungsbez><gliederungstitel>(zukünftig in Kraft)</gliederungstitel></gliederungseinheit></metadaten><textdaten><fussnoten><Content><P>(+++ Abschn 7 (Überschrift vor § 28): Tritt gem. Art. 3 Satz 1 G v. 16.7.2021 I 2970 am 28.6.2025 in Kraft +++)</P></Content></fussnoten></textdaten></norm>
<norm builddate="20240513215600" doknr="BJNR297010021BJNE002900000"><metadaten><jurabk>BFSG</jurabk><enbez>(XXXX) §§ 28 bis 31</enbez><titel format="XML">(zukünftig in Kraft)</titel></metadaten><textdaten><text format="XML"><Content><P/></Content></text><fussnoten><Content><P>(+++ §§ 28 bis 31: Treten gem. Art. 3 Satz 1 G v. 16.7.2021 I 2970 am 28.6.2025 in Kraft +++)</P></Content></fussnoten></textdaten></norm>
<norm builddate="20240513215600" doknr="BJNR297010021BJNG000800000"><metadaten><jurabk>BFSG</jurabk><gliederungseinheit><gliederungskennzahl>080</gliederungskennzahl><gliederungsbez>Abschnitt 8</gliederungsbez><gliederungstitel>(zukünftig in Kraft)</gliederungstitel></gliederungseinheit></metadaten><textdaten><fussnoten><Content><P>(+++ Abschn 8 (Überschrift vor § 32): Tritt gem. Art. 3 Satz 1 G v. 16.7.2021 I 2970 am 28.6.2025 in Kraft +++)</P></Content></fussnoten></textdaten></norm>
<norm builddate="20240513215600" doknr="BJNR297010021BJNE003300000"><metadaten><jurabk>BFSG</jurabk><enbez>(XXXX) §§ 32 bis 34</enbez><titel format="XML">(zukünftig in Kraft)</titel></metadaten><textdaten><text format="XML"><Content><P/></Content></text><fussnoten><Content><P>(+++ §§ 32 bis 34: Treten gem. Art. 3 Satz 1 G v. 16.7.2021 I 2970 am 28.6.2025 in Kraft +++)</P></Content></fussnoten></textdaten></norm>
<norm builddate="20240513215600" doknr="BJNR297010021BJNG000900000"><metadaten><jurabk>BFSG</jurabk><gliederungseinheit><gliederungskennzahl>090</gliederungskennzahl><gliederungsbez>Abschnitt 9</gliederungsbez><gliederungstitel>(zukünftig in Kraft)</gliederungstitel></gliederungseinheit></metadaten><textdaten><fussnoten><Content><P>(+++ Abschn 9 (Überschrift vor § 35): Tritt gem. Art. 3 Satz 1 G v. 16.7.2021 I 2970 am 28.6.2025 in Kraft +++)</P></Content></fussnoten></textdaten></norm>
<norm builddate="20240513215600" doknr="BJNR297010021BJNE003600000"><metadaten><jurabk>BFSG</jurabk><enbez>(XXXX) § 35</enbez><titel format="XML">(zukünftig in Kraft)</titel></metadaten><textdaten><text format="XML"><Content><P/></Content></text><fussnoten><Content><P>(+++ § 35: Tritt gem. Art. 3 Satz 1 G v. 16.7.2021 I 2970 am 28.6.2025 in  Kraft +++)</P></Content></fussnoten></textdaten></norm>
<norm builddate="20240513215600" doknr="BJNR297010021BJNG001000000"><metadaten><jurabk>BFSG</jurabk><gliederungseinheit><gliederungskennzahl>100</gliederungskennzahl><gliederungsbez>Abschnitt 10</gliederungsbez><gliederungstitel>(zukünftig in Kraft)</gliederungstitel></gliederungseinheit></metadaten><textdaten><fussnoten><Content><P>(+++ Abschn 10 (Überschrift vor § 36): Tritt gem. Art. 3 Satz 1 G v. 16.7.2021 I 2970 am 28.6.2025 in Kraft +++)</P></Content></fussnoten></textdaten></norm>
<norm builddate="20240513215600" doknr="BJNR297010021BJNE003700000"><metadaten><jurabk>BFSG</jurabk><enbez>(XXXX) §§ 36 bis 38</enbez><titel format="XML">(zukünftig in Kraft)</titel></metadaten><textdaten><text format="XML"><Content><P/></Content></text><fussnoten><Content><P>(+++ §§ 36 bis 38: Treten gem. Art. 3 Satz 1 G v. 16.7.2021 I 2970 am 28.6.2025 in Kraft +++)</P></Content></fussnoten></textdaten></norm>
<norm builddate="20240513215600" doknr="BJNR297010021BJNE004000000"><metadaten><jurabk>BFSG</jurabk><enbez>(XXXX) Anlage 1 bis 4</enbez><titel format="XML">(zukünftig in Kraft)</titel></metadaten><textdaten><text format="XML"><Content><P/></Content></text><fussnoten><Content><P>(+++ Anlagen 1 bis 4: Treten gem. Art. 3 Satz 1 G v. 16.7.2021 I 2970 am 28.6.2025 in Kraft +++)</P></Content></fussnoten></textdaten></norm>
</dokumente>