<?xml version="1.0" encoding="UTF-8" ?><!DOCTYPE dokumente SYSTEM "http://www.gesetze-im-internet.de/dtd/1.01/gii-norm.dtd">
<dokumente builddate="20241231222345" doknr="BJNR227210017"><norm builddate="20241231222345" doknr="BJNR227210017"><metadaten><jurabk>LMIDV</jurabk><amtabk>LMIDV</amtabk><ausfertigung-datum manuell="ja">2017-07-05</ausfertigung-datum><fundstelle typ="amtlich"><periodikum>BGBl I</periodikum><zitstelle>2017, 2272</zitstelle></fundstelle><kurzue>Lebensmittelinformations-Durchführungsverordnung</kurzue><langue>Verordnung zur Durchführung unionsrechtlicher Vorschriften betreffend die Information der Verbraucher über Lebensmittel</langue><standangabe checked="ja"><standtyp>Stand</standtyp><standkommentar>Zuletzt geändert durch Art. 3 V v. 11.12.2024 I Nr. 411</standkommentar></standangabe></metadaten><textdaten><fussnoten><Content><P><BR/> <pre xml:space="preserve">(+++ Textnachweis ab: 13.7.2017 +++)<BR/><BR/></pre>Die V wurde als Artikel 1 der V v. 5.7.2017 I 2272 vom Bundesministerium für Ernährung und Landwirtschaft im Einvernehmen mit dem Bundesministerium für Wirtschaft und Energie und mit dem Bundesministerium der Justiz und für Verbraucherschutz mit Zustimmung des Bundesrates beschlossen. Sie ist gem. Art. 29 Satz 1 dieser V am 13.7.2017 in Kraft getreten.</P></Content></fussnoten></textdaten></norm>
<norm builddate="20241231222345" doknr="BJNR227210017BJNE000100000"><metadaten><jurabk>LMIDV</jurabk><enbez>§ 1</enbez><titel format="XML">Anwendungsbereich</titel></metadaten><textdaten><text format="XML"><Content><P>(1) Diese Verordnung ergänzt die Regelungen der Verordnung (EU) Nr. 1169/2011 des Europäischen Parlaments und des Rates vom 25. Oktober 2011 betreffend die Information der Verbraucher über Lebensmittel und zur Änderung der Verordnungen (EG) Nr. 1924/2006 und (EG) Nr. 1925/2006 des Europäischen Parlaments und des Rates und zur Aufhebung der Richtlinie 87/250/EWG der Kommission, der Richtlinie 90/496/EWG des Rates, der Richtlinie 1999/10/EG der Kommission, der Richtlinie 2000/13/EG des Europäischen Parlaments und des Rates, der Richtlinien 2002/67/EG und 2008/5/EG der Kommission und der Verordnung (EG) Nr. 608/2004 der Kommission (ABl. L 304 vom 22.11.2011, S. 18; L 331 vom 18.11.2014, S. 41; L 50 vom 21.2.2015, S. 48; L 266 vom 30.9.2016, S. 7) und die Regelungen der auf sie gestützten Rechtsakte der Europäischen Union über <DL Type="arabic"><DT>1.</DT><DD Font="normal"><LA>die Kennzeichnung von Lebensmitteln, die bestimmt sind zur Abgabe an <DL Type="alpha"><DT>a)</DT><DD Font="normal"><LA>Endverbraucher im Sinne des Artikels 3 Nummer 18 der Verordnung (EG) Nr. 178/2002 des Europäischen Parlaments und des Rates vom 28. Januar 2002 zur Festlegung der allgemeinen Grundsätze und Anforderungen des Lebensmittelrechts, zur Errichtung der Europäischen Behörde für Lebensmittelsicherheit und zur Festlegung von Verfahren zur Lebensmittelsicherheit (ABl. L 31 vom 1.2.2002, S. 1) in der jeweils geltenden Fassung oder</LA></DD><DT>b)</DT><DD Font="normal"><LA>Anbieter von Gemeinschaftsverpflegung im Sinne des Artikels 2 Absatz 2 Buchstabe d der Verordnung (EU) Nr. 1169/2011 und</LA></DD></DL></LA></DD><DT>2.</DT><DD Font="normal"><LA>die Weitergabe von Angaben an andere Lebensmittelunternehmer bei der Lieferung von Lebensmitteln, die nicht für die Abgabe an Endverbraucher oder Anbieter von Gemeinschaftsverpflegung bestimmt sind.</LA></DD></DL></P><P>(2) Diese Verordnung gilt nicht, soweit in besonderen Rechtsvorschriften Kennzeichnungsvorschriften im Sinne des Absatzes 1 geregelt sind.</P></Content></text></textdaten></norm>
<norm builddate="20241231222345" doknr="BJNR227210017BJNE000200000"><metadaten><jurabk>LMIDV</jurabk><enbez>§ 2</enbez><titel format="XML">Allgemeine Anforderungen an die Kennzeichnung von Lebensmitteln beim Inverkehrbringen</titel></metadaten><textdaten><text format="XML"><Content><P>(1) Lebensmittel sind beim Inverkehrbringen in deutscher Sprache zu kennzeichnen, wenn die Kennzeichnung verpflichtend ist nach <DL Type="arabic"><DT>1.</DT><DD Font="normal"><LA>dieser Verordnung,</LA></DD><DT>2.</DT><DD Font="normal"><LA>der Verordnung (EU) Nr. 1169/2011 und</LA></DD><DT>3.</DT><DD Font="normal"><LA>den auf die Verordnung (EU) Nr. 1169/2011 gestützten Rechtsakten der Europäischen Union.</LA></DD></DL></P><P>(2) Lebensmittel, die im Flugverkehr in den Verkehr gebracht werden, können abweichend von Absatz 1 in einer anderen leicht verständlichen Sprache gekennzeichnet werden, wobei die Information über Zutaten und Verarbeitungshilfsstoffe nach Artikel 9 Absatz 1 Buchstabe c der Verordnung (EU) Nr. 1169/2011 stets auch in deutscher Sprache erfolgen muss.</P></Content></text></textdaten></norm>
<norm builddate="20241231222345" doknr="BJNR227210017BJNE000300000"><metadaten><jurabk>LMIDV</jurabk><enbez>§ 3</enbez><titel format="XML">Besondere Anforderungen an die Kennzeichnung bestimmter vorverpackter Lebensmittel beim Inverkehrbringen</titel></metadaten><textdaten><text format="XML"><Content><P>Abweichend von Artikel 16 Absatz 4 der Verordnung (EU) Nr. 1169/2011 ist Bier, das als vorverpacktes Lebensmittel abgegeben wird, beim Inverkehrbringen mit einem Verzeichnis der Zutaten nach Artikel 9 Absatz 1 Buchstabe b der Verordnung (EU) Nr. 1169/2011 zu kennzeichnen.</P></Content></text></textdaten></norm>
<norm builddate="20241231222345" doknr="BJNR227210017BJNE000402130"><metadaten><jurabk>LMIDV</jurabk><enbez>§ 4</enbez><titel format="XML">Besondere Vorschriften für die Kennzeichnung von nicht vorverpackten Lebensmitteln beim Inverkehrbringen oder Abgeben</titel></metadaten><textdaten><text format="XML"><Content><P>(1) Lebensmittel, die im Hinblick auf ihren unmittelbaren Verkauf vorverpackt und Endverbrauchern zur Selbstbedienung angeboten werden, dürfen durch den Verantwortlichen nach Artikel 8 Absatz 1 oder Absatz 4 Satz 2 der Verordnung (EU) Nr. 1169/2011 nur in den Verkehr gebracht werden oder durch den Verantwortlichen nach Artikel 8 Absatz 3 der Verordnung (EU) Nr. 1169/2011 nur abgegeben werden, wenn sie mit den Angaben nach Artikel 9 Absatz 1 Buchstabe a bis d und f bis k und nach Artikel 10 Absatz 1 der Verordnung (EU) Nr. 1169/2011 gekennzeichnet sind. Bei Lebensmitteln, die über Automaten oder automatisierte Anlagen in den Verkehr gebracht werden, können die Angaben nach Satz 1 auf einem Schild an dem oder in der Nähe des Automaten oder der automatisierten Anlage angebracht werden. Satz 1 gilt nicht <DL Type="arabic"><DT>1.</DT><DD Font="normal"><LA>für Dauerbackwaren und Süßwaren, die in der Verkaufsstätte im Hinblick auf ihren unmittelbaren Verkauf vorverpackt werden, sofern die Unterrichtung des Verbrauchers über die Angaben nach Satz 1 auf andere Weise gewährleistet ist, und</LA></DD><DT>2.</DT><DD Font="normal"><LA>für Lebensmittel, die zu karitativen Zwecken abgegeben werden.</LA></DD></DL></P><P>(2) Lebensmittel, die <DL Type="arabic"><DT>1.</DT><DD Font="normal"><LA>ohne Verpackung zum Verkauf angeboten werden,</LA></DD><DT>2.</DT><DD Font="normal"><LA>auf Wunsch des Endverbrauchers oder des Anbieters von Gemeinschaftsverpflegung am Verkaufsort verpackt werden oder</LA></DD><DT>3.</DT><DD Font="normal"><LA>im Hinblick auf ihren unmittelbaren Verkauf vorverpackt und nicht zur Selbstbedienung angeboten werden,</LA></DD></DL>dürfen durch den Verantwortlichen nach Artikel 8 Absatz 1 oder Absatz 4 Satz 2 der Verordnung (EU) Nr. 1169/2011 mit dem Ziel der Abgabe an Endverbraucher oder an Anbieter von Gemeinschaftsverpflegung nur in den Verkehr gebracht werden oder durch den Verantwortlichen nach Artikel 8 Absatz 3 der Verordnung (EU) Nr. 1169/2011 nur abgegeben werden, wenn die in Artikel 9 Absatz 1 Buchstabe c der Verordnung (EU) Nr. 1169/2011 bezeichneten Zutaten und Verarbeitungshilfsstoffe nach Maßgabe des Artikels 12 Absatz 2 oder der nachfolgenden Bestimmungen angegeben sind. Satz 1 gilt auch für die in Absatz 1 Satz 3 genannten Lebensmittel.</P><P>(3) Die nach Absatz 2 erforderlichen Angaben sind bezogen auf das jeweilige Lebensmittel gut sichtbar, deutlich und gut lesbar bereitzustellen. Die Angaben können erfolgen <DL Type="arabic"><DT>1.</DT><DD Font="normal"><LA>auf einem Schild auf dem Lebensmittel oder in der Nähe des Lebensmittels,</LA></DD><DT>2.</DT><DD Font="normal"><LA>auf Speise- und Getränkekarten oder in Preisverzeichnissen,</LA></DD><DT>3.</DT><DD Font="normal"><LA>durch einen Aushang in der Verkaufsstätte oder</LA></DD><DT>4.</DT><DD Font="normal"><LA>durch sonstige schriftliche oder vom Lebensmittelunternehmer bereitgestellte elektronische Informationsangebote, sofern die Angaben für Endverbraucher und Anbieter von Gemeinschaftsverpflegung unmittelbar und leicht zugänglich sind.</LA></DD></DL>Die Angaben sind so bereitzustellen, dass der Endverbraucher oder der Anbieter von Gemeinschaftsverpflegung vor Kaufabschluss und vor Übergabe des Lebensmittels von ihnen Kenntnis nehmen kann. Im Falle des Satzes 2 Nummer 2 können Angaben auch in leicht verständlichen Fußnoten oder Endnoten bereitgestellt werden, wenn auf diese bei der Bezeichnung des Lebensmittels in hervorgehobener Weise hingewiesen wird. Im Fall des Satzes 2 Nummer 4 muss bei dem Lebensmittel oder in einem Aushang in der Verkaufsstätte darauf hingewiesen werden, wie die nach Absatz 2 erforderlichen Angaben bereitgestellt werden. Die nach Absatz 2 erforderlichen Angaben und der in Satz 5 bezeichnete Hinweis dürfen in keiner Weise durch andere Angaben oder Bildzeichen oder sonstiges eingefügtes Material verdeckt oder undeutlich gemacht werden.</P><P>(4) Abweichend von Absatz 3 Satz 1 kann über die nach Absatz 2 erforderlichen Angaben auch der Lebensmittelunternehmer oder das Personal, das über die Verwendung der betreffenden Zutaten und Verarbeitungshilfsstoffe hinreichend unterrichtet ist, mündlich informieren. Voraussetzung ist, dass <DL Type="arabic"><DT>1.</DT><DD Font="normal"><LA>die nach Absatz 2 erforderlichen Angaben den Endverbrauchern auf deren Nachfrage unverzüglich vor Kaufabschluss und vor Übergabe des Lebensmittels mitgeteilt werden,</LA></DD><DT>2.</DT><DD Font="normal"><LA>eine schriftliche oder elektronische Aufzeichnung über die bei der Herstellung des jeweiligen Lebensmittels verwendeten Zutaten und Verarbeitungshilfsstoffe im Sinne des Absatzes 2 vorliegt und</LA></DD><DT>3.</DT><DD Font="normal"><LA>die schriftliche oder elektronische Aufzeichnung für die zuständige Behörde und auf Nachfrage auch für die Endverbraucher unmittelbar und leicht zugänglich ist.</LA></DD></DL>Bei den betreffenden Lebensmitteln oder in einem Aushang in der Verkaufsstätte muss an gut sichtbarer Stelle, deutlich und gut lesbar darauf hingewiesen werden, dass die nach Absatz 2 erforderlichen Angaben mündlich bereitgestellt werden und eine schriftliche oder elektronische Aufzeichnung auf Nachfrage zugänglich ist. Absatz 3 Satz 6 gilt entsprechend.</P><P>(5) (weggefallen)</P></Content></text><fussnoten/></textdaten></norm>
<norm builddate="20241231222345" doknr="BJNR227210017BJNE000700116"><metadaten><jurabk>LMIDV</jurabk><enbez>§ 4a</enbez><titel format="XML">Erweiterte Nährwertkennzeichnung</titel></metadaten><textdaten><text format="XML"><Content><P>(1) Der Verantwortliche nach Artikel 8 Absatz 1 oder Absatz 4 Satz 2 der Verordnung (EU) Nr. 1169/2011 darf Lebensmittel mit dem in der Anlage abgebildeten Nutri-Score-Kennzeichen, das als Gemeinschaftskollektivmarke beim Amt der Europäischen Union für geistiges Eigentum eingetragen ist, in den Verkehr bringen.</P><P>(2) Die Nutzung des Nutri-Score-Kennzeichens ist freiwillig.</P><P>(3) Die Nutzung des Nutri-Score-Kennzeichens setzt voraus, dass der Verantwortliche nach Artikel 8 Absatz 1 oder Absatz 4 Satz 2 der Verordnung (EU) Nr. 1169/2011 insbesondere <DL Font="normal" Type="arabic"><DT>1.</DT><DD Font="normal"><LA Size="normal">die erforderlichen Einwilligungen des Markeninhabers eingeholt hat und</LA></DD><DT>2.</DT><DD Font="normal"><LA Size="normal">die Bedingungen des Markeninhabers für die Nutzung der Marke einhält.</LA></DD></DL></P><P>(4) Für die Einholung der Einwilligungen nach Absatz 3 Nummer 1 kann das Bundesministerium für Ernährung und Landwirtschaft Folgendes im Bundesanzeiger veröffentlichen: <DL Font="normal" Type="arabic"><DT>1.</DT><DD Font="normal"><LA Size="normal">Musterformulare in deutscher Sprache,</LA></DD><DT>2.</DT><DD Font="normal"><LA Size="normal">Eingabedaten in deutscher Sprache und eine E-Mail-Adresse, die so eingestellt ist, dass dort eingehende E-Mails automatisch an den Markeninhaber weitergeleitet werden.</LA></DD></DL></P></Content></text><fussnoten/></textdaten></norm>
<norm builddate="20241231222345" doknr="BJNR227210017BJNE000900130"><metadaten><jurabk>LMIDV</jurabk><enbez>§ 4b</enbez><titel format="XML">Herkunftskennzeichnung bei nicht vorverpacktem frischem, gekühltem und gefrorenem Schweine-, Schaf-, Ziegen- und Geflügelfleisch</titel></metadaten><textdaten><text format="XML"><Content><P>(1) Für diese Verordnung gelten <DL Type="arabic"><DT>1.</DT><DD Font="normal"><LA>für die Begriffe „Hackfleisch/Faschiertes“, „Schlachthof“ und „Zerlegungsbetrieb“ die Begriffsbestimmungen in Anhang I Nummer 1.13, 1.16 und 1.17 der Verordnung (EG) Nr. 853/2004 des Europäischen Parlaments und des Rates vom 29. April 2004 mit spezifischen Hygienevorschriften für Lebensmittel tierischen Ursprungs (ABl. L 139 vom 30.4.2004, S. 55; L 226 vom 25.6.2004, S. 22; L 46 vom 21.2.2008, S. 50; L 119 vom 13.5.2010, S. 26; L 160 vom 12.6.2013, S. 15; L 66 vom 11.3.2015, S. 22; L 13 vom 16.1.2019, S. 12) die zuletzt durch die Delegierte Verordnung (EU) 2023/166 (ABl. L 24 vom 26.1.2023, S. 1) geändert worden ist, und</LA></DD><DT>2.</DT><DD Font="normal"><LA>für die Begriffe „Fleischabschnitte“ und „Partie“ die Begriffsbestimmungen in Artikel 2 Absatz 2 Buchstabe a und b der Durchführungsverordnung (EU) Nr. 1337/2013 der Kommission vom 13. Dezember 2013 mit Durchführungsbestimmungen zur Verordnung (EU) Nr. 1169/2011 des Europäischen Parlaments und des Rates hinsichtlich der Angabe des Ursprungslandes bzw. Herkunftsortes von frischem, gekühltem oder gefrorenem Schweine-, Schaf-, Ziegen- und Geflügelfleisch (ABl. L 335 vom 14.12.2013, S. 19; L 95 vom 29.3.2014, S. 70).</LA></DD></DL></P><P>(2) Frisches, gekühltes und gefrorenes Schweine-, Schaf-, Ziegen- und Geflügelfleisch, das ein Lebensmittel im Sinne des § 4 Absatz 2 Satz 1 ist, darf durch den Verantwortlichen nach Artikel 8 Absatz 1 oder Absatz 4 Satz 2 der Verordnung (EU) Nr. 1169/2011 mit dem Ziel der Abgabe an Endverbraucher oder an Anbieter von Gemeinschaftsverpflegung nur in den Verkehr gebracht werden oder durch den Verantwortlichen nach Artikel 8 Absatz 3 der Verordnung (EU) Nr. 1169/2011 nur abgegeben werden, wenn die Herkunft gemäß <DL Type="arabic"><DT>1.</DT><DD Font="normal"><LA>Artikel 5 Absatz 1 Unterabsatz 1 Buchstabe a und b, Unterabsatz 2 und 3, Absatz 2 und 3 Buchstabe a,</LA></DD><DT>2.</DT><DD Font="normal"><LA>Artikel 6 oder</LA></DD><DT>3.</DT><DD Font="normal"><LA>Artikel 7</LA></DD></DL>der Durchführungsverordnung (EU) Nr. 1337/2013 gekennzeichnet wird. Die Kennzeichnung hat nach Maßgabe des § 4 Absatz 3 zu erfolgen. Wird überwiegend Fleisch mit der gleichen Herkunft abgegeben, kann die Angabe auch durch eine allgemeine Erklärung an gut sichtbarer Stelle erfolgen. Auf die Möglichkeit abweichender Herkünfte ist hinzuweisen. Fleisch, dessen Herkunft nicht mit der überwiegenden Herkunft übereinstimmt, ist gesondert nach Maßgabe der Sätze 1 und 2 zu kennzeichnen.</P><P>(3) Für Lebensmittel im Sinne des § 4 Absatz 2 Satz 1 Nummer 1 bis 3 muss der Verantwortliche nach Artikel 8 Absatz 1 oder Absatz 4 Satz 2 der Verordnung (EU) Nr. 1169/2011 die zur Kennzeichnung nach Absatz 2 genannten Angaben bereithalten und zusammen mit dem Fleisch an die Unternehmer in den nachfolgenden Produktions- und Vertriebsstufen übermitteln.</P></Content></text><fussnoten/></textdaten></norm>
<norm builddate="20241231222345" doknr="BJNR227210017BJNE000502130"><metadaten><jurabk>LMIDV</jurabk><enbez>§ 5</enbez><titel format="XML">Verkehrs- und Abgabeverbote</titel></metadaten><textdaten><text format="XML"><Content><P>(1) Dem Verantwortlichen nach Artikel 8 Absatz 1 oder 4 Satz 2 der Verordnung (EU) Nr. 1169/2011 ist es verboten, vorverpackte Lebensmittel in den Verkehr zu bringen, und dem Verantwortlichen nach Artikel 8 Absatz 3 ist es verboten, vorverpackte Lebensmittel abzugeben, die folgenden Anforderungen nicht entsprechen: <DL Font="normal" Type="arabic"><DT>1.</DT><DD Font="normal"><LA Size="normal">den Anforderungen an die Bezeichnung des Lebensmittels und der speziellen zusätzlichen Anforderung <DL Font="normal" Type="alpha"><DT>a)</DT><DD Font="normal"><LA Size="normal">nach Artikel 9 Absatz 1 Buchstabe a in Verbindung mit Artikel 17 Absatz 1, 2 Satz 2, Absatz 3 oder 4 oder Anhang VI Teil A Nummer 1 oder 3 bis 7 oder Teil B Nummer 2 oder Teil C der Verordnung (EU) Nr. 1169/2011 oder</LA></DD><DT>b)</DT><DD Font="normal"><LA Size="normal">nach Artikel 9 Absatz 1 Buchstabe a in Verbindung mit Anhang VI Teil A Nummer 2 Satz 1 der Verordnung (EU) Nr. 1169/2011,</LA></DD></DL></LA></DD><DT>2.</DT><DD Font="normal"><LA Size="normal">den Anforderungen an das Verzeichnis der Zutaten nach Artikel 9 Absatz 1 Buchstabe b in Verbindung mit Artikel 18 Absatz 1 bis 3 oder Anhang VII Teil A Nummer 1 Satz 1, C oder D der Verordnung (EU) Nr. 1169/2011,</LA></DD><DT>3.</DT><DD Font="normal"><LA Size="normal">den Anforderungen an die Angaben über bestimmte Stoffe oder Erzeugnisse, die Allergien oder Unverträglichkeiten auslösen, nach Artikel 9 Absatz 1 Buchstabe c in Verbindung mit Artikel 21 Absatz 1 Unterabsatz 1, 2 oder 3 oder Anhang II der Verordnung (EU) Nr. 1169/2011,</LA></DD><DT>4.</DT><DD Font="normal"><LA Size="normal">den Anforderungen an die Angaben über die Menge bestimmter Zutaten und Klassen von Zutaten nach Artikel 9 Absatz 1 Buchstabe d in Verbindung mit Artikel 22 Absatz 1 oder Anhang VIII Nummer 3 oder 4 Buchstabe a oder b der Verordnung (EU) Nr. 1169/2011,</LA></DD><DT>5.</DT><DD Font="normal"><LA Size="normal">(weggefallen)</LA></DD><DT>6.</DT><DD Font="normal"><LA Size="normal">den Anforderungen an die Angaben über das Mindesthaltbarkeitsdatum oder über das Verbrauchsdatum nach Artikel 9 Absatz 1 Buchstabe f in Verbindung mit Artikel 24 Absatz 1 Satz 1 oder Absatz 2, jeweils auch in Verbindung mit Anhang X Nummer 1 Buchstabe a, b oder c oder Nummer 2 der Verordnung (EU) Nr. 1169/2011,</LA></DD><DT>7.</DT><DD Font="normal"><LA Size="normal">den Anforderungen an die besonderen Anweisungen für Aufbewahrung oder Verwendungen nach Artikel 9 Absatz 1 Buchstabe g in Verbindung mit Artikel 25 der Verordnung (EU) Nr. 1169/2011,</LA></DD><DT>8.</DT><DD Font="normal"><LA Size="normal">den Anforderungen an die Angaben über den Namen oder die Firma und die Anschrift nach Artikel 9 Absatz 1 Buchstabe h der Verordnung (EU) Nr. 1169/2011,</LA></DD><DT>9.</DT><DD Font="normal"><LA Size="normal">den Anforderungen an die Angaben über das Ursprungsland oder über den Herkunftsort nach Artikel 9 Absatz 1 Buchstabe i in Verbindung mit Artikel 26 Absatz 2 Buchstabe a der Verordnung (EU) Nr. 1169/2011,</LA></DD><DT>10.</DT><DD Font="normal"><LA Size="normal">den Anforderungen an die Angaben über das Ursprungsland oder über den Herkunftsort nach Artikel 9 Absatz 1 Buchstabe i in Verbindung mit Artikel 26 Absatz 2 Buchstabe b Satzteil vor Satz 2 der Verordnung (EU) Nr. 1169/2011 für die dort bezeichneten Sorten Fleisch und Artikel 5 Absatz 1 Unterabsatz 1 und 2 oder Absatz 3, jeweils auch in Verbindung mit Artikel 6 oder 7, der Durchführungsverordnung (EU) Nr. 1337/2013 der Kommission vom 13. Dezember 2013 mit Durchführungsbestimmungen zur Verordnung (EU) Nr. 1169/2011 des Europäischen Parlaments und des Rates hinsichtlich der Angabe des Ursprungslandes bzw. Herkunftsortes von frischem, gekühltem oder gefrorenem Schweine-, Schaf-, Ziegen- und Geflügelfleisch (ABl. L 335 vom 14.12.2013, S. 19; L 95 vom 29.3.2014, S. 70),</LA></DD><DT>11.</DT><DD Font="normal"><LA Size="normal">den Anforderungen an die Angaben über die Gebrauchsanleitung nach Artikel 9 Absatz 1 Buchstabe j in Verbindung mit Artikel 27 Absatz 1 der Verordnung (EU) Nr. 1169/2011,</LA></DD><DT>12.</DT><DD Font="normal"><LA Size="normal">den Anforderungen an die Angaben über den Alkoholgehalt nach Artikel 9 Absatz 1 Buchstabe k in Verbindung mit Artikel 28 Absatz 2 in Verbindung mit Anhang XII Satz 1 oder 2 erster Halbsatz und Satz 4 der Verordnung (EU) Nr. 1169/2011,</LA></DD><DT>13.</DT><DD Font="normal"><LA Size="normal">den Anforderungen an die Angaben über Nährstoffe und andere Substanzen <DL Font="normal" Type="alpha"><DT>a)</DT><DD Font="normal"><LA Size="normal">nach Artikel 9 Absatz 1 Buchstabe l der Verordnung (EU) Nr. 1169/2011 in Verbindung mit Artikel 30 Absatz 1 Satz 1, Artikel 31 Absatz 1, 3 Satz 1 oder Absatz 4 Satz 1, Artikel 32 Absatz 1, 2, 3 oder Absatz 5, Artikel 34 Absatz 1, 2 Satz 1 oder Absatz 3 Satz 1, Anhang XIII Teil B, Anhang XIV oder XV der Verordnung (EU) Nr. 1169/2011,</LA></DD><DT>b)</DT><DD Font="normal"><LA Size="normal">nach Artikel 7 Satz 1 und 2 der Verordnung (EG) Nr. 1924/2006 des Europäischen Parlaments und des Rates vom 20. Dezember 2006 über nährwert- und gesundheitsbezogene Angaben über Lebensmittel (ABl. L 404 vom 30.12.2006, S. 9; L 12 vom 18.1.2007, S. 3; L 86 vom 28.3.2008, S. 34; L 198 vom 30.7.2009, S. 87; L 160 vom 12.6.2013, S. 15), die zuletzt durch die Verordnung (EU) Nr. 1047/2012 (ABl. L 310 vom 9.11.2012, S. 36) geändert worden ist, in Verbindung mit Artikel 30 Absatz 1 Satz 1, Artikel 31 Absatz 1, 3 Satz 1 oder Absatz 4 Satz 1, Artikel 32 Absatz 1, 2, 3 oder Absatz 5, Artikel 34 Absatz 1, 2 Satz 1 oder Absatz 3 Satz 1, Anhang XIII Teil B, Anhang XIV oder XV der Verordnung (EU) Nr. 1169/2011,</LA></DD><DT>c)</DT><DD Font="normal"><LA Size="normal">nach Artikel 7 Satz 3 der Verordnung (EG) Nr. 1924/2006 in Verbindung mit Artikel 30 Absatz 2 der Verordnung (EU) Nr. 1169/2011 nach Maßgabe der Artikel 31 Absatz 3 Satz 1 oder Absatz 4 Satz 1, Artikel 32 Absatz 1, 2, 3 oder 5, Artikel 33 Absatz 4, Artikel 34 Absatz 1, 2 Satz 1 oder Absatz 3 Satz 1, Anhang XIII Teil A Nummer 1 oder Anhang XV der Verordnung (EU) Nr. 1169/2011 oder</LA></DD><DT>d)</DT><DD Font="normal"><LA Size="normal">nach Artikel 7 Satz 4 der Verordnung (EG) Nr. 1924/2006 nach Maßgabe der Artikel 31 Absatz 3 Satz 1 oder Absatz 4 Satz 1 oder Artikel 32 Absatz 1, 2, 3 oder 5 der Verordnung (EU) Nr. 1169/2011,</LA></DD></DL></LA></DD><DT>14.</DT><DD Font="normal"><LA Size="normal">den Anforderungen an die weiteren erforderlichen Angaben nach Artikel 10 Absatz 1 in Verbindung mit folgenden Nummern des Anhanges III der Verordnung (EU) Nr. 1169/2011: <DL Font="normal" Type="alpha"><DT>a)</DT><DD Font="normal"><LA Size="normal">den Nummern 1., 2., 3. oder Nummer 4.,</LA></DD><DT>b)</DT><DD Font="normal"><LA Size="normal">der Nummer 5.1. in Verbindung mit <DL Font="normal" Type="a-alpha"><DT>aa)</DT><DD Font="normal"><LA Size="normal">Nummer (3), (4), (5) oder Nummer (7) in Spalte „Angabe“ der Tabelle oder</LA></DD><DT>bb)</DT><DD Font="normal"><LA Size="normal">Nummer (1), (2), (6) oder Nummer (8) in Spalte „Angabe“ der Tabelle,</LA></DD></DL></LA></DD><DT>c)</DT><DD Font="normal"><LA Size="normal">der Nummer 6.,</LA></DD></DL></LA></DD><DT>15.</DT><DD Font="normal"><LA Size="normal">den Anforderungen an die weiteren Vorgaben der Kennzeichnung nach <DL Font="normal" Type="alpha"><DT>a)</DT><DD Font="normal"><LA Size="normal">Artikel 9 Absatz 2 Satz 1,</LA></DD><DT>b)</DT><DD Font="normal"><LA Size="normal">Artikel 12 Absatz 2 oder</LA></DD><DT>c)</DT><DD Font="normal"><LA Size="normal">Artikel 13 Absatz 1, 2, 3 oder 5 der Verordnung (EU) Nr. 1169/2011,</LA></DD></DL></LA></DD><DT>16.</DT><DD Font="normal"><LA Size="normal">die durch Einsatz von Fernkommunikationstechniken zum Verkauf angeboten werden und für die die Angaben nach Artikel 14 Absatz 1 der Verordnung (EU) Nr. 1169/2011 vor Abschluss des Kaufvertrages nicht verfügbar sind und weder auf dem Trägermaterial des Fernabsatzgeschäftes erscheinen noch durch andere geeignete Mittel bereitgestellt werden,</LA></DD><DT>17.</DT><DD Font="normal"><LA Size="normal">den Anforderungen für ein Verzeichnis der Zutaten nach § 3 oder</LA></DD><DT>18.</DT><DD Font="normal"><LA Size="normal">den Anforderungen der Kennzeichnung in deutscher Sprache nach § 2 in Verbindung mit den in § 5 Absatz 1 Nummer 1 bis 3 oder Nummer 6 bis 11, Nummer 13 oder 14, Nummer 15 Buchstabe a oder Nummer 16 oder 17 genannten Angaben.</LA></DD></DL></P><P>(2) Absatz 1 gilt auch, wenn die genannten Angaben freiwillig bereitgestellt werden.</P><P>(3) Dem Verantwortlichen nach Artikel 8 Absatz 1, oder Absatz 4 Satz 2 der Verordnung (EU) Nr. 1169/2011 ist es verboten, nicht vorverpackte Lebensmittel im Sinne des § 4 Absatz 2 in den Verkehr zu bringen, und dem Verantwortlichen nach Artikel 8 Absatz 3 der Verordnung (EU) Nr. 1169/2011 ist es verboten, nicht vorverpackte Lebensmittel im Sinne des § 4 Absatz 2 abzugeben, die durch Einsatz von Fernkommunikationstechniken zum Verkauf angeboten werden und für die die erforderlichen Angaben nach Artikel 14 Absatz 2 der Verordnung (EU) Nr. 1169/2011 in Verbindung mit Artikel 9 Absatz 1 Buchstabe c in Verbindung mit Artikel 21 Absatz 1 Unterabsatz 1, 2 oder 3 oder Anhang II der Verordnung (EU) Nr. 1169/2011 vor Abschluss des Kaufvertrages nicht verfügbar sind.</P><P>(4) Dem nach Artikel 8 Absatz 6 der Verordnung (EU) Nr. 1169/2011 Verantwortlichen ist es verboten, nicht vorverpackte Lebensmittel, die für die Abgabe an Endverbraucher oder Anbieter von Gemeinschaftsverpflegung bestimmt sind, an Lebensmittelunternehmer abzugeben, ohne dass diesem Lebensmittelunternehmer ausreichende Angaben zur Erfüllung der in § 4 Absatz 1 oder 2 und § 4b Absatz 2 genannten Anforderungen übermittelt werden.</P><P>(5) Dem nach Artikel 8 Absatz 7 Satz 1 der Verordnung (EU) Nr. 1169/2011 Verantwortlichen ist es verboten, vorverpackte Lebensmittel im Sinne des Artikels 8 Absatz 7 Satz 1 der Verordnung (EU) Nr. 1169/2011, die den in Absatz 1 genannten Anforderungen nicht entsprechen, in den Verkehr zu bringen, wenn nicht gewährleistet ist, dass die in Absatz 1 Nummer 1 bis 14, 16 und 17 genannten Angaben, in beiliegenden oder gleichzeitig versendeten Handelspapieren, die sich auf das Lebensmittel beziehen, gemacht werden. Unbeschadet der Regelung in Satz 1 stellt der in Satz 1 genannte Verantwortliche sicher, dass die Angaben nach Absatz 1 Nummer 1 oder Nummer 6 bis 8 auf der Außenverpackung, in der die vorverpackten Lebensmittel vermarktet werden, angebracht sind.</P><P>(6) Dem nach Artikel 8 Absatz 8 der Verordnung (EU) Nr. 1169/2011 Verantwortlichen ist es verboten, anderen Lebensmittelunternehmern Lebensmittel, die nicht für die Abgabe an Endverbraucher oder an Anbieter von Gemeinschaftsverpflegung bestimmt sind, zu liefern, ohne dass diese ausreichende Angaben zur Erfüllung der in Absatz 1 oder 3 bis 5 genannten Anforderungen erhalten.</P></Content></text><fussnoten/></textdaten></norm>
<norm builddate="20241231222345" doknr="BJNR227210017BJNE000602130"><metadaten><jurabk>LMIDV</jurabk><enbez>§ 6</enbez><titel format="XML">Straftaten und Ordnungswidrigkeiten</titel></metadaten><textdaten><text format="XML"><Content><P>(1) Nach § 59 Absatz 1 Nummer 21 Buchstabe a des Lebensmittel- und Futtermittelgesetzbuches wird bestraft, wer entgegen § 5 Absatz 1 Nummer 1 Buchstabe b oder Nummer 14 Buchstabe b Doppelbuchstabe aa ein Lebensmittel in den Verkehr bringt.</P><P>(2) Nach § 59 Absatz 3 Nummer 2 Buchstabe a des Lebensmittel- und Futtermittelgesetzbuches wird bestraft, wer entgegen Artikel 14 Absatz 1 der Verordnung (EG) Nr. 178/2002 des Europäischen Parlaments und des Rates vom 28. Januar 2002 zur Festlegung der allgemeinen Grundsätze und Anforderungen des Lebensmittelrechts, zur Errichtung der Europäischen Behörde für Lebensmittelsicherheit und zur Festlegung von Verfahren zur Lebensmittelsicherheit (ABl. L 31 vom 1.2.2002, S. 1), die zuletzt durch die Verordnung (EU) Nr. 652/2014 (ABl. L 189 vom 27.6.2014, S. 1) geändert worden ist, in Verbindung mit Artikel 24 Absatz 1 der Verordnung (EU) Nr. 1169/2011 des Europäischen Parlaments und des Rates vom 25. Oktober 2011 betreffend die Information der Verbraucher über Lebensmittel und zur Änderung der Verordnungen (EG) Nr. 1924/2006 und (EG) Nr. 1925/2006 des Europäischen Parlaments und des Rates und zur Aufhebung der Richtlinie 87/250/EWG der Kommission, der Richtlinie 90/496/EWG des Rates, der Richtlinie 1999/10/EG der Kommission, der Richtlinie 2000/13/EG des Europäischen Parlaments und des Rates, der Richtlinien 2002/67/EG und 2008/5/EG der Kommission und der Verordnung (EG) Nr. 608/2004 der Kommission (ABl. L 304 vom 22.11.2011, S. 18; L 331 vom 18.11.2014, S. 41; L 50 vom 21.2.2015, S. 48; L 266 vom 30.9.2016, S. 7), die zuletzt durch die Verordnung (EU) 2015/2283 (ABl. L 327 vom 11.12.2015, S. 1) geändert worden ist, ein in mikrobiologischer Hinsicht sehr leicht verderbliches Lebensmittel nach Ablauf des Verbrauchdatums in den Verkehr bringt.</P><P>(3) Ordnungswidrig im Sinne des § 60 Absatz 1 Nummer 2 des Lebensmittel- und Futtermittelgesetzbuches handelt, wer eine in Absatz 1 oder 2 bezeichnete Handlung fahrlässig begeht.</P><P>(4) Ordnungswidrig im Sinne des § 60 Absatz 2 Nummer 26 Buchstabe a des Lebensmittel- und Futtermittelgesetzbuches handelt, wer vorsätzlich oder fahrlässig <DL Font="normal" Type="arabic"><DT>1.</DT><DD Font="normal"><LA Size="normal">entgegen § 4 Absatz 1 Satz 1, Absatz 2 Satz 1, auch in Verbindung mit Absatz 2 Satz 2, oder entgegen § 4b Absatz 2 Satz 1 ein Lebensmittel in den Verkehr bringt oder abgibt,</LA></DD><DT>2.</DT><DD Font="normal"><LA Size="normal">entgegen § 5 Absatz 1 Nummer 1 Buchstabe a, Nummer 2 bis 4, Nummer 6 bis 13, Nummer 14 Buchstabe a, b Doppelbuchstabe bb oder Buchstabe c, Nummer 15 bis 17 oder 18, jeweils auch in Verbindung mit § 5 Absatz 2, ein Lebensmittel in den Verkehr bringt,</LA></DD><DT>3.</DT><DD Font="normal"><LA Size="normal">entgegen § 5 Absatz 3 oder 5 Satz 1 ein Lebensmittel in den Verkehr bringt,</LA></DD><DT>4.</DT><DD Font="normal"><LA Size="normal">entgegen § 5 Absatz 4 ein Lebensmittel abgibt,</LA></DD><DT>5.</DT><DD Font="normal"><LA Size="normal">entgegen § 5 Absatz 5 Satz 2 nicht sicherstellt, dass eine dort genannte Angabe auf der Außenverpackung angebracht ist, oder</LA></DD><DT>6.</DT><DD Font="normal"><LA Size="normal">entgegen § 5 Absatz 6 ein Lebensmittel liefert.</LA></DD></DL></P></Content></text><fussnoten/></textdaten></norm>
<norm builddate="20241231222345" doknr="BJNR227210017BJNE001000130"><metadaten><jurabk>LMIDV</jurabk><enbez>§ 7</enbez><titel format="XML">Übergangsvorschrift</titel></metadaten><textdaten><text format="XML"><Content><P>Fleischwaren, für die keine hinreichenden Informationen am 1. Februar 2024 für die Erfüllung der Anforderungen des § 4b Absatz 2 vorliegen, dürfen noch bis zum Aufbrauchen der Bestände in den Verkehr gebracht werden.</P></Content></text><fussnoten/></textdaten></norm>
<norm builddate="20241231222345" doknr="BJNR227210017BJNE000800116"><metadaten><jurabk>LMIDV</jurabk><enbez>Anlage</enbez><titel format="XML">(zu § 4a Absatz 1)<BR/> Abbildung des Nutri-Score-Kennzeichens</titel></metadaten><textdaten><text format="XML"><Content><BR/><BR/><P>(Fundstelle: BGBl. I 2020, 2267)</P><BR/><BR/><table frame="none" tocentry="%yes;"><tgroup align="left" char="" charoff="50" cols="2"><colspec align="center" colname="col1" colwidth="80*"/><colspec align="center" colname="col2" colwidth="80*"/><tbody valign="top"><row><entry VJ="1" colname="col1" colsep="0" rowsep="0"><BR/><BR/><FILE PREVIEW="bgbl1_2020_j2266-1_0010_thumb.gif" SRC="bgbl1_2020_j2266-1_0010.pdf" Type="pdf" title="PDF-Dokument wird in eigenem Fenster angezeigt"/></entry><entry VJ="1" colname="col2" rowsep="0"><BR/><BR/><FILE PREVIEW="bgbl1_2020_j2266-1_0020_thumb.gif" SRC="bgbl1_2020_j2266-1_0020.pdf" Type="pdf" title="PDF-Dokument wird in eigenem Fenster angezeigt"/></entry></row><row><entry VJ="1" colname="col1" colsep="0" rowsep="0"><BR/><BR/><FILE PREVIEW="bgbl1_2020_j2266-1_0030_thumb.gif" SRC="bgbl1_2020_j2266-1_0030.pdf" Type="pdf" title="PDF-Dokument wird in eigenem Fenster angezeigt"/></entry><entry VJ="1" colname="col2" rowsep="0"><BR/><BR/><FILE PREVIEW="bgbl1_2020_j2266-1_0040_thumb.gif" SRC="bgbl1_2020_j2266-1_0040.pdf" Type="pdf" title="PDF-Dokument wird in eigenem Fenster angezeigt"/></entry></row><row><entry VJ="1" nameend="col2" namest="col1"><BR/><BR/><FILE PREVIEW="bgbl1_2020_j2266-1_0050_thumb.gif" SRC="bgbl1_2020_j2266-1_0050.pdf" Type="pdf" title="PDF-Dokument wird in eigenem Fenster angezeigt"/></entry></row></tbody></tgroup></table><P/></Content></text><fussnoten/></textdaten></norm>
</dokumente>