<?xml version="1.0" encoding="UTF-8" ?><!DOCTYPE dokumente SYSTEM "http://www.gesetze-im-internet.de/dtd/1.01/gii-norm.dtd">
<dokumente builddate="20130405124422" doknr="BJNR000570977"><norm builddate="20130405124422" doknr="BJNR000570977"><metadaten><jurabk>StVollzVergO</jurabk><amtabk>StVollzVergO</amtabk><ausfertigung-datum manuell="ja">1977-01-11</ausfertigung-datum><fundstelle typ="amtlich"><periodikum>BGBl I</periodikum><zitstelle>1977, 57</zitstelle></fundstelle><kurzue>Strafvollzugsvergütungsordnung</kurzue><langue>Verordnung über die Vergütungsstufen des Arbeitsentgelts und der Ausbildungsbeihilfe nach dem Strafvollzugsgesetz</langue><standangabe checked="ja"><standtyp>Stand</standtyp><standkommentar>Geändert durch Art. 6 G v. 13.12.2007 I 2894</standkommentar></standangabe></metadaten><textdaten><fussnoten><Content><P>(+++ Textnachweis ab: 1.2.1977 +++)</P></Content></fussnoten></textdaten></norm>
<norm builddate="20130405124422" doknr="BJNR000570977BJNE000100312"><metadaten><jurabk>StVollzVergO</jurabk><enbez>Eingangsformel</enbez></metadaten><textdaten><text format="XML"><Content><P>Auf Grund des § 48 des Gesetzes über den Vollzug der Freiheitsstrafe und der freiheitsentziehenden Maßregeln der Besserung und Sicherung - Strafvollzugsgesetz (StVollzG) - vom 16. März 1976 (BGBl. I S. 581, 2088), geändert durch Gesetz vom 18. August 1976 (BGBl. I S. 2181), wird im Einvernehmen mit dem Bundesminister für Arbeit und Sozialordnung und mit Zustimmung des Bundesrates verordnet:</P></Content></text></textdaten></norm>
<norm builddate="20130405124422" doknr="BJNR000570977BJNE000201301"><metadaten><jurabk>StVollzVergO</jurabk><enbez>§ 1</enbez><titel format="XML">Grundlohn</titel></metadaten><textdaten><text format="XML"><Content><P>(1) Der Grundlohn des Arbeitsentgelts (§ 43 Abs. 2 des Strafvollzugsgesetzes) wird nach folgenden Vergütungsstufen festgesetzt:<BR/><table frame="none" tocentry="%yes;"><tgroup align="left" char="" charoff="50" cols="3"><colspec colname="col1" colwidth="0.45*"/><colspec colname="col2" colwidth="0.10*"/><colspec colname="col3" colwidth="2.45*"/><tbody valign="top"><row><entry VJ="1" align="left" colsep="0" rowsep="0" valign="top">Vergütungsstufe I</entry><entry VJ="1" align="left" colsep="0" rowsep="0" valign="top">=</entry><entry VJ="1" align="left" colsep="0" rowsep="0" valign="top">Arbeiten einfacher Art, die keine Vorkenntnisse und nur eine kurze Einweisungszeit erfordern und die nur geringe Anforderungen an die körperliche oder geistige Leistungsfähigkeit oder an die Geschicklichkeit stellen.</entry></row><row><entry VJ="1" align="left" colsep="0" rowsep="0" valign="top">Vergütungsstufe II</entry><entry VJ="1" align="left" colsep="0" rowsep="0" valign="top">=</entry><entry VJ="1" align="left" colsep="0" rowsep="0" valign="top">Arbeiten der Stufe I, die eine Einarbeitungszeit erfordern.</entry></row><row><entry VJ="1" align="left" colsep="0" rowsep="0" valign="top">Vergütungsstufe III</entry><entry VJ="1" align="left" colsep="0" rowsep="0" valign="top">=</entry><entry VJ="1" align="left" colsep="0" rowsep="0" valign="top">Arbeiten, die eine Anlernzeit erfordern und durchschnittliche Anforderungen an die Leistungsfähigkeit und die Geschicklichkeit stellen.</entry></row><row><entry VJ="1" align="left" colsep="0" rowsep="0" valign="top">Vergütungsstufe IV</entry><entry VJ="1" align="left" colsep="0" rowsep="0" valign="top">=</entry><entry VJ="1" align="left" colsep="0" rowsep="0" valign="top">Arbeiten, die die Kenntnisse und Fähigkeiten eines Facharbeiters erfordern oder gleichwertige Kenntnisse und Fähigkeiten voraussetzen.</entry></row><row><entry VJ="1" align="left" colsep="0" rowsep="0" valign="top">Vergütungsstufe V</entry><entry VJ="1" align="left" colsep="0" rowsep="0" valign="top">=</entry><entry VJ="1" align="left" colsep="0" rowsep="0" valign="top">Arbeiten, die über die Anforderungen der Stufe IV hinaus ein besonderes Maß an Können, Einsatz und Verantwortung erfordern.</entry></row></tbody></tgroup></table></P><P>(2) Der Grundlohn beträgt in der <BR/><table frame="none" tocentry="%yes;"><tgroup align="left" char="" charoff="50" cols="2" colsep="0" rowsep="0"><colspec colname="col1" colnum="1" colwidth="28.56*"/><colspec colname="col2" colnum="2" colwidth="21.44*"/><tbody valign="top"><row><entry VJ="1" align="left" colsep="0" valign="top">Vergütungsstufe I</entry><entry VJ="1" align="left" colsep="0" valign="top">75 vom Hundert,</entry></row><row><entry VJ="1" align="left" colsep="0" valign="top">Vergütungsstufe II</entry><entry VJ="1" align="left" colsep="0" valign="top">88 vom Hundert,</entry></row><row><entry VJ="1" align="left" colsep="0" valign="top">Vergütungsstufe III</entry><entry VJ="1" align="left" colsep="0" valign="top">100 vom Hundert,</entry></row><row><entry VJ="1" align="left" colsep="0" valign="top">Vergütungsstufe IV</entry><entry VJ="1" align="left" colsep="0" valign="top">112 vom Hundert,</entry></row><row><entry VJ="1" align="left" colsep="0" valign="top">Vergütungsstufe V</entry><entry VJ="1" align="left" colsep="0" valign="top">125 vom Hundert</entry></row></tbody></tgroup></table><BR/>der Eckvergütung nach § 43 Abs. 2 Satz 2 des Strafvollzugsgesetzes.</P><P>(3) Der Grundlohn nach Absatz 2 kann unterschritten werden, wenn die Arbeitsleistung den Anforderungen der jeweiligen Vergütungsstufe nicht genügt. Während einer Einarbeitungs- oder Anlernzeit darf der Grundlohn um höchstens 20 vom Hundert verringert werden. § 43 Abs. 3 Satz 2 des Strafvollzugsgesetzes bleibt unberührt.</P></Content></text><fussnoten/></textdaten></norm>
<norm builddate="20130405124422" doknr="BJNR000570977BJNE000300312"><metadaten><jurabk>StVollzVergO</jurabk><enbez>§ 2</enbez><titel format="parat">Zulagen</titel></metadaten><textdaten><text format="XML"><Content><P>(1) Zum Grundlohn können Zulagen gewährt werden <DL Font="normal" Type="arabic"><DT>1.</DT><DD Font="normal"><LA Size="normal">für Arbeiten unter arbeitserschwerenden Umgebungseinflüssen, die das übliche Maß erheblich übersteigen, bis zu fünf vom Hundert des Grundlohnes,</LA></DD> <DT>2.</DT><DD Font="normal"><LA Size="normal">für Arbeiten zu ungünstigen Zeiten bis zu fünf vom Hundert des Grundlohnes,</LA></DD> <DT>3.</DT><DD Font="normal"><LA Size="normal">für Zeiten, die über die festgesetzte Arbeitszeit hinausgehen, bis zu 25 vom Hundert des Grundlohnes.</LA></DD> </DL> </P><P>(2) Eine Leistungszulage kann im Zeitlohn bis zu 30 vom Hundert, im Leistungslohn bis zu 15 vom Hundert des Grundlohnes gewährt werden, wenn die individuelle Arbeitsleistung dies rechtfertigt. Bei der Bemessung der Leistungszulage können berücksichtigt werden: <DL Font="normal" Type="arabic"><DT>1.</DT><DD Font="normal"><LA Size="normal">Im Zeitlohn die Arbeitsmenge, die Arbeitsgüte, der Umgang mit Betriebsmitteln und Arbeitsmaterialien, die Leistungsbereitschaft und keine oder nur geringe Fehlzeiten,</LA></DD> <DT>2.</DT><DD Font="normal"><LA Size="normal">im Leistungslohn die Arbeitsgüte sowie der Umgang mit Betriebsmitteln und Arbeitsmaterialien.</LA></DD> </DL></P></Content></text></textdaten></norm>
<norm builddate="20130405124422" doknr="BJNR000570977BJNE000401301"><metadaten><jurabk>StVollzVergO</jurabk><enbez>§ 3</enbez><titel format="XML">Arbeitsentgelt für arbeitstherapeutische Beschäftigung</titel></metadaten><textdaten><text format="XML"><Content><P>Soweit ein Arbeitsentgelt nach § 43 Abs. 4 des Strafvollzugsgesetzes zu zahlen ist, beträgt es in der Regel 75 vom Hundert des Grundlohnes der Vergütungsstufe I.</P></Content></text><fussnoten/></textdaten></norm>
<norm builddate="20130405124422" doknr="BJNR000570977BJNE000500312"><metadaten><jurabk>StVollzVergO</jurabk><enbez>§ 4</enbez><titel format="parat">Ausbildungsbeihilfe</titel></metadaten><textdaten><text format="XML"><Content><P>(1) Die Ausbildungsbeihilfe (§ 44 Abs. 1 des Strafvollzugsgesetzes) wird vorbehaltlich der Absätze 2 und 3 nach der Vergütungsstufe III gewährt.</P><P>(2) Nach der Hälfte der Gesamtdauer der Maßnahme kann die Ausbildungsbeihilfe nach der Vergütungsstufe IV gewährt werden, wenn der Ausbildungsstand des Gefangenen dies rechtfertigt.</P><P>(3) Für die Teilnahme an einem Unterricht nach § 38 Abs. 1 Satz 1 des Strafvollzugsgesetzes oder an Maßnahmen der Berufsfindung kann die Ausbildungsbeihilfe nach der Vergütungsstufe II gewährt werden, wenn dies wegen der Kürze oder des Ziels der Maßnahmen gerechtfertigt ist.</P><P>(4) Für die Gewährung von besonderen Zulagen gilt § 2 entsprechend.</P></Content>   </text></textdaten></norm>
<norm builddate="20130405124422" doknr="BJNR000570977BJNE000601301"><metadaten><jurabk>StVollzVergO</jurabk><enbez>§ 5</enbez><titel format="XML">(weggefallen)</titel></metadaten><textdaten><text format="XML"><Content><P>-</P></Content></text><fussnoten/></textdaten></norm>
<norm builddate="20130405124422" doknr="BJNR000570977BJNE000700312"><metadaten><jurabk>StVollzVergO</jurabk><enbez>§ 6</enbez><titel format="parat">Inkrafttreten</titel></metadaten><textdaten><text format="XML"><Content><P>Diese Verordnung tritt am 1. Februar 1977 in Kraft.</P></Content></text></textdaten></norm>
</dokumente>