<?xml version="1.0" encoding="UTF-8" ?><!DOCTYPE dokumente SYSTEM "http://www.gesetze-im-internet.de/dtd/1.01/gii-norm.dtd">
<dokumente builddate="20200731212522" doknr="BJNR414100013"><norm builddate="20200731212522" doknr="BJNR414100013"><metadaten><jurabk>BüroMKfAusbVErprV</jurabk><ausfertigung-datum manuell="ja">2013-12-11</ausfertigung-datum><fundstelle typ="amtlich"><periodikum>BGBl I</periodikum><zitstelle>2013, 4141</zitstelle></fundstelle><langue>Verordnung über die Erprobung abweichender Ausbildungs- und Prüfungsbestimmungen in der Büromanagementkaufleute-Ausbildungsverordnung</langue><standangabe checked="ja"><standtyp>Stand</standtyp><standkommentar>Zuletzt geändert durch Art. 1 V v. 29.5.2020 I 1207</standkommentar></standangabe><standangabe checked="ja"><standtyp>Sonst</standtyp><standkommentar>Die V tritt gem. § 9 am 1.8.2020 außer Kraft; die Geltung der V ist durch § 9 idF d. Art. 1 V v. 29.5.2020 I 1207 über den 1.8.2020 hinaus bis zum 1.8.2025 verlängert worden</standkommentar></standangabe></metadaten><textdaten><fussnoten><Content><P><BR/> <pre xml:space="preserve">(+++ Textnachweis ab: 1.8.2014 +++)<BR/>(+++ Zur Anwendung vgl. § 1 u. § 8 +++)<BR/><BR/></pre></P></Content></fussnoten></textdaten></norm>
<norm builddate="20200731212522" doknr="BJNR414100013BJNE000101123"><metadaten><jurabk>BüroMKfAusbVErprV</jurabk><enbez>Eingangsformel</enbez></metadaten><textdaten><text format="XML"><Content><P>Auf Grund des § 6 des Berufsbildungsgesetzes, der durch Artikel 232 Nummer 1 der Verordnung vom 31. Oktober 2006 (BGBl. I S. 2407) geändert worden ist, verordnen das Bundesministerium für Wirtschaft und Technologie und das Bundesministerium des Innern im Einvernehmen mit dem Bundesministerium für Bildung und Forschung nach Anhörung des Hauptausschusses des Bundesinstituts für Berufsbildung:</P></Content></text><fussnoten/></textdaten></norm>
<norm builddate="20200731212522" doknr="BJNR414100013BJNE000201123"><metadaten><jurabk>BüroMKfAusbVErprV</jurabk><enbez>§ 1</enbez><titel format="XML">Ziel und Gegenstand der Erprobung</titel></metadaten><textdaten><text format="XML"><Content><P>(1) Durch die Erprobung soll untersucht werden, ob die Durchführung der Abschlussprüfung in zwei zeitlich auseinanderfallenden Teilen die geeignete Prüfungsform für den Ausbildungsberuf des Kaufmanns für Büromanagement und der Kauffrau für Büromanagement ist. Darüber hinaus sollen Struktur, Inhalt und Gewichtung von Teil 1 und Teil 2 der Abschlussprüfung sowie die Durchführung und Prüfung der Zusatzqualifikation erprobt werden.</P><P>(2) Der Erprobung ist die Büromanagementkaufleute-Ausbildungsverordnung vom 11. Dezember 2013 (BGBl. I S. 4125) mit der Maßgabe zugrunde zu legen, dass die §§ 6 bis 8 der Büromanagementkaufleute-Ausbildungsverordnung nicht anzuwenden sind.</P></Content></text><fussnoten/></textdaten></norm>
<norm builddate="20200731212522" doknr="BJNR414100013BJNE000301123"><metadaten><jurabk>BüroMKfAusbVErprV</jurabk><enbez>§ 2</enbez><titel format="XML">Abschlussprüfung</titel></metadaten><textdaten><text format="XML"><Content><P>(1) Durch die Abschlussprüfung ist festzustellen, ob der Prüfling die berufliche Handlungsfähigkeit erworben hat. In der Abschlussprüfung soll der Prüfling nachweisen, dass er <DL Type="arabic"><DT>1.</DT><DD Font="normal"><LA>die erforderlichen beruflichen Fertigkeiten beherrscht,</LA></DD><DT>2.</DT><DD Font="normal"><LA>die notwendigen beruflichen Kenntnisse und Fähigkeiten besitzt und</LA></DD><DT>3.</DT><DD Font="normal"><LA>mit dem im Berufsschulunterricht zu vermittelnden, für die Berufsausbildung wesentlichen Lehrstoff vertraut ist.</LA></DD></DL>Die Ausbildungsordnung ist zugrunde zu legen.</P><P>(2) Die Abschlussprüfung besteht aus den zeitlich auseinanderfallenden Teilen 1 und 2. In Teil 2 der Abschlussprüfung sollen Fertigkeiten, Kenntnisse und Fähigkeiten, die bereits Gegenstand von Teil 1 der Abschlussprüfung waren, nur insoweit einbezogen werden, als dies für die Feststellung der Berufsbefähigung nach § 38 des Berufsbildungsgesetzes erforderlich ist.</P></Content></text><fussnoten/></textdaten></norm>
<norm builddate="20200731212522" doknr="BJNR414100013BJNE000401123"><metadaten><jurabk>BüroMKfAusbVErprV</jurabk><enbez>§ 3</enbez><titel format="XML">Teil 1 der Abschlussprüfung</titel></metadaten><textdaten><text format="XML"><Content><P>(1) Teil 1 der Abschlussprüfung soll zur Mitte des zweiten Ausbildungsjahres stattfinden.</P><P>(2) Teil 1 der Abschlussprüfung erstreckt sich <DL Type="arabic"><DT>1.</DT><DD Font="normal"><LA>auf die in den Anlagen 1 und 2 der Büromanagementkaufleute-Ausbildungsverordnung für die ersten 15 Monate genannten Fertigkeiten, Kenntnisse und Fähigkeiten sowie</LA></DD><DT>2.</DT><DD Font="normal"><LA>auf den im Berufsschulunterricht zu vermittelnden Lehrstoff, soweit er für die Berufsausbildung wesentlich ist.</LA></DD></DL></P><P>(3) Teil 1 der Abschlussprüfung findet im Prüfungsbereich „informationstechnisches Büromanagement“ statt.</P><P>(4) Für den Prüfungsbereich „informationstechnisches Büromanagement“ bestehen folgende Vorgaben: <DL Type="arabic"><DT>1.</DT><DD Font="normal"><LA>der Prüfling soll nachweisen, dass er in der Lage ist, im Rahmen eines ganzheitlichen Arbeitsauftrages Büro- und Beschaffungsprozesse zu organisieren und kundenorientiert zu bearbeiten; dabei soll er nachweisen, dass er unter Anwendung von Textverarbeitungs- und Tabellenkalkulationsprogrammen recherchieren, dokumentieren und kalkulieren kann;</LA></DD><DT>2.</DT><DD Font="normal"><LA>der Prüfling soll berufstypische Aufgaben schriftlich computergestützt bearbeiten;</LA></DD><DT>3.</DT><DD Font="normal"><LA>die Prüfungszeit beträgt 120 Minuten.</LA></DD></DL></P></Content></text><fussnoten/></textdaten></norm>
<norm builddate="20200731212522" doknr="BJNR414100013BJNE000501123"><metadaten><jurabk>BüroMKfAusbVErprV</jurabk><enbez>§ 4</enbez><titel format="XML">Teil 2 der Abschlussprüfung</titel></metadaten><textdaten><text format="XML"><Content><P>(1) Teil 2 der Abschlussprüfung soll am Ende der Berufsausbildung stattfinden.</P><P>(2) Teil 2 der Abschlussprüfung erstreckt sich <DL Type="arabic"><DT>1.</DT><DD Font="normal"><LA>auf die Fertigkeiten, Kenntnisse und Fähigkeiten nach den Anlagen 1 und 2 der Büromanagementkaufleute-Ausbildungsverordnung sowie</LA></DD><DT>2.</DT><DD Font="normal"><LA>auf den im Berufsschulunterricht zu vermittelnden Lehrstoff, soweit er für die Berufsausbildung wesentlich ist.</LA></DD></DL></P><P>(3) Teil 2 der Abschlussprüfung besteht aus den Prüfungsbereichen: <DL Type="arabic"><DT>1.</DT><DD Font="normal"><LA>Kundenbeziehungsprozesse,</LA></DD><DT>2.</DT><DD Font="normal"><LA>Fachaufgabe in der Wahlqualifikation,</LA></DD><DT>3.</DT><DD Font="normal"><LA>Wirtschafts- und Sozialkunde.</LA></DD></DL></P><P>(4) Für den Prüfungsbereich „Kundenbeziehungsprozesse“ bestehen folgende Vorgaben: <DL Type="arabic"><DT>1.</DT><DD Font="normal"><LA>der Prüfling soll nachweisen, dass er in der Lage ist, komplexe Arbeitsaufträge handlungsorientiert zu bearbeiten; dabei soll er zeigen, dass er Aufträge kundenorientiert abwickeln, personalbezogene Aufgaben wahrnehmen und Instrumente der kaufmännischen Steuerung fallbezogen einsetzen kann;</LA></DD><DT>2.</DT><DD Font="normal"><LA>der Prüfling soll berufstypische Aufgaben schriftlich bearbeiten;</LA></DD><DT>3.</DT><DD Font="normal"><LA>die Prüfungszeit beträgt 150 Minuten.</LA></DD></DL></P><P>(5) Für den Prüfungsbereich „Fachaufgabe in der Wahlqualifikation“ bestehen folgende Vorgaben: <DL Type="arabic"><DT>1.</DT><DD Font="normal"><LA>der Prüfling soll nachweisen, dass er in der Lage ist, <DL Type="alpha"><DT>a)</DT><DD Font="normal"><LA>berufstypische Aufgabenstellungen zu erfassen, Probleme und Vorgehensweisen zu erörtern sowie Lösungswege zu entwickeln, zu begründen und zu reflektieren,</LA></DD><DT>b)</DT><DD Font="normal"><LA>kunden- und serviceorientiert zu handeln,</LA></DD><DT>c)</DT><DD Font="normal"><LA>betriebspraktische Aufgaben unter Berücksichtigung wirtschaftlicher, ökologischer und rechtlicher Zusammenhänge zu planen, durchzuführen und auszuwerten sowie</LA></DD><DT>d)</DT><DD Font="normal"><LA>Kommunikations- und Kooperationsbedingungen zu berücksichtigen;</LA></DD></DL></LA></DD><DT>2.</DT><DD Font="normal"><LA>mit dem Prüfling soll ein fallbezogenes Fachgespräch durchgeführt werden, für das folgende Vorgaben bestehen: <DL Type="alpha"><DT>a)</DT><DD Font="normal"><LA>Grundlage für das fallbezogene Fachgespräch ist eine der festgelegten Wahlqualifikationen nach § 4 Absatz 3 der Büromanagementkaufleute-Ausbildungsverordnung,</LA></DD><DT>b)</DT><DD Font="normal"><LA>bewertet werden die Leistungen, die der Prüfling im fallbezogenen Fachgespräch zeigt,</LA></DD><DT>c)</DT><DD Font="normal"><LA>das Fachgespräch soll höchstens 20 Minuten dauern und</LA></DD><DT>d)</DT><DD Font="normal"><LA>das Fachgespräch wird mit einer Darstellung von Aufgabe und Lösungsweg durch den Prüfling eingeleitet;</LA></DD></DL></LA></DD><DT>3.</DT><DD Font="normal"><LA>zur Vorbereitung auf das fallbezogene Fachgespräch soll der Prüfling <DL Type="alpha"><DT>a)</DT><DD Font="normal"><LA>für jede der beiden festgelegten Wahlqualifikationen nach § 4 Absatz 3 der Büromanagementkaufleute-Ausbildungsverordnung einen höchstens dreiseitigen Report über die Durchführung einer betrieblichen Fachaufgabe erstellen oder</LA></DD><DT>b)</DT><DD Font="normal"><LA>eine von zwei praxisbezogenen Fachaufgaben, die ihm vom Prüfungsausschuss zur Wahl gestellt werden, bearbeiten und Lösungswege entwickeln; Grundlage für die Fachaufgaben ist eine der festgelegten Wahlqualifikationen nach § 4 Absatz 3 der Büromanagementkaufleute-Ausbildungsverordnung.</LA></DD></DL></LA></DD></DL>Der Ausbildungsbetrieb teilt der zuständigen Stelle mit der Anmeldung zur Prüfung mit, welche Variante nach Satz 1 Nummer 3 gewählt wird. Wird die Variante nach Satz 1 Nummer 3 Buchstabe a gewählt, hat der Ausbildende zu bestätigen, dass die Fachaufgaben vom Prüfling eigenständig im Betrieb durchgeführt worden sind. Die Reporte sind dem Prüfungsausschuss spätestens am ersten Tag von Teil 2 der Abschlussprüfung zuzuleiten. Sie werden nicht bewertet. Aus den beiden betrieblichen Fachaufgaben wählt der Prüfungsausschuss eine aus. Ausgehend von der gewählten Fachaufgabe und dem dazu erstellten Report entwickelt der Prüfungsausschuss für die zugrunde liegende Wahlqualifikation das fallbezogene Fachgespräch so, dass die in Satz 1 Nummer 1 genannten Vorgaben nachgewiesen werden können. Wird die Variante nach Satz 1 Nummer 3 Buchstabe b gewählt, ist dem Prüfling eine Vorbereitungszeit von 20 Minuten einzuräumen. Ausgehend von der Fachaufgabe, die der Prüfling gewählt hat, entwickelt der Prüfungsausschuss für die zugrunde liegende Wahlqualifikation das fallbezogene Fachgespräch so, dass die in Satz 1 Nummer 1 genannten Vorgaben nachgewiesen werden können.</P><P>(6) Für den Prüfungsbereich „Wirtschafts- und Sozialkunde“ bestehen folgende Vorgaben: <DL Type="arabic"><DT>1.</DT><DD Font="normal"><LA>der Prüfling soll nachweisen, dass er in der Lage ist, allgemeine wirtschaftliche und gesellschaftliche Zusammenhänge der Berufs- und Arbeitswelt darzustellen und zu beurteilen;</LA></DD><DT>2.</DT><DD Font="normal"><LA>der Prüfling soll fallbezogene Aufgaben schriftlich bearbeiten;</LA></DD><DT>3.</DT><DD Font="normal"><LA>die Prüfungszeit beträgt 60 Minuten.</LA></DD></DL></P></Content></text><fussnoten/></textdaten></norm>
<norm builddate="20200731212522" doknr="BJNR414100013BJNE000602123"><metadaten><jurabk>BüroMKfAusbVErprV</jurabk><enbez>§ 5</enbez><titel format="XML">Gewichtung der Prüfungsbereiche, Bestehen der Abschlussprüfung</titel></metadaten><textdaten><text format="XML"><Content><P>(1) Die Prüfungsbereiche sind wie folgt zu gewichten: <DL Font="normal" Type="arabic"><DT>1.</DT><DD Font="normal"><LA Size="normal"><table colsep="0" frame="none" pgwide="1" rowsep="0" tocentry="%yes;"><tgroup align="left" char="" charoff="50" cols="2"><colspec align="left" colname="leftSplit"/><colspec align="right" colname="rightSplit"/><tbody Class="Split" valign="top"><row><entry VJ="1" colname="leftSplit">informationstechnisches<BR/> Büromanagement</entry><entry VJ="1" colname="rightSplit" valign="bottom">mit 25 Prozent,</entry></row></tbody></tgroup></table></LA></DD><DT>2.</DT><DD Font="normal"><LA Size="normal"><table colsep="0" frame="none" pgwide="1" rowsep="0" tocentry="%yes;"><tgroup align="left" char="" charoff="50" cols="2"><colspec align="left" colname="leftSplit"/><colspec align="right" colname="rightSplit"/><tbody Class="Split" valign="top"><row><entry VJ="1" colname="leftSplit">Kundenbeziehungs-<BR/> prozesse</entry><entry VJ="1" colname="rightSplit" valign="bottom">mit 30 Prozent,</entry></row></tbody></tgroup></table></LA></DD><DT>3.</DT><DD Font="normal"><LA Size="normal"><table colsep="0" frame="none" pgwide="1" rowsep="0" tocentry="%yes;"><tgroup align="left" char="" charoff="50" cols="2"><colspec align="left" colname="leftSplit"/><colspec align="right" colname="rightSplit"/><tbody Class="Split" valign="top"><row><entry VJ="1" colname="leftSplit">Fachaufgabe in der<BR/> Wahlqualifikation</entry><entry VJ="1" colname="rightSplit" valign="bottom">mit 35 Prozent,</entry></row></tbody></tgroup></table></LA></DD><DT>4.</DT><DD Font="normal"><LA Size="normal"><table colsep="0" frame="none" pgwide="1" rowsep="0" tocentry="%yes;"><tgroup align="left" char="" charoff="50" cols="2"><colspec align="left" colname="leftSplit"/><colspec align="right" colname="rightSplit"/><tbody Class="Split" valign="top"><row><entry VJ="1" colname="leftSplit">Wirtschafts- und<BR/> Sozialkunde</entry><entry VJ="1" colname="rightSplit" valign="bottom">mit 10 Prozent.</entry></row></tbody></tgroup></table></LA></DD></DL></P><P>(2) Die Abschlussprüfung ist bestanden, wenn die Leistungen wie folgt bewertet worden sind: <DL Font="normal" Type="arabic"><DT>1.</DT><DD Font="normal"><LA Size="normal">im Gesamtergebnis von Teil 1 und Teil 2 der Abschlussprüfung mit mindestens „ausreichend“,</LA></DD><DT>2.</DT><DD Font="normal"><LA Size="normal">im Ergebnis von Teil 2 der Abschlussprüfung mit mindestens „ausreichend“,</LA></DD><DT>3.</DT><DD Font="normal"><LA Size="normal">in mindestens zwei Prüfungsbereichen von Teil 2 der Abschlussprüfung mit mindestens „ausreichend“ und</LA></DD><DT>4.</DT><DD Font="normal"><LA Size="normal">in keinem Prüfungsbereich von Teil 2 der Abschlussprüfung mit „ungenügend“.</LA></DD></DL></P><P>(3) Auf Antrag des Prüflings ist die Prüfung in einem der Prüfungsbereiche „Kundenbeziehungsprozesse“ oder „Wirtschafts- und Sozialkunde“ durch eine mündliche Prüfung von etwa 15 Minuten zu ergänzen, wenn <DL Font="normal" Type="arabic"><DT>1.</DT><DD Font="normal"><LA Size="normal">der Prüfungsbereich schlechter als „ausreichend“ bewertet worden ist und</LA></DD><DT>2.</DT><DD Font="normal"><LA Size="normal">die mündliche Ergänzungsprüfung für das Bestehen der Abschlussprüfung den Ausschlag geben kann.</LA></DD></DL></P><P>Bei der Ermittlung des Ergebnisses für diesen Prüfungsbereich sind das bisherige Ergebnis und das Ergebnis der mündlichen Ergänzungsprüfung im Verhältnis von 2:1 zu gewichten.</P></Content></text><fussnoten/></textdaten></norm>
<norm builddate="20200731212522" doknr="BJNR414100013BJNE000701123"><metadaten><jurabk>BüroMKfAusbVErprV</jurabk><enbez>§ 6</enbez><titel format="XML">Zusatzqualifikation</titel></metadaten><textdaten><text format="XML"><Content><P>(1) Als Zusatzqualifikation kann eine im Rahmen der Berufsausbildung nicht festgelegte Wahlqualifikation nach § 4 Absatz 3 der Büromanagementkaufleute-Ausbildungsverordnung vermittelt werden.</P><P>(2) Für die Vermittlung der Zusatzqualifikation gilt die sachliche Gliederung der Anlage 1 Abschnitt B der Büromanagementkaufleute-Ausbildungsverordnung entsprechend.</P></Content></text><fussnoten/></textdaten></norm>
<norm builddate="20200731212522" doknr="BJNR414100013BJNE000801123"><metadaten><jurabk>BüroMKfAusbVErprV</jurabk><enbez>§ 7</enbez><titel format="XML">Prüfung der Zusatzqualifikation</titel></metadaten><textdaten><text format="XML"><Content><P>(1) Die Zusatzqualifikation wird im Rahmen von Teil 2 der Abschlussprüfung gesondert geprüft, wenn bei der Anmeldung zur Abschlussprüfung mitgeteilt wird, dass diese Prüfung durchgeführt werden soll und glaubhaft gemacht wird, dass die erforderlichen Fertigkeiten, Kenntnisse und Fähigkeiten vermittelt worden sind.</P><P>(2) Für die Prüfung der Zusatzqualifikation gilt § 4 Absatz 5 entsprechend.</P><P>(3) Die Prüfung der Zusatzqualifikation ist bestanden, wenn sie mit mindestens „ausreichend“ bewertet worden ist.</P></Content></text><fussnoten/></textdaten></norm>
<norm builddate="20200731212522" doknr="BJNR414100013BJNE000901123"><metadaten><jurabk>BüroMKfAusbVErprV</jurabk><enbez>§ 8</enbez><titel format="XML">Bestehende Berufsausbildungsverhältnisse</titel></metadaten><textdaten><text format="XML"><Content><P>Auf Berufsausbildungsverhältnisse, die vor Ablauf des 31. Juli 2025 begonnen werden, sind die Vorschriften dieser Verordnung weiter anzuwenden.</P></Content></text><fussnoten/></textdaten></norm>
<norm builddate="20200731212522" doknr="BJNR414100013BJNE001001123"><metadaten><jurabk>BüroMKfAusbVErprV</jurabk><enbez>§ 9</enbez><titel format="XML">Inkrafttreten, Außerkrafttreten</titel></metadaten><textdaten><text format="XML"><Content><P>Diese Verordnung tritt am 1. August 2014 in Kraft und am 1. August 2025 außer Kraft.</P></Content></text><fussnoten/></textdaten></norm>
</dokumente>