<?xml version="1.0" encoding="UTF-8" ?><!DOCTYPE dokumente SYSTEM "http://www.gesetze-im-internet.de/dtd/1.01/gii-norm.dtd">
<dokumente builddate="20120625153722" doknr="BJNR161410994"><norm builddate="20120625153722" doknr="BJNR161410994"><metadaten><jurabk>BlutZV</jurabk><ausfertigung-datum manuell="ja">1994-07-15</ausfertigung-datum><fundstelle typ="amtlich"><periodikum>BGBl I</periodikum><zitstelle>1994, 1614</zitstelle></fundstelle><langue>Verordnung zur Ausdehnung der Vorschriften über die staatliche
Chargenprüfung auf Blutzubereitungen (Artikel 1 der Verordnung über die
Einführung der staatlichen Chargenprüfung bei Blutzubereitungen)</langue><standangabe checked="ja"><standtyp>Stand</standtyp><standkommentar>Geändert durch Art. 1 V v. 26.6.1995 I 854</standkommentar></standangabe></metadaten><textdaten><fussnoten><Content><P><BR/> <pre xml:space="preserve">(+++ Textnachweis ab: 24.7.1994 +++)<BR/>(+++ Zur Anwendung vgl. § 4 Abs. 1 +++)<BR/><BR/></pre>Diese V wurde vom Bundesministerium für Gesundheit im Einvernehmen mit dem Bundesministerium für Wirtschaft mit Zustimmung des Bundesrates erlassen. Sie ist gem. Art. 3 G v. 15.7.1994 I 1614 am 24.7.1994 in Kraft getreten.</P></Content></fussnoten></textdaten></norm>
<norm builddate="20120625153722" doknr="BJNR161410994BJNE000100307"><metadaten><jurabk>BlutZV</jurabk><enbez>§ 1</enbez></metadaten><textdaten><text format="XML"><Content><P>Die Vorschriften über die staatliche Chargenprüfung werden auf Blutzubereitungen ausgedehnt, die aus Mischungen von humanem Blutplasma hergestellt werden und die Blutbestandteile als arzneilich wirksame Bestandteile enthalten.</P></Content></text></textdaten></norm>
<norm builddate="20120625153722" doknr="BJNR161410994BJNE000200307"><metadaten><jurabk>BlutZV</jurabk><enbez>§ 2</enbez></metadaten><textdaten><text format="XML"><Content><P>Die zuständige Bundesoberbehörde hat eine Entscheidung über die Freigabe der Charge innerhalb einer Frist von zwei Monaten nach Eingang der zu prüfenden Chargenprobe zu treffen. § 27 Abs. 2 des Arzneimittelgesetzes findet entsprechende Anwendung.</P></Content></text></textdaten></norm>
<norm builddate="20120625153722" doknr="BJNR161410994BJNE000300307"><metadaten><jurabk>BlutZV</jurabk><enbez>§ 3</enbez></metadaten><textdaten><text format="XML"><Content><P>Die zuständige Bundesoberbehörde hat die Charge auch dann freizugeben, wenn die zuständige Behörde eines anderen Mitgliedstaates der Europäischen Union oder eines anderen Vertragsstaates des Abkommens über den Europäischen Wirtschaftsraum nach einer experimentellen Untersuchung festgestellt hat, daß die Charge nach Herstellungs- und Kontrollmethoden, die dem jeweiligen Stand der wissenschaftlichen Erkenntnisse entsprechen, hergestellt und geprüft worden ist und daß sie die erforderliche Qualität, Wirksamkeit und Unbedenklichkeit aufweist.</P></Content></text></textdaten></norm>
<norm builddate="20120625153722" doknr="BJNR161410994BJNE000401308"><metadaten><jurabk>BlutZV</jurabk><enbez>§ 4</enbez></metadaten><textdaten><text format="XML"><Content><P>(1) Für die Blutzubereitungen nach dieser Verordnung, die nicht Blutgerinnungsfaktor IX oder Prothrombinkomplex-Präparate sind, findet die Verordnung ab dem 1. Januar 1996 Anwendung. Auf Chargen dieser Blutzubereitungen, die sich am 1. Januar 1996 bereits im Verkehr befinden, findet die Verordnung keine Anwendung.</P><P>(2) Die Verordnung findet keine Anwendung auf solche Chargen, die sich zum Zeitpunkt des Inkrafttretens dieser Verordnung bereits im Verkehr befinden.</P></Content> </text><fussnoten/></textdaten></norm>
</dokumente>