<?xml version="1.0" encoding="UTF-8" ?><!DOCTYPE dokumente SYSTEM "http://www.gesetze-im-internet.de/dtd/1.01/gii-norm.dtd">
<dokumente builddate="20130405130137" doknr="BJNR024459976"><norm builddate="20130405130137" doknr="BJNR024459976"><metadaten><jurabk>AMRNOG</jurabk><ausfertigung-datum manuell="ja">1976-08-24</ausfertigung-datum><fundstelle typ="amtlich"><periodikum>BGBl I</periodikum><zitstelle>1976, 2445</zitstelle></fundstelle><langue>Gesetz zur Neuordnung des Arzneimittelrechts</langue><standangabe checked="ja"><standtyp>Stand</standtyp><standkommentar>Zuletzt geändert durch Art. 1 G v. 9.8.1994 I 2071</standkommentar></standangabe></metadaten><textdaten><fussnoten><Content><P><BR/> <pre xml:space="preserve">(+++ Textnachweis Geltung ab: 1.7.1983 +++)<BR/>(+++ Zur Anwendung d. Art. 3 im Beitrittsgebiet vgl. für die Zeit vom<BR/>     3.10.1990 bis 31.12.1990 V v. 28.9.1990 I 2117 (EGRÜblV) u. für die Zeit       ab 1.1.1991 V v. 18.12.1990 I 2915 (EGRechtÜblV) +++)<BR/><BR/></pre>Art. 1: AMG 1976 2121-51-1-2 <BR/>(+++ Änderungen aufgrund EinigVtr vgl. §§ 4a, 10a, 10b u. 24 - 30 +++) <BR/></P></Content></fussnoten></textdaten></norm>
<norm builddate="20130405130137" doknr="BJNR024459976BJNE001302308"><metadaten><jurabk>AMRNOG</jurabk><gliederungseinheit><gliederungskennzahl>000</gliederungskennzahl><gliederungsbez>-</gliederungsbez><gliederungstitel/></gliederungseinheit><enbez>Inhaltsübersicht</enbez></metadaten><textdaten><text format="XML"><Content><P> <table frame="none" pgwide="1" tocentry="%yes;">
	<tgroup align="left" char="" charoff="50" cols="3" colsep="0" rowsep="0">
		<colspec colname="col1" colnum="1" colwidth="5*"/>
		<colspec colname="col2" colnum="2" colwidth="25*"/>
		<colspec colname="col3" colnum="3" colwidth="25*"/>
		<tbody valign="top">
			<row>
				<entry VJ="1" align="left" colsep="0" valign="top">
					<B>Artikel 1</B>
				</entry>
				<entry VJ="1" align="left" colsep="0" valign="top"> </entry>
				<entry VJ="1" align="left" colsep="0" valign="top"> </entry>
			</row>
			<row>
				<entry VJ="1" align="left" colsep="0" valign="top">
					<B>Artikel 2</B>
				</entry>
				<entry VJ="1" align="left" colsep="0" valign="top"> </entry>
				<entry VJ="1" align="left" colsep="0" valign="top"> </entry>
			</row>
			<row>
				<entry VJ="1" align="left" colsep="0" valign="top">
					<B>Artikel 3</B>
				</entry>
				<entry VJ="1" align="left" colsep="0" valign="top"> </entry>
				<entry VJ="1" align="left" colsep="0" valign="top"> </entry>
			</row>
			<row>
				<entry VJ="1" align="left" colsep="0" valign="top">
					<B>(weggefallen)</B>
				</entry>
				<entry VJ="1" align="left" colsep="0" valign="top"/>
				<entry VJ="1" align="left" colsep="0" valign="top">
					<B>§§ 1 bis 30</B>
				</entry>
			</row>
			<row>
				<entry VJ="1" align="left" colsep="0" nameend="col2" namest="col1" valign="top">
					<B>Artikel 4 bis 7</B>
				</entry>
				<entry VJ="1" align="left" colsep="0" valign="top"> </entry>
			</row>
			<row>
				<entry VJ="1" align="left" colsep="0" valign="top">
					<B>Artikel 8</B>
				</entry>
				<entry VJ="1" align="left" colsep="0" valign="top"> </entry>
				<entry VJ="1" align="left" colsep="0" valign="top"> </entry>
			</row>
			<row>
				<entry VJ="1" align="left" colsep="0" valign="top"> </entry>
				<entry VJ="1" align="left" colsep="0" valign="top">
					<B>Berlin-Klausel</B>
				</entry>
				<entry VJ="1" align="left" colsep="0" valign="top"> </entry>
			</row>
			<row>
				<entry VJ="1" align="left" colsep="0" valign="top">
					<B>Artikel 9</B>
				</entry>
				<entry VJ="1" align="left" colsep="0" valign="top"> </entry>
				<entry VJ="1" align="left" colsep="0" valign="top"> </entry>
			</row>
			<row>
				<entry VJ="1" align="left" colsep="0" valign="top"> </entry>
				<entry VJ="1" align="left" colsep="0" valign="top">
					<B>Außerkrafttreten</B>
				</entry>
				<entry VJ="1" align="left" colsep="0" valign="top"> </entry>
			</row>
			<row>
				<entry VJ="1" align="left" colsep="0" valign="top">
					<B>Artikel 10</B>
				</entry>
				<entry VJ="1" align="left" colsep="0" valign="top"> </entry>
				<entry VJ="1" align="left" colsep="0" valign="top"> </entry>
			</row>
			<row>
				<entry VJ="1" align="left" colsep="0" valign="top"> </entry>
				<entry VJ="1" align="left" colsep="0" valign="top">
					<B>Inkrafttreten</B>
				</entry>
				<entry VJ="1" align="left" colsep="0" valign="top"> </entry>
			</row>
		</tbody>
	</tgroup>
</table> </P></Content></text><fussnoten/></textdaten></norm>
<norm builddate="20130405130137" doknr="BJNR024459976BJNE001400319"><metadaten><jurabk>AMRNOG</jurabk><gliederungseinheit><gliederungskennzahl>000</gliederungskennzahl><gliederungsbez>-</gliederungsbez></gliederungseinheit><enbez>Eingangsformel</enbez></metadaten><textdaten><text format="XML"><Content><P>Der Bundestag hat mit Zustimmung des Bundesrates das folgende Gesetz beschlossen:</P></Content></text></textdaten></norm>
<norm builddate="20130405130137" doknr="BJNR024459976BJNG000100319"><metadaten><jurabk>AMRNOG</jurabk><gliederungseinheit><gliederungskennzahl>010</gliederungskennzahl><gliederungsbez>Art 1</gliederungsbez></gliederungseinheit></metadaten><textdaten><text format="XML"><Content><P/></Content></text><fussnoten/></textdaten></norm>
<norm builddate="20130405130137" doknr="BJNR024459976BJNG000301308"><metadaten><jurabk>AMRNOG</jurabk><gliederungseinheit><gliederungskennzahl>030</gliederungskennzahl><gliederungsbez>Art 3</gliederungsbez><gliederungstitel>Überleitungsvorschriften zum
Arzneimittelgesetz</gliederungstitel></gliederungseinheit></metadaten><textdaten><text format="XML"><Content><P/></Content></text><fussnoten/></textdaten></norm>
<norm builddate="20130405130137" doknr="BJNR024459976BJNE001700319"><metadaten><jurabk>AMRNOG</jurabk><gliederungseinheit><gliederungskennzahl>030010</gliederungskennzahl><gliederungsbez>Art 3</gliederungsbez><gliederungstitel/></gliederungseinheit><enbez>§ 3</enbez></metadaten><textdaten><text format="XML"><Content><P>-</P></Content></text><fussnoten/></textdaten></norm>
<norm builddate="20130405130137" doknr="BJNR024459976BJNG000700319"><metadaten><jurabk>AMRNOG</jurabk><gliederungseinheit><gliederungskennzahl>040</gliederungskennzahl><gliederungsbez>Art 4</gliederungsbez><gliederungstitel/></gliederungseinheit></metadaten><textdaten><text format="XML"><Content><P>-</P></Content></text><fussnoten/></textdaten></norm>
<norm builddate="20130405130137" doknr="BJNR024459976BJNG000800319"><metadaten><jurabk>AMRNOG</jurabk><gliederungseinheit><gliederungskennzahl>050</gliederungskennzahl><gliederungsbez>Art 5</gliederungsbez><gliederungstitel/></gliederungseinheit></metadaten><textdaten><text format="XML"><Content><P>-</P></Content></text><fussnoten/></textdaten></norm>
<norm builddate="20130405130137" doknr="BJNR024459976BJNG000900319"><metadaten><jurabk>AMRNOG</jurabk><gliederungseinheit><gliederungskennzahl>060</gliederungskennzahl><gliederungsbez>Art 6 u. 7</gliederungsbez><gliederungstitel/></gliederungseinheit></metadaten><textdaten><text format="XML"><Content><P/></Content></text><fussnoten/></textdaten></norm>
<norm builddate="20130405130137" doknr="BJNR024459976BJNG001000319"><metadaten><jurabk>AMRNOG</jurabk><gliederungseinheit><gliederungskennzahl>080</gliederungskennzahl><gliederungsbez>Art 8</gliederungsbez><gliederungstitel>Berlin-Klausel</gliederungstitel></gliederungseinheit></metadaten><textdaten><text format="XML"><Content><P>Dieses Gesetz gilt nach Maßgabe des § 12 Abs. 1 sowie des § 13 Abs. 1 des Dritten Überleitungsgesetzes vom 4. Januar 1952 (Bundesgesetzbl. I S. 1) auch im Land Berlin. Rechtsverordnungen, die auf Grund dieses Gesetzes erlassen werden, gelten im Land Berlin nach § 14 des Dritten Überleitungsgesetzes.</P></Content></text></textdaten></norm>
<norm builddate="20130405130137" doknr="BJNR024459976BJNG001100319"><metadaten><jurabk>AMRNOG</jurabk><gliederungseinheit><gliederungskennzahl>090</gliederungskennzahl><gliederungsbez>Art 9</gliederungsbez><gliederungstitel>Außerkrafttreten</gliederungstitel></gliederungseinheit></metadaten><textdaten><text format="XML"><Content><P>Mit Inkrafttreten dieses Gesetzes treten außer Kraft <DL Font="normal" Type="arabic"><DT>1.</DT><DD Font="normal"><LA Size="normal">das Arzneimittelgesetz 1961 vorbehaltlich Artikel 3 § 11 Abs. 1,</LA></DD> </DL>2. <DL Font="normal" Type="arabic"><DT>3.</DT><DD Font="normal"><LA Size="normal">das Gesetz über die Berufsausübung im Einzelhandel vom 5. August 1957 (Bundesgesetzbl. I S. 1121), geändert durch Artikel 150 Abs. 2 Nr. 15 des Einführungsgesetzes zum Gesetz über Ordnungswidrigkeiten vom 24. Mai 1968 (Bundesgesetzbl. I S. 503), soweit es sich nicht auf ärztliche Hilfsmittel bezieht,</LA></DD> <DT>4.</DT><DD Font="normal"><LA Size="normal">die Verordnung über den Nachweis der Sachkunde für den Einzelhandel vom 4. März 1960 (Bundesgesetzbl. I S. 172), soweit sie sich nicht auf ärztliche Hilfsmittel bezieht,</LA></DD> <DT>5.</DT><DD Font="normal"><LA Size="normal">Artikel 1 Abs. 3 des Gesetzes über die Errichtung eines Bundesamtes für Sera und Impfstoffe vom 7. Juli 1972 (Bundesgesetzbl. I S. 1163), soweit er sich auf Sera, Impfstoffe, Testallergene, Testsera und Testantigene bezieht, die nicht zur Verhütung oder Heilung von Viehseuchen bestimmt sind,</LA></DD> </DL>6.</P></Content></text><fussnoten/></textdaten></norm>
<norm builddate="20130405130137" doknr="BJNR024459976BJNG001200319"><metadaten><jurabk>AMRNOG</jurabk><gliederungseinheit><gliederungskennzahl>100</gliederungskennzahl><gliederungsbez>Art 10</gliederungsbez><gliederungstitel>Inkrafttreten</gliederungstitel></gliederungseinheit></metadaten><textdaten><text format="XML"><Content><P>Dieses Gesetz tritt am 1. Januar 1978 in Kraft, ausgenommen Artikel 3 § 9, der am Tag nach der Verkündung in Kraft tritt.</P></Content></text></textdaten></norm>
</dokumente>