<?xml version="1.0" encoding="UTF-8" ?><!DOCTYPE dokumente SYSTEM "http://www.gesetze-im-internet.de/dtd/1.01/gii-norm.dtd">
<dokumente builddate="20120625154655" doknr="BJNR170200009"><norm builddate="20120625154655" doknr="BJNR170200009"><metadaten><jurabk>SchlussFinG</jurabk><amtabk>SchlussFinG</amtabk><ausfertigung-datum manuell="ja">2009-07-06</ausfertigung-datum><fundstelle typ="amtlich"><periodikum>BGBl I</periodikum><zitstelle>2009, 1702</zitstelle></fundstelle><kurzue>Schlusszahlungsfinanzierungsgesetz</kurzue><langue>Gesetz zur Errichtung eines Sondervermögens „Vorsorge für Schlusszahlungen für inflationsindexierte Bundeswertpapiere“</langue></metadaten><textdaten><fussnoten><Content><P><BR/> <pre xml:space="preserve">(+++ Textnachweis ab: 11.7.2009 +++)<BR/><BR/></pre></P></Content></fussnoten></textdaten></norm>
<norm builddate="20120625154655" doknr="BJNR170200009BJNE000100000"><metadaten><jurabk>SchlussFinG</jurabk><enbez>§ 1</enbez><titel format="XML">Errichtung des Sondervermögens</titel></metadaten><textdaten><text format="XML"><Content><P>Es wird ein Sondervermögen des Bundes unter der Bezeichnung „Vorsorge für Schlusszahlungen für inflationsindexierte Bundeswertpapiere“ errichtet.</P></Content></text></textdaten></norm>
<norm builddate="20120625154655" doknr="BJNR170200009BJNE000200000"><metadaten><jurabk>SchlussFinG</jurabk><enbez>§ 2</enbez><titel format="XML">Zweck des Sondervermögens</titel></metadaten><textdaten><text format="XML"><Content><P>Mit der Errichtung des Sondervermögens soll durch Zuführung von Mitteln aus dem Bundeshaushalt Vorsorge für die Inflationsentwicklung während der Laufzeit von inflationsindexierten Bundeswertpapieren getroffen werden. Bei Fälligkeit eines inflationsindexierten Bundeswertpapiers soll aus dem Sondervermögen der Betrag gezahlt werden, um den der Rückzahlungsbetrag den Gesamtnennbetrag übersteigt. Dieser Betrag wird nachfolgend als Schlusszahlung bezeichnet.</P></Content></text></textdaten></norm>
<norm builddate="20120625154655" doknr="BJNR170200009BJNE000300000"><metadaten><jurabk>SchlussFinG</jurabk><enbez>§ 3</enbez><titel format="XML">Stellung im Rechtsverkehr</titel></metadaten><textdaten><text format="XML"><Content><P>Das Sondervermögen ist nicht rechtsfähig. Das Bundesministerium der Finanzen verwaltet das Sondervermögen.</P></Content></text></textdaten></norm>
<norm builddate="20120625154655" doknr="BJNR170200009BJNE000400000"><metadaten><jurabk>SchlussFinG</jurabk><enbez>§ 4</enbez><titel format="XML">Zuführung der Mittel</titel></metadaten><textdaten><text format="XML"><Content><P>(1) Vom Zeitpunkt der Errichtung des Sondervermögens an ist diesem für jedes umlaufende inflationsindexierte Bundeswertpapier jährlich jeweils zum Kupontermin der Betrag zuzuführen, um den sich die Schlusszahlung aufgrund der seit dem Kupontermin des letzten Jahres festgestellten Inflationsentwicklung erhöht hat. Die Inflationsentwicklung und die sich hieraus ergebende Schlusszahlung wird nach den vom Bundesministerium der Finanzen veröffentlichten Emissions- und Anleihebedingungen des jeweiligen inflationsindexierten Bundeswertpapiers festgestellt.</P><P>(2) Erhöht sich die Schlusszahlung nach Errichtung des Sondervermögens durch Aufstockung eines inflationsindexierten Bundeswertpapiers, so ist dem Sondervermögen die hierdurch bis zum letzten Kupontermin aufgelaufene zusätzliche Schlusszahlung unverzüglich zuzuführen.</P><P>(3) Für jedes zum Zeitpunkt der Errichtung des Sondervermögens umlaufende inflationsindexierte Bundeswertpapier ist dem Sondervermögen die bis zum Kupontermin im Jahr 2009 aufgelaufene Schlusszahlung im Jahr 2009 zuzuführen.</P></Content></text></textdaten></norm>
<norm builddate="20120625154655" doknr="BJNR170200009BJNE000500000"><metadaten><jurabk>SchlussFinG</jurabk><enbez>§ 5</enbez><titel format="XML">Haushalt</titel></metadaten><textdaten><text format="XML"><Content><P>Die geplanten Einnahmen und Ausgaben des Sondervermögens werden in einer Übersicht aufgeführt, die dem Bundeshaushaltsplan als Anlage beizufügen ist. Die dem Sondervermögen zugeführten Beträge verbleiben bis zur Auszahlung an die Wertpapiergläubiger unverzinst im Kassenbereich des Bundes. Eine Kreditaufnahme durch das Sondervermögen ist nicht zulässig. Einnahmen aus der Kreditaufnahme des Bundes dürfen im Rahmen des Abschlusses des jeweiligen Haushaltsjahres (§ 76 der Bundeshaushaltsordnung) in Höhe der dem Sondervermögen in den Vorjahren zugeführten und noch nicht ausgezahlten Beträge in das abzuschließende Haushaltsjahr umgebucht werden.</P></Content></text></textdaten></norm>
<norm builddate="20120625154655" doknr="BJNR170200009BJNE000600000"><metadaten><jurabk>SchlussFinG</jurabk><enbez>§ 6</enbez><titel format="XML">Rechnungslegung</titel></metadaten><textdaten><text format="XML"><Content><P>Das Bundesministerium der Finanzen legt jährlich zum Stichtag 31. Dezember Rechnung über die Einnahmen und Ausgaben des Sondervermögens. Die Rechnung ist als Übersicht der Haushaltsrechnung des Bundes beizufügen.</P></Content></text></textdaten></norm>
<norm builddate="20120625154655" doknr="BJNR170200009BJNE000700000"><metadaten><jurabk>SchlussFinG</jurabk><enbez>§ 7</enbez><titel format="XML">Inkrafttreten</titel></metadaten><textdaten><text format="XML"><Content><P>Dieses Gesetz tritt am Tag nach der Verkündung in Kraft.</P></Content></text></textdaten></norm>
</dokumente>