<?xml version="1.0" encoding="UTF-8" ?><!DOCTYPE dokumente SYSTEM "http://www.gesetze-im-internet.de/dtd/1.01/gii-norm.dtd">
<dokumente builddate="20250331224012" doknr="BJNR005830913"><norm builddate="20250331224012" doknr="BJNR005830913"><metadaten><jurabk>RuStAG</jurabk><amtabk>StAG</amtabk><ausfertigung-datum manuell="ja">1913-07-22</ausfertigung-datum><fundstelle typ="amtlich"><periodikum>RGBl</periodikum><zitstelle>1913, 583</zitstelle></fundstelle><langue>Staatsangehörigkeitsgesetz</langue><standangabe checked="ja"><standtyp>Stand</standtyp><standkommentar>Zuletzt geändert durch Art. 2 G v. 22.3.2024 I Nr. 104</standkommentar></standangabe><standangabe checked="ja"><standtyp>Hinweis</standtyp><standkommentar>Berichtigung vom 28.3.2025 I Nr. 98 ist berücksichtigt</standkommentar></standangabe></metadaten><textdaten><fussnoten><Content><P><BR/> <pre xml:space="preserve">(+++ Textnachweis Geltung ab: 1.1.1980 +++)<BR/><BR/></pre>Überschrift: Bezeichnung idF d. u. Buchstabenabkürzung eingef. durch Art. 1 Nr.  1 G v. 15.7.1999 I 1618 mWv 1.1.2000</P></Content></fussnoten></textdaten></norm>
<norm builddate="20250331224012" doknr="BJNR005830913BJNE000503377"><metadaten><jurabk>RuStAG</jurabk><jurabk>StAG</jurabk><enbez>§ 1</enbez></metadaten><textdaten><text format="XML"><Content><P>Deutscher im Sinne dieses Gesetzes ist, wer die deutsche Staatsangehörigkeit besitzt.</P></Content></text><fussnoten/></textdaten></norm>
<norm builddate="20250331224012" doknr="BJNR005830913BJNE000602377"><metadaten><jurabk>RuStAG</jurabk><jurabk>StAG</jurabk><enbez>§ 2</enbez></metadaten><textdaten><text format="XML"><Content><P>(weggefallen)</P></Content></text><fussnoten/></textdaten></norm>
<norm builddate="20250331224012" doknr="BJNR005830913BJNE000708377"><metadaten><jurabk>RuStAG</jurabk><jurabk>StAG</jurabk><enbez>§ 3</enbez></metadaten><textdaten><text format="XML"><Content><P>(1) Die deutsche Staatsangehörigkeit wird erworben <DL Font="normal" Type="arabic"><DT>1.</DT><DD Font="normal"><LA Size="normal">durch Geburt (§ 4),</LA></DD><DT>2.</DT><DD Font="normal"><LA Size="normal">durch Erklärung (§ 5),</LA></DD><DT>3.</DT><DD Font="normal"><LA Size="normal">durch Annahme als Kind (§ 6),</LA></DD><DT>4.</DT><DD Font="normal"><LA Size="normal">durch Ausstellung der Bescheinigung nach § 15 Absatz 1 oder 2 des Bundesvertriebenengesetzes (§ 7),</LA></DD><DT>5.</DT><DD Font="normal"><LA Size="normal">durch Einbürgerung (§§ 8 bis 16 und 40a).</LA></DD></DL></P><P>(2) Die Staatsangehörigkeit erwirbt auch, wer seit zwölf Jahren von deutschen Stellen als deutscher Staatsangehöriger behandelt worden ist und dies nicht zu vertreten hat. Als deutscher Staatsangehöriger wird insbesondere behandelt, wem ein Staatsangehörigkeitsausweis, Reisepass oder Personalausweis ausgestellt wurde. Der Erwerb der Staatsangehörigkeit wirkt auf den Zeitpunkt zurück, zu dem bei Behandlung als Staatsangehöriger der Erwerb der Staatsangehörigkeit angenommen wurde. Er erstreckt sich auf Abkömmlinge, die seither ihre Staatsangehörigkeit von dem nach Satz 1 Begünstigten ableiten.</P></Content></text><fussnoten/></textdaten></norm>
<norm builddate="20250331224012" doknr="BJNR005830913BJNE000815377"><metadaten><jurabk>RuStAG</jurabk><jurabk>StAG</jurabk><enbez>§ 4</enbez></metadaten><textdaten><text format="XML"><Content><P>(1) Durch die Geburt erwirbt ein Kind die deutsche Staatsangehörigkeit, wenn ein Elternteil die deutsche Staatsangehörigkeit besitzt. Ist bei der Geburt des Kindes nur der Vater deutscher Staatsangehöriger und ist zur Begründung der Abstammung nach den deutschen Gesetzen die Anerkennung oder Feststellung der Vaterschaft erforderlich, so bedarf es zur Geltendmachung des Erwerbs einer nach den deutschen Gesetzen wirksamen Anerkennung oder Feststellung der Vaterschaft; die Anerkennungserklärung muß abgegeben oder das Feststellungsverfahren muß eingeleitet sein, bevor das Kind das 23. Lebensjahr vollendet hat.</P><P>(2) Ein Kind, das im Inland aufgefunden wird (Findelkind), gilt bis zum Beweis des Gegenteils als Kind eines Deutschen. Satz 1 ist auf ein vertraulich geborenes Kind nach § 25 Absatz 1 des Schwangerschaftskonfliktgesetzes entsprechend anzuwenden.</P><P>(3) Durch die Geburt im Inland erwirbt ein Kind ausländischer Eltern die deutsche Staatsangehörigkeit, wenn ein Elternteil <DL Font="normal" Type="arabic"><DT>1.</DT><DD Font="normal"><LA Size="normal">seit fünf Jahren rechtmäßig seinen gewöhnlichen Aufenthalt im Inland hat und</LA></DD><DT>2.</DT><DD Font="normal"><LA Size="normal">ein unbefristetes Aufenthaltsrecht oder als Staatsangehöriger der Schweiz oder dessen Familienangehöriger eine Aufenthaltserlaubnis auf Grund des Abkommens vom 21. Juni 1999 zwischen der Europäischen Gemeinschaft und ihren Mitgliedstaaten einerseits und der Schweizerischen Eidgenossenschaft andererseits über die Freizügigkeit (BGBl. 2001 II S. 810) besitzt.</LA></DD></DL>Der Erwerb der deutschen Staatsangehörigkeit wird in dem Geburtenregister, in dem die Geburt des Kindes beurkundet ist, eingetragen. Das Bundesministerium des Innern, für Bau und Heimat wird ermächtigt, mit Zustimmung des Bundesrates durch Rechtsverordnung Vorschriften über das Verfahren zur Eintragung des Erwerbs der Staatsangehörigkeit nach Satz 1 zu erlassen.</P><P>(4) Die deutsche Staatsangehörigkeit wird nicht nach Absatz 1 erworben bei Geburt im Ausland, wenn der deutsche Elternteil nach dem 31. Dezember 1999 im Ausland geboren wurde und dort seinen gewöhnlichen Aufenthalt hat, es sei denn, das Kind würde sonst staatenlos. Die Rechtsfolge nach Satz 1 tritt nicht ein, wenn innerhalb eines Jahres nach der Geburt des Kindes ein Antrag nach § 36 des Personenstandsgesetzes auf Beurkundung der Geburt im Geburtenregister gestellt wird; zur Fristwahrung genügt es auch, wenn der Antrag in dieser Frist bei der zuständigen Auslandsvertretung eingeht. Sind beide Elternteile deutsche Staatsangehörige, so tritt die Rechtsfolge des Satzes 1 nur ein, wenn beide die dort genannten Voraussetzungen erfüllen. Für den Anspruch nach Artikel 116 Absatz 2 des Grundgesetzes und nach § 15 ist die Rechtsfolge nach Satz 1 unbeachtlich.</P><P>(5) Absatz 4 Satz 1 gilt nicht <DL Font="normal" Type="arabic"><DT>1.</DT><DD Font="normal"><LA Size="normal">für Abkömmlinge eines deutschen Staatsangehörigen, der die deutsche Staatsangehörigkeit nach Artikel 116 Absatz 2 des Grundgesetzes oder nach § 15 erworben hat, und</LA></DD><DT>2.</DT><DD Font="normal"><LA Size="normal">für Abkömmlinge eines deutschen Staatsangehörigen, wenn dieser ohne den Erwerb der deutschen Staatsangehörigkeit einen Anspruch nach Artikel 116 Absatz 2 des Grundgesetzes oder nach § 15 gehabt hätte.</LA></DD></DL></P></Content></text><fussnoten/></textdaten></norm>
<norm builddate="20250331224012" doknr="BJNR005830913BJNE000906377"><metadaten><jurabk>RuStAG</jurabk><jurabk>StAG</jurabk><enbez>§ 5</enbez></metadaten><textdaten><text format="XML"><Content><P>(1) Durch die Erklärung, deutsche Staatsangehörige werden zu wollen, erwerben die nach dem Inkrafttreten des Grundgesetzes geborenen <DL Font="normal" Type="arabic"><DT>1.</DT><DD Font="normal"><LA Size="normal">Kinder eines deutschen Elternteils, die durch Geburt nicht die deutsche Staatsangehörigkeit erworben haben,</LA></DD><DT>2.</DT><DD Font="normal"><LA Size="normal">Kinder einer Mutter, die vor der Kindesgeburt durch Eheschließung mit einem Ausländer die deutsche Staatsangehörigkeit verloren hat,</LA></DD><DT>3.</DT><DD Font="normal"><LA Size="normal">Kinder, die ihre durch Geburt erworbene deutsche Staatsangehörigkeit durch eine von einem Ausländer bewirkte und nach den deutschen Gesetzen wirksame Legitimation verloren haben, und</LA></DD><DT>4.</DT><DD Font="normal"><LA Size="normal">Abkömmlinge der Kinder nach Nummer 1 bis 3</LA></DD></DL>die deutsche Staatsangehörigkeit, wenn sie handlungsfähig nach § 34 Satz 1 oder gesetzlich vertreten sind, es sei denn, dass sie wegen einer oder mehrerer vorsätzlicher Straftaten rechtskräftig zu einer Freiheits- oder Jugendstrafe von zwei Jahren oder mehr verurteilt worden sind oder bei der letzten rechtskräftigen Verurteilung Sicherungsverwahrung angeordnet worden ist oder ein Ausschlussgrund nach § 11 vorliegt. § 4 Absatz 1 Satz 2, § 12a Absatz 2 bis 4, § 33 Absatz 5 und § 37 gelten entsprechend. Das Erklärungsrecht nach Satz 1 besteht auch, wenn unter denselben Voraussetzungen die Rechtsstellung nach Artikel 116 Absatz 1 des Grundgesetzes nicht erworben worden oder verloren gegangen ist.</P><P>(2) Erklärungsberechtigt nach Absatz 1 ist nicht, wer die deutsche Staatsangehörigkeit <DL Font="normal" Type="arabic"><DT>1.</DT><DD Font="normal"><LA Size="normal">nach seiner Geburt oder nach deren Verlust auf Grund einer nach den deutschen Gesetzen wirksamen Legitimation durch einen Ausländer besessen, aber wieder aufgegeben oder verloren oder ausgeschlagen hat oder nach deren Aufgabe, Verlust oder Ausschlagung als dessen Abkömmling geboren oder als Kind angenommen worden ist, oder</LA></DD><DT>2.</DT><DD Font="normal"><LA Size="normal">nach § 4 Absatz 4 Satz 2 in Verbindung mit Absatz 1 erwerben konnte, aber nicht erworben hat oder noch erwerben kann.</LA></DD></DL></P><P>(3) Das Erklärungsrecht nach Absatz 1 kann nur innerhalb von zehn Jahren nach Inkrafttreten dieses Gesetzes ausgeübt werden.</P><P>(4) Über den Erwerb der deutschen Staatsangehörigkeit durch Erklärung wird eine Urkunde ausgestellt.</P></Content></text><fussnoten/></textdaten></norm>
<norm builddate="20250331224012" doknr="BJNR005830913BJNE001003377"><metadaten><jurabk>RuStAG</jurabk><jurabk>StAG</jurabk><enbez>§ 6</enbez></metadaten><textdaten><text format="XML"><Content><P>Mit der nach den deutschen Gesetzen wirksamen Annahme als Kind durch einen Deutschen erwirbt das Kind, das im Zeitpunkt des Annahmeantrags das achtzehnte Lebensjahr noch nicht vollendet hat, die deutsche Staatsangehörigkeit. Der Erwerb der deutschen Staatsangehörigkeit erstreckt sich auf die Abkömmlinge des Kindes. Beruht die Annahme als Kind auf einer ausländischen Entscheidung, setzt der Erwerb der deutschen Staatsangehörigkeit voraus, dass das Eltern-Kind-Verhältnis des Kindes zu seinen bisherigen Eltern durch die Annahme erloschen ist und das Annahmeverhältnis einem nach den deutschen Sachvorschriften begründeten Annahmeverhältnis gleichsteht. Liegen die Voraussetzungen des Satzes 3 nicht vor und wird eine Umwandlung des Annahmeverhältnisses nach § 3 des Adoptionswirkungsgesetzes ausgesprochen, gilt Satz 1 entsprechend.</P></Content></text><fussnoten/></textdaten></norm>
<norm builddate="20250331224012" doknr="BJNR005830913BJNE001104377"><metadaten><jurabk>RuStAG</jurabk><jurabk>StAG</jurabk><enbez>§ 7</enbez></metadaten><textdaten><text format="XML"><Content><P>Spätaussiedler und die in den Aufnahmebescheid einbezogenen Familienangehörigen erwerben mit der Ausstellung der Bescheinigung nach § 15 Abs. 1 oder Abs. 2 des Bundesvertriebenengesetzes die deutsche Staatsangehörigkeit.</P></Content></text><fussnoten/></textdaten></norm>
<norm builddate="20250331224012" doknr="BJNR005830913BJNE001210377"><metadaten><jurabk>RuStAG</jurabk><jurabk>StAG</jurabk><enbez>§ 8</enbez></metadaten><textdaten><text format="XML"><Content><P>(1) Ein Ausländer, der rechtmäßig seinen gewöhnlichen Aufenthalt im Inland hat, kann auf seinen Antrag eingebürgert werden, wenn seine Identität und Staatsangehörigkeit geklärt sind und er <DL Font="normal" Type="arabic"><DT>1.</DT><DD Font="normal"><LA Size="normal">handlungsfähig nach § 34 Satz 1 oder gesetzlich vertreten ist,</LA></DD><DT>2.</DT><DD Font="normal"><LA Size="normal">weder wegen einer rechtswidrigen Tat zu einer Strafe verurteilt noch gegen ihn auf Grund seiner Schuldunfähigkeit eine Maßregel der Besserung und Sicherung angeordnet worden ist,</LA></DD><DT>3.</DT><DD Font="normal"><LA Size="normal">eine eigene Wohnung oder ein Unterkommen gefunden hat und</LA></DD><DT>4.</DT><DD Font="normal"><LA Size="normal">sich und seine Angehörigen zu ernähren imstande ist.</LA></DD></DL></P><P>(2) Von den Voraussetzungen des Absatzes 1 Nummer 2 und 4 kann aus Gründen des öffentlichen Interesses oder zur Vermeidung einer besonderen Härte abgesehen werden.</P></Content></text><fussnoten/></textdaten></norm>
<norm builddate="20250331224012" doknr="BJNR005830913BJNE001308377"><metadaten><jurabk>RuStAG</jurabk><jurabk>StAG</jurabk><enbez>§ 9</enbez></metadaten><textdaten><text format="XML"><Content><P>(1) Ehegatten oder eingetragene Lebenspartner Deutscher sollen unter den Voraussetzungen des § 10 Absatz 1 eingebürgert werden, wenn sie seit drei Jahren ihren rechtmäßigen gewöhnlichen Aufenthalt im Inland haben und die Ehe oder eingetragene Lebenspartnerschaft seit zwei Jahren besteht. Die Aufenthaltsdauer nach Satz 1 kann aus Gründen des öffentlichen Interesses verkürzt werden, wenn die Ehe oder eingetragene Lebenspartnerschaft seit drei Jahren besteht. Minderjährige Kinder von Ehegatten oder eingetragenen Lebenspartnern Deutscher können unter den Voraussetzungen des § 10 Absatz 1 mit eingebürgert werden, auch wenn sie sich noch nicht seit drei Jahren rechtmäßig im Inland aufhalten. § 10 Absatz 4, 4a, 5 und 6 gilt entsprechend.</P><P>(2) Die Regelung des Absatzes 1 gilt auch, wenn die Einbürgerung bis zum Ablauf eines Jahres nach dem Tod des deutschen Ehegatten oder eingetragenen Lebenspartners oder nach der Rechtskraft des die Ehe oder eingetragene Lebenspartnerschaft beendenden Beschlusses beantragt wird und der Antragsteller als sorgeberechtigter Elternteil mit einem minderjährigen Kind aus der Ehe oder eingetragenen Lebenspartnerschaft in einer familiären Gemeinschaft lebt, das bereits die deutsche Staatsangehörigkeit besitzt.</P></Content></text><fussnoten/></textdaten></norm>
<norm builddate="20250331224012" doknr="BJNR005830913BJNE004913377"><metadaten><jurabk>RuStAG</jurabk><jurabk>StAG</jurabk><enbez>§ 10</enbez></metadaten><textdaten><text format="XML"><Content><P>(1) Ein Ausländer, der seit fünf Jahren rechtmäßig seinen gewöhnlichen Aufenthalt im Inland hat und handlungsfähig nach § 34 Satz 1 oder gesetzlich vertreten ist, ist auf Antrag einzubürgern, wenn seine Identität und Staatsangehörigkeit geklärt sind und er <DL Font="normal" Type="arabic"><DT>1.</DT><DD Font="normal"><LA Size="normal">sich zur freiheitlichen demokratischen Grundordnung des Grundgesetzes für die Bundesrepublik Deutschland bekennt und erklärt, dass er keine Bestrebungen verfolgt oder unterstützt oder verfolgt oder unterstützt hat, die<DL Font="normal" Type="arabic"><DT>a)</DT><DD Font="normal"><LA Size="normal">gegen die freiheitliche demokratische Grundordnung, den Bestand oder die Sicherheit des Bundes oder eines Landes gerichtet sind oder</LA></DD><DT>b)</DT><DD Font="normal"><LA Size="normal">eine ungesetzliche Beeinträchtigung der Amtsführung der Verfassungsorgane des Bundes oder eines Landes oder ihrer Mitglieder zum Ziele haben oder</LA></DD><DT>c)</DT><DD Font="normal"><LA Size="normal">durch Anwendung von Gewalt oder darauf gerichtete Vorbereitungshandlungen auswärtige Belange der Bundesrepublik Deutschland gefährden,</LA></DD></DL></LA><LA Size="normal">oder glaubhaft macht, dass er sich von der früheren Verfolgung oder Unterstützung derartiger Bestrebungen abgewandt hat,</LA></DD><DT>1a.</DT><DD Font="normal"><LA Size="normal">sich zur besonderen historischen Verantwortung Deutschlands für die nationalsozialistische Unrechtsherrschaft und ihre Folgen, insbesondere für den Schutz jüdischen Lebens, sowie zum friedlichen Zusammenleben der Völker und dem Verbot der Führung eines Angriffskrieges bekennt,</LA></DD><DT>2.</DT><DD Font="normal"><LA Size="normal">ein unbefristetes Aufenthaltsrecht oder als Staatsangehöriger der Schweiz oder dessen Familienangehöriger eine Aufenthaltserlaubnis auf Grund des Abkommens vom 21. Juni 1999 zwischen der Europäischen Gemeinschaft und ihren Mitgliedstaaten einerseits und der Schweizerischen Eidgenossenschaft andererseits über die Freizügigkeit, eine Blaue Karte EU oder einen Aufenthaltstitel für andere als die in den §§ 16a, 16b, 16d, 16e, 16f, 17, 18f, 19, 19b, 19e, 20, 20a, 22, 23a, 24, 25 Absatz 3 bis 5 und § 104c des Aufenthaltsgesetzes aufgeführten Aufenthaltszwecke besitzt,</LA></DD><DT>3.</DT><DD Font="normal"><LA Size="normal">den Lebensunterhalt für sich und seine unterhaltsberechtigten Familienangehörigen ohne Inanspruchnahme von Leistungen nach dem Zweiten oder Zwölften Buch Sozialgesetzbuch bestreiten kann; von dieser Voraussetzung wird abgesehen, wenn der Ausländer <DL Font="normal" Type="alpha"><DT>a)</DT><DD Font="normal"><LA Size="normal">auf Grund eines Abkommens zur Anwerbung und Vermittlung von Arbeitskräften bis zum 30. Juni 1974 in das Gebiet der Bundesrepublik Deutschland nach dem Stand vom 2. Oktober 1990 oder als Vertragsarbeitnehmer bis zum 13. Juni 1990 in das in Artikel 3 des Einigungsvertrages genannte Gebiet eingereist oder als dessen Ehegatte im zeitlichen Zusammenhang nachgezogen ist und die Inanspruchnahme von Leistungen nach dem Zweiten oder Zwölften Buch Sozialgesetzbuch nicht zu vertreten hat,</LA></DD><DT>b)</DT><DD Font="normal"><LA Size="normal">in Vollzeit erwerbstätig ist und dies innerhalb der letzten 24 Monate mindestens 20 Monate war oder</LA></DD><DT>c)</DT><DD Font="normal"><LA Size="normal">als Ehegatte oder eingetragener Lebenspartner mit einer nach Maßgabe von Buchstabe b erwerbstätigen Person und einem minderjährigen Kind in familiärer Gemeinschaft lebt,</LA></DD></DL></LA></DD><DT>4.</DT><DD Font="normal"><LA Size="normal">(weggefallen)</LA></DD><DT>5.</DT><DD Font="normal"><LA Size="normal">weder wegen einer rechtswidrigen Tat zu einer Strafe verurteilt noch gegen ihn auf Grund seiner Schuldunfähigkeit eine Maßregel der Besserung und Sicherung angeordnet worden ist,</LA></DD><DT>6.</DT><DD Font="normal"><LA Size="normal">über ausreichende Kenntnisse der deutschen Sprache verfügt und</LA></DD><DT>7.</DT><DD Font="normal"><LA Size="normal">über Kenntnisse der Rechts- und Gesellschaftsordnung und der Lebensverhältnisse in Deutschland verfügt.</LA></DD></DL>Die Voraussetzungen nach Satz 1 Nummer 1 und 7 muss ein Ausländer nicht erfüllen, der nicht handlungsfähig nach § 34 Satz 1 ist. Antisemitisch, rassistisch oder sonstige menschenverachtend motivierte Handlungen sind mit der Menschenwürdegarantie des Grundgesetzes für die Bundesrepublik Deutschland unvereinbar und verstoßen gegen die freiheitliche demokratische Grundordnung im Sinne dieses Gesetzes.</P><P>(2) Der Ehegatte oder eingetragene Lebenspartner und die minderjährigen Kinder des Ausländers können nach Maßgabe des Absatzes 1 mit eingebürgert werden, auch wenn sie sich noch nicht seit fünf Jahren rechtmäßig im Inland aufhalten.</P><P>(3) Die Aufenthaltsdauer nach Absatz 1 Satz 1 kann auf bis zu drei Jahre verkürzt werden, wenn der Ausländer <DL Font="normal" Type="arabic"><DT>1.</DT><DD Font="normal"><LA Size="normal">besondere Integrationsleistungen, insbesondere besonders gute schulische, berufsqualifizierende oder berufliche Leistungen oder bürgerschaftliches Engagement nachweist,</LA></DD><DT>2.</DT><DD Font="normal"><LA Size="normal">die Voraussetzung des § 8 Absatz 1 Nummer 4 erfüllt und</LA></DD><DT>3.</DT><DD Font="normal"><LA Size="normal">die Anforderungen einer Sprachprüfung der Stufe C1 des Gemeinsamen Europäischen Referenzrahmens für Sprachen erfüllt.</LA></DD></DL></P><P>(3a) (weggefallen)</P><P>(4) Die Voraussetzungen des Absatzes 1 Satz 1 Nr. 6 liegen vor, wenn der Ausländer die Anforderungen einer Sprachprüfung der Stufe B 1 des Gemeinsamen Europäischen Referenzrahmens für Sprachen erfüllt. Bei einem minderjährigen Kind, das im Zeitpunkt der Einbürgerung das 16. Lebensjahr noch nicht vollendet hat, sind die Voraussetzungen des Absatzes 1 Satz 1 Nr. 6 bei einer altersgemäßen Sprachentwicklung erfüllt. Für einen Ausländer, der auf Grund eines Abkommens zur Anwerbung und Vermittlung von Arbeitskräften bis zum 30. Juni 1974 in das Gebiet der Bundesrepublik Deutschland nach dem Stand vom 2. Oktober 1990 oder als Vertragsarbeitnehmer bis zum 13. Juni 1990 in das in Artikel 3 des Einigungsvertrages genannte Gebiet eingereist oder als dessen Ehegatte im zeitlichen Zusammenhang nachgezogen ist, ist es zur Erfüllung der Voraussetzungen nach Absatz 1 Satz 1 Nummer 6 ausreichend, wenn er sich ohne nennenswerte Probleme im Alltagsleben in deutscher Sprache mündlich verständigen kann.</P><P>(4a) Zur Vermeidung einer Härte kann die Voraussetzung des Absatzes 1 Satz 1 Nummer 6 darauf beschränkt werden, dass sich der Ausländer ohne nennenswerte Probleme im Alltagsleben in deutscher Sprache mündlich verständigen kann, wenn er nachweist, dass ihm der Erwerb ausreichender Kenntnisse der deutschen Sprache nach Absatz 4 Satz 1 trotz ernsthafter und nachhaltiger Bemühungen nicht möglich ist oder dauerhaft wesentlich erschwert ist.</P><P>(5) Die Voraussetzungen des Absatzes 1 Satz 1 Nr. 7 sind in der Regel durch einen erfolgreichen Einbürgerungstest nachgewiesen. Zur Vorbereitung darauf werden Einbürgerungskurse angeboten; die Teilnahme daran ist nicht verpflichtend.</P><P>(6) Von den Voraussetzungen des Absatzes 1 Satz 1 Nr. 6 und 7 wird abgesehen, wenn der Ausländer sie wegen einer körperlichen, geistigen oder seelischen Krankheit oder Behinderung oder altersbedingt nicht erfüllen kann. Von der Voraussetzung des Absatzes 1 Satz 1 Nummer 7 wird ferner in den Fällen des Absatzes 4 Satz 3 und des Absatzes 4a abgesehen.</P><P>(7) Das Bundesministerium des Innern, für Bau und Heimat wird ermächtigt, die Prüfungs- und Nachweismodalitäten des Einbürgerungstests sowie die Grundstruktur und die Lerninhalte des Einbürgerungskurses nach Absatz 5 auf der Basis der Themen des Orientierungskurses nach § 43 Abs. 3 Satz 1 des Aufenthaltsgesetzes durch Rechtsverordnung, die nicht der Zustimmung des Bundesrates bedarf, zu regeln.</P></Content></text><fussnoten><Content><P>(+++ § 10 Abs. 1: Zur Anwendung vgl. § 40a +++)</P></Content></fussnoten></textdaten></norm>
<norm builddate="20250331224012" doknr="BJNR005830913BJNE005004377"><metadaten><jurabk>RuStAG</jurabk><jurabk>StAG</jurabk><enbez>§ 11</enbez></metadaten><textdaten><text format="XML"><Content><P>Die Einbürgerung ist ausgeschlossen, wenn <DL Font="normal" Type="arabic"><DT>1.</DT><DD Font="normal"><LA Size="normal">tatsächliche Anhaltspunkte die Annahme rechtfertigen, dass der Ausländer Bestrebungen verfolgt oder unterstützt oder verfolgt oder unterstützt hat, die gegen die freiheitliche demokratische Grundordnung, den Bestand oder die Sicherheit des Bundes oder eines Landes gerichtet sind oder eine ungesetzliche Beeinträchtigung der Amtsführung der Verfassungsorgane des Bundes oder eines Landes oder ihrer Mitglieder zum Ziele haben oder die durch die Anwendung von Gewalt oder darauf gerichtete Vorbereitungshandlungen auswärtige Belange der Bundesrepublik Deutschland gefährden, es sei denn, der Ausländer macht glaubhaft, dass er sich von der früheren Verfolgung oder Unterstützung derartiger Bestrebungen abgewandt hat,</LA></DD><DT>1a.</DT><DD Font="normal"><LA Size="normal">tatsächliche Anhaltspunkte die Annahme rechtfertigen, dass das Bekenntnis, das der Ausländer nach § 10 Absatz 1 Satz 1 Nummer 1 oder nach Nummer 1a abgegeben hat, inhaltlich unrichtig ist,</LA></DD><DT>2.</DT><DD Font="normal"><LA Size="normal">nach § 54 Absatz 1 Nummer 2 oder 4 des Aufenthaltsgesetzes ein besonders schwerwiegendes Ausweisungsinteresse vorliegt oder</LA></DD><DT>3.</DT><DD Font="normal"><LA Size="normal">der Ausländer <DL Font="normal" Type="alpha"><DT>a)</DT><DD Font="normal"><LA Size="normal">gleichzeitig mit mehreren Ehegatten verheiratet ist oder</LA></DD><DT>b)</DT><DD Font="normal"><LA Size="normal">durch sein Verhalten zeigt, dass er die im Grundgesetz festgelegte Gleichberechtigung von Mann und Frau missachtet.</LA></DD></DL></LA></DD></DL>Satz 1 Nr. 2 gilt entsprechend für Ausländer im Sinne des § 1 Abs. 2 des Aufenthaltsgesetzes und auch für Staatsangehörige der Schweiz und deren Familienangehörige, die eine Aufenthaltserlaubnis auf Grund des Abkommens vom 21. Juni 1999 zwischen der Europäischen Gemeinschaft und ihren Mitgliedstaaten einerseits und der Schweizerischen Eidgenossenschaft andererseits über die Freizügigkeit besitzen.</P></Content></text><fussnoten/></textdaten></norm>
<norm builddate="20250331224012" doknr="BJNR005830913BJNE005102377"><metadaten><jurabk>RuStAG</jurabk><jurabk>StAG</jurabk><enbez>§ 12</enbez><titel format="XML">(weggefallen)</titel></metadaten><textdaten><text format="XML"><Content/></text><fussnoten/></textdaten></norm>
<norm builddate="20250331224012" doknr="BJNR005830913BJNE005203377"><metadaten><jurabk>RuStAG</jurabk><jurabk>StAG</jurabk><enbez>§ 12a</enbez></metadaten><textdaten><text format="XML"><Content><P>(1) Bei der Einbürgerung bleiben außer Betracht: <DL Font="normal" Type="arabic"><DT>1.</DT><DD Font="normal"><LA Size="normal">die Verhängung von Erziehungsmaßregeln oder Zuchtmitteln nach dem Jugendgerichtsgesetz,</LA></DD><DT>2.</DT><DD Font="normal"><LA Size="normal">Verurteilungen zu Geldstrafe bis zu 90 Tagessätzen und</LA></DD><DT>3.</DT><DD Font="normal"><LA Size="normal">Verurteilungen zu Freiheitsstrafe bis zu drei Monaten, die zur Bewährung ausgesetzt und nach Ablauf der Bewährungszeit erlassen worden ist.</LA></DD></DL>Satz 1 findet keine Anwendung, wenn der Ausländer wegen einer rechtswidrigen antisemitischen, rassistischen oder sonstigen menschenverachtenden Tat im Sinne von § 46 Absatz 2 Satz 2 des Strafgesetzbuches zu einer Freiheits-, Geld- oder Jugendstrafe verurteilt und ein solcher Beweggrund im Rahmen des Urteils festgestellt worden ist. Bei mehreren Verurteilungen zu Geld- oder Freiheitsstrafen im Sinne des Satzes 1 Nr. 2 und 3 sind diese zusammenzuzählen, es sei denn, es wird eine niedrigere Gesamtstrafe gebildet; treffen Geld- und Freiheitsstrafe zusammen, entspricht ein Tagessatz einem Tag Freiheitsstrafe. Übersteigt die Strafe oder die Summe der Strafen geringfügig den Rahmen nach den Sätzen 1 und 3, so wird im Einzelfall entschieden, ob diese außer Betracht bleiben kann. Ist eine Maßregel der Besserung und Sicherung nach § 61 Nr. 5 oder 6 des Strafgesetzbuches angeordnet worden, so wird im Einzelfall entschieden, ob die Maßregel der Besserung und Sicherung außer Betracht bleiben kann.</P><P>(2) Ausländische Verurteilungen zu Strafen sind zu berücksichtigen, wenn die Tat im Inland als strafbar anzusehen ist, die Verurteilung in einem rechtsstaatlichen Verfahren ausgesprochen worden ist und das Strafmaß verhältnismäßig ist. Eine solche Verurteilung kann nicht mehr berücksichtigt werden, wenn sie nach dem Bundeszentralregistergesetz zu tilgen wäre. Absatz 1 gilt entsprechend.</P><P>(3) Wird gegen einen Ausländer, der die Einbürgerung beantragt hat, wegen des Verdachts einer Straftat ermittelt, ist die Entscheidung über die Einbürgerung bis zum Abschluss des Verfahrens, im Falle der Verurteilung bis zum Eintritt der Rechtskraft des Urteils auszusetzen. Das Gleiche gilt, wenn die Verhängung der Jugendstrafe nach § 27 des Jugendgerichtsgesetzes ausgesetzt ist.</P><P>(4) Im Ausland erfolgte Verurteilungen und im Ausland anhängige Ermittlungs- und Strafverfahren sind im Einbürgerungsantrag aufzuführen.</P></Content></text><fussnoten/></textdaten></norm>
<norm builddate="20250331224012" doknr="BJNR005830913BJNE005302377"><metadaten><jurabk>RuStAG</jurabk><jurabk>StAG</jurabk><enbez>§ 12b</enbez></metadaten><textdaten><text format="XML"><Content><P>(1) Der gewöhnliche Aufenthalt im Inland wird durch Aufenthalte bis zu sechs Monaten im Ausland nicht unterbrochen. Bei längeren Auslandsaufenthalten besteht er fort, wenn der Ausländer innerhalb der von der Ausländerbehörde bestimmten Frist wieder eingereist ist. Gleiches gilt, wenn die Frist lediglich wegen Erfüllung der gesetzlichen Wehrpflicht im Herkunftsstaat überschritten wird und der Ausländer innerhalb von drei Monaten nach der Entlassung aus dem Wehr- oder Ersatzdienst wieder einreist. Anstelle von Satz 1 bis 3 gilt für Staatsangehörige eines anderen Mitgliedstaates der Europäischen Union, für Staatsangehörige der EWR-Staaten, für ihre jeweiligen Familienangehörigen und für die ihnen jeweils nahestehenden Personen mit einem Aufenthaltsrecht nach § 3a des Freizügigkeitsgesetzes/EU sowie für Personen, die ein unionsrechtliches Aufenthaltsrecht nach § 12a des Freizügigkeitsgesetzes/EU besitzen, und Personen mit einem in § 16 des Freizügigkeitsgesetzes/EU bezeichneten Aufenthaltsrecht, § 4a Absatz 6 des Freizügigkeitsgesetzes/EU entsprechend. Der gewöhnliche Aufenthalt im Inland besteht abweichend von den Sätzen 1 bis 4 in der Regel nicht mehr fort, wenn die Auslandsaufenthalte die Hälfte der Aufenthaltsdauer, die im Fall des § 4 Absatz 3 Satz 1 Nummer 1 oder für eine Einbürgerung jeweils erforderlich ist, überschreiten.</P><P>(2) Hat der Ausländer sich länger als sechs Monate im Ausland aufgehalten und liegt keine der Voraussetzungen des Absatzes 1 Satz 2 bis 4 vor, kann die frühere Aufenthaltszeit im Inland bis zu drei Jahren auf die für die Einbürgerung erforderliche Aufenthaltsdauer angerechnet werden. Dies gilt entsprechend im Fall des Absatzes 1 Satz 5.</P><P>(3) Unterbrechungen der Rechtmäßigkeit des Aufenthalts bleiben außer Betracht, wenn sie darauf beruhen, dass der Ausländer nicht rechtzeitig die erstmals erforderliche Erteilung oder die Verlängerung des Aufenthaltstitels beantragt hat. Für Unterbrechungen der Rechtmäßigkeit des Aufenthalts aus anderen Gründen gilt Absatz 2 entsprechend.</P></Content></text><fussnoten/></textdaten></norm>
<norm builddate="20250331224012" doknr="BJNR005830913BJNE001605377"><metadaten><jurabk>RuStAG</jurabk><jurabk>StAG</jurabk><enbez>§ 13</enbez></metadaten><textdaten><text format="XML"><Content><P>Ein ehemaliger Deutscher und seine minderjährigen Kinder, die ihren gewöhnlichen Aufenthalt im Ausland haben, können auf Antrag eingebürgert werden, wenn ihre Identität und Staatsangehörigkeit geklärt sind und sie die Voraussetzungen des § 8 Absatz 1 Nummer 1 und 2 erfüllen.</P></Content></text><fussnoten/></textdaten></norm>
<norm builddate="20250331224012" doknr="BJNR005830913BJNE001704377"><metadaten><jurabk>RuStAG</jurabk><jurabk>StAG</jurabk><enbez>§ 14</enbez></metadaten><textdaten><text format="XML"><Content><P>Ein Ausländer, der seinen gewöhnlichen Aufenthalt im Ausland hat, kann unter den Voraussetzungen des § 8 eingebürgert werden, wenn Bindungen an Deutschland bestehen, die eine Einbürgerung rechtfertigen. Ist der Ausländer Ehegatte oder eingetragener Lebenspartner eines Deutschen, kann er nach Satz 1 auch eingebürgert werden, wenn der Auslandsaufenthalt eines der Ehegatten oder eingetragenen Lebenspartner im öffentlichen Interesse liegt.</P></Content></text><fussnoten/></textdaten></norm>
<norm builddate="20250331224012" doknr="BJNR005830913BJNE001805377"><metadaten><jurabk>RuStAG</jurabk><jurabk>StAG</jurabk><enbez>§ 15</enbez></metadaten><textdaten><text format="XML"><Content><P>Personen, die im Zusammenhang mit Verfolgungsmaßnahmen aus den in Artikel 116 Absatz 2 Satz 1 des Grundgesetzes aufgeführten Gründen in der Zeit vom 30. Januar 1933 bis zum 8. Mai 1945 <DL Font="normal" Type="arabic"><DT>1.</DT><DD Font="normal"><LA Size="normal">die deutsche Staatsangehörigkeit vor dem 26. Februar 1955 aufgegeben oder verloren haben,</LA></DD><DT>2.</DT><DD Font="normal"><LA Size="normal">von einem gesetzlichen Erwerb der deutschen Staatsangehörigkeit durch Eheschließung, Legitimation oder Sammeleinbürgerung deutscher Volkszugehöriger ausgeschlossen waren,</LA></DD><DT>3.</DT><DD Font="normal"><LA Size="normal">nach Antragstellung nicht eingebürgert worden sind oder allgemein von einer Einbürgerung, die bei einer Antragstellung sonst möglich gewesen wäre, ausgeschlossen waren oder</LA></DD><DT>4.</DT><DD Font="normal"><LA Size="normal">ihren gewöhnlichen Aufenthalt in Deutschland, wenn dieser bereits vor dem 30. Januar 1933 oder als Kind auch nach diesem Zeitpunkt begründet worden war, aufgegeben oder verloren haben,</LA></DD></DL>und ihre Abkömmlinge sind auf Antrag einzubürgern, wenn sie handlungsfähig nach § 34 Satz 1 oder gesetzlich vertreten sind, es sei denn, dass sie wegen einer oder mehrerer vorsätzlicher Straftaten rechtskräftig zu einer Freiheits- oder Jugendstrafe von zwei Jahren oder mehr verurteilt worden sind oder bei der letzten rechtskräftigen Verurteilung Sicherungsverwahrung angeordnet worden ist; § 12a Absatz 1 findet keine Anwendung. Einbürgerungsberechtigt nach Satz 1 ist nicht, wer nach dem 8. Mai 1945 die deutsche Staatsangehörigkeit bereits erworben, aber wieder aufgegeben oder verloren hat, oder nach deren Aufgabe oder Verlust als dessen Abkömmling geboren oder als Kind angenommen worden ist. Dem Einbürgerungsanspruch steht der Verlust der nach dem 8. Mai 1945 erworbenen deutschen Staatsangehörigkeit nicht entgegen, wenn dieser durch die Eheschließung mit einem Ausländer oder eine nach den deutschen Gesetzen wirksame Legitimation durch einen Ausländer eingetreten ist.</P></Content></text><fussnoten/></textdaten></norm>
<norm builddate="20250331224012" doknr="BJNR005830913BJNE001903377"><metadaten><jurabk>RuStAG</jurabk><jurabk>StAG</jurabk><enbez>§ 16</enbez></metadaten><textdaten><text format="XML"><Content><P>Die Einbürgerung wird wirksam mit der Aushändigung der von der zuständigen Staatsangehörigkeitsbehörde ausgefertigten Einbürgerungsurkunde. Vor der Aushändigung ist folgendes feierliches Bekenntnis abzugeben: &quot;Ich erkläre feierlich, dass ich das Grundgesetz und die Gesetze der Bundesrepublik Deutschland achten und alles unterlassen werde, was ihr schaden könnte.&quot;; § 10 Abs. 1 Satz 2 gilt entsprechend. Die Einbürgerungsurkunde soll im Rahmen einer öffentlichen Einbürgerungsfeier ausgehändigt werden.</P></Content></text><fussnoten/></textdaten></norm>
<norm builddate="20250331224012" doknr="BJNR005830913BJNE002004377"><metadaten><jurabk>RuStAG</jurabk><jurabk>StAG</jurabk><enbez>§ 17</enbez></metadaten><textdaten><text format="XML"><Content><P>(1) Die deutsche Staatsangehörigkeit geht verloren <DL Font="normal" Type="arabic"><DT>1.</DT><DD Font="normal"><LA Size="normal">durch Verzicht (§ 26),</LA></DD><DT>2.</DT><DD Font="normal"><LA Size="normal">durch Eintritt in die Streitkräfte oder einen vergleichbaren bewaffneten Verband eines ausländischen Staates oder durch konkrete Beteiligung an Kampfhandlungen einer terroristischen Vereinigung im Ausland (§ 28) oder</LA></DD><DT>3.</DT><DD Font="normal"><LA Size="normal">durch Rücknahme eines rechtswidrigen Verwaltungsaktes (§ 35).</LA></DD></DL></P><P>(2) Die deutsche Staatsangehörigkeit verliert auch ein Kind, rückwirkend zum Zeitpunkt des Erwerbs nach § 4 Absatz 1, 2 oder Absatz 3 Satz 1 oder nach § 6, wenn die Voraussetzungen für diesen Erwerb nicht mehr erfüllt sind. Die Rechtsfolge nach Satz 1 tritt ein, wenn <DL Font="normal" Type="arabic"><DT>1.</DT><DD Font="normal"><LA Size="normal">die rückwirkende Entscheidung unanfechtbar ist über <DL Font="normal" Type="alpha"><DT>a)</DT><DD Font="normal"><LA Size="normal">eine nach den deutschen Gesetzen wirksame Feststellung des Nichtbestehens der Vaterschaft,</LA></DD><DT>b)</DT><DD Font="normal"><LA Size="normal">den Wegfall des in § 4 Absatz 3 Satz 1 Nummer 2 aufgeführten Aufenthaltsrechts des Elternteils, der für den Erwerb der deutschen Staatsangehörigkeit des Kindes maßgeblich ist,</LA></DD><DT>c)</DT><DD Font="normal"><LA Size="normal">die Unwirksamkeit der Annahme als Kind oder</LA></DD><DT>d)</DT><DD Font="normal"><LA Size="normal">den Verlust der deutschen Staatsangehörigkeit eines Elternteils nach § 35 Absatz 6</LA></DD></DL>oder</LA></DD><DT>2.</DT><DD Font="normal"><LA Size="normal">eine nach den deutschen Gesetzen wirksame Anerkennung der Vaterschaft eines Dritten, die das rückwirkende Nichtbestehen der bisherigen Vaterschaft zur Folge hat, wirksam wird oder</LA></DD><DT>3.</DT><DD Font="normal"><LA Size="normal">der Beweis des Gegenteils nach § 4 Absatz 2 erbracht ist.</LA></DD></DL>Die deutsche Staatsangehörigkeit geht nicht verloren, wenn das Kind <DL Font="normal" Type="arabic"><DT>1.</DT><DD Font="normal"><LA Size="normal">bei der Unanfechtbarkeit der Entscheidung, dem Wirksamwerden der Anerkennung der Vaterschaft eines Dritten oder dem Beweis des Gegenteils nach Satz 2 das fünfte Lebensjahr bereits vollendet hat,</LA></DD><DT>2.</DT><DD Font="normal"><LA Size="normal">mit einem deutschen Elternteil verwandt bleibt,</LA></DD><DT>3.</DT><DD Font="normal"><LA Size="normal">sonst die deutsche Staatsangehörigkeit nach § 4 Absatz 3 Satz 1 erworben hätte oder</LA></DD><DT>4.</DT><DD Font="normal"><LA Size="normal">sonst staatenlos würde.</LA></DD></DL></P></Content></text><fussnoten/></textdaten></norm>
<norm builddate="20250331224012" doknr="BJNR005830913BJNE002103377"><metadaten><jurabk>RuStAG</jurabk><jurabk>StAG</jurabk><enbez>(XXXX) §§ 18 und 19</enbez><titel format="XML">(weggefallen)</titel></metadaten><textdaten><text format="XML"><Content/></text><fussnoten/></textdaten></norm>
<norm builddate="20250331224012" doknr="BJNR005830913BJNE002301315"><metadaten><jurabk>RuStAG</jurabk><jurabk>StAG</jurabk><enbez>(XXXX) §§ 20 und 21</enbez><titel format="XML">(weggefallen)</titel></metadaten><textdaten><text format="XML"><Content><P/></Content></text><fussnoten/></textdaten></norm>
<norm builddate="20250331224012" doknr="BJNR005830913BJNE002404377"><metadaten><jurabk>RuStAG</jurabk><jurabk>StAG</jurabk><enbez>(XXXX) §§ 22 und 23</enbez><titel format="XML">(weggefallen)</titel></metadaten><textdaten><text format="XML"><Content/></text><fussnoten/></textdaten></norm>
<norm builddate="20250331224012" doknr="BJNR005830913BJNE002601315"><metadaten><jurabk>RuStAG</jurabk><jurabk>StAG</jurabk><enbez>§ 24</enbez></metadaten><textdaten><text format="XML"><Content><P>Die Entlassung gilt als nicht erfolgt, wenn der Entlassene die ihm zugesicherte ausländische Staatsangehörigkeit nicht innerhalb eines Jahres nach der Aushändigung der Entlassungsurkunde erworben hat.</P></Content></text><fussnoten/></textdaten></norm>
<norm builddate="20250331224012" doknr="BJNR005830913BJNE002705377"><metadaten><jurabk>RuStAG</jurabk><jurabk>StAG</jurabk><enbez>§ 25</enbez><titel format="XML">(weggefallen)</titel></metadaten><textdaten><text format="XML"><Content/></text><fussnoten/></textdaten></norm>
<norm builddate="20250331224012" doknr="BJNR005830913BJNE002803377"><metadaten><jurabk>RuStAG</jurabk><jurabk>StAG</jurabk><enbez>§ 26</enbez></metadaten><textdaten><text format="XML"><Content><P>(1) Ein Deutscher kann auf seine Staatsangehörigkeit verzichten, wenn er mehrere Staatsangehörigkeiten besitzt. Der Verzicht ist schriftlich zu erklären.</P><P>(2) Die Verzichtserklärung bedarf der Genehmigung der zuständigen Staatsangehörigkeitsbehörde. Die Genehmigung ist zu versagen: <DL Font="normal" Type="arabic"><DT>1.</DT><DD Font="normal"><LA Size="normal">Beamten, Richtern, Soldaten der Bundeswehr und sonstigen Personen, die in einem öffentlich-rechtlichen Dienst- oder Amtsverhältnis stehen, solange ihr Dienst- oder Amtsverhältnis nicht beendet ist, mit Ausnahme der ehrenamtlich tätigen Personen,</LA></DD><DT>2.</DT><DD Font="normal"><LA Size="normal">Wehrpflichtigen, solange nicht das Bundesministerium der Verteidigung oder die von ihm bezeichnete Stelle erklärt hat, dass keine Bedenken gegen die Genehmigung der Verzichtserklärung bestehen.</LA></DD></DL>Satz 2 findet keine Anwendung, wenn der Verzichtende <DL Font="normal" Type="arabic"><DT>1.</DT><DD Font="normal"><LA Size="normal">seit mindestens zehn Jahren seinen gewöhnlichen Aufenthalt im Ausland hat oder</LA></DD><DT>2.</DT><DD Font="normal"><LA Size="normal">als Wehrpflichtiger im Sinne des Satzes 2 Nummer 2 in einem der Staaten, deren Staatsangehörigkeit er besitzt, Wehrdienst geleistet hat.</LA></DD></DL></P><P>(3) Der Verlust der Staatsangehörigkeit tritt ein mit der Aushändigung der von der zuständigen Staatsangehörigkeitsbehörde ausgefertigten Verzichtsurkunde.</P><P>(4) Der Verzicht eines volljährigen Deutschen, der nach Maßgabe des Bürgerlichen Gesetzbuches geschäftsunfähig ist oder für den in dieser Angelegenheit ein Betreuer bestellt und ein Einwilligungsvorbehalt nach § 1825 des Bürgerlichen Gesetzbuches angeordnet ist, kann nur von einer vertretungsberechtigten Person und nur mit Genehmigung des deutschen Betreuungsgerichts erklärt werden. Der Verzicht eines minderjährigen Deutschen kann nur von seinem gesetzlichen Vertreter und nur mit Genehmigung des deutschen Familiengerichts erklärt werden. Ist der Minderjährige handlungsfähig nach § 34 Satz 1, bedarf die Verzichtserklärung seiner Zustimmung.</P></Content></text><fussnoten/></textdaten></norm>
<norm builddate="20250331224012" doknr="BJNR005830913BJNE002904377"><metadaten><jurabk>RuStAG</jurabk><jurabk>StAG</jurabk><enbez>§ 27</enbez><titel format="XML">(weggefallen)</titel></metadaten><textdaten><text format="XML"><Content/></text><fussnoten/></textdaten></norm>
<norm builddate="20250331224012" doknr="BJNR005830913BJNE003803377"><metadaten><jurabk>RuStAG</jurabk><jurabk>StAG</jurabk><enbez>§ 28</enbez></metadaten><textdaten><text format="XML"><Content><P>(1) Ein Deutscher, der <DL Font="normal" Type="arabic"><DT>1.</DT><DD Font="normal"><LA Size="normal">auf Grund freiwilliger Verpflichtung ohne eine Zustimmung des Bundesministeriums der Verteidigung oder der von ihm bezeichneten Stelle in die Streitkräfte oder einen vergleichbaren bewaffneten Verband eines ausländischen Staates, dessen Staatsangehörigkeit er besitzt, eintritt oder</LA></DD><DT>2.</DT><DD Font="normal"><LA Size="normal">sich an Kampfhandlungen einer terroristischen Vereinigung im Ausland konkret beteiligt,</LA></DD></DL>verliert die deutsche Staatsangehörigkeit, es sei denn, er würde sonst staatenlos.</P><P>(2) Der Verlust nach Absatz 1 tritt nicht ein, <DL Font="normal" Type="arabic"><DT>1.</DT><DD Font="normal"><LA Size="normal">wenn der Deutsche noch minderjährig ist oder,</LA></DD><DT>2.</DT><DD Font="normal"><LA Size="normal">im Falle des Absatzes 1 Nummer 1, wenn der Deutsche auf Grund eines zwischenstaatlichen Vertrages zum Eintritt in die Streitkräfte oder in den bewaffneten Verband berechtigt ist.</LA></DD></DL></P><P>(3) Der Verlust ist im Falle des Absatzes 1 Nummer 2 nach § 30 Absatz 1 Satz 3 von Amts wegen festzustellen. Die Feststellung trifft bei gewöhnlichem Aufenthalt des Betroffenen im Inland die oberste Landesbehörde oder die von ihr nach Landesrecht bestimmte Behörde. Befindet sich der Betroffene noch im Ausland, findet gegen die Verlustfeststellung kein Widerspruch statt; die Klage hat keine aufschiebende Wirkung.</P></Content></text><fussnoten/></textdaten></norm>
<norm builddate="20250331224012" doknr="BJNR005830913BJNE003906377"><metadaten><jurabk>RuStAG</jurabk><jurabk>StAG</jurabk><enbez>§ 29</enbez><titel format="XML">(weggefallen)</titel></metadaten><textdaten><text format="XML"><Content/></text><fussnoten/></textdaten></norm>
<norm builddate="20250331224012" doknr="BJNR005830913BJNE005602377"><metadaten><jurabk>RuStAG</jurabk><jurabk>StAG</jurabk><enbez>§ 30</enbez></metadaten><textdaten><text format="XML"><Content><P>(1) Das Bestehen oder Nichtbestehen der deutschen Staatsangehörigkeit wird bei Glaubhaftmachung eines berechtigten Interesses auf Antrag von der Staatsangehörigkeitsbehörde festgestellt. Die Feststellung ist in allen Angelegenheiten verbindlich, für die das Bestehen oder Nichtbestehen der deutschen Staatsangehörigkeit rechtserheblich ist. Bei Vorliegen eines öffentlichen Interesses kann die Feststellung auch von Amts wegen erfolgen. Das Nichtbestehen der deutschen Staatsangehörigkeit darf bei Vorliegen der Voraussetzungen für einen gesetzlichen Verlust der deutschen Staatsangehörigkeit, der zugleich den Verlust der Unionsbürgerschaft zur Folge hätte, nur dann festgestellt werden, wenn der Verlust auch der Unionsbürgerschaft verhältnismäßig ist. Dies gilt nicht, wenn kein Antrag zur Abwendung des gesetzlichen Verlusts der deutschen Staatsangehörigkeit gestellt oder einem solchen Antrag nicht entsprochen worden ist.</P><P>(2) Für die Feststellung des Bestehens der deutschen Staatsangehörigkeit ist es erforderlich, aber auch ausreichend, wenn durch Urkunden, Auszüge aus den Melderegistern oder andere schriftliche Beweismittel mit hinreichender Wahrscheinlichkeit nachgewiesen ist, dass die deutsche Staatsangehörigkeit erworben worden und danach nicht wieder verloren gegangen ist. § 3 Abs. 2 bleibt unberührt.</P><P>(3) Wird das Bestehen der deutschen Staatsangehörigkeit auf Antrag festgestellt, stellt die Staatsangehörigkeitsbehörde einen Staatsangehörigkeitsausweis aus. Auf Antrag stellt die Staatsangehörigkeitsbehörde eine Bescheinigung über das Nichtbestehen der deutschen Staatsangehörigkeit aus.</P></Content></text><fussnoten/></textdaten></norm>
<norm builddate="20250331224012" doknr="BJNR005830913BJNE005703377"><metadaten><jurabk>RuStAG</jurabk><jurabk>StAG</jurabk><enbez>§ 31</enbez></metadaten><textdaten><text format="XML"><Content><P>Staatsangehörigkeitsbehörden und Auslandsvertretungen dürfen personenbezogene Daten verarbeiten, soweit dies zur Erfüllung ihrer Aufgaben nach diesem Gesetz oder nach staatsangehörigkeitsrechtlichen Bestimmungen in anderen Gesetzen erforderlich ist. Personenbezogene Daten, deren Verarbeitung nach Artikel 9 Absatz 1 der Verordnung (EU) 2016/679 des Europäischen Parlaments und des Rates vom 27. April 2016 zum Schutz natürlicher Personen bei der Verarbeitung personenbezogener Daten, zum freien Datenverkehr und zur Aufhebung der Richtlinie 95/46/EG (Datenschutz-Grundverordnung) (ABl. L 119 vom 4.5.2016, S. 1; L 314 vom 22.11.2016, S. 72; L 127 vom 23.5.2018, S. 2) in der jeweils geltenden Fassung untersagt ist, dürfen verarbeitet werden, soweit die personenbezogenen Daten nach § 37 Satz 2 zur Ermittlung von Ausschlussgründen nach § 11 Satz 1 Nummer 1 oder 2 von den Verfassungsschutzbehörden an die Staatsangehörigkeitsbehörden übermittelt worden sind oder die Verarbeitung sonst im Einzelfall zur Aufgabenerfüllung erforderlich ist. Dies gilt im Rahmen der Entscheidung über die Staatsangehörigkeit nach Artikel 116 Absatz 2 des Grundgesetzes auch in Bezug auf Daten, die sich auf die politischen, rassischen oder religiösen Gründe beziehen, wegen derer zwischen dem 30. Januar 1933 und dem 8. Mai 1945 die deutsche Staatsangehörigkeit entzogen worden ist. Satz 3 gilt für Einbürgerungsverfahren nach § 15 entsprechend.</P></Content></text><fussnoten/></textdaten></norm>
<norm builddate="20250331224012" doknr="BJNR005830913BJNE005802377"><metadaten><jurabk>RuStAG</jurabk><jurabk>StAG</jurabk><enbez>§ 32</enbez></metadaten><textdaten><text format="XML"><Content><P>(1) Öffentliche Stellen haben den in § 31 genannten Stellen auf Ersuchen personenbezogene Daten zu übermitteln, soweit die Kenntnis dieser Daten zur Erfüllung der in § 31 genannten Aufgaben erforderlich ist. Öffentliche Stellen haben der zuständigen Staatsangehörigkeitsbehörde diese Daten auch ohne Ersuchen zu übermitteln, soweit die Übermittlung aus Sicht der öffentlichen Stelle für die Entscheidung der Staatsangehörigkeitsbehörde über ein anhängiges Einbürgerungsverfahren oder den Verlust oder Nichterwerb der deutschen Staatsangehörigkeit erforderlich ist. Dies gilt bei Einbürgerungsverfahren insbesondere für die den Ausländerbehörden nach § 87 Absatz 4 des Aufenthaltsgesetzes bekannt gewordenen Daten über die Einleitung von Straf- und Auslieferungsverfahren sowie die Erledigung von Straf-, Bußgeld- und Auslieferungsverfahren. Die Daten nach Satz 3 sind unverzüglich an die zuständige Staatsangehörigkeitsbehörde zu übermitteln.</P><P>(2) Die Übermittlung personenbezogener Daten nach Absatz 1 unterbleibt, soweit besondere gesetzliche Verarbeitungsregelungen entgegenstehen.</P></Content></text><fussnoten/></textdaten></norm>
<norm builddate="20250331224012" doknr="BJNR005830913BJNE006100377"><metadaten><jurabk>RuStAG</jurabk><jurabk>StAG</jurabk><enbez>§ 32a</enbez></metadaten><textdaten><text format="XML"><Content><P>§ 88 Absatz 3 Satz 1 des Aufenthaltsgesetzes gilt für Einbürgerungsverfahren entsprechend.</P></Content></text><fussnoten/></textdaten></norm>
<norm builddate="20250331224012" doknr="BJNR005830913BJNE006500377"><metadaten><jurabk>RuStAG</jurabk><jurabk>StAG</jurabk><enbez>§ 32b</enbez></metadaten><textdaten><text format="XML"><Content><P>In den Fällen einer rechtskräftigen Verurteilung nach den §§ 86, 86a, 102, 104, 111, 125, 126, 126a, 130, 140, 166, 185 bis 189, 192a, 223, 224, 240, 241, 303, 304 und 306 bis 306c des Strafgesetzbuches, die sonst nach § 12a Absatz 1 Satz 1 bei der Einbürgerung außer Betracht bleiben würde, ersucht die Staatsangehörigkeitsbehörde zur Feststellung der Voraussetzungen des § 12a Absatz 1 Satz 2 die zuständige Staatsanwaltschaft um Mitteilung, ob im Rahmen des Urteils antisemitische, rassistische oder sonstige menschenverachtende Beweggründe im Sinne von § 46 Absatz 2 Satz 2 des Strafgesetzbuches festgestellt worden sind oder nicht. Die zuständige Staatsanwaltschaft teilt dies der ersuchenden Staatsangehörigkeitsbehörde unverzüglich mit.</P></Content></text><fussnoten/></textdaten></norm>
<norm builddate="20250331224012" doknr="BJNR005830913BJNE005904377"><metadaten><jurabk>RuStAG</jurabk><jurabk>StAG</jurabk><enbez>§ 33</enbez></metadaten><textdaten><text format="XML"><Content><P>(1) Das Bundesverwaltungsamt (Registerbehörde) führt ein Register der Entscheidungen in Staatsangehörigkeitsangelegenheiten. In das Register werden eingetragen: <DL Font="normal" Type="arabic"><DT>1.</DT><DD Font="normal"><LA Size="normal">Entscheidungen zu Staatsangehörigkeitsurkunden,</LA></DD><DT>2.</DT><DD Font="normal"><LA Size="normal">Entscheidungen zum Bestand und gesetzlichen Verlust der deutschen Staatsangehörigkeit,</LA></DD><DT>3.</DT><DD Font="normal"><LA Size="normal">Entscheidungen zu Erwerb, Bestand und Verlust der deutschen Staatsangehörigkeit, die nach dem 31. Dezember 1960 und vor dem 28. August 2007 getroffen worden sind.</LA></DD></DL></P><P>(2) Im Einzelnen dürfen in dem Register gespeichert werden: <DL Font="normal" Type="arabic"><DT>1.</DT><DD Font="normal"><LA Size="normal">die Grundpersonalien der betroffenen Person (Familienname, Geburtsname, frühere Namen, Vornamen, Tag und Ort der Geburt, Geschlecht sowie die Anschrift im Zeitpunkt der Entscheidung),</LA></DD><DT>2.</DT><DD Font="normal"><LA Size="normal">Rechtsgrund und Datum der Urkunde oder der Entscheidung sowie Rechtsgrund und der Tag des Erwerbs oder Verlusts der Staatsangehörigkeit, im Fall des § 3 Absatz 2 auch der Zeitpunkt, auf den der Erwerb zurückwirkt,</LA></DD><DT>3.</DT><DD Font="normal"><LA Size="normal">Bezeichnung, Anschrift und Aktenzeichen der Behörde, die die Entscheidung getroffen hat.</LA></DD></DL></P><P>(3) Die Staatsangehörigkeitsbehörden sind verpflichtet, die in Absatz 2 genannten personenbezogenen Daten zu den Entscheidungen nach Absatz 1 Satz 2 Nr. 1 und 2, die sie nach dem 28. August 2007 treffen, unverzüglich an die Registerbehörde zu übermitteln.</P><P>(4) Die Registerbehörde übermittelt den Staatsangehörigkeitsbehörden und Auslandsvertretungen auf Ersuchen die in Absatz 2 genannten Daten, soweit die Kenntnis der Daten für die Erfüllung der staatsangehörigkeitsrechtlichen Aufgaben dieser Stellen erforderlich ist. Für die Übermittlung an andere öffentliche Stellen und für Forschungszwecke gelten die Bestimmungen des Bundesdatenschutzgesetzes. Die Übermittlung von Angaben nach Absatz 1 zu Forschungszwecken ist nur in anonymisierter Form oder dann zulässig, wenn das wissenschaftliche Interesse an der Durchführung des Forschungsvorhabens das Interesse der betroffenen Person an dem Ausschluss der Verarbeitung erheblich überwiegt.</P><P>(5) Die Staatsangehörigkeitsbehörde teilt nach ihrer Entscheidung, dass eine Person eingebürgert worden ist oder die deutsche Staatsangehörigkeit weiterhin besitzt, verloren, aufgegeben oder nicht erworben hat, der zuständigen Meldebehörde oder Auslandsvertretung die in Absatz 2 genannten Daten unverzüglich mit.</P></Content></text><fussnoten/></textdaten></norm>
<norm builddate="20250331224012" doknr="BJNR005830913BJNE006004377"><metadaten><jurabk>RuStAG</jurabk><jurabk>StAG</jurabk><enbez>§ 34</enbez></metadaten><textdaten><text format="XML"><Content><P>Fähig zur Vornahme von Verfahrenshandlungen nach diesem Gesetz ist, wer das 16. Lebensjahr vollendet hat, sofern er nicht nach Maßgabe des Bürgerlichen Gesetzbuches geschäftsunfähig ist oder für ihn in dieser Angelegenheit ein Betreuer bestellt und ein Einwilligungsvorbehalt nach § 1825 des Bürgerlichen Gesetzbuches angeordnet ist. § 80 Absatz 3 und § 82 des Aufenthaltsgesetzes gelten entsprechend.</P></Content></text><fussnoten/></textdaten></norm>
<norm builddate="20250331224012" doknr="BJNR005830913BJNE006103377"><metadaten><jurabk>RuStAG</jurabk><jurabk>StAG</jurabk><enbez>§ 35</enbez></metadaten><textdaten><text format="XML"><Content><P>(1) Eine rechtswidrige Einbürgerung kann nur zurückgenommen werden, wenn der Verwaltungsakt durch arglistige Täuschung, Drohung oder Bestechung oder durch vorsätzlich unrichtige oder unvollständige Angaben, die wesentlich für seinen Erlass gewesen sind, erwirkt worden ist.</P><P>(2) Dieser Rücknahme steht in der Regel nicht entgegen, dass der Betroffene dadurch staatenlos wird.</P><P>(3) Die Rücknahme darf nur bis zum Ablauf von zehn Jahren nach der Bekanntgabe der Einbürgerung erfolgen.</P><P>(4) Die Rücknahme erfolgt mit Wirkung für die Vergangenheit.</P><P>(5) Hat die Rücknahme Auswirkungen auf die Rechtmäßigkeit von Verwaltungsakten nach diesem Gesetz gegenüber Dritten, so ist für jede betroffene Person eine selbständige Ermessensentscheidung zu treffen. Dabei ist insbesondere eine Beteiligung des Dritten an der arglistigen Täuschung, Drohung oder Bestechung oder an den vorsätzlich unrichtigen oder unvollständigen Angaben gegen seine schutzwürdigen Belange, insbesondere auch unter Beachtung des Kindeswohls, abzuwägen.</P><P>(6) Die deutsche Staatsangehörigkeit geht rückwirkend verloren, wenn die Rücknahmeentscheidung unanfechtbar ist. Bei Rücknahme einer rechtswidrigen Bescheinigung nach § 15 Absatz 1 oder 2 des Bundesvertriebenengesetzes, die nach § 15 Absatz 4 des Bundesvertriebenengesetzes mit Wirkung für die Vergangenheit erfolgt ist, gelten Absatz 2 sowie Satz 1 entsprechend.</P></Content></text><fussnoten/></textdaten></norm>
<norm builddate="20250331224012" doknr="BJNR005830913BJNE003202377"><metadaten><jurabk>RuStAG</jurabk><jurabk>StAG</jurabk><enbez>§ 36</enbez></metadaten><textdaten><text format="XML"><Content><P>(1) Über die Einbürgerungen werden jährliche Erhebungen, jeweils für das vorausgegangene Kalenderjahr, beginnend 2000, als Bundesstatistik durchgeführt.</P><P>(2) Die Erhebungen erfassen für jede eingebürgerte Person folgende Erhebungsmerkmale: <DL Font="normal" Type="arabic"><DT>1.</DT><DD Font="normal"><LA Size="normal">Geburtsjahr,</LA></DD><DT>2.</DT><DD Font="normal"><LA Size="normal">Geschlecht,</LA></DD><DT>3.</DT><DD Font="normal"><LA Size="normal">Familienstand,</LA></DD><DT>4.</DT><DD Font="normal"><LA Size="normal">Wohnort zum Zeitpunkt der Einbürgerung,</LA></DD><DT>5.</DT><DD Font="normal"><LA Size="normal">Aufenthaltsdauer im Bundesgebiet nach Jahren,</LA></DD><DT>6.</DT><DD Font="normal"><LA Size="normal">Rechtsgrundlage der Einbürgerung und</LA></DD><DT>7.</DT><DD Font="normal"><LA Size="normal">bisherige Staatsangehörigkeiten.</LA></DD></DL></P><P>(2a) Über die Anträge auf Einbürgerung werden jährliche Erhebungen, jeweils für das vorausgegangene Kalenderjahr, beginnend 2025, als Bundesstatistik durchgeführt. Die Erhebungen erfassen für jeden Antragsteller die in Absatz 2 Nummer 1 bis 3, 5 und 7 genannten Erhebungsmerkmale sowie als zusätzliches Erhebungsmerkmal den Wohnort zum Zeitpunkt der Antragstellung.</P><P>(2b) Über die Verfahrenserledigungen werden jährliche Erhebungen, jeweils für das vorausgegangene Kalenderjahr, beginnend 2025, als Bundesstatistik durchgeführt. Die Erhebungen erfassen für jeden Antragsteller die in Absatz 2 Nummer 1 bis 3, 5 und 7 genannten Erhebungsmerkmale sowie als zusätzliche Erhebungsmerkmale den Wohnort zum Zeitpunkt der Verfahrenserledigung und die Art der Verfahrenserledigung.</P><P>(3) Hilfsmerkmale der Erhebungen sind: <DL Font="normal" Type="arabic"><DT>1.</DT><DD Font="normal"><LA Size="normal">Bezeichnung und Anschrift der nach Absatz 4 Auskunftspflichtigen,</LA></DD><DT>2.</DT><DD Font="normal"><LA Size="normal">Name und Telekommunikationsnummern der für Rückfragen zur Verfügung stehenden Person und</LA></DD><DT>3.</DT><DD Font="normal"><LA Size="normal">Registriernummer der antragstellenden oder der eingebürgerten Person bei der Staatsangehörigkeitsbehörde.</LA></DD></DL></P><P>(4) Für die Erhebungen besteht Auskunftspflicht. Auskunftspflichtig sind die Staatsangehörigkeitsbehörden. Die Staatsangehörigkeitsbehörden haben die Auskünfte den zuständigen statistischen Ämtern der Länder jeweils zum 1. März zu erteilen. Die Angaben zu Absatz 3 Nr. 2 sind freiwillig.</P><P>(5) An die fachlich zuständigen obersten Bundes- und Landesbehörden dürfen für die Verwendung gegenüber den gesetzgebenden Körperschaften und für Zwecke der Planung, nicht jedoch für die Regelung von Einzelfällen, vom Statistischen Bundesamt und den statistischen Ämtern der Länder Tabellen mit statistischen Ergebnissen übermittelt werden, auch soweit Tabellenfelder nur einen einzigen Fall ausweisen.</P></Content></text><fussnoten/></textdaten></norm>
<norm builddate="20250331224012" doknr="BJNR005830913BJNE003307377"><metadaten><jurabk>RuStAG</jurabk><jurabk>StAG</jurabk><enbez>§ 37</enbez></metadaten><textdaten><text format="XML"><Content><P>Die Staatsangehörigkeitsbehörden übermitteln den Verfassungsschutzbehörden zur Ermittlung von Ausschlussgründen nach § 11 Satz 1 Nummer 1 und 2 die bei ihnen gespeicherten personenbezogenen Daten der Antragsteller, die das 16. Lebensjahr vollendet haben. Die Verfassungsschutzbehörden unterrichten die anfragende Stelle unverzüglich nach Maßgabe der insoweit bestehenden besonderen gesetzlichen Verarbeitungsregelungen.</P></Content></text><fussnoten/></textdaten></norm>
<norm builddate="20250331224012" doknr="BJNR005830913BJNE003408377"><metadaten><jurabk>RuStAG</jurabk><jurabk>StAG</jurabk><enbez>§ 38</enbez></metadaten><textdaten><text format="XML"><Content><P>(1) Für individuell zurechenbare öffentliche Leistungen in Staatsangehörigkeitsangelegenheiten werden, soweit gesetzlich nichts anderes bestimmt ist, Gebühren und Auslagen erhoben.</P><P>(2) Gebühren werden erhoben für: <table colsep="0" frame="none" pgwide="0" rowsep="0" tocentry="%yes;"><tgroup align="left" char="" charoff="50" cols="3"><colspec colname="col1" colwidth="4.36*"/><colspec colname="col2" colwidth="55.11*"/><colspec align="right" colname="col3" colwidth="20.52*"/><tbody valign="top"><row><entry VJ="1" colname="col1">1.</entry><entry VJ="1" align="left" colname="col2">die Einbürgerung in Höhe von</entry><entry VJ="1" colname="col3">255 Euro</entry></row><row><entry VJ="1" colname="col1">2.</entry><entry VJ="1" align="left" colname="col2">die Feststellung des Bestehens oder Nichtbestehens der deutschen Staatsangehörigkeit auf Antrag und in Höhe von</entry><entry VJ="1" colname="col3"><BR/><BR/><BR/>51 Euro</entry></row><row><entry VJ="1" colname="col1">3.</entry><entry VJ="1" align="left" colname="col2">die Ausstellung einer sonstigen Bescheinigung in Höhe von</entry><entry VJ="1" colname="col3"><BR/>mindestens 5 Euro</entry></row><row><entry VJ="1" colname="col1"/><entry VJ="1" align="left" colname="col2">und</entry><entry VJ="1" colname="col3">höchstens 51 Euro.</entry></row></tbody></tgroup></table>Die Gebühr ermäßigt sich für ein minderjähriges Kind, das miteingebürgert wird und das keine eigenen Einkünfte im Sinne des Einkommensteuergesetzes hat, auf 51 Euro. Für den Widerruf oder die Rücknahme einer beantragten Leistung nach Satz 1, soweit der Betroffene dazu Anlass gegeben hat, die Ablehnung oder die Rücknahme eines Antrages auf Vornahme einer solchen Leistung nach Beginn der sachlichen Bearbeitung sowie die Zurückweisung oder die Rücknahme des Widerspruchs nach Beginn der sachlichen Bearbeitung wird eine Gebühr in Höhe von 25 Euro bis zu dem Betrag erhoben, der als Gebühr für die Vornahme der beantragten Leistung vorgesehen ist oder zu erheben wäre.</P><P>(3) Gebührenfrei sind: <DL Font="normal" Type="arabic"><DT>1.</DT><DD Font="normal"><LA Size="normal">die Einbürgerung nach Artikel 116 Absatz 2 Satz 1 des Grundgesetzes sowie die Bescheinigung der Staatsangehörigkeit nach Artikel 116 Absatz 2 Satz 2 des Grundgesetzes,</LA></DD><DT>2.</DT><DD Font="normal"><LA Size="normal">die Einbürgerung nach § 15,</LA></DD><DT>3.</DT><DD Font="normal"><LA Size="normal">die Einbürgerung von ehemaligen Deutschen, die durch Eheschließung mit einem Ausländer die deutsche Staatsangehörigkeit verloren haben,</LA></DD><DT>4.</DT><DD Font="normal"><LA Size="normal">der Erklärungserwerb nach § 5,</LA></DD><DT>5.</DT><DD Font="normal"><LA Size="normal">der Verzicht und</LA></DD><DT>6.</DT><DD Font="normal"><LA Size="normal">die Feststellung des Bestehens oder Nichtbestehens der deutschen Staatsangehörigkeit von Amts wegen nach § 30 Absatz 1 Satz 3.</LA></DD></DL></P><P>(4) Von den Gebühren nach Absatz 2 kann aus Gründen der Billigkeit oder des öffentlichen Interesses Gebührenermäßigung oder -befreiung gewährt werden.</P></Content></text><fussnoten/></textdaten></norm>
<norm builddate="20250331224012" doknr="BJNR005830913BJNE004800377"><metadaten><jurabk>RuStAG</jurabk><jurabk>StAG</jurabk><enbez>§ 38a</enbez></metadaten><textdaten><text format="XML"><Content><P>Eine Ausstellung von Urkunden in Staatsangehörigkeitssachen in elektronischer Form ist ausgeschlossen.</P></Content></text><fussnoten/></textdaten></norm>
<norm builddate="20250331224012" doknr="BJNR005830913BJNE006201377"><metadaten><jurabk>RuStAG</jurabk><jurabk>StAG</jurabk><enbez>§ 39</enbez></metadaten><textdaten><text format="XML"><Content><P>Das Bundesministerium des Innern und für Heimat wird ermächtigt, durch Rechtsverordnung mit Zustimmung des Bundesrates Regelungen zu erlassen über die formalen Anforderungen an die Einbürgerungs- und die Verzichtsurkunde, die Urkunde über den Erwerb der deutschen Staatsangehörigkeit durch Erklärung sowie den Staatsangehörigkeitsausweis.</P></Content></text><fussnoten/></textdaten></norm>
<norm builddate="20250331224012" doknr="BJNR005830913BJNE003506377"><metadaten><jurabk>RuStAG</jurabk><jurabk>StAG</jurabk><enbez>§ 40</enbez><titel format="XML">(weggefallen)</titel></metadaten><textdaten><text format="XML"><Content><P/></Content></text><fussnoten/></textdaten></norm>
<norm builddate="20250331224012" doknr="BJNR005830913BJNE004003377"><metadaten><jurabk>RuStAG</jurabk><jurabk>StAG</jurabk><enbez>§ 40a</enbez></metadaten><textdaten><text format="XML"><Content><P>Auf Einbürgerungsanträge, die bis zum 23. August 2023 gestellt worden sind, ist § 10 Absatz 1 Satz 1 Nummer 3 in der vor dem 27. Juni 2024 geltenden Fassung anzuwenden, soweit er günstigere Bestimmungen enthält.</P></Content></text><fussnoten/></textdaten></norm>
<norm builddate="20250331224012" doknr="BJNR005830913BJNE003704377"><metadaten><jurabk>RuStAG</jurabk><jurabk>StAG</jurabk><enbez>§ 41</enbez></metadaten><textdaten><text format="XML"><Content><P>Von den in diesem Gesetz in den §§ 32, 33 und 37 getroffenen Regelungen des Verwaltungsverfahrens der Länder kann nicht durch Landesrecht abgewichen werden.</P></Content></text><fussnoten/></textdaten></norm>
<norm builddate="20250331224012" doknr="BJNR005830913BJNE006201160"><metadaten><jurabk>RuStAG</jurabk><jurabk>StAG</jurabk><enbez>§ 42</enbez></metadaten><textdaten><text format="XML"><Content><P>Mit Freiheitsstrafe bis zu fünf Jahren oder mit Geldstrafe wird bestraft, wer unrichtige oder unvollständige Angaben zu wesentlichen Voraussetzungen der Einbürgerung macht oder benutzt, um für sich oder einen anderen eine Einbürgerung zu erschleichen.</P></Content></text><fussnoten/></textdaten></norm>
</dokumente>