<?xml version="1.0" encoding="UTF-8" ?><!DOCTYPE dokumente SYSTEM "http://www.gesetze-im-internet.de/dtd/1.01/gii-norm.dtd">
<dokumente builddate="20231231214431" doknr="BJNR0F00A0023"><norm builddate="20231231214431" doknr="BJNR0F00A0023"><metadaten><jurabk>KSAbg2024V</jurabk><ausfertigung-datum manuell="ja">2023-09-04</ausfertigung-datum><fundstelle typ="amtlich"><periodikum>BGBl I</periodikum><zitstelle>2023, Nr. 240</zitstelle></fundstelle><langue>Künstlersozialabgabe-Verordnung 2024</langue></metadaten><textdaten><fussnoten><Content><P><BR/> <pre xml:space="preserve">(+++ Textnachweis ab: 1.1.2024 +++)<BR/><BR/></pre></P></Content></fussnoten></textdaten></norm>
<norm builddate="20231231214431" doknr="BJNR0F00A0023BJNE000100000"><metadaten><jurabk>KSAbg2024V</jurabk><enbez>Eingangsformel</enbez></metadaten><textdaten><text format="XML"><Content><P>Auf Grund des § 26 Absatz 5 in Verbindung mit Absatz 1 des Künstlersozialversicherungsgesetzes, dessen Absatz 5 Satz 1 zuletzt durch Artikel 240 der Verordnung vom 31. Oktober 2006 (BGBl. I S. 2407) und dessen Absatz 1 durch Artikel 17 Nummer 1 Buchstabe a des Gesetzes vom 22. Dezember 1999 (BGBl. I S. 2534) geändert worden ist, verordnet das Bundesministerium für Arbeit und Soziales im Einvernehmen mit dem Bundesministerium der Finanzen:</P></Content></text></textdaten></norm>
<norm builddate="20231231214431" doknr="BJNR0F00A0023BJNE000200000"><metadaten><jurabk>KSAbg2024V</jurabk><enbez>§ 1</enbez><titel format="XML">Bestimmung des Prozentsatzes der Künstlersozialabgabe</titel></metadaten><textdaten><text format="XML"><Content><P>Der Prozentsatz der Künstlersozialabgabe im Jahr 2024 beträgt 5,0 Prozent.</P></Content></text></textdaten></norm>
<norm builddate="20231231214431" doknr="BJNR0F00A0023BJNE000300000"><metadaten><jurabk>KSAbg2024V</jurabk><enbez>§ 2</enbez><titel format="XML">Inkrafttreten, Außerkrafttreten</titel></metadaten><textdaten><text format="XML"><Content><P>Diese Verordnung tritt am 1. Januar 2024 in Kraft. Gleichzeitig tritt die Künstlersozialabgabe-Verordnung 2022 vom 13. September 2021 (BGBl. I S. 4243) außer Kraft.</P></Content></text></textdaten></norm>
</dokumente>