<?xml version="1.0" encoding="UTF-8" ?><!DOCTYPE dokumente SYSTEM "http://www.gesetze-im-internet.de/dtd/1.01/gii-norm.dtd">
<dokumente builddate="20250311223005" doknr="BJNR117700010"><norm builddate="20250311223005" doknr="BJNR117700010"><metadaten><jurabk>AuslZuschlV 2010</jurabk><amtabk>AuslZuschlV</amtabk><ausfertigung-datum manuell="ja">2010-08-17</ausfertigung-datum><fundstelle typ="amtlich"><periodikum>BGBl I</periodikum><zitstelle>2010, 1177 (1244)</zitstelle></fundstelle><kurzue>Auslandszuschlagsverordnung</kurzue><langue>Verordnung über die Gewährung von Auslandszuschlägen</langue><standangabe checked="ja"><standtyp>Stand</standtyp><standkommentar>Zuletzt geändert durch Art. 2 V v. 6.3.2025 I Nr. 78</standkommentar></standangabe></metadaten><textdaten><fussnoten><Content><P><BR/> <pre xml:space="preserve">(+++ Textnachweis ab: 1.7.2010 +++)</pre></P></Content></fussnoten></textdaten></norm>
<norm builddate="20250311223005" doknr="BJNR117700010BJNE000100000"><metadaten><jurabk>AuslZuschlV 2010</jurabk><jurabk>AuslZuschlV</jurabk><enbez>Eingangsformel</enbez></metadaten><textdaten><text format="XML"><Content><P>Auf Grund des § 53 Absatz 7 des Bundesbesoldungsgesetzes, der durch Artikel 2 Nummer 38 des Gesetzes vom 5. Februar 2009 (BGBl. I S. 160) neu gefasst worden ist, verordnet das Auswärtige Amt im Einvernehmen mit dem Bundesministerium des Innern, dem Bundesministerium der Finanzen und dem Bundesministerium der Verteidigung:</P></Content></text></textdaten></norm>
<norm builddate="20250311223005" doknr="BJNR117700010BJNE000201116"><metadaten><jurabk>AuslZuschlV 2010</jurabk><jurabk>AuslZuschlV</jurabk><enbez>§ 1</enbez><titel format="XML">Bemessungsgrundlage für den Auslandszuschlag und Zuordnung der Dienstorte zu den Zonenstufen</titel></metadaten><textdaten><text format="XML"><Content><P>(1) Bei Anwärterinnen und Anwärtern bemisst sich der Auslandszuschlag nicht nach dem zustehenden Grundgehalt, sondern nach dem zustehenden Anwärtergrundbetrag, dem zustehenden Anwärtererhöhungsbetrag und dem zustehenden Anwärtersonderzuschlag.</P><P>(2) Die Dienstorte, an denen sich eine Vertretung der Bundesrepublik Deutschland befindet, werden nach Maßgabe der Anlage 1 den Zonenstufen zugeordnet. Die Zuordnung eines in der Anlage 1 nicht aufgeführten Dienstortes richtet sich nach der Zuordnung derjenigen Vertretung der Bundesrepublik Deutschland, in deren Amtsbezirk der Dienstort liegt. Abweichend von Satz 2 werden die Dienstorte, die in der Anlage 2 aufgeführt sind, den dort ausgewiesenen Zonenstufen zugeordnet.</P></Content></text><fussnoten/></textdaten></norm>
<norm builddate="20250311223005" doknr="BJNR117700010BJNE001101116"><metadaten><jurabk>AuslZuschlV 2010</jurabk><jurabk>AuslZuschlV</jurabk><enbez>§ 1a</enbez><titel format="XML">Lebenspartnerschaft</titel></metadaten><textdaten><text format="XML"><Content><P>Die Vorschriften dieser Verordnung, die sich auf die Ehegattin oder den Ehegatten beziehen, gelten entsprechend für die Lebenspartnerin oder den Lebenspartner. Die Vorschriften dieser Verordnung, die sich auf Verheiratete beziehen, gelten entsprechend für Verpartnerte.</P></Content></text><fussnoten/></textdaten></norm>
<norm builddate="20250311223005" doknr="BJNR117700010BJNE000304130"><metadaten><jurabk>AuslZuschlV 2010</jurabk><jurabk>AuslZuschlV</jurabk><enbez>§ 2</enbez><titel format="XML">Zuschlag zum Auslandszuschlag nach § 53 Absatz 1 Satz 5 des Bundesbesoldungsgesetzes</titel></metadaten><textdaten><text format="XML"><Content><P>(1) Als monatlicher Zuschlag zur Abgeltung außergewöhnlicher materieller Mehraufwendungen oder immaterieller Belastungen können zusätzlich zum Auslandszuschlag gezahlt werden: <DL Font="normal" Type="arabic"><DT>1.</DT><DD Font="normal"><LA Size="normal">bis zu 300 Euro bei Verwendungen zur Sicherstellung der Landes- und Bündnisverteidigung, wenn sich der Dienstort im unmittelbaren geografischen Einflussbereich einer kriegerischen Auseinandersetzung befindet und sich am Dienstort eine hohe Bedrohungslage durch militärische Gewalt kurzfristig entwickeln kann,</LA></DD><DT>2.</DT><DD Font="normal"><LA Size="normal">bis zu 430 Euro, wenn es sich um einen Dienstort mit einer außerordentlich hohen Rate an Gewaltdelikten handelt,</LA></DD><DT>3.</DT><DD Font="normal"><LA Size="normal">bis zu 570 Euro, wenn der Dienstort von den Auswirkungen eines örtlichen bewaffneten Konflikts oder unmittelbar von einer Naturkatastrophe, einer von Menschen verursachten Katastrophe oder einer Epidemie betroffen ist,</LA></DD><DT>4.</DT><DD Font="normal"><LA Size="normal">bis zu 860 Euro, wenn der Dienstort von den Auswirkungen eines bewaffneten Konflikts betroffen ist und die staatliche Ordnung stark beeinträchtigt ist oder wenn die Empfängerinnen oder Empfänger von Auslandsdienstbezügen am Dienstort auf Grund von organisiertem gewaltsamem Widerstand oder Terror besonders gefährdet sind,</LA></DD><DT>5.</DT><DD Font="normal"><LA Size="normal">bis zu 1 000 Euro, wenn der Dienstort unmittelbar und gegenwärtig von einem bewaffneten Konflikt betroffen ist und die Empfängerinnen oder Empfänger von Auslandsdienstbezügen beispielsweise durch Kampfhandlungen, Luftangriffe oder Raketenbeschuss konkret gefährdet sind,</LA></DD><DT>6.</DT><DD Font="normal"><LA Size="normal">bis zu 715 Euro, wenn die Empfängerinnen oder Empfänger von Auslandsdienstbezügen am Dienstort von kurzfristig auftretenden zusätzlichen materiellen Belastungen betroffen sind.</LA></DD></DL>Den Zuschlag erhalten Beamtinnen und Beamte, Richterinnen und Richter sowie Soldatinnen und Soldaten nur, wenn sie für diesen Dienstort Anspruch auf Auslandsdienstbezüge haben. Er wird während eines Heimaturlaubs, eines Erholungsurlaubs und sonstiger Abwesenheit vom Dienstort nicht gezahlt, außer in Fällen besonderer fürsorgerischer Maßnahmen zur Gesundheitsvorsorge von bis zu vier aufeinanderfolgenden Kalendertagen. Der Zuschlag erhöht sich für jede nach § 53 Absatz 4 des Bundesbesoldungsgesetzes berücksichtigungsfähige Person um 10 Prozent, <DL Font="normal" Type="arabic"><DT>1.</DT><DD Font="normal"><LA Size="normal">sofern sich die Person an dem Dienstort, für den der Zuschlag festgesetzt worden ist, nicht nur vorübergehend aufhält und</LA></DD><DT>2.</DT><DD Font="normal"><LA Size="normal">soweit der Zuschlag und der Erhöhungsbetrag zusammen 1 000 Euro monatlich nicht überschreiten.</LA></DD></DL></P><P>(2) Um eine den Anforderungen entsprechende Besetzung eines Dienstpostens im Ausland sicherzustellen, kann ein Zuschlag von bis zu 715 Euro monatlich festgesetzt werden, wenn der Dienstposten wegen außergewöhnlicher materieller Mehraufwendungen oder immaterieller Belastungen nicht mit einer geeigneten Bewerberin oder einem geeigneten Bewerber besetzt werden kann. Die Gründe für die Gewährung des Zuschlags sind zu dokumentieren. Der Zuschlag wird nur der Person gewährt, mit der der Dienstposten besetzt wird. Er wird vorbehaltlich vorhandener Haushaltsmittel so lange gezahlt, wie die Person den Dienstposten innehat, längstens aber vier Jahre. Er wird auch bei vorübergehender Abwesenheit vom Dienstort gezahlt.</P><P>(3) Die Zuschläge nach den Absätzen 1 und 2 können nebeneinander gewährt werden. Übersteigt die Summe der Zuschläge nach den Absätzen 1 und 2 den Betrag von 1 000 Euro je beschäftigte Person und Monat, ist der Zuschlag nach Absatz 2 zu kürzen. Die Zuschläge unterliegen dem Kaufkraftausgleich.</P><P>(4) Die oberste Dienstbehörde setzt die Zuschläge nach den Absätzen 1 und 2 und die Zeiträume, für die die Zuschläge gewährt werden, im Einvernehmen mit dem Auswärtigen Amt, dem Bundesministerium des Innern und für Heimat und dem Bundesministerium der Finanzen fest. Wird ein Zuschlag nach Absatz 1 im Ressorteinvernehmen durch das Auswärtige Amt festgesetzt, können andere oberste Dienstbehörden den festgesetzten Zuschlag ohne erneute Einholung des Ressorteinvernehmens für ihren Geschäftsbereich übernehmen.</P></Content></text><fussnoten/></textdaten></norm>
<norm builddate="20250311223005" doknr="BJNR117700010BJNE000400000"><metadaten><jurabk>AuslZuschlV 2010</jurabk><jurabk>AuslZuschlV</jurabk><enbez>§ 3</enbez><titel format="XML">Auslandszuschlag bei Arbeitsplatzteilung</titel></metadaten><textdaten><text format="XML"><Content><P>Teilen sich Ehegatten, die auf Grund unterschiedlicher Besoldungsgruppen oder Erfahrungsstufen unterschiedlichen Grundgehaltsspannen nach der Anlage VI zum Bundesbesoldungsgesetz zuzuordnen sind, einen Arbeitsplatz, richtet sich die Höhe des Auslandszuschlags nach § 53 Absatz 3 Satz 3 des Bundesbesoldungsgesetzes nach der Grundgehaltsspanne der oder des höher besoldeten Berechtigten.</P></Content></text></textdaten></norm>
<norm builddate="20250311223005" doknr="BJNR117700010BJNE000500000"><metadaten><jurabk>AuslZuschlV 2010</jurabk><jurabk>AuslZuschlV</jurabk><enbez>§ 4</enbez><titel format="XML">Erhöhter Auslandszuschlag</titel></metadaten><textdaten><text format="XML"><Content><P>(1) Maßgebliche Dienstbezüge für den erhöhten Auslandszuschlag nach § 53 Absatz 6 Satz 1 und 2 des Bundesbesoldungsgesetzes sind: <DL Type="arabic"><DT>1.</DT><DD Font="normal"><LA>das Grundgehalt,</LA></DD><DT>2.</DT><DD Font="normal"><LA>der Familienzuschlag höchstens der Stufe 1,</LA></DD><DT>3.</DT><DD Font="normal"><LA>die Amts- und Stellenzulagen,</LA></DD><DT>4.</DT><DD Font="normal"><LA>der Auslandszuschlag für die Empfängerinnen oder Empfänger von Auslandsdienstbezügen und für die erste nach § 53 Absatz 4 Nummer 1 oder Nummer 3 des Bundesbesoldungsgesetzes berücksichtigungsfähige Person.</LA></DD></DL></P><P>(2) Bei einer befristeten Verwendung im Ausland informiert die entsendende Dienststelle die für die Besoldungsfestsetzung zuständige Stelle, wenn die Frist des § 53 Absatz 6 Satz 2 des Bundesbesoldungsgesetzes erfüllt ist. Dienstzeiten, die vor Inkrafttreten dieser Verordnung geleistet worden sind, sind berücksichtigungsfähig.</P></Content></text></textdaten></norm>
<norm builddate="20250311223005" doknr="BJNR117700010BJNE000603116"><metadaten><jurabk>AuslZuschlV 2010</jurabk><jurabk>AuslZuschlV</jurabk><enbez>§ 5</enbez><titel format="XML">Erhöhter Auslandszuschlag für Verheiratete</titel></metadaten><textdaten><text format="XML"><Content><P>(1) Verheiratete Empfängerinnen und Empfänger von Auslandsdienstbezügen, für die das Gesetz über den Auswärtigen Dienst gilt, erhalten einen um 18,6 Prozent ihres Grundgehalts erhöhten Auslandszuschlag, höchstens jedoch 18,6 Prozent des Grundgehalts aus der Endstufe der Besoldungsgruppe A 14. Der Erhöhungsbetrag ist zugunsten der Ehegattin oder des Ehegatten zu verwenden<DL Font="normal" Type="arabic"><DT>1.</DT><DD Font="normal"><LA Size="normal">als freiwillige Einzahlung <DL Font="normal" Type="alpha"><DT>a)</DT><DD Font="normal"><LA Size="normal">in die gesetzliche Rentenversicherung,</LA></DD><DT>b)</DT><DD Font="normal"><LA Size="normal">in die landwirtschaftliche Alterskasse oder</LA></DD><DT>c)</DT><DD Font="normal"><LA Size="normal">in eine berufsständische Versorgungseinrichtung, die Leistungen erbringt, die denjenigen der gesetzlichen Rentenversicherung vergleichbar sind,</LA></DD></DL></LA></DD><DT>2.</DT><DD Font="normal"><LA Size="normal">für die Zahlung des Versorgungszuschlags oder</LA></DD><DT>3.</DT><DD Font="normal"><LA Size="normal">als Beitrag für eine kapitalgedeckte Altersvorsorge, welche eine lebenslange monatliche Leibrente für die Ehegattin oder den Ehegatten vorsieht und nicht vor Vollendung des 62. Lebensjahres der Ehegattin oder des Ehegatten ausgezahlt wird oder die Voraussetzungen des Abschnitts XI des Einkommensteuergesetzes in Verbindung mit dem Altersvorsorgeverträge-Zertifizierungsgesetz erfüllt.</LA></DD></DL></P><P>(2) Der erhöhte Auslandszuschlag nach Absatz 1 wird nur gewährt, wenn die Empfängerin oder der Empfänger von Auslandsdienstbezügen <DL Font="normal" Type="arabic"><DT>1.</DT><DD Font="normal"><LA Size="normal">mit ihrem Ehegatten oder seiner Ehegattin am ausländischen Dienstort einen gemeinsamen Haushalt führt und Anspruch auf den erhöhten Auslandszuschlag nach § 53 Absatz 2 Satz 2 oder Absatz 3 Satz 3 des Bundesbesoldungsgesetzes hat und</LA></DD><DT>2.</DT><DD Font="normal"><LA Size="normal">nachweist, dass mindestens 90 Prozent des Erhöhungsbetrags nach Absatz 1 Satz 2 verwendet werden.</LA></DD></DL></P><P>(3) Die Festsetzung des erhöhten Auslandszuschlags ist mit der Auflage zu verbinden, die Bezügestelle unverzüglich zu unterrichten, wenn die Verwendung nach Absatz 1 Satz 2 betragsmäßig verringert, unterbrochen oder eingestellt wird. Sofern die Verwendung nach Absatz 1 Satz 2 90 Prozent des Erhöhungsbetrags unterschreitet, ist die Gewährung des Erhöhungsbetrags mit Wirkung vom Zeitpunkt der Unterschreitung entsprechend dem Ausmaß der Unterschreitung zu widerrufen. Unabhängig von Satz 2 überprüft die Bezügestelle die Verwendung nach Absatz 1 Satz 2 ab der ersten Festsetzung alle fünf Jahre. Sofern zum Zeitpunkt der Überprüfung die Verwendung nach Absatz 1 Satz 2 90 Prozent des Erhöhungsbetrags unterschreitet, ist die Gewährung des Erhöhungsbetrags mit Wirkung vom Zeitpunkt der Überprüfung entsprechend dem Ausmaß der Unterschreitung zu widerrufen. Stehen zum Zeitpunkt der Überprüfung keine Auslandsdienstbezüge zu, prüft die Bezügestelle die Verwendung bei der nächsten Entscheidung über eine erneute Gewährung des Erhöhungsbetrags und der Fünfjahreszeitraum beginnt erneut zu laufen.</P><P>(4) Abweichend von Absatz 2 kann der erhöhte Auslandszuschlag auch dann gewährt werden, wenn die Verwendung nach Absatz 1 Satz 2 durch eine dienstliche Erklärung der Empfängerin oder des Empfängers der Auslandsdienstbezüge bestätigt wird, die von dem Ehegatten oder der Ehegattin mit unterschrieben ist, und der Ehegatte oder die Ehegattin am 1. Januar 2020 das 50. Lebensjahr vollendet hat.</P><P>(5) Im Falle des § 53 Absatz 6 Satz 5 des Bundesbesoldungsgesetzes ist Voraussetzung für die Gewährung des erhöhten Auslandszuschlags von bis zu 6 Prozent der Dienstbezüge im Ausland die Vorlage einer von der Ehegattin oder dem Ehegatten mit unterschriebenen Erklärung, aus der hervorgeht, dass sie oder er über die Zahlung des erhöhten Auslandszuschlags an den Empfänger oder die Empfängerin der Auslandsdienstbezüge und den Zweck informiert ist.</P><P>(6) Zu den Dienstbezügen gehören: <DL Font="normal" Type="arabic"><DT>1.</DT><DD Font="normal"><LA Size="normal">das Grundgehalt,</LA></DD><DT>2.</DT><DD Font="normal"><LA Size="normal">der Familienzuschlag höchstens der Stufe 1,</LA></DD><DT>3.</DT><DD Font="normal"><LA Size="normal">die Amts- und Stellenzulagen,</LA></DD><DT>4.</DT><DD Font="normal"><LA Size="normal">der Auslandszuschlag für die Empfängerin oder den Empfänger von Auslandsdienstbezügen und für die erste neben der Empfängerin oder dem Empfänger von Auslandsdienstbezügen berücksichtigungsfähigen Person nach § 53 Absatz 4 Nummer 1 oder Nummer 3 des Bundesbesoldungsgesetzes,</LA></DD><DT>5.</DT><DD Font="normal"><LA Size="normal">der erhöhte Auslandszuschlag nach § 53 Absatz 6 Satz 1 und 2 des Bundesbesoldungsgesetzes.</LA></DD></DL></P><P>(7) (weggefallen)</P></Content></text><fussnoten/></textdaten></norm>
<norm builddate="20250311223005" doknr="BJNR117700010BJNE001200116"><metadaten><jurabk>AuslZuschlV 2010</jurabk><jurabk>AuslZuschlV</jurabk><enbez>§ 5a</enbez><titel format="XML">Anrechnung des Nettoerwerbseinkommens der Ehegattin oder des Ehegatten</titel></metadaten><textdaten><text format="XML"><Content><P>(1) Ist die Ehegattin oder der Ehegatte in dem Zeitraum, für den der erhöhte Auslandszuschlag nach § 53 Absatz 6 Satz 3 und 5 des Bundesbesoldungsgesetzes gewährt wird, erwerbstätig, so wird das Nettoerwerbseinkommen, das die Ehegattin oder der Ehegatte aus einer in diesem Zeitraum ausgeübten Erwerbstätigkeit erzielt hat, auf die Hälfte des erhöhten Auslandszuschlags angerechnet. Dies gilt nur, soweit das Nettoerwerbseinkommen für diesen Zeitraum die Arbeitsentgeltgrenze bei geringfügiger Beschäftigung (§ 8 Absatz 1 Nummer 1 des Vierten Buches Sozialgesetzbuch) oder den entsprechenden Betrag in ausländischer Währung übersteigt. Die Anrechnung erfolgt getrennt für jedes Kalenderjahr. Bei einem Dienstortwechsel innerhalb eines Kalenderjahres wird das erzielte Nettoerwerbseinkommen grundsätzlich getrennt nach Dienstorten betrachtet.</P><P>(2) Das Nettoerwerbseinkommen ist die Summe der nach Abzug der entrichteten Steuern vom Einkommen und der Arbeitnehmeranteile zur gesetzlichen Sozialversicherung verbleibenden Einkünfte aus <DL Font="normal" Type="arabic"><DT>1.</DT><DD Font="normal"><LA Size="normal">Land- und Forstwirtschaft (§ 2 Absatz 1 Satz 1 Nummer 1 in Verbindung mit § 13 des Einkommensteuergesetzes),</LA></DD><DT>2.</DT><DD Font="normal"><LA Size="normal">Gewerbebetrieb (§ 2 Absatz 1 Satz 1 Nummer 2 in Verbindung mit § 15 des Einkommensteuergesetzes),</LA></DD><DT>3.</DT><DD Font="normal"><LA Size="normal">selbständiger Arbeit (§ 2 Absatz 1 Satz 1 Nummer 3 in Verbindung mit § 18 des Einkommensteuergesetzes) und</LA></DD><DT>4.</DT><DD Font="normal"><LA Size="normal">nichtselbständiger Arbeit (§ 2 Absatz 1 Satz 1 Nummer 4 in Verbindung mit § 19 Absatz 1 Satz 1 Nummer 1 und 3 des Einkommensteuergesetzes).</LA></DD></DL></P><P>(3) Bei Einkünften nach Absatz 2 Nummer 1 bis 3 wird der erhöhte Auslandszuschlag zunächst vorläufig auf der Grundlage der Einkünfte im vorangegangenen Besteuerungszeitraum festgesetzt. Die Empfängerin oder der Empfänger des erhöhten Auslandszuschlags hat die Einkünfte der Ehegattin oder des Ehegatten durch Vorlage des Steuerbescheids für den vorangegangenen Besteuerungszeitraum nachzuweisen. Für die endgültige Festsetzung des erhöhten Auslandszuschlags bei Einkünften nach Absatz 2 Nummer 1 bis 3 ist der Steuerbescheid vorzulegen, der den Bezugszeitraum des erhöhten Auslandszuschlags umfasst. War das tatsächlich erzielte Nettoerwerbseinkommen im Bezugszeitraum des erhöhten Auslandszuschlags geringer als zum Zeitpunkt der vorläufigen Festsetzung nach Satz 1, so besteht bei Nachweis der zweckgerechten Verwendung des erhöhten Auslandszuschlags ein Nachzahlungsanspruch auf den nicht anrechnungsfreien Teil des erhöhten Auslandszuschlags. War das tatsächlich erzielte Nettoerwerbseinkommen im Bezugszeitraum des erhöhten Auslandszuschlags höher als zum Zeitpunkt der vorläufigen Festsetzung nach Satz 1, so ist der nicht anrechnungsfreie Teil des erhöhten Auslandszuschlags ganz oder teilweise zurückzufordern. Weist die Empfängerin oder der Empfänger des erhöhten Auslandszuschlags nach, dass die Steuerfestsetzung, die den Bezugszeitraum des erhöhten Auslandszuschlags umfasst, Einkünfte der Ehegattin oder des Ehegatten nach Absatz 2 Nummer 1 bis 3 einbezieht, die ausschließlich mit Tätigkeiten erzielt wurden, die vor dem Beginn oder nach dem Ende des Gewährungszeitraums des erhöhten Auslandszuschlags erbracht wurden, so kann von der Berücksichtigung der betreffenden Einkünfte abgesehen werden.</P></Content></text><fussnoten/></textdaten></norm>
<norm builddate="20250311223005" doknr="BJNR117700010BJNE001300130"><metadaten><jurabk>AuslZuschlV 2010</jurabk><jurabk>AuslZuschlV</jurabk><enbez>§ 5b</enbez><titel format="XML">Geltung der §§ 5 und 5a in den Fällen des § 53 Absatz 6 Satz 7 des Bundesbesoldungsgesetzes</titel></metadaten><textdaten><text format="XML"><Content><P>In den Fällen des § 53 Absatz 6 Satz 7 des Bundesbesoldungsgesetzes gelten § 5 mit Ausnahme des Absatzes 6 Nummer 5 und § 5a entsprechend.</P></Content></text><fussnoten/></textdaten></norm>
<norm builddate="20250311223005" doknr="BJNR117700010BJNE000701116"><metadaten><jurabk>AuslZuschlV 2010</jurabk><jurabk>AuslZuschlV</jurabk><enbez>§ 6</enbez><titel format="XML">Erhöhter Auslandszuschlag für weitere Berechtigte</titel></metadaten><textdaten><text format="XML"><Content><P>Empfängerinnen und Empfänger von Auslandsdienstbezügen, für die das Gesetz über den Auswärtigen Dienst gilt und denen kein erhöhter Auslandszuschlag für Verheiratete nach § 5 zusteht, können nach § 53 Absatz 6 Satz 6 des Bundesbesoldungsgesetzes einen erhöhten Auslandszuschlag von bis zu 6 Prozent der Dienstbezüge im Ausland auch für die in § 53 Absatz 4 Nummer 3 des Bundesbesoldungsgesetzes genannten Personen erhalten. Dies gilt nur soweit diese im dienstlichen Interesse bei der Erfüllung von Aufgaben der Auslandsvertretung oder von Aufgaben der Empfängerin oder des Empfängers von Auslandsdienstbezügen mitwirken. § 5 Absatz 6 und § 5a gelten entsprechend.</P></Content></text><fussnoten/></textdaten></norm>
<norm builddate="20250311223005" doknr="BJNR117700010BJNE000914130"><metadaten><jurabk>AuslZuschlV 2010</jurabk><jurabk>AuslZuschlV</jurabk><enbez>Anlage 1</enbez><titel format="XML">(zu § 1 Absatz 2 Satz 1)</titel></metadaten><textdaten><text format="XML"><Content><P><noindex><kommentar typ="Fundstelle">(Fundstelle: BGBl. 2024 I Nr. 209, S. 5 – 11)</kommentar></noindex><BR/><BR/></P><table colsep="1" frame="all" pgwide="1" rowsep="1" tocentry="%yes;"><tgroup align="left" char="" charoff="50" cols="4"><colspec colname="col1" colwidth="20*"/><colspec colname="col2" colwidth="50*"/><colspec colname="col3" colwidth="50*"/><colspec align="center" colname="col4" colwidth="30*"/><thead valign="bottom"><row rowsep="1" valign="middle"><entry VJ="1" colname="col1"/><entry VJ="1" align="center" colname="col2">Staat</entry><entry VJ="1" align="center" colname="col3">Dienstort</entry><entry VJ="1" align="center" colname="col4">Dienstortstufe</entry></row><row><entry VJ="1" colname="col1"/><entry VJ="1" align="center" colname="col2">1</entry><entry VJ="1" align="center" colname="col3">2</entry><entry VJ="1" colname="col4">3</entry></row></thead><tbody valign="top"><row><entry VJ="1" align="center" nameend="col4" namest="col1"><B>Abschnitt 1<BR/> Europa</B></entry></row><row><entry VJ="1" colname="col1">1</entry><entry VJ="1" colname="col2">Albanien</entry><entry VJ="1" colname="col3">Tirana</entry><entry VJ="1" colname="col4">10</entry></row><row><entry VJ="1" colname="col1">2</entry><entry VJ="1" colname="col2">Belgien</entry><entry VJ="1" colname="col3">Brüssel</entry><entry VJ="1" colname="col4">2</entry></row><row><entry VJ="1" colname="col1">3</entry><entry VJ="1" colname="col2">Bosnien und Herzegowina</entry><entry VJ="1" colname="col3">Sarajewo</entry><entry VJ="1" colname="col4">9</entry></row><row><entry VJ="1" colname="col1">4</entry><entry VJ="1" colname="col2">Bulgarien</entry><entry VJ="1" colname="col3">Sofia</entry><entry VJ="1" colname="col4">7</entry></row><row><entry VJ="1" colname="col1">5</entry><entry VJ="1" colname="col2">Dänemark</entry><entry VJ="1" colname="col3">Kopenhagen</entry><entry VJ="1" colname="col4">2</entry></row><row><entry VJ="1" colname="col1">6</entry><entry VJ="1" colname="col2">Estland</entry><entry VJ="1" colname="col3">Tallinn</entry><entry VJ="1" colname="col4">8</entry></row><row><entry VJ="1" colname="col1">7</entry><entry VJ="1" colname="col2">Finnland</entry><entry VJ="1" colname="col3">Helsinki</entry><entry VJ="1" colname="col4">6</entry></row><row><entry VJ="1" colname="col1">8</entry><entry VJ="1" colname="col2" morerows="4">Frankreich</entry><entry VJ="1" colname="col3">Paris</entry><entry VJ="1" colname="col4">3</entry></row><row><entry VJ="1" colname="col1">9</entry><entry VJ="1" colname="col3">Bordeaux</entry><entry VJ="1" colname="col4">3</entry></row><row><entry VJ="1" colname="col1">10</entry><entry VJ="1" colname="col3">Lyon</entry><entry VJ="1" colname="col4">2</entry></row><row><entry VJ="1" colname="col1">11</entry><entry VJ="1" colname="col3">Marseille</entry><entry VJ="1" colname="col4">3</entry></row><row><entry VJ="1" colname="col1">12</entry><entry VJ="1" colname="col3">Straßburg</entry><entry VJ="1" colname="col4">3</entry></row><row><entry VJ="1" colname="col1">13</entry><entry VJ="1" colname="col2" morerows="1">Griechenland</entry><entry VJ="1" colname="col3">Athen</entry><entry VJ="1" colname="col4">4</entry></row><row><entry VJ="1" colname="col1">14</entry><entry VJ="1" colname="col3">Thessaloniki</entry><entry VJ="1" colname="col4">5</entry></row><row><entry VJ="1" colname="col1">15</entry><entry VJ="1" colname="col2">Irland</entry><entry VJ="1" colname="col3">Dublin</entry><entry VJ="1" colname="col4">3</entry></row><row><entry VJ="1" colname="col1">16</entry><entry VJ="1" colname="col2">Island</entry><entry VJ="1" colname="col3">Reykjavik</entry><entry VJ="1" colname="col4">6</entry></row><row><entry VJ="1" colname="col1">17</entry><entry VJ="1" colname="col2" morerows="1">Italien</entry><entry VJ="1" colname="col3">Rom</entry><entry VJ="1" colname="col4">1</entry></row><row><entry VJ="1" colname="col1">18</entry><entry VJ="1" colname="col3">Mailand</entry><entry VJ="1" colname="col4">1</entry></row><row><entry VJ="1" colname="col1">19</entry><entry VJ="1" colname="col2">Kosovo</entry><entry VJ="1" colname="col3">Pristina</entry><entry VJ="1" colname="col4">14</entry></row><row><entry VJ="1" colname="col1">20</entry><entry VJ="1" colname="col2">Kroatien</entry><entry VJ="1" colname="col3">Zagreb</entry><entry VJ="1" colname="col4">5</entry></row><row><entry VJ="1" colname="col1">21</entry><entry VJ="1" colname="col2">Lettland</entry><entry VJ="1" colname="col3">Riga</entry><entry VJ="1" colname="col4">7</entry></row><row><entry VJ="1" colname="col1">22</entry><entry VJ="1" colname="col2">Litauen</entry><entry VJ="1" colname="col3">Wilna</entry><entry VJ="1" colname="col4">5</entry></row><row><entry VJ="1" colname="col1">23</entry><entry VJ="1" colname="col2">Luxemburg</entry><entry VJ="1" colname="col3">Luxemburg</entry><entry VJ="1" colname="col4">2</entry></row><row><entry VJ="1" colname="col1">24</entry><entry VJ="1" colname="col2">Malta</entry><entry VJ="1" colname="col3">Valletta</entry><entry VJ="1" colname="col4">2</entry></row><row><entry VJ="1" colname="col1">25</entry><entry VJ="1" colname="col2">Moldau, Republik</entry><entry VJ="1" colname="col3">Chisinau</entry><entry VJ="1" colname="col4">10</entry></row><row><entry VJ="1" colname="col1">26</entry><entry VJ="1" colname="col2">Montenegro</entry><entry VJ="1" colname="col3">Podgorica</entry><entry VJ="1" colname="col4">10</entry></row><row><entry VJ="1" colname="col1">27</entry><entry VJ="1" colname="col2" morerows="1">Niederlande</entry><entry VJ="1" colname="col3">Den Haag</entry><entry VJ="1" colname="col4">2</entry></row><row><entry VJ="1" colname="col1">28</entry><entry VJ="1" colname="col3">Amsterdam</entry><entry VJ="1" colname="col4">1</entry></row><row><entry VJ="1" colname="col1">29</entry><entry VJ="1" colname="col2">Nordmazedonien</entry><entry VJ="1" colname="col3">Skopje</entry><entry VJ="1" colname="col4">9</entry></row><row><entry VJ="1" colname="col1">30</entry><entry VJ="1" colname="col2">Norwegen</entry><entry VJ="1" colname="col3">Oslo</entry><entry VJ="1" colname="col4">4</entry></row><row><entry VJ="1" colname="col1">31</entry><entry VJ="1" colname="col2">Österreich</entry><entry VJ="1" colname="col3">Wien</entry><entry VJ="1" colname="col4">1</entry></row><row><entry VJ="1" colname="col1">32</entry><entry VJ="1" colname="col2" morerows="4">Polen</entry><entry VJ="1" colname="col3">Warschau</entry><entry VJ="1" colname="col4">4</entry></row><row><entry VJ="1" colname="col1">33</entry><entry VJ="1" colname="col3">Breslau</entry><entry VJ="1" colname="col4">6</entry></row><row><entry VJ="1" colname="col1">34</entry><entry VJ="1" colname="col3">Danzig</entry><entry VJ="1" colname="col4">6</entry></row><row><entry VJ="1" colname="col1">35</entry><entry VJ="1" colname="col3">Krakau</entry><entry VJ="1" colname="col4">5</entry></row><row><entry VJ="1" colname="col1">36</entry><entry VJ="1" colname="col3">Oppeln</entry><entry VJ="1" colname="col4">7</entry></row><row><entry VJ="1" colname="col1">37</entry><entry VJ="1" colname="col2">Portugal</entry><entry VJ="1" colname="col3">Lissabon</entry><entry VJ="1" colname="col4">1</entry></row><row><entry VJ="1" colname="col1">38</entry><entry VJ="1" colname="col2" morerows="2">Rumänien</entry><entry VJ="1" colname="col3">Bukarest</entry><entry VJ="1" colname="col4">7</entry></row><row><entry VJ="1" colname="col1">39</entry><entry VJ="1" colname="col3">Hermannstadt</entry><entry VJ="1" colname="col4">10</entry></row><row><entry VJ="1" colname="col1">40</entry><entry VJ="1" colname="col3">Temeswar</entry><entry VJ="1" colname="col4">9</entry></row><row><entry VJ="1" colname="col1">41</entry><entry VJ="1" colname="col2" morerows="1">Russland</entry><entry VJ="1" colname="col3">Moskau</entry><entry VJ="1" colname="col4">12</entry></row><row><entry VJ="1" colname="col1">42</entry><entry VJ="1" colname="col3">St. Petersburg</entry><entry VJ="1" colname="col4">12</entry></row><row><entry VJ="1" colname="col1">43</entry><entry VJ="1" colname="col2">Schweden</entry><entry VJ="1" colname="col3">Stockholm</entry><entry VJ="1" colname="col4">5</entry></row><row><entry VJ="1" colname="col1">44</entry><entry VJ="1" colname="col2" morerows="1">Schweiz</entry><entry VJ="1" colname="col3">Bern</entry><entry VJ="1" colname="col4">4</entry></row><row><entry VJ="1" colname="col1">45</entry><entry VJ="1" colname="col3">Genf</entry><entry VJ="1" colname="col4">3</entry></row><row><entry VJ="1" colname="col1">46</entry><entry VJ="1" colname="col2">Serbien</entry><entry VJ="1" colname="col3">Belgrad</entry><entry VJ="1" colname="col4">8</entry></row><row><entry VJ="1" colname="col1">47</entry><entry VJ="1" colname="col2">Slowakische Republik</entry><entry VJ="1" colname="col3">Pressburg</entry><entry VJ="1" colname="col4">5</entry></row><row><entry VJ="1" colname="col1">48</entry><entry VJ="1" colname="col2">Slowenien</entry><entry VJ="1" colname="col3">Ljubljana</entry><entry VJ="1" colname="col4">4</entry></row><row><entry VJ="1" colname="col1">49</entry><entry VJ="1" colname="col2" morerows="4">Spanien</entry><entry VJ="1" colname="col3">Madrid</entry><entry VJ="1" colname="col4">3</entry></row><row><entry VJ="1" colname="col1">50</entry><entry VJ="1" colname="col3">Barcelona</entry><entry VJ="1" colname="col4">3</entry></row><row><entry VJ="1" colname="col1">51</entry><entry VJ="1" colname="col3">Las Palmas de Gran Canaria</entry><entry VJ="1" colname="col4">2</entry></row><row><entry VJ="1" colname="col1">52</entry><entry VJ="1" colname="col3">Malaga</entry><entry VJ="1" colname="col4">3</entry></row><row><entry VJ="1" colname="col1">53</entry><entry VJ="1" colname="col3">Palma de Mallorca</entry><entry VJ="1" colname="col4">2</entry></row><row><entry VJ="1" colname="col1">54</entry><entry VJ="1" colname="col2">Tschechische Republik</entry><entry VJ="1" colname="col3">Prag</entry><entry VJ="1" colname="col4">5</entry></row><row><entry VJ="1" colname="col1">55</entry><entry VJ="1" colname="col2" morerows="3">Türkei</entry><entry VJ="1" colname="col3">Ankara</entry><entry VJ="1" colname="col4">7</entry></row><row><entry VJ="1" colname="col1">56</entry><entry VJ="1" colname="col3">Antalya</entry><entry VJ="1" colname="col4">6</entry></row><row><entry VJ="1" colname="col1">57</entry><entry VJ="1" colname="col3">Istanbul</entry><entry VJ="1" colname="col4">6</entry></row><row><entry VJ="1" colname="col1">58</entry><entry VJ="1" colname="col3">Izmir</entry><entry VJ="1" colname="col4">6</entry></row><row><entry VJ="1" colname="col1">59</entry><entry VJ="1" colname="col2" morerows="1">Ukraine</entry><entry VJ="1" colname="col3">Kyjiw</entry><entry VJ="1" colname="col4">15</entry></row><row><entry VJ="1" colname="col1">60</entry><entry VJ="1" colname="col3">Donezk</entry><entry VJ="1" colname="col4">19</entry></row><row><entry VJ="1" colname="col1">61</entry><entry VJ="1" colname="col2">Ungarn</entry><entry VJ="1" colname="col3">Budapest</entry><entry VJ="1" colname="col4">5</entry></row><row><entry VJ="1" colname="col1">62</entry><entry VJ="1" colname="col2" morerows="1">Vereinigtes Königreich</entry><entry VJ="1" colname="col3">London</entry><entry VJ="1" colname="col4">3</entry></row><row><entry VJ="1" colname="col1">63</entry><entry VJ="1" colname="col3">Edinburgh</entry><entry VJ="1" colname="col4">5</entry></row><row><entry VJ="1" colname="col1">64</entry><entry VJ="1" colname="col2">Weißrussland</entry><entry VJ="1" colname="col3">Minsk</entry><entry VJ="1" colname="col4">12</entry></row><row><entry VJ="1" colname="col1">65</entry><entry VJ="1" colname="col2">Zypern</entry><entry VJ="1" colname="col3">Nikosia</entry><entry VJ="1" colname="col4">6</entry></row><row><entry VJ="1" align="center" nameend="col4" namest="col1" valign="middle"><B>Abschnitt 2<BR/> Afrika</B></entry></row><row><entry VJ="1" colname="col1">66</entry><entry VJ="1" colname="col2">Ägypten</entry><entry VJ="1" colname="col3">Kairo</entry><entry VJ="1" colname="col4">14</entry></row><row><entry VJ="1" colname="col1">67</entry><entry VJ="1" colname="col2">Algerien</entry><entry VJ="1" colname="col3">Algier</entry><entry VJ="1" colname="col4">14</entry></row><row><entry VJ="1" colname="col1">68</entry><entry VJ="1" colname="col2">Angola</entry><entry VJ="1" colname="col3">Luanda</entry><entry VJ="1" colname="col4">19</entry></row><row><entry VJ="1" colname="col1">69</entry><entry VJ="1" colname="col2">Äthiopien</entry><entry VJ="1" colname="col3">Addis Abeba</entry><entry VJ="1" colname="col4">20</entry></row><row><entry VJ="1" colname="col1">70</entry><entry VJ="1" colname="col2">Benin</entry><entry VJ="1" colname="col3">Cotonou</entry><entry VJ="1" colname="col4">17</entry></row><row><entry VJ="1" colname="col1">71</entry><entry VJ="1" colname="col2">Botsuana</entry><entry VJ="1" colname="col3">Gaborone</entry><entry VJ="1" colname="col4">15</entry></row><row><entry VJ="1" colname="col1">72</entry><entry VJ="1" colname="col2">Burkina Faso</entry><entry VJ="1" colname="col3">Ouagadougou</entry><entry VJ="1" colname="col4">20</entry></row><row><entry VJ="1" colname="col1">73</entry><entry VJ="1" colname="col2">Burundi</entry><entry VJ="1" colname="col3">Bujumbura</entry><entry VJ="1" colname="col4">20</entry></row><row><entry VJ="1" colname="col1">74</entry><entry VJ="1" colname="col2">Côte d´Ivoire</entry><entry VJ="1" colname="col3">Abidjan</entry><entry VJ="1" colname="col4">20</entry></row><row><entry VJ="1" colname="col1">75</entry><entry VJ="1" colname="col2">Dschibuti</entry><entry VJ="1" colname="col3">Dschibuti</entry><entry VJ="1" colname="col4">20</entry></row><row><entry VJ="1" colname="col1">76</entry><entry VJ="1" colname="col2">Eritrea</entry><entry VJ="1" colname="col3">Asmara</entry><entry VJ="1" colname="col4">20</entry></row><row><entry VJ="1" colname="col1">77</entry><entry VJ="1" colname="col2">Gabun</entry><entry VJ="1" colname="col3">Libreville</entry><entry VJ="1" colname="col4">20</entry></row><row><entry VJ="1" colname="col1">78</entry><entry VJ="1" colname="col2">Gambia</entry><entry VJ="1" colname="col3">Banjul</entry><entry VJ="1" colname="col4">16</entry></row><row><entry VJ="1" colname="col1">79</entry><entry VJ="1" colname="col2">Ghana</entry><entry VJ="1" colname="col3">Accra</entry><entry VJ="1" colname="col4">17</entry></row><row><entry VJ="1" colname="col1">80</entry><entry VJ="1" colname="col2">Guinea</entry><entry VJ="1" colname="col3">Conakry</entry><entry VJ="1" colname="col4">20</entry></row><row><entry VJ="1" colname="col1">81</entry><entry VJ="1" colname="col2">Kamerun</entry><entry VJ="1" colname="col3">Jaunde</entry><entry VJ="1" colname="col4">20</entry></row><row><entry VJ="1" colname="col1">82</entry><entry VJ="1" colname="col2">Kenia</entry><entry VJ="1" colname="col3">Nairobi</entry><entry VJ="1" colname="col4">14</entry></row><row><entry VJ="1" colname="col1">83</entry><entry VJ="1" colname="col2">Kongo</entry><entry VJ="1" colname="col3">Brazzaville</entry><entry VJ="1" colname="col4">20</entry></row><row><entry VJ="1" colname="col1">84</entry><entry VJ="1" colname="col2">Kongo,<BR/> Demokratische Republik</entry><entry VJ="1" colname="col3">Kinshasa</entry><entry VJ="1" colname="col4">20</entry></row><row><entry VJ="1" colname="col1">85</entry><entry VJ="1" colname="col2">Liberia</entry><entry VJ="1" colname="col3">Monrovia</entry><entry VJ="1" colname="col4">20</entry></row><row><entry VJ="1" colname="col1">86</entry><entry VJ="1" colname="col2">Libyen</entry><entry VJ="1" colname="col3">Tripolis</entry><entry VJ="1" colname="col4">20</entry></row><row><entry VJ="1" colname="col1">87</entry><entry VJ="1" colname="col2">Madagaskar</entry><entry VJ="1" colname="col3">Antananarivo</entry><entry VJ="1" colname="col4">20</entry></row><row><entry VJ="1" colname="col1">88</entry><entry VJ="1" colname="col2">Malawi</entry><entry VJ="1" colname="col3">Lilongwe</entry><entry VJ="1" colname="col4">17</entry></row><row><entry VJ="1" colname="col1">89</entry><entry VJ="1" colname="col2">Mali</entry><entry VJ="1" colname="col3">Bamako</entry><entry VJ="1" colname="col4">20</entry></row><row><entry VJ="1" colname="col1">90</entry><entry VJ="1" colname="col2">Marokko</entry><entry VJ="1" colname="col3">Rabat</entry><entry VJ="1" colname="col4">10</entry></row><row><entry VJ="1" colname="col1">91</entry><entry VJ="1" colname="col2">Mauretanien</entry><entry VJ="1" colname="col3">Nouakchott</entry><entry VJ="1" colname="col4">20</entry></row><row><entry VJ="1" colname="col1">92</entry><entry VJ="1" colname="col2">Mosambik</entry><entry VJ="1" colname="col3">Maputo</entry><entry VJ="1" colname="col4">18</entry></row><row><entry VJ="1" colname="col1">93</entry><entry VJ="1" colname="col2">Namibia</entry><entry VJ="1" colname="col3">Windhuk</entry><entry VJ="1" colname="col4">12</entry></row><row><entry VJ="1" colname="col1">94</entry><entry VJ="1" colname="col2">Niger</entry><entry VJ="1" colname="col3">Niamey</entry><entry VJ="1" colname="col4">20</entry></row><row><entry VJ="1" colname="col1">95</entry><entry VJ="1" colname="col2" morerows="1">Nigeria</entry><entry VJ="1" colname="col3">Abuja</entry><entry VJ="1" colname="col4">20</entry></row><row><entry VJ="1" colname="col1">96</entry><entry VJ="1" colname="col3">Lagos</entry><entry VJ="1" colname="col4">20</entry></row><row><entry VJ="1" colname="col1">97</entry><entry VJ="1" colname="col2">Ruanda</entry><entry VJ="1" colname="col3">Kigali</entry><entry VJ="1" colname="col4">17</entry></row><row><entry VJ="1" colname="col1">98</entry><entry VJ="1" colname="col2">Sambia</entry><entry VJ="1" colname="col3">Lusaka</entry><entry VJ="1" colname="col4">15</entry></row><row><entry VJ="1" colname="col1">99</entry><entry VJ="1" colname="col2">Senegal</entry><entry VJ="1" colname="col3">Dakar</entry><entry VJ="1" colname="col4">18</entry></row><row><entry VJ="1" colname="col1">100</entry><entry VJ="1" colname="col2">Sierra Leone</entry><entry VJ="1" colname="col3">Freetown</entry><entry VJ="1" colname="col4">20</entry></row><row><entry VJ="1" colname="col1">101</entry><entry VJ="1" colname="col2">Simbabwe</entry><entry VJ="1" colname="col3">Harare</entry><entry VJ="1" colname="col4">20</entry></row><row><entry VJ="1" colname="col1">102</entry><entry VJ="1" colname="col2">Somalia</entry><entry VJ="1" colname="col3">Mogadischu</entry><entry VJ="1" colname="col4">20</entry></row><row><entry VJ="1" colname="col1">103</entry><entry VJ="1" colname="col2">Sudan</entry><entry VJ="1" colname="col3">Khartum</entry><entry VJ="1" colname="col4">20</entry></row><row><entry VJ="1" colname="col1">104</entry><entry VJ="1" colname="col2" morerows="1">Südafrika</entry><entry VJ="1" colname="col3">Pretoria</entry><entry VJ="1" colname="col4">8</entry></row><row><entry VJ="1" colname="col1">105</entry><entry VJ="1" colname="col3">Kapstadt</entry><entry VJ="1" colname="col4">9</entry></row><row><entry VJ="1" colname="col1">106</entry><entry VJ="1" colname="col2">Südsudan</entry><entry VJ="1" colname="col3">Dschuba</entry><entry VJ="1" colname="col4">20</entry></row><row><entry VJ="1" colname="col1">107</entry><entry VJ="1" colname="col2">Tansania</entry><entry VJ="1" colname="col3">Daressalam</entry><entry VJ="1" colname="col4">20</entry></row><row><entry VJ="1" colname="col1">108</entry><entry VJ="1" colname="col2">Togo</entry><entry VJ="1" colname="col3">Lomé</entry><entry VJ="1" colname="col4">20</entry></row><row><entry VJ="1" colname="col1">109</entry><entry VJ="1" colname="col2">Tschad</entry><entry VJ="1" colname="col3">N´Djamena</entry><entry VJ="1" colname="col4">20</entry></row><row><entry VJ="1" colname="col1">110</entry><entry VJ="1" colname="col2">Tunesien</entry><entry VJ="1" colname="col3">Tunis</entry><entry VJ="1" colname="col4">10</entry></row><row><entry VJ="1" colname="col1">111</entry><entry VJ="1" colname="col2">Uganda</entry><entry VJ="1" colname="col3">Kampala</entry><entry VJ="1" colname="col4">15</entry></row><row><entry VJ="1" align="center" nameend="col4" namest="col1" valign="middle"><B>Abschnitt 3<BR/> Amerika</B></entry></row><row><entry VJ="1" colname="col1">112</entry><entry VJ="1" colname="col2">Argentinien</entry><entry VJ="1" colname="col3">Buenos Aires</entry><entry VJ="1" colname="col4">10</entry></row><row><entry VJ="1" colname="col1">113</entry><entry VJ="1" colname="col2">Bolivien</entry><entry VJ="1" colname="col3">La Paz</entry><entry VJ="1" colname="col4">16</entry></row><row><entry VJ="1" colname="col1">114</entry><entry VJ="1" colname="col2" morerows="4">Brasilien</entry><entry VJ="1" colname="col3">Brasilia</entry><entry VJ="1" colname="col4">12</entry></row><row><entry VJ="1" colname="col1">115</entry><entry VJ="1" colname="col3">Porto Alegre</entry><entry VJ="1" colname="col4">12</entry></row><row><entry VJ="1" colname="col1">116</entry><entry VJ="1" colname="col3">Recife</entry><entry VJ="1" colname="col4">12</entry></row><row><entry VJ="1" colname="col1">117</entry><entry VJ="1" colname="col3">Rio de Janeiro</entry><entry VJ="1" colname="col4">12</entry></row><row><entry VJ="1" colname="col1">118</entry><entry VJ="1" colname="col3">São Paulo</entry><entry VJ="1" colname="col4">11</entry></row><row><entry VJ="1" colname="col1">119</entry><entry VJ="1" colname="col2">Chile</entry><entry VJ="1" colname="col3">Santiago de Chile</entry><entry VJ="1" colname="col4">12</entry></row><row><entry VJ="1" colname="col1">120</entry><entry VJ="1" colname="col2">Costa Rica</entry><entry VJ="1" colname="col3">San José</entry><entry VJ="1" colname="col4">12</entry></row><row><entry VJ="1" colname="col1">121</entry><entry VJ="1" colname="col2">Dominikanische Republik</entry><entry VJ="1" colname="col3">Santo Domingo</entry><entry VJ="1" colname="col4">15</entry></row><row><entry VJ="1" colname="col1">122</entry><entry VJ="1" colname="col2">Ecuador</entry><entry VJ="1" colname="col3">Quito</entry><entry VJ="1" colname="col4">11</entry></row><row><entry VJ="1" colname="col1">123</entry><entry VJ="1" colname="col2">El Salvador</entry><entry VJ="1" colname="col3">San Salvador</entry><entry VJ="1" colname="col4">19</entry></row><row><entry VJ="1" colname="col1">124</entry><entry VJ="1" colname="col2">Guatemala</entry><entry VJ="1" colname="col3">Guatemala City</entry><entry VJ="1" colname="col4">15</entry></row><row><entry VJ="1" colname="col1">125</entry><entry VJ="1" colname="col2">Haiti</entry><entry VJ="1" colname="col3">Port-au-Prince</entry><entry VJ="1" colname="col4">20</entry></row><row><entry VJ="1" colname="col1">126</entry><entry VJ="1" colname="col2">Honduras</entry><entry VJ="1" colname="col3">Tegucigalpa</entry><entry VJ="1" colname="col4">19</entry></row><row><entry VJ="1" colname="col1">127</entry><entry VJ="1" colname="col2">Jamaika</entry><entry VJ="1" colname="col3">Kingston</entry><entry VJ="1" colname="col4">19</entry></row><row><entry VJ="1" colname="col1">128</entry><entry VJ="1" colname="col2" morerows="3">Kanada</entry><entry VJ="1" colname="col3">Ottawa</entry><entry VJ="1" colname="col4">5</entry></row><row><entry VJ="1" colname="col1">129</entry><entry VJ="1" colname="col3">Montreal</entry><entry VJ="1" colname="col4">5</entry></row><row><entry VJ="1" colname="col1">130</entry><entry VJ="1" colname="col3">Toronto</entry><entry VJ="1" colname="col4">5</entry></row><row><entry VJ="1" colname="col1">131</entry><entry VJ="1" colname="col3">Vancouver</entry><entry VJ="1" colname="col4">4</entry></row><row><entry VJ="1" colname="col1">132</entry><entry VJ="1" colname="col2">Kolumbien</entry><entry VJ="1" colname="col3">Bogotá</entry><entry VJ="1" colname="col4">9</entry></row><row><entry VJ="1" colname="col1">133</entry><entry VJ="1" colname="col2">Kuba</entry><entry VJ="1" colname="col3">Havanna</entry><entry VJ="1" colname="col4">18</entry></row><row><entry VJ="1" colname="col1">134</entry><entry VJ="1" colname="col2">Mexiko</entry><entry VJ="1" colname="col3">Mexiko City</entry><entry VJ="1" colname="col4">12</entry></row><row><entry VJ="1" colname="col1">135</entry><entry VJ="1" colname="col2">Nicaragua</entry><entry VJ="1" colname="col3">Managua</entry><entry VJ="1" colname="col4">18</entry></row><row><entry VJ="1" colname="col1">136</entry><entry VJ="1" colname="col2">Panama</entry><entry VJ="1" colname="col3">Panama</entry><entry VJ="1" colname="col4">12</entry></row><row><entry VJ="1" colname="col1">137</entry><entry VJ="1" colname="col2">Paraguay</entry><entry VJ="1" colname="col3">Asunción</entry><entry VJ="1" colname="col4">12</entry></row><row><entry VJ="1" colname="col1">138</entry><entry VJ="1" colname="col2">Peru</entry><entry VJ="1" colname="col3">Lima</entry><entry VJ="1" colname="col4">12</entry></row><row><entry VJ="1" colname="col1">139</entry><entry VJ="1" colname="col2">Trinidad und Tobago</entry><entry VJ="1" colname="col3">Port-of-Spain</entry><entry VJ="1" colname="col4">17</entry></row><row><entry VJ="1" colname="col1">140</entry><entry VJ="1" colname="col2">Uruguay</entry><entry VJ="1" colname="col3">Montevideo</entry><entry VJ="1" colname="col4">12</entry></row><row><entry VJ="1" colname="col1">141</entry><entry VJ="1" colname="col2">Venezuela</entry><entry VJ="1" colname="col3">Caracas</entry><entry VJ="1" colname="col4">19</entry></row><row><entry VJ="1" colname="col1">142</entry><entry VJ="1" colname="col2" morerows="8">Vereinigte Staaten</entry><entry VJ="1" colname="col3">Washington</entry><entry VJ="1" colname="col4">8</entry></row><row><entry VJ="1" colname="col1">143</entry><entry VJ="1" colname="col3">Atlanta</entry><entry VJ="1" colname="col4">7</entry></row><row><entry VJ="1" colname="col1">144</entry><entry VJ="1" colname="col3">Boston</entry><entry VJ="1" colname="col4">6</entry></row><row><entry VJ="1" colname="col1">145</entry><entry VJ="1" colname="col3">Chicago</entry><entry VJ="1" colname="col4">7</entry></row><row><entry VJ="1" colname="col1">146</entry><entry VJ="1" colname="col3">Houston</entry><entry VJ="1" colname="col4">6</entry></row><row><entry VJ="1" colname="col1">147</entry><entry VJ="1" colname="col3">Los Angeles</entry><entry VJ="1" colname="col4">7</entry></row><row><entry VJ="1" colname="col1">148</entry><entry VJ="1" colname="col3">Miami</entry><entry VJ="1" colname="col4">6</entry></row><row><entry VJ="1" colname="col1">149</entry><entry VJ="1" colname="col3">New York</entry><entry VJ="1" colname="col4">7</entry></row><row><entry VJ="1" colname="col1">150</entry><entry VJ="1" colname="col3">San Francisco</entry><entry VJ="1" colname="col4">7</entry></row><row><entry VJ="1" align="center" nameend="col4" namest="col1" valign="middle"><B>Abschnitt 4<BR/> Asien</B></entry></row><row><entry VJ="1" colname="col1">151</entry><entry VJ="1" colname="col2">Afghanistan</entry><entry VJ="1" colname="col3">Kabul</entry><entry VJ="1" colname="col4">20</entry></row><row><entry VJ="1" colname="col1">152</entry><entry VJ="1" colname="col2">Armenien</entry><entry VJ="1" colname="col3">Eriwan</entry><entry VJ="1" colname="col4">11</entry></row><row><entry VJ="1" colname="col1">153</entry><entry VJ="1" colname="col2">Aserbaidschan</entry><entry VJ="1" colname="col3">Baku</entry><entry VJ="1" colname="col4">14</entry></row><row><entry VJ="1" colname="col1">154</entry><entry VJ="1" colname="col2">Bahrain</entry><entry VJ="1" colname="col3">Manama</entry><entry VJ="1" colname="col4">13</entry></row><row><entry VJ="1" colname="col1">155</entry><entry VJ="1" colname="col2">Bangladesch</entry><entry VJ="1" colname="col3">Dhaka</entry><entry VJ="1" colname="col4">20</entry></row><row><entry VJ="1" colname="col1">156</entry><entry VJ="1" colname="col2">Brunei</entry><entry VJ="1" colname="col3">Bandar Seri Begawan</entry><entry VJ="1" colname="col4">15</entry></row><row><entry VJ="1" colname="col1">157</entry><entry VJ="1" colname="col2" morerows="5">China</entry><entry VJ="1" colname="col3">Peking</entry><entry VJ="1" colname="col4">13</entry></row><row><entry VJ="1" colname="col1">158</entry><entry VJ="1" colname="col3">Chengdu</entry><entry VJ="1" colname="col4">15</entry></row><row><entry VJ="1" colname="col1">159</entry><entry VJ="1" colname="col3">Hongkong</entry><entry VJ="1" colname="col4">11</entry></row><row><entry VJ="1" colname="col1">160</entry><entry VJ="1" colname="col3">Kanton</entry><entry VJ="1" colname="col4">15</entry></row><row><entry VJ="1" colname="col1">161</entry><entry VJ="1" colname="col3">Shanghai</entry><entry VJ="1" colname="col4">12</entry></row><row><entry VJ="1" colname="col1">162</entry><entry VJ="1" colname="col3">Shenyang</entry><entry VJ="1" colname="col4">19</entry></row><row><entry VJ="1" colname="col1">163</entry><entry VJ="1" colname="col2">Georgien</entry><entry VJ="1" colname="col3">Tiflis</entry><entry VJ="1" colname="col4">14</entry></row><row><entry VJ="1" colname="col1">164</entry><entry VJ="1" colname="col2" morerows="4">Indien</entry><entry VJ="1" colname="col3">Neu Delhi</entry><entry VJ="1" colname="col4">15</entry></row><row><entry VJ="1" colname="col1">165</entry><entry VJ="1" colname="col3">Bangalore</entry><entry VJ="1" colname="col4">14</entry></row><row><entry VJ="1" colname="col1">166</entry><entry VJ="1" colname="col3">Chennai</entry><entry VJ="1" colname="col4">14</entry></row><row><entry VJ="1" colname="col1">167</entry><entry VJ="1" colname="col3">Kalkutta</entry><entry VJ="1" colname="col4">15</entry></row><row><entry VJ="1" colname="col1">168</entry><entry VJ="1" colname="col3">Mumbai</entry><entry VJ="1" colname="col4">14</entry></row><row><entry VJ="1" colname="col1">169</entry><entry VJ="1" colname="col2">Indonesien</entry><entry VJ="1" colname="col3">Jakarta</entry><entry VJ="1" colname="col4">14</entry></row><row><entry VJ="1" colname="col1">170</entry><entry VJ="1" colname="col2" morerows="1">Irak</entry><entry VJ="1" colname="col3">Bagdad</entry><entry VJ="1" colname="col4">20</entry></row><row><entry VJ="1" colname="col1">171</entry><entry VJ="1" colname="col3">Erbil</entry><entry VJ="1" colname="col4">20</entry></row><row><entry VJ="1" colname="col1">172</entry><entry VJ="1" colname="col2">Iran</entry><entry VJ="1" colname="col3">Teheran</entry><entry VJ="1" colname="col4">20</entry></row><row><entry VJ="1" colname="col1">173</entry><entry VJ="1" colname="col2">Israel</entry><entry VJ="1" colname="col3">Tel Aviv</entry><entry VJ="1" colname="col4">13</entry></row><row><entry VJ="1" colname="col1">174</entry><entry VJ="1" colname="col2" morerows="1">Japan</entry><entry VJ="1" colname="col3">Tokyo</entry><entry VJ="1" colname="col4">9</entry></row><row><entry VJ="1" colname="col1">175</entry><entry VJ="1" colname="col3">Osaka-Kobe</entry><entry VJ="1" colname="col4">10</entry></row><row><entry VJ="1" colname="col1">176</entry><entry VJ="1" colname="col2">Jemen</entry><entry VJ="1" colname="col3">Sanaa</entry><entry VJ="1" colname="col4">20</entry></row><row><entry VJ="1" colname="col1">177</entry><entry VJ="1" colname="col2">Jordanien</entry><entry VJ="1" colname="col3">Amman</entry><entry VJ="1" colname="col4">13</entry></row><row><entry VJ="1" colname="col1">178</entry><entry VJ="1" colname="col2">Kambodscha</entry><entry VJ="1" colname="col3">Phnom Penh</entry><entry VJ="1" colname="col4">20</entry></row><row><entry VJ="1" colname="col1">179</entry><entry VJ="1" colname="col2" morerows="1">Kasachstan</entry><entry VJ="1" colname="col3">Astana</entry><entry VJ="1" colname="col4">15</entry></row><row><entry VJ="1" colname="col1">180</entry><entry VJ="1" colname="col3">Almaty</entry><entry VJ="1" colname="col4">14</entry></row><row><entry VJ="1" colname="col1">181</entry><entry VJ="1" colname="col2">Katar</entry><entry VJ="1" colname="col3">Doha</entry><entry VJ="1" colname="col4">13</entry></row><row><entry VJ="1" colname="col1">182</entry><entry VJ="1" colname="col2">Kirgisistan</entry><entry VJ="1" colname="col3">Bischkek</entry><entry VJ="1" colname="col4">18</entry></row><row><entry VJ="1" colname="col1">183</entry><entry VJ="1" colname="col2">Korea, Demokratische Volksrepublik</entry><entry VJ="1" colname="col3">Pjöngjang</entry><entry VJ="1" colname="col4">20</entry></row><row><entry VJ="1" colname="col1">184</entry><entry VJ="1" colname="col2">Korea, Republik</entry><entry VJ="1" colname="col3">Seoul</entry><entry VJ="1" colname="col4">9</entry></row><row><entry VJ="1" colname="col1">185</entry><entry VJ="1" colname="col2">Kuwait</entry><entry VJ="1" colname="col3">Kuwait</entry><entry VJ="1" colname="col4">15</entry></row><row><entry VJ="1" colname="col1">186</entry><entry VJ="1" colname="col2">Laos</entry><entry VJ="1" colname="col3">Vientiane</entry><entry VJ="1" colname="col4">16</entry></row><row><entry VJ="1" colname="col1">187</entry><entry VJ="1" colname="col2">Libanon</entry><entry VJ="1" colname="col3">Beirut</entry><entry VJ="1" colname="col4">15</entry></row><row><entry VJ="1" colname="col1">188</entry><entry VJ="1" colname="col2">Malaysia</entry><entry VJ="1" colname="col3">Kuala Lumpur</entry><entry VJ="1" colname="col4">8</entry></row><row><entry VJ="1" colname="col1">189</entry><entry VJ="1" colname="col2">Mongolei</entry><entry VJ="1" colname="col3">Ulan Bator</entry><entry VJ="1" colname="col4">20</entry></row><row><entry VJ="1" colname="col1">190</entry><entry VJ="1" colname="col2">Myanmar</entry><entry VJ="1" colname="col3">Rangun</entry><entry VJ="1" colname="col4">20</entry></row><row><entry VJ="1" colname="col1">191</entry><entry VJ="1" colname="col2">Nepal</entry><entry VJ="1" colname="col3">Kathmandu</entry><entry VJ="1" colname="col4">20</entry></row><row><entry VJ="1" colname="col1">192</entry><entry VJ="1" colname="col2">Oman</entry><entry VJ="1" colname="col3">Maskat</entry><entry VJ="1" colname="col4">14</entry></row><row><entry VJ="1" colname="col1">193</entry><entry VJ="1" colname="col2" morerows="1">Pakistan</entry><entry VJ="1" colname="col3">Islamabad</entry><entry VJ="1" colname="col4">16</entry></row><row><entry VJ="1" colname="col1">194</entry><entry VJ="1" colname="col3">Karachi</entry><entry VJ="1" colname="col4">16</entry></row><row><entry VJ="1" colname="col1">195</entry><entry VJ="1" colname="col2">Philippinen</entry><entry VJ="1" colname="col3">Manila</entry><entry VJ="1" colname="col4">12</entry></row><row><entry VJ="1" colname="col1">196</entry><entry VJ="1" colname="col2" morerows="1">Saudi-Arabien</entry><entry VJ="1" colname="col3">Riad</entry><entry VJ="1" colname="col4">17</entry></row><row><entry VJ="1" colname="col1">197</entry><entry VJ="1" colname="col3">Djidda</entry><entry VJ="1" colname="col4">17</entry></row><row><entry VJ="1" colname="col1">198</entry><entry VJ="1" colname="col2">Singapur</entry><entry VJ="1" colname="col3">Singapur</entry><entry VJ="1" colname="col4">9</entry></row><row><entry VJ="1" colname="col1">199</entry><entry VJ="1" colname="col2">Sri Lanka</entry><entry VJ="1" colname="col3">Colombo</entry><entry VJ="1" colname="col4">16</entry></row><row><entry VJ="1" colname="col1">200</entry><entry VJ="1" colname="col2">Syrien</entry><entry VJ="1" colname="col3">Damaskus</entry><entry VJ="1" colname="col4">20</entry></row><row><entry VJ="1" colname="col1">201</entry><entry VJ="1" colname="col2">Tadschikistan</entry><entry VJ="1" colname="col3">Duschanbe</entry><entry VJ="1" colname="col4">19</entry></row><row><entry VJ="1" colname="col1">202</entry><entry VJ="1" colname="col2">Thailand</entry><entry VJ="1" colname="col3">Bangkok</entry><entry VJ="1" colname="col4">13</entry></row><row><entry VJ="1" colname="col1">203</entry><entry VJ="1" colname="col2">Turkmenistan</entry><entry VJ="1" colname="col3">Aschgabat</entry><entry VJ="1" colname="col4">18</entry></row><row><entry VJ="1" colname="col1">204</entry><entry VJ="1" colname="col2">Usbekistan</entry><entry VJ="1" colname="col3">Taschkent</entry><entry VJ="1" colname="col4">17</entry></row><row><entry VJ="1" colname="col1">205</entry><entry VJ="1" colname="col2" morerows="1">Vereinigte Arabische Emirate</entry><entry VJ="1" colname="col3">Abu Dhabi</entry><entry VJ="1" colname="col4">12</entry></row><row><entry VJ="1" colname="col1">206</entry><entry VJ="1" colname="col3">Dubai</entry><entry VJ="1" colname="col4">11</entry></row><row><entry VJ="1" colname="col1">207</entry><entry VJ="1" colname="col2" morerows="1">Vietnam</entry><entry VJ="1" colname="col3">Hanoi</entry><entry VJ="1" colname="col4">16</entry></row><row><entry VJ="1" colname="col1">208</entry><entry VJ="1" colname="col3">Ho-Chi-Minh-Stadt</entry><entry VJ="1" colname="col4">17</entry></row><row><entry VJ="1" align="center" nameend="col4" namest="col1" valign="middle"><B>Abschnitt 5<BR/> Australien, Neuseeland und Ozeanien</B></entry></row><row><entry VJ="1" colname="col1">209</entry><entry VJ="1" colname="col2" morerows="1">Australien</entry><entry VJ="1" colname="col3">Canberra</entry><entry VJ="1" colname="col4">8</entry></row><row><entry VJ="1" colname="col1">210</entry><entry VJ="1" colname="col3">Sydney</entry><entry VJ="1" colname="col4">7</entry></row><row><entry VJ="1" colname="col1">211</entry><entry VJ="1" colname="col2">Fidschi</entry><entry VJ="1" colname="col3">Suva</entry><entry VJ="1" colname="col4">15</entry></row><row><entry VJ="1" colname="col1">212</entry><entry VJ="1" colname="col2">Neuseeland</entry><entry VJ="1" colname="col3">Wellington</entry><entry VJ="1" colname="col4">7</entry></row><row><entry VJ="1" align="center" nameend="col4" namest="col1" valign="middle"><B>Abschnitt 6<BR/> Weitere Dienstorte</B></entry></row><row><entry VJ="1" colname="col1">213</entry><entry VJ="1" colname="col2"/><entry VJ="1" colname="col3">Ramallah (Palästinensisches Autonomiegebiet)</entry><entry VJ="1" colname="col4">19</entry></row><row><entry VJ="1" colname="col1">214</entry><entry VJ="1" colname="col2"/><entry VJ="1" colname="col3">Taipei (Taiwan)</entry><entry VJ="1" colname="col4">10</entry></row></tbody></tgroup></table></Content></text><fussnoten/></textdaten></norm>
<norm builddate="20250311223005" doknr="BJNR117700010BJNE001017130"><metadaten><jurabk>AuslZuschlV 2010</jurabk><jurabk>AuslZuschlV</jurabk><enbez>Anlage 2</enbez><titel format="XML">(zu § 1 Absatz 2 Satz 3)</titel></metadaten><textdaten><text format="XML"><Content><P><noindex><kommentar typ="Fundstelle">(Fundstelle: BGBl. 2024 I Nr. 209, S. 11 – 13)</kommentar></noindex><BR/><BR/></P><table colsep="1" frame="all" rowsep="1" tocentry="%yes;"><tgroup align="left" char="" charoff="50" cols="4"><colspec colname="col1" colwidth="20*"/><colspec colname="col2" colwidth="50*"/><colspec colname="col3" colwidth="50*"/><colspec align="center" colname="col4" colwidth="30*"/><thead valign="bottom"><row rowsep="1" valign="middle"><entry VJ="1" colname="col1"/><entry VJ="1" align="center" colname="col2">Staat</entry><entry VJ="1" align="center" colname="col3">Dienstort</entry><entry VJ="1" align="center" colname="col4">Dienstortstufe</entry></row><row><entry VJ="1" colname="col1"/><entry VJ="1" align="center" colname="col2">1</entry><entry VJ="1" align="center" colname="col3">2</entry><entry VJ="1" colname="col4">3</entry></row></thead><tbody valign="top"><row><entry VJ="1" align="center" nameend="col4" namest="col1" valign="middle"><B>Abschnitt 1<BR/> Europa</B></entry></row><row><entry VJ="1">1</entry><entry VJ="1" morerows="2">Frankreich</entry><entry VJ="1">Le Luc/Le Cannet-des-Maures/ Draguignan</entry><entry VJ="1">4</entry></row><row><entry VJ="1">2</entry><entry VJ="1">Nancy/Toul</entry><entry VJ="1">4</entry></row><row><entry VJ="1">3</entry><entry VJ="1">Cayenne/Französisch-Guayana</entry><entry VJ="1">15</entry></row><row><entry VJ="1">4</entry><entry VJ="1" morerows="4">Italien</entry><entry VJ="1">Catania/Sigonella/Lentini/Motta Sant´Anastasia</entry><entry VJ="1">3</entry></row><row><entry VJ="1">5</entry><entry VJ="1">Ghedi</entry><entry VJ="1">3</entry></row><row><entry VJ="1">6</entry><entry VJ="1">Neapel/Giugliano/Lago Patria</entry><entry VJ="1">4</entry></row><row><entry VJ="1">7</entry><entry VJ="1">Poggio Renatico/Ferrara</entry><entry VJ="1">3</entry></row><row><entry VJ="1">8</entry><entry VJ="1">Turin</entry><entry VJ="1">2</entry></row><row><entry VJ="1">9</entry><entry VJ="1" morerows="1">Litauen</entry><entry VJ="1">Rukla</entry><entry VJ="1">8</entry></row><row><entry VJ="1">10</entry><entry VJ="1">Rudninkai/Pabrade/Ukmerge/Zapalskiai</entry><entry VJ="1">8</entry></row><row><entry VJ="1">11</entry><entry VJ="1" morerows="1">Polen</entry><entry VJ="1">Stettin</entry><entry VJ="1">5</entry></row><row><entry VJ="1">12</entry><entry VJ="1">Posen</entry><entry VJ="1">5</entry></row><row><entry VJ="1">13</entry><entry VJ="1">Tschechische Republik</entry><entry VJ="1">Vyškov</entry><entry VJ="1">7</entry></row><row><entry VJ="1">14</entry><entry VJ="1" colname="col2" morerows="10" rowsep="0">Vereinigtes Königreich</entry><entry VJ="1">Andover (Hants)</entry><entry VJ="1">6</entry></row><row><entry VJ="1">15</entry><entry VJ="1">Bicester</entry><entry VJ="1">4</entry></row><row><entry VJ="1">16</entry><entry VJ="1">Blackwater</entry><entry VJ="1">4</entry></row><row><entry VJ="1">17</entry><entry VJ="1">Blandford</entry><entry VJ="1">6</entry></row><row><entry VJ="1">18</entry><entry VJ="1">Brize Norton</entry><entry VJ="1">5</entry></row><row><entry VJ="1">19</entry><entry VJ="1">Bristol</entry><entry VJ="1">5</entry></row><row><entry VJ="1">20</entry><entry VJ="1">Camberley</entry><entry VJ="1">4</entry></row><row><entry VJ="1">21</entry><entry VJ="1">Coningsby</entry><entry VJ="1">6</entry></row><row><entry VJ="1">22</entry><entry VJ="1">Culdrose/Helston</entry><entry VJ="1">5</entry></row><row><entry VJ="1">23</entry><entry VJ="1">Fareham</entry><entry VJ="1">5</entry></row><row><entry VJ="1">24</entry><entry VJ="1">High Wycombe/Waters Ash</entry><entry VJ="1">4</entry></row><row><entry VJ="1">25</entry><entry VJ="1" colname="col2" morerows="12"/><entry VJ="1">Honington/Cranwell RAF</entry><entry VJ="1">5</entry></row><row><entry VJ="1">26</entry><entry VJ="1">Huntingdon</entry><entry VJ="1">5</entry></row><row><entry VJ="1">27</entry><entry VJ="1">Innsworth</entry><entry VJ="1">5</entry></row><row><entry VJ="1">28</entry><entry VJ="1">Lossiemouth</entry><entry VJ="1">6</entry></row><row><entry VJ="1">29</entry><entry VJ="1">Plymouth</entry><entry VJ="1">5</entry></row><row><entry VJ="1">30</entry><entry VJ="1">Portsmouth</entry><entry VJ="1">5</entry></row><row><entry VJ="1">31</entry><entry VJ="1">Preston</entry><entry VJ="1">5</entry></row><row><entry VJ="1">32</entry><entry VJ="1">Salisbury</entry><entry VJ="1">6</entry></row><row><entry VJ="1">33</entry><entry VJ="1">Shawbury/Shrewsbury</entry><entry VJ="1">6</entry></row><row><entry VJ="1">34</entry><entry VJ="1">Shrivenham/Swindon</entry><entry VJ="1">5</entry></row><row><entry VJ="1">35</entry><entry VJ="1">Warminster</entry><entry VJ="1">6</entry></row><row><entry VJ="1">36</entry><entry VJ="1">Warton</entry><entry VJ="1">5</entry></row><row><entry VJ="1">37</entry><entry VJ="1">Yeovilton</entry><entry VJ="1">6</entry></row><row><entry VJ="1" align="center" nameend="col4" namest="col1" valign="middle"><B>Abschnitt 2<BR/> Amerika</B></entry></row><row><entry VJ="1" colname="col1">38</entry><entry VJ="1" colname="col2" morerows="4">Kanada</entry><entry VJ="1" colname="col3">Cold Lake</entry><entry VJ="1" colname="col4">10</entry></row><row><entry VJ="1" colname="col1">39</entry><entry VJ="1" colname="col3">Kelowna</entry><entry VJ="1" colname="col4">6</entry></row><row><entry VJ="1" colname="col1">40</entry><entry VJ="1" colname="col3">Southport/Portage la Prairie</entry><entry VJ="1" colname="col4">10</entry></row><row><entry VJ="1" colname="col1">41</entry><entry VJ="1" colname="col3">St. Johns</entry><entry VJ="1" colname="col4">7</entry></row><row><entry VJ="1" colname="col1">42</entry><entry VJ="1" colname="col3">Winnipeg</entry><entry VJ="1" colname="col4">10</entry></row><row><entry VJ="1" colname="col1">43</entry><entry VJ="1" colname="col2" morerows="16" rowsep="0">Vereinigte Staaten</entry><entry VJ="1" colname="col3">Alamogordo (New Mexico)</entry><entry VJ="1" colname="col4">8</entry></row><row><entry VJ="1" colname="col1">44</entry><entry VJ="1" colname="col3">Albuquerque (New Mexico)</entry><entry VJ="1" colname="col4">8</entry></row><row><entry VJ="1" colname="col1">45</entry><entry VJ="1" colname="col3">Carlisle Barraks (Pennsylvania)</entry><entry VJ="1" colname="col4">8</entry></row><row><entry VJ="1" colname="col1">46</entry><entry VJ="1" colname="col3">Colorado Springs (Colorado)</entry><entry VJ="1" colname="col4">8</entry></row><row><entry VJ="1" colname="col1">47</entry><entry VJ="1" colname="col3">Dallas (Texas)</entry><entry VJ="1" colname="col4">8</entry></row><row><entry VJ="1" colname="col1">48</entry><entry VJ="1" colname="col3">Dayton (Ohio)/Wright Patterson AFB</entry><entry VJ="1" colname="col4">8</entry></row><row><entry VJ="1" colname="col1">49</entry><entry VJ="1" colname="col3">El Paso (Texas)</entry><entry VJ="1" colname="col4">8</entry></row><row><entry VJ="1" colname="col1">50</entry><entry VJ="1" colname="col3">Fort Eisenhower (Fort Gordon alt) (Georgia)</entry><entry VJ="1" colname="col4">9</entry></row><row><entry VJ="1" colname="col1">51</entry><entry VJ="1" colname="col3">Fort Benning (Georgia)</entry><entry VJ="1" colname="col4">9</entry></row><row><entry VJ="1" colname="col1">52</entry><entry VJ="1" colname="col3">Fort Huachuca (Arizona)</entry><entry VJ="1" colname="col4">10</entry></row><row><entry VJ="1" colname="col1">53</entry><entry VJ="1" colname="col3">Fort Leavenworth (Kansas)</entry><entry VJ="1" colname="col4">8</entry></row><row><entry VJ="1" colname="col1">54</entry><entry VJ="1" colname="col3">Fort Liberty (Fort Bragg alt)/Fayetteville (North Carolina))</entry><entry VJ="1" colname="col4">8</entry></row><row><entry VJ="1" colname="col1">55</entry><entry VJ="1" colname="col3">Fort Leonard Wood (Missouri)</entry><entry VJ="1" colname="col4">8</entry></row><row><entry VJ="1" colname="col1">56</entry><entry VJ="1" colname="col3">Fort Novosel (Fort Rucker alt)/Enterprise (Alabama)</entry><entry VJ="1" colname="col4">9</entry></row><row><entry VJ="1" colname="col1">57</entry><entry VJ="1" colname="col3">Fort Sill (Oklahoma)</entry><entry VJ="1" colname="col4">8</entry></row><row><entry VJ="1" colname="col1">58</entry><entry VJ="1" colname="col3">Goodyear/Phoenix (Arizona)</entry><entry VJ="1" colname="col4">8</entry></row><row><entry VJ="1" colname="col1">59</entry><entry VJ="1" colname="col3">Hampton Roads (Fort Eustis,<BR/> Fort Gregg-Adams (Fort Lee alt)), Virginia Beach (Dam Neck), Suffolk, Norfolk, Langley AFB/Newport News (Virginia)</entry><entry VJ="1" colname="col4">6</entry></row><row><entry VJ="1" colname="col1">60</entry><entry VJ="1" colname="col2" morerows="12"/><entry VJ="1" colname="col3">Honolulu (Hawaii)</entry><entry VJ="1" colname="col4">9</entry></row><row><entry VJ="1" colname="col1">61</entry><entry VJ="1" colname="col3">Jacksonville/Mayport/Starke (Florida)</entry><entry VJ="1" colname="col4">7</entry></row><row><entry VJ="1" colname="col1">62</entry><entry VJ="1" colname="col3">Kirtland AFB (New Mexico)</entry><entry VJ="1" colname="col4">8</entry></row><row><entry VJ="1" colname="col1">63</entry><entry VJ="1" colname="col3">Maxwell AFB/Montgomery</entry><entry VJ="1" colname="col4">9</entry></row><row><entry VJ="1" colname="col1">64</entry><entry VJ="1" colname="col3">Orlando (Florida)</entry><entry VJ="1" colname="col4">7</entry></row><row><entry VJ="1" colname="col1">65</entry><entry VJ="1" colname="col3">Panama City/Tyndall AFB (Florida)</entry><entry VJ="1" colname="col4">9</entry></row><row><entry VJ="1" colname="col1">66</entry><entry VJ="1" colname="col3">Pensacola/Eglin AFB (Florida)</entry><entry VJ="1" colname="col4">9</entry></row><row><entry VJ="1" colname="col1">67</entry><entry VJ="1" colname="col3">Reston/Dulles AFB (Virginia)</entry><entry VJ="1" colname="col4">9</entry></row><row><entry VJ="1" colname="col1">68</entry><entry VJ="1" colname="col3">Redstone/Huntsville (Alabama)</entry><entry VJ="1" colname="col4">8</entry></row><row><entry VJ="1" colname="col1">69</entry><entry VJ="1" colname="col3">Sheppard AFB/Wichita Falls (Texas)</entry><entry VJ="1" colname="col4">8</entry></row><row><entry VJ="1" colname="col1">70</entry><entry VJ="1" colname="col3">Tampa (Florida)</entry><entry VJ="1" colname="col4">7</entry></row><row><entry VJ="1" colname="col1">71</entry><entry VJ="1" colname="col3">Tucson (Arizona)</entry><entry VJ="1" colname="col4">8</entry></row><row><entry VJ="1" colname="col1">72</entry><entry VJ="1" colname="col3">Yuma (Arizona)</entry><entry VJ="1" colname="col4">10</entry></row></tbody></tgroup></table></Content></text><fussnoten/></textdaten></norm>
</dokumente>