<?xml version="1.0" encoding="UTF-8" ?><!DOCTYPE dokumente SYSTEM "http://www.gesetze-im-internet.de/dtd/1.01/gii-norm.dtd">
<dokumente builddate="20240813214503" doknr="BJNR101600004"><norm builddate="20240813214503" doknr="BJNR101600004"><metadaten><jurabk>FrSaftV 2004</jurabk><amtabk>FrSaftErfrischGetrV</amtabk><ausfertigung-datum manuell="ja">2004-05-24</ausfertigung-datum><fundstelle typ="amtlich"><periodikum>BGBl I</periodikum><zitstelle>2004, 1016</zitstelle></fundstelle><kurzue>Fruchtsaft- und Erfrischungsgetränkeverordnung</kurzue><langue>Verordnung über Fruchtsaft, Fruchtnektar und koffeinhaltige Erfrischungsgetränke</langue><standangabe checked="ja"><standtyp>Stand</standtyp><standkommentar>Zuletzt geändert durch Art. 3 V v. 26.4.2023 I Nr. 115</standkommentar></standangabe></metadaten><textdaten><text format="XML"><Content><P><noindex>Mit dieser Verordnung wird die Richtlinie 2001/112/EG des Rates vom 20. Dezember 2001 über Fruchtsäfte und bestimmte gleichartige Erzeugnisse für die menschliche Ernährung (ABl. EG 2002 Nr. L 10 S. 58) in deutsches Recht umgesetzt.</noindex></P></Content></text><fussnoten><Content><P><BR/> <pre xml:space="preserve">(+++ Textnachweis ab: 28.5.2004 +++)<BR/>(+++ Amtlicher Hinweis des Normgebers auf EG-Recht:<BR/>     Umsetzung der<BR/>       EGRL 112/2001 (CELEX Nr: 301L0112) +++)<BR/><BR/></pre>Überschrift, Kurzbezeichnung u. Buchstabenabkürzung: IdF d. Art. 3 Nr. 1 V v. 26.4.2023 I Nr. 115 mWv 29.4.2023</P></Content></fussnoten></textdaten></norm>
<norm builddate="20240813214503" doknr="BJNR101600004BJNE000100000"><metadaten><jurabk>FrSaftV 2004</jurabk><jurabk>FrSaftErfrischGetrV</jurabk><enbez>Eingangsformel</enbez></metadaten><textdaten><text format="XML"><Content><P>Das Bundesministerium für Verbraucherschutz, Ernährung und Landwirtschaft verordnet <DL Font="normal" Type="arabic"><DT>-</DT><DD Font="normal"><LA Size="normal">auf Grund des § 12 Abs. 1 Nr. 1 und Abs. 2 Nr. 2a und 3 in Verbindung mit Abs. 3 des Lebensmittel- und Bedarfsgegenständegesetzes in der Fassung der Bekanntmachung vom 9. September 1997 (BGBl. I S. 2296) im Einvernehmen mit dem Bundesministerium für Wirtschaft und Arbeit und dem Bundesministerium für Umwelt, Naturschutz und Reaktorsicherheit sowie</LA></DD> <DT>-</DT><DD Font="normal"><LA Size="normal">auf Grund des § 19 Abs. 1 Nr. 1, 2 Buchstabe b, Nr. 3 und 4 Buchstabe a und c des Lebensmittel- und Bedarfsgegenständegesetzes in der Fassung der Bekanntmachung vom 9. September 1997 (BGBl. I S. 2296) im Einvernehmen mit dem Bundesministerium für Wirtschaft und Arbeit,</LA></DD> </DL>von denen § 12 Abs. 3 und § 19 Abs. 1 zuletzt durch Artikel 34 Nr. 1 der Verordnung vom 25. November 2003 (BGBl. I S. 2304) geändert worden sind:</P></Content></text></textdaten></norm>
<norm builddate="20240813214503" doknr="BJNR101600004BJNG000100310"><metadaten><jurabk>FrSaftV 2004</jurabk><jurabk>FrSaftErfrischGetrV</jurabk><gliederungseinheit><gliederungskennzahl>010</gliederungskennzahl><gliederungsbez>Abschnitt 1</gliederungsbez><gliederungstitel>Anwendungsbereich</gliederungstitel></gliederungseinheit></metadaten><textdaten><text format="XML"><Content><P><!--leerzeile --></P></Content></text><fussnoten/></textdaten></norm>
<norm builddate="20240813214503" doknr="BJNR101600004BJNE000203130"><metadaten><jurabk>FrSaftV 2004</jurabk><jurabk>FrSaftErfrischGetrV</jurabk><enbez>§ 1</enbez><titel format="XML">Anwendungsbereich</titel></metadaten><textdaten><text format="XML"><Content><P>(1) Die in Anlage 1 aufgeführten Erzeugnisse unterliegen dieser Verordnung, soweit sie dazu bestimmt sind, als Lebensmittel gewerbsmäßig in den Verkehr gebracht zu werden.</P><P>(2) Diese Verordnung gilt nach Maßgabe des Abschnitts 3 auch für koffeinhaltige Erfrischungsgetränke.</P></Content></text><fussnoten/></textdaten></norm>
<norm builddate="20240813214503" doknr="BJNR101600004BJNG000200310"><metadaten><jurabk>FrSaftV 2004</jurabk><jurabk>FrSaftErfrischGetrV</jurabk><gliederungseinheit><gliederungskennzahl>020</gliederungskennzahl><gliederungsbez>Abschnitt 2</gliederungsbez><gliederungstitel>Fruchtsaft, einige ähnliche Erzeugnisse und Fruchtnektar</gliederungstitel></gliederungseinheit></metadaten><textdaten><text format="XML"><Content><P><!--leerzeile --></P></Content></text><fussnoten/></textdaten></norm>
<norm builddate="20240813214503" doknr="BJNR101600004BJNE000303130"><metadaten><jurabk>FrSaftV 2004</jurabk><jurabk>FrSaftErfrischGetrV</jurabk><enbez>§ 2</enbez><titel format="XML">Zutaten, Herstellungsanforderungen</titel></metadaten><textdaten><text format="XML"><Content><P>(1) Die Ausgangserzeugnisse für Erzeugnisse nach Anlage 1 müssen den Anforderungen der Anlage 2 entsprechen.</P><P>(2) Für die Herstellung von Erzeugnissen nach Anlage 1 dürfen die in Anlage 3 aufgeführten Zutaten nach den dort genannten Maßgaben verwendet werden.</P><P>(3) Für die Herstellung von Erzeugnissen nach Anlage 1 dürfen die in Anlage 4 Abschnitt A aufgeführten Verfahren nach den dort genannten Maßgaben angewendet werden.</P><P>(4) Bei dem gewerbsmäßigen Herstellen von Erzeugnissen nach Anlage 1 dürfen <DL Font="normal" Type="arabic"><DT>1.</DT><DD Font="normal"><LA Size="normal">vorbehaltlich Absatz 5 Satz 2 und Absatz 7 andere als die in den Absätzen 1 und 2 bezeichneten Zutaten nicht verwendet und</LA></DD><DT>2.</DT><DD Font="normal"><LA Size="normal">andere als in Anlage 4 Abschnitt A bezeichnete Verfahren nicht angewendet</LA></DD></DL>werden.</P><P>(5) Als Lebensmittelzusatzstoffe für die Bearbeitung von Erzeugnissen nach Anlage 1 bei ihrer Herstellung sind die in Anlage 4 Abschnitt B aufgeführten Stoffe nur nach den dort genannten Maßgaben zugelassen. Im Übrigen sind die Vorschriften der Verordnung (EG) Nr. 1333/2008 des Europäischen Parlaments und des Rates vom 16. Dezember 2008 über Lebensmittelzusatzstoffe (ABl. L 354 vom 31.12.2008, S. 16) anzuwenden.</P><P>(6) Fruchtnektare müssen die nach Anlage 5 vorgeschriebenen Mindestgehalte an Fruchtsaft oder Fruchtmark aufweisen.</P><P>(7) Bei Fruchtsäften aus Fruchtsaftkonzentrat muss die lösliche Trockenmasse dem jeweiligen Mindestbrixwert für wiederhergestellte Säfte nach Anlage 6 entsprechen. Abweichend von Satz 1 muss der Mindestbrixwert des wiederhergestellten Fruchtsaftes bei Fruchtsaft aus Fruchtsaftkonzentrat, der aus einer nicht in Anlage 6 aufgeführten Frucht hergestellt wird, dem Brixwert des Saftes entsprechen, der zur Herstellung des Konzentrates verwendet wurde.</P><P>(8) Unberührt bleiben die Vorschriften über den Zusatz von Vitaminen und Mineralstoffen zu Lebensmitteln.</P></Content></text><fussnoten/></textdaten></norm>
<norm builddate="20240813214503" doknr="BJNR101600004BJNE000404116"><metadaten><jurabk>FrSaftV 2004</jurabk><jurabk>FrSaftErfrischGetrV</jurabk><enbez>§ 3</enbez><titel format="XML">Kennzeichnung</titel></metadaten><textdaten><text format="XML"><Content><P>(1) Für die in Anlage 1 aufgeführten Erzeugnisse sind die dort in Spalte 1 genannten Bezeichnungen Bezeichnungen der Lebensmittel nach der Verordnung (EU) Nr. 1169/2011 des Europäischen Parlaments und des Rates vom 25. Oktober 2011 betreffend die Information der Verbraucher über Lebensmittel und zur Änderung der Verordnungen (EG) Nr. 1924/2006 und (EG) Nr. 1925/2006 des Europäischen Parlaments und des Rates und zur Aufhebung der Richtlinie 87/250/EWG der Kommission, der Richtlinie 90/496/EWG des Rates, der Richtlinie 1999/10/EG der Kommission, der Richtlinie 2000/13/EG des Europäischen Parlaments und des Rates, der Richtlinien 2002/67/EG und 2008/5/EG der Kommission und der Verordnung (EG) Nr. 608/2004 der Kommission (ABl. L 304 vom 22.11.2011, S. 18; L 331 vom 18.11.2014, S. 41; L 50 vom 21.2.2015, S. 48; L 266 vom 30.9.2016, S. 7) in der jeweils geltenden Fassung.</P><P>(2) Die in Anlage 1 vorgeschriebenen Bezeichnungen sind den dort in Spalte 1 genannten Erzeugnissen vorbehalten. Abweichend von Satz 1 dürfen Erzeugnisse aus einer einzigen Fruchtart nur dann in den Verkehr gebracht werden, wenn der Wortbestandteil &quot;Frucht&quot; durch die Bezeichnung der Fruchtart ersetzt wurde. Bei den in Anlage 1 aufgeführten Erzeugnissen, Fruchtmark und konzentriertem Fruchtmark, die mit der entsprechenden Bezeichnung des Lebensmittels oder der gebräuchlichen Bezeichnung der jeweils verwendeten Früchte benannt sind, sind bei der Herstellung die in Anlage 6 mit ihren botanischen Namen aufgeführten Fruchtarten zu verwenden. Bei Fruchtarten, die nicht in Anlage 6 aufgeführt sind, ist der korrekte botanische oder allgemein gebräuchliche Name der Frucht in der Bezeichnung des Lebensmittels anzugeben. Die Bezeichnung &quot;Süßmost&quot; darf nur in Verbindung mit der Bezeichnung des Lebensmittels &quot;Fruchtsaft&quot; oder &quot;Fruchtnektar&quot; verwendet werden für: <DL Font="normal" Type="arabic"><DT>1.</DT><DD Font="normal"><LA>Fruchtsaft, der aus Äpfeln oder Birnen, letzterer gegebenenfalls unter Hinzufügung von Äpfeln, hergestellt wurde,</LA></DD><DT>2.</DT><DD Font="normal"><LA Size="normal">Fruchtnektar, der ausschließlich aus Fruchtsäften, konzentrierten Fruchtsäften oder einem Gemisch dieser beiden Erzeugnisse hergestellt wurde, die auf Grund ihres hohen Säuregehaltes zum unmittelbaren Genuss nicht geeignet sind.</LA></DD></DL>Ergänzend zu den nach den Sätzen 1 und 2 vorgeschriebenen Bezeichnungen können die in Anlage 7 vorgesehenen Bezeichnungen nach den dort genannten Maßgaben verwendet werden.</P><P>(3) In Anlage 1 aufgeführte Erzeugnisse dürfen gewerbsmäßig nur in den Verkehr gebracht werden, wenn zusätzlich zu den nach der Verordnung (EU) Nr. 1169/2011 vorgeschriebenen Angaben nach Maßgabe des Absatzes 4 angegeben sind: <DL Font="normal" Type="arabic"><DT>1.</DT><DD Font="normal"><LA>bei Erzeugnissen aus zwei oder mehr Fruchtarten als Bestandteil der Bezeichnung des Lebensmittels die Angabe der verwendeten Fruchtarten in absteigender Reihenfolge des Volumens der enthaltenen Fruchtsäfte oder des enthaltenen Fruchtmarks entsprechend den Angaben im Verzeichnis der Zutaten,</LA></DD><DT>2.</DT><DD Font="normal"><LA Size="normal">bei Fruchtsäften der Zusatz von Fruchtfleisch oder Zellen,</LA></DD><DT>3.</DT><DD Font="normal"><LA Size="normal">bei Mischungen aus Fruchtsäften und aus Konzentrat gewonnenen Fruchtsäften sowie bei Fruchtnektar, der ganz oder teilweise aus einem oder mehreren konzentrierten Erzeugnissen gewonnen wurde, die Angabe &quot;aus Fruchtsaftkonzentrat(en)&quot; oder &quot;teilweise aus Fruchtsaftkonzentrat(en)&quot;,</LA></DD><DT>4.</DT><DD Font="normal"><LA Size="normal">bei Fruchtnektar der Mindestgehalt an Fruchtsaft oder Fruchtmark durch die Angabe &quot;Fruchtgehalt: mindestens ...%&quot;,</LA></DD><DT>5.</DT><DD Font="normal"><LA>bei konzentriertem Fruchtsaft oder Fruchtsaftkonzentrat nach Anlage 1 Nummer 2, der nicht zur Abgabe an den Verbraucher bestimmt ist, und dem Zitronensaft, Limettensaft oder nach der Verordnung (EG) Nr. 1333/2008 zugelassene Säuerungsmittel zugesetzt wurde, deren Vorhandensein und Menge.</LA></DD></DL>Die Angabe nach Satz 1 Nummer 5 hat auf der Verpackung, auf einem an der Verpackung angebrachten Etikett oder in einem Begleitdokument zu erfolgen. Abweichend von Satz 1 Nr. 1 kann bei aus drei oder mehr Fruchtarten hergestellten Erzeugnissen statt der dort vorgeschriebenen Angabe die Angabe &quot;Mehrfrucht&quot;, eine ähnliche Angabe oder die Angabe der Zahl der verwendeten Fruchtarten gebraucht werden; Zitronensaft oder Limettensaft, der nach Maßgabe von Anlage 3 Nr. 2 verwendet wurde, muss bei der Feststellung der Zahl der verwendeten Fruchtarten nicht berücksichtigt werden.</P><P>(4) Die Angabe nach Absatz 3 Satz 1 Nummer 3 ist deutlich hervortretend und in Verbindung mit der Bezeichnung des Lebensmittels anzubringen. Die Angabe nach Absatz 3 Satz 1 Nummer 4 ist im selben Sichtfeld wie die Bezeichnung des Lebensmittels anzubringen. Im Übrigen gelten Artikel 8 Absatz 7, Artikel 12 Absatz 1 und 2 und Artikel 13 Absatz 1 bis 3 der Verordnung (EU) Nr. 1169/2011 sowie § 2 der Lebensmittelinformations-Durchführungsverordnung entsprechend.</P><P>(5) Abweichend von Artikel 9 Absatz 1 Buchstabe b der Verordnung (EU) Nr. 1169/2011 ist die Angabe der zur Wiederherstellung des ursprünglichen Zustandes der in Anlage 1 aufgeführten Erzeugnisse unerlässlichen Zutaten im Zutatenverzeichnis nicht erforderlich.</P><P>(6) Fruchtnektar darf mit der Angabe, dass diesem kein Zucker zugesetzt wurde, oder einer Angabe, bei der davon auszugehen ist, dass diese für den Verbraucher dieselbe Bedeutung hat, nur in den Verkehr gebracht werden, wenn das Erzeugnis keine zugesetzten <DL Type="arabic"><DT>1.</DT><DD Font="normal"><LA>Monosaccharide,</LA></DD><DT>2.</DT><DD Font="normal"><LA>Disaccharide oder</LA></DD><DT>3.</DT><DD Font="normal"><LA>anderen Lebensmittel, die wegen ihrer süßenden Eigenschaften verwendet werden, einschließlich Süßungsmittel im Sinne der Verordnung (EG) Nr. 1333/2008,</LA></DD></DL>enthält. Ist Zucker von Natur aus in Fruchtnektar enthalten, sollte dieser mit dem zusätzlichen Hinweis auf dem Etikett „Enthält von Natur aus Zucker“ in den Verkehr gebracht werden.</P></Content></text><fussnoten/></textdaten></norm>
<norm builddate="20240813214503" doknr="BJNR101600004BJNG000300310"><metadaten><jurabk>FrSaftV 2004</jurabk><jurabk>FrSaftErfrischGetrV</jurabk><gliederungseinheit><gliederungskennzahl>030</gliederungskennzahl><gliederungsbez>Abschnitt 3</gliederungsbez><gliederungstitel>Koffeinhaltige Erfrischungsgetränke</gliederungstitel></gliederungseinheit></metadaten><textdaten><text format="XML"><Content><P><!--leerzeile --></P></Content></text><fussnoten/></textdaten></norm>
<norm builddate="20240813214503" doknr="BJNR101600004BJNE001800310"><metadaten><jurabk>FrSaftV 2004</jurabk><jurabk>FrSaftErfrischGetrV</jurabk><enbez>§ 4</enbez><titel format="XML">Begriffsbestimmungen</titel></metadaten><textdaten><text format="XML"><Content><P>(1) Koffeinhaltige Erfrischungsgetränke im Sinne dieser Verordnung sind Getränke auf der Grundlage von Wasser, die geschmackgebende Zutaten oder Aromen enthalten und denen Koffein oder koffeinhaltige Zutaten zugesetzt worden sind. Sie dürfen zudem weitere Zutaten enthalten. Satz 2 gilt nicht für Alkohol, auch als Zutat oder sonstiger Bestandteil eines alkoholhaltigen Getränkes. Unberührt bleibt ein Alkoholgehalt bis zu einer Menge von 2 Gramm pro Liter, der<DL Type="arabic"><DT>1.</DT><DD Font="normal"><LA>auf der Verwendung von Aromen beruht oder</LA></DD><DT>2.</DT><DD Font="normal"><LA>auf Grund natürlicher und unvermeidbarer Gärungsprozesse in anderen verwendeten Zutaten enthalten ist.</LA></DD></DL></P><P>(2) Energydrinks sind koffeinhaltige Erfrischungsgetränke, die zusätzlich einen oder mehrere der in Anlage 8 Teil B aufgeführten Stoffe enthalten.</P></Content></text><fussnoten/></textdaten></norm>
<norm builddate="20240813214503" doknr="BJNR101600004BJNE001900310"><metadaten><jurabk>FrSaftV 2004</jurabk><jurabk>FrSaftErfrischGetrV</jurabk><enbez>§ 5</enbez><titel format="XML">Besondere Anforderungen an Herstellung und Inverkehrbringen</titel></metadaten><textdaten><text format="XML"><Content><P>(1) Ein koffeinhaltiges Erfrischungsgetränk darf nur so hergestellt oder in den Verkehr gebracht werden, dass im Enderzeugnis Koffein mit einem Gesamtgehalt, einschließlich der aus anderen Zutaten stammenden Gehalte, nicht die in Anlage 8 Teil A festgelegte Höchstmenge übersteigt.</P><P>(2) Ein Energydrink darf nur so hergestellt oder in den Verkehr gebracht werden, dass im Enderzeugnis die in Anlage 8 Teil B genannten Stoffe nicht die dort jeweils festgesetzten Höchstmengen übersteigen.</P></Content></text><fussnoten/></textdaten></norm>
<norm builddate="20240813214503" doknr="BJNR101600004BJNE002001116"><metadaten><jurabk>FrSaftV 2004</jurabk><jurabk>FrSaftErfrischGetrV</jurabk><enbez>§ 6</enbez><titel format="XML">Kennzeichnung koffeinhaltiger Erfrischungsgetränke</titel></metadaten><textdaten><text format="XML"><Content><P>(1) Koffeinhaltige Erfrischungsgetränke mit einem Koffeingehalt von mehr als 150 Milligramm Koffein pro Liter im verzehrfertigen Zustand, die <DL Type="arabic"><DT>1.</DT><DD Font="normal"><LA>ohne Verpackung zum Verkauf angeboten werden,</LA></DD><DT>2.</DT><DD Font="normal"><LA>auf Wunsch des Endverbrauchers oder des Anbieters von Gemeinschaftsverpflegung am Verkaufsort verpackt werden oder</LA></DD><DT>3.</DT><DD Font="normal"><LA>im Hinblick auf ihren unmittelbaren Verkauf vorverpackt und nicht zur Selbstbedienung angeboten werden,</LA></DD></DL>dürfen mit dem Ziel der Abgabe an den Endverbraucher oder an Anbieter von Gemeinschaftsverpflegung nur in den Verkehr gebracht werden, wenn sie nach Maßgabe des Absatzes 2 mit den Angaben nach Anhang III Nummer 4.1. der Verordnung (EU) Nr. 1169/2011 versehen sind.</P><P>(2) Die Angaben nach Absatz 1 sind wie folgt anzubringen: <DL Type="arabic"><DT>1.</DT><DD Font="normal"><LA>bei der Abgabe ohne Verpackung auf einem Schild auf oder neben dem koffeinhaltigen Erfrischungsgetränk oder</LA></DD><DT>2.</DT><DD Font="normal"><LA>bei der Abgabe von koffeinhaltigen Erfrischungsgetränken durch Anbieter von Gemeinschaftsverpflegung: auf Speise- und Getränkekarten oder in Preisverzeichnissen oder, sofern keine solchen ausgelegt oder ausgehändigt werden, in einem sonstigen Aushang oder in einer schriftlichen Mitteilung.</LA></DD></DL></P><P>(3) Im Fall von Absatz 2 Nummer 2 dürfen die vorgeschriebenen Angaben in Fußnoten angebracht werden, wenn bei der Bezeichnung des Lebensmittels auf die entsprechende Fußnote hingewiesen wird.</P></Content></text><fussnoten/></textdaten></norm>
<norm builddate="20240813214503" doknr="BJNR101600004BJNG000402130"><metadaten><jurabk>FrSaftV 2004</jurabk><jurabk>FrSaftErfrischGetrV</jurabk><gliederungseinheit><gliederungskennzahl>040</gliederungskennzahl><gliederungsbez>Abschnitt 4</gliederungsbez><gliederungstitel>Verkehrsverbote, Straftaten und Ordnungswidrigkeiten, Übergangsregelungen</gliederungstitel></gliederungseinheit></metadaten><textdaten><text format="XML"><Content><P><!--leerzeile --></P></Content></text><fussnoten/></textdaten></norm>
<norm builddate="20240813214503" doknr="BJNR101600004BJNE000505130"><metadaten><jurabk>FrSaftV 2004</jurabk><jurabk>FrSaftErfrischGetrV</jurabk><enbez>§ 7</enbez><titel format="XML">Verkehrsverbote</titel></metadaten><textdaten><text format="XML"><Content><P>Lebensmittel, die mit einer in Anlage 1 aufgeführten Bezeichnung versehen sind, ohne der in Anlage 1 jeweils festgelegten Herstellungsanforderung oder § 2 Absatz 1, 4, 5 Satz 1, Absatz 6 oder 7 zu entsprechen, dürfen gewerbsmäßig nicht in den Verkehr gebracht werden.</P></Content></text><fussnoten/></textdaten></norm>
<norm builddate="20240813214503" doknr="BJNR101600004BJNE000605130"><metadaten><jurabk>FrSaftV 2004</jurabk><jurabk>FrSaftErfrischGetrV</jurabk><enbez>§ 8</enbez><titel format="XML">Straftaten und Ordnungswidrigkeiten</titel></metadaten><textdaten><text format="XML"><Content><P>(1) Nach § 58 Absatz 1 Nummer 18, Absatz 4 bis 6 des Lebensmittel- und Futtermittelgesetzbuches wird bestraft, wer vorsätzlich oder fahrlässig entgegen § 5 ein dort genanntes Lebensmittel herstellt oder in den Verkehr bringt.</P><P>(2) Nach § 59 Absatz 1 Nummer 21 Buchstabe a des Lebensmittel- und Futtermittelgesetzbuches wird bestraft, wer entgegen § 7 ein Lebensmittel in den Verkehr bringt.</P><P>(3) Wer eine in Absatz 2 bezeichnete Handlung fahrlässig begeht, handelt nach § 60 Absatz 1 Nummer 2 des Lebensmittel- und Futtermittelgesetzbuches ordnungswidrig.</P><P>(4) Ordnungswidrig im Sinne des § 60 Abs. 2 Nr. 26 Buchstabe a des Lebensmittel- und Futtermittelgesetzbuches handelt, wer vorsätzlich oder fahrlässig entgegen § 3 Absatz 2 Satz 2, Absatz 3 Satz 1 oder Absatz 6 Satz 1 oder § 6 Absatz 1 ein Erzeugnis in den Verkehr bringt.</P></Content></text><fussnoten/></textdaten></norm>
<norm builddate="20240813214503" doknr="BJNR101600004BJNE000903130"><metadaten><jurabk>FrSaftV 2004</jurabk><jurabk>FrSaftErfrischGetrV</jurabk><enbez>§ 9</enbez><titel format="XML">Inkrafttreten, Außerkrafttreten</titel></metadaten><textdaten><text format="XML"><Content><P>Die Verordnung tritt am Tag nach der Verkündung in Kraft.</P></Content></text><fussnoten/></textdaten></norm>
<norm builddate="20240813214503" doknr="BJNR101600004BJNE001002130"><metadaten><jurabk>FrSaftV 2004</jurabk><jurabk>FrSaftErfrischGetrV</jurabk><enbez>Schlussformel</enbez></metadaten><textdaten><text format="XML"><Content><P>Der Bundesrat hat zugestimmt.</P></Content></text><fussnoten/></textdaten></norm>
<norm builddate="20240813214503" doknr="BJNR101600004BJNE001106130"><metadaten><jurabk>FrSaftV 2004</jurabk><jurabk>FrSaftErfrischGetrV</jurabk><enbez>Anlage 1</enbez><titel format="XML">(zu § 1 Absatz 1, § 2 Absatz 1 bis 5, § 3 Absatz 1 bis 3 und § 7)</titel></metadaten><textdaten><text format="XML"><Content><P><noindex><kommentar typ="Fundstelle">(Fundstelle: BGBl. I 2013, 3891 - 3892;<BR/>bzgl. der einzelnen Änderungen vgl. Fußnote)</kommentar></noindex></P><BR/><BR/><P><table colsep="1" frame="all" rowsep="1" tocentry="%yes;"><Title Align="auto" Class="S3">Bezeichnungen der Lebensmittel, Herstellungsanforderungen</Title><tgroup align="left" char="" charoff="50" cols="4"><colspec colname="col1" colwidth="5.01*"/><colspec colname="COLSPEC0" colwidth="4.76*"/><colspec colname="col2" colwidth="42.67*"/><colspec colname="col3" colwidth="122.59*"/><thead valign="bottom"><row rowsep="1"><entry VJ="1" align="center" colname="col1" colsep="0" valign="middle">Lfd. Nr.</entry><entry VJ="1" align="center" valign="middle"/><entry VJ="1" align="center" colname="col2" valign="middle">Bezeichnungen der Lebensmittel</entry><entry VJ="1" align="center" colname="col3" valign="middle">Herstellungsanforderungen</entry></row></thead><tbody valign="top"><row rowsep="0"><entry VJ="1" colname="col1" colsep="0">1.</entry><entry VJ="1" align="right">a)</entry><entry VJ="1" colname="col2">Fruchtsaft</entry><entry VJ="1" align="justify" colname="col3"><DL Font="normal" Type="arabic"><DT>a)</DT><DD Font="normal"><LA Size="normal">Fruchtsaft ist das gärfähige, jedoch nicht gegorene, aus dem genießbaren Teil gesunder und reifer Früchte (frisch oder durch Kälte haltbar gemacht) einer oder mehrerer Fruchtarten gewonnene Erzeugnis, das die für den Saft dieser Frucht/Früchte charakteristische Farbe, das dafür charakteristische Aroma und den dafür charakteristischen Geschmack aufweist. Aroma, Fruchtfleisch und Zellen, die mit geeigneten physikalischen Verfahren aus derselben Fruchtart gewonnen wurden, dürfen im Saft wiederhergestellt werden. Das Mischen von Fruchtsaft mit Fruchtmark bei der Herstellung von Fruchtsaft ist zulässig.<BR/><BR/>Der Brixwert des Fruchtsaftes muss dem des aus der Frucht gewonnenen Saftes entsprechen und darf nicht verändert werden, ausgenommen bei Verschnitten mit dem Saft derselben Fruchtart.<BR/><BR/>Bei Zitrusfrüchten stammt der Fruchtsaft vom Endokarp; Limettensaft kann jedoch auch aus der ganzen Frucht hergestellt werden.<BR/><BR/>Werden Fruchtsäfte aus Früchten mit Kernen, Samenkörnern und Schale hergestellt, dürfen Stücke oder Bestandteile von Kernen, Samenkörnern und Schale nicht im Fruchtsaft enthalten sein. Dies gilt jedoch nicht in Fällen, in denen Stücke oder Bestandteile von Kernen, Samenkörnern und Schale nicht durch Verfahren der guten Herstellungspraxis entfernt werden können.</LA></DD></DL></entry></row><row rowsep="1"><entry VJ="1" colname="col1" colsep="0"/><entry VJ="1" align="right">b)</entry><entry VJ="1" colname="col2">Fruchtsaft aus<BR/> Fruchtsaftkonzentrat</entry><entry VJ="1" align="justify" colname="col3"><DL Font="normal" Type="arabic"><DT>b)</DT><DD Font="normal"><LA Size="normal">Fruchtsaft aus Fruchtsaftkonzentrat ist das Erzeugnis, das aus konzentriertem Fruchtsaft im Sinne der Nummer 2 mit Trinkwasser wiederhergestellt wird, das die Anforderungen erfüllt, die in der Trinkwasserverordnung in der Fassung der Bekanntmachung vom 10. März 2016 (BGBl. I S. 459), die zuletzt durch Artikel 1 der Verordnung vom 22. September 2021 (BGBl. I S. 4343) geändert worden ist, in der jeweils geltenden Fassung, aufgeführt sind.<BR/><BR/>Fruchtsaft aus Fruchtsaftkonzentrat wird nur mit geeigneten Verfahren hergestellt, die die wesentlichen physikalischen, chemischen, organoleptischen und nährstoffbezogenen Merkmale eines durchschnittlichen, aus Früchten derselben Art hergestellten Saftes erhalten.<BR/><BR/>Aroma, Fruchtfleisch und Zellen, die mit geeigneten physikalischen Verfahren aus derselben Fruchtart gewonnen werden, dürfen im Fruchtsaft aus Fruchtsaftkonzentrat wiederhergestellt werden.<BR/><BR/>Das Mischen von Fruchtsaft oder konzentriertem Fruchtsaft mit Fruchtmark oder konzentriertem Fruchtmark bei der Herstellung von Fruchtsaft aus Fruchtsaftkonzentrat ist zulässig.</LA></DD></DL>Bei Traubensaft dürfen die Weinsäuresalze, die bei der Herstellung abgetrennt wurden, wieder zugefügt werden.</entry></row><row><entry VJ="1" colname="col1" colsep="0">2.</entry><entry VJ="1"/><entry VJ="1" colname="col2">Konzentrierter Fruchtsaft/Fruchtsaftkonzentrat</entry><entry VJ="1" align="justify" colname="col3">Konzentrierter Fruchtsaft oder Fruchtsaftkonzentrat ist das Erzeugnis, das aus dem Saft einer oder mehrerer Fruchtarten durch physikalischen Entzug eines bestimmten Teils des natürlich enthaltenen Wassers gewonnen wird. Wenn das Erzeugnis zum direkten Verbrauch bestimmt ist, muss dieser Entzug mindestens 50 Prozent betragen.<BR/><BR/>Aroma, Fruchtfleisch und Zellen, die mit geeigneten physikalischen Verfahren aus derselben Fruchtart gewonnen werden, dürfen im konzentrierten Fruchtsaft wiederhergestellt werden.</entry></row><row><entry VJ="1" colname="col1" colsep="0">3.</entry><entry VJ="1"/><entry VJ="1" colname="col2">Mit Wasser extrahierter Fruchtsaft</entry><entry VJ="1" align="justify" colname="col3">Mit Wasser extrahierter Fruchtsaft ist das Erzeugnis, das durch Diffusion mit Wasser aus fleischigen ganzen Früchten, deren Saft nicht mit physikalischen Verfahren extrahiert werden kann, oder aus getrockneten ganzen Früchten gewonnen wird.</entry></row><row><entry VJ="1" colname="col1" colsep="0">4.</entry><entry VJ="1"/><entry VJ="1" colname="col2">Getrockneter Fruchtsaft/Fruchtsaftpulver</entry><entry VJ="1" colname="col3">Getrockneter Fruchtsaft oder Fruchtsaftpulver ist das Erzeugnis, das aus dem Saft einer oder mehrerer Fruchtarten durch physikalischen Entzug nahezu des gesamten natürlich enthaltenen Wassers hergestellt wird.</entry></row><row rowsep="0"><entry VJ="1" colname="col1" colsep="0">5.</entry><entry VJ="1"/><entry VJ="1" colname="col2">Fruchtnektar</entry><entry VJ="1" align="justify" colname="col3">Fruchtnektar ist das gärfähige, jedoch nicht gegorene Erzeugnis, das durch Zusatz von Wasser mit oder ohne Zusatz von Zuckerarten oder Honig zu den unter den Nummern 1 bis 4 genannten Erzeugnissen, zu Fruchtmark, konzentriertem Fruchtmark oder zu einem Gemisch dieser Erzeugnisse hergestellt wird und außerdem der Anlage 5 entspricht.</entry></row><row><entry VJ="1" colname="col1" colsep="0"/><entry VJ="1"/><entry VJ="1" colname="col2"/><entry VJ="1" align="justify" colname="col3">Der Zusatz von Zuckerarten oder Honig ist bis zu höchstens 20 Prozent des Gesamtgewichts des fertigen Erzeugnisses zulässig.<BR/><BR/>Unbeschadet der Verordnung (EG) Nr. 1924/2006 des Europäischen Parlaments und des Rates vom 20. Dezember 2006 über nährwert- und gesundheitsbezogene Angaben über Lebensmittel (ABl. L 404 vom 30.12.2006, S. 9) kann bei der Herstellung von Fruchtnektaren ohne zugesetzte Zuckerarten oder mit vermindertem Energiegehalt der Zucker in Übereinstimmung mit der Verordnung (EG) Nr. 1333/2008 ganz oder teilweise durch Süßungsmittel ersetzt werden.<BR/><BR/>Aroma, Fruchtfleisch und Zellen, die mit geeigneten physikalischen Verfahren aus derselben Fruchtart gewonnen werden, dürfen im Fruchtnektar wiederhergestellt werden.</entry></row></tbody></tgroup></table></P></Content></text><fussnoten/></textdaten></norm>
<norm builddate="20240813214503" doknr="BJNR101600004BJNE001201116"><metadaten><jurabk>FrSaftV 2004</jurabk><jurabk>FrSaftErfrischGetrV</jurabk><enbez>Anlage 2</enbez><titel format="XML">(zu § 2 Abs. 1)</titel></metadaten><textdaten><text format="XML"><Content><P><noindex><kommentar typ="Fundstelle">(Fundstelle: BGBl. I 2004, 1021;<BR/>bzgl. der einzelnen Änderungen vgl. Fußnote)</kommentar></noindex></P><BR/><BR/><P><DL Font="normal" Type="arabic"><DT/><DD Font="normal"><LA Size="normal"><DL Font="normal" Type="arabic"><DT/><DD Font="normal"><LA Size="normal"><DL Font="normal" Type="arabic"><DT/><DD Font="normal"><LA Size="normal"><DL Font="normal" Type="arabic"><DT/><DD Font="normal"><LA Size="normal">Ausgangserzeugnisse</LA></DD></DL></LA></DD></DL></LA></DD></DL></LA></DD><DT>1.</DT><DD Font="normal"><LA Size="normal">Frucht:</LA><LA Size="normal">alle Früchte, einschließlich Tomaten/Paradeiser; die verwendeten Früchte müssen gesund, angemessen reif und frisch sein; sie dürfen in Übereinstimmung mit den einschlägigen Rechtsvorschriften auch mit physikalischen Mitteln haltbar gemacht oder behandelt sein, einschließlich einer Nacherntebehandlung,</LA></DD><DT>2.</DT><DD Font="normal"><LA Size="normal">Fruchtmark:</LA><LA Size="normal">das gärfähige, jedoch nicht gegorene Erzeugnis, das durch geeignete physikalische Verfahren wie Passieren, Zerkleinern oder Mahlen des genießbaren Teils der ganzen oder geschälten Frucht ohne Abtrennen des Saftes gewonnen wird,</LA></DD><DT>3.</DT><DD Font="normal"><LA Size="normal">konzentriertes Fruchtmark:</LA><LA Size="normal">das aus Fruchtmark durch physikalischen Entzug eines Teils des natürlich enthaltenen Wassers gewonnene Erzeugnis; konzentriertem Fruchtmark können Restaurationsaromen hinzugefügt sein; diese dürfen nur mit geeigneten physikalischen Verfahren gemäß Anlage 4 Abschnitt A Nummer 1 erzeugt und von derselben Fruchtart gewonnen werden,</LA></DD><DT>4.</DT><DD Font="normal"><LA Size="normal">Fruchtfleisch oder Zellen:</LA><LA Size="normal">die aus den genießbaren Teilen von Früchten der gleichen Art ohne Abtrennung des Saftes gewonnenen Erzeugnisse; bei Zitrusfrüchten sind Fruchtfleisch oder Zellen ferner die aus dem Endokarp gewonnen Saftsäcke,</LA></DD><DT>5.</DT><DD Font="normal"><LA Size="normal">Aroma:</LA><LA Size="normal">unbeschadet der Verordnung (EG) Nr. 1334/2008 des Europäischen Parlaments und des Rates vom 16. Dezember 2008 über Aromen und bestimmte Lebensmittelzutaten mit Aromaeigenschaften zur Verwendung in und auf Lebensmitteln sowie zur Änderung der Verordnung (EWG) Nr. 1601/91 des Rates, der Verordnungen (EG) Nr. 2232/96 und (EG) Nr. 110/2008 und der Richtlinie 2000/13/EG (ABl. L 354 vom 31.12.2008, S. 34) werden fruchteigene Restaurationsaromen bei der Verarbeitung von Früchten mittels geeigneter physikalischer Verfahren gewonnen; diese physikalischen Verfahren können eingesetzt werden, um die Aromaqualität zu erhalten, zu bewahren oder zu stabilisieren, und umfassen vor allem Pressen, Extraktion, Destillation, Filtern, Adsorption, Evaporation, Fraktionieren und Konzentrieren; das Restaurationsaroma wird aus den genießbaren Teilen der Frucht gewonnen, kann jedoch auch kaltgepresstes Öl aus Zitrusschalen und Bestandteile der Steine enthalten.</LA></DD></DL></P></Content></text><fussnoten/></textdaten></norm>
<norm builddate="20240813214503" doknr="BJNR101600004BJNE001302116"><metadaten><jurabk>FrSaftV 2004</jurabk><jurabk>FrSaftErfrischGetrV</jurabk><enbez>Anlage 3</enbez><titel format="XML">(zu § 2 Absatz 2)</titel></metadaten><textdaten><text format="XML"><Content><P><noindex><kommentar typ="Fundstelle">(Fundstelle: BGBl. I 2013, 3892)</kommentar></noindex></P><BR/><BR/><Title Align="auto" Class="S3">Zutaten</Title><BR/><P>Bei der Herstellung von Erzeugnissen nach Anlage 1 dürfen folgende Zutaten verwendet werden: <DL Font="normal" Type="arabic"><DT>1.</DT><DD Font="normal"><LA Size="normal">Zuckerarten nach Maßgabe der Zuckerartenverordnung, Fructosesirup, aus Früchten stammende Zuckerarten und Honig: bei Erzeugnissen nach § 3 Absatz 2 Satz 5 Nummer 2, Erzeugnissen nach Anlage 1 Nummer 5 und Erzeugnissen nach Anlage 7 Nummer 1, 2, 5 und 8,</LA></DD><DT>2.</DT><DD Font="normal"><LA Size="normal">Zitronensaft, Limettensaft, konzentrierter Zitronensaft oder konzentrierter Limettensaft: bei allen Erzeugnissen nach Anlage 1 zur Korrektur des sauren Geschmacks in einer Menge von höchstens 3 g/l, berechnet als wasserfreie Zitronensäure,</LA></DD><DT>3.</DT><DD Font="normal"><LA Size="normal">Vitamine und Mineralstoffe gemäß der Verordnung (EG) Nr. 1925/2006 des Europäischen Parlaments und des Rates vom 20. Dezember 2006 über den Zusatz von Vitaminen und Mineralstoffen sowie bestimmten anderen Stoffen zu Lebensmitteln (ABl. L 404 vom 30.12.2006, S. 26): bei allen Erzeugnissen nach Anlage 1,</LA></DD><DT>4.</DT><DD Font="normal"><LA Size="normal">Salz, Gewürze und aromatische Kräuter: bei Tomaten-/Paradeisersaft und Tomaten-/Paradeisersaft aus Tomaten-/Paradeisersaftkonzentrat.</LA></DD></DL></P></Content></text><fussnoten/></textdaten></norm>
<norm builddate="20240813214503" doknr="BJNR101600004BJNE001402116"><metadaten><jurabk>FrSaftV 2004</jurabk><jurabk>FrSaftErfrischGetrV</jurabk><enbez>Anlage 4</enbez><titel format="XML">(zu § 2 Abs. 3 und 5)</titel></metadaten><textdaten><text format="XML"><Content><P><noindex><kommentar typ="Fundstelle">(Fundstelle: BGBl. I 2004, 1023;<BR/>bzgl. der einzelnen Änderungen vgl. Fußnote)</kommentar></noindex></P><BR/><BR/><P><DL Font="normal" Type="arabic"><DT/><DD Font="normal"><LA Size="normal"><DL Font="normal" Type="arabic"><DT/><DD Font="normal"><LA Size="normal"><DL Font="normal" Type="arabic"><DT/><DD Font="normal"><LA Size="normal"><DL Font="normal" Type="arabic"><DT/><DD Font="normal"><LA Size="normal">A. Verfahren</LA></DD></DL></LA></DD></DL></LA></DD></DL></LA></DD></DL>Bei der Herstellung der in Anlage 1 genannten Erzeugnisse dürfen folgende Verfahren angewendet werden: <DL Font="normal" Type="arabic"><DT>1.</DT><DD Font="normal"><LA Size="normal">die physikalischen Verfahren:<DL Font="normal" Type="arabic"><DT>a)</DT><DD Font="normal"><LA Size="normal">mechanische Extraktionsverfahren;</LA></DD><DT>b)</DT><DD Font="normal"><LA Size="normal">die üblichen physikalischen Verfahren, einschließlich der Extraktion durch Wasser („in-line“-Verfahren) des essbaren Teils der Früchte, ausgenommen Weintrauben, zur Herstellung der Fruchtsaftkonzentrate, sofern die so gewonnenen Fruchtsäfte den Anforderungen von Anlage 1 Nr. 1 entsprechen;</LA></DD><DT>c)</DT><DD Font="normal"><LA Size="normal">bei Traubensäften ist für den Fall, dass die Trauben mit Schwefeldioxid behandelt wurden, eine Entschwefelung durch physikalische Verfahren zulässig, sofern die Gesamtmenge an Schwefeldioxid im Enderzeugnis 10 mg/l nicht überschreitet;</LA></DD></DL></LA></DD><DT>2.</DT><DD Font="normal"><LA Size="normal">das Bearbeiten mit Speisegelatine.</LA></DD></DL></P><P><DL Font="normal" Type="arabic"><DT/><DD Font="normal"><LA Size="normal"><DL Font="normal" Type="arabic"><DT/><DD Font="normal"><LA Size="normal"><DL Font="normal" Type="arabic"><DT/><DD Font="normal"><LA Size="normal"><DL Font="normal" Type="arabic"><DT/><DD Font="normal"><LA Size="normal">B. Lebensmittelzusatzstoffe für die Bearbeitung</LA></DD></DL></LA></DD></DL></LA></DD></DL></LA></DD><DT>1.</DT><DD Font="normal"><LA Size="normal">Pectinasen, Proteinasen und Amylasen, die den Anforderungen der Verordnung (EG) Nr. 1332/2008 des Europäischen Parlaments und des Rates vom 16. Dezember 2008 über Lebensmittelenzyme und zur Änderung der Richtlinie 83/417/EWG des Rates, der Verordnung (EG) Nr. 1493/1999 des Rates, der Richtlinie 2000/13/EG, der Richtlinie 2001/112/EG des Rates sowie der Verordnung (EG) Nr. 258/97 (ABl. L 354 vom 31.12.2008, S. 7) entsprechen;</LA></DD><DT>2.</DT><DD Font="normal"><LA Size="normal">Tannine;</LA></DD><DT>3.</DT><DD Font="normal"><LA Size="normal">Bentonit als adsorbierende Tonerde, Kieselsol, Kohle;</LA></DD><DT>4.</DT><DD Font="normal"><LA Size="normal">chemisch inerte Filterstoffe und Fällungsmittel wie Perlit, Kieselgur, Zellulose, unlösliches Polyamid, Polyvinylpolypyrrolidon oder Polystyrol, die den Vorschriften der Verordnung (EG) Nr. 1935/2004 des Europäischen Parlaments und des Rates vom 27. Oktober 2004 über Materialien und Gegenstände, die dazu bestimmt sind, mit Lebensmitteln in Berührung zu kommen und zur Aufhebung der Richtlinien 80/590/EWG und 89/109/EWG (ABl. L 338 vom 13.11.2004, S. 4), entsprechen;</LA></DD><DT>5.</DT><DD Font="normal"><LA Size="normal">chemisch inerte Adsorptionsstoffe, die den Vorschriften der Verordnung (EG) Nr. 1935/2004 entsprechen und dazu verwendet werden, den Limonoid- und Naringingehalt des Zitrussaftes zu verringern, ohne hierdurch die limonoiden Glukoside, die Säure, die Zucker (einschließlich der Oligosaccharide) oder den Mineralgehalt erheblich zu vermindern;</LA></DD><DT>6.</DT><DD Font="normal"><LA Size="normal">Stickstoff;</LA></DD><DT>7.</DT><DD Font="normal"><LA Size="normal">Pflanzenproteine aus Weizen, Erbsen oder Kartoffeln für die Klärung.</LA></DD></DL></P></Content></text><fussnoten/></textdaten></norm>
<norm builddate="20240813214503" doknr="BJNR101600004BJNE001501116"><metadaten><jurabk>FrSaftV 2004</jurabk><jurabk>FrSaftErfrischGetrV</jurabk><enbez>Anlage 5</enbez><titel format="XML">(zu § 2 Abs. 6)</titel></metadaten><textdaten><text format="XML"><Content><P><noindex><kommentar typ="Fundstelle">(Fundstelle: BGBl. I 2004, 1024 - 1025;<BR/>bzgl. der einzelnen Änderungen vgl. Fußnote)</kommentar></noindex></P><BR/><BR/><P><table frame="bottom" tocentry="%yes;"><tgroup align="left" char="" charoff="50" cols="3" colsep="0" rowsep="0"><colspec colname="col1" colnum="1" colwidth="10*"/><colspec colname="col2" colnum="2" colwidth="70*"/><colspec colname="col3" colnum="3" colwidth="30*"/><tbody valign="top"><row rowsep="1"><entry VJ="1" align="center" colsep="0" nameend="col3" namest="col1" valign="top">Besondere Vorschriften für Fruchtnektar</entry></row><row rowsep="1"><entry VJ="1" align="center" colsep="0" nameend="col2" namest="col1" valign="top">Fruchtnektar aus</entry><entry VJ="1" align="center" colsep="0" valign="top">Mindestgehalt an Fruchtsaft oder Fruchtmark (in Vol.-% des fertigen Erzeugnisses)</entry></row><row><entry VJ="1" align="left" colsep="0" valign="top"><B>I.</B></entry><entry VJ="1" align="left" colsep="0" valign="top"><B>Früchten mit saurem, zum unmittelbaren Genuss nicht geeignetem Saft:</B><BR/><BR/></entry><entry VJ="1" align="left" colsep="0" valign="top"> </entry></row><row><entry VJ="1" align="left" colsep="0" morerows="23" rowsep="1" valign="top"> </entry><entry VJ="1" align="left" colsep="0" valign="top">Passionsfrucht</entry><entry VJ="1" align="center" colsep="0" valign="top">25</entry></row><row><entry VJ="1" align="left" colsep="0" valign="top">Quito-Orangen</entry><entry VJ="1" align="center" colsep="0" valign="top">25</entry></row><row><entry VJ="1" align="left" colsep="0" valign="top">schwarze Johannisbeeren/Ribiseln</entry><entry VJ="1" align="center" colsep="0" valign="top">25</entry></row><row><entry VJ="1" align="left" colsep="0" valign="top">weiße Johannisbeeren/Ribiseln</entry><entry VJ="1" align="center" colsep="0" valign="top">25</entry></row><row><entry VJ="1" align="left" colsep="0" valign="top">rote Johannisbeeren/Ribiseln</entry><entry VJ="1" align="center" colsep="0" valign="top">25</entry></row><row><entry VJ="1" align="left" colsep="0" valign="top">Stachelbeeren</entry><entry VJ="1" align="center" colsep="0" valign="top">30</entry></row><row><entry VJ="1" align="left" colsep="0" valign="top">Sanddorn</entry><entry VJ="1" align="center" colsep="0" valign="top">25</entry></row><row><entry VJ="1" align="left" colsep="0" valign="top">Schlehen</entry><entry VJ="1" align="center" colsep="0" valign="top">30</entry></row><row><entry VJ="1" align="left" colsep="0" valign="top">Pflaumen</entry><entry VJ="1" align="center" colsep="0" valign="top">30</entry></row><row><entry VJ="1" align="left" colsep="0" valign="top">Zwetschgen</entry><entry VJ="1" align="center" colsep="0" valign="top">30</entry></row><row><entry VJ="1" align="left" colsep="0" valign="top">Ebereschen</entry><entry VJ="1" align="center" colsep="0" valign="top">30</entry></row><row><entry VJ="1" align="left" colsep="0" valign="top">Hagebutten</entry><entry VJ="1" align="center" colsep="0" valign="top">40</entry></row><row><entry VJ="1" align="left" colsep="0" valign="top">Sauerkirschen/Weichseln</entry><entry VJ="1" align="center" colsep="0" valign="top">35</entry></row><row><entry VJ="1" align="left" colsep="0" valign="top">andere Kirschen</entry><entry VJ="1" align="center" colsep="0" valign="top">40</entry></row><row><entry VJ="1" align="left" colsep="0" valign="top">Heidelbeeren</entry><entry VJ="1" align="center" colsep="0" valign="top">40</entry></row><row><entry VJ="1" align="left" colsep="0" valign="top">Holunderbeeren</entry><entry VJ="1" align="center" colsep="0" valign="top">50</entry></row><row><entry VJ="1" align="left" colsep="0" valign="top">Himbeeren</entry><entry VJ="1" align="center" colsep="0" valign="top">40</entry></row><row><entry VJ="1" align="left" colsep="0" valign="top">Aprikosen/Marillen</entry><entry VJ="1" align="center" colsep="0" valign="top">40</entry></row><row><entry VJ="1" align="left" colsep="0" valign="top">Erdbeeren</entry><entry VJ="1" align="center" colsep="0" valign="top">40</entry></row><row><entry VJ="1" align="left" colsep="0" valign="top">Brombeeren</entry><entry VJ="1" align="center" colsep="0" valign="top">40</entry></row><row><entry VJ="1" align="left" colsep="0" valign="top">Kranbeeren/Cranberries</entry><entry VJ="1" align="center" colsep="0" valign="top">30</entry></row><row><entry VJ="1" align="left" colsep="0" valign="top">Quitten</entry><entry VJ="1" align="center" colsep="0" valign="top">50</entry></row><row><entry VJ="1" align="left" colsep="0" valign="top">Zitronen und Limetten</entry><entry VJ="1" align="center" colsep="0" valign="top">25</entry></row><row rowsep="1"><entry VJ="1" align="left" colsep="0" valign="top">andere Früchte dieser Kategorie</entry><entry VJ="1" align="center" colsep="0" valign="top">25</entry></row><row><entry VJ="1" align="left" colsep="0" rowsep="0" valign="top"><B>II.</B></entry><entry VJ="1" align="left" colsep="0" valign="top"><B>säurearmen oder sehr aromatischen Früchten oder Früchten, die viel Fruchtfleisch enthalten, mit zum unmittelbaren Genuss nicht geeignetem Saft:</B><BR/><BR/></entry><entry VJ="1" align="left" colsep="0" valign="top"> </entry></row><row><entry VJ="1" align="left" colsep="0" morerows="13" rowsep="1" valign="top"> </entry><entry VJ="1" align="left" colsep="0" valign="top">Mangos</entry><entry VJ="1" align="center" colsep="0" valign="top">25</entry></row><row><entry VJ="1" align="left" colsep="0" valign="top">Bananen</entry><entry VJ="1" align="center" colsep="0" valign="top">25</entry></row><row><entry VJ="1" align="left" colsep="0" valign="top">Guaven</entry><entry VJ="1" align="center" colsep="0" valign="top">25</entry></row><row><entry VJ="1" align="left" colsep="0" valign="top">Papayas</entry><entry VJ="1" align="center" colsep="0" valign="top">25</entry></row><row><entry VJ="1" align="left" colsep="0" valign="top">Litschis</entry><entry VJ="1" align="center" colsep="0" valign="top">25</entry></row><row><entry VJ="1" align="left" colsep="0" valign="top">Acerolas</entry><entry VJ="1" align="center" colsep="0" valign="top">25</entry></row><row><entry VJ="1" align="left" colsep="0" valign="top">Stachelannonen</entry><entry VJ="1" align="center" colsep="0" valign="top">25</entry></row><row><entry VJ="1" align="left" colsep="0" valign="top">Netzannonen</entry><entry VJ="1" align="center" colsep="0" valign="top">25</entry></row><row><entry VJ="1" align="left" colsep="0" valign="top">Cherimoyas, Zimtäpfel</entry><entry VJ="1" align="center" colsep="0" valign="top">25</entry></row><row><entry VJ="1" align="left" colsep="0" valign="top">Granatäpfel</entry><entry VJ="1" align="center" colsep="0" valign="top">25</entry></row><row><entry VJ="1" align="left" colsep="0" valign="top">Kaschuäpfel</entry><entry VJ="1" align="center" colsep="0" valign="top">25</entry></row><row><entry VJ="1" align="left" colsep="0" valign="top">Mombinpflaumen</entry><entry VJ="1" align="center" colsep="0" valign="top">25</entry></row><row><entry VJ="1" align="left" colsep="0" valign="top">Umbu</entry><entry VJ="1" align="center" colsep="0" valign="top">25</entry></row><row rowsep="1"><entry VJ="1" align="left" colsep="0" valign="top">andere Früchte dieser Kategorie</entry><entry VJ="1" align="center" colsep="0" valign="top">25</entry></row><row><entry VJ="1" align="left" colsep="0" rowsep="0" valign="top"><B>III.</B></entry><entry VJ="1" align="left" colsep="0" valign="top"><B>Früchten mit zum unmittelbaren Genuss geeignetem Saft:</B><BR/><BR/></entry><entry VJ="1" align="left" colsep="0" valign="top"> </entry></row><row><entry VJ="1" align="left" colsep="0" morerows="6" valign="top"> </entry><entry VJ="1" align="left" colsep="0" valign="top">Äpfel</entry><entry VJ="1" align="center" colsep="0" valign="top">50</entry></row><row><entry VJ="1" align="left" colsep="0" valign="top">Birnen</entry><entry VJ="1" align="center" colsep="0" valign="top">50</entry></row><row><entry VJ="1" align="left" colsep="0" valign="top">Pfirsiche</entry><entry VJ="1" align="center" colsep="0" valign="top">50</entry></row><row><entry VJ="1" align="left" colsep="0" valign="top">Zitrusfrüchte, außer Zitronen und Limetten</entry><entry VJ="1" align="center" colsep="0" valign="top">50</entry></row><row><entry VJ="1" align="left" colsep="0" valign="top">Ananas</entry><entry VJ="1" align="center" colsep="0" valign="top">50</entry></row><row><entry VJ="1">Tomaten/Paradeiser</entry><entry VJ="1" align="center">50</entry></row><row><entry VJ="1" align="left" colsep="0" valign="top">andere Früchte dieser Kategorie</entry><entry VJ="1" align="center" colsep="0" valign="top">50</entry></row></tbody></tgroup></table></P></Content></text><fussnoten/></textdaten></norm>
<norm builddate="20240813214503" doknr="BJNR101600004BJNE001701116"><metadaten><jurabk>FrSaftV 2004</jurabk><jurabk>FrSaftErfrischGetrV</jurabk><enbez>Anlage 6</enbez><titel format="XML">(zu § 2 Abs. 7)</titel></metadaten><textdaten><text format="XML"><Content><P><noindex><kommentar typ="Fundstelle">(Fundstelle: BGBl. I 2010, 675 - 676;<BR/>bzgl. der einzelnen Änderungen vgl. Fußnote)</kommentar></noindex></P><BR/><BR/><Title Align="auto" Class="S3">Mindestbrixwerte für<BR/> wiederhergestellten Fruchtsaft und wiederhergestelltes Fruchtmark</Title><BR/><BR/><table frame="all" tabstyle="saft2" tocentry="%yes;"><tgroup align="left" char="" charoff="50" cols="3"><colspec colname="col1" colnum="1" colsep="1" colwidth="1.3*" rowsep="1"/><colspec colname="col2" colnum="2" colsep="1" colwidth="1.3*" rowsep="1"/><colspec align="center" colname="col3" colnum="3" colsep="1" colwidth="1*" rowsep="1"/><thead valign="bottom"><row><entry VJ="1" align="center" colname="col1" valign="middle">Gebräuchlicher<BR/> Name der Frucht</entry><entry VJ="1" align="center" colname="col2" valign="middle">Botanischer Name</entry><entry VJ="1" align="center" colname="col3" valign="top">Mindestbrixwerte</entry></row></thead><tbody valign="top"><row><entry VJ="1" align="left" valign="top">Apfel (*)</entry><entry VJ="1" align="left" colname="col2" valign="top"><I>Malus domestica</I> Borkh.</entry><entry VJ="1" align="left" colname="col3" valign="top">11,2</entry></row><row><entry VJ="1" align="left" valign="top">Aprikose/Marille (**)</entry><entry VJ="1" align="left" colname="col2" valign="top"><I>Prunus armeniaca</I> L.</entry><entry VJ="1" align="left" colname="col3" valign="top">11,2</entry></row><row><entry VJ="1" align="left" valign="top">Banane (**)</entry><entry VJ="1" align="left" colname="col2" valign="top"><I>Musa x paradisiaca</I> L. (außer Mehlbananen)</entry><entry VJ="1" align="left" colname="col3" valign="top">21,0</entry></row><row><entry VJ="1" align="left" valign="top">Schwarze Johannisbeere/Ribisel (*)</entry><entry VJ="1" align="left" colname="col2" valign="top"><I>Ribes nigrum</I> L.</entry><entry VJ="1" align="left" colname="col3" valign="top">11,0</entry></row><row><entry VJ="1" align="left" valign="top">Weintraube (*)</entry><entry VJ="1" align="left" colname="col2" valign="top"><I>Vitis vinifera</I> L. oder deren Hybride<BR/><I>Vitis labrusca</I> L. oder deren Hybride</entry><entry VJ="1" align="left" colname="col3" valign="top">15,9</entry></row><row><entry VJ="1" align="left" valign="top">Grapefruit (*)</entry><entry VJ="1" align="left" colname="col2" valign="top"><I>Citrus x paradisi</I> Macfad.</entry><entry VJ="1" align="left" colname="col3" valign="top">10,0</entry></row><row><entry VJ="1" align="left" valign="top">Guave (**)</entry><entry VJ="1" align="left" colname="col2" valign="top"><I>Psidium guajava</I> L.</entry><entry VJ="1" align="left" colname="col3" valign="top"> 8,5</entry></row><row><entry VJ="1" align="left" valign="top">Zitrone (*)</entry><entry VJ="1" align="left" colname="col2" valign="top"><I>Citrus limon</I> (L.) Burm. f.</entry><entry VJ="1" align="left" colname="col3" valign="top"> 8,0</entry></row><row><entry VJ="1" align="left" valign="top">Mango (**)</entry><entry VJ="1" align="left" colname="col2" valign="top"><I>Mangifera indica</I> L.</entry><entry VJ="1" align="left" colname="col3" valign="top">13,5</entry></row><row><entry VJ="1" align="left" valign="top">Orange (*)</entry><entry VJ="1" align="left" colname="col2" valign="top"><I>Citrus sinensis</I> (L.) Osbeck</entry><entry VJ="1" align="left" colname="col3" valign="top">11,2</entry></row><row><entry VJ="1" align="left" valign="top">Passionsfrucht (*)</entry><entry VJ="1" align="left" colname="col2" valign="top"><I>Passiflora edulis</I> Sims</entry><entry VJ="1" align="left" colname="col3" valign="top">12,0</entry></row><row><entry VJ="1" align="left" valign="top">Pfirsich (**)</entry><entry VJ="1" align="left" colname="col2" valign="top"><I>Prunus persica</I> (L.) Batsch var.<I>persica</I></entry><entry VJ="1" align="left" colname="col3" valign="top">10,0</entry></row><row><entry VJ="1" align="left" valign="top">Birne (**)</entry><entry VJ="1" align="left" colname="col2" valign="top"><I>Pyrus communis</I> L.</entry><entry VJ="1" align="left" colname="col3" valign="top">11,9</entry></row><row><entry VJ="1" align="left" valign="top">Ananas (*)</entry><entry VJ="1" align="left" colname="col2" valign="top"><I>Ananas comosus</I> (L.) Merr.</entry><entry VJ="1" align="left" colname="col3" valign="top">12,8</entry></row><row><entry VJ="1" align="left" valign="top">Himbeere (*)</entry><entry VJ="1" align="left" colname="col2" valign="top"><I>Rubus idaeus</I> L.</entry><entry VJ="1" align="left" colname="col3" valign="top"> 7,0</entry></row><row><entry VJ="1" align="left" valign="top">Sauerkirsche/Weichsel (*)</entry><entry VJ="1" align="left" colname="col2" valign="top"><I>Prunus cerasus</I> L.</entry><entry VJ="1" align="left" colname="col3" valign="top">13,5</entry></row><row><entry VJ="1" align="left" valign="top">Erdbeere (*)</entry><entry VJ="1" align="left" colname="col2" valign="top"><I>Fragaria x ananassa</I> Duch.</entry><entry VJ="1" align="left" colname="col3" valign="top"> 7,0</entry></row><row><entry VJ="1">Tomate/Paradeiser (*)</entry><entry VJ="1"><I>Lycopersicon esculentum</I> Mill.</entry><entry VJ="1" align="left"> 5,0</entry></row><row><entry VJ="1" align="left" valign="top">Mandarine (*)</entry><entry VJ="1" align="left" colname="col2" valign="top"><I>Citrus reticulata</I> Blanco</entry><entry VJ="1" align="left" colname="col3" valign="top">11,2</entry></row></tbody></tgroup></table><P>Für die mit einem Sternchen (*) gekennzeichneten Erzeugnisse, die als Saft erzeugt werden, wird ein Mindestwert für die relative Dichte, bezogen auf Wasser bei 20/20 °C, bestimmt.<BR/>Für die mit zwei Sternchen (**) gekennzeichneten Erzeugnisse, die als Fruchtmark erzeugt werden, wird nur ein unkorrigierter Mindestbrixwert (ohne Säurekorrektur) bestimmt.<BR/>Die in der Tabelle für wiederhergestellten Fruchtsaft und wiederhergestelltes Fruchtmark festgesetzten Mindestbrixwerte umfassen nicht die lösliche Trockenmasse hinzugefügter fakultativer Zutaten einschließlich Lebensmittelzusatzstoffen.</P></Content></text><fussnoten/></textdaten></norm>
<norm builddate="20240813214503" doknr="BJNR101600004BJNE001603116"><metadaten><jurabk>FrSaftV 2004</jurabk><jurabk>FrSaftErfrischGetrV</jurabk><enbez>Anlage 7</enbez><titel format="XML">(zu § 3 Abs. 2 Satz 4)</titel></metadaten><textdaten><text format="XML"><Content><P><noindex><kommentar typ="Fundstelle">(Fundstelle: BGBl. I 2004, 1026;<BR/>bzgl. der einzelnen Änderungen vgl. Fußnote)</kommentar></noindex></P><BR/><BR/><P><table frame="all" tocentry="%yes;"><tgroup align="left" char="" charoff="50" cols="3" colsep="1" rowsep="1"><colspec colname="col1" colnum="1" colsep="0" colwidth="1.37*"/><colspec colname="col2" colnum="2" colwidth="25.45*"/><colspec colname="col3" colnum="3" colwidth="73.18*"/><tbody valign="top"><row rowsep="0"><entry VJ="1" align="left" colsep="0" nameend="col3" namest="col1" valign="top"/></row><row><entry VJ="1" align="center" colsep="0" nameend="col3" namest="col1" valign="top">Ergänzende Bezeichnungen</entry></row><row><entry VJ="1" align="center" colsep="0" nameend="col2" namest="col1" valign="top">Bezeichnungen der Lebensmittel</entry><entry VJ="1" align="center" colsep="0" valign="top">Erzeugnisse</entry></row><row><entry VJ="1" align="left" colsep="0" valign="top">1.</entry><entry VJ="1" align="left" colsep="0" valign="top">Vruchtendrank</entry><entry VJ="1" align="left" colsep="0" valign="top">Fruchtnektar</entry></row><row><entry VJ="1" align="left" colsep="0" valign="top">2.</entry><entry VJ="1" align="left" colsep="0" valign="top"><DL Font="normal" Type="arabic"><DT>a)</DT><DD Font="normal"><LA Size="normal">Succo e polpa</LA></DD></DL><DL Font="normal" Type="arabic"><DT>b)</DT><DD Font="normal"><LA Size="normal">Sumo e polpa</LA></DD></DL></entry><entry VJ="1" align="left" colsep="0" valign="top">Fruchtnektar, der ausschließlich aus Fruchtmark oder konzentriertem Fruchtmark hergestellt wurde</entry></row><row><entry VJ="1" align="left" colsep="0" valign="top">3.</entry><entry VJ="1" align="left" colsep="0" valign="top">Eblemost</entry><entry VJ="1" align="left" colsep="0" valign="top">Apfelsaft</entry></row><row><entry VJ="1" align="left" colsep="0" valign="top">4.</entry><entry VJ="1" align="left" colsep="0" valign="top">Sur...saft</entry><entry VJ="1" align="left" colsep="0" valign="top">Säfte aus schwarzen, roten oder weißen Johannisbeeren/Ribiseln, Kirschen, Himbeeren, Erdbeeren oder Holunderbeeren</entry></row><row><entry VJ="1" align="left" colsep="0" valign="top">5.</entry><entry VJ="1" align="left" colsep="0" valign="top"><DL Font="normal" Type="arabic"><DT>a)</DT><DD Font="normal"><LA Size="normal">Sod...saft</LA></DD></DL><DL Font="normal" Type="arabic"><DT>b)</DT><DD Font="normal"><LA Size="normal">sodet...saft</LA></DD></DL></entry><entry VJ="1" align="left" colsep="0" valign="top">Saft mit einem Zuckerzusatz von mehr als 200 g/l</entry></row><row><entry VJ="1" align="left" colsep="0" valign="top">6.</entry><entry VJ="1" align="left" colsep="0" valign="top">Äpplemust/Äppelmust</entry><entry VJ="1" align="left" colsep="0" valign="top">Apfelsaft</entry></row><row><entry VJ="1" align="left" colsep="0" valign="top">7.</entry><entry VJ="1" align="left" colsep="0" valign="top">mosto</entry><entry VJ="1" align="left" colsep="0" valign="top">Traubensaft</entry></row><row><entry VJ="1">8.</entry><entry VJ="1" colsep="0">a) <F>smiltsērkšķu sula ar cukuru</F><BR/>b) <F>astelpaju mahl suhkruga</F><BR/>c) <F>słodzony sok z rokitnika</F></entry><entry VJ="1" colsep="0">Aus Sanddorn gewonnene Säfte mit einem Zuckerzusatz von höchstens 140 g/l</entry></row></tbody></tgroup></table><BR/><BR/>In den Fällen der Nummern 4 und 5 sind die Bezeichnungen der Lebensmittel durch die Angabe der verwendeten Frucht in dänischer Sprache zu ergänzen.</P></Content></text><fussnoten/></textdaten></norm>
<norm builddate="20240813214503" doknr="BJNR101600004BJNE002100310"><metadaten><jurabk>FrSaftV 2004</jurabk><jurabk>FrSaftErfrischGetrV</jurabk><enbez>Anlage 8</enbez><titel format="XML">(zu den §§ 4 und 5)</titel></metadaten><textdaten><text format="XML"><Content><Title Align="auto"><B>Höchstmengen für bestimmte Stoffe</B><BR/><B>in koffeinhaltigen Erfrischungsgetränken</B></Title><BR/><BR/><table colsep="1" frame="all" pgwide="1" tabstyle="TeilA" tocentry="%yes;"><Title Align="auto">Teil A: Koffeinhaltige Erfrischungsgetränke</Title><tgroup align="left" char="" charoff="50" cols="2"><colspec colname="col1" colnum="1" colwidth="35*"/><colspec colname="col2" colnum="2" colwidth="67*"/><thead valign="bottom"><row rowsep="1"><entry VJ="1" align="center" colname="col1" valign="middle">Stoff</entry><entry VJ="1" align="center" colname="col2" valign="middle">Höchstmenge<BR/>im verzehrfertigen Lebensmittel [mg/l]</entry></row></thead><tbody valign="top"><row><entry VJ="1" align="center" colname="col1">Koffein</entry><entry VJ="1" align="center" colname="col2">  320</entry></row></tbody></tgroup></table><table colsep="1" frame="all" pgwide="1" tabstyle="TeilB" tocentry="%yes;"><Title Align="auto">Teil B: Energydrinks</Title><tgroup align="center" char="" charoff="50" cols="2"><colspec colname="col1" colnum="1" colwidth="35*"/><colspec colname="col2" colnum="2" colwidth="67*"/><thead valign="bottom"><row rowsep="1"><entry VJ="1" colname="col1" valign="middle">Stoff</entry><entry VJ="1" colname="col2" valign="middle">Höchstmenge <BR/>im verzehrfertigen Lebensmittel [mg/l]</entry></row></thead><tbody valign="top"><row><entry VJ="1" colname="col1">Taurin</entry><entry VJ="1" colname="col2">4 000</entry></row><row><entry VJ="1" colname="col1">Inosit</entry><entry VJ="1" colname="col2">  200</entry></row><row><entry VJ="1" colname="col1">Glucuronolacton</entry><entry VJ="1" colname="col2">2 400</entry></row></tbody></tgroup></table></Content></text><fussnoten/></textdaten></norm>
</dokumente>