<?xml version="1.0" encoding="UTF-8" ?><!DOCTYPE dokumente SYSTEM "http://www.gesetze-im-internet.de/dtd/1.01/gii-norm.dtd">
<dokumente builddate="20230926213007" doknr="BJNR705870021"><norm builddate="20230926213007" doknr="BJNR705870021"><metadaten><jurabk>SportbootVermV-Bin2000AbwV 2</jurabk><amtabk>2. BinSch-SportbootVermVAbweichV</amtabk><ausfertigung-datum manuell="ja">2021-03-31</ausfertigung-datum><fundstelle typ="amtlich"><periodikum>VkBl</periodikum><zitstelle>2021, 587</zitstelle></fundstelle><langue>Zweite Verordnung zur vorübergehenden Abweichung von der Binnenschifffahrt-Sportbootvermietungsverordnung</langue><standangabe checked="ja"><standtyp>Aufh</standtyp><standkommentar>Die V tritt gem. § 4 Abs. 3 dieser V idF d. Art. 1 V v. 13.9.2023 I Nr. 249 mit Ablauf des 30.12.2026 außer Kraft</standkommentar></standangabe></metadaten><textdaten><fussnoten><Content><P><BR/> <pre xml:space="preserve"> <BR/>V nur mit Überschrift aufgenommen<BR/> <BR/>V geändert durch Art. 1 V v. 13.9.2023 I Nr. 249<BR/><BR/></pre></P></Content></fussnoten></textdaten></norm>
</dokumente>