<?xml version="1.0" encoding="UTF-8" ?><!DOCTYPE dokumente SYSTEM "http://www.gesetze-im-internet.de/dtd/1.01/gii-norm.dtd">
<dokumente builddate="20201231213736" doknr="BJNR178300002"><norm builddate="20201231213736" doknr="BJNR178300002"><metadaten><jurabk>EhrBetätV</jurabk><ausfertigung-datum manuell="ja">2002-05-24</ausfertigung-datum><fundstelle typ="amtlich"><periodikum>BGBl I</periodikum><zitstelle>2002, 1783</zitstelle></fundstelle><langue>Verordnung über die ehrenamtliche Betätigung von Arbeitslosen</langue><standangabe checked="ja"><standtyp>Stand</standtyp><standkommentar>Zuletzt geändert durch Art. 46 G v. 21.12.2020 I 3096</standkommentar></standangabe></metadaten><textdaten><fussnoten><Content><P><BR/> <pre xml:space="preserve">(+++ Textnachweis ab: 1.1.2002 +++)<BR/><BR/></pre></P></Content></fussnoten></textdaten></norm>
<norm builddate="20201231213736" doknr="BJNR178300002BJNE000000000"><metadaten><jurabk>EhrBetätV</jurabk><enbez>Eingangsformel</enbez></metadaten><textdaten><text format="XML"><Content><P>Auf Grund des § 151 Abs. 2 Nr. 4 des Dritten Buches Sozialgesetzbuch - Arbeitsförderung - (Artikel 1 des Gesetzes vom 24. März 1997, BGBl. I S. 594, 595), der durch Artikel 1 Nr. 47 des Gesetzes vom 10. Dezember 2001 (BGBl. I S. 3443) eingefügt worden ist, verordnet das Bundesministerium für Arbeit und Sozialordnung:</P></Content></text></textdaten></norm>
<norm builddate="20201231213736" doknr="BJNR178300002BJNE000104126"><metadaten><jurabk>EhrBetätV</jurabk><enbez>§ 1</enbez><titel format="XML">Ehrenamtliche Betätigung</titel></metadaten><textdaten><text format="XML"><Content><P>(1) Ehrenamtlich im Sinne des § 138 Absatz 2 des Dritten Buches Sozialgesetzbuch ist eine Betätigung, die <DL Font="normal" Type="arabic"><DT>1.</DT><DD Font="normal"><LA Size="normal">unentgeltlich ausgeübt wird,</LA></DD><DT>2.</DT><DD Font="normal"><LA Size="normal">dem Gemeinwohl dient und</LA></DD><DT>3.</DT><DD Font="normal"><LA Size="normal">bei einer Organisation erfolgt, die ohne Gewinnerzielungsabsicht Aufgaben ausführt, welche im öffentlichen Interesse liegen oder gemeinnützige, mildtätige oder kirchliche Zwecke fördern.</LA></DD></DL></P><P>(2) Der Ersatz von Auslagen, die dem ehrenamtlich Tätigen durch Ausübung der ehrenamtlichen Tätigkeit entstehen, berührt die Unentgeltlichkeit nicht. Dies gilt auch, wenn der Auslagenersatz in pauschalierter Form erfolgt und die Pauschale 250 Euro im Monat nicht übersteigt. Neben einer nicht steuerpflichtigen Aufwandsentschädigung, die der ehrenamtlich Tätige erhält, ist eine Pauschalierung des Auslagenersatzes nur möglich, soweit die Auslagenpauschale zusammen mit der nicht steuerpflichtigen Aufwandsentschädigung 250 Euro im Monat nicht übersteigt.</P></Content></text><fussnoten/></textdaten></norm>
<norm builddate="20201231213736" doknr="BJNR178300002BJNE000201308"><metadaten><jurabk>EhrBetätV</jurabk><enbez>§ 2</enbez><titel format="parat">Berufliche Eingliederung</titel></metadaten><textdaten><text format="XML"><Content><P>Die berufliche Eingliederung des Arbeitslosen hat Vorrang vor der Ausübung einer ehrenamtlichen Betätigung. Der Arbeitslose hat der Agentur für Arbeit die Ausübung einer mindestens 15 Stunden wöchentlich umfassenden ehrenamtlichen Betätigung unverzüglich anzuzeigen. Er hat darüber hinaus sicherzustellen, dass er <DL Font="normal" Type="arabic"><DT>1.</DT><DD Font="normal"><LA Size="normal">durch die Ausübung der ehrenamtlichen Betätigung nicht in seinen Eigenbemühungen zur Beendigung der Beschäftigungslosigkeit gehindert ist und</LA></DD> <DT>2.</DT><DD Font="normal"><LA Size="normal">in der Lage ist, Vorschlägen der Agentur für Arbeit zur beruflichen Eingliederung unverzüglich Folge zu leisten.</LA></DD> </DL></P></Content></text><fussnoten/></textdaten></norm>
<norm builddate="20201231213736" doknr="BJNR178300002BJNE000300000"><metadaten><jurabk>EhrBetätV</jurabk><enbez>§ 3</enbez><titel format="parat">Inkrafttreten</titel></metadaten><textdaten><text format="XML"><Content><P>Diese Verordnung tritt mit Wirkung vom 1. Januar 2002 in Kraft.</P></Content></text></textdaten></norm>
</dokumente>