<?xml version="1.0" encoding="UTF-8" ?><!DOCTYPE dokumente SYSTEM "http://www.gesetze-im-internet.de/dtd/1.01/gii-norm.dtd">
<dokumente builddate="20250206223019" doknr="BJNR105100009"><norm builddate="20250206223019" doknr="BJNR105100009"><metadaten><jurabk>FotoAusbV 2009</jurabk><amtabk>FotoAusbV</amtabk><ausfertigung-datum manuell="ja">2009-05-12</ausfertigung-datum><fundstelle typ="amtlich"><periodikum>BGBl I</periodikum><zitstelle>2009, 1051</zitstelle></fundstelle><kurzue>Fotografiergewerbe-Ausbildungsverordnung</kurzue><langue>Verordnung über die Berufsausbildung zum Fotografen und zur Fotografin <FnR ID="f772115_01_BJNR105100009"/></langue><standangabe checked="ja"><standtyp>Aufh</standtyp><standkommentar>V aufgeh. durch § 23 Satz 2 V 7110-6-138 v. 31.1.2025 I Nr. 29 mWv 1.8.2025</standkommentar></standangabe><standangabe checked="ja"><standtyp>Sonst</standtyp><standkommentar>Ersetzt durch V 7110-6-138 v. 31.1.2025 I Nr. 29 (FotoAusbV 2025)</standkommentar></standangabe></metadaten><textdaten><text format="XML"><Footnotes><Footnote FnZ="*" Group="column" ID="f772115_01_BJNR105100009" Pos="normal" Postfix=")"><noindex>Diese Rechtsverordnung ist eine Ausbildungsordnung im Sinne des § 25 der Handwerksordnung. Die Ausbildungsordnung und der damit abgestimmte, von der Ständigen Konferenz der Kultusminister der Länder in der Bundesrepublik Deutschland beschlossene Rahmenlehrplan für die Berufsschule werden demnächst als Beilage im Bundesanzeiger veröffentlicht.</noindex></Footnote></Footnotes></text><fussnoten><Content><P><BR/> <pre xml:space="preserve">(+++ Textnachweis ab: 1.8.2009 +++)<BR/><BR/></pre></P></Content></fussnoten></textdaten></norm>
<norm builddate="20250206223019" doknr="BJNR105100009BJNE000100000"><metadaten><jurabk>FotoAusbV 2009</jurabk><jurabk>FotoAusbV</jurabk><enbez>Eingangsformel</enbez></metadaten><textdaten><text format="XML"><Content><P>Auf Grund des § 25 Absatz 1 in Verbindung mit § 26 Absatz 1 und 2 der Handwerksordnung in der Fassung der Bekanntmachung vom 24. September 1998 (BGBl. I S. 3074; 2006 I S. 2095), von denen § 25 Absatz 1 zuletzt durch Artikel 146 der Verordnung vom 31. Oktober 2006 (BGBl. I S. 2407) geändert und § 26 durch Artikel 2 Nummer 4 des Gesetzes vom 23. März 2005 (BGBl. I S. 931) neu gefasst worden ist, verordnet das Bundesministerium für Wirtschaft und Technologie im Einvernehmen mit dem Bundesministerium für Bildung und Forschung:</P></Content></text></textdaten></norm>
<norm builddate="20250206223019" doknr="BJNR105100009BJNE000200000"><metadaten><jurabk>FotoAusbV 2009</jurabk><jurabk>FotoAusbV</jurabk><enbez>§ 1</enbez><titel format="XML">Staatliche Anerkennung des Ausbildungsberufs</titel></metadaten><textdaten><text format="XML"><Content><P>Der Ausbildungsberuf des Fotografen und der Fotografin wird nach § 25 der Handwerksordnung zur Ausbildung für das Gewerbe Nummer 38, Fotograf, der Anlage B Abschnitt 1 der Handwerksordnung staatlich anerkannt.</P></Content></text></textdaten></norm>
<norm builddate="20250206223019" doknr="BJNR105100009BJNE000300000"><metadaten><jurabk>FotoAusbV 2009</jurabk><jurabk>FotoAusbV</jurabk><enbez>§ 2</enbez><titel format="XML">Dauer der Berufsausbildung</titel></metadaten><textdaten><text format="XML"><Content><P>Die Ausbildung dauert drei Jahre.</P></Content></text></textdaten></norm>
<norm builddate="20250206223019" doknr="BJNR105100009BJNE000400000"><metadaten><jurabk>FotoAusbV 2009</jurabk><jurabk>FotoAusbV</jurabk><enbez>§ 3</enbez><titel format="XML">Struktur der Berufsausbildung</titel></metadaten><textdaten><text format="XML"><Content><P>Die Berufsausbildung gliedert sich in gemeinsame Ausbildungsinhalte und die Ausbildung in einem der Schwerpunkte <DL Type="Alpha"><DT>A.</DT><DD Font="normal"><LA>Porträtfotografie,</LA></DD><DT>B.</DT><DD Font="normal"><LA>Produktfotografie,</LA></DD><DT>C.</DT><DD Font="normal"><LA>Industrie- und Architekturfotografie oder</LA></DD><DT>D.</DT><DD Font="normal"><LA>Wissenschaftsfotografie.</LA></DD></DL></P></Content></text></textdaten></norm>
<norm builddate="20250206223019" doknr="BJNR105100009BJNE000500000"><metadaten><jurabk>FotoAusbV 2009</jurabk><jurabk>FotoAusbV</jurabk><enbez>§ 4</enbez><titel format="XML">Ausbildungsrahmenplan, Ausbildungsberufsbild</titel></metadaten><textdaten><text format="XML"><Content><P>(1) Gegenstand der Berufsausbildung sind mindestens die im Ausbildungsrahmenplan (Anlage) aufgeführten Fertigkeiten, Kenntnisse und Fähigkeiten (berufliche Handlungsfähigkeit). Eine von dem Ausbildungsrahmenplan abweichende Organisation der Ausbildung ist insbesondere zulässig, soweit betriebspraktische Besonderheiten die Abweichung erfordern.</P><P>(2) Die Berufsausbildung zum Fotografen und zur Fotografin gliedert sich wie folgt:<BR/><SP>Abschnitt A</SP><BR/> Berufsprofilgebende Fertigkeiten, Kenntnisse und Fähigkeiten: <DL Type="arabic"><DT>1.</DT><DD Font="normal"><LA>Beraten von Kunden,</LA></DD><DT>2.</DT><DD Font="normal"><LA>Erstellen von Bildkonzeptionen,</LA></DD><DT>3.</DT><DD Font="normal"><LA>Arbeitsplanung,</LA></DD><DT>4.</DT><DD Font="normal"><LA>Handhaben von fotografischen Aufnahmegeräten,</LA></DD><DT>5.</DT><DD Font="normal"><LA>Einsetzen von Beleuchtung,</LA></DD><DT>6.</DT><DD Font="normal"><LA>Umsetzen von Bildkonzeptionen,</LA></DD><DT>7.</DT><DD Font="normal"><LA>Bilddatenhandling und Bildbearbeitung,</LA></DD><DT>8.</DT><DD Font="normal"><LA>Ausgeben von Bilddaten,</LA></DD><DT>9.</DT><DD Font="normal"><LA>Archivieren von Bilddaten;</LA></DD></DL><BR/><SP>Abschnitt B</SP><BR/> Integrative Fertigkeiten, Kenntnisse und Fähigkeiten: <DL Type="arabic"><DT>1.</DT><DD Font="normal"><LA>Berufsbildung, Arbeits- und Tarifrecht,</LA></DD><DT>2.</DT><DD Font="normal"><LA>Aufbau und Organisation des Ausbildungsbetriebs,</LA></DD><DT>3.</DT><DD Font="normal"><LA>Sicherheit und Gesundheitsschutz am Arbeitsplatz,</LA></DD><DT>4.</DT><DD Font="normal"><LA>Umweltschutz,</LA></DD><DT>5.</DT><DD Font="normal"><LA>qualitätssichernde Maßnahmen,</LA></DD><DT>6.</DT><DD Font="normal"><LA>wirtschaftliche Aspekte und rechtliche Grundlagen.</LA></DD></DL></P></Content></text></textdaten></norm>
<norm builddate="20250206223019" doknr="BJNR105100009BJNE000600000"><metadaten><jurabk>FotoAusbV 2009</jurabk><jurabk>FotoAusbV</jurabk><enbez>§ 5</enbez><titel format="XML">Durchführung der Berufsausbildung</titel></metadaten><textdaten><text format="XML"><Content><P>(1) Die in dieser Verordnung genannten Fertigkeiten, Kenntnisse und Fähigkeiten sollen so vermittelt werden, dass die Auszubildenden zur Ausübung einer qualifizierten beruflichen Tätigkeit im Sinne des § 1 Absatz 3 des Berufsbildungsgesetzes befähigt werden, die insbesondere selbstständiges Planen, Durchführen und Kontrollieren einschließt. Diese Befähigung ist auch in den Prüfungen nach den §§ 6 und 7 nachzuweisen.</P><P>(2) Die Ausbildenden haben unter Zugrundelegung des Ausbildungsrahmenplans für die Auszubildenden einen Ausbildungsplan zu erstellen.</P><P>(3) Die Auszubildenden haben einen schriftlichen Ausbildungsnachweis zu führen. Ihnen ist Gelegenheit zu geben, den schriftlichen Ausbildungsnachweis während der Ausbildungszeit zu führen. Die Ausbildenden haben den schriftlichen Ausbildungsnachweis regelmäßig durchzusehen.</P></Content></text></textdaten></norm>
<norm builddate="20250206223019" doknr="BJNR105100009BJNE000700000"><metadaten><jurabk>FotoAusbV 2009</jurabk><jurabk>FotoAusbV</jurabk><enbez>§ 6</enbez><titel format="XML">Zwischenprüfung</titel></metadaten><textdaten><text format="XML"><Content><P>(1) Zur Ermittlung des Ausbildungsstands ist eine Zwischenprüfung durchzuführen. Sie soll zur Mitte des vierten Ausbildungshalbjahres stattfinden.</P><P>(2) Die Zwischenprüfung erstreckt sich auf die in der Anlage für die ersten drei Ausbildungshalbjahre aufgeführten Fertigkeiten, Kenntnisse und Fähigkeiten sowie auf den im Berufsschulunterricht zu vermittelnden Lehrstoff, soweit er für die Berufsausbildung wesentlich ist.</P><P>(3) Die Zwischenprüfung findet im Prüfungsbereich „fotografische Arbeitsprozesse“ statt. Für diesen Prüfungsbereich bestehen folgende Vorgaben: <DL Type="arabic"><DT>1.</DT><DD Font="normal"><LA>Der Prüfling soll nachweisen, dass er <DL Type="alpha"><DT>a)</DT><DD Font="normal"><LA>Aufnahmeentwürfe erstellen und Arbeitsschritte festlegen,</LA></DD><DT>b)</DT><DD Font="normal"><LA>Licht setzen,</LA></DD><DT>c)</DT><DD Font="normal"><LA>fotografische Aufnahmegeräte handhaben,</LA></DD><DT>d)</DT><DD Font="normal"><LA>Belichtungen durchführen,</LA></DD><DT>e)</DT><DD Font="normal"><LA>Bilddaten bearbeiten,</LA></DD><DT>f)</DT><DD Font="normal"><LA>fotografische Ausgabegeräte handhaben sowie</LA></DD><DT>g)</DT><DD Font="normal"><LA>Maßnahmen zur Arbeitsorganisation, zur Sicherheit und zum Gesundheitsschutz bei der Arbeit, zum Umweltschutz, zur Wirtschaftlichkeit und zur Qualitätssicherung berücksichtigen</LA></DD></DL>kann;</LA></DD><DT>2.</DT><DD Font="normal"><LA>der Prüfling soll eine Arbeitsaufgabe durchführen sowie Aufgaben schriftlich bearbeiten;</LA></DD><DT>3.</DT><DD Font="normal"><LA>der Prüfling soll als Arbeitsaufgabe einen Aufnahmeentwurf erstellen, Arbeitsschritte festlegen, die Aufnahme anfertigen und diese digital bearbeiten. Hierzu wählt er aus vorgegebenen Aufgaben eine aus;</LA></DD><DT>4.</DT><DD Font="normal"><LA>die Prüfungszeit beträgt 210 Minuten. Innerhalb dieser Zeit sollen die schriftlichen Aufgaben in 90 Minuten bearbeitet werden.</LA></DD></DL></P></Content></text></textdaten></norm>
<norm builddate="20250206223019" doknr="BJNR105100009BJNE000800000"><metadaten><jurabk>FotoAusbV 2009</jurabk><jurabk>FotoAusbV</jurabk><enbez>§ 7</enbez><titel format="XML">Gesellenprüfung</titel></metadaten><textdaten><text format="XML"><Content><P>(1) Durch die Gesellenprüfung ist festzustellen, ob der Prüfling die berufliche Handlungsfähigkeit erworben hat. In der Gesellenprüfung soll der Prüfling nachweisen, dass er die dafür erforderlichen beruflichen Fertigkeiten beherrscht, die notwendigen beruflichen Kenntnisse und Fähigkeiten besitzt und mit dem im Berufsschulunterricht zu vermittelnden, für die Berufsausbildung wesentlichen Lehrstoff vertraut ist. Die Ausbildungsordnung ist zugrunde zu legen.</P><P>(2) Die Gesellenprüfung besteht aus den Prüfungsbereichen: <DL Font="normal" Type="arabic"><DT>1.</DT><DD Font="normal"><LA Size="normal">Ausführung fotografischer Aufträge,</LA></DD><DT>2.</DT><DD Font="normal"><LA Size="normal">Anwendung fotografischer Prozesse,</LA></DD><DT>3.</DT><DD Font="normal"><LA Size="normal">Darstellung und Analyse fotografischer Prozesse,</LA></DD><DT>4.</DT><DD Font="normal"><LA Size="normal">Wirtschafts- und Sozialkunde.</LA></DD></DL></P><P>(3) Für den Prüfungsbereich „Ausführung fotografischer Aufträge“ bestehen folgende Vorgaben: <DL Font="normal" Type="arabic"><DT>1.</DT><DD Font="normal"><LA Size="normal">Der Prüfling soll nachweisen, dass er <DL Font="normal" Type="alpha"><DT>a)</DT><DD Font="normal"><LA Size="normal">Kundenwünsche berücksichtigen,</LA></DD><DT>b)</DT><DD Font="normal"><LA Size="normal">Auftragsziele analysieren,</LA></DD><DT>c)</DT><DD Font="normal"><LA Size="normal">Bildkonzeptionen erarbeiten und darstellen,</LA></DD><DT>d)</DT><DD Font="normal"><LA Size="normal">technische Hilfsmittel, Kamerazubehör und fotografische Aufnahmegeräte handhaben,</LA></DD><DT>e)</DT><DD Font="normal"><LA Size="normal">Licht nutzen und Licht setzen,</LA></DD><DT>f)</DT><DD Font="normal"><LA Size="normal">Arbeitsabläufe unter Beachtung wirtschaftlicher, technischer und organisatorischer Vorgaben selbstständig und kundenorientiert planen,</LA></DD><DT>g)</DT><DD Font="normal"><LA Size="normal">Ergebnisse seiner Arbeit präsentieren sowie</LA></DD><DT>h)</DT><DD Font="normal"><LA Size="normal">die Vorgehensweise bei der Herstellung von Aufnahmen begründen und fachliche Hintergründe aufzeigen</LA></DD></DL>kann;</LA></DD><DT>2.</DT><DD Font="normal"><LA Size="normal">dem Prüfungsbereich sind folgende Tätigkeiten zugrunde zu legen: <DL Font="normal" Type="alpha"><DT>a)</DT><DD Font="normal"><LA Size="normal">das Ausführen eines fotografischen Auftrags unter Berücksichtigung des gewählten Schwerpunkts,</LA></DD><DT>b)</DT><DD Font="normal"><LA Size="normal">das Ausführen eines fotografischen Auftrags außerhalb des gewählten Schwerpunkts,</LA></DD><DT>c)</DT><DD Font="normal"><LA Size="normal">das Anfertigen einer Aufnahmeserie nach eigenem Thema, die aus mindestens drei Aufnahmen besteht. Dem Prüfungsausschuss ist vor Durchführung hierfür eine Bildkonzeption mit Angabe des Verwendungszwecks vorzulegen;</LA></DD></DL></LA></DD><DT>3.</DT><DD Font="normal"><LA Size="normal">der Prüfling soll nach Nummer 2 Buchstabe a bis c je ein Prüfungsstück anfertigen, zum Prüfungsstück nach Buchstabe c soll er eine Präsentation durchführen sowie seine Vorgehensweise begründen;</LA></DD><DT>4.</DT><DD Font="normal"><LA Size="normal">die Prüfungsstücke sind in insgesamt 20 Stunden anzufertigen. Die Prüfungsstücke sind spätestens 14 Tage nach Aufgabenstellung nach Nummer 2 Buchstabe a und b und Vorlage der Bildkonzeption nach Nummer 2 Buchstabe c abzugeben. Die Prüfungszeit für die Präsentation beträgt höchstens 15 Minuten;</LA></DD><DT>5.</DT><DD Font="normal"><LA Size="normal">die Prüfungsstücke nach Nummer 2 Buchstabe a und b sind mit jeweils 25 Prozent, das Prüfungsstück nach Nummer 2 Buchstabe c einschließlich der Präsentation mit 50 Prozent zu gewichten.</LA></DD></DL></P><P>(4) Für den Prüfungsbereich „Anwendung fotografischer Prozesse“ bestehen folgende Vorgaben: <DL Font="normal" Type="arabic"><DT>1.</DT><DD Font="normal"><LA Size="normal">Der Prüfling soll nachweisen, dass er <DL Font="normal" Type="alpha"><DT>a)</DT><DD Font="normal"><LA Size="normal">technische Hilfsmittel und Kamerazubehör handhaben,</LA></DD><DT>b)</DT><DD Font="normal"><LA Size="normal">Licht nutzen und Licht setzen,</LA></DD><DT>c)</DT><DD Font="normal"><LA Size="normal">fotografische Aufnahmegeräte handhaben und Belichtungen durchführen,</LA></DD><DT>d)</DT><DD Font="normal"><LA Size="normal">Bildbearbeitungs- und Bildausgabeprozesse durchführen sowie</LA></DD><DT>e)</DT><DD Font="normal"><LA Size="normal">Sicherheit und Gesundheitsschutz bei der Arbeit, Umweltschutz, Kundenorientierung, Wirtschaftlichkeit und Qualitätssicherung berücksichtigen</LA></DD></DL>kann;</LA></DD><DT>2.</DT><DD Font="normal"><LA Size="normal">dem Prüfungsbereich sind folgende Tätigkeiten zugrunde zu legen: das Anfertigen einer Aufnahme einschließlich Bildbearbeitung entsprechend dem Verwendungszweck unter Berücksichtigung des gewählten Schwerpunkts;</LA></DD><DT>3.</DT><DD Font="normal"><LA Size="normal">der Prüfling soll eine Arbeitsaufgabe durchführen;</LA></DD><DT>4.</DT><DD Font="normal"><LA Size="normal">die Prüfungszeit beträgt 90 Minuten.</LA></DD></DL></P><P>(5) Für den Prüfungsbereich „Darstellung und Analyse fotografischer Prozesse“ bestehen folgende Vorgaben: <DL Font="normal" Type="arabic"><DT>1.</DT><DD Font="normal"><LA Size="normal">Der Prüfling soll darstellen, dass er <DL Font="normal" Type="alpha"><DT>a)</DT><DD Font="normal"><LA Size="normal">Auftragsziele analysieren und beschreiben, Kunden beraten, Arbeitsschritte festlegen,</LA></DD><DT>b)</DT><DD Font="normal"><LA Size="normal">Prinzipien der Wahrnehmung und Gestaltung anwenden,</LA></DD><DT>c)</DT><DD Font="normal"><LA Size="normal">Aufnahmesysteme und Lichtsysteme anwenden,</LA></DD><DT>d)</DT><DD Font="normal"><LA Size="normal">Bildbearbeitungsprozesse, Bildausgabeprozesse und Bildarchivierung anwenden und optimieren,</LA></DD><DT>e)</DT><DD Font="normal"><LA Size="normal">fachbezogene Berechnungen durchführen,</LA></DD><DT>f)</DT><DD Font="normal"><LA Size="normal">wirtschaftliche und rechtliche Anforderungen berücksichtigen sowie</LA></DD><DT>g)</DT><DD Font="normal"><LA Size="normal">Sicherheit und Gesundheitsschutz bei der Arbeit, Umweltschutz und Qualitätssicherung berücksichtigen</LA></DD></DL>kann;</LA></DD><DT>2.</DT><DD Font="normal"><LA Size="normal">der Prüfling soll schriftlich fallbezogene Aufgaben bearbeiten;</LA></DD><DT>3.</DT><DD Font="normal"><LA Size="normal">die Prüfungszeit beträgt vier Stunden.</LA></DD></DL></P><P>(6) Für den Prüfungsbereich „Wirtschafts- und Sozialkunde“ bestehen folgende Vorgaben: <DL Font="normal" Type="arabic"><DT>1.</DT><DD Font="normal"><LA Size="normal">Der Prüfling soll nachweisen, dass er allgemeine wirtschaftliche und gesellschaftliche Zusammenhänge der Berufs- und Arbeitswelt darstellen und beurteilen kann;</LA></DD><DT>2.</DT><DD Font="normal"><LA Size="normal">der Prüfling soll schriftlich praxisbezogene Aufgaben bearbeiten;</LA></DD><DT>3.</DT><DD Font="normal"><LA Size="normal">die Prüfungszeit beträgt 60 Minuten.</LA></DD></DL></P><P>(7) Die einzelnen Prüfungsbereiche sind wie folgt zu gewichten: <BR/><BR/><table frame="none" pgwide="1" tocentry="%yes;"><tgroup align="left" char="" charoff="50" cols="3"><colspec align="left" colname="col1" colwidth="0.10*"/><colspec align="left" colname="col2" colwidth="1.59*"/><colspec align="left" colname="col3" colwidth="1.30*"/><tbody valign="top"><row><entry VJ="1" colsep="0" rowsep="0">1.</entry><entry VJ="1" colsep="0" rowsep="0">Prüfungsbereich „Ausführung fotografischer Aufträge“</entry><entry VJ="1" colsep="0" rowsep="0">35 Prozent,</entry></row><row><entry VJ="1" colsep="0" rowsep="0">2.</entry><entry VJ="1" colsep="0" rowsep="0">Prüfungsbereich „Anwendung fotografischer Prozesse“</entry><entry VJ="1" colsep="0" rowsep="0">25 Prozent,</entry></row><row><entry VJ="1" colsep="0" rowsep="0">3.</entry><entry VJ="1" colsep="0" rowsep="0">Prüfungsbereich „Darstellung und Analyse fotografischer Prozesse“</entry><entry VJ="1" colsep="0" rowsep="0">30 Prozent,</entry></row><row><entry VJ="1" colsep="0" rowsep="0">4.</entry><entry VJ="1" colsep="0" rowsep="0">Prüfungsbereich „Wirtschafts- und Sozialkunde“</entry><entry VJ="1" colsep="0" rowsep="0">10 Prozent.</entry></row></tbody></tgroup></table></P><P>(8) Die Gesellenprüfung ist bestanden, wenn die Leistungen <DL Font="normal" Type="arabic"><DT>1.</DT><DD Font="normal"><LA Size="normal">im Gesamtergebnis mit mindestens „ausreichend“,</LA></DD><DT>2.</DT><DD Font="normal"><LA Size="normal">im Prüfungsbereich „Anwendung fotografischer Prozesse“ mit mindestens „ausreichend“,</LA></DD><DT>3.</DT><DD Font="normal"><LA Size="normal">in mindestens zwei der übrigen Prüfungsbereiche mit mindestens „ausreichend“,</LA></DD><DT>4.</DT><DD Font="normal"><LA Size="normal">in keinem Prüfungsbereich mit „ungenügend“</LA></DD></DL>bewertet worden sind.</P><P>(9) Auf Antrag des Prüflings ist die Prüfung in einem der mit schlechter als „ausreichend“ bewerteten Prüfungsbereiche, in denen Prüfungsleistungen mit eigener Anforderung und Gewichtung schriftlich zu erbringen sind, durch eine mündliche Prüfung von etwa 15 Minuten zu ergänzen, wenn dies für das Bestehen der Prüfung den Ausschlag geben kann. Bei der Ermittlung des Ergebnisses für diesen Prüfungsbereich sind das bisherige Ergebnis und das Ergebnis der mündlichen Ergänzungsprüfung im Verhältnis von 2 : 1 zu gewichten.</P></Content></text></textdaten></norm>
<norm builddate="20250206223019" doknr="BJNR105100009BJNE000900000"><metadaten><jurabk>FotoAusbV 2009</jurabk><jurabk>FotoAusbV</jurabk><enbez>§ 8</enbez><titel format="XML">Bestehende Berufsausbildungsverhältnisse</titel></metadaten><textdaten><text format="XML"><Content><P>Berufsausbildungsverhältnisse, die bei Inkrafttreten dieser Verordnung bestehen, können unter Anrechnung der bisher zurückgelegten Ausbildungszeit nach den Vorschriften dieser Verordnung fortgesetzt werden, wenn die Vertragsparteien dies vereinbaren.</P></Content></text></textdaten></norm>
<norm builddate="20250206223019" doknr="BJNR105100009BJNE001000000"><metadaten><jurabk>FotoAusbV 2009</jurabk><jurabk>FotoAusbV</jurabk><enbez>§ 9</enbez><titel format="XML">Inkrafttreten, Außerkrafttreten</titel></metadaten><textdaten><text format="XML"><Content><P>Diese Verordnung tritt am 1. August 2009 in Kraft.</P></Content></text><fussnoten/></textdaten></norm>
<norm builddate="20250206223019" doknr="BJNR105100009BJNE001200000"><metadaten><jurabk>FotoAusbV 2009</jurabk><jurabk>FotoAusbV</jurabk><enbez>Anlage</enbez><titel format="XML">(zu § 4 Absatz 1)<BR/>Ausbildungsrahmenplan für die Berufsausbildung zum Fotografen und zur Fotografin</titel></metadaten><textdaten><text format="XML"><Content><P><kommentar typ="Fundstelle">(Fundstelle: BGBl. I 2009, 1054 - 1059)</kommentar><BR/><B>Abschnitt A</B><BR/><B>Berufsprofilgebende Fertigkeiten, Kenntnisse und Fähigkeiten</B></P><P>1. Gemeinsame Ausbildungsinhalte</P><table frame="all" pgwide="1" tabstyle="tabelle1" tocentry="%yes;"><tgroup align="left" char="" charoff="50" cols="5" colsep="1" rowsep="1"><colspec align="center" colname="col1" colnum="1" colwidth="0.6*"/><colspec colname="col2" colnum="2" colwidth="3.0*"/><colspec colname="col3" colnum="3" colwidth="7.5*"/><colspec align="center" colname="col4" colnum="4" colwidth="1.2*"/><colspec align="center" colname="col5" colnum="5" colwidth="1.2*"/><thead valign="bottom"><row><entry VJ="1" align="center" colname="col1" morerows="1" valign="middle">Lfd.<BR/> Nr.</entry><entry VJ="1" align="center" colname="col2" morerows="1" valign="middle">Teil des<BR/> Ausbildungsberufsbilds</entry><entry VJ="1" align="center" colname="col3" morerows="1" valign="middle">Zu vermittelnde<BR/> Fertigkeiten, Kenntnisse und Fähigkeiten</entry><entry VJ="1" align="center" colname="col4" nameend="col5" namest="col4" valign="middle">Zeitlicher Richtwert<BR/> in Wochen im</entry></row><row><entry VJ="1" align="center" colname="col4" valign="middle">1. – 18.<BR/> Monat</entry><entry VJ="1" align="center" colname="col5" valign="middle">19. – 36.<BR/> Monat</entry></row><row><entry VJ="1" align="center" colname="col1" valign="middle">1</entry><entry VJ="1" align="center" colname="col2" valign="middle">2</entry><entry VJ="1" align="center" colname="col3" valign="middle">3</entry><entry VJ="1" align="center" colname="col4" nameend="col5" namest="col4" valign="middle">4</entry></row></thead><tbody valign="top"><row><entry VJ="1" colname="col1" morerows="1">1</entry><entry VJ="1" colname="col2" morerows="1">Beraten von Kunden<BR/> (§ 4 Absatz 2<BR/> Abschnitt A Nummer 1)</entry><entry VJ="1" colname="col3"><DL Type="alpha"><DT>a)</DT><DD Font="normal"><LA>Kundengespräche unter Berücksichtigung der Kundenzufriedenheit und Kundenbindung führen</LA></DD><DT>b)</DT><DD Font="normal"><LA>Fachbegriffe, auch englischsprachige, erläutern</LA></DD></DL></entry><entry VJ="1" colname="col4" valign="middle">4</entry><entry VJ="1" colname="col5"/></row><row><entry VJ="1" colname="col3"><DL Type="alpha"><DT>c)</DT><DD Font="normal"><LA>Aufträge unter Berücksichtigung der Kundenwünsche und Auftragsziele analysieren</LA></DD><DT>d)</DT><DD Font="normal"><LA>berufstypische Rechtsvorschriften berücksichtigen</LA></DD><DT>e)</DT><DD Font="normal"><LA>bei der Vorbereitung fotografischer Arbeiten Kunden beraten</LA></DD><DT>f)</DT><DD Font="normal"><LA>Beschwerden und Reklamationen entgegennehmen, bearbeiten sowie im Interesse des Betriebs und der Kunden handeln</LA></DD></DL></entry><entry VJ="1" colname="col4"/><entry VJ="1" colname="col5" valign="middle">4</entry></row><row><entry VJ="1" colname="col1" morerows="1">2</entry><entry VJ="1" colname="col2" morerows="1">Erstellen von<BR/> Bildkonzeptionen<BR/> (§ 4 Absatz 2<BR/> Abschnitt A Nummer 2)</entry><entry VJ="1" colname="col3"><DL Type="alpha"><DT>a)</DT><DD Font="normal"><LA>Aufnahmeentwürfe erstellen</LA></DD><DT>b)</DT><DD Font="normal"><LA>technische und terminliche Rahmenbedingungen prüfen</LA></DD></DL></entry><entry VJ="1" colname="col4" valign="middle">6</entry><entry VJ="1" colname="col5"/></row><row><entry VJ="1" colname="col3"><DL Type="alpha"><DT>c)</DT><DD Font="normal"><LA>wirtschaftliche Rahmenbedingungen prüfen</LA></DD><DT>d)</DT><DD Font="normal"><LA>Aufnahmeorte, Gestaltungsmittel, Geräte und Hilfsmittel auswählen</LA></DD><DT>e)</DT><DD Font="normal"><LA>Bildkonzeptionen im Kundenauftrag und für selbstgewählte Themen erarbeiten und darstellen</LA></DD></DL></entry><entry VJ="1" colname="col4"/><entry VJ="1" colname="col5" valign="middle">6</entry></row><row><entry VJ="1" colname="col1" morerows="1">3</entry><entry VJ="1" colname="col2" morerows="1">Arbeitsplanung<BR/> (§ 4 Absatz 2<BR/> Abschnitt A Nummer 3)</entry><entry VJ="1" colname="col3"><DL Type="alpha"><DT>a)</DT><DD Font="normal"><LA>Arbeitsschritte festlegen</LA></DD><DT>b)</DT><DD Font="normal"><LA>für Aufnahmeorte und -situationen erforderliche Genehmigungen einholen</LA></DD><DT>c)</DT><DD Font="normal"><LA>Kamerasysteme und Kamerazubehör sowie Beleuchtungsgeräte für den Transport vorbereiten, verpacken, transportieren und vor Witterungseinflüssen schützen</LA></DD><DT>d)</DT><DD Font="normal"><LA>Informationsmaterialien, auch englischsprachige, auswerten</LA></DD></DL></entry><entry VJ="1" colname="col4" valign="middle">4</entry><entry VJ="1" colname="col5"/></row><row><entry VJ="1" colname="col3"><DL Type="alpha"><DT>e)</DT><DD Font="normal"><LA>Termine planen und Terminabsprachen treffen</LA></DD><DT>f)</DT><DD Font="normal"><LA>Bedarf an externen Dienstleistungen ermitteln und Arbeitsschritte mit Dienstleistern abstimmen</LA></DD><DT>g)</DT><DD Font="normal"><LA>Termine, Arbeitsschritte, Geräte und Hilfsmittel sowie den Einsatz von Personen koordinieren und im Team abstimmen</LA></DD></DL></entry><entry VJ="1" colname="col4"/><entry VJ="1" colname="col5" valign="middle">4</entry></row><row><entry VJ="1" colname="col1" rowsep="0">4</entry><entry VJ="1" colname="col2" rowsep="0">Handhaben von<BR/> fotografischen<BR/> Aufnahmegeräten<BR/> (§ 4 Absatz 2<BR/> Abschnitt A Nummer 4)</entry><entry VJ="1" colname="col3" rowsep="0"><DL Type="alpha"><DT>a)</DT><DD Font="normal"><LA>Verfahren zur Aufnahme, Bearbeitung und Wiedergabe von stehenden und bewegten Bildern unterscheiden</LA></DD><DT>b)</DT><DD Font="normal"><LA>starre und in den Ebenen bewegliche Kamerasysteme in unterschiedlichen Formaten unterscheiden</LA></DD><DT>c)</DT><DD Font="normal"><LA>Kamerasysteme mit unterschiedlichen Komponenten einsetzen, insbesondere verschiedene Objektive und Bildaufzeichnungssysteme für Personen- und Sachaufnahmen nutzen</LA></DD></DL></entry><entry VJ="1" colname="col4" rowsep="0" valign="middle"><BR/><BR/><BR/> 14</entry><entry VJ="1" colname="col5" rowsep="0"/></row><row><entry VJ="1" colname="col1" rowsep="0"/><entry VJ="1" colname="col2" rowsep="0"/><entry VJ="1" colname="col3"><DL Type="alpha"><DT>d)</DT><DD Font="normal"><LA>fotografische Reproduktionen durchführen</LA></DD><DT>e)</DT><DD Font="normal"><LA>Scans erstellen</LA></DD></DL></entry><entry VJ="1" colname="col4" valign="middle"/><entry VJ="1" colname="col5"/></row><row><entry VJ="1" colname="col1"/><entry VJ="1" colname="col2"/><entry VJ="1" colname="col3"><DL Type="alpha"><DT>f)</DT><DD Font="normal"><LA>technische Hilfsmittel und Kamerazubehör auswählen und einsetzen</LA></DD></DL></entry><entry VJ="1" colname="col4"/><entry VJ="1" colname="col5" valign="middle">2</entry></row><row><entry VJ="1" colname="col1" morerows="1">5</entry><entry VJ="1" colname="col2" morerows="1">Einsetzen<BR/> von Beleuchtung<BR/> (§ 4 Absatz 2<BR/> Abschnitt A Nummer 5)</entry><entry VJ="1" colname="col3"><DL Type="alpha"><DT>a)</DT><DD Font="normal"><LA>Dauerlicht, Blitzanlagen, Lichtformer und Zusatzgeräte auswählen und handhaben</LA></DD><DT>b)</DT><DD Font="normal"><LA>vorhandenes Licht nutzen, zusätzliches Licht setzen und den Beleuchtungskontrast auf das beabsichtigte Bildergebnis abstimmen</LA></DD></DL></entry><entry VJ="1" colname="col4" valign="middle">8</entry><entry VJ="1" colname="col5"/></row><row><entry VJ="1" colname="col3"><DL Type="alpha"><DT>c)</DT><DD Font="normal"><LA>Licht bestimmen und unter Berücksichtigung von Farbtemperatur, Intensität und Charakteristik einsetzen</LA></DD><DT>d)</DT><DD Font="normal"><LA>Lichtführung zur beabsichtigten Form-, Farb-, Kontrast- und Oberflächenwiedergabe einsetzen</LA></DD><DT>e)</DT><DD Font="normal"><LA>Mischlichtsituation auf ihre Auswirkung bestimmen und berücksichtigen</LA></DD></DL></entry><entry VJ="1" colname="col4"/><entry VJ="1" colname="col5" valign="middle">10</entry></row><row><entry VJ="1" colname="col1" morerows="1">6</entry><entry VJ="1" colname="col2" morerows="1">Umsetzen von<BR/> Bildkonzeptionen<BR/> (§ 4 Absatz 2<BR/> Abschnitt A Nummer 6)</entry><entry VJ="1" colname="col3"><DL Type="alpha"><DT>a)</DT><DD Font="normal"><LA>Aufnahmeverfahren auswählen</LA></DD><DT>b)</DT><DD Font="normal"><LA>Hilfsmittel, insbesondere Requisiten und Hintergründe beschaffen</LA></DD><DT>c)</DT><DD Font="normal"><LA>Kamera einrichten</LA></DD><DT>d)</DT><DD Font="normal"><LA>Gestaltungsmittel einsetzen</LA></DD><DT>e)</DT><DD Font="normal"><LA>Belichtungen durchführen, Bildergebnisse kontrollieren</LA></DD></DL></entry><entry VJ="1" colname="col4" valign="middle">12</entry><entry VJ="1" colname="col5"/></row><row><entry VJ="1" colname="col3"><DL Type="alpha"><DT>f)</DT><DD Font="normal"><LA>Personen und Objekte positionieren, Aufnahmestandpunkte festlegen und Bildregie übernehmen</LA></DD><DT>g)</DT><DD Font="normal"><LA>fotografische Aufnahmewerte, insbesondere Belichtungszeiten und Blendenwerte ermitteln und einsetzen sowie Kontrastumfang und Farbtemperatur messen und berücksichtigen</LA></DD><DT>h)</DT><DD Font="normal"><LA>in der Aufnahmesituation Optimierungen durchführen</LA></DD></DL></entry><entry VJ="1" colname="col4"/><entry VJ="1" colname="col5" valign="middle">8</entry></row><row><entry VJ="1" colname="col1" rowsep="0">7</entry><entry VJ="1" colname="col2" rowsep="0">Bilddatenhandling<BR/> und Bildbearbeitung<BR/> (§ 4 Absatz 2<BR/> Abschnitt A Nummer 7)</entry><entry VJ="1" colname="col3"><DL Type="alpha"><DT>a)</DT><DD Font="normal"><LA>Geräte und Hilfsmittel zur Bildbearbeitung auswählen, installieren, nutzen und pflegen</LA></DD><DT>b)</DT><DD Font="normal"><LA>Programme zur Bildbearbeitung auswählen, installieren, nutzen und aktualisieren</LA></DD><DT>c)</DT><DD Font="normal"><LA>Bilddatenformate unterscheiden</LA></DD></DL></entry><entry VJ="1" colname="col4" valign="middle">10</entry><entry VJ="1" colname="col5"/></row><row><entry VJ="1" colname="col1"/><entry VJ="1" colname="col2"/><entry VJ="1" colname="col3"><DL Type="alpha"><DT>d)</DT><DD Font="normal"><LA>Farbmanagement berücksichtigen und anwenden</LA></DD><DT>e)</DT><DD Font="normal"><LA>Bilddaten inhaltlich und gestalterisch aufbereiten und entsprechend der Bildkonzeptionen bearbeiten</LA></DD><DT>f)</DT><DD Font="normal"><LA>Bilddaten für unterschiedliche Ausgabemedien und unterschiedliche Systemplattformen aufbereiten und erzeugen</LA></DD><DT>g)</DT><DD Font="normal"><LA>Fotocomposings und Typografie in Fotos unter Berücksichtigung technischer und gestalterischer Aspekte planen und umsetzen</LA></DD></DL></entry><entry VJ="1" colname="col4"/><entry VJ="1" colname="col5" valign="middle">12</entry></row><row><entry VJ="1" colname="col1" morerows="1">8</entry><entry VJ="1" colname="col2" morerows="1">Ausgeben<BR/> von Bilddaten<BR/> (§ 4 Absatz 2<BR/> Abschnitt A Nummer 8)</entry><entry VJ="1" colname="col3"><DL Type="alpha"><DT>a)</DT><DD Font="normal"><LA>Bilddaten entsprechend ihrem Verwendungszweck ausgeben</LA></DD><DT>b)</DT><DD Font="normal"><LA>Arbeitsergebnisse prüfen und beurteilen</LA></DD></DL></entry><entry VJ="1" colname="col4" valign="middle">6</entry><entry VJ="1" colname="col5"/></row><row><entry VJ="1" colname="col3"><DL Type="alpha"><DT>c)</DT><DD Font="normal"><LA>Bildpräsentationen für unterschiedliche Verwendungszwecke vorbereiten und durchführen</LA></DD></DL></entry><entry VJ="1" colname="col4"/><entry VJ="1" colname="col5" valign="middle">2</entry></row><row><entry VJ="1" colname="col1">9</entry><entry VJ="1" colname="col2">Archivieren<BR/> von Bilddaten<BR/> (§ 4 Absatz 2<BR/> Abschnitt A Nummer 9)</entry><entry VJ="1" colname="col3"><DL Type="alpha"><DT>a)</DT><DD Font="normal"><LA>Dateiinformationen und Metadaten erfassen und verwalten</LA></DD><DT>b)</DT><DD Font="normal"><LA>Speichermedien und Dateiformate festlegen</LA></DD><DT>c)</DT><DD Font="normal"><LA>Archivierungssoftware sowie Archivierungstechniken festlegen</LA></DD><DT>d)</DT><DD Font="normal"><LA>Bildarchive anlegen und pflegen</LA></DD><DT>e)</DT><DD Font="normal"><LA>Datenbanken zur Verwaltung von Bilddaten nutzen</LA></DD></DL></entry><entry VJ="1" colname="col4" valign="middle">8</entry><entry VJ="1" colname="col5"/></row></tbody></tgroup></table><P>2. Berufsausbildung in Schwerpunkten</P><P>2.1 Schwerpunkt Porträtfotografie</P><table frame="all" pgwide="1" tabstyle="tabelle2" tocentry="%yes;"><tgroup align="left" char="" charoff="50" cols="4" colsep="1" rowsep="1"><colspec align="center" colname="col1" colnum="1" colwidth="0.6*"/><colspec colname="col2" colnum="2" colwidth="3.0*"/><colspec colname="col3" colnum="3" colwidth="7.5*"/><colspec align="center" colname="col4" colnum="4" colwidth="2.4*"/><thead valign="bottom"><row><entry VJ="1" align="center" colname="col1" morerows="1" rowsep="1" valign="middle">Lfd.<BR/> Nr.</entry><entry VJ="1" align="center" colname="col2" morerows="1" valign="middle">Teil des<BR/> Ausbildungsberufsbilds</entry><entry VJ="1" align="center" colname="col3" morerows="1" valign="middle">Zu vermittelnde<BR/> Fertigkeiten, Kenntnisse und Fähigkeiten</entry><entry VJ="1" colname="col4" valign="middle">Zeitlicher Richtwert<BR/> in Wochen im</entry></row><row><entry VJ="1" colname="col4" valign="middle">19. – 36. Monat</entry></row><row><entry VJ="1" align="center" colname="col1" rowsep="1" valign="middle">1</entry><entry VJ="1" align="center" colname="col2" valign="middle">2</entry><entry VJ="1" align="center" colname="col3" valign="middle">3</entry><entry VJ="1" colname="col4" valign="middle">4</entry></row></thead><tbody valign="top"><row><entry VJ="1" colname="col1">1</entry><entry VJ="1" colname="col2">Beraten von Kunden<BR/> (§ 4 Absatz 2<BR/> Abschnitt A Nummer 1)</entry><entry VJ="1" colname="col3"><DL Type="alpha"><DT>a)</DT><DD Font="normal"><LA>Kunden empfangen und motivieren, sich auf die Aufnahmesituation einzulassen</LA></DD><DT>b)</DT><DD Font="normal"><LA>Kunden unter Berücksichtigung ihrer Gesamterscheinung, ästhetischer Aspekte sowie modischer Trends beraten</LA></DD><DT>c)</DT><DD Font="normal"><LA>Kunden zur Typ-Optimierung hinsichtlich Farbe und Stil der Kleidung, Accessoires und Schminktechniken beraten</LA></DD></DL></entry><entry VJ="1" colname="col4" valign="middle">8</entry></row><row><entry VJ="1" colname="col1">2</entry><entry VJ="1" colname="col2">Umsetzen von<BR/> Bildkonzeptionen<BR/> (§ 4 Absatz 2<BR/> Abschnitt A Nummer 6)</entry><entry VJ="1" colname="col3"><DL Type="alpha"><DT>a)</DT><DD Font="normal"><LA>entspannende Atelieratmosphäre schaffen</LA></DD><DT>b)</DT><DD Font="normal"><LA>Aufnahmestandpunkte entsprechend der Lichtcharakteristik, der beabsichtigten Bildstimmung und -aussage festlegen</LA></DD><DT>c)</DT><DD Font="normal"><LA>Kunden unter Berücksichtigung ihrer Persönlichkeit, Wünsche und Erwartungen im Hinblick auf Gestik und Mimik für die Aufnahmesituation anleiten</LA></DD><DT>d)</DT><DD Font="normal"><LA>mit Einfühlungsvermögen auf das Verhalten der Kunden in der Aufnahmesituation einwirken</LA></DD><DT>e)</DT><DD Font="normal"><LA>für Aufnahmen im Rahmen von gesellschaftlichen Anlässen Aufnahmekonzept, Motive und Zeitplan mit dem Kunden abstimmen sowie auf nicht geplante Änderungen in der Aufnahmesituation reagieren</LA></DD></DL></entry><entry VJ="1" colname="col4" valign="middle">17</entry></row><row><entry VJ="1" colname="col1">3</entry><entry VJ="1" colname="col2">Bilddatenhandling<BR/> und Bildbearbeitung<BR/> (§ 4 Absatz 2<BR/> Abschnitt A Nummer 7)</entry><entry VJ="1" colname="col3">Beautyretusche im Rahmen der Bildbearbeitung durchführen</entry><entry VJ="1" colname="col4" valign="middle">3</entry></row></tbody></tgroup></table><P>2.2 Schwerpunkt Produktfotografie</P><table frame="all" pgwide="1" tabstyle="tabelle2" tocentry="%yes;"><tgroup align="left" char="" charoff="50" cols="4" colsep="1" rowsep="1"><colspec align="center" colname="col1" colnum="1" colwidth="0.6*"/><colspec colname="col2" colnum="2" colwidth="3.00*"/><colspec colname="col3" colnum="3" colwidth="7.5*"/><colspec align="center" colname="col4" colnum="4" colwidth="2.4*"/><thead valign="bottom"><row><entry VJ="1" align="center" colname="col1" morerows="1" rowsep="1" valign="middle">Lfd.<BR/> Nr.</entry><entry VJ="1" align="center" colname="col2" morerows="1" valign="middle">Teil des<BR/> Ausbildungsberufsbilds</entry><entry VJ="1" align="center" colname="col3" morerows="1" valign="middle">Zu vermittelnde<BR/> Fertigkeiten, Kenntnisse und Fähigkeiten</entry><entry VJ="1" colname="col4" valign="middle">Zeitlicher Richtwert<BR/> in Wochen im</entry></row><row><entry VJ="1" colname="col4" valign="middle">19. – 36. Monat</entry></row><row><entry VJ="1" align="center" colname="col1" rowsep="1" valign="middle">1</entry><entry VJ="1" align="center" colname="col2" valign="middle">2</entry><entry VJ="1" align="center" colname="col3" valign="middle">3</entry><entry VJ="1" colname="col4" valign="middle">4</entry></row></thead><tbody valign="top"><row><entry VJ="1" colname="col1">1</entry><entry VJ="1" colname="col2">Erstellen von<BR/> Bildkonzeptionen<BR/> (§ 4 Absatz 2<BR/> Abschnitt A Nummer 2)</entry><entry VJ="1" colname="col3">Projekte unter Berücksichtigung der Marketingstrategie und des Briefings der Kunden planen</entry><entry VJ="1" colname="col4" valign="middle">8</entry></row><row><entry VJ="1" colname="col1">2</entry><entry VJ="1" colname="col2">Handhaben von<BR/> fotografischen<BR/> Aufnahmegeräten<BR/> (§ 4 Absatz 2<BR/> Abschnitt A Nummer 4)</entry><entry VJ="1" colname="col3"><DL Type="alpha"><DT>a)</DT><DD Font="normal"><LA>in den Ebenen bewegliche Fachkamerasysteme mit unterschiedlichen Komponenten einsetzen, insbesondere verschiedene Objektive und Bildaufzeichnungssysteme nutzen</LA></DD><DT>b)</DT><DD Font="normal"><LA>technische Hilfsmittel und Zubehör für Fachkamerasysteme auswählen und einsetzen</LA></DD></DL></entry><entry VJ="1" colname="col4" valign="middle">10</entry></row><row><entry VJ="1" colname="col1">3</entry><entry VJ="1" colname="col2">Umsetzen von<BR/> Bildkonzeptionen<BR/> (§ 4 Absatz 2<BR/> Abschnitt A Nummer 6)</entry><entry VJ="1" colname="col3"><DL Type="alpha"><DT>a)</DT><DD Font="normal"><LA>Aufnahmesituationen nach Vorgaben aufbauen und Produkte nach Layout einrichten</LA></DD><DT>b)</DT><DD Font="normal"><LA>Licht entsprechend der beabsichtigten Bild- oder Werbeaussage setzen</LA></DD><DT>c)</DT><DD Font="normal"><LA>Bildergebnisse mit der Layoutvorgabe abgleichen</LA></DD></DL></entry><entry VJ="1" colname="col4" valign="middle">10</entry></row></tbody></tgroup></table><P>2.3 Schwerpunkt Industrie- und Architekturfotografie</P><table frame="all" pgwide="1" tabstyle="tabelle2" tocentry="%yes;"><tgroup align="left" char="" charoff="50" cols="4" colsep="1" rowsep="1"><colspec align="center" colname="col1" colnum="1" colwidth="0.60*"/><colspec colname="col2" colnum="2" colwidth="3.00*"/><colspec colname="col3" colnum="3" colwidth="7.5*"/><colspec align="center" colname="col4" colnum="4" colwidth="2.4*"/><thead valign="bottom"><row><entry VJ="1" align="center" colname="col1" morerows="1" rowsep="1" valign="middle">Lfd.<BR/> Nr.</entry><entry VJ="1" align="center" colname="col2" morerows="1" valign="middle">Teil des<BR/> Ausbildungsberufsbilds</entry><entry VJ="1" align="center" colname="col3" morerows="1" valign="middle">Zu vermittelnde<BR/> Fertigkeiten, Kenntnisse und Fähigkeiten</entry><entry VJ="1" colname="col4" valign="middle">Zeitlicher Richtwert<BR/> in Wochen im</entry></row><row><entry VJ="1" colname="col4" valign="middle">19. – 36. Monat</entry></row><row><entry VJ="1" align="center" colname="col1" rowsep="1" valign="middle">1</entry><entry VJ="1" align="center" colname="col2" valign="middle">2</entry><entry VJ="1" align="center" colname="col3" valign="middle">3</entry><entry VJ="1" colname="col4" valign="middle">4</entry></row></thead><tbody valign="top"><row><entry VJ="1" colname="col1">1</entry><entry VJ="1" colname="col2">Erstellen von<BR/>Bildkonzeptionen<BR/> (§ 4 Absatz 2<BR/> Abschnitt A Nummer 2)</entry><entry VJ="1" colname="col3">Projekte unter Berücksichtigung der Marketingstrategie und des Briefings der Kunden planen</entry><entry VJ="1" colname="col4" valign="middle">6</entry></row><row><entry VJ="1" colname="col1">2</entry><entry VJ="1" colname="col2">Handhaben von<BR/> fotografischen<BR/> Aufnahmegeräten<BR/> (§ 4 Absatz 2<BR/> Abschnitt A Nummer 4)</entry><entry VJ="1" colname="col3"><DL Type="alpha"><DT>a)</DT><DD Font="normal"><LA>in den Ebenen bewegliche Fachkamerasysteme mit unterschiedlichen Komponenten einsetzen, insbesondere verschiedene Objektive und Bildaufzeichnungssysteme nutzen</LA></DD><DT>b)</DT><DD Font="normal"><LA>technische Hilfsmittel und Zubehör für Fachkamerasysteme auswählen und einsetzen</LA></DD></DL></entry><entry VJ="1" colname="col4" valign="middle">10</entry></row><row><entry VJ="1" colname="col1">3</entry><entry VJ="1" colname="col2">Umsetzen von<BR/> Bildkonzeptionen<BR/> (§ 4 Absatz 2<BR/> Abschnitt A Nummer 6)</entry><entry VJ="1" colname="col3"><DL Type="alpha"><DT>a)</DT><DD Font="normal"><LA>Aufnahmestandpunkte unter Berücksichtigung des Aufnahmeumfelds, der Witterungseinflüsse und des Zeitpunkts festlegen</LA></DD><DT>b)</DT><DD Font="normal"><LA>Personen zur Verdeutlichung von darzustellenden Prozessen einbeziehen und positionieren</LA></DD><DT>c)</DT><DD Font="normal"><LA>Bildergebnisse mit dem Briefing der Kunden abgleichen</LA></DD><DT>d)</DT><DD Font="normal"><LA>Merkmale von Baustilen unterscheiden</LA></DD><DT>e)</DT><DD Font="normal"><LA>Sicherheitsvorschriften vor Ort beachten und Sicherheitsmaßnahmen anwenden</LA></DD><DT>f)</DT><DD Font="normal"><LA>Vorschriften für explosionsgeschützte Bereiche beachten</LA></DD></DL></entry><entry VJ="1" colname="col4" valign="middle">12</entry></row></tbody></tgroup></table><P>2.4 Schwerpunkt Wissenschaftsfotografie</P><table frame="all" pgwide="1" tabstyle="tabelle2" tocentry="%yes;"><tgroup align="left" char="" charoff="50" cols="4" colsep="1" rowsep="1"><colspec align="center" colname="col1" colnum="1" colwidth="0.6*"/><colspec colname="col2" colnum="2" colwidth="3.00*"/><colspec colname="col3" colnum="3" colwidth="7.5*"/><colspec align="center" colname="col4" colnum="4" colwidth="2.4*"/><thead valign="bottom"><row><entry VJ="1" align="center" colname="col1" morerows="1" rowsep="1" valign="middle">Lfd.<BR/> Nr.</entry><entry VJ="1" align="center" colname="col2" morerows="1" valign="middle">Teil des<BR/> Ausbildungsberufsbilds</entry><entry VJ="1" align="center" colname="col3" morerows="1" valign="middle">Zu vermittelnde<BR/> Fertigkeiten, Kenntnisse und Fähigkeiten</entry><entry VJ="1" colname="col4" valign="middle">Zeitlicher Richtwert<BR/> in Wochen im</entry></row><row><entry VJ="1" colname="col4" valign="middle">19. – 36. Monat</entry></row><row><entry VJ="1" align="center" colname="col1" rowsep="1" valign="middle">1</entry><entry VJ="1" align="center" colname="col2" valign="middle">2</entry><entry VJ="1" align="center" colname="col3" valign="middle">3</entry><entry VJ="1" colname="col4" valign="middle">4</entry></row></thead><tbody valign="top"><row><entry VJ="1" colname="col1">1</entry><entry VJ="1" colname="col2">Erstellen von<BR/> Bildkonzeptionen<BR/> (§ 4 Absatz 2<BR/> Abschnitt A Nummer 2)</entry><entry VJ="1" align="justify" colname="col3">Projekte unter Berücksichtigung des Dokumentations- und Forschungsziels und der wissenschaftlichen Aussage planen</entry><entry VJ="1" colname="col4" valign="middle">6</entry></row><row><entry VJ="1" colname="col1">2</entry><entry VJ="1" colname="col2">Handhaben von<BR/> fotografischen<BR/> Aufnahmegeräten<BR/> (§ 4 Absatz 2<BR/> Abschnitt A Nummer 4)</entry><entry VJ="1" colname="col3"><DL Type="alpha"><DT>a)</DT><DD Font="normal"><LA>in den Ebenen bewegliche Fachkamerasysteme mit unterschiedlichen Komponenten einsetzen, insbesondere verschiedene Objektive und Bildaufzeichnungssysteme nutzen</LA></DD><DT>b)</DT><DD Font="normal"><LA>technische Hilfsmittel und Zubehör für Fachkamerasysteme auswählen und einsetzen</LA></DD><DT>c)</DT><DD Font="normal"><LA>fotografische Aufnahmegeräte im Makrobereich einsetzen</LA></DD><DT>d)</DT><DD Font="normal"><LA>Mikroskopsysteme hinsichtlich ihrer Abbildungsmöglichkeiten unterscheiden</LA></DD></DL></entry><entry VJ="1" colname="col4" valign="middle">12</entry></row><row><entry VJ="1" colname="col1">3</entry><entry VJ="1" colname="col2">Umsetzen von<BR/> Bildkonzeptionen<BR/> (§ 4 Absatz 2<BR/> Abschnitt A Nummer 6)</entry><entry VJ="1" colname="col3"><DL Type="alpha"><DT>a)</DT><DD Font="normal"><LA>Aufnahmestandpunkte unter Berücksichtigung des Aufnahmeumfelds und des -zeitpunkts festlegen</LA></DD><DT>b)</DT><DD Font="normal"><LA>vergleichbare, farbverbindliche und skalierte Dokumentationsaufnahmen erstellen</LA></DD><DT>c)</DT><DD Font="normal"><LA>spezielle bildgebende Verfahren, insbesondere Infrarot- und UV-Fotografie unterscheiden</LA></DD><DT>d)</DT><DD Font="normal"><LA>Sicherheitsvorschriften vor Ort beachten und Sicherheitsmaßnahmen anwenden</LA></DD><DT>e)</DT><DD Font="normal"><LA>hygienische Anforderungen, klimatische Bedingungen sowie Lichtempfindlichkeit der Aufnahmeobjekte beachten</LA></DD><DT>f)</DT><DD Font="normal"><LA>Personen zur Verdeutlichung der Bildaussage einbeziehen und positionieren</LA></DD></DL></entry><entry VJ="1" colname="col4" valign="middle">10</entry></row></tbody></tgroup></table><P><B>Abschnitt B</B><BR/><B>Integrative Fertigkeiten, Kenntnisse und Fähigkeiten</B></P><table frame="all" pgwide="1" tabstyle="tabelle1" tocentry="%yes;"><tgroup align="left" char="" charoff="50" cols="5" colsep="1" rowsep="1"><colspec align="center" colname="col1" colnum="1" colwidth="0.6*"/><colspec colname="col2" colnum="2" colwidth="3.00*"/><colspec colname="col3" colnum="3" colwidth="7.5*"/><colspec align="center" colname="col4" colnum="4" colwidth="1.2*"/><colspec align="center" colname="col5" colnum="5" colwidth="1.2*"/><thead valign="bottom"><row><entry VJ="1" align="center" colname="col1" morerows="1" valign="middle">Lfd.<BR/> Nr.</entry><entry VJ="1" align="center" colname="col2" morerows="1" valign="middle">Teil des<BR/> Ausbildungsberufsbilds</entry><entry VJ="1" align="center" colname="col3" morerows="1" valign="middle">Zu vermittelnde<BR/> Fertigkeiten, Kenntnisse und Fähigkeiten</entry><entry VJ="1" align="center" colname="col4" nameend="col5" namest="col4" valign="middle">Zeitlicher Richtwert<BR/> in Wochen im</entry></row><row><entry VJ="1" align="center" colname="col4" valign="middle">1. – 18.Monat</entry><entry VJ="1" align="center" colname="col5" valign="middle">19. – 36.Monat</entry></row><row><entry VJ="1" align="center" colname="col1" valign="middle">1</entry><entry VJ="1" align="center" colname="col2" valign="middle">2</entry><entry VJ="1" align="center" colname="col3" valign="middle">3</entry><entry VJ="1" colname="col4" nameend="col5" namest="col4" valign="middle">4</entry></row></thead><tbody valign="top"><row><entry VJ="1" colname="col1">1</entry><entry VJ="1" colname="col2">Berufsbildung,<BR/> Arbeits- und Tarifrecht<BR/> (§ 4 Absatz 2<BR/> Abschnitt B Nummer 1)</entry><entry VJ="1" colname="col3"><DL Type="alpha"><DT>a)</DT><DD Font="normal"><LA>Bedeutung des Ausbildungsvertrags, insbesondere Abschluss, Dauer und Beendigung, erklären</LA></DD><DT>b)</DT><DD Font="normal"><LA>gegenseitige Rechte und Pflichten aus dem Ausbildungsvertrag nennen</LA></DD><DT>c)</DT><DD Font="normal"><LA>Möglichkeiten der beruflichen Fortbildung nennen</LA></DD><DT>d)</DT><DD Font="normal"><LA>wesentliche Teile des Arbeitsvertrags nennen</LA></DD><DT>e)</DT><DD Font="normal"><LA>wesentliche Bestimmungen der für den ausbildenden Betrieb geltenden Tarifverträge nennen</LA></DD></DL></entry><entry VJ="1" colname="col4" nameend="col5" namest="col4" rowsep="0" valign="bottom"/></row><row><entry VJ="1" colname="col1">2</entry><entry VJ="1" colname="col2">Aufbau und<BR/> Organisation des<BR/> Ausbildungsbetriebs<BR/> (§ 4 Absatz 2<BR/> Abschnitt B Nummer 2)</entry><entry VJ="1" colname="col3"><DL Type="alpha"><DT>a)</DT><DD Font="normal"><LA>Aufbau und Aufgaben des ausbildenden Betriebs erläutern</LA></DD><DT>b)</DT><DD Font="normal"><LA>Grundfunktionen des ausbildenden Betriebs, wie Angebot, Beschaffung, Fertigung, Absatz und Verwaltung, erklären</LA></DD><DT>c)</DT><DD Font="normal"><LA>Beziehungen des ausbildenden Betriebs und seiner Beschäftigten zu Wirtschaftsorganisationen, Berufsvertretungen und Gewerkschaften nennen</LA></DD><DT>d)</DT><DD Font="normal"><LA>Grundlagen, Aufgaben und Arbeitsweise der betriebsverfassungs- oder personalvertretungsrechtlichen Organe des ausbildenden Betriebs beschreiben</LA></DD></DL></entry><entry VJ="1" align="center" colname="col4" nameend="col5" namest="col4" rowsep="0" valign="bottom">während der</entry></row><row><entry VJ="1" colname="col1">3</entry><entry VJ="1" colname="col2">Sicherheit und<BR/> Gesundheitsschutz<BR/> am Arbeitsplatz<BR/> (§ 4 Absatz 2<BR/> Abschnitt B Nummer 3)</entry><entry VJ="1" colname="col3"><DL Type="alpha"><DT>a)</DT><DD Font="normal"><LA>Gefährdung von Sicherheit und Gesundheit am Arbeitsplatz feststellen und Maßnahmen zu ihrer Vermeidung ergreifen</LA></DD><DT>b)</DT><DD Font="normal"><LA>berufsbezogene Arbeitsschutz- und Unfallverhütungsvorschriften anwenden</LA></DD><DT>c)</DT><DD Font="normal"><LA>Verhaltensweisen bei Unfällen beschreiben sowie erste Maßnahmen einleiten</LA></DD><DT>d)</DT><DD Font="normal"><LA>Vorschriften des vorbeugenden Brandschutzes anwenden; Verhaltensweisen bei Bränden beschreiben und Maßnahmen zur Brandbekämpfung ergreifen</LA></DD></DL></entry><entry VJ="1" align="center" colname="col4" nameend="col5" namest="col4" rowsep="0" valign="top">gesamten<BR/> Ausbildung<BR/> zu vermitteln</entry></row><row><entry VJ="1" colname="col1">4</entry><entry VJ="1" colname="col2">Umweltschutz<BR/> (§ 4 Absatz 2<BR/> Abschnitt B Nummer 4)</entry><entry VJ="1" colname="col3">Zur Vermeidung betriebsbedingter Umweltbelastungen im beruflichen Einwirkungsbereich beitragen, insbesondere <DL Type="alpha"><DT>a)</DT><DD Font="normal"><LA>mögliche Umweltbelastungen durch den Ausbildungsbetrieb und seinen Beitrag zum Umweltschutz an Beispielen erklären</LA></DD><DT>b)</DT><DD Font="normal"><LA>für den Ausbildungsbetrieb geltende Regelungen des Umweltschutzes anwenden</LA></DD><DT>c)</DT><DD Font="normal"><LA>Möglichkeiten der wirtschaftlichen und umweltschonenden Energie- und Materialverwendung nutzen</LA></DD><DT>d)</DT><DD Font="normal"><LA>Abfälle vermeiden; Stoffe und Materialien einer umweltschonenden Entsorgung zuführen</LA></DD></DL></entry><entry VJ="1" colname="col4" nameend="col5" namest="col4" valign="middle"/></row><row><entry VJ="1" colname="col1">5</entry><entry VJ="1" colname="col2">Qualitätssichernde Maßnahmen<BR/> (§ 4 Absatz 2<BR/> Abschnitt B Nummer 5)</entry><entry VJ="1" colname="col3"><DL Type="alpha"><DT>a)</DT><DD Font="normal"><LA>qualitätssichernde Maßnahmen im eigenen Arbeitsbereich anwenden</LA></DD><DT>b)</DT><DD Font="normal"><LA>Geräte und Ausrüstung lagern, pflegen und warten</LA></DD></DL></entry><entry VJ="1" colname="col4" valign="middle">2</entry><entry VJ="1" colname="col5"/></row><row><entry VJ="1" colname="col1" morerows="1">6</entry><entry VJ="1" colname="col2" morerows="1">Wirtschaftliche<BR/> Aspekte und<BR/> rechtliche Grundlagen<BR/> (§ 4 Absatz 2<BR/> Abschnitt B Nummer 6)</entry><entry VJ="1" colname="col3"><DL Type="alpha"><DT>a)</DT><DD Font="normal"><LA>Zeit- und Materialaufwand zur Rechnungserstellung dokumentieren</LA></DD><DT>b)</DT><DD Font="normal"><LA>Möglichkeiten der Selbstvermarktung darstellen; an der Konzeption und Durchführung von Werbe- und Marketingmaßnahmen mitwirken</LA></DD><DT>c)</DT><DD Font="normal"><LA>Vorschriften zum Datenschutz anwenden</LA></DD><DT>d)</DT><DD Font="normal"><LA>fotorechtliche Vorschriften, insbesondere Bildrechte und Recht am eigenen Bild, anwenden</LA></DD></DL></entry><entry VJ="1" colname="col4" valign="middle">4</entry><entry VJ="1" colname="col5"/></row><row><entry VJ="1" colname="col3"><DL Type="alpha"><DT>e)</DT><DD Font="normal"><LA>Informationen beschaffen, Trends bewerten und nutzen</LA></DD><DT>f)</DT><DD Font="normal"><LA>Kalkulationen erstellen, Angebote formulieren</LA></DD><DT>g)</DT><DD Font="normal"><LA>Rechnungen erstellen</LA></DD></DL></entry><entry VJ="1" colname="col4"/><entry VJ="1" colname="col5" valign="middle">2</entry></row></tbody></tgroup></table></Content></text></textdaten></norm>
</dokumente>