<?xml version="1.0" encoding="UTF-8" ?><!DOCTYPE dokumente SYSTEM "http://www.gesetze-im-internet.de/dtd/1.01/gii-norm.dtd">
<dokumente builddate="20240331214105" doknr="BJNR234910020"><norm builddate="20240331214105" doknr="BJNR234910020"><metadaten><jurabk>HeilVfV 2020</jurabk><amtabk>HeilVfV</amtabk><ausfertigung-datum manuell="ja">2020-11-09</ausfertigung-datum><fundstelle typ="amtlich"><periodikum>BGBl I</periodikum><zitstelle>2020, 2349</zitstelle></fundstelle><kurzue>Heilverfahrensverordnung</kurzue><langue>Verordnung über die Durchführung von Heilverfahren nach § 33 des Beamtenversorgungsgesetzes</langue><standangabe checked="ja"><standtyp>Stand</standtyp><standkommentar>Zuletzt geändert durch Art. 4 V v. 6.3.2024 I Nr. 92</standkommentar></standangabe><standangabe checked="ja"><standtyp>Sonst</standtyp><standkommentar>Ersetzt V 2030-25-3 v. 25.4.1979 I 502 (HeilvfV)</standkommentar></standangabe></metadaten><textdaten><fussnoten><Content><P><BR/> <pre xml:space="preserve">(+++ Textnachweis ab: 14.11.2020 +++)<BR/><BR/></pre>Die V wurde als Artikel 1 der V v. 9.11.2020 I 2349 vom Bundesministerium des Innern, für Bau und Heimat im Einvernehmen mit dem Bundesministerium der Finanzen und vom Bundesministerium der Verteidigung im Einvernehmen mit dem Bundesministerium des Innern, für Bau und Heimat und dem Bundesministerium der Finanzen beschlossen. Sie ist gem. Art. 3 Satz 1 dieser V am 14.11.2020 in Kraft getreten. <BR/></P></Content></fussnoten></textdaten></norm>
<norm builddate="20240331214105" doknr="BJNR234910020BJNE000100000"><metadaten><jurabk>HeilVfV 2020</jurabk><jurabk>HeilVfV</jurabk><enbez>Inhaltsübersicht</enbez></metadaten><textdaten><text format="XML"><TOC><Ident Class="S0">Abschnitt 1</Ident><P/><Title Align="auto" Class="S0"><B/></Title><table colsep="0" frame="none" pgwide="1" rowsep="0" tocentry="%yes;"><tgroup align="left" char="" charoff="50" cols="2"><colspec colname="col1" colwidth="10*"/><colspec align="justify" colname="col2" colwidth="70*"/><tbody valign="top"><row><entry VJ="1" colname="col1">§  1</entry><entry VJ="1" colname="col2">Persönlicher Geltungsbereich</entry></row><row><entry VJ="1" colname="col1">§  2</entry><entry VJ="1" colname="col2">Rechtsanspruch</entry></row><row><entry VJ="1" colname="col1">§  3</entry><entry VJ="1" colname="col2">Notwendigkeit und Angemessenheit</entry></row><row><entry VJ="1" colname="col1">§  4</entry><entry VJ="1" colname="col2">Durchgangsärztliche und besondere unfallmedizinische Behandlung</entry></row><row><entry VJ="1" colname="col1">§  5</entry><entry VJ="1" colname="col2">Gutachten</entry></row></tbody></tgroup></table><P/><Ident Class="S0">Abschnitt 2</Ident><P/><Title Align="auto" Class="S0">Erstattung von Aufwendungen</Title><P/><table colsep="0" frame="none" pgwide="1" rowsep="0" tocentry="%yes;"><tgroup align="left" char="" charoff="50" cols="2"><colspec colname="col1" colwidth="10*"/><colspec align="justify" colname="col2" colwidth="70*"/><tbody valign="top"><row><entry VJ="1" colname="col1">§  6</entry><entry VJ="1" colname="col2">Erstattungsfähige Aufwendungen</entry></row><row><entry VJ="1" colname="col1">§  7</entry><entry VJ="1" colname="col2">Erstattungsfähige Aufwendungen bei Traumatisierung</entry></row><row><entry VJ="1" colname="col1">§  8</entry><entry VJ="1" colname="col2">Hilfsmittel, Geräte zur Selbstbehandlung und Selbstkontrolle, Körperersatzstücke</entry></row><row><entry VJ="1" colname="col1">§  9</entry><entry VJ="1" colname="col2">Krankenhausleistungen und Rehabilitationsmaßnahmen</entry></row><row><entry VJ="1" colname="col1">§ 10</entry><entry VJ="1" colname="col2">Pflege</entry></row><row><entry VJ="1" colname="col1">§ 11</entry><entry VJ="1" colname="col2">Haushaltshilfe</entry></row><row><entry VJ="1" colname="col1">§ 12</entry><entry VJ="1" colname="col2">Fahrten</entry></row><row><entry VJ="1" colname="col1">§ 13</entry><entry VJ="1" colname="col2">Erhöhter Kleider- und Wäscheverschleiß</entry></row><row><entry VJ="1" colname="col1">§ 14</entry><entry VJ="1" colname="col2">Kraftfahrzeughilfe</entry></row><row><entry VJ="1" colname="col1">§ 15</entry><entry VJ="1" colname="col2">Dienstunfallbedingte Wohnumfeldanpassung</entry></row><row><entry VJ="1" colname="col1">§ 16</entry><entry VJ="1" colname="col2">Überführung und Bestattung</entry></row></tbody></tgroup></table><P/><Ident Class="S0">Abschnitt 3</Ident><P/><Title Align="auto" Class="S0">Verfahren</Title><P/><table colsep="0" frame="none" pgwide="1" rowsep="0" tocentry="%yes;"><tgroup align="left" char="" charoff="50" cols="2"><colspec colname="col1" colwidth="10*"/><colspec align="justify" colname="col2" colwidth="70*"/><tbody valign="top"><row><entry VJ="1" colname="col1">§ 17</entry><entry VJ="1" colname="col2">Erstattungsverfahren</entry></row></tbody></tgroup></table><P/><Ident Class="S0">Abschnitt 4</Ident><P/><Title Align="auto" Class="S0">Übergangsvorschriften</Title><P/><table colsep="0" frame="none" pgwide="1" rowsep="0" tocentry="%yes;"><tgroup align="left" char="" charoff="50" cols="2"><colspec colname="col1" colwidth="10*"/><colspec align="justify" colname="col2" colwidth="70*"/><tbody valign="top"><row><entry VJ="1" colname="col1">§ 18</entry><entry VJ="1" colname="col2">Übergangsvorschriften</entry></row></tbody></tgroup></table></TOC></text></textdaten></norm>
<norm builddate="20240331214105" doknr="BJNR234910020BJNG000100000"><metadaten><jurabk>HeilVfV 2020</jurabk><jurabk>HeilVfV</jurabk><gliederungseinheit><gliederungskennzahl>010</gliederungskennzahl><gliederungsbez>Abschnitt 1</gliederungsbez><gliederungstitel>Allgemeines</gliederungstitel></gliederungseinheit></metadaten><textdaten/></norm>
<norm builddate="20240331214105" doknr="BJNR234910020BJNE000200000"><metadaten><jurabk>HeilVfV 2020</jurabk><jurabk>HeilVfV</jurabk><enbez>§ 1</enbez><titel format="XML">Persönlicher Geltungsbereich</titel></metadaten><textdaten><text format="XML"><Content><P>Diese Verordnung gilt für die durch einen Dienstunfall nach § 31 des Beamtenversorgungsgesetzes verletzten <DL Type="arabic"><DT>1.</DT><DD Font="normal"><LA>Beamtinnen und Beamten des Bundes,</LA></DD><DT>2.</DT><DD Font="normal"><LA>Ehrenbeamtinnen und Ehrenbeamten des Bundes (§ 6 Absatz 5 Satz 1 des Bundesbeamtengesetzes).</LA></DD></DL>Für die Richterinnen und Richter im Bundesdienst gilt diese Verordnung nach § 46 des Deutschen Richtergesetzes entsprechend.</P></Content></text></textdaten></norm>
<norm builddate="20240331214105" doknr="BJNR234910020BJNE000300000"><metadaten><jurabk>HeilVfV 2020</jurabk><jurabk>HeilVfV</jurabk><enbez>§ 2</enbez><titel format="XML">Rechtsanspruch</titel></metadaten><textdaten><text format="XML"><Content><P>(1) Eine durch einen Dienstunfall verletzte Person hat Anspruch auf Durchführung eines Heilverfahrens mit dem Ziel, die Folgen des Dienstunfalls zu beseitigen oder zu lindern und eine möglichst rasche Rehabilitation zu erreichen.</P><P>(2) Der Anspruch auf Durchführung des Heilverfahrens wird dadurch erfüllt, dass der verletzten Person die wirtschaftlich angemessenen Aufwendungen für notwendige Maßnahmen des Heilverfahrens erstattet werden, soweit nicht der Dienstherr das Heilverfahren selbst durchführt.</P></Content></text></textdaten></norm>
<norm builddate="20240331214105" doknr="BJNR234910020BJNE000401311"><metadaten><jurabk>HeilVfV 2020</jurabk><jurabk>HeilVfV</jurabk><enbez>§ 3</enbez><titel format="XML">Notwendigkeit und Angemessenheit</titel></metadaten><textdaten><text format="XML"><Content><P>(1) Notwendig sind die von einer Ärztin oder einem Arzt, einer Zahnärztin oder einem Zahnarzt, einer Psychotherapeutin oder einem Psychotherapeuten, einer Heilpraktikerin oder einem Heilpraktiker durchgeführten oder verordneten Maßnahmen, die erforderlich sind, um die Folgen des Dienstunfalls zu beseitigen oder zu lindern. § 6 Absatz 4 der Bundesbeihilfeverordnung gilt entsprechend.</P><P>(2) Für die wirtschaftliche Angemessenheit gilt § 6 Absatz 5 und 6 der Bundesbeihilfeverordnung entsprechend, soweit nachstehend nichts anderes bestimmt ist.</P><P>(3) Bei der Prüfung der wirtschaftlichen Angemessenheit kann über die im Beihilferecht getroffenen Begrenzungen hinausgegangen werden. Die Entscheidung ist besonders zu begründen und zu dokumentieren.</P><P>(4) Über die Notwendigkeit der Maßnahmen und über die wirtschaftliche Angemessenheit der Aufwendungen entscheidet die Dienstunfallfürsorgestelle.</P></Content></text><fussnoten/></textdaten></norm>
<norm builddate="20240331214105" doknr="BJNR234910020BJNE000500000"><metadaten><jurabk>HeilVfV 2020</jurabk><jurabk>HeilVfV</jurabk><enbez>§ 4</enbez><titel format="XML">Durchgangsärztliche und besondere unfallmedizinische Behandlung</titel></metadaten><textdaten><text format="XML"><Content><P>(1) Ist auf Grund einer Verletzung mit einer vorübergehenden Dienstunfähigkeit über den Unfalltag hinaus oder mit einer Behandlungsbedürftigkeit zu rechnen, so hat sich die verletzte Person von einer Durchgangsärztin oder einem Durchgangsarzt untersuchen und behandeln zu lassen. Dabei hat die verletzte Person die freie Wahl unter den am Unfall-, Dienst- oder Wohnort niedergelassenen oder an einem dortigen Krankenhaus tätigen Durchgangsärztinnen und Durchgangsärzten.</P><P>(2) Die Verpflichtung nach Absatz 1 Satz 1 entfällt bei <DL Type="arabic"><DT>1.</DT><DD Font="normal"><LA>Verletzungen, die ausschließlich die Augen, die Zähne, den Hals, die Nase oder die Ohren betreffen,</LA></DD><DT>2.</DT><DD Font="normal"><LA>rein psychischen Gesundheitsstörungen,</LA></DD><DT>3.</DT><DD Font="normal"><LA>medizinischen Notfällen sowie</LA></DD><DT>4.</DT><DD Font="normal"><LA>Unfällen im Ausland.</LA></DD></DL></P><P>(3) Sofern wegen der Art und Schwere der Verletzung eine besondere unfallmedizinische Behandlung erforderlich ist, hat die Dienstunfallfürsorgestelle dafür Sorge zu tragen, dass die verletzte Person in einem Krankenhaus im Sinne des § 34 Absatz 2 des Siebten Buches Sozialgesetzbuch behandelt wird.</P></Content></text></textdaten></norm>
<norm builddate="20240331214105" doknr="BJNR234910020BJNE000600000"><metadaten><jurabk>HeilVfV 2020</jurabk><jurabk>HeilVfV</jurabk><enbez>§ 5</enbez><titel format="XML">Gutachten</titel></metadaten><textdaten><text format="XML"><Content><P>Sofern nach dieser Verordnung ein ärztliches Gutachten oder ein Gutachten zur Feststellung eines ursächlichen Zusammenhangs eingeholt wird, beauftragt die Dienstunfallfürsorgestelle <DL Type="arabic"><DT>1.</DT><DD Font="normal"><LA>eine Gutachterin oder einen Gutachter aus dem Gutachterverzeichnis der Deutschen Gesetzlichen Unfallversicherung,</LA></DD><DT>2.</DT><DD Font="normal"><LA>eine Gutachterin oder einen Gutachter eines medizinischen Gutachteninstituts oder</LA></DD><DT>3.</DT><DD Font="normal"><LA>eine andere Fachärztin oder einen anderen Facharzt, die oder der über umfangreiche Erfahrungen auf dem Gebiet der unfallrechtlichen Begutachtung verfügt.</LA></DD></DL>Die Einschränkungen nach Satz 1 gelten nicht in Fällen des § 10 Absatz 1 Satz 2 sowie bei Begutachtungen, die im Ausland erfolgen müssen.</P></Content></text></textdaten></norm>
<norm builddate="20240331214105" doknr="BJNR234910020BJNG000200000"><metadaten><jurabk>HeilVfV 2020</jurabk><jurabk>HeilVfV</jurabk><gliederungseinheit><gliederungskennzahl>020</gliederungskennzahl><gliederungsbez>Abschnitt 2</gliederungsbez><gliederungstitel>Erstattung von Aufwendungen</gliederungstitel></gliederungseinheit></metadaten><textdaten/></norm>
<norm builddate="20240331214105" doknr="BJNR234910020BJNE000702311"><metadaten><jurabk>HeilVfV 2020</jurabk><jurabk>HeilVfV</jurabk><enbez>§ 6</enbez><titel format="XML">Erstattungsfähige Aufwendungen</titel></metadaten><textdaten><text format="XML"><Content><P>(1) Erstattungsfähig sind Aufwendungen für <DL Font="normal" Type="arabic"><DT>1.</DT><DD Font="normal"><LA Size="normal">ärztliche, zahnärztliche und psychotherapeutische Maßnahmen sowie Maßnahmen von Heilpraktikerinnen und Heilpraktikern einschließlich Berichtsgebühren,</LA></DD><DT>2.</DT><DD Font="normal"><LA Size="normal">die im Rahmen einer Maßnahme nach Nummer 1 verbrauchten und die ärztlich oder zahnärztlich verordneten Arznei- und Verbandmittel sowie Medizinprodukte, soweit letztere nach § 22 Absatz 1 Nummer 4 der Bundesbeihilfeverordnung beihilfefähig sind,</LA></DD><DT>3.</DT><DD Font="normal"><LA Size="normal">die im Rahmen einer Maßnahme nach Nummer 1 ärztlich oder zahnärztlich verordneten Heilmittel und die bei der Anwendung der Heilmittel verbrauchten Stoffe, soweit letztere nach § 23 Absatz 1 der Bundesbeihilfeverordnung beihilfefähig sind,</LA></DD><DT>4.</DT><DD Font="normal"><LA Size="normal">die Versorgung mit Hilfsmitteln, mit Geräten zur Selbstbehandlung und zur Selbstkontrolle sowie mit Körperersatzstücken (§ 8),</LA></DD><DT>5.</DT><DD Font="normal"><LA Size="normal">Krankenhausleistungen und Rehabilitationsmaßnahmen (§ 9),</LA></DD><DT>6.</DT><DD Font="normal"><LA Size="normal">Pflege (§ 10),</LA></DD><DT>7.</DT><DD Font="normal"><LA Size="normal">Haushaltshilfen (§ 11) sowie</LA></DD><DT>8.</DT><DD Font="normal"><LA Size="normal">Fahrten (§ 12).</LA></DD></DL></P><P>(2) Erstattungsfähig sind auch <DL Font="normal" Type="arabic"><DT>1.</DT><DD Font="normal"><LA Size="normal">ein erhöhter Kleider- und Wäscheverschleiß (§ 13),</LA></DD><DT>2.</DT><DD Font="normal"><LA Size="normal">Aufwendungen infolge bewilligter Kraftfahrzeughilfe (§ 14),</LA></DD><DT>3.</DT><DD Font="normal"><LA Size="normal">Aufwendungen infolge bewilligter Anpassung des Wohnumfelds (§ 15) sowie</LA></DD><DT>4.</DT><DD Font="normal"><LA Size="normal">Aufwendungen für Überführung und Bestattung (§ 16).</LA></DD></DL></P><P>(3) Die Aufwendungen für eine Untersuchung oder Begutachtung im unmittelbaren Anschluss an ein Unfallereignis werden auch dann erstattet, wenn diese Maßnahme nur der Feststellung diente, ob ein Dienstunfall vorliegt oder ob Dienstunfallfolgen eingetreten sind.</P><P>(4) Bei dienstunfallbedingten Aufwendungen, die im Ausland entstanden sind, gilt § 11 Absatz 1 und 2 der Bundesbeihilfeverordnung entsprechend. Für verletzte Personen, die ihren dienstlichen Wohnsitz im Ausland haben oder in das Ausland abgeordnet sind, gelten § 11 Absatz 3, § 18a Absatz 4 Satz 2, § 23 Absatz 3 Satz 1, § 26a Absatz 6, § 29 Absatz 1 und 3, § 31 Absatz 6, § 32 Absatz 3, § 36 Absatz 3 sowie § 44 Absatz 2 der Bundesbeihilfeverordnung entsprechend.</P><P>(5) Zur Vermeidung unbilliger Härten kann die Dienstunfallfürsorgestelle mit vorheriger Zustimmung des Bundesministeriums des Innern und für Heimat und des Bundesministeriums der Finanzen von dieser Verordnung abweichen.</P></Content></text><fussnoten/></textdaten></norm>
<norm builddate="20240331214105" doknr="BJNR234910020BJNE000800000"><metadaten><jurabk>HeilVfV 2020</jurabk><jurabk>HeilVfV</jurabk><enbez>§ 7</enbez><titel format="XML">Erstattungsfähige Aufwendungen bei Traumatisierung</titel></metadaten><textdaten><text format="XML"><Content><P>(1) Nach einem traumatischen Ereignis, das von der verletzten Person nach § 45 des Beamtenversorgungsgesetzes angezeigt worden ist, werden zur psychischen Stabilisierung nach vorheriger Zustimmung der Dienstunfallfürsorgestelle die Aufwendungen für bis zu fünf Sitzungen in Gruppen- oder Einzeltherapie erstattet. Satz 1 gilt auch, wenn das Verfahren zur Feststellung, ob ein Dienstunfall vorliegt, noch andauert. Für eine Therapie, die auf Veranlassung der Durchgangsärztin oder des Durchgangsarztes erfolgt, gilt die Zustimmung nach Satz 1 als erteilt.</P><P>(2) Zu den erstattungsfähigen Aufwendungen gehören auch solche für die fundierte Psychodiagnostik, für die Krisen- oder die Frühintervention und für das Abklären der Notwendigkeit weiterführender Behandlungsmaßnahmen.</P><P>(3) Stellt sich während der Therapie nach Absatz 1 Satz 1 heraus, dass eine weiterführende therapeutische Behandlung erforderlich ist, sind Aufwendungen für weitere Sitzungen in Gruppen- oder Einzeltherapie nur nach vorheriger Anerkennung des Dienstunfalls erstattungsfähig. Vor Beginn der Therapie ist von der Dienstunfallfürsorgestelle ein Gutachten zu Art und Umfang der Therapie einzuholen.</P><P>(4) Erstattungsfähig sind nur Aufwendungen für Sitzungen bei <DL Type="arabic"><DT>1.</DT><DD Font="normal"><LA>Fachärztinnen oder Fachärzten für Neurologie und Psychiatrie,</LA></DD><DT>2.</DT><DD Font="normal"><LA>Fachärztinnen oder Fachärzten für Psychiatrie,</LA></DD><DT>3.</DT><DD Font="normal"><LA>Fachärztinnen oder Fachärzten für Psychiatrie und Psychotherapie,</LA></DD><DT>4.</DT><DD Font="normal"><LA>Fachärztinnen oder Fachärzten für psychosomatische Medizin und Psychotherapie,</LA></DD><DT>5.</DT><DD Font="normal"><LA>Fachärztinnen oder Fachärzten für psychotherapeutische Medizin,</LA></DD><DT>6.</DT><DD Font="normal"><LA>ärztlichen und psychologischen Psychotherapeutinnen oder Psychotherapeuten sowie</LA></DD><DT>7.</DT><DD Font="normal"><LA>Psychotherapeutinnen oder Psychotherapeuten nach § 1 Absatz 1 Satz 1 des Psychotherapeutengesetzes in der jeweils geltenden Fassung.</LA></DD></DL></P></Content></text></textdaten></norm>
<norm builddate="20240331214105" doknr="BJNR234910020BJNE000900000"><metadaten><jurabk>HeilVfV 2020</jurabk><jurabk>HeilVfV</jurabk><enbez>§ 8</enbez><titel format="XML">Hilfsmittel, Geräte zur Selbstbehandlung und Selbstkontrolle, Körperersatzstücke</titel></metadaten><textdaten><text format="XML"><Content><P>(1) Aufwendungen für die dienstunfallbedingte Versorgung mit Hilfsmitteln, mit Geräten zur Selbstbehandlung und Selbstkontrolle sowie mit Körperersatzstücken nach Anlage 11 der Bundesbeihilfeverordnung werden erstattet, wenn eine ärztliche Verordnung vorliegt. Zu den Aufwendungen zählt auch die Miete von Hilfsmitteln, Geräten zur Selbstbehandlung und Selbstkontrolle sowie von Körperersatzstücken, soweit die Miete nicht höher ist als die Anschaffungskosten. Übersteigen die Anschaffungskosten 1 000 Euro, so werden die Aufwendungen nur erstattet, wenn <DL Type="arabic"><DT>1.</DT><DD Font="normal"><LA>die Dienstunfallfürsorgestelle die Erstattung vorher zugesagt hat oder</LA></DD><DT>2.</DT><DD Font="normal"><LA>die Verordnung und eine gegebenenfalls erforderliche Anpassung während einer stationären Krankenhausbehandlung erfolgt sind.</LA></DD></DL></P><P>(2) Die Versorgung umfasst <DL Type="arabic"><DT>1.</DT><DD Font="normal"><LA>die Erstausstattung, das notwendige Zubehör, die Instandsetzung und Instandhaltung, die Änderung und die Ersatzbeschaffung, sofern diese nicht durch Missbrauch, Vorsatz oder grobe Fahrlässigkeit der verletzten Person bedingt ist,</LA></DD><DT>2.</DT><DD Font="normal"><LA>die Ausbildung im Gebrauch,</LA></DD><DT>3.</DT><DD Font="normal"><LA>die für den Betrieb eines Hilfsmittels erforderlichen Energiekosten, insbesondere Kosten für Strom oder Batterien,</LA></DD><DT>4.</DT><DD Font="normal"><LA>dienstunfallbedingt erforderliche Änderungen an Schuhen, Bekleidung und anderen Gebrauchsgegenständen des täglichen Lebens.</LA></DD></DL></P><P>(3) Ist infolge eines Dienstunfalls eine Sehbeeinträchtigung erstmals eingetreten oder eine bereits bestehende Sehbeeinträchtigung verschlimmert worden, so richtet sich die Erstattung von Aufwendungen für von einer Augenärztin oder einem Augenarzt verordnete Brillen, Kontaktlinsen und andere Sehhilfen nach Anlage 11 Abschnitt 4 der Bundesbeihilfeverordnung ohne Berücksichtigung beihilferechtlicher Alterseinschränkungen. Aufwendungen für ein Brillengestell sind bis zu 100 Euro erstattungsfähig.</P><P>(4) Ist dienstunfallbedingt die Haltung eines Blindenhundes oder die Mitnahme einer Begleitperson erforderlich, so wird für nachgewiesene Aufwendungen ein Erstattungsbetrag von bis zu 200 Euro monatlich gezahlt.</P></Content></text></textdaten></norm>
<norm builddate="20240331214105" doknr="BJNR234910020BJNE001001311"><metadaten><jurabk>HeilVfV 2020</jurabk><jurabk>HeilVfV</jurabk><enbez>§ 9</enbez><titel format="XML">Krankenhausleistungen und Rehabilitationsmaßnahmen</titel></metadaten><textdaten><text format="XML"><Content><P>(1) Erstattungsfähig sind die dienstunfallbedingten Aufwendungen für <DL Font="normal" Type="arabic"><DT>1.</DT><DD Font="normal"><LA Size="normal">Krankenhausbehandlungen bis zur Höhe der Aufwendungen, wie sie in Krankenhäusern im Sinne der §§ 26 und 26a der Bundesbeihilfeverordnung ohne Abzug von Eigenbehalten entstanden wären,</LA></DD><DT>2.</DT><DD Font="normal"><LA Size="normal">die gesondert berechnete Unterkunft<DL Font="normal" Type="alpha"><DT>a)</DT><DD Font="normal"><LA Size="normal">bis zur Höhe der Aufwendungen für ein Zweibettzimmer der jeweiligen Abteilung oder</LA></DD><DT>b)</DT><DD Font="normal"><LA Size="normal">in einem Einbettzimmer, wenn dies auf Grund besonderer dienstlicher oder medizinischer Gründe erforderlich ist,</LA></DD></DL></LA></DD><DT>3.</DT><DD Font="normal"><LA Size="normal">ärztlich verordnete Anschlussheilbehandlungen als medizinische Rehabilitationsmaßnahmen bis zur Höhe der Aufwendungen, die in Rehabilitationseinrichtungen, mit denen ein Versorgungsvertrag nach § 111 Absatz 2 Satz 1 des Fünften Buches Sozialgesetzbuch besteht, entstanden wären,</LA></DD><DT>4.</DT><DD Font="normal"><LA Size="normal">ärztlich verordnete stationäre Rehabilitationsmaßnahmen bis zur Höhe der Aufwendungen, die in Rehabilitationseinrichtungen, mit denen ein Versorgungsvertrag nach § 111 Absatz 2 Satz 1 des Fünften Buches Sozialgesetzbuch besteht, entstanden wären, sofern die Dienstunfallfürsorgestelle vor Beginn der Maßnahme die Erstattungsfähigkeit anerkannt hat,</LA></DD><DT>5.</DT><DD Font="normal"><LA Size="normal">ärztlich verordnete ambulante Rehabilitationsmaßnahmen in Rehabilitationseinrichtungen oder in wohnortnahen Einrichtungen,</LA></DD><DT>6.</DT><DD Font="normal"><LA Size="normal">ärztlich verordneten Rehabilitationssport in Gruppen unter ärztlicher Betreuung und Überwachung.</LA></DD></DL></P><P>(2) Die Erstattungsfähigkeit von Maßnahmen nach Absatz 1 Nummer 4 darf nur anerkannt werden, wenn die Maßnahmen nach durchgangsärztlicher Stellungnahme zur Behebung oder Minderung der Dienstunfallfolgen notwendig sind. Ort, Zeit und Dauer der Maßnahmen nach Absatz 1 Nummer 4 bestimmt dann die Dienstunfallfürsorgestelle. Bei dienstlichem Wohnsitz im Ausland oder bei einer Abordnung in das Ausland ist abweichend von Satz 1 eine fachärztliche Stellungnahme erforderlich; die Kosten einer erforderlichen Übersetzung werden erstattet.</P><P>(3) Die verletzte Person hat der Dienstunfallfürsorgestelle den Beginn einer geplanten Krankenhausbehandlung oder einer Rehabilitationsmaßnahme unverzüglich anzuzeigen. Nach Beendigung der Maßnahme hat die verletzte Person der Dienstunfallfürsorgestelle einen ärztlichen Schlussbericht vorzulegen; die dadurch entstehenden Aufwendungen werden erstattet.</P><P>(4) Die Dienstunfallfürsorgestelle weist die verletzte Person vor Beginn einer stationären Krankenhausbehandlung oder einer stationären Rehabilitationsmaßnahme darauf hin, dass die Aufwendungen, die die nach Absatz 1 Nummer 1 bis 4 erstattungsfähigen Aufwendungen übersteigen, grundsätzlich nicht erstattet werden.</P></Content></text><fussnoten/></textdaten></norm>
<norm builddate="20240331214105" doknr="BJNR234910020BJNE001102311"><metadaten><jurabk>HeilVfV 2020</jurabk><jurabk>HeilVfV</jurabk><enbez>§ 10</enbez><titel format="XML">Pflege</titel></metadaten><textdaten><text format="XML"><Content><P>(1) Wird die verletzte Person aufgrund des Dienstunfalls einem Pflegegrad (§ 15 Absatz 1 Satz 1 des Elften Buches Sozialgesetzbuch) zugeordnet, so <DL Font="normal" Type="arabic"><DT>1.</DT><DD Font="normal"><LA Size="normal">erhält sie bei häuslicher Pflege eine monatliche Leistung in Höhe des maximalen Entlastungsbetrages nach § 45b Absatz 1 Satz 1 des Elften Buches Sozialgesetzbuch und</LA></DD><DT>2.</DT><DD Font="normal"><LA Size="normal">werden ihr ab dem Pflegegrad 2 im Sinne des § 15 Absatz 3 Satz 4 Nummer 2 des Elften Buches Sozialgesetzbuch die Kosten für eine notwendige Pflege erstattet.</LA></DD></DL> Die Dienstunfallfürsorgestelle hat bei einer geeigneten Stelle ein Gutachten über die dienstunfallbedingte Pflegebedürftigkeit und über die Zuordnung zu einem Pflegegrad nach § 15 Absatz 1 bis 5 des Elften Buches Sozialgesetzbuch einzuholen.</P><P>(2) Bei der häuslichen Pflege durch geeignete Pflegekräfte im Sinne des § 36 Absatz 4 Satz 2 und 3 des Elften Buches Sozialgesetzbuch werden Pflegekosten bis zur Höhe der in § 36 Absatz 3 des Elften Buches Sozialgesetzbuch genannten Beträge erstattet. Nachgewiesene höhere Aufwendungen, die erforderlich sind, um die notwendige häusliche Pflege zu erhalten, können zur Vermeidung unbilliger Härten auf Antrag erstattet werden.</P><P>(3) Wird die häusliche Pflege ausschließlich durch andere als durch die in Absatz 2 Satz 1 genannten Personen erbracht, so <DL Font="normal" Type="arabic"><DT>1.</DT><DD Font="normal"><LA Size="normal">sind Beratungsbesuche nach § 37 Absatz 3 Satz 1 des Elften Buches Sozialgesetzbuch in der eigenen Häuslichkeit abzurufen und gegenüber der Dienstunfallfürsorgestelle nachzuweisen und</LA></DD><DT>2.</DT><DD Font="normal"><LA Size="normal">werden Pflegekosten bis zur Hälfte der in § 36 Absatz 3 des Elften Buches Sozialgesetzbuch genannten Beträge erstattet.</LA></DD></DL> Haben die in Satz 1 genannten Personen ihren Beruf aufgegeben, um die Pflege ausüben zu können, so wird das ausgefallene Arbeitseinkommen bis zur Höhe der in § 36 Absatz 3 des Elften Buches Sozialgesetzbuch genannten Beträge zuzüglich des Arbeitgeberanteils zur Sozialversicherung erstattet. Wird die häusliche Pflege sowohl durch geeignete Pflegekräfte (Absatz 2 Satz 1) als auch durch die in Satz 1 genannten Personen erbracht, werden die Pflegekosten anteilig erstattet.</P><P>(4) Ist eine Pflegeperson wegen Erholungsurlaubs, Krankheit oder aus anderen Gründen an der häuslichen Pflege gehindert, so sind die Aufwendungen für eine notwendige Ersatzpflege entsprechend § 39 des Elften Buches Sozialgesetzbuch erstattungsfähig. Kann die häusliche Pflege zeitweise nicht, noch nicht oder nicht im erforderlichen Umfang erbracht werden und reicht auch teilstationäre Pflege nicht aus, sind Aufwendungen für Kurzzeitpflege entsprechend § 42 des Elften Buches Sozialgesetzbuch erstattungsfähig.</P><P>(5) Muss die verletzte Person in einer stationären Einrichtung gepflegt werden, weil eine geeignete Pflege sonst nicht gewährleistet werden kann, werden die Kosten bis zu der Höhe erstattet, die für eine angemessene Unterbringung in einer zugelassenen oder in einer vergleichbaren Einrichtung am Wohnort der verletzten Person oder in dessen Nähe aufgewendet werden müssen.</P><P>(6) Der Anspruch auf Erstattung von Pflegekosten ruht bei stationärer Behandlung in Krankenhäusern und Rehabilitationseinrichtungen. Dies gilt nicht für die ersten vier Wochen einer stationären Behandlung. Im Anschluss an den in Satz 2 genannten Zeitraum werden Betten- und Platzfreihaltegebühren für die restliche Dauer der stationären Behandlung erstattet.</P><P>(7) Die erstattungsfähigen Beträge sowie die Leistung nach Absatz 1 Satz 1 Nummer 1 können monatlich im Voraus gezahlt werden. Die pflegebedürftige Person ist verpflichtet, der Dienstunfallfürsorgestelle jede wesentliche Änderung in den Verhältnissen, die für die Erstattung der Pflegekosten maßgebend sind, unverzüglich anzuzeigen. Erfolgt die Pflege nicht für den gesamten Kalendermonat, ist der Erstattungsbetrag durch die Dienstunfallfürsorgestelle entsprechend zu mindern.</P><P>(8) An den personenbezogenen Aufwendungen der Träger für eine Pflegeberatung nach § 7a des Elften Buches Sozialgesetzbuch beteiligt sich der Bund. Die Aufwendungen für Beratungsbesuche nach Absatz 3 Satz 1 Nummer 1 werden im Umfang der Festlegungen nach § 37 Absatz 3c Satz 2 bis 4 des Elften Buches Sozialgesetzbuch durch die Dienstunfallfürsorgestelle erstattet. Weist die pflegebedürftige Person die Beratungsbesuche nach Absatz 3 Satz 1 Nummer 1 nicht in geeigneter Weise nach, kann die Dienstunfallfürsorgestelle die Erstattung der Pflegekosten kürzen.</P></Content></text><fussnoten/></textdaten></norm>
<norm builddate="20240331214105" doknr="BJNR234910020BJNE001201311"><metadaten><jurabk>HeilVfV 2020</jurabk><jurabk>HeilVfV</jurabk><enbez>§ 11</enbez><titel format="XML">Haushaltshilfe</titel></metadaten><textdaten><text format="XML"><Content><P>(1) Eine Haushaltshilfe ist notwendig, solange und soweit der verletzten Person die Weiterführung des Haushalts nicht möglich ist wegen <DL Font="normal" Type="arabic"><DT>1.</DT><DD Font="normal"><LA Size="normal">eines dienstunfallbedingten außerhäuslichen Heilverfahrens oder</LA></DD><DT>2.</DT><DD Font="normal"><LA Size="normal">der Art und Schwere des dienstunfallbedingten Körperschadens, insbesondere nach einem stationären Heilverfahren, einer ambulanten Operation oder einer ambulanten Krankenhausbehandlung.</LA></DD></DL></P><P>(2) Aufwendungen für eine Haushaltshilfe werden nur erstattet, wenn und solange keine im Haushalt lebende Person den Haushalt weiterführen kann und im Haushalt der verletzten Person eine der folgenden Personen lebt: <DL Font="normal" Type="arabic"><DT>1.</DT><DD Font="normal"><LA Size="normal">ein Kind (§ 63 Absatz 1 Satz 1 des Einkommensteuergesetzes), das zu Beginn des Zeitraums, für den die Haushaltshilfe gewährt wird, das zwölfte Lebensjahr noch nicht vollendet hat,</LA></DD><DT>2.</DT><DD Font="normal"><LA Size="normal">eine pflegebedürftige Ehegattin oder ein pflegebedürftiger Ehegatte oder</LA></DD><DT>3.</DT><DD Font="normal"><LA Size="normal">ein Kind der verletzten Person, das <DL Font="normal" Type="alpha"><DT>a)</DT><DD Font="normal"><LA Size="normal">pflegebedürftig ist oder</LA></DD><DT>b)</DT><DD Font="normal"><LA Size="normal">wegen körperlicher, geistiger oder seelischer Behinderung außerstande ist, sich selbst zu unterhalten.</LA></DD></DL></LA></DD></DL>Einer alleinstehenden verletzten Person werden Aufwendungen für eine Haushaltshilfe nach einem stationären Heilverfahren, nach einer ambulanten Operation oder nach einer ambulanten Krankenhausbehandlung erstattet.</P><P>(3) Werden Leistungen nach § 34 des Beamtenversorgungsgesetzes gewährt, besteht kein Anspruch auf Erstattung der Aufwendungen für eine Haushaltshilfe.</P><P>(4) Bei einem dienstunfallbedingten außerhäuslichen Heilverfahren (Absatz 1 Nummer 1) sind Aufwendungen für eine Haushaltshilfe zu erstatten, solange das außerhäusliche Heilverfahren andauert. Ist eine Haushaltshilfe nach einem stationären Heilverfahren, einer ambulanten Operation oder einer ambulanten Krankenhausbehandlung (Absatz 1 Nummer 2) notwendig, so werden die Aufwendungen erstattet für <DL Font="normal" Type="arabic"><DT>1.</DT><DD Font="normal"><LA Size="normal">höchstens 28 Tage oder</LA></DD><DT>2.</DT><DD Font="normal"><LA Size="normal">höchstens sechs Monate, sofern gleichzeitig die Voraussetzungen nach Absatz 2 Satz 1 vorliegen.</LA></DD></DL></P><P>(5) Der Dienstunfallfürsorgestelle ist eine fachärztliche Bescheinigung über die Notwendigkeit und den zeitlichen Umfang der Haushaltshilfe vorzulegen. Die Aufwendungen für eine Haushaltshilfe sind entsprechend § 28 Absatz 1 Satz 1 der Bundesbeihilfeverordnung erstattungsfähig. Aufwendungen für notwendige Fahrten der Haushaltshilfe werden in sinngemäßer Anwendung des § 12 Absatz 1 Satz 1 erstattet. § 3 Absatz 3 gilt entsprechend.</P></Content></text><fussnoten/></textdaten></norm>
<norm builddate="20240331214105" doknr="BJNR234910020BJNE001301311"><metadaten><jurabk>HeilVfV 2020</jurabk><jurabk>HeilVfV</jurabk><enbez>§ 12</enbez><titel format="XML">Fahrten</titel></metadaten><textdaten><text format="XML"><Content><P>(1) Aufwendungen der verletzten Person für notwendige Hin- und Rückfahrten aus Anlass der Heilbehandlung werden wie folgt erstattet: <DL Font="normal" Type="arabic"><DT>1.</DT><DD Font="normal"><LA Size="normal">bei Benutzung öffentlicher Verkehrsmittel bis zur Höhe der Kosten in der niedrigsten Beförderungsklasse zuzüglich der Aufwendungen einer notwendigen Gepäckbeförderung,</LA></DD><DT>2.</DT><DD Font="normal"><LA Size="normal">bei Benutzung eines Kraftfahrzeuges oder eines anderen motorbetriebenen Fahrzeuges in Höhe von 20 Cent je Kilometer zurückgelegter Strecke der Hin- und Rückfahrt,</LA></DD><DT>3.</DT><DD Font="normal"><LA Size="normal">Aufwendungen für ein Taxi, wenn nach Bescheinigung durch die behandelnde Ärztin oder den behandelnden Arzt aus zwingenden medizinischen Gründen öffentliche Verkehrsmittel oder ein privates Kraftfahrzeug nicht benutzt werden können.</LA></DD></DL>Die Aufwendungen werden nur bis zur Höhe der Aufwendungen für Fahrten zum nächstgelegenen geeigneten Behandlungs- oder Untersuchungsort erstattet.</P><P>(2) Aufwendungen für Fahrten zu Begutachtungen oder Untersuchungen, die von der Dienstunfallfürsorgestelle veranlasst worden sind, werden erstattet.</P><P>(3) Erstattungsfähig sind ferner <DL Font="normal" Type="arabic"><DT>1.</DT><DD Font="normal"><LA Size="normal">Aufwendungen für Rettungsfahrten und -flüge,</LA></DD><DT>2.</DT><DD Font="normal"><LA Size="normal">Aufwendungen für ärztlich verordnete Krankentransportfahrten <DL Font="normal" Type="alpha"><DT>a)</DT><DD Font="normal"><LA Size="normal">im Zusammenhang mit einem stationären Heilverfahren oder</LA></DD><DT>b)</DT><DD Font="normal"><LA Size="normal">bei einer medizinisch notwendigen Verlegung in ein anderes Krankenhaus,</LA></DD></DL></LA></DD><DT>3.</DT><DD Font="normal"><LA Size="normal">Aufwendungen für Fahrten einer Begleitperson, wenn die Begleitung der verletzten Person nach Stellungnahme durch die behandelnde Ärztin oder den behandelnden Arzt erforderlich war, und</LA></DD><DT>4.</DT><DD Font="normal"><LA Size="normal">bei einer stationären Krankenhausbehandlung Aufwendungen von Angehörigen für Besuchsfahrten, wenn die Besuche nach Stellungnahme der behandelnden Ärztin oder des behandelnden Arztes zur Sicherung des Heilerfolgs dringend erforderlich waren.</LA></DD></DL>Angehörige im Sinne von Satz 1 Nummer 4 sind: <DL Font="normal" Type="arabic"><DT>1.</DT><DD Font="normal"><LA Size="normal">die Ehegattin oder der Ehegatte,</LA></DD><DT>2.</DT><DD Font="normal"><LA Size="normal">Kinder,</LA></DD><DT>3.</DT><DD Font="normal"><LA Size="normal">Eltern.</LA></DD></DL></P><P>(4) Aufwendungen für eine notwendige Übernachtung der verletzten Person anlässlich notwendiger auswärtiger ambulanter ärztlicher, zahnärztlicher oder psychotherapeutischer Leistungen sind bis zu einem Betrag von 80 Euro erstattungsfähig. Satz 1 gilt entsprechend für Aufwendungen für Übernachtungen einer Begleitperson im Fall des Absatzes 3 Satz 1 Nummer 3 sowie von Angehörigen im Fall des Absatzes 3 Satz 1 Nummer 4.</P><P>(5) § 3 Absatz 3 gilt entsprechend.</P></Content></text><fussnoten/></textdaten></norm>
<norm builddate="20240331214105" doknr="BJNR234910020BJNE001401311"><metadaten><jurabk>HeilVfV 2020</jurabk><jurabk>HeilVfV</jurabk><enbez>§ 13</enbez><titel format="XML">Erhöhter Kleider- und Wäscheverschleiß</titel></metadaten><textdaten><text format="XML"><Content><P>Aufwendungen, die infolge eines dienstunfallbedingt erhöhten Kleider- und Wäscheverschleißes entstehen, werden von Amts wegen mit einem monatlichen Pauschbetrag in entsprechender Anwendung des § 46 Absatz 2 des Vierzehnten Buches Sozialgesetzbuch erstattet. Die Entscheidung trifft die Dienstunfallfürsorgestelle auf Grund einer fachärztlichen Bescheinigung, die auch Aussagen zur Dauer des Zustands beinhaltet. Die in Sonderfällen den Pauschbetrag nachweislich übersteigenden Aufwendungen werden jeweils für das abgelaufene Kalenderjahr auf Antrag erstattet.</P></Content></text><fussnoten/></textdaten></norm>
<norm builddate="20240331214105" doknr="BJNR234910020BJNE001501311"><metadaten><jurabk>HeilVfV 2020</jurabk><jurabk>HeilVfV</jurabk><enbez>§ 14</enbez><titel format="XML">Kraftfahrzeughilfe</titel></metadaten><textdaten><text format="XML"><Content><P>Kraftfahrzeughilfe wird gewährt, wenn die Dienstunfallfürsorgestelle vor der Entstehung der Aufwendungen die Erstattung zugesagt hat. § 40 Absatz 2, 3 und 5 des Siebten Buches Sozialgesetzbuch in Verbindung mit der Kraftfahrzeughilfe-Verordnung gilt entsprechend. Die §§ 6 und 8 der Kraftfahrzeughilfe-Verordnung gelten nicht.</P></Content></text><fussnoten/></textdaten></norm>
<norm builddate="20240331214105" doknr="BJNR234910020BJNE001600000"><metadaten><jurabk>HeilVfV 2020</jurabk><jurabk>HeilVfV</jurabk><enbez>§ 15</enbez><titel format="XML">Dienstunfallbedingte Wohnumfeldanpassung</titel></metadaten><textdaten><text format="XML"><Content><P>(1) Die Aufwendungen für eine bedarfsgerechte Anpassung wie Ausstattung, Umbau oder Ausbau der bisher genutzten Wohnung sowie die Aufwendungen für den Umzug in eine bedarfsgerechte Wohnung werden nach Maßgabe des § 41 Absatz 4 des Siebten Buches Sozialgesetzbuch erstattet, wenn die Maßnahme infolge des Dienstunfalls nicht nur vorübergehend erforderlich ist.</P><P>(2) Die Aufwendungen für Maßnahmen nach Absatz 1 werden nur erstattet, wenn die Dienstunfallfürsorgestelle die Erstattung vorher zugesagt hat. Bei Maßnahmen ab 5 000 Euro hat die verletzte Person zwei Vergleichsangebote beizubringen.</P></Content></text></textdaten></norm>
<norm builddate="20240331214105" doknr="BJNR234910020BJNE001700000"><metadaten><jurabk>HeilVfV 2020</jurabk><jurabk>HeilVfV</jurabk><enbez>§ 16</enbez><titel format="XML">Überführung und Bestattung</titel></metadaten><textdaten><text format="XML"><Content><P>(1) Ist die verletzte Person an den Folgen des Dienstunfalls verstorben, so werden erstattet die Aufwendungen für <DL Type="arabic"><DT>1.</DT><DD Font="normal"><LA>die Überführung der verstorbenen Person an den Ort der Bestattung und</LA></DD><DT>2.</DT><DD Font="normal"><LA>die Bestattung, die Todesanzeigen, Trauerkarten und Danksagungen, die Trauerfeier und die Bewirtung der Trauergäste sowie die Herrichtung einer Grabstätte einschließlich des Grabmals und des ersten Grabschmucks bis zu einem Siebtel der sich im Zeitpunkt des Todes aus § 18 Absatz 1 des Vierten Buches Sozialgesetzbuch ergebenden jährlichen Bezugsgröße.</LA></DD></DL></P><P>(2) Auf den Erstattungsbetrag nach Absatz 1 Nummer 2 ist ein Sterbegeld nach § 18 Absatz 1 und 2 des Beamtenversorgungsgesetzes mit 40 Prozent seines Bruttobetrages anzurechnen.</P></Content></text></textdaten></norm>
<norm builddate="20240331214105" doknr="BJNR234910020BJNG000300000"><metadaten><jurabk>HeilVfV 2020</jurabk><jurabk>HeilVfV</jurabk><gliederungseinheit><gliederungskennzahl>030</gliederungskennzahl><gliederungsbez>Abschnitt 3</gliederungsbez><gliederungstitel>Verfahren</gliederungstitel></gliederungseinheit></metadaten><textdaten/></norm>
<norm builddate="20240331214105" doknr="BJNR234910020BJNE001801311"><metadaten><jurabk>HeilVfV 2020</jurabk><jurabk>HeilVfV</jurabk><enbez>§ 17</enbez><titel format="XML">Erstattungsverfahren</titel></metadaten><textdaten><text format="XML"><Content><P>(1) Soweit nichts anderes bestimmt ist, werden Aufwendungen nur erstattet, wenn die verletzte Person dies bei der Dienstunfallfürsorgestelle schriftlich oder elektronisch beantragt und die Aufwendungen nachweist. Satz 1 gilt entsprechend für Hinterbliebene, wenn die verletzte Person an den Folgen des Dienstunfalls verstorben ist.</P><P>(2) Auf Antrag kann die Dienstunfallfürsorgestelle Vorschüsse oder Abschlagszahlungen gewähren.</P><P>(3) Die Dienstunfallfürsorgestelle kann bei Zweifeln an der Notwendigkeit oder an der Dienstunfallbedingtheit einer Maßnahme oder bei Zweifeln an der wirtschaftlichen Angemessenheit von Aufwendungen ein ärztliches Gutachten einholen.</P><P>(4) In Fällen, in denen sich die Anerkennung eines Dienstunfalls aus Gründen verzögert, die die verletzte Person nicht zu vertreten hat, können die Aufwendungen zunächst unter Vorbehalt erstattet werden. Dies gilt auch während anhängiger Verfahren auf Anerkennung eines Dienstunfalls. Wird nachträglich festgestellt, dass kein Dienstunfall vorliegt, ist der Erstattungsbetrag zurückzuzahlen.</P><P>(5) Abweichend von Absatz 4 Satz 3 werden die Aufwendungen von der Dienstunfallfürsorgestelle erstattet, die einer verletzten Polizeivollzugsbeamtin oder einem verletzten Polizeivollzugsbeamten in der Bundespolizei und beim Deutschen Bundestag bis zur Bekanntgabe der Entscheidung, mit der festgestellt wurde, dass kein Dienstunfall vorliegt, entstanden sind. Satz 1 gilt nur, wenn <DL Font="normal" Type="arabic"><DT>1.</DT><DD Font="normal"><LA Size="normal">sich die in Satz 1 genannte Entscheidung nicht aus Gründen verzögert, die die verletzte Person zu vertreten hat, und</LA></DD><DT>2.</DT><DD Font="normal"><LA Size="normal">die verletzte Person die Maßnahmen, die den Aufwendungen zugrunde liegen, im guten Glauben an das Vorliegen eines Dienstunfalls in Anspruch genommen hat.</LA></DD></DL></P></Content></text><fussnoten/></textdaten></norm>
<norm builddate="20240331214105" doknr="BJNR234910020BJNG000400000"><metadaten><jurabk>HeilVfV 2020</jurabk><jurabk>HeilVfV</jurabk><gliederungseinheit><gliederungskennzahl>040</gliederungskennzahl><gliederungsbez>Abschnitt 4</gliederungsbez><gliederungstitel>Übergangsvorschriften</gliederungstitel></gliederungseinheit></metadaten><textdaten/></norm>
<norm builddate="20240331214105" doknr="BJNR234910020BJNE001900000"><metadaten><jurabk>HeilVfV 2020</jurabk><jurabk>HeilVfV</jurabk><enbez>§ 18</enbez><titel format="XML">Übergangsvorschriften</titel></metadaten><textdaten><text format="XML"><Content><P>(1) Hinsichtlich der Erstattung von Aufwendungen, die vor dem Inkrafttreten dieser Verordnung entstanden sind, ist die Heilverfahrensverordnung vom 25. April 1979 (BGBl. I S. 502) in der bis zum 13. November 2020 geltenden Fassung weiter anzuwenden. Entstanden im Sinne von Satz 1 sind Aufwendungen für <DL Type="arabic"><DT>1.</DT><DD Font="normal"><LA>ärztliche Untersuchungen und Behandlungen einschließlich der dabei verbrauchten Arznei- und Verbandmittel sowie der bei der Anwendung der Heilmittel verbrauchten Stoffe am Behandlungstag,</LA></DD><DT>2.</DT><DD Font="normal"><LA>Arznei-, Verband-, Heil- und Hilfsmittel am Tag der ärztlichen Verordnung.</LA></DD></DL></P><P>(2) Hinsichtlich der Erstattung von Aufwendungen für Krankenhausbehandlungen sowie für Rehabilitationsmaßnahmen, die bereits vor dem Inkrafttreten dieser Verordnung begonnen worden sind, ist die Heilverfahrensverordnung in der bis zum 13. November 2020 geltenden Fassung weiter anzuwenden.</P><P>(3) Übersteigt der nach § 12 der Heilverfahrensverordnung vom 25. April 1979 (BGBl. I S. 502) in der bis zum 13. November 2020 geltenden Fassung zu erstattende Betrag die erstattungsfähigen Pflegekosten nach § 10, wird die Differenz als Pauschale weitergezahlt. Ändern sich die für die Erstattung der Pflegekosten maßgebenden Verhältnisse wesentlich, ist die Erstattung von Pflegekosten nach § 10 neu festzusetzen.</P></Content></text></textdaten></norm>
</dokumente>