<?xml version="1.0" encoding="UTF-8" ?><!DOCTYPE dokumente SYSTEM "http://www.gesetze-im-internet.de/dtd/1.01/gii-norm.dtd">
<dokumente builddate="20241223221541" doknr="BJNR1AB0A0024"><norm builddate="20241223221541" doknr="BJNR1AB0A0024"><metadaten><jurabk>HeimEinV</jurabk><amtabk>HeimEinV</amtabk><ausfertigung-datum manuell="ja">2024-12-17</ausfertigung-datum><fundstelle typ="amtlich"><periodikum>BGBl. I</periodikum><zitstelle>2024, Nr. 427</zitstelle></fundstelle><kurzue>Heimtier-Einreiseorte-Verordnung</kurzue><langue>Verordnung über Einreiseorte gemäß Artikel 34 Absatz 3 der Verordnung (EU) Nr. 576/2013</langue><standangabe checked="ja"><standtyp>Aufh</standtyp><standkommentar>Die V tritt gem. § 2 am 21.4.2026 außer Kraft</standkommentar></standangabe></metadaten><textdaten><fussnoten><Content><P><BR/> <pre xml:space="preserve">(+++ Textnachweis aB. 24.12.2024 +++)<BR/><BR/></pre></P></Content></fussnoten></textdaten></norm>
<norm builddate="20241223221541" doknr="BJNR1AB0A0024BJNE000100000"><metadaten><jurabk>HeimEinV</jurabk><enbez>Eingangsformel</enbez></metadaten><textdaten><text format="XML"><Content><P>Auf Grund des § 2 Absatz 2 Satz 1 des Tiergesundheitsrechtlichen Bußgeldgesetzes vom 8. Dezember 2024 (BGBl. 2024 I Nr. 405) verordnet das Bundesministerium für Ernährung und Landwirtschaft:</P></Content></text></textdaten></norm>
<norm builddate="20241223221541" doknr="BJNR1AB0A0024BJNE000200000"><metadaten><jurabk>HeimEinV</jurabk><enbez>§ 1</enbez><titel format="XML">Liste der Einreiseorte</titel></metadaten><textdaten><text format="XML"><Content><P>Die Liste der Einreiseorte nach Artikel 34 Absatz 3 der Verordnung (EU) Nr. 576/2013 des Europäischen Parlaments und des Rates vom 12. Juni 2013 über die Verbringung von Heimtieren zu anderen als Handelszwecken und zur Aufhebung der Verordnung (EG) Nr. 998/2003 (ABl. L 178 vom 28.6.2013, S. 1; L 115 vom 6.5.2015, S. 43), die zuletzt durch die Delegierte Verordnung (EU) 2024/822 (ABl. L, 2024/822, 6.3.2024) geändert worden ist, ergibt sich aus der Anlage.</P></Content></text></textdaten></norm>
<norm builddate="20241223221541" doknr="BJNR1AB0A0024BJNE000300000"><metadaten><jurabk>HeimEinV</jurabk><enbez>§ 2</enbez><titel format="XML">Inkrafttreten, Außerkrafttreten</titel></metadaten><textdaten><text format="XML"><Content><P>Diese Verordnung tritt am Tag nach der Verkündung in Kraft und am 21. April 2026 außer Kraft.</P></Content></text></textdaten></norm>
<norm builddate="20241223221541" doknr="BJNR1AB0A0024BJNE000400000"><metadaten><jurabk>HeimEinV</jurabk><enbez>Anlage</enbez><titel format="XML"><BR/>Einreiseorte nach Artikel 34 Absatz 3 der Verordnung (EU) Nr. 576/2013</titel></metadaten><textdaten><text format="XML"><Content><P><noindex><kommentar typ="Fundstelle">(Fundstelle: BGBl. 2024 I Nr. 427, S. 2 - 3)</kommentar></noindex></P><P/><table colsep="1" frame="all" rowsep="1" tocentry="%yes;"><tgroup align="left" char="" charoff="50" cols="4"><colspec colname="c1" colwidth="7.1*"/><colspec colname="c2" colwidth="25.7*"/><colspec colname="c3" colwidth="36*"/><colspec colname="c4" colwidth="31.5*"/><thead valign="bottom"><row valign="middle"><entry VJ="1" align="center"/><entry VJ="1" align="center"><B>1</B></entry><entry VJ="1" align="center"><B>2</B></entry><entry VJ="1" align="center"><B>3</B></entry></row><row valign="middle"><entry VJ="1" align="center"><B>Lfd. Nr.</B></entry><entry VJ="1" align="center"><B>Bundesland</B></entry><entry VJ="1" align="center"><B>Einreiseort</B></entry><entry VJ="1" align="center"><B>Zuständige Behörde</B></entry></row></thead><tbody valign="top"><row><entry VJ="1">1</entry><entry VJ="1"><B>Baden-Württemberg</B></entry><entry VJ="1">Flughafen Stuttgart (STR) – Stuttgart</entry><entry VJ="1">Landratsamt Esslingen<BR/> Veterinär- und Lebensmittelüberwachungsamt</entry></row><row><entry VJ="1">2</entry><entry VJ="1"><B>Bayern</B></entry><entry VJ="1">Flughafen München (MUC) – München</entry><entry VJ="1">Bayerische Kontrollbehörde<BR/> für Lebensmittelsicherheit und Veterinärwesen</entry></row><row><entry VJ="1">3</entry><entry VJ="1">Bayern</entry><entry VJ="1">Flughafen Nürnberg (NUE) – Nürnberg</entry><entry VJ="1">Stadt Nürnberg<BR/> – Veterinäramt –</entry></row><row><entry VJ="1">4</entry><entry VJ="1"><B>Berlin, Brandenburg</B></entry><entry VJ="1">Flughafen Berlin Brandenburg (BER)</entry><entry VJ="1">Landesamt für Arbeitsschutz, Verbraucherschutz und Gesundheit<BR/> Grenzveterinärdienst</entry></row><row><entry VJ="1">5</entry><entry VJ="1"><B>Bremen</B></entry><entry VJ="1">Flughafen Bremen (BRE)</entry><entry VJ="1">Lebensmittelüberwachungs-, Tierschutz- und Veterinärdienst des Landes Bremen</entry></row><row><entry VJ="1">6</entry><entry VJ="1"><B>Hamburg</B></entry><entry VJ="1">Flughafen Hamburg (HAM)</entry><entry VJ="1">Veterinär- und Einfuhramt Hamburg<BR/> GKS Hamburg-Flughafen<BR/> Hamburg Airport Cargo Center (HACC)</entry></row><row><entry VJ="1">7</entry><entry VJ="1">Hamburg</entry><entry VJ="1">Hafen – Hamburg – Kreuzfahrtterminals</entry><entry VJ="1">Veterinär- und Einfuhramt Hamburg</entry></row><row><entry VJ="1">8</entry><entry VJ="1"><B>Hessen</B></entry><entry VJ="1">Flughafen Frankfurt am Main (FRA)</entry><entry VJ="1">Tierärztliche Grenzkontrollstelle Hessen (TGSH)</entry></row><row><entry VJ="1">9</entry><entry VJ="1"><B>Mecklenburg-Vorpommern</B></entry><entry VJ="1">Flughafen Rostock-Laage (RLG)</entry><entry VJ="1">Landkreis Rostock<BR/> Veterinär- und Lebensmittelüberwachung</entry></row><row><entry VJ="1">10</entry><entry VJ="1">Mecklenburg-Vorpommern</entry><entry VJ="1">Hafen – Rostock<BR/><U>nur</U> die <U>Kontrollpositionen</U><DL Font="normal" Type="alpha"><DT>a)</DT><DD Font="normal"><LA Size="normal">Passagierkai Warnemünde</LA></DD><DT>b)</DT><DD Font="normal"><LA Size="normal"><U>Seehafen Rostock</U> mit Warnowkai,<BR/> den Hafenbecken A, B, C und<BR/> dem Ölhafenbecken</LA></DD></DL></entry><entry VJ="1">Hanse- und Universitätsstadt Rostock<BR/> Veterinär- und Lebensmittelüberwachung</entry></row><row><entry VJ="1">11</entry><entry VJ="1"><B>Niedersachsen</B></entry><entry VJ="1">Flughafen Hannover-Langenhagen (HAJ)</entry><entry VJ="1">Region Hannover<BR/> Fachdienst Verbraucherschutz<BR/> und Veterinärwesen</entry></row><row><entry VJ="1">12</entry><entry VJ="1"><B>Nordrhein-Westfalen</B></entry><entry VJ="1">Flughafen Dortmund (DTM)</entry><entry VJ="1">Stadt Dortmund<BR/> – Ordnungsamt 32/2 –</entry></row><row><entry VJ="1">13</entry><entry VJ="1">Nordrhein-Westfalen</entry><entry VJ="1">Flughafen Düsseldorf (DUS)</entry><entry VJ="1">Amt für Verbraucherschutz</entry></row><row><entry VJ="1">14</entry><entry VJ="1">Nordrhein-Westfalen</entry><entry VJ="1">Flughafen Köln/Bonn (CGN)</entry><entry VJ="1">Umwelt- und<BR/> Verbraucherschutzamt<BR/> Lebensmittelüberwachung und Veterinärdienste</entry></row><row><entry VJ="1">15</entry><entry VJ="1">Nordrhein-Westfalen</entry><entry VJ="1">Flughafen Münster/Osnabrück (FMO)</entry><entry VJ="1">Kreis Steinfurt<BR/> Veterinär- und Lebensmittelüberwachungsamt</entry></row><row><entry VJ="1">16</entry><entry VJ="1">Nordrhein-Westfalen</entry><entry VJ="1">Flughafen Paderborn/Lippstadt (PAD)</entry><entry VJ="1">Kreis Paderborn<BR/> Amt für Verbraucherschutz und Veterinärwesen</entry></row><row><entry VJ="1">17</entry><entry VJ="1">Nordrhein-Westfalen</entry><entry VJ="1">Flughafen Weeze (NRN)</entry><entry VJ="1">Kreisverwaltung Kleve</entry></row><row><entry VJ="1">18</entry><entry VJ="1"><B>Rheinland-Pfalz</B></entry><entry VJ="1">Flughafen Hahn (HHN)</entry><entry VJ="1">Rhein-Hunsrück-Kreis<BR/> – Veterinäramt –</entry></row><row><entry VJ="1">19</entry><entry VJ="1"><B>Saarland</B></entry><entry VJ="1">Flughafen Saarbrücken (SCN)</entry><entry VJ="1">Landesamt für<BR/> Verbraucherschutz</entry></row><row><entry VJ="1">20</entry><entry VJ="1"><B>Sachsen</B></entry><entry VJ="1">Flughafen Dresden (DRS)</entry><entry VJ="1">Veterinär- und Lebensmittelüberwachungsamt Dresden</entry></row><row><entry VJ="1">21</entry><entry VJ="1">Sachsen</entry><entry VJ="1">Flughafen Leipzig/Halle (LEJ)</entry><entry VJ="1">Landkreis Nordsachsen<BR/> Lebensmittelüberwachungs-<BR/> und Veterinäramt</entry></row><row><entry VJ="1">22</entry><entry VJ="1"><B>Thüringen</B></entry><entry VJ="1">Flughafen Erfurt-Weimar (ERF)</entry><entry VJ="1">Stadtverwaltung Erfurt<BR/> Veterinär- und Lebensmittelüberwachungsamt</entry></row></tbody></tgroup></table></Content></text></textdaten></norm>
</dokumente>