<?xml version="1.0" encoding="UTF-8" ?><!DOCTYPE dokumente SYSTEM "http://www.gesetze-im-internet.de/dtd/1.01/gii-norm.dtd">
<dokumente builddate="20240625214504" doknr="BJNR06D0C0024"><norm builddate="20240625214504" doknr="BJNR06D0C0024"><metadaten><jurabk>MedCanG</jurabk><amtabk>MedCanG</amtabk><ausfertigung-datum manuell="ja">2024-03-27</ausfertigung-datum><fundstelle typ="amtlich"><periodikum>BGBl I</periodikum><zitstelle>2024, Nr. 109, 28</zitstelle></fundstelle><kurzue>Medizinal-Cannabisgesetz</kurzue><langue>Gesetz zur Versorgung mit Cannabis zu medizinischen und medizinisch-wissenschaftlichen Zwecken</langue><standangabe checked="ja"><standtyp>Stand</standtyp><standkommentar>Geändert durch Art. 2 G v. 20.6.2024 I Nr. 207</standkommentar></standangabe></metadaten><textdaten><fussnoten><Content><P><BR/> <pre xml:space="preserve">(+++ Textnachweis ab: 1.4.2024 +++)<BR/><BR/></pre>Das G wurde als Artikel 2 des G v. 27.3.2024 I Nr. 109 vom Bundestag beschlossen. Es tritt gem. Art. 15 Abs. 1 dieses G am. 1.4.2024 in Kraft.</P></Content></fussnoten></textdaten></norm>
<norm builddate="20240625214504" doknr="BJNR06D0C0024BJNE000100000"><metadaten><jurabk>MedCanG</jurabk><enbez>Inhaltsübersicht</enbez></metadaten><textdaten><text format="XML"><Content><TOC><Ident Class="S5">Kapitel 1</Ident><P/><Title Align="auto" Class="S5">Allgemeine Vorschriften</Title><P/><table colsep="0" frame="none" pgwide="1" rowsep="0" tocentry="%yes;"><tgroup align="left" char="" charoff="50" cols="2"><colspec colname="col1" colwidth="10*"/><colspec colname="col2" colwidth="155*"/><tbody valign="top"><row><entry VJ="1" colname="col1">§ 1</entry><entry VJ="1" colname="col2">Anwendungsbereich</entry></row><row><entry VJ="1" colname="col1">§ 2</entry><entry VJ="1" colname="col2">Begriffsbestimmungen</entry></row></tbody></tgroup></table><P/><Ident Class="S5">Kapitel 2</Ident><P/><Title Align="auto" Class="S5">Verschreibung und Abgabe</Title><P/><table colsep="0" frame="none" pgwide="1" rowsep="0" tocentry="%yes;"><tgroup align="left" char="" charoff="50" cols="2"><colspec colname="col1" colwidth="10*"/><colspec colname="col2" colwidth="155*"/><tbody valign="top"><row><entry VJ="1" colname="col1">§ 3</entry><entry VJ="1" colname="col2">Abgabe und Verschreibung von Cannabis zu medizinischen Zwecken</entry></row></tbody></tgroup></table><P/><Ident Class="S5">Kapitel 3</Ident><P/><Title Align="auto" Class="S5">Erlaubnis und Genehmigung; Binnenhandel</Title><P/><Ident Class="S5">Abschnitt 1</Ident><P/><Title Align="auto" Class="S5">Erlaubnis</Title><P/><table colsep="0" frame="none" pgwide="1" rowsep="0" tocentry="%yes;"><tgroup align="left" char="" charoff="50" cols="2"><colspec colname="col1" colwidth="10*"/><colspec colname="col2" colwidth="155*"/><tbody valign="top"><row><entry VJ="1" colname="col1">§ 4</entry><entry VJ="1" colname="col2">Erlaubnispflicht</entry></row><row><entry VJ="1" colname="col1">§ 5</entry><entry VJ="1" colname="col2">Ausnahmen von der Erlaubnispflicht</entry></row><row><entry VJ="1" colname="col1">§ 6</entry><entry VJ="1" colname="col2">Inhalt der Erlaubnis</entry></row><row><entry VJ="1" colname="col1">§ 7</entry><entry VJ="1" colname="col2">Antrag</entry></row><row><entry VJ="1" colname="col1">§ 8</entry><entry VJ="1" colname="col2">Änderung von Angaben im Antrag</entry></row><row><entry VJ="1" colname="col1">§ 9</entry><entry VJ="1" colname="col2">Versagung der Erlaubnis</entry></row><row><entry VJ="1" colname="col1">§ 10</entry><entry VJ="1" colname="col2">Befristung der Erlaubnis; Auflagen und Beschränkungen</entry></row><row><entry VJ="1" colname="col1">§ 11</entry><entry VJ="1" colname="col2">Widerruf der Erlaubnis</entry></row></tbody></tgroup></table><P/><Ident Class="S5">Abschnitt 2</Ident><P/><Title Align="auto" Class="S5">Genehmigung zur Einfuhr und Ausfuhr; Durchfuhr</Title><P/><table colsep="0" frame="none" pgwide="1" rowsep="0" tocentry="%yes;"><tgroup align="left" char="" charoff="50" cols="2"><colspec colname="col1" colwidth="10*"/><colspec colname="col2" colwidth="155*"/><tbody valign="top"><row><entry VJ="1" colname="col1">§ 12</entry><entry VJ="1" colname="col2">Genehmigung zur Einfuhr und Ausfuhr</entry></row><row><entry VJ="1" colname="col1">§ 13</entry><entry VJ="1" colname="col2">Durchfuhr</entry></row><row><entry VJ="1" colname="col1">§ 14</entry><entry VJ="1" colname="col2">Geltung der Betäubungsmittel-Außenhandelsverordnung</entry></row></tbody></tgroup></table><P/><Ident Class="S5">Abschnitt 3</Ident><P/><Title Align="auto" Class="S5">Abgabe und Erwerb</Title><P/><table colsep="0" frame="none" pgwide="1" rowsep="0" tocentry="%yes;"><tgroup align="left" char="" charoff="50" cols="2"><colspec colname="col1" colwidth="10*"/><colspec colname="col2" colwidth="155*"/><tbody valign="top"><row><entry VJ="1" colname="col1">§ 15</entry><entry VJ="1" colname="col2">Abgabe und Erwerb</entry></row></tbody></tgroup></table><P/><Ident Class="S5">Abschnitt 4</Ident><P/><Title Align="auto" Class="S5">Aufzeichnungen und Meldungen</Title><P/><table colsep="0" frame="none" pgwide="1" rowsep="0" tocentry="%yes;"><tgroup align="left" char="" charoff="50" cols="2"><colspec colname="col1" colwidth="10*"/><colspec colname="col2" colwidth="155*"/><tbody valign="top"><row><entry VJ="1" colname="col1">§ 16</entry><entry VJ="1" colname="col2">Aufzeichnungen und Meldungen</entry></row></tbody></tgroup></table><P/><Ident Class="S5">Kapitel 4</Ident><P/><Title Align="auto" Class="S5">Überwachung; Berichtspflicht</Title><P/><Ident Class="S5">Abschnitt 1</Ident><P/><Title Align="auto" Class="S5">Überwachung</Title><P/><table colsep="0" frame="none" pgwide="1" rowsep="0" tocentry="%yes;"><tgroup align="left" char="" charoff="50" cols="2"><colspec colname="col1" colwidth="10*"/><colspec colname="col2" colwidth="155*"/><tbody valign="top"><row><entry VJ="1" colname="col1">§ 17</entry><entry VJ="1" colname="col2">Zuständige Behörden</entry></row><row><entry VJ="1" colname="col1">§ 18</entry><entry VJ="1" colname="col2">Überwachung des Verkehrs mit Cannabis zu medizinischen Zwecken oder Cannabis zu medizinisch-wissenschaftlichen Zwecken</entry></row><row><entry VJ="1" colname="col1">§ 19</entry><entry VJ="1" colname="col2">Probenahme</entry></row><row><entry VJ="1" colname="col1">§ 20</entry><entry VJ="1" colname="col2">Duldungs- und Mitwirkungspflicht</entry></row><row><entry VJ="1" colname="col1">§ 21</entry><entry VJ="1" colname="col2">Sicherungsanordnung</entry></row><row><entry VJ="1" colname="col1">§ 22</entry><entry VJ="1" colname="col2">Bundeswehr, Bundespolizei, Bereitschaftspolizei und Zivilschutz</entry></row></tbody></tgroup></table><P/><Ident Class="S5">Abschnitt 2</Ident><P/><Title Align="auto" Class="S5">Jahresbericht an die Vereinten Nationen</Title><P/><table colsep="0" frame="none" pgwide="1" rowsep="0" tocentry="%yes;"><tgroup align="left" char="" charoff="50" cols="2"><colspec colname="col1" colwidth="10*"/><colspec colname="col2" colwidth="155*"/><tbody valign="top"><row><entry VJ="1" colname="col1">§ 23</entry><entry VJ="1" colname="col2">Jahresbericht an die Vereinten Nationen</entry></row></tbody></tgroup></table><P/><Ident Class="S5">Kapitel 5</Ident><P/><Title Align="auto" Class="S5">Kinder- und Jugendschutz</Title><P/><table colsep="0" frame="none" pgwide="1" rowsep="0" tocentry="%yes;"><tgroup align="left" char="" charoff="50" cols="2"><colspec colname="col1" colwidth="10*"/><colspec colname="col2" colwidth="155*"/><tbody valign="top"><row><entry VJ="1" colname="col1">§ 24</entry><entry VJ="1" colname="col2">Kinder- und Jugendschutz im öffentlichen Raum</entry></row></tbody></tgroup></table><P/><Ident Class="S5">Kapitel 6</Ident><P/><Title Align="auto" Class="S5">Straf- und Bußgeldvorschriften</Title><P/><Ident Class="S5">Abschnitt 1</Ident><P/><Title Align="auto" Class="S5">Strafvorschriften</Title><P/><table colsep="0" frame="none" pgwide="1" rowsep="0" tocentry="%yes;"><tgroup align="left" char="" charoff="50" cols="2"><colspec colname="col1" colwidth="10*"/><colspec colname="col2" colwidth="155*"/><tbody valign="top"><row><entry VJ="1" colname="col1">§ 25</entry><entry VJ="1" colname="col2">Strafvorschriften</entry></row><row><entry VJ="1" colname="col1">§ 26</entry><entry VJ="1" colname="col2">Strafmilderung und Absehen von Strafe</entry></row><row><entry VJ="1" colname="col1">§ 26a</entry><entry VJ="1" colname="col2">Absehen von Verfolgung</entry></row></tbody></tgroup></table><P/><Ident Class="S5">Abschnitt 2</Ident><P/><Title Align="auto" Class="S5">Bußgeldvorschriften</Title><P/><table colsep="0" frame="none" pgwide="1" rowsep="0" tocentry="%yes;"><tgroup align="left" char="" charoff="50" cols="2"><colspec colname="col1" colwidth="10*"/><colspec colname="col2" colwidth="155*"/><tbody valign="top"><row><entry VJ="1" colname="col1">§ 27</entry><entry VJ="1" colname="col2">Bußgeldvorschriften</entry></row></tbody></tgroup></table><P/><Ident Class="S5">Kapitel 7</Ident><P/><Title Align="auto" Class="S5">Einziehung und Führungsaufsicht</Title><P/><table colsep="0" frame="none" pgwide="1" rowsep="0" tocentry="%yes;"><tgroup align="left" char="" charoff="50" cols="2"><colspec colname="col1" colwidth="10*"/><colspec colname="col2" colwidth="155*"/><tbody valign="top"><row><entry VJ="1" colname="col1">§ 28</entry><entry VJ="1" colname="col2">Einziehung</entry></row><row><entry VJ="1" colname="col1">§ 29</entry><entry VJ="1" colname="col2">Führungsaufsicht</entry></row></tbody></tgroup></table><P/><Ident Class="S5">Kapitel 8</Ident><P/><Title Align="auto" Class="S5">Besondere Regelungen bei Vorliegen einer cannabisbezogenen Abhängigkeitserkrankung</Title><P/><table colsep="0" frame="none" pgwide="1" rowsep="0" tocentry="%yes;"><tgroup align="left" char="" charoff="50" cols="2"><colspec colname="col1" colwidth="10*"/><colspec colname="col2" colwidth="155*"/><tbody valign="top"><row><entry VJ="1" colname="col1">§ 30</entry><entry VJ="1" colname="col2">Besondere Regelungen bei Vorliegen einer cannabisbezogenen Abhängigkeitserkrankung</entry></row></tbody></tgroup></table><P/><Ident Class="S5">Kapitel 9</Ident><P/><Title Align="auto" Class="S5">Schlussvorschriften</Title><P/><table colsep="0" frame="none" pgwide="1" rowsep="0" tocentry="%yes;"><tgroup align="left" char="" charoff="50" cols="2"><colspec colname="col1" colwidth="10*"/><colspec colname="col2" colwidth="155*"/><tbody valign="top"><row><entry VJ="1" colname="col1">§ 31</entry><entry VJ="1" colname="col2">Übergangsregelung aus Anlass des Cannabisgesetzes</entry></row></tbody></tgroup></table></TOC></Content></text></textdaten></norm>
<norm builddate="20240625214504" doknr="BJNR06D0C0024BJNG000100000"><metadaten><jurabk>MedCanG</jurabk><gliederungseinheit><gliederungskennzahl>010</gliederungskennzahl><gliederungsbez>Kapitel 1</gliederungsbez><gliederungstitel>Allgemeine Vorschriften</gliederungstitel></gliederungseinheit></metadaten><textdaten/></norm>
<norm builddate="20240625214504" doknr="BJNR06D0C0024BJNE000200000"><metadaten><jurabk>MedCanG</jurabk><enbez>§ 1</enbez><titel format="XML">Anwendungsbereich</titel></metadaten><textdaten><text format="XML"><Content><P>Dieses Gesetz ist anzuwenden auf Cannabis zu medizinischen Zwecken und Cannabis zu medizinisch-wissenschaftlichen Zwecken im Sinne des § 2 Nummer 1 und 2.</P></Content></text></textdaten></norm>
<norm builddate="20240625214504" doknr="BJNR06D0C0024BJNE000300000"><metadaten><jurabk>MedCanG</jurabk><enbez>§ 2</enbez><titel format="XML">Begriffsbestimmungen</titel></metadaten><textdaten><text format="XML"><Content><P>Im Sinne dieses Gesetzes ist oder sind: <DL Type="arabic"><DT>1.</DT><DD Font="normal"><LA>Cannabis zu medizinischen Zwecken: Pflanzen, Blüten und sonstige Pflanzenteile der zur Gattung Cannabis gehörenden Pflanzen, die aus einem Anbau stammen, der zu medizinischen Zwecken unter staatlicher Kontrolle gemäß den Artikeln 23 und 28 Absatz 1 des Einheits-Übereinkommens von 1961 über Suchtstoffe vom 30. März 1961 (BGBl. 1973 II S. 1354) erfolgt, sowie Delta-9-Tetrahydrocannabinol einschließlich Dronabinol und Zubereitungen aller vorgenannten Stoffe;</LA></DD><DT>2.</DT><DD Font="normal"><LA>Cannabis zu medizinisch-wissenschaftlichen Zwecken: Cannabis zu medizinischen Zwecken nach Nummer 1 mit wissenschaftlicher Zweckbestimmung, das abgesonderte Harz der Cannabispflanze aus einem erlaubten Anbau nach § 4 mit wissenschaftlicher Zweckbestimmung, folgende Tetrahydrocannabinole und ihre stereochemischen Varianten <DL Type="alpha"><DT>a)</DT><DD Font="normal"><LA>Delta-6a(10a)-Tetrahydrocannabinol, chemischer Name: 6,6,9-Trimethyl-3-pentyl-7,8,9,10-tetrahydro-6H-benzo[c]chromen-1-ol,</LA></DD><DT>b)</DT><DD Font="normal"><LA>Delta-6a-Tetrahydrocannabinol, chemischer Name: (9R,10aR)-6,6,9-Trimethyl-3-pentyl-8,9,10,10a-<NB>tetrahydro-</NB>6H-benzo[c]chromen-1-ol,</LA></DD><DT>c)</DT><DD Font="normal"><LA>Delta-7-Tetrahydrocannabinol, chemischer Name: (6aR,9R,10aR)-6,6,9-Trimethyl-3-pentyl-6a,9,10,10a-tetrahydro-6H-benzo[c]chromen-1-ol,</LA></DD><DT>d)</DT><DD Font="normal"><LA>Delta-8-Tetrahydrocannabinol, chemischer Name: (6aR,10aR)-6,6,9-Trimethyl-3-pentyl-6a,7,10,10a-<NB>tetrahydro-</NB>6H-benzo[c]chromen-1-ol,</LA></DD><DT>e)</DT><DD Font="normal"><LA>Delta-10-Tetrahydrocannabinol, chemischer Name: (6aR)-6,6,9-Trimethyl-3-pentyl-6a,7,8,9-tetrahydro-6H-benzo[c]chromen-1-ol,</LA></DD><DT>f)</DT><DD Font="normal"><LA>Delta-9(11)-Tetrahydrocannabinol, chemischer Name: (6aR,10aR)-6,6-Dimethyl-9-methylen-3-pentyl-6a,7,8,9,10,10a-hexahydro-6H-benzo[c]chromen-1-ol,</LA></DD></DL>sowie die Zubereitungen aller vorgenannten Stoffe mit wissenschaftlicher Zweckbestimmung;</LA></DD><DT>3.</DT><DD Font="normal"><LA>Zubereitung: ein Stoffgemisch oder die Lösung eines oder mehrerer Stoffe außer den natürlich vorkommenden Stoffgemischen und Lösungen, unabhängig von dem Aggregatzustand des Stoffgemischs oder der Lösung;</LA></DD><DT>4.</DT><DD Font="normal"><LA>Herstellen: das Gewinnen, Anfertigen, Zubereiten, Be- oder Verarbeiten, Reinigen und Umwandeln;</LA></DD><DT>5.</DT><DD Font="normal"><LA>verantwortliche Person: eine Person, die in einer Betriebsstätte oder mehreren Betriebsstätten für die Einhaltung der Vorschriften der §§ 4 bis 16 und der Anordnungen der Überwachungsbehörden nach den §§ 17 bis 23 verantwortlich ist;</LA></DD><DT>6.</DT><DD Font="normal"><LA>internationale Suchtstoffübereinkommen: <DL Type="alpha"><DT>a)</DT><DD Font="normal"><LA>das Einheits-Übereinkommen von 1961 über Suchtstoffe vom 30. März 1961 (BGBl. 1973 II S. 1354),</LA></DD><DT>b)</DT><DD Font="normal"><LA>das Übereinkommen von 1971 über psychotrope Stoffe vom 21. Februar 1971 (BGBl. 1976 II S. 1478) und</LA></DD><DT>c)</DT><DD Font="normal"><LA>das Übereinkommen der Vereinten Nationen vom 20. Dezember 1988 gegen den unerlaubten Verkehr mit Suchtstoffen und psychotropen Stoffen (BGBl. 1993 II S. 1137).</LA></DD></DL></LA></DD></DL></P></Content></text></textdaten></norm>
<norm builddate="20240625214504" doknr="BJNR06D0C0024BJNG000200000"><metadaten><jurabk>MedCanG</jurabk><gliederungseinheit><gliederungskennzahl>020</gliederungskennzahl><gliederungsbez>Kapitel 2</gliederungsbez><gliederungstitel>Verschreibung und Abgabe</gliederungstitel></gliederungseinheit></metadaten><textdaten/></norm>
<norm builddate="20240625214504" doknr="BJNR06D0C0024BJNE000400000"><metadaten><jurabk>MedCanG</jurabk><enbez>§ 3</enbez><titel format="XML">Abgabe und Verschreibung von Cannabis zu medizinischen Zwecken</titel></metadaten><textdaten><text format="XML"><Content><P>(1) Cannabis zu medizinischen Zwecken darf nur von Ärztinnen und Ärzten verschrieben oder im Rahmen einer ärztlichen Behandlung verabreicht oder einem anderen zum unmittelbaren Verbrauch überlassen werden. Zahnärztinnen und Zahnärzte sowie Tierärztinnen und Tierärzte sind nicht zur Verschreibung, zur Verabreichung oder zum Überlassen zum unmittelbaren Verbrauch berechtigt. Die §§ 2 und 4 der Arzneimittelverschreibungsverordnung gelten entsprechend.</P><P>(2) Das nach Absatz 1 verschriebene Cannabis zu medizinischen Zwecken darf an Endverbraucherinnen und Endverbraucher nur im Rahmen des Betriebs einer Apotheke gegen Vorlage der Verschreibung abgegeben werden. § 14 Absatz 7 des Apothekengesetzes bleibt unberührt.</P><P>(3) Cannabis zu medizinisch-wissenschaftlichen Zwecken darf nur im Rahmen von klinischen Prüfungen im Sinne des § 4 Absatz 23 des Arzneimittelgesetzes durch eine Ärztin oder einen Arzt verabreicht oder einem anderen zum unmittelbaren Verbrauch überlassen werden. Zahnärztinnen und Zahnärzte sowie Tierärztinnen und Tierärzte sind nicht zur Verabreichung oder zum Überlassen zum unmittelbaren Verbrauch berechtigt.</P></Content></text></textdaten></norm>
<norm builddate="20240625214504" doknr="BJNR06D0C0024BJNG000300000"><metadaten><jurabk>MedCanG</jurabk><gliederungseinheit><gliederungskennzahl>030</gliederungskennzahl><gliederungsbez>Kapitel 3</gliederungsbez><gliederungstitel>Erlaubnis und Genehmigung; Binnenhandel</gliederungstitel></gliederungseinheit></metadaten><textdaten/></norm>
<norm builddate="20240625214504" doknr="BJNR06D0C0024BJNG000400000"><metadaten><jurabk>MedCanG</jurabk><gliederungseinheit><gliederungskennzahl>030010</gliederungskennzahl><gliederungsbez>Abschnitt 1</gliederungsbez><gliederungstitel>Erlaubnis</gliederungstitel></gliederungseinheit></metadaten><textdaten/></norm>
<norm builddate="20240625214504" doknr="BJNR06D0C0024BJNE000500000"><metadaten><jurabk>MedCanG</jurabk><enbez>§ 4</enbez><titel format="XML">Erlaubnispflicht</titel></metadaten><textdaten><text format="XML"><Content><P>(1) Wer Cannabis zu medizinischen Zwecken oder Cannabis zu medizinisch-wissenschaftlichen Zwecken anbauen, herstellen, mit ihm Handel treiben, einführen, ausführen, abgeben, veräußern, sonst in den Verkehr bringen, sich verschaffen oder erwerben will, bedarf einer Erlaubnis des Bundesinstituts für Arzneimittel und Medizinprodukte.</P><P>(2) Eine Erlaubnis für den Umgang mit Cannabis zu medizinisch-wissenschaftlichen Zwecken kann das Bundesinstitut für Arzneimittel und Medizinprodukte zu wissenschaftlichen oder nur ausnahmsweise zu anderen im öffentlichen Interesse liegenden Zwecken erteilen.</P></Content></text></textdaten></norm>
<norm builddate="20240625214504" doknr="BJNR06D0C0024BJNE000600000"><metadaten><jurabk>MedCanG</jurabk><enbez>§ 5</enbez><titel format="XML">Ausnahmen von der Erlaubnispflicht</titel></metadaten><textdaten><text format="XML"><Content><P>(1) Einer Erlaubnis nach § 4 bedarf nicht, wer <DL Type="arabic"><DT>1.</DT><DD Font="normal"><LA>im Rahmen des Betriebs einer Apotheke <DL Type="alpha"><DT>a)</DT><DD Font="normal"><LA>Cannabis zu medizinischen Zwecken herstellt, erwirbt, auf Grund einer ärztlichen Verschreibung nach § 3 abgibt, an eine andere Apotheke weitergibt, an Inhaber einer Erlaubnis zum Erwerb von Cannabis zu medizinischen Zwecken zurückgibt oder an die Nachfolgerin oder den Nachfolger als Inhaber einer Erlaubnis zum Betrieb der Apotheke weitergibt oder</LA></DD><DT>b)</DT><DD Font="normal"><LA>Cannabis zu medizinischen Zwecken oder Cannabis zu medizinisch-wissenschaftlichen Zwecken zur Untersuchung, zur Weiterleitung an eine zur Untersuchung von Cannabis zu medizinischen Zwecken oder Cannabis zu medizinisch-wissenschaftlichen Zwecken berechtigte Stelle oder zur Vernichtung entgegennimmt,</LA></DD></DL></LA></DD><DT>2.</DT><DD Font="normal"><LA>Cannabis zu medizinischen Zwecken auf Grund ärztlicher Verschreibung nach § 3 erwirbt,</LA></DD><DT>3.</DT><DD Font="normal"><LA>Cannabis zu medizinischen Zwecken auf Grund ärztlicher Verschreibung nach § 3 erworben hat und als Reisebedarf einführt oder ausführt,</LA></DD><DT>4.</DT><DD Font="normal"><LA>gewerbsmäßig <DL Type="alpha"><DT>a)</DT><DD Font="normal"><LA>an der Beförderung von Cannabis zu medizinischen Zwecken oder von Cannabis zu medizinisch-wissenschaftlichen Zwecken zwischen befugten Teilnehmerinnen und Teilnehmern am Verkehr mit Cannabis zu medizinischen Zwecken oder mit Cannabis zu medizinisch-wissenschaftlichen Zwecken beteiligt ist oder die Lagerung und Aufbewahrung von Cannabis zu medizinischen Zwecken oder Cannabis zu medizinisch-wissenschaftlichen Zwecken im Zusammenhang mit einer solchen Beförderung oder für eine befugte Teilnehmerin oder einen befugten Teilnehmer am Verkehr mit Cannabis zu medizinischen Zwecken oder mit Cannabis zu medizinisch-wissenschaftlichen Zwecken übernimmt oder</LA></DD><DT>b)</DT><DD Font="normal"><LA>die Versendung von Cannabis zu medizinischen Zwecken oder von Cannabis zu medizinisch-wissenschaftlichen Zwecken zwischen befugten Teilnehmerinnen und Teilnehmern am Verkehr mit Cannabis zu medizinischen Zwecken oder mit Cannabis zu medizinisch-wissenschaftlichen Zwecken durch andere besorgt oder vermittelt oder</LA></DD></DL></LA></DD><DT>5.</DT><DD Font="normal"><LA>Cannabis zu medizinischen Zwecken oder Cannabis zu medizinisch-wissenschaftlichen Zwecken als Probandin oder Proband oder Patientin oder Patient im Rahmen einer klinischen Prüfung oder in Härtefällen nach § 21 Absatz 2 Nummer 3 des Arzneimittelgesetzes in Verbindung mit Artikel 83 der Verordnung (EG) Nr. 726/2004 des Europäischen Parlaments und des Rates vom 31. März 2004 zur Festlegung von Gemeinschaftsverfahren für die Genehmigung und Überwachung von Human- und Tierarzneimitteln und zur Errichtung einer Europäischen Arzneimittel-Agentur (ABl. L 136 vom 30.4.2004, S. 1), die zuletzt durch die Verordnung (EU) 2019/5 (ABl. L 4 vom 7.1.2019, S. 24) geändert worden ist, erwirbt.</LA></DD></DL></P><P>(2) Einer Erlaubnis nach § 4 bedürfen nicht Bundes- und Landesbehörden für den Bereich ihrer dienstlichen Tätigkeit sowie die von ihnen mit der Untersuchung von Cannabis zu medizinischen Zwecken oder von Cannabis zu medizinisch-wissenschaftlichen Zwecken beauftragten Behörden oder Einrichtungen.</P></Content></text></textdaten></norm>
<norm builddate="20240625214504" doknr="BJNR06D0C0024BJNE000700000"><metadaten><jurabk>MedCanG</jurabk><enbez>§ 6</enbez><titel format="XML">Inhalt der Erlaubnis</titel></metadaten><textdaten><text format="XML"><Content><P>Die Erlaubnis nach § 4 muss insbesondere regeln: <DL Type="arabic"><DT>1.</DT><DD Font="normal"><LA>die Lage der Betriebstätten nach dem Ort, wenn möglich unter Angabe der Flurbezeichnung,</LA></DD><DT>2.</DT><DD Font="normal"><LA>die Angabe, ob der Umgang mit Cannabis zu medizinischen Zwecken oder mit Cannabis zu medizinisch-wissenschaftlichen Zwecken erlaubt wird und welche der in § 4 Absatz 1 genannten Handlungen erlaubt werden, und</LA></DD><DT>3.</DT><DD Font="normal"><LA>die Art an Cannabis zu medizinischen Zwecken oder an Cannabis zu medizinisch-wissenschaftlichen Zwecken, mit der die erlaubten Handlungen vorgenommen werden dürfen.</LA></DD></DL></P></Content></text></textdaten></norm>
<norm builddate="20240625214504" doknr="BJNR06D0C0024BJNE000800000"><metadaten><jurabk>MedCanG</jurabk><enbez>§ 7</enbez><titel format="XML">Antrag</titel></metadaten><textdaten><text format="XML"><Content><P>(1) Der Antrag auf Erteilung einer Erlaubnis nach § 4 ist beim Bundesinstitut für Arzneimittel und Medizinprodukte zu stellen.</P><P>(2) Der Antrag hat folgende Angaben und Nachweise zu enthalten: <DL Type="arabic"><DT>1.</DT><DD Font="normal"><LA>Name, Vorname und Anschrift der antragstellenden Person und aller verantwortlichen Personen sowie gegebenenfalls Name und Anschrift der Firma; im Fall der gesetzlichen Vertretung der antragstellenden Person Name, Vorname und Anschrift des gesetzlichen Vertreters, bei juristischen Personen oder nicht rechtsfähigen Personenvereinigungen die Angabe des Namens, des Vornamens und der Anschrift der nach Gesetz, Satzung oder Gesellschaftsvertrag zur Vertretung berechtigten Person,</LA></DD><DT>2.</DT><DD Font="normal"><LA>ein Führungszeugnis zur Vorlage bei einer Behörde nach § 30 Absatz 5 des Bundeszentralregistergesetzes für die antragstellende Person und jede der verantwortlichen Personen,</LA></DD><DT>3.</DT><DD Font="normal"><LA>für jede verantwortliche Person der Nachweis der erforderlichen Sachkenntnis und Erklärungen darüber, ob und aufgrund welcher Umstände sie die ihr obliegenden Verpflichtungen ständig erfüllen kann,</LA></DD><DT>4.</DT><DD Font="normal"><LA>eine Beschreibung der Lage der Betriebsstätten nach dem Ort, wenn möglich mit Flurbezeichnung, sowie Straße, Hausnummer, Gebäude und Gebäudeteil,</LA></DD><DT>5.</DT><DD Font="normal"><LA>die Angabe, ob der Umgang mit Cannabis zu medizinischen Zwecken oder mit Cannabis zu medizinisch-wissenschaftlichen Zwecken beantragt wird und welche der in § 4 Absatz 1 genannten Handlungen mit dem Cannabis zu medizinischen Zwecken oder mit dem Cannabis zu medizinisch-wissenschaftlichen Zwecken erlaubt werden sollen,</LA></DD><DT>6.</DT><DD Font="normal"><LA>die Art an Cannabis zu medizinischen Zwecken oder an Cannabis zu medizinisch-wissenschaftlichen Zwecken, mit der die zu erlaubenden Handlungen vorgenommen werden sollen, und</LA></DD><DT>7.</DT><DD Font="normal"><LA>im Fall des Verwendens zu wissenschaftlichen Zwecken, eine Erläuterung des verfolgten wissenschaftlichen Zwecks unter Bezugnahme auf die einschlägige wissenschaftliche Literatur.</LA></DD></DL></P><P>(3) Der Nachweis der erforderlichen Sachkenntnis nach Absatz 2 Nummer 3 wird erbracht <DL Type="arabic"><DT>1.</DT><DD Font="normal"><LA>im Fall des Herstellens von Cannabis zu medizinischen Zwecken, das ein Arzneimittel ist, durch den Nachweis der Sachkenntnis nach § 15 Absatz 1 des Arzneimittelgesetzes,</LA></DD><DT>2.</DT><DD Font="normal"><LA>im Fall des Anbaus, Herstellens und Verwendens von Cannabis zu medizinisch-wissenschaftlichen Zwecken für wissenschaftliche Zwecke durch das Zeugnis über eine nach abgeschlossenem wissenschaftlichem Hochschulstudium der Biologie, der Chemie, der Pharmazie, der Human- oder der Veterinärmedizin abgelegte Prüfung,</LA></DD><DT>3.</DT><DD Font="normal"><LA>in allen anderen Fällen durch das Zeugnis über eine abgeschlossene Berufsausbildung als Kauffrau im Groß- und Außenhandel oder Kaufmann im Groß- und Außenhandel und durch die Bestätigung einer mindestens einjährigen praktischen Tätigkeit im Arzneimittelverkehr.</LA></DD></DL></P><P>(4) Das Bundesinstitut für Arzneimittel und Medizinprodukte kann im Einzelfall von den in Absatz 2 Nummer 3 genannten Anforderungen an die Sachkenntnis abweichen oder andere Nachweise der erforderlichen Sachkenntnis verlangen, wenn die Sicherheit und Kontrolle des Verkehrs mit Cannabis zu medizinischen Zwecken oder mit Cannabis zu medizinisch-wissenschaftlichen Zwecken gewährleistet sind. Das Bundesinstitut für Arzneimittel und Medizinprodukte unterrichtet die zuständige oberste Landesbehörde unverzüglich über seine Entscheidung nach § 4.</P></Content></text></textdaten></norm>
<norm builddate="20240625214504" doknr="BJNR06D0C0024BJNE000900000"><metadaten><jurabk>MedCanG</jurabk><enbez>§ 8</enbez><titel format="XML">Änderung von Angaben im Antrag</titel></metadaten><textdaten><text format="XML"><Content><P>(1) Personen, denen eine Erlaubnis nach § 4 erteilt ist, haben jede Änderung der in § 7 Absatz 2 genannten Angaben und Nachweise dem Bundesinstitut für Arzneimittel und Medizinprodukte unverzüglich mitzuteilen.</P><P>(2) Das Bundesinstitut für Arzneimittel und Medizinprodukte entscheidet nach eigenem Ermessen, ob es einer Änderung der erteilten Erlaubnis oder der Neuerteilung der Erlaubnis bedarf. Wird die erteilte Erlaubnis geändert, unterrichtet das Bundesinstitut für Arzneimittel und Medizinprodukte die zuständige oberste Landesbehörde unverzüglich über diese Änderung.</P></Content></text></textdaten></norm>
<norm builddate="20240625214504" doknr="BJNR06D0C0024BJNE001000000"><metadaten><jurabk>MedCanG</jurabk><enbez>§ 9</enbez><titel format="XML">Versagung der Erlaubnis</titel></metadaten><textdaten><text format="XML"><Content><P>(1) Die Erlaubnis nach § 4 ist zu versagen, wenn <DL Type="arabic"><DT>1.</DT><DD Font="normal"><LA>nicht gewährleistet ist, dass in der Betriebsstätte, für die der Antrag auf Erlaubnis gestellt wurde, eine verantwortliche Person bestellt wird; die den Antrag auf Erlaubnis stellende Person kann selbst die Stelle einer verantwortlichen Person einnehmen,</LA></DD><DT>2.</DT><DD Font="normal"><LA>nicht gewährleistet ist, dass, sofern weitere Betriebsstätten in nicht benachbarten Gemeinden bestehen, in jeder dieser Betriebsstätten eine verantwortliche Person bestellt wird,</LA></DD><DT>3.</DT><DD Font="normal"><LA>die verantwortliche Person nicht die erforderliche Sachkenntnis hat oder die ihr obliegenden Verpflichtungen nicht ständig erfüllen kann,</LA></DD><DT>4.</DT><DD Font="normal"><LA>Tatsachen vorliegen, aus denen sich Bedenken ergeben <DL Type="alpha"><DT>a)</DT><DD Font="normal"><LA>gegen die Zuverlässigkeit der verantwortlichen Person, der antragstellenden Person oder ihrer gesetzlichen Vertreterin oder ihres gesetzlichen Vertreters oder</LA></DD><DT>b)</DT><DD Font="normal"><LA>bei juristischen Personen oder nicht rechtsfähigen Personenvereinigungen gegen die Zuverlässigkeit der nach Gesetz, Satzung oder Gesellschaftsvertrag zur Vertretung oder Geschäftsführung Berechtigten,</LA></DD></DL></LA></DD><DT>5.</DT><DD Font="normal"><LA>Tatsachen vorliegen, die den Verdacht begründen, dass das Cannabis zu medizinischen Zwecken oder das Cannabis zu medizinisch-wissenschaftlichen Zwecken bei der Versendung in eine Postsendung eingelegt werden soll, obwohl diese Versendung durch den Weltpostvertrag oder ein Abkommen des Weltpostvereins verboten ist, oder</LA></DD><DT>6.</DT><DD Font="normal"><LA>bei Beanstandung der vorgelegten Antragsunterlagen durch die zuständige Behörde einem Mangel nicht innerhalb der gesetzten Frist abgeholfen wird.</LA></DD></DL></P><P>(2) Die Erlaubnis nach § 4 kann versagt werden, wenn <DL Type="arabic"><DT>1.</DT><DD Font="normal"><LA>sie den Regelungen der internationalen Suchtstoffübereinkommen entgegensteht,</LA></DD><DT>2.</DT><DD Font="normal"><LA>sie den Beschlüssen, Anordnungen oder Empfehlungen zwischenstaatlicher Einrichtungen der Suchtstoffkontrolle entgegensteht oder</LA></DD><DT>3.</DT><DD Font="normal"><LA>die Versagung der Erlaubnis wegen Rechtsakten der Europäischen Union geboten ist.</LA></DD></DL></P></Content></text></textdaten></norm>
<norm builddate="20240625214504" doknr="BJNR06D0C0024BJNE001100000"><metadaten><jurabk>MedCanG</jurabk><enbez>§ 10</enbez><titel format="XML">Befristung der Erlaubnis; Auflagen und Beschränkungen</titel></metadaten><textdaten><text format="XML"><Content><P>Wenn eine Erlaubnis den Regelungen der internationalen Suchtstoffübereinkommen oder den Beschlüssen, Anordnungen oder Empfehlungen zwischenstaatlicher Einrichtungen der Suchtstoffkontrolle entgegensteht oder es wegen Rechtsakten der Europäischen Union geboten ist oder wenn dies zur Sicherheit oder Kontrolle des Verkehrs mit Cannabis zu medizinischen Zwecken oder Cannabis zu medizinisch-wissenschaftlichen Zwecken erforderlich ist, kann die Erlaubnis <DL Type="arabic"><DT>1.</DT><DD Font="normal"><LA>befristet, mit Bedingungen erlassen oder mit Auflagen verbunden werden oder</LA></DD><DT>2.</DT><DD Font="normal"><LA>nach ihrer Erteilung geändert oder mit sonstigen Beschränkungen oder Auflagen versehen werden.</LA></DD></DL></P></Content></text></textdaten></norm>
<norm builddate="20240625214504" doknr="BJNR06D0C0024BJNE001200000"><metadaten><jurabk>MedCanG</jurabk><enbez>§ 11</enbez><titel format="XML">Widerruf der Erlaubnis</titel></metadaten><textdaten><text format="XML"><Content><P>(1) Die Erlaubnis kann auch widerrufen werden, wenn von ihr innerhalb eines Zeitraumes von zwei Kalenderjahren kein Gebrauch gemacht worden ist. Der Zeitraum kann verlängert werden, wenn ein berechtigtes Interesse glaubhaft gemacht wird.</P><P>(2) Im Fall der Rücknahme oder des Widerrufs der Erlaubnis unterrichtet das Bundesinstitut für Arzneimittel und Medizinprodukte unverzüglich die zuständige oberste Landesbehörde.</P></Content></text></textdaten></norm>
<norm builddate="20240625214504" doknr="BJNR06D0C0024BJNG000500000"><metadaten><jurabk>MedCanG</jurabk><gliederungseinheit><gliederungskennzahl>030020</gliederungskennzahl><gliederungsbez>Abschnitt 2</gliederungsbez><gliederungstitel>Genehmigung zur Einfuhr und Ausfuhr; Durchfuhr</gliederungstitel></gliederungseinheit></metadaten><textdaten/></norm>
<norm builddate="20240625214504" doknr="BJNR06D0C0024BJNE001300000"><metadaten><jurabk>MedCanG</jurabk><enbez>§ 12</enbez><titel format="XML">Genehmigung zur Einfuhr und Ausfuhr</titel></metadaten><textdaten><text format="XML"><Content><P>Wer Cannabis zu medizinischen Zwecken oder Cannabis zu medizinisch-wissenschaftlichen Zwecken im Einzelfall in den Geltungsbereich dieses Gesetzes einführen oder aus dem Geltungsbereich dieses Gesetzes ausführen will, bedarf dazu neben der Erlaubnis nach § 4 einer Genehmigung des Bundesinstituts für Arzneimittel und Medizinprodukte.</P></Content></text></textdaten></norm>
<norm builddate="20240625214504" doknr="BJNR06D0C0024BJNE001400000"><metadaten><jurabk>MedCanG</jurabk><enbez>§ 13</enbez><titel format="XML">Durchfuhr</titel></metadaten><textdaten><text format="XML"><Content><P>Die Durchfuhr von Cannabis zu medizinischen Zwecken oder von Cannabis zu medizinisch-wissenschaftlichen Zwecken durch den Geltungsbereich dieses Gesetzes ist nur unter zollamtlicher Überwachung zulässig <DL Type="arabic"><DT>1.</DT><DD Font="normal"><LA>ohne weiteren als den durch die Beförderung oder den Umschlag bedingten Aufenthalt und</LA></DD><DT>2.</DT><DD Font="normal"><LA>ohne, dass das durchzuführende Cannabis zu medizinischen Zwecken oder das durchzuführende Cannabis zu medizinisch-wissenschaftlichen Zwecken während des Verbringens der durchführenden oder einer anderen dritten Person tatsächlich zur Verfügung steht.</LA></DD></DL>Während der Durchfuhr darf das durchzuführende Cannabis zu medizinischen Zwecken oder das durchzuführende Cannabis zu medizinisch-wissenschaftlichen Zwecken keiner Behandlung unterzogen werden, die geeignet ist, die Beschaffenheit, die Kennzeichnung, die Verpackung oder die Markierungen zu verändern.</P></Content></text></textdaten></norm>
<norm builddate="20240625214504" doknr="BJNR06D0C0024BJNE001500000"><metadaten><jurabk>MedCanG</jurabk><enbez>§ 14</enbez><titel format="XML">Geltung der Betäubungsmittel-Außenhandelsverordnung</titel></metadaten><textdaten><text format="XML"><Content><P>Auf das Verfahren über die Erteilung einer Genehmigung nach § 12 und die Einfuhr, Ausfuhr und Durchfuhr von Cannabis zu medizinischen Zwecken oder von Cannabis zu medizinisch-wissenschaftlichen Zwecken finden die Vorschriften der Betäubungsmittel-Außenhandelsverordnung vom 16. Dezember 1981 (BGBl. I S. 1420), die zuletzt durch Artikel 2 des Gesetzes vom 6. März 2017 (BGBl. I S. 403) geändert worden ist, mit der Maßgabe entsprechende Anwendung, dass § 15 Absatz 1 Nummer 2 der Betäubungsmittel-Außenhandelsverordnung auch auf Cannabis zu medizinischen Zwecken in Form von getrockneten Blüten Anwendung findet.</P></Content></text></textdaten></norm>
<norm builddate="20240625214504" doknr="BJNR06D0C0024BJNG000600000"><metadaten><jurabk>MedCanG</jurabk><gliederungseinheit><gliederungskennzahl>030030</gliederungskennzahl><gliederungsbez>Abschnitt 3</gliederungsbez><gliederungstitel>Abgabe und Erwerb</gliederungstitel></gliederungseinheit></metadaten><textdaten/></norm>
<norm builddate="20240625214504" doknr="BJNR06D0C0024BJNE001600000"><metadaten><jurabk>MedCanG</jurabk><enbez>§ 15</enbez><titel format="XML">Abgabe und Erwerb</titel></metadaten><textdaten><text format="XML"><Content><P>Cannabis zu medizinischen Zwecken oder Cannabis zu medizinisch-wissenschaftlichen Zwecken darf nur von befugten Teilnehmerinnen und Teilnehmern am Verkehr mit Cannabis zu medizinischen Zwecken oder mit Cannabis zu medizinisch-wissenschaftlichen Zwecken abgegeben und erworben werden.</P></Content></text></textdaten></norm>
<norm builddate="20240625214504" doknr="BJNR06D0C0024BJNG000700000"><metadaten><jurabk>MedCanG</jurabk><gliederungseinheit><gliederungskennzahl>030040</gliederungskennzahl><gliederungsbez>Abschnitt 4</gliederungsbez><gliederungstitel>Aufzeichnungen und Meldungen</gliederungstitel></gliederungseinheit></metadaten><textdaten/></norm>
<norm builddate="20240625214504" doknr="BJNR06D0C0024BJNE001700000"><metadaten><jurabk>MedCanG</jurabk><enbez>§ 16</enbez><titel format="XML">Aufzeichnungen und Meldungen</titel></metadaten><textdaten><text format="XML"><Content><P>(1) Personen, denen eine Erlaubnis nach § 4 erteilt ist, sind verpflichtet, fortlaufend Aufzeichnungen zu führen, getrennt für jede Betriebsstätte und für jede Art an Cannabis zu medizinischen oder Cannabis zu medizinisch-wissenschaftlichen Zwecken. Die Aufzeichnungen müssen folgende Angaben enthalten: <DL Type="arabic"><DT>1.</DT><DD Font="normal"><LA>das Datum,</LA></DD><DT>2.</DT><DD Font="normal"><LA>die zugegangene oder die abgegangene Menge und den sich daraus ergebenden Bestand,</LA></DD><DT>3.</DT><DD Font="normal"><LA>im Fall der Ein- oder Ausfuhr Name und Anschrift des im Ausland ansässigen Ausführenden oder des im Ausland ansässigen Einführenden sowie gegebenenfalls Name und Anschrift der jeweiligen Firma,</LA></DD><DT>4.</DT><DD Font="normal"><LA>im Fall des Anbaus die Anbaufläche nach Lage und Größe sowie das Datum der Aussaat,</LA></DD><DT>5.</DT><DD Font="normal"><LA>im Fall des Herstellens zusätzlich die Angabe des eingesetzten Cannabis zu medizinischen Zwecken oder Cannabis zu medizinisch-wissenschaftlichen Zwecken und die Produktausbeute.</LA></DD></DL></P><P>(2) Die Aufzeichnungen nach Absatz 1 sind drei Jahre aufzubewahren.</P><P>(3) Personen, denen eine Erlaubnis nach § 4 erteilt ist, sind verpflichtet, dem Bundesinstitut für Arzneimittel und Medizinprodukte getrennt für jede Betriebsstätte die jeweilige Menge an Cannabis zu medizinischen Zwecken und die jeweilige Menge an Cannabis zu medizinisch-wissenschaftlichen Zwecken zu melden, die <DL Type="arabic"><DT>1.</DT><DD Font="normal"><LA>beim Anbau gewonnen wurde, unter Angabe der Anbaufläche nach Lage und Größe,</LA></DD><DT>2.</DT><DD Font="normal"><LA>zur Herstellung von Dronabinol eingesetzt wurde, sowie die hergestellten Mengen Dronabinol, aufgeschlüsselt nach dem Herstellungsweg,</LA></DD><DT>3.</DT><DD Font="normal"><LA>zur Herstellung von Zubereitungen verwendet wurde, sowie die summierten Mengen Tetrahydrocannabinol, die in den hergestellten Zubereitungen enthalten sind, und</LA></DD><DT>4.</DT><DD Font="normal"><LA>am Ende des jeweiligen Kalenderjahres als Bestand vorhanden war.</LA></DD></DL>Die Meldungen sind dem Bundesinstitut für Arzneimittel und Medizinprodukte jeweils bis zum 31. Januar für das vergangene Kalenderjahr elektronisch zu übermitteln. Dabei sind die Formvorgaben des Bundesinstituts für Arzneimittel und Medizinprodukte zu beachten.</P><P>(4) Die in den Aufzeichnungen nach Absatz 1 und den Meldungen nach Absatz 3 anzugebenden Mengen sind <DL Type="arabic"><DT>1.</DT><DD Font="normal"><LA>bei Stoffen und nicht abgeteilten Zubereitungen die Gewichtsmenge und</LA></DD><DT>2.</DT><DD Font="normal"><LA>bei abgeteilten Zubereitungen die Stückzahl.</LA></DD></DL></P></Content></text></textdaten></norm>
<norm builddate="20240625214504" doknr="BJNR06D0C0024BJNG000800000"><metadaten><jurabk>MedCanG</jurabk><gliederungseinheit><gliederungskennzahl>040</gliederungskennzahl><gliederungsbez>Kapitel 4</gliederungsbez><gliederungstitel>Überwachung; Berichtspflicht</gliederungstitel></gliederungseinheit></metadaten><textdaten/></norm>
<norm builddate="20240625214504" doknr="BJNR06D0C0024BJNG000900000"><metadaten><jurabk>MedCanG</jurabk><gliederungseinheit><gliederungskennzahl>040010</gliederungskennzahl><gliederungsbez>Abschnitt 1</gliederungsbez><gliederungstitel>Überwachung</gliederungstitel></gliederungseinheit></metadaten><textdaten/></norm>
<norm builddate="20240625214504" doknr="BJNR06D0C0024BJNE001800000"><metadaten><jurabk>MedCanG</jurabk><enbez>§ 17</enbez><titel format="XML">Zuständige Behörden</titel></metadaten><textdaten><text format="XML"><Content><P>(1) Der Verkehr mit Cannabis zu medizinischen Zwecken oder mit Cannabis zu medizinisch-wissenschaftlichen Zwecken unterliegt der Überwachung durch das Bundesinstitut für Arzneimittel und Medizinprodukte und die von diesem beauftragten Personen. Abweichend von Satz 1 unterliegt der Verkehr durch Ärztinnen und Ärzte und Apotheken der Überwachung durch die zuständigen Behörden der Länder. Den zuständigen Behörden und den von diesen mit der Überwachung beauftragten Personen stehen die in den §§ 18 und 19 geregelten Befugnisse zu.</P><P>(2) Der Anbau von Cannabis zu medizinischen Zwecken im Geltungsbereich dieses Gesetzes unterliegt der Kontrolle des Bundesinstituts für Arzneimittel und Medizinprodukte. Dieses nimmt die Aufgaben einer staatlichen Stelle nach Artikel 23 Absatz 2 Buchstabe d und Artikel 28 Absatz 1 des Einheits-Übereinkommens von 1961 über Suchtstoffe wahr.</P></Content></text></textdaten></norm>
<norm builddate="20240625214504" doknr="BJNR06D0C0024BJNE001900000"><metadaten><jurabk>MedCanG</jurabk><enbez>§ 18</enbez><titel format="XML">Überwachung des Verkehrs mit Cannabis zu medizinischen Zwecken oder Cannabis zu medizinisch-wissenschaftlichen Zwecken</titel></metadaten><textdaten><text format="XML"><Content><P>(1) Die zuständige Behörde und die von dieser mit der Überwachung beauftragten Personen sind befugt, <DL Type="arabic"><DT>1.</DT><DD Font="normal"><LA>Unterlagen über den Verkehr mit Cannabis zu medizinischen Zwecken oder mit Cannabis zu medizinisch-wissenschaftlichen Zwecken einzusehen und hieraus Abschriften oder Ablichtungen anzufertigen, soweit die Unterlagen für die Sicherheit oder Kontrolle des Verkehrs mit Cannabis zu medizinischen Zwecken oder mit Cannabis zu medizinisch-wissenschaftlichen Zwecken von Bedeutung sein können,</LA></DD><DT>2.</DT><DD Font="normal"><LA>von natürlichen und juristischen Personen und nicht rechtsfähigen Personenvereinigungen alle Auskünfte zu verlangen, die zur Überwachung des Verkehrs mit Cannabis zu medizinischen Zwecken oder mit Cannabis zu medizinisch-wissenschaftlichen Zwecken erforderlich sind,</LA></DD><DT>3.</DT><DD Font="normal"><LA>geschäftlich genutzte Grundstücke, Gebäude, Gebäudeteile und Einrichtungen, in denen der Verkehr mit Cannabis zu medizinischen Zwecken oder mit Cannabis zu medizinisch-wissenschaftlichen Zwecken erfolgt, zu den üblichen Geschäfts- und Betriebszeiten zu betreten, um die Einhaltung der Vorgaben dieses Gesetzes zu prüfen,</LA></DD><DT>4.</DT><DD Font="normal"><LA>soweit es zur Verhütung dringender Gefahren für die Sicherheit oder Kontrolle des Verkehrs mit Cannabis zu medizinischen Zwecken oder mit Cannabis zu medizinisch-wissenschaftlichen Zwecken geboten ist, vorläufig <DL Type="alpha"><DT>a)</DT><DD Font="normal"><LA>die weitere Teilnahme am Verkehr mit Cannabis zu medizinischen Zwecken oder mit Cannabis zu medizinisch-wissenschaftlichen Zwecken ganz oder teilweise zu untersagen und</LA></DD><DT>b)</DT><DD Font="normal"><LA>die Bestände an Cannabis zu medizinischen Zwecken oder an Cannabis zu medizinisch-wissenschaftlichen Zwecken unter amtlichen Verschluss zu nehmen.</LA></DD></DL></LA></DD></DL>Über eine vorläufige Anordnung nach Satz 1 Nummer 4 hat die zuständige Behörde innerhalb von einem Monat nach Erlass der vorläufigen Anordnung endgültig zu entscheiden.</P><P>(2) Das Bundesministerium der Finanzen und die von ihm bestimmten Zollstellen wirken bei der Überwachung der Einfuhr, Ausfuhr und Durchfuhr von Cannabis zu medizinischen Zwecken und von Cannabis zu medizinisch-wissenschaftlichen Zwecken mit.</P><P>(3) Bei Verdacht von Verstößen gegen Verbote und Beschränkungen dieses Gesetzes, die sich bei der Zollabfertigung ergeben, unterrichten die nach Absatz 2 mitwirkenden Behörden unverzüglich das Bundesinstitut für Arzneimittel und Medizinprodukte.</P></Content></text></textdaten></norm>
<norm builddate="20240625214504" doknr="BJNR06D0C0024BJNE002000000"><metadaten><jurabk>MedCanG</jurabk><enbez>§ 19</enbez><titel format="XML">Probenahme</titel></metadaten><textdaten><text format="XML"><Content><P>(1) Soweit es zur Erfüllung der Anforderungen dieses Gesetzes über den Verkehr mit Cannabis zu medizinischen Zwecken oder mit Cannabis zu medizinisch-wissenschaftlichen Zwecken erforderlich ist, sind die zuständigen Behörden und die von diesen mit der Überwachung beauftragten Personen befugt, gegen Empfangsbestätigung Proben des Cannabis zu medizinischen Zwecken und des Cannabis zu medizinisch-wissenschaftlichen Zwecken nach ihrer Auswahl zum Zweck der Untersuchung zu fordern oder zu entnehmen. Sofern nicht ausdrücklich darauf verzichtet wird, ist ein Teil der Probe oder, sofern die Probe nicht oder ohne Gefährdung des Untersuchungszwecks nicht in Teile von gleicher Qualität teilbar ist, ein zweites Stück der gleichen Art wie das als Probe entnommene zurückzulassen.</P><P>(2) Zurückzulassende Teile der Proben oder zurückzulassende Stücke sind amtlich zu verschließen oder zu versiegeln. Sie sind mit dem Datum der Probenahme und dem Datum des Tages zu versehen, nach dessen Ablauf der Verschluss oder die Versiegelung als aufgehoben gilt.</P><P>(3) Für entnommene Proben ist eine angemessene Entschädigung zu leisten, sofern nicht ausdrücklich darauf verzichtet wird.</P></Content></text></textdaten></norm>
<norm builddate="20240625214504" doknr="BJNR06D0C0024BJNE002100000"><metadaten><jurabk>MedCanG</jurabk><enbez>§ 20</enbez><titel format="XML">Duldungs- und Mitwirkungspflicht</titel></metadaten><textdaten><text format="XML"><Content><P>(1) Teilnehmerinnen und Teilnehmer am Verkehr mit Cannabis zu medizinischen Zwecken oder mit Cannabis zu medizinisch-wissenschaftlichen Zwecken sind verpflichtet, die Maßnahmen nach den §§ 18 und 19 zu dulden und die zuständigen Behörden und die von diesen mit der Überwachung beauftragten Personen bei der Erfüllung ihrer Aufgaben zu unterstützen.</P><P>(2) Teilnehmerinnen und Teilnehmer am Verkehr mit Cannabis zu medizinischen Zwecken oder mit Cannabis zu medizinisch-wissenschaftlichen Zwecken haben der zuständigen Behörde und den von dieser beauftragten Personen auf Verlangen Auskünfte, die zur Erfüllung der Aufgaben nach § 18 erforderlich sind, zu erteilen. Die zur Auskunft verpflichtete Person kann die Auskunft auf Fragen verweigern, wenn die Beantwortung sie selbst oder einen ihrer Angehörigen im Sinne von § 11 Absatz 1 Nummer 1 des Strafgesetzbuches der Gefahr strafrechtlicher Verfolgung oder eines Verfahrens nach dem Gesetz über Ordnungswidrigkeiten aussetzen würde. Sie ist über ihr Recht zur Auskunftsverweigerung zu belehren.</P></Content></text></textdaten></norm>
<norm builddate="20240625214504" doknr="BJNR06D0C0024BJNE002200000"><metadaten><jurabk>MedCanG</jurabk><enbez>§ 21</enbez><titel format="XML">Sicherungsanordnung</titel></metadaten><textdaten><text format="XML"><Content><P>(1) Cannabis zu medizinischen Zwecken und Cannabis zu medizinisch-wissenschaftlichen Zwecken ist durch geeignete Maßnahmen und Sicherheitsvorkehrungen vor dem Zugriff durch unbefugte Personen zu schützen.</P><P>(2) Das Bundesinstitut für Arzneimittel und Medizinprodukte kann im Einzelfall Maßnahmen zur Sicherung vor dem Zugriff durch unbefugte Personen gegenüber befugten Teilnehmerinnen und Teilnehmern am Verkehr mit Cannabis zu medizinischen Zwecken oder mit Cannabis zu medizinisch-wissenschaftlichen Zwecken anordnen, soweit diese das Cannabis zu medizinischen Zwecken oder das Cannabis zu medizinisch-wissenschaftlichen Zwecken nicht ausreichend gegen den Zugriff unbefugter Personen gesichert haben und soweit es zur Verhinderung von Gefahren für die öffentliche Sicherheit und Ordnung erforderlich ist.</P></Content></text></textdaten></norm>
<norm builddate="20240625214504" doknr="BJNR06D0C0024BJNE002300000"><metadaten><jurabk>MedCanG</jurabk><enbez>§ 22</enbez><titel format="XML">Bundeswehr, Bundespolizei, Bereitschaftspolizei und Zivilschutz</titel></metadaten><textdaten><text format="XML"><Content><P>(1) Dieses Gesetz findet mit Ausnahme der Vorschriften über die Erlaubnis nach § 4 entsprechend Anwendung auf <DL Type="arabic"><DT>1.</DT><DD Font="normal"><LA>Einrichtungen, die der Versorgung der Bundeswehr und der Bundespolizei mit Cannabis zu medizinischen Zwecken dienen,</LA></DD><DT>2.</DT><DD Font="normal"><LA>Einrichtungen, die der Versorgung der Bereitschaftspolizeien der Länder mit Cannabis zu medizinischen Zwecken dienen, sowie</LA></DD><DT>3.</DT><DD Font="normal"><LA>die Bevorratung mit Cannabis zu medizinischen Zwecken für den Zivilschutz.</LA></DD></DL></P><P>(2) In den Bereichen der Bundeswehr und der Bundespolizei obliegt der Vollzug dieses Gesetzes und die Überwachung des Verkehrs mit Cannabis zu medizinischen Zwecken den jeweils zuständigen Stellen und Sachverständigen der Bundeswehr und der Bundespolizei. Im Bereich des Zivilschutzes obliegt der Vollzug dieses Gesetzes den für die Sanitätsmaterialbevorratung zuständigen Bundes- und Landesbehörden.</P><P>(3) Das Bundesministerium der Verteidigung kann für seinen Geschäftsbereich im Einvernehmen mit dem Bundesministerium für Gesundheit in Einzelfällen Ausnahmen von diesem Gesetz und den auf Grund dieses Gesetzes erlassenen Rechtsverordnungen zulassen, soweit die internationalen Suchtstoffübereinkommen dem nicht entgegenstehen und soweit zwingende Gründe der Verteidigung dies erfordern.</P></Content></text></textdaten></norm>
<norm builddate="20240625214504" doknr="BJNR06D0C0024BJNG001000000"><metadaten><jurabk>MedCanG</jurabk><gliederungseinheit><gliederungskennzahl>040020</gliederungskennzahl><gliederungsbez>Abschnitt 2</gliederungsbez><gliederungstitel>Jahresbericht an die Vereinten Nationen</gliederungstitel></gliederungseinheit></metadaten><textdaten/></norm>
<norm builddate="20240625214504" doknr="BJNR06D0C0024BJNE002400000"><metadaten><jurabk>MedCanG</jurabk><enbez>§ 23</enbez><titel format="XML">Jahresbericht an die Vereinten Nationen</titel></metadaten><textdaten><text format="XML"><Content><P>Die zuständigen Behörden der Länder wirken bei der Erstellung des Jahresberichtes der Bundesregierung über die Durchführung der internationalen Suchtstoffübereinkommen an den Generalsekretär der Vereinten Nationen gemäß § 28 Absatz 1 des Betäubungsmittelgesetzes mit und reichen ihre Beiträge bis zum 31. März für das vorangegangene Kalenderjahr bei dem Bundesinstitut für Arzneimittel und Medizinprodukte ein. Soweit die im Formblatt geforderten Angaben nicht ermittelt werden können, sind sie zu schätzen.</P></Content></text></textdaten></norm>
<norm builddate="20240625214504" doknr="BJNR06D0C0024BJNG001100000"><metadaten><jurabk>MedCanG</jurabk><gliederungseinheit><gliederungskennzahl>050</gliederungskennzahl><gliederungsbez>Kapitel 5</gliederungsbez><gliederungstitel>Kinder- und Jugendschutz</gliederungstitel></gliederungseinheit></metadaten><textdaten/></norm>
<norm builddate="20240625214504" doknr="BJNR06D0C0024BJNE002500000"><metadaten><jurabk>MedCanG</jurabk><enbez>§ 24</enbez><titel format="XML">Kinder- und Jugendschutz im öffentlichen Raum</titel></metadaten><textdaten><text format="XML"><Content><P>§ 5 Absatz 2 des Konsumcannabisgesetzes gilt entsprechend für den öffentlichen Konsum von Cannabis zu medizinischen Zwecken mittels Inhalation.</P></Content></text></textdaten></norm>
<norm builddate="20240625214504" doknr="BJNR06D0C0024BJNG001200000"><metadaten><jurabk>MedCanG</jurabk><gliederungseinheit><gliederungskennzahl>060</gliederungskennzahl><gliederungsbez>Kapitel 6</gliederungsbez><gliederungstitel>Straf- und Bußgeldvorschriften</gliederungstitel></gliederungseinheit></metadaten><textdaten/></norm>
<norm builddate="20240625214504" doknr="BJNR06D0C0024BJNG001300000"><metadaten><jurabk>MedCanG</jurabk><gliederungseinheit><gliederungskennzahl>060010</gliederungskennzahl><gliederungsbez>Abschnitt 1</gliederungsbez><gliederungstitel>Strafvorschriften</gliederungstitel></gliederungseinheit></metadaten><textdaten/></norm>
<norm builddate="20240625214504" doknr="BJNR06D0C0024BJNE002601130"><metadaten><jurabk>MedCanG</jurabk><enbez>§ 25</enbez><titel format="XML">Strafvorschriften</titel></metadaten><textdaten><text format="XML"><Content><P>(1) Mit Freiheitsstrafe bis zu drei Jahren oder mit Geldstrafe wird bestraft, wer <DL Type="arabic"><DT>1.</DT><DD Font="normal"><LA>unrichtige oder unvollständige Angaben macht, um für sich oder einen anderen eine ärztliche Verschreibung von Cannabis zu medizinischen Zwecken zu erlangen,</LA></DD><DT>2.</DT><DD Font="normal"><LA>entgegen § 3 Absatz 1 Cannabis zu medizinischen Zwecken verschreibt, entgegen § 3 Absatz 2 Cannabis zu medizinischen Zwecken ohne ärztliche Verschreibung abgibt oder entgegen § 3 Absatz 1 oder Absatz 3 Cannabis zu medizinischen Zwecken oder Cannabis zu medizinisch-wissenschaftlichen Zwecken verabreicht oder einem anderen zum unmittelbaren Verbrauch überlässt,</LA></DD><DT>3.</DT><DD Font="normal"><LA>ohne Erlaubnis nach § 4 und ohne nach den §§ 5 oder 22 von der Erlaubnispflicht ausgenommen zu sein, Cannabis zu medizinischen Zwecken oder Cannabis zu medizinisch-wissenschaftlichen Zwecken <DL Type="alpha"><DT>a)</DT><DD Font="normal"><LA>anbaut,</LA></DD><DT>b)</DT><DD Font="normal"><LA>herstellt,</LA></DD><DT>c)</DT><DD Font="normal"><LA>einführt oder ausführt,</LA></DD><DT>d)</DT><DD Font="normal"><LA>abgibt,</LA></DD><DT>e)</DT><DD Font="normal"><LA>sonst in den Verkehr bringt,</LA></DD><DT>f)</DT><DD Font="normal"><LA>sich verschafft,</LA></DD><DT>g)</DT><DD Font="normal"><LA>erwirbt oder</LA></DD><DT>h)</DT><DD Font="normal"><LA>mit Cannabis zu medizinischen Zwecken oder Cannabis zu medizinisch-wissenschaftlichen Zwecken Handel treibt,</LA></DD></DL></LA></DD><DT>4.</DT><DD Font="normal"><LA>Cannabis zu medizinischen Zwecken oder Cannabis zu medizinisch-wissenschaftlichen Zwecken besitzt, ohne zugleich im Besitz einer Erlaubnis nach § 4 für den Erwerb oder ohne nach § 5 oder § 22 von der Erlaubnispflicht ausgenommen zu sein, oder</LA></DD><DT>5.</DT><DD Font="normal"><LA>entgegen § 13 Cannabis zu medizinischen Zwecken oder Cannabis zu medizinisch-wissenschaftlichen Zwecken durchführt.</LA></DD></DL></P><P>(2) Absatz 1 Nummer 3 Buchstabe a und g und Nummer 4 findet keine Anwendung in den Fällen, in denen der Täter <DL Type="arabic"><DT>1.</DT><DD Font="normal"><LA>nicht mehr als die folgenden Mengen an Cannabis zu medizinischen Zwecken oder an Cannabis zu medizinisch-wissenschaftlichen Zwecken, jeweils bei Blüten, blütennahen Blättern oder sonstigem Pflanzenmaterial bezogen auf das Gewicht nach dem Trocknen, besitzt: <DL Type="alpha"><DT>a)</DT><DD Font="normal"><LA>30 Gramm an einem Ort, der nicht sein Wohnsitz oder sein gewöhnlicher Aufenthalt ist, oder</LA></DD><DT>b)</DT><DD Font="normal"><LA>insgesamt 60 Gramm,</LA></DD></DL></LA></DD><DT>2.</DT><DD Font="normal"><LA>nicht mehr als die folgenden Mengen an Cannabis zu medizinischen Zwecken oder an Cannabis zu medizinisch-wissenschaftlichen Zwecken erwirbt: <DL Type="alpha"><DT>a)</DT><DD Font="normal"><LA>25 Gramm am Tag,</LA></DD><DT>b)</DT><DD Font="normal"><LA>50 Gramm im Kalendermonat oder</LA></DD></DL></LA></DD><DT>3.</DT><DD Font="normal"><LA>nicht mehr als drei lebende Cannabispflanzen gleichzeitig anbaut.</LA></DD></DL></P><P>(3) In den Fällen des Absatzes 1 Nummer 1, 2, 3 und 5 ist der Versuch strafbar.</P><P>(4) In besonders schweren Fällen ist die Strafe Freiheitsstrafe von drei Monaten bis zu fünf Jahren. Ein besonders schwerer Fall liegt in der Regel vor, wenn der Täter <DL Type="arabic"><DT>1.</DT><DD Font="normal"><LA>in den Fällen des Absatzes 1 Nummer 1, 2, 3 Buchstabe a bis e oder Buchstabe h oder Nummer 5 gewerbsmäßig handelt,</LA></DD><DT>2.</DT><DD Font="normal"><LA>durch eine der in Absatz 1 Nummer 1, 2, 3 Buchstabe a bis e oder Buchstabe h bezeichneten Handlungen die Gesundheit mehrerer Menschen gefährdet,</LA></DD><DT>3.</DT><DD Font="normal"><LA>als Person über 21 Jahre <DL Type="alpha"><DT>a)</DT><DD Font="normal"><LA>eine in Absatz 1 Nummer 2 oder Nummer 3 Buchstabe d genannte Handlung begeht und dabei Cannabis zu medizinischen Zwecken oder Cannabis zu medizinisch-wissenschaftlichen Zwecken an ein Kind oder einen Jugendlichen abgibt, zum unmittelbaren Verbrauch überlässt oder verabreicht oder</LA></DD><DT>b)</DT><DD Font="normal"><LA>ein Kind oder einen Jugendlichen bestimmt, eine in Absatz 1 Nummer 3 Buchstabe a, f oder Buchstabe g genannte Handlung zu begehen oder zu fördern, oder</LA></DD></DL></LA></DD><DT>4.</DT><DD Font="normal"><LA>eine Straftat nach Absatz 1 begeht und sich die Handlung auf eine nicht geringe Menge bezieht.</LA></DD></DL></P><P>(5) Mit Freiheitsstrafe nicht unter zwei Jahren, in minder schweren Fällen mit Freiheitsstrafe von drei Monaten bis zu fünf Jahren wird bestraft, wer <DL Type="arabic"><DT>1.</DT><DD Font="normal"><LA>im Fall des Absatzes 4 Satz 2 Nummer 3 Buchstabe a gewerbsmäßig handelt,</LA></DD><DT>2.</DT><DD Font="normal"><LA>als Person über 21 Jahre eine Person unter 18 Jahren bestimmt, eine in Absatz 1 Nummer 2, 3 Buchstabe c bis e oder Buchstabe h genannte Handlung zu begehen oder eine solche Handlung zu fördern,</LA></DD><DT>3.</DT><DD Font="normal"><LA>eine in Absatz 1 Nummer 3 Buchstabe a bis c oder Buchstabe h genannte Handlung begeht, die sich auf eine nicht geringe Menge bezieht, und dabei als Mitglied einer Bande handelt, die sich zur fortgesetzten Begehung solcher Taten verbunden hat, oder</LA></DD><DT>4.</DT><DD Font="normal"><LA>eine in Absatz 1 Nummer 3 Buchstabe c, f oder Buchstabe h genannte Handlung begeht, die sich auf eine nicht geringe Menge bezieht und dabei eine Schusswaffe oder einen sonstigen Gegenstand mit sich führt, der seiner Art nach zur Verletzung von Personen geeignet und bestimmt ist.</LA></DD></DL></P><P>(6) Handelt der Täter in den Fällen des Absatzes 1 Nummer 2, 3 oder Nummer 5 fahrlässig, so ist die Strafe Freiheitsstrafe bis zu einem Jahr oder Geldstrafe.</P></Content></text><fussnoten/></textdaten></norm>
<norm builddate="20240625214504" doknr="BJNR06D0C0024BJNE002700000"><metadaten><jurabk>MedCanG</jurabk><enbez>§ 26</enbez><titel format="XML">Strafmilderung und Absehen von Strafe</titel></metadaten><textdaten><text format="XML"><Content><P>Das Gericht kann die Strafe nach § 49 Absatz 1 des Strafgesetzbuches mildern oder, wenn der Täter keine Freiheitsstrafe von mehr als drei Jahren verwirkt hat, von der Strafe absehen, wenn der Täter <DL Type="arabic"><DT>1.</DT><DD Font="normal"><LA>durch freiwilliges Offenbaren seines Wissens wesentlich dazu beigetragen hat, dass eine Straftat nach § 25, die mit seiner Tat im Zusammenhang steht, aufgedeckt werden konnte, oder</LA></DD><DT>2.</DT><DD Font="normal"><LA>freiwillig sein Wissen so rechtzeitig einer Dienststelle offenbart, dass eine Straftat nach § 25 Absatz 4 oder Absatz 5, die mit seiner Tat in Zusammenhang steht und von deren Planung er weiß, noch verhindert werden kann.</LA></DD></DL>War der Täter an der Tat beteiligt, muss sich sein Beitrag zur Aufklärung nach Satz 1 Nummer 1 über den eigenen Tatbeitrag hinaus erstrecken. § 46b Absatz 2 und 3 des Strafgesetzbuches gilt entsprechend.</P></Content></text></textdaten></norm>
<norm builddate="20240625214504" doknr="BJNR06D0C0024BJNE002800000"><metadaten><jurabk>MedCanG</jurabk><enbez>§ 26a</enbez><titel format="XML">Absehen von Verfolgung</titel></metadaten><textdaten><text format="XML"><Content><P>(1) Hat das Verfahren ein Vergehen nach § 25 Absatz 1, 3 oder Absatz 6 zum Gegenstand, so kann die Staatsanwaltschaft von der Verfolgung absehen, wenn die Schuld des Täters als gering anzusehen wäre, kein öffentliches Interesse an der Strafverfolgung besteht und der Täter das Cannabis zu medizinischen Zwecken oder das Cannabis zu medizinisch-wissenschaftlichen Zwecken lediglich zum Eigenverbrauch in geringer Menge anbaut, herstellt, einführt, ausführt, durchführt, erwirbt, sich in sonstiger Weise verschafft oder besitzt.</P><P>(2) Ist die Klage bereits erhoben, so kann das Gericht in jeder Lage des Verfahrens unter den Voraussetzungen des Absatzes 1 mit Zustimmung der Staatsanwaltschaft und des Angeschuldigten das Verfahren einstellen. Der Zustimmung des Angeschuldigten bedarf es nicht, wenn die Hauptverhandlung aus den in § 205 der Strafprozessordnung angeführten Gründen nicht durchgeführt werden kann oder in den Fällen des § 231 Absatz 2 und der §§ 232 und 233 der Strafprozessordnung in seiner Abwesenheit durchgeführt wird. Die Entscheidung ergeht durch Beschluss. Der Beschluss ist nicht anfechtbar.</P></Content></text></textdaten></norm>
<norm builddate="20240625214504" doknr="BJNR06D0C0024BJNG001400000"><metadaten><jurabk>MedCanG</jurabk><gliederungseinheit><gliederungskennzahl>060020</gliederungskennzahl><gliederungsbez>Abschnitt 2</gliederungsbez><gliederungstitel>Bußgeldvorschriften</gliederungstitel></gliederungseinheit></metadaten><textdaten/></norm>
<norm builddate="20240625214504" doknr="BJNR06D0C0024BJNE002900000"><metadaten><jurabk>MedCanG</jurabk><enbez>§ 27</enbez><titel format="XML">Bußgeldvorschriften</titel></metadaten><textdaten><text format="XML"><Content><P>(1) Ordnungswidrig handelt, wer vorsätzlich oder fahrlässig <DL Font="normal" Type="arabic"><DT>1.</DT><DD Font="normal"><LA Size="normal">mehr als die und bis zu den folgenden Mengen an Cannabis zu medizinischen Zwecken oder an Cannabis zu medizinisch-wissenschaftlichen Zwecken, jeweils bei Blüten, blütennahen Blättern oder sonstigem Pflanzenmaterial bezogen auf das Gewicht nach dem Trocknen, besitzt, ohne zugleich im Besitz einer Erlaubnis nach § 4 für den Erwerb oder nach § 5 oder § 22 von der Erlaubnispflicht ausgenommen zu sein: <DL Font="normal" Type="alpha"><DT>a)</DT><DD Font="normal"><LA Size="normal">mehr als 25 Gramm und bis zu 30 Gramm an einem Ort, der nicht sein Wohnsitz oder sein gewöhnlicher Aufenthalt ist, oder</LA></DD><DT>b)</DT><DD Font="normal"><LA Size="normal">insgesamt mehr als 50 Gramm und bis zu 60 Gramm,</LA></DD></DL></LA></DD><DT>2.</DT><DD Font="normal"><LA Size="normal">entgegen § 8 Absatz 1 eine <I>Mitteilung</I> nicht richtig, nicht vollständig oder nicht unverzüglich macht,</LA></DD><DT>3.</DT><DD Font="normal"><LA Size="normal">einer vollziehbaren Auflage nach § 10 zuwiderhandelt,</LA></DD><DT>4.</DT><DD Font="normal"><LA Size="normal">ohne Genehmigung nach § 12 Cannabis zu medizinischen Zwecken oder Cannabis zu medizinisch-wissenschaftlichen Zwecken ein- oder ausführt,</LA></DD><DT>5.</DT><DD Font="normal"><LA Size="normal">entgegen § 1 Absatz 2 der Betäubungsmittel-Außenhandelsverordnung oder § 7 Absatz 2 der Betäubungsmittel-Außenhandelsverordnung, jeweils in Verbindung mit § 14, im Einfuhr- oder Ausfuhrantrag unrichtige oder unvollständige Angaben macht,</LA></DD><DT>6.</DT><DD Font="normal"><LA Size="normal">entgegen § 6 Absatz 1 oder Absatz 2 Satz 2 der Betäubungsmittel-Außenhandelsverordnung oder § 12 Absatz 1 Satz 1 oder Absatz 2 Satz 2 der Betäubungsmittel-Außenhandelsverordnung, jeweils in Verbindung mit § 14, die Ein- oder Ausfuhranzeige oder die Ein- oder Ausfuhrgenehmigung nicht, nicht richtig oder nicht vollständig mit den dort bezeichneten Angaben versieht,</LA></DD><DT>7.</DT><DD Font="normal"><LA Size="normal">entgegen § 16 Absatz 1 eine Aufzeichnung nicht, nicht richtig oder nicht vollständig führt,</LA></DD><DT>8.</DT><DD Font="normal"><LA Size="normal">entgegen § 16 Absatz 2 eine Aufzeichnung nicht oder nicht mindestens drei Jahre aufbewahrt,</LA></DD><DT>9.</DT><DD Font="normal"><LA Size="normal">entgegen § 16 Absatz 3 eine Meldung nicht, nicht richtig, nicht vollständig oder nicht rechtzeitig macht oder</LA></DD><DT>10.</DT><DD Font="normal"><LA Size="normal">entgegen § 20 Absatz 1 eine dort genannte Maßnahme nicht duldet.</LA></DD></DL></P><P>(2) Die Ordnungswidrigkeit kann in den Fällen des Absatzes 1 Nummer 1, 3 und 4 mit einer Geldbuße bis zu dreißigtausend Euro und in den übrigen Fällen des Absatzes 1 mit einer Geldbuße bis zu zehntausend Euro geahndet werden.</P></Content></text><fussnoten><Content><P>§ 27 Abs. 1 Nummer 2 Kursivdruck: Wegen offensichtlicher Unrichtigkeit wird das Wort &quot;MItteilung&quot; durch das Wort &quot;Mitteilung&quot; ersetzt</P></Content></fussnoten></textdaten></norm>
<norm builddate="20240625214504" doknr="BJNR06D0C0024BJNG001500000"><metadaten><jurabk>MedCanG</jurabk><gliederungseinheit><gliederungskennzahl>070</gliederungskennzahl><gliederungsbez>Kapitel 7</gliederungsbez><gliederungstitel>Einziehung und Führungsaufsicht</gliederungstitel></gliederungseinheit></metadaten><textdaten/></norm>
<norm builddate="20240625214504" doknr="BJNR06D0C0024BJNE003000000"><metadaten><jurabk>MedCanG</jurabk><enbez>§ 28</enbez><titel format="XML">Einziehung</titel></metadaten><textdaten><text format="XML"><Content><P>Gegenstände, auf die sich eine Straftat nach § 25 oder eine Ordnungswidrigkeit nach § 27 bezieht, können eingezogen werden. § 74a des Strafgesetzbuches und § 23 des Gesetzes über Ordnungswidrigkeiten sind anzuwenden.</P></Content></text></textdaten></norm>
<norm builddate="20240625214504" doknr="BJNR06D0C0024BJNE003100000"><metadaten><jurabk>MedCanG</jurabk><enbez>§ 29</enbez><titel format="XML">Führungsaufsicht</titel></metadaten><textdaten><text format="XML"><Content><P>In den Fällen des § 25 Absatz 5 kann das Gericht Führungsaufsicht nach § 68 Absatz 1 des Strafgesetzbuches anordnen.</P></Content></text></textdaten></norm>
<norm builddate="20240625214504" doknr="BJNR06D0C0024BJNG001600000"><metadaten><jurabk>MedCanG</jurabk><gliederungseinheit><gliederungskennzahl>080</gliederungskennzahl><gliederungsbez>Kapitel 8</gliederungsbez><gliederungstitel>Besondere Regelungen bei Vorliegen einer cannabisbezogenen Abhängigkeitserkrankung</gliederungstitel></gliederungseinheit></metadaten><textdaten/></norm>
<norm builddate="20240625214504" doknr="BJNR06D0C0024BJNE003200000"><metadaten><jurabk>MedCanG</jurabk><enbez>§ 30</enbez><titel format="XML">Besondere Regelungen bei Vorliegen einer cannabisbezogenen Abhängigkeitserkrankung</titel></metadaten><textdaten><text format="XML"><Content><P>Die §§ 35 bis 38 des Betäubungsmittelgesetzes finden auch bei cannabisbezogener Abhängigkeitserkrankung Anwendung.</P></Content></text></textdaten></norm>
<norm builddate="20240625214504" doknr="BJNR06D0C0024BJNG001700000"><metadaten><jurabk>MedCanG</jurabk><gliederungseinheit><gliederungskennzahl>090</gliederungskennzahl><gliederungsbez>Kapitel 9</gliederungsbez><gliederungstitel>Schlussvorschriften</gliederungstitel></gliederungseinheit></metadaten><textdaten/></norm>
<norm builddate="20240625214504" doknr="BJNR06D0C0024BJNE003300000"><metadaten><jurabk>MedCanG</jurabk><enbez>§ 31</enbez><titel format="XML">Übergangsregelung aus Anlass des Cannabisgesetzes</titel></metadaten><textdaten><text format="XML"><Content><P>Genehmigungen nach § 12 können, soweit eine Erlaubnis nach § 4 noch nicht erteilt wurde, bis zum 1. April 2025 auf der Grundlage einer Erlaubnis nach § 3 des Betäubungsmittelgesetzes in der Fassung der Bekanntmachung vom 1. März 1994 (BGBl. I S. 358), das zuletzt durch Artikel 2 des Gesetzes vom 26. Juli 2023 (BGBl. 2023 I Nr. 204) geändert worden ist, erteilt werden.</P></Content></text></textdaten></norm>
</dokumente>