<?xml version="1.0" encoding="UTF-8" ?><!DOCTYPE dokumente SYSTEM "http://www.gesetze-im-internet.de/dtd/1.01/gii-norm.dtd">
<dokumente builddate="20230614213521" doknr="BJNR147500018"><norm builddate="20230614213521" doknr="BJNR147500018"><metadaten><jurabk>BinSchUO2018Anh V</jurabk><ausfertigung-datum manuell="ja">2018-09-21</ausfertigung-datum><fundstelle typ="amtlich"><periodikum>BGBl I</periodikum><zitstelle>2018, 1398, 1475</zitstelle></fundstelle><langue>Nationale Muster<BR/>(Anhang V der Binnenschiffsuntersuchungsordnung BGBl I 2018, 1398)</langue><standangabe checked="ja"><standtyp>Stand</standtyp><standkommentar>Geändert durch Art. 2 Abs. 6 Nr. 11 V v. 26.11.2021 I 4982, 5204, 2023 I Nr. 144</standkommentar></standangabe></metadaten><textdaten><fussnoten><Content><P><BR/> <pre xml:space="preserve">(+++ Textnachweis ab: 7.10.2018 +++)<BR/>(+++ Text der Verordnung siehe: BinSchUO 2018 +++)<BR/><BR/></pre></P></Content></fussnoten></textdaten></norm>
<norm builddate="20230614213521" doknr="BJNR147500018BJNE000100000"><metadaten><jurabk>BinSchUO2018Anh V</jurabk><enbez>Inhaltsverzeichnis</enbez></metadaten><textdaten><text format="XML"><Content><TOC><table frame="none" pgwide="1" tocentry="%yes;"><tgroup align="left" char="" charoff="50" cols="2"><colspec colname="col1" colwidth="0.19*"/><colspec colname="col2" colwidth="1.81*"/><tbody valign="top"><row><entry VJ="1" colsep="0" rowsep="0">Muster 1</entry><entry VJ="1" rowsep="0">Muster des Antrags auf Untersuchung</entry></row><row><entry VJ="1" colsep="0" rowsep="0">Muster 2</entry><entry VJ="1" rowsep="0">Muster der Bescheinigung über die Besatzung für Binnenschiffe</entry></row><row><entry VJ="1" colsep="0" rowsep="0">Muster 3</entry><entry VJ="1" rowsep="0">Muster des Fährzeugnisses</entry></row><row><entry VJ="1" colsep="0" rowsep="0">Muster 4</entry><entry VJ="1" rowsep="0">Muster des vorläufigen Fährzeugnisses</entry></row><row><entry VJ="1" colsep="0" rowsep="0">Muster 5</entry><entry VJ="1" rowsep="0">Muster des Abnahmeprotokolls für die Prüfung der Seil- und Kettenanlagen von seil- und kettengebundenen Fähren</entry></row><row><entry VJ="1" colsep="0">Muster 6</entry><entry VJ="1">Muster des Abnahmeprotokolls für Fahrgastboote</entry></row></tbody></tgroup></table></TOC></Content></text></textdaten></norm>
<norm builddate="20230614213521" doknr="BJNR147500018BJNE000200000"><metadaten><jurabk>BinSchUO2018Anh V</jurabk><enbez>Muster 1</enbez><titel format="XML">Muster des Antrags auf Untersuchung</titel></metadaten><textdaten><text format="XML"><Content><P><noindex><kommentar typ="Fundstelle">(Fundstelle: BGBl. I 2018, 1476 -1477)</kommentar></noindex></P><BR/><P><FILE PREVIEW="bgbl1_2018_j1398-1_0620_thumb.gif" SRC="bgbl1_2018_j1398-1_0620.pdf" Type="pdf" title="PDF-Dokument wird in eigenem Fenster angezeigt"/><FILE PREVIEW="bgbl1_2018_j1398-1_0630_thumb.gif" SRC="bgbl1_2018_j1398-1_0630.pdf" Type="pdf" title="PDF-Dokument wird in eigenem Fenster angezeigt"/></P></Content></text></textdaten></norm>
<norm builddate="20230614213521" doknr="BJNR147500018BJNE000301119"><metadaten><jurabk>BinSchUO2018Anh V</jurabk><enbez>Muster 2</enbez><titel format="XML">Muster der Bescheinigung über die Besatzung für Binnenschiffe</titel></metadaten><textdaten><text format="XML"><Content><P><noindex><kommentar typ="Fundstelle">(Fundstelle: BGBl. I 2018, 1478 - 1479)</kommentar></noindex></P><BR/><P><FILE PREVIEW="bgbl1_2021_j4982_0010_thumb.gif" SRC="bgbl1_2021_j4982_0010.pdf" Type="pdf" title="PDF-Dokument wird in eigenem Fenster angezeigt"/></P></Content></text><fussnoten/></textdaten></norm>
<norm builddate="20230614213521" doknr="BJNR147500018BJNE000401119"><metadaten><jurabk>BinSchUO2018Anh V</jurabk><enbez>Muster 3</enbez><titel format="XML">Muster des Fährzeugnisses</titel></metadaten><textdaten><text format="XML"><Content><P><noindex><kommentar typ="Fundstelle">(Fundstelle: BGBl. I 2018, 1480 - 1491)</kommentar></noindex></P><BR/><P><FILE PREVIEW="bgbl1_2018_j1398-1_0660_thumb.gif" SRC="bgbl1_2018_j1398-1_0660.pdf" Type="pdf" title="PDF-Dokument wird in eigenem Fenster angezeigt"/><FILE PREVIEW="bgbl1_2018_j1398-1_0670_thumb.gif" SRC="bgbl1_2018_j1398-1_0670.pdf" Type="pdf" title="PDF-Dokument wird in eigenem Fenster angezeigt"/><FILE PREVIEW="bgbl1_2018_j1398-1_0680_thumb.gif" SRC="bgbl1_2018_j1398-1_0680.pdf" Type="pdf" title="PDF-Dokument wird in eigenem Fenster angezeigt"/><FILE PREVIEW="bgbl1_2018_j1398-1_0690_thumb.gif" SRC="bgbl1_2018_j1398-1_0690.pdf" Type="pdf" title="PDF-Dokument wird in eigenem Fenster angezeigt"/><FILE PREVIEW="bgbl1_2018_j1398-1_0700_thumb.gif" SRC="bgbl1_2018_j1398-1_0700.pdf" Type="pdf" title="PDF-Dokument wird in eigenem Fenster angezeigt"/><FILE PREVIEW="bgbl1_2018_j1398-1_0710_thumb.gif" SRC="bgbl1_2018_j1398-1_0710.pdf" Type="pdf" title="PDF-Dokument wird in eigenem Fenster angezeigt"/><FILE PREVIEW="bgbl1_2021_j4982_0020_thumb.gif" SRC="bgbl1_2021_j4982_0020.pdf" Type="pdf" title="PDF-Dokument wird in eigenem Fenster angezeigt"/><FILE PREVIEW="bgbl1_2021_j4982_0030_thumb.gif" SRC="bgbl1_2021_j4982_0030.pdf" Type="pdf" title="PDF-Dokument wird in eigenem Fenster angezeigt"/><FILE PREVIEW="bgbl1_2018_j1398-1_0740_thumb.gif" SRC="bgbl1_2018_j1398-1_0740.pdf" Type="pdf" title="PDF-Dokument wird in eigenem Fenster angezeigt"/><FILE PREVIEW="bgbl1_2018_j1398-1_0750_thumb.gif" SRC="bgbl1_2018_j1398-1_0750.pdf" Type="pdf" title="PDF-Dokument wird in eigenem Fenster angezeigt"/><FILE PREVIEW="bgbl1_2018_j1398-1_0760_thumb.gif" SRC="bgbl1_2018_j1398-1_0760.pdf" Type="pdf" title="PDF-Dokument wird in eigenem Fenster angezeigt"/><FILE PREVIEW="bgbl1_2018_j1398-1_0770_thumb.gif" SRC="bgbl1_2018_j1398-1_0770.pdf" Type="pdf" title="PDF-Dokument wird in eigenem Fenster angezeigt"/></P></Content></text><fussnoten/></textdaten></norm>
<norm builddate="20230614213521" doknr="BJNR147500018BJNE000500000"><metadaten><jurabk>BinSchUO2018Anh V</jurabk><enbez>Muster 4</enbez><titel format="XML">Muster des vorläufigen Fährzeugnisses</titel></metadaten><textdaten><text format="XML"><Content><P><noindex><kommentar typ="Fundstelle">(Fundstelle: BGBl. I 2018, 1492 - 1493)</kommentar></noindex></P><BR/><P><FILE PREVIEW="bgbl1_2018_j1398-1_0780_thumb.gif" SRC="bgbl1_2018_j1398-1_0780.pdf" Type="pdf" title="PDF-Dokument wird in eigenem Fenster angezeigt"/><FILE PREVIEW="bgbl1_2018_j1398-1_0790_thumb.gif" SRC="bgbl1_2018_j1398-1_0790.pdf" Type="pdf" title="PDF-Dokument wird in eigenem Fenster angezeigt"/></P></Content></text></textdaten></norm>
<norm builddate="20230614213521" doknr="BJNR147500018BJNE000600000"><metadaten><jurabk>BinSchUO2018Anh V</jurabk><enbez>Muster 5</enbez><titel format="XML">Muster des Abnahmeprotokolls für die Prüfung der Seil- und Kettenanlagen von seil- und kettengebundenen Fähren</titel></metadaten><textdaten><text format="XML"><Content><P><noindex><kommentar typ="Fundstelle">(Fundstelle: BGBl. I 2018, 1494 - 1498)</kommentar></noindex></P><BR/><P><FILE PREVIEW="bgbl1_2018_j1398-1_0800_thumb.gif" SRC="bgbl1_2018_j1398-1_0800.pdf" Type="pdf" title="PDF-Dokument wird in eigenem Fenster angezeigt"/><FILE PREVIEW="bgbl1_2018_j1398-1_0810_thumb.gif" SRC="bgbl1_2018_j1398-1_0810.pdf" Type="pdf" title="PDF-Dokument wird in eigenem Fenster angezeigt"/><FILE PREVIEW="bgbl1_2018_j1398-1_0820_thumb.gif" SRC="bgbl1_2018_j1398-1_0820.pdf" Type="pdf" title="PDF-Dokument wird in eigenem Fenster angezeigt"/><FILE PREVIEW="bgbl1_2018_j1398-1_0830_thumb.gif" SRC="bgbl1_2018_j1398-1_0830.pdf" Type="pdf" title="PDF-Dokument wird in eigenem Fenster angezeigt"/><FILE PREVIEW="bgbl1_2018_j1398-1_0840_thumb.gif" SRC="bgbl1_2018_j1398-1_0840.pdf" Type="pdf" title="PDF-Dokument wird in eigenem Fenster angezeigt"/></P></Content></text></textdaten></norm>
<norm builddate="20230614213521" doknr="BJNR147500018BJNE000701119"><metadaten><jurabk>BinSchUO2018Anh V</jurabk><enbez>Muster 6</enbez><titel format="XML">Muster des Abnahmeprotokolls für Fahrgastboote</titel></metadaten><textdaten><text format="XML"><Content><P><noindex><kommentar typ="Fundstelle">(Fundstelle: BGBl. I 2018, 1499 - 1502)</kommentar></noindex></P><BR/><P><FILE PREVIEW="bgbl1_2018_j1398-1_0850_thumb.gif" SRC="bgbl1_2018_j1398-1_0850.pdf" Type="pdf" title="PDF-Dokument wird in eigenem Fenster angezeigt"/><FILE PREVIEW="bgbl1_2018_j1398-1_0860_thumb.gif" SRC="bgbl1_2018_j1398-1_0860.pdf" Type="pdf" title="PDF-Dokument wird in eigenem Fenster angezeigt"/><FILE PREVIEW="bgbl1_2021_j4982_0040_thumb.gif" SRC="bgbl1_2021_j4982_0040.pdf" Type="pdf" title="PDF-Dokument wird in eigenem Fenster angezeigt"/><FILE PREVIEW="bgbl1_2018_j1398-1_0880_thumb.gif" SRC="bgbl1_2018_j1398-1_0880.pdf" Type="pdf" title="PDF-Dokument wird in eigenem Fenster angezeigt"/></P></Content></text><fussnoten><Content><P>(+++ Muster 6: Zur Anwendung vgl. § 8.01 Nr. 2 BinSchUO2018Anh II +++)</P></Content></fussnoten></textdaten></norm>
</dokumente>