<?xml version="1.0" encoding="UTF-8" ?><!DOCTYPE dokumente SYSTEM "http://www.gesetze-im-internet.de/dtd/1.01/gii-norm.dtd">
<dokumente builddate="20190115212017" doknr="BJNR364300009"><norm builddate="20190115212017" doknr="BJNR364300009"><metadaten><jurabk>ZIEV</jurabk><amtabk>ZIEV</amtabk><ausfertigung-datum manuell="ja">2009-10-15</ausfertigung-datum><fundstelle typ="amtlich"><periodikum>BGBl I</periodikum><zitstelle>2009, 3643</zitstelle></fundstelle><kurzue>ZAG-Instituts-Eigenmittelverordnung</kurzue><langue>Verordnung über die angemessene Eigenmittelausstattung und die erforderliche Absicherung für den Haftungsfall von Instituten nach dem Zahlungsdiensteaufsichtsgesetz</langue><standangabe checked="ja"><standtyp>Stand</standtyp><standkommentar>Zuletzt geändert durch Art. 1 V v. 10.12.2018 I 2330</standkommentar></standangabe></metadaten><textdaten><text format="XML"><Footnotes><Footnote FnZ="*" Group="column" ID="F772647_01_BJNR364300009" Pos="normal" Postfix=")">Diese Verordnung dient der weiteren Umsetzung der Artikel 7 und 8 der Richtlinie 2007/64/EG des Europäischen Parlaments und des Rates vom 13. November 2007 über Zahlungsdienste im Binnenmarkt, zur Änderung der Richtlinien 97/7/EG, 2002/65/EG, 2005/60/EG und 2006/48/EG sowie zur Aufhebung der Richtlinie 97/5/EG (ABl. L 319 vom 5.12.2007, S. 1, L 187 vom 18.7.2009, S. 5).</Footnote></Footnotes></text><fussnoten><Content><P><BR/> <pre xml:space="preserve">(+++ Textnachweis ab: 31.10.2009 +++)<BR/>(+++ Amtlicher Hinweis des Normgebers auf EG-Recht:<BR/>     Umsetzung der<BR/>       EGRL 64/2007           (CELEX Nr: 32007L0064) +++)<BR/><BR/></pre>Überschrift: IdF d. Art. 1 Nr. 1 V v. 10.12.2018 I 2330 mWv 14.12.2018</P></Content></fussnoten></textdaten></norm>
<norm builddate="20190115212017" doknr="BJNR364300009BJNE000100000"><metadaten><jurabk>ZIEV</jurabk><enbez>Eingangsformel</enbez></metadaten><textdaten><text format="XML"><Content><P>Auf Grund des § 12 Absatz 6 Satz 1 und 3, auch in Verbindung mit Absatz 4 Satz 2, des Zahlungsdiensteaufsichtsgesetzes vom 25. Juni 2009 (BGBl. I S. 1506) verordnet das Bundesministerium der Finanzen im Benehmen mit der Deutschen Bundesbank nach Anhörung der Verbände der Zahlungsinstitute:</P></Content></text></textdaten></norm>
<norm builddate="20190115212017" doknr="BJNR364300009BJNG000101116"><metadaten><jurabk>ZIEV</jurabk><gliederungseinheit><gliederungskennzahl>010</gliederungskennzahl><gliederungsbez>Abschnitt 1</gliederungsbez><gliederungstitel>Angemessenheit und Erforderlichkeit</gliederungstitel></gliederungseinheit></metadaten><textdaten><fussnoten/></textdaten></norm>
<norm builddate="20190115212017" doknr="BJNR364300009BJNE000202116"><metadaten><jurabk>ZIEV</jurabk><enbez>§ 1</enbez><titel format="XML">Angemessenheit der Eigenmittel und Erforderlichkeit der Absicherung</titel></metadaten><textdaten><text format="XML"><Content><P>(1) Ein Institut im Sinne des Zahlungsdiensteaufsichtsgesetzes, das nicht ausschließlich Zahlungsauslöse- oder Kontoinformationsdienste erbringt, hat ungeachtet des Betrags des Anfangskapitals nach § 12 Nummer 3 des Zahlungsdiensteaufsichtsgesetzes jederzeit angemessene Eigenmittel nach Maßgabe dieser Verordnung vorzuhalten. Ein Institut nach Satz 1 verfügt über angemessene Eigenmittel, wenn es jederzeit Eigenmittel in einer Höhe hält, die den Vorgaben der nach dieser Verordnung anzuwendenden Berechnungsmethode entspricht.</P><P>(2) Ein Institut im Sinne des Zahlungsdiensteaufsichtsgesetzes, das Zahlungsauslöse- oder Kontoinformationsdienste erbringt, hat ungeachtet des Betrags des Anfangskapitals nach § 12 Nummer 3 des Zahlungsdiensteaufsichtsgesetzes jederzeit eine erforderliche Absicherung für den Haftungsfall nach Maßgabe dieser Verordnung vorzuhalten. Ein Institut nach Satz 1 verfügt über eine erforderliche Absicherung für den Haftungsfall, wenn es diese jederzeit in einer Höhe vorhält, die den Vorgaben der nach dieser Verordnung anzuwendenden Kriterien entspricht.</P><P>(3) Ein Zahlungsinstitut im Sinne des Zahlungsdiensteaufsichtsgesetzes, das nur Zahlungsauslösedienste erbringt, hat jederzeit den Betrag des Anfangskapitals nach § 12 Nummer 3 Buchstabe b des Zahlungsdiensteaufsichtsgesetzes weiterhin als angemessene Eigenmittel vorzuhalten.</P></Content></text><fussnoten/></textdaten></norm>
<norm builddate="20190115212017" doknr="BJNR364300009BJNG000201116"><metadaten><jurabk>ZIEV</jurabk><gliederungseinheit><gliederungskennzahl>020</gliederungskennzahl><gliederungsbez>Abschnitt 2</gliederungsbez><gliederungstitel>Regelungen für die Eigenmittelberechnung von Zahlungsinstituten</gliederungstitel></gliederungseinheit></metadaten><textdaten><fussnoten/></textdaten></norm>
<norm builddate="20190115212017" doknr="BJNR364300009BJNE000301116"><metadaten><jurabk>ZIEV</jurabk><enbez>§ 2</enbez><titel format="XML">Berechnung der Eigenmittelanforderungen</titel></metadaten><textdaten><text format="XML"><Content><P>(1) Das Zahlungsinstitut hat der Berechnung der Eigenmittelanforderungen die in § 4 dargestellte Methode B zugrunde zu legen, sofern nicht nach § 6 eine andere Methode festgelegt worden ist.</P><P>(2) Der bei der Berechnung nach den §§ 4 und 5 anzuwendende Skalierungsfaktor k entspricht <DL Font="normal" Type="arabic"><DT>1.</DT><DD Font="normal"><LA Size="normal">0,5, wenn das Zahlungsinstitut nur die in § 1 Absatz 1 Satz 2 Nummer 6 des Zahlungsdiensteaufsichtsgesetzes genannten Zahlungsdienste erbringt;</LA></DD><DT>2.</DT><DD Font="normal"><LA Size="normal">1,0, wenn das Zahlungsinstitut einen oder mehrere der in § 1 Absatz 1 Satz 2 Nummer 1 bis 5 des Zahlungsdiensteaufsichtsgesetzes genannten Zahlungsdienste erbringt.</LA></DD></DL></P></Content></text><fussnoten/></textdaten></norm>
<norm builddate="20190115212017" doknr="BJNR364300009BJNE000401116"><metadaten><jurabk>ZIEV</jurabk><enbez>§ 3</enbez><titel format="XML">Berechnung nach Methode A</titel></metadaten><textdaten><text format="XML"><Content><P>(1) Zahlungsinstitute müssen eine Eigenmittelunterlegung aufweisen, die mindestens 10 Prozent ihrer fixen Gemeinkosten des Vorjahrs entspricht. Als fixe Gemeinkosten sind allgemeine Verwaltungsaufwendungen, die Abschreibungen und Wertberichtigungen auf immaterielle Anlagewerte und Sachanlagen und die sonstigen betrieblichen Aufwendungen anzusetzen, die das Zahlungsinstitut in der Gewinn- und Verlustrechnung des letzten Jahresabschlusses ausgewiesen hat. Die Bundesanstalt für Finanzdienstleistungsaufsicht (Bundesanstalt) kann die Eigenmittelanforderung nach Satz 1 bei einer gegenüber dem Vorjahr erheblich veränderten Geschäftstätigkeit des Zahlungsinstituts an die aktuelle Geschäftstätigkeit anpassen.</P><P>(2) Zahlungsinstitute, die ihre Geschäftstätigkeit zum Zeitpunkt der Berechnung seit weniger als einem Jahr ausüben, müssen eine Eigenmittelanforderung in Höhe von 10 Prozent der im Geschäftsplan vorgesehenen fixen Gemeinkosten im Sinne des Absatzes 1 Satz 2 erfüllen. Die Bundesanstalt kann für die Zwecke dieser Berechnung eine Anpassung des Geschäftsplans verlangen.</P></Content></text><fussnoten/></textdaten></norm>
<norm builddate="20190115212017" doknr="BJNR364300009BJNE000501116"><metadaten><jurabk>ZIEV</jurabk><enbez>§ 4</enbez><titel format="XML">Berechnung nach Methode B</titel></metadaten><textdaten><text format="XML"><Content><P>Zahlungsinstitute müssen eine Eigenmittelunterlegung aufweisen, die mindestens der Summe der folgenden Tranchenwerte multipliziert mit dem in § 2 Absatz 2 festgelegten Skalierungsfaktor k entspricht, wobei Zahlungsvolumen im Sinne dieser Vorschrift ein Zwölftel der Gesamtsumme der von dem Zahlungsinstitut im Vorjahr ausgeführten Zahlungsvorgänge ist: <DL Font="normal" Type="arabic"><DT>1.</DT><DD Font="normal"><LA Size="normal">4,0 Prozent der Tranche des Zahlungsvolumens bis 5 Millionen Euro</LA><LA Size="normal">plus</LA></DD><DT>2.</DT><DD Font="normal"><LA Size="normal">2,5 Prozent der Tranche des Zahlungsvolumens von über 5 Millionen Euro bis 10 Millionen Euro</LA><LA Size="normal">plus</LA></DD><DT>3.</DT><DD Font="normal"><LA Size="normal">1 Prozent der Tranche des Zahlungsvolumens von über 10 Millionen Euro bis 100 Millionen Euro</LA><LA Size="normal">plus</LA></DD><DT>4.</DT><DD Font="normal"><LA Size="normal">0,5 Prozent der Tranche des Zahlungsvolumens von über 100 Millionen Euro bis 250 Millionen Euro</LA><LA Size="normal">plus</LA></DD><DT>5.</DT><DD Font="normal"><LA Size="normal">0,25 Prozent der Tranche des Zahlungsvolumens über 250 Millionen Euro.</LA></DD></DL></P></Content></text><fussnoten/></textdaten></norm>
<norm builddate="20190115212017" doknr="BJNR364300009BJNE000601116"><metadaten><jurabk>ZIEV</jurabk><enbez>§ 5</enbez><titel format="XML">Berechnung nach Methode C</titel></metadaten><textdaten><text format="XML"><Content><P>(1) Zahlungsinstitute müssen eine Eigenmittelunterlegung aufweisen, die mindestens dem maßgeblichen Indikator nach Absatz 2 entspricht, multipliziert mit dem in Absatz 3 definierten Multiplikationsfaktor und mit dem in § 2 Absatz 2 festgelegten Skalierungsfaktor k.</P><P>(2) Der maßgebliche Indikator ist die Summe der folgenden Bestandteile: <DL Font="normal" Type="arabic"><DT>1.</DT><DD Font="normal"><LA Size="normal">Zinserträge,</LA></DD><DT>2.</DT><DD Font="normal"><LA Size="normal">Zinsaufwand,</LA></DD><DT>3.</DT><DD Font="normal"><LA Size="normal">Einnahmen aus Provisionen und Entgelten sowie</LA></DD><DT>4.</DT><DD Font="normal"><LA Size="normal">sonstige betriebliche Erträge.</LA></DD></DL>In die Summe geht jeder Wert mit seinem positiven oder negativen Vorzeichen ein. Außerordentliche oder unregelmäßige Erträge dürfen nicht in die Berechnung des maßgeblichen Indikators einfließen. Aufwendungen für die Auslagerung von Dienstleistungen, die durch Dritte erbracht werden, dürfen den maßgeblichen Indikator dann mindern, wenn die Aufwendungen von einem Unternehmen getragen werden, das nach dem Zahlungsdiensteaufsichtsgesetz oder entsprechenden ausländischen Vorschriften, die zur Umsetzung der Richtlinie (EU) 2015/2366 des Europäischen Parlaments und des Rates vom 25. November 2015 über Zahlungsdienste im Binnenmarkt, zur Änderung der Richtlinien 2002/65/EG, 2009/110/EG und 2013/36/EU und der Verordnung (EU) Nr. 1093/2010 sowie zur Aufhebung der Richtlinie 2007/64/EG (ABl. L 337 vom 23.12.2015, S. 35; L 169 vom 28.6.2016, S. 18; L 102 vom 23.4.2018, S. 97; L 126 vom 23.5.2018, S. 10) erlassen worden sind, beaufsichtigt wird. Der maßgebliche Indikator wird auf der Grundlage der letzten Zwölfmonatsbeobachtung, die am Ende des vorausgegangenen Geschäftsjahres erfolgt, für dieses vorausgegangene Geschäftsjahr errechnet. Die ermittelten Eigenmittelanforderungen dürfen jedoch nicht weniger als 80 Prozent des Betrags ausmachen, der sich bei Berechnung der Eigenmittelanforderungen nach Methode C ergeben würde, wenn bei der Berechnung der Durchschnittswert des maßgeblichen Indikators für die vorausgegangenen drei Geschäftsjahre zugrunde gelegt würde. Wenn keine geprüften Zahlen vorliegen, können Schätzungen verwendet werden.</P><P>(3) Der Multiplikationsfaktor entspricht <DL Font="normal" Type="arabic"><DT>1.</DT><DD Font="normal"><LA Size="normal">10 Prozent der Tranche des maßgeblichen Indikators bis 2,5 Millionen Euro,</LA></DD><DT>2.</DT><DD Font="normal"><LA Size="normal">8 Prozent der Tranche des maßgeblichen Indikators von über 2,5 Millionen Euro bis 5 Millionen Euro,</LA></DD><DT>3.</DT><DD Font="normal"><LA Size="normal">6 Prozent der Tranche des maßgeblichen Indikators von über 5 Millionen Euro bis 25 Millionen Euro,</LA></DD><DT>4.</DT><DD Font="normal"><LA Size="normal">3 Prozent der Tranche des maßgeblichen Indikators von über 25 Millionen Euro bis 50 Millionen Euro,</LA></DD><DT>5.</DT><DD Font="normal"><LA Size="normal">1,5 Prozent der Tranche des maßgeblichen Indikators über 50 Millionen Euro.</LA></DD></DL></P></Content></text><fussnoten/></textdaten></norm>
<norm builddate="20190115212017" doknr="BJNR364300009BJNE000701116"><metadaten><jurabk>ZIEV</jurabk><enbez>§ 6</enbez><titel format="XML">Festlegung der Methode</titel></metadaten><textdaten><text format="XML"><Content><P>(1) Im Einzelfall kann die Bundesanstalt unbeschadet der Befugnisse nach § 15 Absatz 2 Satz 3 des Zahlungsdiensteaufsichtsgesetzes und § 3 Absatz 1 Satz 3 dieser Verordnung jederzeit bestimmen, dass die Berechnung nach einer anderen in den §§ 3 bis 5 genannten Methode zu erfolgen hat, wenn die angewendete Methode die tatsächlichen Risiken des Geschäfts nicht angemessen wiedergibt.</P><P>(2) Das Zahlungsinstitut kann im Erlaubnisantrag nach § 10 des Zahlungsdiensteaufsichtsgesetzes oder später die Anwendung einer bestimmten Berechnungsmethode beantragen, wenn es der Auffassung ist, dass die anzuwendende Methode die tatsächlichen Risiken des Geschäfts nicht angemessen wiedergibt. Im Antrag hat das Zahlungsinstitut seine Auffassung schriftlich zu begründen. Ein solcher Antrag darf unbeschadet der Möglichkeit der Antragstellung im Erlaubnisantrag jedoch nur einmal pro Geschäftsjahr gestellt werden.</P></Content></text><fussnoten/></textdaten></norm>
<norm builddate="20190115212017" doknr="BJNR364300009BJNG000301116"><metadaten><jurabk>ZIEV</jurabk><gliederungseinheit><gliederungskennzahl>030</gliederungskennzahl><gliederungsbez>Abschnitt 3</gliederungsbez><gliederungstitel>Regelungen für die Eigenmittelberechnung von E-Geld-Instituten</gliederungstitel></gliederungseinheit></metadaten><textdaten><fussnoten/></textdaten></norm>
<norm builddate="20190115212017" doknr="BJNR364300009BJNE001201116"><metadaten><jurabk>ZIEV</jurabk><enbez>§ 7</enbez><titel format="XML">Berechnung der Eigenmittelanforderungen</titel></metadaten><textdaten><text format="XML"><Content><P>E-Geld-Institute haben stets über einen Bestand an Eigenmitteln zu verfügen, der mindestens genauso hoch wie die Summe der in den §§ 8 und 9 genannten Erfordernisse ist.</P></Content></text><fussnoten/></textdaten></norm>
<norm builddate="20190115212017" doknr="BJNR364300009BJNE001301116"><metadaten><jurabk>ZIEV</jurabk><enbez>§ 8</enbez><titel format="XML">Berechnung bei Erbringung von Zahlungsdiensten</titel></metadaten><textdaten><text format="XML"><Content><P>Erbringt ein E-Geld-Institut Zahlungsdienste im Sinne des § 1 Absatz 1 Satz 2 Nummer 1 bis 6 des Zahlungsdiensteaufsichtsgesetzes, die nicht mit der Ausgabe von E-Geld in Verbindung stehen, finden die §§ 2 bis 6 entsprechende Anwendung.</P></Content></text><fussnoten/></textdaten></norm>
<norm builddate="20190115212017" doknr="BJNR364300009BJNE001401116"><metadaten><jurabk>ZIEV</jurabk><enbez>§ 9</enbez><titel format="XML">Berechnung nach Methode D für die Ausgabe von E-Geld</titel></metadaten><textdaten><text format="XML"><Content><P>(1) Die Eigenmittel müssen sich für die Ausgabe von E-Geld mindestens auf 2 Prozent des durchschnittlichen E-Geld-Umlaufs im Sinne des § 1 Absatz 14 des Zahlungsdiensteaufsichtsgesetzes belaufen.</P><P>(2) Erbringt ein E-Geld-Institut Zahlungsdienste im Sinne des § 1 Absatz 1 Satz 2 des Zahlungsdiensteaufsichtsgesetzes, die nicht mit der Ausgabe von E-Geld oder mit einer der in § 11 Absatz 1 Satz 2 Nummer 2 bis 5 des Zahlungsdiensteaufsichtsgesetzes genannten Tätigkeiten in Verbindung stehen, und ist die Höhe des E-Geld-Umlaufs im Voraus nicht bekannt, gestattet die Bundesanstalt die Berechnung der Eigenmittelanforderungen unter Zugrundelegung eines repräsentativen Anteils, der typischerweise für die Ausgabe von E-Geld verwendet wird. Voraussetzung hierfür ist, dass dieser repräsentative Anteil auf der Grundlage historischer Daten nach Überzeugung der Bundesanstalt mit hinreichender Wahrscheinlichkeit geschätzt werden kann. Sofern eine ausreichend lange Geschäftstätigkeit des E-Geld-Instituts nicht vorliegt, bestimmt sich die Berechnung der Eigenmittelanforderungen auf der Grundlage des aus dem Geschäftsplan hervorgehenden erwarteten E-Geld-Umlaufs. Die Bundesanstalt kann jederzeit eine Anpassung des Geschäftsplans verlangen.</P></Content></text><fussnoten/></textdaten></norm>
<norm builddate="20190115212017" doknr="BJNR364300009BJNG000500116"><metadaten><jurabk>ZIEV</jurabk><gliederungseinheit><gliederungskennzahl>040</gliederungskennzahl><gliederungsbez>Abschnitt 4</gliederungsbez><gliederungstitel>Kriterien für die erforderliche Absicherung für den Haftungsfall bei Zahlungsauslöse- und Kontoinformationsdiensten</gliederungstitel></gliederungseinheit></metadaten><textdaten><fussnoten/></textdaten></norm>
<norm builddate="20190115212017" doknr="BJNR364300009BJNE001500116"><metadaten><jurabk>ZIEV</jurabk><enbez>§ 10</enbez><titel format="XML">Kriterien bei Zahlungsauslösediensten</titel></metadaten><textdaten><text format="XML"><Content><P>(1) Ein Institut, das Zahlungsauslösedienste erbringt, muss eine Absicherung für den Haftungsfall nach § 16 Absatz 1 des Zahlungsdiensteaufsichtsgesetzes in einer Höhe vorhalten, die <DL Font="normal" Type="arabic"><DT>1.</DT><DD Font="normal"><LA Size="normal">das Risikoprofil, insbesondere der Wert der eingegangenen Erstattungsbegehren und die Anzahl der ausgelösten Zahlungsvorgänge,</LA></DD><DT>2.</DT><DD Font="normal"><LA Size="normal">die Art der Tätigkeit, insbesondere das Nachgehen anderer Geschäftstätigkeiten, die Auswirkungen auf die Zahlungsauslösedienste haben, und</LA></DD><DT>3.</DT><DD Font="normal"><LA Size="normal">der Umfang der Tätigkeit, insbesondere der Gesamtwert der ausgelösten Zahlungsvorgänge,</LA></DD></DL>des Instituts erforderlich macht.</P><P>(2) Die Bundesanstalt kann unbeschadet ihrer Befugnisse nach § 16 Absatz 1 Satz 3 in Verbindung mit § 17 Absatz 3 des Zahlungsdiensteaufsichtsgesetzes einem Institut aufgeben, die Höhe der erforderlichen Absicherung für den Haftungsfall nach den Kriterien gemäß Absatz 1 neu zu bestimmen, wenn die vom Institut angesetzte Höhe den Risiken der Geschäfte nicht angemessen Rechnung trägt.</P></Content></text><fussnoten/></textdaten></norm>
<norm builddate="20190115212017" doknr="BJNR364300009BJNE001600116"><metadaten><jurabk>ZIEV</jurabk><enbez>§ 11</enbez><titel format="XML">Kriterien bei Kontoinformationsdiensten</titel></metadaten><textdaten><text format="XML"><Content><P>(1) Ein Institut, das Kontoinformationsdienste erbringt, muss eine Absicherung für den Haftungsfall nach § 36 Absatz 1 des Zahlungsdiensteaufsichtsgesetzes in einer Höhe vorhalten, die <DL Font="normal" Type="arabic"><DT>1.</DT><DD Font="normal"><LA Size="normal">das Risikoprofil, insbesondere der Wert der eingegangenen Erstattungsbegehren und die Anzahl der Zahlungskonten, auf die zugegriffen wurde,</LA></DD><DT>2.</DT><DD Font="normal"><LA Size="normal">die Art der Tätigkeit, insbesondere das Nachgehen anderer Geschäftstätigkeiten, die Auswirkungen auf die Kontoinformationsdienste haben, und</LA></DD><DT>3.</DT><DD Font="normal"><LA Size="normal">der Umfang der Tätigkeit, insbesondere die Gesamtzahl der Kunden, die Kontoinformationsdienste nutzen,</LA></DD></DL>des Instituts erforderlich macht.</P><P>(2) Die Bundesanstalt kann unbeschadet ihrer Befugnisse nach § 36 Absatz 3 in Verbindung mit § 17 Absatz 3 des Zahlungsdiensteaufsichtsgesetzes einem Institut aufgeben, die Höhe der erforderlichen Absicherung für den Haftungsfall nach den Kriterien gemäß Absatz 1 neu zu bestimmen, wenn die vom Institut angesetzte Höhe den Risiken der Geschäfte nicht angemessen Rechnung trägt.</P></Content></text><fussnoten/></textdaten></norm>
<norm builddate="20190115212017" doknr="BJNR364300009BJNG000401116"><metadaten><jurabk>ZIEV</jurabk><gliederungseinheit><gliederungskennzahl>050</gliederungskennzahl><gliederungsbez>Abschnitt 5</gliederungsbez><gliederungstitel>Melde- und Anzeigepflichten</gliederungstitel></gliederungseinheit></metadaten><textdaten><fussnoten/></textdaten></norm>
<norm builddate="20190115212017" doknr="BJNR364300009BJNE000802116"><metadaten><jurabk>ZIEV</jurabk><enbez>§ 12</enbez><titel format="XML">Meldungen zur Eigenmittelausstattung</titel></metadaten><textdaten><text format="XML"><Content><P>(1) Ein Institut, das nicht ausschließlich Kontoinformationsdienste erbringt, hat die für die Überprüfung der angemessenen Eigenmittelausstattung nach § 15 Absatz 2 Satz 1 des Zahlungsdiensteaufsichtsgesetzes erforderlichen Angaben jeweils nach dem Stand zum Meldestichtag am Ende eines Kalendervierteljahres mit dem Formular nach der Anlage zu dieser Verordnung bis zum 20. Geschäftstag des auf den Meldestichtag folgenden Kalendermonats einzureichen; auf Antrag kann die Bundesanstalt die Frist verlängern.</P><P>(2) Die Meldungen nach Absatz 1 sind der Deutschen Bundesbank im papierlosen Verfahren einzureichen; die Deutsche Bundesbank leitet die Meldungen an die Bundesanstalt weiter. Auf Anforderung der Bundesanstalt sind zu Vergleichszwecken zusätzlich Berechnungen nach den anderen Methoden für Zahlungsinstitute einzureichen. Die Deutsche Bundesbank veröffentlicht im Internet die für die elektronische Dateneinreichung zu verwendenden Satzformate und den Einreichungsweg.</P></Content></text><fussnoten/></textdaten></norm>
<norm builddate="20190115212017" doknr="BJNR364300009BJNE000902116"><metadaten><jurabk>ZIEV</jurabk><enbez>§ 13</enbez><titel format="XML">Anzeigen bei Nichteinhaltung der Eigenmittelanforderungen</titel></metadaten><textdaten><text format="XML"><Content><P>Institute im Sinne des Zahlungsdiensteaufsichtsgesetzes müssen die Nichteinhaltung der Eigenmittelanforderungen zwischen den Meldestichtagen der Bundesanstalt und der Deutschen Bundesbank unverzüglich schriftlich anzeigen. In der Anzeige nach Satz 1 ist jeweils der Betrag anzugeben, um den die Eigenmittelanforderung nicht eingehalten wird.</P></Content></text><fussnoten/></textdaten></norm>
<norm builddate="20190115212017" doknr="BJNR364300009BJNE001001116"><metadaten><jurabk>ZIEV</jurabk><enbez>§ 14</enbez><titel format="XML">Inkrafttreten</titel></metadaten><textdaten><text format="XML"><Content><P>Diese Verordnung tritt am 31. Oktober 2009 in Kraft.</P></Content></text><fussnoten/></textdaten></norm>
<norm builddate="20190115212017" doknr="BJNR364300009BJNE001102116"><metadaten><jurabk>ZIEV</jurabk><enbez>Anlage</enbez><titel format="XML">(zu § 12 Absatz 1)<BR/> ZEM<BR/> Meldebogen zur Berechnung der Eigenmittelanforderungen nach § 15 ZAG</titel></metadaten><textdaten><text format="XML"><Content><kommentar typ="Fundstelle">(Fundstelle: BGBl. I 2018, 2333 - 2336)</kommentar><BR/><P><table frame="none" pgwide="1" tocentry="%yes;"><tgroup align="left" char="" charoff="50" cols="2"><colspec colname="col1" colwidth="82.5*"/><colspec colname="col2" colwidth="82.5*"/><tbody valign="top"><row><entry VJ="1" colname="col1" colsep="0" rowsep="0">Institutsnummer:</entry><entry VJ="1" colname="col2" rowsep="0">Prüfziffer:</entry></row><row><entry VJ="1" colname="col1" colsep="0" rowsep="0">Name:</entry><entry VJ="1" colname="col2" rowsep="0">Ort:</entry></row><row><entry VJ="1" colname="col1" colsep="0" rowsep="0">Meldestichtag:</entry><entry VJ="1" colname="col2" rowsep="0">Sachbearbeiter/-in:</entry></row><row><entry VJ="1" colname="col1" colsep="0"/><entry VJ="1" colname="col2">Telefon:</entry></row></tbody></tgroup></table></P><BR/><BR/><P><B>1. Berechnung der Eigenmittel</B><BR/><BR/><table colsep="1" frame="all" pgwide="1" rowsep="1" tocentry="%yes;"><tgroup align="left" char="" charoff="50" cols="6"><colspec colname="col1" colwidth="9*"/><colspec colname="col2" colwidth="16*"/><colspec colname="col3" colwidth="8.5*"/><colspec colname="col4" colwidth="74*"/><colspec colname="col5" colwidth="14*"/><colspec colname="col6" colwidth="42*"/><thead valign="bottom"><row><entry VJ="1" colname="col1"/><entry VJ="1" align="center" colname="col2" valign="middle">ID</entry><entry VJ="1" align="center" nameend="col4" namest="col3" valign="middle">Bezeichnung</entry><entry VJ="1" align="center" colname="col5">Betrag<FnR ID="F804815_01a_BJNR364300009BJNE001102116"/><BR/> (in Euro)<BR/> 01</entry><entry VJ="1" align="center" colname="col6" valign="middle">Kommentare<BR/> 02</entry></row></thead><tbody valign="top"><row><entry VJ="1" colname="col1"><B>0010</B></entry><entry VJ="1" colname="col2"><B>1</B></entry><entry VJ="1" nameend="col4" namest="col3"><B>Eigenmittel</B></entry><entry VJ="1" colname="col5"/><entry VJ="1" colname="col6"><B>1.1 + 1.2 + 1.4 + 1.5</B></entry></row><row><entry VJ="1" colname="col1"><B>0020</B></entry><entry VJ="1" colname="col2"><B>1.1</B></entry><entry VJ="1" nameend="col4" namest="col3"><B>Kernkapital gem. Art. 25 CRR</B><FnR ID="F804815_02a_BJNR364300009BJNE001102116"/></entry><entry VJ="1" colname="col5"/><entry VJ="1" colname="col6"><B>1.1.1 + 1.1.2</B></entry></row><row><entry VJ="1" colname="col1">0030</entry><entry VJ="1" colname="col2"><B>1.1.1</B></entry><entry VJ="1" nameend="col4" namest="col3">Hartes Kernkapital gem. Art. 26 CRR<FnR ID="F804815_03a_BJNR364300009BJNE001102116"/></entry><entry VJ="1" colname="col5"/><entry VJ="1" align="justify" colname="col6">1.1.1.1 + 1.1.1.2 + 1.1.1.3 + 1.1.1.4 + 1.1.1.5 + 1.1.1.6 + 1.1.1.7 + 1.1.1.8 + 1.1.1.9 + 1.1.1.10 + 1.1.1.11</entry></row><row><entry VJ="1" colname="col1">0040</entry><entry VJ="1" colname="col2">1.1.1.1</entry><entry VJ="1" colname="col3" colsep="0">(+)</entry><entry VJ="1" align="justify" colname="col4">eingezahlte Kapitalinstrumente (inklusive Agio) gem. Art. 28 CRR</entry><entry VJ="1" colname="col5"/><entry VJ="1" colname="col6"/></row><row><entry VJ="1" colname="col1">0050</entry><entry VJ="1" colname="col2"/><entry VJ="1" nameend="col4" namest="col3">nachrichtlich: Kredite an Gesellschafter</entry><entry VJ="1" colname="col5"/><entry VJ="1" colname="col6"/></row><row><entry VJ="1" colname="col1">0060</entry><entry VJ="1" colname="col2">1.1.1.2</entry><entry VJ="1" colname="col3" colsep="0">(–)</entry><entry VJ="1" colname="col4">Entnahmen der Gesellschafter</entry><entry VJ="1" colname="col5"/><entry VJ="1" colname="col6"/></row><row><entry VJ="1" colname="col1">0070</entry><entry VJ="1" colname="col2">1.1.1.3</entry><entry VJ="1" colname="col3" colsep="0">(+/–)</entry><entry VJ="1" align="justify" colname="col4">einbehaltene Gewinne gem. Art. 26 Abs. 1 Satz 1 Buchstabe c CRR</entry><entry VJ="1" colname="col5"/><entry VJ="1" colname="col6"/></row><row><entry VJ="1" colname="col1">0080</entry><entry VJ="1" colname="col2">1.1.1.4</entry><entry VJ="1" colname="col3" colsep="0">(+)</entry><entry VJ="1" align="justify" colname="col4">sonstige Rücklagen gem. Art. 26 Abs. 1 Satz 1 Buchstabe e CRR</entry><entry VJ="1" colname="col5"/><entry VJ="1" colname="col6">1.1.1.4.1 + 1.1.1.4.2</entry></row><row><entry VJ="1" colname="col1">0090</entry><entry VJ="1" colname="col2">1.1.1.4.1</entry><entry VJ="1" nameend="col4" namest="col3">darunter: Kapitalrücklagen</entry><entry VJ="1" colname="col5"/><entry VJ="1" colname="col6"/></row><row><entry VJ="1" colname="col1">0100</entry><entry VJ="1" colname="col2">1.1.1.4.2</entry><entry VJ="1" nameend="col4" namest="col3">darunter: Gewinnrücklagen</entry><entry VJ="1" colname="col5"/><entry VJ="1" colname="col6"/></row><row><entry VJ="1" colname="col1">0110</entry><entry VJ="1" colname="col2">1.1.1.5</entry><entry VJ="1" colname="col3" colsep="0">(+)</entry><entry VJ="1" align="justify" colname="col4">Fonds für allgemeine Bankrisiken gem. Art. 26 Abs. 1 Satz 1 Buchstabe f CRR i. V. m. § 340g HGB</entry><entry VJ="1" colname="col5"/><entry VJ="1" colname="col6"/></row><row><entry VJ="1" colname="col1">0120</entry><entry VJ="1" colname="col2">1.1.1.6</entry><entry VJ="1" colname="col3" colsep="0">(–)</entry><entry VJ="1" align="justify" colname="col4">Verluste des laufenden Geschäftsjahres gem. Art. 36 Abs. 1 Buchstabe a CRR</entry><entry VJ="1" colname="col5"/><entry VJ="1" colname="col6"/></row><row><entry VJ="1" colname="col1">0130</entry><entry VJ="1" colname="col2">1.1.1.7</entry><entry VJ="1" colname="col3" colsep="0">(–)</entry><entry VJ="1" align="justify" colname="col4">immaterielle Vermögenswerte (inklusive bilanzierte Geschäfts- oder Firmenwerte) gem. Art. 36 Abs. 1 Buchstabe b i. V. m. Art. 37 CRR</entry><entry VJ="1" colname="col5"/><entry VJ="1" colname="col6"/></row><row><entry VJ="1" colname="col1">0140</entry><entry VJ="1" colname="col2">1.1.1.8</entry><entry VJ="1" colname="col3" colsep="0">(–)</entry><entry VJ="1" align="justify" colname="col4">in der Bilanz ausgewiesene Vermögenswerte aus Pensionsfonds mit Leistungszusage gem. Art. 36 Abs. 1 Buchstabe e CRR i. V. m. Art. 41 Abs. 1 Buchstabe b CRR</entry><entry VJ="1" colname="col5"/><entry VJ="1" colname="col6"/></row><row><entry VJ="1" colname="col1">0150</entry><entry VJ="1" colname="col2">1.1.1.9</entry><entry VJ="1" colname="col3" colsep="0">(–)</entry><entry VJ="1" align="justify" colname="col4">eigene Instrumente des harten Kernkapitals gem. Art. 36 Abs. 1 Buchstabe f CRR</entry><entry VJ="1" colname="col5"/><entry VJ="1" colname="col6"/></row><row><entry VJ="1" colname="col1">0160</entry><entry VJ="1" colname="col2">1.1.1.10</entry><entry VJ="1" colname="col3" colsep="0">(–)</entry><entry VJ="1" align="justify" colname="col4">der maßgebliche Betrag der direkten, indirekten und synthetischen Positionen in Instrumenten des harten Kernkapitals von Unternehmen der Finanzbranche</entry><entry VJ="1" colname="col5"/><entry VJ="1" colname="col6">1.1.1.10.1 + 1.1.1.10.2</entry></row><row><entry VJ="1" colname="col1">0170</entry><entry VJ="1" colname="col2">1.1.1.10.1</entry><entry VJ="1" align="justify" nameend="col4" namest="col3">darunter: an denen das Institut keine wesentliche Beteiligung hält (gem. Art. 36 Abs. 1 Buchstabe h CRR)</entry><entry VJ="1" colname="col5"/><entry VJ="1" colname="col6"/></row><row><entry VJ="1" colname="col1">0180</entry><entry VJ="1" colname="col2">1.1.1.10.2</entry><entry VJ="1" align="justify" nameend="col4" namest="col3">darunter: an denen das Institut eine wesentliche Beteiligung hält (gem. Art. 36 Abs. 1 Buchstabe i CRR)</entry><entry VJ="1" colname="col5"/><entry VJ="1" colname="col6"/></row><row><entry VJ="1" colname="col1">0190</entry><entry VJ="1" colname="col2">1.1.1.11</entry><entry VJ="1" colname="col3" colsep="0">(+/–)</entry><entry VJ="1" align="justify" colname="col4">andere Bestandteile oder Abzüge bezüglich des harten Kernkapitals gem. Art. 26 oder Art. 36 CRR</entry><entry VJ="1" colname="col5"/><entry VJ="1" colname="col6"/></row><row><entry VJ="1" colname="col1">0200</entry><entry VJ="1" colname="col2"><B>1.1.2</B></entry><entry VJ="1" nameend="col4" namest="col3">Zusätzliches Kernkapital gem. Art. 51 i. V. m. Art. 52 CRR</entry><entry VJ="1" colname="col5"/><entry VJ="1" colname="col6">1.1.2.1 + 1.1.2.2 + 1.1.2.3</entry></row><row><entry VJ="1" colname="col1">0210</entry><entry VJ="1" colname="col2">1.1.2.1</entry><entry VJ="1" colname="col3" colsep="0">(+)</entry><entry VJ="1" align="justify" colname="col4">eingezahlte Kapitalinstrumente (inklusive Agio) gem. Art. 52 CRR</entry><entry VJ="1" colname="col5"/><entry VJ="1" colname="col6"/></row><row><entry VJ="1" colname="col1">0220</entry><entry VJ="1" colname="col2">1.1.2.2</entry><entry VJ="1" colname="col3" colsep="0">(–)</entry><entry VJ="1" align="justify" colname="col4">eigene Instrumente des zusätzlichen Kernkapitals gem. Art. 56 Buchstabe a CRR</entry><entry VJ="1" colname="col5"/><entry VJ="1" colname="col6"/></row><row><entry VJ="1" colname="col1">0230</entry><entry VJ="1" colname="col2">1.1.2.3</entry><entry VJ="1" colname="col3" colsep="0">(+/–)</entry><entry VJ="1" align="justify" colname="col4">andere Bestandteile oder Abzüge bezüglich des zusätzlichen Kernkapitals gem. Art. 51 oder Art. 56 CRR</entry><entry VJ="1" colname="col5"/><entry VJ="1" colname="col6"/></row><row><entry VJ="1" colname="col1"><B>0240</B></entry><entry VJ="1" colname="col2"><B>1.2</B></entry><entry VJ="1" nameend="col4" namest="col3"><B>Ergänzungskapital gem. Art. 71 i. V. m. Art. 62 CRR</B><FnR ID="F804815_04a_BJNR364300009BJNE001102116"/></entry><entry VJ="1" colname="col5"/><entry VJ="1" colname="col6"><B>1.2.1 + 1.2.2</B></entry></row><row><entry VJ="1" colname="col1">0250</entry><entry VJ="1" colname="col2">1.2.1</entry><entry VJ="1" colname="col3" colsep="0">(+)</entry><entry VJ="1" colname="col4">eingezahlte Kapitalinstrumente (inklusive Agio) gem. Art. 63 CRR</entry><entry VJ="1" colname="col5"/><entry VJ="1" colname="col6"/></row><row><entry VJ="1" colname="col1">0260</entry><entry VJ="1" colname="col2">1.2.2</entry><entry VJ="1" colname="col3" colsep="0">(+/–)</entry><entry VJ="1" align="justify" colname="col4">andere Bestandteile oder Abzüge bezüglich des Ergänzungskapitals gem. Art. 62 oder Art. 66 CRR</entry><entry VJ="1" colname="col5"/><entry VJ="1" colname="col6"/></row><row><entry VJ="1" colname="col1"><B>0270</B></entry><entry VJ="1" colname="col2"><B>1.3</B></entry><entry VJ="1" nameend="col4" namest="col3"><B>Zwischenergebnis: Eigenmittel brutto</B></entry><entry VJ="1" colname="col5"/><entry VJ="1" colname="col6"><B>1.1 + 1.2</B></entry></row><row><entry VJ="1" colname="col1"><B>0280</B></entry><entry VJ="1" colname="col2"><B>1.4</B></entry><entry VJ="1" colname="col3" colsep="0"><B>(–)</B></entry><entry VJ="1" align="justify" colname="col4"><B>Abzugsposten für Beteiligungen gem. § 15 Abs. 1 Satz 3 ZAG</B></entry><entry VJ="1" colname="col5"/><entry VJ="1" colname="col6"/></row><row><entry VJ="1" colname="col1"><B>0290</B></entry><entry VJ="1" colname="col2"><B>1.5</B></entry><entry VJ="1" nameend="col4" namest="col3"><B>Korrekturposten gem. § 15 Abs. 1 Satz 4 ZAG</B></entry><entry VJ="1" colname="col5"/><entry VJ="1" colname="col6"/></row></tbody></tgroup></table></P><P><U>Hinweis:</U> Die dargestellte Tabelle deckt nicht sämtliche Positionen zur Berechnung der Eigenmittel ab; hierzu wird ausdrücklich auf § 15 ZAG in Verbindung mit § 1 Abs. 29 ZAG verwiesen. Abweichend von der Ermittlung der anrechenbaren Eigenmittel besteht das Anfangskapital nach § 1 Abs. 30 ZAG nur aus den Positionen des harten Kernkapitals gemäß Art. 26 Abs. 1 Satz 1 Buchstabe a bis e CRR.</P><P><FnArea Line="0" Size="normal"><FnR ID="F804815_01a_BJNR364300009BJNE001102116"/><FnR ID="F804815_02a_BJNR364300009BJNE001102116"/><FnR ID="F804815_03a_BJNR364300009BJNE001102116"/><FnR ID="F804815_04a_BJNR364300009BJNE001102116"/></FnArea></P><P><B>2. Berechnung der Eigenmittelanforderungen für Zahlungsinstitute</B><FnR ID="F804815_05a_BJNR364300009BJNE001102116"/><BR/><BR/><table colsep="1" frame="all" pgwide="1" rowsep="1" tocentry="%yes;"><tgroup align="left" char="" charoff="50" cols="6"><colspec colname="col1" colwidth="9*"/><colspec colname="col2" colwidth="16*"/><colspec colname="col3" colwidth="8.5*"/><colspec colname="col4" colwidth="74*"/><colspec colname="col5" colwidth="14*"/><colspec colname="col6" colwidth="42*"/><tbody valign="top"><row><entry VJ="1" nameend="col2" namest="col1">0300</entry><entry VJ="1" nameend="col4" namest="col3">Skalierungsfaktor</entry><entry VJ="1" colname="col5"/><entry VJ="1" colname="col6">gemäß § 2 Abs. 2 ZIEV</entry></row></tbody></tgroup></table><BR/><BR/><table colsep="1" frame="all" rowsep="1" tocentry="%yes;"><tgroup align="left" char="" charoff="50" cols="6"><colspec colname="col1" colwidth="9*"/><colspec colname="col2" colwidth="16*"/><colspec colname="col3" colwidth="8.5*"/><colspec colname="col4" colwidth="74*"/><colspec colname="col5" colwidth="14*"/><colspec colname="col6" colwidth="42*"/><thead valign="bottom"><row><entry VJ="1" colname="col1"/><entry VJ="1" align="center" colname="col2" valign="middle">ID</entry><entry VJ="1" align="center" nameend="col4" namest="col3" valign="middle">Bezeichnung<BR/></entry><entry VJ="1" align="center" colname="col5">Betrag<SUP>1</SUP><BR/> (in Euro)<BR/> 01</entry><entry VJ="1" align="center" colname="col6" valign="middle">Kommentare<BR/> 02</entry></row></thead><tbody valign="top"><row><entry VJ="1" colname="col1">0310</entry><entry VJ="1" colname="col2">2</entry><entry VJ="1" nameend="col4" namest="col3">Eigenmittelanforderungen für Zahlungsinstitute insgesamt</entry><entry VJ="1" colname="col5"/><entry VJ="1" align="justify" colname="col6">Endergebnis der<BR/> gerechneten Methode<FnR ID="F804815_06a_BJNR364300009BJNE001102116"/></entry></row><row><entry VJ="1" colname="col1">0320</entry><entry VJ="1" colname="col2">2.1</entry><entry VJ="1" nameend="col4" namest="col3">Eigenmittelanforderungen nach Methode A</entry><entry VJ="1" colname="col5"/><entry VJ="1" align="justify" colname="col6">Eigenmittelanforderungen nach § 3 ZIEV (2.1.1 +<BR/> 2.1.2 + 2.1.3) * 0,1</entry></row><row><entry VJ="1" colname="col1">0330</entry><entry VJ="1" colname="col2">2.1.1</entry><entry VJ="1" nameend="col4" namest="col3">Allgemeine Verwaltungsaufwendungen</entry><entry VJ="1" colname="col5"/><entry VJ="1" align="justify" colname="col6"/></row><row><entry VJ="1" colname="col1">0340</entry><entry VJ="1" colname="col2">2.1.2</entry><entry VJ="1" align="justify" nameend="col4" namest="col3">Abschreibungen und Wertberichtigungen auf immaterielle Anlagewerte und Sachanlagen</entry><entry VJ="1" colname="col5"/><entry VJ="1" colname="col6"/></row><row><entry VJ="1" colname="col1">0350</entry><entry VJ="1" colname="col2">2.1.3</entry><entry VJ="1" nameend="col4" namest="col3">Sonstige betriebliche Aufwendungen</entry><entry VJ="1" colname="col5"/><entry VJ="1" colname="col6"/></row><row><entry VJ="1" colname="col1">0360</entry><entry VJ="1" colname="col2">2.2</entry><entry VJ="1" nameend="col4" namest="col3">Eigenmittelanforderungen nach Methode B</entry><entry VJ="1" colname="col5"/><entry VJ="1" align="justify" colname="col6">Eigenmittelanforderungen nach § 4 ZIEV (2.2.1.1 +<BR/> 2.2.1.2 + 2.2.1.3 + 2.2.1.4 + 2.2.1.5) * Zeile 0300</entry></row><row><entry VJ="1" colname="col1">0370</entry><entry VJ="1" colname="col2">2.2.1</entry><entry VJ="1" align="justify" nameend="col4" namest="col3">Zahlungsvolumen</entry><entry VJ="1" colname="col5"/><entry VJ="1" colname="col6"/></row><row><entry VJ="1" colname="col1">0380</entry><entry VJ="1" colname="col2">2.2.1.1</entry><entry VJ="1" align="justify" nameend="col4" namest="col3">Tranche bis 5 Mio. Euro</entry><entry VJ="1" colname="col5"/><entry VJ="1" colname="col6">Betrag nach § 4 Nr. 1 ZIEV</entry></row><row><entry VJ="1" colname="col1">0390</entry><entry VJ="1" colname="col2">2.2.1.2</entry><entry VJ="1" nameend="col4" namest="col3">Tranche von über 5 Mio. bis 10 Mio. Euro</entry><entry VJ="1" colname="col5"/><entry VJ="1" colname="col6">Betrag nach § 4 Nr. 2 ZIEV</entry></row><row><entry VJ="1" colname="col1">0400</entry><entry VJ="1" colname="col2">2.2.1.3</entry><entry VJ="1" nameend="col4" namest="col3">Tranche von über 10 Mio. bis 100 Mio. Euro</entry><entry VJ="1" colname="col5"/><entry VJ="1" colname="col6">Betrag nach § 4 Nr. 3 ZIEV</entry></row><row><entry VJ="1" colname="col1">0410</entry><entry VJ="1" colname="col2">2.2.1.4</entry><entry VJ="1" nameend="col4" namest="col3">Tranche von über 100 Mio. bis 250 Mio. Euro</entry><entry VJ="1" colname="col5"/><entry VJ="1" colname="col6">Betrag nach § 4 Nr. 4 ZIEV</entry></row><row><entry VJ="1" colname="col1">0420</entry><entry VJ="1" colname="col2">2.2.1.5</entry><entry VJ="1" nameend="col4" namest="col3">Tranche über 250 Mio. Euro</entry><entry VJ="1" colname="col5"/><entry VJ="1" colname="col6">Betrag nach § 4 Nr. 5 ZIEV</entry></row><row><entry VJ="1" colname="col1">0430</entry><entry VJ="1" colname="col2">2.3</entry><entry VJ="1" nameend="col4" namest="col3">Eigenmittelanforderungen nach Methode C</entry><entry VJ="1" colname="col5"/><entry VJ="1" align="justify" colname="col6">Eigenmittelanforderungen nach § 5 ZIEV (2.3.5.1 +<BR/> 2.3.5.2 + 2.3.5.3 + 2.3.5.4 + 2.3.5.5) * Zeile 0300;<BR/> mindestens 0,8 * Betrag in Zeile 540</entry></row><row><entry VJ="1" colname="col1">0440</entry><entry VJ="1" colname="col2">2.3.1</entry><entry VJ="1" nameend="col4" namest="col3">Zinserträge</entry><entry VJ="1" colname="col5"/><entry VJ="1" colname="col6"/></row><row><entry VJ="1" colname="col1">0450</entry><entry VJ="1" colname="col2">2.3.2</entry><entry VJ="1" colname="col3" colsep="0">(–)</entry><entry VJ="1" colname="col4">Zinsaufwand</entry><entry VJ="1" colname="col5"/><entry VJ="1" colname="col6"/></row><row><entry VJ="1" colname="col1">0460</entry><entry VJ="1" colname="col2">2.3.3</entry><entry VJ="1" nameend="col4" namest="col3">Einnahmen aus Provisionen und Entgelten</entry><entry VJ="1" colname="col5"/><entry VJ="1" colname="col6"/></row><row><entry VJ="1" colname="col1">0470</entry><entry VJ="1" colname="col2">2.3.4</entry><entry VJ="1" nameend="col4" namest="col3">Sonstige betriebliche Erträge</entry><entry VJ="1" colname="col5"/><entry VJ="1" colname="col6"/></row><row><entry VJ="1" colname="col1">0480</entry><entry VJ="1" colname="col2">2.3.5</entry><entry VJ="1" nameend="col4" namest="col3">Maßgeblicher Indikator</entry><entry VJ="1" colname="col5"/><entry VJ="1" colname="col6">2.3.1 + 2.3.2 + 2.3.3 + 2.3.4</entry></row><row><entry VJ="1" colname="col1">0490</entry><entry VJ="1" colname="col2">2.3.5.1</entry><entry VJ="1" nameend="col4" namest="col3">Tranche bis 2,5 Mio. Euro</entry><entry VJ="1" colname="col5"/><entry VJ="1" align="justify" colname="col6">Betrag nach § 5 Abs. 3<BR/> Nr. 1 ZIEV</entry></row><row><entry VJ="1" colname="col1">0500</entry><entry VJ="1" colname="col2">2.3.5.2</entry><entry VJ="1" nameend="col4" namest="col3">Tranche von über 2,5 Mio. bis 5 Mio. Euro</entry><entry VJ="1" colname="col5"/><entry VJ="1" align="justify" colname="col6">Betrag nach § 5 Abs. 3<BR/> Nr. 2 ZIEV</entry></row><row><entry VJ="1" colname="col1">0510</entry><entry VJ="1" colname="col2">2.3.5.3</entry><entry VJ="1" nameend="col4" namest="col3">Tranche von über 5 Mio. bis 25 Mio. Euro</entry><entry VJ="1" colname="col5"/><entry VJ="1" align="justify" colname="col6">Betrag nach § 5 Abs. 3<BR/> Nr. 3 ZIEV</entry></row><row><entry VJ="1" colname="col1">0520</entry><entry VJ="1" colname="col2">2.3.5.4</entry><entry VJ="1" nameend="col4" namest="col3">Tranche von über 25 Mio. bis 50 Mio. Euro</entry><entry VJ="1" colname="col5"/><entry VJ="1" align="justify" colname="col6">Betrag nach § 5 Abs. 3<BR/> Nr. 4 ZIEV</entry></row><row><entry VJ="1" colname="col1">0530</entry><entry VJ="1" colname="col2">2.3.5.5</entry><entry VJ="1" nameend="col4" namest="col3">Tranche über 50 Mio. Euro</entry><entry VJ="1" colname="col5"/><entry VJ="1" align="justify" colname="col6">Betrag nach § 5 Abs. 3<BR/> Nr. 5 ZIEV</entry></row><row><entry VJ="1" colname="col1">0540</entry><entry VJ="1" colname="col2">2.3.6</entry><entry VJ="1" align="justify" nameend="col4" namest="col3">Eigenmittelanforderungen nach Methode C unter Verwendung des Durchschnittswerts des maßgeblichen Indikators für vorausgegangene drei Geschäftsjahre</entry><entry VJ="1" colname="col5"/><entry VJ="1" colname="col6"/></row></tbody></tgroup></table></P><P><FnArea Line="0" Size="normal"><FnR ID="F804815_05a_BJNR364300009BJNE001102116"/><FnR ID="F804815_06a_BJNR364300009BJNE001102116"/></FnArea></P><P><B>3. Berechnung der Eigenmittelanforderungen für E-Geld-Institute</B><BR/><BR/><table colsep="1" frame="all" pgwide="1" rowsep="1" tocentry="%yes;"><tgroup align="left" char="" charoff="50" cols="6"><colspec colname="col1" colwidth="9*"/><colspec colname="col2" colwidth="16*"/><colspec colname="col3" colwidth="8.5*"/><colspec colname="col4" colwidth="74*"/><colspec colname="col5" colwidth="14*"/><colspec colname="col6" colwidth="42*"/><tbody valign="top"><row><entry VJ="1" colname="col1">0550</entry><entry VJ="1" colname="col2">3</entry><entry VJ="1" nameend="col4" namest="col3">Eigenmittelanforderungen für E-Geld-Institute insgesamt</entry><entry VJ="1" colname="col5"/><entry VJ="1" colname="col6">Eigenmittelanforderungen nach § 7 ZIEV<BR/> = 3.1 + 3.2</entry></row><row><entry VJ="1" colname="col1">0560</entry><entry VJ="1" colname="col2">3.1</entry><entry VJ="1" nameend="col4" namest="col3">Eigenmittelanforderungen nach Methode D</entry><entry VJ="1" colname="col5"/><entry VJ="1" colname="col6">Eigenmittelanforderungen nach § 9 ZIEV<BR/> = 3.1.2</entry></row><row><entry VJ="1" colname="col1">0570</entry><entry VJ="1" colname="col2">3.1.1</entry><entry VJ="1" align="justify" nameend="col4" namest="col3">Durchschnittlicher E-Geld-Umlauf i. S. d. § 1 Abs. 14 ZAG</entry><entry VJ="1" colname="col5"/><entry VJ="1" colname="col6"/></row><row><entry VJ="1" colname="col1">0580</entry><entry VJ="1" colname="col2">3.1.2</entry><entry VJ="1" nameend="col4" namest="col3">Gewichtung des durchschnittlichen E-Geld-Umlaufs</entry><entry VJ="1" colname="col5"/><entry VJ="1" colname="col6">= 3.1.1 * 0,02</entry></row><row><entry VJ="1" colname="col1">0590</entry><entry VJ="1" colname="col2">3.2</entry><entry VJ="1" nameend="col4" namest="col3">Eigenmittelanforderungen für erbrachte Zahlungsdienste</entry><entry VJ="1" colname="col5"/><entry VJ="1" colname="col6">Gemäß § 8 ZIEV<BR/> = Zelle 310</entry></row></tbody></tgroup></table></P><P><B>4. Überschuss/Defizit oder Eigenmittel</B><BR/><BR/><table colsep="1" frame="all" pgwide="1" rowsep="1" tocentry="%yes;"><tgroup align="left" char="" charoff="50" cols="6"><colspec colname="col1" colwidth="9*"/><colspec colname="col2" colwidth="16*"/><colspec colname="col3" colwidth="8.5*"/><colspec colname="col4" colwidth="74*"/><colspec colname="col5" colwidth="14*"/><colspec colname="col6" colwidth="42*"/><tbody valign="top"><row><entry VJ="1" colname="col1">0600</entry><entry VJ="1" align="justify" nameend="col4" namest="col2">Überschuss/Defizit ohne Korrekturposten gem. § 15 Abs. 1 Satz 2 und Abs. 2 Satz 3 ZAG</entry><entry VJ="1" colname="col5"/><entry VJ="1" align="justify" colname="col6">0010 – 0310 nur bei<BR/> Zahlungsinstituten</entry></row><row><entry VJ="1" colname="col1">0610</entry><entry VJ="1" align="justify" nameend="col4" namest="col2">Überschuss/Defizit ohne Korrekturposten gem. § 15 Abs. 1 Satz 2 und Abs. 2 Satz 3 ZAG</entry><entry VJ="1" colname="col5"/><entry VJ="1" align="justify" colname="col6">0010 – 0550 nur bei<BR/> E-Geld-Instituten</entry></row><row><entry VJ="1" colname="col1">0620</entry><entry VJ="1" nameend="col4" namest="col2">Überschuss/Defizit inklusive Korrekturposten gem. § 15 Abs. 1 Satz 2 und Abs. 2 Satz 3 ZAG</entry><entry VJ="1" colname="col5"/><entry VJ="1" align="justify" colname="col6">0600 mit Korrekturposten<BR/> gewichtet</entry></row><row><entry VJ="1" colname="col1">0630</entry><entry VJ="1" align="justify" nameend="col4" namest="col2">Überschuss/Defizit inklusive Korrekturposten gem. § 15 Abs. 1 Satz 2 und Abs. 2 Satz 3 ZAG</entry><entry VJ="1" colname="col5"/><entry VJ="1" align="justify" colname="col6">0610 mit Korrekturposten<BR/> gewichtet</entry></row></tbody></tgroup></table></P><P><B>5. Eigenmittelunterlegung nach der CRR</B><FnR ID="F804815_07a_BJNR364300009BJNE001102116"/><BR/><BR/><table colsep="1" frame="all" pgwide="1" rowsep="1" tocentry="%yes;"><tgroup align="left" char="" charoff="50" cols="6"><colspec colname="col1" colwidth="9*"/><colspec colname="col2" colwidth="16*"/><colspec colname="col3" colwidth="8.5*"/><colspec colname="col4" colwidth="74*"/><colspec colname="col5" colwidth="14*"/><colspec colname="col6" colwidth="42*"/><tbody valign="top"><row><entry VJ="1" colname="col1">0640</entry><entry VJ="1" nameend="col4" namest="col2">Eigenmittelunterlegung erfolgt nach CRR</entry><entry VJ="1" colname="col5"/><entry VJ="1" colname="col6"><FnR ID="F804815_08a_BJNR364300009BJNE001102116"/></entry></row></tbody></tgroup></table></P><P><FnArea Line="0" Size="normal"><FnR ID="F804815_07a_BJNR364300009BJNE001102116"/><FnR ID="F804815_08a_BJNR364300009BJNE001102116"/></FnArea></P></Content><Footnotes><Footnote FnZ="1" Group="manuell" ID="F804815_01a_BJNR364300009BJNE001102116" Pos="exp"><noindex>Jeder Betrag, der die Eigenmittel erhöht, hat ein positives Vorzeichen. Jeder Betrag, der die Eigenmittel reduziert, hat ein negatives Vorzeichen.</noindex></Footnote><Footnote FnZ="2" Group="manuell" ID="F804815_02a_BJNR364300009BJNE001102116" Pos="exp"><noindex>CRR bezeichnet in dieser Anlage die Verordnung (EU) Nr. 575/2013 des Europäischen Parlaments und des Rates vom 26. Juni 2013 über Aufsichtsanforderungen an Kreditinstitute und Wertpapierfirmen und zur Änderung der Verordnung (EU) Nr. 648/2012 (ABl. L 176 vom 27.6.2013, S. 1).</noindex></Footnote><Footnote FnZ="3" Group="manuell" ID="F804815_03a_BJNR364300009BJNE001102116" Pos="exp"><noindex>Bei der Berechnung der Eigenmittel müssen mindestens 75 Prozent des Kernkapitals in Form von hartem Kernkapital nach Artikel 50 CRR berücksichtigt werden.</noindex></Footnote><Footnote FnZ="4" Group="manuell" ID="F804815_04a_BJNR364300009BJNE001102116" Pos="exp"><noindex>Bei der Berechnung der Eigenmittel darf das Ergänzungskapital höchstens ein Drittel des harten Kernkapitals betragen.</noindex></Footnote><Footnote FnZ="5" Group="manuell" ID="F804815_05a_BJNR364300009BJNE001102116" Pos="exp"><noindex>Bei Zahlungsinstituten ist die in § 2 Abs. 1 ZIEV vorgegebene Methode B anzuwenden, sofern nicht nach § 6 ZIEV eine andere Methode festgelegt worden ist. Die Anforderungen sind für die jeweils angewendete Methode vollständig zu melden. Die Ziffern 2 bis 5 sind von Unternehmen, die ausschließlich Zahlungsauslösedienste erbringen, nicht anzugeben.</noindex></Footnote><Footnote FnZ="6" Group="manuell" ID="F804815_06a_BJNR364300009BJNE001102116" Pos="exp"><noindex>Das jeweilige Endergebnis für die gerechnete Methode (Zeile 0320, 0360 oder 0430) ist in diese Zeile zu übertragen.</noindex></Footnote><Footnote FnZ="7" Group="manuell" ID="F804815_07a_BJNR364300009BJNE001102116" Pos="exp"><noindex>Nur auszufüllen von Instituten, die eine Erlaubnis gemäß § 32 Abs. 1 des Kreditwesengesetzes (KWG) haben.</noindex></Footnote><Footnote FnZ="8" Group="manuell" ID="F804815_08a_BJNR364300009BJNE001102116" Pos="exp"><noindex>„1“ eintragen, wenn die Eigenmittelanforderungen nach ZIEV kleiner oder gleich den Eigenmittelanforderungen nach der CRR;<BR/> „2“ eintragen, wenn die Eigenmittelanforderungen nach ZIEV größer den Eigenmittelanforderungen nach der CRR.</noindex></Footnote></Footnotes></text><fussnoten/></textdaten></norm>
</dokumente>