<?xml version="1.0" encoding="UTF-8" ?><!DOCTYPE dokumente SYSTEM "http://www.gesetze-im-internet.de/dtd/1.01/gii-norm.dtd">
<dokumente builddate="20250228223001" doknr="BJNR000300017"><norm builddate="20250228223001" doknr="BJNR000300017"><metadaten><jurabk>StromBGebV</jurabk><amtabk>StromBGebV</amtabk><ausfertigung-datum manuell="ja">2017-01-02</ausfertigung-datum><fundstelle typ="amtlich"><periodikum>BGBl I</periodikum><zitstelle>2017, 3</zitstelle></fundstelle><kurzue>Besondere Gebührenverordnung Strom</kurzue><langue>Besondere Gebührenverordnung für den Zuständigkeitsbereich Strom des Bundesministeriums für Wirtschaft und Energie</langue><standangabe checked="ja"><standtyp>Stand</standtyp><standkommentar>Zuletzt geändert durch Art. 1 V v. 18.2.2025 I Nr. 41</standkommentar></standangabe></metadaten><textdaten><fussnoten><Content><P><BR/> <pre xml:space="preserve">(+++ Textnachweis ab: 4.1.2017 +++)<BR/><BR/></pre></P></Content></fussnoten></textdaten></norm>
<norm builddate="20250228223001" doknr="BJNR000300017BJNE000100000"><metadaten><jurabk>StromBGebV</jurabk><enbez>Eingangsformel</enbez></metadaten><textdaten><text format="XML"><Content><P>Auf Grund des § 22 Absatz 4 Satz 1 des Bundesgebührengesetzes vom 7. August 2013 (BGBl. I S. 3154) in Verbindung mit § 76 des Windenergie-auf-See-Gesetzes vom 13. Oktober 2016 (BGBl. I S. 2258, 2310) verordnet das Bundesministerium für Wirtschaft und Energie:</P></Content></text></textdaten></norm>
<norm builddate="20250228223001" doknr="BJNR000300017BJNE000203130"><metadaten><jurabk>StromBGebV</jurabk><enbez>§ 1</enbez><titel format="XML">Gebührenerhebung</titel></metadaten><textdaten><text format="XML"><Content><P>(1) Für individuell zurechenbare öffentliche Leistungen nach Teil 2 Abschnitt 2 und den Teilen 3 und 5 des Windenergie-auf-See-Gesetzes erhebt die Bundesnetzagentur Gebühren nach dem Gebührenverzeichnis der Anlage.</P><P>(2) Für individuell zurechenbare öffentliche Leistungen nach den Teilen 4 und 5 des Windenergie-auf-See-Gesetzes erhebt das Bundesamt für Seeschifffahrt und Hydrographie Gebühren nach dem Gebührenverzeichnis der Anlage.</P></Content></text><fussnoten/></textdaten></norm>
<norm builddate="20250228223001" doknr="BJNR000300017BJNE000301128"><metadaten><jurabk>StromBGebV</jurabk><enbez>§ 2</enbez><titel format="XML">Auslagenerhebung</titel></metadaten><textdaten><text format="XML"><Content><P>Auslagen werden nach § 12 Absatz 1 Satz 1 des Bundesgebührengesetzes gesondert erhoben.</P></Content></text><fussnoten/></textdaten></norm>
<norm builddate="20250228223001" doknr="BJNR000300017BJNE000501128"><metadaten><jurabk>StromBGebV</jurabk><enbez>§ 3</enbez><titel format="XML">Übergangsregelungen und Verhältnis zu weiteren Gebührenverordnungen</titel></metadaten><textdaten><text format="XML"><Content><P>(1) Für die Erhebung von Gebühren für individuell zurechenbare öffentliche Leistungen durch das Bundesamt für Seeschifffahrt und Hydrographie in Verfahren, auf die nach § 102 Absatz 1 des Windenergie-auf-See-Gesetzes oder nach § 18 des Seeanlagengesetzes vom 13. Oktober 2016 (BGBl. I S. 2258, 2348) weiterhin die Seeanlagenverordnung anzuwenden ist oder in Verfahren nach Teil 4 Abschnitt 1 und 2 und Teil 5 des Windenergie-auf-See-Gesetzes, auf die nach § 102 Absatz 4 des Windenergie-auf-See-Gesetzes weiterhin das Windenergie-auf-See-Gesetz in der am 31. Dezember 2022 geltenden Fassung anzuwenden ist, ist die BMDV-Wasserstraßen und Schifffahrt Besondere Gebührenverordnung vom 28. Oktober 2021 (BGBl. I S. 4744), die zuletzt durch Artikel 2 der Verordnung vom 29. Januar 2025 (BGBl. 2025 I Nr. 28) geändert worden ist, in der jeweils geltenden Fassung anzuwenden.</P><P>(2) Im Übrigen sind für die Erhebung von Gebühren und Auslagen für eine gebührenfähige Leistung, die vor dem 1. März 2025 beantragt oder begonnen, aber nicht vollständig erbracht wurde, die bis zum Ablauf des 28. Februar 2025 geltenden gebührenrechtlichen Regelungen weiterhin anzuwenden.</P><P>(3) Die Erhebung von Gebühren und Auslagen für individuell zurechenbare öffentliche Leistungen, die von der Bundesnetzagentur oder vom Bundesamt für Seeschifffahrt und Hydrographie auf Grund anderer Rechtsvorschriften als dem Windenergie-auf-See-Gesetz erbracht werden, wird durch diese Verordnung nicht ausgeschlossen.</P></Content></text><fussnoten/></textdaten></norm>
<norm builddate="20250228223001" doknr="BJNR000300017BJNE000405128"><metadaten><jurabk>StromBGebV</jurabk><enbez>Anlage</enbez><titel format="XML">(zu § 1)<BR/>Gebührenverzeichnis</titel></metadaten><textdaten><text format="XML"><Content><P><noindex><kommentar typ="Fundstelle">(Fundstelle: BGBl. 2023 I, Nr. 24, 2 - 5 <BR/> bzgl. der einzelnen Änderungen vgl. Fußnote)</kommentar></noindex></P><BR/><BR/><table colsep="1" frame="all" pgwide="1" rowsep="1" tocentry="%yes;"><tgroup align="left" char="" charoff="50" cols="5"><colspec colname="col1" colwidth="14*"/><colspec align="justify" colname="col2" colwidth="11*"/><colspec align="justify" colname="col3" colwidth="5*"/><colspec align="justify" colname="col4" colwidth="114*"/><colspec align="right" colname="col5" colwidth="30*"/><thead valign="bottom"><row><entry VJ="1" align="center" colname="col1" valign="middle">Lfd.<BR/> Nr.</entry><entry VJ="1" align="center" nameend="col4" namest="col2" valign="middle">Gebührentatbestand</entry><entry VJ="1" align="center" colname="col5" valign="middle">Gebühr in Euro</entry></row></thead><tbody valign="top"><row><entry VJ="1" nameend="col5" namest="col1"><B>§ 1 Absatz 1: Leistungen der Bundesnetzagentur<BR/> nach Teil 2 Abschnitt 2 und Teil 3 und 5 des Windenergie-auf-See-Gesetzes</B></entry></row><row><entry VJ="1" colname="col1">1.</entry><entry VJ="1" nameend="col4" namest="col2">Zuschlagsverfahren für nicht zentral voruntersuchte Flächen</entry><entry VJ="1" colname="col5"/></row><row><entry VJ="1" colname="col1">1.1</entry><entry VJ="1" nameend="col4" namest="col2">Durchführung eines Zuschlagsverfahrens für nicht zentral voruntersuchte Flächen nach § 14 Absatz 2 Satz 1 Nummer 2 i. V. m. § 20 des Windenergie-auf-See-Gesetzes</entry><entry VJ="1" colname="col5" valign="middle">5 119,00</entry></row><row><entry VJ="1" colname="col1">1.2</entry><entry VJ="1" nameend="col4" namest="col2">Durchführung eines dynamischen Gebotsverfahrens für nicht zentral voruntersuchte Flächen nach § 21 des Windenergie-auf-See-Gesetzes</entry><entry VJ="1" colname="col5" valign="middle">7 267,00</entry></row><row><entry VJ="1" colname="col1">2.</entry><entry VJ="1" nameend="col4" namest="col2">Zuschlagsverfahren für zentral voruntersuchte Flächen</entry><entry VJ="1" colname="col5"/></row><row><entry VJ="1" colname="col1">2.1.</entry><entry VJ="1" nameend="col4" namest="col2">Durchführung eines Zuschlagsverfahrens für zentral voruntersuchte Flächen nach § 14 Absatz 2 Satz 1 Nummer 1 i. V. m. § 54 des Windenergie-auf-See-Gesetzes</entry><entry VJ="1" colname="col5" valign="middle">8 860,00</entry></row><row><entry VJ="1" colname="col1">2.2</entry><entry VJ="1" nameend="col4" namest="col2">Durchführung eines ergänzenden Zuschlagsverfahrens für zentral voruntersuchte Flächen nach § 54 Absatz 2 Satz 2 und 3 des Windenergie-auf-See-Gesetzes</entry><entry VJ="1" colname="col5" valign="middle">3 773,00</entry></row><row><entry VJ="1" colname="col1">3.</entry><entry VJ="1" nameend="col4" namest="col2">Durchführung der zentralen Voruntersuchungen der Fläche, für die dem Bieter der Zuschlag erteilt wurde</entry><entry VJ="1" colname="col5"/></row><row><entry VJ="1" colname="col1">3.1</entry><entry VJ="1" nameend="col4" namest="col2">Durchführung der zentralen Voruntersuchungen der Fläche N-3.7 des Flächenentwicklungsplans 2020, deren Ergebnisse nach § 24 Absatz 1 Nummer 1 des Windenergie-auf-See-Gesetzes in der bis zum Ablauf des 31. Dezember 2022 geltenden Fassung dem bezuschlagten Bieter zugutekommen</entry><entry VJ="1" colname="col5" valign="middle">6 187 604,98</entry></row><row><entry VJ="1" colname="col1">3.2</entry><entry VJ="1" nameend="col4" namest="col2">Durchführung der zentralen Voruntersuchungen der Fläche N-3.8 des Flächenentwicklungsplans 2020, deren Ergebnisse nach § 24 Absatz 1 Nummer 1 des Windenergie-auf-See-Gesetzes in der bis zum Ablauf des 31. Dezember 2022 geltenden Fassung dem bezuschlagten Bieter zugutekommen</entry><entry VJ="1" colname="col5" valign="middle">5 544 096,54</entry></row><row><entry VJ="1" colname="col1">3.3</entry><entry VJ="1" nameend="col4" namest="col2">Durchführung der zentralen Voruntersuchungen der Fläche O-1.3 des Flächenentwicklungsplans 2020, deren Ergebnisse nach § 24 Absatz 1 Nummer 1 des Windenergie-auf-See-Gesetzes in der bis zum Ablauf des 31. Dezember 2022 geltenden Fassung dem bezuschlagten Bieter zugutekommen</entry><entry VJ="1" colname="col5" valign="middle">8 188 751,56</entry></row><row><entry VJ="1" colname="col1">3.4</entry><entry VJ="1" nameend="col4" namest="col2">Durchführung der zentralen Voruntersuchungen der Fläche N-7.2 des Flächenentwicklungsplans 2020, deren Ergebnisse nach § 24 Absatz 1 Nummer 1 des Windenergie-auf-See-Gesetzes in der bis zum Ablauf des 31. Dezember 2022 geltenden Fassung dem bezuschlagten Bieter zugutekommen</entry><entry VJ="1" colname="col5" valign="middle">17 285 127,99</entry></row><row><entry VJ="1" colname="col1">3.5</entry><entry VJ="1" nameend="col4" namest="col2">Durchführung der zentralen Voruntersuchungen der Fläche N-3.5 des Flächenentwicklungsplans, deren Ergebnisse nach § 55 Absatz 1 Nummer 1 des Windenergie-auf-See-Gesetzes dem bezuschlagten Bieter zugutekommen</entry><entry VJ="1" colname="col5" valign="middle">6 265 769,15</entry></row><row><entry VJ="1" colname="col1">3.6</entry><entry VJ="1" nameend="col4" namest="col2">Durchführung der zentralen Voruntersuchungen der Fläche N-3.6 des Flächenentwicklungsplans, deren Ergebnisse nach § 55 Absatz 1 Nummer 1 des Windenergie-auf-See-Gesetzes dem bezuschlagten Bieter zugutekommen</entry><entry VJ="1" colname="col5" valign="middle">5 589 261,76</entry></row><row><entry VJ="1" colname="col1">3.7</entry><entry VJ="1" nameend="col4" namest="col2">Durchführung der zentralen Voruntersuchungen der Fläche N-6.6 des Flächenentwicklungsplans, deren Ergebnisse nach § 55 Absatz 1 Nummer 1 des Windenergie-auf-See-Gesetzes dem bezuschlagten Bieter zugutekommen</entry><entry VJ="1" colname="col5" valign="middle">9 065 662,10</entry></row><row><entry VJ="1" colname="col1">3.8</entry><entry VJ="1" nameend="col4" namest="col2">Durchführung der zentralen Voruntersuchungen der Fläche N-6.7 des Flächenentwicklungsplans, deren Ergebnisse nach § 55 Absatz 1 Nummer 1 des Windenergie-auf-See-Gesetzes dem bezuschlagten Bieter zugutekommen</entry><entry VJ="1" colname="col5" valign="middle">8 495 164,75</entry></row><row><entry VJ="1">3.9</entry><entry VJ="1" nameend="col4" namest="col2">Durchführung der zentralen Voruntersuchungen der Fläche N-9.1 des Flächenentwicklungsplans, deren Ergebnisse nach § 55 Absatz 1 Nummer 1 des Windenergie-auf-See-Gesetzes dem bezuschlagten Bieter zugutekommen</entry><entry VJ="1" valign="middle">29 874 703,60</entry></row><row><entry VJ="1">3.10</entry><entry VJ="1" nameend="col4" namest="col2">Durchführung der zentralen Voruntersuchungen der Fläche N-9.2 des Flächenentwicklungsplans, deren Ergebnisse nach § 55 Absatz 1 Nummer 1 des Windenergie-auf-See-Gesetzes dem bezuschlagten Bieter zugutekommen</entry><entry VJ="1" valign="middle">31 949 678,08</entry></row><row><entry VJ="1">3.11</entry><entry VJ="1" nameend="col4" namest="col2">Durchführung der zentralen Voruntersuchungen der Fläche N-9.3 des Flächenentwicklungsplans, deren Ergebnisse nach § 55 Absatz 1 Nummer 1 des Windenergie-auf-See-Gesetzes dem bezuschlagten Bieter zugutekommen</entry><entry VJ="1" valign="middle">23 111 971,63</entry></row><row><entry VJ="1">3.12</entry><entry VJ="1" nameend="col4" namest="col2">Durchführung der zentralen Voruntersuchungen der Fläche N-10.1 des Flächenentwicklungsplans, deren Ergebnisse nach § 55 Absatz 1 Nummer 1 des Windenergie-auf-See-Gesetzes dem bezuschlagten Bieter zugutekommen</entry><entry VJ="1" valign="middle">37 369 788,42</entry></row><row><entry VJ="1">3.13</entry><entry VJ="1" nameend="col4" namest="col2">Durchführung der zentralen Voruntersuchungen der Fläche N-10.2 des Flächenentwicklungsplans, deren Ergebnisse nach § 55 Absatz 1 Nummer 1 des Windenergie-auf-See-Gesetzes dem bezuschlagten Bieter zugutekommen</entry><entry VJ="1" valign="middle">9 847 416,55</entry></row><row><entry VJ="1" colname="col1">4.</entry><entry VJ="1" nameend="col4" namest="col2">Ergänzende Kapazitätszuweisung nach § 14a des Windenergie-auf-See-Gesetzes</entry><entry VJ="1" colname="col5" valign="middle">4 124,00</entry></row><row><entry VJ="1">5.</entry><entry VJ="1" nameend="col4" namest="col2">Pilotwindenergieanlagen auf See</entry><entry VJ="1" valign="middle"/></row><row><entry VJ="1">5.1</entry><entry VJ="1" nameend="col4" namest="col2">Feststellung einer Pilotwindenergieanlage auf See nach § 93 des Windenergie-auf-See-Gesetzes</entry><entry VJ="1" valign="middle">16 855,00</entry></row><row><entry VJ="1">5.2</entry><entry VJ="1" nameend="col4" namest="col2">Erteilung einer Bescheinigung nach § 94 Absatz 5 Satz 2 des Windenergie-auf-See-Gesetzes</entry><entry VJ="1" valign="middle">3 150,00</entry></row><row><entry VJ="1">5.3</entry><entry VJ="1" nameend="col4" namest="col2">Zuweisung der Netzanbindungskapazität nach § 95 Absatz 2 des Windenergie-auf-See-Gesetzes</entry><entry VJ="1" valign="middle">4 124,00</entry></row><row><entry VJ="1" nameend="col5" namest="col1"><B>§ 1 Absatz 2: Leistungen des Bundesamts für Seeschifffahrt und Hydrographie (BSH)<BR/> nach den Teilen 4 und 5 des Windenergie-auf-See-Gesetzes</B></entry></row><row><entry VJ="1">6.</entry><entry VJ="1" nameend="col4" namest="col2">Durchführung eines Zuschlagsverfahrens nach den §§ 92 und 96 Nummer 5 des Windenergie-auf-See-Gesetzes i. V. m. der Sonstige-Energiegewinnungsbereiche-Verordnung zur Ermittlung der Antragsberechtigung für im Flächenentwicklungsplan festgelegte sonstige Energiegewinnungsbereiche</entry><entry VJ="1" valign="middle">48 309,00</entry></row><row><entry VJ="1">7.</entry><entry VJ="1" nameend="col4" namest="col2">Zulassung von Errichtung und Betrieb von Einrichtungen nach § 65 Absatz 1 des Windenergie-auf-See-Gesetzes und von Pilotwindenergieanlagen auf See nach § 95 Absatz 3 Satz 2 des Windenergie-auf-See-Gesetzes</entry><entry VJ="1" valign="middle"/></row><row><entry VJ="1" morerows="5">7.1</entry><entry VJ="1" nameend="col4" namest="col2">Planfeststellungsbeschluss oder Plangenehmigung für die Errichtung und den Betrieb von Windenergieanlagen auf See oder Pilotwindenergieanlagen auf See, jeweils einschließlich Nebeneinrichtungen, nach § 66 Absatz 1, § 69 Absatz 6 oder § 70 des Windenergie-auf-See-Gesetzes</entry><entry VJ="1" align="center" morerows="5" valign="middle">164 060 bis 345 817 +<BR/> (L x 3 400 x 25 x 0,035 x 0,002;<BR/> insgesamt höchstens<BR/> 5 196 126)</entry></row><row><entry VJ="1" colsep="0" rowsep="0">L</entry><entry VJ="1" colsep="0" rowsep="0">=</entry><entry VJ="1" rowsep="0">Wert aus dem Kapazitätszuweisungsbeschluss der Bundesnetzagentur in Kilowatt (Zahl ohne Einheit auf ganze Kilowatt gerundet)</entry></row><row><entry VJ="1" colsep="0" rowsep="0">3400</entry><entry VJ="1" colsep="0" rowsep="0">=</entry><entry VJ="1" rowsep="0">Stunden Jahreslaufleistung</entry></row><row><entry VJ="1" colsep="0" rowsep="0">25</entry><entry VJ="1" colsep="0" rowsep="0">=</entry><entry VJ="1" rowsep="0">Jahre Gesamtlaufzeit</entry></row><row><entry VJ="1" colsep="0" rowsep="0">0,035</entry><entry VJ="1" colsep="0" rowsep="0">=</entry><entry VJ="1" rowsep="0">Cent pro Kilowattstunde Strompreis</entry></row><row><entry VJ="1" colsep="0">0,002</entry><entry VJ="1" colsep="0">=</entry><entry VJ="1">davon 0,2 Prozent Äquivalenzzuschlag</entry></row><row><entry VJ="1" morerows="3">7.2</entry><entry VJ="1" nameend="col4" namest="col2">Planfeststellungsbeschluss oder Plangenehmigung für die Errichtung und den Betrieb von Offshore-Anbindungsleitungen, einschließlich Nebeneinrichtungen, nach § 66 Absatz 1, § 69 Absatz 6 oder § 70 des Windenergie-auf-See-Gesetzes</entry><entry VJ="1" align="center" morerows="3" valign="middle">164 060 bis 345 817 +<BR/> (I x Z x 0,02;<BR/> insgesamt höchstens<BR/> 2 196 126)</entry></row><row><entry VJ="1" colsep="0" rowsep="0">I</entry><entry VJ="1" colsep="0" rowsep="0">=</entry><entry VJ="1" rowsep="0">Investitionssumme des Netzanbindungssystems, sollte kein ausreichender Nachweis der Investitionssumme erfolgen, kann das BSH diese schätzen</entry></row><row><entry VJ="1" colsep="0" rowsep="0">Z</entry><entry VJ="1" colsep="0" rowsep="0">=</entry><entry VJ="1" rowsep="0">geltender Eigenkapitalzinssatz für eine Neuanlage nach der Festlegung der Bundesnetzagentur, mindestens aber, etwa im Falle einer nicht erfolgten Festsetzung, 5 Prozent</entry></row><row><entry VJ="1" colsep="0">0,02</entry><entry VJ="1" colsep="0">=</entry><entry VJ="1">davon 2 Prozent Äquivalenzzuschlag</entry></row><row><entry VJ="1" morerows="4">7.3</entry><entry VJ="1" nameend="col4" namest="col2">Planfeststellungsbeschluss oder Plangenehmigung von sonstigen Energiegewinnungsanlagen, einschließlich Nebeneinrichtungen, nach § 66 Absatz 1 oder § 69 Absatz 6 des Windenergie-auf-See-Gesetzes</entry><entry VJ="1" align="center" morerows="4" valign="middle">266 583 bis 591 560 +<BR/> (W x T x 0,035 x 0,002;<BR/> insgesamt höchstens<BR/> 5 392 252)</entry></row><row><entry VJ="1" colsep="0" rowsep="0">W</entry><entry VJ="1" colsep="0" rowsep="0">=</entry><entry VJ="1" rowsep="0">durchschnittlich pro Jahr voraussichtlich gewonnene Energie (brutto) in Kilowattstunden</entry></row><row><entry VJ="1" colsep="0" rowsep="0">T</entry><entry VJ="1" colsep="0" rowsep="0">=</entry><entry VJ="1" rowsep="0">Lebensdauer in Jahren, mindestens die Dauer der Gültigkeit des Planfeststellungsbeschlusses oder der Plangenehmigung</entry></row><row><entry VJ="1" colsep="0" rowsep="0">0,035</entry><entry VJ="1" colsep="0" rowsep="0">=</entry><entry VJ="1" rowsep="0">Cent pro Kilowattstunde Strompreis</entry></row><row><entry VJ="1" colsep="0">0,002</entry><entry VJ="1" colsep="0">=</entry><entry VJ="1">davon 0,2 Prozent Äquivalenzzuschlag</entry></row><row><entry VJ="1">7.4</entry><entry VJ="1" nameend="col4" namest="col2">Planfeststellungsbeschluss oder Plangenehmigung für die Errichtung und den Betrieb von Anlagen zur Übertragung von anderen Energieträgern aus Windenergieanlagen auf See oder aus sonstigen Energiegewinnungsanlagen, jeweils einschließlich Nebeneinrichtungen, nach § 66 Absatz 1, § 69 Absatz 6 oder § 70 des Windenergie-auf-See-Gesetzes</entry><entry VJ="1" valign="middle">94 478,00<BR/> bis<BR/> 195 280,00</entry></row><row><entry VJ="1">8.</entry><entry VJ="1" nameend="col4" namest="col2">Änderungen von Einrichtungen und Pilotwindenergieanlagen auf See</entry><entry VJ="1" valign="middle"/></row><row><entry VJ="1">8.1</entry><entry VJ="1" nameend="col4" namest="col2">Planfeststellungsbeschluss oder Plangenehmigung für die wesentliche Änderung von Windenergieanlagen auf See, Pilotwindenergieanlagen auf See, sonstigen Energiegewinnungsanlagen oder Offshore-Anbindungsleitungen, jeweils einschließlich Nebeneinrichtungen, nach § 66 Absatz 1 Satz 2 des Windenergie-auf-See-Gesetzes</entry><entry VJ="1" valign="middle">36 593,00<BR/> bis<BR/> 94 459,00</entry></row><row><entry VJ="1">8.2</entry><entry VJ="1" nameend="col4" namest="col2">Planfeststellungsbeschluss oder Plangenehmigung für die wesentliche Änderung von Anlagen zur Übertragung von anderen Energieträgern aus Windenergieanlagen auf See oder aus sonstigen Energiegewinnungsanlagen, jeweils einschließlich Nebeneinrichtungen, nach § 66 Absatz 1 Satz 2 des Windenergie-auf-See-Gesetzes</entry><entry VJ="1" valign="middle">94 478,00<BR/> bis<BR/> 195 280,00</entry></row><row><entry VJ="1">8.3</entry><entry VJ="1" nameend="col4" namest="col2">Feststellung über eine unwesentliche Änderung der Planfeststellung oder Plangenehmigung von Einrichtungen oder Pilotwindenergieanlagen auf See, jeweils einschließlich Nebeneinrichtungen, nach § 66 Absatz 1 des Windenergie-auf-See-Gesetzes in Verbindung mit § 76 Absatz 2 des Verwaltungsverfahrensgesetzes</entry><entry VJ="1" valign="middle">7 201,00<BR/> bis<BR/> 39 197,00</entry></row><row><entry VJ="1">8.4</entry><entry VJ="1" nameend="col4" namest="col2">Planfeststellung oder Plangenehmigung für den Austausch, sogenanntes Repowering, bestehender Windenergieanlagen auf See oder Pilotwindenergieanlagen auf See, jeweils einschließlich der Nebeneinrichtungen, nach § 89 Absatz 1 des Windenergie-auf-See-Gesetzes</entry><entry VJ="1" valign="middle">36 593,00<BR/> bis<BR/> 94 459,00</entry></row><row><entry VJ="1">9.</entry><entry VJ="1" nameend="col4" namest="col2">Aufnahme, Änderung oder Ergänzung von Nebenbestimmungen eines Planfeststellungsbeschlusses, einer Plangenehmigung, einer Anordnung oder eines sonstigen Bescheides nach den §§ 35, 36, 74 des Verwaltungsverfahrensgesetzes</entry><entry VJ="1" valign="middle">6 488,00<BR/> bis<BR/> 14 752,00</entry></row><row><entry VJ="1">10.</entry><entry VJ="1" nameend="col4" namest="col2">Verlängerung oder Nichtverlängerung der Befristung eines Planfeststellungsbeschlusses oder einer Plangenehmigung für die Errichtung und den Betrieb von Windenergieanlagen auf See oder einer Anlage zur sonstigen Energiegewinnung, jeweils einschließlich Nebeneinrichtungen, nach § 69 Absatz 7 des Windenergie-auf-See-Gesetzes</entry><entry VJ="1" valign="middle">36 593,00<BR/> bis<BR/> 79 166,00</entry></row><row><entry VJ="1">11.</entry><entry VJ="1" nameend="col4" namest="col2">Aufhebung eines Planfeststellungsbeschlusses oder einer Plangenehmigung nach § 69 Absatz 5, § 79 Absatz 3 Satz 2 des Windenergie-auf-See-Gesetzes oder § 77 des Verwaltungsverfahrensgesetzes</entry><entry VJ="1" valign="middle">11 713,00<BR/> bis<BR/> 16 844,00</entry></row><row><entry VJ="1">12.</entry><entry VJ="1" nameend="col4" namest="col2">Leistungen im Vollzugsverfahren</entry><entry VJ="1" valign="middle"/></row><row><entry VJ="1">12.1</entry><entry VJ="1" nameend="col4" namest="col2">Anordnungen anlässlich der Plausibilisierung von Nachweisen zur Vereinbarkeit von Einrichtungen oder Pilotwindenergieanlagen auf See, jeweils einschließlich Nebeneinrichtungen, mit dem jeweils geltenden „Standard Konstruktion – Mindestanforderungen an die konstruktive Ausführung von Offshore-Bauwerken in der ausschließlichen Wirtschaftszone“ nach § 69 Absatz 1 des Windenergie-auf-See-Gesetzes</entry><entry VJ="1" valign="middle">83 499,00</entry></row><row><entry VJ="1">12.2</entry><entry VJ="1" nameend="col4" namest="col2">Anordnungen anlässlich der Prüfung des Erfahrungsberichtes über die Erprobung der Innovation und die gewonnenen Erkenntnisse bei der Errichtung von Pilotwindenergieanlagen auf See, einschließlich Nebeneinrichtungen, nach § 95 Absatz 4 des Windenergie-auf-See-Gesetzes</entry><entry VJ="1" valign="middle">7 234,00</entry></row><row><entry VJ="1">12.3</entry><entry VJ="1" nameend="col4" namest="col2">Feststellung über das Vorliegen der Anforderungen an (neue) verantwortliche Personen im Rahmen von deren Bestellung nach § 78 Absatz 4 des Windenergie-auf-See-Gesetzes</entry><entry VJ="1" valign="middle">433,00</entry></row><row><entry VJ="1">12.4</entry><entry VJ="1" nameend="col4" namest="col2">Erteilung der Erlaubnis, die Anlage durch eine Person betreiben zu lassen, die die Gewähr für den ordnungsgemäßen Betrieb der Anlage bietet, nach § 79 Absatz 5 Satz 2 des Windenergie-auf-See-Gesetzes</entry><entry VJ="1" valign="middle">310,00</entry></row><row><entry VJ="1">12.5</entry><entry VJ="1" nameend="col4" namest="col2">Anordnungen, Gebote oder Verbote gegenüber verantwortlichen Personen zur Durchsetzung der in § 77 des Windenergie-auf-See-Gesetzes genannten Pflichten nach § 79 Absatz 2 des Windenergie-auf-See-Gesetzes</entry><entry VJ="1" valign="middle">1 974,00<BR/> bis<BR/> 15 073,00</entry></row><row><entry VJ="1">12.6</entry><entry VJ="1" nameend="col4" namest="col2">Untersuchungsrahmen und Prüfung der Durchführung des Monitorings zu den bau- und betriebsbedingten Auswirkungen der Anlagen auf die Meeresumwelt nach § 77 Absatz 3 Nummer 1 des Windenergie-auf-See-Gesetzes</entry><entry VJ="1" valign="middle"/></row><row><entry VJ="1">12.6.1</entry><entry VJ="1" nameend="col4" namest="col2">Festlegung des Untersuchungsrahmens für die Durchführung des Monitorings zu den bau- und betriebsbedingten Auswirkungen der Anlagen auf die Meeresumwelt während der Bauphase und während der ersten zehn Jahre des Betriebs nach § 77 Absatz 3 Nummer 1 des Windenergie-auf-See-Gesetzes</entry><entry VJ="1" valign="middle">2 163,00</entry></row><row><entry VJ="1">12.6.2</entry><entry VJ="1" nameend="col4" namest="col2">Anordnungen anlässlich der Prüfung der gewonnenen Daten aus der Durchführung des Monitorings zu den bau- und betriebsbedingten Auswirkungen der Anlagen auf die Meeresumwelt während der Bauphase und während der ersten zehn Jahre des Betriebs nach § 77 Absatz 3 Nummer 1 des Windenergie-auf-See-Gesetzes</entry><entry VJ="1" valign="middle">8 452,00</entry></row><row><entry VJ="1">12.7</entry><entry VJ="1" nameend="col4" namest="col2">Anordnungen nach § 79 Absatz 2 des Windenergie-auf-See-Gesetzes anlässlich der Plausibilisierung der Ergebnisse der Wiederkehrenden Prüfungen nach „Standard Konstruktion – Mindestanforderungen an die konstruktive Ausführung von Offshore-Bauwerken in der ausschließlichen Wirtschaftszone“ oder nach „Standard Offshore-Luftfahrt für die deutsche ausschließliche Wirtschaftszone“</entry><entry VJ="1" valign="middle">7 752,00</entry></row><row><entry VJ="1">12.8</entry><entry VJ="1" nameend="col4" namest="col2">Anordnungen nach § 79 Absatz 2 des Windenergie-auf-See-Gesetzes anlässlich der Plausibilisierung von Nachweisen zur Vereinbarkeit von Einrichtungen oder Pilotwindenergieanlagen auf See, jeweils einschließlich Nebeneinrichtungen, mit den jeweils geltenden Vorgaben des „Standard Offshore-Luftfahrt für die deutsche ausschließliche Wirtschaftszone“</entry><entry VJ="1" valign="middle">2 306,00</entry></row><row><entry VJ="1">12.9</entry><entry VJ="1" nameend="col4" namest="col2">Gestattung der Betriebsaufnahme eines Hubschrauberlandedecks als Nebeneinrichtung nach § 65 Absatz 1 des Windenergie-auf-See-Gesetzes nach dem „Standard Offshore-Luftfahrt für die deutsche ausschließliche Wirtschaftszone“</entry><entry VJ="1" valign="middle">6 424,00</entry></row><row><entry VJ="1">12.10</entry><entry VJ="1" nameend="col4" namest="col2">Gestattung der Inbetriebnahme von Windenbetriebsflächen als Nebeneinrichtungen nach § 65 Absatz 1 des Windenergie-auf-See-Gesetzes nach dem „Standard Offshore-Luftfahrt für die deutsche ausschließliche Wirtschaftszone“</entry><entry VJ="1" valign="middle">995,00</entry></row><row><entry VJ="1">12.11</entry><entry VJ="1" nameend="col4" namest="col2">Gestattung der Durchführung des Probebetriebs bedarfsgesteuerter Nachtkennzeichnung nach § 77 Absatz 1 Nummer 2 des Windenergie-auf-See-Gesetzes i. V. m. § 9 Absatz 8 des Erneuerbare-Energien-Gesetzes nach dem „Standard Offshore-Luftfahrt für die deutsche ausschließliche Wirtschaftszone“</entry><entry VJ="1" valign="middle">808,00</entry></row><row><entry VJ="1">12.12</entry><entry VJ="1" nameend="col4" namest="col2">Gestattung der Inbetriebnahme bedarfsgesteuerter Nachtkennzeichnung nach § 77 Absatz 1 Nummer 2 des Windenergie-auf-See-Gesetzes i. V. m. § 9 Absatz 8 des Erneuerbare-Energien-Gesetzes nach dem „Standard Offshore-Luftfahrt für die deutsche ausschließliche Wirtschaftszone“</entry><entry VJ="1" valign="middle">808,00</entry></row><row><entry VJ="1">12.13</entry><entry VJ="1" nameend="col4" namest="col2">Anordnungen nach erhöhtem Prüfungsaufwand im Vollzugsverfahren von Einrichtungen, jeweils einschließlich Nebeneinrichtungen, nach § 79 Absatz 1 des Windenergie-auf-See-Gesetzes</entry><entry VJ="1" valign="middle">22 789,00<BR/> bis<BR/> 69 041,00</entry></row><row><entry VJ="1">12.14</entry><entry VJ="1" nameend="col4" namest="col2">Untersagung der Errichtung, des Betriebs, der wesentlichen Änderung oder der Beseitigung von Einrichtungen oder Nebeneinrichtungen nach § 79 Absatz 3 Satz 1, Absatz 4 Satz 1 oder Absatz 5 Satz 1 des Windenergie-auf-See-Gesetzes</entry><entry VJ="1" valign="middle">11 713,00<BR/> bis<BR/> 21 602,00</entry></row><row><entry VJ="1">12.15</entry><entry VJ="1" nameend="col4" namest="col2">Anordnung der Beseitigung von Einrichtungen oder Nebeneinrichtungen nach § 79 Absatz 3 Satz 2 oder Absatz 4 Satz 2 oder Satz 3 des Windenergie-auf-See-Gesetzes</entry><entry VJ="1" valign="middle">11 713,00<BR/> bis<BR/> 21 602,00</entry></row><row><entry VJ="1">12.16</entry><entry VJ="1" nameend="col4" namest="col2">Anordnungen zum Umfang der Beseitigung von Einrichtungen oder Nebeneinrichtungen nach § 80 Absatz 1 Satz 2 des Windenergie-auf-See-Gesetzes</entry><entry VJ="1" valign="middle">11 713,00<BR/> bis<BR/> 21 602,00</entry></row><row><entry VJ="1">13.</entry><entry VJ="1" nameend="col4" namest="col2">Vollziehung der Übertragung des Planfeststellungsbeschlusses oder der Plangenehmigung auf einen anderen Inhaber oder Betreiber nach § 78 Absatz 5 des Windenergie-auf-See-Gesetzes</entry><entry VJ="1" valign="middle">123,00</entry></row><row><entry VJ="1">14.</entry><entry VJ="1" nameend="col4" namest="col2">Ausstellen einer Urkunde oder eines Bescheides, sofern nicht in einem Verfahren nach vorbezeichneten Gebührennummern enthalten</entry><entry VJ="1" valign="middle">141,00<BR/> bis<BR/> 293,00</entry></row></tbody></tgroup></table></Content></text><fussnoten/></textdaten></norm>
</dokumente>