<?xml version="1.0" encoding="UTF-8" ?><!DOCTYPE dokumente SYSTEM "http://www.gesetze-im-internet.de/dtd/1.01/gii-norm.dtd">
<dokumente builddate="20240903215506" doknr="BJNR135310022"><norm builddate="20240903215506" doknr="BJNR135310022"><metadaten><jurabk>WindBG</jurabk><amtabk>WindBG</amtabk><ausfertigung-datum manuell="ja">2022-07-20</ausfertigung-datum><fundstelle typ="amtlich"><periodikum>BGBl I</periodikum><zitstelle>2022, 1353</zitstelle></fundstelle><kurzue>Windenergieflächenbedarfsgesetz</kurzue><langue>Gesetz zur Festlegung von Flächenbedarfen für Windenergieanlagen an Land</langue><standangabe checked="ja"><standtyp>Stand</standtyp><standkommentar>Zuletzt geändert durch Art. 12 G v. 8.5.2024 I Nr. 151</standkommentar></standangabe></metadaten><textdaten><fussnoten><Content><P><BR/> <pre xml:space="preserve">(+++ Textnachweis ab: 1.2.2023 +++)<BR/><BR/></pre>Das G wurde als Artikel 1 des G v. 20.7.2022 I 1353 vom Bundestag beschlossen.  Es tritt gem. Art. 5 dieses G am 1.2.2023 in Kraft.</P></Content></fussnoten></textdaten></norm>
<norm builddate="20240903215506" doknr="BJNR135310022BJNE000100000"><metadaten><jurabk>WindBG</jurabk><enbez>§ 1</enbez><titel format="XML">Ziel des Gesetzes</titel></metadaten><textdaten><text format="XML"><Content><P>(1) Ziel dieses Gesetzes ist es, im Interesse des Klima- und Umweltschutzes die Transformation zu einer nachhaltigen und treibhausgasneutralen Stromversorgung, die vollständig auf erneuerbaren Energien beruht, durch den beschleunigten Ausbau der Windenergie an Land zu fördern.</P><P>(2) Hierfür gibt dieses Gesetz den Ländern verbindliche Flächenziele (Flächenbeitragswerte) vor, die für den Ausbau der Windenergie an Land benötigt werden, um die Ausbauziele und Ausbaupfade des Erneuerbare-Energien-Gesetzes vom 21. Juli 2014 (BGBl. I S. 1066), das zuletzt durch Artikel 8 des Gesetzes vom 20. Juli 2022 (BGBl. I S. 1325) geändert worden ist, zu erreichen.</P></Content></text></textdaten></norm>
<norm builddate="20240903215506" doknr="BJNR135310022BJNE000202123"><metadaten><jurabk>WindBG</jurabk><enbez>§ 2</enbez><titel format="XML">Begriffsbestimmungen</titel></metadaten><textdaten><text format="XML"><Content><P>Im Sinne dieses Gesetzes sind <DL Font="normal" Type="arabic"><DT>1.</DT><DD Font="normal"><LA Size="normal">Windenergiegebiete:</LA><LA Size="normal">folgende Ausweisungen von Flächen für die Windenergie an Land in Raumordnungs- oder Bauleitplänen: <DL Font="normal" Type="alpha"><DT>a)</DT><DD Font="normal"><LA Size="normal">Vorranggebiete und mit diesen vergleichbare Gebiete in Raumordnungsplänen sowie Sonderbauflächen, Sondergebiete und mit diesen vergleichbare Ausweisungen in Flächennutzungsplänen und Bebauungsplänen;</LA></DD><DT>b)</DT><DD Font="normal"><LA Size="normal">für die Flächenbeitragswerte nach der Anlage Spalte 1 zusätzlich Eignungs- und Vorbehaltsgebiete in Raumordnungsplänen, wenn der Raumordnungsplan spätestens am 1. Februar 2024 wirksam geworden ist;</LA></DD></DL></LA></DD><DT>2.</DT><DD Font="normal"><LA Size="normal">Rotor-innerhalb-Flächen:</LA><LA Size="normal">Flächen im Sinne der Nummer 1, die in einem Raumordnungsplan oder Bauleitplan ausgewiesen wurden, der bestimmt, dass die Rotorblätter von Windenergieanlagen innerhalb der ausgewiesenen Fläche liegen müssen, oder, solange der Planungsträger nicht einen Beschluss nach § 5 Absatz 4 gefasst und öffentlich bekannt gegeben oder verkündet hat, der keine Bestimmung im Hinblick auf die Platzierung der Rotorblätter außerhalb einer ausgewiesenen Fläche trifft;</LA></DD><DT>3.</DT><DD Font="normal"><LA Size="normal">Windenergieanlagen an Land:</LA><LA Size="normal">jede Anlage zur Erzeugung von Strom aus Windenergie, die keine Windenergieanlage auf See im Sinne des § 3 Nummer 11 des Windenergie-auf-See-Gesetzes ist.</LA></DD></DL></P></Content></text><fussnoten/></textdaten></norm>
<norm builddate="20240903215506" doknr="BJNR135310022BJNE000302128"><metadaten><jurabk>WindBG</jurabk><enbez>§ 3</enbez><titel format="XML">Verpflichtungen der Länder</titel></metadaten><textdaten><text format="XML"><Content><P>(1) In jedem Bundesland ist ein prozentualer Anteil der Landesfläche nach Maßgabe der Anlage (Flächenbeitragswert) für die Windenergie an Land auszuweisen. Dabei sind bis zum 31. Dezember 2027 mindestens die Flächenbeitragswerte nach der Anlage Spalte 1 und bis zum 31. Dezember 2032 mindestens die Flächenbeitragswerte nach der Anlage Spalte 2 auszuweisen; soweit ein Land von Absatz 4 Gebrauch gemacht hat, ersetzen die durch das Land erhöhten Flächenbeitragswerte und vorgezogenen Stichtage die entsprechenden in der Anlage genannten Flächenbeitragswerte und die entsprechenden im ersten Teilsatz und in der Anlage aufgeführten Stichtage. Zum Zwecke der Bestimmung der Größe der hiernach auszuweisenden Flächen ist die Größe der Landesflächen der Bundesländer insgesamt der Anlage Spalte 3 zu entnehmen.</P><P>(2) Die Länder erfüllen die Pflicht nach Absatz 1, indem sie <DL Font="normal" Type="arabic"><DT>1.</DT><DD Font="normal"><LA Size="normal">die zur Erreichung der Flächenbeitragswerte notwendigen Flächen selbst in landesweiten oder regionalen Raumordnungsplänen ausweisen oder</LA></DD><DT>2.</DT><DD Font="normal"><LA Size="normal">eine Ausweisung der zur Erreichung der Flächenbeitragswerte notwendigen Flächen durch von ihnen abweichende regionale oder kommunale Planungsträger sicherstellen; dabei legt das jeweilige Land hierzu regionale oder kommunale Teilflächenziele fest, die in Summe den Flächenbeitragswert erreichen, und macht diese durch ein Landesgesetz oder als Ziele der Raumordnung verbindlich.</LA></DD></DL>Im Fall des Satzes 1 Nummer 1 kann das Land durch ein Landesgesetz oder als Ziele der Raumordnung regionale Teilflächenziele für eigene regionale Raumordnungspläne festlegen, die in Summe die Flächenbeitragswerte erreichen.</P><P>(3) Die Länder sind außerdem verpflichtet, bis zum 31. Mai 2024 im Rahmen ihrer Berichterstattung nach § 98 Absatz 1 des Erneuerbare-Energien-Gesetzes einmalig Folgendes nachzuweisen: <DL Font="normal" Type="arabic"><DT>1.</DT><DD Font="normal"><LA Size="normal">im Fall des Absatzes 2 Satz 1 Nummer 1 Planaufstellungsbeschlüsse zur Ausweisung der zur Erreichung der Flächenbeitragswerte nach der Anlage Spalte 1 notwendigen Flächen,</LA></DD><DT>2.</DT><DD Font="normal"><LA Size="normal">im Fall des Absatzes 2 Satz 1 Nummer 2 und Satz 2 das Inkrafttreten von Landesgesetzen oder Raumordnungsplänen, die regionale oder kommunale Teilflächenziele festsetzen; dabei müssen die Teilflächenziele in der Summe den Flächenbeitragswert nach der Anlage Spalte 1 für das Land erreichen.</LA></DD></DL></P><P>(4) Die Länder können durch Landesrecht für das jeweilige Landesgebiet abweichend von Absatz 1 Satz 1 jeweils höhere als die in der Anlage geregelten Flächenbeitragswerte vorsehen und die in Absatz 1 Satz 2 erster Teilsatz sowie in der Anlage genannten Stichtage jeweils auf einen früheren Zeitpunkt vorziehen.</P></Content></text><fussnoten/></textdaten></norm>
<norm builddate="20240903215506" doknr="BJNR135310022BJNE000402123"><metadaten><jurabk>WindBG</jurabk><enbez>§ 4</enbez><titel format="XML">Anrechenbare Fläche</titel></metadaten><textdaten><text format="XML"><Content><P>(1) Für die Windenergie an Land im Sinne des § 3 Absatz 1 ausgewiesen sind alle Flächen, die in Windenergiegebieten liegen. Soweit sich Ausweisungen in Plänen verschiedener Planungsebenen auf dieselbe Fläche beziehen, ist die ausgewiesene Fläche nur einmalig auf den Flächenbeitragswert anzurechnen. Auf den Flächenbeitragswert nach der Anlage Spalte 2 werden auch Flächen angerechnet, die keine Windenergiegebiete sind, wenn sie im Umkreis von einer Rotorblattlänge um eine Windenergieanlage liegen und der jeweilige Planungsträger dies in dem Beschluss nach § 5 Absatz 1 feststellt. Die Anrechnungsmöglichkeit besteht nur, solange die Windenergieanlage in Betrieb ist. Flächen, die in Plänen ausgewiesen werden, die nach dem 1. Februar 2023 wirksam geworden sind und Bestimmungen zur Höhe baulicher Anlagen enthalten, sind nicht anzurechnen. Auf den Flächenbeitragswert werden ausgewiesene Flächen nur dann angerechnet, wenn für sie standardisierte Daten geografischer Informationssysteme (GIS-Daten) vorliegen.</P><P>(2) Ausgewiesene Flächen sind anrechenbar, sobald und solange der jeweilige Plan wirksam ist. Soweit ein Plan durch Entscheidung eines Gerichtes für unwirksam erklärt oder dessen Unwirksamkeit in den Entscheidungsgründen angenommen worden ist, bleiben die ausgewiesenen Flächen für ein Jahr ab Rechtskraft der Entscheidung weiter anrechenbar. Ein Plan, der vor Ablauf der in § 3 Absatz 1 Satz 2 genannten Stichtage beschlossen, aber noch nicht wirksam geworden ist, wird für sieben Monate ab Beschluss des Plans angerechnet.</P><P>(3) Ausgewiesene Flächen nach Absatz 1 sind grundsätzlich in vollem Umfang auf die Flächenbeitragswerte anzurechnen. Rotor-innerhalb-Flächen sind nur anteilig auf die Flächenbeitragswerte anzurechnen. Hierfür ist mittels Analyse der GIS-Daten flächenscharf der einfache Rotorradius abzüglich des Turmfußradius einer Standardwindenergieanlage an Land von den Grenzen der ausgewiesenen Fläche abzuziehen. Der Rotorradius einer Standardwindenergieanlage an Land abzüglich des Turmfußradius wird zu diesem Zweck mit einem Wert von 75 Metern festgesetzt.</P><P>(4) Flächen innerhalb des Abbaubereichs eines Braunkohlen- oder Sanierungsplans, für die durch Rechtsverordnung der jeweiligen Landesregierung bis zum 31. Mai 2024 ausschließlich eine Bestimmung nach § 249b Absatz 1 des Baugesetzbuchs, nicht aber auch zusätzlich nach § 249b Absatz 2 des Baugesetzbuchs getroffen wurde, sind auf die Flächenbeitragswerte nach der Anlage Spalte 1 anteilig mit einem Anrechnungsfaktor von 0,5 anzurechnen.</P></Content></text><fussnoten/></textdaten></norm>
<norm builddate="20240903215506" doknr="BJNR135310022BJNE000502123"><metadaten><jurabk>WindBG</jurabk><enbez>§ 5</enbez><titel format="XML">Feststellung und Bekanntmachung des Erreichens der Flächenbeitragswerte</titel></metadaten><textdaten><text format="XML"><Content><P>(1) Der Planungsträger stellt in dem Beschluss über den Plan fest, dass der Plan mit den Flächenbeitragswerten oder mit den Teilflächenzielen nach § 3 Absatz 2 Satz 1 Nummer 2 oder Satz 2 im Einklang steht; dabei ist der Flächenbeitragswert oder das Teilflächenziel unter Angabe des jeweiligen Stichtages nach der Anlage zu bezeichnen und auszuführen, welche Flächen in Windenergiegebieten nach § 2 Nummer 1 sowie welche Flächen nach § 4 Absatz 1 Satz 3 und Absatz 4 angerechnet wurden, jeweils unter Angabe des Umfangs der angerechneten Fläche. Bedarf der Plan der Genehmigung, trifft die nach Landesrecht zuständige Stelle die Feststellung nach Satz 1 in ihrer Genehmigungsentscheidung. Die Feststellung nimmt an der Bekanntgabe oder der Verkündung des Plans, der Genehmigung oder des Beschlusses teil, die jeweils nach den dafür einschlägigen Vorschriften erfolgt.</P><P>(2) Werden die Flächenbeitragswerte oder die daraus abgeleiteten regionalen oder kommunalen Teilflächenziele nach § 3 Absatz 2 Satz 1 Nummer 2 oder Satz 2 ohne eine Ausweisung von neuen Windenergiegebieten erreicht, stellt ein Planungsträger dies bis zu den in § 3 Absatz 1 Satz 2 genannten Zeitpunkten fest. Die Feststellung ist öffentlich bekannt zu geben oder zu verkünden.</P><P>(3) Das Bundesministerium für Wirtschaft und Klimaschutz stellt bis zum 30. Juni 2024 fest, ob und welche Länder ihre Nachweispflicht nach § 3 Absatz 3 erfüllt haben. Im Fall des Pflichtverstoßes stellt das Bundesministerium für Wirtschaft und Klimaschutz bis zum 31. Dezember 2024 fest, ob und welche Länder den Nachweis nach § 3 Absatz 3 bis zum 30. November 2024 nachträglich erbracht haben. Die Feststellung wird öffentlich bekannt gegeben.</P><P>(4) Bei einem Raumordnungs- oder Flächennutzungsplan, der keine Bestimmung im Hinblick auf die Platzierung der Rotorblätter von Windenergieanlagen außerhalb einer ausgewiesenen Fläche trifft, kann der Planungsträger, der den Beschluss über den Plan gefasst hat, durch Beschluss bestimmen, dass die Rotorblätter nicht innerhalb der ausgewiesenen Fläche liegen müssen, wenn der Plan bis zum 1. Februar 2024 wirksam geworden ist. Der Beschluss ist öffentlich bekannt zu geben oder zu verkünden.</P></Content></text><fussnoten/></textdaten></norm>
<norm builddate="20240903215506" doknr="BJNR135310022BJNE000901128"><metadaten><jurabk>WindBG</jurabk><enbez>§ 6</enbez><titel format="XML">Verfahrenserleichterungen in Windenergiegebieten; Verordnungsermächtigung</titel></metadaten><textdaten><text format="XML"><Content><P>(1) Wird die Errichtung und der Betrieb oder die Änderung der Lage, der Beschaffenheit oder des Betriebs einer Windenergieanlage oder dazugehöriger Nebenanlagen im Sinne des § 3 Nummer 15a des Erneuerbaren-Energien-Gesetzes in einem zum Zeitpunkt der Genehmigungserteilung ausgewiesenen Windenergiegebiet nach § 2 Nummer 1 beantragt, ist im Genehmigungsverfahren abweichend von den Vorschriften des Gesetzes über die Umweltverträglichkeitsprüfung eine Umweltverträglichkeitsprüfung und abweichend von den Vorschriften des § 44 Absatz 1 des Bundesnaturschutzgesetzes eine artenschutzrechtliche Prüfung nicht durchzuführen. Satz 1 ist nur anzuwenden, <DL Font="normal" Type="arabic"><DT>1.</DT><DD Font="normal"><LA Size="normal">wenn bei Ausweisung des Windenergiegebietes eine Umweltprüfung nach § 8 des Raumordnungsgesetzes oder § 2 Absatz 4 des Baugesetzbuchs durchgeführt wurde und</LA></DD><DT>2.</DT><DD Font="normal"><LA Size="normal">soweit das Windenergiegebiet nicht in einem Natura 2000-Gebiet, einem Naturschutzgebiet oder einem Nationalpark liegt.</LA></DD></DL>Die zuständige Behörde hat auf Grundlage vorhandener Daten geeignete und verhältnismäßige Minderungsmaßnahmen in den Windenergiegebieten anzuordnen, um die Einhaltung der Vorschriften des § 44 Absatz 1 des Bundesnaturschutzgesetzes zu gewährleisten, sofern die Daten eine ausreichende räumliche Genauigkeit aufweisen und zum Zeitpunkt der Entscheidung über den Genehmigungsantrag nicht älter als fünf Jahre sind. Geeignete Minderungsmaßnahmen nach Satz 3 zum Schutz von Fledermäusen hat die Behörde insbesondere in Form einer Abregelung der Windenergieanlage anzuordnen, die auf Grundlage einer zweijährigen akustischen Erfassung der Fledermausaktivität im Gondelbereich anzupassen ist. Soweit geeignete und verhältnismäßige Maßnahmen nicht verfügbar oder Daten nicht vorhanden sind, hat der Betreiber eine Zahlung in Geld zu leisten. Die Zahlung ist von der zuständigen Behörde zusammen mit der Genehmigung für die Dauer des Betriebes als jährlich zu leistender Betrag festzusetzen. Die Höhe der Zahlung beträgt: <DL Font="normal" Type="arabic"><DT>1.</DT><DD Font="normal"><LA Size="normal">450 Euro je Megawatt installierter Leistung, sofern Schutzmaßnahmen für Vögel angeordnet werden, die die Abregelung von Windenergieanlagen betreffen, oder Schutzmaßnahmen, deren Investitionskosten höher als 17 000 Euro je Megawatt liegen,</LA></DD><DT>2.</DT><DD Font="normal"><LA Size="normal">ansonsten 3 000 Euro je Megawatt installierter Leistung.</LA></DD></DL>Sie ist von dem Betreiber der Windenergieanlage als zweckgebundene Abgabe an den Bund zu leisten. Die Mittel werden vom Bundesministerium für Umwelt, Naturschutz, nukleare Sicherheit und Verbraucherschutz bewirtschaftet. Sie sind für Maßnahmen nach § 45d Absatz 1 des Bundesnaturschutzgesetzes zu verwenden, für die nicht bereits nach anderen Vorschriften eine rechtliche Verpflichtung besteht und die der Sicherung oder Verbesserung des Erhaltungszustandes der durch den Betrieb von Windenergieanlagen betroffenen Arten dienen. Das Bundesministerium für Wirtschaft und Klimaschutz soll im Einvernehmen mit dem Bundesministerium für Umwelt, Naturschutz, nukleare Sicherheit und Verbraucherschutz durch Rechtsverordnung mit Zustimmung des Bundesrates die Einzelheiten der nach Satz 5 erforderlichen Zahlung bestimmen. Eine Ausnahme nach § 45 Absatz 7 des Bundesnaturschutzgesetzes ist nicht erforderlich.</P><P>(2) Absatz 1 ist auf Genehmigungsverfahren anzuwenden, bei denen der Antragsteller den Antrag bis zum Ablauf des 30. Juni 2025 stellt. Der Antragsteller hat bei der Antragstellung nachzuweisen, dass er das Grundstück, auf dem die Windenergieanlage errichtet werden soll, für die Errichtung und den Betrieb vertraglich gesichert hat. Absatz 1 ist auch auf bereits laufende Genehmigungsverfahren anzuwenden, bei denen der Antragsteller den Antrag vor dem 29. März 2023 gestellt hat und bei denen noch keine endgültige Entscheidung ergangen ist, wenn der Antragsteller dies gegenüber der zuständigen Behörde verlangt. Die Sätze 1 bis 3 sind für das gesamte Genehmigungsverfahren anzuwenden, ungeachtet dessen, ob es bis zum Ablauf des 30. Juni 2025 abgeschlossen wird. Windenergiegebiete im Sinne von Absatz 1 sind abweichend von § 2 Nummer 1 Buchstabe b auch Eignungs- und Vorbehaltsgebiete in Raumordnungsplänen, wenn der Raumordnungsplan nach dem 1. Februar 2024 wirksam geworden ist.</P></Content></text><fussnoten/></textdaten></norm>
<norm builddate="20240903215506" doknr="BJNR135310022BJNE001000128"><metadaten><jurabk>WindBG</jurabk><enbez>§ 6a</enbez><titel format="XML">Erklärung bestehender Windenergiegebiete zu Beschleunigungsgebieten für die Windenergie an Land</titel></metadaten><textdaten><text format="XML"><Content><P>(1) Windenergiegebiete im Sinne des § 2 Nummer 1, die bis zum Ablauf des 19. Mai 2024 ausgewiesen worden sind, sind Beschleunigungsgebiete im Sinne des Artikels 15c der Richtlinie (EU) 2018/2001 des Europäischen Parlaments und des Rates vom 11. Dezember 2018 zur Förderung der Nutzung von Energie aus erneuerbaren Quellen (ABl. L 238 vom 21.12.2018, S. 82), die zuletzt durch die Richtlinie (EU) 2023/2413 des Europäischen Parlaments und des Rates vom 18. Oktober 2023 zur Änderung der Richtlinie (EU) 2018/2001, der Verordnung (EU) 2018/1999 und der Richtlinie 98/70/EG im Hinblick auf die Förderung von Energie aus erneuerbaren Quellen und zur Aufhebung der Richtlinie (EU) 2015/652 des Rates (ABl. L, 2023/2413, 31.10.2023) geändert worden ist, <DL Font="normal" Type="arabic"><DT>1.</DT><DD Font="normal"><LA Size="normal">wenn bei Ausweisung des Windenergiegebietes eine Umweltprüfung im Sinne des § 8 des Raumordnungsgesetzes oder des § 2 Absatz 4 des Baugesetzbuchs und, soweit erforderlich, eine Verträglichkeitsprüfung im Sinne des § 7 Absatz 6 des Raumordnungsgesetzes oder § 1a Absatz 4 des Baugesetzbuchs durchgeführt wurde und</LA></DD><DT>2.</DT><DD Font="normal"><LA Size="normal">soweit das Windenergiegebiet nicht in einem Natura 2000-Gebiet, einem Naturschutzgebiet, einem Nationalpark oder in der Kern- oder Pflegezone eines Biosphärenreservates liegt.</LA></DD></DL></P><P>(2) § 6 bleibt unberührt.</P></Content></text><fussnoten/></textdaten></norm>
<norm builddate="20240903215506" doknr="BJNR135310022BJNE000603123"><metadaten><jurabk>WindBG</jurabk><enbez>§ 7</enbez><titel format="XML">Evaluierung; Verordnungsermächtigung</titel></metadaten><textdaten><text format="XML"><Content><P>(1) Die Bundesregierung berichtet ab dem 1. Januar 2024 nach § 98 Absatz 4 des Erneuerbare-Energien-Gesetzes zum Stand der Umsetzung dieses Gesetzes.</P><P>(2) Das Bundesministerium für Wirtschaft und Klimaschutz veröffentlicht den Bericht nach Absatz 1 sowie eine vereinfachte graphische Darstellung der Umsetzung der Flächenbeitragswerte in den einzelnen Ländern auf seiner Internetseite.</P><P>(3) Kommt die Bundesregierung in ihrem Bericht nach § 98 Absatz 4 des Erneuerbare-Energien-Gesetzes zu dem Ergebnis, dass es weiterer gesetzgeberischer Maßnahmen bedarf, um die Erreichung der Flächenbeitragswerte oder die Anpassung der Flächenbeitragswerte an die Ausbauziele nach dem Erneuerbare-Energien-Gesetz in der jeweils geltenden Fassung zu ermöglichen, legt sie spätestens zum 1. Juli 2025 und danach alle vier Jahre einen Entwurf zur Anpassung dieses Gesetzes vor.</P><P>(4) Das Bundesministerium für Wirtschaft und Klimaschutz passt durch Rechtsverordnung die Flächenbeitragswerte in Anlage entsprechend an, wenn sich ein Land durch Staatsvertrag gegenüber einem anderen Land verpflichtet, mehr Fläche als gemäß § 3 Absatz 1 gefordert (Flächenüberhang) für die Windenergie an Land bereitzustellen und diesen Staatsvertrag dem Bundesministerium für Wirtschaft und Klimaschutz bis zum 31. Mai 2024 unter Bezifferung des Flächenüberhangs in Quadratkilometern übermittelt, es sei denn, der Staatsvertrag ist zum Erreichen der Flächenbeitragswerte der vertragsschließenden Länder offensichtlich ungeeignet. Durch die Rechtsverordnung nach Satz 1 darf sich der Flächenbeitragswert von Berlin, Bremen und Hamburg jeweils um höchstens 75 Prozent und von den übrigen Ländern jeweils um höchstens 50 Prozent mindern oder erhöhen.</P><P>(5) Das Bundesministerium für Wirtschaft und Klimaschutz wird ermächtigt und verpflichtet, unter den in Absatz 4 genannten Voraussetzungen und in dem in Absatz 4 genannten Umfang durch Rechtsverordnung mit Zustimmung des Bundesrates die Flächenbeitragswerte nach Anlage zu ändern.</P><P>(6) Die Bundesregierung evaluiert spätestens bis zum 30. Juni 2028 den Stand des Windenergieausbaus auf den in § 4 Absatz 4 genannten Flächen. Kommt sie hierbei zu dem Ergebnis, dass der Ausbau von Windenergieanlagen an Land auf diesen Flächen dem vorhandenen oder noch zu erwartenden Ausbau von Windenergieanlagen in Windenergiegebieten im Sinne des § 2 Nummer 1 Buchstabe a im Wesentlichen entspricht, soll sie einen Gesetzentwurf zur Anrechenbarkeit der in § 4 Absatz 4 genannten Flächen auf die Flächenbeitragswerte gemäß Anlage Spalte 2 vorlegen.</P></Content></text><fussnoten/></textdaten></norm>
<norm builddate="20240903215506" doknr="BJNR135310022BJNE000702128"><metadaten><jurabk>WindBG</jurabk><enbez>Anlage</enbez><titel format="XML">(zu § 3 Absatz 1)<BR/>Flächenbeitragswerte</titel></metadaten><textdaten><text format="XML"><Content><P><noindex><kommentar typ="Fundstelle">(Fundstelle: BGBl. I 2022, 1356)</kommentar></noindex></P><P><table colsep="1" frame="all" pgwide="1" rowsep="1" tocentry="%yes;"><tgroup align="left" char="" charoff="50" cols="4"><colspec colname="col1" colwidth="60*"/><colspec align="center" char="," colname="col2" colwidth="40*"/><colspec align="center" char="," colname="col3" colwidth="40*"/><colspec align="right" colname="col4" colwidth="25*"/><thead valign="bottom"><row valign="middle"><entry VJ="1" align="center" colname="col1">Bundesland</entry><entry VJ="1" align="center" colname="col2">Spalte 1:<BR/> Flächenbeitragswert, der<BR/>bis zum 31. Dezember 2027<BR/>zu erreichen ist (Anteil der<BR/>Landesfläche in Prozent)<FnR ID="bjnr135310022bjne000702128_01_BJNR135310022BJNE000702128"/></entry><entry VJ="1" align="center" colname="col3">Spalte 2:<BR/> Flächenbeitragswert, der<BR/>bis zum 31. Dezember 2032<BR/>zu erreichen ist (Anteil der<BR/>Landesfläche in Prozent)<FnR ID="bjnr135310022bjne000702128_01_BJNR135310022BJNE000702128"/></entry><entry VJ="1" align="center" colname="col4">Spalte 3:<BR/> Landesflächen<BR/>(in km<SUP>2</SUP>)<FnR ID="f822691_01_BJNR135310022BJNE000702128"/><BR/><BR/></entry></row></thead><tbody valign="top"><row><entry VJ="1" colname="col1">Baden-Württemberg</entry><entry VJ="1" colname="col2">1,1 </entry><entry VJ="1" colname="col3">1,8 </entry><entry VJ="1" colname="col4">35 747,82</entry></row><row><entry VJ="1" colname="col1">Bayern</entry><entry VJ="1" colname="col2">1,1 </entry><entry VJ="1" colname="col3">1,8 </entry><entry VJ="1" colname="col4">70 541,57</entry></row><row><entry VJ="1" colname="col1">Berlin</entry><entry VJ="1" colname="col2">0,25</entry><entry VJ="1" colname="col3">0,50</entry><entry VJ="1" colname="col4">891,12</entry></row><row><entry VJ="1" colname="col1">Brandenburg</entry><entry VJ="1" colname="col2">1,8 </entry><entry VJ="1" colname="col3">2,2 </entry><entry VJ="1" colname="col4">29 654,35</entry></row><row><entry VJ="1" colname="col1">Bremen</entry><entry VJ="1" colname="col2">0,25</entry><entry VJ="1" colname="col3">0,50</entry><entry VJ="1" colname="col4">419,62</entry></row><row><entry VJ="1" colname="col1">Hamburg</entry><entry VJ="1" colname="col2">0,25</entry><entry VJ="1" colname="col3">0,50</entry><entry VJ="1" colname="col4">755,09</entry></row><row><entry VJ="1" colname="col1">Hessen</entry><entry VJ="1" colname="col2">1,8 </entry><entry VJ="1" colname="col3">2,2 </entry><entry VJ="1" colname="col4">21 115,64</entry></row><row><entry VJ="1" colname="col1">Mecklenburg-Vorpommern</entry><entry VJ="1" colname="col2">1,4 </entry><entry VJ="1" colname="col3">2,1 </entry><entry VJ="1" colname="col4">23 295,45</entry></row><row><entry VJ="1" colname="col1">Niedersachsen</entry><entry VJ="1" colname="col2">1,7 </entry><entry VJ="1" colname="col3">2,2 </entry><entry VJ="1" colname="col4">47 709,82</entry></row><row><entry VJ="1" colname="col1">Nordrhein-Westfalen</entry><entry VJ="1" colname="col2">1,1 </entry><entry VJ="1" colname="col3">1,8 </entry><entry VJ="1" colname="col4">34 112,44</entry></row><row><entry VJ="1" colname="col1">Rheinland-Pfalz</entry><entry VJ="1" colname="col2">1,4 </entry><entry VJ="1" colname="col3">2,2 </entry><entry VJ="1" colname="col4">19 858,00</entry></row><row><entry VJ="1" colname="col1">Saarland</entry><entry VJ="1" colname="col2">1,1 </entry><entry VJ="1" colname="col3">1,8 </entry><entry VJ="1" colname="col4">2 571,11</entry></row><row><entry VJ="1" colname="col1">Sachsen</entry><entry VJ="1" colname="col2">1,3 </entry><entry VJ="1" colname="col3">2,0 </entry><entry VJ="1" colname="col4">18 449,93</entry></row><row><entry VJ="1" colname="col1">Sachsen-Anhalt</entry><entry VJ="1" colname="col2">1,8 </entry><entry VJ="1" colname="col3">2,2 </entry><entry VJ="1" colname="col4">20 459,12</entry></row><row><entry VJ="1" colname="col1">Schleswig-Holstein</entry><entry VJ="1" colname="col2">1,3 </entry><entry VJ="1" colname="col3">2,0 </entry><entry VJ="1" colname="col4">15 804,30</entry></row><row><entry VJ="1" colname="col1">Thüringen</entry><entry VJ="1" colname="col2">1,8 </entry><entry VJ="1" colname="col3">2,2 </entry><entry VJ="1" colname="col4">16 202,39</entry></row></tbody></tgroup></table></P></Content><Footnotes><Footnote FnZ="1" Group="column" ID="bjnr135310022bjne000702128_01_BJNR135310022BJNE000702128" Pos="exp">In den Fällen des § 3 Absatz 4 ersetzen die durch Landesrecht erhöhten Flächenbeitragswerte und vorgezogenen Stichtage die entsprechenden in den Spalten 1 und 2 genannten Flächenbeitragswerte und Stichtage.</Footnote><Footnote FnZ="2" Group="page" ID="f822691_01_BJNR135310022BJNE000702128" Pos="exp">Quelle: Statistisches Bundesamt, Daten aus dem Gemeindeverzeichnis: Bundesländer mit Hauptstädten nach Fläche, Bevölkerung und Bevölkerungsdichte, Gebietsstand: 31.12.2020, Erscheinungsmonat: September 2021.</Footnote></Footnotes></text><fussnoten/></textdaten></norm>
</dokumente>