<?xml version="1.0" encoding="UTF-8" ?><!DOCTYPE dokumente SYSTEM "http://www.gesetze-im-internet.de/dtd/1.01/gii-norm.dtd">
<dokumente builddate="20240506215502" doknr="BJNR351500017"><norm builddate="20240506215502" doknr="BJNR351500017"><metadaten><jurabk>KassenSichV</jurabk><amtabk>KassenSichV</amtabk><ausfertigung-datum manuell="ja">2017-09-26</ausfertigung-datum><fundstelle typ="amtlich"><periodikum>BGBl I</periodikum><zitstelle>2017, 3515</zitstelle></fundstelle><kurzue>Kassensicherungsverordnung</kurzue><langue>Verordnung zur Bestimmung der technischen Anforderungen an elektronische Aufzeichnungs- und Sicherungssysteme im Geschäftsverkehr<FnR ID="BJNR351500017_01"/></langue><standangabe checked="ja"><standtyp>Stand</standtyp><standkommentar>Geändert durch Art. 2 V v. 30.7.2021 I 3295</standkommentar></standangabe></metadaten><textdaten><text format="XML"><Footnotes><Footnote FnZ="*" Group="column" ID="BJNR351500017_01" Pos="exp"><noindex>Notifiziert gemäß der Richtlinie (EU) 2015/1535 des Europäischen Parlaments und des Rates vom 9. September 2015 über ein Informationsverfahren auf dem Gebiet der technischen Vorschriften und der Vorschriften für die Dienste der Informationsgesellschaft (ABl. L 241 vom 17.9.2015, S. 1).</noindex></Footnote></Footnotes></text><fussnoten><Content><P><BR/> <pre xml:space="preserve">(+++ Textnachweis ab: 7.10.2017 +++)<BR/>(+++ Amtlicher Hinweis des Normgebers auf EG-Recht:<BR/>     Notifizierung der<BR/>       EURL 2015/1535            (CELEX Nr: 32015L1535) +++)<BR/>(+++ Zur Anwendung vgl. §§ 7 bis 10 +++)<BR/><BR/></pre></P></Content></fussnoten></textdaten></norm>
<norm builddate="20240506215502" doknr="BJNR351500017BJNE000100000"><metadaten><jurabk>KassenSichV</jurabk><enbez>Eingangsformel</enbez></metadaten><textdaten><text format="XML"><Content><P>Auf Grund des § 146a Absatz 3 Satz 1 der Abgabenordnung, der durch Artikel 1 Nummer 3 des Gesetzes vom 22. Dezember 2016 (BGBl. I S. 3152) eingefügt worden ist, verordnet das Bundesministerium der Finanzen im Einvernehmen mit dem Bundesministerium des Innern und dem Bundesministerium für Wirtschaft und Energie und unter Wahrung der Rechte des Bundestages:</P></Content></text></textdaten></norm>
<norm builddate="20240506215502" doknr="BJNR351500017BJNE000202123"><metadaten><jurabk>KassenSichV</jurabk><enbez>§ 1</enbez><titel format="XML">Elektronische Aufzeichnungssysteme</titel></metadaten><textdaten><text format="XML"><Content><P>(1) Elektronische Aufzeichnungssysteme im Sinne des § 146a Absatz 1 Satz 1 der Abgabenordnung sind elektronische oder computergestützte Kassensysteme oder Registrierkassen. Nicht als elektronische Aufzeichnungssysteme gelten <DL Font="normal" Type="arabic"><DT>1.</DT><DD Font="normal"><LA Size="normal">Fahrscheinautomaten und Fahrscheindrucker,</LA></DD><DT>2.</DT><DD Font="normal"><LA Size="normal">Kassen- und Parkscheinautomaten der Parkraumbewirtschaftung sowie Ladepunkte für Elektro- oder Hybridfahrzeuge,</LA></DD><DT>3.</DT><DD Font="normal"><LA Size="normal">elektronische Buchhaltungsprogramme,</LA></DD><DT>4.</DT><DD Font="normal"><LA Size="normal">Waren- und Dienstleistungsautomaten,</LA></DD><DT>5.</DT><DD Font="normal"><LA Size="normal">Geldautomaten sowie</LA></DD><DT>6.</DT><DD Font="normal"><LA Size="normal">Geld- und Warenspielgeräte.</LA></DD></DL></P><P>(2) Als elektronische Aufzeichnungssysteme im Sinne des § 146a Absatz 1 Satz 1 der Abgabenordnung gelten ebenfalls <DL Font="normal" Type="arabic"><DT>1.</DT><DD Font="normal"><LA Size="normal">Taxameter im Sinne des Anhangs IX der Richtlinie 2014/32/EU des Europäischen Parlaments und des Rates vom 26. Februar 2014 zur Harmonisierung der Rechtsvorschriften der Mitgliedstaaten über die Bereitstellung von Messgeräten auf dem Markt (ABl. L 96 vom 29.3.2014, S. 149; L 13 vom 20.1.2016, S. 57), die durch die Richtlinie 2015/13 (ABl. L 3 vom 7.1.2015, S. 42) geändert worden ist, in der jeweils geltenden Fassung (EU-Taxameter) und</LA></DD><DT>2.</DT><DD Font="normal"><LA Size="normal">Wegstreckenzähler.</LA></DD></DL></P></Content></text><fussnoten/></textdaten></norm>
<norm builddate="20240506215502" doknr="BJNR351500017BJNE000301123"><metadaten><jurabk>KassenSichV</jurabk><enbez>§ 2</enbez><titel format="XML">Protokollierung von digitalen Grundaufzeichnungen</titel></metadaten><textdaten><text format="XML"><Content><P>Für jede Aufzeichnung eines Geschäftsvorfalls oder anderen Vorgangs im Sinne des § 146a Absatz 1 Satz 1 der Abgabenordnung muss von einem elektronischen Aufzeichnungssystem unmittelbar eine neue Transaktion gestartet werden. Die Transaktion hat zu enthalten: <DL Type="arabic"><DT>1.</DT><DD Font="normal"><LA>den Zeitpunkt des Vorgangbeginns,</LA></DD><DT>2.</DT><DD Font="normal"><LA>eine eindeutige und fortlaufende Transaktionsnummer,</LA></DD><DT>3.</DT><DD Font="normal"><LA>die Art des Vorgangs,</LA></DD><DT>4.</DT><DD Font="normal"><LA>die Daten des Vorgangs,</LA></DD><DT>5.</DT><DD Font="normal"><LA>die Zahlungsarten,</LA></DD><DT>6.</DT><DD Font="normal"><LA>den Zeitpunkt der Vorgangsbeendigung oder des Vorgangsabbruchs,</LA></DD><DT>7.</DT><DD Font="normal"><LA>einen Prüfwert sowie</LA></DD><DT>8.</DT><DD Font="normal"><LA>die Seriennummer des elektronischen Aufzeichnungssystems und die Seriennummer des Sicherheitsmoduls.</LA></DD></DL>Die Zeitpunkte nach Satz 2 Nummer 1 und 6, die Transaktionsnummer nach Satz 2 Nummer 2 und der Prüfwert nach Satz 2 Nummer 7 werden manipulationssicher durch das Sicherheitsmodul festgelegt. Die Transaktionsnummer muss so zu beschaffen sein, dass Lücken in Transaktionsaufzeichnungen erkennbar sind.</P></Content></text><fussnoten><Content><P>(+++ § 2: Zur Nichtanwendung vgl. § 7 Abs 1 u. § 8 Abs. 1 +++)</P></Content></fussnoten></textdaten></norm>
<norm builddate="20240506215502" doknr="BJNR351500017BJNE000400000"><metadaten><jurabk>KassenSichV</jurabk><enbez>§ 3</enbez><titel format="XML">Speicherung der Grundaufzeichnungen</titel></metadaten><textdaten><text format="XML"><Content><P>(1) Die Speicherung der laufenden Geschäftsvorfälle oder anderen Vorgänge im Sinne des § 146a Absatz 1 Satz 1 der Abgabenordnung muss vollständig, unverändert und manipulationssicher auf einem nichtflüchtigen Speichermedium erfolgen.</P><P>(2) Die gespeicherten Geschäftsvorfälle oder anderen Vorgänge im Sinne des § 146a Absatz 1 Satz 1 der Abgabenordnung müssen als Transaktionen so verkettet werden, dass Lücken in den Aufzeichnungen erkennbar sind.</P><P>(3) Werden die gespeicherten digitalen Grundaufzeichnungen ganz oder teilweise von einem elektronischen Aufzeichnungssystem in ein externes elektronisches Aufbewahrungssystem übertragen, so muss sichergestellt werden, dass die Verkettung aller Transaktionen nach Absatz 2 und die Anforderungen an die einheitliche digitale Schnittstelle nach § 4 erhalten bleiben.</P><P>(4) Eine Verdichtung von Grundaufzeichnungen in einem elektronischen Aufbewahrungssystem ist für die Dauer der Aufbewahrung nach § 147 Absatz 3 der Abgabenordnung unzulässig, wenn dadurch deren Lesbarkeit nicht mehr gewährleistet ist.</P></Content></text></textdaten></norm>
<norm builddate="20240506215502" doknr="BJNR351500017BJNE000501123"><metadaten><jurabk>KassenSichV</jurabk><enbez>§ 4</enbez><titel format="XML">Einheitliche digitale Schnittstelle</titel></metadaten><textdaten><text format="XML"><Content><P>Die einheitliche digitale Schnittstelle ist eine Datensatzbeschreibung für den standardisierten Datenexport aus dem Speichermedium nach § 3 Absatz 1, der Anbindung an das elektronische Aufzeichnungssystem und dem elektronischen Aufbewahrungssystem zur Übergabe an den mit der Kassen-Nachschau oder Außenprüfung betrauten Amtsträger der Finanzbehörde. Sie stellt eine einheitliche Strukturierung und Bezeichnung der nach § 146a Absatz 1 der Abgabenordnung aufzuzeichnenden Daten in Datenschema und Datenfelderbeschreibung für die Protokollierung nach § 2 und die Speicherung nach § 3 sicher. Dies gilt unabhängig vom Programm des Herstellers. Die einheitliche digitale Schnittstelle für den standardisierten Export aus dem Speichermedium nach § 3 Absatz 1 und die einheitliche digitale Schnittstelle für den standardisierten Export aus dem elektronischen Aufzeichnungssystem können getrennt voneinander erstellt und veröffentlicht werden.</P></Content></text><fussnoten/></textdaten></norm>
<norm builddate="20240506215502" doknr="BJNR351500017BJNE000601123"><metadaten><jurabk>KassenSichV</jurabk><enbez>§ 5</enbez><titel format="XML">Anforderungen an die technische Sicherheitseinrichtung</titel></metadaten><textdaten><text format="XML"><Content><P>Das Bundesamt für Sicherheit in der Informationstechnik legt im Benehmen mit dem Bundesministerium der Finanzen in Technischen Richtlinien und Schutzprofilen die technischen Anforderungen fest an <DL Type="arabic"><DT>1.</DT><DD Font="normal"><LA>die digitale Schnittstelle, soweit diese den standardisierten Export aus dem Speichermedium und die Anbindung der zertifizierten technischen Sicherheitseinrichtung an das elektronische Aufzeichnungssystem betreffen,</LA></DD><DT>2.</DT><DD Font="normal"><LA>das Sicherheitsmodul und</LA></DD><DT>3.</DT><DD Font="normal"><LA>das Speichermedium.</LA></DD></DL>Die jeweils aktuellen Versionen werden im Bundessteuerblatt Teil I und auf der Internetseite des Bundesamts für Sicherheit in der Informationstechnik veröffentlicht.</P></Content></text><fussnoten/></textdaten></norm>
<norm builddate="20240506215502" doknr="BJNR351500017BJNE000702123"><metadaten><jurabk>KassenSichV</jurabk><enbez>§ 6</enbez><titel format="XML">Anforderungen an den Beleg</titel></metadaten><textdaten><text format="XML"><Content><P>Ein Beleg muss mindestens enthalten: <DL Type="arabic"><DT>1.</DT><DD Font="normal"><LA>den vollständigen Namen und die vollständige Anschrift des leistenden Unternehmers,</LA></DD><DT>2.</DT><DD Font="normal"><LA>das Datum der Belegausstellung und den Zeitpunkt des Vorgangbeginns im Sinne des § 2 Satz 2 Nummer 1 sowie den Zeitpunkt der Vorgangsbeendigung im Sinne des § 2 Satz 2 Nummer 6,</LA></DD><DT>3.</DT><DD Font="normal"><LA>die Menge und die Art der gelieferten Gegenstände oder den Umfang und die Art der sonstigen Leistung,</LA></DD><DT>4.</DT><DD Font="normal"><LA>die Transaktionsnummer im Sinne des § 2 Satz 2 Nummer 2,</LA></DD><DT>5.</DT><DD Font="normal"><LA>das Entgelt und den darauf entfallenden Steuerbetrag für die Lieferung oder sonstige Leistung in einer Summe sowie den anzuwendenden Steuersatz oder im Fall einer Steuerbefreiung einen Hinweis darauf, dass für die Lieferung oder sonstige Leistung eine Steuerbefreiung gilt,</LA></DD><DT>6.</DT><DD Font="normal"><LA>die Seriennummer des elektronischen Aufzeichnungssystems sowie die Seriennummer des Sicherheitsmoduls und</LA></DD><DT>7.</DT><DD Font="normal"><LA>den Prüfwert im Sinne des § 2 Satz 2 Nummer 7 und den fortlaufenden Signaturzähler, der vom Sicherheitsmodul festgelegt wird.</LA></DD></DL>Die Angaben nach Satz 1 müssen <DL Type="arabic"><DT>1.</DT><DD Font="normal"><LA>für jedermann ohne maschinelle Unterstützung lesbar oder</LA></DD><DT>2.</DT><DD Font="normal"><LA>aus einem QR-Code auslesbar sein.</LA></DD></DL>Der QR-Code nach Satz 2 Nummer 2 hat der digitalen Schnittstelle der Finanzverwaltung (DSFinV), die für die jeweils zugehörige Art des Aufzeichnungssystems vorgeschrieben ist, zu entsprechen. Die digitale Schnittstelle wird auf der Internetseite des Bundeszentralamtes für Steuern in der jeweils geltenden Fassung veröffentlicht. Ein Beleg kann in Papierform oder mit Zustimmung des Belegempfängers elektronisch in einem standardisierten Datenformat ausgegeben werden.</P></Content></text><fussnoten><Content><P>(+++ § 6 Satz 1: Zur Nichtanwendung vgl. § 7 Abs 1 u. § 8 Abs. 1 +++)</P></Content></fussnoten></textdaten></norm>
<norm builddate="20240506215502" doknr="BJNR351500017BJNE001100123"><metadaten><jurabk>KassenSichV</jurabk><enbez>§ 7</enbez><titel format="XML">Anforderungen an EU-Taxameter</titel></metadaten><textdaten><text format="XML"><Content><P>(1) Die §§ 2 und 6 Satz 1 sind auf EU-Taxameter nicht anzuwenden.</P><P>(2) Mit dem Umschalten von der Betriebseinstellung „Kasse“ auf die Betriebseinstellung „Frei“ muss unmittelbar eine neue Transaktion im Sicherheitsmodul gestartet werden. Die Transaktion bei EU-Taxametern hat zu enthalten: <DL Type="arabic"><DT>1.</DT><DD Font="normal"><LA>die Zählwerksdaten, die allgemeinen Daten, die Preisdaten einer Fahrt und die Tarifdaten im Sinne des Anhangs IX Nummer 4 der Richtlinie 2014/32/EU,</LA></DD><DT>2.</DT><DD Font="normal"><LA>den Zeitpunkt der Beendigung der Betriebseinstellung „Kasse“,</LA></DD><DT>3.</DT><DD Font="normal"><LA>eine eindeutige und fortlaufende Transaktionsnummer sowie</LA></DD><DT>4.</DT><DD Font="normal"><LA>einen Prüfwert.</LA></DD></DL>Die Daten nach Satz 2 Nummer 2 bis 4 werden manipulationssicher durch das Sicherheitsmodul festgelegt. Die Transaktionsnummer muss so beschaffen sein, dass Lücken in den Transaktionsaufzeichnungen erkennbar sind.</P><P>(3) Bei EU-Taxametern hat der Beleg mindestens zu enthalten: <DL Type="arabic"><DT>1.</DT><DD Font="normal"><LA>die allgemeinen Daten und die Preisdaten einer Fahrt im Sinne des Anhangs IX Nummer 4 der Richtlinie 2014/32/EU,</LA></DD><DT>2.</DT><DD Font="normal"><LA>den Zeitpunkt der Beendigung der Betriebseinstellung „Kasse“ nach Absatz 2 Satz 2 Nummer 2,</LA></DD><DT>3.</DT><DD Font="normal"><LA>die Transaktionsnummer nach Absatz 2 Satz 2 Nummer 3,</LA></DD><DT>4.</DT><DD Font="normal"><LA>den Prüfwert nach Absatz 2 Satz 2 Nummer 4 und</LA></DD><DT>5.</DT><DD Font="normal"><LA>die Seriennummer des Sicherheitsmoduls.</LA></DD></DL>§ 6 Satz 2 bis 4 gilt entsprechend. Ein Beleg kann in Papierform oder mit Zustimmung des Belegempfängers elektronisch in einem standardisierten Datenformat ausgegeben werden.</P><P>(4) Verfügt ein EU-Taxameter nicht über einen Belegdrucker, so kann der Beleg außerhalb des EU-Taxameters in Papierform oder mit Zustimmung des Belegempfängers elektronisch in einem standardisierten Datenformat ausgegeben werden. Die Ausstellung des Belegs kann zu einem späteren Zeitpunkt nach dem Geschäftsvorfall und gegenüber einem nicht an dem Geschäftsvorfall unmittelbar Beteiligten geschehen. Die umsatzsteuerlichen Anforderungen an eine Rechnung bleiben unberührt.</P></Content></text><fussnoten><Content><P>(+++ § 7: Zur Anwendung vgl. § 9 Abs. 1 +++)</P></Content></fussnoten></textdaten></norm>
<norm builddate="20240506215502" doknr="BJNR351500017BJNE001200123"><metadaten><jurabk>KassenSichV</jurabk><enbez>§ 8</enbez><titel format="XML">Anforderungen an Wegstreckenzähler</titel></metadaten><textdaten><text format="XML"><Content><P>(1) Die §§ 2 und 6 Satz 1 sind auf Wegstreckenzähler nicht anzuwenden.</P><P>(2) Die Transaktion bei Wegstreckenzählern hat <DL Type="arabic"><DT>1.</DT><DD Font="normal"><LA>die Zählwerksdaten und die allgemeinen Daten nach § 7 Absatz 2 Satz 2 Nummer 1,</LA></DD><DT>2.</DT><DD Font="normal"><LA>die Preisdaten einer Fahrt nach § 7 Absatz 2 Satz 2 Nummer 1,</LA></DD><DT>3.</DT><DD Font="normal"><LA>eine eindeutige und fortlaufende Transaktionsnummer sowie</LA></DD><DT>4.</DT><DD Font="normal"><LA>einen Prüfwert</LA></DD></DL>zu enthalten.<BR/>Die Daten nach Satz 1 Nummer 1 und 2 sind nur aufzuzeichnen, soweit diese durch den Wegstreckenzähler erzeugt werden. Die Daten nach Satz 1 Nummer 3 und 4 werden manipulationssicher durch das Sicherheitsmodul festgelegt. Die Transaktionsnummer muss so beschaffen sein, dass Lücken in den Transaktionsaufzeichnungen erkennbar sind.</P><P>(3) Bei Wegstreckenzählern hat der Beleg mindestens zu enthalten: <DL Type="arabic"><DT>1.</DT><DD Font="normal"><LA>die allgemeinen Daten und die Preisdaten einer Fahrt nach § 7 Absatz 3 Satz 1 Nummer 1, soweit diese durch den Wegstreckenzähler erzeugt werden,</LA></DD><DT>2.</DT><DD Font="normal"><LA>die Transaktionsnummer nach Absatz 2 Satz 1 Nummer 3,</LA></DD><DT>3.</DT><DD Font="normal"><LA>den Prüfwert nach Absatz 2 Satz 1 Nummer 4 und</LA></DD><DT>4.</DT><DD Font="normal"><LA>die Seriennummer des Sicherheitsmoduls.</LA></DD></DL>§ 6 Satz 2 bis 4 gilt entsprechend. Ein Beleg kann in Papierform oder mit Zustimmung des Belegempfängers elektronisch in einem standardisierten Datenformat ausgegeben werden.</P><P>(4) Bei Wegstreckenzählern kann der Beleg durch eine dem Gesetz entsprechende Aufzeichnung des Geschäftsvorfalls ersetzt werden, wenn keine digitale Schnittstelle vorhanden ist. Ist eine digitale Schnittstelle vorhanden, gilt § 7 Absatz 4 sinngemäß.</P></Content></text><fussnoten><Content><P>(+++ § 8: Zur Anwendung vgl. § 10 +++)</P></Content></fussnoten></textdaten></norm>
<norm builddate="20240506215502" doknr="BJNR351500017BJNE001300123"><metadaten><jurabk>KassenSichV</jurabk><enbez>§ 9</enbez><titel format="XML">Übergangsregelung für EU-Taxameter mit INSIKA-Technik</titel></metadaten><textdaten><text format="XML"><Content><P>(1) Soweit ein EU-Taxameter vor dem 1. Januar 2021 mit der INSIKA-Technik ausgerüstet wurde, ist § 7 für dieses EU-Taxameter erst ab dem 1. Januar 2026 anzuwenden.</P><P>(2) Absatz 1 gilt nicht, sofern das EU-Taxameter aus dem Fahrzeug, in das es am 1. Januar 2021 eingebaut war, ausgebaut und in ein neues Fahrzeug eingebaut wird.</P><P>(3) Das Vorliegen der Voraussetzungen nach den Absätzen 1 und 2 ist dem zuständigen Finanzamt bis zum 31. Januar 2024 mitzuteilen. Sofern ein Fall des Absatzes 2 nach dem 1. Januar 2024 vorliegt, ist dieser dem zuständigen Finanzamt innerhalb eines Monats mitzuteilen.</P></Content></text><fussnoten/></textdaten></norm>
<norm builddate="20240506215502" doknr="BJNR351500017BJNE001400123"><metadaten><jurabk>KassenSichV</jurabk><enbez>§ 10</enbez><titel format="XML">Anwendungszeitpunkt für Wegstreckenzähler</titel></metadaten><textdaten><text format="XML"><Content><P>Für Wegstreckenzähler ist § 8 ab dem Tag anzuwenden, an dem <DL Type="arabic"><DT>1.</DT><DD Font="normal"><LA>mindestens drei voneinander unabhängige Unternehmen Wegstreckenzähler am Markt anbieten, die über eine geeignete digitale Schnittstelle im Sinne der Kassensicherungsverordnung verfügen, und</LA></DD><DT>2.</DT><DD Font="normal"><LA>eine Konformitätsbewertungsstelle nach § 13 oder § 14 des Mess- und Eichgesetzes die Konformität der Wegstreckenzähler nach Nummer 1 mit den Anforderungen des Mess- und Eichgesetzes feststellt.</LA></DD></DL>Der Zeitpunkt nach Satz 1 ist durch das Bundesministerium der Finanzen im Bundessteuerblatt Teil I bekannt zu geben. Die Sätze 1 und 2 gelten für Wegstreckenzähler, die ab dem in Satz 1 veröffentlichten Zeitpunkt neu in den Verkehr gebracht werden.</P></Content></text><fussnoten/></textdaten></norm>
<norm builddate="20240506215502" doknr="BJNR351500017BJNE000802123"><metadaten><jurabk>KassenSichV</jurabk><enbez>§ 11</enbez><titel format="XML">Zertifizierung</titel></metadaten><textdaten><text format="XML"><Content><P>(1) Für die Zertifizierung technischer Sicherheitseinrichtungen gelten § 9 des BSI-Gesetzes sowie die BSI-Zertifizierungs- und -Anerkennungsverordnung vom 17. Dezember 2014 (BGBl. I S. 2231) in der jeweils geltenden Fassung. Die Prüfung und Bewertung kann auch durch vom Bundesamt für Sicherheit in der Informationstechnik anerkannte sachverständige Stellen erfolgen, die zugleich gemäß der Verordnung (EG) Nr. 765/2008 des Europäischen Parlaments und des Rates vom 9. Juli 2008 über die Vorschriften für die Akkreditierung und Marktüberwachung im Zusammenhang mit der Vermarktung von Produkten und zur Aufhebung der Verordnung (EWG) Nr. 339/93 des Rates (ABl. L 218 vom 13.8.2008, S. 30) in der jeweils geltenden Fassung akkreditiert sind.</P><P>(2) Die Kosten einer Zertifizierung trägt der Antragsteller. Die Besondere Gebührenverordnung BMI vom 2. September 2019 (BGBl. I S. 1359) in der jeweils geltenden Fassung ist anzuwenden.</P></Content></text><fussnoten/></textdaten></norm>
<norm builddate="20240506215502" doknr="BJNR351500017BJNE001001123"><metadaten><jurabk>KassenSichV</jurabk><enbez>Schlussformel</enbez></metadaten><textdaten><text format="XML"><Content><P>Der Bundesrat hat zugestimmt.</P></Content></text><fussnoten/></textdaten></norm>
</dokumente>