<?xml version="1.0" encoding="UTF-8" ?><!DOCTYPE dokumente SYSTEM "http://www.gesetze-im-internet.de/dtd/1.01/gii-norm.dtd">
<dokumente builddate="20250228223023" doknr="BJNR412500013"><norm builddate="20250228223023" doknr="BJNR412500013"><metadaten><jurabk>BüroMKfAusbV</jurabk><amtabk>BüroMKfAusbV</amtabk><ausfertigung-datum manuell="ja">2013-12-11</ausfertigung-datum><fundstelle typ="amtlich"><periodikum>BGBl I</periodikum><zitstelle>2013, 4125</zitstelle></fundstelle><kurzue>Büromanagementkaufleute-Ausbildungsverordnung</kurzue><langue>Verordnung über die Berufsausbildung zum Kaufmann für Büromanagement und zur Kauffrau für Büromanagement<FnR ID="f783660_01_BJNR412500013"/></langue><standangabe checked="ja"><standtyp>Aufh</standtyp><standkommentar>V aufgeh. durch § 19 Satz 2 V 806-22-1-159 v. 25.2.2025 I Nr. 62 mWv 1.8.2025</standkommentar></standangabe><standangabe checked="ja"><standtyp>Stand</standtyp><standkommentar>Geändert durch Art. 1 V v. 16.6.2014 I 791</standkommentar></standangabe><standangabe checked="ja"><standtyp>Sonst</standtyp><standkommentar>Ersetzt V 806-21-1-165 v. 13.2.1991 I 425, V 806-21-1-164 v. 13.2.1991 I 436 u. V 806-21-1-176 v. 12.3.1992 I 507</standkommentar></standangabe><standangabe checked="ja"><standtyp>Sonst</standtyp><standkommentar>Ersetzt durch V 806-22-1-159 v. 25.2.2025 I Nr. 62 (BüroMKfAusbV 2025)</standkommentar></standangabe></metadaten><textdaten><text format="XML"><Content><P><noindex><Footnotes><Footnote FnZ="*" Group="column" ID="f783660_01_BJNR412500013" Pos="exp">Diese Rechtsverordnung ist eine Ausbildungsordnung im Sinne des § 4 des Berufsbildungsgesetzes. Die Ausbildungsordnung und der damit abgestimmte, von der Ständigen Konferenz der Kultusminister der Länder in der Bundesrepublik Deutschland beschlossene Rahmenlehrplan für die Berufsschule werden demnächst im amtlichen Teil des Bundesanzeigers veröffentlicht.</Footnote></Footnotes></noindex></P></Content></text><fussnoten><Content><P><BR/> <pre xml:space="preserve">(+++ Textnachweis ab: 1.8.2014 +++)<BR/><BR/></pre></P></Content></fussnoten></textdaten></norm>
<norm builddate="20250228223023" doknr="BJNR412500013BJNE000100000"><metadaten><jurabk>BüroMKfAusbV</jurabk><enbez>Eingangsformel</enbez></metadaten><textdaten><text format="XML"><Content><P>Auf Grund des § 4 Absatz 1 in Verbindung mit § 5 des Berufsbildungsgesetzes, von denen § 4 Absatz 1 durch Artikel 232 Nummer 1 der Verordnung vom 31. Oktober 2006 (BGBl. I S. 2407) geändert worden ist, verordnen das Bundesministerium für Wirtschaft und Technologie und das Bundesministerium des Innern im Einvernehmen mit dem Bundesministerium für Bildung und Forschung:</P></Content></text></textdaten></norm>
<norm builddate="20250228223023" doknr="BJNR412500013BJNE000200000"><metadaten><jurabk>BüroMKfAusbV</jurabk><enbez>§ 1</enbez><titel format="XML">Staatliche Anerkennung des Ausbildungsberufes</titel></metadaten><textdaten><text format="XML"><Content><P>Der Ausbildungsberuf des Kaufmanns für Büromanagement und der Kauffrau für Büromanagement wird nach § 4 Absatz 1 des Berufsbildungsgesetzes staatlich anerkannt. Der Ausbildungsberuf ist, soweit die Berufsausbildung im Bereich des öffentlichen Dienstes stattfindet, Ausbildungsberuf des öffentlichen Dienstes. Im Übrigen ist er Ausbildungsberuf der gewerblichen Wirtschaft.</P></Content></text></textdaten></norm>
<norm builddate="20250228223023" doknr="BJNR412500013BJNE000300000"><metadaten><jurabk>BüroMKfAusbV</jurabk><enbez>§ 2</enbez><titel format="XML">Dauer der Berufsausbildung</titel></metadaten><textdaten><text format="XML"><Content><P>Die Berufsausbildung dauert drei Jahre.</P></Content></text></textdaten></norm>
<norm builddate="20250228223023" doknr="BJNR412500013BJNE000400000"><metadaten><jurabk>BüroMKfAusbV</jurabk><enbez>§ 3</enbez><titel format="XML">Ausbildungsrahmenplan</titel></metadaten><textdaten><text format="XML"><Content><P>(1) Gegenstand der Berufsausbildung sind mindestens die in der sachlichen Gliederung des Ausbildungsrahmenplans nach Anlage 1 genannten Fertigkeiten, Kenntnisse und Fähigkeiten (berufliche Handlungsfähigkeit). Soweit es die Besonderheiten des öffentlichen Dienstes erfordern, sind den Ausbildungsinhalten des Ausbildungsrahmenplans die entsprechenden fachspezifischen Begriffe oder Bezeichnungen, die im öffentlichen Dienst verwendet werden, zugrunde zu legen.</P><P>(2) Eine von der zeitlichen Gliederung des Ausbildungsrahmenplans nach Anlage 2 abweichende Organisation der Berufsausbildung ist insbesondere zulässig, wenn betriebspraktische Besonderheiten die Abweichung erfordern.</P></Content></text></textdaten></norm>
<norm builddate="20250228223023" doknr="BJNR412500013BJNE000501360"><metadaten><jurabk>BüroMKfAusbV</jurabk><enbez>§ 4</enbez><titel format="XML">Struktur der Berufsausbildung, Ausbildungsberufsbild</titel></metadaten><textdaten><text format="XML"><Content><P>(1) Die Berufsausbildung gliedert sich in: <DL Font="normal" Type="arabic"><DT>1.</DT><DD Font="normal"><LA Size="normal">gemeinsame berufsprofilgebende Fertigkeiten, Kenntnisse und Fähigkeiten in den Pflichtqualifikationen,</LA></DD><DT>2.</DT><DD Font="normal"><LA Size="normal">weitere berufsprofilgebende Fertigkeiten, Kenntnisse und Fähigkeiten in zwei Wahlqualifikationen, die jeweils fünf Monate dauern und im Ausbildungsvertrag festgelegt werden, sowie</LA></DD><DT>3.</DT><DD Font="normal"><LA Size="normal">gemeinsame integrative Fertigkeiten, Kenntnisse und Fähigkeiten.</LA></DD></DL></P><P>(2) Gemeinsame berufsprofilgebende Fertigkeiten, Kenntnisse und Fähigkeiten in den Pflichtqualifikationen sind: <DL Font="normal" Type="arabic"><DT>1.</DT><DD Font="normal"><LA Size="normal">Büroprozesse: <DL Font="normal" Indent="7" Type="arabic"><DT>1.1</DT><DD Font="normal"><LA Size="normal">Informationsmanagement,</LA></DD><DT>1.2</DT><DD Font="normal"><LA Size="normal">Informationsverarbeitung,</LA></DD><DT>1.3</DT><DD Font="normal"><LA Size="normal">bürowirtschaftliche Abläufe,</LA></DD><DT>1.4</DT><DD Font="normal"><LA Size="normal">Koordinations- und Organisationsaufgaben;</LA></DD></DL></LA></DD><DT>2.</DT><DD Font="normal"><LA Size="normal">Geschäftsprozesse: <DL Font="normal" Indent="7" Type="arabic"><DT>2.1</DT><DD Font="normal"><LA Size="normal">Kundenbeziehungen,</LA></DD><DT>2.2</DT><DD Font="normal"><LA Size="normal">Auftragsbearbeitung und -nachbereitung,</LA></DD><DT>2.3</DT><DD Font="normal"><LA Size="normal">Beschaffung von Material und externen Dienstleistungen,</LA></DD><DT>2.4</DT><DD Font="normal"><LA Size="normal">personalbezogene Aufgaben,</LA></DD><DT>2.5</DT><DD Font="normal"><LA Size="normal">kaufmännische Steuerung.</LA></DD></DL></LA></DD></DL></P><P>(3) Weitere berufsprofilgebende Fertigkeiten, Kenntnisse und Fähigkeiten in den Wahlqualifikationen sind: <DL Font="normal" Type="arabic"><DT>1.</DT><DD Font="normal"><LA Size="normal">Auftragssteuerung und -koordination: <DL Font="normal" Indent="7" Type="arabic"><DT>1.1</DT><DD Font="normal"><LA Size="normal">Auftragsinitiierung,</LA></DD><DT>1.2</DT><DD Font="normal"><LA Size="normal">Auftragsabwicklung,</LA></DD><DT>1.3</DT><DD Font="normal"><LA Size="normal">Auftragsabschluss,</LA></DD><DT>1.4</DT><DD Font="normal"><LA Size="normal">Auftragsnachbereitung;</LA></DD></DL></LA></DD><DT>2.</DT><DD Font="normal"><LA Size="normal">kaufmännische Steuerung und Kontrolle: <DL Font="normal" Indent="7" Type="arabic"><DT>2.1</DT><DD Font="normal"><LA Size="normal">Finanzbuchhaltung,</LA></DD><DT>2.2</DT><DD Font="normal"><LA Size="normal">Kosten-und-Leistungs-Rechnung,</LA></DD><DT>2.3</DT><DD Font="normal"><LA Size="normal">Controlling;</LA></DD></DL></LA></DD><DT>3.</DT><DD Font="normal"><LA Size="normal">kaufmännische Abläufe in kleinen und mittleren Unternehmen: <DL Font="normal" Indent="7" Type="arabic"><DT>3.1</DT><DD Font="normal"><LA Size="normal">laufende Buchführung,</LA></DD><DT>3.2</DT><DD Font="normal"><LA Size="normal">Entgeltabrechnung,</LA></DD><DT>3.3</DT><DD Font="normal"><LA Size="normal">betriebliche Kalkulation,</LA></DD><DT>3.4</DT><DD Font="normal"><LA Size="normal">betriebliche Auswertungen;</LA></DD></DL></LA></DD><DT>4.</DT><DD Font="normal"><LA Size="normal">Einkauf und Logistik: <DL Font="normal" Indent="7" Type="arabic"><DT>4.1</DT><DD Font="normal"><LA Size="normal">Bedarfsermittlung,</LA></DD><DT>4.2</DT><DD Font="normal"><LA Size="normal">operativer Einkaufsprozess,</LA></DD><DT>4.3</DT><DD Font="normal"><LA Size="normal">strategischer Einkaufsprozess,</LA></DD><DT>4.4</DT><DD Font="normal"><LA Size="normal">Lagerwirtschaft;</LA></DD></DL></LA></DD><DT>5.</DT><DD Font="normal"><LA Size="normal">Marketing und Vertrieb: <DL Font="normal" Indent="7" Type="arabic"><DT>5.1</DT><DD Font="normal"><LA Size="normal">Marketingaktivitäten,</LA></DD><DT>5.2</DT><DD Font="normal"><LA Size="normal">Vertrieb von Produkten und Dienstleistungen,</LA></DD><DT>5.3</DT><DD Font="normal"><LA Size="normal">Kundenbindung und Kundenbetreuung;</LA></DD></DL></LA></DD><DT>6.</DT><DD Font="normal"><LA Size="normal">Personalwirtschaft: <DL Font="normal" Indent="7" Type="arabic"><DT>6.1</DT><DD Font="normal"><LA Size="normal">Personalsachbearbeitung,</LA></DD><DT>6.2</DT><DD Font="normal"><LA Size="normal">Personalbeschaffung und -entwicklung;</LA></DD></DL></LA></DD><DT>7.</DT><DD Font="normal"><LA Size="normal">Assistenz und Sekretariat: <DL Font="normal" Indent="7" Type="arabic"><DT>7.1</DT><DD Font="normal"><LA Size="normal">Sekretariatsführung,</LA></DD><DT>7.2</DT><DD Font="normal"><LA Size="normal">Terminkoordination und Korrespondenzbearbeitung,</LA></DD><DT>7.3</DT><DD Font="normal"><LA Size="normal">Organisation von Reisen und Veranstaltungen;</LA></DD></DL></LA></DD><DT>8.</DT><DD Font="normal"><LA Size="normal">Öffentlichkeitsarbeit und Veranstaltungsmanagement: <DL Font="normal" Indent="7" Type="arabic"><DT>8.1</DT><DD Font="normal"><LA Size="normal">Öffentlichkeitsarbeit,</LA></DD><DT>8.2</DT><DD Font="normal"><LA Size="normal">Veranstaltungsmanagement;</LA></DD></DL></LA></DD><DT>9.</DT><DD Font="normal"><LA Size="normal">Verwaltung und Recht: <DL Font="normal" Indent="7" Type="arabic"><DT>9.1</DT><DD Font="normal"><LA Size="normal">Kunden- und Bürgerorientierung,</LA></DD><DT>9.2</DT><DD Font="normal"><LA Size="normal">Rechtsanwendung,</LA></DD><DT>9.3</DT><DD Font="normal"><LA Size="normal">Verwaltungshandeln;</LA></DD></DL></LA></DD><DT>10.</DT><DD Font="normal"><LA Size="normal">öffentliche Finanzwirtschaft: <DL Font="normal" Indent="8" Type="arabic"><DT>10.1</DT><DD Font="normal"><LA Size="normal">Finanzwesen,</LA></DD><DT>10.2</DT><DD Font="normal"><LA Size="normal">Haushalts- und Kassenwesen.</LA></DD></DL></LA></DD></DL></P><P>(4) Gemeinsame integrative Fertigkeiten, Kenntnisse und Fähigkeiten sind: <DL Font="normal" Type="arabic"><DT>1.</DT><DD Font="normal"><LA Size="normal">Ausbildungsbetrieb: <DL Font="normal" Indent="7" Type="arabic"><DT>1.1</DT><DD Font="normal"><LA Size="normal">Stellung, Rechtsform und Organisationsstruktur,</LA></DD><DT>1.2</DT><DD Font="normal"><LA Size="normal">Produkt- und Dienstleistungsangebot,</LA></DD><DT>1.3</DT><DD Font="normal"><LA Size="normal">Berufsbildung,</LA></DD><DT>1.4</DT><DD Font="normal"><LA Size="normal">arbeits-, sozial-, mitbestimmungsrechtliche und tarif- oder beamtenrechtliche Vorschriften,</LA></DD><DT>1.5</DT><DD Font="normal"><LA Size="normal">Sicherheit und Gesundheitsschutz bei der Arbeit,</LA></DD><DT>1.6</DT><DD Font="normal"><LA Size="normal">Umweltschutz,</LA></DD><DT>1.7</DT><DD Font="normal"><LA Size="normal">wirtschaftliches und nachhaltiges Denken und Handeln;</LA></DD></DL></LA></DD><DT>2.</DT><DD Font="normal"><LA Size="normal">Arbeitsorganisation: <DL Font="normal" Indent="7" Type="arabic"><DT>2.1</DT><DD Font="normal"><LA Size="normal">Arbeits- und Selbstorganisation, Organisationsmittel,</LA></DD><DT>2.2</DT><DD Font="normal"><LA Size="normal">Arbeitsplatzergonomie,</LA></DD><DT>2.3</DT><DD Font="normal"><LA Size="normal">Datenschutz und Datensicherheit,</LA></DD><DT>2.4</DT><DD Font="normal"><LA Size="normal">qualitätsorientiertes Handeln in Prozessen;</LA></DD></DL></LA></DD><DT>3.</DT><DD Font="normal"><LA Size="normal">Information, Kommunikation, Kooperation: <DL Font="normal" Indent="7" Type="arabic"><DT>3.1</DT><DD Font="normal"><LA Size="normal">Informationsbeschaffung und Umgang mit Informationen,</LA></DD><DT>3.2</DT><DD Font="normal"><LA Size="normal">Kommunikation,</LA></DD><DT>3.3</DT><DD Font="normal"><LA Size="normal">Kooperation und Teamarbeit,</LA></DD><DT>3.4</DT><DD Font="normal"><LA Size="normal">Anwenden einer Fremdsprache bei Fachaufgaben.</LA></DD></DL></LA></DD></DL></P></Content></text><fussnoten/></textdaten></norm>
<norm builddate="20250228223023" doknr="BJNR412500013BJNE000600000"><metadaten><jurabk>BüroMKfAusbV</jurabk><enbez>§ 5</enbez><titel format="XML">Durchführung der Berufsausbildung</titel></metadaten><textdaten><text format="XML"><Content><P>(1) Die in dieser Verordnung genannten Fertigkeiten, Kenntnisse und Fähigkeiten sollen so vermittelt werden, dass die Auszubildenden zur Ausübung einer qualifizierten beruflichen Tätigkeit im Sinne des § 1 Absatz 3 des Berufsbildungsgesetzes befähigt werden, die insbesondere selbständiges Planen, Durchführen und Kontrollieren einschließt. Diese Befähigung ist auch in den Prüfungen nach den §§ 6 und 7 nachzuweisen.</P><P>(2) Die Ausbildenden haben auf der Grundlage des Ausbildungsrahmenplans einen Ausbildungsplan für die Auszubildenden zu erstellen.</P><P>(3) Die Auszubildenden haben einen schriftlichen Ausbildungsnachweis zu führen. Ihnen ist Gelegenheit zu geben, den Ausbildungsnachweis während der Ausbildungszeit zu führen. Die Ausbildenden haben den Ausbildungsnachweis regelmäßig durchzusehen.</P><P>(4) Zur Ergänzung der betrieblichen Berufsausbildung sind im Bereich der zuständigen Stellen des öffentlichen Dienstes die in dieser Verordnung genannten Fertigkeiten, Kenntnisse und Fähigkeiten in einer dienstbegleitenden Unterweisung systematisch zu vermitteln und zu vertiefen. Hierfür kommen insbesondere Fertigkeiten, Kenntnisse und Fähigkeiten in Betracht, die nicht in allen Ausbildungsbetrieben vermittelt werden können. Die dienstbegleitende Unterweisung umfasst in der Regel 420 Stunden, sie ist inhaltlich und zeitlich mit dem Berufsschulunterricht abzustimmen.</P></Content></text></textdaten></norm>
<norm builddate="20250228223023" doknr="BJNR412500013BJNE000700000"><metadaten><jurabk>BüroMKfAusbV</jurabk><enbez>§ 6</enbez><titel format="XML">Zwischenprüfung</titel></metadaten><textdaten><text format="XML"><Content><P>(1) Zur Ermittlung des Ausbildungsstandes ist eine Zwischenprüfung durchzuführen. Sie soll zur Mitte des zweiten Ausbildungsjahres stattfinden.</P><P>(2) Die Zwischenprüfung erstreckt sich <DL Type="arabic"><DT>1.</DT><DD Font="normal"><LA>auf die in den Anlagen 1 und 2 für die ersten 15 Monate genannten Fertigkeiten, Kenntnisse und Fähigkeiten sowie</LA></DD><DT>2.</DT><DD Font="normal"><LA>auf den im Berufsschulunterricht zu vermittelnden Lehrstoff, soweit er für die Berufsausbildung wesentlich ist.</LA></DD></DL></P><P>(3) Die Zwischenprüfung findet im Prüfungsbereich „Büro- und Beschaffungsprozesse“ statt.</P><P>(4) Für den Prüfungsbereich „Büro- und Beschaffungsprozesse“ bestehen folgende Vorgaben: <DL Type="arabic"><DT>1.</DT><DD Font="normal"><LA>der Prüfling soll nachweisen, dass er in der Lage ist, <DL Type="alpha"><DT>a)</DT><DD Font="normal"><LA>Wege der Informationsbeschaffung und den Umgang mit Informationen darzustellen und die Datenschutzregelungen zu berücksichtigen,</LA></DD><DT>b)</DT><DD Font="normal"><LA>betriebliche Abläufe unter Berücksichtigung von Informationsflüssen vorzubereiten und dabei Entscheidungswege und Schnittstellen zu berücksichtigen,</LA></DD><DT>c)</DT><DD Font="normal"><LA>bürowirtschaftliche Abläufe und Termine zu planen, zu organisieren und zu überwachen,</LA></DD><DT>d)</DT><DD Font="normal"><LA>Vorschriften für die eigene Arbeitssicherheit und die Arbeitsplatzgestaltung zu berücksichtigen,</LA></DD><DT>e)</DT><DD Font="normal"><LA>vertragsrechtliche Aspekte bei der Beschaffung von Material und externen Dienstleistungen zu berücksichtigen;</LA></DD></DL></LA></DD><DT>2.</DT><DD Font="normal"><LA>der Prüfling soll berufstypische und prozessbezogene Aufgaben schriftlich bearbeiten;</LA></DD><DT>3.</DT><DD Font="normal"><LA>die Prüfungszeit beträgt 120 Minuten.</LA></DD></DL></P></Content></text><fussnoten><Content><P>(+++ § 6: Zur Anwendung vgl. § 1 BüroMKfAusbVErpV +++)</P></Content></fussnoten></textdaten></norm>
<norm builddate="20250228223023" doknr="BJNR412500013BJNE000800000"><metadaten><jurabk>BüroMKfAusbV</jurabk><enbez>§ 7</enbez><titel format="XML">Abschlussprüfung</titel></metadaten><textdaten><text format="XML"><Content><P>(1) Durch die Abschlussprüfung ist festzustellen, ob der Prüfling die berufliche Handlungsfähigkeit erworben hat. In der Abschlussprüfung soll der Prüfling nachweisen, dass er <DL Type="arabic"><DT>1.</DT><DD Font="normal"><LA>die erforderlichen beruflichen Fertigkeiten beherrscht,</LA></DD><DT>2.</DT><DD Font="normal"><LA>die notwendigen beruflichen Kenntnisse und Fähigkeiten besitzt und</LA></DD><DT>3.</DT><DD Font="normal"><LA>mit dem im Berufsschulunterricht zu vermittelnden, für die Berufsausbildung wesentlichen Lehrstoff vertraut ist.</LA></DD></DL>Die Ausbildungsordnung ist zugrunde zu legen.</P><P>(2) Die Abschlussprüfung besteht aus den Prüfungsbereichen <DL Type="arabic"><DT>1.</DT><DD Font="normal"><LA>informationstechnisches Büromanagement,</LA></DD><DT>2.</DT><DD Font="normal"><LA>Kundenbeziehungsprozesse,</LA></DD><DT>3.</DT><DD Font="normal"><LA>Fachaufgabe in der Wahlqualifikation,</LA></DD><DT>4.</DT><DD Font="normal"><LA>Wirtschafts- und Sozialkunde.</LA></DD></DL></P><P>(3) Für den Prüfungsbereich „informationstechnisches Büromanagement“ bestehen folgende Vorgaben: <DL Type="arabic"><DT>1.</DT><DD Font="normal"><LA>der Prüfling soll nachweisen, dass er in der Lage ist, im Rahmen eines ganzheitlichen Arbeitsauftrages Büro- und Beschaffungsprozesse zu organisieren und kundenorientiert zu bearbeiten; dabei soll er nachweisen, dass er unter Anwendung von Textverarbeitungs- und Tabellenkalkulationsprogrammen recherchieren, dokumentieren und kalkulieren kann;</LA></DD><DT>2.</DT><DD Font="normal"><LA>der Prüfling soll berufstypische Aufgaben schriftlich computergestützt bearbeiten;</LA></DD><DT>3.</DT><DD Font="normal"><LA>die Prüfungszeit beträgt 120 Minuten.</LA></DD></DL></P><P>(4) Für den Prüfungsbereich „Kundenbeziehungsprozesse“ bestehen folgende Vorgaben: <DL Type="arabic"><DT>1.</DT><DD Font="normal"><LA>der Prüfling soll nachweisen, dass er in der Lage ist, komplexe Arbeitsaufträge handlungsorientiert zu bearbeiten; dabei soll er zeigen, dass er Aufträge kundenorientiert abwickeln, personalbezogene Aufgaben wahrnehmen und Instrumente der kaufmännischen Steuerung fallbezogen einsetzen kann;</LA></DD><DT>2.</DT><DD Font="normal"><LA>der Prüfling soll berufstypische Aufgaben schriftlich bearbeiten;</LA></DD><DT>3.</DT><DD Font="normal"><LA>die Prüfungszeit beträgt 150 Minuten.</LA></DD></DL></P><P>(5) Für den Prüfungsbereich „Fachaufgabe in der Wahlqualifikation“ bestehen folgende Vorgaben: <DL Type="arabic"><DT>1.</DT><DD Font="normal"><LA>der Prüfling soll nachweisen, dass er in der Lage ist, <DL Type="alpha"><DT>a)</DT><DD Font="normal"><LA>berufstypische Aufgabenstellungen zu erfassen, Probleme und Vorgehensweisen zu erörtern sowie Lösungswege zu entwickeln, zu begründen und zu reflektieren,</LA></DD><DT>b)</DT><DD Font="normal"><LA>kunden- und serviceorientiert zu handeln,</LA></DD><DT>c)</DT><DD Font="normal"><LA>betriebspraktische Aufgaben unter Berücksichtigung wirtschaftlicher, ökologischer und rechtlicher Zusammenhänge zu planen, durchzuführen und auszuwerten sowie</LA></DD><DT>d)</DT><DD Font="normal"><LA>Kommunikations- und Kooperationsbedingungen zu berücksichtigen;</LA></DD></DL></LA></DD><DT>2.</DT><DD Font="normal"><LA>mit dem Prüfling soll ein fallbezogenes Fachgespräch durchgeführt werden, für das folgende Vorgaben bestehen: <DL Type="alpha"><DT>a)</DT><DD Font="normal"><LA>Grundlage für das fallbezogene Fachgespräch ist eine der festgelegten Wahlqualifikationen nach § 4 Absatz 3,</LA></DD><DT>b)</DT><DD Font="normal"><LA>bewertet werden die Leistungen, die der Prüfling im fallbezogenen Fachgespräch zeigt,</LA></DD><DT>c)</DT><DD Font="normal"><LA>das Fachgespräch soll höchstens 20 Minuten dauern und</LA></DD><DT>d)</DT><DD Font="normal"><LA>das Fachgespräch wird mit einer Darstellung von Aufgabe und Lösungsweg durch den Prüfling eingeleitet;</LA></DD></DL></LA></DD><DT>3.</DT><DD Font="normal"><LA>zur Vorbereitung auf das fallbezogene Fachgespräch soll der Prüfling <DL Type="alpha"><DT>a)</DT><DD Font="normal"><LA>für jede der beiden festgelegten Wahlqualifikationen nach § 4 Absatz 3 einen höchstens dreiseitigen Report über die Durchführung einer betrieblichen Fachaufgabe erstellen oder</LA></DD><DT>b)</DT><DD Font="normal"><LA>eine von zwei praxisbezogenen Fachaufgaben, die ihm vom Prüfungsausschuss zur Wahl gestellt werden, bearbeiten und Lösungswege entwickeln; Grundlage für die Fachaufgaben ist eine der festgelegten Wahlqualifikationen nach § 4 Absatz 3.</LA></DD></DL></LA></DD></DL>Der Ausbildungsbetrieb teilt der zuständigen Stelle mit der Anmeldung zur Abschlussprüfung mit, welche Variante nach Satz 1 Nummer 3 gewählt wird. Wird die Variante nach Satz 1 Nummer 3 Buchstabe a gewählt, hat der Ausbildende zu bestätigen, dass die Fachaufgaben vom Prüfling eigenständig im Betrieb durchgeführt worden sind. Die Reporte sind dem Prüfungsausschuss spätestens am ersten Tag der Abschlussprüfung zuzuleiten. Sie werden nicht bewertet. Aus den beiden betrieblichen Fachaufgaben wählt der Prüfungsausschuss eine aus. Ausgehend von der gewählten Fachaufgabe und dem dazu erstellten Report entwickelt der Prüfungsausschuss für die zugrunde liegende Wahlqualifikation das fallbezogene Fachgespräch so, dass die in Satz 1 Nummer 1 genannten Vorgaben nachgewiesen werden können. Wird die Variante nach Satz 1 Nummer 3 Buchstabe b gewählt, ist dem Prüfling eine Vorbereitungszeit von 20 Minuten einzuräumen. Ausgehend von der Fachaufgabe, die der Prüfling gewählt hat, entwickelt der Prüfungsausschuss für die zugrunde liegende Wahlqualifikation das fallbezogene Fachgespräch so, dass die in Satz 1 Nummer 1 genannten Vorgaben nachgewiesen werden können.</P><P>(6) Für den Prüfungsbereich „Wirtschafts- und Sozialkunde“ bestehen folgende Vorgaben: <DL Type="arabic"><DT>1.</DT><DD Font="normal"><LA>der Prüfling soll nachweisen, dass er in der Lage ist, allgemeine wirtschaftliche und gesellschaftliche Zusammenhänge der Berufs- und Arbeitswelt darzustellen und zu beurteilen;</LA></DD><DT>2.</DT><DD Font="normal"><LA>der Prüfling soll fallbezogene Aufgaben schriftlich bearbeiten;</LA></DD><DT>3.</DT><DD Font="normal"><LA>die Prüfungszeit beträgt 60 Minuten.</LA></DD></DL></P></Content></text><fussnoten><Content><P>(+++ § 7: Zur Anwendung vgl. § 1 BüroMKfAusbVErpV +++)</P></Content></fussnoten></textdaten></norm>
<norm builddate="20250228223023" doknr="BJNR412500013BJNE000901360"><metadaten><jurabk>BüroMKfAusbV</jurabk><enbez>§ 8</enbez><titel format="XML">Gewichtung der Prüfungsbereiche, Bestehen der Abschlussprüfung</titel></metadaten><textdaten><text format="XML"><Content><P>(1) Die Prüfungsbereiche sind wie folgt zu gewichten: <DL Font="normal" Type="arabic"><DT>1.</DT><DD Font="normal"><LA Size="normal"><table colsep="0" frame="none" pgwide="1" rowsep="0" tocentry="%yes;"><tgroup align="left" char="" charoff="50" cols="2"><colspec align="left" colname="leftSplit"/><colspec align="right" colname="rightSplit"/><tbody Class="Split" valign="top"><row><entry VJ="1" colname="leftSplit">informationstechnisches<BR/> Büromanagement</entry><entry VJ="1" colname="rightSplit" valign="bottom">mit 25 Prozent,</entry></row></tbody></tgroup></table></LA></DD><DT>2.</DT><DD Font="normal"><LA Size="normal"><table colsep="0" frame="none" pgwide="1" rowsep="0" tocentry="%yes;"><tgroup align="left" char="" charoff="50" cols="2"><colspec align="left" colname="leftSplit"/><colspec align="right" colname="rightSplit"/><tbody Class="Split" valign="top"><row><entry VJ="1" colname="leftSplit">Kundenbeziehungs-<BR/> prozesse</entry><entry VJ="1" colname="rightSplit" valign="bottom">mit 30 Prozent,</entry></row></tbody></tgroup></table></LA></DD><DT>3.</DT><DD Font="normal"><LA Size="normal"><table colsep="0" frame="none" pgwide="1" rowsep="0" tocentry="%yes;"><tgroup align="left" char="" charoff="50" cols="2"><colspec align="left" colname="leftSplit"/><colspec align="right" colname="rightSplit"/><tbody Class="Split" valign="top"><row><entry VJ="1" colname="leftSplit">Fachaufgabe in der<BR/> Wahlqualifikation</entry><entry VJ="1" colname="rightSplit" valign="bottom">mit 35 Prozent,</entry></row></tbody></tgroup></table></LA></DD><DT>4.</DT><DD Font="normal"><LA Size="normal"><table colsep="0" frame="none" pgwide="1" rowsep="0" tocentry="%yes;"><tgroup align="left" char="" charoff="50" cols="2"><colspec align="left" colname="leftSplit"/><colspec align="right" colname="rightSplit"/><tbody Class="Split" valign="top"><row><entry VJ="1" colname="leftSplit">Wirtschafts- und<BR/> Sozialkunde</entry><entry VJ="1" colname="rightSplit" valign="bottom">mit 10 Prozent.</entry></row></tbody></tgroup></table></LA></DD></DL></P><P>(2) Die Abschlussprüfung ist bestanden, wenn die Leistungen wie folgt bewertet worden sind: <DL Font="normal" Type="arabic"><DT>1.</DT><DD Font="normal"><LA Size="normal">im Gesamtergebnis mit mindestens „ausreichend“,</LA></DD><DT>2.</DT><DD Font="normal"><LA Size="normal">in mindestens drei Prüfungsbereichen mit mindestens „ausreichend“ und</LA></DD><DT>3.</DT><DD Font="normal"><LA Size="normal">in keinem Prüfungsbereich mit „ungenügend“.</LA></DD></DL></P><P>(3) Auf Antrag des Prüflings ist die Prüfung in einem der Prüfungsbereiche „informationstechnisches Büromanagement“, „Kundenbeziehungsprozesse“ oder „Wirtschafts- und Sozialkunde“ durch eine mündliche Prüfung von etwa 15 Minuten zu ergänzen, wenn <DL Font="normal" Type="arabic"><DT>1.</DT><DD Font="normal"><LA Size="normal">der Prüfungsbereich schlechter als „ausreichend“ bewertet worden ist und</LA></DD><DT>2.</DT><DD Font="normal"><LA Size="normal">die mündliche Ergänzungsprüfung für das Bestehen der Abschlussprüfung den Ausschlag geben kann.</LA></DD></DL>Bei der Ermittlung des Ergebnisses für diesen Prüfungsbereich sind das bisherige Ergebnis und das Ergebnis der mündlichen Ergänzungsprüfung im Verhältnis von 2:1 zu gewichten.</P></Content></text><fussnoten><Content><P>(+++ § 8: Zur Anwendung vgl. § 1 BüroMKfAusbVErpV +++)</P></Content></fussnoten></textdaten></norm>
<norm builddate="20250228223023" doknr="BJNR412500013BJNE001000000"><metadaten><jurabk>BüroMKfAusbV</jurabk><enbez>§ 9</enbez><titel format="XML">Inkrafttreten, Außerkrafttreten</titel></metadaten><textdaten><text format="XML"><Content><P>(1) Diese Verordnung tritt am 1. August 2014 in Kraft.</P><P>(2) Gleichzeitig treten außer Kraft: <DL Type="arabic"><DT>1.</DT><DD Font="normal"><LA>die Verordnung über die Berufsausbildung zum Bürokaufmann/zur Bürokauffrau vom 13. Februar 1991 (BGBl. I S. 425),</LA></DD><DT>2.</DT><DD Font="normal"><LA>die Verordnung über die Berufsausbildung zum Kaufmann für Bürokommunikation/zur Kauffrau für Bürokommunikation vom 13. Februar 1991 (BGBl. I S. 436), die durch Artikel 1 der Verordnung vom 22. Oktober 1999 (BGBl. I S. 2067) geändert worden ist, und</LA></DD><DT>3.</DT><DD Font="normal"><LA>die Verordnung über die Berufsausbildung zum Fachangestellten für Bürokommunikation/zur Fachangestellten für Bürokommunikation vom 12. März 1992 (BGBl. I S. 507), die durch Artikel 1 der Verordnung vom 21. Oktober 1999 (BGBl. I S. 2066) geändert worden ist.</LA></DD></DL></P></Content></text></textdaten></norm>
<norm builddate="20250228223023" doknr="BJNR412500013BJNE001101360"><metadaten><jurabk>BüroMKfAusbV</jurabk><enbez>Anlage 1</enbez><titel format="XML">(zu § 3 Absatz 1 Satz 1)<BR/>Ausbildungsrahmenplan für die Berufsausbildung zum Kaufmann für Büromanagement und zur Kauffrau für Büromanagement<BR/>– sachliche Gliederung –</titel></metadaten><textdaten><text format="XML"><Content><P><noindex><kommentar typ="Fundstelle">(Fundstelle: BGBl. I 2013, 4129 - 4138)</kommentar></noindex></P><BR/><table frame="all" pgwide="1" tabstyle="Ausbildung" tocentry="%yes;"><Title Align="left" Class="S1"><B>Abschnitt A: Gemeinsame berufsprofilgebende Fertigkeiten, Kenntnisse und Fähigkeiten in den Pflichtqualifikationen</B><BR/><BR/></Title><tgroup align="left" char="" charoff="50" cols="3" colsep="1" rowsep="1"><colspec colname="col1" colnum="1" colsep="1" colwidth=".75*"/><colspec colname="col2" colnum="2" colsep="1" colwidth="3*"/><colspec colname="col3" colnum="3" colwidth="5.5*"/><thead valign="bottom"><row><entry VJ="1" align="center" colname="col1" colsep="1" valign="middle">Lfd. Nr.</entry><entry VJ="1" align="center" colname="col2" colsep="1" valign="middle">Teil des Ausbildungsberufsbildes</entry><entry VJ="1" align="center" colname="col3" valign="middle">Zu vermittelnde Fertigkeiten, Kenntnisse und Fähigkeiten</entry></row><row><entry VJ="1" align="center" colname="col1" colsep="1">1</entry><entry VJ="1" align="center" colname="col2" colsep="1">2</entry><entry VJ="1" align="center" colname="col3">3</entry></row></thead><tbody valign="top"><row><entry VJ="1" align="center" colname="col1">1</entry><entry VJ="1" colname="col2">Büroprozesse<BR/> (§ 4 Absatz 2 Nummer 1)</entry><entry VJ="1" colname="col3"/></row><row><entry VJ="1" align="center" colname="col1">1.1</entry><entry VJ="1" colname="col2">Informationsmanagement<BR/> (§ 4 Absatz 2 Nummer 1.1)</entry><entry VJ="1" colname="col3"><DL Font="normal" Type="alpha"><DT>a)</DT><DD Font="normal"><LA Size="normal">betriebliche Kommunikationssysteme auswählen und anwenden</LA></DD><DT>b)</DT><DD Font="normal"><LA Size="normal">Grundfunktionen des Betriebssystems anwenden</LA></DD><DT>c)</DT><DD Font="normal"><LA Size="normal">Nutzen des Einsatzes von elektronischen Dokumentenmanagementsystemen aufzeigen</LA></DD><DT>d)</DT><DD Font="normal"><LA Size="normal">Nutzen und Risiken von Onlineanwendungen aufzeigen</LA></DD><DT>e)</DT><DD Font="normal"><LA Size="normal">Wege der Informationsbeschaffung beherrschen</LA></DD><DT>f)</DT><DD Font="normal"><LA Size="normal">Maßnahmen zur Datensicherung und Datenpflege veranlassen</LA></DD></DL></entry></row><row><entry VJ="1" align="center" colname="col1">1.2</entry><entry VJ="1" colname="col2">Informationsverarbeitung<BR/> (§ 4 Absatz 2 Nummer 1.2)</entry><entry VJ="1" colname="col3"><DL Font="normal" Type="alpha"><DT>a)</DT><DD Font="normal"><LA Size="normal">Texte des internen und externen Schriftverkehrs formulieren, gliedern sowie situationsgerecht und normgerecht erstellen</LA></DD><DT>b)</DT><DD Font="normal"><LA Size="normal">Textverarbeitungssystem bedarfsgerecht und effizient anwenden</LA></DD><DT>c)</DT><DD Font="normal"><LA Size="normal">Vor- und Nachteile verschiedener Präsentationsmedien und -techniken abwägen</LA></DD><DT>d)</DT><DD Font="normal"><LA Size="normal">Präsentationen vorgaben- und adressatengerecht entwerfen, gestalten und durchführen</LA></DD><DT>e)</DT><DD Font="normal"><LA Size="normal">Präsentationen reflektieren</LA></DD><DT>f)</DT><DD Font="normal"><LA Size="normal">Kalkulationstabellen erstellen und Berechnungen durchführen</LA></DD><DT>g)</DT><DD Font="normal"><LA Size="normal">Daten in Diagrammen darstellen</LA></DD><DT>h)</DT><DD Font="normal"><LA Size="normal">Tabellen und Diagramme dokumentenübergreifend verwenden</LA></DD><DT>i)</DT><DD Font="normal"><LA Size="normal">Dokumente pflegen und archivieren</LA></DD><DT>j)</DT><DD Font="normal"><LA Size="normal">Dateien exportieren und importieren</LA></DD></DL></entry></row><row><entry VJ="1" align="center" colname="col1">1.3</entry><entry VJ="1" colname="col2">bürowirtschaftliche Abläufe<BR/> (§ 4 Absatz 2 Nummer 1.3)</entry><entry VJ="1" colname="col3"><DL Font="normal" Type="alpha"><DT>a)</DT><DD Font="normal"><LA Size="normal">Bedarf an Büromaterial planen, beschaffen und verwalten</LA></DD><DT>b)</DT><DD Font="normal"><LA Size="normal">Posteingang und -ausgang bearbeiten</LA></DD><DT>c)</DT><DD Font="normal"><LA Size="normal">Dokumente unter Beachtung gesetzlicher und betrieblicher Aufbewahrungsfristen verwalten</LA></DD><DT>d)</DT><DD Font="normal"><LA Size="normal">bürowirtschaftliche Abläufe reflektieren und Verbesserungen vorschlagen</LA></DD></DL></entry></row><row><entry VJ="1" align="center" colname="col1">1.4</entry><entry VJ="1" colname="col2">Koordinations- und<BR/> Organisationsaufgaben<BR/> (§ 4 Absatz 2 Nummer 1.4)</entry><entry VJ="1" colname="col3"><DL Font="normal" Type="alpha"><DT>a)</DT><DD Font="normal"><LA Size="normal">interne und externe Termine planen, koordinieren und überwachen; bei Terminabweichungen erforderliche Maßnahmen einleiten</LA></DD><DT>b)</DT><DD Font="normal"><LA Size="normal">Sitzungen und Besprechungen nach sachlichen und zeitlichen Vorgaben vor- und nachbereiten sowie betreuen</LA></DD><DT>c)</DT><DD Font="normal"><LA Size="normal">bei der Planung, Durchführung und Kontrolle von Projekten mitwirken</LA></DD></DL></entry></row><row><entry VJ="1" align="center" colname="col1">2</entry><entry VJ="1" colname="col2">Geschäftsprozesse<BR/> (§ 4 Absatz 2 Nummer 2)</entry><entry VJ="1" colname="col3"/></row><row><entry VJ="1" align="center" colname="col1" rowsep="0">2.1</entry><entry VJ="1" colname="col2" rowsep="0">Kundenbeziehungen<BR/> (§ 4 Absatz 2 Nummer 2.1)</entry><entry VJ="1" colname="col3" rowsep="0"><DL Font="normal" Type="alpha"><DT>a)</DT><DD Font="normal"><LA Size="normal">eigene Rolle als Dienstleister im Kundenkontakt berücksichtigen</LA></DD><DT>b)</DT><DD Font="normal"><LA Size="normal">Kundendaten zusammenstellen, aufbereiten und auswerten</LA></DD></DL></entry></row><row><entry VJ="1" align="center" colname="col1"/><entry VJ="1" colname="col2"/><entry VJ="1" colname="col3"><DL Font="normal" Type="alpha"><DT>c)</DT><DD Font="normal"><LA Size="normal">situationsgerecht und kundenorientiert Auskunft geben und beraten</LA></DD><DT>d)</DT><DD Font="normal"><LA Size="normal">Informationen kundengerecht aufbereiten</LA></DD><DT>e)</DT><DD Font="normal"><LA Size="normal">Bedeutung von Kundenservice für die Kundenzufriedenheit erkennen und berücksichtigen</LA></DD></DL></entry></row><row><entry VJ="1" align="center" colname="col1">2.2</entry><entry VJ="1" colname="col2">Auftragsbearbeitung und<BR/> -nachbereitung<BR/> (§ 4 Absatz 2 Nummer 2.2)<BR/></entry><entry VJ="1" colname="col3"><DL Font="normal" Type="alpha"><DT>a)</DT><DD Font="normal"><LA Size="normal">Kundenanfragen bearbeiten und bei ihrer Abwicklung mitwirken</LA></DD><DT>b)</DT><DD Font="normal"><LA Size="normal">Kundenaufträge annehmen, bearbeiten sowie dabei Rechtsvorschriften und Verfahrensregeln beachten</LA></DD><DT>c)</DT><DD Font="normal"><LA Size="normal">Auftragsabwicklung mit Kunden festlegen</LA></DD><DT>d)</DT><DD Font="normal"><LA Size="normal">Begleitdokumente und Rechnungen erstellen</LA></DD><DT>e)</DT><DD Font="normal"><LA Size="normal">Vor- und Nachkalkulationen durchführen und auswerten</LA></DD><DT>f)</DT><DD Font="normal"><LA Size="normal">Beschwerden und Reklamationen bearbeiten</LA></DD></DL></entry></row><row><entry VJ="1" align="center" colname="col1">2.3</entry><entry VJ="1" colname="col2">Beschaffung von Material<BR/>und externen Dienstleistungen<BR/> (§ 4 Absatz 2 Nummer 2.3)</entry><entry VJ="1" colname="col3"><DL Font="normal" Type="alpha"><DT>a)</DT><DD Font="normal"><LA Size="normal">Material- und Dienstleistungsbedarf ermitteln</LA></DD><DT>b)</DT><DD Font="normal"><LA Size="normal">Bezugsquellen ermitteln, Auswahl begründen und dabei Beschaffungsrichtlinien sowie Rahmenverträge beachten</LA></DD><DT>c)</DT><DD Font="normal"><LA Size="normal">Angebote einholen, prüfen, vergleichen und Entscheidungen begründen</LA></DD><DT>d)</DT><DD Font="normal"><LA Size="normal">Bestellungen durchführen</LA></DD><DT>e)</DT><DD Font="normal"><LA Size="normal">Liefertermine überwachen und bei Verzug mahnen</LA></DD><DT>f)</DT><DD Font="normal"><LA Size="normal">Bestellungen mit den Wareneingangsunterlagen vergleichen, Dienstleistungen abnehmen, bei Abweichungen Differenzen klären</LA></DD></DL></entry></row><row><entry VJ="1" align="center" colname="col1">2.4</entry><entry VJ="1" colname="col2">personalbezogene Aufgaben<BR/> (§ 4 Absatz 2 Nummer 2.4)</entry><entry VJ="1" colname="col3"><DL Font="normal" Type="alpha"><DT>a)</DT><DD Font="normal"><LA Size="normal">Personaleinsatzplanung unterstützen und Arbeitszeitregelungen berücksichtigen</LA></DD><DT>b)</DT><DD Font="normal"><LA Size="normal">Dienstreiseanträge und Reisekostenabrechnungen vorbereiten</LA></DD><DT>c)</DT><DD Font="normal"><LA Size="normal">bei der Bearbeitung von Mitarbeiterdaten Regelungen zum Datenschutz und zur Datensicherheit einhalten</LA></DD><DT>d)</DT><DD Font="normal"><LA Size="normal">bereichsbezogene Personalstatistiken führen und auswerten</LA></DD></DL></entry></row><row><entry VJ="1" align="center" colname="col1">2.5</entry><entry VJ="1" colname="col2">kaufmännische Steuerung<BR/> (§ 4 Absatz 2 Nummer 2.5)</entry><entry VJ="1" colname="col3"><DL Font="normal" Type="alpha"><DT>a)</DT><DD Font="normal"><LA Size="normal">Einflussfaktoren auf die Wirtschaftlichkeit der betrieblichen Leistungserstellung beachten</LA></DD><DT>b)</DT><DD Font="normal"><LA Size="normal">Rechnungswesen als Instrument kaufmännischer Planung, Steuerung und Kontrolle an Beispielen des Ausbildungsbetriebes anwenden</LA></DD><DT>c)</DT><DD Font="normal"><LA Size="normal">Investitionen und Finanzierung an Beispielen des Ausbildungsbetriebes erläutern</LA></DD><DT>d)</DT><DD Font="normal"><LA Size="normal">Kosten- und Leistungsstruktur des Ausbildungsbetriebes berücksichtigen</LA></DD><DT>e)</DT><DD Font="normal"><LA Size="normal">Belege unterscheiden, den jeweiligen Geschäftsvorgängen zuordnen, rechnerisch und sachlich prüfen</LA></DD><DT>f)</DT><DD Font="normal"><LA Size="normal">Zahlungen unter Berücksichtigung der Zahlungsbedingungen vorbereiten</LA></DD></DL></entry></row></tbody></tgroup></table><table frame="all" pgwide="1" tabstyle="Ausbildung" tocentry="%yes;"><Title Align="left" Class="S1"><BR/><BR/><B>Abschnitt B: Weitere berufsprofilgebende Fertigkeiten, Kenntnisse und Fähigkeiten in zwei Wahlqualifikationen von jeweils fünf Monaten</B><BR/><BR/></Title><tgroup align="left" char="" charoff="50" cols="3" colsep="1" rowsep="1"><colspec colname="col1" colnum="1" colsep="1" colwidth=".75*"/><colspec colname="col2" colnum="2" colsep="1" colwidth="3*"/><colspec colname="col3" colnum="3" colwidth="5.5*"/><thead valign="bottom"><row><entry VJ="1" align="center" colname="col1" colsep="1" valign="middle">Lfd. Nr.</entry><entry VJ="1" align="center" colname="col2" colsep="1" valign="middle">Teil des Ausbildungsberufsbildes</entry><entry VJ="1" align="center" colname="col3" valign="middle">Zu vermittelnde Fertigkeiten, Kenntnisse und Fähigkeiten</entry></row><row><entry VJ="1" align="center" colname="col1" colsep="1">1</entry><entry VJ="1" align="center" colname="col2" colsep="1">2</entry><entry VJ="1" align="center" colname="col3">3</entry></row></thead><tbody valign="top"><row><entry VJ="1" align="center" colname="col1">1</entry><entry VJ="1" colname="col2">Auftragssteuerung und -koordination<BR/> (§ 4 Absatz 3 Nummer 1)</entry><entry VJ="1" colname="col3"/></row><row><entry VJ="1" align="center" colname="col1" rowsep="0">1.1</entry><entry VJ="1" colname="col2" rowsep="0">Auftragsinitiierung<BR/> (§ 4 Absatz 3 Nummer 1.1)</entry><entry VJ="1" colname="col3" rowsep="0"><DL Font="normal" Type="alpha"><DT>a)</DT><DD Font="normal"><LA Size="normal">Kunden produktspezifisch und kaufmännisch beraten</LA></DD><DT>b)</DT><DD Font="normal"><LA Size="normal">Angebotsgrundlagen und -alternativen mit dem Kunden entwickeln</LA></DD></DL></entry></row><row><entry VJ="1" align="center" colname="col1"/><entry VJ="1" colname="col2"/><entry VJ="1" colname="col3"><DL Font="normal" Type="alpha"><DT>c)</DT><DD Font="normal"><LA Size="normal">ergänzenden Service anbieten</LA></DD><DT>d)</DT><DD Font="normal"><LA Size="normal">Kalkulationsdaten für Angebote einholen</LA></DD><DT>e)</DT><DD Font="normal"><LA Size="normal">Angebote erstellen</LA></DD><DT>f)</DT><DD Font="normal"><LA Size="normal">Auftragseingang prüfen, Auftrag bestätigen</LA></DD></DL></entry></row><row><entry VJ="1" align="center" colname="col1">1.2</entry><entry VJ="1" colname="col2">Auftragsabwicklung<BR/> (§ 4 Absatz 3 Nummer 1.2)</entry><entry VJ="1" colname="col3"><DL Font="normal" Type="alpha"><DT>a)</DT><DD Font="normal"><LA Size="normal">Zeit- und Ressourcenplan in Abstimmung mit den Beteiligten erstellen</LA></DD><DT>b)</DT><DD Font="normal"><LA Size="normal">auftragsrelevante Beschaffungen sicherstellen</LA></DD><DT>c)</DT><DD Font="normal"><LA Size="normal">auftragsbegleitend mit Kunden kommunizieren</LA></DD><DT>d)</DT><DD Font="normal"><LA Size="normal">auftragsbezogene Daten einholen</LA></DD><DT>e)</DT><DD Font="normal"><LA Size="normal">Soll- und Ist-Vergleich der Leistungserbringung durchführen, bei Bedarf nachsteuern</LA></DD><DT>f)</DT><DD Font="normal"><LA Size="normal">Abnahme der Leistung veranlassen</LA></DD></DL></entry></row><row><entry VJ="1" align="center" colname="col1">1.3</entry><entry VJ="1" colname="col2">Auftragsabschluss<BR/> (§ 4 Absatz 3 Nummer 1.3)</entry><entry VJ="1" colname="col3"><DL Font="normal" Type="alpha"><DT>a)</DT><DD Font="normal"><LA Size="normal">Auftragsdokumentation vervollständigen und bearbeiten</LA></DD><DT>b)</DT><DD Font="normal"><LA Size="normal">Aufträge nachkalkulieren</LA></DD><DT>c)</DT><DD Font="normal"><LA Size="normal">Aufträge fakturieren, Kundenrechnungen erstellen</LA></DD><DT>d)</DT><DD Font="normal"><LA Size="normal">Zahlungseingänge überwachen und bei Bedarf Maßnahmen einleiten</LA></DD></DL></entry></row><row><entry VJ="1" align="center" colname="col1">1.4</entry><entry VJ="1" colname="col2">Auftragsnachbereitung<BR/> (§ 4 Absatz 3 Nummer 1.4)</entry><entry VJ="1" colname="col3"><DL Font="normal" Type="alpha"><DT>a)</DT><DD Font="normal"><LA Size="normal">Kundenzufriedenheit ermitteln und auswerten</LA></DD><DT>b)</DT><DD Font="normal"><LA Size="normal">Maßnahmen zur Kundenbindung initiieren</LA></DD><DT>c)</DT><DD Font="normal"><LA Size="normal">Kundenreklamationen bearbeiten</LA></DD><DT>d)</DT><DD Font="normal"><LA Size="normal">Probleme in Auftragsprozessen identifizieren und analysieren</LA></DD><DT>e)</DT><DD Font="normal"><LA Size="normal">Problemlösungen vorschlagen</LA></DD></DL></entry></row><row><entry VJ="1" align="center" colname="col1">2</entry><entry VJ="1" colname="col2">kaufmännische Steuerung<BR/> und Kontrolle<BR/> (§ 4 Absatz 3 Nummer 2)</entry><entry VJ="1" colname="col3"/></row><row><entry VJ="1" align="center" colname="col1">2.1</entry><entry VJ="1" colname="col2">Finanzbuchhaltung<BR/> (§ 4 Absatz 3 Nummer 2.1)</entry><entry VJ="1" colname="col3"><DL Font="normal" Type="alpha"><DT>a)</DT><DD Font="normal"><LA Size="normal">Kreditoren- und Debitorenstammdaten aufnehmen und pflegen</LA></DD><DT>b)</DT><DD Font="normal"><LA Size="normal">Geschäftsvorgänge unter Berücksichtigung gesetzlicher und betrieblicher Regelungen buchhalterisch einordnen</LA></DD><DT>c)</DT><DD Font="normal"><LA Size="normal">Belege erfassen, kontieren und auf Bestands- und Erfolgskonten buchen</LA></DD><DT>d)</DT><DD Font="normal"><LA Size="normal">im Rahmen der Kontokorrentbuchhaltung Zahlungseingänge überwachen und Zahlungsausgänge veranlassen</LA></DD><DT>e)</DT><DD Font="normal"><LA Size="normal">Maßnahmen bei Zahlungsverzug einleiten</LA></DD><DT>f)</DT><DD Font="normal"><LA Size="normal">bei periodengerechten Abschlussarbeiten unterstützen</LA></DD></DL></entry></row><row><entry VJ="1" align="center" colname="col1">2.2</entry><entry VJ="1" colname="col2">Kosten-und-Leistungs-Rechnung<BR/> (§ 4 Absatz 3 Nummer 2.2)</entry><entry VJ="1" colname="col3"><DL Font="normal" Type="alpha"><DT>a)</DT><DD Font="normal"><LA Size="normal">Zweck und Struktur der betrieblichen Kosten-und-Leistungs-Rechnung bei Aufgabenstellungen berücksichtigen</LA></DD><DT>b)</DT><DD Font="normal"><LA Size="normal">Kosten ermitteln, aufbereiten und überwachen</LA></DD><DT>c)</DT><DD Font="normal"><LA Size="normal">Leistungen kalkulieren und verrechnen</LA></DD><DT>d)</DT><DD Font="normal"><LA Size="normal">Ergebnisse der Kosten-und-Leistungs-Rechnung für Entscheidungen aufbereiten</LA></DD></DL></entry></row><row><entry VJ="1" align="center" colname="col1">2.3</entry><entry VJ="1" colname="col2">Controlling<BR/> (§ 4 Absatz 3 Nummer 2.3)</entry><entry VJ="1" colname="col3"><DL Font="normal" Type="alpha"><DT>a)</DT><DD Font="normal"><LA Size="normal">Einflussfaktoren auf den Betriebserfolg identifizieren und reflektieren</LA></DD><DT>b)</DT><DD Font="normal"><LA Size="normal">Ergebnisse der Betriebsrechnung und der Finanzbuchhaltung für das Controlling aufbereiten und interpretieren</LA></DD><DT>c)</DT><DD Font="normal"><LA Size="normal">Soll- und Ist-Vergleiche durchführen, Abweichungen feststellen und kommunizieren</LA></DD><DT>d)</DT><DD Font="normal"><LA Size="normal">Kennzahlen ermitteln, aufbereiten und beurteilen, Statistiken und Berichte erstellen</LA></DD></DL></entry></row><row><entry VJ="1" align="center" colname="col1">3</entry><entry VJ="1" colname="col2">kaufmännische Abläufe in<BR/> kleinen und mittleren Unternehmen<BR/> (§ 4 Absatz 3 Nummer 3)</entry><entry VJ="1" colname="col3"/></row><row><entry VJ="1" align="center" colname="col1">3.1</entry><entry VJ="1" colname="col2">laufende Buchführung<BR/> (§ 4 Absatz 3 Nummer 3.1)</entry><entry VJ="1" colname="col3"><DL Font="normal" Type="alpha"><DT>a)</DT><DD Font="normal"><LA Size="normal">Buchungsvorgänge bearbeiten</LA></DD><DT>b)</DT><DD Font="normal"><LA Size="normal">Kassenbuch führen</LA></DD><DT>c)</DT><DD Font="normal"><LA Size="normal">Bestands- und Erfolgskonten führen</LA></DD><DT>d)</DT><DD Font="normal"><LA Size="normal">Offene-Posten-Listen verwalten</LA></DD><DT>e)</DT><DD Font="normal"><LA Size="normal">Zahlungsein- und -ausgänge kontrollieren und Maßnahmen bei Zahlungsverzug einleiten</LA></DD><DT>f)</DT><DD Font="normal"><LA Size="normal">am buchhalterischen Jahresabschluss unter Berücksichtigung der Fristen mitwirken</LA></DD></DL></entry></row><row><entry VJ="1" align="center" colname="col1">3.2</entry><entry VJ="1" colname="col2">Entgeltabrechnung<BR/> (§ 4 Absatz 3 Nummer 3.2)</entry><entry VJ="1" colname="col3"><DL Font="normal" Type="alpha"><DT>a)</DT><DD Font="normal"><LA Size="normal">Personalstammdaten erfassen und pflegen</LA></DD><DT>b)</DT><DD Font="normal"><LA Size="normal">erforderliche Prozessdaten für die Entgeltabrechnung erfassen und bearbeiten</LA></DD><DT>c)</DT><DD Font="normal"><LA Size="normal">Auszahlungsbeträge unter Berücksichtigung geltender steuer-, sozial- und tarifrechtlicher Bestimmungen ermitteln</LA></DD><DT>d)</DT><DD Font="normal"><LA Size="normal">notwendige Unterlagen zum Monats- und Jahresabschluss unter Berücksichtigung der Fristen erstellen</LA></DD></DL></entry></row><row><entry VJ="1" align="center" colname="col1">3.3</entry><entry VJ="1" colname="col2">betriebliche Kalkulation<BR/> (§ 4 Absatz 3 Nummer 3.3)</entry><entry VJ="1" colname="col3"><DL Font="normal" Type="alpha"><DT>a)</DT><DD Font="normal"><LA Size="normal">Kosten verursachungsgerecht zuordnen</LA></DD><DT>b)</DT><DD Font="normal"><LA Size="normal">Angebote unter Berücksichtigung der Kosten und Marktchancen kalkulieren</LA></DD><DT>c)</DT><DD Font="normal"><LA Size="normal">auftragsbezogene Kosten überwachen und kontrollieren</LA></DD><DT>d)</DT><DD Font="normal"><LA Size="normal">Verfahren der Voll- und Teilkostenrechnung anwenden</LA></DD><DT>e)</DT><DD Font="normal"><LA Size="normal">durch Nachkalkulation Auswirkungen auf den Unternehmenserfolg ermitteln</LA></DD></DL></entry></row><row><entry VJ="1" align="center" colname="col1">3.4</entry><entry VJ="1" colname="col2">betriebliche Auswertungen<BR/> (§ 4 Absatz 3 Nummer 3.4)</entry><entry VJ="1" colname="col3"><DL Font="normal" Type="alpha"><DT>a)</DT><DD Font="normal"><LA Size="normal">bei der Ermittlung der Unternehmensertragslage mitwirken</LA></DD><DT>b)</DT><DD Font="normal"><LA Size="normal">Wirkungen der Abschreibungen für den Betriebserfolg unterscheiden</LA></DD><DT>c)</DT><DD Font="normal"><LA Size="normal">Statistiken erstellen und Plan-Ist-Vergleiche durchführen</LA></DD><DT>d)</DT><DD Font="normal"><LA Size="normal">betriebliche Kennzahlen beurteilen und für unternehmerische Entscheidungen aufbereiten</LA></DD></DL></entry></row><row><entry VJ="1" align="center" colname="col1">4</entry><entry VJ="1" colname="col2">Einkauf und Logistik<BR/> (§ 4 Absatz 3 Nummer 4)</entry><entry VJ="1" colname="col3"/></row><row><entry VJ="1" align="center" colname="col1">4.1</entry><entry VJ="1" colname="col2">Bedarfsermittlung<BR/> (§ 4 Absatz 3 Nummer 4.1)</entry><entry VJ="1" colname="col3"><DL Font="normal" Type="alpha"><DT>a)</DT><DD Font="normal"><LA Size="normal">Bedarf an Produkten und Dienstleistungen feststellen</LA></DD><DT>b)</DT><DD Font="normal"><LA Size="normal">Mengen und Termine disponieren</LA></DD></DL></entry></row><row><entry VJ="1" align="center" colname="col1">4.2</entry><entry VJ="1" colname="col2">operativer Einkaufsprozess<BR/> (§ 4 Absatz 3 Nummer 4.2)</entry><entry VJ="1" colname="col3"><DL Font="normal" Type="alpha"><DT>a)</DT><DD Font="normal"><LA Size="normal">interne Einkaufsrichtlinien und Rahmenverträge sowie betriebliche Compliance einhalten</LA></DD><DT>b)</DT><DD Font="normal"><LA Size="normal">Bezugsquellen ermitteln, analysieren und Lieferantenvorauswahl treffen</LA></DD><DT>c)</DT><DD Font="normal"><LA Size="normal">Angebote einholen und vergleichen</LA></DD><DT>d)</DT><DD Font="normal"><LA Size="normal">Bestellung durchführen, Auftragsbestätigung mit der Bestellung vergleichen und bei Abweichungen Lösungen vereinbaren</LA></DD><DT>e)</DT><DD Font="normal"><LA Size="normal">Vertragserfüllung überwachen und bei Vertragsstörung Maßnahmen einleiten</LA></DD></DL></entry></row><row><entry VJ="1" align="center" colname="col1">4.3</entry><entry VJ="1" colname="col2">strategischer Einkaufsprozess<BR/> (§ 4 Absatz 3 Nummer 4.3)</entry><entry VJ="1" colname="col3"><DL Font="normal" Type="alpha"><DT>a)</DT><DD Font="normal"><LA Size="normal">bei der Verhandlung von Einkaufskonditionen mitwirken</LA></DD><DT>b)</DT><DD Font="normal"><LA Size="normal">Lieferanteninformationen für Entscheidungen systematisch erfassen</LA></DD><DT>c)</DT><DD Font="normal"><LA Size="normal">bei der Erstellung von Rahmenverträgen mitwirken</LA></DD><DT>d)</DT><DD Font="normal"><LA Size="normal">Prozesse der Bedarfsermittlung und des Einkaufs reflektieren und Verbesserungen vorschlagen</LA></DD></DL></entry></row><row><entry VJ="1" align="center" colname="col1">4.4</entry><entry VJ="1" colname="col2">Lagerwirtschaft<BR/> (§ 4 Absatz 3 Nummer 4.4)</entry><entry VJ="1" colname="col3"><DL Font="normal" Type="alpha"><DT>a)</DT><DD Font="normal"><LA Size="normal">unterschiedliche Systeme der Lagerhaltung vergleichen</LA></DD><DT>b)</DT><DD Font="normal"><LA Size="normal">vom Ausbildungsbetrieb genutztes Lagersystem bei logistischen Abläufen berücksichtigen</LA></DD><DT>c)</DT><DD Font="normal"><LA Size="normal">Wareneingang prüfen, Mängelbeseitigung veranlassen</LA></DD><DT>d)</DT><DD Font="normal"><LA Size="normal">Bestände erfassen, kontrollieren und bewerten</LA></DD></DL></entry></row><row><entry VJ="1" align="center" colname="col1">5</entry><entry VJ="1" colname="col2">Marketing und Vertrieb<BR/> (§ 4 Absatz 3 Nummer 5)</entry><entry VJ="1" colname="col3"/></row><row><entry VJ="1" align="center" colname="col1">5.1</entry><entry VJ="1" colname="col2">Marketingaktivitäten<BR/> (§ 4 Absatz 3 Nummer 5.1)</entry><entry VJ="1" colname="col3"><DL Font="normal" Type="alpha"><DT>a)</DT><DD Font="normal"><LA Size="normal">Instrumente der Marktbeobachtung und -analyse nutzen und dabei Mitbewerber sowie Marktentwicklungen beachten</LA></DD><DT>b)</DT><DD Font="normal"><LA Size="normal">an der Entwicklung von Marketingmaßnahmen mitwirken</LA></DD><DT>c)</DT><DD Font="normal"><LA Size="normal">Ressourcen planen und organisieren und Kosten ermitteln</LA></DD><DT>d)</DT><DD Font="normal"><LA Size="normal">bei der Durchführung von Marketingmaßnahmen, insbesondere der Verkaufsförderung, mitwirken und diese Maßnahmen dokumentieren</LA></DD><DT>e)</DT><DD Font="normal"><LA Size="normal">Aktivitäten hinsichtlich Zeit, Wirtschaftlichkeit und Qualität überwachen und gegebenenfalls nachsteuern</LA></DD><DT>f)</DT><DD Font="normal"><LA Size="normal">Wirkungen von Marketingmaßnahmen feststellen und Verbesserungsvorschläge entwickeln</LA></DD></DL></entry></row><row><entry VJ="1" align="center" colname="col1">5.2</entry><entry VJ="1" colname="col2">Vertrieb von Produkten<BR/> und Dienstleistungen<BR/> (§ 4 Absatz 3 Nummer 5.2)</entry><entry VJ="1" colname="col3"><DL Font="normal" Type="alpha"><DT>a)</DT><DD Font="normal"><LA Size="normal">Kundendaten und -informationen nutzen</LA></DD><DT>b)</DT><DD Font="normal"><LA Size="normal">Vertriebsformen berücksichtigen</LA></DD><DT>c)</DT><DD Font="normal"><LA Size="normal">Situation des Kunden analysieren, Bedarf feststellen, kundengerechte Lösungsvorschläge entwickeln und erläutern, über Finanzierungsmöglichkeiten informieren; Angebote unterbreiten</LA></DD><DT>d)</DT><DD Font="normal"><LA Size="normal">Verträge und Vertragsverhandlungen vorbereiten und an Vertragsabschlüssen mitwirken</LA></DD><DT>e)</DT><DD Font="normal"><LA Size="normal">Erfüllung von Verträgen überwachen, bei Abweichungen Maßnahmen einleiten</LA></DD></DL></entry></row><row><entry VJ="1" align="center" colname="col1">5.3</entry><entry VJ="1" colname="col2">Kundenbindung<BR/> und Kundenbetreuung<BR/> (§ 4 Absatz 3 Nummer 5.3)</entry><entry VJ="1" colname="col3"><DL Font="normal" Type="alpha"><DT>a)</DT><DD Font="normal"><LA Size="normal">Kundenbeziehungen unter Berücksichtigung betrieblicher Vorgaben gestalten</LA></DD><DT>b)</DT><DD Font="normal"><LA Size="normal">Maßnahmen der Kundenbindung und -betreuung umsetzen</LA></DD><DT>c)</DT><DD Font="normal"><LA Size="normal">Beschwerden entgegennehmen und Maßnahmen des Beschwerdemanagements umsetzen</LA></DD><DT>d)</DT><DD Font="normal"><LA Size="normal">Kundenzufriedenheit ermitteln, Maßnahmen vorschlagen</LA></DD></DL></entry></row><row><entry VJ="1" align="center" colname="col1">6</entry><entry VJ="1" colname="col2">Personalwirtschaft<BR/> (§ 4 Absatz 3 Nummer 6)</entry><entry VJ="1" colname="col3"/></row><row><entry VJ="1" align="center" colname="col1">6.1</entry><entry VJ="1" colname="col2">Personalsachbearbeitung<BR/> (§ 4 Absatz 3 Nummer 6.1)</entry><entry VJ="1" colname="col3"><DL Font="normal" Type="alpha"><DT>a)</DT><DD Font="normal"><LA Size="normal">rechtliche Vorgaben aus unterschiedlichen Beschäftigungs- und Dienstverhältnissen im Ausbildungsbetrieb beachten</LA></DD><DT>b)</DT><DD Font="normal"><LA Size="normal">Personalakten unter Berücksichtigung von Datenschutz und Datensicherheit führen</LA></DD><DT>c)</DT><DD Font="normal"><LA Size="normal">Vorgänge im Zusammenhang mit Entgelten oder Bezügen bearbeiten</LA></DD><DT>d)</DT><DD Font="normal"><LA Size="normal">Vorgänge im Zusammenhang mit Arbeits- und Fehlzeiten bearbeiten</LA></DD><DT>e)</DT><DD Font="normal"><LA Size="normal">Auskünfte im Zusammenhang mit der Personalverwaltung erteilen</LA></DD><DT>f)</DT><DD Font="normal"><LA Size="normal">Personalstatistiken führen und auswerten</LA></DD><DT>g)</DT><DD Font="normal"><LA Size="normal">Informations-, Mitwirkungs- und Mitbestimmungsrechte berücksichtigen</LA></DD><DT>h)</DT><DD Font="normal"><LA Size="normal">bei Einstellungen und personellen Veränderungen erforderliche Meldungen veranlassen, Verträge vorbereiten und Dokumente erstellen</LA></DD></DL></entry></row><row><entry VJ="1" align="center" colname="col1">6.2</entry><entry VJ="1" colname="col2">Personalbeschaffung und<BR/>-entwicklung<BR/>(§ 4 Absatz 3 Nummer 6.2)</entry><entry VJ="1" colname="col3"><DL Font="normal" Type="alpha"><DT>a)</DT><DD Font="normal"><LA Size="normal">Personalbedarfsermittlung unter Berücksichtigung von Anforderungsprofilen unterstützen</LA></DD><DT>b)</DT><DD Font="normal"><LA Size="normal">im Personalbeschaffungsprozess, insbesondere bei Stellenausschreibungen, Auswahlverfahren und Entscheidungsfindungen, mitwirken</LA></DD><DT>c)</DT><DD Font="normal"><LA Size="normal">im Bereich der Personalentwicklung insbesondere Maßnahmen im Rahmen der Aus- und Weiterbildung organisieren</LA></DD><DT>d)</DT><DD Font="normal"><LA Size="normal">betriebliche Gesundheitsförderung unterstützen</LA></DD><DT>e)</DT><DD Font="normal"><LA Size="normal">Maßnahmen der Personalbeschaffung und -entwicklung reflektieren und Verbesserungen vorschlagen</LA></DD></DL></entry></row><row><entry VJ="1" align="center" colname="col1">7</entry><entry VJ="1" colname="col2">Assistenz und Sekretariat<BR/> (§ 4 Absatz 3 Nummer 7)</entry><entry VJ="1" colname="col3"/></row><row><entry VJ="1" align="center" colname="col1">7.1</entry><entry VJ="1" colname="col2">Sekretariatsführung<BR/> (§ 4 Absatz 3 Nummer 7.1)</entry><entry VJ="1" colname="col3"><DL Font="normal" Type="alpha"><DT>a)</DT><DD Font="normal"><LA Size="normal">Methoden des Selbstmanagements zur Optimierung von Büroorganisation und Arbeitsabläufen anwenden</LA></DD><DT>b)</DT><DD Font="normal"><LA Size="normal">Kommunikation zwischen den Beteiligten unterstützen und über Prioritäten von Interessen und Anliegen entscheiden</LA></DD><DT>c)</DT><DD Font="normal"><LA Size="normal">Kommunikation mit den Beteiligten situationsgerecht gestalten, dabei Anliegen berücksichtigen, eigenes Rollenverständnis entwickeln</LA></DD><DT>d)</DT><DD Font="normal"><LA Size="normal">Kommunikationsstörungen vermeiden</LA></DD><DT>e)</DT><DD Font="normal"><LA Size="normal">Kleinprojekte planen, durchführen, kontrollieren und bewerten</LA></DD></DL></entry></row><row><entry VJ="1" align="center" colname="col1">7.2</entry><entry VJ="1" colname="col2">Terminkoordination und<BR/> Korrespondenzbearbeitung<BR/> (§ 4 Absatz 3 Nummer 7.2)</entry><entry VJ="1" colname="col3"><DL Font="normal" Type="alpha"><DT>a)</DT><DD Font="normal"><LA Size="normal">Termine koordinieren und überwachen; Wiedervorlage steuern</LA></DD><DT>b)</DT><DD Font="normal"><LA Size="normal">termingerecht Informationen und Arbeitsergebnisse einfordern und bereitstellen</LA></DD><DT>c)</DT><DD Font="normal"><LA Size="normal">Informationen und Dokumente inhaltlich zusammenstellen</LA></DD><DT>d)</DT><DD Font="normal"><LA Size="normal">über Dringlichkeit von Informationen und Dokumenten sowie deren Weiterleitung entscheiden</LA></DD><DT>e)</DT><DD Font="normal"><LA Size="normal">Geschäftskorrespondenz führen</LA></DD></DL></entry></row><row><entry VJ="1" align="center" colname="col1">7.3</entry><entry VJ="1" colname="col2">Organisation von Reisen<BR/> und Veranstaltungen<BR/> (§ 4 Absatz 3 Nummer 7.3)</entry><entry VJ="1" colname="col3"><DL Font="normal" Type="alpha"><DT>a)</DT><DD Font="normal"><LA Size="normal">Reisen organisieren, nachbereiten und abrechnen</LA></DD><DT>b)</DT><DD Font="normal"><LA Size="normal">Veranstaltungen organisieren, begleiten und nachbereiten</LA></DD><DT>c)</DT><DD Font="normal"><LA Size="normal">Unterlagen zusammenstellen und aufbereiten</LA></DD></DL></entry></row><row><entry VJ="1" align="center" colname="col1">8</entry><entry VJ="1" colname="col2">Öffentlichkeitsarbeit<BR/> und Veranstaltungsmanagement<BR/> (§ 4 Absatz 3 Nummer 8)</entry><entry VJ="1" colname="col3"/></row><row><entry VJ="1" align="center" colname="col1">8.1</entry><entry VJ="1" colname="col2">Öffentlichkeitsarbeit<BR/> (§ 4 Absatz 3 Nummer 8.1)</entry><entry VJ="1" colname="col3"><DL Font="normal" Type="alpha"><DT>a)</DT><DD Font="normal"><LA Size="normal">Maßnahmen der Öffentlichkeitsarbeit des Ausbildungsbetriebes analysieren</LA></DD><DT>b)</DT><DD Font="normal"><LA Size="normal">an der Entwicklung von Maßnahmen der Öffentlichkeitsarbeit unter Berücksichtigung von Zielsetzung, Zielgruppen und unterschiedlichen Medien mitwirken</LA></DD><DT>c)</DT><DD Font="normal"><LA Size="normal">Umsetzung der Maßnahmen planen und organisieren</LA></DD><DT>d)</DT><DD Font="normal"><LA Size="normal">Wirkung der Maßnahmen analysieren und bewerten</LA></DD></DL></entry></row><row><entry VJ="1" align="center" colname="col1" rowsep="0">8.2</entry><entry VJ="1" colname="col2" rowsep="0">Veranstaltungsmanagement<BR/> (§ 4 Absatz 3 Nummer 8.2)</entry><entry VJ="1" colname="col3" rowsep="0"><DL Font="normal" Type="alpha"><DT>a)</DT><DD Font="normal"><LA Size="normal">an Veranstaltungsplanungen, insbesondere hinsichtlich Öffentlichkeitsarbeit, Ressourcenkalkulation, räumlicher Organisation und Ausstattung, mitwirken und dabei wirtschaftliche, rechtliche und ökologische Aspekte berücksichtigen</LA></DD><DT>b)</DT><DD Font="normal"><LA Size="normal">Einladungen und Teilnehmerunterlagen erarbeiten sowie Teilnehmer bei Anfragen und organisatorischen Problemen unterstützen</LA></DD><DT>c)</DT><DD Font="normal"><LA Size="normal">Prozesse mit Dienstleistern koordinieren und überwachen, dabei betriebliche Compliance einhalten und bei Abweichungen Maßnahmen einleiten</LA></DD></DL></entry></row><row><entry VJ="1" align="center" colname="col1"/><entry VJ="1" colname="col2"/><entry VJ="1" colname="col3"><DL Font="normal" Type="alpha"><DT>d)</DT><DD Font="normal"><LA Size="normal">Kosten nachkalkulieren, Rechnungen prüfen und kontieren</LA></DD><DT>e)</DT><DD Font="normal"><LA Size="normal">Veranstaltungen dokumentieren und analysieren, Informationen für die Öffentlichkeitsarbeit und nachfolgende Prozesse nutzen</LA></DD></DL></entry></row><row><entry VJ="1" align="center" colname="col1">9</entry><entry VJ="1" colname="col2">Verwaltung und Recht<BR/> (§ 4 Absatz 3 Nummer 9)</entry><entry VJ="1" colname="col3"/></row><row><entry VJ="1" align="center" colname="col1">9.1</entry><entry VJ="1" colname="col2">Kunden- und Bürgerorientierung<BR/> (§ 4 Absatz 3 Nummer 9.1)</entry><entry VJ="1" colname="col3"><DL Font="normal" Type="alpha"><DT>a)</DT><DD Font="normal"><LA Size="normal">Kunden und Bürger im Umgang mit Verwaltung situationsgerecht unterstützen, auf sachgerechte Antragstellung hinwirken</LA></DD><DT>b)</DT><DD Font="normal"><LA Size="normal">Möglichkeiten der Aufgabenerledigung Kunden und Bürgern nachvollziehbar aufzeigen</LA></DD><DT>c)</DT><DD Font="normal"><LA Size="normal">Verwaltungsprozesse transparent gestalten</LA></DD></DL></entry></row><row><entry VJ="1" align="center" colname="col1">9.2</entry><entry VJ="1" colname="col2">Rechtsanwendung<BR/> (§ 4 Absatz 3 Nummer 9.2)</entry><entry VJ="1" colname="col3"><DL Font="normal" Type="alpha"><DT>a)</DT><DD Font="normal"><LA Size="normal">Anliegen und Zuständigkeiten klären, Sachverhalte ermitteln, Maßnahmen einleiten</LA></DD><DT>b)</DT><DD Font="normal"><LA Size="normal">Beteiligungsverfahren durchführen, dabei Verfahrensvorschriften beachten</LA></DD><DT>c)</DT><DD Font="normal"><LA Size="normal">Rechtsgrundlagen bei der Wahrnehmung von Fachaufgaben anwenden</LA></DD><DT>d)</DT><DD Font="normal"><LA Size="normal">Sachverhalte unter Tatbestandsmerkmale subsumieren und unter Beachtung gebundenen und ungebundenen Verwaltungshandelns Rechtsfolgen feststellen</LA></DD></DL></entry></row><row><entry VJ="1" align="center" colname="col1">9.3</entry><entry VJ="1" colname="col2">Verwaltungshandeln<BR/> (§ 4 Absatz 3 Nummer 9.3)</entry><entry VJ="1" colname="col3"><DL Font="normal" Type="alpha"><DT>a)</DT><DD Font="normal"><LA Size="normal">Verwaltungsakte entwerfen</LA></DD><DT>b)</DT><DD Font="normal"><LA Size="normal">Bekanntgabe von Verwaltungsakten veranlassen</LA></DD><DT>c)</DT><DD Font="normal"><LA Size="normal">Widersprüche, Einsprüche und Beschwerden entgegennehmen, Form und Frist prüfen und weiterleiten</LA></DD><DT>d)</DT><DD Font="normal"><LA Size="normal">Möglichkeiten der Korrektur von Verwaltungshandlungen aufzeigen</LA></DD><DT>e)</DT><DD Font="normal"><LA Size="normal">Vorgänge nach rechtlichen und behördlichen Vorgaben dokumentieren</LA></DD><DT>f)</DT><DD Font="normal"><LA Size="normal">Bearbeitungsprozesse analysieren und Verbesserungen vorschlagen</LA></DD></DL></entry></row><row><entry VJ="1" align="center" colname="col1">10</entry><entry VJ="1" colname="col2">öffentliche Finanzwirtschaft<BR/> (§ 4 Absatz 3 Nummer 10)</entry><entry VJ="1" colname="col3"/></row><row><entry VJ="1" align="center" colname="col1">10.1</entry><entry VJ="1" colname="col2">Finanzwesen<BR/> (§ 4 Absatz 3 Nummer 10.1)</entry><entry VJ="1" colname="col3"><DL Font="normal" Type="alpha"><DT>a)</DT><DD Font="normal"><LA Size="normal">rechtliche Grundlagen des öffentlichen Haushaltes der ausbildenden Stelle unter Berücksichtigung des Haushalts- oder Wirtschaftsplans anwenden</LA></DD><DT>b)</DT><DD Font="normal"><LA Size="normal">Haushaltsgrundsätze bei der Mittelbewirtschaftung anwenden</LA></DD><DT>c)</DT><DD Font="normal"><LA Size="normal">am Verfahren zur Aufstellung des Haushalts- oder Wirtschaftsplans mitwirken</LA></DD><DT>d)</DT><DD Font="normal"><LA Size="normal">Anforderungen der Haushaltsaufsicht und Haushaltskontrolle berücksichtigen</LA></DD></DL></entry></row><row><entry VJ="1" align="center" colname="col1">10.2</entry><entry VJ="1" colname="col2">Haushalts- und Kassenwesen<BR/> (§ 4 Absatz 3 Nummer 10.2)</entry><entry VJ="1" colname="col3"><DL Font="normal" Type="alpha"><DT>a)</DT><DD Font="normal"><LA Size="normal">Geschäftsvorgänge zuordnen und Buchungen vorbereiten</LA></DD><DT>b)</DT><DD Font="normal"><LA Size="normal">bei der Mittelbedarfsberechnung im Rahmen der Haushaltsausführung mitwirken</LA></DD><DT>c)</DT><DD Font="normal"><LA Size="normal">gebuchte Einnahmen, Ausgaben, Erträge und Aufwendungen ermitteln und hochrechnen</LA></DD><DT>d)</DT><DD Font="normal"><LA Size="normal">Übersichten für Mittelzu- und Mittelabflüsse erstellen, überwachen und weiterleiten</LA></DD><DT>e)</DT><DD Font="normal"><LA Size="normal">Voraussetzungen für Stundung, Niederschlagung und Erlass von Forderungen prüfen</LA></DD><DT>f)</DT><DD Font="normal"><LA Size="normal">Unterlagen für den Jahresabschluss zusammenstellen</LA></DD></DL></entry></row></tbody></tgroup></table><table frame="all" pgwide="1" tabstyle="Ausbildung" tocentry="%yes;"><Title Align="left" Class="S1"><BR/><BR/><B>Abschnitt C: Gemeinsame integrative Fertigkeiten, Kenntnisse und Fähigkeiten</B><BR/><BR/></Title><tgroup align="left" char="" charoff="50" cols="3" colsep="1" rowsep="1"><colspec colname="col1" colnum="1" colsep="1" colwidth=".75*"/><colspec colname="col2" colnum="2" colsep="1" colwidth="3*"/><colspec colname="col3" colnum="3" colwidth="5.5*"/><thead valign="bottom"><row><entry VJ="1" align="center" colname="col1" colsep="1" valign="middle">Lfd. Nr.</entry><entry VJ="1" align="center" colname="col2" colsep="1" valign="middle">Teil des Ausbildungsberufsbildes</entry><entry VJ="1" align="center" colname="col3" valign="middle">Zu vermittelnde Fertigkeiten, Kenntnisse und Fähigkeiten</entry></row><row><entry VJ="1" align="center" colname="col1" colsep="1">1</entry><entry VJ="1" align="center" colname="col2" colsep="1">2</entry><entry VJ="1" align="center" colname="col3">3</entry></row></thead><tbody valign="top"><row><entry VJ="1" align="center" colname="col1" colsep="1">1</entry><entry VJ="1" colname="col2" colsep="1">Ausbildungsbetrieb<BR/> (§ 4 Absatz 4 Nummer 1)</entry><entry VJ="1" colname="col3"/></row><row><entry VJ="1" align="center" colname="col1">1.1</entry><entry VJ="1" colname="col2">Stellung, Rechtsform<BR/> und Organisationsstruktur<BR/> (§ 4 Absatz 4 Nummer 1.1)</entry><entry VJ="1" colname="col3"><DL Font="normal" Type="alpha"><DT>a)</DT><DD Font="normal"><LA Size="normal">Zielsetzung, Aufgaben und Stellung des Ausbildungsbetriebes im gesamtwirtschaftlichen und gesamtgesellschaftlichen Zusammenhang beschreiben</LA></DD><DT>b)</DT><DD Font="normal"><LA Size="normal">Rechtsform des Ausbildungsbetriebes erläutern</LA></DD><DT>c)</DT><DD Font="normal"><LA Size="normal">organisatorischen Aufbau des Ausbildungsbetriebes mit seinen Aufgaben und Zuständigkeiten erläutern und Zusammenwirken der einzelnen Funktionsbereiche erklären</LA></DD><DT>d)</DT><DD Font="normal"><LA Size="normal">Zusammenarbeit des Ausbildungsbetriebes mit Wirtschaftsorganisationen, Behörden, Verbänden und Gewerkschaften beschreiben</LA></DD></DL></entry></row><row><entry VJ="1" align="center" colname="col1">1.2</entry><entry VJ="1" colname="col2">Produkt- und<BR/> Dienstleistungsangebot<BR/> (§ 4 Absatz 4 Nummer 1.2)</entry><entry VJ="1" colname="col3"><DL Font="normal" Type="alpha"><DT>a)</DT><DD Font="normal"><LA Size="normal">Leistungsspektrum des Ausbildungsbetriebes beschreiben</LA></DD><DT>b)</DT><DD Font="normal"><LA Size="normal">Leistungen des Wirtschaftszweiges darstellen</LA></DD><DT>c)</DT><DD Font="normal"><LA Size="normal">Markt- und Wettbewerbssituation des Ausbildungsbetriebes darstellen</LA></DD></DL></entry></row><row><entry VJ="1" align="center" colname="col1">1.3</entry><entry VJ="1" colname="col2">Berufsbildung<BR/> (§ 4 Absatz 4 Nummer 1.3)</entry><entry VJ="1" colname="col3"><DL Font="normal" Type="alpha"><DT>a)</DT><DD Font="normal"><LA Size="normal">Rechte und Pflichten aus dem Ausbildungsvertrag feststellen und Aufgaben der Beteiligten im dualen System der Berufsausbildung beschreiben</LA></DD><DT>b)</DT><DD Font="normal"><LA Size="normal">betrieblichen Ausbildungsplan mit der Ausbildungsordnung vergleichen</LA></DD><DT>c)</DT><DD Font="normal"><LA Size="normal">Bedeutung lebensbegleitenden Lernens für die berufliche und persönliche Entwicklung begründen sowie den Nutzen beruflicher Aufstiegs- und Weiterentwicklungsmöglichkeiten darstellen</LA></DD></DL></entry></row><row><entry VJ="1" align="center" colname="col1">1.4</entry><entry VJ="1" colname="col2">arbeits-, sozial-, mitbestimmungsrechtliche und tarif- oder<BR/>beamtenrechtliche Vorschriften<BR/> (§ 4 Absatz 4 Nummer 1.4)</entry><entry VJ="1" colname="col3"><DL Font="normal" Type="alpha"><DT>a)</DT><DD Font="normal"><LA Size="normal">arbeits-, sozial- und mitbestimmungsrechtliche Vorschriften sowie für den Ausbildungsbetrieb geltende tarif- oder beamtenrechtliche Vorschriften beachten</LA></DD><DT>b)</DT><DD Font="normal"><LA Size="normal">Arbeitsverträge unter Berücksichtigung arbeits-, steuer- und sozialversicherungsrechtlicher Auswirkungen unterscheiden</LA></DD><DT>c)</DT><DD Font="normal"><LA Size="normal">Positionen der eigenen Entgeltabrechnung erklären</LA></DD></DL></entry></row><row><entry VJ="1" align="center" colname="col1">1.5</entry><entry VJ="1" colname="col2">Sicherheit und<BR/>Gesundheitsschutz bei der Arbeit<BR/> (§ 4 Absatz 4 Nummer 1.5)</entry><entry VJ="1" colname="col3"><DL Font="normal" Type="alpha"><DT>a)</DT><DD Font="normal"><LA Size="normal">Gefährdung von Sicherheit und Gesundheit am Arbeitsplatz feststellen und Maßnahmen zur Vermeidung der Gefährdung ergreifen</LA></DD><DT>b)</DT><DD Font="normal"><LA Size="normal">berufsbezogene Arbeitsschutz- und Unfallverhütungsvorschriften anwenden</LA></DD><DT>c)</DT><DD Font="normal"><LA Size="normal">Verhaltensweisen bei Unfällen beschreiben sowie erste Maßnahmen einleiten</LA></DD><DT>d)</DT><DD Font="normal"><LA Size="normal">Vorschriften des vorbeugenden Brandschutzes anwenden; Verhaltensweisen bei Bränden beschreiben und Maßnahmen der Brandbekämpfung ergreifen</LA></DD></DL></entry></row><row><entry VJ="1" align="center" colname="col1">1.6</entry><entry VJ="1" colname="col2">Umweltschutz<BR/> (§ 4 Absatz 4 Nummer 1.6)</entry><entry VJ="1" align="justify" colname="col3">Zur Vermeidung betriebsbedingter Umweltbelastungen im beruflichen Einwirkungsbereich beitragen, insbesondere <DL Font="normal" Type="alpha"><DT>a)</DT><DD Font="normal"><LA Size="normal">mögliche Umweltbelastungen durch den Ausbildungsbetrieb und seinen Beitrag zum Umweltschutz an Beispielen erklären</LA></DD><DT>b)</DT><DD Font="normal"><LA Size="normal">für den Ausbildungsbetrieb geltende Regelungen des Umweltschutzes anwenden</LA></DD><DT>c)</DT><DD Font="normal"><LA Size="normal">Möglichkeiten der wirtschaftlichen und umweltschonenden Energie- und Materialverwendung nutzen</LA></DD><DT>d)</DT><DD Font="normal"><LA Size="normal">Abfälle vermeiden; Stoffe und Materialien einer umweltschonenden Entsorgung zuführen</LA></DD></DL></entry></row><row><entry VJ="1" align="center" colname="col1">1.7</entry><entry VJ="1" colname="col2">wirtschaftliches und nachhaltiges Denken und Handeln<BR/> (§ 4 Absatz 4 Nummer 1.7)</entry><entry VJ="1" colname="col3"><DL Font="normal" Type="alpha"><DT>a)</DT><DD Font="normal"><LA Size="normal">Rolle der Mitarbeiter und Mitarbeiterinnen für den betrieblichen Erfolg erkennen</LA></DD><DT>b)</DT><DD Font="normal"><LA Size="normal">betriebswirtschaftliche Zusammenhänge und Aspekte der Nachhaltigkeit bei der Aufgabenerledigung berücksichtigen</LA></DD><DT>c)</DT><DD Font="normal"><LA Size="normal">Verfahren der Wirtschaftlichkeitsrechnung anwenden</LA></DD><DT>d)</DT><DD Font="normal"><LA Size="normal">Kosten-Nutzen-Relationen bei der Aufgabenerledigung beurteilen und Aufgaben effektiv erledigen</LA></DD></DL></entry></row><row><entry VJ="1" align="center" colname="col1">2</entry><entry VJ="1" colname="col2">Arbeitsorganisation<BR/> (§ 4 Absatz 4 Nummer 2)</entry><entry VJ="1" colname="col3"/></row><row><entry VJ="1" align="center" colname="col1">2.1</entry><entry VJ="1" colname="col2">Arbeits- und Selbstorganisation,<BR/>Organisationsmittel<BR/> (§ 4 Absatz 4 Nummer 2.1)</entry><entry VJ="1" colname="col3"><DL Font="normal" Type="alpha"><DT>a)</DT><DD Font="normal"><LA Size="normal">eigene Arbeit systematisch planen, durchführen, kontrollieren und reflektieren; dabei inhaltliche, organisatorische, zeitliche und finanzielle Aspekte berücksichtigen</LA></DD><DT>b)</DT><DD Font="normal"><LA Size="normal">Arbeits- und Organisationsmittel einsetzen</LA></DD><DT>c)</DT><DD Font="normal"><LA Size="normal">Methoden des selbständigen Lernens anwenden, Fachinformationen nutzen, Lern- und Arbeitstechniken anwenden</LA></DD><DT>d)</DT><DD Font="normal"><LA Size="normal">Informationsflüsse und Entscheidungsprozesse berücksichtigen</LA></DD></DL></entry></row><row><entry VJ="1" align="center" colname="col1">2.2</entry><entry VJ="1" colname="col2">Arbeitsplatzergonomie<BR/> (§ 4 Absatz 4 Nummer 2.2)</entry><entry VJ="1" colname="col3"><DL Font="normal" Type="alpha"><DT>a)</DT><DD Font="normal"><LA Size="normal">Vorschriften für Büroarbeitsplätze beachten</LA></DD><DT>b)</DT><DD Font="normal"><LA Size="normal">Möglichkeiten der Arbeitsplatz- und Arbeitsraumgestaltung unter Berücksichtigung der Umwelt- und Gesundheitsfaktoren und ergonomischer Grundsätze erläutern</LA></DD></DL></entry></row><row><entry VJ="1" align="center" colname="col1">2.3</entry><entry VJ="1" colname="col2">Datenschutz und Datensicherheit<BR/> (§ 4 Absatz 4 Nummer 2.3)</entry><entry VJ="1" colname="col3"><DL Font="normal" Type="alpha"><DT>a)</DT><DD Font="normal"><LA Size="normal">personenbezogenen Datenschutz als Persönlichkeitsschutz verstehen und Datenschutzregelungen in den Arbeitsprozessen anwenden</LA></DD><DT>b)</DT><DD Font="normal"><LA Size="normal">Datenpflege und Datensicherung durchführen und kontrollieren</LA></DD></DL></entry></row><row><entry VJ="1" align="center" colname="col1">2.4</entry><entry VJ="1" colname="col2">qualitätsorientiertes Handeln<BR/>in Prozessen<BR/> (§ 4 Absatz 4 Nummer 2.4)</entry><entry VJ="1" colname="col3"><DL Font="normal" Type="alpha"><DT>a)</DT><DD Font="normal"><LA Size="normal">betriebliche Abläufe unter Berücksichtigung von Informationsflüssen, Entscheidungswegen und Schnittstellen einordnen und mitgestalten</LA></DD><DT>b)</DT><DD Font="normal"><LA Size="normal">eigenes Handeln im Arbeitsprozess in Bezug auf den Erfolg des Geschäftsprozesses und auf die Belange aller Beteiligten reflektieren und anpassen</LA></DD><DT>c)</DT><DD Font="normal"><LA Size="normal">zur kontinuierlichen Verbesserung von Arbeitsprozessen im Betrieb beitragen</LA></DD></DL></entry></row><row><entry VJ="1" align="center" colname="col1">3</entry><entry VJ="1" colname="col2">Information, Kommunikation,<BR/>Kooperation<BR/> (§ 4 Absatz 4 Nummer 3)</entry><entry VJ="1" colname="col3"/></row><row><entry VJ="1" align="center" colname="col1">3.1</entry><entry VJ="1" colname="col2">Informationsbeschaffung<BR/>und Umgang mit Informationen<BR/> (§ 4 Absatz 4 Nummer 3.1)</entry><entry VJ="1" colname="col3"><DL Font="normal" Type="alpha"><DT>a)</DT><DD Font="normal"><LA Size="normal">Informationen recherchieren, beurteilen, aufbereiten und archivieren</LA></DD><DT>b)</DT><DD Font="normal"><LA Size="normal">Informationen auswerten, interpretieren und in sprachlich angemessener Form weitergeben</LA></DD><DT>c)</DT><DD Font="normal"><LA Size="normal">Vor- und Nachteile verschiedener Informationsquellen berücksichtigen</LA></DD></DL></entry></row><row><entry VJ="1" align="center" colname="col1">3.2</entry><entry VJ="1" colname="col2">Kommunikation<BR/> (§ 4 Absatz 4 Nummer 3.2)</entry><entry VJ="1" colname="col3"><DL Font="normal" Type="alpha"><DT>a)</DT><DD Font="normal"><LA Size="normal">interne und externe Kommunikationsprozesse gestalten</LA></DD><DT>b)</DT><DD Font="normal"><LA Size="normal">Anlässe und Arten mündlicher und schriftlicher Kommunikation berücksichtigen</LA></DD><DT>c)</DT><DD Font="normal"><LA Size="normal">Gesprächsführungs- und Fragetechniken anwenden</LA></DD><DT>d)</DT><DD Font="normal"><LA Size="normal">ziel- und kundenorientierte Gespräche führen, Zeitrahmen einhalten, Ergebnisse zusammenfassen</LA></DD><DT>e)</DT><DD Font="normal"><LA Size="normal">soziokulturelle Unterschiede in der Kommunikation berücksichtigen</LA></DD></DL></entry></row><row><entry VJ="1" align="center" colname="col1">3.3</entry><entry VJ="1" colname="col2">Kooperation und Teamarbeit<BR/> (§ 4 Absatz 4 Nummer 3.3)</entry><entry VJ="1" colname="col3"><DL Font="normal" Type="alpha"><DT>a)</DT><DD Font="normal"><LA Size="normal">Wertschätzung, Respekt und Vertrauen als Grundlage erfolgreicher Zusammenarbeit erkennen</LA></DD><DT>b)</DT><DD Font="normal"><LA Size="normal">Feedback konstruktiv geben und entgegennehmen</LA></DD><DT>c)</DT><DD Font="normal"><LA Size="normal">interne und externe Kooperationsprozesse gestalten</LA></DD><DT>d)</DT><DD Font="normal"><LA Size="normal">Aufgaben im Team planen und bearbeiten</LA></DD><DT>e)</DT><DD Font="normal"><LA Size="normal">zur Konfliktlösung im eigenen Arbeitsumfeld beitragen</LA></DD></DL></entry></row><row><entry VJ="1" align="center" colname="col1">3.4</entry><entry VJ="1" colname="col2">Anwenden einer Fremdsprache<BR/>bei Fachaufgaben<BR/> (§ 4 Absatz 4 Nummer 3.4)</entry><entry VJ="1" colname="col3"><DL Font="normal" Type="alpha"><DT>a)</DT><DD Font="normal"><LA Size="normal">fremdsprachige Fachbegriffe anwenden</LA></DD><DT>b)</DT><DD Font="normal"><LA Size="normal">Auskünfte in einer Fremdsprache einholen und erteilen</LA></DD></DL></entry></row></tbody></tgroup></table></Content></text><fussnoten/></textdaten></norm>
<norm builddate="20250228223023" doknr="BJNR412500013BJNE001201360"><metadaten><jurabk>BüroMKfAusbV</jurabk><enbez>Anlage 2</enbez><titel format="XML">(zu § 3 Absatz 2)<BR/>Ausbildungsrahmenplan für die Berufsausbildung zum Kaufmann für Büromanagement und zur Kauffrau für Büromanagement<BR/>– zeitliche Gliederung –</titel></metadaten><textdaten><text format="XML"><Content><P><noindex><kommentar typ="Fundstelle">(Fundstelle: BGBl. I 2013, 4139 - 4140)</kommentar></noindex></P><BR/><P>Die nachfolgende zeitliche Gliederung nennt die Zeiträume, in denen die jeweiligen Fertigkeiten, Kenntnisse und Fähigkeiten schwerpunktmäßig vermittelt werden sollen; in der Regel ist eine Fortführung oder Vertiefung zum Erreichen der beruflichen Handlungsfähigkeit erforderlich.</P><Title Align="auto"><BR/><BR/><B>A.</B><BR/> Während der gesamten Ausbildungszeit</Title><P>Während der gesamten Ausbildungszeit zu vermitteln sind die Fertigkeiten, Kenntnisse und Fähigkeiten der Berufsbildpositionen aus § 4 <table frame="none" pgwide="1" tocentry="%yes;"><tgroup align="left" char="" charoff="50" cols="2"><colspec colname="col1" colwidth="0.42*"/><colspec colname="col2" colwidth="1.58*"/><tbody valign="top"><row><entry VJ="1" colsep="0" rowsep="0">Absatz 4 Nummer 1.3</entry><entry VJ="1" rowsep="0">Berufsbildung,</entry></row><row><entry VJ="1" colsep="0" rowsep="0">Absatz 4 Nummer 1.4</entry><entry VJ="1" rowsep="0">arbeits-, sozial-, mitbestimmungsrechtliche und tarif- oder beamtenrechtliche Vorschriften,</entry></row><row><entry VJ="1" colsep="0" rowsep="0">Absatz 4 Nummer 1.5</entry><entry VJ="1" rowsep="0">Sicherheit und Gesundheitsschutz bei der Arbeit,</entry></row><row><entry VJ="1" colsep="0" rowsep="0">Absatz 4 Nummer 1.6</entry><entry VJ="1" rowsep="0">Umweltschutz,</entry></row><row><entry VJ="1" colsep="0" rowsep="0">Absatz 4 Nummer 1.7</entry><entry VJ="1" rowsep="0">wirtschaftliches und nachhaltiges Denken und Handeln,</entry></row><row><entry VJ="1" colsep="0" rowsep="0">Absatz 4 Nummer 2.4</entry><entry VJ="1" rowsep="0">qualitätsorientiertes Handeln in Prozessen,</entry></row><row><entry VJ="1" colsep="0" rowsep="0">Absatz 4 Nummer 3.3</entry><entry VJ="1" rowsep="0">Kooperation und Teamarbeit,</entry></row><row><entry VJ="1" colsep="0">Absatz 4 Nummer 3.4</entry><entry VJ="1">Anwenden einer Fremdsprache bei Fachaufgaben.</entry></row></tbody></tgroup></table></P><P/><Title Align="auto"><B>B.</B><BR/> 1. bis 15. Ausbildungsmonat</Title><P>(1) In einem Zeitraum von insgesamt vier bis sechs Monaten zu vermitteln sind die Fertigkeiten, Kenntnisse und Fähigkeiten der Berufsbildpositionen aus § 4 <table frame="none" pgwide="1" tocentry="%yes;"><tgroup align="left" char="" charoff="50" cols="2"><colspec colname="col1" colwidth="0.42*"/><colspec colname="col2" colwidth="1.58*"/><tbody valign="top"><row><entry VJ="1" colsep="0" rowsep="0">Absatz 2 Nummer 1.1</entry><entry VJ="1" rowsep="0">Informationsmanagement,</entry></row><row><entry VJ="1" colsep="0" rowsep="0">Absatz 2 Nummer 1.2</entry><entry VJ="1" rowsep="0">Informationsverarbeitung,</entry></row><row><entry VJ="1" colsep="0" rowsep="0">Absatz 4 Nummer 1.1</entry><entry VJ="1" rowsep="0">Stellung, Rechtsform und Organisationsstruktur,</entry></row><row><entry VJ="1" colsep="0" rowsep="0">Absatz 4 Nummer 2.3</entry><entry VJ="1" rowsep="0">Datenschutz und Datensicherheit,</entry></row><row><entry VJ="1" colsep="0">Absatz 4 Nummer 3.1</entry><entry VJ="1">Informationsbeschaffung und Umgang mit Informationen.</entry></row></tbody></tgroup></table></P><P>(2) In einem Zeitraum von insgesamt vier bis sechs Monaten zu vermitteln sind die Fertigkeiten, Kenntnisse und Fähigkeiten der Berufsbildpositionen aus § 4 <table frame="none" pgwide="1" tocentry="%yes;"><tgroup align="left" char="" charoff="50" cols="2"><colspec colname="col1" colwidth="0.42*"/><colspec colname="col2" colwidth="1.58*"/><tbody valign="top"><row><entry VJ="1" colsep="0" rowsep="0">Absatz 2 Nummer 1.3</entry><entry VJ="1" rowsep="0">bürowirtschaftliche Abläufe,</entry></row><row><entry VJ="1" colsep="0" rowsep="0">Absatz 2 Nummer 1.4</entry><entry VJ="1" rowsep="0">Koordinations- und Organisationsaufgaben,</entry></row><row><entry VJ="1" colsep="0" rowsep="0">Absatz 4 Nummer 2.1</entry><entry VJ="1" rowsep="0">Arbeits- und Selbstorganisation, Organisationsmittel,</entry></row><row><entry VJ="1" colsep="0">Absatz 4 Nummer 2.2</entry><entry VJ="1">Arbeitsplatzergonomie.</entry></row></tbody></tgroup></table></P><P>(3) In einem Zeitraum von insgesamt vier bis sechs Monaten zu vermitteln sind die Fertigkeiten, Kenntnisse und Fähigkeiten der Berufsbildpositionen aus § 4 <table frame="none" pgwide="1" tocentry="%yes;"><tgroup align="left" char="" charoff="50" cols="2"><colspec colname="col1" colwidth="0.41*"/><colspec colname="col2" colwidth="1.59*"/><tbody valign="top"><row><entry VJ="1" colsep="0" rowsep="0">Absatz 2 Nummer 2.3</entry><entry VJ="1" rowsep="0">Beschaffung von Material und externen Dienstleistungen,</entry></row><row><entry VJ="1" colsep="0">Absatz 4 Nummer 1.2</entry><entry VJ="1">Produkt- und Dienstleistungsangebot.</entry></row></tbody></tgroup></table></P><P/><Title Align="auto"><B>C.</B><BR/> 16. bis 36. Ausbildungsmonat</Title><P>(1) In einem Zeitraum von insgesamt elf Monaten zu vermitteln sind die Fertigkeiten, Kenntnisse und Fähigkeiten der Berufsbildpositionen aus § 4 <table frame="none" pgwide="1" tocentry="%yes;"><tgroup align="left" char="" charoff="50" cols="2"><colspec colname="col1" colwidth="0.42*"/><colspec colname="col2" colwidth="1.58*"/><tbody valign="top"><row><entry VJ="1" colsep="0" rowsep="0">Absatz 2 Nummer 2.1</entry><entry VJ="1" rowsep="0">Kundenbeziehungen,</entry></row><row><entry VJ="1" colsep="0" rowsep="0">Absatz 2 Nummer 2.2</entry><entry VJ="1" rowsep="0">Auftragsbearbeitung und -nachbereitung,</entry></row><row><entry VJ="1" colsep="0" rowsep="0">Absatz 2 Nummer 2.4</entry><entry VJ="1" rowsep="0">personalbezogene Aufgaben,</entry></row><row><entry VJ="1" colsep="0" rowsep="0">Absatz 2 Nummer 2.5</entry><entry VJ="1" rowsep="0">kaufmännische Steuerung,</entry></row><row><entry VJ="1" colsep="0">Absatz 4 Nummer 3.2</entry><entry VJ="1">Kommunikation.</entry></row></tbody></tgroup></table></P><P>(2) In einem Zeitraum von jeweils fünf Monaten zu vermitteln sind die Fertigkeiten, Kenntnisse und Fähigkeiten der Berufsbildpositionen der zwei ausgewählten Wahlqualifikationen nach § 4 <table frame="none" pgwide="1" tocentry="%yes;"><tgroup align="left" char="" charoff="50" cols="2"><colspec colname="col1" colwidth="0.42*"/><colspec colname="col2" colwidth="1.58*"/><tbody valign="top"><row><entry VJ="1" colsep="0" rowsep="0">Absatz 3 Nummer  1</entry><entry VJ="1" rowsep="0">Auftragssteuerung und -koordination,</entry></row><row><entry VJ="1" colsep="0" rowsep="0">Absatz 3 Nummer  2</entry><entry VJ="1" rowsep="0">kaufmännische Steuerung und Kontrolle,</entry></row><row><entry VJ="1" colsep="0" rowsep="0">Absatz 3 Nummer  3</entry><entry VJ="1" rowsep="0">kaufmännische Abläufe in kleinen und mittleren Unternehmen,</entry></row><row><entry VJ="1" colsep="0" rowsep="0">Absatz 3 Nummer  4</entry><entry VJ="1" rowsep="0">Einkauf und Logistik,</entry></row><row><entry VJ="1" colsep="0" rowsep="0">Absatz 3 Nummer  5</entry><entry VJ="1" rowsep="0">Marketing und Vertrieb,</entry></row><row><entry VJ="1" colsep="0" rowsep="0">Absatz 3 Nummer  6</entry><entry VJ="1" rowsep="0">Personalwirtschaft,</entry></row><row><entry VJ="1" colsep="0" rowsep="0">Absatz 3 Nummer  7</entry><entry VJ="1" rowsep="0">Assistenz und Sekretariat,</entry></row><row><entry VJ="1" colsep="0" rowsep="0">Absatz 3 Nummer  8</entry><entry VJ="1" rowsep="0">Öffentlichkeitsarbeit und Veranstaltungsmanagement,</entry></row><row><entry VJ="1" colsep="0" rowsep="0">Absatz 3 Nummer  9</entry><entry VJ="1" rowsep="0">Verwaltung und Recht oder</entry></row><row><entry VJ="1" colsep="0">Absatz 3 Nummer 10</entry><entry VJ="1">öffentliche Finanzwirtschaft.</entry></row></tbody></tgroup></table></P></Content></text><fussnoten/></textdaten></norm>
</dokumente>