<?xml version="1.0" encoding="UTF-8" ?><!DOCTYPE dokumente SYSTEM "http://www.gesetze-im-internet.de/dtd/1.01/gii-norm.dtd">
<dokumente builddate="20241231222429" doknr="BJNR516500010"><norm builddate="20241231222429" doknr="BJNR516500010"><metadaten><jurabk>KanalStTO 2010</jurabk><ausfertigung-datum manuell="ja">2010-10-26</ausfertigung-datum><fundstelle typ="amtlich"><periodikum>BAnz</periodikum><zitstelle>2010, Nr 165, 3646</zitstelle></fundstelle><fundstelle typ="amtlich"><periodikum>BAnz</periodikum><zitstelle>2010, 3646</zitstelle></fundstelle><kurzue>Kanalsteurertarifverordnung</kurzue><langue>Verordnung über die Entgelte der Kanalsteurer auf dem Nord-Ostsee-Kanal</langue><standangabe checked="ja"><standtyp>Stand</standtyp><standkommentar>Zuletzt geändert durch Art. 1 V v. 19.12.2024 I Nr. 431</standkommentar></standangabe></metadaten><textdaten><fussnoten><Content><P><BR/> <pre xml:space="preserve">(+++  Textnachweis ab: 1.11.2010 +++)<BR/><BR/></pre></P></Content></fussnoten></textdaten></norm>
<norm builddate="20241231222429" doknr="BJNR516500010BJNE000100000"><metadaten><jurabk>KanalStTO 2010</jurabk><enbez>Eingangsformel</enbez></metadaten><textdaten><text format="XML"><Content><P>Auf Grund des § 14 Absatz 2 in Verbindung mit Absatz 3 Satz 1 des Seeaufgabengesetzes in der Fassung der Bekanntmachung vom 26. Juli 2002 (BGBl. I S. 2876), von denen § 14 Absatz 2 durch Artikel 319 der Verordnung vom 31. Oktober 2006 (BGBl. I S. 2407) geändert worden ist, verordnet das Bundesministerium für Verkehr, Bau und Stadtentwicklung nach Anhörung der Küstenländer:</P></Content></text></textdaten></norm>
<norm builddate="20241231222429" doknr="BJNR516500010BJNE000203360"><metadaten><jurabk>KanalStTO 2010</jurabk><enbez>§ 1</enbez><titel format="XML">Entgelte und Entgeltberechnung</titel></metadaten><textdaten><text format="XML"><Content><P>(1) Für die Leistungen der Kanalsteurer auf dem Nord-Ostsee-Kanal sind die in der Anlage aufgeführten Entgelte zu entrichten. Sie gelten jeweils für eine aus zwei Kanalsteurern bestehende Kanalsteurerrotte. Für Schiffe, die nur mit einem Kanalsteurer besetzt werden, werden die Entgelte nach den Nummern 1.1 und 1.2 der Anlage um 15 Prozent und die Entgelte nach den Nummern 2, 3 und 5 bis 10 der Anlage um 50 Prozent ermäßigt. Für Schiffe, die auf Grund ihrer Abmessungen auf den Fahrtstrecken zwischen Brunsbüttel und Rüsterbergen keiner Besetzung durch Kanalsteurer bedürfen, werden die Entgelte nach Nummer 1.1 der Anlage um 47 Prozent ermäßigt. Die Entgelte werden von der Generaldirektion Wasserstraßen und Schifffahrt eingezogen.</P><P>(2) Die Entgelte werden von demjenigen, der diese Leistung im eigenen oder fremden Namen veranlasst, erhoben. Entgeltschuldner ist auch der Eigentümer des Schiffes. Mehrere Schuldner haften als Gesamtschuldner.</P><P>(3) Zahlungen sind in Euro zu leisten. Bruchteile eines Euro werden unter 0,50 Euro nach unten abgerundet und ab 0,50 Euro nach oben aufgerundet. Die Entgelte werden mit Rechnungserteilung fällig. Sie sind ab dem 15. Tag nach Fälligkeit nach den Vorschriften der §§ 288 und 247 des Bürgerlichen Gesetzbuchs zu verzinsen. § 286 Absatz 4 des Bürgerlichen Gesetzbuchs findet entsprechend Anwendung.</P><P>(4) Der Anspruch auf Zahlung der Kanalsteurerentgelte verjährt nach drei Jahren. Die Verjährungsfrist beginnt mit Ablauf des Kalenderjahres, in dem der Anspruch entstanden ist. Im Übrigen finden die Vorschriften über die Verjährung des Bürgerlichen Gesetzbuchs Anwendung.</P><P>(5) Für die Berechnung der Kanalsteurerentgelte ist für ein Seeschiff der Internationale Schiffsmessbrief (1969) und für Binnenschiffe der amtliche Eichschein vorzulegen. Können der Schiffsmessbrief oder der Eichschein nicht vorgelegt werden, wird <DL Font="normal" Type="arabic"><DT>1.</DT><DD Font="normal"><LA Size="normal">bei Seeschiffen und anderen nicht vermessenen Fahrzeugen die Bruttoraumzahl und</LA></DD><DT>2.</DT><DD Font="normal"><LA Size="normal">bei Binnenschiffen und anderen nicht geeichten Fahrzeugen <DL Font="normal" Type="arabic"><DT>a)</DT><DD Font="normal"><LA Size="normal">die Tragfähigkeit in Tonnen bei Güter transportierenden Fahrzeugen oder</LA></DD><DT>b)</DT><DD Font="normal"><LA Size="normal">die Wasserverdrängung in Tonnen bei anderen Fahrzeugen</LA></DD></DL></LA></DD></DL>von einem von der Generaldirektion Wasserstraßen und Schifffahrt bestimmten Sachverständigen oder der Schiffsvermessungsbehörde geschätzt. Die Kosten der Schätzung hat der zur Zahlung der Kanalsteurerentgelte Verpflichtete zu tragen.</P><P>(6) Bei der Bemessung der Kanalsteurerentgelte werden als Bruttoraumzahl zugrunde gelegt:<DL Font="normal" Type="arabic"><DT>1.</DT><DD Font="normal"><LA Size="normal">bei Seeschiffen die Bruttoraumzahl nach dem Internationalen Schiffsmessbrief (1969) nach der Anlage II des Internationalen Schiffsvermessungs-Übereinkommens von 1969 (BGBl. 1975 II S. 65); bei lukendeckellosen Containerschiffen, bei denen das reduzierte Vermessungsergebnis nach der MSC.234(82) - Resolution von der Schiffsvermessungsbehörde bescheinigt ist, die reduzierte Bruttoraumzahl; bei Ro-Ro-Schiffen, Passagier-Autofähren und Autotransportern die um 15 Prozent reduzierte Bruttoraumzahl nach dem Internationalen Schiffsmessbrief (1969);</LA></DD><DT>2.</DT><DD Font="normal"><LA Size="normal">bei Tankschiffen, bei denen das um den Raumgehalt der getrennten Wasserballasttanks verminderte Vermessungsergebnis von der Schiffsvermessungsbehörde nach den IMO-Resolutionen A.388(X), A.722(17) oder A.747(18) bescheinigt ist, die verminderte Bruttoraumzahl;</LA></DD><DT>3.</DT><DD Font="normal"><LA Size="normal">bei Binnenschiffen die Hälfte der im Eichschein ausgewiesenen Tragfähigkeit in Tonnen;</LA></DD><DT>4.</DT><DD Font="normal"><LA Size="normal">bei Marinefahrzeugen, für die keine Schiffsmessbriefe ausgestellt sind, die Wasserverdrängung in Tonnen;</LA></DD><DT>5.</DT><DD Font="normal"><LA Size="normal">bei anderen Fahrzeugen, die nicht vermessen und nicht geeicht sind, die nach Absatz 5 Satz 2 geschätzten Bruttoraumzahl oder Tonnen;</LA></DD><DT>6.</DT><DD Font="normal"><LA Size="normal">bei Schlepp- und Schubverbänden die Summe der nach den Nummern 1 bis 5 ermittelten Bruttoraumzahl oder Tonnen aller Fahrzeuge des Verbandes.</LA></DD></DL></P></Content></text><fussnoten/></textdaten></norm>
<norm builddate="20241231222429" doknr="BJNR516500010BJNE000300000"><metadaten><jurabk>KanalStTO 2010</jurabk><enbez>§ 2</enbez><titel format="XML">Inkrafttreten, Außerkrafttreten</titel></metadaten><textdaten><text format="XML"><Content><P>Diese Verordnung tritt am 1. November 2010 in Kraft. Gleichzeitig tritt die Kanalsteurertarifordnung vom 29. März 1977 (BAnz. Nr. 63 vom 31. März 1977), die zuletzt durch die Verordnung vom 25. August 2004 (BAnz. S. 19493) geändert worden ist, außer Kraft.</P></Content></text></textdaten></norm>
<norm builddate="20241231222429" doknr="BJNR516500010BJNE000409119"><metadaten><jurabk>KanalStTO 2010</jurabk><enbez>Anlage</enbez><titel format="XML">(zu § 1 Absatz 1)<BR/>Verzeichnis der Entgelte</titel></metadaten><textdaten><text format="XML"><Content><P><noindex><kommentar typ="Fundstelle">(Fundstelle: BGBl. 2024 I Nr. 431, S. 1 – 4;<BR/>bzgl. einzelner Änderungen vgl. Fußnote)</kommentar></noindex><BR/><BR/><table colsep="1" frame="all" pgwide="1" rowsep="1" tocentry="%yes;"><tgroup align="left" char="" charoff="50" cols="5"><colspec colname="col1" colwidth="10*"/><colspec colname="col2" colwidth="15*"/><colspec colname="col3" colsep="0" colwidth="45*"/><colspec colname="col4" colwidth="65*"/><colspec align="right" colname="col5" colwidth="30*"/><tbody valign="top"><row><entry VJ="1" nameend="col5" namest="col1"><B>Es sind zu entrichten für</B></entry></row><row><entry VJ="1" colname="col1">1</entry><entry VJ="1" nameend="col5" namest="col2">das Steuern von Fahrzeugen,</entry></row><row><entry VJ="1" colname="col1">1.1</entry><entry VJ="1" nameend="col5" namest="col2">auf der Fahrtstrecke von der Eingangsschleuse bis zur Endschleuse</entry></row><row><entry VJ="1" nameend="col5" namest="col1">bei einer Bruttoraumzahl</entry></row><row><entry VJ="1" nameend="col2" namest="col1">von</entry><entry VJ="1" colname="col3">bis</entry><entry VJ="1" colname="col4"/><entry VJ="1" colname="col5">Euro</entry></row><row><entry VJ="1" nameend="col2" namest="col1">     0 –</entry><entry VJ="1" colname="col3">   500</entry><entry VJ="1" colname="col4"/><entry VJ="1" colname="col5">1 201</entry></row><row><entry VJ="1" nameend="col2" namest="col1">   501 –</entry><entry VJ="1" colname="col3">   600</entry><entry VJ="1" colname="col4"/><entry VJ="1" colname="col5">1 207</entry></row><row><entry VJ="1" nameend="col2" namest="col1">   601 –</entry><entry VJ="1" colname="col3">   700</entry><entry VJ="1" colname="col4"/><entry VJ="1" colname="col5">1 212</entry></row><row><entry VJ="1" nameend="col2" namest="col1">   701 –</entry><entry VJ="1" colname="col3">   800</entry><entry VJ="1" colname="col4"/><entry VJ="1" colname="col5">1 214</entry></row><row><entry VJ="1" nameend="col2" namest="col1">   801 –</entry><entry VJ="1" colname="col3">   900</entry><entry VJ="1" colname="col4"/><entry VJ="1" colname="col5"> 1 220</entry></row><row><entry VJ="1" nameend="col2" namest="col1">   901 –</entry><entry VJ="1" colname="col3"> 1 000</entry><entry VJ="1" colname="col4"/><entry VJ="1" colname="col5">1 229</entry></row><row><entry VJ="1" nameend="col2" namest="col1"> 1 001 –</entry><entry VJ="1" colname="col3"> 1 100</entry><entry VJ="1" colname="col4"/><entry VJ="1" colname="col5">1 234</entry></row><row><entry VJ="1" nameend="col2" namest="col1"> 1 101 –</entry><entry VJ="1" colname="col3"> 1 200</entry><entry VJ="1" colname="col4"/><entry VJ="1" colname="col5">1 247</entry></row><row><entry VJ="1" nameend="col2" namest="col1"> 1 201 –</entry><entry VJ="1" colname="col3"> 1 300</entry><entry VJ="1" colname="col4"/><entry VJ="1" colname="col5">1 257</entry></row><row><entry VJ="1" nameend="col2" namest="col1"> 1 301 –</entry><entry VJ="1" colname="col3"> 1 400</entry><entry VJ="1" colname="col4"/><entry VJ="1" colname="col5">1 264</entry></row><row><entry VJ="1" nameend="col2" namest="col1"> 1 401 –</entry><entry VJ="1" colname="col3"> 1 500</entry><entry VJ="1" colname="col4"/><entry VJ="1" colname="col5">1 275</entry></row><row><entry VJ="1" nameend="col2" namest="col1"> 1 501 –</entry><entry VJ="1" colname="col3"> 1 600</entry><entry VJ="1" colname="col4"/><entry VJ="1" colname="col5">1 289</entry></row><row><entry VJ="1" nameend="col2" namest="col1"> 1 601 –</entry><entry VJ="1" colname="col3"> 1 700</entry><entry VJ="1" colname="col4"/><entry VJ="1" colname="col5">1 295</entry></row><row><entry VJ="1" nameend="col2" namest="col1"> 1 701 –</entry><entry VJ="1" colname="col3"> 1 800</entry><entry VJ="1" colname="col4"/><entry VJ="1" colname="col5">1 301</entry></row><row><entry VJ="1" nameend="col2" namest="col1"> 1 801 –</entry><entry VJ="1" colname="col3"> 1 900</entry><entry VJ="1" colname="col4"/><entry VJ="1" colname="col5">1 317</entry></row><row><entry VJ="1" nameend="col2" namest="col1"> 1 901 –</entry><entry VJ="1" colname="col3"> 2 000</entry><entry VJ="1" colname="col4"/><entry VJ="1" colname="col5">1 318</entry></row><row><entry VJ="1" nameend="col2" namest="col1"> 2 001 –</entry><entry VJ="1" colname="col3"> 2 100</entry><entry VJ="1" colname="col4"/><entry VJ="1" colname="col5">1 319</entry></row><row><entry VJ="1" nameend="col2" namest="col1"> 2 101 –</entry><entry VJ="1" colname="col3"> 2 200</entry><entry VJ="1" colname="col4"/><entry VJ="1" colname="col5">1 321</entry></row><row><entry VJ="1" nameend="col2" namest="col1"> 2 201 –</entry><entry VJ="1" colname="col3"> 2 300</entry><entry VJ="1" colname="col4"/><entry VJ="1" colname="col5">1 325</entry></row><row><entry VJ="1" nameend="col2" namest="col1"> 2 301 –</entry><entry VJ="1" colname="col3"> 2 400</entry><entry VJ="1" colname="col4"/><entry VJ="1" colname="col5">1 330</entry></row><row><entry VJ="1" nameend="col2" namest="col1"> 2 401 –</entry><entry VJ="1" colname="col3"> 2 500</entry><entry VJ="1" colname="col4"/><entry VJ="1" colname="col5">1 338</entry></row><row><entry VJ="1" nameend="col2" namest="col1"> 2 501 –</entry><entry VJ="1" colname="col3"> 2 600</entry><entry VJ="1" colname="col4"/><entry VJ="1" colname="col5">1 346</entry></row><row><entry VJ="1" nameend="col2" namest="col1"> 2 601 –</entry><entry VJ="1" colname="col3"> 2 700</entry><entry VJ="1" colname="col4"/><entry VJ="1" colname="col5">1 348</entry></row><row><entry VJ="1" nameend="col2" namest="col1"> 2 701 –</entry><entry VJ="1" colname="col3"> 2 800</entry><entry VJ="1" colname="col4"/><entry VJ="1" colname="col5">1 351</entry></row><row><entry VJ="1" nameend="col2" namest="col1"> 2 801 –</entry><entry VJ="1" colname="col3"> 2 900</entry><entry VJ="1" colname="col4"/><entry VJ="1" colname="col5">1 363</entry></row><row><entry VJ="1" nameend="col2" namest="col1"> 2 901 –</entry><entry VJ="1" colname="col3"> 3 000</entry><entry VJ="1" colname="col4"/><entry VJ="1" colname="col5">1 382</entry></row><row><entry VJ="1" nameend="col2" namest="col1"> 3 001 –</entry><entry VJ="1" colname="col3"> 3 250</entry><entry VJ="1" colname="col4"/><entry VJ="1" colname="col5">1 394</entry></row><row><entry VJ="1" nameend="col2" namest="col1"> 3 251 –</entry><entry VJ="1" colname="col3"> 3 500</entry><entry VJ="1" colname="col4"/><entry VJ="1" colname="col5">1 413</entry></row><row><entry VJ="1" nameend="col2" namest="col1"> 3 501 –</entry><entry VJ="1" colname="col3"> 3 750</entry><entry VJ="1" colname="col4"/><entry VJ="1" colname="col5">1 417</entry></row><row><entry VJ="1" nameend="col2" namest="col1"> 3 751 –</entry><entry VJ="1" colname="col3"> 4 000</entry><entry VJ="1" colname="col4"/><entry VJ="1" colname="col5">1 435</entry></row><row><entry VJ="1" nameend="col2" namest="col1"> 4 001 –</entry><entry VJ="1" colname="col3"> 4 250</entry><entry VJ="1" colname="col4"/><entry VJ="1" colname="col5">1 439</entry></row><row><entry VJ="1" nameend="col2" namest="col1"> 4 251 –</entry><entry VJ="1" colname="col3"> 4 500</entry><entry VJ="1" colname="col4"/><entry VJ="1" colname="col5">1 451</entry></row><row><entry VJ="1" nameend="col2" namest="col1"> 4 501 –</entry><entry VJ="1" colname="col3"> 4 750</entry><entry VJ="1" colname="col4"/><entry VJ="1" colname="col5">1 479</entry></row><row><entry VJ="1" nameend="col2" namest="col1"> 4 751 –</entry><entry VJ="1" colname="col3"> 5 000</entry><entry VJ="1" colname="col4"/><entry VJ="1" colname="col5">1 497</entry></row><row><entry VJ="1" nameend="col2" namest="col1"> 5 001 –</entry><entry VJ="1" colname="col3"> 5 250</entry><entry VJ="1" colname="col4"/><entry VJ="1" colname="col5">1 505</entry></row><row><entry VJ="1" nameend="col2" namest="col1"> 5 251 –</entry><entry VJ="1" colname="col3"> 5 500</entry><entry VJ="1" colname="col4"/><entry VJ="1" colname="col5">1 523</entry></row><row><entry VJ="1" nameend="col2" namest="col1"> 5 501 –</entry><entry VJ="1" colname="col3"> 5 750</entry><entry VJ="1" colname="col4"/><entry VJ="1" colname="col5">1 538</entry></row><row><entry VJ="1" nameend="col2" namest="col1"> 5 751 –</entry><entry VJ="1" colname="col3"> 6 000</entry><entry VJ="1" colname="col4"/><entry VJ="1" colname="col5">1 556</entry></row><row><entry VJ="1" nameend="col2" namest="col1"> 6 001 –</entry><entry VJ="1" colname="col3"> 6 250</entry><entry VJ="1" colname="col4"/><entry VJ="1" colname="col5">1 566</entry></row><row><entry VJ="1" nameend="col2" namest="col1"> 6 251 –</entry><entry VJ="1" colname="col3"> 6 500</entry><entry VJ="1" colname="col4"/><entry VJ="1" colname="col5">1 571</entry></row><row><entry VJ="1" nameend="col2" namest="col1"> 6 501 –</entry><entry VJ="1" colname="col3"> 6 750</entry><entry VJ="1" colname="col4"/><entry VJ="1" colname="col5">1 596</entry></row><row><entry VJ="1" nameend="col2" namest="col1"> 6 751 –</entry><entry VJ="1" colname="col3"> 7 000</entry><entry VJ="1" colname="col4"/><entry VJ="1" colname="col5">1 618</entry></row><row><entry VJ="1" nameend="col2" namest="col1"> 7 001 –</entry><entry VJ="1" colname="col3"> 7 250</entry><entry VJ="1" colname="col4"/><entry VJ="1" colname="col5">1 635</entry></row><row><entry VJ="1" nameend="col2" namest="col1"> 7 251 –</entry><entry VJ="1" colname="col3"> 7 500</entry><entry VJ="1" colname="col4"/><entry VJ="1" colname="col5"> 1 661</entry></row><row><entry VJ="1" nameend="col2" namest="col1"> 7 501 –</entry><entry VJ="1" colname="col3"> 7 750</entry><entry VJ="1" colname="col4"/><entry VJ="1" colname="col5">1 681</entry></row><row><entry VJ="1" nameend="col2" namest="col1"> 7 751 –</entry><entry VJ="1" colname="col3"> 8 000</entry><entry VJ="1" colname="col4"/><entry VJ="1" colname="col5">1 687</entry></row><row><entry VJ="1" nameend="col2" namest="col1"> 8 001 –</entry><entry VJ="1" colname="col3"> 8 250</entry><entry VJ="1" colname="col4"/><entry VJ="1" colname="col5">1 695</entry></row><row><entry VJ="1" nameend="col2" namest="col1"> 8 251 –</entry><entry VJ="1" colname="col3"> 8 500</entry><entry VJ="1" colname="col4"/><entry VJ="1" colname="col5">1 703</entry></row><row><entry VJ="1" nameend="col2" namest="col1"> 8 501 –</entry><entry VJ="1" colname="col3"> 8 750</entry><entry VJ="1" colname="col4"/><entry VJ="1" colname="col5">1 707</entry></row><row><entry VJ="1" nameend="col2" namest="col1"> 8 751 –</entry><entry VJ="1" colname="col3"> 9 000</entry><entry VJ="1" colname="col4"/><entry VJ="1" colname="col5">1 727</entry></row><row><entry VJ="1" nameend="col2" namest="col1"> 9 001 –</entry><entry VJ="1" colname="col3"> 9 250</entry><entry VJ="1" colname="col4"/><entry VJ="1" colname="col5">1 743</entry></row><row><entry VJ="1" nameend="col2" namest="col1"> 9 251 –</entry><entry VJ="1" colname="col3"> 9 500</entry><entry VJ="1" colname="col4"/><entry VJ="1" colname="col5">1 764</entry></row><row><entry VJ="1" nameend="col2" namest="col1"> 9 501 –</entry><entry VJ="1" colname="col3"> 9 750</entry><entry VJ="1" colname="col4"/><entry VJ="1" colname="col5">1 785</entry></row><row><entry VJ="1" nameend="col2" namest="col1"> 9 751 –</entry><entry VJ="1" colname="col3">10 000</entry><entry VJ="1" colname="col4"/><entry VJ="1" colname="col5">1 792</entry></row><row><entry VJ="1" nameend="col2" namest="col1">10 001 –</entry><entry VJ="1" colname="col3">10 250</entry><entry VJ="1" colname="col4"/><entry VJ="1" colname="col5">1 800</entry></row><row><entry VJ="1" nameend="col2" namest="col1">10 251 –</entry><entry VJ="1" colname="col3">10 500</entry><entry VJ="1" colname="col4"/><entry VJ="1" colname="col5">1 809</entry></row><row><entry VJ="1" nameend="col2" namest="col1">10 501 –</entry><entry VJ="1" colname="col3">10 750</entry><entry VJ="1" colname="col4"/><entry VJ="1" colname="col5">1 830</entry></row><row><entry VJ="1" nameend="col2" namest="col1">10 751 –</entry><entry VJ="1" colname="col3">11 000</entry><entry VJ="1" colname="col4"/><entry VJ="1" colname="col5">1 851</entry></row><row><entry VJ="1" nameend="col2" namest="col1">11 001 –</entry><entry VJ="1" colname="col3">11 250</entry><entry VJ="1" colname="col4"/><entry VJ="1" colname="col5">1 877</entry></row><row><entry VJ="1" nameend="col2" namest="col1">11 251 –</entry><entry VJ="1" colname="col3">11 500</entry><entry VJ="1" colname="col4"/><entry VJ="1" colname="col5">1 898</entry></row><row><entry VJ="1" nameend="col2" namest="col1">11 501 –</entry><entry VJ="1" colname="col3">11 750</entry><entry VJ="1" colname="col4"/><entry VJ="1" colname="col5">1 919</entry></row><row><entry VJ="1" nameend="col2" namest="col1">11 751 –</entry><entry VJ="1" colname="col3">12 000</entry><entry VJ="1" colname="col4"/><entry VJ="1" colname="col5">1 942</entry></row><row><entry VJ="1" nameend="col2" namest="col1">12 001 –</entry><entry VJ="1" colname="col3">12 500</entry><entry VJ="1" colname="col4"/><entry VJ="1" colname="col5">1 947</entry></row><row><entry VJ="1" nameend="col2" namest="col1">12 501 –</entry><entry VJ="1" colname="col3">13 000</entry><entry VJ="1" colname="col4"/><entry VJ="1" colname="col5">1 954</entry></row><row><entry VJ="1" nameend="col2" namest="col1">13 001 –</entry><entry VJ="1" colname="col3">13 500</entry><entry VJ="1" colname="col4"/><entry VJ="1" colname="col5">1 969</entry></row><row><entry VJ="1" nameend="col2" namest="col1">13 501 –</entry><entry VJ="1" colname="col3">14 000</entry><entry VJ="1" colname="col4"/><entry VJ="1" colname="col5">1 989</entry></row><row><entry VJ="1" nameend="col2" namest="col1">14 001 –</entry><entry VJ="1" colname="col3">14 500</entry><entry VJ="1" colname="col4"/><entry VJ="1" colname="col5">2 023</entry></row><row><entry VJ="1" nameend="col2" namest="col1">14 501 –</entry><entry VJ="1" colname="col3">15 000</entry><entry VJ="1" colname="col4"/><entry VJ="1" colname="col5">2 054</entry></row><row><entry VJ="1" nameend="col2" namest="col1">15 001 –</entry><entry VJ="1" colname="col3">15 500</entry><entry VJ="1" colname="col4"/><entry VJ="1" colname="col5">2 057</entry></row><row><entry VJ="1" nameend="col2" namest="col1">15 501 –</entry><entry VJ="1" colname="col3">16 000</entry><entry VJ="1" colname="col4"/><entry VJ="1" colname="col5">2 097</entry></row><row><entry VJ="1" nameend="col2" namest="col1">16 001 –</entry><entry VJ="1" colname="col3">16 500</entry><entry VJ="1" colname="col4"/><entry VJ="1" colname="col5">2 129</entry></row><row><entry VJ="1" nameend="col2" namest="col1">16 501 –</entry><entry VJ="1" colname="col3">17 000</entry><entry VJ="1" colname="col4"/><entry VJ="1" colname="col5">2 167</entry></row><row><entry VJ="1" nameend="col2" namest="col1">17 001 –</entry><entry VJ="1" colname="col3">17 500</entry><entry VJ="1" colname="col4"/><entry VJ="1" colname="col5">2 194</entry></row><row><entry VJ="1" nameend="col2" namest="col1">17 501 –</entry><entry VJ="1" colname="col3">18 000</entry><entry VJ="1" colname="col4"/><entry VJ="1" colname="col5">2 237</entry></row><row><entry VJ="1" nameend="col2" namest="col1">18 001 –</entry><entry VJ="1" colname="col3">18 500</entry><entry VJ="1" colname="col4"/><entry VJ="1" colname="col5">2 267</entry></row><row><entry VJ="1" nameend="col2" namest="col1">18 501 –</entry><entry VJ="1" colname="col3">19 000</entry><entry VJ="1" colname="col4"/><entry VJ="1" colname="col5">2 305</entry></row><row><entry VJ="1" nameend="col2" namest="col1">19 001 –</entry><entry VJ="1" colname="col3">19 500</entry><entry VJ="1" colname="col4"/><entry VJ="1" colname="col5">2 342</entry></row><row><entry VJ="1" nameend="col2" namest="col1">19 501 –</entry><entry VJ="1" colname="col3">20 000</entry><entry VJ="1" colname="col4"/><entry VJ="1" colname="col5">2 376</entry></row><row><entry VJ="1" nameend="col2" namest="col1">20 001 –</entry><entry VJ="1" colname="col3">20 500</entry><entry VJ="1" colname="col4"/><entry VJ="1" colname="col5">2 384</entry></row><row><entry VJ="1" nameend="col2" namest="col1">20 501 –</entry><entry VJ="1" colname="col3">21 000</entry><entry VJ="1" colname="col4"/><entry VJ="1" colname="col5">2 421</entry></row><row><entry VJ="1" nameend="col2" namest="col1">21 001 –</entry><entry VJ="1" colname="col3">21 500</entry><entry VJ="1" colname="col4"/><entry VJ="1" colname="col5">2 448</entry></row><row><entry VJ="1" nameend="col2" namest="col1">21 501 –</entry><entry VJ="1" colname="col3">22 000</entry><entry VJ="1" colname="col4"/><entry VJ="1" colname="col5">2 486</entry></row><row><entry VJ="1" nameend="col2" namest="col1">22 001 –</entry><entry VJ="1" colname="col3">22 500</entry><entry VJ="1" colname="col4"/><entry VJ="1" colname="col5">2 520</entry></row><row><entry VJ="1" nameend="col2" namest="col1">22 501 –</entry><entry VJ="1" colname="col3">23 000</entry><entry VJ="1" colname="col4"/><entry VJ="1" colname="col5">2 549</entry></row><row><entry VJ="1" nameend="col2" namest="col1">23 001 –</entry><entry VJ="1" colname="col3">23 500</entry><entry VJ="1" colname="col4"/><entry VJ="1" colname="col5">2 562</entry></row><row><entry VJ="1" nameend="col2" namest="col1">23 501 –</entry><entry VJ="1" colname="col3">24 000</entry><entry VJ="1" colname="col4"/><entry VJ="1" colname="col5">2 611</entry></row><row><entry VJ="1" nameend="col2" namest="col1">24 001 –</entry><entry VJ="1" colname="col3">24 500</entry><entry VJ="1" colname="col4"/><entry VJ="1" colname="col5">2 654</entry></row><row><entry VJ="1" nameend="col2" namest="col1">24 501 –</entry><entry VJ="1" colname="col3">25 000</entry><entry VJ="1" colname="col4"/><entry VJ="1" colname="col5">2 699</entry></row><row><entry VJ="1" nameend="col2" namest="col1">25 001 –</entry><entry VJ="1" colname="col3">25 500</entry><entry VJ="1" colname="col4"/><entry VJ="1" colname="col5">2 716</entry></row><row><entry VJ="1" nameend="col2" namest="col1">25 501 –</entry><entry VJ="1" colname="col3">26 000</entry><entry VJ="1" colname="col4"/><entry VJ="1" colname="col5">2 742</entry></row><row><entry VJ="1" nameend="col2" namest="col1">26 001 –</entry><entry VJ="1" colname="col3">26 500</entry><entry VJ="1" colname="col4"/><entry VJ="1" colname="col5">2 759</entry></row><row><entry VJ="1" nameend="col2" namest="col1">26 501 –</entry><entry VJ="1" colname="col3">27 000</entry><entry VJ="1" colname="col4"/><entry VJ="1" colname="col5">2 789</entry></row><row><entry VJ="1" nameend="col2" namest="col1">27 001 –</entry><entry VJ="1" colname="col3">27 500</entry><entry VJ="1" colname="col4"/><entry VJ="1" colname="col5">2 812</entry></row><row><entry VJ="1" nameend="col2" namest="col1">27 501 –</entry><entry VJ="1" colname="col3">28 000</entry><entry VJ="1" colname="col4"/><entry VJ="1" colname="col5">2 842</entry></row><row><entry VJ="1" nameend="col2" namest="col1">28 001 –</entry><entry VJ="1" colname="col3">28 500</entry><entry VJ="1" colname="col4"/><entry VJ="1" colname="col5">2 872</entry></row><row><entry VJ="1" nameend="col2" namest="col1">28 501 –</entry><entry VJ="1" colname="col3">29 000</entry><entry VJ="1" colname="col4"/><entry VJ="1" colname="col5">2 898</entry></row><row><entry VJ="1" nameend="col2" namest="col1">29 001 –</entry><entry VJ="1" colname="col3">29 500</entry><entry VJ="1" colname="col4"/><entry VJ="1" colname="col5">2 946</entry></row><row><entry VJ="1" nameend="col2" namest="col1">29 501 –</entry><entry VJ="1" colname="col3">30 000</entry><entry VJ="1" colname="col4"/><entry VJ="1" colname="col5">2 979</entry></row><row><entry VJ="1" nameend="col4" namest="col1">für jede weiteren angefangenen 500 über 30 000</entry><entry VJ="1" colname="col5">33</entry></row><row><entry VJ="1" nameend="col4" namest="col1">höchstens jedoch</entry><entry VJ="1" colname="col5">4 151</entry></row><row><entry VJ="1" colname="col1">1.2</entry><entry VJ="1" nameend="col4" namest="col2">auf Teilen der Fahrtstrecke für jede angefangene Fahrtstrecke von 10 Kilometern</entry><entry VJ="1" colname="col5">12 vom Hundert,</entry></row><row><entry VJ="1" colname="col1"/><entry VJ="1" nameend="col4" namest="col2">höchstens</entry><entry VJ="1" colname="col5">100 vom Hundert</entry></row><row><entry VJ="1" colname="col1"/><entry VJ="1" nameend="col4" namest="col2">des Betrages nach Nummer 1.1,</entry><entry VJ="1" colname="col5"/></row><row><entry VJ="1" colname="col1">2</entry><entry VJ="1" align="justify" nameend="col4" namest="col2">die Wartezeit an Bord bis zur Abfahrt des Fahrzeugs, wenn die Abfahrt aus nicht revierbedingten Gründen verzögert wird, nach Ablauf einer Stunde, für jede angefangene Stunde</entry><entry VJ="1" colname="col5">69 Euro,</entry></row><row><entry VJ="1" colname="col1">3</entry><entry VJ="1" align="justify" nameend="col4" namest="col2">die Zeit der Fahrtunterbrechung, wenn das Fahrzeug aus nicht revierbedingten Gründen ankert oder festmacht, für jede angefangene Stunde</entry><entry VJ="1" colname="col5">56 Euro,</entry></row><row><entry VJ="1" colname="col1">4</entry><entry VJ="1" nameend="col4" namest="col2">die Tätigkeit bei den notwendigen Manövern in Fällen der Nummer 3 und Nummer 5</entry><entry VJ="1" colname="col5">66 Euro,</entry></row><row><entry VJ="1" colname="col1">5</entry><entry VJ="1" align="justify" nameend="col4" namest="col2">die Wartezeit an Bord des Fahrzeugs, wenn die Abfahrt oder Fortsetzung der Fahrt aus revierbedingten Gründen verzögert wird, nach Ablauf von zwei Stunden für jede weitere angefangene Stunde</entry><entry VJ="1" colname="col5">54 Euro,</entry></row><row><entry VJ="1" colname="col1">6</entry><entry VJ="1" align="justify" nameend="col4" namest="col2">die Wartezeit nach beendeter Tätigkeit bis zum Verlassen des Fahrzeugs, wenn der oder die Steurer auf Wunsch der Schiffsführung an Bord bleiben, für jede angefangene Stunde</entry><entry VJ="1" colname="col5">56 Euro,</entry></row><row><entry VJ="1" colname="col1">7</entry><entry VJ="1" align="justify" nameend="col4" namest="col2">den Weg zwischen der Einsatzstation und dem Liegeplatz des Fahrzeugs außerhalb der Schleusen des Nord-Ostsee-Kanals</entry><entry VJ="1" colname="col5"/></row><row><entry VJ="1" colname="col1">7.1</entry><entry VJ="1" align="justify" nameend="col4" namest="col2">im Bereich der Binnenhäfen von Brunsbüttel und Kiel-Holtenau sowie an der Anlegebrücke der Bunkerstation Projensdorf</entry><entry VJ="1" colname="col5">34 Euro,</entry></row><row><entry VJ="1" colname="col1">7.2</entry><entry VJ="1" nameend="col4" namest="col2">im übrigen Bereich des Nord-Ostsee-Kanals</entry><entry VJ="1" colname="col5">50 Euro,</entry></row><row><entry VJ="1" colname="col1">8</entry><entry VJ="1" align="justify" nameend="col4" namest="col2">den vergeblichen Weg, wenn der oder die Kanalsteurer aus anderen als revierbedingten Gründen nicht an Bord genommen oder vor Aufnahme ihrer Tätigkeit wieder entlassen werden</entry><entry VJ="1" colname="col5">75 Euro,</entry></row><row><entry VJ="1" colname="col1">9</entry><entry VJ="1" align="justify" nameend="col4" namest="col2">die Zeit der Abwesenheit von der Einsatzstation in Fällen der Nummer 8, wenn das Fahrzeug außerhalb der Schleusen des Nord-Ostsee-Kanals liegt, für jede angefangene Stunde</entry><entry VJ="1" colname="col5">56 Euro,</entry></row><row><entry VJ="1" colname="col1">10</entry><entry VJ="1" nameend="col4" namest="col2">das Fehlen einer angemessenen Bordunterkunft ein Ausgleich in Höhe von</entry><entry VJ="1" colname="col5">228 Euro.</entry></row><row><entry VJ="1" nameend="col5" namest="col1">Außerdem sind die Fahrtauslagen in Fällen der Nummern 7 und 8 zu erstatten.</entry></row></tbody></tgroup></table></P></Content></text><fussnoten/></textdaten></norm>
</dokumente>