<?xml version="1.0" encoding="UTF-8" ?><!DOCTYPE dokumente SYSTEM "http://www.gesetze-im-internet.de/dtd/1.01/gii-norm.dtd">
<dokumente builddate="20231128213542" doknr="BJNR128800010"><norm builddate="20231128213542" doknr="BJNR128800010"><metadaten><jurabk>VsorglastVteilStVtrG</jurabk><ausfertigung-datum manuell="ja">2010-09-05</ausfertigung-datum><fundstelle typ="amtlich"><periodikum>BGBl I</periodikum><zitstelle>2010, 1288 (1404)</zitstelle></fundstelle><langue>Gesetz zu dem Staatsvertrag vom 16. Dezember 2009 und 26. Januar 2010 über die Verteilung von Versorgungslasten bei bund- und länderübergreifenden Dienstherrenwechseln</langue></metadaten><textdaten><fussnoten><Content><P><BR/> <pre xml:space="preserve">(+++ Textnachweis ab 14.9.2010 +++)<BR/>(+++ Text des Staatsvertrags siehe: VsorglastVteilStVtr +++)<BR/><BR/></pre></P></Content></fussnoten></textdaten></norm>
<norm builddate="20231128213542" doknr="BJNR128800010BJNE000100000"><metadaten><jurabk>VsorglastVteilStVtrG</jurabk><enbez>Art 1</enbez><titel format="XML">Zustimmung zum Versorgungslastenteilungs-Staatsvertrag</titel></metadaten><textdaten><text format="XML"><Content><P>Dem am 16. Dezember 2009 und 26. Januar 2010 unterzeichneten Staatsvertrag über die Verteilung von Versorgungslasten bei bund- und länderübergreifenden Dienstherrenwechseln (Versorgungslastenteilungs-Staatsvertrag) wird zugestimmt. Der Staatsvertrag wird nachstehend veröffentlicht.</P></Content></text></textdaten></norm>
<norm builddate="20231128213542" doknr="BJNR128800010BJNE000200000"><metadaten><jurabk>VsorglastVteilStVtrG</jurabk><enbez>(XXXX) Art 2 bis Art 5</enbez><titel format="XML">(weggefallen)</titel></metadaten><textdaten><text format="XML"><Content><P>-</P></Content></text><fussnoten/></textdaten></norm>
<norm builddate="20231128213542" doknr="BJNR128800010BJNE000300000"><metadaten><jurabk>VsorglastVteilStVtrG</jurabk><enbez>Art 6</enbez><titel format="XML">Inkrafttreten</titel></metadaten><textdaten><text format="XML"><Content><P>(1) Artikel 1 tritt am Tag nach der Verkündung in Kraft.</P><P>(2) Im Übrigen tritt dieses Gesetz an dem Tag in Kraft, an dem der Versorgungslastenteilungs-Staatsvertrag nach seinem § 17 Absatz 1 für den Bund in Kraft tritt. Das Bundesministerium des Innern gibt den Tag des Inkrafttretens im Bundesgesetzblatt bekannt.</P></Content></text><fussnoten/></textdaten></norm>
</dokumente>