<?xml version="1.0" encoding="UTF-8" ?><!DOCTYPE dokumente SYSTEM "http://www.gesetze-im-internet.de/dtd/1.01/gii-norm.dtd">
<dokumente builddate="20220309213019" doknr="BJNR021800022"><norm builddate="20220309213019" doknr="BJNR021800022"><metadaten><jurabk>GlashütteV</jurabk><amtabk>GlashütteV</amtabk><ausfertigung-datum manuell="ja">2022-02-22</ausfertigung-datum><fundstelle typ="amtlich"><periodikum>BGBl I</periodikum><zitstelle>2022, 218</zitstelle></fundstelle><kurzue>Glashütteverordnung</kurzue><langue>Verordnung zum Schutz der geografischen Herkunftsangabe „Glashütte“<FnR ID="F820773_01_BJNR021800022"/></langue></metadaten><textdaten><text format="XML"><Footnotes><Footnote FnZ="1" Group="column" ID="F820773_01_BJNR021800022" Pos="exp"><noindex>Notifiziert gemäß der Richtlinie (EU) 2015/1535 des Europäischen Parlaments und des Rates vom 9. September 2015 über ein Informationsverfahren auf dem Gebiet der technischen Vorschriften und der Vorschriften für die Dienste der Informationsgesellschaft (ABl. L 241 vom 17.9.2015, S. 1).</noindex></Footnote></Footnotes></text><fussnoten><Content><P><BR/> <pre xml:space="preserve">(+++ Textnachweis ab: 9.3.2022 +++)<BR/>(+++ Amtlicher Hinweis des Normgebers auf EG-Recht:<BR/>     Notifizierung der<BR/>       EURL 2015/1535            (CELEX Nr: 32015L1535) +++)<BR/><BR/></pre></P></Content></fussnoten></textdaten></norm>
<norm builddate="20220309213019" doknr="BJNR021800022BJNE000100000"><metadaten><jurabk>GlashütteV</jurabk><enbez>Eingangsformel</enbez></metadaten><textdaten><text format="XML"><Content><P>Auf Grund des § 137 des Markengesetzes, der zuletzt durch Artikel 206 Nummer 3 der Verordnung vom 31. August 2015 (BGBl. I S. 1474) geändert worden ist, in Verbindung mit § 1 Absatz 2 des Zuständigkeitsanpassungsgesetzes vom 16. August 2002 (BGBl. I S. 3165) und dem Organisationserlass vom 8. Dezember 2021 (BGBl. I S. 5176), verordnet das Bundesministerium der Justiz im Einvernehmen mit dem Bundesministerium für Wirtschaft und Klimaschutz und dem Bundesministerium für Ernährung und Landwirtschaft:</P></Content></text></textdaten></norm>
<norm builddate="20220309213019" doknr="BJNR021800022BJNE000200000"><metadaten><jurabk>GlashütteV</jurabk><enbez>§ 1</enbez><titel format="XML">Verwendung der Herkunftsangabe „Glashütte“</titel></metadaten><textdaten><text format="XML"><Content><P>Die Herkunftsangabe „Glashütte“ darf im geschäftlichen Verkehr nur für solche Uhren verwendet werden, die im Herkunftsgebiet hergestellt worden sind.</P></Content></text></textdaten></norm>
<norm builddate="20220309213019" doknr="BJNR021800022BJNE000300000"><metadaten><jurabk>GlashütteV</jurabk><enbez>§ 2</enbez><titel format="XML">Herkunftsgebiet</titel></metadaten><textdaten><text format="XML"><Content><P>Das Herkunftsgebiet umfasst folgende Gebiete im Freistaat Sachsen: <DL Type="arabic"><DT>1.</DT><DD Font="normal"><LA>die Stadt Glashütte,</LA></DD><DT>2.</DT><DD Font="normal"><LA>die Ortsteile Bärenstein und Lauenstein der Stadt Altenberg für die Zulieferung und Veredlung sowie</LA></DD><DT>3.</DT><DD Font="normal"><LA>die Landeshauptstadt Dresden für folgende, konkrete Veredlungsschritte: <DL Type="alpha"><DT>a)</DT><DD Font="normal"><LA>Werkteile plattieren,</LA></DD><DT>b)</DT><DD Font="normal"><LA>Werkteile galvanisieren,</LA></DD><DT>c)</DT><DD Font="normal"><LA>Werkteile rhodinieren sowie</LA></DD><DT>d)</DT><DD Font="normal"><LA>Laserarbeiten.</LA></DD></DL></LA></DD></DL></P></Content></text></textdaten></norm>
<norm builddate="20220309213019" doknr="BJNR021800022BJNE000400000"><metadaten><jurabk>GlashütteV</jurabk><enbez>§ 3</enbez><titel format="XML">Uhren</titel></metadaten><textdaten><text format="XML"><Content><P>Uhren im Sinne dieser Verordnung sind Instrumente, deren Hauptfunktion die Zeitmessung ist, und sonstige Instrumente mit Zeitmessfunktion.</P></Content></text></textdaten></norm>
<norm builddate="20220309213019" doknr="BJNR021800022BJNE000500000"><metadaten><jurabk>GlashütteV</jurabk><enbez>§ 4</enbez><titel format="XML">Herstellungsstufen</titel></metadaten><textdaten><text format="XML"><Content><P>(1) Wesentliche Herstellungsstufen im Sinne von § 5 Nummer 2 sind: <DL Type="arabic"><DT>1.</DT><DD Font="normal"><LA>die Herstellung des Uhrwerks,</LA></DD><DT>2.</DT><DD Font="normal"><LA>die Einschalung des Uhrwerks und</LA></DD><DT>3.</DT><DD Font="normal"><LA>die Endkontrolle der Uhr.</LA></DD></DL></P><P>(2) Die Herstellung des Uhrwerks besteht im Wesentlichen aus folgenden Herstellungsstufen: <DL Type="arabic"><DT>1.</DT><DD Font="normal"><LA>der Fertigung oder Veredlung von Teilen des Uhrwerks,</LA></DD><DT>2.</DT><DD Font="normal"><LA>der Montage von Teilen des Uhrwerks,</LA></DD><DT>3.</DT><DD Font="normal"><LA>dem Ingangsetzen,</LA></DD><DT>4.</DT><DD Font="normal"><LA>der Reglage,</LA></DD><DT>5.</DT><DD Font="normal"><LA>der Montage des Ziffernblatts,</LA></DD><DT>6.</DT><DD Font="normal"><LA>dem Setzen der Zeiger,</LA></DD><DT>7.</DT><DD Font="normal"><LA>der Schlusskontrolle des Uhrwerks und</LA></DD><DT>8.</DT><DD Font="normal"><LA>der Chronometerzertifizierung, soweit diese im Herkunftsgebiet durchgeführt wird.</LA></DD></DL></P></Content></text></textdaten></norm>
<norm builddate="20220309213019" doknr="BJNR021800022BJNE000600000"><metadaten><jurabk>GlashütteV</jurabk><enbez>§ 5</enbez><titel format="XML">Herstellung im Herkunftsgebiet</titel></metadaten><textdaten><text format="XML"><Content><P>Eine Uhr ist im Herkunftsgebiet hergestellt, wenn <DL Type="arabic"><DT>1.</DT><DD Font="normal"><LA>folgende Herstellungsstufen vollständig im Gebiet der Stadt Glashütte im Freistaat Sachsen erfolgt sind: <DL Type="alpha"><DT>a)</DT><DD Font="normal"><LA>Montage und das Ingangsetzen des Uhrwerks,</LA></DD><DT>b)</DT><DD Font="normal"><LA>die Reglage,</LA></DD><DT>c)</DT><DD Font="normal"><LA>die Montage des Ziffernblatts,</LA></DD><DT>d)</DT><DD Font="normal"><LA>das Setzen der Zeiger,</LA></DD><DT>e)</DT><DD Font="normal"><LA>das Einschalen des Uhrwerks und</LA></DD></DL></LA></DD><DT>2.</DT><DD Font="normal"><LA>in den wesentlichen Herstellungsstufen zusammen mehr als 50 Prozent der Wertschöpfung im Herkunftsgebiet erzielt wurde.</LA></DD></DL></P></Content></text></textdaten></norm>
<norm builddate="20220309213019" doknr="BJNR021800022BJNE000700000"><metadaten><jurabk>GlashütteV</jurabk><enbez>§ 6</enbez><titel format="XML">Inkrafttreten</titel></metadaten><textdaten><text format="XML"><Content><P>Diese Verordnung tritt am Tag nach der Verkündung in Kraft.</P></Content></text></textdaten></norm>
<norm builddate="20220309213019" doknr="BJNR021800022BJNE000800000"><metadaten><jurabk>GlashütteV</jurabk><enbez>Schlussformel</enbez></metadaten><textdaten><text format="XML"><Content><P>Der Bundesrat hat zugestimmt.</P></Content></text></textdaten></norm>
</dokumente>