<?xml version="1.0" encoding="UTF-8" ?><!DOCTYPE dokumente SYSTEM "http://www.gesetze-im-internet.de/dtd/1.01/gii-norm.dtd">
<dokumente builddate="20240603215006" doknr="BJNR234610008"><norm builddate="20240603215006" doknr="BJNR234610008"><metadaten><jurabk>DRKG 2008</jurabk><amtabk>DRKG</amtabk><ausfertigung-datum manuell="ja">2008-12-05</ausfertigung-datum><fundstelle typ="amtlich"><periodikum>BGBl I</periodikum><zitstelle>2008, 2346</zitstelle></fundstelle><kurzue>DRK-Gesetz</kurzue><langue>Gesetz über das Deutsche Rote Kreuz und andere freiwillige Hilfsgesellschaften im Sinne der Genfer Rotkreuz-Abkommen</langue><standangabe checked="ja"><standtyp>Stand</standtyp><standkommentar>Zuletzt geändert durch Art. 8y G v. 12.12.2023 I Nr. 359</standkommentar></standangabe></metadaten><textdaten><fussnoten><Content><P><BR/> <pre xml:space="preserve">(+++ Textnachweis ab: 11.12.2008 +++)<BR/><BR/></pre>Das G wurde als Artikel 1 des G v. 5.12.2008 I 2346 vom Bundestag beschlossen.  Es ist gem. Art. 3 Satz 1 dieses G am 11.12.2008 in Kraft getreten.</P></Content></fussnoten></textdaten></norm>
<norm builddate="20240603215006" doknr="BJNR234610008BJNG000100000"><metadaten><jurabk>DRKG 2008</jurabk><jurabk>DRKG</jurabk><gliederungseinheit><gliederungskennzahl>010</gliederungskennzahl><gliederungsbez>Abschnitt 1</gliederungsbez><gliederungstitel>Deutsches Rotes Kreuz</gliederungstitel></gliederungseinheit></metadaten><textdaten/></norm>
<norm builddate="20240603215006" doknr="BJNR234610008BJNE000100000"><metadaten><jurabk>DRKG 2008</jurabk><jurabk>DRKG</jurabk><enbez>§ 1</enbez><titel format="XML">Rechtsstellung</titel></metadaten><textdaten><text format="XML"><Content><P>Das Deutsche Rote Kreuz e. V. ist die Nationale Gesellschaft des Roten Kreuzes auf dem Gebiet der Bundesrepublik Deutschland und freiwillige Hilfsgesellschaft der deutschen Behörden im humanitären Bereich. Es beachtet die Grundsätze der Internationalen Rotkreuz- und Rothalbmond-Bewegung.</P></Content></text></textdaten></norm>
<norm builddate="20240603215006" doknr="BJNR234610008BJNE000204360"><metadaten><jurabk>DRKG 2008</jurabk><jurabk>DRKG</jurabk><enbez>§ 2</enbez><titel format="XML">Aufgaben</titel></metadaten><textdaten><text format="XML"><Content><P>(1) Das Deutsche Rote Kreuz e. V. nimmt als freiwillige Hilfsgesellschaft die Aufgaben wahr, die sich aus den Genfer Rotkreuz-Abkommen von 1949 und ihren Zusatzprotokollen ergeben, insbesondere <DL Font="normal" Type="arabic"><DT>1.</DT><DD Font="normal"><LA Size="normal">die Unterstützung des Sanitätsdienstes der Bundeswehr im Sinne des Artikels 26 des I. Genfer Abkommens einschließlich des Einsatzes von Lazarettschiffen gemäß Artikel 24 des II. Genfer Abkommens,</LA></DD><DT>2.</DT><DD Font="normal"><LA Size="normal">die Verbreitung von Kenntnissen über das humanitäre Völkerrecht sowie die Grundsätze und Ideale der Internationalen Rotkreuz- und Rothalbmond-Bewegung und die Unterstützung der Bundesregierung hierbei,</LA></DD><DT>3.</DT><DD Font="normal"><LA Size="normal">die Wahrnehmung der Aufgaben eines amtlichen Auskunftsbüros nach Artikel 122 des III. Genfer Abkommens und nach Artikel 136 des IV. Genfer Abkommens,</LA></DD><DT>4.</DT><DD Font="normal"><LA Size="normal">die Vermittlung von Schriftwechseln unter den Voraussetzungen des Artikels 25 Abs. 2 des IV. Genfer Abkommens und die Wahrnehmung des Suchdienstes gemäß Artikel 26 des IV. Genfer Abkommens und Artikel 33 Abs. 3 sowie Artikel 74 des I. Zusatzprotokolls.</LA></DD></DL></P><P>(2) Für die Aufgaben nach Absatz 1 Nr. 3 erhält das Deutsche Rote Kreuz e. V. im Rahmen der im Bundeshaushaltsplan jeweils zur Verfügung stehenden Haushaltsmittel Zuwendungen gemäß § 44 der Bundeshaushaltsordnung und den dazu erlassenen Verwaltungsvorschriften und Nebenbestimmungen.</P><P>(3) Das Deutsche Rote Kreuz e. V. nimmt ferner die ihm durch Bundesgesetz oder Landesgesetz zugewiesenen Aufgaben wahr.</P><P>(4) Für die Gestellung von Mitgliedern einer Schwesternschaft vom Deutschen Roten Kreuz gilt das Arbeitnehmerüberlassungsgesetz mit der Maßgabe, dass § 1 Absatz 1 Satz 4 und Absatz 1b des Arbeitnehmerüberlassungsgesetzes nicht anwendbar ist. Die Gestellung gilt nicht als Arbeitnehmerüberlassung im Sinne des § 40 Absatz 1 Nummer 2 des Aufenthaltsgesetzes.</P><P>(5) § 8 Absatz 2 des Pflegeberufegesetzes gilt mit der Maßgabe, dass neben Einrichtungen nach § 7 Absatz 1 des Pflegeberufegesetzes auch vereinsrechtlich organisierte Schwesternschaften vom Deutschen Roten Kreuz e. V. Träger der praktischen Ausbildung sein können. In diesem Fall sind die vorgeschriebenen Einsätze der oder des Auszubildenden beim Träger der praktischen Ausbildung bei derjenigen Einrichtung nach § 7 Absatz 1 des Pflegeberufegesetzes durchzuführen, bei der der überwiegende Teil der praktischen Ausbildung der oder des Auszubildenden stattfindet (durchführende Einrichtung der praktischen Ausbildung). Abweichend von § 8 Absatz 5 des Pflegeberufegesetzes gelten die Auszubildenden der Schwesternschaften vom Deutschen Roten Kreuz e. V. für die gesamte Dauer der Ausbildung als Arbeitnehmer im Sinne von § 5 des Betriebsverfassungsgesetzes oder von § 4 des Bundespersonalvertretungsgesetzes der durchführenden Einrichtung der praktischen Ausbildung. Diesen Auszubildenden sind mindestens die Ausbildungsbedingungen zu gewähren, die in der durchführenden Einrichtung der praktischen Ausbildung für vergleichbare Auszubildende gelten. Der für Auszubildende der Schwesternschaften vom Deutschen Roten Kreuz e. V. geltende Tarifvertrag findet für den Auszubildenden nur Anwendung, wenn in der durchführenden Einrichtung der praktischen Ausbildung kein Tarifvertrag gilt. Abweichend von § 16 Absatz 2 Nummer 11 des Pflegeberufegesetzes ist den Auszubildenden ein Hinweis auf die geltenden Betriebs- und Dienstvereinbarungen durch die durchführende Einrichtung der praktischen Ausbildung zu erteilen; im Übrigen gilt § 16 Absatz 2 Nummer 11 des Pflegeberufegesetzes entsprechend.</P><P>(6) Absatz 5 gilt für eine hochschulische Pflegeausbildung nach Teil 3 des Pflegeberufegesetzes entsprechend. An die Stelle des Trägers der praktischen Ausbildung tritt der Träger des praktischen Teils der hochschulischen Pflegeausbildung. An die Stelle der oder des Auszubildenden tritt die oder der Studierende. § 38a Absatz 2 und § 38b Absatz 3 des Pflegeberufegesetzes gelten entsprechend.</P></Content></text><fussnoten/></textdaten></norm>
<norm builddate="20240603215006" doknr="BJNR234610008BJNE000300000"><metadaten><jurabk>DRKG 2008</jurabk><jurabk>DRKG</jurabk><enbez>§ 3</enbez><titel format="XML">Schutz des Zeichens und der Bezeichnungen</titel></metadaten><textdaten><text format="XML"><Content><P>Das Recht auf Verwendung des Zeichens „Rotes Kreuz auf weißem Grund“ und der Bezeichnungen „Rotes Kreuz“ und „Genfer Kreuz“ steht dem Deutschen Roten Kreuz e. V. zu. Es berechtigt nicht dazu, Dritten eine beschreibende Benutzung des Zeichens und der Bezeichnungen zu untersagen, wenn diese nicht geeignet ist, die Zuordnung nach Satz 1 in Frage zu stellen. Die Rechte anderer Organisationen der Internationalen Rotkreuz- und Rothalbmond-Bewegung bleiben unberührt.</P></Content></text></textdaten></norm>
<norm builddate="20240603215006" doknr="BJNR234610008BJNG000200000"><metadaten><jurabk>DRKG 2008</jurabk><jurabk>DRKG</jurabk><gliederungseinheit><gliederungskennzahl>020</gliederungskennzahl><gliederungsbez>Abschnitt 2</gliederungsbez><gliederungstitel>Andere freiwillige Hilfsgesellschaften</gliederungstitel></gliederungseinheit></metadaten><textdaten/></norm>
<norm builddate="20240603215006" doknr="BJNR234610008BJNE000400000"><metadaten><jurabk>DRKG 2008</jurabk><jurabk>DRKG</jurabk><enbez>§ 4</enbez><titel format="XML">Rechtsstellung</titel></metadaten><textdaten><text format="XML"><Content><P>Die Johanniter-Unfall-Hilfe e. V. und der Malteser Hilfsdienst e. V. sind freiwillige Hilfsgesellschaften im Sinne des Artikels 26 des I. Genfer Abkommens.</P></Content></text></textdaten></norm>
<norm builddate="20240603215006" doknr="BJNR234610008BJNE000500000"><metadaten><jurabk>DRKG 2008</jurabk><jurabk>DRKG</jurabk><enbez>§ 5</enbez><titel format="XML">Aufgaben</titel></metadaten><textdaten><text format="XML"><Content><P>Die Johanniter-Unfall-Hilfe e. V. und der Malteser Hilfsdienst e. V. sind zur Unterstützung des Sanitätsdienstes der Bundeswehr ermächtigt. Die Johanniter-Unfall-Hilfe e. V. und der Malteser Hilfsdienst e. V. nehmen ferner die ihnen durch Bundesgesetz oder Landesgesetz zugewiesenen Aufgaben wahr.</P></Content></text></textdaten></norm>
</dokumente>