<?xml version="1.0" encoding="UTF-8" ?><!DOCTYPE dokumente SYSTEM "http://www.gesetze-im-internet.de/dtd/1.01/gii-norm.dtd">
<dokumente builddate="20241018215005" doknr="BJNR520420995"><norm builddate="20241018215005" doknr="BJNR520420995"><metadaten><jurabk>LuftVODV 156</jurabk><ausfertigung-datum manuell="ja">1995-10-10</ausfertigung-datum><fundstelle typ="amtlich"><periodikum>BAnz</periodikum><zitstelle>1995, Nr 204, 11358</zitstelle></fundstelle><fundstelle typ="amtlich"><periodikum>BAnz</periodikum><zitstelle>1995, 11358</zitstelle></fundstelle><langue>Hundertsechsundfünfzigste Durchführungsverordnung zur Luftverkehrs-Ordnung (Festlegung von Flugverfahren für An- und Abflüge nach Sichtflugregeln zum und vom Flughafen Schwerin-Parchim)</langue></metadaten><textdaten><text format="decorated"/><fussnoten><Content><P>Wegen nicht darstellbarer Zeichen nur mit der Überschrift aufgenommen <BR/>Überschrift: IdF d. Art. 1 Nr. 1 V v. 5.12.1996 BAnz Nr. 232, S. 12789 mWv 12.12.1996</P></Content></fussnoten></textdaten></norm>
</dokumente>