<?xml version="1.0" encoding="UTF-8" ?><!DOCTYPE dokumente SYSTEM "http://www.gesetze-im-internet.de/dtd/1.01/gii-norm.dtd">
<dokumente builddate="20240209215001" doknr="BJNR115800019"><norm builddate="20240209215001" doknr="BJNR115800019"><metadaten><jurabk>WSG 2020</jurabk><amtabk>WSG</amtabk><ausfertigung-datum manuell="ja">2019-08-04</ausfertigung-datum><fundstelle typ="amtlich"><periodikum>BGBl I</periodikum><zitstelle>2019, 1147, 1158</zitstelle></fundstelle><langue>Wehrsoldgesetz</langue><standangabe checked="ja"><standtyp>Stand</standtyp><standkommentar>Zuletzt geändert durch Art. 20 G v. 22.12.2023 I Nr. 414</standkommentar></standangabe><standangabe checked="ja"><standtyp>Sonst</standtyp><standkommentar>Ersetzt G 53-1 v. 30.3.1957 I 308 (WSG)</standkommentar></standangabe></metadaten><textdaten><fussnoten><Content><P><BR/> <pre xml:space="preserve">(+++ Textnachweis ab: 1.1.2020 +++)<BR/><BR/></pre>Das G wurde als Artikel 16 des G v. 4.8.2019 I 1147 vom Bundestag beschlossen. Es ist gem. Art. 34 Abs. 5 dieses G am 1.1.2020 in Kraft getreten.</P></Content></fussnoten></textdaten></norm>
<norm builddate="20240209215001" doknr="BJNR115800019BJNE000102377"><metadaten><jurabk>WSG 2020</jurabk><jurabk>WSG</jurabk><enbez>Inhaltsübersicht</enbez></metadaten><textdaten><text format="XML"><TOC><Ident Class="S0">Abschnitt 1</Ident><Title Align="auto" Class="S0">Allgemeine Vorschriften</Title><P/><table colsep="0" frame="none" pgwide="1" rowsep="0" tocentry="%yes;"><tgroup align="left" char="" charoff="50" cols="2"><colspec colname="col1" colwidth="8*"/><colspec align="justify" colname="col2" colwidth="72*"/><tbody valign="top"><row><entry VJ="1" colname="col1">§  1</entry><entry VJ="1" colname="col2">Anwendungsbereich</entry></row><row><entry VJ="1" colname="col1">§  2</entry><entry VJ="1" colname="col2">Anspruch auf Wehrsold</entry></row><row><entry VJ="1" colname="col1">§  3</entry><entry VJ="1" colname="col2">Anwendung von Vorschriften des Bundesbesoldungsgesetzes</entry></row></tbody></tgroup></table><P/><Ident Class="S0">Abschnitt 2</Ident><Title Align="auto" Class="S0">Geldbezüge</Title><P/><table colsep="0" frame="none" pgwide="1" rowsep="0" tocentry="%yes;"><tgroup align="left" char="" charoff="50" cols="2"><colspec colname="col1" colwidth="8*"/><colspec align="justify" colname="col2" colwidth="72*"/><tbody valign="top"><row><entry VJ="1" colname="col1">§  4</entry><entry VJ="1" colname="col2">Wehrsoldgrundbetrag, Kinderzuschlag</entry></row><row><entry VJ="1" colname="col1">§  5</entry><entry VJ="1" colname="col2">Erstattung der Beiträge zur Kranken- und Pflegeversicherung für Angehörige</entry></row><row><entry VJ="1" colname="col1">§  6</entry><entry VJ="1" colname="col2">Auslandsvergütung</entry></row><row><entry VJ="1" colname="col1">§  7</entry><entry VJ="1" colname="col2">Anpassung des Wehrsolds</entry></row><row><entry VJ="1" colname="col1">§  8</entry><entry VJ="1" colname="col2">Entlassungsgeld</entry></row><row><entry VJ="1" colname="col1">§  9</entry><entry VJ="1" colname="col2">Vergütung für herausgehobene Funktionen</entry></row><row><entry VJ="1" colname="col1">§ 10</entry><entry VJ="1" colname="col2">Vergütung für besondere Erschwernisse</entry></row><row><entry VJ="1" colname="col1">§ 11</entry><entry VJ="1" colname="col2">Vergütung für besondere zeitliche Belastungen</entry></row><row><entry VJ="1" colname="col1">§ 12</entry><entry VJ="1" colname="col2">Auslandsverwendungszuschlag</entry></row><row><entry VJ="1" colname="col1">§ 13</entry><entry VJ="1" colname="col2">Kaufkraftausgleich</entry></row></tbody></tgroup></table><P/><Ident Class="S0">Abschnitt 3</Ident><Title Align="auto" Class="S0">Sachbezüge</Title><P/><table colsep="0" frame="none" pgwide="1" rowsep="0" tocentry="%yes;"><tgroup align="left" char="" charoff="50" cols="2"><colspec colname="col1" colwidth="8*"/><colspec align="justify" colname="col2" colwidth="72*"/><tbody valign="top"><row><entry VJ="1" colname="col1">§ 14</entry><entry VJ="1" colname="col2">Unterkunft</entry></row><row><entry VJ="1" colname="col1">§ 15</entry><entry VJ="1" colname="col2">Dienstkleidung und Ausrüstung</entry></row><row><entry VJ="1" colname="col1">§ 16</entry><entry VJ="1" colname="col2">Heilfürsorge</entry></row><row><entry VJ="1" colname="col1">§ 17</entry><entry VJ="1" colname="col2">Verpflegung, Verpflegungsgeld</entry></row></tbody></tgroup></table><P/><Ident Class="S0">Abschnitt 4</Ident><Title Align="auto" Class="S0">Übergangsregelungen</Title><P/><table colsep="0" frame="none" pgwide="1" rowsep="0" tocentry="%yes;"><tgroup align="left" char="" charoff="50" cols="2"><colspec colname="col1" colwidth="8*"/><colspec align="justify" colname="col2" colwidth="72*"/><tbody valign="top"><row><entry VJ="1" colname="col1">§ 18</entry><entry VJ="1" colname="col2">(weggefallen)</entry></row><row><entry VJ="1" colname="col1">§ 19</entry><entry VJ="1" colname="col2">Sonderzahlungen zur Abmilderung der Folgen gestiegener Verbraucherpreise im Jahr 2023</entry></row><row><entry VJ="1" colname="col1">Anlage</entry><entry VJ="1" colname="col2">Wehrsoldgrundbetrag, Kinderzuschlag, Auslandsvergütung</entry></row></tbody></tgroup></table></TOC></text><fussnoten/></textdaten></norm>
<norm builddate="20240209215001" doknr="BJNR115800019BJNG000100000"><metadaten><jurabk>WSG 2020</jurabk><jurabk>WSG</jurabk><gliederungseinheit><gliederungskennzahl>010</gliederungskennzahl><gliederungsbez>Abschnitt 1</gliederungsbez><gliederungstitel>Allgemeine Vorschriften</gliederungstitel></gliederungseinheit></metadaten><textdaten/></norm>
<norm builddate="20240209215001" doknr="BJNR115800019BJNE000200000"><metadaten><jurabk>WSG 2020</jurabk><jurabk>WSG</jurabk><enbez>§ 1</enbez><titel format="XML">Anwendungsbereich</titel></metadaten><textdaten><text format="XML"><Content><P>(1) Wehrsold erhalten Soldatinnen und Soldaten, die Wehrdienst nach § 58b des Soldatengesetzes leisten.</P><P>(2) Zum Wehrsold gehören folgende Geldbezüge: <DL Type="arabic"><DT>1.</DT><DD Font="normal"><LA>Wehrsoldgrundbetrag,</LA></DD><DT>2.</DT><DD Font="normal"><LA>Kinderzuschlag,</LA></DD><DT>3.</DT><DD Font="normal"><LA>Erstattung der Beiträge zur Kranken- und Pflegeversicherung für Angehörige,</LA></DD><DT>4.</DT><DD Font="normal"><LA>Auslandsvergütung,</LA></DD><DT>5.</DT><DD Font="normal"><LA>Entlassungsgeld,</LA></DD><DT>6.</DT><DD Font="normal"><LA>Vergütung für herausgehobene Funktionen,</LA></DD><DT>7.</DT><DD Font="normal"><LA>Vergütung für besondere Erschwernisse,</LA></DD><DT>8.</DT><DD Font="normal"><LA>Vergütung für besondere zeitliche Belastungen,</LA></DD><DT>9.</DT><DD Font="normal"><LA>Auslandsverwendungszuschlag.</LA></DD></DL></P><P>(3) Zum Wehrsold gehören ferner folgende Sachbezüge: <DL Type="arabic"><DT>1.</DT><DD Font="normal"><LA>Unterkunft,</LA></DD><DT>2.</DT><DD Font="normal"><LA>Dienstkleidung und Ausrüstung,</LA></DD><DT>3.</DT><DD Font="normal"><LA>Heilfürsorge,</LA></DD><DT>4.</DT><DD Font="normal"><LA>Verpflegung.</LA></DD></DL></P></Content></text></textdaten></norm>
<norm builddate="20240209215001" doknr="BJNR115800019BJNE000300000"><metadaten><jurabk>WSG 2020</jurabk><jurabk>WSG</jurabk><enbez>§ 2</enbez><titel format="XML">Anspruch auf Wehrsold</titel></metadaten><textdaten><text format="XML"><Content><P>(1) Soweit gesetzlich nichts anderes bestimmt ist, besteht der Anspruch auf Wehrsold für die Zeit vom Tag des Dienstantritts bis zum Ablauf des Tages, an dem das Wehrdienstverhältnis endet.</P><P>(2) Soldatinnen und Soldaten, die während einer besonderen Auslandsverwendung wegen Verschleppung, Gefangenschaft oder aus sonstigen mit dem Dienst zusammenhängenden Gründen, die sie nicht zu vertreten haben, dem Einflussbereich des Dienstherrn entzogen sind, wird für diesen Zeitraum der Wehrsold in der Höhe, in der er ihnen beim Eintritt des Ereignisses zustand, weitergewährt.</P></Content></text></textdaten></norm>
<norm builddate="20240209215001" doknr="BJNR115800019BJNE000401377"><metadaten><jurabk>WSG 2020</jurabk><jurabk>WSG</jurabk><enbez>§ 3</enbez><titel format="XML">Anwendung von Vorschriften des Bundesbesoldungsgesetzes</titel></metadaten><textdaten><text format="XML"><Content><P>(1) § 3 Absatz 3 bis 6, § 6 Absatz 1 Satz 1 sowie die §§ 9, 11, 12, 17a und 42b des Bundesbesoldungsgesetzes gelten entsprechend.</P><P>(2) Sofern dieses Gesetz auf Leistungen nach dem Bundesbesoldungsgesetz Bezug nimmt und diese Leistungen nach Besoldungsgruppen differenziert sind, gilt folgende Zuordnung: <DL Type="arabic"><DT>1.</DT><DD Font="normal"><LA>die Wehrsoldgruppen 1 und 2 entsprechen der Besoldungsgruppe A 3,</LA></DD><DT>2.</DT><DD Font="normal"><LA>die Wehrsoldgruppen 3 und 4 entsprechen der Besoldungsgruppe A 4.</LA></DD></DL></P></Content></text><fussnoten/></textdaten></norm>
<norm builddate="20240209215001" doknr="BJNR115800019BJNG000200000"><metadaten><jurabk>WSG 2020</jurabk><jurabk>WSG</jurabk><gliederungseinheit><gliederungskennzahl>020</gliederungskennzahl><gliederungsbez>Abschnitt 2</gliederungsbez><gliederungstitel>Geldbezüge</gliederungstitel></gliederungseinheit></metadaten><textdaten/></norm>
<norm builddate="20240209215001" doknr="BJNR115800019BJNE000500000"><metadaten><jurabk>WSG 2020</jurabk><jurabk>WSG</jurabk><enbez>§ 4</enbez><titel format="XML">Wehrsoldgrundbetrag, Kinderzuschlag</titel></metadaten><textdaten><text format="XML"><Content><P>(1) Soldatinnen und Soldaten erhalten einen monatlichen Wehrsoldgrundbetrag. Die Höhe des Wehrsoldgrundbetrags richtet sich nach Spalte 3 der Tabelle in der Anlage.</P><P>(2) Der Wehrsoldgrundbetrag erhöht sich für jedes Kind, für das der Soldatin oder dem Soldaten Kindergeld nach dem Einkommensteuergesetz oder nach dem Bundeskindergeldgesetz zusteht oder ohne Berücksichtigung der §§ 64 und 65 des Einkommensteuergesetzes oder der §§ 3 und 4 des Bundeskindergeldgesetzes zustehen würde, um einen monatlichen Zuschlag. Die Höhe des Zuschlags richtet sich nach Spalte 4 der Tabelle in der Anlage.</P></Content></text></textdaten></norm>
<norm builddate="20240209215001" doknr="BJNR115800019BJNE000600000"><metadaten><jurabk>WSG 2020</jurabk><jurabk>WSG</jurabk><enbez>§ 5</enbez><titel format="XML">Erstattung der Beiträge zur Kranken- und Pflegeversicherung für Angehörige</titel></metadaten><textdaten><text format="XML"><Content><P>Für Personen ohne eigenes Einkommen, die nach § 4 der Bundesbeihilfeverordnung in Verbindung mit § 31 Absatz 2 des Soldatengesetzes berücksichtigungsfähig wären, wenn die Soldatin Soldatin auf Zeit oder der Soldat Soldat auf Zeit wäre, werden der Soldatin oder dem Soldaten die Beiträge zu einer gesetzlichen oder privaten Kranken- und Pflegeversicherung bis zur Höhe des Basistarifs ohne Zusatzbeiträge erstattet.</P></Content></text></textdaten></norm>
<norm builddate="20240209215001" doknr="BJNR115800019BJNE000700000"><metadaten><jurabk>WSG 2020</jurabk><jurabk>WSG</jurabk><enbez>§ 6</enbez><titel format="XML">Auslandsvergütung</titel></metadaten><textdaten><text format="XML"><Content><P>(1) Soldatinnen und Soldaten erhalten eine Auslandsvergütung, wenn bei entsprechender Verwendung an demselben Standort Besoldungsempfängerinnen oder Besoldungsempfänger Auslandsdienstbezüge nach § 52 Absatz 1 Satz 1 des Bundesbesoldungsgesetzes erhalten.</P><P>(2) Die Höhe der Auslandsvergütung bemisst sich nach Spalte 5 der Tabelle in der Anlage.</P></Content></text></textdaten></norm>
<norm builddate="20240209215001" doknr="BJNR115800019BJNE000801377"><metadaten><jurabk>WSG 2020</jurabk><jurabk>WSG</jurabk><enbez>§ 7</enbez><titel format="XML">Anpassung des Wehrsoldes</titel></metadaten><textdaten><text format="XML"><Content><P>Im Fall einer Besoldungsanpassung nach § 14 Absatz 1 des Bundesbesoldungsgesetzes erhöhen oder verringern sich der Wehrsoldgrundbetrag, der Kinderzuschlag und die Auslandsvergütung im gleichen Umfang, um den das Grundgehalt, der Familienzuschlag und der Auslandszuschlag für eine dienstgradgleiche Soldatin auf Zeit oder einen dienstgradgleichen Soldaten auf Zeit erhöht oder verringert werden. Das Bundesministerium der Verteidigung macht die jeweils geltenden Monatsbeträge im Bundesgesetzblatt bekannt.</P></Content></text><fussnoten><Content><P>(+++ Hinweis: Zur Bekanntmachung der nach § 7 Satz 2 geltenden Beträge <BR/>ab 1.4.2021 u. 1.4.2022 vgl. Bek. v. 31.8.2021 I 4188 (WSG2020§7Satz2Bek 2021) u. <BR/>ab 1.3.2024 vgl. Bek. v. 19.1.2024 I Nr. 20 (WSG2020§7Satz2Bek 2024) +++)</P></Content></fussnoten></textdaten></norm>
<norm builddate="20240209215001" doknr="BJNR115800019BJNE000901377"><metadaten><jurabk>WSG 2020</jurabk><jurabk>WSG</jurabk><enbez>§ 8</enbez><titel format="XML">Entlassungsgeld</titel></metadaten><textdaten><text format="XML"><Content><P>(1) Soldatinnen und Soldaten, die mehr als sechs Monate Wehrdienst leisten, erhalten bei der Entlassung ein Entlassungsgeld. Als Entlassung gilt auch der Eintritt in ein Wehrdienstverhältnis besonderer Art nach § 6 des Einsatz-Weiterverwendungsgesetzes.</P><P>(2) Das Entlassungsgeld beträgt für jeden Monat des freiwilligen Wehrdienstes mit Anspruch auf Wehrsold 100 Euro.</P><P>(3) Bei der Berechnung des Entlassungsgelds bleibt die Zeit der Verlängerung des Wehrdienstes wegen stationärer truppenärztlicher Behandlung (§ 75 Absatz 6 in Verbindung mit § 58h Absatz 1 des Soldatengesetzes) unberücksichtigt.</P><P>(4) Soldatinnen und Soldaten erhalten kein Entlassungsgeld, wenn sie <DL Font="normal" Type="arabic"><DT>1.</DT><DD Font="normal"><LA Size="normal">entlassen werden nach <DL Font="normal" Type="alpha"><DT>a)</DT><DD Font="normal"><LA Size="normal">§ 46 Absatz 1 in Verbindung mit § 58h Absatz 1 des Soldatengesetzes,</LA></DD><DT>b)</DT><DD Font="normal"><LA Size="normal">§ 75 Absatz 1 Satz 2 Nummer 5 in Verbindung mit § 58h Absatz 1 des Soldatengesetzes,</LA></DD><DT>c)</DT><DD Font="normal"><LA Size="normal">§ 75 Absatz 1 Satz 2 Nummer 6 in Verbindung mit § 58h Absatz 1 des Soldatengesetzes,</LA></DD><DT>d)</DT><DD Font="normal"><LA Size="normal">§ 75 Absatz 1 Satz 2 Nummer 7 in Verbindung mit § 58h Absatz 1 des Soldatengesetzes,</LA></DD><DT>e)</DT><DD Font="normal"><LA Size="normal">§ 75 Absatz 1 Satz 2 Nummer 11 in Verbindung mit § 58h Absatz 1 des Soldatengesetzes, sofern sie ihre Dienstunfähigkeit vorsätzlich herbeigeführt haben, oder</LA></DD><DT>f)</DT><DD Font="normal"><LA Size="normal">§ 75 Absatz 2 Nummer 2 oder Nummer 3 jeweils in Verbindung mit § 58h Absatz 1 des Soldatengesetzes,</LA></DD></DL></LA></DD><DT>2.</DT><DD Font="normal"><LA Size="normal">nach § 76 in Verbindung mit § 58h Absatz 1 des Soldatengesetzes aus der Bundeswehr ausgeschlossen werden oder</LA></DD><DT>3.</DT><DD Font="normal"><LA Size="normal">innerhalb eines Jahres nach Beendigung des freiwilligen Wehrdienstes nach § 40 des Soldatengesetzes in ein Dienstverhältnis als Soldatin auf Zeit oder Soldat auf Zeit berufen werden.</LA></DD></DL></P></Content></text><fussnoten/></textdaten></norm>
<norm builddate="20240209215001" doknr="BJNR115800019BJNE001000000"><metadaten><jurabk>WSG 2020</jurabk><jurabk>WSG</jurabk><enbez>§ 9</enbez><titel format="XML">Vergütung für herausgehobene Funktionen</titel></metadaten><textdaten><text format="XML"><Content><P>(1) Soldatinnen und Soldaten, die mehr als sechs Monate Wehrdienst geleistet haben, erhalten für die Dauer der Wahrnehmung einer herausgehobenen Funktion eine widerrufliche Vergütung unter den gleichen Voraussetzungen, unter denen Besoldungsempfängerinnen und Besoldungsempfängern eine Stellenzulage im Sinne des § 42 Absatz 1 und 3 des Bundesbesoldungsgesetzes zusteht.</P><P>(2) Die Höhe der Vergütung entspricht 80 Prozent der Beträge der jeweiligen Stellenzulage nach Anlage IX des Bundesbesoldungsgesetzes.</P></Content></text></textdaten></norm>
<norm builddate="20240209215001" doknr="BJNR115800019BJNE001100000"><metadaten><jurabk>WSG 2020</jurabk><jurabk>WSG</jurabk><enbez>§ 10</enbez><titel format="XML">Vergütung für besondere Erschwernisse</titel></metadaten><textdaten><text format="XML"><Content><P>(1) Soldatinnen und Soldaten erhalten zur Abgeltung besonderer Erschwernisse eine widerrufliche Vergütung unter den gleichen Voraussetzungen, unter denen Besoldungsempfängerinnen und Besoldungsempfängern eine Erschwerniszulage nach § 47 des Bundesbesoldungsgesetzes zusteht.</P><P>(2) Für die Höhe der Vergütung gilt die auf Grund des § 47 des Bundesbesoldungsgesetzes erlassene Rechtsverordnung entsprechend.</P></Content></text></textdaten></norm>
<norm builddate="20240209215001" doknr="BJNR115800019BJNE001200000"><metadaten><jurabk>WSG 2020</jurabk><jurabk>WSG</jurabk><enbez>§ 11</enbez><titel format="XML">Vergütung für besondere zeitliche Belastungen</titel></metadaten><textdaten><text format="XML"><Content><P>(1) Soldatinnen und Soldaten erhalten eine Vergütung für jede Dienstleistung, für die Besoldungsempfängerinnen und Besoldungsempfängern unter gleichen Voraussetzungen und im gleichen Umfang nach den §§ 50 und 50a des Bundesbesoldungsgesetzes und den dazu erlassenen Rechtsverordnungen eine Vergütung gewährt wird.</P><P>(2) Die Höhe der Vergütung entspricht 80 Prozent der Leistungen, die dienstgradgleichen Soldatinnen auf Zeit und Soldaten auf Zeit gewährt werden.</P></Content></text></textdaten></norm>
<norm builddate="20240209215001" doknr="BJNR115800019BJNE001300000"><metadaten><jurabk>WSG 2020</jurabk><jurabk>WSG</jurabk><enbez>§ 12</enbez><titel format="XML">Auslandsverwendungszuschlag</titel></metadaten><textdaten><text format="XML"><Content><P>(1) Soldatinnen und Soldaten, die an einer besonderen Verwendung im Ausland im Sinne des § 56 Absatz 1 des Bundesbesoldungsgesetzes teilnehmen, erhalten einen Auslandsverwendungszuschlag unter den gleichen Voraussetzungen, in der gleichen Höhe und in dem gleichen Umfang wie Besoldungsempfängerinnen und Besoldungsempfänger. § 56 Absatz 3 Satz 1 und 2 des Bundesbesoldungsgesetzes und die dazu erlassene Rechtsverordnung gelten entsprechend.</P><P>(2) In den Fällen des § 2 Absatz 2 steht den Soldatinnen und Soldaten die höchste Stufe des Auslandsverwendungszuschlags zu.</P></Content></text></textdaten></norm>
<norm builddate="20240209215001" doknr="BJNR115800019BJNE001400000"><metadaten><jurabk>WSG 2020</jurabk><jurabk>WSG</jurabk><enbez>§ 13</enbez><titel format="XML">Kaufkraftausgleich</titel></metadaten><textdaten><text format="XML"><Content><P>Geldbezüge nach den §§ 4, 6, 9, 10 und 11 unterliegen dem Kaufkraftausgleich in entsprechender Anwendung des § 55 des Bundesbesoldungsgesetzes, wenn auch die Besoldung der an demselben Dienstort stationierten Soldatinnen und Soldaten dem Kaufkraftausgleich unterliegt.</P></Content></text></textdaten></norm>
<norm builddate="20240209215001" doknr="BJNR115800019BJNG000300000"><metadaten><jurabk>WSG 2020</jurabk><jurabk>WSG</jurabk><gliederungseinheit><gliederungskennzahl>030</gliederungskennzahl><gliederungsbez>Abschnitt 3</gliederungsbez><gliederungstitel>Sachbezüge</gliederungstitel></gliederungseinheit></metadaten><textdaten/></norm>
<norm builddate="20240209215001" doknr="BJNR115800019BJNE001500000"><metadaten><jurabk>WSG 2020</jurabk><jurabk>WSG</jurabk><enbez>§ 14</enbez><titel format="XML">Unterkunft</titel></metadaten><textdaten><text format="XML"><Content><P>(1) Soldatinnen und Soldaten, die auf Grund dienstlicher Anordnung verpflichtet sind, in einer Gemeinschaftsunterkunft zu wohnen, wird die Unterkunft unentgeltlich bereitgestellt.</P><P>(2) Soldatinnen und Soldaten werden die notwendigen Kosten für die Fahrten zur Unterkunft und zurück erstattet. Näheres bestimmt das Bundesministerium der Verteidigung durch Verwaltungsvorschrift.</P></Content></text></textdaten></norm>
<norm builddate="20240209215001" doknr="BJNR115800019BJNE001600000"><metadaten><jurabk>WSG 2020</jurabk><jurabk>WSG</jurabk><enbez>§ 15</enbez><titel format="XML">Dienstkleidung und Ausrüstung</titel></metadaten><textdaten><text format="XML"><Content><P>(1) Soldatinnen und Soldaten werden die Dienstkleidung und die Ausrüstung unentgeltlich bereitgestellt.</P><P>(2) Soldatinnen und Soldaten, die auf dienstliche Anordnung im Dienst Zivilkleidung tragen, erhalten für deren Abnutzung eine angemessene Entschädigung. Die Höhe der Entschädigung bestimmt das Bundesministerium der Verteidigung durch Verwaltungsvorschrift.</P></Content></text></textdaten></norm>
<norm builddate="20240209215001" doknr="BJNR115800019BJNE001700000"><metadaten><jurabk>WSG 2020</jurabk><jurabk>WSG</jurabk><enbez>§ 16</enbez><titel format="XML">Heilfürsorge</titel></metadaten><textdaten><text format="XML"><Content><P>(1) Soldatinnen und Soldaten haben Anspruch auf Heilfürsorge in Form der unentgeltlichen truppenärztlichen Versorgung. § 69a des Bundesbesoldungsgesetzes gilt entsprechend.</P><P>(2) Soldatinnen und Soldaten, deren Dienstzeit auf bis zu sechs Monate festgesetzt worden ist, wird zahnärztliche Versorgung nur bei akuter Behandlungsbedürftigkeit und nur insoweit gewährt, als sie zur Wiederherstellung der Dienstfähigkeit erforderlich ist, es sei denn, es handelt sich um die Behandlung der Folgen einer Wehrdienstbeschädigung.</P></Content></text></textdaten></norm>
<norm builddate="20240209215001" doknr="BJNR115800019BJNE001800000"><metadaten><jurabk>WSG 2020</jurabk><jurabk>WSG</jurabk><enbez>§ 17</enbez><titel format="XML">Verpflegung, Verpflegungsgeld</titel></metadaten><textdaten><text format="XML"><Content><P>(1) Soldatinnen und Soldaten, die für die Dauer eines auswärtigen Dienstgeschäftes außerhalb von Dienstreisen auf Grund dienstlicher Anordnung verpflichtet sind, an einer Gemeinschaftsverpflegung teilzunehmen, wird die Verpflegung unentgeltlich bereitgestellt.</P><P>(2) Anspruchsberechtigte nach Absatz 1 erhalten in entsprechender Anwendung der §§ 6 und 8 des Bundesreisekostengesetzes ein Verpflegungsgeld in Höhe der Beträge, die nach § 16 des Bundesreisekostengesetzes festgesetzt sind, wenn <DL Type="arabic"><DT>1.</DT><DD Font="normal"><LA>sie aus dienstlichen Gründen von der Teilnahme an der Gemeinschaftsverpflegung befreit sind oder</LA></DD><DT>2.</DT><DD Font="normal"><LA>ihnen keine Gemeinschaftsverpflegung bereitgestellt werden kann.</LA></DD></DL></P><P>(3) Als Verpflegungsgeld für eine Mahlzeit erhalten sie den entsprechenden Teiltagessatz. Bei Dienstgeschäften im Inland gelten die §§ 3 und 4 der Trennungsgeldverordnung und bei Dienstgeschäften im Ausland die §§ 7 und 12 Absatz 7 der Auslandstrennungsgeldverordnung entsprechend.</P></Content></text></textdaten></norm>
<norm builddate="20240209215001" doknr="BJNR115800019BJNG000400000"><metadaten><jurabk>WSG 2020</jurabk><jurabk>WSG</jurabk><gliederungseinheit><gliederungskennzahl>040</gliederungskennzahl><gliederungsbez>Abschnitt 4</gliederungsbez><gliederungstitel>Übergangsregelungen</gliederungstitel></gliederungseinheit></metadaten><textdaten/></norm>
<norm builddate="20240209215001" doknr="BJNR115800019BJNE001901377"><metadaten><jurabk>WSG 2020</jurabk><jurabk>WSG</jurabk><enbez>§ 18</enbez><titel format="XML">(weggefallen)</titel></metadaten><textdaten><text format="XML"><Content><P/></Content></text><fussnoten/></textdaten></norm>
<norm builddate="20240209215001" doknr="BJNR115800019BJNE002101377"><metadaten><jurabk>WSG 2020</jurabk><jurabk>WSG</jurabk><enbez>§ 19</enbez><titel format="XML">Sonderzahlungen zur Abmilderung der Folgen gestiegener Verbraucherpreise im Jahr 2023</titel></metadaten><textdaten><text format="XML"><Content><P>(1) Zur Abmilderung der Folgen der gestiegenen Verbraucherpreise werden die folgenden Sonderzahlungen unter den Voraussetzungen der Absätze 2 und 3 gewährt: <DL Font="normal" Type="arabic"><DT>1.</DT><DD Font="normal"><LA Size="normal">für den Monat Juni 2023 eine einmalige Sonderzahlung in Höhe von 1 240 Euro sowie</LA></DD><DT>2.</DT><DD Font="normal"><LA Size="normal">für die Monate Juli 2023 bis Februar 2024 eine monatliche Sonderzahlung in Höhe von jeweils 220 Euro.</LA></DD></DL></P><P>(2) Die Sonderzahlung für den Monat Juni 2023 wird nur gewährt, wenn <DL Font="normal" Type="arabic"><DT>1.</DT><DD Font="normal"><LA Size="normal">das Wehrdienstverhältnis am 1. Mai 2023 bestanden hat und</LA></DD><DT>2.</DT><DD Font="normal"><LA Size="normal">mindestens an einem Tag im Zeitraum vom 1. Januar 2023 bis 31. Mai 2023 ein Anspruch auf Wehrsold bestanden hat.</LA></DD></DL></P><P>(3) Die Sonderzahlungen für die Monate Juli 2023 bis Februar 2024 werden nur gewährt, wenn <DL Font="normal" Type="arabic"><DT>1.</DT><DD Font="normal"><LA Size="normal">das Wehrdienstverhältnis in dem jeweiligen Monat besteht und</LA></DD><DT>2.</DT><DD Font="normal"><LA Size="normal">mindestens an einem Tag in dem jeweiligen Monat ein Anspruch auf Wehrsold besteht.</LA></DD></DL></P><P>(4) § 6 Absatz 1 des Bundesbesoldungsgesetzes gilt entsprechend. Maßgebend sind jeweils <DL Font="normal" Type="arabic"><DT>1.</DT><DD Font="normal"><LA Size="normal">für die einmalige Sonderzahlung für den Monat Juni 2023 die Verhältnisse am 1. Mai 2023,</LA></DD><DT>2.</DT><DD Font="normal"><LA Size="normal">für die Sonderzahlungen für die Monate Juli 2023 bis Februar 2024 die jeweiligen Verhältnisse am ersten Tag des jeweiligen Monats.</LA></DD></DL></P><P>(5) Den Sonderzahlungen nach Absatz 1 stehen entsprechende Leistungen aus einem anderen Rechtsverhältnis im öffentlichen Dienst des Bundes gleich und werden jedem Berechtigten nur einmal gewährt.</P></Content></text><fussnoten/></textdaten></norm>
<norm builddate="20240209215001" doknr="BJNR115800019BJNE002000000"><metadaten><jurabk>WSG 2020</jurabk><jurabk>WSG</jurabk><enbez>Anlage</enbez><titel format="XML">(zu den §§ 4 und 6)<BR/>Wehrsoldgrundbetrag, Kinderzuschlag, Auslandsvergütung</titel></metadaten><textdaten><text format="XML"><Content><P><noindex><kommentar typ="Fundstelle">(Fundstelle: BGBl. I 2019, 1161)</kommentar></noindex></P><BR/><table colsep="1" frame="all" rowsep="1" tocentry="%yes;"><tgroup align="left" char="" charoff="50" cols="5"><colspec align="center" colname="col1" colwidth="12*"/><colspec align="left" colname="col2" colwidth="44*"/><colspec align="right" colname="col3" colwidth="22*"/><colspec align="right" colname="col4" colwidth="22*"/><colspec align="right" colname="col5" colwidth="22*"/><thead valign="bottom"><row><entry VJ="1" colname="col1"/><entry VJ="1" colname="col2"/><entry VJ="1" align="center" nameend="col5" namest="col3">Monatsbetrag in Euro</entry></row><row><entry VJ="1" align="center" colname="col1">1</entry><entry VJ="1" align="center" colname="col2">2</entry><entry VJ="1" align="center" colname="col3">3</entry><entry VJ="1" align="center" colname="col4">4</entry><entry VJ="1" align="center" colname="col5">5</entry></row><row><entry VJ="1" align="center" colname="col1" valign="middle">Wehr-<BR/> sold-<BR/> gruppe</entry><entry VJ="1" align="center" colname="col2" valign="middle">Dienstgrad</entry><entry VJ="1" align="center" colname="col3" valign="middle">Wehrsold-<BR/> grundbetrag<BR/> (§ 4 Absatz 1)</entry><entry VJ="1" align="center" colname="col4">Kinder-<BR/> zuschlag<BR/> je Kind<BR/> (§ 4 Absatz 2)</entry><entry VJ="1" align="center" colname="col5" valign="middle">Auslands-<BR/> vergütung<BR/> (§ 6 Absatz 2)</entry></row></thead><tbody valign="top"><row><entry VJ="1" colname="col1">1</entry><entry VJ="1" colname="col2">Grenadier, Jäger, Panzerschütze, Panzergrenadier, Panzerjäger, Kanonier, Panzerkanonier, Pionier, Panzerpionier, Funker, Panzerfunker, Schütze, Flieger, Sanitätssoldat, Matrose</entry><entry VJ="1" colname="col3">1 500</entry><entry VJ="1" colname="col4" morerows="3" rowsep="1">100</entry><entry VJ="1" colname="col5">305</entry></row><row><entry VJ="1" colname="col1">2</entry><entry VJ="1" colname="col2">Gefreiter</entry><entry VJ="1" colname="col3">1 550</entry><entry VJ="1" colname="col5">305</entry></row><row><entry VJ="1" colname="col1">3</entry><entry VJ="1" colname="col2">Obergefreiter</entry><entry VJ="1" colname="col3">1 650</entry><entry VJ="1" colname="col5">350</entry></row><row><entry VJ="1" colname="col1">4</entry><entry VJ="1" colname="col2">Hauptgefreiter</entry><entry VJ="1" colname="col3">1 900</entry><entry VJ="1" colname="col5">350</entry></row></tbody></tgroup></table></Content></text><fussnoten><Content><P>(+++ Hinweis: Zur Bekanntmachung der nach § 7 Satz 2 geltenden Beträge nach der Tabelle dieser Anlage <BR/>ab 1.4.2021 u. 1.4.2022 vgl. Bek. v. 31.8.2021 I 4188 (WSG2020§7Satz2Bek 2021) u. <BR/>ab 1.3.2024 vgl. Bek. v. 19.1.2024 I Nr. 20 (WSG2020§7Satz2Bek 2024) +++)</P></Content></fussnoten></textdaten></norm>
</dokumente>