<?xml version="1.0" encoding="UTF-8" ?><!DOCTYPE dokumente SYSTEM "http://www.gesetze-im-internet.de/dtd/1.01/gii-norm.dtd">
<dokumente builddate="20250103221546" doknr="BJNR373500013"><norm builddate="20250103221546" doknr="BJNR373500013"><metadaten><jurabk>KfWV</jurabk><amtabk>KfWV</amtabk><ausfertigung-datum manuell="ja">2013-09-20</ausfertigung-datum><fundstelle typ="amtlich"><periodikum>BGBl I</periodikum><zitstelle>2013, 3735</zitstelle></fundstelle><kurzue>KfW-Verordnung</kurzue><langue>Verordnung zur Anwendung von bankaufsichtsrechtlichen Vorschriften auf die Kreditanstalt für Wiederaufbau sowie zur Zuweisung der Aufsicht über die Einhaltung dieser Vorschriften an die Bundesanstalt für Finanzdienstleistungsaufsicht</langue><standangabe checked="ja"><standtyp>Stand</standtyp><standkommentar>Zuletzt geändert durch Art. 1 V v. 13.2.2023 I Nr. 39</standkommentar></standangabe><standangabe checked="ja"><standtyp>Hinweis</standtyp><standkommentar>Änderung durch Art. 21 G v. 27.12.2024 I Nr. 438 textlich nachgewiesen, dokumentarisch noch nicht abschließend bearbeitet</standkommentar></standangabe></metadaten><textdaten><fussnoten><Content><P><BR/> <pre xml:space="preserve">(+++ Textnachweis ab: 1.1.2016 +++)<BR/>(+++ Zur Anwendung vgl. §§ 3, 4, 5 u. 7 +++)<BR/><BR/></pre>Der § 4 Nummer 3, 5 und § 9 treten gem. § 10 Absatz 2 am 9.10.2013 in Kraft. § 2 Nummer 1 tritt gem. § 10 Absatz 3 am 1.1.2014 in Kraft. § 2 Nummer 3 tritt hinsichtlich der entsprechenden Anwendung des § 2d Absatz 1 des Kreditwesengesetzes am 1. Juli 2014 in Kraft und § 3 Nummer 9 tritt hinsichtlich der entsprechenden Anwendung der §§ 25c und 25d des Kreditwesengesetzes am 1. Juli 2014 in Kraft.</P></Content></fussnoten></textdaten></norm>
<norm builddate="20250103221546" doknr="BJNR373500013BJNE000100000"><metadaten><jurabk>KfWV</jurabk><enbez>Eingangsformel</enbez></metadaten><textdaten><text format="XML"><Content><P>Auf Grund des § 12a des Gesetzes über die Kreditanstalt für Wiederaufbau, der durch Artikel 1 des Gesetzes vom 4. Juli 2013 (BGBl. I S. 2178) eingefügt worden ist, verordnet das Bundesministerium der Finanzen im Benehmen mit dem Bundesministerium für Wirtschaft und Technologie nach Anhörung der Bundesanstalt für Finanzdienstleistungsaufsicht und der Deutschen Bundesbank:</P></Content></text></textdaten></norm>
<norm builddate="20250103221546" doknr="BJNR373500013BJNE000201128"><metadaten><jurabk>KfWV</jurabk><enbez>§ 1</enbez><titel format="XML">Anwendungsbereich</titel></metadaten><textdaten><text format="XML"><Content><P>(1) Diese Verordnung regelt, welche Vorschriften <DL Font="normal" Type="arabic"><DT>1.</DT><DD Font="normal"><LA Size="normal">des Kreditwesengesetzes in der jeweils geltenden Fassung,</LA></DD><DT>2.</DT><DD Font="normal"><LA Size="normal">des Finanzkonglomerate-Aufsichtsgesetzes in der jeweils geltenden Fassung,</LA></DD><DT>3.</DT><DD Font="normal"><LA Size="normal">der Verordnung (EU) Nr. 575/2013 des Europäischen Parlaments und des Rates vom 26. Juni 2013 über Aufsichtsanforderungen an Kreditinstitute und Wertpapierfirmen und zur Änderung der Verordnung (EU) Nr. 646/2012 (ABl. L 176 vom 27.6.2013, S. 1) in der jeweils geltenden Fassung sowie</LA></DD><DT>4.</DT><DD Font="normal"><LA Size="normal">der Verordnung (EU) 2022/2554 des Europäischen Parlaments und des Rates vom 14. Dezember 2022 über die digitale operationale Resilienz im Finanzsektor und zur Änderung der Verordnungen (EG) Nr. 1060/2009, (EU) Nr. 648/2012, (EU) Nr. 600/2014, (EU) Nr. 909/2014 und (EU) 2016/1011 (ABl. L 333 vom 27.12.2022, S. 1) in der jeweils geltenden Fassung</LA></DD></DL>entsprechend anzuwenden sind auf die Kreditanstalt für Wiederaufbau (Anstalt) und die KfW-Gruppe sowie die Aufsicht über die Anstalt und die KfW-Gruppe. Die Zusammensetzung der KfW-Gruppe ergibt sich aus einer entsprechenden Anwendung des § 10a des Kreditwesengesetzes. § 2 Absatz 1 Nummer 2, Absatz 2 und 6 Nummer 2 des Kreditwesengesetzes bleibt unberührt.</P><P>(2) Rechtsverordnungen und Rechtsakte zur Durchführung der in dieser Verordnung für anwendbar erklärten bankaufsichtsrechtlichen Vorschriften sind entsprechend in der jeweils geltenden Fassung anzuwenden.</P><P>(3) Die Verordnung regelt ferner die Zuweisung der Aufsicht über die Einhaltung der in dieser Verordnung für entsprechend anwendbar erklärten bankaufsichtsrechtlichen Vorschriften durch die Anstalt und die KfW-Gruppe an die Bundesanstalt für Finanzdienstleistungsaufsicht (Bundesanstalt).</P></Content></text></textdaten></norm>
<norm builddate="20250103221546" doknr="BJNR373500013BJNE000303128"><metadaten><jurabk>KfWV</jurabk><enbez>§ 2</enbez><titel format="XML">Allgemeine Vorschriften</titel></metadaten><textdaten><text format="XML"><Content><P>Folgende Vorschriften der Verordnung (EU) Nr. 575/2013, der Verordnung (EU) 2022/2554 und des Kreditwesengesetzes sind entsprechend anzuwenden: <DL Font="normal" Type="arabic"><DT>1.</DT><DD Font="normal"><LA Size="normal">Artikel 3 der Verordnung (EU) Nr. 575/2013,</LA></DD><DT>2.</DT><DD Font="normal"><LA Size="normal">die Begriffsbestimmungen und Regelungen der Artikel 4 und 5 der Verordnung (EU) Nr. 575/2013 sowie des § 1 des Kreditwesengesetzes, soweit sie in Vorschriften, die nach dieser Verordnung entsprechend anzuwenden sind, verwendet werden,</LA></DD><DT>3.</DT><DD Font="normal"><LA Size="normal">die Artikel 6 und 7 der Verordnung (EU) Nr. 575/2013 sowie § 2a des Kreditwesengesetzes,</LA></DD><DT>4.</DT><DD Font="normal"><LA Size="normal">§ 2d des Kreditwesengesetzes,</LA></DD><DT>5.</DT><DD Font="normal"><LA Size="normal">die §§ 6, 6a und 7 des Kreditwesengesetzes,</LA></DD><DT>6.</DT><DD Font="normal"><LA Size="normal">die §§ 6b bis 6d des Kreditwesengesetzes,</LA></DD><DT>7.</DT><DD Font="normal"><LA Size="normal">§ 8 Absatz 2 des Kreditwesengesetzes und</LA></DD><DT>8.</DT><DD Font="normal"><LA Size="normal">die Artikel 3 und 4 der Verordnung (EU) 2022/2554.</LA></DD></DL></P></Content></text><fussnoten/></textdaten></norm>
<norm builddate="20250103221546" doknr="BJNR373500013BJNE000402128"><metadaten><jurabk>KfWV</jurabk><enbez>§ 3</enbez><titel format="XML">Vorschriften für Institute, Institutsgruppen, Finanzholding-Gruppen, Finanzkonglomerate, gemischte Finanzholding-Gesellschaften und gemischte Unternehmen</titel></metadaten><textdaten><text format="XML"><Content><P>Folgende Vorschriften der Verordnung (EU) Nr. 575/2013, der Verordnung (EU) 2022/2554 und des Kreditwesengesetzes sind auf die Anstalt und die KfW-Gruppe entsprechend anzuwenden: <DL Font="normal" Type="arabic"><DT>1.</DT><DD Font="normal"><LA Size="normal">die Artikel 25 bis 91 der Verordnung (EU) Nr. 575/2013 sowie die §§ 10 und 12a des Kreditwesengesetzes,</LA></DD><DT>2.</DT><DD Font="normal"><LA Size="normal">die Artikel 92 bis 386 und die Artikel 465 bis 501b der Verordnung (EU) Nr. 575/2013,</LA></DD><DT>3.</DT><DD Font="normal"><LA Size="normal">die Artikel 11 bis 24 der Verordnung (EU) Nr. 575/2013 sowie § 10a des Kreditwesengesetzes,</LA></DD><DT>4.</DT><DD Font="normal"><LA Size="normal">die §§ 10b bis 10j des Kreditwesengesetzes,</LA></DD><DT>5.</DT><DD Font="normal"><LA Size="normal">§ 12 des Kreditwesengesetzes,</LA></DD><DT>6.</DT><DD Font="normal"><LA Size="normal">die Artikel 387 bis 410 der Verordnung (EU) Nr. 575/2013 sowie die §§ 13 bis 13c, 15 und 17 bis 22 des Kreditwesengesetzes,</LA></DD><DT>7.</DT><DD Font="normal"><LA Size="normal">§ 23 des Kreditwesengesetzes,</LA></DD><DT>8.</DT><DD Font="normal"><LA Size="normal">die §§ 24 bis 24b und 25 des Kreditwesengesetzes,</LA></DD><DT>9.</DT><DD Font="normal"><LA Size="normal">die §§ 25a und 25b des Kreditwesengesetzes, soweit sich nicht aus § 8 etwas Abweichendes ergibt,</LA></DD><DT>10.</DT><DD Font="normal"><LA Size="normal">die §§ 25c bis 25f des Kreditwesengesetzes, § 7 Absatz 5 des Gesetzes über die Kreditanstalt für Wiederaufbau bleibt unberührt,</LA></DD><DT>11.</DT><DD Font="normal"><LA Size="normal">die §§ 25g bis 25m des Kreditwesengesetzes,</LA></DD><DT>12.</DT><DD Font="normal"><LA Size="normal">§ 26 des Kreditwesengesetzes,</LA></DD><DT>13.</DT><DD Font="normal"><LA Size="normal">die §§ 28 bis 30 und 31 Absatz 3 des Kreditwesengesetzes,</LA></DD><DT>14.</DT><DD Font="normal"><LA Size="normal">die Artikel 429 bis 429g der Verordnung (EU) Nr. 575/2013,</LA></DD><DT>15.</DT><DD Font="normal"><LA Size="normal">die Artikel 430 und 430b der Verordnung (EU) Nr. 575/2013,</LA></DD><DT>16.</DT><DD Font="normal"><LA Size="normal">die Artikel 5 bis 15 der Verordnung (EU) 2022/2554,</LA></DD><DT>17.</DT><DD Font="normal"><LA Size="normal">die Artikel 17 bis 30 der Verordnung (EU) 2022/2554 und</LA></DD><DT>18.</DT><DD Font="normal"><LA Size="normal">Artikel 45 der Verordnung (EU) 2022/2554.</LA></DD></DL></P></Content></text><fussnoten/></textdaten></norm>
<norm builddate="20250103221546" doknr="BJNR373500013BJNE000502128"><metadaten><jurabk>KfWV</jurabk><enbez>§ 4</enbez><titel format="XML">Vorschriften über die Beaufsichtigung der Institute</titel></metadaten><textdaten><text format="XML"><Content><P>Folgende Vorschriften des Kreditwesengesetzes sind auf die Anstalt und die KfW-Gruppe entsprechend anzuwenden: <DL Font="normal" Type="arabic"><DT>1.</DT><DD Font="normal"><LA Size="normal">§ 33 Absatz 1 Nummer 2 und 4 bis 4b des Kreditwesengesetzes,</LA></DD><DT>2.</DT><DD Font="normal"><LA Size="normal">§ 36 des Kreditwesengesetzes,</LA></DD><DT>3.</DT><DD Font="normal"><LA Size="normal">die §§ 44 und 44a des Kreditwesengesetzes,</LA></DD><DT>4.</DT><DD Font="normal"><LA Size="normal">die §§ 45 bis 46a des Kreditwesengesetzes und</LA></DD><DT>5.</DT><DD Font="normal"><LA Size="normal">§ 49 des Kreditwesengesetzes.</LA></DD></DL></P></Content></text><fussnoten/></textdaten></norm>
<norm builddate="20250103221546" doknr="BJNR373500013BJNE000600000"><metadaten><jurabk>KfWV</jurabk><enbez>§ 5</enbez><titel format="XML">Finanzkonglomerate-Aufsichtsgesetz</titel></metadaten><textdaten><text format="XML"><Content><P>Das Finanzkonglomerate-Aufsichtsgesetz ist entsprechend anzuwenden.</P></Content></text></textdaten></norm>
<norm builddate="20250103221546" doknr="BJNR373500013BJNE000700000"><metadaten><jurabk>KfWV</jurabk><enbez>§ 6</enbez><titel format="XML">Sondervorschriften</titel></metadaten><textdaten><text format="XML"><Content><P>Die §§ 52, 52a und 53e bis 53n des Kreditwesengesetzes sind entsprechend anzuwenden.</P></Content></text></textdaten></norm>
<norm builddate="20250103221546" doknr="BJNR373500013BJNE000800000"><metadaten><jurabk>KfWV</jurabk><enbez>§ 7</enbez><titel format="XML">Sonstiges</titel></metadaten><textdaten><text format="XML"><Content><P>Die §§ 60a und 60b des Kreditwesengesetzes sind entsprechend anzuwenden.</P></Content></text></textdaten></norm>
<norm builddate="20250103221546" doknr="BJNR373500013BJNE000900000"><metadaten><jurabk>KfWV</jurabk><enbez>§ 8</enbez><titel format="XML">Zuweisungsgeschäfte</titel></metadaten><textdaten><text format="XML"><Content><P>Für Zuweisungsgeschäfte nach § 2 Absatz 4 des Gesetzes über die Kreditanstalt für Wiederaufbau ist die Entscheidung über die Kreditgewährung und den Erwerb sowie die Veräußerung von Finanzinstrumenten von der Anwendung der §§ 25a und 25b des Kreditwesengesetzes ausgenommen. Dies gilt auch für im Einzelfall von der Bundesregierung getroffene Folgeentscheidungen im Zusammenhang mit Zuweisungsgeschäften nach § 2 Absatz 4 des Gesetzes über die Kreditanstalt für Wiederaufbau.</P></Content></text></textdaten></norm>
<norm builddate="20250103221546" doknr="BJNR373500013BJNE001002128"><metadaten><jurabk>KfWV</jurabk><enbez>§ 9</enbez><titel format="XML">Zuweisung der Aufsicht über die Einhaltung der bankaufsichtsrechtlichen Vorschriften</titel></metadaten><textdaten><text format="XML"><Content><P>(1) Die Bundesanstalt übt die Aufsicht über die Einhaltung der in dieser Verordnung für entsprechend anwendbar erklärten bankaufsichtsrechtlichen Vorschriften durch die Anstalt und die KfW-Gruppe aus. Die Bundesanstalt arbeitet dabei entsprechend § 7 des Kreditwesengesetzes mit der Deutschen Bundesbank zusammen.</P><P>(2) Die Bundesanstalt unterrichtet das Bundesministerium der Finanzen und das Bundesministerium für Wirtschaft und Klimaschutz bei besonderem Anlass jeweils unverzüglich darüber, wenn sie in Ausübung der Aufsicht über die Anstalt nach dieser Verordnung <DL Font="normal" Type="arabic"><DT>1.</DT><DD Font="normal"><LA Size="normal">beabsichtigt, Anordnungen zu treffen oder Maßnahmen zu ergreifen, oder</LA></DD><DT>2.</DT><DD Font="normal"><LA Size="normal">Anordnungen getroffen oder Maßnahmen ergriffen hat.</LA></DD></DL>Die jeweils geltenden Grundsätze für die Ausübung der Rechts- und Fachaufsicht des Bundesministeriums der Finanzen über die Bundesanstalt bleiben hiervon unberührt.</P><P>(3) § 9 des Kreditwesengesetzes gilt für die dort genannten Personen, soweit sie zur Durchführung dieser Verordnung tätig werden, entsprechend; hiervon ausgenommen ist § 9 Absatz 1 Satz 4 Nummer 7, 9 bis 11 und 16 bis 18 des Kreditwesengesetzes.</P></Content></text><fussnoten/></textdaten></norm>
<norm builddate="20250103221546" doknr="BJNR373500013BJNE001100000"><metadaten><jurabk>KfWV</jurabk><enbez>§ 10</enbez><titel format="XML">Inkrafttreten</titel></metadaten><textdaten><text format="XML"><Content><P>(1) Diese Verordnung tritt vorbehaltlich der Absätze 2 bis 4 am 1. Januar 2016 in Kraft.</P><P>(2) § 4 Nummer 3 und 5 sowie § 9 treten am Tag nach der Verkündung in Kraft.</P><P>(3) § 2 Nummer 1 tritt am 1. Januar 2014 in Kraft.</P><P>(4) § 2 Nummer 3 tritt hinsichtlich der entsprechenden Anwendung des § 2d Absatz 1 des Kreditwesengesetzes am 1. Juli 2014 in Kraft und § 3 Nummer 9 tritt hinsichtlich der entsprechenden Anwendung der §§ 25c und 25d des Kreditwesengesetzes am 1. Juli 2014 in Kraft.</P></Content></text></textdaten></norm>
</dokumente>