<?xml version="1.0" encoding="UTF-8" ?><!DOCTYPE dokumente SYSTEM "http://www.gesetze-im-internet.de/dtd/1.01/gii-norm.dtd">
<dokumente builddate="20240223214027" doknr="BJNR337600004"><norm builddate="20240223214027" doknr="BJNR337600004"><metadaten><jurabk>WpAIV</jurabk><amtabk>WpAV</amtabk><ausfertigung-datum manuell="ja">2004-12-13</ausfertigung-datum><fundstelle typ="amtlich"><periodikum>BGBl I</periodikum><zitstelle>2004, 3376</zitstelle></fundstelle><kurzue>Wertpapierhandelsanzeigeverordnung</kurzue><langue>Verordnung zur Konkretisierung von Anzeige-, Mitteilungs- und Veröffentlichungspflichten nach dem Wertpapierhandelsgesetz</langue><standangabe checked="ja"><standtyp>Stand</standtyp><standkommentar>Zuletzt geändert durch Art. 7 G v. 11.12.2023 I Nr. 354</standkommentar></standangabe></metadaten><textdaten><fussnoten><Content><P><BR/> <pre xml:space="preserve">(+++ Textnachweis ab: 18.12.2004 +++)<BR/><BR/></pre>Überschrift: IdF d. Art. 1 Nr. 1 G v. 2.11.2017 I 3727 mWv 3.1.2018</P></Content></fussnoten></textdaten></norm>
<norm builddate="20240223214027" doknr="BJNR337600004BJNE000100000"><metadaten><jurabk>WpAIV</jurabk><jurabk>WpAV</jurabk><enbez>Eingangsformel</enbez></metadaten><textdaten><text format="XML"><Content><P>Auf Grund des § 10 Abs. 4 Satz 1, des § 15 Abs. 7 Satz 1, des § 15a Abs. 5 Satz 1 und des § 15b Abs. 2 Satz 1 des Wertpapierhandelsgesetzes in der Fassung der Bekanntmachung vom 9. September 1998 (BGBl. I S. 2708), die durch Artikel 1 des Gesetzes vom 28. Oktober 2004 (BGBl. I S. 2630) eingefügt worden sind, verordnet das Bundesministerium der Finanzen:</P></Content></text></textdaten></norm>
<norm builddate="20240223214027" doknr="BJNR337600004BJNG000100000"><metadaten><jurabk>WpAIV</jurabk><jurabk>WpAV</jurabk><gliederungseinheit><gliederungskennzahl>010</gliederungskennzahl><gliederungsbez>Abschnitt 1</gliederungsbez><gliederungstitel>Anwendungsbereich</gliederungstitel></gliederungseinheit></metadaten><textdaten><text format="XML"><Content><P/></Content></text></textdaten></norm>
<norm builddate="20240223214027" doknr="BJNR337600004BJNE000203360"><metadaten><jurabk>WpAIV</jurabk><jurabk>WpAV</jurabk><enbez>§ 1</enbez><titel format="XML">Anwendungsbereich</titel></metadaten><textdaten><text format="XML"><Content><P>Diese Verordnung ist anzuwenden auf: <DL Font="normal" Type="arabic"><DT>1.</DT><DD Font="normal"><LA Size="normal">die Wahl des Herkunftsstaates nach § 4 des Wertpapierhandelsgesetzes und die Veröffentlichung des Herkunftsstaates nach § 5 des Wertpapierhandelsgesetzes,</LA></DD><DT>2.</DT><DD Font="normal"><LA Size="normal">die Anzeige von Verdachtsfällen nach § 23 des Wertpapierhandelsgesetzes,</LA></DD><DT>3.</DT><DD Font="normal"><LA Size="normal">die Übermittlung der Vorabmitteilung über die Veröffentlichung von Insiderinformationen nach § 26 Absatz 1 des Wertpapierhandelsgesetzes,</LA></DD><DT>4.</DT><DD Font="normal"><LA Size="normal">den Mindestinhalt, die Art, die Sprache, den Umfang und die Form einer Veröffentlichung nach Artikel 17 Absatz 1, 2 und 6 bis 9 der Verordnung (EU) Nr. 596/2014 des Europäischen Parlaments und des Rates vom 16. April 2014 über Marktmissbrauch (Marktmissbrauchsverordnung) und zur Aufhebung der Richtlinie 2003/6/EG des Europäischen Parlaments und des Rates und der Richtlinien 2003/124/EG, 2003/125/EG und 2004/72/EG der Kommission (ABl. L 173 vom 12.6.2014, S. 1; L 287 vom 21.10.2016, S. 320; L 306 vom 15.11.2016, S. 43; L 348 vom 21.12.2016, S. 83), die zuletzt durch die Verordnung (EU) 2016/1033 (ABl. L 175 vom 30.6.2016, S. 1) geändert worden ist,</LA></DD><DT>5.</DT><DD Font="normal"><LA Size="normal">die Bedingungen, die ein Emittent oder Teilnehmer am Markt für Emissionszertifikate nach Artikel 17 Absatz 4 Unterabsatz 1 der Verordnung (EU) Nr. 596/2014 erfüllen muss, um die Offenlegung von Insiderinformationen aufzuschieben,</LA></DD><DT>6.</DT><DD Font="normal"><LA Size="normal">die Art und Weise der Übermittlung sowie den Mindestinhalt einer Mitteilung nach Artikel 17 Absatz 4 Unterabsatz 3 Satz 1 und Absatz 6 Unterabsatz 1 Satz 1 der Verordnung (EU) Nr. 596/2014,</LA></DD><DT>7.</DT><DD Font="normal"><LA Size="normal">die Sprache einer Meldung nach Artikel 19 Absatz 1 der Verordnung (EU) Nr. 596/2014,</LA></DD><DT>8.</DT><DD Font="normal"><LA Size="normal">den Inhalt, die Art, den Umfang und die Form einer zusätzlichen Veröffentlichung der Informationen nach Artikel 19 Absatz 3 der Verordnung (EU) Nr. 596/2014 durch die Bundesanstalt gemäß Artikel 19 Absatz 3 Unterabsatz 3 der Verordnung (EU) Nr. 596/2014,</LA></DD><DT>9.</DT><DD Font="normal"><LA Size="normal">die Mitteilung über die Veröffentlichung von Eigengeschäften von Führungskräften nach § 26 Absatz 2 des Wertpapierhandelsgesetzes,</LA></DD><DT>10.</DT><DD Font="normal"><LA Size="normal">die Veröffentlichung und Mitteilung bei Veränderungen des Stimmrechtsanteils nach Abschnitt 6 des Wertpapierhandelsgesetzes, wobei die Vorschriften der Stimmrechtsmitteilungsverordnung zu Art und Form der Mitteilung unberührt bleiben,</LA></DD><DT>11.</DT><DD Font="normal"><LA Size="normal">die Veröffentlichung und Mitteilung zusätzlicher Angaben nach § 50 des Wertpapierhandelsgesetzes und</LA></DD><DT>12.</DT><DD Font="normal"><LA Size="normal">die Veröffentlichung und Speicherung von Finanzberichten nach Abschnitt 16 Unterabschnitt 2 des Wertpapierhandelsgesetzes.</LA></DD></DL></P></Content></text><fussnoten/></textdaten></norm>
<norm builddate="20240223214027" doknr="BJNR337600004BJNG000200000"><metadaten><jurabk>WpAIV</jurabk><jurabk>WpAV</jurabk><gliederungseinheit><gliederungskennzahl>020</gliederungskennzahl><gliederungsbez>Abschnitt 2</gliederungsbez><gliederungstitel>Anzeige von Verdachtsfällen</gliederungstitel></gliederungseinheit></metadaten><textdaten><text format="XML"><Content><P/></Content></text></textdaten></norm>
<norm builddate="20240223214027" doknr="BJNR337600004BJNE000302123"><metadaten><jurabk>WpAIV</jurabk><jurabk>WpAV</jurabk><enbez>§ 2</enbez><titel format="XML">Inhalt der Anzeige</titel></metadaten><textdaten><text format="XML"><Content><P>(1) Eine Anzeige nach § 23 Absatz 1 Satz 1 des Wertpapierhandelsgesetzes an die Bundesanstalt für Finanzdienstleistungsaufsicht (Bundesanstalt) hat zu enthalten, soweit die Daten verfügbar sind: <DL Font="normal" Type="arabic"><DT>1.</DT><DD Font="normal"><LA Size="normal">zur anzeigepflichtigen Person und zur Person, die die Anzeige für die anzeigepflichtige Person vornimmt,<DL Font="normal" Type="arabic"><DT>a)</DT><DD Font="normal"><LA Size="normal">den Vor- und Familiennamen oder bei juristischen Personen den Namen und</LA></DD><DT>b)</DT><DD Font="normal"><LA Size="normal">die Geschäftsanschrift,</LA></DD></DL></LA></DD><DT>2.</DT><DD Font="normal"><LA Size="normal">eine Beschreibung des Geschäfts im Sinn des § 23 Absatz 1 des Wertpapierhandelsgesetzes mit Angaben zu<DL Font="normal" Type="arabic"><DT>a)</DT><DD Font="normal"><LA Size="normal">Art des Geschäfts, bei einem Kundengeschäft insbesondere, ob es sich aus Kundensicht um einen Kauf oder Verkauf handelt,</LA></DD><DT>b)</DT><DD Font="normal"><LA Size="normal">Ort, Datum und Uhrzeit der Auftragserteilung und der Geschäftsausführung,</LA></DD><DT>c)</DT><DD Font="normal"><LA Size="normal">den Auftragsmerkmalen, insbesondere zur Gültigkeit des Auftrags oder zu Orderlimitierungen,</LA></DD><DT>d)</DT><DD Font="normal"><LA Size="normal">dem Finanzinstrument einschließlich seiner internationalen Wertpapierkennnummer,</LA></DD><DT>e)</DT><DD Font="normal"><LA Size="normal">Preis, Währung, Stückzahl und Geschäftsvolumen sowie</LA></DD></DL></LA></DD><DT>3.</DT><DD Font="normal"><LA Size="normal">eine Angabe der Tatsachen, auf die sich die Annahme eines Verstoßes gegen ein Verbot oder Gebot nach den Artikeln 12, 13 oder 14 der Verordnung (EU) Nr. 236/2012 des Europäischen Parlaments und des Rates vom 14. März 2012 über Leerverkäufe und bestimmte Aspekte von Credit Default Swaps (ABl. L 86 vom 24.3.2012, S. 1), die durch die Verordnung (EU) Nr. 909/2014 (ABl. L 257 vom 28.8.2014, S. 1) geändert worden ist, stützt,</LA></DD><DT>4.</DT><DD Font="normal"><LA Size="normal">eine Darlegung, weshalb diese Tatsachen den Verdacht begründen, dass mit dem Geschäft gegen ein Verbot oder Gebot nach den Artikeln 12, 13 oder 14 der Verordnung (EU) Nr. 236/2012 verstoßen wird,</LA></DD><DT>5.</DT><DD Font="normal"><LA Size="normal">die zur Identifizierung der Person und zur Klärung ihrer Rolle bei dem Geschäft erforderlichen Angaben zum Auftraggeber und zu der aus dem Geschäft berechtigten oder verpflichteten Person sowie allen sonstigen am Geschäft beteiligten Personen, und zwar jeweils<DL Font="normal" Type="arabic"><DT>a)</DT><DD Font="normal"><LA Size="normal">ihren Vor- und Familiennamen oder bei juristischen Personen ihren Namen,</LA></DD><DT>b)</DT><DD Font="normal"><LA Size="normal">ihre Privat- und Geschäftsanschrift,</LA></DD><DT>c)</DT><DD Font="normal"><LA Size="normal">den Tag ihrer Geburt,</LA></DD><DT>d)</DT><DD Font="normal"><LA Size="normal">die Depotnummer des betroffenen Depots und die zugehörige Kundenidentifikationsnummer,</LA></DD><DT>e)</DT><DD Font="normal"><LA Size="normal">eine geschäftsbezogene Auftragsnummer,</LA></DD><DT>f)</DT><DD Font="normal"><LA Size="normal">die rechtliche und wirtschaftliche Beziehung zwischen Auftraggeber und der aus dem Geschäft berechtigten oder verpflichteten Person, sofern sie personenverschieden sind,</LA></DD><DT>g)</DT><DD Font="normal"><LA Size="normal">hinsichtlich der sonstigen am Geschäft beteiligten Personen die Art ihrer Beteiligung am Geschäft sowie</LA></DD></DL></LA></DD><DT>6.</DT><DD Font="normal"><LA Size="normal">alle sonstigen Angaben, die für die Prüfung des Vorgangs von Belang sein können.</LA></DD></DL></P><P>(2) Stehen zum Zeitpunkt, an dem die Anzeige zu erstatten ist, noch nicht alle in Absatz 1 genannten Daten zur Verfügung, so sind zumindest die Tatsachen anzugeben, die den Verdacht begründen, es handele sich bei dem Geschäft um einen Verstoß gegen ein Verbot oder Gebot nach den Artikeln 12, 13 oder 14 der Verordnung (EU) Nr. 236/2012. Sobald die fehlenden Daten bekannt werden, sind sie unverzüglich nachzureichen.</P></Content></text><fussnoten/></textdaten></norm>
<norm builddate="20240223214027" doknr="BJNR337600004BJNE000401377"><metadaten><jurabk>WpAIV</jurabk><jurabk>WpAV</jurabk><enbez>§ 3</enbez><titel format="parat">Art und Form der Anzeige</titel></metadaten><textdaten><text format="XML"><Content><P>(1) Die Anzeige ist schriftlich zu übersenden. Im Fall der Übersendung einer Anzeige mittels Telefax ist auf Verlangen der Bundesanstalt die eigenhändig unterschriebene Anzeige auf dem Postweg nachzureichen.</P><P>(2) Die Bundesanstalt kann die Möglichkeit eröffnen, die Anzeige nach Absatz 1 im Wege der Datenfernübertragung zu übersenden, sofern dem jeweiligen Stand der Technik entsprechende Maßnahmen zur Sicherstellung von Datenschutz und Datensicherheit getroffen werden, die insbesondere die Vertraulichkeit und Unversehrtheit der Daten gewährleisten, und sofern im Fall der Nutzung allgemein zugänglicher Netze dem jeweiligen Stand der Technik entsprechende Verschlüsselungsverfahren angewendet werden.</P></Content> </text><fussnoten/></textdaten></norm>
<norm builddate="20240223214027" doknr="BJNR337600004BJNG000302123"><metadaten><jurabk>WpAIV</jurabk><jurabk>WpAV</jurabk><gliederungseinheit><gliederungskennzahl>030</gliederungskennzahl><gliederungsbez>Abschnitt 3</gliederungsbez><gliederungstitel>Veröffentlichung von Informationen und Mitteilung über die Veröffentlichung</gliederungstitel></gliederungseinheit></metadaten><textdaten><text format="XML"><Content><P/></Content></text><fussnoten/></textdaten></norm>
<norm builddate="20240223214027" doknr="BJNR337600004BJNG000700377"><metadaten><jurabk>WpAIV</jurabk><jurabk>WpAV</jurabk><gliederungseinheit><gliederungskennzahl>030010</gliederungskennzahl><gliederungsbez>Unterabschnitt 1</gliederungsbez><gliederungstitel>Allgemeine Vorschriften</gliederungstitel></gliederungseinheit></metadaten><textdaten><text format="XML"><Content><P/></Content></text><fussnoten/></textdaten></norm>
<norm builddate="20240223214027" doknr="BJNR337600004BJNE001901123"><metadaten><jurabk>WpAIV</jurabk><jurabk>WpAV</jurabk><enbez>§ 3a</enbez><titel format="XML">Art der Veröffentlichung von Informationen</titel></metadaten><textdaten><text format="XML"><Content><P>(1) Die Informationen, auf die dieser Abschnitt Anwendung findet, sind zur Veröffentlichung Medien zuzuleiten, einschließlich solcher, bei denen davon ausgegangen werden kann, dass sie die Information in der gesamten Europäischen Union und in den übrigen Vertragsstaaten des Abkommens über den Europäischen Wirtschaftsraum verbreiten. Soweit nichts anderes bestimmt ist, richtet sich ihre Veröffentlichung im Übrigen nach den Absätzen 2 bis 4 und § 3b und ihre Mitteilung nach § 3c.</P><P>(2) Bei der Veröffentlichung der Informationen durch Medien nach Absatz 1 ist zu gewährleisten, dass <DL Font="normal" Type="arabic"><DT>1.</DT><DD Font="normal"><LA Size="normal">die Information von Medien empfangen wird, zu denen auch solche gehören müssen, die die Information so rasch und so zeitgleich wie möglich in allen Mitgliedstaaten der Europäischen Union und in den übrigen Vertragsstaaten des Abkommens über den Europäischen Wirtschaftsraum aktiv verbreiten können,</LA></DD><DT>2.</DT><DD Font="normal"><LA Size="normal">der Text der Information an die Medien in einer Weise gesandt wird, dass<DL Font="normal" Type="arabic"><DT>a)</DT><DD Font="normal"><LA Size="normal">der Absender der Information sicher identifiziert werden kann,</LA></DD><DT>b)</DT><DD Font="normal"><LA Size="normal">ein hinreichender Schutz gegen unbefugte Zugriffe oder Veränderung der Daten besteht und die Vertraulichkeit und Sicherheit der Übersendung auch im Übrigen durch die Art des genutzten Übertragungswegs oder durch eine Verschlüsselung der Daten nach dem Stand der Technik sichergestellt ist,</LA></DD><DT>c)</DT><DD Font="normal"><LA Size="normal">Übertragungsfehler oder -unterbrechungen unverzüglich behoben werden können, und</LA></DD></DL></LA></DD><DT>3.</DT><DD Font="normal"><LA Size="normal">bei der Übersendung der Information an die Medien<DL Font="normal" Type="arabic"><DT>a)</DT><DD Font="normal"><LA Size="normal">der Name des Veröffentlichungspflichtigen einschließlich seiner Anschrift,</LA></DD><DT>b)</DT><DD Font="normal"><LA Size="normal">ein als Betreff erkennbares Schlagwort, das den wesentlichen Inhalt der Veröffentlichung zusammenfasst,</LA></DD><DT>c)</DT><DD Font="normal"><LA Size="normal">der Tag und die Uhrzeit der Übersendung und</LA></DD><DT>d)</DT><DD Font="normal"><LA Size="normal">das Ziel, die Information als eine vorgeschriebene Information europaweit zu verbreiten,</LA></DD></DL></LA><LA Size="normal">erkennbar ist.</LA></DD></DL>Der Veröffentlichungspflichtige ist für technische Systemfehler im Verantwortungsbereich der Medien, an die die Information versandt wurde, nicht verantwortlich.</P><P>(3) Der Veröffentlichungspflichtige muss auf Anforderung sechs Jahre lang in der Lage sein, der Bundesanstalt <DL Font="normal" Type="arabic"><DT>1.</DT><DD Font="normal"><LA Size="normal">die Person, die die Information an die Medien gesandt hat,</LA></DD><DT>2.</DT><DD Font="normal"><LA Size="normal">die verwandten Sicherheitsmaßnahmen für die Übersendung an die Medien,</LA></DD><DT>3.</DT><DD Font="normal"><LA Size="normal">den Tag und die Uhrzeit der Übersendung an die Medien,</LA></DD><DT>4.</DT><DD Font="normal"><LA Size="normal">das Mittel der Übersendung an die Medien und</LA></DD><DT>5.</DT><DD Font="normal"><LA Size="normal">gegebenenfalls alle Daten zu einer Verzögerung der Veröffentlichung</LA></DD></DL>mitzuteilen.</P><P>(4) Beauftragt der Veröffentlichungspflichtige einen Dritten mit der Veranlassung der Veröffentlichung, bleibt er für die Erfüllung seiner Veröffentlichungspflicht verantwortlich; der Dritte muss die Anforderungen der Absätze 1 bis 3 erfüllen.</P><P>(5) Die Absätze 1 bis 4 gelten entsprechend <DL Font="normal" Type="arabic"><DT>1.</DT><DD Font="normal"><LA Size="normal">für eine Veröffentlichung nach Artikel 17 Absatz 1, 2 und 6 bis 9 der Verordnung (EU) Nr. 596/2014, soweit sie die Vorgaben der Durchführungsverordnung (EU) 2016/1055 der Kommission vom 29. Juni 2016 zur Festlegung technischer Durchführungsstandards hinsichtlich der technischen Mittel für die angemessene Bekanntgabe von Insiderinformationen und für den Aufschub der Bekanntgabe von Insiderinformationen gemäß Verordnung (EU) Nr. 596/2014 des Europäischen Parlaments und des Rates (ABl. L 173 vom 30.6.2016, S. 47) und der Delegierten Verordnung (EU) 2016/522 der Kommission vom 17. Dezember 2015 zur Ergänzung der Verordnung (EU) Nr. 596/2014 des Europäischen Parlaments und des Rates im Hinblick auf eine Ausnahme für bestimmte öffentliche Stellen und Zentralbanken von Drittstaaten, die Indikatoren für Marktmanipulation, die Schwellenwerte für die Offenlegung, die zuständige Behörde, der ein Aufschub zu melden ist, die Erlaubnis zum Handel während eines geschlossenen Zeitraums und die Arten meldepflichtiger Eigengeschäfte von Führungskräften (ABl. L 88 vom 5.4.2016, S. 1) ergänzen, und</LA></DD><DT>2.</DT><DD Font="normal"><LA Size="normal">für eine Veröffentlichung nach Artikel 19 Absatz 3 der Verordnung (EU) Nr. 596/2014, soweit sie die Vorgaben der Durchführungsverordnung (EU) 2016/1055 ergänzen.</LA></DD></DL></P></Content></text><fussnoten/></textdaten></norm>
<norm builddate="20240223214027" doknr="BJNR337600004BJNE002003123"><metadaten><jurabk>WpAIV</jurabk><jurabk>WpAV</jurabk><enbez>§ 3b</enbez><titel format="XML">Sprache der Veröffentlichung</titel></metadaten><textdaten><text format="XML"><Content><P>(1) Emittenten, deren Sitz im Ausland ist, oder Emittenten, für die die Bundesrepublik Deutschland der Herkunftsstaat nach § 2 Absatz 13 Nummer 2 Buchstabe a des Wertpapierhandelsgesetzes ist oder die bei der Bundesanstalt einen Prospekt in englischer Sprache für die Wertpapiere, auf die sich die Information bezieht, hinterlegt haben, können die Veröffentlichung ausschließlich in englischer Sprache vornehmen. Im Übrigen gelten die Absätze 2 bis 4.</P><P>(2) Sind Wertpapiere eines Emittenten, für den die Bundesrepublik Deutschland nach § 2 Absatz 13 des Wertpapierhandelsgesetzes der Herkunftsstaat ist, lediglich zum Handel an einem organisierten Markt im Inland zugelassen, so ist die Information in deutscher Sprache zu veröffentlichen. Sind die Wertpapiere zum Handel an einem organisierten Markt im Inland und in einem oder mehreren anderen Mitgliedstaaten der Europäischen Union oder in einem oder mehreren anderen Vertragsstaaten des Abkommens über den Europäischen Wirtschaftsraum zugelassen, so ist die Information in deutscher oder englischer Sprache und nach Wahl des Emittenten in einer Sprache, die von den zuständigen Behörden der betreffenden Mitgliedstaaten der Europäischen Union oder der betreffenden Vertragsstaaten des Abkommens über den Europäischen Wirtschaftsraum akzeptiert wird, oder in englischer Sprache zu veröffentlichen.</P><P>(3) Ein Inlandsemittent im Sinne des § 2 Absatz 14 Nummer 2 des Wertpapierhandelsgesetzes muss die Information in deutscher oder in englischer Sprache veröffentlichen. Ein Emittent, der seinen Sitz im Inland hat und dessen Wertpapiere nicht im Inland, sondern in mehr als einem anderen Mitgliedstaat der Europäischen Union oder Vertragsstaat des Abkommens über den Europäischen Wirtschaftsraum zum Handel an einem organisierten Markt zugelassen sind, hat die Information nach seiner Wahl in einer von den zuständigen Behörden der betreffenden Mitgliedstaaten der Europäischen Union oder der betreffenden Vertragsstaaten des Abkommens über den Europäischen Wirtschaftsraum akzeptierten Sprache oder in englischer Sprache zu veröffentlichen; er kann sie zusätzlich auch in deutscher Sprache veröffentlichen.</P><P>(4) Sind Wertpapiere eines Inlandsemittenten im Sinne des § 2 Absatz 14 des Wertpapierhandelsgesetzes mit einer Mindeststückelung von 100 000 Euro oder einem am Ausgabetag entsprechenden Gegenwert in einer anderen Währung zum Handel an einem organisierten Markt im Inland oder in einem oder mehreren Mitgliedstaaten der Europäischen Union oder in einem oder mehreren Vertragsstaaten des Abkommens über den Europäischen Wirtschaftsraum zugelassen, so hat er die Information abweichend von den Absätzen 2 und 3 in englischer Sprache oder in einer Sprache zu veröffentlichen, die von der Bundesanstalt und im Falle der Zulassung in anderen Mitgliedstaaten der Europäischen Union oder Vertragsstaaten des Abkommens über den Europäischen Wirtschaftsraum von den zuständigen Behörden dieser Staaten akzeptiert wird.</P><P>(5) Absatz 4 gilt entsprechend für Inlandsemittenten im Sinne des § 2 Absatz 14 des Wertpapierhandelsgesetzes von Wertpapieren mit einer Mindeststückelung von 50 000 Euro oder einem am Ausgabetag entsprechenden Gegenwert in einer anderen Währung, die bereits vor dem 31. Dezember 2010 zum Handel an einem organisierten Markt in einem oder mehreren Mitgliedstaaten der Europäischen Union oder in einem anderen Vertragsstaat des Abkommens über den Europäischen Wirtschaftsraum zugelassen wurden, solange derartige Wertpapiere ausstehen.</P><P>(6) Die Absätze 1 bis 5 gelten entsprechend für Veröffentlichungen nach Artikel 17 Absatz 1, 2 und 6 bis 9 und für Meldungen nach Artikel 19 Absatz 1 der Verordnung (EU) Nr. 596/2014 der MTF-Emittenten im Sinne des § 2 Absatz 15 des Wertpapierhandelsgesetzes, der OTF-Emittenten im Sinne des § 2 Absatz 16 des Wertpapierhandelsgesetzes und der Teilnehmer am Markt für Emissionszertifikate.</P></Content></text><fussnoten/></textdaten></norm>
<norm builddate="20240223214027" doknr="BJNR337600004BJNE002101123"><metadaten><jurabk>WpAIV</jurabk><jurabk>WpAV</jurabk><enbez>§ 3c</enbez><titel format="XML">Mitteilung der Veröffentlichung</titel></metadaten><textdaten><text format="XML"><Content><P>Soweit nichts anderes bestimmt ist, muss der Bundesanstalt die Veröffentlichung unter Angabe des Textes der Veröffentlichung, der Medien, an die die Information gesandt wurde, sowie des genauen Zeitpunkts der Versendung an die Medien mitgeteilt werden. Satz 1 gilt nicht für Veröffentlichungen nach Artikel 17 der Verordnung (EU) Nr. 596/2014.</P></Content></text><fussnoten/></textdaten></norm>
<norm builddate="20240223214027" doknr="BJNR337600004BJNG000801123"><metadaten><jurabk>WpAIV</jurabk><jurabk>WpAV</jurabk><gliederungseinheit><gliederungskennzahl>030020</gliederungskennzahl><gliederungsbez>Unterabschnitt 2</gliederungsbez><gliederungstitel>Veröffentlichung von Insiderinformationen und Mitteilung über die Veröffentlichung</gliederungstitel></gliederungseinheit></metadaten><textdaten><text format="XML"><Content><P/></Content></text><fussnoten/></textdaten></norm>
<norm builddate="20240223214027" doknr="BJNR337600004BJNE000502123"><metadaten><jurabk>WpAIV</jurabk><jurabk>WpAV</jurabk><enbez>§ 4</enbez><titel format="XML">Inhalt der Veröffentlichung</titel></metadaten><textdaten><text format="XML"><Content><P>(1) In der Veröffentlichung nach Artikel 17 Absatz 1 und 2 der Verordnung (EU) Nr. 596/2014 sind anzugeben: <DL Font="normal" Type="arabic"><DT>1.</DT><DD Font="normal"><LA Size="normal">in der Kopfzeile<DL Font="normal" Type="arabic"><DT>a)</DT><DD Font="normal"><LA Size="normal">eine deutlich hervorgehobene Überschrift &quot;Veröffentlichung von Insiderinformationen nach Artikel 17 der Verordnung (EU) Nr. 596/2014&quot;,</LA></DD><DT>b)</DT><DD Font="normal"><LA Size="normal">ein als Betreff erkennbares Schlagwort, das den wesentlichen Inhalt der Veröffentlichung zusammenfasst,</LA></DD></DL></LA></DD><DT>2.</DT><DD Font="normal"><LA Size="normal">zum Emittenten oder Teilnehmer am Markt für Emissionszertifikate<DL Font="normal" Type="arabic"><DT>a)</DT><DD Font="normal"><LA Size="normal">sein Name und</LA></DD><DT>b)</DT><DD Font="normal"><LA Size="normal">seine Anschrift,</LA></DD></DL></LA></DD><DT>3.</DT><DD Font="normal"><LA Size="normal">die internationalen Wertpapierkennnummern der vom Emittenten ausgegebenen Aktien, Options- und Wandelanleihen sowie Genussscheine mit Ausstattungsmerkmalen, die den Aktien vergleichbar sind, soweit sie zum Handel an einem inländischen organisierten Markt zugelassen sind oder für sie eine solche Zulassung beantragt wurde, sowie die Börse und das Handelssegment, für die die Zulassung besteht oder beantragt wurde; hat der Emittent weitere Finanzinstrumente ausgegeben, für die eine Zulassung besteht oder beantragt wurde, genügt die Angabe einer Internetadresse, unter der er die entsprechenden Angaben für diese Finanzinstrumente in einer stets aktuellen und vollständigen Datei bereitzustellen hat, wobei die Hauptseite einen deutlich erkennbaren Hinweis auf eine Seite mit Informationen für Anleger zu enthalten hat, unter der die Datei leicht aufzufinden sein muss,</LA></DD><DT>4.</DT><DD Font="normal"><LA Size="normal">die zu veröffentlichende Information,</LA></DD><DT>5.</DT><DD Font="normal"><LA Size="normal">Datum des Eintritts der der Information zugrunde liegenden Umstände,</LA></DD><DT>6.</DT><DD Font="normal"><LA Size="normal">eine kurze Erklärung, inwieweit die Information den Emittenten oder Teilnehmer am Markt für Emissionszertifikate unmittelbar betrifft, soweit sich dies nicht schon aus den Angaben zu Nummer 4 ergibt, sowie</LA></DD><DT>7.</DT><DD Font="normal"><LA Size="normal">eine Erklärung, aus welchen Gründen die Information geeignet ist, im Fall ihres öffentlichen Bekanntwerdens den Kurs der Finanzinstrumente oder den Kurs damit verbundener derivativer Finanzinstrumente erheblich zu beeinflussen, soweit sich dies nicht schon aus den Angaben zu Nummer 4 ergibt.</LA></DD></DL>Die Veröffentlichung soll kurz gefasst sein. Ist nach Artikel 17 Absatz 8 der Verordnung (EU) Nr. 596/2014 eine Person, die im Auftrag oder auf Rechnung des Emittenten oder Teilnehmers am Markt für Emissionszertifikate handelt, veröffentlichungspflichtig, so hat sie den Emittenten oder Teilnehmer am Markt für Emissionszertifikate hierüber unverzüglich zu informieren und in der Veröffentlichung durch Nennung ihres Namens und ihrer Anschrift ihre Urheberschaft kenntlich zu machen.</P><P>(2) Hat wegen einer erheblichen Veränderung der bereits veröffentlichten Information erneut eine Veröffentlichung einer Insiderinformation nach Artikel 17 Absatz 1 Unterabsatz 2 oder Absatz 2 in Verbindung mit Absatz 1 Unterabsatz 2 der Verordnung (EU) Nr. 596/2014 zu erfolgen, so muss sie enthalten: <DL Font="normal" Type="arabic"><DT>1.</DT><DD Font="normal"><LA Size="normal">in der Kopfzeile<DL Font="normal" Type="arabic"><DT>a)</DT><DD Font="normal"><LA Size="normal">eine deutlich hervorgehobene Überschrift &quot;Aktualisierung einer Veröffentlichung von Insiderinformationen nach Artikel 17 der Verordnung (EU) Nr. 596/2014&quot;,</LA></DD><DT>b)</DT><DD Font="normal"><LA Size="normal">ein Schlagwort im Sinn des Absatzes 1 Satz 1 Nr. 1 Buchstabe b,</LA></DD></DL></LA></DD><DT>2.</DT><DD Font="normal"><LA Size="normal">nach den Angaben im Sinn des Absatzes 1 Satz 1 Nr. 2 und 3 die Medien, an die die Information gesandt wurde, sowie den Zeitpunkt dieser Versendung,</LA></DD><DT>3.</DT><DD Font="normal"><LA Size="normal">die zu veröffentlichende Information über die veränderten Umstände und</LA></DD><DT>4.</DT><DD Font="normal"><LA Size="normal">die Angaben im Sinn des Absatzes 1 Satz 1 Nr. 5 bis 7.</LA></DD></DL></P><P>(3) Die Berichtigung einer Veröffentlichung von Insiderinformationen nach Artikel 17 Absatz 1 Unterabsatz 2 oder Absatz 2 in Verbindung mit Absatz 1 Unterabsatz 2 der Verordnung (EU) Nr. 596/2014 hat zu enthalten: <DL Font="normal" Type="arabic"><DT>1.</DT><DD Font="normal"><LA Size="normal">in der Kopfzeile<DL Font="normal" Type="arabic"><DT>a)</DT><DD Font="normal"><LA Size="normal">eine deutlich hervorgehobene Überschrift &quot;Berichtigung einer Veröffentlichung von Insiderinformationen nach Artikel 17 der Verordnung (EU) Nr. 596/2014&quot;,</LA></DD><DT>b)</DT><DD Font="normal"><LA Size="normal">ein Schlagwort im Sinn des Absatzes 1 Satz 1 Nr. 1 Buchstabe b,</LA></DD></DL></LA></DD><DT>2.</DT><DD Font="normal"><LA Size="normal">nach den Angaben im Sinn des Absatzes 1 Satz 1 Nr. 2 und 3 den Inhalt der Veröffentlichung der unwahren Information, die Medien, an die die Information gesandt wurde, sowie den Zeitpunkt dieser Versendung,</LA></DD><DT>3.</DT><DD Font="normal"><LA Size="normal">die wahre Information und</LA></DD><DT>4.</DT><DD Font="normal"><LA Size="normal">die Angaben im Sinn des Absatzes 1 Satz 1 Nr. 5 bis 7, bezogen auf die wahre Information.</LA></DD></DL></P></Content></text><fussnoten/></textdaten></norm>
<norm builddate="20240223214027" doknr="BJNR337600004BJNE000602123"><metadaten><jurabk>WpAIV</jurabk><jurabk>WpAV</jurabk><enbez>§ 5</enbez><titel format="XML">(weggefallen)</titel></metadaten><textdaten><text format="XML"><Content><P/></Content></text><fussnoten/></textdaten></norm>
<norm builddate="20240223214027" doknr="BJNR337600004BJNE002201123"><metadaten><jurabk>WpAIV</jurabk><jurabk>WpAV</jurabk><enbez>§ 5a</enbez><titel format="XML">(weggefallen)</titel></metadaten><textdaten><text format="XML"><Content><P/></Content></text><fussnoten/></textdaten></norm>
<norm builddate="20240223214027" doknr="BJNR337600004BJNE000701123"><metadaten><jurabk>WpAIV</jurabk><jurabk>WpAV</jurabk><enbez>§ 6</enbez><titel format="XML">Berechtigte Interessen für eine verzögerte Veröffentlichung</titel></metadaten><textdaten><text format="XML"><Content><P>Berechtigte Interessen, die nach Artikel 17 Absatz 4 der Verordnung (EU) Nr. 596/2014 von der Pflicht zur sofortigen Veröffentlichung nach Artikel 17 Absatz 1 und 2 der Verordnung (EU) Nr. 596/2014 befreien können, liegen vor, wenn die Interessen des Emittenten an der Geheimhaltung der Information die Interessen des Kapitalmarktes an einer vollständigen und zeitnahen Veröffentlichung überwiegen. Dies kann insbesondere dann der Fall sein, wenn <DL Font="normal" Type="arabic"><DT>1.</DT><DD Font="normal"><LA Size="normal">das Ergebnis oder der Gang laufender Verhandlungen über Geschäftsinhalte, die geeignet wären, im Fall ihres öffentlichen Bekanntwerdens den Börsen- oder Marktpreis erheblich zu beeinflussen, von der Veröffentlichung wahrscheinlich beeinträchtigt würden und eine Veröffentlichung die Interessen der Anleger erheblich gefährden würde, oder</LA></DD><DT>2.</DT><DD Font="normal"><LA Size="normal">durch das Geschäftsführungsorgan des Emittenten abgeschlossene Verträge oder andere getroffene Entscheidungen zusammen mit der Ankündigung bekannt gegeben werden müssten, dass die für die Wirksamkeit der Maßnahme erforderliche Zustimmung eines anderen Organs des Emittenten noch aussteht, und dies die sachgerechte Bewertung der Information durch das Publikum gefährden würde, wenn der Emittent dafür gesorgt hat, dass die endgültige Entscheidung so schnell wie möglich getroffen wird.</LA></DD></DL></P></Content></text><fussnoten/></textdaten></norm>
<norm builddate="20240223214027" doknr="BJNR337600004BJNE000801123"><metadaten><jurabk>WpAIV</jurabk><jurabk>WpAV</jurabk><enbez>§ 7</enbez><titel format="XML">Mitteilung nach Artikel 17 Absatz 4 Unterabsatz 3 der Verordnung (EU) Nr. 596/2014</titel></metadaten><textdaten><text format="XML"><Content><P>Die Mitteilung nach Artikel 17 Absatz 4 Unterabsatz 3 der Verordnung (EU) Nr. 596/2014 hat in Ergänzung zu den Vorschriften der Durchführungsverordnung (EU) 2016/1055 folgende Angaben zu enthalten: <DL Font="normal" Type="arabic"><DT>1.</DT><DD Font="normal"><LA Size="normal">alle Zeitpunkte, an denen der Fortbestand der Gründe überprüft wurde, sowie</LA></DD><DT>2.</DT><DD Font="normal"><LA Size="normal">den Vor- und Familiennamen sowie die Geschäftsanschriften und Rufnummern aller Personen, die an der Entscheidung über die Befreiung beteiligt waren.</LA></DD></DL></P></Content></text><fussnoten/></textdaten></norm>
<norm builddate="20240223214027" doknr="BJNR337600004BJNE000903360"><metadaten><jurabk>WpAIV</jurabk><jurabk>WpAV</jurabk><enbez>§ 8</enbez><titel format="XML">Inhalt der Mitteilung</titel></metadaten><textdaten><text format="XML"><Content><P>(1) In der Mitteilung nach § 26 Absatz 1 des Wertpapierhandelsgesetzes sind anzugeben: <DL Font="normal" Type="arabic"><DT>1.</DT><DD Font="normal"><LA Size="normal">der Wortlaut der vorgesehenen Veröffentlichung,</LA></DD><DT>2.</DT><DD Font="normal"><LA Size="normal">der vorgesehene Zeitpunkt der Veröffentlichung und</LA></DD><DT>3.</DT><DD Font="normal"><LA Size="normal">ein Ansprechpartner des Emittenten mit Rufnummer.</LA></DD></DL></P><P>(2) Im Fall der Berichtigung einer Veröffentlichung von Insiderinformationen nach Artikel 17 Absatz 1 Unterabsatz 2 der Verordnung (EU) Nr. 596/2014 sind nur in der Mitteilung an die Bundesanstalt nach § 26 Absatz 1 des Wertpapierhandelsgesetzes zusätzlich die Gründe für die Veröffentlichung der zu berichtigenden Information darzulegen. § 6 Absatz 15 Satz 1 des Wertpapierhandelsgesetzes gilt entsprechend.</P><P>(3) Im Fall der Offenlegung von Insiderinformationen nach Artikel 17 Absatz 8 der Verordnung (EU) Nr. 596/2014 hat der Emittent nur in der Mitteilung an die Bundesanstalt nach § 26 Absatz 1 des Wertpapierhandelsgesetzes anzugeben: <DL Font="normal" Type="arabic"><DT>1.</DT><DD Font="normal"><LA Size="normal">den Vor- und Familiennamen der Person, der die Insiderinformation offengelegt worden ist,</LA></DD><DT>2.</DT><DD Font="normal"><LA Size="normal">ihre Geschäftsanschrift oder, falls eine solche nicht besteht, ihre Privatanschrift,</LA></DD><DT>3.</DT><DD Font="normal"><LA Size="normal">den Zeitpunkt der Informationspreisgabe sowie</LA></DD><DT>4.</DT><DD Font="normal"><LA Size="normal">im Fall einer nicht absichtlichen Offenlegung nach Artikel 17 Absatz 8 der Verordnung (EU) Nr. 596/2014 die Umstände der nicht absichtlichen Offenlegung.</LA></DD></DL>§ 6 Absatz 15 Satz 1 des Wertpapierhandelsgesetzes gilt entsprechend.</P><P>(4) Die Angaben nach Absatz 3 können innerhalb von 14 Tagen nach der Veröffentlichung nachgereicht werden.</P><P>(5) (weggefallen)</P></Content></text><fussnoten/></textdaten></norm>
<norm builddate="20240223214027" doknr="BJNR337600004BJNE001003360"><metadaten><jurabk>WpAIV</jurabk><jurabk>WpAV</jurabk><enbez>§ 9</enbez><titel format="XML">Art und Form der Mitteilungen</titel></metadaten><textdaten><text format="XML"><Content><P>(1) Mitteilungen nach § 8 sind schriftlich mittels Telefax zu übersenden. Auf Verlangen der Bundesanstalt ist die eigenhändig unterschriebene Mitteilung auf dem Postweg nachzureichen. Gleiches können auch die Geschäftsführungen der Handelsplätze im Sinne des § 26 Absatz 1 des Wertpapierhandelsgesetzes verlangen, sofern sie nach diesen Vorschriften eine Mitteilung erhalten.</P><P>(2) Auf Verlangen der Bundesanstalt sind Mitteilungen nach § 8 elektronisch über das Melde- und Veröffentlichungssystem der Bundesanstalt einzureichen. Gleiches gilt für die Übersendung von Mitteilungen nach § 7.</P></Content></text><fussnoten/></textdaten></norm>
<norm builddate="20240223214027" doknr="BJNR337600004BJNG000402123"><metadaten><jurabk>WpAIV</jurabk><jurabk>WpAV</jurabk><gliederungseinheit><gliederungskennzahl>030030</gliederungskennzahl><gliederungsbez>Unterabschnitt 3</gliederungsbez><gliederungstitel>Veröffentlichung von Eigengeschäften und Mitteilung über die Veröffentlichung</gliederungstitel></gliederungseinheit></metadaten><textdaten><text format="XML"><Content><P/></Content></text><fussnoten/></textdaten></norm>
<norm builddate="20240223214027" doknr="BJNR337600004BJNE001402123"><metadaten><jurabk>WpAIV</jurabk><jurabk>WpAV</jurabk><enbez>§ 10</enbez><titel format="XML">Art der Veröffentlichung</titel></metadaten><textdaten><text format="XML"><Content><P>Bezüglich der Meldung und Veröffentlichung von Eigengeschäften wird auf das Formular im Anhang der Durchführungsverordnung (EU) 2016/523 der Kommission vom 10. März 2016 zur Festlegung technischer Durchführungsstandards im Hinblick auf das Format und die Vorlage für die Meldung und öffentliche Bekanntgabe der Eigengeschäfte von Führungskräften gemäß Verordnung (EU) Nr. 596/2014 des Europäischen Parlaments und des Rates (ABl. L 88 vom 5.4.2016, S. 19) verwiesen. Die Bundesanstalt kann zusätzlich zur Veröffentlichung nach Artikel 19 Absatz 3 der Verordnung (EU) Nr. 596/2014 die Information auf ihrer Internetseite veröffentlichen.</P></Content></text><fussnoten/></textdaten></norm>
<norm builddate="20240223214027" doknr="BJNR337600004BJNE002301123"><metadaten><jurabk>WpAIV</jurabk><jurabk>WpAV</jurabk><enbez>§ 11</enbez><titel format="XML">Mitteilung der Veröffentlichung</titel></metadaten><textdaten><text format="XML"><Content><P>Für die Mitteilung des Emittenten über die Veröffentlichung an die Bundesanstalt nach § 26 Absatz 2 des Wertpapierhandelsgesetzes gilt § 3c.</P></Content></text><fussnoten/></textdaten></norm>
<norm builddate="20240223214027" doknr="BJNR337600004BJNG000502123"><metadaten><jurabk>WpAIV</jurabk><jurabk>WpAV</jurabk><gliederungseinheit><gliederungskennzahl>030040</gliederungskennzahl><gliederungsbez>Unterabschnitt 4</gliederungsbez><gliederungstitel>(weggefallen)</gliederungstitel></gliederungseinheit></metadaten><textdaten><text format="XML"><Content><P/></Content></text><fussnoten/></textdaten></norm>
<norm builddate="20240223214027" doknr="BJNR337600004BJNG000901123"><metadaten><jurabk>WpAIV</jurabk><jurabk>WpAV</jurabk><gliederungseinheit><gliederungskennzahl>030050</gliederungskennzahl><gliederungsbez>Unterabschnitt 5</gliederungsbez><gliederungstitel>Veröffentlichung und Mitteilung bei Veränderungen des Stimmrechtsanteils</gliederungstitel></gliederungseinheit></metadaten><textdaten><text format="XML"><Content><P/></Content></text><fussnoten/></textdaten></norm>
<norm builddate="20240223214027" doknr="BJNR337600004BJNE002404123"><metadaten><jurabk>WpAIV</jurabk><jurabk>WpAV</jurabk><enbez>§ 12</enbez><titel format="XML">Inhalt der Mitteilung</titel></metadaten><textdaten><text format="XML"><Content><P>(1) Für eine Mitteilung nach § 33 Absatz 1 und 2, § 38 Absatz 1 und § 39 Absatz 1 des Wertpapierhandelsgesetzes ist das Formular der Anlage dieser Verordnung zu verwenden.</P><P>(2) Im Fall von § 37 Absatz 1 des Wertpapierhandelsgesetzes genügt zur Erfüllung der Mitteilungspflicht des Tochterunternehmens die Abgabe einer Mitteilung durch das Mutterunternehmen des meldepflichtigen Tochterunternehmens gemäß dem Formular der Anlage dieser Verordnung.</P><P>(3) Für die Zwecke der Berechnung des Stimmrechtsanteils ist die letzte Veröffentlichung nach § 41 des Wertpapierhandelsgesetzes zugrunde zu legen.</P><P>(4) Die Bundesanstalt kann die nach § 40 des Wertpapierhandelsgesetzes veröffentlichten Angaben verarbeiten, soweit dies erforderlich ist, um die Transparenz von wesentlichen Beteiligungen an Inlandsemittenten, deren Aktien an einem organisierten Markt zugelassen sind, zu fördern.</P></Content></text><fussnoten/></textdaten></norm>
<norm builddate="20240223214027" doknr="BJNR337600004BJNE003402123"><metadaten><jurabk>WpAIV</jurabk><jurabk>WpAV</jurabk><enbez>§ 13</enbez><titel format="XML">Berechnung des Stimmrechtsanteils für die Mitteilung nach § 38 Absatz 1 Satz 1 des Wertpapierhandelsgesetzes</titel></metadaten><textdaten><text format="XML"><Content><P>Nicht einzubeziehen in die Berechnung des Stimmrechtsanteils nach § 38 Absatz 3 des Wertpapierhandelsgesetzes sind Instrumente im Sinne des § 38 Absatz 1 Satz 1 des Wertpapierhandelsgesetzes, die sich auf eigene Aktien eines Emittenten, für den die Bundesrepublik Deutschland der Herkunftsstaat ist, beziehen und es diesem Emittenten auf Grund ihrer Ausgestaltung ermöglichen, solche Aktien zu erwerben.</P></Content></text><fussnoten/></textdaten></norm>
<norm builddate="20240223214027" doknr="BJNR337600004BJNE002504360"><metadaten><jurabk>WpAIV</jurabk><jurabk>WpAV</jurabk><enbez>§ 14</enbez><titel format="XML">Sprache der Mitteilungen</titel></metadaten><textdaten><text format="XML"><Content><P>Mitteilungen nach § 33 Absatz 1 Satz 1 und Absatz 2, § 38 Absatz 1 Satz 1 sowie § 39 Absatz 1 Satz 1 des Wertpapierhandelsgesetzes sind in deutscher oder englischer Sprache an den Emittenten und die Bundesanstalt zu übermitteln.</P></Content></text><fussnoten/></textdaten></norm>
<norm builddate="20240223214027" doknr="BJNR337600004BJNE002602123"><metadaten><jurabk>WpAIV</jurabk><jurabk>WpAV</jurabk><enbez>§ 15</enbez><titel format="XML">Inhalt und Format der Veröffentlichung</titel></metadaten><textdaten><text format="XML"><Content><P>Die Veröffentlichung nach § 40 Absatz 1 Satz 1 des Wertpapierhandelsgesetzes muss die Angaben der Mitteilung an den Emittenten gemäß dem Formular der Anlage zu dieser Verordnung enthalten und in dem dort vorgegebenen Format erfolgen.</P></Content></text><fussnoten/></textdaten></norm>
<norm builddate="20240223214027" doknr="BJNR337600004BJNE002701123"><metadaten><jurabk>WpAIV</jurabk><jurabk>WpAV</jurabk><enbez>§ 16</enbez><titel format="XML">Art und Sprache der Veröffentlichung</titel></metadaten><textdaten><text format="XML"><Content><P>Die Art und Sprache der Veröffentlichung nach § 40 Absatz 1 Satz 1 des Wertpapierhandelsgesetzes erfolgt nach Maßgabe der §§ 3a und 3b; jedoch kann abweichend hiervon der Emittent die Mitteilung in englischer Sprache veröffentlichen, wenn er die Mitteilung in englischer Sprache erhalten hat.</P></Content></text><fussnoten/></textdaten></norm>
<norm builddate="20240223214027" doknr="BJNR337600004BJNE002801123"><metadaten><jurabk>WpAIV</jurabk><jurabk>WpAV</jurabk><enbez>§ 17</enbez><titel format="XML">Mitteilung der Veröffentlichung</titel></metadaten><textdaten><text format="XML"><Content><P>Für die Mitteilung des Emittenten über die Veröffentlichung an die Bundesanstalt nach § 40 Absatz 2 des Wertpapierhandelsgesetzes gilt § 3c.</P></Content></text><fussnoten/></textdaten></norm>
<norm builddate="20240223214027" doknr="BJNR337600004BJNG001001123"><metadaten><jurabk>WpAIV</jurabk><jurabk>WpAV</jurabk><gliederungseinheit><gliederungskennzahl>030060</gliederungskennzahl><gliederungsbez>Unterabschnitt 6</gliederungsbez><gliederungstitel>Veröffentlichung und Inhalt von Finanzberichten</gliederungstitel></gliederungseinheit></metadaten><textdaten><text format="XML"><Content><P/></Content></text><fussnoten/></textdaten></norm>
<norm builddate="20240223214027" doknr="BJNR337600004BJNE002902123"><metadaten><jurabk>WpAIV</jurabk><jurabk>WpAV</jurabk><enbez>§ 18</enbez><titel format="XML">Art und Sprache der Veröffentlichung</titel></metadaten><textdaten><text format="XML"><Content><P>Für die Art und Sprache der Veröffentlichung der Bekanntmachung nach § 114 Absatz 1 Satz 2, § 115 Absatz 1 Satz 2 und § 116 Absatz 2 Satz 1 des Wertpapierhandelsgesetzes gelten die §§ 3a und 3b. Für die Informationen nach § 114 Absatz 2 und § 115 Absatz 2 des Wertpapierhandelsgesetzes sowie für die Zahlungs- oder Konzernzahlungsberichte gemäß § 116 des Wertpapierhandelsgesetzes gilt § 3b.</P></Content></text><fussnoten/></textdaten></norm>
<norm builddate="20240223214027" doknr="BJNR337600004BJNE003001123"><metadaten><jurabk>WpAIV</jurabk><jurabk>WpAV</jurabk><enbez>§ 19</enbez><titel format="XML">Mitteilung der Veröffentlichung</titel></metadaten><textdaten><text format="XML"><Content><P>Für die Mitteilung des Unternehmens über die Veröffentlichung der Bekanntmachung an die Bundesanstalt nach § 114 Absatz 1 Satz 3, § 115 Absatz 1 Satz 3 und § 116 Absatz 2 Satz 2 des Wertpapierhandelsgesetzes gilt § 3c.</P></Content></text><fussnoten/></textdaten></norm>
<norm builddate="20240223214027" doknr="BJNR337600004BJNE003102123"><metadaten><jurabk>WpAIV</jurabk><jurabk>WpAV</jurabk><enbez>§ 20</enbez><titel format="XML">Verfügbarkeit der Finanzberichte und Zahlungsberichte</titel></metadaten><textdaten><text format="XML"><Content><P>Die Informationen nach § 114 Absatz 2 und § 115 Absatz 2 des Wertpapierhandelsgesetzes sowie die Zahlungs- oder Konzernzahlungsberichte gemäß § 116 des Wertpapierhandelsgesetzes und die Zahlungsberichte gemäß § 341s des Handelsgesetzbuchs müssen im Unternehmensregister für mindestens zehn Jahre der Öffentlichkeit zugänglich sein.</P></Content></text><fussnoten/></textdaten></norm>
<norm builddate="20240223214027" doknr="BJNR337600004BJNG001101123"><metadaten><jurabk>WpAIV</jurabk><jurabk>WpAV</jurabk><gliederungseinheit><gliederungskennzahl>030070</gliederungskennzahl><gliederungsbez>Unterabschnitt 7</gliederungsbez><gliederungstitel>Wahl des Herkunftsstaates</gliederungstitel></gliederungseinheit></metadaten><textdaten><text format="XML"><Content><P/></Content></text><fussnoten/></textdaten></norm>
<norm builddate="20240223214027" doknr="BJNR337600004BJNE003202123"><metadaten><jurabk>WpAIV</jurabk><jurabk>WpAV</jurabk><enbez>§ 21</enbez><titel format="XML">Art der Veröffentlichung</titel></metadaten><textdaten><text format="XML"><Content><P>Die Wahl der Bundesrepublik Deutschland als Herkunftsstaat nach den §§ 4 und 5 des Wertpapierhandelsgesetzes ist nach Maßgabe des § 3a zu veröffentlichen.</P></Content></text><fussnoten/></textdaten></norm>
<norm builddate="20240223214027" doknr="BJNR337600004BJNG001201123"><metadaten><jurabk>WpAIV</jurabk><jurabk>WpAV</jurabk><gliederungseinheit><gliederungskennzahl>030080</gliederungskennzahl><gliederungsbez>Unterabschnitt 8</gliederungsbez><gliederungstitel>Veröffentlichung zusätzlicher Angaben</gliederungstitel></gliederungseinheit></metadaten><textdaten><text format="XML"><Content><P/></Content></text><fussnoten/></textdaten></norm>
<norm builddate="20240223214027" doknr="BJNR337600004BJNE003301123"><metadaten><jurabk>WpAIV</jurabk><jurabk>WpAV</jurabk><enbez>§ 22</enbez><titel format="XML">Art, Sprache und Mitteilung der Veröffentlichung</titel></metadaten><textdaten><text format="XML"><Content><P>Die Veröffentlichung nach § 50 Absatz 1 Satz 1 des Wertpapierhandelsgesetzes erfolgt nach Maßgabe der §§ 3a und 3b; der Emittent kann die Information im Sinn des § 50 Absatz 1 Satz 1 Nummer 3 des Wertpapierhandelsgesetzes jedoch ausschließlich in englischer Sprache veröffentlichen. Die Mitteilung nach § 50 Absatz 1 Satz 1 des Wertpapierhandelsgesetzes erfolgt nach § 3c.</P></Content></text><fussnoten/></textdaten></norm>
<norm builddate="20240223214027" doknr="BJNR337600004BJNG000602123"><metadaten><jurabk>WpAIV</jurabk><jurabk>WpAV</jurabk><gliederungseinheit><gliederungskennzahl>040</gliederungskennzahl><gliederungsbez>Abschnitt 4</gliederungsbez><gliederungstitel>Inkrafttreten</gliederungstitel></gliederungseinheit></metadaten><textdaten><text format="XML"><Content><P/></Content></text><fussnoten/></textdaten></norm>
<norm builddate="20240223214027" doknr="BJNR337600004BJNE001802123"><metadaten><jurabk>WpAIV</jurabk><jurabk>WpAV</jurabk><enbez>§ 23</enbez><titel format="XML">Inkrafttreten</titel></metadaten><textdaten><text format="XML"><Content><P>Diese Verordnung tritt am Tag nach der Verkündung in Kraft.</P></Content></text><fussnoten/></textdaten></norm>
<norm builddate="20240223214027" doknr="BJNR337600004BJNE003504360"><metadaten><jurabk>WpAIV</jurabk><jurabk>WpAV</jurabk><enbez>Anlage</enbez><titel format="XML">(zu § 12 Absatz 1)</titel></metadaten><textdaten><text format="XML"><Content><BR/><P><noindex><kommentar typ="Fundstelle">(Fundstelle: BGBl I 2018, 1759 - 1761)</kommentar></noindex></P><Title Align="auto">Stimmrechtsmitteilung</Title><BR/><BR/><P><table colsep="0" frame="all" pgwide="1" rowsep="0" tocentry="%yes;"><tgroup align="left" char="" charoff="50" cols="2"><colspec colname="col1" colwidth="82.5*"/><colspec colname="col2" colwidth="82.5*"/><tbody valign="top"><row><entry VJ="1" nameend="col2" namest="col1"><B>1. Angaben zum Emittenten</B></entry></row><row><entry VJ="1" colname="col1">Name:<BR/>  </entry><entry VJ="1" colname="col2">LEI:</entry></row><row><entry VJ="1" colname="col1">Straße, Haus-Nr.:<BR/>  </entry><entry VJ="1" colname="col2">PLZ:       Ort:</entry></row></tbody></tgroup></table><table colsep="0" frame="all" pgwide="1" rowsep="0" tocentry="%yes;"><tgroup align="left" char="" charoff="50" cols="1"><colspec colname="col1"/><tbody valign="top"><row><entry VJ="1" colname="col1"><B>2. Grund der Mitteilung</B> (mehrere Angaben möglich)</entry></row><row><entry VJ="1" colname="col1"> <F>⃞</F> Erwerb bzw. Veräußerung von Aktien mit Stimmrechten<BR/>  <F>⃞</F> Erwerb bzw. Veräußerung von Instrumenten<BR/>  <F>⃞</F> Änderung der Gesamtzahl der Stimmrechte<BR/>  <F>⃞</F> Sonstiger Grund:</entry></row></tbody></tgroup></table><table colsep="1" frame="all" pgwide="1" rowsep="0" tocentry="%yes;"><tgroup align="left" char="" charoff="50" cols="2"><colspec colname="col1" colwidth="82.5*"/><colspec colname="col2" colwidth="82.5*"/><tbody valign="top"><row><entry VJ="1" nameend="col2" namest="col1"><B>3. Angaben zum Mitteilungspflichtigen</B></entry></row><row><entry VJ="1" colname="col1">Natürliche Person (Vorname, Nachname):<BR/>  </entry><entry VJ="1" colname="col2">Juristische Person:</entry></row><row><entry VJ="1" colname="col1">Geburtsdatum:<BR/>  </entry><entry VJ="1" colname="col2">Registrierter Sitz, Staat:<BR/>        ,</entry></row></tbody></tgroup></table><table colsep="0" frame="all" pgwide="1" rowsep="0" tocentry="%yes;"><tgroup align="left" char="" charoff="50" cols="1"><colspec colname="col1" colnum="1"/><tbody valign="top"><row><entry VJ="1" colname="col1"><B>4. Namen der Aktionäre</B> mit 3 % oder mehr Stimmrechten, wenn abweichend von 3.<BR/>  </entry></row></tbody></tgroup></table><table colsep="0" frame="all" pgwide="1" rowsep="0" tocentry="%yes;"><tgroup align="left" char="" charoff="50" cols="1"><colspec colname="col1" colnum="1"/><tbody valign="top"><row><entry VJ="1" colname="col1"><B>5. Datum der Schwellenberührung:</B><BR/>  </entry></row></tbody></tgroup></table><table colsep="1" frame="all" pgwide="1" rowsep="1" tocentry="%yes;"><tgroup align="left" char="" charoff="50" cols="5"><colspec colname="col1" colnum="1" colwidth="50*"/><colspec align="center" colname="col2" colnum="2" colwidth="29*"/><colspec align="center" colname="col3" colnum="3" colwidth="32*"/><colspec align="center" colname="col4" colnum="4" colwidth="29*"/><colspec align="center" colname="col5" colnum="5" colwidth="25*"/><tbody valign="top"><row><entry VJ="1" colname="col1" nameend="col5" namest="col1"><B>6. Gesamtstimmrechtsanteile</B></entry></row><row valign="middle"><entry VJ="1" colname="col1"/><entry VJ="1" colname="col2">Anteil Stimmrechte<BR/> (Summe 7.a.)</entry><entry VJ="1" colname="col3">Anteil Instrumente<BR/> (Summe 7.b.1. + 7.b.2.)</entry><entry VJ="1" colname="col4">Summe Anteile<BR/> (Summe 7.a. + 7.b.)</entry><entry VJ="1" colname="col5">Gesamtzahl der<BR/> Stimmrechte<BR/> nach § 41 WpHG</entry></row><row><entry VJ="1" colname="col1"><U>neu</U></entry><entry VJ="1" colname="col2">   %</entry><entry VJ="1" colname="col3">   %</entry><entry VJ="1" colname="col4">   %</entry><entry VJ="1" colname="col5"/></row><row><entry VJ="1" colname="col1"><U>letzte Mitteilun</U>g</entry><entry VJ="1" colname="col2">   %</entry><entry VJ="1" colname="col3">   %</entry><entry VJ="1" colname="col4">   %</entry><entry VJ="1" colname="col5"/></row></tbody></tgroup></table><table colsep="1" frame="all" pgwide="1" rowsep="1" tocentry="%yes;"><tgroup align="left" char="" charoff="50" cols="5"><colspec colname="col1" colnum="1" colwidth="45*"/><colspec align="center" colname="col2" colnum="2" colwidth="30*"/><colspec align="center" colname="col3" colnum="3" colwidth="30*"/><colspec align="center" colname="col4" colnum="4" colwidth="30*"/><colspec align="center" colname="col5" colnum="5" colwidth="30*"/><tbody valign="top"><row><entry VJ="1" colname="col1" nameend="col5" namest="col1"><B>7. Einzelheiten zu den Stimmrechtsbeständen</B></entry></row><row><entry VJ="1" colname="col1" nameend="col5" namest="col1"><B>a. Stimmrechte (§§ 33, 34 WpHG)</B></entry></row><row><entry VJ="1" align="center" colname="col1" morerows="1" valign="middle">ISIN</entry><entry VJ="1" colname="col2" nameend="col3" namest="col2">absolut</entry><entry VJ="1" colname="col4" nameend="col5" namest="col4">in %</entry></row><row><entry VJ="1" colname="col2">direkt<BR/> (§ 33 WpHG)</entry><entry VJ="1" colname="col3">zugerechnet<BR/> (§ 34 WpHG)</entry><entry VJ="1" colname="col4">direkt<BR/> (§ 33 WpHG)</entry><entry VJ="1" colname="col5">zugerechnet<BR/> (§ 34 WpHG)</entry></row><row><entry VJ="1" colname="col1"/><entry VJ="1" colname="col2"/><entry VJ="1" colname="col3"/><entry VJ="1" colname="col4">   %</entry><entry VJ="1" colname="col5">   %</entry></row><row><entry VJ="1" colname="col1"/><entry VJ="1" colname="col2"/><entry VJ="1" colname="col3"/><entry VJ="1" colname="col4">   %</entry><entry VJ="1" colname="col5">   %</entry></row><row><entry VJ="1" colname="col1"><B>Summe</B></entry><entry VJ="1" colname="col2" nameend="col3" namest="col2"/><entry VJ="1" colname="col4" nameend="col5" namest="col4"> <B>  %</B></entry></row></tbody></tgroup></table><table colsep="1" frame="all" pgwide="1" rowsep="1" tocentry="%yes;"><tgroup align="left" char="" charoff="50" cols="5"><colspec colname="col1" colnum="1" colwidth="45*"/><colspec align="center" colname="col2" colnum="2" colwidth="25*"/><colspec align="center" colname="col3" colnum="3" colwidth="35*"/><colspec align="center" colname="col4" colnum="4" colwidth="25*"/><colspec align="center" colname="col5" colnum="5" colwidth="35*"/><tbody valign="top"><row><entry VJ="1" colname="col1" nameend="col5" namest="col1"><B>b.1. Instrumente i. S. d. § 38 Abs. 1 Nr. 1 WpHG</B></entry></row><row valign="middle"><entry VJ="1" align="center" colname="col1">Art des Instruments</entry><entry VJ="1" colname="col2">Fälligkeit/<BR/> Verfall</entry><entry VJ="1" colname="col3">Ausübungszeitraum/<BR/> Laufzeit</entry><entry VJ="1" colname="col4">Stimmrechte<BR/> absolut</entry><entry VJ="1" colname="col5">Stimmrechte<BR/> in %</entry></row><row><entry VJ="1" colname="col1"/><entry VJ="1" colname="col2"/><entry VJ="1" colname="col3"/><entry VJ="1" colname="col4"/><entry VJ="1" colname="col5">   %</entry></row><row><entry VJ="1" colname="col1"/><entry VJ="1" colname="col2"/><entry VJ="1" colname="col3"/><entry VJ="1" colname="col4"/><entry VJ="1" colname="col5">   %</entry></row><row><entry VJ="1" colname="col1"/><entry VJ="1" colname="col2"/><entry VJ="1" colname="col3"/><entry VJ="1" colname="col4"/><entry VJ="1" colname="col5">   %</entry></row><row><entry VJ="1" colname="col1" colsep="0"/><entry VJ="1" colname="col2"/><entry VJ="1" align="center" colname="col3"><B>Summe</B></entry><entry VJ="1" colname="col4"/><entry VJ="1" colname="col5"><B>   %</B></entry></row></tbody></tgroup></table><table colsep="1" frame="all" pgwide="1" rowsep="1" tocentry="%yes;"><tgroup align="left" char="" charoff="50" cols="6"><colspec align="center" colname="col1" colnum="1" colwidth="40*"/><colspec align="center" colname="col2" colnum="2" colwidth="28*"/><colspec align="center" colname="col3" colnum="3" colwidth="28*"/><colspec align="center" colname="col4" colnum="4" colwidth="23*"/><colspec align="center" colname="col5" colnum="5" colwidth="23*"/><colspec align="center" colname="col6" colnum="6" colwidth="23*"/><tbody valign="top"><row><entry VJ="1" align="left" colname="col1" nameend="col6" namest="col1"><B>b.2. Instrumente i. S. d. § 38 Abs. 1 Nr. 2 WpHG</B></entry></row><row valign="middle"><entry VJ="1" colname="col1">Art des Instruments</entry><entry VJ="1" colname="col2">Fälligkeit/<BR/> Verfall</entry><entry VJ="1" colname="col3">Ausübungszeitraum/<BR/> Laufzeit</entry><entry VJ="1" colname="col4">Barausgleich<BR/> oder physische<BR/> Abwicklung</entry><entry VJ="1" colname="col5">Stimmrechte<BR/> absolut</entry><entry VJ="1" colname="col6">Stimmrechte<BR/> in %</entry></row><row><entry VJ="1" colname="col1"/><entry VJ="1" colname="col2"/><entry VJ="1" colname="col3"/><entry VJ="1" colname="col4"/><entry VJ="1" colname="col5"/><entry VJ="1" colname="col6">   %</entry></row><row><entry VJ="1" colname="col1"/><entry VJ="1" colname="col2"/><entry VJ="1" colname="col3"/><entry VJ="1" colname="col4"/><entry VJ="1" colname="col5"/><entry VJ="1" colname="col6">   %</entry></row><row><entry VJ="1" colname="col1"/><entry VJ="1" colname="col2"/><entry VJ="1" colname="col3"/><entry VJ="1" colname="col4"/><entry VJ="1" colname="col5"/><entry VJ="1" colname="col6">   %</entry></row><row><entry VJ="1" nameend="col3" namest="col1"/><entry VJ="1" align="center" colname="col4"><B>Summe</B></entry><entry VJ="1" colname="col5"/><entry VJ="1" colname="col6"> <B>  %</B></entry></row></tbody></tgroup></table><table colsep="1" frame="all" pgwide="1" rowsep="1" tocentry="%yes;"><tgroup align="left" char="" charoff="50" cols="4"><colspec colname="col1" colnum="1" colwidth="60*"/><colspec align="center" colname="col2" colnum="2" colwidth="35*"/><colspec align="center" colname="col3" colnum="3" colwidth="35*"/><colspec align="center" colname="col4" colnum="4" colwidth="35*"/><tbody valign="top"><row><entry VJ="1" align="justify" colname="col1" nameend="col4" namest="col1" rowsep="0"><B>8. Informationen in Bezug auf den Mitteilungspflichtigen</B> (bitte Zutreffendes ankreuzen)<BR/>  <F>⃞</F> Mitteilungspflichtiger (3.) wird weder beherrscht noch beherrscht Mitteilungspflichtiger andere Unternehmen, die Stimmrechte des Emittenten (1.) halten oder denen Stimmrechte des Emittenten zugerechnet werden.<BR/>  <F>⃞</F> <U>Vollständi</U>g<U>e</U> Kette der Tochterunternehmen, beginnend mit der obersten beherrschenden Person oder dem obersten beherrschenden Unternehmen:</entry></row><row><entry VJ="1" align="center" colname="col1" valign="middle">Unternehmen</entry><entry VJ="1" colname="col2">Stimmrechte in %,<BR/> wenn 3 % oder höher</entry><entry VJ="1" colname="col3">Instrumente in %,<BR/> wenn 5 % oder höher</entry><entry VJ="1" colname="col4">Summe in %,<BR/> wenn 5 % oder höher</entry></row><row><entry VJ="1" colname="col1"/><entry VJ="1" colname="col2">   %</entry><entry VJ="1" colname="col3">   %</entry><entry VJ="1" colname="col4">   %</entry></row><row><entry VJ="1" colname="col1"/><entry VJ="1" colname="col2">   %</entry><entry VJ="1" colname="col3">   %</entry><entry VJ="1" colname="col4">   %</entry></row><row><entry VJ="1" colname="col1"/><entry VJ="1" colname="col2">   %</entry><entry VJ="1" colname="col3">   %</entry><entry VJ="1" colname="col4">   %</entry></row><row><entry VJ="1" colname="col1"/><entry VJ="1" colname="col2">   %</entry><entry VJ="1" colname="col3">   %</entry><entry VJ="1" colname="col4">   %</entry></row></tbody></tgroup></table><table colsep="1" frame="all" pgwide="1" rowsep="1" tocentry="%yes;"><tgroup align="left" char="" charoff="50" cols="3"><colspec align="center" colname="col1" colnum="1" colwidth="55*"/><colspec align="center" colname="col2" colnum="2" colwidth="55*"/><colspec align="center" colname="col3" colnum="3" colwidth="55*"/><tbody valign="top"><row><entry VJ="1" align="left" colname="col1" nameend="col3" namest="col1"><B>9. Bei Vollmacht gemäß § 34 Abs. 3 WpHG</B><BR/> (<U>nur</U> möglich bei einer Zurechnung nach § 34 Abs. 1 Satz 1 Nr. 6 WpHG)<BR/> Datum der Hauptversammlung:<BR/> Gesamtstimmrechtsanteile (6.) nach der Hauptversammlung</entry></row><row><entry VJ="1" colname="col1">Anteil Stimmrechte</entry><entry VJ="1" colname="col2">Anteil Instrumente</entry><entry VJ="1" colname="col3">Summe Anteile</entry></row><row><entry VJ="1" colname="col1">   %</entry><entry VJ="1" colname="col2">   %</entry><entry VJ="1" colname="col3">   %</entry></row></tbody></tgroup></table><table colsep="0" frame="all" pgwide="1" rowsep="0" tocentry="%yes;"><tgroup align="left" char="" charoff="50" cols="1"><colspec colname="col1" colnum="1"/><tbody valign="top"><row><entry VJ="1" colname="col1"><B>10. Sonstige Informationen:</B><BR/>  </entry></row></tbody></tgroup></table><table colsep="0" frame="none" pgwide="1" rowsep="0" tocentry="%yes;"><tgroup align="left" char="" charoff="50" cols="2"><colspec colname="col1" colwidth="55*"/><colspec colname="col2" colwidth="110*"/><tbody valign="top"><row><entry VJ="1" colname="col1"> <BR/>.............................................,<BR/> Datum, Unterschrift</entry><entry VJ="1" colname="col2"> <BR/>..............................................................</entry></row></tbody></tgroup></table></P><Title Align="auto">Anhang zur Anlage (<U>nur</U> für BaFin)</Title><BR/><BR/><table colsep="0" frame="all" pgwide="1" rowsep="0" tocentry="%yes;"><tgroup align="left" char="" charoff="50" cols="2"><colspec colname="col1" colwidth="5*"/><colspec colname="col2" colwidth="160*"/><tbody valign="top"><row><entry VJ="1" colname="col1"><B>1.</B></entry><entry VJ="1" colname="col2"><B>Angaben zum Mitteilungspflichtigen:</B></entry></row><row><entry VJ="1" colname="col1"/><entry VJ="1" colname="col2">Straße:<BR/> Haus-Nr.:<BR/> PLZ:<BR/> Ort:<BR/> Staat:</entry></row><row><entry VJ="1" align="center" nameend="col2" namest="col1">bei juristischen Personen:   <F>⃞</F> Registrierter Sitz  <F>⃞</F> nur Geschäftsanschrift</entry></row><row><entry VJ="1" colname="col1"/><entry VJ="1" colname="col2">Ansprechpartner:<BR/> Telefon:<BR/> Telefax:<BR/> E-Mail:</entry></row></tbody></tgroup></table><table colsep="0" frame="all" pgwide="1" rowsep="0" tocentry="%yes;"><tgroup align="left" char="" charoff="50" cols="2"><colspec colname="col1" colwidth="5*"/><colspec colname="col2" colwidth="160*"/><tbody valign="top"><row><entry VJ="1" colname="col1"><B>2.</B></entry><entry VJ="1" colname="col2"><B>Angaben zum Absender (wenn abweichend von 1.):</B></entry></row><row><entry VJ="1" colname="col1"/><entry VJ="1" colname="col2">Name:<BR/> Unternehmen:<BR/> Straße:<BR/> Hausnummer:<BR/> PLZ:<BR/> Ort:<BR/> Staat:<BR/> Telefon:<BR/> Telefax:<BR/> E-Mail:</entry></row></tbody></tgroup></table><table colsep="0" frame="all" pgwide="1" rowsep="0" tocentry="%yes;"><tgroup align="left" char="" charoff="50" cols="1"><colspec colname="col1" colnum="1"/><tbody valign="top"><row><entry VJ="1" colname="col1"><B>3. Sonstige Informationen:</B><BR/>  </entry></row></tbody></tgroup></table></Content></text><fussnoten/></textdaten></norm>
</dokumente>