<?xml version="1.0" encoding="UTF-8" ?><!DOCTYPE dokumente SYSTEM "http://www.gesetze-im-internet.de/dtd/1.01/gii-norm.dtd">
<dokumente builddate="20240424214515" doknr="BJNR505320000"><norm builddate="20240424214515" doknr="BJNR505320000"><metadaten><jurabk>LuftVODV 198</jurabk><ausfertigung-datum manuell="ja">2000-03-06</ausfertigung-datum><fundstelle typ="amtlich"><periodikum>BAnz</periodikum><zitstelle>2000, Nr 53, 4066</zitstelle></fundstelle><fundstelle typ="amtlich"><periodikum>BAnz</periodikum><zitstelle>2000, 4066</zitstelle></fundstelle><langue>Hundertachtundneunzigste Durchführungsverordnung zur Luftverkehrs-Ordnung (Festlegung von Flugverfahren für An- und Abflüge nach Instrumentenflugregeln zum und vom Flughafen Leipzig/Halle)</langue></metadaten><textdaten><text format="decorated"/><fussnoten><Content><P>Wegen nicht darstellbarer Zeichen nur mit der Überschrift aufgenommen.</P></Content></fussnoten></textdaten></norm>
</dokumente>