<?xml version="1.0" encoding="UTF-8" ?><!DOCTYPE dokumente SYSTEM "http://www.gesetze-im-internet.de/dtd/1.01/gii-norm.dtd">
<dokumente builddate="20120625151850" doknr="BJNR203570990"><norm builddate="20120625151850" doknr="BJNR203570990"><metadaten><jurabk>AHiVwVtrAUTG</jurabk><ausfertigung-datum manuell="ja">1990-04-26</ausfertigung-datum><fundstelle typ="amtlich"><periodikum>BGBl II</periodikum><zitstelle>1990, 357</zitstelle></fundstelle><langue>Gesetz zu dem Vertrag vom 31. Mai 1988 zwischen der Bundesrepublik Deutschland und der Republik Österreich über Amts- und Rechtshilfe in Verwaltungssachen</langue></metadaten><textdaten><text format="XML"><Content><P/></Content></text><fussnoten><Content><P>(+++ Textnachweis ab:  4. 5.1990 +++)</P></Content></fussnoten></textdaten></norm>
<norm builddate="20120625151850" doknr="BJNR203570990BJNE000100308"><metadaten><jurabk>AHiVwVtrAUTG</jurabk><enbez>Eingangsformel</enbez></metadaten><textdaten><text format="XML"><Content><P>Der Bundestag hat mit Zustimmung des Bundesrates das folgende Gesetz beschlossen:</P></Content></text></textdaten></norm>
<norm builddate="20120625151850" doknr="BJNR203570990BJNE000200308"><metadaten><jurabk>AHiVwVtrAUTG</jurabk><enbez>Art 1</enbez></metadaten><textdaten><text format="XML"><Content><P>Dem in Bonn am 31. Mai 1988 unterzeichneten Vertrag zwischen der Bundesrepublik Deutschland und der Republik Österreich über Amts- und Rechtshilfe in Verwaltungssachen wird zugestimmt. Der Vertrag wird nachstehend veröffentlicht.</P></Content></text></textdaten></norm>
<norm builddate="20120625151850" doknr="BJNR203570990BJNE000300308"><metadaten><jurabk>AHiVwVtrAUTG</jurabk><enbez>Art 2</enbez></metadaten><textdaten><text format="XML"><Content><P>Die Aufgaben nach Artikel 2 Abs. 1 Satz 3, Artikel 9 und Artikel 10 Abs. 1 Satz 3 des Vertrags nehmen die von den Landesregierungen bestimmten Stellen wahr.</P></Content></text></textdaten></norm>
<norm builddate="20120625151850" doknr="BJNR203570990BJNE000400308"><metadaten><jurabk>AHiVwVtrAUTG</jurabk><enbez>Art 3</enbez></metadaten><textdaten><text format="XML"><Content><P>Dieses Gesetz gilt auch im Land Berlin, sofern das Land Berlin die Anwendung dieses Gesetzes feststellt.</P></Content></text></textdaten></norm>
<norm builddate="20120625151850" doknr="BJNR203570990BJNE000500308"><metadaten><jurabk>AHiVwVtrAUTG</jurabk><enbez>Art 4</enbez></metadaten><textdaten><text format="XML"><Content><P>(1) Dieses Gesetz tritt am Tage nach seiner Verkündung in Kraft.</P><P>(2) Der Tag, an dem der Vertrag nach seinem Artikel 20 Abs. 2 in Kraft tritt, ist im Bundesgesetzblatt bekanntzugeben.</P></Content> </text></textdaten></norm>
</dokumente>