<?xml version="1.0" encoding="UTF-8" ?><!DOCTYPE dokumente SYSTEM "http://www.gesetze-im-internet.de/dtd/1.01/gii-norm.dtd">
<dokumente builddate="20241231222423" doknr="BJNR328200013"><norm builddate="20241231222423" doknr="BJNR328200013"><metadaten><jurabk>PolBTLV 2013</jurabk><amtabk>PolBTLV</amtabk><ausfertigung-datum manuell="ja">2013-08-20</ausfertigung-datum><fundstelle typ="amtlich"><periodikum>BGBl I</periodikum><zitstelle>2013, 3282</zitstelle></fundstelle><langue>Verordnung über die Laufbahnen des Polizeivollzugsdienstes beim Deutschen Bundestag</langue><standangabe checked="ja"><standtyp>Stand</standtyp><standkommentar>Geändert durch Art. 54 G v. 20.8.2021 I 3932</standkommentar></standangabe></metadaten><textdaten><fussnoten><Content><P><BR/> <pre xml:space="preserve">(+++ Textnachweis ab: 29.8.2013 +++)<BR/><BR/></pre></P></Content></fussnoten></textdaten></norm>
<norm builddate="20241231222423" doknr="BJNR328200013BJNE000100000"><metadaten><jurabk>PolBTLV 2013</jurabk><jurabk>PolBTLV</jurabk><enbez>Eingangsformel</enbez></metadaten><textdaten><text format="XML"><Content><P>Auf Grund des § 3 Absatz 2 Satz 1 des Bundespolizeibeamtengesetzes, der durch Artikel 3 Nummer 2 des Gesetzes vom 29. Juni 1998 (BGBl. I S. 1666) neu gefasst worden ist, verordnet die Bundesregierung:</P></Content></text></textdaten></norm>
<norm builddate="20241231222423" doknr="BJNR328200013BJNE000200000"><metadaten><jurabk>PolBTLV 2013</jurabk><jurabk>PolBTLV</jurabk><enbez>Inhaltsübersicht</enbez></metadaten><textdaten><text format="XML"><TOC><table colsep="0" frame="none" pgwide="1" rowsep="0" tocentry="%yes;"><tgroup align="left" char="" charoff="50" cols="2"><colspec colname="col1" colwidth="10*"/><colspec colname="col2" colwidth="70*"/><tbody valign="top"><row><entry VJ="1" colname="col1">§  1</entry><entry VJ="1" colname="col2">Geltung der Bundeslaufbahnverordnung</entry></row><row><entry VJ="1" colname="col1">§  2</entry><entry VJ="1" colname="col2">Schwerbehinderte Menschen</entry></row><row><entry VJ="1" colname="col1">§  3</entry><entry VJ="1" colname="col2">Ämter der Laufbahnen</entry></row><row><entry VJ="1" colname="col1">§  4</entry><entry VJ="1" colname="col2">Vorbereitungsdienste</entry></row><row><entry VJ="1" colname="col1">§  5</entry><entry VJ="1" colname="col2">Einstellung und Abordnung</entry></row><row><entry VJ="1" colname="col1">§  6</entry><entry VJ="1" colname="col2">Auswahlverfahren und Altersgrenzen</entry></row><row><entry VJ="1" colname="col1">§  7</entry><entry VJ="1" colname="col2">Gestaltung des Vorbereitungsdienstes, Laufbahnprüfung</entry></row><row><entry VJ="1" colname="col1">§  8</entry><entry VJ="1" colname="col2">Laufbahnbefähigung</entry></row><row><entry VJ="1" colname="col1">§  9</entry><entry VJ="1" colname="col2">Erhaltung der körperlichen Leistungsfähigkeit</entry></row><row><entry VJ="1" colname="col1">§ 10</entry><entry VJ="1" colname="col2">Aufstieg</entry></row><row><entry VJ="1" colname="col1">§ 11</entry><entry VJ="1" colname="col2">Fachspezifische Qualifizierung</entry></row><row><entry VJ="1" colname="col1">§ 12</entry><entry VJ="1" colname="col2">Übertragung eines Amtes der neuen Laufbahn</entry></row><row><entry VJ="1" colname="col1">§ 13</entry><entry VJ="1" colname="col2">Übergangsregelungen für den Aufstieg</entry></row><row><entry VJ="1" colname="col1">§ 14</entry><entry VJ="1" colname="col2">Inkrafttreten, Außerkrafttreten</entry></row><row><entry VJ="1" nameend="col2" namest="col1">Anlage (zu § 3)</entry></row></tbody></tgroup></table></TOC></text></textdaten></norm>
<norm builddate="20241231222423" doknr="BJNR328200013BJNE000300000"><metadaten><jurabk>PolBTLV 2013</jurabk><jurabk>PolBTLV</jurabk><enbez>§ 1</enbez><titel format="XML">Geltung der Bundeslaufbahnverordnung</titel></metadaten><textdaten><text format="XML"><Content><P>Soweit in dieser Verordnung nichts anderes bestimmt ist, gelten für die Polizeivollzugsbeamtinnen und Polizeivollzugsbeamten beim Deutschen Bundestag die Vorschriften der Bundeslaufbahnverordnung.</P></Content></text></textdaten></norm>
<norm builddate="20241231222423" doknr="BJNR328200013BJNE000400000"><metadaten><jurabk>PolBTLV 2013</jurabk><jurabk>PolBTLV</jurabk><enbez>§ 2</enbez><titel format="XML">Schwerbehinderte Menschen</titel></metadaten><textdaten><text format="XML"><Content><P>§ 5 der Bundeslaufbahnverordnung gilt mit der Maßgabe, dass die besonderen gesundheitlichen Anforderungen, die der Polizeivollzugsdienst an Beamtinnen und Beamte stellt, berücksichtigt werden.</P></Content></text></textdaten></norm>
<norm builddate="20241231222423" doknr="BJNR328200013BJNE000500000"><metadaten><jurabk>PolBTLV 2013</jurabk><jurabk>PolBTLV</jurabk><enbez>§ 3</enbez><titel format="XML">Ämter der Laufbahnen</titel></metadaten><textdaten><text format="XML"><Content><P>Die zu den Laufbahnen des Polizeivollzugsdienstes beim Deutschen Bundestag gehörenden Ämter und die ihnen zugeordneten Amtsbezeichnungen ergeben sich aus der Anlage.</P></Content></text></textdaten></norm>
<norm builddate="20241231222423" doknr="BJNR328200013BJNE000600000"><metadaten><jurabk>PolBTLV 2013</jurabk><jurabk>PolBTLV</jurabk><enbez>§ 4</enbez><titel format="XML">Vorbereitungsdienste</titel></metadaten><textdaten><text format="XML"><Content><P>(1) Für die Anwärterinnen und Anwärter für den mittleren Polizeivollzugsdienst beim Deutschen Bundestag ist der Vorbereitungsdienst für die Laufbahn des mittleren Polizeivollzugsdienstes in der Bundespolizei oder eines Landes der Vorbereitungsdienst.</P><P>(2) Für die Anwärterinnen und Anwärter für den gehobenen Polizeivollzugsdienst beim Deutschen Bundestag ist der Vorbereitungsdienst für die Laufbahn des gehobenen Polizeivollzugsdienstes in der Bundespolizei oder eines Landes der Vorbereitungsdienst.</P></Content></text></textdaten></norm>
<norm builddate="20241231222423" doknr="BJNR328200013BJNE000700000"><metadaten><jurabk>PolBTLV 2013</jurabk><jurabk>PolBTLV</jurabk><enbez>§ 5</enbez><titel format="XML">Einstellung und Abordnung</titel></metadaten><textdaten><text format="XML"><Content><P>(1) Die Einstellung erfolgt durch die Verwaltung des Deutschen Bundestages.</P><P>(2) Die Anwärterinnen und Anwärter werden an die für die Durchführung des Vorbereitungsdienstes zuständigen Dienststellen des Bundes oder eines Landes abgeordnet.</P></Content></text></textdaten></norm>
<norm builddate="20241231222423" doknr="BJNR328200013BJNE000801311"><metadaten><jurabk>PolBTLV 2013</jurabk><jurabk>PolBTLV</jurabk><enbez>§ 6</enbez><titel format="XML">Auswahlverfahren und Altersgrenzen</titel></metadaten><textdaten><text format="XML"><Content><P>(1) In den Vorbereitungsdienst für den mittleren Polizeivollzugsdienst beim Deutschen Bundestag kann eingestellt werden, wer erfolgreich an einem Auswahlverfahren teilgenommen hat und mindestens 16, aber noch nicht 28 Jahre alt ist. In den Vorbereitungsdienst für den gehobenen Polizeivollzugsdienst beim Deutschen Bundestag kann eingestellt werden, wer erfolgreich an einem Auswahlverfahren teilgenommen hat und noch nicht 34 Jahre alt ist.</P><P>(2) Das Höchstalter nach Absatz 1 erhöht sich um Zeiten <DL Type="arabic"><DT>1.</DT><DD Font="normal"><LA>des Mutterschutzes,</LA></DD><DT>2.</DT><DD Font="normal"><LA>der Kinderbetreuung, höchstens jedoch um drei Jahre je Kind, sowie</LA></DD><DT>3.</DT><DD Font="normal"><LA>der Pflege naher Angehöriger (Eltern, Schwiegereltern, Ehegattin oder Ehegatte, Lebenspartnerin oder Lebenspartner, Geschwister oder Kinder), die einer Pflegestufe nach § 15 des Elften Buches Sozialgesetzbuch zugeordnet und von der Bewerberin oder dem Bewerber aus gesetzlicher oder sittlicher Verpflichtung in dem in § 15 Absatz 3 des Elften Buches Sozialgesetzbuch genannten Umfang gepflegt worden sind; das Höchstalter erhöht sich jedoch insgesamt um höchstens drei Jahre je Angehörige oder Angehörigen.</LA></DD></DL>Auch wenn Zeiten nach Satz 1 zu berücksichtigen sind, darf <DL Type="arabic"><DT>1.</DT><DD Font="normal"><LA>zur Laufbahn des mittleren Polizeivollzugsdienstes beim Deutschen Bundestag nur zugelassen werden, wer noch nicht 36 Jahre alt ist, und</LA></DD><DT>2.</DT><DD Font="normal"><LA>zur Laufbahn des gehobenen Polizeivollzugsdienstes beim Deutschen Bundestag nur zugelassen werden, wer noch nicht 42 Jahre alt ist.</LA></DD></DL></P><P>(3) Bei besonderem dienstlichen Bedürfnis kann die Verwaltung des Deutschen Bundestages Ausnahmen von Absatz 1 bis zu den Höchstaltersgrenzen nach Absatz 2 Satz 2 zulassen.</P><P>(4) Für Teilnehmerinnen und Teilnehmer an Eingliederungsmaßnahmen nach § 9 Absatz 2 des Soldatenversorgungsgesetzes gelten keine Höchstaltersgrenzen.</P></Content></text><fussnoten/></textdaten></norm>
<norm builddate="20241231222423" doknr="BJNR328200013BJNE000900000"><metadaten><jurabk>PolBTLV 2013</jurabk><jurabk>PolBTLV</jurabk><enbez>§ 7</enbez><titel format="XML">Gestaltung des Vorbereitungsdienstes, Laufbahnprüfung</titel></metadaten><textdaten><text format="XML"><Content><P>(1) Die Gestaltung des Vorbereitungsdienstes für die Laufbahn des mittleren Polizeivollzugsdienstes beim Deutschen Bundestag richtet sich nach den Vorschriften, die für den Vorbereitungsdienst gelten, an dem die Anwärterin oder der Anwärter teilnimmt, mit der Maßgabe, dass mindestens ein Praktikum bei der Polizei beim Deutschen Bundestag zu absolvieren ist. Die Laufbahnprüfung für den mittleren Polizeivollzugsdienst beim Deutschen Bundestag ist die Laufbahnprüfung des Vorbereitungsdienstes, an dem die Anwärterin oder der Anwärter teilnimmt.</P><P>(2) Für den Vorbereitungsdienst für die Laufbahn des gehobenen Polizeivollzugsdienstes beim Deutschen Bundestag gilt Absatz 1 entsprechend.</P></Content></text></textdaten></norm>
<norm builddate="20241231222423" doknr="BJNR328200013BJNE001000000"><metadaten><jurabk>PolBTLV 2013</jurabk><jurabk>PolBTLV</jurabk><enbez>§ 8</enbez><titel format="XML">Laufbahnbefähigung</titel></metadaten><textdaten><text format="XML"><Content><P>(1) Als Befähigung für die jeweilige Laufbahn des Polizeivollzugsdienstes beim Deutschen Bundestag soll anerkannt werden die Befähigung für die entsprechende Laufbahn <DL Type="arabic"><DT>1.</DT><DD Font="normal"><LA>des Polizeivollzugsdienstes in der Bundespolizei,</LA></DD><DT>2.</DT><DD Font="normal"><LA>des kriminalpolizeilichen Vollzugsdienstes des Bundes oder eines Landes und</LA></DD><DT>3.</DT><DD Font="normal"><LA>des Polizeivollzugsdienstes eines Landes.</LA></DD></DL>Über die Anerkennung der Laufbahnbefähigung entscheidet die Verwaltung des Deutschen Bundestages.</P><P>(2) Die Befähigung für die Laufbahn des höheren Polizeivollzugsdienstes beim Deutschen Bundestag hat auch, wer die Befähigung zum Richteramt besitzt.</P><P>(3) Die Polizeivollzugsbeamtin oder der Polizeivollzugsbeamte hat eine Unterweisungszeit von in der Regel sechs, mindestens aber drei Monaten zu durchlaufen.</P><P>(4) Im Übrigen gilt § 44 der Bundeslaufbahnverordnung.</P></Content></text></textdaten></norm>
<norm builddate="20241231222423" doknr="BJNR328200013BJNE001100000"><metadaten><jurabk>PolBTLV 2013</jurabk><jurabk>PolBTLV</jurabk><enbez>§ 9</enbez><titel format="XML">Erhaltung der körperlichen Leistungsfähigkeit</titel></metadaten><textdaten><text format="XML"><Content><P>Die Polizeivollzugsbeamtinnen und Polizeivollzugsbeamten sind verpflichtet, ihre körperliche Leistungsfähigkeit zu erhalten und nach Möglichkeit zu steigern. Die körperliche Leistungsfähigkeit soll regelmäßig überprüft werden.</P></Content></text></textdaten></norm>
<norm builddate="20241231222423" doknr="BJNR328200013BJNE001200000"><metadaten><jurabk>PolBTLV 2013</jurabk><jurabk>PolBTLV</jurabk><enbez>§ 10</enbez><titel format="XML">Aufstieg</titel></metadaten><textdaten><text format="XML"><Content><P>(1) Polizeivollzugsbeamtinnen und Polizeivollzugsbeamte können zum Aufstieg in die nächsthöhere Laufbahn zugelassen werden, wenn sie <DL Type="arabic"><DT>1.</DT><DD Font="normal"><LA>sich nach Ablauf der Probezeit in einer Dienstzeit von mindestens drei Jahren bewährt haben,</LA></DD><DT>2.</DT><DD Font="normal"><LA>erfolgreich an einem Auswahlverfahren teilgenommen haben und</LA></DD><DT>3.</DT><DD Font="normal"><LA>folgende Altersgrenzen noch nicht erreicht haben: <DL Type="alpha"><DT>a)</DT><DD Font="normal"><LA>bei Beginn des Aufstiegs in den gehobenen Polizeivollzugsdienst beim Deutschen Bundestag noch nicht 57 Jahre alt sind,</LA></DD><DT>b)</DT><DD Font="normal"><LA>bei der Zulassung zum Aufstieg in den höheren Polizeivollzugsdienst beim Deutschen Bundestag noch nicht 45 Jahre alt sind.</LA></DD></DL></LA></DD></DL>Im Übrigen gilt § 19 Absatz 4 der Bundeslaufbahnverordnung.</P><P>(2) Für das Auswahlverfahren gilt § 36 Absatz 1, 5 und 6 der Bundeslaufbahnverordnung. § 36 Absatz 3 und 4 der Bundeslaufbahnverordnung gilt mit der Maßgabe, dass das Auswahlverfahren auch in Zusammenarbeit mit einer Behörde der Bundespolizei oder einer Polizeibehörde eines Landes durchgeführt werden kann.</P><P>(3) Die für den Aufstieg in den gehobenen Polizeivollzugsdienst beim Deutschen Bundestag zugelassenen Polizeivollzugsbeamtinnen und Polizeivollzugsbeamten nehmen an einem Vorbereitungsdienst des Bundes oder eines Landes für eine Laufbahn des gehobenen Polizeivollzugsdienstes teil. Das Aufstiegsverfahren richtet sich nach den Vorschriften, die für den Vorbereitungsdienst gelten, an dem die zum Aufstieg zugelassene Beamtin oder der zum Aufstieg zugelassene Beamte teilnimmt.</P><P>(4) Die Ausbildung für den Aufstieg in den höheren Polizeivollzugsdienst beim Deutschen Bundestag dauert zwei Jahre. Die Bewerberinnen und Bewerber absolvieren den Masterstudiengang „Öffentliche Verwaltung – Polizeimanagement (Public Administration – Police Management)“ an der Deutschen Hochschule der Polizei. Das Aufstiegsverfahren richtet sich nach der Prüfungsordnung für diesen Studiengang.</P><P>(5) Im Übrigen gilt § 41 der Bundeslaufbahnverordnung.</P></Content></text></textdaten></norm>
<norm builddate="20241231222423" doknr="BJNR328200013BJNE001300000"><metadaten><jurabk>PolBTLV 2013</jurabk><jurabk>PolBTLV</jurabk><enbez>§ 11</enbez><titel format="XML">Fachspezifische Qualifizierung</titel></metadaten><textdaten><text format="XML"><Content><P>(1) Polizeivollzugsbeamtinnen und Polizeivollzugsbeamte können zum Aufstieg in den gehobenen Polizeivollzugsdienst beim Deutschen Bundestag durch fachspezifische Qualifizierung zugelassen werden, wenn dafür ein besonderes dienstliches Bedürfnis besteht und sie <DL Type="arabic"><DT>1.</DT><DD Font="normal"><LA>das Amt einer Polizeihauptmeisterin oder eines Polizeihauptmeisters innehaben,</LA></DD><DT>2.</DT><DD Font="normal"><LA>zu Beginn des Aufstiegsverfahrens noch nicht 57 Jahre alt sind,</LA></DD><DT>3.</DT><DD Font="normal"><LA>sich nach Ablauf der Probezeit in einer Dienstzeit von mindestens drei Jahren bewährt haben,</LA></DD><DT>4.</DT><DD Font="normal"><LA>in der letzten dienstlichen Beurteilung überdurchschnittlich gut bewertet worden sind und</LA></DD><DT>5.</DT><DD Font="normal"><LA>erfolgreich an einem Auswahlverfahren teilgenommen haben.</LA></DD></DL></P><P>(2) Für das Auswahlverfahren gilt § 36 Absatz 1 und 6 der Bundeslaufbahnverordnung. § 36 Absatz 3 und 4 der Bundeslaufbahnverordnung gilt mit der Maßgabe, dass das Auswahlverfahren auch in Zusammenarbeit mit einer Behörde der Bundespolizei oder einer Polizeibehörde eines Landes durchgeführt werden kann. § 36 Absatz 5 der Bundeslaufbahnverordnung gilt mit der Maßgabe, dass zu den sonstigen Anforderungen insbesondere die erfolgreiche Wahrnehmung von Führungsaufgaben gehört.</P><P>(3) Die fachspezifische Qualifizierung dauert 20 Monate. Sie umfasst eine fachtheoretische Ausbildung und eine berufspraktische Einführung.</P><P>(4) Die fachtheoretische Ausbildung umfasst Lehrgänge bei einer Polizei des Bundes oder eines Landes und dauert mindestens acht Wochen. Die erfolgreiche Teilnahme ist durch Leistungsnachweise zu belegen.</P><P>(5) Während der berufspraktischen Einführung werden die Aufgaben der Laufbahn des gehobenen Polizeivollzugsdienstes beim Deutschen Bundestag wahrgenommen. Zeiten, in denen Tätigkeiten des gehobenen Polizeivollzugsdienstes ausgeübt wurden, können bis zu einer Dauer von 14 Monaten auf die berufspraktische Einführung angerechnet werden. Nach Abschluss der berufspraktischen Einführung erhält die Polizeivollzugsbeamtin oder der Polizeivollzugsbeamte eine dienstliche Beurteilung, aus der hervorgeht, ob sie oder er sich in der Laufbahn des gehobenen Polizeivollzugsdienstes beim Deutschen Bundestag bewährt hat.</P><P>(6) Für die Feststellung, ob die fachspezifische Qualifizierung erfolgreich abgeschlossen ist, gilt § 38 Absatz 4 der Bundeslaufbahnverordnung entsprechend.</P><P>(7) Für die Kostenerstattung gilt § 41 der Bundeslaufbahnverordnung.</P></Content></text></textdaten></norm>
<norm builddate="20241231222423" doknr="BJNR328200013BJNE001400000"><metadaten><jurabk>PolBTLV 2013</jurabk><jurabk>PolBTLV</jurabk><enbez>§ 12</enbez><titel format="XML">Übertragung eines Amtes der neuen Laufbahn</titel></metadaten><textdaten><text format="XML"><Content><P>§ 40 der Bundeslaufbahnverordnung gilt mit der Maßgabe, dass Polizeivollzugsbeamtinnen und Polizeivollzugsbeamten das Amt einer Polizeioberkommissarin beim Deutschen Bundestag oder eines Polizeioberkommissars beim Deutschen Bundestag übertragen werden kann, wenn sie mindestens ein Jahr das Amt einer Polizeihauptmeisterin oder eines Polizeihauptmeisters mit Amtszulage innehaben.</P></Content></text></textdaten></norm>
<norm builddate="20241231222423" doknr="BJNR328200013BJNE001500000"><metadaten><jurabk>PolBTLV 2013</jurabk><jurabk>PolBTLV</jurabk><enbez>§ 13</enbez><titel format="XML">Übergangsregelungen für den Aufstieg</titel></metadaten><textdaten><text format="XML"><Content><P>Auf Polizeivollzugsbeamtinnen und Polizeivollzugsbeamte, die bei Inkrafttreten dieser Verordnung zum Ausbildungs- oder Praxisaufstieg zugelassen sind, sind für das weitere Verfahren die §§ 15 bis 17 der Verordnung über die Laufbahnen des Polizeivollzugsdienstes beim Deutschen Bundestag in der bis zum 28. August 2013 geltenden Fassung mit der Maßgabe weiter anzuwenden, dass für die Anrechnung von Zeiten auf die Einführungszeit § 11 Absatz 5 Satz 2 gilt.</P></Content></text></textdaten></norm>
<norm builddate="20241231222423" doknr="BJNR328200013BJNE001600000"><metadaten><jurabk>PolBTLV 2013</jurabk><jurabk>PolBTLV</jurabk><enbez>§ 14</enbez><titel format="XML">Inkrafttreten, Außerkrafttreten</titel></metadaten><textdaten><text format="XML"><Content><P>Diese Verordnung tritt am Tag nach der Verkündung in Kraft. Gleichzeitig tritt die Verordnung über die Laufbahnen des Polizeivollzugsdienstes beim Deutschen Bundestag vom 27. August 2003 (BGBl. I S. 1678), die zuletzt durch Artikel 3 Absatz 3 der Verordnung vom 12. Februar 2009 (BGBl. I S. 320) geändert worden ist, außer Kraft.</P></Content></text></textdaten></norm>
<norm builddate="20241231222423" doknr="BJNR328200013BJNE001700000"><metadaten><jurabk>PolBTLV 2013</jurabk><jurabk>PolBTLV</jurabk><enbez>Anlage</enbez><titel format="XML">(zu § 3)</titel></metadaten><textdaten><text format="XML"><Content><P><noindex><kommentar typ="Fundstelle">(Fundstelle: BGBl. I 2013, 3285)</kommentar></noindex><BR/><BR/></P><P/><table colsep="1" frame="all" pgwide="1" rowsep="1" tocentry="%yes;"><tgroup align="left" char="" charoff="50" cols="3"><colspec colname="col1" colnum="1" colwidth="32*"/><colspec colname="col2" colnum="2" colwidth="37*"/><colspec colname="col3" colnum="3" colwidth="46*"/><thead valign="bottom"><row><entry VJ="1" align="center" colname="col1" valign="middle">Laufbahn</entry><entry VJ="1" align="center" colname="col2" valign="middle">Zur Laufbahn<BR/>gehörende Ämter</entry><entry VJ="1" align="center" colname="col3" valign="middle">Amtsbezeichnung</entry></row></thead><tbody valign="top"><row><entry VJ="1" colname="col1" morerows="2">Mittlerer<BR/>Polizeivollzugsdienst beim Deutschen Bundestag</entry><entry VJ="1" colname="col2">Besoldungsgruppe A 7<FnR ID="F782107_01_BJNR328200013BJNE001700000"/></entry><entry VJ="1" colname="col3">Polizeimeisterin/<BR/> Polizeimeister<BR/> beim Deutschen Bundestag</entry></row><row><entry VJ="1" colname="col2">Besoldungsgruppe A 8</entry><entry VJ="1" colname="col3">Polizeiobermeisterin/<BR/> Polizeiobermeister<BR/> beim Deutschen Bundestag</entry></row><row><entry VJ="1" colname="col2">Besoldungsgruppe A 9</entry><entry VJ="1" colname="col3">Polizeihauptmeisterin/<BR/> Polizeihauptmeister<BR/> beim Deutschen Bundestag</entry></row><row><entry VJ="1" colname="col1" morerows="4">Gehobener<BR/>Polizeivollzugsdienst beim Deutschen Bundestag</entry><entry VJ="1" colname="col2">Besoldungsgruppe A 9<FnR ID="F782107_01_BJNR328200013BJNE001700000"/></entry><entry VJ="1" colname="col3">Polizeikommissarin/<BR/> Polizeikommissar<BR/> beim Deutschen Bundestag</entry></row><row><entry VJ="1" colname="col2">Besoldungsgruppe A 10</entry><entry VJ="1" colname="col3">Polizeioberkommissarin/<BR/> Polizeioberkommissar<BR/> beim Deutschen Bundestag</entry></row><row><entry VJ="1" colname="col2">Besoldungsgruppe A 11</entry><entry VJ="1" colname="col3">Polizeihauptkommissarin/<BR/> Polizeihauptkommissar<BR/> beim Deutschen Bundestag</entry></row><row><entry VJ="1" colname="col2">Besoldungsgruppe A 12</entry><entry VJ="1" colname="col3">Polizeihauptkommissarin/<BR/> Polizeihauptkommissar<BR/> beim Deutschen Bundestag</entry></row><row><entry VJ="1" colname="col2">Besoldungsgruppe A 13</entry><entry VJ="1" colname="col3">Erste Polizeihauptkommissarin/<BR/> Erster Polizeihauptkommissar<BR/> beim Deutschen Bundestag</entry></row><row><entry VJ="1" colname="col1" morerows="2">Höherer<BR/>Polizeivollzugsdienst beim Deutschen Bundestag</entry><entry VJ="1" colname="col2">Besoldungsgruppe A 13<FnR ID="F782107_01_BJNR328200013BJNE001700000"/></entry><entry VJ="1" colname="col3">Polizeirätin/Polizeirat<BR/> beim Deutschen Bundestag</entry></row><row><entry VJ="1" colname="col2">Besoldungsgruppe A 14</entry><entry VJ="1" colname="col3">Polizeioberrätin/<BR/> Polizeioberrat<BR/> beim Deutschen Bundestag</entry></row><row><entry VJ="1" colname="col2">Besoldungsgruppe A 15</entry><entry VJ="1" colname="col3">Polizeidirektorin/<BR/> Polizeidirektor<BR/> beim Deutschen Bundestag</entry></row></tbody></tgroup></table><P>________________</P><FnArea Line="1" Size="normal"><FnR ID="F782107_01_BJNR328200013BJNE001700000"/></FnArea></Content><Footnotes><Footnote FnZ="*" Group="manuell" ID="F782107_01_BJNR328200013BJNE001700000" Pos="normal">Eingangsamt.</Footnote></Footnotes></text></textdaten></norm>
</dokumente>