<?xml version="1.0" encoding="UTF-8" ?><!DOCTYPE dokumente SYSTEM "http://www.gesetze-im-internet.de/dtd/1.01/gii-norm.dtd">
<dokumente builddate="20231231214230" doknr="BJNR100100013"><norm builddate="20231231214230" doknr="BJNR100100013"><metadaten><jurabk>BImSchV 41</jurabk><amtabk>41. BImSchV</amtabk><ausfertigung-datum manuell="ja">2013-05-02</ausfertigung-datum><fundstelle typ="amtlich"><periodikum>BGBl I</periodikum><zitstelle>2013, 973, 1001 (3756)</zitstelle></fundstelle><kurzue>Bekanntgabeverordnung</kurzue><langue>Einundvierzigste Verordnung zur Durchführung des Bundes-Immissionsschutzgesetzes</langue><standangabe checked="ja"><standtyp>Stand</standtyp><standkommentar>Zuletzt geändert durch Art. 15 G v. 10.8.2021 I 3436</standkommentar></standangabe></metadaten><textdaten><fussnoten><Content><P><BR/> <pre xml:space="preserve">(+++ Textnachweis ab 2.5.2013 +++)<BR/><BR/></pre>Die V wurde als Artikel 4 der V v. 2.5.2013 I 973 von der Bundesregierung und dem Bundesministerium für Umwelt, Naturschutz und Reaktorsicherheit nach Anhörung der beteiligten Kreise und mit Zustimmung des Bundesrates beschlossen.  Sie ist gem. Art. 11 Satz 1 dieser V am 2.5.2013 in Kraft getreten.</P></Content></fussnoten></textdaten></norm>
<norm builddate="20231231214230" doknr="BJNR100100013BJNE000100000"><metadaten><jurabk>BImSchV 41</jurabk><enbez>Inhaltsübersicht</enbez></metadaten><textdaten><text format="XML"><TOC><Ident Class="S1">Abschnitt 1</Ident><Title Align="auto" Class="S1">Allgemeine Vorschriften</Title><table colsep="0" frame="none" pgwide="1" rowsep="0" tocentry="%yes;"><tgroup align="left" char="" charoff="50" cols="2"><colspec colname="col1" colwidth="10*"/><colspec colname="col2" colwidth="90*"/><tbody valign="top"><row><entry VJ="1" colname="col1">§  1</entry><entry VJ="1" colname="col2">Anwendungsbereich</entry></row><row><entry VJ="1" colname="col1">§  2</entry><entry VJ="1" colname="col2">Begriffsbestimmungen</entry></row></tbody></tgroup></table><P/><Ident Class="S1">Abschnitt 2</Ident><Title Align="auto" Class="S1">Bekanntgabevoraussetzungen</Title><P/><Ident Class="S0">Unterabschnitt 1</Ident><Title Align="auto" Class="S0">Stellen im Sinne<BR/>von § 29b Absatz 1 des<BR/>Bundes-Immissionsschutzgesetzes</Title><table colsep="0" frame="none" pgwide="1" rowsep="0" tocentry="%yes;"><tgroup align="left" char="" charoff="50" cols="2"><colspec colname="col1" colwidth="10*"/><colspec colname="col2" colwidth="90*"/><tbody valign="top"><row><entry VJ="1" colname="col1">§  3</entry><entry VJ="1" colname="col2">Organisationsform von Stellen</entry></row><row><entry VJ="1" colname="col1">§  4</entry><entry VJ="1" colname="col2">Fachkunde und gerätetechnische Ausstattung von Stellen</entry></row><row><entry VJ="1" colname="col1">§  5</entry><entry VJ="1" colname="col2">Unabhängigkeit von Stellen</entry></row><row><entry VJ="1" colname="col1">§  6</entry><entry VJ="1" colname="col2">Zuverlässigkeit von Stellen</entry></row></tbody></tgroup></table><P/><Ident Class="S0">Unterabschnitt 2</Ident><Title Align="auto" Class="S0">Sachverständige im Sinne von<BR/> § 29b Absatz 1 des Bundes-Immissionsschutzgesetzes</Title><table colsep="0" frame="none" pgwide="1" rowsep="0" tocentry="%yes;"><tgroup align="left" char="" charoff="50" cols="2"><colspec colname="col1" colwidth="10*"/><colspec colname="col2" colwidth="90*"/><tbody valign="top"><row><entry VJ="1" colname="col1">§  7</entry><entry VJ="1" colname="col2">Fachkunde von Sachverständigen</entry></row><row><entry VJ="1" colname="col1">§  8</entry><entry VJ="1" colname="col2">Unabhängigkeit von Sachverständigen</entry></row><row><entry VJ="1" colname="col1">§  9</entry><entry VJ="1" colname="col2">Zuverlässigkeit von Sachverständigen</entry></row><row><entry VJ="1" colname="col1">§ 10</entry><entry VJ="1" colname="col2">Gerätetechnische Ausstattung von Sachverständigen</entry></row><row><entry VJ="1" colname="col1">§ 11</entry><entry VJ="1" colname="col2">Hilfspersonal; Haftpflichtversicherung</entry></row></tbody></tgroup></table><P/><Ident Class="S1">Abschnitt 3</Ident><Title Align="auto" Class="S1">Bekanntgabeverfahren;<BR/> Nebenbestimmungen</Title><table colsep="0" frame="none" pgwide="1" rowsep="0" tocentry="%yes;"><tgroup align="left" char="" charoff="50" cols="2"><colspec colname="col1" colwidth="10*"/><colspec colname="col2" colwidth="90*"/><tbody valign="top"><row><entry VJ="1" colname="col1">§ 12</entry><entry VJ="1" colname="col2">Antrag; behördliches Verfahren; Bekanntgabeentscheidung</entry></row><row><entry VJ="1" colname="col1">§ 13</entry><entry VJ="1" colname="col2">Nachweise der Fachkunde und gerätetechnischen Ausstattung</entry></row><row><entry VJ="1" colname="col1">§ 14</entry><entry VJ="1" colname="col2">Gleichwertigkeit von Befähigungsnachweisen aus anderen Mitgliedstaaten der Europäischen Union</entry></row><row><entry VJ="1" colname="col1">§ 15</entry><entry VJ="1" colname="col2">Nebenbestimmungen</entry></row></tbody></tgroup></table><P/><Ident Class="S1">Abschnitt 4</Ident><Title Align="auto" Class="S1">Pflichten bekannt<BR/>gegebener Stellen und Sachverständiger</Title><table colsep="0" frame="none" pgwide="1" rowsep="0" tocentry="%yes;"><tgroup align="left" char="" charoff="50" cols="2"><colspec colname="col1" colwidth="10*"/><colspec colname="col2" colwidth="90*"/><tbody valign="top"><row><entry VJ="1" colname="col1">§ 16</entry><entry VJ="1" colname="col2">Pflichten bekannt gegebener Stellen</entry></row><row><entry VJ="1" colname="col1">§ 17</entry><entry VJ="1" colname="col2">Pflichten bekannt gegebener Sachverständiger</entry></row></tbody></tgroup></table><P/><Ident Class="S1">Abschnitt 5</Ident><Title Align="auto" Class="S1">Widerruf</Title><table colsep="0" frame="none" pgwide="1" rowsep="0" tocentry="%yes;"><tgroup align="left" char="" charoff="50" cols="2"><colspec colname="col1" colwidth="10*"/><colspec colname="col2" colwidth="90*"/><tbody valign="top"><row><entry VJ="1" colname="col1">§ 18</entry><entry VJ="1" colname="col2">Widerruf der Bekanntgabe</entry></row></tbody></tgroup></table><P/><Ident Class="S1">Abschnitt 6</Ident><Title Align="auto" Class="S1">Pflichten von Anlagenbetreibern</Title><table colsep="0" frame="none" pgwide="1" rowsep="0" tocentry="%yes;"><tgroup align="left" char="" charoff="50" cols="2"><colspec colname="col1" colwidth="10*"/><colspec colname="col2" colwidth="90*"/><tbody valign="top"><row><entry VJ="1" colname="col1">§ 19</entry><entry VJ="1" colname="col2">Gleichwertigkeit von Anerkennungen</entry></row></tbody></tgroup></table><P/><Ident Class="S1">Abschnitt 7</Ident><Title Align="auto" Class="S1">Schlussvorschriften</Title><table colsep="0" frame="none" pgwide="1" rowsep="0" tocentry="%yes;"><tgroup align="left" char="" charoff="50" cols="2"><colspec colname="col1" colwidth="10*"/><colspec colname="col2" colwidth="90*"/><tbody valign="top"><row><entry VJ="1" colname="col1">§ 20</entry><entry VJ="1" colname="col2">Zugänglichkeit der Normen</entry></row><row><entry VJ="1" colname="col1">§ 21</entry><entry VJ="1" colname="col2">Übergangsvorschriften</entry></row></tbody></tgroup></table><P/><table colsep="0" frame="none" pgwide="1" rowsep="0" tocentry="%yes;"><tgroup align="left" char="" charoff="50" cols="2"><colspec colname="col1" colwidth="11.70*"/><colspec colname="col2" colwidth="88.30*"/><tbody valign="top"><row><entry VJ="1" colname="col1">Anlage 1</entry><entry VJ="1" colname="col2">Prüfbereiche für Stellen</entry></row><row><entry VJ="1" colname="col1">Anlage 2</entry><entry VJ="1" colname="col2">Prüfungsbereiche für Sachverständige</entry></row></tbody></tgroup></table></TOC></text></textdaten></norm>
<norm builddate="20231231214230" doknr="BJNR100100013BJNG000100000"><metadaten><jurabk>BImSchV 41</jurabk><gliederungseinheit><gliederungskennzahl>010</gliederungskennzahl><gliederungsbez>Abschnitt 1</gliederungsbez><gliederungstitel>Allgemeine Vorschriften</gliederungstitel></gliederungseinheit></metadaten><textdaten/></norm>
<norm builddate="20231231214230" doknr="BJNR100100013BJNE000200000"><metadaten><jurabk>BImSchV 41</jurabk><enbez>§ 1</enbez><titel format="XML">Anwendungsbereich</titel></metadaten><textdaten><text format="XML"><Content><P>Diese Verordnung gilt für: <DL Type="arabic"><DT>1.</DT><DD Font="normal"><LA>die Bekanntgabe von Stellen und Sachverständigen gemäß § 29b Absatz 1 des Bundes-Immissionsschutzgesetzes,</LA></DD><DT>2.</DT><DD Font="normal"><LA>die Pflichten bekannt gegebener Stellen und Sachverständiger sowie den Widerruf entsprechender Bekanntgaben,</LA></DD><DT>3.</DT><DD Font="normal"><LA>die Pflichten von Anlagenbetreibern zur Vorlage der Nachweise über gleichwertige Anerkennungen von Stellen und Sachverständigen aus anderen Mitgliedstaaten der Europäischen Union oder anderen Vertragsstaaten des Abkommens über den Europäischen Wirtschaftsraum.</LA></DD></DL></P></Content></text></textdaten></norm>
<norm builddate="20231231214230" doknr="BJNR100100013BJNE000300000"><metadaten><jurabk>BImSchV 41</jurabk><enbez>§ 2</enbez><titel format="XML">Begriffsbestimmungen</titel></metadaten><textdaten><text format="XML"><Content><P>Im Sinne dieser Verordnung sind: <DL Type="arabic"><DT>1.</DT><DD Font="normal"><LA>Prüfbereich</LA><LA>die von der zuständigen Behörde in der Bekanntgabe einer Stelle bezeichnete Kombination von Tätigkeitsbereichen und Stoffbereichen nach Anlage 1;</LA></DD><DT>2.</DT><DD Font="normal"><LA>Ermittlungen</LA><LA>Messungen, Kalibrierungen, Prüfungen und Berechnungen, die für die Beurteilung der Emissionen oder Immissionen von Anlagen notwendig sind und von bekannt gegebenen Stellen durchgeführt werden;</LA></DD><DT>3.</DT><DD Font="normal"><LA>Fachlich verantwortliche Personen und deren Stellvertreter</LA><LA>die für die Durchführung von Ermittlungen verantwortlichen natürlichen Personen einer bekannt gegebenen Stelle;</LA></DD><DT>4.</DT><DD Font="normal"><LA>Standort</LA><LA>derjenige geografische Ort, von dem aus eine bekannt gegebene Stelle tätig wird, um Dienstleistungen zur Erfüllung der Ermittlungsaufgaben zu erbringen;</LA></DD><DT>5.</DT><DD Font="normal"><LA>Prüfungsbereich</LA><LA>die von der zuständigen Behörde in der Bekanntgabe von Sachverständigen bezeichnete Kombination aus Anlagenarten und Fachgebieten nach Anlage 2;</LA></DD><DT>6.</DT><DD Font="normal"><LA>Sachverständige oder Sachverständiger</LA><LA>eine natürliche Person.</LA></DD></DL></P></Content></text></textdaten></norm>
<norm builddate="20231231214230" doknr="BJNR100100013BJNG000200000"><metadaten><jurabk>BImSchV 41</jurabk><gliederungseinheit><gliederungskennzahl>020</gliederungskennzahl><gliederungsbez>Abschnitt 2</gliederungsbez><gliederungstitel>Bekanntgabevoraussetzungen</gliederungstitel></gliederungseinheit></metadaten><textdaten/></norm>
<norm builddate="20231231214230" doknr="BJNR100100013BJNG000300000"><metadaten><jurabk>BImSchV 41</jurabk><gliederungseinheit><gliederungskennzahl>020010</gliederungskennzahl><gliederungsbez>Unterabschnitt 1</gliederungsbez><gliederungstitel>Stellen im Sinne von § 29b Absatz 1 des Bundes-Immissionsschutzgesetzes</gliederungstitel></gliederungseinheit></metadaten><textdaten/></norm>
<norm builddate="20231231214230" doknr="BJNR100100013BJNE000401116"><metadaten><jurabk>BImSchV 41</jurabk><enbez>§ 3</enbez><titel format="XML">Organisationsform von Stellen</titel></metadaten><textdaten><text format="XML"><Content><P>Bekannt zu gebende Stellen im Sinne von § 29b Absatz 1 des Bundes-Immissionsschutzgesetzes müssen in einem Mitgliedstaat der Europäischen Union oder einem anderen Vertragsstaat des Abkommens über den Europäischen Wirtschaftsraum niedergelassene juristische Personen oder rechtsfähige Personengesellschaften sein.</P></Content></text><fussnoten/></textdaten></norm>
<norm builddate="20231231214230" doknr="BJNR100100013BJNE000500000"><metadaten><jurabk>BImSchV 41</jurabk><enbez>§ 4</enbez><titel format="XML">Fachkunde und gerätetechnische Ausstattung von Stellen</titel></metadaten><textdaten><text format="XML"><Content><P>(1) Bekannt zu gebende Stellen im Sinne von § 29b Absatz 1 des Bundes-Immissionsschutzgesetzes müssen in ausreichendem Umfang über Personal zur Durchführung der Ermittlungen verfügen, das fachkundig ist und hauptberuflich mit Messungen und Analysen beschäftigt ist. Die gemäß § 29b Absatz 2 Satz 2 des Bundes-Immissionsschutzgesetzes erforderliche Fachkunde und die erforderliche gerätetechnische Ausstattung liegt vor, wenn für die jeweiligen Prüfbereiche gemäß Anlage 1 den folgenden Normen genügt wird: <DL Type="arabic"><DT>1.</DT><DD Font="normal"><LA>DIN EN ISO/IEC 17025, Ausgabe August 2005 mit Berichtigungen vom Mai 2007, sowie VDI-Richtlinie 4220, Ausgabe April 2011,</LA></DD><DT>2.</DT><DD Font="normal"><LA>VDI-Richtlinie 4208 Blatt 2, Ausgabe Oktober 2011, oder</LA></DD><DT>3.</DT><DD Font="normal"><LA>DIN 45688, Ausgabe April 2005.</LA></DD></DL></P><P>(2) Bekannt zu gebende Stellen müssen an jedem Standort mindestens eine fachlich verantwortliche Person oder deren Stellvertreter hauptberuflich beschäftigen. Die fachlich verantwortlichen Personen und ihre Stellvertreter müssen zusätzlich zur Fachkunde nach Absatz 1 Satz 2 über umfassende Kenntnisse in immissionsschutzrechtlichen Rechts- und Verwaltungsvorschriften für den jeweiligen Prüfbereich, in technischen Normen sowie in dem Bekanntgabe- und Kompetenzfeststellungsverfahren nach dieser Verordnung verfügen.</P></Content></text></textdaten></norm>
<norm builddate="20231231214230" doknr="BJNR100100013BJNE000600000"><metadaten><jurabk>BImSchV 41</jurabk><enbez>§ 5</enbez><titel format="XML">Unabhängigkeit von Stellen</titel></metadaten><textdaten><text format="XML"><Content><P>Die für eine Bekanntgabe gemäß § 29b Absatz 2 Satz 2 des Bundes-Immissionsschutzgesetzes erforderliche Unabhängigkeit einer Stelle ist in der Regel dann nicht gegeben, wenn sie <DL Type="arabic"><DT>1.</DT><DD Font="normal"><LA>Anlagen und Anlagenteile entwickelt, vertreibt, errichtet oder betreibt oder bei deren Entwicklung, Errichtung oder Betrieb mitwirkt oder mitgewirkt hat,</LA></DD><DT>2.</DT><DD Font="normal"><LA>Geräte oder Einrichtungen zur Verminderung von Emissionen oder Messgeräte zur kontinuierlichen Überwachung von Emissionen oder sicherheitsrelevante Anlagen, insbesondere Schutzsysteme, herstellt oder vertreibt,</LA></DD><DT>3.</DT><DD Font="normal"><LA>organisatorisch, wirtschaftlich, personell oder hinsichtlich des Kapitals mit Dritten derart verflochten ist, dass deren Einflussnahme auf die jeweiligen Aufgaben nicht ausgeschlossen werden kann oder wenn der Anschein einer solchen Einflussnahme besteht, oder</LA></DD><DT>4.</DT><DD Font="normal"><LA>fachlich verantwortliche Personen beschäftigt, die nicht hauptberuflich bei ihr tätig sind.</LA></DD></DL></P></Content></text></textdaten></norm>
<norm builddate="20231231214230" doknr="BJNR100100013BJNE000700000"><metadaten><jurabk>BImSchV 41</jurabk><enbez>§ 6</enbez><titel format="XML">Zuverlässigkeit von Stellen</titel></metadaten><textdaten><text format="XML"><Content><P>(1) Die erforderliche Zuverlässigkeit im Sinne von § 29b Absatz 2 Satz 2 des Bundes-Immissionsschutzgesetzes liegt vor, wenn die nach Gesetz, Satzung oder Gesellschaftsvertrag zur Vertretung oder Geschäftsführung berechtigten Personen der bekannt zu gebenden Stelle sowie das in § 4 genannte Personal auf Grund ihrer persönlichen Eigenschaften, ihres Verhaltens und ihrer Fähigkeiten zur ordnungsgemäßen Erfüllung der ihnen obliegenden Aufgaben geeignet sind.</P><P>(2) Die erforderliche Zuverlässigkeit ist in der Regel nicht gegeben, wenn eine der in Absatz 1 bezeichneten Personen <DL Type="arabic"><DT>1.</DT><DD Font="normal"><LA>wegen Verletzung der Vorschriften <DL Type="alpha"><DT>a)</DT><DD Font="normal"><LA>des Strafrechts über gemeingefährliche Delikte oder Delikte gegen die Umwelt,</LA></DD><DT>b)</DT><DD Font="normal"><LA>des Natur- und Landschaftsschutz-, Chemikalien-, Gentechnik- oder Strahlenschutzrechts,</LA></DD><DT>c)</DT><DD Font="normal"><LA>des Lebensmittel-, Arzneimittel-, Pflanzenschutz- oder Infektionsschutzrechts,</LA></DD><DT>d)</DT><DD Font="normal"><LA>des Gewerbe-, Produktsicherheits- oder Arbeitsschutzrechts oder</LA></DD><DT>e)</DT><DD Font="normal"><LA>des Betäubungsmittel-, Waffen- oder Sprengstoffrechts</LA></DD></DL>zu einer Freiheitsstrafe, Jugendstrafe oder Geldstrafe rechtskräftig verurteilt worden ist oder</LA></DD><DT>2.</DT><DD Font="normal"><LA>wegen Verletzung der Vorschriften <DL Type="alpha"><DT>a)</DT><DD Font="normal"><LA>des Immissionsschutz-, Abfall-, Wasser-, Natur- und Landschaftsschutz-, Bodenschutz-, Chemikalien-, Gentechnik- oder Atom- und Strahlenschutzrechts,</LA></DD><DT>b)</DT><DD Font="normal"><LA>des Lebensmittel-, Arzneimittel-, Pflanzenschutz- oder Infektionsschutzrechts,</LA></DD><DT>c)</DT><DD Font="normal"><LA>des Gewerbe-, Produktsicherheits- oder Arbeitsschutzrechts oder</LA></DD><DT>d)</DT><DD Font="normal"><LA>des Betäubungsmittel-, Waffen- oder Sprengstoffrechts</LA></DD></DL>innerhalb der letzten fünf Jahre vor Antragstellung mit einer Geldbuße in Höhe von mehr als fünfhundert Euro belegt worden ist.</LA></DD></DL></P><P>(3) Die erforderliche Zuverlässigkeit ist in der Regel auch dann nicht gegeben, wenn eine der in Absatz 1 bezeichneten Personen <DL Type="arabic"><DT>1.</DT><DD Font="normal"><LA>wiederholt oder grob pflichtwidrig gegen die in Absatz 2 genannten Vorschriften verstoßen hat,</LA></DD><DT>2.</DT><DD Font="normal"><LA>Ermittlungs- oder Prüfungsergebnisse vorsätzlich oder grob fahrlässig verändert oder nicht vollständig wiedergegeben hat,</LA></DD><DT>3.</DT><DD Font="normal"><LA>wiederholt gegen Anforderungen des technischen Regelwerkes verstoßen hat, die für die Richtigkeit der Ermittlungs- und Prüfergebnisse relevant sind,</LA></DD><DT>4.</DT><DD Font="normal"><LA>vorsätzlich oder grob fahrlässig Pflichten, die sich aus dieser Verordnung oder einer bereits erfolgten Bekanntgabe ergeben, verletzt hat oder</LA></DD><DT>5.</DT><DD Font="normal"><LA>Dokumentationen und Berichterstattungen zu Ermittlungen oder Prüfungen wiederholt mit erheblichen oder schwerwiegenden Mängeln erstellt hat oder vorsätzlich oder grob fahrlässig wiederholt dazu beigetragen hat, dass Fristen für deren Vorlage versäumt wurden.</LA></DD></DL></P><P>(4) Die erforderliche Zuverlässigkeit ist in der Regel auch dann nicht gegeben, wenn <DL Type="arabic"><DT>1.</DT><DD Font="normal"><LA>eine der in § 4 bezeichneten Personen ohne Fachkundenachweise im Sinne von § 4 Absatz 1 für ergebnisrelevante Tätigkeiten selbständig eingesetzt wird oder worden ist oder</LA></DD><DT>2.</DT><DD Font="normal"><LA>Ringversuche nach § 16 Absatz 4 Nummer 7 wiederholt nicht bestanden wurden.</LA></DD></DL></P></Content></text></textdaten></norm>
<norm builddate="20231231214230" doknr="BJNR100100013BJNG000400000"><metadaten><jurabk>BImSchV 41</jurabk><gliederungseinheit><gliederungskennzahl>020020</gliederungskennzahl><gliederungsbez>Unterabschnitt 2</gliederungsbez><gliederungstitel>Sachverständige im Sinne von § 29b Absatz 1 des Bundes-Immissionsschutzgesetzes</gliederungstitel></gliederungseinheit></metadaten><textdaten/></norm>
<norm builddate="20231231214230" doknr="BJNR100100013BJNE000800000"><metadaten><jurabk>BImSchV 41</jurabk><enbez>§ 7</enbez><titel format="XML">Fachkunde von Sachverständigen</titel></metadaten><textdaten><text format="XML"><Content><P>Die erforderliche Fachkunde im Sinne des § 29b Absatz 2 Satz 2 des Bundes-Immissionsschutzgesetzes liegt vor, wenn der oder die bekannt zu gebende Sachverständige <DL Type="arabic"><DT>1.</DT><DD Font="normal"><LA>ein Hochschulstudium auf den Gebieten des Ingenieurwesens, der Chemie oder der Physik abgeschlossen hat; alternativ kann ein Studium in anderen als den genannten Fächern anerkannt werden, wenn die Ausbildung in diesem Fach im Hinblick auf die Aufgabenstellung, der sich der oder die Sachverständige zuwenden will, als geeignet anzusehen ist;</LA></DD><DT>2.</DT><DD Font="normal"><LA>während einer dreijährigen praktischen Tätigkeit Erfahrungen in den Prüfungsbereichen nach Anlage 2 erworben hat, für die die Bekanntgabe beantragt wird,</LA></DD><DT>3.</DT><DD Font="normal"><LA>über grundlegende Kenntnisse in Verfahrens- und Sicherheitstechnik und in systematischen Methoden der Gefahrenanalyse verfügt,</LA></DD><DT>4.</DT><DD Font="normal"><LA>in Bezug auf die beantragten Prüfungsbereiche über umfassende Fachkenntnisse sowie Kenntnisse in für die Anlagensicherheit maßgebenden Gesetzen, Verordnungen und Technischen Regeln verfügt.</LA></DD></DL>In begründeten Einzelfällen kann abweichend von Satz 1 Nummer 1 und 2 eine nicht akademische Ausbildung mit mindestens fünfjähriger beruflicher Praxis im Bekanntgabebereich anerkannt werden, wenn dies im Hinblick auf die Aufgabenstellung im Einzelfall als gleichwertig anzusehen ist.</P></Content></text></textdaten></norm>
<norm builddate="20231231214230" doknr="BJNR100100013BJNE000900000"><metadaten><jurabk>BImSchV 41</jurabk><enbez>§ 8</enbez><titel format="XML">Unabhängigkeit von Sachverständigen</titel></metadaten><textdaten><text format="XML"><Content><P>Die für eine Bekanntgabe gemäß § 29b Absatz 2 Satz 2 des Bundes-Immissionsschutzgesetzes erforderliche Unabhängigkeit eines Sachverständigen ist in der Regel dann nicht gegeben, wenn dieser <DL Type="arabic"><DT>1.</DT><DD Font="normal"><LA>Anlagen und Anlagenteile entwickelt, vertreibt, errichtet oder betreibt oder bei deren Entwicklung, Errichtung oder Betrieb mitwirkt oder mitgewirkt hat,</LA></DD><DT>2.</DT><DD Font="normal"><LA>sicherheitsrelevante Anlagen, insbesondere Schutzsysteme, herstellt oder vertreibt,</LA></DD><DT>3.</DT><DD Font="normal"><LA>organisatorisch, wirtschaftlich, personell oder hinsichtlich des Kapitals mit Dritten derart verflochten ist, dass deren Einflussnahme auf die jeweiligen Aufgaben nicht ausgeschlossen werden kann, oder wenn der Anschein einer solchen Einflussnahme besteht.</LA></DD></DL></P></Content></text></textdaten></norm>
<norm builddate="20231231214230" doknr="BJNR100100013BJNE001000000"><metadaten><jurabk>BImSchV 41</jurabk><enbez>§ 9</enbez><titel format="XML">Zuverlässigkeit von Sachverständigen</titel></metadaten><textdaten><text format="XML"><Content><P>(1) Die erforderliche Zuverlässigkeit im Sinne von § 29b Absatz 2 Satz 2 des Bundes-Immissionsschutzgesetzes liegt vor, wenn bekannt zu gebende Sachverständige auf Grund ihrer persönlichen Eigenschaften, ihres Verhaltens und ihrer Fähigkeiten zur ordnungsgemäßen Erfüllung der ihnen obliegenden Aufgaben geeignet sind.</P><P>(2) § 6 Absatz 2 und 3 ist entsprechend anzuwenden. Die erforderliche Zuverlässigkeit ist in der Regel auch dann nicht gegeben, wenn bekannt zu gebende Sachverständige die erforderlichen geistigen und körperlichen Voraussetzungen für ihre Tätigkeit nicht nur vorübergehend nicht erfüllen.</P></Content></text></textdaten></norm>
<norm builddate="20231231214230" doknr="BJNR100100013BJNE001100000"><metadaten><jurabk>BImSchV 41</jurabk><enbez>§ 10</enbez><titel format="XML">Gerätetechnische Ausstattung von Sachverständigen</titel></metadaten><textdaten><text format="XML"><Content><P>Bekannt zu gebende Sachverständige haben hinsichtlich der einzusetzenden Ausstattung, wie Geräten, Programmen und Informationsquellen, zu gewährleisten, dass diese ordnungsgemäß beschaffen ist, dem Stand der Technik entspricht und für die jeweilige Aufgabe geeignet ist, insbesondere dass <DL Type="arabic"><DT>1.</DT><DD Font="normal"><LA>die Bauart der Messgeräte und Messeinrichtungen dem Stand der Messtechnik entspricht,</LA></DD><DT>2.</DT><DD Font="normal"><LA>die erforderliche Aussagegenauigkeit der Ergebnisse sichergestellt ist und</LA></DD><DT>3.</DT><DD Font="normal"><LA>Messgrößen, für die der Einsatz geeichter Messgeräte vorgeschrieben ist, nur mit Messgeräten erfasst werden, die den eichrechtlichen Bestimmungen entsprechen; nicht geeichte Messgeräte und -einrichtungen müssen, sofern dies technisch möglich ist, entsprechend den Herstellerangaben kalibriert sowie auf ihre Funktionsfähigkeit geprüft sein.</LA></DD></DL></P></Content></text></textdaten></norm>
<norm builddate="20231231214230" doknr="BJNR100100013BJNE001200000"><metadaten><jurabk>BImSchV 41</jurabk><enbez>§ 11</enbez><titel format="XML">Hilfspersonal; Haftpflichtversicherung</titel></metadaten><textdaten><text format="XML"><Content><P>(1) Soweit die Durchführung sicherheitstechnischer Prüfungen im Sinne von § 29a des Bundes-Immissionsschutzgesetzes den Einsatz von Hilfspersonal erfordert, muss dieses in ausreichendem Umfang zur Verfügung stehen. Der Einsatz des Hilfspersonals muss durch einen zwischen dem Hilfspersonal und dem oder der Sachverständigen oder dem Arbeitgeber des oder der Sachverständigen geschlossenen Vertrag sichergestellt sein.</P><P>(2) Sachverständige haben sich zu verpflichten, Hilfspersonal nur zur Vorbereitung von Gutachten auf Grund von sicherheitstechnischen Prüfungen im Sinne von § 29a des Bundes-Immissionsschutzgesetzes hinzuzuziehen und das Hilfspersonal dabei nur insoweit mit Teilarbeiten zu beschäftigen, als sie dessen Mitarbeit ordnungsgemäß überwachen können. Durch das Hinzuziehen von Hilfspersonal darf der Charakter einer persönlichen Leistung des oder der Sachverständigen nicht verloren gehen.</P><P>(3) Für Hilfspersonal gelten § 9 Absatz 1 und § 6 Absatz 2 und 3 entsprechend. Hilfspersonal muss über eine ausreichende Fachkunde zur Wahrnehmung der ihm zu überlassenden Aufgaben verfügen.</P><P>(4) Sachverständige haben den Abschluss einer Haftpflichtversicherung für Personen-, Sach- und Umweltschäden mit einer Deckungssumme von mindestens 2,5 Millionen Euro pro Schadensfall nachzuweisen.</P></Content></text></textdaten></norm>
<norm builddate="20231231214230" doknr="BJNR100100013BJNG000500000"><metadaten><jurabk>BImSchV 41</jurabk><gliederungseinheit><gliederungskennzahl>030</gliederungskennzahl><gliederungsbez>Abschnitt 3</gliederungsbez><gliederungstitel>Bekanntgabeverfahren; Nebenbestimmungen</gliederungstitel></gliederungseinheit></metadaten><textdaten/></norm>
<norm builddate="20231231214230" doknr="BJNR100100013BJNE001300000"><metadaten><jurabk>BImSchV 41</jurabk><enbez>§ 12</enbez><titel format="XML">Antrag; behördliches Verfahren; Bekanntgabeentscheidung</titel></metadaten><textdaten><text format="XML"><Content><P>(1) Der Antragsteller oder die Antragstellerin hat dem Antrag auf Bekanntgabe oder Erweiterung einer Bekanntgabe die Unterlagen beizufügen, die zum Nachweis der Fachkunde, der Unabhängigkeit, der Zuverlässigkeit sowie der gerätetechnischen Ausstattung erforderlich sind.</P><P>(2) Die Bekanntgabe erfolgt durch die zuständige Behörde des Landes, in dem der Antragsteller oder die Antragstellerin seinen oder ihren Geschäftssitz hat, und gilt für das gesamte Bundesgebiet; besteht kein Geschäftssitz im Inland, so ist das Land zuständig, in dem die Tätigkeit erstmalig ausgeübt werden soll. Die Bekanntgabe erfolgt bei Stellen bezogen auf den jeweils beantragten Prüfbereich nach Anlage 1 und bei Sachverständigen bezogen auf den jeweils beantragten Prüfungsbereich nach Anlage 2. Die Bekanntgabe kann mit einem Vorbehalt des Widerrufs, mit Bedingungen und Auflagen und dem Vorbehalt von Auflagen versehen werden. Verfahren nach dieser Vorschrift können über eine einheitliche Stelle abgewickelt werden. Das Verfahren für die Prüfung des Antrags auf Bekanntgabe muss innerhalb von vier Monaten abgeschlossen sein; § 42a Absatz 2 Satz 2 bis 4 des Verwaltungsverfahrensgesetzes ist anzuwenden.</P><P>(3) Die Länder unterrichten sich gegenseitig über Bekanntgaben, Ablehnungen von Anträgen und Widerrufe von Bekanntgaben. Bekanntgaben sind im Internet zu veröffentlichen.</P></Content></text></textdaten></norm>
<norm builddate="20231231214230" doknr="BJNR100100013BJNE001401116"><metadaten><jurabk>BImSchV 41</jurabk><enbez>§ 13</enbez><titel format="XML">Nachweise der Fachkunde und gerätetechnischen Ausstattung</titel></metadaten><textdaten><text format="XML"><Content><P>(1) Der Nachweis der Fachkunde und der gerätetechnischen Ausstattung ist für bekannt zu gebende Stellen durch Vorlage einer Akkreditierung der Akkreditierungsstelle (Kompetenznachweis) zu erbringen. Der Kompetenznachweis muss für alle in die Bekanntgabeentscheidung einzubeziehenden Standorte der Stelle die Fachkunde und gerätetechnische Ausstattung für die beantragten Prüfbereiche nach Anlage 1 belegen und die Ergebnisse der letzten zwei Ringversuchsteilnahmen dokumentieren. Abweichend von den Sätzen 1 und 2 ist der Kompetenznachweis für den Prüfbereich des Tätigkeitsbereichs Gruppe III der Anlage 1 durch eine Bescheinigung gemäß Abschnitt 7 der VDI-Richtlinie 4208 Blatt 2, Ausgabe Oktober 2011, zu erbringen.</P><P>(2) Sachverständige müssen dem Bekanntgabeantrag für jeden Prüfungsbereich nach Anlage 2, auf den sich der Antrag bezieht, mindestens eine Arbeitsprobe beifügen. Arbeitsproben sind schriftliche oder elektronische Ergebnisse von Prüfungen oder Gutachten, die hinsichtlich Anforderungen und Aufgabenstellung mit sicherheitstechnischen Prüfungen gemäß § 29a des Bundes-Immissionsschutzgesetzes vergleichbar sind, oder wissenschaftliche Arbeiten. Die Arbeitsproben müssen erkennen lassen, dass sie vollständig von dem Antragsteller oder der Antragstellerin angefertigt wurden. Sofern die Arbeitsproben nicht vollständig von dem Antragsteller oder der Antragstellerin angefertigt wurden, müssen sie erkennen lassen, in welchen Teilen sie von dem Antragsteller oder der Antragstellerin angefertigt wurden.</P><P>(3) Ungeachtet der Anforderungen des Absatzes 2 kann die zuständige Behörde ein Fachgespräch mit dem oder der bekannt zu gebenden Sachverständigen führen. Die gerätetechnische Ausstattung des oder der bekannt zu gebenden Sachverständigen kann vor Ort überprüft werden. Von einer Überprüfung vor Ort und einem Fachgespräch kann abgesehen werden, wenn eine Bekanntgabe für die betreffenden Prüfungsbereiche bereits besteht oder wegen Fristablaufs nicht mehr besteht und erneut beantragt wird.</P></Content></text><fussnoten/></textdaten></norm>
<norm builddate="20231231214230" doknr="BJNR100100013BJNE001500000"><metadaten><jurabk>BImSchV 41</jurabk><enbez>§ 14</enbez><titel format="XML">Gleichwertigkeit von Befähigungsnachweisen aus anderen Mitgliedstaaten der Europäischen Union</titel></metadaten><textdaten><text format="XML"><Content><P>(1) Anerkennungen aus einem anderen Mitgliedstaat der Europäischen Union oder einem anderen Vertragsstaat des Abkommens über den Europäischen Wirtschaftsraum stehen Bekanntgaben nach § 29b Absatz 1 des Bundes-Immissionsschutzgesetzes in Verbindung mit § 12 Absatz 2 dieser Verordnung gleich, wenn sie ihnen gleichwertig sind. Bei der Prüfung des Antrags auf Bekanntgabe nach § 12 Absatz 2 stehen Nachweise aus einem anderen Mitgliedstaat der Europäischen Union oder einem anderen Vertragsstaat des Abkommens über den Europäischen Wirtschaftsraum inländischen Nachweisen gleich, wenn aus ihnen hervorgeht, dass der Antragsteller oder die Antragstellerin die betreffenden Bekanntgabevoraussetzungen oder die auf Grund ihrer Zielsetzung im Wesentlichen vergleichbaren Anforderungen des Ausstellungsstaates erfüllt.</P><P>(2) Nachweise über die gleichwertige Anerkennung nach Absatz 1 Satz 1 und sonstige Nachweise nach Absatz 1 Satz 2 sind der zuständigen Behörde im Original oder in Kopie vorzulegen; die Vorlage der Nachweise über die gleichwertige Anerkennung hat vor Aufnahme der Tätigkeit zu erfolgen. Eine Beglaubigung der Kopie sowie eine beglaubigte deutsche Übersetzung können verlangt werden. Hinsichtlich der Überprüfung der erforderlichen Fachkunde des Antragstellers oder der Antragstellerin gilt § 36a Absatz 1 Satz 2, Absatz 2 und 4 Satz 4 der Gewerbeordnung entsprechend; bei vorübergehender und nur gelegentlicher Tätigkeit eines oder einer Staatsangehörigen eines anderen Mitgliedstaates der Europäischen Union oder eines anderen Vertragsstaates des Abkommens über den Europäischen Wirtschaftsraum gilt hinsichtlich der erforderlichen Fachkunde § 13a Absatz 2 Satz 2 bis 5 und Absatz 3 der Gewerbeordnung entsprechend. Eignungsprüfungen gemäß § 13a Absatz 3 und § 36a Absatz 2 der Gewerbeordnung sind vor einer für Bekanntgaben zuständigen Behörde abzulegen.</P><P>(3) Im Fall des § 13a Absatz 3 der Gewerbeordnung sind Anpassungslehrgänge für die Fachkunde von Sachverständigen im Sinne von § 29b Absatz 2 des Bundes-Immissionsschutzgesetzes nur in den Fällen des § 7 Nummer 3 und 4 zulässig; die Anpassungslehrgänge müssen eine Abschlussprüfung beinhalten.</P></Content></text></textdaten></norm>
<norm builddate="20231231214230" doknr="BJNR100100013BJNE001601116"><metadaten><jurabk>BImSchV 41</jurabk><enbez>§ 15</enbez><titel format="XML">Nebenbestimmungen</titel></metadaten><textdaten><text format="XML"><Content><P>(1) Die Bekanntgabe von Stellen ist auf längstens fünf Jahre zu befristen. Falls der Kompetenznachweis für einen kürzeren Zeitraum gilt, ist die Frist entsprechend zu verkürzen. Wird die Kompetenz durch Bescheinigung nach § 13 Absatz 1 Satz 3 nachgewiesen, erfolgt die Bekanntgabe für einen Zeitraum von fünf Jahren mit der Maßgabe, dass die nach der VDI-Richtlinie 4208 Blatt 2, Ausgabe Oktober 2011, alle zwei Jahre zu erbringende Bescheinigung unverzüglich der zuständigen Behörde vorzulegen ist.</P><P>(2) Die Bekanntgabe von Sachverständigen ist auf längstens acht Jahre zu befristen.</P></Content></text><fussnoten/></textdaten></norm>
<norm builddate="20231231214230" doknr="BJNR100100013BJNG000600000"><metadaten><jurabk>BImSchV 41</jurabk><gliederungseinheit><gliederungskennzahl>040</gliederungskennzahl><gliederungsbez>Abschnitt 4</gliederungsbez><gliederungstitel>Pflichten bekannt gegebener Stellen und Sachverständiger</gliederungstitel></gliederungseinheit></metadaten><textdaten/></norm>
<norm builddate="20231231214230" doknr="BJNR100100013BJNE001700000"><metadaten><jurabk>BImSchV 41</jurabk><enbez>§ 16</enbez><titel format="XML">Pflichten bekannt gegebener Stellen</titel></metadaten><textdaten><text format="XML"><Content><P>(1) Die nach Gesetz, Satzung oder Gesellschaftsvertrag zur Vertretung oder Geschäftsführung berechtigten Personen der bekannt gegebenen Stelle sind verpflichtet, <DL Type="arabic"><DT>1.</DT><DD Font="normal"><LA>wesentliche Änderungen, die die Erfüllung der Voraussetzungen der Bekanntgabe betreffen, unverzüglich der zuständigen Behörde mitzuteilen, insbesondere diejenigen, die <DL Type="alpha"><DT>a)</DT><DD Font="normal"><LA>die Veränderung der personellen Ausstattung oder die Fachkunde des in § 4 genannten Personals betreffen,</LA></DD><DT>b)</DT><DD Font="normal"><LA>sich auf den Gesellschaftsvertrag, die Aufnahme oder den Wechsel eines Gesellschafters oder einer Gesellschafterin, Änderungen der Kapital- oder Beteiligungsverhältnisse, die Rechtsform, die Bezeichnung oder den Sitz der Stelle beziehen,</LA></DD><DT>c)</DT><DD Font="normal"><LA>die Unabhängigkeit berühren,</LA></DD><DT>d)</DT><DD Font="normal"><LA>die Zuverlässigkeit betreffen oder</LA></DD><DT>e)</DT><DD Font="normal"><LA>die gerätetechnische Ausstattung betreffen,</LA></DD></DL></LA></DD><DT>2.</DT><DD Font="normal"><LA>die gerätetechnische Ausstattung jeweils dem Stand der Technik anzupassen,</LA></DD><DT>3.</DT><DD Font="normal"><LA>zu dulden, dass Beauftragte der für die Bekanntgabe zuständigen Behörde des Landes, in dem die Stelle tätig wird, an Ermittlungen teilnehmen oder das Ergebnis der Ermittlung kostenpflichtig überprüfen,</LA></DD><DT>4.</DT><DD Font="normal"><LA>keine Aufträge anzunehmen, bei denen mögliche Beeinträchtigungen der Unparteilichkeit das Ergebnis beeinflussen könnten.</LA></DD></DL></P><P>(2) Betriebs- oder Geschäftsgeheimnisse sowie Geheimnisse zum Schutz öffentlicher Belange, die den bekannt gegebenen Stellen im Zusammenhang mit ihrer Tätigkeit bekannt geworden sind, müssen vor unbefugter Offenbarung gewahrt bleiben. Das Personal ist durch die nach Gesetz, Satzung oder Gesellschaftsvertrag zur Vertretung oder Geschäftsführung berechtigten Personen der bekannt gegebenen Stelle entsprechend zu verpflichten.</P><P>(3) Die Vergabe von Unteraufträgen an andere Stellen ist nicht zulässig. Ausgenommen sind Analysen von Stoffen entsprechend Anlage 1 Buchstabe B Zeile 5 Stoffbereich Sa.</P><P>(4) Bekannt gegebene Stellen sind darüber hinaus verpflichtet, <DL Type="arabic"><DT>1.</DT><DD Font="normal"><LA>für die Ermittlungen im Rahmen der Bekanntgabe ein Qualitätssicherungssystem auf der Grundlage der DIN EN ISO/IEC 17025, Ausgabe 2005 mit Berichtigungen vom Mai 2007, zu betreiben und ständig fortzuschreiben,</LA></DD><DT>2.</DT><DD Font="normal"><LA>sich vor Aufnahme der Tätigkeit in einem Land über länderspezifische Anforderungen an die Tätigkeit, die Art und Weise der Übermittlung der Ergebnisse sowie qualitätssichernde Maßnahmen, die die Mitwirkung der Stelle erfordern, zu informieren,</LA></DD><DT>3.</DT><DD Font="normal"><LA>der zuständigen Behörde des Landes, in dem die Stelle tätig wird, auf Verlangen alle Unterlagen zur Verfügung zu stellen, die notwendig sind, um die Tätigkeit der Stellen und die Qualität der Ermittlungsergebnisse zu überwachen,</LA></DD><DT>4.</DT><DD Font="normal"><LA>die Messpläne und Messterminanzeigen fristgerecht an die in dem Land der Ermittlungsdurchführung für die Bekanntgabe und die für die Überwachung der zu prüfenden Anlage zuständige Behörde auf deren Verlangen zu übermitteln und abzustimmen,</LA></DD><DT>5.</DT><DD Font="normal"><LA>bei Vorliegen bundeseinheitlicher Kriterien Messberichte nach diesen Kriterien zu erstellen,</LA></DD><DT>6.</DT><DD Font="normal"><LA>den für die Bekanntgabe zuständigen Behörden der Länder, in denen die Stelle tätig geworden ist, bis zum 31. März eines Jahres mitzuteilen, welche Ermittlungen im Vorjahr gemäß Bekanntgabebescheid durchgeführt worden sind,</LA></DD><DT>7.</DT><DD Font="normal"><LA>zweimal im Bekanntgabezeitraum unter Einbeziehung aller Standorte sowie des fachkundigen Personals dieser Standorte auf eigene Kosten <DL Type="alpha"><DT>a)</DT><DD Font="normal"><LA>an anerkannten Ringversuchen teilzunehmen, deren Veranstalter hierfür eine Akkreditierung der Akkreditierungsstelle besitzen, oder</LA></DD><DT>b)</DT><DD Font="normal"><LA>an entsprechenden Maßnahmen zur Qualitätssicherung teilzunehmen, falls keine Ringversuche angeboten werden,</LA></DD></DL>und deren Ergebnisse unverzüglich der für die Bekanntgabe zuständigen Behörde vorzulegen,</LA></DD><DT>8.</DT><DD Font="normal"><LA>der für die Bekanntgabe zuständigen Behörde auf Verlangen alle erforderlichen Unterlagen über im Rahmen der Bekanntgabe durchgeführte Ermittlungen vorzulegen und</LA></DD><DT>9.</DT><DD Font="normal"><LA>die regelmäßige Teilnahme des in § 4 genannten Personals an Fortbildungsmaßnahmen zum Immissionsschutzrecht sicherzustellen.</LA></DD></DL></P><P>(5) Abweichend von Absatz 4 Nummer 1 ist für den Prüfbereich des Tätigkeitsbereiches Gruppe III Nummer 1 der Anlage 1 ein Qualitätssicherungssystem auf der Grundlage der DIN EN ISO 9001, Ausgabe Dezember 2008, ausreichend.</P><P>(6) Bekannt gegebene Stellen müssen ihre Geschäftspolitik in Bezug auf Ermittlungen so ausrichten, dass sie bei der Wahrnehmung der Aufgaben keinen wirtschaftlichen oder finanziellen Einflüssen von außen unterworfen sind. Die Ausrichtung der Tätigkeit auf einen oder wenige Auftraggeber ist nicht zulässig, wenn durch den Wegfall eines solchen Auftraggebers die wirtschaftliche Existenz der Stelle gefährdet wäre.</P></Content></text></textdaten></norm>
<norm builddate="20231231214230" doknr="BJNR100100013BJNE001802116"><metadaten><jurabk>BImSchV 41</jurabk><enbez>§ 17</enbez><titel format="XML">Pflichten bekannt gegebener Sachverständiger</titel></metadaten><textdaten><text format="XML"><Content><P>(1) Für bekannt gegebene Sachverständige gilt § 16 Absatz 1 Nummer 1 Buchstabe c bis e und Nummer 2 und 3 entsprechend. Sie sind zusätzlich verpflichtet, <DL Font="normal" Type="arabic"><DT>1.</DT><DD Font="normal"><LA Size="normal">neben den im Rahmen ihrer Aufträge anzufertigenden Prüfungsberichten Erfahrungen, die bei der Durchführung der sicherheitstechnischen Prüfungen und der Prüfungen sicherheitstechnischer Unterlagen gemacht werden, so aufzuzeichnen, dass sie ausgewertet werden können; die Aufzeichnungen müssen insbesondere Folgendes enthalten: <DL Font="normal" Type="alpha"><DT>a)</DT><DD Font="normal"><LA Size="normal">Angaben über Anlagenart, Grund, Zeitpunkt, Gegenstand und Umfang der Prüfung,</LA></DD><DT>b)</DT><DD Font="normal"><LA Size="normal">Angaben über die bei der Prüfung festgestellten Mängel sowie Vorschläge zu deren Abhilfe,</LA></DD><DT>c)</DT><DD Font="normal"><LA Size="normal">grundlegende Folgerungen für die Verbesserung der Anlagensicherheit, einschließlich Störfallvorsorge, sowie</LA></DD><DT>d)</DT><DD Font="normal"><LA Size="normal">Angaben über eingegangene Beschwerden, getroffene Abhilfe und Maßnahmen zur Verbesserung der Qualität der Prüfung;</LA></DD></DL></LA></DD><DT>2.</DT><DD Font="normal"><LA Size="normal">die vorgenannten Aufzeichnungen einmal jährlich zusammenzufassen und der zuständigen Behörde auf Verlangen vorzulegen;</LA></DD><DT>3.</DT><DD Font="normal"><LA Size="normal">Aufzeichnungen über die gerätetechnische Ausstattung bereitzuhalten;</LA></DD><DT>4.</DT><DD Font="normal"><LA Size="normal">innerhalb von drei Monaten nach Ablauf eines Kalenderjahres den zuständigen Behörden über jede durchgeführte Prüfung einen Bericht nach behördlichen Vorgaben vorzulegen, in dem eine Zusammenfassung der bei der jeweiligen Prüfung festgestellten bedeutsamen Mängel sowie eine Zusammenfassung der grundlegenden Folgerungen für die Verbesserung der Anlagensicherheit, einschließlich Störfallvorsorge, enthalten ist;</LA></DD><DT>5.</DT><DD Font="normal"><LA Size="normal">die vom Bundesministerium für Umwelt, Naturschutz und nukleare Sicherheit im Bundesanzeiger veröffentlichten sicherheitstechnischen Regeln zu berücksichtigen;</LA></DD><DT>6.</DT><DD Font="normal"><LA Size="normal">einen Prüfauftrag nicht anzunehmen, wenn sie im Rahmen <DL Font="normal" Type="alpha"><DT>a)</DT><DD Font="normal"><LA Size="normal">der Planung oder des Genehmigungsverfahrens,</LA></DD><DT>b)</DT><DD Font="normal"><LA Size="normal">der Erstellung des Konzepts zur Verhinderung von Störfällen,</LA></DD><DT>c)</DT><DD Font="normal"><LA Size="normal">der Erstellung des Sicherheitsberichts oder</LA></DD><DT>d)</DT><DD Font="normal"><LA Size="normal">der Erstellung des internen Alarm- und Gefahrenabwehrplans</LA></DD></DL>für den Betreiber der Anlage, auf die sich der Prüfungsauftrag beziehen soll, Aufträge durchgeführt haben, durch die sie bei einer nachfolgenden Prüfungstätigkeit in einen Interessenskonflikt geraten könnten;</LA></DD><DT>7.</DT><DD Font="normal"><LA Size="normal">zur Aufrechterhaltung der Fachkunde <DL Font="normal" Type="alpha"><DT>a)</DT><DD Font="normal"><LA Size="normal">sich entsprechend der Entwicklung des Standes der Technik und der Sicherheitstechnik fortzubilden und</LA></DD><DT>b)</DT><DD Font="normal"><LA Size="normal">alle zwei Jahre an einem vom Bundesministerium für Umwelt, Naturschutz und nukleare Sicherheit autorisierten Meinungs- und Erfahrungsaustausch teilzunehmen;</LA></DD></DL></LA></DD><DT>8.</DT><DD Font="normal"><LA Size="normal">den Schutz von Betriebs- und Geschäftsgeheimnissen sowie von Geheimnissen aus Gründen der öffentlichen Sicherheit zu gewährleisten.</LA></DD></DL></P><P>(2) In begründeten Einzelfällen können Unteraufträge an andere Sachverständige vergeben werden; vor der Vergabe ist der zuständigen Behörde der Unterauftrag nebst Begründung anzuzeigen.</P></Content></text><fussnoten/></textdaten></norm>
<norm builddate="20231231214230" doknr="BJNR100100013BJNG000700000"><metadaten><jurabk>BImSchV 41</jurabk><gliederungseinheit><gliederungskennzahl>050</gliederungskennzahl><gliederungsbez>Abschnitt 5</gliederungsbez><gliederungstitel>Widerruf</gliederungstitel></gliederungseinheit></metadaten><textdaten/></norm>
<norm builddate="20231231214230" doknr="BJNR100100013BJNE001900000"><metadaten><jurabk>BImSchV 41</jurabk><enbez>§ 18</enbez><titel format="XML">Widerruf der Bekanntgabe</titel></metadaten><textdaten><text format="XML"><Content><P>(1) Ergeben sich aus Berichten von bekannt gegebenen Stellen oder Sachverständigen, aus Gutachten, aus den Ergebnissen von Ringversuchen oder anderen Informationsquellen Anhaltspunkte für den Wegfall von Bekanntgabevoraussetzungen oder für die Nichtbefolgung von Auflagen der Bekanntgabe oder von Pflichten nach Abschnitt 4, so überprüft die zuständige Behörde, die die Bekanntgabe vorgenommen hat, ob die Bekanntgabevoraussetzungen noch erfüllt sind. Sie kann hierfür von den bekannt gegebenen Stellen oder Sachverständigen die Vorlage von Unterlagen und die Erteilung von Auskünften verlangen und die Überprüfung der gerätetechnischen Ausstattung vor Ort durchführen oder durch Dritte durchführen lassen.</P><P>(2) Ergibt die Überprüfung nach Absatz 1, dass die Bekanntgabevoraussetzungen ganz oder teilweise nicht mehr erfüllt sind, widerruft die zuständige Behörde ganz oder teilweise die Bekanntgabe.</P></Content></text></textdaten></norm>
<norm builddate="20231231214230" doknr="BJNR100100013BJNG000800000"><metadaten><jurabk>BImSchV 41</jurabk><gliederungseinheit><gliederungskennzahl>060</gliederungskennzahl><gliederungsbez>Abschnitt 6</gliederungsbez><gliederungstitel>Pflichten von Anlagenbetreibern</gliederungstitel></gliederungseinheit></metadaten><textdaten/></norm>
<norm builddate="20231231214230" doknr="BJNR100100013BJNE002000000"><metadaten><jurabk>BImSchV 41</jurabk><enbez>§ 19</enbez><titel format="XML">Gleichwertigkeit von Anerkennungen</titel></metadaten><textdaten><text format="XML"><Content><P>(1) Nachweise von nicht nach dieser Verordnung bekannt gegebenen Stellen oder Sachverständigen über die Gleichwertigkeit ihrer Anerkennungen aus anderen Mitgliedstaaten der Europäischen Union oder anderen Vertragsstaaten des Abkommens über den Europäischen Wirtschaftsraum hat der Betreiber der zuständigen Behörde, auch im Fall einer vorübergehenden und nur gelegentlichen Tätigkeit dieser Stellen oder Sachverständigen, vor Beginn der jeweiligen Ermittlung oder der sicherheitstechnischen Prüfung im Original oder in Kopie vorzulegen. Die zuständige Behörde kann eine Beglaubigung der Kopie verlangen. Sie kann darüber hinaus verlangen, dass die Nachweise in beglaubigter deutscher Übersetzung vorgelegt werden.</P><P>(2) Die zuständige Behörde prüft die Gleichwertigkeit der nicht inländischen Anerkennung mit den Bekanntgabevoraussetzungen und teilt dem Betreiber das Ergebnis mit.</P></Content></text></textdaten></norm>
<norm builddate="20231231214230" doknr="BJNR100100013BJNG000900000"><metadaten><jurabk>BImSchV 41</jurabk><gliederungseinheit><gliederungskennzahl>070</gliederungskennzahl><gliederungsbez>Abschnitt 7</gliederungsbez><gliederungstitel>Schlussvorschriften</gliederungstitel></gliederungseinheit></metadaten><textdaten/></norm>
<norm builddate="20231231214230" doknr="BJNR100100013BJNE002100000"><metadaten><jurabk>BImSchV 41</jurabk><enbez>§ 20</enbez><titel format="XML">Zugänglichkeit der Normen</titel></metadaten><textdaten><text format="XML"><Content><P>VDI-Richtlinien, ISO-, DIN- und DIN-EN-Normen, auf die in dieser Verordnung verwiesen wird, sind bei der Beuth-Verlag GmbH, Berlin, zu beziehen und sind in der Deutschen Nationalbibliothek archivmäßig gesichert niedergelegt.</P></Content></text></textdaten></norm>
<norm builddate="20231231214230" doknr="BJNR100100013BJNE002200000"><metadaten><jurabk>BImSchV 41</jurabk><enbez>§ 21</enbez><titel format="XML">Übergangsvorschriften</titel></metadaten><textdaten><text format="XML"><Content><P>Bestehende Bekanntgaben für Stellen und Sachverständige, die vor dem 2. Mai 2013 erteilt wurden, gelten in ihrem bisherigen Geltungsbereich fort, bis eine neue bundesweite Bekanntgabe erfolgt. Abweichend von Satz 1 gilt § 16 mit Ausnahme von Absatz 4 Nummer 2 für bestehende Bekanntgaben für Stellen und gelten § 11 Absatz 4 und § 17 für bestehende Bekanntgaben für Sachverständige jeweils ab dem 2. Mai 2013.</P></Content></text></textdaten></norm>
<norm builddate="20231231214230" doknr="BJNR100100013BJNE002300000"><metadaten><jurabk>BImSchV 41</jurabk><enbez>Anlage 1</enbez><titel format="XML">(zu § 2 Nummer 1, § 4 Absatz 1, § 12 Absatz 2, § 13 Absatz 1 und § 16 Absatz 3 und 5)<BR/>Prüfbereiche für Stellen</titel></metadaten><textdaten><text format="XML"><Content><P><noindex><kommentar typ="Fundstelle">(Fundstelle: BGBl. I 2013, 1008)</kommentar></noindex></P><BR/><BR/><P>Prüfbereiche ergeben sich aus der Kombination von Tätigkeitsbereichen (A.) und Stoffbereichen (B.).</P><P><B>A. Tätigkeitsbereiche</B><table colsep="1" frame="all" pgwide="1" rowsep="1" tocentry="%yes;"><tgroup align="left" char="" charoff="50" cols="7"><colspec colname="col1" colnum="1" colwidth="8*"/><colspec colname="col2" colnum="2" colwidth="30*"/><colspec colname="col3" colnum="3" colwidth="30*"/><colspec colname="col4" colnum="4" colwidth="30*"/><colspec colname="col5" colnum="5" colwidth="30*"/><colspec colname="col6" colnum="6" colwidth="30*"/><colspec colname="col7" colnum="7" colwidth="30*"/><thead valign="bottom"><row><entry VJ="1" align="center" colname="col1">Nr.</entry><entry VJ="1" align="center" colname="col2">Gruppe I<BR/> Ermittlung der Emissionen<BR/> (Luft)</entry><entry VJ="1" align="center" colname="col3">Gruppe II<BR/> Überprüfung des ordnungsgemäßen Einbaus und der Funktion sowie Kalibrierung<BR/> kontinuierlich<BR/> arbeitender<BR/> Emissionsmess-<BR/> einrichtungen<BR/> Voraussetzung ist Gruppe I</entry><entry VJ="1" align="center" colname="col4">Gruppe III<BR/> Überprüfung<BR/> instationär<BR/> genutzter<BR/> Messeinrichtungen<BR/> (Luft)</entry><entry VJ="1" align="center" colname="col5">Gruppe IV<BR/> Ermittlung der<BR/> Immissionen<BR/> (Luft)</entry><entry VJ="1" align="center" colname="col6">Gruppe V<BR/> Ermittlung von<BR/> Geräuschen</entry><entry VJ="1" align="center" colname="col7">Gruppe VI<BR/> Ermittlung von<BR/> Erschütterungen</entry></row></thead><tbody valign="top"><row><entry VJ="1" colname="col1">1</entry><entry VJ="1" colname="col2">Messaufgaben nach §§ 26, 28 BImSchG und entsprechende Messaufgaben nach Verordnungen zur Durchführung des BImSchG</entry><entry VJ="1" colname="col3">Überprüfungen und Kalibrierungen von Messeinrichtungen an Anlagen, die eine gerätetechnische Ausstattung und Kenntnisse und Erfahrungen erfordern</entry><entry VJ="1" colname="col4">Überprüfungen und Kalibrierungen von Messeinrichtungen, die im nicht stationären Betrieb eingesetzt werden</entry><entry VJ="1" colname="col5">§§ 26, 28 BImSchG und entsprechende Messaufgaben nach Verordnungen zur Durchführung des BImSchG</entry><entry VJ="1" colname="col6">§§ 26, 28 BImSchG und entsprechende Messaufgaben nach Verordnungen zur Durchführung des BImSchG</entry><entry VJ="1" colname="col7">§§ 26, 28 BImSchG und entsprechende Messaufgaben nach Verordnungen zur Durchführung des BImSchG</entry></row><row><entry VJ="1" colname="col1">2</entry><entry VJ="1" colname="col2">Nummer 1 und Messaufgaben, die eine spezielle gerätetechnische Ausstattung und spezielle Erfahrungen des fachkundigen Personals erfordern</entry><entry VJ="1" colname="col3">Nummer 1 und Überprüfungen und Kalibrierungen von Messeinrichtungen an Anlagen, die eine spezielle gerätetechnische Ausstattung und spezielle Erfahrungen des fachkundigen Personals erfordern</entry><entry VJ="1" colname="col4"/><entry VJ="1" colname="col5"/><entry VJ="1" colname="col6"/><entry VJ="1" colname="col7"/></row></tbody></tgroup></table></P><P><B>B. Stoffbereiche</B><table colsep="1" frame="all" pgwide="1" rowsep="1" tocentry="%yes;"><tgroup align="left" char="" charoff="50" cols="2"><colspec colname="col1" colnum="1" colwidth="10*"/><colspec colname="col2" colnum="2" colwidth="70*"/><thead valign="bottom"><row valign="middle"><entry VJ="1" align="center" colname="col1">Kennung</entry><entry VJ="1" align="center" colname="col2">Aufgabenbereich (für die Gruppen I, II und IV)</entry></row></thead><tbody valign="top"><row><entry VJ="1" colname="col1">P</entry><entry VJ="1" colname="col2">partikelförmige und an Partikeln adsorbierte Stoffe</entry></row><row><entry VJ="1" colname="col1">G</entry><entry VJ="1" colname="col2">gasförmige anorganische und organische Stoffe</entry></row><row><entry VJ="1" colname="col1">O</entry><entry VJ="1" colname="col2">Gerüche</entry></row><row><entry VJ="1" colname="col1">Sp</entry><entry VJ="1" colname="col2">spezielle Probenahme von Stoffen, die einen besonderen Aufwand bei der Probenahme oder Analyse erfordern</entry></row><row><entry VJ="1" colname="col1">Sa</entry><entry VJ="1" align="justify" colname="col2">spezielle Analyse von Stoffen, die einen besonderen Aufwand bei der Probenahme oder Analyse erfordern</entry></row></tbody></tgroup></table></P><P>Die Bekanntgabe innerhalb der vorgenannten Tätigkeits- und Stoffbereiche ist begrenzt durch die im Bekanntgabeverfahren vorgelegte Akkreditierung mit den dort beschriebenen Mess- und Untersuchungsmethoden. Grundsätzlich gilt für eine bekannt gegebene Stelle das Gebot der Einheit von Probenahme und Analytik; davon ausgenommen sind die besonders aufwändigen Messverfahren in den Stoffbereichen Sp und Sa.</P></Content></text></textdaten></norm>
<norm builddate="20231231214230" doknr="BJNR100100013BJNE002400000"><metadaten><jurabk>BImSchV 41</jurabk><enbez>Anlage 2</enbez><titel format="XML">(zu § 2 Nummer 5, § 7 Nummer 2, § 12 Absatz 2 und § 13 Absatz 2)<BR/>Prüfungsbereiche für Sachverständige</titel></metadaten><textdaten><text format="XML"><Content><P><noindex><kommentar typ="Fundstelle">(Fundstelle: BGBl. I 2013, 1009 - 1010)</kommentar></noindex></P><BR/><BR/><P>Prüfungsbereiche ergeben sich aus der Kombination von Anlagenarten (A.) und Fachgebieten (B.).</P><P><B>A. Anlagenarten</B><DL Font="normal" Type="arabic"><DT>1.</DT><DD Font="normal"><LA Size="normal">Anlagenarten oder Gruppen von Anlagenarten gemäß Anhang 1 der Vierten Verordnung zur Durchführung des Bundes-Immissionsschutzgesetzes (Verordnung über genehmigungsbedürftige Anlagen – 4. BImSchV) in der jeweils gültigen Fassung, auch soweit die dort genannten Schwellen unterschritten werden;</LA></DD><DT>2.</DT><DD Font="normal"><LA Size="normal">nicht genehmigungsbedürftige Anlagenarten, die Betriebsbereich oder Teil eines Betriebsbereichs sein können.</LA></DD></DL></P><P><B>B. Fachgebiete</B><table colsep="1" frame="all" pgwide="1" rowsep="1" tocentry="%yes;"><tgroup align="left" char="" charoff="50" cols="3"><colspec colname="col1" colnum="1" colwidth="10*"/><colspec colname="col2" colnum="2" colwidth="75*"/><colspec align="justify" colname="col3" colnum="3" colwidth="105*"/><thead valign="bottom"><row><entry VJ="1" align="center" colname="col1">Nr.</entry><entry VJ="1" align="center" colname="col2">Fachgebiet</entry><entry VJ="1" align="center" colname="col3">Beschreibung</entry></row></thead><tbody valign="top"><row><entry VJ="1" colname="col1">1</entry><entry VJ="1" colname="col2">Auslegung von Anlagen und Anlagenteilen</entry><entry VJ="1" colname="col3">Auslegung (Festigkeit, Dimensionierung, Standsicherheit etc.) von Anlagen, Anlagenteilen, Apparaten, Rohrleitungen u. Ä. unter besonderer Berücksichtigung der Beanspruchungen bei einer Störung des bestimmungsgemäßen Betriebs</entry></row><row><entry VJ="1" colname="col1">2</entry><entry VJ="1" colname="col2">Errichtung von Anlagen und Anlagenteilen</entry><entry VJ="1" colname="col3"/></row><row><entry VJ="1" colname="col1">2.1</entry><entry VJ="1" colname="col2">Prüfung von Anlagenteilen vor Ort</entry><entry VJ="1" colname="col3">Prüfungen von Anlagenteilen und Komponenten während der Errichtung vor Ort; Prüfungen vor Ort, wie z. B. nach Vorgaben des technischen Regelwerkes; Funktionsprüfungen</entry></row><row><entry VJ="1" colname="col1">2.2</entry><entry VJ="1" colname="col2">Qualitätssicherung, Prüfung auf Konformität</entry><entry VJ="1" colname="col3">Qualitätssicherung der Errichtung, Prüfung von Anlagen auf Konformität mit den vorliegenden Unterlagen (z. B. Genehmigungsunterlagen, Baupläne) und den Gegebenheiten vor Ort</entry></row><row><entry VJ="1" colname="col1">3</entry><entry VJ="1" colname="col2">verfahrenstechnische Prozessführung</entry><entry VJ="1" colname="col3">verfahrenstechnische Prozessführung und Auslegung von Anlagen oder Anlagenteilen sowie Beherrschung von Störungen des bestimmungsgemäßen Betriebs, beispielsweise Projektierung, Anlagenplanung, Erstellung oder Prüfung von Anlagenschutzkonzepten (z. B. Brandschutz, Explosionsschutz, Mess-, Steuer- und Regeltechnik (MSR-Technik), Prozessleittechnik (PLT)</entry></row><row><entry VJ="1" colname="col1">4</entry><entry VJ="1" colname="col2">Instandhaltung von Anlagen</entry><entry VJ="1" colname="col3"/></row><row><entry VJ="1" colname="col1">5</entry><entry VJ="1" colname="col2">Statik von baulichen Anlagenteilen</entry><entry VJ="1" colname="col3">Prüfung der Auslegung bzw. der Statik von Anlagenteilen (einschließlich der für diese relevanten Pflichten der 12. BImSchV – Störfallverordnung)</entry></row><row><entry VJ="1" colname="col1">6</entry><entry VJ="1" colname="col2">Werkstoffe</entry><entry VJ="1" colname="col3"/></row><row><entry VJ="1" colname="col1">6.1</entry><entry VJ="1" colname="col2">Werkstoffprüfung</entry><entry VJ="1" colname="col3">Werkstoffprüfung (Prüfinstitut, Prüflabor)</entry></row><row><entry VJ="1" colname="col1">6.2</entry><entry VJ="1" colname="col2">Werkstoffbeurteilung</entry><entry VJ="1" colname="col3">Werkstoffbeurteilung (Werkstoffeignung, Werkstoffverträglichkeit)</entry></row><row><entry VJ="1" colname="col1">7</entry><entry VJ="1" colname="col2">Versorgung mit Energien und Medien</entry><entry VJ="1" colname="col3"/></row><row><entry VJ="1" colname="col1">8</entry><entry VJ="1" colname="col2">umgebungsbedingte Gefahrenquellen</entry><entry VJ="1" colname="col3"/></row><row><entry VJ="1" colname="col1">9</entry><entry VJ="1" colname="col2">Elektrotechnik</entry><entry VJ="1" colname="col3"/></row><row><entry VJ="1" colname="col1">10</entry><entry VJ="1" colname="col2">MSR-/Prozessleittechnik</entry><entry VJ="1" colname="col3">Mess-, Steuer- und Regeltechnik, Prozessleittechnik (hard- und softwaremäßige Ausführung, Betrieb und Prüfung von MSR-Technik/PLT)</entry></row><row><entry VJ="1" colname="col1">11</entry><entry VJ="1" colname="col2">systematische Methoden der Gefahrenanalyse</entry><entry VJ="1" colname="col3"/></row><row><entry VJ="1" colname="col1">12</entry><entry VJ="1" colname="col2">Stoffeigenschaften</entry><entry VJ="1" colname="col3">chemische, physikalische, human- und ökotoxikologische Eigenschaften von Stoffen, Gemischen und Abfällen</entry></row><row><entry VJ="1" colname="col1">12.1</entry><entry VJ="1" colname="col2">Bewertung der Stoffeigenschaften</entry><entry VJ="1" colname="col3">Bewertung chemischer, physikalischer und reaktionstechnischer Eigenschaften von Stoffen, Gemischen und Abfällen</entry></row><row><entry VJ="1" colname="col1">12.2</entry><entry VJ="1" colname="col2">Ermittlung von Stoffeigenschaften</entry><entry VJ="1" colname="col3">Ermittlung chemischer, physikalischer und reaktionstechnischer Eigenschaften von Stoffen, Gemischen und Abfällen</entry></row><row><entry VJ="1" colname="col1">12.3</entry><entry VJ="1" colname="col2">spezielle toxikologische Fragestellungen</entry><entry VJ="1" colname="col3">Bearbeitung von speziellen toxikologischen Fragestellungen zu Stoffen, Gemischen und Abfällen</entry></row><row><entry VJ="1" colname="col1">13</entry><entry VJ="1" colname="col2">Auswirkungsbetrachtungen</entry><entry VJ="1" colname="col3">Auswirkungen von Störfällen, anderen Schadensereignissen sowie sonstigen Störungen des bestimmungsgemäßen Betriebs, Ermittlung, Berechnung und Bewertung</entry></row><row><entry VJ="1" colname="col1">14</entry><entry VJ="1" colname="col2">betriebliche Alarm- und Gefahrenabwehrpläne</entry><entry VJ="1" colname="col3"/></row><row><entry VJ="1" colname="col1">15</entry><entry VJ="1" colname="col2">Brandschutz</entry><entry VJ="1" colname="col3"/></row><row><entry VJ="1" colname="col1">15.1</entry><entry VJ="1" colname="col2">Fachfragen zum Brandschutz einschließlich Löschwasserrückhaltung</entry><entry VJ="1" colname="col3">Prüfung von speziellen Fachfragen zum vorbeugenden, baulichen und abwehrenden Brandschutz, einschließlich Löschwasserrückhaltung</entry></row><row><entry VJ="1" colname="col1">15.2</entry><entry VJ="1" colname="col2">experimentelle Untersuchungen zum Brandschutz</entry><entry VJ="1" colname="col3">Durchführung von experimentellen Untersuchungen zum Brandschutz und zu Brandursachen</entry></row><row><entry VJ="1" colname="col1">16</entry><entry VJ="1" colname="col2">Explosionsschutz</entry><entry VJ="1" colname="col3"/></row><row><entry VJ="1" colname="col1">16.1</entry><entry VJ="1" colname="col2">Prüfung von speziellen Fachfragen zum Explosionsschutz</entry><entry VJ="1" colname="col3"/></row><row><entry VJ="1" colname="col1">16.2</entry><entry VJ="1" colname="col2">experimentelle Untersuchungen zum Explosionsschutz</entry><entry VJ="1" colname="col3">Durchführung von experimentellen Untersuchungen zum Explosionsschutz (Prüfinstitut, Prüflabor)</entry></row><row><entry VJ="1" colname="col1">17</entry><entry VJ="1" colname="col2">Sicherheitsmanagement und Betriebsorganisation</entry><entry VJ="1" colname="col3">Sicherheitsmanagement und Betriebsorganisation (Bearbeitung organisations- und managementspezifischer Fragestellungen)</entry></row><row><entry VJ="1" colname="col1">18</entry><entry VJ="1" colname="col2">Sonstiges</entry><entry VJ="1" colname="col3"/></row></tbody></tgroup></table></P></Content></text></textdaten></norm>
</dokumente>