<?xml version="1.0" encoding="UTF-8" ?><!DOCTYPE dokumente SYSTEM "http://www.gesetze-im-internet.de/dtd/1.01/gii-norm.dtd">
<dokumente builddate="20170101222207" doknr="BJNR063000009"><norm builddate="20170101222207" doknr="BJNR063000009"><metadaten><jurabk>FzgLiefgMeldV</jurabk><amtabk>FzgLiefgMeldV</amtabk><ausfertigung-datum manuell="ja">2009-03-18</ausfertigung-datum><fundstelle typ="amtlich"><periodikum>BGBl I</periodikum><zitstelle>2009, 630</zitstelle></fundstelle><langue>Fahrzeuglieferungs-Meldepflichtverordnung</langue><standangabe checked="ja"><standtyp>Stand</standtyp><standkommentar>Geändert durch Art. 21 Abs. 3 G v. 18.7.2016 I 1679</standkommentar></standangabe></metadaten><textdaten><fussnoten><Content><P><BR/> <pre xml:space="preserve">(+++ Textnachweis ab: 1.7.2010 +++)<BR/><BR/></pre></P></Content></fussnoten></textdaten></norm>
<norm builddate="20170101222207" doknr="BJNR063000009BJNE000100000"><metadaten><jurabk>FzgLiefgMeldV</jurabk><enbez>Eingangsformel</enbez></metadaten><textdaten><text format="XML"><Content><P>Auf Grund des § 18c Satz 1 und 2 Nr. 1 bis 4 des Umsatzsteuergesetzes in der Fassung der Bekanntmachung vom 21. Februar 2005 (BGBl. I S. 386) verordnet das Bundesministerium der Finanzen:</P></Content></text></textdaten></norm>
<norm builddate="20170101222207" doknr="BJNR063000009BJNE000201377"><metadaten><jurabk>FzgLiefgMeldV</jurabk><enbez>§ 1</enbez><titel format="XML">Gegenstand, Form und Frist der Meldung</titel></metadaten><textdaten><text format="XML"><Content><P>(1) Die in § 3 genannten Verpflichteten haben die innergemeinschaftliche Lieferung (§ 6a Abs. 1 und 2 des Umsatzsteuergesetzes) eines neuen Fahrzeuges im Sinne des § 1b Abs. 2 und 3 des Umsatzsteuergesetzes bis zum zehnten Tag nach Ablauf des Kalendervierteljahres, in dem die Lieferung ausgeführt worden ist (Meldezeitraum), dem Bundeszentralamt für Steuern nach § 2 zu melden, sofern der Abnehmer der Lieferung keine Umsatzsteuer-Identifikationsnummer eines anderen Mitgliedstaates der Europäischen Union verwendet. Die Meldung erfolgt nach amtlich vorgeschriebenem Datensatz für jedes gelieferte Fahrzeug jeweils gesondert. Sind einem Unternehmer die Fristen für die Abgabe der Voranmeldungen um einen Monat verlängert worden (§§ 46 bis 48 der Umsatzsteuer-Durchführungsverordnung) gilt diese Fristverlängerung auch für die Anzeigepflichten im Rahmen dieser Verordnung.</P><P>(2) Für die Form der Mitteilung gilt: <DL Type="arabic"><DT>1.</DT><DD Font="normal"><LA>Unternehmer im Sinne des § 2 des Umsatzsteuergesetzes haben die Meldungen nach Absatz 1 nach amtlich vorgeschriebenem Datensatz durch Datenfernübertragung zu übermitteln; auf Antrag kann das Finanzamt zur Vermeidung unbilliger Härten auf eine elektronische Übermittlung verzichten;</LA></DD><DT>2.</DT><DD Font="normal"><LA>Fahrzeuglieferer nach § 2a des Umsatzsteuergesetzes können die Meldung nach Absatz 1 auf elektronischem Weg übermitteln oder in Papierform abgeben.</LA></DD></DL></P></Content></text><fussnoten/></textdaten></norm>
<norm builddate="20170101222207" doknr="BJNR063000009BJNE000300000"><metadaten><jurabk>FzgLiefgMeldV</jurabk><enbez>§ 2</enbez><titel format="XML">Inhalt der Meldung</titel></metadaten><textdaten><text format="XML"><Content><P>Die abzugebende Meldung muss folgende Angaben enthalten: <DL Type="arabic"><DT>1.</DT><DD Font="normal"><LA>den Namen und die Anschrift des Lieferers,</LA></DD><DT>2.</DT><DD Font="normal"><LA>die Steuernummer und bei Unternehmern im Sinne des § 2 des Umsatzsteuergesetzes zusätzlich die Umsatzsteuer-Identifikationsnummer des Lieferers,</LA></DD><DT>3.</DT><DD Font="normal"><LA>den Namen und die Anschrift des Erwerbers,</LA></DD><DT>4.</DT><DD Font="normal"><LA>das Datum der Rechnung,</LA></DD><DT>5.</DT><DD Font="normal"><LA>den Bestimmungsmitgliedstaat,</LA></DD><DT>6.</DT><DD Font="normal"><LA>das Entgelt (Kaufpreis),</LA></DD><DT>7.</DT><DD Font="normal"><LA>die Art des Fahrzeugs (Land-, Wasser- oder Luftfahrzeug),</LA></DD><DT>8.</DT><DD Font="normal"><LA>den Fahrzeughersteller,</LA></DD><DT>9.</DT><DD Font="normal"><LA>den Fahrzeugtyp (Typschlüsselnummer),</LA></DD><DT>10.</DT><DD Font="normal"><LA>das Datum der ersten Inbetriebnahme, wenn dieses vor dem Rechnungsdatum liegt,</LA></DD><DT>11.</DT><DD Font="normal"><LA>den Kilometerstand (bei motorbetriebenen Landfahrzeugen), die Zahl der bisherigen Betriebsstunden auf dem Wasser (bei Wasserfahrzeugen) oder die Zahl der bisherigen Flugstunden (bei Luftfahrzeugen), wenn diese am Tag der Lieferung über Null liegen,</LA></DD><DT>12.</DT><DD Font="normal"><LA>die Kraftfahrzeug-Identifizierungs-Nummer (bei motorbetriebenen Landfahrzeugen), die Schiffs-Identifikations-Nummer (bei Wasserfahrzeugen) oder die Werknummer (bei Luftfahrzeugen).</LA></DD></DL></P></Content></text></textdaten></norm>
<norm builddate="20170101222207" doknr="BJNR063000009BJNE000400000"><metadaten><jurabk>FzgLiefgMeldV</jurabk><enbez>§ 3</enbez><titel format="XML">Meldepflichtiger</titel></metadaten><textdaten><text format="XML"><Content><P>Zur Meldung verpflichtet ist der Unternehmer (§ 2 des Umsatzsteuergesetzes) oder Fahrzeuglieferer (§ 2a des Umsatzsteuergesetzes), der die Lieferung des Fahrzeugs ausführt.</P></Content></text></textdaten></norm>
<norm builddate="20170101222207" doknr="BJNR063000009BJNE000500000"><metadaten><jurabk>FzgLiefgMeldV</jurabk><enbez>§ 4</enbez><titel format="XML">Ordnungswidrigkeit</titel></metadaten><textdaten><text format="XML"><Content><P>Ordnungswidrig im Sinne des § 26a Abs. 1 Nr. 6 des Umsatzsteuergesetzes handelt, wer vorsätzlich oder leichtfertig entgegen § 1 Abs. 1 Satz 1 eine Meldung nicht, nicht richtig, nicht vollständig oder nicht rechtzeitig macht.</P></Content></text></textdaten></norm>
<norm builddate="20170101222207" doknr="BJNR063000009BJNE000600000"><metadaten><jurabk>FzgLiefgMeldV</jurabk><enbez>§ 5</enbez><titel format="XML">Inkrafttreten</titel></metadaten><textdaten><text format="XML"><Content><P>Diese Verordnung tritt am 1. Juli 2010 in Kraft.</P></Content></text></textdaten></norm>
<norm builddate="20170101222207" doknr="BJNR063000009BJNE000700000"><metadaten><jurabk>FzgLiefgMeldV</jurabk><enbez>Schlussformel</enbez></metadaten><textdaten><text format="XML"><Content><P>Der Bundesrat hat zugestimmt.</P></Content></text></textdaten></norm>
</dokumente>