<?xml version="1.0" encoding="UTF-8" ?><!DOCTYPE dokumente SYSTEM "http://www.gesetze-im-internet.de/dtd/1.01/gii-norm.dtd">
<dokumente builddate="20210305212505" doknr="BJNR002450959"><norm builddate="20210305212505" doknr="BJNR002450959"><metadaten><jurabk>KoStrukStatG</jurabk><amtabk>KoStrukStatG</amtabk><ausfertigung-datum manuell="ja">1959-05-12</ausfertigung-datum><fundstelle typ="amtlich"><periodikum>BGBl I</periodikum><zitstelle>1959, 245</zitstelle></fundstelle><langue>Gesetz über Kostenstrukturstatistik</langue><standangabe checked="ja"><standtyp>Stand</standtyp><standkommentar>Zuletzt geändert durch Art. 2 G v. 22.2.2021 I 266</standkommentar></standangabe></metadaten><textdaten><fussnoten><Content><P><BR/> <pre xml:space="preserve">(+++ Textnachweis Geltung ab: 1.1.1976 +++)<BR/><BR/></pre></P></Content></fussnoten></textdaten></norm>
<norm builddate="20210305212505" doknr="BJNR002450959BJNE000104125"><metadaten><jurabk>KoStrukStatG</jurabk><enbez>§ 1</enbez></metadaten><textdaten><text format="XML"><Content><P>(1) In den Wirtschaftsbereichen „Arzt- und Zahnarztpraxen“ sowie „Praxen von psychologischen Psychotherapeutinnen und -therapeuten“ werden jährlich Kostenstrukturerhebungen als Bundesstatistik durchgeführt. Die jährliche Durchführung der Erhebungen erfolgt erstmals für das Jahr 2021. Die Erhebungen erstrecken sich auf die folgenden Wirtschaftszweige nach Anhang I zur Verordnung (EG) Nr. 1893/2006 des Europäischen Parlaments und des Rates vom 20. Dezember 2006 zur Aufstellung der statistischen Systematik der Wirtschaftszweige NACE Revision 2 und zur Änderung der Verordnung (EWG) Nr. 3037/90 des Rates sowie einiger Verordnungen der EG über bestimmte Bereiche der Statistik (ABl. L 393 vom 30.12.2006, S. 1), die zuletzt durch die Verordnung (EU) 2019/1243 (ABl. L 198 vom 25.7.2019, S. 241) geändert worden ist, in der jeweils geltenden Fassung sowie in Verbindung mit der vom Statistischen Bundesamt daraus erstellten Klassifikation der Wirtschaftszweige in der jeweils geltenden Fassung: <DL Font="normal" Type="arabic"><DT>1.</DT><DD Font="normal"><LA Size="normal">86.21.0 Arztpraxen für Allgemeinmedizin,</LA></DD><DT>2.</DT><DD Font="normal"><LA Size="normal">86.22.0 Facharztpraxen,</LA></DD><DT>3.</DT><DD Font="normal"><LA Size="normal">86.23.0 Zahnarztpraxen,</LA></DD><DT>4.</DT><DD Font="normal"><LA Size="normal">86.90.1 Praxen von psychologischen Psychotherapeutinnen und -therapeuten.</LA></DD></DL></P><P>(2) Erhebungseinheiten sind Unternehmen und Einrichtungen zur Ausübung einer freiberuflichen Tätigkeit, die in den Wirtschaftszweigen nach Absatz 1 Satz 3 tätig sind.</P><P>(3) Zu der freiberuflichen Tätigkeit nach Absatz 2 gehört die selbstständige Berufstätigkeit von Angehörigen der in § 18 Absatz 1 Nummer 1 Satz 2 des Einkommensteuergesetzes bezeichneten Berufe.</P><P>(4) Das Statistische Bundesamt übermittelt den statistischen Ämtern der Länder die Einzeldatensätze für ihr Land für Sonderaufbereitungen auf regionaler Ebene.</P></Content></text><fussnoten/></textdaten></norm>
<norm builddate="20210305212505" doknr="BJNR002450959BJNE000205125"><metadaten><jurabk>KoStrukStatG</jurabk><enbez>§ 2</enbez><titel format="XML">(weggefallen)</titel></metadaten><textdaten><text format="XML"><Content><P/></Content></text><fussnoten/></textdaten></norm>
<norm builddate="20210305212505" doknr="BJNR002450959BJNE000301125"><metadaten><jurabk>KoStrukStatG</jurabk><enbez>§ 3</enbez></metadaten><textdaten><text format="XML"><Content><P>(1) Die Kostenstrukturerhebungen nach § 1 erfassen folgende Tatbestände: <DL Font="normal" Type="arabic"><DT>1.</DT><DD Font="normal"><LA Size="normal">den Wert <DL Font="normal" Type="alpha"><DT>a)</DT><DD Font="normal"><LA Size="normal">der steuerlichen und wirtschaftlichen Einnahmen,</LA></DD><DT>b)</DT><DD Font="normal"><LA Size="normal">der Bruttoinvestitionen in Sachanlagen und immaterielle Vermögensgegenstände;</LA></DD></DL></LA></DD><DT>2.</DT><DD Font="normal"><LA Size="normal">die Kosten, untergliedert nach Kostenarten;</LA></DD><DT>3.</DT><DD Font="normal"><LA Size="normal">die beschäftigten Personen.</LA></DD></DL></P><P>(2) Außer den in Absatz 1 bezeichneten Tatbeständen werden Angaben zur Kennzeichnung der Art und Zusammenarbeit der Unternehmen und der Einrichtungen zur Ausübung einer freiberuflichen Tätigkeit erhoben, die zu einer zutreffenden Beurteilung der statistischen Zuordnung erforderlich sind. In den Wirtschaftszweigen „Arztpraxen für Allgemeinmedizin“ und „Facharztpraxen“ wird zusätzlich die Durchführung von Operationen erfasst. Im Wirtschaftszweig „Zahnarztpraxen“ wird zusätzlich der Betrieb eines eigenen Praxislabors erfasst.</P><P>(3) (weggefallen)</P></Content></text><fussnoten/></textdaten></norm>
<norm builddate="20210305212505" doknr="BJNR002450959BJNE000400312"><metadaten><jurabk>KoStrukStatG</jurabk><enbez>§ 4</enbez></metadaten><textdaten><text format="XML"><Content><P>Die Angaben zu den in § 3 Abs. 1 und 2 bezeichneten Tatbeständen beziehen sich jeweils auf ein dem Erhebungsjahr vorangegangenes Kalenderjahr oder Geschäftsjahr.</P></Content></text></textdaten></norm>
<norm builddate="20210305212505" doknr="BJNR002450959BJNE000505125"><metadaten><jurabk>KoStrukStatG</jurabk><enbez>§ 5</enbez></metadaten><textdaten><text format="XML"><Content><P>(1) Für die Erhebungen nach § 1 besteht Auskunftspflicht. Auskunftspflichtig sind die Inhaberinnen und Inhaber oder Leitungen der Unternehmen und der Einrichtungen zur Ausübung einer freiberuflichen Tätigkeit. Die Angaben zu § 6 Nummer 2 sind freiwillig.</P><P>(2) Die Erhebungen werden bei höchstens 7 Prozent der Gesamtzahl der Unternehmen und der Einrichtungen zur Ausübung einer freiberuflichen Tätigkeit (§ 1) für die einzelnen Wirtschaftszweige durchgeführt.</P><P>(3) Für Unternehmen und Einrichtungen zur Ausübung einer freiberuflichen Tätigkeit, deren Inhaber oder Inhaberinnen Existenzgründer oder Existenzgründerinnen sind, besteht im Kalenderjahr der Betriebseröffnung abweichend von Absatz 1 keine Auskunftspflicht. In den beiden folgenden Kalenderjahren besteht keine Auskunftspflicht, wenn die in Satz 1 genannten Unternehmen und Einrichtungen im letzten abgeschlossenen Geschäftsjahr Umsätze in Höhe von weniger als 800 000 Euro erwirtschaftet haben. Gesellschaften können sich auf die Befreiung von der Auskunftspflicht berufen, wenn alle an der Gesellschaft Beteiligten Existenzgründer oder Existenzgründerinnen sind.</P><P>(4) Existenzgründer und Existenzgründerinnen im Sinne von Absatz 3 sind natürliche Personen, die eine gewerbliche oder freiberufliche Tätigkeit in Form einer Neugründung, einer Übernahme oder einer tätigen Beteiligung aus abhängiger Beschäftigung oder aus der Nichtbeschäftigung heraus aufnehmen.</P></Content></text><fussnoten/></textdaten></norm>
<norm builddate="20210305212505" doknr="BJNR002450959BJNE000602123"><metadaten><jurabk>KoStrukStatG</jurabk><enbez>§ 6</enbez></metadaten><textdaten><text format="XML"><Content><P>Hilfsmerkmale der Erhebungen nach § 1 sind <DL Font="normal" Type="arabic"><DT>1.</DT><DD Font="normal"><LA Size="normal">Name, Anschrift, Telefonnummer und Adresse für elektronische Post der nach § 5 Absatz 1 Satz 2 Auskunftgebenden,</LA></DD><DT>2.</DT><DD Font="normal"><LA Size="normal">Name und Kontaktdaten der für Rückfragen zur Verfügung stehenden Personen.</LA></DD></DL></P></Content></text><fussnoten/></textdaten></norm>
<norm builddate="20210305212505" doknr="BJNR002450959BJNE000700312"><metadaten><jurabk>KoStrukStatG</jurabk><enbez>§ 7</enbez></metadaten><textdaten><text format="XML"><Content><P>Die Kostenstrukturstatistik wird vom Statistischen Bundesamt durchgeführt.</P></Content></text></textdaten></norm>
<norm builddate="20210305212505" doknr="BJNR002450959BJNE000801377"><metadaten><jurabk>KoStrukStatG</jurabk><enbez>(XXXX) §§ 8 und 9</enbez><titel format="XML">(weggefallen)</titel></metadaten><textdaten><text format="XML"><Content><P/></Content></text><fussnoten/></textdaten></norm>
<norm builddate="20210305212505" doknr="BJNR002450959BJNE001000312"><metadaten><jurabk>KoStrukStatG</jurabk><enbez>§ 10</enbez></metadaten><textdaten><text format="XML"><Content><P>Dieses Gesetz tritt am Tage nach seiner Verkündung in Kraft.</P></Content></text></textdaten></norm>
</dokumente>