<?xml version="1.0" encoding="UTF-8" ?><!DOCTYPE dokumente SYSTEM "http://www.gesetze-im-internet.de/dtd/1.01/gii-norm.dtd">
<dokumente builddate="20250103221533" doknr="BJNR149900002"><norm builddate="20250103221533" doknr="BJNR149900002"><metadaten><jurabk>FinDASaV</jurabk><ausfertigung-datum manuell="ja">2002-04-29</ausfertigung-datum><fundstelle typ="amtlich"><periodikum>BGBl I</periodikum><zitstelle>2002, 1499</zitstelle></fundstelle><langue>Verordnung über die Satzung der Bundesanstalt für Finanzdienstleistungsaufsicht</langue><standangabe checked="ja"><standtyp>Stand</standtyp><standkommentar>Zuletzt geändert durch Art. 22 G v. 24.6.2022 I 959</standkommentar></standangabe><standangabe checked="ja"><standtyp>Hinweis</standtyp><standkommentar>Änderung durch Art. 22 G v. 27.12.2024 I Nr. 438 textlich nachgewiesen, dokumentarisch noch nicht abschließend bearbeitet</standkommentar></standangabe></metadaten><textdaten><fussnoten><Content><P><BR/> <pre xml:space="preserve">(+++ Textnachweis ab: 1.5.2002 +++)<BR/>(+++ Text der Satzung s. FinDASa +++)</pre></P></Content></fussnoten></textdaten></norm>
<norm builddate="20250103221533" doknr="BJNR149900002BJNE000100000"><metadaten><jurabk>FinDASaV</jurabk><enbez>Eingangsformel</enbez></metadaten><textdaten><text format="XML"><Content><P>Auf Grund des § 5 Abs. 2 und 3 des Finanzdienstleistungsaufsichtsgesetzes vom 22. April 2002 (BGBl. I S. 1310) verordnet das Bundesministerium der Finanzen:</P></Content></text></textdaten></norm>
<norm builddate="20250103221533" doknr="BJNR149900002BJNE000200000"><metadaten><jurabk>FinDASaV</jurabk><enbez>§ 1</enbez></metadaten><textdaten><text format="XML"><Content><P>Die Bundesanstalt für Finanzdienstleistungsaufsicht erhält die anliegende Satzung.</P></Content></text></textdaten></norm>
<norm builddate="20250103221533" doknr="BJNR149900002BJNE000300000"><metadaten><jurabk>FinDASaV</jurabk><enbez>§ 2</enbez></metadaten><textdaten><text format="XML"><Content><P>Diese Verordnung tritt am 1. Mai 2002 in Kraft.</P></Content></text></textdaten></norm>
<norm builddate="20250103221533" doknr="BJNR149900002BJNE000501128"><metadaten><jurabk>FinDASaV</jurabk><enbez>Anlage</enbez><titel format="XML">(zu § 1)<BR/>Satzung der Bundesanstalt für Finanzdienstleistungsaufsicht</titel></metadaten><textdaten><text format="XML"><Content><P><noindex>(Text der Satzung siehe: FinDASa)</noindex></P></Content></text><fussnoten/></textdaten></norm>
</dokumente>