<?xml version="1.0" encoding="UTF-8" ?><!DOCTYPE dokumente SYSTEM "http://www.gesetze-im-internet.de/dtd/1.01/gii-norm.dtd">
<dokumente builddate="20240306214001" doknr="BJNR177600015"><norm builddate="20240306214001" doknr="BJNR177600015"><metadaten><jurabk>ElektroGGebV</jurabk><amtabk>ElektroGBattGGebV</amtabk><ausfertigung-datum manuell="ja">2015-10-20</ausfertigung-datum><fundstelle typ="amtlich"><periodikum>BGBl I</periodikum><zitstelle>2015, 1776</zitstelle></fundstelle><kurzue>Elektro- und Elektronikgerätegesetz-Batteriegesetz-Gebührenverordnung</kurzue><langue>Gebührenverordnung zum Elektro- und Elektronikgerätegesetz und zum Batteriegesetz</langue><standangabe checked="ja"><standtyp>Stand</standtyp><standkommentar>Zuletzt geändert durch Art. 1 V v. 6.12.2023 I Nr. 348</standkommentar></standangabe><standangabe checked="ja"><standtyp>Sonst</standtyp><standkommentar>Ersetzt V 2129-43-1 v. 6.7.2005 I 2020 (ElektroGKostV)</standkommentar></standangabe></metadaten><textdaten><fussnoten><Content><P><BR/> <pre xml:space="preserve">(+++ Textnachweis ab: 24.10.2015 +++)<BR/><BR/></pre>Überschrift: IdF d. Art. 1 Nr. 1 V v. 18.11.2020 I 2497 mWv 1.1.2021</P></Content></fussnoten></textdaten></norm>
<norm builddate="20240306214001" doknr="BJNR177600015BJNE000100000"><metadaten><jurabk>ElektroGGebV</jurabk><jurabk>ElektroGBattGGebV</jurabk><enbez>Eingangsformel</enbez></metadaten><textdaten><text format="XML"><Content><P>Auf Grund des § 22 Absatz 1 und 4 Satz 1 des Bundesgebührengesetzes vom 7. August 2013 (BGBl. I S. 3154) verordnet das Bundesministerium für Umwelt, Naturschutz, Bau und Reaktorsicherheit:</P></Content></text></textdaten></norm>
<norm builddate="20240306214001" doknr="BJNR177600015BJNE000204116"><metadaten><jurabk>ElektroGGebV</jurabk><jurabk>ElektroGBattGGebV</jurabk><enbez>§ 1</enbez><titel format="XML">Gebührenerhebung</titel></metadaten><textdaten><text format="XML"><Content><P>(1) Das Umweltbundesamt oder die nach § 40 Absatz 1 des Elektro- und Elektronikgerätegesetzes oder nach § 23 Absatz 1 des Batteriegesetzes beliehene Gemeinsame Stelle der Hersteller nach dem Elektro- und Elektronikgerätegesetz erhebt für gebührenfähige Leistungen des Umweltbundesamtes oder der beliehenen Gemeinsamen Stelle der Hersteller nach dem Elektro- und Elektronikgerätegesetz Gebühren nach <DL Font="normal" Type="arabic"><DT>1.</DT><DD Font="normal"><LA Size="normal">dem Bundesgebührengesetz vom 7. August 2013 (BGBl. I S. 3154), das zuletzt durch Artikel 2 des Gesetzes vom 16. Juli 2021 (BGBl. I S. 3019) geändert worden ist,</LA></DD><DT>2.</DT><DD Font="normal"><LA Size="normal">den nachfolgenden Bestimmungen und</LA></DD><DT>3.</DT><DD Font="normal"><LA Size="normal">dem zu dieser Verordnung als Anlage beigefügten Gebührenverzeichnis.</LA></DD></DL>Unterliegen die in Anlage genannten gebührenfähigen Leistungen der Umsatzsteuer, wird diese der Gebühr hinzugerechnet.</P><P>(2) Verwaltungsakte des Umweltbundesamtes oder der nach § 40 Absatz 1 des Elektro- und Elektronikgerätegesetzes oder nach § 23 Absatz 1 des Batteriegesetzes beliehenen Gemeinsamen Stelle nach Absatz 1 Satz 1 können unbeschadet des § 24 Absatz 1 Satz 3 des Verwaltungsverfahrensgesetzes vollständig durch automatische Einrichtungen erlassen werden, sofern kein Anlass besteht, den Einzelfall durch Amtsträger zu bearbeiten.</P></Content></text><fussnoten/></textdaten></norm>
<norm builddate="20240306214001" doknr="BJNR177600015BJNE000305360"><metadaten><jurabk>ElektroGGebV</jurabk><jurabk>ElektroGBattGGebV</jurabk><enbez>§ 2</enbez><titel format="XML">Gebührenermäßigung und Gebührenbefreiung</titel></metadaten><textdaten><text format="XML"><Content><P>(1) Das Umweltbundesamt oder die nach § 40 Absatz 1 des Elektro- und Elektronikgerätegesetzes oder nach § 23 Absatz 1 des Batteriegesetzes beliehene Gemeinsame Stelle der Hersteller nach dem Elektro- und Elektronikgerätegesetz kann auf Antrag die Gebühr nach den Nummern 1.1, 1.4 bis 1.6, 1.10, 2.1, 2.3 und 3.1 der Anlage ermäßigen oder von der Gebühr befreien, wenn die Anwendung der Regelgebühr unter Berücksichtigung folgender Punkte unverhältnismäßig wäre: <DL Font="normal" Type="arabic"><DT>1.</DT><DD Font="normal"><LA Size="normal">Menge der in Verkehr gebrachten Geräte oder Batterien,</LA></DD><DT>2.</DT><DD Font="normal"><LA Size="normal">wirtschaftlicher Wert der Registrierung für den Hersteller,</LA></DD><DT>3.</DT><DD Font="normal"><LA Size="normal">voraussichtliche Entsorgungskosten und</LA></DD><DT>4.</DT><DD Font="normal"><LA Size="normal">abfallwirtschaftliche Relevanz.</LA></DD></DL>Der Antrag muss Angaben zu allen Kriterien nach Satz 1 Nummer 1 bis 4 enthalten.</P><P>(2) Das Umweltbundesamt oder die nach § 40 Absatz 1 des Elektro- und Elektronikgerätegesetzes oder nach § 23 Absatz 1 des Batteriegesetzes beliehene Gemeinsame Stelle der Hersteller nach dem Elektro- und Elektronikgerätegesetz kann auf Antrag die Gebühr nach der Nummer 1.14 ermäßigen oder von der Gebühr befreien, wenn der Standort der Erstbehandlungsanlage anerkannt ist als Werkstatt für behinderte Menschen nach dem Neunten Buch Sozialgesetzbuch. Dem Antrag muss eine Kopie des entsprechenden Anerkennungsbescheids der Bundesagentur für Arbeit beigefügt sein.</P><P>(3) Der Antrag nach Absatz 1 oder Absatz 2 ist innerhalb von drei Monaten nach Bekanntgabe des Gebührenbescheids bei der Behörde oder bei der beliehenen Gemeinsamen Stelle zu stellen, die den Gebührenbescheid erlassen hat. Erfolgt keine Bekanntgabe, ist der Antrag nach Absatz 1 oder Absatz 2 spätestens innerhalb eines Jahres nach Entstehung der Gebührenschuld zu stellen. In den Fällen des Satzes 2 ist der Antrag bei der Behörde oder der beliehenen Gemeinsamen Stelle zu stellen, die für den Erlass des Gebührenbescheids zuständig ist.</P></Content></text><fussnoten/></textdaten></norm>
<norm builddate="20240306214001" doknr="BJNR177600015BJNE000410360"><metadaten><jurabk>ElektroGGebV</jurabk><jurabk>ElektroGBattGGebV</jurabk><enbez>§ 3</enbez><titel format="XML">Übergangsvorschriften</titel></metadaten><textdaten><text format="XML"><Content><P>(1) Diese Verordnung gilt auch für die Erhebung von Gebühren für gebührenfähige Leistungen, die am 1. Januar 2024 bereits beantragt oder begonnen wurden, aber noch nicht vollständig erbracht sind.</P><P>(2) Nummer 1.4 und 1.5 der Anlage gilt entsprechend für die Prüfung von Nachweisen gemäß § 6 Absatz 3 Satz 1 des Elektro- und Elektronikgerätegesetzes in der bis zum 23. Oktober 2015 geltenden Fassung in Verbindung mit § 46 Absatz 3 des Elektro- und Elektronikgerätegesetzes in der ab dem 24. Oktober 2015 geltenden Fassung.</P><P>(3) Soweit Anträge auf Gebührenbefreiung nach § 2 Absatz 2 in der bis zum 31. Dezember 2021 geltenden Fassung am 1. Januar 2022 bereits gestellt, aber noch nicht beschieden wurden, werden sie nach den Bestimmungen dieser Verordnung in der bis zum 31. Dezember 2021 geltenden Fassung beschieden.</P><P>(4) (weggefallen)</P></Content></text><fussnoten/></textdaten></norm>
<norm builddate="20240306214001" doknr="BJNR177600015BJNE000500000"><metadaten><jurabk>ElektroGGebV</jurabk><jurabk>ElektroGBattGGebV</jurabk><enbez>§ 4</enbez><titel format="XML">Inkrafttreten, Außerkrafttreten</titel></metadaten><textdaten><text format="XML"><Content><P>Diese Verordnung tritt am Tag nach der Verkündung in Kraft. Gleichzeitig tritt die Elektro- und Elektronikgerätegesetz-Kostenverordnung vom 6. Juli 2005 (BGBl. I S. 2020), die zuletzt durch Artikel 1 der Verordnung vom 28. November 2013 (BGBl. I S. 4094) geändert worden ist, außer Kraft.</P></Content></text></textdaten></norm>
<norm builddate="20240306214001" doknr="BJNR177600015BJNE000609360"><metadaten><jurabk>ElektroGGebV</jurabk><jurabk>ElektroGBattGGebV</jurabk><enbez>Anlage</enbez><titel format="XML">(zu § 1 Absatz 1)<BR/>Gebührenverzeichnis</titel></metadaten><textdaten><text format="XML"><Content><P><noindex><kommentar typ="Fundstelle">(Fundstelle: BGBl. 2023 I Nr. 348, S. 1 – 4)</kommentar></noindex></P><BR/><BR/><table colsep="1" frame="all" pgwide="1" rowsep="1" tocentry="%yes;"><tgroup align="left" char="" charoff="50" cols="3"><colspec align="center" colname="col1" colnum="1" colwidth="9*"/><colspec align="justify" colname="col2" colnum="2" colwidth="134*"/><colspec align="right" colname="col3" colnum="3" colwidth="22*"/><thead valign="bottom"><row valign="middle"><entry VJ="1" align="center" colname="col1">Nr.</entry><entry VJ="1" align="center" colname="col2">Gebührentatbestand</entry><entry VJ="1" align="center" colname="col3">Gebühr in<BR/> Euro</entry></row></thead><tbody valign="top"><row><entry VJ="1" align="center" colname="col1" nameend="col3" namest="col1">Abschnitt 1<BR/> Elektro- und Elektronikgerätegesetz (ElektroG)</entry></row><row><entry VJ="1" align="center" colname="col1" nameend="col3" namest="col1"><B><SP>Registrierung</SP><BR/> (§ 37 Absatz 1 ElektroG)</B></entry></row><row><entry VJ="1" colname="col1">1.1</entry><entry VJ="1" colname="col2"><B>Erteilung einer Registrierung nach § 37 Absatz 1 Satz 1 oder Satz 2 ElektroG</B><BR/> je Hersteller, Marke und Geräteart oder<BR/> je Bevollmächtigten, vertretenen Hersteller, Marke und Geräteart</entry><entry VJ="1" colname="col3">11,50</entry></row><row><entry VJ="1" colname="col1">1.2</entry><entry VJ="1" colname="col2"><B>Quartalsgebühr für Registrierungskontoinhaber</B><BR/> je Registrierungsnummer und je angefangenes Kalenderquartal</entry><entry VJ="1" colname="col3">43,90</entry></row><row><entry VJ="1" colname="col1">1.3</entry><entry VJ="1" colname="col2"><B>Bescheinigung über die Registrierungspflicht nach den §§ 6 und 37 Absatz 1 ElektroG</B><BR/> je Hersteller und Gerät oder<BR/> je Bevollmächtigten, vertretenen Hersteller und Gerät<BR/> jeweils nach Aufwand der Prüfung</entry><entry VJ="1" colname="col3">59,70<BR/> bis 1 733,50</entry></row><row><entry VJ="1" colname="col1">1.4</entry><entry VJ="1" colname="col2"><B>Prüfung einer herstellerindividuellen Garantie nach § 37 Absatz 1 Satz 3 ElektroG in Verbindung mit § 7 Absatz 1 und 2 Satz 1 Nummer 1 bis 3 ElektroG dem Grunde nach</B> (ohne Garantiebetragsprüfung)<BR/> je vorgelegte Garantie</entry><entry VJ="1" colname="col3">61,30</entry></row><row><entry VJ="1" colname="col1">1.5</entry><entry VJ="1" colname="col2"><B>Prüfung einer Garantie nach § 37 Absatz 1 Satz 3 ElektroG in Verbindung mit § 7 Absatz 1 und 2 ElektroG hinsichtlich des Garantiebetrages</B><BR/> je Hersteller oder je Bevollmächtigten und vertretenen Hersteller und<BR/> je Geräteart und angefangenes Kalenderjahr</entry><entry VJ="1" colname="col3">12,30</entry></row><row><entry VJ="1" colname="col1">1.6</entry><entry VJ="1" colname="col2"><B>Prüfung der Glaubhaftmachung nach § 37 Absatz 1 Satz 3 ElektroG auch in Verbindung mit § 7 Absatz 3 Satz 1 ElektroG und Prüfung des Vorliegens eines Rücknahmekonzepts nach § 37 Absatz 1 Satz 4 ElektroG</B><BR/> je Registrierung nach Nummer 1.1</entry><entry VJ="1" colname="col3">31,00</entry></row><row><entry VJ="1" align="center" colname="col1" nameend="col3" namest="col1"><B><SP>Benennung und Zulassung eines Bevollmächtigten,<BR/> Änderung und Ende der Beauftragung</SP><BR/> (§ 37 Absatz 2 und 7 ElektroG)</B></entry></row><row><entry VJ="1" colname="col1">1.7</entry><entry VJ="1" colname="col2"><B>Bestätigung der Benennung eines Bevollmächtigten oder der Änderung einer Beauftragung eines Bevollmächtigten nach § 37 Absatz 2 Satz 2 ElektroG</B><BR/> je Benennung oder<BR/> je Änderung</entry><entry VJ="1" colname="col3">49,70</entry></row><row><entry VJ="1" colname="col1">1.8</entry><entry VJ="1" colname="col2"><B>Bestätigung der Beendigung einer Beauftragung eines Bevollmächtigten nach § 37 Absatz 2 Satz 2 ElektroG</B><BR/> je Beendigungsbestätigung</entry><entry VJ="1" colname="col3">17,70</entry></row><row><entry VJ="1" colname="col1">1.9</entry><entry VJ="1" colname="col2"><B>Zulassung oder die Änderung der Zulassung eines Bevollmächtigten für mehr als 20 zeitgleich wirksame Registrierungen nach § 37 Absatz 7 ElektroG</B><BR/> je Zulassung oder<BR/> je Änderung der Zulassung</entry><entry VJ="1" colname="col3">2 997,30</entry></row><row><entry VJ="1" align="center" colname="col1" nameend="col3" namest="col1"><B><SP>Weitere Leistungen im Zusammenhang mit der Registrierung</SP><BR/> (§ 37 Absatz 5 ElektroG)</B></entry></row><row><entry VJ="1" colname="col1">1.10</entry><entry VJ="1" colname="col2"><B>Änderung der Registrierung im Hinblick auf die registrierte Geräteart nach § 37 Absatz 5 Satz 4 ElektroG</B><BR/> je Änderung der Registrierung nach Nummer 1.1</entry><entry VJ="1" colname="col3">31,80</entry></row><row><entry VJ="1" align="center" colname="col1" nameend="col3" namest="col1"><B><SP>Garantiesysteme</SP><BR/> (§ 37 Absatz 6 ElektroG)</B></entry></row><row><entry VJ="1" colname="col1">1.11</entry><entry VJ="1" colname="col2"><B>Kalenderjährliche Feststellung oder Ablehnung der Feststellung der Geeignetheit eines Systems für die Finanzierung der Entsorgung von Altgeräten nach § 37 Absatz 6 ElektroG in Verbindung mit § 7 Absatz 1 und 2 Satz 1 Nummer 4 ElektroG</B><BR/> je System und Kalenderjahr</entry><entry VJ="1" colname="col3">1 849,70</entry></row><row><entry VJ="1" colname="col1">1.12</entry><entry VJ="1" colname="col2"><B>Nachträgliche Änderung einer Feststellung nach Nummer 1.11 nach Änderung eines als für die Finanzierung der Entsorgung von Altgeräten nach § 37 Absatz 6 Satz 1 und 3 ElektroG in Verbindung mit § 7 Absatz 1 und 2 Satz 1 Nummer 4 ElektroG geeignet festgestellten Systems</B><BR/> je System und Änderung</entry><entry VJ="1" colname="col3">220,90</entry></row><row><entry VJ="1" align="center" colname="col1" nameend="col3" namest="col1"><B><SP>Entgegennahme und Prüfung<BR/> von Anzeigen öffentlich-rechtlicher Entsorgungsträger und<BR/> der Betreiber von Erstbehandlungsanlagen</SP><BR/> (§ 38 Absatz 2 ElektroG)</B></entry></row><row><entry VJ="1" colname="col1">1.13</entry><entry VJ="1" colname="col2"><B>Entgegennahme und Prüfung der Optierungsanzeige des öffentlich-rechtlichen Entsorgungsträgers nach § 38 Absatz 2 Satz 1 Nummer 2 und Satz 5 ElektroG in Verbindung mit § 25 Absatz 1 Satz 3 ElektroG</B><BR/> je Sammelgruppe und Anzeige</entry><entry VJ="1" colname="col3">64,50</entry></row><row><entry VJ="1" colname="col1">1.14</entry><entry VJ="1" colname="col2"><B>Entgegennahme und Prüfung der Anzeige der Betreiber einer Erstbehandlungsanlage nach § 38 Absatz 2 Satz 1 Nummer 3 und Satz 6 ElektroG in Verbindung mit § 25 Absatz 2 ElektroG</B><BR/> je Zertifikat und Anzeige</entry><entry VJ="1" colname="col3">124,90</entry></row><row><entry VJ="1" align="center" colname="col1" nameend="col3" namest="col1"><B><SP>Anordnungen</SP><BR/> (§ 15 Absatz 4 Satz 1, § 38 Absatz 3 ElektroG)</B></entry></row><row><entry VJ="1" colname="col1">1.15</entry><entry VJ="1" colname="col2"><B>Aufstellungsanordnung nach § 15 Absatz 4 Satz 1 ElektroG</B></entry><entry VJ="1" colname="col3">9,60</entry></row><row><entry VJ="1" colname="col1">1.16</entry><entry VJ="1" colname="col2"><B>Abholanordnung nach § 38 Absatz 3 ElektroG</B></entry><entry VJ="1" colname="col3">9,60</entry></row><row><entry VJ="1" align="center" colname="col1" nameend="col3" namest="col1"><B><SP>Berücksichtigungs- und Anrechnungsentscheidung</SP><BR/> (§ 38 Absatz 4 ElektroG)</B></entry></row><row><entry VJ="1" colname="col1">1.17</entry><entry VJ="1" colname="col2"><B>Entscheidung nach § 38 Absatz 4 ElektroG über die Berücksichtigung oder Anrechnung mitgeteilter Mengen</B><BR/> je Mengenmitteilung</entry><entry VJ="1" colname="col3">50,50</entry></row><row><entry VJ="1" align="center" colname="col1" nameend="col3" namest="col1">Abschnitt 2<BR/> Batteriegesetz (BattG)</entry></row><row><entry VJ="1" align="center" colname="col1" nameend="col3" namest="col1"><B><SP>Registrierung</SP><BR/> (§ 20 Absatz 1 BattG)</B></entry></row><row><entry VJ="1" colname="col1">2.1</entry><entry VJ="1" colname="col2"><B>Registrierung nach § 20 Absatz 1 Satz 1 oder Satz 2 BattG</B><BR/> je Hersteller, Marke und Batterieart oder<BR/> je Bevollmächtigten, vertretenen Hersteller, Marke und Batterieart</entry><entry VJ="1" colname="col3">41,40</entry></row><row><entry VJ="1" colname="col1">2.2</entry><entry VJ="1" colname="col2"><B>Bescheinigung über die Registrierungspflicht nach den §§ 4 und 20 Absatz 1 BattG</B><BR/> je Hersteller und Batterie oder<BR/> je Bevollmächtigten, vertretenen Hersteller und Batterie<BR/> jeweils nach Aufwand der Prüfung</entry><entry VJ="1" colname="col3">232,90<BR/> bis 6 755,40</entry></row><row><entry VJ="1" colname="col1">2.3</entry><entry VJ="1" colname="col2"><B>Prüfung der Einrichtung und des Betriebs eines Rücknahmesystems nach § 20 Absatz 1 Satz 3 BattG in Verbindung mit § 7 Absatz 1 Satz 1 BattG</B><BR/> je Hersteller oder<BR/> je Bevollmächtigten und vertretenen Hersteller</entry><entry VJ="1" colname="col3">14,40</entry></row><row><entry VJ="1" align="center" colname="col1" nameend="col3" namest="col1"><B><SP>Rücknahmesysteme</SP><BR/> (§ 20 Absatz 2 BattG)</B></entry></row><row><entry VJ="1" colname="col1">2.4</entry><entry VJ="1" colname="col2"><B>Genehmigung eines Rücknahmesystems nach § 20 Absatz 2 Satz 1 BattG</B><BR/> je Rücknahmesystem<BR/> jeweils nach Aufwand der Prüfung</entry><entry VJ="1" colname="col3">1 234,80<BR/> bis 14 817,70</entry></row><row><entry VJ="1" colname="col1">2.5</entry><entry VJ="1" colname="col2"><B>Änderung der Genehmigung eines Rücknahmesystems nach § 20 Absatz 2 Satz 1 BattG in Verbindung mit § 7 Absatz 3 Satz 1 oder Satz 2 BattG hinsichtlich der Wirkung für einzelne Hersteller oder deren Bevollmächtigte</B><BR/> je hinzutretenden oder ausscheidenden Hersteller oder<BR/> je hinzutretenden oder ausscheidenden Bevollmächtigten und vertretenen Hersteller</entry><entry VJ="1" colname="col3">33,60</entry></row><row><entry VJ="1" colname="col1">2.6</entry><entry VJ="1" colname="col2"><B>Sonstige Änderung oder nachträgliche Auflage zu der Genehmigung eines Rücknahmesystems nach § 20 Absatz 2 Satz 1 BattG, auch in Verbindung mit § 7 Absatz 2 Satz 4 BattG</B><BR/> je Änderung oder Auflage<BR/>jeweils nach Aufwand der Prüfung der Änderung oder Auflage</entry><entry VJ="1" colname="col3">120,10<BR/> bis 2 282,50</entry></row><row><entry VJ="1" colname="col1">2.7</entry><entry VJ="1" colname="col2"><B>Überprüfung der Voraussetzungen für die Genehmigung nach § 20 Absatz 2 Satz 2 BattG</B><BR/> je Rücknahmesystem und Überprüfung<BR/> jeweils nach Aufwand der Überprüfung</entry><entry VJ="1" colname="col3">615,00<BR/> bis 6 715,10</entry></row><row><entry VJ="1" align="center" colname="col1" nameend="col3" namest="col1"><B><SP>Anordnungen</SP><BR/> (§ 28 Absatz 1 BattG)</B></entry></row><row><entry VJ="1" colname="col1">2.8</entry><entry VJ="1" colname="col2"><B>Anordnung einer Angebotsabgabe nach § 28 Absatz 1 BattG in Verbindung mit § 7 Absatz 2 Satz 2 Nummer 1 BattG</B><BR/> je Rücknahmestelle und Rücknahmesystem</entry><entry VJ="1" colname="col3">127,00</entry></row><row><entry VJ="1" colname="col1">2.9</entry><entry VJ="1" colname="col2"><B>Anordnungen zur dauerhaften Sicherstellung der Erreichung des Sammelziels <NB>(dS-Faktor)</NB></B><BR/> mittels dS-Faktor nach § 28 Absatz 1 BattG in Verbindung mit § 7 Absatz 2 Satz 1 BattG</entry><entry VJ="1" colname="col3">0,80</entry></row><row><entry VJ="1" colname="col1">2.10</entry><entry VJ="1" colname="col2"><B>Sonstige Anordnungen nach § 28 Absatz 1 BattG</B><BR/> jeweils nach Aufwand der Anordnung</entry><entry VJ="1" colname="col3">28,60<BR/> bis 544,30</entry></row><row><entry VJ="1" align="center" colname="col1" nameend="col3" namest="col1">Abschnitt 3<BR/> Übergreifende Leistungen auf Grund des ElektroG oder des BattG</entry></row><row><entry VJ="1" colname="col1">3.1</entry><entry VJ="1" colname="col2"><B>Zustimmung zum Übergang der Registrierungen bei nur teilweiser Gesamtrechtsnachfolge nach § 37 Absatz 4 Satz 2 ElektroG<BR/> oder<BR/> bei gesellschaftsrechtlicher Änderung (Änderung von Firma, Ort der Niederlassung oder Sitz, Anschrift, Name des Vertretungsberechtigten sowie Änderung von Namen und Kontaktdaten des vertretenen Herstellers) Prüfung der Änderung der Registrierungen<BR/> – nach § 37 Absatz 1 Satz 1 oder Satz 2 ElektroG in Verbindung mit § 6 Absatz 1 Satz 4 ElektroG oder<BR/> – nach § 20 Absatz 1 Satz 1 oder Satz 2 BattG in Verbindung mit § 4 Absatz 1 Satz 4 BattG</B><BR/> je Hersteller oder<BR/> je Bevollmächtigter</entry><entry VJ="1" colname="col3">219,10</entry></row><row><entry VJ="1" colname="col1">3.2</entry><entry VJ="1" colname="col2"><B>Erhöhung der Gebühr<BR/> nach den Nummern 1.1 bis 1.8, 1.13 und 1.14 bei Antragstellung, Übermittlung der Nachweise oder Anzeigen außerhalb des zur Verfügung gestellten elektronischen Datenverarbeitungssystems im Sinne des § 37 Absatz 3 ElektroG, auch in Verbindung mit § 38 Absatz 2 Satz 2 ElektroG,<BR/>oder<BR/> nach den Nummern 2.1 bis 2.7 bei Antragstellung oder Übermittlung der Nachweise außerhalb des von der zuständigen Behörde zur Verfügung gestellten elektronischen Datenverarbeitungssystems im Sinne des § 4 Absatz 3 BattG oder des § 7 Absatz 6 BattG<BR/>oder<BR/> nach Nummer 3.1 bei Antragstellung oder Übermittlung der Nachweise außerhalb des von der zuständigen Behörde zur Verfügung gestellten elektronischen Datenverarbeitungssystems im Sinne des § 37 Absatz 3 ElektroG oder im Sinne des § 4 Absatz 3 BattG</B></entry><entry VJ="1" colname="col3">27,40<BR/> bis 247,10</entry></row></tbody></tgroup></table></Content></text><fussnoten/></textdaten></norm>
</dokumente>