<?xml version="1.0" encoding="UTF-8" ?><!DOCTYPE dokumente SYSTEM "http://www.gesetze-im-internet.de/dtd/1.01/gii-norm.dtd">
<dokumente builddate="20200904213007" doknr="BJNR214200998"><norm builddate="20200904213007" doknr="BJNR214200998"><metadaten><jurabk>FzTV</jurabk><amtabk>FzTV</amtabk><ausfertigung-datum manuell="ja">1998-08-12</ausfertigung-datum><fundstelle typ="amtlich"><periodikum>BGBl I</periodikum><zitstelle>1998, 2142</zitstelle></fundstelle><kurzue>Fahrzeugteileverordnung</kurzue><langue>Verordnung über die Prüfung und Genehmigung der Bauart von
Fahrzeugteilen sowie deren Kennzeichnung</langue><standangabe checked="ja"><standtyp>Stand</standtyp><standkommentar>Zuletzt geändert durch Art. 171 G v. 29.3.2017 I 626</standkommentar></standangabe></metadaten><textdaten><fussnoten><Content><P>(+++ Textnachweis ab: 19.11.1998 +++)</P></Content></fussnoten></textdaten></norm>
<norm builddate="20200904213007" doknr="BJNR214200998BJNE000600311"><metadaten><jurabk>FzTV</jurabk><enbez>Eingangsformel</enbez></metadaten><textdaten><text format="XML"><Content><P>Auf Grund des § 6 Abs. 1 Nr. 3 Buchstabe b und Abs. 3 des Straßenverkehrsgesetzes in der im Bundesgesetzblatt Teil III, Gliederungsnummer 9231-1, veröffentlichten bereinigten Fassung, die Eingangsworte in Absatz 1 Nr. 3 zuletzt geändert durch Artikel 1 Nr. 10 Buchstabe a Doppelbuchstabe ee Dreifachbuchstabe aaa des Gesetzes vom 24. April 1998 (BGBl. I S. 747), Absatz 3 eingefügt durch § 70 Abs. 1 Nr. 3 des Gesetzes vom 15. März 1974 (BGBl. I S. 721) und geändert gemäß Artikel 22 Nr. 3 der Verordnung vom 26. November 1986 (BGBl. I S. 2089), verordnet das Bundesministerium für Verkehr, hinsichtlich § 6 Abs. 3 nach Anhörung der zuständigen obersten Landesbehörden:</P></Content></text></textdaten></norm>
<norm builddate="20200904213007" doknr="BJNR214200998BJNG000100311"><metadaten><jurabk>FzTV</jurabk><gliederungseinheit><gliederungskennzahl>010</gliederungskennzahl><gliederungsbez>Abschnitt 1</gliederungsbez><gliederungstitel>Allgemeines</gliederungstitel></gliederungseinheit></metadaten><textdaten><text format="XML"><Content><P/></Content></text></textdaten></norm>
<norm builddate="20200904213007" doknr="BJNR214200998BJNE000700311"><metadaten><jurabk>FzTV</jurabk><enbez>§ 1</enbez><titel format="parat">Arten der Genehmigung von Fahrzeugteilen</titel></metadaten><textdaten><text format="XML"><Content><P>(1) Die in § 22a Abs. 1 der Straßenverkehrs-Zulassungs-Ordnung vorgeschriebene Genehmigung der Bauart von Fahrzeugteilen kann für die Bauart eines Typs (Allgemeine Bauartgenehmigung) oder eines einzelnen Fahrzeugteils (Bauartgenehmigung im Einzelfall - Einzelgenehmigung -) erteilt werden.</P><P>(2) Der in § 22a Abs. 1 der Straßenverkehrs-Zulassungs-Ordnung vorgeschriebenen Genehmigung steht die Genehmigung gleich, die ein anderer Staat für die Bauart eines der in § 22a Abs. 1 der Straßenverkehrs-Zulassungs-Ordnung genannten Fahrzeugteils unter Beachtung der mit der Bundesrepublik Deutschland vereinbarten Bedingungen erteilt hat.</P></Content> </text></textdaten></norm>
<norm builddate="20200904213007" doknr="BJNR214200998BJNG000200311"><metadaten><jurabk>FzTV</jurabk><gliederungseinheit><gliederungskennzahl>020</gliederungskennzahl><gliederungsbez>Abschnitt 2</gliederungsbez><gliederungstitel>Allgemeine Bauartgenehmigung
und Prüfzeichen</gliederungstitel></gliederungseinheit></metadaten><textdaten><text format="XML"><Content><P/></Content></text></textdaten></norm>
<norm builddate="20200904213007" doknr="BJNR214200998BJNE000800311"><metadaten><jurabk>FzTV</jurabk><enbez>§ 2</enbez><titel format="parat">Zulässigkeit der Bauartgenehmigung</titel></metadaten><textdaten><text format="XML"><Content><P>(1) Für reihenweise zu fertigende oder gefertigte Fahrzeugteile kann die Bauartgenehmigung dem Hersteller nach einer auf seine Kosten vorgenommenen Prüfung allgemein erteilt werden, wenn er die Gewähr für eine zuverlässige Ausübung der durch die Bauartgenehmigung verliehenen Befugnisse bietet. Bei Herstellung eines Typs durch mehrere Beteiligte kann diesen die Bauartgenehmigung gemeinsam erteilt werden. Für Fahrzeugteile, die im Ausland hergestellt worden sind, kann die Bauartgenehmigung erteilt werden <DL Font="normal" Type="arabic"><DT>1.</DT><DD Font="normal"><LA Size="normal">dem Hersteller oder seinem Beauftragten, wenn die Fahrzeugteile in einem Vertragsstaat des Abkommens über den Europäischen Wirtschaftsraum hergestellt worden sind,</LA></DD> <DT>2.</DT><DD Font="normal"><LA Size="normal">dem Beauftragten des Herstellers, wenn die Fahrzeugteile zwar nicht in einem Vertragsstaat des Abkommens über den Europäischen Wirtschaftsraum hergestellt worden sind, sie aber in das Inland aus einem Vertragsstaat des Abkommens über den Europäischen Wirtschaftsraum eingeführt wurden,</LA></DD> <DT>3.</DT><DD Font="normal"><LA Size="normal">in anderen Fällen dem Händler, der seine Berechtigung zum alleinigen Vertrieb der Fahrzeugteile im Inland nachweist.</LA></DD> </DL>In den Fällen des Satzes 3 Nr. 1 und 2 muß der Beauftragte seinen Sitz in einem Vertragsstaat des Abkommens über den Europäischen Wirtschaftsraum haben. In den Fällen des Satzes 3 Nr. 3 muß der Händler im Inland ansässig sein.</P><P>(2) Der Antragsteller nach Absatz 1 hat gegenüber dem Kraftfahrt-Bundesamt den Nachweis zu erbringen, daß in bezug auf die Übereinstimmung der reihenweise gefertigten Fahrzeugteile mit dem genehmigten Typ ein ausreichendes Qualitätssicherungssystem zugrunde liegt. Dieses liegt auch vor, wenn es den Grundsätzen der harmonisierten Norm EN ISO 9002 oder einem gleichwertigen Standard entspricht; §§ 19, 20 und 21 des Artikels 1 der Zwanzigsten Verordnung zur Änderung straßenverkehrsrechtlicher Vorschriften (Verordnung über die EG-Typgenehmigung für Fahrzeuge und Fahrzeugteile) vom 9. Dezember 1994 (BGBl. I S. 3755), geändert durch Artikel 2 der Verordnung vom 12. August 1997 (BGBl. I S. 2051), in der jeweils geltenden Fassung, sind entsprechend anzuwenden.</P></Content> </text></textdaten></norm>
<norm builddate="20200904213007" doknr="BJNR214200998BJNE000901305"><metadaten><jurabk>FzTV</jurabk><enbez>§ 3</enbez><titel format="XML">Anträge auf Bauartgenehmigung und Prüfung</titel></metadaten><textdaten><text format="XML"><Content><P>(1) Der Antrag auf Erteilung einer Bauartgenehmigung ist schriftlich oder elektronisch unter Angabe der Typbezeichnung beim Kraftfahrt-Bundesamt zu stellen. Dem Antrag ist das Gutachten der Prüfstelle nach § 6 beizufügen.</P><P>(2) Abweichend von Absatz 1 kann der Antrag an das Kraftfahrt-Bundesamt über die zuständige Prüfstelle nach § 5 mit dem an die Prüfstelle gerichteten Antrag auf Prüfung eingereicht werden. Dem an die Prüfstelle zu richtenden Antrag auf Prüfung sind für die jeweiligen Fahrzeugteile Muster und Unterlagen nach Anlage 1 beizufügen. Weitere sachdienliche Muster und Unterlagen sind der Prüfstelle auf Anforderung zur Verfügung zu stellen.</P><P>(3) Bei Prüfungen im Genehmigungsverfahren nach § 7 Abs. 2 sind dem Antrag auf Bauartgenehmigung die in den Bedingungen für das jeweilige Genehmigungsverfahren vorgeschriebenen Unterlagen und Muster beizufügen.</P></Content></text><fussnoten/></textdaten></norm>
<norm builddate="20200904213007" doknr="BJNR214200998BJNE001001305"><metadaten><jurabk>FzTV</jurabk><enbez>§ 4</enbez><titel format="XML">Erteilung der Bauartgenehmigung</titel></metadaten><textdaten><text format="XML"><Content><P>(1) Das Kraftfahrt-Bundesamt erteilt die Bauartgenehmigung schriftlich oder elektronisch. In der Bauartgenehmigung werden der genehmigte Typ, das zugeteilte Prüfzeichen sowie Nebenbestimmungen (§ 36 des Verwaltungsverfahrensgesetzes) und, soweit erforderlich, Ausnahmen von den Bestimmungen der Straßenverkehrs-Zulassungs-Ordnung festgelegt.</P><P>(2) Abweichungen vom genehmigten Typ sind nur zulässig, wenn die Bauartgenehmigung durch einen entsprechenden Nachtrag ergänzt worden ist oder wenn das Kraftfahrt-Bundesamt auf Anfrage schriftlich oder elektronisch erklärt, daß für die vorgesehene Änderung eine Nachtragsgenehmigung nicht erforderlich ist.</P></Content></text><fussnoten/></textdaten></norm>
<norm builddate="20200904213007" doknr="BJNR214200998BJNE001101308"><metadaten><jurabk>FzTV</jurabk><enbez>§ 5</enbez><titel format="XML">Prüfstellen</titel></metadaten><textdaten><text format="XML"><Content><P>(1) Für die Prüfungen sind Prüfstellen zuständig. Prüfstelle ist <DL Font="normal" Type="arabic"><DT>1.</DT><DD Font="normal"><LA Size="normal">eine der in Anlage 2 Teil 1 genannten für die Prüfung bestimmter Fahrzeugteile zuständigen Prüfstellen nach der vor dem 19. November 1998 geltenden Fassung der Fahrzeugteileverordnung,</LA></DD><DT>2.</DT><DD Font="normal"><LA Size="normal">die Technische Prüfstelle der ehemaligen Deutschen Demokratischen Republik in Dresden entsprechend Anlage 2 Teil 1 dieser Verordnung nach Anlage I Kapitel XI Sachgebiet B Abschnitt III Nr. 5 des Einigungsvertrages (BGBl. 1990 II S. 885, 1103),</LA></DD><DT>3.</DT><DD Font="normal"><LA>ein nach § 30 der EG-Fahrzeuggenehmigungsverordnung anerkannter Technischer Dienst.</LA></DD></DL></P><P>(2) Abweichend von Absatz 1 werden auch Prüfungen anerkannt, die von den zuständigen Prüfstellen eines Vertragsstaates des Abkommens über den Europäischen Wirtschaftsraum durchgeführt und bescheinigt sind und mit denen die nach dieser Verordnung vorgeschriebenen Anforderungen gleichermaßen dauerhaft erreicht werden.</P></Content></text><fussnoten/></textdaten></norm>
<norm builddate="20200904213007" doknr="BJNR214200998BJNE001200311"><metadaten><jurabk>FzTV</jurabk><enbez>§ 6</enbez><titel format="parat">Aufgaben der Prüfstelle</titel></metadaten><textdaten><text format="XML"><Content><P>(1) Die Prüfstelle hat zu prüfen, ob die Fahrzeugteile den Anforderungen entsprechen, die zur Einhaltung der Bestimmungen über den Bau und Betrieb von Fahrzeugen und Fahrzeugteilen zu stellen sind. Bei Fahrzeugteilen, die auch in eingebautem Zustand geprüft werden müssen, bestimmt die Prüfstelle das Nähere über die Durchführung.</P><P>(2) Die Prüfstelle hat über die Ergebnisse der Prüfungen ein Gutachten anzufertigen und zwei Ausfertigungen mit den geprüften und bestätigten Unterlagen dem Kraftfahrt-Bundesamt zu übersenden; eine Ausfertigung der geprüften und bestätigten Unterlagen verbleibt bei der Prüfstelle. Form und Gliederung der Gutachteninhalte bestimmt das Kraftfahrt-Bundesamt.</P><P>(3) Das Kraftfahrt-Bundesamt kann Ergänzungen zur Prüfung anordnen, insbesondere vom Antragsteller weitere sachdienliche Muster und Unterlagen anfordern oder bestimmen, daß Fahrzeugteile auch in eingebautem Zustand zu prüfen sind.</P></Content>  </text></textdaten></norm>
<norm builddate="20200904213007" doknr="BJNR214200998BJNE001301311"><metadaten><jurabk>FzTV</jurabk><enbez>§ 7</enbez><titel format="XML">Prüfzeichen</titel></metadaten><textdaten><text format="XML"><Content><P>(1) Das Prüfzeichen besteht aus einer Wellenlinie von drei Perioden, einem oder zwei Kennbuchstaben, einer Nummer und, soweit erforderlich, zusätzlichen Zeichen. Der Kennbuchstabe bezeichnet die Art der Fahrzeugteile nach folgender Aufstellung: <DL Font="normal" Type="arabic"><DT>D</DT><DD Font="normal"><LA Size="normal">für Sicherheitsglas und Folien zur Aufbringung auf Scheiben von Fahrzeugen</LA></DD><DT>E</DT><DD Font="normal"><LA Size="normal">für Fahrtschreiber</LA></DD><DT>F</DT><DD Font="normal"><LA Size="normal">für Auflaufbremsen und Teile davon</LA></DD><DT>G</DT><DD Font="normal"><LA Size="normal">(weggefallen)</LA></DD><DT>K</DT><DD Font="normal"><LA Size="normal">für lichttechnische Einrichtungen</LA></DD><DT>L</DT><DD Font="normal"><LA Size="normal">für Gleitschutzeinrichtungen</LA></DD><DT>M</DT><DD Font="normal"><LA Size="normal">für Einrichtungen zur Verbindung von Fahrzeugen</LA></DD><DT>R</DT><DD Font="normal"><LA Size="normal">für Reifen</LA></DD><DT>S</DT><DD Font="normal"><LA Size="normal">für Heizungen</LA></DD><DT>W</DT><DD Font="normal"><LA Size="normal">für Warneinrichtungen mit einer Folge von Klängen verschiedener Grundfrequenzen (Einsatzhorn).</LA></DD></DL>Werden Fahrzeugteile aus zwei unterschiedlichen Arten gemeinsam genehmigt, so enthält das Prüfzeichen beide Kennbuchstaben. Das Prüfzeichen wird vom Kraftfahrt-Bundesamt nach dem Muster in Anlage 3 zugeteilt.</P><P>(2) Ist das Genehmigungsverfahren unter Bedingungen durchgeführt worden, die von der Bundesrepublik Deutschland mit anderen Staaten vereinbart worden sind, so ist für das entsprechende Fahrzeugteil ein Prüfzeichen zuzuteilen. Dieses Fahrzeugteil darf weder von einer anderen Vertragspartei aufgrund der gleichen Bedingungen genehmigt, noch darf ihm ein Prüfzeichen zugeteilt worden sein. Das Prüfzeichen besteht aus einem Kreis, in dessen Innerem sich der Buchstabe &quot;E&quot; und die Kennzahl 1 für die Bundesrepublik Deutschland befinden, sowie aus der Genehmigungsnummer. Letztere muß außerhalb des Kreises angebracht sein. Im übrigen bestimmt das Kraftfahrt-Bundesamt aufgrund der internationalen Vereinbarungen, wie das Prüfzeichen anzuordnen ist. Es ergänzt das Prüfzeichen unter Beachtung der internationalen Vereinbarungen, wenn dieses erforderlich ist, um Mißverständnisse zu vermeiden.</P><P>(3) Prüfzeichen, die vor dem 19. November 1998 aufgrund von Bauartgenehmigungen zugeteilt wurden und Kennbuchstaben nach Anlage 2 Teil 2 enthalten, dürfen bis zum Erlöschen der jeweiligen Bauartgenehmigung weiterhin angebracht werden und gelten unverändert fort; dies gilt auch für den Unterscheidungsbuchstaben E für Fahrtschreiber, geprüft durch die Landeseichdirektion Nordrhein-Westfalen in Köln.</P><P>(4) Das zugeteilte Prüfzeichen ist auf jedem dem genehmigten Typ entsprechenden Fahrzeugteil in der vorgeschriebenen Anordnung gut lesbar, dauerhaft und jederzeit feststellbar anzubringen; dies gilt auch für das entsprechend der Bauartgenehmigung an- oder eingebaute Fahrzeugteil.</P></Content></text><fussnoten/></textdaten></norm>
<norm builddate="20200904213007" doknr="BJNR214200998BJNE001400311"><metadaten><jurabk>FzTV</jurabk><enbez>§ 8</enbez><titel format="parat">Verwahrung und Rückgabe der Muster und Unterlagen</titel></metadaten><textdaten><text format="XML"><Content><P>(1) Ist die Bauartgenehmigung erteilt worden, so ist je eine Ausfertigung der nach § 3 eingereichten und von der Prüfstelle geprüften und bestätigten Unterlagen beim Kraftfahrt-Bundesamt zu verwahren. Waren nach Anlage 1 zwei oder mehr Muster einzureichen, so hat die Prüfstelle je zwei Muster des genehmigten Fahrzeugteils mit dem Prüfzeichen zu versehen. Ein mit dem Prüfzeichen versehenes Muster ist bei der Prüfstelle zu verwahren, das andere und etwa vorgelegte weitere Muster sowie nicht mehr benötigte Unterlagen sind dem Antragsteller zurückzugeben. Die Prüfstelle hat dem Kraftfahrt-Bundesamt auf Verlangen das dem Hersteller zurückzugebende Muster vorzulegen. In diesem Fall versieht das Kraftfahrt-Bundesamt das Muster mit dem durch die Bauartgenehmigung zugeteilten Prüfzeichen und gibt es dem Antragsteller zurück. Mit Zustimmung des Kraftfahrt-Bundesamtes kann davon abgesehen werden, ein Muster bei der Prüfstelle aufzubewahren. In diesen Fällen hat der Antragsteller auf Verlangen des Kraftfahrt-Bundesamtes oder der Prüfstelle ein Muster oder Teile davon aufzubewahren und dem Kraftfahrt-Bundesamt oder der Prüfstelle auf Anforderung zur Verfügung zu stellen.</P><P>(2) Ist der Antrag auf Erteilung der Bauartgenehmigung abgelehnt worden, so sind die Muster und auf Antrag auch die sonstigen Unterlagen dem Antragsteller erst dann auszuhändigen, wenn die Ablehnung unanfechtbar geworden ist.</P></Content> </text></textdaten></norm>
<norm builddate="20200904213007" doknr="BJNR214200998BJNE001500311"><metadaten><jurabk>FzTV</jurabk><enbez>§ 9</enbez><titel format="parat">Übereinstimmung der Produktion</titel></metadaten><textdaten><text format="XML"><Content><P>(1) Das Kraftfahrt-Bundesamt kann die in den einzelnen Produktionsstätten angewandten Verfahren zur Kontrolle der Übereinstimmung der Produktion (Qualitätssicherungssysteme) überprüfen. Ist ein nach § 2 Abs. 2 Satz 2 zertifiziertes Qualitätssicherungssystem nachgewiesen, so gilt dies nur in begründeten Fällen.</P><P>(2) Das Kraftfahrt-Bundesamt kann ohne vorherige Ankündigung während der üblichen Geschäftszeiten bei Inhabern der Genehmigung prüfen oder prüfen lassen, ob Fahrzeugteile, deren Bauart amtlich genehmigt ist und die das zugeteilte Prüfzeichen tragen, mit den amtlichen Bauartgenehmigungen übereinstimmen und ob Fahrzeugteile, die in amtlich genehmigter Bauart ausgeführt sein müssen, in Ausführungen feilgeboten werden, an denen das vorgeschriebene Prüfzeichen fehlt oder unbefugt angebracht ist (Produktprüfung). Es kann zu diesem Zweck auch Proben entnehmen oder entnehmen lassen. In den Fällen des § 2 Abs. 1 Satz 4 kann das Kraftfahrt-Bundesamt die Erteilung der Bauartgenehmigung davon abhängig machen, daß die zur Produktprüfung nach Satz 1 notwendigen Maßnahmen ermöglicht werden.</P><P>(3) Die Kosten der Überprüfung nach Absatz 1 Satz 1 trägt der Inhaber der Genehmigung, wenn ein Verstoß gegen die Vorschriften des § 2 Abs. 2 festgestellt wird. Die Kosten der Proben nach Absatz 2, ihrer Entnahme, ihres Versandes und der Prüfung trägt der Inhaber der Genehmigung, wenn ein Verstoß gegen die Vorschriften über die Bauartgenehmigung oder die Prüfzeichen festgestellt wird.</P></Content>  </text></textdaten></norm>
<norm builddate="20200904213007" doknr="BJNR214200998BJNE001600311"><metadaten><jurabk>FzTV</jurabk><enbez>§ 10</enbez><titel format="parat">Nachträgliche Nebenbestimmungen, Widerruf, Rücknahme
und Erlöschen der Allgemeinen Bauartgenehmigung</titel></metadaten><textdaten><text format="XML"><Content><P>(1) Das Kraftfahrt-Bundesamt kann zur Beseitigung aufgetretener Mängel und zur Gewährleistung der Vorschriftsmäßigkeit auch bereits im Verkehr befindlicher Fahrzeugteile nachträglich Nebenbestimmungen anordnen.</P><P>(2) Die allgemeine Bauartgenehmigung erlischt bei Rückgabe, nach Ablauf einer etwa festgesetzten Frist und dann, wenn sie den Rechtsvorschriften nicht mehr entspricht und dies durch die zuständige Stelle festgestellt worden ist.</P><P>(3) Das Kraftfahrt-Bundesamt kann die Allgemeine Bauartgenehmigung ganz oder teilweise widerrufen oder zurücknehmen, insbesondere wenn festgestellt wird, daß <DL Font="normal" Type="arabic"><DT>1.</DT><DD Font="normal"><LA Size="normal">Fahrzeugteile mit einem vorgeschriebenen Prüfzeichen nicht mit dem genehmigten Typ übereinstimmen,</LA></DD> <DT>2.</DT><DD Font="normal"><LA Size="normal">Fahrzeugteile, obwohl sie mit einem gültigen Prüfzeichen versehen sind, die Sicherheit des Straßenverkehrs gefährden,</LA></DD> <DT>3.</DT><DD Font="normal"><LA Size="normal">der Inhaber der Allgemeine Bauartgenehmigung nicht über ein vorgeschriebenes Qualitätssicherungssystem verfügt oder dieses nicht mehr in der vorgeschriebenen Weise anwendet oder</LA></DD> <DT>4.</DT><DD Font="normal"><LA Size="normal">Nebenbestimmungen nicht eingehalten werden.</LA></DD> </DL> </P><P>(4) Das Kraftfahrt-Bundesamt ist unverzüglich vom Inhaber der Allgemeinen Bauartgenehmigung zu benachrichtigen, wenn die reihenweise Fertigung oder der Vertrieb des genehmigten Fahrzeugteils endgültig eingestellt, innerhalb eines Jahres nach Erteilung der Allgemeinen Bauartgenehmigung nicht aufgenommen oder länger als ein Jahr eingestellt wird. Die Aufnahme der Fertigung oder des Vertriebs ist nach Unterbrechung oder Aufschub dem Kraftfahrt-Bundesamt unaufgefordert innerhalb eines Monats mitzuteilen.</P><P>(5) Ist die Allgemeine Bauartgenehmigung erloschen, kann das Kraftfahrt-Bundesamt die Veräußerung der aufgrund einer solchen Genehmigung hergestellten Fahrzeugteile zur Verwendung im Straßenverkehr im Geltungsbereich dieser Verordnung untersagen und hierüber die für die Zulassung und Überwachung zuständigen Stellen unterrichten.</P></Content>   </text></textdaten></norm>
<norm builddate="20200904213007" doknr="BJNR214200998BJNG000300311"><metadaten><jurabk>FzTV</jurabk><gliederungseinheit><gliederungskennzahl>030</gliederungskennzahl><gliederungsbez>Abschnitt 3</gliederungsbez><gliederungstitel>Bauartgenehmigung im Einzelfall -
Einzelgenehmigung</gliederungstitel></gliederungseinheit></metadaten><textdaten><text format="XML"><Content><P/></Content></text></textdaten></norm>
<norm builddate="20200904213007" doknr="BJNR214200998BJNE001700311"><metadaten><jurabk>FzTV</jurabk><enbez>§ 11</enbez><titel format="parat">Antrag auf Einzelgenehmigung</titel></metadaten><textdaten><text format="XML"><Content><P>Gehört eines der in § 22a Abs. 1 der Straßenverkehrs-Zulassungs-Ordnung genannten Fahrzeugteile nicht zu einem genehmigten Typ, so kann eine Einzelgenehmigung unter Vorlage des Gutachtens eines amtlich anerkannten Sachverständigen für den Kraftfahrzeugverkehr oder der Prüfstelle (§ 5) bei der nach § 68 der Straßenverkehrs-Zulassungs-Ordnung zuständigen Verwaltungsbehörde (Zulassungsbehörde) beantragt werden. § 6 Abs. 1 ist entsprechend anzuwenden.</P></Content></text></textdaten></norm>
<norm builddate="20200904213007" doknr="BJNR214200998BJNE001800311"><metadaten><jurabk>FzTV</jurabk><enbez>§ 12</enbez><titel format="parat">Prüfung durch die Verwaltungsbehörde
(Zulassungsbehörde)</titel></metadaten><textdaten><text format="XML"><Content><P>(1) Die Zulassungsbehörde ist an das Gutachten des amtlich anerkannten Sachverständigen für den Kraftfahrzeugverkehr oder der Prüfstelle nicht gebunden.</P><P>(2) Die Zulassungsbehörde trifft die zur Prüfung etwa erforderlichen weiteren Maßnahmen. Sie kann hierzu die Vorführung des Fahrzeugteils sowie die Vorlage eines weiteren Gutachtens verlangen und ähnliche Anordnungen erlassen.</P></Content> </text></textdaten></norm>
<norm builddate="20200904213007" doknr="BJNR214200998BJNE001900311"><metadaten><jurabk>FzTV</jurabk><enbez>§ 13</enbez><titel format="parat">Erteilung der Einzelgenehmigung</titel></metadaten><textdaten><text format="XML"><Content><P>Die Verwaltungsbehörde (Zulassungsbehörde) erteilt die Einzelgenehmigung, indem sie auf dem Gutachten des amtlich anerkannten Sachverständigen für den Kraftfahrzeugverkehr oder der Prüfstelle unter Angabe von Ort und Datum vermerkt: &quot;Einzelgenehmigung erteilt&quot;. Etwaige Beschränkungen oder Ausnahmen von den Bestimmungen der Straßenverkehrs-Zulassungs-Ordnung sind in den Vermerk aufzunehmen. Wird das Fahrzeugteil an einem Kraftfahrzeug oder Kraftfahrzeuganhänger verwendet, so ist die Einzelgenehmigung in den Fahrzeugbrief und in den Fahrzeugschein einzutragen und in den etwa ausgestellten Anhängerverzeichnissen kenntlich zu machen.</P></Content></text></textdaten></norm>
<norm builddate="20200904213007" doknr="BJNR214200998BJNE002000311"><metadaten><jurabk>FzTV</jurabk><enbez>§ 14</enbez><titel format="parat">Widerruf, Rücknahme und Erlöschen der Einzelgenehmigung</titel></metadaten><textdaten><text format="XML"><Content><P>(1) Die Einzelgenehmigung erlischt bei Rückgabe, nach Ablauf einer etwa festgesetzten Frist, bei Rücknahme oder Widerruf durch die nach § 68 der Straßenverkehrs-Zulassungs-Ordnung zuständige Verwaltungsbehörde (Zulassungsbehörde), ferner dann, wenn sie den jeweils geltenden Rechtsvorschriften nicht mehr entspricht und dies durch die zuständige Stelle festgestellt worden ist.</P><P>(2) Die Einzelgenehmigung kann widerrufen werden, wenn sich herausstellt, daß das Fahrzeugteil den Erfordernissen der Verkehrssicherheit nicht entspricht.</P><P>(3) Nach dem Erlöschen der Einzelgenehmigung ist der Genehmigungsvermerk (§ 13) der Zulassungsbehörde zur Löschung unaufgefordert vorzulegen, nötigenfalls von dieser einzuziehen.</P></Content>  </text></textdaten></norm>
<norm builddate="20200904213007" doknr="BJNR214200998BJNG000400311"><metadaten><jurabk>FzTV</jurabk><gliederungseinheit><gliederungskennzahl>040</gliederungskennzahl><gliederungsbez>Abschnitt 4</gliederungsbez><gliederungstitel>Bestandsschutz</gliederungstitel></gliederungseinheit></metadaten><textdaten><text format="XML"><Content><P/></Content></text></textdaten></norm>
<norm builddate="20200904213007" doknr="BJNR214200998BJNE002100311"><metadaten><jurabk>FzTV</jurabk><enbez>§ 15</enbez><titel format="parat">Bisherige Genehmigungen</titel></metadaten><textdaten><text format="XML"><Content><P>Allgemeine Bauartgenehmigungen und Einzelgenehmigungen, die vor dem 19. November 1998 erteilt worden sind, bleiben gültig. Die §§ 10 und 14 gelten sinngemäß.</P></Content></text></textdaten></norm>
<norm builddate="20200904213007" doknr="BJNR214200998BJNG000500311"><metadaten><jurabk>FzTV</jurabk><gliederungseinheit><gliederungskennzahl>050</gliederungskennzahl><gliederungsbez>Abschnitt 5</gliederungsbez><gliederungstitel>Schlußvorschriften</gliederungstitel></gliederungseinheit></metadaten><textdaten><text format="XML"><Content><P/></Content></text></textdaten></norm>
<norm builddate="20200904213007" doknr="BJNR214200998BJNE002200311"><metadaten><jurabk>FzTV</jurabk><enbez>§ 16</enbez><titel format="parat">Inkrafttreten, Außerkrafttreten</titel></metadaten><textdaten><text format="XML"><Content><P>(1) Diese Verordnung tritt am 19. November 1998 in Kraft.</P><P>(2)</P></Content> </text><fussnoten/></textdaten></norm>
<norm builddate="20200904213007" doknr="BJNR214200998BJNE002303311"><metadaten><jurabk>FzTV</jurabk><enbez>Anlage 1</enbez><titel format="XML">(zu § 3 Abs. 2)<BR/>Bei Antrag auf Erteilung der Allgemeinen Bauartgenehmigung einzureichende Muster und Unterlagen</titel></metadaten><textdaten><text format="XML"><Content><P><ABWFORMAT typ="A"/><kommentar typ="Fundstelle">(Fundstelle: BGBl. I 1998, 2146 - 2152)</kommentar><BR/><BR/><!--Start: BJNR214200998BJNE002302308_01--><table frame="none" tocentry="%yes;"><tgroup align="left" char="" charoff="50" cols="3" colsep="1" rowsep="0"><colspec colname="col1" colnum="1" colwidth="0.731391*"/><colspec colname="col2" colnum="2" colwidth="0.718446*"/><colspec colname="col3" colnum="3" colwidth="1.550161*"/><tbody valign="top"><row rowsep="1"><entry VJ="1" nameend="col3" namest="col1"> </entry></row><row rowsep="1"><entry VJ="1" align="center">Teileart</entry><entry VJ="1" align="center">Anzahl der Muster Bemerkungen</entry><entry VJ="1" align="center">Unterlagen</entry></row><row rowsep="1"><entry VJ="1" valign="top"><DL Font="normal" Type="arabic"><DT>1.</DT><DD Font="normal"><LA Size="normal">Heizungen (§ 35c StVZO)</LA></DD></DL></entry><entry VJ="1" valign="top"><DL Font="normal" Type="arabic"><DT>2</DT><DD Font="normal"><LA Size="normal">Muster; die Prüfstelle kann zusätzliche Muster zur Prüfung anfordern.</LA></DD></DL></entry><entry VJ="1">Je vierfach<BR/><DL Font="normal" Type="arabic"><DT>1.</DT><DD Font="normal"><LA Size="normal">ein Nachweis darüber, daß die Dichtheit des Heizraummantels durch eine Druckprobe mit 3 bar - bei Wärmetauschern mit 2 bar - geprüft worden ist,</LA></DD><DT>2.</DT><DD Font="normal"><LA Size="normal">eine Erklärung des Herstellers, daß sämtliche Heizmäntel und Wärmetauscher während der Fertigung einer Druckprobe mit dem Prüfdruck unterzogen werden,</LA></DD><DT>3.</DT><DD Font="normal"><LA Size="normal">ein Nachweis darüber, daß der für Heizmäntel und Wärmetauscher verwendete Baustoff bei den im Betrieb auftretenden Höchsttemperaturen ausreichend beständig ist,</LA></DD><DT>4.</DT><DD Font="normal"><LA Size="normal">eine ausführliche und leicht verständliche Bedienungsanweisung und - im Falle der Nachrüstung - Einbauanleitung.</LA></DD></DL></entry></row><row><entry VJ="1" valign="top"><DL Font="normal" Type="arabic"><DT>2.</DT><DD Font="normal"><LA Size="normal">Sicherheitsglas einschließlich Folien zur Aufbringung auf Scheiben von Fahrzeugen (§ 40 Abs. 1 StVZO)</LA></DD></DL></entry><entry VJ="1"> </entry><entry VJ="1" morerows="9"> </entry></row><row><entry VJ="1" valign="top"><DL Font="normal" Type="arabic"><DT>2.1</DT><DD Font="normal"><LA Size="normal">Einscheiben-Sicherheitsglas (Windschutzscheiben)</LA></DD></DL></entry><entry VJ="1" valign="top"><DL Font="normal" Type="arabic"><DT>18</DT><DD Font="normal"><LA Size="normal">plane Scheiben 1.100 mm x 500 mm,</LA></DD><DT>12</DT><DD Font="normal"><LA Size="normal">zylindrisch gebogene Windschutzscheiben mit einer Stichhöhe von ca. 100 mm,</LA></DD><DT>12</DT><DD Font="normal"><LA Size="normal">sphärisch gebogene Windschutzscheiben mit einer Stichhöhe von ca. 100 mm in einer Richtung und mindestens 6 mm in der dazu senkrechten Richtung.</LA></DD></DL></entry></row><row><entry VJ="1" valign="top"><DL Font="normal" Type="arabic"><DT>2.2</DT><DD Font="normal"><LA Size="normal">Einscheiben-Sicherheitsglas (andere als Windschutzscheiben)</LA></DD></DL></entry><entry VJ="1"><DL Font="normal" Type="arabic"><DT>35</DT><DD Font="normal"><LA Size="normal">plane Scheiben 300 mm x 300 mm,</LA></DD><DT>15</DT><DD Font="normal"><LA Size="normal">plane Scheiben 1.100 mm x 500 mm,</LA></DD><DT>15</DT><DD Font="normal"><LA Size="normal">plane Scheiben 800 mm x 800 mm,</LA></DD><DT>15</DT><DD Font="normal"><LA Size="normal">zylindrisch gebogene Heckscheiben mit einer Stichhöhe von ca. 100 mm,</LA></DD><DT>15</DT><DD Font="normal"><LA Size="normal">sphärisch gebogene Heckscheiben mit einer Stichhöhe von ca. 100 mm in einer Richtung und mindestens 6 mm in der dazu senkrechten Richtung.</LA></DD></DL></entry></row><row><entry VJ="1" valign="top"><DL Font="normal" Type="arabic"><DT>2.3</DT><DD Font="normal"><LA Size="normal">Normales Verbund-Sicherheitsglas (Windschutzscheiben)</LA></DD></DL></entry><entry VJ="1"><DL Font="normal" Type="arabic"><DT>50</DT><DD Font="normal"><LA Size="normal">plane Scheiben 300 mm x 300 mm mit feinjustierten Kanten,</LA></DD><DT>12</DT><DD Font="normal"><LA Size="normal">Teilstücke von ca. 300 mm x 300 mm aus dem Teil geringster Krümmung von Windschutzscheiben herausschneiden,</LA></DD><DT>3</DT><DD Font="normal"><LA Size="normal">Teilstücke von ca. 300 mm x 300 mm aus dem Teil größter Krümmung von Windschutzscheiben herausschneiden,</LA></DD><DT>20</DT><DD Font="normal"><LA Size="normal">plane Scheiben 1.100 mm x 500 mm mit feinjustierten Kanten,</LA></DD><DT>6</DT><DD Font="normal"><LA Size="normal">zylindrisch gebogene Windschutzscheiben mit einer Stichhöhe von ca. 100 mm,</LA></DD><DT>6</DT><DD Font="normal"><LA Size="normal">sphärisch gebogene Windschutzscheiben mit einer Stichhöhe von ca. 100 mm in einer Richtung und mindestens 6 mm in der dazu senkrechten Richtung.</LA></DD></DL></entry></row><row><entry VJ="1" valign="top"><DL Font="normal" Type="arabic"><DT>2.4</DT><DD Font="normal"><LA Size="normal">Normales Verbund-Sicherheitsglas (andere als Windschutzscheiben)</LA></DD></DL></entry><entry VJ="1"><DL Font="normal" Type="arabic"><DT>50</DT><DD Font="normal"><LA Size="normal">plane Scheiben 300 mm x 300 mm mit feinjustierten Kanten,</LA></DD><DT>20</DT><DD Font="normal"><LA Size="normal">plane Scheiben 1.100 mm x 500 mm mit feinjustierten Kanten,</LA></DD><DT>6</DT><DD Font="normal"><LA Size="normal">zylindrisch gebogene Heckscheiben mit einer Stichhöhe von ca. 100 mm,</LA></DD><DT>6</DT><DD Font="normal"><LA Size="normal">sphärisch gebogene Heckscheiben mit einer Stichhöhe von ca. 100 mm in einer Richtung und mindestens 6 mm in der dazu senkrechten Richtung.</LA></DD></DL></entry></row><row><entry VJ="1" valign="top"><DL Font="normal" Type="arabic"><DT>2.5</DT><DD Font="normal"><LA Size="normal">Vorbehandeltes Verbund-Sicherheitsglas (Windschutzscheiben)</LA></DD></DL></entry><entry VJ="1"><DL Font="normal" Type="arabic"><DT>60</DT><DD Font="normal"><LA Size="normal">plane Scheiben 300 mm x 300 mm mit feinjustierten Kanten,</LA></DD><DT>12</DT><DD Font="normal"><LA Size="normal">Teilstücke von ca. 300 mm x 300 mm aus dem Teil geringster Krümmung von Windschutzscheiben herausschneiden, 3 Teilstücke von ca. 300 mm x 300 mm aus dem Teil größter Krümmung von Windschutzscheiben herausschneiden,</LA></DD><DT>30</DT><DD Font="normal"><LA Size="normal">plane Scheiben 1.100 mm x 500 mm mit feinjustierten Kanten,</LA></DD><DT>20</DT><DD Font="normal"><LA Size="normal">zylindrisch gebogene Windschutzscheiben mit einer Stichhöhe von ca. 100 mm,</LA></DD><DT>20</DT><DD Font="normal"><LA Size="normal">sphärisch gebogene Windschutzscheiben mit einer Stichhöhe von ca. 100 mm in einer Richtung und mindestens 6 mm in der dazu senkrechten Richtung.</LA></DD></DL></entry></row><row><entry VJ="1" valign="top"><DL Font="normal" Type="arabic"><DT>2.6</DT><DD Font="normal"><LA Size="normal">Glasähnliche Stoffe (harte Kunststoffe)</LA></DD></DL></entry><entry VJ="1"><DL Font="normal" Type="arabic"><DT> </DT><DD Font="normal"><LA Size="normal">Je nach Anwendungsfall</LA></DD><DT>6</DT><DD Font="normal"><LA Size="normal">plane Proben 570 mm x 1.170 mm,</LA></DD><DT>40</DT><DD Font="normal"><LA Size="normal">plane Proben 300 mm x 300 mm,</LA></DD><DT>1</DT><DD Font="normal"><LA Size="normal">plane Probe 25 mm x 300 mm,</LA></DD><DT>5</DT><DD Font="normal"><LA Size="normal">plane Proben 100 mm x 356 mm,</LA></DD><DT>16</DT><DD Font="normal"><LA Size="normal">plane Proben 25 mm x 180 mm,</LA></DD><DT>3</DT><DD Font="normal"><LA Size="normal">plane Proben 40 mm x 130 mm,</LA></DD><DT>4</DT><DD Font="normal"><LA Size="normal">plane Proben 100 mm x 100 mm oder</LA></DD><DT>46</DT><DD Font="normal"><LA Size="normal">Fertigteile und folgende gleichartig gefertigte Proben</LA></DD><DT>1</DT><DD Font="normal"><LA Size="normal">plane Probe 25 mm x 300 mm,</LA></DD><DT>5</DT><DD Font="normal"><LA Size="normal">plane Proben 100 mm x 356 mm,</LA></DD><DT>16</DT><DD Font="normal"><LA Size="normal">plane Proben 25 mm x 180 mm,</LA></DD><DT>3</DT><DD Font="normal"><LA Size="normal">plane Proben 40 mm x 130 mm,</LA></DD><DT>4</DT><DD Font="normal"><LA Size="normal">plane Proben 100 mm x 100 mm.</LA></DD></DL></entry></row><row><entry VJ="1" valign="top"><DL Font="normal" Type="arabic"><DT>2.7</DT><DD Font="normal"><LA Size="normal">Glasähnliche Stoffe (weiche Kunststoffe)</LA></DD></DL></entry><entry VJ="1"><DL Font="normal" Type="arabic"><DT>30</DT><DD Font="normal"><LA Size="normal">plane Proben 300 mm x 300 mm,</LA></DD><DT>5</DT><DD Font="normal"><LA Size="normal">plane Proben 1.000 mm x 500 mm.</LA></DD></DL></entry></row><row><entry VJ="1" valign="top"><DL Font="normal" Type="arabic"><DT>2.8</DT><DD Font="normal"><LA Size="normal">Doppelscheiben (aus bauartgenehmigten Einzelscheiben)</LA></DD></DL></entry><entry VJ="1"><DL Font="normal" Type="arabic"><DT> </DT><DD Font="normal"><LA Size="normal">Für jede Dicke und Sicherheitsglasart sowie für jede Kombination und Verbindungsart sind je 10 Scheiben zur Prüfung vorzulegen.</LA></DD></DL></entry></row><row rowsep="1"><entry VJ="1" valign="top"><DL Font="normal" Type="arabic"><DT>2.9</DT><DD Font="normal"><LA Size="normal">Folien</LA></DD></DL></entry><entry VJ="1"><DL Font="normal" Type="arabic"><DT>5</DT><DD Font="normal"><LA Size="normal">Proben 356 mm x 100 mm,</LA></DD><DT>6</DT><DD Font="normal"><LA Size="normal">Proben 300 mm x 300 mm,</LA></DD><DT>10</DT><DD Font="normal"><LA Size="normal">Proben 1.170 mm x 570 mm,</LA></DD><DT>6</DT><DD Font="normal"><LA Size="normal">Proben 1.200 mm x 600 mm.</LA></DD></DL></entry></row><row rowsep="1"><entry VJ="1" valign="top"><DL Font="normal" Type="arabic"><DT>3.</DT><DD Font="normal"><LA Size="normal">Auflaufbremsen, ausgenommen Übertragungseinrichtungen (§ 41 Abs. 10 StVZO)</LA></DD></DL></entry><entry VJ="1" valign="top"><DL Font="normal" Type="arabic"><DT>1</DT><DD Font="normal"><LA Size="normal">Muster; die Prüfstelle kann zusätzliche Muster zur Prüfung anfordern. Die Muster müssen der Serie entsprechen; sie sind ohne Farbbehandlung vorzulegen.</LA></DD></DL></entry><entry VJ="1">Angaben über das Anhänger-Gesamtgewicht, für das die Bremse zugelassen werden soll, ferner folgende Unterlagen in dreifacher Ausfertigung:<BR/><DL Font="normal" Type="arabic"><DT>1.</DT><DD Font="normal"><LA Size="normal">Beschreibung der Wirkungsweise der Bremsanlage für jeden Typ und jede Größe, Angabe der vorgesehenen Höchstgeschwindigkeit (Betriebsvorschrift),</LA></DD><DT>2.</DT><DD Font="normal"><LA Size="normal">entsprechend dem beantragten Genehmigungsumfang,</LA></DD><DT>2.1</DT><DD Font="normal"><LA Size="normal">maßstäbliche Zeichnungen der Auflaufeinrichtung, aus der der Typ, die Ausführung(en), die Abmessungen und die Werkstoffe der einzelnen Bauteile ersichtlich sind, Angabe der statischen Stützlast, des vorgesehenen Auflaufwegs und der Wegübersetzung,</LA></DD><DT>2.2</DT><DD Font="normal"><LA Size="normal">maßstäbliche Zeichnung(en) der Radbremsen, aus der der Typ, die Ausführung(en), die Abmessungen und die Werkstoffe der einzelnen Bauteile ersichtlich sind, Angabe des vorgesehenen Reifenhalbmessers.</LA></DD></DL></entry></row><row rowsep="1"><entry VJ="1" valign="top"><DL Font="normal" Type="arabic"><DT>4.</DT><DD Font="normal"><LA Size="normal">Einrichtungen zur Verbindung von Fahrzeugen (§ 43 Abs. 1 StVZO)</LA></DD></DL></entry><entry VJ="1" valign="top"><DL Font="normal" Type="arabic"><DT>1</DT><DD Font="normal"><LA Size="normal">Muster; die Prüfstelle kann zusätzliche Muster zur Prüfung anfordern. Die Muster müssen der Serie entsprechen; sie sind ohne Farbbehandlung vorzulegen.</LA></DD></DL></entry><entry VJ="1">Angaben über die Typbezeichnung der zu prüfenden Einrichtung und über die zulässigen Gesamtgewichte der Fahrzeuge, die durch die Einrichtungen miteinander verbunden werden sollen, sowie Angabe des D-Wertes und ggf. des zulässigen Gesamtgewichts des Starrdeichselanhängers, bzw. des V-Wertes, der statischen Stütz- bzw. Sattellast und der vorgesehenen Fahrgeschwindigkeit (Betriebsvorschrift), ferner folgende Unterlagen in dreifacher Ausfertigung:<BR/><DL Font="normal" Type="arabic"><DT>1.</DT><DD Font="normal"><LA Size="normal">Beschreibung der Einrichtung und ihrer Wirkungsweise für jeden Typ und jede Größe mit Angabe von Hersteller und Typbezeichnung,</LA></DD><DT>2.</DT><DD Font="normal"><LA Size="normal">maßstäbliche Zusammenstellungszeichnung für jeden Typ, jede Größe und jede Ausführung mit den Hauptmaßen, Zeichnungen der einzelnen Bauteile und Angaben über die verwendeten Werkstoffe,</LA></DD><DT>3.</DT><DD Font="normal"><LA Size="normal">Zeugnis des Herstellers über die Prüfung der Eigenschaften des Werkstoffs entsprechend der vom Kraftfahrt-Bundesamt anerkannten besonderen Bedingungen, wenn für tragende Bauteile der Verbindungseinrichtung weder Stahl noch Stahlguß verwendet werden.</LA></DD></DL></entry></row><row><entry VJ="1" valign="top"><DL Font="normal" Type="arabic"><DT>5.</DT><DD Font="normal"><LA Size="normal">Lichtquellen (§ 49a Abs. 6 § 67 Abs. 10 StVZO und § 22 Abs. 4 und 5 der StVO)</LA></DD></DL></entry><entry VJ="1"> </entry><entry VJ="1" morerows="2" valign="top">Zeichnungen in dreifacher Ausfertigung über die Vorder- und Seitenansicht im Maßstab 2 zu 1.</entry></row><row><entry VJ="1" valign="top"><DL Font="normal" Type="arabic"><DT>5.1</DT><DD Font="normal"><LA Size="normal">Lichtquellen allgemein</LA></DD></DL></entry><entry VJ="1"><DL Font="normal" Type="arabic"><DT>15</DT><DD Font="normal"><LA Size="normal">Muster</LA></DD></DL></entry></row><row rowsep="1"><entry VJ="1" valign="top"><DL Font="normal" Type="arabic"><DT>5.2</DT><DD Font="normal"><LA Size="normal">Lichtquellen für asymmetrisches Abblendlicht</LA></DD></DL></entry><entry VJ="1"><DL Font="normal" Type="arabic"><DT>5</DT><DD Font="normal"><LA Size="normal">Muster</LA></DD></DL></entry></row><row><entry VJ="1" valign="top"><DL Font="normal" Type="arabic"><DT>6.</DT><DD Font="normal"><LA Size="normal">Scheinwerfer für Fernlicht und für Abblendlicht sowie für Fern- und Abblendlicht (§ 50 StVZO) Fahrradscheinwerfer (§ 67 Abs. 3 und 11 StVZO)</LA></DD></DL></entry><entry VJ="1"> </entry><entry VJ="1" morerows="2" valign="top">Zeichnung(en) in dreifacher Ausfertigung einschließlich Schnittdarstellung und Vorderansicht der Abschlußscheibe.</entry></row><row><entry VJ="1" valign="top"><DL Font="normal" Type="arabic"><DT>6.1</DT><DD Font="normal"><LA Size="normal">Scheinwerfer mit Abschlußscheibe aus Glas</LA></DD></DL></entry><entry VJ="1" valign="top"><DL Font="normal" Type="arabic"><DT>2</DT><DD Font="normal"><LA Size="normal">Muster</LA></DD></DL></entry></row><row rowsep="1"><entry VJ="1" valign="top"><DL Font="normal" Type="arabic"><DT>6.2</DT><DD Font="normal"><LA Size="normal">Scheinwerfer mit Abschlußscheibe aus Kunststoff</LA></DD></DL></entry><entry VJ="1" valign="top"><DL Font="normal" Type="arabic"><DT>2</DT><DD Font="normal"><LA Size="normal">Muster; das Kraftfahrt-Bundesamt kann erforderlichenfalls zusätzliche Muster anfordern.</LA></DD></DL></entry></row><row><entry VJ="1" valign="top"><DL Font="normal" Type="arabic"><DT>7.</DT><DD Font="normal"><LA Size="normal">Begrenzungsleuchten (§ 51 Abs. 1 und 2, § 53b Abs. 1 StVZO)</LA></DD></DL></entry><entry VJ="1" morerows="24" valign="top">jeweils 2 Muster</entry><entry VJ="1" morerows="24" valign="top">Unterlagen jeweils in dreifacher Ausfertigung (Erläuterungen, Zeichnungen, Ein- oder Anbauanweisungen für die Verbraucher), aus denen eindeutig hervorgeht, in welcher Lage die Fahrzeugteile am Fahrzeug angebracht werden sollen (Abstand und Ausrichtung zur Fahrzeuglängsmittelebene und zur Fahrbahnoberfläche).</entry></row><row><entry VJ="1"> </entry></row><row><entry VJ="1" valign="top"><DL Font="normal" Type="arabic"><DT> </DT><DD Font="normal"><LA Size="normal">Spurhalteleuchten (§ 51 Abs. 4 StVZO)</LA></DD></DL></entry></row><row><entry VJ="1"> </entry></row><row><entry VJ="1"><DL Font="normal" Type="arabic"><DT> </DT><DD Font="normal"><LA Size="normal">Seitenmarkierungsleuchten (§ 51a Abs. 6 StVZO)</LA></DD></DL></entry></row><row><entry VJ="1"> </entry></row><row><entry VJ="1"><DL Font="normal" Type="arabic"><DT> </DT><DD Font="normal"><LA Size="normal">Parkleuchten (§ 51c StVZO Abs. 1 bis 4)</LA></DD></DL></entry></row><row><entry VJ="1"> </entry></row><row><entry VJ="1"><DL Font="normal" Type="arabic"><DT> </DT><DD Font="normal"><LA Size="normal">Umrißleuchten (§ 51b StVZO)</LA></DD></DL></entry></row><row><entry VJ="1"> </entry></row><row><entry VJ="1"><DL Font="normal" Type="arabic"><DT> </DT><DD Font="normal"><LA Size="normal">Nebelscheinwerfer (§ 52 Abs. 1 StVZO)</LA></DD></DL></entry></row><row><entry VJ="1"> </entry></row><row><entry VJ="1" valign="top"><DL Font="normal" Type="arabic"><DT> </DT><DD Font="normal"><LA Size="normal">Kennleuchten für blaues, rotes und gelbes Blinklicht (§ 52 Abs. 3, 3a und 4 StVZO)</LA></DD></DL></entry></row><row><entry VJ="1"> </entry></row><row><entry VJ="1" valign="top"><DL Font="normal" Type="arabic"><DT> </DT><DD Font="normal"><LA Size="normal">Rückfahrscheinwerfer (§ 52a StVZO)</LA></DD></DL></entry></row><row><entry VJ="1"> </entry></row><row><entry VJ="1" valign="top"><DL Font="normal" Type="arabic"><DT> </DT><DD Font="normal"><LA Size="normal">Schlußleuchten (§ 53 Abs. 1 und 6, § 53b Abs. 1 und 2, § 67 Abs. 4, 5 und 11 StVZO)</LA></DD></DL></entry></row><row><entry VJ="1"> </entry></row><row><entry VJ="1" valign="top"><DL Font="normal" Type="arabic"><DT> </DT><DD Font="normal"><LA Size="normal">Bremsleuchten (§ 53 Abs. 2 StVZO)</LA></DD></DL></entry></row><row><entry VJ="1"> </entry></row><row><entry VJ="1" valign="top"><DL Font="normal" Type="arabic"><DT> </DT><DD Font="normal"><LA Size="normal">Nebelschlußleuchten (§ 53d StVZO)</LA></DD></DL></entry></row><row><entry VJ="1"> </entry></row><row><entry VJ="1" valign="top"><DL Font="normal" Type="arabic"><DT> </DT><DD Font="normal"><LA Size="normal">Fahrtrichtungsanzeiger und Blinkleuchten (§ 53b Abs. 5 und § 54 StVZO)</LA></DD></DL></entry></row><row><entry VJ="1"> </entry></row><row rowsep="1"><entry VJ="1" valign="top"><DL Font="normal" Type="arabic"><DT> </DT><DD Font="normal"><LA Size="normal">Leuchten zur Sicherung hinausragender Ladung (§ 22 Abs. 4 und 5 der StVO)</LA></DD></DL></entry></row><row rowsep="1"><entry VJ="1" valign="top"><DL Font="normal" Type="arabic"><DT>8.</DT><DD Font="normal"><LA Size="normal">Rückstrahler (§ 51 Abs. 2, § 51a Abs. 1, § 53 Abs. 4, 6 und 7, § 53b Abs. 1 und 2, § 66a Abs. 4, § 67 Abs. 3, 4 und 6 StVZO, § 22 Abs. 4 StVO)</LA></DD></DL></entry><entry VJ="1" valign="top"><DL Font="normal" Type="arabic"><DT>10</DT><DD Font="normal"><LA Size="normal">Muster</LA></DD></DL></entry><entry VJ="1" valign="top">Unterlagen jeweils in dreifacher Ausfertigung (Erläuterungen, Zeichnungen, Ein- oder Anbauanweisungen für die Verbraucher), aus denen eindeutig hervorgeht, in welcher Lage die Fahrzeugteile am Fahrzeug angebracht werden sollen (Abstand und Ausrichtung zur Fahrzeuglängsmittelebene und zur Fahrbahnoberfläche).</entry></row><row><entry VJ="1" valign="top"><DL Font="normal" Type="arabic"><DT>9.</DT><DD Font="normal"><LA Size="normal">Warndreiecke sowie Blinkleuchten und Warnleuchten zur Sicherung haltender Fahrzeuge (§ 53a Abs. 1 und 3, § 53b Abs. 5 StVZO)</LA></DD></DL></entry><entry VJ="1"> </entry><entry VJ="1" morerows="3" valign="top">Zeichnung(en) in dreifacher Ausfertigung.</entry></row><row><entry VJ="1" valign="top"><DL Font="normal" Type="arabic"><DT>9.1</DT><DD Font="normal"><LA Size="normal">Warndreiecke</LA></DD></DL></entry><entry VJ="1" valign="top"><DL Font="normal" Type="arabic"><DT>3</DT><DD Font="normal"><LA Size="normal">Muster</LA></DD></DL></entry></row><row><entry VJ="1" valign="top"><DL Font="normal" Type="arabic"><DT>9.2</DT><DD Font="normal"><LA Size="normal">Blinkleuchten und Warnleuchten</LA></DD></DL></entry><entry VJ="1" valign="top"><DL Font="normal" Type="arabic"><DT>4</DT><DD Font="normal"><LA Size="normal">Muster, davon zwei mit Hilfsvorrichtungen, die die fortlaufende Messung der an der Lichtquelle (z.B. Glühlampe) liegenden Spannung während des Betriebs in einfacher Weise sowie die Messung der Batteriespannung bei Geräten mit eigener Spannungsquelle ermöglichen.</LA></DD></DL></entry></row><row rowsep="1"><entry VJ="1" valign="top"><DL Font="normal" Type="arabic"><DT>9.3</DT><DD Font="normal"><LA Size="normal">Blinkleuchten und Warnleuchten mit nicht regenerierbaren Spannungsquellen</LA></DD></DL></entry><entry VJ="1"><DL Font="normal" Type="arabic"><DT> </DT><DD Font="normal"><LA Size="normal">für jedes Muster nach 9.2 zusätzliche Spannungsquellen der für die Verwendung beabsichtigten Art in der erforderlichen Anzahl (mindestens zwei).</LA></DD></DL></entry></row><row rowsep="1"><entry VJ="1" valign="top"><DL Font="normal" Type="arabic"><DT>10.</DT><DD Font="normal"><LA Size="normal">Beleuchtungseinrichtungen für amtliche Kennzeichen (§ 10 Abs. 6 Satz 2 FZV) Beleuchtungseinrichtungen für transparente amtliche Kennzeichen (§ 10 FZV)</LA></DD></DL></entry><entry VJ="1" valign="top"><DL Font="normal" Type="arabic"><DT>2</DT><DD Font="normal"><LA Size="normal">Muster</LA></DD></DL></entry><entry VJ="1">Zeichnung(en) in dreifacher Ausfertigung, aus der die Lage der Leuchte(n) zum Kennzeichen eindeutig hervorgeht; das Muster der zu prüfenden Beleuchtungseinrichtung muß mit dem Muster des zu beleuchtenden Kennzeichens fest verbunden sein.</entry></row><row rowsep="1"><entry VJ="1" valign="top"><DL Font="normal" Type="arabic"><DT>11.</DT><DD Font="normal"><LA Size="normal">Sicherheitsgurte in Kraftfahrzeugen (§ 35a Abs. 4 StVZO)</LA></DD></DL></entry><entry VJ="1" nameend="col3" namest="col2"><DL Font="normal" Type="arabic"><DT> </DT><DD Font="normal"><LA Size="normal">Muster, Zeichnungen und Beschreibungen sind nach der von der Prüfstelle anzuwendenden Vorschrift und den darin enthaltenen Bestimmungen über den Antrag beizufügen.</LA></DD></DL></entry></row><row rowsep="1"><entry VJ="1" valign="top"><DL Font="normal" Type="arabic"><DT>12.</DT><DD Font="normal"><LA Size="normal">Gleitschutzeinrichtungen (§ 37 Abs. 1 StVZO)</LA></DD></DL></entry><entry VJ="1" valign="top"><DL Font="normal" Type="arabic"><DT>2</DT><DD Font="normal"><LA Size="normal">Muster; die Prüfstelle kann zusätzliche Muster zur Prüfung anfordern.</LA></DD></DL></entry><entry VJ="1">Folgende Unterlagen in je dreifacher Ausfertigung:<BR/><DL Font="normal" Type="arabic"><DT>1.</DT><DD Font="normal"><LA Size="normal">Zeichnung(en) der Gleitschutzeinrichtung, aus der die Abmessungen aller Einzelteile sowie der gesamten Einrichtung und die Art der Verschlüsse ersichtlich sind und, soweit erforderlich, Beschreibung unterschiedlicher Größen,</LA></DD><DT>2.</DT><DD Font="normal"><LA Size="normal">Stückliste aller zur Gleitschutzeinrichtung gehörenden Einzelteile mit vollständiger, normgerechter Werkstoffangabe,</LA></DD><DT>3.</DT><DD Font="normal"><LA Size="normal">Beschreibung der Gleitschutzeinrichtung,</LA></DD><DT>4.</DT><DD Font="normal"><LA Size="normal">Montageanleitung,</LA></DD><DT>5.</DT><DD Font="normal"><LA Size="normal">Größenbezeichnungen der Reifen, auf die sich der Verwendungsbereich erstrecken soll,</LA></DD><DT>6.</DT><DD Font="normal"><LA Size="normal">Fotografien der auf ein Rad montierten Gleitschutzeinrichtung, auf denen die Radinnenseite, die Radaußenseite und die Lauffläche erkennbar sind.</LA></DD></DL></entry></row><row rowsep="1"><entry VJ="1" valign="top"><DL Font="normal" Type="arabic"><DT>13.</DT><DD Font="normal"><LA Size="normal">Retroreflektierende Streifen an Reifen oder in den Speichen von Fahrrädern (§ 67 Abs. 7 StVZO)</LA></DD></DL></entry><entry VJ="1"><DL Font="normal" Type="arabic"><DT>2</DT><DD Font="normal"><LA Size="normal">Muster; die Prüfstelle kann erforderlichenfalls zusätzliche Reifen mit aufgebrachten Streifen oder Streifen für die Speichen als Muster anfordern.</LA></DD></DL></entry><entry VJ="1" valign="top">Zeichnung(en) in dreifacher Ausfertigung.</entry></row><row><entry VJ="1" valign="top"><DL Font="normal" Type="arabic"><DT>14.</DT><DD Font="normal"><LA Size="normal">Park-Warntafeln (§ 51c Abs. 1, 2 und 5 sowie § 53b StVZO) Warnmarkierungen für Hubladebühnen (§ 53b Abs. 5 StVZO)</LA></DD></DL></entry><entry VJ="1"> </entry><entry VJ="1" morerows="2" valign="top">Zeichnung(en) in dreifacher Ausfertigung.</entry></row><row><entry VJ="1" valign="top"><DL Font="normal" Type="arabic"><DT>14.1</DT><DD Font="normal"><LA Size="normal">Park-Warntafeln</LA></DD></DL></entry><entry VJ="1" valign="top"><DL Font="normal" Type="arabic"><DT>2</DT><DD Font="normal"><LA Size="normal">Muster; bei aufgebrachten retroreflektierenden Folien zusätzlich 9 Muster der Folien, Mindestgröße 40 mm x 100 mm.</LA></DD></DL></entry></row><row rowsep="1"><entry VJ="1" valign="top"><DL Font="normal" Type="arabic"><DT>14.2</DT><DD Font="normal"><LA Size="normal">Warnmarkierungen für Hubladebühnen</LA></DD></DL></entry><entry VJ="1" valign="top"><DL Font="normal" Type="arabic"><DT>9</DT><DD Font="normal"><LA Size="normal">Muster der aufzubringenden retroreflektierenden Materialien, Mindestgröße 40 mm x 100 mm.</LA></DD></DL></entry></row><row rowsep="1"><entry VJ="1" valign="top"><DL Font="normal" Type="arabic"><DT>15.</DT><DD Font="normal"><LA Size="normal">Lichtmaschinen für Fahrräder (§ 67 Abs. 1 StVZO)</LA></DD></DL></entry><entry VJ="1" valign="top"><DL Font="normal" Type="arabic"><DT>2</DT><DD Font="normal"><LA Size="normal">Muster</LA></DD></DL></entry><entry VJ="1" valign="top">Zeichnung(en) und Beschreibung der Wirkungsweise in dreifacher Ausfertigung.</entry></row><row rowsep="1"><entry VJ="1" valign="top"><DL Font="normal" Type="arabic"><DT>16.</DT><DD Font="normal"><LA Size="normal">(weggefallen)</LA></DD></DL></entry><entry VJ="1" nameend="col3" namest="col2" valign="top"/></row><row rowsep="1"><entry VJ="1" valign="top"><DL Font="normal" Type="arabic"><DT>17.</DT><DD Font="normal"><LA Size="normal">Reifen (§ 36 Abs. 1a StVZO)</LA></DD></DL></entry><entry VJ="1" nameend="col3" namest="col2" valign="top">Muster, Zeichnungen und Beschreibungen sind nach der von der Prüfstelle angewandten Vorschrift und den darin festgelegten Bestimmungen über den Antrag beizufügen.</entry></row><row rowsep="1"><entry VJ="1" valign="top"><DL Font="normal" Type="arabic"><DT>18.</DT><DD Font="normal"><LA Size="normal">Fahrtschreiber (§ 57a StVZO)</LA></DD></DL></entry><entry VJ="1" nameend="col3" namest="col2" valign="top">Muster, Zeichnungen und Beschreibungen sind nach der von der Prüfstelle angewandten Vorschrift und den darin enthaltenen Bestimmungen über den Antrag beizufügen.</entry></row><row><entry VJ="1" rowsep="1"><DL Font="normal" Type="arabic"><DT>19.</DT><DD Font="normal"><LA Size="normal">Warneinrichtungen mit einer Folge von Klängen verschiedener Grundfrequenz<BR/> (§ 55 Abs. 3 und 3a StVZO)</LA></DD></DL></entry><entry VJ="1" rowsep="1">2 Muster</entry><entry VJ="1" rowsep="1">Zeichnung(en) und Beschreibung der Wirkungsweise in zweifacher Ausfertigung.</entry></row><row><entry VJ="1" nameend="col3" namest="col1"> </entry></row></tbody></tgroup></table><!--Ende: BJNR214200998BJNE002302308_01--></P></Content></text><fussnoten/></textdaten></norm>
<norm builddate="20200904213007" doknr="BJNR214200998BJNE002401311"><metadaten><jurabk>FzTV</jurabk><enbez>Anlage 2 Teil 1</enbez><titel format="XML">(zu § 5 Abs. 1 Satz 2 Nr. 1 und 2, § 7 Abs. 3)<BR/>Zuständige Prüfstellen für bestimmte Fahrzeugteile und ihre bisher zugeteilten Kennbuchstaben</titel></metadaten><textdaten><text format="XML"><Content><P><ABWFORMAT typ="A"/><kommentar typ="Fundstelle">Fundstelle des Originaltextes: BGBl. I 1998, 2153</kommentar><BR/><BR/><table frame="topbot" tocentry="%yes;"><tgroup align="left" char="" charoff="50" cols="4" rowsep="0"><colspec colname="col1" colnum="1" colsep="1" colwidth="30*"/><colspec colname="col2" colnum="2" colsep="1" colwidth="40*"/><colspec colname="col3" colnum="3" colsep="0" colwidth="5*"/><colspec colname="col4" colnum="4" colsep="0" colwidth="35*"/><thead valign="bottom"><row rowsep="1"><entry VJ="1" align="center" colsep="0" valign="top">bisher zugeteilter Kennbuchstabe</entry><entry VJ="1" align="center" colsep="0" valign="middle">Prüfstelle</entry><entry VJ="1" align="center" colsep="0" nameend="col4" namest="col3" valign="top">Teileart, für die die Prüfstellen bisher zuständig waren</entry></row></thead><tbody valign="top"><row rowsep="1"><entry VJ="1" align="center" colsep="0" morerows="2" valign="top">D</entry><entry VJ="1" align="left" colsep="0" rowsep="0" valign="top">Materialprüfungsamt</entry><entry VJ="1" align="left" colsep="0" morerows="2" valign="top">-</entry><entry VJ="1" align="left" colsep="0" morerows="2" valign="top">Sicherheitsglas einschließlich Folien zur Aufbringung auf Scheiben von Fahrzeugen</entry></row><row><entry VJ="1" align="left" colsep="0" valign="top">Nordrhein-Westfalen</entry></row><row rowsep="1"><entry VJ="1" align="left" colsep="0" valign="top">44285 Dortmund</entry></row><row rowsep="1"><entry VJ="1" align="center" colsep="0" morerows="3" valign="top">E</entry><entry VJ="1" align="left" colsep="0" rowsep="0" valign="top">TÜV NORD Mobilität GmbH &amp; Co. KG</entry><entry VJ="1" align="left" colsep="0" morerows="3" valign="top">-</entry><entry VJ="1" align="left" colsep="0" morerows="3" valign="top">Fahrtschreiber</entry></row><row><entry VJ="1" align="left" colsep="0" valign="top">IFM – Institut für Fahrzeugtechnik und Mobilität</entry></row><row><entry VJ="1" align="left" colsep="0" valign="top">Am TÜV 1</entry></row><row rowsep="1"><entry VJ="1" align="left" colsep="0" valign="top">30519 Hannover</entry></row><row><entry VJ="1" align="center" colsep="0" morerows="2" rowsep="1" valign="top">F</entry><entry VJ="1" align="left" colsep="0" valign="top">RWTÜV Fahrzeug GmbH</entry><entry VJ="1" align="left" colsep="0" valign="top">-</entry><entry VJ="1" align="left" colsep="0" valign="top">Auflaufbremsen</entry></row><row><entry VJ="1" align="left" colsep="0" valign="top">Adlerstraße 7</entry><entry VJ="1" align="left" colsep="0" morerows="1" rowsep="1" valign="top">-</entry><entry VJ="1" align="left" colsep="0" morerows="1" rowsep="1" valign="top">Einrichtungen zur Verbindung von Fahrzeugen</entry></row><row rowsep="1"><entry VJ="1" align="left" colsep="0" valign="top">45307 Essen</entry></row><row><entry VJ="1" align="center" colsep="0" morerows="3" rowsep="1" valign="top">G</entry><entry VJ="1" align="left" colsep="0" morerows="1" valign="top">Staatliche Materialprüfungsanstalt an der Universität Stuttgart</entry><entry VJ="1" align="left" colsep="0" valign="top">-</entry><entry VJ="1" align="left" colsep="0" valign="top">Sicherheitsgurte</entry></row><row><entry VJ="1" align="left" colsep="0" morerows="2" rowsep="1" valign="top">-</entry><entry VJ="1" align="left" colsep="0" morerows="2" rowsep="1" valign="top">Rückhalteeinrichtungen für Kinder in Kraftfahrzeugen</entry></row><row><entry VJ="1" align="left" colsep="0" valign="top">Postfach 80 11 40</entry></row><row rowsep="1"><entry VJ="1" align="left" colsep="0" valign="top">70511 Stuttgart</entry></row><row rowsep="1"><entry VJ="1" align="center" colsep="0" morerows="2" valign="top">K</entry><entry VJ="1" align="left" colsep="0" rowsep="0" valign="top">Lichttechnisches Institut der Universität Karlsruhe Prüfstelle für Lichttechnische Einrichtungen an Fahrzeugen</entry><entry VJ="1" align="left" colsep="0" morerows="2" valign="top">-</entry><entry VJ="1" align="left" colsep="0" morerows="2" valign="top">lichttechnische Einrichtungen</entry></row><row><entry VJ="1" align="left" colsep="0" valign="top">Kaiserstraße 12</entry></row><row rowsep="1"><entry VJ="1" align="left" colsep="0" valign="top">76128 Karlsruhe</entry></row><row rowsep="1"><entry VJ="1" align="center" colsep="0" morerows="1" valign="top">L</entry><entry VJ="1" align="left" colsep="0" rowsep="0" valign="top">Prüfungskommission für Gleitschutzeinrichtungen beim Kraftfahrt-Bundesamt</entry><entry VJ="1" align="left" colsep="0" morerows="1" valign="top">-</entry><entry VJ="1" align="left" colsep="0" morerows="1" valign="top">Gleitschutzeinrichtungen</entry></row><row rowsep="1"><entry VJ="1" align="left" colsep="0" valign="top">24932 Flensburg</entry></row><row><entry VJ="1" align="center" colsep="0" morerows="3" rowsep="1" valign="top">M</entry><entry VJ="1" align="left" colsep="0" morerows="1" valign="top">TÜV AUTOMOTIVE GMBH Unternehmensgruppe TÜV Süddeutschland Bereich München</entry><entry VJ="1" align="left" colsep="0" valign="top">-</entry><entry VJ="1" align="left" colsep="0" valign="top">Einrichtungen zur Verbindung von Fahrzeugen</entry></row><row><entry VJ="1" align="left" colsep="0" valign="top">-</entry><entry VJ="1" align="left" colsep="0" valign="top">Auflaufbremsen</entry></row><row><entry VJ="1" align="left" colsep="0" valign="top">Daimlerstraße 11</entry><entry VJ="1" align="left" colsep="0" morerows="1" rowsep="1" valign="top">-</entry><entry VJ="1" align="left" colsep="0" morerows="1" rowsep="1" valign="top">Warneinrichtungen mit einer Folge von Klängen verschiedener Grundfrequenz - Einsatzhorn</entry></row><row rowsep="1"><entry VJ="1" align="left" colsep="0" valign="top">85748 Garching</entry></row><row><entry VJ="1" align="center" colsep="0" morerows="8" rowsep="1" valign="top">N</entry><entry VJ="1" align="left" colsep="0" morerows="2" valign="top">DEKRA Typprüfstelle/ Technischer Dienst der DEKRA Automobil AG</entry><entry VJ="1" align="left" colsep="0" valign="top">-</entry><entry VJ="1" align="left" colsep="0" valign="top">Heizungen</entry></row><row><entry VJ="1" align="left" colsep="0" valign="top">-</entry><entry VJ="1" align="left" colsep="0" valign="top">Gleitschutzeinrichtungen</entry></row><row><entry VJ="1" align="left" colsep="0" valign="top">-</entry><entry VJ="1" align="left" colsep="0" valign="top">Scheiben aus Sicherheitsglas</entry></row><row><entry VJ="1" align="left" colsep="0" valign="top">Bernhardstraße 62</entry><entry VJ="1" align="left" colsep="0" valign="top">-</entry><entry VJ="1" align="left" colsep="0" valign="top">Auflaufbremsen</entry></row><row><entry VJ="1" align="left" colsep="0" valign="top">01187 Dresden</entry><entry VJ="1" align="left" colsep="0" valign="top">-</entry><entry VJ="1" align="left" colsep="0" valign="top">Einrichtungen zur Verbindung von Fahrzeugen</entry></row><row><entry VJ="1" align="left" colsep="0" valign="top"> </entry><entry VJ="1" align="left" colsep="0" valign="top">-</entry><entry VJ="1" align="left" colsep="0" valign="top">Warneinrichtungen mit einer Folge von Klängen verschiedener Grundfrequenzen - Einsatzhorn</entry></row><row><entry VJ="1" align="left" colsep="0" valign="top"> </entry><entry VJ="1" align="left" colsep="0" valign="top">-</entry><entry VJ="1" align="left" colsep="0" valign="top">Sicherheitsgurte</entry></row><row><entry VJ="1" align="left" colsep="0" valign="top"> </entry><entry VJ="1" align="left" colsep="0" valign="top">-</entry><entry VJ="1" align="left" colsep="0" valign="top">Rückhalteeinrichtungen für Kinder in Kraftfahrzeugen</entry></row><row rowsep="1"><entry VJ="1" align="left" colsep="0" valign="top"> </entry><entry VJ="1" align="left" colsep="0" valign="top">-</entry><entry VJ="1" align="left" colsep="0" valign="top">Fahrtschreiber und Kontrollgeräte</entry></row><row><entry VJ="1" align="center" colsep="0" morerows="2" valign="top">S</entry><entry VJ="1" align="left" colsep="0" valign="top">Prüfstelle für Fahrzeugteile im Forschungsinstitut für Kraftfahrwesen und Fahrzeugmotoren</entry><entry VJ="1" align="left" colsep="0" morerows="2" valign="top">-</entry><entry VJ="1" align="left" colsep="0" morerows="2" valign="top">Heizungen</entry></row><row><entry VJ="1" align="left" colsep="0" valign="top">Pfaffenwaldring 12</entry></row><row><entry VJ="1" align="left" colsep="0" valign="top">70569 Stuttgart</entry></row></tbody></tgroup></table></P></Content></text><fussnoten/></textdaten></norm>
<norm builddate="20200904213007" doknr="BJNR214200998BJNE002500311"><metadaten><jurabk>FzTV</jurabk><enbez>Anlage 2 Teil 2</enbez><titel format="XML">(zu § 7 Abs. 3)
<BR/>
Kennbuchstaben, die nicht mehr zugeteilt werden</titel></metadaten><textdaten><text format="XML"><Content><P><ABWFORMAT typ="A"/><kommentar typ="Fundstelle">(Fundstelle: BGBl. I 1998, 2154)</kommentar><BR/><table frame="all"><tgroup cols="3" colsep="1" rowsep="1"><colspec align="center" colname="col1" colnum="1" colwidth="114.000000pt"/><colspec colname="col2" colnum="2" colwidth="377.000000pt"/><colspec colname="col3" colnum="3" colwidth="448.000000pt"/><tbody valign="top"><row><entry align="center" valign="top">weiterhin gültiger Kennbuchstabe, der nicht mehr zugeteilt wird</entry><entry align="center" valign="top">Prüfstelle</entry><entry align="center">Teileart, für die die Prüfstelle zuständig war; Grund für die aufgehobene Zuständigkeit</entry></row><row><entry align="center" valign="top">A</entry><entry valign="top">Technische Prüfstelle für den Kraftfahrzeugverkehr des TÜV Berlin-Brandenburg e.V.</entry><entry rowsep="0">Beiwagen von Krafträdern;</entry></row><row><entry align="center" valign="top">T</entry><entry valign="top">alle anderen Technischen Prüfstellen für den Kraftfahrzeugverkehr</entry><entry>Beiwagen müssen nicht mehr in amtlich genehmigter Bauart nach § 22a Abs. 1 StVZO ausgeführt sein.</entry></row><row><entry align="center" valign="top">B</entry><entry valign="top">Physikalisch-Technische Bundesanstalt in Braunschweig</entry><entry>Fahrtschreiber; die Zuständigkeit wurde auf die Landeseichdirektion Nordrhein-Westfalen übertragen (Kennbuchstabe E).</entry></row><row><entry align="center" valign="top">C</entry><entry valign="top">Technische Prüfstelle für den Kraftfahrzeugverkehr an der Technischen Universität Berlin in Berlin-Charlottenburg</entry><entry>- Heizungen<BR/>- Auflaufbremsen<BR/>- Einrichtungen zur Verbindung von Fahrzeugen;<BR/>Übernahme durch DEKRA e.V.</entry></row></tbody></tgroup></table></P></Content></text></textdaten></norm>
<norm builddate="20200904213007" doknr="BJNR214200998BJNE002600311"><metadaten><jurabk>FzTV</jurabk><enbez>Anlage 3</enbez><titel format="XML">(zu § 7 Abs. 1)<BR/>Muster für das Prüfzeichen</titel></metadaten><textdaten><text format="XML"><Content><P><ABWFORMAT typ="A"/><kommentar typ="Fundstelle">Fundstelle des Originaltextes: BGBl. I 1998, 2155</kommentar></P><P><DL Font="normal" Type="arabic"><DT>1.</DT><DD Font="normal"><LA Size="normal"><ABWFORMAT typ="A"/>... (nicht darstellbare Wellenlinie) <B>K 10833</B></LA><LA Size="normal">Beispiel für ein Genehmigungszeichen an einer lichttechnischen Einrichtung</LA></DD><DT>2.</DT><DD Font="normal"><LA Size="normal"><ABWFORMAT typ="A"/>... (nicht darstellbare Wellenlinie) <B>FM 1196</B></LA><LA Size="normal">Beispiel für ein Genehmigungszeichen an einer Auflaufeinrichtung mit Zugeinrichtung</LA></DD><DT>3.</DT><DD Font="normal"><LA Size="normal"><ABWFORMAT typ="A"/>... (nicht darstellbare Wellenlinie) <B>K S3 31485</B></LA><LA Size="normal">Beispiel für ein Genehmigungszeichen an einer zusätzlichen zentralen Bremsleuchte der Kategorie &quot;S3&quot;</LA></DD></DL></P></Content></text></textdaten></norm>
</dokumente>