<?xml version="1.0" encoding="UTF-8" ?><!DOCTYPE dokumente SYSTEM "http://www.gesetze-im-internet.de/dtd/1.01/gii-norm.dtd">
<dokumente builddate="20250117224008" doknr="BJNR273010022"><norm builddate="20250117224008" doknr="BJNR273010022"><metadaten><jurabk>PStTG</jurabk><amtabk>PStTG</amtabk><ausfertigung-datum manuell="ja">2022-12-20</ausfertigung-datum><fundstelle typ="amtlich"><periodikum>BGBl I</periodikum><zitstelle>2022, 2730</zitstelle></fundstelle><kurzue>Plattformen-Steuertransparenzgesetz</kurzue><langue>Gesetz über die Meldepflicht und den automatischen Austausch von Informationen meldender Plattformbetreiber in Steuersachen</langue><standangabe checked="ja"><standtyp>Stand</standtyp><standkommentar>Geändert durch Art. 38 G v. 2.12.2024 I Nr. 387</standkommentar></standangabe></metadaten><textdaten><fussnoten><Content><P><BR/> <pre xml:space="preserve">(+++ Textnachweis ab: 1.1.2023 +++)<BR/><BR/></pre>Das G wurde als Artikel 1 des G v. 20.12.2022 I 2730 vom Bundestag mit Zustimmung des Bundesrates beschlossen. Es tritt gem. Art. 9 Abs. 1 dieses G am 1.1.2023 in Kraft.</P></Content></fussnoten></textdaten></norm>
<norm builddate="20250117224008" doknr="BJNR273010022BJNE000100000"><metadaten><jurabk>PStTG</jurabk><enbez>Inhaltsübersicht</enbez></metadaten><textdaten><text format="XML"><Content><TOC><Ident Class="S1">Abschnitt 1</Ident><P/><Title Align="auto" Class="S1">Allgemeine Vorschriften</Title><P/><Ident Class="S0">Unterabschnitt 1</Ident><P/><Title Align="auto" Class="S0">Anwendungsbereich</Title><P/><table colsep="0" frame="none" pgwide="1" rowsep="0" tocentry="%yes;"><tgroup align="left" char="" charoff="50" cols="2"><colspec colname="col1" colwidth="10*"/><colspec colname="col2" colwidth="70*"/><tbody valign="top"><row><entry VJ="1" colname="col1">§  1</entry><entry VJ="1" colname="col2">Anwendungsbereich</entry></row></tbody></tgroup></table><P/><Ident Class="S0">Unterabschnitt 2</Ident><P/><Title Align="auto" Class="S0">Begriffsbestimmungen</Title><P/><table colsep="0" frame="none" pgwide="1" rowsep="0" tocentry="%yes;"><tgroup align="left" char="" charoff="50" cols="2"><colspec colname="col1" colwidth="10*"/><colspec colname="col2" colwidth="70*"/><tbody valign="top"><row><entry VJ="1" colname="col1">§  2</entry><entry VJ="1" colname="col2">Begriffsbestimmungen</entry></row><row><entry VJ="1" colname="col1">§  3</entry><entry VJ="1" colname="col2">Plattform; Plattformbetreiber</entry></row><row><entry VJ="1" colname="col1">§  4</entry><entry VJ="1" colname="col2">Nutzer; Anbieter</entry></row><row><entry VJ="1" colname="col1">§  5</entry><entry VJ="1" colname="col2">Relevante Tätigkeit; Vergütung</entry></row><row><entry VJ="1" colname="col1">§  6</entry><entry VJ="1" colname="col2">Sonstige Begriffsbestimmungen</entry></row><row><entry VJ="1" colname="col1">§  7</entry><entry VJ="1" colname="col2">Qualifizierter Plattformbetreiber, qualifizierter Drittstaat, qualifizierte Vereinbarung, qualifizierte relevante Tätigkeit</entry></row></tbody></tgroup></table><P/><Ident Class="S0">Unterabschnitt 3</Ident><P/><Title Align="auto" Class="S0">Verfahrensvorschriften</Title><P/><table colsep="0" frame="none" pgwide="1" rowsep="0" tocentry="%yes;"><tgroup align="left" char="" charoff="50" cols="2"><colspec colname="col1" colwidth="10*"/><colspec colname="col2" colwidth="70*"/><tbody valign="top"><row><entry VJ="1" colname="col1">§  8</entry><entry VJ="1" colname="col2">Zuständige Behörde</entry></row><row><entry VJ="1" colname="col1">§  9</entry><entry VJ="1" colname="col2">Aufgaben des Bundeszentralamts für Steuern</entry></row><row><entry VJ="1" colname="col1">§ 10</entry><entry VJ="1" colname="col2">Auskunft</entry></row><row><entry VJ="1" colname="col1">§ 11</entry><entry VJ="1" colname="col2">Verfahren zur Feststellung eines freigestellten Plattformbetreibers</entry></row><row><entry VJ="1" colname="col1">§ 12</entry><entry VJ="1" colname="col2">Registrierung</entry></row></tbody></tgroup></table><P/><Ident Class="S1">Abschnitt 2</Ident><P/><Title Align="auto" Class="S1">Meldepflichten</Title><P/><table colsep="0" frame="none" pgwide="1" rowsep="0" tocentry="%yes;"><tgroup align="left" char="" charoff="50" cols="2"><colspec colname="col1" colwidth="10*"/><colspec colname="col2" colwidth="70*"/><tbody valign="top"><row><entry VJ="1" colname="col1">§ 13</entry><entry VJ="1" colname="col2">Meldepflicht</entry></row><row><entry VJ="1" colname="col1">§ 14</entry><entry VJ="1" colname="col2">Meldepflichtige Informationen</entry></row><row><entry VJ="1" colname="col1">§ 15</entry><entry VJ="1" colname="col2">Meldeverfahren</entry></row></tbody></tgroup></table><P/><Ident Class="S1">Abschnitt 3</Ident><P/><Title Align="auto" Class="S1">Sorgfaltspflichten</Title><P/><table colsep="0" frame="none" pgwide="1" rowsep="0" tocentry="%yes;"><tgroup align="left" char="" charoff="50" cols="2"><colspec colname="col1" colwidth="10*"/><colspec colname="col2" colwidth="70*"/><tbody valign="top"><row><entry VJ="1" colname="col1">§ 16</entry><entry VJ="1" colname="col2">Anwendung der Sorgfaltspflichten</entry></row><row><entry VJ="1" colname="col1">§ 17</entry><entry VJ="1" colname="col2">Erhebung meldepflichtiger Informationen</entry></row><row><entry VJ="1" colname="col1">§ 18</entry><entry VJ="1" colname="col2">Überprüfung meldepflichtiger Informationen</entry></row><row><entry VJ="1" colname="col1">§ 19</entry><entry VJ="1" colname="col2">Identifizierung freigestellter Anbieter</entry></row><row><entry VJ="1" colname="col1">§ 20</entry><entry VJ="1" colname="col2">Frist zur Erfüllung der Sorgfaltspflichten</entry></row><row><entry VJ="1" colname="col1">§ 21</entry><entry VJ="1" colname="col2">Erfüllung der Sorgfaltspflichten durch Dritte</entry></row></tbody></tgroup></table><P/><Ident Class="S1">Abschnitt 4</Ident><P/><Title Align="auto" Class="S1">Sonstige Pflichten <BR/>für meldende Plattformbetreiber</Title><P/><table colsep="0" frame="none" pgwide="1" rowsep="0" tocentry="%yes;"><tgroup align="left" char="" charoff="50" cols="2"><colspec colname="col1" colwidth="10*"/><colspec colname="col2" colwidth="70*"/><tbody valign="top"><row><entry VJ="1" colname="col1">§ 22</entry><entry VJ="1" colname="col2">Information der Anbieter</entry></row><row><entry VJ="1" colname="col1">§ 23</entry><entry VJ="1" colname="col2">Durchsetzung von Mitwirkungspflichten</entry></row><row><entry VJ="1" colname="col1">§ 24</entry><entry VJ="1" colname="col2">Aufzeichnungen; Aufbewahrungsfristen</entry></row></tbody></tgroup></table><P/><Ident Class="S1">Abschnitt 5</Ident><P/><Title Align="auto" Class="S1">Bußgeldvorschriften <BR/>und weitere Maßnahmen</Title><P/><table colsep="0" frame="none" pgwide="1" rowsep="0" tocentry="%yes;"><tgroup align="left" char="" charoff="50" cols="2"><colspec colname="col1" colwidth="10*"/><colspec colname="col2" colwidth="70*"/><tbody valign="top"><row><entry VJ="1" colname="col1">§ 25</entry><entry VJ="1" colname="col2">Bußgeldvorschriften</entry></row><row><entry VJ="1" colname="col1">§ 26</entry><entry VJ="1" colname="col2">Weitere Maßnahmen</entry></row><row><entry VJ="1" colname="col1">§ 27</entry><entry VJ="1" colname="col2">Koordination</entry></row></tbody></tgroup></table><P/><Ident Class="S1">Abschnitt 6</Ident><P/><Title Align="auto" Class="S1">Rechtsweg und <BR/>Anwendungsbestimmungen</Title><P/><table colsep="0" frame="none" pgwide="1" rowsep="0" tocentry="%yes;"><tgroup align="left" char="" charoff="50" cols="2"><colspec colname="col1" colwidth="10*"/><colspec colname="col2" colwidth="70*"/><tbody valign="top"><row><entry VJ="1" colname="col1">§ 28</entry><entry VJ="1" colname="col2">Rechtsweg</entry></row><row><entry VJ="1" colname="col1">§ 29</entry><entry VJ="1" colname="col2">Anwendungsbestimmungen</entry></row></tbody></tgroup></table></TOC></Content></text></textdaten></norm>
<norm builddate="20250117224008" doknr="BJNR273010022BJNG000100000"><metadaten><jurabk>PStTG</jurabk><gliederungseinheit><gliederungskennzahl>010</gliederungskennzahl><gliederungsbez>Abschnitt 1</gliederungsbez><gliederungstitel>Allgemeine Vorschriften</gliederungstitel></gliederungseinheit></metadaten><textdaten/></norm>
<norm builddate="20250117224008" doknr="BJNR273010022BJNG000200000"><metadaten><jurabk>PStTG</jurabk><gliederungseinheit><gliederungskennzahl>010010</gliederungskennzahl><gliederungsbez>Unterabschnitt 1</gliederungsbez><gliederungstitel>Anwendungsbereich</gliederungstitel></gliederungseinheit></metadaten><textdaten/></norm>
<norm builddate="20250117224008" doknr="BJNR273010022BJNE000200000"><metadaten><jurabk>PStTG</jurabk><enbez>§ 1</enbez><titel format="XML">Anwendungsbereich</titel></metadaten><textdaten><text format="XML"><Content><P>(1) Dieses Gesetz regelt die Meldepflicht von Plattformbetreibern und den automatischen Informationsaustausch aufgrund der Richtlinie <NB>2011/16/EU</NB> des Rates vom 15. Februar 2011 über die Zusammenarbeit der Verwaltungsbehörden im Bereich der Besteuerung und zur Aufhebung der Richtlinie <NB>77/799/EWG</NB> (ABl. L 64 vom 11.3.2011, S. 1; Amtshilferichtlinie) in der Fassung der Richtlinie (EU) <NB>2021/514</NB> (ABl. L 104 vom 25.3.2021, S. 1).</P><P>(2) Es gelten die Vorschriften der Abgabenordnung, soweit dieses Gesetz nichts anderes bestimmt.</P></Content></text></textdaten></norm>
<norm builddate="20250117224008" doknr="BJNR273010022BJNG000300000"><metadaten><jurabk>PStTG</jurabk><gliederungseinheit><gliederungskennzahl>010020</gliederungskennzahl><gliederungsbez>Unterabschnitt 2</gliederungsbez><gliederungstitel>Begriffsbestimmungen</gliederungstitel></gliederungseinheit></metadaten><textdaten/></norm>
<norm builddate="20250117224008" doknr="BJNR273010022BJNE000300000"><metadaten><jurabk>PStTG</jurabk><enbez>§ 2</enbez><titel format="XML">Begriffsbestimmungen</titel></metadaten><textdaten><text format="XML"><Content><P>Für dieses Gesetz gelten die Begriffsbestimmungen der §§ 3 bis 7.</P></Content></text></textdaten></norm>
<norm builddate="20250117224008" doknr="BJNR273010022BJNE000400000"><metadaten><jurabk>PStTG</jurabk><enbez>§ 3</enbez><titel format="XML">Plattform; Plattformbetreiber</titel></metadaten><textdaten><text format="XML"><Content><P>(1) Eine Plattform ist jedes auf digitalen Technologien beruhende System, das es Nutzern ermöglicht, über das Internet mittels einer Software miteinander in Kontakt zu treten und Rechtsgeschäfte abzuschließen, die gerichtet sind auf <DL Type="arabic"><DT>1.</DT><DD Font="normal"><LA>die Erbringung relevanter Tätigkeiten (§ 5) durch Anbieter für andere Nutzer oder</LA></DD><DT>2.</DT><DD Font="normal"><LA>die Erhebung und Zahlung einer mit einer relevanten Tätigkeit zusammenhängenden Vergütung.</LA></DD></DL>Eine Plattform liegt auch vor, wenn der Betreiber des Systems mit Anbietern oder anderen Nutzern Rechtsgeschäfte abschließt, die auf die Nummern 1 oder 2 in Satz 1 gerichtet sind. Unbeschadet der Sätze 1 und 2 handelt es sich unter anderem nicht um eine Plattform, wenn die Software ausschließlich ermöglicht: <DL Type="arabic"><DT>1.</DT><DD Font="normal"><LA>die Verarbeitung von Zahlungen, die im Zusammenhang mit einer relevanten Tätigkeit erfolgen;</LA></DD><DT>2.</DT><DD Font="normal"><LA>das Auflisten einer relevanten Tätigkeit oder die Werbung für eine relevante Tätigkeit durch Nutzer oder</LA></DD><DT>3.</DT><DD Font="normal"><LA>die Umleitung oder Weiterleitung von Nutzern auf eine Plattform.</LA></DD></DL></P><P>(2) Ein Plattformbetreiber ist jeder Rechtsträger, der sich verpflichtet, einem Anbieter eine Plattform ganz oder teilweise zur Verfügung zu stellen.</P><P>(3) Ein freigestellter Plattformbetreiber ist ein Plattformbetreiber, der <DL Type="arabic"><DT>1.</DT><DD Font="normal"><LA>gegenüber dem Bundeszentralamt für Steuern nach § 11 oder</LA></DD><DT>2.</DT><DD Font="normal"><LA>gegenüber der zuständigen Behörde eines anderen Mitgliedstaats der Europäischen Union im Einklang mit den dort geltenden Rechtsvorschriften</LA></DD></DL>den Nachweis erbracht hat, dass die von ihm betriebene Plattform nicht von meldepflichtigen Anbietern genutzt werden kann.</P><P>(4) Ein meldender Plattformbetreiber ist ein Plattformbetreiber, bei dem es sich nicht um einen freigestellten Plattformbetreiber handelt und der <DL Type="arabic"><DT>1.</DT><DD Font="normal"><LA>seinen Sitz oder seine Geschäftsleitung <DL Type="alpha"><DT>a)</DT><DD Font="normal"><LA>im Inland hat,</LA></DD><DT>b)</DT><DD Font="normal"><LA>nicht im Inland hat, aber <DL Type="a-alpha"><DT>aa)</DT><DD Font="normal"><LA>nach dem Recht der Bundesrepublik Deutschland eingetragen ist oder,</LA></DD><DT>bb)</DT><DD Font="normal"><LA>eine Betriebsstätte im Inland hat und kein qualifizierter Plattformbetreiber (§ 7 Absatz 1) ist oder</LA></DD></DL></LA></DD></DL></LA></DD><DT>2.</DT><DD Font="normal"><LA>kein qualifizierter Plattformbetreiber ist und <DL Type="alpha"><DT>a)</DT><DD Font="normal"><LA>in keinem anderen Mitgliedstaat der Europäischen Union nach den dort geltenden Rechtsvorschriften steuerlich ansässig ist,</LA></DD><DT>b)</DT><DD Font="normal"><LA>in keinem anderen Mitgliedstaat der Europäischen Union die Voraussetzungen entsprechend der Nummer 1 erfüllt und</LA></DD><DT>c)</DT><DD Font="normal"><LA>eine Plattform betreibt, die <DL Type="a-alpha"><DT>aa)</DT><DD Font="normal"><LA>die Erbringung relevanter Tätigkeiten durch meldepflichtige Anbieter ermöglicht oder</LA></DD><DT>bb)</DT><DD Font="normal"><LA>die Erbringung relevanter Tätigkeiten nach § 5 Absatz 1 Satz 1 Nummer 1 ermöglicht, wenn das unbewegliche Vermögen in einem Mitgliedstaat der Europäischen Union belegen ist.</LA></DD></DL></LA></DD></DL></LA></DD></DL></P></Content></text></textdaten></norm>
<norm builddate="20250117224008" doknr="BJNR273010022BJNE000500000"><metadaten><jurabk>PStTG</jurabk><enbez>§ 4</enbez><titel format="XML">Nutzer; Anbieter</titel></metadaten><textdaten><text format="XML"><Content><P>(1) Ein Nutzer ist jede natürliche Person oder jeder Rechtsträger, die oder der eine Plattform in Anspruch nimmt. Nutzer ist nicht der Plattformbetreiber.</P><P>(2) Ein Anbieter ist jeder Nutzer, der zu irgendeinem Zeitpunkt im Meldezeitraum auf einer Plattform registriert ist und eine relevante Tätigkeit anbieten kann.</P><P>(3) Ein bestehender Anbieter ist jeder Anbieter, der auf einer Plattform am 1. Januar 2023 registriert ist. Wird ein Rechtsträger zu einem Zeitpunkt nach dem 1. Januar 2023 erstmals meldender Plattformbetreiber, so gelten alle Anbieter, die zu diesem Zeitpunkt bereits registriert sind, als bestehende Anbieter.</P><P>(4) Ein aktiver Anbieter ist ein Anbieter, der im Meldezeitraum eine relevante Tätigkeit erbringt oder dem im Meldezeitraum eine Vergütung gezahlt oder gutgeschrieben wird, die im Zusammenhang mit einer relevanten Tätigkeit steht.</P><P>(5) Ein freigestellter Anbieter ist jeder Anbieter, der <DL Type="arabic"><DT>1.</DT><DD Font="normal"><LA>ein staatlicher Rechtsträger ist,</LA></DD><DT>2.</DT><DD Font="normal"><LA>ein Rechtsträger ist, dessen Aktien regelmäßig an einer anerkannten Wertpapierbörse gehandelt werden, oder ein verbundener Rechtsträger eines Rechtsträgers ist, dessen Aktien regelmäßig an einer anerkannten Wertpapierbörse gehandelt werden,</LA></DD><DT>3.</DT><DD Font="normal"><LA>ein Rechtsträger ist, der im Meldezeitraum unter Inanspruchnahme derselben Plattform in mehr als 2 000 Fällen relevante Tätigkeiten nach § 5 Absatz 1 Satz 1 Nummer 1 in Bezug auf eine inserierte Immobilieneinheit (§ 6 Absatz 7) erbracht hat oder</LA></DD><DT>4.</DT><DD Font="normal"><LA>im Meldezeitraum unter Inanspruchnahme derselben Plattform in weniger als 30 Fällen relevante Tätigkeiten nach § 5 Absatz 1 Satz 1 Nummer 3 erbracht und dadurch insgesamt weniger als 2 000 Euro als Vergütung gezahlt oder gutgeschrieben bekommen hat.</LA></DD></DL>Ein Anbieter, der ausschließlich die Voraussetzungen des Satzes 1 Nummer 3 oder Nummer 4 erfüllt, ist nur in Bezug auf die dort genannte relevante Tätigkeit ein freigestellter Anbieter.</P><P>(6) Ein meldepflichtiger Anbieter ist ein aktiver Anbieter, bei dem es sich nicht um einen freigestellten Anbieter handelt und der <DL Type="arabic"><DT>1.</DT><DD Font="normal"><LA>im Inland ansässig ist oder relevante Tätigkeiten nach § 5 Absatz 1 Satz 1 Nummer 1 in Bezug auf unbewegliches Vermögen erbracht hat, das im Inland belegen ist, oder</LA></DD><DT>2.</DT><DD Font="normal"><LA>in einem anderen Mitgliedstaat der Europäischen Union ansässig ist oder relevante Tätigkeiten nach § 5 Absatz 1 Satz 1 Nummer 1 in Bezug auf unbewegliches Vermögen erbracht hat, das in einem anderen Mitgliedstaat der Europäischen Union belegen ist.</LA></DD></DL>Ein Anbieter gilt in dem Mitgliedstaat der Europäischen Union als ansässig, in dem er seinen Sitz oder, bei einer natürlichen Person, seinen Wohnsitz hat. Wurde die Steueridentifikationsnummer, die nach den §§ 17 und 18 bei dem Anbieter erhoben worden ist, von einem Mitgliedstaat der Europäischen Union erteilt, so gilt der Anbieter auch in dem Mitgliedstaat der Europäischen Union als ansässig, der die Steueridentifikationsnummer erteilt hat. Sofern bei dem Anbieter nach § 17 Absatz 2 Informationen zu einer Betriebsstätte erhoben worden sind, gilt der Anbieter auch in dem Mitgliedstaat der Europäischen Union als ansässig, in dem die Betriebsstätte gelegen ist. Ungeachtet der Sätze 2 bis 4 gilt ein Anbieter in jedem Mitgliedstaat der Europäischen Union als ansässig, der durch einen bereitgestellten Identifizierungsdienst nach § 17 Absatz 5 bestätigt wurde als Staat, in dem der Anbieter ansässig ist.</P></Content></text></textdaten></norm>
<norm builddate="20250117224008" doknr="BJNR273010022BJNE000600000"><metadaten><jurabk>PStTG</jurabk><enbez>§ 5</enbez><titel format="XML">Relevante Tätigkeit; Vergütung</titel></metadaten><textdaten><text format="XML"><Content><P>(1) Eine relevante Tätigkeit ist jede der folgenden Tätigkeiten, wenn sie gegen eine Vergütung erbracht wird: <DL Type="arabic"><DT>1.</DT><DD Font="normal"><LA>die zeitlich begrenzte Überlassung von Nutzungen und anderen Rechten jeder Art an unbeweglichem Vermögen;</LA></DD><DT>2.</DT><DD Font="normal"><LA>die Erbringung persönlicher Dienstleistungen;</LA></DD><DT>3.</DT><DD Font="normal"><LA>der Verkauf von Waren;</LA></DD><DT>4.</DT><DD Font="normal"><LA>die zeitlich begrenzte Überlassung von Nutzungen und anderen Rechten jeder Art an Verkehrsmitteln.</LA></DD></DL>Eine relevante Tätigkeit ist nicht die Tätigkeit eines Anbieters, der als nichtselbständig Beschäftigter des Plattformbetreibers oder eines mit dem Plattformbetreiber verbundenen Rechtsträgers handelt.</P><P>(2) Vergütung ist jegliche Form von Entgelt, die einem Anbieter im Zusammenhang mit einer relevanten Tätigkeit gezahlt oder gutgeschrieben wird, abzüglich aller vom Plattformbetreiber einbehaltenen oder erhobenen Gebühren, Provisionen oder Steuern. Die Höhe der Vergütung ist dem Plattformbetreiber bekannt oder müsste ihm bekannt sein; dem Plattformbetreiber ist das Wissen aller mit ihm verbundenen Rechtsträger und beauftragten Dienstleister zuzurechnen. Für das Vorliegen einer Vergütung ist es unerheblich, von wem das Entgelt erbracht wird.</P><P>(3) Eine persönliche Dienstleistung ist jede zeitlich begrenzte oder auf eine bestimmte Aufgabe bezogene Tätigkeit, die von einer oder mehreren Personen entweder selbständig oder im Namen eines Rechtsträgers ausgeführt wird, nachdem sie von einem Nutzer angefordert worden ist. Es ist unerheblich, ob die Tätigkeit dem Nutzer virtuell oder an einem physischen Ort zur Verfügung gestellt wird. Eine Tätigkeit, die in zeitlicher und inhaltlicher Hinsicht unabhängig davon erbracht wird, ob sie durch einen bestimmten Nutzer oder eine Gruppe bestimmter Nutzer angefordert worden ist, ist keine persönliche Dienstleistung.</P><P>(4) Waren sind alle körperlichen Gegenstände.</P><P>(5) Verkehrsmittel sind alle motorisierten und nicht motorisierten beweglichen Gegenstände, die die individuelle Beförderung von Personen oder Gütern zu Land, zu Wasser oder in der Luft ermöglichen.</P></Content></text></textdaten></norm>
<norm builddate="20250117224008" doknr="BJNR273010022BJNE000701123"><metadaten><jurabk>PStTG</jurabk><enbez>§ 6</enbez><titel format="XML">Sonstige Begriffsbestimmungen</titel></metadaten><textdaten><text format="XML"><Content><P>(1) Ein Rechtsträger ist eine juristische Person, eine Personenvereinigung oder eine Vermögensmasse.</P><P>(2) Ein verbundener Rechtsträger ist mit einem anderen Rechtsträger verbunden, wenn <DL Font="normal" Type="arabic"><DT>1.</DT><DD Font="normal"><LA Size="normal">er den anderen Rechtsträger beherrscht oder von diesem beherrscht wird oder</LA></DD><DT>2.</DT><DD Font="normal"><LA Size="normal">beide Rechtsträger der gleichen Beherrschung unterliegen.</LA></DD></DL>Beherrschung liegt dann vor, wenn ein Rechtsträger oder eine natürliche Person unmittelbar oder mittelbar zu mehr als 50 Prozent am Kapital, an den Mitgliedschaftsrechten, an den Beteiligungsrechten oder an den Stimmrechten eines Rechtsträgers beteiligt ist, wobei mittelbare und unmittelbare Beteiligungen addiert werden. Bei einer mittelbaren Beteiligung wird die Erfüllung der Anforderung, dass mehr als 50 Prozent der Rechte nach Satz 2 an einem anderen Rechtsträger gehalten werden, durch Multiplikation der Beteiligungsquoten an den nachgeordneten Rechtsträgern ermittelt. Ein Rechtsträger oder eine natürliche Person mit einer Stimmrechtsbeteiligung von mehr als 50 Prozent gilt dabei als Halter von 100 Prozent der Stimmrechte.</P><P>(3) Ein staatlicher Rechtsträger ist die Regierung, eine Gebietskörperschaft oder eine Behörde eines Staates sowie eine Einrichtung, die sich unmittelbar oder über einen oder mehrere andere staatliche Rechtsträger im Alleineigentum und unter der Beherrschung eines Staates oder einer oder mehrerer Gebietskörperschaften befindet.</P><P>(4) Eine Steueridentifikationsnummer ist <DL Font="normal" Type="arabic"><DT>1.</DT><DD Font="normal"><LA Size="normal">eine von einem Mitgliedstaat der Europäischen Union erteilte Identifikationsnummer eines Steuerpflichtigen oder eine funktionale Entsprechung, wenn keine Steueridentifikationsnummer vorhanden ist,</LA></DD><DT>2.</DT><DD Font="normal"><LA Size="normal">im Fall der Bundesrepublik Deutschland <DL Font="normal" Type="alpha"><DT>a)</DT><DD Font="normal"><LA Size="normal">die Wirtschafts-Identifikationsnummer nach § 139c der Abgabenordnung,</LA></DD><DT>b)</DT><DD Font="normal"><LA Size="normal">sofern die Wirtschafts-Identifikationsnummer nicht vergeben wurde, die Identifikationsnummer nach § 139b der Abgabenordnung oder</LA></DD><DT>c)</DT><DD Font="normal"><LA Size="normal">sofern weder eine Wirtschafts-Identifikationsnummer noch eine Identifikationsnummer vergeben wurde, die vom örtlich zuständigen Finanzamt erteilte Steuernummer.</LA></DD></DL></LA></DD></DL></P><P>(5) Eine Identifikationsnummer für Umsatzsteuerzwecke ist eine von einem Mitgliedstaat der Europäischen Union erteilte individuelle Mehrwertsteuer-Identifikationsnummer nach Artikel 214 der Richtlinie <NB>2006/112/EG.</NB> Im Fall der Bundesrepublik Deutschland ist die Identifikationsnummer für Umsatzsteuerzwecke die vom Bundeszentralamt für Steuern erteilte Umsatzsteuer-Identifikationsnummer nach § 27a des Umsatzsteuergesetzes.</P><P>(6) Der Meldezeitraum ist das Kalenderjahr, für das die Meldung gemäß Abschnitt 2 erfolgt.</P><P>(7) Eine inserierte Immobilieneinheit umfasst alle unbeweglichen Vermögen, die an derselben Anschrift gelegen sind, im Eigentum desselben Eigentümers stehen und von demselben Anbieter auf einer Plattform angeboten werden für die Erbringung relevanter Tätigkeiten nach § 5 Absatz 1 Satz 1 Nummer 1.</P><P>(8) Die Kennung des Finanzkontos ist die eindeutige, dem Plattformbetreiber vorliegende Kennnummer oder Referenz des jeweiligen Bankkontos oder eines ähnlichen Zahlungsdienstkontos, auf das die Vergütung gezahlt oder gutgeschrieben wird.</P><P>(9) Ein Identifizierungsdienst ist ein elektronisches Verfahren, das ein Mitgliedstaat der Europäischen Union oder die Europäische Union einem Plattformbetreiber zur direkten Bestätigung der Identität und steuerlichen Ansässigkeit eines Anbieters bereitstellt.</P><P>(10) Ein Drittstaat ist jeder Staat oder jedes Gebiet, der oder das nicht Mitgliedstaat der Europäischen Union ist.</P></Content></text><fussnoten/></textdaten></norm>
<norm builddate="20250117224008" doknr="BJNR273010022BJNE000800000"><metadaten><jurabk>PStTG</jurabk><enbez>§ 7</enbez><titel format="XML">Qualifizierter Plattformbetreiber, qualifizierter Drittstaat, qualifizierte Vereinbarung, qualifizierte relevante Tätigkeit</titel></metadaten><textdaten><text format="XML"><Content><P>(1) Ein qualifizierter Plattformbetreiber ist ein Plattformbetreiber, <DL Type="arabic"><DT>1.</DT><DD Font="normal"><LA>der in einem qualifizierten Drittstaat ansässig ist und</LA></DD><DT>2.</DT><DD Font="normal"><LA>bei dem sämtliche relevante Tätigkeiten, deren Erbringung die von ihm betriebene Plattform ermöglicht, qualifizierte relevante Tätigkeiten sind.</LA></DD></DL>Eine Ansässigkeit in einem qualifizierten Drittstaat liegt vor, wenn der Plattformbetreiber in einem qualifizierten Drittstaat nach den dort geltenden Rechtsvorschriften <DL Type="arabic"><DT>1.</DT><DD Font="normal"><LA>steuerlich ansässig ist oder</LA></DD><DT>2.</DT><DD Font="normal"><LA>steuerlich nicht ansässig ist, aber <DL Type="alpha"><DT>a)</DT><DD Font="normal"><LA>nach dem Recht des qualifizierten Drittstaats eingetragen ist oder</LA></DD><DT>b)</DT><DD Font="normal"><LA>den Ort seiner tatsächlichen Geschäftsleitung in dem qualifizierten Drittstaat hat.</LA></DD></DL></LA></DD></DL></P><P>(2) Ein qualifizierter Drittstaat ist ein Drittstaat, <DL Type="arabic"><DT>1.</DT><DD Font="normal"><LA>zwischen dem und allen Mitgliedstaaten der Europäischen Union eine qualifizierte Vereinbarung besteht und</LA></DD><DT>2.</DT><DD Font="normal"><LA>der alle Mitgliedstaaten der Europäischen Union öffentlich als meldepflichtige Staaten benannt hat.</LA></DD></DL></P><P>(3) Eine qualifizierte Vereinbarung ist eine wirksame Vereinbarung zwischen den zuständigen Behörden eines Mitgliedstaats der Europäischen Union und eines Drittstaats, die den automatischen Austausch von Informationen an eine zuständige Behörde eines Mitgliedstaats der Europäischen Union vorschreibt, die den meldepflichtigen Informationen nach § 14 gleichwertig sind. Die Gleichwertigkeit im Sinne von Satz 1 bestimmt sich nach den Feststellungen, die von der Europäischen Kommission im Wege von Durchführungsrechtsakten nach Artikel 8ac Absatz 7 der Amtshilferichtlinie getroffen werden.</P><P>(4) Eine qualifizierte relevante Tätigkeit ist jede relevante Tätigkeit, zu der gemäß einer qualifizierten Vereinbarung ein automatischer Austausch von Informationen vorgeschrieben ist.</P></Content></text></textdaten></norm>
<norm builddate="20250117224008" doknr="BJNR273010022BJNG000400000"><metadaten><jurabk>PStTG</jurabk><gliederungseinheit><gliederungskennzahl>010030</gliederungskennzahl><gliederungsbez>Unterabschnitt 3</gliederungsbez><gliederungstitel>Verfahrensvorschriften</gliederungstitel></gliederungseinheit></metadaten><textdaten/></norm>
<norm builddate="20250117224008" doknr="BJNR273010022BJNE000900000"><metadaten><jurabk>PStTG</jurabk><enbez>§ 8</enbez><titel format="XML">Zuständige Behörde</titel></metadaten><textdaten><text format="XML"><Content><P>Zuständige Behörde im Sinne dieses Gesetzes ist das Bundesministerium der Finanzen, soweit nicht die Zuständigkeit des Bundeszentralamts für Steuern nach § 5 Absatz 1 Satz 1 Nummer 5g des Finanzverwaltungsgesetzes gegeben ist oder sich aus diesem Gesetz etwas anderes ergibt.</P></Content></text></textdaten></norm>
<norm builddate="20250117224008" doknr="BJNR273010022BJNE001001123"><metadaten><jurabk>PStTG</jurabk><enbez>§ 9</enbez><titel format="XML">Aufgaben des Bundeszentralamts für Steuern</titel></metadaten><textdaten><text format="XML"><Content><P>(1) Das Bundeszentralamt für Steuern nimmt Informationen entgegen, die ihm von meldenden Plattformbetreibern nach § 13 und von den zuständigen Behörden der anderen Mitgliedstaaten der Europäischen Union nach Artikel 8ac Absatz 2 der Amtshilferichtlinie übermittelt werden, und speichert diese Informationen.</P><P>(2) Das Bundeszentralamt für Steuern übermittelt entgegengenommene Informationen zu meldepflichtigen Anbietern nach § 4 Absatz 6 Satz 1 Nummer 1 zur Durchführung des Besteuerungsverfahrens an die zuständige Landesfinanzbehörde weiter. § 88 Absatz 4 Satz 1 der Abgabenordnung ist mit der Maßgabe anzuwenden, dass ein unverhältnismäßiger Aufwand bei der Zuordnung der Daten zu einem bestimmten Steuerpflichtigen oder einem bestimmten Finanzamt gegeben ist, wenn sich die Zuordnung nicht mittels verfügbarer automatisierter Verfahren vornehmen lässt. § 88 Absatz 4 Satz 2 der Abgabenordnung ist nicht anzuwenden.</P><P>(3) Das Bundeszentralamt für Steuern übermittelt entgegengenommene Informationen zu meldepflichtigen Anbietern nach § 4 Absatz 6 Satz 1 Nummer 2 an <DL Type="arabic"><DT>1.</DT><DD Font="normal"><LA>die zuständigen Behörden aller Mitgliedstaaten der Europäischen Union, in denen der jeweilige meldepflichtige Anbieter als ansässig gilt, und</LA></DD><DT>2.</DT><DD Font="normal"><LA>die zuständigen Behörden aller Mitgliedstaaten der Europäischen Union, in denen das unbewegliche Vermögen belegen ist, wenn der meldepflichtige Anbieter relevante Tätigkeiten nach § 5 Absatz 1 Satz 1 Nummer 1 erbracht hat.</LA></DD></DL>Die Übermittlung erfolgt mit Ablauf des zweiten Monats des Kalenderjahres, das auf den Meldezeitraum folgt. Eine Anhörung der Beteiligten nach § 117 Absatz 4 Satz 3 der Abgabenordnung findet nicht statt.</P><P>(4) Das Bundeszentralamt für Steuern ist berechtigt, die Informationen, die ihm nach Absatz 1 übermittelt worden sind, zur Erfüllung der ihm gesetzlich übertragenen Aufgaben auszuwerten. Eine Auswertung der Informationen durch die jeweils zuständige Landesfinanzbehörde bleibt hiervon unberührt. § 19 Absatz 2 des EU-Amtshilfegesetzes bleibt unberührt.</P><P>(5) Das Bundeszentralamt für Steuern bewahrt die Informationen, die ihm nach Absatz 1 übermittelt worden sind, ab dem Zeitpunkt der Entgegennahme 15 Jahre lang auf. Nach Ablauf der Aufbewahrungsfrist hat das Bundeszentralamt für Steuern die Daten zum Jahresende zu löschen. Nimmt das Bundeszentralamt für Steuern vor dem in Satz 2 genannten Zeitpunkt eine Änderungsmeldung entgegen, so beginnt die Frist nach Satz 1 mit dem Zeitpunkt, zu dem die Änderungsmeldung entgegengenommen worden ist.</P><P>(6) Das Bundeszentralamt für Steuern veröffentlicht auf seiner Internetseite <DL Type="arabic"><DT>1.</DT><DD Font="normal"><LA>Mitteilungen der zuständigen Behörden anderer Mitgliedstaaten der Europäischen Union, die nach Artikel 8ac Absatz 2 Buchstabe h der Amtshilferichtlinie gemacht wurden. Das Bundesministerium der Finanzen teilt nach Artikel 8ac Absatz 2 Buchstabe h der Amtshilferichtlinie den zuständigen Behörden aller anderen Mitgliedstaaten der Europäischen Union mit, dass die zuständige Behörde der Bundesrepublik Deutschland die Kennung des Finanzkontos nicht zu verwenden beabsichtigt;</LA></DD><DT>2.</DT><DD Font="normal"><LA>Feststellungen der Europäischen Kommission nach § 7 Absatz 3 Satz 2;</LA></DD><DT>3.</DT><DD Font="normal"><LA>eine Liste der Identifizierungsdienste, die von Mitgliedstaaten der Europäischen Union oder der Europäischen Union bereitgestellt sind, und</LA></DD><DT>4.</DT><DD Font="normal"><LA>eine Liste der von Mitgliedstaaten der Europäischen Union und der Europäischen Union kostenlos zur Verfügung gestellten elektronischen Schnittstellen zur Überprüfung der Gültigkeit der Steueridentifikationsnummer oder der Identifikationsnummer für Umsatzsteuerzwecke.</LA></DD></DL></P><P>(7) Das Bundeszentralamt für Steuern führt das Verfahren zur Registrierung meldender Plattformbetreiber nach § 3 Absatz 4 Nummer 2 nach Maßgabe des § 12, einschließlich der damit verbundenen Mitteilungen an die Europäische Kommission und die zuständigen Behörden der anderen Mitgliedstaaten der Europäischen Union, durch. Das Bundeszentralamt für Steuern berücksichtigt dabei die Durchführungsrechtsakte der Europäischen Kommission nach Artikel 8ac Absatz 4 Unterabsatz 3 der Amtshilferichtlinie.</P><P>(8) Das Bundeszentralamt für Steuern unterrichtet die zuständigen Behörden aller anderen Mitgliedstaaten der Europäischen Union über jede Feststellung, die das Bundeszentralamt für Steuern nach § 11 in Bezug auf einen freigestellten Plattformbetreiber nach § 3 Absatz 3 getroffen hat, sowie über jede Änderung einer solchen Feststellung.</P><P>(9) Für die in den Absätzen 7 und 8 genannten Zwecke nutzt das Bundeszentralamt für Steuern das Zentralverzeichnis nach Artikel 8ac Absatz 6 der Amtshilferichtlinie.</P><P>(10) Das Bundeszentralamt für Steuern prüft die Einhaltung der Melde- und Sorgfaltspflichten, die den meldenden Plattformbetreibern nach diesem Gesetz auferlegt werden. § 147 Absatz 5 bis 7 und die §§ 193 bis 203a der Abgabenordnung sowie § 12 des EU-Amtshilfegesetzes gelten entsprechend.</P><P>(11) Das Bundeszentralamt für Steuern ergreift nach den §§ 26 und 27 Maßnahmen zur Durchsetzung der Pflichten nach diesem Gesetz.</P></Content></text><fussnoten/></textdaten></norm>
<norm builddate="20250117224008" doknr="BJNR273010022BJNE001100000"><metadaten><jurabk>PStTG</jurabk><enbez>§ 10</enbez><titel format="XML">Auskunft</titel></metadaten><textdaten><text format="XML"><Content><P>(1) Das Bundeszentralamt für Steuern kann auf Antrag auf Grundlage eines genau bestimmten Sachverhaltes eine Auskunft erteilen über <DL Type="arabic"><DT>1.</DT><DD Font="normal"><LA>das Vorliegen der Voraussetzungen nach § 3 Absatz 1,</LA></DD><DT>2.</DT><DD Font="normal"><LA>das Vorliegen der Voraussetzungen nach § 5 Absatz 1.</LA></DD></DL>Die Auskunft wird nur erteilt, wenn an ihr ein besonderes Interesse des Antragstellers besteht.</P><P>(2) Der Antrag ist schriftlich oder elektronisch zu stellen. Der Antrag hat zu enthalten: <DL Type="arabic"><DT>1.</DT><DD Font="normal"><LA>die genaue Bezeichnung des Antragstellers;</LA></DD><DT>2.</DT><DD Font="normal"><LA>eine umfassende und in sich abgeschlossene Darstellung des Sachverhalts;</LA></DD><DT>3.</DT><DD Font="normal"><LA>eine Darlegung des besonderen Interesses des Antragstellers;</LA></DD><DT>4.</DT><DD Font="normal"><LA>eine ausführliche Darlegung des eigenen Rechtsstandpunktes;</LA></DD><DT>5.</DT><DD Font="normal"><LA>die Formulierung konkreter Rechtsfragen;</LA></DD><DT>6.</DT><DD Font="normal"><LA>eine Erklärung, ob und gegebenenfalls in welchen anderen Mitgliedstaaten der Europäischen Union der Antragsteller nach den dort geltenden Rechtsvorschriften eine entsprechende Auskunft beantragt hat sowie gegebenenfalls den Inhalt der ihm erteilten Auskunft;</LA></DD><DT>7.</DT><DD Font="normal"><LA>die Versicherung, dass alle für die Erteilung der Auskunft und für die Beurteilung erforderlichen Angaben gemacht wurden und der Wahrheit entsprechen.</LA></DD></DL></P><P>(3) Über den Antrag soll innerhalb von sechs Monaten ab Eingang des Antrags beim Bundeszentralamt für Steuern entschieden werden; kann das Bundeszentralamt für Steuern nicht innerhalb dieser Frist über den Antrag entscheiden, ist dies dem Antragsteller unter Angabe der Gründe mitzuteilen.</P><P>(4) Die von dem Bundeszentralamt für Steuern erteilte Auskunft ist für die Frage, ob Pflichten nach diesem Gesetz bestehen, bindend, wenn der tatsächlich verwirklichte Sachverhalt von dem der Auskunft zugrunde gelegten Sachverhalt nicht abweicht. Die Auskunft ist nicht bindend, wenn sie zuungunsten des Antragstellers dem geltenden Recht widerspricht. Die Bindungswirkung der Auskunft entfällt ab dem Zeitpunkt, in dem die Rechtsvorschriften, auf denen die Auskunft beruht, aufgehoben oder geändert werden. Unbeschadet der §§ 129 bis 131 der Abgabenordnung kann eine Auskunft mit Wirkung für die Zukunft aufgehoben oder geändert werden, wenn sich herausstellt, dass die erteilte Auskunft unrichtig war.</P><P>(5) Das Bundeszentralamt für Steuern erhebt für die Bearbeitung eines Antrags eine Gebühr, die vor der Erteilung der Auskunft festzusetzen ist. Die Gebühr ist vom Antragsteller innerhalb eines Monats nach Bekanntgabe ihrer Festsetzung zu entrichten. Die Gebühr beträgt 5 000 Euro. Auf die Gebühr kann ganz oder teilweise verzichtet werden, wenn ihre Erhebung nach Lage des einzelnen Falls unbillig wäre. Die Gebühr kann insbesondere ermäßigt werden, wenn ein Antrag auf Erteilung einer Auskunft vor ihrer Bekanntgabe zurückgenommen wird.</P></Content></text></textdaten></norm>
<norm builddate="20250117224008" doknr="BJNR273010022BJNE001200000"><metadaten><jurabk>PStTG</jurabk><enbez>§ 11</enbez><titel format="XML">Verfahren zur Feststellung eines freigestellten Plattformbetreibers</titel></metadaten><textdaten><text format="XML"><Content><P>(1) Das Bundeszentralamt für Steuern stellt auf Antrag eines Plattformbetreibers fest, dass es sich bei ihm um einen freigestellten Plattformbetreiber handelt, wenn der Plattformbetreiber den Nachweis erbracht hat, dass die von ihm betriebene Plattform nicht von meldepflichtigen Anbietern genutzt werden kann. Die Feststellung kann nur für jeweils einen Meldezeitraum getroffen werden.</P><P>(2) Das Bundeszentralamt für Steuern verlängert eine Feststellung auf Antrag für einen sich anschließenden Meldezeitraum, wenn der Plattformbetreiber nachweist, dass die Verhältnisse, die der ursprünglichen Feststellung zugrunde gelegen haben, sich in der Zwischenzeit nicht geändert haben und sich im Verlauf des sich anschließenden Meldezeitraums voraussichtlich nicht ändern werden.</P><P>(3) Berechtigt, einen Antrag auf Feststellung oder auf Verlängerung einer Feststellung zu stellen, sind Plattformbetreiber, die nach § 13 Absatz 1 bis 4 zur Meldung an das Bundeszentralamt für Steuern grundsätzlich verpflichtet wären. Der Antrag nach Absatz 1 ist spätestens bis zum 31. Oktober eines Jahres für den laufenden Meldezeitraum und der Antrag nach Absatz 2 spätestens bis zum 31. Oktober eines Jahres für den folgenden Meldezeitraum schriftlich oder elektronisch zu stellen.</P><P>(4) Der Antrag hat zu enthalten: <DL Type="arabic"><DT>1.</DT><DD Font="normal"><LA>die genaue Bezeichnung des Antragstellers und gegebenenfalls aller anderen Plattformbetreiber derselben Plattform;</LA></DD><DT>2.</DT><DD Font="normal"><LA>die Anschrift des Sitzes und die elektronischen Adressen, einschließlich der Internetadressen, des Antragstellers und gegebenenfalls aller anderen Plattformbetreiber derselben Plattform;</LA></DD><DT>3.</DT><DD Font="normal"><LA>jede Steueridentifikationsnummer und Identifikationsnummer für Umsatzsteuerzwecke, die dem Plattformbetreiber erteilt wurde;</LA></DD><DT>4.</DT><DD Font="normal"><LA>die Gründe für eine grundsätzliche Verpflichtung des Antragstellers zur Meldung an das Bundeszentralamt für Steuern;</LA></DD><DT>5.</DT><DD Font="normal"><LA>eine Erklärung, ob und gegebenenfalls in welchen anderen Mitgliedstaaten der Europäischen Union der Antragsteller oder ein anderer Betreiber derselben Plattform nach den dort geltenden Rechtsvorschriften zu einer Meldung verpflichtet ist;</LA></DD><DT>6.</DT><DD Font="normal"><LA>die Angabe des Meldezeitraums, für den die Feststellung oder die Verlängerung einer Feststellung beantragt wird;</LA></DD><DT>7.</DT><DD Font="normal"><LA>eine Erklärung, ob und gegebenenfalls gegenüber welchen zuständigen Behörden anderer Mitgliedstaaten der Europäischen Union der Antragsteller oder ein anderer Betreiber derselben Plattform nach den dort geltenden Rechtsvorschriften für den nach Nummer 6 angegebenen Meldezeitraum den Nachweis erbracht hat, dass die von ihm betriebene Plattform nicht von meldepflichtigen Anbietern genutzt werden kann, oder die Erbringung eines solchen Nachweises beabsichtigt;</LA></DD><DT>8.</DT><DD Font="normal"><LA>eine Darlegung der Umstände, einschließlich der vertraglichen, technischen und administrativen Vorkehrungen, die zuverlässig verhindern, dass die Plattform, die Gegenstand des Antrags ist, tatsächlich von meldepflichtigen Anbietern genutzt werden kann.</LA></DD></DL>Dem Antrag sind die erforderlichen Unterlagen beizufügen.</P><P>(5) Das Bundeszentralamt für Steuern kann mit den zuständigen Behörden anderer Mitgliedstaaten der Europäischen Union Informationen austauschen, die zur Ermittlung des Sachverhaltes und zur Entscheidung über den Antrag erforderlich sind; eine Anhörung des Antragstellers nach § 117 Absatz 4 Satz 3 der Abgabenordnung findet nicht statt.</P><P>(6) Das Bundeszentralamt für Steuern kann eine Feststellung oder die Verlängerung einer Feststellung zurücknehmen oder für die Zukunft widerrufen, wenn die Verhältnisse nach Absatz 1 oder 2 nicht oder nicht mehr erfüllt werden.</P><P>(7) Das Bundeszentralamt für Steuern erhebt für die Bearbeitung eines Antrags Gebühren, die vor der Erteilung oder Verlängerung der Feststellung festzusetzen sind. Die Gebühr ist vom Antragsteller innerhalb eines Monats nach Bekanntgabe ihrer Festsetzung zu entrichten. Die Gebühr beträgt 5 000 Euro für jeden Antrag auf Feststellung sowie 2 500 Euro für jeden Antrag auf Verlängerung einer Feststellung.</P><P>(8) Ein freigestellter Plattformbetreiber, für den eine Feststellung oder die Verlängerung einer Feststellung getroffen worden ist, hat dem Bundeszentralamt für Steuern unverzüglich jede Änderung der Angaben nach Absatz 4 Satz 1 Nummer 1 bis 8 mitzuteilen.</P></Content></text></textdaten></norm>
<norm builddate="20250117224008" doknr="BJNR273010022BJNE001300000"><metadaten><jurabk>PStTG</jurabk><enbez>§ 12</enbez><titel format="XML">Registrierung</titel></metadaten><textdaten><text format="XML"><Content><P>(1) Meldende Plattformbetreiber müssen sich unverzüglich nach Eintritt der Voraussetzungen des § 3 Absatz 4 Nummer 2 einmalig bei einer zuständigen Behörde eines Mitgliedstaats der Europäischen Union registrieren.</P><P>(2) Entscheidet ein meldender Plattformbetreiber, sich beim Bundeszentralamt für Steuern zu registrieren, hat er dem Bundeszentralamt für Steuern folgende Informationen elektronisch mitzuteilen: <DL Type="arabic"><DT>1.</DT><DD Font="normal"><LA>die genaue Bezeichnung des meldenden Plattformbetreibers;</LA></DD><DT>2.</DT><DD Font="normal"><LA>die Anschrift seines Sitzes;</LA></DD><DT>3.</DT><DD Font="normal"><LA>die elektronischen Adressen, einschließlich der Internetadressen des meldenden Plattformbetreibers;</LA></DD><DT>4.</DT><DD Font="normal"><LA>jede Steueridentifikationsnummer, die dem meldenden Plattformbetreiber erteilt wurde;</LA></DD><DT>5.</DT><DD Font="normal"><LA>eine Erklärung mit Informationen über die Identifizierung des meldenden Plattformbetreibers für Umsatzsteuerzwecke gemäß den §§ 18i und 18j des Umsatzsteuergesetzes oder gemäß einer vergleichbaren Regelung eines anderen Mitgliedstaats der Europäischen Union nach Titel XII Kapitel 6 Abschnitt 2 und 3 der Richtlinie <NB>2006/112/EG;</NB></LA></DD><DT>6.</DT><DD Font="normal"><LA>alle Mitgliedstaaten der Europäischen Union, in denen <DL Type="alpha"><DT>a)</DT><DD Font="normal"><LA>die meldepflichtigen Anbieter nach § 4 Absatz 6 als ansässig gelten, oder</LA></DD><DT>b)</DT><DD Font="normal"><LA>das unbewegliche Vermögen belegen ist, in Bezug auf das die meldepflichtigen Anbieter relevante Tätigkeiten nach § 5 Absatz 1 Satz 1 Nummer 1 über die Plattform erbracht haben.</LA></DD></DL></LA></DD></DL>Das Bundeszentralamt für Steuern weist dem meldenden Plattformbetreiber vorbehaltlich des Absatzes 8 Satz 1 eine Registriernummer zu.</P><P>(3) Meldende Plattformbetreiber, denen das Bundeszentralamt für Steuern eine Registriernummer zugewiesen hat, haben dem Bundeszentralamt für Steuern jede Änderung der in Absatz 2 Satz 1 genannten Informationen unverzüglich mitzuteilen.</P><P>(4) Das Bundeszentralamt für Steuern teilt den zuständigen Behörden aller anderen Mitgliedstaaten der Europäischen Union die Registriernummer mit, die es einem meldenden Plattformbetreiber zugewiesen hat, sowie die in Absatz 2 Satz 1 genannten Informationen und alle Änderungen dieser Informationen.</P><P>(5) Das Bundeszentralamt für Steuern ersucht die Europäische Kommission, die Registrierung eines meldenden Plattformbetreibers, dem es eine Registriernummer erteilt hat, aus dem Zentralverzeichnis gemäß Artikel 8ac Absatz 5 der Amtshilferichtlinie zu löschen, wenn <DL Type="arabic"><DT>1.</DT><DD Font="normal"><LA>der Plattformbetreiber dem Bundeszentralamt für Steuern mitteilt, dass die Voraussetzungen nach § 3 Absatz 4 Nummer 2 Buchstabe c nicht länger erfüllt sind,</LA></DD><DT>2.</DT><DD Font="normal"><LA>das Bundeszentralamt für Steuern Grund zu der Annahme hat, dass die Voraussetzungen nach § 3 Absatz 4 Nummer 2 Buchstabe c nicht länger erfüllt sind, obwohl eine Mitteilung nach Nummer 1 unterblieben ist,</LA></DD><DT>3.</DT><DD Font="normal"><LA>der Plattformbetreiber nicht länger die Voraussetzungen des § 3 Absatz 4 Nummer 2 erfüllt oder</LA></DD><DT>4.</DT><DD Font="normal"><LA>das Bundeszentralamt für Steuern die Registrierung gemäß Absatz 7 widerrufen hat.</LA></DD></DL></P><P>(6) Das Bundeszentralamt für Steuern unterrichtet die Europäische Kommission unverzüglich über jeden meldenden Plattformbetreiber, der die Voraussetzungen nach § 3 Absatz 4 Nummer 2 Buchstabe c erfüllt und nicht nach Absatz 1 beim Bundeszentralamt für Steuern oder bei einer anderen zuständigen Behörde eines Mitgliedstaats der Europäischen Union registriert ist.</P><P>(7) Hat das Bundeszentralamt für Steuern einem meldenden Plattformbetreiber eine Registriernummer zugewiesen und kommt der meldende Plattformbetreiber seiner Meldepflicht nach § 13 Absatz 1 und 4 nicht nach, widerruft das Bundeszentralamt für Steuern die erteilte Registrierung. Der Widerruf erfolgt frühestens nach Ablauf von 30 Tagen und spätestens nach Ablauf von 90 Tagen nachdem der meldende Plattformbetreiber das zweite Mal erfolglos an die Meldepflicht erinnert und ihm der Widerruf der Registrierung angekündigt worden ist. Die §§ 25 bis 27 bleiben unberührt.</P><P>(8) Hat das Bundeszentralamt für Steuern nach Absatz 7 oder eine andere zuständige Behörde eines Mitgliedstaats der Europäischen Union im Einklang mit den dort geltenden Rechtsvorschriften die Registrierung eines meldenden Plattformbetreibers widerrufen, so wird diesem vom Bundeszentralamt für Steuern auf Antrag eine Registriernummer nur zugewiesen, wenn er dem Bundeszentralamt für Steuern eine angemessene Sicherheitsleistung gewährt. Die Sicherheitsleistung muss erwarten lassen, dass der meldende Plattformbetreiber seiner Meldepflicht, gegebenenfalls einschließlich noch unerfüllter Meldepflichten für zurückliegende Meldezeiträume, nachkommen wird. Die §§ 241 bis 248 der Abgabenordnung gelten entsprechend. Die Sicherheitsleistung ist dem meldenden Plattformbetreiber zurückzugewähren, sobald dieser der Meldepflicht für gegebenenfalls zurückliegende Meldezeiträume und den unmittelbar nächsten Meldezeitraum vollständig und richtig nachgekommen ist. Die §§ 25 bis 27 bleiben unberührt.</P></Content></text></textdaten></norm>
<norm builddate="20250117224008" doknr="BJNR273010022BJNG000500000"><metadaten><jurabk>PStTG</jurabk><gliederungseinheit><gliederungskennzahl>020</gliederungskennzahl><gliederungsbez>Abschnitt 2</gliederungsbez><gliederungstitel>Meldepflichten</gliederungstitel></gliederungseinheit></metadaten><textdaten/></norm>
<norm builddate="20250117224008" doknr="BJNR273010022BJNE001400000"><metadaten><jurabk>PStTG</jurabk><enbez>§ 13</enbez><titel format="XML">Meldepflicht</titel></metadaten><textdaten><text format="XML"><Content><P>(1) Meldende Plattformbetreiber haben die in § 14 genannten Informationen in Bezug auf den Meldezeitraum gemäß den Vorgaben nach <DL Type="arabic"><DT>1.</DT><DD Font="normal"><LA>§ 15 Absatz 1 und</LA></DD><DT>2.</DT><DD Font="normal"><LA>§ 15 Absatz 2 bis 4</LA></DD></DL>spätestens zum 31. Januar des Jahres, das auf das Kalenderjahr folgt, in dem der Anbieter als meldepflichtiger Anbieter identifiziert worden ist, dem Bundeszentralamt für Steuern zu melden. Wird einem meldenden Plattformbetreiber bekannt, dass eine Meldung entgegen des Satzes 1 innerhalb der dort genannten Frist nicht, nicht richtig oder nicht vollständig übermittelt worden ist, ist die Meldung unverzüglich nach dem Zeitpunkt der Kenntniserlangung von einer unterbliebenen, unrichtigen oder unvollständigen Meldung durch den meldenden Plattformbetreiber nachzuholen, zu korrigieren oder zu vervollständigen; dies gilt auch, wenn der meldende Plattformbetreiber den Anbieter pflichtwidrig nicht oder nicht rechtzeitig als meldepflichtigen Anbieter identifiziert hat. Ergänzend gelten <DL Type="arabic"><DT>1.</DT><DD Font="normal"><LA>für meldende Plattformbetreiber nach § 3 Absatz 4 Nummer 1 die Absätze 2 und 3 und</LA></DD><DT>2.</DT><DD Font="normal"><LA>für meldende Plattformbetreiber nach § 3 Absatz 4 Nummer 2 die Absätze 4 und 5.</LA></DD></DL></P><P>(2) Ein meldender Plattformbetreiber, der verpflichtet ist, die Informationen nach § 14 auch an die zuständige Behörde zumindest eines anderen Mitgliedstaats der Europäischen Union aufgrund der dort geltenden Rechtsvorschriften zu melden, hat zu entscheiden, an welche zuständige Behörde er die Informationen meldet. Der meldende Plattformbetreiber hat spätestens bis zu dem in Absatz 1 Satz 1 genannten Zeitpunkt seine Entscheidung den zuständigen Behörden der anderen Mitgliedstaaten der Europäischen Union mitzuteilen. Entscheidet ein meldender Plattformbetreiber nach Satz 2, die Informationen anstelle an das Bundeszentralamt für Steuern an die zuständige Behörde eines anderen Mitgliedstaats der Europäischen Union zu melden, ist er von der Meldepflicht nach Absatz 1 Satz 1 befreit.</P><P>(3) Mehrere Betreiber derselben Plattform sind nebeneinander als meldende Plattformbetreiber nach Absatz 1 Satz 1 verpflichtet. Ein meldender Plattformbetreiber ist von der Meldepflicht befreit, wenn er nachweisen kann, dass ein anderer meldender Plattformbetreiber die Informationen nach § 14 dem Bundeszentralamt für Steuern oder der zuständigen Behörde eines anderen Mitgliedstaats der Europäischen Union im Einklang mit den dort geltenden Rechtsvorschriften gemeldet hat.</P><P>(4) Abweichend von Absatz 1 Satz 1 ist ein meldender Plattformbetreiber nur dann zur Meldung gegenüber dem Bundeszentralamt für Steuern verpflichtet, wenn er nach § 12 beim Bundeszentralamt für Steuern registriert ist.</P><P>(5) Ungeachtet des Absatzes 4 und abweichend von § 14 ist ein meldender Plattformbetreiber nicht verpflichtet, Informationen über qualifizierte relevante Tätigkeiten von meldepflichtigen Anbietern zu melden, wenn <DL Type="arabic"><DT>1.</DT><DD Font="normal"><LA>der automatische Austausch gleichwertiger Informationen mit der zuständigen Behörde eines Mitgliedstaats der Europäischen Union gemäß einer qualifizierten Vereinbarung vorgeschrieben ist und</LA></DD><DT>2.</DT><DD Font="normal"><LA>die meldepflichtigen Anbieter <DL Type="alpha"><DT>a)</DT><DD Font="normal"><LA>in jenem Mitgliedstaat der Europäischen Union als ansässig gelten oder</LA></DD><DT>b)</DT><DD Font="normal"><LA>relevante Tätigkeiten nach § 5 Absatz 1 Satz 1 Nummer 1 in Bezug auf unbewegliches Vermögen erbracht haben, welches in jenem Mitgliedstaat der Europäischen Union belegen ist.</LA></DD></DL></LA></DD></DL></P></Content></text></textdaten></norm>
<norm builddate="20250117224008" doknr="BJNR273010022BJNE001500000"><metadaten><jurabk>PStTG</jurabk><enbez>§ 14</enbez><titel format="XML">Meldepflichtige Informationen</titel></metadaten><textdaten><text format="XML"><Content><P>(1) Meldende Plattformbetreiber haben die folgenden Informationen über sich und über die von ihnen betriebene Plattform zu melden: <DL Type="arabic"><DT>1.</DT><DD Font="normal"><LA>den eingetragenen Namen des Plattformbetreibers;</LA></DD><DT>2.</DT><DD Font="normal"><LA>die Anschrift des Sitzes des Plattformbetreibers;</LA></DD><DT>3.</DT><DD Font="normal"><LA>die Steueridentifikationsnummer;</LA></DD><DT>4.</DT><DD Font="normal"><LA>die Registriernummer nach § 12 Absatz 2 Satz 2, sofern ihm diese zugewiesen wurde;</LA></DD><DT>5.</DT><DD Font="normal"><LA>sämtliche Firmenbezeichnungen der Plattform, bezüglich welcher der meldende Plattformbetreiber meldet.</LA></DD></DL></P><P>(2) Meldende Plattformbetreiber haben für jeden meldepflichtigen Anbieter, der eine natürliche Person ist, die folgenden Informationen zu melden: <DL Type="arabic"><DT>1.</DT><DD Font="normal"><LA>den Vor- und Nachnamen;</LA></DD><DT>2.</DT><DD Font="normal"><LA>die Anschrift des Wohnsitzes;</LA></DD><DT>3.</DT><DD Font="normal"><LA>jede Steueridentifikationsnummer, die dem Anbieter erteilt wurde, und den jeweiligen Mitgliedstaat der Europäischen Union, der sie erteilt hat, oder, sofern keine Steueridentifikationsnummer vorhanden ist, den Geburtsort;</LA></DD><DT>4.</DT><DD Font="normal"><LA>sofern vorhanden, die Identifikationsnummer für Umsatzsteuerzwecke;</LA></DD><DT>5.</DT><DD Font="normal"><LA>das Geburtsdatum;</LA></DD><DT>6.</DT><DD Font="normal"><LA>sofern vorhanden, die Kennung des Finanzkontos, es sei denn, in einer auf der Internetseite des Bundeszentralamts für Steuern veröffentlichten Liste ist angegeben, dass die zuständige Behörde des Mitgliedstaats der Europäischen Union, in dem der Anbieter als ansässig gilt oder in dem das unbewegliche Vermögen belegen ist, in Bezug auf das der Anbieter relevante Tätigkeiten nach § 5 Absatz 1 Satz 1 Nummer 1 erbracht hat, die Kennung des Finanzkontos nicht zu verwenden beabsichtigt;</LA></DD><DT>7.</DT><DD Font="normal"><LA>sofern vorhanden, den Namen des Inhabers des Finanzkontos, wenn er von dem Namen des Anbieters abweicht, sowie alle sonstigen der Identifizierung des Kontoinhabers dienlichen Informationen;</LA></DD><DT>8.</DT><DD Font="normal"><LA>jeden Mitgliedstaat der Europäischen Union, in dem der Anbieter als ansässig gilt oder in dem das unbewegliche Vermögen belegen ist, in Bezug auf das der Anbieter relevante Tätigkeiten nach § 5 Absatz 1 Satz 1 Nummer 1 erbracht hat;</LA></DD><DT>9.</DT><DD Font="normal"><LA>jegliche Gebühren, Provisionen oder Steuern, die in jedem Quartal des Meldezeitraums von dem Plattformbetreiber einbehalten oder berechnet wurden;</LA></DD><DT>10.</DT><DD Font="normal"><LA>die in jedem Quartal des Meldezeitraums insgesamt gezahlte oder gutgeschriebene Vergütung;</LA></DD><DT>11.</DT><DD Font="normal"><LA>die Zahl der relevanten Tätigkeiten, für die in jedem Quartal des Meldezeitraums eine Vergütung gezahlt oder gutgeschrieben wurde.</LA></DD></DL></P><P>(3) Meldende Plattformbetreiber haben für jeden meldepflichtigen Anbieter, der ein Rechtsträger ist, die folgenden Informationen zu melden: <DL Type="arabic"><DT>1.</DT><DD Font="normal"><LA>den eingetragenen Namen;</LA></DD><DT>2.</DT><DD Font="normal"><LA>die Anschrift des Sitzes;</LA></DD><DT>3.</DT><DD Font="normal"><LA>jede Steueridentifikationsnummer, die diesem Anbieter erteilt wurde, und den jeweiligen Mitgliedstaat der Europäischen Union, der sie erteilt hat;</LA></DD><DT>4.</DT><DD Font="normal"><LA>sofern vorhanden, die Identifikationsnummer für Umsatzsteuerzwecke;</LA></DD><DT>5.</DT><DD Font="normal"><LA>die Handelsregisternummer;</LA></DD><DT>6.</DT><DD Font="normal"><LA>sofern vorhanden, das Bestehen einer Betriebsstätte in der Europäischen Union, über die relevante Tätigkeiten ausgeübt werden, und den jeweiligen Mitgliedstaat der Europäischen Union, in dem sich diese Betriebsstätte befindet;</LA></DD><DT>7.</DT><DD Font="normal"><LA>die in Absatz 2 Nummer 6 bis 11 genannten Informationen.</LA></DD></DL></P><P>(4) Meldende Plattformbetreiber haben für jeden meldepflichtigen Anbieter, der relevante Tätigkeiten nach § 5 Absatz 1 Satz 1 Nummer 1 erbracht hat, zusätzlich zu den Informationen nach den Absätzen 2 und 3 folgende Informationen zu melden:<DL Type="arabic"><DT>1.</DT><DD Font="normal"><LA>die Anschrift jeder inserierten Immobilieneinheit;</LA></DD><DT>2.</DT><DD Font="normal"><LA>die in jedem Quartal des Meldezeitraums insgesamt gezahlte oder gutgeschriebene Vergütung je inserierter Immobilieneinheit;</LA></DD><DT>3.</DT><DD Font="normal"><LA>die Anzahl der relevanten Tätigkeiten je inserierter Immobilieneinheit;</LA></DD><DT>4.</DT><DD Font="normal"><LA>sofern vorhanden, die Art jeder inserierten Immobilieneinheit;</LA></DD><DT>5.</DT><DD Font="normal"><LA>sofern vorhanden, die Anzahl der Tage, an denen jede inserierte Immobilieneinheit während des Meldezeitraums zur Nutzung nach § 5 Absatz 1 Satz 1 Nummer 1 überlassen wurde;</LA></DD><DT>6.</DT><DD Font="normal"><LA>sofern vorhanden, zu jeder inserierten Immobilieneinheit die Grundbuchnummer oder eine gleichwertige Angabe nach dem Recht des Mitgliedstaats der Europäischen Union, in dem das unbewegliche Vermögen belegen ist.</LA></DD></DL></P></Content></text></textdaten></norm>
<norm builddate="20250117224008" doknr="BJNR273010022BJNE001600000"><metadaten><jurabk>PStTG</jurabk><enbez>§ 15</enbez><titel format="XML">Meldeverfahren</titel></metadaten><textdaten><text format="XML"><Content><P>(1) Die Meldung an das Bundeszentralamt für Steuern hat nach amtlich vorgeschriebenem Datensatz elektronisch im Wege der Datenfernübertragung über amtlich bestimmte Schnittstellen zu erfolgen. Das Bundesministerium der Finanzen gibt den amtlich vorgeschriebenen Datensatz im Bundessteuerblatt bekannt.</P><P>(2) Die Informationen über die Vergütung sind in der Währung zu melden, in der die Vergütung gezahlt oder gutgeschrieben wurde. Wurde die Vergütung nicht in Fiat-Geld gezahlt oder gutgeschrieben, ist die Vergütung in einer von dem meldenden Plattformbetreiber einheitlich ausgeübten Weise zu bewerten oder umzurechnen und in der Landeswährung des Mitgliedstaats der Europäischen Union, in dem der meldepflichtige Anbieter als ansässig gilt, zu melden. Gilt der meldepflichtige Anbieter in mehreren Mitgliedstaaten der Europäischen Union als ansässig und ist in einem dieser Mitgliedstaaten der Europäischen Union der Euro die Landeswährung, ist die Vergütung in Euro zu melden. Ist im Fall des Satzes 2 in keinem der Mitgliedstaaten der Europäischen Union der Euro die Landeswährung, steht es dem meldenden Plattformbetreiber frei, in welcher Landeswährung er die Vergütung meldet.</P><P>(3) Die Informationen über die Vergütung und die anderen in § 5 Absatz 2 genannten Beträge sind für das Quartal des Meldezeitraums zu melden, in dem die Vergütung jeweils gezahlt oder gutgeschrieben wurde.</P><P>(4) Umfasst eine Tätigkeit mehrere der in § 5 Absatz 1 Satz 1 Nummer 1 bis 4 genannten relevanten Tätigkeiten und lässt sich der wirtschaftliche Wert der Bestandteile der Tätigkeit bestimmen und einzelnen relevanten Tätigkeiten zuordnen, hat der meldende Plattformbetreiber jede relevante Tätigkeit mit ihrem entsprechenden Wertanteil zu melden. Kann der wirtschaftliche Wert der einzelnen Bestandteile der Tätigkeit nicht bestimmt und nicht einzelnen relevanten Tätigkeiten zugeordnet werden, hat der meldende Plattformbetreiber auf den Schwerpunkt abzustellen, den die Tätigkeit nach der Verkehrsanschauung hat; bei einer Tätigkeit, die ausschließlich relevante Tätigkeiten nach § 5 Absatz 1 Satz 1 Nummer 2 und 3 umfasst, ist im Zweifel eine relevante Tätigkeit nach § 5 Absatz 1 Satz 1 Nummer 2 zu melden. Der meldende Plattformbetreiber hat bei der Anwendung der Sätze 1 und 2 die Ermittlung der Wertanteile sowie die Zuordnung von Tätigkeiten und ihrer Bestandteile zu relevanten Tätigkeiten für alle meldepflichtigen Anbieter einheitlich auszuüben.</P></Content></text></textdaten></norm>
<norm builddate="20250117224008" doknr="BJNR273010022BJNG000600000"><metadaten><jurabk>PStTG</jurabk><gliederungseinheit><gliederungskennzahl>030</gliederungskennzahl><gliederungsbez>Abschnitt 3</gliederungsbez><gliederungstitel>Sorgfaltspflichten</gliederungstitel></gliederungseinheit></metadaten><textdaten/></norm>
<norm builddate="20250117224008" doknr="BJNR273010022BJNE001700000"><metadaten><jurabk>PStTG</jurabk><enbez>§ 16</enbez><titel format="XML">Anwendung der Sorgfaltspflichten</titel></metadaten><textdaten><text format="XML"><Content><P>Es steht meldenden Plattformbetreibern frei, die Verfahren zur Erfüllung der Sorgfaltspflichten nach den §§ 17 bis 20 nur in Bezug auf aktive Anbieter durchzuführen.</P></Content></text></textdaten></norm>
<norm builddate="20250117224008" doknr="BJNR273010022BJNE001800000"><metadaten><jurabk>PStTG</jurabk><enbez>§ 17</enbez><titel format="XML">Erhebung meldepflichtiger Informationen</titel></metadaten><textdaten><text format="XML"><Content><P>(1) Für jeden Anbieter, der eine natürliche Person, aber kein freigestellter Anbieter ist, haben meldende Plattformbetreiber <DL Type="arabic"><DT>1.</DT><DD Font="normal"><LA>Informationen nach § 14 Absatz 2 Nummer 1 bis 5 zu erheben und</LA></DD><DT>2.</DT><DD Font="normal"><LA>die Ansässigkeit nach § 4 Absatz 6 Satz 2, 3 und 5 zu bestimmen.</LA></DD></DL></P><P>(2) Für jeden Anbieter, der ein Rechtsträger, aber kein freigestellter Anbieter ist, haben meldende Plattformbetreiber <DL Type="arabic"><DT>1.</DT><DD Font="normal"><LA>Informationen nach § 14 Absatz 3 Nummer 1 bis 6 zu erheben und</LA></DD><DT>2.</DT><DD Font="normal"><LA>die Ansässigkeit nach § 4 Absatz 6 Satz 2 bis 5 zu bestimmen.</LA></DD></DL></P><P>(3) Für jeden Anbieter, der kein freigestellter Anbieter ist und eine relevante Tätigkeit nach § 5 Absatz 1 Satz 1 Nummer 1 erbringt, haben meldende Plattformbetreiber zusätzlich zu den Informationen nach Absatz 1 oder 2 Informationen nach § 14 Absatz 4 Nummer 1 und 6 zu erheben.</P><P>(4) Abweichend von Absatz 1 Nummer 1 und Absatz 2 Nummer 1 ist ein meldender Plattformbetreiber nicht verpflichtet, die folgenden Informationen zu erheben: <DL Type="arabic"><DT>1.</DT><DD Font="normal"><LA>nach § 14 Absatz 2 Nummer 3 und Absatz 3 Nummer 3 und 5, wenn der Mitgliedstaat der Europäischen Union, in dem der Anbieter als ansässig gilt, diese Informationen dem Anbieter nicht ausstellt und</LA></DD><DT>2.</DT><DD Font="normal"><LA>nach § 14 Absatz 2 Nummer 3 und Absatz 3 Nummer 3, wenn der Mitgliedstaat der Europäischen Union, in dem der Anbieter als ansässig gilt, die Erhebung dieser Informationen nicht verlangt.</LA></DD></DL></P><P>(5) Abweichend von den Absätzen 1 und 2 ist ein meldender Plattformbetreiber nicht verpflichtet, die Informationen nach § 14 Absatz 2 Nummer 2 bis 5 und Absatz 3 Nummer 2 bis 6 zu erheben und auch nicht verpflichtet, die Ansässigkeit nach § 4 Absatz 6 Satz 2 bis 4 zu bestimmen, sofern der meldende Plattformbetreiber zur Bestätigung der Identität und der steuerlichen Ansässigkeit des Anbieters einen Identifizierungsdienst verwendet.</P><P>(6) Abweichend von den Absätzen 1 bis 3 sind die Informationen nach § 14 Absatz 2 Nummer 4, Absatz 3 Nummer 4 und 6 und Absatz 4 Nummer 6 nur zu erheben, soweit der jeweilige Anbieter über diese verfügt.</P></Content></text></textdaten></norm>
<norm builddate="20250117224008" doknr="BJNR273010022BJNE001900000"><metadaten><jurabk>PStTG</jurabk><enbez>§ 18</enbez><titel format="XML">Überprüfung meldepflichtiger Informationen</titel></metadaten><textdaten><text format="XML"><Content><P>(1) Meldende Plattformbetreiber haben die Plausibilität der in § 14 Absatz 2 Nummer 1 bis 5 und Absatz 3 Nummer 1 bis 5 genannten Informationen anhand aller ihnen aus anderen Zusammenhängen zur Erfüllung vertraglicher Verpflichtungen oder fachgesetzlicher Vorgaben zur Verfügung stehenden Informationen und Unterlagen zu überprüfen; soweit erforderlich und angemessen, darf auch eine Weiterverarbeitung bereits erhobener Informationen zum Zweck der Überprüfung erfolgen. Stellt ein Mitgliedstaat der Europäischen Union oder die Europäische Union kostenlos eine elektronische Schnittstelle zur Überprüfung der Gültigkeit einer Steueridentifikationsnummer oder einer Identifikationsnummer für Umsatzsteuerzwecke zur Verfügung, ist diese Schnittstelle von meldenden Plattformbetreibern zur Überprüfung der Gültigkeit der Steueridentifikationsnummer oder der Identifikationsnummer für Umsatzsteuerzwecke zu nutzen. Ergibt die Überprüfung, dass Informationen nicht plausibel sind, hat der meldende Plattformbetreiber nach § 17 neue Informationen unverzüglich nach Abschluss der Überprüfung zu erheben.</P><P>(2) Meldenden Plattformbetreibern steht es frei, die Plausibilität der in § 14 Absatz 2 Nummer 1 bis 5 und Absatz 3 Nummer 1 bis 5 genannten Informationen zu bestehenden Anbietern abweichend von Absatz 1 anhand ihrer elektronisch durchsuchbaren Informationen und Unterlagen zu überprüfen.</P><P>(3) Besteht Grund zu der Annahme, dass die von einem meldenden Plattformbetreiber erhobenen Informationen nach § 14 Absatz 2 Nummer 1 bis 5, Absatz 3 Nummer 1 bis 6 und Absatz 4 Nummer 1 und 6 unrichtig sind, fordert der meldende Plattformbetreiber auf Verlangen des Bundeszentralamts für Steuern ungeachtet der Absätze 1 und 2 den Anbieter unverzüglich auf, die als unrichtig erachteten Informationen zu berichtigen und durch Vorlage verlässlicher, aus unabhängiger Quelle stammender Belege zu bestätigen. Belege im Sinne des vorstehenden Satzes sind insbesondere: <DL Type="arabic"><DT>1.</DT><DD Font="normal"><LA>ein gültiges, von einer Behörde erteiltes Identifikationsdokument;</LA></DD><DT>2.</DT><DD Font="normal"><LA>eine aktuelle steuerliche Ansässigkeitsbescheinigung.</LA></DD></DL>Grund zu der Annahme im Sinne des Satzes 1 besteht, wenn dem Bundeszentralamt für Steuern aufgrund eigener Ermittlungen, der Mitteilung einer zuständigen Landesfinanzbehörde oder der Mitteilung einer zuständigen Behörde eines anderen Mitgliedstaats der Europäischen Union Informationen bekannt werden, denen zufolge begründete Zweifel an der Richtigkeit gemeldeter oder übermittelter Informationen in Bezug auf einen Anbieter bestehen.</P></Content></text></textdaten></norm>
<norm builddate="20250117224008" doknr="BJNR273010022BJNE002000000"><metadaten><jurabk>PStTG</jurabk><enbez>§ 19</enbez><titel format="XML">Identifizierung freigestellter Anbieter</titel></metadaten><textdaten><text format="XML"><Content><P>(1) Zur Feststellung, ob ein Anbieter ein freigestellter Anbieter nach § 4 Absatz 5 Satz 1 Nummer 1 oder 2 ist, kann sich ein meldender Plattformbetreiber auf öffentlich zugängliche Informationen oder eine entsprechende Auskunft des Anbieters verlassen. Zur Feststellung, ob ein Anbieter ein freigestellter Anbieter nach § 4 Absatz 5 Satz 1 Nummer 3 oder 4 ist, kann sich ein meldender Plattformbetreiber auf die in seinen Aufzeichnungen verfügbaren Informationen und Belege verlassen. Die Überprüfung der Richtigkeit der Feststellungen nach den Sätzen 1 und 2 bestimmt sich nach § 18 Absatz 1 bis 3.</P><P>(2) Hat ein Anbieter während des Meldezeitraums in mehr als 2 000 Fällen relevante Tätigkeiten nach § 5 Absatz 1 Satz 1 Nummer 1 in Bezug auf eine inserierte Immobilieneinheit erbracht und handelt es sich bei diesem Anbieter um einen Rechtsträger, hat der meldende Plattformbetreiber abweichend von Absatz 1 Satz 2 anhand von Belegen oder anderen Informationen zu prüfen, ob die inserierte Immobilieneinheit im Eigentum desselben Eigentümers steht. Kann nicht nachgewiesen werden, dass die inserierte Immobilieneinheit im Eigentum desselben Eigentümers steht, darf der Anbieter nicht als freigestellter Anbieter betrachtet werden.</P></Content></text></textdaten></norm>
<norm builddate="20250117224008" doknr="BJNR273010022BJNE002100000"><metadaten><jurabk>PStTG</jurabk><enbez>§ 20</enbez><titel format="XML">Frist zur Erfüllung der Sorgfaltspflichten</titel></metadaten><textdaten><text format="XML"><Content><P>(1) Meldende Plattformbetreiber haben die Verfahren nach den §§ 17, 18 Absatz 1 und 2 und § 19 bis zum 31. Dezember des Meldezeitraums abzuschließen. Für bestehende Anbieter haben meldende Plattformbetreiber die Verfahren nach den §§ 17 bis 19 bis zum 31. Dezember des zweiten Meldezeitraums abzuschließen.</P><P>(2) Ein meldender Plattformbetreiber kann sich auf Verfahren zur Erfüllung der Sorgfaltspflichten verlassen, die für frühere Meldezeiträume durchgeführt wurden, sofern <DL Type="arabic"><DT>1.</DT><DD Font="normal"><LA>die Informationen nach § 14 Absatz 2 Nummer 1 bis 5 und Absatz 3 Nummer 1 bis 6 vor nicht mehr als 36 Monaten erhoben und überprüft oder bestätigt wurden und</LA></DD><DT>2.</DT><DD Font="normal"><LA>der meldende Plattformbetreiber keinen Grund zu der Annahme hat, dass die nach den §§ 17 bis 19 erhobenen Informationen nicht plausibel oder nicht zutreffend sind.</LA></DD></DL></P></Content></text></textdaten></norm>
<norm builddate="20250117224008" doknr="BJNR273010022BJNE002200000"><metadaten><jurabk>PStTG</jurabk><enbez>§ 21</enbez><titel format="XML">Erfüllung der Sorgfaltspflichten durch Dritte</titel></metadaten><textdaten><text format="XML"><Content><P>(1) Meldende Plattformbetreiber können zur Erfüllung der Verpflichtungen nach diesem Abschnitt Fremddienstleister in Anspruch nehmen.</P><P>(2) Meldende Plattformbetreiber können die Erfüllung der Verpflichtungen nach diesem Abschnitt auf andere Plattformbetreiber derselben Plattform übertragen.</P><P>(3) Die Verantwortung für die Erfüllung der Verpflichtungen nach diesem Abschnitt liegt in den Fällen der Absätze 1 und 2 weiterhin bei den meldenden Plattformbetreibern.</P></Content></text></textdaten></norm>
<norm builddate="20250117224008" doknr="BJNR273010022BJNG000700000"><metadaten><jurabk>PStTG</jurabk><gliederungseinheit><gliederungskennzahl>040</gliederungskennzahl><gliederungsbez>Abschnitt 4</gliederungsbez><gliederungstitel>Sonstige Pflichten für meldende Plattformbetreiber</gliederungstitel></gliederungseinheit></metadaten><textdaten/></norm>
<norm builddate="20250117224008" doknr="BJNR273010022BJNE002300000"><metadaten><jurabk>PStTG</jurabk><enbez>§ 22</enbez><titel format="XML">Information der Anbieter</titel></metadaten><textdaten><text format="XML"><Content><P>(1) Meldende Plattformbetreiber haben vor einer erstmaligen Meldung der Informationen nach § 13 Absatz 1 jedem meldepflichtigen Anbieter in allgemeiner Form mitzuteilen: <DL Type="arabic"><DT>1.</DT><DD Font="normal"><LA>dass zu dem Anbieter nach diesem Gesetz Informationen für Zwecke der Durchführung des Besteuerungsverfahrens erhoben und dem Bundeszentralamt für Steuern zur Weiterleitung an die zuständigen Landesfinanzbehörden oder die zuständigen Behörden anderer Mitgliedstaaten der Europäischen Union gemeldet werden,</LA></DD><DT>2.</DT><DD Font="normal"><LA>alle Informationen, auf die der Anbieter seitens des Datenverantwortlichen Anspruch hat, und zwar so rechtzeitig, dass der Anbieter seine Datenschutzrechte wahrnehmen kann.</LA></DD></DL></P><P>(2) Meldende Plattformbetreiber haben jedem meldepflichtigen Anbieter die ihn jeweils betreffenden Informationen nach § 14 Absatz 2, 3 oder 4 bis zum 31. Januar des Jahres mitzuteilen, das auf den Meldezeitraum folgt, in dem der Anbieter als meldepflichtiger Anbieter identifiziert wurde.</P></Content></text></textdaten></norm>
<norm builddate="20250117224008" doknr="BJNR273010022BJNE002400000"><metadaten><jurabk>PStTG</jurabk><enbez>§ 23</enbez><titel format="XML">Durchsetzung von Mitwirkungspflichten</titel></metadaten><textdaten><text format="XML"><Content><P>Kommt ein Anbieter der Aufforderung eines meldenden Plattformbetreibers nicht nach, die nach den § 17 Absatz 1 Nummer 1, Absatz 2 Nummer 1, Absatz 3 und § 18 Absatz 3 Satz 1 zu erhebenden Informationen vorzulegen, hat der meldende Plattformbetreiber den Anbieter zwei Mal an die Vorlage zu erinnern. Legt der Anbieter die ersuchten Informationen auch nach der zweiten Erinnerung nicht vor, hat der meldende Plattformbetreiber spätestens nach 180 Tagen, nicht aber vor Ablauf von 60 Tagen, seit der ursprünglichen Aufforderung <DL Type="arabic"><DT>1.</DT><DD Font="normal"><LA>die weitere Nutzung der Plattform durch den Anbieter zu verhindern, indem er diesen sperrt oder dessen Registrierung löscht, und sicherzustellen, dass der Anbieter sich nicht erneut bei der Plattform registrieren kann, oder</LA></DD><DT>2.</DT><DD Font="normal"><LA>Zahlungen der Vergütung an den Anbieter einzubehalten.</LA></DD></DL>Die Maßnahmen nach Satz 2 Nummer 1 oder 2 sind aufzuheben, sobald der Anbieter die ersuchten Informationen vorgelegt hat.</P></Content></text></textdaten></norm>
<norm builddate="20250117224008" doknr="BJNR273010022BJNE002500000"><metadaten><jurabk>PStTG</jurabk><enbez>§ 24</enbez><titel format="XML">Aufzeichnungen; Aufbewahrungsfristen</titel></metadaten><textdaten><text format="XML"><Content><P>(1) Meldende Plattformbetreiber haben die folgenden Aufzeichnungen zu den in Absatz 2 genannten Zeitpunkten zu erstellen: <DL Type="arabic"><DT>1.</DT><DD Font="normal"><LA>eine Beschreibung der Prozesse, einschließlich der automationstechnischen, operativen und organisatorischen Vorkehrungen, insbesondere der relevanten Geschäftsbeziehungen, Zuständigkeiten und Fristen, sowie aller Änderungen hierzu, die zur Erfüllung der Pflichten nach § 13 Absatz 1 Satz 1 und 2, Absatz 2 Satz 1 und 2, § 14 Absatz 1 bis 4, § 15 Absatz 1 Satz 1, Absatz 2 bis 4, § 17 Absatz 1 bis 3, § 18 Absatz 1, 3 Satz 1, § 20 Absatz 1, den §§ 22 und 23 auch unter Berücksichtigung der Vorgaben nach § 13 Absatz 3 bis 5, den §§ 16, 17 Absatz 4 bis 6, § 18 Absatz 2, § 19 Absatz 1 und 2, § 20 Absatz 2 und § 21 Absatz 1 und 2 in Bezug auf einen Meldezeitraum angewandt werden;</LA></DD><DT>2.</DT><DD Font="normal"><LA>in Bezug auf jeden Anbieter die für die Anwendung der Sorgfaltspflichten nach den §§ 16, 17 Absatz 1 bis 3, 5, § 18 Absatz 1 bis 3 Satz 1, § 19 Absatz 1 und 2 verarbeiteten Informationen, den jeweiligen Zeitpunkt und das Ergebnis der Verarbeitung;</LA></DD><DT>3.</DT><DD Font="normal"><LA>in Bezug auf jeden meldepflichtigen Anbieter die nach § 13 Absatz 1 Satz 1 und 2 gemeldeten Informationen, den jeweiligen Zeitpunkt einer Meldung sowie die maßgeblichen Informationen, die der Anwendung des Meldeverfahrens nach § 15 Absatz 2 Satz 2 bis 4, Absatz 4 zugrunde gelegen haben;</LA></DD><DT>4.</DT><DD Font="normal"><LA>in Bezug auf jeden meldepflichtigen Anbieter den Inhalt und den Zeitpunkt der Mitteilungen nach § 22;</LA></DD><DT>5.</DT><DD Font="normal"><LA>in Bezug auf jeden Anbieter, gegen den die Mitwirkungspflicht nach § 23 durchgesetzt wird, jeweils den Inhalt und den Zeitpunkt der Aufforderung, der Erinnerung, der Maßnahme sowie die der Aufhebung der Maßnahme zugrundeliegenden Informationen und den Zeitpunkt der Aufhebung.</LA></DD></DL></P><P>(2) Die Aufzeichnungen nach Absatz 1 sind zu erstellen: <DL Type="arabic"><DT>1.</DT><DD Font="normal"><LA>für Aufzeichnungen nach Absatz 1 Nummer 1 spätestens bis zum Ablauf des jeweiligen Meldezeitraums, auf den sich die Aufzeichnungen beziehen,</LA></DD><DT>2.</DT><DD Font="normal"><LA>für Aufzeichnungen nach Absatz 1 Nummer 2 im Zeitpunkt der jeweiligen Verarbeitung,</LA></DD><DT>3.</DT><DD Font="normal"><LA>für Aufzeichnungen nach Absatz 1 Nummer 3 und 4 bis zum 31. Januar des Kalenderjahres, das auf den jeweiligen Meldezeitraum folgt, auf den sich die Aufzeichnungen beziehen,</LA></DD><DT>4.</DT><DD Font="normal"><LA>für Aufzeichnungen nach Absatz 1 Nummer 5 im Zeitpunkt, in dem jeweils die Anforderung, die Erinnerung, die Maßnahme oder deren Aufhebung erfolgt.</LA></DD></DL></P><P>(3) Die Aufzeichnungen nach Absatz 1 müssen für die Dauer von zehn Jahren aufbewahrt werden. Die Aufzeichnungen nach Absatz 1 Nummer 2 bis Nummer 5 sind nach Ablauf dieser Frist zu löschen. Die Frist zur Aufbewahrung beginnt mit Ablauf des Kalenderjahres, in dem die Aufzeichnungen erstellt worden sind.</P></Content></text></textdaten></norm>
<norm builddate="20250117224008" doknr="BJNR273010022BJNG000800000"><metadaten><jurabk>PStTG</jurabk><gliederungseinheit><gliederungskennzahl>050</gliederungskennzahl><gliederungsbez>Abschnitt 5</gliederungsbez><gliederungstitel>Bußgeldvorschriften und weitere Maßnahmen</gliederungstitel></gliederungseinheit></metadaten><textdaten/></norm>
<norm builddate="20250117224008" doknr="BJNR273010022BJNE002600000"><metadaten><jurabk>PStTG</jurabk><enbez>§ 25</enbez><titel format="XML">Bußgeldvorschriften</titel></metadaten><textdaten><text format="XML"><Content><P>(1) Ordnungswidrig handelt, wer vorsätzlich oder leichtfertig <DL Type="arabic"><DT>1.</DT><DD Font="normal"><LA>entgegen § 12 Absatz 1 sich nicht, nicht richtig, nicht vollständig oder nicht rechtzeitig registriert,</LA></DD><DT>2.</DT><DD Font="normal"><LA>entgegen § 12 Absatz 2 Satz 1 Nummer 1 bis 4 oder 6 eine Mitteilung nicht richtig oder nicht vollständig macht,</LA></DD><DT>3.</DT><DD Font="normal"><LA>entgegen <DL Type="alpha"><DT>a)</DT><DD Font="normal"><LA>§ 12 Absatz 3 in Verbindung mit § 12 Absatz 2 Satz 1 Nummer 1 bis 4 oder 6 oder</LA></DD><DT>b)</DT><DD Font="normal"><LA>§ 22</LA></DD></DL>eine Mitteilung nicht, nicht richtig, nicht vollständig oder nicht rechtzeitig macht,</LA></DD><DT>4.</DT><DD Font="normal"><LA>entgegen § 13 Absatz 1 Satz 1 Nummer 2 eine Meldung nicht, nicht richtig, nicht vollständig, nicht rechtzeitig oder nicht in der vorgeschriebenen Weise macht,</LA></DD><DT>5.</DT><DD Font="normal"><LA>entgegen § 13 Absatz 1 Satz 2 eine Meldung nicht, nicht richtig, nicht vollständig oder nicht rechtzeitig nachholt, nicht, nicht richtig, nicht vollständig oder nicht rechtzeitig korrigiert und nicht, nicht richtig, nicht vollständig oder nicht rechtzeitig vervollständigt,</LA></DD><DT>6.</DT><DD Font="normal"><LA>entgegen § 23 Satz 2 eine der dort genannten Maßnahmen nicht, nicht richtig oder nicht rechtzeitig ergreift,</LA></DD><DT>7.</DT><DD Font="normal"><LA>entgegen § 24 Absatz 1 eine Aufzeichnung nicht, nicht richtig, nicht vollständig oder nicht rechtzeitig erstellt,</LA></DD><DT>8.</DT><DD Font="normal"><LA>entgegen § 24 Absatz 3 Satz 1 eine Aufzeichnung nicht oder nicht mindestens zehn Jahre aufbewahrt oder</LA></DD><DT>9.</DT><DD Font="normal"><LA>entgegen § 24 Absatz 3 Satz 2 eine Aufzeichnung nicht oder nicht rechtzeitig löscht.</LA></DD></DL></P><P>(2) Die Ordnungswidrigkeit kann in den Fällen des Absatzes 1 Nummer 1 bis 3 Buchstabe a mit einer Geldbuße bis zu fünfzigtausend Euro, in den Fällen des Absatzes 1 Nummer 4 bis 6 mit einer Geldbuße bis zu dreißigtausend Euro und in den übrigen Fällen mit einer Geldbuße bis zu fünftausend Euro geahndet werden.</P><P>(3) Verwaltungsbehörde im Sinne des § 36 Absatz 1 Nummer 1 des Gesetzes über Ordnungswidrigkeiten ist das Bundeszentralamt für Steuern.</P><P>(4) Für das Bußgeldverfahren gelten die §§ 389, 390 und 410 Absatz 1 Nummer 2 und 6 bis 12 der Abgabenordnung entsprechend.</P></Content></text></textdaten></norm>
<norm builddate="20250117224008" doknr="BJNR273010022BJNE002700000"><metadaten><jurabk>PStTG</jurabk><enbez>§ 26</enbez><titel format="XML">Weitere Maßnahmen</titel></metadaten><textdaten><text format="XML"><Content><P>(1) Wird dem Bundeszentralamt für Steuern ein Verstoß gegen § 12 Absatz 1 bis 3 bekannt, kann es im Rahmen der ihm gesetzlich zugewiesenen Aufgaben die geeigneten und erforderlichen Maßnahmen treffen, um die Einhaltung der in diesem Gesetz festgelegten Anforderungen sicherzustellen.</P><P>(2) Sofern ein Plattformbetreiber seiner Registrierungspflicht nach § 12 Absatz 1 und 2 trotz zweifacher Mahnung nicht nachkommt oder eine Registrierung nach § 12 Absatz 7 widerrufen wurde, kann das Bundeszentralamt für Steuern Plattformbetreibern insbesondere den Betrieb der Plattform untersagen und deren Sperrung anordnen. Die Untersagung und Sperrung dürfen nicht erfolgen, wenn die Maßnahme außer Verhältnis zur Bedeutung der Plattform für den Plattformbetreiber und die Allgemeinheit steht. Eine Untersagung und Sperrung dürfen nur erfolgen, wenn ihr Zweck nicht in anderer Weise erreicht werden kann. Die Untersagung und Sperrung sind, soweit ihr Zweck dadurch erreicht werden kann, auf bestimmte Arten und Teile von Plattformen oder zeitlich zu beschränken.</P><P>(3) Das Bundeszentralamt für Steuern ist berechtigt, meldende Plattformbetreiber aufzufordern, Meldungen vorzunehmen, zu denen ein meldender Plattformbetreiber nach Maßgabe des § 13 verpflichtet ist.</P></Content></text></textdaten></norm>
<norm builddate="20250117224008" doknr="BJNR273010022BJNE002800000"><metadaten><jurabk>PStTG</jurabk><enbez>§ 27</enbez><titel format="XML">Koordination</titel></metadaten><textdaten><text format="XML"><Content><P>Das Bundeszentralamt für Steuern arbeitet im Rahmen der gegenseitigen Amtshilfe mit den zuständigen Behörden der anderen Mitgliedstaaten der Europäischen Union sowie mit der Europäischen Kommission zusammen, um eine einheitliche und effiziente Anwendung von Bußgeldvorschriften und weiteren Maßnahmen in Fällen der Zuwiderhandlung meldender Plattformbetreiber nach § 3 Absatz 4 Nummer 2 zu unterstützen und die Wahrung der Verhältnismäßigkeit der Maßnahmen zu gewährleisten. Zu diesem Zweck informiert das Bundeszentralamt für Steuern die zuständigen Behörden anderer Mitgliedstaaten der Europäischen Union über Ermittlungen und Entscheidungen in Anwendung der §§ 25 und 26 und berücksichtigt Informationen anderer zuständiger Behörden der Mitgliedstaaten der Europäischen Union bei der Anwendung der §§ 25 und 26.</P></Content></text></textdaten></norm>
<norm builddate="20250117224008" doknr="BJNR273010022BJNG000900000"><metadaten><jurabk>PStTG</jurabk><gliederungseinheit><gliederungskennzahl>060</gliederungskennzahl><gliederungsbez>Abschnitt 6</gliederungsbez><gliederungstitel>Rechtsweg und Anwendungsbestimmungen</gliederungstitel></gliederungseinheit></metadaten><textdaten/></norm>
<norm builddate="20250117224008" doknr="BJNR273010022BJNE002900000"><metadaten><jurabk>PStTG</jurabk><enbez>§ 28</enbez><titel format="XML">Rechtsweg</titel></metadaten><textdaten><text format="XML"><Content><P>(1) Gegen Maßnahmen der Finanzbehörden nach diesem Gesetz ist der Finanzrechtsweg gegeben.</P><P>(2) Absatz 1 ist auf das Bußgeldverfahren nicht anzuwenden.</P></Content></text></textdaten></norm>
<norm builddate="20250117224008" doknr="BJNR273010022BJNE003001123"><metadaten><jurabk>PStTG</jurabk><enbez>§ 29</enbez><titel format="XML">Anwendungsbestimmungen</titel></metadaten><textdaten><text format="XML"><Content><P>Die Pflichten nach den Abschnitten 2 und 3 sind erstmals für den Meldezeitraum zu beachten, der dem Kalenderjahr 2023 entspricht. § 6 Absatz 3 in der Fassung des Artikels 38 des Gesetzes vom 2. Dezember 2024 (BGBl. 2024 I Nr. 387) ist auf Meldezeiträume anzuwenden, die am oder nach dem 1. Januar 2024 beginnen.</P></Content></text><fussnoten/></textdaten></norm>
</dokumente>