<?xml version="1.0" encoding="UTF-8" ?><!DOCTYPE dokumente SYSTEM "http://www.gesetze-im-internet.de/dtd/1.01/gii-norm.dtd">
<dokumente builddate="20220503213005" doknr="BJNR118700007"><norm builddate="20220503213005" doknr="BJNR118700007"><metadaten><jurabk>KraftNAV</jurabk><amtabk>KraftNAV</amtabk><ausfertigung-datum manuell="ja">2007-06-26</ausfertigung-datum><fundstelle typ="amtlich"><periodikum>BGBl I</periodikum><zitstelle>2007, 1187</zitstelle></fundstelle><kurzue>Kraftwerks-Netzanschlussverordnung</kurzue><langue>Verordnung zur Regelung des Netzanschlusses von Anlagen zur Erzeugung 
von elektrischer Energie</langue></metadaten><textdaten><text format="XML"><Content><P><noindex> Diese Verordnung dient u. a. der Umsetzung der Richtlinie 2005/89/EG des Europäischen Parlaments und des Rates vom 18. Januar 2006 über Maßnahmen zur Gewährleistung der Sicherheit der Elektrizitätsversorgung und von Infrastrukturinvestitionen (ABl. EU Nr. L 33 S. 22). </noindex></P></Content></text><fussnoten><Content><P><BR/> <pre xml:space="preserve">(+++ Textnachweis ab: 30.6.2007 +++)<BR/>(+++ Zur Anwendung d. § 8 vgl. § 3 Abs. 1 KWKG 2016 +++)<BR/>(+++ Amtlicher Hinweis des Normgebers auf EG-Recht:<BR/>     Umsetzung der<BR/>       EGRL 89/2005            (CELEX Nr: 305L0089) +++)<BR/><BR/></pre></P></Content></fussnoten></textdaten></norm>
<norm builddate="20220503213005" doknr="BJNR118700007BJNE000100000"><metadaten><jurabk>KraftNAV</jurabk><enbez>Eingangsformel</enbez></metadaten><textdaten><text format="XML"><Content><P>Auf Grund des § 17 Abs. 3 Satz 1 in Verbindung mit Satz 2, des § 24 Satz 1 Nr. 1 in Verbindung mit Satz 2 Nr. 2 und 3 sowie Satz 3 und des § 29 Abs. 3 des Energiewirtschaftsgesetzes vom 7. Juli 2005 (BGBl. I S. 1970) verordnet die Bundesregierung:</P></Content></text></textdaten></norm>
<norm builddate="20220503213005" doknr="BJNR118700007BJNE000200000"><metadaten><jurabk>KraftNAV</jurabk><enbez>Inhaltsübersicht</enbez></metadaten><textdaten><text format="XML"><Content><P><table frame="none"><tgroup cols="2" colsep="0" rowsep="0"><colspec colname="col1" colnum="1" colwidth="50"/><colspec colname="col2" colnum="2" colwidth="400"/><tbody><row><entry nameend="col2" namest="col1">Teil 1</entry></row><row><entry nameend="col2" namest="col1">Allgemeine Vorschriften</entry></row><row><entry>§ 1</entry><entry>Anwendungsbereich</entry></row><row><entry>§ 2</entry><entry>Begriffsbestimmungen</entry></row><row><entry>§ 3</entry><entry>Verfahren</entry></row><row><entry>§ 4</entry><entry>Anschlusszusage und Netzanschlussvertrag</entry></row><row><entry>§ 5</entry><entry>Informationspflichten des Netzbetreibers</entry></row><row><entry>§ 6</entry><entry>Netzanschluss</entry></row><row><entry>§ 7</entry><entry>Netzzugang bei Engpässen</entry></row><row><entry>§ 8</entry><entry>Kostentragung</entry></row><row><entry> </entry><entry> </entry></row><row><entry nameend="col2" namest="col1">Teil 2</entry></row><row><entry nameend="col2" namest="col1">Sonstige Bestimmungen</entry></row><row><entry>§ 9</entry><entry>Kraftwerksanschluss-Register</entry></row><row><entry>§ 10</entry><entry>Festlegungen der Regulierungsbehörde</entry></row><row><entry> </entry><entry> </entry></row><row><entry nameend="col2" namest="col1">Teil 3</entry></row><row><entry nameend="col2" namest="col1">Schlussvorschriften</entry></row><row><entry>§ 11</entry><entry>Inkrafttreten</entry></row></tbody></tgroup></table></P></Content></text></textdaten></norm>
<norm builddate="20220503213005" doknr="BJNR118700007BJNG000100000"><metadaten><jurabk>KraftNAV</jurabk><gliederungseinheit><gliederungskennzahl>010</gliederungskennzahl><gliederungsbez>Teil 1</gliederungsbez><gliederungstitel>Allgemeine Vorschriften</gliederungstitel></gliederungseinheit></metadaten><textdaten><text format="XML"><Content><P/></Content></text></textdaten></norm>
<norm builddate="20220503213005" doknr="BJNR118700007BJNE000300000"><metadaten><jurabk>KraftNAV</jurabk><enbez>§ 1</enbez><titel format="parat">Anwendungsbereich</titel></metadaten><textdaten><text format="XML"><Content><P>(1) Diese Verordnung regelt Bedingungen für den Netzanschluss von Anlagen zur Erzeugung von elektrischer Energie (Erzeugungsanlagen) mit einer Nennleistung ab 100 Megawatt an Elektrizitätsversorgungsnetze mit einer Spannung von mindestens 110 Kilovolt.</P><P>(2) Die Regelungen dieser Verordnung sind hinsichtlich der Pflichten der Netzbetreiber abschließend im Sinne des § 111 Abs. 2 Nr. 2 des Energiewirtschaftsgesetzes. Die Vorschriften des Erneuerbare-Energien-Gesetzes sowie des Kraft-Wärme-Kopplungsgesetzes bleiben unberührt.</P></Content> </text></textdaten></norm>
<norm builddate="20220503213005" doknr="BJNR118700007BJNE000400000"><metadaten><jurabk>KraftNAV</jurabk><enbez>§ 2</enbez><titel format="parat">Begriffsbestimmungen</titel></metadaten><textdaten><text format="XML"><Content><P>Im Sinne dieser Verordnung <DL Font="normal" Type="arabic"><DT>1.</DT><DD Font="normal"><LA Size="normal">ist Anschlussnehmer derjenige, der als Projektentwicklungsträger, Errichter oder Betreiber die Herstellung des Anschlusses an ein Elektrizitätsversorgungsnetz mit einer Spannung von mindestens 110 Kilovolt für eine Erzeugungsanlage beansprucht,</LA></DD> <DT>2.</DT><DD Font="normal"><LA Size="normal">ist Netzanschluss die Herstellung der elektrischen Leitung, die Erzeugungsanlage und Anschlusspunkt verbindet, und ihre Verknüpfung mit dem Anschlusspunkt,</LA></DD> <DT>3.</DT><DD Font="normal"><LA Size="normal">sind Netzbetreiber die Betreiber von Elektrizitätsversorgungsnetzen mit einer Spannung von 110 Kilovolt oder darüber,</LA></DD> <DT>4.</DT><DD Font="normal"><LA Size="normal">ist Netzschemaplan ein schematischer Netzplan mit allen Stromkreisen, Schaltanlagen, Sammelschienen und Umspannwerken.</LA></DD> </DL></P></Content></text></textdaten></norm>
<norm builddate="20220503213005" doknr="BJNR118700007BJNE000500000"><metadaten><jurabk>KraftNAV</jurabk><enbez>§ 3</enbez><titel format="parat">Verfahren</titel></metadaten><textdaten><text format="XML"><Content><P>(1) Der Netzbetreiber hat auf seiner Internetseite folgende Angaben zu veröffentlichen: <DL Font="normal" Type="arabic"><DT>1.</DT><DD Font="normal"><LA Size="normal">die für die Prüfung eines Netzanschlussbegehrens und einer Prognose der für eine entsprechende Anschlussnutzung verfügbaren Leitungskapazitäten mindestens erforderlichen Angaben;</LA></DD> <DT>2.</DT><DD Font="normal"><LA Size="normal">standardisierte Bedingungen für einen Netzanschlussvertrag;</LA></DD> <DT>3.</DT><DD Font="normal"><LA Size="normal">eine laufend aktualisierte, übersichtliche Darstellung des Netzschemaplans sowie der Netzauslastung im gesamten Netz einschließlich der Kennzeichnung tatsächlicher oder zu erwartender Engpässe.</LA></DD> </DL> </P><P>(2) Richtet der Anschlussnehmer ein Netzanschlussbegehren an den Netzbetreiber, so hat dieser unverzüglich, spätestens nach Ablauf von zwei Wochen, dem Anschlussnehmer darzulegen, welche Prüfungen zur Vorbereitung einer Entscheidung über das Netzanschlussbegehren und einer Prognose der für eine entsprechende Anschlussnutzung verfügbaren Leitungskapazitäten notwendig sind und welche Kosten diese Prüfungen verursachen werden. Soweit zusätzliche Angaben erforderlich sind, hat der Netzbetreiber diese vollständig innerhalb von einer Woche von dem Anschlussnehmer anzufordern. Im Fall des Satzes 2 gilt Satz 1 mit der Maßgabe, dass die Darlegung des Netzbetreibers eine Woche nach Eingang der zusätzlichen Angaben erfolgen muss.</P><P>(3) Nach Eingang einer Vorschusszahlung des Anschlussnehmers in Höhe von 25 vom Hundert der erwarteten Kosten im Sinne von Absatz 2 ist der Netzbetreiber verpflichtet, umgehend die für eine Anschlusszusage und für eine Prognose der für eine entsprechende Anschlussnutzung verfügbaren Leitungskapazitäten notwendigen Prüfungen, insbesondere zu Anschlusspunkt, Anschlussleitungen sowie Lastflüssen und sonstigen Wirkungen auf das Netz, durchzuführen. Soweit erforderlich, sind Betreiber anderer betroffener Elektrizitätsversorgungsnetze zur Mitwirkung bei der Prüfung verpflichtet. Der Anschlussnehmer kann verlangen, dass der Netzbetreiber auch Prüfungen unter Zugrundelegung von Annahmen des Anschlussnehmers durchführt. Der Anschlussnehmer ist über Verlauf und Ergebnis der Prüfungen angemessen und zeitnah zu unterrichten. Das Ergebnis der Prüfungen ist dem Anschlussnehmer unverzüglich, spätestens drei Monate nach Eingang der Vorschusszahlung mitzuteilen, es sei denn, der Netzbetreiber weist nach, dass zusätzliche Prüfungswünsche des Anschlussnehmers nach Satz 3 oder sonstige außergewöhnliche, nicht vom Netzbetreiber zu vertretende Umstände einen erhöhten Zeitbedarf verursacht haben.</P><P>(4) Der Anschlussnehmer trägt die Kosten der Prüfungen nach Absatz 3.</P></Content>  </text></textdaten></norm>
<norm builddate="20220503213005" doknr="BJNR118700007BJNE000600000"><metadaten><jurabk>KraftNAV</jurabk><enbez>§ 4</enbez><titel format="parat">Anschlusszusage und Netzanschlussvertrag</titel></metadaten><textdaten><text format="XML"><Content><P>(1) Der Netzbetreiber hat dem Anschlussnehmer zusammen mit dem Prüfungsergebnis nach § 3 Abs. 3 eine Anschlusszusage zu erteilen, soweit er nicht den Anschluss verweigern darf. Haben Anschlussnehmer für einen Anschlusspunkt mehrere Anschlussbegehren an den Netzbetreiber gerichtet und beeinflussen sich die Anschlussbegehren gegenseitig in der Weise, dass nicht alle begehrten Anschlüsse hergestellt werden können, so ist auf diejenigen Netzanschlussbegehren vorrangig eine Anschlusszusage zu erteilen, die einschließlich der Angaben, die nach § 3 Abs. 1 und 2 notwendig sind, zeitlich früher beim Netzbetreiber eingegangen sind. Die Anschlusszusage beinhaltet die verbindliche Reservierung von Netzanschlussleistung an einem bestimmten Netzanschlusspunkt unbeschadet des Zustandekommens der weiteren erforderlichen vertraglichen Regelungen zu Netzanschluss (Netzanschlussvertrag) und Anschlussnutzung. Die Anschlusszusage wird wirksam, wenn der Anschlussnehmer innerhalb von einem Monat nach Erteilung der Anschlusszusage eine Reservierungsgebühr in Höhe von 1.000 Euro pro Megawatt Netzanschlussleistung und die Kosten der Prüfung nach § 3 Abs. 3 zahlt. Die Reservierungsgebühr ist bei Herstellung des Netzanschlusses vom Netzbetreiber auf Kostenersatzforderungen wegen der Herstellung des Netzanschlusses anzurechnen oder sie ist zurückzuzahlen, wenn eine Anrechnung nicht möglich oder der Netzanschluss aus Gründen nicht hergestellt wird, die der Anschlussnehmer nicht zu vertreten hat. Im Fall des Absatzes 3 Satz 1 ist die Reservierungsgebühr entgeltmindernd in der Kalkulation der Netzentgelte durch den Netzbetreiber zu berücksichtigen.</P><P>(2) Netzbetreiber und Anschlussnehmer haben mit dem Ziel der zügigen Vorbereitung eines Netzanschlussvertrages zusammenzuarbeiten. Soweit es für die Verwirklichung des in Satz 1 genannten Ziels erforderlich ist, sind Betreiber anderer betroffener Elektrizitätsversorgungsnetze zur Mitwirkung verpflichtet. Die Pflicht nach Satz 1 umfasst insbesondere das Aufstellen eines Plans, in dem Fristen für die Verhandlungen zum Abschluss des Netzanschlussvertrages (Verhandlungsfahrplan) vereinbart werden und der einen Vertragsabschluss in der Regel innerhalb von höchstens zwölf Monaten vorsieht. Der Verhandlungsfahrplan soll sich insbesondere auf die in Absatz 4 genannten Vertragsgegenstände beziehen. Der Anschlussnehmer kann verlangen, dass der Netzbetreiber ihm alle für das Aufstellen des Verhandlungsfahrplans erforderlichen Angaben übermittelt. Kommt eine Einigung über den Verhandlungsfahrplan nicht innerhalb von drei Monaten zustande, so ist der Anschlussnehmer verpflichtet, den Verhandlungsfahrplan unverzüglich einseitig aufzustellen.</P><P>(3) Die Reservierung des Netzanschlusspunktes verfällt, wenn <DL Font="normal" Type="arabic"><DT>1.</DT><DD Font="normal"><LA Size="normal">der Anschlussnehmer das Zustandekommen des Netzanschlussvertrages in der vereinbarten Frist nach Absatz 2 Satz 3 durch ausschließlich oder überwiegend von ihm zu vertretende Nichteinhaltung des Verhandlungsfahrplans vereitelt oder</LA></DD> <DT>2.</DT><DD Font="normal"><LA Size="normal">ein Netzanschlussvertrag drei Monate nach dem im Verhandlungsfahrplan vorgesehenen Zeitpunkt nicht zustande gekommen ist und weder Anschlussnehmer noch Netzbetreiber einen Antrag nach § 31 des Energiewirtschaftsgesetzes bei der Regulierungsbehörde gestellt haben.</LA></DD> </DL>Der Netzbetreiber hat im Rahmen des Zumutbaren durch rechtzeitige eigene Vorleistungen zum zügigen Abschluss eines Netzanschlussvertrages beizutragen.</P><P>(4) Der Netzanschlussvertrag muss unter Beachtung der Vorschriften des Energiewirtschaftsgesetzes und dieser Verordnung mindestens Regelungen zu folgenden Gegenständen enthalten: <DL Font="normal" Type="arabic"><DT>1.</DT><DD Font="normal"><LA Size="normal">Beschreibung von Kraftwerks- und Netzanschlusskonzept,</LA></DD> <DT>2.</DT><DD Font="normal"><LA Size="normal">Bereitstellung der Netzanschlussleistung,</LA></DD> <DT>3.</DT><DD Font="normal"><LA Size="normal">Veränderungen der Netzanschlussleistung,</LA></DD> <DT>4.</DT><DD Font="normal"><LA Size="normal">Eigentumsgrenzen,</LA></DD> <DT>5.</DT><DD Font="normal"><LA Size="normal">technische Spezifikation und Dokumentation,</LA></DD> <DT>6.</DT><DD Font="normal"><LA Size="normal">Übergabezählung,</LA></DD> <DT>7.</DT><DD Font="normal"><LA Size="normal">Zutrittsrechte,</LA></DD> <DT>8.</DT><DD Font="normal"><LA Size="normal">Störungen und Unterbrechungen,</LA></DD> <DT>9.</DT><DD Font="normal"><LA Size="normal">Anforderungen an den Informationsaustausch,</LA></DD> <DT>10.</DT><DD Font="normal"><LA Size="normal">notwendige Anforderungen an das Kraftwerk,</LA></DD> <DT>11.</DT><DD Font="normal"><LA Size="normal">Eigenbedarfskonzept,</LA></DD> <DT>12.</DT><DD Font="normal"><LA Size="normal">Haftung,</LA></DD> <DT>13.</DT><DD Font="normal"><LA Size="normal">Laufzeit und Kündigung,</LA></DD> <DT>14.</DT><DD Font="normal"><LA Size="normal">Rechtsnachfolge.</LA></DD> </DL> </P><P>(5) Netzbetreiber und Anschlussnehmer haben zusammen mit dem Netzanschlussvertrag einen Plan zu vereinbaren über Inhalt, zeitliche Abfolge und Verantwortlichkeit von Netzbetreiber oder Anschlussnehmer für die einzelnen Schritte zur Errichtung des Kraftwerkes, zur Herstellung des Netzanschlusses und, soweit erforderlich, Maßnahmen zur Ertüchtigung des Netzanschlusspunktes oder zum Ausbau des Netzes bis zum nächsten Netzknoten (Realisierungsfahrplan). Der Realisierungsfahrplan muss angemessene Folgen bei Nichteinhaltung der wesentlichen, insbesondere zeitlichen Vorgaben, vorsehen. Soweit es veränderte tatsächliche Umstände erfordern, hat jeder der Beteiligten Anspruch auf eine Anpassung des Realisierungsfahrplans.</P><P>(6) Richtet ein Anschlussnehmer für einen Anschlusspunkt, für den bereits eine oder mehrere Anschlusszusagen erteilt worden sind, ein Anschlussbegehren an den Netzbetreiber und beeinflussen sich die Anschlussbegehren gegenseitig in der Weise, dass nur die Realisierung der bereits zugesagten Anschlüsse möglich ist, und wird zusammen mit dem Netzanschlussvertrag der Realisierungsfahrplan nicht aufgestellt oder nicht eingehalten und ist dies ausschließlich oder überwiegend vom Anschlussnehmer zu vertreten, so können sich der oder diejenigen Anschlussnehmer, denen bereits eine Anschlusszusage erteilt worden ist, nicht auf einen Vorrang vor dem zeitlich nachfolgenden Anschlussbegehren oder, auch im Verhältnis zum Netzbetreiber, nicht auf das Bestehen eines Netzanschlussvertrages berufen.</P><P>(7) Im Realisierungsfahrplan müssen Zeitpunkte, bis zu denen die wesentlichen Schritte zur Verwirklichung des Netzanschlussvorhabens eingeleitet oder abgeschlossen sein müssen, festgelegt sein. Derartige Schritte können insbesondere sein <DL Font="normal" Type="arabic"><DT>1.</DT><DD Font="normal"><LA Size="normal">der Erwerb dinglicher Rechte oder langfristiger schuldrechtlicher Ansprüche, die die Nutzung der für das Netzanschlussvorhaben benötigten Grundstücke ermöglichen,</LA></DD> <DT>2.</DT><DD Font="normal"><LA Size="normal">die Beantragung der für das Vorhaben erforderlichen behördlichen Genehmigungen,</LA></DD> <DT>3.</DT><DD Font="normal"><LA Size="normal">der Abschluss von Verträgen über die Lieferung der wesentlichen notwendigen Kraftwerkstechnik oder entsprechende vertragliche Optionen,</LA></DD> <DT>4.</DT><DD Font="normal"><LA Size="normal">die Freigabe der Netzanschlussarbeiten durch den Anschlussnehmer,</LA></DD> <DT>5.</DT><DD Font="normal"><LA Size="normal">der Beginn von Baumaßnahmen.</LA></DD> </DL>Der Anschlussnehmer hat den Verhandlungsfahrplan und den Realisierungsfahrplan der Regulierungsbehörde unverzüglich vorzulegen.</P></Content>     </text></textdaten></norm>
<norm builddate="20220503213005" doknr="BJNR118700007BJNE000700000"><metadaten><jurabk>KraftNAV</jurabk><enbez>§ 5</enbez><titel format="parat">Informationspflichten des Netzbetreibers</titel></metadaten><textdaten><text format="XML"><Content><P>(1) Der Netzbetreiber ist im Rahmen seiner Prüfung nach § 3 Abs. 3 Satz 1 verpflichtet, auf Antrag dem Anschlussnehmer die Netzdaten unverzüglich in geeigneter Weise zur Verfügung zu stellen, die erforderlich sind, um eigene Bewertungen der zukünftigen Netznutzungssituation vorzunehmen. Die erforderlichen Netzdaten umfassen insbesondere <DL Font="normal" Type="arabic"><DT>1.</DT><DD Font="normal"><LA Size="normal">eine Dokumentation der durch den Netzbetreiber durchgeführten Lastflussberechnungen in vereinfachter Form, aus denen die zu Grunde gelegten Annahmen zu<DL Font="normal" Type="arabic"><DT>a)</DT><DD Font="normal"><LA Size="normal">den einzelnen Kraftwerken, nach Primärenergieträgern,</LA></DD> <DT>b)</DT><DD Font="normal"><LA Size="normal">der aggregierten Netzbelastung,</LA></DD> <DT>c)</DT><DD Font="normal"><LA Size="normal">den Lastflüssen aus den und in die angrenzenden Regelzonen,</LA></DD> <DT>d)</DT><DD Font="normal"><LA Size="normal">den Kuppelstellen zu ausländischen Netzbetreibern,</LA></DD> <DT>e)</DT><DD Font="normal"><LA Size="normal">den Einspeisungen und Entnahmen und</LA></DD> <DT>f)</DT><DD Font="normal"><LA Size="normal">den Transiten</LA></DD> </DL></LA><LA Size="normal">für die vom Antragsteller bezeichneten und für das Anschlussbegehren relevanten Netzbereiche hervorgehen, jeweils für das Netz im Ist-Zustand und für den angegebenen Zeitpunkt der Inbetriebnahme der anzuschließenden Erzeugungsanlage; im Fall von Netzengpässen müssen die Ergebnisse zu Häufigkeit, Höhe und Dauer an den jeweiligen Netzengpassstellen dokumentiert werden sowie der erforderliche Netzausbau zur dauerhaften Beseitigung des Netzengpasses;</LA></DD>  <DT>2.</DT><DD Font="normal"><LA Size="normal">eine Dokumentation des verwendeten Netzmodells anhand eines 1-poligen Ersatzschaltbildes mit den Auslegungsdaten der Netzbetriebsmittel für den Ist- Zustand und den geplanten Netzausbau;</LA></DD> <DT>3.</DT><DD Font="normal"><LA Size="normal">eine Dokumentation der durch den Netzbetreiber durchgeführten Lastflussberechnungen für die vom Antragsteller bezeichneten und für das Anschlussbegehren relevanten Netzbereiche, aus denen die Netzbelastungen aller Betriebsmittel im (n-0)-Fall sowie in kritischen (n-1)-Fällen sowie die angenommenen Knoteneinspeisungen, Knotenlasten sowie Transite der Lastflussberechnung erkennbar sein müssen;</LA></DD> <DT>4.</DT><DD Font="normal"><LA Size="normal">eine Darstellung der zu Grunde gelegten Annahmen zur Entwicklung der Einspeisung durch privilegierte Anlagen mit Einspeisevorrang und aus Erzeugungsanlagen mit einer Gesamtleistung von mehr als 100 Megawatt;</LA></DD> <DT>5.</DT><DD Font="normal"><LA Size="normal">den letzten jeweils für die betroffene Regelzone, in der die Anlage angeschlossen werden soll, nach § 12 Abs. 3a Satz 1 und 2 des Energiewirtschaftsgesetzes erstellten Bericht.</LA></DD> </DL> </P><P>(2) Die Netzdaten müssen in Form und Inhalt geeignet sein, um sachkundigen Dritten als Entscheidungsgrundlage zu dienen.</P><P>(3) Die Informationspflicht hinsichtlich der Netzdaten nach Absatz 1 Satz 2 Nr. 2 bis 5 kann in der Weise erfüllt werden, dass diese einem sachverständigen Dritten übergeben werden (Gutachter). Der Gutachter ist im Einvernehmen mit dem Anschlussnehmer zu bestimmen. Der Gutachter führt im Auftrag des Anschlussnehmers die erforderlichen Lastflussberechnungen durch und dokumentiert für diesen die Ergebnisse in geeigneter und nachvollziehbarer Form. Die Kosten des Gutachters trägt der Anschlussnehmer.</P><P>(4) Der Gutachter sowie die von ihm im Zusammenhang mit der Erfüllung seiner Aufgaben beauftragten Dritten sind auch nach Beendigung ihrer Tätigkeit verpflichtet, die Verschwiegenheit über die ihnen bekannt gewordenen Netzdaten nach Absatz 1 zu wahren.</P></Content>  </text></textdaten></norm>
<norm builddate="20220503213005" doknr="BJNR118700007BJNE000800000"><metadaten><jurabk>KraftNAV</jurabk><enbez>§ 6</enbez><titel format="parat">Netzanschluss</titel></metadaten><textdaten><text format="XML"><Content><P>(1) Die Gewährung des Netzanschlusses nach § 17 Abs. 2 des Energiewirtschaftsgesetzes ist insbesondere dann unzumutbar, wenn der begehrte Netzanschlusspunkt technisch nicht zur Aufnahme des erzeugten Stroms geeignet ist und die Eignung nicht durch dem Netzbetreiber mögliche und zumutbare Maßnahmen zur Ertüchtigung des Netzanschlusspunktes oder zum Ausbau des Netzes bis zum nächsten Netzknoten hergestellt werden kann. Eine fehlende Eignung ist insbesondere dann anzunehmen, wenn trotz zumutbarer Maßnahmen nach Satz 1 der Anschlusspunkt nicht über <DL Font="normal" Type="arabic"><DT>1.</DT><DD Font="normal"><LA Size="normal">eine ausreichende Kurzschlussleistung oder</LA></DD> <DT>2.</DT><DD Font="normal"><LA Size="normal">einen ausreichenden Abfuhrquerschnitt</LA></DD> </DL>verfügt.</P><P>(2) Ein Netzanschluss kann nicht mit dem Hinweis darauf verweigert werden, dass in einem mit dem Anschlusspunkt direkt oder indirekt verbundenen Netz Kapazitätsengpässe auftreten oder auftreten werden.</P><P>(3) Wird der Anschluss an dem begehrten Anschlusspunkt verweigert, so hat der Netzbetreiber dem Anschlussnehmer gleichzeitig einen anderen Anschlusspunkt vorzuschlagen, der im Rahmen des wirtschaftlich Zumutbaren die geäußerten Absichten des Anschlussnehmers bestmöglich verwirklicht.</P><P>(4) Der Anschlussnehmer kann den Netzanschluss von einem fachkundigen Dritten oder dem Netzbetreiber vornehmen lassen.</P></Content>   </text></textdaten></norm>
<norm builddate="20220503213005" doknr="BJNR118700007BJNE000900000"><metadaten><jurabk>KraftNAV</jurabk><enbez>§ 7</enbez><titel format="parat">Netzzugang bei Engpässen</titel></metadaten><textdaten><text format="XML"><Content><P>(1) Anschlussnehmern steht nach Maßgabe der Absätze 2 und 3 ein Anspruch auf bevorzugten Netzzugang im Fall von Engpässen im deutschen Übertragungsnetz zu.</P><P>(2) Berechtigt sind Anschlussnehmer, <DL Font="normal" Type="arabic"><DT>1.</DT><DD Font="normal"><LA Size="normal">die bis zum 31. Dezember 2007 ein Netzanschlussbegehren mit vollständigen Angaben nach § 3 Abs. 1 Nr. 1 an den Netzbetreiber gerichtet haben und</LA></DD> <DT>2.</DT><DD Font="normal"><LA Size="normal">deren Erzeugungsanlage in der Zeit vom 1. Januar 2007 bis zum 31. Dezember 2012 an das Netz angeschlossen wird oder ausschließlich aufgrund von Umständen, die sie nicht zu vertreten haben, erst zu einem späteren Zeitpunkt an das Netz angeschlossen werden kann.</LA></DD> </DL> </P><P>(3) Der Anspruch auf bevorzugten Netzzugang nach Absatz 1 ist auf zehn Jahre ab dem Datum der ersten Netzeinspeisung, spätestens jedoch ab dem 31. Dezember 2012, befristet. Er hat zum Inhalt, dass abweichend von § 15 Abs. 2 der Stromnetzzugangsverordnung von dem Netzbetreiber im Fall eines Engpasses die Bereitstellung von Leitungskapazität ohne die Erhebung von zusätzlichen Entgelten verlangt werden kann. Würde durch die Ausübung von Rechten nach Absatz 1 mehr als die Hälfte der verfügbaren Leitungskapazität in Anspruch genommen, so sind die bevorzugten Netzzugangsrechte anteilig zu kürzen.</P></Content> </text></textdaten></norm>
<norm builddate="20220503213005" doknr="BJNR118700007BJNE001000000"><metadaten><jurabk>KraftNAV</jurabk><enbez>§ 8</enbez><titel format="parat">Kostentragung</titel></metadaten><textdaten><text format="XML"><Content><P>(1) Der Anschlussnehmer trägt die Kosten für die Verbindung zwischen der Erzeugungsanlage und dem Netzanschlusspunkt.</P><P>(2) Vorbehaltlich des Satzes 3 hat der Anschlussnehmer Kosten, die im Zuge einer erforderlichen Ertüchtigung des Netzanschlusspunktes anfallen, insoweit zu tragen, als sie durch ausschließlich vom Anschlussnehmer genutzte Betriebsmittel verursacht sind. Satz 1 gilt für Kosten von Maßnahmen zum Ausbau des Netzes bis zum nächsten Netzknoten im Sinne von § 6 Abs. 1 Satz 1 entsprechend. Anschaffungs- und Herstellungskosten von Betriebsmitteln, die in das Eigentum des Netzbetreibers oder von Dritten übergehen, hat der Anschlussnehmer nicht zu tragen.</P><P>(3) Kosten zur Verstärkung des Netzes sowie einen Baukostenzuschuss hat der Anschlussnehmer nicht zu tragen.</P></Content>  </text><fussnoten><Content><P>(+++ § 8: Zur Anwendung vgl. § 3 Abs. 1 Satz 3 KWKG 2016 +++)</P></Content></fussnoten></textdaten></norm>
<norm builddate="20220503213005" doknr="BJNR118700007BJNG000200000"><metadaten><jurabk>KraftNAV</jurabk><gliederungseinheit><gliederungskennzahl>020</gliederungskennzahl><gliederungsbez>Teil 2</gliederungsbez><gliederungstitel>Sonstige Bestimmungen</gliederungstitel></gliederungseinheit></metadaten><textdaten><text format="XML"><Content><P/></Content></text></textdaten></norm>
<norm builddate="20220503213005" doknr="BJNR118700007BJNE001100000"><metadaten><jurabk>KraftNAV</jurabk><enbez>§ 9</enbez><titel format="parat">Kraftwerksanschluss-Register</titel></metadaten><textdaten><text format="XML"><Content><P>Die Netzbetreiber haben ein gemeinsames Register aller Erzeugungsanlagen, die bestehen oder für die ein Netzanschlussbegehren nach § 3 Abs. 2 vorliegt, und eine übersichtliche Darstellung des Netzschemaplans und der Netzauslastung, einschließlich der Kennzeichnung bestehender oder erwarteter Engpässe zu führen. In diesem Register sind auch die Standorte nicht nur vorübergehend stillgelegter oder endgültig aufgegebener Erzeugungsanlagen zu erfassen und jeweils mit einer geeigneten Kennzeichnung zu versehen. Die Daten sind Anschlussnehmern sowie auf Anforderung den Energieaufsichtsbehörden und Regulierungsbehörden in geeigneter Form zur Verfügung zu stellen.</P></Content></text></textdaten></norm>
<norm builddate="20220503213005" doknr="BJNR118700007BJNE001200000"><metadaten><jurabk>KraftNAV</jurabk><enbez>§ 10</enbez><titel format="parat">Festlegungen der Regulierungsbehörde</titel></metadaten><textdaten><text format="XML"><Content><P>Zur Verwirklichung eines effizienten Anschlusses von Erzeugungsanlagen an das Netz und der in § 1 Abs. 1 des Energiewirtschaftsgesetzes genannten Zwecke kann die Regulierungsbehörde Entscheidungen durch Festlegung nach § 29 Abs. 1 des Energiewirtschaftsgesetzes zur näheren Ausgestaltung des zwischen Anschlussnehmern und Netzbetreibern einzuhaltenden Verfahrens im Zuge der Beantragung und Gewährung eines Netzanschlusses treffen. Dies umfasst insbesondere die Ausgestaltung und den Inhalt der gegenseitigen Informationspflichten, Vorleistungspflichten, Fristenregelungen sowie der standardisierten Bedingungen für einen Netzanschlussvertrag nach § 3 Abs. 1 Nr. 2.</P></Content></text></textdaten></norm>
<norm builddate="20220503213005" doknr="BJNR118700007BJNG000300000"><metadaten><jurabk>KraftNAV</jurabk><gliederungseinheit><gliederungskennzahl>030</gliederungskennzahl><gliederungsbez>Teil 3</gliederungsbez><gliederungstitel>Schlussvorschriften</gliederungstitel></gliederungseinheit></metadaten><textdaten><text format="XML"><Content><P/></Content></text></textdaten></norm>
<norm builddate="20220503213005" doknr="BJNR118700007BJNE001300000"><metadaten><jurabk>KraftNAV</jurabk><enbez>§ 11</enbez><titel format="parat">Inkrafttreten</titel></metadaten><textdaten><text format="XML"><Content><P>Die Verordnung tritt am Tage nach der Verkündung in Kraft.</P></Content></text></textdaten></norm>
<norm builddate="20220503213005" doknr="BJNR118700007BJNE001400000"><metadaten><jurabk>KraftNAV</jurabk><enbez>Schlussformel</enbez></metadaten><textdaten><text format="XML"><Content><P>Der Bundesrat hat zugestimmt.</P></Content></text></textdaten></norm>
</dokumente>