<?xml version="1.0" encoding="UTF-8" ?><!DOCTYPE dokumente SYSTEM "http://www.gesetze-im-internet.de/dtd/1.01/gii-norm.dtd">
<dokumente builddate="20250403224015" doknr="BJNR345710002"><norm builddate="20250403224015" doknr="BJNR345710002"><metadaten><jurabk>SeeSpbootV</jurabk><amtabk>SeeSpbootV</amtabk><ausfertigung-datum manuell="ja">2002-08-29</ausfertigung-datum><fundstelle typ="amtlich"><periodikum>BGBl I</periodikum><zitstelle>2002, 3457</zitstelle></fundstelle><kurzue>See-Sportbootverordnung</kurzue><langue>Verordnung über die Inbetriebnahme von Sportbooten und Wassermotorrädern sowie deren Vermietung und gewerbsmäßige Nutzung im Küstenbereich<FnR ID="BJNR345710002_01"/><FnR ID="BJNR345710002_02"/></langue><standangabe checked="ja"><standtyp>Stand</standtyp><standkommentar>Zuletzt geändert durch Art. 3 V v. 3.3.2020 I 412</standkommentar></standangabe><standangabe checked="ja"><standtyp>Hinweis</standtyp><standkommentar>Änderung durch Art. 2 Abs. 2 V v. 22.11.2024 I Nr. 370 textlich nachgewiesen, dokumentarisch noch nicht abschließend bearbeitet</standkommentar></standangabe><standangabe checked="ja"><standtyp>Hinweis</standtyp><standkommentar>Änderung durch Art. 2 V v. 25.3.2025 I Nr. 100 textlich nachgewiesen, dokumentarisch noch nicht abschließend bearbeitet</standkommentar></standangabe></metadaten><textdaten><text format="XML"><Footnotes><Footnote FnZ="1)" Group="column" ID="BJNR345710002_01" Pos="exp"><noindex>Die Verpflichtungen aus der Richtlinie 98/34/EG des Europäischen Parlaments und des Rates vom 22. Juni 1998 über ein Informationsverfahren auf dem Gebiet der Normen und technischen Vorschriften und der Vorschriften für die Dienste der Informationsgesellschaft (ABl. EG Nr. L 204 S. 37), zuletzt geändert durch die Richtlinie 98/48/EG des Europäischen Parlaments und des Rates vom 20. Juli 1998 (ABl. EG Nr. L 217 S. 18) sind beachtet worden.</noindex></Footnote><Footnote FnZ="2)" Group="column" ID="BJNR345710002_02" Pos="exp"><noindex>§ 3 dieser Verordnung dient der Umsetzung der Richtlinie 94/25/EG des Europäischen Parlaments und des Rates vom 16. Juni 1994 zur Angleichung der Rechts- und Verwaltungsvorschriften der Mitgliedstaaten über Sportboote (ABl. EG Nr. L 164 S. 15), soweit sie die Inbetriebnahme von Sportbooten auf den Seeschifffahrtsstraßen und den seewärts angrenzenden Gewässern betrifft. Hinsichtlich des Inverkehrbringens von Sportbooten wird die Richtlinie 94/25/EG durch die Verordnung über das Inverkehrbringen von Sportbooten vom 18. Dezember 1995 (BGBl. I S. 1936) umgesetzt.</noindex></Footnote></Footnotes></text><fussnoten><Content><P><BR/> <pre xml:space="preserve">(+++ Textnachweis ab: 6.9.2002 +++)<BR/> <BR/>Die V wurde als Artikel 1 der V v. 29.8.2002 I 3457 vom Bundesministerium<BR/>für Verkehr, Bau- und Wohnungswesen im Einvernehmen mit dem<BR/>Bundesministerium der Finanzen erlassen. Sie ist gem. Art. 4 Abs. 2<BR/>dieser V am 6.9.2002 in Kraft getreten. § 15 Abs. 1 Satz 4 tritt am<BR/>1.1.2008 in Kraft.<BR/> <BR/>(+++ Amtliche Hinweise des Normgebers auf EG-Recht:<BR/>     Beachtung der<BR/>       EGRL 34/98         (CELEX Nr: 398L0034)<BR/>     Umsetzung der<BR/>       EGRL 25/94         (CELEX Nr: 394L0025) +++)<BR/><BR/></pre></P></Content></fussnoten></textdaten></norm>
<norm builddate="20250403224015" doknr="BJNR345710002BJNE000102119"><metadaten><jurabk>SeeSpbootV</jurabk><enbez>Inhaltsübersicht</enbez></metadaten><textdaten><text format="XML"><Content><P><table frame="none" pgwide="1" tocentry="%yes;"><tgroup align="left" char="" charoff="50" cols="4" colsep="0" rowsep="0"><colspec colname="col1" colnum="1" colwidth="5*"/><colspec colname="col2" colnum="2" colwidth="5*"/><colspec colname="col3" colnum="3" colwidth="5*"/><colspec colname="col4" colnum="4" colwidth="95*"/><tbody valign="top"><row><entry VJ="1" align="left" colsep="0" nameend="col4" namest="col1" valign="top">Abschnitt 1</entry></row><row><entry VJ="1" align="left" colsep="0" valign="top"> </entry><entry VJ="1" align="left" colsep="0" nameend="col4" namest="col2" valign="top">Allgemeine Bestimmungen</entry></row><row><entry VJ="1" align="left" colsep="0" nameend="col2" namest="col1" valign="top">§ 1</entry><entry VJ="1" align="left" colsep="0" nameend="col4" namest="col3" valign="top">Geltungsbereich</entry></row><row><entry VJ="1" align="left" colsep="0" nameend="col2" namest="col1" valign="top">§ 2</entry><entry VJ="1" align="left" colsep="0" nameend="col4" namest="col3" valign="top">Begriffsbestimmungen</entry></row><row><entry VJ="1" align="left" colsep="0" nameend="col4" namest="col1" valign="top">Abschnitt 2</entry></row><row><entry VJ="1" align="left" colsep="0" valign="top"> </entry><entry VJ="1" align="left" colsep="0" nameend="col4" namest="col2" valign="top">Inbetriebnahme von Sportbooten oder Wassermotorrädern</entry></row><row><entry VJ="1" align="left" colsep="0" nameend="col2" namest="col1" valign="top">§ 3</entry><entry VJ="1" align="left" colsep="0" nameend="col4" namest="col3" valign="top">CE-Kennzeichnung</entry></row><row><entry VJ="1" align="left" colsep="0" nameend="col2" namest="col1" valign="top">§ 4</entry><entry VJ="1" align="left" colsep="0" nameend="col4" namest="col3" valign="top">Kennzeichnung von Wassermotorrädern im Inland</entry></row><row><entry VJ="1" align="left" colsep="0" nameend="col4" namest="col1" valign="top">Abschnitt 3</entry></row><row><entry VJ="1" align="left" colsep="0" valign="top"> </entry><entry VJ="1" align="left" colsep="0" nameend="col4" namest="col2" valign="top">Vermietung von Sportbooten oder Wassermotorrädern im Inland</entry></row><row><entry VJ="1" align="left" colsep="0" nameend="col2" namest="col1" valign="top">§ 5</entry><entry VJ="1" align="left" colsep="0" nameend="col4" namest="col3" valign="top">Bootszeugnis</entry></row><row><entry VJ="1" align="left" colsep="0" nameend="col2" namest="col1" valign="top">§ 6</entry><entry VJ="1" align="left" colsep="0" nameend="col4" namest="col3" valign="top">Zulassungsverfahren</entry></row><row><entry VJ="1" align="left" colsep="0" nameend="col2" namest="col1" valign="top">§ 7</entry><entry VJ="1" align="left" colsep="0" nameend="col4" namest="col3" valign="top">Vermietung</entry></row><row><entry VJ="1" align="left" colsep="0" nameend="col2" namest="col1" valign="top">§ 8</entry><entry VJ="1" align="left" colsep="0" nameend="col4" namest="col3" valign="top">Amtliche Kennzeichen</entry></row><row><entry VJ="1" align="left" colsep="0" nameend="col2" namest="col1" valign="top">§ 9</entry><entry VJ="1" align="left" colsep="0" nameend="col4" namest="col3" valign="top">Unterhaltung</entry></row><row><entry VJ="1" align="left" colsep="0" nameend="col2" namest="col1" valign="top">§ 10</entry><entry VJ="1" align="left" colsep="0" nameend="col4" namest="col3" valign="top">Besichtigung der Betriebsstätte und der Sportboote oder Wassermotorräder</entry></row><row><entry VJ="1" align="left" colsep="0" nameend="col2" namest="col1" valign="top">§ 11</entry><entry VJ="1" align="left" colsep="0" nameend="col4" namest="col3" valign="top">Pflichten des Unternehmers</entry></row><row><entry VJ="1" align="left" colsep="0" nameend="col2" namest="col1" valign="top">§ 12</entry><entry VJ="1" align="left" colsep="0" nameend="col4" namest="col3" valign="top">Pflichten der Mieter und Bootsführer</entry></row><row><entry VJ="1" align="left" colsep="0" nameend="col2" namest="col1" valign="top">§ 13</entry><entry VJ="1" align="left" colsep="0" nameend="col4" namest="col3" valign="top">Beschränkungen und Ausnahmen</entry></row><row><entry VJ="1" align="left" colsep="0" nameend="col4" namest="col1" valign="top">Abschnitt 4</entry></row><row><entry VJ="1" align="left" colsep="0" valign="top"> </entry><entry VJ="1" align="left" colsep="0" nameend="col4" namest="col2" valign="top">Gewerbsmäßige Folgenutzung im Inland</entry></row><row><entry VJ="1" align="left" colsep="0" nameend="col2" namest="col1" valign="top">§ 14</entry><entry VJ="1" align="left" colsep="0" nameend="col4" namest="col3" valign="top">Sicherheitszeugnis</entry></row><row><entry VJ="1" align="left" colsep="0" nameend="col2" namest="col1" valign="top">§ 15</entry><entry VJ="1" align="left" colsep="0" nameend="col4" namest="col3" valign="top">Fahrerlaubnis</entry></row><row><entry VJ="1" align="left" colsep="0" nameend="col4" namest="col1" valign="top">Abschnitt 5</entry></row><row><entry VJ="1" align="left" colsep="0" valign="top"> </entry><entry VJ="1" align="left" colsep="0" nameend="col4" namest="col2" valign="top">Schlussvorschriften für Sportboote und Wassermotorräder im Inland</entry></row><row><entry VJ="1" align="left" colsep="0" nameend="col2" namest="col1" valign="top">§ 16</entry><entry VJ="1" align="left" colsep="0" nameend="col4" namest="col3" valign="top">Ordnungswidrigkeiten</entry></row><row><entry VJ="1" align="left" colsep="0" nameend="col2" namest="col1" valign="top">§ 17</entry><entry VJ="1" align="left" colsep="0" nameend="col4" namest="col3" valign="top">Überwachung</entry></row><row><entry VJ="1" align="left" colsep="0" nameend="col4" namest="col1" valign="top">Abschnitt 6</entry></row><row><entry VJ="1" align="left" colsep="0" valign="top"> </entry><entry VJ="1" align="left" colsep="0" nameend="col4" namest="col2" valign="top">Sportboote unter deutscher Flagge im Ausland</entry></row><row><entry VJ="1" align="left" colsep="0" nameend="col2" namest="col1" valign="top">§ 18</entry><entry VJ="1" align="left" colsep="0" nameend="col4" namest="col3" valign="top">Vermietung im Ausland</entry></row><row><entry VJ="1" align="left" colsep="0" nameend="col2" namest="col1" valign="top">§ 19</entry><entry VJ="1" align="left" colsep="0" nameend="col4" namest="col3" valign="top">Gewerbsmäßige Folgenutzung im Ausland</entry></row><row><entry VJ="1" align="left" colsep="0" nameend="col3" namest="col1" valign="top">Anlage 1</entry><entry VJ="1" align="left" colsep="0" valign="top">Bootszeugnis (§ 5)</entry></row><row><entry VJ="1" align="left" colsep="0" nameend="col3" namest="col1" valign="top">Anlage 2</entry><entry VJ="1" align="left" colsep="0" valign="top">Untersuchungsumfang (§ 6 Abs. 1)</entry></row><row><entry VJ="1" align="left" colsep="0" nameend="col3" namest="col1" valign="top">Anlage 3</entry><entry VJ="1" align="left" colsep="0" valign="top">Abnahmeprotokoll für Sportboote/Wassermotorräder (§ 6 Abs. 2)</entry></row><row><entry VJ="1" align="left" colsep="0" nameend="col3" namest="col1" valign="top">Anlage 4</entry><entry VJ="1" align="left" colsep="0" valign="top">Besetzung bei gewerbsmäßiger Folgenutzung (§ 15 Absatz 3)</entry></row></tbody></tgroup></table></P></Content></text></textdaten></norm>
<norm builddate="20250403224015" doknr="BJNR345710002BJNG000200000"><metadaten><jurabk>SeeSpbootV</jurabk><gliederungseinheit><gliederungskennzahl>010</gliederungskennzahl><gliederungsbez>Abschnitt 1</gliederungsbez><gliederungstitel>Allgemeine Bestimmungen</gliederungstitel></gliederungseinheit></metadaten><textdaten><text format="XML"><Content><P/></Content></text></textdaten></norm>
<norm builddate="20250403224015" doknr="BJNR345710002BJNE000202119"><metadaten><jurabk>SeeSpbootV</jurabk><enbez>§ 1</enbez><titel format="XML">Geltungsbereich</titel></metadaten><textdaten><text format="XML"><Content><P>(1) Diese Verordnung gilt für Sportboote und Wassermotorräder, die der Richtlinie 2013/53/EU des Europäischen Parlaments und des Rates vom 20. November 2013 über Sportboote und Wassermotorräder und zur Aufhebung der Richtlinie 94/25/EG (ABl. L 354 vom 28.12.2013, S. 90; L 297 vom 13.11.2015, S. 9) unterliegen und unbeschadet des § 14, im Bereich der deutschen Seeschifffahrtsstraßen und der seewärts angrenzenden Gewässer des deutschen Küstenmeeres.</P><P>(2) Diese Verordnung gilt außerdem für die in Absatz 1 genannten Wasserfahrzeuge, die die Bundesflagge führen und ihren ständigen Liegeplatz im Ausland haben.</P><P>(3) Dieser Verordnung unterliegen <DL Font="normal" Type="arabic"><DT>1.</DT><DD Font="normal"><LA Size="normal">die Eigentümer der Sportboote oder Wassermotorräder,</LA></DD><DT>2.</DT><DD Font="normal"><LA Size="normal">die Personen, die Sportboote oder Wassermotorräder vermieten (Unternehmer) und deren Gehilfen, wenn diese den Unternehmer selbständig vertreten,</LA></DD><DT>3.</DT><DD Font="normal"><LA Size="normal">die Mieter, Bootsführer und Insassen der Sportboote oder Wassermotorräder.</LA></DD></DL></P><P>(4) Diese Verordnung gilt, mit Ausnahme der §§ 14, 15, 17 und 19, nicht für Wasserfahrzeuge, die mit Gestellung eines Bootsführers oder einer Besatzung gegen Entgelt überlassen werden und der Schiffssicherheitsverordnung vom 18. September 1998 (BGBl. I S. 3013, 3023), zuletzt geändert durch Artikel 2 der Verordnung vom 24. August 2001 (BGBl. I S. 2276), in der jeweils geltenden Fassung unterliegen.</P><P>(5) Die für Sportboote geltenden Vorschriften der §§ 2, 5 Absatz 3, §§ 6 und 13 Absatz 1 Nummer 2a und 3 in Verbindung mit Anlage 1 Abschnitt B Nummer II.8 der Schiffssicherheitsverordnung über die Selbstkontrolle, die besonderen Regelungen bei internationalem schiffsbezogenen Sicherheitsstandard, den Sicherheitsstandard in besonderen Fällen und die Überwachung von Funkstellen sowie Verhaltenspflichten bleiben unberührt.</P></Content></text><fussnoten/></textdaten></norm>
<norm builddate="20250403224015" doknr="BJNR345710002BJNE000304119"><metadaten><jurabk>SeeSpbootV</jurabk><enbez>§ 2</enbez><titel format="XML">Begriffsbestimmungen</titel></metadaten><textdaten><text format="XML"><Content><P>(1) Im Sinne dieser Verordnung sind <DL Font="normal" Type="arabic"><DT>1.</DT><DD Font="normal"><LA Size="normal">Sportboote</LA><LA Size="normal">Wasserfahrzeuge im Sinne der Richtlinie 2013/53/EU des Europäischen Parlaments und des Rates vom 20. November 2013 über Sportboote und Wassermotorräder und zur Aufhebung der Richtlinie 94/25/EG (ABl. L 354 vom 28.12.2013, S. 90; L 297 vom 13.11.2015, S. 9), die zu Sport- und Freizeitzwecken bestimmt sind,</LA></DD><DT>2.</DT><DD Font="normal"><LA Size="normal">Sport- und Freizeitzwecke</LA><LA Size="normal">die nicht gewerbsmäßige Nutzung eines Wasserfahrzeugs zu wassersportlichen Aktivitäten, zur Fortbewegung, zur Erholung oder zum Vergnügen an Bord; Sport- und Freizeitzwecke liegen nicht vor bei kulturellen, politischen, religiösen, wissenschaftlichen, künstlerischen, wohltätigen und humanitären Aktivitäten oder vergleichbaren ideellen Zwecken,</LA></DD><DT>3.</DT><DD Font="normal"><LA Size="normal">große Sportboote</LA><LA Size="normal">Sportboote mit Kajüte und Übernachtungsmöglichkeiten, die für Fahrten seewärts der Basislinie (Küstenmeer, küstennahe Seegewässer, Hohe See) geeignet und bestimmt sind, insbesondere Segel- und Motoryachten,</LA></DD><DT>4.</DT><DD Font="normal"><LA Size="normal">kleine Sportboote</LA><LA Size="normal">Sportboote, die für Fahrten binnenwärts der Basislinie (andere Gewässer) oder in Strandnähe geeignet und bestimmt sind, insbesondere offene Segel-, Motor-, Ruder-, Falt-, Schlauch- und Wassertretboote,</LA></DD><DT>5.</DT><DD Font="normal"><LA Size="normal">Wassermotorräder</LA><LA Size="normal">Wasserfahrzeuge mit weniger als vier Meter Länge, die einen Verbrennungsmotor mit Strahlpumpenantrieb als Hauptantriebsquelle verwenden und die dazu ausgelegt sind, von einer oder mehreren Personen gefahren zu werden, die nicht in, sondern auf dem Rumpf sitzen, stehen oder knien,</LA></DD><DT>6.</DT><DD Font="normal"><LA Size="normal">Vermietung</LA><LA Size="normal">die gegen Entgelt erfolgende Überlassung eines Sportbootes oder Wassermotorrades zum Gebrauch an laufend wechselnde Mieter ohne Gestellung eines Bootsführers oder einer Besatzung und ohne dass der Mieter das Sportboot gewerbsmäßig nutzt,</LA></DD><DT>7.</DT><DD Font="normal"><LA Size="normal">gewerbsmäßige Nutzung</LA><LA Size="normal">die öffentlich einem unbestimmten Personenkreis mit einer gewissen Regelmäßigkeit angebotene Beförderung von Personen oder Ladung gegen Entgelt oder die Erbringung von Dienstleistungen gegen Entgelt einschließlich der Sportausbildung, ohne Vermietung zu sein; eine Gewinnerzielungsabsicht ist nicht erforderlich,</LA></DD><DT>8.</DT><DD Font="normal"><LA Size="normal">Sportausbildung</LA><LA Size="normal">die Ausbildung zum Führen von Sportbooten auf Grundlage eines schriftlichen Lehrprogramms, insbesondere zum Erwerb des Sportbootführerschein nach der Sportbootführerscheinverordnung oder eines Befähigungsnachweises nach der Sportseeschifferscheinverordnung,</LA></DD><DT>9.</DT><DD Font="normal"><LA Size="normal">anerkannte Organisation</LA><LA Size="normal">eine nach der Richtlinie 2009/15/EG anerkannte Klassifikationsgesellschaft, mit der ein Auftragsverhältnis im Sinne des Artikels 5 Absatz 2 der Richtlinie 2009/15/EG begründet worden ist,</LA></DD></DL><DL Font="normal" Type="arabic"><DT>10.</DT><DD Font="normal"><LA Size="normal">Berufsgenossenschaft</LA><LA Size="normal">die Dienststelle Schiffssicherheit bei der Berufsgenossenschaft Verkehrswirtschaft Post-Logistik Telekommunikation.</LA></DD></DL></P><P>(2) Für die Begriffe „Küstengewässer“, „küstennahe Seegewässer” und „weltweite Fahrt” ist § 1 Absatz 2 der Sportseeschifferscheinverordnung in der Fassung der Bekanntmachung vom 3. März 1998 (BGBl. I S. 394), die zuletzt durch Artikel 4 der Verordnung vom 7. April 2010 (BGBl. I S. 399) geändert worden ist, in der jeweils geltenden Fassung anzuwenden.</P></Content></text><fussnoten/></textdaten></norm>
<norm builddate="20250403224015" doknr="BJNR345710002BJNG000300000"><metadaten><jurabk>SeeSpbootV</jurabk><gliederungseinheit><gliederungskennzahl>020</gliederungskennzahl><gliederungsbez>Abschnitt 2</gliederungsbez><gliederungstitel>Inbetriebnahme von Sportbooten oder
Wassermotorrädern</gliederungstitel></gliederungseinheit></metadaten><textdaten><text format="XML"><Content><P/></Content></text></textdaten></norm>
<norm builddate="20250403224015" doknr="BJNR345710002BJNE000403126"><metadaten><jurabk>SeeSpbootV</jurabk><enbez>§ 3</enbez><titel format="XML">CE-Kennzeichnung</titel></metadaten><textdaten><text format="XML"><Content><P>Soweit Sportboote, die nach dem 15. Juni 1998 erstmals auf den Markt der Europäischen Gemeinschaft oder der Europäischen Union oder eines anderen Vertragsstaates des Abkommens über den Europäischen Wirtschaftsraum gelangen, zugleich nach Maßgabe produktsicherheitsrechtlicher Vorschriften über Sportboote und Wassermotorräder kennzeichnungspflichtig sind, dürfen sie nur in Betrieb genommen werden, wenn sie mit der nach produktsicherheitsrechtlichen Vorschriften über Sportboote oder Wassermotorräder vorgeschriebenen CE-Kennzeichnung versehen sind.</P></Content></text><fussnoten/></textdaten></norm>
<norm builddate="20250403224015" doknr="BJNR345710002BJNE000503124"><metadaten><jurabk>SeeSpbootV</jurabk><enbez>§ 4</enbez><titel format="XML">Kennzeichnung von Wassermotorrädern im Inland</titel></metadaten><textdaten><text format="XML"><Content><P>(1) Wassermotorräder dürfen nur in Betrieb genommen werden, wenn sie mit einem gültigen amtlichen Kennzeichen nach § 4 Abs. 1 in Verbindung mit Anlage 1 der Verordnung über die Kennzeichnung von auf Binnenschifffahrtsstraßen verkehrenden Kleinfahrzeugen vom 21. Februar 1995 (BGBl. I S. 226), die zuletzt durch Artikel 30 des Gesetzes vom 8. November 2011 (BGBl. I S. 2178) geändert worden ist, in der jeweils geltenden Fassung versehen sind.</P><P>(2) Für die Zuteilung des amtlichen Kennzeichens durch das nach § 5 Abs. 5 zuständige Wasserstraßen- und Schifffahrtsamt gelten die Vorschriften der §§ 7 und 8 Abs. 1, 2 und 4 der Verordnung über die Kennzeichnung von auf Binnenschifffahrtsstraßen verkehrenden Kleinfahrzeugen entsprechend. Die Kennzeichnung mit einem amtlich anerkannten Kennzeichen im Sinne des § 5 der vorgenannten Verordnung ist nicht zulässig.</P><P>(3) Für die Verpflichtung zur Mitteilung von Änderungen gilt § 9 der Verordnung über die Kennzeichnung von auf Binnenschifffahrtsstraßen verkehrenden Kleinfahrzeugen entsprechend.</P><P>(4) Absatz 1 gilt nicht für Wassermotorräder, die durch Führen einer Flagge oder durch Aufschriften als Wasserrettungsfahrzeuge einer als gemeinnützig anerkannten Körperschaft gekennzeichnet sind.</P></Content></text><fussnoten/></textdaten></norm>
<norm builddate="20250403224015" doknr="BJNR345710002BJNG000400000"><metadaten><jurabk>SeeSpbootV</jurabk><gliederungseinheit><gliederungskennzahl>030</gliederungskennzahl><gliederungsbez>Abschnitt 3</gliederungsbez><gliederungstitel>Vermietung von Sportbooten oder
Wassermotorrädern im Inland</gliederungstitel></gliederungseinheit></metadaten><textdaten><text format="XML"><Content><P/></Content></text></textdaten></norm>
<norm builddate="20250403224015" doknr="BJNR345710002BJNE000602124"><metadaten><jurabk>SeeSpbootV</jurabk><enbez>§ 5</enbez><titel format="XML">Bootszeugnis</titel></metadaten><textdaten><text format="XML"><Content><P>(1) Das Bootszeugnis (Anlage 1) wird auf Antrag des Unternehmers erteilt. Es wird auf die Dauer von zwei Jahren, bei Werftneubauten auf die Dauer von drei Jahren, befristet; eine anschließende Verlängerung um jeweils zwei Jahre ist nach vorheriger Untersuchung möglich.</P><P>(2) Das Bootszeugnis kann unter Bedingungen erteilt und mit Auflagen verbunden werden.</P><P>(3) Das Bootszeugnis kann durch ein gültiges Sicherheitszeugnis nach § 14 ersetzt werden.</P><P>(4) Die Erteilung des Bootszeugnisses ist zu widerrufen, wenn <DL Font="normal" Type="arabic"><DT>1.</DT><DD Font="normal"><LA Size="normal">das Wasserfahrzeug seine Eigenschaft als Sportboot im Sinne dieser Verordnung verliert oder wesentliche Ausrüstungsgegenstände funktionsuntüchtig oder nicht mehr vorhanden sind oder</LA></DD><DT>2.</DT><DD Font="normal"><LA Size="normal">das Sportboot mit Gestellung eines Bootsführers oder einer Besatzung oder zum Zweck der gewerbsmäßigen Nutzung vermietet wird und nicht über ein gültiges Sicherheitszeugnis nach § 14 verfügt.</LA></DD></DL>Die §§ 48, 49 des Verwaltungsverfahrensgesetzes bleiben unberührt. Ein wegen Rücknahme oder Widerruf ungültig gewordenes Bootszeugnis ist von der Zulassungsbehörde einzuziehen.</P><P>(5) Zulassungsbehörde ist das Wasserstraßen- und Schifffahrtsamt, in dessen Bezirk das Sportboot oder Wassermotorrad seinen ständigen Liegeplatz hat oder in dem sich die Betriebsstätte des Unternehmers befindet.</P><P>(6) Für Sportboote oder Wassermotorräder, die nicht vermietet werden, kann auf Antrag ein Bootszeugnis erteilt werden.</P></Content></text><fussnoten/></textdaten></norm>
<norm builddate="20250403224015" doknr="BJNR345710002BJNE000701126"><metadaten><jurabk>SeeSpbootV</jurabk><enbez>§ 6</enbez><titel format="XML">Zulassungsverfahren</titel></metadaten><textdaten><text format="XML"><Content><P>(1) Die Erteilung eines Bootszeugnisses setzt eine Untersuchung des Sportbootes oder Wassermotorrades durch die Zulassungsbehörde voraus. Die Untersuchung erfolgt vor der erstmaligen Vermietung sowie vor jeder Verlängerung der Gültigkeitsdauer des Bootszeugnisses. Der Untersuchungsumfang ist in Anlage 2 festgelegt. Das Sportboot oder Wassermotorrad ist möglichst vor Beginn der Saison der Zulassungsbehörde vorzuführen. Auf Verlangen der Zulassungsbehörde ist das Sportboot oder Wassermotorrad zur Untersuchung auf dem Trockenen vorzuführen.</P><P>(2) Der Eigentümer des Sportbootes oder Wassermotorrades kann auch einen Besichtiger der Berufsgenossenschaft oder eine anerkannte Organisation gemäß Anlage 2 Abschnitt B Nr. 3 der Schiffssicherheitsverordnung mit der Untersuchung nach Absatz 1 beauftragen. Der Untersuchungsumfang muss den Anforderungen der Zulassungsbehörde nach Maßgabe des Abnahmeprotokolls in Anlage 3 entsprechen.</P><P>(3) Dem Antrag auf Erteilung oder Verlängerung des Bootszeugnisses ist im Falle des Absatzes 2 die Untersuchungsbescheinigung des Besichtigers der Berufsgenossenschaft oder der anerkannten Organisation beizufügen. Für die Erteilung des Bootszeugnisses durch die Zulassungsbehörde gilt der Nachweis, dass die hierfür festgelegten Untersuchungsanforderungen erfüllt sind, als erbracht, wenn die Berufsgenossenschaft oder die anerkannte Organisation die Untersuchung nach Maßgabe dieser Verordnung durchgeführt hat und der Zulassungsbehörde bestätigt, dass die Anforderungen erfüllt werden. Hat die Zulassungsbehörde triftige Gründe für die Annahme, dass die Untersuchungen nicht entsprechend dieser Verordnung oder dem Auftragsverhältnis im Sinne des Absatzes 2 durchgeführt werden, so kann sie für die Erteilung des Bootszeugnisses weitere Nachweise der entsprechenden Untersuchungsanforderungen verlangen oder eigene Untersuchungen durchführen.</P><P>(4) Der Antrag auf Erteilung des Bootszeugnisses muss enthalten: <DL Font="normal" Type="arabic"><DT>1.</DT><DD Font="normal"><LA Size="normal">Name, Wohnsitz oder Sitz und - soweit vorhanden - Betriebsstätte des Antragstellers, bei natürlichen Personen auch Geburtstag und Geburtsort,</LA></DD><DT>2.</DT><DD Font="normal"><LA Size="normal">Angaben darüber, ob der Antragsteller bereits ein Bootszeugnis oder ein Sicherheitszeugnis der Berufsgenossenschaft für das Sportboot oder Wassermotorrad besitzt, besessen oder beantragt hat,</LA></DD><DT>3.</DT><DD Font="normal"><LA Size="normal">Angaben über die Art des Sportbootes oder Wassermotorrades und die Personenzahl, die höchstens befördert werden soll,</LA></DD><DT>4.</DT><DD Font="normal"><LA Size="normal">Angaben darüber, in welchem Fahrtgebiet das Sportboot oder Wassermotorrad benutzt werden soll.</LA></DD></DL></P><P>(5) Die Zulassungsbehörde darf das Bootszeugnis nur für ein verkehrssicheres und mit den erforderlichen Kennzeichnungen versehenes Sportboot oder Wassermotorrad erteilen. Produkte aus anderen Mitgliedstaaten der Europäischen Union oder aus Vertragsstaaten des Abkommens über den Europäischen Wirtschaftsraum, die entgegen den Anforderungen der Anlage 1 für Ausrüstungsgegenstände der Mindestausrüstung nicht baumustergeprüft sind, werden einschließlich der im Herstellerland durchgeführten Prüfungen, Zulassungen und Überwachungen als gleichwertig behandelt, wenn mit ihnen das bezüglich der Sicherheit, der Gesundheit und der Gebrauchstauglichkeit geforderte Schutzniveau gleichermaßen dauerhaft erreicht wird. Das gilt auch für Prüfungen, Zulassungen und Überwachungen in anderen Mitgliedstaaten der Europäischen Union sowie in EFTA-Staaten, die Vertragsstaaten des Abkommens über den Europäischen Wirtschaftsraum sind, in die das Sportboot oder Wassermotorrad nach seiner Herstellung verbracht wurde.</P><P>(6) Der Antrag auf Verlängerung des Bootszeugnisses braucht, soweit sich die nach Absatz 4 geforderten Angaben nicht geändert haben, nur eine entsprechende Versicherung zu enthalten.</P><P>(7) Die Zulassungsbehörde kann im Einzelfall Unterlagen zum Nachweis der Angaben nach den Absätzen 4 und 6 verlangen.</P></Content></text><fussnoten/></textdaten></norm>
<norm builddate="20250403224015" doknr="BJNR345710002BJNE000800000"><metadaten><jurabk>SeeSpbootV</jurabk><enbez>§ 7</enbez><titel format="parat">Vermietung</titel></metadaten><textdaten><text format="XML"><Content><P>Ein Sportboot oder Wassermotorrad darf nur vermietet werden, wenn es <DL Font="normal" Type="arabic"><DT>1.</DT><DD Font="normal"><LA Size="normal">die vorgeschriebenen Kennzeichnungen und Kennzeichen besitzt,</LA></DD> <DT>2.</DT><DD Font="normal"><LA Size="normal">ein von der Zulassungsbehörde für dieses Sportboot oder Wassermotorrad ausgestelltes Bootszeugnis nach dem Muster der Anlage 1 besitzt,</LA></DD> <DT>3.</DT><DD Font="normal"><LA Size="normal">die in dem Bootszeugnis nach Nummer 2 festgelegten Bedingungen und Auflagen erfüllt und</LA></DD> <DT>4.</DT><DD Font="normal"><LA Size="normal">die in dem Bootszeugnis nach Nummer 2 vorgeschriebene Ausrüstung an Bord hat.</LA></DD> </DL></P></Content></text></textdaten></norm>
<norm builddate="20250403224015" doknr="BJNR345710002BJNE000901308"><metadaten><jurabk>SeeSpbootV</jurabk><enbez>§ 8</enbez><titel format="XML">Amtliche Kennzeichen</titel></metadaten><textdaten><text format="XML"><Content><P>(1) Der Unternehmer muss bei vermieteten Sportbooten vor Inbetriebnahme auf der Innenseite deutlich sicht- und lesbar Name und Wohnsitz oder Sitz des Unternehmers und die von der Zulassungsbehörde festgesetzte höchstzulässige Anzahl der zu befördernden Personen anbringen. Er muss bis zu diesem Zeitpunkt in mindestens zehn Zentimeter hohen lateinischen Buchstaben und arabischen Ziffern dauerhaft in heller Farbe auf dunklem Grund oder dunkler Farbe auf hellem Grund an den beiden Bug- oder Heckseiten oder am Spiegelheck der Sportboote die Buchstaben des Unterscheidungszeichens für den Verwaltungsbezirk des Ortes der Zulassungsbehörde und eine von der Zulassungsbehörde bestimmte Nummer anbringen. Die Sätze 1 und 2 gelten nicht für vermietete Sportboote, die aufgrund anderer schifffahrtspolizeilicher Vorschriften des Bundes oder der Länder gekennzeichnet sind. Für die Bezeichnung der vermieteten Sportboote mit ihrem Namen und dem Namen des Heimathafens gelten die Vorschriften des Flaggenrechtsgesetzes in der Fassung der Bekanntmachung vom 26. Oktober 1994 (BGBl. I S. 3140), zuletzt geändert durch Artikel 25 des Gesetzes vom 15. Dezember 2001 (BGBl. I S. 3762), und der Flaggenrechtsverordnung vom 4. Juli 1990 (BGBl. I S. 1389), zuletzt geändert durch Artikel 442 der Verordnung vom 29. Oktober 2001 (BGBl. I S. 2785), in der jeweils geltenden Fassung.</P><P>(2) An vermieteten Wassermotorrädern muss der Unternehmer vor Inbetriebnahme deutlich sicht- und lesbar Name und Wohnsitz oder Sitz des Unternehmers dauerhaft anbringen.</P></Content></text><fussnoten/></textdaten></norm>
<norm builddate="20250403224015" doknr="BJNR345710002BJNE001001126"><metadaten><jurabk>SeeSpbootV</jurabk><enbez>§ 9</enbez><titel format="XML">Unterhaltung</titel></metadaten><textdaten><text format="XML"><Content><P>(1) Der Unternehmer hat das Sportboot oder Wassermotorrad und seine Ausrüstung stets in verkehrssicherem Zustand zu erhalten. Ein Sportboot oder Wassermotorrad, das sich nicht mehr in verkehrssicherem Zustand befindet oder dessen Ausrüstung nicht vollständig oder unbrauchbar ist, darf nicht vermietet werden.</P><P>(2) Nach jedem Umbau, Unfall oder einer sonstigen Veränderung, die die Verkehrssicherheit des Sportbootes oder Wassermotorrades beeinträchtigen kann, muss der Unternehmer es erneut der Zulassungsbehörde zur Untersuchung vorführen. Das Sportboot oder Wassermotorrad darf erst wieder vermietet werden, wenn seine Verkehrssicherheit erneut bescheinigt worden ist. Eine erneute Vorführung ist bei Unfallschäden nicht erforderlich, wenn sie umgehend durch einen Fachbetrieb beseitigt wurden und der Fachbetrieb die Verkehrssicherheit des Sportbootes oder Wassermotorrades bescheinigt hat.</P><P>(3) Die Untersuchung nach Absatz 2 Satz 1 kann durch einen Besichtiger der Berufsgenossenschaft oder einer anerkannten Organisation im Sinne des § 6 Abs. 2 durchgeführt werden. Dem Antrag auf Bescheinigung der Verkehrssicherheit ist in diesem Fall die Untersuchungsbescheinigung der Berufsgenossenschaft oder der anerkannten Organisation beizufügen. § 6 Abs. 3 Satz 2 und 3 ist entsprechend anzuwenden.</P></Content></text><fussnoten/></textdaten></norm>
<norm builddate="20250403224015" doknr="BJNR345710002BJNE001100000"><metadaten><jurabk>SeeSpbootV</jurabk><enbez>§ 10</enbez><titel format="parat">Besichtigung der Betriebsstätte und der Sportboote oder Wassermotorräder</titel></metadaten><textdaten><text format="XML"><Content><P>(1) Der Unternehmer hat die Betriebsstätte, an der er Sportboote oder Wassermotorräder zur Vermietung anbieten will, so rechtzeitig vor der Inbetriebnahme oder der Wiederaufnahme des Betriebes vor Beginn der Saison der Zulassungsbehörde anzuzeigen, dass eine Besichtigung vor der Eröffnung oder der Wiederaufnahme des Betriebes möglich ist. Die Beauftragten der Zulassungsbehörde sind berechtigt, die Betriebsstätte des Unternehmers während der üblichen Geschäfts- und Betriebszeit zur Vornahme von Prüfungen zu betreten. Der Unternehmer oder sein bevollmächtigter Vertreter hat den Beauftragten der Zulassungsbehörde auf Verlangen das Betreten der Betriebsstätte und die Besichtigung der Sportboote oder Wassermotorräder zu gestatten, die benötigten Arbeitskräfte und Hilfsmittel bereitzustellen sowie Auskünfte zu erteilen und Unterlagen vorzulegen.</P><P>(2) Wer als Unternehmer ohne Betriebsstätte ein großes Sportboot vermietet, hat der Zulassungsbehörde vor Aufnahme des Betriebes seine Anschrift und den Liegeplatz des Sportbootes mit der Angabe des Hafens, der Brücke und der Nummer des Liegeplatzes anzuzeigen.</P></Content> </text></textdaten></norm>
<norm builddate="20250403224015" doknr="BJNR345710002BJNE001203118"><metadaten><jurabk>SeeSpbootV</jurabk><enbez>§ 11</enbez><titel format="XML">Pflichten des Unternehmers</titel></metadaten><textdaten><text format="XML"><Content><P>(1) Der Unternehmer darf ein Sportboot oder Wassermotorrad nicht übergeben an <DL Font="normal" Type="arabic"><DT>1.</DT><DD Font="normal"><LA Size="normal">Personen, die die notwendigen Kenntnisse und Fähigkeiten zur Bedienung und Führung des Sportbootes oder Wassermotorrades offensichtlich nicht besitzen,</LA></DD><DT>2.</DT><DD Font="normal"><LA Size="normal">Personen, die infolge körperlicher oder geistiger Mängel oder des Genusses alkoholischer Getränke oder anderer berauschender Mittel offensichtlich in der sicheren Führung des Sportbootes oder Wassermotorrades behindert sind,</LA></DD><DT>3.</DT><DD Font="normal"><LA Size="normal">Kinder unter zwölf Jahren.</LA></DD></DL>An Jugendliche unter 16 Jahren darf ein großes Sportboot nicht übergeben werden.</P><P>(2) Absatz 1 Nr. 3 ist nicht anzuwenden, wenn die Übergabe eines Sportbootes zu Ausbildungszwecken erforderlich ist und der Gebrauch des Sportbootes unter der Aufsicht einer Person erfolgt, die mindestens 18 Jahre alt und Schwimmer ist.</P><P>(3) Ein Sportboot, das mit einem Motorantrieb ausgerüstet ist, oder ein Wassermotorrad darf der Unternehmer nur an Personen übergeben, die nach der Sportbootführerscheinverordnung vom 3. Mai 2017 (BGBl. I S. 1016) in der jeweils geltenden Fassung zum Führen eines Sportbootes oder Wassermotorrads berechtigt sind.</P><P>(4) Kleine Sportboote dürfen nicht bei Nacht, unsichtigem Wetter, Sturm oder aufziehendem Gewitter zur umgehenden Benutzung übergeben werden.</P><P>(5) Der Unternehmer hat dafür zu sorgen, dass <DL Font="normal" Type="arabic"><DT>1.</DT><DD Font="normal"><LA Size="normal">ein Abdruck dieser Verordnung, des Bootszeugnisses und etwaiger Anordnungen gemäß § 13 an der Betriebsstätte deutlich sichtbar und gegen Witterungseinflüsse geschützt ausgehängt und die Benutzer vor Fahrtantritt auf den Aushang hingewiesen werden,</LA></DD><DT>2.</DT><DD Font="normal"><LA Size="normal">bei großen Sportbooten je ein Abdruck der in Nummer 1 bezeichneten Unterlagen sich an Bord befindet und die Benutzer vor Fahrtantritt darauf hingewiesen werden,</LA></DD><DT>3.</DT><DD Font="normal"><LA Size="normal">die höchstzulässige Personenzahl nicht überschritten wird,</LA></DD><DT>4.</DT><DD Font="normal"><LA Size="normal">die nach dem Bootszeugnis vorgeschriebene Ausrüstung an Bord und in einem gebrauchsfähigen Zustand ist,</LA></DD><DT>5.</DT><DD Font="normal"><LA Size="normal">ein Kind unter zwölf Jahren in einem Sportboot oder Wassermotorrad nur mitgenommen wird, wenn ein Benutzer mindestens 18 Jahre alt und Schwimmer ist,</LA></DD><DT>6.</DT><DD Font="normal"><LA Size="normal">bei kleinen Sportbooten das Ein- und Aussteigen an der Betriebsstätte überwacht und die Benutzer vor Fahrtantritt auf örtliche Besonderheiten (z. B. Tidezeiten, Strömungen) hingewiesen werden.</LA></DD></DL>Der Unternehmer ist berechtigt, zur Feststellung des Alters des Benutzers die Vorlage des Personalausweises und zur Feststellung der Schwimmkunde eine schriftliche Erklärung zu verlangen.</P><P>(6) Der Unternehmer hat an der Betriebsstätte ein zur Rettung geeignetes fahrbereites motorisiertes Boot und einen Rettungsring mit einer Tragfähigkeit von mindestens 14,5 Kilogramm bereitzuhalten. Dies gilt nicht im Falle des § 10 Abs. 2.</P></Content></text><fussnoten/></textdaten></norm>
<norm builddate="20250403224015" doknr="BJNR345710002BJNE001300000"><metadaten><jurabk>SeeSpbootV</jurabk><enbez>§ 12</enbez><titel format="parat">Pflichten der Mieter und Bootsführer</titel></metadaten><textdaten><text format="XML"><Content><P>(1) Ein Mieter darf ein Sportboot oder Wassermotorrad nicht Personen zum selbstständigen Gebrauch überlassen, an die eine Übergabe nach § 11 Abs. 1 ausgeschlossen ist. § 11 Abs. 2 findet entsprechende Anwendung.</P><P>(2) Mieter und Bootsführer haben dafür zu sorgen, dass <DL Font="normal" Type="arabic"><DT>1.</DT><DD Font="normal"><LA Size="normal">die höchstzulässige Personenzahl nicht überschritten wird,</LA></DD> <DT>2.</DT><DD Font="normal"><LA Size="normal">die in dem Bootszeugnis angegebenen Fahrtgrenzen nicht überschritten und die erteilten Auflagen eingehalten werden,</LA></DD> <DT>3.</DT><DD Font="normal"><LA Size="normal">die vorgeschriebene Ausrüstung an Bord ist,</LA></DD> <DT>4.</DT><DD Font="normal"><LA Size="normal">ein Kind unter zwölf Jahren in einem Sportboot oder auf einem Wassermotorrad nur mitgenommen wird, wenn ein Benutzer mindestens 18 Jahre alt und Schwimmer ist.</LA></DD> </DL> </P><P>(3) Mieter und Bootsführer kleiner Sportboote haben dafür zu sorgen, dass bei einsetzendem Nebel, Sturm oder aufziehendem Gewitter das Sportboot sofort zur Betriebsstätte zurückkehrt oder, soweit dies nicht möglich ist, an einer geschützten Stelle des Ufers anlegt.</P></Content> </text></textdaten></norm>
<norm builddate="20250403224015" doknr="BJNR345710002BJNE001401305"><metadaten><jurabk>SeeSpbootV</jurabk><enbez>§ 13</enbez><titel format="XML">Beschränkungen und Ausnahmen</titel></metadaten><textdaten><text format="XML"><Content><P>Wenn die örtlichen Verhältnisse der Gewässer oder die Sicherheit und Leichtigkeit der Schifffahrt es erfordern oder gestatten, kann die Zulassungsbehörde im Einzelfall, die Generaldirektion Wasserstraßen und Schifffahrt auch durch allgemeine Anordnungen, für Unternehmer, Mieter und Bootsführer Verbote und Gebote erlassen oder Ausnahmen zulassen.</P></Content></text><fussnoten/></textdaten></norm>
<norm builddate="20250403224015" doknr="BJNR345710002BJNG000501119"><metadaten><jurabk>SeeSpbootV</jurabk><gliederungseinheit><gliederungskennzahl>040</gliederungskennzahl><gliederungsbez>Abschnitt 4</gliederungsbez><gliederungstitel>Gewerbsmäßige Folgenutzung im Inland</gliederungstitel></gliederungseinheit></metadaten><textdaten><text format="XML"><Content><P/></Content></text></textdaten></norm>
<norm builddate="20250403224015" doknr="BJNR345710002BJNE001503119"><metadaten><jurabk>SeeSpbootV</jurabk><enbez>§ 14</enbez><titel format="XML">Sicherheitszeugnis</titel></metadaten><textdaten><text format="XML"><Content><P>(1) Ein Wasserfahrzeug, das zu Sport- und Freizeitzwecken gebaut oder gewidmet wurde, unterliegt den Bestimmungen der Schiffssicherheitsverordnung vom 18. September 1998 (BGBl. I S. 3013, 3023) in der jeweilig geltenden Fassung, sobald es gewerbsmäßig genutzt wird.</P><P>(2) Abweichend von Absatz 1 gilt für Wasserfahrzeuge im Sinne des § 14 Absatz 1 im Fall der Überlassung einer Koje oder Kabine gegen Entgelt zu Sport und Freizeitzwecken (Kojencharterboote) und für Wasserfahrzeuge, die mit Gestellung eines Bootsführers oder einer Besatzung gegen Entgelt zu Sport- und Freizeitzwecken überlassen oder die in der Sportausbildung eingesetzt werden, Regel 10.3 in Kapitel 3 des Teil 6 der Anlage 1a der Schiffssicherheitsverordnung nicht.</P></Content></text><fussnoten/></textdaten></norm>
<norm builddate="20250403224015" doknr="BJNR345710002BJNE001606119"><metadaten><jurabk>SeeSpbootV</jurabk><enbez>§ 15</enbez><titel format="XML">Fahrerlaubnis</titel></metadaten><textdaten><text format="XML"><Content><P>(1) Wer ein Wasserfahrzeug im Sinne des § 14 Absatz 2 führt, bedarf einer Fahrerlaubnis sowie eines für die Funkstelle ausreichenden gültigen Funkzeugnisses. Wird das Wasserfahrzeug in den Küstengewässern und Binnenwasserstraßen, die zugleich Seeschifffahrtsstraßen sind, eingesetzt, ist die Fahrerlaubnis durch Vorlage des Sportküstenschifferscheins im Sinne des § 1 Absatz 1 Satz 1 Nummer 1 der Sportseeschifferscheinverordnung nachzuweisen. Wird das Wasserfahrzeug in den küstennahen Seegewässern eingesetzt, ist die Fahrerlaubnis durch den Sportseeschifferschein im Sinne des § 1 Absatz 1 Satz 1 Nummer 2 der Sportseeschifferscheinverordnung nachzuweisen, bei Einsatz des Wasserfahrzeugs in der weltweiten Fahrt durch den Sporthochseeschifferschein im Sinne des § 1 Absatz 1 Satz 1 Nummer 3 der Sportseeschifferscheinverordnung. Der Nachweis des für die Funkstelle ausreichenden gültigen Funkzeugnisses bestimmt sich nach § 1 Absatz 7 der Sportseeschifferscheinverordnung.</P><P>(2) Im Einzelfall kann die Generaldirektion Wasserstraßen und Schifffahrt abweichend von Absatz 1 Satz 2 auf Antrag des Bootsführers einen Sportbootführerschein für den Geltungsbereich Seeschifffahrtsstraßen im Sinne der Sportbootführerscheinverordnung vom 3. Mai 2017 (BGBl. I S. 1016), in der jeweils geltenden Fassung als ausreichenden Nachweis der Fahrerlaubnis bei Einsatz des Sportbootes bis zu 300 Meter Abstand vom Ufer anerkennen, wenn die örtlichen Verhältnisse der Gewässer, das zu führende Wasserfahrzeug und die Sicherheit und Leichtigkeit der Schifffahrt dies gestatten. Hierüber ist eine entsprechende Bescheinigung auszustellen. Der Bootsführer hat die Bescheinigung beim Führen des Wasserfahrzeugs mitzuführen und den zur Kontrolle befugten Personen auf Verlangen zur Prüfung auszuhändigen.</P><P>(3) Der Bootsführer eines Wasserfahrzeugs im Sinne des § 14 Absatz 2 muss dafür sorgen, dass dieses entsprechend seiner Antriebsart mindestens die sich aus der Anlage 4 ergebende Besetzung mit Inhabern von Fahrerlaubnissen nach Absatz 1 hat.</P><P>(4) Die Absätze 1 bis 3 gelten entsprechend für Wasserfahrzeuge mit einem Sicherheitszeugnis, das vor dem 30. November 2024 nach § 14 der See-Sportbootverordnung ausgestellt worden ist, auch wenn das Sicherheitszeugnis nach dem 30. November 2024 erneuert wird.</P></Content></text><fussnoten/></textdaten></norm>
<norm builddate="20250403224015" doknr="BJNR345710002BJNG000600000"><metadaten><jurabk>SeeSpbootV</jurabk><gliederungseinheit><gliederungskennzahl>050</gliederungskennzahl><gliederungsbez>Abschnitt 5</gliederungsbez><gliederungstitel>Schlussvorschriften für Sportboote und
Wassermotorräder im Inland</gliederungstitel></gliederungseinheit></metadaten><textdaten><text format="XML"><Content><P/></Content></text></textdaten></norm>
<norm builddate="20250403224015" doknr="BJNR345710002BJNE001704119"><metadaten><jurabk>SeeSpbootV</jurabk><enbez>§ 16</enbez><titel format="XML">Ordnungswidrigkeiten</titel></metadaten><textdaten><text format="XML"><Content><P>(1) Ordnungswidrig im Sinne des § 15 Abs. 1 Nr. 2 des Seeaufgabengesetzes handelt, wer vorsätzlich oder fahrlässig <DL Font="normal" Type="arabic"><DT>1.</DT><DD Font="normal"><LA Size="normal">als Bootsführer oder Unternehmer entgegen § 3 oder § 4 ein Sportboot oder ein Wassermotorrad in Betrieb nimmt,</LA></DD><DT>2.</DT><DD Font="normal"><LA Size="normal">als Unternehmer<DL Font="normal" Type="arabic"><DT>a)</DT><DD Font="normal"><LA Size="normal">einer vollziehbaren Auflage nach § 5 Abs. 2 zuwiderhandelt,</LA></DD><DT>b)</DT><DD Font="normal"><LA Size="normal">entgegen § 7 Nr. 2 ein Sportboot oder Wassermotorrad vermietet,</LA></DD><DT>c)</DT><DD Font="normal"><LA Size="normal">entgegen § 8 Abs. 1 Satz 1 oder 2 oder Abs. 2 eine Angabe nicht, nicht richtig, nicht vollständig oder nicht rechtzeitig anbringt,</LA></DD><DT>d)</DT><DD Font="normal"><LA Size="normal">entgegen § 9 Abs. 1 Satz 2 oder Abs. 2 Satz 2 ein Sportboot oder Wassermotorrad vermietet,</LA></DD><DT>e)</DT><DD Font="normal"><LA Size="normal">entgegen § 10 Abs. 1 Satz 1 oder Abs. 2 eine Anzeige nicht, nicht richtig, nicht vollständig oder nicht rechtzeitig erstattet,</LA></DD><DT>f)</DT><DD Font="normal"><LA Size="normal">entgegen § 10 Abs. 1 Satz 3 das Betreten der Betriebsstätte oder die Besichtigung eines Sportbootes oder Wassermotorrades nicht gestattet, Arbeitskräfte oder Hilfsmittel nicht oder nicht rechtzeitig bereitstellt, eine Auskunft nicht, nicht richtig, nicht vollständig oder nicht rechtzeitig erteilt oder eine Unterlage nicht, nicht richtig, nicht vollständig oder nicht rechtzeitig vorlegt,</LA></DD><DT>g)</DT><DD Font="normal"><LA Size="normal">entgegen § 11 Abs. 1, 3 oder 4 ein Sportboot oder Wassermotorrad übergibt,</LA></DD><DT>h)</DT><DD Font="normal"><LA Size="normal">entgegen § 11 Abs. 5 Satz 1 Nr. 1 nicht dafür sorgt, dass ein Abdruck der Verordnung, des Bootszeugnisses oder einer Anordnung nach § 13 an der Betriebsstätte aushängt und die Benutzer vor Fahrtantritt auf den Aushang hingewiesen werden,</LA></DD><DT>i)</DT><DD Font="normal"><LA Size="normal">entgegen § 11 Abs. 5 Satz 1 Nr. 2 nicht dafür sorgt, dass sich die vorgeschriebenen Unterlagen an Bord befinden und die Benutzer vor Fahrtantritt darauf hingewiesen werden,</LA></DD><DT>j)</DT><DD Font="normal"><LA Size="normal">entgegen § 11 Abs. 5 Satz 1 Nr. 3 nicht dafür sorgt, dass die höchstzulässige Personenzahl nicht überschritten wird,</LA></DD><DT>k)</DT><DD Font="normal"><LA Size="normal">entgegen § 11 Abs. 5 Satz 1 Nr. 4 nicht dafür sorgt, dass die vorgeschriebene Ausrüstung an Bord und in einem gebrauchsfähigen Zustand ist,</LA></DD><DT>l)</DT><DD Font="normal"><LA Size="normal">entgegen § 11 Abs. 5 Satz 1 Nr. 5 nicht dafür sorgt, dass ein Kind unter zwölf Jahren nur mitgenommen wird, wenn ein Benutzer mindestens 18 Jahre alt und Schwimmer ist,</LA></DD><DT>m)</DT><DD Font="normal"><LA Size="normal">entgegen § 11 Abs. 5 Satz 1 Nr. 6 nicht dafür sorgt, dass das Ein- und Aussteigen überwacht wird und die Benutzer vor Fahrtantritt auf örtliche Besonderheiten hingewiesen werden, oder</LA></DD><DT>n)</DT><DD Font="normal"><LA Size="normal">entgegen § 11 Abs. 6 Satz 1 ein Boot oder einen Rettungsring nicht bereithält,</LA></DD></DL></LA></DD><DT>3.</DT><DD Font="normal"><LA Size="normal">als Mieter entgegen § 12 Abs. 1 Satz 1 ein Sportboot oder Wassermotorrad überlässt,</LA></DD><DT>4.</DT><DD Font="normal"><LA Size="normal">als Mieter oder Bootsführer<DL Font="normal" Type="arabic"><DT>a)</DT><DD Font="normal"><LA Size="normal">entgegen § 12 Abs. 2 Nr. 1 nicht dafür sorgt, dass die höchstzulässige Personenzahl nicht überschritten wird,</LA></DD><DT>b)</DT><DD Font="normal"><LA Size="normal">entgegen § 12 Abs. 2 Nr. 2 nicht dafür sorgt, dass die Fahrtgrenzen nicht überschritten und die erteilten Auflagen eingehalten werden,</LA></DD><DT>c)</DT><DD Font="normal"><LA Size="normal">entgegen § 12 Abs. 2 Nr. 4 nicht dafür sorgt, dass ein Kind unter zwölf Jahren nur mitgenommen wird, wenn ein Benutzer mindestens 18 Jahre alt und Schwimmer ist,</LA></DD><DT>d)</DT><DD Font="normal"><LA Size="normal">entgegen § 12 Abs. 3 nicht dafür sorgt, dass das Sportboot sofort zur Betriebsstätte zurückkehrt oder an einer geschützten Stelle des Ufers anlegt,</LA></DD><DT>e)</DT><DD Font="normal"><LA Size="normal">entgegen § 14 Satz 1 ein Wasserfahrzeug ohne Sicherheitszeugnis gewerbsmäßig nutzt oder</LA></DD><DT>f)</DT><DD Font="normal"><LA Size="normal">ohne Fahrerlaubnis nach § 15 Abs. 1 Satz 1 ein Wasserfahrzeug führt,</LA></DD></DL></LA></DD><DT>5.</DT><DD Font="normal"><LA Size="normal">einer vollziehbaren Anordnung nach § 13 zuwiderhandelt,</LA></DD><DT>6.</DT><DD Font="normal"><LA Size="normal">entgegen § 15 Absatz 2 Satz 3 eine Bescheinigung nicht mitführt oder nicht oder nicht rechtzeitig aushändigt oder</LA></DD><DT>7.</DT><DD Font="normal"><LA Size="normal">entgegen § 15 Absatz 3 nicht dafür sorgt, dass ein Wasserfahrzeug die vorgeschriebene Besetzung hat.</LA></DD></DL></P><P>(2) Die Zuständigkeit für die Verfolgung und Ahndung von Ordnungswidrigkeiten nach Absatz 1 wird auf die Generaldirektion Wasserstraßen und Schifffahrt übertragen.</P></Content></text><fussnoten/></textdaten></norm>
<norm builddate="20250403224015" doknr="BJNR345710002BJNE001801308"><metadaten><jurabk>SeeSpbootV</jurabk><enbez>§ 17</enbez><titel format="parat">Überwachung</titel></metadaten><textdaten><text format="XML"><Content><P>Für die Überwachung der §§ 3 bis 15 dieser Verordnung sind die Schifffahrtspolizeibehörden zuständig. Die Überwachung der §§ 5 bis 13 obliegt auch der Zulassungsbehörde. Die Behörden bedienen sich hierbei der Wasserschutzpolizeien der Länder nach Maßgabe der Vereinbarungen zwischen dem Bund und den Ländern über die Ausübung schifffahrtspolizeilicher Vollzugsaufgaben (§ 20 Abs. 1 Nr. 5 des Seeaufgabengesetzes) sowie der Bundespolizei und der Zollverwaltung.</P></Content></text><fussnoten/></textdaten></norm>
<norm builddate="20250403224015" doknr="BJNR345710002BJNG000700000"><metadaten><jurabk>SeeSpbootV</jurabk><gliederungseinheit><gliederungskennzahl>060</gliederungskennzahl><gliederungsbez>Abschnitt 6</gliederungsbez><gliederungstitel>Sportboote unter deutscher Flagge im
Ausland</gliederungstitel></gliederungseinheit></metadaten><textdaten><text format="XML"><Content><P/></Content></text></textdaten></norm>
<norm builddate="20250403224015" doknr="BJNR345710002BJNE001902126"><metadaten><jurabk>SeeSpbootV</jurabk><enbez>§ 18</enbez><titel format="XML">Vermietung im Ausland</titel></metadaten><textdaten><text format="XML"><Content><P>(1) Für Sportboote unter deutscher Flagge, die im Ausland vermietet werden, sind § 5 Abs. 1 bis 3 sowie Abs. 4 Satz 1 Nr. 1 und Satz 2, §§ 7, 10 Abs. 1 Satz 1 und Abs. 2, §§ 11 und 12 anzuwenden. Liegen Anhaltspunkte dafür vor, dass die Voraussetzungen des § 5 Abs. 4 Satz 1 Nr. 1 gegeben sind, kann die Zulassungsbehörde einen Besichtiger der Berufsgenossenschaft oder einen ortsansässigen Besichtiger einer anerkannten Organisation beauftragen, eine Nachbesichtigung durchzuführen.</P><P>(2) Zulassungsbehörde ist das vom Bundesministerium für Verkehr und digitale Infrastruktur im Verkehrsblatt oder Bundesanzeiger bekanntgemachte Wasserstraßen- und Schifffahrtsamt.</P><P>(3) Für die Erteilung oder Verlängerung eines Bootszeugnisses sind die §§ 6 und 8 entsprechend anzuwenden. Bei Sportbooten mit ausländischem Liegeplatz kann die Untersuchung durch einen Besichtiger der Berufsgenossenschaft oder einen ortsansässigen Besichtiger einer anerkannten Organisation durchgeführt werden.</P><P>(4) Für die Unterhaltung des Sportbootes ist § 9 entsprechend anzuwenden. Die Untersuchung kann durch einen Besichtiger der Berufsgenossenschaft oder einen ortsansässigen Besichtiger einer anerkannten Organisation durchgeführt werden.</P><P>(5) Die Pflicht zum Besitz eines Bootszeugnisses besteht nicht, wenn der jeweilige Staat für Sportboote unter deutscher Flagge ein eigenes Sicherheitszeugnis vorschreibt.</P></Content></text><fussnoten/></textdaten></norm>
<norm builddate="20250403224015" doknr="BJNR345710002BJNE002001119"><metadaten><jurabk>SeeSpbootV</jurabk><enbez>§ 19</enbez><titel format="XML">Gewerbsmäßige Folgenutzung im Ausland</titel></metadaten><textdaten><text format="XML"><Content><P>(1) Für ein Wasserfahrzeug unter deutscher Flagge, das zu Sport- und Freizeitzwecken gebaut oder gewidmet wurde, gilt § 14 auch im Fall der gewerbsmäßigen Nutzung im Ausland.</P><P>(2) Deutsche mit Wohnsitz im Geltungsbereich des Grundgesetzes, die im Ausland ein dem § 14 Absatz 2 entsprechendes Wasserfahrzeug zum Zweck der gewerbsmäßigen Nutzung führen, bedürfen einer Fahrerlaubnis nach § 15 sowie eines Funkbetriebszeugnisses. Funkbetriebszeugnisse nach Satz 1 sind mindestens das UKW-Betriebszeugnis I im Sinne des § 2 Abs. 1 Nr. 3 Buchstabe d der Verordnung über Seefunkzeugnisse oder das Beschränkt Gültige Funkbetriebszeugnis (SRC) im Sinne des Abschnitts A Nr. 1 Buchstabe b Doppelbuchstabe bb der Anlage 3 zu § 13 Abs. 4a der Schiffssicherheitsverordnung.</P></Content></text></textdaten></norm>
<norm builddate="20250403224015" doknr="BJNR345710002BJNE002101305"><metadaten><jurabk>SeeSpbootV</jurabk><enbez>Anlage 1</enbez><titel format="XML">(zu § 5)</titel></metadaten><textdaten><text format="XML"><Content><P><ABWFORMAT typ="A"/><kommentar typ="Fundstelle">Fundstelle des Originaltextes: BGBl. I 2002, 3465 - 3466</kommentar><BR/><table frame="all" tocentry="%yes;"><tgroup align="left" char="" charoff="50" cols="4" colsep="1" rowsep="1"><colspec colname="col1" colnum="1" colwidth="8.62*"/><colspec colname="col2" colnum="2" colwidth="22.41*"/><colspec colname="col3" colnum="3" colwidth="34.48*"/><colspec colname="col4" colnum="4" colwidth="34.48*"/><tbody valign="top"><row rowsep="0"><entry VJ="1" align="center" nameend="col4" namest="col1">Bundesrepublik Deutschland<BR/>Wasserstraßen- und Schifffahrtsverwaltung des Bundes<BR/>... (nicht darstellbarer Bundesadler)<BR/>Bootszeugnis (See)<BR/>Nr. /</entry></row><row rowsep="0"><entry VJ="1" align="center" nameend="col4" namest="col1" valign="top">---------</entry></row><row rowsep="0"><entry VJ="1" nameend="col4" namest="col1" valign="top">nach () § 5 () § 18 () § 5 Abs. 6 der See-Sportbootverordnung vom 29. August 2002 (BGBl. I S. 3457) für das</entry></row><row rowsep="0"><entry VJ="1" colsep="0" morerows="1" nameend="col3" namest="col1" valign="top">() große Sportboot () kleine Sportboot () Wassermotorrad</entry><entry VJ="1">Bootsname:</entry></row><row rowsep="0"><entry VJ="1">Kennzeichen:</entry></row><row><entry VJ="1" nameend="col4" namest="col1"> </entry></row><row><entry VJ="1" colsep="0">1.</entry><entry VJ="1" colsep="0" nameend="col3" namest="col2">Name, Wohnort und Betriebsstätte des Unternehmers</entry><entry VJ="1">Liegeplatz (im Ausland auch<BR/>Heimathafen) des Sportbootes</entry></row><row><entry VJ="1" colsep="0">2.</entry><entry VJ="1" colsep="0">Art des Sportbootes</entry><entry VJ="1">Motor (Leistung in kW)</entry><entry VJ="1"><DL Font="normal" Type="arabic"><DT>3.</DT><DD Font="normal"><LA Size="normal">Baujahr CE-Kennzeichnung</LA></DD></DL></entry></row><row rowsep="0"><entry VJ="1" colsep="0">4.</entry><entry VJ="1">Länge über alles</entry><entry VJ="1"><DL Font="normal" Type="arabic"><DT>5.</DT><DD Font="normal"><LA Size="normal">Größte Breite</LA></DD></DL></entry><entry VJ="1"><DL Font="normal" Type="arabic"><DT>6.</DT><DD Font="normal"><LA Size="normal">Höchstzulässige Personenzahl</LA></DD></DL></entry></row><row><entry VJ="1" align="right" nameend="col2" namest="col1">m</entry><entry VJ="1" align="right">m</entry><entry VJ="1"> </entry></row><row><entry VJ="1" colsep="0">7.</entry><entry VJ="1" nameend="col4" namest="col2">Grenzen des Fahrtgebietes (Fahrtbereich)</entry></row><row><entry VJ="1" colsep="0" morerows="1">8.</entry><entry VJ="1" colsep="0" morerows="1">Ausrüstung</entry><entry VJ="1" nameend="col4" namest="col3" rowsep="0">- große Sportboote siehe umseitige Mindestausrüstung</entry></row><row><entry VJ="1" nameend="col4" namest="col3">- kleine Sportboote hier -</entry></row><row><entry VJ="1" colsep="0">9.</entry><entry VJ="1" nameend="col4" namest="col2">Bedingungen und Auflagen</entry></row><row rowsep="0"><entry VJ="1" nameend="col4" namest="col1">Das vorstehend beschriebene Sportboot/Wassermotorrad ist für fahrtüchtig befunden worden.</entry></row><row rowsep="0"><entry VJ="1" nameend="col4" namest="col1"> </entry></row><row rowsep="0"><entry VJ="1" nameend="col4" namest="col1">Hinweis: Das Bootszeugnis gilt nur für die Vermietung des Sportbootes. Als Vermietung im Sinne dieser Verordnung gilt die Überlassung eines Sportbootes an den Mieter ohne Gestellung eines Bootsführers oder einer Besatzung.</entry></row><row rowsep="0"><entry VJ="1" nameend="col4" namest="col1"> </entry></row><row rowsep="0"><entry VJ="1" nameend="col4" namest="col1">Das Bootszeugnis ist gültig bis zum ............. Wasserstraßen- und Schifffahrtsamt</entry></row><row rowsep="0"><entry VJ="1" nameend="col4" namest="col1"> </entry></row><row rowsep="0"><entry VJ="1" align="right" colsep="0" nameend="col2" namest="col1">(Dienstsiegel)</entry><entry VJ="1" colsep="0">............., ...........</entry><entry VJ="1" align="center">...............................................</entry></row><row rowsep="0"><entry VJ="1" colsep="0" nameend="col3" namest="col1"> </entry><entry VJ="1" align="center">(im Auftrag)</entry></row><row rowsep="0"><entry VJ="1" colsep="0" nameend="col3" namest="col1"> </entry><entry VJ="1" align="center">...............................................</entry></row><row rowsep="0"><entry VJ="1" colsep="0" nameend="col3" namest="col1"> </entry><entry VJ="1" align="center">(Unterschrift)</entry></row><row rowsep="0"><entry VJ="1" nameend="col4" namest="col1"> </entry></row><row><entry VJ="1" colsep="0" nameend="col2" namest="col1">zu 8.</entry><entry VJ="1" align="center" colsep="0">Mindestausrüstung</entry><entry VJ="1"> </entry></row><row><entry VJ="1">Lfd. Nr.</entry><entry VJ="1">Anzahl/vorh. *)</entry><entry VJ="1">Ausrüstungsgegenstand</entry><entry VJ="1">Bemerkungen/Hinweise</entry></row><row><entry VJ="1">1</entry><entry VJ="1"> </entry><entry VJ="1">Positionslaternen +++)</entry><entry VJ="1">gem. KVR/SeeSchStrO</entry></row><row><entry VJ="1">2</entry><entry VJ="1"> </entry><entry VJ="1">Ankerlaterne +++), Ankerball, Kegel, Nebelhorn</entry><entry VJ="1">gem. KVR</entry></row><row><entry VJ="1">3</entry><entry VJ="1"> </entry><entry VJ="1">Feuerlöscher ++) a 2 kg, Pulver</entry><entry VJ="1"> </entry></row><row><entry VJ="1">4</entry><entry VJ="1"> </entry><entry VJ="1">Log</entry><entry VJ="1"> </entry></row><row><entry VJ="1">5</entry><entry VJ="1"> </entry><entry VJ="1">Kompass, Handpeilkompass</entry><entry VJ="1"> </entry></row><row><entry VJ="1">6</entry><entry VJ="1"> </entry><entry VJ="1">Radarreflektor, Fernglas, Handlampe mit Morsetaste</entry><entry VJ="1"> </entry></row><row><entry VJ="1">7</entry><entry VJ="1"> </entry><entry VJ="1">Rettungsringe, davon mindestens .. Ring(e) mit Leine und Licht</entry><entry VJ="1"> </entry></row><row><entry VJ="1">8</entry><entry VJ="1"> </entry><entry VJ="1">vollautom. Rettungswesten ++)/ Feststoffwesten DIN 7929/EN 396/399</entry><entry VJ="1"> </entry></row><row><entry VJ="1">9</entry><entry VJ="1"> </entry><entry VJ="1">Sicherheitsgurte DIN 7925 und Sicherheitsleinen DIN 7927</entry><entry VJ="1"> </entry></row><row><entry VJ="1">10</entry><entry VJ="1"> </entry><entry VJ="1">Rettungsfloß ++) (Größe entsprechend Personenzahl)</entry><entry VJ="1"> </entry></row><row><entry VJ="1">11</entry><entry VJ="1"> </entry><entry VJ="1">.. Fallschirmsignale, rot, .. .. Handfackeln, rot, schwimmfähige Rauchsignale, orange</entry><entry VJ="1"> </entry></row><row><entry VJ="1">12</entry><entry VJ="1"> </entry><entry VJ="1">Flagge &quot;N&quot; und &quot;C&quot;/Bundesflagge</entry><entry VJ="1"> </entry></row><row><entry VJ="1">13</entry><entry VJ="1"> </entry><entry VJ="1">Erste-Hilfe-Kasten</entry><entry VJ="1"> </entry></row><row><entry VJ="1">14</entry><entry VJ="1"> </entry><entry VJ="1">1. Anker .... kg mit ... m Kette und .... m Leine/2. Anker ... kg</entry><entry VJ="1"> </entry></row><row><entry VJ="1">15</entry><entry VJ="1"> </entry><entry VJ="1">Schlepptrosse .... m Länge, Bootshaken, Wurfleine 16 m Länge</entry><entry VJ="1"> </entry></row><row><entry VJ="1">16</entry><entry VJ="1"> </entry><entry VJ="1">Fender, Festmacher</entry><entry VJ="1"> </entry></row><row><entry VJ="1">17</entry><entry VJ="1"> </entry><entry VJ="1">Kochanlage (Petroleum/Spiritus/Gas ++))</entry><entry VJ="1">Prüfbesch. SeeBG/DVGW</entry></row><row><entry VJ="1">18</entry><entry VJ="1"> </entry><entry VJ="1">Handlot oder Echolot</entry><entry VJ="1"> </entry></row><row><entry VJ="1">19</entry><entry VJ="1"> </entry><entry VJ="1">Empfangsanlage (Radio) oder NAVTEX</entry><entry VJ="1"> </entry></row><row><entry VJ="1">20</entry><entry VJ="1"> </entry><entry VJ="1">Barometer</entry><entry VJ="1"> </entry></row><row><entry VJ="1">21</entry><entry VJ="1"> </entry><entry VJ="1">Logbuch oder Tagebuch</entry><entry VJ="1"> </entry></row><row><entry VJ="1">22</entry><entry VJ="1"> </entry><entry VJ="1">Seekarten, Seehandbuch, Leuchtfeuerverzeichnis gem. Fahrtgebiet</entry><entry VJ="1">bei Erfordernis</entry></row><row><entry VJ="1">23</entry><entry VJ="1"> </entry><entry VJ="1">Navigationshilfsmittel</entry><entry VJ="1"> </entry></row><row><entry VJ="1">24</entry><entry VJ="1"> </entry><entry VJ="1">Bug- und Heckkorb, Seereling</entry><entry VJ="1"> </entry></row><row><entry VJ="1">25</entry><entry VJ="1"> </entry><entry VJ="1">Außenbordtreppe</entry><entry VJ="1"> </entry></row><row><entry VJ="1">26</entry><entry VJ="1"> </entry><entry VJ="1">Toilette</entry><entry VJ="1"> </entry></row><row><entry VJ="1">27</entry><entry VJ="1"> </entry><entry VJ="1">Kojen</entry><entry VJ="1"> </entry></row><row><entry VJ="1">28</entry><entry VJ="1"> </entry><entry VJ="1">Wassertank .... l Inhalt/Kraftstofftank ..... l Inhalt</entry><entry VJ="1"> </entry></row><row><entry VJ="1">29</entry><entry VJ="1"> </entry><entry VJ="1">Absperrventile an Brennstofftanks</entry><entry VJ="1"> </entry></row><row><entry VJ="1">30</entry><entry VJ="1"> </entry><entry VJ="1">Fäkalientank/-aufbereitungsanlage</entry><entry VJ="1">&gt; 10 Personen erforderl.</entry></row><row><entry VJ="1">31</entry><entry VJ="1"> </entry><entry VJ="1">Treibanker</entry><entry VJ="1"> </entry></row><row><entry VJ="1">32</entry><entry VJ="1"> </entry><entry VJ="1">Ersatzteile</entry><entry VJ="1"> </entry></row><row><entry VJ="1">33</entry><entry VJ="1"> </entry><entry VJ="1">Leckdichtungsmaterial</entry><entry VJ="1"> </entry></row><row><entry VJ="1">34</entry><entry VJ="1"> </entry><entry VJ="1">Werkzeug</entry><entry VJ="1"> </entry></row><row><entry VJ="1">35</entry><entry VJ="1"> </entry><entry VJ="1">Feuerlöschanlage ++) im Motorraum</entry><entry VJ="1">bei Motoryachten</entry></row><row><entry VJ="1">36</entry><entry VJ="1"> </entry><entry VJ="1">Sturmfock/Trysegel</entry><entry VJ="1" morerows="3" valign="top">bei Segelyachten</entry></row><row><entry VJ="1">37</entry><entry VJ="1"> </entry><entry VJ="1">Reffeinrichtung</entry></row><row><entry VJ="1">38</entry><entry VJ="1"> </entry><entry VJ="1">Drahtschere/Bolzenschneider</entry></row><row><entry VJ="1">39</entry><entry VJ="1"> </entry><entry VJ="1">Kappbeil</entry></row><row rowsep="0"><entry VJ="1" nameend="col4" namest="col1"> </entry></row><row><entry VJ="1" nameend="col4" namest="col1">Zusätzlich für Sportboote mit einer Länge über alles von 12,00 Metern und mehr:</entry></row><row><entry VJ="1">40</entry><entry VJ="1"> </entry><entry VJ="1">Fahrtstörungslaternen +++), Bälle</entry><entry VJ="1">gem. KVR</entry></row><row><entry VJ="1">41</entry><entry VJ="1"> </entry><entry VJ="1">Schallsignalanlage +++)</entry><entry VJ="1">gem. KVR</entry></row><row><entry VJ="1">42</entry><entry VJ="1"> </entry><entry VJ="1">Glocke, Durchmesser 200 mm +++)</entry><entry VJ="1">gem. KVR</entry></row><row><entry VJ="1">43</entry><entry VJ="1"> </entry><entry VJ="1">UKW-Sprechfunkanlage/GMDSS</entry><entry VJ="1">zugelassen</entry></row><row><entry VJ="1">44</entry><entry VJ="1"> </entry><entry VJ="1">Navigationsanlage (Funkpeiler, GPS etc.)</entry><entry VJ="1"> </entry></row><row><entry VJ="1">45</entry><entry VJ="1"> </entry><entry VJ="1">Feuerlöscher ++) a 2 kg</entry><entry VJ="1"> </entry></row><row rowsep="0"><entry VJ="1" nameend="col4" namest="col1"> </entry></row><row><entry VJ="1" nameend="col4" namest="col1">Sonstige Ausrüstung/Hinweise</entry></row><row><entry VJ="1" nameend="col3" namest="col1"> </entry><entry VJ="1"> </entry></row><row><entry VJ="1" nameend="col3" namest="col1"> </entry><entry VJ="1"> </entry></row><row><entry VJ="1" nameend="col3" namest="col1"> </entry><entry VJ="1"> </entry></row><row><entry VJ="1" nameend="col4" namest="col1"><DL Font="normal" Type="arabic"><DT>*)</DT><DD Font="normal"><LA Size="normal">erforderlich, wenn ausgefüllt</LA></DD><DT>++)</DT><DD Font="normal"><LA Size="normal">Prüfungsnachweis</LA></DD><DT>+++)</DT><DD Font="normal"><LA Size="normal">baumustergeprüft</LA></DD></DL></entry></row></tbody></tgroup></table></P></Content></text><fussnoten/></textdaten></norm>
<norm builddate="20250403224015" doknr="BJNR345710002BJNE002200000"><metadaten><jurabk>SeeSpbootV</jurabk><enbez>Anlage 2</enbez><titel format="XML">(zu § 6 Abs. 1)
<BR/>
Untersuchungsumfang</titel></metadaten><textdaten><text format="XML"><Content><P><ABWFORMAT typ="A"/><kommentar typ="Fundstelle"> Fundstelle des Originaltextes: BGBl. I 2002, 3467 </kommentar></P><P> Die Untersuchung eines Sportbootes/Wassermotorrades gemäß § 6 Abs. 1 Satz 3 der See-Sportbootverordnung erstreckt sich auf folgende Merkmale: <DL Font="normal" Type="arabic"><DT>*</DT><DD Font="normal"><LA Size="normal">Schiffskörper einschließlich Mast und Rigg<DL Font="normal" Type="arabic"><DT>-</DT><DD Font="normal"><LA Size="normal">Außenhaut</LA></DD> <DT>-</DT><DD Font="normal"><LA Size="normal">Schotte</LA></DD> <DT>-</DT><DD Font="normal"><LA Size="normal">Deck</LA></DD> <DT>-</DT><DD Font="normal"><LA Size="normal">Aufbauten</LA></DD> <DT>-</DT><DD Font="normal"><LA Size="normal">Mast</LA></DD> <DT>-</DT><DD Font="normal"><LA Size="normal">Rigg (stehendes und laufendes Gut)</LA></DD> </DL></LA></DD> <DT>.</DT><DD Font="normal"><LA Size="normal">Bauliche Ausrüstung und Einrichtung<DL Font="normal" Type="arabic"><DT>-</DT><DD Font="normal"><LA Size="normal">Lenzeinrichtungen</LA></DD> <DT>-</DT><DD Font="normal"><LA Size="normal">Notausgänge</LA></DD> <DT>-</DT><DD Font="normal"><LA Size="normal">Luken</LA></DD> <DT>-</DT><DD Font="normal"><LA Size="normal">Niedergang</LA></DD> <DT>-</DT><DD Font="normal"><LA Size="normal">Cockpit</LA></DD> <DT>-</DT><DD Font="normal"><LA Size="normal">Seereling, Relingstützen</LA></DD> <DT>-</DT><DD Font="normal"><LA Size="normal">Inneneinrichtung (Toilette, Tanks etc.)</LA></DD> </DL></LA></DD> <DT>.</DT><DD Font="normal"><LA Size="normal">Sicherheitsausrüstung<DL Font="normal" Type="arabic"><DT>-</DT><DD Font="normal"><LA Size="normal">Ankerausrüstung</LA></DD> <DT>-</DT><DD Font="normal"><LA Size="normal">Handfeuerlöscher</LA></DD> <DT>-</DT><DD Font="normal"><LA Size="normal">Rettungswesten</LA></DD> <DT>-</DT><DD Font="normal"><LA Size="normal">Sicherheitsgurte/Sicherheitsleinen</LA></DD> <DT>-</DT><DD Font="normal"><LA Size="normal">Rettungsinseln</LA></DD> <DT>-</DT><DD Font="normal"><LA Size="normal">Rettungsringe</LA></DD> <DT>-</DT><DD Font="normal"><LA Size="normal">Schwimmwesten</LA></DD> <DT>-</DT><DD Font="normal"><LA Size="normal">Seenotsignale</LA></DD> </DL></LA></DD> <DT>.</DT><DD Font="normal"><LA Size="normal">Antriebs- und E-Anlage<DL Font="normal" Type="arabic"><DT>-</DT><DD Font="normal"><LA Size="normal">Antriebsanlage</LA></DD> <DT>-</DT><DD Font="normal"><LA Size="normal">Brennstoffsystem</LA></DD> <DT>-</DT><DD Font="normal"><LA Size="normal">Abgassystem</LA></DD> <DT>-</DT><DD Font="normal"><LA Size="normal">Batterie</LA></DD> <DT>-</DT><DD Font="normal"><LA Size="normal">Verteilernetz</LA></DD> <DT>-</DT><DD Font="normal"><LA Size="normal">Verbraucher</LA></DD> </DL></LA></DD> <DT>.</DT><DD Font="normal"><LA Size="normal">Heizgeräte und Flüssiggasanlagen<DL Font="normal" Type="arabic"><DT>-</DT><DD Font="normal"><LA Size="normal">Heizgeräte mit flüssigen Brennstoffen vorhanden: Baumusterprüfbescheinigung oder gleichwertige Bescheinigung</LA></DD> <DT>-</DT><DD Font="normal"><LA Size="normal">Flüssiggasanlagen vorhanden: Prüfbescheinigung nach der Richtlinie der See-Berufsgenossenschaft für Bau, Ausrüstung, Prüfung und Betrieb von Flüssiggasanlagen zu Haushaltszwecken auf Seeschiffen/Arbeitsblatt G 608 der Deutschen Vereinigung des Gas- und Wasserfaches e. V./des Besichtigers.</LA></DD> </DL></LA></DD> </DL>Die in dem Bootszeugnis vorzuschreibende Mindestausrüstung richtet sich nach den Sicherheitsrichtlinien der Kreuzer-Abteilung des Deutschen Segler-Verbandes in der jeweils neuesten Fassung.</P></Content> </text></textdaten></norm>
<norm builddate="20250403224015" doknr="BJNR345710002BJNE002301305"><metadaten><jurabk>SeeSpbootV</jurabk><enbez>Anlage 3</enbez><titel format="XML">(zu § 6 Abs. 2)</titel></metadaten><textdaten><text format="XML"><Content><P><ABWFORMAT typ="A"/><kommentar typ="Fundstelle">Fundstelle des Originaltextes: BGBl. I 2002, 3468 - 3476</kommentar><BR/><pre xml:space="preserve"> <BR/>                          Abnahmeprotokoll für<BR/>                      Sportboote/Wassermotorräder<BR/> <BR/>            (Zutreffende Zeilen oder Kästchen sind auszufüllen;<BR/>             es bedeuten: 0 = nein, 1 = ja, 2 = s. Bemerkungen)<BR/> <BR/>Abgenommen wurde das Sportboot/Wassermotorrad *):<BR/>Amtliches Kennzeichen 1): .................. am Sportboot - vorhanden:       ()<BR/>                                                          - beantragt:       ()<BR/>Amtlich anerkanntes Kennzeichen 2): ........ am Sportboot - vorhanden:       ()<BR/> <BR/>Hinweis: Angaben und Nummern in Kursivschrift entsprechen den Angaben im<BR/>         Bootszeugnis.<BR/>-------------------------------------------------------------------------------<BR/>Name und Adresse des Unternehmers:                                           1.<BR/>-------------------------------------------------------------------------------<BR/>Betriebsstätte des Unternehmers:                                             1.<BR/>-------------------------------------------------------------------------------<BR/>o. g. Angaben sind am Sportboot angebracht:                                  ()<BR/>-------------------------------------------------------------------------------<BR/> <BR/>I. Angaben über das Sportboot/Wassermotorrad *)<BR/>1. Allgemeine Angaben<BR/>-------------------------------------------------------------------------------<BR/>                                  I<BR/>- Bootsname:                      I--------------------------------------------<BR/>                                  I<BR/>- Heimathafen:                    I                                          1.<BR/>                                  I--------------------------------------------<BR/>                                  I<BR/>- Liegeplatz:                     I                                          1.<BR/>                                  I--------------------------------------------<BR/>                                  I<BR/>- Art:                            I                                          2.<BR/>                                  I--------------------------------------------<BR/>                                  I<BR/>- höchstzulässige Personenzahl:   I                                          6.<BR/>                                  I--------------------------------------------<BR/>                                  I<BR/>- Grenzen des Fahrtgebietes:      I                                          7.<BR/>-------------------------------------------------------------------------------<BR/> <BR/>- Hersteller:                     ---------------------------------------------<BR/>- Werftbau:                                                                  ()<BR/>- Eigenbau:                                                                  ()<BR/>-----<BR/>1) Amtliche Kennzeichen sind: Die von den Wasserstraßen- und Schifffahrtsämtern <BR/> (WSÄ) erteilten, die Binnenschiffsregisternummer (gefolgt von dem Kennbuchstaben<BR/>   B) mit Namen und Heimat- oder Registerort, Funkrufzeichen (einschl.<BR/>   Unterscheidungssignal), Seeschiffsregisternummer (mit Schiffsnamen und<BR/>   Heimathafen) oder IMO-Nummer sowie die Nummer des Flaggenzertifikats<BR/>   (gefolgt von dem Kennbuchstaben F).<BR/>2) Amtlich anerkannte Kennzeichen sind: Die Nummer des Internationalen<BR/>   Bootscheines (IBS), gefolgt von dem Kennbuchstaben M, S oder A; bei<BR/>   DMYV (M), DSV (S) oder ADAC (A).<BR/>*) Das Unzutreffende ist zu streichen.<BR/> <BR/>2. Angaben über den Schiffskörper<BR/>-------------------------------------------------------------------------------<BR/>- Baujahr:                          ........................................ 3.<BR/>- Länge über alles in m:            ........................................ 4.<BR/>- Größte Breite in m:               ........................................ 5.<BR/>- fest angebrachte Bau-Nummer oder<BR/>  Bootidentifizierungsnummer        ........................................<BR/>- CE-Kennzeichen:                                                         () 3.<BR/>- höchstzulässige Personenzahl:                                              6.<BR/>-------------------------------------------------------------------------------<BR/> <BR/>3. Angaben über den Motor<BR/>-------------------------------------------------------------------------------<BR/>- Hersteller:                       ........................................<BR/>  Typ:                              ........................................<BR/>- Nummer:                           ........................................<BR/>  Leistung in kW                                                             2.<BR/>-------------------------------------------------------------------------------<BR/> <BR/>II. Schiffskörper und Ausrüstung<BR/>1. Schiffskörper und Mast und Rigg<BR/> <BR/>Schiffskörper in ausreichendem Zustand:                                      ()<BR/>Besichtigt wurde<BR/>- Außenhaut:                                                                 ()<BR/>- Schotte:                                                                   ()<BR/>- Deck:                                                                      ()<BR/>- Aufbauten:                                                                 ()<BR/> <BR/>Mast und Rigg in ausreichendem Zustand:                                      ()<BR/>Besichtigt wurde<BR/>- Mast(en):                                                                  ()<BR/>- stehendes Gut:                                                             ()<BR/>- laufendes Gut:                                                             ()<BR/>- Segel:                                                                     ()<BR/>- Restauftrieb nachgewiesen (nur bei Sportbooten ohne Antriebsmaschine)      ()<BR/> <BR/>Bemerkungen: ..................................................................<BR/>...............................................................................<BR/>...............................................................................<BR/> <BR/>2.  Lenzeinrichtungen<BR/>2.1 Lenzeinrichtungen<BR/>- funktionstüchtig:                                                          ()<BR/>2.2 Handlenzpumpe<BR/>- funktionstüchtig:                                                          ()<BR/>2.3 Vom Cockpit oder Steuerstand bedienbar                                   ()<BR/>Bemerkungen: ..................................................................<BR/>...............................................................................<BR/>...............................................................................<BR/> <BR/>3.  Anforderung gemäß Sicherheitsrichtlinie Kreuzer-Abteilung *)<BR/>3.1 Grundanforderung<BR/>- Notausgänge (5.2.2)                                                        ()<BR/>Bemerkungen: ..................................................................<BR/>3.2 Baumerkmale<BR/>- Stabilität (6.0.2, 6.0.3)                                                  ()<BR/>- Wasserdichte Einheit des Rumpfes (6.1.1)                                   ()<BR/>- Luken (6.1.2)                                                              ()<BR/>- Niedergang (6.1.3)                                                         ()<BR/>- Cockpitvolumen (6.2.1, 6.2.2 und 6.2.3)                                    ()<BR/>- Cockpitlenzrohre (6.2.5)                                                   ()<BR/>Bemerkungen: ..................................................................<BR/>...............................................................................<BR/>...............................................................................<BR/> <BR/>3.3 Seereling, Relingstützen ...<BR/>- Seereling (7.0)                                                            ()<BR/>- Fußreling (7.5)                                                            ()<BR/>Bemerkungen: ..................................................................<BR/>-----<BR/>*) Siehe Anforderung Sicherheitsrichtlinien Kreuzer-Abteilung des<BR/>   Deutschen Segler-Verbandes e. V., Gründgensstr. 18, 22309 Hamburg.<BR/> <BR/>3.4 Inneneinrichtung<BR/>- Ausrüstung 180 <ABWFORMAT typ="A"/>Grad - sicher (5.4 - 5.5)                                ()<BR/>- Toilette (8.1.1 - 8.1.2)                                                   ()<BR/>- Schmutzwasser Fäkalientank                                                 ()<BR/>- Wassertank (8.5.1 - 8.5.3)                                                 ()<BR/>- Seeverschlüsse oder Ventile (6.5.1)                                        ()<BR/>Bemerkungen: ..................................................................<BR/> <BR/>3.5 Notsteuerausrüstung<BR/>- Notpinne (11.3.1)                                                          ()<BR/>Bemerkungen: .................................................................<BR/> <BR/>3.6 Sicherheitsausrüstung<BR/>- Stauraum für das Rettungsfloß (12.4.2)                                     ()<BR/>- Sicherheitsleiter (12.7)                                                   ()<BR/>Bemerkungen: ..................................................................<BR/>-----<BR/>*) Siehe Anforderung Sicherheitsrichtlinien Kreuzer-Abteilung des<BR/>Deutschen Segler-Verbandes e.V., Gründgensstr. 18, 22309 Hamburg.<BR/> <BR/>4.  Ankerausrüstung<BR/>4.1 Anker (9.3)<BR/>- Art der Anker: ..............................................................<BR/>- Anker in ausreichendem Zustand:                                            ()<BR/>- Ankerkette in ausreichendem Zustand:                                       ()<BR/>- Ankerleine in ausreichendem Zustand:                                       ()<BR/>4.2 Schleppleine (9.3)<BR/>- Länge: .................. m<BR/>- Schleppleine in ausreichendem Zustand:                                     ()<BR/>Bemerkungen: ..................................................................<BR/>...............................................................................<BR/>...............................................................................<BR/> <BR/>5.  Handfeuerlöscher (9.0)<BR/>5.1 Anzahl:             ..............<BR/>5.2 Füllgewicht:        ..............<BR/>5.3 Letztes Prüfdatum:  ..............<BR/>5.4 an geeigneter Stelle                                                     ()<BR/>5.5 in der Nähe des Hauptsteuerstandes                                       ()<BR/> <BR/>6.  Erforderliche Ausrüstung<BR/>    für große Sportboote gemäß Anlage<BR/> <BR/>7.  Heizgeräte mit flüssigen Brennstoffen<BR/>- Heizgeräte mit flüssigen Brennstoffen vorhanden:                           ()<BR/>- Baumusterprüfbescheinigung oder gleichwertige Bescheinigung liegt vor:     ()<BR/>Ausgestellt von: ..............................................................<BR/> <BR/>8.  Flüssiggasanlagen (8.3.2)<BR/>- Flüssiggasanlagen vorhanden:                                               ()<BR/>- Prüfbescheinigung nach der Richtlinie der See-Berufsgenossenschaft für Bau,<BR/>  Ausrüstung, Prüfung und Betrieb von Flüssiggasanlagen zu Haushaltszwecken<BR/>  auf Seeschiffen/Arbeitsblatt G 608 der Deutschen Vereinigung des Gas- und<BR/>  Wasserfaches e. V./des Besichtigers liegt vor:                             ()<BR/>Prüfungszeugnis Nr.: .............................<BR/> <BR/>III. Antriebsanlage<BR/>1.   Maschineneinrichtung<BR/>1.1  Antriebsanlage funktionstüchtig:                                        ()<BR/>1.2  Brennstoffsystem<BR/>- dicht:                                                                     ()<BR/>- in ausreichendem Zustand:                                                  ()<BR/>1.3  Abgassystem in ausreichendem Zustand:                                   ()<BR/>- Auspuff geschützt                                                          ()<BR/>1.4  Welle geschützt                                                         ()<BR/>Bemerkungen: ..................................................................<BR/>...............................................................................<BR/>...............................................................................<BR/> <BR/>2.  E-Anlage<BR/>2.1 Batterie:<BR/>- in ausreichendem Zustand:                                                  ()<BR/>- ordnungsgemäß aufgestellt                                                  ()<BR/>- ausreichende Belüftung                                                     ()<BR/>- sichere Befestigung                                                        ()<BR/>2.2 Verteilernetz in gutem Zustand:                                          ()<BR/>2.3 Alle Verbraucher funktionstüchtig:<BR/>- Signalleuchten:                                                            ()<BR/>- Schallsignalgerät:                                                         ()<BR/>- übrige Verbraucher:                                                        ()<BR/>Bemerkungen: ..................................................................<BR/>...............................................................................<BR/>...............................................................................<BR/> <BR/>IV. Kleine Sportboote<BR/>Erforderliche Mindestausrüstung<BR/>-------------------------------------------------------------------------------<BR/>1. zugelassene Positionslaternen gemäß KVR/SeeSchStrO vorhanden              ()<BR/>2. Sichtzeichen bei Segelbooten mit Hilfsmotor (Kegel), Ankerball<BR/>   gemäß KVR                                                                 ()<BR/>3. funktionstüchtiges Schallsignalgerät (Nebelhorn) vorhanden<BR/>   gemäß KVR                                                                 ()<BR/>4. Rettungsmittel gemäß DIN 7929/EN 395/399                                  ()<BR/>- Art:          .........................<BR/>- Anzahl:<BR/>5. Reservepaddel                                                             ()<BR/>6. Bootshaken                                                                ()<BR/>7. Leinen                                                                    ()<BR/>- Art:          .........................<BR/>- Anzahl:       .........................<BR/>8. Fender                                                                    ()<BR/>- Anzahl:       .........................<BR/>9. Verbandskasten                                                            ()<BR/>-------------------------------------------------------------------------------<BR/> <BR/>V. Ergebnis<BR/>1. Das Sportboot/Wassermotorrad ist für<BR/>   fahrtüchtig befunden worden:                             ()<BR/>2. Mindestfreibordmarkierung erforderlich:     () nein      () ja<BR/>3. Auflagen erforderlich:                      () nein      () ja<BR/>4. Zugelassene Personenzahl: .........<BR/>Bemerkungen und Auflagen: .....................................................<BR/>...............................................................................<BR/>...............................................................................<BR/> <BR/>Die Abnahme erfolgte durch: ...................................................<BR/> <BR/>Ort und Datum ...............................<BR/> <BR/>                  Stempel                    Unterschrift .....................<BR/> <BR/>Anlage: Mindestausrüstung für große Sportboote<BR/> <BR/>                        Anlage zum Abnahmeprotokoll<BR/>                  Mindestausrüstung für große Sportboote<BR/>Bootsname:                  Amtliches Kennzeichen:<BR/>-------------------------------------------------------------------------------<BR/> Lfd. I Anzahl/  I     Ausrüstungsgegenstand             I Bemerkungen/Hinweise<BR/>  Nr. I vorh. *) I                                       I<BR/>-------------------------------------------------------------------------------<BR/>   1  I          I Positionslaternen +++)                I gem. KVR/SeeSchStrO<BR/>-------------------------------------------------------------------------------<BR/>   2  I          I Ankerlaterne +++), Ankerball, Kegel,  I gem. KVR<BR/>      I          I Nebelhorn                             I<BR/>-------------------------------------------------------------------------------<BR/>   3  I          I Feuerlöscher ++) a 2 kg, Pulver       I<BR/>-------------------------------------------------------------------------------<BR/>   4  I          I Log                                   I<BR/>-------------------------------------------------------------------------------<BR/>   5  I          I Kompass, Handpeilkompass              I<BR/>-------------------------------------------------------------------------------<BR/>   6  I          I Radarreflektor, Fernglas, Handlampe   I<BR/>      I          I mit Morsetaste                        I<BR/>-------------------------------------------------------------------------------<BR/>   7  I          I Rettungsringe, davon mindestens ..    I<BR/>      I          I Ring(e) mit Leine und Licht           I<BR/>-------------------------------------------------------------------------------<BR/>   8  I          I vollautom. Rettungswesten ++)/    I<BR/>      I          I Feststoffwesten DIN 7929/EN 396/399   I<BR/>-------------------------------------------------------------------------------<BR/>   9  I          I Sicherheitsgurte DIN 7925 und         I<BR/>      I          I Sicherheitsleinen DIN 7927            I<BR/>-------------------------------------------------------------------------------<BR/>  10  I          I Rettungsfloß ++) (Größe entsprechend  I<BR/>      I          I Personenzahl)                         I<BR/>-------------------------------------------------------------------------------<BR/>  11  I          I .. Fallschirmsignale, rot,    ..      I<BR/>      I          I .. Handfackeln, rot,  schwimmfähige   I<BR/>      I          I Rauchsignale, orange                  I<BR/>-------------------------------------------------------------------------------<BR/>  12  I          I Flagge &quot;N&quot; und &quot;C&quot;/Bundesflagge       I<BR/>-------------------------------------------------------------------------------<BR/>  13  I          I Erste-Hilfe-Kasten                    I<BR/>-------------------------------------------------------------------------------<BR/>  14  I          I 1. Anker .... kg mit .... m Kette und I<BR/>      I          I .... m Leine/2. Anker .... kg         I<BR/>-------------------------------------------------------------------------------<BR/>  15  I          I Schlepptrosse .... m Länge,           I<BR/>      I          I Bootshaken, Wurfleine 16 m Länge      I<BR/>-------------------------------------------------------------------------------<BR/>  16  I          I Fender, Festmacher                    I<BR/>-------------------------------------------------------------------------------<BR/>  17  I          I Kochanlage (Petroleum/Spiritus/Gas    I Prüfbesch.<BR/>      I          I ++))                                  I SeeBG/DVGW<BR/>-------------------------------------------------------------------------------<BR/>  18  I          I Handlot oder Echolot                  I<BR/>-------------------------------------------------------------------------------<BR/>  19  I          I Empfangsanlage (Radio) oder NAVTEX    I<BR/>-------------------------------------------------------------------------------<BR/>  20  I          I Barometer                             I<BR/>-------------------------------------------------------------------------------<BR/>  21  I          I Logbuch oder Tagebuch                 I<BR/>-------------------------------------------------------------------------------<BR/>  22  I          I Seekarten, Seehandbuch, Leucht-       I bei Erfordernis<BR/>      I          I feuerverzeichnis gem. Fahrtgebiet     I<BR/>-------------------------------------------------------------------------------<BR/>  23  I          I Navigationshilfsmittel                I<BR/>-------------------------------------------------------------------------------<BR/>  24  I          I Bug- und Heckkorb, Seereling          I<BR/>-------------------------------------------------------------------------------<BR/>  25  I          I Außenbordtreppe                       I<BR/>-------------------------------------------------------------------------------<BR/>  26  I          I Toilette                              I<BR/>-------------------------------------------------------------------------------<BR/>  27  I          I Kojen                                 I<BR/>-------------------------------------------------------------------------------<BR/>  28  I          I Wassertank .... l Inhalt/Kraftstoff-  I<BR/>      I          I tank ..... l Inhalt                   I<BR/>-------------------------------------------------------------------------------<BR/>  29  I          I Absperrventile an Brennstofftanks     I<BR/>-------------------------------------------------------------------------------<BR/>  30  I          I Fäkalientank/-aufbereitungsanlage     I &gt; 10 Personen<BR/>      I          I                                       I erforderl. <BR/>-------------------------------------------------------------------------------<BR/>  31  I          I Treibanker                            I<BR/>-------------------------------------------------------------------------------<BR/>  32  I          I Ersatzteile                           I<BR/>-------------------------------------------------------------------------------<BR/>  33  I          I Leckdichtungsmaterial                 I<BR/>-------------------------------------------------------------------------------<BR/>  34  I          I Werkzeug                              I<BR/>-------------------------------------------------------------------------------<BR/>  35  I          I Feuerlöschanlage ++) im Motorraum     I bei Motoryachten<BR/>-------------------------------------------------------------------------------<BR/>  36  I          I Sturmfock/Trysegel                    I bei Segelyachten<BR/>----------------------------------------------------------<BR/>  37  I          I Reffeinrichtung                       I<BR/>----------------------------------------------------------<BR/>  38  I          I Drahtschere/Bolzenschneider           I<BR/>----------------------------------------------------------<BR/>  39  I          I Kappbeil                              I<BR/>-------------------------------------------------------------------------------<BR/> <BR/>Zusätzlich für Sportboote mit einer Länge über alles von 12,00 Metern und mehr:<BR/>-------------------------------------------------------------------------------<BR/>  40  I          I Fahrtstörungslaternen +++), Bälle     I gem. KVR<BR/>-------------------------------------------------------------------------------<BR/>  41  I          I Schallsignalanlage +++)               I gem. KVR<BR/>-------------------------------------------------------------------------------<BR/>  42  I          I Glocke, <ABWFORMAT typ="A"/>Durchmesser 200 mm +++)       I gem. KVR<BR/>-------------------------------------------------------------------------------<BR/>  43  I          I UKW-Sprechfunkanlage/GMDSS            I zugelassen<BR/>-------------------------------------------------------------------------------<BR/>  44  I          I Navigationsanlage (Funkpeiler,        I<BR/>      I          I GPS etc.)                             I<BR/>-------------------------------------------------------------------------------<BR/>  45  I          I Feuerlöscher ++) a 2 kg               I<BR/>-------------------------------------------------------------------------------<BR/> <BR/>Sonstige Ausrüstung/Hinweise<BR/>-------------------------------------------------------------------------------<BR/>                                                         I<BR/>-------------------------------------------------------------------------------<BR/>                                                         I<BR/>-------------------------------------------------------------------------------<BR/>  *) erforderlich, wenn ausgefüllt<BR/> ++) Prüfungsnachweis<BR/>+++) baumustergeprüft</pre></P></Content></text><fussnoten/></textdaten></norm>
<norm builddate="20250403224015" doknr="BJNR345710002BJNE002404119"><metadaten><jurabk>SeeSpbootV</jurabk><enbez>Anlage 4</enbez><titel format="XML">(zu § 15 Absatz 3)<BR/>Besetzung von gewerbsmäßig genutzten Sportbooten</titel></metadaten><textdaten><text format="XML"><Content><P><noindex><kommentar typ="Fundstelle">(Fundstelle: BGBl. I 2010, 574;<BR/>bzgl. der einzelnen Änderungen vgl. Fußnote)</kommentar></noindex></P><BR/><BR/><table colsep="1" frame="all" pgwide="1" rowsep="1" tabstyle="boot" tocentry="%yes;"><Title Align="auto" Class="S5"><B>Besetzung von gewerbsmäßig genutzten Wasserfahrzeugen</B></Title><tgroup align="left" char="" charoff="50" cols="2"><colspec colname="col1" colnum="1" colwidth="5*"/><colspec colname="col2" colnum="2" colwidth="5*"/><thead valign="bottom"><row><entry VJ="1" colname="col1">Rumpflänge des Wasserfahrzeuges/<BR/> Fahrtgebiet</entry><entry VJ="1" colname="col2">Besetzung<FnR ID="F774137_01_BJNR345710002BJNE002404119"/></entry></row></thead><tbody valign="top"><row><entry VJ="1" colname="col1" rowsep="0"><B>Bis 15 m Rumpflänge:</B></entry><entry VJ="1" colname="col2" rowsep="0"/></row><row><entry VJ="1" colname="col1" rowsep="0"><DL Font="normal" Type="Dash"><DT>–</DT><DD Font="normal"><LA Size="normal">Bis zu 300 Meter Abstand vom Ufer bei entsprechender Einzelfallgenehmigung</LA></DD></DL></entry><entry VJ="1" colname="col2" rowsep="0"><BR/>1 x Sportbootführerschein für den Geltungsbereich Seeschifffahrtsstraßen</entry></row><row><entry VJ="1" colname="col1" rowsep="0"><DL Font="normal" Type="Dash"><DT>–</DT><DD Font="normal"><LA Size="normal">Küstengewässer</LA></DD></DL></entry><entry VJ="1" colname="col2" rowsep="0">1 x Sportküstenschifferschein<FnR ID="F774137_02_BJNR345710002BJNE002404119"/></entry></row><row><entry VJ="1" colname="col1" rowsep="0"><DL Font="normal" Type="Dash"><DT>–</DT><DD Font="normal"><LA Size="normal">Küstennahe Seegewässer</LA></DD></DL></entry><entry VJ="1" colname="col2" rowsep="0">1 x Sportseeschifferschein<FnR ID="F774137_03_BJNR345710002BJNE002404119"/></entry></row><row><entry VJ="1" colname="col1" rowsep="1"><DL Font="normal" Type="Dash"><DT>–</DT><DD Font="normal"><LA Size="normal">Weltweite Fahrt</LA></DD></DL></entry><entry VJ="1" colname="col2" rowsep="1">1 x Sporthochseeschifferschein<BR/>1 x Sportseeschifferschein</entry></row><row><entry VJ="1" colname="col1" rowsep="0"><B>Über 15 bis 25 m Rumpflänge:</B></entry><entry VJ="1" colname="col2" rowsep="0"/></row><row><entry VJ="1" colname="col1" rowsep="0"><DL Font="normal" Type="Dash"><DT>–</DT><DD Font="normal"><LA Size="normal">Küstengewässer</LA></DD></DL></entry><entry VJ="1" colname="col2" rowsep="0">1 x Sportküstenschifferschein<FnR ID="F774137_03_BJNR345710002BJNE002404119"/></entry></row><row><entry VJ="1" colname="col1" rowsep="0"><DL Font="normal" Type="Dash"><DT>–</DT><DD Font="normal"><LA Size="normal">Küstennahe Seegewässer</LA></DD></DL></entry><entry VJ="1" colname="col2" rowsep="0">2 x Sportseeschifferschein</entry></row><row><entry VJ="1" colname="col1" rowsep="1"><DL Font="normal" Type="Dash"><DT>–</DT><DD Font="normal"><LA Size="normal">Weltweite Fahrt</LA></DD></DL></entry><entry VJ="1" colname="col2" rowsep="1">2 x Sporthochseeschifferschein</entry></row><row><entry VJ="1" colname="col1" rowsep="0"><B>Über 25 m Rumpflänge:</B></entry><entry VJ="1" colname="col2" rowsep="0"/></row><row><entry VJ="1" colname="col1" rowsep="0"><DL Font="normal" Type="Dash"><DT>–</DT><DD Font="normal"><LA Size="normal">Küstengewässer</LA></DD></DL></entry><entry VJ="1" colname="col2" rowsep="0">2 x Sportküstenschifferschein</entry></row><row><entry VJ="1" colname="col1" rowsep="0"><DL Font="normal" Type="Dash"><DT>–</DT><DD Font="normal"><LA Size="normal">Küstennahe Seegewässer</LA></DD></DL></entry><entry VJ="1" colname="col2" rowsep="0">2 x Sportseeschifferschein</entry></row><row><entry VJ="1" colname="col1" rowsep="0"><DL Font="normal" Type="Dash"><DT>–</DT><DD Font="normal"><LA Size="normal">Weltweite Fahrt</LA></DD></DL></entry><entry VJ="1" colname="col2" rowsep="0">2 x Sporthochseeschifferschein</entry></row></tbody></tgroup></table><FnArea Line="1" Size="normal"><FnR ID="F774137_01_BJNR345710002BJNE002404119"/><FnR ID="F774137_02_BJNR345710002BJNE002404119"/><FnR ID="F774137_03_BJNR345710002BJNE002404119"/></FnArea></Content><Footnotes><Footnote FnZ="1" Group="table" ID="F774137_01_BJNR345710002BJNE002404119" Pos="exp" Postfix=")">Befähigungsnachweis entsprechend der Antriebsart des Wasserfahrzeuges.</Footnote><Footnote FnZ="2" Group="table" ID="F774137_02_BJNR345710002BJNE002404119" Pos="exp" Postfix=")">Wasserfahrzeuge, die innerhalb von 24 Stunden länger als zehn Stunden fahren, müssen zusätzlich mit einem Inhaber oder einer Inhaberin des Sportbootführerscheins-See besetzt werden, der oder die den Nachweis nach § 6 Absatz 1 Nummer 2 der Sportseeschifferscheinverordnung führt, dass er oder sie mindestens 300 Seemeilen auf Wasserfahrzeugen mit der jeweiligen Antriebsart im Küstenbereich zurückgelegt hat.</Footnote><Footnote FnZ="3" Group="table" ID="F774137_03_BJNR345710002BJNE002404119" Pos="exp" Postfix=")">Wasserfahrzeuge, die innerhalb von 24 Stunden länger als zehn Stunden fahren, müssen zusätzlich mit einem Inhaber des Sportküstenschifferscheins besetzt werden.</Footnote></Footnotes></text><fussnoten/></textdaten></norm>
</dokumente>