<?xml version="1.0" encoding="UTF-8" ?><!DOCTYPE dokumente SYSTEM "http://www.gesetze-im-internet.de/dtd/1.01/gii-norm.dtd">
<dokumente builddate="20160720215504" doknr="BJNR006070961"><norm builddate="20160720215504" doknr="BJNR006070961"><metadaten><jurabk>VerbrVerbG</jurabk><ausfertigung-datum manuell="ja">1961-05-24</ausfertigung-datum><fundstelle typ="amtlich"><periodikum>BGBl I</periodikum><zitstelle>1961, 607</zitstelle></fundstelle><langue>Gesetz zur Überwachung strafrechtlicher und anderer Verbringungsverbote</langue><standangabe checked="ja"><standtyp>Stand</standtyp><standkommentar>Zuletzt geändert durch Art. 9 G v. 8.7.2016 I 1594</standkommentar></standangabe></metadaten><textdaten><fussnoten><Content><P><BR/> <pre xml:space="preserve">(+++ Textnachweis Geltung ab: 3.3.1974 +++)<BR/><BR/></pre></P></Content></fussnoten></textdaten></norm>
<norm builddate="20160720215504" doknr="BJNR006070961BJNG000100311"><metadaten><jurabk>VerbrVerbG</jurabk><gliederungseinheit><gliederungskennzahl>010</gliederungskennzahl><gliederungsbez>Erster Abschnitt</gliederungsbez><gliederungstitel/></gliederungseinheit></metadaten><textdaten><text format="XML"><Content><P/></Content></text></textdaten></norm>
<norm builddate="20160720215504" doknr="BJNR006070961BJNE000400311"><metadaten><jurabk>VerbrVerbG</jurabk><enbez>§ 1</enbez></metadaten><textdaten><text format="XML"><Content><P>Die Behörden, die das Verbringen von Gegenständen in den räumlichen Geltungsbereich dieses Gesetzes zu überwachen haben, stellen sicher, daß nicht Gegenstände unter Verstoß gegen ein Strafgesetz, das ihre Einfuhr oder Verbreitung aus Gründen des Staatsschutzes verbietet, in diesen Bereich verbracht werden.</P></Content></text></textdaten></norm>
<norm builddate="20160720215504" doknr="BJNR006070961BJNE000502377"><metadaten><jurabk>VerbrVerbG</jurabk><enbez>§ 2</enbez></metadaten><textdaten><text format="XML"><Content><P>(1) Die Hauptzollämter und ihre Beamten nehmen eine Nachprüfung vor, wenn sich tatsächliche Anhaltspunkte für den Verdacht ergeben, daß Gegenstände unter Verstoß gegen eines der in § 1 bezeichneten Strafgesetze in den räumlichen Geltungsbereich dieses Gesetzes verbracht werden, es sei denn, daß es sich lediglich um Reiselektüre handelt. Wird der Verdacht durch die Nachprüfung nicht ausgeräumt, so sind die Gegenstände der Staatsanwaltschaft vorzulegen.</P><P>(2) Die Beamten der Hauptzollämter sind berechtigt, zum Zwecke der Nachprüfung Beförderungsmittel, Gepäckstücke, sonstige Behältnisse und Sendungen aller Art zu öffnen und zu durchsuchen. Sie sind zur Beschlagnahme befugt, wenn sich die Gegenstände im Gewahrsam einer Person befinden, die zur freiwilligen Herausgabe nicht bereit ist. Im Falle der Beschlagnahme gilt § 98 Abs. 2 der Strafprozeßordnung entsprechend.</P><P>(3) (weggefallen)</P></Content>  </text><fussnoten/></textdaten></norm>
<norm builddate="20160720215504" doknr="BJNR006070961BJNE000602307"><metadaten><jurabk>VerbrVerbG</jurabk><enbez>§ 3</enbez></metadaten><textdaten><text format="XML"><Content><P>Die Unternehmen in Nachfolge der Deutschen Bundespost legen die in den räumlichen Geltungsbereich dieses Gesetzes beförderten Sendungen, bei deren betrieblicher Behandlung sich tatsächliche Anhaltspunkte für den in § 2 bezeichneten Verdacht ergeben, der zuständigen Zolldienststelle vor.</P></Content></text><fussnoten/></textdaten></norm>
<norm builddate="20160720215504" doknr="BJNR006070961BJNE000700311"><metadaten><jurabk>VerbrVerbG</jurabk><enbez>§ 4</enbez></metadaten><textdaten><text format="XML"><Content><P>Das Brief- und Postgeheimnis nach Artikel 10 des Grundgesetzes wird nach Maßgabe der §§ 2 und 3 eingeschränkt.</P></Content></text></textdaten></norm>
<norm builddate="20160720215504" doknr="BJNR006070961BJNG000200311"><metadaten><jurabk>VerbrVerbG</jurabk><gliederungseinheit><gliederungskennzahl>020</gliederungskennzahl><gliederungsbez>Zweiter Abschnitt</gliederungsbez><gliederungstitel/></gliederungseinheit></metadaten><textdaten><text format="XML"><Content><P/></Content></text></textdaten></norm>
<norm builddate="20160720215504" doknr="BJNR006070961BJNE000801311"><metadaten><jurabk>VerbrVerbG</jurabk><enbez>§ 5</enbez></metadaten><textdaten><text format="XML"><Content><P>(1) Es ist verboten, Filme, die nach ihrem Inhalt dazu geeignet sind, als Propagandamittel gegen die freiheitliche demokratische Grundordnung oder gegen den Gedanken der Völkerverständigung zu wirken, in den räumlichen Geltungsbereich dieses Gesetzes zu verbringen, soweit dies dem Zweck der Verbreitung dient. Dieses Verbot steht der Abfertigung durch die Zolldienststellen nicht entgegen.</P><P>(2) (weggefallen)</P><P>(3) Strafrechtliche Einfuhr- und Verbreitungsverbote sowie die §§ 1 bis 4 bleiben unberührt.</P><P>(4) Ist ein Film entgegen dem Verbot nach Absatz 1 in den räumlichen Geltungsbereich dieses Gesetzes verbracht worden, so stellt das Bundesamt für Wirtschaft und Ausfuhrkontrolle (BAFA) den Verstoß gegen dieses Verbot unverzüglich fest und fordert den Verbringenden auf, die in den räumlichen Geltungsbereich dieses Gesetzes verbrachten Kopien des Filmes auszuhändigen. Die Verpflichtung zur Aushändigung entfällt, wenn der Verbringende nachweist, daß er die Kopien wieder aus dem räumlichen Geltungsbereich dieses Gesetzes entfernt oder vernichtet hat. Soweit der Verbringende Kopien nicht mehr besitzt, sind diese Vorschriften auf den Besitzer entsprechend anzuwenden.</P></Content>   </text><fussnoten><Content><P><ABWFORMAT typ="A"/>§ 5 Abs. 1: Mit dem GG in der sich aus den Gründen ergebenden Auslegung vereinbar, BVerfGE v. 25.4.1972 I 1662 - 1 BvL 13/67 -</P></Content></fussnoten></textdaten></norm>
<norm builddate="20160720215504" doknr="BJNR006070961BJNE000902116"><metadaten><jurabk>VerbrVerbG</jurabk><enbez>§ 6</enbez></metadaten><textdaten><text format="XML"><Content><P>(1) Ordnungswidrig handelt, wer vorsätzlich oder fahrlässig einer Aufforderung des Bundesamtes für Wirtschaft und Ausfuhrkontrolle (BAFA) nach § 5 Abs. 4 nicht nachkommt.</P><P>(2) Die Ordnungswidrigkeit kann mit einer Geldbuße bis zu dreißigtausend Euro geahndet werden.</P><P>(3) Gegenstände, auf die sich die Ordnungswidrigkeit bezieht, können eingezogen werden.</P><P>(4) Verwaltungsbehörde im Sinne des § 36 Abs. 1 Nr. 1 des Gesetzes über Ordnungswidrigkeiten ist das Bundesamt für Wirtschaft und Ausfuhrkontrolle (BAFA).</P></Content></text><fussnoten/></textdaten></norm>
<norm builddate="20160720215504" doknr="BJNR006070961BJNE001000311"><metadaten><jurabk>VerbrVerbG</jurabk><enbez>(XXXX) §§ 7 bis 10</enbez><titel format="XML">(weggefallen)</titel></metadaten><textdaten><text format="XML"><Content><P/></Content></text><fussnoten/></textdaten></norm>
<norm builddate="20160720215504" doknr="BJNR006070961BJNG000300311"><metadaten><jurabk>VerbrVerbG</jurabk><gliederungseinheit><gliederungskennzahl>030</gliederungskennzahl><gliederungsbez>Dritter Abschnitt</gliederungsbez><gliederungstitel/></gliederungseinheit></metadaten><textdaten><text format="XML"><Content><P/></Content></text></textdaten></norm>
<norm builddate="20160720215504" doknr="BJNR006070961BJNE001100311"><metadaten><jurabk>VerbrVerbG</jurabk><enbez>§ 11</enbez></metadaten><textdaten><text format="XML"><Content><P>Dieses Gesetz gilt nach Maßgabe des § 13 Abs. 1 des Dritten Überleitungsgesetzes vom 4. Januar 1952 (Bundesgesetzbl. I S. 1) auch im Land Berlin. Rechtsverordnungen, die auf Grund dieses Gesetzes erlassen werden, gelten im Land Berlin nach § 14 des Dritten Überleitungsgesetzes.</P></Content></text><fussnoten/></textdaten></norm>
<norm builddate="20160720215504" doknr="BJNR006070961BJNE001200311"><metadaten><jurabk>VerbrVerbG</jurabk><enbez>§ 12</enbez></metadaten><textdaten><text format="XML"><Content><P>Dieses Gesetz tritt am ersten Tage des vierten auf die Verkündung folgenden Kalendermonats in Kraft.</P></Content></text></textdaten></norm>
</dokumente>