<?xml version="1.0" encoding="UTF-8" ?><!DOCTYPE dokumente SYSTEM "http://www.gesetze-im-internet.de/dtd/1.01/gii-norm.dtd">
<dokumente builddate="20230314214024" doknr="BJNR465500021"><norm builddate="20230314214024" doknr="BJNR465500021"><metadaten><jurabk>AgrarOLkV</jurabk><amtabk>AgrarOLkV</amtabk><ausfertigung-datum manuell="ja">2021-10-11</ausfertigung-datum><fundstelle typ="amtlich"><periodikum>BGBl I</periodikum><zitstelle>2021, 4655</zitstelle></fundstelle><kurzue>Agrarorganisationen-und-Lieferketten-Verordnung</kurzue><langue>Verordnung zur Stärkung der Organisationen und Lieferketten im Agrarbereich</langue><standangabe checked="ja"><standtyp>Stand</standtyp><standkommentar>Geändert durch Art. 2 V v. 9.3.2023 I Nr. 61 mWv 15.3.2023</standkommentar></standangabe></metadaten><textdaten><fussnoten><Content><P><BR/> <pre xml:space="preserve">(+++ Textnachweis ab: 19.10.2021 +++)<BR/><BR/></pre></P></Content></fussnoten></textdaten></norm>
<norm builddate="20230314214024" doknr="BJNR465500021BJNE000100000"><metadaten><jurabk>AgrarOLkV</jurabk><enbez>Eingangsformel</enbez></metadaten><textdaten><text format="XML"><Content><P>Das Bundesministerium für Ernährung und Landwirtschaft verordnet auf Grund <DL Type="Dash"><DT>–</DT><DD Font="normal"><LA>des § 2 Absatz 3, des § 4 Absatz 1, im Falle des § 4 Absatz 1 Nummer 1 auch in Verbindung mit § 1 Absatz 2 Satz 1 und § 4 Absatz 2 Satz 1 Nummer 1 sowie im Falle des § 4 Absatz 1 Nummer 2 Buchstabe c Doppelbuchstabe cc auch in Verbindung mit Absatz 2 Satz 1 Nummer 2, des § 5 Absatz 4 Satz 1 Nummer 1 in Verbindung mit Satz 2, des § 5 Absatz 4 Satz 1 Nummer 2 und 3, des § 6 Absatz 2, des § 7 Absatz 1 Satz 1 und 3 in Verbindung mit Absatz 3 Satz 2 und 3, des § 25 Absatz 2, des § 28 Absatz 3, des § 53 Absatz 1 Nummer 1, des § 54 Absatz 1 sowie des § 55 Absatz 3 des Agrarorganisationen-und-Lieferketten-Gesetzes, von denen § 1 Absatz 2 Satz 1, § 2 Absatz 3, § 4, § 5 Absatz 4 Satz 1 Nummer 1 bis 3 und Satz 2, § 6 Absatz 2 sowie § 7 Absatz 1 Satz 1 und 3 sowie Absatz 3 Satz 2 und 3 durch Artikel 1 des Gesetzes vom 2. Juni 2021 (BGBl. I S. 1278) geändert worden sind und § 25 Absatz 2, § 28 Absatz 3, § 53 Absatz 1 Nummer 1, § 54 Absatz 1 Satz 1 und § 55 Absatz 3 durch Artikel 1 des Gesetzes vom 2. Juni 2021 (BGBl. I S. 1278) eingefügt worden sind, im Einvernehmen mit dem Bundesministerium für Wirtschaft und Energie und</LA></DD><DT>–</DT><DD Font="normal"><LA>des § 3 Absatz 3 und des § 8 Absatz 5 Satz 1 und 3 des Agrarorganisationen-und-Lieferketten-Gesetzes, die durch Artikel 1 des Gesetzes vom 2. Juni 2021 (BGBl. I S. 1278) eingefügt worden sind:</LA></DD></DL></P></Content></text></textdaten></norm>
<norm builddate="20230314214024" doknr="BJNR465500021BJNE000200000"><metadaten><jurabk>AgrarOLkV</jurabk><enbez>Inhaltsübersicht</enbez></metadaten><textdaten><text format="XML"><Content><TOC><Ident Class="S2">Teil 1</Ident><P/><Title Align="auto" Class="S2">Agrarorganisationen</Title><P/><Ident Class="S0">Abschnitt 1</Ident><P/><Title Align="auto" Class="S0">Allgemeine Bestimmungen</Title><P/><table colsep="0" frame="none" pgwide="1" rowsep="0" tocentry="%yes;"><tgroup align="left" char="" charoff="50" cols="2"><colspec colname="col1" colwidth="10*"/><colspec align="justify" colname="col2" colwidth="70*"/><tbody valign="top"><row><entry VJ="1" colname="col1">§  1</entry><entry VJ="1" colname="col2">Erzeugnisbereiche</entry></row><row><entry VJ="1" colname="col1">§  2</entry><entry VJ="1" colname="col2">Grundsatz der Anerkennung</entry></row><row><entry VJ="1" colname="col1">§  3</entry><entry VJ="1" colname="col2">Allgemeine Anerkennungsvoraussetzungen</entry></row><row><entry VJ="1" colname="col1">§  4</entry><entry VJ="1" colname="col2">Anerkennungsverfahren</entry></row><row><entry VJ="1" colname="col1">§  5</entry><entry VJ="1" colname="col2">Rücknahme, Widerruf und Ruhen der Anerkennung; Änderung der Anerkennungsvoraussetzungen</entry></row><row><entry VJ="1" colname="col1">§  6</entry><entry VJ="1" colname="col2">Verstoß gegen Kartellrecht</entry></row><row><entry VJ="1" colname="col1">§  7</entry><entry VJ="1" colname="col2">Agrarorganisationenregister</entry></row></tbody></tgroup></table><P/><Ident Class="S0">Abschnitt 2</Ident><P/><Title Align="auto" Class="S0">Erzeugerorganisationen und deren Vereinigungen</Title><P/><table colsep="0" frame="none" pgwide="1" rowsep="0" tocentry="%yes;"><tgroup align="left" char="" charoff="50" cols="2"><colspec colname="col1" colwidth="10*"/><colspec align="justify" colname="col2" colwidth="70*"/><tbody valign="top"><row><entry VJ="1" colname="col1">§  8</entry><entry VJ="1" colname="col2">Ziele</entry></row><row><entry VJ="1" colname="col1">§  9</entry><entry VJ="1" colname="col2">Mitgliedschaft</entry></row><row><entry VJ="1" colname="col1">§ 10</entry><entry VJ="1" colname="col2">Mindestmitgliederzahl; Andienungspflicht; Reichweite der Anerkennung</entry></row><row><entry VJ="1" colname="col1">§ 11</entry><entry VJ="1" colname="col2">Übertragung von Tätigkeiten an Dritte</entry></row><row><entry VJ="1" colname="col1">§ 12</entry><entry VJ="1" colname="col2">Vereinigungen anerkannter Erzeugerorganisationen</entry></row></tbody></tgroup></table><P/><Ident Class="S0">Abschnitt 3</Ident><P/><Title Align="auto" Class="S0">Branchenverbände</Title><P/><table colsep="0" frame="none" pgwide="1" rowsep="0" tocentry="%yes;"><tgroup align="left" char="" charoff="50" cols="2"><colspec colname="col1" colwidth="10*"/><colspec align="justify" colname="col2" colwidth="70*"/><tbody valign="top"><row><entry VJ="1" colname="col1">§ 13</entry><entry VJ="1" colname="col2">Ziele</entry></row><row><entry VJ="1" colname="col1">§ 14</entry><entry VJ="1" colname="col2">Zusammensetzung der Mitglieder</entry></row></tbody></tgroup></table><P/><Ident Class="S0">Abschnitt 4</Ident><P/><Title Align="auto" Class="S0">Allgemeinverbindlichkeit</Title><P/><table colsep="0" frame="none" pgwide="1" rowsep="0" tocentry="%yes;"><tgroup align="left" char="" charoff="50" cols="2"><colspec colname="col1" colwidth="10*"/><colspec align="justify" colname="col2" colwidth="70*"/><tbody valign="top"><row><entry VJ="1" colname="col1">§ 15</entry><entry VJ="1" colname="col2">Antragsberechtigung</entry></row><row><entry VJ="1" colname="col1">§ 16</entry><entry VJ="1" colname="col2">Antragsverfahren und Anhörung</entry></row><row><entry VJ="1" colname="col1">§ 17</entry><entry VJ="1" colname="col2">Vorzeitige Aufhebung</entry></row></tbody></tgroup></table><P/><Ident Class="S0">Abschnitt 5</Ident><P/><Title Align="auto" Class="S0">Vereinbarungen und Beschlüsse<BR/> bei schweren Ungleichgewichten auf den Märkten</Title><P/><table colsep="0" frame="none" pgwide="1" rowsep="0" tocentry="%yes;"><tgroup align="left" char="" charoff="50" cols="2"><colspec colname="col1" colwidth="10*"/><colspec align="justify" colname="col2" colwidth="70*"/><tbody valign="top"><row><entry VJ="1" colname="col1">§ 18</entry><entry VJ="1" colname="col2">Mitteilungen zu Vereinbarungen und Beschlüssen bei schweren Ungleichgewichten auf den Märkten</entry></row></tbody></tgroup></table><P/><Ident Class="S0">Abschnitt 6</Ident><P/><Title Align="auto" Class="S0">Doppelmitgliedschaft; Mitteilungen der Kartellbehörde</Title><P/><table colsep="0" frame="none" pgwide="1" rowsep="0" tocentry="%yes;"><tgroup align="left" char="" charoff="50" cols="2"><colspec colname="col1" colwidth="10*"/><colspec align="justify" colname="col2" colwidth="70*"/><tbody valign="top"><row><entry VJ="1" colname="col1">§ 19</entry><entry VJ="1" colname="col2">Doppelmitgliedschaft in Erzeugerorganisationen</entry></row><row><entry VJ="1" colname="col1">§ 20</entry><entry VJ="1" colname="col2">Mitteilungen der Kartellbehörde</entry></row></tbody></tgroup></table><P/><Ident Class="S0">Abschnitt 7</Ident><P/><Title Align="auto" Class="S0">Sonderbestimmungen für den Erzeugnisbereich Zucker</Title><P/><table colsep="0" frame="none" pgwide="1" rowsep="0" tocentry="%yes;"><tgroup align="left" char="" charoff="50" cols="2"><colspec colname="col1" colwidth="10*"/><colspec align="justify" colname="col2" colwidth="70*"/><tbody valign="top"><row><entry VJ="1" colname="col1">§ 21</entry><entry VJ="1" colname="col2">Branchenvereinbarungen; anerkannte Organisationen; Mitteilungen</entry></row></tbody></tgroup></table><P/><Ident Class="S0">Abschnitt 8</Ident><P/><Title Align="auto" Class="S0">Sonderbestimmungen für den<BR/> Erzeugnisbereich Milch und Milcherzeugnisse</Title><P/><table colsep="0" frame="none" pgwide="1" rowsep="0" tocentry="%yes;"><tgroup align="left" char="" charoff="50" cols="2"><colspec colname="col1" colwidth="10*"/><colspec align="justify" colname="col2" colwidth="70*"/><tbody valign="top"><row><entry VJ="1" colname="col1">§ 22</entry><entry VJ="1" colname="col2">Einhaltung der Voraussetzungen bei Vertragsverhandlungen</entry></row><row><entry VJ="1" colname="col1">§ 23</entry><entry VJ="1" colname="col2">Mitteilungen bei Verhandlungen über Rohmilchlieferverträge</entry></row><row><entry VJ="1" colname="col1">§ 24</entry><entry VJ="1" colname="col2">Allgemeinverbindlichkeit</entry></row></tbody></tgroup></table><P/><Ident Class="S0">Abschnitt 9</Ident><P/><Title Align="auto" Class="S0">Sonderbestimmungen für den<BR/> Erzeugnisbereich landwirtschaftlicher Ethylalkohol</Title><P/><table colsep="0" frame="none" pgwide="1" rowsep="0" tocentry="%yes;"><tgroup align="left" char="" charoff="50" cols="2"><colspec colname="col1" colwidth="10*"/><colspec align="justify" colname="col2" colwidth="70*"/><tbody valign="top"><row><entry VJ="1" colname="col1">§ 25</entry><entry VJ="1" colname="col2">Anforderungen an die Erzeugung</entry></row></tbody></tgroup></table><P/><Ident Class="S0">Abschnitt 10</Ident><P/><Title Align="auto" Class="S0">Überwachung; Mitteilungen</Title><P/><table colsep="0" frame="none" pgwide="1" rowsep="0" tocentry="%yes;"><tgroup align="left" char="" charoff="50" cols="2"><colspec colname="col1" colwidth="10*"/><colspec align="justify" colname="col2" colwidth="70*"/><tbody valign="top"><row><entry VJ="1" colname="col1">§ 26</entry><entry VJ="1" colname="col2">Aufbewahrungspflicht</entry></row><row><entry VJ="1" colname="col1">§ 27</entry><entry VJ="1" colname="col2">Überwachung der Anerkennungsvoraussetzungen</entry></row><row><entry VJ="1" colname="col1">§ 28</entry><entry VJ="1" colname="col2">Mitteilungen</entry></row><row><entry VJ="1" colname="col1">§ 29</entry><entry VJ="1" colname="col2">Nicht anerkannte Erzeugerorganisationen</entry></row></tbody></tgroup></table><P/><Ident Class="S2">Teil 2</Ident><P/><Title Align="auto" Class="S2">Geschäftsbeziehungen in der Lebensmittellieferkette</Title><P/><table colsep="0" frame="none" pgwide="1" rowsep="0" tocentry="%yes;"><tgroup align="left" char="" charoff="50" cols="2"><colspec colname="col1" colwidth="10*"/><colspec align="justify" colname="col2" colwidth="70*"/><tbody valign="top"><row><entry VJ="1" colname="col1">§ 30</entry><entry VJ="1" colname="col2">Beschwerdeverfahren</entry></row><row><entry VJ="1" colname="col1">§ 31</entry><entry VJ="1" colname="col2">Jahresbericht</entry></row></tbody></tgroup></table><P/><Ident Class="S2">Teil 3</Ident><P/><Title Align="auto" Class="S2">Überwachungsbefugnisse; Duldungs-<BR/> und Mitwirkungspflichten; Ordnungswidrigkeiten</Title><P/><table colsep="0" frame="none" pgwide="1" rowsep="0" tocentry="%yes;"><tgroup align="left" char="" charoff="50" cols="2"><colspec colname="col1" colwidth="10*"/><colspec align="justify" colname="col2" colwidth="70*"/><tbody valign="top"><row><entry VJ="1" colname="col1">§ 32</entry><entry VJ="1" colname="col2">Überwachungsbefugnisse; Duldungs- und Mitwirkungspflichten</entry></row><row><entry VJ="1" colname="col1">§ 33</entry><entry VJ="1" colname="col2">Ordnungswidrigkeiten</entry></row></tbody></tgroup></table><P/><Ident Class="S2">Teil 4</Ident><P/><Title Align="auto" Class="S2">Übergangs- und Schlussbestimmungen</Title><P/><table colsep="0" frame="none" pgwide="1" rowsep="0" tocentry="%yes;"><tgroup align="left" char="" charoff="50" cols="3"><colspec colname="col1" colwidth="9.99*"/><colspec align="justify" colname="col2" colwidth="0.79*"/><colspec align="justify" colname="col3" colwidth="69.22*"/><tbody valign="top"><row><entry VJ="1" colname="col1">§ 34</entry><entry VJ="1" nameend="col3" namest="col2">Übergangsbestimmungen</entry></row><row><entry VJ="1" colname="col1">§ 35</entry><entry VJ="1" nameend="col3" namest="col2">Inkrafttreten, Außerkrafttreten</entry></row><row><entry VJ="1" nameend="col2" namest="col1">Anlage</entry><entry VJ="1" colname="col3">Ergänzungen von Erzeugnisbereichen und weitere Erzeugnisbereiche</entry></row></tbody></tgroup></table></TOC></Content></text></textdaten></norm>
<norm builddate="20230314214024" doknr="BJNR465500021BJNG000100000"><metadaten><jurabk>AgrarOLkV</jurabk><gliederungseinheit><gliederungskennzahl>010</gliederungskennzahl><gliederungsbez>Teil 1</gliederungsbez><gliederungstitel>Agrarorganisationen</gliederungstitel></gliederungseinheit></metadaten><textdaten/></norm>
<norm builddate="20230314214024" doknr="BJNR465500021BJNG000200000"><metadaten><jurabk>AgrarOLkV</jurabk><gliederungseinheit><gliederungskennzahl>010010</gliederungskennzahl><gliederungsbez>Abschnitt 1</gliederungsbez><gliederungstitel>Allgemeine Bestimmungen</gliederungstitel></gliederungseinheit></metadaten><textdaten/></norm>
<norm builddate="20230314214024" doknr="BJNR465500021BJNE000301119"><metadaten><jurabk>AgrarOLkV</jurabk><enbez>§ 1</enbez><titel format="XML">Erzeugnisbereiche</titel></metadaten><textdaten><text format="XML"><Content><P>(1) Die Bereiche von Agrarerzeugnissen, für die jeweils Agrarorganisationen anerkannt werden können, (Erzeugnisbereiche) sind <DL Font="normal" Type="arabic"><DT>1.</DT><DD Font="normal"><LA Size="normal">die Sektoren, die in Artikel 1 Absatz 2 Buchstabe a bis h und j bis w der Verordnung (EU) Nr. 1308/2013 des Europäischen Parlaments und des Rates vom 17. Dezember 2013 über eine gemeinsame Marktorganisation für landwirtschaftliche Erzeugnisse und zur Aufhebung der Verordnungen (EWG) Nr. 922/72, (EWG) Nr. 234/79, (EG) Nr. 1037/2001 und (EG) Nr. 1234/2007 des Rates (ABl. L 347 vom 20.12.2013, S. 671; L 189 vom 27.6.2014, S. 261; L 130 vom 19.5.2016, S. 18; L 34 vom 9.2.2017, S. 41; L 106 vom 6.4.2020, S. 12) in der jeweils geltenden Fassung festgelegt sind, wobei die in Abschnitt I der Anlage dieser Verordnung enthaltenen Ergänzungen einzelner dieser Sektoren als Bestandteil des jeweiligen Erzeugnisbereichs gelten, sowie</LA></DD><DT>2.</DT><DD Font="normal"><LA Size="normal">die in Abschnitt II der Anlage dieser Verordnung genannten Erzeugnisbereiche.</LA></DD></DL></P><P>(2) In den Erzeugnisbereichen nach Absatz 1 richtet sich die Anerkennung von Agrarorganisationen nach den Bestimmungen des Unionsrechts und ergänzend nach den Bestimmungen des Agrarorganisationen-und-Lieferketten-Gesetzes und dieser Verordnung.</P><P>(3) Abweichend von Absatz 1 können im Erzeugnisbereich Wein keine Branchenverbände anerkannt werden. Abweichend von Satz 1 können die Landesregierungen durch Rechtsverordnung vorsehen, dass zur Berücksichtigung besonderer regionaler Bedürfnisse Branchenverbände anerkannt werden.</P><P>(4) Für Erzeugnisbereiche außerhalb des Absatzes 1, für die eine Anerkennung von Agrarorganisationen nach anderen Vorschriften vorgesehen ist, gelten Teil 1, § 33 Absatz 1, 2 und 3 Nummer 1, § 34 und, soweit die Durchführung des Agrarorganisationenrechts betroffen ist, die §§ 32 und 33 Absatz 3 Nummer 2 und 3 dieser Verordnung nicht, soweit nicht in anderen Rechtsvorschriften etwas Abweichendes bestimmt ist.</P></Content></text><fussnoten/></textdaten></norm>
<norm builddate="20230314214024" doknr="BJNR465500021BJNE000400000"><metadaten><jurabk>AgrarOLkV</jurabk><enbez>§ 2</enbez><titel format="XML">Grundsatz der Anerkennung</titel></metadaten><textdaten><text format="XML"><Content><P>(1) Eine Agrarorganisation ist auf Antrag anzuerkennen, wenn sie folgende Voraussetzungen erfüllt: <DL Type="arabic"><DT>1.</DT><DD Font="normal"><LA>die allgemeinen Anerkennungsvoraussetzungen des § 3 und</LA></DD><DT>2.</DT><DD Font="normal"><LA>die besonderen Anerkennungsvoraussetzungen, die jeweils für die antragstellende Agrarorganisation nach dem Unionsrecht, dem Agrarorganisationen-und-Lieferketten-Gesetz und dieser Verordnung für bestimmte Agrarorganisationen oder bestimmte Erzeugnisbereiche gelten.</LA></DD></DL></P><P>(2) Für jeden Erzeugnisbereich, in dem eine Agrarorganisation tätig ist, bedarf es einer gesonderten Anerkennung.</P><P>(3) Eine anerkannte Agrarorganisation darf Folgendes nicht als von ihrer Anerkennung umfasst bezeichnen oder einen entsprechenden Eindruck erwecken: <DL Type="arabic"><DT>1.</DT><DD Font="normal"><LA>eine Tätigkeit, die sich auf außerhalb ihrer Anerkennung liegende Agrarerzeugnisse bezieht, oder</LA></DD><DT>2.</DT><DD Font="normal"><LA>Agrarerzeugnisse im Sinne der Nummer 1.</LA></DD></DL></P><P>(4) Die Wahrnehmung der Rechte und Pflichten, die einer Agrarorganisation durch das Agrarorganisationenrecht, insbesondere durch die Verordnung (EU) Nr. 1308/2013, das Agrarorganisationen-und-Lieferketten-Gesetz und diese Verordnung, zugewiesen sind, obliegt den Personen, die auf Grund der Satzung im Sinne von § 4 Absatz 1 Nummer 2 Buchstabe b des Agrarorganisationen-und-Lieferketten-Gesetzes (Satzung) der Agrarorganisation zur Vertretung derselben im Rechtsverkehr bestellt sind.</P></Content></text></textdaten></norm>
<norm builddate="20230314214024" doknr="BJNR465500021BJNE000500000"><metadaten><jurabk>AgrarOLkV</jurabk><enbez>§ 3</enbez><titel format="XML">Allgemeine Anerkennungsvoraussetzungen</titel></metadaten><textdaten><text format="XML"><Content><P>Eine Agrarorganisation muss <DL Type="arabic"><DT>1.</DT><DD Font="normal"><LA>eine juristische Person des Privatrechts oder des öffentlichen Rechts oder eine Personenvereinigung des Privatrechts sein,</LA></DD><DT>2.</DT><DD Font="normal"><LA>ihre Gründung auf eine Initiative ihrer Gründungsmitglieder zurückführen können,</LA></DD><DT>3.</DT><DD Font="normal"><LA>soweit es sich nicht um einen Branchenverband handelt, ihren Hauptsitz in einem Land haben, in dem sie <DL Type="alpha"><DT>a)</DT><DD Font="normal"><LA>über Mitglieder verfügt und</LA></DD><DT>b)</DT><DD Font="normal"><LA>eine im Vergleich mit ihrer Gesamttätigkeit nicht nur unbedeutende Tätigkeit entfaltet,</LA></DD></DL></LA></DD><DT>4.</DT><DD Font="normal"><LA>eine Satzung haben, die Bestimmungen enthält <DL Type="alpha"><DT>a)</DT><DD Font="normal"><LA>zu ihrem Namen,</LA></DD><DT>b)</DT><DD Font="normal"><LA>zu ihrem Hauptsitz,</LA></DD><DT>c)</DT><DD Font="normal"><LA>zur Erfüllung der Anerkennungsvoraussetzungen,</LA></DD><DT>d)</DT><DD Font="normal"><LA>zur Ausübung einer demokratischen Kontrolle der Mitglieder über die Agrarorganisation als Ganzes und die Entscheidungen der Agrarorganisation,</LA></DD><DT>e)</DT><DD Font="normal"><LA>zu Mitgliedschaftsbeiträgen,</LA></DD><DT>f)</DT><DD Font="normal"><LA>zur sachgerechten Ausübung der Aufgaben,</LA></DD><DT>g)</DT><DD Font="normal"><LA>zur Aufnahme neuer Mitglieder und der Beendigung der Mitgliedschaft,</LA></DD><DT>h)</DT><DD Font="normal"><LA>zu Sanktionen bei Verstößen gegen die Mitgliedschaftspflichten und</LA></DD><DT>i)</DT><DD Font="normal"><LA>zur Einrichtung von Zweigstellen.</LA></DD></DL></LA></DD></DL></P></Content></text></textdaten></norm>
<norm builddate="20230314214024" doknr="BJNR465500021BJNE000600000"><metadaten><jurabk>AgrarOLkV</jurabk><enbez>§ 4</enbez><titel format="XML">Anerkennungsverfahren</titel></metadaten><textdaten><text format="XML"><Content><P>(1) Die Anerkennung ist bei der zuständigen Stelle zu beantragen. Dem Antrag sind beizufügen: <DL Type="arabic"><DT>1.</DT><DD Font="normal"><LA>die geltende Satzung der Agrarorganisation und die Verträge, die im Rahmen des § 11 geschlossen worden sind,</LA></DD><DT>2.</DT><DD Font="normal"><LA>eine Liste mit Namen, im Falle natürlicher Personen der Vornamen und Nachnamen, aller zum Zeitpunkt des Antrages vorhandenen Mitglieder der Agrarorganisation einschließlich deren jeweiliger Anschrift,</LA></DD><DT>3.</DT><DD Font="normal"><LA>ein Nachweis für jedes in Nummer 2 genannte Mitglied, dass es die Anforderungen des Agrarorganisationenrechts an die Mitgliedschaft erfüllt, sowie</LA></DD><DT>4.</DT><DD Font="normal"><LA>ein Nachweis, dass die antragstellende Agrarorganisation die Voraussetzung des § 3 Nummer 1 erfüllt.</LA></DD></DL>Soweit eine nicht in einem amtlichen Register eintragungsfähige Personenvereinigung einen Antrag auf Anerkennung stellt, hat diese abweichend von Satz 2 Nummer 4 eine beglaubigte Abschrift des Gründungsdokuments beizufügen. Die Agrarorganisation hat auf Verlangen der zuständigen Stelle weitere Angaben zu machen und Nachweise vorzulegen, soweit die auf Grund der Sätze 2 und 3 eingereichten Unterlagen für die Prüfung der Anerkennungsvoraussetzungen nicht ausreichend sind und soweit dies für die Prüfung der Anerkennung erforderlich ist.</P><P>(2) Über den Antrag ist innerhalb von vier Monaten ab dem Vorliegen der für die Prüfung der Anerkennung erforderlichen Angaben und Unterlagen durch Bescheid zu entscheiden. Fehlen erforderliche Angaben oder Unterlagen, unterrichtet die Behörde die antragstellende Agrarorganisation hiervon.</P><P>(3) Eine anerkannte Agrarorganisation hat der zuständigen Stelle jede Änderung eines für die Erfüllung der Antragsvoraussetzungen maßgeblichen Sachverhaltes, die sich nach der Anerkennung ergibt, insbesondere jede rechtswirksame Änderung der Satzung, innerhalb von drei Monaten ab dem Wirksamwerden der Änderung mitzuteilen. Der Mitteilung sind die zum Nachweis geeigneten Unterlagen beizufügen.</P><P>(4) Wird die Festlegung des Hauptsitzes in der Satzung geändert und ändert sich dadurch die örtliche Zuständigkeit für die Anerkennung, ist die Änderung der Satzung der bis zum Wirksamwerden der Änderung zuständigen Stelle mitzuteilen. Diese Stelle unterrichtet die neue zuständige Stelle über die Satzungsänderung unter Beifügung der Satzung.</P><P>(5) Ist eine Anerkennung aufgehoben worden oder in sonstiger Weise weggefallen, kann die Agrarorganisation frühestens ein Jahr nach dem Wirksamwerden des Wegfalls erneut anerkannt werden. Die zuständige Stelle kann in Fällen besonderer Härte die Frist nach Satz 1 verkürzen.</P></Content></text></textdaten></norm>
<norm builddate="20230314214024" doknr="BJNR465500021BJNE000701119"><metadaten><jurabk>AgrarOLkV</jurabk><enbez>§ 5</enbez><titel format="XML">Rücknahme, Widerruf und Ruhen der Anerkennung; Änderung der Anerkennungsvoraussetzungen</titel></metadaten><textdaten><text format="XML"><Content><P>(1) Die Anerkennung ist unbeschadet des § 48 des Verwaltungsverfahrensgesetzes zurückzunehmen, wenn eine Anerkennungsvoraussetzung bei der Anerkennung nicht gegeben war. Sie ist zu widerrufen, wenn nachträglich eine Anerkennungsvoraussetzung nicht mehr erfüllt wird. Anstelle der Rücknahme oder des Widerrufs kann die zuständige Stelle das Ruhen der Anerkennung anordnen, wenn Tatsachen die Annahme rechtfertigen, dass der Grund für die Rücknahme oder den Widerruf innerhalb einer angemessenen Frist beseitigt werden wird.</P><P>(2) Unbeschadet des Absatzes 1 Satz 2 und des § 49 des Verwaltungsverfahrensgesetzes kann die Anerkennung widerrufen werden, wenn <DL Font="normal" Type="arabic"><DT>1.</DT><DD Font="normal"><LA Size="normal">eine Agrarorganisation wiederholt verstößt gegen <DL Font="normal" Type="alpha"><DT>a)</DT><DD Font="normal"><LA Size="normal">Bestimmungen in den Artikeln 149, 152 bis 165, 166a und 167 der Verordnung (EU) Nr. 1308/2013 und in den auf der Grundlage der Artikel 166, 173 und 174 der Verordnung (EU) Nr. 1308/2013 erlassenen Rechtsakten oder</LA></DD><DT>b)</DT><DD Font="normal"><LA Size="normal">Bestimmungen dieser Verordnung, die den in Buchstabe a bezeichneten Bestimmungen entsprechen, oder</LA></DD></DL></LA></DD><DT>2.</DT><DD Font="normal"><LA Size="normal">im Bereich der unter die Anerkennung fallenden Tätigkeiten fortgesetzt ein schwerwiegender Rechtsverstoß begangen wird, der der Agrarorganisation zurechenbar ist und durch den das Erscheinungsbild der Agrarorganisation so erheblich beeinträchtigt wird oder werden kann, dass eine staatliche Anerkennung dazu in Widerspruch steht.</LA></DD></DL>Soweit anderweitiges Fachrecht betroffen ist, hat die erforderliche Anhörung der Agrarorganisation unter Beteiligung der jeweils zuständigen Fachbehörde zu erfolgen. Anstelle des Widerrufs kann entsprechend Absatz 1 Satz 3 das Ruhen der Anerkennung angeordnet werden.</P><P>(3) Ändert sich nach der Anerkennung eine Anerkennungsvoraussetzung des Agrarorganisationenrechts, müssen die betroffenen Agrarorganisationen die geänderte Anerkennungsvoraussetzung innerhalb von zwölf Monaten nach dem Wirksamwerden der Änderung erfüllen. Weist die zuständige Stelle die Agrarorganisation auf die Änderung schriftlich hin, muss die Agrarorganisation der zuständigen Stelle auf Verlangen bis zum Ablauf der in Satz 1 genannten Frist mitteilen, dass sie die geänderte Anerkennungsvoraussetzung erfüllt. Erfolgt keine Mitteilung nach Satz 2 oder erfüllt die Agrarorganisation die geänderte Anerkennungsvoraussetzung bis zum Ablauf der in Satz 1 genannten Frist nicht, ordnet die zuständige Stelle das Erlöschen der Anerkennung durch Bescheid an. Anstelle des Erlöschens kann das Ruhen der Anerkennung angeordnet werden, wenn Tatsachen die Annahme rechtfertigen, dass die nicht erfüllte Anerkennungsvoraussetzung innerhalb einer angemessenen Frist erfüllt werden wird.</P><P>(4) Wird die Möglichkeit der Anerkennung für bestimmte Agrarorganisationen aufgehoben, erlischt die Anerkennung der betroffenen Agrarorganisationen nach Ablauf von zwölf Monaten ab der Aufhebung. In Fällen besonderer Härte kann auf Antrag die in Satz 1 genannte Frist um höchstens sechs Monate verlängert werden. Das Erlöschen der Anerkennung ist von der zuständigen Stelle durch Bescheid festzustellen.</P><P>(5) Auf die Anerkennung kann jederzeit schriftlich gegenüber der zuständigen Stelle verzichtet werden. Der Verzicht ist durch Bescheid festzustellen und wird mit dieser Feststellung wirksam.</P></Content></text><fussnoten/></textdaten></norm>
<norm builddate="20230314214024" doknr="BJNR465500021BJNE000800000"><metadaten><jurabk>AgrarOLkV</jurabk><enbez>§ 6</enbez><titel format="XML">Verstoß gegen Kartellrecht</titel></metadaten><textdaten><text format="XML"><Content><P>Leitet die zuständige Kartellbehörde ein Verfahren gegen eine anerkannte Agrarorganisation wegen Verstoßes gegen eine kartellrechtliche Bestimmung ein, unterrichtet sie die zuständige Stelle davon und kann von dieser für das Verfahren erforderliche Angaben und Unterlagen anfordern. Trifft die zuständige Kartellbehörde in dem Verfahren eine Entscheidung gegenüber der Agrarorganisation, hat sie die Entscheidung der zuständigen Stelle nachrichtlich zu übermitteln. Nach Rechtskraft oder rechtskräftiger Aufhebung der Entscheidung gilt Satz 2 entsprechend.</P></Content></text></textdaten></norm>
<norm builddate="20230314214024" doknr="BJNR465500021BJNE000900000"><metadaten><jurabk>AgrarOLkV</jurabk><enbez>§ 7</enbez><titel format="XML">Agrarorganisationenregister</titel></metadaten><textdaten><text format="XML"><Content><P>(1) Zuständige Stelle für die Führung des Agrarorganisationenregisters ist abweichend von § 8 Absatz 1 des Agrarorganisationen-und-Lieferketten-Gesetzes die Bundesanstalt für Landwirtschaft und Ernährung (Bundesanstalt).</P><P>(2) Die in § 8 Absatz 1 des Agrarorganisationen-und-Lieferketten-Gesetzes genannten Stellen übermitteln der Bundesanstalt zum Ablauf jedes Vierteljahres eines Kalenderjahres die in § 8 Absatz 1 und 3 Satz 1 des Agrarorganisationen-und-Lieferketten-Gesetzes genannten Daten in einer elektronisch verarbeitungsfähigen Form und getrennt nach den einzelnen Agrarorganisationen. Die Bundesanstalt kann für die Übermittlung Anforderungen an das Datenformat und die Datenfelder im Bundesanzeiger bekannt machen.</P></Content></text></textdaten></norm>
<norm builddate="20230314214024" doknr="BJNR465500021BJNG000300000"><metadaten><jurabk>AgrarOLkV</jurabk><gliederungseinheit><gliederungskennzahl>010020</gliederungskennzahl><gliederungsbez>Abschnitt 2</gliederungsbez><gliederungstitel>Erzeugerorganisationen und deren Vereinigungen</gliederungstitel></gliederungseinheit></metadaten><textdaten/></norm>
<norm builddate="20230314214024" doknr="BJNR465500021BJNE001000000"><metadaten><jurabk>AgrarOLkV</jurabk><enbez>§ 8</enbez><titel format="XML">Ziele</titel></metadaten><textdaten><text format="XML"><Content><P>Jede Erzeugerorganisation hat mindestens eines der folgenden Ziele ganz oder teilweise zu verfolgen: <DL Type="arabic"><DT>1.</DT><DD Font="normal"><LA>Sicherstellung einer planvollen und insbesondere in quantitativer und qualitativer Hinsicht nachfragegerechten Erzeugung,</LA></DD><DT>2.</DT><DD Font="normal"><LA>Bündelung des Angebots und Vermarktung der Erzeugung ihrer Mitglieder oder</LA></DD><DT>3.</DT><DD Font="normal"><LA>Verringerung der Produktionskosten und Stabilisierung der Erzeugerpreise.</LA></DD></DL></P></Content></text></textdaten></norm>
<norm builddate="20230314214024" doknr="BJNR465500021BJNE001101119"><metadaten><jurabk>AgrarOLkV</jurabk><enbez>§ 9</enbez><titel format="XML">Mitgliedschaft</titel></metadaten><textdaten><text format="XML"><Content><P>(1) Mitglied in einer Erzeugerorganisation kann nur sein, wer <DL Font="normal" Type="arabic"><DT>1.</DT><DD Font="normal"><LA Size="normal">Agrarurerzeugnisse erzeugt, <DL Font="normal" Type="alpha"><DT>a)</DT><DD Font="normal"><LA Size="normal">die zu dem Erzeugnisbereich gehören, der von der Erzeugerorganisation abgedeckt ist, oder</LA></DD><DT>b)</DT><DD Font="normal"><LA Size="normal">aus denen von ihr oder ihm oder der Erzeugerorganisation ein Agrarverarbeitungserzeugnis hergestellt wird, das zu dem von der Erzeugerorganisation abgedeckten Erzeugnisbereich gehört, und</LA></DD></DL></LA></DD><DT>2.</DT><DD Font="normal"><LA Size="normal">vorbehaltlich des Satzes 2 oder des Absatzes 2 nicht Mitglied einer anderen Erzeugerorganisation in diesem Erzeugnisbereich ist.</LA></DD></DL>Satz 1 Nummer 2 gilt nicht im Erzeugnisbereich Milch und Milcherzeugnisse.</P><P>(2) Abweichend von Absatz 1 Satz 1 Nummer 2 kann einer Erzeugerorganisation auch eine erzeugende Person, die zugleich Mitglied einer oder mehrerer anderer Erzeugerorganisationen in diesem Erzeugnisbereich ist, nach Maßgabe der Sätze 2 bis 4 angehören. Die betreffende Person muss zwei getrennte Produktionseinheiten in unterschiedlichen geografischen Gebieten besitzen. Soweit eine oder mehrere Produktionseinheiten in einem anderen geografischen Gebiet liegen, darf die erzeugende Person für diese Produktionseinheiten einer anderen Erzeugerorganisation angehören. Unterschiedliche geografische Gebiete liegen vor, wenn die betroffenen Erzeugerorganisationen unterschiedliche räumliche Bereiche abdecken.</P><P>(3) Für den Fall, dass eine erzeugende Person während ihrer Mitgliedschaft die nach Absatz 1 Satz 1 Nummer 1 vorgeschriebene Erzeugung einstellt, muss die Satzung einer Erzeugerorganisation vorsehen, dass das Mitglied, vorbehaltlich einer Mitgliedschaft im Sinne des Absatzes 4, innerhalb eines Jahres nach der Einstellung aus der Erzeugerorganisation ausscheidet, sofern vereins- oder gesellschaftsrechtliche Vorschriften nicht entgegenstehen.</P><P>(4) Wer keine Agrarurerzeugnisse erzeugt, kann inaktives Mitglied in einer Erzeugerorganisation sein, wenn die Satzung vorsieht, dass die aktiven Mitglieder die nach der Satzung jeweils erforderliche Mehrheit der Stimmrechte in den Organen der Erzeugerorganisation besitzen. Inaktive Mitglieder können nicht zur Erfüllung von Anerkennungsvoraussetzungen beitragen.</P><P>(5) Die Erzeugerorganisation hat der zuständigen Stelle bis zum 31. Januar eines jeden Jahres eine Liste mit den Angaben nach § 4 Absatz 1 Satz 2 Nummer 2 zu übermitteln, bezogen auf die Mitglieder zum 31. Dezember des Vorjahres. Aus der Liste müssen die Änderungen gegenüber der Übermittlung im Vorjahr hervorgehen.</P></Content></text><fussnoten/></textdaten></norm>
<norm builddate="20230314214024" doknr="BJNR465500021BJNE001200000"><metadaten><jurabk>AgrarOLkV</jurabk><enbez>§ 10</enbez><titel format="XML">Mindestmitgliederzahl; Andienungspflicht; Reichweite der Anerkennung</titel></metadaten><textdaten><text format="XML"><Content><P>(1) Eine Erzeugerorganisation muss mindestens fünf aktive Mitglieder haben.</P><P>(2) Die Mitglieder einer Erzeugerorganisation sind verpflichtet, mindestens 90 Prozent der von ihren zur Veräußerung bestimmten Agrarerzeugnisse, die in den Tätigkeitsbereich der Erzeugerorganisation fallen, durch die Erzeugerorganisation zum Verkauf anbieten zu lassen (Andienungspflicht).</P><P>(3) Die Erzeugerorganisation kann durch einen Beschluss ihres für die wesentlichen Entscheidungen zuständigen Organs, für den eine Mehrheit von zwei Dritteln der abgegebenen Stimmen erforderlich ist, die Andienungspflicht ganz oder teilweise aufheben. Insoweit soll der Verkauf der Agrarerzeugnisse nach gemeinsamen Verkaufsregeln erfolgen.</P><P>(4) Wird die Mindestmitgliederzahl nur kurzzeitig unterschritten oder wird die Andienungspflicht nur unwesentlich verletzt, rechtfertigt dies für sich einen Widerruf oder eine Anordnung des Ruhens der Anerkennung nach § 5 Absatz 1 Satz 2 und 3 und Absatz 2 nicht.</P><P>(5) Die Anerkennung erstreckt sich nur auf Agrarurerzeugnisse und Agrarverarbeitungserzeugnisse im Sinne des § 9 Absatz 1 Satz 1 Nummer 1.</P></Content></text></textdaten></norm>
<norm builddate="20230314214024" doknr="BJNR465500021BJNE001300000"><metadaten><jurabk>AgrarOLkV</jurabk><enbez>§ 11</enbez><titel format="XML">Übertragung von Tätigkeiten an Dritte</titel></metadaten><textdaten><text format="XML"><Content><P>Sieht die Satzung einer Erzeugerorganisation vor, dass nach Maßgabe des Unionsrechts Tätigkeiten an Dritte übertragen werden dürfen, muss die Satzung sicherstellen, dass die oder der jeweilige Dritte der Aufsicht der Erzeugerorganisation unterliegt. Das nach Satz 1 maßgebliche Unionsrecht gilt für Nicht-<NB>Anhang-I-Erzeugnisse</NB> im Sinne des § 2 Absatz 2 Nummer 2 des Agrarorganisationen-und-Lieferketten-Gesetzes entsprechend.</P></Content></text></textdaten></norm>
<norm builddate="20230314214024" doknr="BJNR465500021BJNE001400000"><metadaten><jurabk>AgrarOLkV</jurabk><enbez>§ 12</enbez><titel format="XML">Vereinigungen anerkannter Erzeugerorganisationen</titel></metadaten><textdaten><text format="XML"><Content><P>(1) Jede Vereinigung hat mindestens eines der in § 8 genannten Ziele ganz oder teilweise zu verfolgen.</P><P>(2) Eine Vereinigung muss mindestens zwei aktive Mitglieder haben.</P><P>(3) Mitglied einer Vereinigung kann nur eine im Anwendungsbereich des Agrarorganisationen-und-Lieferketten-Gesetzes anerkannte Erzeugerorganisation sein, die in dem von der Vereinigung abgedeckten Erzeugnisbereich tätig ist. Eine anerkannte Erzeugerorganisation darf, ausgenommen im Erzeugnisbereich Milch und Milcherzeugnisse, nur Mitglied einer einzigen Vereinigung sein, die das Ziel der Bündelung des Angebots ihrer Mitglieder verfolgt. Abweichend von Satz 2 kann eine Erzeugerorganisation in entsprechender Anwendung des § 9 Absatz 2 Satz 2 bis 4 Mitglied mehr als einer Vereinigung sein.</P><P>(4) Stellt ein Mitglied seine Tätigkeit ein, gilt § 9 Absatz 3 entsprechend. § 9 Absatz 4 gilt mit der Maßgabe, dass inaktive Mitglieder Personen sind, die keine der Voraussetzungen des Absatzes 3 Satz 1 erfüllen. Die Vereinigung hat entsprechend § 9 Absatz 5 jährlich eine Mitgliederliste zu übermitteln.</P><P>(5) Im Hinblick auf die Tätigkeit Dritter ist § 11 entsprechend anzuwenden.</P></Content></text></textdaten></norm>
<norm builddate="20230314214024" doknr="BJNR465500021BJNG000400000"><metadaten><jurabk>AgrarOLkV</jurabk><gliederungseinheit><gliederungskennzahl>010030</gliederungskennzahl><gliederungsbez>Abschnitt 3</gliederungsbez><gliederungstitel>Branchenverbände</gliederungstitel></gliederungseinheit></metadaten><textdaten/></norm>
<norm builddate="20230314214024" doknr="BJNR465500021BJNE001500000"><metadaten><jurabk>AgrarOLkV</jurabk><enbez>§ 13</enbez><titel format="XML">Ziele</titel></metadaten><textdaten><text format="XML"><Content><P>(1) Ein Branchenverband dient dazu, das Verständnis der in einem Erzeugnisbereich tätigen Wirtschaftsbeteiligten füreinander zu fördern und gemeinsame Interessen zur Förderung des Erzeugnisbereichs zu verfolgen.</P><P>(2) Insbesondere kann ein Branchenverband folgende Ziele verfolgen: <DL Type="arabic"><DT>1.</DT><DD Font="normal"><LA>Marktforschung und Werbung,</LA></DD><DT>2.</DT><DD Font="normal"><LA>Verbesserung der Erzeugung, Verarbeitung und Vermarktung,</LA></DD><DT>3.</DT><DD Font="normal"><LA>Förderung der guten fachlichen Praxis der landwirtschaftlichen Erzeugung und</LA></DD><DT>4.</DT><DD Font="normal"><LA>Förderung der Produktqualität, des ökologischen Landbaus und regionaler Produkte.</LA></DD></DL></P><P>(3) Der Branchenverband darf nicht <DL Type="arabic"><DT>1.</DT><DD Font="normal"><LA>Agrarerzeugnisse erzeugen, verarbeiten oder vermarkten,</LA></DD><DT>2.</DT><DD Font="normal"><LA>Mengen- und Preisabsprachen sowie damit vergleichbare Handlungen vornehmen,</LA></DD><DT>3.</DT><DD Font="normal"><LA>Wettbewerbsverzerrungen hervorrufen oder</LA></DD><DT>4.</DT><DD Font="normal"><LA>Handlungen vornehmen, die <DL Type="alpha"><DT>a)</DT><DD Font="normal"><LA>zur Erreichung der mit der Tätigkeit des Branchenverbandes verfolgten Ziele der gemeinsamen Agrarpolitik nicht unbedingt erforderlich sind oder</LA></DD><DT>b)</DT><DD Font="normal"><LA>das ordnungsgemäße Funktionieren der gemeinsamen Organisation der Agrarmärkte gefährden.</LA></DD></DL></LA></DD></DL></P></Content></text></textdaten></norm>
<norm builddate="20230314214024" doknr="BJNR465500021BJNE001600000"><metadaten><jurabk>AgrarOLkV</jurabk><enbez>§ 14</enbez><titel format="XML">Zusammensetzung der Mitglieder</titel></metadaten><textdaten><text format="XML"><Content><P>(1) Ein Branchenverband für einen Erzeugnisbereich muss Mitglieder haben, die tätig sind in <DL Type="arabic"><DT>1.</DT><DD Font="normal"><LA>der Erzeugung und</LA></DD><DT>2.</DT><DD Font="normal"><LA>der Verarbeitung oder des Handels.</LA></DD></DL></P><P>(2) Die Mitglieder müssen <DL Type="arabic"><DT>1.</DT><DD Font="normal"><LA>in dem jeweiligen Erzeugnisbereich tätig sein und</LA></DD><DT>2.</DT><DD Font="normal"><LA>jeweils in ihrer Gesamtheit für die nach Absatz 1 in dem betreffenden Branchenverband vertretenen Gruppen einen wesentlichen Anteil an der wirtschaftlichen Tätigkeit in dem betreffenden Erzeugnisbereich mindestens auf regionaler Ebene darstellen.</LA></DD></DL>Beschränkt sich der Branchenverband in seiner Satzung auf den Teil eines Erzeugnisbereichs und stellt dieser Teil einen eigenständigen Markt dar, bezieht sich der wesentliche Anteil im Sinne des Satzes 1 Nummer 2 auf diesen Teil des Erzeugnisbereichs.</P></Content></text></textdaten></norm>
<norm builddate="20230314214024" doknr="BJNR465500021BJNG000500000"><metadaten><jurabk>AgrarOLkV</jurabk><gliederungseinheit><gliederungskennzahl>010040</gliederungskennzahl><gliederungsbez>Abschnitt 4</gliederungsbez><gliederungstitel>Allgemeinverbindlichkeit</gliederungstitel></gliederungseinheit></metadaten><textdaten/></norm>
<norm builddate="20230314214024" doknr="BJNR465500021BJNE001700000"><metadaten><jurabk>AgrarOLkV</jurabk><enbez>§ 15</enbez><titel format="XML">Antragsberechtigung</titel></metadaten><textdaten><text format="XML"><Content><P>Soweit nach dieser Verordnung für einen Erzeugnisbereich die Möglichkeit eröffnet ist, Vorschriften einer Agrarorganisation für allgemeinverbindlich zu erklären, ist antragsberechtigt im Sinne des § 5 Absatz 3 Nummer 1 des Agrarorganisationen-und-Lieferketten-Gesetzes eine anerkannte Agrarorganisation, die nach Maßgabe des Artikels 164 Absatz 1 in Verbindung mit Absatz 2 und 3 der Verordnung (EU) Nr. 1308/2013 repräsentativ für die Erzeugung, Vermarktung oder Verarbeitung eines Erzeugnisses in einem räumlichen Bereich ist.</P></Content></text></textdaten></norm>
<norm builddate="20230314214024" doknr="BJNR465500021BJNE001800000"><metadaten><jurabk>AgrarOLkV</jurabk><enbez>§ 16</enbez><titel format="XML">Antragsverfahren und Anhörung</titel></metadaten><textdaten><text format="XML"><Content><P>(1) Der Antrag einer Agrarorganisation auf Erklärung der Allgemeinverbindlichkeit einer Vorschrift muss enthalten: <DL Type="arabic"><DT>1.</DT><DD Font="normal"><LA>die Bezeichnung des Erzeugnisbereichs, für den der Antrag gestellt wird,</LA></DD><DT>2.</DT><DD Font="normal"><LA>den Wortlaut der Vorschrift, die für allgemeinverbindlich erklärt werden soll,</LA></DD><DT>3.</DT><DD Font="normal"><LA>die Angabe, auf welches der in Artikel 164 Absatz 4 der Verordnung (EU) Nr. 1308/2013 genannten Ziele die Vorschrift gerichtet ist,</LA></DD><DT>4.</DT><DD Font="normal"><LA>den räumlichen Bereich, auf den sich der Antrag bezieht,</LA></DD><DT>5.</DT><DD Font="normal"><LA>eine Angabe zur angestrebten Dauer der Allgemeinverbindlichkeit,</LA></DD><DT>6.</DT><DD Font="normal"><LA>Unterlagen zum Nachweis, dass die Voraussetzungen des § 5 Absatz 2 des Agrarorganisationen-und-Lieferketten-Gesetzes und des § 15 erfüllt sind, sowie</LA></DD><DT>7.</DT><DD Font="normal"><LA>eine ausführliche Begründung des Antrags.</LA></DD></DL></P><P>(2) Das Bundesministerium für Ernährung und Landwirtschaft (Bundesministerium) hat den vollständigen Antrag einschließlich der in Absatz 1 Nummer 6 genannten Unterlagen im Bundesanzeiger bekannt zu geben und allen Betroffenen Gelegenheit zur Stellungnahme binnen einer in der Bekanntmachung festgesetzten angemessenen Frist zu geben. Ferner hat das Bundesministerium die betroffenen Länder und Verbände frühzeitig anzuhören.</P><P>(3) Liegt der räumliche Bereich, für den die Allgemeinverbindlichkeit gelten soll, nur innerhalb eines Landes, gilt Absatz 2 für die Landesregierung oder die oberste Landesbehörde, der die Befugnis zum Erlass der Rechtsverordnung nach § 5 Absatz 6 Satz 2 des Agrarorganisationen-und-Lieferketten-Gesetzes übertragen wurde, entsprechend.</P></Content></text></textdaten></norm>
<norm builddate="20230314214024" doknr="BJNR465500021BJNE001900000"><metadaten><jurabk>AgrarOLkV</jurabk><enbez>§ 17</enbez><titel format="XML">Vorzeitige Aufhebung</titel></metadaten><textdaten><text format="XML"><Content><P>(1) Die Agrarorganisation hat dem Bundesministerium oder im Falle des § 16 Absatz 3 der zuständigen Behörde des Landes unverzüglich jede für die Erfüllung der Anordnungsvoraussetzungen nach § 5 Absatz 1 und 2 des Agrarorganisationen-und-Lieferketten-Gesetzes maßgebliche Änderung mitzuteilen.</P><P>(2) Die auf Grund des § 5 Absatz 1, auch in Verbindung mit Absatz 6, des Agrarorganisationen-und-Lieferketten-Gesetzes erlassene Rechtsverordnung ist aufzuheben, wenn <DL Type="arabic"><DT>1.</DT><DD Font="normal"><LA>die Vorschrift, deren Allgemeinverbindlichkeit angeordnet ist, geändert wurde, außer Kraft getreten ist oder sich anderweitig erledigt hat,</LA></DD><DT>2.</DT><DD Font="normal"><LA>die Voraussetzungen des § 15 nicht mehr vorliegen oder</LA></DD><DT>3.</DT><DD Font="normal"><LA>die Erfassung der Nichtmitglieder nach überwiegender Wahrscheinlichkeit nicht mehr erforderlich ist, um negative Folgen für den betreffenden Erzeugnisbereich zu vermindern.</LA></DD></DL>Eine Aufhebung nach Satz 1 Nummer 2 oder 3 darf nur nach Anhörung der Betroffenen erfolgen.</P></Content></text></textdaten></norm>
<norm builddate="20230314214024" doknr="BJNR465500021BJNG000600000"><metadaten><jurabk>AgrarOLkV</jurabk><gliederungseinheit><gliederungskennzahl>010050</gliederungskennzahl><gliederungsbez>Abschnitt 5</gliederungsbez><gliederungstitel>Vereinbarungen und Beschlüsse bei schweren Ungleichgewichten auf den Märkten</gliederungstitel></gliederungseinheit></metadaten><textdaten/></norm>
<norm builddate="20230314214024" doknr="BJNR465500021BJNE002000000"><metadaten><jurabk>AgrarOLkV</jurabk><enbez>§ 18</enbez><titel format="XML">Mitteilungen zu Vereinbarungen und Beschlüssen bei schweren Ungleichgewichten auf den Märkten</titel></metadaten><textdaten><text format="XML"><Content><P>(1) Sieht ein Durchführungsrechtsakt der Europäischen Kommission nach Artikel 222 Absatz 1, auch in Verbindung mit Absatz 3 Unterabsatz 2, der Verordnung (EU) Nr. 1308/2013 Mitteilungen von landwirtschaftlichen Erzeugerbetrieben, anerkannten Agrarorganisationen oder sonstigen Vereinigungen gegenüber Behörden vor, sind diese Mitteilungen gegenüber der Bundesanstalt vorzunehmen <DL Type="arabic"><DT>1.</DT><DD Font="normal"><LA>innerhalb der in dem Durchführungsrechtsakt bestimmten Fristen oder</LA></DD><DT>2.</DT><DD Font="normal"><LA>unverzüglich bei Fehlen einer solchen Frist.</LA></DD></DL></P><P>(2) Die Mitteilungen nach Absatz 1 sind im Falle der erstmaligen Mitteilung unter Beifügung einer Kopie der jeweiligen Vereinbarung oder des jeweiligen Beschlusses vorzunehmen.</P><P>(3) Ist eine Mitteilung nach Absatz 1 durch eine juristische Person oder eine Personenvereinigung vorzunehmen, hat sie durch die gesetzlich oder auf Grund eines Gesetzes zur Vertretung berufene Person zu erfolgen. Die zur Mitteilung verpflichtete Person kann sich durch eine bevollmächtigte Person vertreten lassen, soweit die Vollmacht der Bundesanstalt nachgewiesen wird.</P><P>(4) Die Bundesanstalt kann auf ihrer Internetseite für die in Absatz 1 genannten Mitteilungen Muster, Vordrucke oder Formulare bereitstellen. Soweit sie Muster, Vordrucke oder Formulare bereitstellt, sind diese von den zur Mitteilung Verpflichteten zu verwenden.</P><P>(5) Die Bundesanstalt übermittelt die in Absatz 1 genannten Mitteilungen nachrichtlich dem Bundeskartellamt.</P><P>(6) Die Bundesanstalt stellt im Benehmen mit dem Bundeskartellamt fest, ob die übermittelten Vereinbarungen und Beschlüsse die Voraussetzungen des Artikels 222 der Verordnung (EU) Nr. 1308/2013 und des nach Absatz 1 maßgeblichen Durchführungsrechtsakts erfüllen, und unterrichtet die mitteilende Person unverzüglich über diese Feststellung. Erfüllen die der Mitteilung beigefügten Vereinbarungen und Beschlüsse die Voraussetzungen nach Satz 1 nicht, hat die zur Mitteilung verpflichtete Person die Einhaltung der Voraussetzungen unverzüglich nach der Unterrichtung durch die Bundesanstalt sicherzustellen. Insbesondere ist die Vereinbarung oder der Beschluss unverzüglich entsprechend zu ändern oder aufzuheben. Für die geänderte Vereinbarung oder den geänderten Beschluss gelten die Sätze 1 bis 3 und die Absätze 1 bis 5 entsprechend.</P></Content></text></textdaten></norm>
<norm builddate="20230314214024" doknr="BJNR465500021BJNG000700000"><metadaten><jurabk>AgrarOLkV</jurabk><gliederungseinheit><gliederungskennzahl>010060</gliederungskennzahl><gliederungsbez>Abschnitt 6</gliederungsbez><gliederungstitel>Doppelmitgliedschaft; Mitteilungen der Kartellbehörde</gliederungstitel></gliederungseinheit></metadaten><textdaten/></norm>
<norm builddate="20230314214024" doknr="BJNR465500021BJNE002100000"><metadaten><jurabk>AgrarOLkV</jurabk><enbez>§ 19</enbez><titel format="XML">Doppelmitgliedschaft in Erzeugerorganisationen</titel></metadaten><textdaten><text format="XML"><Content><P>(1) Abweichend von Artikel 149 Absatz 2 Buchstabe d und Artikel 152 Absatz 1a Unterabsatz 2 Buchstabe d der Verordnung (EU) Nr. 1308/2013 kann einer anerkannten Erzeugerorganisation entsprechend § 9 Absatz 2 Satz 2 bis 4 auch eine Landwirtin oder ein Landwirt angehören, die oder der zugleich einer anderen anerkannten Erzeugerorganisation in diesem Erzeugnisbereich angehört.</P><P>(2) Absatz 1 gilt entsprechend für die Mitgliedschaft einer anerkannten Erzeugerorganisation in einer oder mehreren anerkannten Vereinigungen.</P></Content></text></textdaten></norm>
<norm builddate="20230314214024" doknr="BJNR465500021BJNE002200000"><metadaten><jurabk>AgrarOLkV</jurabk><enbez>§ 20</enbez><titel format="XML">Mitteilungen der Kartellbehörde</titel></metadaten><textdaten><text format="XML"><Content><P>(1) Leitet die zuständige Kartellbehörde nach Artikel 149 Absatz 6 oder Artikel 152 Absatz 1c der Verordnung (EU) Nr. 1308/2013 ein Verfahren ein, gilt § 6 Satz 1 entsprechend. Trifft sie in dem Verfahren eine Entscheidung, gilt § 6 Satz 2 und 3 entsprechend.</P><P>(2) Erlangt die zuständige Kartellbehörde Kenntnis von einem Beschluss der Europäischen Kommission in einem Verfahren nach Artikel 149 Absatz 6 oder Artikel 152 Absatz 1c der Verordnung (EU) Nr. <NB>1308/2013,</NB> teilt sie diesen der zuständigen Stelle mit.</P></Content></text></textdaten></norm>
<norm builddate="20230314214024" doknr="BJNR465500021BJNG000800000"><metadaten><jurabk>AgrarOLkV</jurabk><gliederungseinheit><gliederungskennzahl>010070</gliederungskennzahl><gliederungsbez>Abschnitt 7</gliederungsbez><gliederungstitel>Sonderbestimmungen für den Erzeugnisbereich Zucker</gliederungstitel></gliederungseinheit></metadaten><textdaten/></norm>
<norm builddate="20230314214024" doknr="BJNR465500021BJNE002301119"><metadaten><jurabk>AgrarOLkV</jurabk><enbez>§ 21</enbez><titel format="XML">Branchenvereinbarungen; anerkannte Organisationen; Mitteilungen</titel></metadaten><textdaten><text format="XML"><Content><P>(1) Ein Zuckerunternehmen hat der zuständigen Stelle des Landes, in dem sich der Hauptsitz des Unternehmens befindet, bis zum 28. Februar des laufenden Wirtschaftsjahres nach Artikel 6 Buchstabe f der Verordnung (EU) Nr. 1308/2013 die von ihm für das folgende Wirtschaftsjahr abgeschlossenen Branchenvereinbarungen zu übermitteln. Eine Branchenvereinbarung wird wirksam, wenn die zuständige Stelle des Landes nicht binnen einer Frist von vier Wochen nach vollständiger Übermittlung der Branchenvereinbarung auf Grund einer Kontrolle nach der Verordnung (EWG) Nr. 1516/74 der Kommission vom 18. Juni 1974 betreffend die von den Mitgliedstaaten, insbesondere über die zwischen Zuckerherstellern und Zuckerrübenverkäufern abgeschlossenen Verträge, auszuübende Kontrolle (ABl. L 163 vom 19.6.1974, S. 21) der Branchenvereinbarung widerspricht.</P><P>(2) Verkäuferverbände oder Gruppen von Verkäuferverbänden im Sinne des Anhangs II Teil II Abschnitt A Nummer 6 der Verordnung (EU) Nr. 1308/2013, die die jeweilige Branchenvereinbarung mit einem Zuckerunternehmen abgeschlossen haben, gelten mit Wirksamwerden der Branchenvereinbarung als anerkannt.</P><P>(3) Die zuständigen Stellen teilen dem Bundesministerium bis zum 15. Juni des jeweiligen Jahres in elektronisch verarbeitungsfähiger Form das Ergebnis der Kontrolle nach der Verordnung (EWG) Nr. 1516/74 mit.</P><P>(4) Die zuständigen Stellen teilen der Bundesanstalt bis zum 31. August eines jeden Wirtschaftsjahres in elektronisch verarbeitungsfähiger Form in Bezug auf dieses Wirtschaftsjahr die Angaben zu den Branchenvereinbarungen und Wertaufteilungsklauseln mit, die in Artikel 12 Buchstabe b in Verbindung mit Anhang III Nummer 2 Buchstabe E der Durchführungsverordnung (EU) 2017/1185 der Kommission vom 20. April 2017 mit Durchführungsbestimmungen zu den Verordnungen (EU) Nr. 1307/2013 und (EU) Nr. 1308/2013 des Europäischen Parlaments und des Rates in Bezug auf die Übermittlung von Informationen und Dokumenten an die Kommission und zur Änderung und Aufhebung mehrerer Verordnungen der Kommission (ABl. L 171 vom 4.7.2017, S. 113) in der jeweils geltenden Fassung genannt sind.</P></Content></text><fussnoten/></textdaten></norm>
<norm builddate="20230314214024" doknr="BJNR465500021BJNG000900000"><metadaten><jurabk>AgrarOLkV</jurabk><gliederungseinheit><gliederungskennzahl>010080</gliederungskennzahl><gliederungsbez>Abschnitt 8</gliederungsbez><gliederungstitel>Sonderbestimmungen für den Erzeugnisbereich Milch und Milcherzeugnisse</gliederungstitel></gliederungseinheit></metadaten><textdaten/></norm>
<norm builddate="20230314214024" doknr="BJNR465500021BJNE002400000"><metadaten><jurabk>AgrarOLkV</jurabk><enbez>§ 22</enbez><titel format="XML">Einhaltung der Voraussetzungen bei Vertragsverhandlungen</titel></metadaten><textdaten><text format="XML"><Content><P>(1) Benachrichtigt eine anerkannte Erzeugerorganisation im Erzeugnisbereich Milch und Milcherzeugnisse die zuständige Stelle im Sinne des Artikels 149 Absatz 2 Buchstabe f der Verordnung (EU) 1308/2013 über eine von Vertragsverhandlungen abgedeckte Rohmilchmenge, ist eine Erklärung darüber beizufügen, dass die Voraussetzungen des Artikels 149 Absatz 2 Buchstabe d und e der Verordnung (EU) Nr. 1308/2013, auch in Verbindung mit § 19, vorliegen. Die Bundesanstalt kann auf ihrer Internetseite Muster für die in Satz 1 genannte Benachrichtigung einschließlich der zugehörigen Erklärung oder Vordrucke oder Formulare bereitstellen. Soweit die Bundesanstalt Muster, Vordrucke oder Formulare bereitstellt, sind diese von den nach Satz 1 Verpflichteten zu verwenden.</P><P>(2) Ergibt sich aus der Benachrichtigung nach Absatz 1 Satz 1, dass die Höchstmenge an Rohmilch nach Artikel 149 Absatz 2 Buchstabe c der Verordnung (EU) Nr. 1308/2013 überschritten wird, unterrichtet die zuständige Stelle die Erzeugerorganisation hierüber innerhalb einer Woche nach Zugang der Benachrichtigung.</P><P>(3) Die Absätze 1 und 2 gelten für anerkannte Vereinigungen im Erzeugnisbereich Milch und Milcherzeugnisse entsprechend.</P></Content></text></textdaten></norm>
<norm builddate="20230314214024" doknr="BJNR465500021BJNE002501119"><metadaten><jurabk>AgrarOLkV</jurabk><enbez>§ 23</enbez><titel format="XML">Mitteilungen bei Verhandlungen über Rohmilchlieferverträge</titel></metadaten><textdaten><text format="XML"><Content><P>(1) Die zuständigen Stellen haben der Bundesanstalt in elektronisch verarbeitungsfähiger Form bis zum 1. März eines jeden Jahres die Angaben mitzuteilen, die in Artikel 3 Absatz 1 der Durchführungsverordnung (EU) Nr. 511/2012 der Kommission vom 15. Juni 2012 über Mitteilungen in Bezug auf Erzeugerorganisationen und Branchenverbände sowie Vertragsverhandlungen und -beziehungen gemäß der Verordnung (EG) Nr. 1234/2007 des Rates im Sektor Milch und Milcherzeugnisse (ABl. L 156 vom 16.6.2012, S. 39) in der jeweils geltenden Fassung genannt sind.</P><P>(2) Ergibt sich aus einer Mitteilung nach Artikel 2 Absatz 1 der Durchführungsverordnung (EU) Nr. 511/2012, dass die Vertragsverhandlungen mehr als einen Mitgliedstaat betreffen, übermittelt die zuständige Stelle die Informationen im Sinne des Artikels 3 Absatz 2 der Durchführungsverordnung (EU) Nr. 511/2012 in elektronisch verarbeitungsfähiger Form der Bundesanstalt und nachrichtlich der zuständigen Kartellbehörde.</P></Content></text><fussnoten/></textdaten></norm>
<norm builddate="20230314214024" doknr="BJNR465500021BJNE002600000"><metadaten><jurabk>AgrarOLkV</jurabk><enbez>§ 24</enbez><titel format="XML">Allgemeinverbindlichkeit</titel></metadaten><textdaten><text format="XML"><Content><P>Abschnitt 4 ist für den Erzeugnisbereich Milch und Milcherzeugnisse anzuwenden.</P></Content></text></textdaten></norm>
<norm builddate="20230314214024" doknr="BJNR465500021BJNG001000000"><metadaten><jurabk>AgrarOLkV</jurabk><gliederungseinheit><gliederungskennzahl>010090</gliederungskennzahl><gliederungsbez>Abschnitt 9</gliederungsbez><gliederungstitel>Sonderbestimmungen für den Erzeugnisbereich landwirtschaftlicher Ethylalkohol</gliederungstitel></gliederungseinheit></metadaten><textdaten/></norm>
<norm builddate="20230314214024" doknr="BJNR465500021BJNE002700000"><metadaten><jurabk>AgrarOLkV</jurabk><enbez>§ 25</enbez><titel format="XML">Anforderungen an die Erzeugung</titel></metadaten><textdaten><text format="XML"><Content><P>Abweichend von § 10 Absatz 5 dürfen im Erzeugnisbereich landwirtschaftlicher Ethylalkohol bei der Herstellung von Rohalkohol oder von unmittelbar aus Rohstoffen produziertem landwirtschaftlichen Ethylalkohol 49 Prozent der jährlich für die Herstellung erforderlichen Rohstoffe nicht von dem Hersteller erzeugte Rohstoffe sein. Ist der Hersteller eine Erzeugerorganisation, die die Rohstoffe ihrer Mitglieder verarbeitet, bezieht sich Satz 1 auf die Rohstoffe ihrer Mitglieder.</P></Content></text></textdaten></norm>
<norm builddate="20230314214024" doknr="BJNR465500021BJNG001100000"><metadaten><jurabk>AgrarOLkV</jurabk><gliederungseinheit><gliederungskennzahl>010100</gliederungskennzahl><gliederungsbez>Abschnitt 10</gliederungsbez><gliederungstitel>Überwachung; Mitteilungen</gliederungstitel></gliederungseinheit></metadaten><textdaten/></norm>
<norm builddate="20230314214024" doknr="BJNR465500021BJNE002800000"><metadaten><jurabk>AgrarOLkV</jurabk><enbez>§ 26</enbez><titel format="XML">Aufbewahrungspflicht</titel></metadaten><textdaten><text format="XML"><Content><P>Die anerkannte Agrarorganisation hat sämtliche Unterlagen, die mit ihrer Tätigkeit verbunden sind, vier Jahre vom Ende des Kalenderjahres an, auf das sich die Unterlagen beziehen, mit der Sorgfalt eines ordentlichen Kaufmanns aufzubewahren, soweit nicht nach anderen Vorschriften längere Aufbewahrungspflichten bestehen.</P></Content></text></textdaten></norm>
<norm builddate="20230314214024" doknr="BJNR465500021BJNE002900000"><metadaten><jurabk>AgrarOLkV</jurabk><enbez>§ 27</enbez><titel format="XML">Überwachung der Anerkennungsvoraussetzungen</titel></metadaten><textdaten><text format="XML"><Content><P>Die zuständige Stelle hat jährlich auf der Grundlage einer Risikoanalyse mindestens drei Prozent der in ihren Zuständigkeitsbereich fallenden anerkannten Agrarorganisationen auf die Einhaltung der Anerkennungsvoraussetzungen zu kontrollieren.</P></Content></text></textdaten></norm>
<norm builddate="20230314214024" doknr="BJNR465500021BJNE003001119"><metadaten><jurabk>AgrarOLkV</jurabk><enbez>§ 28</enbez><titel format="XML">Mitteilungen</titel></metadaten><textdaten><text format="XML"><Content><P>(1) Die zuständigen Stellen haben der Bundesanstalt in elektronisch verarbeitungsfähiger Form mitzuteilen:<DL Font="normal" Type="arabic"><DT>1.</DT><DD Font="normal"><LA Size="normal">bis zum 1. März eines jeden Jahres die Angaben, die in Artikel 5 Absatz 1 der Delegierten Verordnung (EU) 2016/232 der Kommission vom 15. Dezember 2015 zur Ergänzung der Verordnung (EU) Nr. 1308/2013 des Europäischen Parlaments und des Rates in Bezug auf bestimmte Aspekte der Zusammenarbeit zwischen Erzeugern (ABl. L 44 vom 19.2.2016, S. 1) in der jeweils geltenden Fassung genannt sind,</LA></DD><DT>2.</DT><DD Font="normal"><LA Size="normal">bis zum 15. Oktober eines jeden Jahres die Angaben, die in Artikel 5 Absatz 2 Buchstabe a und b der Delegierten Verordnung (EU) 2016/232 genannt sind.</LA></DD></DL>Für die Mitteilungen nach Satz 1 kann die Bundesanstalt elektronische Formulare bereitstellen. Sofern die Bundesanstalt elektronische Formulare bereitstellt, haben die zuständigen Stellen diese zu verwenden.</P><P>(2) Eine anerkannte Agrarorganisation hat der zuständigen Stelle alle Informationen, die für die Erfüllung von Mitteilungspflichten nach Absatz 1 erforderlich sind, mindestens einen Monat vor Ablauf der jeweiligen in Absatz 1 genannten Fristen mitzuteilen. Für die Mitteilungen nach Satz 1 kann die zuständige Stelle schriftliche oder elektronische Muster, Vordrucke oder Formulare bereitstellen. Sofern die zuständige Stelle schriftliche oder elektronische Muster, Vordrucke oder Formulare bereitstellt, hat die anerkannte Agrarorganisation diese zu verwenden.</P><P>(3) Soweit nach Unionsrecht Angaben bezüglich anerkannter Agrarorganisationen über Absatz 1 hinaus zu erheben sind, hat<DL Font="normal" Type="arabic"><DT>1.</DT><DD Font="normal"><LA Size="normal">eine anerkannte Agrarorganisation der zuständigen Stelle solche Angaben mitzuteilen,</LA></DD><DT>2.</DT><DD Font="normal"><LA Size="normal">die zuständige Stelle der Bundesanstalt solche Angaben mitzuteilen.</LA></DD></DL>Ist im Unionsrecht eine Frist für die Erhebung solcher Angaben oder für deren Übermittlung an andere Mitgliedstaaten oder an Organe der Europäischen Union festgelegt, hat die Mitteilung nach Satz 1 Nummer 1 mindestens zwei Monate und die Mitteilung nach Satz 1 Nummer 2 mindestens einen Monat vor Ablauf der betreffenden Frist zu erfolgen, soweit nicht in dieser Verordnung eine andere Frist bestimmt ist.</P><P>(4) Soweit Angaben, die im Rahmen dieser Verordnung der Bundesanstalt vorliegen, der Europäischen Union zu übermitteln sind, teilt die Bundesanstalt die Angaben nach den Vorschriften des Unionsrechts der Europäischen Union mit.</P></Content></text><fussnoten/></textdaten></norm>
<norm builddate="20230314214024" doknr="BJNR465500021BJNE003100000"><metadaten><jurabk>AgrarOLkV</jurabk><enbez>§ 29</enbez><titel format="XML">Nicht anerkannte Erzeugerorganisationen</titel></metadaten><textdaten><text format="XML"><Content><P>Soweit das Unionsrecht nicht anerkannte Erzeugerorganisationen erfasst, gelten die §§ 26 und 32 entsprechend.</P></Content></text></textdaten></norm>
<norm builddate="20230314214024" doknr="BJNR465500021BJNG001200000"><metadaten><jurabk>AgrarOLkV</jurabk><gliederungseinheit><gliederungskennzahl>020</gliederungskennzahl><gliederungsbez>Teil 2</gliederungsbez><gliederungstitel>Geschäftsbeziehungen in der Lebensmittellieferkette</gliederungstitel></gliederungseinheit></metadaten><textdaten/></norm>
<norm builddate="20230314214024" doknr="BJNR465500021BJNE003200000"><metadaten><jurabk>AgrarOLkV</jurabk><enbez>§ 30</enbez><titel format="XML">Beschwerdeverfahren</titel></metadaten><textdaten><text format="XML"><Content><P>(1) Wird nach § 25 des Agrarorganisationen-und-Lieferketten-Gesetzes Beschwerde eingelegt, bestätigt die Durchsetzungsbehörde der Beschwerdeführerin oder dem Beschwerdeführer innerhalb von vier Wochen den Eingang der Beschwerde und informiert sie oder ihn über das weitere Vorgehen.</P><P>(2) Sieht die Durchsetzungsbehörde von einer Untersuchung ab, teilt sie der Beschwerdeführerin oder dem Beschwerdeführer innerhalb von drei Monaten die Gründe hierfür mit.</P><P>(3) Die Durchsetzungsbehörde unterrichtet die Beschwerdeführerin oder den Beschwerdeführer innerhalb einer angemessenen Frist, in der Regel spätestens nach sieben, bei grenzüberschreitenden Vereinbarungen nach elf Monaten, über das Ergebnis der Beschwerde. Ist im Einzelfall eine abschließende Bewertung innerhalb des nach Satz 1 vorgegebenen Zeitraums nicht möglich, erteilt sie ihr oder ihm eine Zwischennachricht.</P><P>(4) Über die Erteilung des Einvernehmens nach § 28 Absatz 2 Satz 1 des Agrarorganisationen-und-Lieferketten-Gesetzes entscheidet das Bundeskartellamt innerhalb von einem Monat, nachdem ihm die Durchsetzungsbehörde den Entwurf der Entscheidung und die entscheidungserheblichen Informationen im Sinne des § 28 Absatz 2 Satz 4 des Agrarorganisationen-und-Lieferketten-Gesetzes übermittelt hat.</P></Content></text></textdaten></norm>
<norm builddate="20230314214024" doknr="BJNR465500021BJNE003300000"><metadaten><jurabk>AgrarOLkV</jurabk><enbez>§ 31</enbez><titel format="XML">Jahresbericht</titel></metadaten><textdaten><text format="XML"><Content><P>(1) Die Durchsetzungsbehörde teilt dem Bundesministerium bis zum 20. Februar eines jeden Jahres nach Maßgabe des Artikels 10 Absatz 2 und 3 der Richtlinie (EU) 2019/633 des Europäischen Parlaments und des Rates vom 17. April 2019 über unlautere Handelspraktiken in den Geschäftsbeziehungen zwischen Unternehmen in der Agrar- und Lebensmittelversorgungskette (ABl. L 111 vom 25.4.2019, S. 59) in Verbindung mit den einschlägigen Durchführungsrechtsakten der Kommission mit, wie die Vorschriften des Teils 3 Kapitel 1 des Agrarorganisationen-und-Lieferketten-Gesetzes und der vorliegenden Verordnung im vorausgegangenen Kalenderjahr angewandt und durchgesetzt wurden.</P><P>(2) Das Bundesministerium übermittelt den Bericht nach Artikel 10 Absatz 2 Satz 1 der Richtlinie (EU) 2019/633.</P></Content></text></textdaten></norm>
<norm builddate="20230314214024" doknr="BJNR465500021BJNG001300000"><metadaten><jurabk>AgrarOLkV</jurabk><gliederungseinheit><gliederungskennzahl>030</gliederungskennzahl><gliederungsbez>Teil 3</gliederungsbez><gliederungstitel>Überwachungsbefugnisse; Duldungs- und Mitwirkungspflichten; Ordnungswidrigkeiten</gliederungstitel></gliederungseinheit></metadaten><textdaten/></norm>
<norm builddate="20230314214024" doknr="BJNR465500021BJNE003401119"><metadaten><jurabk>AgrarOLkV</jurabk><enbez>§ 32</enbez><titel format="XML">Überwachungsbefugnisse; Duldungs- und Mitwirkungspflichten</titel></metadaten><textdaten><text format="XML"><Content><P>(1) Von der zuständigen Stelle oder der Durchsetzungsbehörde beauftragte Personen und die in ihrer Begleitung befindlichen Beschäftigten des Bundesministeriums, der Bundesanstalt, der Länder, der Europäischen Union sowie anderer Mitgliedstaaten der Europäischen Union dürfen die Anordnungen und Maßnahmen treffen, die zur Durchführung des Agrarorganisationenrechts einschließlich seiner Überwachung oder zur Überwachung der Vorgaben über Geschäftsbeziehungen in der Lebensmittellieferkette erforderlich sind, insbesondere <DL Font="normal" Type="arabic"><DT>1.</DT><DD Font="normal"><LA Size="normal">während der Geschäfts- oder Betriebszeit Grundstücke, Geschäfts-, Betriebs- und Lagerräume und Transportmittel betreten,</LA></DD><DT>2.</DT><DD Font="normal"><LA Size="normal">Besichtigungen vornehmen,</LA></DD><DT>3.</DT><DD Font="normal"><LA Size="normal">Proben entnehmen,</LA></DD><DT>4.</DT><DD Font="normal"><LA Size="normal">alle schriftlich oder elektronisch vorliegenden Geschäftsunterlagen einsehen und prüfen sowie aus diesen Unterlagen Abschriften, Auszüge, Ausdrucke oder Kopien anfertigen und</LA></DD><DT>5.</DT><DD Font="normal"><LA Size="normal">erforderliche Auskünfte verlangen.</LA></DD></DL></P><P>(2) Die Agrarorganisation, der Käufer und der Lieferant sind verpflichtet, <DL Font="normal" Type="arabic"><DT>1.</DT><DD Font="normal"><LA Size="normal">die in Absatz 1 Nummer 1 bis 4 genannten Handlungen zu dulden und</LA></DD><DT>2.</DT><DD Font="normal"><LA Size="normal">bei Maßnahmen nach Absatz 1 mitzuwirken, insbesondere auf Verlangen die Räume zu bezeichnen und ihr Betreten sowie Besichtigungen zu ermöglichen, die Entnahme von Proben zu ermöglichen, schriftlich oder elektronisch vorliegende Geschäftsunterlagen vorzulegen, Abschriften, Auszüge, Ausdrucke oder Kopien der Geschäftsunterlagen auf eigene Kosten anzufertigen und die erforderlichen Auskünfte zu erteilen.</LA></DD></DL></P><P>(3) Eine Person, die zur Erteilung einer Auskunft verpflichtet ist, kann die Auskunft auf solche Fragen verweigern, deren Beantwortung sie selbst oder einen ihrer in § 383 Absatz 1 Nummer 1 bis 3 der Zivilprozessordnung bezeichneten Angehörigen der Gefahr strafgerichtlicher Verfolgung oder eines Verfahrens nach dem Gesetz über Ordnungswidrigkeiten aussetzen würde.</P></Content></text><fussnoten/></textdaten></norm>
<norm builddate="20230314214024" doknr="BJNR465500021BJNE003501119"><metadaten><jurabk>AgrarOLkV</jurabk><enbez>§ 33</enbez><titel format="XML">Ordnungswidrigkeiten</titel></metadaten><textdaten><text format="XML"><Content><P>(1) Ordnungswidrig im Sinne des § 55 Absatz 1 Nummer 2 Buchstabe a des Agrarorganisationen-und-Lieferketten-Gesetzes handelt, wer vorsätzlich oder fahrlässig <DL Font="normal" Type="arabic"><DT>1.</DT><DD Font="normal"><LA Size="normal">entgegen § 4 Absatz 1 Satz 2 eine dort genannte Unterlage nicht richtig beifügt,</LA></DD><DT>2.</DT><DD Font="normal"><LA Size="normal">entgegen § 4 Absatz 1 Satz 4 eine Angabe nicht richtig macht oder einen Nachweis nicht richtig vorlegt,</LA></DD><DT>3.</DT><DD Font="normal"><LA Size="normal">entgegen § 4 Absatz 3 Satz 1, § 5 Absatz 3 Satz 2 oder § 17 Absatz 1 eine Mitteilung nicht, nicht richtig, nicht vollständig, nicht in der vorgeschriebenen Weise oder nicht rechtzeitig macht oder</LA></DD><DT>4.</DT><DD Font="normal"><LA Size="normal">entgegen § 22 Absatz 1 Satz 1, auch in Verbindung mit Absatz 3, eine dort genannte Erklärung nicht, nicht richtig, nicht vollständig oder nicht rechtzeitig beifügt.</LA></DD></DL></P><P>(2) Ordnungswidrig im Sinne des § 55 Absatz 1 Nummer 2 Buchstabe b des Agrarorganisationen-und-Lieferketten-Gesetzes handelt, wer vorsätzlich oder fahrlässig entgegen § 2 Absatz 3 eine dort genannte Tätigkeit oder ein dort genanntes Agrarerzeugnis bezeichnet.</P><P>(3) Ordnungswidrig im Sinne des § 55 Absatz 1 Nummer 2 Buchstabe c des Agrarorganisationen-und-Lieferketten-Gesetzes handelt, wer vorsätzlich oder fahrlässig <DL Font="normal" Type="arabic"><DT>1.</DT><DD Font="normal"><LA Size="normal">entgegen § 26 eine Unterlage nicht oder nicht mindestens vier Jahre aufbewahrt,</LA></DD><DT>2.</DT><DD Font="normal"><LA Size="normal">entgegen § 32 Absatz 2 Nummer 1 eine dort genannte Handlung nicht duldet,</LA></DD><DT>3.</DT><DD Font="normal"><LA Size="normal">entgegen § 32 Absatz 2 Nummer 2 bei einer dort genannten Maßnahme nicht mitwirkt oder</LA></DD><DT>4.</DT><DD Font="normal"><LA Size="normal">entgegen § 28 Absatz 2 Satz 1 die dort genannten Informationen nicht, nicht vollständig oder nicht rechtzeitig mitteilt.</LA></DD></DL></P><P>(4) Ordnungswidrig im Sinne des § 55 Absatz 1 Nummer 3 des Agrarorganisationen-und-Lieferketten-Gesetzes handelt, wer vorsätzlich oder fahrlässig entgegen Artikel 2 der Durchführungsverordnung (EU) Nr. 511/2012 der Kommission vom 15. Juni 2012 über Mitteilungen in Bezug auf Erzeugerorganisationen und Branchenverbände sowie Vertragsverhandlungen und -beziehungen gemäß der Verordnung (EG) Nr. 1234/2007 des Rates im Sektor Milch und Milcherzeugnisse (ABl. L 156 vom 16.6.2012, S. 39), die zuletzt durch die Durchführungsverordnung (EU) 2022/2091 (ABl. L 281 vom 31.10.2022, S. 16) geändert worden ist, eine Mitteilung nicht, nicht richtig, nicht vollständig oder nicht rechtzeitig macht.</P></Content></text><fussnoten/></textdaten></norm>
<norm builddate="20230314214024" doknr="BJNR465500021BJNG001400000"><metadaten><jurabk>AgrarOLkV</jurabk><gliederungseinheit><gliederungskennzahl>040</gliederungskennzahl><gliederungsbez>Teil 4</gliederungsbez><gliederungstitel>Übergangs- und Schlussbestimmungen</gliederungstitel></gliederungseinheit></metadaten><textdaten/></norm>
<norm builddate="20230314214024" doknr="BJNR465500021BJNE003600000"><metadaten><jurabk>AgrarOLkV</jurabk><enbez>§ 34</enbez><titel format="XML">Übergangsbestimmungen</titel></metadaten><textdaten><text format="XML"><Content><P>(1) Für Sachverhalte, die vor dem 19. Oktober 2021 entstanden sind, ist § 23 der Agrarmarktstrukturverordnung vom 15. November 2013 (BGBl. I S. 3998), die zuletzt durch Artikel 1 der Verordnung vom 6. August 2020 (BGBl. I S. 1888) geändert worden ist, weiter anzuwenden.</P><P>(2) Bis zum Ablauf des 30. Juni 2023 rechtfertigt eine nach Maßgabe des Unionsrechts, aber abweichend von der in § 11, auch in Verbindung mit § 12 Absatz 5, vorgeschriebenen Satzungsgestaltung erfolgende Übertragung von Tätigkeiten an Dritte einen Widerruf oder eine Anordnung des Ruhens der Anerkennung nach § 5 Absatz 1 Satz 2 und 3 und Absatz 2 nicht.</P></Content></text></textdaten></norm>
<norm builddate="20230314214024" doknr="BJNR465500021BJNE003700000"><metadaten><jurabk>AgrarOLkV</jurabk><enbez>§ 35</enbez><titel format="XML">Inkrafttreten, Außerkrafttreten</titel></metadaten><textdaten><text format="XML"><Content><P>Diese Verordnung tritt am Tag nach der Verkündung in Kraft. Gleichzeitig tritt die Agrarmarktstrukturverordnung vom 15. November 2013 (BGBl. I S. 3998), die zuletzt durch Artikel 1 der Verordnung vom 6. August 2020 (BGBl. I S. 1888) geändert worden ist, außer Kraft.</P></Content></text></textdaten></norm>
<norm builddate="20230314214024" doknr="BJNR465500021BJNE003800000"><metadaten><jurabk>AgrarOLkV</jurabk><enbez>Schlussformel</enbez></metadaten><textdaten><text format="XML"><Content><P>Der Bundesrat hat zugestimmt.</P></Content></text></textdaten></norm>
<norm builddate="20230314214024" doknr="BJNR465500021BJNE003900000"><metadaten><jurabk>AgrarOLkV</jurabk><enbez>Anlage</enbez><titel format="XML">(zu § 1 Absatz 1)<BR/>Ergänzungen von Erzeugnisbereichen und weitere Erzeugnisbereiche</titel></metadaten><textdaten><text format="XML"><Content><P><noindex><kommentar typ="Fundstelle">(Fundstelle: BGBl. I 2021, 4665 - 4666)</kommentar></noindex></P><P/><TOC><table colsep="0" frame="none" pgwide="1" rowsep="0" tocentry="%yes;"><tgroup align="left" char="" charoff="50" cols="3"><colspec colname="col1" colwidth="25*"/><colspec align="justify" colname="col2" colwidth="120*"/><colspec colname="col3" colwidth="25*"/><tbody valign="top"><row><entry VJ="1" colname="col1"/><entry VJ="1" colname="col2"><SP>Vorbemerkung</SP></entry><entry VJ="1" colname="col3"/></row><row><entry VJ="1" colname="col1"/><entry VJ="1" colname="col2">Im Folgenden meint KN-Code eine Position im Rahmen der Verordnung (EWG) Nr. 2658/87 des Rates vom 23. Juli 1987 über die zolltarifliche und statistische Nomenklatur sowie den Gemeinsamen Zolltarif (ABl. L 256 vom 7.9.1987, S. 1), die zuletzt durch die Durchführungsverordnung (EU) 2020/2159 der Kommission vom 16. Dezember 2020 (ABl. L 431 vom 21.12.2020, S. 34) geändert worden ist, in der jeweils geltenden Fassung.</entry><entry VJ="1" colname="col3"/></row></tbody></tgroup></table></TOC><Title Align="auto">Abschnitt I:</Title><Title Align="auto"><B>Ergänzungen von Erzeugnisbereichen</B></Title><P><DL Font="normal" Type="arabic"><DT>1.</DT><DD Font="normal"><LA Size="normal">Der Erzeugnisbereich Getreide umfasst auch folgende Erzeugnisse: <DL Font="normal" Type="alpha"><DT>a)</DT><DD Font="normal"><LA Size="normal">KN-Code ex 0713: getrocknete ausgelöste Hülsenfrüchte, auch geschält oder zerkleinert,</LA></DD><DT>b)</DT><DD Font="normal"><LA Size="normal">KN-Code 1201 90 00: Sojabohnen, auch geschrotet, andere als zur Aussaat,</LA></DD><DT>c)</DT><DD Font="normal"><LA Size="normal">KN-Code 1204 00 90: Leinsamen, auch geschrotet, andere als zur Aussaat,</LA></DD><DT>d)</DT><DD Font="normal"><LA Size="normal">KN-Code 1205 10 90: Raps- oder Rübsensamen, auch geschrotet, andere als zur Aussaat,</LA></DD><DT>e)</DT><DD Font="normal"><LA Size="normal">KN-Code 1206 00 91: Sonnenblumenkerne, auch geschrotet, andere als zur Aussaat,</LA></DD><DT>f)</DT><DD Font="normal"><LA Size="normal">KN-Code 1207 50 90: Senfsamen, auch geschrotet, andere als zur Aussaat,</LA></DD><DT>g)</DT><DD Font="normal"><LA Size="normal">KN-Code ex 1207 99 96: andere Ölsamen und ölhaltige Früchte, auch geschrotet, andere als zur Aussaat,</LA></DD><DT>h)</DT><DD Font="normal"><LA Size="normal">KN-Code ex 1214: Steckrüben, Futterrüben, Wurzeln zu Futterzwecken, Heu, Luzerne, Klee, Esparsette, Futterkohl, Lupinen, Wicken und ähnliches Futter, auch in Form von Pellets.</LA></DD></DL></LA></DD><DT>2.</DT><DD Font="normal"><LA Size="normal">Der Erzeugnisbereich Wein umfasst auch folgende Erzeugnisse des KN-Codes ex 2307 00 90: Weinstein, roh.</LA></DD><DT>3.</DT><DD Font="normal"><LA Size="normal">Der Erzeugnisbereich Rindfleisch umfasst auch folgende Erzeugnisse des KN-Codes ex 0102: Rinder, lebend.</LA></DD><DT>4.</DT><DD Font="normal"><LA Size="normal">Der Erzeugnisbereich Schweinefleisch umfasst auch folgende Erzeugnisse: <DL Font="normal" Type="alpha"><DT>a)</DT><DD Font="normal"><LA Size="normal">KN-Codes ex 0103: Schweine, lebend,</LA></DD><DT>b)</DT><DD Font="normal"><LA Size="normal">KN-Codes ex 0203: Fleisch von Schweinen, frisch, gekühlt oder gefroren,</LA></DD><DT>c)</DT><DD Font="normal"><LA Size="normal">KN-Codes 0210 11, 0210 12 und 0210 19 bezüglich Fleisch von Schweinen: Fleisch und genießbare Schlachtnebenerzeugnisse, gesalzen, in Salzlake, getrocknet oder geräuchert; genießbares Mehl von Fleisch oder von Schlachtnebenerzeugnissen.</LA></DD></DL></LA></DD><DT>5.</DT><DD Font="normal"><LA Size="normal">Der Erzeugnisbereich Eier umfasst auch Erzeugnisse des KN-Codes 0407: Vogeleier in der Schale, frisch, haltbar gemacht oder gekocht.</LA></DD><DT>6.</DT><DD Font="normal"><LA Size="normal">Der Erzeugnisbereich landwirtschaftlicher Ethylalkohol umfasst auch <DL Font="normal" Type="alpha"><DT>a)</DT><DD Font="normal"><LA Size="normal">Rohalkohol, soweit er <DL Font="normal" Type="a-alpha"><DT>aa)</DT><DD Font="normal"><LA Size="normal">aus Anhang-I-Erzeugnissen gewonnen wird,</LA></DD><DT>bb)</DT><DD Font="normal"><LA Size="normal">einen Alkoholgehalt von unter 96 Volumenprozent besitzt,</LA></DD><DT>cc)</DT><DD Font="normal"><LA Size="normal">sensorische Eigenschaften der Ausgangserzeugnisse aufweist und</LA></DD><DT>dd)</DT><DD Font="normal"><LA Size="normal">zu Ethylalkohol verarbeitet wird,</LA></DD></DL></LA></DD><DT>b)</DT><DD Font="normal"><LA Size="normal">Speiseessig, soweit er <DL Font="normal" Type="a-alpha"><DT>aa)</DT><DD Font="normal"><LA Size="normal">ein Anhang-I-Erzeugnis darstellt und</LA></DD><DT>bb)</DT><DD Font="normal"><LA Size="normal">aus Ethylalkohol gewonnen wird.</LA></DD></DL></LA></DD></DL></LA></DD><DT>7.</DT><DD Font="normal"><LA Size="normal">Der Erzeugnisbereich Verarbeitungserzeugnisse aus Obst und Gemüse umfasst auch folgende Erzeugnisse: <DL Font="normal" Type="alpha"><DT>a)</DT><DD Font="normal"><LA Size="normal">KN-Code 0909: Anis-, Sternanis-, Fenchel-, Koriander-, Kreuzkümmel- und Kümmelfrüchte, Wacholderbeeren,</LA></DD><DT>b)</DT><DD Font="normal"><LA Size="normal">KN-Code ex 0910: Ingwer, Kurkuma, Lorbeerblätter, Curry und andere Gewürze, ausgenommen Thymian, frisch oder gekühlt, und Safran.</LA></DD></DL></LA></DD></DL></P><Title Align="auto">Abschnitt II:</Title><Title Align="auto"><B>Weitere Erzeugnisbereiche</B></Title><P><DL Font="normal" Type="arabic"><DT>1.</DT><DD Font="normal"><LA Size="normal">Den Erzeugnisbereich Damtiere und Kaninchen bilden folgende Erzeugnisse: <DL Font="normal" Type="alpha"><DT>a)</DT><DD Font="normal"><LA Size="normal">KN-Code ex 0106: Damtiere und Hauskaninchen,</LA></DD><DT>b)</DT><DD Font="normal"><LA Size="normal">KN-Code ex 0208: Fleisch, frisch, gekühlt oder gefroren, soweit die Erzeugnisse von Erzeugnissen im Sinne des Buchstabens a stammen.</LA></DD></DL></LA></DD><DT>2.</DT><DD Font="normal"><LA Size="normal">Den Erzeugnisbereich Wolle bilden folgende Erzeugnisse: <DL Font="normal" Type="alpha"><DT>a)</DT><DD Font="normal"><LA Size="normal">KN-Code 5101: Wolle, weder gekrempelt noch gekämmt,</LA></DD><DT>b)</DT><DD Font="normal"><LA Size="normal">KN-Code ex 5105 10 00 bis 5105 29 00: Wolle, gekrempelt oder gekämmt.</LA></DD></DL></LA></DD><DT>3.</DT><DD Font="normal"><LA Size="normal">Den Erzeugnisbereich Arzneipflanzen bilden folgende Erzeugnisse:</LA><LA Size="normal">KN-Code ex 1211: Pflanzen und Pflanzenteile, Samen und Früchte der hauptsächlich zur Herstellung von Riechmitteln oder zu Zwecken der Medizin verwendeten Art, frisch oder getrocknet, auch geschnitten, gemahlen oder ähnlich fein zerkleinert.</LA></DD><DT>4.</DT><DD Font="normal"><LA Size="normal">Den Erzeugnisbereich Kartoffeln bilden folgende Erzeugnisse:</LA><LA Size="normal">KN-Code 0701: Kartoffeln, frisch oder gekühlt.</LA></DD></DL></P></Content></text></textdaten></norm>
</dokumente>