<?xml version="1.0" encoding="UTF-8" ?><!DOCTYPE dokumente SYSTEM "http://www.gesetze-im-internet.de/dtd/1.01/gii-norm.dtd">
<dokumente builddate="20231031213513" doknr="BJNR272610006"><norm builddate="20231031213513" doknr="BJNR272610006"><metadaten><jurabk>StIdV</jurabk><amtabk>StIdV</amtabk><ausfertigung-datum manuell="ja">2006-11-28</ausfertigung-datum><fundstelle typ="amtlich"><periodikum>BGBl I</periodikum><zitstelle>2006, 2726</zitstelle></fundstelle><kurzue>Steueridentifikationsnummerverordnung</kurzue><langue>Verordnung zur Vergabe steuerlicher Identifikationsnummern</langue><standangabe checked="ja"><standtyp>Stand</standtyp><standkommentar>Zuletzt geändert durch Art. 5 V v. 19.12.2022 I 2432</standkommentar></standangabe></metadaten><textdaten><fussnoten><Content><P><BR/> <pre xml:space="preserve">(+++ Textnachweis ab: 7.12.2006 +++)<BR/><BR/></pre>Die V wurde als Artikel 1 der V v. 28.11.2006 I 2726 von der Bundesregierung und dem Bundesministerium der Finanzen mit Zustimmung des Bundesrates erlassen. Sie ist gem. Art. 3 dieser V am 7.12.2006 in Kraft getreten.</P></Content></fussnoten></textdaten></norm>
<norm builddate="20231031213513" doknr="BJNR272610006BJNE000101377"><metadaten><jurabk>StIdV</jurabk><enbez>§ 1</enbez><titel format="XML">Aufbau der Identifikationsnummer</titel></metadaten><textdaten><text format="XML"><Content><P>Die Identifikationsnummer nach § 139b der Abgabenordnung besteht aus zehn Ziffern und einer Prüfziffer als elfter Ziffer.</P></Content></text><fussnoten/></textdaten></norm>
<norm builddate="20231031213513" doknr="BJNR272610006BJNE000205123"><metadaten><jurabk>StIdV</jurabk><enbez>§ 2</enbez><titel format="XML">Form und Verfahren der Datenübermittlungen</titel></metadaten><textdaten><text format="XML"><Content><P>(1) Für die Datenübermittlungen der Meldebehörden an das Bundeszentralamt für Steuern nach § 139b Absatz 6 Satz 1, 3, Absatz 7 Satz 1 und Absatz 8 der Abgabenordnung gelten die §§ 2 und 9 der Zweiten Bundesmeldedatenübermittlungsverordnung.</P><P>(2) Die Datenübermittlungen des Bundeszentralamts für Steuern an die Meldebehörden nach § 139b Absatz 6 Satz 4 und Abs. 7 Satz 2 der Abgabenordnung erfolgen durch Datenübertragung über verwaltungseigene Kommunikationsnetze oder über das Internet. Sie erfolgen unmittelbar oder über Vermittlungsstellen. Die zu übermittelnden Daten sind mit einer fortgeschrittenen elektronischen Signatur zu versehen und nach dem Stand der Technik zu verschlüsseln. Hierbei sind die Satzbeschreibung OSCI-XMeld (§ 3 Absatz 1 der Zweiten Bundesmeldedatenübermittlungsverordnung) und das Übermittlungsprotokoll OSCI-Transport (§ 3 Absatz 2 der Zweiten Bundesmeldedatenübermittlungsverordnung) in der im Bundesanzeiger bekannt gemachten jeweils geltenden Fassung zu Grunde zu legen.</P></Content></text><fussnoten/></textdaten></norm>
<norm builddate="20231031213513" doknr="BJNR272610006BJNE000302377"><metadaten><jurabk>StIdV</jurabk><enbez>§ 3</enbez><titel format="XML">(weggefallen)</titel></metadaten><textdaten><text format="XML"><Content/></text><fussnoten/></textdaten></norm>
<norm builddate="20231031213513" doknr="BJNR272610006BJNE000400000"><metadaten><jurabk>StIdV</jurabk><enbez>§ 4</enbez><titel format="parat">Löschungsfrist</titel></metadaten><textdaten><text format="XML"><Content><P>Die beim Bundeszentralamt für Steuern nach § 139b Abs. 3 der Abgabenordnung gespeicherten Daten sind zu löschen, wenn sie zur Erfüllung der gesetzlichen Aufgaben der Finanzbehörden nicht mehr erforderlich sind, spätestens jedoch 20 Jahre nach Ablauf des Kalenderjahres, in dem der Steuerpflichtige verstorben ist.</P></Content></text></textdaten></norm>
<norm builddate="20231031213513" doknr="BJNR272610006BJNE000501301"><metadaten><jurabk>StIdV</jurabk><enbez>§ 5</enbez><titel format="parat">Sicherheit und Funktionsfähigkeit des Verfahrens</titel></metadaten><textdaten><text format="XML"><Content><P>Das Bundeszentralamt für Steuern hat die Sicherheit und Funktionsfähigkeit des Verfahrens zu gewährleisten. Anforderungen an die Sicherheit der elektronischen Übermittlung hat das Bundeszentralamt für Steuern im Benehmen mit dem Bundesamt für Sicherheit in der Informationstechnik festzulegen.</P></Content></text><fussnoten/></textdaten></norm>
<norm builddate="20231031213513" doknr="BJNR272610006BJNE000602123"><metadaten><jurabk>StIdV</jurabk><enbez>§ 6</enbez><titel format="XML">Benachrichtigung des Betroffenen, Berichtigung unrichtiger Daten</titel></metadaten><textdaten><text format="XML"><Content><P>(1) Das Bundeszentralamt für Steuern unterrichtet den Steuerpflichtigen unverzüglich über die ihm zugeteilte Identifikationsnummer.</P><P>(2) Stellen die Finanzbehörden Unrichtigkeiten der Daten im Sinne des § 139b Abs. 3 der Abgabenordnung fest, teilen sie dies dem Bundeszentralamt für Steuern mit. Einzelheiten des Verfahrens bestimmt das Bundesministerium der Finanzen im Einvernehmen mit den obersten Finanzbehörden der Länder durch ein im Bundessteuerblatt zu veröffentlichendes Schreiben.</P></Content></text><fussnoten/></textdaten></norm>
</dokumente>