<?xml version="1.0" encoding="UTF-8" ?><!DOCTYPE dokumente SYSTEM "http://www.gesetze-im-internet.de/dtd/1.01/gii-norm.dtd">
<dokumente builddate="20230103213516" doknr="BJNR270210009"><norm builddate="20230103213516" doknr="BJNR270210009"><metadaten><jurabk>StabiRatG</jurabk><amtabk>StabiRatG</amtabk><ausfertigung-datum manuell="ja">2009-08-10</ausfertigung-datum><fundstelle typ="amtlich"><periodikum>BGBl I</periodikum><zitstelle>2009, 2702</zitstelle></fundstelle><kurzue>Stabilitätsratsgesetz</kurzue><langue>Gesetz zur Errichtung eines Stabilitätsrates und zur Vermeidung von Haushaltsnotlagen</langue><standangabe checked="ja"><standtyp>Stand</standtyp><standkommentar>Zuletzt geändert durch Art. 3 G v. 4.12.2022 I 2142</standkommentar></standangabe></metadaten><textdaten><fussnoten><Content><P><BR/> <pre xml:space="preserve">(+++ Textnachweis ab: 1.1.2010 +++)<BR/><BR/></pre>Das G wurde als Art. 1 des G v. 10.8.2009 I 2702 vom Bundestag mit Zustimmung des Bundesrates beschlossen. Es tritt gem. Art. 13 Abs. 2 dieses G mWv 1.1.2010  in Kraft.</P></Content></fussnoten></textdaten></norm>
<norm builddate="20230103213516" doknr="BJNR270210009BJNE000102377"><metadaten><jurabk>StabiRatG</jurabk><enbez>§ 1</enbez><titel format="XML">Stabilitätsrat</titel></metadaten><textdaten><text format="XML"><Content><P>(1) Bund und Länder bilden einen Stabilitätsrat mit dem Ziel der Vermeidung von Haushaltsnotlagen. Dem Stabilitätsrat gehören an: <DL Type="arabic"><DT>1.</DT><DD Font="normal"><LA>die Bundesministerin oder der Bundesminister der Finanzen,</LA></DD><DT>2.</DT><DD Font="normal"><LA>die für die Finanzen zuständigen Ministerinnen oder Minister der Länder,</LA></DD><DT>3.</DT><DD Font="normal"><LA>die Bundesministerin oder der Bundesminister für Wirtschaft und Klimaschutz.</LA></DD></DL>Der Stabilitätsrat wird bei der Bundesregierung eingerichtet.</P><P>(2) Den Vorsitz im Stabilitätsrat führen gemeinsam die Bundesministerin oder der Bundesminister der Finanzen und die oder der Vorsitzende der Finanzministerkonferenz der Länder.</P><P>(3) Der Stabilitätsrat tritt nach Bedarf zusammen, jedoch mindestens zweimal jährlich. Die Sitzungen sind vertraulich und nicht öffentlich.</P><P>(4) Die Beschlüsse des Stabilitätsrates werden mit der Stimme des Bundes und der Mehrheit von zwei Dritteln der Länder gefasst. Die Stimme des Bundes wird durch die Bundesministerin oder den Bundesminister der Finanzen abgegeben. Bei Entscheidungen, die einzelne Länder betreffen, ist das betroffene Land nicht stimmberechtigt. Entscheidungen, die den Bund betreffen, werden abweichend von Satz 1 mit der Mehrheit von zwei Dritteln aller stimmberechtigten Mitglieder gefasst.</P><P>(5) Der Stabilitätsrat gibt sich eine Geschäftsordnung. Diese regelt auch die Vertretung im Verhinderungsfall.</P><P>(6) Zur Unterstützung der Aufgaben des Stabilitätsrates wird ein Sekretariat eingerichtet, das jeweils aus einer Vertreterin oder einem Vertreter aus dem Bundesministerium der Finanzen sowie aus einer oder einem von der Finanzministerkonferenz der Länder benannten Vertreterin oder Vertreter besteht.</P></Content></text><fussnoten/></textdaten></norm>
<norm builddate="20230103213516" doknr="BJNR270210009BJNE000203377"><metadaten><jurabk>StabiRatG</jurabk><enbez>§ 2</enbez><titel format="XML">Aufgaben des Stabilitätsrates</titel></metadaten><textdaten><text format="XML"><Content><P>(1) Aufgaben des Stabilitätsrates sind <DL Type="arabic"><DT>1.</DT><DD Font="normal"><LA>die fortlaufende Überwachung der Haushalte des Bundes und der Länder sowie die Durchführung von Sanierungsverfahren,</LA></DD><DT>2.</DT><DD Font="normal"><LA>die Überwachung der Einhaltung der Verschuldungsregel des Artikels 109 Absatz 3 des Grundgesetzes durch den Bund und alle einzelnen Länder und</LA></DD><DT>3.</DT><DD Font="normal"><LA>die Überwachung der Einhaltung der Obergrenze des strukturellen gesamtstaatlichen Finanzierungsdefizits nach § 51 Absatz 2 des Haushaltsgrundsätzegesetzes.</LA></DD></DL>Dem Stabilitätsrat können durch Gesetz weitere Aufgaben übertragen werden.</P><P>(2) Der Stabilitätsrat fasst zu den Ergebnissen der Überwachung jeweils einen Beschluss.</P></Content></text><fussnoten/></textdaten></norm>
<norm builddate="20230103213516" doknr="BJNR270210009BJNE000301377"><metadaten><jurabk>StabiRatG</jurabk><enbez>§ 3</enbez><titel format="XML">Fortlaufende Haushaltsüberwachung</titel></metadaten><textdaten><text format="XML"><Content><P>(1) Der Stabilitätsrat überwacht die aktuelle Lage und die Entwicklung der Haushalte von Bund und Ländern. Dafür legt er für Vergleichszwecke geeignete Kennziffern, die auf Daten zur aktuellen Haushaltslage und zur Finanzplanung basieren, sowie eine Projektion der mittelfristigen Haushaltsentwicklung auf Basis einheitlicher Annahmen fest. Die Kennziffern und die Projektion bilden zusammen das Analysesystem der fortlaufenden Haushaltsüberwachung.</P><P>(2) Der Stabilitätsrat berät jährlich über die Haushaltslage des Bundes und jedes einzelnen Landes auf Grundlage eines Berichts der jeweiligen Gebietskörperschaft, der Angaben zu dem Analysesystem nach Absatz 1 und die Ergebnisse zur Einhaltung der bundes- und jeweiligen landesrechtlichen Verschuldungsregel enthalten soll.</P><P>(3) (weggefallen)</P></Content></text><fussnoten/></textdaten></norm>
<norm builddate="20230103213516" doknr="BJNR270210009BJNE000401377"><metadaten><jurabk>StabiRatG</jurabk><enbez>§ 4</enbez><titel format="XML">Prüfung einer drohenden Haushaltsnotlage</titel></metadaten><textdaten><text format="XML"><Content><P>(1) Der Stabilitätsrat beschließt für die einzelnen Kennziffern nach § 3 Absatz 1 Schwellenwerte, deren Überschreitung auf eine drohende Haushaltsnotlage hinweisen kann. Für den Bund sind gegenüber den Ländern abweichende Schwellenwerte festzulegen.</P><P>(2) Der Stabilitätsrat leitet eine Prüfung ein, ob beim Bund oder in einem bestimmten Land eine Haushaltsnotlage droht, wenn <DL Type="arabic"><DT>1.</DT><DD Font="normal"><LA>der Bund oder ein Land im Rahmen der allgemeinen Haushaltsüberwachung darauf hinweist, dass für den von ihm zu verantwortenden Haushalt eine Notlage droht, oder</LA></DD><DT>2.</DT><DD Font="normal"><LA>der Bund oder ein Land bei der Mehrzahl der Kennziffern nach § 3 Absatz 1 die Schwellenwerte nach Absatz 1 überschreitet oder</LA></DD><DT>3.</DT><DD Font="normal"><LA>für den Bund oder ein Land die Projektion nach § 3 Absatz 1 eine entsprechende Entwicklung ergibt. In diesem Fall kann von einer Prüfung abgesehen werden, wenn die Ergebnisse der Projektion bereits Gegenstand einer Prüfung waren und sich danach nicht wesentlich geändert haben.</LA></DD></DL></P><P>(3) In die Prüfung werden alle relevanten Bereiche des betroffenen Haushalts umfassend einbezogen. Der Bund oder das Land ist verpflichtet, die für diese Prüfung erforderlichen Auskünfte zu erteilen.</P><P>(4) Der Stabilitätsrat beschließt auf der Grundlage der Ergebnisse der Prüfung nach Absatz 3, ob im Bund oder in dem betreffenden Land eine Haushaltsnotlage droht.</P><P>(5) (weggefallen)</P></Content></text><fussnoten/></textdaten></norm>
<norm builddate="20230103213516" doknr="BJNR270210009BJNE000501377"><metadaten><jurabk>StabiRatG</jurabk><enbez>§ 5</enbez><titel format="XML">Sanierungsverfahren</titel></metadaten><textdaten><text format="XML"><Content><P>(1) Hat der Stabilitätsrat eine drohende Haushaltsnotlage nach § 4 Absatz 4 für den Bund oder ein Land festgestellt, vereinbart er mit der betroffenen Gebietskörperschaft ein Sanierungsprogramm. Der Bund oder das Land unterbreitet hierfür Vorschläge.</P><P>(2) Das Sanierungsprogramm und seine Umsetzung zielen darauf ab, die Haushaltslage der betroffenen Gebietskörperschaft zu verbessern, sodass das Ergebnis der fortlaufenden Haushaltsüberwachung nach § 3 für das betroffene Land oder den Bund in absehbarer Zeit nicht mehr auf eine drohende Haushaltsnotlage hinweist.</P><P>(3) Um das übergeordnete Sanierungsziel nach Absatz 2 zu erreichen, legt das Sanierungsprogramm auf das jeweilige Land oder den Bund zugeschnittene jährliche und auf einzelne oder mehrere Kennziffern oder die Projektion der mittelfristigen Haushaltsentwicklung nach § 3 Absatz 1 bezogene Zielwerte sowie darauf zugeschnittene Sanierungsmaßnahmen fest.</P><P>(4) Die jeweilige Laufzeit des Sanierungsprogramms für den Bund oder das Land beträgt mindestens zwei Jahre. Wenn die fortlaufende Haushaltsüberwachung keine Anzeichen für eine drohende Haushaltsnotlage mehr ergibt, kann das Sanierungsverfahren vorzeitig beendet werden. Falls sich bereits vor Ablauf des vereinbarten Sanierungsprogramms aus der Haushaltsüberwachung Anzeichen dafür ergeben, dass eine drohende Haushaltsnotlage fortbestehen wird, kann das Sanierungsprogramm durch Vereinbarung zwischen dem Stabilitätsrat und dem Bund oder dem Land verlängert werden.</P><P>(5) Der Bund oder das Land setzt das vereinbarte Sanierungsprogramm in eigener Verantwortung um und berichtet dem Stabilitätsrat darüber mindestens jährlich. Werden Vorgaben des Sanierungsprogramms verfehlt, prüft der Stabilitätsrat im Einvernehmen mit dem Bund oder dem Land, ob weitere Maßnahmen zur Erreichung der Zielwerte erforderlich sind.</P><P>(6) Setzt der Bund oder das Land das Sanierungsprogramm nur unzureichend um, beschließt der Stabilitätsrat eine Aufforderung zur verstärkten Haushaltssanierung. Höchstens ein Jahr nach dieser Aufforderung prüft der Stabilitätsrat, ob der Bund oder das Land die notwendigen Maßnahmen zur Haushaltssanierung ergriffen hat. Wurden die notwendigen Maßnahmen nicht ergriffen, fordert der Stabilitätsrat den Bund oder das Land erneut auf, die Bemühungen um eine Haushaltssanierung zu verstärken.</P></Content></text><fussnoten/></textdaten></norm>
<norm builddate="20230103213516" doknr="BJNR270210009BJNE000802377"><metadaten><jurabk>StabiRatG</jurabk><enbez>§ 6</enbez><titel format="XML">Überwachung der Einhaltung der grundgesetzlichen Verschuldungsregel</titel></metadaten><textdaten><text format="XML"><Content><P>(1) Der Stabilitätsrat überwacht die Einhaltung der Verschuldungsregel des Artikels 109 Absatz 3 des Grundgesetzes durch den Bund und jedes einzelne Land für das jeweils abgelaufene, das aktuelle und das darauffolgende Jahr.</P><P>(2) Der Stabilitätsrat überprüft jährlich die von jeder Gebietskörperschaft ermittelten Ergebnisse eines zwischen Bund und Ländern abgestimmten Analysesystems, das sich an den Vorgaben und Verfahren aus Rechtsakten aufgrund des Vertrages über die Arbeitsweise der Europäischen Union zur Einhaltung der Haushaltsdisziplin orientiert. Grundlage ist ein einheitliches Konjunkturbereinigungsverfahren.</P></Content></text><fussnoten/></textdaten></norm>
<norm builddate="20230103213516" doknr="BJNR270210009BJNE000602377"><metadaten><jurabk>StabiRatG</jurabk><enbez>§ 7</enbez><titel format="XML">Überwachung der Einhaltung der Obergrenze des strukturellen gesamtstaatlichen Finanzierungsdefizits nach § 51 Absatz 2 des Haushaltsgrundsätzegesetzes</titel></metadaten><textdaten><text format="XML"><Content><P>(1) Der Stabilitätsrat überprüft auf Grundlage einer Schätzung des gesamtstaatlichen Finanzierungssaldos zweimal jährlich die Einhaltung der Obergrenze des strukturellen gesamtstaatlichen Finanzierungsdefizits nach § 51 Absatz 2 des Haushaltsgrundsätzegesetzes für das laufende Jahr und die vier folgenden Jahre.</P><P>(2) Kommt die Überprüfung zu dem Ergebnis, dass die Obergrenze des strukturellen gesamtstaatlichen Finanzierungsdefizits überschritten wird und keine zulässige Abweichung gemäß § 51 Absatz 2 Satz 2 des Haushaltsgrundsätzegesetzes vorliegt, empfiehlt der Stabilitätsrat Maßnahmen, die geeignet sind, das überhöhte Finanzierungsdefizit zu beseitigen. Zu berücksichtigen sind dabei die Empfehlungen des Rates nach der Verordnung (EG) Nr. 1466/97 des Rates vom 7. Juli 1997 über den Ausbau der haushaltspolitischen Überwachung und der Überwachung und Koordinierung der Wirtschaftspolitiken (ABl. L 209 vom 2.8.1997, S. 1), die zuletzt durch die Verordnung (EU) Nr. 1175/2011 (ABl. L 306 vom 23.11.2011, S. 12) geändert worden ist. Die vom Stabilitätsrat beschlossenen Empfehlungen werden der Bundesregierung und den Landesregierungen zur Weiterleitung an die jeweiligen Parlamente zugeleitet.</P><P>(3) Falls kein Beschluss des Stabilitätsrates über eine Empfehlung nach Absatz 2 zustande kommt, leiten die Vorsitzenden des Stabilitätsrates der Bundesregierung und den Landesregierungen zur Weiterleitung an die jeweiligen Parlamente einen Bericht zu, in dem das Ergebnis der Überprüfung und die vom Stabilitätsrat erörterten Maßnahmen darzulegen sind.</P></Content></text><fussnoten/></textdaten></norm>
<norm builddate="20230103213516" doknr="BJNR270210009BJNE000701377"><metadaten><jurabk>StabiRatG</jurabk><enbez>§ 8</enbez><titel format="XML">Unabhängiger Beirat des Stabilitätsrates</titel></metadaten><textdaten><text format="XML"><Content><P>(1) Zur Unterstützung des Stabilitätsrates bei der Überwachung der Einhaltung der Obergrenze des strukturellen gesamtstaatlichen Finanzierungsdefizits nach § 51 Absatz 2 des Haushaltsgrundsätzegesetzes wird ein unabhängiger Beirat eingerichtet. Der Beirat gibt sich mit der Mehrheit von zwei Dritteln seiner Mitglieder eine Geschäftsordnung. Für den Beirat entstehende Kosten tragen Bund und Länder je zur Hälfte.</P><P>(2) Mitglieder des Beirats sind je ein Vertreter der Deutschen Bundesbank und des Sachverständigenrates zur Begutachtung der gesamtwirtschaftlichen Entwicklung, ein Vertreter der an der Gemeinschaftsdiagnose beteiligten Forschungsinstitute, je zwei für die Dauer von fünf Jahren von Bund und Ländern durch deren Vertreter im Stabilitätsrat benannte Sachverständige und je ein für die Dauer von fünf Jahren von den kommunalen Spitzenverbänden und den Spitzenorganisationen der Sozialversicherung benannter Sachverständiger.</P><P>(3) Der Beirat gibt eine Stellungnahme zur Einhaltung der Obergrenze des strukturellen gesamtstaatlichen Finanzierungsdefizits nach § 51 Absatz 2 des Haushaltsgrundsätzegesetzes ab. Die Vorsitzende oder der Vorsitzende des Beirats nimmt insoweit an der Beratung des Stabilitätsrates teil. Kommt der Beirat zu der Auffassung, dass die Obergrenze nicht eingehalten wird und keine zulässige Abweichung gemäß § 51 Absatz 2 Satz 2 des Haushaltsgrundsätzegesetzes vorliegt, gibt er Empfehlungen für Maßnahmen ab, die geeignet sind, das überhöhte Finanzierungsdefizit zu beseitigen. Die Stellungnahme und Empfehlungen des Beirats sind dem Bericht nach § 7 Absatz 3 beizufügen.</P><P>(4) Der Stabilitätsrat veröffentlicht die vom Beirat vorgelegten Stellungnahmen und Empfehlungen.</P></Content></text><fussnoten/></textdaten></norm>
<norm builddate="20230103213516" doknr="BJNR270210009BJNE000901377"><metadaten><jurabk>StabiRatG</jurabk><enbez>§ 9</enbez><titel format="XML">Veröffentlichung der Beschlüsse und Unterrichtung der Parlamente</titel></metadaten><textdaten><text format="XML"><Content><P>(1) Der Stabilitätsrat veröffentlicht seine Beschlüsse nach § 2 Absatz 2 und die ihnen zugrundeliegenden Beratungsunterlagen.</P><P>(2) Die Bundesregierung und die Landesregierungen leiten die Beschlüsse des Stabilitätsrates und die ihnen zugrundeliegenden Beratungsunterlagen sowie die Stellungnahmen des Beirats nach § 8 Absatz 3 Satz 1 den jeweiligen Parlamenten zu.</P></Content></text><fussnoten/></textdaten></norm>
</dokumente>