<?xml version="1.0" encoding="UTF-8" ?><!DOCTYPE dokumente SYSTEM "http://www.gesetze-im-internet.de/dtd/1.01/gii-norm.dtd">
<dokumente builddate="20240117214550" doknr="BJNR224300005"><norm builddate="20240117214550" doknr="BJNR224300005"><metadaten><jurabk>StromNZV</jurabk><amtabk>StromNZV</amtabk><ausfertigung-datum manuell="ja">2005-07-25</ausfertigung-datum><fundstelle typ="amtlich"><periodikum>BGBl I</periodikum><zitstelle>2005, 2243</zitstelle></fundstelle><kurzue>Stromnetzzugangsverordnung</kurzue><langue>Verordnung über den Zugang zu Elektrizitätsversorgungsnetzen</langue><standangabe checked="ja"><standtyp>Aufh</standtyp><standkommentar>Die V tritt gem. Art. 15 Abs. 4 G v. 22.12.2023 I Nr. 405 mit Ablauf des 31.12.2025 außer Kraft</standkommentar></standangabe><standangabe checked="ja"><standtyp>Stand</standtyp><standkommentar>Zuletzt geändert durch Art. 4 G v. 22.12.2023 I Nr. 405</standkommentar></standangabe></metadaten><textdaten><fussnoten><Content><P><BR/> <pre xml:space="preserve">(+++ Textnachweis ab: 29.7.2005 +++)<BR/><BR/></pre></P></Content></fussnoten></textdaten></norm>
<norm builddate="20240117214550" doknr="BJNR224300005BJNE000100000"><metadaten><jurabk>StromNZV</jurabk><enbez>Eingangsformel</enbez></metadaten><textdaten><text format="XML"><Content><P>Auf Grund des § 21b Abs. 3 Satz 1 in Verbindung mit Satz 3, des § 24 Satz 1 Nr. 1 und 2 in Verbindung mit Satz 2 Nr. 1, 2 und 3 sowie Satz 3, Satz 1 Nr. 1 auch in Verbindung mit § 21b Abs. 3 Satz 1 und 3, und des § 29 Abs. 3 des Energiewirtschaftsgesetzes vom 7. Juli 2005  (BGBl. I S. 1970) verordnet die Bundesregierung:</P></Content></text></textdaten></norm>
<norm builddate="20240117214550" doknr="BJNR224300005BJNE000210377"><metadaten><jurabk>StromNZV</jurabk><enbez>Inhaltsübersicht</enbez></metadaten><textdaten><text format="XML"><Content><TOC><Ident>Teil 1</Ident><Title Align="auto">Allgemeine Bestimmungen</Title><P><table frame="none" pgwide="1" tocentry="%yes;"><tgroup align="left" char="" charoff="50" cols="2"><colspec colname="col1" colwidth="0.16*"/><colspec colname="col2" colwidth="1.84*"/><tbody valign="top"><row><entry VJ="1" colsep="0" rowsep="0">§ 1</entry><entry VJ="1" colsep="0" rowsep="0">Anwendungsbereich</entry></row><row><entry VJ="1" colsep="0" rowsep="0">§ 2</entry><entry VJ="1" colsep="0" rowsep="0">Begriffsbestimmungen</entry></row><row><entry VJ="1" colsep="0" rowsep="0">§ 3</entry><entry VJ="1" colsep="0" rowsep="0">Grundlagen des Netzzugangs</entry></row><row><entry VJ="1" colsep="0" rowsep="0">§ 3a</entry><entry VJ="1" colsep="0" rowsep="0">(weggefallen)</entry></row></tbody></tgroup></table></P><Ident>Teil 2</Ident><Title Align="auto">Zugang zu Übertragungsnetzen<BR/><BR/></Title><Title Align="auto" Class="S3"> Abschnitt 1<BR/> Bilanzkreissystem</Title><P><table frame="none" tocentry="%yes;"><tgroup align="left" char="" charoff="50" cols="2"><colspec colname="col1" colwidth="0.16*"/><colspec colname="col2" colwidth="1.84*"/><tbody valign="top"><row><entry VJ="1" colsep="0" rowsep="0">§ 4</entry><entry VJ="1" colsep="0" rowsep="0">Bilanzkreise</entry></row><row><entry VJ="1" colsep="0" rowsep="0">§ 5</entry><entry VJ="1" colsep="0" rowsep="0">Grundsätze der Fahrplanabwicklung und untertäglicher Handel</entry></row></tbody></tgroup></table><BR/><BR/></P><Title Align="auto" Class="S3"> Abschnitt 2<BR/>Ausgleichsleistungen</Title><P><table frame="none" pgwide="1" tocentry="%yes;"><tgroup align="left" char="" charoff="50" cols="2"><colspec colname="col1" colwidth="0.16*"/><colspec colname="col2" colwidth="1.84*"/><tbody valign="top"><row><entry VJ="1" colsep="0" rowsep="0">§ 6</entry><entry VJ="1" colsep="0" rowsep="0">Grundsätze der Beschaffung von Regelenergie</entry></row><row><entry VJ="1" colsep="0" rowsep="0">§ 7</entry><entry VJ="1" colsep="0" rowsep="0">Erbringung von Regelenergie</entry></row><row><entry VJ="1" colsep="0" rowsep="0">§ 8</entry><entry VJ="1" colsep="0" rowsep="0">Abrechnung von Regelenergie</entry></row><row><entry VJ="1" colsep="0" rowsep="0">§ 9</entry><entry VJ="1" colsep="0" rowsep="0">Transparenz der Ausschreibung, Beschaffung und Inanspruchnahme von Regelenergie</entry></row><row><entry VJ="1" colsep="0" rowsep="0">§ 10</entry><entry VJ="1" colsep="0" rowsep="0">Verlustenergie</entry></row><row><entry VJ="1" colsep="0" rowsep="0">§ 11</entry><entry VJ="1" colsep="0" rowsep="0">Bilanzkreis für Energien nach dem Erneuerbare-Energien-Gesetz</entry></row><row><entry VJ="1" colsep="0">§ 11a</entry><entry VJ="1">Bilanzkreis für den energetischen und bilanziellen Ausgleich von Systemsicherheitsmaßnahmen</entry></row></tbody></tgroup></table><BR/><BR/></P><Ident>Teil 3</Ident><Title Align="auto">Zugang zu Elektrizitätsverteilernetzen</Title><P><table frame="none" pgwide="1" tocentry="%yes;"><tgroup align="left" char="" charoff="50" cols="2"><colspec colname="col1" colwidth="0.16*"/><colspec colname="col2" colwidth="1.84*"/><tbody valign="top"><row><entry VJ="1" colsep="0" rowsep="0">§ 12</entry><entry VJ="1" colsep="0" rowsep="0">Standardisierte Lastprofile; Zählerstandsgangmessung</entry></row><row><entry VJ="1" colsep="0" rowsep="0">§ 13</entry><entry VJ="1" colsep="0" rowsep="0">Jahresmehr- und Jahresmindermengen</entry></row></tbody></tgroup></table><BR/><BR/></P><Ident>Teil 4</Ident><Title Align="auto">Sonstige Pflichten der Betreiber von Elektrizitätsversorgungsnetzen</Title><P><table frame="none" pgwide="1" tocentry="%yes;"><tgroup align="left" char="" charoff="50" cols="2"><colspec colname="col1" colwidth="0.16*"/><colspec colname="col2" colwidth="1.84*"/><tbody valign="top"><row><entry VJ="1" colsep="0" rowsep="0">§ 14</entry><entry VJ="1" colsep="0" rowsep="0">Lieferantenwechsel</entry></row><row><entry VJ="1" colsep="0" rowsep="0">§ 15</entry><entry VJ="1" colsep="0" rowsep="0">Engpassmanagement</entry></row><row><entry VJ="1" colsep="0" rowsep="0">§ 16</entry><entry VJ="1" colsep="0" rowsep="0">(weggefallen)</entry></row><row><entry VJ="1" colsep="0" rowsep="0">§ 17</entry><entry VJ="1" colsep="0" rowsep="0">(weggefallen)</entry></row><row><entry VJ="1" colsep="0" rowsep="0">§ 18</entry><entry VJ="1" colsep="0" rowsep="0">Messung</entry></row><row><entry VJ="1" colsep="0" rowsep="0">§ 18a</entry><entry VJ="1" colsep="0" rowsep="0">(weggefallen)</entry></row><row><entry VJ="1" colsep="0" rowsep="0">§ 18b</entry><entry VJ="1" colsep="0" rowsep="0">(weggefallen)</entry></row><row><entry VJ="1" colsep="0" rowsep="0">§ 19</entry><entry VJ="1" colsep="0" rowsep="0">(weggefallen)</entry></row><row><entry VJ="1" colsep="0" rowsep="0">§ 20</entry><entry VJ="1" colsep="0" rowsep="0">(weggefallen)</entry></row><row><entry VJ="1" colsep="0" rowsep="0">§ 21</entry><entry VJ="1" colsep="0" rowsep="0">(weggefallen)</entry></row><row><entry VJ="1" colsep="0" rowsep="0">§ 22</entry><entry VJ="1" colsep="0" rowsep="0">(weggefallen)</entry></row></tbody></tgroup></table><BR/><BR/></P><Ident>Teil 5</Ident><Title Align="auto">Vertragsbeziehungen</Title><P><table frame="none" pgwide="1" tocentry="%yes;"><tgroup align="left" char="" charoff="50" cols="2"><colspec colname="col1" colwidth="0.16*"/><colspec colname="col2" colwidth="1.84*"/><tbody valign="top"><row><entry VJ="1" colsep="0" rowsep="0">§ 23</entry><entry VJ="1" colsep="0" rowsep="0">Vertragliche Ausgestaltung des Netzzugangs</entry></row><row><entry VJ="1" colsep="0" rowsep="0">§ 24</entry><entry VJ="1" colsep="0" rowsep="0">Netznutzungsvertrag</entry></row><row><entry VJ="1" colsep="0" rowsep="0">§ 25</entry><entry VJ="1" colsep="0" rowsep="0">Lieferantenrahmenvertrag</entry></row><row><entry VJ="1" colsep="0" rowsep="0">§ 25a</entry><entry VJ="1" colsep="0" rowsep="0">Haftung bei Störung der Netznutzung</entry></row><row><entry VJ="1" colsep="0" rowsep="0">§ 26</entry><entry VJ="1" colsep="0" rowsep="0">Bilanzkreisvertrag</entry></row><row><entry VJ="1" colsep="0" rowsep="0">§ 26a</entry><entry VJ="1" colsep="0" rowsep="0">Erbringung von Regelleistungen durch Letztverbraucher</entry></row></tbody></tgroup></table><BR/><BR/></P><Ident>Teil 6</Ident><Title Align="auto">Befugnisse der Regulierungsbehörde</Title><P><table frame="none" pgwide="1" tocentry="%yes;"><tgroup align="left" char="" charoff="50" cols="2"><colspec colname="col1" colwidth="0.16*"/><colspec colname="col2" colwidth="1.84*"/><tbody valign="top"><row><entry VJ="1" colsep="0" rowsep="0">§ 27</entry><entry VJ="1" colsep="0" rowsep="0">Festlegungen der Regulierungsbehörde</entry></row><row><entry VJ="1" colsep="0" rowsep="0">§ 28</entry><entry VJ="1" colsep="0" rowsep="0">Standardangebote</entry></row></tbody></tgroup></table><BR/><BR/></P><Ident>Teil 7</Ident><Title Align="auto">Sonstige Bestimmungen</Title><P><table frame="none" pgwide="1" tocentry="%yes;"><tgroup align="left" char="" charoff="50" cols="2"><colspec colname="col1" colwidth="0.16*"/><colspec colname="col2" colwidth="1.84*"/><tbody valign="top"><row><entry VJ="1" colsep="0" rowsep="0">§ 29</entry><entry VJ="1" colsep="0" rowsep="0">Ordnungswidrigkeiten</entry></row><row><entry VJ="1" colsep="0" rowsep="0">§ 30</entry><entry VJ="1" colsep="0" rowsep="0">(weggefallen)</entry></row><row><entry VJ="1" colsep="0" rowsep="0">§ 31</entry><entry VJ="1" colsep="0" rowsep="0">Inkrafttreten</entry></row></tbody></tgroup></table></P></TOC></Content></text><fussnoten/></textdaten></norm>
<norm builddate="20240117214550" doknr="BJNR224300005BJNG000100000"><metadaten><jurabk>StromNZV</jurabk><gliederungseinheit><gliederungskennzahl>010</gliederungskennzahl><gliederungsbez>Teil 1</gliederungsbez><gliederungstitel>Allgemeine Bestimmungen</gliederungstitel></gliederungseinheit></metadaten><textdaten><text format="XML"><Content><P/></Content></text></textdaten></norm>
<norm builddate="20240117214550" doknr="BJNR224300005BJNE000300000"><metadaten><jurabk>StromNZV</jurabk><enbez>§ 1</enbez><titel format="parat">Anwendungsbereich</titel></metadaten><textdaten><text format="XML"><Content><P>Diese Verordnung regelt die Bedingungen für Einspeisungen von elektrischer Energie in Einspeisestellen der Elektrizitätsversorgungsnetze und die damit verbundene zeitgleiche Entnahme von elektrischer Energie an räumlich davon entfernt liegenden Entnahmestellen der Elektrizitätsversorgungsnetze. Die Regelungen der Verordnung sind abschließend im Sinne des § 111 Abs. 2 Nr. 2 des Energiewirtschaftsgesetzes.</P></Content></text></textdaten></norm>
<norm builddate="20240117214550" doknr="BJNR224300005BJNE000403377"><metadaten><jurabk>StromNZV</jurabk><enbez>§ 2</enbez><titel format="XML">Begriffsbestimmungen</titel></metadaten><textdaten><text format="XML"><Content><P>Im Sinne dieser Verordnung bedeutet <DL Font="normal" Type="arabic"><DT>1.</DT><DD Font="normal"><LA Size="normal">Fahrplan</LA><LA Size="normal">die Angabe, wie viel elektrische Leistung in jeder Zeiteinheit zwischen den Bilanzkreisen ausgetauscht wird oder an einer Einspeise- oder Entnahmestelle eingespeist oder entnommen wird;</LA></DD><DT>2.</DT><DD Font="normal"><LA Size="normal">Jahresmehr- und Jahresmindermengen</LA><LA Size="normal">Arbeitsmengendifferenzen zwischen der von Lastprofilkunden eines Lieferanten tatsächlich entnommenen elektrischen Arbeit und der Prognose des Jahresverbrauchs für diese Kunden;</LA></DD><DT>3.</DT><DD Font="normal"><LA Size="normal">Lastgang</LA><LA Size="normal">die Gesamtheit aller Leistungsmittelwerte, die über eine ganzzahlige Anzahl von Messperioden gemessen wird;</LA></DD><DT>4.</DT><DD Font="normal"><LA Size="normal">Lastprofil</LA><LA Size="normal">eine Zeitreihe, die für jede Abrechnungsperiode einen Leistungsmittelwert festlegt;</LA></DD><DT>5.</DT><DD Font="normal"><LA Size="normal">Lieferant</LA><LA Size="normal">ein Unternehmen, dessen Geschäftstätigkeit auf den Vertrieb von Elektrizität gerichtet ist;</LA></DD><DT>6.</DT><DD Font="normal"><LA Size="normal">(weggefallen)</LA></DD><DT>7.</DT><DD Font="normal"><LA Size="normal">Netznutzungsvertrag</LA><LA Size="normal">der in § 20 Abs. 1a des Energiewirtschaftsgesetzes genannte Vertrag;</LA></DD><DT>8.</DT><DD Font="normal"><LA Size="normal">(weggefallen)</LA></DD><DT>9.</DT><DD Font="normal"><LA Size="normal">(weggefallen)</LA></DD><DT>10.</DT><DD Font="normal"><LA Size="normal">(weggefallen)</LA></DD><DT>10a.</DT><DD Font="normal"><LA Size="normal">(weggefallen)</LA></DD><DT>11.</DT><DD Font="normal"><LA Size="normal">Unterbilanzkreis</LA><LA Size="normal">ein Bilanzkreis, der nicht für den Ausgleich der Abweichungen gegenüber dem Betreiber von Übertragungsnetzen verantwortlich ist;</LA></DD><DT>12.</DT><DD Font="normal"><LA Size="normal">(weggefallen)</LA></DD><DT>13.</DT><DD Font="normal"><LA Size="normal">Zählerstandsgang</LA><LA Size="normal">eine Reihe viertelstündlich ermittelter Zählerstände;</LA></DD><DT>14.</DT><DD Font="normal"><LA Size="normal">Zählpunkt</LA><LA Size="normal">der Netzpunkt, an dem der Energiefluss zähltechnisch erfasst wird.</LA></DD></DL></P></Content></text><fussnoten/></textdaten></norm>
<norm builddate="20240117214550" doknr="BJNR224300005BJNE000501377"><metadaten><jurabk>StromNZV</jurabk><enbez>§ 3</enbez><titel format="XML">Grundlagen des Netzzugangs</titel></metadaten><textdaten><text format="XML"><Content><P>Der Anspruch auf Netznutzung wird begrenzt durch die jeweiligen Kapazitäten der Elektrizitätsversorgungsnetze. Betreiber von Elektrizitätsversorgungsnetzen werden durch Netznutzungs- und Lieferantenrahmenverträge nicht gehindert, Änderungen an der Ausgestaltung ihrer Netze vorzunehmen. Die §§ 14 und 17 bleiben unberührt.</P></Content></text><fussnoten/></textdaten></norm>
<norm builddate="20240117214550" doknr="BJNR224300005BJNE003901377"><metadaten><jurabk>StromNZV</jurabk><enbez>§ 3a</enbez><titel format="XML">(weggefallen)</titel></metadaten><textdaten><text format="XML"><Content><P/></Content></text><fussnoten/></textdaten></norm>
<norm builddate="20240117214550" doknr="BJNR224300005BJNG000200000"><metadaten><jurabk>StromNZV</jurabk><gliederungseinheit><gliederungskennzahl>020</gliederungskennzahl><gliederungsbez>Teil 2</gliederungsbez><gliederungstitel>Zugang zu Übertragungsnetzen</gliederungstitel></gliederungseinheit></metadaten><textdaten><text format="XML"><Content><P/></Content></text></textdaten></norm>
<norm builddate="20240117214550" doknr="BJNR224300005BJNG000300000"><metadaten><jurabk>StromNZV</jurabk><gliederungseinheit><gliederungskennzahl>020010</gliederungskennzahl><gliederungsbez>Abschnitt 1</gliederungsbez><gliederungstitel>Bilanzkreissystem</gliederungstitel></gliederungseinheit></metadaten><textdaten><text format="XML"><Content><P/></Content></text></textdaten></norm>
<norm builddate="20240117214550" doknr="BJNR224300005BJNE000601360"><metadaten><jurabk>StromNZV</jurabk><enbez>§ 4</enbez><titel format="XML">Bilanzkreise</titel></metadaten><textdaten><text format="XML"><Content><P>(1) Innerhalb einer Regelzone sind von einem oder mehreren Netznutzern Bilanzkreise zu bilden. Bilanzkreise müssen aus mindestens einer Einspeise- oder einer Entnahmestelle bestehen. Abweichend davon können Bilanzkreise auch für Geschäfte, die nicht die Belieferung von Letztverbrauchern zum Gegenstand haben, gebildet werden. Die Zuordnung eines Bilanzkreises als Unterbilanzkreis zu einem anderen Bilanzkreis ist zulässig. Die Salden eines Bilanzkreises können mit Zustimmung der betroffenen Bilanzkreisverantwortlichen bei der Abrechnung einem anderen Bilanzkreis zugeordnet werden, wobei auch dieser Bilanzkreis die Funktion eines Unterbilanzkreises haben kann.</P><P>(2) Für jeden Bilanzkreis ist von den bilanzkreisbildenden Netznutzern gegenüber dem Betreiber des jeweiligen Übertragungsnetzes ein Bilanzkreisverantwortlicher zu benennen. Der Bilanzkreisverantwortliche ist verantwortlich für eine ausgeglichene Bilanz zwischen Einspeisungen und Entnahmen in einem Bilanzkreis in jeder Viertelstunde und übernimmt als Schnittstelle zwischen Netznutzern und Betreibern von Übertragungsnetzen die wirtschaftliche Verantwortung für Abweichungen zwischen Einspeisungen und Entnahmen eines Bilanzkreises.</P><P>(3) Jede Einspeise- oder Entnahmestelle ist einem Bilanzkreis zuzuordnen. Ein Netznutzer darf nur einem Bilanzkreis, dessen Bilanzkreisverantwortlicher die Verantwortung nach Absatz 2 Satz 2 trägt, zugeordnet werden.</P><P>(4) Die Betreiber von Elektrizitätsversorgungsnetzen sind verpflichtet, dem Bilanzkreisverantwortlichen und anderen Betreibern von Elektrizitätsversorgungsnetzen die zur Abrechnung und Verminderung der Bilanzkreisabweichungen erforderlichen Daten in elektronischer Form unverzüglich zu übermitteln. Bilanzkreisverantwortliche haben die ihnen übermittelten Daten rechtzeitig zu prüfen, insbesondere im Hinblick auf die Verwendung für die Bilanzkreisabrechnung, und Einwände gegen die Vollständigkeit oder Richtigkeit unverzüglich dem zuständigen Betreiber von Elektrizitätsversorgungsnetzen in elektronischer Form mitzuteilen.</P></Content></text><fussnoten/></textdaten></norm>
<norm builddate="20240117214550" doknr="BJNR224300005BJNE000701360"><metadaten><jurabk>StromNZV</jurabk><enbez>§ 5</enbez><titel format="XML">Grundsätze der Fahrplanabwicklung und untertäglicher Handel</titel></metadaten><textdaten><text format="XML"><Content><P>(1) Die Abwicklung von Lieferungen elektrischer Energie zwischen Bilanzkreisen erfolgt auf Grundlage von Fahrplänen. Betreiber von Übertragungsnetzen sind berechtigt, Bilanzkreisverantwortliche dazu zu verpflichten, ihnen Fahrpläne gemäß den nach § 27 Abs. 1 Nr. 16 von der Regulierungsbehörde festgelegten Regelungen mitzuteilen. Fahrpläne für den Zeitraum des folgenden Tages bis zum nächsten Werktag sind den Betreibern von Übertragungsnetzen bis spätestens 14.30 Uhr mitzuteilen, sofern die Betreiber von Übertragungsnetzen nicht die Mitteilung zu einem späteren Zeitpunkt zugelassen haben oder die Regulierungsbehörde nach § 27 Abs. 1 Nr. 16 eine abweichende Regelung getroffen hat. Rechtzeitig im Sinne der Absätze 2 bis 4 dem Betreiber von Übertragungsnetzen mitgeteilte Fahrpläne und Fahrplanänderungen sind von diesem der Bilanzierung des jeweiligen Bilanzkreises und der Regelzone zu Grunde zu legen, es sei denn, Netzengpässe wurden nach § 15 Abs. 4 veröffentlicht und begründet. Die Fahrpläne müssen vollständig sein, eine ausgeglichene Bilanz des Bilanzkreises und damit eine ausgeglichene Bilanz der jeweiligen Regelzone ermöglichen.</P><P>(2) Fahrpläne innerhalb einer Regelzone und regelzonenübergreifende Fahrpläne können mit einem zeitlichen Vorlauf von mindestens einer Viertelstunde zu jeder Viertelstunde eines Tages geändert werden, soweit die Bundesnetzagentur nicht kürzere Vorlaufzeiten durch Festlegung nach § 27 Absatz 1 Nummer 16 bestimmt hat. Der Betreiber von Übertragungsnetzen hat das Recht, Änderungen von regelzonenübergreifenden Fahrplänen abzulehnen, wenn durch die Anwendung der geänderten Fahrpläne ein Engpass entstehen würde. Die Ablehnung ist zu begründen. Fahrplanänderungen müssen nach Maßgabe der von der Regulierungsbehörde nach § 27 Abs. 1 Nr. 16 erlassenen Regelungen dem Betreiber von Übertragungsnetzen mitgeteilt werden.</P><P>(3) Nachträgliche Fahrplanänderungen regelzoneninterner Fahrpläne können bis 16 Uhr des auf den Erfüllungstag folgenden Werktags erfolgen. Der Betreiber von Übertragungsnetzen veröffentlicht hierfür auf seiner Internetseite einen Kalender, dem die Werktage zu entnehmen sind.</P><P>(4) Das durch ungeplante Kraftwerksausfälle entstehende Ungleichgewicht zwischen Einspeisungen und Entnahmen ist vom Betreiber von Übertragungsnetzen für vier Viertelstunden einschließlich der Viertelstunde, in der der Ausfall aufgetreten ist, auszugleichen. Für die Zeit nach Ablauf dieser vier Viertelstunden ist der Bilanzkreisverantwortliche zum Ausgleich der ausgefallenen Leistung verpflichtet. Hierzu kann er abweichend von Absatz 2 Satz 1 seine Fahrpläne mit einer Vorlaufzeit von 15 Minuten zum Beginn einer jeden Viertelstunde ändern. Der Betreiber von Übertragungsnetzen kann nach der Fahrplanänderung vom Bilanzkreisverantwortlichen einen Nachweis darüber verlangen, dass ein ungeplanter Kraftwerksausfall vorliegt.</P></Content></text><fussnoten/></textdaten></norm>
<norm builddate="20240117214550" doknr="BJNR224300005BJNG000400000"><metadaten><jurabk>StromNZV</jurabk><gliederungseinheit><gliederungskennzahl>020020</gliederungskennzahl><gliederungsbez>Abschnitt 2</gliederungsbez><gliederungstitel>Ausgleichsleistungen</gliederungstitel></gliederungseinheit></metadaten><textdaten><text format="XML"><Content><P/></Content></text></textdaten></norm>
<norm builddate="20240117214550" doknr="BJNR224300005BJNE000801360"><metadaten><jurabk>StromNZV</jurabk><enbez>§ 6</enbez><titel format="XML">Grundsätze der Beschaffung von Regelenergie</titel></metadaten><textdaten><text format="XML"><Content><P>(1) Die Betreiber von Übertragungsnetzen sind verpflichtet, die jeweilige Regelenergieart im Rahmen einer gemeinsamen regelzonenübergreifenden anonymisierten Ausschreibung über eine Internetplattform zu beschaffen.</P><P>(2) Abweichend von Absatz 1 sind die Betreiber von Übertragungsnetzen zum Zweck der Erfüllung ihrer Verpflichtungen nach § 12 Abs. 1 und 3 sowie § 13 Abs. 1 des Energiewirtschaftsgesetzes berechtigt, einen technisch notwendigen Anteil an Regelenergie aus Kraftwerken in ihrer Regelzone auszuschreiben, soweit dies zur Gewährleistung der Versorgungssicherheit in ihrer jeweiligen Regelzone, insbesondere zur Aufrechterhaltung der Versorgung im Inselbetrieb nach Störungen, erforderlich ist.</P><P>(3) Die Primärregelung ist als zusätzliche Einspeisung oder Reduzierung des Bezugs oder Reduzierung der Einspeisung (positive oder negative Primärregelung) auszuschreiben. Die Sekundärregelung, Minutenreserve sowie weitere Regelenergieprodukte sind getrennt nach positivem und negativem Regelenergiebedarf auszuschreiben.</P><P>(4) Betreiber von Übertragungsnetzen sind berechtigt, Mindestangebote festzulegen. Die Anbieter sind berechtigt, zeitlich und mengenmäßig Teilleistungen anzubieten. Dabei dürfen die Teilleistungen nicht das jeweilige Mindestangebot unterschreiten. Die Bildung einer Anbietergemeinschaft ist auch zur Erreichung der Mindestangebote zulässig.</P><P>(5) Potenzielle Anbieter von Regelenergieprodukten haben den Nachweis zu erbringen, dass sie die zur Gewährleistung der Versorgungssicherheit erforderlichen Anforderungen für die Erbringung der unterschiedlichen Regelenergiearten erfüllen. Nachzuweisen sind insbesondere die notwendigen technischen Fähigkeiten und die ordnungsgemäße Erbringung der Regelleistung unter betrieblichen Bedingungen.</P><P>(6) Bei der Anwendung der §§ 6 bis 9 sind nach § 22 Absatz 2 Satz 5 des Energiewirtschaftsgesetzes getroffene Festlegungen der Bundesnetzagentur zu beachten.</P></Content></text><fussnoten><Content><P>(+++ § 6 Abs. 1: Zur Anwendung vgl. § 30 Abs. 2 +++)</P></Content></fussnoten></textdaten></norm>
<norm builddate="20240117214550" doknr="BJNR224300005BJNE000900000"><metadaten><jurabk>StromNZV</jurabk><enbez>§ 7</enbez><titel format="parat">Erbringung von Regelenergie</titel></metadaten><textdaten><text format="XML"><Content><P>Die Regelenergiearten Primärregelung, Sekundärregelung und Minutenreserve sowie sonstige beschaffte und eingesetzte Regelenergieprodukte sind entsprechend den Ausschreibungsergebnissen auf Grundlage der Angebotskurven beginnend mit dem jeweils günstigsten Angebot von den jeweiligen Betreibern von Übertragungsnetzen einzusetzen. Bei Netzeinschränkungen kann von den Angebotskurven abgewichen werden, wenn die Netzeinschränkungen begründet dargelegt werden können.</P></Content></text></textdaten></norm>
<norm builddate="20240117214550" doknr="BJNR224300005BJNE001001311"><metadaten><jurabk>StromNZV</jurabk><enbez>§ 8</enbez><titel format="XML">Abrechnung von Regelenergie</titel></metadaten><textdaten><text format="XML"><Content><P>(1) Betreiber von Übertragungsnetzen müssen die Kosten für Primärregelleistung und -arbeit, für die Vorhaltung von Sekundärregelleistung und Minutenreserveleistung sowie weiterer beschaffter und eingesetzter Regelenergieprodukte als eigenständige Systemdienstleistungen den Nutzern der Übertragungsnetze in Rechnung stellen, soweit nicht die Regulierungsbehörde durch Festlegung nach § 27 Absatz 1 Nummer 21a die Kosten für denjenigen Teil der Vorhaltung von Regelenergie aus Sekundärregelleistung und Minutenreserveleistung, der durch das Verhalten der Bilanzkreisverantwortlichen in ihrer Gesamtheit verursacht wird, zur Abrechnung über die Ausgleichsenergie bestimmt. Bei der Ermittlung der Kosten kann eine pauschalisierende Betrachtung zu Grunde gelegt werden. Für jedes Angebot, das zum Zuge kommt, bemisst sich die zu zahlende Vergütung nach dem im jeweiligen Angebot geforderten Preis, soweit nicht die Regulierungsbehörde durch Festlegung nach § 27 Absatz 1 Nummer 3b das Verfahren zur Vergütung der Regelenergie durch ein Einheitspreisverfahren regelt.</P><P>(2) Die einzelnen Betreiber von Übertragungsnetzen sind verpflichtet, innerhalb ihrer jeweiligen Regelzone auf 15-Minutenbasis die Mehr- und Mindereinspeisungen aller Bilanzkreise zu saldieren. Sie haben die Kosten und Erlöse für den Abruf von Sekundärregelarbeit und Minutenreservearbeit sowie im Fall einer nach § 27 Absatz 1 Nummer 21a getroffenen Festlegung auch die Kosten für die Vorhaltung von Regelenergie aus Sekundärregelleistung und Minutenreserveleistung im festgelegten Umfang als Ausgleichsenergie den Bilanzkreisverantwortlichen auf Grundlage einer viertelstündlichen Abrechnung in Rechnung zu stellen. Die Preise, die je Viertelstunde ermittelt werden, müssen für Bilanzkreisüberspeisungen und Bilanzkreisunterspeisungen identisch sein. Die Abrechnung des Betreibers von Übertragungsnetzen gegenüber den Bilanzkreisverantwortlichen soll den gesamten Abrechnungszeitraum vollständig umfassen. Die Abrechnung hat spätestens zwei Monate nach dem jeweiligen Abrechnungsmonat zu erfolgen. Die Frist kann auf Antrag des Betreibers von Übertragungsnetzen von der Regulierungsbehörde verlängert werden.</P></Content></text><fussnoten/></textdaten></norm>
<norm builddate="20240117214550" doknr="BJNR224300005BJNE001100000"><metadaten><jurabk>StromNZV</jurabk><enbez>§ 9</enbez><titel format="parat">Transparenz der Ausschreibung, Beschaffung und Inanspruchnahme von
Regelenergie</titel></metadaten><textdaten><text format="XML"><Content><P>(1) Betreiber von Übertragungsnetzen sind verpflichtet, die Ausschreibungsergebnisse in einem einheitlichen Format getrennt nach Primärregelung, Sekundärregelung und Minutenreserve sowie der sonstigen Regelenergieprodukte der Regulierungsbehörde auf Anforderung unverzüglich zur Verfügung zu stellen sowie nach Ablauf von zwei Wochen auf ihrer Internetseite in anonymisierter Form zu veröffentlichen und dort für drei Jahre verfügbar zu halten. Hierbei ist insbesondere der Preis des Grenzanbieters zu veröffentlichen.</P><P>(2) Die Betreiber von Übertragungsnetzen haben auf ihrer gemeinsamen Internetplattform für jede Ausschreibung eine gemeinsame Angebotskurve zu veröffentlichen.</P></Content> </text></textdaten></norm>
<norm builddate="20240117214550" doknr="BJNR224300005BJNE001200000"><metadaten><jurabk>StromNZV</jurabk><enbez>§ 10</enbez><titel format="parat">Verlustenergie</titel></metadaten><textdaten><text format="XML"><Content><P>(1) Die Betreiber von Elektrizitätsversorgungsnetzen sind verpflichtet, Verlustenergie in einem marktorientierten, transparenten und diskriminierungsfreien Verfahren zu beschaffen. Dabei sind Ausschreibungsverfahren durchzuführen, soweit nicht wesentliche Gründe entgegenstehen. Ein wesentlicher Grund kann insbesondere dann vorliegen, wenn die Kosten der Ausschreibungsverfahren in einem unangemessenen Verhältnis zu deren Nutzen stehen. Von der Verpflichtung nach Satz 2 sind Netzbetreiber ausgenommen, an deren Verteilernetz weniger als 100.000 Kunden unmittelbar oder mittelbar angeschlossen sind.</P><P>(2) Die Betreiber von Elektrizitätsversorgungsnetzen sind verpflichtet, einen Bilanzkreis zu führen, der ausschließlich den Ausgleich von Verlustenergie umfasst. Von der Verpflichtung nach Satz 1 sind Netzbetreiber ausgenommen, an deren Verteilernetz weniger als 100.000 Kunden unmittelbar oder mittelbar angeschlossen sind.</P></Content> </text></textdaten></norm>
<norm builddate="20240117214550" doknr="BJNR224300005BJNE001302116"><metadaten><jurabk>StromNZV</jurabk><enbez>§ 11</enbez><titel format="XML">Bilanzkreis für Energien nach dem Erneuerbare-Energien-Gesetz</titel></metadaten><textdaten><text format="XML"><Content><P>Die Betreiber von Elektrizitätsversorgungsnetzen sind verpflichtet, einen Bilanzkreis zu führen, der ausschließlich Energien, die nach dem Erneuerbare-Energien-Gesetz mit einer Einspeisevergütung vergütet werden, von Einspeisern im Netzgebiet zur Durchleitung an den Bilanzkreis für Energien nach dem Erneuerbare-Energien-Gesetz der Betreiber von Übertragungsnetzen aufweist. Von der Verpflichtung nach Satz 1 sind Netzbetreiber ausgenommen, an deren Verteilernetz weniger als 100 000 Kunden unmittelbar oder mittelbar angeschlossen sind.</P></Content></text><fussnoten><Content><P>(+++ § 11: Zur Anwendung vgl. § 30 Abs. 1 +++)</P></Content></fussnoten></textdaten></norm>
<norm builddate="20240117214550" doknr="BJNR224300005BJNE004000118"><metadaten><jurabk>StromNZV</jurabk><enbez>§ 11a</enbez><titel format="XML">Bilanzkreis für den energetischen und bilanziellen Ausgleich von Systemsicherheitsmaßnahmen</titel></metadaten><textdaten><text format="XML"><Content><P>(1) Betreiber von Elektrizitätsversorgungsnetzen sind verpflichtet, einen gesonderten Bilanzkreis für den energetischen und bilanziellen Ausgleich von Maßnahmen nach § 13 Absatz 1 Satz 2 des Energiewirtschaftsgesetzes und den bilanziellen Ersatz nach § 14 Absatz 1c des Energiewirtschaftsgesetzes zu führen.</P><P>(2) Betreiber von Elektrizitätsversorgungsnetzen sind verpflichtet, den energetischen und bilanziellen Ausgleich von Maßnahmen nach § 13 Absatz 1 Satz 2 des Energiewirtschaftsgesetzes und den bilanziellen Ersatz nach § 14 Absatz 1c des Energiewirtschaftsgesetzes ausschließlich über den Bilanzkreis nach Absatz 1 durchzuführen und den Bilanzkreis ausschließlich zu diesem Zweck einzusetzen.</P><P>(3) Soweit der Betreiber eines Elektrizitätsversorgungsnetzes den energetischen Ausgleich nach Absatz 2 mit Hilfe von Handelsgeschäften durchführt, sind diese an einer Strombörse eines nominierten Strommarktbetreibers gemäß Artikel 4 Nummer 1 der Verordnung (EU) 2015/1222 der Kommission vom 24. Juli 2015 zur Festlegung einer Leitlinie für die Kapazitätsvergabe und das Engpassmanagement (ABl. L 197 vom 25.7.2015, S. 24) zu tätigen.</P></Content></text><fussnoten/></textdaten></norm>
<norm builddate="20240117214550" doknr="BJNR224300005BJNG000500000"><metadaten><jurabk>StromNZV</jurabk><gliederungseinheit><gliederungskennzahl>030</gliederungskennzahl><gliederungsbez>Teil 3</gliederungsbez><gliederungstitel>Zugang zu Elektrizitätsverteilernetzen</gliederungstitel></gliederungseinheit></metadaten><textdaten><text format="XML"><Content><P/></Content></text></textdaten></norm>
<norm builddate="20240117214550" doknr="BJNR224300005BJNE001405377"><metadaten><jurabk>StromNZV</jurabk><enbez>§ 12</enbez><titel format="XML">Standardisierte Lastprofile; Zählerstandsgangmessung</titel></metadaten><textdaten><text format="XML"><Content><P>(1) Die Betreiber von Elektrizitätsverteilernetzen haben im Niederspannungsnetz für die Abwicklung der Stromlieferung an Letztverbraucher mit einer jährlichen Entnahme von bis zu 100 000 Kilowattstunden vereinfachte Methoden (standardisierte Lastprofile) anzuwenden, soweit nicht nach Maßgabe des Messstellenbetriebsgesetzes eine Übermittlung von Last- oder Zählerstandsgängen erfolgt.</P><P>(2) Standardisierte Lastprofile müssen sich am typischen Abnahmeprofil jeweils folgender Gruppen von Letztverbrauchern orientieren: <DL Type="arabic"><DT>1.</DT><DD Font="normal"><LA>Gewerbe;</LA></DD><DT>2.</DT><DD Font="normal"><LA>Haushalte;</LA></DD><DT>3.</DT><DD Font="normal"><LA>Landwirtschaft;</LA></DD><DT>4.</DT><DD Font="normal"><LA>Bandlastkunden;</LA></DD><DT>5.</DT><DD Font="normal"><LA>unterbrechbare Verbrauchseinrichtungen;</LA></DD><DT>6.</DT><DD Font="normal"><LA>Heizwärmespeicher.</LA></DD></DL>Die Verbrauchsgrenzen für die Anwendung von standardisierten Lastprofilen sind auf alle Letztverbraucher einer Lastprofilgruppe gleichermaßen anzuwenden. Der Netznutzer ist berechtigt, mit dem Betreiber von Elektrizitätsverteilernetzen im Einzelfall eine niedrigere Grenze zu vereinbaren, soweit dem nicht eine Bestimmung des Messstellenbetriebsgesetzes entgegensteht.</P><P>(3) Die Betreiber von Elektrizitätsverteilernetzen sind verpflichtet, einen Differenzbilanzkreis zu führen, der ausschließlich die Abweichungen der Gesamtheit der Letztverbraucher erfasst, die mit standardisierten Lastprofilen bilanziert werden. In dem Differenzbilanzkreis dürfen keine Letztverbraucher bilanziert werden. Die Betreiber von Elektrizitätsversorgungsnetzen sind verpflichtet, die Ergebnisse der Differenzbilanzierung jährlich auf ihrer Internetseite zu veröffentlichen. Von der Verpflichtung nach Satz 1 sind Betreiber von Elektrizitätsverteilernetzen ausgenommen, an deren Verteilernetz weniger als 100 000 Kunden unmittelbar oder mittelbar angeschlossen sind.</P><P>(4) Soweit es für die Umsetzung eines variablen Tarifs im Sinne von § 40 Absatz 5 Satz 1 des Energiewirtschaftsgesetzes erforderlich ist, haben Netzbetreiber Netznutzern eine Bilanzierung und Abrechnung auf Basis von Zählerstandsgängen für diejenigen Einspeise- und Entnahmestellen zu ermöglichen, deren Einspeise- und Entnahmeverhalten mit intelligenten Messsystemen im Sinne des Messstellenbetriebsgesetzes ermittelt wird.</P><P>(5) Die Anwendung standardisierter Lastprofile an einem Netzanschlusspunkt ist nicht zulässig, wenn hinter dem Netzanschlusspunkt sowohl Verbrauch als auch Erzeugung stattfinden, dabei der erzeugte Strom nicht vollständig in das Netz eingespeist wird und die zugehörige Messstelle mit einem intelligenten Messsystem nach dem Messstellenbetriebsgesetz ausgestattet ist.</P></Content></text><fussnoten/></textdaten></norm>
<norm builddate="20240117214550" doknr="BJNR224300005BJNE001501301"><metadaten><jurabk>StromNZV</jurabk><enbez>§ 13</enbez><titel format="XML">Jahresmehr- und Jahresmindermengen</titel></metadaten><textdaten><text format="XML"><Content><P>(1) Die Betreiber von Elektrizitätsverteilernetzen sind verpflichtet, für jeden Lastprofilkunden des Lieferanten eine Prognose über den Jahresverbrauch festzulegen, die in der Regel auf dem Vorjahresverbrauch basiert. Die Prognose ist dem Lieferanten oder Netznutzer mitzuteilen. Dieser kann unplausiblen Prognosen widersprechen und dem Betreiber des Elektrizitätsverteilernetzes eine eigene Prognose unterbreiten. Kommt keine Einigung zustande, legt der Betreiber von Elektrizitätsverteilernetzen die Prognose über den Jahresverbrauch fest. In begründeten Ausnahmefällen kann die Jahresverbrauchsprognose vom Lieferanten und dem Betreiber von Elektrizitätsverteilernetzen gemeinsam auch unterjährig angepasst werden.</P><P>(2) Jahresmehr- und Jahresmindermengen zwischen der bei Entnahmestellen mit Standard-Lastprofilen gemessenen oder auf sonstige Weise ermittelten elektrischen Arbeit und der sich aus den prognostizierten Lastprofilen ergebenden elektrischen Arbeit sind als vom Netzbetreiber geliefert oder abgenommen zu behandeln.</P><P>(3) Unterschreitet die Summe der in einem Zeitraum ermittelten elektrischen Arbeit die Summe der Arbeit, die den bilanzierten Lastprofilen zu Grunde gelegt wurde (ungewollte Mehrmenge), so vergütet der Netzbetreiber dem Lieferanten oder dem Kunden diese Differenzmenge. Überschreitet die Summe der in einem Zeitraum ermittelten elektrischen Arbeit die Summe der Arbeit, die den bilanzierten Lastprofilen zu Grunde gelegt wurde (ungewollte Mindermenge), stellt der Netzbetreiber die Differenzmenge dem Lieferanten oder dem Kunden in Rechnung. Die Abrechnung der Jahresmehr- und Jahresmindermengen erfolgt nach Ablauf des jeweiligen Abrechnungsjahres zwischen Lieferanten und Netzbetreiber oder zwischen Kunden und Netzbetreiber. Der Betreiber von Elektrizitätsverteilernetzen berechnet für Jahresmehr- und Jahresmindermengen auf Grundlage der monatlichen Marktpreise einen einheitlichen Preis. Dieser Preis ist auf der jeweiligen Internetseite des Betreibers von Elektrizitätsverteilernetzen zu veröffentlichen.</P></Content></text><fussnoten/></textdaten></norm>
<norm builddate="20240117214550" doknr="BJNR224300005BJNG000600000"><metadaten><jurabk>StromNZV</jurabk><gliederungseinheit><gliederungskennzahl>040</gliederungskennzahl><gliederungsbez>Teil 4</gliederungsbez><gliederungstitel>Sonstige Pflichten der Betreiber von
Elektrizitätsversorgungsnetzen</gliederungstitel></gliederungseinheit></metadaten><textdaten><text format="XML"><Content><P/></Content></text></textdaten></norm>
<norm builddate="20240117214550" doknr="BJNR224300005BJNE001602360"><metadaten><jurabk>StromNZV</jurabk><enbez>§ 14</enbez><titel format="XML">Lieferantenwechsel</titel></metadaten><textdaten><text format="XML"><Content><P>(1) Die Netzbetreiber sind verpflichtet, für die Durchführung des Lieferantenwechsels für Letztverbraucher sowie für die Zuordnung von Einspeiseanlagen zu Händlern und Bilanzkreisen bundesweit einheitliche, massengeschäftstaugliche Verfahren anzuwenden. Für den elektronischen Datenaustausch mit den Netznutzern ist ein einheitliches Datenformat zu verwenden. Die Netzbetreiber sind verpflichtet, die elektronische Übermittlung und Bearbeitung von Kundendaten in massengeschäftstauglicher Weise zu organisieren, sodass die Kundendaten in vollständig automatisierter Weise übermittelt und bearbeitet werden können. Die Verbände der Netznutzer sind an der Entwicklung der Verfahren und Formate für den Datenaustausch angemessen zu beteiligen.</P><P>(2) Der bisherige Lieferant ist verpflichtet, unverzüglich <DL Font="normal" Type="arabic"><DT>1.</DT><DD Font="normal"><LA Size="normal">dem Netzbetreiber die Abmeldung seines Kunden mitzuteilen und</LA></DD><DT>2.</DT><DD Font="normal"><LA Size="normal">dem neuen Lieferanten in einem einheitlichen Format elektronisch eine Kündigungsbestätigung zu übersenden, soweit der neue Lieferant die Kündigung in Vertretung für den Kunden ausgesprochen hat.</LA></DD></DL></P><P>(3) Eine Entnahmestelle ist anhand von nicht mehr als drei mitgeteilten Daten zu identifizieren. Es soll eine der folgenden Datenkombinationen mitgeteilt werden: <DL Font="normal" Type="arabic"><DT>1.</DT><DD Font="normal"><LA Size="normal">Zählpunkt oder Zählpunkt-Aggregation und Name oder Firma des Kunden sowie Straße, Postleitzahl und Ort der Entnahmestelle,</LA></DD><DT>2.</DT><DD Font="normal"><LA Size="normal">Zählernummer und Name oder Firma des Kunden sowie Straße, Postleitzahl und Ort der Entnahmestelle oder</LA></DD><DT>3.</DT><DD Font="normal"><LA Size="normal">Name des bisherigen Lieferanten, Kundennummer des bisherigen Lieferanten und Name oder Firma des Kunden sowie Straße, Postleitzahl und Ort der Entnahmestelle.</LA></DD></DL>Wenn der neue Lieferant keine der in Satz 2 aufgeführten Datenkombinationen vollständig dem Betreiber von Elektrizitätsversorgungsnetzen mitteilt, darf der Betreiber von Elektrizitätsversorgungsnetzen die Meldung nur zurückweisen, wenn die Entnahmestelle nicht eindeutig identifizierbar ist. In diesem Fall ist die Meldung für diese Entnahmestelle unwirksam. Änderungen wesentlicher Kundendaten sind wechselseitig unverzüglich mitzuteilen. § 27 Absatz 1 Nummer 18 bleibt unberührt.</P><P>(4) Betreiber von Elektrizitätsversorgungsnetzen dürfen den Lieferantenwechsel nicht von anderen Bedingungen als den in den Absätzen 1 bis 3 genannten abhängig machen. § 27 Abs. 1 Nr. 17 bleibt unberührt.</P></Content></text><fussnoten/></textdaten></norm>
<norm builddate="20240117214550" doknr="BJNR224300005BJNE001700000"><metadaten><jurabk>StromNZV</jurabk><enbez>§ 15</enbez><titel format="parat">Engpassmanagement</titel></metadaten><textdaten><text format="XML"><Content><P>(1) Betreiber von Übertragungsnetzen haben im Rahmen des wirtschaftlich Zumutbaren das Entstehen von Engpässen in ihren Netzen und an den Kuppelstellen zu benachbarten Netzen mit Hilfe von netzbezogenen und marktbezogenen Maßnahmen zu verhindern, die auch die Zusammenarbeit der Betreiber von Übertragungsnetzen einschließen kann.</P><P>(2) Lässt sich die Entstehung eines Engpasses mit Hilfe von Maßnahmen nach Absatz 1 nicht vermeiden, so sind Betreiber von Übertragungsnetzen verpflichtet, die verfügbaren Leitungskapazitäten nach marktorientierten und transparenten Verfahren diskriminierungsfrei zu bewirtschaften.</P><P>(3) Die Erlöse, die Netzbetreiber aus der Durchführung der Engpassbewirtschaftung erzielen, sind unverzüglich für Maßnahmen zur Beseitigung von Engpässen zu verwenden, hierfür zurückzustellen oder entgeltmindernd in den Netzentgelten zu berücksichtigen. Die Erlöse, die Netzbetreiber aus der Durchführung der Engpassbewirtschaftung erzielen, sind von den Betreibern von Übertragungsnetzen zu dokumentieren. Die Dokumentation ist der Regulierungsbehörde vorzulegen.</P><P>(4) Betreiber von Übertragungsnetzen sind verpflichtet, Engpässe in ihrem Netz unverzüglich und in geeigneter Form, zumindest aber auf ihrer Internetseite, zu veröffentlichen und den betroffenen Bilanzkreisverantwortlichen soweit möglich unverzüglich elektronisch mitzuteilen. Die Veröffentlichung und Mitteilung müssen enthalten: <DL Font="normal" Type="arabic"><DT>1.</DT><DD Font="normal"><LA Size="normal">die zur Verfügung stehende Gesamtkapazität,</LA></DD> <DT>2.</DT><DD Font="normal"><LA Size="normal">die Übertragungsrichtung, in der der Engpass auftritt, und</LA></DD> <DT>3.</DT><DD Font="normal"><LA Size="normal">die prognostizierte Dauer.</LA></DD> </DL> </P><P>(5) Die Absätze 1 bis 4 gelten auch für Betreiber von Elektrizitätsverteilernetzen.</P></Content>   </text></textdaten></norm>
<norm builddate="20240117214550" doknr="BJNR224300005BJNE001801377"><metadaten><jurabk>StromNZV</jurabk><enbez>§ 16</enbez><titel format="XML">(weggefallen)</titel></metadaten><textdaten><text format="XML"><Content><P/></Content></text><fussnoten/></textdaten></norm>
<norm builddate="20240117214550" doknr="BJNR224300005BJNE001901377"><metadaten><jurabk>StromNZV</jurabk><enbez>§ 17</enbez><titel format="XML">(weggefallen)</titel></metadaten><textdaten><text format="XML"><Content><P/></Content></text><fussnoten/></textdaten></norm>
<norm builddate="20240117214550" doknr="BJNR224300005BJNE002004118"><metadaten><jurabk>StromNZV</jurabk><enbez>§ 18</enbez><titel format="XML">Messung</titel></metadaten><textdaten><text format="XML"><Content><P>Die Messung erfolgt nach den Bestimmungen des Messstellenbetriebsgesetzes vom 29. August 2016 (BGBl. I S. 2034) in der jeweils geltenden Fassung.</P></Content></text><fussnoten/></textdaten></norm>
<norm builddate="20240117214550" doknr="BJNR224300005BJNE003501118"><metadaten><jurabk>StromNZV</jurabk><enbez>§ 18a</enbez><titel format="XML">(weggefallen)</titel></metadaten><textdaten><text format="XML"><Content><P/></Content></text><fussnoten/></textdaten></norm>
<norm builddate="20240117214550" doknr="BJNR224300005BJNE003702118"><metadaten><jurabk>StromNZV</jurabk><enbez>§ 18b</enbez><titel format="XML">(weggefallen)</titel></metadaten><textdaten><text format="XML"><Content><P/></Content></text><fussnoten/></textdaten></norm>
<norm builddate="20240117214550" doknr="BJNR224300005BJNE002102118"><metadaten><jurabk>StromNZV</jurabk><enbez>§ 19</enbez><titel format="XML">(weggefallen)</titel></metadaten><textdaten><text format="XML"><Content><P/></Content></text><fussnoten/></textdaten></norm>
<norm builddate="20240117214550" doknr="BJNR224300005BJNE002203118"><metadaten><jurabk>StromNZV</jurabk><enbez>§ 20</enbez><titel format="XML">(weggefallen)</titel></metadaten><textdaten><text format="XML"><Content><P/></Content></text><fussnoten/></textdaten></norm>
<norm builddate="20240117214550" doknr="BJNR224300005BJNE002301118"><metadaten><jurabk>StromNZV</jurabk><enbez>§ 21</enbez><titel format="XML">(weggefallen)</titel></metadaten><textdaten><text format="XML"><Content><P/></Content></text><fussnoten/></textdaten></norm>
<norm builddate="20240117214550" doknr="BJNR224300005BJNE002402118"><metadaten><jurabk>StromNZV</jurabk><enbez>§ 22</enbez><titel format="XML">(weggefallen)</titel></metadaten><textdaten><text format="XML"><Content><P/></Content></text><fussnoten/></textdaten></norm>
<norm builddate="20240117214550" doknr="BJNR224300005BJNG000700000"><metadaten><jurabk>StromNZV</jurabk><gliederungseinheit><gliederungskennzahl>050</gliederungskennzahl><gliederungsbez>Teil 5</gliederungsbez><gliederungstitel>Vertragsbeziehungen</gliederungstitel></gliederungseinheit></metadaten><textdaten><text format="XML"><Content><P/></Content></text></textdaten></norm>
<norm builddate="20240117214550" doknr="BJNR224300005BJNE002500000"><metadaten><jurabk>StromNZV</jurabk><enbez>§ 23</enbez><titel format="parat">Vertragliche Ausgestaltung des Netzzugangs</titel></metadaten><textdaten><text format="XML"><Content><P>(1) Der Netzzugangsberechtigte fordert spätestens durch Anmeldung der ersten Kundenentnahmestelle zur Netznutzung ein verbindliches Angebot zum Abschluss eines Lieferantenrahmenvertrages oder Netznutzungsvertrages beim Betreiber eines Elektrizitätsversorgungsnetzes an. Dieser ist verpflichtet, innerhalb einer Frist von sieben Arbeitstagen nach Eingang der Anforderung ein vollständiges und bindendes Angebot abzugeben.</P><P>(2) Die Betreiber von Elektrizitätsversorgungsnetzen sind berechtigt, die von ihnen geschlossenen Verträge aus wichtigem Grund fristlos zu kündigen. Sie können in begründeten Fällen vom Netznutzer eine Sicherheitsleistung verlangen.</P></Content> </text></textdaten></norm>
<norm builddate="20240117214550" doknr="BJNR224300005BJNE002601301"><metadaten><jurabk>StromNZV</jurabk><enbez>§ 24</enbez><titel format="XML">Netznutzungsvertrag</titel></metadaten><textdaten><text format="XML"><Content><P>(1) Netznutzer haben einen Anspruch auf Abschluss eines Netznutzungsvertrages. Wird der Netznutzungsvertrag von einem Lieferanten abgeschlossen, so darf der Betreiber von Elektrizitätsversorgungsnetzen den Netzzugang nicht von dem gleichzeitigen Abschluss eines Netznutzungsvertrages zwischen ihm und dem Letztverbraucher abhängig machen.</P><P>(2) Der Vertrag muss unter Beachtung der Vorschriften des Energiewirtschaftsgesetzes und dieser Verordnung mindestens Regelungen zu folgenden Gegenständen enthalten: <DL Font="normal" Type="arabic"><DT>1.</DT><DD Font="normal"><LA Size="normal">Vertragsgegenstand;</LA></DD><DT>2.</DT><DD Font="normal"><LA Size="normal">Voraussetzungen der Netznutzung;</LA></DD><DT>3.</DT><DD Font="normal"><LA Size="normal">Leistungsmessung, Zählerstandsgangmessung und Lastprofilverfahren;</LA></DD><DT>4.</DT><DD Font="normal"><LA Size="normal">Zuordnung von Einspeise- oder Entnahmestellen zu Bilanzkreisen;</LA></DD><DT>5.</DT><DD Font="normal"><LA Size="normal">Abrechnung;</LA></DD><DT>6.</DT><DD Font="normal"><LA Size="normal">Datenverarbeitung;</LA></DD><DT>7.</DT><DD Font="normal"><LA Size="normal">Haftungsbestimmungen;</LA></DD><DT>8.</DT><DD Font="normal"><LA Size="normal">Voraussetzungen für die Erhebung einer Sicherheitsleistung in begründeten Fällen;</LA></DD><DT>9.</DT><DD Font="normal"><LA Size="normal">Kündigungsrechte.</LA></DD></DL></P></Content></text><fussnoten/></textdaten></norm>
<norm builddate="20240117214550" doknr="BJNR224300005BJNE002700000"><metadaten><jurabk>StromNZV</jurabk><enbez>§ 25</enbez><titel format="parat">Lieferantenrahmenvertrag</titel></metadaten><textdaten><text format="XML"><Content><P>(1) Lieferanten haben gegen die Netzbetreiber einen Anspruch auf Abschluss eines Lieferantenrahmenvertrages über die Abwicklung der Belieferung ihrer Kunden mit elektrischer Energie.</P><P>(2) Der Vertrag muss unter Beachtung der Vorschriften des Energiewirtschaftsgesetzes und dieser Verordnung mindestens Regelungen zu folgenden Gegenständen enthalten: <DL Font="normal" Type="arabic"><DT>1.</DT><DD Font="normal"><LA Size="normal">Vertragsgegenstand;</LA></DD> <DT>2.</DT><DD Font="normal"><LA Size="normal">Regelungen zur Netznutzung;</LA></DD> <DT>3.</DT><DD Font="normal"><LA Size="normal">Datenaustausch zwischen Netznutzern und Betreibern von Elektrizitätsversorgungsnetzen;</LA></DD> <DT>4.</DT><DD Font="normal"><LA Size="normal">Voraussetzung der Belieferung;</LA></DD> <DT>5.</DT><DD Font="normal"><LA Size="normal">An- und Abmeldung eines Kunden zu einem Bilanzkreis;</LA></DD> <DT>6.</DT><DD Font="normal"><LA Size="normal">Leistungsmessung oder Lastprofilverfahren;</LA></DD> <DT>7.</DT><DD Font="normal"><LA Size="normal">Abrechnung;</LA></DD> <DT>8.</DT><DD Font="normal"><LA Size="normal">Ansprechpartner und Erreichbarkeit;</LA></DD> <DT>9.</DT><DD Font="normal"><LA Size="normal">Haftungsbestimmungen;</LA></DD> <DT>10.</DT><DD Font="normal"><LA Size="normal">Voraussetzungen für die Erhebung einer Sicherheitsleistung in begründeten Fällen;</LA></DD> <DT>11.</DT><DD Font="normal"><LA Size="normal">Kündigungsrechte.</LA></DD> </DL></P></Content> </text></textdaten></norm>
<norm builddate="20240117214550" doknr="BJNR224300005BJNE003600377"><metadaten><jurabk>StromNZV</jurabk><enbez>§ 25a</enbez><titel format="parat">Haftung bei Störungen der Netznutzung</titel></metadaten><textdaten><text format="XML"><Content><P>§ 18 der Niederspannungsanschlussverordnung gilt entsprechend.</P></Content></text><fussnoten/></textdaten></norm>
<norm builddate="20240117214550" doknr="BJNR224300005BJNE002801311"><metadaten><jurabk>StromNZV</jurabk><enbez>§ 26</enbez><titel format="XML">Bilanzkreisvertrag</titel></metadaten><textdaten><text format="XML"><Content><P>(1) Zwischen dem Bilanzkreisverantwortlichen und dem Betreiber von Übertragungsnetzen muss ein Vertrag über die Führung, Abwicklung und Abrechnung von Bilanzkreisen (Bilanzkreisvertrag) geschlossen werden.</P><P>(2) Der Vertrag muss unter Berücksichtigung der Vorschriften des Energiewirtschaftsgesetzes und dieser Verordnung mindestens Regelungen zu folgenden Gegenständen enthalten: <DL Font="normal" Type="arabic"><DT>1.</DT><DD Font="normal"><LA Size="normal">Vertragsgegenstand;</LA></DD><DT>2.</DT><DD Font="normal"><LA Size="normal">Rechte, Pflichten und Leistungen des Betreibers von Übertragungsnetzen;</LA></DD><DT>3.</DT><DD Font="normal"><LA Size="normal">Rechte und Pflichten des Bilanzkreisverantwortlichen;</LA></DD><DT>4.</DT><DD Font="normal"><LA Size="normal">Datenaustausch zwischen dem Betreiber von Übertragungsnetzen und dem Bilanzkreisverantwortlichen;</LA></DD><DT>5.</DT><DD Font="normal"><LA Size="normal">Haftungsbestimmungen;</LA></DD><DT>6.</DT><DD Font="normal"><LA Size="normal">Voraussetzungen für die Erhebung einer Sicherheitsleistung in begründeten Fällen;</LA></DD><DT>7.</DT><DD Font="normal"><LA Size="normal">Kündigungsrechte der Vertragsparteien.</LA></DD></DL></P><P>(3) (weggefallen)</P></Content></text><fussnoten/></textdaten></norm>
<norm builddate="20240117214550" doknr="BJNR224300005BJNE003800311"><metadaten><jurabk>StromNZV</jurabk><enbez>§ 26a</enbez><titel format="XML">Erbringung von Regelleistung durch Letztverbraucher</titel></metadaten><textdaten><text format="XML"><Content><P>(1) Lieferanten, Bilanzkreisverantwortliche und Betreiber von Übertragungsnetzen stellen sicher, dass einem Letztverbraucher mit Zählerstandsgangmessung oder viertelstündiger registrierender Lastgangmessung auf sein Verlangen hin die Erbringung von Minutenreserve oder Sekundärregelung über einen anderen Bilanzkreis gegen angemessenes Entgelt ermöglicht wird. Hierzu sind Regelungen über den Austausch der erforderlichen Informationen zwischen den Beteiligten sowie die Bilanzierung der Energiemengen zu treffen. Der Lieferant kann die Erbringung von Minutenreserve und Sekundärregelung über einen anderen Bilanzkreis nach Satz 1 mit ausdrücklicher Zustimmung des Letztverbrauchers vertraglich ausschließen.</P><P>(2) Das Entgelt nach Absatz 1 ist angemessen, wenn es den Lieferanten und den Bilanzkreisverantwortlichen, dessen Bilanzkreis der Letztverbraucher zugeordnet ist, wirtschaftlich so stellt, wie sie ohne die Erbringung von Regelleistung durch den Letztverbraucher stünden.</P><P>(3) Die Anforderungen nach Absatz 1 gelten bei Neuverträgen ab dem 30. Juli 2016, im Übrigen ab dem 1. Januar 2018.</P></Content></text><fussnoten/></textdaten></norm>
<norm builddate="20240117214550" doknr="BJNR224300005BJNG000800000"><metadaten><jurabk>StromNZV</jurabk><gliederungseinheit><gliederungskennzahl>060</gliederungskennzahl><gliederungsbez>Teil 6</gliederungsbez><gliederungstitel>Befugnisse der Regulierungsbehörde</gliederungstitel></gliederungseinheit></metadaten><textdaten><text format="XML"><Content><P/></Content></text></textdaten></norm>
<norm builddate="20240117214550" doknr="BJNR224300005BJNE002904118"><metadaten><jurabk>StromNZV</jurabk><enbez>§ 27</enbez><titel format="XML">Festlegungen der Regulierungsbehörde</titel></metadaten><textdaten><text format="XML"><Content><P>(1) Zur Verwirklichung eines effizienten Netzzugangs und der in § 1 Abs. 1 des Energiewirtschaftsgesetzes genannten Zwecke kann die Regulierungsbehörde unter Beachtung der Anforderungen eines sicheren Netzbetriebs Entscheidungen durch Festlegungen nach § 29 Abs. 1 des Energiewirtschaftsgesetzes treffen <DL Font="normal" Type="arabic"><DT>1.</DT><DD Font="normal"><LA Size="normal">zu bilanziellen Abgrenzungsproblemen zwischen Bilanzkreisen im Einzelfall, die im Zusammenhang mit der Bündelung von Regelenergie auftreten;</LA></DD><DT>2.</DT><DD Font="normal"><LA Size="normal">zu Verfahren zur Ausschreibung von Regelenergie, insbesondere zu Mindestangebotsgrößen, Ausschreibungszeiträumen und Ausschreibungszeitscheiben, zum technisch notwendigen Anteil nach § 6 Abs. 2 und zu einheitlichen Bedingungen, die Anbieter von Regelenergie erfüllen müssen;</LA></DD><DT>3.</DT><DD Font="normal"><LA Size="normal">zum Einsatz von Regelenergie;</LA></DD><DT>3a.</DT><DD Font="normal"><LA Size="normal">zur Bildung einer einheitlichen Regelzone;</LA></DD><DT>3b.</DT><DD Font="normal"><LA Size="normal">zum Verfahren der Vergütung für Angebote von Regelenergieprodukten nach § 8 Absatz 1 Satz 3; dabei kann sie insbesondere festlegen, dass Regelarbeitspreise und Regelleistungspreise in einem Einheitspreisverfahren bestimmt werden;</LA></DD><DT>4.</DT><DD Font="normal"><LA Size="normal">zu Kriterien für missbräuchliche Über- oder Unterspeisung von Bilanzkreisen und deren Abrechnung;</LA></DD><DT>5.</DT><DD Font="normal"><LA Size="normal">zum Bilanzkreis und zu den erforderlichen Verfahren zur Messung und Bilanzierung für Energien nach dem Erneuerbare-Energien-Gesetz und zu den bilanziellen Maßnahmen, die erforderlich sind, um sicherzustellen, dass Energien nach dem Erneuerbare-Energien-Gesetz separiert werden von sonstigen Energiearten;</LA></DD><DT>6.</DT><DD Font="normal"><LA Size="normal">zum Ausschreibungsverfahren für Verlustenergie nach § 10 und zum Verfahren zur Bestimmung der Netzverluste;</LA></DD><DT>7.</DT><DD Font="normal"><LA Size="normal">zu Standardlastprofilen für einzelne Verbrauchsgruppen, Lastprofilen für unterbrechbare Verbrauchseinrichtungen, sonstigen Abwicklungsregelungen für das synthetische Verfahren und zu einheitlichen Anwendungssystemen für das analytische Verfahren;</LA></DD><DT>8.</DT><DD Font="normal"><LA Size="normal">zur Bestimmung des einheitlichen Preises und zum Abrechnungsverfahren nach § 13 Abs. 3;</LA></DD><DT>9.</DT><DD Font="normal"><LA Size="normal">zur Abwicklung der Netznutzung bei Lieferbeginn und Lieferende;</LA></DD><DT>10.</DT><DD Font="normal"><LA Size="normal">zur Bewirtschaftung von Engpässen nach § 15 Abs. 2 und zu deren Veröffentlichung nach § 15 Abs. 4;</LA></DD><DT>11.</DT><DD Font="normal"><LA Size="normal">(weggefallen)</LA></DD><DT>12.</DT><DD Font="normal"><LA Size="normal">(weggefallen)</LA></DD><DT>13.</DT><DD Font="normal"><LA Size="normal">(weggefallen)</LA></DD><DT>14.</DT><DD Font="normal"><LA Size="normal">(weggefallen)</LA></DD><DT>15.</DT><DD Font="normal"><LA Size="normal">zu den Inhalten der Verträge nach den §§ 24 bis 26, sofern nicht ein Standardangebot festgelegt ist;</LA></DD><DT>16.</DT><DD Font="normal"><LA Size="normal">zu Verfahren zur Handhabung und Abwicklung sowie zur Änderung von Fahrplänen nach § 5 durch die Betreiber von Übertragungsnetzen; hierbei kann sie von den Regelungen des § 5 Absatz 1, 2 und 3 abweichen;</LA></DD><DT>17.</DT><DD Font="normal"><LA Size="normal">zur Abwicklung des Lieferantenwechsels;</LA></DD><DT>18.</DT><DD Font="normal"><LA Size="normal">zu den Kriterien für die Identifizierung von Entnahmestellen; hierbei kann sie von § 14 Absatz 3 abweichen;</LA></DD><DT>19.</DT><DD Font="normal"><LA Size="normal">zur Verwaltung und Übermittlung der Stammdaten, die für den massengeschäftstauglichen Netzzugang relevant sind;</LA></DD><DT>20.</DT><DD Font="normal"><LA Size="normal">zu Geschäftsprozessen und zum Datenaustausch für die massengeschäftstaugliche Abwicklung der Zuordnung von Einspeiseanlagen zu Händlern und zu Bilanzkreisen;</LA></DD><DT>21.</DT><DD Font="normal"><LA Size="normal">zu Preisbildungsmechanismen für Ausgleichsenergiepreise nach § 8 Absatz 2; dabei kann sie insbesondere von den Grundsätzen der Kostenverrechnung, von der Symmetrie der Ausgleichsenergiepreise für Bilanzkreisunterspeisung und Bilanzkreisüberspeisung sowie von den Fristen für die Bilanzkreisabrechnung abweichen;</LA></DD><DT>21a.</DT><DD Font="normal"><LA Size="normal">zu den Kriterien, nach denen die Ausgleichsenergie nach § 8 Absatz 1 und 2 durch die Betreiber der Übertragungsnetze abzurechnen ist; dabei kann sie insbesondere festlegen, wie derjenige Teil der Vorhaltung von Regelenergie aus Sekundärregelleistung und Minutenreserveleistung, der dem Verhalten der Bilanzkreisverantwortlichen in ihrer Gesamtheit zuzurechnen ist, von den Betreibern der Übertragungsnetze zu bestimmen und im Rahmen der Bilanzkreisabrechnung abzurechnen ist;</LA></DD><DT>22.</DT><DD Font="normal"><LA Size="normal">zu Verfahren und zur Handhabung und Abwicklung der Bilanzierung, Messung und Abrechnung auf Basis von Zählerstandsgängen,</LA></DD><DT>23.</DT><DD Font="normal"><LA Size="normal">zu den Regelungen bei der Erbringung von Regelleistung durch einen Letztverbraucher nach § 26a; dabei kann sie insbesondere Festlegungen treffen <DL Font="normal" Type="alpha"><DT>a)</DT><DD Font="normal"><LA Size="normal">zum Austausch der erforderlichen Informationen zwischen den Beteiligten,</LA></DD><DT>b)</DT><DD Font="normal"><LA Size="normal">zur Bilanzierung der Energiemengen,</LA></DD><DT>c)</DT><DD Font="normal"><LA Size="normal">zum angemessenen Entgelt für Lieferanten, wobei sie auch pauschale Entgelte festlegen kann; sie kann insbesondere festlegen, dass das Entgelt angemessen ist, wenn<DL Font="normal" Type="arabic"><DT>1.</DT><DD Font="normal"><LA Size="normal">der durch die Erbringung von Regelleistung zum Zeitpunkt der Erbringung durch den Letztverbraucher nicht verbrauchte Strom so abgerechnet wird, als ob er geliefert worden wäre, und</LA></DD><DT>2.</DT><DD Font="normal"><LA Size="normal">der durch die Erbringung von Regelleistung zum Zeitpunkt der Erbringung durch den Letztverbraucher mehr verbrauchte Strom so abgerechnet wird, als ob er nicht geliefert worden wäre, und</LA></DD><DT>3.</DT><DD Font="normal"><LA Size="normal">das Entgelt einen erhöhten administrativen Aufwand des Lieferanten berücksichtigt,</LA></DD></DL></LA></DD><DT>d)</DT><DD Font="normal"><LA Size="normal">zum angemessenen Entgelt für Bilanzkreisverantwortliche, wobei sie insbesondere für den Fall, dass die zum Zeitpunkt der Erbringung von Regelleistung verursachten Bilanzkreisabweichungen dem Bilanzkreisverantwortlichen bilanziell ausgeglichen werden, festlegen kann, dass pauschale Entgelte angemessen sind; sie kann insbesondere festlegen, dass das Entgelt angemessen ist, wenn nur ein erhöhter administrativer Aufwand des Bilanzkreisverantwortlichen berücksichtigt wird,</LA></DD><DT>e)</DT><DD Font="normal"><LA Size="normal">zu zusätzlichen Entgelten für Lieferanten und Bilanzkreisverantwortliche für Abweichungen im Verbrauchsverhalten der Letztverbraucher nach der Regelleistungserbringung, wenn diese Abweichungen durch die Regelleistungserbringung verursacht sind; hierbei kann sie insbesondere festlegen, dass diese Entgelte null sind; resultiert aus der Festlegung zu zusätzlichen Entgelten eine unbillige Härte für den Lieferanten oder Bilanzkreisverantwortlichen, haben sie ein Sonderkündigungsrecht,</LA></DD><DT>f)</DT><DD Font="normal"><LA Size="normal">zu Übergangsbestimmungen.</LA></DD></DL></LA></DD></DL></P><P>(2) Die Regulierungsbehörde soll festlegen, dass Betreiber von Übertragungsnetzen im Zusammenhang mit der Beschaffung und dem Einsatz von Regelenergie weitere Daten veröffentlichen müssen, wenn dadurch die Angebotsbedingungen für Regelenergie durch Erhöhung der Markttransparenz verbessert werden oder die höhere Transparenz geeignet ist, die Vorhaltung oder den Einsatz von Regelenergie zu vermindern.</P><P>(3) Die Regulierungsbehörde kann abweichend von § 12 Abs. 1 Satz 1 im Einzelfall abweichende Grenzwerte für standardisierte Lastprofile festlegen, wenn der Betreiber von Elektrizitätsverteilernetzen nachweist, dass bei Beachtung der in § 12 Abs. 1 Satz 1 genannten Grenzwerte ein funktionierender Netzbetrieb technisch nicht zu gewährleisten ist.</P><P>(4) Die Regulierungsbehörde kann Entscheidungen nach den Absätzen 1 bis 3 in ihrem Amtsblatt öffentlich bekannt machen.</P></Content></text><fussnoten/></textdaten></norm>
<norm builddate="20240117214550" doknr="BJNR224300005BJNE003000000"><metadaten><jurabk>StromNZV</jurabk><enbez>§ 28</enbez><titel format="parat">Standardangebote</titel></metadaten><textdaten><text format="XML"><Content><P>(1) Zur Verwirklichung eines effizienten Netzzugangs und der in § 1 Abs. 1 des Energiewirtschaftsgesetzes genannten Zwecke kann die Regulierungsbehörde weitere Festlegungen gegenüber Betreibern von Elektrizitätsversorgungsnetzen zur Vereinheitlichung der Vertragspflichten aus den in den §§ 23 bis 26 genannten Verträgen treffen. Die Regulierungsbehörde kann Betreiber von Elektrizitätsversorgungsnetzen auffordern, ihr innerhalb einer von der Regulierungsbehörde bestimmten, angemessenen Frist einen Vorschlag für ein Standardangebot für Verträge nach den §§ 23 bis 26 vorzulegen. Sie kann in dieser Aufforderung Vorgaben für die Ausgestaltung einzelner Bedingungen machen. Das Standardangebot muss so umfassend sein, dass es von den einzelnen Nachfragern ohne weitere Verhandlungen angenommen werden kann.</P><P>(2) Die Regulierungsbehörde prüft die vorgelegten Standardangebote und gibt tatsächlichen oder potenziellen Nachfragern sowie Betreibern von Elektrizitätsversorgungsnetzen in geeigneter Form Gelegenheit zur Stellungnahme.</P><P>(3) Sie kann unter Berücksichtigung der Stellungnahmen Änderungen der Standardangebote vornehmen, insbesondere soweit Vorgaben für einzelne Bedingungen nicht umgesetzt worden sind. Sie kann Standardangebote mit einer Mindestlaufzeit versehen.</P><P>(4) Die Regulierungsbehörde macht die Festlegungsentscheidungen in ihrem Amtsblatt öffentlich bekannt und veröffentlicht sie im Internet. Im Übrigen gelten die Verfahrensbestimmungen des Energiewirtschaftsgesetzes.</P><P>(5) Für Änderungen des Standardangebotes nach § 29 Abs. 2 des Energiewirtschaftsgesetzes gelten die Absätze 1 bis 4 entsprechend.</P></Content>    </text></textdaten></norm>
<norm builddate="20240117214550" doknr="BJNR224300005BJNG000900000"><metadaten><jurabk>StromNZV</jurabk><gliederungseinheit><gliederungskennzahl>070</gliederungskennzahl><gliederungsbez>Teil 7</gliederungsbez><gliederungstitel>Sonstige Bestimmungen</gliederungstitel></gliederungseinheit></metadaten><textdaten><text format="XML"><Content><P/></Content></text></textdaten></norm>
<norm builddate="20240117214550" doknr="BJNR224300005BJNE003101377"><metadaten><jurabk>StromNZV</jurabk><enbez>§ 29</enbez><titel format="XML">Ordnungswidrigkeiten</titel></metadaten><textdaten><text format="XML"><Content><P>Ordnungswidrig im Sinne des § 95 Abs. 1 Nr. 5 Buchstabe b des Energiewirtschaftsgesetzes handelt, wer vorsätzlich oder fahrlässig einer vollziehbaren Anordnung nach § 27 Abs. 1 Nr. 1, 3, 7, 9, 15, 16, 17 oder 18 oder § 28 Abs. 1 Satz 2 zuwiderhandelt.</P></Content></text><fussnoten/></textdaten></norm>
<norm builddate="20240117214550" doknr="BJNR224300005BJNE003201377"><metadaten><jurabk>StromNZV</jurabk><enbez>§ 30</enbez><titel format="XML">(weggefallen)</titel></metadaten><textdaten><text format="XML"><Content><P/></Content></text><fussnoten/></textdaten></norm>
<norm builddate="20240117214550" doknr="BJNR224300005BJNE003300000"><metadaten><jurabk>StromNZV</jurabk><enbez>§ 31</enbez><titel format="parat">Inkrafttreten</titel></metadaten><textdaten><text format="XML"><Content><P>Die Verordnung tritt am Tage nach der Verkündung in Kraft.</P></Content></text></textdaten></norm>
<norm builddate="20240117214550" doknr="BJNR224300005BJNE003400000"><metadaten><jurabk>StromNZV</jurabk><enbez>Schlussformel</enbez></metadaten><textdaten><text format="XML"><Content><P>Der Bundesrat hat zugestimmt.</P></Content></text></textdaten></norm>
</dokumente>