<?xml version="1.0" encoding="UTF-8" ?><!DOCTYPE dokumente SYSTEM "http://www.gesetze-im-internet.de/dtd/1.01/gii-norm.dtd">
<dokumente builddate="20130405131046" doknr="BJNR109010009"><norm builddate="20130405131046" doknr="BJNR109010009"><metadaten><jurabk>TrZollG</jurabk><amtabk>TrZollG</amtabk><ausfertigung-datum manuell="ja">2009-05-19</ausfertigung-datum><fundstelle typ="amtlich"><periodikum>BGBl I</periodikum><zitstelle>2009, 1090</zitstelle></fundstelle><kurzue>Truppenzollgesetz</kurzue><langue>Gesetz zur Ausführung der zoll- und steuerrechtlichen Bestimmungen des NATO-Truppenstatuts, des Zusatzabkommens zum NATO-Truppenstatut hinsichtlich der in der Bundesrepublik Deutschland stationierten ausländischen Streitkräfte und des Protokolls und der Abkommen betreffend die in der Bundesrepublik Deutschland errichteten internationalen militärischen Hauptquartiere</langue><standangabe checked="ja"><standtyp>Stand</standtyp><standkommentar>Geändert durch Art. 8 G v. 15.7.2009 I 1870</standkommentar></standangabe></metadaten><textdaten><fussnoten><Content><P><BR/> <pre xml:space="preserve">(+++ Textnachweis ab: 1.11.2009 +++)<BR/><BR/></pre>Das G wurde als Artikel 1 des G v. 19.5.2009 I 1090 vom Bundestag mit Zustimmung des Bundesrates beschlossen. Es tritt gem. Art. 7 Abs. 1 Satz 1 dieses G am 1.11.2009 in Kraft. Abweichend hiervon tritt § 25 gem. Art. 7 Abs.  2 am 29.5.2009 in Kraft.</P></Content></fussnoten></textdaten></norm>
<norm builddate="20130405131046" doknr="BJNR109010009BJNE000100000"><metadaten><jurabk>TrZollG</jurabk><enbez>Inhaltsübersicht</enbez></metadaten><textdaten><text format="XML"><Content><TOC><table frame="none" pgwide="1" tocentry="%yes;"><tgroup align="left" char="" charoff="50" cols="2" colsep="0" rowsep="0"><colspec colname="col1" colnum="1" colsep="0" colwidth="9*" rowsep="0"/><colspec align="right" colname="col2" colnum="2" colwidth="1.00*"/><thead valign="bottom"><row><entry VJ="1" colname="col1" colsep="0" rowsep="0"/><entry VJ="1" align="right" colname="col2">§§</entry></row></thead><tbody valign="top"><row><entry VJ="1" colname="col1">Begriffsbestimmungen</entry><entry VJ="1" align="right" colname="col2">1</entry></row><row><entry VJ="1" colname="col1" colsep="0" rowsep="0">Grundsatz, Geltungsbereich, Truppenverwendung</entry><entry VJ="1" align="right" colname="col2">2</entry></row><row><entry VJ="1" colname="col1" colsep="0" rowsep="0">Überführung von Nichtgemeinschaftswaren in die Truppenverwendung</entry><entry VJ="1" align="right" colname="col2">3</entry></row><row><entry VJ="1" colname="col1" colsep="0" rowsep="0">Anmeldung und Zollabfertigung zur Truppenverwendung</entry><entry VJ="1" align="right" colname="col2">4</entry></row><row><entry VJ="1" colname="col1" colsep="0" rowsep="0">Überführung in die Truppenverwendung unter Einsatz der Datenverarbeitung</entry><entry VJ="1" align="right" colname="col2">5</entry></row><row><entry VJ="1" colname="col1" colsep="0" rowsep="0">Vereinfachte Zollanmeldung</entry><entry VJ="1" align="right" colname="col2">6</entry></row><row><entry VJ="1" colname="col1" colsep="0" rowsep="0">Einfuhrhöchstmengen</entry><entry VJ="1" align="right" colname="col2">7</entry></row><row><entry VJ="1" colname="col1" colsep="0" rowsep="0">Einfuhr von Nichtgemeinschaftswaren aus anderen Mitgliedstaaten</entry><entry VJ="1" align="right" colname="col2">8</entry></row><row><entry VJ="1" colname="col1" colsep="0" rowsep="0">Übergang von Gemeinschaftswaren in die Truppenverwendung</entry><entry VJ="1" align="right" colname="col2">9</entry></row><row><entry VJ="1" colname="col1" colsep="0" rowsep="0">Einfuhr von Gemeinschaftswaren aus anderen Mitgliedstaaten</entry><entry VJ="1" align="right" colname="col2">10</entry></row><row><entry VJ="1" colname="col1" colsep="0" rowsep="0">Abgabenbegünstigter Erwerb von Kraftfahrzeugen</entry><entry VJ="1" align="right" colname="col2">11</entry></row><row><entry VJ="1" colname="col1" colsep="0" rowsep="0">Zollrechtlicher Status der Waren, Vermutung</entry><entry VJ="1" align="right" colname="col2">12</entry></row><row><entry VJ="1" colname="col1" colsep="0" rowsep="0">Beendigung der Truppenverwendung</entry><entry VJ="1" align="right" colname="col2">13</entry></row><row><entry VJ="1" colname="col1" colsep="0" rowsep="0">Anmeldung und Zollabfertigung zur Ausfuhr in ein Drittland</entry><entry VJ="1" align="right" colname="col2">14</entry></row><row><entry VJ="1" colname="col1" colsep="0" rowsep="0">Ausfuhr in ein Drittland unter Einsatz der Datenverarbeitung</entry><entry VJ="1" align="right" colname="col2">15</entry></row><row><entry VJ="1" colname="col1" colsep="0" rowsep="0">Übernahme von Waren aus der Truppenverwendung, Zuführung zu einer anderen zollrechtlichen Bestimmung</entry><entry VJ="1" align="right" colname="col2">16</entry></row><row><entry VJ="1" colname="col1" colsep="0" rowsep="0">Pflichten aus der Inanspruchnahme der Truppenverwendung, Zweckwidrige Verwendung</entry><entry VJ="1" align="right" colname="col2">17</entry></row><row><entry VJ="1" colname="col1" colsep="0" rowsep="0">Rationsmengen</entry><entry VJ="1" align="right" colname="col2">18</entry></row><row><entry VJ="1" colname="col1" colsep="0" rowsep="0">Abgabenschuld, Abgabenschuldner</entry><entry VJ="1" align="right" colname="col2">19</entry></row><row><entry VJ="1" colname="col1" colsep="0" rowsep="0">Beendigung vorangegangener Zollverfahren mit wirtschaftlicher Bedeutung</entry><entry VJ="1" align="right" colname="col2">20</entry></row><row><entry VJ="1" colname="col1" colsep="0" rowsep="0">Verlust der Rechtsstellung als Mitglied der ausländischen Streitkräfte oder der Hauptquartiere</entry><entry VJ="1" align="right" colname="col2">21</entry></row><row><entry VJ="1" colname="col1" colsep="0" rowsep="0">Harmonisierungsvorschrift für Waren aus anderen Mitgliedstaaten</entry><entry VJ="1" align="right" colname="col2">22</entry></row><row><entry VJ="1" colname="col1" colsep="0" rowsep="0">Vertretung</entry><entry VJ="1" align="right" colname="col2">23</entry></row><row><entry VJ="1" colname="col1" colsep="0" rowsep="0">Übergangs- und Schlussvorschriften</entry><entry VJ="1" align="right" colname="col2">24</entry></row><row><entry VJ="1" colname="col1" colsep="0" rowsep="0">Ermächtigungen</entry><entry VJ="1" align="right" colname="col2">25</entry></row><row><entry VJ="1" colname="col1" colsep="0" rowsep="0">Ordnungswidrigkeiten</entry><entry VJ="1" align="right" colname="col2">26</entry></row></tbody></tgroup></table></TOC></Content></text></textdaten></norm>
<norm builddate="20130405131046" doknr="BJNR109010009BJNE000200000"><metadaten><jurabk>TrZollG</jurabk><enbez>§ 1</enbez><titel format="XML">Begriffsbestimmungen</titel></metadaten><textdaten><text format="XML"><Content><P>Im Sinne dieses Gesetzes ist oder sind <DL Type="arabic"><DT>1.</DT><DD Font="normal"><LA>NATO-Truppenstatut: das Abkommen vom 19. Juni 1951 zwischen den Parteien des Nordatlantikvertrags über die Rechtsstellung ihrer Truppen (BGBl. 1961 II S. 1183, 1190) in der jeweils geltenden Fassung;</LA></DD><DT>2.</DT><DD Font="normal"><LA>Zusatzabkommen: das Zusatzabkommen vom 3. August 1959 zu dem Abkommen zwischen den Parteien des Nordatlantikvertrages über die Rechtsstellung ihrer Truppen hinsichtlich der in der Bundesrepublik Deutschland stationierten ausländischen Truppen (BGBl. 1961 II S. 1183, 1218) in der jeweils geltenden Fassung;</LA></DD><DT>3.</DT><DD Font="normal"><LA>Hauptquartierprotokoll: das Protokoll vom 28. August 1952 über die Rechtsstellung der auf Grund des Nordatlantikvertrags errichteten internationalen militärischen Hauptquartiere (BGBl. 1969 II S. 2000);</LA></DD><DT>4.</DT><DD Font="normal"><LA>Ergänzungsabkommen: das Abkommen vom 13. März 1967 zwischen der Bundesrepublik Deutschland und dem Obersten Hauptquartier der Alliierten Mächte, Europa, über die besonderen Bedingungen für die Einrichtung und den Betrieb internationaler militärischer Hauptquartiere in der Bundesrepublik Deutschland (BGBl. 1969 II S. 2009);</LA></DD><DT>5.</DT><DD Font="normal"><LA>Statusübereinkommen: das Übereinkommen vom 7. Februar 1969 über die Rechtsstellung des einem internationalen militärischen Hauptquartier der NATO in der Bundesrepublik Deutschland zugeteilten Personals der Entsendestaaten (BGBl. 1969 II S. 2044);</LA></DD><DT>6.</DT><DD Font="normal"><LA>Gesetz zum Hauptquartierprotokoll: das Gesetz vom 17. Oktober 1969 zum Protokoll über die NATO-Hauptquartiere und zu den Ergänzungsvereinbarungen (BGBl. 1969 II S. 1997), geändert durch Artikel 8 des Gesetzes vom 24. Juni 1975 (BGBl. I S. 1509), in der durch dieses Gesetz geänderten Fassung;</LA></DD><DT>7.</DT><DD Font="normal"><LA>Unterzeichnungsprotokoll: das Unterzeichnungsprotokoll vom 3. August 1959 zum Zusatzabkommen (BGBl. 1961 II S. 1313; 1972 II S. 687);</LA></DD><DT>8.</DT><DD Font="normal"><LA>Zollkodex: die Verordnung (EWG) Nr. 2913/92 des Europäischen Parlaments und des Rates vom 12. Oktober 1992 zur Festlegung des Zollkodex der Gemeinschaften (ABl. EG Nr. L 302 S. 1, 1993 Nr. L 79 S. 84, 1996 Nr. L 97 S. 38), zuletzt geändert durch die Verordnung (EG) Nr. 1791/2006 des Rates vom 20. November 2006 (ABl. EU Nr. L 363 S. 1), in der jeweils geltenden Fassung;</LA></DD><DT>9.</DT><DD Font="normal"><LA>Zollkodex-Durchführungsverordnung: die Verordnung (EWG) Nr. 2454/93 der Kommission vom 2. Juli 1993 mit Durchführungsvorschriften zu der Verordnung (EWG) Nr. 2913/92 des Rates zur Festlegung des Zollkodex der Gemeinschaften (ABl. EG Nr. L 253 S. 1, 1994 Nr. L 268 S. 32, 1996 Nr. L 180 S. 34, 1997 Nr. L 156 S. 59, 1999 Nr. L 111 S. 88), zuletzt geändert durch die Verordnung (EG) Nr. 214/2007 der Kommission vom 28. Februar 2007 (ABl. EU Nr. L 62 S. 6), in der jeweils geltenden Fassung;</LA></DD><DT>10.</DT><DD Font="normal"><LA>Zollverwaltungsgesetz: das Zollverwaltungsgesetz vom 21. Dezember 1992 (BGBl. I S. 2125; 1993 I S. 2493), zuletzt geändert durch Artikel 17 Nr. 1 des Gesetzes vom 17. März 2009 (BGBl. I S. 550), in der jeweils geltenden Fassung;</LA></DD><DT>11.</DT><DD Font="normal"><LA>Waffengesetz: das Waffengesetz vom 11. Oktober 2002 (BGBl. I S. 3970, 4592; 2003 I S. 1957), zuletzt geändert durch Artikel 1 des Gesetzes vom 26. März 2008 (BGBl. I S. 426), in der jeweils geltenden Fassung;</LA></DD><DT>12.</DT><DD Font="normal"><LA>Energiesteuergesetz: das Energiesteuergesetz vom 15. Juli 2006 (BGBl. I S. 1534; 2008 I S. 660, 1007), zuletzt geändert durch Artikel 30 des Gesetzes vom 19. Dezember 2008 (BGBl. I S. 2794), in der jeweils geltenden Fassung;</LA></DD><DT>13.</DT><DD Font="normal"><LA>Ausländische Streitkräfte: die ausländische Truppe und deren ziviles Gefolge im Sinne des NATO-Truppenstatuts. Mitglieder der ausländischen Streitkräfte im Sinne dieses Gesetzes sind die Mitglieder einer solchen Truppe oder eines solchen zivilen Gefolges sowie deren Angehörige im Sinne des NATO-Truppenstatuts;</LA></DD><DT>14.</DT><DD Font="normal"><LA>Hauptquartiere: die in Deutschland errichteten internationalen militärischen Hauptquartiere nach Artikel 1 des Hauptquartierprotokolls sowie Artikel 1 des Ergänzungsabkommens. Mitglieder der Hauptquartiere im Sinne dieses Gesetzes sind die Personen, die nach Artikel 1 Abs. 2 des Statusübereinkommens, auch in Verbindung mit Artikel 5 des Gesetzes zum Hauptquartierprotokoll, als zur Truppe oder zum zivilen Gefolge gehörendes Personal oder als deren Angehörige definiert sind;</LA></DD><DT>15.</DT><DD Font="normal"><LA>Mitgliedstaat: jeder Staat der Europäischen Union, soweit sein Gebiet Zollgebiet der Gemeinschaft nach Artikel 3 des Zollkodex ist;</LA></DD><DT>16.</DT><DD Font="normal"><LA>Drittland: jeder Staat, der kein Mitgliedstaat ist;</LA></DD><DT>17.</DT><DD Font="normal"><LA>nichtberechtigte Person: eine Person, die nicht zu den ausländischen Streitkräften, den Hauptquartieren, den Mitgliedern der ausländischen Streitkräfte oder der Hauptquartiere gehört;</LA></DD><DT>18.</DT><DD Font="normal"><LA>Einfuhrware: eine Ware, die sich in der Truppenverwendung befindet;</LA></DD><DT>19.</DT><DD Font="normal"><LA>Zollstelle: ein Hauptzollamt und seine Dienststellen (§ 17 Abs. 2 des Zollverwaltungsgesetzes);</LA></DD><DT>20.</DT><DD Font="normal"><LA>Einheitspapier: das in der Zollkodex-Durchführungsverordnung als Einheitspapier bezeichnete Formular;</LA></DD><DT>21.</DT><DD Font="normal"><LA>Formblatt 302: die in Artikel XI des NATO-Truppenstatuts genannte vereinbarte Zollurkunde;</LA></DD><DT>22.</DT><DD Font="normal"><LA>Einfuhr-/Erwerbsgenehmigung: das von den Behörden der ausländischen Streitkräfte oder den Hauptquartieren erstellte und vom Bundesministerium der Finanzen anerkannte Formular;</LA></DD><DT>23.</DT><DD Font="normal"><LA>Ausfuhrgenehmigung: das von den Behörden der ausländischen Streitkräfte oder den Hauptquartieren erstellte und vom Bundesministerium der Finanzen anerkannte Formular;</LA></DD><DT>24.</DT><DD Font="normal"><LA>Abwicklungsschein: der in § 73 Abs. 1 Nr. 1 der Umsatzsteuer-Durchführungsverordnung als Abwicklungsschein bezeichnete Vordruck;</LA></DD><DT>25.</DT><DD Font="normal"><LA>Verbote und Beschränkungen: Verbote und Beschränkungen für den Warenverkehr über die Grenze, die aus Gründen der öffentlichen Sittlichkeit, Ordnung oder Sicherheit, zum Schutze der Gesundheit und des Lebens von Menschen, Tieren oder Pflanzen, des nationalen Kulturgutes von künstlerischem, geschichtlichem oder archäologischem Wert oder des gewerblichen und kommerziellen Eigentums erlassen wurden, sowie die Verbote und Beschränkungen, die sich aus dem Außenwirtschafts- und Marktordnungsrecht ergeben;</LA></DD><DT>26.</DT><DD Font="normal"><LA>Einfuhrabgaben: Einfuhrabgaben im Sinne des § 1 Abs. 1 Satz 3 des Zollverwaltungsgesetzes.</LA></DD></DL></P></Content></text></textdaten></norm>
<norm builddate="20130405131046" doknr="BJNR109010009BJNE000300000"><metadaten><jurabk>TrZollG</jurabk><enbez>§ 2</enbez><titel format="XML">Grundsatz, Geltungsbereich, Truppenverwendung</titel></metadaten><textdaten><text format="XML"><Content><P>(1) Dieses Gesetz dient der Ausführung der zoll- und umsatzsteuerlichen Bestimmungen des NATO-Truppenstatuts, des Zusatzabkommens, des Hautquartierprotokolls, des Ergänzungsabkommens, des Statusübereinkommens und des Unterzeichnungsprotokolls sowie der dazu geschlossenen Verwaltungsvereinbarungen. Die Regelungen der genannten Abkommen finden uneingeschränkt Anwendung. Die dort genannten Vergünstigungen für die ausländischen Streitkräfte, deren Mitglieder oder für die Hauptquartiere und deren Mitglieder werden durch dieses Gesetz nicht berührt.</P><P>(2) Dieses Gesetz gilt im deutschen Teil des Zollgebiets der Gemeinschaft im Sinne des Artikels 3 Abs. 1 dritter Anstrich des Zollkodex.</P><P>(3) Die Truppenverwendung ist ein nationales Zollverfahren. Sie gilt als Zollverfahren und Nichterhebungsverfahren im Sinne des Zollkodex. Der Zollkodex und die Zollkodex-Durchführungsverordnung finden Anwendung, soweit in den in Absatz 1 genannten Abkommen und den dazu geschlossenen Verwaltungsvereinbarungen in diesem Gesetz oder in der Rechtsverordnung zu diesem Gesetz nichts anderes geregelt ist. Jede aus einer Einfuhrware hergestellte oder gewonnene Ware gilt als Nichtgemeinschaftsware und als in die Truppenverwendung übergeführt.</P></Content></text></textdaten></norm>
<norm builddate="20130405131046" doknr="BJNR109010009BJNE000400000"><metadaten><jurabk>TrZollG</jurabk><enbez>§ 3</enbez><titel format="XML">Überführung von Nichtgemeinschaftswaren in die Truppenverwendung</titel></metadaten><textdaten><text format="XML"><Content><P>(1) Nichtgemeinschaftswaren, die <DL Type="arabic"><DT>1.</DT><DD Font="normal"><LA>ausländische Streitkräfte oder Mitglieder der ausländischen Streitkräfte frei von Einfuhrabgaben nach Artikel XI des NATO-Truppenstatuts, nach den Artikeln 65 und 66 des Zusatzabkommens oder nach § 11 dieses Gesetzes,</LA></DD><DT>2.</DT><DD Font="normal"><LA>Hauptquartiere oder Mitglieder der Hauptquartiere frei von Einfuhrabgaben nach den Artikeln 2 und 8 des Hauptquartierprotokolls, Artikel 15 des Ergänzungsabkommens, Artikel 2 des Statutsübereinkommens, auch in Verbindung mit Artikel 5 des Gesetzes zum Hauptquartierprotokoll oder nach § 11 dieses Gesetzes,</LA></DD></DL>zu ihrem ausschließlichen Gebrauch oder Verbrauch aus einem Drittland einführen, aus einem Mitgliedstaat in einem Versandverfahren einführen oder aus Freizonen oder einem Nichterhebungsverfahren beziehen, sind in die Truppenverwendung zu überführen. Waren, die nach den vorstehend genannten Vorschriften nicht abgabenbefreit sind, können nicht in die Truppenverwendung übergeführt werden.</P><P>(2) Nichtberechtigten Personen kann die Truppenverwendung zur Belieferung der ausländischen Streitkräfte mit Waren im Sinne des Absatzes 1 bewilligt werden. Mit der ordnungsgemäßen Übernahme der Waren durch die ausländischen Streitkräfte befinden sich die Waren in der Truppenverwendung der ausländischen Streitkräfte. Die Übernahme ist durch die nichtberechtigte Person nachzuweisen.</P><P>(3) Absatz 2 gilt für die Belieferung der Hauptquartiere entsprechend.</P></Content></text></textdaten></norm>
<norm builddate="20130405131046" doknr="BJNR109010009BJNE000500000"><metadaten><jurabk>TrZollG</jurabk><enbez>§ 4</enbez><titel format="XML">Anmeldung und Zollabfertigung zur Truppenverwendung</titel></metadaten><textdaten><text format="XML"><Content><P>(1) Die Anmeldung und die Zollabfertigung zur Truppenverwendung erfolgen im Rahmen internationaler Abkommen <DL Type="arabic"><DT>1.</DT><DD Font="normal"><LA>schriftlich mit dem Formblatt 302, wenn die ausländischen Streitkräfte oder Hauptquartiere Nichtgemeinschaftswaren selbst aus einem Drittland einführen, aus einem Mitgliedstaat in einem Versandverfahren einführen oder aus Freizonen beziehen;</LA></DD><DT>2.</DT><DD Font="normal"><LA>schriftlich mit dem Formblatt 302, wenn nichtberechtigte Personen im Auftrag der ausländischen Streitkräfte oder Hauptquartiere Nichtgemeinschaftswaren zur unmittelbaren und vollständigen Belieferung der ausländischen Streitkräfte oder Hauptquartiere aus einem Drittland einführen, aus einem Mitgliedstaat in einem Versandverfahren einführen oder aus Freizonen beziehen;</LA></DD><DT>3.</DT><DD Font="normal"><LA>schriftlich mit dem Formblatt 302 oder durch die tatsächliche Einfuhr und die Ausfertigung des Formblatts 302, wenn die ausländischen Streitkräfte oder Hauptquartiere ihre Nichtgemeinschaftswaren selbst über einen Militärflug- oder -seehafen im Geltungsbereich dieses Gesetzes aus einem Drittland einführen;</LA></DD><DT>4.</DT><DD Font="normal"><LA>schriftlich mit Abwicklungsschein durch den Inhaber der Bewilligung des Zollverfahrens mit wirtschaftlicher Bedeutung, wenn ausländische Streitkräfte, deren Entsendestaat Vertragspartei des Zusatzabkommens ist, oder Hauptquartiere Nichtgemeinschaftswaren aus Zollverfahren mit wirtschaftlicher Bedeutung beziehen; im Fall von ausländischen Streitkräften, deren Entsendestaat nicht Vertragspartei des Zusatzabkommens ist, erfolgt die Anmeldung zur Lieferung aus dem Zolllager jedoch schriftlich mit dem Formblatt 302;</LA></DD><DT>5.</DT><DD Font="normal"><LA>schriftlich mit der Einfuhr-/Erwerbsgenehmigung, wenn Mitglieder der ausländischen Streitkräfte oder der Hauptquartiere Nichtgemeinschaftswaren, die in Absatz 3 genannt sind, aus einem Drittland einführen oder aus Nichterhebungsverfahren oder Freizonen beziehen;</LA></DD><DT>6.</DT><DD Font="normal"><LA>schriftlich mit Einfuhr-/Erwerbsgenehmigung, mündlich oder durch das Verlassen des Flugzeugs bei der Einreise über einen Militärflugplatz ohne Zollstelle oder durch das Passieren einer Zollstelle ohne Abgabe einer anderen Zollanmeldung oder durch die Benutzung eines grünen Ausgangs „anmeldefreie Waren“, wenn Mitglieder der ausländischen Streitkräfte oder der Hauptquartiere andere als die in Absatz 3 genannten Nichtgemeinschaftswaren aus einem Drittland einführen oder aus Nichterhebungsverfahren oder Freizonen beziehen;</LA></DD><DT>7.</DT><DD Font="normal"><LA>schriftlich mit Einfuhr-/Erwerbsgenehmigung oder durch das Entgegennehmen der Militärpostsendung, wenn Mitglieder der ausländischen Streitkräfte oder der Hauptquartiere Nichtgemeinschaftswaren zum Eigenbedarf im Militärpostverkehr aus einem Drittland einführen;</LA></DD><DT>8.</DT><DD Font="normal"><LA>schriftlich mit Einheitspapier, wenn nichtberechtigte Personen nach § 3 Abs. 2 Waren in anderen als den in Nummer 2 genannten Fällen aus einem Drittland einführen.</LA></DD></DL></P><P>(2) Nichtgemeinschaftswaren, die durch Mitglieder der ausländischen Streitkräfte oder der Hauptquartiere aus einem Drittland eingeführt werden und die Verboten oder Beschränkungen unterliegen, sind schriftlich bei der Zollstelle anzumelden. Die Einfuhr-/Erwerbsgenehmigung ist zusammen mit den nach den Vorschriften der Verbote und Beschränkungen für die Einfuhr aus einem Drittland erforderlichen Dokumenten der Zollstelle für die Abfertigung vorzulegen.</P><P>(3) Bei der Einfuhr oder dem Bezug folgender Waren ist eine Einfuhr-/Erwerbsgenehmigung vorzulegen: <DL Type="arabic"><DT>1.</DT><DD Font="normal"><LA>für Kraftfahrzeuge und Kraftfahrzeuganhänger sowie für Wasser- und Luftfahrzeuge,</LA></DD><DT>2.</DT><DD Font="normal"><LA>für Schusswaffen und den Schusswaffen gleichgestellte Gegenstände im Sinne des Waffengesetzes sowie</LA></DD><DT>3.</DT><DD Font="normal"><LA>für andere Waren mit einem Wert ab 1 000 Euro.</LA></DD></DL>Die Zollstelle kann darüber hinaus eine Einfuhr-/Erwerbsgenehmigung verlangen, wenn Zweifel bestehen, dass die Waren zum persönlichen oder häuslichen Gebrauch bestimmt sind, oder ob die Person, die die Waren einführt, Mitglied der ausländischen Streitkräfte oder der Hauptquartiere ist.</P><P>(4) Im Sinne des Absatzes 1 Nr. 3, 6 und 7 gelten die betreffenden Waren als gestellt, die Zollanmeldung als angenommen und die Waren zur Truppenverwendung überlassen, wenn sie nicht schriftlich angemeldet werden.</P><P>(5) Besteht in den Fällen des Absatzes 1 Nr. 5 keine Möglichkeit zur Entgegennahme der schriftlichen Zollanmeldung, so gelten die Waren als Waren in vorübergehender Verwahrung. Sie sind unverzüglich, spätestens jedoch innerhalb von 20 Tagen nach der Einfuhr bei der örtlich zuständigen Zollstelle unverändert zu gestellen und anzumelden.</P><P>(6) Besteht in den Fällen des Absatzes 2 keine Möglichkeit zur Entgegennahme der schriftlichen Zollanmeldung und ist das Mitglied der Streitkräfte oder der Hauptquartiere im Besitz der jeweils erforderlichen Erlaubnis, so gelten die Waren als Waren in vorübergehender Verwahrung. Sie sind unverzüglich, spätestens jedoch innerhalb von 20 Tagen nach der Einfuhr bei der örtlich zuständigen Zollstelle unverändert zu gestellen und anzumelden.</P></Content></text></textdaten></norm>
<norm builddate="20130405131046" doknr="BJNR109010009BJNE000600000"><metadaten><jurabk>TrZollG</jurabk><enbez>§ 5</enbez><titel format="XML">Überführung in die Truppenverwendung unter Einsatz der Datenverarbeitung</titel></metadaten><textdaten><text format="XML"><Content><P>(1) Die Zollanmeldung zur Truppenverwendung kann unter Einsatz von Informatikverfahren, die durch das Bundesministerium der Finanzen zu diesem Zweck zugelassen wurden, erfolgen. In der Zulassung bestimmt das Bundesministerium der Finanzen die Voraussetzungen und Modalitäten der Nutzung des Informatikverfahrens.</P><P>(2) Die Teilnahme an dem Informatikverfahren durch nichtberechtigte Personen bedarf der Bewilligung durch eine vom Bundesministerium der Finanzen bekannt gegebene Stelle. Der Bewilligungsinhaber ist verpflichtet, die in der Zulassung nach Absatz 1 festgelegten Voraussetzungen und Modalitäten einzuhalten.</P><P>(3) Die in einem zugelassenen Informatikverfahren abgegebenen Zollanmeldungen haben dieselbe rechtliche Wirkung wie die schriftlichen, mündlichen oder durch andere Formen der Willensäußerung abgegebenen Zollanmeldungen. Entscheidungen der Zollstelle im Informatikverfahren haben dieselbe rechtliche Wirkung wie sonstige Entscheidungen.</P><P>(4) Eine Zollanmeldung, die im zugelassenen Informatikverfahren erstellt wird, gilt zum Zeitpunkt des Empfangs der elektronischen Nachricht durch die Zollstelle als abgegeben. Die Annahme dieser Zollanmeldung wird dem Anmelder mittels einer Antwortnachricht mitgeteilt, die mindestens die Identitätsbezeichnung der erhaltenen Zollanmeldung sowie den Annahmezeitpunkt enthält. Die Überlassung der Waren wird dem Anmelder mittels einer Nachricht bekannt gegeben, die mindestens die Identitätsbezeichnung der Zollanmeldung und den Überlassungszeitpunkt enthält.</P></Content></text></textdaten></norm>
<norm builddate="20130405131046" doknr="BJNR109010009BJNE000700000"><metadaten><jurabk>TrZollG</jurabk><enbez>§ 6</enbez><titel format="XML">Vereinfachte Zollanmeldung</titel></metadaten><textdaten><text format="XML"><Content><P>Die Vorschriften des Zollkodex sowie der Zollkodex-Durchführungsverordnung (Teil I Titel IX) zur vereinfachten Zollanmeldung von Waren zum zollrechtlich freien Verkehr gelten für die Zollanmeldung zur Truppenverwendung nach § 4 Abs. 1 Nr. 8 entsprechend.</P></Content></text></textdaten></norm>
<norm builddate="20130405131046" doknr="BJNR109010009BJNE000800000"><metadaten><jurabk>TrZollG</jurabk><enbez>§ 7</enbez><titel format="XML">Einfuhrhöchstmengen</titel></metadaten><textdaten><text format="XML"><Content><P>Folgende Waren der Mitglieder der ausländischen Streitkräfte und der Hauptquartiere sind einmal monatlich im persönlich mitgeführten Gepäck innerhalb folgender Höchstmengen nach Artikel 66 Abs. 2 des Zusatzabkommens, auch in Verbindung mit Artikel 2 des Statusübereinkommens, einfuhrabgabenfrei: <BR/><BR/><table frame="none" pgwide="1" tocentry="%yes;"><tgroup align="left" char="" charoff="50" cols="4"><colspec align="left" colname="col1" colnum="1" colwidth="1*"/><colspec align="left" colname="col2" colnum="2" colwidth="2*"/><colspec colname="col03" colnum="3" colwidth="11.00*"/><colspec colname="col3" colnum="4" colwidth="8.00*"/><tbody valign="top"><row><entry VJ="1" align="left" colname="col1" colsep="0" rowsep="0">1.</entry><entry VJ="1" align="left" colsep="0" nameend="col03" namest="col2" rowsep="0">Zigaretten</entry><entry VJ="1" colname="col3" colsep="0" rowsep="0">200 Stück,</entry></row><row><entry VJ="1" align="left" colname="col1" colsep="0" rowsep="0">2.</entry><entry VJ="1" align="left" colsep="0" nameend="col03" namest="col2" rowsep="0">andere Tabakerzeugnisse</entry><entry VJ="1" colname="col3" colsep="0" rowsep="0">250 Gramm,</entry></row><row><entry VJ="1" align="left" colname="col1" colsep="0" rowsep="0">3.</entry><entry VJ="1" align="left" colsep="0" nameend="col03" namest="col2" rowsep="0">Kaffee</entry><entry VJ="1" colname="col3" colsep="0" rowsep="0">500 Gramm oder</entry></row><row><entry VJ="1" align="left" colname="col1" colsep="0" rowsep="0"/><entry VJ="1" align="left" colname="col2" colsep="0" rowsep="0">a)</entry><entry VJ="1" align="left" colname="col03" colsep="0" rowsep="0">Kaffee-Extrakte</entry><entry VJ="1" colname="col3" colsep="0" rowsep="0">125 Gramm oder</entry></row><row><entry VJ="1" align="left" colname="col1" colsep="0" rowsep="0"/><entry VJ="1" align="left" colname="col2" colsep="0" rowsep="0">b)</entry><entry VJ="1" align="left" colname="col03" colsep="0" rowsep="0">gemischte Kaffee- Extrakte</entry><entry VJ="1" colname="col3" colsep="0" rowsep="0">250 Gramm,</entry></row><row><entry VJ="1" align="left" colname="col1" colsep="0" rowsep="0">4.</entry><entry VJ="1" align="left" colsep="0" nameend="col03" namest="col2" rowsep="0">Alkohol und alkoholhaltige Getränke</entry><entry VJ="1" colname="col3" colsep="0" rowsep="0">2 Liter Spirituosen oder Schaumwein und 2 Liter Wein.</entry></row></tbody></tgroup></table></P></Content></text></textdaten></norm>
<norm builddate="20130405131046" doknr="BJNR109010009BJNE000900000"><metadaten><jurabk>TrZollG</jurabk><enbez>§ 8</enbez><titel format="XML">Einfuhr von Nichtgemeinschaftswaren aus anderen Mitgliedstaaten</titel></metadaten><textdaten><text format="XML"><Content><P>Nichtgemeinschaftswaren, die ausländische Streitkräfte, Hauptquartiere oder ihre Mitglieder zu den in § 3 Abs. 1 genannten Zwecken aus anderen Mitgliedstaaten in den Geltungsbereich dieses Gesetzes einführen, gelten mit der Einfuhr als gestellt und zur Truppenverwendung angemeldet. Die Zollanmeldung gilt als angenommen und die Waren gelten als überlassen. Dies gilt nicht, wenn die Waren sich bei der Einfuhr in einem Nichterhebungsverfahren befinden.</P></Content></text></textdaten></norm>
<norm builddate="20130405131046" doknr="BJNR109010009BJNE001000000"><metadaten><jurabk>TrZollG</jurabk><enbez>§ 9</enbez><titel format="XML">Übergang von Gemeinschaftswaren in die Truppenverwendung</titel></metadaten><textdaten><text format="XML"><Content><P>(1) Gemeinschaftswaren, die ausländischen Streitkräften <DL Type="arabic"><DT>1.</DT><DD Font="normal"><LA>nach Artikel 67 des Zusatzabkommens umsatz- oder verbrauchsteuerfrei oder unter Vergütung der Verbrauchsteuer,</LA></DD><DT>2.</DT><DD Font="normal"><LA>unter den Voraussetzungen des § 1c Abs. 1 des Umsatzsteuergesetzes,</LA></DD><DT>3.</DT><DD Font="normal"><LA>nach § 4 Nr. 7 Satz 1 Buchstabe a des Umsatzsteuergesetzes steuerfrei oder</LA></DD><DT>4.</DT><DD Font="normal"><LA>nach den Vorschriften des Energiesteuergesetzes und der Energiesteuer-Durchführungsverordnung unter Vergütung der Verbrauchsteuer</LA></DD></DL>zu ihrem ausschließlichen Gebrauch oder Verbrauch geliefert werden, gehen mit der Übergabe an die Streitkräfte in die Truppenverwendung über und werden wie Nichtgemeinschaftswaren behandelt. Sie stehen ab dem Zeitpunkt der Lieferung an die Streitkräfte unter zollamtlicher Überwachung. Der Lieferung von Energieerzeugnissen an die ausländischen Streitkräfte oder Hauptquartiere steht die Abgabe an zum Bezug berechtigte Mitglieder der ausländischen Streitkräfte oder Hauptquartiere gegen besondere Gutscheine oder im Rahmen eines Tankkartenverfahrens gleich.</P><P>(2) Absatz 1 gilt entsprechend für Gemeinschaftswaren, die Hauptquartieren <DL Type="arabic"><DT>1.</DT><DD Font="normal"><LA>nach den Artikeln 2 und 8 des Hauptquartierprotokolls oder den Artikeln 14 und 15 des Ergänzungsübereinkommens umsatz- oder verbrauchsteuerfrei oder unter Vergütung der Verbrauchsteuer oder</LA></DD><DT>2.</DT><DD Font="normal"><LA>nach den Vorschriften des Energiesteuergesetzes und der Energiesteuer-Durchführungsverordnung unter Vergütung der Verbrauchsteuer</LA></DD></DL>geliefert werden.</P><P>(3) Gemeinschaftswaren, die unter Gewährung von Ausfuhrerstattung an die ausländischen Streitkräfte oder Hauptquartiere geliefert werden, gehen mit der Lieferung an die Streitkräfte in die Truppenverwendung über und werden wie Nichtgemeinschaftswaren behandelt. Sie gelten als von den ausländischen Streitkräften oder Hauptquartieren zu ihrer ausschließlichen Verwendung frei von Einfuhrabgaben eingeführt und in die Truppenverwendung übergeführt. Sie stehen ab dem Zeitpunkt der Lieferung an die ausländischen Streitkräfte oder Hauptquartiere unter zollamtlicher Überwachung.</P></Content></text></textdaten></norm>
<norm builddate="20130405131046" doknr="BJNR109010009BJNE001100000"><metadaten><jurabk>TrZollG</jurabk><enbez>§ 10</enbez><titel format="XML">Einfuhr von Gemeinschaftswaren aus anderen Mitgliedstaaten</titel></metadaten><textdaten><text format="XML"><Content><P>Gemeinschaftswaren, die ausländische Streitkräfte, Hauptquartiere oder ihre Mitglieder in einem anderen Mitgliedstaat nach den Bestimmungen des NATO-Truppenstatuts, des Hauptquartierprotokolls, anderer völkerrechtlicher Vereinbarungen oder nach dessen nationalen Vorschriften abgabenbegünstigt aus einem Drittland eingeführt oder aus einem Mitgliedstaat eingeführt oder bezogen haben und die von diesen zur weiteren Verwendung nach den oben genannten Bestimmungen in den Geltungsbereich dieses Gesetzes eingeführt werden, gelten mit der Einfuhr als Nichtgemeinschaftswaren und als in die Truppenverwendung übergeführt. Sie stehen ab dem Zeitpunkt der Einfuhr unter zollamtlicher Überwachung.</P></Content></text></textdaten></norm>
<norm builddate="20130405131046" doknr="BJNR109010009BJNE001200000"><metadaten><jurabk>TrZollG</jurabk><enbez>§ 11</enbez><titel format="XML">Abgabenbegünstigter Erwerb von Kraftfahrzeugen</titel></metadaten><textdaten><text format="XML"><Content><P>Die Mitglieder der ausländischen Streitkräfte und der Hauptquartiere können Kraftfahrzeuge zu ihrem ausschließlichen Gebrauch aus einem Zolllagerverfahren, aus einem Verfahren der aktiven Veredelung oder aus der vorübergehenden Verwendung frei von Einfuhrabgaben beziehen, wenn der Erwerb des Kraftfahrzeugs von den zuständigen Behörden der ausländischen Streitkräfte genehmigt worden ist.</P></Content></text></textdaten></norm>
<norm builddate="20130405131046" doknr="BJNR109010009BJNE001300000"><metadaten><jurabk>TrZollG</jurabk><enbez>§ 12</enbez><titel format="XML">Zollrechtlicher Status der Waren, Vermutung</titel></metadaten><textdaten><text format="XML"><Content><P>Soweit nichts anderes nachgewiesen ist, wird von Waren im Besitz der ausländischen Streitkräfte, Hauptquartiere oder ihrer Mitglieder vermutet, dass sie Nichtgemeinschaftswaren in der Truppenverwendung sind.</P></Content></text></textdaten></norm>
<norm builddate="20130405131046" doknr="BJNR109010009BJNE001400000"><metadaten><jurabk>TrZollG</jurabk><enbez>§ 13</enbez><titel format="XML">Beendigung der Truppenverwendung</titel></metadaten><textdaten><text format="XML"><Content><P>(1) Die Truppenverwendung im Sinne des § 2 Abs. 3 endet, wenn die Einfuhrwaren eine neue zollrechtliche Bestimmung erhalten. Abweichend von den Bestimmungen des Zollkodex muss die Zerstörung von Waren in der Truppenverwendung der ausländischen Streitkräfte, der Hauptquartiere oder ihrer Mitglieder nicht mitgeteilt werden, es sei denn, sie erfolgt durch eine nichtberechtigte Person. In diesem Fall erfolgt die Mitteilung durch die zuständigen Behörden der ausländischen Streitkräfte oder Hauptquartiere; § 16 bleibt unberührt. Werden die Einfuhrwaren zur Ausfuhr in ein Drittland bestimmt, so ist eine Zollanmeldung abzugeben.</P><P>(2) Inhaber einer Bewilligung nach § 3 Abs. 2 dürfen nur mit Zustimmung der bewilligenden Zollstelle Waren in ihrer Truppenverwendung einer neuen zollrechtlichen Bestimmung zuführen oder in einen anderen Mitgliedstaat ausführen. Die Zustimmung kann mit Nebenbestimmungen versehen werden.</P><P>(3) Die Truppenverwendung endet auch mit der Ausfuhr der Einfuhrwaren aus dem Geltungsbereich dieses Gesetzes in einen anderen Mitgliedstaat.</P><P>(4) Eine Ausfuhr von Waren, die sich in der Truppenverwendung der ausländischen Streitkräfte, der Hauptquartiere oder der Inhaber einer Bewilligung nach § 3 Abs. 2 befinden, in einen anderen Mitgliedstaat, hat in einem zollrechtlichen Versandverfahren zu erfolgen. Gleiches gilt für Waren in der Truppenverwendung der Mitglieder der ausländischen Streitkräfte und der Hauptquartiere, wenn diese die Waren nicht selbst in einen anderen Mitgliedstaat ausführen.</P><P>(5) Eine Ausfuhr von Waren, die sich in der Truppenverwendung der ausländischen Streitkräfte, der Hauptquartiere oder der Inhaber einer Bewilligung nach § 3 Abs. 2 befinden, in ein Drittland hat in folgenden Fällen in einem zollrechtlichen Versandverfahren zu erfolgen: <DL Type="arabic"><DT>1.</DT><DD Font="normal"><LA>auf dem Landweg, wenn ein anderer Mitgliedstaat berührt wird;</LA></DD><DT>2.</DT><DD Font="normal"><LA>auf dem Luftweg, wenn eine Zwischenlandung in einem anderen Mitgliedstaat erfolgt;</LA></DD><DT>3.</DT><DD Font="normal"><LA>auf dem Wasserweg, wenn ein Hafen in einem anderen Mitgliedstaat angelaufen wird.</LA></DD></DL></P></Content></text></textdaten></norm>
<norm builddate="20130405131046" doknr="BJNR109010009BJNE001500000"><metadaten><jurabk>TrZollG</jurabk><enbez>§ 14</enbez><titel format="XML">Anmeldung und Zollabfertigung zur Ausfuhr in ein Drittland</titel></metadaten><textdaten><text format="XML"><Content><P>(1) Die Anmeldung und die Zollabfertigung zur Ausfuhr in ein Drittland erfolgt im Rahmen internationaler Abkommen <DL Type="arabic"><DT>1.</DT><DD Font="normal"><LA>schriftlich mit dem Formblatt 302, wenn sich Waren in der Truppenverwendung der ausländischen Streitkräfte oder der Hauptquartiere befinden;</LA></DD><DT>2.</DT><DD Font="normal"><LA>schriftlich mit dem Formblatt 302 oder durch die tatsächliche Ausfuhr in ein Drittland und die Ausfertigung des Formblatts 302, wenn Waren, die sich in der Truppenverwendung der ausländischen Streitkräfte oder der Hauptquartiere befinden, über einen Militärflug- oder -seehafen im Geltungsbereich dieses Gesetzes in ein Drittland ausgeführt werden;</LA></DD><DT>3.</DT><DD Font="normal"><LA>schriftlich mit Ausfuhrgenehmigung oder durch die tatsächliche Ausfuhr in ein Drittland, wenn Waren, die sich in der Truppenverwendung der Mitglieder der ausländischen Streitkräfte oder der Hauptquartiere befinden, in ein Drittland ausgeführt werden;</LA></DD><DT>4.</DT><DD Font="normal"><LA>schriftlich mit Ausfuhrgenehmigung oder durch die Übernahme der Militärpostsendung durch die Militärpostbehörden, wenn Waren, die sich in der Truppenverwendung der Mitglieder der ausländischen Streitkräfte oder der Hauptquartiere befinden, im Militärpostverkehr in ein Drittland ausgeführt werden;</LA></DD><DT>5.</DT><DD Font="normal"><LA>schriftlich mit Einheitspapier, wenn nichtberechtigte Personen im Sinne des § 3 Abs. 2 Waren in ein Drittland ausführen.</LA></DD></DL></P><P>(2) Die Ausfuhr von Waren, die sich in der Truppenverwendung der Mitglieder der ausländischen Streitkräfte oder der Hauptquartiere befinden, ist schriftlich mit Ausfuhrgenehmigung anzumelden, wenn die Ausfuhr in ein Drittland Verboten oder Beschränkungen unterliegt. Die Ausfuhrgenehmigung ist zusammen mit den nach den Vorschriften der Verbote und Beschränkungen für die Ausfuhr in ein Drittland erforderlichen Dokumenten der Zollstelle zur Abfertigung vorzulegen.</P><P>(3) Im Sinne des Absatzes 1 Nr. 2, 3 und 4 gelten die dort genannten Waren als gestellt, die Zollanmeldung als angenommen und die Waren als zur Ausfuhr in ein Drittland überlassen, wenn sie nicht schriftlich angemeldet werden.</P></Content></text></textdaten></norm>
<norm builddate="20130405131046" doknr="BJNR109010009BJNE001600000"><metadaten><jurabk>TrZollG</jurabk><enbez>§ 15</enbez><titel format="XML">Ausfuhr in ein Drittland unter Einsatz der Datenverarbeitung</titel></metadaten><textdaten><text format="XML"><Content><P>(1) Die Zollanmeldung zur Ausfuhr in ein Drittland zur Beendigung der Truppenverwendung kann unter Einsatz von Informatikverfahren, die durch das Bundesministerium der Finanzen zu diesem Zweck zugelassen wurden, erfolgen. In der Zulassung bestimmt das Bundesministerium der Finanzen die Voraussetzungen und Modalitäten der Nutzung des Informatikverfahrens.</P><P>(2) § 5 Abs. 3 und 4 gilt entsprechend.</P><P>(3) § 13 Abs. 5 bleibt unberührt.</P></Content></text></textdaten></norm>
<norm builddate="20130405131046" doknr="BJNR109010009BJNE001700000"><metadaten><jurabk>TrZollG</jurabk><enbez>§ 16</enbez><titel format="XML">Übernahme von Waren aus der Truppenverwendung, Zuführung zu einer anderen zollrechtlichen Bestimmung</titel></metadaten><textdaten><text format="XML"><Content><P>(1) Will eine nichtberechtigte Person Einfuhrwaren aus der Truppenverwendung der Streitkräfte, Hauptquartiere oder deren Mitgliedern übernehmen, ist diese Person verpflichtet, dies vor der Übernahme der zuständigen Zollstelle anzuzeigen und die Einfuhrwaren unverzüglich nach der Übernahme bei der zuständigen Zollstelle zu gestellen und einer zulässigen zollrechtlichen Bestimmung zuzuführen, soweit nicht in der zu diesem Gesetz erlassenen Rechtsverordnung Ausnahmen zugelassen sind. § 4 des Zollverwaltungsgesetzes gilt entsprechend. Die Zollstelle kann eine Sicherheitsleistung verlangen, um die Erfüllung einer möglichen Einfuhrabgabenschuld zu gewährleisten. Das Recht der ausländischen Streitkräfte, Hauptquartiere und ihrer Mitglieder, Einfuhrwaren einer zulässigen zollrechtlichen Bestimmung zuzuführen, bleibt hiervon unberührt.</P><P>(2) Die Gestellungspflicht nach Absatz 1 gilt auch in den Fällen, in denen ein Mitglied der ausländischen Streitkräfte oder Hauptquartiere Einfuhrwaren über die ihm zustehende Rationsmenge (§ 18) hinaus bezieht, oder seine Berechtigung zur Inanspruchnahme der in § 3 Abs. 1 und § 11 genannten Begünstigungen verliert und seinen Wohnsitz im Geltungsbereich dieses Gesetzes begründet oder behält.</P><P>(3) Die veräußerten Einfuhrwaren dürfen der nichtberechtigten Person erst übergeben werden, wenn diese eine Bescheinigung über die Erfüllung ihrer Verpflichtung nach Absatz 1 vorlegt.</P><P>(4) Ein Anmeldeverfahren, das eine Zollanmeldung durch Anschreibung von Waren in der Buchführung vorsieht, kann auch für Waren im Sinne des Absatzes 1 bewilligt werden. Die Anzeige nach Absatz 1 Satz 1 kann in diesen Fällen global im Voraus abgegeben werden.</P><P>(5) Für die Zuführung von Einfuhrwaren eines Bewilligungsinhabers im Sinne des § 3 Abs. 2 zu einer anderen zollrechtlichen Bestimmung gelten die Vorschriften des Zollkodex und der Zollkodex-Durchführungsverordnung entsprechend.</P></Content></text></textdaten></norm>
<norm builddate="20130405131046" doknr="BJNR109010009BJNE001800000"><metadaten><jurabk>TrZollG</jurabk><enbez>§ 17</enbez><titel format="XML">Pflichten aus der Inanspruchnahme der Truppenverwendung, Zweckwidrige Verwendung</titel></metadaten><textdaten><text format="XML"><Content><P>(1) Einfuhrwaren dürfen nur <DL Type="arabic"><DT>1.</DT><DD Font="normal"><LA>durch die in § 3 Abs. 1 Satz 1 genannten Berechtigten zu deren ausschließlichem Ge- oder Verbrauch im Sinne des Artikels XI des NATO-Truppenstatuts, der Artikel 65 bis 67 des Zusatzabkommens, der Artikel 2 und 8 des Hauptquartierprotokolls, der Artikel 14 bis 16 des Ergänzungsabkommens oder des Artikels 2 des Statusübereinkommens, auch in Verbindung mit Artikel 5 des Gesetzes zum Hauptquartierprotokoll, oder</LA></DD><DT>2.</DT><DD Font="normal"><LA>durch Bewilligungsinhaber im Sinne des § 3 Abs. 2 zur Belieferung der ausländischen Streitkräfte oder der Hauptquartiere nach Maßgabe der Bewilligung</LA></DD></DL>verwendet werden, soweit nicht in der zu diesem Gesetz erlassenen Rechtsverordnung Ausnahmen zugelassen sind.</P><P>(2) Eine Verwendung von Einfuhrwaren zu anderen als den in Absatz 1 Nr. 1 genannten Zwecken liegt insbesondere vor, wenn <DL Type="arabic"><DT>1.</DT><DD Font="normal"><LA>diese im Fall der Truppenverwendung der Mitglieder der ausländischen Streitkräfte oder der Hauptquartiere abweichend von dem in § 16 Abs. 1 geregelten Verfahren einer nichtberechtigten Person zu anderen Zwecken als der Veredelung (Bearbeitung, Verarbeitung und Ausbesserung) übergeben werden;</LA></DD><DT>2.</DT><DD Font="normal"><LA>diese im Fall der Truppenverwendung der ausländischen Streitkräfte oder der Hauptquartiere abweichend von dem in § 16 Abs. 1 geregelten Verfahren einer nichtberechtigten Person zu anderen Zwecken als der Ausbesserung übergeben werden;</LA></DD><DT>3.</DT><DD Font="normal"><LA>diese im Fall der Truppenverwendung der Mitglieder der ausländischen Streitkräfte oder der Hauptquartiere endgültig aus dem Geltungsbereich dieses Gesetzes in einen anderen Mitgliedstaat ausgeführt werden, ohne dass diese Ausfuhr in unmittelbarem Zusammenhang mit dem Verlust der Rechtsstellung des Mitglieds erfolgt. Dies gilt nicht, wenn unverzüglich eine ordnungsgemäße Zollabfertigung in dem anderen Mitgliedstaat erfolgt. Als endgültig in einen anderen Mitgliedstaat ausgeführt gilt auch eine Einfuhrware, die bei einer Wiedereinfuhr nicht wieder in die Truppenverwendung übergeführt werden kann;</LA></DD><DT>4.</DT><DD Font="normal"><LA>ein Mitglied der ausländischen Streitkräfte oder der Hauptquartiere Waren, die sich in der Truppenverwendung der ausländischen Streitkräfte oder der Hauptquartiere befinden, nach Artikel 65 Abs. 2 des Zusatzabkommens oder den Artikeln 16 und 17 des Ergänzungsabkommens über die festgelegten Rationsmengen (§ 18) hinaus bezieht, ohne die in § 16 Abs. 2 geregelte Gestellungspflicht zu erfüllen;</LA></DD><DT>5.</DT><DD Font="normal"><LA>eine Person ihre Berechtigung zur Inanspruchnahme der Begünstigungen nach § 3 Abs. 1 und § 11 verliert, ohne die in § 16 Abs. 2 geregelte Gestellungspflicht zu erfüllen;</LA></DD><DT>6.</DT><DD Font="normal"><LA>in anderen als den in den Nummern 1 und 2 genannten Fällen eine nichtberechtigte Person Besitz an Einfuhrwaren erlangt, ohne dass das in § 16 Abs. 1 geregelte Verfahren eingehalten wird.</LA></DD></DL></P><P>(3) Eine Verwendung von Einfuhrwaren zu anderen als in den in Absatz 1 Nr. 2 genannten Zwecken liegt insbesondere vor, wenn <DL Type="arabic"><DT>1.</DT><DD Font="normal"><LA>diese in den Besitz einer nichtberechtigten Person gelangen;</LA></DD><DT>2.</DT><DD Font="normal"><LA>diese nicht innerhalb der in der Bewilligung festgesetzten Frist den ausländischen Streitkräften oder den Hauptquartieren übergeben werden. Der Nichteingang einer Empfangsbestätigung der ausländischen Streitkräfte oder der Hauptquartiere gilt als eine nicht erfolgte Übergabe; dies gilt auch für den Nichteingang einer Empfangsbestätigung in einem zugelassenen Informatikverfahren;</LA></DD><DT>3.</DT><DD Font="normal"><LA>diese an einem in der Bewilligung nicht zugelassenen Ort gelagert werden.</LA></DD></DL></P></Content></text></textdaten></norm>
<norm builddate="20130405131046" doknr="BJNR109010009BJNE001900000"><metadaten><jurabk>TrZollG</jurabk><enbez>§ 18</enbez><titel format="XML">Rationsmengen</titel></metadaten><textdaten><text format="XML"><Content><P>(1) Festgelegte Rationsmengen im Sinne des § 17 Abs. 2 Nr. 4 sind: <BR/><BR/><table frame="none" pgwide="1" tocentry="%yes;"><tgroup align="left" char="" charoff="50" cols="4"><colspec align="left" colname="col1" colnum="1" colsep="0" colwidth="1*" rowsep="0"/><colspec align="left" colname="col2" colnum="2" colsep="0" colwidth="2*" rowsep="0"/><colspec colname="col3" colnum="3" colwidth="11.00*"/><colspec align="justify" colname="col4" colnum="4" colsep="0" colwidth="8.00*" rowsep="0"/><tbody valign="top"><row><entry VJ="1" align="left" colname="col1">1.</entry><entry VJ="1" align="left" nameend="col3" namest="col2">Zigaretten</entry><entry VJ="1" colname="col4">200 Stück je Person und Woche,</entry></row><row><entry VJ="1" align="left" colname="col1">2.</entry><entry VJ="1" align="left" nameend="col3" namest="col2">Kaffee</entry><entry VJ="1" colname="col4">2,5 Kilogramm je Person und Monat,</entry></row><row><entry VJ="1" align="left" colname="col1">3.</entry><entry VJ="1" align="left" nameend="col3" namest="col2">Kaffee-Extrakte</entry><entry VJ="1" colname="col4">250 Gramm je Person und Monat,</entry></row><row><entry VJ="1" align="left" colname="col1">4.</entry><entry VJ="1" align="left" nameend="col3" namest="col2">Whisky und Gin</entry><entry VJ="1" colname="col4">6 Liter je Person und Monat,</entry></row><row><entry VJ="1" align="left" colname="col1">5.</entry><entry VJ="1" align="left" nameend="col3" namest="col2">Kraftstoff</entry><entry VJ="1" colname="col4"/></row><row><entry VJ="1" align="left" colname="col1"/><entry VJ="1" align="left" colname="col2">a)</entry><entry VJ="1" align="left" colname="col3" colsep="0" rowsep="0">für Kraftfahrzeuge mit einer Motorleistung von mindestens 44 kW</entry><entry VJ="1" colname="col4" colsep="0" rowsep="0">400 Liter je Fahrzeug und Monat,</entry></row><row><entry VJ="1" align="left" colname="col1"/><entry VJ="1" align="left" colname="col2">b)</entry><entry VJ="1" align="left" colname="col3" colsep="0" rowsep="0">für andere Kraftfahrzeuge</entry><entry VJ="1" colname="col4" colsep="0" rowsep="0">200 Liter je Fahrzeug und Monat,</entry></row><row><entry VJ="1" align="left" colname="col1"/><entry VJ="1" align="left" colname="col2">c)</entry><entry VJ="1" align="left" colname="col3" colsep="0" rowsep="0">für Motorräder, Motorfahrräder und Motorroller</entry><entry VJ="1" colname="col4" colsep="0" rowsep="0">80 Liter je Fahrzeug und Monat,</entry></row><row><entry VJ="1" align="left" colname="col1"/><entry VJ="1" align="left" colname="col2">d)</entry><entry VJ="1" align="left" colname="col3" colsep="0" rowsep="0">für Flugzeuge</entry><entry VJ="1" colname="col4" colsep="0" rowsep="0">1 600 Liter je Flugzeug und Monat.</entry></row></tbody></tgroup></table></P><P>(2) Die ausländischen Streitkräfte oder Hauptquartiere können in Absprache mit dem Bundesministerium der Finanzen die in Absatz 1 genannten Rationsmengen bis zu folgenden Mengen erhöhen:<BR/><BR/><table frame="none" label="1" tocentry="%yes;"><tgroup align="left" char="" charoff="50" cols="4" colsep="0" rowsep="0"><colspec colname="col1" colnum="1" colsep="0" colwidth="1.00*" rowsep="0"/><colspec colname="col2" colnum="2" colsep="0" colwidth="2.00*" rowsep="0"/><colspec colname="col3" colnum="3" colwidth="13.04*"/><colspec align="justify" colname="col4" colnum="4" colsep="0" colwidth="5.97*" rowsep="0"/><tbody valign="top"><row><entry VJ="1" align="left" colname="col1">1.</entry><entry VJ="1" align="left" nameend="col3" namest="col2">Zigaretten</entry><entry VJ="1" colname="col4">300 Stück je Person und Woche,</entry></row><row><entry VJ="1" align="left" colname="col1">2.</entry><entry VJ="1" align="left" nameend="col3" namest="col2">Kaffee</entry><entry VJ="1" colname="col4">3,5 Kilogramm je Person und Monat,</entry></row><row><entry VJ="1" align="left" colname="col1">3.</entry><entry VJ="1" align="left" nameend="col3" namest="col2">Kaffee-Extrakte</entry><entry VJ="1" colname="col4">350 Gramm je Person und Monat,</entry></row><row><entry VJ="1" align="left" colname="col1">4.</entry><entry VJ="1" align="left" nameend="col3" namest="col2">Whisky und Gin</entry><entry VJ="1" colname="col4">8,5 Liter je Person und Monat,</entry></row><row><entry VJ="1" align="left" colname="col1">5.</entry><entry VJ="1" align="left" nameend="col3" namest="col2">Kraftstoff</entry><entry VJ="1" colname="col4"/></row><row><entry VJ="1" align="left" colname="col1"/><entry VJ="1" align="left" colname="col2">a)</entry><entry VJ="1" align="left" colname="col3">für Kraftfahrzeuge mit einer Motorleistung von mindestens 44 kW</entry><entry VJ="1" colname="col4">600 Liter je Fahrzeug und Monat,</entry></row><row><entry VJ="1" align="left" colname="col1"/><entry VJ="1" align="left" colname="col2">b)</entry><entry VJ="1" align="left" colname="col3">für andere Kraftfahrzeuge</entry><entry VJ="1" colname="col4">300 Liter je Fahrzeug und Monat,</entry></row><row><entry VJ="1" align="left" colname="col1"/><entry VJ="1" align="left" colname="col2">c)</entry><entry VJ="1" align="left" colname="col3">für Motorräder, Motorfahrräder und Motorroller</entry><entry VJ="1" colname="col4">120 Liter je Fahrzeug und Monat,</entry></row><row><entry VJ="1" align="left" colname="col1"/><entry VJ="1" align="left" colname="col2">d)</entry><entry VJ="1" align="left" colname="col3">für Flugzeuge</entry><entry VJ="1" colname="col4">2 400 Liter je Flugzeug und Monat.</entry></row></tbody></tgroup></table></P><P>(3) Abweichend von Absatz 2 können die Behörden der Truppe oder der Hauptquartiere berechtigten Käufern zur Deckung <DL Font="normal" Type="arabic"><DT>1.</DT><DD Font="normal"><LA Size="normal">eines erhöhten Bedarfs an rationierten Waren an Feiertagen und bei besonderen gesellschaftlichen Anlässen,</LA></DD><DT>2.</DT><DD Font="normal"><LA Size="normal">eines erhöhten Bedarfs an rationierten Waren, in den Fällen, in denen sich die betreffende Person auf einer genehmigten Reise befindet,</LA></DD><DT>3.</DT><DD Font="normal"><LA Size="normal">eines in Einzelfällen bestehenden höheren persönlichen Bedarfs an Zigaretten</LA></DD></DL>besondere Rationserhöhungen gewähren.</P></Content></text></textdaten></norm>
<norm builddate="20130405131046" doknr="BJNR109010009BJNE002001140"><metadaten><jurabk>TrZollG</jurabk><enbez>§ 19</enbez><titel format="XML">Abgabenschuld, Abgabenschuldner</titel></metadaten><textdaten><text format="XML"><Content><P>(1) Wird die Truppenverwendung durch die Überführung der Einfuhrware in den zollrechtlich freien Verkehr beendet, gelten für die Entstehung der Abgabenschuld dieser Einfuhrwaren vorbehaltlich Absatz 3 die Vorschriften des Zollkodex und der Zollkodex-Durchführungsverordnung, die darauf Bezug nehmenden Vorschriften des Umsatzsteuergesetzes sowie die Verbrauchsteuergesetze.</P><P>(2) Werden Waren zweckwidrig im Sinne des § 17 verwendet, entsteht eine Einfuhrabgabenschuld, es sei denn, die Pflichtverletzung im Sinne des § 17 hat sich auf die ordnungsgemäße Inanspruchnahme der Truppenverwendung nicht ausgewirkt. Die Einfuhrabgabenschuld entsteht im Zeitpunkt der zweckwidrigen Verwendung. In den Fällen des § 17 Abs. 2 Nr. 3 entsteht die Einfuhrabgabenschuld im Zeitpunkt der tatsächlichen Ausfuhr der Waren aus dem Geltungsbereich des Gesetzes in einen anderen Mitgliedstaat.</P><P>(3) Eine Einfuhrabgabenschuld nach den Absätzen 1 und 2 entsteht nicht für Abgabenarten, für die eine Vergünstigung nach den §§ 3 bis 11 nicht in Anspruch genommen wurde.</P><P>(4) Abgabenschuldner in den Fällen des Absatzes 2 ist <DL Font="normal" Type="arabic"><DT>1.</DT><DD Font="normal"><LA Size="normal">die Person, die nicht Mitglied der ausländischen Streitkräfte oder der Hauptquartiere ist, welche die Waren, hinsichtlich derer eine Pflicht aus der Truppenverwendung verletzt wurde, <DL Font="normal" Type="alpha"><DT>a)</DT><DD Font="normal"><LA Size="normal">in unmittelbarem Zusammenhang mit der Pflichtverletzung erworben oder in Besitz genommen hat oder im Zeitpunkt der Pflichtverletzung bereits im Besitz hatte, oder</LA></DD><DT>b)</DT><DD Font="normal"><LA Size="normal">erworben oder in Besitz genommen hat, obwohl sie im Zeitpunkt des Erwerbs oder der Inbesitznahme wusste oder vernünftigerweise hätte wissen können, dass hinsichtlich dieser Ware eine Pflicht aus der Truppenverwendung verletzt wurde;</LA></DD></DL></LA></DD><DT>2.</DT><DD Font="normal"><LA Size="normal">daneben das Mitglied der ausländischen Streitkräfte oder der Hauptquartiere, das die Pflichtverletzung begangen hat.</LA></DD></DL></P></Content></text><fussnoten/></textdaten></norm>
<norm builddate="20130405131046" doknr="BJNR109010009BJNE002100000"><metadaten><jurabk>TrZollG</jurabk><enbez>§ 20</enbez><titel format="XML">Beendigung vorangegangener Zollverfahren mit wirtschaftlicher Bedeutung</titel></metadaten><textdaten><text format="XML"><Content><P>(1) Wenn die ordnungsgemäße Lieferung oder Rückgabe von Waren aus einer aktiven Veredelung oder die ordnungsgemäße Übergabe von Waren aus einem Zolllager an die ausländischen Streitkräfte oder Hauptquartiere gewährleistet ist, kann zugelassen werden, dass die Waren ohne Gestellung geliefert oder zurückgegeben werden. Wird dies zugelassen, gelten die Waren mit der Übergabe als gestellt und zur Truppenverwendung angemeldet. Die Zollanmeldung gilt als angenommen und die Waren gelten als zur Truppenverwendung überlassen.</P><P>(2) Ist in den Fällen des Absatzes 1 die Übergabe von Waren an die ausländischen Streitkräfte oder ein Hauptquartier ohne Gestellung zugelassen, ist der Nachweis der Übergabe mit einem Abwicklungsschein zu führen.</P></Content></text></textdaten></norm>
<norm builddate="20130405131046" doknr="BJNR109010009BJNE002200000"><metadaten><jurabk>TrZollG</jurabk><enbez>§ 21</enbez><titel format="XML">Verlust der Rechtsstellung als Mitglied der ausländischen Streitkräfte oder der Hauptquartiere</titel></metadaten><textdaten><text format="XML"><Content><P>(1) Verliert ein im Geltungsbereich dieses Gesetzes stationiertes Mitglied der ausländischen Streitkräfte seine Rechtsstellung, gelten für die in seinem Besitz befindlichen Einfuhrwaren die Vorschriften des Gemeinschaftsrechts über die Einfuhrabgabenfreiheit von Übersiedlungsgut entsprechend. Dies gilt auch dann, wenn es sich um ein Mitglied der ausländischen Streitkräfte eines Landes handelt, das Mitglied der Europäischen Union ist. Gleichgestellt sind die Verlegung des Wohnsitzes und der Fall, dass das ehemalige Mitglied der ausländischen Streitkräfte seinen Wohnsitz im Geltungsbereich dieses Gesetzes begründet oder behält.</P><P>(2) Für ein Mitglied der Hauptquartiere gilt Absatz 1 unter der Voraussetzung, dass das Mitglied nicht die deutsche Staatsangehörigkeit besitzt.</P></Content></text></textdaten></norm>
<norm builddate="20130405131046" doknr="BJNR109010009BJNE002300000"><metadaten><jurabk>TrZollG</jurabk><enbez>§ 22</enbez><titel format="XML">Harmonisierungsvorschrift für Waren aus anderen Mitgliedstaaten</titel></metadaten><textdaten><text format="XML"><Content><P>(1) Waren der Mitglieder der ausländischen Streitkräfte oder der Hauptquartiere in einem anderen Mitgliedstaat, die dort <DL Type="arabic"><DT>1.</DT><DD Font="normal"><LA>nach Artikel XI des NATO-Truppenstatuts, den Artikeln 2 und 8 des Hauptquartierprotokolls oder den Bestimmungen anderer, dem Zusatzabkommen, Ergänzungsabkommen oder dem Statusübereinkommen vergleichbarer völkerrechtlicher Vereinbarungen einfuhrabgabenbegünstigt aus einem Drittland eingeführt, aus einem Mitgliedstaat eingeführt oder bezogen wurden und</LA></DD><DT>2.</DT><DD Font="normal"><LA>nicht zur weiteren Verwendung nach den vorgenannten Bestimmungen in den Geltungsbereich dieses Gesetzes aus einem Mitgliedstaat eingeführt werden,</LA></DD></DL>gelten mit der Einfuhr als in die vorübergehende Verwendung unter vollständiger Befreiung von den Einfuhrabgaben nach den Bestimmungen des Zollkodex und der Zollkodex-Durchführungsverordnung übergeführt. Diese vorübergehende Verwendung endet auch mit der Ausfuhr in einen anderen Mitgliedstaat.</P><P>(2) Absatz 1 findet keine Anwendung, sofern das Recht des anderen Mitgliedstaats abweichende Regelungen für die in Absatz 1 genannten Fälle vorsieht.</P></Content></text></textdaten></norm>
<norm builddate="20130405131046" doknr="BJNR109010009BJNE002400000"><metadaten><jurabk>TrZollG</jurabk><enbez>§ 23</enbez><titel format="XML">Vertretung</titel></metadaten><textdaten><text format="XML"><Content><P>Ein Mitglied der ausländischen Streitkräfte kann sich gegenüber Zollstellen bei der Vornahme von Verfahrenshandlungen nach diesem Gesetz ausschließlich durch ein anderes Mitglied der ausländischen Streitkräfte oder eine Behörde der ausländischen Streitkräfte vertreten lassen. Die indirekte Vertretung ist ausgeschlossen. Die Sätze 1 und 2 gelten für ein Mitglied der Hauptquartiere entsprechend. Bei Verfahrenshandlungen, die im Zusammenhang mit der Kommandierung in den Geltungsbereich dieses Gesetzes oder aus diesem hinaus stehen, kann sich ein Mitglied der Streitkräfte oder der Hauptquartiere durch jedermann vertreten lassen.</P></Content></text></textdaten></norm>
<norm builddate="20130405131046" doknr="BJNR109010009BJNE002500000"><metadaten><jurabk>TrZollG</jurabk><enbez>§ 24</enbez><titel format="XML">Übergangs- und Schlussvorschriften</titel></metadaten><textdaten><text format="XML"><Content><P>(1) Waren, die sich im Zeitpunkt des Inkrafttretens dieses Gesetzes in der einfuhrabgabenbegünstigten Verwendung nach § 1 des Truppenzollgesetzes 1962 in der im Bundesgesetzblatt Teil III, Gliederungsnummer 613-5-6, veröffentlichten bereinigten Fassung, das zuletzt durch Artikel 6 des Gesetzes vom 26. November 1979 (BGBl. I S. 1953) geändert worden ist, auch in Verbindung mit Artikel 4 des Gesetzes zum Hauptquartierprotokoll in der Fassung vom 17. Oktober 1969 (BGBl. 1969 II S. 1997), befinden, gelten als in die Truppenverwendung übergeführt.</P><P>(2) Soweit einer nichtberechtigten Person die Bewilligung zur Verteilung von Waren unter Befreiung von Einfuhrabgaben an die ausländischen Streitkräfte oder Hauptquartiere erteilt worden ist, gilt die Bewilligung für die Dauer von sechs Monaten nach Inkrafttreten dieses Gesetzes als Bewilligung im Sinne des § 3 Abs. 2.</P><P>(3) Soweit eine nichtberechtigte Person Waren der ausländischen Streitkräfte oder Hauptquartiere zur Bearbeitung, Verarbeitung oder Lagerung in Besitz hat, gelten die nach dem Zollkodex erforderlichen Bewilligungen hinsichtlich dieser Waren für die Dauer von drei Monaten nach Inkrafttreten dieses Gesetzes als erteilt und die Waren als in den entsprechenden Zollverfahren befindlich. Satz 1 gilt nur im Geltungsbereich dieses Gesetzes.</P><P>(4) Soweit die Artikel 71 bis 73 des Zusatzabkommens für Organisationen, Unternehmen und für ihre Angestellten sowie für technische Fachkräfte die gleiche Behandlung oder die gleichen Befreiungen und Vergünstigungen wie für eine Truppe und Mitglieder eines zivilen Gefolges im Sinne des NATO-Truppenstatuts und des Zusatzabkommens vorsehen, gilt dieses Gesetz entsprechend.</P></Content></text></textdaten></norm>
<norm builddate="20130405131046" doknr="BJNR109010009BJNE002600000"><metadaten><jurabk>TrZollG</jurabk><enbez>§ 25</enbez><titel format="XML">Ermächtigungen</titel></metadaten><textdaten><text format="XML"><Content><P>(1) Das Bundesministerium der Finanzen kann zur Durchführung dieses Gesetzes durch Rechtsverordnung, die nicht der Zustimmung des Bundesrates bedarf, <DL Type="arabic"><DT>1.</DT><DD Font="normal"><LA>das Verfahren der Truppenverwendung einschließlich der Überführung, der Beendigung und des Bewilligungsverfahrens nach § 3 Abs. 2 sowie den Inhalt der Bewilligung näher regeln;</LA></DD><DT>2.</DT><DD Font="normal"><LA>Ausnahmen von den in den §§ 16 und 17 genannten Pflichten zulassen;</LA></DD><DT>3.</DT><DD Font="normal"><LA>Bedingungen definieren, unter denen Waren im Rahmen von Veranstaltungen oder aus dienstlichen oder persönlichen Gründen an nichtberechtigte Personen abgegeben werden können;</LA></DD><DT>4.</DT><DD Font="normal"><LA>die Pflichtverletzungen bestimmen, die sich auf die ordnungsgemäße Inanspruchnahme der Truppenverwendung nicht ausgewirkt haben;</LA></DD><DT>5.</DT><DD Font="normal"><LA>für Personen, die Anspruch auf Versorgung durch die ausländischen Streitkräfte haben, eine vereinfachte und pauschalierte Abgabenerhebung regeln;</LA></DD><DT>6.</DT><DD Font="normal"><LA>die Gleichstellung weiterer Personen oder Personengruppen mit den Personen nach Nummer 5 regeln;</LA></DD><DT>7.</DT><DD Font="normal"><LA>Ordnungswidrigkeiten im Sinne des § 382 Abs. 1 Nr. 2 der Abgabenordnung im Zusammenhang mit den nach den Nummern 1 bis 5 getroffenen Regelungen näher bestimmen.</LA></DD></DL></P><P>(2) Das Bundesministerium der Finanzen kann durch Rechtsverordnung, die nicht der Zustimmung des Bundesrates bedarf, für Waren, die im Rahmen der Pflege gesellschaftlicher und dienstlicher Beziehungen von den ausländischen Streitkräften, Hauptquartieren oder ihren Mitgliedern an andere Personen abgegeben werden, Abgabenfreiheit anordnen, wenn die Waren wegen ihrer Beschaffenheit oder ihrer besonderen Widmung nicht mehr am Wirtschaftsverkehr teilnehmen oder wenn es sich um Waren in kleinen Mengen oder von geringem Wert handelt und durch die Abgabenfreiheit schutzwürdige Interessen der inländischen Wirtschaft nicht verletzt werden.</P></Content></text></textdaten></norm>
<norm builddate="20130405131046" doknr="BJNR109010009BJNE002700000"><metadaten><jurabk>TrZollG</jurabk><enbez>§ 26</enbez><titel format="XML">Ordnungswidrigkeiten</titel></metadaten><textdaten><text format="XML"><Content><P>(1) Ordnungswidrig im Sinne des § 382 Abs. 1 Nr. 2 der Abgabenordnung handelt, wer vorsätzlich oder fahrlässig <DL Type="arabic"><DT>1.</DT><DD Font="normal"><LA>entgegen § 13 Abs. 2 Satz 1 eine dort genannte Ware einer neuen zollrechtlichen Bestimmung zuführt oder ausführt,</LA></DD><DT>2.</DT><DD Font="normal"><LA>entgegen § 16 Abs. 1 Satz 1, auch in Verbindung mit Abs. 2, eine Anzeige nicht, nicht richtig, nicht vollständig oder nicht rechtzeitig erstattet oder eine Einfuhrware nicht oder nicht rechtzeitig gestellt,</LA></DD><DT>3.</DT><DD Font="normal"><LA>entgegen § 16 Abs. 3 eine Einfuhrware übergibt oder</LA></DD><DT>4.</DT><DD Font="normal"><LA>entgegen § 17 Abs. 1 eine Einfuhrware verwendet.</LA></DD></DL></P><P>(2) Absatz 1 findet keine Anwendung auf ausländische Streitkräfte oder Hauptquartiere. Die Regelungen des NATO-Truppenstatuts, des Zusatzabkommens und des Unterzeichnungsprotokolls zur Ausübung der Strafgerichtsbarkeit bleiben unberührt.</P></Content></text></textdaten></norm>
</dokumente>