<?xml version="1.0" encoding="UTF-8" ?><!DOCTYPE dokumente SYSTEM "http://www.gesetze-im-internet.de/dtd/1.01/gii-norm.dtd">
<dokumente builddate="20171123220505" doknr="BJNR333100017"><norm builddate="20171123220505" doknr="BJNR333100017"><metadaten><jurabk>HBankDVDV</jurabk><amtabk>HBankDVDV</amtabk><ausfertigung-datum manuell="ja">2017-08-30</ausfertigung-datum><fundstelle typ="amtlich"><periodikum>BGBl I</periodikum><zitstelle>2017, 3316, 3331</zitstelle></fundstelle><langue>Verordnung über den Vorbereitungsdienst für den höheren Bankdienst der Deutschen Bundesbank</langue><standangabe checked="ja"><standtyp>Sonst</standtyp><standkommentar>Ersetzt V 2030-8-3-3 v. 28.8.2012 I 1858 (HBankDAPrV)</standkommentar></standangabe></metadaten><textdaten><fussnoten><Content><P><BR/> <pre xml:space="preserve">(+++ Textnachweis ab: 1.10.2017 +++)<BR/>(+++ Zur Anwendung vgl. §§ 16 Abs. 5, 22 Abs. 1, 23 Abs. 9 +++)<BR/><BR/></pre>Die V wurde als Artikel 3 der V v. 30.8.2017 I 3316 von dem Vorstand der Deutschen Bundesbank im Einvernehmen mit dem Bundesministeriums des Innern beschlossen. Sie ist gem. Art. 4 Satz 1 dieser V am 1.10.2017 in Kraft getreten.</P></Content></fussnoten></textdaten></norm>
<norm builddate="20171123220505" doknr="BJNR333100017BJNE000100000"><metadaten><jurabk>HBankDVDV</jurabk><enbez>Inhaltsübersicht</enbez></metadaten><textdaten><text format="XML"><TOC><Ident Class="S0">Abschnitt 1</Ident><Title Align="auto" Class="S0">Allgemeines</Title><table colsep="0" frame="none" pgwide="1" rowsep="0" tocentry="%yes;"><tgroup align="left" char="" charoff="50" cols="2"><colspec colname="col1" colwidth="8*"/><colspec colname="col2" colwidth="72*"/><tbody valign="top"><row><entry VJ="1" colname="col1">§  1</entry><entry VJ="1" colname="col2">Vorbereitungsdienst</entry></row><row><entry VJ="1" colname="col1">§  2</entry><entry VJ="1" colname="col2">Ausbildungsziele</entry></row><row><entry VJ="1" colname="col1">§  3</entry><entry VJ="1" colname="col2">Erholungsurlaub</entry></row><row><entry VJ="1" colname="col1">§  4</entry><entry VJ="1" colname="col2">Nachteilsausgleich</entry></row><row><entry VJ="1" colname="col1">§  5</entry><entry VJ="1" colname="col2">Bewertung der Leistungen</entry></row></tbody></tgroup></table><Ident Class="S0">Abschnitt 2</Ident><Title Align="auto" Class="S0">Auswahlverfahren und Einstellung</Title><table colsep="0" frame="none" pgwide="1" rowsep="0" tocentry="%yes;"><tgroup align="left" char="" charoff="50" cols="2"><colspec colname="col1" colwidth="8*"/><colspec colname="col2" colwidth="72*"/><tbody valign="top"><row><entry VJ="1" colname="col1">§  6</entry><entry VJ="1" colname="col2">Auswahlverfahren und Zulassung zum Auswahlverfahren</entry></row><row><entry VJ="1" colname="col1">§  7</entry><entry VJ="1" colname="col2">Auswahlkommission</entry></row><row><entry VJ="1" colname="col1">§  8</entry><entry VJ="1" colname="col2">Teile des Auswahlverfahrens</entry></row><row><entry VJ="1" colname="col1">§  9</entry><entry VJ="1" colname="col2">Schriftlicher Teil</entry></row><row><entry VJ="1" colname="col1">§ 10</entry><entry VJ="1" colname="col2">Mündlicher Teil</entry></row><row><entry VJ="1" colname="col1">§ 11</entry><entry VJ="1" colname="col2">Bewertung der im Auswahlverfahren erbrachten Leistungen</entry></row><row><entry VJ="1" colname="col1">§ 12</entry><entry VJ="1" colname="col2">Ausschluss von der weiteren Teilnahme am Auswahlverfahren</entry></row><row><entry VJ="1" colname="col1">§ 13</entry><entry VJ="1" colname="col2">Gesamtergebnis des Auswahlverfahrens</entry></row></tbody></tgroup></table><Ident Class="S0">Abschnitt 3</Ident><Title Align="auto" Class="S0">Ausbildung</Title><table colsep="0" frame="none" pgwide="1" rowsep="0" tocentry="%yes;"><tgroup align="left" char="" charoff="50" cols="2"><colspec colname="col1" colwidth="8*"/><colspec colname="col2" colwidth="72*"/><tbody valign="top"><row><entry VJ="1" colname="col1">§ 14</entry><entry VJ="1" colname="col2">Ausbildungsleitung, Ausbildungsbeauftragte, Ausbildende</entry></row><row><entry VJ="1" colname="col1">§ 15</entry><entry VJ="1" colname="col2">Ausbildungsrahmenplan, Lehrpläne, Ausbildungspläne</entry></row><row><entry VJ="1" colname="col1">§ 16</entry><entry VJ="1" colname="col2">Fachtheoretische Ausbildung</entry></row><row><entry VJ="1" colname="col1">§ 17</entry><entry VJ="1" colname="col2">Berufspraktische Ausbildung</entry></row><row><entry VJ="1" colname="col1">§ 18</entry><entry VJ="1" colname="col2">Zusammenfassendes Zeugnis, Ausbildungsrangpunktzahl</entry></row></tbody></tgroup></table><Ident Class="S0">Abschnitt 4</Ident><Title Align="auto" Class="S0">Laufbahnprüfung</Title><table colsep="0" frame="none" pgwide="1" rowsep="0" tocentry="%yes;"><tgroup align="left" char="" charoff="50" cols="2"><colspec colname="col1" colwidth="8*"/><colspec colname="col2" colwidth="72*"/><tbody valign="top"><row><entry VJ="1" colname="col1">§ 19</entry><entry VJ="1" colname="col2">Bestandteile</entry></row><row><entry VJ="1" colname="col1">§ 20</entry><entry VJ="1" colname="col2">Prüfungsamt</entry></row><row><entry VJ="1" colname="col1">§ 21</entry><entry VJ="1" colname="col2">Prüfungskommission</entry></row><row><entry VJ="1" colname="col1">§ 22</entry><entry VJ="1" colname="col2">Schriftliche Abschlussprüfung</entry></row><row><entry VJ="1" colname="col1">§ 23</entry><entry VJ="1" colname="col2">Mündliche Abschlussprüfung</entry></row><row><entry VJ="1" colname="col1">§ 24</entry><entry VJ="1" colname="col2">Fernbleiben, Rücktritt</entry></row><row><entry VJ="1" colname="col1">§ 25</entry><entry VJ="1" colname="col2">Täuschung, Ordnungsverstoß</entry></row><row><entry VJ="1" colname="col1">§ 26</entry><entry VJ="1" colname="col2">Bestehen der Laufbahnprüfung</entry></row><row><entry VJ="1" colname="col1">§ 27</entry><entry VJ="1" colname="col2">Abschlusszeugnis</entry></row><row><entry VJ="1" colname="col1">§ 28</entry><entry VJ="1" colname="col2">Prüfungsakte, Einsichtnahme</entry></row><row><entry VJ="1" colname="col1">§ 29</entry><entry VJ="1" colname="col2">Wiederholung der Laufbahnprüfung</entry></row></tbody></tgroup></table></TOC></text></textdaten></norm>
<norm builddate="20171123220505" doknr="BJNR333100017BJNG000100000"><metadaten><jurabk>HBankDVDV</jurabk><gliederungseinheit><gliederungskennzahl>010</gliederungskennzahl><gliederungsbez>Abschnitt 1</gliederungsbez><gliederungstitel>Allgemeines</gliederungstitel></gliederungseinheit></metadaten><textdaten/></norm>
<norm builddate="20171123220505" doknr="BJNR333100017BJNE000200000"><metadaten><jurabk>HBankDVDV</jurabk><enbez>§ 1</enbez><titel format="XML">Vorbereitungsdienst</titel></metadaten><textdaten><text format="XML"><Content><P>Die Ausbildung und Prüfung nach dieser Verordnung sind der Vorbereitungsdienst für die Laufbahn des höheren Bankdienstes. Der Vorbereitungsdienst setzt sich aus einer fachtheoretischen und einer berufspraktischen Ausbildung zusammen. Er dauert in der Regel 18 Monate.</P></Content></text></textdaten></norm>
<norm builddate="20171123220505" doknr="BJNR333100017BJNE000300000"><metadaten><jurabk>HBankDVDV</jurabk><enbez>§ 2</enbez><titel format="XML">Ausbildungsziele</titel></metadaten><textdaten><text format="XML"><Content><P>Die Ausbildung vermittelt das theoretische Wissen sowie die berufspraktischen Kenntnisse und Fähigkeiten, die für die Erfüllung der Aufgaben im höheren Bankdienst erforderlich sind. Hierzu gehört auch die Fähigkeit zur Personalführung. Die Referendarinnen und Referendare sollen zu verantwortlichem Handeln im freiheitlichen, demokratischen und sozialen Rechtsstaat sowie zur Zusammenarbeit im europäischen und internationalen Raum befähigt werden.</P></Content></text></textdaten></norm>
<norm builddate="20171123220505" doknr="BJNR333100017BJNE000400000"><metadaten><jurabk>HBankDVDV</jurabk><enbez>§ 3</enbez><titel format="XML">Erholungsurlaub</titel></metadaten><textdaten><text format="XML"><Content><P>Erholungsurlaub wird nur während der berufspraktischen Ausbildung gewährt.</P></Content></text></textdaten></norm>
<norm builddate="20171123220505" doknr="BJNR333100017BJNE000500000"><metadaten><jurabk>HBankDVDV</jurabk><enbez>§ 4</enbez><titel format="XML">Nachteilsausgleich</titel></metadaten><textdaten><text format="XML"><Content><P>(1) Schwerbehinderten und diesen gleichgestellten behinderten Menschen werden im Auswahlverfahren, bei Leistungstests sowie in der schriftlichen und mündlichen Abschlussprüfung Erleichterungen gewährt, die ihrer Behinderung angemessen sind. Abschnitt 9 der Vereinbarung über die Inklusion schwerbehinderter Menschen bei der Deutschen Bundesbank vom 30. Juli 2014 in der jeweils geltenden auf der Internetseite der Deutschen Bundesbank veröffentlichten Fassung ist zu berücksichtigen.</P><P>(2) Über die Gewährung von Erleichterungen im Auswahlverfahren entscheidet die oberste Dienstbehörde oder eine von ihr bestimmte Stelle. Bei Leistungstests entscheidet die Ausbildungsleiterin oder der Ausbildungsleiter. In der schriftlichen Abschlussprüfung entscheidet das Prüfungsamt, in der mündlichen Abschlussprüfung die oder der Vorsitzende der Prüfungskommission.</P></Content></text></textdaten></norm>
<norm builddate="20171123220505" doknr="BJNR333100017BJNE000600000"><metadaten><jurabk>HBankDVDV</jurabk><enbez>§ 5</enbez><titel format="XML">Bewertung der Leistungen</titel></metadaten><textdaten><text format="XML"><Content><P>(1) Die Leistungen der Referendarinnen und Referendare werden wie folgt bewertet: <BR/><BR/><table colsep="1" frame="all" pgwide="1" rowsep="1" tocentry="%yes;"><tgroup align="left" char="" charoff="50" cols="4"><colspec align="center" colname="col1" colwidth="8*"/><colspec align="center" colname="col2" colwidth="24*"/><colspec align="center" colname="col3" colwidth="21*"/><colspec align="justify" colname="col4" colwidth="111*"/><thead valign="bottom"><row><entry VJ="1" colname="col1"/><entry VJ="1" align="center" colname="col2">Rangpunkte/<BR/> Rangpunktzahl</entry><entry VJ="1" align="center" colname="col3" valign="middle">Note</entry><entry VJ="1" align="center" colname="col4" valign="middle">Notendefinition</entry></row><row><entry VJ="1" colname="col1"/><entry VJ="1" align="center" colname="col2">1</entry><entry VJ="1" align="center" colname="col3">2</entry><entry VJ="1" align="center" colname="col4">3</entry></row></thead><tbody valign="top"><row><entry VJ="1" colname="col1"> 1</entry><entry VJ="1" colname="col2">15</entry><entry VJ="1" colname="col3" morerows="1" valign="middle">sehr gut</entry><entry VJ="1" colname="col4" morerows="1">eine Leistung, die den Anforderungen in besonderem Maß entspricht</entry></row><row><entry VJ="1" colname="col1"> 2</entry><entry VJ="1" colname="col2">14</entry></row><row><entry VJ="1" colname="col1"> 3</entry><entry VJ="1" colname="col2">13</entry><entry VJ="1" colname="col3" morerows="2" valign="middle">gut</entry><entry VJ="1" colname="col4" morerows="2">eine Leistung, die den Anforderungen voll entspricht</entry></row><row><entry VJ="1" colname="col1"> 4</entry><entry VJ="1" colname="col2">12</entry></row><row><entry VJ="1" colname="col1"> 5</entry><entry VJ="1" colname="col2">11</entry></row><row><entry VJ="1" colname="col1"> 6</entry><entry VJ="1" colname="col2">10</entry><entry VJ="1" colname="col3" morerows="2" valign="middle">befriedigend</entry><entry VJ="1" colname="col4" morerows="2">eine Leistung, die im Allgemeinen den Anforderungen entspricht</entry></row><row><entry VJ="1" colname="col1"> 7</entry><entry VJ="1" colname="col2"> 9</entry></row><row><entry VJ="1" colname="col1"> 8</entry><entry VJ="1" colname="col2"> 8</entry></row><row><entry VJ="1" colname="col1"> 9</entry><entry VJ="1" colname="col2"> 7</entry><entry VJ="1" colname="col3" morerows="2" valign="middle">ausreichend</entry><entry VJ="1" colname="col4" morerows="2">eine Leistung, die zwar Mängel aufweist, aber im Ganzen den Anforderungen noch entspricht</entry></row><row><entry VJ="1" colname="col1">10</entry><entry VJ="1" colname="col2"> 6</entry></row><row><entry VJ="1" colname="col1">11</entry><entry VJ="1" colname="col2"> 5</entry></row><row><entry VJ="1" colname="col1">12</entry><entry VJ="1" colname="col2"> 4</entry><entry VJ="1" colname="col3" morerows="2" valign="middle">mangelhaft</entry><entry VJ="1" colname="col4" morerows="2">eine Leistung, die den Anforderungen nicht entspricht, jedoch erkennen lässt, dass die notwendigen Grundkenntnisse vorhanden sind und die Mängel in absehbarer Zeit behoben werden können</entry></row><row><entry VJ="1" colname="col1">13</entry><entry VJ="1" colname="col2"> 3</entry></row><row><entry VJ="1" colname="col1">14</entry><entry VJ="1" colname="col2"> 2</entry></row><row><entry VJ="1" colname="col1">15</entry><entry VJ="1" colname="col2"> 1</entry><entry VJ="1" colname="col3" morerows="1" valign="middle">ungenügend</entry><entry VJ="1" colname="col4" morerows="1">eine Leistung, die den Anforderungen nicht entspricht und bei der selbst die Grundkenntnisse so lückenhaft sind, dass die Mängel in absehbarer Zeit nicht behoben werden können</entry></row><row><entry VJ="1" colname="col1">16</entry><entry VJ="1" colname="col2"> 0</entry></row></tbody></tgroup></table></P><P>(2) Bei der Bewertung sind neben dem fachlichen Inhalt auch die Gliederung, die Klarheit der Darstellung und das Ausdrucksvermögen zu berücksichtigen.</P><P>(3) Soweit in dieser Verordnung nichts anderes bestimmt ist, werden Rangpunktzahlen auf zwei Nachkommastellen ohne Rundung berechnet.</P></Content></text></textdaten></norm>
<norm builddate="20171123220505" doknr="BJNR333100017BJNG000200000"><metadaten><jurabk>HBankDVDV</jurabk><gliederungseinheit><gliederungskennzahl>020</gliederungskennzahl><gliederungsbez>Abschnitt 2</gliederungsbez><gliederungstitel>Auswahlverfahren und Einstellung</gliederungstitel></gliederungseinheit></metadaten><textdaten/></norm>
<norm builddate="20171123220505" doknr="BJNR333100017BJNE000700000"><metadaten><jurabk>HBankDVDV</jurabk><enbez>§ 6</enbez><titel format="XML">Auswahlverfahren und Zulassung zum Auswahlverfahren</titel></metadaten><textdaten><text format="XML"><Content><P>(1) Über die Einstellung in den Vorbereitungsdienst entscheidet die für die Ernennung der Beamtinnen und Beamten der Deutschen Bundesbank zuständige Stelle (§ 31 Absatz 2 des Gesetzes über die Deutsche Bundesbank) auf der Grundlage eines Auswahlverfahrens. In diesem wird festgestellt, ob die Bewerberinnen und Bewerber nach ihren Kenntnissen und Fähigkeiten sowie nach ihrer Persönlichkeit für den Vorbereitungsdienst für die Laufbahn des höheren Bankdienstes geeignet sind. Insbesondere wird festgestellt, ob sie über das Allgemein- und Fachwissen, die Sprachkenntnisse, die kognitiven, methodischen und sozialen Fähigkeiten, die charakterlichen Merkmale und die Leistungsmotivation verfügen, die für die Erfüllung der Aufgaben im höheren Bankdienst erforderlich sind.</P><P>(2) Zum Auswahlverfahren wird zugelassen, wer nach den eingereichten Unterlagen die in der Ausschreibung bestimmten Voraussetzungen erfüllt. Übersteigt die Zahl der geeigneten Bewerberinnen und Bewerber das Dreifache der Zahl der angebotenen Ausbildungsplätze, kann die Zahl der am Auswahlverfahren Teilnehmenden beschränkt werden; jedoch sind mindestens dreimal so viele Bewerberinnen und Bewerber zuzulassen, wie Ausbildungsplätze angeboten werden. In diesem Fall wird zugelassen, wer nach den eingereichten Unterlagen am besten geeignet ist.</P><P>(3) Schwerbehinderte Bewerberinnen und Bewerber und diesen gleichgestellte Bewerberinnen und Bewerber sind zum Auswahlverfahren zuzulassen, es sei denn, sie sind offensichtlich fachlich ungeeignet. Vor dem Ausschluss schwerbehinderter Bewerberinnen oder Bewerber und diesen gleichgestellte Bewerberinnen oder Bewerber ist die Schwerbehindertenvertretung anzuhören.</P></Content></text></textdaten></norm>
<norm builddate="20171123220505" doknr="BJNR333100017BJNE000800000"><metadaten><jurabk>HBankDVDV</jurabk><enbez>§ 7</enbez><titel format="XML">Auswahlkommission</titel></metadaten><textdaten><text format="XML"><Content><P>(1) Für die Durchführung des Auswahlverfahrens werden eine oder bei Bedarf mehrere Auswahlkommissionen gebildet.</P><P>(2) Eine Auswahlkommission besteht in der Regel aus vier Mitgliedern, die die oberste Dienstbehörde oder eine von ihr bestimmte Stelle bestellt. Den Vorsitz führt eine Beamtin oder ein Beamter des höheren Dienstes der Deutschen Bundesbank mit mehrjähriger Erfahrung in der Personalführung. Die weiteren Mitglieder müssen Angehörige des höheren Dienstes der Deutschen Bundesbank sein.</P><P>(3) Die Mitglieder der Auswahlkommission bewerten die im Auswahlverfahren gezeigten Leistungen unabhängig voneinander. Sie sind in dieser Funktion unabhängig und nicht weisungsgebunden.</P><P>(4) Die nach Absatz 2 Satz 1 zuständige Stelle stellt sicher, dass alle Auswahlkommissionen denselben Bewertungsmaßstab anlegen.</P></Content></text></textdaten></norm>
<norm builddate="20171123220505" doknr="BJNR333100017BJNE000900000"><metadaten><jurabk>HBankDVDV</jurabk><enbez>§ 8</enbez><titel format="XML">Teile des Auswahlverfahrens</titel></metadaten><textdaten><text format="XML"><Content><P>Das Auswahlverfahren besteht aus einem schriftlichen und einem mündlichen Teil.</P></Content></text></textdaten></norm>
<norm builddate="20171123220505" doknr="BJNR333100017BJNE001000000"><metadaten><jurabk>HBankDVDV</jurabk><enbez>§ 9</enbez><titel format="XML">Schriftlicher Teil</titel></metadaten><textdaten><text format="XML"><Content><P>Der schriftliche Teil des Auswahlverfahrens besteht aus drei Abschnitten, und zwar aus <DL Type="arabic"><DT>1.</DT><DD Font="normal"><LA>einem Sprachtest zum Prüfen der Fremdsprachenkenntnisse,</LA></DD><DT>2.</DT><DD Font="normal"><LA>einem Aufsatz sowie</LA></DD><DT>3.</DT><DD Font="normal"><LA>einem Test zur Erfassung der kognitiven Leistungsfähigkeit und zur Erfassung von Persönlichkeitsmerkmalen.</LA></DD></DL>Der Test nach Satz 1 Nummer 3 umfasst einen Leistungstest, einen Intelligenztest und einen Persönlichkeitstest.</P></Content></text></textdaten></norm>
<norm builddate="20171123220505" doknr="BJNR333100017BJNE001100000"><metadaten><jurabk>HBankDVDV</jurabk><enbez>§ 10</enbez><titel format="XML">Mündlicher Teil</titel></metadaten><textdaten><text format="XML"><Content><P>(1) Der mündliche Teil des Auswahlverfahrens besteht aus drei Abschnitten, und zwar aus <DL Type="arabic"><DT>1.</DT><DD Font="normal"><LA>einer Gruppenaufgabe,</LA></DD><DT>2.</DT><DD Font="normal"><LA>einem strukturierten Interview mit einer Präsentation sowie</LA></DD><DT>3.</DT><DD Font="normal"><LA>einem Fachkolloquium.</LA></DD></DL></P><P>(2) Die Gruppenaufgabe und das strukturierte Interview dienen dazu, die Eignung der Bewerberinnen und Bewerber für den Vorbereitungsdienst im Kompetenzbereich „soziales Verhalten“ und in weiteren Kompetenzbereichen zu ermitteln. Im Fachkolloquium wird geprüft, ob die Bewerberin oder der Bewerber genügend Fachwissen als Grundlage für die Ausbildung besitzt.</P><P>(3) Für den mündlichen Teil erlässt die oberste Dienstbehörde oder eine von ihr bestimmte Stelle Auswahlrichtlinien. In ihnen werden festgelegt: <DL Type="arabic"><DT>1.</DT><DD Font="normal"><LA>die Kompetenzbereiche,</LA></DD><DT>2.</DT><DD Font="normal"><LA>ihre Zuordnung zu den in Absatz 1 Nummer 1 und 2 genannten Abschnitten und</LA></DD><DT>3.</DT><DD Font="normal"><LA>die Gewichtung der Abschnitte für die Ermittlung der Teilnoten der Kompetenzbereiche (§ 11 Absatz 3).</LA></DD></DL>Die Auswahlrichtlinien werden auf der Internetseite der Deutschen Bundesbank veröffentlicht. Maßgeblich ist die jüngste am Tag der Einladung zum Auswahlverfahren veröffentlichte Fassung.</P></Content></text></textdaten></norm>
<norm builddate="20171123220505" doknr="BJNR333100017BJNE001200000"><metadaten><jurabk>HBankDVDV</jurabk><enbez>§ 11</enbez><titel format="XML">Bewertung der im Auswahlverfahren erbrachten Leistungen</titel></metadaten><textdaten><text format="XML"><Content><P>(1) Für die Einzelbewertungen der im Auswahlverfahren erbrachten Leistungen gelten folgende Noten und Notendefinitionen: <BR/><BR/><table colsep="1" frame="all" pgwide="1" rowsep="1" tocentry="%yes;"><tgroup align="left" char="" charoff="50" cols="3"><colspec align="center" colname="col1" colwidth="9*"/><colspec align="char" colname="col2" colwidth="9*"/><colspec align="justify" colname="col3" colwidth="61*"/><thead valign="bottom"><row><entry VJ="1" colname="col1"/><entry VJ="1" align="center" colname="col2">Note</entry><entry VJ="1" align="center" colname="col3">Notendefinition</entry></row><row><entry VJ="1" colname="col1"/><entry VJ="1" align="center" colname="col2">1</entry><entry VJ="1" align="center" colname="col3">2</entry></row></thead><tbody valign="top"><row><entry VJ="1" colname="col1" valign="middle">1</entry><entry VJ="1" colname="col2" valign="middle">1</entry><entry VJ="1" colname="col3">Die Eignung liegt deutlich über den Anforderungen. Mit hoher Wahrscheinlichkeit ist eine sehr gute Bewährung in der Laufbahn zu erwarten.</entry></row><row><entry VJ="1" colname="col1" valign="middle">2</entry><entry VJ="1" colname="col2" valign="middle">1,5</entry><entry VJ="1" colname="col3">Die Eignung liegt über den Anforderungen. Mit hoher Wahrscheinlichkeit ist mindestens eine gute Bewährung in der Laufbahn zu erwarten.</entry></row><row><entry VJ="1" colname="col1" valign="middle">3</entry><entry VJ="1" colname="col2" valign="middle">2</entry><entry VJ="1" colname="col3">Die Eignung entspricht den Anforderungen in vollem Umfang. Mit hoher Wahrscheinlichkeit ist eine gute Bewährung in der Laufbahn zu erwarten.</entry></row><row><entry VJ="1" colname="col1" valign="middle">4</entry><entry VJ="1" colname="col2" valign="middle">2,5</entry><entry VJ="1" colname="col3">Die Eignung entspricht den Anforderungen überwiegend. Die Prognose für eine gute Bewährung in der Laufbahn ist noch günstig und nur mit geringen Risiken behaftet.</entry></row><row><entry VJ="1" colname="col1" valign="middle">5</entry><entry VJ="1" colname="col2" valign="middle">3</entry><entry VJ="1" colname="col3">Die Eignung entspricht den Anforderungen weitgehend. Die Prognose für eine befriedigende Bewährung in der Laufbahn ist günstig und nur mit geringen Risiken behaftet.</entry></row><row><entry VJ="1" colname="col1" valign="middle">6</entry><entry VJ="1" colname="col2" valign="middle">3,5</entry><entry VJ="1" colname="col3">Die Eignung entspricht den Anforderungen nur teilweise. Es liegen mehrere die Eignung einschränkende Abweichungen von den Anforderungen vor. Eine befriedigende Bewährung in der Laufbahn ist mit Einschränkungen noch zu erwarten, jedoch mit gewissen Risiken verbunden.</entry></row><row><entry VJ="1" colname="col1" valign="middle">7</entry><entry VJ="1" colname="col2" valign="middle">4</entry><entry VJ="1" colname="col3">Die Eignung entspricht den Anforderungen nur wenig. Es liegen viele die Eignung einschränkende Abweichungen von den Anforderungen vor. Eine ausreichende Bewährung in der Laufbahn ist mit deutlichen Einschränkungen noch zu erwarten, jedoch mit hohen Risiken verbunden.</entry></row><row><entry VJ="1" colname="col1" valign="middle">8</entry><entry VJ="1" colname="col2" valign="middle">5</entry><entry VJ="1" colname="col3">Die Eignung entspricht nicht den Anforderungen. Die Abweichungen liegen so deutlich unter den Anforderungen, dass die Wahrscheinlichkeit einer Bewährung in der Laufbahn sehr gering ist.</entry></row></tbody></tgroup></table></P><P>(2) Jeder Abschnitt des schriftlichen Teils wird gesondert bewertet. Die Tests nach § 9 Satz 1 Nummer 1 und 3 dürfen mit Unterstützung durch Informationstechnik ausgewertet werden.</P><P>(3) In der Gruppenaufgabe und dem strukturierten Interview wird für jeden Kompetenzbereich eine Teilnote ermittelt, indem zunächst jedes Mitglied der Auswahlkommission für jeden Abschnitt eine Bewertung des Kompetenzbereichs abgibt, sodann für jeden Abschnitt das arithmetische Mittel aus den Einzelbewertungen berechnet wird und schließlich die arithmetischen Mittel nach den Vorgaben der Auswahlrichtlinien gewichtet werden. Die Teilnote wird kaufmännisch auf die zweite Nachkommastelle gerundet.</P><P>(4) Die Bewertung der Gruppenaufgabe und des strukturierten Interviews ist das arithmetische Mittel der Teilnoten der Kompetenzbereiche. Das Ergebnis wird kaufmännisch auf die zweite Nachkommastelle gerundet.</P><P>(5) Für die Bewertung des Fachkolloquiums wird eine Note nach Absatz 1 festgelegt.</P></Content></text></textdaten></norm>
<norm builddate="20171123220505" doknr="BJNR333100017BJNE001300000"><metadaten><jurabk>HBankDVDV</jurabk><enbez>§ 12</enbez><titel format="XML">Ausschluss von der weiteren Teilnahme am Auswahlverfahren</titel></metadaten><textdaten><text format="XML"><Content><P>Eine Bewerberin oder ein Bewerber wird von der weiteren Teilnahme am Auswahlverfahren ausgeschlossen, wenn <DL Type="arabic"><DT>1.</DT><DD Font="normal"><LA>ein Abschnitt des schriftlichen Teils mit der Note 5 bewertet worden ist,</LA></DD><DT>2.</DT><DD Font="normal"><LA>das Fachkolloquium mit der Note 5 bewertet worden ist oder</LA></DD><DT>3.</DT><DD Font="normal"><LA>im mündlichen Teil der Kompetenzbereich „soziales Verhalten“ oder mindestens zwei andere Kompetenzbereiche mit der Teilnote 4,50 oder schlechter bewertet worden sind.</LA></DD></DL></P></Content></text></textdaten></norm>
<norm builddate="20171123220505" doknr="BJNR333100017BJNE001400000"><metadaten><jurabk>HBankDVDV</jurabk><enbez>§ 13</enbez><titel format="XML">Gesamtergebnis des Auswahlverfahrens</titel></metadaten><textdaten><text format="XML"><Content><P>(1) Für die Ermittlung des Gesamtergebnisses des Auswahlverfahrens werden gewichtet: <DL Type="arabic"><DT>1.</DT><DD Font="normal"><LA>der Aufsatz mit 20 Prozent,</LA></DD><DT>2.</DT><DD Font="normal"><LA>der Test zur Erfassung der kognitiven Leistungsfähigkeit und von Persönlichkeitsmerkmalen mit 15 Prozent,</LA></DD><DT>3.</DT><DD Font="normal"><LA>die Bewertung der Kompetenzbereiche der Gruppenaufgabe und des strukturierten Interviews mit 50 Prozent sowie</LA></DD><DT>4.</DT><DD Font="normal"><LA>das Fachkolloquium mit 15 Prozent.</LA></DD></DL></P><P>(2) Anhand der errechneten Gesamtergebnisse wird für die Bewerberinnen und Bewerber, die alle Abschnitte des Auswahlverfahrens absolviert haben, eine Rangfolge gebildet.</P><P>(3) Wer nicht zum Auswahlverfahren zugelassen wird oder daran erfolglos teilgenommen hat, erhält eine schriftliche Mitteilung über die Ablehnung. Die Bewerbungsunterlagen sind auf Wunsch zurückzusenden, ansonsten zu vernichten. Elektronisch eingereichte Bewerbungsunterlagen sind nach Abschluss des Auswahlverfahrens endgültig zu löschen.</P></Content></text></textdaten></norm>
<norm builddate="20171123220505" doknr="BJNR333100017BJNG000300000"><metadaten><jurabk>HBankDVDV</jurabk><gliederungseinheit><gliederungskennzahl>030</gliederungskennzahl><gliederungsbez>Abschnitt 3</gliederungsbez><gliederungstitel>Ausbildung</gliederungstitel></gliederungseinheit></metadaten><textdaten/></norm>
<norm builddate="20171123220505" doknr="BJNR333100017BJNE001500000"><metadaten><jurabk>HBankDVDV</jurabk><enbez>§ 14</enbez><titel format="XML">Ausbildungsleitung, Ausbildungsbeauftragte, Ausbildende</titel></metadaten><textdaten><text format="XML"><Content><P>(1) Mit Ausbildungsaufgaben darf nur betraut werden, wer über die erforderlichen Kenntnisse und Fähigkeiten verfügt und nach seiner Persönlichkeit geeignet ist.</P><P>(2) Die oberste Dienstbehörde oder eine von ihr bestimmte Stelle bestellt eine Ausbildungsleiterin oder einen Ausbildungsleiter und eine Vertretung. Diese müssen Angehörige des höheren Dienstes sein. Die Ausbildungsleiterin oder der Ausbildungsleiter ist für die konzeptionelle Gestaltung und Organisation der Ausbildung zuständig und stellt eine sorgfältige Ausbildung der Referendarinnen und Referendare sicher.</P><P>(3) Die Ausbildungsleiterin oder der Ausbildungsleiter bestellt Ausbildungsbeauftragte, die die berufspraktische Ausbildung durchführen. Die Ausbildungsbeauftragten müssen Angehörige des höheren Dienstes sein. Sie führen regelmäßig Ausbildungsgespräche mit den Referendarinnen und Referendaren.</P><P>(4) Die Ausbildungsbeauftragten werden von Ausbildenden unterstützt. Die Ausbildenden berichten der oder dem Ausbildungsbeauftragten regelmäßig über den erreichten Ausbildungsstand.</P><P>(5) Den Ausbildungsbeauftragten und Ausbildenden dürfen nicht mehr Referendarinnen und Referendare zugewiesen werden, als sie mit Sorgfalt ausbilden können. Soweit erforderlich, sind die Ausbildungsbeauftragten und Ausbildenden von anderen Dienstgeschäften zu entlasten.</P></Content></text></textdaten></norm>
<norm builddate="20171123220505" doknr="BJNR333100017BJNE001600000"><metadaten><jurabk>HBankDVDV</jurabk><enbez>§ 15</enbez><titel format="XML">Ausbildungsrahmenplan, Lehrpläne, Ausbildungspläne</titel></metadaten><textdaten><text format="XML"><Content><P>(1) Die oberste Dienstbehörde oder eine von ihr bestimmte Stelle erlässt einen Ausbildungsrahmenplan, der die Lerninhalte, die Lernziele sowie die Dauer der Ausbildungslehrgänge und der Phasen der berufspraktischen Ausbildung bestimmt.</P><P>(2) Auf der Grundlage des Ausbildungsrahmenplans erstellt die Ausbildungsleiterin oder der Ausbildungsleiter <DL Type="arabic"><DT>1.</DT><DD Font="normal"><LA>die Lehrpläne für die Ausbildungslehrgänge sowie</LA></DD><DT>2.</DT><DD Font="normal"><LA>für jede Referendarin und jeden Referendar einen Ausbildungsplan, in dem die Ausbildungsstellen und Arbeitsbereiche sowie die Zeiträume der Ausbildungslehrgänge und der Phasen der berufspraktischen Ausbildung enthalten sind, und gibt ihn der Referendarin oder dem Referendar bekannt.</LA></DD></DL></P></Content></text></textdaten></norm>
<norm builddate="20171123220505" doknr="BJNR333100017BJNE001700000"><metadaten><jurabk>HBankDVDV</jurabk><enbez>§ 16</enbez><titel format="XML">Fachtheoretische Ausbildung</titel></metadaten><textdaten><text format="XML"><Content><P>(1) Die fachtheoretische Ausbildung umfasst Ausbildungslehrgänge mit einer Gesamtdauer von mindestens zehn Wochen.</P><P>(2) Die fachtheoretische Ausbildung soll den Referendarinnen und Referendaren das theoretische Wissen vermitteln, das für die Erfüllung der Aufgaben des höheren Bankdienstes erforderlich ist. Die Referendarinnen und Referendare sind zu intensiver Mitarbeit und zum Selbststudium verpflichtet. Daneben sollen sie an inner- und außerbetrieblichen Veranstaltungen teilnehmen, die ihrer Ausbildung förderlich sind und auch der Festigung und Vertiefung ihrer Englischkenntnisse dienen.</P><P>(3) Die fachtheoretische Ausbildung erstreckt sich auf die Fachgebiete Volkswirtschaftslehre und Betriebswirtschaftslehre einschließlich der jeweiligen rechtlichen Aspekte. Sie berücksichtigt insbesondere die Funktionen einer Zentralbank sowie europäische und internationale Zusammenhänge.</P><P>(4) Vor Beginn der schriftlichen Abschlussprüfung sind zwei schriftliche Leistungstests durchzuführen. Die Aufgaben der Leistungstests werden von der Ausbildungsleiterin oder dem Ausbildungsleiter aus den Fachgebieten nach Absatz 3 Satz 1 gestellt. Das Nähere regelt der Ausbildungsrahmenplan.</P><P>(5) Jeder Leistungstest ist mindestens eine Woche vorher anzukündigen. Kann eine Referendarin oder ein Referendar an einem Leistungstest nicht teilnehmen, ist dieser nachzuholen; den Zeitpunkt der Nachholung setzt die Ausbildungsleiterin oder der Ausbildungsleiter fest. Die §§ 24 und 25 gelten mit der Maßgabe entsprechend, dass die dort genannten Entscheidungen die Ausbildungsleiterin oder der Ausbildungsleiter trifft.</P></Content></text></textdaten></norm>
<norm builddate="20171123220505" doknr="BJNR333100017BJNE001800000"><metadaten><jurabk>HBankDVDV</jurabk><enbez>§ 17</enbez><titel format="XML">Berufspraktische Ausbildung</titel></metadaten><textdaten><text format="XML"><Content><P>(1) Während der berufspraktischen Ausbildung werden die Referendarinnen und Referendare mit den wesentlichen Aufgaben des höheren Bankdienstes vertraut gemacht.</P><P>(2) Die berufspraktische Ausbildung umfasst Praxisphasen zur eigenständigen Mitarbeit in der jeweiligen Ausbildungsstelle, Informationsphasen und eine Orientierungsphase. Das Nähere regelt der Ausbildungsrahmenplan.</P><P>(3) Teile der berufspraktischen Ausbildung können außerhalb der Deutschen Bundesbank durchgeführt werden, sofern dies den Ausbildungszielen dient.</P><P>(4) Am Ende jeder Praxisphase erstellt die oder der Ausbildungsbeauftragte unter Beteiligung der Ausbildenden für jede Referendarin und jeden Referendar eine dienstliche Bewertung, die die wesentlichen Leistungs-, Eignungs- und Befähigungsmerkmale enthält und in der der Ausbildungserfolg mit Rangpunkten und der entsprechenden Note bewertet wird.</P><P>(5) Die dienstliche Bewertung ist der Referendarin oder dem Referendar bekannt zu geben und mit ihr oder ihm zu besprechen.</P></Content></text></textdaten></norm>
<norm builddate="20171123220505" doknr="BJNR333100017BJNE001900000"><metadaten><jurabk>HBankDVDV</jurabk><enbez>§ 18</enbez><titel format="XML">Zusammenfassendes Zeugnis, Ausbildungsrangpunktzahl</titel></metadaten><textdaten><text format="XML"><Content><P>Über den Erfolg der Ausbildung erstellt die Ausbildungsleiterin oder der Ausbildungsleiter ein zusammenfassendes Zeugnis, in dem die Rangpunkte und Noten der Leistungstests und der dienstlichen Bewertungen sowie die sich daraus ergebende Durchschnittsrangpunktzahl (Ausbildungsrangpunktzahl) aufzuführen sind. Die Referendarin oder der Referendar erhält spätestens zwei Wochen vor Beginn der schriftlichen Abschlussprüfung eine Ausfertigung des zusammenfassenden Zeugnisses.</P></Content></text></textdaten></norm>
<norm builddate="20171123220505" doknr="BJNR333100017BJNG000400000"><metadaten><jurabk>HBankDVDV</jurabk><gliederungseinheit><gliederungskennzahl>040</gliederungskennzahl><gliederungsbez>Abschnitt 4</gliederungsbez><gliederungstitel>Laufbahnprüfung</gliederungstitel></gliederungseinheit></metadaten><textdaten/></norm>
<norm builddate="20171123220505" doknr="BJNR333100017BJNE002000000"><metadaten><jurabk>HBankDVDV</jurabk><enbez>§ 19</enbez><titel format="XML">Bestandteile</titel></metadaten><textdaten><text format="XML"><Content><P>Die Laufbahnprüfung besteht aus einer schriftlichen und einer mündlichen Abschlussprüfung.</P></Content></text></textdaten></norm>
<norm builddate="20171123220505" doknr="BJNR333100017BJNE002100000"><metadaten><jurabk>HBankDVDV</jurabk><enbez>§ 20</enbez><titel format="XML">Prüfungsamt</titel></metadaten><textdaten><text format="XML"><Content><P>(1) Für die Organisation und Durchführung der Laufbahnprüfung richtet die Deutsche Bundesbank ein Prüfungsamt für den höheren Bankdienst ein. Das Prüfungsamt hat <DL Type="arabic"><DT>1.</DT><DD Font="normal"><LA>für jeden Prüfungstermin eine oder bei Bedarf mehrere Prüfungskommissionen einzurichten und deren Mitglieder zu bestellen,</LA></DD><DT>2.</DT><DD Font="normal"><LA>zur Protokollführerin oder zum Protokollführer für eine mündliche Abschlussprüfung entweder die Geschäftsführerin oder den Geschäftsführer des Prüfungsamts oder eine andere dem höheren Dienst angehörende Person zu bestimmen,</LA></DD><DT>3.</DT><DD Font="normal"><LA>die zulässigen Hilfsmittel für die Abschlussprüfungen festzulegen,</LA></DD><DT>4.</DT><DD Font="normal"><LA>sicherzustellen, dass bei allen Referendarinnen und Referendaren derselbe Bewertungsmaßstab angelegt wird, und</LA></DD><DT>5.</DT><DD Font="normal"><LA>die Entscheidungen der Prüfungskommission zu vollziehen.</LA></DD></DL>Das Prüfungsamt kann <DL Type="arabic"><DT>1.</DT><DD Font="normal"><LA>Referendarinnen und Referendare als Zuhörerinnen und Zuhörer bei der mündlichen Abschlussprüfung zulassen, es sei denn, dass eine zu prüfende Referendarin oder ein zu prüfender Referendar dem widerspricht,</LA></DD><DT>2.</DT><DD Font="normal"><LA>zulassen, dass weitere Personen, die auf eine Tätigkeit als Mitglied des Prüfungsamts oder der Prüfungskommission vorbereitet werden sollen, bei der mündlichen Abschlussprüfung anwesend sind.</LA></DD></DL></P><P>(2) Das Prüfungsamt besteht aus der oder dem Vorsitzenden und drei weiteren Mitgliedern. Für jedes Mitglied ist eine Vertretung zu bestellen. Alle Mitglieder müssen Angehörige des höheren Dienstes sein. Sie werden von der obersten Dienstbehörde oder einer von ihr bestimmten Stelle auf vier Jahre bestellt. Wiederbestellung ist zulässig. Die Bestellung endet mit dem Ausscheiden aus dem Hauptamt.</P><P>(3) Die Mitglieder des Prüfungsamts sind in dieser Funktion unabhängig und nicht weisungsgebunden.</P><P>(4) Das Prüfungsamt gibt sich eine Geschäftsordnung.</P><P>(5) Die oder der Vorsitzende des Prüfungsamts bestimmt die Prüfungsorte und Prüfungszeitpunkte. Sie werden den Referendarinnen und Referendaren vom Prüfungsamt rechtzeitig mitgeteilt.</P><P>(6) Die oberste Dienstbehörde oder eine von ihr bestimmte Stelle bestellt auf Vorschlag des Prüfungsamts eine Angehörige oder einen Angehörigen des höheren Dienstes zur Geschäftsführerin oder zum Geschäftsführer des Prüfungsamts und eine Vertretung. Die Bestellung endet mit dem Ausscheiden aus dem Hauptamt.</P></Content></text></textdaten></norm>
<norm builddate="20171123220505" doknr="BJNR333100017BJNE002200000"><metadaten><jurabk>HBankDVDV</jurabk><enbez>§ 21</enbez><titel format="XML">Prüfungskommission</titel></metadaten><textdaten><text format="XML"><Content><P>(1) Eine Prüfungskommission besteht aus der oder dem Vorsitzenden sowie zwei weiteren Mitgliedern als Prüfenden. Für jedes Mitglied ist eine Vertretung zu bestellen. Zu Vorsitzenden sollen Mitglieder oder Vertretungen von Mitgliedern des Prüfungsamts bestellt werden. Alle Mitglieder der Prüfungskommission müssen Angehörige des höheren Dienstes sein. Sie werden vom Prüfungsamt auf vier Jahre bestellt. Wiederbestellung ist zulässig. Die Bestellung endet mit dem Ausscheiden aus dem Hauptamt.</P><P>(2) Die Mitglieder der Prüfungskommission sind in dieser Funktion unabhängig und nicht weisungsgebunden.</P></Content></text></textdaten></norm>
<norm builddate="20171123220505" doknr="BJNR333100017BJNE002300000"><metadaten><jurabk>HBankDVDV</jurabk><enbez>§ 22</enbez><titel format="XML">Schriftliche Abschlussprüfung</titel></metadaten><textdaten><text format="XML"><Content><P>(1) Zur schriftlichen Abschlussprüfung ist zugelassen, wer eine Ausbildungsrangpunktzahl von mindestens 5 erreicht hat. Bei Nichterreichen der erforderlichen Rangpunktzahl kann der Vorbereitungsdienst auf Antrag der Referendarin oder des Referendars verlängert werden; § 29 Absatz 2 und 3 gilt entsprechend.</P><P>(2) Die schriftliche Abschlussprüfung besteht aus drei fünfstündigen Klausuren. Die Aufgaben werden von der oder dem Vorsitzenden des Prüfungsamts zu Themen aus den Fachgebieten nach § 16 Absatz 3 gestellt. Bei zwei Klausuren können die Referendarinnen und Referendare jeweils zwischen zwei Aufgaben wählen. Für die dritte Klausur werden den Referendarinnen und Referendaren Materialien bereitgestellt; diese können in englischer Sprache abgefasst sein.</P><P>(3) Jede Klausur ist von zwei Prüfenden unabhängig voneinander zu bewerten. Weichen die Bewertungen um nicht mehr als drei Rangpunkte voneinander ab, wird das arithmetische Mittel gebildet. Weichen die Bewertungen um mehr als drei Rangpunkte voneinander ab, setzt die oder der Vorsitzende der Prüfungskommission die Rangpunkte fest. Die festgesetzten Rangpunkte müssen innerhalb der Spanne liegen, die sich aus den von den beiden Prüfenden abgegebenen Bewertungen ergibt; hiervon darf nur abgewichen werden, wenn eine oder einer der beiden Prüfenden zustimmt.</P><P>(4) Hat eine Referendarin oder ein Referendar die Klausur nicht oder nicht rechtzeitig abgegeben, gilt diese als mit null Rangpunkten bewertet.</P></Content></text><fussnoten><Content><P>(+++ § 22 Abs. 3 Satz 4: zur Anwendung vgl. § 23 Abs. 9 +++)</P></Content></fussnoten></textdaten></norm>
<norm builddate="20171123220505" doknr="BJNR333100017BJNE002400000"><metadaten><jurabk>HBankDVDV</jurabk><enbez>§ 23</enbez><titel format="XML">Mündliche Abschlussprüfung</titel></metadaten><textdaten><text format="XML"><Content><P>(1) Zur mündlichen Abschlussprüfung ist zugelassen, wer <DL Type="arabic"><DT>1.</DT><DD Font="normal"><LA>in den drei Klausuren der schriftlichen Abschlussprüfung im Durchschnitt mindestens fünf Rangpunkte erreicht hat und</LA></DD><DT>2.</DT><DD Font="normal"><LA>in keiner Klausur weniger als zwei Rangpunkte erreicht hat.</LA></DD></DL></P><P>(2) Über die Zulassung oder Nichtzulassung ist die Referendarin oder der Referendar spätestens eine Woche vor der mündlichen Abschlussprüfung zu informieren.</P><P>(3) Die mündliche Abschlussprüfung besteht aus <DL Type="arabic"><DT>1.</DT><DD Font="normal"><LA>je einem Prüfungsgespräch in den beiden Fachgebieten nach § 16 Absatz 3 und</LA></DD><DT>2.</DT><DD Font="normal"><LA>einem Referat mit anschließender Diskussion.</LA></DD></DL>Für das Referat werden den Referendarinnen und Referendaren Materialien bereitgestellt; diese können in englischer Sprache abgefasst sein.</P><P>(4) Die oder der Vorsitzende der Prüfungskommission leitet die mündliche Abschlussprüfung.</P><P>(5) Die Prüfungsgespräche sollen als Gruppenprüfung durchgeführt werden. Eine Prüfungsgruppe soll aus höchstens drei Referendarinnen oder Referendaren bestehen. Die Dauer der Prüfungsgespräche soll für jede Referendarin oder jeden Referendar in jedem Prüfungsgebiet etwa 30 Minuten betragen.</P><P>(6) Das Referat und die anschließende Diskussion dauern jeweils etwa 15 Minuten. Die Referendarinnen und Referendare erhalten eine Vorbereitungszeit von einer Stunde. Die Aufgabe wird von der oder dem Vorsitzenden des Prüfungsamts zu einem Thema aus den beiden Fachgebieten nach § 16 Absatz 3 Satz 1 gestellt.</P><P>(7) Die mündliche Abschlussprüfung ist nicht öffentlich.</P><P>(8) Über die mündliche Abschlussprüfung ist ein Protokoll anzufertigen. Aus dem Protokoll sollen die wesentlichen Umstände der mündlichen Abschlussprüfung und die Bewertung hervorgehen. Aus dem Protokoll muss hervorgehen, dass es von allen Mitgliedern der Prüfungskommission gebilligt worden ist.</P><P>(9) Bei der Beratung über die Bewertung der Prüfungsleistungen dürfen nur die Mitglieder der Prüfungskommission und des Prüfungsamts, die Geschäftsführerin oder der Geschäftsführer des Prüfungsamts, die Protokollführerin oder der Protokollführer und weitere vom Prüfungsamt nach § 20 Absatz 1 Satz 3 Nummer 2 zugelassene Personen anwesend sein. Die oder der Vorsitzende der Prüfungskommission setzt auf Vorschlag der beiden Mitprüfenden für jeden Teil der mündlichen Abschlussprüfung die Rangpunkte und die Note fest. Für die Festsetzung der Rangpunkte gilt § 22 Absatz 3 Satz 4 entsprechend.</P></Content></text></textdaten></norm>
<norm builddate="20171123220505" doknr="BJNR333100017BJNE002500000"><metadaten><jurabk>HBankDVDV</jurabk><enbez>§ 24</enbez><titel format="XML">Fernbleiben, Rücktritt</titel></metadaten><textdaten><text format="XML"><Content><P>(1) Bei Fernbleiben oder Rücktritt von einem Teil der Abschlussprüfung ohne Genehmigung des Prüfungsamts gilt die Laufbahnprüfung als nicht bestanden.</P><P>(2) Wird das Fernbleiben oder der Rücktritt genehmigt, gilt der Teil der Abschlussprüfung als nicht begonnen. Die Genehmigung darf nur erteilt werden, wenn wichtige Gründe vorliegen. Bei Erkrankung soll die Genehmigung nur erteilt werden, wenn unverzüglich ein ärztliches Attest vorgelegt wird. Auf Verlangen des Prüfungsamts ist ein amtsärztliches Attest oder das Attest einer Ärztin oder eines Arztes, die oder der von der obersten Dienstbehörde oder einer von ihr bestimmten Stelle beauftragt worden ist, vorzulegen.</P><P>(3) Das Prüfungsamt entscheidet, ob der versäumte Teil der Abschlussprüfung nachgeholt werden kann oder ob die schriftliche Abschlussprüfung oder die mündliche Abschlussprüfung insgesamt nachzuholen ist. Den Zeitpunkt der Nachholung setzt das Prüfungsamt fest.</P></Content></text><fussnoten><Content><P>(+++ § 24: zur Anwendung vgl. § 16 Abs. 5 +++)</P></Content></fussnoten></textdaten></norm>
<norm builddate="20171123220505" doknr="BJNR333100017BJNE002600000"><metadaten><jurabk>HBankDVDV</jurabk><enbez>§ 25</enbez><titel format="XML">Täuschung, Ordnungsverstoß</titel></metadaten><textdaten><text format="XML"><Content><P>(1) Referendarinnen oder Referendaren, die bei einem Teil der Abschlussprüfung täuschen, eine Täuschung versuchen oder daran mitwirken oder sonst gegen die Ordnung verstoßen, soll die Fortsetzung der Abschlussprüfung unter dem Vorbehalt einer abweichenden Entscheidung des Prüfungsamts gestattet werden. Bei einem erheblichen Verstoß können sie von der weiteren Teilnahme an dem betreffenden Teil der Abschlussprüfung ausgeschlossen werden.</P><P>(2) Über das Vorliegen und die Folgen einer Täuschung, eines Täuschungsversuchs, eines Mitwirkens daran oder eines sonstigen Ordnungsverstoßes entscheidet das Prüfungsamt. Die Entscheidung während der mündlichen Abschlussprüfung trifft die Prüfungskommission. Sie entscheidet mit Stimmenmehrheit; eine Stimmenthaltung ist nicht zulässig. Das Prüfungsamt kann je nach Schwere des Verstoßes die Wiederholung einzelner oder mehrerer Teile der Abschlussprüfung anordnen oder die Abschlussprüfung für nicht bestanden erklären.</P><P>(3) Wird eine Täuschung erst nach der Abschlussprüfung bekannt oder kann sie erst dann nachgewiesen werden, kann das Prüfungsamt nachträglich die Abschlussprüfung innerhalb von fünf Jahren nach dem Tag der mündlichen Abschlussprüfung für nicht bestanden erklären.</P><P>(4) Die Betroffenen sind vor Entscheidungen nach den Absätzen 2 und 3 anzuhören.</P></Content></text><fussnoten><Content><P>(+++ § 25: zur Anwendung vgl. § 16 Abs. 5 +++)</P></Content></fussnoten></textdaten></norm>
<norm builddate="20171123220505" doknr="BJNR333100017BJNE002700000"><metadaten><jurabk>HBankDVDV</jurabk><enbez>§ 26</enbez><titel format="XML">Bestehen der Laufbahnprüfung</titel></metadaten><textdaten><text format="XML"><Content><P>(1) Die Laufbahnprüfung ist bestanden, wenn <DL Type="arabic"><DT>1.</DT><DD Font="normal"><LA>die Rangpunktzahl der Laufbahnprüfung mindestens 5,00 beträgt,</LA></DD><DT>2.</DT><DD Font="normal"><LA>keine der in der schriftlichen und mündlichen Abschlussprüfung erbrachten Leistungen mit weniger als zwei Rangpunkten bewertet worden ist und</LA></DD><DT>3.</DT><DD Font="normal"><LA>insgesamt nicht mehr als zwei der in der schriftlichen und mündlichen Abschlussprüfung erbrachten Leistungen mit weniger als fünf Rangpunkten bewertet worden sind.</LA></DD></DL></P><P>(2) Im Anschluss an die mündliche Abschlussprüfung ermittelt die oder der Vorsitzende der Prüfungskommission die Rangpunktzahl der Laufbahnprüfung und setzt die Abschlussnote fest. Die Rangpunktzahl der Laufbahnprüfung ist das arithmetische Mittel aus <DL Type="arabic"><DT>1.</DT><DD Font="normal"><LA>der Ausbildungsrangpunktzahl,</LA></DD><DT>2.</DT><DD Font="normal"><LA>der Durchschnittsrangpunktzahl der schriftlichen Abschlussprüfung und</LA></DD><DT>3.</DT><DD Font="normal"><LA>der Durchschnittsrangpunktzahl der mündlichen Abschlussprüfung.</LA></DD></DL></P><P>(3) Ist die Laufbahnprüfung bestanden, wird die Rangpunktzahl der Laufbahnprüfung für die Ermittlung der Abschlussnote kaufmännisch auf eine ganze Zahl gerundet.</P><P>(4) Die oder der Vorsitzende der Prüfungskommission teilt den Referendarinnen und Referendaren die Rangpunktzahl der Laufbahnprüfung und die Ergebnisse der Einzelleistungen mit und erläutert die Bewertungen auf Wunsch kurz mündlich.</P></Content></text></textdaten></norm>
<norm builddate="20171123220505" doknr="BJNR333100017BJNE002800000"><metadaten><jurabk>HBankDVDV</jurabk><enbez>§ 27</enbez><titel format="XML">Abschlusszeugnis</titel></metadaten><textdaten><text format="XML"><Content><P>(1) Wer die Laufbahnprüfung bestanden hat, erhält vom Prüfungsamt ein Abschlusszeugnis, das die in der schriftlichen und mündlichen Abschlussprüfung erreichten Rangpunktzahlen sowie die Rangpunktzahl der Laufbahnprüfung und die Abschlussnote enthält.</P><P>(2) Wer die Laufbahnprüfung nicht bestanden hat, erhält vom Prüfungsamt einen Bescheid über die nicht bestandene Laufbahnprüfung.</P></Content></text></textdaten></norm>
<norm builddate="20171123220505" doknr="BJNR333100017BJNE002900000"><metadaten><jurabk>HBankDVDV</jurabk><enbez>§ 28</enbez><titel format="XML">Prüfungsakte, Einsichtnahme</titel></metadaten><textdaten><text format="XML"><Content><P>(1) Die Klausuren der schriftlichen Abschlussprüfung und das Protokoll der mündlichen Abschlussprüfung sowie eine Ausfertigung des Abschlusszeugnisses oder des Bescheids über die nicht bestandene Laufbahnprüfung werden zur Prüfungsakte genommen. Die Prüfungsakte kann automatisiert geführt werden. Die Prüfungsakte wird beim Prüfungsamt nach Beendigung des Vorbereitungsdienstes mindestens fünf und höchstens zehn Jahre aufbewahrt.</P><P>(2) Nach Zustellung des Abschlusszeugnisses oder des Bescheids über die nicht bestandene Laufbahnprüfung können die Betroffenen auf Antrag Einsicht in ihre Prüfungsakte nehmen. Die Einsichtnahme ist in der Akte zu vermerken.</P></Content></text></textdaten></norm>
<norm builddate="20171123220505" doknr="BJNR333100017BJNE003000000"><metadaten><jurabk>HBankDVDV</jurabk><enbez>§ 29</enbez><titel format="XML">Wiederholung der Laufbahnprüfung</titel></metadaten><textdaten><text format="XML"><Content><P>(1) Das Prüfungsamt bestimmt nach Anhörung der oder des Vorsitzenden der Prüfungskommission, innerhalb welcher Frist die Wiederholung der Laufbahnprüfung stattfindet. Die Frist soll mindestens drei und höchstens zwölf Monate betragen.</P><P>(2) Die Ausbildungsleiterin oder der Ausbildungsleiter stellt für die Ausbildung während der Wiederholungsfrist einen ergänzenden Ausbildungsplan auf. In dem Plan sind die abzuleistenden Ausbildungslehrgänge und Phasen der berufspraktischen Ausbildung sowie der zu erbringende Leistungstest enthalten. Neben dem Leistungstest sind noch mindestens zwei weitere dienstliche Bewertungen vorzusehen.</P><P>(3) Spätestens zwei Wochen vor der Wiederholung erstellt die Ausbildungsleiterin oder der Ausbildungsleiter ein neues zusammenfassendes Zeugnis nach § 18, das die in der Wiederholungsfrist erbrachten Leistungen einschließt.</P></Content></text><fussnoten><Content><P>(+++ § 29 Abs. 2 u. 3: zur Anwendung vgl. § 22 Abs. 1 +++)</P></Content></fussnoten></textdaten></norm>
</dokumente>