<?xml version="1.0" encoding="UTF-8" ?><!DOCTYPE dokumente SYSTEM "http://www.gesetze-im-internet.de/dtd/1.01/gii-norm.dtd">
<dokumente builddate="20250404223502" doknr="BJNR067100002"><norm builddate="20250404223502" doknr="BJNR067100002"><metadaten><jurabk>ZustVV</jurabk><amtabk>ZustVV</amtabk><ausfertigung-datum manuell="ja">2002-02-12</ausfertigung-datum><fundstelle typ="amtlich"><periodikum>BGBl I</periodikum><zitstelle>2002, 671 (1019)</zitstelle></fundstelle><kurzue>Zustellungsvordruckverordnung</kurzue><langue>Verordnung zur Einführung von Vordrucken für die Zustellung im
gerichtlichen Verfahren</langue><standangabe checked="ja"><standtyp>Stand</standtyp><standkommentar>Zuletzt geändert durch Art. 1 V v. 31.3.2025 I Nr. 103</standkommentar></standangabe></metadaten><textdaten><fussnoten><Content><P><BR/> <pre xml:space="preserve">(+++ Textnachweis ab: 1.7.2002 +++)<BR/><BR/></pre></P></Content></fussnoten></textdaten></norm>
<norm builddate="20250404223502" doknr="BJNR067100002BJNE000000000"><metadaten><jurabk>ZustVV</jurabk><enbez>Eingangsformel</enbez></metadaten><textdaten><text format="XML"><Content><P>Auf Grund des § 24a des Gesetzes betreffend die Einführung der Zivilprozessordnung, der durch Artikel 5 Abs. 2a Nr. 1 des Gesetzes vom 26. November 2001 (BGBl. I S. 3138) eingefügt worden ist, verordnet das Bundesministerium der Justiz:</P></Content></text></textdaten></norm>
<norm builddate="20250404223502" doknr="BJNR067100002BJNE000101125"><metadaten><jurabk>ZustVV</jurabk><enbez>§ 1</enbez><titel format="XML">Vordrucke</titel></metadaten><textdaten><text format="XML"><Content><P>Für die Zustellung im gerichtlichen Verfahren werden eingeführt: <DL Font="normal" Type="arabic"><DT>1.</DT><DD Font="normal"><LA Size="normal">der in Anlage 1 bestimmte Vordruck für die Zustellung von Schriftstücken mit Zustellungsurkunde nach § 182 Abs. 1 und 2 der Zivilprozessordnung (Zustellungsurkunde),</LA></DD><DT>2.</DT><DD Font="normal"><LA Size="normal">der in Anlage 2 bestimmte Vordruck für den Briefumschlag nach § 176 Absatz 2 der Zivilprozessordnung (innerer Umschlag),</LA></DD><DT>3.</DT><DD Font="normal"><LA Size="normal">der in Anlage 3 bestimmte Vordruck für den Postzustellungsauftrag nach § 168 Abs. 1 der Zivilprozessordnung (äußerer Umschlag/Auftrag),</LA></DD><DT>4.</DT><DD Font="normal"><LA Size="normal">der in Anlage 4 bestimmte Vordruck für die schriftliche Mitteilung über die Zustellung durch Niederlegung nach § 181 Abs. 1 Satz 2 der Zivilprozessordnung (Benachrichtigung).</LA></DD></DL></P></Content></text><fussnoten/></textdaten></norm>
<norm builddate="20250404223502" doknr="BJNR067100002BJNE000200000"><metadaten><jurabk>ZustVV</jurabk><enbez>§ 2</enbez><titel format="parat">Zulässige Abweichungen</titel></metadaten><textdaten><text format="XML"><Content><P>(1) Für den Vordruck nach § 1 Nr. 1 (Zustellungsurkunde) kann abweichend von dem in Anlage 1 bestimmten Muster einfarbiges gelbes Papier verwendet werden. In diesem Fall sind die im Muster in weißer Farbe hervorgehobenen Ankreuz- und Ausfüllfelder durch Umrandung oder in anderer Weise kenntlich zu machen.</P><P>(2) Für die Vordrucke nach § 1 Nr. 2 (innerer Umschlag) und Nr. 3 (äußerer Umschlag/Auftrag) dürfen Umschläge mit Sichtfenster verwendet werden. In diesen Fällen bedarf es der Angabe des Aktenzeichens und der Vorausverfügungen auf dem inneren Umschlag nicht.</P><P>(3) Im Übrigen sind folgende Abweichungen von den in den Anlagen 1 bis 4 bestimmten Vordrucken zulässig: <DL Font="normal" Type="arabic"><DT>1.</DT><DD Font="normal"><LA Size="normal">Berichtigungen, die auf einer Änderung von Rechtsvorschriften beruhen;</LA></DD> <DT>2.</DT><DD Font="normal"><LA Size="normal">Anpassungen, Änderungen oder Ergänzungen, die es, ohne den Inhalt der Vordrucke zu verändern oder das Verständnis der Vordrucke zu erschweren, den Gerichten ermöglichen, die Verfahren maschinell zu bearbeiten und für die Bearbeitung technische Entwicklungen nutzbar zu machen oder vorhandene technische Einrichtungen weiter zu nutzen;</LA></DD> <DT>3.</DT><DD Font="normal"><LA Size="normal">Anpassungen, Änderungen oder Ergänzungen, die es, ohne den Inhalt der Vordrucke zu verändern oder das Verständnis der Vordrucke zu erschweren, ermöglichen, technische Einrichtungen der üblichen Briefbeförderung für das Zustellungsverfahren zu nutzen.</LA></DD> </DL></P></Content>  </text></textdaten></norm>
<norm builddate="20250404223502" doknr="BJNR067100002BJNE000301301"><metadaten><jurabk>ZustVV</jurabk><enbez>§ 3</enbez><titel format="parat">Überleitungsvorschrift</titel></metadaten><textdaten><text format="XML"><Content><P>Der Vordruck nach Anlage 1 zu § 1 Nr. 1 in der bis zum 30. April 2004 geltenden Fassung kann bis zum 31. Dezember 2004 weiterverwendet werden.</P></Content></text><fussnoten/></textdaten></norm>
<norm builddate="20250404223502" doknr="BJNR067100002BJNE000400000"><metadaten><jurabk>ZustVV</jurabk><enbez>§ 4</enbez><titel format="parat">Inkrafttreten</titel></metadaten><textdaten><text format="XML"><Content><P>Diese Verordnung tritt am 1. Juli 2002 in Kraft.</P></Content></text></textdaten></norm>
<norm builddate="20250404223502" doknr="BJNR067100002BJNE000500000"><metadaten><jurabk>ZustVV</jurabk><enbez>Schlussformel</enbez></metadaten><textdaten><text format="XML"><Content><P>Der Bundesrat hat zugestimmt.</P></Content></text></textdaten></norm>
<norm builddate="20250404223502" doknr="BJNR067100002BJNE000601301"><metadaten><jurabk>ZustVV</jurabk><enbez>Anlage 1</enbez><titel format="XML">(zu § 1 Nr. 1)
<BR/>
Zustellungsurkunde</titel></metadaten><textdaten><text format="XML"><Content><P><noindex><kommentar typ="Fundstelle">(Fundstelle: BGBl. I 2004, 620 u. 621)</kommentar></noindex></P><BR/><BR/><P><FILE PREVIEW="bgbl1_2004_j0619_0010.jpg" SRC="bgbl1_2004_j0619_0010.pdf" Type="pdf" title="PDF-Dokument wird in eigenem Fenster angezeigt"/></P></Content></text><fussnoten/></textdaten></norm>
<norm builddate="20250404223502" doknr="BJNR067100002BJNE000700000"><metadaten><jurabk>ZustVV</jurabk><enbez>Anlage 2</enbez><titel format="XML">(zu § 1 Nr. 2)
<BR/>
Innerer Umschlag</titel></metadaten><textdaten><text format="XML"><Content><P><noindex><kommentar typ="Fundstelle">(Fundstelle: BGBl. I 2002, 674)</kommentar></noindex></P><BR/><BR/><P><FILE PREVIEW="bgbl1_2002_j0671_0020.jpg" SRC="bgbl1_2002_j0671_0020.pdf" Type="pdf" title="PDF-Dokument wird in eigenem Fenster angezeigt"/></P></Content></text></textdaten></norm>
<norm builddate="20250404223502" doknr="BJNR067100002BJNE000800000"><metadaten><jurabk>ZustVV</jurabk><enbez>Anlage 3</enbez><titel format="XML">(zu § 1 Nr. 3)
<BR/>
Äußerer Umschlag/Auftrag</titel></metadaten><textdaten><text format="XML"><Content><P><noindex><kommentar typ="Fundstelle">(Fundstelle: BGBl. I 2002, 675)</kommentar></noindex></P><BR/><BR/><P><FILE PREVIEW="bgbl1_2002_j0671_0030.jpg" SRC="bgbl1_2002_j0671_0030.pdf" Type="pdf" title="PDF-Dokument wird in eigenem Fenster angezeigt"/></P></Content></text></textdaten></norm>
<norm builddate="20250404223502" doknr="BJNR067100002BJNE000900000"><metadaten><jurabk>ZustVV</jurabk><enbez>Anlage 4</enbez><titel format="XML">(zu § 1 Nr. 4)
<BR/>
Benachrichtigung</titel></metadaten><textdaten><text format="XML"><Content><P><noindex><kommentar typ="Fundstelle">(Fundstelle: BGBl. I 2002, 676)</kommentar></noindex></P><BR/><BR/><P><FILE PREVIEW="bgbl1_2002_j0671_0040.jpg" SRC="bgbl1_2002_j0671_0040.pdf" Type="pdf" title="PDF-Dokument wird in eigenem Fenster angezeigt"/></P></Content></text></textdaten></norm>
</dokumente>