<?xml version="1.0" encoding="UTF-8" ?><!DOCTYPE dokumente SYSTEM "http://www.gesetze-im-internet.de/dtd/1.01/gii-norm.dtd">
<dokumente builddate="20230724213513" doknr="BJNR212000007"><norm builddate="20230724213513" doknr="BJNR212000007"><metadaten><jurabk>PostSZV</jurabk><amtabk>PostSZV</amtabk><ausfertigung-datum manuell="ja">2007-08-15</ausfertigung-datum><fundstelle typ="amtlich"><periodikum>BGBl I</periodikum><zitstelle>2007, 2120</zitstelle></fundstelle><kurzue>Postsonderzahlungsverordnung</kurzue><langue>Verordnung über die Gewährung einer monatlichen Sonderzahlung an die bei der Deutschen Post AG beschäftigten Beamtinnen und Beamten</langue><standangabe checked="ja"><standtyp>Stand</standtyp><standkommentar>Zuletzt geändert durch Art. 1 V v. 17.7.2023 I Nr. 195</standkommentar></standangabe></metadaten><textdaten><fussnoten><Content><P><BR/> <pre xml:space="preserve">(+++ Textnachweis ab: 1.1.2005 +++)<BR/><BR/></pre></P></Content></fussnoten></textdaten></norm>
<norm builddate="20230724213513" doknr="BJNR212000007BJNE000100000"><metadaten><jurabk>PostSZV</jurabk><enbez>Eingangsformel</enbez></metadaten><textdaten><text format="XML"><Content><P>Auf Grund des § 10 Abs. 2 des Postpersonalrechtsgesetzes vom 14. September 1994 (BGBl. I S. 2325, 2353), der zuletzt durch Artikel 2 Nr. 4 des Gesetzes vom 14. September 2005 (BGBl. I S. 2746) geändert worden ist, verordnet das Bundesministerium der Finanzen nach Anhörung des Vorstands der Deutschen Post AG im Einvernehmen mit dem Bundesministerium des Innern:</P></Content></text></textdaten></norm>
<norm builddate="20230724213513" doknr="BJNR212000007BJNE000305119"><metadaten><jurabk>PostSZV</jurabk><enbez>§ 1</enbez><titel format="XML">Monatliche Sonderzahlung</titel></metadaten><textdaten><text format="XML"><Content><P>Die bei der Deutschen Post AG beschäftigten Beamtinnen und Beamten mit Dienstbezügen erhalten bis einschließlich Dezember 2024 eine monatliche Sonderzahlung in Höhe von 4 Prozent der Dienstbezüge nach § 78 Absatz 1 des Bundesbesoldungsgesetzes. Beamtinnen und Beamte der Besoldungsgruppe A 2 bis A 8 erhalten zusätzlich eine monatliche Sonderzahlung in Höhe von 10,42 Euro. § 6 Absatz 1 und § 72a Absatz 1 des Bundesbesoldungsgesetzes gelten entsprechend.</P></Content></text><fussnoten/></textdaten></norm>
<norm builddate="20230724213513" doknr="BJNR212000007BJNE000403124"><metadaten><jurabk>PostSZV</jurabk><enbez>§ 2</enbez><titel format="XML">(weggefallen)</titel></metadaten><textdaten><text format="XML"><Content><P/></Content></text><fussnoten/></textdaten></norm>
</dokumente>