<?xml version="1.0" encoding="UTF-8" ?><!DOCTYPE dokumente SYSTEM "http://www.gesetze-im-internet.de/dtd/1.01/gii-norm.dtd">
<dokumente builddate="20231128213526" doknr="BJNR022100009"><norm builddate="20231128213526" doknr="BJNR022100009"><metadaten><jurabk>BesÜG</jurabk><amtabk>BesÜG</amtabk><ausfertigung-datum manuell="ja">2009-02-05</ausfertigung-datum><fundstelle typ="amtlich"><periodikum>BGBl I</periodikum><zitstelle>2009, 160, 221 (462)</zitstelle></fundstelle><langue>Besoldungsüberleitungsgesetz</langue><standangabe checked="ja"><standtyp>Stand</standtyp><standkommentar>Zuletzt geändert durch Art. 69 V v. 19.6.2020 I 1328</standkommentar></standangabe></metadaten><textdaten><fussnoten><Content><P><BR/> <pre xml:space="preserve">(+++ Textnachweis ab: 1.7.2009 +++)<BR/><BR/></pre>Das G wurde als Artikel 3 G v. 5.2.2009 I 160 vom Bundestag beschlossen. Es tritt gem. Art. 17 Abs. 7 dieses G am 1.7.2009 in Kraft.</P></Content></fussnoten></textdaten></norm>
<norm builddate="20231128213526" doknr="BJNR022100009BJNE000100000"><metadaten><jurabk>BesÜG</jurabk><enbez>§ 1</enbez><titel format="XML">Geltungsbereich</titel></metadaten><textdaten><text format="XML"><Content><P>Dieses Gesetz gilt für die <DL Type="arabic"><DT>1.</DT><DD Font="normal"><LA>Beamtinnen und Beamten des Bundes,</LA></DD><DT>2.</DT><DD Font="normal"><LA>Richterinnen und Richter des Bundes,</LA></DD><DT>3.</DT><DD Font="normal"><LA>Berufssoldatinnen und Berufssoldaten, Soldatinnen auf Zeit und Soldaten auf Zeit,</LA></DD></DL>soweit sie am 1. Juli 2009 und am Vortag den Besoldungsgruppen der Bundesbesoldungsordnung A oder den Besoldungsgruppen R 1 oder R 2 angehören.</P></Content></text></textdaten></norm>
<norm builddate="20231128213526" doknr="BJNR022100009BJNE000203116"><metadaten><jurabk>BesÜG</jurabk><enbez>§ 2</enbez><titel format="XML">Zuordnung zu den Stufen und Überleitungsstufen des Grundgehaltes in den Besoldungsgruppen der Bundesbesoldungsordnung A</titel></metadaten><textdaten><text format="XML"><Content><P>(1) Empfängerinnen und Empfänger von Dienstbezügen nach einer Besoldungsgruppe der Bundesbesoldungsordnung A im Sinne des § 1 Nr. 1 und 3 werden auf der Grundlage des am 30. Juni 2009 maßgeblichen Amtes mit den für Juni 2009 zustehenden Dienstbezügen nach Maßgabe der folgenden Absätze den Stufen oder Überleitungsstufen des Grundgehaltes der Anlage 1 in der ab 1. Juli 2009 gültigen Fassung zugeordnet. Satz 1 gilt entsprechend für Beurlaubte ohne Anspruch auf Dienstbezüge. Bei ihnen sind für die Zuordnung die Dienstbezüge zugrunde zu legen, die bei einer Beendigung der Beurlaubung am 30. Juni 2009 maßgebend wären. Die Sätze 2 und 3 gelten entsprechend in den Fällen der §§ 40 und 46 des Bundesbeamtengesetzes sowie des § 25 des Soldatengesetzes.</P><P>(2) Dienstbezüge im Sinne des Absatzes 1 sind das Grundgehalt und die Zulage nach Vorbemerkung Nummer 27 Abs. 1 der Anlage I (Bundesbesoldungsordnungen A und B) des Bundesbesoldungsgesetzes in der am 30. Juni 2009 geltenden Fassung. Zur Vornahme der Zuordnung sind deren Beträge jeweils rechnerisch um 2,5 Prozent zu erhöhen. In den Besoldungsgruppen A 2 bis A 8 ist zusätzlich ein Betrag von 10,42 Euro hinzuzurechnen. Der sich nach den Sätzen 1 bis 3 ergebende Betrag ist kaufmännisch auf volle Euro zu runden.</P><P>(3) Die Zuordnung erfolgt zu der Stufe oder Überleitungsstufe des Grundgehaltes der Anlage 1 in der ab 1. Juli 2009 gültigen Fassung der entsprechenden Besoldungsgruppe, die dem Betrag nach Absatz 2 Satz 4 entspricht. Für den Personenkreis, für den in der Anlage 1 in der ab 1. Juli 2009 gültigen Fassung Erhöhungsbeträge ausgewiesen sind, sind zum Zweck der Zuordnung die kaufmännisch auf volle Euro zu rundenden Erhöhungsbeträge den Beträgen der Stufen und Überleitungsstufen hinzuzurechnen. Ist eine Zuordnung nach den Sätzen 1 und 2 nicht möglich, erfolgt die Zuordnung zu der Stufe oder Überleitungsstufe des Grundgehaltes der Anlage 1 in der ab 1. Juli 2009 gültigen Fassung der entsprechenden Besoldungsgruppe mit dem nächsthöheren Betrag.</P><P>(4) Mit Ausnahme der Angehörigen der Laufbahnen der Offiziere des Truppendienstes, des Militärmusikdienstes, des Sanitätsdienstes und des Geoinformationsdienstes der Bundeswehr werden Soldatinnen auf Zeit und Soldaten auf Zeit, die nach Absatz 3 der Überleitungsstufe zur Stufe 2 zugeordnet würden, der Stufe 2 zugeordnet; statt einer Zuordnung zur Überleitungsstufe zur Stufe 3 erfolgt eine Zuordnung zur Stufe 3.</P><P>(5) Die Zuordnung zu einer Stufe oder einer Überleitungsstufe erfolgt zunächst vorläufig und wird, wenn nicht bereits eine Zuordnung nach Satz 2 erfolgt, mit Ablauf des 30. Juni 2013 zu einer endgültigen Zuordnung. Wird im Zeitraum nach Satz 1 eine Ernennung durch Verleihung eines Amtes oder Dienstgrades einer höheren Besoldungsgruppe der Bundesbesoldungsordnung A wirksam, erfolgt die endgültige Zuordnung mit dem Wirksamwerden dieser Ernennung, wobei die Ernannten so gestellt werden, als ob die Ernennung am 30. Juni 2009 wirksam gewesen wäre.</P><P>(6) Steht am 30. Juni 2009 eine Ausgleichszulage wegen der Verminderung von Grundgehalt zu, sind bei den Dienstbezügen im Sinne des Absatzes 1 die Dienstbezüge zu berücksichtigen, die bei Anwendung des § 19a des Bundesbesoldungsgesetzes maßgebend wären. In diesen Fällen erfolgt die Zuordnung zu der Stufe oder Überleitungsstufe des Grundgehaltes der Besoldungsgruppe, die bei Anwendung des § 19a des Bundesbesoldungsgesetzes maßgebend wäre. Die Zuordnung ist endgültig; Absatz 5 ist nicht anzuwenden.</P><P>(7) Bei der Zuordnung nach Absatz 3 bleiben Leistungsstufen unberücksichtigt. Zu ermitteln ist aber der Betrag, der sich bei einer Berücksichtigung der Leistungsstufe ergeben würde. Die Differenz der sich nach den Sätzen 1 und 2 ergebenden Beträge wird als ruhegehaltfähiger Mehrbetrag gezahlt. Dieser Mehrbetrag verringert sich bei Erhöhungen des Grundgehaltes aufgrund von § 3 oder § 27 Abs. 3 des Bundesbesoldungsgesetzes in voller Höhe der Bezügeverbesserung. Ab dem Zeitpunkt, zu dem die nächste Stufe nach § 27 Abs. 2 des Bundesbesoldungsgesetzes in der am 30. Juni 2009 geltenden Fassung ohne Berücksichtigung der Leistungsstufe erreicht worden wäre, verringert sich der Mehrbetrag zusätzlich bei allgemeinen Erhöhungen der Dienstbezüge um ein Drittel des Erhöhungsbetrages und durch die Verleihung eines Amtes mit höherem Endgrundgehalt bis zur vollen Höhe der Bezügeverbesserung; dies gilt bei Verleihung eines Amtes oder Dienstgrades einer höheren Besoldungsgruppe der Bundesbesoldungsordnung A nur, wenn vor der Verleihung bereits eine endgültige Zuordnung nach Absatz 5 erfolgte. Bei einer endgültigen Zuordnung nach Absatz 5 Satz 2 werden die Ernannten mit dem Wirksamwerden der Ernennung zum Zweck der Ermittlung des Mehrbetrages in entsprechender Anwendung der Sätze 1 bis 5 so gestellt, als ob die Ernennung am 30. Juni 2009 wirksam gewesen wäre. Erfolgt bis zu dem Zeitpunkt, zu dem die nächste Stufe nach § 27 Abs. 2 des Bundesbesoldungsgesetzes in der am 30. Juni 2009 geltenden Fassung ohne Berücksichtigung der Leistungsstufe erreicht worden wäre, eine weitere Ernennung durch Verleihung eines Amtes oder Dienstgrades einer höheren Besoldungsgruppe der Bundesbesoldungsordnung A, ist der Mehrbetrag in entsprechender Anwendung der Sätze 1 bis 6 erneut zu ermitteln. Der nach den Sätzen 6 oder 7 ermittelte Mehrbetrag verringert sich nach den Sätzen 4 und 5. Wird eine Leistungsstufe während der Zuordnung zu einer Überleitungsstufe oder zu einer vorläufigen Stufe vergeben, ist für die Höhe der Leistungsstufe abweichend von § 27 Absatz 6 des Bundesbesoldungsgesetzes der Betrag maßgebend, der am 30. Juni 2009 als Leistungsstufe gewährt worden wäre. Dieser ruhegehaltfähige Betrag verringert sich nach den Sätzen 4 und 5. Die Sätze 6 bis 8 sind entsprechend anzuwenden. Bis zu dem Zeitpunkt, zu dem die nächste Stufe nach § 27 Abs. 2 des Bundesbesoldungsgesetzes in der am 30. Juni 2009 geltenden Fassung ohne Berücksichtigung der Leistungsstufe erreicht worden wäre, nimmt der Mehrbetrag oder Betrag an allgemeinen Anpassungen der Grundgehaltssätze (§ 14 des Bundesbesoldungsgesetzes) teil. Mehrbeträge werden auf das Vergabebudget nach § 42a Abs. 4 des Bundesbesoldungsgesetzes angerechnet.</P><P>(8) Bei Teilzeitbeschäftigten sind für die Zuordnung zu den Stufen oder Überleitungsstufen des Grundgehaltes der Anlage 1 in der ab 1. Juli 2009 gültigen Fassung die Dienstbezüge maßgebend, die ihnen bei Vollzeitbeschäftigung zustehen würden.</P><P>(9) Stehen nicht für alle Tage oder für keinen Tag im Juni 2009 Dienstbezüge zu, sind bei der Zuordnung zu den Stufen des Grundgehaltes der Anlage 1 in der ab 1. Juli 2009 gültigen Fassung die Dienstbezüge nach Absatz 2 maßgebend, die für den ganzen Monat zustehen würden.</P><P>(10) Wird in den Fällen des § 27 Abs. 3 Satz 3 des Bundesbesoldungsgesetzes in der bis zum 30. Juni 2009 geltenden Fassung festgestellt, dass die Leistungen wieder den mit dem Amt verbundenen Anforderungen entsprechen, werden die Betroffenen ab dem ersten Tag des Monats, in dem diese Feststellung erfolgt, so gestellt, als ob eine Hemmung des Aufstiegs in den Stufen nicht vorgelegen hätte.</P><P>(11) In den Fällen des § 27 Absatz 9 Satz 2 des Bundesbesoldungsgesetzes werden die Betroffenen so gestellt, als ob ein Fall des § 27 Absatz 5 Satz 1 des Bundesbesoldungsgesetzes in der bis zum 30. Juni 2009 geltenden Fassung nicht vorgelegen hätte.</P></Content></text><fussnoten/></textdaten></norm>
<norm builddate="20231128213526" doknr="BJNR022100009BJNE000303116"><metadaten><jurabk>BesÜG</jurabk><enbez>§ 3</enbez><titel format="XML">Aufstieg in eine Stufe des Grundgehaltes in den Besoldungsgruppen der Bundesbesoldungsordnung A</titel></metadaten><textdaten><text format="XML"><Content><P>(1) Mit der Zuordnung zu einer Stufe des Grundgehaltes der Anlage 1 in der ab 1. Juli 2009 gültigen Fassung beginnt die für den Aufstieg maßgebende Erfahrungszeit nach § 27 Abs. 3 des Bundesbesoldungsgesetzes. Bei einer Zuordnung zur Stufe 5 auf der Grundlage von Dienstbezügen der Besoldungsgruppen A 7 bis A 12 wird ab dem Zeitpunkt, ab dem das Grundgehalt nach § 27 Abs. 2 des Bundesbesoldungsgesetzes in der am 30. Juni 2009 geltenden Fassung gestiegen wäre, der Betrag der Überleitungsstufe zur Stufe 6 gezahlt; Satz 1 bleibt unberührt. Bei einer Zuordnung zu einer Stufe auf der Grundlage von Dienstbezügen der Besoldungsgruppen A 2 bis A 5 und bei einer Zuordnung zur Stufe 7 auf der Grundlage von Dienstbezügen der Besoldungsgruppe A 6 wird die nächsthöhere Stufe zu dem Zeitpunkt erreicht, zu dem das Grundgehalt nach § 27 Abs. 2 des Bundesbesoldungsgesetzes in der am 30. Juni 2009 geltenden Fassung gestiegen wäre, wenn sich dadurch ein früherer Zeitpunkt als bei einem Aufstieg nach § 27 Abs. 3 des Bundesbesoldungsgesetzes ergibt. Mit Ausnahme der Angehörigen der Laufbahnen der Offiziere des Truppendienstes, des Militärmusikdienstes, des Sanitätsdienstes und des Geoinformationsdienstes der Bundeswehr gilt dies auch für Soldatinnen auf Zeit und Soldaten auf Zeit, die auf der Grundlage von Dienstbezügen der Besoldungsgruppen A 6 oder A 7 der Stufe 1 zugeordnet werden. Mit diesem Aufstieg beginnt die maßgebende Erfahrungszeit nach § 27 Abs. 3 des Bundesbesoldungsgesetzes.</P><P>(2) Bei einer Zuordnung zu einer Überleitungsstufe wird die dazugehörige Stufe des Grundgehaltes zu dem Zeitpunkt erreicht, zu dem das Grundgehalt nach § 27 Abs. 2 des Bundesbesoldungsgesetzes in der am 30. Juni 2009 geltenden Fassung gestiegen wäre, spätestens jedoch zu dem Zeitpunkt, zu dem ein Aufstieg nach § 27 Abs. 3 des Bundesbesoldungsgesetzes in Verbindung mit Absatz 3 möglich wäre. Wenn die Zuordnung zu einer Überleitungsstufe auf der Grundlage von Dienstbezügen der Besoldungsgruppe A 15 oder A 16 erfolgt, gilt Satz 1 mit der Maßgabe, dass nicht die der Überleitungsstufe zugehörige Stufe des Grundgehaltes, sondern die nächsthöhere Stufe erreicht wird. Mit dem jeweiligen Aufstieg in eine Stufe des Grundgehaltes der Anlage 1 beginnt die für den Aufstieg maßgebende Erfahrungszeit nach § 27 Abs. 3 des Bundesbesoldungsgesetzes.</P><P>(3) Die maßgebende Erfahrungszeit nach Absatz 1 Satz 1 und 5 sowie Absatz 2 Satz 3 beträgt für den Aufstieg von Stufe 2 nach Stufe 3 abweichend von § 27 Abs. 3 des Bundesbesoldungsgesetzes zwei Jahre.</P><P>(4) In den Fällen des Absatzes 1 Satz 2 bis 4 und des Absatzes 2 verzögert sich der Aufstieg um Zeiten ohne Anspruch auf Dienstbezüge. Satz 1 gilt nicht für Zeiten nach § 28 Absatz 5 des Bundesbesoldungsgesetzes, soweit diese nicht bereits nach § 28 Abs. 3 Nr. 1 oder 2 des Bundesbesoldungsgesetzes in der bis zum 30. Juni 2009 geltenden Fassung berücksichtigt wurden.</P><P>(5) (weggefallen)</P></Content></text><fussnoten/></textdaten></norm>
<norm builddate="20231128213526" doknr="BJNR022100009BJNE000401310"><metadaten><jurabk>BesÜG</jurabk><enbez>§ 4</enbez><titel format="XML">Zuordnung zu den Stufen und Überleitungsstufen des Grundgehaltes in den Besoldungsgruppen R 1 und R 2</titel></metadaten><textdaten><text format="XML"><Content><P>Empfängerinnen und Empfänger von Dienstbezügen nach der Besoldungsgruppe R 1 oder R 2 im Sinne des § 1 Nr. 1 und 2 werden auf der Grundlage der ihnen im Juni 2009 zustehenden Dienstbezüge den Stufen oder Überleitungsstufen des Grundgehaltes der Anlage 2 in der ab 1. Juli 2009 gültigen Fassung zugeordnet. § 2 Abs. 1 Satz 2 bis 4, Abs. 2 Satz 2 und 4 sowie Abs. 3, 6, 8 und 9 gilt entsprechend. Die Zuordnung zu einer Überleitungsstufe bleibt auch in den Fällen der Verleihung eines Amtes der Besoldungsgruppe R 2 bestehen. Mit dem Wirksamwerden der Ernennung ist die der Stufe zugewiesene Überleitungsstufe der Besoldungsgruppe R 2 maßgebend.</P></Content></text><fussnoten/></textdaten></norm>
<norm builddate="20231128213526" doknr="BJNR022100009BJNE000501310"><metadaten><jurabk>BesÜG</jurabk><enbez>§ 5</enbez><titel format="XML">Aufstieg in eine Stufe des Grundgehaltes in den Besoldungsgruppen R 1 und R 2</titel></metadaten><textdaten><text format="XML"><Content><P>(1) Bei einer Zuordnung zu einer Stufe des Grundgehaltes der Anlage 2 in der ab 1. Juli 2009 gültigen Fassung wird die nächsthöhere Stufe zu dem Zeitpunkt erreicht, zu dem die nächsthöhere Lebensaltersstufe nach § 38 Abs. 1 des Bundesbesoldungsgesetzes in der am 30. Juni 2009 geltenden Fassung erreicht worden wäre. Mit diesem Aufstieg beginnt die maßgebende Erfahrungszeit nach § 38 Abs. 1 Satz 2 des Bundesbesoldungsgesetzes. Bei der Zuordnung zu einer Stufe auf der Grundlage von Dienstbezügen nach der Lebensaltersstufe 2 der Besoldungsgruppe R 2 nach § 38 Abs. 1 des Bundesbesoldungsgesetzes in der am 30. Juni 2009 geltenden Fassung gilt Satz 2 mit der Maßgabe, dass sich die Zeit für den Aufstieg in die Stufe 3 nach § 27 Abs. 3 des Bundesbesoldungsgesetzes um ein Jahr verkürzt. Bei der Zuordnung zu einer Stufe auf der Grundlage von Dienstbezügen nach der Lebensaltersstufe 5 der Besoldungsgruppe R 1 sowie den Lebensaltersstufen 3, 4 und 5 der Besoldungsgruppe R 2 nach § 38 Abs. 1 des Bundesbesoldungsgesetzes in der am 30. Juni 2009 geltenden Fassung gilt Satz 2 mit der Maßgabe, dass sich die Zeit für den Aufstieg in die Stufen 3, 4 und 5 nach § 27 Abs. 3 des Bundesbesoldungsgesetzes um jeweils ein Jahr verkürzt.</P><P>(2) Bei einer Zuordnung zu einer Überleitungsstufe wird die dazugehörige Stufe des Grundgehaltes zu dem Zeitpunkt erreicht, zu dem das Grundgehalt nach § 38 Abs. 1 des Bundesbesoldungsgesetzes in der am 30. Juni 2009 geltenden Fassung gestiegen wäre. Erfolgt die Zuordnung zu der Überleitungsstufe zu den Stufen 2, 3, 4 oder 5, gilt Satz 1 mit der Maßgabe, dass nicht die der Überleitungsstufe zugehörige Stufe, sondern die nächsthöhere Stufe des Grundgehaltes erreicht wird. Mit dem Aufstieg in die jeweilige Stufe des Grundgehaltes der Anlage 2 beginnt die maßgebende Erfahrungszeit nach § 38 Abs. 1 Satz 2 des Bundesbesoldungsgesetzes. Erfolgt die Zuordnung zu der Überleitungsstufe zu den Stufen 6 oder 7, gilt Satz 3 mit der Maßgabe, dass sich die Erfahrungszeit in der dazugehörigen Stufe um die Zeiten des Verweilens in der Überleitungsstufe verkürzt.</P><P>(3) In den Fällen des Absatzes 1 Satz 1 und des Absatzes 2 verzögert sich der Aufstieg um Zeiten ohne Anspruch auf Dienstbezüge. § 3 Abs. 4 Satz 2 gilt entsprechend.</P></Content></text><fussnoten/></textdaten></norm>
<norm builddate="20231128213526" doknr="BJNR022100009BJNE000901116"><metadaten><jurabk>BesÜG</jurabk><enbez>§ 5a</enbez><titel format="XML">Teilnahme der Grundgehaltssätze an Besoldungsanpassungen</titel></metadaten><textdaten><text format="XML"><Content><P>(1) Die Monatsbeträge der Anlagen nehmen an allgemeinen Anpassungen der Besoldung nach § 14 des Bundesbesoldungsgesetzes teil.</P><P>(2) Das Bundesministerium des Innern, für Bau und Heimat macht die Monatsbeträge nach Absatz 1 in der jeweils geltenden Fassung im Bundesgesetzblatt bekannt.</P></Content></text><fussnoten><Content><P>(++++ Hinweis: Beträge nach Absatz 2 ab 1.3.2014 und ab 1.3.2015 vgl. Bek. 2032-26-7 v. 28.11.2014 I 1899, <BR/>ab 1.3.2016 und ab 1.2.2017 vgl. Bek. 2032-26-9 v. 25.11.2016 I 2695, <BR/>ab 1.3.2018, ab 1.4.2019 und ab 1.3.2020 vgl. Bek. 2032-26-10 v. 13.11.2018 I 1899 +++)</P></Content></fussnoten></textdaten></norm>
<norm builddate="20231128213526" doknr="BJNR022100009BJNE000602116"><metadaten><jurabk>BesÜG</jurabk><enbez>§ 6</enbez><titel format="XML">Regelungen für Beamtinnen und Beamte bei den Postnachfolgeunternehmen</titel></metadaten><textdaten><text format="XML"><Content><P>(1) Beamtinnen und Beamte in den Besoldungsgruppen der Bundesbesoldungsordnung A, die bei den Postnachfolgeunternehmen beschäftigt sind, werden gemäß § 2 den Stufen oder Überleitungsstufen des Grundgehaltes zugeordnet.</P><P>(2) Nach der Zuordnung zu den Stufen oder Überleitungsstufen des Grundgehaltes ist auf die Beträge der Anlage 1 dieses Gesetzes § 78 Abs. 1 des Bundesbesoldungsgesetzes anzuwenden. Es wird aber mindestens der Betrag aus Grundgehalt und der Zulage nach Vorbemerkung Nummer 27 Abs. 1 der Anlage I (Bundesbesoldungsordnungen A und B) des Bundesbesoldungsgesetzes in der am 30. Juni 2009 geltenden Fassung gezahlt.</P><P>(3) Das Bundesministerium des Innern, für Bau und Heimat macht die sich nach Absatz 2 jeweils ergebenden Beträge im Bundesgesetzblatt bekannt.</P></Content></text><fussnoten><Content><P>(++++ Hinweis: Beträge nach Absatz 2 ab 1.1.2012 vgl. Bek. 2032-26-5 v. 20.12.2011 I 3023, <BR/>ab 1.3.2012, ab 1.1.2013 und ab 1.8.2013 vgl. Bek. 2032-26-6 v. 15.8.2012 I 1771 <BR/>ab 1.3.2014 und ab 1.3.2015 vgl. Bek. 2032-26-7 v. 28.11.2014 I 1899, <BR/>ab 1.3.2016 und ab 1.2.2017 vgl. Bek. 2032-26-9 v. 25.11.2016 I 2695, <BR/>ab 1.3.2018, ab 1.4.2019 und ab 1.3.2020 vgl. Bek. 2032-26-10 v. 13.11.2018 I 1899 +++)</P></Content></fussnoten></textdaten></norm>
<norm builddate="20231128213526" doknr="BJNR022100009BJNE000708310"><metadaten><jurabk>BesÜG</jurabk><enbez>Anlage 1</enbez></metadaten><textdaten><text format="XML"><Content><P><noindex><kommentar typ="Fundstelle">(Fundstelle: BGBl. I 2012, 1700)</kommentar></noindex></P><BR/><BR/><Title Align="auto" Class="S1"><B>Überleitungstabelle für die Besoldungsgruppen der Bundesbesoldungsordnung A</B></Title><BR/><BR/><table frame="all" pgwide="1" tocentry="%yes;"><tgroup align="left" char="" charoff="50" cols="16" colsep="2"><colspec align="center" colname="col1" colwidth="2.2*"/><colspec align="center" colname="col2" colwidth="2*"/><colspec align="center" colname="col3" colsep="1" colwidth="2.00*"/><colspec align="center" colname="col4" colwidth="2.00*"/><colspec align="center" colname="col5" colsep="1" colwidth="2.00*"/><colspec align="center" colname="col6" colwidth="2.00*"/><colspec align="center" colname="col7" colsep="1" colwidth="2.00*"/><colspec align="center" colname="col8" colwidth="2.00*"/><colspec align="center" colname="col9" colsep="1" colwidth="2.00*"/><colspec align="center" colname="col10" colwidth="2.00*"/><colspec align="center" colname="col11" colsep="1" colwidth="2.00*"/><colspec align="center" colname="col12" colwidth="2.00*"/><colspec align="center" colname="col13" colsep="1" colwidth="2.00*"/><colspec align="center" colname="col14" colwidth="2.00*"/><colspec align="center" colname="col15" colsep="1" colwidth="2.00*"/><colspec align="center" colname="col16" colwidth="2.00*"/><thead valign="bottom"><row><entry VJ="1" colname="col1" morerows="1" rowsep="2" valign="middle">Besoldungs-<BR/> gruppe</entry><entry VJ="1" nameend="col16" namest="col2" rowsep="2" valign="middle">Grundgehalt<BR/> (Monatsbeträge in Euro)</entry></row><row><entry VJ="1" align="center" colname="col2" rowsep="2" valign="middle">Stufe 1</entry><entry VJ="1" align="center" colname="col3" rowsep="2" valign="middle">Überleitungs-<BR/> stufe zu Stufe<BR/> 2</entry><entry VJ="1" align="center" colname="col4" rowsep="2" valign="middle">Stufe 2</entry><entry VJ="1" align="center" colname="col5" rowsep="2" valign="middle">Überleitungs-<BR/> stufe zu Stufe<BR/> 3</entry><entry VJ="1" align="center" colname="col6" rowsep="2" valign="middle">Stufe 3</entry><entry VJ="1" align="center" colname="col7" rowsep="2" valign="middle">Überleitungs-<BR/> stufe zu Stufe<BR/> 4</entry><entry VJ="1" align="center" colname="col8" rowsep="2" valign="middle">Stufe 4</entry><entry VJ="1" align="center" colname="col9" rowsep="2" valign="middle">Überleitungs-<BR/> stufe zu Stufe<BR/> 5</entry><entry VJ="1" align="center" colname="col10" rowsep="2" valign="middle">Stufe 5</entry><entry VJ="1" align="center" colname="col11" rowsep="2" valign="middle">Überleitungs-<BR/> stufe zu Stufe<BR/> 6</entry><entry VJ="1" align="center" colname="col12" rowsep="2" valign="middle">Stufe 6</entry><entry VJ="1" align="center" colname="col13" rowsep="2" valign="middle">Überleitungs-<BR/> stufe zu Stufe<BR/> 7</entry><entry VJ="1" align="center" colname="col14" rowsep="2" valign="middle">Stufe 7</entry><entry VJ="1" align="center" colname="col15" rowsep="2" valign="middle">Überleitungs-<BR/> stufe zu Stufe<BR/> 8</entry><entry VJ="1" align="center" colname="col16" rowsep="2" valign="middle">Stufe 8</entry></row></thead><tbody valign="top"><row><entry VJ="1" colname="col1">A 2</entry><entry VJ="1" colname="col2">1 845,90</entry><entry VJ="1" colname="col3"/><entry VJ="1" colname="col4">1 889,03</entry><entry VJ="1" colname="col5"/><entry VJ="1" colname="col6">1 933,32</entry><entry VJ="1" colname="col7"/><entry VJ="1" colname="col8">1 966,51</entry><entry VJ="1" colname="col9">1 974,26</entry><entry VJ="1" colname="col10">2 000,83</entry><entry VJ="1" colname="col11">2 017,43</entry><entry VJ="1" colname="col12">2 035,14</entry><entry VJ="1" colname="col13">2 059,47</entry><entry VJ="1" colname="col14">2 069,43</entry><entry VJ="1" colname="col15"/><entry VJ="1" colname="col16">2 103,74</entry></row><row><entry VJ="1" colname="col1">A 3</entry><entry VJ="1" colname="col2">1 920,04</entry><entry VJ="1" colname="col3"/><entry VJ="1" colname="col4">1 965,41</entry><entry VJ="1" colname="col5"/><entry VJ="1" colname="col6">2 010,77</entry><entry VJ="1" colname="col7"/><entry VJ="1" colname="col8">2 047,30</entry><entry VJ="1" colname="col9">2 056,15</entry><entry VJ="1" colname="col10">2 083,83</entry><entry VJ="1" colname="col11">2 101,52</entry><entry VJ="1" colname="col12">2 120,33</entry><entry VJ="1" colname="col13">2 148,01</entry><entry VJ="1" colname="col14">2 156,86</entry><entry VJ="1" colname="col15"/><entry VJ="1" colname="col16">2 193,37</entry></row><row><entry VJ="1" colname="col1">A 4</entry><entry VJ="1" colname="col2">1 962,11</entry><entry VJ="1" colname="col3"/><entry VJ="1" colname="col4">2 016,31</entry><entry VJ="1" colname="col5"/><entry VJ="1" colname="col6">2 070,54</entry><entry VJ="1" colname="col7"/><entry VJ="1" colname="col8">2 113,70</entry><entry VJ="1" colname="col9">2 122,57</entry><entry VJ="1" colname="col10">2 156,86</entry><entry VJ="1" colname="col11">2 176,78</entry><entry VJ="1" colname="col12">2 200,02</entry><entry VJ="1" colname="col13">2 229,90</entry><entry VJ="1" colname="col14">2 243,17</entry><entry VJ="1" colname="col15"/><entry VJ="1" colname="col16">2 283,02</entry></row><row><entry VJ="1" colname="col1">A 5</entry><entry VJ="1" colname="col2">1 977,58</entry><entry VJ="1" colname="col3"/><entry VJ="1" colname="col4">2 045,08</entry><entry VJ="1" colname="col5"/><entry VJ="1" colname="col6">2 099,30</entry><entry VJ="1" colname="col7"/><entry VJ="1" colname="col8">2 152,43</entry><entry VJ="1" colname="col9">2 170,14</entry><entry VJ="1" colname="col10">2 205,56</entry><entry VJ="1" colname="col11">2 235,44</entry><entry VJ="1" colname="col12">2 259,79</entry><entry VJ="1" colname="col13">2 299,62</entry><entry VJ="1" colname="col14">2 312,90</entry><entry VJ="1" colname="col15"/><entry VJ="1" colname="col16">2 364,91</entry></row><row><entry VJ="1" colname="col1">A 6</entry><entry VJ="1" colname="col2">2 021,84</entry><entry VJ="1" colname="col3">2 080,51</entry><entry VJ="1" colname="col4">2 100,43</entry><entry VJ="1" colname="col5">2 139,16</entry><entry VJ="1" colname="col6">2 180,09</entry><entry VJ="1" colname="col7">2 197,81</entry><entry VJ="1" colname="col8">2 240,96</entry><entry VJ="1" colname="col9">2 256,47</entry><entry VJ="1" colname="col10">2 304,04</entry><entry VJ="1" colname="col11">2 315,10</entry><entry VJ="1" colname="col12">2 364,91</entry><entry VJ="1" colname="col13">2 373,75</entry><entry VJ="1" colname="col14">2 432,41</entry><entry VJ="1" colname="col15"/><entry VJ="1" colname="col16">2 491,07</entry></row><row><entry VJ="1" colname="col1">A 7</entry><entry VJ="1" colname="col2">2 126,98</entry><entry VJ="1" colname="col3">2 181,21</entry><entry VJ="1" colname="col4">2 196,70</entry><entry VJ="1" colname="col5">2 254,24</entry><entry VJ="1" colname="col6">2 288,58</entry><entry VJ="1" colname="col7">2 327,29</entry><entry VJ="1" colname="col8">2 382,62</entry><entry VJ="1" colname="col9">2 400,31</entry><entry VJ="1" colname="col10">2 474,47</entry><entry VJ="1" colname="col11">2 548,61</entry><entry VJ="1" colname="col12">2 567,43</entry><entry VJ="1" colname="col13">2 601,74</entry><entry VJ="1" colname="col14">2 637,15</entry><entry VJ="1" colname="col15">2 653,75</entry><entry VJ="1" colname="col16">2 706,86</entry></row><row><entry VJ="1" colname="col1">A 8</entry><entry VJ="1" colname="col2">2 255,35</entry><entry VJ="1" colname="col3">2 317,32</entry><entry VJ="1" colname="col4">2 339,46</entry><entry VJ="1" colname="col5">2 412,51</entry><entry VJ="1" colname="col6">2 457,87</entry><entry VJ="1" colname="col7">2 506,56</entry><entry VJ="1" colname="col8">2 577,39</entry><entry VJ="1" colname="col9">2 601,74</entry><entry VJ="1" colname="col10">2 696,90</entry><entry VJ="1" colname="col11">2 758,88</entry><entry VJ="1" colname="col12">2 779,89</entry><entry VJ="1" colname="col13">2 821,95</entry><entry VJ="1" colname="col14">2 864,01</entry><entry VJ="1" colname="col15">2 885,02</entry><entry VJ="1" colname="col16">2 947,01</entry></row><row><entry VJ="1" colname="col1">A 9</entry><entry VJ="1" colname="col2">2 441,26</entry><entry VJ="1" colname="col3">2 504,35</entry><entry VJ="1" colname="col4">2 524,27</entry><entry VJ="1" colname="col5">2 605,05</entry><entry VJ="1" colname="col6">2 654,86</entry><entry VJ="1" colname="col7">2 705,76</entry><entry VJ="1" colname="col8">2 787,65</entry><entry VJ="1" colname="col9">2 806,47</entry><entry VJ="1" colname="col10">2 918,22</entry><entry VJ="1" colname="col11">2 976,89</entry><entry VJ="1" colname="col12">3 006,77</entry><entry VJ="1" colname="col13">3 045,50</entry><entry VJ="1" colname="col14">3 096,42</entry><entry VJ="1" colname="col15">3 115,22</entry><entry VJ="1" colname="col16">3 183,83</entry></row><row><entry VJ="1" colname="col1">A 10</entry><entry VJ="1" colname="col2">2 619,43</entry><entry VJ="1" colname="col3">2 706,86</entry><entry VJ="1" colname="col4">2 733,42</entry><entry VJ="1" colname="col5">2 836,34</entry><entry VJ="1" colname="col6">2 898,32</entry><entry VJ="1" colname="col7">2 964,72</entry><entry VJ="1" colname="col8">3 062,09</entry><entry VJ="1" colname="col9">3 094,20</entry><entry VJ="1" colname="col10">3 225,88</entry><entry VJ="1" colname="col11">3 308,89</entry><entry VJ="1" colname="col12">3 339,88</entry><entry VJ="1" colname="col13">3 396,30</entry><entry VJ="1" colname="col14">3 453,84</entry><entry VJ="1" colname="col15">3 482,63</entry><entry VJ="1" colname="col16">3 567,85</entry></row><row><entry VJ="1" colname="col1">A 11</entry><entry VJ="1" colname="col2">3 006,77</entry><entry VJ="1" colname="col3">3 139,57</entry><entry VJ="1" colname="col4">3 176,09</entry><entry VJ="1" colname="col5">3 271,26</entry><entry VJ="1" colname="col6">3 344,30</entry><entry VJ="1" colname="col7">3 405,16</entry><entry VJ="1" colname="col8">3 513,62</entry><entry VJ="1" colname="col9">3 536,85</entry><entry VJ="1" colname="col10">3 629,81</entry><entry VJ="1" colname="col11">3 712,81</entry><entry VJ="1" colname="col12">3 746,01</entry><entry VJ="1" colname="col13">3 802,44</entry><entry VJ="1" colname="col14">3 862,21</entry><entry VJ="1" colname="col15">3 890,98</entry><entry VJ="1" colname="col16">3 978,41</entry></row><row><entry VJ="1" colname="col1">A 12</entry><entry VJ="1" colname="col2">3 223,69</entry><entry VJ="1" colname="col3">3 380,82</entry><entry VJ="1" colname="col4">3 423,98</entry><entry VJ="1" colname="col5">3 539,08</entry><entry VJ="1" colname="col6">3 625,39</entry><entry VJ="1" colname="col7">3 697,31</entry><entry VJ="1" colname="col8">3 825,68</entry><entry VJ="1" colname="col9">3 855,58</entry><entry VJ="1" colname="col10">3 965,13</entry><entry VJ="1" colname="col11">4 064,73</entry><entry VJ="1" colname="col12">4 102,34</entry><entry VJ="1" colname="col13">4 170,97</entry><entry VJ="1" colname="col14">4 240,68</entry><entry VJ="1" colname="col15">4 276,08</entry><entry VJ="1" colname="col16">4 381,23</entry></row><row><entry VJ="1" colname="col1">A 13</entry><entry VJ="1" colname="col2">3 780,31</entry><entry VJ="1" colname="col3">3 950,74</entry><entry VJ="1" colname="col4">3 968,45</entry><entry VJ="1" colname="col5">4 121,17</entry><entry VJ="1" colname="col6">4 155,47</entry><entry VJ="1" colname="col7">4 291,60</entry><entry VJ="1" colname="col8">4 343,60</entry><entry VJ="1" colname="col9">4 404,48</entry><entry VJ="1" colname="col10">4 473,08</entry><entry VJ="1" colname="col11">4 518,45</entry><entry VJ="1" colname="col12">4 603,67</entry><entry VJ="1" colname="col13">4 632,44</entry><entry VJ="1" colname="col14">4 733,13</entry><entry VJ="1" colname="col15">4 746,41</entry><entry VJ="1" colname="col16">4 860,40</entry></row><row><entry VJ="1" colname="col1">A 14</entry><entry VJ="1" colname="col2">3 887,67</entry><entry VJ="1" colname="col3">4 107,89</entry><entry VJ="1" colname="col4">4 130,01</entry><entry VJ="1" colname="col5">4 328,11</entry><entry VJ="1" colname="col6">4 373,48</entry><entry VJ="1" colname="col7">4 549,45</entry><entry VJ="1" colname="col8">4 615,83</entry><entry VJ="1" colname="col9">4 697,74</entry><entry VJ="1" colname="col10">4 782,92</entry><entry VJ="1" colname="col11">4 843,82</entry><entry VJ="1" colname="col12">4 951,15</entry><entry VJ="1" colname="col13">4 992,09</entry><entry VJ="1" colname="col14">5 118,25</entry><entry VJ="1" colname="col15">5 139,29</entry><entry VJ="1" colname="col16">5 286,47</entry></row><row><entry VJ="1" colname="col1">A 15</entry><entry VJ="1" colname="col2">4 751,96</entry><entry VJ="1" colname="col3">4 754,18</entry><entry VJ="1" colname="col4">4 971,08</entry><entry VJ="1" colname="col5">4 997,63</entry><entry VJ="1" colname="col6">5 138,17</entry><entry VJ="1" colname="col7">5 191,30</entry><entry VJ="1" colname="col8">5 305,28</entry><entry VJ="1" colname="col9">5 384,96</entry><entry VJ="1" colname="col10">5 472,39</entry><entry VJ="1" colname="col11">5 579,73</entry><entry VJ="1" colname="col12">5 638,39</entry><entry VJ="1" colname="col13">5 775,61</entry><entry VJ="1" colname="col14">5 804,38</entry><entry VJ="1" colname="col15">5 808,80</entry><entry VJ="1" colname="col16">5 969,26</entry></row><row><entry VJ="1" colname="col1">A 16</entry><entry VJ="1" colname="col2">5 242,19</entry><entry VJ="1" colname="col3">5 244,42</entry><entry VJ="1" colname="col4">5 496,74</entry><entry VJ="1" colname="col5">5 525,51</entry><entry VJ="1" colname="col6">5 689,28</entry><entry VJ="1" colname="col7">5 750,15</entry><entry VJ="1" colname="col8">5 881,85</entry><entry VJ="1" colname="col9">5 974,81</entry><entry VJ="1" colname="col10">6 073,30</entry><entry VJ="1" colname="col11">6 200,55</entry><entry VJ="1" colname="col12">6 266,97</entry><entry VJ="1" colname="col13">6 425,20</entry><entry VJ="1" colname="col14">6 459,52</entry><entry VJ="1" colname="col15">6 465,04</entry><entry VJ="1" colname="col16">6 649,87</entry></row></tbody></tgroup></table><P>Erhöhungsbeträge für die Besoldungsgruppen A 5, A 6, A 9 und A 10<BR/> Das Grundgehalt erhöht sich in den Besoldungsgruppen A 5 und A 6 für Beamte des mittleren Dienstes sowie für Unteroffiziere um 19,67 Euro; es erhöht sich in den Besoldungsgruppen A 9 und A 10 für Beamte des gehobenen Dienstes sowie für Offiziere um 8,58 Euro.</P></Content></text><fussnoten><Content><P>(+++ Hinweis: Für Beamtinnen und Beamte bei den Postnachfolgeunternehmen ab 1.8.2013 vgl. Bek. 2032-26-6 v. 15.8.2012 I 1771 <BR/>ab 1.3.2014 und ab 1.3.2015 vgl. Bek. 2032-26-7 v. 28.11.2014 I 1899, <BR/>ab 1.3.2016 und ab 1.2.2017 vgl. Bek. 2032-26-9 v. 25.11.2016 I 2695, <BR/>ab 1.3.2018, ab 1.4.2019 und ab 1.3.2020 vgl. Bek. 2032-26-10 v. 13.11.2018 I 1899 +++)</P></Content></fussnoten></textdaten></norm>
<norm builddate="20231128213526" doknr="BJNR022100009BJNE000808310"><metadaten><jurabk>BesÜG</jurabk><enbez>Anlage 2</enbez></metadaten><textdaten><text format="XML"><Content><P><noindex><kommentar typ="Fundstelle">(Fundstelle: BGBl. I 2012, 1701)</kommentar></noindex></P><Title Align="auto" Class="S1"><B>Überleitungstabelle für die Besoldungsgruppen R 1 und R 2</B></Title><BR/><BR/><table frame="all" pgwide="1" tocentry="%yes;"><tgroup align="left" char="" charoff="50" cols="16" colsep="2"><colspec align="center" colname="col1" colwidth="2.2*"/><colspec align="center" colname="col2" colwidth="2*"/><colspec align="center" colname="col3" colsep="1" colwidth="2.00*"/><colspec align="center" colname="col4" colwidth="2.00*"/><colspec align="center" colname="col5" colsep="1" colwidth="2.00*"/><colspec align="center" colname="col6" colwidth="2.00*"/><colspec align="center" colname="col7" colsep="1" colwidth="2.00*"/><colspec align="center" colname="col8" colwidth="2.00*"/><colspec align="center" colname="col9" colsep="1" colwidth="2.00*"/><colspec align="center" colname="col10" colwidth="2.00*"/><colspec align="center" colname="col11" colsep="1" colwidth="2.00*"/><colspec align="center" colname="col12" colwidth="2.00*"/><colspec align="center" colname="col13" colsep="1" colwidth="2.00*"/><colspec align="center" colname="col14" colwidth="2.00*"/><colspec align="center" colname="col15" colsep="1" colwidth="2.00*"/><colspec align="center" colname="col16" colwidth="2.00*"/><thead valign="bottom"><row><entry VJ="1" colname="col1" morerows="1" rowsep="2" valign="middle">Besoldungs-<BR/> gruppe</entry><entry VJ="1" nameend="col16" namest="col2" rowsep="2" valign="middle">Grundgehalt<BR/> (Monatsbeträge in Euro)</entry></row><row><entry VJ="1" align="center" colname="col2" rowsep="2" valign="middle">Stufe 1</entry><entry VJ="1" align="center" colname="col3" rowsep="2" valign="middle">Überleitungs-<BR/> stufe zu Stufe<BR/> 2</entry><entry VJ="1" align="center" colname="col4" rowsep="2" valign="middle">Stufe 2</entry><entry VJ="1" align="center" colname="col5" rowsep="2" valign="middle">Überleitungs-<BR/> stufe zu Stufe<BR/> 3</entry><entry VJ="1" align="center" colname="col6" rowsep="2" valign="middle">Stufe 3</entry><entry VJ="1" align="center" colname="col7" rowsep="2" valign="middle">Überleitungs-<BR/> stufe zu Stufe<BR/> 4</entry><entry VJ="1" align="center" colname="col8" rowsep="2" valign="middle">Stufe 4</entry><entry VJ="1" align="center" colname="col9" rowsep="2" valign="middle">Überleitungs-<BR/> stufe zu Stufe<BR/> 5</entry><entry VJ="1" align="center" colname="col10" rowsep="2" valign="middle">Stufe 5</entry><entry VJ="1" align="center" colname="col11" rowsep="2" valign="middle">Überleitungs-<BR/> stufe zu Stufe<BR/> 6</entry><entry VJ="1" align="center" colname="col12" rowsep="2" valign="middle">Stufe 6</entry><entry VJ="1" align="center" colname="col13" rowsep="2" valign="middle">Überleitungs-<BR/> stufe zu Stufe<BR/> 7</entry><entry VJ="1" align="center" colname="col14" rowsep="2" valign="middle">Stufe 7</entry><entry VJ="1" align="center" colname="col15" rowsep="2" valign="middle">Überleitungs-<BR/> stufe zu Stufe<BR/> 8</entry><entry VJ="1" align="center" colname="col16" rowsep="2" valign="middle">Stufe 8</entry></row></thead><tbody valign="top"><row><entry VJ="1" colname="col1">R 1</entry><entry VJ="1" colname="col2">3 780,31</entry><entry VJ="1" colname="col3">4 040,38</entry><entry VJ="1" colname="col4">4 144,41</entry><entry VJ="1" colname="col5">4 271,66</entry><entry VJ="1" colname="col6">4 509,60</entry><entry VJ="1" colname="col7">4 734,26</entry><entry VJ="1" colname="col8">4 832,76</entry><entry VJ="1" colname="col9">4 966,64</entry><entry VJ="1" colname="col10">5 154,78</entry><entry VJ="1" colname="col11">5 197,94</entry><entry VJ="1" colname="col12">5 477,93</entry><entry VJ="1" colname="col13">5 660,51</entry><entry VJ="1" colname="col14">5 798,85</entry><entry VJ="1" colname="col15">5 892,91</entry><entry VJ="1" colname="col16">6 124,20</entry></row><row><entry VJ="1" colname="col1">R 2</entry><entry VJ="1" colname="col2">4 593,69</entry><entry VJ="1" colname="col3"/><entry VJ="1" colname="col4">4 829,43</entry><entry VJ="1" colname="col5"/><entry VJ="1" colname="col6">5 064,04</entry><entry VJ="1" colname="col7">5 288,69</entry><entry VJ="1" colname="col8">5 384,96</entry><entry VJ="1" colname="col9">5 521,08</entry><entry VJ="1" colname="col10">5 708,09</entry><entry VJ="1" colname="col11">5 752,37</entry><entry VJ="1" colname="col12">6 030,14</entry><entry VJ="1" colname="col13">6 214,95</entry><entry VJ="1" colname="col14">6 353,28</entry><entry VJ="1" colname="col15">6 446,24</entry><entry VJ="1" colname="col16">6 676,44</entry></row></tbody></tgroup></table></Content></text><fussnoten><Content><P>(+++ Hinweis: Für Beamtinnen und Beamte bei den Postnachfolgeunternehmen ab 1.3.2016 und ab 1.2.2017 vgl. Bek. 2032-26-9 v. 25.11.2016 I 2695, <BR/>ab 1.3.2018, ab 1.4.2019 und ab 1.3.2020 vgl. Bek. 2032-26-10 v. 13.11.2018 I 1899 +++)</P></Content></fussnoten></textdaten></norm>
</dokumente>