<?xml version="1.0" encoding="UTF-8" ?><!DOCTYPE dokumente SYSTEM "http://www.gesetze-im-internet.de/dtd/1.01/gii-norm.dtd">
<dokumente builddate="20250403224010" doknr="BJNR109650973"><norm builddate="20250403224010" doknr="BJNR109650973"><metadaten><jurabk>GrStG 1973</jurabk><amtabk>GrStG</amtabk><ausfertigung-datum manuell="ja">1973-08-07</ausfertigung-datum><fundstelle typ="amtlich"><periodikum>BGBl I</periodikum><zitstelle>1973, 965</zitstelle></fundstelle><langue>Grundsteuergesetz</langue><standangabe checked="ja"><standtyp>Stand</standtyp><standkommentar>Zuletzt geändert durch Art. 32 G v. 2.12.2024 I Nr. 387</standkommentar></standangabe></metadaten><textdaten><fussnoten><Content><P><BR/> <pre xml:space="preserve">(+++ Textnachweis Geltung ab: 1.1.1977 +++)<BR/> <BR/>(+++ Zur Anwendung bis zum 31.12.2024 vgl. § 37 Abs. 2 +++)<BR/><BR/></pre>Das G wurde als Art. 1 d. G v. 7.8.1973 I 965 (GrStRefG) vom Bundestag mit Zustimmung des Bundesrates beschlossen. Es ist gem. Art. 8 dieses G am 12.8.1973 in Kraft getreten. <BR/>Abweichendes Landesrecht: <BR/>Dieses G idF v. 7.8.1973 I 965: Baden-Württemberg – Abweichung durch das Gesetz  zur Regelung einer Landesgrundsteuer (Landesgrundsteuergesetz – LGrStG) v. 4.11.2020 GBl. BW 2020, S. 974 mWv 14.11.2020 (vgl. BGBl. I 2020, 2565); dieses geändert durch G v. 22.12.2021 GBl. BW 2021, S. 1029 mWv 31.12.2021 (vgl. BGBl. I 2022, 30) u. durch G v. 13.6.2023 GBl. BW 2023, S. 170  mWv 17.6.2023 (vgl. BGBl. 2023 I Nr. 161) <BR/>Dieses G idF v. 7.8.1973 I 965: Bayern – Abweichung durch das Bayerisches Grundsteuergesetz vom 10.12.2021 GVBl. BY S. 638 mWv 1.1.2022 (vgl. BGBl. I 2022, 29); dieses geändert durch § 4 G v. 23.12.2022 GVBl. BY S. 704 mWv 1.1.2022 u. 1.1.2023 (vgl. BGBl. 2023 I Nr. 68)</P></Content></fussnoten></textdaten></norm>
<norm builddate="20250403224010" doknr="BJNR109650973BJNE005500123"><metadaten><jurabk>GrStG 1973</jurabk><enbez>Inhaltsübersicht</enbez></metadaten><textdaten><text format="XML"><Content><Title Align="auto">Abschnitt I</Title><Title Align="auto">Steuerpflicht</Title><BR/><BR/><table colsep="0" frame="none" pgwide="1" rowsep="0" tabstyle="inhalt1" tocentry="%yes;"><tgroup align="left" char="" charoff="50" cols="2"><colspec colname="col1" colnum="1" colwidth="12*"/><colspec align="justify" colname="col2" colnum="2" colwidth="88*"/><tbody valign="top"><row><entry VJ="1" colname="col1">§  1</entry><entry VJ="1" colname="col2">Heberecht</entry></row><row><entry VJ="1" colname="col1">§  2</entry><entry VJ="1" colname="col2">Steuergegenstand</entry></row><row><entry VJ="1" colname="col1">§  3</entry><entry VJ="1" colname="col2">Steuerbefreiung für Grundbesitz bestimmter Rechtsträger</entry></row><row><entry VJ="1" colname="col1">§  4</entry><entry VJ="1" colname="col2">Sonstige Steuerbefreiungen</entry></row><row><entry VJ="1" colname="col1">§  5</entry><entry VJ="1" colname="col2">Zu Wohnzwecken benutzter Grundbesitz</entry></row><row><entry VJ="1" colname="col1">§  6</entry><entry VJ="1" colname="col2">Land- und forstwirtschaftlich genutzter Grundbesitz</entry></row><row><entry VJ="1" colname="col1">§  7</entry><entry VJ="1" colname="col2">Unmittelbare Benutzung für einen steuerbegünstigten Zweck</entry></row><row><entry VJ="1" colname="col1">§  8</entry><entry VJ="1" colname="col2">Teilweise Benutzung für einen steuerbegünstigten Zweck</entry></row><row><entry VJ="1" colname="col1">§  9</entry><entry VJ="1" colname="col2">Stichtag für die Festsetzung der Grundsteuer, Entstehung der Steuer</entry></row><row><entry VJ="1" colname="col1">§ 10</entry><entry VJ="1" colname="col2">Steuerschuldner</entry></row><row><entry VJ="1" colname="col1">§ 11</entry><entry VJ="1" colname="col2">Persönliche Haftung</entry></row><row><entry VJ="1" colname="col1">§ 12</entry><entry VJ="1" colname="col2">Dingliche Haftung</entry></row></tbody></tgroup></table><BR/><BR/><Title Align="auto">Abschnitt II</Title><Title Align="auto">Bemessung der Grundsteuer</Title><BR/><BR/><table colsep="0" frame="none" pgwide="1" rowsep="0" tabstyle="inhalt1" tocentry="%yes;"><tgroup align="left" char="" charoff="50" cols="2"><colspec colname="col1" colnum="1" colwidth="12*"/><colspec align="justify" colname="col2" colnum="2" colwidth="88*"/><tbody valign="top"><row><entry VJ="1" colname="col1">§ 13</entry><entry VJ="1" colname="col2">Steuermesszahl und Steuermessbetrag</entry></row><row><entry VJ="1" colname="col1">§ 14</entry><entry VJ="1" colname="col2">Steuermesszahl für Betriebe der Land- und Forstwirtschaft</entry></row><row><entry VJ="1" colname="col1">§ 15</entry><entry VJ="1" colname="col2">Steuermesszahl für Grundstücke</entry></row><row><entry VJ="1" colname="col1">§ 16</entry><entry VJ="1" colname="col2">Hauptveranlagung</entry></row><row><entry VJ="1" colname="col1">§ 17</entry><entry VJ="1" colname="col2">Neuveranlagung</entry></row><row><entry VJ="1" colname="col1">§ 18</entry><entry VJ="1" colname="col2">Nachveranlagung</entry></row><row><entry VJ="1" colname="col1">§ 19</entry><entry VJ="1" colname="col2">Anzeigepflicht</entry></row><row><entry VJ="1" colname="col1">§ 20</entry><entry VJ="1" colname="col2">Aufhebung des Steuermessbetrags</entry></row><row><entry VJ="1" colname="col1">§ 21</entry><entry VJ="1" colname="col2">Änderung von Steuermessbescheiden</entry></row><row><entry VJ="1" colname="col1">§ 22</entry><entry VJ="1" colname="col2">Zerlegung des Steuermessbetrags</entry></row><row><entry VJ="1" colname="col1">§ 23</entry><entry VJ="1" colname="col2">Zerlegungsstichtag</entry></row><row><entry VJ="1" colname="col1">§ 24</entry><entry VJ="1" colname="col2">Ersatz der Zerlegung durch Steuerausgleich</entry></row></tbody></tgroup></table><BR/><BR/><Title Align="auto">Abschnitt III</Title><Title Align="auto">Festsetzung und<BR/> Entrichtung der Grundsteuer</Title><BR/><BR/><table colsep="0" frame="none" pgwide="1" rowsep="0" tabstyle="inhalt1" tocentry="%yes;"><tgroup align="left" char="" charoff="50" cols="2"><colspec colname="col1" colnum="1" colwidth="12*"/><colspec align="justify" colname="col2" colnum="2" colwidth="88*"/><tbody valign="top"><row><entry VJ="1" colname="col1">§ 25</entry><entry VJ="1" colname="col2">Festsetzung des Hebesatzes</entry></row><row><entry VJ="1" colname="col1">§ 26</entry><entry VJ="1" colname="col2">Koppelungsvorschriften und Höchsthebesätze</entry></row><row><entry VJ="1" colname="col1">§ 27</entry><entry VJ="1" colname="col2">Festsetzung der Grundsteuer</entry></row><row><entry VJ="1" colname="col1">§ 28</entry><entry VJ="1" colname="col2">Fälligkeit</entry></row><row><entry VJ="1" colname="col1">§ 29</entry><entry VJ="1" colname="col2">Vorauszahlungen</entry></row><row><entry VJ="1" colname="col1">§ 30</entry><entry VJ="1" colname="col2">Abrechnung über die Vorauszahlungen</entry></row><row><entry VJ="1" colname="col1">§ 31</entry><entry VJ="1" colname="col2">Nachentrichtung der Steuer</entry></row></tbody></tgroup></table><BR/><BR/><Title Align="auto">Abschnitt IV</Title><Title Align="auto">Erlass der Grundsteuer</Title><BR/><BR/><table colsep="0" frame="none" pgwide="1" rowsep="0" tabstyle="inhalt1" tocentry="%yes;"><tgroup align="left" char="" charoff="50" cols="2"><colspec colname="col1" colnum="1" colwidth="12*"/><colspec align="justify" colname="col2" colnum="2" colwidth="88*"/><tbody valign="top"><row><entry VJ="1" colname="col1">§ 32</entry><entry VJ="1" colname="col2">Erlass für Kulturgut und Grünanlagen</entry></row><row><entry VJ="1" colname="col1">§ 33</entry><entry VJ="1" colname="col2">Erlass wegen wesentlicher Reinertragsminderung bei Betrieben der Land- und Forstwirtschaft</entry></row><row><entry VJ="1" colname="col1">§ 34</entry><entry VJ="1" colname="col2">Erlass wegen wesentlicher Ertragsminderung bei bebauten Grundstücken</entry></row><row><entry VJ="1" colname="col1">§ 35</entry><entry VJ="1" colname="col2">Verfahren</entry></row></tbody></tgroup></table><BR/><BR/><Title Align="auto">Abschnitt V</Title><Title Align="auto">Übergangs- und Schlussvorschriften</Title><BR/><BR/><table colsep="0" frame="none" pgwide="1" rowsep="0" tabstyle="inhalt1" tocentry="%yes;"><tgroup align="left" char="" charoff="50" cols="2"><colspec colname="col1" colnum="1" colwidth="12*"/><colspec align="justify" colname="col2" colnum="2" colwidth="88*"/><tbody valign="top"><row><entry VJ="1" colname="col1">§ 36</entry><entry VJ="1" colname="col2">Sondervorschriften für die Hauptveranlagung 2025</entry></row><row><entry VJ="1" colname="col1">§ 37</entry><entry VJ="1" colname="col2">Anwendung des Gesetzes</entry></row><row><entry VJ="1" colname="col1">§ 38</entry><entry VJ="1" colname="col2">Bekanntmachung</entry></row></tbody></tgroup></table></Content></text><fussnoten/></textdaten></norm>
<norm builddate="20250403224010" doknr="BJNR109650973BJNG000100314"><metadaten><jurabk>GrStG 1973</jurabk><gliederungseinheit><gliederungskennzahl>010</gliederungskennzahl><gliederungsbez>Abschnitt I</gliederungsbez><gliederungstitel>Steuerpflicht</gliederungstitel></gliederungseinheit></metadaten><textdaten><text format="XML"><Content><P/></Content></text></textdaten></norm>
<norm builddate="20250403224010" doknr="BJNR109650973BJNE000600314"><metadaten><jurabk>GrStG 1973</jurabk><enbez>§ 1</enbez><titel format="parat">Heberecht</titel></metadaten><textdaten><text format="XML"><Content><P>(1) Die Gemeinde bestimmt, ob von dem in ihrem Gebiet liegenden Grundbesitz Grundsteuer zu erheben ist.</P><P>(2) Bestehen in einem Land keine Gemeinden, so stehen das Recht des Absatzes 1 und die in diesem Gesetz bestimmten weiteren Rechte dem Land zu.</P><P>(3) Für den in gemeindefreien Gebieten liegenden Grundbesitz bestimmt die Landesregierung durch Rechtsverordnung, wer die nach diesem Gesetz den Gemeinden zustehenden Befugnisse ausübt.</P></Content>  </text></textdaten></norm>
<norm builddate="20250403224010" doknr="BJNR109650973BJNE000702123"><metadaten><jurabk>GrStG 1973</jurabk><enbez>§ 2</enbez><titel format="XML">Steuergegenstand</titel></metadaten><textdaten><text format="XML"><Content><P>Steuergegenstand ist der inländische Grundbesitz im Sinne des Bewertungsgesetzes: <DL Font="normal" Type="arabic"><DT>1.</DT><DD Font="normal"><LA Size="normal">die Betriebe der Land- und Forstwirtschaft (§§ 232 bis 234, 240 des Bewertungsgesetzes); diesen stehen die in § 218 Satz 2 des Bewertungsgesetzes bezeichneten Betriebsgrundstücke gleich;</LA></DD><DT>2.</DT><DD Font="normal"><LA Size="normal">die Grundstücke (§§ 243, 244 des Bewertungsgesetzes); diesen stehen die in § 218 Satz 3 des Bewertungsgesetzes bezeichneten Betriebsgrundstücke gleich.</LA></DD></DL></P></Content></text><fussnoten><Content><P>§ 2 (früher Nr. 2) idF d. Bek v. 7.8.1973 I 965: Hamburg - Abweichung durch Hamburgisches Grundsteuergesetz (HmbGrStG) v. 24.8.2021 HmbGVBl. 2021 S. 600 mWv 1.9.2021 (vgl. BGBl. I 2021, 4528); dieses geändert durch G v. 22.6.2022 HmbGVBl. 2022 S. 399 mWv 1.1.2022 u. 23.6.2022 (vgl. BGBl.  I 2022, 1075) u. durch G v. 19.12.2024 HmbGVBl. 2024 S. 720 mWv 6.12.2024 u. 1.1.2025 (vgl. BGBl. 2025 I Nr. 17) <BR/>§ 2 Nr. 2 idF d. G v. 7.8.1973 I 965: Niedersachsen - Abweichung durch Niedersächsisches Grundsteuergesetz (NGrStG) v. 7.7.2021 Nds. GVBl. 2021 S. 502 mWv 14.7.2021 (vgl. BGBl. I 2021, 3087); dieses geändert  durch G v. 20.5.2022 Nds. GVBl. 2022 S. 314 mWv 1.1.2022 (vgl. BGBl. I 2022, 797)</P></Content></fussnoten></textdaten></norm>
<norm builddate="20250403224010" doknr="BJNR109650973BJNE000806308"><metadaten><jurabk>GrStG 1973</jurabk><enbez>§ 3</enbez><titel format="parat">Steuerbefreiung für Grundbesitz bestimmter Rechtsträger</titel></metadaten><textdaten><text format="XML"><Content><P>(1) Von der Grundsteuer sind befreit <DL Font="normal" Type="arabic"><DT>1.</DT><DD Font="normal"><LA Size="normal">Grundbesitz, der von einer inländischen juristischen Person des öffentlichen Rechts für einen öffentlichen Dienst oder Gebrauch benutzt wird. Ausgenommen ist der Grundbesitz, der von Berufsvertretungen und Berufsverbänden sowie von Kassenärztlichen Vereinigungen und Kassenärztlichen Bundesvereinigungen benutzt wird;</LA></DD> <DT>1a.</DT><DD Font="normal"><LA Size="normal">(weggefallen)</LA></DD> <DT>2.</DT><DD Font="normal"><LA Size="normal">Grundbesitz, der vom Bundeseisenbahnvermögen für Verwaltungszwecke benutzt wird;</LA></DD> <DT>3.</DT><DD Font="normal"><LA Size="normal">Grundbesitz, der von<DL Font="normal" Type="arabic"><DT>a)</DT><DD Font="normal"><LA Size="normal">einer inländischen juristischen Person des öffentlichen Rechts,</LA></DD> <DT>b)</DT><DD Font="normal"><LA Size="normal">einer inländischen Körperschaft, Personenvereinigung oder Vermögensmasse, die nach der Satzung, dem Stiftungsgeschäft oder der sonstigen Verfassung und nach ihrer tatsächlichen Geschäftsführung ausschließlich und unmittelbar gemeinnützigen oder mildtätigen Zwecken dient,</LA></DD> </DL></LA><LA Size="normal">für gemeinnützige oder mildtätige Zwecke benutzt wird;</LA></DD>  <DT>4.</DT><DD Font="normal"><LA Size="normal">Grundbesitz, der von einer Religionsgesellschaft, die Körperschaft des öffentlichen Rechts ist, einem ihrer Orden, einer ihrer religiösen Genossenschaften oder einem ihrer Verbände für Zwecke der religiösen Unterweisung, der Wissenschaft, des Unterrichts, der Erziehung oder für Zwecke der eigenen Verwaltung benutzt wird. Den Religionsgesellschaften stehen die jüdischen Kultusgemeinden gleich, die nicht Körperschaften des öffentlichen Rechts sind;</LA></DD> <DT>5.</DT><DD Font="normal"><LA Size="normal">Dienstwohnungen der Geistlichen und Kirchendiener der Religionsgesellschaften, die Körperschaften des öffentlichen Rechts sind, und der jüdischen Kultusgemeinden. § 5 ist insoweit nicht anzuwenden.</LA></DD> <DT>6.</DT><DD Font="normal"><LA Size="normal">Grundbesitz der Religionsgesellschaften, die Körperschaften des öffentlichen Rechts sind, und der jüdischen Kultusgemeinden, der am 1. Januar 1987 und im Veranlagungszeitpunkt zu einem nach Kirchenrecht gesonderten Vermögen, insbesondere einem Stellenfonds gehört, dessen Erträge ausschließlich für die Besoldung und Versorgung der Geistlichen und Kirchendiener sowie ihrer Hinterbliebenen bestimmt sind. Ist in dem in Artikel 3 des Einigungsvertrages genannten Gebiet die Zugehörigkeit des Grundbesitzes zu einem gesonderten Vermögen im Sinne des Satzes 1 am 1. Januar 1987 nicht gegeben, reicht es insoweit aus, daß der Grundbesitz zu einem Zeitpunkt vor dem 1. Januar 1987 zu einem gesonderten Vermögen im Sinne des Satzes 1 gehörte. Die §§ 5 und 6 sind insoweit nicht anzuwenden.</LA></DD> </DL>Der Grundbesitz muß ausschließlich demjenigen, der ihn für die begünstigten Zwecke benutzt, oder einem anderen nach den Nummern 1 bis 6 begünstigten Rechtsträger zuzurechnen sein. Satz 2 gilt nicht, wenn der Grundbesitz von einem nicht begünstigten Rechtsträger im Rahmen einer Öffentlich Privaten Partnerschaft einer juristischen Person des öffentlichen Rechts für einen öffentlichen Dienst oder Gebrauch überlassen wird und die Übertragung auf den Nutzer am Ende des Vertragszeitraums vereinbart ist.</P><P>(2) Öffentlicher Dienst oder Gebrauch im Sinne dieses Gesetzes ist die hoheitliche Tätigkeit oder der bestimmungsgemäße Gebrauch durch die Allgemeinheit. Ein Entgelt für den Gebrauch durch die Allgemeinheit darf nicht in der Absicht, Gewinn zu erzielen, gefordert werden.</P><P>(3) Öffentlicher Dienst oder Gebrauch im Sinne dieses Gesetzes ist nicht anzunehmen bei Betrieben gewerblicher Art von juristische Personen des öffentlichen Rechts im Sinne des Körperschaftsteuergesetzes.</P></Content>  </text><fussnoten><Content><P>(+++ § 3 Abs. 3: das Wort &quot;juristische&quot; müsste richtig &quot;juristischen&quot; lauten +++) <BR/>(+++ § 3 Abs. 1 Nr. 1a F. 1994-09-14: Zur Anwendung vgl. § 38 Satz 3 F. ab 1994-09-14 +++) <BR/>(+++ § 3 Abs. 1 Nr. 5 und 6 F. 1993-09-13: Zur erstmaligen Anwendung vgl. § 38 Satz 2 F. 1993-09-13 +++)</P></Content></fussnoten></textdaten></norm>
<norm builddate="20250403224010" doknr="BJNR109650973BJNE000902123"><metadaten><jurabk>GrStG 1973</jurabk><enbez>§ 4</enbez><titel format="XML">Sonstige Steuerbefreiungen</titel></metadaten><textdaten><text format="XML"><Content><P>Soweit sich nicht bereits eine Befreiung nach § 3 ergibt, sind von der Grundsteuer befreit <DL Font="normal" Type="arabic"><DT>1.</DT><DD Font="normal"><LA Size="normal">Grundbesitz, der dem Gottesdienst einer Religionsgesellschaft, die Körperschaft des öffentlichen Rechts ist, oder einer jüdischen Kultusgemeinde gewidmet ist;</LA></DD><DT>2.</DT><DD Font="normal"><LA Size="normal">Bestattungsplätze;</LA></DD><DT>3.</DT><DD Font="normal"><LA Size="normal"><DL Font="normal" Type="arabic"><DT>a)</DT><DD Font="normal"><LA Size="normal">die dem öffentlichen Verkehr dienenden Straßen, Wege, Plätze, Wasserstraßen, Häfen und Schienenwege sowie die Grundflächen mit den diesem Verkehr unmittelbar dienenden Bauwerken und Einrichtungen, zum Beispiel Brücken, Schleuseneinrichtungen, Signalstationen, Stellwerke, Blockstellen;</LA></DD><DT>b)</DT><DD Font="normal"><LA Size="normal">auf Verkehrsflughäfen und Verkehrslandeplätzen alle Flächen, die unmittelbar zur Gewährleistung eines ordnungsgemäßen Flugbetriebes notwendig sind und von Hochbauten und sonstigen Luftfahrthindernissen freigehalten werden müssen, die Grundflächen mit den Bauwerken und Einrichtungen, die unmittelbar diesem Betrieb dienen, sowie die Grundflächen ortsfester Flugsicherungsanlagen einschließlich der Flächen, die für einen einwandfreien Betrieb dieser Anlagen erforderlich sind;</LA></DD><DT>c)</DT><DD Font="normal"><LA Size="normal">die fließenden Gewässer und die ihren Abfluß regelnden Sammelbecken, soweit sie nicht unter Buchstabe a fallen;</LA></DD></DL></LA></DD><DT>4.</DT><DD Font="normal"><LA Size="normal">die Grundflächen mit den im Interesse der Ordnung und Verbesserung der Wasser- und Bodenverhältnisse unterhaltenen Einrichtungen der öffentlich-rechtlichen Wasser- und Bodenverbände und die im öffentlichen Interesse staatlich unter Schau gestellten Privatdeiche;</LA></DD><DT>5.</DT><DD Font="normal"><LA Size="normal">Grundbesitz, der für Zwecke der Wissenschaft, des Unterrichts oder der Erziehung benutzt wird, wenn durch die Landesregierung oder die von ihr beauftragte Stelle anerkannt ist, daß der Benutzungszweck im Rahmen der öffentlichen Aufgaben liegt. Der Grundbesitz muß ausschließlich demjenigen, der ihn benutzt, oder einer juristischen Person des öffentlichen Rechts zuzurechnen sein;</LA></DD><DT>6.</DT><DD Font="normal"><LA Size="normal">Grundbesitz, der für die Zwecke eines Krankenhauses benutzt wird, wenn das Krankenhaus in dem Kalenderjahr, das dem Veranlagungszeitpunkt (§ 16 Absatz 1, § 17 Absatz 3, § 18 Absatz 3) vorangeht, die Voraussetzungen des § 67 Abs. 1 oder 2 der Abgabenordnung erfüllt hat. Der Grundbesitz muß ausschließlich demjenigen, der ihn benutzt, oder einer juristischen Person des öffentlichen Rechts zuzurechnen sein.</LA></DD></DL></P></Content></text><fussnoten/></textdaten></norm>
<norm builddate="20250403224010" doknr="BJNR109650973BJNE001001301"><metadaten><jurabk>GrStG 1973</jurabk><enbez>§ 5</enbez><titel format="parat">Zu Wohnzwecken benutzter Grundbesitz</titel></metadaten><textdaten><text format="XML"><Content><P>(1) Dient Grundbesitz, der für steuerbegünstigte Zwecke (§§ 3 und 4) benutzt wird, zugleich Wohnzwecken, gilt die Befreiung nur für <DL Font="normal" Type="arabic"><DT>1.</DT><DD Font="normal"><LA Size="normal">Gemeinschaftsunterkünfte der Bundeswehr, der ausländischen Streitkräfte, der internationalen militärischen Hauptquartiere, der Bundespolizei, der Polizei und des sonstigen Schutzdienstes des Bundes und der Gebietskörperschaften sowie ihrer Zusammenschlüsse;</LA></DD> <DT>2.</DT><DD Font="normal"><LA Size="normal">Wohnräume in Schülerheimen, Ausbildungs- und Erziehungsheimen sowie Prediger- und Priesterseminaren, wenn die Unterbringung in ihnen für die Zwecke des Unterrichts, der Ausbildung oder der Erziehung erforderlich ist. Wird das Heim oder Seminar nicht von einem der nach § 3 Abs. 1 Nr. 1, 3 oder 4 begünstigten Rechtsträger unterhalten, so bedarf es einer Anerkennung der Landesregierung oder der von ihr beauftragten Stelle, daß die Unterhaltung des Heims oder Seminars im Rahmen der öffentlichen Aufgaben liegt;</LA></DD> <DT>3.</DT><DD Font="normal"><LA Size="normal">Wohnräume, wenn der steuerbegünstigte Zweck im Sinne des § 3 Abs. 1 Nr. 1, 3 oder 4 nur durch ihre Überlassung erreicht werden kann;</LA></DD> <DT>4.</DT><DD Font="normal"><LA Size="normal">Räume, in denen sich Personen für die Erfüllung der steuerbegünstigten Zwecke ständig bereithalten müssen (Bereitschaftsräume), wenn sie nicht zugleich die Wohnung des Inhabers darstellen.</LA></DD> </DL> </P><P>(2) Wohnungen sind stets steuerpflichtig, auch wenn die Voraussetzungen des Absatzes 1 vorliegen.</P></Content></text><fussnoten/></textdaten></norm>
<norm builddate="20250403224010" doknr="BJNR109650973BJNE001100314"><metadaten><jurabk>GrStG 1973</jurabk><enbez>§ 6</enbez><titel format="parat">Land- und forstwirtschaftlich genutzter Grundbesitz</titel></metadaten><textdaten><text format="XML"><Content><P>Wird Grundbesitz, der für steuerbegünstigte Zwecke (§§ 3 und 4) benutzt wird, zugleich land- und forstwirtschaftlich genutzt, so gilt die Befreiung nur für <DL Font="normal" Type="arabic"><DT>1.</DT><DD Font="normal"><LA Size="normal">Grundbesitz, der Lehr- oder Versuchszwecken dient;</LA></DD> <DT>2.</DT><DD Font="normal"><LA Size="normal">Grundbesitz, der von der Bundeswehr, den ausländischen Streitkräften, den internationalen militärischen Hauptquartieren oder den in § 5 Abs. 1 Nr. 1 bezeichneten Schutzdiensten als Übungsplatz oder Flugplatz benutzt wird;</LA></DD> <DT>3.</DT><DD Font="normal"><LA Size="normal">Grundbesitz, der unter § 4 Nr. 1 bis 4 fällt.</LA></DD> </DL></P></Content></text></textdaten></norm>
<norm builddate="20250403224010" doknr="BJNR109650973BJNE001200314"><metadaten><jurabk>GrStG 1973</jurabk><enbez>§ 7</enbez><titel format="parat">Unmittelbare Benutzung für einen steuerbegünstigten Zweck</titel></metadaten><textdaten><text format="XML"><Content><P>Die Befreiung nach den §§ 3 und 4 tritt nur ein, wenn der Steuergegenstand für den steuerbegünstigten Zweck unmittelbar benutzt wird. Unmittelbare Benutzung liegt vor, sobald der Steuergegenstand für den steuerbegünstigten Zweck hergerichtet wird.</P></Content></text></textdaten></norm>
<norm builddate="20250403224010" doknr="BJNR109650973BJNE001300314"><metadaten><jurabk>GrStG 1973</jurabk><enbez>§ 8</enbez><titel format="parat">Teilweise Benutzung für einen steuerbegünstigten Zweck</titel></metadaten><textdaten><text format="XML"><Content><P>(1) Wird ein räumlich abgegrenzter Teil des Steuergegenstandes für steuerbegünstigte Zwecke (§§ 3 und 4) benutzt, so ist nur dieser Teil des Steuergegenstandes steuerfrei.</P><P>(2) Dient der Steuergegenstand oder ein Teil des Steuergegenstandes (Absatz 1) sowohl steuerbegünstigten Zwecken (§§ 3 und 4) als auch anderen Zwecken, ohne daß eine räumliche Abgrenzung für die verschiedenen Zwecke möglich ist, so ist der Steuergegenstand oder der Teil des Steuergegenstandes nur befreit, wenn die steuerbegünstigten Zwecke überwiegen.</P></Content> </text></textdaten></norm>
<norm builddate="20250403224010" doknr="BJNR109650973BJNE001400314"><metadaten><jurabk>GrStG 1973</jurabk><enbez>§ 9</enbez><titel format="parat">Stichtag für die Festsetzung der Grundsteuer,
Entstehung der Steuer</titel></metadaten><textdaten><text format="XML"><Content><P>(1) Die Grundsteuer wird nach den Verhältnissen zu Beginn des Kalenderjahres festgesetzt.</P><P>(2) Die Steuer entsteht mit dem Beginn des Kalenderjahres, für das die Steuer festzusetzen ist.</P></Content> </text></textdaten></norm>
<norm builddate="20250403224010" doknr="BJNR109650973BJNE001501123"><metadaten><jurabk>GrStG 1973</jurabk><enbez>§ 10</enbez><titel format="XML">Steuerschuldner</titel></metadaten><textdaten><text format="XML"><Content><P>(1) Schuldner der Grundsteuer ist derjenige, dem der Steuergegenstand bei der Feststellung des Grundsteuerwerts zugerechnet ist.</P><P>(2) Ist der Steuergegenstand mehreren Personen zugerechnet, so sind sie Gesamtschuldner.</P></Content></text><fussnoten/></textdaten></norm>
<norm builddate="20250403224010" doknr="BJNR109650973BJNE001601301"><metadaten><jurabk>GrStG 1973</jurabk><enbez>§ 11</enbez><titel format="parat">Persönliche Haftung</titel></metadaten><textdaten><text format="XML"><Content><P>(1) Neben dem Steuerschuldner haften der Nießbraucher des Steuergegenstandes und derjenige, dem ein dem Nießbrauch ähnliches Recht zusteht.</P><P>(2) Wird ein Steuergegenstand ganz oder zu einem Teil einer anderen Person übereignet, so haftet der Erwerber neben dem früheren Eigentümer für die auf den Steuergegenstand oder Teil des Steuergegenstandes entfallende Grundsteuer, die für die Zeit seit dem Beginn des letzten vor der Übereignung liegenden Kalenderjahres zu entrichten ist. Das gilt nicht für Erwerbe aus einer Insolvenzmasse und für Erwerbe im Vollstreckungsverfahren.</P></Content> </text><fussnoten/></textdaten></norm>
<norm builddate="20250403224010" doknr="BJNR109650973BJNE001700314"><metadaten><jurabk>GrStG 1973</jurabk><enbez>§ 12</enbez><titel format="parat">Dingliche Haftung</titel></metadaten><textdaten><text format="XML"><Content><P>Die Grundsteuer ruht auf dem Steuergegenstand als öffentliche Last.</P></Content></text></textdaten></norm>
<norm builddate="20250403224010" doknr="BJNR109650973BJNG000200314"><metadaten><jurabk>GrStG 1973</jurabk><gliederungseinheit><gliederungskennzahl>020</gliederungskennzahl><gliederungsbez>Abschnitt II</gliederungsbez><gliederungstitel>Bemessung der Grundsteuer</gliederungstitel></gliederungseinheit></metadaten><textdaten><text format="XML"><Content><P/></Content></text></textdaten></norm>
<norm builddate="20250403224010" doknr="BJNR109650973BJNE001803123"><metadaten><jurabk>GrStG 1973</jurabk><enbez>§ 13</enbez><titel format="XML">Steuermesszahl und Steuermessbetrag</titel></metadaten><textdaten><text format="XML"><Content><P>Bei der Berechnung der Grundsteuer ist von einem Steuermessbetrag auszugehen. Dieser ist durch Anwendung eines Promillesatzes (Steuermesszahl) auf den Grundsteuerwert oder seinen steuerpflichtigen Teil zu ermitteln, der nach dem Bewertungsgesetz im Veranlagungszeitpunkt (§ 16 Absatz 1, § 17 Absatz 3, § 18 Absatz 3) für den Steuergegenstand maßgebend ist.</P></Content></text><fussnoten><Content><P>§ 13 idF d. G v. 7.8.1973 I 965: Niedersachsen - Abweichung durch Niedersächsisches Grundsteuergesetz (NGrStG) v. 7.7.2021 Nds. GVBl. 2021 S. 502 mWv 14.7.2021 (vgl. BGBl. I 2021, 3087); dieses geändert  durch G v. 20.5.2022 Nds. GVBl. 2022 S. 314 mWv 1.1.2022 (vgl. BGBl. I 2022, 797) <BR/>§ 13 idF d. Bek v. 7.8.1973 I 965: Hamburg - Abweichung durch Hamburgisches Grundsteuergesetz (HmbGrStG) v. 24.8.2021 HmbGVBl. 2021 S. 600 mWv 1.9.2021 (vgl. BGBl. I 2021, 4528); dieses geändert durch G v. 22.6.2022 HmbGVBl. 2022 S. 399 mWv 1.1.2022 u. 23.6.2022 (vgl. BGBl.  I 2022, 1075) u. durch G v. 19.12.2024 HmbGVBl. 2024 S. 720 mWv 6.12.2024 u. 1.1.2025 (vgl. BGBl. 2025 I Nr. 17)</P></Content></fussnoten></textdaten></norm>
<norm builddate="20250403224010" doknr="BJNR109650973BJNE001901123"><metadaten><jurabk>GrStG 1973</jurabk><enbez>§ 14</enbez><titel format="XML">Steuermeßzahl für Betriebe der Land- und Forstwirtschaft</titel></metadaten><textdaten><text format="XML"><Content><P>Für Betriebe der Land- und Forstwirtschaft beträgt die Steuermeßzahl 0,55 Promille.</P></Content></text><fussnoten/></textdaten></norm>
<norm builddate="20250403224010" doknr="BJNR109650973BJNE002004123"><metadaten><jurabk>GrStG 1973</jurabk><enbez>§ 15</enbez><titel format="XML">Steuermesszahl für Grundstücke</titel></metadaten><textdaten><text format="XML"><Content><P>(1) Die Steuermesszahl beträgt <DL Font="normal" Type="arabic"><DT>1.</DT><DD Font="normal"><LA Size="normal">für unbebaute Grundstücke im Sinne des § 246 des Bewertungsgesetzes 0,34 Promille,</LA></DD><DT>2.</DT><DD Font="normal"><LA Size="normal">für bebaute Grundstücke <DL Font="normal" Type="alpha"><DT>a)</DT><DD Font="normal"><LA Size="normal">im Sinne des § 249 Absatz 1 Nummer 1 bis 4 des Bewertungsgesetzes 0,31 Promille,</LA></DD><DT>b)</DT><DD Font="normal"><LA Size="normal">im Sinne des § 249 Absatz 1 Nummer 5 bis 8 des Bewertungsgesetzes 0,34 Promille.</LA></DD></DL></LA></DD></DL></P><P>(2) Die Steuermesszahl nach Absatz 1 Nummer 2 Buchstabe a wird um 25 Prozent ermäßigt, wenn <DL Font="normal" Type="arabic"><DT>1.</DT><DD Font="normal"><LA Size="normal">für das Grundstück nach § 13 Absatz 3 des Wohnraumförderungsgesetzes vom 13. September 2001 (BGBl. I S. 2376), das zuletzt durch Artikel 3 des Gesetzes vom 2. Oktober 2015 (BGBl. I S. 1610) geändert worden ist, eine Förderzusage erteilt wurde und</LA></DD><DT>2.</DT><DD Font="normal"><LA Size="normal">die sich aus der Förderzusage im Sinne des § 13 Absatz 2 des Wohnraumförderungsgesetzes ergebenden Bindungen im Hauptveranlagungszeitraum bestehen.</LA></DD></DL>Liegen die Voraussetzungen des Satzes 1 für einen Teil der Gebäude oder für Teile eines Gebäudes vor, so ist die Ermäßigung der Steuermesszahl entsprechend anteilig zu gewähren.</P><P>(3) Absatz 2 gilt entsprechend für Grundstücke, für die nach dem Ersten Wohnungsbaugesetz vom 24. April 1950 (BGBl. S. 83) in der bis zum 31. Dezember 1987 geltenden Fassung, nach dem Zweiten Wohnungsbaugesetz vom 27. Juni 1956 (BGBl. I S. 523) in der bis zum 31. Dezember 2001 geltenden Fassung oder nach den Wohnraumförderungsgesetzen der Länder eine Förderzusage erteilt wurde.</P><P>(4) Liegen für ein Grundstück weder die Voraussetzungen des Absatzes 2 noch des Absatzes 3 vor, wird die Steuermesszahl nach Absatz 1 Nummer 2 Buchstabe a um 25 Prozent ermäßigt, wenn das jeweilige Grundstück <DL Font="normal" Type="arabic"><DT>1.</DT><DD Font="normal"><LA Size="normal">einer Wohnungsbaugesellschaft zugerechnet wird, deren Anteile mehrheitlich von einer oder mehreren Gebietskörperschaften gehalten werden und zwischen der Wohnungsbaugesellschaft und der Gebietskörperschaft oder den Gebietskörperschaften ein Gewinnabführungsvertrag besteht,</LA></DD><DT>2.</DT><DD Font="normal"><LA Size="normal">einer Wohnungsbaugesellschaft zugerechnet wird, die als gemeinnützig im Sinne des § 52 der Abgabenordnung anerkannt ist, oder</LA></DD><DT>3.</DT><DD Font="normal"><LA Size="normal">einer Genossenschaft oder einem Verein zugerechnet wird, für deren oder dessen Tätigkeit eine Steuerbefreiung nach § 5 Absatz 1 Nummer 10 des Körperschaftsteuergesetzes besteht und soweit der Grundbesitz der begünstigten Tätigkeit zuzuordnen ist.</LA></DD></DL></P><P>(5) Die Steuermesszahl nach Absatz 1 Nummer 2 wird für bebaute Grundstücke um 10 Prozent ermäßigt, wenn sich auf dem Grundstück Gebäude befinden, die Baudenkmäler im Sinne des jeweiligen Landesdenkmalschutzgesetzes sind. Stehen auf einem Grundstück nur ein Teil der Gebäude oder nur Teile eines Gebäudes im Sinne des jeweiligen Landesdenkmalschutzgesetzes unter Denkmalschutz, so ist die Ermäßigung der Steuermesszahl entsprechend anteilig zu gewähren.</P><P>(6) Der Abschlag auf die Steuermesszahl nach den Absätzen 2 bis 5 wird auf Antrag zunächst für jeden Erhebungszeitraum innerhalb des Hauptveranlagungszeitraums gewährt, wenn nachgewiesen wird, dass die jeweiligen Voraussetzungen zum Hauptveranlagungszeitpunkt vorliegen. Treten die Voraussetzungen der Absätze 2 bis 5 erst im Laufe des Hauptveranlagungszeitraums ein und liegen sie zu Beginn des Erhebungszeitraums vor, wird der Steuermessbetrag auf Antrag nach § 17 Absatz 2 Nummer 1 neu veranlagt. Entfallen die Voraussetzungen der Absätze 2 bis 5, ist dies nach § 19 Absatz 2 anzuzeigen und ist der Steuermessbetrag nach § 17 Absatz 2 Nummer 1 neu zu veranlagen oder nach § 21 zu ändern. Der Antrag auf eine Ermäßigung der Steuermesszahl nach den Absätzen 2 bis 5 kann durch eine entsprechende Angabe in einer Erklärung nach § 228 Absatz 1 des Bewertungsgesetzes erfolgen.</P></Content></text><fussnoten><Content><P>§§ 15 u. 16 idF d. G v. 7.8.1973 I 965: Niedersachsen - Abweichung durch Niedersächsisches Grundsteuergesetz (NGrStG) v. 7.7.2021 Nds. GVBl. 2021 S. 502 mWv 14.7.2021 (vgl. BGBl. I 2021, 3087); dieses geändert  durch G v. 20.5.2022 Nds. GVBl. 2022 S. 314 mWv 1.1.2022 (vgl. BGBl. I 2022, 797) <BR/>§§ 15 u. 16 idF d. Bek v. 7.8.1973 I 965: Hamburg - Abweichung durch Hamburgisches Grundsteuergesetz (HmbGrStG) v. 24.8.2021 HmbGVBl. 2021 S. 600 mWv 1.9.2021 (vgl. BGBl. I 2021, 4528); dieses geändert durch G v. 22.6.2022 HmbGVBl. 2022 S. 399 mWv 1.1.2022 u. 23.6.2022 (vgl. BGBl.  I 2022, 1075), durch G v. 12.9.2024 HmbGVBl. 2024 S. 554 mWv 1.1.2025 (vgl. BGBl. 2024 I Nr. 358) u. durch G v. 19.12.2024 HmbGVBl. 2024 S. 720 mWv 6.12.2024 u. 1.1.2025 (vgl. BGBl. 2025 I Nr. 17) <BR/>§ 15 idF d. G v. 7.8.1973 I 965: Saarland - Abweichung durch § 1 Saarländisches Grundsteuergesetz v. 15.9.2021 Amtsbl. SL I 2021 S. 2372 mWv 29.10.2021 (vgl. BGBl. I 2021, 4903) <BR/>§ 15 Abs. 1 Nr. 1 u. 2 idF d. Bek v. 7.8.1973 I 965: Sachsen - Abweichung durch das Sächsisches Gesetz über die Festsetzung der Steuermesszahlen bei der Grundsteuer (Sächsisches Grundsteuermesszahlengesetz – SächsGrStMG) v. 21.12.2021 SächsGVBl. 2022, S. 9 mWv 6.1.2022 (vgl. BGBl. I 2022, 29)</P></Content></fussnoten></textdaten></norm>
<norm builddate="20250403224010" doknr="BJNR109650973BJNE002101123"><metadaten><jurabk>GrStG 1973</jurabk><enbez>§ 16</enbez><titel format="XML">Hauptveranlagung</titel></metadaten><textdaten><text format="XML"><Content><P>(1) Die Steuermeßbeträge werden auf den Hauptfeststellungszeitpunkt (§ 221 Absatz 2 des Bewertungsgesetzes) allgemein festgesetzt (Hauptveranlagung). Dieser Zeitpunkt ist der Hauptveranlagungszeitpunkt.</P><P>(2) Der bei der Hauptveranlagung festgesetzte Steuermeßbetrag gilt vorbehaltlich der §§ 17 und 20 von dem Kalenderjahr an, das zwei Jahre nach dem Hauptveranlagungszeitpunkt beginnt. Dieser Steuermeßbetrag bleibt unbeschadet der §§ 17 und 20 bis zu dem Zeitpunkt maßgebend, von dem an die Steuermeßbeträge der nächsten Hauptveranlagung wirksam werden. Der sich nach den Sätzen 1 und 2 ergebende Zeitraum ist der Hauptveranlagungszeitraum.</P><P>(3) Ist die Festsetzungsfrist (§ 169 der Abgabenordnung) bereits abgelaufen, so kann die Hauptveranlagung unter Zugrundelegung der Verhältnisse vom Hauptveranlagungszeitpunkt mit Wirkung für einen späteren Veranlagungszeitpunkt vorgenommen werden, für den diese Frist noch nicht abgelaufen ist.</P></Content></text><fussnoten><Content><P><ABWFORMAT typ="D"/>§§ 15 u. 16 idF d. G v. 7.8.1973 I 965: Niedersachsen - Abweichung durch Niedersächsisches Grundsteuergesetz (NGrStG) v. 7.7.2021 Nds. GVBl. 2021 S. 502 mWv 14.7.2021 (vgl. BGBl. I 2021, 3087); dieses geändert  durch G v. 20.5.2022 Nds. GVBl. 2022 S. 314 mWv 1.1.2022 (vgl. BGBl. I 2022, 797) <BR/><ABWFORMAT typ="D"/>§§ 15 u. 16 idF d. Bek v. 7.8.1973 I 965: Hamburg - Abweichung durch Hamburgisches Grundsteuergesetz (HmbGrStG) v. 24.8.2021 HmbGVBl. 2021 S. 600 mWv 1.9.2021 (vgl. BGBl. I 2021, 4528); dieses geändert durch G v. 22.6.2022 HmbGVBl. 2022 S. 399 mWv 1.1.2022 u. 23.6.2022 (vgl. BGBl.  I 2022, 1075) u. durch G v. 19.12.2024 HmbGVBl. 2024 S. 720 mWv 6.12.2024 u. 1.1.2025 (vgl. BGBl. 2025 I Nr. 17)</P></Content></fussnoten></textdaten></norm>
<norm builddate="20250403224010" doknr="BJNR109650973BJNE002202123"><metadaten><jurabk>GrStG 1973</jurabk><enbez>§ 17</enbez><titel format="XML">Neuveranlagung</titel></metadaten><textdaten><text format="XML"><Content><P>(1) Wird eine Wertfortschreibung (§ 222 Absatz 1 des Bewertungsgesetzes) oder eine Artfortschreibung oder Zurechnungsfortschreibung (§ 222 Absatz 2 des Bewertungsgesetzes) durchgeführt, so wird der Steuermeßbetrag auf den Fortschreibungszeitpunkt neu festgesetzt (Neuveranlagung).</P><P>(2) Der Steuermeßbetrag wird auch dann neu festgesetzt, wenn dem Finanzamt bekannt wird, daß <DL Font="normal" Type="arabic"><DT>1.</DT><DD Font="normal"><LA Size="normal">Gründe, die im Feststellungsverfahren über den Grundsteuerwert nicht zu berücksichtigen sind, zu einem anderen als dem für den letzten Veranlagungszeitpunkt festgesetzten Steuermeßbetrag führen oder</LA></DD><DT>2.</DT><DD Font="normal"><LA Size="normal">die letzte Veranlagung fehlerhaft ist; § 176 der Abgabenordnung ist hierbei entsprechend anzuwenden; das gilt jedoch nur für Veranlagungszeitpunkte, die vor der Verkündung der maßgeblichen Entscheidung eines obersten Gerichts des Bundes liegen.</LA></DD></DL></P><P>(3) Der Neuveranlagung werden die Verhältnisse im Neuveranlagungszeitpunkt zugrunde gelegt. Neuveranlagungszeitpunkt ist <DL Font="normal" Type="arabic"><DT>1.</DT><DD Font="normal"><LA Size="normal">in den Fällen des Absatzes 1 der Beginn des Kalenderjahres, auf den die Fortschreibung durchgeführt wird;</LA></DD><DT>2.</DT><DD Font="normal"><LA Size="normal">in den Fällen des Absatzes 2 Nr. 1 der Beginn des Kalenderjahres, auf den sich erstmals ein abweichender Steuermeßbetrag ergibt. § 16 Abs. 3 ist entsprechend anzuwenden;</LA></DD><DT>3.</DT><DD Font="normal"><LA Size="normal">in den Fällen des Absatzes 2 Nr. 2 der Beginn des Kalenderjahres, in dem der Fehler dem Finanzamt bekannt wird, bei einer Erhöhung des Steuermeßbetrags jedoch frühestens der Beginn des Kalenderjahres, in dem der Steuermeßbescheid erteilt wird.</LA></DD></DL></P><P>(4) Treten die Voraussetzungen für eine Neuveranlagung während des Zeitraums zwischen dem Hauptveranlagungszeitpunkt und dem Zeitpunkt des Wirksamwerdens der Steuermeßbeträge (§ 16 Abs. 2) ein, so wird die Neuveranlagung auf den Zeitpunkt des Wirksamwerdens der Steuermeßbeträge vorgenommen.</P></Content></text><fussnoten><Content><P>§§ 17 u. 18 idF d. Bek v. 7.8.1973 I 965: Hamburg - Abweichung durch Hamburgisches Grundsteuergesetz (HmbGrStG) v. 24.8.2021 HmbGVBl. 2021 S. 600; dieses geändert durch G v. 22.6.2022 HmbGVBl. 2022 S. 399  mWv 1.1.2022 u. 23.6.2022 (vgl. BGBl. I 2022, 1075) u. durch G v. 19.12.2024 HmbGVBl. 2024 S. 720 mWv 6.12.2024 u. 1.1.2025 (vgl. BGBl. 2025 I Nr. 17)</P></Content></fussnoten></textdaten></norm>
<norm builddate="20250403224010" doknr="BJNR109650973BJNE002302123"><metadaten><jurabk>GrStG 1973</jurabk><enbez>§ 18</enbez><titel format="XML">Nachveranlagung</titel></metadaten><textdaten><text format="XML"><Content><P>(1) Wird eine Nachfeststellung (§ 223 Absatz 1 des Bewertungsgesetzes) durchgeführt, so wird der Steuermeßbetrag auf den Nachfeststellungszeitpunkt nachträglich festgesetzt (Nachveranlagung).</P><P>(2) Der Steuermeßbetrag wird auch dann nachträglich festgesetzt, wenn der Grund für die Befreiung des Steuergegenstandes von der Grundsteuer wegfällt, der für die Berechnung der Grundsteuer maßgebende Grundsteuerwert (§ 13 Abs. 1) aber bereits festgestellt ist.</P><P>(3) Der Nachveranlagung werden die Verhältnisse im Nachveranlagungszeitpunkt zugrunde gelegt. Nachveranlagungszeitpunkt ist <DL Font="normal" Type="arabic"><DT>1.</DT><DD Font="normal"><LA Size="normal">in den Fällen des Absatzes 1 der Beginn des Kalenderjahres, auf den der Grundsteuerwert nachträglich festgestellt wird;</LA></DD><DT>2.</DT><DD Font="normal"><LA Size="normal">in den Fällen des Absatzes 2 der Beginn des Kalenderjahres, der auf den Wegfall des Befreiungsgrundes folgt. § 16 Abs. 3 ist entsprechend anzuwenden.</LA></DD></DL></P><P>(4) Treten die Voraussetzungen für eine Nachveranlagung während des Zeitraums zwischen dem Hauptveranlagungszeitpunkt und dem Zeitpunkt des Wirksamwerdens der Steuermeßbeträge (§ 16 Abs. 2) ein, so wird die Nachveranlagung auf den Zeitpunkt des Wirksamwerdens der Steuermeßbeträge vorgenommen.</P></Content></text><fussnoten><Content><P><ABWFORMAT typ="D"/>§§ 17 u. 18 idF d. Bek v. 7.8.1973 I 965: Hamburg - Abweichung durch Hamburgisches Grundsteuergesetz (HmbGrStG) v. 24.8.2021 HmbGVBl. 2021 S. 600; dieses geändert durch G v. 22.6.2022 HmbGVBl. 2022 S. 399  mWv 1.1.2022 u. 23.6.2022 (vgl. BGBl. I 2022, 1075) u. durch G v. 19.12.2024 HmbGVBl. 2024 S. 720 mWv 6.12.2024 u. 1.1.2025 (vgl. BGBl. 2025 I Nr. 17)</P></Content></fussnoten></textdaten></norm>
<norm builddate="20250403224010" doknr="BJNR109650973BJNE002404123"><metadaten><jurabk>GrStG 1973</jurabk><enbez>§ 19</enbez><titel format="XML">Anzeigepflicht</titel></metadaten><textdaten><text format="XML"><Content><P>(1) Jede Änderung in der Nutzung oder in den Eigentumsverhältnissen eines ganz oder teilweise von der Grundsteuer befreiten Steuergegenstandes, die zu einer Änderung oder zum Wegfall der Steuerbefreiung führen kann, hat derjenige anzuzeigen, der nach § 10 als Steuerschuldner in Betracht kommt.</P><P>(2) Den Wegfall der Voraussetzungen für die ermäßigte Steuermesszahl nach § 15 Absatz 2 bis 5 hat derjenige anzuzeigen, der nach § 10 als Steuerschuldner in Betracht kommt.</P><P>(3) Die Anzeigen nach den Absätzen 1 und 2 sind Steuererklärungen im Sinne der Abgabenordnung, die den Finanzbehörden nach amtlich vorgeschriebenem Datensatz über die amtlich bestimmte Schnittstelle elektronisch zu übermitteln sind. Die Anzeigen sind bei dem für die Festsetzung des Steuermessbetrags zuständigen Finanzamt bis zum 31. März des Jahres zu erstatten, das auf das Kalenderjahr der Änderung nach Absatz 1 oder das Kalenderjahr des Wegfalls der Voraussetzungen nach Absatz 2 folgt. Auf Antrag kann die zuständige Finanzbehörde zur Vermeidung unbilliger Härten auf eine elektronische Übermittlung verzichten; in diesem Fall ist die Anzeige nach amtlich vorgeschriebenem Vordruck abzugeben und eigenhändig zu unterschreiben. Für die Entscheidung über den Antrag gilt § 150 Absatz 8 der Abgabenordnung.</P></Content></text><fussnoten><Content><P>§ 19 Abs. 1 Satz 2 u. Abs. 2 Satz 2  idF d. G v. 7.8.1973 I 965: Niedersachsen - Abweichung durch Niedersächsisches Grundsteuergesetz (NGrStG) v. 7.7.2021 Nds. GVBl. 2021 S. 502 mWv 14.7.2021 (vgl. BGBl. I 2021, 3087); dieses geändert durch G v. 20.5.2022 Nds. GVBl. 2022 S. 314 mWv 1.1.2022 (vgl. BGBl. I 2022, 797) <BR/>§ 19 (früher Abs. 1 Satz 2 u. Abs 2 Satz 2) idF d. Bek v. 7.8.1973 I 965: Hamburg - Abweichung durch Hamburgisches Grundsteuergesetz (HmbGrStG) v. 24.8.2021 HmbGVBl. 2021 S. 600 mWv 1.9.2021 (vgl. BGBl. I 2021, 4528); dieses geändert durch G v. 22.6.2022 HmbGVBl. 2022 S. 399 mWv 1.1.2022 u. 23.6.2022 (vgl. BGBl. I 2022, 1075), durch G v. 12.9.2024 HmbGVBl. 2024 S. 554 mWv 1.1.2025 (vgl. BGBl. 2024 I Nr. 358) u. durch G v. 19.12.2024 HmbGVBl. 2024 S. 720 mWv 6.12.2024 u. 1.1.2025 (vgl. BGBl. 2025 I Nr. 17)</P></Content></fussnoten></textdaten></norm>
<norm builddate="20250403224010" doknr="BJNR109650973BJNE002501123"><metadaten><jurabk>GrStG 1973</jurabk><enbez>§ 20</enbez><titel format="XML">Aufhebung des Steuermeßbetrags</titel></metadaten><textdaten><text format="XML"><Content><P>(1) Der Steuermeßbetrag wird aufgehoben, <DL Font="normal" Type="arabic"><DT>1.</DT><DD Font="normal"><LA Size="normal">wenn der Grundsteuerwert aufgehoben wird oder</LA></DD><DT>2.</DT><DD Font="normal"><LA Size="normal">wenn dem Finanzamt bekannt wird, daß<DL Font="normal" Type="arabic"><DT>a)</DT><DD Font="normal"><LA Size="normal">für den ganzen Steuergegenstand ein Befreiungsgrund eingetreten ist oder</LA></DD><DT>b)</DT><DD Font="normal"><LA Size="normal">der Steuermeßbetrag fehlerhaft festgesetzt worden ist.</LA></DD></DL></LA></DD></DL></P><P>(2) Der Steuermeßbetrag wird aufgehoben <DL Font="normal" Type="arabic"><DT>1.</DT><DD Font="normal"><LA Size="normal">in den Fällen des Absatzes 1 Nr. 1 mit Wirkung vom Aufhebungszeitpunkt (§ 224 Absatz 2 des Bewertungsgesetzes) an;</LA></DD><DT>2.</DT><DD Font="normal"><LA Size="normal">in den Fällen des Absatzes 1 Nr. 2 Buchstabe a mit Wirkung vom Beginn des Kalenderjahres an, der auf den Eintritt des Befreiungsgrundes folgt. § 16 Abs. 3 ist entsprechend anzuwenden;</LA></DD><DT>3.</DT><DD Font="normal"><LA Size="normal">in den Fällen des Absatzes 1 Nr. 2 Buchstabe b mit Wirkung vom Beginn des Kalenderjahres an, in dem der Fehler dem Finanzamt bekannt wird.</LA></DD></DL></P><P>(3) Treten die Voraussetzungen für eine Aufhebung während des Zeitraums zwischen dem Hauptveranlagungszeitpunkt und dem Zeitpunkt des Wirksamwerdens der Steuermeßbeträge (§ 16 Abs. 2) ein, so wird die Aufhebung auf den Zeitpunkt des Wirksamwerdens der Steuermeßbeträge vorgenommen.</P></Content></text><fussnoten><Content><P>§ 20 idF d. Bek v. 7.8.1973 I 965: Hamburg - Abweichung durch Hamburgisches Grundsteuergesetz (HmbGrStG) v. 24.8.2021 HmbGVBl. 2021 S. 600 mWv 1.9.2021 (vgl. BGBl. I 2021, 4528); dieses geändert durch G v. 19.12.2024 HmbGVBl. 2024 S. 720 mWv 6.12.2024 u. 1.1.2025 (vgl. BGBl. 2025 I Nr. 17)</P></Content></fussnoten></textdaten></norm>
<norm builddate="20250403224010" doknr="BJNR109650973BJNE002600314"><metadaten><jurabk>GrStG 1973</jurabk><enbez>§ 21</enbez><titel format="parat">Änderung von Steuermeßbescheiden</titel></metadaten><textdaten><text format="XML"><Content><P>Bescheide über die Neuveranlagung oder die Nachveranlagung von Steuermeßbeträgen können schon vor dem maßgebenden Veranlagungszeitpunkt erteilt werden. Sie sind zu ändern oder aufzuheben, wenn sich bis zu diesem Zeitpunkt Änderungen ergeben, die zu einer abweichenden Festsetzung führen.</P></Content></text></textdaten></norm>
<norm builddate="20250403224010" doknr="BJNR109650973BJNE002702123"><metadaten><jurabk>GrStG 1973</jurabk><enbez>§ 22</enbez><titel format="XML">Zerlegung des Steuermessbetrags</titel></metadaten><textdaten><text format="XML"><Content><P>(1) Erstreckt sich der Steuergegenstand über mehrere Gemeinden, so ist der Steuermessbetrag vorbehaltlich des § 24 anteilig in die auf die einzelnen Gemeinden entfallenden Anteile zu zerlegen (Zerlegungsanteile).</P><P>(2) Zerlegungsmaßstab ist bei Betrieben der Land- und Forstwirtschaft der nach § 239 Absatz 2 des Bewertungsgesetzes ermittelte Gemeindeanteil am Grundsteuerwert des Betriebs der Land- und Forstwirtschaft.</P><P>(3) Zerlegungsmaßstab ist bei Grundstücken das Verhältnis, in dem die auf die einzelnen Gemeinden entfallenden Flächengrößen zueinander stehen. Führt die Zerlegung nach Flächengrößen zu einem offenbar unbilligen Ergebnis, sind die Zerlegungsanteile maßgebend, auf die sich die Gemeinden mit dem Steuerschuldner einigen.</P><P>(4) Entfällt auf eine Gemeinde ein Zerlegungsanteil von weniger als 25 Euro, so ist dieser Anteil der Gemeinde zuzuweisen, der nach Absatz 2 oder 3 der größte Zerlegungsanteil zusteht.</P></Content></text><fussnoten/></textdaten></norm>
<norm builddate="20250403224010" doknr="BJNR109650973BJNE002802123"><metadaten><jurabk>GrStG 1973</jurabk><enbez>§ 23</enbez><titel format="XML">Zerlegungsstichtag</titel></metadaten><textdaten><text format="XML"><Content><P>(1) Der Zerlegung des Steuermeßbetrags werden die Verhältnisse in dem Feststellungszeitpunkt zugrunde gelegt, auf den der für die Festsetzung des Steuermeßbetrags maßgebende Grundsteuerwert festgestellt worden ist.</P><P>(2) Ändern sich die Grundlagen für die Zerlegung, ohne daß der Grundsteuerwert fortgeschrieben oder nachträglich festgestellt wird, so sind die Zerlegungsanteile nach dem Stand vom 1. Januar des folgenden Jahres neu zu ermitteln, wenn wenigstens bei einer Gemeinde der neue Anteil um mehr als ein Zehntel, mindestens aber um zehn Euro von ihrem bisherigen Anteil abweicht.</P></Content></text><fussnoten/></textdaten></norm>
<norm builddate="20250403224010" doknr="BJNR109650973BJNE002900314"><metadaten><jurabk>GrStG 1973</jurabk><enbez>§ 24</enbez><titel format="parat">Ersatz der Zerlegung durch Steuerausgleich</titel></metadaten><textdaten><text format="XML"><Content><P>Die Landesregierung kann durch Rechtsverordnung bestimmen, daß bei Betrieben der Land- und Forstwirtschaft, die sich über mehrere Gemeinden erstrecken, aus Vereinfachungsgründen an Stelle der Zerlegung ein Steuerausgleich stattfindet. Beim Steuerausgleich wird der gesamte Steuermeßbetrag der Gemeinde zugeteilt, in der der wertvollste Teil des Steuergegenstandes liegt (Sitzgemeinde); an dem Steueraufkommen der Sitzgemeinde werden die übrigen Gemeinden beteiligt. Die Beteiligung soll annähernd zu dem Ergebnis führen, das bei einer Zerlegung einträte.</P></Content></text></textdaten></norm>
<norm builddate="20250403224010" doknr="BJNR109650973BJNG000300314"><metadaten><jurabk>GrStG 1973</jurabk><gliederungseinheit><gliederungskennzahl>030</gliederungskennzahl><gliederungsbez>Abschnitt III</gliederungsbez><gliederungstitel>Festsetzung und Entrichtung der
Grundsteuer</gliederungstitel></gliederungseinheit></metadaten><textdaten><text format="XML"><Content><P/></Content></text></textdaten></norm>
<norm builddate="20250403224010" doknr="BJNR109650973BJNE003001123"><metadaten><jurabk>GrStG 1973</jurabk><enbez>§ 25</enbez><titel format="parat">Festsetzung des Hebesatzes</titel></metadaten><textdaten><text format="XML"><Content><P>(1) Die Gemeinde bestimmt, mit welchem Hundertsatz des Steuermeßbetrags oder des Zerlegungsanteils die Grundsteuer zu erheben ist (Hebesatz).</P><P>(2) Der Hebesatz ist für ein oder mehrere Kalenderjahre, höchstens jedoch für den Hauptveranlagungszeitraum der Steuermeßbeträge festzusetzen.</P><P>(3) Der Beschluß über die Festsetzung oder Änderung des Hebesatzes ist bis zum 30. Juni eines Kalenderjahres mit Wirkung vom Beginn dieses Kalenderjahres zu fassen. Nach diesem Zeitpunkt kann der Beschluß über die Festsetzung des Hebesatzes gefaßt werden, wenn der Hebesatz die Höhe der letzten Festsetzung nicht überschreitet.</P><P>(4) Der Hebesatz muss vorbehaltlich des Absatzes 5 jeweils einheitlich sein<DL Font="normal" Type="arabic"><DT>1.</DT><DD Font="normal"><LA Size="normal">für die in einer Gemeinde liegenden Betriebe der Land- und Forstwirtschaft und</LA></DD><DT>2.</DT><DD Font="normal"><LA Size="normal">für die in einer Gemeinde liegenden Grundstücke.</LA></DD></DL>Werden Gemeindegebiete geändert, so kann die Landesregierung oder die von ihr bestimmte Stelle für die von der Änderung betroffenen Gebietsteile für eine bestimmte Zeit verschiedene Hebesätze zulassen.</P><P>(5) Die Gemeinde kann aus städtebaulichen Gründen baureife Grundstücke als besondere Grundstücksgruppe innerhalb der unbebauten Grundstücke im Sinne des § 246 des Bewertungsgesetzes bestimmen und abweichend von Absatz 4 Satz 1 Nummer 2 für die Grundstücksgruppe der baureifen Grundstücke einen gesonderten Hebesatz festsetzen. Baureife Grundstücke sind unbebaute Grundstücke im Sinne des § 246 des Bewertungsgesetzes, die nach Lage, Form und Größe und ihrem sonstigen tatsächlichen Zustand sowie nach öffentlich-rechtlichen Vorschriften sofort bebaut werden könnten. Eine erforderliche, aber noch nicht erteilte Baugenehmigung sowie zivilrechtliche Gründe, die einer sofortigen Bebauung entgegenstehen, sind unbeachtlich.Als städtebauliche Gründe kommen insbesondere die Deckung eines erhöhten Bedarfs an Wohn- und Arbeitsstätten sowie Gemeinbedarfsund Folgeeinrichtungen, die Nachverdichtung bestehender Siedlungsstrukturen oder die Stärkung der Innenentwicklung in Betracht. Die Gemeinde hat den gesonderten Hebesatz auf einen bestimmten Gemeindeteil zu beschränken, wenn nur für diesen Gemeindeteil die städtebaulichen Gründe vorliegen.Der Gemeindeteil muss mindestens 10 Prozent des gesamten Gemeindegebiets umfassen und in dem Gemeindeteil müssen mehrere baureife Grundstücke belegen sein. Die genaue Bezeichnung der baureifen Grundstücke, deren Lage sowie das Gemeindegebiet, auf das sich der gesonderte Hebesatz bezieht, sind jeweils nach den Verhältnissen zu Beginn eines Kalenderjahres von der Gemeinde zu bestimmen, in einer Karte nachzuweisen und im Wege einer Allgemeinverfügung öffentlich bekannt zu geben. In der Allgemeinverfügung sind die städtebaulichen Erwägungen nachvollziehbar darzulegen und die Wahl des Gemeindegebiets, auf das sich der gesonderte Hebesatz beziehen soll, zu begründen. Hat eine Gemeinde die Grundstücksgruppe baureifer Grundstücke bestimmt und für die Grundstücksgruppe der baureifen Grundstücke einen gesonderten Hebesatz festgesetzt, muss dieser Hebesatz für alle in der Gemeinde oder dem Gemeindeteil liegenden baureifen Grundstücke einheitlich und höher als der einheitliche Hebesatz für die übrigen in der Gemeinde liegenden Grundstücke sein.</P></Content></text><fussnoten><Content><P>(+++ § 25 Abs. 4 u. 5: Zur Anwendung vgl. § 37 Abs. 3 +++) <BR/>§ 25 (früher Abs. 5 Satz 5 u. 6) idF d. Bek v. 7.8.1973 I 965: Hamburg - Abweichung durch Hamburgisches Grundsteuergesetz (HmbGrStG) v. 24.8.2021 HmbGVBl. 2021 S. 600 mWv 1.9.2021 (vgl. BGBl. I 2021, 4528); dieses geändert durch G v. 22.6.2022 HmbGVBl. 2022 S. 399 mWv 1.1.2022 u. 23.6.2022 (vgl. BGBl.  I 2022, 1075), durch G v. 12.9.2024 HmbGVBl. 2024 S. 554 mWv 1.1.2025 (vgl. BGBl. 2024 I Nr. 358) u. durch G v. 19.12.2024 HmbGVBl. 2024 S. 720 mWv 6.12.2024 u. 1.1.2025 (vgl. BGBl. 2025 I Nr. 17) <BR/>§ 25 Abs. 4 idF d. Bek v. 7.8.1973 I 965: Schleswig-Holstein - Abweichung durch Gesetz über die Einführung einer optionalen Festlegung differenzierender Hebesätze im Rahmen des Grundvermögens bei der Grundsteuer Schleswig-Holstein (Schleswig-Holsteinisches Grundsteuerhebesatzgesetz – SHGrStHsG) v. 15.10.2024 GS Schl.-H. II, Gl.Nr. B 610-11 mWv 2.11.2024 (vgl. BGBl. 2024 I Nr. 412)</P></Content></fussnoten></textdaten></norm>
<norm builddate="20250403224010" doknr="BJNR109650973BJNE003101301"><metadaten><jurabk>GrStG 1973</jurabk><enbez>§ 26</enbez><titel format="parat">Koppelungsvorschriften und Höchsthebesätze</titel></metadaten><textdaten><text format="XML"><Content><P>In welchem Verhältnis die Hebesätze für die Grundsteuer der Betriebe der Land- und Forstwirtschaft, für die Grundsteuer der Grundstücke und für die Gewerbesteuer zueinander stehen müssen, welche Höchstsätze nicht überschritten werden dürfen und inwieweit mit Genehmigung der Gemeindeaufsichtsbehörde Ausnahmen zugelassen werden können, bleibt einer landesrechtlichen Regelung vorbehalten.</P></Content></text><fussnoten/></textdaten></norm>
<norm builddate="20250403224010" doknr="BJNR109650973BJNE003200314"><metadaten><jurabk>GrStG 1973</jurabk><enbez>§ 27</enbez><titel format="parat">Festsetzung der Grundsteuer</titel></metadaten><textdaten><text format="XML"><Content><P>(1) Die Grundsteuer wird für das Kalenderjahr festgesetzt. Ist der Hebesatz für mehr als ein Kalenderjahr festgesetzt, kann auch die jährlich zu erhebende Grundsteuer für die einzelnen Kalenderjahre dieses Zeitraums festgesetzt werden.</P><P>(2) Wird der Hebesatz geändert (§ 25 Abs. 3), so ist die Festsetzung nach Absatz 1 zu ändern.</P><P>(3) Für diejenigen Steuerschuldner, die für das Kalenderjahr die gleiche Grundsteuer wie im Vorjahr zu entrichten haben, kann die Grundsteuer durch öffentliche Bekanntmachung festgesetzt werden. Für die Steuerschuldner treten mit dem Tage der öffentlichen Bekanntmachung die gleichen Rechtswirkungen ein, wie wenn ihnen an diesem Tage ein schriftlicher Steuerbescheid zugegangen wäre.</P></Content>  </text><fussnoten><Content><P>§ 27 idF d. Bek v. 7.8.1973 I 965: Hamburg - Abweichung durch Hamburgisches Grundsteuergesetz (HmbGrStG) v. 24.8.2021 HmbGVBl. 2021 S. 600 mWv 1.9.2021 (vgl. BGBl. I 2021, 4528); dieses geändert durch G v. 19.12.2024 HmbGVBl. 2024 S. 720 mWv 6.12.2024 u. 1.1.2025 (vgl. BGBl. 2025 I Nr. 17)</P></Content></fussnoten></textdaten></norm>
<norm builddate="20250403224010" doknr="BJNR109650973BJNE003301301"><metadaten><jurabk>GrStG 1973</jurabk><enbez>§ 28</enbez><titel format="parat">Fälligkeit</titel></metadaten><textdaten><text format="XML"><Content><P>(1) Die Grundsteuer wird zu je einem Viertel ihres Jahresbetrags am 15. Februar, 15. Mai, 15. August und 15. November fällig.</P><P>(2) Die Gemeinden können bestimmen, daß Kleinbeträge wie folgt fällig werden: <DL Font="normal" Type="arabic"><DT>1.</DT><DD Font="normal"><LA Size="normal">am 15. August mit ihrem Jahresbetrag, wenn dieser fünfzehn Euro nicht übersteigt;</LA></DD> <DT>2.</DT><DD Font="normal"><LA Size="normal">am 15. Februar und 15. August zu je einer Hälfte ihres Jahresbetrags, wenn dieser dreißig Euro nicht übersteigt.</LA></DD> </DL> </P><P>(3) Auf Antrag des Steuerschuldners kann die Grundsteuer abweichend vom Absatz 1 oder Absatz 2 Nr. 2 am 1. Juli in einem Jahresbetrag entrichtet werden. Der Antrag muß spätestens bis zum 30. September des vorangehenden Kalenderjahres gestellt werden. Die beantragte Zahlungsweise bleibt so lange maßgebend, bis ihre Änderung beantragt wird; die Änderung muß spätestens bis zum 30. September des vorangehenden Jahres beantragt werden.</P></Content> </text><fussnoten><Content><P>§ 28 idF d. Bek v. 7.8.1973 I 965: Hamburg - Abweichung durch Hamburgisches Grundsteuergesetz (HmbGrStG) v. 24.8.2021 HmbGVBl. 2021 S. 600 mWv 1.9.2021 (vgl. BGBl. I 2021, 4528); dieses geändert durch G v. 12.9.2024 HmbGVBl. 2024 S. 554 mWv 1.1.2025 (vgl. BGBl. 2024 I Nr. 358) u. durch G v. 19.12.2024 HmbGVBl. 2024 S. 720 mWv 6.12.2024 u. 1.1.2025 (vgl. BGBl. 2025 I Nr. 17)</P></Content></fussnoten></textdaten></norm>
<norm builddate="20250403224010" doknr="BJNR109650973BJNE003400314"><metadaten><jurabk>GrStG 1973</jurabk><enbez>§ 29</enbez><titel format="parat">Vorauszahlungen</titel></metadaten><textdaten><text format="XML"><Content><P>Der Steuerschuldner hat bis zur Bekanntgabe eines neuen Steuerbescheids zu den bisherigen Fälligkeitstagen Vorauszahlungen unter Zugrundelegung der zuletzt festgesetzten Jahressteuer zu entrichten.</P></Content></text><fussnoten><Content><P>§ 29 idF d. Bek v. 7.8.1973 I 965: Hamburg - Abweichung durch Hamburgisches Grundsteuergesetz (HmbGrStG) v. 24.8.2021 HmbGVBl. 2021 S. 600 mWv 1.9.2021 (vgl. BGBl. I 2021, 4528); dieses geändert durch G v. 19.12.2024 HmbGVBl. 2024 S. 720 mWv 6.12.2024 u. 1.1.2025 (vgl. BGBl. 2025 I Nr. 17)</P></Content></fussnoten></textdaten></norm>
<norm builddate="20250403224010" doknr="BJNR109650973BJNE003500314"><metadaten><jurabk>GrStG 1973</jurabk><enbez>§ 30</enbez><titel format="parat">Abrechnung über die Vorauszahlungen</titel></metadaten><textdaten><text format="XML"><Content><P>(1) Ist die Summe der Vorauszahlungen, die bis zur Bekanntgabe des neuen Steuerbescheids zu entrichten waren (§ 29), kleiner als die Steuer, die sich nach dem bekanntgegebenen Steuerbescheid für die vorausgegangenen Fälligkeitstage ergibt (§ 28), so ist der Unterschiedsbetrag innerhalb eines Monats nach Bekanntgabe des Steuerbescheids zu entrichten. Die Verpflichtung, rückständige Vorauszahlungen schon früher zu entrichten, bleibt unberührt.</P><P>(2) Ist die Summe der Vorauszahlungen, die bis zur Bekanntgabe des neuen Steuerbescheids entrichtet worden sind, größer als die Steuer, die sich nach dem bekanntgegebenen Steuerbescheid für die vorangegangenen Fälligkeitstage ergibt, so wird der Unterschiedsbetrag nach Bekanntgabe des Steuerbescheids durch Aufrechnung oder Zurückzahlung ausgeglichen.</P><P>(3) Die Absätze 1 und 2 gelten entsprechend, wenn der Steuerbescheid aufgehoben oder geändert wird.</P></Content>  </text></textdaten></norm>
<norm builddate="20250403224010" doknr="BJNR109650973BJNE003600314"><metadaten><jurabk>GrStG 1973</jurabk><enbez>§ 31</enbez><titel format="parat">Nachentrichtung der Steuer</titel></metadaten><textdaten><text format="XML"><Content><P>Hatte der Steuerschuldner bis zur Bekanntgabe der Jahressteuer keine Vorauszahlungen nach § 29 zu entrichten, so hat er die Steuer, die sich nach dem bekanntgegebenen Steuerbescheid für die vorangegangenen Fälligkeitstage ergibt (§ 28), innerhalb eines Monats nach Bekanntgabe des Steuerbescheids zu entrichten.</P></Content></text></textdaten></norm>
<norm builddate="20250403224010" doknr="BJNR109650973BJNG000400314"><metadaten><jurabk>GrStG 1973</jurabk><gliederungseinheit><gliederungskennzahl>040</gliederungskennzahl><gliederungsbez>Abschnitt IV</gliederungsbez><gliederungstitel>Erlaß der Grundsteuer</gliederungstitel></gliederungseinheit></metadaten><textdaten><text format="XML"><Content><P/></Content></text></textdaten></norm>
<norm builddate="20250403224010" doknr="BJNR109650973BJNE003700314"><metadaten><jurabk>GrStG 1973</jurabk><enbez>§ 32</enbez><titel format="parat">Erlaß für Kulturgut und Grünanlagen</titel></metadaten><textdaten><text format="XML"><Content><P>(1) Die Grundsteuer ist zu erlassen <DL Font="normal" Type="arabic"><DT>1.</DT><DD Font="normal"><LA Size="normal">für Grundbesitz oder Teile von Grundbesitz, dessen Erhaltung wegen seiner Bedeutung für Kunst, Geschichte, Wissenschaft oder Naturschutz im öffentlichen Interesse liegt, wenn die erzielten Einnahmen und die sonstigen Vorteile (Rohertrag) in der Regel unter den jährlichen Kosten liegen. Bei Park- und Gartenanlagen von geschichtlichem Wert ist der Erlaß von der weiteren Voraussetzung abhängig, daß sie in dem billigerweise zu fordernden Umfang der Öffentlichkeit zugänglich gemacht sind;</LA></DD> <DT>2.</DT><DD Font="normal"><LA Size="normal">für öffentliche Grünanlagen, Spiel- und Sportplätze, wenn die jährlichen Kosten in der Regel den Rohertrag übersteigen.</LA></DD> </DL> </P><P>(2) Ist der Rohertrag für Grundbesitz, in dessen Gebäuden Gegenstände von wissenschaftlicher, künstlerischer oder geschichtlicher Bedeutung, insbesondere Sammlungen oder Bibliotheken, dem Zweck der Forschung oder Volksbildung nutzbar gemacht sind, durch die Benutzung zu den genannten Zwecken nachhaltig gemindert, so ist von der Grundsteuer der Hundertsatz zu erlassen, um den der Rohertrag gemindert ist. Das gilt nur, wenn die wissenschaftliche, künstlerische oder geschichtliche Bedeutung der untergebrachten Gegenstände durch die Landesregierung oder die von ihr beauftragte Stelle anerkannt ist.</P></Content></text></textdaten></norm>
<norm builddate="20250403224010" doknr="BJNR109650973BJNE003803123"><metadaten><jurabk>GrStG 1973</jurabk><enbez>§ 33</enbez><titel format="XML">Erlass wegen wesentlicher Reinertragsminderung bei Betrieben der Land- und Forstwirtschaft</titel></metadaten><textdaten><text format="XML"><Content><P>(1) Die Grundsteuer wird in Höhe von 25 Prozent erlassen, wenn bei Betrieben der Land- und Forstwirtschaft der tatsächliche Reinertrag des Steuergegenstandes um mehr als 50 Prozent gemindert ist und der Steuerschuldner die Minderung des tatsächlichen Reinertrags nicht zu vertreten hat. Beträgt die vom Steuerschuldner nicht zu vertretende Minderung des tatsächlichen Reinertrags 100 Prozent, ist die Grundsteuer abweichend von Satz 1 in Höhe von 50 Prozent zu erlassen. Der tatsächliche Reinertrag eines Betriebs der Land- und Forstwirtschaft ermittelt sich nach den Grundsätzen des § 236 Absatz 2 Satz 1 und 2 des Bewertungsgesetzes für ein Wirtschaftsjahr. Er gilt als in dem Erlasszeitraum bezogen, in dem das für den Betrieb der Land- und Forstwirtschaft maßgebliche Wirtschaftsjahr endet.</P><P>(2) Der Erlass nach Absatz 1 wird nur gewährt, wenn die Einziehung der Grundsteuer nach den wirtschaftlichen Verhältnissen des Betriebs unbillig wäre. Ein Erlass nach Absatz 1 ist insbesondere ausgeschlossen, wenn für den Betrieb der Land- und Forstwirtschaft nach § 4 Absatz 1, § 4 Absatz 3 oder § 13a des Einkommensteuergesetzes für dasjenige Wirtschaftsjahr ein Gewinn ermittelt wurde, das im Erlasszeitraum bei der Ermittlung des tatsächlichen Reinertrags nach Absatz 1 zugrunde zu legen ist.</P><P>(3) Eine Ertragsminderung ist kein Erlassgrund, wenn sie für den Erlasszeitraum durch Fortschreibung des Grundsteuerwerts berücksichtigt werden kann oder bei rechtzeitiger Stellung des Antrags auf Fortschreibung hätte berücksichtigt werden können.</P></Content></text><fussnoten/></textdaten></norm>
<norm builddate="20250403224010" doknr="BJNR109650973BJNE005300123"><metadaten><jurabk>GrStG 1973</jurabk><enbez>§ 34</enbez><titel format="XML">Erlass wegen wesentlicher Ertragsminderung bei bebauten Grundstücken</titel></metadaten><textdaten><text format="XML"><Content><P>(1) Die Grundsteuer wird in Höhe von 25 Prozent erlassen, wenn bei bebauten Grundstücken der normale Rohertrag des Steuergegenstandes um mehr als 50 Prozent gemindert ist und der Steuerschuldner die Minderung des normalen Rohertrags nicht zu vertreten hat. Beträgt die vom Steuerschuldner nicht zu vertretende Minderung des normalen Rohertrags 100 Prozent, ist die Grundsteuer abweichend von Satz 1 in Höhe von 50 Prozent zu erlassen. Normaler Rohertrag ist bei bebauten Grundstücken die nach den Verhältnissen zu Beginn des Erlasszeitraums geschätzte übliche Jahresmiete. Die übliche Jahresmiete ist in Anlehnung an die Miete zu ermitteln, die für Räume gleicher oder ähnlicher Art, Lage und Ausstattung regelmäßig gezahlt wird. Betriebskosten sind nicht einzubeziehen.</P><P>(2) Bei eigengewerblich genutzten bebauten Grundstücken gilt als Minderung des normalen Rohertrags die Minderung der Ausnutzung des Grundstücks. In diesen Fällen wird der Erlass nach Absatz 1 nur gewährt, wenn die Einziehung der Grundsteuer nach den wirtschaftlichen Verhältnissen des Betriebs unbillig wäre.</P><P>(3) Wird nur ein Teil des Grundstücks eigengewerblich genutzt, so ist die Ertragsminderung für diesen Teil nach Absatz 2, für den übrigen Teil nach Absatz 1 zu bestimmen. In diesen Fällen ist für den ganzen Steuergegenstand ein einheitlicher Prozentsatz der Ertragsminderung nach dem Anteil der einzelnen Teile am Grundsteuerwert des Grundstücks zu ermitteln.</P><P>(4) Eine Ertragsminderung ist kein Erlassgrund, wenn sie für den Erlasszeitraum durch Fortschreibung des Grundsteuerwerts berücksichtigt werden kann oder bei rechtzeitiger Stellung des Antrags auf Fortschreibung hätte berücksichtigt werden können.</P></Content></text><fussnoten/></textdaten></norm>
<norm builddate="20250403224010" doknr="BJNR109650973BJNE003901123"><metadaten><jurabk>GrStG 1973</jurabk><enbez>§ 35</enbez><titel format="XML">Verfahren</titel></metadaten><textdaten><text format="XML"><Content><P>(1) Der Erlaß wird jeweils nach Ablauf eines Kalenderjahres für die Grundsteuer ausgesprochen, die für das Kalenderjahr festgesetzt worden ist (Erlaßzeitraum). Maßgebend für die Entscheidung über den Erlaß sind die Verhältnisse des Erlaßzeitraums.</P><P>(2) Der Erlaß wird nur auf Antrag gewährt. Der Antrag ist bis zu dem auf den Erlaßzeitraum folgenden 31. März zu stellen.</P><P>(3) In den Fällen des § 32 bedarf es keiner jährlichen Wiederholung des Antrags. Der Steuerschuldner ist verpflichtet, eine Änderung der maßgeblichen Verhältnisse der Gemeinde binnen drei Monaten nach Eintritt der Änderung anzuzeigen.</P></Content></text><fussnoten/></textdaten></norm>
<norm builddate="20250403224010" doknr="BJNR109650973BJNG000700123"><metadaten><jurabk>GrStG 1973</jurabk><gliederungseinheit><gliederungskennzahl>050</gliederungskennzahl><gliederungsbez>Abschnitt V</gliederungsbez><gliederungstitel>Übergangs- und Schlußvorschriften</gliederungstitel></gliederungseinheit></metadaten><textdaten><text format="XML"><Content><P/></Content></text><fussnoten/></textdaten></norm>
<norm builddate="20250403224010" doknr="BJNR109650973BJNE004104123"><metadaten><jurabk>GrStG 1973</jurabk><enbez>§ 36</enbez><titel format="XML">Sondervorschriften für die Hauptveranlagung 2025</titel></metadaten><textdaten><text format="XML"><Content><P>(1) Auf den 1. Januar 2025 findet eine Hauptveranlagung der Grundsteuermessbeträge statt (Hauptveranlagung 2025).</P><P>(2) Die in der Hauptveranlagung 2025 festgesetzten Steuermessbeträge gelten abweichend von § 16 Absatz 2 vorbehaltlich der §§ 17 bis 20 mit Wirkung von dem am 1. Januar 2025 beginnenden Kalenderjahr an. Der Beginn dieses Kalenderjahres ist der Hauptveranlagungszeitpunkt.</P><P>(3) Bescheide über die Hauptveranlagung können schon vor dem Hauptveranlagungszeitpunkt erteilt werden. § 21 Satz 2 ist entsprechend anzuwenden. Eine Aufhebung oder Änderung des Bescheids über die Hauptveranlagung findet auch zur Beseitigung eines Fehlers statt, wenn der Fehler der Finanzbehörde bis zum Ablauf des Kalenderjahres der Hauptveranlagung bekannt wird.</P></Content></text><fussnoten/></textdaten></norm>
<norm builddate="20250403224010" doknr="BJNR109650973BJNE004309123"><metadaten><jurabk>GrStG 1973</jurabk><enbez>§ 37</enbez><titel format="XML">Anwendung des Gesetzes</titel></metadaten><textdaten><text format="XML"><Content><P>(1) Diese Fassung des Gesetzes gilt erstmals für die Grundsteuer des Kalenderjahres 2025.</P><P>(2) Für die Grundsteuer bis einschließlich zum Kalenderjahr 2024 findet das Grundsteuergesetz in der Fassung vom 7. August 1973 (BGBl. I S. 965), das zuletzt durch Artikel 38 des Gesetzes vom 19. Dezember 2008 (BGBl. I S. 2794) geändert worden ist, weiter Anwendung.</P><P>(3) § 25 Absatz 4 und 5 in der am 1. Januar 2025 geltenden Fassung ist erstmals bei der Hauptveranlagung auf den 1. Januar 2025 anzuwenden.</P></Content></text><fussnoten/></textdaten></norm>
<norm builddate="20250403224010" doknr="BJNR109650973BJNE005400123"><metadaten><jurabk>GrStG 1973</jurabk><enbez>§ 38</enbez><titel format="XML">Bekanntmachung</titel></metadaten><textdaten><text format="XML"><Content><P>Das Bundesministerium der Finanzen wird ermächtigt, den Wortlaut dieses Gesetzes in der jeweils geltenden Fassung bekannt zu machen.</P></Content></text><fussnoten/></textdaten></norm>
</dokumente>