<?xml version="1.0" encoding="UTF-8" ?><!DOCTYPE dokumente SYSTEM "http://www.gesetze-im-internet.de/dtd/1.01/gii-norm.dtd">
<dokumente builddate="20241231222436" doknr="BJNR1B00A0024"><norm builddate="20241231222436" doknr="BJNR1B00A0024"><metadaten><jurabk>KugBeV 3</jurabk><amtabk>3. KugBeV</amtabk><ausfertigung-datum manuell="ja">2024-12-20</ausfertigung-datum><fundstelle typ="amtlich"><periodikum>BGBl. I</periodikum><zitstelle>2024, Nr. 432</zitstelle></fundstelle><kurzue>Dritte Kurzarbeitergeldbezugsdauerverordnung</kurzue><langue>Dritte Verordnung über die Bezugsdauer für das Kurzarbeitergeld</langue><standangabe checked="ja"><standtyp>Aufh</standtyp><standkommentar>V aufgeh. durch § 2 Satz 2 dieser V mWv 1.1.2026</standkommentar></standangabe></metadaten><textdaten><fussnoten><Content><P><BR/> <pre xml:space="preserve">(+++ Textnachweis ab: 1.1.2025 +++)<BR/><BR/></pre></P></Content></fussnoten></textdaten></norm>
<norm builddate="20241231222436" doknr="BJNR1B00A0024BJNE000100000"><metadaten><jurabk>KugBeV 3</jurabk><jurabk>3. KugBeV</jurabk><enbez>Eingangsformel</enbez></metadaten><textdaten><text format="XML"><Content><P>Auf Grund des § 109 Absatz 4 des Dritten Buches Sozialgesetzbuch – Arbeitsförderung –, der zuletzt durch Artikel 1 Nummer 1 Buchstabe d des Gesetzes vom 19. Oktober 2022 (BGBl. I S. 1790) geändert worden ist, verordnet die Bundesregierung:</P></Content></text></textdaten></norm>
<norm builddate="20241231222436" doknr="BJNR1B00A0024BJNE000200000"><metadaten><jurabk>KugBeV 3</jurabk><jurabk>3. KugBeV</jurabk><enbez>§ 1</enbez><titel format="XML">Verlängerung der Bezugsdauer</titel></metadaten><textdaten><text format="XML"><Content><P>Die Bezugsdauer für das Kurzarbeitergeld wird über die Bezugsdauer nach § 104 Absatz 1 Satz 1 des Dritten Buches Sozialgesetzbuch hinaus auf bis zu 24 Monate, längstens bis zum 31. Dezember 2025, verlängert.</P></Content></text></textdaten></norm>
<norm builddate="20241231222436" doknr="BJNR1B00A0024BJNE000300000"><metadaten><jurabk>KugBeV 3</jurabk><jurabk>3. KugBeV</jurabk><enbez>§ 2</enbez><titel format="XML">Inkrafttreten, Außerkrafttreten</titel></metadaten><textdaten><text format="XML"><Content><P>Diese Verordnung tritt am 1. Januar 2025 in Kraft. Sie tritt mit Ablauf des 31. Dezember 2025 außer Kraft.</P></Content></text></textdaten></norm>
</dokumente>