<?xml version="1.0" encoding="UTF-8" ?><!DOCTYPE dokumente SYSTEM "http://www.gesetze-im-internet.de/dtd/1.01/gii-norm.dtd">
<dokumente builddate="20250331224030" doknr="BJNR606700022"><norm builddate="20250331224030" doknr="BJNR606700022"><metadaten><jurabk>UkraineAufenthÜV</jurabk><ausfertigung-datum manuell="ja">2022-03-07</ausfertigung-datum><fundstelle typ="amtlich"><periodikum>BAnz</periodikum><zitstelle>AT 08.03.2022 V1</zitstelle></fundstelle><kurzue>Ukraine-Aufenthalts-Übergangsverordnung</kurzue><langue>Verordnung zur vorübergehenden Befreiung vom Erfordernis eines Aufenthaltstitels von anlässlich des Krieges in der Ukraine eingereisten Personen</langue><standangabe checked="ja"><standtyp>Aufh</standtyp><standkommentar>V aufgeh. durch § 4 Abs. 2 dieser V idF d. Art. 1 Nr. 2 V v. 22.11.2024 I Nr. 362 mit Ablauf des 4.3.2026</standkommentar></standangabe><standangabe checked="ja"><standtyp>Stand</standtyp><standkommentar>Zuletzt geändert durch Art. 1 V v. 21.3.2025 I Nr. 95</standkommentar></standangabe></metadaten><textdaten><fussnoten><Content><P><BR/> <pre xml:space="preserve">(+++ Textnachweis ab: 9.3.2022 +++)<BR/><BR/></pre></P></Content></fussnoten></textdaten></norm>
<norm builddate="20250331224030" doknr="BJNR606700022BJNE000106311"><metadaten><jurabk>UkraineAufenthÜV</jurabk><enbez>Eingangsformel</enbez></metadaten><textdaten><text format="XML"><Content><P>Auf Grund des § 99 Absatz 1 Nummer 1 und 2 in Verbindung mit Absatz 4 Satz 1 und 2 des Aufenthaltsgesetzes, von denen § 99 Absatz 4 Satz 1 des Aufenthaltsgesetzes durch Artikel 169 der Verordnung vom 19. Juni 2020 (BGBl. I S. 1328) geändert worden ist, in Verbindung mit § 1 Absatz 2 des Zuständigkeitsanpassungsgesetzes vom 16. August 2002 (BGBl. I S. 3165) und dem Organisationserlass vom 8. Dezember 2021 (BGBl. I S. 5176) verordnet das Bundesministerium des Innern und für Heimat:</P></Content></text><fussnoten/></textdaten></norm>
<norm builddate="20250331224030" doknr="BJNR606700022BJNE000206311"><metadaten><jurabk>UkraineAufenthÜV</jurabk><enbez>§ 1</enbez><titel format="XML">Gegenstand</titel></metadaten><textdaten><text format="XML"><Content><P>Diese Verordnung regelt anlässlich des Krieges in der Ukraine infolge des Überfalls der Russischen Föderation vom 24. Februar 2022 die vorübergehende Befreiung von bestimmten Ausländern vom Erfordernis des Besitzes eines Aufenthaltstitels und ermöglicht diesen die Einholung des für einen langfristigen Aufenthalt erforderlichen Aufenthaltstitels im Bundesgebiet.</P></Content></text><fussnoten/></textdaten></norm>
<norm builddate="20250331224030" doknr="BJNR606700022BJNE000308311"><metadaten><jurabk>UkraineAufenthÜV</jurabk><enbez>§ 2</enbez><titel format="XML">Befreiung vom Erfordernis eines Aufenthaltstitels</titel></metadaten><textdaten><text format="XML"><Content><P>(1) Ausländer, die sich am 24. Februar 2022 in der Ukraine aufgehalten haben und die bis zum 4. Dezember 2025 in das Bundesgebiet eingereist sind, ohne den für einen langfristigen Aufenthalt im Bundesgebiet erforderlichen Aufenthaltstitel zu besitzen, sind für einen Zeitraum von 90 Tagen ab dem Zeitpunkt der erstmaligen Einreise in das Bundesgebiet vom Erfordernis eines Aufenthaltstitels befreit; für Staatenlose und Staatsangehörige anderer Drittstaaten als der Ukraine gilt dies nur, sofern sie <DL Font="normal" Type="alpha"><DT>a)</DT><DD Font="normal"><LA Size="normal">am 24. Februar 2022 in der Ukraine internationalen Schutz oder einen gleichwertigen nationalen Schutz genossen haben,</LA></DD><DT>b)</DT><DD Font="normal"><LA Size="normal">Familienangehörige ukrainischer Staatsangehöriger oder Staatenloser sowie Staatsangehöriger anderer Drittstaaten als der Ukraine sind, die am 24. Februar 2022 in der Ukraine internationalen Schutz oder einen gleichwertigen nationalen Schutz genossen haben oder</LA></DD><DT>c)</DT><DD Font="normal"><LA Size="normal">sich am 24. Februar 2022 auf der Grundlage eines nach ukrainischem Recht erteilten gültigen unbefristeten Aufenthaltstitels rechtmäßig in der Ukraine aufgehalten haben.</LA></DD></DL></P><P>(2) Ukrainische Staatsangehörige, die am 24. Februar 2022 einen Wohnsitz oder ihren gewöhnlichen Aufenthalt in der Ukraine hatten, aber die sich zu diesem Zeitpunkt vorübergehend nicht in der Ukraine aufgehalten haben, und die bis zum 4. Dezember 2025 in das Bundesgebiet eingereist sind, ohne den für einen langfristigen Aufenthalt im Bundesgebiet erforderlichen Aufenthaltstitel zu besitzen, sind für einen Zeitraum von 90 Tagen ab dem Zeitpunkt der erstmaligen Einreise in das Bundesgebiet vom Erfordernis eines Aufenthaltstitels befreit. Dies gilt auch für in der Ukraine anerkannte Flüchtlinge im Sinne des Abkommens vom 28. Juli 1951 über die Rechtsstellung der Flüchtlinge (BGBl. 1953 II S. 559, 560) und Personen, die in der Ukraine internationalen oder gleichwertigen nationalen Schutz genießen.</P><P>(3) Die Befreiung nach den Absätzen 1 und 2 gilt nur, solange keine ablehnende Entscheidung zur Erteilung eines Aufenthaltstitels getroffen wurde.</P><P>(4) Soweit der Regelungsgegenstand der Verordnung reicht, sind die Einreise und der Aufenthalt der in den Absätzen 1 und 2 genannten Ausländer rechtmäßig. Die übrigen Vorschriften des Aufenthaltsrechts bleiben unberührt.</P></Content></text><fussnoten/></textdaten></norm>
<norm builddate="20250331224030" doknr="BJNR606700022BJNE000406311"><metadaten><jurabk>UkraineAufenthÜV</jurabk><enbez>§ 3</enbez><titel format="XML">Titeleinholung im Bundesgebiet</titel></metadaten><textdaten><text format="XML"><Content><P>Ein erforderlicher Aufenthaltstitel kann von den in § 2 Absatz 1 und 2 genannten Ausländern im Bundesgebiet eingeholt werden. Die Befreiung nach § 2 steht der Erteilung eines Aufenthaltstitels nicht entgegen.</P></Content></text><fussnoten/></textdaten></norm>
<norm builddate="20250331224030" doknr="BJNR606700022BJNE000506311"><metadaten><jurabk>UkraineAufenthÜV</jurabk><enbez>§ 4</enbez><titel format="XML">Inkrafttreten, Außerkrafttreten</titel></metadaten><textdaten><text format="XML"><Content><P>(1) Diese Verordnung tritt am Tag nach der Verkündung in Kraft.</P><P>(2) Sie tritt mit Ablauf des 4. März 2026 außer Kraft.</P></Content></text><fussnoten/></textdaten></norm>
</dokumente>