<?xml version="1.0" encoding="UTF-8" ?><!DOCTYPE dokumente SYSTEM "http://www.gesetze-im-internet.de/dtd/1.01/gii-norm.dtd">
<dokumente builddate="20241218222001" doknr="BJNR079500016"><norm builddate="20241218222001" doknr="BJNR079500016"><metadaten><jurabk>KapAusstV 2016</jurabk><amtabk>KapAusstV</amtabk><ausfertigung-datum manuell="ja">2016-04-18</ausfertigung-datum><fundstelle typ="amtlich"><periodikum>BGBl I</periodikum><zitstelle>2016, 795</zitstelle></fundstelle><kurzue>Kapitalausstattungs-Verordnung</kurzue><langue>Verordnung über die Kapitalausstattung von Versicherungsunternehmen</langue><standangabe checked="ja"><standtyp>Stand</standtyp><standkommentar>Zuletzt geändert durch Art. 2 V v. 19.7.2024 I Nr. 250</standkommentar></standangabe><standangabe checked="ja"><standtyp>Hinweis</standtyp><standkommentar>Änderung durch Art. 2 V v. 11.12.2024 I Nr. 414 textlich nachgewiesen, dokumentarisch noch nicht abschließend bearbeitet</standkommentar></standangabe></metadaten><textdaten><fussnoten><Content><P><BR/> <pre xml:space="preserve">(+++ Textnachweis ab: 22.4.2016 +++)<BR/>(+++ Zur Anwendung vgl. §§ 4 Abs. 1, 8, 10 Abs. 2, 11, 14 Abs. 2, 17 Abs. 1, 17 Abs. 2 +++)<BR/><BR/></pre></P></Content></fussnoten></textdaten></norm>
<norm builddate="20241218222001" doknr="BJNR079500016BJNE000100000"><metadaten><jurabk>KapAusstV 2016</jurabk><jurabk>KapAusstV</jurabk><enbez>Eingangsformel</enbez></metadaten><textdaten><text format="XML"><Content><P>Auf Grund des § 122 Absatz 2 Satz 1 in Verbindung mit Satz 3, des § 217 Satz 1 Nummer 1 bis 4 in Verbindung mit Satz 3, auch in Verbindung mit § 165 Absatz 1 und § 219 Absatz 1, des § 220 Satz 1 in Verbindung mit Satz 3 und des § 235 Absatz 1 Satz 1 Nummer 1 bis 3 und 12 in Verbindung mit Absatz 2 Satz 2 des Versicherungsaufsichtsgesetzes vom 1. April 2015 (BGBl. I S. 434) verordnet das Bundesministerium der Finanzen:</P></Content></text></textdaten></norm>
<norm builddate="20241218222001" doknr="BJNR079500016BJNE000201128"><metadaten><jurabk>KapAusstV 2016</jurabk><jurabk>KapAusstV</jurabk><enbez>Inhaltsübersicht</enbez></metadaten><textdaten><text format="XML"><TOC><Ident Class="S2">Kapitel 1</Ident><Title Align="auto" Class="S2">Versicherungsunternehmen,<BR/> die nicht kleine Versicherungsunternehmen,<BR/>Rückversicherungsunternehmen in<BR/> Abwicklung, Pensions- oder Sterbekassen sind</Title><table colsep="0" frame="none" pgwide="1" rowsep="0" tocentry="%yes;"><tgroup align="left" char="" charoff="50" cols="2"><colspec colname="col1" colwidth="10*"/><colspec align="justify" colname="col2" colwidth="70*"/><tbody valign="top"><row><entry VJ="1" colname="col1">§  1</entry><entry VJ="1" colname="col2">Mindestkapitalanforderung</entry></row></tbody></tgroup></table><Ident Class="S2">Kapitel 2</Ident><Title Align="auto" Class="S2">Kleine Versicherungsunternehmen,<BR/> Rückversicherungsunternehmen in<BR/> Abwicklung sowie Pensions- und Sterbekassen</Title><Ident Class="S0">Abschnitt 1</Ident><Title Align="auto" Class="S0">Alle Versicherungssparten<BR/> mit Ausnahme der Lebensversicherung</Title><table colsep="0" frame="none" pgwide="1" rowsep="0" tocentry="%yes;"><tgroup align="left" char="" charoff="50" cols="2"><colspec colname="col1" colwidth="10*"/><colspec align="justify" colname="col2" colwidth="70*"/><tbody valign="top"><row><entry VJ="1" colname="col1">§  2</entry><entry VJ="1" colname="col2">Solvabilitätskapitalanforderung</entry></row><row><entry VJ="1" colname="col1">§  3</entry><entry VJ="1" colname="col2">Beitragsindex</entry></row><row><entry VJ="1" colname="col1">§  4</entry><entry VJ="1" colname="col2">Schadenindex</entry></row><row><entry VJ="1" colname="col1">§  5</entry><entry VJ="1" colname="col2">Krankenversicherung</entry></row><row><entry VJ="1" colname="col1">§  6</entry><entry VJ="1" colname="col2">Mindestkapitalanforderung</entry></row><row><entry VJ="1" colname="col1">§  7</entry><entry VJ="1" colname="col2">Ausnahme von der Mindestkapitalanforderung für bestimmte kleinere Vereine</entry></row></tbody></tgroup></table><Ident Class="S0">Abschnitt 2</Ident><Title Align="auto" Class="S0">Rückversicherungsunternehmen in Abwicklung</Title><table colsep="0" frame="none" pgwide="1" rowsep="0" tocentry="%yes;"><tgroup align="left" char="" charoff="50" cols="2"><colspec colname="col1" colwidth="10*"/><colspec align="justify" colname="col2" colwidth="70*"/><tbody valign="top"><row><entry VJ="1" colname="col1">§  8</entry><entry VJ="1" colname="col2">Anzuwendende Vorschriften</entry></row></tbody></tgroup></table><Ident Class="S0">Abschnitt 3</Ident><Title Align="auto" Class="S0">Lebensversicherung <BR/>mit Ausnahme der Pensions- und Sterbekassen</Title><table colsep="0" frame="none" pgwide="1" rowsep="0" tocentry="%yes;"><tgroup align="left" char="" charoff="50" cols="2"><colspec colname="col1" colwidth="10*"/><colspec align="justify" colname="col2" colwidth="70*"/><tbody valign="top"><row><entry VJ="1" colname="col1">§  9</entry><entry VJ="1" colname="col2">Solvabilitätskapitalanforderung</entry></row><row><entry VJ="1" colname="col1">§ 10</entry><entry VJ="1" colname="col2">Fondsgebundene Lebensversicherung</entry></row><row><entry VJ="1" colname="col1">§ 11</entry><entry VJ="1" colname="col2">Zusätzliche Risiken</entry></row><row><entry VJ="1" colname="col1">§ 12</entry><entry VJ="1" colname="col2">Kapitalisierungsgeschäfte</entry></row><row><entry VJ="1" colname="col1">§ 13</entry><entry VJ="1" colname="col2">Tontinengeschäfte</entry></row><row><entry VJ="1" colname="col1">§ 14</entry><entry VJ="1" colname="col2">Verwaltung von Versorgungseinrichtungen</entry></row><row><entry VJ="1" colname="col1">§ 15</entry><entry VJ="1" colname="col2">Mindestkapitalanforderung</entry></row><row><entry VJ="1" colname="col1">§ 16</entry><entry VJ="1" colname="col2">Zusätzliche Eigenmittel</entry></row></tbody></tgroup></table><Ident Class="S0">Abschnitt 4</Ident><Title Align="auto" Class="S0">Pensions- und Sterbekassen</Title><table colsep="0" frame="none" pgwide="1" rowsep="0" tocentry="%yes;"><tgroup align="left" char="" charoff="50" cols="2"><colspec colname="col1" colwidth="10*"/><colspec align="justify" colname="col2" colwidth="70*"/><tbody valign="top"><row><entry VJ="1" colname="col1">§ 17</entry><entry VJ="1" colname="col2">Solvabilitätskapitalanforderung</entry></row><row><entry VJ="1" colname="col1">§ 18</entry><entry VJ="1" colname="col2">Mindestkapitalanforderung</entry></row></tbody></tgroup></table><Ident Class="S2">Kapitel 3</Ident><Title Align="auto" Class="S2">Berichterstattung<BR/> gegenüber der Aufsichtsbehörde</Title><table colsep="0" frame="none" pgwide="1" rowsep="0" tocentry="%yes;"><tgroup align="left" char="" charoff="50" cols="2"><colspec colname="col1" colwidth="10*"/><colspec align="justify" colname="col2" colwidth="70*"/><tbody valign="top"><row><entry VJ="1" colname="col1">§ 19</entry><entry VJ="1" colname="col2">Solvabilitätsnachweis</entry></row><row><entry VJ="1">§ 19a</entry><entry VJ="1">Elektronische Einreichung</entry></row><row><entry VJ="1">§ 19b</entry><entry VJ="1">Datenformate und Einreichungsvorgaben</entry></row><row><entry VJ="1">§ 19c</entry><entry VJ="1">Zusammen bei der Bundesanstalt einzureichende Unterlagen</entry></row><row><entry VJ="1">§ 19d</entry><entry VJ="1">Korrekturmeldungen gegenüber der Bundesanstalt</entry></row><row><entry VJ="1">§ 19e</entry><entry VJ="1">Zurückweisung von Daten</entry></row></tbody></tgroup></table><Ident Class="S2">Kapitel 4</Ident><Title Align="auto" Class="S2">Schlussvorschriften</Title><table colsep="0" frame="none" pgwide="1" rowsep="0" tocentry="%yes;"><tgroup align="left" char="" charoff="50" cols="3"><colspec colname="col1" colwidth="10*"/><colspec align="justify" colname="col2" colwidth="3*"/><colspec align="justify" colname="col3" colwidth="67*"/><tbody valign="top"><row><entry VJ="1" colname="col1">§ 20</entry><entry VJ="1" nameend="col3" namest="col2">Übergangsvorschriften</entry></row><row><entry VJ="1" colname="col1">§ 21</entry><entry VJ="1" nameend="col3" namest="col2">Inkrafttreten</entry></row><row><entry VJ="1" nameend="col2" namest="col1">Anlage</entry><entry VJ="1" colname="col3">Solvabilitätsnachweis</entry></row></tbody></tgroup></table></TOC></text></textdaten></norm>
<norm builddate="20241218222001" doknr="BJNR079500016BJNG000100000"><metadaten><jurabk>KapAusstV 2016</jurabk><jurabk>KapAusstV</jurabk><gliederungseinheit><gliederungskennzahl>010</gliederungskennzahl><gliederungsbez>Kapitel 1</gliederungsbez><gliederungstitel>Versicherungsunternehmen, die nicht kleine Versicherungsunternehmen, Rückversicherungsunternehmen in Abwicklung, Pensions- oder Sterbekassen sind</gliederungstitel></gliederungseinheit></metadaten><textdaten/></norm>
<norm builddate="20241218222001" doknr="BJNR079500016BJNE000301123"><metadaten><jurabk>KapAusstV 2016</jurabk><jurabk>KapAusstV</jurabk><enbez>§ 1</enbez><titel format="XML">Mindestkapitalanforderung</titel></metadaten><textdaten><text format="XML"><Content><P>(1) Die gemäß den Artikeln 248 bis 251 der Delegierten Verordnung (EU) 2015/35 der Kommission vom 10. Oktober 2014 zur Ergänzung der Richtlinie 2009/138/EG des Europäischen Parlaments und des Rates betreffend die Aufnahme und Ausübung der Versicherungs- und der Rückversicherungstätigkeit (Solvabilität II) (ABl. L 12 vom 17.1.2015, S. 1) zu berechnende Mindestkapitalanforderung bedarf der Anpassung, wenn sie weniger als 25 Prozent oder mehr als 45 Prozent der nach den §§ 96 bis 109 oder den §§ 111 bis 121 des Versicherungsaufsichtsgesetzes berechneten Solvabilitätskapitalanforderung beträgt. Dabei ist ein etwaiger, nach § 301 des Versicherungsaufsichtsgesetzes festgesetzter Kapitalaufschlag als Teil der Solvabilitätskapitalanforderung mit zu berücksichtigen. Die Anpassung erfolgt durch Anhebung der errechneten Mindestkapitalanforderung auf 25 Prozent oder Reduzierung der errechneten Mindestkapitalanforderung auf 45 Prozent des Betrags der Solvabilitätskapitalanforderung.</P><P>(2) In keinem Fall darf die Mindestkapitalanforderung die folgenden absoluten Untergrenzen unterschreiten: <DL Type="arabic"><DT>1.</DT><DD Font="normal"><LA>2,7 Millionen Euro bei Kranken-, Schaden- und Unfallversicherungsunternehmen, einschließlich firmeneigener Versicherungsunternehmen, die keine Risiken der Versicherungssparten nach den Nummern 10 bis 15 der Anlage 1 des Versicherungsaufsichtsgesetzes decken,</LA></DD><DT>2.</DT><DD Font="normal"><LA>4 Millionen Euro bei Schaden- und Unfallversicherungsunternehmen, einschließlich firmeneigener Versicherungsunternehmen, die Risiken mindestens einer der Versicherungssparten nach den Nummern 10 bis 15 der Anlage 1 des Versicherungsaufsichtsgesetzes decken,</LA></DD><DT>3.</DT><DD Font="normal"><LA>4 Millionen Euro bei Lebensversicherungsunternehmen, einschließlich firmeneigener Versicherungsunternehmen,</LA></DD><DT>4.</DT><DD Font="normal"><LA>3,9 Millionen Euro bei Rückversicherungsunternehmen und</LA></DD><DT>5.</DT><DD Font="normal"><LA>1,3 Millionen Euro bei firmeneigenen Rückversicherungsunternehmen.</LA></DD></DL></P></Content></text><fussnoten/></textdaten></norm>
<norm builddate="20241218222001" doknr="BJNR079500016BJNG000200000"><metadaten><jurabk>KapAusstV 2016</jurabk><jurabk>KapAusstV</jurabk><gliederungseinheit><gliederungskennzahl>020</gliederungskennzahl><gliederungsbez>Kapitel 2</gliederungsbez><gliederungstitel>Kleine Versicherungsunternehmen, Rückversicherungsunternehmen in Abwicklung sowie Pensions- und Sterbekassen</gliederungstitel></gliederungseinheit></metadaten><textdaten/></norm>
<norm builddate="20241218222001" doknr="BJNR079500016BJNG000300000"><metadaten><jurabk>KapAusstV 2016</jurabk><jurabk>KapAusstV</jurabk><gliederungseinheit><gliederungskennzahl>020010</gliederungskennzahl><gliederungsbez>Abschnitt 1</gliederungsbez><gliederungstitel>Alle Versicherungssparten mit Ausnahme der Lebensversicherung</gliederungstitel></gliederungseinheit></metadaten><textdaten/></norm>
<norm builddate="20241218222001" doknr="BJNR079500016BJNE000400000"><metadaten><jurabk>KapAusstV 2016</jurabk><jurabk>KapAusstV</jurabk><enbez>§ 2</enbez><titel format="XML">Solvabilitätskapitalanforderung</titel></metadaten><textdaten><text format="XML"><Content><P>(1) Die Höhe der Solvabilitätskapitalanforderung ergibt sich vorbehaltlich des Absatzes 2 als Maximum des Beitragsindexes nach § 3 und des Schadenindexes nach § 4.</P><P>(2) Ist das nach Absatz 1 gebildete Maximum niedriger als die Solvabilitätskapitalanforderung des Vorjahres, so entspricht die Solvabilitätskapitalanforderung mindestens dem Betrag, der sich ergibt, wenn die Solvabilitätskapitalanforderung des Vorjahres vervielfacht wird mit dem Quotienten aus <DL Type="arabic"><DT>1.</DT><DD Font="normal"><LA>dem höheren Wert aus der Nettorückstellung für noch nicht abgewickelte Versicherungsfälle und 50 Prozent der Bruttorückstellung für noch nicht abgewickelte Versicherungsfälle am Ende des letzten Geschäftsjahres und</LA></DD><DT>2.</DT><DD Font="normal"><LA>dem höheren Wert aus der Nettorückstellung für noch nicht abgewickelte Versicherungsfälle und 50 Prozent der Bruttorückstellung für noch nicht abgewickelte Versicherungsfälle zu Beginn des letzten Geschäftsjahres.</LA></DD></DL>Der Quotient darf dabei höchstens mit 1 angesetzt werden.</P></Content></text><fussnoten><Content><P>(+++ § 2: Zur Anwendung vgl. § 8 +++)</P></Content></fussnoten></textdaten></norm>
<norm builddate="20241218222001" doknr="BJNR079500016BJNE000500000"><metadaten><jurabk>KapAusstV 2016</jurabk><jurabk>KapAusstV</jurabk><enbez>§ 3</enbez><titel format="XML">Beitragsindex</titel></metadaten><textdaten><text format="XML"><Content><P>(1) Der Beitragsindex errechnet sich nach den Absätzen 2 und 3. Dabei sind die Bruttobeiträge die gebuchten oder die verdienten Bruttobeiträge; maßgebend ist jeweils der höhere Betrag.</P><P>(2) Es werden die im letzten Geschäftsjahr ausgewiesenen Bruttobeiträge einschließlich Nebenleistungen aus selbst abgeschlossenem und in Rückdeckung übernommenem Versicherungsgeschäft (gesamtes Versicherungsgeschäft) zusammengerechnet. Hiervon sind die auf die Beiträge entfallenden Steuern und Gebühren sowie die im letzten Geschäftsjahr stornierten Beiträge abzuziehen. Von dem verbleibenden Betrag werden bis zum Betrag von 61,3 Millionen Euro 18 Prozent, von dem darüber hinausgehenden Betrag 16 Prozent ermittelt. Die ermittelten Teilbeträge werden addiert.</P><P>(3) Das Zwischenergebnis aus Absatz 2 Satz 4 ist mit dem Verhältnissatz zu vervielfachen, der sich für das gesamte Versicherungsgeschäft aus dem Verhältnis der Aufwendungen für Versicherungsfälle für eigene Rechnung in den letzten drei Geschäftsjahren zu den Bruttoaufwendungen für Versicherungsfälle in den letzten drei Geschäftsjahren ergibt. Der Verhältnissatz ist mit mindestens 0,5 anzusetzen.</P></Content></text><fussnoten><Content><P>(+++ § 3: Zur Anwendung vgl. § 8 +++) <BR/>(+++ § 3: Zur Anwendung vgl. § 11 +++) <BR/>(+++ § 3 Abs. 2: Zur Anwendung vgl. § 17 Abs. 2 +++) <BR/>(+++ § 3 Abs. 3: Zur Anwendung vgl. § 4 Abs. 1 +++)</P></Content></fussnoten></textdaten></norm>
<norm builddate="20241218222001" doknr="BJNR079500016BJNE000600000"><metadaten><jurabk>KapAusstV 2016</jurabk><jurabk>KapAusstV</jurabk><enbez>§ 4</enbez><titel format="XML">Schadenindex</titel></metadaten><textdaten><text format="XML"><Content><P>(1) Der Schadenindex wird nach Maßgabe der folgenden Sätze ermittelt. Die Bruttozahlungen für Versicherungsfälle in den letzten drei Geschäftsjahren und die am Ende des letzten Geschäftsjahres gebildeten Bruttorückstellungen für noch nicht abgewickelte Versicherungsfälle für das gesamte Versicherungsgeschäft werden zusammengerechnet. Von dieser Summe werden die während der letzten drei Geschäftsjahre erzielten Erträge aus Regressen sowie die zu Beginn dieses Zeitraums vorhandenen Bruttorückstellungen für noch nicht abgewickelte Versicherungsfälle für das gesamte Versicherungsgeschäft abgezogen. Der verbleibende Betrag wird durch drei geteilt. Von dem Ergebnis werden bis zum Betrag von 42,9 Millionen Euro 26 Prozent und von dem darüber hinausgehenden Betrag 23 Prozent ermittelt. Die ermittelten Teilbeträge werden addiert. Auf das Zwischenergebnis aus Satz 6 ist § 3 Absatz 3 entsprechend anzuwenden.</P><P>(2) Bei Unternehmen, die im Wesentlichen die Sturm-, Hagel- oder Frostversicherung betreiben, sind als Schadenindex die durchschnittlichen Aufwendungen für Versicherungsfälle der letzten sieben Geschäftsjahre zugrunde zu legen. Für die Ermittlung des Durchschnitts gilt Absatz 1 entsprechend.</P><P>(3) Bei der in Nummer 18 der Anlage 1 des Versicherungsaufsichtsgesetzes genannten Versicherungssparte entspricht die Summe der Bruttozahlungen für Versicherungsfälle, die in die Berechnung des Schadenindexes eingeht, den Kosten, die dem Versicherungsunternehmen aus der erbrachten Beistandsleistung erwachsen.</P></Content></text><fussnoten><Content><P>(+++ § 4: Zur Anwendung vgl. § 8 +++)</P></Content></fussnoten></textdaten></norm>
<norm builddate="20241218222001" doknr="BJNR079500016BJNE000700000"><metadaten><jurabk>KapAusstV 2016</jurabk><jurabk>KapAusstV</jurabk><enbez>§ 5</enbez><titel format="XML">Krankenversicherung</titel></metadaten><textdaten><text format="XML"><Content><P>Die Prozentsätze nach § 3 Absatz 2 Satz 3 und § 4 Absatz 1 Satz 5 sind um zwei Drittel zu kürzen, soweit Krankenversicherungen nach Art der Lebensversicherung betrieben werden, wenn <DL Type="arabic"><DT>1.</DT><DD Font="normal"><LA>die Beiträge auf der Grundlage von Wahrscheinlichkeitstafeln nach versicherungsmathematischen Grundsätzen berechnet werden,</LA></DD><DT>2.</DT><DD Font="normal"><LA>eine Alterungsrückstellung gebildet wird,</LA></DD><DT>3.</DT><DD Font="normal"><LA>ein angemessener Sicherheitszuschlag erhoben wird und</LA></DD><DT>4.</DT><DD Font="normal"><LA>nach den Allgemeinen Versicherungsbedingungen <DL Type="alpha"><DT>a)</DT><DD Font="normal"><LA>das Kündigungsrecht des Versicherungsunternehmens spätestens nach Ablauf des dritten Versicherungsjahres ausgeschlossen ist sowie</LA></DD><DT>b)</DT><DD Font="normal"><LA>eine Erhöhung der Beiträge oder eine Herabsetzung der Leistungen mit Wirkung für bestehende Versicherungen vorbehalten ist.</LA></DD></DL></LA></DD></DL></P></Content></text></textdaten></norm>
<norm builddate="20241218222001" doknr="BJNR079500016BJNE000801118"><metadaten><jurabk>KapAusstV 2016</jurabk><jurabk>KapAusstV</jurabk><enbez>§ 6</enbez><titel format="XML">Mindestkapitalanforderung</titel></metadaten><textdaten><text format="XML"><Content><P>(1) Die Mindestkapitalanforderung beträgt mindestens 2,5 Millionen Euro.</P><P>(2) Für Versicherungsvereine auf Gegenseitigkeit beträgt die Mindestkapitalanforderung abweichend von Absatz 1 mindestens 600 000 Euro.</P><P>(3) Eigenmittel gemäß § 214 Absatz 1 Satz 1 Nummer 8 Buchstabe a und b des Versicherungsaufsichtsgesetzes werden auf die Mindestkapitalanforderung nicht angerechnet.</P></Content></text><fussnoten><Content><P>(+++ § 6: Zur Anwendung vgl. § 8 +++)</P></Content></fussnoten></textdaten></norm>
<norm builddate="20241218222001" doknr="BJNR079500016BJNE000900000"><metadaten><jurabk>KapAusstV 2016</jurabk><jurabk>KapAusstV</jurabk><enbez>§ 7</enbez><titel format="XML">Ausnahme von der Mindestkapitalanforderung für bestimmte kleinere Vereine</titel></metadaten><textdaten><text format="XML"><Content><P>Für kleinere Vereine, deren Satzung vorsieht, dass Nachschüsse vorbehalten sind oder Versicherungsansprüche gekürzt werden, und deren jährliche Beiträge 1,9 Millionen Euro nicht übersteigen, entfällt der Mindestbetrag der Mindestkapitalanforderung.</P></Content></text></textdaten></norm>
<norm builddate="20241218222001" doknr="BJNR079500016BJNG000400000"><metadaten><jurabk>KapAusstV 2016</jurabk><jurabk>KapAusstV</jurabk><gliederungseinheit><gliederungskennzahl>020020</gliederungskennzahl><gliederungsbez>Abschnitt 2</gliederungsbez><gliederungstitel>Rückversicherungsunternehmen in Abwicklung</gliederungstitel></gliederungseinheit></metadaten><textdaten/></norm>
<norm builddate="20241218222001" doknr="BJNR079500016BJNE001000000"><metadaten><jurabk>KapAusstV 2016</jurabk><jurabk>KapAusstV</jurabk><enbez>§ 8</enbez><titel format="XML">Anzuwendende Vorschriften</titel></metadaten><textdaten><text format="XML"><Content><P>Für Rückversicherungsunternehmen in Abwicklung gemäß § 165 des Versicherungsaufsichtsgesetzes gelten die §§ 2 bis 4 und 6 entsprechend.</P></Content></text></textdaten></norm>
<norm builddate="20241218222001" doknr="BJNR079500016BJNG000500000"><metadaten><jurabk>KapAusstV 2016</jurabk><jurabk>KapAusstV</jurabk><gliederungseinheit><gliederungskennzahl>020030</gliederungskennzahl><gliederungsbez>Abschnitt 3</gliederungsbez><gliederungstitel>Lebensversicherung mit Ausnahme der Pensions- und Sterbekassen</gliederungstitel></gliederungseinheit></metadaten><textdaten/></norm>
<norm builddate="20241218222001" doknr="BJNR079500016BJNE001100000"><metadaten><jurabk>KapAusstV 2016</jurabk><jurabk>KapAusstV</jurabk><enbez>§ 9</enbez><titel format="XML">Solvabilitätskapitalanforderung</titel></metadaten><textdaten><text format="XML"><Content><P>(1) Bei Kapital- und Rentenversicherungen wird die Solvabilitätskapitalanforderung ermittelt als Summe von <DL Type="arabic"><DT>1.</DT><DD Font="normal"><LA>4 Prozent der Deckungsrückstellung zuzüglich der um die Kostenanteile verminderten Beitragsüberträge, jeweils brutto, aus dem selbst abgeschlossenen und in Rückdeckung übernommenen Versicherungsgeschäft (gesamtes Versicherungsgeschäft), vervielfacht mit dem Verhältnissatz, der sich im letzten Geschäftsjahr für das gesamte Versicherungsgeschäft aus dem Betrag der Deckungsrückstellung und der um die Kostenanteile verminderten Beitragsüberträge, jeweils abzüglich der in Rückdeckung gegebenen Anteile, und dem Betrag der Deckungsrückstellung und der um die Kostenanteile verminderten Beitragsüberträge, jeweils brutto, ergibt; der Verhältnissatz ist mit mindestens 0,85 anzusetzen, und</LA></DD><DT>2.</DT><DD Font="normal"><LA>0,3 Prozent des Risikokapitals aus dem gesamten Versicherungsgeschäft, brutto, vervielfacht mit dem Verhältnissatz, der sich im letzten Geschäftsjahr für das gesamte Versicherungsgeschäft aus dem Risikokapital abzüglich des in Rückdeckung gegebenen Anteils zu dem Risikokapital, brutto, ergibt; der Verhältnissatz ist mit mindestens 0,5 anzusetzen.</LA></DD></DL>Bei kurzfristigen Versicherungen auf den Todesfall mit einer vertraglichen Höchstlaufzeit von drei Jahren ermäßigt sich der Prozentsatz nach Satz 1 Nummer 2 auf 0,1 und bei kurzfristigen Versicherungen auf den Todesfall mit einer vertraglichen Laufzeit von mehr als drei und bis zu fünf Jahren auf 0,15. Bei einjährigen Versicherungen auf den Todesfall, deren jährliche Erneuerung für einen bestimmten Zeitraum vertraglich vereinbart ist, wird in Satz 1 Nummer 2 die vertragliche Gesamtlaufzeit zugrunde gelegt.</P><P>(2) Das Risikokapital für eine versicherte Person ist vorbehaltlich des Absatzes 3 die Differenz zwischen der Versicherungssumme, die nach dem Versicherungsvertrag bei Eintritt des Versicherungsfalls an dem für die Berechnung der Solvabilitätskapitalanforderung maßgebenden Stichtag fällig würde, und der Summe aus der vorhandenen Deckungsrückstellung und den um die Kostenanteile verminderten Beitragsüberträgen, jeweils brutto. Können für die versicherte Person verschiedene Ereignisse Leistungspflichten des Versicherers auslösen, so ist für jedes Ereignis ein Risikokapital gesondert zu ermitteln; dabei ist von der Annahme auszugehen, dass das entsprechende Ereignis sofort oder, wenn vertraglich ein Termin festgesetzt ist, zu diesem Termin eintritt. Von den so ermittelten Beträgen ist der höchste als Risikokapital für die versicherte Person anzusetzen.</P><P>(3) Bei aufgeschobenen Leistungen wird das Risikokapital für eine versicherte Person mit dem Barwert der aufgeschobenen Leistungen an Stelle der Versicherungssumme berechnet. Der Barwert von aufgeschobenen Leistungen ist mit den gleichen Rechnungsgrundlagen wie die Deckungsrückstellung, jedoch ohne Berücksichtigung einer Ausscheideordnung zu berechnen. Besteht bei einem der zu berücksichtigenden Ereignisse bis zum Eintritt der Leistungspflicht die Verpflichtung zur Zahlung von Beiträgen, ist deren Barwert vom Barwert der aufgeschobenen Leistungen abzuziehen, für dessen Berechnung Satz 2 entsprechend gilt.</P><P>(4) Das Risikokapital eines Vertrags ist die Summe der Risikokapitalien für die in diesem Vertrag versicherten Personen. Näherungsverfahren zur Berechnung des Risikokapitals sind zulässig, wenn sie keine niedrigeren Beträge als die genaue Berechnung ergeben können. Negatives Risikokapital ist mit Null anzusetzen.</P><P>(5) Lässt sich ein Risikokapital nach den Absätzen 2 bis 4 nicht ermitteln, so ist stattdessen ein gleichwertiges Berechnungsverfahren, das dem getragenen Risiko des Unternehmens in geeigneter Weise Rechnung trägt, zu verwenden. Das Berechnungsverfahren ist der Aufsichtsbehörde spätestens bei Vorlage des Solvabilitätsnachweises mitzuteilen.</P></Content></text><fussnoten><Content><P>(+++ § 9: Zur Anwendung vgl. § 17 Abs. 1 +++) <BR/>(+++ § 9 Abs. 1: Zur Anwendung vgl. § 17 Abs. 2 +++) <BR/>(+++ § 9 Abs. 1 S. 1 Nr. 1: Zur Anwendung vgl. § 10 Abs. 2 +++) <BR/>(+++ § 9 Abs. 1 S. 1 Nr. 1: Zur Anwendung vgl. § 14 Abs. 2 +++)</P></Content></fussnoten></textdaten></norm>
<norm builddate="20241218222001" doknr="BJNR079500016BJNE001200000"><metadaten><jurabk>KapAusstV 2016</jurabk><jurabk>KapAusstV</jurabk><enbez>§ 10</enbez><titel format="XML">Fondsgebundene Lebensversicherung</titel></metadaten><textdaten><text format="XML"><Content><P>(1) Bei fondsgebundenen Lebensversicherungen gilt § 9 Absatz 1 Satz 1 Nummer 1 nur insoweit, als das Versicherungsunternehmen ein Anlagerisiko übernimmt. § 9 Absatz 1 Satz 1 Nummer 2, Satz 2 und 3 gilt nur insoweit, als das Versicherungsunternehmen ein Sterblichkeitsrisiko übernimmt.</P><P>(2) Soweit das Versicherungsunternehmen bei fondsgebundenen Lebensversicherungen kein Anlagerisiko übernimmt, jedoch die Laufzeit des Vertrags über fünf Jahre hinausgeht und der im Beitrag eingerechnete Verwaltungskostenzuschlag für mehr als fünf Jahre festgelegt wird, gilt § 9 Absatz 1 Satz 1 Nummer 1 mit der Maßgabe, dass an die Stelle von 4 Prozent 1 Prozent tritt.</P><P>(3) Trägt das Versicherungsunternehmen bei fondsgebundenen Lebensversicherungen kein Anlagerisiko und ist der im Beitrag eingerechnete Verwaltungskostenzuschlag nicht für einen Zeitraum von mehr als fünf Jahren festgelegt, beträgt die Solvabilitätskapitalanforderung 25 Prozent der entsprechenden, diesen Verträgen zurechenbaren Nettoverwaltungsaufwendungen im letzten Geschäftsjahr.</P></Content></text><fussnoten><Content><P>(+++ § 10: Zur Anwendung vgl. § 17 Abs. 1 +++)</P></Content></fussnoten></textdaten></norm>
<norm builddate="20241218222001" doknr="BJNR079500016BJNE001300000"><metadaten><jurabk>KapAusstV 2016</jurabk><jurabk>KapAusstV</jurabk><enbez>§ 11</enbez><titel format="XML">Zusätzliche Risiken</titel></metadaten><textdaten><text format="XML"><Content><P>Für Zusatzrisiken zur Lebensversicherung (§ 10 Absatz 4 des Versicherungsaufsichtsgesetzes) bemisst sich die Solvabilitätskapitalanforderung nach den auf die Zusatzrisiken entfallenden Beiträgen. Die Vorschriften des § 3 über den Beitragsindex gelten entsprechend.</P></Content></text><fussnoten><Content><P>(+++ § 11: Zur Anwendung vgl. § 17 Abs. 1 +++) <BR/>(+++ § 11: Zur Anwendung vgl. § 17 Abs. 2 +++)</P></Content></fussnoten></textdaten></norm>
<norm builddate="20241218222001" doknr="BJNR079500016BJNE001400000"><metadaten><jurabk>KapAusstV 2016</jurabk><jurabk>KapAusstV</jurabk><enbez>§ 12</enbez><titel format="XML">Kapitalisierungsgeschäfte</titel></metadaten><textdaten><text format="XML"><Content><P>Bei Kapitalisierungsgeschäften nach § 1 Absatz 2 Satz 2 des Versicherungsaufsichtsgesetzes beträgt die Solvabilitätskapitalanforderung 4 Prozent der mathematischen Reserven. Diese sind nach § 9 Absatz 1 Satz 1 Nummer 1 zu berechnen.</P></Content></text></textdaten></norm>
<norm builddate="20241218222001" doknr="BJNR079500016BJNE001500000"><metadaten><jurabk>KapAusstV 2016</jurabk><jurabk>KapAusstV</jurabk><enbez>§ 13</enbez><titel format="XML">Tontinengeschäfte</titel></metadaten><textdaten><text format="XML"><Content><P>Bei Tontinengeschäften beträgt die Solvabilitätskapitalanforderung 1 Prozent des Vermögens der Gemeinschaften.</P></Content></text></textdaten></norm>
<norm builddate="20241218222001" doknr="BJNR079500016BJNE001600000"><metadaten><jurabk>KapAusstV 2016</jurabk><jurabk>KapAusstV</jurabk><enbez>§ 14</enbez><titel format="XML">Verwaltung von Versorgungseinrichtungen</titel></metadaten><textdaten><text format="XML"><Content><P>(1) Bei Geschäften der Verwaltung von Versorgungseinrichtungen nach § 1 Absatz 2 Satz 3 und 4 des Versicherungsaufsichtsgesetzes bestimmt sich die Solvabilitätskapitalanforderung nach § 9 Absatz 1 Satz 1 Nummer 1, soweit das Unternehmen das Kapitalanlagerisiko übernimmt.</P><P>(2) Soweit das Unternehmen bei Geschäften nach Absatz 1 kein Kapitalanlagerisiko trägt, die Laufzeit des Verwaltungsvertrags mit Festlegung der Verwaltungskosten jedoch über fünf Jahre hinausgeht, gilt § 9 Absatz 1 Satz 1 Nummer 1 mit der Maßgabe, dass an die Stelle von 4 Prozent 1 Prozent tritt.</P><P>(3) Trägt das Unternehmen bei Geschäften nach Absatz 1 kein Kapitalanlagerisiko und sind die Verwaltungskosten nicht für einen Zeitraum von mehr als fünf Jahren festgelegt, beträgt die Solvabilitätskapitalanforderung 25 Prozent der entsprechenden, diesen Verträgen zurechenbaren Nettoverwaltungsaufwendungen im letzten Geschäftsjahr.</P></Content></text><fussnoten><Content><P>(+++ § 14: Zur Anwendung vgl. § 17 Abs. 1 +++)</P></Content></fussnoten></textdaten></norm>
<norm builddate="20241218222001" doknr="BJNR079500016BJNE001701118"><metadaten><jurabk>KapAusstV 2016</jurabk><jurabk>KapAusstV</jurabk><enbez>§ 15</enbez><titel format="XML">Mindestkapitalanforderung</titel></metadaten><textdaten><text format="XML"><Content><P>(1) Die Mindestkapitalanforderung beträgt mindestens 3,7 Millionen Euro.</P><P>(2) Bei Versicherungsvereinen auf Gegenseitigkeit ermäßigt sich der Mindestbetrag der Mindestkapitalanforderung um 25 Prozent.</P><P>(3) Die in § 214 Absatz 1 Satz 1 Nummer 8 Buchstabe a des Versicherungsaufsichtsgesetzes genannten Eigenmittel und zusätzliche Eigenmittel gemäß § 16 Absatz 2 werden nicht auf die Mindestkapitalanforderung angerechnet.</P></Content></text><fussnoten/></textdaten></norm>
<norm builddate="20241218222001" doknr="BJNR079500016BJNE001800000"><metadaten><jurabk>KapAusstV 2016</jurabk><jurabk>KapAusstV</jurabk><enbez>§ 16</enbez><titel format="XML">Zusätzliche Eigenmittel</titel></metadaten><textdaten><text format="XML"><Content><P>(1) Wenn die Deckungsrückstellung nicht oder mit einem niedrigeren Satz gezillmert wurde als dem in den Beitrag eingerechneten Zuschlag für Abschlusskosten, ist auch der Unterschiedsbetrag zwischen der ungezillmerten oder der nur teilweise gezillmerten Deckungsrückstellung und der Deckungsrückstellung, die sich bei Zillmerung mit dem in den Beitrag eingerechneten Zuschlag für Abschlusskosten ergeben würde, als Eigenmittel anzusehen, soweit der Versicherungsnehmer auf den Unterschiedsbetrag keinen Anspruch hat. Der Zillmersatz ist, soweit er die gesetzlichen Höchstwerte übersteigt, nicht zu berücksichtigen; für Versicherungen nach aufsichtsbehördlich genehmigten Tarifen ist der Zillmersatz nicht zu berücksichtigen, soweit er 35 Promille der Versicherungssumme oder des Zwölffachen der versicherten Jahresrente übersteigt. Die in der Bilanz ausgewiesene Deckungsrückstellung wird um die aktivierten Ansprüche für geleistete, rechnungsmäßig gedeckte Abschlusskosten vermindert.</P><P>(2) Die Eigenmittel gemäß Absatz 1 können mit Zustimmung der Aufsichtsbehörde auf die geforderte Solvabilitätskapitalanforderung angerechnet werden.</P></Content></text><fussnoten><Content><P>(+++ § 16: Zur Anwendung vgl. § 17 Abs. 1 +++)</P></Content></fussnoten></textdaten></norm>
<norm builddate="20241218222001" doknr="BJNR079500016BJNG000600000"><metadaten><jurabk>KapAusstV 2016</jurabk><jurabk>KapAusstV</jurabk><gliederungseinheit><gliederungskennzahl>020040</gliederungskennzahl><gliederungsbez>Abschnitt 4</gliederungsbez><gliederungstitel>Pensions- und Sterbekassen</gliederungstitel></gliederungseinheit></metadaten><textdaten/></norm>
<norm builddate="20241218222001" doknr="BJNR079500016BJNE001900000"><metadaten><jurabk>KapAusstV 2016</jurabk><jurabk>KapAusstV</jurabk><enbez>§ 17</enbez><titel format="XML">Solvabilitätskapitalanforderung</titel></metadaten><textdaten><text format="XML"><Content><P>(1) Für die Ermittlung der Solvabilitätskapitalanforderung gelten die §§ 9 bis 11, 14 und 16 entsprechend, soweit nicht Absatz 2 etwas anderes bestimmt.</P><P>(2) Für Sterbekassen, deren jährliche Beiträge in den letzten drei Geschäftsjahren 500 000 Euro nicht überschritten haben, gelten § 9 Absatz 1 und § 3 Absatz 2 in Verbindung mit § 11 jeweils mit der Maßgabe, dass die Hälfte der dort genannten Prozentsätze anzusetzen ist.</P></Content></text></textdaten></norm>
<norm builddate="20241218222001" doknr="BJNR079500016BJNE002001128"><metadaten><jurabk>KapAusstV 2016</jurabk><jurabk>KapAusstV</jurabk><enbez>§ 18</enbez><titel format="XML">Mindestkapitalanforderung</titel></metadaten><textdaten><text format="XML"><Content><P>(1) Für Pensions- und Sterbekassen beträgt die Mindestkapitalanforderung mindestens 3 Millionen Euro.</P><P>(2) Bei Versicherungsvereinen auf Gegenseitigkeit ermäßigt sich der Mindestbetrag der Mindestkapitalanforderung um 25 Prozent.</P><P>(3) Für Pensions- und Sterbekassen in der Rechtsform des Versicherungsvereins auf Gegenseitigkeit, deren jährliche Beiträge in drei aufeinanderfolgenden Jahren den Betrag von 5 Millionen Euro nicht überschritten haben, entfällt der Mindestbetrag der Mindestkapitalanforderung.</P></Content></text></textdaten></norm>
<norm builddate="20241218222001" doknr="BJNR079500016BJNG000700000"><metadaten><jurabk>KapAusstV 2016</jurabk><jurabk>KapAusstV</jurabk><gliederungseinheit><gliederungskennzahl>030</gliederungskennzahl><gliederungsbez>Kapitel 3</gliederungsbez><gliederungstitel>Berichterstattung gegenüber der Aufsichtsbehörde</gliederungstitel></gliederungseinheit></metadaten><textdaten/></norm>
<norm builddate="20241218222001" doknr="BJNR079500016BJNE002102128"><metadaten><jurabk>KapAusstV 2016</jurabk><jurabk>KapAusstV</jurabk><enbez>§ 19</enbez><titel format="XML">Solvabilitätsnachweis</titel></metadaten><textdaten><text format="XML"><Content><P>(1) Die in Kapitel 2 genannten Unternehmen haben jährlich der Aufsichtsbehörde eine Berechnung der Solvabilitätskapitalanforderung und einen Nachweis über ihre Eigenmittel vorzulegen (Solvabilitätsnachweis).</P><P>(2) Stichtag für den Solvabilitätsnachweis ist der Stichtag des nach § 341a des Handelsgesetzbuchs vorgeschriebenen Jahresabschlusses. Für die Vorlage bei der Aufsichtsbehörde gilt die gleiche Frist wie für den aufgestellten Jahresabschluss.</P><P>(3) Für die beim Solvabilitätsnachweis zu verwendenden Formulare gelten die in der Anlage festgelegten Muster. Bei der Erstellung der Formulare ist Anlage 2 Abschnitt C der Versicherungsberichterstattungs-Verordnung zu beachten.</P><P>(4) Für Unternehmen unter Landesaufsicht ist Absatz 3 einschließlich der in der Anlage abgedruckten Formulare in der bis zum 16. Dezember 2024 geltenden Fassung anzuwenden.</P></Content></text><fussnoten/></textdaten></norm>
<norm builddate="20241218222001" doknr="BJNR079500016BJNE002500128"><metadaten><jurabk>KapAusstV 2016</jurabk><jurabk>KapAusstV</jurabk><enbez>§ 19a</enbez><titel format="XML">Elektronische Einreichung</titel></metadaten><textdaten><text format="XML"><Content><P>(1) Unternehmen unter Bundesaufsicht übermitteln der Bundesanstalt für Finanzdienstleistungsaufsicht (Bundesanstalt) den Solvabilitätsnachweis in elektronischer Form.</P><P>(2) Die Datenübermittlung erfolgt an die Melde- und Veröffentlichungsplattform (MVP-Portal) der Bundesanstalt. Unternehmen haben über das Internet Zugang zum MVP-Portal, nachdem sie sich bei der Bundesanstalt hierfür registriert haben.</P><P>(3) Die Unternehmen haben die ordnungsgemäße Datenübermittlung durch Berücksichtigung der im MVP-Portal hinterlegten Informationen und Hinweise sicherzustellen.</P></Content></text><fussnoten/></textdaten></norm>
<norm builddate="20241218222001" doknr="BJNR079500016BJNE002600128"><metadaten><jurabk>KapAusstV 2016</jurabk><jurabk>KapAusstV</jurabk><enbez>§ 19b</enbez><titel format="XML">Datenformate und Einreichungsvorgaben</titel></metadaten><textdaten><text format="XML"><Content><P>(1) Einreichungen bei der Bundesanstalt müssen in einem maschinenlesbaren und maschinendurchsuchbaren Dateiformat erfolgen.</P><P>(2) Ein Formular besteht aus quantitativen Informationen (quantitativer Formularteil) und gegebenenfalls einer Anlage mit ergänzenden verpflichtenden oder freiwilligen Angaben (qualitativer Formularteil). Der quantitative und der qualitative Formularteil sind in getrennten Meldedateien einzureichen. Der quantitative Formularteil ist auf Basis der von der Bundesanstalt auf ihrer Internetseite veröffentlichten aktuellen XBRL-Taxonomie einschließlich Basisinformationen und Angaben zum Berichtsumfang in einer Meldedatei einzureichen. Sofern die Bundesanstalt für diese Einreichung auf ihrer Internetseite auch ein anderes Format, das von ihr in XBRL konvertiert wird, anbietet, kann die Einreichung alternativ in diesem Format erfolgen.</P><P>(3) Die Bundesanstalt veröffentlicht auf ihrer Internetseite <DL Type="arabic"><DT>1.</DT><DD Font="normal"><LA>die für eine elektronische Dateneinreichung jeweils zu verwendenden Datenformate,</LA></DD><DT>2.</DT><DD Font="normal"><LA>die hinsichtlich Datenformat und Dateninhalt einzuhaltenden Prüfregeln und Einreichungsregeln.</LA></DD></DL></P></Content></text><fussnoten/></textdaten></norm>
<norm builddate="20241218222001" doknr="BJNR079500016BJNE002700128"><metadaten><jurabk>KapAusstV 2016</jurabk><jurabk>KapAusstV</jurabk><enbez>§ 19c</enbez><titel format="XML">Zusammen bei der Bundesanstalt einzureichende Formularteile</titel></metadaten><textdaten><text format="XML"><Content><P>(1) Bereits bei einem früheren Meldevorgang nach § 1 der Versicherungsberichterstattungs-Verordnung für das jeweilige Geschäftsjahr eingereichte quantitative Formularteile sind erneut zusammen mit dem quantitativen Formularteil des Solvabilitätsnachweises in einer Meldedatei zu übermitteln.</P><P>(2) Bereits bei einem früheren Meldevorgang nach § 1 der Versicherungsberichterstattungs-Verordnung für das jeweilige Geschäftsjahr eingereichte qualitative Formularteile sind erneut zusammen mit dem qualitativen Formularteil des Solvabilitätsnachweises in einer Meldedatei zu übermitteln.</P><P>(3) Eine Meldedatei mit quantitativen Formularteilen und eine Meldedatei mit qualitativen Formularteilen können zusammen in einem Meldevorgang übermittelt werden.</P></Content></text><fussnoten/></textdaten></norm>
<norm builddate="20241218222001" doknr="BJNR079500016BJNE002800128"><metadaten><jurabk>KapAusstV 2016</jurabk><jurabk>KapAusstV</jurabk><enbez>§ 19d</enbez><titel format="XML">Korrekturmeldungen gegenüber der Bundesanstalt</titel></metadaten><textdaten><text format="XML"><Content><P>(1) Muss der quantitative Formularteil des Solvabilitätsnachweises nach Übermittlung korrigiert werden, ist dieser Formularteil unverzüglich nach Feststellung des Korrekturbedarfs berichtigt zusammen mit allen weiteren quantitativen Formularteilen von Formularen nach § 1 der Versicherungsberichterstattungs-Verordnung, die bisher in Bezug auf dieses Geschäftsjahr eingereicht wurden, in einer Meldedatei zu übermitteln.</P><P>(2) Muss der qualitative Formularteil des Solvabilitätsnachweises nach Übermittlung korrigiert werden, ist dieser Formularteil unverzüglich nach Feststellung des Korrekturbedarfs berichtigt zusammen mit allen weiteren qualitativen Formularteilen von Formularen nach § 1 der Versicherungsberichterstattungs-Verordnung, die bisher in Bezug auf dieses Geschäftsjahr eingereicht wurden, in einer Meldedatei zu übermitteln.</P><P>(3) Bezieht sich der Korrekturbedarf nur auf den quantitativen Formularteil oder nur auf den qualitativen Formularteil, bedarf es keiner erneuten Übermittlung des jeweils anderen Formularteils.</P></Content></text><fussnoten/></textdaten></norm>
<norm builddate="20241218222001" doknr="BJNR079500016BJNE002900128"><metadaten><jurabk>KapAusstV 2016</jurabk><jurabk>KapAusstV</jurabk><enbez>§ 19e</enbez><titel format="XML">Zurückweisung von Daten</titel></metadaten><textdaten><text format="XML"><Content><P>(1) Die Bundesanstalt weist eine Meldedatei zurück, wenn Dateninhalte oder das Datenformat nicht den Vorgaben nach § 19b entsprechen.</P><P>(2) Zurückgewiesene Datensätze gelten als nicht eingereicht. Die Zurückweisungsnachricht ist einschließlich der Angabe des Zurückweisungsgrundes im MVP-Portal abrufbar.</P></Content></text><fussnoten/></textdaten></norm>
<norm builddate="20241218222001" doknr="BJNR079500016BJNG000800000"><metadaten><jurabk>KapAusstV 2016</jurabk><jurabk>KapAusstV</jurabk><gliederungseinheit><gliederungskennzahl>040</gliederungskennzahl><gliederungsbez>Kapitel 4</gliederungsbez><gliederungstitel>Schlussvorschriften</gliederungstitel></gliederungseinheit></metadaten><textdaten/></norm>
<norm builddate="20241218222001" doknr="BJNR079500016BJNE002201128"><metadaten><jurabk>KapAusstV 2016</jurabk><jurabk>KapAusstV</jurabk><enbez>§ 20</enbez><titel format="XML">Übergangsvorschriften</titel></metadaten><textdaten><text format="XML"><Content><P>(1) Die Vorschriften dieser Verordnung sind erstmals für das Geschäftsjahr anzuwenden, das nach dem 31. Dezember 2015 beginnt.</P><P>(2) Für das Geschäftsjahr, das vor dem 1. Januar 2016 begonnen hat, ist die Kapitalausstattungs-Verordnung vom 13. Dezember 1983 (BGBl. I S. 1451), die durch Artikel 1 Nummer 1 der Verordnung vom 16. Dezember 2015 (BGBl. I S. 2345) aufgehoben worden ist, in der bis zum 31. Dezember 2015 geltenden Fassung anzuwenden.</P><P>(3) Für ein Geschäftsjahr, das vor dem 1. Januar 2025 endet, ist die Kapitalausstattungs-Verordnung in der bis zum 16. Dezember 2024 geltenden Fassung anzuwenden.</P></Content></text></textdaten></norm>
<norm builddate="20241218222001" doknr="BJNR079500016BJNE002300000"><metadaten><jurabk>KapAusstV 2016</jurabk><jurabk>KapAusstV</jurabk><enbez>§ 21</enbez><titel format="XML">Inkrafttreten</titel></metadaten><textdaten><text format="XML"><Content><P>Diese Verordnung tritt am Tag nach der Verkündung in Kraft.</P></Content></text></textdaten></norm>
<norm builddate="20241218222001" doknr="BJNR079500016BJNE002401128"><metadaten><jurabk>KapAusstV 2016</jurabk><jurabk>KapAusstV</jurabk><enbez>Anlage</enbez><titel format="XML">(zu § 19 Absatz 3)<BR/>Solvabilitätsnachweis</titel></metadaten><textdaten><text format="XML"><Content><P><noindex><kommentar typ="Fundstelle">(Fundstelle: BGBl. 2024 I Nr. 414, S. 172 - 200)</kommentar></noindex></P><BR/><P><FILE PREVIEW="bgbl1_2024_j0414-172_0010_thumb.gif" SRC="bgbl1_2024_j0414-172_0010.pdf" Type="pdf" title="PDF-Dokument wird  in eigenem Fenster angezeigt"/></P></Content></text></textdaten></norm>
</dokumente>