<?xml version="1.0" encoding="UTF-8" ?><!DOCTYPE dokumente SYSTEM "http://www.gesetze-im-internet.de/dtd/1.01/gii-norm.dtd">
<dokumente builddate="20230208213002" doknr="BJNR0210A0023"><norm builddate="20230208213002" doknr="BJNR0210A0023"><metadaten><jurabk>SÜFV 2023</jurabk><amtabk>SÜFV</amtabk><ausfertigung-datum manuell="ja">2023-02-06</ausfertigung-datum><fundstelle typ="amtlich"><periodikum>BGBl I</periodikum><zitstelle>2023, Nr. 33</zitstelle></fundstelle><kurzue>Sicherheitsüberprüfungsfeststellungsverordnung</kurzue><langue>Verordnung zur Feststellung der Behörden des Bundes mit Aufgaben von vergleichbarer Sicherheitsempfindlichkeit wie die der Nachrichtendienste des Bundes und zur Feststellung der öffentlichen Stellen des Bundes und der nichtöffentlichen Stellen mit lebens- oder verteidigungswichtigen Einrichtungen</langue><standangabe checked="ja"><standtyp>Sonst</standtyp><standkommentar>Ersetzt V 12-10-2 v. 30.7.2003 I 1553 (SÜFV)</standkommentar></standangabe></metadaten><textdaten><fussnoten><Content><P><BR/> <pre xml:space="preserve">(+++ Textnachweis ab: 9.2.2023 +++)<BR/><BR/></pre></P></Content></fussnoten></textdaten></norm>
<norm builddate="20230208213002" doknr="BJNR0210A0023BJNE000100000"><metadaten><jurabk>SÜFV 2023</jurabk><jurabk>SÜFV</jurabk><enbez>Eingangsformel</enbez></metadaten><textdaten><text format="XML"><Content><P>Auf Grund des § 34 des Sicherheitsüberprüfungsgesetzes, der durch Artikel 1 Nummer 37 des Gesetzes vom 16. Juni 2017 (BGBl. I S. 1634) neu gefasst worden ist, verordnet die Bundesregierung:</P></Content></text></textdaten></norm>
<norm builddate="20230208213002" doknr="BJNR0210A0023BJNG000100000"><metadaten><jurabk>SÜFV 2023</jurabk><jurabk>SÜFV</jurabk><gliederungseinheit><gliederungskennzahl>010</gliederungskennzahl><gliederungsbez>Teil 1</gliederungsbez><gliederungstitel>Feststellung der Behörden des Bundes mit Aufgaben von vergleichbarer Sicherheitsempfindlichkeit wie die der Nachrichtendienste des Bundes</gliederungstitel></gliederungseinheit></metadaten><textdaten/></norm>
<norm builddate="20230208213002" doknr="BJNR0210A0023BJNE000200000"><metadaten><jurabk>SÜFV 2023</jurabk><jurabk>SÜFV</jurabk><enbez>§ 1</enbez><titel format="XML">Aufgaben mit vergleichbarer Sicherheitsempfindlichkeit</titel></metadaten><textdaten><text format="XML"><Content><P>Folgende Behörden des Bundes nehmen Aufgaben von vergleichbarer Sicherheitsempfindlichkeit wie die der Nachrichtendienste des Bundes wahr, soweit dabei jeweils eine dauerhafte Zusammenarbeit mit den Nachrichtendiensten des Bundes erfolgt: <DL Type="arabic"><DT>1.</DT><DD Font="normal"><LA>die Bundespolizei, soweit sie Aufgaben nach § 10 des Bundespolizeigesetzes auf dem Gebiet der Funktechnik und funkbetrieblichen Auswertung wahrnimmt;</LA></DD><DT>2.</DT><DD Font="normal"><LA>das Bundeskriminalamt, soweit es seine polizeiliche Aufgabe wahrnimmt auf den Gebieten der Spionageabwehr, der Extremismus- und Terrorismusbekämpfung, des Personenschutzes und der Strafverfolgung in Erscheinungsformen der organisierten Kriminalität;</LA></DD><DT>3.</DT><DD Font="normal"><LA>die Bundeswehr, soweit sie Aufgaben der militärischen Aufklärung wahrnimmt, insbesondere solche der Fernmelde- und der elektronischen Aufklärung;</LA></DD><DT>4.</DT><DD Font="normal"><LA>das Zollkriminalamt, soweit es <DL Type="alpha"><DT>a)</DT><DD Font="normal"><LA>bei seiner Aufgabe der Verhütung und Verfolgung von Zuwiderhandlungen gegen Bestimmungen des Außenwirtschaftsgesetzes und Kriegswaffenkontrollgesetzes tätig wird,</LA></DD><DT>b)</DT><DD Font="normal"><LA>bei der Strafverfolgung von Erscheinungsformen der organisierten Kriminalität tätig wird oder</LA></DD><DT>c)</DT><DD Font="normal"><LA>Aufgaben nach § 3 Absatz 7 Nummer 3 des Zollfahndungsdienstgesetzes wahrnimmt;</LA></DD></DL></LA></DD><DT>5.</DT><DD Font="normal"><LA>der Generalbundesanwalt, soweit diesem Informationen der Nachrichtendienste des Bundes wegen seiner Zuständigkeit nach § 142a in Verbindung mit § 120 Absatz 1 und 2 des Gerichtsverfassungsgesetzes übermittelt werden;</LA></DD><DT>6.</DT><DD Font="normal"><LA>die Zentralstelle für Finanztransaktionsuntersuchungen, soweit sie Aufgaben nach § 28 des Geldwäschegesetzes zur Verhinderung, Aufdeckung und Unterstützung bei der Bekämpfung von Geldwäsche und Terrorismusfinanzierung wahrnimmt;</LA></DD><DT>7.</DT><DD Font="normal"><LA>die Zentrale Stelle für Informationstechnik im Sicherheitsbereich, soweit sie die in § 2 des Erlasses über die Errichtung der Zentralen Stelle für Informationstechnik im Sicherheitsbereich vom 6. April 2017 (GMBl S. 274) genannten Aufgaben zur Unterstützung und Beratung der Nachrichtendienste des Bundes wahrnimmt;</LA></DD><DT>8.</DT><DD Font="normal"><LA>das Bundesamt für Sicherheit in der Informationstechnik, soweit es seine Aufgaben nach § 3 Absatz 1 Satz 2 Nummer 1, Nummer 13 Satz 1 Buchstabe b und c, Nummer 15 und Nummer 18 des BSI-Gesetzes wahrnimmt.</LA></DD></DL></P></Content></text></textdaten></norm>
<norm builddate="20230208213002" doknr="BJNR0210A0023BJNG000200000"><metadaten><jurabk>SÜFV 2023</jurabk><jurabk>SÜFV</jurabk><gliederungseinheit><gliederungskennzahl>020</gliederungskennzahl><gliederungsbez>Teil 2</gliederungsbez><gliederungstitel>Feststellung der lebens- oder verteidigungswichtigen Einrichtungen im Sinne des § 1 Absatz 4 des Sicherheitsüberprüfungsgesetzes</gliederungstitel></gliederungseinheit></metadaten><textdaten/></norm>
<norm builddate="20230208213002" doknr="BJNR0210A0023BJNG000300000"><metadaten><jurabk>SÜFV 2023</jurabk><jurabk>SÜFV</jurabk><gliederungseinheit><gliederungskennzahl>020010</gliederungskennzahl><gliederungsbez>Abschnitt 1</gliederungsbez><gliederungstitel>Feststellung des öffentlichen Bereichs</gliederungstitel></gliederungseinheit></metadaten><textdaten/></norm>
<norm builddate="20230208213002" doknr="BJNR0210A0023BJNE000300000"><metadaten><jurabk>SÜFV 2023</jurabk><jurabk>SÜFV</jurabk><enbez>§ 2</enbez><titel format="XML">Deutscher Bundestag</titel></metadaten><textdaten><text format="XML"><Content><P>Lebenswichtige Einrichtungen sind der Polizeivollzugsdienst beim Deutschen Bundestag und die technischen Arbeitseinheiten des Deutschen Bundestages, deren Ausfall die Tätigkeit des Deutschen Bundestages erheblich beeinträchtigen würde.</P></Content></text></textdaten></norm>
<norm builddate="20230208213002" doknr="BJNR0210A0023BJNE000400000"><metadaten><jurabk>SÜFV 2023</jurabk><jurabk>SÜFV</jurabk><enbez>§ 3</enbez><titel format="XML">Bundesrat</titel></metadaten><textdaten><text format="XML"><Content><P>Lebenswichtige Einrichtungen sind die technischen Arbeitseinheiten des Bundesrates, deren Ausfall die Tätigkeit des Bundesrates erheblich beeinträchtigen würde.</P></Content></text></textdaten></norm>
<norm builddate="20230208213002" doknr="BJNR0210A0023BJNE000500000"><metadaten><jurabk>SÜFV 2023</jurabk><jurabk>SÜFV</jurabk><enbez>§ 4</enbez><titel format="XML">Bundesverfassungsgericht</titel></metadaten><textdaten><text format="XML"><Content><P>Lebenswichtige Einrichtungen sind die Arbeitseinheiten, die den Betrieb der Informations- und Kommunikationstechnik des Bundesverfassungsgerichts sicherstellen und deren Ausfall die Tätigkeit des Bundesverfassungsgerichts erheblich beeinträchtigen würde.</P></Content></text></textdaten></norm>
<norm builddate="20230208213002" doknr="BJNR0210A0023BJNE000600000"><metadaten><jurabk>SÜFV 2023</jurabk><jurabk>SÜFV</jurabk><enbez>§ 5</enbez><titel format="XML">Deutsche Bundesbank</titel></metadaten><textdaten><text format="XML"><Content><P>Lebenswichtige Einrichtungen sind die Arbeitseinheiten, die den Betrieb der Informations- und Kommunikationstechnik der Deutschen Bundesbank beim unbaren Großbetragszahlungsverkehr sicherstellen, sowie die Einrichtungen der zentralen Bargeldversorgung.</P></Content></text></textdaten></norm>
<norm builddate="20230208213002" doknr="BJNR0210A0023BJNE000700000"><metadaten><jurabk>SÜFV 2023</jurabk><jurabk>SÜFV</jurabk><enbez>§ 6</enbez><titel format="XML">Oberste Bundesbehörden</titel></metadaten><textdaten><text format="XML"><Content><P>Lebenswichtige Einrichtungen in den obersten Bundesbehörden sind die Arbeitseinheiten, die den Betrieb der Informations- und Kommunikationstechnik sicherstellen und deren Ausfall die Tätigkeit oberster Bundesbehörden erheblich beeinträchtigen würde.</P></Content></text></textdaten></norm>
<norm builddate="20230208213002" doknr="BJNR0210A0023BJNE000800000"><metadaten><jurabk>SÜFV 2023</jurabk><jurabk>SÜFV</jurabk><enbez>§ 7</enbez><titel format="XML">Geschäftsbereiche der obersten Bundesbehörden</titel></metadaten><textdaten><text format="XML"><Content><P>Lebenswichtige Einrichtungen in den Geschäftsbereichen der obersten Bundesbehörden sind die Arbeitseinheiten, die den Betrieb der Informations- und Kommunikationstechnik sicherstellen und deren Ausfall die Tätigkeit oberster Bundesbehörden und ihnen nachgeordneter Behörden sowie Bundesgerichte erheblich beeinträchtigen würde.</P></Content></text></textdaten></norm>
<norm builddate="20230208213002" doknr="BJNR0210A0023BJNE000900000"><metadaten><jurabk>SÜFV 2023</jurabk><jurabk>SÜFV</jurabk><enbez>§ 8</enbez><titel format="XML">Bundesministerium des Innern und für Heimat</titel></metadaten><textdaten><text format="XML"><Content><P>Lebenswichtige Einrichtung ist im Bundesministerium des Innern und für Heimat unbeschadet von § 6 der Leitungsbereich für den Zivil- und Katastrophenschutz.</P></Content></text></textdaten></norm>
<norm builddate="20230208213003" doknr="BJNR0210A0023BJNE001000000"><metadaten><jurabk>SÜFV 2023</jurabk><jurabk>SÜFV</jurabk><enbez>§ 9</enbez><titel format="XML">Geschäftsbereich des Bundesministeriums des Innern und für Heimat</titel></metadaten><textdaten><text format="XML"><Content><P>Lebenswichtige Einrichtungen sind im Geschäftsbereich des Bundesministeriums des Innern und für Heimat unbeschadet von § 7 <DL Type="arabic"><DT>1.</DT><DD Font="normal"><LA>das Bundesamt für Bevölkerungsschutz und Katastrophenhilfe,</LA></DD><DT>2.</DT><DD Font="normal"><LA>die Bundesanstalt Technisches Hilfswerk und</LA></DD><DT>3.</DT><DD Font="normal"><LA>die Bundesanstalt für den Digitalfunk der Behörden und Organisationen mit Sicherheitsaufgaben.</LA></DD></DL></P></Content></text></textdaten></norm>
<norm builddate="20230208213003" doknr="BJNR0210A0023BJNE001100000"><metadaten><jurabk>SÜFV 2023</jurabk><jurabk>SÜFV</jurabk><enbez>§ 10</enbez><titel format="XML">Geschäftsbereich des Bundesministeriums für Arbeit und Soziales</titel></metadaten><textdaten><text format="XML"><Content><P>Lebenswichtige Einrichtungen sind im Geschäftsbereich des Bundesministeriums für Arbeit und Soziales unbeschadet von § 7 die Arbeitseinheiten, die den Betrieb der Informations- und Kommunikationstechnik zur Gewährung von unterhaltssichernden Leistungen durch die Bundesagentur für Arbeit sowie von Leistungen zur Daseinsvorsorge bei Sozialversicherungsträgern oder für Sozialversicherungsträger sicherstellen.</P></Content></text></textdaten></norm>
<norm builddate="20230208213003" doknr="BJNR0210A0023BJNE001200000"><metadaten><jurabk>SÜFV 2023</jurabk><jurabk>SÜFV</jurabk><enbez>§ 11</enbez><titel format="XML">Bundesministerium für Gesundheit</titel></metadaten><textdaten><text format="XML"><Content><P>Lebenswichtige Einrichtungen sind im Geschäftsbereich des Bundesministeriums für Gesundheit unbeschadet von § 7 im Institut mit der Aufgabe der Beobachtung des Auftretens und der Bekämpfung von Krankheiten und relevanten Gesundheitsgefahren in der Bevölkerung der Leitungsbereich, alle Abteilungsleitungen einschließlich der Vorzimmer und darüber hinaus diejenigen Arbeitsbereiche, die für die Prävention und Kontrolle von biologischen Gefahrenlagen auf nationaler oder internationaler Ebene zuständig sind.</P></Content></text></textdaten></norm>
<norm builddate="20230208213003" doknr="BJNR0210A0023BJNE001300000"><metadaten><jurabk>SÜFV 2023</jurabk><jurabk>SÜFV</jurabk><enbez>§ 12</enbez><titel format="XML">Geschäftsbereich des Bundesministeriums für Ernährung und Landwirtschaft</titel></metadaten><textdaten><text format="XML"><Content><P>Lebenswichtige Einrichtungen sind im Geschäftsbereich des Bundesministeriums für Ernährung und Landwirtschaft unbeschadet von § 7 Arbeitseinheiten wissenschaftlicher Einrichtungen, die in erheblichem Umfang mit hochtoxischen Stoffen oder pathogenen Mikroorganismen arbeiten.</P></Content></text></textdaten></norm>
<norm builddate="20230208213003" doknr="BJNR0210A0023BJNG000400000"><metadaten><jurabk>SÜFV 2023</jurabk><jurabk>SÜFV</jurabk><gliederungseinheit><gliederungskennzahl>020020</gliederungskennzahl><gliederungsbez>Abschnitt 2</gliederungsbez><gliederungstitel>Feststellung des nichtöffentlichen Bereichs</gliederungstitel></gliederungseinheit></metadaten><textdaten/></norm>
<norm builddate="20230208213003" doknr="BJNR0210A0023BJNE001400000"><metadaten><jurabk>SÜFV 2023</jurabk><jurabk>SÜFV</jurabk><enbez>§ 13</enbez><titel format="XML">Bundesministerium des Innern und für Heimat</titel></metadaten><textdaten><text format="XML"><Content><P>Lebenswichtige Einrichtungen sind im Zuständigkeitsbereich des Bundesministeriums des Innern und für Heimat die Teile von Unternehmen, die mit dem Aufbau oder Betrieb des Digitalfunks der Behörden und Organisationen mit Sicherheitsaufgaben sowie der Netze des Bundes beauftragt sind und deren Ausfall den Aufbau oder Betrieb des Digitalfunks der Behörden und Organisationen mit Sicherheitsaufgaben sowie der Netze des Bundes erheblich beeinträchtigen würde.</P></Content></text></textdaten></norm>
<norm builddate="20230208213003" doknr="BJNR0210A0023BJNE001500000"><metadaten><jurabk>SÜFV 2023</jurabk><jurabk>SÜFV</jurabk><enbez>§ 14</enbez><titel format="XML">Bundesministerium der Finanzen</titel></metadaten><textdaten><text format="XML"><Content><P>Lebenswichtige Einrichtungen sind im Zuständigkeitsbereich des Bundesministeriums der Finanzen die Teile von Unternehmen, die durch das Informationstechnikzentrum Bund mit dem Aufbau oder Betrieb der Informations- und Kommunikationstechnik des Bundes beauftragt sind und deren Ausfall die Tätigkeit oberster Bundesbehörden und ihnen nachgeordneter Behörden erheblich beeinträchtigen würde.</P></Content></text></textdaten></norm>
<norm builddate="20230208213003" doknr="BJNR0210A0023BJNE001600000"><metadaten><jurabk>SÜFV 2023</jurabk><jurabk>SÜFV</jurabk><enbez>§ 15</enbez><titel format="XML">Auswärtiges Amt</titel></metadaten><textdaten><text format="XML"><Content><P>Lebenswichtige Einrichtungen sind im Zuständigkeitsbereich des Auswärtigen Amtes die Teile von Unternehmen, die mit dem Aufbau oder Betrieb der Auslandsinformations- und -kommunikationstechnik gemäß § 9 des Gesetzes über den Auswärtigen Dienst beauftragt sind und deren Ausfall die Tätigkeit oberster Bundesbehörden erheblich beeinträchtigen würde.</P></Content></text></textdaten></norm>
<norm builddate="20230208213003" doknr="BJNR0210A0023BJNE001700000"><metadaten><jurabk>SÜFV 2023</jurabk><jurabk>SÜFV</jurabk><enbez>§ 16</enbez><titel format="XML">Bundesministerium für Wirtschaft und Klimaschutz</titel></metadaten><textdaten><text format="XML"><Content><P>(1) Lebenswichtige Einrichtungen sind im Zuständigkeitsbereich des Bundesministeriums für Wirtschaft und Klimaschutz <DL Type="arabic"><DT>1.</DT><DD Font="normal"><LA>die Teile von Unternehmen, die Leitstellen für das Elektrizitätsübertragungsnetz betreiben, deren Ausfall die überregionale Elektrizitätsversorgung erheblich beeinträchtigen kann,</LA></DD><DT>2.</DT><DD Font="normal"><LA>die Teile von Unternehmen, die Leitstellen für Elektrizitätsverteilernetze betreiben, deren maximale Entnahme- oder Rückspeiseleistung aus dem Elektrizitätsübertragungsnetz über der von deutschen Übertragungsnetzbetreibern in der Frequenzhaltungsreservekooperation der Übertragungsnetzbetreiber vorgehaltenen Primärregelleistung liegt,</LA></DD><DT>3.</DT><DD Font="normal"><LA>die Teile von Unternehmen, die Verdichterstationen und Importstationen für Gasmessungen und Druckminderungen importierter Gasmengen an Netzkopplungspunkten im Gasnetz zwischen einem Netzbetreiber im Ausland und einem Netzbetreiber in Deutschland betreiben, deren Ausfall die überregionale Gasversorgung erheblich beeinträchtigen kann.</LA></DD></DL></P><P>(2) Verteidigungswichtige Einrichtungen im Sinne von § 1 Absatz 5 Satz 2 des Sicherheitsüberprüfungsgesetzes sind im Zuständigkeitsbereich des Bundesministeriums für Wirtschaft und Klimaschutz die Teile von Unternehmen, die unmittelbar dem Bau, der Wartung oder der Reparatur von wehrtechnischen Fahrzeugen, wehrtechnischem Material oder von Marineschiffen dienen. Soweit sicherheitsempfindliche Stellen dieser Einrichtungen nicht bereits der Sicherheitsüberprüfung durch das Bundesministerium für Wirtschaft und Klimaschutz unterliegen, teilt das Bundesministerium der Verteidigung im Einvernehmen mit dem Bundesministerium des Innern und für Heimat die sicherheitsempfindlichen Stellen dem Bundesministerium für Wirtschaft und Klimaschutz mit.</P></Content></text></textdaten></norm>
<norm builddate="20230208213003" doknr="BJNR0210A0023BJNE001800000"><metadaten><jurabk>SÜFV 2023</jurabk><jurabk>SÜFV</jurabk><enbez>§ 17</enbez><titel format="XML">Bundesministerium für Umwelt, Naturschutz, nukleare Sicherheit und Verbraucherschutz</titel></metadaten><textdaten><text format="XML"><Content><P>Lebenswichtige Einrichtungen sind, soweit der Betrieb nicht ausreichend durch organisatorische oder technische Maßnahmen gegen Eingriffe Unbefugter geschützt und dies im Sicherheitsbericht nach § 9 der Störfall-Verordnung dokumentiert ist, im Zuständigkeitsbereich des Bundesministeriums für Umwelt, Naturschutz, nukleare Sicherheit und Verbraucherschutz <DL Type="arabic"><DT>1.</DT><DD Font="normal"><LA>die Teile von Unternehmen, die als Betriebsbereich in den Anwendungsbereich des § 1 Absatz 1 Satz 2 der Störfall-Verordnung fallen, und</LA></DD><DT>2.</DT><DD Font="normal"><LA>die Teile von Unternehmen, die nach § 1 Absatz 2 der Störfall-Verordnung Betriebsbereichen nach Nummer 1 gleichgestellt sind.</LA></DD></DL></P></Content></text></textdaten></norm>
<norm builddate="20230208213003" doknr="BJNR0210A0023BJNE001900000"><metadaten><jurabk>SÜFV 2023</jurabk><jurabk>SÜFV</jurabk><enbez>§ 18</enbez><titel format="XML">Bundesministerium für Digitales und Verkehr</titel></metadaten><textdaten><text format="XML"><Content><P>Lebenswichtige Einrichtungen sind im Zuständigkeitsbereich des Bundesministeriums für Digitales und Verkehr <DL Type="arabic"><DT>1.</DT><DD Font="normal"><LA>die Teile von Telekommunikationsunternehmen, die Telekommunikationsanlagen im Sinne des § 3 Nummer 60 des Telekommunikationsgesetzes betreiben, deren Ausfall das Bereitstellen oder Aufrechterhalten der Übertragungswege oder der aufrechtzuerhaltenden Telekommunikationsdienste nach Teil 10 Abschnitt 2 des Telekommunikationsgesetzes erheblich beeinträchtigen kann;</LA></DD><DT>2.</DT><DD Font="normal"><LA>die Leitstellen von Unternehmen, die mit Eisenbahnen Personen oder Güter befördern;</LA></DD><DT>3.</DT><DD Font="normal"><LA>die Teile von Unternehmen, in denen folgende Sicherungspläne verantwortlich erstellt werden oder die zu diesen vollständigen Sicherungsplänen Zugang haben: <DL Type="alpha"><DT>a)</DT><DD Font="normal"><LA>Sicherungspläne nach Unterabschnitt 1.10.3.2 der Anlage A zu dem Europäischen Übereinkommen vom 30. September 1957 über die internationale Beförderung gefährlicher Güter auf der Straße (ADR) in der Fassung der Bekanntmachung vom 16. November 2021 (BGBl. 2021 II S. 1184), die zuletzt nach Maßgabe der 29. ADR-Änderungsverordnung vom 22. November 2022 (BGBl. 2022 II S. 601) geändert worden ist, in der jeweils geltenden Fassung,</LA></DD><DT>b)</DT><DD Font="normal"><LA>Sicherungspläne nach Unterabschnitt 1.10.3.2 der Ordnung für die internationale Eisenbahnbeförderung gefährlicher Güter (RID) in der Fassung der Bekanntmachung vom 22. April 2022 (BGBl. 2022 II S. 279), die zuletzt durch die mit der 23. RID-Änderungsverordnung vom 3. November 2022 veröffentlichten Änderungen (BGBl. 2022 II S. 555) geändert worden ist, in der jeweils geltenden Fassung und</LA></DD><DT>c)</DT><DD Font="normal"><LA>Sicherungspläne nach Unterabschnitt 1.10.3.2 der Anlage zu dem Europäischen Übereinkommen vom 26. Mai 2000 über die internationale Beförderung von gefährlichen Gütern auf Binnenwasserstraßen (ADN) (BGBl. 2007 II S. 1906, 1908), die zuletzt nach Maßgabe der 9. ADN-Änderungsverordnung vom 14. Dezember 2022 (BGBl. 2022 II S. 690) geändert worden ist, in der jeweils geltenden Fassung.</LA></DD></DL></LA></DD></DL></P></Content></text></textdaten></norm>
<norm builddate="20230208213003" doknr="BJNR0210A0023BJNG000500000"><metadaten><jurabk>SÜFV 2023</jurabk><jurabk>SÜFV</jurabk><gliederungseinheit><gliederungskennzahl>020030</gliederungskennzahl><gliederungsbez>Abschnitt 3</gliederungsbez><gliederungstitel>Zuständigkeits- und Schlussvorschriften</gliederungstitel></gliederungseinheit></metadaten><textdaten/></norm>
<norm builddate="20230208213003" doknr="BJNR0210A0023BJNE002000000"><metadaten><jurabk>SÜFV 2023</jurabk><jurabk>SÜFV</jurabk><enbez>§ 19</enbez><titel format="XML">Zuständigkeit</titel></metadaten><textdaten><text format="XML"><Content><P>(1) Zuständig für die Durchführung der Sicherheitsüberprüfungen nach § 13 ist die Bundesanstalt für den Digitalfunk der Behörden und Organisationen mit Sicherheitsaufgaben.</P><P>(2) Zuständig für die Durchführung der Sicherheitsüberprüfungen nach den §§ 14 bis 18 ist das Bundesministerium für Wirtschaft und Klimaschutz.</P></Content></text></textdaten></norm>
<norm builddate="20230208213003" doknr="BJNR0210A0023BJNE002100000"><metadaten><jurabk>SÜFV 2023</jurabk><jurabk>SÜFV</jurabk><enbez>§ 20</enbez><titel format="XML">Inkrafttreten, Außerkrafttreten</titel></metadaten><textdaten><text format="XML"><Content><P>Diese Verordnung tritt am Tag nach der Verkündung in Kraft. Gleichzeitig tritt die Sicherheitsüberprüfungsfeststellungsverordnung in der Fassung der Bekanntmachung vom 12. September 2007 (BGBl. I S. 2294), die zuletzt durch Artikel 5 des Gesetzes vom 23. Juni 2021 (BGBl. I S. 1858) geändert worden ist, außer Kraft.</P></Content></text></textdaten></norm>
</dokumente>