<?xml version="1.0" encoding="UTF-8" ?><!DOCTYPE dokumente SYSTEM "http://www.gesetze-im-internet.de/dtd/1.01/gii-norm.dtd">
<dokumente builddate="20171016220524" doknr="BJNR209800003"><norm builddate="20171016220524" doknr="BJNR209800003"><metadaten><jurabk>ZuckArtV 2003</jurabk><ausfertigung-datum manuell="ja">2003-10-23</ausfertigung-datum><fundstelle typ="amtlich"><periodikum>BGBl I</periodikum><zitstelle>2003, 2098</zitstelle></fundstelle><kurzue>Zuckerartenverordnung</kurzue><langue>Verordnung über einige zur menschlichen Ernährung bestimmte
Zuckerarten</langue><standangabe checked="ja"><standtyp>Stand</standtyp><standkommentar>Zuletzt geändert durch Art. 8 V v. 5.7.2017 I 2272</standkommentar></standangabe></metadaten><textdaten><text format="XML"><Content><P><noindex>Mit dieser Verordnung werden Bestimmungen der Richtlinie 2001/111/EG des Rates vom 20. Dezember 2001 über bestimmte Zuckerarten für die menschliche Ernährung (ABl. EG 2002 Nr. L 10 S. 53) in deutsches Recht umgesetzt.</noindex></P></Content></text><fussnoten><Content><P><BR/> <pre xml:space="preserve">(+++ Textnachweis ab: 1.11.2003 +++)<BR/>(+++ Amtlicher Hinweis des Normgebers auf EG-Recht:<BR/>     Umsetzung der<BR/>       EGRL 111/2001    (CELEX Nr: 301L0111) +++)<BR/><BR/></pre></P></Content></fussnoten></textdaten></norm>
<norm builddate="20171016220524" doknr="BJNR209800003BJNE000100000"><metadaten><jurabk>ZuckArtV 2003</jurabk><enbez>Eingangsformel</enbez></metadaten><textdaten><text format="XML"><Content><P>Das Bundesministerium für Verbraucherschutz, Ernährung und Landwirtschaft verordnet auf Grund <DL Font="normal" Type="arabic"><DT>-</DT><DD Font="normal"><LA Size="normal">des § 19 Abs. 1 Nr. 1, 2 Buchstabe b und Nr. 4 Buchstabe a, b und c des Lebensmittel- und Bedarfsgegenständegesetzes in der Fassung der Bekanntmachung vom 9. September 1997 (BGBl. I S. 2296), der durch Artikel 42 Nr. 4 der Verordnung vom 29. Oktober 2001 (BGBl. I S. 2785) geändert worden ist, auch in Verbindung mit Artikel 114 des Gesetzes vom 27. April 1993 (BGBl. I S. 512) sowie in Verbindung mit Artikel 1 des Zuständigkeitsanpassungsgesetzes vom 16. August 2002 (BGBl. I S. 3165) und dem Organisationserlass vom 22. Oktober 2002 (BGBl. I S. 4206) im Einvernehmen mit dem Bundesministerium für Wirtschaft und Arbeit und</LA></DD> <DT>-</DT><DD Font="normal"><LA Size="normal">des § 44 Abs.1 Nr. 2 des Lebensmittel- und Bedarfsgegenständegesetzes:</LA></DD> </DL></P></Content></text></textdaten></norm>
<norm builddate="20171016220524" doknr="BJNR209800003BJNE000200000"><metadaten><jurabk>ZuckArtV 2003</jurabk><enbez>§ 1</enbez><titel format="parat">Anwendungsbereich</titel></metadaten><textdaten><text format="XML"><Content><P>(1) Die in Anlage 1 aufgeführten Erzeugnisse unterliegen dieser Verordnung, soweit sie dazu bestimmt sind, als Lebensmittel gewerbsmäßig in den Verkehr gebracht zu werden.</P><P>(2) Diese Verordnung gilt nicht für die in Anlage 1 genannten Erzeugnisse in Form von Staubzucker, Kandiszucker und Zuckerhüten.</P></Content> </text></textdaten></norm>
<norm builddate="20171016220524" doknr="BJNR209800003BJNE000301116"><metadaten><jurabk>ZuckArtV 2003</jurabk><enbez>§ 2</enbez><titel format="XML">Kennzeichnung</titel></metadaten><textdaten><text format="XML"><Content><P>(1) Für die in Anlage 1 aufgeführten Erzeugnisse sind die dort genannten Bezeichnungen Bezeichnungen der Lebensmittel nach der Verordnung (EU) Nr. 1169/2011 des Europäischen Parlaments und des Rates vom 25. Oktober 2011 betreffend die Information der Verbraucher über Lebensmittel und zur Änderung der Verordnungen (EG) Nr. 1924/2006 und (EG) Nr. 1925/2006 des Europäischen Parlaments und des Rates und zur Aufhebung der Richtlinie 87/250/EWG der Kommission, der Richtlinie 90/496/EWG des Rates, der Richtlinie 1999/10/EG der Kommission, der Richtlinie 2000/13/EG des Europäischen Parlaments und des Rates, der Richtlinien 2002/67/EG und 2008/5/EG der Kommission und der Verordnung (EG) Nr. 608/2004 der Kommission (ABl. L 304 vom 22.11.2011, S. 18; L 331 vom 18.11.2014, S. 41; L 50 vom 21.2.2015, S. 48; L 266 vom 30.9.2016, S. 7) in der jeweils geltenden Fassung.</P><P>(2) Die in Anlage 1 genannten Bezeichnungen sind den dort aufgeführten Erzeugnissen vorbehalten. Für das Erzeugnis nach Anlage 1 Nr. 3 dürfen auch die in Anlage 1 Nr. 2 aufgeführten Bezeichnungen verwendet werden.</P><P>(3) Die in der Anlage 1 genannten Bezeichnungen dürfen bei dort in Nummer 4, 5 oder 6 aufgeführten Erzeugnissen durch das Wort &quot;weiß&quot; ergänzt werden, wenn <DL Font="normal" Type="arabic"><DT>1.</DT><DD Font="normal"><LA Size="normal">die Farbe in Lösung 25 ICUMSA-Einheiten bei der Anwendung der in der Anlage 2 für dieses Merkmal vorgesehenen Methode,</LA></DD><DT>2.</DT><DD Font="normal"><LA Size="normal">der Gehalt an Leitfähigkeitsasche 0,1 Prozent in Gewicht bei Anwendung der in Anlage 2 für dieses Merkmal vorgesehenen Methode</LA></DD></DL>nicht übersteigt.</P><P>(4) Enthalten die in Anlage 1 Nr. 7 oder 8 aufgeführten Erzeugnisse mehr als 5 Prozent Fruktose in Gewicht in der Trockenmasse, so sind sie als &quot;Glukose-Fruktose-Sirup&quot;, als &quot;Fruktose-Glukose-Sirup&quot;, als &quot;getrockneter Glukose-Fruktose-Sirup&quot; oder als &quot;getrockneter Fruktose-Glukose-Sirup&quot; zu bezeichnen, abhängig davon, ob der Glukose- oder Fruktoseanteil überwiegt.</P><P>(5) Die in Anlage 1 aufgeführten Erzeugnisse können zusätzlich zu den nach den Absätzen 1 und 4 vorgeschriebenen Bezeichnungen der Lebensmittel andere übliche Bezeichnungen tragen, sofern der Verbraucher dadurch nicht irregeführt wird.</P><P>(6) Die nach den Absätzen 1 und 4 vorgeschriebenen Bezeichnungen der Lebensmittel können zusätzlich in zusammengesetzten Bezeichnungen der Lebensmittel verwendet werden, mit denen üblicherweise andere Erzeugnisse bezeichnet werden, sofern der Verbraucher dadurch nicht irregeführt wird.</P><P>(7) In Anlage 1 aufgeführte Erzeugnisse dürfen gewerbsmäßig nur in den Verkehr gebracht werden, wenn zusätzlich zu den nach der Verordnung (EU) Nr. 1169/2011 vorgeschriebenen Angaben nach Maßgabe des Absatzes 8 angegeben sind: <DL Font="normal" Type="arabic"><DT>1.</DT><DD Font="normal"><LA Size="normal">die Gehalte an Trockenmasse und Invertzucker bei den in Anlage 1 Nr. 4, 5 oder 6 aufgeführten Erzeugnissen,</LA></DD><DT>2.</DT><DD Font="normal"><LA Size="normal">das Wort &quot;kristallisiert&quot; bei dem in Anlage 1 Nr. 6 aufgeführten Erzeugnis, wenn es Kristalle enthält.</LA></DD></DL></P><P>(8) Für die Art und Weise der Kennzeichnung nach Absatz 7 gelten Artikel 8 Absatz 7, Artikel 12 Absatz 1 und 2, Artikel 13 Absatz 1 bis 3 der Verordnung (EU) Nr. 1169/2011 und § 2 der Lebensmittelinformations-Durchführungsverordnung entsprechend.</P></Content></text><fussnoten/></textdaten></norm>
<norm builddate="20171016220524" doknr="BJNR209800003BJNE000400000"><metadaten><jurabk>ZuckArtV 2003</jurabk><enbez>§ 3</enbez><titel format="parat">Verkehrsverbote</titel></metadaten><textdaten><text format="XML"><Content><P>Gewerbsmäßig dürfen nicht in den Verkehr gebracht werden <DL Font="normal" Type="arabic"><DT>1.</DT><DD Font="normal"><LA Size="normal">Lebensmittel, die mit einer in Anlage 1 aufgeführten Bezeichnung versehen sind, ohne der betreffenden Begriffsbestimmung zu entsprechen,</LA></DD> <DT>2.</DT><DD Font="normal"><LA Size="normal">Lebensmittel nach Anlage 1 Nr. 4, 5 oder 6, die nach § 2 Abs. 3 als &quot;weiß&quot; bezeichnet sind, ohne den Anforderungen dieser Bestimmung zu entsprechen.</LA></DD> </DL>Im Falle des Satzes 1 Nr. 1 bleibt § 2 Abs. 6 unberührt.</P></Content></text></textdaten></norm>
<norm builddate="20171016220524" doknr="BJNR209800003BJNE000500000"><metadaten><jurabk>ZuckArtV 2003</jurabk><enbez>§ 4</enbez><titel format="parat">Analysemethoden</titel></metadaten><textdaten><text format="XML"><Content><P>Die Merkmale der in Anlage 1 aufgeführten Erzeugnisse sind nach den in Anlage 2 vorgesehenen Analysemethoden zu bestimmen.</P></Content></text></textdaten></norm>
<norm builddate="20171016220524" doknr="BJNR209800003BJNE000601310"><metadaten><jurabk>ZuckArtV 2003</jurabk><enbez>§ 5</enbez><titel format="XML">Straftaten und Ordnungswidrigkeiten</titel></metadaten><textdaten><text format="XML"><Content><P>(1) Nach § 59 Abs. 1 Nr. 21 Buchstabe a des Lebensmittel- und Futtermittelgesetzbuches wird bestraft, wer entgegen § 3 Satz 1 Lebensmittel in den Verkehr bringt.</P><P>(2) Wer eine in Absatz 1 bezeichnete Handlung fahrlässig begeht, handelt nach § 60 Abs. 1 des Lebensmittel- und Futtermittelgesetzbuches ordnungswidrig.</P><P>(3) Ordnungswidrig im Sinne des § 60 Abs. 2 Nr. 26 Buchstabe a des Lebensmittel- und Futtermittelgesetzbuches handelt, wer vorsätzlich oder fahrlässig entgegen § 2 Abs. 7 ein Erzeugnis in den Verkehr bringt.</P></Content></text><fussnoten/></textdaten></norm>
<norm builddate="20171016220524" doknr="BJNR209800003BJNE000700000"><metadaten><jurabk>ZuckArtV 2003</jurabk><enbez>§ 6</enbez><titel format="parat">Übergangsregelung</titel></metadaten><textdaten><text format="XML"><Content><P>Bis zum 11. Juli 2004 dürfen Erzeugnisse nach den bis zum 31. Oktober 2003 geltenden Vorschriften hergestellt und gekennzeichnet werden. Nach Satz 1 hergestellte und gekennzeichnete Erzeugnisse dürfen bis zum Abbau der Vorräte in den Verkehr gebracht werden.</P></Content></text></textdaten></norm>
<norm builddate="20171016220524" doknr="BJNR209800003BJNE000901116"><metadaten><jurabk>ZuckArtV 2003</jurabk><enbez>§ 7</enbez><titel format="XML">Inkrafttreten, Außerkrafttreten</titel></metadaten><textdaten><text format="XML"><Content><P>(1) Diese Verordnung tritt am Tag nach der Verkündung in Kraft.</P><P>(2)</P></Content></text><fussnoten/></textdaten></norm>
<norm builddate="20171016220524" doknr="BJNR209800003BJNE001001116"><metadaten><jurabk>ZuckArtV 2003</jurabk><enbez>Schlussformel</enbez></metadaten><textdaten><text format="XML"><Content><P>Der Bundesrat hat zugestimmt.</P></Content></text></textdaten></norm>
<norm builddate="20171016220524" doknr="BJNR209800003BJNE001100000"><metadaten><jurabk>ZuckArtV 2003</jurabk><enbez>Anlage 1</enbez><titel format="XML">(zu den §§ 1 bis 4)
<BR/>
Bezeichnungen und Begriffsbestimmungen</titel></metadaten><textdaten><text format="XML"><Content><P><ABWFORMAT typ="A"/><kommentar typ="Fundstelle">Fundstelle des Originaltextes: BGBl. I 2003, 2100 - 2101</kommentar><DL Font="normal" Type="arabic"><DT>1.</DT><DD Font="normal"><LA Size="normal">Halbweißzucker</LA><LA Size="normal">Gereinigte und kristallisierte Saccharose von einwandfreier und handelsüblicher Qualität mit folgenden Merkmalen:</LA></DD></DL><BR/><table frame="none" tocentry="%yes;"><tgroup align="left" char="" charoff="50" cols="3" colsep="0" rowsep="0"><colspec colname="col1" colnum="1" colwidth="5*"/><colspec colname="col2" colnum="2" colwidth="35*"/><colspec colname="col3" colnum="3" colwidth="40*"/><tbody valign="top"><row><entry VJ="1" align="left" colsep="0" valign="top">a)</entry><entry VJ="1" align="left" colsep="0" valign="top">Polarisation</entry><entry VJ="1" align="left" colsep="0" valign="top">mindestens 99,5 Grad Z,</entry></row><row><entry VJ="1" align="left" colsep="0" valign="top">b)</entry><entry VJ="1" align="left" colsep="0" valign="top">Gehalt in Invertzucker</entry><entry VJ="1" align="left" colsep="0" valign="top">höchstens 0,1% in Gewicht,</entry></row><row><entry VJ="1" align="left" colsep="0" valign="top">c)</entry><entry VJ="1" align="left" colsep="0" valign="top">Verlust beim Trocknen</entry><entry VJ="1" align="left" colsep="0" valign="top">höchstens 0,1% in Gewicht.</entry></row></tbody></tgroup></table><DL Font="normal" Type="arabic"><DT>2.</DT><DD Font="normal"><LA Size="normal">Zucker oder Weißzucker</LA><LA Size="normal">Gereinigte und kristallisierte Saccharose von einwandfreier und handelsüblicher Qualität mit folgenden Merkmalen:</LA></DD></DL><BR/><table frame="none" tocentry="%yes;"><tgroup align="left" char="" charoff="50" cols="3" colsep="0" rowsep="0"><colspec colname="col1" colnum="1" colwidth="5*"/><colspec colname="col2" colnum="2" colwidth="35*"/><colspec colname="col3" colnum="3" colwidth="40*"/><tbody valign="top"><row><entry VJ="1" align="left" colsep="0" valign="top">a)</entry><entry VJ="1" align="left" colsep="0" valign="top">Polarisation</entry><entry VJ="1" align="left" colsep="0" valign="top">mindestens 99,7 Grad Z,</entry></row><row><entry VJ="1" align="left" colsep="0" valign="top">b)</entry><entry VJ="1" align="left" colsep="0" valign="top">Gehalt in Invertzucker</entry><entry VJ="1" align="left" colsep="0" valign="top">höchstens 0,04% in Gewicht,</entry></row><row><entry VJ="1" align="left" colsep="0" valign="top">c)</entry><entry VJ="1" align="left" colsep="0" valign="top">Verlust beim Trocknen</entry><entry VJ="1" align="left" colsep="0" valign="top">höchstens 0,06% in Gewicht,</entry></row><row><entry VJ="1" align="left" colsep="0" valign="top">d)</entry><entry VJ="1" align="left" colsep="0" valign="top">Farbtype</entry><entry VJ="1" align="left" colsep="0" valign="top">höchstens 9 Punkte.</entry></row></tbody></tgroup></table><DL Font="normal" Type="arabic"><DT>3.</DT><DD Font="normal"><LA Size="normal">Raffinierter Zucker, raffinierter Weißzucker oder Raffinade</LA><LA Size="normal">Erzeugnis, das den in Nummer 2 Buchstabe a, b und c aufgeführten Merkmalen entspricht und dessen nach den in Anlage 2 vorgeschriebenen Analysemethoden ermittelte Punktzahl insgesamt 8 nicht übersteigt und höchstens beträgt:</LA></DD></DL><BR/><table frame="none" tocentry="%yes;"><tgroup align="left" char="" charoff="50" cols="2" colsep="0" rowsep="0"><colspec colname="col1" colnum="1" colwidth="5*"/><colspec colname="col2" colnum="2" colwidth="55*"/><tbody valign="top"><row><entry VJ="1" align="left" colsep="0" valign="top">-</entry><entry VJ="1" align="left" colsep="0" valign="top">4 für die Farbtype,</entry></row><row><entry VJ="1" align="left" colsep="0" valign="top">-</entry><entry VJ="1" align="left" colsep="0" valign="top">6 für den Gehalt an Leitfähigkeitsasche,</entry></row><row><entry VJ="1" align="left" colsep="0" valign="top">-</entry><entry VJ="1" align="left" colsep="0" valign="top">3 für die Farbe in Lösung.</entry></row></tbody></tgroup></table><DL Font="normal" Type="arabic"><DT>4.</DT><DD Font="normal"><LA Size="normal">Flüssigzucker</LA><LA Size="normal">Wässrige Lösung von Saccharose mit folgenden Merkmalen:</LA></DD></DL><BR/><table frame="none" tocentry="%yes;"><tgroup align="left" char="" charoff="50" cols="3" colsep="0" rowsep="0"><colspec colname="col1" colnum="1" colwidth="5*"/><colspec colname="col2" colnum="2" colwidth="45*"/><colspec colname="col3" colnum="3" colwidth="50*"/><tbody valign="top"><row><entry VJ="1" align="left" colsep="0" valign="top">a)</entry><entry VJ="1" align="left" colsep="0" valign="top">Trockenmasse</entry><entry VJ="1" align="left" colsep="0" valign="top">mindestens 62% in Gewicht,</entry></row><row><entry VJ="1" align="left" colsep="0" valign="top">b)</entry><entry VJ="1" align="left" colsep="0" valign="top">Gehalt an Invertzucker (Verhältnis von D-Fruktose zu D-Glukose: 1,0 +- 0,2)</entry><entry VJ="1" align="left" colsep="0" valign="top">höchstens 3% in Gewicht in der Trockenmasse,</entry></row><row><entry VJ="1" align="left" colsep="0" valign="top">c)</entry><entry VJ="1" align="left" colsep="0" valign="top">Leitfähigkeitsasche</entry><entry VJ="1" align="left" colsep="0" valign="top">höchstens 0,1% in Gewicht in der Trockenmasse,</entry></row><row><entry VJ="1" align="left" colsep="0" valign="top">d)</entry><entry VJ="1" align="left" colsep="0" valign="top">Farbe in Lösung</entry><entry VJ="1" align="left" colsep="0" valign="top">höchstens 45 ICUMSA-Einheiten.</entry></row></tbody></tgroup></table><DL Font="normal" Type="arabic"><DT>5.</DT><DD Font="normal"><LA Size="normal">Invertflüssigzucker</LA><LA Size="normal">Wässrige Lösung von teilweise durch Hydrolyse invertierter Saccharose, in welcher der Anteil an Invertzucker nicht vorherrscht und die folgenden Merkmalen entspricht:</LA></DD></DL><BR/><table frame="none" tocentry="%yes;"><tgroup align="left" char="" charoff="50" cols="3" colsep="0" rowsep="0"><colspec colname="col1" colnum="1" colwidth="5*"/><colspec colname="col2" colnum="2" colwidth="45*"/><colspec colname="col3" colnum="3" colwidth="50*"/><tbody valign="top"><row><entry VJ="1" align="left" colsep="0" valign="top">a)</entry><entry VJ="1" align="left" colsep="0" valign="top">Trockenmasse</entry><entry VJ="1" align="left" colsep="0" valign="top">mindestens 62% in Gewicht,</entry></row><row><entry VJ="1" align="left" colsep="0" valign="top">b)</entry><entry VJ="1" align="left" colsep="0" valign="top">Gehalt an Invertzucker (Verhältnis von D-Fruktose zu D-Glukose: 1,0 +- 0,1)</entry><entry VJ="1" align="left" colsep="0" valign="top">über 3%, jedoch höchstens 50% in Gewicht in der Trockenmasse,</entry></row><row><entry VJ="1" align="left" colsep="0" valign="top">c)</entry><entry VJ="1" align="left" colsep="0" valign="top">Leitfähigkeitsasche</entry><entry VJ="1" align="left" colsep="0" valign="top">höchstens 0,4% in Gewicht in der Trockenmasse,</entry></row></tbody></tgroup></table><DL Font="normal" Type="arabic"><DT>6.</DT><DD Font="normal"><LA Size="normal">Invertzuckersirup</LA><LA Size="normal">Wässrige, auch kristallisierte Lösung von teilweise durch Hydrolyse invertierter Saccharose, in welcher der Anteil an Invertzucker (Verhältnis von D-Fruktose zu D-Glucose 1,0 <ABWFORMAT typ="A"/>+- 0,1) in Trockenmasse mehr als 50 Prozent in Gewicht beträgt und die außerdem den Anforderungen gemäß Nummer 5 Buchstabe a und c entspricht.</LA></DD><DT>7.</DT><DD Font="normal"><LA Size="normal">Glukosesirup</LA><LA Size="normal">Gereinigte und konzentrierte Lösung von zur Ernährung geeigneten, aus Stärke oder Inulin gewonnenen Sacchariden, mit folgenden Merkmalen:</LA></DD></DL><BR/><table frame="none" tocentry="%yes;"><tgroup align="left" char="" charoff="50" cols="3" colsep="0" rowsep="0"><colspec colname="col1" colnum="1" colwidth="5*"/><colspec colname="col2" colnum="2" colwidth="20*"/><colspec colname="col3" colnum="3" colwidth="85*"/><tbody valign="top"><row><entry VJ="1" align="left" colsep="0" valign="top">a)</entry><entry VJ="1" align="left" colsep="0" valign="top">Trockenmasse</entry><entry VJ="1" align="left" colsep="0" valign="top">mindestens 70% in Gewicht,</entry></row><row><entry VJ="1" align="left" colsep="0" valign="top">b)</entry><entry VJ="1" align="left" colsep="0" valign="top">Dextroseäquivalent</entry><entry VJ="1" align="left" colsep="0" valign="top">mindestens 20% in Gewicht in der Trockenmasse, in D-Glukose ausgedrückt,</entry></row><row><entry VJ="1" align="left" colsep="0" valign="top">c)</entry><entry VJ="1" align="left" colsep="0" valign="top">Sulfatasche</entry><entry VJ="1" align="left" colsep="0" valign="top">höchstens 1% in Gewicht in der Trockenmasse.</entry></row></tbody></tgroup></table><DL Font="normal" Type="arabic"><DT>8.</DT><DD Font="normal"><LA Size="normal">Getrockneter Glukosesirup</LA><LA Size="normal">Teilweise getrockneter Glukosesirup, bei dem die Trockenmasse mindestens 93 Prozent in Gewicht beträgt und der den Anforderungen gemäß Nummer 7 Buchstabe b und c entspricht.</LA></DD><DT>9.</DT><DD Font="normal"><LA Size="normal">Dextrose, kristallwasserhaltig oder Traubenzucker, kristallwasserhaltig</LA><LA Size="normal">Gereinigte und kristallisierte D-Glukose mit einem Molekül Kristallwasser, die folgenden Merkmalen entspricht:</LA></DD></DL><BR/><table frame="none" tocentry="%yes;"><tgroup align="left" char="" charoff="50" cols="3" colsep="0" rowsep="0"><colspec colname="col1" colnum="1" colwidth="5*"/><colspec colname="col2" colnum="2" colwidth="30*"/><colspec colname="col3" colnum="3" colwidth="75*"/><tbody valign="top"><row><entry VJ="1" align="left" colsep="0" valign="top">a)</entry><entry VJ="1" align="left" colsep="0" valign="top">Dextrose (D-Glukose)</entry><entry VJ="1" align="left" colsep="0" valign="top">mindestens 99,5% in Gewicht in der Trockenmasse,</entry></row><row><entry VJ="1" align="left" colsep="0" valign="top">b)</entry><entry VJ="1" align="left" colsep="0" valign="top">Trockenmasse</entry><entry VJ="1" align="left" colsep="0" valign="top">mindestens 90% in Gewicht,</entry></row><row><entry VJ="1" align="left" colsep="0" valign="top">c)</entry><entry VJ="1" align="left" colsep="0" valign="top">Sulfatasche</entry><entry VJ="1" align="left" colsep="0" valign="top">höchstens 0,25% in Gewicht in der Trockenmasse.</entry></row></tbody></tgroup></table><DL Font="normal" Type="arabic"><DT>10.</DT><DD Font="normal"><LA Size="normal">Dextrose, kristallwasserfrei oder Traubenzucker, kristallwasserfrei</LA><LA Size="normal">Gereinigte und kristallisierte D-Glukose ohne Kristallwasser, bei der die Trockenmasse mindestens 98 Prozent in Gewicht beträgt und die den Anforderungen gemäß Nummer 9 Buchstabe a und c entspricht:</LA></DD><DT>11.</DT><DD Font="normal"><LA Size="normal">Fruktose</LA><LA Size="normal">Gereinigte und kristallisierte D-Fruktose mit folgenden Merkmalen:</LA></DD></DL><BR/><table frame="none" tocentry="%yes;"><tgroup align="left" char="" charoff="50" cols="2" colsep="0" rowsep="0"><colspec colname="col2" colnum="2" colwidth="30*"/><colspec colname="col3" colnum="3" colwidth="40*"/><tbody valign="top"><row><entry VJ="1" align="left" colsep="0" valign="top">Fruktosegehalt</entry><entry VJ="1" align="left" colsep="0" valign="top">mindestens 98,0% in Gewicht,</entry></row><row><entry VJ="1" align="left" colsep="0" valign="top">Glukosegehalt</entry><entry VJ="1" align="left" colsep="0" valign="top">höchstens 0,5% in Gewicht,</entry></row><row><entry VJ="1" align="left" colsep="0" valign="top">Verlust beim Trocknen</entry><entry VJ="1" align="left" colsep="0" valign="top">höchstens 0,5% in Gewicht,</entry></row><row><entry VJ="1" align="left" colsep="0" valign="top">Leitfähigkeitsasche</entry><entry VJ="1" align="left" colsep="0" valign="top">höchstens 0,1% in Gewicht in der Trockenmasse.</entry></row></tbody></tgroup></table></P></Content></text></textdaten></norm>
<norm builddate="20171016220524" doknr="BJNR209800003BJNE001200000"><metadaten><jurabk>ZuckArtV 2003</jurabk><enbez>Anlage 2</enbez><titel format="XML">(zu § 2 Abs. 3 und § 4)
<BR/>
Analysemethoden</titel></metadaten><textdaten><text format="XML"><Content><P><ABWFORMAT typ="A"/><kommentar typ="Fundstelle"> Fundstelle des Originaltextes: BGBl. I 2003, 2102 </kommentar></P><P> Die jeweils anzuwendende Methode ist aus der nachstehenden Aufstellung zu ersehen. Die Beschreibung der Methoden ergibt sich aus der Verordnung (EWG) Nr. 1265/69 der Kommission vom 1. Juli 1969 über die Methoden zur Bestimmung der Qualität von Zucker, der von den Interventionsstellen gekauft wird (ABl. EG Nr. L 163 S. 1) und der Ersten Richtlinie (79/796/EWG) der Kommission vom 26. Juli 1979 zur Festlegung gemeinschaftlicher Analysenmethoden für die Kontrolle von zur menschlichen Ernährung bestimmten Zuckerarten (ABl. EG Nr. L 239 S. 24). <BR/><table frame="top" tocentry="%yes;">
	<tgroup align="left" char="" charoff="50" cols="4" colsep="0" rowsep="0">
		<colspec colname="col1" colnum="1" colwidth="40*"/>
		<colspec colname="col2" colnum="2" colwidth="20*"/>
		<colspec colname="col3" colnum="3" colwidth="10*"/>
		<colspec colname="col4" colnum="4" colwidth="40*"/>
		<thead valign="bottom">
			<row rowsep="1">
				<entry VJ="1" align="center" colsep="0" valign="top">Merkmale</entry>
				<entry VJ="1" align="center" colsep="0" nameend="col3" namest="col2" valign="top">Zuckerart (Nummer der Anlage 1)</entry>
				<entry VJ="1" align="center" colname="col4" colsep="0" valign="top">Methode</entry>
			</row>
		</thead>
		<tbody valign="top">
			<row>
				<entry VJ="1" align="left" colsep="0" valign="top">Gehalt an Leitfähigkeitsasche</entry>
				<entry VJ="1" align="left" colsep="0" valign="top">3, 4, 5, 6, 11</entry>
				<entry VJ="1" align="left" colsep="0" valign="top">Nr. 1</entry>
				<entry VJ="1" align="left" colsep="0" valign="top">Abschnitt A des Anhangs der Verordnung (EWG) Nr. 1265/69</entry>
			</row>
			<row>
				<entry VJ="1" align="left" colsep="0" valign="top">Farbtype</entry>
				<entry VJ="1" align="left" colsep="0" valign="top">2, 3</entry>
				<entry VJ="1" align="left" colsep="0" valign="top">Nr. 2</entry>
				<entry VJ="1" align="left" colsep="0" valign="top">Abschnitt A des Anhangs der Verordnung (EWG) Nr. 1265/69</entry>
			</row>
			<row>
				<entry VJ="1" align="left" colsep="0" valign="top">Farbe in Lösung</entry>
				<entry VJ="1" align="left" colsep="0" valign="top">3, 4, 5, 6</entry>
				<entry VJ="1" align="left" colsep="0" valign="top">Nr. 3</entry>
				<entry VJ="1" align="left" colsep="0" valign="top">Abschnitt A des Anhangs der Verordnung (EWG) Nr. 1265/69</entry>
			</row>
			<row>
				<entry VJ="1" align="left" colsep="0" valign="top">Verlust beim Trocknen</entry>
				<entry VJ="1" align="left" colsep="0" valign="top">1, 2, 3</entry>
				<entry VJ="1" align="left" colsep="0" valign="top">Nr. 1</entry>
				<entry VJ="1" align="left" colsep="0" valign="top">Anlage II der Richtlinie 79/796/EWG</entry>
			</row>
			<row>
				<entry VJ="1" align="left" colsep="0" valign="top">Trockenmasse</entry>
				<entry VJ="1" align="left" colsep="0" valign="top">7, 8, 9, 10</entry>
				<entry VJ="1" align="left" colsep="0" valign="top">Nr. 2</entry>
				<entry VJ="1" align="left" colsep="0" valign="top">Anlage II der Richtlinie 79/796/EWG</entry>
			</row>
			<row>
				<entry VJ="1" align="left" colsep="0" valign="top"/>
				<entry VJ="1" align="left" colsep="0" valign="top">4, 5, 6</entry>
				<entry VJ="1" align="left" colsep="0" valign="top">Nr. 3</entry>
				<entry VJ="1" align="left" colsep="0" valign="top">Anlage II der Richtlinie 79/796/EWG</entry>
			</row>
			<row>
				<entry VJ="1" align="left" colsep="0" valign="top">Gehalt an Invertzucker</entry>
				<entry VJ="1" align="left" colsep="0" valign="top">1</entry>
				<entry VJ="1" align="left" colsep="0" valign="top">Nr. 4</entry>
				<entry VJ="1" align="left" colsep="0" valign="top">Anlage II der Richtlinie 79/796/EWG</entry>
			</row>
			<row>
				<entry VJ="1" align="left" colsep="0" valign="top"/>
				<entry VJ="1" align="left" colsep="0" valign="top">2, 3</entry>
				<entry VJ="1" align="left" colsep="0" valign="top">Nr. 5</entry>
				<entry VJ="1" align="left" colsep="0" valign="top">Anlage II der Richtlinie 79/796/EWG</entry>
			</row>
			<row>
				<entry VJ="1" align="left" colsep="0" valign="top"/>
				<entry VJ="1" align="left" colsep="0" valign="top">4, 5, 6</entry>
				<entry VJ="1" align="left" colsep="0" valign="top">Nr. 6</entry>
				<entry VJ="1" align="left" colsep="0" valign="top">Anlage II der Richtlinie 79/796/EWG</entry>
			</row>
			<row>
				<entry VJ="1" align="left" colsep="0" valign="top">Dextrose (D-Glukose), Dextroseäquivalent</entry>
				<entry VJ="1" align="left" colsep="0" valign="top">7, 8, 9, 10</entry>
				<entry VJ="1" align="left" colsep="0" valign="top">Nr. 6</entry>
				<entry VJ="1" align="left" colsep="0" valign="top">Anlage II der Richtlinie 79/796/EWG</entry>
			</row>
			<row>
				<entry VJ="1" align="left" colsep="0" valign="top">Sulfatasche</entry>
				<entry VJ="1" align="left" colsep="0" valign="top">7, 8, 9, 10</entry>
				<entry VJ="1" align="left" colsep="0" valign="top">Nr. 9</entry>
				<entry VJ="1" align="left" colsep="0" valign="top">Anlage II der Richtlinie 79/796/EWG</entry>
			</row>
			<row>
				<entry VJ="1" align="left" colsep="0" valign="top">Polarisation</entry>
				<entry VJ="1" align="left" colsep="0" valign="top">1, 2, 3</entry>
				<entry VJ="1" align="left" colsep="0" valign="top">Nr. 10</entry>
				<entry VJ="1" align="left" colsep="0" valign="top">Anlage II der Richtlinie 79/796/EWG</entry>
			</row>
		</tbody>
	</tgroup>
</table> </P></Content> </text></textdaten></norm>
</dokumente>