<?xml version="1.0" encoding="UTF-8" ?><!DOCTYPE dokumente SYSTEM "http://www.gesetze-im-internet.de/dtd/1.01/gii-norm.dtd">
<dokumente builddate="20231128213522" doknr="BJNR011409017"><norm builddate="20231128213522" doknr="BJNR011409017"><metadaten><jurabk>VkENOG</jurabk><ausfertigung-datum manuell="ja">2017-01-27</ausfertigung-datum><fundstelle typ="amtlich"><periodikum>BGBl I</periodikum><zitstelle>2017, 114 (1222), 1676</zitstelle></fundstelle><langue>Gesetz zur Neuordnung der Verantwortung in der kerntechnischen Entsorgung</langue><standangabe checked="ja"><standtyp>Stand</standtyp><standkommentar>Geändert durch Art. 244 V v. 19.6.2020 I 1328</standkommentar></standangabe><standangabe checked="ja"><standtyp>Sonst</standtyp><standkommentar>Das G ist gem. Art. 10 iVm Bek. v. 16.6.2017 I 1676 am 16.6.2017 in Kraft getreten</standkommentar></standangabe></metadaten><textdaten><fussnoten><Content><P><BR/> <pre xml:space="preserve">(+++ Textnachweis ab: 16.6.2017 +++)<BR/><BR/></pre></P></Content></fussnoten></textdaten></norm>
<norm builddate="20231128213522" doknr="BJNR011409017BJNE000100000"><metadaten><jurabk>VkENOG</jurabk><gliederungseinheit><gliederungskennzahl>000</gliederungskennzahl><gliederungsbez>-</gliederungsbez><gliederungstitel/></gliederungseinheit><enbez>Eingangsformel</enbez></metadaten><textdaten><text format="XML"><Content><P>Der Bundestag hat mit Zustimmung des Bundesrates das folgende Gesetz beschlossen:</P></Content></text></textdaten></norm>
<norm builddate="20231128213522" doknr="BJNR011409017BJNG000100000"><metadaten><jurabk>VkENOG</jurabk><gliederungseinheit><gliederungskennzahl>010</gliederungskennzahl><gliederungsbez>Art 1</gliederungsbez><gliederungstitel>Gesetz zur Errichtung eines Fonds zur Finanzierung der kerntechnischen Entsorgung (Entsorgungsfondsgesetz - EntsorgFondsG)</gliederungstitel></gliederungseinheit></metadaten><textdaten><text format="XML"><Content><P/></Content></text><fussnoten/></textdaten></norm>
<norm builddate="20231128213522" doknr="BJNR011409017BJNG000200000"><metadaten><jurabk>VkENOG</jurabk><gliederungseinheit><gliederungskennzahl>020</gliederungskennzahl><gliederungsbez>Art 2</gliederungsbez><gliederungstitel>Gesetz zur Regelung des Übergangs der Finanzierungs- und Handlungspflichten für die Entsorgung radioaktiver Abfälle der Betreiber von Kernkraftwerken (Entsorgungsübergangsgesetz)</gliederungstitel></gliederungseinheit></metadaten><textdaten><text format="XML"><Content><P/></Content></text><fussnoten/></textdaten></norm>
<norm builddate="20231128213522" doknr="BJNR011409017BJNG000300000"><metadaten><jurabk>VkENOG</jurabk><gliederungseinheit><gliederungskennzahl>030</gliederungskennzahl><gliederungsbez>Art 3 bis 6</gliederungsbez><gliederungstitel/></gliederungseinheit></metadaten><textdaten><text format="XML"><Content><P/></Content></text><fussnoten/></textdaten></norm>
<norm builddate="20231128213522" doknr="BJNR011409017BJNG000400000"><metadaten><jurabk>VkENOG</jurabk><gliederungseinheit><gliederungskennzahl>070</gliederungskennzahl><gliederungsbez>Art 7</gliederungsbez><gliederungstitel>Gesetz zur Transparenz über die Kosten der Stilllegung und des Rückbaus der Kernkraftwerke sowie der Verpackung radioaktiver Abfälle (Transparenzgesetz)</gliederungstitel></gliederungseinheit></metadaten><textdaten><text format="XML"><Content><P/></Content></text><fussnoten/></textdaten></norm>
<norm builddate="20231128213522" doknr="BJNR011409017BJNG000500000"><metadaten><jurabk>VkENOG</jurabk><gliederungseinheit><gliederungskennzahl>080</gliederungskennzahl><gliederungsbez>Art 8</gliederungsbez><gliederungstitel>Gesetz zur Nachhaftung für Abbau- und Entsorgungskosten im Kernenergiebereich (Nachhaftungsgesetz)</gliederungstitel></gliederungseinheit></metadaten><textdaten><text format="XML"><Content><P/></Content></text><fussnoten/></textdaten></norm>
<norm builddate="20231128213522" doknr="BJNR011409017BJNG000600000"><metadaten><jurabk>VkENOG</jurabk><gliederungseinheit><gliederungskennzahl>090</gliederungskennzahl><gliederungsbez>Art 9</gliederungsbez><gliederungstitel>Ermächtigung zum Abschluss eines öffentlich-rechtlichen Vertrags, Evaluierung</gliederungstitel></gliederungseinheit></metadaten><textdaten/></norm>
<norm builddate="20231128213522" doknr="BJNR011409017BJNE000201119"><metadaten><jurabk>VkENOG</jurabk><gliederungseinheit><gliederungskennzahl>090</gliederungskennzahl><gliederungsbez>Art 9</gliederungsbez><gliederungstitel/></gliederungseinheit><enbez>§ 1</enbez><titel format="XML">Ermächtigung zum Abschluss eines öffentlich-rechtlichen Vertrags</titel></metadaten><textdaten><text format="XML"><Content><P>Das Bundesministerium für Wirtschaft und Energie kann für die Bundesrepublik Deutschland im Einvernehmen mit dem Bundesministerium der Finanzen und dem Bundesministerium für Umwelt, Naturschutz und nukleare Sicherheit mit den Betreibern von im Inland belegenen Anlagen zur Spaltung von Kernbrennstoffen zur gewerblichen Erzeugung von Elektrizität und ihren Konzernobergesellschaften einen öffentlich-rechtlichen Vertrag über den Übergang der Finanzierungs- und Handlungsverantwortung nach den §§ 1 und 2 des Entsorgungsübergangsgesetzes und die Zahlungsverpflichtungen nach den §§ 7 und 8 des Entsorgungsfondsgesetzes jeweils in der Fassung des Inkrafttretens, über die Übertragung von im Bereich der Zwischen- oder Endlagerung tätigen Gesellschaften und Einrichtungen, über die Voraussetzungen für die Abgabe radioaktiver Abfälle an einen vom Bund mit der Wahrnehmung der Zwischenlagerung beauftragten Dritter und über die nähere Ausgestaltung der Übernahme der Zwischenlager durch den Bund, über die Beschäftigtensicherung sowie über die Rücknahme von Rechtsbehelfen und zu Rechtsbehelfsverzichten schließen.</P></Content></text><fussnoten/></textdaten></norm>
<norm builddate="20231128213522" doknr="BJNR011409017BJNE000300000"><metadaten><jurabk>VkENOG</jurabk><gliederungseinheit><gliederungskennzahl>090</gliederungskennzahl><gliederungsbez>Art 9</gliederungsbez><gliederungstitel/></gliederungseinheit><enbez>§ 2</enbez><titel format="XML">Evaluierung</titel></metadaten><textdaten><text format="XML"><Content><P>Dieses Regelungsvorhaben wird spätestens zum 30. Juni 2022 hinsichtlich der Effizienz des Verwaltungsvollzugs evaluiert. Dabei wird die Bundesregierung untersuchen, wie sich der Erfüllungsaufwand für die Verwaltung entwickelt hat, und ob die Entwicklung in einem angemessenen Verhältnis zu den festgestellten Regelungswirkungen steht.</P></Content></text></textdaten></norm>
<norm builddate="20231128213522" doknr="BJNR011409017BJNG000700000"><metadaten><jurabk>VkENOG</jurabk><gliederungseinheit><gliederungskennzahl>100</gliederungskennzahl><gliederungsbez>Art 10</gliederungsbez><gliederungstitel>Inkrafttreten</gliederungstitel></gliederungseinheit></metadaten><textdaten><text format="XML"><Content><P>Dieses Gesetz tritt an dem Tag in Kraft, an dem die Europäische Kommission die beihilferechtliche Genehmigung erteilt oder verbindlich mitteilt, dass eine solche Genehmigung nicht erforderlich ist; das Bundesministerium für Wirtschaft und Energie gibt den Tag des Inkrafttretens im Bundesgesetzblatt bekannt.</P></Content></text><fussnoten/></textdaten></norm>
</dokumente>