<?xml version="1.0" encoding="UTF-8" ?><!DOCTYPE dokumente SYSTEM "http://www.gesetze-im-internet.de/dtd/1.01/gii-norm.dtd">
<dokumente builddate="20150325223503" doknr="BJNR147800013"><norm builddate="20150325223503" doknr="BJNR147800013"><metadaten><jurabk>WrackBKostDG</jurabk><ausfertigung-datum manuell="ja">2013-06-04</ausfertigung-datum><fundstelle typ="amtlich"><periodikum>BGBl I</periodikum><zitstelle>2013, 1471, 1478</zitstelle></fundstelle><kurzue>Wrackbeseitigungskostendurchsetzungsgesetz</kurzue><langue>Gesetz über die Durchsetzung von Kostenforderungen aus dem Internationalen Übereinkommen von Nairobi von 2007 über die Beseitigung von Wracks</langue></metadaten><textdaten><fussnoten><Content><P><BR/> <pre xml:space="preserve">(+++ Textnachweis ab 11.6.2013 +++)<BR/>(+++ Zur Anwendung vgl. § 5 +++)<BR/><BR/></pre>Das G wurde als Artikel 6 des G v. 4.6.2013 I 1471 vom Bundestag beschlossen. Es ist gem. Art. 8 dieses G am 11.6.2013 in Kraft getreten.</P></Content></fussnoten></textdaten></norm>
<norm builddate="20150325223503" doknr="BJNR147800013BJNE000100000"><metadaten><jurabk>WrackBKostDG</jurabk><enbez>§ 1</enbez></metadaten><textdaten><text format="XML"><Content><P>Kommt der eingetragene Eigentümer eines Schiffes seiner Pflicht zur Beseitigung nach Artikel 9 Absatz 2 des Internationalen Übereinkommens von Nairobi von 2007 über die Beseitigung von Wracks (BGBl. 2013 II S. 530, 531) (Wrackbeseitigungsübereinkommen) nicht nach, erfolgt die Beseitigung im Rahmen des Artikels 9 Absatz 6 bis 8 des Wrackbeseitigungsübereinkommens durch die nach § 3 zuständige Behörde nach Maßgabe der §§ 677 bis 687 des Bürgerlichen Gesetzbuches.</P></Content></text><fussnoten><Content><P><ABWFORMAT typ="D"/>(+++ §§ 1 bis 4: Zur Anwendung vgl. § 5 Abs. 1 iVm Bek. v. 12.3.2015 I  321 +++)</P></Content></fussnoten></textdaten></norm>
<norm builddate="20150325223503" doknr="BJNR147800013BJNE000200000"><metadaten><jurabk>WrackBKostDG</jurabk><enbez>§ 2</enbez></metadaten><textdaten><text format="XML"><Content><P>Auf den Aufwendungsersatz nach den Artikeln 10, 11 und 12 des Wrackbeseitigungsübereinkommens sind die §§ 683 und 670 des Bürgerlichen Gesetzbuches anzuwenden.</P></Content></text><fussnoten><Content><P><ABWFORMAT typ="D"/>(+++ §§ 1 bis 4: Zur Anwendung vgl. § 5 Abs. 1 iVm Bek. v. 12.3.2015 I  321 +++)</P></Content></fussnoten></textdaten></norm>
<norm builddate="20150325223503" doknr="BJNR147800013BJNE000300000"><metadaten><jurabk>WrackBKostDG</jurabk><enbez>§ 3</enbez></metadaten><textdaten><text format="XML"><Content><P>Zuständige Behörde im Sinne der §§ 1 und 2 ist die für die Maßnahmen nach den Artikeln 6 bis 8 und 9 Absatz 1 und 4 des Wrackbeseitigungsübereinkommens zuständige Schifffahrtspolizeibehörde des Bundes.</P></Content></text><fussnoten><Content><P><ABWFORMAT typ="D"/>(+++ §§ 1 bis 4: Zur Anwendung vgl. § 5 Abs. 1 iVm Bek. v. 12.3.2015 I  321 +++)</P></Content></fussnoten></textdaten></norm>
<norm builddate="20150325223503" doknr="BJNR147800013BJNE000400000"><metadaten><jurabk>WrackBKostDG</jurabk><enbez>§ 4</enbez></metadaten><textdaten><text format="XML"><Content><P>In Streitigkeiten nach dem Wrackbeseitigungsübereinkommen wegen der Ansprüche nach § 2 ist das Landgericht im ersten Rechtszug zuständig, in dessen Bezirk die nach § 3 zuständige Behörde ihren Sitz hat.</P></Content></text><fussnoten><Content><P><ABWFORMAT typ="D"/>(+++ §§ 1 bis 4: Zur Anwendung vgl. § 5 Abs. 1 iVm Bek. v. 12.3.2015 I  321 +++)</P></Content></fussnoten></textdaten></norm>
<norm builddate="20150325223503" doknr="BJNR147800013BJNE000500000"><metadaten><jurabk>WrackBKostDG</jurabk><enbez>§ 5</enbez><titel format="XML">Übergangsregelung</titel></metadaten><textdaten><text format="XML"><Content><P>(1) Die §§ 1 bis 4 sind erst ab dem Tag anzuwenden, an dem das Wrackbeseitigungsübereinkommen für die Bundesrepublik Deutschland in Kraft tritt.</P><P>(2) Das Bundesministerium für Verkehr, Bau und Stadtentwicklung gibt den in Absatz 1 bezeichneten Tag im Bundesgesetzblatt bekannt.</P></Content></text><fussnoten><Content><P>(+++ § 5 Abs. 2: Zur Anwendung ab dem 14.4.2015 vgl. Bek. v. 12.3.2015 I  321 +++)</P></Content></fussnoten></textdaten></norm>
</dokumente>