<?xml version="1.0" encoding="UTF-8" ?><!DOCTYPE dokumente SYSTEM "http://www.gesetze-im-internet.de/dtd/1.01/gii-norm.dtd">
<dokumente builddate="20250402224004" doknr="BJNR224400022"><norm builddate="20250402224004" doknr="BJNR224400022"><metadaten><jurabk>GAPKondV</jurabk><amtabk>GAPKondV</amtabk><ausfertigung-datum manuell="ja">2022-12-07</ausfertigung-datum><fundstelle typ="amtlich"><periodikum>BGBl I</periodikum><zitstelle>2022, 2244</zitstelle></fundstelle><kurzue>GAP-Konditionalitäten-Verordnung</kurzue><langue>Verordnung zur Durchführung der im Rahmen der Gemeinsamen Agrarpolitik geltenden Konditionalität</langue><standangabe checked="ja"><standtyp>Stand</standtyp><standkommentar>Zuletzt geändert durch Art. 1 V v. 16.12.2024 I Nr. 417</standkommentar></standangabe></metadaten><textdaten><fussnoten><Content><P><BR/> <pre xml:space="preserve">(+++ Textnachweis ab: 14.12.2022 +++)<BR/><BR/></pre></P></Content></fussnoten></textdaten></norm>
<norm builddate="20250402224004" doknr="BJNR224400022BJNE000100000"><metadaten><jurabk>GAPKondV</jurabk><enbez>Eingangsformel</enbez></metadaten><textdaten><text format="XML"><Content><P>Es verordnen auf Grund des <DL Type="Dash"><DT>–</DT><DD Font="normal"><LA>§ 9 und des § 12 Absatz 7 und 8 des GAP-Konditionalitäten-Gesetzes vom 16. Juli 2021 (BGBl. I S. 2996) in Verbindung mit § 1 Absatz 2 des Zuständigkeitsanpassungsgesetzes vom 16. August 2002 (BGBl. I S. 3165) und dem Organisationserlass vom 8. Dezember 2021 (BGBl. I S. 5176) das Bundesministerium für Ernährung und Landwirtschaft im Einvernehmen mit dem Bundesministerium für Umwelt, Naturschutz, nukleare Sicherheit und Verbraucherschutz,</LA></DD><DT>–</DT><DD Font="normal"><LA>§ 23 Absatz 1, auch in Verbindung mit dessen Absatz 2 und 4 Satz 1 sowie § 11 Absatz 2 und § 14 Absatz 2 des GAP-Konditionalitäten-Gesetzes vom 16. Juli 2021 (BGBl. I S. 2996), und in Verbindung mit § 1 Absatz 2 des Zuständigkeitsanpassungsgesetzes vom 16. August 2002 (BGBl. I S. 3165) und dem Organisationserlass vom 8. Dezember 2021 (BGBl. I S. 5176), das Bundesministerium für Ernährung und Landwirtschaft im Einvernehmen mit dem Bundesministerium der Finanzen und dem Bundesministerium für Umwelt, Naturschutz, nukleare Sicherheit und Verbraucherschutz,</LA></DD><DT>–</DT><DD Font="normal"><LA>§ 9a Satz 1 des Marktorganisationsgesetzes in der Fassung der Bekanntmachung vom 7. November 2017 (BGBl. I S. 3746) in Verbindung mit § 2 des GAP-Konditionalitäten-Gesetzes vom 16. Juli 2021 (BGBl. I S. 2996) sowie in Verbindung mit § 1 Absatz 2 des Zuständigkeitsanpassungsgesetzes vom 16. August 2002 (BGBl. I S. 3165) und dem Organisationserlass vom 8. Dezember 2021 (BGBl. I S. 5176), von denen § 9a Satz 1 des Marktorganisationsgesetzes durch Artikel 281 der Verordnung vom 19. Juni 2020 (BGBl. I S. 1328) geändert worden ist, das Bundesministerium für Ernährung und Landwirtschaft im Einvernehmen mit dem Bundesministerium der Finanzen, dem Bundesministerium für Wirtschaft und Klimaschutz und dem Bundesministerium für Umwelt, Naturschutz, nukleare Sicherheit und Verbraucherschutz sowie</LA></DD><DT>–</DT><DD Font="normal"><LA>§ 15 Satz 1 des Marktorganisationsgesetzes in der Fassung der Bekanntmachung vom 7. November 2017 (BGBl. I S. 3746) in Verbindung mit § 2 des GAP-Konditionalitäten-Gesetzes vom 16. Juli 2021 (BGBl. I S. 2996) sowie in Verbindung mit § 1 Absatz 2 des Zuständigkeitsanpassungsgesetzes vom 16. August 2002 (BGBl. I S. 3165) und dem Organisationserlass vom 8. Dezember 2021 (BGBl. I S. 5176) das Bundesministerium für Ernährung und Landwirtschaft im Einvernehmen mit dem Bundesministerium der Finanzen und dem Bundesministerium für Wirtschaft und Klimaschutz:</LA></DD></DL></P></Content></text></textdaten></norm>
<norm builddate="20250402224004" doknr="BJNR224400022BJNE000202119"><metadaten><jurabk>GAPKondV</jurabk><enbez>Inhaltsübersicht</enbez></metadaten><textdaten><text format="XML"><Content><TOC><Ident>Kapitel 1</Ident><P/><Title Align="auto">Allgemeine Vorschriften</Title><P/><table colsep="0" frame="none" pgwide="1" rowsep="0" tocentry="%yes;"><tgroup align="left" char="" charoff="50" cols="2"><colspec colname="col1" colnum="1" colwidth="15*"/><colspec colname="col2" colnum="2" colwidth="150*"/><tbody valign="top"><row><entry VJ="1" colname="col1">§ 1</entry><entry VJ="1" colname="col2">Anwendungsbereich</entry></row></tbody></tgroup></table><P/><Ident>Kapitel 2</Ident><P/><Title Align="auto">GLÖZ-Standards</Title><P/><Ident>Abschnitt 1</Ident><P/><Title Align="auto">Erhaltung von Dauergrünland</Title><P/><table colsep="0" frame="none" pgwide="1" rowsep="0" tocentry="%yes;"><tgroup align="left" char="" charoff="50" cols="2"><colspec colname="col1" colnum="1" colwidth="15*"/><colspec colname="col2" colnum="2" colwidth="150*"/><tbody valign="top"><row><entry VJ="1" colname="col1">§ 2</entry><entry VJ="1" colname="col2">Fälle, in denen keine Genehmigung nach § 5 des GAP-Konditionalitäten-Gesetzes erforderlich ist</entry></row><row><entry VJ="1" colname="col1">§ 3</entry><entry VJ="1" colname="col2">Antrag auf Genehmigung der Umwandlung von Dauergrünland</entry></row><row><entry VJ="1" colname="col1">§ 4</entry><entry VJ="1" colname="col2">Anlage von Ersatzflächen bei genehmigter Umwandlung</entry></row><row><entry VJ="1" colname="col1">§ 5</entry><entry VJ="1" colname="col2">Frist für die Anlage von Ersatzflächen</entry></row><row><entry VJ="1" colname="col1">§ 6</entry><entry VJ="1" colname="col2">Geltungsdauer der Genehmigungen nach § 5 des GAP-Konditionalitäten-Gesetzes</entry></row><row><entry VJ="1" colname="col1">§ 7</entry><entry VJ="1" colname="col2">Rückumwandlung bei einer Umwandlung entgegen § 5 des GAP-Konditionalitäten-Gesetzes</entry></row><row><entry VJ="1" colname="col1">§ 8</entry><entry VJ="1" colname="col2">Nichtanwendbarkeit von § 6 des GAP-Konditionalitäten-Gesetzes in bestimmten Fällen</entry></row><row><entry VJ="1" colname="col1">§ 9</entry><entry VJ="1" colname="col2">Anzeige der Umwandlung von Dauergrünland nach § 6 des GAP-Konditionalitäten-Gesetzes</entry></row><row><entry VJ="1" colname="col1">§ 10</entry><entry VJ="1" colname="col2">Umwandlung von Dauergrünland nach § 7 des GAP-Konditionalitäten-Gesetzes</entry></row></tbody></tgroup></table><P/><Ident>Abschnitt 2</Ident><P/><Title Align="auto">Mindestschutz von Feuchtgebieten und Mooren</Title><P/><table colsep="0" frame="none" pgwide="1" rowsep="0" tocentry="%yes;"><tgroup align="left" char="" charoff="50" cols="2"><colspec colname="col1" colnum="1" colwidth="15*"/><colspec colname="col2" colnum="2" colwidth="150*"/><tbody valign="top"><row><entry VJ="1" colname="col1">§ 11</entry><entry VJ="1" colname="col2">Gebietskulisse</entry></row><row><entry VJ="1" colname="col1">§ 12</entry><entry VJ="1" colname="col2">Anbau von Paludikulturen</entry></row><row><entry VJ="1" colname="col1">§ 12a</entry><entry VJ="1" colname="col2">Neuansaat, Neuanpflanzung und Rodung von Dauerkulturen</entry></row><row><entry VJ="1" colname="col1">§ 13</entry><entry VJ="1" colname="col2">Überprüfung der Genehmigung zur erstmaligen oder vertieften Entwässerung landwirtschaftlicher Flächen</entry></row></tbody></tgroup></table><P/><Ident>Abschnitt 3</Ident><P/><Title Align="auto">Weitere GLÖZ-Standards</Title><P/><table colsep="0" frame="none" pgwide="1" rowsep="0" tocentry="%yes;"><tgroup align="left" char="" charoff="50" cols="2"><colspec colname="col1" colnum="1" colwidth="15*"/><colspec colname="col2" colnum="2" colwidth="150*"/><tbody valign="top"><row><entry VJ="1" colname="col1">§ 14</entry><entry VJ="1" colname="col2">Verbot des Abbrennens von Stoppelfeldern</entry></row><row><entry VJ="1" colname="col1">§ 15</entry><entry VJ="1" colname="col2">Schaffung von Pufferstreifen entlang von Gewässern</entry></row><row><entry VJ="1" colname="col1">§ 16</entry><entry VJ="1" colname="col2">Bodenbearbeitung zur Begrenzung von Erosion</entry></row><row><entry VJ="1" colname="col1">§ 17</entry><entry VJ="1" colname="col2">Mindestanforderungen an die Bodenbedeckung in den sensibelsten Zeiten</entry></row><row><entry VJ="1" colname="col1">§ 18</entry><entry VJ="1" colname="col2">Fruchtwechsel auf Ackerland</entry></row></tbody></tgroup></table><P/><Ident>Abschnitt 4</Ident><P/><Title Align="auto">Landschaftselemente</Title><P/><table colsep="0" frame="none" pgwide="1" rowsep="0" tocentry="%yes;"><tgroup align="left" char="" charoff="50" cols="2"><colspec colname="col1" colnum="1" colwidth="15*"/><colspec colname="col2" colnum="2" colwidth="150*"/><tbody valign="top"><row><entry VJ="1" colname="col1">§ 19</entry><entry VJ="1" colname="col2">Keine Beseitigung von Landschaftselementen</entry></row></tbody></tgroup></table><P/><Ident>Abschnitt 5</Ident><P/><Title Align="auto">Umweltsensibles Dauergrünland</Title><P/><table colsep="0" frame="none" pgwide="1" rowsep="0" tocentry="%yes;"><tgroup align="left" char="" charoff="50" cols="2"><colspec colname="col1" colnum="1" colwidth="15*"/><colspec colname="col2" colnum="2" colwidth="150*"/><tbody valign="top"><row><entry VJ="1" colname="col1">§ 20</entry><entry VJ="1" colname="col2">Anzeigepflicht für Maßnahmen zur Grasnarbenerneuerung bei umweltsensiblem Dauergrünland</entry></row><row><entry VJ="1" colname="col1">§ 21</entry><entry VJ="1" colname="col2">Rückumwandlung von umweltsensiblen Dauergrünlandflächen</entry></row></tbody></tgroup></table><P/><Ident>Kapitel 3</Ident><P/><Title Align="auto">Vorschriften der sozialen Konditionalität</Title><P/><table colsep="0" frame="none" pgwide="1" rowsep="0" tocentry="%yes;"><tgroup align="left" char="" charoff="50" cols="2"><colspec colname="col1" colnum="1" colwidth="15*"/><colspec colname="col2" colnum="2" colwidth="150*"/><tbody valign="top"><row><entry VJ="1" colname="col1">§ 22</entry><entry VJ="1" colname="col2">Vorschriften der sozialen Konditionalität</entry></row></tbody></tgroup></table><P/><Ident>Kapitel 4</Ident><P/><Title Align="auto">Kontrollen, Mitteilungen und Sanktionen</Title><P/><Ident>Abschnitt 1</Ident><P/><Title Align="auto">Allgemeine Vorschriften</Title><P/><table colsep="0" frame="none" pgwide="1" rowsep="0" tocentry="%yes;"><tgroup align="left" char="" charoff="50" cols="2"><colspec colname="col1" colnum="1" colwidth="15*"/><colspec colname="col2" colnum="2" colwidth="150*"/><tbody valign="top"><row><entry VJ="1" colname="col1">§ 23</entry><entry VJ="1" colname="col2">Anzuwendende Vorschriften und Zuständigkeiten</entry></row></tbody></tgroup></table><P/><Ident>Abschnitt 2</Ident><P/><Title Align="auto">Kontrollen</Title><P/><table colsep="0" frame="none" pgwide="1" rowsep="0" tocentry="%yes;"><tgroup align="left" char="" charoff="50" cols="2"><colspec colname="col1" colnum="1" colwidth="15*"/><colspec colname="col2" colnum="2" colwidth="150*"/><tbody valign="top"><row><entry VJ="1" colname="col1">§ 24</entry><entry VJ="1" colname="col2">Systematische Vor-Ort-Kontrollen</entry></row><row><entry VJ="1" colname="col1">§ 25</entry><entry VJ="1" colname="col2">Mindestkontrollsatz</entry></row><row><entry VJ="1" colname="col1">§ 26</entry><entry VJ="1" colname="col2">Auswahl der Kontrollstichprobe</entry></row><row><entry VJ="1" colname="col1">§ 27</entry><entry VJ="1" colname="col2">Verwaltungskontrollen</entry></row><row><entry VJ="1" colname="col1">§ 28</entry><entry VJ="1" colname="col2">Anlassbezogene Vor-Ort-Kontrollen</entry></row><row><entry VJ="1" colname="col1">§ 29</entry><entry VJ="1" colname="col2">Kontrollbericht</entry></row></tbody></tgroup></table><P/><Ident>Abschnitt 3</Ident><P/><Title Align="auto">Mitteilungen über Verstöße gegen Vorschriften der sozialen Konditionalität</Title><P/><table colsep="0" frame="none" pgwide="1" rowsep="0" tocentry="%yes;"><tgroup align="left" char="" charoff="50" cols="2"><colspec colname="col1" colnum="1" colwidth="15*"/><colspec colname="col2" colnum="2" colwidth="150*"/><tbody valign="top"><row><entry VJ="1" colname="col1">§ 30</entry><entry VJ="1" colname="col2">Inhalt und Zeitpunkt der Mitteilung</entry></row></tbody></tgroup></table><P/><Ident>Abschnitt 4</Ident><P/><Title Align="auto">Sanktionen</Title><P/><table colsep="0" frame="none" pgwide="1" rowsep="0" tocentry="%yes;"><tgroup align="left" char="" charoff="50" cols="2"><colspec colname="col1" colnum="1" colwidth="15*"/><colspec colname="col2" colnum="2" colwidth="150*"/><tbody valign="top"><row><entry VJ="1" colname="col1">§ 31</entry><entry VJ="1" colname="col2">Sanktionierung bei Übertragung</entry></row><row><entry VJ="1" colname="col1">§ 32</entry><entry VJ="1" colname="col2">Ausnahmen von Verwaltungssanktionen</entry></row><row><entry VJ="1" colname="col1">§ 33</entry><entry VJ="1" colname="col2">Frühwarnsystem bei geringfügigen Verstößen</entry></row><row><entry VJ="1" colname="col1">§ 34</entry><entry VJ="1" colname="col2">Abweichungen vom Regelsatz für Verwaltungssanktionen</entry></row></tbody></tgroup></table><P/><Ident>Kapitel 5</Ident><P/><Title Align="auto">Schlussbestimmungen</Title><P/><table colsep="0" frame="none" pgwide="1" rowsep="0" tocentry="%yes;"><tgroup align="left" char="" charoff="50" cols="2"><colspec colname="col1" colnum="1" colwidth="15*"/><colspec colname="col2" colnum="2" colwidth="150*"/><tbody valign="top"><row><entry VJ="1" colname="col1">§ 35</entry><entry VJ="1" colname="col2">Inkrafttreten</entry></row></tbody></tgroup></table><P/><table colsep="0" frame="none" pgwide="1" rowsep="0" tocentry="%yes;"><tgroup align="left" char="" charoff="50" cols="2"><colspec colname="col1" colnum="1" colwidth="18*"/><colspec colname="col2" colnum="2" colwidth="147*"/><tbody valign="top"><row><entry VJ="1" colname="col1">Anlage 1</entry><entry VJ="1" colname="col2">Klassenzeichen für Bodenarten für Feuchtgebiete und Moore</entry></row><row><entry VJ="1" colname="col1">Anlage 2</entry><entry VJ="1" colname="col2">Bodentypen und Legendeneinheiten nach aktueller deutscher Bodensystematik und daran angelehnten Kartenwerken</entry></row><row><entry VJ="1" colname="col1">Anlage 3</entry><entry VJ="1" colname="col2">Bestimmung der potenziellen Erosionsgefährdung durch Wasser</entry></row><row><entry VJ="1" colname="col1">Anlage 4</entry><entry VJ="1" colname="col2">Bestimmung der potenziellen Erosionsgefährdung durch Wind</entry></row><row><entry VJ="1" colname="col1">Anlage 5</entry><entry VJ="1" colname="col2">Frühe Sommerkulturen</entry></row><row><entry VJ="1" colname="col1">Anlage 6</entry><entry VJ="1" colname="col2">Klassenzeichen für Bodenarten für schwere Böden</entry></row><row><entry VJ="1" colname="col1">Anlage 7</entry><entry VJ="1" colname="col2">Vorschriften der sozialen Konditionalität</entry></row></tbody></tgroup></table></TOC></Content></text><fussnoten/></textdaten></norm>
<norm builddate="20250402224004" doknr="BJNR224400022BJNG000100000"><metadaten><jurabk>GAPKondV</jurabk><gliederungseinheit><gliederungskennzahl>010</gliederungskennzahl><gliederungsbez>Kapitel 1</gliederungsbez><gliederungstitel>Allgemeine Vorschriften</gliederungstitel></gliederungseinheit></metadaten><textdaten/></norm>
<norm builddate="20250402224004" doknr="BJNR224400022BJNE000300000"><metadaten><jurabk>GAPKondV</jurabk><enbez>§ 1</enbez><titel format="XML">Anwendungsbereich</titel></metadaten><textdaten><text format="XML"><Content><P>Diese Verordnung dient der Durchführung des GAP-Konditionalitäten-Gesetzes und der in § 1 des GAP-Konditionalitäten-Gesetzes genannten Unionsregelung.</P></Content></text></textdaten></norm>
<norm builddate="20250402224004" doknr="BJNR224400022BJNG000200000"><metadaten><jurabk>GAPKondV</jurabk><gliederungseinheit><gliederungskennzahl>020</gliederungskennzahl><gliederungsbez>Kapitel 2</gliederungsbez><gliederungstitel>GLÖZ-Standards</gliederungstitel></gliederungseinheit></metadaten><textdaten/></norm>
<norm builddate="20250402224004" doknr="BJNR224400022BJNG000300000"><metadaten><jurabk>GAPKondV</jurabk><gliederungseinheit><gliederungskennzahl>020010</gliederungskennzahl><gliederungsbez>Abschnitt 1</gliederungsbez><gliederungstitel>Erhaltung von Dauergrünland</gliederungstitel></gliederungseinheit></metadaten><textdaten/></norm>
<norm builddate="20250402224004" doknr="BJNR224400022BJNE000400000"><metadaten><jurabk>GAPKondV</jurabk><enbez>§ 2</enbez><titel format="XML">Fälle, in denen keine Genehmigung nach § 5 des GAP-Konditionalitäten-Gesetzes erforderlich ist</titel></metadaten><textdaten><text format="XML"><Content><P>(1) Die Genehmigung nach § 5 des GAP-Konditionalitäten-Gesetzes ist für eine förderfähige Fläche nicht erforderlich, die infolge der Anwendung einer der folgenden Richtlinien nicht mehr landwirtschaftliche Fläche nach § 4 Absatz 1 der GAP-Direktzahlungen-Verordnung ist: <DL Type="arabic"><DT>1.</DT><DD Font="normal"><LA>der Richtlinie <NB>92/43/EWG</NB> des Rates vom 21. Mai 1992 zur Erhaltung der natürlichen Lebensräume sowie der wildlebenden Tiere und Pflanzen (ABl. L 206 vom 22.7.1992, S. 7), die zuletzt durch die Richtlinie <NB>2013/17/EU</NB> (ABl. L 158 vom 10.6.2013, S. 193) geändert worden ist, in der jeweils geltenden Fassung,</LA></DD><DT>2.</DT><DD Font="normal"><LA>der Richtlinie <NB>2000/60/EG</NB> des Europäischen Parlaments und des Rates vom 23. Oktober 2000 zur Schaffung eines Ordnungsrahmens für Maßnahmen der Gemeinschaft im Bereich der Wasserpolitik (ABl. L 327 vom 22.12.2000, S. 1), die zuletzt durch die Richtlinie <NB>2014/101/EU</NB> (ABl. L 311 vom 31.10.2014, S. 32) geändert worden ist, in der jeweils geltenden Fassung oder</LA></DD><DT>3.</DT><DD Font="normal"><LA>der Richtlinie 2009/147/EG des Europäischen Parlaments und des Rates vom 30. November 2009 über die Erhaltung der wildlebenden Vogelarten (ABl. L 20 vom 26.1.2010, S. 7), die zuletzt durch die Verordnung <NB>(EU) 2019/101</NB> (ABl. L 170 vom 25.6.2019, S. 115) geändert worden ist, in der jeweils geltenden Fassung.</LA></DD></DL></P><P>(2) Die Genehmigung nach § 5 des GAP-Konditionalitäten-Gesetzes ist für eine Fläche nicht erforderlich, die nicht mehr Dauergrünland ist, weil die Fläche mit einer Vegetation bewachsen ist, die sich von einer Fläche natürlich ausgebreitet hat, die<DL Type="arabic"><DT>1.</DT><DD Font="normal"><LA>unmittelbar angrenzt,</LA></DD><DT>2.</DT><DD Font="normal"><LA>überwiegend mit Gehölzen, die nicht der landwirtschaftlichen Erzeugung dienen, bewachsen ist, und</LA></DD><DT>3.</DT><DD Font="normal"><LA>für die Direktzahlungen nicht förderfähig ist.</LA></DD></DL></P></Content></text></textdaten></norm>
<norm builddate="20250402224004" doknr="BJNR224400022BJNE000502119"><metadaten><jurabk>GAPKondV</jurabk><enbez>§ 3</enbez><titel format="XML">Antrag auf Genehmigung der Umwandlung von Dauergrünland</titel></metadaten><textdaten><text format="XML"><Content><P>(1) Die Genehmigung für die Umwandlung von Dauergrünland nach § 5 des GAP-Konditionalitäten-Gesetzes ist schriftlich oder elektronisch bei der zuständigen Behörde zu beantragen.</P><P>(2) In dem Antrag sind anzugeben: <DL Font="normal" Type="arabic"><DT>1.</DT><DD Font="normal"><LA Size="normal">die Lage und die Größe der Fläche, für die die Genehmigung zur Umwandlung beantragt wird,</LA></DD><DT>2.</DT><DD Font="normal"><LA Size="normal">die beabsichtigte Nutzung der Fläche nach Nummer 1,</LA></DD><DT>3.</DT><DD Font="normal"><LA Size="normal">die Lage und die Größe der Fläche, die nach § 5 Absatz 1 Satz 2 Nummer 3 des GAP-Konditionalitäten-Gesetzes neu als Dauergrünland anzulegen ist (Ersatzfläche), soweit diese Voraussetzung für die Genehmigung ist,</LA></DD><DT>4.</DT><DD Font="normal"><LA Size="normal">soweit die antragstellende Person nicht Eigentümerin der Fläche nach Nummer 1 ist, der Eigentümer dieser Fläche,</LA></DD><DT>5.</DT><DD Font="normal"><LA Size="normal">soweit die Fläche nach Nummer 3 nicht zum Betrieb der antragstellenden Person gehört, der Begünstigte, zu dessen Betrieb die Fläche gehört, und die für die Feststellung nach § 4 Absatz 4 erforderlichen Angaben,</LA></DD><DT>6.</DT><DD Font="normal"><LA Size="normal">soweit keine Ersatzfläche angelegt werden soll, die Gründe hierfür, sowie</LA></DD><DT>7.</DT><DD Font="normal"><LA Size="normal">die Erklärung, dass die antragstellende Person keiner Verpflichtung gegenüber einer öffentlichen Stelle unterliegt, die einer Umwandlung entgegenstehen.</LA></DD></DL></P><P>(3) Dem Antrag sind, soweit erforderlich, beizufügen: <DL Font="normal" Type="arabic"><DT>1.</DT><DD Font="normal"><LA Size="normal">in den Fällen des Absatzes 2 Nummer 4, sofern die umzuwandelnde Fläche und die Ersatzfläche nicht identisch sind, die schriftliche oder elektronische Zustimmungserklärung des Eigentümers,</LA></DD><DT>2.</DT><DD Font="normal"><LA Size="normal">in den Fällen des Absatzes 2 Nummer 5 die schriftliche oder elektronische Bereitschaftserklärung des Begünstigten,</LA></DD><DT>3.</DT><DD Font="normal"><LA Size="normal">die schriftliche Verpflichtung des Eigentümers nach § 4 Absatz 6 Satz 2 oder</LA></DD><DT>4.</DT><DD Font="normal"><LA Size="normal">die Kopie der Genehmigung, wenn die Fläche für die Durchführung eines nach anderen Rechtsvorschriften genehmigungspflichtigen Vorhabens genutzt wird.</LA></DD></DL></P></Content></text><fussnoten/></textdaten></norm>
<norm builddate="20250402224004" doknr="BJNR224400022BJNE000602119"><metadaten><jurabk>GAPKondV</jurabk><enbez>§ 4</enbez><titel format="XML">Anlage von Ersatzflächen bei genehmigter Umwandlung</titel></metadaten><textdaten><text format="XML"><Content><P>(1) Eine Ersatzfläche ist fünf aufeinander folgende Jahre als Dauergrünland zu nutzen. Satz 1 gilt auch für Flächen, die vor dem 1. Januar 2023 auf Grund von Vorschriften über die Erhaltung des Dauergrünlands bei der Zahlung für dem Klima- und Umweltschutz förderliche Landbewirtschaftungsmethoden zur Durchführung von Titel III Kapitel 3 der Verordnung (EU) Nr. 1307/2013 des Europäischen Parlaments und des Rates vom 17. Dezember 2013 mit Vorschriften über Direktzahlungen an Inhaber landwirtschaftlicher Betriebe im Rahmen von Stützungsregelungen der Gemeinsamen Agrarpolitik und zur Aufhebung der Verordnung (EG) Nr. 637/2008 des Rates und der Verordnung (EG) Nr. 73/2009 des Rates (ABl. L 347 vom 20.12.2013, S. 608; L 130 vom 19.5.2016, S. 14), die zuletzt durch die Delegierte Verordnung (EU) 2021/1017 (ABl. L 224 vom 24.6.2021, S. 1) geändert wurde, <DL Font="normal" Type="arabic"><DT>1.</DT><DD Font="normal"><LA Size="normal">als Dauergrünland angelegt oder rückumgewandelt wurden und</LA></DD><DT>2.</DT><DD Font="normal"><LA Size="normal">nach diesen Vorschriften als Dauergrünland gelten.</LA></DD></DL></P><P>(2) Für die Umwandlung einer Ersatzfläche gilt § 5 Absatz 1 Satz 2 Nummer 3 des GAP-Konditionalitäten-Gesetzes entsprechend.</P><P>(3) Soweit die Ersatzfläche nicht im Eigentum der antragstellenden Person steht und die umzuwandelnde Fläche und die Ersatzfläche nicht identisch sind, ist die schriftliche oder elektronische Zustimmung des Eigentümers der Fläche zur Umwandlung dieser Fläche in Dauergrünland erforderlich.</P><P>(4) Soweit die Ersatzfläche nicht zu dem Betrieb der antragstellenden Person gehört, ist die schriftliche oder elektronische Bereitschaftserklärung des Begünstigten, zu dessen Betrieb die Fläche gehört, zur Umwandlung dieser Fläche in Dauergrünland erforderlich.</P><P>(5) Soweit die Ersatzfläche nicht zu dem Betrieb der antragstellenden Person gehört, muss sie zu dem Betrieb eines Begünstigten gehören, der in Bezug auf diese Fläche an dem auf die Genehmigung folgenden Schlusstermin für den Sammelantrag nach § 6 des GAP-Integriertes Verwaltungs- und Kontrollsystem-Gesetzes den Anforderungen des § 3 Absatz 1 des GAP-Konditionalitäten-Gesetzes unterliegt.</P><P>(6) Die antragstellende Person hat sich gegenüber der zuständigen Behörde schriftlich oder elektronisch zu verpflichten, im Falle eines Wechsels des Eigentums oder des Besitzes an einer Ersatzfläche während der Laufzeit der Verpflichtung nach Absatz 1 jeden nachfolgenden Eigentümer und den nachfolgenden Besitzer darüber zu unterrichten, dass und seit wann die Ersatzfläche der Verpflichtung nach Absatz 1 unterliegt. Soweit die Ersatzfläche nicht im Eigentum der antragstellenden Person steht, hat die antragstellende Person der zuständigen Behörde eine schriftliche oder elektronische Verpflichtung des Eigentümers des Ersatzgrundstücks zur Unterrichtung jedes nachfolgenden Eigentümers nach Satz 1 vorzulegen.</P><P>(7) Soweit die zuständige Behörde für die Zustimmung und Erklärungen nach den Absätzen 3, 4 und 6 Muster bekannt gibt oder Vordrucke oder Formulare bereithält, sind diese zu verwenden.</P></Content></text><fussnoten/></textdaten></norm>
<norm builddate="20250402224004" doknr="BJNR224400022BJNE000700000"><metadaten><jurabk>GAPKondV</jurabk><enbez>§ 5</enbez><titel format="XML">Frist für die Anlage von Ersatzflächen</titel></metadaten><textdaten><text format="XML"><Content><P>Die Ersatzfläche ist bis zu dem auf die Genehmigung folgenden Schlusstermin für den Sammelantrag nach § 6 des GAP-Integriertes Verwaltungs- und Kontrollsystem-Gesetzes anzulegen.</P></Content></text></textdaten></norm>
<norm builddate="20250402224004" doknr="BJNR224400022BJNE000800000"><metadaten><jurabk>GAPKondV</jurabk><enbez>§ 6</enbez><titel format="XML">Geltungsdauer der Genehmigungen nach § 5 des GAP-Konditionalitäten-Gesetzes</titel></metadaten><textdaten><text format="XML"><Content><P>(1) Nicht in Anspruch genommene Genehmigungen nach § 5 des GAP-Konditionalitäten-Gesetzes erlöschen mit Ablauf <DL Type="arabic"><DT>1.</DT><DD Font="normal"><LA>des Tages einer Bekanntmachung nach § 8 Absatz 2 des GAP-Konditionalitäten-Gesetzes oder</LA></DD><DT>2.</DT><DD Font="normal"><LA>des auf die Genehmigung folgenden Schlusstermins für den Sammelantrag nach § 6 des GAP-Integriertes Verwaltungs- und Kontrollsystem-Gesetzes.</LA></DD></DL></P><P>(2) Soweit die Ersatzfläche bis zu dem auf die Genehmigung folgenden Schlusstermin für den Sammelantrag nach § 6 des GAP-Integriertes Verwaltungs- und Kontrollsystem-Gesetzes nicht angelegt ist, erlischt die Genehmigung.</P></Content></text></textdaten></norm>
<norm builddate="20250402224004" doknr="BJNR224400022BJNE000901119"><metadaten><jurabk>GAPKondV</jurabk><enbez>§ 7</enbez><titel format="XML">Rückumwandlung bei einer Umwandlung entgegen § 5 des GAP-Konditionalitäten-Gesetzes</titel></metadaten><textdaten><text format="XML"><Content><P>(1) Hat ein Begünstigter Dauergrünland ohne Genehmigung nach § 5 Absatz 1 Satz 2 des GAP-Konditionalitäten-Gesetzes umgewandelt und liegt kein Fall der §§ 6 und 7 des GAP-Konditionalitäten-Gesetzes vor, hat die zuständige Behörde die Rückumwandlung der Fläche in Dauergrünland anzuordnen. Die zuständige Behörde hat dem Begünstigten eine angemessene Frist für die Rückumwandlung zu setzen. § 4 Absatz 1 Satz 1 und Absatz 2 gilt entsprechend.</P><P>(2) Sofern im Falle des Absatzes 1 zum Zeitpunkt der Umwandlung die Voraussetzungen einer Genehmigung vorlagen, soll die zuständige Behörde auf Antrag des Begünstigten die Umwandlung nachträglich genehmigen.</P><P>(3) Hat ein Begünstigter entgegen § 5 Absatz 1 Satz 2 Nummer 3 des GAP-Konditionalitäten-Gesetzes keine Ersatzfläche angelegt, hat die zuständige Behörde die Rückumwandlung der Fläche in Dauergrünland anzuordnen. Die zuständige Behörde hat dem Begünstigten eine angemessene Frist für die Rückumwandlung zu setzen. § 4 Absatz 1 Satz 1 und Absatz 2 gilt entsprechend.</P></Content></text><fussnoten/></textdaten></norm>
<norm builddate="20250402224004" doknr="BJNR224400022BJNE001000000"><metadaten><jurabk>GAPKondV</jurabk><enbez>§ 8</enbez><titel format="XML">Nichtanwendbarkeit von § 6 des GAP- Konditionalitäten-Gesetzes in bestimmten Fällen</titel></metadaten><textdaten><text format="XML"><Content><P>§ 6 des GAP-Konditionalitäten-Gesetzes ist nicht für Dauergrünland anzuwenden, das <DL Type="arabic"><DT>1.</DT><DD Font="normal"><LA>nach § 5 Absatz 1 Satz 2 Nummer 3 des GAP-<NB>Konditionalitäten-</NB>Gesetzes als Ersatzfläche angelegt wurde,</LA></DD><DT>2.</DT><DD Font="normal"><LA>nach § 7 rückumgewandelt wurde,</LA></DD><DT>3.</DT><DD Font="normal"><LA>auf Grund der Vorschriften über die Erhaltung des Dauergrünlands bei der Zahlung für dem Klima- und Umweltschutz förderliche Landbewirtschaftungsmethoden zur Durchführung von Titel III Kapitel 3 der Verordnung (EU) <NB>Nr. 1307/2013</NB> als Dauergrünland angelegt oder in Dauergrünland rückumgewandelt wurde und nach diesen Vorschriften als Dauergrünland gilt oder</LA></DD><DT>4.</DT><DD Font="normal"><LA>auf Grund einer Förderung gemäß § 1 Absatz 1 Satz 1 Nummer 3 des GAP-Konditionalitäten-Gesetzes aus Ackerland zu Dauergrünland umgewandelt wurde.</LA></DD></DL></P></Content></text></textdaten></norm>
<norm builddate="20250402224004" doknr="BJNR224400022BJNE001100000"><metadaten><jurabk>GAPKondV</jurabk><enbez>§ 9</enbez><titel format="XML">Anzeige der Umwandlung von Dauergrünland nach § 6 des GAP-Konditionalitäten-Gesetzes</titel></metadaten><textdaten><text format="XML"><Content><P>Die Umwandlung von Dauergrünland nach § 6 des GAP-Konditionalitäten-Gesetzes ist der zuständigen Behörde im nächsten Sammelantrag nach § 5 des GAP-Integriertes Verwaltungs- und Kontrollsystem-Gesetzes anzuzeigen.</P></Content></text></textdaten></norm>
<norm builddate="20250402224004" doknr="BJNR224400022BJNE001201130"><metadaten><jurabk>GAPKondV</jurabk><enbez>§ 10</enbez><titel format="XML">Umwandlung von Dauergrünland nach § 7 des GAP-Konditionalitäten-Gesetzes</titel></metadaten><textdaten><text format="XML"><Content><P>(1) § 7 des GAP-Konditionalitäten-Gesetzes ist nicht anzuwenden bei Dauergrünland, das <DL Font="normal" Type="arabic"><DT>1.</DT><DD Font="normal"><LA Size="normal">nach § 5 Absatz 1 Satz 2 Nummer 3 des GAP-<NB>Konditionalitäten-</NB>Gesetzes als Ersatzfläche angelegt wurde,</LA></DD><DT>2.</DT><DD Font="normal"><LA Size="normal">nach § 7 rückumgewandelt wurde,</LA></DD><DT>3.</DT><DD Font="normal"><LA Size="normal">auf Grund der Vorschriften über die Erhaltung des Dauergrünlands bei der Zahlung für dem Klima- und Umweltschutz förderliche Landbewirtschaftungsmethoden zur Durchführung von Titel III Kapitel 3 der Verordnung (EU) Nr. 1307/2013 als Dauergrünland angelegt oder in Dauergrünland rückumgewandelt wurde,</LA></DD><DT>4.</DT><DD Font="normal"><LA Size="normal">auf Grund einer Förderung gemäß § 1 Absatz 1 Satz 1 Nummer 3 des GAP-Konditionalitäten-Gesetzes aus Ackerland zu Dauergrünland umgewandelt wurde oder</LA></DD><DT>5.</DT><DD Font="normal"><LA Size="normal">ohne Genehmigung umgewandelt wurde und dessen Fläche größer als 500 Quadratmeter ist.</LA></DD></DL></P><P>(2) Absatz 1 gilt nur in dem Zeitraum, in dem die Flächen als Dauergrünland genutzt werden müssen.</P></Content></text><fussnoten/></textdaten></norm>
<norm builddate="20250402224004" doknr="BJNR224400022BJNG000400000"><metadaten><jurabk>GAPKondV</jurabk><gliederungseinheit><gliederungskennzahl>020020</gliederungskennzahl><gliederungsbez>Abschnitt 2</gliederungsbez><gliederungstitel>Mindestschutz von Feuchtgebieten und Mooren</gliederungstitel></gliederungseinheit></metadaten><textdaten/></norm>
<norm builddate="20250402224004" doknr="BJNR224400022BJNE001302119"><metadaten><jurabk>GAPKondV</jurabk><enbez>§ 11</enbez><titel format="XML">Gebietskulisse</titel></metadaten><textdaten><text format="XML"><Content><P>(1) Die Landesregierungen haben durch Rechtsverordnung nach § 26 Absatz 1 Nummer 2 in Verbindung mit Absatz 4 Satz 1 des GAP-Konditionalitäten-Gesetzes die Feuchtgebiete und Moore nach § 10 Absatz 1 Satz 1 des GAP-Konditionalitäten-Gesetzes als Gebietskulisse nach der bestverfügbaren Datengrundlage auszuweisen.</P><P>(2) Feuchtgebiete und Moore nach Absatz 1 sind Böden mit mindestens 7,5 Prozent organischem Bodenkohlenstoffgehalt oder mindestens 15 Prozent organischer Bodensubstanz in einer horizontalen oder schräg gestellten Bodenschicht von 10 Zentimetern Mächtigkeit innerhalb der oberen 40 Zentimeter des Profils.</P><P>(3) Zur Erstellung der Gebietskulisse können folgende Böden zugrunde gelegt werden: <DL Font="normal" Type="arabic"><DT>1.</DT><DD Font="normal"><LA Size="normal">Böden mit einem in Anlage 1 aufgeführten Klassenzeichen der Bodenschätzung nach dem Bodenschätzungsgesetz,</LA></DD><DT>2.</DT><DD Font="normal"><LA Size="normal">Bodentypen und Legendeneinheiten in Anlage 2 nach der aktuellen deutschen Bodensystematik und daran angelehnten Kartenwerken oder</LA></DD><DT>3.</DT><DD Font="normal"><LA Size="normal">eine Kombination aus Nummer 1 und 2.</LA></DD></DL></P><P>(4) Die Landesregierungen können in einer Rechtsverordnung nach Maßgabe des § 26 Absatz 1 Nummer 2 in Verbindung mit Absatz 4 Satz 1 des GAP-Konditionalitäten-Gesetzes festlegen: <DL Font="normal" Type="arabic"><DT>1.</DT><DD Font="normal"><LA Size="normal">die Mindestgröße für die Aufnahme von Feuchtgebieten und Mooren in die Gebietskulisse bis zu einer Obergrenze von 2 Hektar für zusammenhängende Flächen,</LA></DD><DT>2.</DT><DD Font="normal"><LA Size="normal">Regelungen für <DL Font="normal" Type="alpha"><DT>a)</DT><DD Font="normal"><LA Size="normal">die anlassbezogene Anpassung der Gebietskulisse und</LA></DD><DT>b)</DT><DD Font="normal"><LA Size="normal">die Zuordnung der Gebietskulisse zu den landwirtschaftlichen Parzellen und</LA></DD></DL></LA></DD><DT>3.</DT><DD Font="normal"><LA Size="normal">Ausnahmen von § 10 Absatz 1 des GAP-Konditionalitäten-Gesetzes für ältere Treposole, die nachweislich vor dem 1. Januar 2020 angelegt wurden.</LA></DD></DL></P></Content></text><fussnoten/></textdaten></norm>
<norm builddate="20250402224004" doknr="BJNR224400022BJNE001401119"><metadaten><jurabk>GAPKondV</jurabk><enbez>§ 12</enbez><titel format="XML">Anbau von Paludikulturen</titel></metadaten><textdaten><text format="XML"><Content><P>(1) Innerhalb der Gebietskulisse nach § 11 sind das Umwandeln oder das Pflügen von Dauergrünland zulässig, sofern eine standortangepasste nasse Nutzung im Sinne einer Paludikultur etabliert wird und sofern die Fläche für Direktzahlungen förderfähig ist.</P><P>(2) Absatz 1 gilt nicht, sofern Dauergrünland betroffen ist, das <DL Font="normal" Type="arabic"><DT>1.</DT><DD Font="normal"><LA Size="normal">in einem Gebiet liegt, das in die Liste nach Artikel 4 Absatz 3 Unterabsatz 3 der Richtlinie 92/43/EWG eingetragen ist,</LA></DD><DT>2.</DT><DD Font="normal"><LA Size="normal">in einem Gebiet liegt, das nach Artikel 4 Absatz 1 Unterabsatz 2 der Richtlinie 2009/147/EG als Schutzgebiet ausgewiesen ist,</LA></DD><DT>3.</DT><DD Font="normal"><LA Size="normal">ein gesetzlich geschütztes Biotop nach § 30 Absatz 2 des Bundesnaturschutzgesetzes oder nach weiteren landesrechtlichen Vorschriften ist oder</LA></DD><DT>4.</DT><DD Font="normal"><LA Size="normal">in einem von einer Landesregierung aus Naturschutzgründen durch Rechtsverordnung ausgewiesenen Gebiet liegt.</LA></DD></DL></P></Content></text><fussnoten/></textdaten></norm>
<norm builddate="20250402224004" doknr="BJNR224400022BJNE005000119"><metadaten><jurabk>GAPKondV</jurabk><enbez>§ 12a</enbez><titel format="XML">Neuansaat, Neuanpflanzung und Rodung von Dauerkulturen</titel></metadaten><textdaten><text format="XML"><Content><P>Sofern innerhalb der Gebietskulisse nach § 11 die Neuansaat, Neuanpflanzung oder die Rodung von Dauerkulturen erforderlich wird, ist, soweit erforderlich, eine tiefer als 30 Zentimeter reichende Bodenwendung zulässig. Neuansaat, Neuanpflanzung und Rodung von Dauerkulturen sind in Übereinstimmung mit den Grundsätzen der guten fachlichen Praxis und nur in dem jeweils erforderlichen Umfang durchzuführen.</P></Content></text><fussnoten/></textdaten></norm>
<norm builddate="20250402224004" doknr="BJNR224400022BJNE001502119"><metadaten><jurabk>GAPKondV</jurabk><enbez>§ 13</enbez><titel format="XML">Überprüfung der Genehmigung der erstmaligen oder vertieften Entwässerung landwirtschaftlicher Flächen</titel></metadaten><textdaten><text format="XML"><Content><P>(1) Wer eine landwirtschaftliche Fläche in einer nach § 11 festgelegten Gebietskulisse erstmalig durch eine Drainage oder einen Graben entwässern will, bedarf der Genehmigung durch die zuständige Behörde. Die zuständige Behörde darf die Genehmigung nur unter Beachtung klimarelevanter Belange, insbesondere der Vermeidung von Kohlendioxidemissionen, erteilen. Die Genehmigung bedarf des Einvernehmens der zuständigen Naturschutzbehörde und der zuständigen Wasserbehörde. Wasserrechtliche Zulassungspflichten bleiben unberührt.</P><P>(2) Wer eine bestehende Drainage oder einen bestehenden Graben zur Entwässerung einer landwirtschaftlichen Fläche in einer nach § 11 festgelegten Gebietskulisse in der Art und Weise erneuern oder instand setzen will, dass dadurch eine Tieferlegung des vorhandenen Entwässerungsniveaus erfolgt, bedarf der Genehmigung durch die zuständige Behörde. Die zuständige Behörde darf die Genehmigung nach Satz 1 nur erteilen, sofern die aufgrund der Erneuerung oder Instandsetzung der Drainage oder des Grabens erfolgende Tieferlegung des vorhandenen Entwässerungsniveaus für die Fortsetzung der landwirtschaftlichen Tätigkeit auf der betroffenen Fläche zwingend erforderlich ist, dies zu keiner erheblichen Beeinträchtigung der Natur und der sonstigen Umwelt führt und klimarelevante Belange im Sinne des Absatzes 1 Satz 2 beachtet werden. Die Genehmigung bedarf des Einvernehmens der zuständigen Naturschutzbehörde und der zuständigen Wasserbehörde. Absatz 1 Satz 4 gilt entsprechend.</P><P>(3) Bei einer Kontrolle nach § 16 Absatz 1 Satz 1 des GAP-Konditionalitäten-Gesetzes hat der Begünstigte die Genehmigung nach Absatz 1 oder Absatz 2 den zur Kontrolle befugten Personen vorzulegen.</P></Content></text><fussnoten/></textdaten></norm>
<norm builddate="20250402224004" doknr="BJNR224400022BJNG000500000"><metadaten><jurabk>GAPKondV</jurabk><gliederungseinheit><gliederungskennzahl>020030</gliederungskennzahl><gliederungsbez>Abschnitt 3</gliederungsbez><gliederungstitel>Weitere GLÖZ-Standards</gliederungstitel></gliederungseinheit></metadaten><textdaten/></norm>
<norm builddate="20250402224004" doknr="BJNR224400022BJNE001600000"><metadaten><jurabk>GAPKondV</jurabk><enbez>§ 14</enbez><titel format="XML">Verbot des Abbrennens von Stoppelfeldern</titel></metadaten><textdaten><text format="XML"><Content><P>Stoppelfelder dürfen nicht abgebrannt werden.</P></Content></text></textdaten></norm>
<norm builddate="20250402224004" doknr="BJNR224400022BJNE001701119"><metadaten><jurabk>GAPKondV</jurabk><enbez>§ 15</enbez><titel format="XML">Schaffung von Pufferstreifen entlang von Gewässern</titel></metadaten><textdaten><text format="XML"><Content><P>(1) Pflanzenschutzmittel, Biozid-Produkte und Düngemittel dürfen auf landwirtschaftlichen Flächen, die an Gewässer angrenzen, innerhalb eines Abstands von 3 Metern, gemessen ab der Böschungsoberkante, nicht angewendet werden. Bei Gewässern ohne ausgeprägte Böschungsoberkante wird der Abstand ab der Linie des Mittelwasserstandes gemessen. Landesrechtliche Regelungen bezüglich der Festlegung der Böschungsoberkante oder Uferlinie gelten fort.</P><P>(2) Absatz 1 gilt nicht für Gewässer, soweit diese nach § 5 Absatz 4 der Düngeverordnung in Verbindung mit § 2 Absatz 2 des Wasserhaushaltsgesetzes oder nach § 4a Absatz 1 Satz 1 der Pflanzenschutz-Anwendungsverordnung von der Anwendung des Wasserhaushaltsgesetzes oder der Pflanzenschutz-Anwendungsverordnung ausgenommen sind. Die Landesregierungen können in Gebieten, in denen die landwirtschaftlichen Flächen in einem erheblichen Umfang von Ent- und Bewässerungsgräben durchzogen sind, durch Rechtsverordnung den Abstand nach Absatz 1 Satz 1 verringern, sofern dies für diese Gebiete entsprechend begründet ist.</P></Content></text><fussnoten/></textdaten></norm>
<norm builddate="20250402224004" doknr="BJNR224400022BJNE001802119"><metadaten><jurabk>GAPKondV</jurabk><enbez>§ 16</enbez><titel format="XML">Bodenbearbeitung zur Begrenzung von Erosion</titel></metadaten><textdaten><text format="XML"><Content><P>(1) Zur Begrenzung von Erosion sind Maßnahmen vorzusehen, die sich an den aus der Einteilung landwirtschaftlicher Flächen nach dem Grad der Wasser- oder Winderosionsgefährdung (Erosionsgefährdung) nach Maßgabe einer Rechtsverordnung nach Satz 2 in Verbindung mit den Anforderungen aus den Absätzen 2 bis 4 auszurichten haben. Die Landesregierungen haben durch Rechtsverordnung nach Maßgabe des § 26 Absatz 1 Nummer 2 in Verbindung mit Absatz 4 Satz 1 des GAP-Konditionalitäten-Gesetzes die landwirtschaftlichen Flächen nach dem Grad der Erosionsgefährdung einzuteilen. Die Einteilung nach Satz 2 erfolgt für eine Erosionsgefährdung <DL Font="normal" Type="arabic"><DT>1.</DT><DD Font="normal"><LA Size="normal">durch Wasser nach Anlage 3 und</LA></DD><DT>2.</DT><DD Font="normal"><LA Size="normal">durch Wind nach Anlage 4.</LA></DD></DL>In der Rechtsverordnung nach Satz 2 sind die Gebiete zu bezeichnen, die den Erosionsgefährdungsklassen zugehören.</P><P>(2) Eine Ackerfläche, die zur Wassererosionsgefährdungsklasse K<SUB>Wasser1</SUB> nach Anlage 3 gehört, darf vom 1. Dezember bis zum 15. Februar nicht gepflügt werden. Das Pflügen nach der Ernte der Vorfrucht ist nur bei einer Aussaat vor dem 1. Dezember zulässig. In Betrieben, die nach der Verordnung (EU) 2018/848 des Europäischen Parlaments und des Rates vom 30. Mai 2018 über die ökologische/biologische Produktion und die Kennzeichnung von ökologischen/biologischen Erzeugnissen sowie zur Aufhebung der Verordnung (EG) Nr. 834/2007 des Rates (ABl. L 150 vom 14.6.2018, S. 1; L 270 vom 29.10.2018, S. 37; L 305 vom 26.11.2019, S. 59; L 37 vom 10.2.2020, S. 26; L 324 vom 6.10.2020, S. 65; L 439 vom 29.12.2020, S. 32; L 7 vom 11.1.2021, S. 53; L 204 vom 10.6.2021, S. 47; L 318 vom 9.9.2021, S. 5), die zuletzt durch die Delegierte Verordnung (EU) 2023/207 (ABl. L 29 vom 1.2.2023, S. 6) geändert worden ist, in der jeweils geltenden Fassung zertifiziert sind, darf beim Anbau früher Sommerkulturen nach Anlage 5 eine durch Pflügen im Spätherbst oder Winter hergestellte, grob strukturierte Feldoberfläche, die ohne jede weitere Bearbeitung mindestens bis zum Ablauf des 15. Februar des Folgejahres vorhanden sein muss (raue Winterfurche), zur Anwendung kommen, sofern der Anbau nicht mit einem Reihenabstand von 45 Zentimetern oder mehr (Reihenkultur) erfolgt.</P><P>(3) Eine Ackerfläche, die zur Wassererosionsgefährdungsklasse K<SUB>Wasser2</SUB> nach Anlage 3 gehört, darf vom 1. Dezember bis zum 15. Februar nicht gepflügt werden. Das Pflügen zwischen dem 16. Februar und dem Ablauf des 30. November ist nur bei einer unmittelbar folgenden Aussaat zulässig. Spätester Zeitpunkt der Aussaat ist der 30. November. Vor der Aussaat von Reihenkulturen ist das Pflügen verboten. In Betrieben, die nach der Verordnung (EU) 2018/848 zertifiziert sind, darf beim Anbau früher Sommerkulturen nach Anlage 5 eine raue Winterfurche zur Anwendung kommen, sofern der Anbau nicht in Reihenkultur erfolgt. In den in Satz 5 genannten Betrieben darf Ackerland beim Anbau von Sommerkulturen in Reihenkultur nur gepflügt werden, wenn zuvor eine Winterzwischenfrucht, auch in Form einer Untersaat, in Übereinstimmung mit den Grundsätzen der guten fachlichen Praxis angebaut wurde und das Pflügen in Übereinstimmung mit den Grundsätzen der guten fachlichen Praxis unmittelbar vor der Aussaat der Sommerkultur in Reihenkultur erfolgt.</P><P>(4) Eine Ackerfläche, die zur Winderosionsgefährdungsklasse K<SUB>Wind</SUB> nach Anlage 4 gehört, darf nur bei einer Aussaat vor dem 1. März gepflügt werden. Abweichend von Satz 1 ist das Pflügen, außer bei Reihenkulturen, ab dem 1. März nur bei einer unmittelbar folgenden Aussaat zulässig. Das Verbot des Pflügens bei Reihenkulturen gilt nicht, soweit <DL Font="normal" Type="arabic"><DT>1.</DT><DD Font="normal"><LA Size="normal">Grünstreifen vor dem 1. Oktober quer zur Hauptwindrichtung im Abstand von höchstens 100 Metern zueinander und in einer Breite von jeweils mindestens 2,5 Metern eingesät werden,</LA></DD><DT>2.</DT><DD Font="normal"><LA Size="normal">ein Agroforstsystem nach § 4 Absatz 2 Nummer 1 der GAP-Direktzahlungen-Verordnung mit den Gehölzstreifen quer zur Hauptwindrichtung angelegt wird,</LA></DD><DT>3.</DT><DD Font="normal"><LA Size="normal">im Falle des Anbaus von Kulturen in Dämmen die Dämme quer zur Hauptwindrichtung angelegt werden oder</LA></DD><DT>4.</DT><DD Font="normal"><LA Size="normal">unmittelbar nach dem Pflügen Jungpflanzen gesetzt werden.</LA></DD></DL></P><P>(5) Die Landesregierungen können in der Rechtsverordnung nach Absatz 1 von den Absätzen 2 bis 4 abweichende Anforderungen festlegen, soweit dies erforderlich ist, um <DL Font="normal" Type="arabic"><DT>1.</DT><DD Font="normal"><LA Size="normal">in bestimmten Gebieten Folgendem Rechnung zu tragen: <DL Font="normal" Type="alpha"><DT>a)</DT><DD Font="normal"><LA Size="normal">witterungsbedingten Besonderheiten,</LA></DD><DT>b)</DT><DD Font="normal"><LA Size="normal">besonderen Anforderungen bestimmter Kulturen oder</LA></DD><DT>c)</DT><DD Font="normal"><LA Size="normal">besonderen Erfordernissen des Pflanzenschutzes nach § 1 Nummer 1 und 2 des Pflanzenschutzgesetzes oder</LA></DD></DL></LA></DD><DT>2.</DT><DD Font="normal"><LA Size="normal">eine sachgerechte Kontrolle der Anforderungen der Absätze 2 bis 4 zu gewährleisten.</LA></DD></DL></P></Content></text><fussnoten/></textdaten></norm>
<norm builddate="20250402224004" doknr="BJNR224400022BJNE001902119"><metadaten><jurabk>GAPKondV</jurabk><enbez>§ 17</enbez><titel format="XML">Mindestanforderungen an die Bodenbedeckung in den sensibelsten Zeiten</titel></metadaten><textdaten><text format="XML"><Content><P>(1) Der Begünstigte hat auf mindestens 80 Prozent des Ackerlandes seines Betriebes eine Mindestbodenbedeckung sicherzustellen. Die Mindestbodenbedeckung nach Satz 1 hat zu erfolgen durch: <DL Font="normal" Type="arabic"><DT>1.</DT><DD Font="normal"><LA Size="normal">in Übereinstimmung mit den Grundsätzen der guten fachlichen Praxis angebaute mehrjährige Kulturen, die bis zum Ablauf des 31. Dezember des Antragsjahres auf der Fläche vorhanden sind,</LA></DD><DT>2.</DT><DD Font="normal"><LA Size="normal">in Übereinstimmung mit den Grundsätzen der guten fachlichen Praxis möglichst früh nach der Ernte der Hauptkultur oder dem Pflügen angebaute Winterkulturen,</LA></DD><DT>3.</DT><DD Font="normal"><LA Size="normal">einen in Übereinstimmung mit den Grundsätzen der guten fachlichen Praxis möglichst früh nach der Ernte der Hauptkultur etablierten Bestand von Begrünungen, einschließlich Selbstbegrünungen, oder Zwischenfrüchten, der mindestens bis zum Ablauf des 31. Dezember des Antragsjahres auf der Fläche vorhanden ist,</LA></DD><DT>4.</DT><DD Font="normal"><LA Size="normal">den Verzicht auf Pflügen ab der Ernte der Hauptkultur bis zum Ablauf des 31. Dezember des Antragsjahres, einschließlich Stoppelbrachen, Mulchauflagen, des Belassens von Ernteresten und mulchender nichtwendender Bodenbearbeitung, oder</LA></DD><DT>5.</DT><DD Font="normal"><LA Size="normal">das Abdecken durch Folien, Vliese, engmaschige Netze oder Ähnliches zur Sicherung der landwirtschaftlichen Produktion in Übereinstimmung mit den Grundsätzen der guten fachlichen Praxis möglichst früh nach der Ernte der Hauptkultur bis zum Ablauf des 31. Dezember des Antragsjahres, sofern nicht der Reihenschluss der angebauten Kultur schon vorher erfolgt.</LA></DD></DL>Ein Wechsel der Art der Mindestbodenbedeckung nach Satz 2 ist zulässig, sofern er in Übereinstimmung mit den Grundsätzen der guten fachlichen Praxis erfolgt.</P><P>(2) Abweichend von Absatz 1 Satz 1 kann der Begünstigte auf <DL Font="normal" Type="arabic"><DT>1.</DT><DD Font="normal"><LA Size="normal">Ackerland mit zur Bestellung im folgenden Jahr vorgeformten Dämmen in der Zeit vom 15. November bis zum Ablauf des 31. Dezember des Antragsjahres zwischen den Dämmen eine Begrünung, einschließlich Selbstbegrünung, zulassen,</LA></DD><DT>2.</DT><DD Font="normal"><LA Size="normal">Ackerland, auf dem im folgenden Jahr frühe Sommerkulturen nach Anlage 5 angebaut werden, die Mindestbodenbedeckung nach Absatz 1 Satz 2 von der Ernte der Hauptkultur bis zum Ablauf des 15. Oktober des Antragsjahres sicherstellen,</LA></DD><DT>3.</DT><DD Font="normal"><LA Size="normal">Ackerland auf schweren Böden nach Anlage 6 oder solchen mit mindestens 17 Prozent Tongehalt in der Zeit beginnend unmittelbar nach der Ernte bis zum 1. Oktober des Antragsjahres eine Mindestbodenbedeckung nach Absatz 1 Satz 2 sicherstellen.</LA></DD></DL></P><P>(3) In der Zeit vom 15. November bis zum Ablauf des 31. Dezember des Antragsjahres hat der Begünstige auf den Dauerkulturflächen seines Betriebes, die als Rebflächen oder für Obstbaumkulturen genutzt werden, zwischen den Reihen eine Selbstbegrünung zuzulassen, sofern nicht bereits eine Begrünung durch Aussaat besteht.</P><P>(4) Brachliegendes Ackerland ist der Selbstbegrünung zu überlassen oder durch Aussaat zu begrünen. Die Begrünung durch Aussaat darf nicht allein durch Gräser oder durch Reinsaat einer landwirtschaftlichen Kulturpflanze erfolgen. Im Zeitraum vom 1. April bis zum Ablauf des 15. August eines Jahres ist das Mähen oder das Zerkleinern des Aufwuchses auf brachliegendem Ackerland verboten. Außerhalb des in Satz 3 genannten Zeitraums ist ein Umbruch mit unverzüglich folgender Aussaat oder Selbstbegrünung zu Pflegezwecken, zur Erfüllung von Verpflichtungen im Rahmen von Agrarumwelt- und Klimamaßnahmen oder zur Erfüllung von Verpflichtungen im Rahmen der Öko-Regelung nach § 20 Absatz 1 Nummer 1 Buchstabe b des GAP-Direktzahlungen-Gesetzes zulässig. Innerhalb des in Satz 3 genannten Zeitraums ist ein Umbruch mit unverzüglicher Aussaat nur zulässig, wenn der Begünstigte verpflichtet ist, ein- oder mehrjährige Blühstreifen oder Blühflächen im Rahmen einer Agrarumwelt- und Klimamaßnahme oder der Öko-Regelung nach § 20 Absatz 1 Nummer 1 Buchstabe b des GAP-Direktzahlungen-Gesetzes anzulegen. Im Zeitraum vom 1. April bis zum Ablauf des 20. April eines Jahres ist eine Bodenbearbeitung mit anschließender Selbstbegrünung zur Erfüllung von Verpflichtungen aus Agrarumwelt- und Klimamaßnahmen zum Schutz von gefährdeten Tierarten der Feldflur zulässig. Im Zeitraum vom 1. Juli eines Jahres bis zum Ablauf des 28. Februar des Folgejahres sind bei der Anlage von selbstbegrünten oder eingesäten Ackerbrachen zur Erfüllung von Verpflichtungen aus Agrarumwelt- und Klimamaßnahmen Pflegemaßnahmen auch durch Schröpfschnitt zulässig, soweit sie Bestandteil dieser Verpflichtungen sind. Die Sätze 4 bis 7 finden keine Anwendung auf Streifen oder Teilflächen, die einen Teil einer zusammenhängenden und mit Ausnahme dieser Streifen oder Teilflächen einheitlich bewirtschafteten Ackerfläche bilden und dazu bestimmt sind, einen Beitrag zur Biodiversität oder zur Regulierung von Schwarzwildbeständen zu leisten.</P><P>(5) Absatz 4 Satz 3 und 6, letzterer jedoch nur für eine Bodenbearbeitung die kein Pflügen ist, gilt entsprechend für Dauergrünlandflächen, auf denen keine Erzeugung stattfindet.</P><P>(6) Auf Streuobstwiesen, deren Aufwuchs nicht genutzt wird, findet Absatz 4 Satz 3, auch im Fall des Absatzes 5, keine Anwendung.</P></Content></text><fussnoten/></textdaten></norm>
<norm builddate="20250402224004" doknr="BJNR224400022BJNE002002119"><metadaten><jurabk>GAPKondV</jurabk><enbez>§ 18</enbez><titel format="XML">Fruchtwechsel auf Ackerland</titel></metadaten><textdaten><text format="XML"><Content><P>(1) Der Begünstigte ist verpflichtet, auf jeder zum Ackerland seines Betriebes gehörenden Fläche innerhalb eines Zeitraumes von drei aufeinanderfolgenden Jahren mindestens zwei unterschiedliche Hauptkulturen einer landwirtschaftlichen Kulturpflanze anzubauen. Anlage 5 Nummer 2.4 bis 2.8 der GAP-Direktzahlungen-Verordnung ist entsprechend anzuwenden. Abweichend von Satz 2 zählen Mischkulturen mit Mais erst ab dem Antragsjahr 2026 zur Hauptkultur Mais.</P><P>(2) Der Begünstigte ist verpflichtet, auf mindestens 33 Prozent des Ackerlandes seines Betriebes einen jährlichen Wechsel der Hauptkultur vorzunehmen oder vor dem erneuten Anbau derselben Hauptkultur eine Zwischenfrucht, die mindestens bis zum Ablauf des 31. Dezember auf der Fläche vorhanden ist, in Übereinstimmung mit den Grundsätzen der guten fachlichen Praxis anzubauen. Anlage 5 Nummer 2.4 bis 2.8 der GAP-Direktzahlungen-Verordnung ist entsprechend anzuwenden. Abweichend von Satz 3 zählen Mischkulturen mit Mais erst ab dem Antragsjahr 2026 zur Hauptkultur Mais.</P><P>(3) Bei der Anwendung der Absätze 1 und 2 werden folgende Flächen nicht berücksichtigt: <DL Font="normal" Type="arabic"><DT>1.</DT><DD Font="normal"><LA Size="normal">brachliegende Flächen,</LA></DD><DT>2.</DT><DD Font="normal"><LA Size="normal">mit mehrjährigen Kulturen bestandene Flächen,</LA></DD><DT>3.</DT><DD Font="normal"><LA Size="normal">Flächen, die dem Anbau folgender Kulturen dienen: <DL Font="normal" Type="alpha"><DT>a)</DT><DD Font="normal"><LA Size="normal">Gras oder andere Grünfutterpflanzen, einschließlich des Anbaus zur Erzeugung von Saatgut oder Rollrasen,</LA></DD><DT>b)</DT><DD Font="normal"><LA Size="normal">feinkörnige Leguminosen bei der Aussaat in Reinsaat oder in Mischungen von Leguminosen, solange diese Leguminosen auf der Fläche vorherrschen,</LA></DD></DL></LA></DD><DT>4.</DT><DD Font="normal"><LA Size="normal">Flächen, die dem Anbau folgender Hauptkulturen in Selbstfolge dienen: <DL Font="normal" Type="alpha"><DT>a)</DT><DD Font="normal"><LA Size="normal">Mais zur Herstellung anerkannten Saatgutes nach § 4 des Saatgutverkehrsgesetzes,</LA></DD><DT>b)</DT><DD Font="normal"><LA Size="normal">Tabak oder</LA></DD><DT>c)</DT><DD Font="normal"><LA Size="normal">Roggen,</LA></DD></DL></LA></DD><DT>5.</DT><DD Font="normal"><LA Size="normal">Flächen in Betrieben mit einer Gesamtgröße des Ackerlandes von bis zu 10 Hektar,</LA></DD><DT>6.</DT><DD Font="normal"><LA Size="normal">Flächen in Betrieben mit einer verbleibenden Gesamtgröße des Ackerlandes von bis zu 50 Hektar, wenn mehr als 75 Prozent des Ackerlandes <DL Font="normal" Type="alpha"><DT>a)</DT><DD Font="normal"><LA Size="normal">für die Erzeugung von Gras oder anderen Grünfutterpflanzen genutzt werden,</LA></DD><DT>b)</DT><DD Font="normal"><LA Size="normal">dem Anbau von Leguminosen dienen,</LA></DD><DT>c)</DT><DD Font="normal"><LA Size="normal">brachliegendes Land sind oder</LA></DD><DT>d)</DT><DD Font="normal"><LA Size="normal">in einer Kombination der Nutzungen nach den Buchstaben a bis c genutzt werden,</LA></DD></DL></LA></DD><DT>7.</DT><DD Font="normal"><LA Size="normal">Flächen in Betrieben mit einer verbleibenden Gesamtgröße des Ackerlandes von bis zu 50 Hektar, wenn mehr als 75 Prozent der förderfähigen landwirtschaftlichen Fläche <DL Font="normal" Type="alpha"><DT>a)</DT><DD Font="normal"><LA Size="normal">Dauergrünland sind,</LA></DD><DT>b)</DT><DD Font="normal"><LA Size="normal">für die Erzeugung von Gras oder anderen Grünfutterpflanzen genutzt werden oder</LA></DD><DT>c)</DT><DD Font="normal"><LA Size="normal">einer Kombination der Nutzungen nach den Buchstaben a und b unterfallen.</LA></DD></DL></LA></DD></DL>Abweichend von Satz 1 sind die in Satz 1 Nummer 1 bis 3 genannten Flächen im ersten Jahr berücksichtigungsfähig.</P><P>(4) In Betrieben, die nach der Verordnung (EU) 2018/848 in der jeweils geltenden Fassung zertifiziert sind, gelten die Verpflichtungen nach den Absätzen 1 und 2 auf allen Flächen als erfüllt.</P><P>(5) Die Verpflichtung nach Absatz 2 gilt in dem Umfang als erfüllt, soweit <DL Font="normal" Type="arabic"><DT>1.</DT><DD Font="normal"><LA Size="normal">beetweise verschiedene Gemüsekulturen, Küchenkräuter, Heil-, Gewürz- oder Zierpflanzen angebaut werden oder</LA></DD><DT>2.</DT><DD Font="normal"><LA Size="normal">im Rahmen einer wissenschaftlichen Versuchsfläche eine oder mehrere Kulturen angebaut werden.</LA></DD></DL></P></Content></text><fussnoten/></textdaten></norm>
<norm builddate="20250402224004" doknr="BJNR224400022BJNG000601119"><metadaten><jurabk>GAPKondV</jurabk><gliederungseinheit><gliederungskennzahl>020040</gliederungskennzahl><gliederungsbez>Abschnitt 4</gliederungsbez><gliederungstitel>Landschaftselemente</gliederungstitel></gliederungseinheit></metadaten><textdaten><fussnoten/></textdaten></norm>
<norm builddate="20250402224004" doknr="BJNR224400022BJNE002501119"><metadaten><jurabk>GAPKondV</jurabk><enbez>§ 19</enbez><titel format="XML">Keine Beseitigung von Landschaftselementen</titel></metadaten><textdaten><text format="XML"><Content><P>(1) Folgende Landschaftselemente dürfen nicht beseitigt werden: <DL Type="arabic"><DT>1.</DT><DD Font="normal"><LA>Hecken oder Knicks: lineare Strukturelemente, die überwiegend mit Gehölzen bewachsen sind und eine Mindestlänge von 10 Metern sowie eine Durchschnittsbreite von bis zu 15 Metern aufweisen, wobei kleinere unbefestigte Unterbrechungen unschädlich sind,</LA></DD><DT>2.</DT><DD Font="normal"><LA>Baumreihen: mindestens fünf linear angeordnete, nicht landwirtschaftlich genutzte Bäume entlang einer Strecke von mindestens 50 Metern Länge,</LA></DD><DT>3.</DT><DD Font="normal"><LA>Feldgehölze: überwiegend mit Gehölzen bewachsene Flächen, die nicht der landwirtschaftlichen Erzeugung dienen, mit einer Größe von mindestens 50 Quadratmetern bis höchstens 2 000 Quadratmetern; Flächen, für die eine Beihilfe zur Aufforstung oder eine Aufforstungsprämie gewährt worden ist, gelten nicht als Feldgehölze,</LA></DD><DT>4.</DT><DD Font="normal"><LA>Feuchtgebiete mit einer Größe von höchstens 2 000 Quadratmetern: <DL Type="alpha"><DT>a)</DT><DD Font="normal"><LA>in Biotopen, die nach § 30 Absatz 2 Satz 1 Nummer 1 und 2 des Bundesnaturschutzgesetzes oder weitergehenden landesrechtlichen Vorschriften geschützt und über die Biotopkartierungen der Länder erfasst sind,</LA></DD><DT>b)</DT><DD Font="normal"><LA>Tümpel, Sölle und Dolinen sowie</LA></DD><DT>c)</DT><DD Font="normal"><LA>mit Buchstabe b vergleichbare Feuchtgebiete.</LA></DD></DL></LA></DD><DT>5.</DT><DD Font="normal"><LA>Einzelbäume: Bäume, die als Naturdenkmäler nach § 28 des Bundesnaturschutzgesetzes geschützt sind,</LA></DD><DT>6.</DT><DD Font="normal"><LA>Feldraine: überwiegend mit gras- und krautartigen Pflanzen bewachsene, schmale, lang gestreckte Flächen mit einer Gesamtbreite von mehr als <NB>2 Metern,</NB> die innerhalb von oder zwischen landwirtschaftlichen Nutzflächen liegen oder an diese angrenzen und auf denen keine landwirtschaftliche Erzeugung stattfindet,</LA></DD><DT>7.</DT><DD Font="normal"><LA>Lesesteinwälle: Aufschüttungen von Lesesteinen von mehr als 5 Metern Länge,</LA></DD><DT>8.</DT><DD Font="normal"><LA>Fels- und Steinriegel sowie naturversteinte Flächen mit einer Größe von höchstens 2 000 Quadratmetern,</LA></DD><DT>9.</DT><DD Font="normal"><LA>Terrassen: unter Verwendung von Hilfsmaterialien angelegte, linear-vertikale Strukturen in der Agrarlandschaft, die dazu bestimmt sind, die Hangneigung von Nutzflächen zu verringern.</LA></DD><DT>10.</DT><DD Font="normal"><LA>Trocken- und Natursteinmauern: Mauern aus mit Erde oder Lehm verfugten oder nicht verfugten Feld- oder Natursteinen, die <DL Type="alpha"><DT>a)</DT><DD Font="normal"><LA>Bestandteile einer Terrasse nach Nummer 9 sind, oder</LA></DD><DT>b)</DT><DD Font="normal"><LA>mehr als 5 Metern lang und kein Bestandteil einer Terrasse nach Nummer 9 sind.</LA></DD></DL></LA></DD></DL></P><P>(2) Das Beseitigungsverbot nach Absatz 1 gilt nicht für Gehölze von Agroforstsystemen nach § 4 Absatz 2 der GAP-Direktzahlungen-Verordnung.</P><P>(3) § 39 Absatz 5 Satz 1 Nummer 2 und Satz 2 bis 4 des Bundesnaturschutzgesetzes in Verbindung mit dem darauf gestützten Landesrecht gilt entsprechend für <DL Type="arabic"><DT>1.</DT><DD Font="normal"><LA>Hecken und Knicks,</LA></DD><DT>2.</DT><DD Font="normal"><LA>Bäume in Baumreihen,</LA></DD><DT>3.</DT><DD Font="normal"><LA>Feldgehölze und</LA></DD><DT>4.</DT><DD Font="normal"><LA>Einzelbäume.</LA></DD></DL></P><P>(4) Die Landesregierungen können ergänzend zu Absatz 1 durch Rechtsverordnung nach Maßgabe des § 26 Absatz 1 Nummer 2 in Verbindung mit Absatz 4 Satz 1 des GAP-Konditionalitäten-Gesetzes weitere Landschaftselemente festlegen, die nach Absatz 1 nicht beseitigt werden dürfen, soweit dies erforderlich ist, um besonderen regionalen Gegebenheiten Rechnung tragen zu können. Die Landesregierungen können durch Rechtsverordnung nach Satz 1 Ausnahmen vom Beseitigungsverbot des Absatzes 1 zulassen, soweit dies aus Gründen des Naturschutzes erforderlich ist.</P><P>(5) Mit dem Beseitigungsverbot des Absatzes 1, auch in Verbindung mit einer Rechtsverordnung nach Absatz 4, ist keine Pflicht zur Pflege verbunden. Pflegemaßnahmen an Landschaftselementen nach Absatz 1 Nummer 1 bis 3 gelten als nichtproduktiv. Satz 2 gilt auch, wenn insbesondere anfallendes Schnittgut anschließend verwertet wird.</P></Content></text><fussnoten/></textdaten></norm>
<norm builddate="20250402224004" doknr="BJNR224400022BJNG000701119"><metadaten><jurabk>GAPKondV</jurabk><gliederungseinheit><gliederungskennzahl>020050</gliederungskennzahl><gliederungsbez>Abschnitt 5</gliederungsbez><gliederungstitel>Umweltsensibles Dauergrünland</gliederungstitel></gliederungseinheit></metadaten><textdaten><fussnoten/></textdaten></norm>
<norm builddate="20250402224004" doknr="BJNR224400022BJNE002601119"><metadaten><jurabk>GAPKondV</jurabk><enbez>§ 20</enbez><titel format="XML">Anzeigepflicht für Maßnahmen zur Grasnarbenerneuerung bei umweltsensiblem Dauergrünland</titel></metadaten><textdaten><text format="XML"><Content><P>(1) Der Begünstigte hat der zuständigen Behörde eine Maßnahme nach § 7 Absatz 5 Satz 2 der GAP-Direktzahlungen-Verordnung mindestens 15 Werktage vor ihrer geplanten Durchführung schriftlich oder elektronisch anzuzeigen, sofern umweltsensibles Dauergrünland betroffen ist. Die zuständige Behörde kann die geplante Maßnahme untersagen oder unter die Einhaltung bestimmter Maßgaben stellen, sofern Belange des Umwelt-, des Natur- oder des Klimaschutzes dieser Maßnahme entgegenstehen.</P><P>(2) Absatz 1 gilt entsprechend für gesetzlich geschützte Biotope nach § 30 Absatz 2 des Bundesnaturschutzgesetzes oder geschützte Biotope nach weitergehenden landesrechtlichen Vorschriften.</P><P>(3) Abweichend von Absatz 1 und 2 sind Maßnahmen nach § 7 Absatz 5 Satz 2 der GAP-Direktzahlungen-Verordnung auf umweltsensiblem Dauergrünland, in gesetzlich geschützten Biotopen nach § 30 Absatz 2 des Bundesnaturschutzgesetzes oder in geschützten Biotopen nach weitergehenden landesrechtlichen Vorschriften nicht anzeigepflichtig, wenn sie mit dem Ziel einer naturschutzfachlichen Aufwertung der Flächen mit Zustimmung der für Naturschutz zuständigen Behörden durchgeführt werden.</P></Content></text><fussnoten/></textdaten></norm>
<norm builddate="20250402224004" doknr="BJNR224400022BJNE003001119"><metadaten><jurabk>GAPKondV</jurabk><enbez>§ 21</enbez><titel format="XML">Rückumwandlung von umweltsensiblen Dauergrünlandflächen</titel></metadaten><textdaten><text format="XML"><Content><P>(1) Die zuständige Behörde hat die Rückumwandlung der Fläche in Dauergrünland anzuordnen, wenn der Begünstigte entgegen § 12 Absatz 3 des GAP-Konditionalitäten-Gesetzes umweltsensibles Dauergrünland umgewandelt oder gepflügt hat. Die zuständige Behörde setzt dem Begünstigten eine angemessene Frist zur Rückumwandlung. § 4 Absatz 1 Satz 1 und Absatz 2 gilt entsprechend.</P><P>(2) Sofern die Voraussetzungen für die Aufhebung der Bestimmung einer Fläche als umweltsensibel nach § 12 Absatz 6 des GAP-Konditionalitäten-Gesetzes vorliegen, soll die zuständige Behörde auf Antrag des Begünstigten die Bestimmung nachträglich aufheben.</P></Content></text><fussnoten/></textdaten></norm>
<norm builddate="20250402224004" doknr="BJNR224400022BJNG001300119"><metadaten><jurabk>GAPKondV</jurabk><gliederungseinheit><gliederungskennzahl>030</gliederungskennzahl><gliederungsbez>Kapitel 3</gliederungsbez><gliederungstitel>Vorschriften der sozialen Konditionalität</gliederungstitel></gliederungseinheit></metadaten><textdaten><fussnoten/></textdaten></norm>
<norm builddate="20250402224004" doknr="BJNR224400022BJNE005100119"><metadaten><jurabk>GAPKondV</jurabk><enbez>§ 22</enbez><titel format="XML">Vorschriften der sozialen Konditionalität</titel></metadaten><textdaten><text format="XML"><Content><P>Vorschriften der sozialen Konditionalität im Sinne von § 3 Absatz 1 Nummer 3 GAP-Konditionalitäten-Gesetz sind die in Anlage 7 genannten Regelungen.</P></Content></text><fussnoten/></textdaten></norm>
<norm builddate="20250402224004" doknr="BJNR224400022BJNG000801119"><metadaten><jurabk>GAPKondV</jurabk><gliederungseinheit><gliederungskennzahl>040</gliederungskennzahl><gliederungsbez>Kapitel 4</gliederungsbez><gliederungstitel>Kontrollen, Mitteilungen und Sanktionen</gliederungstitel></gliederungseinheit></metadaten><textdaten><fussnoten/></textdaten></norm>
<norm builddate="20250402224004" doknr="BJNR224400022BJNG000901119"><metadaten><jurabk>GAPKondV</jurabk><gliederungseinheit><gliederungskennzahl>040010</gliederungskennzahl><gliederungsbez>Abschnitt 1</gliederungsbez><gliederungstitel>Allgemeine Vorschriften</gliederungstitel></gliederungseinheit></metadaten><textdaten><fussnoten/></textdaten></norm>
<norm builddate="20250402224004" doknr="BJNR224400022BJNE003101119"><metadaten><jurabk>GAPKondV</jurabk><enbez>§ 23</enbez><titel format="XML">Anzuwendende Vorschriften und Zuständigkeiten</titel></metadaten><textdaten><text format="XML"><Content><P>(1) Die zuständigen Behörden führen die Kontrollen und die Verwaltungssanktionen bezüglich der GAB und GLÖZ-Standards nach Maßgabe der Unionsregelung, des Kapitels 3 des GAP-Konditionalitäten-Gesetzes sowie dieses Kapitels durch.</P><P>(2) Die Länder bestimmen für jede GAB und jeden GLÖZ-Standard die jeweils zuständige Kontrollbehörde. Als Kontrollbehörden können bestimmt werden: <DL Type="arabic"><DT>1.</DT><DD Font="normal"><LA>spezialisierte Kontrolleinrichtungen, die für die Überwachung der in den GAB benannten Rechtsvorschriften der Europäischen Union zuständig sind,</LA></DD><DT>2.</DT><DD Font="normal"><LA>die Zahlstellen oder</LA></DD><DT>3.</DT><DD Font="normal"><LA>sonstige Behörden.</LA></DD></DL>Bei Kontrollen durch Zahlstellen oder sonstige Behörden ist zu gewährleisten, dass die durchgeführten Kontrollen ebenso wirksam sind wie Kontrollen durch spezialisierte Kontrolleinrichtungen.</P><P>(3) Die Kontrollbehörden sind für die Durchführung der Kontrollen zuständig.</P><P>(4) Die Zahlstellen sind für die Anwendung der Verwaltungssanktionen zuständig.</P></Content></text><fussnoten/></textdaten></norm>
<norm builddate="20250402224004" doknr="BJNR224400022BJNG001001119"><metadaten><jurabk>GAPKondV</jurabk><gliederungseinheit><gliederungskennzahl>040020</gliederungskennzahl><gliederungsbez>Abschnitt 2</gliederungsbez><gliederungstitel>Kontrollen</gliederungstitel></gliederungseinheit></metadaten><textdaten><fussnoten/></textdaten></norm>
<norm builddate="20250402224004" doknr="BJNR224400022BJNE003201119"><metadaten><jurabk>GAPKondV</jurabk><enbez>§ 24</enbez><titel format="XML">Systematische Vor-Ort-Kontrollen</titel></metadaten><textdaten><text format="XML"><Content><P>(1) Der Zeitpunkt der Vor-Ort-Kontrolle nach § 16 Absatz 1 des GAP-Konditionalitäten-Gesetzes (systematische Vor-Ort-Kontrolle) ist so auszuwählen, dass die meisten GAB und GLÖZ-Standards, die der Begünstigte einzuhalten hat, überprüft werden können. Die Kontrollbehörden stellen sicher, dass im Jahresverlauf für sämtliche GAB und GLÖZ-Standards ein angemessenes Kontrollniveau erreicht wird.</P><P>(2) Systematische Vor-Ort-Kontrollen umfassen jeweils den gesamten Betrieb.</P><P>(3) Findet im Rahmen einer systematischen Vor-Ort-Kontrolle eine Feldbesichtigung statt, kann sich diese auf eine Stichprobe der von den GAB oder GLÖZ-Standards betroffenen landwirtschaftlichen Parzellen oder Betriebseinheiten beschränken. Diese Beschränkung darf nur erfolgen, wenn die Stichprobe <DL Type="arabic"><DT>1.</DT><DD Font="normal"><LA>ein verlässliches und repräsentatives Kontrollniveau in Bezug auf die GAB und GLÖZ-Standards gewährleistet sowie</LA></DD><DT>2.</DT><DD Font="normal"><LA>im Fall von Flächen mindestens die Hälfte der betroffenen landwirtschaftlichen Parzellen umfasst; sofern die betroffenen Parzellen risikoorientiert ausgewählt werden, können weniger als die Hälfte der Parzellen kontrolliert werden.</LA></DD></DL>Wird bei der Kontrolle der Stichprobe nach Satz 1 und 2 ein Verstoß festgestellt, wird die Kontrolle über die tatsächlich besichtigten landwirtschaftlichen Parzellen oder Betriebseinheiten hinaus ausgeweitet.</P></Content></text><fussnoten/></textdaten></norm>
<norm builddate="20250402224004" doknr="BJNR224400022BJNE003301119"><metadaten><jurabk>GAPKondV</jurabk><enbez>§ 25</enbez><titel format="XML">Mindestkontrollsatz</titel></metadaten><textdaten><text format="XML"><Content><P>(1) Der Mindestkontrollsatz für systematische Vor-Ort-Kontrollen kann auf der Ebene jeder Kontrollbehörde oder auf der Ebene der einzelnen GAB und GLÖZ-Standards oder jeder Gruppe von GAB und GLÖZ-Standards erreicht werden. Werden die Kontrollen nicht von der Zahlstelle durchgeführt, kann der Mindestkontrollsatz dennoch auf der Ebene der Zahlstelle erreicht werden.</P><P>(2) Wird in einem Jahr bei den systematischen Vor-Ort-Kontrollen in Bezug auf bestimmte GAB oder GLÖZ-Standards in einem Jahr ein erheblicher Grad an Verstößen festgestellt, kann die Kontrollbehörde den Risikoanteil an der Mindestkontrollquote im Folgejahr erhöhen.</P></Content></text><fussnoten/></textdaten></norm>
<norm builddate="20250402224004" doknr="BJNR224400022BJNE003401119"><metadaten><jurabk>GAPKondV</jurabk><enbez>§ 26</enbez><titel format="XML">Auswahl der Kontrollstichprobe</titel></metadaten><textdaten><text format="XML"><Content><P>(1) Die Kontrollstichprobe nach § 16 Absatz 1 des GAP-Konditionalitäten-Gesetzes wird zu einem Anteil von zwischen 20 und 25 Prozent zufallsbasiert ausgewählt. Der verbleibende Teil der Kontrollstichprobe wird nach Maßgabe von Absatz 3 risikobasiert ausgewählt.</P><P>(2) In Fällen des § 25 Absatz 2 kann von dem in Absatz 1 festgelegten zufallsbasierten Anteil an der Kontrollstichprobe abgewichen werden.</P><P>(3) Zur Auswahl des risikobasierten Anteils der Stichprobe ist eine Risikoanalyse durchzuführen. In der Risikoanalyse sind zumindest folgende Kriterien zu berücksichtigen: <DL Type="arabic"><DT>1.</DT><DD Font="normal"><LA>die Betriebsstruktur und</LA></DD><DT>2.</DT><DD Font="normal"><LA>das Risiko, das einem Verstoß gegen die GAB oder GLÖZ-Standards innewohnt.</LA></DD></DL>Im Rahmen der Risikoanalyse kann neben weiteren Kriterien insbesondere auch die Teilnahme an dem betrieblichen Beratungssystem berücksichtigt werden. Die Länder legen Gewichtungsfaktoren für die zu berücksichtigenden Kriterien fest.</P></Content></text><fussnoten/></textdaten></norm>
<norm builddate="20250402224004" doknr="BJNR224400022BJNE003501119"><metadaten><jurabk>GAPKondV</jurabk><enbez>§ 27</enbez><titel format="XML">Verwaltungskontrollen</titel></metadaten><textdaten><text format="XML"><Content><P>(1) Neben den systematischen Vor-Ort-Kontrollen führen die Kontrollbehörden bei allen Begünstigten Verwaltungskontrollen hinsichtlich der in Absatz 2 genannten Verpflichtungen durch.</P><P>(2) Im Rahmen von Verwaltungskontrollen überprüfen die Kontrollbehörden insbesondere, ob <DL Font="normal" Type="arabic"><DT>1.</DT><DD Font="normal"><LA Size="normal">im Fall einer Umwandlung von Dauergrünland <DL Font="normal" Type="alpha"><DT>a)</DT><DD Font="normal"><LA Size="normal">die Genehmigung nach § 5 des GAP-Konditionalitäten-Gesetzes vorliegt oder</LA></DD><DT>b)</DT><DD Font="normal"><LA Size="normal">ein Fall von § 6 oder § 7 des GAP-Konditionalitäten-Gesetzes gegeben ist,</LA></DD></DL></LA></DD><DT>2.</DT><DD Font="normal"><LA Size="normal">der Begünstigte die Vorgaben zum Fruchtwechsel nach § 18 erfüllt.</LA></DD></DL></P></Content></text><fussnoten/></textdaten></norm>
<norm builddate="20250402224004" doknr="BJNR224400022BJNE003601119"><metadaten><jurabk>GAPKondV</jurabk><enbez>§ 28</enbez><titel format="XML">Anlassbezogene Vor-Ort-Kontrollen</titel></metadaten><textdaten><text format="XML"><Content><P>Zusätzlich zu systematischen Vor-Ort-Kontrollen und Verwaltungskontrollen führen die Kontrollbehörden anlassbezogene Vor-Ort-Kontrollen durch. Anlassbezogene Vor-Ort-Kontrollen erfolgen, wenn die Kontrollbehörde außerhalb der Stichprobe nach § 18 Absatz 1 des GAP-Konditionalitäten-Gesetzes und der Verwaltungskontrollen nach § 27 von einem Verstoß gegen die GAB und GLÖZ-Standards Kenntnis erlangt hat.</P></Content></text><fussnoten/></textdaten></norm>
<norm builddate="20250402224004" doknr="BJNR224400022BJNE003701119"><metadaten><jurabk>GAPKondV</jurabk><enbez>§ 29</enbez><titel format="XML">Kontrollbericht</titel></metadaten><textdaten><text format="XML"><Content><P>(1) Unbeschadet besonderer Regelungen in den für die GAB und GLÖZ-Standards geltenden Rechtsvorschriften muss der Kontrollbericht nach § 20 Absatz 1 des GAP-Konditionalitäten-Gesetzes innerhalb eines Monats nach der systematischen Vor-Ort-Kontrolle fertiggestellt sein. Die Frist nach Satz 1 kann in begründeten Fällen, insbesondere, wenn dies aufgrund von chemischen oder physikalischen Analysen erforderlich ist, drei Monate betragen.</P><P>(2) Bei anlassbezogenen Vor-Ort-Kontrollen und Verwaltungskontrollen wird ein Kontrollbericht innerhalb eines Monats nach der Kontrolle zumindest dann erstellt, wenn Verstöße gegen die GAB oder GLÖZ-Standards festgestellt wurden. Absatz 1 Satz 2 gilt entsprechend.</P><P>(3) Ist die Kontrollbehörde nicht die Zahlstelle, wird der Kontrollbericht innerhalb eines Monats nach seiner Fertigstellung an die Zahlstelle oder an die koordinierende Behörde der betroffenen Länder übermittelt oder diesen zugänglich gemacht. Sofern erforderlich, sind entsprechende Belege zu übermitteln oder zugänglich zu machen.</P></Content></text><fussnoten/></textdaten></norm>
<norm builddate="20250402224004" doknr="BJNR224400022BJNG001400119"><metadaten><jurabk>GAPKondV</jurabk><gliederungseinheit><gliederungskennzahl>040030</gliederungskennzahl><gliederungsbez>Abschnitt 3</gliederungsbez><gliederungstitel>Mitteilungen über Verstöße gegen Vorschriften der sozialen Konditionalität</gliederungstitel></gliederungseinheit></metadaten><textdaten><fussnoten/></textdaten></norm>
<norm builddate="20250402224004" doknr="BJNR224400022BJNE005200119"><metadaten><jurabk>GAPKondV</jurabk><enbez>§ 30</enbez><titel format="XML">Inhalt und Zeitpunkt der Mitteilung</titel></metadaten><textdaten><text format="XML"><Content><P>(1) In der Mitteilung nach § 13 Absatz 1 des GAP-Konditionalitäten-Gesetzes sind anzugeben: <DL Font="normal" Type="arabic"><DT>1.</DT><DD Font="normal"><LA Size="normal">Name und Anschrift des kontrollierten Begünstigten,</LA></DD><DT>2.</DT><DD Font="normal"><LA Size="normal">Betriebsnummer nach § 7 des GAP-Integriertes Verwaltungs- und Kontrollsystem-Gesetzes,</LA></DD><DT>3.</DT><DD Font="normal"><LA Size="normal">Vorschrift der sozialen Konditionalität, gegen die verstoßen wurde,</LA></DD><DT>4.</DT><DD Font="normal"><LA Size="normal">Zeitpunkt, zu dem eine bestandskräftige Entscheidung über die Begehung eines Verstoßes ergangen ist,</LA></DD><DT>5.</DT><DD Font="normal"><LA Size="normal">Bewertung des Verstoßes.</LA></DD></DL>Die Behörde kann nach pflichtgemäßem Ermessen weitere sachdienliche Angaben mitteilen, insbesondere zur etwaigen Ankündigung der Kontrolle, zu den an der Kontrolle beteiligten Personen, zum Zeitpunkt der Kontrolle oder zum Zeitpunkt, zu dem ein Verstoß gegen eine Vorschrift der sozialen Konditionalität begangen wurde.</P><P>(2) Angaben des Begünstigten oder eines Dritten, die mit den nach Absatz 1 mitzuteilenden Angaben in Verbindung stehen, dürfen nur dann übermittelt werden, wenn eine Trennung nicht oder nur mit unvertretbarem Aufwand möglich ist und soweit nicht berechtigte Interessen der betroffenen Person oder eines Dritten an der Geheimhaltung dieser Angaben offensichtlich überwiegen.</P><P>(3) Die Mitteilungen erfolgen mindestens einmal jährlich spätestens zum 31. Oktober an die Zahlstelle.</P></Content></text><fussnoten/></textdaten></norm>
<norm builddate="20250402224004" doknr="BJNR224400022BJNG001101119"><metadaten><jurabk>GAPKondV</jurabk><gliederungseinheit><gliederungskennzahl>040040</gliederungskennzahl><gliederungsbez>Abschnitt 4</gliederungsbez><gliederungstitel>Sanktionen</gliederungstitel></gliederungseinheit></metadaten><textdaten><fussnoten/></textdaten></norm>
<norm builddate="20250402224004" doknr="BJNR224400022BJNE003801119"><metadaten><jurabk>GAPKondV</jurabk><enbez>§ 31</enbez><titel format="XML">Sanktionierung bei Übertragung</titel></metadaten><textdaten><text format="XML"><Content><P>§ 22 des GAP-Konditionalitäten-Gesetzes gilt entsprechend, wenn <DL Type="arabic"><DT>1.</DT><DD Font="normal"><LA>aufgrund eines besonders schweren Verstoßes eine mindestens zwei Jahre betreffende Verwaltungssanktion verhängt wird und</LA></DD><DT>2.</DT><DD Font="normal"><LA>der Begünstigte innerhalb dieses Zeitraums eine landwirtschaftliche Fläche oder einen Betriebsteil überträgt.</LA></DD></DL></P></Content></text><fussnoten/></textdaten></norm>
<norm builddate="20250402224004" doknr="BJNR224400022BJNE003901119"><metadaten><jurabk>GAPKondV</jurabk><enbez>§ 32</enbez><titel format="XML">Ausnahmen von Verwaltungssanktionen</titel></metadaten><textdaten><text format="XML"><Content><P>Kommt der Begünstigte seinen Verpflichtungen aufgrund eines wirksamen Verwaltungsaktes einer Behörde nicht nach, wird keine Verwaltungssanktion angewandt.</P></Content></text><fussnoten/></textdaten></norm>
<norm builddate="20250402224004" doknr="BJNR224400022BJNE004001119"><metadaten><jurabk>GAPKondV</jurabk><enbez>§ 33</enbez><titel format="XML">Frühwarnsystem bei geringfügigen Verstößen</titel></metadaten><textdaten><text format="XML"><Content><P>Hat ein Verstoß gegen die GAB oder GLÖZ-Standards keine oder nur unerhebliche Folgen für die Erreichung des Ziels der jeweiligen GAB oder GLÖZ-Standards, ist der Begünstigte über die Feststellung des Verstoßes und die zu erbringenden Abhilfemaßnahmen zu informieren. Die zuständige Behörde kann die Teilnahme an einer Maßnahme der betrieblichen Beratung anordnen.</P></Content></text><fussnoten/></textdaten></norm>
<norm builddate="20250402224004" doknr="BJNR224400022BJNE004101119"><metadaten><jurabk>GAPKondV</jurabk><enbez>§ 34</enbez><titel format="XML">Abweichungen vom Regelsatz für Verwaltungssanktionen</titel></metadaten><textdaten><text format="XML"><Content><P>(1) Soweit das Flächenmonitoringsystem zur Feststellung von Verstößen gegen bestimmte GAB oder GLÖZ-Standards eingesetzt wird, kann die Zahlstelle im Fall einer Verwaltungssanktion einen niedrigeren Kürzungssatz als den in der Unionsregelung festgelegten Regelsatz von 3 Prozent anwenden.</P><P>(2) Hat ein Verstoß gegen die GAB oder GLÖZ-Standards schwerwiegende Folgen für die Erreichung der Ziele der GAB oder GLÖZ-Standards oder stellt er eine unmittelbare Gefahr für die Gesundheit von Mensch oder Tier dar, hat die Zahlstelle im Fall einer Verwaltungssanktion einen höheren Kürzungssatz als den in der Unionsregelung festgelegten Regelsatz von 3 Prozent anzuwenden. Der Kürzungssatz darf 10 Prozent nicht überschreiten.</P><P>(3) Bei vorsätzlichen Verstößen beträgt der Kürzungssatz mindestens 15 Prozent.</P><P>(4) Wurde ein nicht vorsätzlicher Verstoß gegen Verpflichtungen, die sich aus Vorschriften der sozialen Konditionalität ergeben, festgestellt, so kann die Zahlstelle auf der Grundlage der Bewertung des Verstoßes durch die nach § 13 Absatz 3 des GAP-Konditionalitäten-Gesetzes zuständige Behörde oder Körperschaft unter Berücksichtigung der Kriterien der Unionsregelung entscheiden, den dort festgelegten Regelsatz von 3 Prozent auf bis zu 1 Prozent zu senken.</P><P>(5) Die Absätze 2 und 3 gelten entsprechend bei Verstößen gegen die Vorschriften der sozialen Konditionalität.</P></Content></text><fussnoten/></textdaten></norm>
<norm builddate="20250402224004" doknr="BJNR224400022BJNG001201119"><metadaten><jurabk>GAPKondV</jurabk><gliederungseinheit><gliederungskennzahl>050</gliederungskennzahl><gliederungsbez>Kapitel 5</gliederungsbez><gliederungstitel>Schlussbestimmungen</gliederungstitel></gliederungseinheit></metadaten><textdaten><fussnoten/></textdaten></norm>
<norm builddate="20250402224004" doknr="BJNR224400022BJNE004201119"><metadaten><jurabk>GAPKondV</jurabk><enbez>§ 35</enbez><titel format="XML">Inkrafttreten</titel></metadaten><textdaten><text format="XML"><Content><P>Diese Verordnung tritt am Tag nach der Verkündung in Kraft.</P></Content></text><fussnoten/></textdaten></norm>
<norm builddate="20250402224004" doknr="BJNR224400022BJNE004301119"><metadaten><jurabk>GAPKondV</jurabk><enbez>Schlussformel</enbez></metadaten><textdaten><text format="XML"><Content><P>Der Bundesrat hat zugestimmt.</P></Content></text><fussnoten/></textdaten></norm>
<norm builddate="20250402224004" doknr="BJNR224400022BJNE004400000"><metadaten><jurabk>GAPKondV</jurabk><enbez>Anlage 1</enbez><titel format="XML">(zu § 11)<BR/>Klassenzeichen für Bodenarten für Feuchtgebiete und Moore</titel></metadaten><textdaten><text format="XML"><Content><P><noindex><kommentar typ="Fundstelle">(Fundstelle: BGBl. I 2022, 2256)</kommentar></noindex></P><table colsep="1" frame="all" pgwide="1" rowsep="1" tocentry="%yes;"><tgroup align="left" char="" charoff="50" cols="2"><colspec align="justify" colname="c1" colwidth="60*"/><colspec colname="c2" colwidth="105*"/><tbody valign="top"><row><entry VJ="1" align="justify" colsep="1" morerows="4" rowsep="1" valign="middle">Klassenzeichen für Bodenarten nach dem Bodenschätzungsgesetz</entry><entry VJ="1" align="justify" colsep="1" rowsep="1">Mo</entry></row><row><entry VJ="1" align="justify" colsep="1" rowsep="1">Mo/S, Mo/Sl, Mo/lS, Mo/SL, Mo/sL, Mo/L, Mo/LT, Mo/T</entry></row><row><entry VJ="1" align="justify" colsep="1" rowsep="1">S/Mo, Sl/Mo, lS/Mo, SL/Mo, sL/Mo, L/Mo, LT/Mo, T/Mo</entry></row><row><entry VJ="1" align="justify" colsep="1" rowsep="1">SMo, SlMo, lSMo, SLMo, sLMo, LMo, LTMo, TMo</entry></row><row><entry VJ="1" align="justify" colsep="1" rowsep="1">MoS, MoSl, MolS, MoSL, MosL, MoL, MoLT, MoT</entry></row></tbody></tgroup></table></Content></text></textdaten></norm>
<norm builddate="20250402224004" doknr="BJNR224400022BJNE004500000"><metadaten><jurabk>GAPKondV</jurabk><enbez>Anlage 2</enbez><titel format="XML">(zu § 11)<BR/>Bodentypen und Legendeneinheiten nach aktueller deutscher Bodensystematik und daran angelehnten Kartenwerken</titel></metadaten><textdaten><text format="XML"><Content><P><noindex><kommentar typ="Fundstelle">(Fundstelle: BGBl. I 2022, 2257)</kommentar></noindex></P><table colsep="1" frame="all" pgwide="1" rowsep="1" tocentry="%yes;"><tgroup align="left" char="" charoff="50" cols="2"><colspec align="justify" colname="c1" colwidth="60*"/><colspec colname="c2" colwidth="105*"/><tbody valign="top"><row><entry VJ="1" align="justify" colsep="1" morerows="5" rowsep="1" valign="middle">Bodentypen, inklusive Subtypen, Varietäten und Subvarietäten, und Legendeneinheiten nach aktueller deutscher Bodensystematik und daran angelehnten Kartenwerken</entry><entry VJ="1" align="justify" colsep="1" rowsep="1">Bodentypen der Abteilung Moore</entry></row><row><entry VJ="1" align="justify" colsep="1" rowsep="1">Moor- und Anmoorgleye</entry></row><row><entry VJ="1" align="justify" colsep="1" rowsep="1">Hochmoor-, Niedermoor- und Anmoorstagnogleye, Anmoorpseudogleye</entry></row><row><entry VJ="1" align="justify" colsep="1" rowsep="1">Überdeckte organische Böden, Sanddeckkulturen</entry></row><row><entry VJ="1" align="justify" colsep="1" rowsep="1">Treposole aus organischen Böden, Sandmischkulturen, Tiefpflugsanddeckkulturen, Baggerkuhlungen</entry></row><row><entry VJ="1" align="justify" colsep="1" rowsep="1">Bodentypen der Klasse Subhydrische Böden</entry></row></tbody></tgroup></table></Content></text></textdaten></norm>
<norm builddate="20250402224004" doknr="BJNR224400022BJNE004602119"><metadaten><jurabk>GAPKondV</jurabk><enbez>Anlage 3</enbez><titel format="XML">(zu § 16)<BR/>Bestimmung der potenziellen Erosionsgefährdung durch Wasser</titel></metadaten><textdaten><text format="XML"><Content><P><noindex><kommentar typ="Fundstelle">(Fundstelle: BGBl. I 2022, 2258;<BR/>bzgl. der einzelnen Änderungen vgl. Fußnote)</kommentar></noindex></P><table colsep="1" frame="all" pgwide="1" rowsep="1" tocentry="%yes;"><Title Align="center">Wassererosionsgefährdungsklasse<FnR ID="F824237_01_BJNR224400022BJNE004602119"/></Title><tgroup align="left" char="" charoff="50" cols="3"><colspec colname="c1" colwidth="75*"/><colspec colname="c2" colwidth="40*"/><colspec colname="c3" colwidth="40*"/><tbody valign="top"><row><entry VJ="1" align="center" colsep="1" rowsep="1">Berechnungsfaktor Erosionsgefährdung/<BR/> Wassererosionsgefährdungsklasse</entry><entry VJ="1" align="center" colsep="1" rowsep="1"><BR/> K * S * R<FnR ID="F824237_02_BJNR224400022BJNE004602119"/></entry><entry VJ="1" align="center" rowsep="1"><BR/> K * S * R * L<FnR ID="F824237_03_BJNR224400022BJNE004602119"/></entry></row><row><entry VJ="1" align="center" colsep="1" rowsep="1">K<SUB>Wasser1</SUB></entry><entry VJ="1" align="center" colsep="1" rowsep="1">15 – <F>&lt;</F> 27,5</entry><entry VJ="1" align="center" rowsep="1">30 – <F>&lt;</F> 55</entry></row><row><entry VJ="1" align="center" colsep="1" rowsep="1">K<SUB>Wasser2</SUB></entry><entry VJ="1" align="center" colsep="1" rowsep="1"><F>≥</F> 27,5</entry><entry VJ="1" align="center" rowsep="1"><F>≥</F> 55</entry></row></tbody></tgroup></table></Content><Footnotes><Footnote FnZ="1" Group="page" ID="F824237_01_BJNR224400022BJNE004602119" Pos="exp">Bestimmung der potenziellen (standortbedingten) Erosionsgefährdung durch Wasser in Anlehnung an DIN 19708 (Bodenbeschaffenheit – Ermittlung der Erosionsgefährdung von Böden durch Wasser mit Hilfe der ABAG, DIN – Deutsches Institut für Normung e.V.).</Footnote><Footnote FnZ="2" Group="page" ID="F824237_02_BJNR224400022BJNE004602119" Pos="exp">Der Regenerosivitätsfaktor R (R-Faktor) ist verpflichtend zu verwenden. Er ist gemäß DIN 19708 Abschnitt 4.2 bzw. Tabelle C.1 gebietsspezifisch zu ermitteln und anzuwenden.</Footnote><Footnote FnZ="3" Group="page" ID="F824237_03_BJNR224400022BJNE004602119" Pos="exp">Der Hanglängenfaktor L ist optional zu verwenden. Er ist gemäß DIN 19708 Abschnitt 4.5 standortspezifisch zu ermitteln und anzuwenden.</Footnote></Footnotes></text><fussnoten/></textdaten></norm>
<norm builddate="20250402224004" doknr="BJNR224400022BJNE004701119"><metadaten><jurabk>GAPKondV</jurabk><enbez>Anlage 4</enbez><titel format="XML">(zu § 16)<BR/>Bestimmung der potenziellen Erosionsgefährdung durch Wind</titel></metadaten><textdaten><text format="XML"><Content><P><noindex><kommentar typ="Fundstelle">(Fundstelle: BGBl. I 2022, 2259;<BR/>bzgl. der einzelnen Änderungen vgl. Fußnote)</kommentar></noindex></P><P/><P>Die Erosionsgefährdung durch Wind ist nach DIN 19706 (Bodenbeschaffenheit – Ermittlung der Erosionsgefährdung von Böden durch Wind, DIN – Deutsches Institut für Normung e.V., Februar 2013), zu ermitteln.</P><P/><P><table frame="none" pgwide="1" tocentry="%yes;"><tgroup align="left" char="" charoff="50" cols="2"><colspec colname="col1"/><colspec colname="col2"/><tbody valign="top"><row><entry VJ="1" align="center" nameend="col2" namest="col1" rowsep="0" valign="middle"><IMG Align="center" Height="164" Pos="block" SRC="bgbl1_2022_j2244-1_0010.jpg" Type="jpg" Units="72" Width="250" alt=""/></entry></row><row><entry VJ="1" align="center" colsep="0" rowsep="0" valign="middle"/><entry VJ="1" align="center" rowsep="0" valign="middle"/></row><row><entry VJ="1" align="center" colsep="0" nameend="col2" namest="col1" valign="middle">Winderosionsgefährdungsklasse<FnR ID="F824237_04_BJNR224400022BJNE004701119"/></entry></row></tbody></tgroup></table></P><P><table frame="all" pgwide="1" tocentry="%yes;"><tgroup align="left" char="" charoff="50" cols="2"><colspec colname="col1"/><colspec colname="col2"/><tbody valign="top"><row><entry VJ="1" align="center">Winderosionsgefährdungsklasse</entry><entry VJ="1" align="center">Stufe nach DIN 19706</entry></row><row><entry VJ="1" align="center">K<SUB>Wind</SUB></entry><entry VJ="1" align="center">E<SUB>nat</SUB>5</entry></row></tbody></tgroup></table></P></Content><Footnotes><Footnote FnZ="4" Group="page" ID="F824237_04_BJNR224400022BJNE004701119" Pos="exp">Bestimmung der potenziellen (standortbedingten) Erosionsgefährdung durch Wind nach Tabelle 3 bzw. Tabelle 9 der DIN 19706 (Bodenbeschaffenheit – Ermittlung der Erosionsgefährdung von Böden durch Wind, DIN – Deutsches Institut für Normung e.V., Februar 2013).</Footnote></Footnotes></text><fussnoten/></textdaten></norm>
<norm builddate="20250402224004" doknr="BJNR224400022BJNE004801119"><metadaten><jurabk>GAPKondV</jurabk><enbez>Anlage 5</enbez><titel format="XML">(zu den §§ 16 und 17)<BR/>Frühe Sommerkulturen</titel></metadaten><textdaten><text format="XML"><Content><P><noindex><kommentar typ="Fundstelle">(Fundstelle: BGBl. I 2022, 2276;<BR/>bzgl. der einzelnen Änderungen vgl. Fußnote)</kommentar></noindex></P><P>Frühe Sommerkulturen, soweit deren Aussaat oder Pflanzung in Übereinstimmung mit den Grundsätzen der guten fachlichen Praxis zum frühesten möglichen Zeitpunkt erfolgt: <DL Font="normal" Type="arabic"><DT>1.</DT><DD Font="normal"><LA Size="normal">Sommergetreide ohne Mais und Hirse,</LA></DD><DT>2.</DT><DD Font="normal"><LA Size="normal">Leguminosen ohne Sojabohnen,</LA></DD><DT>3.</DT><DD Font="normal"><LA Size="normal">Sonnenblumen, Sommerraps, Sommerrüben, Körnersenf, Körnerhanf, Leindotter, Lein, Mohn, Heil-, Duft- und Gewürzpflanzen, Küchenkräuter, Faserhanf, Buchweizen, Amaranth, Quinoa, Kleegras, Klee- bzw. Luzernegras-Gemisch, Ackergras, Grünlandeinsaat, Kartoffeln, Rüben, Gemüsekulturen.</LA></DD></DL></P></Content></text><fussnoten/></textdaten></norm>
<norm builddate="20250402224004" doknr="BJNR224400022BJNE004900130"><metadaten><jurabk>GAPKondV</jurabk><enbez>Anlage 6</enbez><titel format="XML">(zu § 17)<BR/>Klassenzeichen für Bodenarten für schwere Böden</titel></metadaten><textdaten><text format="XML"><Content><P><noindex><kommentar typ="Fundstelle">(Fundstelle: BGBl. I 2022, 2276)</kommentar></noindex></P><BR/><BR/><table frame="all" pgwide="1" tocentry="%yes;"><tgroup align="left" char="" charoff="50" cols="2"><colspec colname="c1" colwidth="0.96*"/><colspec colname="c2" colwidth="1.03*"/><tbody valign="top"><row><entry VJ="1" align="justify" colsep="1" valign="middle">Klassenzeichen für Bodenarten nach dem Bodenschätzungsgesetz</entry><entry VJ="1" align="justify" colsep="1">L<BR/>T, LT<BR/>sL, sL/S<BR/>T/SL, T/lS, T/Sl, T/S, LT/lS, LT/Sl, LT/S, L/Sl <BR/>L/S<BR/>L/Mo, LMo, TMo, T/Mo<BR/>LT/Mo</entry></row></tbody></tgroup></table></Content></text><fussnoten/></textdaten></norm>
<norm builddate="20250402224004" doknr="BJNR224400022BJNE005300119"><metadaten><jurabk>GAPKondV</jurabk><enbez>Anlage 7</enbez><titel format="XML">(zu § 22)<BR/>Vorschriften der sozialen Konditionalität</titel></metadaten><textdaten><text format="XML"><Content><P><noindex><kommentar typ="Fundstelle">(Fundstelle: BGBl. 2024 I Nr. 417, S. 8)</kommentar></noindex></P><BR/><BR/><table colsep="0" frame="none" pgwide="1" rowsep="0" tocentry="%yes;"><tgroup align="left" char="" charoff="50" cols="5"><colspec colname="col1" colsep="1" colwidth="1*"/><colspec colname="col2" colsep="1" colwidth="6*" rowsep="1"/><colspec colname="col3" colsep="1" colwidth="70*" rowsep="1"/><colspec colname="col4" colsep="1" colwidth="70*" rowsep="1"/><colspec colname="col5" colsep="1" colwidth="1*"/><thead valign="bottom"><row><entry VJ="1" colname="col1" colsep="0"/><entry VJ="1" colname="col2" colsep="0" rowsep="0"/><entry VJ="1" colname="col3" colsep="0"/><entry VJ="1" colname="col4" colsep="0"/><entry VJ="1" colname="col5"/></row><row valign="middle"><entry VJ="1" colname="col1" colsep="0"/><entry VJ="1" colname="col2"/><entry VJ="1" align="center" colname="col3">Rechtsvorschrift</entry><entry VJ="1" align="center" colname="col4">Anzuwendende Bestimmungen</entry><entry VJ="1" colname="col5"/></row></thead><tbody valign="top"><row><entry VJ="1" colname="col1"/><entry VJ="1" colname="col2">1.</entry><entry VJ="1" colname="col3">Nachweisgesetz</entry><entry VJ="1" colname="col4">§ 2 Absatz 1, § 3 in Verbindung mit § 2 Absatz 1</entry><entry VJ="1" colname="col5"/></row><row><entry VJ="1" colname="col1"/><entry VJ="1" colname="col2">2.</entry><entry VJ="1" colname="col3">Arbeitnehmerüberlassungsgesetz</entry><entry VJ="1" colname="col4">§ 11 Absatz 1 und 2</entry><entry VJ="1" colname="col5"/></row><row><entry VJ="1" colname="col1"/><entry VJ="1" colname="col2">3.</entry><entry VJ="1" colname="col3">Arbeitsschutzgesetz</entry><entry VJ="1" colname="col4">§§ 3 bis 6, 9, 10, 12 und 17</entry><entry VJ="1" colname="col5"/></row><row><entry VJ="1" colname="col1"/><entry VJ="1" colname="col2">4.</entry><entry VJ="1" colname="col3">Arbeitssicherheitsgesetz</entry><entry VJ="1" colname="col4">§§ 2, 5 und 11</entry><entry VJ="1" colname="col5"/></row><row><entry VJ="1" colname="col1"/><entry VJ="1" colname="col2">5.</entry><entry VJ="1" colname="col3">Betriebssicherheitsverordnung</entry><entry VJ="1" colname="col4">§§ 4 bis 6, 10, 12 und 14</entry><entry VJ="1" colname="col5"/></row><row><entry VJ="1" colname="col1"/><entry VJ="1" colname="col2">6.</entry><entry VJ="1" colname="col3">Teilzeit- und Befristungsgesetz</entry><entry VJ="1" colname="col4">§ 12 Absatz 3 und § 15 Absatz 3</entry><entry VJ="1" colname="col5"/></row><row><entry VJ="1" colname="col1"/><entry VJ="1" colname="col2">7.</entry><entry VJ="1" colname="col3">Bürgerliches Gesetzbuch</entry><entry VJ="1" colname="col4">§ 622 Absatz 3</entry><entry VJ="1" colname="col5"/></row><row><entry VJ="1" colname="col1"/><entry VJ="1" colname="col2">8.</entry><entry VJ="1" colname="col3">Berufsbildungsgesetz</entry><entry VJ="1" colname="col4">§ 20</entry><entry VJ="1" colname="col5"/></row><row><entry VJ="1" colname="col1"/><entry VJ="1" colname="col2">9.</entry><entry VJ="1" colname="col3">Gewerbeordnung</entry><entry VJ="1" colname="col4">§ 111</entry><entry VJ="1" colname="col5"/></row><row><entry VJ="1" colname="col1" colsep="0"/><entry VJ="1" colsep="0" nameend="col4" namest="col2" rowsep="0"/><entry VJ="1" colname="col5"/></row></tbody></tgroup></table></Content></text><fussnoten/></textdaten></norm>
</dokumente>