<?xml version="1.0" encoding="UTF-8" ?><!DOCTYPE dokumente SYSTEM "http://www.gesetze-im-internet.de/dtd/1.01/gii-norm.dtd">
<dokumente builddate="20201103213011" doknr="BJNR619200020"><norm builddate="20201103213011" doknr="BJNR619200020"><metadaten><jurabk>LuftVODV 247 2020</jurabk><ausfertigung-datum manuell="ja">2020-06-16</ausfertigung-datum><fundstelle typ="amtlich"><periodikum>BAnz</periodikum><zitstelle>AT 10.07.2020 V1</zitstelle></fundstelle><langue>Zweihundertsiebenundvierzigste Durchführungsverordnung zur Luftverkehrs-Ordnung (Festlegung von Flugverfahren für An- und Abflüge nach Instrumentenflugregeln zum und vom Flughafen Berlin Brandenburg)</langue><standangabe checked="ja"><standtyp>Sonst</standtyp><standkommentar>Ersetzt V 96-1-2-247 v. 10.2.2012 BAnz 2012, Nr 045, 1086 (LuftVODV 247)</standkommentar></standangabe></metadaten><textdaten><fussnoten><Content><P>V nur mit der Überschrift aufgenommen</P></Content></fussnoten></textdaten></norm>
</dokumente>