<?xml version="1.0" encoding="UTF-8" ?><!DOCTYPE dokumente SYSTEM "http://www.gesetze-im-internet.de/dtd/1.01/gii-norm.dtd">
<dokumente builddate="20211102213507" doknr="BJNR295300021"><norm builddate="20211102213507" doknr="BJNR295300021"><metadaten><jurabk>StiftRG</jurabk><amtabk>StiftRG</amtabk><ausfertigung-datum manuell="ja">2021-07-16</ausfertigung-datum><fundstelle typ="amtlich"><periodikum>BGBl I</periodikum><zitstelle>2021, 2947, 2953</zitstelle></fundstelle><langue>Stiftungsregistergesetz</langue></metadaten><textdaten><fussnoten><Content><P><BR/> <pre xml:space="preserve">(+++ Textnachweis ab: 23.7.2021 +++)<BR/><BR/></pre>Das G wurde als Artikel 4 des G v. 16.7.2021 I 2947 vom Bundestag mit Zustimmung des Bundesrates beschlossen. §§ 1 bis 18 und 20 treten gem. Art. 11  Abs. 1 Nr. 2 dieses G am 1.1.2026 in Kraft getreten. § 19 tritt gem. Art. 11 Abs. 3 dieses G am 23.7.2021 in Kraft</P></Content></fussnoten></textdaten></norm>
<norm builddate="20211102213507" doknr="BJNR295300021BJNG000100000"><metadaten><jurabk>StiftRG</jurabk><gliederungseinheit><gliederungskennzahl>010</gliederungskennzahl><gliederungsbez>Abschnitt 1</gliederungsbez><gliederungstitel>(zukünftig in Kraft)</gliederungstitel></gliederungseinheit></metadaten><textdaten><fussnoten><Content><P>(+++ Abschn 1 (Überschrift vor UAbschn 1): Tritt gem. Art. 11 Abs. 1 Nr. 2 G v. 16.7.2021 I 2947 am 1.1.2026 in Kraft +++)</P></Content></fussnoten></textdaten></norm>
<norm builddate="20211102213507" doknr="BJNR295300021BJNG000200000"><metadaten><jurabk>StiftRG</jurabk><gliederungseinheit><gliederungskennzahl>010010</gliederungskennzahl><gliederungsbez>Unterabschnitt 1</gliederungsbez><gliederungstitel>(zukünftig in Kraft)</gliederungstitel></gliederungseinheit></metadaten><textdaten><fussnoten><Content><P>(+++ UAbschn 1 (Überschrift vor § 1): Tritt gem. Art. 11 Abs. 1 Nr. 2 G v. 16.7.2021 I 2947 am 1.1.2026 in Kraft +++)</P></Content></fussnoten></textdaten></norm>
<norm builddate="20211102213507" doknr="BJNR295300021BJNE000100000"><metadaten><jurabk>StiftRG</jurabk><enbez>(XXXX) §§ 1 bis 2</enbez><titel format="XML">(zukünftig in Kraft)</titel></metadaten><textdaten><text format="XML"><Content><P/></Content></text><fussnoten><Content><P>(+++ §§ 1 bis 2: Treten gem. Art. 11 Abs. 1 Nr. 2 G v. 16.7.2021 I 2947 am 1.1.2026 in Kraft +++)</P></Content></fussnoten></textdaten></norm>
<norm builddate="20211102213507" doknr="BJNR295300021BJNG000300000"><metadaten><jurabk>StiftRG</jurabk><gliederungseinheit><gliederungskennzahl>010020</gliederungskennzahl><gliederungsbez>Unterabschnitt 2</gliederungsbez><gliederungstitel>(zukünftig in Kraft)</gliederungstitel></gliederungseinheit></metadaten><textdaten><fussnoten><Content><P>(+++ UAbschn 2 (Überschrift vor § 3): Tritt gem. Art. 11 Abs. 1 Nr. 2 G v. 16.7.2021 I 2947 am 1.1.2026 in Kraft +++)</P></Content></fussnoten></textdaten></norm>
<norm builddate="20211102213507" doknr="BJNR295300021BJNE000300000"><metadaten><jurabk>StiftRG</jurabk><enbez>(XXXX) §§ 3 bis 9</enbez><titel format="XML">(zukünftig in Kraft)</titel></metadaten><textdaten><text format="XML"><Content><P/></Content></text><fussnoten><Content><P>(+++ §§ 3 bis 9: Treten gem. Art. 11 Abs. 1 Nr. 2 G v. 16.7.2021 I 2947 am 1.1.2026 in Kraft +++)</P></Content></fussnoten></textdaten></norm>
<norm builddate="20211102213507" doknr="BJNR295300021BJNG000400000"><metadaten><jurabk>StiftRG</jurabk><gliederungseinheit><gliederungskennzahl>010030</gliederungskennzahl><gliederungsbez>Unterabschnitt 3</gliederungsbez><gliederungstitel>(zukünftig in Kraft)</gliederungstitel></gliederungseinheit></metadaten><textdaten><fussnoten><Content><P>(+++ UAbschn 3 (Überschrift vor § 10): Tritt gem. Art. 11 Abs. 1 Nr. 2 G v. 16.7.2021 I 2947 am 1.1.2026 in Kraft +++)</P></Content></fussnoten></textdaten></norm>
<norm builddate="20211102213507" doknr="BJNR295300021BJNE001000000"><metadaten><jurabk>StiftRG</jurabk><enbez>(XXXX) §§ 10 bis 14</enbez><titel format="XML">(zukünftig in Kraft)</titel></metadaten><textdaten><text format="XML"><Content><P/></Content></text><fussnoten><Content><P>(+++ §§ 10 bis 14: Treten gem. Art. 11 Abs. 1 Nr. 2 G v. 16.7.2021 I 2947  am 1.1.2026 in Kraft +++)</P></Content></fussnoten></textdaten></norm>
<norm builddate="20211102213507" doknr="BJNR295300021BJNG000500000"><metadaten><jurabk>StiftRG</jurabk><gliederungseinheit><gliederungskennzahl>020</gliederungskennzahl><gliederungsbez>Abschnitt 2</gliederungsbez><gliederungstitel>(zukünftig in Kraft)</gliederungstitel></gliederungseinheit></metadaten><textdaten><fussnoten><Content><P>(+++ Abschn 2 (Überschrift vor § 15): Tritt gem. Art. 11 Abs. 1 Nr. 2 G v. 16.7.2021 I 2947 am 1.1.2026 in Kraft +++)</P></Content></fussnoten></textdaten></norm>
<norm builddate="20211102213507" doknr="BJNR295300021BJNE001500000"><metadaten><jurabk>StiftRG</jurabk><enbez>(XXXX) §§ 15 bis 17</enbez><titel format="XML">(zukünftig in Kraft)</titel></metadaten><textdaten><text format="XML"><Content><P/></Content></text><fussnoten><Content><P>(+++ §§ 15 bis 17: Treten gem. Art. 11 Abs. 1 Nr. 2 G v. 16.7.2021 I 2947  am 1.1.2026 in Kraft +++)</P></Content></fussnoten></textdaten></norm>
<norm builddate="20211102213507" doknr="BJNR295300021BJNG000600000"><metadaten><jurabk>StiftRG</jurabk><gliederungseinheit><gliederungskennzahl>030</gliederungskennzahl><gliederungsbez>Abschnitt 3</gliederungsbez><gliederungstitel>Verwaltungsrechtsweg, Ausschluss des Wider- spruchsverfahrens, Verordnungsermächtigung und Übergangsregelungen</gliederungstitel></gliederungseinheit></metadaten><textdaten/></norm>
<norm builddate="20211102213507" doknr="BJNR295300021BJNE001800000"><metadaten><jurabk>StiftRG</jurabk><enbez>(XXXX) § 18</enbez><titel format="XML">(zukünftig in Kraft)</titel></metadaten><textdaten><text format="XML"><Content><P/></Content></text><fussnoten><Content><P>(+++ § 18: Tritt gem. Art. 11 Abs. 1 Nr. 2 G v. 16.7.2021 I 2947 am 1.1.2026 in Kraft +++)</P></Content></fussnoten></textdaten></norm>
<norm builddate="20211102213507" doknr="BJNR295300021BJNE001900000"><metadaten><jurabk>StiftRG</jurabk><enbez>§ 19</enbez><titel format="XML">Verordnungsermächtigung</titel></metadaten><textdaten><text format="XML"><Content><P>Das Bundesministerium der Justiz und für Verbraucherschutz kann durch Rechtsverordnung nähere Bestimmungen zur Einrichtung, insbesondere der technischen Ausgestaltung, und zur Führung des Stiftungsregisters, zu den Anmeldungen zum Stiftungsregister und zur Auskunft aus dem Stiftungsregister regeln, insbesondere über <DL Type="arabic"><DT>1.</DT><DD Font="normal"><LA>das Verfahren bei Anmeldungen und Eintragungen sowie der Berichtigung und Löschung von Eintragungen,</LA></DD><DT>2.</DT><DD Font="normal"><LA>die Führung der Registerakten,</LA></DD><DT>3.</DT><DD Font="normal"><LA>die Einzelheiten der Datenspeicherung und Datensicherheit,</LA></DD><DT>4.</DT><DD Font="normal"><LA>das Verfahren zur Einsichtnahme in das Register und in die Registerakten, einschließlich Regelungen zur Beschränkung oder zum Ausschluss der Einsicht in die zum Stiftungsregister eingereichten Dokumente,</LA></DD><DT>5.</DT><DD Font="normal"><LA>die Einzelheiten des Verfahrens zum automatisierten Abrufs von Registerdaten und</LA></DD><DT>6.</DT><DD Font="normal"><LA>die Anforderungen für die Anmeldung von Stiftungen, die vor dem 1. Januar 1900 errichtet wurden, und die die Voraussetzungen nach § 4 Satz 1 Nummer 1 oder Nummer 2 nicht erfüllen können.</LA></DD></DL></P></Content></text></textdaten></norm>
<norm builddate="20211102213507" doknr="BJNR295300021BJNE002000000"><metadaten><jurabk>StiftRG</jurabk><enbez>(XXXX) § 20</enbez><titel format="XML">(zukünftig in Kraft)</titel></metadaten><textdaten><text format="XML"><Content><P/></Content></text><fussnoten><Content><P>(+++ § 20: Tritt gem. Art. 11 Abs. 1 Nr. 2 G v. 16.7.2021 I 2947 am 1.1.2026 in Kraft +++)</P></Content></fussnoten></textdaten></norm>
</dokumente>