<?xml version="1.0" encoding="UTF-8" ?><!DOCTYPE dokumente SYSTEM "http://www.gesetze-im-internet.de/dtd/1.01/gii-norm.dtd">
<dokumente builddate="20211231214803" doknr="BJNR114500021"><norm builddate="20211231214803" doknr="BJNR114500021"><metadaten><jurabk>ElektroG2015ÄndG 1</jurabk><ausfertigung-datum manuell="ja">2021-05-20</ausfertigung-datum><fundstelle typ="amtlich"><periodikum>BGBl I</periodikum><zitstelle>2021, 1145</zitstelle></fundstelle><langue>Erstes Gesetz zur Änderung des Elektro- und Elektronikgerätegesetzes<FnR ID="F816356_01_BJNR114500021"/></langue></metadaten><textdaten><text format="XML"><Footnotes><Footnote FnZ="*" Group="column" ID="F816356_01_BJNR114500021" Pos="normal"><noindex>Artikel 1 dieses Gesetzes dient der Umsetzung der Richtlinie 2012/19/EU des Europäischen Parlaments und des Rates vom 4. Juli 2012 über Elektro- und Elektronik-Altgeräte (ABl. L 197 vom 24.7.2012, S. 38). Notifiziert gemäß der Richtlinie (EU) 2015/1535 des Europäischen Parlaments und des Rates vom 9. September 2015 über ein Informationsverfahren auf dem Gebiet der technischen Vorschriften und der Vorschriften für die Dienste der Informationsgesellschaft (ABl. L 241 vom 17.9.2015, S. 1).</noindex></Footnote></Footnotes></text><fussnoten><Content><P><BR/> <pre xml:space="preserve">(+++ Amtlicher Hinweis des Normgebers auf EG-Recht:<BR/>     Umsetzung der<BR/>        EURL 19/2012            (CELEX Nr: 32012L0019) <BR/>     Notifizierung der<BR/>        EURL 2015/1535          (CELEX Nr: 32015L1535) +++)<BR/><BR/></pre></P></Content></fussnoten></textdaten></norm>
</dokumente>