<?xml version="1.0" encoding="UTF-8" ?><!DOCTYPE dokumente SYSTEM "http://www.gesetze-im-internet.de/dtd/1.01/gii-norm.dtd">
<dokumente builddate="20240130215017" doknr="BJNR030010004"><norm builddate="20240130215017" doknr="BJNR030010004"><metadaten><jurabk>AnlBV 2004</jurabk><amtabk>AnlBV</amtabk><ausfertigung-datum manuell="ja">2004-02-18</ausfertigung-datum><fundstelle typ="amtlich"><periodikum>BGBl I</periodikum><zitstelle>2004, 300</zitstelle></fundstelle><kurzue>Anlaufbedingungsverordnung</kurzue><langue>Verordnung über das Anlaufen der inneren Gewässer der Bundesrepublik Deutschland aus Seegebieten seewärts der Grenze des deutschen Küstenmeeres und das Auslaufen</langue><standangabe checked="ja"><standtyp>Stand</standtyp><standkommentar>Zuletzt geändert durch Art. 1 V v. 13.12.2023 I Nr. 373</standkommentar></standangabe></metadaten><textdaten><fussnoten><Content><P><BR/> <pre xml:space="preserve">(+++ Textnachweis ab: 28.2.2004 +++)<BR/>(+++ Amtliche Hinweise des Normgebers auf EG-Recht:<BR/>     Umsetzung der<BR/>       EURL 65/2010 (CELEX Nr: 32010L0065) vgl. V v. 8.3.2012 I 483 <BR/>       EURL 100/2014 (CELEX Nr: 32014L0100) vgl. V v. 1.3.2016 I 329 +++)<BR/><BR/></pre>Die V wurde als Artikel 1 der V v. 18.2.2004 I 300 vom Bundesministerium für Verkehr, Bau- und Wohnungswesen erlassen. Sie ist gem. Art. 8 Abs. 1 dieser V am 28.2.2004 in Kraft getreten.</P></Content></fussnoten></textdaten></norm>
<norm builddate="20240130215017" doknr="BJNR030010004BJNE000103360"><metadaten><jurabk>AnlBV 2004</jurabk><jurabk>AnlBV</jurabk><enbez>§ 1</enbez><titel format="XML">Geltungsbereich</titel></metadaten><textdaten><text format="XML"><Content><P>(1) Schiffe, die aus Seegebieten seewärts der Grenze des deutschen Küstenmeeres kommend die inneren Gewässer der Bundesrepublik Deutschland anlaufen, aus diesen auslaufen oder in diesen verkehren, haben zur Verhütung, Entdeckung, Überwachung und Verringerung von Verschmutzungen der Meeresumwelt durch Schiffe sowie zur Erhöhung der Sicherheit und Leichtigkeit des Seeverkehrs und zur Verhütung von Unfällen die in der Anlage genannten Bedingungen für das An- und Auslaufen einzuhalten.</P><P>(2) Das Bundesamt für Seeschifffahrt und Hydrographie hat die Anlage nach ihrer Verkündung mindestens einmal jährlich in deutscher Sprache und einer englischen Übersetzung in den &quot;Nachrichten für Seefahrer&quot; bekannt zu machen.</P><P>(3) Diese Verordnung gilt nicht <DL Font="normal" Type="arabic"><DT>1.</DT><DD Font="normal"><LA Size="normal">für Schiffe, die zu hoheitlichen Zwecken eingesetzt sind und nicht Handelszwecken dienen, insbesondere Dienstschiffe und Forschungsschiffe, sowie Schiffe im Lotsenversetzdienst,</LA></DD><DT>2.</DT><DD Font="normal"><LA Size="normal">mit Ausnahme der Nummern 3.1 und 8 der Anlage für Kriegsschiffe anderer Staaten und sonstige staatliche Schiffe, die nicht zu Handelszwecken eingesetzt werden,</LA></DD><DT>3.</DT><DD Font="normal"><LA Size="normal">für Traditionsschiffe, deren Rumpflänge 45 Meter nicht übersteigt,</LA></DD><DT>4.</DT><DD Font="normal"><LA Size="normal">für Sportfahrzeuge, die für nicht mehr als zwölf Personen zugelassen sind und deren Rumpflänge 45 Meter nicht übersteigt.</LA></DD></DL></P><P>(4) Diese Verordnung gilt ferner nicht für Bunker auf Schiffen unter 1 000 BRZ, Bordvorräte und Schiffsausrüstung.</P></Content></text><fussnoten/></textdaten></norm>
<norm builddate="20240130215017" doknr="BJNR030010004BJNE000201305"><metadaten><jurabk>AnlBV 2004</jurabk><jurabk>AnlBV</jurabk><enbez>§ 2</enbez><titel format="XML">Folgen von Verstößen</titel></metadaten><textdaten><text format="XML"><Content><P>(1) Ein Schiff, dessen Schiffsführer, Betreiber oder Agent die in der Anlage festgelegten Bedingungen für das An- und Auslaufen nicht erfüllt hat, wird von der jeweils zuständigen Verkehrszentrale zunächst auf diesen Umstand hingewiesen. Werden die vorgeschriebenen Meldungen dennoch nicht abgegeben, können die zuständigen Behörden diesen Umstand als hinreichenden Verdacht eines Verstoßes gegen die anwendbaren Schiffssicherheitsvorschriften ansehen und eine Kontrolle des Schiffes im Bereich der deutschen Hoheitsbefugnisse durchführen.</P><P>(2) Jedes Schiff, dessen Betreiber, Agent oder Schiffsführer gegen die Meldepflicht nach Nummer 2.1.2 oder 2.2.2 der Anlage verstößt, wird im deutschen Bestimmungshafen einer erweiterten Überprüfung im Sinne des Artikels 14 der Richtlinie 2009/16/EG des Europäischen Parlaments und des Rates vom 23. April 2009 über die Hafenstaatkontrolle (Neufassung) (ABl. L 131 vom 28.5.2009, S. 57) in der jeweils geltenden Fassung unterzogen.</P></Content></text><fussnoten/></textdaten></norm>
<norm builddate="20240130215017" doknr="BJNR030010004BJNE000504305"><metadaten><jurabk>AnlBV 2004</jurabk><jurabk>AnlBV</jurabk><enbez>§ 3</enbez><titel format="XML">Ordnungswidrigkeiten</titel></metadaten><textdaten><text format="XML"><Content><P>(1) Ordnungswidrig im Sinne des § 15 Abs. 1 Nr. 2 des Seeaufgabengesetzes handelt, wer vorsätzlich oder fahrlässig entgegen § 1 Abs. 1 in Verbindung mit den Nummern 2.1.1, 2.1.2, 2.2.1 oder 2.2.2 der Anlage eine Meldung nicht, nicht richtig, nicht vollständig oder nicht rechtzeitig macht.</P><P>(1a) (weggefallen)</P><P>(2) Die Zuständigkeit für die Verfolgung und Ahndung von Ordnungswidrigkeiten nach Absatz 1 wird auf die Generaldirektion Wasserstraßen und Schifffahrt übertragen.</P></Content></text><fussnoten/></textdaten></norm>
<norm builddate="20240130215017" doknr="BJNR030010004BJNE000316360"><metadaten><jurabk>AnlBV 2004</jurabk><jurabk>AnlBV</jurabk><enbez>Anlage</enbez><titel format="XML">(zu § 1 Abs. 1)</titel></metadaten><textdaten><text format="XML"><Content><P><noindex><kommentar typ="Fundstelle">(Fundstelle: BGBl. I 2004, 301 – 305; <BR/>bzgl. der einzelnen Änderungen vgl. Fußnote)</kommentar></noindex></P><BR/><BR/><P><DL Font="normal" Type="arabic"><DT>1</DT><DD Font="normal"><LA Size="normal">Begriffsbestimmungen</LA><LA Size="normal">Im Sinne dieser Verordnung sind</LA></DD><DT>1.1</DT><DD Font="normal"><LA Size="normal">&quot;Betreiber&quot;: Eigentümer, Reeder, Charterer oder Manager des Schiffes;</LA></DD><DT>1.2</DT><DD Font="normal"><LA Size="normal">&quot;Agent&quot;: jede Person, die dazu befugt oder beauftragt ist, im Namen des Schiffsbetreibers alle Schiffs- und Ladungsinformationen zu übermitteln;</LA></DD><DT>1.3</DT><DD Font="normal"><LA Size="normal">&quot;gefährliche Güter&quot;:<DL Font="normal" Type="arabic"><DT>-</DT><DD Font="normal"><LA Size="normal">Stoffe und Gegenstände, die unter die jeweiligen Begriffsbestimmungen für die Klassen 1 bis 9 des IMDG-Codes fallen,</LA></DD><DT>-</DT><DD Font="normal"><LA Size="normal">Stoffe, die bei der Beförderung als Schüttladung im IMSBC-Code als gefährliche Güter klassifiziert sind, oder</LA></DD><DT>-</DT><DD Font="normal"><LA Size="normal">Stoffe, die in Tankschiffen befördert werden sollen und<DL Font="normal" Type="arabic"><DT>a)</DT><DD Font="normal"><LA Size="normal">denen eine UN-Nummer zugeordnet worden ist oder</LA></DD><DT>b)</DT><DD Font="normal"><LA Size="normal">die in Kapitel 17 des IBC-Codes aufgeführt sind und denen dort eine Verschmutzungskategorie zugeordnet ist und die in Kapitel 18 des IBC-Codes aufgeführt sind und denen dort eine Verschmutzungskategorie zugeordnet ist oder</LA></DD><DT>c)</DT><DD Font="normal"><LA Size="normal">die in Kapitel 19 des IGC-Codes aufgeführt sind,</LA></DD></DL></LA></DD><DT>-</DT><DD Font="normal"><LA Size="normal">die im INF-Code genannten radioaktiven Stoffe;</LA></DD></DL></LA></DD><DT>1.4</DT><DD Font="normal"><LA Size="normal">&quot;umweltschädliche Güter&quot;:<DL Font="normal" Type="arabic"><DT>-</DT><DD Font="normal"><LA Size="normal">Rohöl und Mineralölerzeugnisse laut Begriffsbestimmung in Anlage I des MARPOL-Übereinkommens,</LA></DD><DT>-</DT><DD Font="normal"><LA Size="normal">flüssige Schadstoffe laut Begriffsbestimmung in Anlage II des MARPOL-Übereinkommens,</LA></DD><DT>-</DT><DD Font="normal"><LA Size="normal">Schadstoffe laut Begriffsbestimmung in Anlage III des MARPOL-Übereinkommens;</LA></DD></DL></LA></DD><DT>1.5</DT><DD Font="normal"><LA Size="normal">&quot;MARPOL-Übereinkommen&quot;: das Internationale Übereinkommen von 1973 zur Verhütung der Meeresverschmutzung durch Schiffe und das dazugehörige Protokoll von 1978 (BGBl. 1982 II S. 2), in der jeweils nach Maßgabe des deutschen Rechts geltenden Fassung;</LA></DD><DT>1.6</DT><DD Font="normal"><LA Size="normal">&quot;Kollisionsverhütungsregeln&quot;: die Internationalen Regeln von 1972 zur Verhütung von Zusammenstößen auf See (BGBl. 1977 I S. 813), in der jeweils nach Maßgabe des deutschen Rechts geltenden Fassung;</LA></DD><DT>1.7</DT><DD Font="normal"><LA Size="normal">&quot;IMDG-Code&quot;: der International Maritime Dangerous Goods Code, in der amtlichen deutschen Übersetzung, bekannt gegeben durch die Bekanntmachung vom 28. Februar 2009 (VkBl. 2009 S. 102);</LA></DD><DT>1.8</DT><DD Font="normal"><LA Size="normal">&quot;IBC-Code&quot;: der Internationale Code für den Bau und die Ausrüstung von Schiffen zur Beförderung gefährlicher Chemikalien als Massengut (BAnz. Nr. 125a vom 12. Juli 1986), in der jeweils nach Maßgabe des deutschen Rechts geltenden Fassung;</LA></DD><DT>1.9</DT><DD Font="normal"><LA Size="normal">&quot;IGC-Code&quot;: der Internationale Code für den Bau und die Ausrüstung von Schiffen zur Beförderung verflüssigter Gase als Massengut (BAnz. Nr. 125a vom 12. Juni 1986), in der jeweils nach Maßgabe des deutschen Rechts geltenden Fassung;</LA></DD><DT>1.10</DT><DD Font="normal"><LA Size="normal">„IMSBC-Code“: der International Maritime Solid Bulk Cargoes Code in der amtlichen deutschen Übersetzung bekannt gegeben am 15. Dezember 2009 (VkBl. 2009 S. 775);</LA></DD><DT>1.11</DT><DD Font="normal"><LA Size="normal">&quot;INF-Code&quot;: der Internationale Code für die sichere Beförderung von verpackten bestrahlten Kernbrennstoffen, Plutonium und hochradioaktiven Abfällen (BAnz. 2000 S. 23322) in der jeweils nach Maßgabe des deutschen Rechts geltenden Fassung;</LA></DD><DT>1.12</DT><DD Font="normal"><LA Size="normal">&quot;Hafenbehörde&quot;: Behörde oder sonstige Stelle, die für die Entgegennahme und Weitergabe von Hafenanlaufmeldungen zuständig ist;</LA></DD><DT>1.13</DT><DD Font="normal"><LA Size="normal">&quot;Maritime Verkehrssicherung&quot;: die von der Verkehrszentrale zur Verhütung von Kollisionen und Grundberührungen, zur Verkehrsablaufsteuerung oder zur Verhütung von der Schifffahrt ausgehender Gefahren für die Meeresumwelt gegebenen Verkehrsinformationen und Verkehrsunterstützungen sowie erlassenen Verfügungen zur Verkehrsregelung und -lenkung;</LA></DD><DT>1.14</DT><DD Font="normal"><LA Size="normal">&quot;Verkehrsinformationen&quot;: nautische Warnnachrichten sowie Mitteilungen der Verkehrszentrale über die Verkehrslage, Fahrwasser- sowie Wetter- und Tideverhältnisse, die zu festgelegten Zeiten in regelmäßigen Abständen oder auf Anforderung einzelner Schiffe gegeben werden;</LA></DD><DT>1.15</DT><DD Font="normal"><LA Size="normal">&quot;Verkehrsunterstützungen&quot;: Hinweise und Warnungen der Verkehrszentrale an die Schifffahrt und Empfehlungen im Rahmen einer Schiffsberatung von der Verkehrszentrale aus durch Seelotsen nach § 23 Abs. 1 des Gesetzes über das Seelotswesen, die bei verminderter Sicht, auf Anforderung oder wenn die Verkehrszentrale es auf Grund der Verkehrsbeobachtung für erforderlich hält, gegeben werden und sich entsprechend den Erfordernissen der Verkehrslage, der Fahrwasser- sowie der Wetter- und Tideverhältnisse auch auf Positionen, Passierzeiten, Kurse, Geschwindigkeiten oder Manöver bestimmter Schiffe erstrecken können;</LA></DD><DT>1.16</DT><DD Font="normal"><LA Size="normal">&quot;Verkehrsregelungen&quot;: schifffahrtspolizeiliche Verfügungen der Verkehrszentrale im Einzelfall, die entsprechend den Erfordernissen der Verkehrslage, der Fahrwasser- sowie der Wetter- und Tideverhältnisse Regelungen über Vorfahrt, Überholen, Begegnen, Höchst- und Mindestgeschwindigkeiten oder über das Befahren einer Seeschifffahrtsstraße umfassen können;</LA></DD><DT>1.17</DT><DD Font="normal"><LA Size="normal">&quot;Innere Deutsche Bucht&quot; (German Bight): das Seegebiet ergibt sich aus dem Anhang zu dieser Anlage;</LA></DD><DT>1.18</DT><DD Font="normal"><LA Size="normal">&quot;UN-Nummer&quot;: die zum Stoff gehörende Nummer gemäß den Empfehlungen, die vom Ausschuss der Sachverständigen der Vereinten Nationen für die Beförderung gefährlicher Güter vorgeschlagen wurde und in den in den Nummern 1.7 bis 1.10 dieser Anlage genannten Codes aufgeführt ist;</LA></DD><DT>1.19</DT><DD Font="normal"><LA Size="normal">&quot;AIS&quot;: Automatisches Schiffsidentifizierungssystem der Regel V/19.2.4 des Internationalen Übereinkommens von 1974 zum Schutz des menschlichen Lebens auf See (BGBl. 1979 II S. 141), das zuletzt nach Maßgabe des Gesetzes vom 22. Dezember 2003 (BGBl. 2003 II S. 2018) geändert worden ist.</LA></DD><DT>2</DT><DD Font="normal"><LA Size="normal">Meldungen an die Zentrale Meldestelle</LA></DD><DT>2.1</DT><DD Font="normal"><LA Size="normal">Allgemeine Meldungen</LA></DD><DT>2.1.1</DT><DD Font="normal"><LA Size="normal">Meldung vor Einlaufen nach der Richtlinie 2002/59/EG des Europäischen Parlaments und des Rates vom 27. Juni 2002 über die Einrichtung eines gemeinschaftlichen Überwachungs- und Informationssystems für den Schiffsverkehr (ABl. L 208 vom 5.8.2002, S. 10) in der jeweils geltenden Fassung.</LA><LA Size="normal">Der Betreiber, Agent oder Schiffsführer eines Schiffes, das im Geltungsbereich dieser Verordnung verkehrt, ist verpflichtet, <DL Font="normal" Type="alpha"><DT>a)</DT><DD Font="normal"><LA Size="normal">mindestens 24 Stunden im Voraus oder</LA></DD><DT>b)</DT><DD Font="normal"><LA Size="normal">spätestens zu dem Zeitpunkt, zu dem das Schiff aus dem vorigen Hafen ausläuft, sofern die Reisezeit weniger als 24 Stunden beträgt, oder</LA></DD><DT>c)</DT><DD Font="normal"><LA Size="normal">wenn der Anlaufhafen nicht bekannt ist oder sich während der Reise ändert, sobald diese Information vorliegt,</LA></DD></DL>die in Satz 2 bezeichneten Angaben der Zentralen Meldestelle zu übermitteln. Angaben im Sinne des Satzes 1 sind: <DL Font="normal" Type="alpha"><DT>a)</DT><DD Font="normal"><LA Size="normal">Identifikation des Schiffes (Name, Rufzeichen und IMO-Schiffsidentifikationsnummer),</LA></DD><DT>b)</DT><DD Font="normal"><LA Size="normal">Identifizierungsmerkmal des Bestimmungshafens,</LA></DD><DT>c)</DT><DD Font="normal"><LA Size="normal">Voraussichtliche Zeit der Ankunft im Bestimmungshafen oder an der Lotsenstation und voraussichtliche Zeit des Auslaufens aus diesem Hafen und</LA></DD><DT>d)</DT><DD Font="normal"><LA Size="normal">Gesamtzahl der an Bord befindlichen Personen.</LA></DD></DL></LA></DD><DT>2.1.2</DT><DD Font="normal"><LA Size="normal">Meldungen nach Ein- und Auslaufen nach der Richtlinie 2009/16/EG des Europäischen Parlaments und des Rates vom 23. April 2009 über die Hafenstaatkontrolle (Neufassung) (ABl. L 131 vom 28.5.2009, S. 57) in der jeweils geltenden Fassung</LA><LA Size="normal">Ergänzend zur Meldung nach Nummer 2.1.1 ist der Betreiber, Agent oder Schiffsführer eines Schiffes unter fremder Flagge, das einen deutschen Hafen oder ein anderes Gebiet im Zuständigkeitsbereich eines deutschen Hafens anläuft oder ihn verlässt, verpflichtet, <DL Font="normal" Type="alpha"><DT>a)</DT><DD Font="normal"><LA Size="normal">nach dem Einlaufen den genauen Zeitpunkt der Ankunft des Schiffes und</LA></DD><DT>b)</DT><DD Font="normal"><LA Size="normal">nach dem Auslaufen den genauen Zeitpunkt des Auslaufens des Schiffes</LA></DD></DL>sowie jeweils das Identifizierungsmerkmal des Hafens unverzüglich der Zentralen Meldestelle zu übermitteln.</LA></DD><DT>2.2</DT><DD Font="normal"><LA Size="normal">Besondere Meldungen</LA></DD><DT>2.2.1</DT><DD Font="normal"><LA Size="normal">Meldung vor Einlaufen und vor Auslaufen für Gefahrguttransporte nach der Richtlinie 2002/59/EG</LA><LA Size="normal">Der Betreiber, Agent oder Schiffsführer eines Schiffes, das gefährliche oder umweltschädliche Güter befördert, hat, wenn der nächste Anlaufhafen, Auslaufhafen, Liege- oder Ankerplatz im Geltungsbereich dieser Verordnung liegt oder eine Durchfahrt durch den Nord-Ostsee-Kanal beabsichtigt ist, spätestens beim Verlassen des letzten Auslaufhafens der Zentralen Meldestelle folgende Angaben zu übermitteln: <DL Font="normal" Type="alpha"><DT>a)</DT><DD Font="normal"><LA Size="normal">Identifikation des Schiffes (Name, Rufzeichen und IMO-Schiffsidentifikationsnummer);</LA></DD><DT>b)</DT><DD Font="normal"><LA Size="normal">letzter Auslaufhafen und Zeit des Auslaufens aus diesem Hafen;</LA></DD><DT>c)</DT><DD Font="normal"><LA Size="normal">nächster Anlaufhafen, Liege- oder Ankerplatz;</LA></DD><DT>d)</DT><DD Font="normal"><LA Size="normal">voraussichtliche Ankunftszeit im nächsten Anlaufhafen, Liege- oder Ankerplatz oder an der Lotsenstation;</LA></DD><DT>e)</DT><DD Font="normal"><LA Size="normal">Gesamtzahl der an Bord befindlichen Personen;</LA></DD><DT>f)</DT><DD Font="normal"><LA Size="normal">gefährliche oder umweltschädliche Güter mit dem Richtigen Technischen Namen beziehungsweise dem Stoff- oder Produktnamen und bei brennbaren Flüssigkeiten nach dem IMDG-Code dem Flammpunkt;</LA></DD><DT>g)</DT><DD Font="normal"><LA Size="normal">die Gefahr auslösenden Stoffe und die von den Vereinten Nationen zugeteilten UN-Nummern;</LA></DD><DT>h)</DT><DD Font="normal"><LA Size="normal">die nach IMDG-Code bestimmte Gefahrgutklasse und Kategorie des Schiffes im Sinne des INF-Codes;</LA></DD><DT>i)</DT><DD Font="normal"><LA Size="normal">die Mengen der in Buchstabe g genannten Güter und ihr Aufbewahrungsort an Bord, Verpackungsart und Verpackungsgruppe sowie, soweit sie in anderen Beförderungseinheiten als festen Tanks befördert werden, die Art der Beförderungseinheit und deren Identifikationsnummer;</LA></DD><DT>j)</DT><DD Font="normal"><LA Size="normal">Lade- und Löschhafen der Ladung;</LA></DD><DT>k)</DT><DD Font="normal"><LA Size="normal">Bestätigung, dass eine Aufstellung, ein Verzeichnis oder ein Lageplan in geeigneter Form zur Angabe der an Bord des Schiffes geladenen gefährlichen oder umweltschädlichen Güter und ihrer jeweiligen Lage im Schiff beziehungsweise ein entsprechender Stauplan auf der Brücke oder in der Schiffsführungszentrale vorgehalten wird;</LA></DD><DT>l)</DT><DD Font="normal"><LA Size="normal">eine Adresse, unter der detaillierte Informationen über die Ladung erhältlich sind, sowie die Notrufdaten des Versenders oder jeder anderen Person oder Einrichtung, die im Besitz von Informationen über die physikalisch chemischen Merkmale der Erzeugnisse und über die im Notfall zu ergreifenden Maßnahmen ist;</LA></DD><DT>m)</DT><DD Font="normal"><LA Size="normal">die Menge der als vorhergehende Ladung beförderten Massengüter im Sinne des § 30 Absatz 1 Nummer 1 der Seeschifffahrtsstraßen-Ordnung, soweit die Tanks nicht gereinigt und entgast oder vollständig inertisiert sind;</LA></DD><DT>n)</DT><DD Font="normal"><LA Size="normal">Merkmale und geschätzte Menge des mitgeführten Bunkertreibstoffs.</LA></DD></DL>Soweit die Angaben nach den Buchstaben c, d und j beim Verlassen des letzten Auslaufhafens nicht verfügbar sind, ist die vollständige Meldung erneut zu machen, sobald der nächste Anlaufhafen, Liege- oder Ankerplatz bekannt ist.</LA></DD><DT>2.2.2</DT><DD Font="normal"><LA Size="normal">Meldung vor Einlaufen für erweiterte Überprüfung nach der Richtlinie 2009/16/EG</LA><LA Size="normal">Der Betreiber, Agent oder Schiffsführer eines Schiffes unter fremder Flagge, das nach Artikel 14 der Richtlinie 2009/16/EG für eine erweiterte Überprüfung in Betracht kommt, hat der Zentralen Meldestelle 72 Stunden vor der erwarteten Ankunft in einem deutschen Hafen oder einem anderen Gebiet im Zuständigkeitsbereich eines deutschen Hafens folgende Angaben zu melden: <DL Font="normal" Type="alpha"><DT>a)</DT><DD Font="normal"><LA Size="normal">Identifikation des Schiffes (Name, Rufzeichen und IMO-Schiffsidentifikationsnummer);</LA></DD><DT>b)</DT><DD Font="normal"><LA Size="normal">Identifizierungsmerkmal des Hafens, der angelaufen werden soll;</LA></DD><DT>c)</DT><DD Font="normal"><LA Size="normal">vorgesehene Dauer der Liegezeit, einschließlich des voraussichtlichen Zeitpunkts der Ankunft und des Auslaufens;</LA></DD><DT>d)</DT><DD Font="normal"><LA Size="normal">für Tankschiffe: <DL Font="normal" Type="a-alpha"><DT>aa)</DT><DD Font="normal"><LA Size="normal">Bauweise: einfache Hülle, einfache Hülle mit getrenntem Ballasttank (SBT), Doppelhülle;</LA></DD><DT>bb)</DT><DD Font="normal"><LA Size="normal">Zustand der Lade- und Ballasttanks: voll, leer, inertisiert;</LA></DD><DT>cc)</DT><DD Font="normal"><LA Size="normal">Ladungsart und -volumen;</LA></DD></DL></LA></DD><DT>e)</DT><DD Font="normal"><LA Size="normal">geplante Tätigkeiten im Bestimmungshafen oder am Bestimmungsankerplatz (Laden, Löschen, sonstige);</LA></DD><DT>f)</DT><DD Font="normal"><LA Size="normal">geplante vorgeschriebene Kontrollüberprüfungen und wesentliche Instandhaltungs- und Instandsetzungsarbeiten, die während des Aufenthalts im Bestimmungshafen durchzuführen sind;</LA></DD><DT>g)</DT><DD Font="normal"><LA Size="normal">Datum der letzten erweiterten Überprüfung in der unter die Pariser Vereinbarung fallenden Region.</LA></DD></DL></LA></DD><DT>2.3</DT><DD Font="normal"><LA Size="normal">Zentrale Meldestelle und Meldeverfahren</LA></DD><DT>2.3.1</DT><DD Font="normal"><LA Size="normal">Zentrale Meldestelle</LA><LA Size="normal">Zentrale Meldestelle im Sinne dieser Verordnung ist das Havariekommando (Zentrale Meldestelle), Am Alten Hafen 2, in 27472 Cuxhaven, Tel.: + 49 (0) 30 185420 1400, Fax: + 49 (0) 30 185420 2408. Das Havariekommando betreibt im Sinne des § 2 Nummer 4 des Seeschifffahrt-Meldeportal-Gesetzes das Zentrale Meldeportal des Bundes.</LA></DD><DT>2.3.2</DT><DD Font="normal"><LA Size="normal">Ersatzmeldestelle bei erweiterten Überprüfungen</LA><LA Size="normal">Ist dem Betreiber, Agent oder Schiffsführer eine Meldung nach Nummer 2.2.2 an die Zentrale Meldestelle nicht möglich, müssen die Angaben als elektronisches Dokument an die Berufsgenossenschaft Verkehrswirtschaft Post-Logistik Telekommunikation, Ottenser Hauptstraße 54, 22765 Hamburg (E-Mail: psc-germany@bg-verkehr.de) gemeldet werden.</LA></DD><DT>2.3.3</DT><DD Font="normal"><LA Size="normal">Meldeverfahren</LA><LA Size="normal">Der Betreiber, der Agent oder der Schiffsführer hat die nach den Nummern 2.1 und 2.2 erforderlichen Meldungen über das Internet unter www.national-single-window.de im Zentralen Meldeportal des Bundes oder über die im Bundesanzeiger bekannt gemachten Hafenbehörden und Hafeninformationssysteme vorzunehmen. Die Meldung muss Namen, Anschrift, Ruf- und Telefax-Nummer des Meldenden enthalten. Der meldende Betreiber, Agent oder Schiffsführer hat sicherzustellen, dass die erforderlichen Meldungen je Schiffsreise nur einmal abgegeben werden.</LA></DD><DT>2.4</DT><DD Font="normal"><LA Size="normal">Möglichkeit der befreienden Meldung an eine Hafenbehörde</LA><LA Size="normal">Der Betreiber, der Agent oder der Schiffsführer eines Schiffes ist von der Meldung der Angaben nach den Nummern 2.1.1, 2.1.2 und 2.2.1 an die Zentrale Meldestelle befreit, wenn er diese Angaben einer Hafenbehörde gemeldet hat und die Hafenbehörde in der Lage ist, die Angaben der Zentralen Meldestelle auf deren Anfrage 24 Stunden am Tag unverzüglich im Wege der Datenfernübertragung zu übermitteln. Die Hafenbehörden, die diese Voraussetzung erfüllen, werden vom Bundesministerium für Digitales und Verkehr im Verkehrsblatt und nachrichtlich auf der Internetseite der Zentralen Meldestelle unter www.national-single-window.de bekannt gemacht.</LA></DD><DT>2.5</DT><DD Font="normal"><LA Size="normal">Ausnahmeregelung für Liniendienste</LA></DD><DT>2.5.1</DT><DD Font="normal"><LA Size="normal">Nationale Liniendienste</LA></DD><DT>2.5.1.1</DT><DD Font="normal"><LA Size="normal">Befreiung von der Gefahrgutmeldung</LA><LA Size="normal">Schiffe eines Liniendienstes zwischen deutschen Häfen, der mindestens einen Monat lang betrieben werden soll, sind auf Fahrten von bis zu 12 Stunden planmäßiger Dauer von der Pflicht zur Abgabe der Meldung nach Nummer 2.2.1 befreit, soweit der Betreiber des jeweiligen Liniendienstes eine Liste der betreffenden Schiffe erstellt und laufend aktualisiert sowie diese als elektronisches Dokument an die Zentrale Meldestelle nach Nummer 2.3.1 (E-Mail: MLZ@havariekommando.de) übermittelt hat. Der Betreiber des jeweiligen Liniendienstes hat sicherzustellen, dass für jede Fahrt die Angaben nach Nummer 2.2.1 24 Stunden am Tag auf Anforderung der Zentralen Meldestelle unverzüglich übermittelt werden können. Jede Abweichung von drei oder mehr Stunden von der voraussichtlichen Zeit der Ankunft im Bestimmungshafen ist an die Zentrale Meldestelle (E-Mail: MLZ@havariekommando.de oder telefonisch: 030 54 18 20 1400) zu melden.</LA></DD><DT>2.5.1.2</DT><DD Font="normal"><LA Size="normal">Befreiung von der Personenmeldung vor Einlaufen</LA><LA Size="normal">Fahrgastschiffe im Liniendienst zwischen deutschen Häfen, der mindestens einen Monat lang betrieben werden soll, sind von der Verpflichtung nach Nummer 2.1.1 Satz 1 und Satz 2 Buchstabe d, die Zahl der an Bord befindlichen Personen vor Einlaufen an die Zentrale Meldestelle zu melden, befreit,<DL Font="normal" Type="alpha"><DT>a)</DT><DD Font="normal"><LA Size="normal">wenn die Berufsgenossenschaft Verkehrswirtschaft Post-Logistik Telekommunikation nach Abschnitt A.III.a. Nummer 1.2 Buchstabe c der Anlage 1 zur Schiffssicherheitsverordnung eine Befreiung für die Meldung der Personenanzahl vor Abfahrt nach Artikel 9 Absatz 2 Satz 1 der Richtlinie 98/41/EG des Rates vom 18. Juni 1998 über die Registrierung der an Bord von Fahrgastschiffen im Verkehr nach oder von einem Hafen eines Mitgliedstaates der Gemeinschaft befindlichen Personen (ABl. L 188 vom 2.7.1998, S. 35) in der jeweils geltenden Fassung erteilt hat und</LA></DD><DT>b)</DT><DD Font="normal"><LA Size="normal">der Betreiber des jeweiligen Liniendienstes eine Liste der betreffenden Schiffe erstellt und laufend aktualisiert sowie diese als elektronisches Dokument an die Zentrale Meldestelle nach Nummer 2.3.1 (E-Mail: MLZ@havariekommando.de) übermittelt hat.</LA></DD></DL>Der Betreiber des jeweiligen Liniendienstes hat sicherzustellen, dass für jede Fahrt die Angabe nach Nummer 2.1.1 Satz 2 Buchstabe d 24 Stunden am Tag auf Anforderung der zuständigen Behörde unverzüglich übermittelt werden kann.</LA></DD><DT>2.5.1.3</DT><DD Font="normal"><LA Size="normal">Vereinfachte Personenmeldung</LA><LA Size="normal">Fahrgastschiffe im Liniendienst zwischen deutschen Häfen, der mindestens einen Monat lang betrieben werden soll, sind von der Pflicht zur Meldung der Angaben nach Nummer 2.1.1 Satz 2 Buchstabe c und d vor Einlaufen befreit, wenn vor Abfahrt eine Meldung der Zahl der Personen an Bord nach Artikel 4 Absatz 2 der Richtlinie 98/41/EG erfolgt. Der Betreiber des jeweiligen Liniendienstes muss eine Liste der betreffenden Schiffe erstellen und laufend aktualisieren sowie diese als elektronisches Dokument an die Zentrale Meldestelle nach Nummer 2.3.1 (E-Mail: MLZ@havariekommando.de) übermitteln. Der Betreiber des jeweiligen Liniendienstes hat sicherzustellen, dass für jede Fahrt die Angabe nach Nummer 2.1.1 Satz 2 Buchstabe c und d 24 Stunden am Tag auf Anforderung der zuständigen Behörde unverzüglich übermittelt werden kann.</LA></DD><DT>2.5.1.4</DT><DD Font="normal"><LA Size="normal">Befreiung von der Meldung vor Einlaufen</LA><LA Size="normal">Schiffe im Liniendienst zwischen deutschen Häfen, der mindestens einen Monat lang betrieben werden soll, sind von der Pflicht zur Meldung vor Einlaufen nach der Nummer 2.1.1 befreit, wenn<DL Font="normal" Type="alpha"><DT>a)</DT><DD Font="normal"><LA Size="normal">das jeweilige Schiff keine gefährlichen oder umweltschädlichen Güter befördert oder wenn es nach Nummer 2.5.1.1 von der Meldung für Gefahrguttransporte befreit ist,</LA></DD><DT>b)</DT><DD Font="normal"><LA Size="normal">eine Befreiung nach Nummer 2.5.1.2 Buchstabe a vorliegt,</LA></DD><DT>c)</DT><DD Font="normal"><LA Size="normal">es sich nicht um ein Schiff im Sinne der Regel 2 Absatz 1.1 des Kapitels XI-2 der Anlage des SOLAS-Übereinkommens handelt oder eine Befreiung nach Artikel 7 Absatz 1 der Verordnung (EG) Nr. 725/2004 des Europäischen Parlaments und des Rates vom 31. März 2004 zur Erhöhung der Gefahrenabwehr auf Schiffen und in Hafenanlagen (ABl. L 129 vom 29.4.2004, S. 6) in der jeweils geltenden Fassung vorliegt und</LA></DD><DT>d)</DT><DD Font="normal"><LA Size="normal">im Falle eines Fahrgastschiffes die zuständigen Behörden der vom Liniendienst bedienten Häfen eine Befreiung nach Artikel 9 der Richtlinie (EU) 2019/883 des Europäischen Parlaments und des Rates vom 17. April 2019 über Hafenauffangeinrichtungen für die Entladung von Abfällen von Schiffen, zur Änderung der Richtlinie 2010/65/EU und zur Aufhebung der Richtlinie 2000/59/EG (ABl. L 151 vom 7.6.2019, S. 116) erteilt haben.</LA></DD></DL>Der Betreiber des jeweiligen Liniendienstes muss eine Liste der betreffenden Schiffe erstellen und laufend aktualisieren sowie diese als elektronisches Dokument an die Zentrale Meldestelle nach Nummer 2.3.1 (E-Mail: MLZ@havariekommando.de) übermitteln. Der Betreiber des jeweiligen Liniendienstes hat sicherzustellen, dass für jede Fahrt 24 Stunden am Tag auf Anforderung der zuständigen Behörde unverzüglich <DL Font="normal" Type="alpha"><DT>a)</DT><DD Font="normal"><LA Size="normal">die Angaben nach Nummer 2.1.1 Satz 2 Buchstabe c und d sowie</LA></DD><DT>b)</DT><DD Font="normal"><LA Size="normal">der Nachweis über das Vorliegen der Voraussetzungen nach Satz 1</LA></DD></DL>übermittelt werden können.</LA></DD><DT>2.5.2</DT><DD Font="normal"><LA Size="normal">Internationale Liniendienste</LA><LA Size="normal">Einem internationalen Liniendienst kann auf schriftlichen Antrag bei der Generaldirektion Wasserstraßen und Schifffahrt eine Ausnahme genehmigt werden, soweit die übrigen Mitgliedstaaten der Europäischen Union zugestimmt haben. Nach Erteilung der Genehmigung gilt Nummer 2.5.1 entsprechend.</LA></DD><DT>2.6</DT><DD Font="normal"><LA Size="normal">Meldeformalitäten für Schiffe beim Einlaufen in und/oder Auslaufen aus Häfen der Mitgliedstaaten nach der Richtlinie 2010/65/EU des Europäischen Parlaments und des Rates vom 20. Oktober 2010 (ABl. L 283 vom 29.10.2010, S. 1)</LA><LA Size="normal">Meldungen, die nach der Richtlinie 2010/65/EU des Europäischen Parlaments und des Rates vom 20. Oktober 2010 über Meldeformalitäten für Schiffe beim Einlaufen in und/oder Auslaufen aus Häfen der Mitgliedstaaten und zur Aufhebung der Richtlinie 2002/6/EG abzugeben sind und den verschiedenen zuständigen Behörden und den Mitgliedstaaten zur Verfügung zu stellen sind, können über die Zentrale Meldestelle abgegeben werden. Für Sicherheitsmeldungen nach § 10 Absatz 3 der See-Eigensicherungsverordnung ist die elektronische Übermittlung im Sinne des Abschnitt A Nummer 5 des Anhangs der Richtlinie 2010/65/EU über das Zentrale Meldeportal des Bundes im Internet unter www.national-single-window.de vorzunehmen.</LA></DD><DT>3</DT><DD Font="normal"><LA Size="normal">Meldungen bei Anlaufen bestimmter Seegebiete</LA></DD><DT>3.1</DT><DD Font="normal"><LA Size="normal">Meldung bei Ansteuerung der Inneren Deutschen Bucht</LA><LA Size="normal">Der Schiffsführer eines aus westlicher oder nördlicher Richtung die Innere Deutsche Bucht anlaufenden Schiffes oder Schub- und Schleppverbandes mit einer Bruttoraumzahl von mehr als 300 hat, unabhängig davon, ob das Verkehrstrennungsgebiet „German Bight Western Approach“ benutzt wird, beim Passieren des Meridians 007° 10' E oder, aus nördlicher oder nordwestlicher Richtung anlaufend, beim Passieren des Breitenparallels 54° 20' N, folgende Angaben der Verkehrszentrale „German Bight Traffic“ über UKW-Sprechfunk (UKW-Kanal 79 oder 80) oder über ein vorhandenes AIS zu melden: <DL Font="normal" Type="alpha"><DT>a)</DT><DD Font="normal"><LA Size="normal">Name, Unterscheidungssignal, gegebenenfalls IMO-Schiffsidentifikationsnummer und Art des Schiffes;</LA></DD><DT>b)</DT><DD Font="normal"><LA Size="normal">Position des Schiffes;</LA></DD><DT>c)</DT><DD Font="normal"><LA Size="normal">Länge, Breite und aktueller Frischwassertiefgang des Schiffes in Metern;</LA></DD><DT>d)</DT><DD Font="normal"><LA Size="normal">Bruttoraumzahl des Schiffes;</LA></DD><DT>e)</DT><DD Font="normal"><LA Size="normal">letzter Auslauf- und nächster Anlaufhafen des Schiffes;</LA></DD><DT>f)</DT><DD Font="normal"><LA Size="normal">Angabe, ob verflüssigte Gase, Chemikalien oder Erdöl und Erdölprodukte als Massengut befördert werden, oder ob solche Güter befördert worden sind und danach die Tanks nicht gereinigt und entgast oder vollständig inertisiert worden sind;</LA></DD><DT>g)</DT><DD Font="normal"><LA Size="normal">Angabe, ob gefährliche oder umweltschädliche Güter befördert werden;</LA></DD><DT>h)</DT><DD Font="normal"><LA Size="normal">Erklärung, ob Mängel an Schiff oder Ladung vorliegen;</LA></DD><DT>i)</DT><DD Font="normal"><LA Size="normal">Betreiber oder Agent oder deren Bevollmächtigte;</LA></DD><DT>j)</DT><DD Font="normal"><LA Size="normal">Gesamtzahl der an Bord befindlichen Personen.</LA></DD></DL>Nach Abgabe der Meldung muss das Schiff ständig auf UKW-Kanal 70, 79, 80 oder 16 empfangsbereit sein.</LA></DD><DT>3.2</DT><DD Font="normal"><LA Size="normal">Meldung bei Anlaufen des bundeseigenen Hafens Helgoland</LA><LA Size="normal">Der Betreiber, der Agent oder der Schiffsführer eines Schiffes, dessen nächster Anlaufhafen der bundeseigene Hafen Helgoland ist, muss 24 Stunden im Voraus, spätestens jedoch beim Auslaufen aus dem zuletzt angelaufenen Hafen oder sobald bekannt ist, dass Helgoland angelaufen wird, der zuständigen Hafenbehörde folgende Angaben melden: <DL Font="normal" Type="alpha"><DT>a)</DT><DD Font="normal"><LA Size="normal">Name und Adresse des Meldenden;</LA></DD><DT>b)</DT><DD Font="normal"><LA Size="normal">Identifikation des Schiffes (Name, Unterscheidungssignal, IMO-Schiffsidentifikationsnummer);</LA></DD><DT>c)</DT><DD Font="normal"><LA Size="normal">voraussichtliche Ankunftszeit;</LA></DD><DT>d)</DT><DD Font="normal"><LA Size="normal">voraussichtliche Zeit des Wiederauslaufens;</LA></DD><DT>e)</DT><DD Font="normal"><LA Size="normal">Gesamtzahl der an Bord befindlichen Personen.</LA></DD></DL></LA></DD><DT>4</DT><DD Font="normal"><LA Size="normal">(weggefallen)</LA></DD><DT>5</DT><DD Font="normal"><LA Size="normal">Maritime Verkehrssicherung</LA></DD><DT>5.1</DT><DD Font="normal"><LA Size="normal">Der Schiffsverkehr wird im Rahmen der maritimen Verkehrssicherung überwacht.</LA></DD><DT>5.2</DT><DD Font="normal"><LA Size="normal">Zur Gewährleistung einer sicheren Schiffsführung hat der Schiffsführer im Rahmen seiner seemännischen Sorgfaltspflicht gemäß Regel 2 der Kollisionsverhütungsregeln beim An- und Auslaufen die in deutscher, auf Anforderung in englischer Sprache gegebenen Verkehrsinformationen und -unterstützungen unverzüglich entsprechend den Bedingungen der jeweiligen Verkehrssituation zu berücksichtigen und den getroffenen Verkehrsregelungen nachzukommen.</LA></DD><DT>5.3</DT><DD Font="normal"><LA Size="normal">Die Tätigkeit der maritimen Verkehrssicherung entbindet den Schiffsführer nicht von der Pflicht, eigenverantwortlich die Kollisionsverhütungsregeln und im Bereich der deutschen Hoheitsbefugnisse die ergänzenden nationalen Sondervorschriften zu befolgen.</LA></DD><DT>6</DT><DD Font="normal"><LA Size="normal">Verpflichtung zur Benutzung des Verkehrstrennungsgebietes &quot;German Bight Western Approach&quot; (Tiefwasserweg)</LA><LA Size="normal">Von Westen die Innere Deutsche Bucht ansteuernde oder sie verlassende<DL Font="normal" Type="arabic"><DT>a)</DT><DD Font="normal"><LA Size="normal">Tankschiffe mit einer Bruttoraumzahl von mehr als 10 000, die Öle nach Anlage I des MARPOL-Übereinkommens befördern,</LA></DD><DT>b)</DT><DD Font="normal"><LA Size="normal">Tankschiffe mit einer Bruttoraumzahl von mehr als 10 000, die schädliche flüssige Stoffe der Gruppe Z nach Anlage II des MARPOL-Übereinkommens befördern,</LA></DD><DT>c)</DT><DD Font="normal"><LA Size="normal">Tankschiffe mit einer Bruttoraumzahl von mehr als 5 000, die schädliche flüssige Stoffe der Gruppe X oder Y nach Anlage II des MARPOL-Übereinkommens befördern,</LA></DD><DT>d)</DT><DD Font="normal"><LA Size="normal">Gastankschiffe mit einer Bruttoraumzahl von mehr als 10 000, die Flüssiggase befördern,</LA></DD></DL></LA><LA Size="normal">haben das Verkehrstrennungsgebiet &quot;German Bight Western Approach&quot; zu befahren.</LA></DD><DT>7</DT><DD Font="normal"><LA Size="normal">Wegerechtschiffe</LA></DD><DT>7.1</DT><DD Font="normal"><LA Size="normal">Schiffe, die die Innere Deutsche Bucht anlaufen, gelten als Wegerechtschiffe, wenn sie auf den Fahrtstrecken vom Feuerschiff &quot;GB&quot; oder von der Tiefwasserreede zur Jade, Weser oder Elbe auf Grund ihres Tiefgangs in den voraus liegenden Revieren tidegebunden fahren müssen und deshalb das Wegerecht in Anspruch nehmen. Sie haben dies der zuständigen Verkehrszentrale zu melden. Sie gelten als manövrierbehinderte Schiffe im Sinne der Regel 3 Buchstabe g der Kollisionsverhütungsregeln und haben die Lichter und Signalkörper nach Regel 27 Buchstabe b der Kollisionsverhütungsregeln zu führen.</LA></DD><DT>7.2</DT><DD Font="normal"><LA Size="normal">Die Revierfahrt darf nur dann angetreten werden, wenn in Absprache mit der zuständigen Verkehrszentrale der Tidefahrplan des zuständigen Wasserstraßen- und Schifffahrtsamtes eingehalten werden kann.</LA></DD><DT>8</DT><DD Font="normal"><LA Size="normal">Verpflichtung zur Annahme eines Lotsen</LA><LA Size="normal">Soweit in den Lotsverordnungen Elbe vom 8. April 2003 (BAnz. S. 9989), Weser/Jade vom 25. Februar 2003 (BAnz. S. 3702) und Ems vom 25. Februar 2003 (BAnz. S. 3703) in der jeweils geltenden Fassung nichts anderes bestimmt ist, haben in der Inneren Deutschen Bucht außerhalb des deutschen Küstenmeeres einen Seelotsen anzunehmen:<DL Font="normal" Type="arabic"><DT>a)</DT><DD Font="normal"><LA Size="normal">auf den Fahrtstrecken zu einem deutschen Hafen ab der Lotsenversetzposition bei Tonne &quot;GW/TG&quot; in Richtung Außenposition des Lotsenschiffes vor der Emsmündung:</LA><LA Size="normal">Tankschiffe im Sinne des Artikels 21 Abs. 1 der Schifffahrtsordnung Emsmündung vom 22. Dezember 1986 (BGBl.1987 II S. 141) in der jeweils geltenden Fassung mit einer Länge über alles von 150 m oder einer größten Breite von 23 m und mehr;</LA></DD><DT>b)</DT><DD Font="normal"><LA Size="normal">auf den Fahrtstrecken ab der Lotsenversetzposition im Verkehrstrennungsgebiet &quot;Jade Approach&quot; einkommend 5 Seemeilen nördlich der Tonne &quot;TG 18&quot; in Richtung Außenposition des Lotsenschiffes vor der Wesermündung:<DL Font="normal" Type="arabic"><DT>aa)</DT><DD Font="normal"><LA Size="normal">Tankschiffe im Sinne des § 30 Abs. 1 der Seeschifffahrtsstraßen-Ordnung mit einer Länge über alles von 150 m oder einer größten Breite von 23 m und mehr; mit einer Länge ab 300 m oder einem Tiefgang von 16,50 m und mehr sind zwei Seelotsen anzunehmen,</LA></DD><DT>bb)</DT><DD Font="normal"><LA Size="normal">andere Massengutschiffe mit einer Länge über alles von 250 m oder einer größten Breite von 40 m oder einem Tiefgang von 13,50 m und mehr,</LA></DD><DT>cc)</DT><DD Font="normal"><LA Size="normal">andere Seeschiffe mit einer Länge über alles von 350 m oder einer größten Breite von 45 m und mehr.</LA></DD></DL></LA></DD></DL></LA><LA Size="normal">Die in den jeweiligen Lotsverordnungen vorgesehenen Interpolationsmöglichkeiten hinsichtlich der Länge und Breite bleiben unberührt.</LA></DD><DT>9</DT><DD Font="normal"><LA Size="normal">(weggefallen)</LA></DD></DL></P></Content></text><fussnoten/></textdaten></norm>
<norm builddate="20240130215017" doknr="BJNR030010004BJNE000401308"><metadaten><jurabk>AnlBV 2004</jurabk><jurabk>AnlBV</jurabk><enbez>Anhang</enbez><titel format="XML">(zu § 1 Abs. 1 Nr. 1.17)</titel></metadaten><textdaten><text format="XML"><Content><P><ABWFORMAT typ="E"/><kommentar typ="Fundstelle">(Inhalt: Nicht darstellbare topographische Karte, <BR/>Fundstelle: BGBl. I 2005, 2297)</kommentar></P></Content>
</text><fussnoten/></textdaten></norm>
</dokumente>