<?xml version="1.0" encoding="UTF-8" ?><!DOCTYPE dokumente SYSTEM "http://www.gesetze-im-internet.de/dtd/1.01/gii-norm.dtd">
<dokumente builddate="20180524213046" doknr="BJNR274510017"><norm builddate="20180524213046" doknr="BJNR274510017"><metadaten><jurabk>VDG</jurabk><amtabk>VDG</amtabk><ausfertigung-datum manuell="ja">2017-07-18</ausfertigung-datum><fundstelle typ="amtlich"><periodikum>BGBl I</periodikum><zitstelle>2017, 2745</zitstelle></fundstelle><langue>Vertrauensdienstegesetz</langue><standangabe checked="ja"><standtyp>Stand</standtyp><standkommentar>Geändert durch Art. 2 G v. 18.7.2017 I 2745</standkommentar></standangabe></metadaten><textdaten><fussnoten><Content><P><BR/> <pre xml:space="preserve">(+++ Textnachweis ab: 29.7.2017 +++)<BR/>(+++ Zur Anwendung vgl. § 21 +++)<BR/><BR/></pre>Das G wurde als Artikel 1 des G v. 18.7.2017 I 2745 vom Bundestag mit Zustimmung des Bundesrates beschlossen. Es ist gem. Art. 12 Abs. 1 Satz 1 dieses G am 29.7.2017 in Kraft getreten.</P></Content></fussnoten></textdaten></norm>
<norm builddate="20180524213046" doknr="BJNR274510017BJNE000100000"><metadaten><jurabk>VDG</jurabk><enbez>Inhaltsübersicht</enbez></metadaten><textdaten><text format="XML"><TOC><Ident Class="S0">Teil 1</Ident><Title Align="auto" Class="S0">Allgemeine Bestimmungen</Title><table colsep="0" frame="none" pgwide="1" rowsep="0" tocentry="%yes;"><tgroup align="left" char="" charoff="50" cols="2"><colspec colname="col1" colwidth="10*"/><colspec colname="col2" colwidth="70*"/><tbody valign="top"><row><entry VJ="1" colname="col1">§  1</entry><entry VJ="1" colname="col2">Anwendungsbereich</entry></row><row><entry VJ="1" colname="col1">§  2</entry><entry VJ="1" colname="col2">Aufsichtsstelle; zuständige Stelle für die Informationssicherheit</entry></row><row><entry VJ="1" colname="col1">§  3</entry><entry VJ="1" colname="col2">Verfahren über eine einheitliche Stelle</entry></row><row><entry VJ="1" colname="col1">§  4</entry><entry VJ="1" colname="col2">Aufsichtsmaßnahmen; Untersagung des Betriebs</entry></row><row><entry VJ="1" colname="col1">§  5</entry><entry VJ="1" colname="col2">Mitwirkungspflichten der Vertrauensdiensteanbieter</entry></row><row><entry VJ="1" colname="col1">§  6</entry><entry VJ="1" colname="col2">Haftung</entry></row><row><entry VJ="1" colname="col1">§  7</entry><entry VJ="1" colname="col2">Barrierefreie Dienste</entry></row><row><entry VJ="1" colname="col1">§  8</entry><entry VJ="1" colname="col2">Datenschutz</entry></row></tbody></tgroup></table><Ident Class="S0">Teil 2</Ident><Title Align="auto" Class="S0">Allgemeine Vorschriften <BR/>für qualifizierte Vertrauensdienste</Title><table colsep="0" frame="none" pgwide="1" rowsep="0" tocentry="%yes;"><tgroup align="left" char="" charoff="50" cols="2"><colspec colname="col1" colwidth="10*"/><colspec colname="col2" colwidth="70*"/><tbody valign="top"><row><entry VJ="1" colname="col1">§  9</entry><entry VJ="1" colname="col2">Vertrauenslisten</entry></row><row><entry VJ="1" colname="col1">§ 10</entry><entry VJ="1" colname="col2">Deckungsvorsorge</entry></row><row><entry VJ="1" colname="col1">§ 11</entry><entry VJ="1" colname="col2">Identitätsprüfung</entry></row><row><entry VJ="1" colname="col1">§ 12</entry><entry VJ="1" colname="col2">Attribute in qualifizierten Zertifikaten für elektronische Signaturen und Siegel</entry></row><row><entry VJ="1" colname="col1">§ 13</entry><entry VJ="1" colname="col2">Unterrichtung über Sicherheitsmaßnahmen und Rechtswirkungen</entry></row><row><entry VJ="1" colname="col1">§ 14</entry><entry VJ="1" colname="col2">Widerruf qualifizierter Zertifikate</entry></row><row><entry VJ="1" colname="col1">§ 15</entry><entry VJ="1" colname="col2">Langfristige Beweiserhaltung</entry></row><row><entry VJ="1" colname="col1">§ 16</entry><entry VJ="1" colname="col2">Beendigungsplan; auf Dauer prüfbare Vertrauensdienste</entry></row></tbody></tgroup></table><Ident Class="S0">Teil 3</Ident><Title Align="auto" Class="S0">Qualifizierte <BR/>elektronische Signaturen und Siegel</Title><table colsep="0" frame="none" pgwide="1" rowsep="0" tocentry="%yes;"><tgroup align="left" char="" charoff="50" cols="2"><colspec colname="col1" colwidth="10*"/><colspec colname="col2" colwidth="70*"/><tbody valign="top"><row><entry VJ="1" colname="col1">§ 17</entry><entry VJ="1" colname="col2">Benannte Stellen nach Artikel 30 Absatz 1 der Verordnung (EU) Nr. 910/2014</entry></row></tbody></tgroup></table><Ident Class="S0">Teil 4</Ident><Title Align="auto" Class="S0">Qualifizierte Dienste <BR/>für die Zustellung elektronischer Einschreiben</Title><table colsep="0" frame="none" pgwide="1" rowsep="0" tocentry="%yes;"><tgroup align="left" char="" charoff="50" cols="2"><colspec colname="col1" colwidth="10*"/><colspec colname="col2" colwidth="70*"/><tbody valign="top"><row><entry VJ="1" colname="col1">§ 18</entry><entry VJ="1" colname="col2">Dienste für die Zustellung elektronischer Einschreiben</entry></row></tbody></tgroup></table><Ident Class="S0">Teil 5</Ident><Title Align="auto" Class="S0">Schlussvorschriften</Title><table colsep="0" frame="none" pgwide="1" rowsep="0" tocentry="%yes;"><tgroup align="left" char="" charoff="50" cols="2"><colspec colname="col1" colwidth="10*"/><colspec colname="col2" colwidth="70*"/><tbody valign="top"><row><entry VJ="1" colname="col1">§ 19</entry><entry VJ="1" colname="col2">Bußgeldvorschriften</entry></row><row><entry VJ="1" colname="col1">§ 20</entry><entry VJ="1" colname="col2">Verordnungsermächtigung</entry></row><row><entry VJ="1" colname="col1">§ 21</entry><entry VJ="1" colname="col2">Übergangsvorschrift</entry></row></tbody></tgroup></table></TOC></text></textdaten></norm>
<norm builddate="20180524213046" doknr="BJNR274510017BJNG000100000"><metadaten><jurabk>VDG</jurabk><gliederungseinheit><gliederungskennzahl>010</gliederungskennzahl><gliederungsbez>Teil 1</gliederungsbez><gliederungstitel>Allgemeine Bestimmungen</gliederungstitel></gliederungseinheit></metadaten><textdaten/></norm>
<norm builddate="20180524213046" doknr="BJNR274510017BJNE000200000"><metadaten><jurabk>VDG</jurabk><enbez>§ 1</enbez><titel format="XML">Anwendungsbereich</titel></metadaten><textdaten><text format="XML"><Content><P>(1) Dieses Gesetz regelt die wirksame Durchführung der Vorschriften über Vertrauensdienste in der Verordnung (EU) Nr. 910/2014 des Europäischen Parlaments und des Rates vom 23. Juli 2014 über elektronische Identifizierung und Vertrauensdienste für elektronische Transaktionen im Binnenmarkt und zur Aufhebung der Richtlinie 1999/93/EG (ABl. L 257 vom 28.8.2014, S. 73) in der jeweils geltenden Fassung.</P><P>(2) Unberührt bleiben Rechtsvorschriften, die die Nutzung bestimmter Vertrauensdienste und die hierfür zu verwendenden Produkte regeln.</P></Content></text></textdaten></norm>
<norm builddate="20180524213046" doknr="BJNR274510017BJNE000300000"><metadaten><jurabk>VDG</jurabk><enbez>§ 2</enbez><titel format="XML">Aufsichtsstelle; zuständige Stelle für die Informationssicherheit</titel></metadaten><textdaten><text format="XML"><Content><P>(1) Die Aufgaben der Aufsichtsstelle nach Artikel 17 der Verordnung (EU) Nr. 910/2014 und nach diesem Gesetz sowie nach der Rechtsverordnung nach § 20 obliegen <DL Type="arabic"><DT>1.</DT><DD Font="normal"><LA>der Bundesnetzagentur für Elektrizität, Gas, Telekommunikation, Post und Eisenbahnen (Bundesnetzagentur) für die Bereiche <DL Type="alpha"><DT>a)</DT><DD Font="normal"><LA>Erstellung, Überprüfung und Validierung elektronischer Signaturen, elektronischer Siegel oder elektronischer Zeitstempel und Dienste für die Zustellung elektronischer Einschreiben sowie von diese Dienste betreffenden Zertifikaten nach Artikel 3 Nummer 16 Buchstabe a der Verordnung (EU) Nr. 910/2014 und</LA></DD><DT>b)</DT><DD Font="normal"><LA>Bewahrung von diese Dienste betreffenden elektronischen Signaturen, Siegeln oder Zertifikaten nach Artikel 3 Nummer 16 Buchstabe c der Verordnung (EU) Nr. 910/2014 und</LA></DD></DL></LA></DD><DT>2.</DT><DD Font="normal"><LA>dem Bundesamt für Sicherheit in der Informationstechnik für den Bereich Erstellung, Überprüfung und Validierung von Zertifikaten für die Website-Authentifizierung nach Artikel 3 Nummer 16 Buchstabe b der Verordnung (EU) Nr. 910/2014.</LA></DD></DL></P><P>(2) Von der Aufgabenzuweisung an die Bundesnetzagentur unberührt bleiben die Aufgaben des Bundesamtes für Sicherheit in der Informationstechnik nach dem BSI-Gesetz und nach weiteren Fachgesetzen, insbesondere <DL Type="arabic"><DT>1.</DT><DD Font="normal"><LA>bei der Erstellung technischer Standards in nationalen, europäischen und internationalen Gremien in Abstimmung mit der Bundesnetzagentur,</LA></DD><DT>2.</DT><DD Font="normal"><LA>die Bewertung von Algorithmen und zugehörigen Parametern sowie</LA></DD><DT>3.</DT><DD Font="normal"><LA>die Erstellung technischer Vorgaben und die Bewertung technischer Standards für den Einsatz von Vertrauensdiensten in Digitalisierungsvorhaben nach Maßgabe der entsprechenden Fachgesetze.</LA></DD></DL></P><P>(3) Das Bundesamt für Sicherheit in der Informationstechnik ist die für die Informationssicherheit zuständige nationale Stelle im Sinne von Artikel 19 Absatz 2 der Verordnung (EU) Nr. 910/2014.</P></Content></text></textdaten></norm>
<norm builddate="20180524213046" doknr="BJNR274510017BJNE000400000"><metadaten><jurabk>VDG</jurabk><enbez>§ 3</enbez><titel format="XML">Verfahren über eine einheitliche Stelle</titel></metadaten><textdaten><text format="XML"><Content><P>Verwaltungsverfahren nach diesem Gesetz oder nach der Rechtsverordnung nach § 20 können über eine einheitliche Stelle im Sinne des Verwaltungsverfahrensgesetzes abgewickelt werden.</P></Content></text></textdaten></norm>
<norm builddate="20180524213046" doknr="BJNR274510017BJNE000500000"><metadaten><jurabk>VDG</jurabk><enbez>§ 4</enbez><titel format="XML">Aufsichtsmaßnahmen; Untersagung des Betriebs</titel></metadaten><textdaten><text format="XML"><Content><P>(1) Ergänzend zu den Aufgaben aus der Verordnung (EU) Nr. 910/2014 obliegt der Aufsichtsstelle auch die Aufsicht über die Einhaltung dieses Gesetzes sowie der Rechtsverordnung nach § 20.</P><P>(2) Die Aufsichtsstelle kann gegenüber Vertrauensdiensteanbietern die erforderlichen Maßnahmen zur Einhaltung dieses Gesetzes sowie der Rechtsverordnung nach § 20 treffen. Zur Einhaltung dieses Gesetzes sowie der Rechtsverordnung nach § 20 kann sie von Vertrauensdiensteanbietern Nachweise anfordern und selbst Überprüfungen vornehmen. Im Übrigen stehen der Aufsichtsstelle die Maßnahmen nach der Verordnung (EU) Nr. 910/2014, insbesondere nach Artikel 17 Absatz 4, auch zur Durchsetzung dieses Gesetzes sowie der Rechtsverordnung nach § 20 zur Verfügung.</P><P>(3) Die Aufsichtsstelle kann einem Vertrauensdiensteanbieter den Betrieb vorübergehend, teilweise oder ganz untersagen, wenn <DL Type="arabic"><DT>1.</DT><DD Font="normal"><LA>Maßnahmen nach Artikel 17 Absatz 4 Buchstabe j der Verordnung (EU) Nr. 910/2014 keinen Erfolg versprechen und</LA></DD><DT>2.</DT><DD Font="normal"><LA>Tatsachen die Annahme rechtfertigen, dass der Anbieter die Voraussetzungen für den Betrieb eines Vertrauensdienstes nach der Verordnung (EU) <NB>Nr. 910/2014</NB> sowie nach diesem Gesetz und nach der Rechtsverordnung nach § 20 nicht erfüllt.</LA></DD></DL></P></Content></text></textdaten></norm>
<norm builddate="20180524213046" doknr="BJNR274510017BJNE000600000"><metadaten><jurabk>VDG</jurabk><enbez>§ 5</enbez><titel format="XML">Mitwirkungspflichten der Vertrauensdiensteanbieter</titel></metadaten><textdaten><text format="XML"><Content><P>(1) Zur Prüfung der Einhaltung ihrer Verpflichtungen haben der Vertrauensdiensteanbieter und die für ihn tätigen Dritten den Bediensteten und Beauftragten <DL Type="arabic"><DT>1.</DT><DD Font="normal"><LA>der Aufsichtsstelle das Betreten der Geschäfts- und Betriebsräume während der üblichen Betriebszeiten zu gestatten,</LA></DD><DT>2.</DT><DD Font="normal"><LA>der Aufsichtsstelle auf Verlangen die in Betracht kommenden Bücher, Aufzeichnungen, Belege, Schriftstücke und sonstigen Unterlagen zur Einsicht vorzulegen, auch soweit sie in elektronischer Form geführt werden,</LA></DD><DT>3.</DT><DD Font="normal"><LA>der Aufsichtsstelle Auskunft zu erteilen und</LA></DD><DT>4.</DT><DD Font="normal"><LA>der Aufsichtsstelle die erforderliche Unterstützung zu gewähren.</LA></DD></DL></P><P>(2) Die zur Erteilung einer Auskunft verpflichtete natürliche Person kann die Auskunft auf solche Fragen verweigern, deren Beantwortung sie selbst oder einen der in § 52 Absatz 1 der Strafprozessordnung bezeichneten Angehörigen der Gefahr der Verfolgung wegen einer Straftat oder eines Verfahrens nach dem Gesetz über Ordnungswidrigkeiten aussetzen würde. Hierüber ist die Person zu belehren. Die Vorschriften über die Glaubhaftmachung des Verweigerungsgrundes nach § 56 der Strafprozessordnung sind entsprechend anzuwenden. Die Sätze 1 und 2 gelten für die Vorlage von Unterlagen entsprechend.</P></Content></text></textdaten></norm>
<norm builddate="20180524213046" doknr="BJNR274510017BJNE000700000"><metadaten><jurabk>VDG</jurabk><enbez>§ 6</enbez><titel format="XML">Haftung</titel></metadaten><textdaten><text format="XML"><Content><P>Ein Vertrauensdiensteanbieter haftet für Dritte, die er mit Aufgaben nach der Verordnung (EU) Nr. 910/2014, nach diesem Gesetz und nach der Rechtsverordnung nach § 20 beauftragt hat, wie für eigenes Handeln. Die Vorschrift zum Nichteintritt der Ersatzpflicht nach § 831 Absatz 1 Satz 2 des Bürgerlichen Gesetzbuchs ist nicht anzuwenden.</P></Content></text></textdaten></norm>
<norm builddate="20180524213046" doknr="BJNR274510017BJNE000800000"><metadaten><jurabk>VDG</jurabk><enbez>§ 7</enbez><titel format="XML">Barrierefreie Dienste</titel></metadaten><textdaten><text format="XML"><Content><P>(1) Soweit möglich, haben Vertrauensdiensteanbieter die von ihnen angebotenen Vertrauensdienste für Menschen mit Behinderungen zugänglich und nutzbar zu machen. Soweit sie für die Nutzung der Vertrauensdienste erforderliche Endnutzerprodukte von Drittanbietern anbieten, haben sie, soweit möglich, auch mindestens ein marktübliches Endnutzerprodukt für Menschen mit Behinderungen anzubieten. Bei der Bewertung der Durchführbarkeit von Maßnahmen nach den Sätzen 1 und 2 sind auch technische und wirtschaftliche Belange zu berücksichtigen.</P><P>(2) Die Vertrauensdiensteanbieter haben auf ihrer Internetseite über die von ihnen vorgenommenen Maßnahmen zur Barrierefreiheit der Vertrauensdienste und der zur Erbringung solcher Dienste verwendeten Endnutzerprodukte zu informieren. Außerdem haben sie dort Hinweise zu geben, die die Nutzung der von ihnen angebotenen Vertrauensdienste und der hierbei verwendeten Endnutzerprodukte durch Menschen mit Behinderungen erleichtern. Diese Informationen und Hinweise sowie die Informationen, die sich an alle Verbraucher richten, müssen nach Maßgabe der Rechtsverordnung nach § 20 barrierefrei zugänglich und nutzbar sein.</P><P>(3) Barrieren können von jedermann der Aufsichtsstelle gemeldet werden.</P></Content></text></textdaten></norm>
<norm builddate="20180524213046" doknr="BJNR274510017BJNE000901123"><metadaten><jurabk>VDG</jurabk><enbez>§ 8</enbez><titel format="XML">Datenschutz</titel></metadaten><textdaten><text format="XML"><Content><P>(1) Unbeschadet anderer Rechtsgrundlagen dürfen Vertrauensdiensteanbieter auch bei Dritten personenbezogene Daten verarbeiten, soweit dies für die Erbringung, einschließlich der Prüfung und Sicherstellung der rechtlichen Gültigkeit, des jeweiligen Vertrauensdienstes erforderlich ist.</P><P>(2) Der Vertrauensdiensteanbieter darf personenbezogene Daten einer Person, die Vertrauensdienste nutzt, den zuständigen Stellen übermitteln, <DL Type="arabic"><DT>1.</DT><DD Font="normal"><LA>soweit die zuständigen Stellen die Übermittlung nach Maßgabe der hierfür geltenden Bestimmungen verlangen, da die Übermittlung erforderlich ist <DL Type="alpha"><DT>a)</DT><DD Font="normal"><LA>für die Verfolgung von Straftaten oder Ordnungswidrigkeiten,</LA></DD><DT>b)</DT><DD Font="normal"><LA>zur Abwehr von Gefahren für die öffentliche Sicherheit oder Ordnung oder</LA></DD><DT>c)</DT><DD Font="normal"><LA>für die Erfüllung der gesetzlichen Aufgaben der Verfassungsschutzbehörden des Bundes und der Länder, des Bundesnachrichtendienstes, des Militärischen Abschirmdienstes oder der Finanzbehörden, oder</LA></DD></DL></LA></DD><DT>2.</DT><DD Font="normal"><LA>soweit Gerichte die Übermittlung im Rahmen anhängiger Verfahren nach Maßgabe der hierfür geltenden Bestimmungen anordnen.</LA></DD></DL>Die Berechtigung zur Datenübermittlung nach Satz 1 Nummer 1 gilt nicht, soweit sie durch andere Gesetze ausdrücklich ausgeschlossen ist.</P><P>(3) Die Vertrauensdiensteanbieter haben die Übermittlung zu dokumentieren. Die Dokumentation ist zwölf Monate aufzubewahren.</P><P>(4) Hat die zuständige Stelle ein Verlangen nach Datenübermittlung nach Absatz 2 Nummer 1 gestellt, so unterrichtet sie die betroffene Person über die erfolgte Übermittlung der Daten. Von der Unterrichtung kann abgesehen werden, solange die Wahrnehmung der gesetzlichen Aufgaben gefährdet würde und solange das Interesse der betroffenen Person an der Unterrichtung nicht überwiegt. Fünf Jahre nach der Übermittlung kann endgültig von der Benachrichtigung abgesehen werden, wenn die Voraussetzungen für die Benachrichtigung mit an Sicherheit grenzender Wahrscheinlichkeit auch in Zukunft nicht eintreten werden.</P><P>(5) Die allgemeinen Datenschutzanforderungen bleiben unberührt.</P></Content></text><fussnoten/></textdaten></norm>
<norm builddate="20180524213046" doknr="BJNR274510017BJNG000200000"><metadaten><jurabk>VDG</jurabk><gliederungseinheit><gliederungskennzahl>020</gliederungskennzahl><gliederungsbez>Teil 2</gliederungsbez><gliederungstitel>Allgemeine Vorschriften für qualifizierte Vertrauensdienste</gliederungstitel></gliederungseinheit></metadaten><textdaten/></norm>
<norm builddate="20180524213046" doknr="BJNR274510017BJNE001000000"><metadaten><jurabk>VDG</jurabk><enbez>§ 9</enbez><titel format="XML">Vertrauenslisten</titel></metadaten><textdaten><text format="XML"><Content><P>Die Bundesetzagentur ist für die Aufstellung, Führung und Veröffentlichung von Vertrauenslisten nach Artikel 22 Absatz 1 der Verordnung (EU) Nr. 910/2014 zuständig.</P></Content></text></textdaten></norm>
<norm builddate="20180524213046" doknr="BJNR274510017BJNE001100000"><metadaten><jurabk>VDG</jurabk><enbez>§ 10</enbez><titel format="XML">Deckungsvorsorge</titel></metadaten><textdaten><text format="XML"><Content><P>Die Mindestsumme für die gemäß Artikel 24 Absatz 2 Buchstabe c der Verordnung (EU) Nr. 910/2014 erforderliche angemessene Deckungsvorsorge beträgt jeweils 250 000 Euro für einen Schaden, der durch ein haftungsauslösendes Ereignis gemäß Artikel 13 der Verordnung (EU) Nr. 910/2014 verursacht worden ist.</P></Content></text></textdaten></norm>
<norm builddate="20180524213046" doknr="BJNR274510017BJNE001200000"><metadaten><jurabk>VDG</jurabk><enbez>§ 11</enbez><titel format="XML">Identitätsprüfung</titel></metadaten><textdaten><text format="XML"><Content><P>(1) Die Bundesnetzagentur legt nach Anhörung der betroffenen Kreise und im Einvernehmen mit dem Bundesamt für Sicherheit in der Informationstechnik durch Verfügung im Amtsblatt fest, welche sonstigen Identifizierungsmethoden im Sinne des Artikels 24 Absatz 1 Unterabsatz 2 Buchstabe d Satz 1 der Verordnung (EU) Nr. 910/2014 anerkannt sind und welche Mindestanforderungen dafür jeweils gelten.</P><P>(2) Die Bundesnetzagentur überprüft die Verfügung nach Absatz 1 regelmäßig im Abstand von vier Jahren sowie <DL Type="arabic"><DT>1.</DT><DD Font="normal"><LA>bei der begründeten Annahme, dass Methoden nicht mehr hinreichend sicher sind, oder</LA></DD><DT>2.</DT><DD Font="normal"><LA>auf Ersuchen des Bundesamtes für Sicherheit in der Informationstechnik.</LA></DD></DL></P><P>(3) Innovative Identifizierungsmethoden, die noch nicht durch Verfügung im Amtsblatt anerkannt sind, können von der Bundesnetzagentur im Einvernehmen mit dem Bundesamt für Sicherheit in der Informationstechnik und nach Anhörung der Bundesbeauftragten für den Datenschutz und die Informationsfreiheit für einen Zeitraum von bis zu zwei Jahren vorläufig anerkannt werden, sofern eine Konformitätsbewertungsstelle die gleichwertige Sicherheit der Identifizierungsmethode im Sinne des Artikels 24 Absatz 1 Unterabsatz 2 Buchstabe d der Verordnung (EU) Nr. 910/2014 bestätigt hat. Die Bundesnetzagentur veröffentlicht die vorläufig anerkannten Identifizierungsmethoden auf ihrer Internetseite. Die Bundesnetzagentur und das Bundesamt für Sicherheit in der Informationstechnik überwachen die Eignung der vorläufig anerkannten Identifizierungsmethoden über den gesamten Zeitraum der vorläufigen Anerkennung. Werden durch die Überwachung sicherheitsrelevante Risiken bei der vorläufig anerkannten Identifizierungsmethode erkannt, so kann die Aufsichtsstelle im Einvernehmen mit dem Bundesamt für Sicherheit in der Informationstechnik dem qualifizierten Vertrauensdiensteanbieter die Behebung dieser Risiken durch ergänzende Maßnahmen auferlegen, sofern dies sicherheitstechnisch sinnvoll ist. Lässt sich durch ergänzende Maßnahmen keine hinreichende Sicherheit der vorläufig anerkannten Identifizierungsmethode gewährleisten, so soll die Aufsichtsstelle dem qualifizierten Vertrauensdiensteanbieter die Nutzung dieser Identifizierungsmethode untersagen.</P><P>(4) Der qualifizierte Vertrauensdiensteanbieter darf nach Maßgabe der datenschutzrechtlichen Bestimmungen personenbezogene Daten nutzen, die zu einem früheren Zeitpunkt im Rahmen einer ordnungsgemäßen Identitätsprüfung erhoben wurden, sofern und soweit diese Daten zum Zeitpunkt der Antragstellung die zuverlässige Identitätsfeststellung des Antragstellers gewährleisten.</P></Content></text></textdaten></norm>
<norm builddate="20180524213046" doknr="BJNR274510017BJNE001300000"><metadaten><jurabk>VDG</jurabk><enbez>§ 12</enbez><titel format="XML">Attribute in qualifizierten Zertifikaten für elektronische Signaturen und Siegel</titel></metadaten><textdaten><text format="XML"><Content><P>(1) Ein qualifiziertes Zertifikat für elektronische Signaturen kann auf Verlangen eines Antragstellers folgende Attribute enthalten: <DL Type="arabic"><DT>1.</DT><DD Font="normal"><LA>Angaben über die Vertretungsmacht des Antragstellers für eine dritte Person,</LA></DD><DT>2.</DT><DD Font="normal"><LA>amts- und berufsbezogene oder sonstige Angaben zur Person des Antragstellers und</LA></DD><DT>3.</DT><DD Font="normal"><LA>weitere personenbezogene Angaben.</LA></DD></DL>Angaben über die Vertretungsmacht dürfen nur dann in das qualifizierte Zertifikat aufgenommen werden, wenn dem qualifizierten Vertrauensdiensteanbieter die Einwilligung der dritten Person nachgewiesen wird. Amts- und berufsbezogene oder sonstige Angaben zur Person des Antragstellers dürfen nur dann in das qualifizierte Zertifikat aufgenommen werden, wenn die jeweils zuständige Stelle die Angaben bestätigt hat. Weitere personenbezogene Angaben dürfen in ein qualifiziertes Zertifikat nur mit Einwilligung des Betroffenen aufgenommen werden.</P><P>(2) Soll in das qualifizierte Zertifikat anstelle des Namens ein Pseudonym eingetragen werden, so sind Angaben über eine Vertretungsmacht für eine dritte Person oder amts- und berufsbezogene oder sonstige Angaben zur Person nur zulässig, wenn eine Einwilligung der dritten Person oder der jeweils zuständigen Stelle zur Verwendung des Pseudonyms vorliegt.</P><P>(3) Die Absätze 1 und 2 gelten entsprechend für qualifizierte Zertifikate für elektronische Siegel. Attribute in qualifizierten Zertifikaten für elektronische Siegel können auch die Vertretungsverhältnisse innerhalb der antragstellenden juristischen Person enthalten, sofern diese Vertretungsverhältnisse dem qualifizierten Vertrauensdiensteanbieter nachgewiesen werden.</P></Content></text></textdaten></norm>
<norm builddate="20180524213046" doknr="BJNR274510017BJNE001400000"><metadaten><jurabk>VDG</jurabk><enbez>§ 13</enbez><titel format="XML">Unterrichtung über Sicherheitsmaßnahmen und Rechtswirkungen</titel></metadaten><textdaten><text format="XML"><Content><P>(1) Der qualifizierte Vertrauensdiensteanbieter hat die Personen, die er nach Artikel 24 Absatz 2 Buchstabe d der Verordnung (EU) Nr. 910/2014 über die Nutzungsbedingungen zu unterrichten hat, weil sie einen qualifizierten Vertrauensdienst nutzen wollen, auch <DL Type="arabic"><DT>1.</DT><DD Font="normal"><LA>über die Maßnahmen zu unterrichten, die erforderlich sind, um zur Sicherheit der angebotenen qualifizierten Vertrauensdienste und deren zuverlässiger Nutzung beizutragen, und dabei auf entsprechende Informationsmöglichkeiten hinzuweisen, insbesondere auf Informationsangebote der Hersteller von Produkten für qualifizierte Vertrauensdienste und auf Informationsangebote der Aufsichtsstellen,</LA></DD><DT>2.</DT><DD Font="normal"><LA>darauf hinzuweisen, dass entsprechend § 15 qualifiziert elektronisch signierte, gesiegelte oder zeitgestempelte Daten bei Bedarf durch geeignete Maßnahmen neu zu schützen sind, bevor der Sicherheitswert der vorhandenen Signaturen, Siegel oder Zeitstempel durch Zeitablauf geringer wird, und</LA></DD><DT>3.</DT><DD Font="normal"><LA>über die Rechtswirkungen der angebotenen qualifizierten Vertrauensdienste zu unterrichten.</LA></DD></DL></P><P>(2) Soweit eine Person, die einen qualifizierten Vertrauensdienst nutzen will, bereits zu einem früheren Zeitpunkt nach Artikel 24 Absatz 2 Buchstabe d der Verordnung (EU) Nr. 910/2014 sowie nach Absatz 1 unterrichtet worden ist und sich keine Änderungen ergeben haben, kann eine erneute Unterrichtung unterbleiben.</P></Content></text></textdaten></norm>
<norm builddate="20180524213046" doknr="BJNR274510017BJNE001500000"><metadaten><jurabk>VDG</jurabk><enbez>§ 14</enbez><titel format="XML">Widerruf qualifizierter Zertifikate</titel></metadaten><textdaten><text format="XML"><Content><P>(1) Der qualifizierte Vertrauensdiensteanbieter hat ein noch gültiges qualifiziertes Zertifikat insbesondere dann unverzüglich zu widerrufen, wenn <DL Type="arabic"><DT>1.</DT><DD Font="normal"><LA>die Person, der das qualifizierte Zertifikat ausgestellt wurde, es verlangt,</LA></DD><DT>2.</DT><DD Font="normal"><LA>das qualifizierte Zertifikat auf Grund falscher Angaben zu den Anhängen I, III und IV der Verordnung (EU) Nr. 910/2014 ausgestellt wurde,</LA></DD><DT>3.</DT><DD Font="normal"><LA>er seine Tätigkeit beendet und diese nicht von einem anderen qualifizierten Vertrauensdiensteanbieter fortgeführt wird oder</LA></DD><DT>4.</DT><DD Font="normal"><LA>Tatsachen die Annahme rechtfertigen, dass <DL Type="alpha"><DT>a)</DT><DD Font="normal"><LA>das qualifizierte Zertifikat gefälscht oder nicht hinreichend fälschungssicher ist oder</LA></DD><DT>b)</DT><DD Font="normal"><LA>die verwendeten qualifizierten elektronischen Signaturerstellungseinheiten oder qualifizierten elektronischen Siegelerstellungseinheiten Sicherheitsmängel aufweisen.</LA></DD></DL></LA></DD></DL>Weitere Widerrufsgründe können vertraglich vereinbart werden. Wurde ein qualifiziertes Zertifikat mit falschen Angaben ausgestellt, so kann der qualifizierte Vertrauensdiensteanbieter dies zusätzlich kenntlich machen.</P><P>(2) Enthält ein qualifiziertes Zertifikat Attribute nach § 12 Absatz 1 oder § 12 Absatz 3 Satz 2, so kann auch die dritte Person oder die für die amts- und berufsbezogenen oder sonstigen Angaben zur Person zuständige Stelle einen Widerruf des Zertifikats verlangen, wenn <DL Type="arabic"><DT>1.</DT><DD Font="normal"><LA>die Vertretungsmacht entfällt oder</LA></DD><DT>2.</DT><DD Font="normal"><LA>die Voraussetzungen für die amts- und berufsbezogenen oder sonstigen Angaben zur Person nach Aufnahme in das qualifizierte Zertifikat entfallen.</LA></DD></DL></P><P>(3) Liegen die in Absatz 1 Satz 1 Nummer 3 oder eine der in Absatz 1 Satz 1 Nummer 4 genannten Voraussetzungen vor, so kann die Aufsichtsstelle den Widerruf eines qualifizierten Zertifikats anordnen.</P></Content></text></textdaten></norm>
<norm builddate="20180524213046" doknr="BJNR274510017BJNE001600000"><metadaten><jurabk>VDG</jurabk><enbez>§ 15</enbez><titel format="XML">Langfristige Beweiserhaltung</titel></metadaten><textdaten><text format="XML"><Content><P>Sofern hierfür Bedarf besteht, sind qualifiziert elektronisch signierte, gesiegelte oder zeitgestempelte Daten durch geeignete Maßnahmen neu zu schützen, bevor der Sicherheitswert der vorhandenen Signaturen, Siegel oder Zeitstempel durch Zeitablauf geringer wird. Die neue Sicherung muss nach dem Stand der Technik erfolgen.</P></Content></text></textdaten></norm>
<norm builddate="20180524213046" doknr="BJNR274510017BJNE001700000"><metadaten><jurabk>VDG</jurabk><enbez>§ 16</enbez><titel format="XML">Beendigungsplan; auf Dauer prüfbare Vertrauensdienste</titel></metadaten><textdaten><text format="XML"><Content><P>(1) In dem Beendigungsplan nach Artikel 24 Absatz 2 Buchstabe i der Verordnung (EU) Nr. 910/2014 hat ein qualifizierter Vertrauensdiensteanbieter alle erforderlichen Maßnahmen vorzusehen, damit bei Einstellung der Tätigkeit, bei Entzug des Qualifikationsstatus oder wenn die Eröffnung eines Insolvenzverfahrens beantragt und die Tätigkeit nicht fortgesetzt wird, alle von ihm ausgegebenen qualifizierten Zertifikate im Zusammenhang mit elektronischen Signaturen und Siegeln sowie Zertifikate im Zusammenhang mit Anhang I Buchstabe g, Anhang III Buchstabe g und Artikel 42 Absatz 1 Buchstabe c der Verordnung (EU) <NB>Nr. 910/2014</NB> einschließlich der Widerrufsinformationen <DL Type="arabic"><DT>1.</DT><DD Font="normal"><LA>von einem anderen qualifizierten Vertrauensdiensteanbieter übernommen werden können oder</LA></DD><DT>2.</DT><DD Font="normal"><LA>von der Bundesnetzagentur in die Vertrauensinfrastruktur nach Absatz 5 übernommen werden können.</LA></DD></DL>Im Falle von Satz 1 Nummer 2 hat der qualifizierte Vertrauensdiensteanbieter die noch gültigen Zertifikate vor der Übermittlung an die Bundesnetzagentur zu widerrufen. Er hat in jedem Fall sicherzustellen, dass die dazugehörigen Aufzeichnungen nach Artikel 24 Absatz 2 Buchstabe h der Verordnung (EU) Nr. 910/2014 an den Übernehmenden übermittelt werden.</P><P>(2) Im Beendigungsplan hat der qualifizierte Vertrauensdiensteanbieter auch Vorkehrungen zu treffen, um die Inhaber der in Absatz 1 Satz 1 genannten Zertifikate, soweit möglich, mindestens zwei Monate im Voraus über die Einstellung seiner Tätigkeit und über die Übernahme seiner Zertifikate zu benachrichtigen.</P><P>(3) In den Fällen des Absatzes 1 Satz 1 Nummer 2 erteilt die Bundesnetzagentur bei Vorliegen eines berechtigten Interesses Auskunft zu den Aufzeichnungen, soweit dies technisch und ohne unverhältnismäßig großen Aufwand möglich ist. Ein darüber hinausgehendes Auskunftsrecht gemäß § 19 des Bundesdatenschutzgesetzes und nach Artikel 15 der Verordnung (EU) 2016/679 bleibt hiervon unberührt.</P><P>(4) Qualifizierte Vertrauensdiensteanbieter haben für die gesamte Zeit ihres Betriebs <DL Type="arabic"><DT>1.</DT><DD Font="normal"><LA>die in Absatz 1 Satz 1 genannten Zertifikate auch über den Zeitraum ihrer Gültigkeit hinaus zusammen mit den dazugehörigen Widerrufsinformationen in einer Zertifikatsdatenbank nach Artikel 24 Absatz 2 Buchstabe k und Absatz 4 der Verordnung (EU) Nr. 910/2014 zu führen und</LA></DD><DT>2.</DT><DD Font="normal"><LA>die dazugehörigen Aufzeichnungen nach Artikel 24 Absatz 2 Buchstabe h der Verordnung (EU) <NB>Nr. 910/2014</NB> aufzubewahren.</LA></DD></DL></P><P>(5) Die Bundesnetzagentur hat eine Vertrauensinfrastruktur zur dauerhaften Prüfbarkeit qualifizierter elektronischer Zertifikate und qualifizierter elektronischer Zeitstempel einzurichten, zu unterhalten und laufend zu aktualisieren. Näheres regelt die Rechtsverordnung nach § 20 Absatz 2 Nummer 5.</P></Content></text><fussnoten><Content><P>(+++ § 16 Abs. 1: Zur Anwendung vgl. § 21 +++)</P></Content></fussnoten></textdaten></norm>
<norm builddate="20180524213046" doknr="BJNR274510017BJNG000300000"><metadaten><jurabk>VDG</jurabk><gliederungseinheit><gliederungskennzahl>030</gliederungskennzahl><gliederungsbez>Teil 3</gliederungsbez><gliederungstitel>Qualifizierte elektronische Signaturen und Siegel</gliederungstitel></gliederungseinheit></metadaten><textdaten/></norm>
<norm builddate="20180524213046" doknr="BJNR274510017BJNE001800000"><metadaten><jurabk>VDG</jurabk><enbez>§ 17</enbez><titel format="XML">Benannte Stellen nach Artikel 30 Absatz 1 der Verordnung (EU) Nr. 910/2014</titel></metadaten><textdaten><text format="XML"><Content><P>(1) Die Bundesnetzagentur benennt auf Antrag eine Organisation als private Stelle gemäß Artikel 30 Absatz 1 der Verordnung (EU) Nr. 910/2014 sowie gemäß Artikel 39 Absatz 2 in Verbindung mit Artikel 30 Absatz 1 der Verordnung (EU) Nr. 910/2014, sofern die Akkreditierungsstelle nach § 1 Absatz 1 des Akkreditierungsstellengesetzes durch Akkreditierung festgestellt hat, dass die private Stelle die erforderlichen Anforderungen erfüllt. Die Benennung kann <DL Type="arabic"><DT>1.</DT><DD Font="normal"><LA>inhaltlich beschränkt werden, vorläufig erteilt werden oder mit einer Befristung versehen erteilt werden und</LA></DD><DT>2.</DT><DD Font="normal"><LA>mit Auflagen verbunden sein.</LA></DD></DL></P><P>(2) Solange die Europäische Kommission keine delegierten Rechtsakte nach Artikel 30 Absatz 4 der Verordnung (EU) Nr. 910/2014 erlassen hat, erstellt und veröffentlicht <DL Type="arabic"><DT>1.</DT><DD Font="normal"><LA>die Akkreditierungsstelle die fachlichen Kriterien, die für die Akkreditierung zu erfüllen sind, und</LA></DD><DT>2.</DT><DD Font="normal"><LA>die Bundesnetzagentur die fachlichen Kriterien, die für die Benennung als private Stelle nach Artikel 30 Absatz 1 der Verordnung (EU) Nr. 910/2014 zu erfüllen sind.</LA></DD></DL>Die Erstellung der fachlichen Kriterien erfolgt unter maßgeblicher Berücksichtigung der Entscheidung der Kommission vom 6. November 2000 über die Mindestkriterien, die von den Mitgliedstaaten bei der Benennung der Stellen gemäß Artikel 3 Absatz 4 der Richtlinie 1999/93/EG des Europäischen Parlaments und des Rates über gemeinschaftliche Rahmenbedingungen für elektronische Signaturen zu berücksichtigen sind (ABl. L 289 vom 16.11.2000, S. 42).</P><P>(3) Eine Stelle, die nach § 17 Absatz 4 Satz 1 des Signaturgesetzes in Verbindung mit § 18 des Signaturgesetzes anerkannt wurde, nimmt hinsichtlich der von ihr auf Grundlage des Signaturgesetzes bestätigten Produkte ihre hiermit zusammenhängenden Aufgaben bis zum Auslaufen der entsprechenden Produktbestätigungen wahr.</P><P>(4) Das Bundesamt für Sicherheit in der Informationstechnik ist die öffentliche Stelle gemäß Artikel 30 Absatz 1 der Verordnung (EU) Nr. 910/2014 sowie gemäß Artikel 39 Absatz 2 in Verbindung mit Artikel 30 Absatz 1 der Verordnung (EU) Nr. 910/2014.</P></Content></text></textdaten></norm>
<norm builddate="20180524213046" doknr="BJNR274510017BJNG000400000"><metadaten><jurabk>VDG</jurabk><gliederungseinheit><gliederungskennzahl>040</gliederungskennzahl><gliederungsbez>Teil 4</gliederungsbez><gliederungstitel>Qualifizierte Dienste für die Zustellung elektronischer Einschreiben</gliederungstitel></gliederungseinheit></metadaten><textdaten/></norm>
<norm builddate="20180524213046" doknr="BJNR274510017BJNE001900000"><metadaten><jurabk>VDG</jurabk><enbez>§ 18</enbez><titel format="XML">Dienste für die Zustellung elektronischer Einschreiben</titel></metadaten><textdaten><text format="XML"><Content><P>Liegt der Konformitätsbewertungsstelle für einen qualifizierten Dienst für die Zustellung elektronischer Einschreiben eine Akkreditierung nach Abschnitt 4 des De-Mail-Gesetzes vor, so soll die Konformitätsbewertungsstelle die Konformitätsbewertung dieses qualifizierten Dienstes nach Möglichkeit auf die Prüfung der Nachweise beschränken, die im Rahmen der Akkreditierung nach § 18 Absatz 3 des De-Mail-Gesetzes erbracht worden sind.</P></Content></text></textdaten></norm>
<norm builddate="20180524213046" doknr="BJNR274510017BJNG000500000"><metadaten><jurabk>VDG</jurabk><gliederungseinheit><gliederungskennzahl>050</gliederungskennzahl><gliederungsbez>Teil 5</gliederungsbez><gliederungstitel>Schlussvorschriften</gliederungstitel></gliederungseinheit></metadaten><textdaten/></norm>
<norm builddate="20180524213046" doknr="BJNR274510017BJNE002000000"><metadaten><jurabk>VDG</jurabk><enbez>§ 19</enbez><titel format="XML">Bußgeldvorschriften</titel></metadaten><textdaten><text format="XML"><Content><P>(1) Ordnungswidrig handelt, wer vorsätzlich oder fahrlässig <DL Type="arabic"><DT>1.</DT><DD Font="normal"><LA>entgegen § 12 Absatz 1 Satz 2, 3 oder 4 oder Absatz 2, jeweils auch in Verbindung mit Absatz 3 Satz 1 oder einer Rechtsverordnung nach § 20 Absatz 2 Nummer 1, eine Angabe in ein qualifiziertes Zertifikat aufnimmt,</LA></DD><DT>2.</DT><DD Font="normal"><LA>entgegen § 14 Absatz 1 Satz 1 Nummer 1 bis 4 oder § 16 Absatz 1 Satz 2 ein Zertifikat nicht oder nicht rechtzeitig widerruft,</LA></DD><DT>3.</DT><DD Font="normal"><LA>entgegen § 16 Absatz 1 Satz 3, auch in Verbindung mit der Rechtsverordnung nach § 20 Absatz 2 Nummer 1, nicht sicherstellt, dass eine Aufzeichnung übermittelt wird, oder</LA></DD><DT>4.</DT><DD Font="normal"><LA>entgegen § 16 Absatz 2 in Verbindung mit der Rechtsverordnung nach § 20 Absatz 2 Nummer 1 eine dort genannte Vorkehrung nicht oder nicht rechtzeitig trifft.</LA></DD></DL></P><P>(2) Ordnungswidrig handelt, wer gegen die Verordnung (EU) Nr. 910/2014 des Europäischen Parlaments und des Rates vom 23. Juli 2014 über elektronische Identifizierung und Vertrauensdienste für elektronische Transaktionen im Binnenmarkt und zur Aufhebung der Richtlinie 1999/93/EG (ABl. L 257 vom 28.8.2014, S. 73; L 23 vom 29.1.2015, S. 19) verstößt, indem er vorsätzlich oder fahrlässig <DL Type="arabic"><DT>1.</DT><DD Font="normal"><LA>entgegen Artikel 19 Absatz 2 Unterabsatz 1 eine Meldung nicht, nicht richtig oder nicht rechtzeitig macht,</LA></DD><DT>2.</DT><DD Font="normal"><LA>entgegen Artikel 19 Absatz 2 Unterabsatz 2 eine Person nicht, nicht richtig oder nicht rechtzeitig unterrichtet,</LA></DD><DT>3.</DT><DD Font="normal"><LA>entgegen Artikel 21 Absatz 1 eine Mitteilung nicht, nicht richtig oder nicht rechtzeitig vorlegt,</LA></DD><DT>4.</DT><DD Font="normal"><LA>entgegen Artikel 24 Absatz 1 Unterabsatz 1 die Identität einer Person nicht oder nicht rechtzeitig überprüft,</LA></DD><DT>5.</DT><DD Font="normal"><LA>entgegen Artikel 24 Absatz 2 Buchstabe c in Verbindung mit § 10 in Verbindung mit einer Rechtsverordnung nach § 20 Absatz 2 Nummer 3 eine Haftpflichtversicherung nicht oder nicht rechtzeitig abschließt,</LA></DD><DT>6.</DT><DD Font="normal"><LA>entgegen Artikel 24 Absatz 2 Buchstabe e oder f, jeweils in Verbindung mit einer Rechtsverordnung nach § 20 Absatz 2 Nummer 1, ein vertrauenswürdiges System oder Produkt nicht verwendet,</LA></DD><DT>7.</DT><DD Font="normal"><LA>entgegen Artikel 24 Absatz 2 Buchstabe g in Verbindung mit einer Rechtsverordnung nach § 20 Absatz 2 Nummer 1 eine dort genannte Maßnahme nicht oder nicht rechtzeitig trifft,</LA></DD><DT>8.</DT><DD Font="normal"><LA>entgegen Artikel 24 Absatz 2 Buchstabe h Satz 1 eine Information nicht richtig aufzeichnet oder</LA></DD><DT>9.</DT><DD Font="normal"><LA>entgegen Artikel 24 Absatz 3 Satz 1 einen Widerruf nicht oder nicht rechtzeitig veröffentlicht.</LA></DD></DL></P><P>(3) Die Ordnungswidrigkeit kann in den Fällen des Absatzes 2 Nummer 5 bis 8 mit einer Geldbuße bis zu einhunderttausend Euro, in den übrigen Fällen mit einer Geldbuße bis zu zwanzigtausend Euro geahndet werden.</P><P>(4) Verwaltungsbehörden im Sinne des § 36 Absatz 1 Nummer 1 des Gesetzes über Ordnungswidrigkeiten sind die Bundesnetzagentur und das Bundesamt für Sicherheit in der Informationstechnik jeweils im Rahmen ihrer Zuständigkeit nach § 2 Absatz 1.</P></Content></text></textdaten></norm>
<norm builddate="20180524213046" doknr="BJNR274510017BJNE002100000"><metadaten><jurabk>VDG</jurabk><enbez>§ 20</enbez><titel format="XML">Verordnungsermächtigung</titel></metadaten><textdaten><text format="XML"><Content><P>(1) Die Bundesregierung legt durch Rechtsverordnung nähere Anforderungen an die Zugänglich- und Nutzbarmachung von Vertrauensdiensten nach Artikel 15 der Verordnung (EU) Nr. 910/2014 und nach § 7 fest. Sie hat dabei technische und wirtschaftliche Belange zu berücksichtigen. Die Rechtsverordnung kann auch Nachweis-, Mitwirkungs- und Informationspflichten der Vertrauensdiensteanbieter enthalten.</P><P>(2) Die Bundesregierung wird ermächtigt, in der Rechtsverordnung nach Absatz 1 auch die zur Durchführung der Verordnung (EU) Nr. 910/2014 und dieses Gesetzes erforderlichen Rechtsvorschriften zu erlassen über <DL Type="arabic"><DT>1.</DT><DD Font="normal"><LA>die Ausgestaltung der Pflichten der Vertrauensdiensteanbieter bei der Betriebsaufnahme, während des Betriebs und bei der Einstellung des Betriebs nach den Artikeln 17 bis 24 der Verordnung (EU) Nr. 910/2014 und nach den §§ 4 und 5, 9 bis 18,</LA></DD><DT>2.</DT><DD Font="normal"><LA>die Durchführung gemeinsamer Untersuchungen nach Artikel 18 Absatz 3 der Verordnung (EU) <NB>Nr. 910/2014,</NB></LA></DD><DT>3.</DT><DD Font="normal"><LA>die zur Erfüllung der Verpflichtung zur Deckungsvorsorge nach § 10 zulässigen Sicherheitsleistungen sowie über deren Umfang, Höhe und inhaltliche Ausgestaltung,</LA></DD><DT>4.</DT><DD Font="normal"><LA>die Anforderungen im Zusammenhang mit einer Zertifikatsdatenbank nach § 16 Absatz 4 Nummer 1,</LA></DD><DT>5.</DT><DD Font="normal"><LA>die Einrichtung einer Vertrauensinfrastruktur zur dauerhaften Prüfbarkeit qualifizierter elektronischer Zertifikate und qualifizierter elektronischer Zeitstempel nach § 16 Absatz 5 und</LA></DD><DT>6.</DT><DD Font="normal"><LA>die Einzelheiten des Verfahrens der Anerkennung und der Tätigkeit von Zertifizierungsstellen nach § 17.</LA></DD></DL></P></Content></text></textdaten></norm>
<norm builddate="20180524213046" doknr="BJNR274510017BJNE002200000"><metadaten><jurabk>VDG</jurabk><enbez>§ 21</enbez><titel format="XML">Übergangsvorschrift</titel></metadaten><textdaten><text format="XML"><Content><P>Zertifizierungsdiensteanbieter, die qualifizierte Zertifikate im Sinne von § 2 Nummer 3 des Signaturgesetzes ausgestellt haben, dürfen diese qualifizierten Zertifikate als qualifizierte Vertrauensdiensteanbieter für qualifizierte Zertifikate nach der Verordnung (EU) <NB>Nr. 910/2014</NB> weiterhin in ihrem Zertifikatsverzeichnis führen. Sie dürfen weiter alle in diesem Zusammenhang mit ihren Kunden vereinbarten Dienste anbieten, insbesondere einen Widerrufsdienst. § 16 Absatz 1 gilt entsprechend. Die von der Bundesnetzagentur gemäß § 16 Absatz 1 des Signaturgesetzes ausgestellten Zertifikate werden mit Ablauf des 14. November 2018 gesperrt.</P></Content></text></textdaten></norm>
</dokumente>