<?xml version="1.0" encoding="UTF-8" ?><!DOCTYPE dokumente SYSTEM "http://www.gesetze-im-internet.de/dtd/1.01/gii-norm.dtd">
<dokumente builddate="20250305223025" doknr="BJNR027100011"><norm builddate="20250305223025" doknr="BJNR027100011"><metadaten><jurabk>FMSASatzV 2011</jurabk><amtabk>FMSASatzV</amtabk><ausfertigung-datum manuell="ja">2011-02-21</ausfertigung-datum><fundstelle typ="amtlich"><periodikum>BGBl I</periodikum><zitstelle>2011, 271</zitstelle></fundstelle><langue>Verordnung über die Satzung der Bundesanstalt für Finanzmarktstabilisierung</langue><standangabe checked="ja"><standtyp>Stand</standtyp><standkommentar>Zuletzt geändert durch Art. 1 V v. 21.9.2023 I Nr. 260</standkommentar></standangabe><standangabe checked="ja"><standtyp>Aufh</standtyp><standkommentar>V aufgeh. durch Art. 14 G v. 28.2.2025 I Nr. 69 mWv 1.1.2026</standkommentar></standangabe></metadaten><textdaten><fussnoten><Content><P><BR/> <pre xml:space="preserve">(+++ Textnachweis ab: 26.2.2011 +++)<BR/><BR/></pre></P></Content></fussnoten></textdaten></norm>
<norm builddate="20250305223025" doknr="BJNR027100011BJNE000100000"><metadaten><jurabk>FMSASatzV 2011</jurabk><jurabk>FMSASatzV</jurabk><enbez>Eingangsformel</enbez></metadaten><textdaten><text format="XML"><Content><P>Auf Grund des § 3a Absatz 6 des Finanzmarktstabilisierungsfondsgesetzes, der zuletzt durch Artikel 4 Nummer 4 Buchstabe f des Gesetzes vom 9. Dezember 2010 (BGBl. I S. 1900) geändert worden ist, sowie auf Grund des § 13 Absatz 5 des Restrukturierungsfondsgesetzes vom 9. Dezember 2010 (BGBl. I S. 1900, 1921) verordnet das Bundesministerium der Finanzen:</P></Content></text></textdaten></norm>
<norm builddate="20250305223025" doknr="BJNR027100011BJNE000200000"><metadaten><jurabk>FMSASatzV 2011</jurabk><jurabk>FMSASatzV</jurabk><enbez>§ 1</enbez></metadaten><textdaten><text format="XML"><Content><P>Die Bundesanstalt für Finanzmarktstabilisierung erhält die anliegende Satzung.</P></Content></text></textdaten></norm>
<norm builddate="20250305223025" doknr="BJNR027100011BJNE000300000"><metadaten><jurabk>FMSASatzV 2011</jurabk><jurabk>FMSASatzV</jurabk><enbez>§ 2</enbez></metadaten><textdaten><text format="XML"><Content><P>Diese Verordnung tritt am Tag nach der Verkündung in Kraft. Gleichzeitig tritt die Verordnung über die Satzung der Bundesanstalt für Finanzmarktstabilisierung vom 5. Juli 2010 (BGBl. I S. 874) außer Kraft.</P></Content></text></textdaten></norm>
<norm builddate="20250305223025" doknr="BJNR027100011BJNE000404116"><metadaten><jurabk>FMSASatzV 2011</jurabk><jurabk>FMSASatzV</jurabk><enbez>Anlage</enbez><titel format="XML">(zu § 1)<BR/>Satzung der Bundesanstalt für Finanzmarktstabilisierung</titel></metadaten><textdaten><text format="XML"><Content><P><noindex><kommentar typ="Fundstelle">(Fundstelle: BGBl. I 2017, 4020 - 4022; bzgl. einzelner Änderungen vgl. Fußnote)</kommentar></noindex></P><P><noindex><kommentar typ="Hinweis">(Text der Satzung siehe: FMSASatz 2011)</kommentar></noindex></P></Content></text><fussnoten/></textdaten></norm>
</dokumente>