<?xml version="1.0" encoding="UTF-8" ?><!DOCTYPE dokumente SYSTEM "http://www.gesetze-im-internet.de/dtd/1.01/gii-norm.dtd">
<dokumente builddate="20171122221035" doknr="BJNR331610017"><norm builddate="20171122221035" doknr="BJNR331610017"><metadaten><jurabk>MBankDVDV</jurabk><amtabk>MBankDVDV</amtabk><ausfertigung-datum manuell="ja">2017-08-30</ausfertigung-datum><fundstelle typ="amtlich"><periodikum>BGBl I</periodikum><zitstelle>2017, 3316</zitstelle></fundstelle><langue>Verordnung über den Vorbereitungsdienst für den mittleren Bankdienst der Deutschen Bundesbank</langue><standangabe checked="ja"><standtyp>Sonst</standtyp><standkommentar>Ersetzt V 2030-8-3-2 v. 11.8.2011 I 1717 (MBankDAPrV)</standkommentar></standangabe></metadaten><textdaten><fussnoten><Content><P><BR/> <pre xml:space="preserve">(+++ Textnachweis ab: 1.10.2017 +++)<BR/>(+++ Zur Anwendung vgl. §§ 16 Abs. 5, 22 Abs. 1, 23 Abs. 6 +++)<BR/><BR/></pre>Die V wurde als Artikel 1 der V v. 30.8.2017 I 3316 von dem Vorstand der Deutschen Bundesbank im Einvernehmen mit dem Bundesministeriums des Innern beschlossen. Sie ist gem. Art. 4 Satz 1 dieser V am 1.10.2017 in Kraft getreten.</P></Content></fussnoten></textdaten></norm>
<norm builddate="20171122221035" doknr="BJNR331610017BJNE000100000"><metadaten><jurabk>MBankDVDV</jurabk><enbez>Inhaltsübersicht</enbez></metadaten><textdaten><text format="XML"><TOC><Ident Class="S0">Abschnitt 1</Ident><Title Align="auto" Class="S0">Allgemeines</Title><table colsep="0" frame="none" pgwide="1" rowsep="0" tocentry="%yes;"><tgroup align="left" char="" charoff="50" cols="2"><colspec colname="col1" colwidth="8*"/><colspec colname="col2" colwidth="72*"/><tbody valign="top"><row><entry VJ="1" colname="col1">§  1</entry><entry VJ="1" colname="col2">Vorbereitungsdienst</entry></row><row><entry VJ="1" colname="col1">§  2</entry><entry VJ="1" colname="col2">Ausbildungsziele</entry></row><row><entry VJ="1" colname="col1">§  3</entry><entry VJ="1" colname="col2">Erholungsurlaub</entry></row><row><entry VJ="1" colname="col1">§  4</entry><entry VJ="1" colname="col2">Nachteilsausgleich</entry></row><row><entry VJ="1" colname="col1">§  5</entry><entry VJ="1" colname="col2">Bewertung der Leistungen</entry></row></tbody></tgroup></table><Ident Class="S0">Abschnitt 2</Ident><Title Align="auto" Class="S0">Auswahlverfahren und Einstellung</Title><table colsep="0" frame="none" pgwide="1" rowsep="0" tocentry="%yes;"><tgroup align="left" char="" charoff="50" cols="2"><colspec colname="col1" colwidth="8*"/><colspec colname="col2" colwidth="72*"/><tbody valign="top"><row><entry VJ="1" colname="col1">§  6</entry><entry VJ="1" colname="col2">Auswahlverfahren und Zulassung zum Auswahlverfahren</entry></row><row><entry VJ="1" colname="col1">§  7</entry><entry VJ="1" colname="col2">Auswahlkommission</entry></row><row><entry VJ="1" colname="col1">§  8</entry><entry VJ="1" colname="col2">Teile des Auswahlverfahrens</entry></row><row><entry VJ="1" colname="col1">§  9</entry><entry VJ="1" colname="col2">Schriftlicher Teil</entry></row><row><entry VJ="1" colname="col1">§ 10</entry><entry VJ="1" colname="col2">Mündlicher Teil</entry></row><row><entry VJ="1" colname="col1">§ 11</entry><entry VJ="1" colname="col2">Bewertung der im Auswahlverfahren erbrachten Leistungen</entry></row><row><entry VJ="1" colname="col1">§ 12</entry><entry VJ="1" colname="col2">Ausschluss von der weiteren Teilnahme am Auswahlverfahren</entry></row><row><entry VJ="1" colname="col1">§ 13</entry><entry VJ="1" colname="col2">Gesamtergebnis des Auswahlverfahrens</entry></row></tbody></tgroup></table><Ident Class="S0">Abschnitt 3</Ident><Title Align="auto" Class="S0">Ausbildung</Title><table colsep="0" frame="none" pgwide="1" rowsep="0" tocentry="%yes;"><tgroup align="left" char="" charoff="50" cols="2"><colspec colname="col1" colwidth="8*"/><colspec colname="col2" colwidth="72*"/><tbody valign="top"><row><entry VJ="1" colname="col1">§ 14</entry><entry VJ="1" colname="col2">Ausbildungsleitung, Ausbildungsbeauftragte, Ausbildende</entry></row><row><entry VJ="1" colname="col1">§ 15</entry><entry VJ="1" colname="col2">Ausbildungsrahmenplan, Lehrpläne, Ausbildungspläne</entry></row><row><entry VJ="1" colname="col1">§ 16</entry><entry VJ="1" colname="col2">Fachtheoretische Ausbildung</entry></row><row><entry VJ="1" colname="col1">§ 17</entry><entry VJ="1" colname="col2">Berufspraktische Ausbildung</entry></row><row><entry VJ="1" colname="col1">§ 18</entry><entry VJ="1" colname="col2">Zusammenfassendes Zeugnis, Ausbildungsrangpunktzahl</entry></row></tbody></tgroup></table><Ident Class="S0">Abschnitt 4</Ident><Title Align="auto" Class="S0">Laufbahnprüfung</Title><table colsep="0" frame="none" pgwide="1" rowsep="0" tocentry="%yes;"><tgroup align="left" char="" charoff="50" cols="2"><colspec colname="col1" colwidth="8*"/><colspec colname="col2" colwidth="72*"/><tbody valign="top"><row><entry VJ="1" colname="col1">§ 19</entry><entry VJ="1" colname="col2">Bestandteile</entry></row><row><entry VJ="1" colname="col1">§ 20</entry><entry VJ="1" colname="col2">Organisation</entry></row><row><entry VJ="1" colname="col1">§ 21</entry><entry VJ="1" colname="col2">Prüfungskommission</entry></row><row><entry VJ="1" colname="col1">§ 22</entry><entry VJ="1" colname="col2">Schriftliche Abschlussprüfung</entry></row><row><entry VJ="1" colname="col1">§ 23</entry><entry VJ="1" colname="col2">Mündliche Abschlussprüfung</entry></row><row><entry VJ="1" colname="col1">§ 24</entry><entry VJ="1" colname="col2">Fernbleiben, Rücktritt</entry></row><row><entry VJ="1" colname="col1">§ 25</entry><entry VJ="1" colname="col2">Täuschung, Ordnungsverstoß</entry></row><row><entry VJ="1" colname="col1">§ 26</entry><entry VJ="1" colname="col2">Bestehen der Laufbahnprüfung</entry></row><row><entry VJ="1" colname="col1">§ 27</entry><entry VJ="1" colname="col2">Abschlusszeugnis</entry></row><row><entry VJ="1" colname="col1">§ 28</entry><entry VJ="1" colname="col2">Prüfungsakte, Einsichtnahme</entry></row><row><entry VJ="1" colname="col1">§ 29</entry><entry VJ="1" colname="col2">Wiederholung der Laufbahnprüfung</entry></row></tbody></tgroup></table></TOC></text></textdaten></norm>
<norm builddate="20171122221035" doknr="BJNR331610017BJNG000100000"><metadaten><jurabk>MBankDVDV</jurabk><gliederungseinheit><gliederungskennzahl>010</gliederungskennzahl><gliederungsbez>Abschnitt 1</gliederungsbez><gliederungstitel>Allgemeines</gliederungstitel></gliederungseinheit></metadaten><textdaten/></norm>
<norm builddate="20171122221035" doknr="BJNR331610017BJNE000200000"><metadaten><jurabk>MBankDVDV</jurabk><enbez>§ 1</enbez><titel format="XML">Vorbereitungsdienst</titel></metadaten><textdaten><text format="XML"><Content><P>Die Ausbildung und Prüfung nach dieser Verordnung sind der Vorbereitungsdienst für die Laufbahn des mittleren Bankdienstes. Der Vorbereitungsdienst dauert in der Regel 21 Monate.</P></Content></text></textdaten></norm>
<norm builddate="20171122221035" doknr="BJNR331610017BJNE000300000"><metadaten><jurabk>MBankDVDV</jurabk><enbez>§ 2</enbez><titel format="XML">Ausbildungsziele</titel></metadaten><textdaten><text format="XML"><Content><P>Die Ausbildung vermittelt das theoretische Wissen sowie die berufspraktischen Kenntnisse und Fähigkeiten, die für die Erfüllung der Aufgaben im mittleren Bankdienst erforderlich sind. Die Anwärterinnen und Anwärter sollen zu verantwortlichem Handeln im freiheitlichen, demokratischen und sozialen Rechtsstaat befähigt werden.</P></Content></text></textdaten></norm>
<norm builddate="20171122221035" doknr="BJNR331610017BJNE000400000"><metadaten><jurabk>MBankDVDV</jurabk><enbez>§ 3</enbez><titel format="XML">Erholungsurlaub</titel></metadaten><textdaten><text format="XML"><Content><P>Erholungsurlaub wird nur während der berufspraktischen Ausbildung gewährt.</P></Content></text></textdaten></norm>
<norm builddate="20171122221035" doknr="BJNR331610017BJNE000500000"><metadaten><jurabk>MBankDVDV</jurabk><enbez>§ 4</enbez><titel format="XML">Nachteilsausgleich</titel></metadaten><textdaten><text format="XML"><Content><P>(1) Schwerbehinderten und diesen gleichgestellten behinderten Menschen werden im Auswahlverfahren, bei Leistungstests sowie in der schriftlichen und mündlichen Abschlussprüfung Erleichterungen gewährt, die ihrer Behinderung angemessen sind. Abschnitt 9 der Vereinbarung über die Inklusion schwerbehinderter Menschen bei der Deutschen Bundesbank vom 30. Juli 2014 in der jeweils geltenden auf der Internetseite der Deutschen Bundesbank veröffentlichten Fassung ist zu berücksichtigen.</P><P>(2) Über die Gewährung von Erleichterungen im Auswahlverfahren und in der schriftlichen Abschlussprüfung entscheidet die oberste Dienstbehörde oder eine von ihr bestimmte Stelle. Bei Leistungstests entscheidet die Ausbildungsleiterin oder der Ausbildungsleiter. In der mündlichen Abschlussprüfung entscheidet die oder der Vorsitzende der Prüfungskommission.</P></Content></text></textdaten></norm>
<norm builddate="20171122221035" doknr="BJNR331610017BJNE000600000"><metadaten><jurabk>MBankDVDV</jurabk><enbez>§ 5</enbez><titel format="XML">Bewertung der Leistungen</titel></metadaten><textdaten><text format="XML"><Content><P>(1) Die Leistungen der Anwärterinnen und Anwärter werden, soweit in dieser Verordnung nichts anderes bestimmt ist, wie folgt bewertet: <BR/><BR/><table colsep="1" frame="all" pgwide="1" rowsep="1" tocentry="%yes;"><tgroup align="left" char="" charoff="50" cols="5"><colspec align="center" colname="col1" colwidth="8*"/><colspec align="center" colname="col2" colwidth="35*"/><colspec align="center" colname="col3" colwidth="24*"/><colspec align="center" colname="col4" colwidth="21*"/><colspec align="justify" colname="col5" colwidth="76*"/><thead valign="bottom"><row><entry VJ="1" colname="col1"/><entry VJ="1" align="center" colname="col2" valign="middle">Prozentualer Anteil<BR/> der erreichten Punkt-<BR/> zahl an der erreich-<BR/> baren Punktzahl</entry><entry VJ="1" align="center" colname="col3" valign="middle">Rangpunkte/<BR/> Rangpunktzahl</entry><entry VJ="1" align="center" colname="col4" valign="middle">Note</entry><entry VJ="1" align="center" colname="col5" valign="middle">Notendefinition</entry></row><row><entry VJ="1" colname="col1"/><entry VJ="1" align="center" colname="col2">1</entry><entry VJ="1" align="center" colname="col3">2</entry><entry VJ="1" align="center" colname="col4">3</entry><entry VJ="1" align="center" colname="col5">4</entry></row></thead><tbody valign="top"><row><entry VJ="1" colname="col1"> 1</entry><entry VJ="1" colname="col2">100,00 bis 93,70</entry><entry VJ="1" colname="col3">15</entry><entry VJ="1" colname="col4" morerows="1" valign="middle">sehr gut</entry><entry VJ="1" colname="col5" morerows="1">eine Leistung, die den Anforderungen in besonderem Maß entspricht</entry></row><row><entry VJ="1" colname="col1"> 2</entry><entry VJ="1" colname="col2"> 93,69 bis 87,50</entry><entry VJ="1" colname="col3">14</entry></row><row><entry VJ="1" colname="col1"> 3</entry><entry VJ="1" colname="col2"> 87,49 bis 83,40</entry><entry VJ="1" colname="col3">13</entry><entry VJ="1" colname="col4" morerows="2" valign="middle">gut</entry><entry VJ="1" colname="col5" morerows="2">eine Leistung, die den Anforderungen voll entspricht</entry></row><row><entry VJ="1" colname="col1"> 4</entry><entry VJ="1" colname="col2"> 83,39 bis 79,20</entry><entry VJ="1" colname="col3">12</entry></row><row><entry VJ="1" colname="col1"> 5</entry><entry VJ="1" colname="col2"> 79,19 bis 75,00</entry><entry VJ="1" colname="col3">11</entry></row><row><entry VJ="1" colname="col1"> 6</entry><entry VJ="1" colname="col2"> 74,99 bis 70,90</entry><entry VJ="1" colname="col3">10</entry><entry VJ="1" colname="col4" morerows="2" valign="middle">befriedigend</entry><entry VJ="1" colname="col5" morerows="2">eine Leistung, die im Allgemeinen den Anforderungen entspricht</entry></row><row><entry VJ="1" colname="col1"> 7</entry><entry VJ="1" colname="col2"> 70,89 bis 66,70</entry><entry VJ="1" colname="col3"> 9</entry></row><row><entry VJ="1" colname="col1"> 8</entry><entry VJ="1" colname="col2"> 66,69 bis 62,50</entry><entry VJ="1" colname="col3"> 8</entry></row><row><entry VJ="1" colname="col1"> 9</entry><entry VJ="1" colname="col2"> 62,49 bis 58,40</entry><entry VJ="1" colname="col3"> 7</entry><entry VJ="1" colname="col4" morerows="2" valign="middle">ausreichend</entry><entry VJ="1" colname="col5" morerows="2">eine Leistung, die zwar Mängel aufweist, aber im Ganzen den Anforderungen noch entspricht</entry></row><row><entry VJ="1" colname="col1">10</entry><entry VJ="1" colname="col2"> 58,39 bis 54,20</entry><entry VJ="1" colname="col3"> 6</entry></row><row><entry VJ="1" colname="col1">11</entry><entry VJ="1" colname="col2"> 54,19 bis 50,00</entry><entry VJ="1" colname="col3"> 5</entry></row><row><entry VJ="1" colname="col1">12</entry><entry VJ="1" colname="col2"> 49,99 bis 41,70</entry><entry VJ="1" colname="col3"> 4</entry><entry VJ="1" colname="col4" morerows="2" valign="middle">mangelhaft</entry><entry VJ="1" colname="col5" morerows="2">eine Leistung, die den Anforderungen nicht entspricht, jedoch erkennen lässt, dass die notwendigen Grundkenntnisse vorhanden sind und die Mängel in absehbarer Zeit behoben werden können</entry></row><row><entry VJ="1" colname="col1">13</entry><entry VJ="1" colname="col2"> 41,69 bis 33,40</entry><entry VJ="1" colname="col3"> 3</entry></row><row><entry VJ="1" colname="col1">14</entry><entry VJ="1" colname="col2"> 33,39 bis 25,00</entry><entry VJ="1" colname="col3"> 2</entry></row><row><entry VJ="1" colname="col1">15</entry><entry VJ="1" colname="col2"> 24,99 bis 12,50</entry><entry VJ="1" colname="col3"> 1</entry><entry VJ="1" colname="col4" morerows="1" valign="middle">ungenügend</entry><entry VJ="1" colname="col5" morerows="1">eine Leistung, die den Anforderungen nicht entspricht und bei der selbst die Grundkenntnisse so lückenhaft sind, dass die Mängel in absehbarer Zeit nicht behoben werden können</entry></row><row><entry VJ="1" colname="col1">16</entry><entry VJ="1" colname="col2"> 12,49 bis  0,00</entry><entry VJ="1" colname="col3"> 0</entry></row></tbody></tgroup></table></P><P>(2) Soweit in dieser Verordnung nichts anderes bestimmt ist, werden Rangpunktzahlen auf zwei Nachkommastellen ohne Rundung berechnet.</P></Content></text></textdaten></norm>
<norm builddate="20171122221035" doknr="BJNR331610017BJNG000200000"><metadaten><jurabk>MBankDVDV</jurabk><gliederungseinheit><gliederungskennzahl>020</gliederungskennzahl><gliederungsbez>Abschnitt 2</gliederungsbez><gliederungstitel>Auswahlverfahren und Einstellung</gliederungstitel></gliederungseinheit></metadaten><textdaten/></norm>
<norm builddate="20171122221035" doknr="BJNR331610017BJNE000700000"><metadaten><jurabk>MBankDVDV</jurabk><enbez>§ 6</enbez><titel format="XML">Auswahlverfahren und Zulassung zum Auswahlverfahren</titel></metadaten><textdaten><text format="XML"><Content><P>(1) Über die Einstellung in den Vorbereitungsdienst entscheidet die für die Ernennung der Beamtinnen und Beamten der Deutschen Bundesbank zuständige Stelle (§ 31 Absatz 2 des Gesetzes über die Deutsche Bundesbank) auf der Grundlage eines Auswahlverfahrens. In diesem wird festgestellt, ob die Bewerberinnen und Bewerber nach ihren Kenntnissen und Fähigkeiten sowie nach ihrer Persönlichkeit für den Vorbereitungsdienst für die Laufbahn des mittleren Bankdienstes geeignet sind. Insbesondere wird festgestellt, ob sie über das Allgemein- und Fachwissen, die körperlichen und praktischen Fertigkeiten, die kognitiven, methodischen und sozialen Fähigkeiten, die charakterlichen Merkmale und die Leistungsmotivation verfügen, die für die Erfüllung der Aufgaben im mittleren Bankdienst erforderlich sind.</P><P>(2) Zum Auswahlverfahren wird zugelassen, wer nach den eingereichten Unterlagen die in der Ausschreibung bestimmten Voraussetzungen erfüllt. Übersteigt die Zahl der geeigneten Bewerberinnen und Bewerber das Dreifache der Zahl der angebotenen Ausbildungsplätze, kann die Zahl der am Auswahlverfahren Teilnehmenden beschränkt werden; jedoch sind mindestens dreimal so viele Bewerberinnen und Bewerber zuzulassen, wie Ausbildungsplätze angeboten werden. In diesem Fall wird zugelassen, wer nach den eingereichten Unterlagen am besten geeignet ist.</P><P>(3) Schwerbehinderte Bewerberinnen und Bewerber und diesen gleichgestellte Bewerberinnen und Bewerber sind zum Auswahlverfahren zuzulassen, es sei denn, sie sind offensichtlich fachlich ungeeignet. Vor dem Ausschluss schwerbehinderter Bewerberinnen oder Bewerber und diesen gleichgestellter Bewerberinnen oder Bewerber ist die Schwerbehindertenvertretung anzuhören.</P></Content></text></textdaten></norm>
<norm builddate="20171122221035" doknr="BJNR331610017BJNE000800000"><metadaten><jurabk>MBankDVDV</jurabk><enbez>§ 7</enbez><titel format="XML">Auswahlkommission</titel></metadaten><textdaten><text format="XML"><Content><P>(1) Für die Durchführung des Auswahlverfahrens werden eine oder bei Bedarf mehrere Auswahlkommissionen gebildet.</P><P>(2) Eine Auswahlkommission besteht in der Regel aus vier Mitgliedern, die die oberste Dienstbehörde oder eine von ihr bestimmte Stelle bestellt. Den Vorsitz führt eine Beamtin oder ein Beamter des gehobenen oder höheren Dienstes der Deutschen Bundesbank mit mehrjähriger Erfahrung in der Personalführung. Die weiteren Mitglieder müssen Angehörige des mittleren, gehobenen oder höheren Dienstes der Deutschen Bundesbank sein.</P><P>(3) Die Mitglieder der Auswahlkommission bewerten die im Auswahlverfahren gezeigten Leistungen unabhängig voneinander. Sie sind in dieser Funktion unabhängig und nicht weisungsgebunden.</P><P>(4) Die nach Absatz 2 Satz 1 zuständige Stelle stellt sicher, dass alle Auswahlkommissionen denselben Bewertungsmaßstab anlegen.</P></Content></text></textdaten></norm>
<norm builddate="20171122221035" doknr="BJNR331610017BJNE000900000"><metadaten><jurabk>MBankDVDV</jurabk><enbez>§ 8</enbez><titel format="XML">Teile des Auswahlverfahrens</titel></metadaten><textdaten><text format="XML"><Content><P>Das Auswahlverfahren besteht aus einem schriftlichen und einem mündlichen Teil.</P></Content></text></textdaten></norm>
<norm builddate="20171122221035" doknr="BJNR331610017BJNE001000000"><metadaten><jurabk>MBankDVDV</jurabk><enbez>§ 9</enbez><titel format="XML">Schriftlicher Teil</titel></metadaten><textdaten><text format="XML"><Content><P>Der schriftliche Teil des Auswahlverfahrens besteht aus zwei Abschnitten, und zwar aus <DL Type="arabic"><DT>1.</DT><DD Font="normal"><LA>einem Aufsatz sowie</LA></DD><DT>2.</DT><DD Font="normal"><LA>einem Test zur Erfassung der kognitiven Leistungsfähigkeit und zur Erfassung von Persönlichkeitsmerkmalen.</LA></DD></DL>Der Test nach Satz 1 Nummer 2 umfasst einen Leistungstest, einen Intelligenztest und einen Persönlichkeitstest.</P></Content></text></textdaten></norm>
<norm builddate="20171122221035" doknr="BJNR331610017BJNE001100000"><metadaten><jurabk>MBankDVDV</jurabk><enbez>§ 10</enbez><titel format="XML">Mündlicher Teil</titel></metadaten><textdaten><text format="XML"><Content><P>(1) Der mündliche Teil des Auswahlverfahrens besteht aus zwei Abschnitten, und zwar aus <DL Type="arabic"><DT>1.</DT><DD Font="normal"><LA>einer Gruppenaufgabe und</LA></DD><DT>2.</DT><DD Font="normal"><LA>einem strukturierten Interview.</LA></DD></DL></P><P>(2) Der mündliche Teil dient dazu, die Eignung der Bewerberinnen und Bewerber für den Vorbereitungsdienst im Kompetenzbereich „soziales Verhalten“ und in weiteren Kompetenzbereichen zu ermitteln.</P><P>(3) Für den mündlichen Teil erlässt die oberste Dienstbehörde oder eine von ihr bestimmte Stelle Auswahlrichtlinien. In ihnen werden festgelegt: <DL Type="arabic"><DT>1.</DT><DD Font="normal"><LA>die Kompetenzbereiche,</LA></DD><DT>2.</DT><DD Font="normal"><LA>ihre Zuordnung zu den Abschnitten und</LA></DD><DT>3.</DT><DD Font="normal"><LA>die Gewichtung der beiden Abschnitte für die Ermittlung der Teilnoten der Kompetenzbereiche (§ 11 Absatz 3).</LA></DD></DL>Die Auswahlrichtlinien werden auf der Internetseite der Deutschen Bundesbank veröffentlicht. Maßgeblich ist die jüngste am Tag der Einladung zum Auswahlverfahren veröffentlichte Fassung.</P></Content></text></textdaten></norm>
<norm builddate="20171122221035" doknr="BJNR331610017BJNE001200000"><metadaten><jurabk>MBankDVDV</jurabk><enbez>§ 11</enbez><titel format="XML">Bewertung der im Auswahlverfahren erbrachten Leistungen</titel></metadaten><textdaten><text format="XML"><Content><P>(1) Für die Einzelbewertungen der im Auswahlverfahren erbrachten Leistungen gelten folgende Noten und Notendefinitionen: <BR/><BR/><table colsep="1" frame="all" pgwide="1" rowsep="1" tocentry="%yes;"><tgroup align="left" char="" charoff="50" cols="3"><colspec align="center" colname="col1" colwidth="9*"/><colspec align="char" colname="col2" colwidth="9*"/><colspec align="justify" colname="col3" colwidth="61*"/><thead valign="bottom"><row><entry VJ="1" colname="col1"/><entry VJ="1" align="center" colname="col2">Note</entry><entry VJ="1" align="center" colname="col3">Notendefinition</entry></row><row><entry VJ="1" colname="col1"/><entry VJ="1" align="center" colname="col2">1</entry><entry VJ="1" align="center" colname="col3">2</entry></row></thead><tbody valign="top"><row><entry VJ="1" colname="col1" valign="middle">1</entry><entry VJ="1" colname="col2" valign="middle">1</entry><entry VJ="1" colname="col3">Die Eignung liegt deutlich über den Anforderungen. Mit hoher Wahrscheinlichkeit ist eine sehr gute Bewährung in der Laufbahn zu erwarten.</entry></row><row><entry VJ="1" colname="col1" valign="middle">2</entry><entry VJ="1" colname="col2" valign="middle">1,5</entry><entry VJ="1" colname="col3">Die Eignung liegt über den Anforderungen. Mit hoher Wahrscheinlichkeit ist mindestens eine gute Bewährung in der Laufbahn zu erwarten.</entry></row><row><entry VJ="1" colname="col1" valign="middle">3</entry><entry VJ="1" colname="col2" valign="middle">2</entry><entry VJ="1" colname="col3">Die Eignung entspricht den Anforderungen in vollem Umfang. Mit hoher Wahrscheinlichkeit ist eine gute Bewährung in der Laufbahn zu erwarten.</entry></row><row><entry VJ="1" colname="col1" valign="middle">4</entry><entry VJ="1" colname="col2" valign="middle">2,5</entry><entry VJ="1" colname="col3">Die Eignung entspricht den Anforderungen überwiegend. Die Prognose für eine gute Bewährung in der Laufbahn ist noch günstig und nur mit geringen Risiken behaftet.</entry></row><row><entry VJ="1" colname="col1" valign="middle">5</entry><entry VJ="1" colname="col2" valign="middle">3</entry><entry VJ="1" colname="col3">Die Eignung entspricht den Anforderungen weitgehend. Die Prognose für eine befriedigende Bewährung in der Laufbahn ist günstig und nur mit geringen Risiken behaftet.</entry></row><row><entry VJ="1" colname="col1" valign="middle">6</entry><entry VJ="1" colname="col2" valign="middle">3,5</entry><entry VJ="1" colname="col3">Die Eignung entspricht den Anforderungen nur teilweise. Es liegen mehrere die Eignung einschränkende Abweichungen von den Anforderungen vor. Eine befriedigende Bewährung in der Laufbahn ist mit Einschränkungen noch zu erwarten, jedoch mit gewissen Risiken verbunden.</entry></row><row><entry VJ="1" colname="col1" valign="middle">7</entry><entry VJ="1" colname="col2" valign="middle">4</entry><entry VJ="1" colname="col3">Die Eignung entspricht den Anforderungen nur wenig. Es liegen viele die Eignung einschränkende Abweichungen von den Anforderungen vor. Eine ausreichende Bewährung in der Laufbahn ist mit deutlichen Einschränkungen noch zu erwarten, jedoch mit hohen Risiken verbunden.</entry></row><row><entry VJ="1" colname="col1" valign="middle">8</entry><entry VJ="1" colname="col2" valign="middle">5</entry><entry VJ="1" colname="col3">Die Eignung entspricht nicht den Anforderungen. Die Abweichungen liegen so deutlich unter den Anforderungen, dass die Wahrscheinlichkeit einer Bewährung in der Laufbahn sehr gering ist.</entry></row></tbody></tgroup></table></P><P>(2) Jeder Abschnitt des schriftlichen Teils wird gesondert bewertet. Der Test nach § 9 Satz 1 Nummer 2 darf mit Unterstützung durch Informationstechnik ausgewertet werden.</P><P>(3) Im mündlichen Teil wird für jeden Kompetenzbereich eine Teilnote ermittelt, indem zunächst jedes Mitglied der Auswahlkommission für jeden Abschnitt eine Bewertung des Kompetenzbereichs abgibt, sodann für jeden Abschnitt das arithmetische Mittel aus den Einzelbewertungen berechnet wird und schließlich die arithmetischen Mittel nach den Vorgaben der Auswahlrichtlinien gewichtet werden. Die Teilnote wird kaufmännisch auf die zweite Nachkommastelle gerundet.</P><P>(4) Die Bewertung des mündlichen Teils ist das arithmetische Mittel der Teilnoten der Kompetenzbereiche. Das Ergebnis wird kaufmännisch auf die zweite Nachkommastelle gerundet.</P></Content></text></textdaten></norm>
<norm builddate="20171122221036" doknr="BJNR331610017BJNE001300000"><metadaten><jurabk>MBankDVDV</jurabk><enbez>§ 12</enbez><titel format="XML">Ausschluss von der weiteren Teilnahme am Auswahlverfahren</titel></metadaten><textdaten><text format="XML"><Content><P>Eine Bewerberin oder ein Bewerber wird von der weiteren Teilnahme am Auswahlverfahren ausgeschlossen, wenn <DL Type="arabic"><DT>1.</DT><DD Font="normal"><LA>ein Abschnitt des schriftlichen Teils mit der Note 5 bewertet worden ist oder</LA></DD><DT>2.</DT><DD Font="normal"><LA>im mündlichen Teil der Kompetenzbereich „soziales Verhalten“ oder mindestens zwei andere Kompetenzbereiche mit der Teilnote 4,50 oder schlechter bewertet worden sind.</LA></DD></DL></P></Content></text></textdaten></norm>
<norm builddate="20171122221036" doknr="BJNR331610017BJNE001400000"><metadaten><jurabk>MBankDVDV</jurabk><enbez>§ 13</enbez><titel format="XML">Gesamtergebnis des Auswahlverfahrens</titel></metadaten><textdaten><text format="XML"><Content><P>(1) Für die Ermittlung des Gesamtergebnisses des Auswahlverfahrens werden gewichtet: <DL Type="arabic"><DT>1.</DT><DD Font="normal"><LA>der Aufsatz mit 15 Prozent,</LA></DD><DT>2.</DT><DD Font="normal"><LA>der Test zur Erfassung der kognitiven Leistungsfähigkeit und zur Erfassung von Persönlichkeitsmerkmalen mit 25 Prozent und</LA></DD><DT>3.</DT><DD Font="normal"><LA>der mündliche Teil mit 60 Prozent.</LA></DD></DL></P><P>(2) Anhand der Gesamtergebnisse wird für die Bewerberinnen und Bewerber, die alle Abschnitte des Auswahlverfahrens absolviert haben, eine Rangfolge gebildet.</P><P>(3) Wer nicht zum Auswahlverfahren zugelassen wird oder daran erfolglos teilgenommen hat, erhält eine schriftliche Mitteilung über die Ablehnung. Die Bewerbungsunterlagen sind auf Wunsch zurückzusenden, ansonsten zu vernichten. Elektronisch eingereichte Bewerbungsunterlagen sind nach Abschluss des Auswahlverfahrens endgültig zu löschen.</P></Content></text></textdaten></norm>
<norm builddate="20171122221036" doknr="BJNR331610017BJNG000300000"><metadaten><jurabk>MBankDVDV</jurabk><gliederungseinheit><gliederungskennzahl>030</gliederungskennzahl><gliederungsbez>Abschnitt 3</gliederungsbez><gliederungstitel>Ausbildung</gliederungstitel></gliederungseinheit></metadaten><textdaten/></norm>
<norm builddate="20171122221036" doknr="BJNR331610017BJNE001500000"><metadaten><jurabk>MBankDVDV</jurabk><enbez>§ 14</enbez><titel format="XML">Ausbildungsleitung, Ausbildungsbeauftragte, Ausbildende</titel></metadaten><textdaten><text format="XML"><Content><P>(1) Mit Ausbildungsaufgaben darf nur betraut werden, wer über die erforderlichen Kenntnisse und Fähigkeiten verfügt und nach seiner Persönlichkeit dafür geeignet ist.</P><P>(2) Die oberste Dienstbehörde oder eine von ihr bestimmte Stelle bestellt eine Ausbildungsleiterin oder einen Ausbildungsleiter sowie eine Vertretung. Diese müssen Beamtinnen oder Beamte des höheren oder des gehobenen Bankdienstes sein. Die Ausbildungsleiterin oder der Ausbildungsleiter ist für die konzeptionelle Gestaltung und Organisation der Ausbildung zuständig und stellt eine sorgfältige Ausbildung der Anwärterinnen und Anwärter sicher.</P><P>(3) Die Ausbildungsleiterin oder der Ausbildungsleiter bestellt Ausbildungsbeauftragte, die die berufspraktische Ausbildung durchführen. Die Ausbildungsbeauftragten führen regelmäßig Ausbildungsgespräche mit den Anwärterinnen und Anwärtern.</P><P>(4) Die Ausbildungsbeauftragten werden von Ausbildenden unterstützt. Die Ausbildenden haben der oder dem Ausbildungsbeauftragten regelmäßig über den erreichten Ausbildungsstand zu berichten.</P><P>(5) Den Ausbildungsbeauftragten und Ausbildenden dürfen nicht mehr Anwärterinnen und Anwärter zugewiesen werden, als sie mit Sorgfalt ausbilden können. Soweit erforderlich, sind die Ausbildungsbeauftragten und Ausbildenden von anderen Dienstgeschäften zu entlasten.</P></Content></text></textdaten></norm>
<norm builddate="20171122221036" doknr="BJNR331610017BJNE001600000"><metadaten><jurabk>MBankDVDV</jurabk><enbez>§ 15</enbez><titel format="XML">Ausbildungsrahmenplan, Lehrpläne, Ausbildungspläne</titel></metadaten><textdaten><text format="XML"><Content><P>(1) Die oberste Dienstbehörde oder eine von ihr bestimmte Stelle erlässt einen Ausbildungsrahmenplan, der die Lerninhalte, die Lernziele sowie die Dauer der Ausbildungslehrgänge und der Ausbildungsabschnitte bestimmt.</P><P>(2) Auf der Grundlage des Ausbildungsrahmenplans erstellt die Ausbildungsleiterin oder der Ausbildungsleiter <DL Type="arabic"><DT>1.</DT><DD Font="normal"><LA>die Lehrpläne für die Ausbildungslehrgänge sowie</LA></DD><DT>2.</DT><DD Font="normal"><LA>für jede Anwärterin und jeden Anwärter einen Ausbildungsplan, in dem die Ausbildungsstellen und Arbeitsbereiche sowie die Zeiträume der Ausbildungsabschnitte enthalten sind, und gibt ihn der Anwärterin oder dem Anwärter bekannt.</LA></DD></DL></P></Content></text></textdaten></norm>
<norm builddate="20171122221036" doknr="BJNR331610017BJNE001700000"><metadaten><jurabk>MBankDVDV</jurabk><enbez>§ 16</enbez><titel format="XML">Fachtheoretische Ausbildung</titel></metadaten><textdaten><text format="XML"><Content><P>(1) Die fachtheoretische Ausbildung dauert mindestens sechs Monate. Sie umfasst Ausbildungslehrgänge mit einer Gesamtdauer von mindestens 20 Wochen sowie Zeiten des Selbststudiums.</P><P>(2) Die fachtheoretische Ausbildung wird in Form zentraler Ausbildungslehrgänge durchgeführt. Sie soll den Anwärterinnen und Anwärtern die theoretischen Grundlagen vermitteln, die für die Erfüllung der Aufgaben im mittleren Bankdienst erforderlich sind. Die Anwärterinnen und Anwärter sind zu intensiver Mitarbeit und zum Selbststudium verpflichtet.</P><P>(3) Die fachtheoretische Ausbildung erstreckt sich auf folgende Fächer: <DL Type="arabic"><DT>1.</DT><DD Font="normal"><LA>Bankbetriebslehre,</LA></DD><DT>2.</DT><DD Font="normal"><LA>Zentralbankbetriebslehre,</LA></DD><DT>3.</DT><DD Font="normal"><LA>Finanzmathematik,</LA></DD><DT>4.</DT><DD Font="normal"><LA>Rechnungswesen,</LA></DD><DT>5.</DT><DD Font="normal"><LA>Rechts- und Staatsbürgerkunde sowie</LA></DD><DT>6.</DT><DD Font="normal"><LA>Deutsch.</LA></DD></DL></P><P>(4) Während der fachtheoretischen Ausbildung sind in den in Absatz 3 Nummer 1 bis 5 genannten Fächern jeweils drei schriftliche oder mündliche Leistungstests durchzuführen. Das Nähere regelt der Ausbildungsrahmenplan.</P><P>(5) Jeder Leistungstest ist mindestens eine Woche vorher anzukündigen. Kann eine Anwärterin oder ein Anwärter an einem Leistungstest nicht teilnehmen, ist dieser nachzuholen; den Zeitpunkt der Nachholung setzt die Ausbildungsleiterin oder der Ausbildungsleiter fest. Die §§ 24 und 25 gelten mit der Maßgabe entsprechend, dass die dort genannten Entscheidungen die Ausbildungsleiterin oder der Ausbildungsleiter trifft.</P><P>(6) Kann eine Leistung auf Grund ihrer Art nicht mit Punkten bewertet werden, werden die Rangpunkte anhand des Bewertungsmaßstabs vergeben. Die Bewertung ist der Anwärterin oder dem Anwärter zu erläutern.</P></Content></text></textdaten></norm>
<norm builddate="20171122221036" doknr="BJNR331610017BJNE001800000"><metadaten><jurabk>MBankDVDV</jurabk><enbez>§ 17</enbez><titel format="XML">Berufspraktische Ausbildung</titel></metadaten><textdaten><text format="XML"><Content><P>(1) Während der berufspraktischen Ausbildung sollen die Anwärterinnen und Anwärter die wesentlichen Aufgaben im mittleren Bankdienst unter Anleitung oder selbständig wahrnehmen.</P><P>(2) Tätigkeiten, die die Ausbildung nicht fördern, dürfen den Anwärterinnen und Anwärtern nicht übertragen werden.</P><P>(3) Die berufspraktische Ausbildung wird in Dienststellen der Deutschen Bundesbank durchgeführt. Einzelne Teile können außerhalb der Deutschen Bundesbank durchgeführt werden, sofern dies den Ausbildungszielen dient.</P><P>(4) Am Ende jedes vor Beginn der schriftlichen Abschlussprüfung beendeten Ausbildungsabschnitts erstellt die oder der Ausbildungsbeauftragte unter Beteiligung der Ausbildenden für jede Anwärterin und jeden Anwärter eine dienstliche Bewertung, die die wesentlichen Leistungs-, Eignungs- und Befähigungsmerkmale enthält und in der der Ausbildungserfolg mit Rangpunkten und der entsprechenden Note bewertet wird.</P><P>(5) Die dienstliche Bewertung ist der Anwärterin oder dem Anwärter bekannt zu geben und mit ihr oder ihm zu besprechen.</P></Content></text></textdaten></norm>
<norm builddate="20171122221036" doknr="BJNR331610017BJNE001900000"><metadaten><jurabk>MBankDVDV</jurabk><enbez>§ 18</enbez><titel format="XML">Zusammenfassendes Zeugnis, Ausbildungsrangpunktzahl</titel></metadaten><textdaten><text format="XML"><Content><P>Über den Erfolg der Ausbildung erstellt die Ausbildungsleiterin oder der Ausbildungsleiter ein zusammenfassendes Zeugnis, in dem die Rangpunkte und Noten der Leistungstests und der dienstlichen Bewertungen sowie die sich daraus ergebende Durchschnittsrangpunktzahl (Ausbildungsrangpunktzahl) aufzuführen sind. Die Anwärterin oder der Anwärter erhält spätestens zwei Wochen vor Beginn der Abschlussprüfung eine Ausfertigung des zusammenfassenden Zeugnisses.</P></Content></text></textdaten></norm>
<norm builddate="20171122221036" doknr="BJNR331610017BJNG000400000"><metadaten><jurabk>MBankDVDV</jurabk><gliederungseinheit><gliederungskennzahl>040</gliederungskennzahl><gliederungsbez>Abschnitt 4</gliederungsbez><gliederungstitel>Laufbahnprüfung</gliederungstitel></gliederungseinheit></metadaten><textdaten/></norm>
<norm builddate="20171122221036" doknr="BJNR331610017BJNE002000000"><metadaten><jurabk>MBankDVDV</jurabk><enbez>§ 19</enbez><titel format="XML">Bestandteile</titel></metadaten><textdaten><text format="XML"><Content><P>Die Laufbahnprüfung besteht aus einer schriftlichen und einer mündlichen Abschlussprüfung.</P></Content></text></textdaten></norm>
<norm builddate="20171122221036" doknr="BJNR331610017BJNE002100000"><metadaten><jurabk>MBankDVDV</jurabk><enbez>§ 20</enbez><titel format="XML">Organisation</titel></metadaten><textdaten><text format="XML"><Content><P>Die oberste Dienstbehörde oder eine von ihr bestimmte Stelle organisiert die Laufbahnprüfung. Sie hat <DL Type="arabic"><DT>1.</DT><DD Font="normal"><LA>eine oder bei Bedarf mehrere Prüfungskommissionen einzurichten und deren Mitglieder zu bestellen,</LA></DD><DT>2.</DT><DD Font="normal"><LA>sicherzustellen, dass alle Prüfungskommissionen denselben Bewertungsmaßstab anlegen,</LA></DD><DT>3.</DT><DD Font="normal"><LA>die Prüfungsorte und Prüfungszeitpunkte zu bestimmen und dafür zu sorgen, dass diese den Anwärterinnen und Anwärtern rechtzeitig mitgeteilt werden,</LA></DD><DT>4.</DT><DD Font="normal"><LA>über die Zulassung der Anwärterinnen und Anwärter zur schriftlichen Abschlussprüfung zu entscheiden,</LA></DD><DT>5.</DT><DD Font="normal"><LA>die Aufgaben der Klausuren der schriftlichen Abschlussprüfung, die Bearbeitungszeiten sowie die zulässigen Hilfsmittel zu bestimmen,</LA></DD><DT>6.</DT><DD Font="normal"><LA>über die Zulassung der Anwärterinnen und Anwärter zur mündlichen Abschlussprüfung zu entscheiden und</LA></DD><DT>7.</DT><DD Font="normal"><LA>das Abschlusszeugnis zu erteilen.</LA></DD></DL></P></Content></text></textdaten></norm>
<norm builddate="20171122221036" doknr="BJNR331610017BJNE002200000"><metadaten><jurabk>MBankDVDV</jurabk><enbez>§ 21</enbez><titel format="XML">Prüfungskommission</titel></metadaten><textdaten><text format="XML"><Content><P>(1) Eine Prüfungskommission besteht in der Regel aus <DL Type="arabic"><DT>1.</DT><DD Font="normal"><LA>einer Beamtin oder einem Beamten des höheren oder gehobenen Dienstes als Vorsitzender oder Vorsitzendem und</LA></DD><DT>2.</DT><DD Font="normal"><LA>zwei Beamtinnen oder Beamten des höheren, gehobenen oder mittleren Dienstes als Prüfenden.</LA></DD></DL></P><P>(2) Die Mitglieder der Prüfungskommission sind bei ihrer Prüfungstätigkeit unabhängig und nicht weisungsgebunden.</P></Content></text></textdaten></norm>
<norm builddate="20171122221036" doknr="BJNR331610017BJNE002300000"><metadaten><jurabk>MBankDVDV</jurabk><enbez>§ 22</enbez><titel format="XML">Schriftliche Abschlussprüfung</titel></metadaten><textdaten><text format="XML"><Content><P>(1) Zur schriftlichen Abschlussprüfung wird zugelassen, wer eine Ausbildungsrangpunktzahl von mindestens 5,00 erreicht hat. Über die Zulassung oder Nichtzulassung ist die Anwärterin oder der Anwärter spätestens zwei Wochen vor Beginn der schriftlichen Abschlussprüfung zu informieren. Bei Nichtzulassung kann der Vorbereitungsdienst auf Antrag der Anwärterin oder des Anwärters verlängert werden; § 29 Absatz 2 und 3 gilt entsprechend.</P><P>(2) Die schriftliche Abschlussprüfung besteht aus je einer Klausur in folgenden Fächern: <DL Type="arabic"><DT>1.</DT><DD Font="normal"><LA>Bankbetriebslehre,</LA></DD><DT>2.</DT><DD Font="normal"><LA>Zentralbankbetriebslehre,</LA></DD><DT>3.</DT><DD Font="normal"><LA>Finanzmathematik und</LA></DD><DT>4.</DT><DD Font="normal"><LA>Rechnungswesen.</LA></DD></DL>Für jede Klausur sind die Bearbeitungszeit und die zulässigen Hilfsmittel anzugeben.</P><P>(3) Jede Klausur ist von den beiden Prüfenden unabhängig voneinander zu bewerten. Weichen die Bewertungen um höchstens drei Rangpunkte voneinander ab, wird das arithmetische Mittel gebildet. Weichen die Bewertungen um mehr als drei Rangpunkte voneinander ab, setzt die oder der Vorsitzende der Prüfungskommission die Rangpunkte und die Note fest. Die festgesetzten Rangpunkte müssen innerhalb der Spanne liegen, die sich aus den von den beiden Prüfenden abgegebenen Bewertungen ergibt. Hiervon darf nur abgewichen werden, wenn einer der beiden Prüfenden zustimmt.</P><P>(4) Hat eine Anwärterin oder ein Anwärter die Klausur nicht oder nicht rechtzeitig abgegeben, gilt diese als mit null Rangpunkten bewertet.</P></Content></text><fussnoten><Content><P>(+++ § 22 Abs. 3 Satz 4 u. 5: zur Anwendung vgl. § 23 Abs. 6 +++)</P></Content></fussnoten></textdaten></norm>
<norm builddate="20171122221036" doknr="BJNR331610017BJNE002400000"><metadaten><jurabk>MBankDVDV</jurabk><enbez>§ 23</enbez><titel format="XML">Mündliche Abschlussprüfung</titel></metadaten><textdaten><text format="XML"><Content><P>(1) Zur mündlichen Abschlussprüfung wird zugelassen, wer in mindestens zwei Klausuren der schriftlichen Abschlussprüfung mindestens fünf Rangpunkte erreicht hat. Die Zulassung oder Nichtzulassung ist der Anwärterin oder dem Anwärter spätestens eine Woche vor der mündlichen Abschlussprüfung bekannt zu geben.</P><P>(2) Die mündliche Abschlussprüfung besteht aus zwei Prüfungsteilen in den Fächern Zentralbankbetriebslehre sowie Rechts- und Staatsbürgerkunde.</P><P>(3) Die oder der Vorsitzende der Prüfungskommission leitet die mündliche Abschlussprüfung.</P><P>(4) Die mündliche Abschlussprüfung soll als Gruppenprüfung durchgeführt werden. Eine Prüfungsgruppe soll aus höchstens fünf Anwärterinnen und Anwärtern bestehen. Die Dauer der mündlichen Abschlussprüfung soll für jede Anwärterin oder jeden Anwärter in jedem Prüfungsfach 15 Minuten betragen.</P><P>(5) Die mündliche Abschlussprüfung ist nicht öffentlich. Mit Genehmigung der oder des Vorsitzenden der Prüfungskommission können andere Personen zuhören, es sei denn, dass eine Anwärterin oder ein Anwärter dem widerspricht.</P><P>(6) Bei der Beratung über die Bewertung der Prüfungsleistungen dürfen nur die Mitglieder der Prüfungskommission anwesend sein. Die beiden Prüfenden geben für jedes Prüfungsfach einen Bewertungsvorschlag ab. Die oder der Vorsitzende setzt für jeden Teil der mündlichen Abschlussprüfung die Rangpunkte und die Note fest. § 22 Absatz 3 Satz 4 und 5 gilt entsprechend.</P><P>(7) Über die mündliche Abschlussprüfung einer Anwärterin oder eines Anwärters wird ein Protokoll angefertigt, aus dem die wesentlichen Umstände der Prüfung sowie ihre Bewertung hervorgehen. Aus dem Protokoll muss zudem hervorgehen, dass es von allen Mitgliedern der Prüfungskommission gebilligt worden ist.</P></Content></text></textdaten></norm>
<norm builddate="20171122221036" doknr="BJNR331610017BJNE002500000"><metadaten><jurabk>MBankDVDV</jurabk><enbez>§ 24</enbez><titel format="XML">Fernbleiben, Rücktritt</titel></metadaten><textdaten><text format="XML"><Content><P>(1) Bei Fernbleiben oder Rücktritt von einem Teil der Abschlussprüfung ohne Genehmigung der obersten Dienstbehörde oder einer von ihr bestimmten Stelle gilt die Laufbahnprüfung als nicht bestanden.</P><P>(2) Wird das Fernbleiben oder der Rücktritt genehmigt, gilt der Teil der Abschlussprüfung als nicht begonnen. Die Genehmigung darf nur erteilt werden, wenn wichtige Gründe vorliegen. Bei Erkrankung soll die Genehmigung nur erteilt werden, wenn unverzüglich ein ärztliches Attest oder das Attest einer Ärztin oder eines Arztes, die oder der von der obersten Dienstbehörde oder einer von ihr bestimmten Stelle beauftragt worden ist, vorgelegt wird. Auf Verlangen der obersten Dienstbehörde oder einer von ihr bestimmten Stelle ist ein amtsärztliches Attest vorzulegen.</P><P>(3) Die oberste Dienstbehörde oder eine von ihr bestimmte Stelle entscheidet, ob der versäumte Teil der Abschlussprüfung nachgeholt werden kann oder ob die schriftliche Abschlussprüfung oder die mündliche Abschlussprüfung insgesamt nachzuholen ist. Den Zeitpunkt der Nachholung setzt die oberste Dienstbehörde oder eine von ihr bestimmte Stelle fest.</P></Content></text><fussnoten><Content><P>(+++ § 24: zur Anwendung vgl. § 16 Abs. 5 +++)</P></Content></fussnoten></textdaten></norm>
<norm builddate="20171122221036" doknr="BJNR331610017BJNE002600000"><metadaten><jurabk>MBankDVDV</jurabk><enbez>§ 25</enbez><titel format="XML">Täuschung, Ordnungsverstoß</titel></metadaten><textdaten><text format="XML"><Content><P>(1) Anwärterinnen oder Anwärtern, die bei einem Teil der Abschlussprüfung täuschen, eine Täuschung versuchen oder daran mitwirken oder sonst gegen die Ordnung verstoßen, soll die Fortsetzung der Abschlussprüfung unter dem Vorbehalt einer abweichenden Entscheidung der obersten Dienstbehörde oder einer von ihr bestimmten Stelle gestattet werden. Bei einem erheblichen Verstoß können sie von der weiteren Teilnahme an dem betreffenden Teil der Abschlussprüfung ausgeschlossen werden.</P><P>(2) Über das Vorliegen und die Folgen einer Täuschung, eines Täuschungsversuchs, eines Mitwirkens daran oder eines sonstigen Ordnungsverstoßes entscheidet die oberste Dienstbehörde oder eine von ihr bestimmte Stelle. Die Entscheidung während der mündlichen Abschlussprüfung trifft die Prüfungskommission. Sie entscheidet mit Stimmenmehrheit; eine Stimmenthaltung ist nicht zulässig. Die oberste Dienstbehörde oder eine von ihr bestimmte Stelle kann je nach Schwere des Verstoßes die Wiederholung einzelner oder mehrerer Teile der Abschlussprüfung anordnen oder die Abschlussprüfung für nicht bestanden erklären.</P><P>(3) Wird eine Täuschung erst nach der Abschlussprüfung bekannt oder kann sie erst dann nachgewiesen werden, kann die oberste Dienstbehörde oder eine von ihr bestimmte Stelle nachträglich die Abschlussprüfung innerhalb von fünf Jahren nach dem Tag der mündlichen Abschlussprüfung für nicht bestanden erklären.</P><P>(4) Die Betroffenen sind vor Entscheidungen nach den Absätzen 2 und 3 anzuhören.</P></Content></text><fussnoten><Content><P>(+++ § 25: zur Anwendung vgl. § 16 Abs. 5 +++)</P></Content></fussnoten></textdaten></norm>
<norm builddate="20171122221036" doknr="BJNR331610017BJNE002700000"><metadaten><jurabk>MBankDVDV</jurabk><enbez>§ 26</enbez><titel format="XML">Bestehen der Laufbahnprüfung</titel></metadaten><textdaten><text format="XML"><Content><P>(1) Die Laufbahnprüfung ist bestanden, wenn <DL Type="arabic"><DT>1.</DT><DD Font="normal"><LA>die in der schriftlichen und mündlichen Abschlussprüfung erbrachten Leistungen mit einer Durchschnittsrangpunktzahl von mindestens 5,00 bewertet worden sind,</LA></DD><DT>2.</DT><DD Font="normal"><LA>mindestens vier der in der schriftlichen und der mündlichen Abschlussprüfung erbrachten Leistungen mit einer Rangpunktzahl von mindestens 5,00 bewertet worden sind und</LA></DD><DT>3.</DT><DD Font="normal"><LA>in mindestens einem Teil der mündlichen Abschlussprüfung eine Rangpunktzahl von mindestens 5,00 erreicht worden ist.</LA></DD></DL></P><P>(2) Im Anschluss an die mündliche Abschlussprüfung ermittelt die oder der Vorsitzende der Prüfungskommission die Rangpunktzahl der Laufbahnprüfung und setzt die Abschlussnote fest. Die Rangpunktzahl der Laufbahnprüfung wird aus der Ausbildungsrangpunktzahl sowie den in der schriftlichen und mündlichen Abschlussprüfung erzielten Durchschnittsrangpunktzahlen errechnet; die Ausbildungsrangpunktzahlen und die Durchschnittsrangpunktzahlen sind wie folgt zu gewichten: <DL Type="arabic"><DT>1.</DT><DD Font="normal"><LA>die Ausbildungsrangpunktzahl mit 25 Prozent,</LA></DD><DT>2.</DT><DD Font="normal"><LA>die Durchschnittsrangpunktzahl der schriftlichen Abschlussprüfung mit 50 Prozent,</LA></DD><DT>3.</DT><DD Font="normal"><LA>die Durchschnittsrangpunktzahl der mündlichen Abschlussprüfung mit 25 Prozent.</LA></DD></DL>Ist die Laufbahnprüfung bestanden, wird die Rangpunktzahl der Laufbahnprüfung für die Ermittlung der Abschlussnote kaufmännisch auf eine ganze Zahl gerundet.</P><P>(3) Die oder der Vorsitzende der Prüfungskommission teilt den Anwärterinnen und Anwärtern die Rangpunktzahlen der Laufbahnprüfung und der Einzelleistungen mit und erläutert die Bewertungen auf Wunsch kurz mündlich.</P></Content></text></textdaten></norm>
<norm builddate="20171122221036" doknr="BJNR331610017BJNE002800000"><metadaten><jurabk>MBankDVDV</jurabk><enbez>§ 27</enbez><titel format="XML">Abschlusszeugnis</titel></metadaten><textdaten><text format="XML"><Content><P>(1) Wer die Laufbahnprüfung bestanden hat, erhält ein Abschlusszeugnis, das die in der schriftlichen und mündlichen Abschlussprüfung erreichten Rangpunktzahlen sowie die Rangpunktzahl der Laufbahnprüfung und die Abschlussnote enthält.</P><P>(2) Wer die Laufbahnprüfung nicht bestanden hat, erhält von der obersten Dienstbehörde oder einer von ihr bestimmten Stelle einen Bescheid über die nicht bestandene Laufbahnprüfung.</P></Content></text></textdaten></norm>
<norm builddate="20171122221036" doknr="BJNR331610017BJNE002900000"><metadaten><jurabk>MBankDVDV</jurabk><enbez>§ 28</enbez><titel format="XML">Prüfungsakte, Einsichtnahme</titel></metadaten><textdaten><text format="XML"><Content><P>(1) Die Klausuren der schriftlichen Abschlussprüfung und das Protokoll der mündlichen Abschlussprüfung sowie eine Ausfertigung des Abschlusszeugnisses oder des Bescheids über die nicht bestandene Laufbahnprüfung sind zur Prüfungsakte zu nehmen. Die Prüfungsakte kann automatisiert geführt werden. Die Prüfungsakte wird bei der Einstellungsbehörde nach Beendigung des Vorbereitungsdienstes mindestens fünf und höchstens zehn Jahre aufbewahrt.</P><P>(2) Nach Zustellung des Abschlusszeugnisses oder des Bescheids über die nicht bestandene Laufbahnprüfung können die Betroffenen auf Antrag Einsicht in ihre Prüfungsakte nehmen. Die Einsichtnahme ist in der Akte zu vermerken.</P></Content></text></textdaten></norm>
<norm builddate="20171122221036" doknr="BJNR331610017BJNE003000000"><metadaten><jurabk>MBankDVDV</jurabk><enbez>§ 29</enbez><titel format="XML">Wiederholung der Laufbahnprüfung</titel></metadaten><textdaten><text format="XML"><Content><P>(1) Die oberste Dienstbehörde oder eine von ihr bestimmte Stelle bestimmt nach Anhörung der oder des Vorsitzenden der Prüfungskommission, innerhalb welcher Frist die Wiederholung der Laufbahnprüfung stattfinden kann. Die Frist soll sechs Monate nicht überschreiten.</P><P>(2) Die Ausbildungsleiterin oder der Ausbildungsleiter stellt für die Ausbildung während der Wiederholungsfrist einen ergänzenden Ausbildungsplan auf. In dem Plan sind die abzuleistenden Ausbildungsabschnitte und die zu erbringenden Leistungstests enthalten.</P><P>(3) Spätestens zwei Wochen vor der Wiederholung erstellt die Ausbildungsleiterin oder der Ausbildungsleiter ein neues zusammenfassendes Zeugnis nach § 18, das die in der Wiederholungsfrist erbrachten Leistungen einschließt.</P></Content></text><fussnoten><Content><P>(+++ § 29 Abs. 2 u. 3: zur Anwendung vgl. § 22 Abs. 1 +++)</P></Content></fussnoten></textdaten></norm>
</dokumente>