<?xml version="1.0" encoding="UTF-8" ?><!DOCTYPE dokumente SYSTEM "http://www.gesetze-im-internet.de/dtd/1.01/gii-norm.dtd">
<dokumente builddate="20220816214001" doknr="BJNR017850975"><norm builddate="20220816214001" doknr="BJNR017850975"><metadaten><jurabk>BinSchEO</jurabk><amtabk>BinSchEO</amtabk><ausfertigung-datum manuell="ja">1975-06-30</ausfertigung-datum><fundstelle typ="amtlich"><periodikum>BGBl I</periodikum><zitstelle>1975, 1785</zitstelle></fundstelle><kurzue>Binnenschiffseichordnung</kurzue><langue>Verordnung über die Eichung von Binnenschiffen<FnR ID="F820681_01_BJNR017850975"/></langue><standangabe checked="ja"><standtyp>Neuf</standtyp><standkommentar>Neugefasst durch Bek. v. 1.3.2022 I 220, 1384</standkommentar></standangabe></metadaten><textdaten><text format="XML"><Content/><Footnotes><Footnote FnZ="1" Group="column" ID="F820681_01_BJNR017850975" Pos="exp"><noindex>Diese Verordnung dient der Umsetzung des Übereinkommens vom 15. Februar 1966 über die Eichung von Binnenschiffen (BGBl. 1973 II S. 1417), das für die Bundesrepublik Deutschland am 19. April 1975 in Kraft getreten ist.</noindex></Footnote></Footnotes></text><fussnoten><Content><P><BR/> <pre xml:space="preserve">(+++ Textnachweis Geltung ab: 1.4.1983 +++)<BR/>(+++ Maßgaben aufgrund des EinigVtr vgl. BinSchEOP Anhang EV; nicht mehr <BR/>anzuwenden gem. Art. 1 Nr. 8 Buchst. c DBuchst. bb G v. 21.1.2013 I 91 <BR/>(EinigVtrÜRBerG) mWv 29.1.2013 +++)<BR/><BR/></pre>Überschrift: IdF d. Art. 2 § 2 Nr. 1 V v. 30.5.2014 I 610 mWv 5.6.2014</P></Content></fussnoten></textdaten></norm>
<norm builddate="20220816214001" doknr="BJNR017850975BJNE006401119"><metadaten><jurabk>BinSchEO</jurabk><enbez>Inhaltsverzeichnis</enbez></metadaten><textdaten><text format="XML"><TOC><Ident Class="S0">Erster Abschnitt</Ident><Title Align="auto" Class="S0">Allgemeine Vorschriften</Title><table colsep="0" frame="none" pgwide="1" rowsep="0" tocentry="%yes;"><tgroup align="left" char="" charoff="50" cols="2"><colspec colname="col1" colnum="1" colwidth="8*"/><colspec colname="col2" colnum="2" colwidth="72*"/><tbody valign="top"><row><entry VJ="1" colname="col1">§  1</entry><entry VJ="1" colname="col2">Begriffsbestimmungen</entry></row><row><entry VJ="1" colname="col1">§  2</entry><entry VJ="1" colname="col2">Anwendungsbereich</entry></row><row><entry VJ="1" colname="col1">§  3</entry><entry VJ="1" colname="col2">Schiffseichamt</entry></row><row><entry VJ="1" colname="col1">§  4</entry><entry VJ="1" colname="col2">Zentralstelle</entry></row><row><entry VJ="1" colname="col1">§  5</entry><entry VJ="1" colname="col2">(weggefallen)</entry></row><row><entry VJ="1" colname="col1">§  6</entry><entry VJ="1" colname="col2">Arten der Eichung</entry></row><row><entry VJ="1" colname="col1">§  7</entry><entry VJ="1" colname="col2">Voraussetzungen</entry></row><row><entry VJ="1" colname="col1">§  8</entry><entry VJ="1" colname="col2">Eichschein</entry></row><row><entry VJ="1" colname="col1">§  9</entry><entry VJ="1" colname="col2">Verlängerung des Eichscheins</entry></row><row><entry VJ="1" colname="col1">§ 10</entry><entry VJ="1" colname="col2">Namensänderung</entry></row><row><entry VJ="1" colname="col1">§ 11</entry><entry VJ="1" colname="col2">Berichtigungen im Eichschein</entry></row><row><entry VJ="1" colname="col1">§ 12</entry><entry VJ="1" colname="col2">Vorläufige Eichbescheinigung</entry></row><row><entry VJ="1" colname="col1">§ 13</entry><entry VJ="1" colname="col2">Messgeräte</entry></row></tbody></tgroup></table><Ident Class="S0">Zweiter Abschnitt</Ident><Title Align="auto" Class="S0">Schiffe, die zur Beförderung von Gütern bestimmt sind</Title><table colsep="0" frame="none" pgwide="1" rowsep="0" tocentry="%yes;"><tgroup align="left" char="" charoff="50" cols="2"><colspec colname="col1" colnum="1" colwidth="8*"/><colspec colname="col2" colnum="2" colwidth="72*"/><tbody valign="top"><row><entry VJ="1" colname="col1">§ 14</entry><entry VJ="1" colname="col2">Genauigkeit</entry></row><row><entry VJ="1" colname="col1">§ 15</entry><entry VJ="1" colname="col2">Aufnahme der Maße</entry></row><row><entry VJ="1" colname="col1">§ 16</entry><entry VJ="1" colname="col2">Eichraum</entry></row><row><entry VJ="1" colname="col1">§ 17</entry><entry VJ="1" colname="col2">Leerebene und untere Eichebene</entry></row><row><entry VJ="1" colname="col1">§ 18</entry><entry VJ="1" colname="col2">Obere Eichebene</entry></row><row><entry VJ="1" colname="col1">§ 19</entry><entry VJ="1" colname="col2">Aufmaß und Berechnung</entry></row><row><entry VJ="1" colname="col1">§ 20</entry><entry VJ="1" colname="col2">Eichmarken</entry></row><row><entry VJ="1" colname="col1">§ 21</entry><entry VJ="1" colname="col2">Eichzeichen</entry></row><row><entry VJ="1" colname="col1">§ 22</entry><entry VJ="1" colname="col2">Eichskalen</entry></row><row><entry VJ="1" colname="col1">§ 23</entry><entry VJ="1" colname="col2">Tragfähigkeit</entry></row></tbody></tgroup></table><Ident Class="S0">Dritter Abschnitt</Ident><Title Align="auto" Class="S0">Schiffe, die nicht<BR/> zur Beförderung von Gütern bestimmt sind</Title><table colsep="0" frame="none" pgwide="1" rowsep="0" tocentry="%yes;"><tgroup align="left" char="" charoff="50" cols="2"><colspec colname="col1" colnum="1" colwidth="8*"/><colspec colname="col2" colnum="2" colwidth="72*"/><tbody valign="top"><row><entry VJ="1" colname="col1">§ 24</entry><entry VJ="1" colname="col2">Leerebene und untere Eichebene</entry></row><row><entry VJ="1" colname="col1">§ 25</entry><entry VJ="1" colname="col2">Ebene der größten Eintauchung</entry></row><row><entry VJ="1" colname="col1">§ 26</entry><entry VJ="1" colname="col2">Berechnung</entry></row><row><entry VJ="1" colname="col1">§ 27</entry><entry VJ="1" colname="col2">Tragfähigkeit</entry></row><row><entry VJ="1" colname="col1">§ 28</entry><entry VJ="1" colname="col2">Eichmarken</entry></row><row><entry VJ="1" colname="col1">§ 29</entry><entry VJ="1" colname="col2">Eichzeichen</entry></row></tbody></tgroup></table><Ident Class="S0">Vierter Abschnitt</Ident><Title Align="auto" Class="S0">Sportboot-Eichverfahren</Title><table colsep="0" frame="none" pgwide="1" rowsep="0" tocentry="%yes;"><tgroup align="left" char="" charoff="50" cols="2"><colspec colname="col1" colnum="1" colwidth="8*"/><colspec colname="col2" colnum="2" colwidth="72*"/><tbody valign="top"><row><entry VJ="1" colname="col1">§ 30</entry><entry VJ="1" colname="col2">Allgemeines</entry></row><row><entry VJ="1" colname="col1">§ 31</entry><entry VJ="1" colname="col2">Ebene der größten Eintauchung</entry></row><row><entry VJ="1" colname="col1">§ 32</entry><entry VJ="1" colname="col2">Berechnung der Wasserverdrängung</entry></row><row><entry VJ="1" colname="col1">§ 33</entry><entry VJ="1" colname="col2">Baumuster-Eichung</entry></row><row><entry VJ="1" colname="col1">§ 34</entry><entry VJ="1" colname="col2">Überprüfung von Nachbauten</entry></row><row><entry VJ="1" colname="col1">§ 35</entry><entry VJ="1" colname="col2">Eichbescheinigung</entry></row><row><entry VJ="1" colname="col1">§ 36</entry><entry VJ="1" colname="col2">Eichplakette mit Eichzeichen</entry></row><row><entry VJ="1" colname="col1">§ 37</entry><entry VJ="1" colname="col2">Grenzfälle</entry></row></tbody></tgroup></table><Ident Class="S0">Fünfter Abschnitt</Ident><Title Align="auto" Class="S0">Nacheichungen und Nachprüfungen</Title><table colsep="0" frame="none" pgwide="1" rowsep="0" tocentry="%yes;"><tgroup align="left" char="" charoff="50" cols="2"><colspec colname="col1" colnum="1" colwidth="8*"/><colspec colname="col2" colnum="2" colwidth="72*"/><tbody valign="top"><row><entry VJ="1" colname="col1">§ 38</entry><entry VJ="1" colname="col2">Nacheichung</entry></row><row><entry VJ="1" colname="col1">§ 39</entry><entry VJ="1" colname="col2">Nachprüfung von Eichungen</entry></row></tbody></tgroup></table><Ident Class="S0">Sechster Abschnitt</Ident><Title Align="auto" Class="S0">Übergangs- und Schlussbestimmungen</Title><table colsep="0" frame="none" pgwide="1" rowsep="0" tocentry="%yes;"><tgroup align="left" char="" charoff="50" cols="2"><colspec colname="col1" colnum="1" colwidth="8*"/><colspec colname="col2" colnum="2" colwidth="72*"/><tbody valign="top"><row><entry VJ="1" colname="col1">§ 40</entry><entry VJ="1" colname="col2">Gültigkeit alter Eichscheine</entry></row><row><entry VJ="1" colname="col1">§ 41</entry><entry VJ="1" colname="col2">Inkrafttreten</entry></row></tbody></tgroup></table><P/><Ident Class="S0">Anlagen</Ident><table colsep="0" frame="none" pgwide="1" rowsep="0" tocentry="%yes;"><tgroup align="left" char="" charoff="50" cols="2"><colspec colname="col1" colnum="1" colwidth="14*"/><colspec colname="col2" colnum="2" colwidth="66*"/><tbody valign="top"><row><entry VJ="1" colname="col1">Anlage 1</entry><entry VJ="1" colname="col2">Muster des Eichscheins für Binnenschiffe (Güterbeförderer)</entry></row><row><entry VJ="1" colname="col1">Anlage 2</entry><entry VJ="1" colname="col2">Muster des Eichscheins für Binnenschiffe (Nichtgüterbeförderer)</entry></row><row><entry VJ="1" colname="col1">Anlage 3</entry><entry VJ="1" colname="col2">Muster der Vorläufigen Eichbescheinigung (Güterbeförderer)</entry></row><row><entry VJ="1" colname="col1">Anlage 4</entry><entry VJ="1" colname="col2">Muster der Vorläufigen Eichbescheinigung (Nichtgüterbeförderer)</entry></row><row><entry VJ="1" colname="col1">Anlage 5</entry><entry VJ="1" colname="col2">Muster der Eichbescheinigung für Sportboote</entry></row><row><entry VJ="1" colname="col1">Anlage 6</entry><entry VJ="1" colname="col2">Muster der Eichplakette für Sportboote</entry></row></tbody></tgroup></table></TOC></text><fussnoten/></textdaten></norm>
<norm builddate="20220816214001" doknr="BJNR017850975BJNG000101119"><metadaten><jurabk>BinSchEO</jurabk><gliederungseinheit><gliederungskennzahl>010</gliederungskennzahl><gliederungsbez>Erster Abschnitt</gliederungsbez><gliederungstitel>Allgemeine Vorschriften</gliederungstitel></gliederungseinheit></metadaten><textdaten><text format="XML"><Content><P/></Content></text><fussnoten/></textdaten></norm>
<norm builddate="20220816214001" doknr="BJNR017850975BJNE000905119"><metadaten><jurabk>BinSchEO</jurabk><enbez>§ 1</enbez><titel format="XML">Begriffsbestimmungen</titel></metadaten><textdaten><text format="XML"><Content><P>Im Sinne dieser Verordnung sind: <DL Font="normal" Type="arabic"><DT>1.</DT><DD Font="normal"><LA Size="normal">„Eichung“</LA><LA Size="normal">die Feststellung der von einem Schiff nach Maßgabe seiner Eintauchung verdrängten Wassermenge;</LA></DD><DT>2.</DT><DD Font="normal"><LA Size="normal">„Übereinkommen“</LA><LA Size="normal">das Übereinkommen vom 15. Februar 1966 über die Eichung von Binnenschiffen (Bundesgesetzblatt 1973 II S. 1417), das für die Bundesrepublik Deutschland am 19. April 1975 in Kraft getreten ist;</LA></DD><DT>3.</DT><DD Font="normal"><LA Size="normal">„Zentralstelle“</LA><LA Size="normal">die Generaldirektion Wasserstraßen und Schifffahrt;</LA></DD><DT>4.</DT><DD Font="normal"><LA Size="normal">„Schiffe“</LA><LA Size="normal">Binnenschiffe, die zur Beförderung von Gütern bestimmt sind, und andere auf Binnenwasserstraßen verkehrende Fahrzeuge (z. B. Fahrgastschiffe, Fähren, schwimmende Geräte, Schlepper, Schubboote);</LA></DD><DT>5.</DT><DD Font="normal"><LA Size="normal">„Antragsberechtigte“</LA><LA Size="normal">der Schiffseigentümer, der Schiffseigner oder eine von ihnen beauftragte Person;</LA></DD><DT>6.</DT><DD Font="normal"><LA Size="normal">„Schiffsregisterordnung“</LA><LA Size="normal">Schiffsregisterordnung in der Fassung der Bekanntmachung vom 26. Mai 1994 (BGBl. I S. 1133), die zuletzt durch Artikel 2 des Gesetzes vom 20. Dezember 2012 (BGBl. I S. 2792) geändert worden ist, in der jeweils geltenden Fassung;</LA></DD><DT>7.</DT><DD Font="normal"><LA Size="normal">„Eichgesetz“</LA><LA Size="normal">Eichgesetz in der Fassung der Bekanntmachung vom 23. März 1992 (BGBl. I S. 711), das zuletzt durch Artikel 1 des Gesetzes vom 7. März 2011 (BGBl. I S. 338) geändert worden ist, in der jeweils geltenden Fassung;</LA></DD><DT>8.</DT><DD Font="normal"><LA Size="normal">„Binnenschiffsuntersuchungsordnung“</LA><LA Size="normal">Binnenschiffsuntersuchungsordnung vom 21. September 2018 (BGBl. I S. 1398, 2032), die zuletzt durch Artikel 1 der Verordnung vom 5. Januar 2022 (BGBl. I S. 2) geändert worden ist, in der jeweils geltenden und anzuwendenden Fassung.</LA></DD></DL></P></Content></text><fussnoten/></textdaten></norm>
<norm builddate="20220816214001" doknr="BJNR017850975BJNE001001119"><metadaten><jurabk>BinSchEO</jurabk><enbez>§ 2</enbez><titel format="XML">Anwendungsbereich</titel></metadaten><textdaten><text format="XML"><Content><P>Diese Verordnung gilt für die Eichung von Schiffen auf Bundeswasserstraßen.</P></Content></text><fussnoten/></textdaten></norm>
<norm builddate="20220816214001" doknr="BJNR017850975BJNE001103119"><metadaten><jurabk>BinSchEO</jurabk><enbez>§ 3</enbez><titel format="XML">Schiffseichamt</titel></metadaten><textdaten><text format="XML"><Content><P>(1) Die Eichung von Schiffen obliegt der Zentralstelle mit ihrem Außendienst als Schiffseichamt.</P><P>(2) Die Kennbuchstaben des Schiffseichamtes und die Sitze des Außendienstes werden durch das Bundesministerium für Verkehr und digitale Infrastruktur im Verkehrsblatt oder Bundesanzeiger bekanntgemacht.</P></Content></text><fussnoten/></textdaten></norm>
<norm builddate="20220816214001" doknr="BJNR017850975BJNE001204119"><metadaten><jurabk>BinSchEO</jurabk><enbez>§ 4</enbez><titel format="XML">Zentralstelle</titel></metadaten><textdaten><text format="XML"><Content><P>(1) Die Zentralstelle nimmt die Aufgaben der Zentralstelle nach Artikel 8 des Übereinkommens wahr.</P><P>(2) Die Zentralstelle hat die Aufgaben <DL Type="arabic"><DT>1.</DT><DD Font="normal"><LA>die Eichscheine und die Eichbescheinigungen zu erteilen;</LA></DD><DT>2.</DT><DD Font="normal"><LA>die Messungen und Berechnungen des Außendienstes zu prüfen und erforderlichenfalls zu berichtigen; dies gilt nicht für Eichungen im Sportboot-Eichverfahren;</LA></DD><DT>3.</DT><DD Font="normal"><LA>die Messgeräte zu überprüfen und die Art ihrer Verwendung zu überwachen sowie ihre Neubeschaffung zu regeln;</LA></DD><DT>4.</DT><DD Font="normal"><LA>Nachprüfungen der Angaben des Eichscheines von Amts wegen oder auf Verlangen des Antragsberechtigten anzuordnen und zu überwachen;</LA></DD><DT>5.</DT><DD Font="normal"><LA>das Eichpersonal fachlich zu unterweisen.</LA></DD></DL>Die Zentralstelle kann sich dabei des Bundesamtes für Seeschifffahrt und Hydrographie bedienen.</P><P>(3) Beauftragte der Zentralstelle können an Schiffseichungen teilnehmen.</P></Content></text><fussnoten/></textdaten></norm>
<norm builddate="20220816214001" doknr="BJNR017850975BJNE001302119"><metadaten><jurabk>BinSchEO</jurabk><enbez>§ 5</enbez><titel format="XML">(weggefallen)</titel></metadaten><textdaten><text format="XML"><Content><P/></Content></text><fussnoten/></textdaten></norm>
<norm builddate="20220816214001" doknr="BJNR017850975BJNE001401119"><metadaten><jurabk>BinSchEO</jurabk><enbez>§ 6</enbez><titel format="XML">Arten der Eichung</titel></metadaten><textdaten><text format="XML"><Content><P>(1) Bei Schiffen, die zur Beförderung von Gütern bestimmt sind, wird die Wasserverdrängung bei bestimmten Schwimmebenen und die größte Tragfähigkeit festgestellt (Zweiter Abschnitt).</P><P>(2) Bei Schiffen, die nicht zur Beförderung von Gütern bestimmt sind, wird die Wasserverdrängung in der Schwimmebene der größten Eintauchung festgestellt (Dritter Abschnitt).</P><P>(3) Bei Wasserfahrzeugen, die für Sport- oder Erholungszwecke verwendet werden (Sportboote), wird die Wasserverdrängung bei größter Eintauchung im vereinfachten Verfahren (Sportboot-Eichverfahren) festgestellt (Vierter Abschnitt), sofern nicht der Antragsberechtigte die Eichung nach dem Dritten Abschnitt begehrt.</P></Content></text><fussnoten/></textdaten></norm>
<norm builddate="20220816214001" doknr="BJNR017850975BJNE001504119"><metadaten><jurabk>BinSchEO</jurabk><enbez>§ 7</enbez><titel format="XML">Voraussetzungen</titel></metadaten><textdaten><text format="XML"><Content><P>(1) Voraussetzungen für eine Eichung sind, dass <DL Type="arabic"><DT>1.</DT><DD Font="normal"><LA>ein Antrag gestellt wird;</LA></DD><DT>2.</DT><DD Font="normal"><LA>das Schiff unbeladen und ohne losen Ballast bereitgestellt wird und die Verbrauchsstoffe und Vorräte auf ein vertretbares Mindestmaß (§ 17) begrenzt sind;</LA></DD><DT>3.</DT><DD Font="normal"><LA>das Schiff vollständig ausgerüstet und eingerichtet ist und</LA></DD><DT>4.</DT><DD Font="normal"><LA>das Schiff in ruhigem und strömungsfreiem Wasser liegt und mit einem Ponton umfahren werden kann.</LA></DD></DL></P><P>(2) Bei Schiffen, die nicht zur Beförderung von Gütern bestimmt sind, wird Absatz 1 Nummer 2 nicht angewendet.</P><P>(3) Bei der Eichung nach § 26 Absatz 1 Nummer 1 ist das Schiff auf Verlangen des Schiffseichamts an Land bereitzustellen.</P><P>(4) Absatz 1 Nummer 1 und 2 ist im Sportboot-Eichverfahren nicht anzuwenden. Es ist jedoch ein formloser Antrag zu stellen.</P><P>(5) Ort und Zeitpunkt einer Eichung sind spätestens eine Woche vor dem gewünschten Termin mit dem Schiffseichamt zu vereinbaren. Die Eichung soll am ständigen Eichplatz an einem Sitz des Außendienstes stattfinden.</P></Content></text><fussnoten/></textdaten></norm>
<norm builddate="20220816214001" doknr="BJNR017850975BJNE001604119"><metadaten><jurabk>BinSchEO</jurabk><enbez>§ 8</enbez><titel format="XML">Eichschein</titel></metadaten><textdaten><text format="XML"><Content><P>(1) Das Schiffseichamt stellt für jedes von ihm geeichte Schiff einen Eichschein aus, und zwar <DL Type="arabic"><DT>1.</DT><DD Font="normal"><LA>bei Verfahren nach dem zweiten Abschnitt entsprechend dem Muster der Anlage 1;</LA></DD><DT>2.</DT><DD Font="normal"><LA>bei Verfahren nach dem dritten Abschnitt entsprechend dem Muster der Anlage 2.</LA></DD></DL>Über jede Eichung ist ein Nachweis zu fertigen.</P><P>(2) Das Schiffseichamt trägt jeden von ihm ausgestellten Eichschein unter fortlaufender Nummer in ein Eichverzeichnis ein.</P><P>(3) Die Geltungsdauer eines Eichscheins darf auf höchstens 15 Jahre festgesetzt werden. Auf jedem Eichschein ist der Tag anzugeben, an dem er ungültig wird.</P><P>(4) Ungeachtet der auf dem Eichschein angegebenen Geltungsdauer wird dieser ungültig, wenn das Schiff solche Änderungen (Reparaturen, Umbauten, bleibende Formänderungen) erfährt, dass die Angaben des Eichscheins über die Wasserverdrängung für gegebene Eintauchungen oder über die größte Tragfähigkeit nicht mehr zutreffen. Bestehen Zweifel an der Richtigkeit der vorstehenden Angaben, sind diese von Amts wegen nach § 9 Absatz 2 zu überprüfen.</P><P>(5) Ungültig gewordene Eichscheine werden eingezogen.</P></Content></text><fussnoten/></textdaten></norm>
<norm builddate="20220816214001" doknr="BJNR017850975BJNE001703119"><metadaten><jurabk>BinSchEO</jurabk><enbez>§ 9</enbez><titel format="XML">Verlängerung des Eichscheins</titel></metadaten><textdaten><text format="XML"><Content><P>(1) Die Verlängerung der Geltungsdauer eines Eichscheins kann bei dem Schiffseichamt beantragt werden. Die Geltungsdauer ist zu verlängern, wenn nach einer Überprüfung an Bord und nach einer vom Schiffseichamt für notwendig gehaltenen Einsichtnahme in die der Ausstellung des Eichscheins zugrunde liegende Schiffseichakte festgestellt wird, dass die Angaben des Eichscheins gültig bleiben. Hiervon ausgenommen sind Eichscheine für Schiffe nach § 6 Absatz 1, die in Staaten ausgestellt worden sind, welche eine Verlängerung durch Schiffseichämter anderer Vertragsparteien ausgeschlossen oder beschränkt haben. Um welche Staaten es sich handelt, wird im Verkehrsblatt bekanntgemacht.</P><P>(2) Zur Überprüfung, ob die Angaben des Eichscheins gültig bleiben, werden <DL Type="arabic"><DT>1.</DT><DD Font="normal"><LA>Länge, Breite und Leereintauchtiefe an der Stelle jeder Eichmarke kontrolliert und</LA></DD><DT>2.</DT><DD Font="normal"><LA>in Fällen, in denen das Schiff bleibende Formänderungen aufweist, die betreffenden Breiten kontrolliert und mit den Berechnungsunterlagen der letzten Eichung verglichen, um festzustellen, ob diese Formänderungen vor oder nach der Eichung eingetreten sind.</LA></DD></DL>Die Angaben des Eichscheins sind nicht mehr als gültig anzusehen, wenn die auf Grund von Veränderungen der Leertauchung oder bleibender Veränderungen der Abmessungen des Schiffskörpers errechnete größte Wasserverdrängung oder größte Tragfähigkeit um mehr als die in § 14 angegebenen Fehlergrenzen von den bei der letzten vollständigen Eichung festgestellten Werten abweichen.</P><P>(3) Die Geltungsdauer eines Eichscheins darf für Schiffe, die nicht zur Beförderung von Gütern bestimmt sind, um höchstens 15 Jahre und im übrigen um höchstens 10 Jahre verlängert werden.</P><P>(4) (weggefallen)</P><P>(5) Die Geltungsdauer des Eichscheins kann ausnahmsweise auf begründeten Antrag durch das Schiffseichamt um höchstens sechs Monate ohne eine Überprüfung nach den Absätzen 1 und 2 verlängert werden.</P></Content></text><fussnoten/></textdaten></norm>
<norm builddate="20220816214001" doknr="BJNR017850975BJNE001802119"><metadaten><jurabk>BinSchEO</jurabk><enbez>§ 10</enbez><titel format="XML">Namensänderung</titel></metadaten><textdaten><text format="XML"><Content><P>Wird der Name oder die Devise des Schiffes geändert, hat der Eigentümer dies dem Schiffseichamt mitzuteilen. Es trägt die erforderliche Berichtigung in der im Eichschein dafür vorgesehenen Rubrik ein.</P></Content></text><fussnoten/></textdaten></norm>
<norm builddate="20220816214001" doknr="BJNR017850975BJNE001902119"><metadaten><jurabk>BinSchEO</jurabk><enbez>§ 11</enbez><titel format="XML">Berichtigungen im Eichschein</titel></metadaten><textdaten><text format="XML"><Content><P>(1) Wird durch eine Veränderung des Schiffes, die die Ungültigkeit des Eichscheins nach § 8 Absatz 4 in Verbindung mit § 9 Absatz 2 nicht zur Folge hat, eine Berichtigung erforderlich, ist diese und gegebenenfalls deren Befristung in den dafür vorgesehenen Rubriken im Eichschein einzutragen.</P><P>(2) Berichtigungen in einem Eichschein, der von einem Schiffseichamt einer anderen Vertragspartei ausgestellt worden ist, dürfen nur <DL Type="arabic"><DT>1.</DT><DD Font="normal"><LA>mit schriftlicher Genehmigung dieses Schiffseichamtes oder</LA></DD><DT>2.</DT><DD Font="normal"><LA>ohne schriftliche Genehmigung dieses Schiffseichamtes für eine Geltungsdauer von höchstens drei Monaten</LA></DD></DL>vorgenommen werden.</P></Content></text><fussnoten/></textdaten></norm>
<norm builddate="20220816214001" doknr="BJNR017850975BJNE002002119"><metadaten><jurabk>BinSchEO</jurabk><enbez>§ 12</enbez><titel format="XML">Vorläufige Eichbescheinigung</titel></metadaten><textdaten><text format="XML"><Content><P>Auf Antrag kann eine auf höchstens sechs Monate befristete vorläufige Eichbescheinigung über das vorläufige Eichergebnis ausgestellt werden, und zwar <DL Type="arabic"><DT>1.</DT><DD Font="normal"><LA>bei Verfahren nach dem zweiten Abschnitt entsprechend dem Muster der Anlage 3;</LA></DD><DT>2.</DT><DD Font="normal"><LA>bei Verfahren nach dem dritten Abschnitt entsprechend dem Muster der Anlage 4.</LA></DD></DL>Eine vorläufige Eichbescheinigung verliert mit der Aushändigung des Eichscheins ihre Gültigkeit.</P></Content></text><fussnoten/></textdaten></norm>
<norm builddate="20220816214001" doknr="BJNR017850975BJNE002103119"><metadaten><jurabk>BinSchEO</jurabk><enbez>§ 13</enbez><titel format="XML">Messgeräte</titel></metadaten><textdaten><text format="XML"><Content><P>Bei der Eichung sind Messgeräte der nachfolgend genannten Art zu verwenden, die den Bestimmungen des Mess- und Eichgesetzes entsprechen müssen: <DL Type="arabic"><DT>1.</DT><DD Font="normal"><LA>Messbänder,</LA></DD><DT>2.</DT><DD Font="normal"><LA>Maßstäbe von 4 Meter, 3 Meter, 2 Meter, 1 Meter und 0,5 Meter Länge; sie müssen aus dauerhaftem und maßhaltigem Werkstoff bestehen und schwimmfähig sein; an einer Seite muss eine Skala mit Zentimeterteilung eingearbeitet sein, die über die ganze Länge verläuft;</LA></DD><DT>3.</DT><DD Font="normal"><LA>Gliedermaßstäbe von 2 Meter Länge;</LA></DD><DT>4.</DT><DD Font="normal"><LA>Maßstäbe zur Messung der Eintauchungen in Beschaffenheit und Ausstattung nach Nummer 2, an denen eine Anschlagplatte so angebracht ist, dass in der Betriebsstellung die Einhaltung eines rechten Winkels gewährleistet wird und die so lang sein muss, dass mit ihrer Oberkante waagerecht das Anlegen an den tiefsten Punkt des Schiffsbodens möglich ist; auf beiden Seiten müssen Skalen in Zentimeterteilung angebracht werden, deren Nullpunkte im Scheitel des Winkels liegen.</LA></DD></DL></P></Content></text><fussnoten/></textdaten></norm>
<norm builddate="20220816214001" doknr="BJNR017850975BJNG000201119"><metadaten><jurabk>BinSchEO</jurabk><gliederungseinheit><gliederungskennzahl>020</gliederungskennzahl><gliederungsbez>Zweiter Abschnitt</gliederungsbez><gliederungstitel>Schiffe, die zur Beförderung von Gütern bestimmt sind</gliederungstitel></gliederungseinheit></metadaten><textdaten><text format="XML"><Content><P/></Content></text><fussnoten/></textdaten></norm>
<norm builddate="20220816214001" doknr="BJNR017850975BJNE002201119"><metadaten><jurabk>BinSchEO</jurabk><enbez>§ 14</enbez><titel format="XML">Genauigkeit</titel></metadaten><textdaten><text format="XML"><Content><P>Die Eichung soll so sorgfältig durchgeführt werden, dass eine Genauigkeit im Ergebnis erreicht wird, deren Fehler geringer sind als <DL Type="Dash"><DT>–</DT><DD Font="normal"><LA>1 % bei einer Verdrängung von höchstens 500 m<SUP>3</SUP>,</LA></DD><DT>–</DT><DD Font="normal"><LA>5 m<SUP>3</SUP> bei einer Verdrängung von mehr als 500 m<SUP>3</SUP> bis zu 2 000 m<SUP>3</SUP>,</LA></DD><DT>–</DT><DD Font="normal"><LA>¼ % bei einer Verdrängung von mehr als 2 000 m<SUP>3</SUP>,</LA></DD></DL>gleichviel, ob es sich um die Höchstverdrängung oder um Verdrängungen handelt, die gegebenen Eintauchungsunterschieden entsprechen.</P></Content></text><fussnoten/></textdaten></norm>
<norm builddate="20220816214001" doknr="BJNR017850975BJNE002301119"><metadaten><jurabk>BinSchEO</jurabk><enbez>§ 15</enbez><titel format="XML">Aufnahme der Maße</titel></metadaten><textdaten><text format="XML"><Content><P>(1) Alle Maße werden am Schiff selbst genommen.</P><P>(2) Längen- und Breitenmaße werden in Zentimetern, Höhenmaße in Millimetern ermittelt.</P><P>(3) Maße zugänglicher Teile, die wegen der Größe und Gestaltung des Rumpfes nicht mit ausreichender Genauigkeit festgestellt werden können (große Seitenhöhe oder weite Überhänge), sind mit den entsprechenden Maßen aus technischen Zeichnungen zu vergleichen und gegebenenfalls zu berichtigen.</P><P>(4) Unzugängliche Teile dürfen nach technischen Zeichnungen aufgemessen werden.</P><P>(5) Die in den Absätzen 3 und 4 genannten technischen Zeichnungen müssen nach Maßstab und Maßhaltigkeit für die Eichung geeignet sein.</P></Content></text><fussnoten/></textdaten></norm>
<norm builddate="20220816214001" doknr="BJNR017850975BJNE002401119"><metadaten><jurabk>BinSchEO</jurabk><enbez>§ 16</enbez><titel format="XML">Eichraum</titel></metadaten><textdaten><text format="XML"><Content><P>Der Eichraum ist der auszumessende Teil des Schiffes, der von der Leerebene (§ 17), der oberen Eichebene (§ 18) und den Außenseiten der zwischen diesen Ebenen liegenden Schiffswandung eingeschlossen ist. Nischen, Anhänge und Ausbuchtungen in diesem Bereich (z. B. Ankertaschen, Wellentunnel) sind bei der Ausmessung zu berücksichtigen.</P></Content></text><fussnoten/></textdaten></norm>
<norm builddate="20220816214001" doknr="BJNR017850975BJNE002501119"><metadaten><jurabk>BinSchEO</jurabk><enbez>§ 17</enbez><titel format="XML">Leerebene und untere Eichebene</titel></metadaten><textdaten><text format="XML"><Content><P>(1) Die Leerebene ist diejenige Schwimmebene, welche das Schiff in Süßwasser (Dichte = 1) in folgendem Zustand einnimmt: <DL Font="normal" Type="arabic"><DT>1.</DT><DD Font="normal"><LA Size="normal">Das Schiff trägt die Ausrüstung, die Einrichtung, die Vorräte und die Besatzung, die sich während der Fahrt normalerweise an Bord befinden. Dabei darf der Brauchwasservorrat 0,5 v. H. der maximalen Wasserverdrängung nicht merklich überschreiten. Wasser, das mit den üblichen Lenzeinrichtungen aus dem Schiffsraum nicht entfernt werden kann, darf an Bord verbleiben.</LA></DD><DT>2.</DT><DD Font="normal"><LA Size="normal">Die Maschinen, Kessel, Rohrleitungen und Anlagen, die dem Antrieb oder den Nebenzwecken sowie der Erzeugung von Wärme oder Kälte dienen, enthalten das Wasser, das Öl oder die Flüssigkeiten, mit denen sie normalerweise für ihren Betrieb versehen sind.</LA></DD><DT>3.</DT><DD Font="normal"><LA Size="normal">Es befinden sich weder Brennstoff in Tanks noch beweglicher Ballast an Bord.</LA></DD></DL></P><P>(2) Befindet sich das Schiff bei seiner Eichung nicht im vorstehend unter Absatz 1 angegebenen Zustand und befindet sich das Schiff auch nicht in einem Zustand, der zur gleichen Eintauchung und annähernd zur gleichen Schwimmlage führt wie der unter Absatz 1 angegebene Zustand, werden die Gewichtsunterschiede und gegebenenfalls der Unterschied in der Wasserdichte rechnerisch berücksichtigt. Im Ergebnis dürfen die Gewichtsunterschiede nicht mehr als 2 v. H. der maximalen Wasserverdrängung betragen.</P><P>(3) Die Gewichte der Gegenstände, die sich entsprechend Absatz 1 an Bord befinden, sind in der Rubrik 24 bis 27 des Eichscheins einzutragen.</P><P>(4) Diejenige Schwimmebene, welche das Schiff im Zustand nach Absatz 2 einnimmt, wird als untere Eichebene bezeichnet.</P></Content></text><fussnoten/></textdaten></norm>
<norm builddate="20220816214001" doknr="BJNR017850975BJNE002601119"><metadaten><jurabk>BinSchEO</jurabk><enbez>§ 18</enbez><titel format="XML">Obere Eichebene</titel></metadaten><textdaten><text format="XML"><Content><P>(1) Die obere Eichebene ist diejenige Schwimmebene, welche das Schiff einnimmt, wenn es unvertrimmt in der Ebene der höchstzulässigen Eintauchung, bei der das Schiff fahren kann, schwimmt.</P><P>(2) Die obere Eichebene wird so gelegt, dass sie dem kleinsten Freibord entspricht, den das zu eichende Schiff einzuhalten hat.</P></Content></text><fussnoten/></textdaten></norm>
<norm builddate="20220816214001" doknr="BJNR017850975BJNE002701119"><metadaten><jurabk>BinSchEO</jurabk><enbez>§ 19</enbez><titel format="XML">Aufmaß und Berechnung</titel></metadaten><textdaten><text format="XML"><Content><P>(1) Der Eichraum wird bei Schiffen, die in der Leerebene unvertrimmt schwimmen, durch waagerechte Flächen, die parallel verlaufen, oder – bei im leeren Zustand vertrimmten Schiffen – durch Flächen, die sich in einer Geraden schneiden, in Eichschichten geteilt.</P><P>(2) Die Dicke der Eichschichten ist so zu wählen, dass die Berechnung ihres Rauminhaltes mit der in § 14 geforderten Genauigkeit erfolgen kann und dass die Arealkurve nach Absatz 7 einen gleichmäßigen Verlauf erhält.</P><P>(3) Für das Aufmaß der Flächen nach Absatz 1 (Schnittflächen) und zur Berechnung ihrer Inhalte wird der Eichraum durch Querschnitte, deren Lage sich nach der Schiffsform richtet, geteilt: in einen Mittelteil, einen vorderen und einen hinteren Endteil und – wenn notwendig – in einen vorderen und einen hinteren Überhang.</P><P>(4) Der Mittelteil erstreckt sich über die Länge, in der die Außenwände über die ganze Höhe des Eichraums parallel oder annähernd parallel zur Längsachse des Schiffes verlaufen. Daran schließen sich die Endteile an, die bis zu den Schnittpunkten der unteren Eichebene mit den Steven reichen. Die so erhaltenen Flächenabschnitte werden, sofern ihre seitlichen Begrenzungen gleichmäßig gekrümmt verlaufen, durch Ordinaten senkrecht zur Längsachse in mindestens vier Teile gleicher Länge unterteilt. Die Flächeninhalte der Überhänge werden – wenn erforderlich – gesondert berechnet.</P><P>(5) Flächenabschnitte mit Knick in der Begrenzungskurve sind an der Stelle des Knicks zu teilen. Der Inhalt jeder Teilfläche ist gesondert zu berechnen.</P><P>(6) Für die Berechnung der Flächeninhalte der von Kurven begrenzten Schnittflächen nach den Absätzen 3, 4 und 5 ist die I. Simpsonregel anzuwenden.</P><P>(7) Zur Vorbereitung der Berechnung der Rauminhalte sind die nach den Absätzen 3 bis 6 errechneten Flächeninhalte der Schnittflächen als Kurve (Arealkurve) in Abhängigkeit von den jeweiligen gemittelten Eintauchungen aufzutragen. Die gemittelten Eintauchungen der Schnittflächen ergeben sich <DL Type="arabic"><DT>1.</DT><DD Font="normal"><LA>bei parallelen Flächen nach Absatz 1 aus der Aufteilung nach Absatz 2,</LA></DD><DT>2.</DT><DD Font="normal"><LA>bei sich schneidenden Flächen nach Absatz 1 aus dem senkrechten Abstand der jeweiligen Schnittfläche von der gemittelten unteren Eichebene bis zum Schnittpunkt dieser Schnittfläche mit der Senkrechten, die durch den aus oberer und unterer Eichebene gemittelten Schwerpunkt verläuft.</LA></DD></DL></P><P>(8) Für die Berechnung der Rauminhalte der Eichschichten wird zunächst die Gesamthöhe der Arealkurve, ausgehend von der Leerebene, in neue Eichschichten mit 10 cm Schichthöhe aufgeteilt. Der Rauminhalt dieser Eichschichten wird jeweils durch Multiplikation der halben Summe der Flächeninhalte ihrer oberen und unteren Begrenzungsflächen mit der Schichtdicke von 0,1 m bestimmt.</P><P>(9) Teilt man den Rauminhalt einer Eichschicht durch ihre mittlere Dicke in Zentimetern, so erhält man die mittlere Zunahme der Wasserverdrängung für jeden Zentimeter der Eichschicht.</P><P>(10) Je nach Antrag ist die Wasserverdrängung je Zentimeter und die Zunahme der Wasserverdrängung von Zentimeter zu Zentimeter – von der Leerebene beginnend – in der Tabelle der Rubrik 33 im Eichschein einzutragen.</P></Content></text><fussnoten/></textdaten></norm>
<norm builddate="20220816214001" doknr="BJNR017850975BJNE002802119"><metadaten><jurabk>BinSchEO</jurabk><enbez>§ 20</enbez><titel format="XML">Eichmarken</titel></metadaten><textdaten><text format="XML"><Content><P>(1) An den Seiten des Schiffes sind paarweise Eichmarken anzubringen; sie müssen zur senkrechten Ebene durch die Längsachse des Schiffes symmetrisch angeordnet sein.</P><P>(2) Schiffe bis zu 40 m Länge erhalten 2, alle anderen Schiffe 3 Eichmarkenpaare.<DL Type="arabic"><DT>1.</DT><DD Font="normal"><LA>Schiffe mit 2 Eichmarkenpaaren:</LA><LA>Ihr Abstand voneinander muss etwa die Hälfte der Schiffslänge betragen und ihre Entfernung gleichen Abstand haben von der Querschnittsebene, die durch den aus oberer und unterer Eichebene gemittelten Schwerpunkt verläuft.</LA></DD><DT>2.</DT><DD Font="normal"><LA>Schiffe mit 3 Eichmarkenpaaren:</LA><LA>Das mittlere Eichmarkenpaar ist in der Querschnittsebene, die durch den gemittelten Schwerpunkt verläuft, anzubringen. Die anderen Eichmarkenpaare sollen etwa ⅓ der Länge des Schiffes vor beziehungsweise hinter dem mittleren liegen. Ihre Abstände müssen gleich sein.</LA></DD></DL></P><P>(3) Jede Eichmarke wird dargestellt durch einen waagerechten Strich von 30 cm Länge, der in der Ebene der Eintauchung liegt, bis zu der das Schiff geeicht wurde, und durch einen senkrechten Strich von 20 cm Länge, der von der Mitte des waagerechten Striches nach unten abgesetzt ist. Die Eichmarke wird durch Striche ergänzt, die mit dem waagerechten Strich ein Rechteck von 4 cm Höhe bilden, bei dem dieser Strich die Unterseite darstellt. Die Striche werden eingemeißelt oder eingeschlagen.</P><P>(4) Anstelle der Eichmarken nach Absatz 3 können Eichplatten von 30 cm Länge und 4 cm Höhe fest angebracht werden, deren unterer Rand der Ebene der Eintauchung entspricht, bis zu der das Schiff geeicht wurde, und deren Mitte durch einen senkrechten Strich gekennzeichnet ist.</P><P>(5) Wenn die Eichmarken in gleicher Höhe wie die Einsenkungsmarken für die Zonen 1, 2 oder 4 liegen, so beträgt die Höhe des Rechtecks nach Absatz 3 nur 3 cm.</P></Content></text><fussnoten/></textdaten></norm>
<norm builddate="20220816214001" doknr="BJNR017850975BJNE002902119"><metadaten><jurabk>BinSchEO</jurabk><enbez>§ 21</enbez><titel format="XML">Eichzeichen</titel></metadaten><textdaten><text format="XML"><Content><P>(1) Als Nachweis der Eichung wird dem Schiff ein Eichzeichen gegeben.</P><P>(2) Das Eichzeichen besteht aus den Kennbuchstaben des Schiffseichamtes und der Nummer des Eichscheins.</P><P>(3) Das Eichzeichen wird innerhalb des Rechtecks der mittleren Eichmarken eingeschlagen. Erhält ein Schiff nur zwei Eichmarkenpaare, so wird das Eichzeichen an den hinteren Eichmarken eingeschlagen.</P><P>(4) Hat das Schiff Eichplatten nach § 20 Absatz 4 erhalten, so werden die Eichzeichen auf diesen Platten unaustilgbar angebracht.</P><P>(5) Das Eichzeichen wird ebenfalls in unaustilgbaren Schriftzeichen an einer gut sichtbaren Stelle auf einem Teil des Schiffes angebracht, der fest, vor Stößen geschützt und dem Verschleiß wenig ausgesetzt ist. Diese Stelle ist im Eichschein in der Rubrik 31 anzugeben.</P></Content></text><fussnoten/></textdaten></norm>
<norm builddate="20220816214001" doknr="BJNR017850975BJNE003001119"><metadaten><jurabk>BinSchEO</jurabk><enbez>§ 22</enbez><titel format="XML">Eichskalen</titel></metadaten><textdaten><text format="XML"><Content><P>Unter jeder Eichmarke kann eine Eichskala angebracht werden. Der Nullpunkt dieser Skala ist auf die waagerechte Ebene zu beziehen, die im beladenen Zustand die tiefste Stelle des Schiffsbodens oder – wenn ein Kiel vorhanden ist – die Unterkante des Kiels in der senkrechten Ebene an der Stelle der Skala berührt.</P></Content></text><fussnoten/></textdaten></norm>
<norm builddate="20220816214001" doknr="BJNR017850975BJNE003101119"><metadaten><jurabk>BinSchEO</jurabk><enbez>§ 23</enbez><titel format="XML">Tragfähigkeit</titel></metadaten><textdaten><text format="XML"><Content><P>Die Tragfähigkeit in Süßwasser mit der Dichte 1 entspricht der Wasserverdrängung von der Leerebene bis zur oberen Eichebene. Die Tragfähigkeit ist in Tonnen anzugeben und in Rubrik 22 des Eichscheins einzutragen, wobei auf 3 Dezimalstellen gerundet wird.</P></Content></text><fussnoten/></textdaten></norm>
<norm builddate="20220816214001" doknr="BJNR017850975BJNG000301119"><metadaten><jurabk>BinSchEO</jurabk><gliederungseinheit><gliederungskennzahl>030</gliederungskennzahl><gliederungsbez>Dritter Abschnitt</gliederungsbez><gliederungstitel>Schiffe, die nicht zur Beförderung von Gütern bestimmt sind</gliederungstitel></gliederungseinheit></metadaten><textdaten><text format="XML"><Content><P/></Content></text><fussnoten/></textdaten></norm>
<norm builddate="20220816214001" doknr="BJNR017850975BJNE003201119"><metadaten><jurabk>BinSchEO</jurabk><enbez>§ 24</enbez><titel format="XML">Leerebene und untere Eichebene</titel></metadaten><textdaten><text format="XML"><Content><P>(1) Die Leerebene und die untere Eichebene sind die in § 17 Absatz 1 und 4 genannten Schwimmebenen.</P><P>(2) Die Angaben nach § 17 Absatz 3 sind im Eichschein einzutragen.</P></Content></text><fussnoten/></textdaten></norm>
<norm builddate="20220816214001" doknr="BJNR017850975BJNE003302119"><metadaten><jurabk>BinSchEO</jurabk><enbez>§ 25</enbez><titel format="XML">Ebene der größten Eintauchung</titel></metadaten><textdaten><text format="XML"><Content><P>(1) Bei Schiffen, die der Untersuchungspflicht nach der Binnenschiffsuntersuchungsordnung unterliegen, wird die Ebene der größten Eintauchung entsprechend § 18 Absatz 2 festgelegt.</P><P>(2) Bei Schiffen, die keiner Untersuchungspflicht nach der Binnenschiffsuntersuchungsordnung unterliegen, und deren größte zulässige Eintauchung durch andere Vorschriften nicht bestimmt wird, ist die Ebene der größten Eintauchung die Schwimmebene, welche das betriebsfertig ausgerüstete und besetzte Schiff einnimmt, wenn alle Verbrauchsstoffe, wie Brenn- und Schmierstoffe, Wasser und Proviant sowie gegebenenfalls vorgesehene Personen an Bord sind.</P></Content></text><fussnoten/></textdaten></norm>
<norm builddate="20220816214001" doknr="BJNR017850975BJNE003401119"><metadaten><jurabk>BinSchEO</jurabk><enbez>§ 26</enbez><titel format="XML">Berechnung</titel></metadaten><textdaten><text format="XML"><Content><P>(1) Die Feststellung der Wasserverdrängung nach § 6 Absatz 2 erfolgt entweder <DL Font="normal" Type="arabic"><DT>1.</DT><DD Font="normal"><LA Size="normal">durch Berechnung unter Anwendung der I. Simpsonregel nach Maßen, die am Schiff selbst gemessen oder nach Angaben, die technischen Zeichnungen entnommen werden; bei Verwendung von Zeichnungen sind Länge, Breite und Tiefgang am schwimmenden Schiff zu kontrollieren, oder</LA></DD><DT>2.</DT><DD Font="normal"><LA Size="normal">durch Berechnung nach der Formel</LA><LA Size="normal">V<SUB>n</SUB> = L · B · T<SUB>n</SUB> · δ;</LA><LA Size="normal">darin ist <table frame="none" pgwide="0" tocentry="%yes;"><tgroup align="left" char="" charoff="50" cols="3"><colspec colname="col1" colwidth="5*"/><colspec colname="col2" colwidth="3.5*"/><colspec align="justify" colname="col3" colwidth="66.5*"/><tbody valign="top"><row><entry VJ="1" colname="col1" colsep="0" rowsep="0">V<SUB>n</SUB></entry><entry VJ="1" colname="col2" colsep="0" rowsep="0">–</entry><entry VJ="1" colname="col3" rowsep="0">die Wasserverdrängung in m<SUP>3</SUP> bis zur Eintauchtiefe T<SUB>n</SUB>,</entry></row><row><entry VJ="1" colname="col1" colsep="0" rowsep="0">L</entry><entry VJ="1" colname="col2" colsep="0" rowsep="0">–</entry><entry VJ="1" colname="col3" rowsep="0">die Länge des Schiffsrumpfes in der Schwimmebene in m,</entry></row><row><entry VJ="1" colname="col1" colsep="0" rowsep="0">B</entry><entry VJ="1" colname="col2" colsep="0" rowsep="0">–</entry><entry VJ="1" colname="col3" rowsep="0">die Breite des Schiffsrumpfes in der Schwimmebene an der breitesten Stelle in m,</entry></row><row><entry VJ="1" colname="col1" colsep="0" rowsep="0">T<SUB>n</SUB></entry><entry VJ="1" colname="col2" colsep="0" rowsep="0">–</entry><entry VJ="1" colname="col3" rowsep="0">die Eintauchtiefe des Schiffes bei ½ L bis zur bezogenen Schwimmebene,</entry></row><row><entry VJ="1" colname="col1" colsep="0">δ</entry><entry VJ="1" colname="col2" colsep="0">–</entry><entry VJ="1" colname="col3">der Völligkeitsgrad der Verdrängung.</entry></row></tbody></tgroup></table></LA><LA Size="normal">Die Maße werden ohne Berücksichtigung von Anhängen oder Einbuchtungen am Schiff selbst oder technischen Zeichnungen entnommen, wobei T<SUB>n</SUB> am schwimmenden Schiff zu kontrollieren ist.</LA><LA Size="normal">Als Völligkeitsgrad δ ist der für die betreffende Schiffsgattung allgemein gebräuchliche Wert anzunehmen; für alle schlanken Schiffe (Fahrgastschiffe, Schlepper usw.) ist δ = 0,7.</LA></DD></DL></P><P>(2) Für die im Absatz 1 Nummer 1 und 2 genannten technischen Zeichnungen gelten die Bestimmungen des § 15 Absatz 5.</P><P>(3) Nur die Wasserverdrängung bei größter Eintauchung wird im Eichschein (Rubrik 34) eingetragen.</P></Content></text><fussnoten/></textdaten></norm>
<norm builddate="20220816214001" doknr="BJNR017850975BJNE003501119"><metadaten><jurabk>BinSchEO</jurabk><enbez>§ 27</enbez><titel format="XML">Tragfähigkeit</titel></metadaten><textdaten><text format="XML"><Content><P>(1) Die Tragfähigkeit wird auf Antrag festgestellt und im Eichschein (Rubrik 22) eingetragen.</P><P>(2) Kurvenblätter, Arealkurven und Stabilitätsrechnungen können zur Ermittlung der Tragfähigkeit verwendet werden.</P></Content></text><fussnoten/></textdaten></norm>
<norm builddate="20220816214001" doknr="BJNR017850975BJNE003602119"><metadaten><jurabk>BinSchEO</jurabk><enbez>§ 28</enbez><titel format="XML">Eichmarken</titel></metadaten><textdaten><text format="XML"><Content><P>(1) Die Schiffe erhalten Eichmarken nach § 20. Es genügt eine Eichmarke auf halber Schiffslänge.</P><P>(2) Bei Schiffen, die keiner Untersuchungspflicht nach der Binnenschiffsuntersuchungsordnung unterliegen, kann auf die Ergänzung der Eichmarke entsprechend § 20 Absatz 3 Satz 2 verzichtet werden.</P></Content></text><fussnoten/></textdaten></norm>
<norm builddate="20220816214001" doknr="BJNR017850975BJNE003701119"><metadaten><jurabk>BinSchEO</jurabk><enbez>§ 29</enbez><titel format="XML">Eichzeichen</titel></metadaten><textdaten><text format="XML"><Content><P>Die Schiffe erhalten Eichzeichen nach § 21.</P></Content></text><fussnoten/></textdaten></norm>
<norm builddate="20220816214001" doknr="BJNR017850975BJNG000401119"><metadaten><jurabk>BinSchEO</jurabk><gliederungseinheit><gliederungskennzahl>040</gliederungskennzahl><gliederungsbez>Vierter Abschnitt</gliederungsbez><gliederungstitel>Sportboot-Eichverfahren</gliederungstitel></gliederungseinheit></metadaten><textdaten><text format="XML"><Content><P/></Content></text><fussnoten/></textdaten></norm>
<norm builddate="20220816214001" doknr="BJNR017850975BJNE003801119"><metadaten><jurabk>BinSchEO</jurabk><enbez>§ 30</enbez><titel format="XML">Allgemeines</titel></metadaten><textdaten><text format="XML"><Content><P>Die Wasserverdrängung ist nach der Formel des § 26 Absatz 1 Nummer 2 festzustellen.</P></Content></text><fussnoten/></textdaten></norm>
<norm builddate="20220816214001" doknr="BJNR017850975BJNE003901119"><metadaten><jurabk>BinSchEO</jurabk><enbez>§ 31</enbez><titel format="XML">Ebene der größten Eintauchung</titel></metadaten><textdaten><text format="XML"><Content><P>(1) Bei der Eichung eines Sportboots nach den §§ 32, 33 oder 37 wird die Ebene der größten Eintauchung festgelegt, indem am schwimmenden unbeladenen, jedoch vollständig ausgerüsteten und eingerichteten Sportboot die Eintauchtiefe gemessen wird. Als Zuschlag für Verbrauchsstoffe, Personen und deren Gepäck sind 5 Zentimeter hinzuzurechnen. Die Eintauchtiefe ist auf halber Länge des Schiffskörpers zu messen. Starke Vertrimmungen sind zu berücksichtigen, feste Flossenkiele und Schwerter jedoch nicht. Eine Schmutzwasserlinie kann zu Ermittlung herangezogen werden.</P><P>(2) Die Ebene der größten Eintauchung kann auch an Land anhand der Schmutzwasserlinie festgelegt werden.</P><P>(3) Es können auch entsprechende Angaben des Herstellers verwendet werden.</P></Content></text><fussnoten/></textdaten></norm>
<norm builddate="20220816214001" doknr="BJNR017850975BJNE004001119"><metadaten><jurabk>BinSchEO</jurabk><enbez>§ 32</enbez><titel format="XML">Berechnung der Wasserverdrängung</titel></metadaten><textdaten><text format="XML"><Content><P>(1) § 26 Absatz 1 Nummer 2 ist mit der Maßgabe anzuwenden, dass Angaben des Herstellers oder andere Angaben zur Bestimmung des Völligkeitsgrades der Verdrängung für die Berechnung verwendet werden können.</P><P>(2) Andernfalls sind als Völligkeitsgrad der Verdrängung der Berechnung in der Regel zugrundezulegen <DL Type="Dash"><DT>–</DT><DD Font="normal"><LA>bei Motorbooten: δ = 0,35,</LA></DD><DT>–</DT><DD Font="normal"><LA>bei Segelbooten:  δ = 0,25.</LA></DD></DL></P></Content></text><fussnoten/></textdaten></norm>
<norm builddate="20220816214001" doknr="BJNR017850975BJNE004104119"><metadaten><jurabk>BinSchEO</jurabk><enbez>§ 33</enbez><titel format="XML">Baumuster-Eichung</titel></metadaten><textdaten><text format="XML"><Content><P>(1) Ein in Serie hergestelltes Sportboot kann als Baumuster im Sportboot-Eichverfahren geeicht werden, wenn dies als Baumuster-Eichung beantragt wird.</P><P>(2) Dem Antrag sind Zeichnungen, Abbildungen und eine umfassende Baubeschreibung beizufügen, aus denen die Beschaffenheit des Bootskörpers, der Antriebsmaschinen – soweit diese fest eingebaut sind –, die Einrichtung und Ausrüstung und die Serien-<NB>Ausstattung</NB> im Einzelnen hervorgeht.</P><P>(3) Der Antragsteller ist verpflichtet, Änderungen der Serie, die Einfluss auf das Gewicht haben, unverzüglich der Zentralstelle mitzuteilen.</P><P>(4) Abweichend von § 31 Absatz 1 wird die Ebene der größten Eintauchung bei einem Sportboot, das für den Betrieb mit einem Außenbordmotor gebaut ist, ohne das Gewicht des Motors, der Tanks und der Startbatterie festgelegt.</P><P>(5) Die Zentralstelle trägt jede Baumuster-Eichung unter fortlaufender Nummer in ein Eichverzeichnis ein.</P></Content></text><fussnoten/></textdaten></norm>
<norm builddate="20220816214001" doknr="BJNR017850975BJNE004201119"><metadaten><jurabk>BinSchEO</jurabk><enbez>§ 34</enbez><titel format="XML">Überprüfung von Nachbauten</titel></metadaten><textdaten><text format="XML"><Content><P>Bei einem Sportboot, dessen Baumuster geeicht ist, genügt anstelle der Eichung eine Überprüfung der Länge über alles und der größten Breite. Bei einem Sportboot, das für den Betrieb mit einem Außenbordmotor gebaut und eingerichtet ist, muss das Gewicht des Motors, der Tanks, der Tankfüllung und der Startbatterie dem Ergebnis der Baumuster-Eichung hinzugefügt werden.</P></Content></text><fussnoten/></textdaten></norm>
<norm builddate="20220816214001" doknr="BJNR017850975BJNE004303119"><metadaten><jurabk>BinSchEO</jurabk><enbez>§ 35</enbez><titel format="XML">Eichbescheinigung</titel></metadaten><textdaten><text format="XML"><Content><P>(1) Das Schiffseichamt erteilt für das im Sportboot-Eichverfahren geeichte oder nach § 34 überprüfte Sportboot eine Eichbescheinigung nach dem Muster der Anlage 5. Die Eichbescheinigung ist eine Urkunde nach § 13 Absatz 1 der Schiffsregisterordnung.</P><P>(2) Die Eichbescheinigung für Sportboote wird ungültig, wenn <DL Type="arabic"><DT>1.</DT><DD Font="normal"><LA>die Eichplakette zerstört oder unleserlich geworden ist oder</LA></DD><DT>2.</DT><DD Font="normal"><LA>am Sportboot Änderungen (Umbauten, Einbau eines anderen Motors oder einer Maschinenanlage) vorgenommen worden sind, die erheblichen Einfluss auf das Gewicht haben, so dass die Angaben in der Eichbescheinigung über die Wasserverdrängung bei größter Eintauchung nicht mehr zutreffen.</LA></DD></DL>Eine ungültig gewordene Eichbescheinigung kann nach Änderung wieder in Kraft gesetzt werden.</P><P>(3) Die Zentralstelle trägt jede Eichbescheinigung unter fortlaufender Nummer in ein Eichverzeichnis ein.</P><P>(4) Die Eichbescheinigung für das Baumuster eines Sportboots erhält den Zusatz „Baumuster“. Sie ist nicht Urkunde nach § 13 Absatz 1 der Schiffsregisterordnung; der entsprechende Hinweis wird gestrichen.</P></Content></text><fussnoten/></textdaten></norm>
<norm builddate="20220816214001" doknr="BJNR017850975BJNE004403119"><metadaten><jurabk>BinSchEO</jurabk><enbez>§ 36</enbez><titel format="XML">Eichplakette mit Eichzeichen</titel></metadaten><textdaten><text format="XML"><Content><P>(1) Ein Sportboot, das im Sportboot-Eichverfahren geeicht oder nach § 34 überprüft ist, erhält anstelle der Eichmarken (§ 20) eine Eichplakette nach dem Muster der Anlage 6 mit aufgedrucktem Eichzeichen.</P><P>(2) Die Eichplakette besteht aus einer rechteckigen, zerstörbaren Haftfolie von 10,0 x 6,4 Zentimeter Abmessung. Sie trägt einen hellgrün-grauen Guillochen-Sicherheitsunterdruck mit eingearbeitetem Bundesadler; der Aufdruck ist dunkelgrün. Die Eichplakette wird im Sportboot angebracht, und zwar an einer gegen Witterungs- und mechanische Einflüsse weitgehend geschützten Stelle, die nicht ohne Umbau austauschbar ist. Die Stelle wird in der Eichbescheinigung unter der Nummer 9 eingetragen.</P><P>(3) Das Eichzeichen besteht aus den Kennbuchstaben des Schiffeichamtes, der Nummer der Eichbescheinigung und dem Zusatz „Sp“.</P><P>(4) Eine Eichplakette für das Baumuster eines Sportboots wird nur erteilt, wenn das Sportboot auch nach § 34 überprüft ist und außer der Eichbescheinigung für das Baumuster (§ 35 Absatz 4) eine Eichbescheinigung für das jeweilige Sportboot (§ 35 Absatz 1) erteilt ist.</P></Content></text><fussnoten/></textdaten></norm>
<norm builddate="20220816214001" doknr="BJNR017850975BJNE004501119"><metadaten><jurabk>BinSchEO</jurabk><enbez>§ 37</enbez><titel format="XML">Grenzfälle</titel></metadaten><textdaten><text format="XML"><Content><P>Ergibt die Eichung des Sportboots eine Wasserverdrängung von weniger als fünf oder von mindestens zehn Kubikmeter, so ist auf Antrag eine Berechnung nach § 26 Absatz 1 Nummer 1 durchzuführen. Die §§ 31, 35 und 36 sind anzuwenden.</P></Content></text><fussnoten/></textdaten></norm>
<norm builddate="20220816214001" doknr="BJNR017850975BJNG000501119"><metadaten><jurabk>BinSchEO</jurabk><gliederungseinheit><gliederungskennzahl>050</gliederungskennzahl><gliederungsbez>Fünfter Abschnitt</gliederungsbez><gliederungstitel>Nacheichungen und Nachprüfungen</gliederungstitel></gliederungseinheit></metadaten><textdaten><text format="XML"><Content><P/></Content></text><fussnoten/></textdaten></norm>
<norm builddate="20220816214001" doknr="BJNR017850975BJNE004602119"><metadaten><jurabk>BinSchEO</jurabk><enbez>§ 38</enbez><titel format="XML">Nacheichung</titel></metadaten><textdaten><text format="XML"><Content><P>(1) Ergibt die Überprüfung nach § 9 Absatz 1 und 2, dass die Verlängerung des Eichscheins nicht zulässig ist, so ist eine Nacheichung erforderlich.</P><P>(2) Die in § 7 genannten Voraussetzungen gelten auch für die Nacheichung.</P><P>(3) Bei der Nacheichung können Teilergebnisse früherer Eichungen verwendet werden, wenn und soweit keine Zweifel bestehen, dass sie für das Schiff im Zustand der Nacheichung noch zutreffen.</P><P>(4) Bei der Nacheichung werden <DL Type="arabic"><DT>1.</DT><DD Font="normal"><LA>ein neuer Eichschein ausgefertigt und der vorherige Eichschein eingezogen und</LA></DD><DT>2.</DT><DD Font="normal"><LA>ein neues Eichzeichen erteilt und die ungültig gewordenen Eichmarken oder -platten sowie die vorherigen Eichzeichen und Eichskalen entfernt oder als ungültig gekennzeichnet.</LA></DD></DL>Eichzeichen, die von einem Schiffseichamt eines Staates angebracht worden sind, der erklärt hat, dass die Eichzeichen nicht lediglich die Feststellung der erfolgten Eichung bezwecken, dürfen weder entfernt noch ausgelöscht werden. Links von ihnen ist lediglich eine unaustilgbare Marke anzubringen, die aus einem kleinen gleicharmigen Kreuz besteht. Um welche Staaten es sich handelt, wird im Verkehrsblatt bekanntgemacht.</P></Content></text><fussnoten/></textdaten></norm>
<norm builddate="20220816214001" doknr="BJNR017850975BJNE004703119"><metadaten><jurabk>BinSchEO</jurabk><enbez>§ 39</enbez><titel format="XML">Nachprüfung von Eichungen</titel></metadaten><textdaten><text format="XML"><Content><P>Ergibt die Prüfung nach § 4 Absatz 2 Nummer 4, dass eine Angabe im Eichschein auf fehlerhafter Messung oder Berechnung beruht, so dass die in § 14 angegebenen Fehlergrenzen nicht eingehalten werden, so ist die Eichung in dem von der Zentralstelle festzulegenden Umfang zu wiederholen. Die Zentralstelle kann mit der Wiederholung der Eichung den Außendienst eines anderen Sitzes als den ursprünglich damit befassten beauftragen.</P></Content></text><fussnoten/></textdaten></norm>
<norm builddate="20220816214001" doknr="BJNR017850975BJNG000702119"><metadaten><jurabk>BinSchEO</jurabk><gliederungseinheit><gliederungskennzahl>070</gliederungskennzahl><gliederungsbez>Sechster Abschnitt</gliederungsbez><gliederungstitel>Übergangs- und Schlussbestimmungen</gliederungstitel></gliederungseinheit></metadaten><textdaten><text format="XML"><Content><P/></Content></text><fussnoten/></textdaten></norm>
<norm builddate="20220816214001" doknr="BJNR017850975BJNE004902119"><metadaten><jurabk>BinSchEO</jurabk><enbez>§ 40</enbez><titel format="XML">Gültigkeit alter Eichscheine</titel></metadaten><textdaten><text format="XML"><Content><P>(1) Eichscheine, die in einem Staat gültig sind, für den das Übereinkommen in Kraft getreten ist, gelten als Eichscheine nach dem Übereinkommen, sofern das Schiff nicht solche Änderungen erfahren hat, dass die Angaben des Eichscheins über die Wasserverdrängung des Schiffes nach Maßgabe der Eintauchungen oder über die größte Tragfähigkeit nicht mehr zutreffen.</P><P>(2) Die Geltungsdauer dieser Eichscheine ist die darin vorgesehene; sie darf jedoch 10 Jahre – vom Inkrafttreten des Übereinkommens für den betreffenden Staat an gerechnet - nicht überschreiten. Der Zeitpunkt, zu dem das Übereinkommen für die einzelnen Staaten in Kraft tritt, wird im Bundesgesetzblatt bekanntgemacht.</P><P>(3) Eichscheine nach Absatz 1 dürfen nicht verlängert werden; jedoch kann ein neuer Eichschein nach § 8 Absatz 1 gegen Abgabe des alten Eichscheins ohne Nacheichung ausgestellt werden, wenn die in § 9 Absatz 1 und 2 für eine Verlängerung vorgesehenen Bedingungen erfüllt sind.</P></Content></text><fussnoten/></textdaten></norm>
<norm builddate="20220816214001" doknr="BJNR017850975BJNE005102119"><metadaten><jurabk>BinSchEO</jurabk><enbez>§ 41</enbez><titel format="XML">(Inkrafttreten)</titel></metadaten><textdaten><text format="XML"><Content><P/></Content></text><fussnoten/></textdaten></norm>
<norm builddate="20220816214001" doknr="BJNR017850975BJNE005303119"><metadaten><jurabk>BinSchEO</jurabk><enbez>Anlagen</enbez><titel format="XML">zur Verordnung über die Eichung von Binnenschiffen (BinSchEO)</titel></metadaten><textdaten><text format="XML"><Content><P><table frame="none" tocentry="%yes;"><tgroup align="left" char="" charoff="50" cols="2"><colspec colname="col1" colwidth="15*"/><colspec colname="col2" colwidth="96*"/><tbody valign="top"><row><entry VJ="1" colname="col1" colsep="0" rowsep="0">Anlage 1:</entry><entry VJ="1" colname="col2" rowsep="0">Muster des Eichscheins für Binnenschiffe (Güterbeförderer)</entry></row><row><entry VJ="1" colname="col1" colsep="0" rowsep="0">Anlage 2:</entry><entry VJ="1" colname="col2" rowsep="0">Muster des Eichscheins für Binnenschiffe (Nichtgüterbeförderer)</entry></row><row><entry VJ="1" colname="col1" colsep="0" rowsep="0">Anlage 3:</entry><entry VJ="1" colname="col2" rowsep="0">Muster der Vorläufigen Eichbescheinigung (Güterbeförderer)</entry></row><row><entry VJ="1" colname="col1" colsep="0" rowsep="0">Anlage 4:</entry><entry VJ="1" colname="col2" rowsep="0">Muster der Vorläufigen Eichbescheinigung (Nichtgüterbeförderer)</entry></row><row><entry VJ="1" colname="col1" colsep="0" rowsep="0">Anlage 5:</entry><entry VJ="1" colname="col2" rowsep="0">Muster der Eichbescheinigung für Sportboote</entry></row><row><entry VJ="1" colname="col1" colsep="0">Anlage 6:</entry><entry VJ="1" colname="col2">Muster der Eichplakette für Sportboote</entry></row></tbody></tgroup></table></P></Content></text><fussnoten/></textdaten></norm>
<norm builddate="20220816214001" doknr="BJNR017850975BJNE005505119"><metadaten><jurabk>BinSchEO</jurabk><enbez>Anlage 1</enbez><titel format="XML">Muster des Eichscheins für Binnenschiffe (Güterbeförderer)</titel></metadaten><textdaten><text format="XML"><Content><P><noindex><kommentar typ="Fundstelle">(Fundstelle: BGBl. I 2022, 230 - 240)</kommentar></noindex></P><P><IMG Align="center" Height="658" Pos="block" SRC="bgbl1_2022_j0220-1_0010.jpg" Type="jpg" Units="72" Width="492" alt=""/></P><P><IMG Align="center" Height="710" Pos="block" SRC="bgbl1_2022_j0220-1_0020.jpg" Type="jpg" Units="72" Width="492" alt=""/></P><P><IMG Align="center" Height="709" Pos="block" SRC="bgbl1_2022_j0220-1_0030.jpg" Type="jpg" Units="72" Width="502" alt=""/></P><P><IMG Align="center" Height="710" Pos="block" SRC="bgbl1_2022_j0220-1_0040.jpg" Type="jpg" Units="72" Width="502" alt=""/></P><P><IMG Align="center" Height="708" Pos="block" SRC="bgbl1_2022_j0220-1_0050.jpg" Type="jpg" Units="72" Width="502" alt=""/></P><P><IMG Align="center" Height="726" Pos="block" SRC="bgbl1_2022_j0220-1_0060.jpg" Type="jpg" Units="72" Width="502" alt=""/></P><P><IMG Align="center" Height="699" Pos="block" SRC="bgbl1_2022_j0220-1_0070.jpg" Type="jpg" Units="72" Width="502" alt=""/></P><P><IMG Align="center" Height="699" Pos="block" SRC="bgbl1_2022_j0220-1_0080.jpg" Type="jpg" Units="72" Width="503" alt=""/></P><P><IMG Align="center" Height="705" Pos="block" SRC="bgbl1_2022_j0220-1_0090.jpg" Type="jpg" Units="72" Width="503" alt=""/></P><P><IMG Align="center" Height="683" Pos="block" SRC="bgbl1_2022_j0220-1_0100.jpg" Type="jpg" Units="72" Width="488" alt=""/></P><P><IMG Align="center" Height="699" Pos="block" SRC="bgbl1_2022_j0220-1_0110.jpg" Type="jpg" Units="72" Width="488" alt=""/></P></Content></text><fussnoten/></textdaten></norm>
<norm builddate="20220816214001" doknr="BJNR017850975BJNE005605119"><metadaten><jurabk>BinSchEO</jurabk><enbez>Anlage 2</enbez><titel format="XML">Muster des Eichscheins für Binnenschiffe (Nichtgüterbeförderer)</titel></metadaten><textdaten><text format="XML"><Content><P><noindex><kommentar typ="Fundstelle">(Fundstelle: BGBl. I 2022, 241 - 248)</kommentar></noindex></P><P><IMG Align="center" Height="660" Pos="block" SRC="bgbl1_2022_j0220-1_0120.jpg" Type="jpg" Units="72" Width="492" alt=""/></P><P><IMG Align="center" Height="701" Pos="block" SRC="bgbl1_2022_j0220-1_0130.jpg" Type="jpg" Units="72" Width="493" alt=""/></P><P><IMG Align="center" Height="709" Pos="block" SRC="bgbl1_2022_j0220-1_0140.jpg" Type="jpg" Units="72" Width="502" alt=""/></P><P><IMG Align="center" Height="712" Pos="block" SRC="bgbl1_2022_j0220-1_0150.jpg" Type="jpg" Units="72" Width="503" alt=""/></P><P><IMG Align="center" Height="705" Pos="block" SRC="bgbl1_2022_j0220-1_0160.jpg" Type="jpg" Units="72" Width="502" alt=""/></P><P><IMG Align="center" Height="698" Pos="block" SRC="bgbl1_2022_j0220-1_0170.jpg" Type="jpg" Units="72" Width="503" alt=""/></P><P><IMG Align="center" Height="683" Pos="block" SRC="bgbl1_2022_j0220-1_0180.jpg" Type="jpg" Units="72" Width="489" alt=""/></P><P><IMG Align="center" Height="711" Pos="block" SRC="bgbl1_2022_j0220-1_0190.jpg" Type="jpg" Units="72" Width="488" alt=""/></P></Content></text><fussnoten/></textdaten></norm>
<norm builddate="20220816214001" doknr="BJNR017850975BJNE005903119"><metadaten><jurabk>BinSchEO</jurabk><enbez>Anlage 3</enbez><titel format="XML">Muster der Vorläufigen Eichbescheinigung (Güterbeförderer)</titel></metadaten><textdaten><text format="XML"><Content><P><noindex><kommentar typ="Fundstelle">(Fundstelle: BGBl. I 2022, 249 - 252)</kommentar></noindex></P><P><IMG Align="center" Height="699" Pos="block" SRC="bgbl1_2022_j0220-1_0200.jpg" Type="jpg" Units="72" Width="502" alt=""/></P><P><IMG Align="center" Height="700" Pos="block" SRC="bgbl1_2022_j0220-1_0210.jpg" Type="jpg" Units="72" Width="502" alt=""/></P><P><IMG Align="center" Height="699" Pos="block" SRC="bgbl1_2022_j0220-1_0220.jpg" Type="jpg" Units="72" Width="502" alt=""/></P><P><IMG Align="center" Height="700" Pos="block" SRC="bgbl1_2022_j0220-1_0230.jpg" Type="jpg" Units="72" Width="502" alt=""/></P></Content></text><fussnoten/></textdaten></norm>
<norm builddate="20220816214001" doknr="BJNR017850975BJNE006003119"><metadaten><jurabk>BinSchEO</jurabk><enbez>Anlage 4</enbez><titel format="XML">Muster der Vorläufigen Eichbescheinigung (Nichtgüterbeförderer)</titel></metadaten><textdaten><text format="XML"><Content><P><noindex><kommentar typ="Fundstelle">(Fundstelle: BGBl. I 2022, 253)</kommentar></noindex></P><P><IMG Align="center" Height="633" Pos="block" SRC="bgbl1_2022_j0220-1_0240.jpg" Type="jpg" Units="72" Width="500" alt=""/></P></Content></text><fussnoten/></textdaten></norm>
<norm builddate="20220816214001" doknr="BJNR017850975BJNE006103119"><metadaten><jurabk>BinSchEO</jurabk><enbez>Anlage 5</enbez><titel format="XML">Muster der Eichbescheinigung für Sportboote</titel></metadaten><textdaten><text format="XML"><Content><P><noindex><kommentar typ="Fundstelle">(Fundstelle: BGBl. I 2022, 254 - 255)</kommentar></noindex></P><P><IMG Align="center" Height="669" Pos="block" SRC="bgbl1_2022_j0220-1_0250.jpg" Type="jpg" Units="72" Width="484" alt=""/></P><P><IMG Align="center" Height="694" Pos="block" SRC="bgbl1_2022_j0220-1_0260.jpg" Type="jpg" Units="72" Width="487" alt=""/></P></Content></text><fussnoten/></textdaten></norm>
<norm builddate="20220816214001" doknr="BJNR017850975BJNE006203119"><metadaten><jurabk>BinSchEO</jurabk><enbez>Anlage 6</enbez><titel format="XML">Muster der Eichplakette für Sportboote</titel></metadaten><textdaten><text format="XML"><Content><P><noindex><kommentar typ="Fundstelle">(Fundstelle: BGBl. I 2022, 256)</kommentar></noindex></P><P><IMG Align="center" Height="281" Pos="block" SRC="bgbl1_2022_j0220-1_0270.jpg" Type="jpg" Units="72" Width="471" alt=""/></P></Content></text><fussnoten/></textdaten></norm>
</dokumente>