<?xml version="1.0" encoding="UTF-8" ?><!DOCTYPE dokumente SYSTEM "http://www.gesetze-im-internet.de/dtd/1.01/gii-norm.dtd">
<dokumente builddate="20250221223010" doknr="BJNR059100021"><norm builddate="20250221223010" doknr="BJNR059100021"><metadaten><jurabk>RegMoG</jurabk><amtabk>RegMoG</amtabk><ausfertigung-datum manuell="ja">2021-03-28</ausfertigung-datum><fundstelle typ="amtlich"><periodikum>BGBl I</periodikum><zitstelle>2021, 591 (2023 I Nr. 230, Nr. 293) (2024 I Nr. 292) (2024 I Nr. 338)</zitstelle></fundstelle><kurzue>Registermodernisierungsgesetz</kurzue><langue>Gesetz zur Einführung und Verwendung einer Identifikationsnummer in der öffentlichen Verwaltung und zur Änderung weiterer Gesetze</langue><standangabe checked="ja"><standtyp>Stand</standtyp><standkommentar>Zuletzt geändert durch Art. 3 G v. 19.7.2024 I Nr. 246</standkommentar></standangabe><standangabe checked="ja"><standtyp>Hinweis</standtyp><standkommentar>Änderung durch Art. 2 G v. 23.10.2024 I Nr. 322 noch nicht berücksichtigt</standkommentar></standangabe><standangabe checked="ja"><standtyp>Sonst</standtyp><standkommentar>Bek. v 12.10.2023 I Nr 293 ist berücksichtigt</standkommentar></standangabe><standangabe checked="ja"><standtyp>Sonst</standtyp><standkommentar>Bek. v. 25.9.2024 I Nr. 292 ist berücksichtigt</standkommentar></standangabe><standangabe checked="ja"><standtyp>Sonst</standtyp><standkommentar>Bek. v. 15.10.2024 I Nr. 338 ist berücksichtigt</standkommentar></standangabe></metadaten><textdaten><fussnoten><Content><P><BR/> <pre xml:space="preserve">(+++ Textnachweis ab: 7.4.2021 +++)<BR/><BR/></pre>Art. 16: Aufgeh. durch Art. 3 G v. 19.7.2024 I Nr. 246 mWv 24.7.2024</P></Content></fussnoten></textdaten></norm>
<norm builddate="20250221223010" doknr="BJNR059100021BJNE000100000"><metadaten><jurabk>RegMoG</jurabk><enbez>Eingangsformel</enbez></metadaten><textdaten><text format="XML"><Content><P>Der Bundestag hat mit Zustimmung des Bundesrates das folgende Gesetz beschlossen:</P></Content></text></textdaten></norm>
<norm builddate="20250221223010" doknr="BJNR059100021BJNE000200000"><metadaten><jurabk>RegMoG</jurabk><enbez>Inhaltsübersicht</enbez></metadaten><textdaten><text format="XML"><Content><TOC><table colsep="0" frame="none" pgwide="1" rowsep="0" tocentry="%yes;"><tgroup align="left" char="" charoff="50" cols="2"><colspec colname="col1" colnum="1" colwidth="14*"/><colspec colname="col2" colnum="2" colwidth="56*"/><tbody valign="top"><row><entry VJ="1" colname="col1">Artikel  1</entry><entry VJ="1" colname="col2">Gesetz zur Einführung und Verwendung einer Identifikationsnummer in der öffentlichen Verwaltung (Identifikationsnummerngesetz – IDNrG)</entry></row><row><entry VJ="1" colname="col1">Artikel  2</entry><entry VJ="1" colname="col2">Änderung des Onlinezugangsgesetzes</entry></row><row><entry VJ="1" colname="col1">Artikel  3</entry><entry VJ="1" colname="col2">Änderung der Abgabenordnung</entry></row><row><entry VJ="1" colname="col1">Artikel  4</entry><entry VJ="1" colname="col2">Änderung des Bundesmeldegesetzes</entry></row><row><entry VJ="1" colname="col1">Artikel  5</entry><entry VJ="1" colname="col2">Änderung des Personenstandsgesetzes</entry></row><row><entry VJ="1" colname="col1">Artikel  6</entry><entry VJ="1" colname="col2">Änderung des AZR-Gesetzes</entry></row><row><entry VJ="1" colname="col1">Artikel  7</entry><entry VJ="1" colname="col2">Änderung des Passgesetzes</entry></row><row><entry VJ="1" colname="col1">Artikel  8</entry><entry VJ="1" colname="col2">Änderung des Personalausweisgesetzes</entry></row><row><entry VJ="1" colname="col1">Artikel  9</entry><entry VJ="1" colname="col2">Änderung des eID-Karte-Gesetzes</entry></row><row><entry VJ="1" colname="col1">Artikel 10</entry><entry VJ="1" colname="col2">Änderung des Staatsangehörigkeitsgesetzes</entry></row><row><entry VJ="1" colname="col1">Artikel 11</entry><entry VJ="1" colname="col2">Änderung des Fünften Buches Sozialgesetzbuch</entry></row><row><entry VJ="1" colname="col1">Artikel 12</entry><entry VJ="1" colname="col2">Änderung des Sechsten Buches Sozialgesetzbuch</entry></row><row><entry VJ="1" colname="col1">Artikel 13</entry><entry VJ="1" colname="col2">Änderung des Siebten Buches Sozialgesetzbuch</entry></row><row><entry VJ="1" colname="col1">Artikel 14</entry><entry VJ="1" colname="col2">Änderung des Zehnten Buches Sozialgesetzbuch</entry></row><row><entry VJ="1" colname="col1">Artikel 15</entry><entry VJ="1" colname="col2">Änderung des Elften Buches Sozialgesetzbuch</entry></row><row><entry VJ="1" colname="col1">Artikel 16</entry><entry VJ="1" colname="col2">Änderung des Berufsbildungsgesetzes</entry></row><row><entry VJ="1" colname="col1">Artikel 17</entry><entry VJ="1" colname="col2">Änderung des Gesetzes zur vorläufigen Regelung des Rechts der Industrie- und Handelskammern</entry></row><row><entry VJ="1" colname="col1">Artikel 18</entry><entry VJ="1" colname="col2">Änderung der Handwerksordnung</entry></row><row><entry VJ="1" colname="col1">Artikel 19</entry><entry VJ="1" colname="col2">Änderung der Personenstandsverordnung</entry></row><row><entry VJ="1" colname="col1">Artikel 20</entry><entry VJ="1" colname="col2">Änderung der AZRG-Durchführungsverordnung</entry></row><row><entry VJ="1" colname="col1">Artikel 20a</entry><entry VJ="1" colname="col2">Änderung der Aufenthaltsverordnung</entry></row><row><entry VJ="1" colname="col1">Artikel 20b</entry><entry VJ="1" colname="col2">Änderung des Konsulargesetzes</entry></row><row><entry VJ="1" colname="col1">Artikel 20c</entry><entry VJ="1" colname="col2">Änderung des Asylbewerberleistungsgesetzes</entry></row><row><entry VJ="1" colname="col1">Artikel 21</entry><entry VJ="1" colname="col2">Übergangsregelung zur Verwendung der Identifikationsnummer nach § 139b der Abgabenordnung für die Pilotierung des Datencockpits</entry></row><row><entry VJ="1" colname="col1">Artikel 22</entry><entry VJ="1" colname="col2">Inkrafttreten</entry></row><row><entry VJ="1" colname="col1"/><entry VJ="1" colname="col2"/></row></tbody></tgroup></table></TOC></Content></text></textdaten></norm>
<norm builddate="20250221223010" doknr="BJNR059100021BJNE000300000"><metadaten><jurabk>RegMoG</jurabk><enbez>Art 1</enbez><titel format="XML">Gesetz zur Einführung und Verwendung einer Identifikationsnummer in der öffentlichen Verwaltung (Identifikationsnummerngesetz - IDNrG)</titel></metadaten><textdaten><text format="XML"><Content/></text><fussnoten/></textdaten></norm>
<norm builddate="20250221223010" doknr="BJNR059100021BJNE000400000"><metadaten><jurabk>RegMoG</jurabk><enbez>(XXXX) Art 2 bis 20c</enbez><titel format="XML">Änderungsvorschriften</titel></metadaten><textdaten><text format="XML"><Content><P/></Content></text><fussnoten/></textdaten></norm>
<norm builddate="20250221223010" doknr="BJNR059100021BJNE000501116"><metadaten><jurabk>RegMoG</jurabk><enbez>Art 21</enbez><titel format="XML">Übergangsregelung zur Verwendung der Identifikationsnummer nach § 139b der Abgabenordnung für die Pilotierung des Datenschutzcockpits</titel></metadaten><textdaten><text format="XML"><Content><P>Bis zum Inkrafttreten der Artikel 1, 3 Nummer 1 Buchstabe a, von Artikel 4 Nummer 1 Buchstabe a, Nummer 4 und 5 und von Artikel 5 Nummer 3 und 4 darf die Identifikationsnummer nach § 139b der Abgabenordnung zur Pilotierung des Datenschutzcockpits regional begrenzt als zusätzliches Ordnungsmerkmal von den jeweils zuständigen Behörden in folgenden Registern gespeichert werden: <DL Type="arabic"><DT>1.</DT><DD Font="normal"><LA>Personenstandsregister</LA></DD><DT>2.</DT><DD Font="normal"><LA>Melderegister</LA></DD><DT>3.</DT><DD Font="normal"><LA>personenbezogene Datenbestände der Elterngeldstellen zu Leistungsempfängern nach § 12 des Bundeselterngeld- und Elternzeitgesetzes.</LA></DD></DL>Die bei der Bewilligung von Elterngeld sowie bei der Anzeige der Geburt und Namensbestimmung jeweils beteiligten Behörden dürfen die Identifikationsnummer nach § 139b der Abgabenordnung in Verfahren zur Bewilligung von Elterngeld sowie zur Anzeige der Geburt und Namensbestimmung verarbeiten. Bis zum Inkrafttreten von Artikel 1 § 3 dürfen die Meldebehörden die Identifikationsnummer nach § 139b der Abgabenordnung an die bei der Bewilligung von Elterngeld sowie bei der Anzeige der Geburt und Namensbestimmung beteiligten Behörden auf deren Ersuchen übermitteln. Die Datenübermittlungen zwischen den an der Bewilligung von Elterngeld sowie der Anzeige der Geburt und Namensbestimmung beteiligten Behörden unter Nutzung der Identifikationsnummer nach § 139b der Abgabenordnung werden protokolliert. Die Protokolldaten dürfen dem Datenschutzcockpit zum Zweck der Anzeige übermittelt werden. Die datenschutzrechtliche Verantwortung des einzelnen Abrufs der Identifikationsnummer bei den Meldebehörden trägt die jeweils abrufende Stelle.</P></Content></text><fussnoten/></textdaten></norm>
<norm builddate="20250221223010" doknr="BJNR059100021BJNE000600000"><metadaten><jurabk>RegMoG</jurabk><enbez>Art 22</enbez><titel format="XML">Inkrafttreten</titel></metadaten><textdaten><text format="XML"><Content><P>Artikel 1 § 12, Artikel 2 § 11, Artikel 5 Nummer 2, Artikel 7 Nummer 3, Artikel 8 Nummer 3, Artikel 19 Nummer 2 Buchstabe b und Artikel 21 treten am Tag nach der Verkündung in Kraft. Im Übrigen treten die Artikel 1 und 2 an dem Tag in Kraft, an dem das Bundesministerium des Innern, für Bau und Heimat im Bundesgesetzblatt bekannt gibt, dass die technischen Voraussetzungen für den Betrieb nach dem Identifikationsnummerngesetz gegeben sind. Die Artikel 3, Artikel 4 Nummer 1 bis 4, Nummer 5 Buchstabe b, Nummer 6 und 7, Artikel 5 Nummer 1 sowie Artikel 6 bis 20 treten jeweils an dem Tag in Kraft, an dem das Bundesministerium des Innern, für Bau und Heimat im Bundesgesetzblatt jeweils bekannt gibt, dass die technischen Voraussetzungen für die Verarbeitung der Identifikationsnummer nach § 139b der Abgabenordnung nach den jeweils geänderten Gesetzen vorliegen. Artikel 4 Nummer 5 Buchstabe a tritt am 1. Mai 2021 in Kraft.</P></Content></text></textdaten></norm>
</dokumente>