<?xml version="1.0" encoding="UTF-8" ?><!DOCTYPE dokumente SYSTEM "http://www.gesetze-im-internet.de/dtd/1.01/gii-norm.dtd">
<dokumente builddate="20180405214504" doknr="BJNR011860939"><norm builddate="20180405214504" doknr="BJNR011860939"><metadaten><jurabk>VerschG</jurabk><ausfertigung-datum manuell="ja">1939-07-04</ausfertigung-datum><fundstelle typ="amtlich"><periodikum>RGBl I</periodikum><zitstelle>1939, 1186</zitstelle></fundstelle><langue>Verschollenheitsgesetz</langue><standangabe checked="ja"><standtyp>Stand</standtyp><standkommentar>Zuletzt geändert durch Art. 182 V v. 31.8.2015 I 1474</standkommentar></standangabe></metadaten><textdaten><fussnoten><Content><P><BR/> <pre xml:space="preserve">(+++ Textnachweis Geltung ab: 1.1.1975 +++)<BR/>(+++ Maßgaben aufgrund EinigVtr vgl. VerschG Anhang EV, teilweise nicht<BR/>     mehr anzuwenden +++)<BR/><BR/></pre></P></Content></fussnoten></textdaten></norm>
<norm builddate="20180405214504" doknr="BJNR011860939BJNG000100303"><metadaten><jurabk>VerschG</jurabk><gliederungseinheit><gliederungskennzahl>010</gliederungskennzahl><gliederungsbez>Abschnitt I</gliederungsbez><gliederungstitel>Voraussetzungen der Todeserklärung.<BR/>Lebens- und Todesvermutungen</gliederungstitel></gliederungseinheit></metadaten><textdaten><text format="XML"><Content><P/></Content></text></textdaten></norm>
<norm builddate="20180405214504" doknr="BJNR011860939BJNE000700303"><metadaten><jurabk>VerschG</jurabk><enbez>§ 1</enbez></metadaten><textdaten><text format="XML"><Content><P>(1) Verschollen ist, wessen Aufenthalt während längerer Zeit unbekannt ist, ohne daß Nachrichten darüber vorliegen, ob er in dieser Zeit noch gelebt hat oder gestorben ist, sofern nach den Umständen hierdurch ernstliche Zweifel an seinem Fortleben begründet werden.</P><P>(2) Verschollen ist nicht, wessen Tod nach den Umständen nicht zweifelhaft ist.</P></Content></text></textdaten></norm>
<norm builddate="20180405214504" doknr="BJNR011860939BJNE000800303"><metadaten><jurabk>VerschG</jurabk><enbez>§ 2</enbez></metadaten><textdaten><text format="XML"><Content><P>Ein Verschollener kann unter den Voraussetzungen der §§ 3 bis 7 im Aufgebotsverfahren für tot erklärt werden.</P></Content></text></textdaten></norm>
<norm builddate="20180405214504" doknr="BJNR011860939BJNE000900303"><metadaten><jurabk>VerschG</jurabk><enbez>§ 3</enbez></metadaten><textdaten><text format="XML"><Content><P>(1) Die Todeserklärung ist zulässig, wenn seit dem Ende des Jahres, in dem der Verschollene nach den vorhandenen Nachrichten noch gelebt hat, zehn Jahre oder, wenn der Verschollene zur Zeit der Todeserklärung das achtzigste Lebensjahr vollendet hätte, fünf Jahre verstrichen sind.</P><P>(2) Vor dem Ende des Jahres, in dem der Verschollene das fünfundzwanzigste Lebensjahr vollendet hätte, darf er nach Absatz 1 nicht für tot erklärt werden.</P></Content></text></textdaten></norm>
<norm builddate="20180405214504" doknr="BJNR011860939BJNE001000303"><metadaten><jurabk>VerschG</jurabk><enbez>§ 4</enbez></metadaten><textdaten><text format="XML"><Content><P>(1) Wer als Angehöriger einer bewaffneten Macht an einem Kriege oder einem kriegsähnlichen Unternehmen teilgenommen hat, während dieser Zeit im Gefahrgebiet vermißt worden und seitdem verschollen ist, kann für tot erklärt werden, wenn seit dem Ende des Jahres, in dem der Friede geschlossen oder der Krieg oder das kriegsähnliche Unternehmen ohne Friedensschluß tatsächlich beendigt ist, ein Jahr verstrichen ist.</P><P>(2) Ist der Verschollene unter Umständen vermißt, die eine hohe Wahrscheinlichkeit seines Todes begründen, so wird die in Absatz 1 bestimmte Jahresfrist von dem Zeitpunkt ab berechnet, in dem er vermißt worden ist.</P><P>(3) Den Angehörigen einer bewaffneten Macht steht gleich, wer sich bei ihr aufgehalten hat.</P></Content></text></textdaten></norm>
<norm builddate="20180405214504" doknr="BJNR011860939BJNE001100303"><metadaten><jurabk>VerschG</jurabk><enbez>§ 5</enbez></metadaten><textdaten><text format="XML"><Content><P>(1) Wer bei einer Fahrt auf See, insbesondere infolge Untergangs des Schiffes, verschollen ist, kann für tot erklärt werden, wenn seit dem Untergang des Schiffes oder dem sonstigen die Verschollenheit begründenden Ereignis sechs Monate verstrichen sind.</P><P>(2) Ist der Untergang des Schiffes, der die Verschollenheit begründet haben soll, nicht feststellbar, so beginnt die Frist von sechs Monaten (Absatz 1) erst ein Jahr nach dem letzten Zeitpunkt, zu dem das Schiff nach den vorhandenen Nachrichten noch nicht untergegangen war; das Gericht kann diesen Zeitraum von einem Jahr bis auf drei Monate verkürzen, wenn nach anerkannter seemännischer Erfahrung wegen der Beschaffenheit und Ausrüstung des Schiffes, im Hinblick auf die Gewässer, durch welche die Fahrt führen sollte, oder aus sonstigen Gründen anzunehmen ist, daß das Schiff schon früher untergegangen ist.</P></Content></text></textdaten></norm>
<norm builddate="20180405214504" doknr="BJNR011860939BJNE001200303"><metadaten><jurabk>VerschG</jurabk><enbez>§ 6</enbez></metadaten><textdaten><text format="XML"><Content><P>Wer bei einem Fluge, insbesondere infolge Zerstörung des Luftfahrzeugs, verschollen ist, kann für tot erklärt werden, wenn seit der Zerstörung des Luftfahrzeugs oder dem sonstigen die Verschollenheit begründenden Ereignis oder, wenn diese Ereignisse nicht feststellbar sind, seit dem letzten Zeitpunkt, zu dem der Verschollene nach den vorhandenen Nachrichten noch gelebt hat, drei Monate verstrichen sind.</P></Content></text></textdaten></norm>
<norm builddate="20180405214504" doknr="BJNR011860939BJNE001300303"><metadaten><jurabk>VerschG</jurabk><enbez>§ 7</enbez></metadaten><textdaten><text format="XML"><Content><P>Wer unter anderen als den in den §§ 4 bis 6 bezeichneten Umständen in eine Lebensgefahr gekommen und seitdem verschollen ist, kann für tot erklärt werden, wenn seit dem Zeitpunkt, in dem die Lebensgefahr beendigt ist oder ihr Ende nach den Umständen erwartet werden konnte, ein Jahr verstrichen ist.</P></Content></text></textdaten></norm>
<norm builddate="20180405214504" doknr="BJNR011860939BJNE001400303"><metadaten><jurabk>VerschG</jurabk><enbez>§ 8</enbez></metadaten><textdaten><text format="XML"><Content><P>Liegen bei einem Verschollenen die Voraussetzungen sowohl des § 4 als auch der §§ 5 oder 6 vor, so ist nur der § 4 anzuwenden.</P></Content></text></textdaten></norm>
<norm builddate="20180405214504" doknr="BJNR011860939BJNE001501377"><metadaten><jurabk>VerschG</jurabk><enbez>§ 9</enbez></metadaten><textdaten><text format="XML"><Content><P>(1) Die Todeserklärung begründet die Vermutung, daß der Verschollene in dem im Beschluß festgestellten Zeitpunkt gestorben ist. Dies gilt auch, wenn vor der Todeserklärung ein anderer Zeitpunkt im Sterberegister eingetragen ist.</P><P>(2) Als Zeitpunkt des Todes ist der Zeitpunkt festzustellen, der nach dem Ergebnis der Ermittlungen der wahrscheinlichste ist.</P><P>(3) Läßt sich ein solcher Zeitpunkt nicht angeben, so ist als Zeitpunkt des Todes festzustellen: <DL Font="normal" Type="arabic"><DT/><DD Font="normal"><LA Size="normal"><DL Font="normal" Type="arabic"><DT>a)</DT><DD Font="normal"><LA Size="normal">in den Fällen des § 3 das Ende des fünften Jahres oder, wenn der Verschollene das achtzigste Lebensjahr vollendet hätte, des dritten Jahres nach dem letzten Jahr, in dem der Verschollene den vorhandenen Nachrichten zufolge noch gelebt hat;</LA></DD><DT>b)</DT><DD Font="normal"><LA Size="normal">in den Fällen des § 4 der Zeitpunkt, in dem der Verschollene vermißt worden ist;</LA></DD><DT>c)</DT><DD Font="normal"><LA Size="normal">in den Fällen der §§ 5 und 6 der Zeitpunkt, in dem das Schiff untergegangen, das Luftfahrzeug zerstört oder das sonstige die Verschollenheit begründende Ereignis eingetreten oder - falls dies nicht feststellbar ist - der Verschollene zuerst vermißt worden ist;</LA></DD><DT>d)</DT><DD Font="normal"><LA Size="normal">in den Fällen des § 7 der Beginn der Lebensgefahr.</LA></DD></DL></LA></DD></DL></P><P>(4) Ist die Todeszeit nur dem Tage nach festgestellt, so gilt das Ende des Tages als Zeitpunkt des Todes.</P></Content></text><fussnoten/></textdaten></norm>
<norm builddate="20180405214504" doknr="BJNR011860939BJNE001600303"><metadaten><jurabk>VerschG</jurabk><enbez>§ 10</enbez></metadaten><textdaten><text format="XML"><Content><P>Solange ein Verschollener nicht für tot erklärt ist, wird vermutet, daß er bis zu dem in § 9 Abs. 3, 4 genannten Zeitpunkt weiter lebt oder gelebt hat.</P></Content></text></textdaten></norm>
<norm builddate="20180405214504" doknr="BJNR011860939BJNE001700303"><metadaten><jurabk>VerschG</jurabk><enbez>§ 11</enbez></metadaten><textdaten><text format="XML"><Content><P>Kann nicht bewiesen werden, daß von mehreren gestorbenen oder für tot erklärten Menschen der eine den anderen überlebt hat, so wird vermutet, daß sie gleichzeitig gestorben sind.</P></Content></text></textdaten></norm>
<norm builddate="20180405214504" doknr="BJNR011860939BJNG000200303"><metadaten><jurabk>VerschG</jurabk><gliederungseinheit><gliederungskennzahl>020</gliederungskennzahl><gliederungsbez>Abschnitt II</gliederungsbez><gliederungstitel>Zwischenstaatliches Recht</gliederungstitel></gliederungseinheit></metadaten><textdaten><text format="XML"><Content><P/></Content></text></textdaten></norm>
<norm builddate="20180405214504" doknr="BJNR011860939BJNE001801309"><metadaten><jurabk>VerschG</jurabk><enbez>§ 12</enbez></metadaten><textdaten><text format="XML"><Content><P>(1) Für Todeserklärungen und Verfahren bei Feststellung der Todeszeit sind die deutschen Gerichte zuständig, wenn der Verschollene oder der Verstorbene in dem letzten Zeitpunkt, in dem er nach den vorhandenen Nachrichten noch gelebt hat, <DL Font="normal" Type="arabic"><DT>1.</DT><DD Font="normal"><LA Size="normal">Deutscher war oder</LA></DD><DT>2.</DT><DD Font="normal"><LA Size="normal">seinen gewöhnlichen Aufenthalt im Inland hatte.</LA></DD></DL></P><P>(2) Die deutschen Gerichte sind auch dann zuständig, wenn ein berechtigtes Interesse an einer Todeserklärung oder Feststellung der Todeszeit durch sie besteht.</P><P>(3) Die Zuständigkeit nach den Absätzen 1 und 2 ist nicht ausschließlich.</P></Content></text><fussnoten/></textdaten></norm>
<norm builddate="20180405214504" doknr="BJNR011860939BJNG000300303"><metadaten><jurabk>VerschG</jurabk><gliederungseinheit><gliederungskennzahl>030</gliederungskennzahl><gliederungsbez>Abschnitt III</gliederungsbez><gliederungstitel>Verfahren bei Todeserklärungen</gliederungstitel></gliederungseinheit></metadaten><textdaten><text format="XML"><Content><P/></Content></text></textdaten></norm>
<norm builddate="20180405214504" doknr="BJNR011860939BJNE001900303"><metadaten><jurabk>VerschG</jurabk><enbez>§ 13</enbez></metadaten><textdaten><text format="XML"><Content><P>(1) Das Aufgebotsverfahren nach § 2 ist eine Angelegenheit der freiwilligen Gerichtsbarkeit.</P><P>(2) Es gelten dafür die besonderen Vorschriften der §§ 14 bis 38.</P></Content></text></textdaten></norm>
<norm builddate="20180405214504" doknr="BJNR011860939BJNE002000303"><metadaten><jurabk>VerschG</jurabk><enbez>§ 14</enbez></metadaten><textdaten><text format="XML"><Content><P>Für das Aufgebotsverfahren sind die Amtsgerichte sachlich zuständig.</P></Content></text></textdaten></norm>
<norm builddate="20180405214504" doknr="BJNR011860939BJNE002100303"><metadaten><jurabk>VerschG</jurabk><enbez>§ 15</enbez></metadaten><textdaten><text format="XML"><Content><P>(1) Örtlich zuständig ist das Gericht, in dessen Bezirk der Verschollene seinen letzten inländischen Wohnsitz oder in Ermangelung eines inländischen Wohnsitzes seinen letzten gewöhnlichen Aufenthalt im Inland gehabt hat.</P><P>(2) Ist die Verschollenheit durch den Untergang eines in einem deutschen Schiffsregister eingetragenen Schiffes begründet, so ist an Stelle des in Absatz 1 genannten Gerichts das Gericht des Heimathafens oder Heimatortes zuständig. Dieses Gericht kann jedoch die Sache aus wichtigem Grund an ein anderes Gericht abgeben.</P></Content></text></textdaten></norm>
<norm builddate="20180405214504" doknr="BJNR011860939BJNE002200303"><metadaten><jurabk>VerschG</jurabk><enbez>§ 15a</enbez></metadaten><textdaten><text format="XML"><Content><P>(1) Ist ein Gerichtsstand nach § 15 nicht begründet oder wird am Sitze des nach § 15 zuständigen Gerichts eine deutsche Gerichtsbarkeit nicht mehr ausgeübt, so ist das Gericht zuständig, in dessen Bezirk der erste Antragsteller seinen Wohnsitz oder in Ermangelung eines Wohnsitzes im Geltungsbereich dieses Gesetzes seinen gewöhnlichen Aufenthalt hat.</P><P>(2) Ein Gericht soll auf Grund des Absatzes 1 nur tätig werden, wenn es dem Amtsgericht Berlin-Schöneberg seine Absicht angezeigt hat, ein Verfahren nach diesem Gesetz durchzuführen, und das Amtsgericht Berlin-Schöneberg bestätigt hat, daß eine frühere Anzeige gleichen Inhalts von einem anderen Gericht bei ihm nicht eingegangen ist.</P></Content></text></textdaten></norm>
<norm builddate="20180405214504" doknr="BJNR011860939BJNE002300303"><metadaten><jurabk>VerschG</jurabk><enbez>§ 15b</enbez></metadaten><textdaten><text format="XML"><Content><P>Ist ein Gerichtsstand nach §§ 15, 15a nicht begründet, so ist das Amtsgericht Berlin-Schöneberg zuständig. Dieses Gericht kann die Sache aus wichtigem Grund an ein anderes Gericht abgeben.</P></Content></text></textdaten></norm>
<norm builddate="20180405214504" doknr="BJNR011860939BJNE002400303"><metadaten><jurabk>VerschG</jurabk><enbez>§ 15c</enbez></metadaten><textdaten><text format="XML"><Content><P>Gibt ein Gericht auf Grund der Vorschriften dieses Gesetzes oder ein außerhalb des Geltungsbereichs dieses Gesetzes bestehendes Gericht auf Grund der dort geltenden Vorschriften eine Sache an ein anderes Gericht ab, so ist die Abgabeverfügung für das andere Gericht bindend.</P></Content></text></textdaten></norm>
<norm builddate="20180405214504" doknr="BJNR011860939BJNE002501301"><metadaten><jurabk>VerschG</jurabk><enbez>§ 15d</enbez></metadaten><textdaten><text format="XML"><Content><P>Ist anzunehmen, daß mehrere Personen infolge desselben Ereignisses verschollen sind, so kann das Bundesministerium der Justiz und für Verbraucherschutz das für alle Todeserklärungen zuständige Gericht bestimmen. Ist der Antrag bei einem hiernach nicht zuständigen Gericht gestellt, so ist er an das zuständige Gericht abzugeben.</P></Content></text><fussnoten/></textdaten></norm>
<norm builddate="20180405214504" doknr="BJNR011860939BJNE002603140"><metadaten><jurabk>VerschG</jurabk><enbez>§ 16</enbez></metadaten><textdaten><text format="XML"><Content><P>(1) Das Aufgebotsverfahren wird nur auf Antrag eingeleitet.</P><P>(2) Den Antrag können stellen:<DL Font="normal" Type="arabic"><DT>a)</DT><DD Font="normal"><LA Size="normal">der Staatsanwalt;</LA></DD><DT>b)</DT><DD Font="normal"><LA Size="normal">der gesetzliche Vertreter des Verschollenen;</LA></DD><DT>c)</DT><DD Font="normal"><LA Size="normal">der Ehegatte, der Lebenspartner, die Abkömmlinge und die Eltern des Verschollenen sowie jeder andere, der ein rechtliches Interesse an der Todeserklärung hat.</LA></DD></DL></P><P>(3) Der Inhaber der elterlichen Sorge, Vormund oder Pfleger kann den Antrag nur mit Genehmigung des Familiengerichts, der Betreuer nur mit Genehmigung des Betreuungsgerichts stellen.</P><P>(4) (weggefallen)</P></Content></text><fussnoten/></textdaten></norm>
<norm builddate="20180405214504" doknr="BJNR011860939BJNE002700303"><metadaten><jurabk>VerschG</jurabk><enbez>§ 17</enbez></metadaten><textdaten><text format="XML"><Content><P>Jeder Antragsberechtigte kann neben dem Antragsteller oder an dessen Stelle in das Verfahren eintreten. Durch den Eintritt erlangt er die rechtliche Stellung eines Antragstellers. Der Eintritt ist auch zur Einlegung eines Rechtsmittels zulässig.</P></Content></text></textdaten></norm>
<norm builddate="20180405214504" doknr="BJNR011860939BJNE002800303"><metadaten><jurabk>VerschG</jurabk><enbez>§ 18</enbez></metadaten><textdaten><text format="XML"><Content><P>Vor der Einleitung des Verfahrens hat der Antragsteller die zur Begründung des Antrags erforderlichen Tatsachen glaubhaft zu machen.</P></Content></text></textdaten></norm>
<norm builddate="20180405214504" doknr="BJNR011860939BJNE002900303"><metadaten><jurabk>VerschG</jurabk><enbez>§ 19</enbez></metadaten><textdaten><text format="XML"><Content><P>(1) Ist der Antrag zulässig, so hat das Gericht das Aufgebot zu erlassen.</P><P>(2) In das Aufgebot ist insbesondere aufzunehmen: <DL Font="normal" Type="arabic"><DT/><DD Font="normal"><LA Size="normal"><DL Font="normal" Type="arabic"><DT>a)</DT><DD Font="normal"><LA Size="normal">die Bezeichnung des Antragstellers;</LA></DD><DT>b)</DT><DD Font="normal"><LA Size="normal">die Aufforderung an den Verschollenen, sich bis zu einem bestimmten Zeitpunkt zu melden, widrigenfalls er für tot erklärt werden könne;</LA></DD><DT>c)</DT><DD Font="normal"><LA Size="normal">die Aufforderung an alle, die Auskunft über den Verschollenen geben können, dem Gericht bis zu dem nach Buchstabe b bestimmten Zeitpunkt Anzeige zu machen.</LA></DD></DL></LA></DD></DL></P></Content></text></textdaten></norm>
<norm builddate="20180405214504" doknr="BJNR011860939BJNE003001307"><metadaten><jurabk>VerschG</jurabk><enbez>§ 20</enbez></metadaten><textdaten><text format="XML"><Content><P>(1) Das Aufgebot muß durch eine Tageszeitung öffentlich bekanntgemacht werden. Das Gericht kann abweichend anordnen, daß eine einmalige Einrückung in den Bundesanzeiger erfolgt, wenn dies dem Zweck des Aufgebots dienlich ist.</P><P>(2) Das Gericht kann anordnen, daß das Aufgebot daneben in anderer Weise, insbesondere durch Rundfunk, öffentlich bekanntgemacht wird. Das Aufgebot soll an die Gerichtstafel angeheftet werden.</P></Content></text><fussnoten/></textdaten></norm>
<norm builddate="20180405214504" doknr="BJNR011860939BJNE003101307"><metadaten><jurabk>VerschG</jurabk><enbez>§ 21</enbez></metadaten><textdaten><text format="XML"><Content><P>(1) Zwischen dem Tage an dem das Aufgebot zum ersten Mal durch eine Tageszeitung oder den Bundesanzeiger öffentlich bekanntgemacht ist, und dem nach § 19 Abs. 2 Buchstabe b bestimmten Zeitpunkt muß eine Frist (Aufgebotsfrist) von mindestens sechs Wochen liegen.</P><P>(2) Die Aufgebotsfrist soll, wenn nicht besondere Gründe vorliegen, nicht mehr als ein Jahr betragen.</P><P>(3) Ist das Aufgebot öffentlich bekanntgemacht, so kann die Aufgebotsfrist nicht mehr abgekürzt werden.</P></Content></text><fussnoten/></textdaten></norm>
<norm builddate="20180405214504" doknr="BJNR011860939BJNE003200303"><metadaten><jurabk>VerschG</jurabk><enbez>§ 22</enbez></metadaten><textdaten><text format="XML"><Content><P>Vor der Bekanntmachung des Aufgebots ist in jedem Falle dem Staatsanwalt, vor der Entscheidung dem Antragsteller und dem Staatsanwalt Gelegenheit zur Äußerung zu geben.</P></Content></text></textdaten></norm>
<norm builddate="20180405214504" doknr="BJNR011860939BJNE003301377"><metadaten><jurabk>VerschG</jurabk><enbez>§ 22a</enbez></metadaten><textdaten><text format="XML"><Content><P>Ist der Tod des Verschollenen bereits im Sterberegister beurkundet worden und wird ein Aufgebotsverfahren zum Zwecke der Todeserklärung durchgeführt, so hat die Eintragung im Sterberegister für das Verfahren keine Beweiskraft.</P></Content></text><fussnoten/></textdaten></norm>
<norm builddate="20180405214504" doknr="BJNR011860939BJNE003400303"><metadaten><jurabk>VerschG</jurabk><enbez>§ 23</enbez></metadaten><textdaten><text format="XML"><Content><P>In dem Beschluß, durch den der Verschollene für tot erklärt wird, ist der Zeitpunkt seines Todes nach § 9 Abs. 2, 3 festzustellen.</P></Content></text></textdaten></norm>
<norm builddate="20180405214504" doknr="BJNR011860939BJNE003501307"><metadaten><jurabk>VerschG</jurabk><enbez>§ 24</enbez></metadaten><textdaten><text format="XML"><Content><P>(1) Der Beschluß, durch den der Verschollene für tot erklärt wird, ist öffentlich bekanntzumachen. § 20 ist entsprechend anzuwenden.</P><P>(2) Der Beschluß ist ferner dem Antragsteller und dem Staatsanwalt zuzustellen.</P><P>(3) Die erste öffentliche Bekanntmachung gilt als Zustellung, auch soweit dieses Gesetz daneben eine besondere Zustellung vorschreibt. Die Zustellung gilt als am Ende des Tages bewirkt, an dem der Beschluß in der Tageszeitung oder im Bundesanzeiger öffentlich bekanntgemacht ist.</P></Content></text><fussnoten/></textdaten></norm>
<norm builddate="20180405214504" doknr="BJNR011860939BJNE003600303"><metadaten><jurabk>VerschG</jurabk><enbez>§ 25</enbez></metadaten><textdaten><text format="XML"><Content><P>Der Beschluß, durch den die Todeserklärung abgelehnt wird, ist dem Antragsteller und dem Staatsanwalt zuzustellen.</P></Content></text></textdaten></norm>
<norm builddate="20180405214504" doknr="BJNR011860939BJNE003700303"><metadaten><jurabk>VerschG</jurabk><enbez>§ 26</enbez></metadaten><textdaten><text format="XML"><Content><P>(1) Gegen den Beschluß, durch den der Verschollene für tot erklärt wird, und gegen den Beschluß, durch den die Todeserklärung abgelehnt wird, ist die sofortige Beschwerde zulässig. Die Beschwerdefrist beträgt einen Monat.</P><P>(2) Die Beschwerde steht zu <DL Font="normal" Type="arabic"><DT/><DD Font="normal"><LA Size="normal"><DL Font="normal" Type="arabic"><DT>a)</DT><DD Font="normal"><LA Size="normal">gegen den Beschluß, durch den der Verschollene für tot erklärt wird, dem Antragsteller und jedem, der an der Aufhebung der Todeserklärung oder an der Berichtigung des Zeitpunktes des Todes ein rechtliches Interesse hat;</LA></DD><DT>b)</DT><DD Font="normal"><LA Size="normal">gegen den Beschluß, durch den die Todeserklärung abgelehnt wird, dem Antragsteller.</LA></DD></DL></LA></DD></DL></P></Content></text></textdaten></norm>
<norm builddate="20180405214504" doknr="BJNR011860939BJNE003802140"><metadaten><jurabk>VerschG</jurabk><enbez>§ 27</enbez></metadaten><textdaten><text format="XML"><Content><P>Wird der Beschluß, durch den der Verschollene für tot erklärt wird, auf sofortige Beschwerde oder Rechtsbeschwerde aufgehoben und die Todeserklärung abgelehnt, so kann das Gericht anordnen, daß dieser Beschluß öffentlich bekanntgemacht wird; § 24 ist entsprechend anzuwenden.</P></Content></text><fussnoten/></textdaten></norm>
<norm builddate="20180405214504" doknr="BJNR011860939BJNE003901140"><metadaten><jurabk>VerschG</jurabk><enbez>§ 28</enbez></metadaten><textdaten><text format="XML"><Content><P>(1) Beschlüsse, die auf Rechtsbeschwerde ergehen, sind dem Beschwerdeführer und dem Staatsanwalt zuzustellen, auch wenn sie nicht den in §§ 24 oder 25 bezeichneten Inhalt haben.</P><P>(2) Bei Beschlüssen, die auf Rechtsbeschwerde ergehen, kann das Gericht von der Anwendung des § 24 Abs. 1 absehen, wenn die Todeserklärung bereits vom Amtsgericht oder vom Beschwerdegericht öffentlich bekanntgemacht worden war.</P></Content></text><fussnoten/></textdaten></norm>
<norm builddate="20180405214504" doknr="BJNR011860939BJNE004002140"><metadaten><jurabk>VerschG</jurabk><enbez>§ 29</enbez></metadaten><textdaten><text format="XML"><Content><P>(1) Beschlüsse des Amtsgerichts, durch welche die Todeserklärung ausgesprochen wird, werden mit ihrer Rechtskraft wirksam.</P><P>(2) (weggefallen)</P><P>(3) Beschlüsse, die auf Rechtsbeschwerde ergehen, werden mit der letzten Zustellung wirksam; § 24 Abs. 3 bleibt unberührt.</P></Content></text><fussnoten/></textdaten></norm>
<norm builddate="20180405214504" doknr="BJNR011860939BJNE004100303"><metadaten><jurabk>VerschG</jurabk><enbez>§ 30</enbez></metadaten><textdaten><text format="XML"><Content><P>(1) Hat der Verschollene die Todeserklärung überlebt, so kann er oder der Staatsanwalt ihre Aufhebung beantragen.</P><P>(2) Der Antrag ist bei dem Amtsgericht zu stellen, bei dem das Aufgebotsverfahren anhängig gewesen oder an welches die Sache abgegeben worden ist.</P></Content></text></textdaten></norm>
<norm builddate="20180405214504" doknr="BJNR011860939BJNE004200303"><metadaten><jurabk>VerschG</jurabk><enbez>§ 31</enbez></metadaten><textdaten><text format="XML"><Content><P>(1) Für das Verfahren gelten die §§ 17 und 18.</P><P>(2) Vor der Entscheidung ist den Antragsberechtigten und dem, der die Todeserklärung erwirkt hat, Gelegenheit zur Äußerung zu geben.</P></Content></text></textdaten></norm>
<norm builddate="20180405214504" doknr="BJNR011860939BJNE004300303"><metadaten><jurabk>VerschG</jurabk><enbez>§ 32</enbez></metadaten><textdaten><text format="XML"><Content><P>(1) Der Beschluß, durch den die Todeserklärung aufgehoben wird, ist in der gleichen Form öffentlich bekanntzumachen, in der die Todeserklärung bekanntgemacht worden ist. § 20 Abs. 2 ist entsprechend anzuwenden.</P><P>(2) Der Beschluß, durch den die Aufhebung der Todeserklärung abgelehnt wird, ist dem Antragsteller und dem Staatsanwalt zuzustellen.</P></Content></text></textdaten></norm>
<norm builddate="20180405214504" doknr="BJNR011860939BJNE004400303"><metadaten><jurabk>VerschG</jurabk><enbez>§ 33</enbez></metadaten><textdaten><text format="XML"><Content><P>(1) Gegen den Beschluß, durch den die Todeserklärung aufgehoben wird, findet kein Rechtsmittel statt.</P><P>(2) Gegen den Beschluß, durch den die Aufhebung der Todeserklärung abgelehnt wird, kann der Antragsteller die sofortige Beschwerde erheben.</P></Content></text></textdaten></norm>
<norm builddate="20180405214504" doknr="BJNR011860939BJNE004500303"><metadaten><jurabk>VerschG</jurabk><enbez>§ 33a</enbez></metadaten><textdaten><text format="XML"><Content><P>(1) Ist der Verschollene nicht in dem Zeitpunkt verstorben, der als Zeitpunkt des Todes festgestellt worden ist, so kann jeder, der ein rechtliches Interesse an der Feststellung einer anderen Todeszeit hat, die Änderung der Feststellung beantragen, wenn die Tatsache, aus der sich die Unrichtigkeit der Feststellung ergibt, ihm ohne sein Verschulden erst bekannt geworden ist, als er sie in dem Aufgebotsverfahren nicht mehr geltend machen konnte.</P><P>(2) Der Antrag ist vor Ablauf einer Notfrist von einem Monat zu stellen. Die Frist beginnt mit dem Tage, an dem der Antragsberechtigte von der Tatsache Kenntnis erhalten hat, jedoch nicht vor Eintritt der Rechtskraft der Todeserklärung. Nach Ablauf von fünf Jahren, von dem Tage der Rechtskraft der Todeserklärung an gerechnet, ist der Antrag unstatthaft.</P><P>(3) Für das Änderungsverfahren gelten §§ 17, 18, § 19 Abs. 1, Abs. 2 Buchstabe c, §§ 20, 21, 23 bis 29, § 30 Abs. 2, § 31 Abs. 2 entsprechend. Der Beschluß, durch den die Feststellung des Todes geändert wird, ist auch demjenigen zuzustellen, der die Todeserklärung erwirkt hat. Die Änderung soll auf dem Beschluß, durch den der Verschollene für tot erklärt worden ist, und auf dessen Ausfertigung vermerkt werden.</P></Content></text></textdaten></norm>
<norm builddate="20180405214504" doknr="BJNR011860939BJNE004600303"><metadaten><jurabk>VerschG</jurabk><enbez>§ 34</enbez></metadaten><textdaten><text format="XML"><Content><P>(1) Das Gericht kann in seiner Entscheidung einem am Verfahren Beteiligten oder vom Verfahren Betroffenen die Kosten des Verfahrens, einschließlich der zur zweckentsprechenden Durchführung des Verfahrens notwendigen außergerichtlichen Kosten anderer Beteiligter oder Betroffener, ganz oder teilweise auferlegen, die er durch grob fahrlässig aufgestellte unrichtige Behauptungen oder sonstiges grobes Verschulden veranlaßt hat. Vor dieser Entscheidung soll das Gericht, soweit tunlich, den hören, dem es die Kosten auferlegen will.</P><P>(2) Vorbehaltlich des Absatzes 1 hat das Gericht in dem Beschluß, durch den der Verschollene für tot erklärt wird, auszusprechen, daß die Kosten des Verfahrens, einschließlich der notwendigen außergerichtlichen Kosten des Antragstellers oder Beschwerdeführers, dem Nachlaß zur Last fallen. Dies gilt nicht für die Kosten einer unbegründeten Beschwerde.</P><P>(3) Wird die Todeserklärung gemäß den §§ 30 bis 33 aufgehoben, so kann das Gericht nach Absatz 1 auch über die Kosten entscheiden, die nach Absatz 2 dem Nachlaß zur Last gelegt sind.</P></Content></text></textdaten></norm>
<norm builddate="20180405214504" doknr="BJNR011860939BJNE004702140"><metadaten><jurabk>VerschG</jurabk><enbez>§ 35</enbez></metadaten><textdaten><text format="XML"><Content><P>(1) Die Kosten, über die nach § 34 entschieden ist, werden auf Antrag von dem Urkundsbeamten der Geschäftsstelle des Gerichts erster Instanz festgesetzt.</P><P>(2) Zur Berücksichtigung eines Ansatzes genügt es, daß er glaubhaft gemacht wird.</P><P>(3) Über Erinnerungen gegen den Festsetzungsbeschluß entscheidet das Gericht erster Instanz. Die Erinnerung ist binnen einer mit der Zustellung beginnenden Frist von zwei Wochen einzulegen. Die §§ 17 bis 19 und 49 bis 57 des Gesetzes über das Verfahren in Familiensachen und in den Angelegenheiten der freiwilligen Gerichtsbarkeit gelten entsprechend.</P></Content></text><fussnoten/></textdaten></norm>
<norm builddate="20180405214504" doknr="BJNR011860939BJNE004801305"><metadaten><jurabk>VerschG</jurabk><enbez>§ 36</enbez></metadaten><textdaten><text format="XML"><Content><P>Die Entscheidungen des Gerichts über die Kosten nach §§ 34 oder 35 Abs. 3 können selbständig mit der sofortigen Beschwerde angefochten werden, sofern der Beschwerdegegenstand den Betrag von 50 Euro übersteigt.</P></Content></text><fussnoten/></textdaten></norm>
<norm builddate="20180405214504" doknr="BJNR011860939BJNE004900303"><metadaten><jurabk>VerschG</jurabk><enbez>§ 37</enbez></metadaten><textdaten><text format="XML"><Content><P>(1) Ergeht nach der Kostenfestsetzung eine Entscheidung, die den Wert des Gegenstandes des Verfahrens festsetzt, so ist, falls diese Entscheidung von der Wertberechnung abweicht, die der Kostenfestsetzung zugrunde liegt, auf Antrag die Kostenfestsetzung entsprechend abzuändern; die §§ 35 und 36 sind entsprechend anzuwenden.</P><P>(2) Wird eine Entscheidung über die Kosten abgeändert, so ist auf Antrag auszusprechen, daß die auf Grund der abgeänderten Entscheidung zuviel gezahlten Kosten zu erstatten sind.</P></Content></text></textdaten></norm>
<norm builddate="20180405214504" doknr="BJNR011860939BJNE005000303"><metadaten><jurabk>VerschG</jurabk><enbez>§ 38</enbez></metadaten><textdaten><text format="XML"><Content><P>Aus Kostenfestsetzungsbeschlüssen und aus Entscheidungen gemäß § 37 Abs. 2 findet die Zwangsvollstreckung nach den Vorschriften der Zivilprozeßordnung statt.</P></Content></text></textdaten></norm>
<norm builddate="20180405214504" doknr="BJNR011860939BJNG000400303"><metadaten><jurabk>VerschG</jurabk><gliederungseinheit><gliederungskennzahl>040</gliederungskennzahl><gliederungsbez>Abschnitt IV</gliederungsbez><gliederungstitel>Verfahren bei Feststellung der Todeszeit</gliederungstitel></gliederungseinheit></metadaten><textdaten><text format="XML"><Content><P/></Content></text></textdaten></norm>
<norm builddate="20180405214504" doknr="BJNR011860939BJNE005101377"><metadaten><jurabk>VerschG</jurabk><enbez>§ 39</enbez></metadaten><textdaten><text format="XML"><Content><P>Ist die Todeserklärung mit Rücksicht auf § 1 Abs. 2 unzulässig, eine Eintragung im Sterberegister aber nicht erfolgt, so kann beantragt werden, den Tod und den Zeitpunkt des Todes durch gerichtliche Entscheidung festzustellen. Wird der Antrag von dem Ehegatten gestellt, so steht eine Eintragung im Sterberegister der Feststellung nicht entgegen.</P></Content></text><fussnoten/></textdaten></norm>
<norm builddate="20180405214504" doknr="BJNR011860939BJNE005200303"><metadaten><jurabk>VerschG</jurabk><enbez>§ 40</enbez></metadaten><textdaten><text format="XML"><Content><P>Auf das Verfahren sind § 13 Abs. 1, §§ 14 bis 17, 22, 22a, 24 bis 38 entsprechend anzuwenden; im übrigen gelten die besonderen Vorschriften der §§ 41 bis 44.</P></Content></text></textdaten></norm>
<norm builddate="20180405214504" doknr="BJNR011860939BJNE005300303"><metadaten><jurabk>VerschG</jurabk><enbez>§ 41</enbez></metadaten><textdaten><text format="XML"><Content><P>(1) Vor der Einleitung des Verfahrens hat der Antragsteller nachzuweisen, daß der Tod nach den Umständen nicht zweifelhaft ist, sofern dies nicht offenkundig ist.</P><P>(2) Die übrigen zur Begründung des Antrags erforderlichen Tatsachen hat der Antragsteller glaubhaft zu machen.</P></Content></text></textdaten></norm>
<norm builddate="20180405214504" doknr="BJNR011860939BJNE005400303"><metadaten><jurabk>VerschG</jurabk><enbez>§ 42</enbez></metadaten><textdaten><text format="XML"><Content><P>(1) Ist der Antrag zulässig, so soll das Gericht eine öffentliche Aufforderung an alle, die über den Zeitpunkt des Todes Angaben machen können, erlassen, dies dem Gericht bis zu einem bestimmten Zeitpunkt anzuzeigen.</P><P>(2) Von der öffentlichen Aufforderung kann das Gericht absehen, wenn dadurch nach den Umständen eine weitere Aufklärung des Sachverhalts nicht erwartet werden kann.</P></Content></text></textdaten></norm>
<norm builddate="20180405214504" doknr="BJNR011860939BJNE005501307"><metadaten><jurabk>VerschG</jurabk><enbez>§ 43</enbez></metadaten><textdaten><text format="XML"><Content><P>(1) Die öffentliche Aufforderung muß durch eine Tageszeitung öffentlich bekanntgemacht werden, sofern das Gericht nicht abweichend anordnet, daß eine einmalige Einrückung in den Bundesanzeiger erfolgt. Das Gericht kann anordnen, daß diese Aufforderung daneben in anderer Weise öffentlich bekanntgemacht wird. Es bestimmt nach freiem Ermessen die Frist, innerhalb deren die Anzeige zu machen ist.</P><P>(2) Diese Frist soll nicht weniger als sechs Wochen und, wenn nicht besondere Gründe vorliegen, nicht mehr als sechs Monate betragen. Sie beginnt mit Ablauf des Tages, an dem die Aufforderung zum ersten Mal öffentlich bekanntgemacht ist.</P><P>(3) Ist die Aufforderung öffentlich bekanntgemacht, so kann die Frist nicht mehr abgekürzt werden.</P></Content></text><fussnoten/></textdaten></norm>
<norm builddate="20180405214504" doknr="BJNR011860939BJNE005600303"><metadaten><jurabk>VerschG</jurabk><enbez>§ 44</enbez></metadaten><textdaten><text format="XML"><Content><P>(1) Der Zeitpunkt des Todes ist den Grundsätzen des § 9 Abs. 2, 3 entsprechend festzustellen.</P><P>(2) Der Beschluß begründet die Vermutung, daß der Tod in dem darin festgestellten Zeitpunkt eingetreten ist. § 9 Abs. 1 Satz 2, Abs. 4 gilt entsprechend.</P></Content></text></textdaten></norm>
<norm builddate="20180405214504" doknr="BJNR011860939BJNE005700303"><metadaten><jurabk>VerschG</jurabk><enbez>§ 45</enbez></metadaten><textdaten><text format="XML"><Content><P>(1) Ergeben die Ermittlungen, die in einem nach § 2 eingeleiteten Aufgebotsverfahren angestellt sind, daß der Tod nach den Umständen nicht zweifelhaft ist, so ist das Verfahren nach den §§ 39 bis 44 fortzusetzen.</P><P>(2) Der Antrag auf Todeserklärung gilt in diesem Falle als Antrag auf Feststellung des Zeitpunktes des Todes. § 41 ist nicht anzuwenden.</P></Content></text></textdaten></norm>
<norm builddate="20180405214504" doknr="BJNR011860939BJNG000500303"><metadaten><jurabk>VerschG</jurabk><gliederungseinheit><gliederungskennzahl>050</gliederungskennzahl><gliederungsbez>Abschnitt V</gliederungsbez><gliederungstitel>Inkrafttreten, Übergangs- und Schlußvorschriften</gliederungstitel></gliederungseinheit></metadaten><textdaten><text format="XML"><Content><P/></Content></text></textdaten></norm>
<norm builddate="20180405214504" doknr="BJNR011860939BJNE005800303"><metadaten><jurabk>VerschG</jurabk><enbez>§ 46</enbez></metadaten><textdaten><text format="XML"><Content><P>(1) Dieses Gesetz tritt am 15. Juli 1939 in Kraft.</P><P>(2) u. (3) (Aufhebungs- u. Überleitungsvorschrift)</P></Content></text><fussnoten/></textdaten></norm>
<norm builddate="20180405214504" doknr="BJNR011860939BJNE005900303"><metadaten><jurabk>VerschG</jurabk><enbez>§ 47</enbez><titel format="XML">(weggefallen)</titel></metadaten><textdaten><text format="XML"><Content><P/></Content></text></textdaten></norm>
<norm builddate="20180405214504" doknr="BJNR011860939BJNE006000303"><metadaten><jurabk>VerschG</jurabk><enbez>§ 48</enbez></metadaten><textdaten><text format="XML"><Content><P/></Content></text><fussnoten/></textdaten></norm>
<norm builddate="20180405214504" doknr="BJNR011860939BJNE006100303"><metadaten><jurabk>VerschG</jurabk><enbez>§ 49</enbez></metadaten><textdaten><text format="XML"><Content><P>(1) Ist der Eintritt einer Rechtswirkung an den Erlaß des die Todeserklärung aussprechenden Urteils geknüpft, so tritt sie, wenn ein Verschollener nach diesem Gesetz für tot erklärt wird, mit dem Zeitpunkt ein, in dem die Todeserklärung wirksam wird.</P><P>(2) Der Aufhebung einer Todeserklärung infolge einer Anfechtungsklage steht deren Aufhebung oder Änderung nach den §§ 30 bis 33a dieses Gesetzes gleich.</P></Content></text></textdaten></norm>
<norm builddate="20180405214504" doknr="BJNR011860939BJNE006200303"><metadaten><jurabk>VerschG</jurabk><enbez>(XXXX) §§ 50 bis 52</enbez><titel format="XML">(weggefallen)</titel></metadaten><textdaten><text format="XML"><Content><P/></Content></text><fussnoten/></textdaten></norm>
<norm builddate="20180405214504" doknr="BJNR011860939BJNE006300303"><metadaten><jurabk>VerschG</jurabk><enbez>(XXXX) §§ 53 und 54</enbez><titel format="XML">(weggefallen)</titel></metadaten><textdaten><text format="XML"><Content><P/></Content></text></textdaten></norm>
<norm builddate="20180405214504" doknr="BJNR011860939BJNG000600303"><metadaten><jurabk>VerschG</jurabk><gliederungseinheit><gliederungskennzahl>060</gliederungskennzahl><gliederungsbez>Abschnitt VI</gliederungsbez><gliederungstitel/></gliederungseinheit></metadaten><textdaten><text format="XML"><Content><P/></Content></text></textdaten></norm>
<norm builddate="20180405214504" doknr="BJNR011860939BJNE006400303"><metadaten><jurabk>VerschG</jurabk><enbez>(XXXX) §§ 55 bis 58</enbez><titel format="XML">(weggefallen)</titel></metadaten><textdaten><text format="XML"><Content><P/></Content></text></textdaten></norm>
<norm builddate="20180405214504" doknr="BJNR011860939BJNE888800301"><metadaten><jurabk>VerschG</jurabk><enbez>Anhang EV</enbez><titel format="XML">Auszug aus EinigVtr Anlage I Kapitel III Sachgebiet B Abschnitt III<BR/>(BGBl. II 1990, 889, 953)</titel></metadaten><textdaten><text format="XML"><Content><P><noindex>Abschnitt III <BR/>Bundesrecht tritt in dem in Artikel 3 des Vertrages genannten Gebiet mit folgenden Maßgaben in Kraft: <BR/>... <DL Font="normal" Type="arabic"><DT>9.</DT><DD Font="normal"><LA Size="normal">Verschollenheitsgesetz in der im Bundesgesetzblatt Teil III, Gliederungsnummer 401-6, veröffentlichten bereinigten Fassung, zuletzt geändert durch Artikel 3 des Gesetzes vom 25. Juli 1986 (BGBl. I S. 1142),</LA><LA Size="normal">... mit folgenden Maßgaben:<DL Font="normal" Type="arabic"><DT>a)</DT><DD Font="normal"><LA Size="normal">Die Vorschriften dieser Gesetze sind auf Verfahren, die vor dem Wirksamwerden des Beitritts in dem in Artikel 3 des Vertrags genannten Gebiet bereits eingeleitet sind, nicht anzuwenden. Solche Verfahren sind auf der Grundlage des bislang in dem in Artikel 3 des Vertrages genannten Gebiet geltenden Rechts abzuschließen.</LA></DD><DT>b)</DT><DD Font="normal"><LA Size="normal">Die Wirkung einer vor dem Wirksamwerden des Beitritts erfolgten Todeserklärung bestimmt sich nach dem bislang in dem in Artikel 3 des Vertrages genannten Gebiet geltenden Recht.</LA></DD></DL></LA></DD></DL></noindex></P></Content></text></textdaten></norm>
</dokumente>