<?xml version="1.0" encoding="UTF-8" ?><!DOCTYPE dokumente SYSTEM "http://www.gesetze-im-internet.de/dtd/1.01/gii-norm.dtd">
<dokumente builddate="20231207213516" doknr="BJNR522700021"><norm builddate="20231207213516" doknr="BJNR522700021"><metadaten><jurabk>PatAnwVV</jurabk><amtabk>PatAnwVV</amtabk><ausfertigung-datum manuell="ja">2021-12-17</ausfertigung-datum><fundstelle typ="amtlich"><periodikum>BGBl I</periodikum><zitstelle>2021, 5219, 5227</zitstelle></fundstelle><kurzue>Patentanwaltsverzeichnisverordnung</kurzue><langue>Verordnung über das Patentanwaltsverzeichnis</langue><standangabe checked="ja"><standtyp>Stand</standtyp><standkommentar>Geändert durch Art. 1 V v. 29.11.2023 I Nr. 340</standkommentar></standangabe></metadaten><textdaten><fussnoten><Content><P><BR/> <pre xml:space="preserve">(+++ Textnachweis ab: 1.8.2022 +++)<BR/><BR/></pre>Die V wurde als Artikel 8 der V v. 17.12.2021 I 5219 vom Bundesministerium der Justiz im Einvernehmen mit dem Bundesministerium der Finanzen mit Zustimmung des Bundesrates beschlossen. Sie ist gem. Art. 9 Abs. 2 dieser V am 1.8.2022 in Kraft getreten.</P></Content></fussnoten></textdaten></norm>
<norm builddate="20231207213516" doknr="BJNR522700021BJNE000100000"><metadaten><jurabk>PatAnwVV</jurabk><enbez>§ 1</enbez><titel format="XML">Gegenstand des Verzeichnisses</titel></metadaten><textdaten><text format="XML"><Content><P>(1) Die Patentanwaltskammer führt ein elektronisches Verzeichnis der zugelassenen Patentanwälte einschließlich der Syndikuspatentanwälte. In das Verzeichnis sind zudem die folgenden Personen einzutragen: <DL Type="arabic"><DT>1.</DT><DD Font="normal"><LA>von der Patentanwaltskammer aufgenommene niedergelassene europäische Patentanwälte einschließlich der niedergelassenen europäischen Syndikuspatentanwälte nach § 20 des Gesetzes über die Tätigkeit europäischer Patentanwälte in Deutschland;</LA></DD><DT>2.</DT><DD Font="normal"><LA>von der Patentanwaltskammer aufgenommene Patentanwälte aus anderen Staaten einschließlich der Syndikuspatentanwälte aus anderen Staaten nach § 157 Absatz 1 der Patentanwaltsordnung.</LA></DD></DL></P><P>(2) In das Verzeichnis nach Absatz 1 sind von der Patentanwaltskammer zudem die Berufsausübungsgesellschaften einzutragen, die <DL Type="arabic"><DT>1.</DT><DD Font="normal"><LA>nach § 52f der Patentanwaltsordnung zugelassen sind oder</LA></DD><DT>2.</DT><DD Font="normal"><LA>als niedergelassene ausländische Berufsausübungsgesellschaften nach § 159 der Patentanwaltsordnung zugelassen sind.</LA></DD></DL></P></Content></text></textdaten></norm>
<norm builddate="20231207213516" doknr="BJNR522700021BJNE000201360"><metadaten><jurabk>PatAnwVV</jurabk><enbez>§ 2</enbez><titel format="XML">Inhalt des Verzeichnisses</titel></metadaten><textdaten><text format="XML"><Content><P>(1) Als Zusatz zum Familiennamen werden, soweit von der eingetragenen Person geführt und mitgeteilt, akademische Grade und Ehrengrade sowie die Bezeichnung „Professor“ eingetragen. Die Patentanwaltskammer kann die Eintragung davon abhängig machen, dass die Berechtigung zum Führen des akademischen Grades, des Ehrengrades oder der Bezeichnung „Professor“ nachgewiesen wird.</P><P>(2) Führt die eingetragene Person einen Berufsnamen und teilt sie diesen mit, wird auch dieser eingetragen.</P><P>(3) Verfügt die eingetragene Person über mehrere Vornamen, so sind diese nur insoweit einzutragen, als sie im Rahmen der Berufsausübung üblicherweise verwendet werden.</P><P>(4) Als Name der Kanzlei, Zweigstelle oder Berufsausübungsgesellschaft ist die Bezeichnung einzutragen, unter der die eingetragene Person oder Berufsausübungsgesellschaft am jeweiligen Standort beruflich auftritt. Führt eine Berufsausübungsgesellschaft eine Kurzbezeichnung, so ist diese als Name einzutragen. Bei Syndikuspatentanwälten ist als Name der Arbeitgeber einzutragen. Wird eine weitere Kanzlei eingetragen, muss sich deren Name von dem Namen anderer für die Person eingetragener Kanzleien unterscheiden.</P><P>(5) An Telekommunikationsdaten werden, soweit von der eingetragenen Person oder Berufsausübungsgesellschaft mitgeteilt, jeweils eine Telefon- und eine Telefaxnummer, eine E-Mail-Adresse sowie die Bezeichnung eines elektronischen Bürger- und Organisationenpostfachs je Kanzlei und Zweigstelle eingetragen. Einem besonderen elektronischen Bürger- und Organisationenpostfach im Sinne des Satzes 1 stehen andere Postfächer im Sinne des § 130a Absatz 4 Satz 1 Nummer 2 und 5 der Zivilprozessordnung gleich. Zudem wird, soweit von der eingetragenen Person oder Berufsausübungsgesellschaft mitgeteilt, eine Internetadresse je Kanzlei und Zweigstelle eingetragen. Die eingetragene Person hat der Patentanwaltskammer zumindest eine Telefonnummer und eine E-Mail-Adresse je Kanzlei mitzuteilen.</P><P>(6) Als Zeitpunkt der Zulassung ist der Zeitpunkt der erstmaligen Zulassung zur Patentanwaltschaft oder als Berufsausübungsgesellschaft in der Bundesrepublik Deutschland einzutragen, sofern die eingetragene Person oder Berufsausübungsgesellschaft seitdem ununterbrochen Mitglied der Patentanwaltskammer gewesen ist. Andernfalls ist der Zeitpunkt der letzten Aufnahme in die Patentanwaltskammer einzutragen. Auf Antrag der eingetragenen Person ist im Fall des Satzes 2 auch ein nachgewiesener Zeitpunkt der ersten Zulassung zur Patentanwaltschaft in der Bundesrepublik Deutschland einzutragen. Bei nach § 1 Absatz 1 Satz 2 in das Verzeichnis eingetragenen Personen tritt an die Stelle der Zulassung die Aufnahme in die Patentanwaltskammer.</P><P>(7) Vollziehbare Berufs-, Berufsausübungs- und Vertretungsverbote sind unter Angabe des Zeitpunkts des Beginns sowie der Dauer des Verbots einzutragen. Bei der Eintragung eines Berufsausübungsverbots ist zu vermerken, dass dieses für die Dauer einer Tätigkeit im öffentlichen Dienst oder einer Übernahme eines öffentlichen Amtes besteht. Wurde nach § 21 Absatz 4 Satz 1 der Patentanwaltsordnung die sofortige Vollziehung der Rücknahme oder des Widerrufs der Zulassung angeordnet, so ist auch diese Maßnahme unter Angabe des Zeitpunkts des Beginns einzutragen; Absatz 6 Satz 4 gilt entsprechend.</P><P>(8) Die Eintragung einer Vertretung muss den Zeitraum erkennen lassen, für den diese bestellt ist.</P><P>(9) Im Fall der Befreiung von der Kanzleipflicht sind auch der Zeitpunkt des Beginns der Befreiung und bestehende Auflagen einzutragen.</P></Content></text><fussnoten/></textdaten></norm>
<norm builddate="20231207213516" doknr="BJNR522700021BJNE000300000"><metadaten><jurabk>PatAnwVV</jurabk><enbez>§ 3</enbez><titel format="XML">Eintragungen in das Verzeichnis</titel></metadaten><textdaten><text format="XML"><Content><P>Die Eintragung der nach § 1 in das Verzeichnis einzutragenden Personen und Berufsausübungsgesellschaften erfolgt unverzüglich nach ihrer Aufnahme in die Patentanwaltskammer. Im Übrigen nimmt die Patentanwaltskammer Eintragungen unverzüglich vor, nachdem sie von den einzutragenden Umständen Kenntnis erlangt hat und ihr erforderliche Nachweise vorgelegt wurden.</P></Content></text></textdaten></norm>
<norm builddate="20231207213516" doknr="BJNR522700021BJNE000400000"><metadaten><jurabk>PatAnwVV</jurabk><enbez>§ 4</enbez><titel format="XML">Berichtigungen des Verzeichnisses; Auskunftsersuchen</titel></metadaten><textdaten><text format="XML"><Content><P>Stellt die Patentanwaltskammer fest, dass Eintragungen in ihrem Verzeichnis unrichtig oder unvollständig sind, hat sie diese unverzüglich zu berichtigen. Insbesondere sind nicht mehr bestehende Berufs-, Berufsausübungs- oder Vertretungsverbote unverzüglich aus dem Verzeichnis zu löschen. Bestehen Zweifel an der Richtigkeit oder Vollständigkeit des Verzeichnisses, hat die Patentanwaltskammer Auskünfte einzuholen und gegebenenfalls die Vorlage von Nachweisen durch die eingetragene Person oder Berufsausübungsgesellschaft zu verlangen.</P></Content></text></textdaten></norm>
<norm builddate="20231207213516" doknr="BJNR522700021BJNE000500000"><metadaten><jurabk>PatAnwVV</jurabk><enbez>§ 5</enbez><titel format="XML">Sperrung und Löschung von Eintragungen</titel></metadaten><textdaten><text format="XML"><Content><P>(1) Scheidet eine in das Verzeichnis eingetragene Person oder zugelassene Berufsausübungsgesellschaft aus der Patentanwaltskammer aus, so sperrt die Patentanwaltskammer unverzüglich sämtliche der zu dieser Person oder Berufsausübungsgesellschaft eingetragenen Angaben. Die Rechtsfolge des Satzes 1 gilt sinngemäß für die gesonderte Eintragung eines Syndikuspatentanwalts nach § 41d Absatz 5 Satz 2 der Patentanwaltsordnung, soweit dessen Zulassung widerrufen wird.</P><P>(2) Gesperrte Eintragungen dürfen nicht durch Einsichtnahme in das Register ersichtlich sein.</P><P>(3) Gesperrte Eintragungen werden spätestens zwei Jahre nach der Sperrung gelöscht, soweit nicht die eingetragene Person oder Berufsausübungsgesellschaft einer längeren Speicherung ausdrücklich zustimmt. Auf Antrag der eingetragenen Person oder Berufsausübungsgesellschaft sind gesperrte Eintragungen unverzüglich zu löschen. § 29 Absatz 5 Satz 4 der Patentanwaltsordnung bleibt unberührt.</P><P>(4) Eine zu Unrecht erfolgte Sperrung ist unverzüglich rückgängig zu machen.</P><P>(5) Ist für die Abwicklung einer Kanzlei oder Berufsausübungsgesellschaft ein Abwickler bestellt, so ist im Verzeichnis zu vermerken, dass die eingetragene Person oder Berufsausübungsgesellschaft nicht mehr Mitglied der Patentanwaltskammer ist und dass ein Abwickler bestellt wurde.</P></Content></text></textdaten></norm>
<norm builddate="20231207213516" doknr="BJNR522700021BJNE000600000"><metadaten><jurabk>PatAnwVV</jurabk><enbez>§ 6</enbez><titel format="XML">Einsichtnahme in das Verzeichnis</titel></metadaten><textdaten><text format="XML"><Content><P>(1) Die Einsichtnahme in das Verzeichnis der Patentanwaltskammer muss über das Internet jederzeit kostenfrei und ohne vorherige Registrierung möglich sein.</P><P>(2) Eine anstelle der Kanzleianschrift in das Verzeichnis eingetragene zustellfähige Anschrift ist nicht einsehbar.</P></Content></text></textdaten></norm>
<norm builddate="20231207213516" doknr="BJNR522700021BJNE000700000"><metadaten><jurabk>PatAnwVV</jurabk><enbez>§ 7</enbez><titel format="XML">Suchfunktion</titel></metadaten><textdaten><text format="XML"><Content><P>(1) Die Patentanwaltskammer hat die Einsichtnahme in ihr Verzeichnis über eine Suchfunktion zu gewährleisten. Die Suchfunktion hat die alternative und die kumulative Suche anhand folgender Angaben zu ermöglichen: <DL Type="arabic"><DT>1.</DT><DD Font="normal"><LA>Familienname; ist als Zusatz hierzu ein Berufsname eingetragen, muss auch dieser bei der Suche gefunden werden können;</LA></DD><DT>2.</DT><DD Font="normal"><LA>Vorname;</LA></DD><DT>3.</DT><DD Font="normal"><LA>Anschrift der Kanzlei oder Zweigstelle;</LA></DD><DT>4.</DT><DD Font="normal"><LA>Kanzleiname, Name oder Firma der Berufsausübungsgesellschaft oder Name der Zweigstelle;</LA></DD><DT>5.</DT><DD Font="normal"><LA>Berufsbezeichnung.</LA></DD></DL></P><P>(2) Die Nutzung der Suchfunktion kann von der Eingabe eines auf der Internetseite angegebenen Sicherheitscodes abhängig gemacht werden.</P></Content></text></textdaten></norm>
<norm builddate="20231207213516" doknr="BJNR522700021BJNE000800000"><metadaten><jurabk>PatAnwVV</jurabk><enbez>§ 8</enbez><titel format="XML">Sicherheit und Einsehbarkeit der Verzeichnisdaten</titel></metadaten><textdaten><text format="XML"><Content><P>(1) Die Patentanwaltskammer hat zu gewährleisten, dass Eintragungen, Berichtigungen, Sperrungen, Entsperrungen und Löschungen von Daten im Verzeichnis allein durch sie selbst vorgenommen werden können. Zudem muss nachträglich überprüft und festgestellt werden können, wer diese Maßnahmen innerhalb der Patentanwaltskammer zu welchem Zeitpunkt vorgenommen hat.</P><P>(2) Die Patentanwaltskammer hat durch geeignete organisatorische und dem aktuellen Stand entsprechende technische Maßnahmen sicherzustellen, dass die in das Verzeichnis aufgenommenen Angaben jederzeit einsehbar sind.</P><P>(3) Die Patentanwaltskammer hat durch geeignete organisatorische und dem Stand der Technik entsprechende technische Maßnahmen Vorkehrungen zu treffen, dass sie von auftretenden Fehlfunktionen des Verzeichnisses unverzüglich Kenntnis erlangt. Schwerwiegende Fehlfunktionen hat sie unverzüglich, andere Fehlfunktionen hat sie zeitnah zu beheben.</P></Content></text></textdaten></norm>
</dokumente>