<?xml version="1.0" encoding="UTF-8" ?><!DOCTYPE dokumente SYSTEM "http://www.gesetze-im-internet.de/dtd/1.01/gii-norm.dtd">
<dokumente builddate="20210615213039" doknr="BJNR006900012"><norm builddate="20210615213039" doknr="BJNR006900012"><metadaten><jurabk>ÜNSchutzV</jurabk><ausfertigung-datum manuell="ja">2012-01-06</ausfertigung-datum><fundstelle typ="amtlich"><periodikum>BGBl I</periodikum><zitstelle>2012, 69</zitstelle></fundstelle><langue>Verordnung zum Schutz von Übertragungsnetzen<FnR ID="F776051_01_BJNR006900012"/></langue><standangabe checked="ja"><standtyp>Stand</standtyp><standkommentar>Geändert durch Art. 315 V v. 31.8.2015 I 1474</standkommentar></standangabe></metadaten><textdaten><text format="XML"><Footnotes><Footnote FnZ="*" Group="column" ID="F776051_01_BJNR006900012" Pos="normal" Postfix=")"><noindex>Diese Verordnung dient der Umsetzung der Richtlinie 2008/114/EG des Rates vom 8. Dezember 2008 über die Ermittlung und Ausweisung europäischer kritischer Infrastrukturen und die Bewertung der Notwendigkeit, ihren Schutz zu verbessern (ABl. L 345 vom 23.12.2008, S. 75).</noindex></Footnote></Footnotes></text><fussnoten><Content><P><BR/> <pre xml:space="preserve">(+++ Textnachweis ab: 11.1.2012 +++)<BR/>(+++ Amtlicher Hinweis des Normgebers auf EG-Recht:<BR/>     Umsetzung der<BR/>       EGRL 114/2008           (CELEX Nr: 32008L0114) +++)<BR/><BR/></pre></P></Content></fussnoten></textdaten></norm>
<norm builddate="20210615213039" doknr="BJNR006900012BJNE000100000"><metadaten><jurabk>ÜNSchutzV</jurabk><enbez>Eingangsformel</enbez></metadaten><textdaten><text format="XML"><Content><P>Auf Grund des § 12g Absatz 3 des Energiewirtschaftsgesetzes vom 7. Juli 2005 (BGBl. I S. 1970, 3621), der durch Artikel 1 Nummer 10 des Gesetzes vom 26. Juli 2011 (BGBl. I S. 1554) eingefügt worden ist, verordnet die Bundesregierung:</P></Content></text></textdaten></norm>
<norm builddate="20210615213039" doknr="BJNR006900012BJNE000200000"><metadaten><jurabk>ÜNSchutzV</jurabk><enbez>§ 1</enbez><titel format="XML">Bericht der Übertragungsnetzbetreiber</titel></metadaten><textdaten><text format="XML"><Content><P>(1) Die Betreiber von Übertragungsnetzen nach § 3 Nummer 10 des Energiewirtschaftsgesetzes haben der Bundesnetzagentur alle zwei Jahre, erstmals spätestens zum 15. Januar 2012, den Bericht nach § 12g Absatz 1 Satz 3 des Energiewirtschaftsgesetzes vorzulegen. Dieser muss die in § 12g Absatz 1 Satz 3 des Energiewirtschaftsgesetzes genannten Angaben enthalten; daneben sind in dem Bericht die Mitgliedstaaten der Europäischen Union zu benennen, die von einer Störung oder Zerstörung der Anlagen erheblich betroffen sein könnten.</P><P>(2) Dem Bericht sind die jeweils aktuellen Gefährdungsszenarien zugrunde zu legen. Die Gefährdungsszenarien werden vom Bundesamt für Bevölkerungsschutz und Katastrophenhilfe im Einvernehmen mit der Bundesnetzagentur erstellt und regelmäßig aktualisiert. Die Bundesnetzagentur übermittelt die Gefährdungsszenarien rechtzeitig vor der Erstellung des Berichts an die Betreiber von Übertragungsnetzen.</P></Content></text></textdaten></norm>
<norm builddate="20210615213039" doknr="BJNR006900012BJNE000301118"><metadaten><jurabk>ÜNSchutzV</jurabk><enbez>§ 2</enbez><titel format="XML">Festlegung europäisch kritischer Anlagen</titel></metadaten><textdaten><text format="XML"><Content><P>(1) Innerhalb von zwei Monaten nach Erhalt des Berichts nach § 1 bestimmt die Bundesnetzagentur durch Festlegung gemäß § 12g Absatz 1 Satz 2 des Energiewirtschaftsgesetzes europäisch kritische Anlagen. Sie beachtet dabei das Verfahren in Anhang III der Richtlinie 2008/114/EG des Rates vom 8. Dezember 2008 über die Ermittlung und Ausweisung europäischer kritischer Infrastrukturen und die Bewertung der Notwendigkeit, ihren Schutz zu verbessern (ABl. L 345 vom 23.12.2008, S. 75). Grundlage für die Festlegung sind die in § 1 Absatz 2 genannten Gefährdungsszenarien und der Bericht nach § 12g Absatz 1 Satz 3 des Energiewirtschaftsgesetzes.</P><P>(2) Soll eine Anlage erstmals als europäisch kritische Anlage bestimmt werden, so ist vorher durch das Bundesministerium für Wirtschaft und Energie eine Konsultation nach Artikel 4 Absatz 1 bis 3 der Richtlinie 2008/114/EG durchzuführen. Die Bundesnetzagentur berücksichtigt das Ergebnis der Konsultation bei ihrer Entscheidung hinsichtlich der Festlegung. Die Festlegung erfolgt ungeachtet der in Absatz 1 genannten Frist innerhalb von zwei Monaten nach Abschluss der Konsultation.</P></Content></text><fussnoten/></textdaten></norm>
<norm builddate="20210615213039" doknr="BJNR006900012BJNE000400000"><metadaten><jurabk>ÜNSchutzV</jurabk><enbez>§ 3</enbez><titel format="XML">Sicherheitsbeauftragte</titel></metadaten><textdaten><text format="XML"><Content><P>(1) Spätestens zwei Wochen nach der Festlegung der Bundesnetzagentur nach § 12g Absatz 1 Satz 2 des Energiewirtschaftsgesetzes hat der Betreiber einer europäisch kritischen Anlage der Bundesnetzagentur zum Schutz des Übertragungsnetzes die Bestimmung einer oder eines Sicherheitsbeauftragten nachzuweisen.</P><P>(2) Die oder der Sicherheitsbeauftragte ist Kontaktperson der Behörden in Sicherheitsfragen und soll über den Bericht nach § 1 und die Sicherheitspläne nach § 4 Auskunft geben können.</P></Content></text></textdaten></norm>
<norm builddate="20210615213039" doknr="BJNR006900012BJNE000500000"><metadaten><jurabk>ÜNSchutzV</jurabk><enbez>§ 4</enbez><titel format="XML">Sicherheitspläne</titel></metadaten><textdaten><text format="XML"><Content><P>(1) Spätestens vier Wochen nach der Festlegung der Bundesnetzagentur nach § 12g Absatz 1 Satz 2 des Energiewirtschaftsgesetzes hat der Betreiber einer europäisch kritischen Anlage der Bundesnetzagentur zum Schutz des Übertragungsnetzes einen Sicherheitsplan vorzulegen, der mindestens folgende Angaben enthält: <DL Type="arabic"><DT>1.</DT><DD Font="normal"><LA>Nennung der nach § 12g Absatz 1 des Energiewirtschaftsgesetzes bestimmten europäisch kritischen Anlage,</LA></DD><DT>2.</DT><DD Font="normal"><LA>Ergebnisse einer Risikoanalyse, die sich auf die in § 1 Absatz 2 genannten Gefährdungsszenarien, die Schwachstellen der europäisch kritischen Anlage und die möglichen Auswirkungen bezieht,</LA></DD><DT>3.</DT><DD Font="normal"><LA>Ermittlung, Auswahl und Rangfolge von Gegenmaßnahmen und Verfahren; dabei ist zu unterscheiden zwischen <DL Type="alpha"><DT>a)</DT><DD Font="normal"><LA>permanenten Sicherheitsvorkehrungen, die unerlässliche Sicherheitsinvestitionen und Vorkehrungen umfassen, die jederzeit anzuwenden sind; hierunter fallen Informationen über die folgenden Maßnahmen allgemeiner Art: <DL Type="a-alpha"><DT>aa)</DT><DD Font="normal"><LA>Technische Maßnahmen, insbesondere die Einführung von Erkennungssystemen, Zugangskontrollen sowie Schutz- und Präventivmaßnahmen,</LA></DD><DT>bb)</DT><DD Font="normal"><LA>organisatorische Maßnahmen, insbesondere Verfahren für den Alarmfall und die Krisenbewältigung,</LA></DD><DT>cc)</DT><DD Font="normal"><LA>Überwachungs- und Überprüfungsmaßnahmen,</LA></DD><DT>dd)</DT><DD Font="normal"><LA>Kommunikation,</LA></DD><DT>ee)</DT><DD Font="normal"><LA>Sensibilisierung und Ausbildung sowie</LA></DD><DT>ff)</DT><DD Font="normal"><LA>die Sicherung von Informationssystemen, und</LA></DD></DL></LA></DD><DT>b)</DT><DD Font="normal"><LA>abgestuften Sicherheitsvorkehrungen, die je nach Ausmaß des Risikos und der Bedrohung ergriffen werden können.</LA></DD></DL></LA></DD></DL></P><P>(2) Absatz 1 gilt auch, wenn der Inhalt der Festlegung nach § 12g Absatz 1 Satz 2 des Energiewirtschaftsgesetzes nicht von dem Inhalt der vorherigen Festlegung abweicht.</P><P>(3) Die Frist nach Absatz 1 verlängert sich auf drei Monate, wenn die Bundesnetzagentur bei der Festlegung einer Anlage nach § 2 von den Vorschlägen in einem Bericht eines Übertragungsnetzbetreibers nach § 1 abweicht.</P></Content></text></textdaten></norm>
<norm builddate="20210615213039" doknr="BJNR006900012BJNE000600000"><metadaten><jurabk>ÜNSchutzV</jurabk><enbez>§ 5</enbez><titel format="XML">Bestätigung des Sicherheitsplans und Beanstandungen</titel></metadaten><textdaten><text format="XML"><Content><P>(1) Der Sicherheitsplan wird innerhalb von vier Wochen nach seiner Vorlage gemäß § 4 Absatz 1 Satz 1 von der Bundesnetzagentur überprüft. Entspricht der Sicherheitsplan den Anforderungen des § 4, stellt die Bundesnetzagentur dem Betreiber der Anlage eine entsprechende Bestätigung aus. Andernfalls teilt sie dem Betreiber umgehend mit, welche Beanstandungen bestehen, und setzt diesem eine angemessene Frist, innerhalb der er den Beanstandungen abzuhelfen und dies der Bundesnetzagentur auf geeignete Weise nachzuweisen hat.</P><P>(2) Absatz 1 gilt auch, wenn der Sicherheitsplan nicht von dem vorherigen Sicherheitsplan abweicht.</P><P>(3) Wenn die oder der Sicherheitsbeauftragte der Aufgabe als Kontaktperson in Sicherheitsfragen gemäß § 3 Absatz 2 nicht gerecht wird, kann die Bundesnetzagentur den Betreiber der Anlage auffordern, für die erforderliche Qualifikation der oder des Sicherheitsbeauftragten innerhalb einer angemessenen Frist zu sorgen oder eine andere Person nach § 3 zu bestimmen.</P></Content></text></textdaten></norm>
<norm builddate="20210615213039" doknr="BJNR006900012BJNE000700000"><metadaten><jurabk>ÜNSchutzV</jurabk><enbez>§ 6</enbez><titel format="XML">Einstufung als Verschlusssache</titel></metadaten><textdaten><text format="XML"><Content><P>Die Bundesnetzagentur entscheidet, welche Informationen, Berichte und Sicherheitspläne nach § 12g Absatz 4 des Energiewirtschaftsgesetzes als Verschlusssache einzustufen sind.</P></Content></text></textdaten></norm>
<norm builddate="20210615213039" doknr="BJNR006900012BJNE000800000"><metadaten><jurabk>ÜNSchutzV</jurabk><enbez>§ 7</enbez><titel format="XML">Inkrafttreten</titel></metadaten><textdaten><text format="XML"><Content><P>Diese Verordnung tritt am Tag nach der Verkündung in Kraft.</P></Content></text></textdaten></norm>
</dokumente>