<?xml version="1.0" encoding="UTF-8" ?><!DOCTYPE dokumente SYSTEM "http://www.gesetze-im-internet.de/dtd/1.01/gii-norm.dtd">
<dokumente builddate="20130405131120" doknr="BJNR114200010"><norm builddate="20130405131120" doknr="BJNR114200010"><metadaten><jurabk>BBankLV</jurabk><amtabk>BBankLV</amtabk><ausfertigung-datum manuell="ja">2010-08-06</ausfertigung-datum><fundstelle typ="amtlich"><periodikum>BGBl I</periodikum><zitstelle>2010, 1142</zitstelle></fundstelle><kurzue>Bundesbanklaufbahnverordnung</kurzue><langue>Verordnung über die Laufbahnen der Bundesbankbeamtinnen und Bundesbankbeamten</langue></metadaten><textdaten><fussnoten><Content><P><BR/> <pre xml:space="preserve">(+++ Textnachweis ab: 14.8.2010 +++)</pre></P></Content></fussnoten></textdaten></norm>
<norm builddate="20130405131120" doknr="BJNR114200010BJNE000100000"><metadaten><jurabk>BBankLV</jurabk><enbez>Eingangsformel</enbez></metadaten><textdaten><text format="XML"><Content><P>Auf Grund des § 31 Absatz 6 des Gesetzes über die Deutsche Bundesbank, der durch Artikel 12 Nummer 1 Buchstabe c des Gesetzes vom 5. Februar 2009 (BGBl. I S. 160) neu gefasst worden ist, in Verbindung mit § 2 der Verordnung zur Übertragung von Verordnungsermächtigungen der Bundesregierung nach § 31 des Gesetzes über die Deutsche Bundesbank vom 9. April 2009 (BGBl. I S. 813) verordnet der Vorstand der Deutschen Bundesbank im Einvernehmen mit dem Bundesministerium des Innern und dem Bundesministerium der Finanzen:</P></Content></text></textdaten></norm>
<norm builddate="20130405131120" doknr="BJNR114200010BJNE000200000"><metadaten><jurabk>BBankLV</jurabk><enbez>§ 1</enbez><titel format="XML">Geltungsbereich</titel></metadaten><textdaten><text format="XML"><Content><P>Diese Verordnung gilt für die Beamtinnen und Beamten der Deutschen Bundesbank. Soweit in dieser Verordnung nichts anderes bestimmt ist, sind die Vorschriften der Bundeslaufbahnverordnung entsprechend anzuwenden.</P></Content></text></textdaten></norm>
<norm builddate="20130405131120" doknr="BJNR114200010BJNE000300000"><metadaten><jurabk>BBankLV</jurabk><enbez>§ 2</enbez><titel format="XML">Gestaltung und Ämter der Laufbahnen</titel></metadaten><textdaten><text format="XML"><Content><P>(1) Bei der Deutschen Bundesbank können zusätzlich zu den Laufbahnen nach § 6 Absatz 2 der Bundeslaufbahnverordnung folgende Laufbahnen eingerichtet werden: <DL Type="arabic"><DT>1.</DT><DD Font="normal"><LA>der mittlere Bankdienst,</LA></DD><DT>2.</DT><DD Font="normal"><LA>der gehobene Bankdienst und</LA></DD><DT>3.</DT><DD Font="normal"><LA>der höhere Bankdienst.</LA></DD></DL></P><P>(2) Die Ämter der Laufbahnen, die bei der Deutschen Bundesbank eingerichtet sind, und die den Ämtern zugeordneten Amtsbezeichnungen ergeben sich aus der Anlage 1 zu dieser Verordnung. § 9 Absatz 2 der Bundeslaufbahnverordnung bleibt unberührt.</P></Content></text></textdaten></norm>
<norm builddate="20130405131120" doknr="BJNR114200010BJNE000400000"><metadaten><jurabk>BBankLV</jurabk><enbez>§ 3</enbez><titel format="XML">Einrichtung von Vorbereitungsdiensten</titel></metadaten><textdaten><text format="XML"><Content><P>Für die Laufbahnen des mittleren, gehobenen und höheren Bankdienstes werden Vorbereitungsdienste eingerichtet. § 10 Absatz 2 der Bundeslaufbahnverordnung bleibt unberührt.</P></Content></text></textdaten></norm>
<norm builddate="20130405131120" doknr="BJNR114200010BJNE000500000"><metadaten><jurabk>BBankLV</jurabk><enbez>§ 4</enbez><titel format="XML">Vorbereitungsdienst für den gehobenen Bankdienst</titel></metadaten><textdaten><text format="XML"><Content><P>Der Vorbereitungsdienst für den gehobenen Bankdienst wird in einem Studiengang an der Fachhochschule der Deutschen Bundesbank durchgeführt. § 13 der Bundeslaufbahnverordnung bleibt im Übrigen unberührt.</P></Content></text></textdaten></norm>
<norm builddate="20130405131120" doknr="BJNR114200010BJNE000600000"><metadaten><jurabk>BBankLV</jurabk><enbez>§ 5</enbez><titel format="XML">Befähigung für den höheren Bankdienst</titel></metadaten><textdaten><text format="XML"><Content><P>Die Befähigung für die Laufbahn des höheren Bankdienstes hat auch, wer die Befähigung zum Richteramt hat.</P></Content></text></textdaten></norm>
<norm builddate="20130405131120" doknr="BJNR114200010BJNE000700000"><metadaten><jurabk>BBankLV</jurabk><enbez>§ 6</enbez><titel format="XML">Wechsel von Wissenschaftlerinnen und Wissenschaftlern</titel></metadaten><textdaten><text format="XML"><Content><P>§ 43 der Bundeslaufbahnverordnung gilt mit der Maßgabe, dass in Nummer 4 die Besoldungsgruppe B 2 durch die Besoldungsgruppe B 3 und in Nummer 5 die Besoldungsgruppe B 4 durch die Besoldungsgruppe B 5 ersetzt wird.</P></Content></text></textdaten></norm>
<norm builddate="20130405131120" doknr="BJNR114200010BJNE000800000"><metadaten><jurabk>BBankLV</jurabk><enbez>§ 7</enbez><titel format="XML">Dienstliche Beurteilung</titel></metadaten><textdaten><text format="XML"><Content><P>Die Beurteilungsrichtlinien der Deutschen Bundesbank erlässt der Vorstand der Deutschen Bundesbank. Die §§ 48 bis 50 der Bundeslaufbahnverordnung bleiben im Übrigen unberührt.</P></Content></text></textdaten></norm>
<norm builddate="20130405131120" doknr="BJNR114200010BJNE000900000"><metadaten><jurabk>BBankLV</jurabk><enbez>§ 8</enbez><titel format="XML">Überleitung</titel></metadaten><textdaten><text format="XML"><Content><P>(1) Beamtinnen und Beamte, die sich beim Inkrafttreten dieser Verordnung bereits in einer Laufbahn nach der Anlage zu § 37 Absatz 2 der Vorschriften über die Vorbildung und die Laufbahnen der Beamten der Deutschen Bundesbank in der Fassung der Bekanntmachung vom 28. Dezember 1979 (BAnz. Nr. 6 vom 10. Januar 1980), die zuletzt durch den Beschluss vom 3. September 1998 (BAnz. S. 16 640) geändert worden sind, befinden, besitzen eine Befähigung nach § 2 Absatz 1 dieser Verordnung oder nach § 6 Absatz 2 der Bundeslaufbahnverordnung. Welche Laufbahnen einander entsprechen, ist in der Anlage 2 zu dieser Verordnung festgelegt.</P><P>(2) Beamtinnen und Beamte, die sich in der Laufbahn des einfachen Dienstes befinden, besitzen die Befähigung für die Laufbahn des einfachen nichttechnischen Verwaltungsdienstes.</P><P>(3) Beamtinnen und Beamte, die sich in der Laufbahn des Bankbetriebsdienstes oder des Büro- und Betriebsdienstes befinden, besitzen die Befähigung für die Laufbahn des mittleren Bankdienstes.</P></Content></text></textdaten></norm>
<norm builddate="20130405131120" doknr="BJNR114200010BJNE001000000"><metadaten><jurabk>BBankLV</jurabk><enbez>§ 9</enbez><titel format="XML">Geldbearbeitungsdienst</titel></metadaten><textdaten><text format="XML"><Content><P>Beamtinnen und Beamte mit der Befähigung für die Laufbahn des Geldbearbeitungsdienstes können durch eine einjährige berufspraktische Einführung die Befähigung für die Laufbahn des mittleren Bankdienstes erlangen. Während der berufspraktischen Einführung werden die Aufgaben der Laufbahn des mittleren Bankdienstes wahrgenommen. Die Einführung schließt mit einer dienstlichen Beurteilung ab, aus der hervorgeht, ob sich die Beamtin oder der Beamte in der neuen Laufbahn bewährt hat. Beamtinnen und Beamte, die sich in der berufspraktischen Einführung der neuen Laufbahn nicht bewährt haben, verbleiben in der Laufbahn des Geldbearbeitungsdienstes. Die Laufbahn des Geldbearbeitungsdienstes gilt insoweit weiterhin als eingerichtet.</P></Content></text></textdaten></norm>
<norm builddate="20130405131120" doknr="BJNR114200010BJNE001100000"><metadaten><jurabk>BBankLV</jurabk><enbez>§ 10</enbez><titel format="XML">Übergangsvorschriften zum Beamtenverhältnis auf Probe</titel></metadaten><textdaten><text format="XML"><Content><P>(1) Für Beamtinnen und Beamte, die vor dem 12. Februar 2009 in ein Beamtenverhältnis auf Probe berufen worden sind, sind anstelle der §§ 28 bis 31 der Bundeslaufbahnverordnung die §§ 7 bis 10 und 46 Absatz 1 Nummer 2 und 3 der Vorschriften über die Vorbildung und die Laufbahnen der Beamten der Deutschen Bundesbank weiter anzuwenden, mit der Maßgabe, dass sich die Probezeit nicht durch Mutterschutz, Elternzeit und Teilzeit verlängert und § 19 Absatz 4 der Bundeslaufbahnverordnung entsprechend anzuwenden ist.</P><P>(2) Für Beamtinnen und Beamte, denen nach § 147 Absatz 1 des Bundesbeamtengesetzes bei der Begründung des Beamtenverhältnisses kein Amt verliehen worden ist, gelten die §§ 9 und 10 der Vorschriften über die Vorbildung und die Laufbahnen der Beamten der Deutschen Bundesbank weiterhin, mit der Maßgabe, dass die Beamtinnen und Beamten vor Abschluss der Probezeit angestellt werden können und dass anstelle des § 10 Absatz 6 der Vorschriften über die Vorbildung und die Laufbahnen der Beamten der Deutschen Bundesbank bei der Anstellung in ein höheres Amt als das Eingangsamt § 25 der Bundeslaufbahnverordnung entsprechend anzuwenden ist.</P></Content></text></textdaten></norm>
<norm builddate="20130405131120" doknr="BJNR114200010BJNE001200000"><metadaten><jurabk>BBankLV</jurabk><enbez>§ 11</enbez><titel format="XML">Übergangsvorschriften zum Aufstieg</titel></metadaten><textdaten><text format="XML"><Content><P>(1) Für Beamtinnen und Beamte, die vor dem 12. Februar 2009 in ein Beamtenverhältnis auf Probe berufen worden sind und sich vor dem 1. Januar 2012 um eine Teilnahme an einem Auswahlverfahren zum Aufstieg nach den vor Inkrafttreten dieser Verordnung geltenden Regelungen bewerben, richtet sich das weitere Auswahl- und Aufstiegsverfahren weiterhin nach den §§ 16, 23, 29 und 34 der Vorschriften über die Vorbildung und die Laufbahnen der Beamten der Deutschen Bundesbank. Ihnen steht der Aufstieg nach § 37 der Bundeslaufbahnverordnung offen.</P><P>(2) Für Beamtinnen und Beamte, die die Befähigung nach den §§ 24, 30 und 34a der Vorschriften über die Vorbildung und die Laufbahnen der Beamten der Deutschen Bundesbank erworben haben, gelten die §§ 24, 30 und 34a der Vorschriften über die Vorbildung und die Laufbahnen der Beamten der Deutschen Bundesbank weiter, mit der Maßgabe, dass Ämter der Besoldungsgruppe A 9, A 13 oder A 16 der Bundesbesoldungsordnung A ohne Befähigungserweiterung verliehen werden können.</P></Content></text></textdaten></norm>
<norm builddate="20130405131120" doknr="BJNR114200010BJNE001300000"><metadaten><jurabk>BBankLV</jurabk><enbez>§ 12</enbez><titel format="XML">Inkrafttreten, Außerkrafttreten</titel></metadaten><textdaten><text format="XML"><Content><P>Diese Verordnung tritt am Tag nach der Verkündung in Kraft. Gleichzeitig treten die Vorschriften über die Vorbildung und die Laufbahnen der Beamten der Deutschen Bundesbank in der Fassung der Bekanntmachung vom 28. Dezember 1979 (BAnz. Nr. 6 vom 10. Januar 1980), die zuletzt durch den Beschluss vom 3. September 1998 (BAnz. S. 16 640) geändert worden sind, außer Kraft.</P></Content></text></textdaten></norm>
<norm builddate="20130405131120" doknr="BJNR114200010BJNE001500000"><metadaten><jurabk>BBankLV</jurabk><enbez>Anlage 1</enbez><titel format="XML">(zu § 2 Abs 2)<BR/>Laufbahnen, Ämter und Amtsbezeichnungen</titel></metadaten><textdaten><text format="XML"><Content><P><noindex><kommentar typ="Fundstelle">(Fundstelle: BGBl. I 2010, 1144)<BR/><BR/></kommentar></noindex></P><Title Align="auto" Class="S3">Laufbahnen, Ämter und Amtsbezeichnungen</Title><BR/><table colsep="1" rowsep="1" tocentry="%yes;"><Title Align="auto" Class="S1">Einfacher nichttechnischer Verwaltungsdienst</Title><tgroup align="left" char="" charoff="50" cols="2"><colspec colname="col1" colwidth="11*"/><colspec colname="col2" colwidth="19*"/><thead valign="bottom"><row><entry VJ="1" align="center" colname="col1" valign="middle">Zur Laufbahn gehörende Ämter</entry><entry VJ="1" align="center" colname="col2" valign="middle">Amtsbezeichnungen</entry></row></thead><tbody valign="top"><row><entry VJ="1" colname="col1">Besoldungsgruppe A 2<FnR ID="F774438_01_BJNR114200010BJNE001500000"/></entry><entry VJ="1" colname="col2">Bundesbankoberamtsgehilfin/<BR/> Bundesbankoberamtsgehilfe</entry></row><row><entry VJ="1" colname="col1">Besoldungsgruppe A 3</entry><entry VJ="1" colname="col2">Bundesbankhauptamtsgehilfin/<BR/> Bundesbankhauptamtsgehilfe</entry></row><row><entry VJ="1" colname="col1">Besoldungsgruppe A 4</entry><entry VJ="1" colname="col2">Bundesbankamtsmeisterin/<BR/> Bundesbankamtsmeister</entry></row><row><entry VJ="1" colname="col1">Besoldungsgruppe A 5</entry><entry VJ="1" colname="col2">Bundesbankoberamtsmeisterin/<BR/> Bundesbankoberamtsmeister</entry></row><row><entry VJ="1" colname="col1">Besoldungsgruppe A 6</entry><entry VJ="1" colname="col2">Bundesbankoberamtsmeisterin/<BR/> Bundesbankoberamtsmeister</entry></row></tbody></tgroup></table><BR/><table colsep="1" rowsep="1" tocentry="%yes;"><Title Align="auto" Class="S1">Mittlerer Dienst</Title><tgroup align="left" char="" charoff="50" cols="2"><colspec colname="col1" colwidth="11*"/><colspec colname="col2" colwidth="19*"/><thead valign="bottom"><row><entry VJ="1" align="center" colname="col1" valign="middle">Zu den Laufbahnen<BR/> gehörende Ämter</entry><entry VJ="1" align="center" colname="col2" valign="middle">Amtsbezeichnungen</entry></row></thead><tbody valign="top"><row><entry VJ="1" colname="col1">Besoldungsgruppe A 6*)</entry><entry VJ="1" colname="col2">Bundesbanksekretärin/Bundesbanksekretär</entry></row><row><entry VJ="1" colname="col1">Besoldungsgruppe A 7</entry><entry VJ="1" colname="col2">Bundesbankobersekretärin/<BR/> Bundesbankobersekretär</entry></row><row><entry VJ="1" colname="col1">Besoldungsgruppe A 8</entry><entry VJ="1" colname="col2">Bundesbankhauptsekretärin/<BR/> Bundesbankhauptsekretär</entry></row><row><entry VJ="1" colname="col1">Besoldungsgruppe A 9</entry><entry VJ="1" colname="col2">Bundesbankamtsinspektorin/<BR/> Bundesbankamtsinspektor</entry></row></tbody></tgroup></table><BR/><table colsep="1" rowsep="1" tocentry="%yes;"><Title Align="auto" Class="S1">Gehobener Dienst</Title><tgroup align="left" char="" charoff="50" cols="2"><colspec colname="col1" colwidth="11*"/><colspec colname="col2" colwidth="19*"/><thead valign="bottom"><row><entry VJ="1" align="center" colname="col1" valign="middle">Zu den Laufbahnen<BR/>gehörende Ämter</entry><entry VJ="1" align="center" colname="col2" valign="middle">Amtsbezeichnungen</entry></row></thead><tbody valign="top"><row><entry VJ="1" colname="col1">Besoldungsgruppe A 9*)</entry><entry VJ="1" colname="col2">Bundesbankinspektorin/Bundesbankinspektor</entry></row><row><entry VJ="1" colname="col1">Besoldungsgruppe A 10</entry><entry VJ="1" colname="col2">Bundesbankoberinspektorin/<BR/> Bundesbankoberinspektor</entry></row><row><entry VJ="1" colname="col1">Besoldungsgruppe A 11</entry><entry VJ="1" colname="col2">Bundesbankamtfrau/Bundesbankamtmann</entry></row><row><entry VJ="1" colname="col1">Besoldungsgruppe A 12</entry><entry VJ="1" colname="col2">Bundesbankamtsrätin/Bundesbankamtsrat</entry></row><row><entry VJ="1" colname="col1">Besoldungsgruppe A 13</entry><entry VJ="1" colname="col2">Bundesbankoberamtsrätin/<BR/> Bundesbankoberamtsrat</entry></row></tbody></tgroup></table><BR/><table colsep="1" rowsep="1" tocentry="%yes;"><Title Align="auto" Class="S1">Höherer Dienst</Title><tgroup align="left" char="" charoff="50" cols="2"><colspec colname="col1" colwidth="11*"/><colspec colname="col2" colwidth="19*"/><thead valign="bottom"><row><entry VJ="1" align="center" colname="col1" valign="middle">Zu den Laufbahnen<BR/>gehörende Ämter</entry><entry VJ="1" align="center" colname="col2" valign="middle">Amtsbezeichnungen</entry></row></thead><tbody valign="top"><row><entry VJ="1" colname="col1">Besoldungsgruppe A 13*)</entry><entry VJ="1" colname="col2">Bundesbankrätin/Bundesbankrat</entry></row><row><entry VJ="1" colname="col1">Besoldungsgruppe A 14</entry><entry VJ="1" colname="col2">Bundesbankoberrätin/Bundesbankoberrat</entry></row><row><entry VJ="1" colname="col1">Besoldungsgruppe A 15</entry><entry VJ="1" colname="col2" morerows="5" valign="middle">Die Amtsbezeichnungen zu den Ämtern der<BR/> Besoldungsgruppen A 15 bis B 9 ergeben sich aus der Anlage I (Bundesbesoldungsordnungen A<BR/> und B) zum Bundesbesoldungsgesetz.</entry></row><row><entry VJ="1" colname="col1">Besoldungsgruppe A 16</entry></row><row><entry VJ="1" colname="col1">Besoldungsgruppe B 3</entry></row><row><entry VJ="1" colname="col1">Besoldungsgruppe B 5</entry></row><row><entry VJ="1" colname="col1">Besoldungsgruppe B 6</entry></row><row><entry VJ="1" colname="col1">Besoldungsgruppe B 9</entry></row></tbody></tgroup></table><FnArea Line="1" Size="normal"><FnR ID="F774438_01_BJNR114200010BJNE001500000"/></FnArea></Content><Footnotes><Footnote FnZ="*" Group="manuell" ID="F774438_01_BJNR114200010BJNE001500000" Pos="normal" Postfix=")">Eingangsamt</Footnote></Footnotes></text></textdaten></norm>
<norm builddate="20130405131120" doknr="BJNR114200010BJNE001600000"><metadaten><jurabk>BBankLV</jurabk><enbez>Anlage 2</enbez><titel format="XML">(zu § 8 Abs 1)</titel></metadaten><textdaten><text format="XML"><Content><P><noindex><kommentar typ="Fundstelle">(Fundstelle: BGBl. I 2010, 1145)<BR/><BR/></kommentar></noindex></P><table tocentry="%yes;"><tgroup align="left" char="" charoff="50" cols="3"><colspec colname="col1" colwidth="1.8*"/><colspec colname="col2" colwidth="12.2*"/><colspec colname="col3" colwidth="18*"/><thead valign="bottom"><row><entry VJ="1" align="center" colsep="1" nameend="col2" namest="col1" rowsep="1" valign="middle">Laufbahnen nach der Anlage zu § 37 Absatz 2 der Vorschriften über die<BR/>Vorbildung und die Laufbahnen der<BR/>Beamten der Deutschen Bundesbank</entry><entry VJ="1" align="center" colname="col3" rowsep="1" valign="middle">Entsprechende Laufbahnen</entry></row></thead><tbody valign="top"><row><entry VJ="1" colname="col1"><B>1</B></entry><entry VJ="1" colname="col2" colsep="1"><B>des höheren Dienstes</B></entry><entry VJ="1" colname="col3"/></row><row><entry VJ="1" colname="col1">1.1</entry><entry VJ="1" colname="col2" colsep="1">Wirtschaftsverwaltungsdienst</entry><entry VJ="1" colname="col3">Höherer Bankdienst</entry></row><row><entry VJ="1" colname="col1">1.2</entry><entry VJ="1" colname="col2" colsep="1">Sprachendienst</entry><entry VJ="1" colname="col3">Höherer sprach- und kulturwissenschaft-<BR/> licher Dienst</entry></row><row><entry VJ="1" colname="col1">1.3</entry><entry VJ="1" colname="col2" colsep="1">Dienst als Statistikerin/<BR/>Dienst als Statistiker</entry><entry VJ="1" colname="col3">Höherer naturwissenschaftlicher Dienst</entry></row><row><entry VJ="1" colname="col1">1.4</entry><entry VJ="1" colname="col2" colsep="1">Dienst als Historikerin/<BR/>Dienst als Historiker</entry><entry VJ="1" colname="col3">Höherer sprach- und kulturwissenschaft-<BR/> licher Dienst</entry></row><row><entry VJ="1" colname="col1">1.5</entry><entry VJ="1" colname="col2" colsep="1">Dienst als Informatikerin/Dienst als Informatiker</entry><entry VJ="1" colname="col3">Höherer naturwissenschaftlicher Dienst</entry></row><row><entry VJ="1" colname="col1">1.6</entry><entry VJ="1" colname="col2" colsep="1">Dienst als Mathematikerin/Dienst als Mathematiker</entry><entry VJ="1" colname="col3">Höherer naturwissenschaftlicher Dienst</entry></row><row><entry VJ="1" colname="col1" rowsep="1">1.7</entry><entry VJ="1" colname="col2" colsep="1" rowsep="1">Technischer Dienst</entry><entry VJ="1" colname="col3" rowsep="1">Höherer technischer Verwaltungsdienst</entry></row><row><entry VJ="1" colname="col1"><B>2</B></entry><entry VJ="1" colname="col2" colsep="1"><B>des gehobenen Dienstes</B></entry><entry VJ="1" colname="col3"/></row><row><entry VJ="1" colname="col1">2.1</entry><entry VJ="1" colname="col2" colsep="1">Wirtschaftsverwaltungsdienst</entry><entry VJ="1" colname="col3">Gehobener Bankdienst</entry></row><row><entry VJ="1" colname="col1">2.2</entry><entry VJ="1" colname="col2" colsep="1">Technischer Dienst</entry><entry VJ="1" colname="col3">Gehobener technischer Verwaltungsdienst</entry></row><row><entry VJ="1" colname="col1" rowsep="1">2.3</entry><entry VJ="1" colname="col2" colsep="1" rowsep="1">Dienst als Informatikerin/Dienst als Informatiker</entry><entry VJ="1" colname="col3" rowsep="1">Gehobener naturwissenschaftlicher Dienst</entry></row><row><entry VJ="1" colname="col1"><B>3</B></entry><entry VJ="1" colname="col2" colsep="1"><B>des mittleren Dienstes</B></entry><entry VJ="1" colname="col3"/></row><row><entry VJ="1" colname="col1">3.1</entry><entry VJ="1" colname="col2" colsep="1">Technischer Dienst</entry><entry VJ="1" colname="col3">Mittlerer technischer Verwaltungsdienst</entry></row></tbody></tgroup></table></Content></text></textdaten></norm>
</dokumente>