<?xml version="1.0" encoding="UTF-8" ?><!DOCTYPE dokumente SYSTEM "http://www.gesetze-im-internet.de/dtd/1.01/gii-norm.dtd">
<dokumente builddate="20250305223038" doknr="BJNR272800019"><norm builddate="20250305223038" doknr="BJNR272800019"><metadaten><jurabk>BEHG</jurabk><amtabk>BEHG</amtabk><ausfertigung-datum manuell="ja">2019-12-12</ausfertigung-datum><fundstelle typ="amtlich"><periodikum>BGBl I</periodikum><zitstelle>2019, 2728 (2022 I 2098)</zitstelle></fundstelle><kurzue>Brennstoffemissionshandelsgesetz</kurzue><langue>Gesetz über einen nationalen Zertifikatehandel für Brennstoffemissionen</langue><standangabe checked="ja"><standtyp>Stand</standtyp><standkommentar>Zuletzt geändert durch Art. 7 G v. 22.12.2023 I Nr. 412</standkommentar></standangabe><standangabe checked="ja"><standtyp>Hinweis</standtyp><standkommentar>Änderung durch Art. 2 G v. 27.2.2025 I Nr. 70 textlich nachgewiesen, dokumentarisch noch nicht abschließend bearbeitet</standkommentar></standangabe><standangabe checked="ja"><standtyp>Sonst</standtyp><standkommentar>§ 11 Abs. 1 u. 2 tritt gem. § 24 Abs. 2 dieses G am ersten Tag des Monats in Kraft, der auf den Tag folgt, an dem die Europäische Kommission die zu § 11 Abs. 1 und 2 erforderliche beihilferechtliche Genehmigung erteilt hat. Frühestens jedoch am Tag nach der Verkündung dieses G. § 11 Abs. 2 ist gem. § 24 Abs. 2 dieses G iVm Bek. v. 24.11.2022 I 2098 mWv 1.12.2022 in Kraft getreten.</standkommentar></standangabe></metadaten><textdaten><fussnoten><Content><P><BR/> <pre xml:space="preserve">(+++ Textnachweis ab: 20.12.2019 +++)<BR/><BR/></pre></P></Content></fussnoten></textdaten></norm>
<norm builddate="20250305223038" doknr="BJNR272800019BJNE000100000"><metadaten><jurabk>BEHG</jurabk><enbez>Eingangsformel</enbez></metadaten><textdaten><text format="XML"><Content><P>Der Bundestag hat das folgende Gesetz beschlossen:</P></Content></text></textdaten></norm>
<norm builddate="20250305223038" doknr="BJNR272800019BJNE000202130"><metadaten><jurabk>BEHG</jurabk><enbez>Inhaltsübersicht</enbez></metadaten><textdaten><text format="XML"><Content><TOC><Ident Class="S0">Abschnitt 1</Ident><Title Align="auto" Class="S0">Allgemeine Vorschriften</Title><P/><table colsep="0" frame="none" pgwide="1" rowsep="0" tocentry="%yes;"><tgroup align="left" char="" charoff="50" cols="2"><colspec colname="col1" colwidth="8*"/><colspec colname="col2" colwidth="72*"/><tbody valign="top"><row><entry VJ="1" colname="col1">§  1</entry><entry VJ="1" colname="col2">Zweck des Gesetzes</entry></row><row><entry VJ="1" colname="col1">§  2</entry><entry VJ="1" colname="col2">Anwendungsbereich</entry></row><row><entry VJ="1" colname="col1">§  3</entry><entry VJ="1" colname="col2">Begriffsbestimmungen</entry></row></tbody></tgroup></table><P/><Ident Class="S0">Abschnitt 2</Ident><Title Align="auto" Class="S0">Mengenplanung</Title><P/><table colsep="0" frame="none" pgwide="1" rowsep="0" tocentry="%yes;"><tgroup align="left" char="" charoff="50" cols="2"><colspec colname="col1" colwidth="8*"/><colspec colname="col2" colwidth="72*"/><tbody valign="top"><row><entry VJ="1" colname="col1">§  4</entry><entry VJ="1" colname="col2">Jährliche Emissionsmengen</entry></row><row><entry VJ="1" colname="col1">§  5</entry><entry VJ="1" colname="col2">Flexibilisierungsinstrumente nach der EU-Klimaschutzverordnung</entry></row></tbody></tgroup></table><P/><Ident Class="S0">Abschnitt 3</Ident><Title Align="auto" Class="S0">Grundpflichten der Verantwortlichen</Title><P/><table colsep="0" frame="none" pgwide="1" rowsep="0" tocentry="%yes;"><tgroup align="left" char="" charoff="50" cols="2"><colspec colname="col1" colwidth="8*"/><colspec colname="col2" colwidth="72*"/><tbody valign="top"><row><entry VJ="1" colname="col1">§  6</entry><entry VJ="1" colname="col2">Überwachungsplan, vereinfachter Überwachungsplan</entry></row><row><entry VJ="1" colname="col1">§  7</entry><entry VJ="1" colname="col2">Ermittlung und Bericht über Brennstoffemissionen</entry></row><row><entry VJ="1" colname="col1">§  8</entry><entry VJ="1" colname="col2">Abgabe von Emissionszertifikaten</entry></row></tbody></tgroup></table><P/><Ident Class="S0">Abschnitt 4</Ident><Title Align="auto" Class="S0">Emissionszertifikate, Veräußerung und Register</Title><P/><table colsep="0" frame="none" pgwide="1" rowsep="0" tocentry="%yes;"><tgroup align="left" char="" charoff="50" cols="2"><colspec colname="col1" colwidth="8*"/><colspec colname="col2" colwidth="72*"/><tbody valign="top"><row><entry VJ="1" colname="col1">§  9</entry><entry VJ="1" colname="col2">Emissionszertifikate</entry></row><row><entry VJ="1" colname="col1">§ 10</entry><entry VJ="1" colname="col2">Veräußerung von Emissionszertifikaten</entry></row><row><entry VJ="1" colname="col1">§ 11</entry><entry VJ="1" colname="col2">Ausgleich indirekter Belastungen</entry></row><row><entry VJ="1" colname="col1">§ 12</entry><entry VJ="1" colname="col2">Nationales Emissionshandelsregister</entry></row></tbody></tgroup></table><P/><Ident Class="S0">Abschnitt 5</Ident><Title Align="auto" Class="S0">Gemeinsame Vorschriften</Title><P/><table colsep="0" frame="none" pgwide="1" rowsep="0" tocentry="%yes;"><tgroup align="left" char="" charoff="50" cols="2"><colspec colname="col1" colwidth="8*"/><colspec colname="col2" colwidth="72*"/><tbody valign="top"><row><entry VJ="1" colname="col1">§ 13</entry><entry VJ="1" colname="col2">Zuständigkeiten</entry></row><row><entry VJ="1" colname="col1">§ 14</entry><entry VJ="1" colname="col2">Überwachung, Datenübermittlung; Verordnungsermächtigung</entry></row><row><entry VJ="1" colname="col1">§ 15</entry><entry VJ="1" colname="col2">Prüfstellen</entry></row><row><entry VJ="1" colname="col1">§ 16</entry><entry VJ="1" colname="col2">Gebühren für individuell zurechenbare öffentliche Leistungen</entry></row><row><entry VJ="1" colname="col1">§ 17</entry><entry VJ="1" colname="col2">Elektronische Kommunikation</entry></row><row><entry VJ="1" colname="col1">§ 18</entry><entry VJ="1" colname="col2">Änderung der Identität oder Rechtsform des Verantwortlichen</entry></row><row><entry VJ="1" colname="col1">§ 19</entry><entry VJ="1" colname="col2">Ausschluss der aufschiebenden Wirkung</entry></row></tbody></tgroup></table><P/><Ident Class="S0">Abschnitt 6</Ident><Title Align="auto" Class="S0">Sanktionen</Title><P/><table colsep="0" frame="none" pgwide="1" rowsep="0" tocentry="%yes;"><tgroup align="left" char="" charoff="50" cols="2"><colspec colname="col1" colwidth="8*"/><colspec colname="col2" colwidth="72*"/><tbody valign="top"><row><entry VJ="1" colname="col1">§ 20</entry><entry VJ="1" colname="col2">Durchsetzung der Berichtspflicht</entry></row><row><entry VJ="1" colname="col1">§ 21</entry><entry VJ="1" colname="col2">Durchsetzung der Abgabepflicht</entry></row><row><entry VJ="1" colname="col1">§ 22</entry><entry VJ="1" colname="col2">Bußgeldvorschriften</entry></row></tbody></tgroup></table><P/><Ident Class="S0">Abschnitt 7</Ident><Title Align="auto" Class="S0">Evaluierung</Title><P/><table colsep="0" frame="none" pgwide="1" rowsep="0" tocentry="%yes;"><tgroup align="left" char="" charoff="50" cols="2"><colspec colname="col1" colwidth="8*"/><colspec colname="col2" colwidth="72*"/><tbody valign="top"><row><entry VJ="1" colname="col1">§ 23</entry><entry VJ="1" colname="col2">Erfahrungsbericht</entry></row></tbody></tgroup></table><P/><Ident Class="S0">Abschnitt 8</Ident><Title Align="auto" Class="S0">Schlussvorschriften</Title><P/><table colsep="0" frame="none" pgwide="1" rowsep="0" tocentry="%yes;"><tgroup align="left" char="" charoff="50" cols="2"><colspec colname="col1" colwidth="8*"/><colspec colname="col2" colwidth="72*"/><tbody valign="top"><row><entry VJ="1" colname="col1">§ 24</entry><entry VJ="1" colname="col2">Übergangsbestimmungen</entry></row></tbody></tgroup></table><P/><table colsep="0" frame="none" pgwide="1" rowsep="0" tocentry="%yes;"><tgroup align="left" char="" charoff="50" cols="2"><colspec colname="col1" colwidth="8.04*"/><colspec colname="col2" colwidth="71.96*"/><tbody valign="top"><row><entry VJ="1" colname="col1" rowsep="0">Anlage 1</entry><entry VJ="1" colname="col2" rowsep="0">Brennstoffe</entry></row><row><entry VJ="1" colname="col1">Anlage 2</entry><entry VJ="1" colname="col2">Brennstoffe für die Emissionsberichterstattung in den Jahren 2021 und 2022</entry></row></tbody></tgroup></table></TOC></Content></text><fussnoten/></textdaten></norm>
<norm builddate="20250305223038" doknr="BJNR272800019BJNG000100000"><metadaten><jurabk>BEHG</jurabk><gliederungseinheit><gliederungskennzahl>010</gliederungskennzahl><gliederungsbez>Abschnitt 1</gliederungsbez><gliederungstitel>Allgemeine Vorschriften</gliederungstitel></gliederungseinheit></metadaten><textdaten/></norm>
<norm builddate="20250305223038" doknr="BJNR272800019BJNE000302130"><metadaten><jurabk>BEHG</jurabk><enbez>§ 1</enbez><titel format="XML">Zweck des Gesetzes</titel></metadaten><textdaten><text format="XML"><Content><P>Zweck dieses Gesetzes ist es, die Grundlagen für den Handel mit Emissionszertifikaten zu schaffen und für eine Bepreisung von Brennstoffemissionen zu sorgen, soweit diese Emissionen nicht einer Bepreisung im Rahmen des EU-Emissionshandels unterliegen, um damit zur Erreichung der nationalen Klimaschutzziele, einschließlich des langfristigen Ziels der Netto-Treibhausgasneutralität bis zum Jahr 2045, und zur Erreichung der Minderungsziele nach der EU-Klimaschutzverordnung sowie zur Verbesserung der Energieeffizienz beizutragen. Zweck des Gesetzes ist es auch, den Übergang des nationalen Emissionshandelssystems in das EU-Emissionshandelssystem für Brennstoffe sicherzustellen. Zweck des nationalen Emissionshandelssystems ist die Bepreisung fossiler Treibhausgasemissionen.</P></Content></text><fussnoten/></textdaten></norm>
<norm builddate="20250305223038" doknr="BJNR272800019BJNE000404130"><metadaten><jurabk>BEHG</jurabk><enbez>§ 2</enbez><titel format="XML">Anwendungsbereich</titel></metadaten><textdaten><text format="XML"><Content><P>(1) Dieses Gesetz gilt für die Emission von Treibhausgasen aus den in Anlage 1 genannten Brennstoffen, die gemäß den Absätzen 2 und 2a in Verkehr gebracht werden.</P><P>(2) Brennstoffe gelten mit dem Entstehen der Energiesteuer nach § 8 Absatz 1, § 9 Absatz 1, § 9a Absatz 4, § 18b Absatz 1, § 19b Absatz 1, § 22 Absatz 1, § 30 Absatz 1, § 32 Absatz 1, den §§ 34, 35, 36 Absatz 1, § 37 Absatz 2 Satz 5 und 6, Absatz 3 Satz 2, Absatz 4 Satz 1, § 38 Absatz 1, § 40 Absatz 1, § 41 Absatz 1, § 43 Absatz 1 oder § 44 Absatz 4 Satz 2 des Energiesteuergesetzes als in Verkehr gebracht. Brennstoffe im Verfahren der steuerfreien Verwendung nach § 37 Absatz 2 Nummer 3 oder Nummer 4 des Energiesteuergesetzes gelten ebenfalls als in Verkehr gebracht, sofern sie nicht in einer dem EU-Emissionshandel unterliegenden Anlage verwendet werden.</P><P>(2a) Sofern Brennstoffe nicht bereits nach Absatz 2 als in Verkehr gebracht gelten, gelten sie als in Verkehr gebracht, wenn sie in Anlagen zur Beseitigung oder Verwertung von Abfällen verwendet werden, die nach <DL Font="normal" Type="arabic"><DT>1.</DT><DD Font="normal"><LA Size="normal">Nummer 8.1.1 oder</LA></DD><DT>2.</DT><DD Font="normal"><LA Size="normal">Nummer 8.1.2 mit dem Hauptbrennstoff Altöl</LA></DD></DL>des Anhangs 1 zu der Verordnung über genehmigungsbedürftige Anlagen einer Genehmigung bedürfen, und der Betreiber einer solchen Anlage nicht der Pflicht zur Abgabe von Berechtigungen nach § 7 Absatz 1 des Treibhausgas-Emissionshandelsgesetzes unterliegt.</P><P>(3) Dieses Gesetz gilt auch für Aufgaben im Zusammenhang mit Maßnahmen nach diesem Gesetz zur Kompensation der Doppelerfassung von Emissionen im EU-Emissionshandel und mit Maßnahmen zum Erhalt der internationalen Wettbewerbsfähigkeit sowie zum Ausgleich unzumutbarer Härten.</P></Content></text><fussnoten><Content><P>(+++ § 2 Abs. 3: Zur Geltung vgl. § 17 Abs. 2 +++)</P></Content></fussnoten></textdaten></norm>
<norm builddate="20250305223038" doknr="BJNR272800019BJNE000503130"><metadaten><jurabk>BEHG</jurabk><enbez>§ 3</enbez><titel format="XML">Begriffsbestimmungen</titel></metadaten><textdaten><text format="XML"><Content><P>Im Sinne dieses Gesetzes ist oder sind: <DL Font="normal" Type="arabic"><DT>1.</DT><DD Font="normal"><LA Size="normal">Brennstoffemission:</LA><LA Size="normal">die Menge Kohlendioxid in Tonnen, die bei einer Verbrennung von Brennstoffen nach Anlage 1 freigesetzt werden kann und dem Verantwortlichen infolge des Inverkehrbringens nach § 2 Absatz 2 oder 2a zugerechnet wird;</LA></DD><DT>2.</DT><DD Font="normal"><LA Size="normal">Emissionszertifikat:</LA><LA Size="normal">das Zertifikat, das zur Emission einer Tonne Treibhausgase in Tonnen Kohlendioxidäquivalent in einem bestimmten Zeitraum berechtigt;</LA></DD><DT>3.</DT><DD Font="normal"><LA Size="normal">Verantwortlicher:</LA><LA Size="normal">in den Fällen des <DL Font="normal" Type="alpha"><DT>a)</DT><DD Font="normal"><LA Size="normal">§ 2 Absatz 2 Satz 1 die natürliche oder juristische Person oder Personengesellschaft, die für die dort genannten Tatbestände als Steuerschuldner definiert ist,</LA></DD><DT>b)</DT><DD Font="normal"><LA Size="normal">§ 2 Absatz 2 Satz 2 abweichend von Nummer 1 der Erlaubnisinhaber gemäß § 37 Absatz 1 Satz 1 des Energiesteuergesetzes,</LA></DD><DT>c)</DT><DD Font="normal"><LA Size="normal">§ 2 Absatz 2a Satz 1 der Betreiber der Anlage,</LA></DD><DT>d)</DT><DD Font="normal"><LA Size="normal">§ 7 Absatz 4 Satz 1 des Energiesteuergesetzes der an die Stelle des Steuerlagerinhabers tretende Dritte (Einlagerer);</LA></DD></DL></LA></DD><DT>4.</DT><DD Font="normal"><LA Size="normal">EU-Emissionshandel:</LA><LA Size="normal">das unionsweite System zur Erfassung und Begrenzung von Treibhausgasemissionen, geregelt durch die Richtlinie 2003/87/EG des Europäischen Parlaments und des Rates vom 13. Oktober 2003 über ein System für den Handel mit Treibhausgasemissionszertifikaten in der Gemeinschaft und zur Änderung der Richtlinie 96/61/EG des Rates (ABl. L 275 vom 25.10.2003, S. 32; L 140 vom 14.5.2014, S. 177), die zuletzt durch die Verordnung (EU) 2024/795 vom 29. Februar 2024 (ABl. L, 2024/795, 29.2.2024) geändert worden ist, in der jeweils geltenden Fassung;</LA></DD><DT>5.</DT><DD Font="normal"><LA Size="normal">EU-Klimaschutzverordnung:</LA><LA Size="normal">die Verordnung (EU) 2018/842 des Europäischen Parlaments und des Rates vom 30. Mai 2018 zur Festlegung verbindlicher nationaler Jahresziele für die Reduzierung der Treibhausgasemissionen im Zeitraum 2021 bis 2030 als Beitrag zu Klimaschutzmaßnahmen zwecks Erfüllung der Verpflichtungen aus dem Übereinkommen von Paris sowie zur Änderung der Verordnung (EU) Nr. 525/2013 (ABl. L 156 vom 19.6.2018, S. 26), die zuletzt durch die Verordnung (EU) 2023/857 vom 19. April 2023 (ABl. L 111 vom 26.4.2023, S. 1) geändert worden ist, in der jeweils geltenden Fassung;</LA></DD><DT>6.</DT><DD Font="normal"><LA Size="normal">Handelsperiode:</LA><LA Size="normal">der Zeitraum, der dem in der EU-Klimaschutzverordnung festgelegten Zeitraum entspricht;</LA></DD><DT>7.</DT><DD Font="normal"><LA Size="normal">Kombinierte Nomenklatur:</LA><LA Size="normal">die Warennomenklatur nach Artikel 1 der Verordnung (EWG) Nr. 2658/87 des Rates vom 23. Juli 1987 über die zolltarifliche und statistische Nomenklatur sowie den Gemeinsamen Zolltarif (ABl. L 256 vom 7.9.1987, S. 1; L 341 vom 3.12.1987, S. 38; L 378 vom 31.12.1987, S. 120; L 130 vom 26.5.1988, S. 42; L 151 vom 8.6.2016, S. 22) in der durch die Durchführungsverordnung (EU) 2017/1925 (ABl. L 282 vom 31.10.2017, S. 1) geänderten, am 1. Januar 2018 geltenden Fassung;</LA></DD><DT>8.</DT><DD Font="normal"><LA Size="normal">Überwachungsplan:</LA><LA Size="normal">eine Darstellung der Methode, die ein Verantwortlicher anwendet, um seine Brennstoffemissionen zu ermitteln und darüber Bericht zu erstatten;</LA></DD><DT>9.</DT><DD Font="normal"><LA Size="normal">Treibhausgase:</LA><LA Size="normal">die in § 3 Nummer 27 des Treibhausgas-Emissionshandelsgesetzes aufgeführten Treibhausgase;</LA></DD><DT>10.</DT><DD Font="normal"><LA Size="normal">Energiesteuergesetz:</LA><LA Size="normal">das Energiesteuergesetz vom 15. Juli 2006 (BGBl. I S. 1534; 2008 I S. 660, 1007), das zuletzt durch Artikel 3 des Gesetzes vom 27. März 2024 (BGBl. 2024 I Nr. 107) geändert worden ist, in der jeweils geltenden Fassung;</LA></DD><DT>11.</DT><DD Font="normal"><LA Size="normal">Verordnung über genehmigungsbedürftige Anlagen:</LA><LA Size="normal">die Verordnung über genehmigungsbedürftige Anlagen in der Fassung der Bekanntmachung vom 31. Mai 2017 (BGBl. I S. 1440), die zuletzt durch Artikel 1 der Verordnung vom 12. Oktober 2022 (BGBl. I S. 1799) geändert worden ist.</LA></DD></DL></P></Content></text><fussnoten/></textdaten></norm>
<norm builddate="20250305223038" doknr="BJNR272800019BJNG000200000"><metadaten><jurabk>BEHG</jurabk><gliederungseinheit><gliederungskennzahl>020</gliederungskennzahl><gliederungsbez>Abschnitt 2</gliederungsbez><gliederungstitel>Mengenplanung</gliederungstitel></gliederungseinheit></metadaten><textdaten/></norm>
<norm builddate="20250305223038" doknr="BJNR272800019BJNE000600000"><metadaten><jurabk>BEHG</jurabk><enbez>§ 4</enbez><titel format="XML">Jährliche Emissionsmengen</titel></metadaten><textdaten><text format="XML"><Content><P>(1) Für jedes Kalenderjahr innerhalb einer Handelsperiode wird eine Menge an Brennstoffemissionen in Deutschland festgelegt, welche hinsichtlich der Brennstoffemissionen die Einhaltung der Minderungsverpflichtung der Bundesrepublik Deutschland nach Artikel 4 Absatz 1 in Verbindung mit Anhang 1 der EU-Klimaschutzverordnung gewährleistet (jährliche Emissionsmenge). Die jährliche Emissionsmenge wird aus den jährlichen Emissionszuweisungen für die Bundesrepublik Deutschland nach Artikel 4 Absatz 3 der EU-Klimaschutzverordnung, multipliziert mit dem prozentualen Anteil der nicht vom EU-Emissionshandel erfassten Brennstoffemissionen an den nicht vom EU-Emissionshandel erfassten gesamten Treibhausgasemissionen in Deutschland im Durchschnitt des fünften bis dritten Jahres vor Beginn der jeweiligen Handelsperiode, gebildet.</P><P>(2) Die Bundesregierung wird ermächtigt, durch Rechtsverordnung, die nicht der Zustimmung des Bundesrates bedarf, die jährlichen Emissionsmengen nach Maßgabe des Absatzes 1 festzulegen.</P><P>(3) Die jährliche Emissionsmenge nach Absatz 1 ist jeweils um die Menge an Brennstoffemissionen zu erhöhen, für die sowohl nach diesem Gesetz Emissionszertifikate als auch nach dem Treibhausgas-Emissionshandelsgesetz Berechtigungen für direkte Emissionen abgegeben werden müssen. Sofern sich nachträglich Abweichungen des geschätzten vom tatsächlichen Umfang der Brennstoffemissionen ergeben, für die sowohl nach diesem Gesetz Zertifikate als auch nach dem Treibhausgas-Emissionshandelsgesetz Berechtigungen abgegeben werden müssen, ist dies bei der Erhöhung der Menge in den Folgejahren zu berücksichtigen.</P><P>(4) Die Bundesregierung wird ermächtigt, durch Rechtsverordnung, die nicht der Zustimmung des Bundesrates bedarf, Einzelheiten zur Berechnung der jährlichen Erhöhung nach Absatz 3 festzulegen.</P><P>(5) Die zuständige Behörde bestimmt die jährliche Erhöhungsmenge nach den Vorgaben des Absatzes 3 sowie nach den Vorgaben der Rechtsverordnung nach Absatz 4 und macht diese im Bundesanzeiger bekannt.</P></Content></text></textdaten></norm>
<norm builddate="20250305223038" doknr="BJNR272800019BJNE000700000"><metadaten><jurabk>BEHG</jurabk><enbez>§ 5</enbez><titel format="XML">Flexibilisierungsinstrumente nach der EU-Klimaschutzverordnung</titel></metadaten><textdaten><text format="XML"><Content><P>(1) Soweit während der Einführungsphase nach § 10 Absatz 2 Satz 1 und 2 und für die Dauer der Anwendung eines Preiskorridors die jährliche Emissionsmenge nach § 4 Absatz 1 und 3 für ein Kalenderjahr innerhalb der Handelsperiode überschritten wird und die Jahresmengen der EU-Klimaschutzverordnung nicht eingehalten werden, wird der darüber hinausgehende Bedarf an Emissionszertifikaten durch Nutzung von Flexibilisierungsmöglichkeiten nach der EU-Klimaschutzverordnung, einschließlich des Zukaufs einer entsprechenden Menge an Emissionszuweisungen aus anderen Mitgliedstaaten, gedeckt.</P><P>(2) Die Bundesregierung wird ermächtigt, durch Rechtsverordnung, die nicht der Zustimmung des Bundesrates bedarf, Einzelheiten zur Berechnung des zusätzlichen Bedarfs nach Absatz 1 zu regeln, insbesondere zur Berücksichtigung <DL Type="arabic"><DT>1.</DT><DD Font="normal"><LA>der Anrechnung möglicher Überschüsse an Emissionszuweisungen durch Minderungen in anderen Sektoren,</LA></DD><DT>2.</DT><DD Font="normal"><LA>der Menge der ausgegebenen, aber nicht abgegebenen Emissionszertifikate in einem Jahr und</LA></DD><DT>3.</DT><DD Font="normal"><LA>der tatsächlichen Schnittmenge, die sich nach § 4 Absatz 3 ergibt.</LA></DD></DL></P></Content></text></textdaten></norm>
<norm builddate="20250305223038" doknr="BJNR272800019BJNG000300000"><metadaten><jurabk>BEHG</jurabk><gliederungseinheit><gliederungskennzahl>030</gliederungskennzahl><gliederungsbez>Abschnitt 3</gliederungsbez><gliederungstitel>Grundpflichten der Verantwortlichen</gliederungstitel></gliederungseinheit></metadaten><textdaten/></norm>
<norm builddate="20250305223038" doknr="BJNR272800019BJNE000800000"><metadaten><jurabk>BEHG</jurabk><enbez>§ 6</enbez><titel format="XML">Überwachungsplan, vereinfachter Überwachungsplan</titel></metadaten><textdaten><text format="XML"><Content><P>(1) Der Verantwortliche ist verpflichtet, bei der zuständigen Behörde für jede Handelsperiode einen Überwachungsplan für die Ermittlung von Brennstoffemissionen und die Berichterstattung nach § 7 Absatz 1 einzureichen. Soweit der Verantwortliche die Brennstoffemissionen ausschließlich unter Anwendung von Standardemissionsfaktoren für die in Verkehr gebrachten Brennstoffe ermittelt, ist es ausreichend, wenn der Verantwortliche einen vereinfachten Überwachungsplan einreicht. Der Überwachungsplan und der vereinfachte Überwachungsplan bedürfen einer Genehmigung der zuständigen Behörde.</P><P>(2) Die Genehmigung für den Überwachungsplan ist zu erteilen, wenn der Überwachungsplan den Vorgaben der Rechtsverordnung nach Absatz 5 entspricht. Entspricht ein vorgelegter Überwachungsplan nicht diesen Vorgaben, ist der Verantwortliche verpflichtet, die von der zuständigen Behörde festgestellten Mängel innerhalb einer von der zuständigen Behörde festzusetzenden Frist zu beseitigen und den geänderten Überwachungsplan vorzulegen. Die zuständige Behörde kann die Genehmigung mit Auflagen für die Überwachung von und Berichterstattung über Brennstoffemissionen verbinden.</P><P>(3) Die Genehmigung für den vereinfachten Überwachungsplan ist zu erteilen, wenn der Verantwortliche erklärt, die Brennstoffemissionen nur unter Anwendung von Standardemissionsfaktoren zu ermitteln und die vom Verantwortlichen vorgesehene Methodik zur Erfassung von Art und Menge der in Verkehr gebrachten Brennstoffe den Vorgaben der Rechtsverordnung nach Absatz 5 entspricht. Absatz 2 Satz 2 und 3 gilt entsprechend. Die Genehmigung für den vereinfachten Überwachungsplan gilt als erteilt, wenn die zuständige Behörde den Verantwortlichen nicht innerhalb von zwei Monaten nach Einreichung des vereinfachten Überwachungsplans auffordert, festgestellte Mängel zu beseitigen oder fehlende Erläuterungen nachzureichen.</P><P>(4) Der Verantwortliche ist verpflichtet, den Überwachungsplan oder den vereinfachten Überwachungsplan innerhalb einer Handelsperiode unverzüglich anzupassen und bei der zuständigen Behörde einzureichen, wenn <DL Type="arabic"><DT>1.</DT><DD Font="normal"><LA>sich die Vorgaben in der Rechtsverordnung nach Absatz 5 ändern,</LA></DD><DT>2.</DT><DD Font="normal"><LA>der Verantwortliche plant, andere Arten von Brennstoffen in Verkehr zu bringen, die eine Änderung der Überwachungsmethodik erfordern, oder</LA></DD><DT>3.</DT><DD Font="normal"><LA>ein Verantwortlicher mit vereinfachtem Überwachungsplan entscheidet, seine Brennstoffemissionen im Folgejahr nicht mehr ausschließlich durch Anwendung von Standardemissionsfaktoren zu ermitteln.</LA></DD></DL>Für den angepassten Überwachungsplan nach Satz 1 gelten die Absätze 1 bis 3 entsprechend.</P><P>(5) Die Bundesregierung wird ermächtigt, durch Rechtsverordnung, die nicht der Zustimmung des Bundesrates bedarf, Fristen zur Einreichung des Überwachungsplans oder des vereinfachten Überwachungsplans festzulegen sowie Anforderungen an den Mindestinhalt des Überwachungsplans oder des vereinfachten Überwachungsplans zu bestimmen, insbesondere an <DL Type="arabic"><DT>1.</DT><DD Font="normal"><LA>die Dokumentation der Methodik zur Ermittlung der Brennstoffemissionen sowie von Art und Menge der vom Verantwortlichen in Verkehr gebrachten Brennstoffe sowie</LA></DD><DT>2.</DT><DD Font="normal"><LA>Einzelheiten zur Methodik der Berichterstattung über Brennstoffemissionen der Verantwortlichen.</LA></DD></DL></P></Content></text></textdaten></norm>
<norm builddate="20250305223038" doknr="BJNR272800019BJNE000902116"><metadaten><jurabk>BEHG</jurabk><enbez>§ 7</enbez><titel format="XML">Ermittlung und Bericht über Brennstoffemissionen</titel></metadaten><textdaten><text format="XML"><Content><P>(1) Der Verantwortliche hat die Brennstoffemissionen für die in einem Kalenderjahr in Verkehr gebrachten Brennstoffe auf Grundlage des Überwachungsplans zu ermitteln und der zuständigen Behörde bis zum 31. Juli des Folgejahres über die Brennstoffemissionen zu berichten.</P><P>(2) Die Berichtspflicht nach Absatz 1 gilt erstmals für das Kalenderjahr 2021. Für die Kalenderjahre 2021 und 2022 ist die Berichtspflicht nach Absatz 1 auf die Brennstoffe nach Anlage 2 beschränkt. Für Brennstoffe, die nach § 2 Absatz 2a als in Verkehr gebracht gelten, gilt die Berichtspflicht nach Absatz 1 erstmals ab dem 1. Januar 2024.</P><P>(3) Die Angaben im Emissionsbericht nach Absatz 1 müssen von einer Prüfstelle nach § 15 verifiziert worden sein.</P><P>(4) Die Bundesregierung wird ermächtigt, durch Rechtsverordnung, die nicht der Zustimmung des Bundesrates bedarf, die Anforderungen an die Ermittlung der Brennstoffemissionen und die Berichterstattung zu regeln, insbesondere kann sie <DL Font="normal" Type="arabic"><DT>1.</DT><DD Font="normal"><LA Size="normal">Vorgaben an die Emissionsermittlung, die Ermittlungsmethoden, die Berichterstattung und die Verifizierung machen,</LA></DD><DT>2.</DT><DD Font="normal"><LA Size="normal">Standardwerte für Emissionsfaktoren von Brennstoffen festlegen, wobei die Standardwerte so zu bemessen sind, dass eine Unterschätzung der Brennstoffemissionen des jeweiligen Brennstoffs ausgeschlossen erscheint; dabei sollen <DL Font="normal" Type="alpha"><DT>a)</DT><DD Font="normal"><LA Size="normal">biogene Brennstoffemissionen bei entsprechendem Nachhaltigkeitsnachweis mit Ausnahme von Brennstoffemissionen aus Rohstoffen mit hohem Risiko indirekter Landnutzungsänderung nach Artikel 3 der Delegierten Verordnung (EU) 2019/807 der Kommission vom 13. März 2019 (ABl. L 133 vom 21.5.2019, S. 1),</LA></DD><DT>b)</DT><DD Font="normal"><LA Size="normal">Brennstoffemissionen aus flüssigen oder gasförmigen erneuerbaren Brennstoffen nicht-biogenen Ursprungs, sobald eine Rechtsverordnung weitere Bestimmungen über die Einhaltung der Anforderungen der Richtlinie (EU) 2018/2001 sowie das Nachweisverfahren festlegt, sowie</LA></DD><DT>c)</DT><DD Font="normal"><LA Size="normal">Klärschlämme</LA></DD></DL>mit dem Emissionsfaktor Null belegt werden,</LA></DD><DT>3.</DT><DD Font="normal"><LA Size="normal">Erleichterungen für die Berichterstattung und für die Verifizierung bei ausschließlicher Ermittlung und Berichterstattung nach Standardemissionsfaktoren vorsehen,</LA></DD><DT>4.</DT><DD Font="normal"><LA Size="normal">anordnen, dass die Ermittlung der Brennstoffemissionen ausschließlich unter Anwendung der Standardemissionsfaktoren vorgenommen wird,</LA></DD><DT>5.</DT><DD Font="normal"><LA Size="normal">Einzelheiten regeln zur Vermeidung von Doppelerfassungen durch Freistellung von der Berichtspflicht für Brennstoffemissionen, die bereits nachweislich Gegenstand der Emissionsberichterstattung waren,</LA></DD><DT>6.</DT><DD Font="normal"><LA Size="normal">in den Fällen des § 2 Absatz 2a Ausnahmen von der Berichtspflicht nach Absatz 1 regeln, soweit nach dem nationalen und europäischen Rechtsrahmen für den EU-Emissionshandel entsprechende Ausnahmen für die Berichterstattung der dem EU-Emissionshandel unterliegenden Anlagen vorgesehen sind.</LA></DD></DL></P><P>(5) Doppelbelastungen infolge des Einsatzes von Brennstoffen in einer dem EU-Emissionshandel unterliegenden Anlage sind möglichst vorab zu vermeiden. Die Bundesregierung wird bis zum 31. Dezember 2020 durch Rechtsverordnung, die nicht der Zustimmung des Bundesrates bedarf, Anforderungen und Verfahren festlegen, wie der Verantwortliche insbesondere im Falle einer Direktlieferung von Brennstoffen an ein Unternehmen und deren Einsatzes in einer dem EU-Emissionshandel unterliegenden Anlage oder im Falle einer direkten Verwendung von Brennstoffen in seiner dem EU-Emissionshandel unterliegenden Anlage eine entsprechende Menge an Brennstoffemissionen von den nach Absatz 1 zu berichtenden Brennstoffemissionen abziehen kann, soweit durch den Emissionsbericht nach § 5 des Treibhausgas-Emissionshandelsgesetzes der Einsatz dieser Brennstoffe nachgewiesen ist.</P></Content></text><fussnoten/></textdaten></norm>
<norm builddate="20250305223038" doknr="BJNR272800019BJNE001000000"><metadaten><jurabk>BEHG</jurabk><enbez>§ 8</enbez><titel format="XML">Abgabe von Emissionszertifikaten</titel></metadaten><textdaten><text format="XML"><Content><P>Der Verantwortliche hat jährlich bis zum 30. September an die zuständige Behörde eine Anzahl von Emissionszertifikaten abzugeben, die der nach § 7 berichteten Gesamtmenge an Brennstoffemissionen im vorangegangenen Kalenderjahr entspricht.</P></Content></text></textdaten></norm>
<norm builddate="20250305223038" doknr="BJNR272800019BJNG000400000"><metadaten><jurabk>BEHG</jurabk><gliederungseinheit><gliederungskennzahl>040</gliederungskennzahl><gliederungsbez>Abschnitt 4</gliederungsbez><gliederungstitel>Emissionszertifikate, Veräußerung und Register</gliederungstitel></gliederungseinheit></metadaten><textdaten/></norm>
<norm builddate="20250305223038" doknr="BJNR272800019BJNE001101116"><metadaten><jurabk>BEHG</jurabk><enbez>§ 9</enbez><titel format="XML">Emissionszertifikate</titel></metadaten><textdaten><text format="XML"><Content><P>(1) Auf den Emissionszertifikaten ist die Zuordnung zu einer Handelsperiode sowie zu einem Kalenderjahr innerhalb dieser Handelsperiode erkennbar. Die Emissionszertifikate für Brennstoffemissionen sind ab dem ersten Jahr der jeweiligen Handelsperiode gültig. Abweichend von den Sätzen 1 und 2 sind Emissionszertifikate, die während der Einführungsphase nach § 10 Absatz 2 Satz 2 veräußert werden, nur für das auf dem Emissionszertifikat erkennbare Kalenderjahr für die Abdeckung der Brennstoffemissionen dieses Kalenderjahres oder der Vorjahre gültig. Die Bundesregierung wird ermächtigt, durch Rechtsverordnung, die nicht der Zustimmung des Bundesrates bedarf, für die Dauer der Anwendung des Preiskorridors nach § 10 Absatz 2 Satz 4 die Gültigkeit der Emissionszertifikate abweichend von Satz 2 zu beschränken. Der Inhaber von Emissionszertifikaten kann jederzeit auf sie verzichten und ihre Löschung verlangen.</P><P>(2) Emissionszertifikate sind übertragbar. Die Übertragung von Emissionszertifikaten erfolgt durch Einigung und Eintragung auf dem Konto des Erwerbers im nationalen Emissionshandelsregister nach § 12. Die Eintragung erfolgt auf Anweisung des Veräußerers an die zuständige Behörde, Emissionszertifikate von seinem Konto auf das Konto des Erwerbers zu übertragen.</P><P>(3) Soweit für jemanden ein Emissionszertifikat auf seinem Konto im nationalen Emissionshandelsregister eingetragen ist, gilt der Inhalt des Emissionshandelsregisters als richtig. Dies gilt nicht, wenn die Unrichtigkeit dem Empfänger von Emissionszertifikaten bei der Übertragung im Zeitpunkt der Eintragung auf dem Konto bekannt ist.</P></Content></text><fussnoten/></textdaten></norm>
<norm builddate="20250305223038" doknr="BJNR272800019BJNE001204130"><metadaten><jurabk>BEHG</jurabk><enbez>§ 10</enbez><titel format="XML">Veräußerung von Emissionszertifikaten</titel></metadaten><textdaten><text format="XML"><Content><P>(1) Die nach § 4 Absatz 1 und 3 festgelegte Menge an Emissionszertifikaten sowie der zusätzliche Bedarf, der sich in der Einführungsphase nach Absatz 2 ergeben kann, werden durch die zuständige Behörde veräußert. Die Emissionszertifikate werden zum Festpreis verkauft und ab 2026 versteigert. Im Falle der Versteigerung wird die in einem Kalenderjahr zur Verfügung stehende Versteigerungsmenge in regelmäßigen Abständen in gleichen Teilmengen angeboten. Die zuständige Behörde stellt sicher, dass die Versteigerungstermine nach Absatz 3 spätestens zwei Monate im Voraus bekannt gemacht werden.</P><P>(2) In der Einführungsphase werden die Emissionszertifikate zunächst zum Festpreis verkauft. Für die Dauer des Verkaufs beträgt der Festpreis pro Emissionszertifikat <DL Font="normal" Type="arabic"><DT>1.</DT><DD Font="normal"><LA Size="normal">im Zeitraum vom 1. Januar 2021 bis zum 31. Dezember 2021: 25 Euro,</LA></DD><DT>2.</DT><DD Font="normal"><LA Size="normal">im Zeitraum vom 1. Januar 2022 bis zum 31. Dezember 2022: 30 Euro,</LA></DD><DT>3.</DT><DD Font="normal"><LA Size="normal">im Zeitraum vom 1. Januar 2023 bis zum 31. Dezember 2023: 30 Euro,</LA></DD><DT>4.</DT><DD Font="normal"><LA Size="normal">im Zeitraum vom 1. Januar 2024 bis zum 31. Dezember 2024: 45 Euro,</LA></DD><DT>5.</DT><DD Font="normal"><LA Size="normal">im Zeitraum vom 1. Januar 2025 bis zum 31. Dezember 2025: 55 Euro.</LA></DD></DL>Verantwortliche können bis zu 10 Prozent der in einem der Jahre 2021 bis 2025 erworbenen Emissionszertifikate bis zum 30. September des jeweiligen Folgejahres zur Erfüllung der Abgabepflicht nach § 8 für das Vorjahr zu dem für dieses Jahr festgelegten Festpreis erwerben. Für das Jahr 2026 wird ein Preiskorridor mit einem Mindestpreis von 55 Euro pro Emissionszertifikat und einem Höchstpreis von 65 Euro pro Emissionszertifikat festgelegt.</P><P>(3) Die Bundesregierung wird ermächtigt, durch Rechtsverordnung, die nicht der Zustimmung des Bundesrates bedarf, das Versteigerungsverfahren sowie Einzelheiten zum Verkauf zum Festpreis zu regeln. In der Rechtsverordnung können insbesondere festgelegt werden: <DL Font="normal" Type="arabic"><DT>1.</DT><DD Font="normal"><LA Size="normal">die zuständige Stelle sowie die Möglichkeit zur Beauftragung von Dritten durch die zuständige Stelle mit der Durchführung des Veräußerungsverfahrens, einschließlich der Vereinnahmung und Abführung der Veräußerungserlöse, und die Aufsicht über diese beauftragten Dritten;</LA></DD><DT>2.</DT><DD Font="normal"><LA Size="normal">die Regeln für die Ausgestaltung und Durchführung des Versteigerungsverfahrens; diese müssen objektiv, nachvollziehbar und diskriminierungsfrei sein und Vorkehrungen gegen die Beeinflussung der Preisbildung durch das Verhalten einzelner Bieter treffen;</LA></DD><DT>3.</DT><DD Font="normal"><LA Size="normal">von Absatz 2 Satz 4 abweichende Preisregelungen für den zusätzlichen Bedarf nach § 5 Absatz 1 sowie Regelungen für den Erwerb von Emissionszertifikaten im Folgejahr;</LA></DD><DT>4.</DT><DD Font="normal"><LA Size="normal">für den Fall, dass gemäß einer Rechtsverordnung nach § 24 Absatz 2 Nummer 2 für die Jahre ab 2027 eine jährliche Emissionsmenge nach § 4 Absatz 1 Satz 1 verbleibt, abweichend von Absatz 1 Satz 1 und 2 die Fortführung des Verkaufs zu einem marktbasierten Preis, der folgendem Bezugspreis entspricht: <DL Font="normal" Type="alpha"><DT>a)</DT><DD Font="normal"><LA Size="normal">in den ersten beiden Quartalen des Jahres 2027 dem mengengewichteten Durchschnittspreis der Versteigerungen von Berechtigungen nach § 10 Absatz 1 des Treibhausgas-Emissionshandelsgesetzes in dem jeweils vorletzten vorangegangenen Quartal und</LA></DD><DT>b)</DT><DD Font="normal"><LA Size="normal">ab dem dritten Quartal 2027 dem mengengewichteten Durchschnittspreis der Versteigerungen von Emissionszertifikaten nach § 10 Absatz 1 des Treibhausgas-Emissionshandelsgesetzes in dem jeweils vorletzten vorangegangenen Quartal;</LA></DD></DL></LA></DD><DT>5.</DT><DD Font="normal"><LA Size="normal">im Fall von Artikel 30k Absatz 2 der Richtlinie 2003/87/EG für das Jahr 2027 abweichend von Absatz 1 Satz 1 und 2 die Fortführung des Verkaufs zum Festpreis, der in jedem Quartal des Jahres 2027 dem mengengewichteten Durchschnittspreis der Versteigerungen von Berechtigungen nach § 10 des Treibhausgas-Emissionshandelsgesetzes in dem jeweils vorletzten vorangegangenen Quartal entspricht.</LA></DD></DL></P><P>(4) Die Erlöse aus der Veräußerung stehen dem Bund zu. Die Kosten, die dem Bund durch die Wahrnehmung der ihm im Rahmen dieses Gesetzes zugewiesenen Aufgaben, einschließlich der gemäß § 11 entstehenden Ausgaben, entstehen und nicht durch Gebühren nach § 16 gedeckt sind, werden aus den Erlösen nach Satz 1 gedeckt, mit Ausnahme der Kosten nach § 5.</P></Content></text><fussnoten/></textdaten></norm>
<norm builddate="20250305223038" doknr="BJNR272800019BJNE003001130"><metadaten><jurabk>BEHG</jurabk><enbez>§ 11</enbez><titel format="XML">Ausgleich indirekter Belastungen</titel></metadaten><textdaten><text format="XML"><Content><P><I><noindex>(1) Entsteht durch die Einführung des Brennstoffemissionshandels nach diesem Gesetz eine unzumutbare Härte für ein betroffenes Unternehmen und ein mit diesem verbundenes Unternehmen, das mit seinem Kapital aus handels- oder gesellschaftsrechtlichem Rechtsgrund für die Risiken des Geschäftsbetriebes des betroffenen Unternehmens einstehen muss, kann die zuständige Behörde auf Antrag eine finanzielle Kompensation in der zur Vermeidung der unzumutbaren Härte erforderlichen Höhe im Wege einer Billigkeitsleistung gewähren. Dies gilt nicht für Verantwortliche im Sinne des § 3 Nummer 3. Von einer unzumutbaren Härte ist in der Regel nicht auszugehen, sofern die Brennstoffkosten eines Unternehmens, auch unter Berücksichtigung der durch die Einführung des Brennstoffemissionshandels verursachten direkten und indirekten zusätzlichen Kosten, nicht mehr als 20 Prozent der betriebswirtschaftlichen Gesamtkosten ausmachen oder wenn der Anteil der Zusatzkosten durch die Einführung des Brennstoffemissionshandels an der Bruttowertschöpfung nicht mehr als 20 Prozent beträgt. Billigkeitsleistungen im Sinne von Satz 1 stehen unter dem Vorbehalt der beihilferechtlichen Genehmigung im Einzelfall durch die Europäische Kommission.</noindex></I></P><P>(2) Die Bundesregierung wird durch Rechtsverordnung, die nicht der Zustimmung des Bundesrates bedarf, Einzelheiten regeln über die vollständige finanzielle Kompensation für Anlagenbetreiber im Sinne des § 3 Nummer 2 des Treibhausgas-Emissionshandelsgesetzes, die Brennstoffe nach Anlage 1 einsetzen, für die nach diesem Gesetz Emissionszertifikate abgegeben wurden und aufgrund deren Einsatz in der emissionshandelspflichtigen Anlage auch nach dem Treibhausgas-Emissionshandelsgesetz Berechtigungen abgegeben werden müssen. Die Rechtsverordnung bedarf der Zustimmung des Deutschen Bundestages. Hat sich der Deutsche Bundestag nach Ablauf von drei Sitzungswochen seit Eingang der Rechtsverordnung nicht mit ihr befasst, gilt seine Zustimmung zu der unveränderten Rechtsverordnung als erteilt.</P><P>(3) Die Bundesregierung wird ermächtigt, durch Rechtsverordnung, die nicht der Zustimmung des Bundesrates bedarf, die erforderlichen Maßnahmen zur Vermeidung von Carbon-Leakage und zum Erhalt der grenzüberschreitenden Wettbewerbsfähigkeit betroffener Unternehmen zu regeln. Die Maßnahmen sollen vorrangig durch finanzielle Unterstützung für klimafreundliche Investitionen erfolgen. Die Rechtsverordnung bedarf der Zustimmung des Deutschen Bundestages. Hat sich der Deutsche Bundestag nach Ablauf von sechs Sitzungswochen seit Eingang der Rechtsverordnung nicht mit ihr befasst, gilt seine Zustimmung zu der unveränderten Rechtsverordnung als erteilt.</P></Content></text><fussnoten><Content><P>(+++ § 11 Abs. 1: Tritt am ersten Tag des Monats in Kraft, der auf den Tag folgt, an dem die Europäische Kommission die zu § 11 Absatz 1 erforderliche beihilferechtliche Genehmigung erteilt hat, frühestens jedoch am Tag nach der Verkündung dieses Gesetzes gem. § 24 Abs. 2 Satz 1; Abs. 1 Satz 4 Nr. 2 idF d. Art. 1 Nr. 8 G v. 9.11.2022 I 2006 mit zukünftiger Wirkung +++)</P></Content></fussnoten></textdaten></norm>
<norm builddate="20250305223038" doknr="BJNR272800019BJNE001401116"><metadaten><jurabk>BEHG</jurabk><enbez>§ 12</enbez><titel format="XML">Nationales Emissionshandelsregister</titel></metadaten><textdaten><text format="XML"><Content><P>(1) Die zuständige Behörde führt ein nationales Emissionshandelsregister in der Form einer elektronischen Datenbank. Das Emissionshandelsregister enthält Konten für Emissionszertifikate und weist Verfügungsbeschränkungen aus. Es enthält ein Verzeichnis der berichteten und geprüften Brennstoffemissionen der Verantwortlichen. Bei der Einrichtung und beim Betrieb des Emissionshandelsregisters sind dem jeweiligen Stand der Technik entsprechende Maßnahmen zur Sicherstellung von Datenschutz und Datensicherheit zu treffen.</P><P>(2) Jeder Verantwortliche erhält ein Konto, in dem die Ausgabe, der Besitz, die Übertragung, die Löschung und die Abgabe von Emissionszertifikaten verzeichnet werden. Abgegebene Emissionszertifikate werden von der zuständigen Behörde gelöscht. Jede Person erhält auf Antrag ein Konto, in dem der Besitz, die Löschung und die Übertragung von Emissionszertifikaten verzeichnet werden.</P><P>(3) Jeder Kontoinhaber hat freien Zugang zu den auf seinen Konten gespeicherten Informationen.</P><P>(4) Die im Emissionshandelsregister verfügbaren Daten über die berichteten und geprüften Brennstoffemissionen der Verantwortlichen sowie über die von den Verantwortlichen zur Erfüllung der Abgabepflicht nach § 8 abgegebenen Mengen an Emissionszertifikaten werden von der zuständigen Behörde öffentlich zugänglich gemacht. Die zuständige Behörde macht die Daten zu Übertragungen von Emissionszertifikaten nach Ablauf von fünf Jahren nach der Übertragung öffentlich zugänglich.</P><P>(5) Das Bundesministerium für Umwelt, Naturschutz und nukleare Sicherheit wird ermächtigt, durch Rechtsverordnung, die nicht der Zustimmung des Bundesrates bedarf, Einzelheiten zur Einrichtung, zum Betrieb und zur Führung des Emissionshandelsregisters zu regeln.</P></Content></text><fussnoten/></textdaten></norm>
<norm builddate="20250305223038" doknr="BJNR272800019BJNG000500000"><metadaten><jurabk>BEHG</jurabk><gliederungseinheit><gliederungskennzahl>050</gliederungskennzahl><gliederungsbez>Abschnitt 5</gliederungsbez><gliederungstitel>Gemeinsame Vorschriften</gliederungstitel></gliederungseinheit></metadaten><textdaten/></norm>
<norm builddate="20250305223038" doknr="BJNR272800019BJNE001500000"><metadaten><jurabk>BEHG</jurabk><enbez>§ 13</enbez><titel format="XML">Zuständigkeiten</titel></metadaten><textdaten><text format="XML"><Content><P>(1) Zuständige Behörde ist das Umweltbundesamt.</P><P>(2) Ist für Streitigkeiten nach diesem Gesetz der Verwaltungsrechtsweg gegeben, ist für Klagen, die sich gegen eine Handlung oder Unterlassung des Umweltbundesamtes richten, das Verwaltungsgericht örtlich zuständig, in dessen Bezirk die Deutsche Emissionshandelsstelle im Umweltbundesamt ihren Sitz hat.</P></Content></text></textdaten></norm>
<norm builddate="20250305223038" doknr="BJNR272800019BJNE001602130"><metadaten><jurabk>BEHG</jurabk><enbez>§ 14</enbez><titel format="XML">Überwachung, Datenübermittlung; Verordnungsermächtigung</titel></metadaten><textdaten><text format="XML"><Content><P>(1) Die zuständige Behörde hat die Durchführung dieses Gesetzes und der auf dieses Gesetz gestützten Rechtsverordnungen zu überwachen.</P><P>(2) Die Verantwortlichen sind verpflichtet, den Angehörigen der zuständigen Behörde und deren Beauftragten unverzüglich <DL Font="normal" Type="arabic"><DT>1.</DT><DD Font="normal"><LA Size="normal">den Zutritt zu den Betriebsräumen oder Grundstücken zu den Geschäftszeiten zu gestatten,</LA></DD><DT>2.</DT><DD Font="normal"><LA Size="normal">die Vornahme von Prüfungen zu den Geschäftszeiten zu gestatten sowie</LA></DD><DT>3.</DT><DD Font="normal"><LA Size="normal">auf Anforderung die Auskünfte zu erteilen und die Unterlagen vorzulegen, die zur Erfüllung ihrer Aufgaben erforderlich sind.</LA></DD></DL>Im Rahmen der Pflichten nach Satz 1 haben die Verantwortlichen Arbeitskräfte sowie Hilfsmittel bereitzustellen.</P><P>(3) Für die zur Auskunft verpflichtete Person gilt § 55 der Strafprozessordnung entsprechend.</P><P>(4) Zur Überprüfung der von Verantwortlichen nach § 7 übermittelten Angaben durch die zuständige Behörde ist die Übermittlung der Daten der Verantwortlichen durch eine andere Behörde an die zuständige Behörde zulässig, die im Rahmen von <DL Font="normal" Type="arabic"><DT>1.</DT><DD Font="normal"><LA Size="normal">Besteuerungsverfahren der in § 2 Absatz 2 genannten Tatbestände des Energiesteuergesetzes,</LA></DD><DT>2.</DT><DD Font="normal"><LA Size="normal">Verfahren nach § 37c Absatz 1 des Bundes-Immissionsschutzgesetzes und</LA></DD><DT>3.</DT><DD Font="normal"><LA Size="normal">Antragsverfahren nach der Herkunfts- und Regionalnachweis-Durchführungsverordnung zur Ausstellung von Herkunftsnachweisen für Strom aus erneuerbaren Energien zu den zur Stromerzeugung eingesetzten Energieträgern</LA></DD></DL>erhoben oder bekannt wurden. Die übermittelten Daten umfassen die der jeweiligen anderen Behörde bekannt gewordenen Daten der Verantwortlichen, soweit diese Daten für die Prüfung der Emissionsberichterstattung oder der Erfüllung der sonstigen emissionshandelsrechtlichen Verpflichtungen dieser Verantwortlichen nach diesem Gesetz erforderlich sind und soweit nicht überwiegende schutzwürdige Interessen der betroffenen Person entgegenstehen. Die Übermittlung von Daten nach den Sätzen 1 und 2 ist auf Ersuchen der zuständigen Behörde anhand angemessener Stichproben außerhalb des automatisierten Abrufverfahrens durchzuführen, bis die für ein automatisiertes Abrufverfahren oder automatisiertes Anfrage- und Auskunftsverfahren erforderlichen technischen und organisatorischen Voraussetzungen in der jeweiligen anderen Behörde für eine Umsetzung der Regelungen einer Rechtsverordnung nach Absatz 5 vorliegen. § 30 Absatz 1 der Abgabenordnung steht Übermittlungen nach den Sätzen 1 bis 3 nicht entgegen.</P><P>(5) Die zuständige Behörde ist berechtigt, die im Rahmen der Erfüllung der Aufgaben nach diesem Gesetz von Verantwortlichen übermittelten Daten und Angaben dem Bundesministerium für Wirtschaft und Klimaschutz zu Zwecken der Rechts- und Fachaufsicht in nicht personenbezogener Form zu übermitteln. Sowohl die zuständige Behörde als auch das Bundesministerium für Wirtschaft und Klimaschutz dürfen die Daten und Angaben nach Satz 1 in nicht personenbezogener Form an beauftragte Dritte zu Zwecken der Fortentwicklung dieses Gesetzes übermitteln. Daten und Angaben, die Betriebs- und Geschäftsgeheimnisse darstellen, dürfen an beauftragte Dritte ohne Geheimhaltungsvereinbarung nur übermittelt werden, wenn ein Bezug zu dem Unternehmen nicht mehr hergestellt werden kann.</P><P>(6) Die Bundesregierung wird ermächtigt, durch Rechtsverordnung, die nicht der Zustimmung des Bundesrates bedarf, andere Bundesbehörden zur Übermittlung von Daten nach Absatz 4 Satz 1 an die zuständige Behörde in einem automatisierten Abrufverfahren oder automatisierten Anfrage- und Auskunftsverfahren zu verpflichten. In der Rechtsverordnung können Einzelheiten zur Datenübermittlung geregelt werden, insbesondere das Nähere über <DL Font="normal" Type="arabic"><DT>1.</DT><DD Font="normal"><LA Size="normal">den Umfang und die Form der erforderlichen Daten,</LA></DD><DT>2.</DT><DD Font="normal"><LA Size="normal">die Festlegungen zur Auskunftsfrequenz und zur Bearbeitungsfrist und</LA></DD><DT>3.</DT><DD Font="normal"><LA Size="normal">die Anforderung an das Verfahren zur Datenübermittlung einschließlich der Art und Weise der Übermittlung der Daten.</LA></DD></DL>Im Falle eines automatisierten Abrufverfahrens oder eines automatisierten Anfrage- und Auskunftsverfahrens haben die beteiligten Stellen zu gewährleisten, dass dem jeweiligen Stand der Technik entsprechende Maßnahmen zur Sicherstellung von Datenschutz und Datensicherheit getroffen werden, die insbesondere die Vertraulichkeit und Integrität der Daten gewährleisten; im Falle der Nutzung allgemein zugänglicher Netze sind dem jeweiligen Stand der Technik entsprechende Verschlüsselungsverfahren anzuwenden.</P></Content></text><fussnoten/></textdaten></norm>
<norm builddate="20250305223038" doknr="BJNR272800019BJNE001701130"><metadaten><jurabk>BEHG</jurabk><enbez>§ 15</enbez><titel format="XML">Prüfstellen</titel></metadaten><textdaten><text format="XML"><Content><P>(1) Zur Prüfung von Emissionsberichten nach § 7 Absatz 1 sind berechtigt: <DL Type="arabic"><DT>1.</DT><DD Font="normal"><LA>die für die Tätigkeitsgruppen nach den Nummern 1a bis 2 des Anhangs I der Durchführungsverordnung (EU) 2018/2067 der Kommission vom 19. Dezember 2018 über die Prüfung von Daten und die Akkreditierung von Prüfstellen gemäß der Richtlinie 2003/87/EG des Europäischen Parlaments und des Rates (ABl. L 334 vom 31.12.2018, S. 94) akkreditierten Prüfstellen für Berichte über Brennstoffemissionen in ihrem jeweiligen Tätigkeitsbereich,</LA></DD><DT>2.</DT><DD Font="normal"><LA>die nach dem Umweltauditgesetz in der Fassung der Bekanntmachung vom 4. September 2002 (BGBl. I S. 3490), das zuletzt durch Artikel 13 des Gesetzes vom 27. Juni 2017 (BGBl. I S. 1966) geändert worden ist, in der jeweiligen Fassung zugelassenen Umweltgutachter für Berichte über Brennstoffemissionen von Verantwortlichen in dem Bereich, für den die Umweltgutachter zugelassen sind, sowie</LA></DD><DT>3.</DT><DD Font="normal"><LA>weitere Prüfstellen nach Maßgabe einer Rechtsverordnung nach Absatz 2.</LA></DD></DL>Für die Prüfung der Emissionsberichte und der Anträge aufgrund von § 11 gelten die Anforderungen nach der Durchführungsverordnung (EU) 2018/2067 der Kommission vom 19. Dezember 2018 über die Prüfung von Daten und die Akkreditierung von Prüfstellen gemäß der Richtlinie 2003/87/EG des Europäischen Parlaments und des Rates (ABl. L 334 vom 31.12.2018, S. 94), die zuletzt durch Artikel 1 der Durchführungsverordnung (EU) 2024/1321 vom 8. Mai 2024 (ABl. L, 2024/1321, 13.5.2024) geändert worden ist, in der jeweils geltenden Fassung entsprechend. Die Prüfstelle nimmt die ihr zugewiesenen Aufgaben nur im öffentlichen Interesse wahr.</P><P>(2) Die Bundesregierung wird ermächtigt, durch Rechtsverordnung, die nicht der Zustimmung des Bundesrates bedarf, weiteren sachverständigen Stellen oder Berufsgruppen die Berechtigung zur Prüfung von Emissionsberichten nach Absatz 1 zu erteilen. In der Rechtsverordnung kann diese Berechtigung von einer vorherigen Bekanntgabe durch die zuständige Behörde abhängig gemacht werden; in diesem Falle regelt die Verordnung auch Voraussetzungen und das Verfahren der Zulassungsprüfung sowie die Voraussetzungen und das Verfahren der Bekanntgabe von Prüfstellen.</P></Content></text></textdaten></norm>
<norm builddate="20250305223038" doknr="BJNR272800019BJNE001801130"><metadaten><jurabk>BEHG</jurabk><enbez>§ 16</enbez><titel format="XML">Gebühren für individuell zurechenbare öffentliche Leistungen</titel></metadaten><textdaten><text format="XML"><Content><P>(1) Für die Eröffnung eines Personen- oder Händlerkontos im nationalen Emissionshandelsregister erhebt die zuständige Behörde von dem Kontoinhaber eine Gebühr von 393 Euro, für die Verwaltung eines Personen- oder Händlerkontos eine Gebühr von 649 Euro pro Handelsperiode, für die Umfirmierung eines Kontos eine Gebühr von 280 Euro sowie für die Änderung eines Kontobevollmächtigten eine Gebühr von jeweils 140 Euro.</P><P>(2) Wird ein Widerspruch gegen Entscheidungen nach diesem Gesetz vollständig oder teilweise zurückgewiesen, beträgt die Gebühr entsprechend dem entstandenen Verwaltungsaufwand 480 bis 5 600 Euro. Dies gilt nicht, wenn der Widerspruch nur deshalb keinen Erfolg hat, weil die Verletzung einer Verfahrens- oder Formvorschrift nach § 45 des Verwaltungsverfahrensgesetzes unbeachtlich ist. Wird der Widerspruch nach Beginn der sachlichen Bearbeitung, jedoch vor deren Beendigung zurückgenommen, ermäßigt sich die Gebühr um mindestens 25 Prozent.</P></Content></text></textdaten></norm>
<norm builddate="20250305223038" doknr="BJNR272800019BJNE001901130"><metadaten><jurabk>BEHG</jurabk><enbez>§ 17</enbez><titel format="XML">Elektronische Kommunikation</titel></metadaten><textdaten><text format="XML"><Content><P>(1) Erklärungen gegenüber der zuständigen Behörde sind auf elektronischem Wege und in elektronischer Form abzugeben. Die zuständige Behörde kann für die Kommunikation eine bestimmte Verschlüsselung für die Übermittlung elektronischer Dokumente vorschreiben. Die zuständige Behörde kann auch vorschreiben, dass Verantwortliche oder Prüfstellen zur Erstellung von Überwachungsplänen oder Berichten oder zur Stellung von Anträgen nur die auf ihrer Internetseite zur Verfügung gestellten elektronischen Formularvorlagen zu benutzen und die ausgefüllten Formularvorlagen in elektronischer Form zu übermitteln haben. Wenn die Benutzung elektronischer Formularvorlagen vorgeschrieben ist, ist die Übermittlung zusätzlicher Dokumente unter Beachtung der Formvorschriften des Satzes 3 möglich. Anordnungen nach den Sätzen 1 bis 3 werden im Bundesanzeiger bekannt gemacht.</P><P>(2) Für Verfahren für Maßnahmen im Sinne von § 2 Absatz 3 gilt Absatz 1 entsprechend.</P></Content></text></textdaten></norm>
<norm builddate="20250305223038" doknr="BJNR272800019BJNE002000000"><metadaten><jurabk>BEHG</jurabk><enbez>§ 18</enbez><titel format="XML">Änderung der Identität oder Rechtsform des Verantwortlichen</titel></metadaten><textdaten><text format="XML"><Content><P>(1) Ändert sich die Identität oder die Rechtsform eines Verantwortlichen, so hat der neue Verantwortliche dies unverzüglich nach der Änderung der zuständigen Behörde anzuzeigen. Der neue Verantwortliche übernimmt die noch nicht erfüllten Pflichten des ursprünglichen Verantwortlichen nach den §§ 6 bis 8.</P><P>(2) Wird über das Vermögen eines Verantwortlichen das Insolvenzverfahren eröffnet, hat der Insolvenzverwalter die zuständige Behörde unverzüglich darüber zu unterrichten. Alle Verpflichtungen des Verantwortlichen aus diesem Gesetz bestehen während des Insolvenzverfahrens fort. Der Insolvenzverwalter teilt der zuständigen Behörde die natürlichen Personen mit, die während des Insolvenzverfahrens berechtigt sind, Übertragungen nach § 9 Absatz 2 vorzunehmen. Die Sätze 1 bis 3 gelten entsprechend für den vorläufigen Insolvenzverwalter mit Verfügungsbefugnis über das Vermögen des Verantwortlichen sowie für den Verantwortlichen als eigenverwaltenden Schuldner.</P></Content></text></textdaten></norm>
<norm builddate="20250305223038" doknr="BJNR272800019BJNE002100000"><metadaten><jurabk>BEHG</jurabk><enbez>§ 19</enbez><titel format="XML">Ausschluss der aufschiebenden Wirkung</titel></metadaten><textdaten><text format="XML"><Content><P>Widerspruch und Anfechtungsklage gegen Entscheidungen nach § 6 Absatz 2 Satz 3, § 20 Satz 1 oder § 21 Absatz 2 Satz 1 haben keine aufschiebende Wirkung.</P></Content></text></textdaten></norm>
<norm builddate="20250305223038" doknr="BJNR272800019BJNG000600000"><metadaten><jurabk>BEHG</jurabk><gliederungseinheit><gliederungskennzahl>060</gliederungskennzahl><gliederungsbez>Abschnitt 6</gliederungsbez><gliederungstitel>Sanktionen</gliederungstitel></gliederungseinheit></metadaten><textdaten/></norm>
<norm builddate="20250305223038" doknr="BJNR272800019BJNE002200000"><metadaten><jurabk>BEHG</jurabk><enbez>§ 20</enbez><titel format="XML">Durchsetzung der Berichtspflicht</titel></metadaten><textdaten><text format="XML"><Content><P>Kommt ein Verantwortlicher nach Ende der Einführungsphase nach § 10 Absatz 2 Satz 1 und 2 seiner Berichtspflicht nach § 7 Absatz 1 nicht nach, so verfügt die zuständige Behörde die Sperrung seines Kontos im nationalen Emissionshandelsregister. Die Sperrung ist aufzuheben, sobald der Verantwortliche der zuständigen Behörde einen Emissionsbericht vorlegt und die zuständige Behörde diesen Bericht als den Anforderungen nach § 7 genügend anerkennt oder eine Schätzung der Emissionen nach § 21 Absatz 2 Satz 1 erfolgt.</P></Content></text></textdaten></norm>
<norm builddate="20250305223038" doknr="BJNR272800019BJNE002301130"><metadaten><jurabk>BEHG</jurabk><enbez>§ 21</enbez><titel format="XML">Durchsetzung der Abgabepflicht</titel></metadaten><textdaten><text format="XML"><Content><P>(1) Kommt ein Verantwortlicher seiner Abgabepflicht nach § 8 nicht nach, so setzt die zuständige Behörde für jede Tonne Kohlendioxidäquivalent, für die der Verantwortliche kein Emissionszertifikat abgegeben hat, eine Zahlungspflicht fest. Die Höhe der Zahlungspflicht entspricht <DL Type="arabic"><DT>1.</DT><DD Font="normal"><LA>in der Einführungsphase nach § 10 Absatz 2 Satz 1 und 2 für die Jahre mit einem Verkauf zum Festpreis für jedes nicht abgegebene Emissionszertifikat dem Doppelten des jeweiligen Festpreises,</LA></DD><DT>2.</DT><DD Font="normal"><LA>ansonsten der Höhe der für das entsprechende Jahr festzusetzenden Zahlungspflicht nach § 46 Absatz 1 Satz 1 und 2 des Treibhausgas-Emissionshandelsgesetzes.</LA></DD></DL>Von einem Leistungsbescheid nach Satz 1 kann abgesehen werden, wenn der Verantwortliche seiner Abgabepflicht nach § 8 aufgrund höherer Gewalt nicht nachkommen konnte. Hat der Verantwortliche über die Brennstoffemissionen nach § 7 berichtet, ist die Festsetzung der Zahlungspflicht nur zulässig, soweit die Menge der abgegebenen Emissionszertifikate geringer ist als die Höhe der verifizierten Brennstoffemissionen im Emissionsbericht.</P><P>(2) Soweit ein Verantwortlicher nicht ordnungsgemäß über die Brennstoffemissionen berichtet hat, schätzt die zuständige Behörde die dem Verantwortlichen zuzurechnenden Brennstoffemissionen. Die Schätzung ist Basis für die Abgabepflicht nach § 8. Die Schätzung unterbleibt, wenn der Verantwortliche im Rahmen der Anhörung zum Leistungsbescheid nach Absatz 1 seiner Berichtspflicht ordnungsgemäß nachkommt.</P><P>(3) Der Verantwortliche bleibt ungeachtet geleisteter Zahlungen nach Absatz 1 verpflichtet, die fehlenden Emissionszertifikate bis zum 30. September des Jahres abzugeben, das dem Verstoß gegen die Abgabe- oder Berichtspflicht folgt; sind die Brennstoffemissionen nach Absatz 2 geschätzt worden, so sind die Emissionszertifikate nach Maßgabe der erfolgten Schätzung abzugeben.</P></Content></text></textdaten></norm>
<norm builddate="20250305223038" doknr="BJNR272800019BJNE002402130"><metadaten><jurabk>BEHG</jurabk><enbez>§ 22</enbez><titel format="XML">Bußgeldvorschriften</titel></metadaten><textdaten><text format="XML"><Content><P>(1) Ordnungswidrig handelt, wer entgegen § 7 Absatz 1 einen Bericht nicht, nicht richtig, nicht vollständig oder nicht rechtzeitig erstattet.</P><P>(2) Ordnungswidrig handelt, wer eine in Absatz 1 bezeichnete Handlung fahrlässig begeht.</P><P>(3) Ordnungswidrig handelt, wer vorsätzlich oder fahrlässig <DL Font="normal" Type="arabic"><DT>1.</DT><DD Font="normal"><LA Size="normal">entgegen § 6 Absatz 1 Satz 1 oder Absatz 4 Satz 1 einen Überwachungsplan nicht, nicht richtig, nicht vollständig oder nicht rechtzeitig einreicht,</LA></DD><DT>2.</DT><DD Font="normal"><LA Size="normal">entgegen § 14 Absatz 2 eine dort genannte Handlung nicht gestattet, eine Auskunft nicht, nicht richtig, nicht vollständig oder nicht rechtzeitig erteilt, eine Unterlage nicht, nicht richtig oder nicht rechtzeitig vorlegt oder eine Arbeitskraft oder ein Hilfsmittel nicht oder nicht rechtzeitig bereitstellt oder</LA></DD><DT>3.</DT><DD Font="normal"><LA Size="normal">entgegen § 18 Absatz 1 Satz 1 eine Anzeige nicht, nicht richtig, nicht vollständig oder nicht rechtzeitig erstattet.</LA></DD></DL></P><P>(4) Die Ordnungswidrigkeit kann in den Fällen des Absatzes 1 mit einer Geldbuße bis zu fünfhunderttausend Euro und in den Fällen der Absätze 2 und 3 mit einer Geldbuße bis zu fünfzigtausend Euro geahndet werden.</P></Content></text><fussnoten/></textdaten></norm>
<norm builddate="20250305223038" doknr="BJNR272800019BJNG000700000"><metadaten><jurabk>BEHG</jurabk><gliederungseinheit><gliederungskennzahl>070</gliederungskennzahl><gliederungsbez>Abschnitt 7</gliederungsbez><gliederungstitel>Evaluierung</gliederungstitel></gliederungseinheit></metadaten><textdaten/></norm>
<norm builddate="20250305223038" doknr="BJNR272800019BJNE002501130"><metadaten><jurabk>BEHG</jurabk><enbez>§ 23</enbez><titel format="XML">Erfahrungsbericht</titel></metadaten><textdaten><text format="XML"><Content><P>(1) Die Bundesregierung evaluiert dieses Gesetz und legt dem Bundestag bis zum 30. November 2022 sowie bis zum 30. November 2024 und dann alle vier Jahre einen Erfahrungsbericht vor. In dem Bericht berichtet sie insbesondere über den Stand der Implementierung und die Wirksamkeit des nationalen Emissionshandelssystems, über Auswirkungen der Festpreise und Preiskorridore nach § 10 Absatz 2 und macht auf dieser Basis erforderlichenfalls Vorschläge für gesetzliche Änderungen zur Anpassung und Fortentwicklung des Emissionshandelssystems. Dabei berücksichtigt sie die jährlichen Klimaschutzberichte nach § 10 des Bundes-Klimaschutzgesetzes. Die Möglichkeit zur gesetzlichen Anpassung der Festpreise und Preiskorridore bleibt unberührt.</P><P>(2) Das Umweltbundesamt unterstützt das Bundesministerium für Wirtschaft und Klimaschutz bei der Erstellung des Erfahrungsberichts. Die betroffenen Bundesministerien werden durch das Bundesministerium für Wirtschaft und Klimaschutz frühzeitig beteiligt und unterstützen das Bundesministerium für Wirtschaft und Klimaschutz bei der Erarbeitung des Erfahrungsberichts.</P></Content></text></textdaten></norm>
<norm builddate="20250305223038" doknr="BJNR272800019BJNG000800000"><metadaten><jurabk>BEHG</jurabk><gliederungseinheit><gliederungskennzahl>080</gliederungskennzahl><gliederungsbez>Abschnitt 8</gliederungsbez><gliederungstitel>Schlussvorschriften</gliederungstitel></gliederungseinheit></metadaten><textdaten/></norm>
<norm builddate="20250305223038" doknr="BJNR272800019BJNE002601130"><metadaten><jurabk>BEHG</jurabk><enbez>§ 24</enbez><titel format="XML">Übergangsbestimmungen</titel></metadaten><textdaten><text format="XML"><Content><P>(1) Die Verpflichtungen nach § 7 Absatz 1 und § 8 entfallen in Bezug auf Brennstoffemissionen aus Brennstoffen, die nach dem 31. Dezember 2026 <DL Font="normal" Type="arabic"><DT>1.</DT><DD Font="normal"><LA Size="normal">nach § 2 Absatz 2 in Verkehr gebracht werden und ab dem 1. Januar 2027 einer Abgabeverpflichtung nach § 7 Absatz 2 des Treibhausgas-Emissionshandelsgesetzes unterliegen,</LA></DD><DT>2.</DT><DD Font="normal"><LA Size="normal">nach § 2 Absatz 2a als in Verkehr gebracht gelten und einer Abgabeverpflichtung nach § 7 Absatz 1 des Treibhausgas-Emissionshandelsgesetzes unterliegen.</LA></DD></DL>In dem in § 10 Absatz 3 Satz 2 Nummer 5 genannten Fall gilt anstelle des in Satz 1 Nummer 1 angegebenen Kalenderjahres das Kalenderjahr 2028.</P><P>(2) Die Bundesregierung wird ermächtigt, durch Rechtsverordnung, die nicht der Zustimmung des Bundesrates bedarf, <DL Font="normal" Type="arabic"><DT>1.</DT><DD Font="normal"><LA Size="normal">für den Fall, dass die Voraussetzungen nach Absatz 1 Satz 1 Nummer 2 vorliegen, zu regeln, dass die Verpflichtungen nach § 7 Absatz 1 und § 8 auch für Brennstoffemissionen aus Brennstoffen, die nach § 2 Absatz 2a als in Verkehr gebracht gelten und in Anlagen mit einer Gesamtfeuerungswärmeleistung von nicht mehr als 20 Megawatt eingesetzt werden, entfallen,</LA></DD><DT>2.</DT><DD Font="normal"><LA Size="normal">die jährliche Emissionsmenge nach § 4 Absatz 1 Satz 1 für die Jahre ab 2027 anteilig um die Menge der Brennstoffemissionen zu verringern, für die nach Maßgabe von Absatz 1 und Nummer 1 die Abgabepflicht nach § 8 entfällt.</LA></DD></DL></P></Content></text></textdaten></norm>
<norm builddate="20250305223038" doknr="BJNR272800019BJNE002701116"><metadaten><jurabk>BEHG</jurabk><enbez>Anlage 1</enbez><titel format="XML">(zu § 2 Absatz 1)<BR/>Brennstoffe</titel></metadaten><textdaten><text format="XML"><Content><P><noindex><kommentar typ="Fundstelle">(Fundstelle: BGBl. I 2019, 2736;<BR/>bzgl. der einzelnen Änderungen vgl. Fußnote)</kommentar></noindex></P><P/><P>Brennstoffe im Sinne dieses Gesetzes sind: <DL Font="normal" Type="arabic"><DT>1.</DT><DD Font="normal"><LA Size="normal">Waren der Positionen 1507 bis 1518 der Kombinierten Nomenklatur, die dazu bestimmt sind, als Kraft- oder Heizstoff verwendet zu werden,</LA></DD><DT>2.</DT><DD Font="normal"><LA Size="normal">Waren der Positionen 2701, 2702 und 2704 bis 2715 der Kombinierten Nomenklatur,</LA></DD><DT>3.</DT><DD Font="normal"><LA Size="normal">Waren der Positionen 2901 und 2902 der Kombinierten Nomenklatur,</LA></DD><DT>4.</DT><DD Font="normal"><LA Size="normal">Waren der Unterposition 2905 11 00 der Kombinierten Nomenklatur,</LA></DD><DT>5.</DT><DD Font="normal"><LA Size="normal">Waren der Positionen 3403, 3811 und 3817 der Kombinierten Nomenklatur,</LA></DD><DT>6.</DT><DD Font="normal"><LA Size="normal">Waren der Unterpositionen <DL Font="normal" Type="alpha"><DT>a)</DT><DD Font="normal"><LA Size="normal">3824 99 86, 3824 99 93,</LA></DD><DT>b)</DT><DD Font="normal"><LA Size="normal">3824 99 92 und 3824 99 96 (jeweils ausgenommen zubereitete Rostschutzmittel, Amine als wirksame Bestandteile enthaltend, sowie zusammengesetzte anorganische Löse- und Verdünnungsmittel für Lacke und ähnliche Erzeugnisse),</LA></DD><DT>c)</DT><DD Font="normal"><LA Size="normal">3826 00 10 und 3826 00 90 der Kombinierten Nomenklatur,</LA></DD></DL>die dazu bestimmt sind, als Kraft- oder Heizstoff verwendet zu werden.</LA></DD></DL>Als Brennstoffe im Sinne dieses Gesetzes gelten auch andere als die in Satz 1 genannten Waren, sofern sie im Falle des § 2 Absatz 2a in den dort genannten Anlagen eingesetzt werden.</P></Content></text><fussnoten/></textdaten></norm>
<norm builddate="20250305223038" doknr="BJNR272800019BJNE002800000"><metadaten><jurabk>BEHG</jurabk><enbez>Anlage 2</enbez><titel format="XML">(zu § 7 Absatz 2)<BR/>Brennstoffe für die Emissionsberichterstattung in den Jahren 2021 und 2022</titel></metadaten><textdaten><text format="XML"><Content><P><noindex><kommentar typ="Fundstelle">(Fundstelle: BGBl. I 2019, 2737)</kommentar></noindex></P><P>Für die Emissionsberichterstattung für die Kalenderjahre 2021 und 2022 sind Brennstoffe im Sinne dieses Gesetzes: <DL Font="normal" Type="arabic"><DT>1.</DT><DD Font="normal"><LA Size="normal">Benzin der Unterpositionen 2710 12 41, 2710 12 45 und 2710 12 49 und der Unterpositionen 2710 12 31, 2710 12 51 und 2710 12 59 der Kombinierten Nomenklatur;</LA></DD><DT>2.</DT><DD Font="normal"><LA Size="normal">Gasöle der Unterpositionen 2710 19 43 bis 2710 19 48 und der Unterpositionen 2710 20 11 bis 2710 20 19 der Kombinierten Nomenklatur;</LA></DD><DT>3.</DT><DD Font="normal"><LA Size="normal">Heizöle der Unterpositionen 2710 19 62 bis 2710 19 68 und der Unterpositionen 2710 20 31 bis 2710 20 39 der Kombinierten Nomenklatur;</LA></DD><DT>4.</DT><DD Font="normal"><LA Size="normal">Erdgas: Waren der Unterpositionen 2711 11 (verflüssigtes Erdgas) und 2711 21 der Kombinierten Nomenklatur und gasförmige Energieerzeugnisse, die beim Kohleabbau aufgefangen werden, ohne gasförmige Biokraft- und Bioheizstoffe;</LA></DD><DT>5.</DT><DD Font="normal"><LA Size="normal">Flüssiggase: Waren der Unterpositionen 2711 12 bis 2711 19 der Kombinierten Nomenklatur.</LA></DD></DL></P></Content></text></textdaten></norm>
</dokumente>