<?xml version="1.0" encoding="UTF-8" ?><!DOCTYPE dokumente SYSTEM "http://www.gesetze-im-internet.de/dtd/1.01/gii-norm.dtd">
<dokumente builddate="20250305223026" doknr="BJNR064300015"><norm builddate="20250305223026" doknr="BJNR064300015"><metadaten><jurabk>BGleiG 2015</jurabk><amtabk>BGleiG</amtabk><ausfertigung-datum manuell="ja">2015-04-24</ausfertigung-datum><fundstelle typ="amtlich"><periodikum>BGBl I</periodikum><zitstelle>2015, 642, 643</zitstelle></fundstelle><kurzue>Bundesgleichstellungsgesetz</kurzue><langue>Gesetz für die Gleichstellung von Frauen und Männern in der Bundesverwaltung und in den Gerichten des Bundes</langue><standangabe checked="ja"><standtyp>Sonst</standtyp><standkommentar>Ersetzt G 205-2 v. 30.11.2001 I 3234 (BGleiG)</standkommentar></standangabe><standangabe checked="ja"><standtyp>Stand</standtyp><standkommentar>Zuletzt geändert durch Art. 2 G v. 22.1.2024 I Nr. 17</standkommentar></standangabe><standangabe checked="ja"><standtyp>Hinweis</standtyp><standkommentar>Änderung durch Art. 4 G v. 27.2.2025 I Nr. 72 textlich nachgewiesen, dokumentarisch noch nicht abschließend bearbeitet</standkommentar></standangabe></metadaten><textdaten><fussnoten><Content><P><BR/> <pre xml:space="preserve">(+++ Textnachweis ab: 1.5.2015 +++)<BR/>(+++ Zur Anwendung vgl. §§ 5, 37 +++)<BR/><BR/></pre>Das G wurde als Artikel 2 des G v. 24.4.2015 I 642 vom Bundestag beschlossen. Es ist gem. Art. 24 Abs. 2 Satz 1 dieses G am 1.5.2015 in Kraft getreten. <BR/>Überschrift: Bezeichnung idF d. Art. 2 Nr. 1 G v. 7.8.2021 I 3311 mWv 12.8.2021</P></Content></fussnoten></textdaten></norm>
<norm builddate="20250305223026" doknr="BJNR064300015BJNE000102130"><metadaten><jurabk>BGleiG 2015</jurabk><jurabk>BGleiG</jurabk><enbez>Inhaltsübersicht</enbez></metadaten><textdaten><text format="XML"><TOC><Ident Class="S0">Abschnitt 1</Ident><Title Align="auto" Class="S0">Allgemeine Bestimmungen</Title><table colsep="0" frame="none" pgwide="1" rowsep="0" tocentry="%yes;"><tgroup align="left" char="" charoff="50" cols="2"><colspec colname="col1" colwidth="8*"/><colspec colname="col2" colwidth="75*"/><tbody valign="top"><row><entry VJ="1" colname="col1">§  1</entry><entry VJ="1" colname="col2">Ziele des Gesetzes</entry></row><row><entry VJ="1" colname="col1">§  2</entry><entry VJ="1" colname="col2">Geltungsbereich</entry></row><row><entry VJ="1" colname="col1">§  3</entry><entry VJ="1" colname="col2">Begriffsbestimmungen</entry></row><row><entry VJ="1" colname="col1">§  4</entry><entry VJ="1" colname="col2">Allgemeine Pflichten</entry></row></tbody></tgroup></table><Ident Class="S0">Abschnitt 2</Ident><Title Align="auto" Class="S0">Maßnahmen zur Gleichstellung von Frauen und Männern</Title><table colsep="0" frame="none" pgwide="1" rowsep="0" tocentry="%yes;"><tgroup align="left" char="" charoff="50" cols="2"><colspec colname="col1" colwidth="8*"/><colspec colname="col2" colwidth="75*"/><tbody valign="top"><row><entry VJ="1" colname="col1">§  5</entry><entry VJ="1" colname="col2">Ausnahmen von der Anwendung</entry></row><row><entry VJ="1" colname="col1">§  6</entry><entry VJ="1" colname="col2">Arbeitsplatzausschreibung</entry></row><row><entry VJ="1" colname="col1">§  7</entry><entry VJ="1" colname="col2">Bewerbungsgespräche</entry></row><row><entry VJ="1" colname="col1">§  8</entry><entry VJ="1" colname="col2">Auswahlentscheidungen bei Einstellung, beruflichem Aufstieg und der Vergabe von Ausbildungsplätzen</entry></row><row><entry VJ="1" colname="col1">§  9</entry><entry VJ="1" colname="col2">Qualifikation von Bewerberinnen und Bewerbern</entry></row><row><entry VJ="1" colname="col1">§ 10</entry><entry VJ="1" colname="col2">Fortbildung, Dienstreisen</entry></row></tbody></tgroup></table><Ident Class="S0">Abschnitt 3</Ident><Title Align="auto" Class="S0">Gleichstellungsplan</Title><table colsep="0" frame="none" pgwide="1" rowsep="0" tocentry="%yes;"><tgroup align="left" char="" charoff="50" cols="2"><colspec colname="col1" colwidth="8*"/><colspec colname="col2" colwidth="75*"/><tbody valign="top"><row><entry VJ="1" colname="col1">§ 11</entry><entry VJ="1" colname="col2">Zweck</entry></row><row><entry VJ="1" colname="col1">§ 12</entry><entry VJ="1" colname="col2">Erstellung</entry></row><row><entry VJ="1" colname="col1">§ 13</entry><entry VJ="1" colname="col2">Inhalt</entry></row><row><entry VJ="1" colname="col1">§ 14</entry><entry VJ="1" colname="col2">Veröffentlichung und Kenntnisgabe</entry></row></tbody></tgroup></table><Ident Class="S0">Abschnitt 4</Ident><Title Align="auto" Class="S0">Vereinbarkeit von Familie<BR/> oder Pflege mit der Berufstätigkeit</Title><table colsep="0" frame="none" pgwide="1" rowsep="0" tocentry="%yes;"><tgroup align="left" char="" charoff="50" cols="2"><colspec colname="col1" colwidth="8*"/><colspec colname="col2" colwidth="75*"/><tbody valign="top"><row><entry VJ="1" colname="col1">§ 15</entry><entry VJ="1" colname="col2">Arbeitszeiten, sonstige Rahmenbedingungen und Erstattung von Betreuungskosten in besonderen Fällen</entry></row><row><entry VJ="1" colname="col1">§ 16</entry><entry VJ="1" colname="col2">Teilzeitbeschäftigung, Telearbeit, mobiles Arbeiten und Beurlaubung zur Wahrnehmung von Familien- oder Pflegeaufgaben</entry></row><row><entry VJ="1" colname="col1">§ 17</entry><entry VJ="1" colname="col2">Wechsel zur Vollzeitbeschäftigung, beruflicher Wiedereinstieg</entry></row><row><entry VJ="1" colname="col1">§ 18</entry><entry VJ="1" colname="col2">Verbot von Benachteiligungen</entry></row></tbody></tgroup></table><Ident Class="S0">Abschnitt 5</Ident><Title Align="auto" Class="S0">Gleichstellungsbeauftragte,<BR/> Stellvertreterin und Vertrauensfrau</Title><table colsep="0" frame="none" pgwide="1" rowsep="0" tocentry="%yes;"><tgroup align="left" char="" charoff="50" cols="2"><colspec colname="col1" colwidth="8*"/><colspec colname="col2" colwidth="75*"/><tbody valign="top"><row><entry VJ="1" colname="col1">§ 19</entry><entry VJ="1" colname="col2">Wahl, Verordnungsermächtigung</entry></row><row><entry VJ="1" colname="col1">§ 20</entry><entry VJ="1" colname="col2">Bestellung</entry></row><row><entry VJ="1" colname="col1">§ 21</entry><entry VJ="1" colname="col2">Anfechtung der Wahl</entry></row><row><entry VJ="1" colname="col1">§ 22</entry><entry VJ="1" colname="col2">Vorzeitiges Ausscheiden</entry></row><row><entry VJ="1" colname="col1">§ 23</entry><entry VJ="1" colname="col2">Zusammenlegung, Aufspaltung und Eingliederung</entry></row><row><entry VJ="1" colname="col1">§ 24</entry><entry VJ="1" colname="col2">Rechtsstellung</entry></row><row><entry VJ="1" colname="col1">§ 25</entry><entry VJ="1" colname="col2">Aufgaben, Rechte und Pflichten der Gleichstellungsbeauftragten</entry></row><row><entry VJ="1" colname="col1">§ 26</entry><entry VJ="1" colname="col2">Aufgaben der Stellvertreterin und der Vertrauensfrau</entry></row><row><entry VJ="1" colname="col1">§ 27</entry><entry VJ="1" colname="col2">Beteiligung und Unterstützung der Gleichstellungsbeauftragten</entry></row><row><entry VJ="1" colname="col1">§ 28</entry><entry VJ="1" colname="col2">Schutzrechte</entry></row><row><entry VJ="1" colname="col1">§ 29</entry><entry VJ="1" colname="col2">Ausstattung</entry></row><row><entry VJ="1" colname="col1">§ 30</entry><entry VJ="1" colname="col2">Zusammenarbeit und Information</entry></row><row><entry VJ="1" colname="col1">§ 31</entry><entry VJ="1" colname="col2">Verschwiegenheitspflicht</entry></row><row><entry VJ="1" colname="col1">§ 32</entry><entry VJ="1" colname="col2">Form der Mitwirkung und Stufenbeteiligung</entry></row><row><entry VJ="1" colname="col1">§ 33</entry><entry VJ="1" colname="col2">Einspruchsrecht und Einspruchsverfahren</entry></row><row><entry VJ="1" colname="col1">§ 34</entry><entry VJ="1" colname="col2">Gerichtliches Verfahren</entry></row><row><entry VJ="1" colname="col1">§ 35</entry><entry VJ="1" colname="col2">Fragerecht</entry></row><row><entry VJ="1" colname="col1">§ 36</entry><entry VJ="1" colname="col2">Interministerieller Arbeitskreis der Gleichstellungsbeauftragten</entry></row></tbody></tgroup></table><Ident Class="S0">Abschnitt 6</Ident><Title Align="auto" Class="S0">Sonderregelungen, Statistik,<BR/> Bericht und Übergangsbestimmungen</Title><table colsep="0" frame="none" pgwide="1" rowsep="0" tocentry="%yes;"><tgroup align="left" char="" charoff="50" cols="2"><colspec colname="col1" colwidth="8*"/><colspec colname="col2" colwidth="75*"/><tbody valign="top"><row><entry VJ="1" colname="col1">§ 37</entry><entry VJ="1" colname="col2">Sonderregelungen für den Bundesnachrichtendienst</entry></row><row><entry VJ="1" colname="col1">§ 38</entry><entry VJ="1" colname="col2">Statistik, Verordnungsermächtigung</entry></row><row><entry VJ="1" colname="col1">§ 39</entry><entry VJ="1" colname="col2">Bericht</entry></row><row><entry VJ="1" colname="col1">§ 40</entry><entry VJ="1" colname="col2">Übergangsbestimmung</entry></row></tbody></tgroup></table></TOC></text><fussnoten/></textdaten></norm>
<norm builddate="20250305223026" doknr="BJNR064300015BJNG000100000"><metadaten><jurabk>BGleiG 2015</jurabk><jurabk>BGleiG</jurabk><gliederungseinheit><gliederungskennzahl>010</gliederungskennzahl><gliederungsbez>Abschnitt 1</gliederungsbez><gliederungstitel>Allgemeine Bestimmungen</gliederungstitel></gliederungseinheit></metadaten><textdaten/></norm>
<norm builddate="20250305223026" doknr="BJNR064300015BJNE000201116"><metadaten><jurabk>BGleiG 2015</jurabk><jurabk>BGleiG</jurabk><enbez>§ 1</enbez><titel format="XML">Ziele des Gesetzes</titel></metadaten><textdaten><text format="XML"><Content><P>(1) Ziel des Gesetzes ist es, <DL Font="normal" Type="arabic"><DT>1.</DT><DD Font="normal"><LA Size="normal">die Gleichstellung von Frauen und Männern zu verwirklichen,</LA></DD><DT>2.</DT><DD Font="normal"><LA Size="normal">bestehende Benachteiligungen auf Grund des Geschlechts, insbesondere Benachteiligungen von Frauen, zu beseitigen und künftige Benachteiligungen zu verhindern sowie</LA></DD><DT>3.</DT><DD Font="normal"><LA Size="normal">die Familienfreundlichkeit sowie die Vereinbarkeit von Familie, Pflege und Berufstätigkeit für die Beschäftigten zu verbessern.</LA></DD></DL></P><P>(2) Nach Maßgabe dieses Gesetzes wird die tatsächliche Durchsetzung der Gleichberechtigung von Frauen und Männern gefördert. Strukturelle Benachteiligungen von Frauen sind durch deren gezielte Förderung zu beheben. Ziel ist es, die gleichberechtigte Teilhabe von Frauen und Männern an Führungspositionen nach Maßgabe dieses Gesetzes bis zum 31. Dezember 2025 zu erreichen.</P><P>(3) Bei der Erreichung der Ziele sind die besonderen Belange von Frauen mit Behinderungen und von Behinderung bedrohter Frauen im Sinne von § 2 Absatz 1 des Neunten Buches Sozialgesetzbuch zu berücksichtigen. Im Übrigen gilt § 2 Absatz 1 Satz 2 des Behindertengleichstellungsgesetzes.</P></Content></text><fussnoten/></textdaten></norm>
<norm builddate="20250305223026" doknr="BJNR064300015BJNE000301116"><metadaten><jurabk>BGleiG 2015</jurabk><jurabk>BGleiG</jurabk><enbez>§ 2</enbez><titel format="XML">Geltungsbereich</titel></metadaten><textdaten><text format="XML"><Content><P>(1) Dieses Gesetz gilt für die Dienststellen nach § 3 Nummer 5.</P><P>(2) Juristische Personen, an denen der Bund mittelbar oder unmittelbar beteiligt ist, können dieses Gesetz in der Satzung ganz oder teilweise für sich verbindlich erklären. Ein entsprechender Beschluss zur Satzungsänderung muss einstimmig gefasst werden.</P></Content></text><fussnoten/></textdaten></norm>
<norm builddate="20250305223026" doknr="BJNR064300015BJNE000403116"><metadaten><jurabk>BGleiG 2015</jurabk><jurabk>BGleiG</jurabk><enbez>§ 3</enbez><titel format="XML">Begriffsbestimmungen</titel></metadaten><textdaten><text format="XML"><Content><P>Im Sinne dieses Gesetzes sind: <DL Font="normal" Type="arabic"><DT>1.</DT><DD Font="normal"><LA Size="normal">Arbeitsplätze: Ausbildungsplätze, Stellen, Planstellen sowie Dienstposten, die mit Beschäftigten im Sinne dieses Gesetzes besetzbar sind und für deren personelle Ausführung lediglich finanzielle Mittel benötigt werden, unabhängig davon, ob die Beschäftigung aus für Stellen und Planstellen bereitgestellten oder sonstigen Haushaltsmitteln finanziert wird;</LA></DD><DT>2.</DT><DD Font="normal"><LA Size="normal">Bereiche: Besoldungs- und Entgeltgruppen oder Laufbahngruppen, Laufbahnen und Fachrichtungen, Berufsausbildungen einschließlich des Vorbereitungsdienstes sowie Ebenen mit Führungspositionen einschließlich der Stellen und Planstellen Vorsitzender Richterinnen und Vorsitzender Richter;</LA></DD><DT>3.</DT><DD Font="normal"><LA Size="normal">beruflicher Aufstieg: Beförderungen, Höhergruppierungen, Höherreihungen sowie Übertragungen höher bewerteter Dienstposten und Arbeitsplätze;</LA></DD><DT>4.</DT><DD Font="normal"><LA Size="normal">Beschäftigte: Beamtinnen und Beamte, Arbeitnehmerinnen und Arbeitnehmer einschließlich Auszubildender, Richterinnen und Richter sowie Inhaberinnen und Inhaber öffentlich-rechtlicher Ämter;</LA></DD><DT>5.</DT><DD Font="normal"><LA Size="normal">Dienststellen: <DL Font="normal" Type="alpha"><DT>a)</DT><DD Font="normal"><LA Size="normal">Bundesgerichte,</LA></DD><DT>b)</DT><DD Font="normal"><LA Size="normal">Behörden und Verwaltungsstellen der unmittelbaren Bundesverwaltung einschließlich solcher im Bereich der Streitkräfte sowie</LA></DD><DT>c)</DT><DD Font="normal"><LA Size="normal">Körperschaften, Anstalten und Stiftungen des öffentlichen Rechts des Bundes;</LA></DD></DL>maßgebend sind § 4 Absatz 1 Nummer 4 und 6 sowie § 6 des Bundespersonalvertretungsgesetzes;</LA></DD><DT>6.</DT><DD Font="normal"><LA Size="normal">Familienaufgaben: die tatsächliche Betreuung von mindestens einem Kind unter 18 Jahren durch Beschäftigte; dies schließt auch die Inanspruchnahme einer Elternzeit nach dem Bundeselterngeld- und Elternzeitgesetz ein;</LA></DD><DT>7.</DT><DD Font="normal"><LA Size="normal">Pflegeaufgaben: die tatsächliche, nicht erwerbsmäßige häusliche Pflege oder Betreuung einer im Sinne des Siebten Kapitels des Zwölften Buches Sozialgesetzbuch pflegebedürftigen Person durch Beschäftigte; dies schließt auch die Inanspruchnahme einer Pflegezeit nach dem Pflegezeitgesetz sowie die Inanspruchnahme einer Familienpflegezeit nach dem Familienpflegezeitgesetz ein;</LA></DD><DT>8.</DT><DD Font="normal"><LA Size="normal">Qualifikation: Eignung, Befähigung und fachliche Leistung;</LA></DD><DT>9.</DT><DD Font="normal"><LA Size="normal">unterrepräsentiert: Status von Frauen, wenn ihr jeweiliger Anteil an der Gesamtzahl der weiblichen und männlichen Beschäftigten in einem einzelnen Bereich unter 50 Prozent liegt; bei einer ungeraden Gesamtzahl der weiblichen und männlichen Beschäftigten sind Frauen unterrepräsentiert, wenn das Ungleichgewicht mindestens zwei Personen beträgt;</LA></DD><DT>10.</DT><DD Font="normal"><LA Size="normal">Führungspositionen: alle Arbeitsplätze mit Vorgesetzten- oder Leitungsaufgaben.</LA></DD></DL></P></Content></text><fussnoten/></textdaten></norm>
<norm builddate="20250305223026" doknr="BJNR064300015BJNE000501116"><metadaten><jurabk>BGleiG 2015</jurabk><jurabk>BGleiG</jurabk><enbez>§ 4</enbez><titel format="XML">Allgemeine Pflichten</titel></metadaten><textdaten><text format="XML"><Content><P>(1) Die Beschäftigten, insbesondere solche in den Führungspositionen, sowie die Leitung und Personalverwaltung der Dienststelle haben die Erreichung der Ziele dieses Gesetzes zu fördern. Diese Verpflichtung ist als durchgängiges Leitprinzip bei allen Aufgabenbereichen und Entscheidungen der Dienststellen sowie bei der Zusammenarbeit von Dienststellen zu berücksichtigen. Auch bei grundlegenden Änderungen von Verfahrensabläufen in personellen, organisatorischen oder sozialen Angelegenheiten, insbesondere durch Automatisierung oder Auslagerung, ist die Durchsetzung dieses Gesetzes sicherzustellen.</P><P>(2) Gewähren Dienststellen Zuwendungen nach § 23 der Bundeshaushaltsordnung als institutionelle Förderungen, so sollen sie durch Nebenbestimmung zum Zuwendungsbescheid oder vertragliche Vereinbarung sicherstellen, dass die institutionellen Zuwendungsempfängerinnen und -empfänger die Grundzüge dieses Gesetzes anwenden. Aus der Nebenbestimmung zum Zuwendungsbescheid oder der vertraglichen Vereinbarung muss hervorgehen, welche Vorschriften anzuwenden sind. Die Sätze 1 und 2 gelten auch für den Fall, dass Stellen außerhalb der Bundesverwaltung mit Bundesmitteln im Wege der Zuweisung institutionell gefördert werden.</P><P>(3) Die Rechts- und Verwaltungsvorschriften des Bundes, die Dienstvereinbarungen der Dienststellen sowie die Satzungen, Verträge und Vertragsformulare der Körperschaften, Anstalten und Stiftungen sollen die Gleichstellung von Frauen und Männern auch sprachlich zum Ausdruck bringen. Dies gilt auch für den Schriftverkehr.</P></Content></text><fussnoten/></textdaten></norm>
<norm builddate="20250305223026" doknr="BJNR064300015BJNG000200000"><metadaten><jurabk>BGleiG 2015</jurabk><jurabk>BGleiG</jurabk><gliederungseinheit><gliederungskennzahl>020</gliederungskennzahl><gliederungsbez>Abschnitt 2</gliederungsbez><gliederungstitel>Maßnahmen zur Gleichstellung von Frauen und Männern</gliederungstitel></gliederungseinheit></metadaten><textdaten><fussnoten><Content><P>(+++ Abschnitt 2 (§§ 5 bis 10): Zur Anwendung vgl. § 5 Abs. 1 +++)</P></Content></fussnoten></textdaten></norm>
<norm builddate="20250305223026" doknr="BJNR064300015BJNE000601116"><metadaten><jurabk>BGleiG 2015</jurabk><jurabk>BGleiG</jurabk><enbez>§ 5</enbez><titel format="XML">Ausnahmen von der Anwendung</titel></metadaten><textdaten><text format="XML"><Content><P>(1) Die Vorschriften dieses Abschnitts sind nur dann nicht anzuwenden, wenn die Zugehörigkeit zu einem bestimmten Geschlecht unverzichtbare Voraussetzung für die auszuübende Tätigkeit ist.</P><P>(2) Die Beteiligungsrechte der Personalvertretung und die der Schwerbehindertenvertretung bleiben unberührt.</P></Content></text><fussnoten/></textdaten></norm>
<norm builddate="20250305223026" doknr="BJNR064300015BJNE000701116"><metadaten><jurabk>BGleiG 2015</jurabk><jurabk>BGleiG</jurabk><enbez>§ 6</enbez><titel format="XML">Arbeitsplatzausschreibung</titel></metadaten><textdaten><text format="XML"><Content><P>(1) Ausschreibungen von Arbeitsplätzen müssen geschlechtsneutral erfolgen. Es ist insbesondere unzulässig, Arbeitsplätze nur für Männer oder nur für Frauen auszuschreiben. Der Ausschreibungstext muss so formuliert sein, dass er alle Geschlechter in gleicher Weise anspricht. Sind Frauen in dem jeweiligen Bereich unterrepräsentiert, so sind sie verstärkt zur Bewerbung aufzufordern. Jede Ausschreibung, insbesondere die Ausschreibungen für die Besetzung von Führungspositionen ungeachtet der Hierarchieebene, hat den Hinweis zu enthalten, dass der ausgeschriebene Arbeitsplatz in Teilzeit besetzt werden kann. Der Hinweis darf entfallen, sofern einer Besetzung in Teilzeit zwingende dienstliche Belange entgegenstehen.</P><P>(2) Wenn in einem Bereich Frauen unterrepräsentiert sind, soll ein freier Arbeitsplatz ausgeschrieben werden, um die Zahl der Bewerberinnen zu erhöhen. Der Arbeitsplatz soll öffentlich ausgeschrieben werden, wenn dieses Ziel weder mit einer hausinternen noch mit einer dienststellenübergreifenden Ausschreibung erreicht werden kann. Ausnahmen nach § 8 Absatz 1 Satz 3 des Bundesbeamtengesetzes bleiben unberührt.</P><P>(3) Arbeitsplatzausschreibungen müssen die Anforderungen des zu besetzenden Arbeitsplatzes festlegen und im Hinblick auf mögliche künftige Funktionen der Bewerberinnen und Bewerber auch das vorausgesetzte Anforderungs- und Qualifikationsprofil der Laufbahn oder des Funktionsbereichs enthalten.</P></Content></text><fussnoten><Content><P>(+++ § 6 Abs. 2 Satz 2: Zur Anwendung vgl. § 37 Nr. 2 +++)</P></Content></fussnoten></textdaten></norm>
<norm builddate="20250305223026" doknr="BJNR064300015BJNE000801116"><metadaten><jurabk>BGleiG 2015</jurabk><jurabk>BGleiG</jurabk><enbez>§ 7</enbez><titel format="XML">Bewerbungsgespräche</titel></metadaten><textdaten><text format="XML"><Content><P>(1) Liegen in ausreichender Zahl Bewerbungen von Frauen vor, die das in der Ausschreibung vorgegebene Anforderungs- und Qualifikationsprofil aufweisen, müssen bei der Besetzung von Arbeitsplätzen in einem Bereich, in dem Frauen unterrepräsentiert sind, mindestens ebenso viele Frauen wie Männer zu Vorstellungsgesprächen oder besonderen Auswahlverfahren eingeladen werden. § 165 des Neunten Buches Sozialgesetzbuch bleibt unberührt.</P><P>(2) In Vorstellungsgesprächen und besonderen Auswahlverfahren sind insbesondere Fragen nach dem Familienstand, einer bestehenden oder geplanten Schwangerschaft sowie nach bestehenden oder geplanten Familien- oder Pflegeaufgaben unzulässig.</P><P>(3) Auswahlkommissionen sollen geschlechterparitätisch besetzt sein. Ist eine paritätische Besetzung aus triftigen Gründen nicht möglich, sind die jeweiligen Gründe aktenkundig zu machen.</P></Content></text><fussnoten/></textdaten></norm>
<norm builddate="20250305223026" doknr="BJNR064300015BJNE000901116"><metadaten><jurabk>BGleiG 2015</jurabk><jurabk>BGleiG</jurabk><enbez>§ 8</enbez><titel format="XML">Auswahlentscheidungen bei Einstellung, beruflichem Aufstieg und der Vergabe von Ausbildungsplätzen</titel></metadaten><textdaten><text format="XML"><Content><P>(1) Sind Frauen in einem Bereich unterrepräsentiert, so hat die Dienststelle sie bei gleicher Qualifikation wie ihre Mitbewerber bevorzugt zu berücksichtigen <DL Font="normal" Type="arabic"><DT>1.</DT><DD Font="normal"><LA Size="normal">bei der Besetzung von Ausbildungsplätzen,</LA></DD><DT>2.</DT><DD Font="normal"><LA Size="normal">bei der Einstellung,</LA></DD><DT>3.</DT><DD Font="normal"><LA Size="normal">beim beruflichen Aufstieg,</LA></DD><DT>4.</DT><DD Font="normal"><LA Size="normal">bei der Versetzung, wenn ihr ein Ausschreibungsverfahren vorausgeht, sowie</LA></DD><DT>5.</DT><DD Font="normal"><LA Size="normal">bei der Abordnung und Umsetzung für jeweils mehr als drei Monate, wenn ihr ein Ausschreibungsverfahren vorausgeht.</LA></DD></DL>Die bevorzugte Berücksichtigung ist ausgeschlossen, wenn rechtlich schutzwürdige Interessen überwiegen, die in der Person eines Mitbewerbers liegen.</P><P>(2) Absatz 1 gilt insbesondere für <DL Font="normal" Type="arabic"><DT>1.</DT><DD Font="normal"><LA Size="normal">die Besetzung von Stellen von Beamtinnen und Beamten, von Arbeitnehmerinnen und Arbeitnehmern, von Auszubildenden sowie von Richterinnen und Richtern, es sei denn, für die Berufung von Richterinnen und Richtern ist eine Wahl oder die Mitwirkung eines Wahlausschusses vorgeschrieben;</LA></DD><DT>2.</DT><DD Font="normal"><LA Size="normal">den beruflichen Aufstieg, es sei denn, die Entscheidung über diesen Aufstieg erfolgt durch eine Wahl oder unter Mitwirkung eines Wahlausschusses.</LA></DD></DL>Satz 1 schließt auch Führungspositionen ungeachtet der Hierarchieebene ein.</P><P>(3) Die Ausnahmeregelung in Absatz 2 Satz 1 Nummer 1 gilt entsprechend für die Stellen von Mitgliedern des Bundesrechnungshofes, für deren Ernennung nach § 5 Absatz 2 Satz 2 des Bundesrechnungshofgesetzes vom 11. Juli 1985 (BGBl. I S. 1445), das zuletzt durch Artikel 15 Absatz 82 des Gesetzes vom 5. Februar 2009 (BGBl. I S. 160) geändert worden ist, der Ständige Ausschuss des Großen Senats des Bundesrechnungshofes zu hören ist.</P></Content></text><fussnoten/></textdaten></norm>
<norm builddate="20250305223026" doknr="BJNR064300015BJNE001001116"><metadaten><jurabk>BGleiG 2015</jurabk><jurabk>BGleiG</jurabk><enbez>§ 9</enbez><titel format="XML">Qualifikation von Bewerberinnen und Bewerbern</titel></metadaten><textdaten><text format="XML"><Content><P>(1) Die Qualifikation einer Bewerberin oder eines Bewerbers wird anhand der Anforderungen des zu besetzenden Arbeitsplatzes ermittelt, insbesondere aus der hierfür erforderlichen Ausbildung, dem Qualifikationsprofil der Laufbahn oder des Funktionsbereichs sowie aus den beruflichen Erfahrungen. Das Dienstalter, die Beschäftigungsdauer und der Zeitpunkt der letzten Beförderung von Bewerberinnen und Bewerbern dürfen nur insoweit berücksichtigt werden, wie sie für die Qualifikation für den betreffenden Arbeitsplatz von Bedeutung sind. Spezifische, durch Familien- oder Pflegeaufgaben erworbene Erfahrungen und Fähigkeiten sind zu berücksichtigen, soweit sie für die Ausübung der jeweiligen Tätigkeit von Bedeutung sind.</P><P>(2) Folgende Umstände dürfen nicht Teil der vergleichenden Bewertung sein: <DL Font="normal" Type="arabic"><DT>1.</DT><DD Font="normal"><LA Size="normal">durch die Wahrnehmung von Familien- oder Pflegeaufgaben bedingte <DL Font="normal" Type="alpha"><DT>a)</DT><DD Font="normal"><LA Size="normal">Unterbrechungen der Berufstätigkeit,</LA></DD><DT>b)</DT><DD Font="normal"><LA Size="normal">geringere Anzahl aktiver Dienst- oder Beschäftigungsjahre,</LA></DD><DT>c)</DT><DD Font="normal"><LA Size="normal">Reduzierungen der Arbeitszeit oder Verzögerungen beim Abschluss einzelner Ausbildungsgänge,</LA></DD><DT>d)</DT><DD Font="normal"><LA Size="normal">zeitliche Belastungen,</LA></DD></DL></LA></DD><DT>2.</DT><DD Font="normal"><LA Size="normal">die Einkommenssituation des Ehegatten, der Lebenspartnerin oder des Lebenspartners, der Lebensgefährtin oder des Lebensgefährten,</LA></DD><DT>3.</DT><DD Font="normal"><LA Size="normal">die Absicht, von der Möglichkeit der Arbeitszeitreduzierung oder einer Beurlaubung zur Wahrnehmung von Familien- oder Pflegeaufgaben Gebrauch zu machen,</LA></DD><DT>4.</DT><DD Font="normal"><LA Size="normal">organisatorische und personalwirtschaftliche Erwägungen.</LA></DD></DL></P></Content></text><fussnoten/></textdaten></norm>
<norm builddate="20250305223026" doknr="BJNR064300015BJNE001101116"><metadaten><jurabk>BGleiG 2015</jurabk><jurabk>BGleiG</jurabk><enbez>§ 10</enbez><titel format="XML">Fortbildung, Dienstreisen</titel></metadaten><textdaten><text format="XML"><Content><P>(1) Die Dienststelle hat die Teilnahme der Beschäftigten an Fortbildungen zu unterstützen. Bei der Einführungs-, Förderungs- und Anpassungsfortbildung sind Frauen mindestens entsprechend ihrem Anteil an der jeweiligen Zielgruppe der Fortbildung zu berücksichtigen.</P><P>(2) Die Dienststelle muss Beschäftigten mit Familien- oder Pflegeaufgaben im Rahmen der dienstlichen Möglichkeiten die Teilnahme an dienstlichen Fortbildungen sowie an Dienstreisen ermöglichen. Soweit erforderlich, sind im Rahmen der dienstlichen Möglichkeiten zusätzliche Veranstaltungen oder alternative Dienstreisezeiträume anzubieten, die den räumlichen und zeitlichen Bedürfnissen von Beschäftigten mit Familien- oder Pflegeaufgaben entsprechen. Darüber hinaus kann die Dienststelle Beschäftigten mit Familien- oder Pflegeaufgaben im Rahmen der dienstlichen Möglichkeiten die Teilnahme an dienstlichen Ausbildungen anbieten. Für die Dauer der Teilnahme an <DL Font="normal" Type="arabic"><DT>1.</DT><DD Font="normal"><LA Size="normal">Maßnahmen nach Satz 1 kann im Bedarfsfall die Betreuung von Kindern oder pflegebedürftigen Personen angeboten werden,</LA></DD><DT>2.</DT><DD Font="normal"><LA Size="normal">Maßnahmen nach den Sätzen 1 und 3 können auf Antrag zusätzlich anfallende, unabwendbare Betreuungskosten für Kinder oder pflegebedürftige Personen erstattet werden.</LA></DD></DL></P><P>(3) Die Dienststelle soll in ausreichendem Maße Fortbildungen anbieten, die den beruflichen Aufstieg und den beruflichen Wiedereinstieg nach einer Unterbrechung der Berufstätigkeit zur Wahrnehmung von Familien- oder Pflegeaufgaben erleichtern. Absatz 2 gilt entsprechend.</P><P>(4) Die Beschäftigten der Personalverwaltung und die Beschäftigten in Führungspositionen sind verpflichtet, sich über Maßnahmen zur Gleichstellung von Frauen und Männern sowie zur Vereinbarkeit von Familie, Pflege und Berufstätigkeit zu informieren. Sie sollen entsprechende Fortbildungen besuchen.</P><P>(5) Der Gleichstellungsbeauftragten und ihren Stellvertreterinnen ist zu Beginn und während ihrer Amtszeit Gelegenheit zur Fortbildung, insbesondere auf den Gebieten des Gleichstellungsrechts und des Rechts des öffentlichen Dienstes, des Arbeitsrechts sowie des Personalvertretungs-, Organisations- und des Haushaltsrechts, zu geben.</P></Content></text><fussnoten/></textdaten></norm>
<norm builddate="20250305223026" doknr="BJNR064300015BJNG000300000"><metadaten><jurabk>BGleiG 2015</jurabk><jurabk>BGleiG</jurabk><gliederungseinheit><gliederungskennzahl>030</gliederungskennzahl><gliederungsbez>Abschnitt 3</gliederungsbez><gliederungstitel>Gleichstellungsplan</gliederungstitel></gliederungseinheit></metadaten><textdaten/></norm>
<norm builddate="20250305223026" doknr="BJNR064300015BJNE001201116"><metadaten><jurabk>BGleiG 2015</jurabk><jurabk>BGleiG</jurabk><enbez>§ 11</enbez><titel format="XML">Zweck</titel></metadaten><textdaten><text format="XML"><Content><P>Der Gleichstellungsplan dient der Erreichung der Ziele dieses Gesetzes und ist ein wesentliches Instrument der Personalplanung, insbesondere der Personalentwicklung. Seine Umsetzung ist besondere Verpflichtung der Personalverwaltung, der Beschäftigten in Führungspositionen sowie der Dienststellenleitung.</P></Content></text><fussnoten/></textdaten></norm>
<norm builddate="20250305223026" doknr="BJNR064300015BJNE001300000"><metadaten><jurabk>BGleiG 2015</jurabk><jurabk>BGleiG</jurabk><enbez>§ 12</enbez><titel format="XML">Erstellung</titel></metadaten><textdaten><text format="XML"><Content><P>(1) Jede Dienststelle hat einen Gleichstellungplan für jeweils vier Jahre zu erstellen, der nach zwei Jahren den aktuellen Gegebenheiten angepasst werden kann. Die Rechte der Personalvertretung und die der Schwerbehindertenvertretung bleiben unberührt.</P><P>(2) Der Gleichstellungsplan ist bis zum 31. Dezember zu erstellen und tritt am 1. Januar des Folgejahres in Kraft. Für Dienststellen mit einem großen Geschäftsbereich sowie im Falle umfassender organisatorischer Änderungen in der Dienststelle können abweichend von Satz 1 im Einvernehmen mit der Gleichstellungsbeauftragten andere Stichtage festgelegt werden.</P></Content></text></textdaten></norm>
<norm builddate="20250305223026" doknr="BJNR064300015BJNE001401116"><metadaten><jurabk>BGleiG 2015</jurabk><jurabk>BGleiG</jurabk><enbez>§ 13</enbez><titel format="XML">Inhalt</titel></metadaten><textdaten><text format="XML"><Content><P>(1) Der Gleichstellungsplan muss eine Bestandsaufnahme vornehmen, indem er die bestehende Situation der Frauen und Männer in der Dienststelle zum 30. Juni des Jahres seiner Erstellung beschreibt und die bisherige Förderung der Beschäftigten in den einzelnen Bereichen für die vergangenen vier Jahre auswertet. Zur Bestandsaufnahme gehört auch eine Darstellung, die zeigt, wie Frauen und Männer die Maßnahmen zur besseren Vereinbarkeit von Familie, Pflege und Berufstätigkeit in Anspruch genommen haben und wie sich ihr beruflicher Aufstieg darstellt im Vergleich zu Frauen und Männern, die solche Maßnahmen nicht in Anspruch genommen haben. Sind die Zielvorgaben des vorherigen Gleichstellungsplans nicht umgesetzt worden, so sind im aktuellen Gleichstellungsplan die Gründe für die Zielverfehlung darzulegen.</P><P>(2) Der Gleichstellungsplan legt fest, wie und bis wann <DL Font="normal" Type="arabic"><DT>1.</DT><DD Font="normal"><LA Size="normal">erreicht werden soll, dass die Führungspositionen, in denen Frauen bisher unterrepräsentiert waren, mit annähernd numerischer Gleichheit mit Frauen und Männern besetzt werden, um das Ziel des § 1 Absatz 2 Satz 2 zu erreichen,</LA></DD><DT>2.</DT><DD Font="normal"><LA Size="normal">die Unterrepräsentanz von Frauen in anderen Bereichen abgebaut werden soll und</LA></DD><DT>3.</DT><DD Font="normal"><LA Size="normal">die Vereinbarkeit von Familie oder Pflege mit der Berufstätigkeit verbessert werden soll und wie insbesondere Männer motiviert werden sollen, Angebote, die eine solche Vereinbarkeit ermöglichen, stärker in Anspruch zu nehmen.</LA></DD></DL>Im Gleichstellungsplan sind konkrete Zielvorgaben insbesondere zum Frauen- und Männeranteil für jede einzelne Führungsebene festzulegen. Sofern Zielvorgaben zur Besetzung von Arbeitsplätzen zu entwickeln sind, über deren Besetzung die Dienststelle nicht entscheidet, sind die Vorgaben in Absprache mit der für die Arbeitsplatzbesetzung zuständigen Stelle zu entwickeln.</P><P>(3) Der Gleichstellungsplan hat für jede Zielvorgabe konkrete Maßnahmen personeller, sozialer oder organisatorischer Art zur Erreichung der jeweiligen Zielvorgabe zu benennen. Er enthält insbesondere auch Maßnahmen zur Förderung der Vereinbarkeit von Familie, Pflege und Berufstätigkeit.</P><P>(4) Sofern personalwirtschaftliche Maßnahmen vorgesehen sind, durch die Stellen oder Planstellen gesperrt werden oder wegfallen, ist im Gleichstellungsplan vorzusehen, dass der Anteil des unterrepräsentierten Geschlechts in den betreffenden Bereichen zumindest nicht sinkt.</P><P>(5) Der Gleichstellungsplan darf keine personenbezogenen Daten enthalten.</P></Content></text><fussnoten/></textdaten></norm>
<norm builddate="20250305223026" doknr="BJNR064300015BJNE001501116"><metadaten><jurabk>BGleiG 2015</jurabk><jurabk>BGleiG</jurabk><enbez>§ 14</enbez><titel format="XML">Veröffentlichung und Kenntnisgabe</titel></metadaten><textdaten><text format="XML"><Content><P>Die Dienststelle hat den Gleichstellungsplan innerhalb eines Monats nach Beginn seiner Geltungsdauer im Intranet zu veröffentlichen und jeder einzelnen und jedem einzelnen Beschäftigten in Textform zur Kenntnis zu geben.</P></Content></text><fussnoten/></textdaten></norm>
<norm builddate="20250305223026" doknr="BJNR064300015BJNG000401116"><metadaten><jurabk>BGleiG 2015</jurabk><jurabk>BGleiG</jurabk><gliederungseinheit><gliederungskennzahl>040</gliederungskennzahl><gliederungsbez>Abschnitt 4</gliederungsbez><gliederungstitel>Vereinbarkeit von Familie oder Pflege mit der Berufstätigkeit</gliederungstitel></gliederungseinheit></metadaten><textdaten><fussnoten/></textdaten></norm>
<norm builddate="20250305223026" doknr="BJNR064300015BJNE001602130"><metadaten><jurabk>BGleiG 2015</jurabk><jurabk>BGleiG</jurabk><enbez>§ 15</enbez><titel format="XML">Arbeitszeiten, sonstige Rahmenbedingungen und Erstattung von Betreuungskosten in besonderen Fällen</titel></metadaten><textdaten><text format="XML"><Content><P>(1) Die Dienststellen haben Arbeitszeiten und sonstige Rahmenbedingungen anzubieten, die allen Beschäftigten die Vereinbarkeit von Familie oder Pflege mit der Berufstätigkeit erleichtern, soweit zwingende dienstliche Belange oder zwingende betriebliche Belange dem nicht entgegenstehen. Zu den sonstigen Rahmenbedingungen können Möglichkeiten zur Betreuung von Kindern oder pflegebedürftigen Personen einschließlich entsprechender Beratungs- und Vermittlungsleistungen gehören.</P><P>(2) Kosten für die Betreuung von Kindern oder von pflegebedürftigen Personen können auf Antrag im Einzelfall nach den Absätzen 3 und 4 erstattet werden, wenn <DL Font="normal" Type="arabic"><DT>1.</DT><DD Font="normal"><LA Size="normal">sie zusätzlich anfallen,</LA></DD><DT>2.</DT><DD Font="normal"><LA Size="normal">sie unabwendbar sind und</LA></DD><DT>3.</DT><DD Font="normal"><LA Size="normal">eine Erstattung nach anderen Rechtsgrundlagen nicht möglich ist.</LA></DD></DL></P><P>(3) Die Kostenerstattung nach Absatz 2 ist für die Dauer folgender Maßnahmen möglich: <DL Font="normal" Type="arabic"><DT>1.</DT><DD Font="normal"><LA Size="normal">bei dienstlich bedingter Abwesenheit vom regelmäßigen Dienstort sowie,</LA></DD><DT>2.</DT><DD Font="normal"><LA Size="normal">soweit der Dienst oder die Arbeitsleistung am regelmäßigen Dienstort zur Unterstützung der Streitkräfte bei der Bewältigung von Krisenlagen anfällt und nicht innerhalb der vereinbarten regelmäßigen Arbeitszeit liegt, bei <DL Font="normal" Type="alpha"><DT>a)</DT><DD Font="normal"><LA Size="normal">Ableistung von angeordneter oder genehmigter Mehrarbeit gemäß § 88 des Bundesbeamtengesetzes,</LA></DD><DT>b)</DT><DD Font="normal"><LA Size="normal">über die regelmäßige wöchentliche Arbeitszeit hinausgehender angeordneter oder genehmigter Arbeitsleistung sowie</LA></DD><DT>c)</DT><DD Font="normal"><LA Size="normal">Ableistung von Schichtdienst.</LA></DD></DL></LA></DD></DL></P><P>(4) Krisenlagen nach Absatz 3 Nummer 2 sind in der Regel <DL Font="normal" Type="arabic"><DT>1.</DT><DD Font="normal"><LA Size="normal">Amtshilfemaßnahmen einschließlich der Unterstützungsleistungen in Katastrophenfällen,</LA></DD><DT>2.</DT><DD Font="normal"><LA Size="normal">Maßnahmen zur Erhöhung der Einsatzbereitschaft der Bundeswehr,</LA></DD><DT>3.</DT><DD Font="normal"><LA Size="normal">Maßnahmen zur Gefahrenabwehr,</LA></DD><DT>4.</DT><DD Font="normal"><LA Size="normal">Maßnahmen zum Schutz von Einrichtungen und von Infrastruktur,</LA></DD><DT>5.</DT><DD Font="normal"><LA Size="normal">vorbereitende Maßnahmen der Bundeswehr für verbündete Streitkräfte im Rahmen der Landes- und Bündnisverteidigung sowie</LA></DD><DT>6.</DT><DD Font="normal"><LA Size="normal">Unterstützungsleistungen für verbündete Streitkräfte im Rahmen der Landes- und Bündnisverteidigung.</LA></DD></DL></P></Content></text><fussnoten/></textdaten></norm>
<norm builddate="20250305223026" doknr="BJNR064300015BJNE001701116"><metadaten><jurabk>BGleiG 2015</jurabk><jurabk>BGleiG</jurabk><enbez>§ 16</enbez><titel format="XML">Teilzeitbeschäftigung, Telearbeit, mobiles Arbeiten und Beurlaubung zur Wahrnehmung von Familien- oder Pflegeaufgaben</titel></metadaten><textdaten><text format="XML"><Content><P>(1) Die Dienststellen haben den Anträgen von Beschäftigten mit Familien- oder Pflegeaufgaben auf familien- oder pflegebedingte Teilzeitbeschäftigung oder auf Beurlaubung zu entsprechen, soweit zwingende dienstliche Belange dem nicht entgegenstehen. Dies gilt auch für Anträge von Beschäftigten in Führungspositionen ungeachtet der Hierarchieebene.</P><P>(2) Im Rahmen der dienstlichen Möglichkeiten haben die Dienststellen den Beschäftigten mit Familien- oder Pflegeaufgaben auch Telearbeitsplätze, mobile Arbeit oder familien- oder pflegefreundliche Arbeitszeit- und Präsenzzeitmodelle anzubieten.</P><P>(3) Die Ablehnung von Anträgen nach Absatz 1 oder 2 muss in Textform begründet werden.</P><P>(4) Die Dienststellen müssen Beschäftigte, die einen Antrag auf Teilzeitbeschäftigung, familien- oder pflegefreundliche Arbeitszeitmodelle oder Beurlaubung zur Wahrnehmung von Familien- oder Pflegeaufgaben stellen, frühzeitig in Textform hinweisen auf: <DL Font="normal" Type="arabic"><DT>1.</DT><DD Font="normal"><LA Size="normal">die Folgen einer Bewilligung, insbesondere in beamten-, arbeits-, versorgungs- und rentenrechtlicher Hinsicht, sowie</LA></DD><DT>2.</DT><DD Font="normal"><LA Size="normal">die Möglichkeit einer Befristung mit Verlängerungsoption und deren Folgen.</LA></DD></DL></P><P>(5) Die Dienststellen haben darauf zu achten, dass <DL Font="normal" Type="arabic"><DT>1.</DT><DD Font="normal"><LA Size="normal">Beschäftigte, deren Antrag auf Teilzeitbeschäftigung, familien- oder pflegefreundliche Arbeitszeitmodelle oder Beurlaubung zur Wahrnehmung von Familien- oder Pflegeaufgaben positiv entschieden wurde, eine ihrer ermäßigten Arbeitszeit entsprechende Entlastung von ihren dienstlichen Aufgaben erhalten und</LA></DD><DT>2.</DT><DD Font="normal"><LA Size="normal">sich aus der ermäßigten Arbeitszeit keine dienstlichen Mehrbelastungen für andere Beschäftigte der Dienststelle ergeben.</LA></DD></DL></P><P>(6) Die Vorschriften des Teilzeit- und Befristungsgesetzes zur Teilzeitbeschäftigung sowie sonstige gesetzliche Regelungen zur Teilzeitbeschäftigung oder zur Beurlaubung bleiben von den Absätzen 1 bis 5 unberührt.</P></Content></text><fussnoten/></textdaten></norm>
<norm builddate="20250305223026" doknr="BJNR064300015BJNE001800000"><metadaten><jurabk>BGleiG 2015</jurabk><jurabk>BGleiG</jurabk><enbez>§ 17</enbez><titel format="XML">Wechsel zur Vollzeitbeschäftigung, beruflicher Wiedereinstieg</titel></metadaten><textdaten><text format="XML"><Content><P>(1) Bei Vorliegen der gleichen Qualifikation müssen im Rahmen der Besetzung von Arbeitsplätzen vorrangig berücksichtigt werden: <DL Type="arabic"><DT>1.</DT><DD Font="normal"><LA>Teilzeitbeschäftigte mit Familien- oder Pflegeaufgaben, die eine Vollzeitbeschäftigung oder eine Erhöhung ihrer wöchentlichen Arbeitszeit beantragen, sowie</LA></DD><DT>2.</DT><DD Font="normal"><LA>beurlaubte Beschäftigte, die während der Beurlaubung Familien- oder Pflegeaufgaben wahrgenommen haben und eine vorzeitige Rückkehr aus der Beurlaubung beantragen.</LA></DD></DL></P><P>(2) Die Dienststellen haben den auf Grund von Familien- oder Pflegeaufgaben beurlaubten Beschäftigten die Verbindung zum Beruf und den beruflichen Wiedereinstieg zu erleichtern. Als Maßnahmen hierfür kommen insbesondere in Betracht: <DL Type="arabic"><DT>1.</DT><DD Font="normal"><LA>die Möglichkeit der Teilzeitbeschäftigung nach dem Bundeselterngeld- und Elternzeitgesetz,</LA></DD><DT>2.</DT><DD Font="normal"><LA>die Möglichkeit der Teilzeitbeschäftigung nach dem Teilzeit- und Befristungsgesetz, soweit die Art der Tätigkeit eine Teilzeitbeschäftigung nicht ausschließt,</LA></DD><DT>3.</DT><DD Font="normal"><LA>die rechtzeitige Unterrichtung über Fortbildungsangebote,</LA></DD><DT>4.</DT><DD Font="normal"><LA>das Angebot zur Teilnahme an Fortbildungen während oder nach der Beurlaubung sowie</LA></DD><DT>5.</DT><DD Font="normal"><LA>das Angebot von Urlaubs- und Krankheitsvertretungen.</LA></DD></DL></P><P>(3) Die Teilnahme an einer Fortbildung während der Beurlaubung zur Wahrnehmung von Familien- oder Pflegeaufgaben begründet einen Anspruch auf bezahlte Dienst- oder Arbeitsbefreiung nach dem Ende der Beurlaubung. Die Dauer der bezahlten Dienst- oder Arbeitsbefreiung richtet sich nach der Dauer der Fortbildung.</P><P>(4) Die Dienststelle hat rechtzeitig vor Ablauf einer Beurlaubung zur Wahrnehmung von Familien- oder Pflegeaufgaben Personalgespräche mit den betroffenen Beschäftigten zu führen, in denen deren weitere berufliche Entwicklung zu erörtern ist.</P></Content></text></textdaten></norm>
<norm builddate="20250305223026" doknr="BJNR064300015BJNE001901116"><metadaten><jurabk>BGleiG 2015</jurabk><jurabk>BGleiG</jurabk><enbez>§ 18</enbez><titel format="XML">Verbot von Benachteiligungen</titel></metadaten><textdaten><text format="XML"><Content><P>(1) Folgende Umstände dürfen die Einstellung sowie die berufliche Entwicklung einschließlich des beruflichen Aufstiegs nicht beeinträchtigen und sich, sofern die dienstliche Leistung beurteilt wird, nicht nachteilig auf diese Beurteilung auswirken: <DL Font="normal" Type="arabic"><DT>1.</DT><DD Font="normal"><LA Size="normal">Teilzeitbeschäftigung,</LA></DD><DT>2.</DT><DD Font="normal"><LA Size="normal">Telearbeit, mobiles Arbeiten sowie die Teilnahme an flexiblen Arbeits- oder Präsenzzeiten,</LA></DD><DT>3.</DT><DD Font="normal"><LA Size="normal">eine bestehende Schwangerschaft,</LA></DD><DT>4.</DT><DD Font="normal"><LA Size="normal">schwangerschafts- oder mutterschaftsbedingte Abwesenheiten auf Grund mutterschutzrechtlicher Beschäftigungsverbote,</LA></DD><DT>5.</DT><DD Font="normal"><LA Size="normal">Beurlaubungen auf Grund von Familien- oder Pflegeaufgaben.</LA></DD></DL>Dies schließt nicht aus, dass Zeiten nach Satz 1 Nummer 1 anders behandelt werden als Zeiten nach Satz 1 Nummer 4 und 5.</P><P>(2) Eine unterschiedliche Behandlung von Teilzeitbeschäftigung im Verhältnis zu Vollzeitbeschäftigung ist nur zulässig, wenn zwingende sachliche Gründe dies rechtfertigen. Dies gilt für Telearbeit, mobiles Arbeiten und Beurlaubungen auf Grund von Familien- oder Pflegeaufgaben mit Ausnahme der Elternzeit entsprechend.</P><P>(3) Schwangerschafts- und mutterschaftsbedingte Abwesenheiten auf Grund mutterschutzrechtlicher Beschäftigungsverbote sowie Beurlaubungen auf Grund von Familien- oder Pflegeaufgaben sind bei der Anrechnung von Wartezeiten für eine Beförderung nach § 22 Absatz 4 des Bundesbeamtengesetzes zu berücksichtigen.</P></Content></text><fussnoten/></textdaten></norm>
<norm builddate="20250305223026" doknr="BJNR064300015BJNG000500000"><metadaten><jurabk>BGleiG 2015</jurabk><jurabk>BGleiG</jurabk><gliederungseinheit><gliederungskennzahl>050</gliederungskennzahl><gliederungsbez>Abschnitt 5</gliederungsbez><gliederungstitel>Gleichstellungsbeauftragte, Stellvertreterin und Vertrauensfrau</gliederungstitel></gliederungseinheit></metadaten><textdaten/></norm>
<norm builddate="20250305223026" doknr="BJNR064300015BJNE002001116"><metadaten><jurabk>BGleiG 2015</jurabk><jurabk>BGleiG</jurabk><enbez>§ 19</enbez><titel format="XML">Wahl, Verordnungsermächtigung</titel></metadaten><textdaten><text format="XML"><Content><P>(1) In jeder Dienststelle mit in der Regel mindestens 100 Beschäftigten wird eine Gleichstellungsbeauftragte gewählt. Dies gilt auch für oberste Bundesbehörden mit in der Regel weniger als 100 Beschäftigten.</P><P>(2) Die Verwaltungen mit einem großen Geschäftsbereich können abweichend von Absatz 1 Satz 1 weniger Gleichstellungsbeauftragte wählen lassen, sofern sichergestellt ist, dass die Beschäftigten des gesamten Geschäftsbereichs angemessen durch eine Gleichstellungsbeauftragte vertreten werden.</P><P>(3) Gewählt werden <DL Font="normal" Type="arabic"><DT>1.</DT><DD Font="normal"><LA Size="normal">in den Dienststellen mit mindestens 100 und höchstens 1 499 Beschäftigten sowie in Dienststellen mit weniger als 100 Beschäftigten, die eine eigene Gleichstellungsbeauftragte wählen, eine Stellvertreterin,</LA></DD><DT>2.</DT><DD Font="normal"><LA Size="normal">in den Dienststellen mit mindestens 1 500 und höchstens 1 999 Beschäftigten zwei Stellvertreterinnen,</LA></DD><DT>3.</DT><DD Font="normal"><LA Size="normal">in den Dienststellen mit höchstens 1 999 Beschäftigten und einem großen Zuständigkeits- oder komplexen Aufgabenbereich zwei oder drei Stellvertreterinnen,</LA></DD><DT>4.</DT><DD Font="normal"><LA Size="normal">in den Verwaltungen mit einem großen Geschäftsbereich, die von der Ausnahmeregelung nach Absatz 2 Gebrauch machen, sowie in Verwaltungen, zu denen Dienststellen mit weniger als 100 Beschäftigten gehören, die keine eigene Gleichstellungsbeauftragte wählen, <DL Font="normal" Type="alpha"><DT>a)</DT><DD Font="normal"><LA Size="normal">bei insgesamt höchstens 1 499 Beschäftigten in allen Dienststellen, die durch eine Gleichstellungsbeauftragte vertreten werden, eine Stellvertreterin,</LA></DD><DT>b)</DT><DD Font="normal"><LA Size="normal">bei insgesamt mindestens 1 500 und höchstens 1 999 Beschäftigten in allen Dienststellen, die durch eine Gleichstellungsbeauftragte vertreten werden, zwei Stellvertreterinnen,</LA></DD><DT>c)</DT><DD Font="normal"><LA Size="normal">bei insgesamt mindestens 2 000 Beschäftigten in allen Dienststellen, die durch eine Gleichstellungsbeauftragte vertreten werden, drei Stellvertreterinnen und</LA></DD></DL></LA></DD><DT>5.</DT><DD Font="normal"><LA Size="normal">in den Dienststellen mit mindestens 2 000 Beschäftigten drei Stellvertreterinnen.</LA></DD></DL></P><P>(4) Die Wahl der Gleichstellungsbeauftragten und der jeweiligen Zahl an Stellvertreterinnen findet in getrennten Wahlgängen nach Maßgabe der allgemeinen Wahlrechtsgrundsätze statt. Wahlberechtigt und wählbar sind die weiblichen Beschäftigten der Dienststelle. Die Wiederwahl ist zulässig. Die weiblichen Beschäftigten einer Dienststelle ohne eigene Gleichstellungsbeauftragte sind bei der nächsthöheren Dienststelle wahlberechtigt.</P><P>(5) Die Bundesregierung regelt durch Rechtsverordnung ohne Zustimmung des Bundesrates das Verfahren der Wahl nach den Absätzen 1 bis 4.</P></Content></text><fussnoten/></textdaten></norm>
<norm builddate="20250305223026" doknr="BJNR064300015BJNE002101116"><metadaten><jurabk>BGleiG 2015</jurabk><jurabk>BGleiG</jurabk><enbez>§ 20</enbez><titel format="XML">Bestellung</titel></metadaten><textdaten><text format="XML"><Content><P>(1) Die Dienststelle bestellt die gewählten Beschäftigten für jeweils vier Jahre zur Gleichstellungsbeauftragten oder zur Stellvertreterin. Die Bestellung setzt voraus, dass die gewählten Beschäftigten ab dem Zeitpunkt der Bestellung weder dem Personalrat noch der Schwerbehindertenvertretung angehören.</P><P>(2) Findet sich für die Wahl der Gleichstellungsbeauftragten keine Kandidatin oder ist nach der Wahl keine Kandidatin gewählt, so bestellt die Dienststellenleitung die Gleichstellungsbeauftragte aus dem Kreis der weiblichen Beschäftigten von Amts wegen ohne weitere Wahl. Hierzu bedarf es der Zustimmung der zu bestellenden Beschäftigten.</P><P>(3) Finden sich für die Wahl der Stellvertreterinnen nicht genügend Kandidatinnen oder sind nach der Wahl nicht genügend Kandidatinnen gewählt, so bestellt die Dienststellenleitung die Stellvertreterinnen auf Vorschlag der Gleichstellungsbeauftragten von Amts wegen ohne weitere Wahl. Hierzu bedarf es der Zustimmung der zu bestellenden Beschäftigten.</P><P>(4) Für Dienststellen, in denen nach § 19 Absatz 2 keine eigene Gleichstellungsbeauftragte gewählt wird, und Dienststellen mit weniger als 100 Beschäftigten, die keine eigene Gleichstellungsbeauftragte wählen, sowie für Nebenstellen und Teile einer Dienststelle, die räumlich weit von dem Dienst- oder Arbeitsort der Gleichstellungsbeauftragten entfernt im Inland liegen, muss auf Vorschlag der zuständigen Gleichstellungsbeauftragten eine Vertrauensfrau bestellt werden. Für Nebenstellen und Teile einer Dienststelle, die nicht räumlich weit entfernt liegen, kann die Dienststelle nach pflichtgemäßem Ermessen im Einvernehmen mit der Gleichstellungsbeauftragten eine Vertrauensfrau bestellen. Die Vertrauensfrau muss Beschäftigte der jeweiligen Dienststelle, der Nebenstelle der Dienststelle oder des jeweiligen Dienststellenteils sein. Die Bestellung der Vertrauensfrauen bedarf der Zustimmung der zu bestellenden weiblichen Beschäftigten.</P><P>(5) Ist nach Absatz 1 oder 3 nur eine Stellvertreterin bestellt worden, so soll die Gleichstellungsbeauftragte für den Fall, dass sie und ihre Stellvertreterin gleichzeitig abwesend sind, eine Beschäftigte als zweite Stellvertreterin vorschlagen. Die Dienststelle bestellt die von der Gleichstellungsbeauftragten vorgeschlagene Beschäftigte zur zweiten Stellvertreterin. Die Bestellung bedarf der Zustimmung der zu bestellenden Beschäftigten.</P></Content></text><fussnoten/></textdaten></norm>
<norm builddate="20250305223026" doknr="BJNR064300015BJNE002200000"><metadaten><jurabk>BGleiG 2015</jurabk><jurabk>BGleiG</jurabk><enbez>§ 21</enbez><titel format="XML">Anfechtung der Wahl</titel></metadaten><textdaten><text format="XML"><Content><P>(1) Die Wahl kann angefochten werden, wenn gegen wesentliche Vorschriften zur Wahl verstoßen worden und der Verstoß nicht berichtigt worden ist. Eine Anfechtung der Wahl scheidet aus, wenn das Wahlergebnis durch einen Verstoß gegen wesentliche Vorschriften zur Wahl nicht geändert oder beeinflusst werden konnte.</P><P>(2) Anfechtungsberechtigt sind eine Gruppe von mindestens drei Wahlberechtigten und die Dienststellenleitung.</P><P>(3) Die Anfechtung muss vor dem Verwaltungsgericht innerhalb von zwölf Arbeitstagen nach Bekanntgabe des Wahlergebnisses erfolgen.</P></Content></text></textdaten></norm>
<norm builddate="20250305223026" doknr="BJNR064300015BJNE002300000"><metadaten><jurabk>BGleiG 2015</jurabk><jurabk>BGleiG</jurabk><enbez>§ 22</enbez><titel format="XML">Vorzeitiges Ausscheiden</titel></metadaten><textdaten><text format="XML"><Content><P>(1) Scheidet die Gleichstellungsbeauftragte vorzeitig aus ihrem Amt aus oder ist sie nicht nur vorübergehend verhindert, ihr Amt auszuüben, hat die Dienststelle für die restliche Amtszeit unverzüglich eine neue Gleichstellungsbeauftragte zu bestellen. § 19 findet keine Anwendung, wenn die Dauer der restlichen Amtszeit zwei Jahre oder weniger beträgt.</P><P>(2) Scheidet eine Stellvertreterin oder eine Vertrauensfrau vorzeitig aus ihrem Amt aus oder ist sie nicht nur vorübergehend verhindert, ihr Amt auszuüben, hat die Dienststelle auf Vorschlag der Gleichstellungsbeauftragten für die restliche Amtszeit eine neue Stellvertreterin oder eine neue Vertrauensfrau zu bestellen. Absatz 1 Satz 2 gilt entsprechend.</P><P>(3) Scheiden sowohl die Gleichstellungsbeauftragte als auch all ihre Stellvertreterinnen vorzeitig aus ihrem Amt aus oder sind sie nicht nur vorübergehend verhindert, ihr Amt auszuüben, finden Neuwahlen nach § 19 statt.</P><P>(4) Eine Verhinderung ist nicht nur vorübergehend, wenn das Amt auf Grund krankheitsbedingter Arbeits- oder Dienstunfähigkeit für mehr als sechs Monate ununterbrochen nicht ausgeübt werden konnte.</P></Content></text></textdaten></norm>
<norm builddate="20250305223026" doknr="BJNR064300015BJNE002401116"><metadaten><jurabk>BGleiG 2015</jurabk><jurabk>BGleiG</jurabk><enbez>§ 23</enbez><titel format="XML">Zusammenlegung, Aufspaltung und Eingliederung</titel></metadaten><textdaten><text format="XML"><Content><P>(1) Bei der Zusammenlegung von Dienststellen zu einer neuen Dienststelle endet die Amtszeit der Gleichstellungsbeauftragten und die der Stellvertreterinnen spätestens ein Jahr nach der Zusammenlegung. Bis zu diesem Zeitpunkt erfolgt die Aufgabenaufteilung und -wahrnehmung in gegenseitigem Einvernehmen zwischen den Gleichstellungsbeauftragten und Stellvertreterinnen. Neuwahlen nach § 19 müssen rechtzeitig vor Ablauf eines Jahres nach Zusammenlegung der Dienststellen abgeschlossen sein.</P><P>(2) Im Falle der Teilung oder Aufspaltung einer Dienststelle in zwei oder mehrere Dienststellen endet die Amtszeit der Gleichstellungsbeauftragten und die der Stellvertreterinnen spätestens ein Jahr nach dem Vollzug des Organisationsaktes. Absatz 1 Satz 3 gilt entsprechend.</P><P>(3) Wird eine Dienststelle in eine andere Dienststelle eingegliedert, endet die Amtszeit der Gleichstellungsbeauftragten und die der Stellvertreterinnen der eingegliederten Dienststelle mit Vollzug des Organisationsaktes der Eingliederung.</P></Content></text><fussnoten/></textdaten></norm>
<norm builddate="20250305223026" doknr="BJNR064300015BJNE002501116"><metadaten><jurabk>BGleiG 2015</jurabk><jurabk>BGleiG</jurabk><enbez>§ 24</enbez><titel format="XML">Rechtsstellung</titel></metadaten><textdaten><text format="XML"><Content><P>(1) Die Gleichstellungsbeauftragte gehört der Personalverwaltung an. In Dienststellen ist sie unmittelbar der Dienststellenleitung zugeordnet. In den obersten Bundesbehörden, in denen die Personalangelegenheiten, die organisatorischen Angelegenheiten und die sozialen Angelegenheiten in einer Abteilung zusammengefasst sind, ist auch eine Zuordnung zur Leitung dieser Abteilung möglich.</P><P>(2) Die Gleichstellungsbeauftragte ist in der Ausübung ihrer Tätigkeit weisungsfrei. Sie darf nur in ihrer Eigenschaft als Gleichstellungsbeauftragte mit Personalangelegenheiten befasst sein. Von Satz 2 unberührt bleibt ihre Befugnis, sich mit den Personalangelegenheiten der ihr zugeordneten Mitarbeiterinnen und Mitarbeiter zu befassen.</P><P>(3) Die Rechte und Pflichten der Gleichstellungsbeauftragten nach den Absätzen 1 und 2 sowie nach den §§ 28 bis 35 gelten auch für die Stellvertreterinnen, soweit dieses Gesetz nichts anderes bestimmt.</P></Content></text><fussnoten/></textdaten></norm>
<norm builddate="20250305223026" doknr="BJNR064300015BJNE002601116"><metadaten><jurabk>BGleiG 2015</jurabk><jurabk>BGleiG</jurabk><enbez>§ 25</enbez><titel format="XML">Aufgaben, Rechte und Pflichten der Gleichstellungsbeauftragten</titel></metadaten><textdaten><text format="XML"><Content><P>(1) Die Gleichstellungsbeauftragte hat die Aufgabe, den Vollzug dieses Gesetzes sowie des Allgemeinen Gleichbehandlungsgesetzes im Hinblick auf den Schutz der Beschäftigten vor Benachteiligungen wegen ihres Geschlechts, insbesondere bei Benachteiligungen von Frauen, zu fördern und zu überwachen. Dies umfasst auch den Schutz von Frauen mit einer Behinderung oder von Frauen, die von einer Behinderung bedroht sind, sowie den Schutz vor sexueller Belästigung am Arbeitsplatz.</P><P>(2) Zu den Aufgaben der Gleichstellungsbeauftragten zählen insbesondere: <DL Font="normal" Type="arabic"><DT>1.</DT><DD Font="normal"><LA Size="normal">die Dienststelle dabei zu unterstützen, die Ziele dieses Gesetzes zu erreichen und die Erfüllung der allgemeinen Pflichten nach § 4 zu fördern,</LA></DD><DT>2.</DT><DD Font="normal"><LA Size="normal">bei allen personellen, organisatorischen und sozialen Maßnahmen der Dienststelle mitzuwirken, die die Gleichstellung von Frauen und Männern, die Beseitigung von Unterrepräsentanzen, die Vereinbarkeit von Familie, Pflege und Berufstätigkeit sowie den Schutz vor sexueller Belästigung am Arbeitsplatz betreffen,</LA></DD><DT>3.</DT><DD Font="normal"><LA Size="normal">einzelne Beschäftigte bei Bedarf zu beraten und zu unterstützen, insbesondere in den Bereichen der beruflichen Entwicklung und Förderung sowie der Vereinbarkeit von Familie, Pflege und Berufstätigkeit sowie in Bezug auf den Schutz vor Benachteiligungen, und</LA></DD><DT>4.</DT><DD Font="normal"><LA Size="normal">die Fortbildungsangebote nach § 10 Absatz 5 wahrzunehmen.</LA></DD></DL></P><P>(3) Die Gleichstellungsbeauftragte kann Sprechstunden durchführen und jährliche Versammlungen der weiblichen Beschäftigten einberufen. Sie unterrichtet die Dienststellenleitung im Vorfeld über die Einberufung einer Versammlung nach Satz 1. Die Gleichstellungsbeauftragte kann an Personalversammlungen teilnehmen und hat dort ein Rederecht.</P><P>(4) Im Falle des § 19 Absatz 4 Satz 4 nimmt die Gleichstellungsbeauftragte der nächsthöheren Dienststelle die ihr nach den Absätzen 1 und 2 zugewiesenen Aufgaben auch für nachgeordnete Dienststellen wahr. Absatz 3 gilt entsprechend.</P><P>(5) Die Gleichstellungsbeauftragte der obersten Bundesbehörde ist für den Informations- und Erfahrungsaustausch der Gleichstellungsbeauftragten, Stellvertreterinnen und Vertrauensfrauen in ihrem Geschäftsbereich verantwortlich.</P><P>(6) Die Gleichstellungsbeauftragte eines Bundesgerichts hat das Recht, an den Sitzungen des Präsidialrates und dessen Ausschüssen teilzunehmen.</P><P>(7) Die Aufgabenwahrnehmung als Gleichstellungsbeauftragte hat Vorrang vor der Wahrnehmung anderer Aufgaben.</P></Content></text><fussnoten/></textdaten></norm>
<norm builddate="20250305223026" doknr="BJNR064300015BJNE002701116"><metadaten><jurabk>BGleiG 2015</jurabk><jurabk>BGleiG</jurabk><enbez>§ 26</enbez><titel format="XML">Aufgaben der Stellvertreterin und der Vertrauensfrau</titel></metadaten><textdaten><text format="XML"><Content><P>(1) Die Stellvertreterin wird grundsätzlich im Vertretungsfall tätig.</P><P>(2) Abweichend von Absatz 1 kann die Gleichstellungsbeauftragte der Stellvertreterin mit deren Einverständnis einen Teil der Aufgaben nach § 25 zur eigenständigen Erledigung übertragen. In Dienststellen mit mehr als einer nach § 20 Absatz 1 oder 3 bestellten Stellvertreterin erfolgt die Aufgabenaufteilung zwischen der Gleichstellungsbeauftragten und den Stellvertreterinnen in gegenseitigem Einvernehmen. Eine Änderung oder Aufhebung der Delegationsentscheidung nach den Sätzen 1 und 2 kann die Gleichstellungsbeauftragte jederzeit ohne Zustimmung der Stellvertreterin oder der Stellvertreterinnen vornehmen. § 24 Absatz 2 Satz 2 gilt entsprechend.</P><P>(3) Die Absätze 1 und 2 finden keine Anwendung auf die nach § 20 Absatz 5 bestellte zweite Stellvertreterin. Diese darf nur tätig werden, wenn die Gleichstellungsbeauftragte und die nach § 20 Absatz 1 oder 3 bestellte Stellvertreterin gleichzeitig abwesend sind und sie diese beiden vertritt.</P><P>(4) Die Stellvertreterin hat die von der Gleichstellungsbeauftragten vorgegebenen Leitlinien der Gleichstellungsarbeit zu beachten. Die Gesamtverantwortung für die Aufgabenerledigung verbleibt bei der Gleichstellungsbeauftragten.</P><P>(5) Die Vertrauensfrau ist Ansprechpartnerin für die Beschäftigten der jeweiligen Dienststelle, Nebenstelle oder des jeweiligen Dienststellenteils sowie für die zuständige Gleichstellungsbeauftragte. Ihr obliegt die Vermittlung von Informationen zwischen den Beschäftigten und der Gleichstellungsbeauftragten. Sind sowohl die Gleichstellungsbeauftragte als auch ihre Stellvertreterinnen verhindert, kann die Vertrauensfrau im Auftrag der Gleichstellungsbeauftragten an Vorstellungsgesprächen, besonderen Auswahlverfahren, an Sitzungen von Auswahlkommissionen oder an Personalgesprächen teilnehmen; die Ausübung des Mitwirkungsrechts nach § 32 bleibt in diesem Fall weiterhin der Gleichstellungsbeauftragten vorbehalten. Macht die Dienststelle von der Möglichkeit in § 19 Absatz 2 Gebrauch, kann die Gleichstellungsbeauftragte der Vertrauensfrau mit deren Einverständnis auch Aufgaben zur eigenständigen Erledigung bei der örtlichen Dienststelle übertragen.</P></Content></text><fussnoten/></textdaten></norm>
<norm builddate="20250305223026" doknr="BJNR064300015BJNE002801116"><metadaten><jurabk>BGleiG 2015</jurabk><jurabk>BGleiG</jurabk><enbez>§ 27</enbez><titel format="XML">Beteiligung und Unterstützung der Gleichstellungsbeauftragten</titel></metadaten><textdaten><text format="XML"><Content><P>(1) Die Dienststelle beteiligt die Gleichstellungsbeauftragten frühzeitig, insbesondere bei <DL Font="normal" Type="arabic"><DT>1.</DT><DD Font="normal"><LA Size="normal">personellen Angelegenheiten; dies betrifft die Vorbereitung und Entscheidung über <DL Font="normal" Type="alpha"><DT>a)</DT><DD Font="normal"><LA Size="normal">die Vergabe von Ausbildungsplätzen,</LA></DD><DT>b)</DT><DD Font="normal"><LA Size="normal">die Einstellung und die Versetzung sowie die Abordnung und Umsetzung von Beschäftigten für jeweils mehr als drei Monate,</LA></DD><DT>c)</DT><DD Font="normal"><LA Size="normal">die Fortbildung und den beruflichen Aufstieg von Beschäftigten,</LA></DD><DT>d)</DT><DD Font="normal"><LA Size="normal">die Abmahnung, die Einleitung und den Abschluss eines Disziplinarverfahrens einschließlich der vorläufigen Dienstenthebung,</LA></DD><DT>e)</DT><DD Font="normal"><LA Size="normal">Kündigung sowie Aufhebungsvertrag, Entlassung, Versetzung in den Ruhestand und vergleichbare Entscheidungen,</LA></DD></DL></LA></DD><DT>2.</DT><DD Font="normal"><LA Size="normal">organisatorischen und sozialen Angelegenheiten,</LA></DD><DT>3.</DT><DD Font="normal"><LA Size="normal">der Abfassung von Beurteilungsrichtlinien sowie bei Besprechungen, die die einheitliche Anwendung dieser Richtlinien in der Dienststelle sicherstellen sollen,</LA></DD><DT>4.</DT><DD Font="normal"><LA Size="normal">Verfahren zur Besetzung von Gremien nach Maßgabe des Bundesgremienbesetzungsgesetzes, sofern keine Organisationseinheit zur Gleichstellung von Frauen und Männern in der Dienststelle eingerichtet ist, sowie</LA></DD><DT>5.</DT><DD Font="normal"><LA Size="normal">der Erstellung des Gleichstellungsplans.</LA></DD></DL></P><P>(2) Eine frühzeitige Beteiligung nach Absatz 1 liegt vor, wenn die Gleichstellungsbeauftragte mit Beginn des Entscheidungsprozesses auf Seiten der Dienststelle beteiligt wird und die jeweilige Entscheidung oder Maßnahme noch gestaltungsfähig ist.</P><P>(3) Die Beteiligung der Gleichstellungsbeauftragten geht einem Beteiligungsverfahren nach dem Bundespersonalvertretungsgesetz und dem Neunten Buch Sozialgesetzbuch voraus; das Verfahren nach § 32 Absatz 3 muss abgeschlossen sein. Erfolgt entgegen Satz 1 eine parallele Beteiligung von Personal- oder Schwerbehindertenvertretung, ist die Gleichstellungsbeauftragte über die Gründe zu informieren.</P></Content></text><fussnoten/></textdaten></norm>
<norm builddate="20250305223026" doknr="BJNR064300015BJNE002901116"><metadaten><jurabk>BGleiG 2015</jurabk><jurabk>BGleiG</jurabk><enbez>§ 28</enbez><titel format="XML">Schutzrechte</titel></metadaten><textdaten><text format="XML"><Content><P>(1) Die Gleichstellungsbeauftragte darf bei der Erfüllung ihrer Pflichten nicht behindert und wegen ihrer Tätigkeit als Gleichstellungsbeauftragte in ihrer beruflichen Entwicklung nicht benachteiligt oder begünstigt werden. Insbesondere übt sie ihr Amt ohne Minderung ihrer bisherigen Bezüge oder ihres bisherigen Arbeitsentgelts aus und nimmt am beruflichen Aufstieg so teil, wie dieser ohne die Übernahme des Amtes erfolgt wäre.</P><P>(2) Die Gleichstellungsbeauftragte wird von anderweitigen Tätigkeiten in dem Ausmaß entlastet, wie dies zur ordnungsgemäßen Wahrnehmung ihrer Aufgaben als Gleichstellungsbeauftragte erforderlich ist. In Dienststellen mit in der Regel weniger als 600 Beschäftigten beträgt die Entlastung mindestens die Hälfte der regelmäßigen Arbeitszeit einer Vollzeitkraft. Bei einer Beschäftigtenzahl von in der Regel mindestens 600 Beschäftigten wird die Gleichstellungsbeauftragte im Umfang der Regelarbeitszeit einer Vollzeitkraft entlastet. Übt die Gleichstellungsbeauftragte eine Teilzeitbeschäftigung aus, ist der Entlastungsumfang der Stellvertreterin oder der Stellvertreterinnen entsprechend zu erhöhen; dies gilt unabhängig von den Vorgaben zur Entlastung der Stellvertreterin in Absatz 5. Ist die Gleichstellungsbeauftragte gemäß § 19 Absatz 4 Satz 4 für mehr als eine Dienststelle zuständig, ist für die Höhe der Entlastung die Gesamtzahl der Beschäftigten aller Dienststellen maßgebend.</P><P>(3) Die Dienststellen haben die berufliche Entwicklung der Gleichstellungsbeauftragten von Amts wegen fiktiv nachzuzeichnen. Diese Pflicht gilt ungeachtet des Entlastungsumfangs der Gleichstellungsbeauftragten. Die fiktive Nachzeichnung dient als Grundlage für Personalauswahlentscheidungen. Der Anspruch auf fiktive Nachzeichnung der dienstlichen Beurteilung nach § 33 Absatz 3 der Bundeslaufbahnverordnung bleibt unberührt. Die Dienststellen haben der Gleichstellungsbeauftragten auf deren Antrag hin eine Aufgabenbeschreibung als Nachweis über ihre Tätigkeit als Gleichstellungsbeauftragte zu erteilen.</P><P>(4) Vor Kündigung, Versetzung und Abordnung ist die Gleichstellungsbeauftragte wie ein Mitglied der Personalvertretung geschützt.</P><P>(5) Wird eine Stellvertreterin im Vertretungsfall tätig, so ist sie mit Beginn der Vertretungstätigkeit in dem Ausmaß ihrer Tätigkeit als Stellvertreterin von anderweitigen Tätigkeiten zu entlasten. Üben Stellvertreterinnen Aufgaben zur eigenständigen Erledigung aus, so werden sie von ihren anderweitigen Tätigkeiten wie folgt entlastet: <DL Font="normal" Type="arabic"><DT>1.</DT><DD Font="normal"><LA Size="normal">in Dienststellen mit höchstens 1 499 Beschäftigten und nur einer nach § 20 Absatz 1 oder 3 bestellten Stellvertreterin im Umfang von bis zu einem Viertel der regelmäßigen Arbeitszeit einer Vollzeitkraft,</LA></DD><DT>2.</DT><DD Font="normal"><LA Size="normal">in Dienststellen mit mindestens 1 500 und höchstens 1 999 Beschäftigten für eine der beiden Stellvertreterinnen im Umfang von bis zur Hälfte der regelmäßigen Arbeitszeit einer Vollzeitkraft,</LA></DD><DT>3.</DT><DD Font="normal"><LA Size="normal">in Dienststellen mit mindestens 2 000 und höchstens 2 499 Beschäftigten <DL Font="normal" Type="alpha"><DT>a)</DT><DD Font="normal"><LA Size="normal">für zwei Stellvertreterinnen jeweils im Umfang der Hälfte der regelmäßigen Arbeitszeit einer Vollzeitkraft oder</LA></DD><DT>b)</DT><DD Font="normal"><LA Size="normal">für eine Stellvertreterin im Umfang der Regelarbeitszeit einer Vollzeitkraft,</LA></DD></DL></LA></DD><DT>4.</DT><DD Font="normal"><LA Size="normal">in Dienststellen mit mindestens 2 500 Beschäftigten <DL Font="normal" Type="alpha"><DT>a)</DT><DD Font="normal"><LA Size="normal">für alle drei Stellvertreterinnen jeweils im Umfang der Hälfte der regelmäßigen Arbeitszeit einer Vollzeitkraft oder</LA></DD><DT>b)</DT><DD Font="normal"><LA Size="normal">für eine Stellvertreterin im Umfang der regelmäßigen Arbeitszeit einer Vollzeitkraft und für eine weitere Stellvertreterin im Umfang der Hälfte der regelmäßigen Arbeitszeit einer Vollzeitkraft,</LA></DD></DL></LA></DD><DT>5.</DT><DD Font="normal"><LA Size="normal">in denjenigen Dienststellen mit höchstens <NB>1 999 Beschäftigten,</NB> die einen großen Zuständigkeitsbereich oder einen komplexen Aufgabenbereich haben, <DL Font="normal" Type="alpha"><DT>a)</DT><DD Font="normal"><LA Size="normal">bei zwei Stellvertreterinnen <DL Font="normal" Type="a-alpha"><DT>aa)</DT><DD Font="normal"><LA Size="normal">für beide Stellvertreterinnen jeweils im Umfang der Hälfte der regelmäßigen Arbeitszeit einer Vollzeitkraft oder</LA></DD><DT>bb)</DT><DD Font="normal"><LA Size="normal">für eine der beiden Stellvertreterinnen im Umfang der Regelarbeitszeit einer Vollzeitkraft,</LA></DD></DL></LA></DD><DT>b)</DT><DD Font="normal"><LA Size="normal">bei drei Stellvertreterinnen <DL Font="normal" Type="a-alpha"><DT>aa)</DT><DD Font="normal"><LA Size="normal">für alle drei Stellvertreterinnen jeweils im Umfang der Hälfte der regelmäßigen Arbeitszeit einer Vollzeitkraft oder</LA></DD><DT>bb)</DT><DD Font="normal"><LA Size="normal">für eine Stellvertreterin im Umfang der regelmäßigen Arbeitszeit einer Vollzeitkraft und für eine weitere Stellvertreterin im Umfang der Hälfte der regelmäßigen Arbeitszeit einer Vollzeitkraft,</LA></DD></DL></LA></DD></DL></LA></DD><DT>6.</DT><DD Font="normal"><LA Size="normal">in denjenigen Dienststellen mit mindestens <NB>2 000 und</NB> höchstens 2 499 Beschäftigten, die einen großen Zuständigkeitsbereich oder einen komplexen Aufgabenbereich haben, <DL Font="normal" Type="alpha"><DT>a)</DT><DD Font="normal"><LA Size="normal">für alle drei Stellvertreterinnen jeweils im Umfang der Hälfte der regelmäßigen Arbeitszeit einer Vollzeitkraft oder</LA></DD><DT>b)</DT><DD Font="normal"><LA Size="normal">für eine Stellvertreterin im Umfang der regelmäßigen Arbeitszeit einer Vollzeitkraft und für eine weitere Stellvertreterin im Umfang der Hälfte der regelmäßigen Arbeitszeit einer Vollzeitkraft.</LA></DD></DL></LA></DD></DL>Satz 2 Nummer 1 bis 4 gilt in den Verwaltungen mit einem großen Geschäftsbereich, die von der Ausnahmeregelung nach § 19 Absatz 2 Gebrauch machen, sowie in Verwaltungen, zu denen Dienststellen mit weniger als 100 Beschäftigten gehören, die keine eigene Gleichstellungsbeauftragte wählen, hinsichtlich der Gesamtzahl der im Zuständigkeitsbereich der Gleichstellungsbeauftragten tätigen Beschäftigten entsprechend. Der Umfang der Entlastung der einzelnen Stellvertreterinnen nach den Sätzen 2 und 3 darf nicht auf die Entlastung der Gleichstellungsbeauftragten angerechnet werden.</P><P>(6) Vertrauensfrauen werden von anderweitigen Tätigkeiten in dem Ausmaß entlastet, wie dies zur ordnungsgemäßen Wahrnehmung ihrer Aufgaben als Informationsvermittlerin erforderlich ist. Die Entlastung beträgt mindestens ein Zehntel und bis zu einem Viertel der regelmäßigen Arbeitszeit einer Vollzeitkraft.</P></Content></text><fussnoten/></textdaten></norm>
<norm builddate="20250305223026" doknr="BJNR064300015BJNE003001116"><metadaten><jurabk>BGleiG 2015</jurabk><jurabk>BGleiG</jurabk><enbez>§ 29</enbez><titel format="XML">Ausstattung</titel></metadaten><textdaten><text format="XML"><Content><P>(1) Der Gleichstellungsbeauftragten ist mit Beginn und bis zum Ende ihrer Amtszeit die notwendige personelle, räumliche und sachliche Ausstattung zur Verfügung zu stellen.</P><P>(2) Bei einer Beschäftigtenzahl von in der Regel weniger als 1 000 kann der Gleichstellungsbeauftragten eine Mitarbeiterin oder ein Mitarbeiter zugeordnet werden. In einer Dienststelle mit in der Regel mindestens 1 000 Beschäftigten ist der Gleichstellungsbeauftragten mindestens eine Mitarbeiterin oder ein Mitarbeiter zuzuordnen.</P><P>(3) Die Aufgabe der Mitarbeiterinnen und Mitarbeiter beschränkt sich auf die Unterstützung der Gleichstellungsbeauftragten. § 26 Absatz 5 Satz 3 gilt entsprechend.</P><P>(4) Die Gleichstellungsbeauftragte erhält einen monatlichen Verfügungsfonds. Die Höhe des Verfügungsfonds der vollständig von anderweitigen Aufgaben entlasteten Gleichstellungsbeauftragten entspricht der Höhe der Aufwandsentschädigung für ganz von ihrer dienstlichen Tätigkeit freigestellte Mitglieder von Personalräten, Gesamtpersonalräten, Bezirkspersonalräten und Hauptpersonalräten. Die teilweise von anderweitigen Aufgaben entlastete Gleichstellungsbeauftragte erhält einen Verfügungsfonds, der dem Anteil ihrer Entlastung entspricht. Die Verordnung über die Höhe der Aufwandsentschädigung für vom Dienst freigestellte Personalvertretungsmitglieder gilt entsprechend.</P></Content></text><fussnoten/></textdaten></norm>
<norm builddate="20250305223026" doknr="BJNR064300015BJNE003100000"><metadaten><jurabk>BGleiG 2015</jurabk><jurabk>BGleiG</jurabk><enbez>§ 30</enbez><titel format="XML">Zusammenarbeit und Information</titel></metadaten><textdaten><text format="XML"><Content><P>(1) Die Dienststellenleitung und die Gleichstellungsbeauftragte arbeiten zum Wohle der Beschäftigten und zur Erfüllung der in § 1 genannten Ziele eng zusammen.</P><P>(2) Die Dienststellenleitung unterstützt die Gleichstellungsbeauftragte bei der Wahrnehmung ihrer Aufgaben und der Ausübung ihrer Mitwirkungsrechte, indem sie die Gleichstellungsbeauftragte insbesondere unverzüglich und umfassend informiert. Die zur Wahrnehmung ihrer Aufgaben erforderlichen Unterlagen, insbesondere Bewerbungsunterlagen, vergleichende Übersichten und Auswahlvermerke, sind ihr frühestmöglich vorzulegen und die erbetenen Auskünfte zu erteilen. Die Dienststellenleitung soll der Gleichstellungsbeauftragten Gelegenheit zur aktiven Teilnahme an allen Entscheidungsprozessen zu personellen, organisatorischen und sozialen Angelegenheiten geben und den Informations- und Erfahrungsaustausch der Gleichstellungsbeauftragten mit anderen Gleichstellungsbeauftragten unterstützen.</P><P>(3) Die Gleichstellungsbeauftragte hat das Recht, Einsicht in die entscheidungsrelevanten Teile von Personalakten zu nehmen, soweit die Kenntnis des Akteninhalts zur Erfüllung ihrer Aufgaben erforderlich ist.</P></Content></text></textdaten></norm>
<norm builddate="20250305223026" doknr="BJNR064300015BJNE003200000"><metadaten><jurabk>BGleiG 2015</jurabk><jurabk>BGleiG</jurabk><enbez>§ 31</enbez><titel format="XML">Verschwiegenheitspflicht</titel></metadaten><textdaten><text format="XML"><Content><P>Die Gleichstellungsbeauftragte und ihre Stellvertreterinnen, die Mitarbeiterinnen und Mitarbeiter sowie die Vertrauensfrauen sind hinsichtlich persönlicher Verhältnisse der Beschäftigten und anderer vertraulicher Angelegenheiten in der Dienststelle ab dem Zeitpunkt ihrer Bestellung sowie über die Zeit ihrer Bestellung hinaus zum Stillschweigen verpflichtet.</P></Content></text></textdaten></norm>
<norm builddate="20250305223026" doknr="BJNR064300015BJNE003301116"><metadaten><jurabk>BGleiG 2015</jurabk><jurabk>BGleiG</jurabk><enbez>§ 32</enbez><titel format="XML">Form der Mitwirkung und Stufenbeteiligung</titel></metadaten><textdaten><text format="XML"><Content><P>(1) Die Gleichstellungsbeauftragte hat das Recht und die Pflicht, unmittelbar bei der Dienststellenleitung vorzutragen. Sie hat in allen Angelegenheiten, die nach § 25 Absatz 1 und § 27 Absatz 1 ihrer Mitwirkung unterliegen, ein Initiativrecht. Die Dienststelle hat über einen Initiativantrag innerhalb angemessener Zeit, spätestens nach einem Monat, zu entscheiden. In Ausnahmefällen ist die endgültige Entscheidung nach drei Monaten vorzunehmen. Die Entscheidung ist der Gleichstellungsbeauftragten in Textform mitzuteilen.</P><P>(2) Die Mitwirkung der Gleichstellungsbeauftragten erfolgt regelmäßig durch Votum, das zu den Akten zu nehmen ist. Das Votum ist innerhalb von zehn Arbeitstagen ab Zugang der Mitteilung über die beabsichtigte Maßnahme oder Entscheidung in Textform abzugeben; von dieser Frist kann im Einvernehmen mit der Gleichstellungsbeauftragten abgewichen werden. Nur in besonders dringenden Fällen darf die Frist zur Abgabe des Votums ausnahmsweise auf drei Arbeitstage verkürzt werden. Hat die Gleichstellungsbeauftragte innerhalb von zehn Arbeitstagen oder im Falle des Satzes 3 innerhalb von drei Arbeitstagen kein Votum abgegeben, so gilt die beabsichtigte Maßnahme oder Entscheidung als gebilligt.</P><P>(3) Folgt die Dienststelle dem Votum der Gleichstellungsbeauftragten nicht, so hat sie die Gleichstellungsbeauftragte hierüber unverzüglich formlos in Kenntnis zu setzen. Die Gleichstellungsbeauftragte kann bei der Abgabe des Votums oder spätestens bis zum Ablauf des auf das Inkenntnissetzen folgenden Arbeitstages eine Mitteilung der Gründe für die Nichtbefolgung des Votums verlangen. Die Dienststelle hat der Gleichstellungsbeauftragten innerhalb von 15 Arbeitstagen ab Zugang des Verlangens die Gründe für die Nichtbefolgung in Textform mitzuteilen.</P><P>(4) Soweit in Dienststellen Entscheidungen für nachgeordnete Dienststellen getroffen werden, hat jede beteiligte Dienststelle die für sie zuständige Gleichstellungsbeauftragte nach Maßgabe der §§ 25, 27 und 30 sowie nach den Absätzen 1 und 2 an dem bei ihr anhängigen Teilverfahren zu beteiligen. Das in Textform verfasste Votum der Gleichstellungsbeauftragten der nachgeordneten Dienststelle ist zusammen mit den weiteren entscheidungsrelevanten Unterlagen der nächsthöheren Dienststelle und von dieser der bei ihr bestellten Gleichstellungsbeauftragten vorzulegen. Bei personellen Angelegenheiten gelten die Sätze 1 bis 3 für den Fall, dass personalbearbeitende Dienststelle und Beschäftigungsdienststelle nicht identisch sind, entsprechend. Satz 1 gilt auch, wenn Vorgänge, die Aufgaben der Gleichstellungsbeauftragten nach Absatz 1 betreffen, mit Wirkung für eine andere Dienststelle bearbeitet werden, die nicht nachgeordnete Dienststelle nach § 25 Absatz 4 ist.</P></Content></text><fussnoten><Content><P>(+++ § 32 Abs. 4: Zur Anwendung vgl. § 37 Nr. 8 +++)</P></Content></fussnoten></textdaten></norm>
<norm builddate="20250305223026" doknr="BJNR064300015BJNE003401116"><metadaten><jurabk>BGleiG 2015</jurabk><jurabk>BGleiG</jurabk><enbez>§ 33</enbez><titel format="XML">Einspruchsrecht und Einspruchsverfahren</titel></metadaten><textdaten><text format="XML"><Content><P>(1) Die Gleichstellungsbeauftragte hat ein Einspruchsrecht gegenüber der Dienststellenleitung, wenn sie geltend macht, die Dienststelle habe <DL Font="normal" Type="arabic"><DT>1.</DT><DD Font="normal"><LA Size="normal">entgegen § 12 Absatz 1 einen Gleichstellungsplan nicht erstellt oder die Frist nach § 12 Absatz 2 erheblich verletzt,</LA></DD><DT>2.</DT><DD Font="normal"><LA Size="normal">einen Gleichstellungsplan erstellt, der nicht den Vorgaben des § 13 entspricht,</LA></DD><DT>3.</DT><DD Font="normal"><LA Size="normal">entgegen § 27 Absatz 1 Nummer 5 die Gleichstellungsbeauftragte bei der Erstellung des Gleichstellungsplans nicht beteiligt,</LA></DD><DT>4.</DT><DD Font="normal"><LA Size="normal">entgegen § 14 den Gleichstellungsplan nicht bekannt gegeben,</LA></DD><DT>5.</DT><DD Font="normal"><LA Size="normal">Rechte der Gleichstellungsbeauftragten verletzt oder</LA></DD><DT>6.</DT><DD Font="normal"><LA Size="normal">gegen weitere Vorschriften dieses Gesetzes oder gegen andere Vorschriften über die Gleichstellung von Frauen und Männern verstoßen.</LA></DD></DL></P><P>(2) Der Einspruch ist innerhalb einer Woche ab Zugang der Begründung gemäß § 32 Absatz 3 Satz 3 in Textform bei der Dienststellenleitung einzulegen. Er hat aufschiebende Wirkung. § 80 Absatz 2 Satz 1 Nummer 4 und Absatz 3 der Verwaltungsgerichtsordnung gilt entsprechend. Im Falle der sofortigen Vollziehung unterrichtet die Dienststellenleitung die Gleichstellungsbeauftragte unverzüglich.</P><P>(3) Die Dienststellenleitung soll über den Einspruch innerhalb eines Monats nach Zugang des Einspruchs entscheiden. Hält sie den Einspruch für begründet, sind die betreffenden Maßnahmen und ihre Folgen zu berichtigen sowie die Ergebnisse des Einspruchs bei weiteren vergleichbaren Fällen zu berücksichtigen.</P><P>(4) Hält die Dienststellenleitung den Einspruch für unbegründet, legt sie diesen der nächsthöheren Dienststellenleitung unverzüglich vor. Bei selbständigen bundesunmittelbaren Körperschaften, Anstalten und Stiftungen ohne mehrstufigen Verwaltungsaufbau wird der Einspruch entsprechend deren Vorstand oder Geschäftsführung vorgelegt. Die Entscheidung der nächsthöheren Dienststellenleitung, des Vorstandes oder der Geschäftsführung erfolgt entsprechend Absatz 3.</P><P>(5) Die Entscheidung über den Einspruch ist in Textform zu begründen und der Gleichstellungsbeauftragten unverzüglich zu übermitteln.</P></Content></text><fussnoten/></textdaten></norm>
<norm builddate="20250305223026" doknr="BJNR064300015BJNE003501116"><metadaten><jurabk>BGleiG 2015</jurabk><jurabk>BGleiG</jurabk><enbez>§ 34</enbez><titel format="XML">Gerichtliches Verfahren</titel></metadaten><textdaten><text format="XML"><Content><P>(1) Bleibt der Einspruch nach § 33 erfolglos, so kann die Gleichstellungsbeauftragte oder die Dienststelle einen außergerichtlichen Einigungsversuch unternehmen. Haben die Gleichstellungsbeauftragte und die Dienststelle in Textform den Verzicht auf einen außergerichtlichen Einigungsversuch erklärt oder hat die Gleichstellungsbeauftragte oder die Dienststelle das Scheitern des außergerichtlichen Einigungsversuchs in Textform festgestellt, so kann die Gleichstellungsbeauftragte innerhalb eines Monats das Verwaltungsgericht anrufen. Die Anrufung hat keine aufschiebende Wirkung.</P><P>(2) Die Anrufung des Gerichts kann nur darauf gestützt werden, dass die Dienststelle <DL Font="normal" Type="arabic"><DT>1.</DT><DD Font="normal"><LA Size="normal">Rechte der Gleichstellungsbeauftragten verletzt hat oder</LA></DD><DT>2.</DT><DD Font="normal"><LA Size="normal">einen Gleichstellungsplan erstellt hat, der nicht den Vorgaben der §§ 12 bis 14 entspricht.</LA></DD></DL></P><P>(3) Abweichend von Absatz 1 Satz 3 ist die Anrufung des Gerichts auch zulässig, wenn über den Einspruch ohne zureichenden Grund in angemessener Frist sachlich nicht entschieden worden ist. § 75 Satz 2 bis 4 der Verwaltungsgerichtsordnung gilt entsprechend.</P><P>(4) Die Dienststelle trägt die Kosten, die der Gleichstellungsbeauftragten auf Grund von Rechtsbehelfen nach den Absätzen 1 oder 2 entstehen.</P></Content></text><fussnoten/></textdaten></norm>
<norm builddate="20250305223026" doknr="BJNR064300015BJNE003600000"><metadaten><jurabk>BGleiG 2015</jurabk><jurabk>BGleiG</jurabk><enbez>§ 35</enbez><titel format="XML">Fragerecht</titel></metadaten><textdaten><text format="XML"><Content><P>(1) Zur Klärung von Fragen grundsätzlicher Bedeutung, insbesondere zur Auslegung dieses Gesetzes, können sich die Gleichstellungsbeauftragte und die Stellvertreterinnen unmittelbar an das Bundesministerium für Familie, Senioren, Frauen und Jugend wenden. Personenbezogene Daten von Beschäftigten dürfen dem Bundesministerium für Familie, Senioren, Frauen und Jugend nur mit Einwilligung der betroffenen Beschäftigten übermittelt werden.</P><P>(2) Anfragen nach Absatz 1 sollen innerhalb eines Monats beantwortet werden. Das Bundesministerium für Familie, Senioren, Frauen und Jugend leitet seine Antwort der jeweils zuständigen obersten Bundesbehörde nachrichtlich zu.</P></Content></text></textdaten></norm>
<norm builddate="20250305223026" doknr="BJNR064300015BJNE003700000"><metadaten><jurabk>BGleiG 2015</jurabk><jurabk>BGleiG</jurabk><enbez>§ 36</enbez><titel format="XML">Interministerieller Arbeitskreis der Gleichstellungsbeauftragten</titel></metadaten><textdaten><text format="XML"><Content><P>Die Gleichstellungsbeauftragten der obersten Bundesbehörden bilden zusammen den Interministeriellen Arbeitskreis der Gleichstellungsbeauftragten der obersten Bundesbehörden. Der Arbeitskreis informiert die Gleichstellungsbeauftragten aus den Geschäftsbereichen regelmäßig über seine Tätigkeit. Die Möglichkeit, im Geltungsbereich dieses Gesetzes weitere Arbeitskreise zur Koordinierung der Arbeit von Gleichstellungsbeauftragten einzurichten, bleibt von den Sätzen 1 und 2 unberührt.</P></Content></text></textdaten></norm>
<norm builddate="20250305223026" doknr="BJNR064300015BJNG000600000"><metadaten><jurabk>BGleiG 2015</jurabk><jurabk>BGleiG</jurabk><gliederungseinheit><gliederungskennzahl>060</gliederungskennzahl><gliederungsbez>Abschnitt 6</gliederungsbez><gliederungstitel>Sonderregelungen, Statistik, Bericht und Übergangsbestimmungen</gliederungstitel></gliederungseinheit></metadaten><textdaten/></norm>
<norm builddate="20250305223026" doknr="BJNR064300015BJNE003802360"><metadaten><jurabk>BGleiG 2015</jurabk><jurabk>BGleiG</jurabk><enbez>§ 37</enbez><titel format="XML">Sonderregelungen für den Bundesnachrichtendienst</titel></metadaten><textdaten><text format="XML"><Content><P>Für den Bundesnachrichtendienst gilt dieses Gesetz mit folgenden Abweichungen: <DL Font="normal" Type="arabic"><DT>1.</DT><DD Font="normal"><LA Size="normal">der Bundesnachrichtendienst gilt als einheitliche Dienststelle, in der keine Vertrauensfrauen bestellt werden,</LA></DD><DT>2.</DT><DD Font="normal"><LA Size="normal">§ 6 Absatz 2 Satz 2 ist nicht anzuwenden,</LA></DD><DT>3.</DT><DD Font="normal"><LA Size="normal">§ 14 gilt nicht; die Beschäftigten des Bundesnachrichtendienstes sind berechtigt, den Gleichstellungsplan bei den von der Personalverwaltung bezeichneten Stellen einzusehen,</LA></DD><DT>4.</DT><DD Font="normal"><LA Size="normal">beim Bundesnachrichtendienst beschäftigte Soldatinnen sind gemäß § 19 Absatz 4 Satz 2 wahlberechtigt und wählbar,</LA></DD><DT>5.</DT><DD Font="normal"><LA Size="normal">beim Bundesnachrichtendienst tätiges militärisches Personal gilt hinsichtlich der Zuständigkeit der dort bestellten Gleichstellungsbeauftragten als beim Bundesnachrichtendienst beschäftigt, soweit dessen Leitung oder das Bundeskanzleramt für die Entscheidung in personellen, sozialen oder organisatorischen Angelegenheiten dieses Personenkreises zuständig ist,</LA></DD><DT>6.</DT><DD Font="normal"><LA Size="normal">beim Informations- und Erfahrungsaustausch der Gleichstellungsbeauftragten gemäß § 25 Absatz 5 sind die für den Bundesnachrichtendienst geltenden Sicherheitsbestimmungen zu beachten,</LA></DD><DT>7.</DT><DD Font="normal"><LA Size="normal">ein Votum der Gleichstellungsbeauftragten des Bundesnachrichtendienstes, das diese gemäß den §§ 25, 27 und 32 abgegeben hat, ist dem Bundeskanzleramt vorzulegen, soweit im Bundeskanzleramt Entscheidungen für den Bundesnachrichtendienst getroffen werden und die Gleichstellungsbeauftragte des Bundeskanzleramtes insoweit nicht zu beteiligen ist,</LA></DD><DT>8.</DT><DD Font="normal"><LA Size="normal">§ 32 Absatz 4 und § 38 Absatz 1 Satz 5 sind nicht anzuwenden,</LA></DD><DT>9.</DT><DD Font="normal"><LA Size="normal">die Gleichstellungsbeauftragte bedarf des Einvernehmens der Dienststelle, soweit im Falle des § 35 eine Angelegenheit behandelt werden soll, die als Verschlusssache eingestuft ist,</LA></DD><DT>10.</DT><DD Font="normal"><LA Size="normal">bei Vorliegen besonderer Sicherheitsvorfälle oder einer besonderen Einsatzsituation, von der der Bundesnachrichtendienst ganz oder teilweise betroffen ist, ruhen die Rechte und Pflichten der Gleichstellungsbeauftragten; Beginn und Ende des Ruhens werden jeweils von der Leitung des Bundesnachrichtendienstes im Einvernehmen mit der Chefin oder dem Chef des Bundeskanzleramtes festgestellt.</LA></DD></DL></P></Content></text><fussnoten/></textdaten></norm>
<norm builddate="20250305223026" doknr="BJNR064300015BJNE003901116"><metadaten><jurabk>BGleiG 2015</jurabk><jurabk>BGleiG</jurabk><enbez>§ 38</enbez><titel format="XML">Statistik, Verordnungsermächtigung</titel></metadaten><textdaten><text format="XML"><Content><P>(1) Jede Dienststelle erfasst alle zwei Jahre die Zahl aller in der Dienststelle beschäftigten Frauen und Männer sowie die Zahl der Frauen und Männer nach den folgenden weiteren Kriterien: <DL Font="normal" Type="arabic"><DT>1.</DT><DD Font="normal"><LA Size="normal">einzelne Bereiche, dabei Ebenen mit Führungspositionen ab Ebene der Referatsleitung,</LA></DD><DT>2.</DT><DD Font="normal"><LA Size="normal">Voll- und Teilzeitbeschäftigung,</LA></DD><DT>3.</DT><DD Font="normal"><LA Size="normal">Inanspruchnahme einer Beurlaubung auf Grund von Familien- oder Pflegeaufgaben,</LA></DD><DT>4.</DT><DD Font="normal"><LA Size="normal">Bewerbung, Einstellung sowie beruflicher Aufstieg,</LA></DD><DT>5.</DT><DD Font="normal"><LA Size="normal">beruflicher Aufstieg von <DL Font="normal" Type="alpha"><DT>a)</DT><DD Font="normal"><LA Size="normal">Beschäftigten, die eine Beurlaubung auf Grund von Familien- oder Pflegeaufgaben in Anspruch genommen haben, und</LA></DD><DT>b)</DT><DD Font="normal"><LA Size="normal">Beschäftigten, die eine solche Beurlaubung nicht in Anspruch genommen haben,</LA></DD></DL></LA></DD><DT>6.</DT><DD Font="normal"><LA Size="normal">die Zahl von Beschäftigten in Führungspositionen ab Ebene der Referatsleitung in Voll- und Teilzeitbeschäftigung sowie</LA></DD><DT>7.</DT><DD Font="normal"><LA Size="normal">Beurteilungsergebnisse von Regelbeurteilungen im höheren Dienst in den in § 3 Nummer 5 Buchstabe a und b genannten Dienststellen.</LA></DD></DL>Die Daten nach Satz 1 Nummer 1 bis 3 und 6 sind zum 30. Juni des Berichtsjahres zu erfassen. Die Daten nach Satz 1 Nummer 4, 5 und 7 sind für den Zeitraum vom 1. Juli des vorletzten Jahres bis zum 30. Juni des Berichtsjahres zu erfassen. Die Sätze 1 bis 3 finden unter Beachtung der datenschutzrechtlichen Vorgaben auf Beschäftigte mit dem Geschlechtseintrag „divers“ oder „keine Angabe“ entsprechende Anwendung, soweit Informationen dazu vorliegen. Die Daten der nachgeordneten Bundesbehörden sowie des mittelbaren Bundesdienstes sind bis zum 30. September der obersten Bundesbehörde oder der obersten Aufsichtsbehörde zu melden. Die obersten Bundesbehörden melden dem Statistischen Bundesamt bis zum 31. Dezember ihre eigenen Daten, die zusammengefassten Daten des jeweiligen Geschäftsbereichs sowie die zusammengefassten Daten der ihrer Rechtsaufsicht unterstehenden mittelbaren Bundesverwaltung. Bei der Zusammenfassung sind die Gruppen Körperschaften, Anstalten und Stiftungen, bei Körperschaften der Sozialversicherung die Zweige der Sozialversicherung voneinander zu trennen.</P><P>(2) Jede oberste Bundesbehörde erfasst jährlich die Zahl aller in der obersten Bundesbehörde beschäftigten Frauen und Männer sowie die Zahl der Frauen und Männer nach folgenden weiteren Kriterien: <DL Font="normal" Type="arabic"><DT>1.</DT><DD Font="normal"><LA Size="normal">Laufbahngruppe des höheren Dienstes,</LA></DD><DT>2.</DT><DD Font="normal"><LA Size="normal">einzelne Ebenen mit Führungspositionen ab Ebene der Referatsleitung einschließlich der politischen Leitungsämter,</LA></DD><DT>3.</DT><DD Font="normal"><LA Size="normal">Voll- und Teilzeitbeschäftigung, auch für Beschäftigte in Führungspositionen ab Ebene der Referatsleitung,</LA></DD><DT>4.</DT><DD Font="normal"><LA Size="normal">Inanspruchnahme einer Beurlaubung auf Grund von Familien- oder Pflegeaufgaben,</LA></DD><DT>5.</DT><DD Font="normal"><LA Size="normal">beruflicher Aufstieg.</LA></DD></DL>Soweit hierüber Informationen vorliegen, wird unter Beachtung der datenschutzrechtlichen Vorgaben auch die jeweilige Zahl der Beschäftigten mit dem Geschlechtseintrag „divers“ oder „keine Angabe“ erfasst. Die Daten nach Satz 1 Nummer 1 bis 4 sind zum 30. Juni des Berichtsjahres zu erfassen, die Daten nach Satz 1 Nummer 5 für den Zeitraum vom 1. Juli des Vorjahres bis zum 30. Juni des Berichtsjahres. Die Meldung an das Statistische Bundesamt hat bis zum 30. September zu erfolgen.</P><P>(3) Das Statistische Bundesamt erstellt im Auftrag des Bundesministeriums für Familie, Senioren, Frauen und Jugend <DL Font="normal" Type="arabic"><DT>1.</DT><DD Font="normal"><LA Size="normal">alle zwei Jahre eine Gleichstellungsstatistik zu den nach Absatz 1 erhobenen Daten der Dienststellen und leitet die Gleichstellungsstatistik den obersten Bundesbehörden zu und</LA></DD><DT>2.</DT><DD Font="normal"><LA Size="normal">jährlich einen Gleichstellungsindex aus den nach Absatz 2 erhobenen Daten der obersten Bundesbehörden und veröffentlicht den Gleichstellungsindex jeweils bis zum 31. Dezember.</LA></DD></DL></P><P>(4) Die Bundesregierung regelt durch Rechtsverordnung ohne Zustimmung des Bundesrates die einzelnen Vorgaben für die Erfassung und Mitteilung der statistischen Daten. Die Rechtsverordnung nach Satz 1 beschränkt den Kreis der mitteilungspflichtigen Dienststellen auf das Notwendige. In der Rechtsverordnung können auch Bestimmungen zu Inhalt, Ausarbeitung und zur jährlichen Aktualisierung der Anlagen zur Rechtsverordnung getroffen werden.</P></Content></text><fussnoten><Content><P>(+++ § 38 Abs. 1 Satz 4: Zur Anwendung vgl. § 37 Nr. 8 +++)</P></Content></fussnoten></textdaten></norm>
<norm builddate="20250305223026" doknr="BJNR064300015BJNE004001116"><metadaten><jurabk>BGleiG 2015</jurabk><jurabk>BGleiG</jurabk><enbez>§ 39</enbez><titel format="XML">Bericht</titel></metadaten><textdaten><text format="XML"><Content><P>(1) Die Bundesregierung legt dem Deutschen Bundestag alle vier Jahre einen Bericht vor. Der Bericht legt dar, <DL Font="normal" Type="arabic"><DT>1.</DT><DD Font="normal"><LA Size="normal">wie sich in den letzten vier Jahren die Situation für Personen der einzelnen Geschlechter in den Dienststellen entwickelt hat,</LA></DD><DT>2.</DT><DD Font="normal"><LA Size="normal">inwieweit die Ziele dieses Gesetzes erreicht sind und</LA></DD><DT>3.</DT><DD Font="normal"><LA Size="normal">wie dieses Gesetz angewendet worden ist.</LA></DD></DL>Zudem weist er vorbildhafte Gleichstellungsmaßnahmen einzelner Dienststellen aus.</P><P>(2) Grundlage des Gleichstellungsberichts sind die nach § 38 Absatz 1 und 2 erfassten Daten. Die obersten Bundesbehörden haben durch die Bereitstellung der erforderlichen Angaben bei der Erstellung des Gleichstellungsberichts mitzuwirken.</P><P>(3) An der Erstellung des Gleichstellungsberichts ist der Interministerielle Arbeitskreis der Gleichstellungsbeauftragten der obersten Bundesbehörden zu beteiligen.</P><P>(4) Der Gleichstellungsbericht darf keine personenbezogenen Daten enthalten.</P></Content></text><fussnoten/></textdaten></norm>
<norm builddate="20250305223026" doknr="BJNR064300015BJNE004101116"><metadaten><jurabk>BGleiG 2015</jurabk><jurabk>BGleiG</jurabk><enbez>§ 40</enbez><titel format="XML">Übergangsbestimmung</titel></metadaten><textdaten><text format="XML"><Content><P>Gleichstellungspläne, die am 12. August 2021 bestehen, gelten auch nach dem Inkrafttreten des Gesetzes zur Ergänzung und Änderung der Regelungen für die gleichberechtigte Teilhabe von Frauen an Führungspositionen in der Privatwirtschaft und im öffentlichen Dienst weiter.</P></Content></text><fussnoten/></textdaten></norm>
</dokumente>