<?xml version="1.0" encoding="UTF-8" ?><!DOCTYPE dokumente SYSTEM "http://www.gesetze-im-internet.de/dtd/1.01/gii-norm.dtd">
<dokumente builddate="20231207213506" doknr="BJNR115600018"><norm builddate="20231207213506" doknr="BJNR115600018"><metadaten><jurabk>Lkw-MautV 2018</jurabk><amtabk>Lkw-MautV</amtabk><ausfertigung-datum manuell="ja">2018-06-25</ausfertigung-datum><fundstelle typ="amtlich"><periodikum>BGBl I</periodikum><zitstelle>2018, 1156</zitstelle></fundstelle><kurzue>Lkw-Maut-Verordnung</kurzue><langue>Verordnung zur Erhebung, zur Nachweisführung über die für die Maut maßgeblichen Tatsachen und zur Erstattung der Maut</langue><standangabe checked="ja"><standtyp>Stand</standtyp><standkommentar>Zuletzt geändert durch Art. 1 V v. 1.12.2023 I Nr. 341</standkommentar></standangabe><standangabe checked="ja"><standtyp>Sonst</standtyp><standkommentar>Ersetzt V 9290-13-2 v. 24.6.2003 I 1003 (LKW-MautV)</standkommentar></standangabe></metadaten><textdaten><fussnoten><Content><P><BR/> <pre xml:space="preserve">(+++ Textnachweis ab: 18.7.2018 +++)<BR/>(+++ Zur Anwendung vgl. § 8 Abs. 3 +++)<BR/> <BR/>Überschrift: IdF d. Art. 1 Nr. 1 V v. 1.12.2023 I Nr. 341 mWv 7.12.2023<BR/><BR/></pre></P></Content></fussnoten></textdaten></norm>
<norm builddate="20231207213506" doknr="BJNR115600018BJNE000100000"><metadaten><jurabk>Lkw-MautV 2018</jurabk><jurabk>Lkw-MautV</jurabk><enbez>Eingangsformel</enbez></metadaten><textdaten><text format="XML"><Content><P>Auf Grund des § 4 Absatz 4 Satz 3, Absatz 5 Satz 2 und des § 5 Satz 2 und 3 des Bundesfernstraßenmautgesetzes, von denen § 4 Absatz 4 Satz 3 und Absatz 5 Satz 2 durch Artikel 2 Nummer 2 Buchstabe c und § 5 Satz 2 durch Artikel 2 Nummer 1 des Gesetzes vom 5. Dezember 2014 (BGBl. I S. 1980) geändert worden sind und § 5 Satz 3 durch Artikel 1 Nummer 5 des Gesetzes vom 23. Juli 2013 (BGBl. I S. 2550) eingefügt worden ist, verordnet das Bundesministerium für Verkehr und digitale Infrastruktur:</P></Content></text></textdaten></norm>
<norm builddate="20231207213506" doknr="BJNR115600018BJNE000201123"><metadaten><jurabk>Lkw-MautV 2018</jurabk><jurabk>Lkw-MautV</jurabk><enbez>§ 1</enbez><titel format="XML">Anwendungsbereich</titel></metadaten><textdaten><text format="XML"><Content><P>Diese Verordnung regelt <DL Type="arabic"><DT>1.</DT><DD Font="normal"><LA>die für die Mauterhebung maßgeblichen Tatsachen,</LA></DD><DT>2.</DT><DD Font="normal"><LA>die Einzelheiten der Mautentrichtung und der Nutzung der technischen Einrichtungen zur Mauterhebung,</LA></DD><DT>3.</DT><DD Font="normal"><LA>das Führen der Nachweise über die für die Maut maßgeblichen Tatsachen und</LA></DD><DT>4.</DT><DD Font="normal"><LA>das Verfahren zur Erstattung der Maut.</LA></DD></DL></P></Content></text><fussnoten/></textdaten></norm>
<norm builddate="20231207213506" doknr="BJNR115600018BJNE000303123"><metadaten><jurabk>Lkw-MautV 2018</jurabk><jurabk>Lkw-MautV</jurabk><enbez>§ 2</enbez><titel format="XML">Maßgebliche Tatsachen für die Mauterhebung</titel></metadaten><textdaten><text format="XML"><Content><P>Die für die Mauterhebung maßgeblichen Tatsachen sind: <DL Font="normal" Type="arabic"><DT>1.</DT><DD Font="normal"><LA Size="normal">das amtliche Kennzeichen des mautpflichtigen Fahrzeuges im Sinne des § 1 Absatz 1 des Bundesfernstraßenmautgesetzes einschließlich des Nationalitätskennzeichens,</LA></DD><DT>2.</DT><DD Font="normal"><LA Size="normal">die Strecke einschließlich Zwischenstationen, auf der eine mautpflichtige Straßenbenutzung erfolgen soll,</LA></DD><DT>3.</DT><DD Font="normal"><LA Size="normal">Datum und Uhrzeit des geplanten Fahrtbeginns der mautpflichtigen Straßenbenutzung,</LA></DD><DT>4.</DT><DD Font="normal"><LA Size="normal">die Gewichtsklasse und die Anzahl der Achsen des Fahrzeuges oder der Fahrzeugkombination,</LA></DD><DT>5.</DT><DD Font="normal"><LA>die Schadstoffklasse im Sinne der Anlage 1 Nummer 2 Buchstabe b des Bundesfernstraßenmautgesetzes,</LA></DD><DT>6.</DT><DD Font="normal"><LA>die Kohlenstoffdioxid-Emissionsklasse des Fahrzeugs nach Artikel 7ga Absatz 2 Satz 2 in Verbindung mit Artikel 2 Absatz 1 Nummer 28, 30, 34 bis 38 der Richtlinie 1999/62/EG des Europäischen Parlamentes und des Rates vom 17. Juni 1999 über die Erhebung von Gebühren für die Benutzung bestimmter Verkehrswege durch schwere Nutzfahrzeuge (ABl. L 187 vom 20.7.1999, S. 42), die zuletzt durch die Richtlinie (EU) 2022/362 (ABl. L 69 vom 4.3.2022, S. 1) geändert worden ist,</LA></DD><DT>7.</DT><DD Font="normal"><LA Size="normal">die Positionsdaten des zum Zweck der Mauterhebung im Fahrzeug befindlichen Fahrzeuggerätes.</LA></DD></DL></P></Content></text><fussnoten/></textdaten></norm>
<norm builddate="20231207213506" doknr="BJNR115600018BJNE000400000"><metadaten><jurabk>Lkw-MautV 2018</jurabk><jurabk>Lkw-MautV</jurabk><enbez>§ 3</enbez><titel format="XML">Mauterhebungssysteme</titel></metadaten><textdaten><text format="XML"><Content><P>(1) Der Mautschuldner kann die Maut wahlweise über ein manuelles Mauterhebungssystem oder ein automatisches Mauterhebungssystem entrichten.</P><P>(2) Alle Mautentrichtungen nach Absatz 1 erfolgen nach den Angaben des Mautschuldners (Prinzip der Selbstdeklaration). Der Mautschuldner ist für die Richtigkeit und Überprüfung der von ihm gemachten Angaben verantwortlich.</P></Content></text></textdaten></norm>
<norm builddate="20231207213506" doknr="BJNR115600018BJNE000501123"><metadaten><jurabk>Lkw-MautV 2018</jurabk><jurabk>Lkw-MautV</jurabk><enbez>§ 4</enbez><titel format="XML">Manuelles Mauterhebungssystem</titel></metadaten><textdaten><text format="XML"><Content><P>(1) Die manuelle Einbuchung kann über die Internetseite oder eine für mobile Endgeräte bereitgestellte Software (mobile Applikation) erfolgen, die jeweils von dem in § 4 Absatz 3 Satz 1 des Bundesfernstraßenmautgesetzes bezeichneten Betreiber bereitgestellt werden. Für die manuelle Einbuchung ist eine Anmeldung beim Betreiber nicht erforderlich, wahlweise aber möglich.</P><P>(2) Nutzt der Mautschuldner zur Mautentrichtung die Internetseite oder die mobile Applikation, so hat er die für die Nutzung erforderlichen technischen Voraussetzungen selbst zu schaffen. Die eventuell anfallenden Kosten seiner Online-Verbindung trägt der Mautschuldner. Wenn eine Anmeldung beim Betreiber erfolgt, hat der Mautschuldner die für die Mauterhebung maßgeblichen Tatsachen nach § 2 Nummer 1, 4, 5 und 6 wahrheitsgemäß und vollständig anzugeben.</P><P>(3) Der Mautschuldner hat die für die Mauterhebung maßgeblichen Tatsachen nach § 2 Nummer 1 bis 6 wahrheitsgemäß und vollständig einzugeben (Einbuchung).</P><P>(4) Bei der Einbuchung wird dem Mautschuldner eine Einbuchungsnummer sowie der für die Durchführung der Fahrt zulässige Zeitraum (Gültigkeitszeitraum) mitgeteilt.</P></Content></text><fussnoten/></textdaten></norm>
<norm builddate="20231207213506" doknr="BJNR115600018BJNE000603123"><metadaten><jurabk>Lkw-MautV 2018</jurabk><jurabk>Lkw-MautV</jurabk><enbez>§ 5</enbez><titel format="XML">Automatisches Mauterhebungssystem</titel></metadaten><textdaten><text format="XML"><Content><P>(1) Die Teilnahme an dem automatischen Mauterhebungssystem erfordert die Anmeldung des Mautschuldners beim Betreiber oder einem Anbieter nach den §§ 4e und 4f des Bundesfernstraßenmautgesetzes (Anbieter) und den fachgerechten Einbau oder die ordnungsgemäße Anbringung eines Fahrzeuggerätes in dem mautpflichtigen Fahrzeug vor der mautpflichtigen Straßenbenutzung. Das Fahrzeuggerät ist eine elektronische Einrichtung, mit der die Positionsdaten des Fahrzeuges festgestellt und durch den Betreiber oder einen Anbieter nach den §§ 4e und 4f des Bundesfernstraßenmautgesetzes verarbeitet werden. Der Mautschuldner hat bei der Anmeldung die für die Mauterhebung maßgeblichen Tatsachen nach § 2 Nummer 1, 4, 5 und 6 wahrheitsgemäß und vollständig anzugeben. Diese Daten sind im Fahrzeuggerät oder in der mobilen Applikation des Mobilgerätes, das mit dem Fahrzeuggerät verbunden ist, zu speichern. Einem Fahrzeuggerät im Sinne des Satzes 2 steht ein Fahrzeuggerät im Sinne des § 16 Absatz 2 des Mautsystemgesetzes gleich.</P><P>(2) Änderungen der in § 2 Nummer 1, 4, 5 und 6 genannten Tatsachen hat der Mautschuldner dem Betreiber oder seinem Anbieter nach den §§ 4e und 4f des Bundesfernstraßenmautgesetzes innerhalb eines Monats ab dem Zeitpunkt der Änderung mitzuteilen.</P><P>(3) Der Mautschuldner hat das Fahrzeuggerät oder die mobile Applikation des Mobilgerätes, das mit dem Fahrzeuggerät verbunden ist, ordnungsgemäß zu bedienen. Insbesondere hat er vor jeder mautpflichtigen Straßenbenutzung zu überprüfen, ob <DL Type="arabic"><DT>1.</DT><DD Font="normal"><LA>die im Fahrzeuggerät oder in der mobilen Applikation des Mobilgerätes gespeicherte Gewichtsklasse die technisch zulässige Gesamtmasse des Fahrzeuges oder der Fahrzeugkombination im Sinne des § 1 Absatz 6 des Bundesfernstraßenmautgesetzes umfasst und</LA></DD><DT>2.</DT><DD Font="normal"><LA>die im Fahrzeuggerät oder in der mobilen Applikation des Mobilgerätes gespeicherte Anzahl der Achsen mit der Anzahl der Achsen des Fahrzeuges oder der Fahrzeugkombination übereinstimmt,</LA></DD></DL>mit dem oder der die mautpflichtige Straßenbenutzung durchgeführt werden soll. Im Falle einer Abweichung hat der Mautschuldner die gespeicherten Angaben zur Gewichtsklasse und der Anzahl der Achsen zu korrigieren. Der Mautschuldner hat dafür Sorge zu tragen, dass die Merkmale der Fahrzeugklassifizierung im Fahrzeuggerät oder in der mobilen Applikation des Mobilgerätes übereinstimmt.</P><P>(4) Der Mautschuldner muss vor Beginn jeder mautpflichtigen Straßenbenutzung überprüfen, ob das Fahrzeuggerät betriebsbereit ist. Stellt er fest, dass dies nicht der Fall ist, hat er vor Beginn der mautpflichtigen Straßenbenutzung für dessen betriebsbereiten Zustand Sorge zu tragen. Kann die Betriebsbereitschaft des Fahrzeuggerätes vor Beginn der mautpflichtigen Straßenbenutzung nicht wiederhergestellt werden, so hat der Mautschuldner das manuelle Mauterhebungssystem zu benutzen.</P><P>(5) Zeigt das Fahrzeuggerät während der Benutzung des mautpflichtigen Straßennetzes an, dass es nicht mehr betriebsbereit ist, muss der Mautschuldner unverzüglich das mautpflichtige Straßennetz verlassen, es sei denn, er kann vorher <DL Font="normal" Type="arabic"><DT>1.</DT><DD Font="normal"><LA Size="normal">den betriebsbereiten Zustand des Fahrzeuggerätes wiederherstellen oder</LA></DD><DT>2.</DT><DD Font="normal"><LA Size="normal">die Maut ohne Verlassen des mautpflichtigen Straßennetzes über das manuelle Mauterhebungssystem entrichten.</LA></DD></DL></P></Content></text><fussnoten/></textdaten></norm>
<norm builddate="20231207213506" doknr="BJNR115600018BJNE000702123"><metadaten><jurabk>Lkw-MautV 2018</jurabk><jurabk>Lkw-MautV</jurabk><enbez>§ 6</enbez><titel format="XML">Nachweis der Richtigkeit der mautrelevanten Tatsachen</titel></metadaten><textdaten><text format="XML"><Content><P>(1) Der Mautschuldner ist verpflichtet, auf Verlangen des Betreibers, eines Anbieters nach den §§ 4e und 4f des Bundesfernstraßenmautgesetzes oder des Bundesamtes für Logistik und Mobilität die Richtigkeit der für die Mauterhebung maßgeblichen Tatsachen nach § 2 Nummer 1, 4, 5 und 6 sowie die ordnungsgemäße Entrichtung der Maut gegenüber dem Bundesamt für Logistik und Mobilität durch Vorlage geeigneter Unterlagen nachzuweisen. Geeignete Unterlagen sind insbesondere die Einbuchungsnummer nach § 4 Absatz 4 oder der Fahrzeugschein oder die Zulassungsbescheinigung Teil I oder fahrzeugbezogene Nachweise im Sinne des § 7 Absatz 5 des Bundesfernstraßenmautgesetzes.</P><P>(2) Ist zwischen dem Mautschuldner und dem Betreiber oder einem Anbieter nach den §§ 4e und 4f des Bundesfernstraßenmautgesetzes streitig, ob der Nachweis der Richtigkeit der für die Mauterhebung maßgeblichen Tatsachen nach § 2 Nummer 4, 5 und 6 erbracht worden ist, hat das Bundesamt für Logistik und Mobilität diese auf Antrag für das betroffene Fahrzeug festzustellen.</P></Content></text><fussnoten/></textdaten></norm>
<norm builddate="20231207213506" doknr="BJNR115600018BJNE000803123"><metadaten><jurabk>Lkw-MautV 2018</jurabk><jurabk>Lkw-MautV</jurabk><enbez>§ 7</enbez><titel format="XML">Nachweis der Schadstoffklasse</titel></metadaten><textdaten><text format="XML"><Content><P>(1) Der Nachweis der Schadstoffklasse kann insbesondere erbracht werden durch Vorlage <DL Type="arabic"><DT>1.</DT><DD Font="normal"><LA>des Fahrzeugscheins oder der Zulassungsbescheinigung Teil I oder</LA></DD><DT>2.</DT><DD Font="normal"><LA>des aktuellen Kraftfahrzeugsteuerbescheides in deutscher Sprache oder</LA></DD><DT>3.</DT><DD Font="normal"><LA>eines gültigen Nachweises im Sinne des § 7 Absatz 5 Satz 3 des Bundesfernstraßenmautgesetzes über die Erfüllung bestimmter Umweltanforderungen für das Kraftfahrzeug.</LA></DD></DL></P><P>(2) Bei einem mautpflichtigen Fahrzeug, das im Ausland zugelassen ist und für das keine der in Absatz 1 genannten Bescheinigungen oder widersprüchliche Unterlagen vorgelegt werden, wird vermutet, dass das Fahrzeug der folgenden Schadstoffklasse angehört: <DL Type="arabic"><DT>1.</DT><DD Font="normal"><LA>der Schadstoffklasse EURO VI bei erstmaliger Zulassung nach dem 31. Dezember 2013,</LA></DD><DT>2.</DT><DD Font="normal"><LA>der Schadstoffklasse EURO V bei erstmaliger Zulassung nach dem 30. September 2009 und vor dem 1. Januar 2014,</LA></DD><DT>3.</DT><DD Font="normal"><LA>der Schadstoffklasse EURO IV bei erstmaliger Zulassung nach dem 30. September 2006 und vor dem 1. Oktober 2009,</LA></DD><DT>4.</DT><DD Font="normal"><LA>der Schadstoffklasse EURO III bei erstmaliger Zulassung nach dem 30. September 2001 und vor dem 1. Oktober 2006,</LA></DD><DT>5.</DT><DD Font="normal"><LA>der Schadstoffklasse EURO II bei erstmaliger Zulassung nach dem 30. September 1996 und vor dem 1. Oktober 2001,</LA></DD><DT>6.</DT><DD Font="normal"><LA>der Schadstoffklasse EURO I bei erstmaliger Zulassung nach dem 30. September 1993 und vor dem 1. Oktober 1996,</LA></DD><DT>7.</DT><DD Font="normal"><LA>keiner Schadstoffklasse bei erstmaliger Zulassung vor dem 1. Oktober 1993.</LA></DD></DL></P><P>(3) Ergeben sich aus den im Verwaltungsverfahren zur nachträglichen Mauterhebung oder zur Mauterstattung oder im Verfahren nach § 6 Absatz 2 vorgelegten Unterlagen Widersprüche hinsichtlich der Schadstoffklasse, so hat das Bundesamt für Logistik und Mobilität oder der nach § 8 Absatz 1 Satz 3 des Bundesfernstraßenmautgesetzes beliehene Betreiber nach pflichtgemäßem Ermessen zu entscheiden, ob die Schadstoffklasse ordnungsgemäß nachgewiesen ist, und hat die für die Einstufung maßgebliche Schadstoffklasse sowie den Zeitraum, für den diese zugrunde zu legen ist, festzusetzen. Dem Mautschuldner steht es frei, den ordnungsgemäßen Nachweis der Schadstoffklasse nachträglich zu erbringen. Wird der Nachweis nicht spätestens bis zum Abschluss des Widerspruchverfahrens erbracht, verbleibt es bei dem Höchstsatz nach § 5 Absatz 1 Satz 4 des Bundesfernstraßenmautgesetzes.</P><P>(4) Das Bundesamt für Logistik und Mobilität kann von einem Mautschuldner verlangen, dass dieser auf seine Kosten nachweist, dass ein mautpflichtiges Fahrzeug tatsächlich der angegebenen Schadstoffklasse entspricht, wenn <DL Type="arabic"><DT>1.</DT><DD Font="normal"><LA>das Fahrzeug bei einer Kontrolle des Bundesamtes für Logistik und Mobilität durch besonders hohe Geräusch- oder überdurchschnittliche Abgasemissionen auffällt oder</LA></DD><DT>2.</DT><DD Font="normal"><LA>Tatsachen auf eine eingeschränkte oder fehlende Funktionsfähigkeit des Abgasreinigungssystems des Fahrzeugs schließen lassen oder</LA></DD><DT>3.</DT><DD Font="normal"><LA>erhebliche Anhaltspunkte bestehen, die der Vermutung des Absatzes 2 entgegenstehen.</LA></DD></DL>Der Nachweis kann durch ein Gutachten eines amtlich anerkannten Sachverständigen erbracht werden. Das Bundesamt für Logistik und Mobilität kann von dem Mautschuldner verlangen, dass dieser die für den Nachweis erforderlichen Unterlagen in deutscher Sprache vorlegt. Die Kosten der Übersetzung hat der Mautschuldner zu tragen.</P></Content></text><fussnoten><Content><P>(+++ § 7 Abs. 4: Zur Anwendung vgl. § 8 Abs. 3 +++)</P></Content></fussnoten></textdaten></norm>
<norm builddate="20231207213506" doknr="BJNR115600018BJNE000902123"><metadaten><jurabk>Lkw-MautV 2018</jurabk><jurabk>Lkw-MautV</jurabk><enbez>§ 8</enbez><titel format="XML">Nachweis der Kohlenstoffdioxid-Emissionsklasse</titel></metadaten><textdaten><text format="XML"><Content><P>(1) Der Nachweis der Kohlenstoffdioxid-Emissionsklasse kann insbesondere erbracht werden durch Vorlage <DL Type="arabic"><DT>1.</DT><DD Font="normal"><LA>der Zulassungsbescheinigung Teil I oder</LA></DD><DT>2.</DT><DD Font="normal"><LA>der EG-Übereinstimmungsbescheinigung oder des nationalen Fahrzeug-Einzelgenehmigungsbogens oder</LA></DD><DT>3.</DT><DD Font="normal"><LA>der Kundeninformationsdatei nach Anhang IV Teil II der Verordnung (EU) 2017/2400 der Kommission vom 12. Dezember 2017 zur Durchführung der Verordnung (EG) Nr. 595/2009 des Europäischen Parlaments und des Rates hinsichtlich der Bestimmung der CO2-Emissionen und des Kraftstoffverbrauchs von schweren Nutzfahrzeugen sowie zur Änderung der Richtlinie 2007/46/EG des Europäischen Parlaments und des Rates sowie der Verordnung (EU) Nr. 582/2011 der Kommission (ABl. L 349 vom 29.12.2017, S. 1), die zuletzt durch die Verordnung (EU) 2022/1379 der Kommission vom 5. Juli 2022 (ABl. L 212 vom 12.8.2022, S. 1) geändert worden ist.</LA></DD></DL></P><P>(2) Fehlen in den im Verwaltungsverfahren zur nachträglichen Mauterhebung oder zur Mauterstattung oder im Verfahren nach § 6 Absatz 2 vorgelegten Unterlagen Angaben zur Ermittlung der Kohlenstoffdioxid-Emissionsklasse oder sind diese unklar oder offensichtlich unzutreffend, so hat das Bundesamt für Logistik und Mobilität oder der nach § 8 Absatz 1 Satz 3 des Bundesfernstraßenmautgesetzes beliehene Betreiber nach pflichtgemäßem Ermessen zu entscheiden, ob die Kohlenstoffdioxid-Emissionsklasse ordnungsgemäß nachgewiesen ist, und hat die maßgebliche Kohlenstoffdioxid-Emissionsklasse sowie den Zeitraum, für den diese zugrunde zu legen ist, festzusetzen. Dem Mautschuldner steht es frei, den ordnungsgemäßen Nachweis der Kohlenstoffdioxid-Emissionsklasse nachträglich zu erbringen. Wird der Nachweis nicht spätestens bis zum Abschluss des Widerspruchverfahrens erbracht, verbleibt es bei dem Höchstsatz nach § 5 Absatz 1 Satz 5 des Bundesfernstraßenmautgesetzes.</P><P>(3) Das Bundesamt für Logistik und Mobilität kann von einem Mautschuldner verlangen, dass dieser auf seine Kosten nachweist, dass ein mautpflichtiges Fahrzeug tatsächlich der angegebenen Kohlenstoffdioxid-Emissionsklasse entspricht, wenn sich bei der Kontrolle des Bundesamtes für Logistik und Mobilität Anhaltspunkte dafür ergeben, dass das Fahrzeug nicht den Anforderungen der angegebenen Kohlenstoffdioxid-Emissionsklasse entspricht. § 7 Absatz 4 Satz 2 bis 4 ist anzuwenden.</P></Content></text><fussnoten/></textdaten></norm>
<norm builddate="20231207213506" doknr="BJNR115600018BJNE001001123"><metadaten><jurabk>Lkw-MautV 2018</jurabk><jurabk>Lkw-MautV</jurabk><enbez>§ 9</enbez><titel format="XML">Stornierung</titel></metadaten><textdaten><text format="XML"><Content><P>(1) Stornierungen erfolgen entweder als Vollstornierung für die gesamte gebuchte Strecke oder als Teilstornierung für den noch nicht befahrenen Teil der gebuchten Strecke, soweit die Voraussetzungen nach Absatz 3 vorliegen.</P><P>(2) Stornierungen können wahlweise über die Internetseite oder die mobile Applikation erfolgen, unabhängig davon, welches System für die manuelle Einbuchung genutzt wurde.</P><P>(3) Der Mautschuldner kann vor Beginn des Gültigkeitszeitraums und bis zum Ablauf von fünfzehn Minuten ab Beginn des Gültigkeitszeitraums eine Vollstornierung für die noch nicht befahrene gesamte gebuchte Strecke vornehmen. Während des Gültigkeitszeitraums ist eine Teilstornierung für den noch nicht befahrenen Streckenanteil der gebuchten Strecke möglich.</P><P>(4) Der Mautschuldner hat die für die Stornierung maßgeblichen Tatsachen wahrheitsgemäß und vollständig anzugeben.</P></Content></text><fussnoten/></textdaten></norm>
<norm builddate="20231207213506" doknr="BJNR115600018BJNE001102123"><metadaten><jurabk>Lkw-MautV 2018</jurabk><jurabk>Lkw-MautV</jurabk><enbez>§ 10</enbez><titel format="XML">Mauterstattung</titel></metadaten><textdaten><text format="XML"><Content><P>(1) Falls eine Voll- oder Teilstornierung gemäß § 9 ausgeschlossen ist, kann der Mautschuldner eine Erstattung nur dann verlangen, wenn er sein Erstattungsverlangen innerhalb von zwei Monaten nach Ablauf des Gültigkeitszeitraums gegenüber dem Bundesamt für Logistik und Mobilität geltend gemacht hat und <DL Font="normal" Type="arabic"><DT>1.</DT><DD Font="normal"><LA Size="normal">für eine teilweise nicht befahrene Strecke nachweist, dass ihm eine vorherige Geltendmachung aus tatsächlichen Gründen nicht möglich war, oder</LA></DD><DT>2.</DT><DD Font="normal"><LA Size="normal">für eine vollständig nicht befahrene Strecke nachweist, dass er die maßgebliche Strecke vollständig überhaupt nicht befahren hat.</LA></DD></DL></P><P>(2) Das Bundesamt für Logistik und Mobilität kann für Erstattungsverlangen nach Absatz 1 und für Erstattungsverlangen nach § 4 Absatz 2 Satz 2 des Bundesfernstraßenmautgesetzes ein Muster im Bundesanzeiger bekannt geben. Falls ein solches bekannt gegeben ist, ist dieses zu verwenden. Erstattungsanträge sollen dem Bundesamt für Logistik und Mobilität unter Nutzung des von diesem zur Verfügung gestellten Verwaltungsportals elektronisch übermittelt werden. Voraussetzung für die Übermittlung des Antrags über das Verwaltungsportal ist, dass der Antragstellende sich zuvor mit einem Nutzerkonto registriert.</P><P>(3) Für Erstattungsverlangen nach Absatz 1 sowie Erstattungsverlangen nach § 4 Absatz 2 Satz 2 des Bundesfernstraßenmautgesetzes wird eine Bearbeitungsgebühr von 20,00 Euro erhoben. Die Bearbeitungsgebühr wird mit dem Erstattungsbetrag verrechnet.</P></Content></text><fussnoten/></textdaten></norm>
<norm builddate="20231207213506" doknr="BJNR115600018BJNE001200000"><metadaten><jurabk>Lkw-MautV 2018</jurabk><jurabk>Lkw-MautV</jurabk><enbez>§ 11</enbez><titel format="XML">Inkrafttreten, Außerkrafttreten</titel></metadaten><textdaten><text format="XML"><Content><P>Diese Verordnung tritt am Tag nach der Verkündung in Kraft. Gleichzeitig tritt die LKW-Maut-Verordnung vom 24. Juni 2003 (BGBl. I S. 1003), die zuletzt durch Artikel 3 des Gesetzes vom 5. Dezember 2014 (BGBl. I S. 1980) geändert worden ist, außer Kraft.</P></Content></text></textdaten></norm>
</dokumente>