<?xml version="1.0" encoding="UTF-8" ?><!DOCTYPE dokumente SYSTEM "http://www.gesetze-im-internet.de/dtd/1.01/gii-norm.dtd">
<dokumente builddate="20220719214021" doknr="BJNR244310017"><norm builddate="20220719214021" doknr="BJNR244310017"><metadaten><jurabk>StrRehaHomG</jurabk><amtabk>StrRehaHomG</amtabk><ausfertigung-datum manuell="ja">2017-07-17</ausfertigung-datum><fundstelle typ="amtlich"><periodikum>BGBl I</periodikum><zitstelle>2017, 2443</zitstelle></fundstelle><langue>Gesetz zur strafrechtlichen Rehabilitierung der nach dem 8. Mai 1945 wegen einvernehmlicher homosexueller Handlungen verurteilten Personen</langue><standangabe checked="ja"><standtyp>Stand</standtyp><standkommentar>Geändert durch Art. 5 G v. 11.7.2022 I 1082</standkommentar></standangabe></metadaten><textdaten><fussnoten><Content><P><BR/> <pre xml:space="preserve">(+++ (Textnachweis ab: 22.7.2017 +++)<BR/><BR/></pre>Das G wurde als Artikel 1 des G v. 17.7.2017 I 2443 vom Bundestag mit Zustimmung des Bundesrates beschlossen. Es ist gem. Art. 3 dieses G am  22.7.2017 in Kraft getreten.</P></Content></fussnoten></textdaten></norm>
<norm builddate="20220719214021" doknr="BJNR244310017BJNE000100000"><metadaten><jurabk>StrRehaHomG</jurabk><enbez>§ 1</enbez><titel format="XML">Aufhebung von Urteilen</titel></metadaten><textdaten><text format="XML"><Content><P>(1) Wer wegen einvernehmlicher homosexueller Handlungen als Täter verurteilt wurde, wird rehabilitiert, indem mit diesem Gesetz die strafgerichtlichen Urteile aufgehoben werden, die aufgrund <DL Type="arabic"><DT>1.</DT><DD Font="normal"><LA>der §§ 175 und 175a Nummer 3 und 4 des Strafgesetzbuches in der Fassung, die in der Bundesrepublik Deutschland bis einschließlich 31. August 1969 und nach dem 8. Mai 1945 in deren späterem Staatsgebiet gegolten hat,</LA></DD><DT>2.</DT><DD Font="normal"><LA>der §§ 175 und 175a Nummer 3 und 4 des Strafgesetzbuches in der Fassung, die in der Deutschen Demokratischen Republik bis einschließlich 30. Juni 1968 und nach dem 8. Mai 1945 in deren späterem Staatsgebiet gegolten hat,</LA></DD><DT>3.</DT><DD Font="normal"><LA>des § 175 Absatz 1 Nummer 1 und 3 des Strafgesetzbuches in der vom 1. September 1969 bis einschließlich 27. November 1973 geltenden Fassung,</LA></DD><DT>4.</DT><DD Font="normal"><LA>des § 175 des Strafgesetzbuches in der vom 28. November 1973 bis einschließlich 10. Juni 1994 geltenden Fassung und</LA></DD><DT>5.</DT><DD Font="normal"><LA>des § 151 des Strafgesetzbuches der Deutschen Demokratischen Republik in der vom 1. Juli 1968 bis einschließlich 30. Juni 1989 geltenden Fassung</LA></DD></DL>ergangen sind, es sei denn, den Verurteilungen liegen sexuelle Handlungen mit Personen unter 16 Jahren oder Handlungen zugrunde, die den Tatbestand des § 174, des § 174a, des § 174b, des § 174c oder des § 182 des Strafgesetzbuches in der am 22. Juli 2017 geltenden Fassung erfüllen.</P><P>(2) Absatz 1 gilt für strafgerichtliche Unterbringungsanordnungen entsprechend.</P><P>(3) Die Aufhebung der Urteile nach den Absätzen 1 und 2 schließt alle darin ausgesprochenen Nebenstrafen und Nebenfolgen sowie alle Maßregeln der Besserung und Sicherung ein, die nicht in Absatz 2 genannt sind.</P><P>(4) Die Verfahren, die den in den Absätzen 1 und 2 genannten Urteilen zugrunde liegen, werden eingestellt.</P><P>(5) Über die Regelungen dieses Gesetzes hinaus entfaltet die Aufhebung der Urteile nach den Absätzen 1 und 2 keine Rechtswirkungen.</P></Content></text></textdaten></norm>
<norm builddate="20220719214021" doknr="BJNR244310017BJNE000200000"><metadaten><jurabk>StrRehaHomG</jurabk><enbez>§ 2</enbez><titel format="XML">Teilaufhebung von Urteilen</titel></metadaten><textdaten><text format="XML"><Content><P>(1) Ist ein Urteil auch aufgrund anderer als der in § 1 Absatz 1 genannten Strafvorschriften ergangen, so wird der Teil des Urteils aufgehoben, der auf den in § 1 Absatz 1 genannten Strafvorschriften beruht.</P><P>(2) Absatz 1 gilt für strafgerichtliche Unterbringungsanordnungen entsprechend.</P></Content></text></textdaten></norm>
<norm builddate="20220719214021" doknr="BJNR244310017BJNE000300000"><metadaten><jurabk>StrRehaHomG</jurabk><enbez>§ 3</enbez><titel format="XML">Feststellung der Aufhebung von Urteilen; Rehabilitierungsbescheinigung</titel></metadaten><textdaten><text format="XML"><Content><P>(1) Die Staatsanwaltschaft stellt auf Antrag fest, ob ein Urteil nach § 1 Absatz 1 aufgehoben ist. In den Fällen des § 2 Absatz 1 stellt sie die Teilaufhebung des Urteils und deren Umfang fest. Über die Feststellungen nach den Sätzen 1 und 2 erteilt die Staatsanwaltschaft dem Antragsteller eine Rehabilitierungsbescheinigung.</P><P>(2) Für die Feststellung nach Absatz 1 Satz 1 und 2 genügt grundsätzlich die Glaubhaftmachung einer erfolgten Verurteilung nach § 1 Absatz 1. Zur Glaubhaftmachung kann auch die eidesstattliche Versicherung des Verurteilten zugelassen werden. Für die Abnahme der Versicherung an Eides statt ist die Staatsanwaltschaft zuständig.</P><P>(3) Antragsberechtigt sind <DL Type="arabic"><DT>1.</DT><DD Font="normal"><LA>der Verurteilte,</LA></DD><DT>2.</DT><DD Font="normal"><LA>nach dem Tod des Verurteilten dessen Ehegatte oder Lebenspartner sowie der Verlobte oder die Person, mit der der Verurteilte ein Versprechen eingegangen war, eine Lebenspartnerschaft zu begründen, sowie die Eltern, die Kinder und die Geschwister des Verurteilten.</LA></DD></DL></P><P>(4) Die örtliche Zuständigkeit der Staatsanwaltschaft bestimmt sich nach dem Gericht, welches das Urteil nach § 1 Absatz 1 im ersten Rechtszug erlassen hat. Lässt sich diese Staatsanwaltschaft nicht bestimmen, ist die Staatsanwaltschaft zuständig, in deren Bezirk der Antragsteller zum Zeitpunkt der Antragstellung seinen Wohnsitz im Inland hat. Hat der Antragsteller seinen Wohnsitz im Ausland, so ist, wenn sich die Staatsanwaltschaft nach Satz 1 nicht bestimmen lässt, die Staatsanwaltschaft Berlin zuständig. Der Antrag kann bei jeder Staatsanwaltschaft schriftlich eingereicht oder zu Protokoll der Geschäftsstelle erklärt werden.</P><P>(5) Wird eine Rehabilitierungsbescheinigung zurückgenommen, teilt die Staatsanwaltschaft dies dem Bundesamt für Justiz mit.</P><P>(6) Für das Verfahren vor der Staatsanwaltschaft zur Erlangung der Rehabilitierungsbescheinigung werden keine Kosten erhoben.</P><P>(7) Die Absätze 1 bis 6 gelten für strafgerichtliche Unterbringungsanordnungen entsprechend.</P></Content></text></textdaten></norm>
<norm builddate="20220719214021" doknr="BJNR244310017BJNE000400000"><metadaten><jurabk>StrRehaHomG</jurabk><enbez>§ 4</enbez><titel format="XML">Tilgung im Bundeszentralregister</titel></metadaten><textdaten><text format="XML"><Content><P>Eintragungen im Bundeszentralregister über strafgerichtliche Urteile oder Unterbringungsanordnungen, deren vollständige Aufhebung nach § 3 Absatz 1 Satz 1 und Absatz 7 festgestellt wurde, sind auf Antrag des Verurteilten zu tilgen.</P></Content></text></textdaten></norm>
<norm builddate="20220719214021" doknr="BJNR244310017BJNE000500000"><metadaten><jurabk>StrRehaHomG</jurabk><enbez>§ 5</enbez><titel format="XML">Entschädigung</titel></metadaten><textdaten><text format="XML"><Content><P>(1) Der rehabilitierten Person steht nach Aufhebung eines Urteils nach § 1 Absatz 1 und 2 sowie § 2 ein Anspruch auf Entschädigung in Geld aus dem Bundeshaushalt zu.</P><P>(2) Die Entschädigung beträgt <DL Type="arabic"><DT>1.</DT><DD Font="normal"><LA>3 000 Euro je aufgehobenes Urteil und</LA></DD><DT>2.</DT><DD Font="normal"><LA>1 500 Euro je angefangenes Jahr erlittener Freiheitsentziehung.</LA></DD></DL></P><P>(3) Ist gemäß § 2 nur ein Teil des Urteils aufgehoben, so ist die Höhe der Entschädigung für eine erlittene Freiheitsentziehung unter Beachtung des Verhältnisses des aufgehobenen Teils zum gesamten Urteil geringer als in Absatz 2 Nummer 2 zu bemessen.</P><P>(4) Der Anspruch auf Entschädigung ist nicht pfändbar, nicht übertragbar und nicht vererbbar.</P><P>(5) Die Entschädigungen nach den Absätzen 1 bis 3 werden nicht auf Sozialleistungen angerechnet.</P></Content></text></textdaten></norm>
<norm builddate="20220719214021" doknr="BJNR244310017BJNE000601116"><metadaten><jurabk>StrRehaHomG</jurabk><enbez>§ 6</enbez><titel format="XML">Entschädigungsverfahren beim Bundesamt für Justiz</titel></metadaten><textdaten><text format="XML"><Content><P>(1) Der Anspruch auf Entschädigung ist bis einschließlich 21. Juli 2027 beim Bundesamt für Justiz geltend zu machen. Das Bundesamt für Justiz setzt die Höhe der Entschädigung durch Verwaltungsakt fest.</P><P>(2) Antragsberechtigt ist die rehabilitierte Person.</P><P>(3) Für die Gewährung einer Entschädigung gemäß § 5 Absatz 2 Nummer 1 ist eine Ausfertigung des nach § 1 Absatz 1 oder Absatz 2 aufgehobenen Urteils oder eine Rehabilitierungsbescheinigung nach § 3 Absatz 1 Satz 3 vorzulegen. Für die Gewährung einer Entschädigung gemäß § 5 Absatz 2 Nummer 2 und Absatz 3 muss der Antragsteller ferner die Zeiten der Freiheitsentziehung glaubhaft machen. Zur Glaubhaftmachung kann auch die eidesstattliche Versicherung des Antragstellers zugelassen werden. Für die Abnahme der Versicherung an Eides statt ist das Bundesamt für Justiz zuständig.</P><P>(4) Für das Entschädigungsverfahren beim Bundesamt für Justiz werden keine Kosten erhoben.</P></Content></text><fussnoten/></textdaten></norm>
<norm builddate="20220719214021" doknr="BJNR244310017BJNE000700000"><metadaten><jurabk>StrRehaHomG</jurabk><enbez>§ 7</enbez><titel format="XML">Rechtsweg</titel></metadaten><textdaten><text format="XML"><Content><P>Für den Anspruch auf Entschädigung nach § 5 ist der Verwaltungsrechtsweg gegeben.</P></Content></text></textdaten></norm>
</dokumente>