<?xml version="1.0" encoding="UTF-8" ?><!DOCTYPE dokumente SYSTEM "http://www.gesetze-im-internet.de/dtd/1.01/gii-norm.dtd">
<dokumente builddate="20250314223502" doknr="BJNR058600014"><norm builddate="20250314223502" doknr="BJNR058600014"><metadaten><jurabk>BPolHfV</jurabk><amtabk>BPolHfV</amtabk><ausfertigung-datum manuell="ja">2014-05-22</ausfertigung-datum><fundstelle typ="amtlich"><periodikum>BGBl I</periodikum><zitstelle>2014, 586</zitstelle></fundstelle><kurzue>Bundespolizei-Heilfürsorgeverordnung</kurzue><langue>Verordnung über die Gewährung von Heilfürsorge für Polizeivollzugsbeamtinnen und Polizeivollzugsbeamte in der Bundespolizei<FnR ID="f014610_01_BJNR058600014"/></langue><standangabe checked="ja"><standtyp>Sonst</standtyp><standkommentar>Zukünftige amtl. Langüberschrift: Verordnung über die Gewährung von Heilfürsorge für Polizeivollzugsbeamtinnen und Polizeivollzugsbeamte in der Bundespolizei und beim Deutschen Bundestag (ab 1.11.2025; 2025 I Nr. 80)</standkommentar></standangabe><standangabe checked="ja"><standtyp>Stand</standtyp><standkommentar>Zuletzt geändert durch Art. 65 V v. 19.6.2020 I 1328</standkommentar></standangabe><standangabe checked="ja"><standtyp>Hinweis</standtyp><standkommentar>Änderung durch Art. 1 V v. 11.3.2025 I Nr. 80 textlich nachgewiesen, dokumentarisch noch nicht abschließend bearbeitet</standkommentar></standangabe></metadaten><textdaten><text format="XML"><Footnotes><Footnote FnZ="*" Group="column" ID="f014610_01_BJNR058600014" Pos="normal" Postfix=")"><noindex>Nichtamtlicher Hinweis: Die Überschrift wurde gem. Art. 1 Nr. 1 V v. 11.3.2025 I Nr. 80 mWv 1.11.2025 wie folgt gefasst:</noindex><BR/><B>Verordnung über die Gewährung von Heilfürsorge für Polizeivollzugsbeamtinnen und Polizeivollzugsbeamte in der Bundespolizei und beim Deutschen Bundestag</B></Footnote></Footnotes></text><fussnoten><Content><P><BR/> <pre xml:space="preserve">(+++ Textnachweis ab: 1.7.2014 +++)<BR/><BR/></pre>Überschrift: IdF d. Art. 1 Nr. 1 V v. 11.3.2025 I Nr. 80 mWv 1.11.2025</P></Content></fussnoten></textdaten></norm>
<norm builddate="20250314223502" doknr="BJNR058600014BJNE000100000"><metadaten><jurabk>BPolHfV</jurabk><enbez>Eingangsformel</enbez></metadaten><textdaten><text format="XML"><Content><P>Auf Grund des § 70 Absatz 2 Satz 3 des Bundesbesoldungsgesetzes, der durch Artikel 1 Nummer 31 des Gesetzes vom 11. Juni 2013 (BGBl. I S. 1514) eingefügt worden ist, verordnet das Bundesministerium des Innern im Einvernehmen mit dem Bundesministerium der Finanzen:</P></Content></text></textdaten></norm>
<norm builddate="20250314223502" doknr="BJNR058600014BJNE000200000"><metadaten><jurabk>BPolHfV</jurabk><enbez>Inhaltsübersicht</enbez></metadaten><textdaten><text format="XML"><TOC><Ident Class="S0">Kapitel 1</Ident><Title Align="auto" Class="S0">Allgemeine Vorschriften</Title><table colsep="0" frame="none" pgwide="1" rowsep="0" tocentry="%yes;"><tgroup align="left" char="" charoff="50" cols="2"><colspec colname="col1" colwidth="12*"/><colspec colname="col2" colwidth="88*"/><tbody valign="top"><row><entry VJ="1" colname="col1">§  1</entry><entry VJ="1" colname="col2">Zweck, Eigenverantwortung, Mitwirkungspflicht</entry></row><row><entry VJ="1" colname="col1">§  2</entry><entry VJ="1" colname="col2">Sachleistungsprinzip</entry></row><row><entry VJ="1" colname="col1">§  3</entry><entry VJ="1" colname="col2">Heilfürsorgekarte</entry></row><row><entry VJ="1" colname="col1">§  4</entry><entry VJ="1" colname="col2">Leistungen</entry></row></tbody></tgroup></table><Ident Class="S0">Kapitel 2</Ident><Title Align="auto" Class="S0">Leistungen</Title><table colsep="0" frame="none" pgwide="1" rowsep="0" tocentry="%yes;"><tgroup align="left" char="" charoff="50" cols="2"><colspec colname="col1" colwidth="12*"/><colspec colname="col2" colwidth="88*"/><tbody valign="top"><row><entry VJ="1" colname="col1">§  5</entry><entry VJ="1" colname="col2">Ärztliche Behandlung von Heilfürsorgeberechtigten, die eine allgemeine Heilfürsorgekarte besitzen</entry></row><row><entry VJ="1" colname="col1">§  6</entry><entry VJ="1" colname="col2">Ärztliche Behandlung von Heilfürsorgeberechtigten, die keine allgemeine Heilfürsorgekarte besitzen</entry></row><row><entry VJ="1" colname="col1">§  7</entry><entry VJ="1" colname="col2">Notfallbehandlung von Heilfürsorgeberechtigten, die keine allgemeine Heilfürsorgekarte besitzen</entry></row><row><entry VJ="1" colname="col1">§  8</entry><entry VJ="1" colname="col2">Zahnärztliche Behandlung</entry></row><row><entry VJ="1" colname="col1">§  9</entry><entry VJ="1" colname="col2">Arznei- und Verbandmittel</entry></row><row><entry VJ="1" colname="col1">§ 10</entry><entry VJ="1" colname="col2">Heilmittel</entry></row><row><entry VJ="1" colname="col1">§ 11</entry><entry VJ="1" colname="col2">Hilfsmittel</entry></row><row><entry VJ="1" colname="col1">§ 12</entry><entry VJ="1" colname="col2">Krankenhausbehandlung</entry></row><row><entry VJ="1" colname="col1">§ 13</entry><entry VJ="1" colname="col2">Organtransplantationen</entry></row><row><entry VJ="1" colname="col1">§ 14</entry><entry VJ="1" colname="col2">Leistungen zur Rehabilitation</entry></row><row><entry VJ="1" colname="col1">§ 15</entry><entry VJ="1" colname="col2">Fahrkosten</entry></row><row><entry VJ="1" colname="col1">§ 16</entry><entry VJ="1" colname="col2">Leistungen bei Pflegebedürftigkeit</entry></row><row><entry VJ="1" colname="col1">§ 17</entry><entry VJ="1" colname="col2">Behandlung während eines dienstlichen Aufenthaltes im Ausland</entry></row><row><entry VJ="1" colname="col1">§ 18</entry><entry VJ="1" colname="col2">Behandlung während eines privaten Aufenthaltes in einem anderen Mitgliedstaat der Europäischen Union, in einem anderen Vertragsstaat des Abkommens über den Europäischen Wirtschaftsraum oder in der Schweiz</entry></row><row><entry VJ="1" colname="col1">§ 19</entry><entry VJ="1" colname="col2">Behandlung während eines privaten Aufenthaltes außerhalb der Mitgliedstaaten der Europäischen Union, der anderen Vertragsstaaten des Abkommens über den Europäischen Wirtschaftsraum und der Schweiz</entry></row></tbody></tgroup></table><Ident Class="S0">Kapitel 3</Ident><Title Align="auto" Class="S0">Schlussbestimmungen</Title><table colsep="0" frame="none" pgwide="1" rowsep="0" tocentry="%yes;"><tgroup align="left" char="" charoff="50" cols="2"><colspec colname="col1" colwidth="12*"/><colspec colname="col2" colwidth="88*"/><tbody valign="top"><row><entry VJ="1" colname="col1">§ 20</entry><entry VJ="1" colname="col2">Verwaltungsvorschrift</entry></row><row><entry VJ="1" colname="col1">§ 21</entry><entry VJ="1" colname="col2">Inkrafttreten, Außerkrafttreten</entry></row></tbody></tgroup></table></TOC></text></textdaten></norm>
<norm builddate="20250314223502" doknr="BJNR058600014BJNG000100000"><metadaten><jurabk>BPolHfV</jurabk><gliederungseinheit><gliederungskennzahl>010</gliederungskennzahl><gliederungsbez>Kapitel 1</gliederungsbez><gliederungstitel>Allgemeine Vorschriften</gliederungstitel></gliederungseinheit></metadaten><textdaten/></norm>
<norm builddate="20250314223502" doknr="BJNR058600014BJNE000300000"><metadaten><jurabk>BPolHfV</jurabk><enbez>§ 1</enbez><titel format="XML">Zweck, Eigenverantwortung, Mitwirkungspflicht</titel></metadaten><textdaten><text format="XML"><Content><P>(1) Die Heilfürsorge hat den Zweck, die Gesundheit der Heilfürsorgeberechtigten zu erhalten, wiederherzustellen oder ihren Gesundheitszustand zu verbessern.</P><P>(2) Die Heilfürsorgeberechtigten sind für ihre Gesundheit mitverantwortlich. Sie sollen durch eine gesundheitsbewusste Lebensführung, durch frühzeitige Beteiligung an gesundheitlichen Vorsorgemaßnahmen sowie durch aktive Mitwirkung an Krankenbehandlung und Rehabilitation dazu beitragen, den Eintritt von Krankheit, Behinderung oder Pflegebedürftigkeit zu vermeiden oder deren Folgen zu überwinden.</P><P>(3) Die Behandlung umfasst auch die Untersuchung der oder des Heilfürsorgeberechtigten.</P><P>(4) Die Heilfürsorgeberechtigten sind verpflichtet, dem Ärztlichen Dienst der Bundespolizei auf Verlangen ärztliche Bescheinigungen, Arzt- und Befundberichte vorzulegen. Der Ärztliche Dienst der Bundespolizei kann diagnostische Maßnahmen veranlassen, wenn diese für die Feststellung des Gesundheitszustandes erforderlich und für die oder den Heilfürsorgeberechtigten zumutbar sind. Die Kosten trägt der Bund.</P></Content></text></textdaten></norm>
<norm builddate="20250314223502" doknr="BJNR058600014BJNE000400000"><metadaten><jurabk>BPolHfV</jurabk><enbez>§ 2</enbez><titel format="XML">Sachleistungsprinzip</titel></metadaten><textdaten><text format="XML"><Content><P>Die Heilfürsorge wird grundsätzlich als Sachleistung gewährt. Für Zuzahlungen und Belastungsgrenzen gelten die Regelungen des Fünften Buches Sozialgesetzbuch entsprechend.</P></Content></text></textdaten></norm>
<norm builddate="20250314223502" doknr="BJNR058600014BJNE000501116"><metadaten><jurabk>BPolHfV</jurabk><enbez>§ 3</enbez><titel format="XML">Heilfürsorgekarte</titel></metadaten><textdaten><text format="XML"><Content><P>(1) Heilfürsorgeberechtigte, die in einer Dienststelle ohne eigenen polizeiärztlichen Dienst tätig sind, erhalten eine Heilfürsorgekarte, die für alle Heilfürsorgeleistungen nach § 4 Absatz 1 gilt (allgemeine Heilfürsorgekarte). Mit Zustimmung des Bundesministeriums des Innern, für Bau und Heimat können auch andere Heilfürsorgeberechtigte eine allgemeine Heilfürsorgekarte erhalten.</P><P>(2) Die übrigen Heilfürsorgeberechtigten erhalten eine Heilfürsorgekarte, die nur für zahnärztliche Behandlungen gilt.</P><P>(3) Die Heilfürsorgeberechtigten haben der behandelnden Vertragsärztin oder Vertragszahnärztin oder dem behandelnden Vertragsarzt oder Vertragszahnarzt die Heilfürsorgekarte vor der Behandlung vorzulegen.</P></Content></text><fussnoten/></textdaten></norm>
<norm builddate="20250314223502" doknr="BJNR058600014BJNE000602116"><metadaten><jurabk>BPolHfV</jurabk><enbez>§ 4</enbez><titel format="XML">Leistungen</titel></metadaten><textdaten><text format="XML"><Content><P>(1) Die Heilfürsorge umfasst folgende Leistungen: <DL Font="normal" Type="arabic"><DT>1.</DT><DD Font="normal"><LA Size="normal">Leistungen zur Verhütung und Früherkennung von Krankheiten, medizinische Vorsorgeleistungen und medizinische Vorsorge für Mütter und Väter entsprechend den §§ 20, 20i, 23 bis 24b und 25 des Fünften Buches Sozialgesetzbuch,</LA></DD><DT>2.</DT><DD Font="normal"><LA Size="normal">Leistungen bei Schwangerschaft, Entbindung und Mutterschaft entsprechend den §§ 24c bis 24i des Fünften Buches Sozialgesetzbuch,</LA></DD><DT>3.</DT><DD Font="normal"><LA Size="normal">Leistungen zur künstlichen Befruchtung entsprechend § 27a des Fünften Buches Sozialgesetzbuch,</LA></DD><DT>4.</DT><DD Font="normal"><LA Size="normal">ärztliche und zahnärztliche Behandlung entsprechend § 27 Absatz 1 in Verbindung mit den §§ 28, 55 und 56 des Fünften Buches Sozialgesetzbuch,</LA></DD><DT>5.</DT><DD Font="normal"><LA Size="normal">Versorgung mit Arznei- und Verbandmitteln entsprechend § 27 Absatz 1 in Verbindung mit § 31 des Fünften Buches Sozialgesetzbuch,</LA></DD><DT>6.</DT><DD Font="normal"><LA Size="normal">Versorgung mit Heilmitteln entsprechend § 27 Absatz 1 in Verbindung mit den §§ 32 und 92 des Fünften Buches Sozialgesetzbuch,</LA></DD><DT>7.</DT><DD Font="normal"><LA Size="normal">Versorgung mit Hilfsmitteln entsprechend § 27 Absatz 1 in Verbindung mit den §§ 33, 36 und 92 des Fünften Buches Sozialgesetzbuch,</LA></DD><DT>8.</DT><DD Font="normal"><LA Size="normal">häusliche Krankenpflege, Soziotherapie und spezialisierte ambulante Palliativversorgung entsprechend § 27 Absatz 1 in Verbindung mit den §§ 37 bis 37b des Fünften Buches Sozialgesetzbuch,</LA></DD><DT>9.</DT><DD Font="normal"><LA Size="normal">Haushaltshilfe entsprechend § 27 Absatz 1 in Verbindung mit § 38 des Fünften Buches Sozialgesetzbuch,</LA></DD><DT>10.</DT><DD Font="normal"><LA Size="normal">Krankenhausbehandlung sowie stationäre und ambulante Hospizleistungen entsprechend § 27 Absatz 1 in Verbindung mit den §§ 39 und 39a des Fünften Buches Sozialgesetzbuch,</LA></DD><DT>11.</DT><DD Font="normal"><LA Size="normal">Leistungen zur medizinischen Rehabilitation, medizinische Rehabilitation für Mütter und Väter sowie ergänzende Leistungen zur Rehabilitation entsprechend § 27 Absatz 1 in Verbindung mit den §§ 40, 41 und 43 des Fünften Buches Sozialgesetzbuch,</LA></DD><DT>12.</DT><DD Font="normal"><LA Size="normal">Fahrkosten entsprechend § 60 des Fünften Buches Sozialgesetzbuch,</LA></DD><DT>13.</DT><DD Font="normal"><LA Size="normal">Leistungen bei Pflegebedürftigkeit entsprechend dem Elften Buch Sozialgesetzbuch.</LA></DD></DL></P><P>(2) Soweit in dieser Verordnung nichts anderes bestimmt ist, entsprechen die Leistungen der Heilfürsorge den Leistungen <DL Font="normal" Type="arabic"><DT>1.</DT><DD Font="normal"><LA Size="normal">der gesetzlichen Krankenversicherung nach dem Fünften Buch Sozialgesetzbuch und den hierauf beruhenden, im Rang nachgehenden Regelungen sowie</LA></DD><DT>2.</DT><DD Font="normal"><LA Size="normal">der sozialen Pflegeversicherung nach dem Elften Buch Sozialgesetzbuch.</LA></DD></DL>Die Leistungen müssen ausreichend, zweckmäßig und wirtschaftlich sein; sie dürfen das Maß des Notwendigen nicht überschreiten.</P><P>(3) Grundsätzlich werden die Kosten der Leistungen auf der Grundlage der von den Ersatzkassen getroffenen Vereinbarungen mit den Leistungserbringern übernommen.</P><P>(4) Für vertragsärztliche und vertragszahnärztliche Leistungen im Rahmen des Sicherstellungsauftrages nach § 75 Absatz 3 des Fünften Buches Sozialgesetzbuch gelten die Vorschriften des Fünften Buches Sozialgesetzbuch sowie die hierauf beruhenden Regelungen, soweit diese Verordnung nichts anderes bestimmt und keine abweichenden Vereinbarungen bestehen.</P><P>(5) In begründeten Einzelfällen kann das Bundesministerium des Innern, für Bau und Heimat im Rahmen seiner Fürsorgepflicht einer Abweichung von den Richtlinien des Gemeinsamen Bundesausschusses zustimmen.</P></Content></text><fussnoten/></textdaten></norm>
<norm builddate="20250314223502" doknr="BJNR058600014BJNG000200000"><metadaten><jurabk>BPolHfV</jurabk><gliederungseinheit><gliederungskennzahl>020</gliederungskennzahl><gliederungsbez>Kapitel 2</gliederungsbez><gliederungstitel>Leistungen</gliederungstitel></gliederungseinheit></metadaten><textdaten/></norm>
<norm builddate="20250314223502" doknr="BJNR058600014BJNE000700000"><metadaten><jurabk>BPolHfV</jurabk><enbez>§ 5</enbez><titel format="XML">Ärztliche Behandlung von Heilfürsorgeberechtigten, die eine allgemeine Heilfürsorgekarte besitzen</titel></metadaten><textdaten><text format="XML"><Content><P>(1) Heilfürsorgeberechtigte, die eine allgemeine Heilfürsorgekarte besitzen, haben eine an der vertragsärztlichen Versorgung teilnehmende Fachärztin für Allgemeinmedizin oder Fachärztin für Innere Medizin oder einen an der vertragsärztlichen Versorgung teilnehmenden Facharzt für Allgemeinmedizin oder Facharzt für Innere Medizin in Anspruch zu nehmen, die oder der die Funktion der Hausärztin oder des Hausarztes übernimmt.</P><P>(2) Soweit die Behandlung besondere Kenntnisse und Erfahrungen erfordert, erfolgt sie auf Veranlassung der Hausärztin oder des Hausarztes durch eine an der vertragsärztlichen Versorgung teilnehmende Ärztin oder einen an der vertragsärztlichen Versorgung teilnehmenden Arzt, in der Regel eine Fachärztin oder ein Facharzt.</P></Content></text></textdaten></norm>
<norm builddate="20250314223502" doknr="BJNR058600014BJNE000800000"><metadaten><jurabk>BPolHfV</jurabk><enbez>§ 6</enbez><titel format="XML">Ärztliche Behandlung von Heilfürsorgeberechtigten, die keine allgemeine Heilfürsorgekarte besitzen</titel></metadaten><textdaten><text format="XML"><Content><P>(1) Heilfürsorgeberechtigte, die keine allgemeine Heilfürsorgekarte besitzen, werden von der zuständigen Polizeiärztin oder dem zuständigen Polizeiarzt behandelt.</P><P>(2) Steht am Dienstort vorübergehend keine Ärztin der Bundespolizei oder kein Arzt der Bundespolizei zur Verfügung, kann eine Vertragsärztin oder ein Vertragsarzt in Anspruch genommen werden. Die oder der Heilfürsorgeberechtigte hat die in Anspruch genommene Ärztin oder den in Anspruch genommenen Arzt darüber zu informieren, dass sie oder er heilfürsorgeberechtigte Angehörige oder heilfürsorgeberechtigter Angehöriger der Bundespolizei ist und innerhalb von vier Wochen nach der Behandlung einen Überweisungsschein oder eine Kostenübernahmeerklärung der zuständigen Ärztin der Bundespolizei oder des zuständigen Arztes der Bundespolizei nachreichen wird. Die oder der <I>Heilfürsorgeberechtigte</I> hat die zuständige Ärztin der Bundespolizei oder den zuständigen Arzt der Bundespolizei unverzüglich über die Erkrankung oder den Unfall zu informieren.</P><P>(3) Soweit die Behandlung besondere Kenntnisse und Erfahrungen erfordert, wird sie auf Veranlassung der Ärztin der Bundespolizei oder des Arztes der Bundespolizei durch eine an der vertragsärztlichen Versorgung teilnehmende Ärztin oder einen an der vertragsärztlichen Versorgung teilnehmenden Arzt, in der Regel eine Fachärztin oder einen Facharzt, gewährt.</P></Content></text><fussnoten><Content><P>§ 6 Abs. 2 Satz 3 Kursivdruck: Aufgrund offensichtlicher Unrichtigkeit wurde das Wort &quot;Heilfürsorgeberechtige&quot; durch &quot;Heilfürsorgeberechtigte&quot; ersetzt</P></Content></fussnoten></textdaten></norm>
<norm builddate="20250314223502" doknr="BJNR058600014BJNE000900000"><metadaten><jurabk>BPolHfV</jurabk><enbez>§ 7</enbez><titel format="XML">Notfallbehandlung von Heilfürsorgeberechtigten, die keine allgemeine Heilfürsorgekarte besitzen</titel></metadaten><textdaten><text format="XML"><Content><P>Ist bei plötzlichen schweren Erkrankungen oder bei Unfällen eine Polizeiärztin oder ein Polizeiarzt nicht oder nicht rechtzeitig zu erreichen, können Heilfürsorgeberechtigte, die keine allgemeine Heilfürsorgekarte besitzen, andere ärztliche Hilfe in Anspruch nehmen, bis eine Polizeiärztin oder ein Polizeiarzt die weitere ärztliche Versorgung übernehmen oder veranlassen kann. § 4 Absatz 3 gilt entsprechend.</P></Content></text></textdaten></norm>
<norm builddate="20250314223502" doknr="BJNR058600014BJNE001000000"><metadaten><jurabk>BPolHfV</jurabk><enbez>§ 8</enbez><titel format="XML">Zahnärztliche Behandlung</titel></metadaten><textdaten><text format="XML"><Content><P>(1) Heilfürsorgeberechtigte haben Anspruch auf die Übernahme der tatsächlichen Kosten einer Regelversorgung mit Zahnersatz, einschließlich Zahnkronen und Suprakonstruktionen, nach § 56 Absatz 1 des Fünften Buches Sozialgesetzbuch. Wählt die oder der Heilfürsorgeberechtigte einen über die Regelversorgung hinausgehenden gleich- oder andersartigen Zahnersatz, wird höchstens der doppelte Betrag des Festzuschusses nach § 55 Absatz 1 Satz 2 des Fünften Buches Sozialgesetzbuch gewährt.</P><P>(2) Die Anfertigung von Zahnersatz (einschließlich Zahnkronen und Suprakonstruktionen), die systematische Behandlung von Parodontopathien und kieferorthopädische Behandlungen bedürfen der vorherigen Genehmigung durch das für Heilfürsorgeangelegenheiten zuständige Referat des Bundespolizeipräsidiums. Bei Zweifeln an der Notwendigkeit, Zweckmäßigkeit oder wirtschaftlichen Angemessenheit kann das für Heilfürsorgeangelegenheiten zuständige Referat des Bundespolizeipräsidiums den Heil- und Kostenplan durch einen Gutachter überprüfen lassen. Wird ein genehmigter Heil- und Kostenplan geändert, bedarf auch die Änderung der Genehmigung. Das Genehmigungsverfahren sowie das Gutachter- und Obergutachterverfahren, einschließlich der zu verwendenden Vordrucke, richten sich nach dem Ersatzkassenvertrag-Zahnärzte vom 1. Januar 2005 in der jeweils jüngsten auf der Internetseite des Spitzenverbandes Bund der Krankenkassen (www.gkv-spitzenverband.de) veröffentlichten Fassung.</P><P>(3) Die Kosten einer einmal jährlich durchgeführten professionellen Zahnreinigung nach Nummer 1040 der Anlage zur Gebührenordnung für Zahnärzte werden übernommen.</P></Content></text></textdaten></norm>
<norm builddate="20250314223502" doknr="BJNR058600014BJNE001100000"><metadaten><jurabk>BPolHfV</jurabk><enbez>§ 9</enbez><titel format="XML">Arznei- und Verbandmittel</titel></metadaten><textdaten><text format="XML"><Content><P>(1) Die Einzelheiten der Versorgung der Heilfürsorgeberechtigten mit Arznei- und Verbandmitteln regelt der Arzneiversorgungsvertrag zwischen der Bundesrepublik Deutschland und dem Deutschen Apothekerverband e. V. vom 1. Oktober 2011 in der jeweils jüngsten im Bundesanzeiger veröffentlichten Fassung.</P><P>(2) Die Versorgung mit Arznei- und Verbandmitteln im geschlossenen Einsatz bleibt unberührt.</P></Content></text></textdaten></norm>
<norm builddate="20250314223502" doknr="BJNR058600014BJNE001200000"><metadaten><jurabk>BPolHfV</jurabk><enbez>§ 10</enbez><titel format="XML">Heilmittel</titel></metadaten><textdaten><text format="XML"><Content><P>Die Kosten für Heilmittel werden entsprechend den von den Ersatzkassen nach dem Fünften Buch Sozialgesetzbuch getroffenen Vereinbarungen mit den Leistungserbringern übernommen, sofern eine ärztliche Verordnung nach der Heilmittel-Richtlinie des Gemeinsamen Bundesausschusses in ihrer jeweils jüngsten auf der Internetseite des Gemeinsamen Bundesausschusses (www.g-ba.de) veröffentlichten Fassung vorliegt und zugelassene Leistungserbringer nach dem Fünften Buch Sozialgesetzbuch in Anspruch genommen werden.</P></Content></text></textdaten></norm>
<norm builddate="20250314223502" doknr="BJNR058600014BJNE001300000"><metadaten><jurabk>BPolHfV</jurabk><enbez>§ 11</enbez><titel format="XML">Hilfsmittel</titel></metadaten><textdaten><text format="XML"><Content><P>(1) Zur Versorgung mit Hilfsmitteln entsprechend den §§ 33 und 36 des Fünften Buches Sozialgesetzbuch kann das für Heilfürsorgeangelegenheiten zuständige Referat des Bundespolizeipräsidiums mit den Leistungserbringern Miet-, Leasing- oder ähnliche Verträge schließen. Die Versorgung mit Hilfsmitteln durch Apotheken regelt der in § 9 Absatz 1 genannte Vertrag.</P><P>(2) Die Kostenübernahme erfolgt entsprechend den von den Ersatzkassen nach dem Fünften Buch Sozialgesetzbuch getroffenen Vereinbarungen mit den Leistungserbringern. Bei der Beschaffung von Hilfsmitteln gelten die für die Kostenübernahme bestehenden Festbetragsregelungen nach § 36 des Fünften Buches Sozialgesetzbuch. Bestehende Lieferverträge sind in Anspruch zu nehmen.</P><P>(3) Fällt der Anspruch auf Heilfürsorge weg, gehen die weiterhin benötigten Hilfsmittel in das Eigentum der oder des ehemaligen Heilfürsorgeberechtigten über. Hilfsmittel aus Verträgen nach Absatz 1 Satz 1 sind dem Leistungserbringer zurückzugeben, wenn der Anspruch auf Heilfürsorge wegfällt.</P></Content></text></textdaten></norm>
<norm builddate="20250314223502" doknr="BJNR058600014BJNE001400000"><metadaten><jurabk>BPolHfV</jurabk><enbez>§ 12</enbez><titel format="XML">Krankenhausbehandlung</titel></metadaten><textdaten><text format="XML"><Content><P>(1) Die Krankenhausbehandlung ist in der Regel am Dienst- oder Wohnort oder in dessen Nähe in Anspruch zu nehmen.</P><P>(2) Heilfürsorgeberechtigte haben Anspruch auf die allgemeinen Krankenhausleistungen nach dem Krankenhausentgeltgesetz und der Bundespflegesatzverordnung sowie auf folgende darüber hinausgehende und gesondert zu berechnende Leistungen: <DL Type="arabic"><DT>1.</DT><DD Font="normal"><LA>Unterkunft, deren Kosten die Kosten eines Zweibettzimmers nicht übersteigen darf; dabei haben Heilfürsorgeberechtigte einen Eigenanteil in Höhe von 14,50 Euro pro Tag zu zahlen, und</LA></DD><DT>2.</DT><DD Font="normal"><LA>wahlärztliche Leistungen.</LA></DD></DL></P><P>(3) Bei besonders schweren Erkrankungen sowie bei voraussichtlich länger dauernder stationärer Behandlung können Heilfürsorgeberechtigte mit Zustimmung der zuständigen Ärztin der Bundespolizei oder des zuständigen Arztes der Bundespolizei in ein zugelassenes Krankenhaus (§ 108 des Fünften Buches Sozialgesetzbuch) am Wohnort oder in der Nähe des Wohnorts eingewiesen oder verlegt werden, wenn dies dem Heilungsprozess oder der Verbesserung der Betreuung dient.</P></Content></text></textdaten></norm>
<norm builddate="20250314223502" doknr="BJNR058600014BJNE001500000"><metadaten><jurabk>BPolHfV</jurabk><enbez>§ 13</enbez><titel format="XML">Organtransplantationen</titel></metadaten><textdaten><text format="XML"><Content><P>Bei Organ- und Gewebetransplantationen werden in entsprechender Anwendung der Vorschriften der Bundesbeihilfeverordnung auch die notwendigen und wirtschaftlich angemessenen Aufwendungen der Spenderin oder des Spenders, einschließlich der Versicherungskosten und des nachgewiesenen Ausfalls an Arbeitseinkünften, übernommen, soweit diese Aufwendungen nicht von anderer Seite übernommen werden. Der nachgewiesene Ausfall an Arbeitseinkünften wird auch dann übernommen, wenn die vorgesehene Spenderin oder der vorgesehene Spender letztlich nicht in Betracht kommt.</P></Content></text></textdaten></norm>
<norm builddate="20250314223502" doknr="BJNR058600014BJNE001601116"><metadaten><jurabk>BPolHfV</jurabk><enbez>§ 14</enbez><titel format="XML">Leistungen zur Rehabilitation</titel></metadaten><textdaten><text format="XML"><Content><P>(1) Leistungen zur medizinischen Rehabilitation werden entsprechend § 40 des Fünften Buches Sozialgesetzbuch nach ärztlicher Feststellung gewährt.</P><P>(2) Leistungen zur medizinischen Rehabilitation umfassen ambulante und stationäre Behandlungen in Rehabilitationseinrichtungen oder in anderen ärztlich geleiteten Einrichtungen, mit denen ein Versorgungsvertrag nach den §§ 111 und 111a des Fünften Buches Sozialgesetzbuch besteht.</P><P>(3) Heilfürsorgeberechtigte haben Anspruch auf Leistungen zur medizinischen Rehabilitation entsprechend § 40 Absatz 1 des Fünften Buches Sozialgesetzbuch, wenn der unmittelbare Anschluss der Rehabilitation an eine Krankenhausbehandlung nach ärztlicher Feststellung notwendig ist. Die Vereinbarung des Bundesministeriums des Innern, für Bau und Heimat mit der Deutschen Rentenversicherung Bund zur Durchführung von Anschlussheilbehandlungen für Polizeivollzugsbeamtinnen/Polizeivollzugsbeamte der Bundespolizei in AHB-Einrichtungen der Deutschen Rentenversicherung vom 1. Januar 2007 in ihrer jeweils geltenden im Bundesanzeiger veröffentlichten Fassung ist entsprechend anzuwenden.</P><P>(4) Die Kosten für Familien- oder Angehörigenseminare in therapeutischen Einrichtungen werden übernommen, soweit diese Kosten nicht bereits mit dem allgemeinen Pflegesatz abgegolten sind. Fahrkosten für die Angehörigen werden bis zur Höhe der Kosten für Fahrten in der niedrigsten Beförderungsklasse regelmäßig verkehrender Beförderungsmittel übernommen.</P><P>(5) In den letzten zwölf Monaten vor Beendigung der Dienstzeit wegen Erreichen der Altersgrenze für den Eintritt in den Ruhestand werden Leistungen zur medizinischen Rehabilitation, die der Erhaltung der Dienstfähigkeit dienen, nicht gewährt.</P><P>(6) Leistungen zur Rehabilitation sind vor Beginn der Maßnahme bei dem für Heilfürsorgeangelegenheiten zuständigen Referat des Bundespolizeipräsidiums schriftlich zu beantragen.</P></Content></text><fussnoten/></textdaten></norm>
<norm builddate="20250314223502" doknr="BJNR058600014BJNE001700000"><metadaten><jurabk>BPolHfV</jurabk><enbez>§ 15</enbez><titel format="XML">Fahrkosten</titel></metadaten><textdaten><text format="XML"><Content><P>(1) Fahrkosten für Krankenbeförderungen werden entsprechend den Krankentransport-Richtlinien des Gemeinsamen Bundesausschusses in der jüngsten auf der Internetseite des Gemeinsamen Bundesausschusses (www.g-ba.de) veröffentlichten Fassung übernommen. Dies gilt auch für Krankentransporte mit Fahrzeugen der Bundespolizei. Über die Erteilung der Genehmigung nach § 9 der Krankentransport-Richtlinien entscheidet <DL Type="arabic"><DT>1.</DT><DD Font="normal"><LA>bei Heilfürsorgeberechtigten, die eine allgemeine Heilfürsorgekarte besitzen, das für Heilfürsorgeangelegenheiten zuständige Referat des Bundespolizeipräsidiums,</LA></DD><DT>2.</DT><DD Font="normal"><LA>bei Heilfürsorgeberechtigten, die keine allgemeine Heilfürsorgekarte besitzen, die zuständige Ärztin der Bundespolizei oder der zuständige Arzt der Bundespolizei.</LA></DD></DL></P><P>(2) Übernommen werden die durch Landes- oder Kommunalrecht oder in den Verträgen der Mitglieder des Verbandes der Ersatzkassen e. V. mit den Trägern der Rettungs- und Krankentransportdienste festgelegten Entgelte.</P></Content></text></textdaten></norm>
<norm builddate="20250314223502" doknr="BJNR058600014BJNE001800000"><metadaten><jurabk>BPolHfV</jurabk><enbez>§ 16</enbez><titel format="XML">Leistungen bei Pflegebedürftigkeit</titel></metadaten><textdaten><text format="XML"><Content><P>(1) Heilfürsorgeberechtigte erhalten die im Elften Buch Sozialgesetzbuch genannten Leistungen zur Hälfte.</P><P>(2) Die Leistungen sind bei dem für Heilfürsorgeangelegenheiten zuständigen Referat des Bundespolizeipräsidiums schriftlich zu beantragen. Dem Antrag sind die Bescheide der Pflegekasse oder des privaten Versicherungsunternehmens über die festgestellte Pflegestufe sowie den Umfang und die Höhe der Leistungen der Pflegeversicherung beizufügen.</P></Content></text></textdaten></norm>
<norm builddate="20250314223502" doknr="BJNR058600014BJNE001900000"><metadaten><jurabk>BPolHfV</jurabk><enbez>§ 17</enbez><titel format="XML">Behandlung während eines dienstlichen Aufenthaltes im Ausland</titel></metadaten><textdaten><text format="XML"><Content><P>(1) Bei Erkrankungen während eines dienstlichen Aufenthaltes im Ausland werden die notwendigen und wirtschaftlich angemessenen krankheitsbedingten Aufwendungen übernommen. Sofern nicht zwingende Gründe entgegenstehen, dürfen nur Leistungserbringer in Anspruch genommen werden, die ortsübliche Vergütungen berechnen.</P><P>(2) Heilfürsorgeberechtigte haben die Kostenerstattung bei dem für Heilfürsorgeangelegenheiten zuständigen Referat des Bundespolizeipräsidiums schriftlich zu beantragen; eine Bankverbindung ist anzugeben. Dem Antrag sind beizufügen: <DL Type="arabic"><DT>1.</DT><DD Font="normal"><LA>Originalbelege (Rechnung mit Diagnose, Verordnung),</LA></DD><DT>2.</DT><DD Font="normal"><LA>gegebenenfalls Kopien der Arztberichte mit deutscher Übersetzung und</LA></DD><DT>3.</DT><DD Font="normal"><LA>gegebenenfalls ein Nachweis des Umrechnungskurses der ausländischen Währung am Tag der Zahlung.</LA></DD></DL>Die Kosten für Übersetzungen nach Satz 2 Nummer 2 werden übernommen.</P></Content></text></textdaten></norm>
<norm builddate="20250314223502" doknr="BJNR058600014BJNE002000000"><metadaten><jurabk>BPolHfV</jurabk><enbez>§ 18</enbez><titel format="XML">Behandlung während eines privaten Aufenthaltes in einem anderen Mitgliedstaat der Europäischen Union, in einem anderen Vertragsstaat des Abkommens über den Europäischen Wirtschaftsraum oder in der Schweiz</titel></metadaten><textdaten><text format="XML"><Content><P>(1) Während eines privaten Aufenthaltes in einem anderen Mitgliedstaat der Europäischen Union, in einem anderen Vertragsstaat des Abkommens über den Europäischen Wirtschaftsraum oder in der Schweiz dürfen nur solche Leistungserbringer in Anspruch genommen werden, <DL Type="arabic"><DT>1.</DT><DD Font="normal"><LA>bei denen die Bedingungen des Zuganges und der Ausübung des Berufes Gegenstand einer Richtlinie der Europäischen Union sind oder</LA></DD><DT>2.</DT><DD Font="normal"><LA>die im System der Krankenversicherung des Aufenthaltsstaates zur Versorgung der Versicherten berechtigt sind.</LA></DD></DL></P><P>(2) Die Kosten einer Behandlung werden bis zu der Höhe übernommen, in der sie bei einer Erkrankung am Dienst- oder Wohnort im Inland und der Inanspruchnahme einer an der vertragsärztlichen Versorgung teilnehmenden Ärztin oder eines an der vertragsärztlichen Versorgung teilnehmenden Arztes oder eines zugelassenen Krankenhauses unter Berücksichtigung der für die Bundespolizei geltenden Abrechnungsmodalitäten entstanden wären.</P><P>(3) Eine stationäre Behandlung bedarf der vorherigen Genehmigung durch das für Heilfürsorgeangelegenheiten zuständige Referat des Bundespolizeipräsidiums. Die Genehmigung soll nur erteilt werden, wenn eine dem anerkannten Stand der medizinischen Erkenntnisse entsprechende Behandlung im Inland nicht möglich ist.</P><P>(4) § 17 Absatz 2 gilt mit der Maßgabe entsprechend, dass Übersetzungskosten nicht übernommen werden.</P></Content></text></textdaten></norm>
<norm builddate="20250314223502" doknr="BJNR058600014BJNE002101116"><metadaten><jurabk>BPolHfV</jurabk><enbez>§ 19</enbez><titel format="XML">Behandlung während eines privaten Aufenthaltes außerhalb der Mitgliedstaaten der Europäischen Union, der anderen Vertragsstaaten des Abkommens über den Europäischen Wirtschaftsraum und der Schweiz</titel></metadaten><textdaten><text format="XML"><Content><P>(1) Die Kosten einer während eines privaten Aufenthaltes außerhalb der Mitgliedstaaten der Europäischen Union, der anderen Vertragsstaaten des Abkommens über den Europäischen Wirtschaftsraum und der Schweiz unverzüglich erforderlichen Behandlung werden bis zu der Höhe übernommen, in der sie bei einer Erkrankung am Dienst- oder Wohnort im Inland und der Inanspruchnahme einer an der vertragsärztlichen Versorgung teilnehmenden Ärztin oder eines an der vertragsärztlichen Versorgung teilnehmenden Arztes oder eines zugelassenen Krankenhauses unter Berücksichtigung der für die Bundespolizei geltenden Abrechnungsmodalitäten entstanden wären.</P><P>(2) Eine stationäre Behandlung bedarf der vorherigen Zustimmung des Bundesministeriums des Innern, für Bau und Heimat. § 18 Absatz 3 Satz 2 gilt entsprechend.</P><P>(3) § 17 Absatz 2 gilt mit der Maßgabe entsprechend, dass Übersetzungskosten nicht übernommen werden.</P></Content></text><fussnoten/></textdaten></norm>
<norm builddate="20250314223502" doknr="BJNR058600014BJNG000300000"><metadaten><jurabk>BPolHfV</jurabk><gliederungseinheit><gliederungskennzahl>030</gliederungskennzahl><gliederungsbez>Kapitel 3</gliederungsbez><gliederungstitel>Schlussbestimmungen</gliederungstitel></gliederungseinheit></metadaten><textdaten/></norm>
<norm builddate="20250314223502" doknr="BJNR058600014BJNE002201116"><metadaten><jurabk>BPolHfV</jurabk><enbez>§ 20</enbez><titel format="XML">Verwaltungsvorschrift</titel></metadaten><textdaten><text format="XML"><Content><P>Das Bundesministerium des Innern, für Bau und Heimat erlässt eine Verwaltungsvorschrift zur Durchführung dieser Verordnung.</P></Content></text><fussnoten/></textdaten></norm>
<norm builddate="20250314223502" doknr="BJNR058600014BJNE002300000"><metadaten><jurabk>BPolHfV</jurabk><enbez>§ 21</enbez><titel format="XML">Inkrafttreten, Außerkrafttreten</titel></metadaten><textdaten><text format="XML"><Content><P>(1) Diese Verordnung tritt am 1. Juli 2014 in Kraft.</P><P>(2) Gleichzeitig treten die Heilfürsorgevorschriften für die Bundespolizei vom 6. November 2005 (GMBl S. 1228) außer Kraft.</P></Content></text></textdaten></norm>
</dokumente>